Date,HomeTeam,AwayTeam,FTHG,FTAG,FTR,HS,AS,HST,AST,PSH,PSD,PSA,PSCH,PSCD,PSCA,AvgH,AvgD,AvgA,AvgCH,AvgCD,AvgCA,BbAvH,BbAvD,BbAvA,B365H,B365D,B365A,MaxH,MaxD,MaxA,MaxCH,MaxCD,MaxCA,BbMxH,BbMxD,BbMxA,P>2.5,P<2.5,PC>2.5,PC<2.5,Avg>2.5,Avg<2.5,AvgC>2.5,AvgC<2.5,BbAv>2.5,BbAv<2.5
11/09/2020,Watford,Middlesbrough,1,0,H,10,11,2,4,1.99,3.46,4.12,2.04,3.39,4.01,1.98,3.34,3.96,2.02,3.32,3.89,,,,2,3.3,4,2.05,3.52,4.2,2.08,3.54,4.19,,,,2.27,1.68,2.29,1.67,2.21,1.66,2.24,1.65,,
12/09/2020,Birmingham,Brentford,1,0,H,11,16,3,4,4.7,3.58,1.84,4.49,3.41,1.93,4.46,3.54,1.82,4.2,3.35,1.93,,,,4.5,3.6,1.8,4.75,3.78,1.91,4.49,3.5,2,,,,1.98,1.88,2.26,1.69,1.98,1.83,2.19,1.67,,
12/09/2020,Wycombe,Rotherham,0,1,A,10,12,4,2,2.84,3.33,2.58,3.36,3.44,2.25,2.76,3.31,2.53,3.26,3.35,2.24,,,,2.8,3.4,2.5,2.85,3.48,2.65,3.4,3.52,2.33,,,,1.98,1.87,1.95,1.92,1.94,1.86,1.95,1.86,,
12/09/2020,Barnsley,Luton,0,1,A,10,3,1,1,2.08,3.47,3.78,1.81,3.71,4.78,2.06,3.41,3.59,1.8,3.62,4.51,,,,2.1,3.4,3.6,2.1,3.62,3.78,1.87,3.75,4.92,,,,1.97,1.88,2.02,1.87,1.94,1.86,1.98,1.83,,
12/09/2020,Bournemouth,Blackburn,3,2,H,12,15,5,2,2.06,3.49,3.81,2.07,3.57,3.76,2.02,3.43,3.72,2.02,3.48,3.7,,,,1.95,3.5,3.9,2.16,3.6,4,2.12,3.69,4,,,,1.97,1.88,1.94,1.94,1.98,1.82,1.92,1.89,,
12/09/2020,Bristol City,Coventry,2,1,H,11,16,6,4,2.19,3.38,3.49,2.27,3.38,3.43,2.16,3.33,3.41,2.29,3.26,3.23,,,,2.2,3.3,3.4,2.25,3.5,3.55,2.38,3.45,3.43,,,,2.05,1.8,2.05,1.85,2.03,1.79,2.03,1.79,,
12/09/2020,Cardiff,Sheffield Weds,0,2,A,7,8,2,4,2.15,3.29,3.79,2.4,3.21,3.34,2.11,3.27,3.62,2.36,3.12,3.23,,,,2.05,3.4,3.75,2.21,3.4,3.79,2.44,3.22,3.35,,,,2.18,1.72,2.29,1.68,2.14,1.71,2.26,1.64,,
12/09/2020,Derby,Reading,0,2,A,9,8,2,3,2.06,3.51,3.79,2.61,3.26,2.96,2.04,3.44,3.62,2.54,3.24,2.83,,,,2.05,3.5,3.6,2.12,3.64,3.79,2.66,3.44,2.99,,,,1.95,1.9,2.08,1.83,1.94,1.87,2.01,1.81,,
12/09/2020,Huddersfield,Norwich,0,1,A,7,16,1,5,3.56,3.44,2.16,3.44,3.41,2.25,3.41,3.34,2.15,3.38,3.32,2.19,,,,3.3,3.5,2.15,3.56,3.5,2.22,3.75,3.45,2.28,,,,2.04,1.83,2.14,1.76,2.04,1.78,2.11,1.73,,
12/09/2020,Millwall,Stoke,0,0,D,9,13,1,4,2.67,3.11,2.97,2.62,3.04,3.15,2.58,3.07,2.89,2.59,3,2.99,,,,2.5,3.2,2.9,2.78,3.24,3,2.7,3.18,3.21,,,,2.39,1.61,2.58,1.55,2.36,1.58,2.49,1.53,,
12/09/2020,Preston,Swansea,0,1,A,11,6,4,1,2.38,3.22,3.24,2.4,3.26,3.28,2.32,3.19,3.19,2.34,3.2,3.19,,,,2.3,3.25,3.25,2.39,3.32,3.32,2.47,3.36,3.36,,,,2.24,1.68,2.2,1.72,2.22,1.66,2.15,1.7,,
12/09/2020,QPR,Nott'm Forest,2,0,H,9,6,3,0,3.12,3.28,2.45,2.86,3.18,2.75,3.02,3.22,2.4,2.76,3.15,2.67,,,,3,3.3,2.4,3.15,3.38,2.53,2.86,3.42,2.81,,,,2.18,1.72,2.09,1.82,2.13,1.71,2.04,1.78,,
18/09/2020,Coventry,QPR,3,2,H,12,7,5,4,2.49,3.33,3.08,2.37,3.33,3.27,2.43,3.26,3,2.34,3.27,3.14,,,,2.4,3.25,3.1,2.56,3.44,3.1,2.43,3.45,3.34,,,,2.07,1.83,2.09,1.8,2.04,1.78,2.05,1.78,,
19/09/2020,Nott'm Forest,Cardiff,0,2,A,13,9,3,4,2.61,3.22,2.88,2.6,3.16,3.06,2.55,3.17,2.86,2.55,3.13,2.95,,,,2.55,3.2,2.9,2.68,3.27,3.04,2.68,3.27,3.1,,,,2.38,1.61,2.51,1.54,2.32,1.62,2.33,1.6,,
19/09/2020,Blackburn,Wycombe,5,0,H,23,9,16,1,1.6,3.82,6.41,1.6,4.1,6.24,1.59,3.87,5.9,1.6,3.96,5.77,,,,1.57,3.8,6.5,1.65,4.11,6.5,1.63,4.2,6.25,,,,2.01,1.85,1.92,1.97,1.96,1.86,1.89,1.92,,
19/09/2020,Brentford,Huddersfield,3,0,H,23,10,6,4,1.57,3.84,6.91,1.52,4.23,7.3,1.56,3.9,6.25,1.51,4.1,6.79,,,,1.53,4,7,1.61,4.11,7,1.57,4.33,7.3,,,,2.03,1.83,1.99,1.89,2,1.82,1.96,1.86,,
19/09/2020,Luton,Derby,2,1,H,9,14,3,3,2.78,3.14,2.76,2.88,3.18,2.74,2.73,3.16,2.67,2.75,3.11,2.73,,,,2.7,3.25,2.65,2.81,3.35,2.79,2.89,3.27,2.86,,,,2.05,1.82,2.29,1.68,2,1.82,2.22,1.66,,
19/09/2020,Middlesbrough,Bournemouth,1,1,D,18,9,7,4,2.88,3.24,2.6,3.15,3.17,2.53,2.85,3.19,2.54,3.05,3.18,2.44,,,,2.9,3.25,2.5,3,3.32,2.6,3.19,3.38,2.55,,,,2.24,1.68,2.17,1.75,2.2,1.67,2.14,1.71,,
19/09/2020,Norwich,Preston,2,2,D,14,16,6,6,1.85,3.64,4.48,2.16,3.38,3.71,1.82,3.55,4.41,2.09,3.31,3.68,,,,1.8,3.6,4.5,1.89,3.68,4.75,2.17,3.5,4.1,,,,2.04,1.83,2.09,1.81,1.99,1.83,2.03,1.79,,
19/09/2020,Reading,Barnsley,2,0,H,6,9,5,2,2.46,3.13,3.19,2.49,3.33,3.07,2.41,3.22,3.03,2.4,3.26,3.05,,,,2.4,3.3,3,2.52,3.43,3.2,2.52,3.43,3.2,,,,2.12,1.76,2.15,1.76,2.05,1.78,2.07,1.76,,
19/09/2020,Rotherham,Millwall,0,1,A,14,8,1,2,2.92,3.08,2.68,3.19,3.12,2.54,2.83,3.07,2.64,3.07,3.08,2.5,,,,2.8,3.1,2.7,3,3.24,2.7,3.27,3.24,2.61,,,,2.39,1.6,2.39,1.63,2.37,1.59,2.31,1.62,,
19/09/2020,Sheffield Weds,Watford,0,0,D,8,6,1,3,2.86,3.17,2.67,2.55,3.11,3.19,2.83,3.14,2.6,2.49,3.11,3.05,,,,2.87,3.25,2.55,2.95,3.35,2.73,2.62,3.26,3.29,,,,2.36,1.61,2.3,1.67,2.32,1.61,2.29,1.63,,
19/09/2020,Swansea,Birmingham,0,0,D,8,10,5,3,2.07,3.12,4.23,2.28,3.2,3.61,2.06,3.17,3.93,2.21,3.14,3.57,,,,2.05,3.2,3.9,2.15,3.4,4.42,2.29,3.29,3.9,,,,2.32,1.64,2.36,1.64,2.32,1.61,2.31,1.61,,
20/09/2020,Stoke,Bristol City,0,2,A,8,10,0,4,1.97,3.41,4.22,1.95,3.51,4.3,1.98,3.35,3.9,1.92,3.46,4.11,,,,2,3.5,3.8,2.06,3.55,4.25,2,3.6,4.31,,,,2.13,1.75,2.15,1.76,2.13,1.72,2.12,1.73,,
25/09/2020,Huddersfield,Nott'm Forest,1,0,H,15,14,7,4,3.2,3.14,2.52,2.99,3.14,2.67,3.05,3.12,2.48,2.92,3.09,2.57,,,,3,3.2,2.45,3.23,3.25,2.6,3.19,3.2,2.71,,,,2.38,1.63,2.41,1.61,2.33,1.61,2.33,1.6,,
26/09/2020,Watford,Luton,1,0,H,14,4,5,0,1.71,3.67,5.7,1.85,3.56,4.82,1.71,3.61,5.23,1.82,3.43,4.69,,,,1.7,3.75,5.25,1.75,3.79,5.7,1.89,3.68,5.15,,,,2.09,1.79,2.34,1.65,2.04,1.78,2.28,1.63,,
26/09/2020,Wycombe,Swansea,0,2,A,8,17,2,6,5.15,3.73,1.76,4.73,3.65,1.84,4.79,3.59,1.76,4.57,3.57,1.8,,,,4.75,3.7,1.75,5.42,3.75,1.85,4.75,3.76,1.86,,,,2.23,1.7,2.2,1.72,2.18,1.68,2.17,1.68,,
26/09/2020,Barnsley,Coventry,0,0,D,13,10,2,0,2.26,3.3,3.54,2.48,3.27,3.14,2.22,3.3,3.33,2.39,3.26,3.05,,,,2.2,3.3,3.4,2.34,3.52,3.54,2.53,3.42,3.3,,,,2.11,1.78,2.12,1.78,2.05,1.78,2.06,1.77,,
26/09/2020,Birmingham,Rotherham,1,1,D,13,9,5,3,2.18,3.34,3.7,2.15,3.33,3.8,2.17,3.25,3.5,2.14,3.22,3.65,,,,2.2,3.3,3.4,2.25,3.4,3.75,2.21,3.35,3.82,,,,2.37,1.62,2.41,1.61,2.29,1.62,2.32,1.6,,
26/09/2020,Cardiff,Reading,1,2,A,12,6,5,5,2.17,3.38,3.67,2.29,3.29,3.48,2.12,3.36,3.5,2.27,3.22,3.3,,,,2.1,3.4,3.5,2.21,3.5,3.67,2.35,3.36,3.48,,,,2.13,1.76,2.24,1.7,2.07,1.76,2.17,1.69,,
26/09/2020,Derby,Blackburn,0,4,A,15,23,5,10,2.87,3.31,2.66,3.19,3.34,2.41,2.75,3.26,2.6,3.01,3.27,2.41,,,,2.75,3.25,2.62,2.87,3.42,2.73,3.19,3.46,2.64,,,,2.07,1.81,2.02,1.87,2.03,1.79,2,1.81,,
26/09/2020,Millwall,Brentford,1,1,D,9,8,3,1,3.9,3.37,2.1,4.31,3.53,1.94,3.69,3.28,2.08,4.13,3.39,1.93,,,,3.5,3.3,2.15,3.98,3.4,2.21,4.33,3.58,1.99,,,,2.31,1.65,2.31,1.67,2.29,1.62,2.25,1.64,,
26/09/2020,Preston,Stoke,0,1,A,14,15,4,4,2.49,3.15,3.24,2.7,3.18,2.92,2.45,3.12,3.07,2.55,3.14,2.92,,,,2.45,3.2,3,2.6,3.25,3.24,2.73,3.29,3.24,,,,2.37,1.62,2.4,1.62,2.32,1.6,2.33,1.6,,
26/09/2020,QPR,Middlesbrough,1,1,D,14,7,7,2,2.77,3.28,2.77,3.08,3.15,2.59,2.67,3.21,2.71,2.91,3.16,2.54,,,,2.62,3.25,2.75,2.79,3.34,2.79,3.11,3.38,2.67,,,,2.21,1.71,2.16,1.75,2.15,1.7,2.1,1.73,,
27/09/2020,Bristol City,Sheffield Weds,2,0,H,16,7,3,2,2.79,3.29,2.74,2.97,3.13,2.7,2.67,3.2,2.72,2.83,3.13,2.63,,,,2.55,3.25,2.87,2.79,3.32,2.88,3.01,3.32,2.75,,,,2.25,1.68,2.25,1.7,2.2,1.67,2.2,1.68,,
27/09/2020,Bournemouth,Norwich,1,0,H,13,14,5,5,2.59,3.4,2.89,2.38,3.39,3.19,2.48,3.32,2.84,2.33,3.33,3.07,,,,2.4,3.4,2.9,2.59,3.44,3,2.42,3.46,3.22,,,,1.93,1.94,2.01,1.88,1.91,1.88,1.98,1.83,,
02/10/2020,Coventry,Bournemouth,1,3,A,5,19,2,10,3.7,3.44,2.14,3.34,3.34,2.33,3.6,3.32,2.11,3.17,3.24,2.34,,,,3.7,3.3,2.1,3.75,3.44,2.18,3.6,3.39,2.48,,,,2.1,1.79,2.2,1.72,2.05,1.77,2.16,1.69,,
03/10/2020,Norwich,Derby,0,1,A,13,9,5,3,1.71,4.01,5.09,1.74,3.91,4.99,1.68,3.95,4.84,1.7,3.87,4.83,,,,1.65,4,5,1.76,4.2,5.25,1.77,4.26,5.25,,,,1.79,2.08,1.83,2.05,1.75,2.08,1.79,2.02,,
03/10/2020,Blackburn,Cardiff,0,0,D,16,16,6,5,2.22,3.39,3.54,2.17,3.49,3.56,2.19,3.3,3.38,2.16,3.34,3.44,,,,2.2,3.25,3.5,2.25,3.5,3.6,2.22,3.5,3.6,,,,2.04,1.84,2,1.88,2.01,1.8,1.99,1.82,,
03/10/2020,Luton,Wycombe,2,0,H,16,5,7,1,1.78,3.74,4.96,1.88,3.58,4.56,1.75,3.64,4.78,1.86,3.46,4.42,,,,1.72,3.6,5,1.82,3.8,5.2,1.94,3.64,4.8,,,,2.01,1.86,2.1,1.79,2,1.81,2.06,1.76,,
03/10/2020,Middlesbrough,Barnsley,2,1,H,13,13,6,1,2.33,3.37,3.32,2.5,3.32,3.05,2.26,3.29,3.25,2.39,3.27,3.04,,,,2.2,3.4,3.3,2.38,3.44,3.4,2.55,3.4,3.3,,,,2.12,1.76,2.19,1.73,2.1,1.73,2.12,1.72,,
03/10/2020,Nott'm Forest,Bristol City,1,2,A,21,7,6,5,2.73,3.28,2.81,2.74,3.19,2.87,2.65,3.21,2.74,2.65,3.17,2.78,,,,2.62,3.3,2.7,2.8,3.32,2.88,2.83,3.3,2.88,,,,2.27,1.67,2.29,1.68,2.23,1.65,2.23,1.65,,
03/10/2020,Reading,Watford,1,0,H,9,11,4,2,3.4,3.22,2.36,3.61,3.2,2.28,3.3,3.18,2.28,3.44,3.14,2.25,,,,3.4,3.2,2.25,3.45,3.36,2.4,3.69,3.32,2.36,,,,2.23,1.69,2.39,1.63,2.17,1.69,2.33,1.6,,
03/10/2020,Rotherham,Huddersfield,1,1,D,5,11,2,1,2.43,3.14,3.36,2.39,3.33,3.24,2.39,3.07,3.22,2.35,3.23,3.14,,,,2.37,3.1,3.25,2.5,3.2,3.4,2.45,3.35,3.31,,,,2.33,1.64,2.17,1.74,2.3,1.62,2.14,1.71,,
03/10/2020,Sheffield Weds,QPR,1,1,D,11,9,2,2,2.12,3.26,4,2.03,3.43,4.06,2.05,3.3,3.78,2.01,3.39,3.84,,,,2,3.5,3.8,2.17,3.5,4,2.07,3.5,4.14,,,,2.1,1.78,2.01,1.88,2.03,1.79,1.96,1.84,,
03/10/2020,Swansea,Millwall,2,1,H,14,12,4,5,2.41,3.18,3.35,2.42,3.15,3.37,2.35,3.13,3.22,2.35,3.11,3.25,,,,2.37,3.1,3.25,2.46,3.24,3.4,2.47,3.25,3.47,,,,2.4,1.61,2.45,1.6,2.36,1.59,2.39,1.57,,
04/10/2020,Brentford,Preston,2,4,A,13,12,4,7,1.71,3.94,5.14,1.78,3.72,5.04,1.7,3.79,4.89,1.74,3.69,4.84,,,,1.7,3.8,5,1.76,4,5.15,1.78,3.88,5.1,,,,2.04,1.84,2.01,1.88,1.94,1.85,1.94,1.86,,
04/10/2020,Stoke,Birmingham,1,1,D,11,4,1,1,2.3,3.17,3.59,2.47,3.02,3.43,2.25,3.12,3.43,2.37,3.03,3.34,,,,2.25,3.1,3.5,2.31,3.25,3.59,2.48,3.2,3.52,,,,2.55,1.55,2.71,1.5,2.43,1.55,2.58,1.49,,
16/10/2020,Derby,Watford,0,1,A,9,8,1,1,3.85,3.26,2.17,3.69,3.14,2.28,3.69,3.16,2.16,3.54,3.08,2.25,,,,3.4,3.25,2.2,3.86,3.36,2.26,3.69,3.28,2.33,,,,2.39,1.63,2.54,1.56,2.36,1.59,2.45,1.54,,
17/10/2020,Barnsley,Bristol City,2,2,D,17,13,5,9,2.82,3.28,2.71,2.68,3.25,2.89,2.73,3.28,2.62,2.56,3.23,2.83,,,,2.8,3.4,2.5,2.85,3.48,2.71,2.71,3.44,2.94,,,,2.02,1.87,2.07,1.83,1.98,1.83,2.02,1.79,,
17/10/2020,Birmingham,Sheffield Weds,0,1,A,10,14,2,3,2.77,3.17,2.85,2.75,2.98,3.04,2.67,3.12,2.8,2.65,3.03,2.9,,,,2.62,3.1,2.87,2.81,3.32,2.9,2.8,3.22,3.04,,,,2.34,1.65,2.47,1.59,2.27,1.63,2.35,1.58,,
17/10/2020,Blackburn,Nott'm Forest,0,1,A,6,16,2,4,1.96,3.71,4.01,2.14,3.44,3.69,1.96,3.54,3.82,2.1,3.41,3.53,,,,1.95,3.4,4,2.05,3.75,4.01,2.2,3.62,3.8,,,,2.03,1.86,1.93,1.95,2.04,1.78,1.91,1.88,,
17/10/2020,Bournemouth,QPR,0,0,D,8,6,0,2,1.77,3.78,4.97,1.65,4.16,5.49,1.74,3.74,4.77,1.63,3.97,5.32,,,,1.7,3.8,5,1.83,3.92,5.21,1.69,4.2,5.75,,,,1.88,2.02,1.78,2.12,1.86,1.94,1.78,2.04,,
17/10/2020,Brentford,Coventry,2,0,H,17,10,6,5,1.58,4.17,6.21,1.49,4.64,6.86,1.59,4.07,5.65,1.48,4.45,6.58,,,,1.6,4,5.75,1.67,4.21,6.21,1.56,4.75,7.5,,,,1.94,1.94,1.89,2,1.86,1.95,1.84,1.96,,
17/10/2020,Luton,Stoke,0,2,A,18,8,7,3,3.3,3.33,2.36,3.78,3.37,2.14,3.13,3.23,2.37,3.64,3.29,2.11,,,,3.1,3.2,2.4,3.3,3.36,2.5,3.85,3.42,2.21,,,,2.3,1.67,2.31,1.66,2.23,1.66,2.23,1.65,,
17/10/2020,Middlesbrough,Reading,0,0,D,8,10,0,1,2.22,3.21,3.75,2.63,3.14,3.04,2.18,3.22,3.51,2.48,3.14,3.03,,,,2.15,3.3,3.5,2.27,3.42,3.75,2.68,3.34,3.33,,,,2.22,1.71,2.23,1.71,2.17,1.68,2.18,1.68,,
17/10/2020,Rotherham,Norwich,1,2,A,14,21,3,7,3.87,3.6,2.03,4.01,3.67,1.97,3.66,3.49,2.02,3.93,3.54,1.93,,,,3.6,3.5,2.05,3.87,3.6,2.08,4.1,3.7,1.98,,,,2.06,1.84,2.08,1.83,1.99,1.82,2.01,1.79,,
17/10/2020,Swansea,Huddersfield,1,2,A,17,10,6,3,1.99,3.39,4.3,2.03,3.4,4.14,1.96,3.36,4.08,1.98,3.35,4,,,,1.95,3.5,4,2.02,3.56,4.45,2.05,3.56,4.3,,,,2.13,1.77,2.15,1.76,2.11,1.72,2.1,1.73,,
17/10/2020,Wycombe,Millwall,1,2,A,9,18,3,6,5.35,3.6,1.77,5.68,3.7,1.71,4.91,3.54,1.76,5.29,3.59,1.71,,,,5,3.5,1.75,5.35,3.72,1.84,5.68,3.79,1.78,,,,2.17,1.74,2.18,1.74,2.1,1.73,2.14,1.7,,
18/10/2020,Preston,Cardiff,0,1,A,7,10,4,3,2.27,3.36,3.45,2.28,3.41,3.38,2.23,3.3,3.3,2.23,3.29,3.31,,,,2.25,3.3,3.3,2.34,3.41,3.54,2.31,3.41,3.5,,,,2.21,1.72,2.2,1.72,2.13,1.71,2.15,1.69,,
20/10/2020,Bristol City,Middlesbrough,0,1,A,7,9,0,1,2.43,3.3,3.19,2.45,3.25,3.21,2.38,3.22,3.11,2.38,3.22,3.11,,,,2.3,3.25,3.25,2.47,3.33,3.25,2.5,3.33,3.25,,,,2.15,1.76,2.16,1.75,2.12,1.72,2.11,1.73,,
20/10/2020,Coventry,Swansea,1,1,D,9,6,3,3,3.62,3.46,2.16,3.55,3.45,2.19,3.41,3.36,2.17,3.54,3.38,2.11,,,,3.3,3.4,2.2,3.69,3.5,2.25,3.75,3.5,2.21,,,,2.15,1.76,2.08,1.81,2.1,1.73,2.07,1.75,,
20/10/2020,Huddersfield,Derby,1,0,H,18,12,3,2,2.47,3.12,3.32,2.47,3.16,3.26,2.42,3.1,3.16,2.43,3.11,3.14,,,,2.4,3.2,3.1,2.52,3.25,3.34,2.52,3.26,3.34,,,,2.46,1.6,2.4,1.62,2.38,1.58,2.35,1.59,,
20/10/2020,Millwall,Luton,2,0,H,21,10,6,1,2.1,3.3,4,1.95,3.33,4.6,2.07,3.22,3.88,1.96,3.27,4.22,,,,2.05,3.25,3.9,2.15,3.31,4.06,2.25,3.39,4.6,,,,2.43,1.61,2.38,1.63,2.36,1.59,2.33,1.6,,
20/10/2020,Norwich,Birmingham,1,0,H,23,6,4,2,1.73,3.71,5.45,1.78,3.62,5.22,1.71,3.64,5.21,1.75,3.57,4.99,,,,1.66,3.75,5.5,1.76,3.75,5.5,1.83,3.7,5.33,,,,2.19,1.73,2.14,1.76,2.16,1.69,2.11,1.73,,
20/10/2020,Nott'm Forest,Rotherham,1,1,D,20,7,4,2,1.88,3.64,4.5,1.81,3.64,4.92,1.86,3.54,4.32,1.79,3.58,4.64,,,,1.83,3.5,4.5,1.94,3.75,4.6,1.94,3.75,4.92,,,,2.25,1.69,2.19,1.73,2.16,1.7,2.13,1.72,,
20/10/2020,Reading,Wycombe,1,0,H,4,10,1,3,1.49,4.48,7.37,1.48,4.32,7.94,1.48,4.31,6.95,1.46,4.34,7.27,,,,1.45,4.4,7.5,1.53,4.5,7.5,1.5,4.55,7.94,,,,1.98,1.9,1.96,1.93,1.94,1.86,1.91,1.9,,
21/10/2020,Cardiff,Bournemouth,1,1,D,13,17,3,6,3.25,3.26,2.42,3.19,3.4,2.38,3.14,3.2,2.37,3.11,3.26,2.35,,,,3.2,3.25,2.3,3.25,3.28,2.48,3.3,3.4,2.42,,,,2.23,1.7,2.19,1.73,2.15,1.7,2.14,1.7,,
21/10/2020,QPR,Preston,0,2,A,6,8,0,3,2.72,3.27,2.83,3,3.11,2.68,2.61,3.24,2.77,2.87,3.13,2.59,,,,2.5,3.3,2.87,2.76,3.4,2.9,3.04,3.38,2.71,,,,2.14,1.76,2.15,1.76,2.07,1.75,2.09,1.74,,
21/10/2020,Sheffield Weds,Brentford,1,2,A,6,14,3,5,3.65,3.43,2.16,3.48,3.36,2.26,3.45,3.37,2.14,3.36,3.29,2.21,,,,3.4,3.4,2.15,3.65,3.52,2.21,3.55,3.41,2.29,,,,2.12,1.78,2.21,1.72,2.05,1.77,2.15,1.7,,
21/10/2020,Stoke,Barnsley,2,2,D,8,13,3,7,2.02,3.37,4.2,1.81,3.57,5.11,2,3.32,3.96,1.81,3.47,4.74,,,,2,3.3,4,2.08,3.48,4.21,1.91,3.69,5.11,,,,2.27,1.68,2.23,1.71,2.21,1.67,2.19,1.67,,
21/10/2020,Watford,Blackburn,3,1,H,10,19,4,7,2.13,3.44,3.72,2.08,3.5,3.83,2.09,3.36,3.6,2.07,3.37,3.68,,,,2.1,3.4,3.6,2.16,3.5,3.85,2.15,3.5,3.98,,,,2.23,1.71,2.18,1.74,2.15,1.7,2.13,1.71,,
23/10/2020,Nott'm Forest,Derby,1,1,D,12,12,5,4,2.04,3.36,4.15,2.1,3.3,3.99,2.01,3.27,4.03,2.04,3.24,3.97,,,,1.9,3.3,4.33,2.08,3.42,4.33,2.13,3.37,4.29,,,,2.35,1.64,2.4,1.62,2.31,1.62,2.35,1.59,,
24/10/2020,Watford,Bournemouth,1,1,D,9,14,5,5,2.41,3.26,3.26,2.82,2.99,2.96,2.34,3.22,3.17,2.69,2.99,2.88,,,,2.25,3.25,3.3,2.47,3.32,3.35,2.83,3.26,3.09,,,,2.28,1.68,2.38,1.63,2.21,1.67,2.27,1.63,,
24/10/2020,Bristol City,Swansea,1,1,D,9,10,4,2,2.76,3.33,2.75,2.75,3.17,2.87,2.63,3.26,2.72,2.69,3.19,2.72,,,,2.6,3.3,2.75,2.76,3.37,2.8,2.86,3.38,2.9,,,,2.21,1.72,2.13,1.77,2.14,1.71,2.06,1.76,,
24/10/2020,Cardiff,Middlesbrough,1,1,D,17,10,3,1,2.42,3.3,3.21,2.38,3.19,3.39,2.38,3.2,3.11,2.34,3.15,3.25,,,,2.37,3.2,3.1,2.48,3.3,3.26,2.5,3.28,3.43,,,,2.39,1.63,2.47,1.59,2.32,1.61,2.4,1.56,,
24/10/2020,Coventry,Blackburn,0,4,A,3,24,1,9,3.33,3.41,2.3,3.36,3.52,2.24,3.17,3.37,2.26,3.34,3.44,2.16,,,,3.2,3.4,2.25,3.34,3.6,2.34,3.67,3.57,2.26,,,,1.99,1.9,1.96,1.93,1.94,1.87,1.9,1.9,,
24/10/2020,Huddersfield,Preston,1,2,A,14,17,4,7,2.95,3.28,2.61,3.24,3.09,2.53,2.83,3.23,2.55,3.04,3.08,2.51,,,,2.8,3.2,2.6,2.99,3.37,2.65,3.25,3.28,2.6,,,,2.27,1.68,2.47,1.59,2.18,1.68,2.34,1.59,,
24/10/2020,Millwall,Barnsley,1,1,D,12,6,3,2,2.07,3.38,4.01,1.97,3.31,4.54,2.04,3.33,3.8,1.95,3.32,4.21,,,,1.95,3.4,4,2.12,3.5,4.11,2.04,3.5,4.54,,,,2.19,1.74,2.37,1.63,2.14,1.71,2.26,1.63,,
24/10/2020,Norwich,Wycombe,2,1,H,25,8,6,2,1.28,5.88,11.88,1.24,6.51,12.72,1.27,5.69,10.9,1.23,6.4,12.47,,,,1.25,6,12,1.31,6.05,12.25,1.26,7,15,,,,1.63,2.35,1.53,2.59,1.63,2.28,1.53,2.47,,
24/10/2020,QPR,Birmingham,0,0,D,15,10,1,3,2.46,3.27,3.17,2.3,3.26,3.49,2.4,3.22,3.07,2.29,3.21,3.31,,,,2.37,3.4,3,2.51,3.4,3.21,2.43,3.3,3.64,,,,2.28,1.68,2.33,1.65,2.22,1.66,2.28,1.63,,
24/10/2020,Reading,Rotherham,3,0,H,7,10,6,2,2.04,3.34,4.19,1.98,3.46,4.25,2.03,3.32,3.84,1.92,3.43,4.19,,,,2,3.4,3.75,2.1,3.49,4.23,2,3.62,4.61,,,,2.24,1.7,2.24,1.7,2.18,1.68,2.18,1.68,,
24/10/2020,Sheffield Weds,Luton,0,1,A,14,7,3,2,1.93,3.5,4.41,1.91,3.42,4.7,1.9,3.43,4.23,1.9,3.41,4.34,,,,1.85,3.6,4.33,1.98,3.6,4.6,1.96,3.6,4.78,,,,2.25,1.7,2.32,1.66,2.18,1.68,2.23,1.65,,
24/10/2020,Stoke,Brentford,3,2,H,7,9,4,3,3.28,3.39,2.34,3.15,3.44,2.38,3.13,3.3,2.32,3.17,3.35,2.28,,,,3,3.5,2.3,3.28,3.5,2.42,3.35,3.48,2.4,,,,2.17,1.75,2.12,1.78,2.08,1.75,2.07,1.75,,
27/10/2020,Barnsley,QPR,3,0,H,15,10,11,2,2.4,3.3,3.25,2.29,3.33,3.44,2.37,3.23,3.11,2.26,3.27,3.28,,,,2.37,3.2,3.2,2.44,3.4,3.25,2.4,3.47,3.44,,,,2.07,1.83,2.06,1.83,2.03,1.78,2.04,1.78,,
27/10/2020,Blackburn,Reading,2,4,A,13,5,6,4,2.04,3.49,3.96,2.01,3.41,4.19,2.02,3.36,3.84,1.98,3.42,3.93,,,,2,3.4,3.9,2.1,3.5,4.05,2.03,3.58,4.19,,,,2.09,1.8,2.05,1.85,2.07,1.76,2.02,1.79,,
27/10/2020,Brentford,Norwich,1,1,D,13,14,5,3,2.37,3.43,3.18,2.23,3.59,3.33,2.32,3.34,3.1,2.17,3.5,3.25,,,,2.25,3.4,3.2,2.38,3.5,3.26,2.25,3.66,3.46,,,,2.02,1.88,1.84,2.06,1.97,1.84,1.83,1.98,,
27/10/2020,Middlesbrough,Coventry,2,0,H,17,3,5,1,1.92,3.42,4.61,2.06,3.35,4.09,1.91,3.32,4.39,2.02,3.31,3.91,,,,1.9,3.3,4.33,2.05,3.42,4.72,2.09,3.4,4.2,,,,2.24,1.7,2.23,1.7,2.21,1.67,2.18,1.68,,
27/10/2020,Swansea,Stoke,2,0,H,18,3,6,0,2.58,3.16,3.09,2.56,3.11,3.18,2.52,3.08,3.01,2.48,3.06,3.09,,,,2.5,3.1,3,2.63,3.2,3.15,2.57,3.2,3.25,,,,2.33,1.65,2.39,1.63,2.29,1.62,2.31,1.61,,
27/10/2020,Wycombe,Watford,1,1,D,14,13,6,4,8.27,3.94,1.52,7.41,4.01,1.54,7.45,3.91,1.51,7.03,3.98,1.52,,,,7.5,4,1.5,8.27,4.09,1.55,7.65,4.2,1.56,,,,2.16,1.75,2.05,1.84,2.11,1.73,2.03,1.79,,
28/10/2020,Preston,Millwall,0,2,A,5,13,1,4,2.43,3.08,3.44,2.5,3.18,3.19,2.34,3.08,3.32,2.44,3.09,3.12,,,,2.3,3.1,3.4,2.48,3.2,3.5,2.54,3.26,3.34,,,,2.6,1.54,2.47,1.59,2.48,1.53,2.43,1.55,,
28/10/2020,Birmingham,Huddersfield,2,1,H,14,12,4,2,2.5,3.09,3.29,2.58,3.02,3.24,2.42,3.06,3.19,2.5,3.02,3.12,,,,2.45,3.1,3.1,2.55,3.18,3.35,2.66,3.17,3.29,,,,2.63,1.53,2.52,1.57,2.52,1.52,2.46,1.54,,
28/10/2020,Bournemouth,Bristol City,1,0,H,12,8,3,3,1.87,3.73,4.42,1.78,3.72,5.02,1.84,3.63,4.24,1.76,3.63,4.76,,,,1.8,3.6,4.5,1.9,3.8,4.6,1.82,3.76,5.07,,,,1.96,1.93,1.93,1.95,1.93,1.87,1.91,1.89,,
28/10/2020,Derby,Cardiff,1,1,D,15,8,5,2,3.06,3.13,2.63,3.06,3.13,2.62,2.94,3.07,2.57,2.96,3.1,2.54,,,,3,3.1,2.55,3.06,3.22,2.65,3.07,3.26,2.64,,,,2.46,1.59,2.36,1.64,2.4,1.56,2.3,1.61,,
28/10/2020,Luton,Nott'm Forest,1,1,D,6,7,2,1,3.11,3.11,2.61,3.96,3.34,2.1,3,3.12,2.49,3.66,3.24,2.13,,,,3,3.1,2.5,3.16,3.26,2.66,4,3.4,2.31,,,,2.4,1.62,2.33,1.65,2.28,1.63,2.29,1.62,,
28/10/2020,Rotherham,Sheffield Weds,3,0,H,15,7,8,2,3.18,3.23,2.48,3.45,3.3,2.3,3.09,3.19,2.4,3.27,3.23,2.29,,,,3.2,3.25,2.3,3.3,3.34,2.52,3.5,3.42,2.35,,,,2.23,1.71,2.09,1.8,2.19,1.68,2.11,1.72,,
30/10/2020,Coventry,Reading,3,2,H,14,14,4,7,3.3,3.24,2.41,2.88,3.14,2.77,3.23,3.18,2.35,2.86,3.07,2.66,,,,3.25,3.25,2.3,3.36,3.35,2.44,3.2,3.18,2.8,,,,2.41,1.61,2.47,1.59,2.32,1.61,2.41,1.56,,
31/10/2020,Bristol City,Norwich,1,3,A,15,19,6,8,3.64,3.47,2.15,3.09,3.47,2.4,3.42,3.38,2.15,3.07,3.4,2.32,,,,3.5,3.4,2.1,3.64,3.5,2.26,3.4,3.57,2.43,,,,2.06,1.84,1.98,1.91,1.99,1.82,1.94,1.86,,
31/10/2020,Barnsley,Watford,1,0,H,7,7,2,0,3.47,3.24,2.32,3.15,3.17,2.53,3.27,3.18,2.31,3.1,3.13,2.44,,,,3.3,3.25,2.25,3.47,3.28,2.39,3.32,3.25,2.55,,,,2.38,1.63,2.45,1.6,2.28,1.63,2.36,1.59,,
31/10/2020,Bournemouth,Derby,1,1,D,10,10,5,4,1.66,3.75,6.19,1.68,3.9,5.59,1.64,3.72,5.76,1.66,3.77,5.46,,,,1.65,3.75,5.75,1.7,3.85,6.19,1.71,4,6,,,,2.14,1.76,2,1.88,2.1,1.74,2.01,1.8,,
31/10/2020,Luton,Brentford,0,3,A,4,12,1,5,5.03,3.66,1.79,4.86,3.78,1.79,4.74,3.64,1.76,4.69,3.62,1.77,,,,4.7,3.7,1.75,5.03,3.8,1.82,5,3.8,1.84,,,,2.09,1.81,2.11,1.79,1.99,1.82,2.07,1.75,,
31/10/2020,Middlesbrough,Nott'm Forest,1,0,H,12,5,3,1,2.48,3.07,3.35,2.92,2.97,2.87,2.45,3.02,3.19,2.75,2.92,2.89,,,,2.4,3.1,3.2,2.55,3.14,3.37,2.97,3.05,3.25,,,,2.38,1.63,2.71,1.51,2.29,1.62,2.6,1.49,,
31/10/2020,Millwall,Huddersfield,0,3,A,10,12,4,7,2.02,3.28,4.38,1.81,3.5,5.22,1.99,3.26,4.1,1.81,3.41,4.9,,,,2,3.2,4.2,2.05,3.4,4.47,1.95,3.55,5.3,,,,2.43,1.61,2.35,1.65,2.36,1.59,2.32,1.6,,
31/10/2020,Preston,Birmingham,1,2,A,11,19,6,6,2.18,3.23,3.83,2.07,3.27,4.17,2.12,3.21,3.71,2.06,3.2,3.94,,,,2.1,3.2,3.8,2.22,3.35,3.92,2.15,3.35,4.27,,,,2.53,1.56,2.41,1.62,2.44,1.55,2.37,1.58,,
31/10/2020,QPR,Cardiff,3,2,H,12,16,6,5,3.14,3.16,2.54,3.08,3.26,2.53,2.98,3.15,2.5,2.99,3.2,2.46,,,,3,3.2,2.45,3.15,3.32,2.57,3.16,3.4,2.57,,,,2.28,1.68,2.12,1.78,2.22,1.66,2.12,1.72,,
31/10/2020,Stoke,Rotherham,1,0,H,8,7,3,0,1.88,3.48,4.78,1.79,3.68,5,1.84,3.47,4.54,1.77,3.57,4.82,,,,1.75,3.75,4.6,1.92,3.75,4.84,1.85,3.8,5.2,,,,2.19,1.73,2.17,1.75,2.12,1.72,2.14,1.71,,
31/10/2020,Swansea,Blackburn,2,0,H,11,11,3,4,2.43,3.46,3.05,2.55,3.36,2.96,2.33,3.38,3.05,2.47,3.35,2.86,,,,2.3,3.4,3.1,2.43,3.54,3.23,2.57,3.58,3.01,,,,1.94,1.94,1.86,2.03,1.91,1.89,1.87,1.93,,
31/10/2020,Wycombe,Sheffield Weds,1,0,H,11,15,3,3,4.13,3.44,2.02,3.95,3.57,2.02,3.99,3.41,1.96,3.82,3.44,2,,,,4,3.4,1.95,4.24,3.6,2.06,4,3.6,2.05,,,,2.08,1.81,2,1.88,2.03,1.79,1.97,1.84,,
03/11/2020,Brentford,Swansea,1,1,D,7,13,1,5,1.94,3.5,4.38,1.82,3.6,4.93,1.93,3.44,4.15,1.79,3.55,4.72,,,,1.95,3.5,4,2,3.6,4.4,1.91,3.69,5,,,,2.18,1.74,2.15,1.76,2.12,1.72,2.1,1.73,,
03/11/2020,Huddersfield,Bristol City,1,2,A,7,10,2,3,2.68,3.11,3,2.7,3.13,2.97,2.6,3.13,2.88,2.62,3.1,2.86,,,,2.62,3.2,2.8,2.68,3.35,3.04,2.71,3.36,3.02,,,,2.19,1.73,2.14,1.77,2.14,1.71,2.11,1.72,,
03/11/2020,Norwich,Millwall,0,0,D,27,6,7,0,1.93,3.66,4.24,2.04,3.57,3.88,1.91,3.53,4.12,1.99,3.52,3.77,,,,1.9,3.6,4,1.98,3.66,4.33,2.06,3.7,3.99,,,,2.12,1.78,2.05,1.84,2.06,1.76,2.01,1.8,,
03/11/2020,Sheffield Weds,Bournemouth,1,0,H,10,15,2,5,4.13,3.44,2.02,3.95,3.47,2.05,3.91,3.37,2.01,3.96,3.4,1.98,,,,4.2,3.3,2,4.2,3.52,2.07,4.34,3.54,2.09,,,,2.13,1.77,2.14,1.76,2.11,1.73,2.07,1.75,,
03/11/2020,Blackburn,Middlesbrough,0,0,D,6,20,1,3,2.38,3.42,3.18,2.4,3.33,3.21,2.37,3.28,3.09,2.38,3.26,3.06,,,,2.37,3.25,3.1,2.5,3.42,3.22,2.5,3.42,3.22,,,,2.19,1.73,2.23,1.71,2.17,1.69,2.16,1.7,,
03/11/2020,Cardiff,Barnsley,3,0,H,15,4,9,3,2.17,3.36,3.71,2.06,3.47,3.92,2.15,3.3,3.54,2.05,3.37,3.75,,,,2.15,3.4,3.4,2.23,3.42,3.72,2.15,3.5,3.95,,,,2.24,1.7,2.09,1.8,2.17,1.69,2.1,1.74,,
04/11/2020,Reading,Preston,0,3,A,17,10,5,5,2.62,3.19,3.01,2.55,3.21,3.09,2.55,3.1,2.97,2.49,3.14,3,,,,2.5,3.25,2.9,2.68,3.27,3.14,2.6,3.32,3.14,,,,2.3,1.67,2.42,1.61,2.22,1.66,2.3,1.61,,
04/11/2020,Watford,Stoke,3,2,H,12,5,3,3,2.26,3.11,3.78,2.44,3.08,3.41,2.22,3.07,3.63,2.33,3.03,3.4,,,,2.15,3.1,3.75,2.32,3.2,3.8,2.45,3.15,3.68,,,,2.74,1.5,2.68,1.51,2.6,1.49,2.61,1.48,,
04/11/2020,Birmingham,Wycombe,1,2,A,17,13,4,3,1.72,3.72,5.54,1.68,3.76,5.83,1.7,3.65,5.24,1.67,3.7,5.55,,,,1.7,3.75,5.5,1.75,3.75,5.74,1.74,3.84,6.12,,,,2.25,1.69,2.05,1.85,2.17,1.69,2.02,1.79,,
04/11/2020,Derby,QPR,0,1,A,7,14,4,3,2.33,3.38,3.29,2.13,3.37,3.79,2.31,3.31,3.13,2.1,3.33,3.64,,,,2.3,3.25,3.2,2.4,3.44,3.29,2.2,3.45,3.89,,,,2.09,1.82,1.98,1.91,2.04,1.78,1.99,1.82,,
04/11/2020,Nott'm Forest,Coventry,2,1,H,15,15,4,7,1.91,3.46,4.62,2.11,3.28,3.99,1.86,3.47,4.45,2.07,3.23,3.91,,,,1.75,3.75,4.6,1.92,3.75,4.75,2.12,3.4,4.2,,,,2.21,1.72,2.33,1.65,2.12,1.72,2.3,1.62,,
04/11/2020,Rotherham,Luton,0,1,A,16,10,5,5,2.49,3.17,3.21,2.38,3.29,3.29,2.41,3.15,3.12,2.35,3.18,3.21,,,,2.37,3.25,3.2,2.5,3.3,3.25,2.43,3.3,3.35,,,,2.31,1.66,2.23,1.71,2.26,1.64,2.26,1.64,,
06/11/2020,Cardiff,Bristol City,0,1,A,17,4,5,1,2.22,3.34,3.58,2.24,3.37,3.52,2.21,3.25,3.42,2.21,3.25,3.4,,,,2.2,3.3,3.4,2.31,3.4,3.62,2.31,3.37,3.59,,,,2.16,1.75,2.15,1.76,2.11,1.73,2.1,1.73,,
07/11/2020,Reading,Stoke,0,3,A,15,10,5,3,2.88,3.18,2.73,3.42,3.03,2.47,2.81,3.06,2.68,3.1,3.01,2.51,,,,2.8,3.1,2.6,2.91,3.18,2.75,3.42,3.18,2.6,,,,2.41,1.62,2.66,1.52,2.39,1.57,2.57,1.5,,
07/11/2020,Birmingham,Bournemouth,1,3,A,15,21,3,7,3.91,3.33,2.12,4.25,3.69,1.91,3.78,3.24,2.08,4.15,3.54,1.89,,,,3.8,3.4,2.05,4,3.4,2.15,4.5,3.7,1.99,,,,2.37,1.63,2.06,1.84,2.32,1.6,2.02,1.79,,
07/11/2020,Blackburn,QPR,3,1,H,17,11,9,4,1.98,3.57,4.09,2,3.74,3.83,1.94,3.53,3.88,1.99,3.56,3.68,,,,1.9,3.6,4,2.03,3.7,4.22,2.08,3.75,3.94,,,,1.8,2.09,1.77,2.14,1.78,2.04,1.75,2.08,,
07/11/2020,Brentford,Middlesbrough,0,0,D,8,7,1,1,1.89,3.5,4.65,1.91,3.41,4.7,1.85,3.47,4.41,1.88,3.34,4.52,,,,1.8,3.6,4.5,1.94,3.63,4.75,2.02,3.5,4.8,,,,2.24,1.7,2.33,1.65,2.14,1.71,2.27,1.63,,
07/11/2020,Derby,Barnsley,0,2,A,9,17,3,5,2.57,3.3,2.99,2.43,3.32,3.18,2.51,3.21,2.9,2.39,3.24,3.06,,,,2.5,3.2,3,2.61,3.3,3,2.5,3.38,3.2,,,,2.3,1.67,2.18,1.74,2.24,1.65,2.15,1.7,,
07/11/2020,Huddersfield,Luton,1,1,D,13,7,2,2,2.36,3.24,3.39,2.2,3.41,3.56,2.3,3.18,3.27,2.2,3.26,3.43,,,,2.25,3.2,3.4,2.4,3.3,3.4,2.39,3.41,3.66,,,,2.37,1.63,2.24,1.7,2.29,1.62,2.21,1.67,,
07/11/2020,Norwich,Swansea,1,0,H,21,19,5,5,2.18,3.28,3.79,2.02,3.71,3.78,2.13,3.25,3.61,2.02,3.5,3.66,,,,2.05,3.4,3.75,2.24,3.4,3.87,2.08,3.71,3.87,,,,2.09,1.81,1.84,2.06,2.02,1.79,1.84,1.97,,
07/11/2020,Nott'm Forest,Wycombe,2,0,H,13,12,5,5,1.72,3.6,5.85,1.69,3.67,6.01,1.7,3.61,5.28,1.67,3.63,5.55,,,,1.66,3.6,5.75,1.78,3.9,6,1.76,3.8,6.01,,,,2.03,1.86,2.03,1.86,1.96,1.85,2,1.81,,
07/11/2020,Rotherham,Preston,2,1,H,11,8,4,3,3.38,3.27,2.35,3.79,3.58,2.06,3.21,3.22,2.31,3.58,3.4,2.08,,,,3.2,3.3,2.3,3.47,3.38,2.38,3.85,3.6,2.35,,,,2.25,1.69,1.9,1.99,2.15,1.7,1.93,1.88,,
07/11/2020,Sheffield Weds,Millwall,0,0,D,15,11,7,0,2.82,3.24,2.75,3.25,3.06,2.55,2.77,3.15,2.66,3.04,3.04,2.53,,,,2.7,3.25,2.7,2.87,3.25,2.76,3.29,3.33,2.65,,,,2.44,1.6,2.68,1.52,2.35,1.59,2.52,1.52,,
07/11/2020,Watford,Coventry,3,2,H,12,13,5,3,1.69,3.65,6.05,1.8,3.58,5.11,1.68,3.68,5.34,1.79,3.51,4.78,,,,1.66,3.75,5.75,1.74,3.85,6.05,1.86,3.76,5.31,,,,2.09,1.8,2.15,1.76,2.04,1.78,2.08,1.75,,
20/11/2020,Coventry,Birmingham,0,0,D,6,7,1,2,3.01,3.23,2.59,3,3.19,2.63,2.93,3.14,2.54,2.9,3.14,2.57,,,,2.9,3.2,2.55,3.02,3.25,2.64,3.11,3.25,2.7,,,,2.21,1.72,2.23,1.7,2.16,1.69,2.15,1.7,,
21/11/2020,Bournemouth,Reading,4,2,H,10,9,6,5,1.73,3.86,5.17,1.81,3.79,4.66,1.72,3.71,4.86,1.81,3.57,4.49,,,,1.7,3.8,5,1.78,3.86,5.25,1.86,3.79,4.76,,,,2.05,1.85,2.07,1.83,2,1.81,2.03,1.78,,
21/11/2020,Barnsley,Nott'm Forest,2,0,H,13,10,2,3,2.65,3.26,2.92,2.69,3.16,2.95,2.6,3.19,2.8,2.6,3.14,2.85,,,,2.55,3.25,2.87,2.7,3.34,3,2.69,3.3,3.03,,,,2.27,1.68,2.3,1.67,2.17,1.69,2.25,1.64,,
21/11/2020,Bristol City,Derby,1,0,H,11,13,3,2,2.32,3.38,3.32,2.35,3.44,3.2,2.27,3.31,3.2,2.31,3.32,3.12,,,,2.15,3.4,3.4,2.36,3.48,3.4,2.44,3.5,3.27,,,,2.07,1.83,2,1.88,1.99,1.82,1.99,1.83,,
21/11/2020,Luton,Blackburn,1,1,D,13,15,5,6,3.54,3.58,2.14,3.67,3.68,2.06,3.34,3.45,2.14,3.61,3.52,2.02,,,,3.4,3.5,2.1,3.54,3.58,2.24,3.75,3.68,2.09,,,,1.85,2.05,1.87,2.02,1.82,2,1.85,1.96,,
21/11/2020,Middlesbrough,Norwich,0,1,A,8,12,4,2,2.9,3.27,2.65,2.85,3.22,2.74,2.86,3.17,2.56,2.83,3.13,2.62,,,,2.87,3.25,2.55,2.96,3.3,2.7,3,3.28,2.81,,,,2.4,1.62,2.3,1.67,2.33,1.6,2.28,1.63,,
21/11/2020,Millwall,Cardiff,1,1,D,7,14,2,6,2.61,3.12,3.09,2.66,2.97,3.18,2.51,3.09,3,2.63,2.94,3,,,,2.5,3.1,3,2.69,3.24,3.1,2.78,3.05,3.18,,,,2.5,1.57,2.6,1.54,2.39,1.57,2.54,1.51,,
21/11/2020,Preston,Sheffield Weds,1,0,H,9,5,1,0,2.45,3.21,3.24,2.57,3.1,3.18,2.36,3.16,3.18,2.48,3.08,3.07,,,,2.35,3.2,3.2,2.51,3.3,3.36,2.58,3.25,3.2,,,,2.33,1.65,2.42,1.61,2.27,1.63,2.33,1.6,,
21/11/2020,QPR,Watford,1,1,D,14,10,3,3,3.69,3.34,2.18,4.18,3.7,1.93,3.46,3.29,2.17,4.08,3.49,1.92,,,,3.6,3.3,2.1,3.69,3.45,2.25,4.3,3.7,1.99,,,,2.13,1.78,2.03,1.86,2.06,1.76,2.05,1.77,,
21/11/2020,Stoke,Huddersfield,4,3,H,14,10,7,4,2.07,3.33,4.08,1.99,3.38,4.33,2.03,3.26,3.91,1.93,3.32,4.26,,,,2,3.3,4,2.15,3.42,4.12,2,3.55,4.75,,,,2.27,1.68,2.27,1.68,2.21,1.67,2.25,1.64,,
21/11/2020,Swansea,Rotherham,1,0,H,11,8,4,3,1.73,3.77,5.35,1.79,3.69,4.98,1.72,3.66,5,1.74,3.69,4.84,,,,1.7,3.7,5.25,1.77,3.8,5.35,1.81,3.9,5.38,,,,2.11,1.78,1.92,1.97,2.08,1.75,1.89,1.91,,
21/11/2020,Wycombe,Brentford,0,0,D,11,12,2,4,7.35,4.25,1.52,6.43,4.4,1.54,6.62,4.19,1.5,6.6,4.27,1.5,,,,7,4.2,1.5,7.5,4.45,1.55,7.2,4.6,1.57,,,,1.81,2.07,1.85,2.04,1.82,1.99,1.83,1.98,,
24/11/2020,Luton,Birmingham,1,1,D,16,11,7,3,2.81,3.11,2.86,2.62,3.01,3.19,2.74,3.05,2.78,2.57,2.99,3.03,,,,2.75,3.1,2.75,2.85,3.13,2.88,2.7,3.2,3.21,,,,2.48,1.59,2.46,1.6,2.38,1.58,2.29,1.62,,
24/11/2020,QPR,Rotherham,3,2,H,14,13,5,5,2.12,3.55,3.64,2.28,3.5,3.29,2.11,3.45,3.46,2.17,3.44,3.33,,,,2.05,3.5,3.6,2.18,3.6,3.64,2.33,3.6,3.59,,,,1.85,2.04,1.78,2.12,1.83,1.98,1.79,2.01,,
24/11/2020,Stoke,Norwich,2,3,A,24,5,5,3,3.2,3.27,2.45,3.18,3.45,2.36,3.07,3.19,2.42,3.05,3.27,2.39,,,,2.9,3.3,2.45,3.2,3.3,2.5,3.26,3.45,2.47,,,,2.05,1.84,2.02,1.87,2.01,1.8,1.99,1.82,,
24/11/2020,Wycombe,Huddersfield,0,0,D,9,9,1,3,3.34,3.47,2.27,3.28,3.47,2.3,3.26,3.35,2.23,3.14,3.37,2.28,,,,3.3,3.4,2.2,3.35,3.5,2.34,3.35,3.51,2.38,,,,2.1,1.79,2,1.88,2.06,1.77,1.98,1.83,,
24/11/2020,Barnsley,Brentford,0,1,A,3,13,1,6,3.63,3.38,2.19,3.37,3.31,2.33,3.51,3.31,2.14,3.28,3.26,2.26,,,,3.5,3.4,2.1,3.62,3.5,2.27,3.55,3.44,2.36,,,,2.19,1.74,2.14,1.76,2.11,1.73,2.1,1.74,,
24/11/2020,Preston,Blackburn,0,3,A,4,17,0,4,2.74,3.3,2.79,2.86,3.24,2.7,2.65,3.26,2.72,2.76,3.22,2.63,,,,2.55,3.4,2.75,2.78,3.49,2.84,2.89,3.4,2.74,,,,1.89,1.99,1.94,1.94,1.9,1.9,1.9,1.89,,
24/11/2020,Bournemouth,Nott'm Forest,2,0,H,12,11,4,3,1.66,3.98,5.59,1.7,3.89,5.36,1.66,3.78,5.36,1.69,3.74,5.15,,,,1.66,3.8,5.25,1.72,3.98,5.75,1.72,4,5.5,,,,2.07,1.83,2.05,1.85,2.02,1.8,2,1.81,,
25/11/2020,Middlesbrough,Derby,3,0,H,10,10,5,2,1.96,3.31,4.61,1.98,3.45,4.28,1.93,3.29,4.3,1.95,3.3,4.22,,,,1.9,3.25,4.5,2,3.44,4.75,2,3.46,4.5,,,,2.43,1.61,2.31,1.66,2.35,1.59,2.29,1.62,,
25/11/2020,Millwall,Reading,1,1,D,13,7,8,3,2.34,3.28,3.39,2.42,3.01,3.54,2.25,3.21,3.34,2.39,2.96,3.36,,,,2.2,3.25,3.4,2.38,3.38,3.52,2.5,3.12,3.54,,,,2.4,1.62,2.74,1.5,2.33,1.61,2.62,1.48,,
25/11/2020,Bristol City,Watford,0,0,D,9,7,2,1,3.6,3.28,2.24,3.14,3.2,2.52,3.47,3.23,2.19,3.07,3.15,2.43,,,,3.6,3.25,2.15,3.7,3.42,2.32,3.25,3.28,2.55,,,,2.27,1.68,2.22,1.71,2.17,1.69,2.18,1.68,,
25/11/2020,Coventry,Cardiff,1,0,H,11,8,5,3,3.54,3.52,2.17,3.31,3.39,2.32,3.4,3.39,2.15,3.24,3.21,2.3,,,,3.5,3.4,2.1,3.54,3.52,2.25,3.45,3.4,2.38,,,,2.11,1.79,2.26,1.69,2.04,1.78,2.23,1.65,,
25/11/2020,Swansea,Sheffield Weds,1,1,D,10,4,4,2,1.99,3.43,4.28,2.19,3.19,3.85,1.96,3.35,4.08,2.13,3.18,3.7,,,,1.9,3.4,4.2,2.03,3.5,4.4,2.21,3.34,3.9,,,,2.37,1.64,2.49,1.58,2.29,1.62,2.35,1.58,,
27/11/2020,Brentford,QPR,2,1,H,14,10,6,2,1.66,3.89,5.88,1.67,3.9,5.73,1.65,3.81,5.46,1.64,3.82,5.48,,,,1.65,3.9,5.5,1.7,4,6,1.69,4.11,6,,,,1.86,2.03,1.82,2.06,1.81,2,1.81,1.99,,
28/11/2020,Reading,Bristol City,3,1,H,21,4,10,2,2.48,3.26,3.15,2.37,3.3,3.3,2.44,3.19,3.01,2.32,3.21,3.22,,,,2.5,3.25,2.9,2.56,3.28,3.15,2.44,3.34,3.4,,,,2.23,1.7,2.31,1.66,2.15,1.7,2.27,1.63,,
28/11/2020,Birmingham,Millwall,0,0,D,8,9,2,1,3,3.05,2.74,2.9,2.87,2.99,2.92,2.99,2.65,2.84,2.85,2.85,,,,2.87,3.1,2.6,3.04,3.1,2.8,2.99,3.09,3.02,,,,2.61,1.54,2.89,1.44,2.5,1.53,2.76,1.44,,
28/11/2020,Blackburn,Barnsley,2,1,H,7,23,6,5,1.9,3.64,4.38,1.89,3.85,4.16,1.92,3.51,4.03,1.84,3.7,4.19,,,,1.9,3.5,4.2,1.99,3.64,4.42,1.9,3.85,4.6,,,,1.97,1.92,1.8,2.09,1.95,1.86,1.82,1.99,,
28/11/2020,Cardiff,Luton,4,0,H,20,5,6,0,1.93,3.43,4.6,1.95,3.39,4.52,1.9,3.38,4.32,1.92,3.31,4.33,,,,1.83,3.4,4.75,2,3.5,4.75,1.99,3.46,4.6,,,,2.19,1.73,2.26,1.69,2.11,1.73,2.25,1.64,,
28/11/2020,Derby,Wycombe,1,1,D,11,8,5,2,1.88,3.54,4.63,1.83,3.7,4.67,1.85,3.5,4.4,1.79,3.59,4.65,,,,1.8,3.5,4.5,1.95,3.7,4.75,1.87,3.75,4.9,,,,2.13,1.78,2.14,1.76,2.05,1.78,2.09,1.74,,
28/11/2020,Huddersfield,Middlesbrough,3,2,H,13,10,5,3,3.35,3.24,2.38,3.34,3.2,2.4,3.19,3.16,2.36,3.28,3.13,2.33,,,,3.2,3.2,2.3,3.41,3.25,2.43,3.43,3.25,2.44,,,,2.47,1.59,2.46,1.59,2.36,1.59,2.39,1.57,,
28/11/2020,Norwich,Coventry,1,1,D,9,13,6,4,1.69,3.97,5.34,2,3.77,3.8,1.63,3.97,5.3,1.9,3.57,4.09,,,,1.55,4.2,6,1.7,4.25,6,2.05,3.9,4.8,,,,1.87,2.03,1.86,2.03,1.81,1.99,1.83,1.97,,
28/11/2020,Rotherham,Bournemouth,2,2,D,13,11,5,5,5,3.75,1.78,4.85,4.16,1.71,4.58,3.66,1.78,4.91,3.91,1.68,,,,4.75,3.5,1.8,5,3.8,1.88,5.46,4.16,1.73,,,,1.88,2.01,1.75,2.16,1.87,1.94,1.75,2.07,,
28/11/2020,Sheffield Weds,Stoke,0,0,D,5,8,0,2,2.77,3.09,2.92,2.89,2.97,2.9,2.71,3.02,2.81,2.82,2.93,2.79,,,,2.7,3.1,2.8,2.81,3.15,2.97,2.99,3.16,2.92,,,,2.51,1.57,2.51,1.57,2.47,1.54,2.44,1.55,,
28/11/2020,Watford,Preston,4,1,H,26,9,11,4,1.93,3.34,4.72,1.95,3.41,4.47,1.92,3.33,4.29,1.93,3.26,4.38,,,,1.9,3.4,4.33,1.97,3.54,4.72,2,3.42,4.82,,,,2.25,1.7,2.23,1.7,2.15,1.7,2.24,1.65,,
29/11/2020,Nott'm Forest,Swansea,0,1,A,13,13,1,3,3,3.19,2.62,2.91,3.04,2.81,2.87,3.14,2.57,2.87,3.03,2.66,,,,2.8,3.25,2.6,3.04,3.3,2.69,3,3.2,2.84,,,,2.3,1.67,2.45,1.6,2.23,1.65,2.36,1.58,,
01/12/2020,Cardiff,Huddersfield,3,0,H,10,10,4,4,1.93,3.56,4.38,1.82,3.62,4.88,1.9,3.47,4.17,1.78,3.61,4.62,,,,1.9,3.5,4.2,1.97,3.62,4.47,1.91,3.76,5.5,,,,2.12,1.78,2.02,1.88,2.1,1.74,1.99,1.82,,
01/12/2020,Birmingham,Barnsley,1,2,A,5,12,1,3,2.59,3.16,3.07,2.85,3.07,2.85,2.55,3.09,2.96,2.72,3.03,2.81,,,,2.6,3.2,2.87,2.65,3.24,3.1,2.91,3.24,3,,,,2.48,1.58,2.46,1.6,2.41,1.56,2.4,1.56,,
01/12/2020,Bournemouth,Preston,2,3,A,15,8,4,5,1.66,3.87,5.84,1.71,3.79,5.49,1.64,3.83,5.44,1.69,3.74,5.2,,,,1.61,3.8,5.75,1.7,4.08,6,1.76,4,5.75,,,,1.96,1.93,1.87,2.03,1.94,1.87,1.83,1.98,,
01/12/2020,Derby,Coventry,1,1,D,12,9,3,3,2.33,3.29,3.4,2.48,3.23,3.17,2.28,3.24,3.28,2.39,3.19,3.1,,,,2.25,3.3,3.25,2.39,3.4,3.5,2.53,3.35,3.4,,,,2.29,1.68,2.25,1.69,2.21,1.67,2.22,1.66,,
01/12/2020,QPR,Bristol City,1,2,A,19,12,4,3,2.34,3.38,3.29,2.22,3.6,3.34,2.3,3.34,3.13,2.2,3.44,3.24,,,,2.3,3.3,3.2,2.4,3.54,3.29,2.28,3.6,3.44,,,,1.95,1.93,1.77,2.13,1.92,1.89,1.81,2,,
01/12/2020,Rotherham,Brentford,0,2,A,8,9,2,4,4.8,3.8,1.79,5.35,4.13,1.66,4.55,3.71,1.77,5.16,3.97,1.65,,,,4.75,3.8,1.72,4.95,3.85,1.82,5.75,4.2,1.73,,,,1.93,1.96,1.85,2.05,1.9,1.9,1.83,1.99,,
02/12/2020,Middlesbrough,Swansea,2,1,H,13,10,5,3,2.6,3.2,3.02,2.51,3.03,3.35,2.53,3.12,2.93,2.43,3.02,3.2,,,,2.6,3.1,2.9,2.65,3.25,3.08,2.55,3.2,3.4,,,,2.51,1.57,2.48,1.58,2.41,1.56,2.4,1.56,,
02/12/2020,Blackburn,Millwall,2,1,H,20,17,4,5,2.06,3.6,3.78,2.12,3.45,3.75,2.03,3.41,3.69,2.08,3.34,3.66,,,,2,3.5,3.8,2.12,3.6,3.9,2.61,3.53,3.9,,,,2.17,1.74,2.2,1.73,2.15,1.7,2.16,1.69,,
02/12/2020,Luton,Norwich,3,1,H,10,11,5,4,3.28,3.67,2.22,3.55,3.67,2.11,3.21,3.5,2.18,3.42,3.54,2.08,,,,3.25,3.6,2.15,3.31,3.67,2.3,3.69,3.69,2.16,,,,1.93,1.95,1.85,2.05,1.91,1.89,1.83,1.99,,
02/12/2020,Nott'm Forest,Watford,0,0,D,13,6,0,1,3.19,3.34,2.41,3.35,3.25,2.37,3.04,3.25,2.39,3.26,3.17,2.32,,,,3,3.3,2.4,3.22,3.4,2.56,3.47,3.29,2.4,,,,2.31,1.67,2.35,1.65,2.22,1.66,2.33,1.6,,
02/12/2020,Sheffield Weds,Reading,1,1,D,3,20,1,6,2.64,3.15,3.03,2.62,3.03,3.17,2.55,3.08,2.95,2.57,2.96,3.05,,,,2.5,3.25,2.9,2.68,3.25,3.2,2.72,3.12,3.22,,,,2.48,1.58,2.6,1.54,2.42,1.56,2.61,1.48,,
02/12/2020,Wycombe,Stoke,0,1,A,8,14,1,4,4.18,3.62,1.94,4.24,3.65,1.93,4.04,3.49,1.92,4.16,3.47,1.9,,,,4,3.6,1.9,4.45,3.7,1.99,4.5,3.66,1.96,,,,2.26,1.69,2.1,1.79,2.19,1.67,2.11,1.72,,
04/12/2020,Barnsley,Bournemouth,0,4,A,10,12,4,6,3.65,3.39,2.18,3.28,3.43,2.32,3.5,3.33,2.14,3.14,3.33,2.3,,,,3.6,3.4,2.1,3.65,3.45,2.22,3.6,3.5,2.38,,,,2.02,1.88,1.99,1.9,1.99,1.82,1.94,1.86,,
05/12/2020,Reading,Nott'm Forest,2,0,H,24,2,9,1,2.37,3.19,3.42,2.34,3.19,3.49,2.32,3.13,3.28,2.27,3.16,3.35,,,,2.3,3.25,3.25,2.4,3.28,3.49,2.36,3.28,3.6,,,,2.46,1.59,2.35,1.64,2.37,1.58,2.3,1.61,,
05/12/2020,Brentford,Blackburn,2,2,D,15,7,3,2,1.98,3.6,4.07,1.93,3.58,4.29,1.96,3.5,3.85,1.91,3.52,4.06,,,,1.95,3.5,3.9,2.02,3.61,4.11,1.97,3.68,4.43,,,,1.93,1.95,1.85,2.04,1.91,1.89,1.84,1.97,,
05/12/2020,Bristol City,Birmingham,0,1,A,10,11,3,3,2.28,3.3,3.5,2.5,3.19,3.19,2.21,3.22,3.43,2.4,3.15,3.13,,,,2.2,3.25,3.4,2.33,3.3,3.6,2.52,3.3,3.36,,,,2.5,1.58,2.31,1.67,2.42,1.56,2.25,1.64,,
05/12/2020,Coventry,Rotherham,3,1,H,10,10,7,1,2.41,3.35,3.17,2.13,3.35,3.82,2.38,3.26,3.05,2.03,3.36,3.79,,,,2.37,3.25,3.1,2.45,3.44,3.25,2.28,3.49,4.1,,,,2.15,1.76,2.07,1.83,2.08,1.75,2.02,1.79,,
05/12/2020,Huddersfield,QPR,2,0,H,11,4,6,2,2.46,3.36,3.09,2.58,3.41,2.89,2.4,3.3,2.98,2.49,3.33,2.84,,,,2.37,3.4,3,2.53,3.49,3.1,2.64,3.56,3,,,,1.91,1.98,1.78,2.13,1.88,1.93,1.77,2.05,,
05/12/2020,Millwall,Derby,0,1,A,12,11,3,3,2.05,3.28,4.24,2.12,3.29,3.95,2.02,3.24,3.96,2.08,3.18,3.88,,,,2,3.5,3.75,2.08,3.5,4.26,2.61,3.53,4.2,,,,2.54,1.56,2.44,1.6,2.46,1.54,2.39,1.57,,
05/12/2020,Norwich,Sheffield Weds,2,1,H,19,11,4,5,1.86,3.51,4.83,1.86,3.71,4.47,1.85,3.42,4.45,1.85,3.55,4.31,,,,1.83,3.4,4.75,1.91,3.62,4.81,1.92,3.71,4.75,,,,2.19,1.74,1.96,1.93,2.15,1.7,1.97,1.84,,
05/12/2020,Preston,Wycombe,2,2,D,19,17,3,4,1.73,3.94,5.04,1.7,4.01,5.15,1.72,3.75,4.82,1.7,3.79,4.97,,,,1.75,4,4.33,1.8,4,5.11,1.76,4.07,5.25,,,,2.05,1.85,1.94,1.94,2,1.8,1.98,1.83,,
05/12/2020,Stoke,Middlesbrough,1,0,H,9,8,5,1,2.73,3.08,2.98,2.71,3.07,3,2.62,3.03,2.92,2.62,3,2.95,,,,2.55,3.2,2.9,2.79,3.23,3,2.77,3.23,3.1,,,,2.55,1.56,2.51,1.57,2.47,1.54,2.45,1.54,,
05/12/2020,Swansea,Luton,2,0,H,11,7,5,2,1.72,3.71,5.52,1.78,3.73,5.01,1.69,3.66,5.29,1.75,3.59,4.94,,,,1.65,3.8,5.5,1.75,3.85,5.66,1.8,3.79,5.5,,,,2.22,1.71,2.08,1.81,2.16,1.69,2.09,1.75,,
05/12/2020,Watford,Cardiff,0,1,A,12,10,1,2,2.15,3.35,3.76,2.16,3.43,3.65,2.09,3.29,3.67,2.11,3.34,3.55,,,,2.05,3.4,3.75,2.18,3.41,3.9,2.19,3.49,3.7,,,,2.23,1.7,2.08,1.81,2.16,1.69,2.07,1.75,,
08/12/2020,Coventry,Luton,0,0,D,7,6,1,1,2.27,3.34,3.47,2.12,3.36,3.87,2.25,3.23,3.33,2.08,3.33,3.68,,,,2.25,3.3,3.3,2.34,3.4,3.6,2.18,3.49,3.99,,,,2.21,1.72,2.18,1.74,2.16,1.69,2.14,1.71,,
08/12/2020,Huddersfield,Sheffield Weds,2,0,H,13,5,2,2,2.47,3.29,3.13,2.86,3.13,2.79,2.45,3.18,3.01,2.71,3.12,2.74,,,,2.5,3.3,2.9,2.55,3.3,3.2,2.87,3.25,2.9,,,,2.36,1.64,2.25,1.7,2.29,1.62,2.19,1.67,,
08/12/2020,Millwall,QPR,1,1,D,17,11,4,6,2.19,3.32,3.7,2.06,3.45,3.97,2.13,3.29,3.57,2.05,3.35,3.73,,,,2.05,3.4,3.75,2.25,3.48,3.78,2.15,3.54,4,,,,2.18,1.74,2.1,1.79,2.11,1.73,2.05,1.76,,
08/12/2020,Stoke,Cardiff,1,2,A,5,4,1,2,2.79,3.19,2.81,2.83,3.14,2.81,2.68,3.12,2.78,2.86,3.07,2.64,,,,2.6,3.2,2.9,2.84,3.28,2.9,3,3.2,2.86,,,,2.33,1.65,2.35,1.65,2.26,1.64,2.31,1.61,,
08/12/2020,Swansea,Bournemouth,0,0,D,6,14,1,1,3.03,3.32,2.52,3.1,3.29,2.5,2.95,3.23,2.47,2.94,3.22,2.47,,,,2.87,3.3,2.5,3.1,3.32,2.57,3.1,3.36,2.58,,,,2.14,1.77,2.13,1.78,2.08,1.75,2.08,1.74,,
08/12/2020,Watford,Rotherham,2,0,H,12,10,3,1,1.5,4.35,7.4,1.48,4.47,7.58,1.48,4.29,6.88,1.46,4.4,7.07,,,,1.44,4.5,7,1.51,4.5,7.48,1.5,4.88,7.75,,,,1.9,1.98,1.85,2.05,1.86,1.95,1.83,1.98,,
09/12/2020,Preston,Middlesbrough,3,0,H,11,10,6,3,3.16,3.21,2.5,3.01,3.14,2.66,3.02,3.16,2.44,2.92,3.07,2.58,,,,3,3.3,2.4,3.25,3.3,2.53,3.05,3.2,2.7,,,,2.29,1.67,2.35,1.65,2.22,1.66,2.33,1.6,,
09/12/2020,Barnsley,Wycombe,2,1,H,14,6,8,2,1.69,3.8,5.65,1.66,3.96,5.65,1.69,3.64,5.31,1.64,3.77,5.51,,,,1.65,3.75,5.75,1.76,3.8,6,1.69,4,5.9,,,,2.1,1.79,1.96,1.93,2.08,1.75,1.94,1.86,,
09/12/2020,Brentford,Derby,0,0,D,12,5,0,0,1.6,4.13,6.03,1.6,4.06,6.31,1.6,3.97,5.62,1.58,3.93,5.95,,,,1.6,4,5.75,1.66,4.2,6.25,1.62,4.09,6.5,,,,1.94,1.94,2.06,1.84,1.9,1.9,2.03,1.78,,
09/12/2020,Bristol City,Blackburn,1,0,H,16,21,3,7,3.12,3.55,2.35,3.14,3.55,2.34,3,3.42,2.32,3.04,3.45,2.3,,,,3.1,3.4,2.3,3.12,3.6,2.45,3.26,3.6,2.4,,,,1.89,2,1.78,2.12,1.87,1.94,1.77,2.05,,
09/12/2020,Norwich,Nott'm Forest,2,1,H,19,13,6,2,1.78,3.76,4.92,1.9,3.67,4.34,1.75,3.7,4.67,1.85,3.57,4.26,,,,1.7,3.8,5,1.81,3.9,5.08,1.94,3.75,4.61,,,,2,1.88,1.93,1.95,1.94,1.86,1.9,1.9,,
09/12/2020,Reading,Birmingham,1,2,A,10,5,2,3,2.14,3.43,3.71,1.92,3.49,4.51,2.1,3.33,3.58,1.92,3.33,4.28,,,,2.05,3.5,3.6,2.18,3.5,3.71,2,3.49,4.55,,,,2.3,1.67,2.34,1.65,2.23,1.65,2.3,1.61,,
12/12/2020,Cardiff,Swansea,0,2,A,8,11,2,4,2.53,3.16,3.16,2.5,3.13,3.25,2.47,3.14,3.02,2.42,3.07,3.19,,,,2.4,3.3,3,2.58,3.3,3.2,2.54,3.2,3.35,,,,2.43,1.61,2.42,1.61,2.32,1.6,2.38,1.57,,
12/12/2020,Birmingham,Watford,0,1,A,9,4,2,3,4.03,3.31,2.09,4.08,3.21,2.12,3.88,3.24,2.05,3.94,3.17,2.06,,,,4,3.3,2,4.2,3.4,2.17,4.2,3.37,2.16,,,,2.51,1.57,2.57,1.55,2.43,1.55,2.47,1.53,,
12/12/2020,Blackburn,Norwich,1,2,A,20,17,7,7,2.67,3.52,2.71,2.5,3.61,2.85,2.6,3.42,2.64,2.46,3.5,2.76,,,,2.62,3.3,2.7,2.7,3.64,2.84,2.57,3.7,2.87,,,,1.76,2.15,1.63,2.39,1.76,2.06,1.62,2.28,,
12/12/2020,Bournemouth,Huddersfield,5,0,H,13,12,8,5,1.59,4.35,5.83,1.47,4.78,6.94,1.58,4.15,5.48,1.46,4.53,6.7,,,,1.53,4.2,6,1.63,4.35,6,1.5,4.78,7.21,,,,1.84,2.06,1.77,2.13,1.78,2.02,1.76,2.07,,
12/12/2020,Derby,Stoke,0,0,D,11,4,5,1,2.92,3.2,2.68,2.83,3.14,2.82,2.84,3.16,2.59,2.75,3.06,2.75,,,,2.87,3.3,2.5,2.94,3.3,2.8,2.87,3.28,2.88,,,,2.39,1.63,2.62,1.53,2.31,1.61,2.53,1.51,,
12/12/2020,Luton,Preston,3,0,H,19,4,5,1,2.88,3.31,2.65,2.74,3.32,2.77,2.84,3.22,2.54,2.7,3.2,2.68,,,,2.87,3.4,2.45,3,3.4,2.7,2.85,3.35,2.79,,,,2.14,1.76,2.13,1.77,2.13,1.71,2.13,1.71,,
12/12/2020,Middlesbrough,Millwall,3,0,H,16,4,6,1,2.3,3.24,3.52,2.35,3.15,3.52,2.22,3.16,3.45,2.27,3.09,3.42,,,,2.15,3.4,3.4,2.33,3.4,3.65,2.38,3.47,3.65,,,,2.7,1.51,2.76,1.49,2.56,1.49,2.63,1.47,,
12/12/2020,Nott'm Forest,Brentford,1,3,A,12,10,6,6,3.73,3.34,2.17,3.8,3.4,2.12,3.64,3.25,2.12,3.71,3.26,2.09,,,,3.6,3.3,2.1,3.77,3.36,2.22,4,3.4,2.15,,,,2.52,1.57,2.4,1.62,2.4,1.57,2.35,1.58,,
12/12/2020,QPR,Reading,0,1,A,9,6,2,2,2.74,3.43,2.7,2.64,3.41,2.81,2.64,3.34,2.63,2.56,3.35,2.73,,,,2.62,3.5,2.6,2.74,3.5,2.75,2.68,3.57,2.87,,,,1.93,1.96,1.95,1.93,1.91,1.89,1.92,1.87,,
12/12/2020,Rotherham,Bristol City,2,0,H,22,4,8,2,3.05,3.39,2.47,2.85,3.43,2.6,2.93,3.28,2.44,2.79,3.34,2.51,,,,2.9,3.4,2.45,3.1,3.4,2.52,2.95,3.5,2.6,,,,2.18,1.74,1.99,1.89,2.13,1.71,1.94,1.86,,
12/12/2020,Sheffield Weds,Barnsley,1,2,A,7,11,4,3,2.7,3.16,2.93,3.02,3.11,2.67,2.61,3.12,2.84,2.89,3.06,2.62,,,,2.6,3.25,2.8,2.72,3.25,2.98,3.02,3.2,2.75,,,,2.47,1.59,2.47,1.59,2.39,1.57,2.45,1.54,,
12/12/2020,Wycombe,Coventry,1,2,A,11,9,3,3,3.21,3.3,2.42,3.26,3.46,2.31,3.12,3.25,2.34,3.09,3.31,2.33,,,,3.1,3.4,2.3,3.25,3.53,2.48,3.26,3.58,2.44,,,,2.25,1.69,2.03,1.86,2.17,1.68,1.98,1.82,,
15/12/2020,QPR,Stoke,0,0,D,12,6,2,2,2.77,3.31,2.75,2.38,3.35,3.23,2.7,3.21,2.67,2.32,3.26,3.15,,,,2.7,3.3,2.62,2.84,3.34,2.77,2.4,3.47,3.3,,,,2.22,1.71,2.17,1.74,2.16,1.69,2.13,1.71,,
15/12/2020,Barnsley,Preston,2,1,H,11,4,3,3,2.29,3.4,3.37,2.3,3.33,3.42,2.24,3.33,3.25,2.24,3.26,3.32,,,,2.25,3.3,3.3,2.33,3.5,3.37,2.36,3.4,3.5,,,,2.01,1.88,2.02,1.87,1.98,1.83,1.98,1.82,,
15/12/2020,Bournemouth,Wycombe,1,0,H,22,10,7,3,1.29,5.84,11.54,1.3,6.05,10.46,1.29,5.58,10.05,1.28,5.86,9.92,,,,1.3,5.5,10,1.32,6,11.54,1.31,6.25,11.5,,,,1.62,2.4,1.51,2.7,1.61,2.31,1.5,2.55,,
15/12/2020,Bristol City,Millwall,0,2,A,3,13,1,5,2.82,3.11,2.84,3.22,3.08,2.55,2.71,3.06,2.8,3.1,3.01,2.51,,,,2.75,3.1,2.75,2.84,3.18,2.95,3.26,3.18,2.65,,,,2.53,1.56,2.58,1.55,2.46,1.54,2.49,1.53,,
15/12/2020,Nott'm Forest,Sheffield Weds,2,0,H,12,5,4,1,2.37,3.06,3.59,2.38,3.16,3.43,2.29,3.05,3.45,2.39,3.01,3.28,,,,2.25,3.1,3.5,2.4,3.18,3.65,2.5,3.16,3.45,,,,2.52,1.57,2.53,1.57,2.43,1.55,2.45,1.54,,
15/12/2020,Watford,Brentford,1,1,D,14,12,3,2,2.73,3.06,2.99,2.84,3.06,2.87,2.66,2.96,2.91,2.7,2.98,2.84,,,,2.65,3,2.9,2.78,3.1,3.03,2.9,3.1,2.98,,,,2.43,1.61,2.36,1.64,2.33,1.6,2.31,1.61,,
16/12/2020,Derby,Swansea,2,0,H,11,4,5,0,3.36,3.18,2.41,3.26,3.17,2.46,3.2,3.11,2.37,3.13,3.09,2.43,,,,3.25,3.2,2.3,3.31,3.22,2.45,3.26,3.27,2.51,,,,2.51,1.57,2.45,1.6,2.38,1.57,2.4,1.56,,
16/12/2020,Cardiff,Birmingham,3,2,H,13,15,7,4,2.01,3.32,4.34,2.1,3.14,4.28,1.98,3.27,4.07,2.06,3.09,4.09,,,,1.95,3.3,4.2,2.06,3.42,4.4,2.13,3.2,4.43,,,,2.43,1.61,2.66,1.52,2.35,1.59,2.57,1.49,,
16/12/2020,Middlesbrough,Luton,1,0,H,4,11,2,3,1.82,3.53,5.08,2,3.41,4.26,1.8,3.39,4.86,1.94,3.32,4.18,,,,1.75,3.5,5.25,1.85,3.5,5.25,2.02,3.5,4.55,,,,2.52,1.57,2.37,1.63,2.43,1.54,2.32,1.6,,
16/12/2020,Blackburn,Rotherham,2,1,H,11,10,4,1,1.6,3.97,6.43,1.72,3.9,5.15,1.59,3.98,5.69,1.7,3.79,4.9,,,,1.57,3.8,6.5,1.65,4.3,6.5,1.76,4,5.38,,,,1.74,2.18,1.71,2.22,1.71,2.12,1.7,2.14,,
16/12/2020,Coventry,Huddersfield,0,0,D,5,6,3,2,2.38,3.44,3.16,2.5,3.24,3.14,2.3,3.34,3.1,2.4,3.2,3.07,,,,2.25,3.5,3.1,2.41,3.5,3.3,2.55,3.35,3.2,,,,2.08,1.83,2.19,1.73,2,1.8,2.15,1.69,,
16/12/2020,Reading,Norwich,1,2,A,7,11,2,6,3.31,3.38,2.32,3.13,3.35,2.44,3.17,3.32,2.27,3.05,3.28,2.38,,,,3.2,3.4,2.25,3.35,3.45,2.35,3.2,3.4,2.5,,,,1.94,1.94,2.01,1.88,1.88,1.91,1.94,1.86,,
18/12/2020,Preston,Bristol City,1,0,H,14,8,4,3,2.26,3.41,3.44,2.22,3.4,3.52,2.22,3.32,3.33,2.22,3.28,3.37,,,,2.2,3.3,3.4,2.3,3.44,3.5,2.63,3.46,3.55,,,,2.14,1.76,2.14,1.76,2.1,1.74,2.11,1.73,,
19/12/2020,Norwich,Cardiff,2,0,H,16,10,5,3,1.99,3.73,3.86,1.85,3.76,4.45,1.97,3.57,3.71,1.85,3.61,4.2,,,,1.9,3.6,3.9,2.04,3.75,3.9,1.96,3.84,4.6,,,,1.93,1.96,1.8,2.09,1.9,1.91,1.81,2,,
19/12/2020,Birmingham,Middlesbrough,1,4,A,9,6,2,4,3.32,3.12,2.46,3.3,2.96,2.59,3.26,3.07,2.37,3.15,2.91,2.55,,,,3.4,3.1,2.3,3.45,3.22,2.5,3.38,3.1,2.65,,,,2.65,1.52,2.83,1.47,2.53,1.52,2.72,1.45,,
19/12/2020,Brentford,Reading,3,1,H,11,9,4,5,1.72,3.63,5.77,1.93,3.33,4.75,1.7,3.65,5.24,1.86,3.36,4.55,,,,1.61,3.75,5.75,1.75,3.84,5.8,1.95,3.58,5.02,,,,2.08,1.82,2.25,1.69,2,1.81,2.17,1.68,,
19/12/2020,Huddersfield,Watford,2,0,H,10,21,3,5,3.74,3.39,2.15,3.43,3.33,2.29,3.66,3.35,2.07,3.4,3.22,2.22,,,,3.6,3.5,2.05,3.85,3.5,2.22,3.64,3.33,2.31,,,,2.26,1.69,2.39,1.62,2.15,1.7,2.33,1.6,,
19/12/2020,Luton,Bournemouth,0,0,D,8,16,4,2,4.61,3.82,1.81,4.63,3.73,1.83,4.4,3.7,1.79,4.49,3.62,1.8,,,,4.5,3.8,1.75,4.65,3.9,1.85,4.95,3.84,1.88,,,,1.95,1.93,2.02,1.88,1.89,1.92,1.97,1.84,,
19/12/2020,Millwall,Nott'm Forest,1,1,D,15,4,5,1,2.34,3.2,3.48,2.5,3.04,3.35,2.35,3.09,3.27,2.42,3,3.25,,,,2.3,3.2,3.4,2.45,3.22,3.5,2.56,3.2,3.5,,,,2.54,1.56,2.78,1.48,2.45,1.54,2.71,1.45,,
19/12/2020,Sheffield Weds,Coventry,1,0,H,12,13,4,5,2.44,3.2,3.06,2.65,3.04,2.96,2.44,3.17,3.02,2.57,3.04,2.97,,,,2.45,3.25,3,2.5,3.29,3.14,2.69,3.18,3.05,,,,2.35,1.6,2.49,1.55,2.3,1.61,2.46,1.55,,
19/12/2020,Stoke,Blackburn,1,0,H,3,15,1,3,2.76,3.41,2.69,3.03,3.43,2.46,2.7,3.35,2.58,2.9,3.33,2.44,,,,2.7,3.4,2.6,2.8,3.5,2.73,3.06,3.5,2.75,,,,2,1.88,2.08,1.82,1.95,1.85,2.05,1.77,,
19/12/2020,Swansea,Barnsley,2,0,H,6,8,2,1,2.17,3.22,3.88,2.17,3.24,3.86,2.11,3.23,3.7,2.15,3.16,3.66,,,,2.05,3.4,3.75,2.23,3.4,3.9,2.23,3.31,3.93,,,,2.19,1.74,2.37,1.63,2.11,1.73,2.29,1.62,,
19/12/2020,Wycombe,QPR,1,1,D,15,11,7,5,3.4,3.59,2.2,3.86,3.8,1.97,3.29,3.45,2.17,3.65,3.64,1.97,,,,3.25,3.6,2.15,3.47,3.6,2.25,3.86,3.85,2.05,,,,1.99,1.89,1.72,2.2,1.96,1.85,1.75,2.07,,
26/12/2020,Barnsley,Huddersfield,2,1,H,10,6,7,1,2.22,3.3,3.62,2.41,3.14,3.39,2.18,3.27,3.43,2.32,3.12,3.3,,,,2.1,3.4,3.5,2.27,3.4,3.62,2.45,3.27,3.5,,,,2.15,1.76,2.31,1.66,2.06,1.76,2.23,1.65,,
26/12/2020,Blackburn,Sheffield Weds,1,1,D,16,7,4,1,1.75,3.78,5.2,1.75,3.66,5.43,1.73,3.67,4.93,1.69,3.65,5.29,,,,1.7,3.75,5,1.79,3.9,5.25,1.78,3.89,5.7,,,,2.06,1.84,2.08,1.81,2.02,1.79,2.03,1.79,,
26/12/2020,Bristol City,Wycombe,2,1,H,9,13,4,1,1.88,3.55,4.59,1.99,3.42,4.28,1.84,3.51,4.38,1.91,3.51,4.07,,,,1.8,3.6,4.33,1.9,3.73,4.6,2.01,3.79,4.4,,,,2.15,1.76,1.95,1.93,2.08,1.75,1.89,1.91,,
26/12/2020,Cardiff,Brentford,2,3,A,6,16,3,7,3.37,3.39,2.3,3.26,3.16,2.47,3.22,3.28,2.26,3.26,3.1,2.35,,,,3.3,3.2,2.2,3.4,3.4,2.34,3.47,3.41,2.47,,,,2.26,1.69,2.41,1.61,2.23,1.65,2.32,1.6,,
26/12/2020,Coventry,Stoke,0,0,D,7,11,2,1,2.96,3.15,2.69,2.78,3.01,2.99,2.87,3.08,2.61,2.73,2.92,2.89,,,,2.9,3.1,2.6,3,3.24,2.77,2.83,3.01,3,,,,2.43,1.61,2.71,1.51,2.34,1.59,2.64,1.47,,
26/12/2020,Derby,Preston,0,1,A,5,9,1,4,2.49,3.31,3.08,2.19,3.34,3.69,2.42,3.21,3.02,2.19,3.23,3.47,,,,2.3,3.25,3.2,2.52,3.31,3.2,2.28,3.37,3.69,,,,2.3,1.67,2.21,1.72,2.29,1.63,2.19,1.68,,
26/12/2020,Nott'm Forest,Birmingham,0,0,D,14,8,6,3,2.35,3.12,3.54,2.25,3.07,3.89,2.28,3.08,3.41,2.23,2.99,3.7,,,,2.2,3.25,3.25,2.37,3.25,3.6,2.3,3.1,3.94,,,,2.62,1.52,2.85,1.46,2.54,1.5,2.73,1.44,,
26/12/2020,QPR,Swansea,0,2,A,12,6,1,4,3.15,3.34,2.44,3.32,3.36,2.33,3.04,3.26,2.39,3.22,3.26,2.29,,,,3,3.2,2.4,3.22,3.4,2.51,3.38,3.4,2.38,,,,2.22,1.71,2.26,1.69,2.17,1.69,2.22,1.66,,
26/12/2020,Reading,Luton,2,1,H,4,8,2,3,2.09,3.4,3.9,2.54,3.09,3.23,2.08,3.29,3.69,2.48,3.03,3.1,,,,2.05,3.3,3.6,2.15,3.42,3.9,2.6,3.18,3.27,,,,2.3,1.67,2.64,1.53,2.26,1.64,2.55,1.51,,
26/12/2020,Watford,Norwich,1,0,H,7,16,1,3,2.68,3.29,2.86,2.66,3.46,2.76,2.59,3.21,2.78,2.58,3.34,2.72,,,,2.55,3.2,2.8,2.71,3.38,2.9,2.7,3.5,2.8,,,,2.11,1.78,1.87,2.02,2.1,1.74,1.81,1.99,,
29/12/2020,Birmingham,Derby,0,4,A,7,20,1,9,2.91,2.95,2.9,2.93,2.97,2.86,2.83,2.93,2.79,2.86,2.89,2.79,,,,2.8,3,2.75,2.94,3.1,2.93,2.97,3.08,2.9,,,,2.87,1.45,2.76,1.49,2.75,1.44,2.73,1.45,,
29/12/2020,Sheffield Weds,Middlesbrough,2,1,H,5,21,3,3,3.89,3.11,2.23,3.8,3.21,2.2,3.72,3.03,2.2,3.81,3.04,2.16,,,,3.8,3.1,2.15,3.92,3.15,2.27,4.17,3.21,2.25,,,,2.66,1.52,2.67,1.52,2.56,1.5,2.6,1.49,,
29/12/2020,Huddersfield,Blackburn,2,1,H,15,16,7,4,3.35,3.5,2.25,3.75,3.72,2.03,3.24,3.39,2.22,3.66,3.58,1.99,,,,3.3,3.4,2.2,3.42,3.55,2.33,3.92,3.77,2.07,,,,1.98,1.91,1.82,2.06,1.93,1.88,1.82,1.98,,
29/12/2020,Luton,Bristol City,2,1,H,11,8,5,1,2.25,3.29,3.58,2.13,3.38,3.8,2.23,3.2,3.43,2.12,3.27,3.6,,,,2.15,3.25,3.6,2.28,3.35,3.67,2.25,3.4,3.89,,,,2.33,1.65,2.28,1.68,2.29,1.63,2.23,1.65,,
29/12/2020,Norwich,QPR,1,1,D,23,12,9,3,1.59,4.32,5.82,1.63,4.32,5.34,1.57,4.22,5.48,1.62,4.2,5.03,,,,1.55,4.2,5.75,1.61,4.5,6,1.66,4.4,5.4,,,,1.68,2.29,1.56,2.53,1.66,2.23,1.56,2.42,,
29/12/2020,Preston,Coventry,2,0,H,7,10,4,4,2.32,3.22,3.49,2.46,3.11,3.34,2.27,3.18,3.35,2.37,3.08,3.25,,,,2.25,3.1,3.5,2.36,3.32,3.54,2.49,3.26,3.4,,,,2.39,1.63,2.42,1.61,2.3,1.62,2.34,1.59,,
29/12/2020,Rotherham,Barnsley,1,2,A,10,7,5,3,3.91,3.26,2.15,3.77,3.32,2.16,3.74,3.25,2.09,3.61,3.23,2.14,,,,3.8,3.3,2.05,4,3.37,2.15,4,3.4,2.27,,,,2.18,1.74,2.13,1.78,2.1,1.73,2.09,1.74,,
29/12/2020,Wycombe,Cardiff,2,1,H,12,16,4,3,4.2,3.43,2,4.34,3.63,1.91,4.03,3.38,1.96,4.14,3.46,1.9,,,,4.2,3.4,1.95,4.3,3.5,2.03,4.4,3.63,1.96,,,,2.13,1.77,2.01,1.88,2.06,1.77,1.99,1.82,,
29/12/2020,Stoke,Nott'm Forest,1,1,D,6,14,4,2,2.57,3.06,3.22,2.67,3.05,3.08,2.52,2.99,3.08,2.57,2.95,3.05,,,,2.5,3.1,3,2.62,3.15,3.25,2.7,3.08,3.2,,,,2.86,1.46,2.81,1.47,2.76,1.45,2.72,1.45,,
30/12/2020,Brentford,Bournemouth,2,1,H,16,11,8,6,2.56,3.38,2.93,2.43,3.35,3.14,2.51,3.3,2.82,2.39,3.26,3.04,,,,2.4,3.4,2.9,2.6,3.42,2.98,2.48,3.41,3.2,,,,2.13,1.77,1.99,1.9,2.06,1.76,1.96,1.85,,
30/12/2020,Swansea,Reading,0,0,D,11,8,6,3,2.2,3.15,3.89,2.06,3.19,4.37,2.12,3.16,3.73,2.03,3.11,4.19,,,,2.1,3.2,3.8,2.2,3.34,3.95,2.1,3.22,4.43,,,,2.46,1.6,2.72,1.5,2.36,1.59,2.61,1.48,,
01/01/2021,Sheffield Weds,Derby,1,0,H,10,14,5,3,3.45,3.18,2.36,3.6,3.25,2.26,3.39,3.1,2.29,3.45,3.14,2.25,,,,3.4,3.1,2.25,3.65,3.24,2.42,3.67,3.27,2.4,,,,2.59,1.54,2.45,1.6,2.49,1.53,2.42,1.56,,
02/01/2021,Birmingham,Blackburn,0,2,A,7,11,1,6,3.64,3.47,2.15,3.78,3.54,2.08,3.51,3.33,2.13,3.63,3.42,2.06,,,,3.6,3.4,2.1,3.75,3.5,2.21,3.99,3.6,2.12,,,,2.2,1.72,2.02,1.87,2.21,1.66,2.01,1.8,,
02/01/2021,Huddersfield,Reading,1,2,A,7,8,2,5,2.67,3.24,2.9,2.55,3.18,3.11,2.56,3.16,2.86,2.51,3.07,3.01,,,,2.5,3.4,2.8,2.7,3.4,2.95,2.64,3.2,3.21,,,,2.3,1.67,2.41,1.61,2.22,1.66,2.36,1.58,,
02/01/2021,Millwall,Coventry,1,2,A,6,17,3,5,2.09,3.13,4.34,2.17,3.06,4.14,2.06,3.08,4.12,2.13,3,4.01,,,,2.05,3.1,4.2,2.16,3.24,4.5,2.24,3.13,4.38,,,,2.58,1.55,2.69,1.51,2.63,1.47,2.67,1.46,,
02/01/2021,Norwich,Barnsley,1,0,H,11,8,6,2,1.77,3.9,4.81,1.71,3.81,5.4,1.77,3.75,4.53,1.7,3.74,5.09,,,,1.75,3.75,4.75,1.85,4,4.88,1.75,3.9,5.52,,,,1.81,2.07,1.88,2.01,1.79,2.02,1.84,1.96,,
02/01/2021,Preston,Nott'm Forest,0,1,A,14,10,3,1,2.54,3.21,3.1,2.96,3.08,2.74,2.48,3.15,2.98,2.86,2.99,2.7,,,,2.45,3.25,3,2.59,3.28,3.13,2.98,3.15,2.98,,,,2.35,1.65,2.58,1.55,2.3,1.61,2.52,1.52,,
02/01/2021,Swansea,Watford,2,1,H,13,11,5,3,2.89,3.15,2.75,2.76,3.14,2.89,2.76,3.07,2.72,2.74,3.02,2.8,,,,2.75,3.1,2.75,2.9,3.24,2.85,2.85,3.19,2.96,,,,2.48,1.58,2.5,1.58,2.38,1.57,2.44,1.55,,
02/01/2021,Wycombe,Middlesbrough,1,3,A,12,21,2,7,4.21,3.43,2,4.44,3.52,1.93,4.09,3.33,1.96,4.27,3.42,1.9,,,,4.2,3.3,1.95,4.45,3.5,2.05,4.65,3.6,2.02,,,,2.1,1.79,2.12,1.78,2.07,1.76,2.1,1.73,,
02/01/2021,Stoke,Bournemouth,0,1,A,11,10,3,2,3.68,3.47,2.14,3.52,3.29,2.27,3.54,3.34,2.12,3.39,3.24,2.22,,,,3.6,3.4,2.1,3.75,3.48,2.21,3.58,3.42,2.3,,,,2.16,1.75,2.26,1.69,2.14,1.71,2.21,1.66,,
12/01/2021,Luton,QPR,0,2,A,9,13,2,8,2.37,3.31,3.29,2.44,3.36,3.12,2.32,3.26,3.16,2.4,3.3,2.99,,,,2.25,3.3,3.25,2.42,3.42,3.35,2.48,3.48,3.25,,,,2.09,1.8,2.01,1.88,2.06,1.76,1.99,1.82,,
12/01/2021,Bournemouth,Millwall,1,1,D,6,15,2,6,1.79,3.53,5.35,1.8,3.65,5,1.75,3.51,5.05,1.78,3.57,4.73,,,,1.72,3.5,5.25,1.81,3.7,5.41,1.83,3.75,5.07,,,,2.26,1.69,2.07,1.83,2.17,1.69,2.04,1.78,,
16/01/2021,Middlesbrough,Birmingham,0,1,A,8,6,3,2,1.85,3.5,4.94,1.83,3.44,5.23,1.83,3.4,4.71,1.81,3.36,4.95,,,,1.8,3.4,5,1.88,3.51,5.09,1.87,3.5,5.25,,,,2.53,1.56,2.5,1.58,2.41,1.56,2.41,1.56,,
16/01/2021,Blackburn,Stoke,1,1,D,7,14,3,2,2.13,3.28,3.93,2.01,3.33,4.31,2.09,3.27,3.7,1.97,3.3,4.1,,,,2,3.4,3.8,2.17,3.48,3.93,2.14,3.46,4.45,,,,2.23,1.71,2.31,1.66,2.15,1.7,2.24,1.65,,
16/01/2021,Bournemouth,Luton,0,1,A,14,8,4,4,1.6,3.91,6.59,1.66,3.88,5.82,1.59,3.86,6.03,1.63,3.8,5.66,,,,1.57,3.8,6.5,1.64,4,6.59,1.68,4.07,6.1,,,,2.05,1.85,1.93,1.96,1.98,1.83,1.89,1.91,,
16/01/2021,Bristol City,Preston,2,0,H,13,9,5,1,2.7,3.16,2.93,2.87,3.18,2.74,2.6,3.14,2.84,2.78,3.13,2.67,,,,2.6,3.2,2.8,2.76,3.25,2.96,2.91,3.25,2.79,,,,2.18,1.74,2.2,1.72,2.11,1.73,2.14,1.71,,
16/01/2021,Cardiff,Norwich,1,2,A,12,17,4,7,3.23,3.51,2.31,3.26,3.63,2.25,3.12,3.4,2.27,3.21,3.48,2.21,,,,3.1,3.4,2.3,3.26,3.55,2.37,3.34,3.63,2.31,,,,1.94,1.94,1.88,2.02,1.9,1.91,1.85,1.95,,
16/01/2021,Derby,Rotherham,0,1,A,9,10,4,3,1.96,3.48,4.32,2.01,3.36,4.27,1.96,3.41,3.99,1.96,3.3,4.15,,,,1.9,3.5,4.2,2.03,3.6,4.34,2.04,3.41,4.45,,,,2.15,1.76,2.3,1.67,2.08,1.75,2.24,1.65,,
16/01/2021,Nott'm Forest,Millwall,3,1,H,17,15,5,5,2.48,3.01,3.43,2.71,2.97,3.12,2.39,2.99,3.32,2.6,2.92,3.07,,,,2.37,3,3.4,2.53,3.14,3.46,2.75,3.1,3.34,,,,2.74,1.5,2.86,1.45,2.6,1.49,2.74,1.45,,
16/01/2021,Watford,Huddersfield,2,0,H,10,5,7,1,1.67,3.9,5.66,1.5,4.55,7,1.66,3.81,5.24,1.49,4.34,6.7,,,,1.66,3.8,5.25,1.71,4,5.72,1.58,4.55,7.67,,,,2.01,1.88,1.79,2.1,1.96,1.85,1.8,2.01,,
16/01/2021,Barnsley,Swansea,0,2,A,15,7,3,2,2.99,3.09,2.71,3.18,3.07,2.58,2.86,3.07,2.63,2.98,3,2.59,,,,2.8,3.2,2.6,3,3.2,2.77,3.18,3.1,2.75,,,,2.37,1.63,2.57,1.55,2.26,1.64,2.47,1.53,,
19/01/2021,Derby,Bournemouth,1,0,H,12,10,6,2,3.72,3.4,2.15,3.68,3.47,2.14,3.6,3.31,2.12,3.61,3.35,2.09,,,,3.6,3.4,2.1,3.78,3.44,2.2,3.8,3.5,2.18,,,,2.24,1.7,2.15,1.76,2.17,1.69,2.12,1.72,,
19/01/2021,Reading,Coventry,3,0,H,12,7,6,2,2.21,3.26,3.71,2.28,3.21,3.6,2.17,3.21,3.59,2.2,3.17,3.53,,,,2.15,3.25,3.6,2.22,3.35,3.74,2.37,3.4,3.7,,,,2.45,1.6,2.52,1.57,2.35,1.59,2.4,1.57,,
19/01/2021,Rotherham,Stoke,3,3,D,13,11,3,4,3.08,3.16,2.59,2.82,3.09,2.87,3.03,3.08,2.51,2.8,3.01,2.76,,,,3,3.2,2.45,3.15,3.22,2.63,3.2,3.16,2.89,,,,2.43,1.61,2.58,1.55,2.36,1.59,2.56,1.5,,
19/01/2021,Watford,Barnsley,1,0,H,9,11,3,0,1.81,3.58,5.05,1.88,3.44,4.78,1.79,3.52,4.78,1.86,3.41,4.49,,,,1.75,3.5,4.75,1.84,3.65,5.05,1.92,3.58,4.8,,,,2.13,1.77,2.18,1.74,2.09,1.74,2.13,1.72,,
20/01/2021,Norwich,Bristol City,2,0,H,14,3,6,0,1.61,3.91,6.41,1.56,4.14,6.64,1.6,3.87,5.9,1.53,4.17,6.35,,,,1.57,3.8,6.5,1.65,4.1,6.5,1.58,4.33,7.26,,,,1.87,2.02,1.77,2.13,1.86,1.94,1.74,2.09,,
20/01/2021,Brentford,Luton,1,0,H,15,11,5,3,1.62,3.76,6.74,1.63,3.75,6.7,1.6,3.76,6.14,1.6,3.76,6.23,,,,1.57,3.8,6.5,1.65,3.95,6.75,1.66,4,7.11,,,,2.07,1.83,2.08,1.83,2.01,1.8,2.05,1.77,,
20/01/2021,Cardiff,QPR,0,1,A,11,11,6,5,2.25,3.39,3.45,2.2,3.46,3.5,2.21,3.33,3.3,2.16,3.37,3.4,,,,2.15,3.3,3.5,2.26,3.48,3.5,2.25,3.58,3.66,,,,2.06,1.84,1.94,1.94,2.02,1.79,1.92,1.88,,
20/01/2021,Huddersfield,Millwall,0,1,A,8,5,1,1,3.14,3.31,2.46,3.36,3.27,2.36,3.06,3.2,2.41,3.27,3.17,2.31,,,,3.1,3.3,2.37,3.2,3.35,2.5,3.37,3.3,2.4,,,,2.41,1.61,2.3,1.67,2.33,1.61,2.28,1.62,,
20/01/2021,Nott'm Forest,Middlesbrough,1,2,A,5,16,1,4,2.69,3.16,2.95,2.81,2.98,2.98,2.63,3.07,2.87,2.71,2.93,2.92,,,,2.6,3.1,2.9,2.72,3.2,2.98,2.84,3.08,3,,,,2.59,1.54,2.75,1.49,2.49,1.53,2.61,1.48,,
20/01/2021,Birmingham,Preston,0,1,A,14,5,2,2,2.82,3.15,2.81,2.75,3.06,2.97,2.73,3.09,2.75,2.68,3.02,2.87,,,,2.75,3.1,2.7,2.87,3.24,2.82,2.81,3.24,3.02,,,,2.49,1.58,2.49,1.58,2.4,1.57,2.4,1.57,,
22/01/2021,Stoke,Watford,1,2,A,14,7,3,4,3.42,3.13,2.4,3.31,3.09,2.49,3.32,3.08,2.34,3.2,3.08,2.41,,,,3.4,3.1,2.3,3.42,3.31,2.47,3.31,3.31,2.54,,,,2.58,1.55,2.63,1.53,2.49,1.53,2.47,1.54,,
23/01/2021,QPR,Derby,0,1,A,12,6,2,2,2.66,3.21,2.95,2.77,3.22,2.81,2.57,3.13,2.88,2.67,3.14,2.77,,,,2.55,3.2,2.9,2.72,3.25,3.03,2.79,3.25,2.93,,,,2.23,1.71,2.21,1.72,2.16,1.69,2.18,1.68,,
24/01/2021,Preston,Reading,0,0,D,8,12,2,4,2.77,3.19,2.83,2.89,3.08,2.81,2.67,3.11,2.77,2.8,3.03,2.72,,,,2.62,3.2,2.7,2.82,3.28,2.9,2.93,3.32,2.86,,,,2.3,1.67,2.47,1.59,2.26,1.64,2.38,1.58,,
24/01/2021,Middlesbrough,Blackburn,0,1,A,12,7,3,2,2.58,3.14,3.11,2.41,3.27,3.26,2.49,3.16,2.97,2.39,3.17,3.13,,,,2.37,3.2,3,2.58,3.35,3.18,2.5,3.35,3.34,,,,2.22,1.71,2.21,1.72,2.19,1.67,2.17,1.69,,
26/01/2021,Bristol City,Huddersfield,2,1,H,4,26,2,6,2.49,3.24,3.14,2.47,3.25,3.17,2.46,3.17,3.02,2.4,3.18,3.09,,,,2.4,3.2,3.1,2.55,3.3,3.14,2.53,3.28,3.23,,,,2.17,1.75,2.25,1.7,2.12,1.72,2.18,1.68,,
26/01/2021,Millwall,Watford,0,0,D,4,13,2,5,3.42,3.05,2.45,3.76,3.24,2.21,3.3,3.01,2.4,3.53,3.13,2.22,,,,3.3,3.1,2.37,3.45,3.1,2.49,3.9,3.28,2.3,,,,2.53,1.56,2.39,1.63,2.44,1.55,2.32,1.61,,
27/01/2021,Barnsley,Cardiff,2,2,D,12,11,4,4,2.55,3.12,3.19,2.67,3.06,3.06,2.48,3.1,3.05,2.56,3.03,3,,,,2.4,3.1,3.2,2.6,3.2,3.22,2.71,3.2,3.17,,,,2.29,1.67,2.34,1.65,2.19,1.67,2.28,1.62,,
27/01/2021,Coventry,Sheffield Weds,2,0,H,14,6,5,1,,,,2.15,3.31,3.82,2.27,3.3,3.23,2.1,3.24,3.7,,,,2.25,3.25,3.2,2.35,3.42,3.31,2.2,3.49,3.9,,,,,,2.38,1.63,2.1,1.72,2.31,1.61,,
27/01/2021,Middlesbrough,Rotherham,0,3,A,14,11,1,6,1.87,3.56,4.66,1.95,3.48,4.34,1.85,3.44,4.44,1.92,3.38,4.21,,,,1.8,3.5,4.75,1.91,3.57,4.75,1.98,3.5,4.5,,,,2.28,1.68,2.21,1.72,2.25,1.64,2.2,1.67,,
27/01/2021,Swansea,Brentford,1,1,D,2,21,1,5,2.96,3.27,2.6,3.22,3.26,2.44,2.84,3.18,2.58,3.1,3.14,2.42,,,,2.9,3.25,2.5,3,3.29,2.73,3.26,3.26,2.5,,,,2.38,1.63,2.39,1.63,2.29,1.62,2.33,1.6,,
29/01/2021,Reading,Bournemouth,3,1,H,18,19,9,5,3.4,3.38,2.28,3.63,3.43,2.17,3.33,3.31,2.22,3.44,3.34,2.16,,,,3.3,3.4,2.2,3.5,3.4,2.34,3.7,3.6,2.26,,,,2.16,1.75,2.12,1.78,2.11,1.73,2.04,1.77,,
30/01/2021,Norwich,Middlesbrough,0,0,D,10,12,0,3,1.88,3.75,4.37,1.76,3.86,4.91,1.84,3.67,4.23,1.73,3.71,4.86,,,,1.8,3.75,4.33,1.9,3.9,4.46,1.78,3.88,5.1,,,,2,1.89,2.03,1.86,1.95,1.86,1.99,1.81,,
30/01/2021,Birmingham,Coventry,1,1,D,13,13,3,3,2.86,3.13,2.79,3.03,2.97,2.77,2.72,3.06,2.78,2.95,2.9,2.71,,,,2.7,3.1,2.8,2.9,3.2,2.9,3.1,3.16,2.82,,,,2.58,1.55,2.69,1.51,2.47,1.53,2.79,1.43,,
30/01/2021,Blackburn,Luton,1,0,H,10,7,2,1,1.86,3.54,4.75,1.93,3.45,4.47,1.84,3.46,4.48,1.9,3.39,4.28,,,,1.83,3.5,4.5,1.9,3.68,4.75,1.96,3.64,4.6,,,,2.08,1.82,2.06,1.84,2.04,1.78,2.03,1.78,,
30/01/2021,Brentford,Wycombe,7,2,H,22,11,13,5,1.34,5.39,9.82,1.34,5.46,9.81,1.35,5.14,8.61,1.31,5.4,9.59,,,,1.33,5.25,9,1.38,5.5,9.82,1.37,5.75,11,,,,1.65,2.34,1.62,2.4,1.64,2.26,1.63,2.27,,
30/01/2021,Cardiff,Millwall,1,1,D,17,5,3,1,2.35,3.23,3.42,2.43,3.06,3.46,2.32,3.16,3.27,2.39,2.98,3.34,,,,2.25,3.2,3.4,2.4,3.28,3.45,2.47,3.15,3.5,,,,2.44,1.6,2.77,1.49,2.35,1.59,2.69,1.46,,
30/01/2021,Derby,Bristol City,1,0,H,12,4,6,2,1.93,3.54,4.4,1.93,3.39,4.64,1.93,3.38,4.16,1.91,3.33,4.37,,,,1.9,3.3,4.33,2,3.54,4.4,1.99,3.55,4.86,,,,2.21,1.72,2.23,1.71,2.17,1.69,2.14,1.7,,
30/01/2021,Huddersfield,Stoke,1,1,D,18,7,4,1,3.28,3.22,2.42,3.05,3.18,2.6,3.17,3.18,2.36,3,3.1,2.51,,,,3.2,3.25,2.3,3.31,3.27,2.48,3.22,3.21,2.66,,,,2.25,1.7,2.38,1.63,2.17,1.69,2.3,1.61,,
30/01/2021,Nott'm Forest,Barnsley,0,0,D,6,12,1,3,2.54,3.29,3.03,2.66,3.26,2.89,2.45,3.21,2.98,2.52,3.17,2.93,,,,2.45,3.2,3,2.6,3.32,3.1,2.66,3.28,3.07,,,,2.29,1.67,2.31,1.66,2.23,1.66,2.28,1.62,,
30/01/2021,Rotherham,Swansea,1,3,A,13,6,2,5,3.39,3.21,2.37,3.28,3.33,2.37,3.26,3.16,2.33,3.21,3.19,2.34,,,,3.3,3.2,2.3,3.55,3.31,2.41,3.38,3.33,2.44,,,,2.4,1.62,2.37,1.63,2.31,1.62,2.32,1.6,,
30/01/2021,Sheffield Weds,Preston,1,0,H,10,10,2,3,2.98,3.21,2.63,3.16,3.15,2.54,2.92,3.13,2.56,2.98,3.08,2.53,,,,2.9,3.2,2.5,3.01,3.23,2.66,3.24,3.23,2.65,,,,2.4,1.62,2.5,1.58,2.3,1.62,2.37,1.58,,
01/02/2021,Watford,QPR,1,2,A,10,13,4,5,1.78,3.64,5.05,1.78,3.76,4.93,1.77,3.59,4.69,1.73,3.71,4.82,,,,1.8,3.6,4.5,1.82,3.75,5.11,1.78,3.88,5.24,,,,2.05,1.83,1.97,1.92,2.01,1.79,1.94,1.86,,
02/02/2021,Millwall,Norwich,0,0,D,15,17,3,2,3.98,3.4,2.07,4.06,3.58,1.98,3.79,3.29,2.06,3.92,3.43,1.97,,,,3.8,3.25,2.05,4.01,3.4,2.1,4.07,3.6,2.04,,,,2.29,1.67,2.16,1.75,2.25,1.64,2.1,1.73,,
02/02/2021,Bournemouth,Sheffield Weds,1,2,A,12,14,5,5,1.47,4.43,8.09,1.48,4.44,7.68,1.46,4.29,7.38,1.48,4.32,6.87,,,,1.44,4.33,8,1.5,4.5,8.09,1.52,4.61,7.68,,,,1.96,1.93,1.76,2.15,1.94,1.86,1.76,2.07,,
02/02/2021,Coventry,Nott'm Forest,1,2,A,14,6,5,1,2.78,3.13,2.88,2.76,3.05,2.96,2.7,3.01,2.85,2.67,2.99,2.89,,,,2.62,3.1,2.87,2.83,3.13,2.96,2.8,3.16,3,,,,2.53,1.56,2.59,1.54,2.48,1.54,2.48,1.53,,
02/02/2021,Wycombe,Birmingham,0,0,D,3,18,2,5,3.39,3.31,2.32,3.73,3.38,2.16,3.26,3.22,2.3,3.5,3.26,2.16,,,,3.2,3.25,2.3,3.41,3.31,2.39,3.73,3.4,2.29,,,,2.28,1.68,2.23,1.7,2.19,1.68,2.19,1.68,,
03/02/2021,Rotherham,Derby,3,0,H,9,10,4,2,2.97,3.19,2.65,3.07,3.29,2.52,2.9,3.13,2.57,2.99,3.2,2.46,,,,2.87,3.25,2.55,3,3.3,2.71,3.12,3.36,2.55,,,,2.36,1.64,2.32,1.66,2.31,1.62,2.23,1.66,,
03/02/2021,Brentford,Bristol City,3,2,H,17,7,8,4,1.42,4.5,9.36,1.46,4.43,8.27,1.42,4.42,7.99,1.44,4.4,7.61,,,,1.4,4.5,8.5,1.49,4.75,9.5,1.5,4.61,8.69,,,,1.81,2.08,1.81,2.08,1.81,1.99,1.77,2.06,,
05/02/2021,Swansea,Norwich,2,0,H,9,13,4,1,2.89,3.15,2.75,2.68,3.23,2.91,2.82,3.05,2.7,2.66,3.13,2.8,,,,2.87,3,2.7,2.91,3.2,2.8,2.81,3.29,2.96,,,,2.32,1.66,2.15,1.76,2.29,1.62,2.15,1.7,,
06/02/2021,Coventry,Watford,0,0,D,14,13,6,3,3.89,3.3,2.13,3.87,3.18,2.2,3.74,3.23,2.1,3.7,3.13,2.16,,,,3.8,3.3,2.05,4,3.31,2.15,3.92,3.36,2.24,,,,2.3,1.67,2.65,1.52,2.22,1.67,2.45,1.54,,
06/02/2021,Bournemouth,Birmingham,3,2,H,8,9,4,6,1.72,3.73,5.45,1.78,3.54,5.44,1.68,3.7,5.32,1.73,3.52,5.23,,,,1.61,3.7,6,1.75,3.97,6,1.8,3.75,5.75,,,,2.1,1.79,2.19,1.73,2.04,1.78,2.14,1.71,,
06/02/2021,Bristol City,Cardiff,0,2,A,7,12,1,4,3.45,3.27,2.32,4.04,3.52,2.01,3.28,3.22,2.28,3.87,3.32,2.02,,,,3.3,3.2,2.3,3.45,3.3,2.4,4.1,3.52,2.18,,,,2.23,1.7,2.28,1.68,2.18,1.68,2.25,1.64,,
06/02/2021,Luton,Huddersfield,1,1,D,14,7,4,2,2.41,3.24,3.29,2.42,3.29,3.22,2.35,3.18,3.18,2.37,3.17,3.15,,,,2.37,3.1,3.25,2.45,3.29,3.32,2.45,3.29,3.31,,,,2.28,1.68,2.22,1.71,2.19,1.68,2.2,1.67,,
06/02/2021,Middlesbrough,Brentford,1,4,A,11,15,6,6,3.43,3.11,2.41,3.4,3.22,2.37,3.32,3.05,2.35,3.31,3.12,2.31,,,,3.25,3.1,2.37,3.45,3.25,2.45,3.52,3.25,2.39,,,,2.28,1.68,2.25,1.69,2.22,1.66,2.2,1.67,,
06/02/2021,Millwall,Sheffield Weds,4,1,H,21,4,9,2,2.09,3.23,4.17,2.19,3.18,3.88,2.05,3.19,3.96,2.14,3.09,3.78,,,,2.1,3.1,3.9,2.17,3.3,4.2,2.24,3.2,3.99,,,,2.59,1.54,2.83,1.47,2.45,1.54,2.71,1.45,,
06/02/2021,Preston,Rotherham,1,2,A,14,15,6,5,2.41,3.32,3.21,2.57,3.22,3.05,2.38,3.25,3.07,2.59,3.14,2.86,,,,2.37,3.3,3,2.49,3.4,3.27,2.7,3.34,3.09,,,,2.27,1.68,2.23,1.71,2.22,1.66,2.19,1.67,,
06/02/2021,QPR,Blackburn,1,0,H,12,15,2,7,3.09,3.44,2.42,2.86,3.57,2.51,2.99,3.3,2.41,2.84,3.42,2.44,,,,3,3.2,2.45,3.11,3.44,2.5,3.05,3.57,2.53,,,,1.94,1.94,1.8,2.09,1.93,1.88,1.8,2.01,,
06/02/2021,Stoke,Reading,0,0,D,10,8,2,1,2.66,3.12,3.01,2.73,3.04,3.01,2.55,3.1,2.95,2.69,2.98,2.89,,,,2.5,3.1,3,2.71,3.25,3.1,2.79,3.13,3.05,,,,2.51,1.57,2.66,1.52,2.38,1.57,2.58,1.5,,
06/02/2021,Wycombe,Nott'm Forest,0,3,A,11,17,1,5,3.98,3.49,2.04,3.87,3.52,2.06,3.85,3.4,2,3.77,3.41,2.02,,,,4,3.3,2,4.15,3.55,2.09,3.98,3.6,2.09,,,,2.23,1.7,2.11,1.78,2.14,1.71,2.1,1.73,,
09/02/2021,Rotherham,Cardiff,1,2,A,15,12,3,6,3.03,3.26,2.56,3.02,3.25,2.58,2.9,3.18,2.53,3,3.19,2.45,,,,2.9,3.25,2.5,3.05,3.38,2.6,3.16,3.38,2.58,,,,2.15,1.76,2.24,1.7,2.14,1.71,2.17,1.69,,
09/02/2021,Sheffield Weds,Wycombe,2,0,H,15,6,8,2,2.01,3.52,4.06,1.97,3.39,4.43,1.97,3.44,3.94,1.93,3.35,4.2,,,,1.9,3.6,4,2.03,3.62,4.18,2,3.52,4.45,,,,2.3,1.67,2.31,1.66,2.19,1.68,2.23,1.65,,
10/02/2021,Reading,Brentford,1,3,A,8,5,3,4,3.85,3.37,2.12,3.86,3.45,2.09,3.66,3.32,2.08,3.71,3.33,2.06,,,,3.6,3.5,2.05,3.87,3.5,2.17,3.9,3.45,2.11,,,,2.22,1.71,2.16,1.75,2.12,1.72,2.1,1.73,,
12/02/2021,Blackburn,Preston,1,2,A,15,9,2,3,2,3.55,4.06,1.94,3.53,4.31,1.96,3.45,3.91,1.92,3.46,4.08,,,,1.9,3.5,4,2.03,3.6,4.06,1.98,3.6,4.55,,,,2.1,1.79,2.15,1.76,2.05,1.77,2.04,1.77,,
13/02/2021,Nott'm Forest,Bournemouth,0,0,D,10,4,3,0,3.2,3.29,2.43,3.25,3.37,2.36,3.11,3.22,2.35,3.2,3.24,2.29,,,,3.2,3.3,2.3,3.3,3.33,2.49,3.47,3.42,2.4,,,,2.21,1.72,2.09,1.8,2.1,1.74,2.1,1.73,,
13/02/2021,Birmingham,Luton,0,1,A,4,9,1,4,2.69,3.13,2.97,2.76,3.05,2.97,2.61,3.06,2.86,2.68,2.96,2.89,,,,2.7,3,2.87,2.72,3.2,3,2.76,3.1,3.05,,,,2.61,1.53,2.69,1.51,2.45,1.54,2.62,1.48,,
13/02/2021,Cardiff,Coventry,3,1,H,8,21,3,5,2.1,3.46,3.82,2.13,3.27,3.95,2.04,3.36,3.69,2.1,3.18,3.76,,,,2,3.4,3.8,2.11,3.55,4,2.2,3.38,4,,,,2.34,1.65,2.58,1.55,2.26,1.63,2.45,1.54,,
13/02/2021,Derby,Middlesbrough,2,1,H,10,7,5,5,2.78,3.11,2.88,2.75,3.03,2.99,2.7,3.06,2.77,2.74,2.97,2.8,,,,2.7,3.1,2.8,2.82,3.2,2.92,2.86,3.19,3.02,,,,2.52,1.57,2.51,1.57,2.4,1.56,2.43,1.55,,
13/02/2021,Huddersfield,Wycombe,2,3,A,10,16,4,7,1.78,3.79,4.91,1.83,3.59,4.9,1.73,3.71,4.72,1.78,3.56,4.67,,,,1.7,3.75,5,1.81,3.9,5.05,1.85,3.88,5.12,,,,2,1.88,2.01,1.88,1.97,1.83,1.97,1.83,,
13/02/2021,Norwich,Stoke,4,1,H,16,11,7,3,1.82,3.59,4.98,1.81,3.58,5.02,1.81,3.45,4.64,1.77,3.51,4.81,,,,1.8,3.4,5,1.87,3.64,5.03,1.86,3.75,5.25,,,,2.17,1.75,2.01,1.88,2.12,1.71,2.03,1.78,,
13/02/2021,Reading,Millwall,1,2,A,17,16,6,4,2.32,3.18,3.54,2.57,2.97,3.3,2.26,3.08,3.43,2.44,2.97,3.21,,,,2.2,3.1,3.6,2.35,3.2,3.6,2.63,3.13,3.5,,,,2.66,1.52,2.78,1.48,2.57,1.49,2.6,1.48,,
13/02/2021,Watford,Bristol City,6,0,H,17,4,7,1,1.61,3.91,6.55,1.58,3.87,7,1.6,3.75,5.96,1.56,3.84,6.36,,,,1.6,3.8,6,1.65,3.94,6.75,1.61,4.01,7,,,,2.08,1.81,2.19,1.73,2.03,1.78,2.11,1.72,,
14/02/2021,Brentford,Barnsley,0,2,A,14,11,3,6,1.68,3.86,5.7,1.7,3.89,5.43,1.65,3.75,5.39,1.66,3.77,5.29,,,,1.61,3.8,5.75,1.72,4,5.88,1.72,4.03,5.75,,,,1.94,1.94,1.96,1.93,1.91,1.88,1.92,1.88,,
16/02/2021,Preston,Watford,0,1,A,12,9,0,1,4.09,3.25,2.1,3.9,3.28,2.14,3.9,3.15,2.07,3.76,3.19,2.1,,,,4,3.2,2.05,4.15,3.3,2.14,4,3.34,2.16,,,,2.32,1.66,2.24,1.7,2.32,1.6,2.18,1.68,,
16/02/2021,Stoke,Sheffield Weds,1,0,H,11,5,6,2,2.12,3.13,4.2,2.21,3.08,3.96,2.07,3.07,4.06,2.15,2.99,3.88,,,,2.05,3.1,4,2.19,3.2,4.25,2.24,3.13,4.37,,,,2.89,1.44,2.71,1.5,2.69,1.46,2.66,1.47,,
16/02/2021,Bristol City,Reading,0,2,A,5,14,1,5,4.05,3.32,2.08,3.73,3.3,2.19,3.85,3.28,2.04,3.63,3.22,2.13,,,,3.8,3.25,2,4.06,3.42,2.12,3.84,3.4,2.25,,,,2.32,1.66,2.3,1.67,2.24,1.65,2.24,1.64,,
16/02/2021,Middlesbrough,Huddersfield,2,1,H,11,16,5,5,1.91,3.53,4.5,2.07,3.3,4.13,1.9,3.42,4.24,2.01,3.3,3.94,,,,1.85,3.5,4.33,1.96,3.6,4.61,2.15,3.5,4.3,,,,2.1,1.79,2.14,1.76,2.08,1.75,2.06,1.76,,
16/02/2021,Wycombe,Derby,1,2,A,17,14,6,3,4.66,3.35,1.93,3.97,3.33,2.1,4.41,3.3,1.9,3.83,3.26,2.05,,,,4.5,3.4,1.85,4.75,3.45,1.99,4.15,3.4,2.13,,,,2.29,1.68,2.2,1.72,2.23,1.65,2.17,1.68,,
16/02/2021,Luton,Cardiff,0,2,A,8,10,3,7,2.89,3.19,2.72,3.03,3.11,2.66,2.82,3.13,2.62,2.94,3.04,2.58,,,,2.8,3.2,2.62,3.05,3.25,2.74,3.1,3.15,2.7,,,,2.4,1.62,2.46,1.59,2.3,1.61,2.39,1.57,,
17/02/2021,Coventry,Norwich,0,2,A,10,12,4,5,4.43,3.47,1.94,5.18,3.91,1.72,4.15,3.37,1.93,4.93,3.81,1.7,,,,4.5,3.25,1.9,4.5,3.55,1.98,5.25,4,1.75,,,,2.08,1.82,1.88,2.02,2.05,1.76,1.85,1.95,,
17/02/2021,Millwall,Birmingham,2,0,H,8,12,4,3,2.15,3.09,4.17,2.25,2.94,4.09,2.14,3.02,3.87,2.2,2.91,3.92,,,,2.15,3,4,2.23,3.14,4.17,2.28,3,4.14,,,,2.87,1.45,2.9,1.44,2.76,1.43,2.84,1.41,,
17/02/2021,QPR,Brentford,2,1,H,9,10,3,2,4.18,3.67,1.93,4,3.67,1.97,3.91,3.63,1.91,3.91,3.55,1.93,,,,4.2,3.7,1.85,4.22,3.91,1.96,4.3,3.91,2,,,,1.8,2.09,1.85,2.04,1.78,2.03,1.81,1.99,,
17/02/2021,Swansea,Nott'm Forest,1,0,H,5,11,2,3,2.08,3.27,4.13,2.07,3.24,4.21,2.07,3.21,3.82,2,3.19,4.13,,,,2.05,3.25,3.8,2.13,3.34,4.27,2.08,3.32,4.5,,,,2.49,1.58,2.55,1.56,2.39,1.57,2.5,1.52,,
17/02/2021,Barnsley,Blackburn,2,1,H,16,8,6,3,2.65,3.33,2.85,2.61,3.34,2.9,2.61,3.25,2.73,2.56,3.26,2.79,,,,2.55,3.3,2.8,2.7,3.4,2.86,2.64,3.42,2.9,,,,2.1,1.79,2.08,1.81,2.04,1.77,2.02,1.79,,
17/02/2021,Bournemouth,Rotherham,1,0,H,11,7,6,1,1.8,3.76,4.77,1.78,3.78,4.9,1.79,3.67,4.47,1.76,3.71,4.64,,,,1.75,3.75,4.5,1.84,3.8,4.78,1.83,3.88,5.1,,,,1.81,2.08,1.85,2.05,1.8,2.01,1.79,2.02,,
19/02/2021,Watford,Derby,2,1,H,8,4,4,0,1.89,3.38,4.88,1.82,3.56,5.01,1.86,3.33,4.63,1.81,3.44,4.75,,,,1.8,3.3,4.75,1.92,3.48,5,1.87,3.6,5.01,,,,2.43,1.61,2.3,1.67,2.36,1.58,2.26,1.63,,
20/02/2021,Coventry,Brentford,2,0,H,11,10,5,2,4.75,3.62,1.84,3.62,3.28,2.23,4.42,3.55,1.83,3.63,3.28,2.11,,,,4.33,3.6,1.83,4.75,3.72,1.86,3.95,3.66,2.26,,,,2.05,1.85,2.31,1.67,1.99,1.81,2.17,1.69,,
20/02/2021,Bristol City,Barnsley,0,1,A,1,15,1,5,4.02,3.43,2.05,4.04,3.49,2.02,3.67,3.36,2.06,3.93,3.36,1.99,,,,3.5,3.4,2.1,4.02,3.5,2.18,4.15,3.56,2.06,,,,2.25,1.7,2.22,1.71,2.15,1.69,2.21,1.66,,
20/02/2021,Cardiff,Preston,4,0,H,12,12,8,5,1.99,3.48,4.18,2.02,3.36,4.23,1.96,3.37,3.99,1.99,3.29,4,,,,1.95,3.3,4.2,2.02,3.5,4.27,2.06,3.42,4.23,,,,2.29,1.68,2.29,1.67,2.24,1.65,2.24,1.64,,
20/02/2021,Huddersfield,Swansea,4,1,H,11,9,5,3,3.73,3.22,2.22,3.68,3.25,2.23,3.6,3.19,2.15,3.52,3.16,2.19,,,,3.75,3.25,2.1,3.8,3.3,2.25,3.71,3.28,2.28,,,,2.35,1.65,2.34,1.65,2.27,1.63,2.28,1.62,,
20/02/2021,Millwall,Wycombe,0,0,D,13,9,3,3,1.71,3.81,5.45,1.78,3.64,5.15,1.68,3.69,5.31,1.78,3.5,4.83,,,,1.65,3.6,5.75,1.75,3.9,5.75,1.83,3.68,5.15,,,,2.21,1.72,2.02,1.87,2.17,1.69,2.02,1.79,,
20/02/2021,Norwich,Rotherham,1,0,H,13,9,4,2,1.57,4.15,6.45,1.47,4.74,7.13,1.55,4.11,6,1.46,4.55,6.61,,,,1.5,4.2,6.5,1.6,4.38,6.56,1.51,4.75,7.4,,,,1.72,2.2,1.6,2.44,1.74,2.09,1.61,2.31,,
20/02/2021,Nott'm Forest,Blackburn,1,0,H,13,12,3,5,2.62,3.3,2.92,2.68,3.13,3,2.57,3.25,2.79,2.59,3.09,2.9,,,,2.5,3.3,2.87,2.67,3.44,2.97,2.68,3.28,3.07,,,,2.2,1.72,2.31,1.67,2.13,1.71,2.28,1.62,,
20/02/2021,QPR,Bournemouth,2,1,H,11,11,5,5,3.05,3.38,2.47,3.18,3.41,2.38,2.96,3.33,2.39,3.08,3.32,2.32,,,,3.1,3.4,2.3,3.1,3.5,2.55,3.2,3.48,2.46,,,,2,1.89,1.94,1.94,1.94,1.86,1.91,1.89,,
20/02/2021,Reading,Middlesbrough,0,2,A,13,8,3,5,2.49,3.2,3.19,2.56,3.11,3.17,2.45,3.12,3.04,2.49,3.03,3.08,,,,2.45,3.1,3.1,2.61,3.25,3.28,2.58,3.15,3.27,,,,2.54,1.56,2.62,1.53,2.44,1.54,2.57,1.5,,
20/02/2021,Sheffield Weds,Birmingham,0,1,A,10,7,3,2,2.51,3.05,3.32,2.79,2.92,3.06,2.44,2.99,3.21,2.71,2.87,2.95,,,,2.45,3,3.25,2.55,3.12,3.35,2.84,3.13,3.1,,,,2.77,1.49,2.83,1.47,2.66,1.47,2.7,1.45,,
20/02/2021,Stoke,Luton,3,0,H,18,8,8,1,2.32,3.17,3.55,2.22,3.14,3.86,2.26,3.09,3.43,2.21,3.04,3.65,,,,2.2,3.1,3.6,2.35,3.21,3.65,2.28,3.16,3.95,,,,2.66,1.52,2.64,1.52,2.54,1.51,2.56,1.5,,
23/02/2021,Birmingham,Norwich,1,3,A,14,12,6,6,5.75,3.98,1.65,6.18,4.04,1.61,5.52,3.85,1.63,5.8,3.87,1.6,,,,5.75,3.8,1.6,6,4,1.7,6.25,4.09,1.65,,,,2.15,1.76,2.07,1.83,2.05,1.77,2.03,1.79,,
23/02/2021,Derby,Huddersfield,2,0,H,12,5,4,1,2.23,3.23,3.71,2.29,3.15,3.65,2.17,3.22,3.51,2.17,3.2,3.56,,,,2.15,3.2,3.6,2.27,3.42,3.71,2.33,3.42,3.8,,,,2.24,1.7,2.3,1.67,2.17,1.68,2.19,1.67,,
23/02/2021,Middlesbrough,Bristol City,1,3,A,17,6,3,6,1.65,3.8,6.11,1.63,3.72,6.71,1.64,3.72,5.65,1.62,3.68,6.02,,,,1.61,3.7,6,1.69,3.9,6.11,1.67,3.94,6.71,,,,2.18,1.74,2.18,1.74,2.12,1.72,2.13,1.71,,
23/02/2021,Luton,Millwall,1,1,D,9,14,4,3,2.96,3.06,2.76,3.21,3.09,2.55,2.84,2.99,2.71,3.06,3.04,2.51,,,,2.8,3.1,2.7,3,3.1,2.85,3.25,3.18,2.71,,,,2.71,1.5,2.51,1.57,2.59,1.49,2.43,1.54,,
23/02/2021,Rotherham,Nott'm Forest,0,1,A,7,10,1,4,2.98,3.24,2.6,2.84,3.19,2.77,2.86,3.16,2.56,2.8,3.09,2.67,,,,2.9,3.2,2.5,3.02,3.28,2.65,2.95,3.2,2.79,,,,2.33,1.65,2.42,1.61,2.26,1.63,2.31,1.61,,
23/02/2021,Wycombe,Reading,1,0,H,9,18,5,4,4.44,3.61,1.9,4.54,3.61,1.88,4.2,3.5,1.88,4.34,3.51,1.86,,,,4.33,3.6,1.83,4.44,3.62,1.95,5,3.7,1.92,,,,2.07,1.83,2.1,1.79,2.02,1.78,2.02,1.78,,
24/02/2021,Barnsley,Stoke,2,0,H,12,12,4,1,2.42,3.2,3.31,2.3,3.17,3.59,2.35,3.16,3.18,2.27,3.12,3.4,,,,2.3,3.25,3.25,2.45,3.25,3.33,2.34,3.25,3.62,,,,2.51,1.57,2.47,1.59,2.38,1.58,2.36,1.58,,
24/02/2021,Brentford,Sheffield Weds,3,0,H,12,3,4,1,1.58,3.82,7.21,1.69,3.72,5.81,1.57,3.78,6.51,1.67,3.6,5.55,,,,1.55,3.8,6.5,1.63,4.12,7.5,1.72,3.75,6,,,,2.06,1.84,2.18,1.74,1.96,1.84,2.14,1.7,,
24/02/2021,Swansea,Coventry,1,0,H,11,8,2,1,2.06,3.29,4.17,2.15,3.26,3.88,2.02,3.22,3.97,2.13,3.13,3.73,,,,2,3.25,4,2.11,3.34,4.26,2.22,3.3,4,,,,2.47,1.59,2.52,1.57,2.37,1.58,2.44,1.54,,
24/02/2021,Blackburn,Watford,2,3,A,10,17,5,7,3.2,3.2,2.48,3.38,3.35,2.31,3.02,3.19,2.43,3.29,3.29,2.24,,,,3,3.3,2.4,3.2,3.35,2.54,3.47,3.41,2.38,,,,2.13,1.77,2.1,1.79,2.08,1.74,2.06,1.76,,
24/02/2021,Bournemouth,Cardiff,1,2,A,11,9,6,4,2.23,3.35,3.55,2.36,3.22,3.41,2.17,3.33,3.38,2.29,3.19,3.27,,,,2.15,3.4,3.4,2.27,3.48,3.55,2.42,3.3,3.43,,,,2.12,1.78,2.3,1.67,2.05,1.77,2.24,1.64,,
24/02/2021,Preston,QPR,0,0,D,15,6,3,2,2.82,3.25,2.74,3.03,3.33,2.52,2.73,3.22,2.63,2.9,3.25,2.47,,,,2.8,3.3,2.55,2.9,3.4,2.79,3.08,3.36,2.58,,,,2.12,1.78,2.1,1.79,2.06,1.76,2.04,1.77,,
26/02/2021,Derby,Nott'm Forest,1,1,D,13,13,2,5,2.72,3.01,3.05,2.73,2.93,3.13,2.64,2.96,2.96,2.64,2.9,3.03,,,,2.6,3,3,2.78,3.09,3.09,2.85,3.05,3.16,,,,2.8,1.48,2.74,1.5,2.71,1.45,2.64,1.47,,
27/02/2021,Bournemouth,Watford,1,0,H,7,12,3,1,2.89,3.34,2.62,2.82,3.27,2.73,2.79,3.26,2.56,2.74,3.2,2.65,,,,2.87,3.25,2.5,2.96,3.4,2.76,2.87,3.35,2.8,,,,2.13,1.77,2.12,1.78,2.08,1.74,2.09,1.74,,
27/02/2021,Barnsley,Millwall,2,1,H,14,6,6,3,2.26,3.33,3.49,2.15,3.22,3.96,2.2,3.24,3.41,2.13,3.13,3.75,,,,2.15,3.3,3.5,2.31,3.36,3.6,2.23,3.31,4,,,,2.42,1.61,2.67,1.52,2.35,1.59,2.59,1.49,,
27/02/2021,Birmingham,QPR,2,1,H,13,10,6,2,2.84,3.26,2.72,2.87,3.25,2.69,2.77,3.22,2.61,2.82,3.13,2.63,,,,2.8,3.3,2.55,2.9,3.32,2.73,2.95,3.26,2.72,,,,2.27,1.68,2.43,1.61,2.17,1.68,2.39,1.57,,
27/02/2021,Blackburn,Coventry,1,1,D,6,10,2,3,2.16,3.28,3.85,2.19,3.3,3.72,2.1,3.18,3.75,2.15,3.21,3.59,,,,2.05,3.25,3.8,2.2,3.3,4.25,2.25,3.4,4.1,,,,2.12,1.78,2.06,1.84,2.03,1.78,2.02,1.78,,
27/02/2021,Brentford,Stoke,2,1,H,15,10,4,3,1.84,3.6,4.79,1.81,3.54,5.15,1.83,3.49,4.47,1.8,3.45,4.73,,,,1.8,3.5,4.75,1.91,3.64,4.94,1.91,3.6,5.15,,,,2.21,1.72,2.28,1.68,2.16,1.69,2.19,1.67,,
27/02/2021,Luton,Sheffield Weds,3,2,H,7,16,3,3,2.28,3.22,3.58,2.42,3.11,3.42,2.25,3.14,3.41,2.33,3.09,3.32,,,,2.2,3.2,3.6,2.33,3.28,3.65,2.47,3.2,3.65,,,,2.46,1.59,2.42,1.61,2.37,1.58,2.34,1.59,,
27/02/2021,Middlesbrough,Cardiff,1,1,D,10,2,2,2,2.72,3.23,2.85,2.7,3.11,2.98,2.6,3.16,2.8,2.64,3.05,2.88,,,,2.62,3.1,2.75,2.76,3.28,2.99,2.74,3.25,3.01,,,,2.35,1.65,2.45,1.6,2.26,1.63,2.37,1.58,,
27/02/2021,Preston,Huddersfield,3,0,H,13,16,7,7,2.41,3.38,3.16,2.37,3.34,3.27,2.38,3.27,3.03,2.33,3.26,3.13,,,,2.3,3.4,3.1,2.46,3.4,3.25,2.43,3.48,3.28,,,,2.13,1.77,2.01,1.88,2.1,1.73,2,1.81,,
27/02/2021,Rotherham,Reading,0,1,A,17,11,1,4,2.93,3.29,2.62,3.37,3.38,2.3,2.81,3.22,2.56,3.24,3.29,2.26,,,,2.87,3.3,2.5,2.96,3.34,2.65,3.47,3.41,2.5,,,,2.25,1.7,2.22,1.71,2.17,1.69,2.18,1.68,,
27/02/2021,Swansea,Bristol City,1,3,A,21,9,9,4,1.8,3.51,5.26,1.7,3.53,6.18,1.78,3.44,4.91,1.7,3.43,5.62,,,,1.8,3.4,5,1.81,3.52,5.29,1.75,3.67,6.18,,,,2.23,1.7,2.52,1.57,2.16,1.69,2.36,1.58,,
28/02/2021,Wycombe,Norwich,0,2,A,8,19,1,5,8.23,4.58,1.44,9.84,5.5,1.34,7.45,4.46,1.43,8.45,5.07,1.35,,,,7.5,4.33,1.44,8.23,4.85,1.46,9.84,5.5,1.4,,,,1.77,2.14,1.52,2.66,1.78,2.04,1.53,2.49,,
02/03/2021,Cardiff,Derby,4,0,H,14,7,11,1,2.22,3.21,3.76,2.14,3.17,4.06,2.16,3.15,3.66,2.11,3.1,3.86,,,,2.1,3.2,3.75,2.25,3.32,3.98,2.16,3.26,4.09,,,,2.47,1.59,2.68,1.51,2.36,1.58,2.52,1.52,,
02/03/2021,Coventry,Middlesbrough,1,2,A,8,11,0,2,3.1,3.06,2.64,3.04,3.1,2.66,3,3.04,2.54,2.96,3.03,2.58,,,,2.9,3.1,2.55,3.15,3.2,2.68,3.1,3.19,2.69,,,,2.58,1.55,2.59,1.54,2.41,1.56,2.47,1.53,,
02/03/2021,Huddersfield,Birmingham,1,1,D,5,11,2,4,2.54,3.11,3.2,2.65,3.14,3.02,2.49,3.07,3.08,2.53,3.09,2.96,,,,2.45,3,3.1,2.6,3.25,3.2,2.7,3.26,3.1,,,,2.4,1.62,2.34,1.65,2.35,1.59,2.28,1.62,,
02/03/2021,Millwall,Preston,2,1,H,13,6,3,2,2.33,3.12,3.59,2.35,3.14,3.53,2.28,3.07,3.44,2.31,3.02,3.42,,,,2.25,3.1,3.5,2.4,3.24,3.65,2.38,3.14,3.6,,,,2.58,1.55,2.66,1.52,2.45,1.55,2.55,1.5,,
02/03/2021,Nott'm Forest,Luton,0,1,A,19,9,4,3,1.99,3.41,4.31,1.93,3.35,4.71,1.98,3.27,4.13,1.89,3.29,4.49,,,,1.9,3.4,4.2,2.04,3.41,4.4,1.95,3.41,4.87,,,,2.46,1.59,2.51,1.57,2.37,1.58,2.39,1.56,,
02/03/2021,Reading,Blackburn,1,0,H,9,12,4,2,2.4,3.33,3.21,2.39,3.39,3.17,2.36,3.28,3.07,2.34,3.28,3.09,,,,2.4,3.3,3,2.42,3.42,3.21,2.41,3.46,3.26,,,,2.1,1.79,2.03,1.87,2.05,1.77,1.99,1.82,,
03/03/2021,Norwich,Brentford,1,0,H,13,11,7,2,2.28,3.37,3.41,2.24,3.44,3.42,2.23,3.28,3.31,2.17,3.36,3.35,,,,2.15,3.4,3.4,2.32,3.5,3.5,2.27,3.51,3.6,,,,1.9,1.98,1.9,1.99,1.89,1.91,1.86,1.94,,
03/03/2021,QPR,Barnsley,1,3,A,13,13,4,5,2.94,3.3,2.6,3.08,3.34,2.48,2.81,3.25,2.55,2.94,3.24,2.46,,,,2.8,3.25,2.6,2.96,3.4,2.65,3.1,3.4,2.6,,,,2.13,1.77,2.11,1.78,2.06,1.76,2.08,1.74,,
03/03/2021,Watford,Wycombe,2,0,H,11,7,3,0,1.37,4.96,9.77,,,,1.36,4.84,8.64,1.39,4.66,8.3,,,,1.33,5,9.5,1.39,5.05,10,1.43,4.86,9.21,,,,1.8,2.09,,,1.76,2.06,1.81,1.99,,
03/03/2021,Bristol City,Bournemouth,1,2,A,8,14,3,5,4.32,3.52,1.94,4.63,3.63,1.85,4.14,3.47,1.9,4.43,3.56,1.82,,,,4.33,3.5,1.85,4.35,3.66,2,4.75,3.75,1.9,,,,2.02,1.87,2.06,1.84,1.97,1.83,1.99,1.81,,
03/03/2021,Sheffield Weds,Rotherham,1,2,A,15,9,5,5,2.44,3.25,3.22,,,,2.37,3.2,3.1,2.49,3.17,2.94,,,,2.3,3.3,3.2,2.47,3.3,3.29,2.6,3.32,3.1,,,,2.28,1.68,,,2.18,1.68,2.13,1.7,,
03/03/2021,Stoke,Swansea,1,2,A,9,10,2,7,2.6,3.09,3.12,2.63,2.99,3.2,2.55,3.01,3.01,2.58,2.95,3.04,,,,2.5,3.1,3,2.65,3.14,3.15,2.71,3.08,3.22,,,,2.68,1.51,2.64,1.53,2.54,1.51,2.53,1.5,,
05/03/2021,Huddersfield,Cardiff,0,0,D,9,8,3,3,3.67,3.37,2.18,3.71,3.32,2.19,3.57,3.3,2.12,3.59,3.26,2.14,,,,3.5,3.3,2.15,3.7,3.46,2.2,3.97,3.46,2.21,,,,2.22,1.71,2.3,1.67,2.15,1.69,2.21,1.66,,
06/03/2021,Watford,Nott'm Forest,1,0,H,12,9,4,0,1.93,3.31,4.75,1.93,3.39,4.59,1.91,3.27,4.45,1.92,3.3,4.38,,,,1.85,3.3,4.75,1.95,3.44,4.78,1.97,3.4,4.93,,,,2.51,1.57,2.38,1.63,2.37,1.58,2.32,1.6,,
06/03/2021,Barnsley,Birmingham,1,0,H,12,3,4,0,1.86,3.52,4.78,1.93,3.27,4.88,1.83,3.44,4.62,1.92,3.21,4.56,,,,1.8,3.6,4.5,1.88,3.6,5,1.98,3.43,4.88,,,,2.44,1.6,2.67,1.52,2.34,1.6,2.54,1.51,,
06/03/2021,Bristol City,QPR,0,2,A,7,16,1,5,3.17,3.4,2.39,3.4,3.36,2.29,3.05,3.29,2.36,3.24,3.31,2.25,,,,3.1,3.3,2.3,3.25,3.4,2.45,3.4,3.42,2.43,,,,2.11,1.79,2.06,1.84,2.06,1.76,2,1.8,,
06/03/2021,Coventry,Derby,1,0,H,10,7,3,1,2.65,3.08,3.08,2.62,3.05,3.14,2.58,3.03,2.95,2.57,2.99,3.03,,,,2.6,3.1,2.9,2.7,3.18,3.08,2.69,3.09,3.16,,,,2.54,1.56,2.62,1.53,2.45,1.54,2.52,1.51,,
06/03/2021,Millwall,Blackburn,0,2,A,12,13,2,5,2.56,3.17,3.12,2.47,3.24,3.18,2.48,3.1,3.03,2.43,3.16,3.06,,,,2.45,3.1,3.1,2.6,3.3,3.15,2.51,3.3,3.21,,,,2.34,1.65,2.32,1.66,2.27,1.63,2.26,1.63,,
06/03/2021,Norwich,Luton,3,0,H,15,7,5,2,1.44,4.54,8.65,1.36,5.14,9.97,1.42,4.48,7.77,1.35,4.98,9.1,,,,1.4,4.5,8.5,1.45,4.75,8.65,1.39,5.25,10,,,,1.82,2.07,1.74,2.19,1.82,1.99,1.71,2.13,,
06/03/2021,Preston,Bournemouth,1,1,D,10,12,3,6,3.67,3.48,2.13,3.98,3.47,2.04,3.44,3.38,2.13,3.66,3.4,2.06,,,,3.5,3.3,2.15,3.67,3.5,2.22,3.98,3.5,2.22,,,,2.1,1.79,2.06,1.83,2.04,1.77,2.03,1.78,,
06/03/2021,Reading,Sheffield Weds,3,0,H,15,4,7,0,1.84,3.46,5.08,2.06,3.2,4.33,1.82,3.39,4.77,1.99,3.21,4.21,,,,1.75,3.5,5,1.87,3.5,5.29,2.1,3.42,4.74,,,,2.43,1.61,2.42,1.61,2.36,1.59,2.34,1.59,,
06/03/2021,Stoke,Wycombe,2,0,H,16,13,6,2,1.57,4.16,6.43,1.65,3.9,5.96,1.57,3.97,5.97,1.63,3.8,5.73,,,,1.55,4,6.5,1.63,4.2,6.51,1.69,4,6.14,,,,2.08,1.83,2.02,1.88,2.06,1.76,2.01,1.79,,
06/03/2021,Swansea,Middlesbrough,2,1,H,5,8,4,3,2.48,3.17,3.25,2.58,3.02,3.24,2.4,3.12,3.15,2.49,3.01,3.14,,,,2.4,3.1,3.2,2.52,3.24,3.3,2.65,3.17,3.66,,,,2.46,1.6,2.65,1.52,2.35,1.58,2.51,1.52,,
09/03/2021,Blackburn,Swansea,1,1,D,15,10,4,1,2.88,3.25,2.69,3.05,3.29,2.52,2.79,3.15,2.63,2.93,3.15,2.52,,,,2.8,3.2,2.6,2.94,3.26,2.75,3.08,3.29,2.62,,,,2.31,1.66,2.21,1.72,2.24,1.64,2.25,1.63,,
09/03/2021,QPR,Wycombe,1,0,H,10,11,2,2,1.62,4.1,5.91,1.6,4.16,5.98,1.61,3.96,5.59,1.61,4.03,5.49,,,,1.57,4,6,1.65,4.2,6,1.65,4.3,5.98,,,,1.79,2.1,1.83,2.06,1.79,2.02,1.78,2.02,,
10/03/2021,Barnsley,Derby,0,0,D,7,6,2,2,1.93,3.44,4.53,1.85,3.48,4.96,1.9,3.35,4.3,1.87,3.31,4.61,,,,1.9,3.25,4.5,1.95,3.5,4.61,1.95,3.5,5,,,,2.39,1.62,2.55,1.56,2.31,1.6,2.49,1.52,,
12/03/2021,Blackburn,Brentford,0,1,A,10,13,4,3,3.63,3.48,2.15,3.38,3.37,2.3,3.49,3.43,2.1,3.31,3.34,2.21,,,,3.5,3.5,2.1,3.63,3.62,2.18,3.61,3.62,2.32,,,,2.01,1.88,2.11,1.79,1.95,1.85,1.99,1.81,,
13/03/2021,Luton,Swansea,0,1,A,12,8,5,2,3.51,3.19,2.33,3.72,3.25,2.22,3.34,3.16,2.28,3.55,3.2,2.17,,,,3.5,3.2,2.2,3.51,3.32,2.38,3.8,3.31,2.25,,,,2.39,1.63,2.41,1.61,2.28,1.62,2.28,1.62,,
13/03/2021,Birmingham,Bristol City,0,3,A,9,9,0,4,2.19,3.22,3.83,2.19,3.2,3.85,2.13,3.19,3.69,2.1,3.14,3.85,,,,2.05,3.2,3.9,2.24,3.32,3.9,2.2,3.28,4.1,,,,2.53,1.56,2.52,1.57,2.39,1.56,2.44,1.54,,
13/03/2021,Bournemouth,Barnsley,2,3,A,10,17,3,6,2.26,3.33,3.51,2.22,3.36,3.57,2.22,3.26,3.35,2.2,3.25,3.43,,,,2.2,3.4,3.3,2.32,3.42,3.54,2.3,3.38,3.61,,,,2.2,1.72,2.21,1.72,2.13,1.71,2.15,1.69,,
13/03/2021,Cardiff,Watford,1,2,A,10,14,1,5,3.15,3.09,2.59,3.16,3.13,2.55,3.05,3.07,2.49,3.07,3.04,2.49,,,,3.1,3.2,2.4,3.2,3.28,2.62,3.3,3.18,2.58,,,,2.38,1.63,2.5,1.57,2.29,1.61,2.41,1.55,,
13/03/2021,Derby,Millwall,0,1,A,13,2,3,1,2.69,3.05,3.05,2.78,2.95,3.05,2.59,2.97,3.01,2.68,2.86,3.01,,,,2.55,3,3,2.72,3.12,3.13,2.83,2.96,3.1,,,,2.75,1.49,3.03,1.41,2.62,1.48,2.97,1.39,,
13/03/2021,Middlesbrough,Stoke,3,0,H,9,16,3,4,2.3,3.08,3.71,2.34,3.1,3.59,2.26,3.06,3.51,2.29,3.03,3.47,,,,2.2,3.1,3.6,2.38,3.2,3.71,2.4,3.2,3.7,,,,2.54,1.56,2.47,1.59,2.42,1.56,2.4,1.56,,
13/03/2021,Nott'm Forest,Reading,1,1,D,15,23,4,6,2.81,3.06,2.9,2.71,3.03,3.04,2.7,3.02,2.83,2.65,2.95,2.93,,,,2.7,3.1,2.87,2.85,3.16,2.95,2.78,3.13,3.05,,,,2.62,1.53,2.71,1.51,2.48,1.53,2.62,1.48,,
13/03/2021,QPR,Huddersfield,0,1,A,4,13,2,3,2.12,3.43,3.78,2.03,3.5,3.99,2.05,3.41,3.66,2.01,3.4,3.78,,,,2,3.5,3.8,2.12,3.62,3.8,2.05,3.62,4,,,,1.97,1.92,2.06,1.84,1.91,1.89,2,1.8,,
13/03/2021,Wycombe,Preston,1,0,H,14,6,5,1,3.74,3.41,2.14,3.68,3.35,2.18,3.63,3.35,2.08,3.56,3.28,2.13,,,,3.8,3.4,2,3.9,3.52,2.15,3.75,3.46,2.21,,,,2.13,1.77,2.09,1.8,2.06,1.76,2.07,1.75,,
14/03/2021,Sheffield Weds,Norwich,1,2,A,12,12,4,3,6.63,3.86,1.61,6.38,4.02,1.6,6.13,3.91,1.57,6.03,3.98,1.57,,,,6.5,3.8,1.57,6.63,4.14,1.63,7,4.2,1.62,,,,1.99,1.9,1.94,1.94,1.95,1.86,1.9,1.89,,
16/03/2021,Cardiff,Stoke,0,0,D,13,9,2,5,2.31,3.22,3.52,2.51,3.1,3.27,2.25,3.13,3.44,2.42,3.06,3.18,,,,2.2,3.1,3.5,2.34,3.25,3.55,2.52,3.2,3.4,,,,2.49,1.58,2.58,1.55,2.4,1.56,2.45,1.54,,
16/03/2021,Derby,Brentford,2,2,D,11,10,3,4,4.27,3.47,1.97,3.94,3.27,2.13,4.22,3.31,1.94,3.84,3.21,2.08,,,,4.2,3.4,1.9,4.5,3.45,1.99,4.25,3.35,2.16,,,,2.51,1.57,2.58,1.55,2.43,1.55,2.47,1.53,,
16/03/2021,Luton,Coventry,2,0,H,20,8,6,1,3.2,3.07,2.57,3.21,3.09,2.55,3.07,3.03,2.51,3.09,3.05,2.49,,,,3.2,3.1,2.45,3.25,3.11,2.64,3.23,3.17,2.7,,,,2.42,1.61,2.42,1.61,2.3,1.61,2.32,1.59,,
16/03/2021,Middlesbrough,Preston,2,0,H,15,7,3,3,1.87,3.53,4.74,2,3.41,4.25,1.85,3.42,4.51,1.98,3.27,4.08,,,,1.8,3.5,4.5,1.92,3.55,4.74,2.05,3.5,4.6,,,,2.32,1.66,2.51,1.57,2.26,1.64,2.39,1.57,,
16/03/2021,Rotherham,Watford,1,4,A,11,16,4,10,5.64,3.86,1.68,5.27,4.06,1.68,5.54,3.73,1.65,5.28,3.82,1.66,,,,5.5,3.8,1.61,5.92,3.95,1.71,5.61,4.08,1.71,,,,2.17,1.74,2.04,1.85,2.12,1.71,2.03,1.78,,
16/03/2021,Bournemouth,Swansea,3,0,H,17,7,3,2,2.15,3.34,3.8,2.05,3.44,4.01,2.1,3.28,3.66,2.06,3.32,3.73,,,,2.05,3.4,3.6,2.19,3.45,3.94,2.15,3.5,4.3,,,,2.31,1.67,2.2,1.72,2.23,1.65,2.18,1.68,,
17/03/2021,Nott'm Forest,Norwich,0,2,A,5,22,1,7,4.25,3.54,1.95,4.53,3.78,1.83,4.04,3.42,1.94,4.54,3.55,1.8,,,,4,3.5,1.9,4.27,3.6,1.97,4.88,3.8,1.85,,,,2.09,1.8,2.21,1.72,2.05,1.76,2.14,1.7,,
17/03/2021,QPR,Millwall,3,2,H,16,14,8,4,2.52,3.23,3.11,2.68,3.07,3.04,2.43,3.16,3.03,2.57,3.02,2.98,,,,2.5,3.1,3.1,2.56,3.27,3.22,2.73,3.15,3.1,,,,2.46,1.6,2.63,1.53,2.33,1.6,2.47,1.53,,
17/03/2021,Wycombe,Barnsley,1,3,A,7,14,3,4,5.08,3.67,1.78,5.7,3.96,1.66,4.79,3.52,1.77,5.37,3.82,1.64,,,,4.75,3.5,1.8,5.08,3.67,1.84,5.75,4.05,1.69,,,,2.11,1.79,2,1.89,2.04,1.77,1.99,1.81,,
17/03/2021,Birmingham,Reading,2,1,H,13,8,4,3,3.61,3.27,2.25,3.39,3.24,2.36,3.45,3.18,2.22,3.32,3.12,2.31,,,,3.6,3.2,2.15,3.7,3.31,2.28,3.46,3.26,2.38,,,,2.57,1.55,2.51,1.57,2.42,1.55,2.45,1.54,,
17/03/2021,Blackburn,Bristol City,0,0,D,13,6,2,3,1.79,3.53,5.27,1.76,3.78,5.01,1.78,3.5,4.8,1.76,3.63,4.76,,,,1.75,3.6,5,1.85,3.75,5.27,1.82,3.78,5.01,,,,2.01,1.88,1.93,1.95,1.94,1.86,1.91,1.88,,
17/03/2021,Sheffield Weds,Huddersfield,1,1,D,8,9,2,3,2.79,3.19,2.81,2.97,3.12,2.7,2.68,3.08,2.78,2.85,3.03,2.66,,,,2.62,3.2,2.8,2.82,3.22,2.95,2.97,3.17,2.75,,,,2.27,1.68,2.57,1.55,2.21,1.66,2.46,1.53,,
20/03/2021,Brentford,Nott'm Forest,1,1,D,21,8,4,1,1.71,3.72,5.66,1.69,3.69,5.89,1.69,3.62,5.25,1.66,3.65,5.63,,,,1.7,3.75,5.25,1.75,3.75,5.83,1.72,3.89,6.03,,,,2.26,1.69,2.33,1.65,2.19,1.67,2.2,1.66,,
20/03/2021,Barnsley,Sheffield Weds,1,2,A,9,6,4,2,1.66,3.89,5.83,1.77,3.66,5.22,1.65,3.75,5.46,1.72,3.59,5.13,,,,1.66,3.8,5.25,1.69,4,6.05,1.79,3.8,5.5,,,,2.3,1.67,2.31,1.66,2.21,1.66,2.25,1.64,,
20/03/2021,Bristol City,Rotherham,0,2,A,10,7,1,4,2.47,3.46,3,2.64,3.42,2.8,2.39,3.38,2.92,2.53,3.32,2.78,,,,2.37,3.5,2.9,2.5,3.5,3.05,2.68,3.5,2.9,,,,2.05,1.85,2.08,1.82,2.01,1.8,2.01,1.79,,
20/03/2021,Coventry,Wycombe,0,0,D,9,8,1,1,1.77,3.65,5.25,1.71,3.73,5.65,1.76,3.56,4.84,1.71,3.62,5.23,,,,1.75,3.6,5,1.8,3.76,5.38,1.77,3.78,5.75,,,,2.09,1.8,2.13,1.77,2.02,1.79,2.08,1.74,,
20/03/2021,Millwall,Middlesbrough,1,0,H,9,10,4,2,3.05,3.09,2.67,3.49,2.95,2.49,2.93,3.01,2.61,3.32,2.9,2.44,,,,2.9,3.1,2.6,3.12,3.1,2.71,3.5,3.06,2.52,,,,2.59,1.54,2.88,1.46,2.47,1.53,2.72,1.45,,
20/03/2021,Norwich,Blackburn,1,1,D,16,11,7,4,1.59,4.07,6.41,1.48,4.61,7.08,1.58,3.97,5.84,1.47,4.42,6.59,,,,1.55,4,6,1.62,4.24,6.42,1.52,4.72,7.16,,,,1.81,2.08,1.69,2.26,1.8,2.01,1.69,2.16,,
20/03/2021,Preston,Luton,0,1,A,9,20,2,4,2.44,3.23,3.25,2.53,3.18,3.15,2.37,3.2,3.1,2.47,3.13,3.02,,,,2.37,3.3,3.1,2.47,3.35,3.25,2.58,3.35,3.21,,,,2.41,1.61,2.37,1.63,2.3,1.61,2.28,1.62,,
20/03/2021,Reading,QPR,1,1,D,17,13,2,4,2.17,3.35,3.71,2.25,3.31,3.55,2.13,3.27,3.55,2.19,3.24,3.43,,,,2.1,3.3,3.6,2.2,3.38,3.84,2.29,3.44,3.64,,,,2.3,1.67,2.19,1.74,2.26,1.63,2.14,1.7,,
20/03/2021,Stoke,Derby,1,0,H,11,5,3,0,2.31,3.2,3.54,2.46,3.06,3.39,2.25,3.17,3.38,2.37,3.01,3.3,,,,2.25,3.2,3.4,2.31,3.25,3.64,2.51,3.15,3.52,,,,2.62,1.53,2.79,1.48,2.47,1.53,2.63,1.47,,
20/03/2021,Watford,Birmingham,3,0,H,12,14,9,1,1.54,4.19,6.97,1.74,3.53,5.81,1.52,4.06,6.57,1.7,3.5,5.55,,,,1.5,4.2,7,1.59,4.2,7.25,1.76,3.8,6,,,,2.12,1.78,2.48,1.58,2.06,1.76,2.34,1.59,,
20/03/2021,Swansea,Cardiff,0,1,A,23,9,1,7,2.68,3.08,3.03,2.41,3.15,3.39,2.59,3.03,2.92,2.42,3.05,3.19,,,,2.6,3.1,2.9,2.68,3.22,3.06,2.7,3.17,3.46,,,,2.52,1.57,2.65,1.52,2.37,1.57,2.48,1.53,,
02/04/2021,Bournemouth,Middlesbrough,3,1,H,7,8,5,1,2.16,3.41,3.69,2.01,3.52,4.03,2.12,3.3,3.55,2,3.36,3.89,,,,2.1,3.3,3.6,2.18,3.41,3.7,2.2,3.52,4.26,,,,2.31,1.66,2.15,1.76,2.28,1.62,2.15,1.7,,
02/04/2021,Bristol City,Stoke,0,2,A,9,5,1,2,3.68,3.31,2.2,3.83,3.32,2.15,3.49,3.21,2.19,3.56,3.19,2.17,,,,3.5,3.3,2.15,3.7,3.31,2.25,3.83,3.32,2.25,,,,2.34,1.65,2.31,1.67,2.25,1.65,2.28,1.62,,
02/04/2021,Cardiff,Nott'm Forest,0,1,A,18,8,3,1,2.27,3.21,3.62,2.23,3.18,3.76,2.22,3.14,3.51,2.2,3.1,3.61,,,,2.2,3.1,3.6,2.3,3.27,3.79,2.29,3.3,3.8,,,,2.55,1.56,2.6,1.54,2.43,1.55,2.53,1.51,,
02/04/2021,Derby,Luton,2,0,H,11,13,5,3,2.19,3.19,3.89,2.28,3.28,3.52,2.13,3.17,3.72,2.22,3.13,3.5,,,,2.1,3.25,3.75,2.22,3.3,3.92,2.28,3.3,3.75,,,,2.47,1.59,2.38,1.63,2.35,1.59,2.35,1.58,,
02/04/2021,Millwall,Rotherham,1,0,H,12,7,2,2,2.2,3.24,3.77,2.35,3.21,3.44,2.16,3.2,3.59,2.33,3.1,3.3,,,,2.15,3.25,3.6,2.25,3.3,3.8,2.4,3.26,3.55,,,,2.45,1.6,2.53,1.56,2.34,1.6,2.39,1.56,,
02/04/2021,Preston,Norwich,1,1,D,11,18,3,5,5.73,3.73,1.7,4.69,3.95,1.78,5.35,3.62,1.69,4.56,3.75,1.76,,,,5.5,3.5,1.7,5.8,3.8,1.74,5.5,4,1.8,,,,2,1.89,1.82,2.07,1.99,1.82,1.82,1.97,,
02/04/2021,QPR,Coventry,3,0,H,17,10,10,3,2.29,3.34,3.43,2.24,3.4,3.47,2.24,3.27,3.32,2.23,3.29,3.29,,,,2.25,3.3,3.3,2.32,3.4,3.43,2.35,3.47,3.47,,,,2.07,1.83,2.21,1.72,2.03,1.78,2.09,1.73,,
02/04/2021,Watford,Sheffield Weds,1,0,H,11,8,2,1,1.56,3.96,7.22,1.57,3.86,7.39,1.54,3.88,6.7,1.56,3.85,6.55,,,,1.5,4,7.5,1.59,4.18,7.5,1.61,4,7.39,,,,2.14,1.76,2.12,1.78,2.09,1.74,2.06,1.75,,
02/04/2021,Wycombe,Blackburn,1,0,H,9,11,2,2,4.33,3.67,1.9,4.94,3.71,1.79,4.17,3.52,1.88,4.61,3.61,1.78,,,,4.33,3.5,1.85,4.43,3.67,1.93,4.94,3.79,1.83,,,,1.95,1.93,1.96,1.93,1.9,1.9,1.91,1.88,,
02/04/2021,Barnsley,Reading,1,1,D,16,6,2,1,2.33,3.25,3.42,2.26,3.37,3.48,2.29,3.18,3.3,2.24,3.26,3.31,,,,2.3,3.1,3.4,2.35,3.3,3.45,2.3,3.61,3.48,,,,2.4,1.62,2.34,1.65,2.31,1.61,2.27,1.62,,
02/04/2021,Birmingham,Swansea,1,0,H,10,7,4,3,3.24,3.11,2.52,3.29,3.13,2.48,3.14,3.05,2.46,3.19,3.03,2.44,,,,3.1,3.1,2.45,3.24,3.2,2.54,3.45,3.41,2.52,,,,2.58,1.55,2.67,1.52,2.47,1.54,2.58,1.49,,
03/04/2021,Huddersfield,Brentford,1,1,D,3,15,2,5,4.6,3.57,1.88,4.29,3.47,1.97,4.39,3.49,1.84,4.23,3.43,1.89,,,,4.33,3.6,1.8,4.65,3.6,1.96,4.75,3.6,2,,,,2.11,1.79,2.16,1.75,2.02,1.78,2.11,1.72,,
05/04/2021,Middlesbrough,Watford,1,1,D,3,10,1,2,3.51,3.13,2.36,3.85,3.27,2.16,3.29,3.12,2.31,3.7,3.19,2.12,,,,3.5,3.1,2.25,3.54,3.25,2.4,3.97,3.28,2.2,,,,2.47,1.59,2.34,1.65,2.38,1.57,2.28,1.62,,
05/04/2021,Blackburn,Bournemouth,0,2,A,10,6,4,2,3.33,3.64,2.21,3.16,3.4,2.4,3.22,3.48,2.18,3.11,3.35,2.3,,,,3.3,3.5,2.15,3.5,3.64,2.25,3.3,3.57,2.41,,,,1.92,1.97,2.04,1.85,1.86,1.95,1.95,1.84,,
05/04/2021,Coventry,Bristol City,3,1,H,15,6,5,3,2.05,3.43,4,2.35,3.07,3.63,2.03,3.35,3.78,2.18,3.13,3.66,,,,2.05,3.25,3.8,2.09,3.5,4,2.35,3.4,4,,,,2.32,1.66,2.45,1.6,2.22,1.66,2.32,1.6,,
05/04/2021,Luton,Barnsley,1,2,A,8,17,2,7,3.52,3.3,2.27,3.74,3.51,2.1,3.41,3.23,2.21,3.58,3.38,2.09,,,,3.5,3.2,2.2,3.65,3.4,2.29,3.75,3.52,2.2,,,,2.23,1.7,2.13,1.78,2.18,1.68,2.08,1.74,,
05/04/2021,Nott'm Forest,QPR,3,1,H,20,8,8,2,2.61,3.34,2.9,2.64,3.38,2.83,2.54,3.22,2.83,2.6,3.2,2.79,,,,2.55,3.2,2.87,2.66,3.34,2.95,2.75,3.38,2.93,,,,2.26,1.69,2.23,1.71,2.2,1.67,2.2,1.66,,
05/04/2021,Reading,Derby,3,1,H,6,12,5,5,2.23,3.28,3.65,2.15,3.35,3.78,2.19,3.19,3.49,2.12,3.24,3.67,,,,2.15,3.1,3.75,2.25,3.35,3.75,2.17,3.4,4,,,,2.54,1.56,2.31,1.67,2.46,1.54,2.27,1.62,,
05/04/2021,Rotherham,Wycombe,0,3,A,19,11,7,5,1.88,3.74,4.35,1.66,4.13,5.33,1.83,3.69,4.2,1.69,3.9,4.86,,,,1.8,3.7,4.5,1.89,3.8,4.5,1.85,4.2,5.38,,,,1.98,1.91,1.81,2.08,1.91,1.88,1.81,1.99,,
05/04/2021,Stoke,Millwall,1,2,A,14,10,5,3,2.24,3.19,3.74,2.15,3.17,4.04,2.21,3.09,3.58,2.14,3.07,3.82,,,,2.2,3,3.75,2.25,3.2,3.81,2.26,3.2,4.07,,,,2.69,1.51,2.74,1.5,2.63,1.47,2.67,1.46,,
05/04/2021,Swansea,Preston,0,1,A,9,14,0,3,1.98,3.37,4.4,1.86,3.52,4.78,1.93,3.32,4.22,1.87,3.39,4.43,,,,1.9,3.4,4.2,2.02,3.42,4.62,2,3.56,4.8,,,,2.42,1.61,2.25,1.69,2.32,1.6,2.25,1.63,,
05/04/2021,Sheffield Weds,Cardiff,5,0,H,12,17,6,3,3.43,3.16,2.38,2.91,3.19,2.7,3.3,3.11,2.31,2.85,3.05,2.66,,,,3.25,3.1,2.37,3.45,3.28,2.4,3.05,3.2,2.79,,,,2.39,1.63,2.51,1.57,2.32,1.6,2.44,1.54,,
06/04/2021,Brentford,Birmingham,0,0,D,9,7,4,0,1.56,4.07,6.96,1.67,3.85,5.83,1.55,3.95,6.37,1.64,3.75,5.78,,,,1.55,3.9,6.5,1.6,4.1,7,1.69,3.9,6.75,,,,2.1,1.79,2.15,1.76,2.04,1.77,2.11,1.73,,
06/04/2021,Norwich,Huddersfield,7,0,H,22,7,11,2,1.43,4.66,8.47,1.41,4.91,8.28,1.41,4.62,7.56,1.41,4.66,7.74,,,,1.4,4.8,8,1.45,4.92,8.49,1.45,5,8.5,,,,1.75,2.16,1.75,2.16,1.71,2.12,1.76,2.06,,
09/04/2021,Watford,Reading,2,0,H,12,17,3,5,1.83,3.5,5.05,1.79,3.54,5.3,1.83,3.43,4.71,1.78,3.49,4.96,,,,1.83,3.4,4.75,1.92,3.6,5.05,1.88,3.7,5.78,,,,2.28,1.68,2.15,1.76,2.21,1.66,2.12,1.72,,
10/04/2021,Millwall,Swansea,0,3,A,12,10,2,5,2.85,3.13,2.8,3.46,3.04,2.44,2.79,3.06,2.72,3.23,3.01,2.44,,,,2.8,3.1,2.7,2.88,3.17,2.86,3.46,3.16,2.51,,,,2.62,1.53,2.68,1.51,2.52,1.51,2.6,1.49,,
10/04/2021,Barnsley,Middlesbrough,2,0,H,13,5,5,2,2.16,3.38,3.7,2.02,3.49,4.05,2.19,3.26,3.45,2.02,3.34,3.87,,,,2.1,3.3,3.6,2.26,3.38,3.7,2.12,3.5,4.05,,,,2.28,1.68,2.27,1.68,2.25,1.64,2.25,1.64,,
10/04/2021,Birmingham,Stoke,2,0,H,9,5,3,1,3.05,3.02,2.72,3,3,2.78,2.95,2.99,2.63,2.83,2.96,2.77,,,,2.9,3,2.62,3.05,3.24,2.75,3,3.1,2.88,,,,2.64,1.53,2.82,1.47,2.53,1.51,2.69,1.46,,
10/04/2021,Bournemouth,Coventry,4,1,H,12,7,7,2,1.65,3.94,5.82,1.63,3.87,6.23,1.64,3.85,5.47,1.63,3.81,5.67,,,,1.61,3.9,5.75,1.69,4,6,1.7,4,6.23,,,,2,1.88,2.18,1.74,1.93,1.87,2.07,1.76,,
10/04/2021,Bristol City,Nott'm Forest,0,0,D,7,16,1,4,3.29,3.23,2.41,3.65,3.37,2.19,3.15,3.17,2.38,3.46,3.26,2.19,,,,3.2,3,2.37,3.32,3.28,2.45,3.65,3.4,2.37,,,,2.38,1.63,2.34,1.65,2.29,1.62,2.31,1.61,,
10/04/2021,Cardiff,Blackburn,2,2,D,12,20,6,5,2.21,3.51,3.45,2.74,3.23,2.84,2.14,3.39,3.41,2.56,3.19,2.87,,,,2.1,3.4,3.5,2.21,3.55,3.6,2.75,3.36,3.2,,,,2.21,1.72,2.23,1.7,2.14,1.71,2.18,1.68,,
10/04/2021,Derby,Norwich,0,1,A,11,13,3,4,4.97,3.78,1.77,5.87,4.33,1.59,4.73,3.73,1.74,5.42,4.09,1.61,,,,5,3.8,1.7,5,3.88,1.79,5.88,4.33,1.7,,,,2.01,1.88,1.81,2.09,1.97,1.84,1.81,2,,
10/04/2021,Huddersfield,Rotherham,0,0,D,9,13,4,4,2.51,3.23,3.13,2.55,3.31,3,2.43,3.19,3.03,2.48,3.22,2.95,,,,2.45,3.1,3.1,2.52,3.34,3.26,2.56,3.39,3.1,,,,2.22,1.71,2.16,1.75,2.15,1.7,2.14,1.7,,
10/04/2021,Preston,Brentford,0,5,A,8,18,1,9,4.23,3.48,1.98,4.32,3.67,1.9,4.01,3.37,1.97,4.18,3.49,1.9,,,,4.2,3.4,1.9,4.25,3.57,2.02,4.35,3.7,1.96,,,,2.11,1.78,2.08,1.81,2.08,1.74,2.04,1.78,,
10/04/2021,QPR,Sheffield Weds,4,1,H,9,18,6,2,2.3,3.48,3.28,2.28,3.52,3.28,2.23,3.35,3.26,2.24,3.37,3.21,,,,2.2,3.3,3.3,2.31,3.48,3.67,2.32,3.53,3.3,,,,2.15,1.76,2.04,1.85,2.08,1.75,2.01,1.8,,
10/04/2021,Wycombe,Luton,1,3,A,7,13,4,6,3.31,3.29,2.37,3.62,3.5,2.15,3.17,3.22,2.35,3.42,3.33,2.18,,,,3.1,3.25,2.4,3.36,3.44,2.4,3.65,3.5,2.4,,,,2.1,1.79,2.08,1.81,2.05,1.77,2.06,1.76,,
13/04/2021,Huddersfield,Bournemouth,1,2,A,9,15,3,5,4.76,3.69,1.82,4.79,3.73,1.81,4.54,3.65,1.8,4.54,3.62,1.8,,,,4.75,3.8,1.75,4.85,3.8,1.86,4.79,3.76,1.85,,,,2.05,1.84,2.05,1.85,1.98,1.82,2,1.8,,
13/04/2021,Sheffield Weds,Swansea,0,2,A,6,6,1,3,2.91,3.32,2.62,2.85,3.19,2.76,2.89,3.18,2.55,2.83,3.16,2.61,,,,2.87,3.2,2.55,3,3.33,2.65,3.06,3.34,2.76,,,,2.41,1.61,2.37,1.63,2.34,1.6,2.29,1.62,,
13/04/2021,Rotherham,QPR,3,1,H,14,12,5,3,2.67,3.47,2.75,2.59,3.66,2.72,2.61,3.37,2.68,2.5,3.51,2.71,,,,2.55,3.4,2.7,2.67,3.51,2.75,2.67,3.69,2.85,,,,1.9,1.99,1.84,2.06,1.87,1.94,1.8,2.02,,
15/04/2021,Rotherham,Coventry,0,1,A,4,12,0,4,2.58,3.39,2.9,2.54,3.33,2.99,2.5,3.28,2.85,2.52,3.24,2.89,,,,2.5,3.3,2.87,2.58,3.42,2.91,2.65,3.37,3.02,,,,2.1,1.79,2.28,1.68,2.04,1.77,2.2,1.67,,
16/04/2021,Blackburn,Derby,2,1,H,11,12,7,6,2.13,3.43,3.73,2.32,3.18,3.55,2.12,3.35,3.56,2.22,3.23,3.43,,,,2.05,3.4,3.6,2.2,3.5,3.77,2.34,3.62,3.65,,,,2.17,1.75,2.26,1.69,2.13,1.72,2.15,1.7,,
16/04/2021,Reading,Cardiff,1,1,D,15,10,4,5,2.16,3.38,3.72,2.02,3.54,3.99,2.14,3.29,3.56,2.03,3.4,3.76,,,,2.1,3.4,3.6,2.24,3.4,3.72,2.11,3.75,4.14,,,,2.23,1.71,2.14,1.76,2.2,1.67,2.14,1.71,,
17/04/2021,Brentford,Millwall,0,0,D,10,4,1,1,1.61,3.85,6.66,1.56,3.93,7.43,1.59,3.8,6.16,1.56,3.88,6.46,,,,1.6,3.8,6,1.65,4,6.66,1.6,4.1,7.43,,,,2.15,1.76,2.09,1.81,2.13,1.71,2.09,1.74,,
17/04/2021,Luton,Watford,1,0,H,16,5,2,0,5,3.64,1.8,5.03,3.87,1.75,4.71,3.55,1.78,4.84,3.69,1.74,,,,4.8,3.6,1.75,5,3.7,1.83,5.25,3.9,1.83,,,,2.17,1.74,2.06,1.84,2.13,1.71,2.04,1.77,,
17/04/2021,Middlesbrough,QPR,1,2,A,14,9,7,3,2.14,3.51,3.62,2.08,3.51,3.8,2.12,3.4,3.47,2.05,3.41,3.69,,,,2.1,3.3,3.6,2.16,3.51,3.75,2.14,3.58,3.91,,,,2.06,1.84,2.02,1.87,2.03,1.78,2,1.81,,
17/04/2021,Nott'm Forest,Huddersfield,0,2,A,16,10,3,4,2.11,3.33,3.94,2.26,3.22,3.65,2.07,3.27,3.77,2.19,3.18,3.55,,,,2.05,3.2,4,2.14,3.4,4.01,2.29,3.36,3.75,,,,2.4,1.62,2.35,1.64,2.39,1.57,2.33,1.6,,
17/04/2021,Sheffield Weds,Bristol City,1,1,D,20,5,3,3,2.05,3.35,4.11,1.93,3.55,4.38,2.04,3.32,3.83,1.91,3.46,4.17,,,,2.05,3.3,3.75,2.08,3.45,4.11,1.96,3.6,4.44,,,,2.23,1.71,2.18,1.74,2.17,1.69,2.13,1.71,,
17/04/2021,Stoke,Preston,0,0,D,9,12,3,2,2.17,3.2,3.91,2.21,3.32,3.65,2.14,3.14,3.74,2.15,3.23,3.58,,,,2.05,3.1,4,2.18,3.28,4,2.21,3.38,3.8,,,,2.52,1.57,2.3,1.67,2.46,1.54,2.26,1.63,,
17/04/2021,Swansea,Wycombe,2,2,D,14,15,8,5,1.56,3.87,7.62,1.44,4.44,9.03,1.53,3.89,6.95,1.45,4.27,7.81,,,,1.5,4,7.5,1.58,4.17,8,1.49,4.55,9.1,,,,2.09,1.8,1.95,1.93,2.04,1.78,1.94,1.86,,
17/04/2021,Norwich,Bournemouth,1,3,A,5,7,1,5,2.03,3.57,3.9,2.1,3.58,3.67,1.98,3.55,3.74,2.07,3.52,3.51,,,,1.9,3.6,4,2.05,3.72,4,2.15,3.82,3.84,,,,1.86,2.03,1.76,2.15,1.84,1.97,1.72,2.11,,
18/04/2021,Rotherham,Birmingham,0,1,A,17,14,2,2,2.84,3.28,2.7,2.63,3.17,3.01,2.76,3.19,2.63,2.68,3.07,2.84,,,,2.75,3.2,2.62,2.91,3.28,2.7,2.8,3.18,3.01,,,,2.37,1.63,2.54,1.56,2.27,1.63,2.52,1.51,,
18/04/2021,Coventry,Barnsley,2,0,H,14,7,4,2,3.82,3.26,2.18,3.61,3.17,2.29,3.63,3.25,2.12,3.35,3.16,2.29,,,,3.8,3.3,2.05,3.82,3.42,2.2,3.61,3.39,2.39,,,,2.27,1.68,2.33,1.65,2.18,1.68,2.26,1.63,,
20/04/2021,Brentford,Cardiff,1,1,D,15,13,6,3,1.66,3.84,5.94,1.66,3.97,5.66,1.65,3.77,5.56,1.64,3.83,5.53,,,,1.61,3.8,5.75,1.7,3.95,6,1.7,4,6.14,,,,2.08,1.81,1.95,1.93,2.04,1.78,1.94,1.86,,
20/04/2021,Norwich,Watford,0,1,A,14,23,2,5,2.4,3.49,3.09,2.21,3.52,3.43,2.37,3.38,3,2.18,3.44,3.32,,,,2.37,3.4,3,2.5,3.5,3.14,2.31,3.59,3.48,,,,1.91,1.98,1.94,1.94,1.89,1.92,1.9,1.9,,
20/04/2021,Preston,Derby,3,0,H,10,10,5,2,3.03,3.14,2.64,3.21,3.12,2.53,2.91,3.12,2.58,3.07,3.09,2.49,,,,2.87,3.2,2.5,3.08,3.3,2.7,3.23,3.24,2.63,,,,2.41,1.62,2.5,1.58,2.32,1.61,2.38,1.57,,
20/04/2021,Sheffield Weds,Blackburn,1,0,H,14,9,6,4,2.65,3.38,2.82,2.86,3.47,2.57,2.6,3.28,2.75,2.69,3.38,2.61,,,,2.6,3.25,2.75,2.69,3.4,2.86,2.86,3.6,2.83,,,,2.09,1.81,1.9,1.99,2.06,1.76,1.86,1.95,,
20/04/2021,Swansea,QPR,0,1,A,11,21,2,7,2,3.47,4.15,1.83,3.87,4.47,1.97,3.41,3.97,1.84,3.64,4.31,,,,1.95,3.5,4,2.03,3.51,4.2,1.95,3.88,4.75,,,,2.06,1.84,1.92,1.97,2.02,1.79,1.9,1.9,,
21/04/2021,Millwall,Bournemouth,1,4,A,7,14,3,7,3.91,3.48,2.06,4.86,3.78,1.79,3.77,3.41,2.02,4.68,3.65,1.77,,,,3.8,3.5,2,3.96,3.54,2.08,5.1,3.84,1.85,,,,2.14,1.76,2.21,1.72,2.09,1.74,2.14,1.71,,
21/04/2021,Rotherham,Middlesbrough,1,2,A,6,25,1,5,2.82,3.3,2.7,2.65,3.4,2.81,2.78,3.22,2.61,2.55,3.31,2.8,,,,2.75,3.3,2.55,2.88,3.35,2.73,2.65,3.47,2.98,,,,2.29,1.67,2.12,1.78,2.21,1.66,2.1,1.74,,
21/04/2021,Stoke,Coventry,2,3,A,13,11,5,7,2.28,3.21,3.6,2.81,3.06,2.9,2.21,3.18,3.49,2.75,3.01,2.81,,,,2.2,3.3,3.4,2.32,3.3,3.65,2.9,3.1,2.9,,,,2.45,1.6,2.7,1.51,2.36,1.58,2.53,1.51,,
21/04/2021,Wycombe,Bristol City,2,1,H,22,9,6,3,2.82,3.48,2.59,2.77,3.35,2.72,2.78,3.37,2.51,2.66,3.29,2.68,,,,2.8,3.4,2.4,2.88,3.5,2.61,2.79,3.49,2.85,,,,2.1,1.79,2.12,1.78,2.05,1.78,2.07,1.75,,
21/04/2021,Birmingham,Nott'm Forest,1,1,D,18,4,6,2,2.63,3.08,3.1,2.74,3,3.04,2.5,3.07,3.05,2.64,2.96,2.98,,,,2.4,3.2,3.1,2.63,3.2,3.2,2.74,3.1,3.11,,,,2.68,1.51,2.79,1.48,2.54,1.5,2.71,1.45,,
21/04/2021,Huddersfield,Barnsley,0,1,A,5,21,1,7,3.58,3.37,2.21,3.98,3.49,2.04,3.45,3.32,2.16,3.79,3.4,2.02,,,,3.5,3.3,2.15,3.6,3.46,2.22,3.98,3.53,2.14,,,,2.12,1.78,2.26,1.69,2.08,1.75,2.19,1.67,,
21/04/2021,Luton,Reading,0,0,D,12,12,4,1,3.2,3.33,2.41,3.42,3.61,2.18,3.09,3.26,2.36,3.38,3.46,2.14,,,,3.1,3.25,2.37,3.21,3.45,2.45,3.5,3.61,2.3,,,,2.17,1.75,2.08,1.81,2.14,1.71,2.06,1.76,,
24/04/2021,Bournemouth,Brentford,0,1,A,4,18,1,6,2.45,3.43,3.05,2.29,3.5,3.28,2.42,3.33,2.94,2.25,3.39,3.19,,,,2.37,3.4,3,2.47,3.45,3.08,2.31,3.51,3.33,,,,2.02,1.87,1.98,1.91,1.99,1.81,1.95,1.85,,
24/04/2021,Barnsley,Rotherham,1,0,H,7,16,2,7,1.73,3.87,5.15,1.74,3.73,5.36,1.7,3.78,5.02,1.72,3.64,5.08,,,,1.66,3.8,5.25,1.75,3.95,5.5,1.77,3.87,5.5,,,,2.06,1.84,2.05,1.85,2.02,1.79,2.02,1.79,,
24/04/2021,Blackburn,Huddersfield,5,2,H,16,8,12,1,1.98,3.53,4.17,2.21,3.56,3.39,1.94,3.45,4.01,2.17,3.44,3.34,,,,1.85,3.5,4.33,2,3.64,4.33,2.23,3.6,4.05,,,,2.06,1.84,1.97,1.91,2.01,1.8,1.96,1.85,,
24/04/2021,Cardiff,Wycombe,2,1,H,10,15,4,2,1.71,3.92,5.23,1.75,3.99,4.82,1.67,3.84,5.15,1.69,3.87,4.95,,,,1.61,4,5.5,1.72,4,5.71,1.79,4.12,5.7,,,,2.03,1.86,2.01,1.88,1.99,1.82,1.94,1.86,,
24/04/2021,Coventry,Preston,0,1,A,10,10,1,4,2.42,3.19,3.32,2.45,3.22,3.24,2.39,3.14,3.15,2.32,3.17,3.27,,,,2.37,3.2,3.1,2.45,3.25,3.34,2.45,3.27,3.49,,,,2.35,1.64,2.38,1.63,2.29,1.62,2.29,1.62,,
24/04/2021,Derby,Birmingham,1,2,A,7,7,2,2,2.42,3.21,3.3,2.19,3.12,3.97,2.39,3.11,3.19,2.21,3.05,3.7,,,,2.4,3.1,3.2,2.48,3.21,3.35,2.37,3.2,3.97,,,,2.58,1.55,2.68,1.51,2.51,1.52,2.63,1.48,,
24/04/2021,Middlesbrough,Sheffield Weds,3,1,H,14,18,5,6,2.25,3.41,3.45,2.87,3.32,2.65,2.23,3.29,3.33,2.81,3.2,2.6,,,,2.15,3.25,3.6,2.35,3.41,3.6,2.94,3.32,2.71,,,,2.24,1.7,2.2,1.72,2.21,1.66,2.15,1.69,,
24/04/2021,Nott'm Forest,Stoke,1,1,D,6,10,2,1,2.74,3.18,2.87,2.44,3.18,3.29,2.69,3.09,2.78,2.45,3.09,3.14,,,,2.62,3.2,2.8,2.78,3.2,2.91,2.58,3.22,3.33,,,,2.57,1.55,2.47,1.59,2.49,1.53,2.41,1.57,,
24/04/2021,QPR,Norwich,1,3,A,14,19,5,7,4.25,3.87,1.87,4.45,4.33,1.74,4.03,3.76,1.85,4.37,4.13,1.72,,,,4.33,3.6,1.83,4.33,3.94,1.95,4.75,4.4,1.87,,,,1.7,2.25,1.6,2.45,1.7,2.16,1.57,2.38,,
24/04/2021,Watford,Millwall,1,0,H,13,10,4,2,1.58,3.91,7.07,1.53,4.13,7.35,1.56,3.89,6.46,1.51,4.04,7,,,,1.53,3.8,7.5,1.6,4.1,7.5,1.55,4.22,8.12,,,,2.18,1.74,2.07,1.83,2.12,1.72,2.08,1.75,,
25/04/2021,Reading,Swansea,2,2,D,14,15,4,4,2.29,3.33,3.43,2.16,3.52,3.54,2.26,3.24,3.3,2.14,3.34,3.51,,,,2.2,3.3,3.4,2.32,3.34,3.46,2.29,3.52,3.69,,,,2.28,1.68,2.15,1.76,2.23,1.64,2.17,1.69,,
25/04/2021,Bristol City,Luton,2,3,A,10,14,4,5,3.15,3.32,2.45,3.92,3.57,2.03,3.03,3.21,2.42,3.76,3.41,2.03,,,,3.1,3.2,2.4,3.19,3.32,2.55,3.92,3.57,2.12,,,,2.27,1.68,2.17,1.74,2.24,1.64,2.18,1.68,,
27/04/2021,Brentford,Rotherham,1,0,H,15,10,5,3,1.61,4.19,5.88,1.74,3.97,4.96,1.59,4.08,5.62,1.67,3.92,4.97,,,,1.57,4,6,1.63,4.2,6,1.74,4.08,5.3,,,,1.88,2.01,1.85,2.04,1.84,1.97,1.81,1.99,,
01/05/2021,Sheffield Weds,Nott'm Forest,0,0,D,14,12,5,2,2.17,3.52,3.52,2.05,3.56,3.84,2.11,3.39,3.5,1.99,3.46,3.85,,,,2.1,3.3,3.6,2.17,3.56,3.62,2.06,3.6,4.11,,,,2.23,1.71,2.19,1.73,2.19,1.68,2.14,1.71,,
01/05/2021,Birmingham,Cardiff,0,4,A,11,13,1,7,2.73,3.08,2.97,3.37,3.25,2.37,2.65,3.06,2.87,3.21,3.18,2.35,,,,2.55,3.2,2.87,2.75,3.22,2.99,3.37,3.3,2.48,,,,2.37,1.63,2.25,1.69,2.32,1.6,2.24,1.65,,
01/05/2021,Brentford,Watford,2,0,H,13,7,3,4,2.51,3.35,3.03,2.21,3.48,3.47,2.43,3.26,2.99,2.25,3.33,3.27,,,,2.4,3.2,3.1,2.53,3.35,3.2,2.35,3.48,3.52,,,,2.23,1.71,2.1,1.79,2.15,1.69,2.07,1.76,,
01/05/2021,Huddersfield,Coventry,1,1,D,7,13,3,5,2.61,3.29,2.93,2.7,3.27,2.84,2.52,3.19,2.92,2.64,3.19,2.78,,,,2.5,3.25,2.9,2.63,3.32,3,2.72,3.3,2.85,,,,2.28,1.68,2.11,1.79,2.25,1.64,2.11,1.73,,
01/05/2021,Luton,Middlesbrough,1,1,D,10,6,2,1,2.78,3.32,2.73,2.62,3.45,2.81,2.69,3.22,2.7,2.6,3.3,2.75,,,,2.7,3.2,2.7,2.78,3.32,2.8,2.67,3.45,2.88,,,,2.22,1.71,1.99,1.9,2.2,1.67,1.97,1.84,,
01/05/2021,Millwall,Bristol City,4,1,H,20,4,12,1,2.01,3.42,4.18,2.01,3.41,4.2,1.99,3.35,3.99,1.95,3.36,4.18,,,,1.95,3.3,4.2,2.04,3.5,4.2,2.01,3.48,4.4,,,,2.3,1.67,2.34,1.65,2.27,1.63,2.27,1.63,,
01/05/2021,Norwich,Reading,4,1,H,23,7,12,2,1.64,4.01,5.87,1.52,4.57,6.54,1.62,3.93,5.49,1.5,4.47,6.23,,,,1.6,3.8,6,1.67,4.2,6,1.54,4.65,6.8,,,,1.78,2.11,1.66,2.31,1.78,2.04,1.66,2.21,,
01/05/2021,Preston,Barnsley,2,0,H,9,11,4,2,3.43,3.3,2.31,3.4,3.31,2.32,3.33,3.24,2.24,3.23,3.24,2.3,,,,3.4,3.3,2.2,3.5,3.42,2.35,3.41,3.4,2.38,,,,2.17,1.74,2.16,1.75,2.12,1.72,2.12,1.72,,
01/05/2021,Rotherham,Blackburn,1,1,D,14,17,5,6,2.55,3.55,2.82,2.54,3.74,2.73,2.5,3.41,2.78,2.49,3.57,2.71,,,,2.5,3.4,2.8,2.57,3.55,2.85,2.57,3.74,2.84,,,,1.98,1.91,1.78,2.12,1.94,1.86,1.8,2.01,,
01/05/2021,Stoke,QPR,0,2,A,14,6,1,3,2.4,3.35,3.21,2.27,3.53,3.29,2.39,3.23,3.07,2.27,3.4,3.15,,,,2.37,3.3,3,2.5,3.35,3.21,2.39,3.53,3.3,,,,2.11,1.78,1.98,1.9,2.11,1.73,1.97,1.83,,
01/05/2021,Swansea,Derby,2,1,H,4,9,2,4,2.48,3.18,3.22,3.31,3.18,2.44,2.41,3.17,3.1,3.11,3.13,2.44,,,,2.4,3.1,3.2,2.51,3.31,3.22,3.31,3.3,2.72,,,,2.37,1.64,2.38,1.63,2.26,1.64,2.27,1.63,,
01/05/2021,Wycombe,Bournemouth,1,0,H,13,11,4,1,6.74,4.15,1.56,5.44,4.23,1.64,6.37,4.16,1.52,5.26,4.09,1.62,,,,6.5,4.2,1.5,6.92,4.45,1.57,6.36,4.3,1.67,,,,1.78,2.11,1.65,2.33,1.77,2.05,1.66,2.21,,
04/05/2021,Luton,Rotherham,0,0,D,13,9,3,2,2.8,3.6,2.55,2.7,3.51,2.68,2.77,3.5,2.48,2.66,3.45,2.61,,,,2.8,3.5,2.4,2.85,3.65,2.55,2.75,3.67,2.71,,,,1.95,1.93,2.04,1.85,1.89,1.92,1.96,1.84,,
08/05/2021,Barnsley,Norwich,2,2,D,15,5,7,2,2.84,3.41,2.61,3.19,3.59,2.29,2.75,3.39,2.54,3.06,3.51,2.27,,,,2.8,3.5,2.45,2.86,3.6,2.65,3.3,3.72,2.4,,,,1.85,2.04,1.74,2.17,1.8,2.01,1.71,2.13,,
08/05/2021,Blackburn,Birmingham,5,2,H,18,5,8,3,1.94,3.71,4.08,1.51,4.78,6.23,1.95,3.6,3.83,1.49,4.48,6.31,,,,1.95,3.6,3.8,2.01,3.75,4.08,1.56,4.8,7,,,,1.88,2,1.77,2.13,1.87,1.94,1.75,2.08,,
08/05/2021,Bournemouth,Stoke,0,2,A,8,13,1,5,1.81,3.98,4.39,1.53,4.44,6.59,1.77,3.87,4.35,1.53,4.23,6.26,,,,1.75,4,4.33,1.81,4,4.6,1.58,4.45,6.67,,,,1.89,1.99,1.85,2.04,1.86,1.95,1.82,1.98,,
08/05/2021,Bristol City,Brentford,1,3,A,4,14,3,5,5.29,4.06,1.68,8.4,5.22,1.39,4.96,3.98,1.67,7.91,4.94,1.38,,,,5.25,4,1.6,5.3,4.2,1.73,9,5.25,1.43,,,,1.71,2.23,1.66,2.32,1.69,2.16,1.67,2.2,,
08/05/2021,Cardiff,Rotherham,1,1,D,9,17,3,4,2.57,3.6,2.77,2.81,3.64,2.51,2.52,3.49,2.69,2.76,3.53,2.47,,,,2.5,3.6,2.62,2.61,3.7,2.8,2.85,3.77,2.62,,,,1.88,2.01,1.88,2.01,1.84,1.96,1.82,1.98,,
08/05/2021,Coventry,Millwall,6,1,H,21,12,11,0,2.57,3.33,2.96,2.54,3.36,2.97,2.48,3.32,2.88,2.53,3.31,2.83,,,,2.37,3.5,2.87,2.57,3.5,2.96,2.66,3.44,3,,,,2.07,1.83,2.13,1.77,1.98,1.82,2.04,1.78,,
08/05/2021,Derby,Sheffield Weds,3,3,D,12,9,4,5,2.42,3.39,3.12,2.29,3.45,3.33,2.36,3.3,3.07,2.3,3.31,3.18,,,,2.3,3.3,3.2,2.45,3.4,3.2,2.4,3.45,3.35,,,,2.12,1.78,2.08,1.83,2.1,1.74,2.06,1.76,,
08/05/2021,Middlesbrough,Wycombe,0,3,A,5,16,0,5,1.8,4.1,4.33,1.84,3.78,4.52,1.78,3.89,4.25,1.81,3.75,4.28,,,,1.75,4,4.33,1.82,4.1,4.5,1.88,4,4.58,,,,1.76,2.15,1.79,2.11,1.76,2.06,1.76,2.06,,
08/05/2021,Nott'm Forest,Preston,1,2,A,16,7,3,3,2.32,3.44,3.27,2.28,3.32,3.46,2.28,3.37,3.15,2.26,3.26,3.3,,,,2.25,3.3,3.3,2.32,3.5,3.3,2.33,3.4,3.46,,,,2.01,1.88,2.14,1.76,1.93,1.87,2.05,1.77,,
08/05/2021,QPR,Luton,3,1,H,9,17,4,4,2.29,3.66,3.14,2.25,3.76,3.14,2.2,3.56,3.15,2.18,3.59,3.18,,,,2.15,3.5,3.3,2.31,3.7,3.4,2.25,3.76,3.3,,,,1.77,2.14,1.7,2.25,1.75,2.08,1.68,2.17,,
08/05/2021,Reading,Huddersfield,2,2,D,13,11,7,4,1.97,3.86,3.82,1.86,4.04,4.08,1.98,3.67,3.62,1.85,3.85,3.97,,,,1.95,3.75,3.5,2.05,3.86,3.84,1.92,4.05,4.28,,,,1.79,2.1,1.74,2.19,1.78,2.04,1.73,2.11,,
08/05/2021,Watford,Swansea,2,0,H,10,15,3,2,2.04,3.71,3.71,2.41,3.41,3.13,2.03,3.52,3.6,2.37,3.28,3.08,,,,2,3.4,3.8,2.07,3.71,3.81,2.45,3.41,3.29,,,,2,1.89,2.05,1.84,1.98,1.82,2,1.8,,
