status,league,season,date,kickoff,home,away,hg,ag,res,hs,as,hst,ast,xg_h,xg_a,xg_src,referee,hc,ac,hf,af,hy,ay,hr,ar,open_h,open_d,open_a,close_h,close_d,close_a,pin_close,best_open_h,best_open_d,best_open_a,best_close_h,best_close_d,best_close_a,over25_open,over25_close,luck,gap,mres,rest,h2h_n,h2h_pts,h2h_res,h2h_draw,promo,releg,miss_h,miss_a,steam,book,pre_first_at,pre_first_h,pre_first_d,pre_first_a,pre_last_at,pre_last_h,pre_last_d,pre_last_a,pre_best_h,pre_best_d,pre_best_a,pre_inj_at,pre_inj_h,pre_inj_a,pre_injv_h,pre_injv_a,close_src
spelad,ED,2017/18,2017-08-11,,Den Haag,Utrecht,0,3,A,17,16,6,8,1.9671,2.2282,skott,,,,,,,,,,0.2542,0.2696,0.4762,0.2468,0.273,0.4802,1,3.9,3.62,2.14,,,,0.4842,,,,,,,,,,0,0,,,-0.0189,,,,,,,,,,,,,,,,,,pinnacle
spelad,ED,2017/18,2017-08-12,,Heracles,Ajax,2,1,H,14,29,8,11,2.1098,3.4782,skott,,,,,,,,,,0.1288,0.1896,0.6816,0.1006,0.1583,0.7411,1,8.22,5.14,1.46,,,,0.5707,,,,,,,,,,0,0,,,-0.1157,,,,,,,,,,,,,,,,,,pinnacle
spelad,ED,2017/18,2017-08-12,,PSV Eindhoven,AZ Alkmaar,3,2,H,25,15,9,8,2.9211,2.169,skott,,,,,,,,,,0.6726,0.1851,0.1424,0.6624,0.1909,0.1466,1,1.45,5.5,8.5,,,,0.6455,,,,,,,,,,0,0,,,-0.0246,,,,,,,,,,,,,,,,,,pinnacle
spelad,ED,2017/18,2017-08-12,,Vitesse,NAC Breda,4,1,H,16,5,6,4,1.9079,0.9365,skott,,,,,,,,,,0.6238,0.2148,0.1614,0.6642,0.2026,0.1332,1,1.57,4.53,6.03,,,,0.5807,,,,,,,,,,0,0,,,0.109,,,,,,,,,,,,,,,,,,pinnacle
spelad,ED,2017/18,2017-08-12,,VVV Venlo,Sparta Rotterdam,3,0,H,12,8,6,2,1.6712,0.7938,skott,,,,,,,,,,0.4495,0.2795,0.271,0.4647,0.2772,0.2581,1,2.25,3.5,3.6,,,,0.496,,,,,,,,,,0,0,,,0.0431,,,,,,,,,,,,,,,,,,pinnacle
spelad,ED,2017/18,2017-08-13,,Feyenoord,Twente,2,1,H,15,7,7,3,2.0089,0.8948,skott,,,,,,,,,,0.7805,0.1456,0.0739,0.7851,0.1453,0.0696,1,1.26,6.7,14.3,,,,0.6206,,,,,,,,,,0,0,,,0.0136,,,,,,,,,,,,,,,,,,pinnacle
spelad,ED,2017/18,2017-08-13,,Groningen,Heerenveen,3,3,D,16,19,5,8,1.7478,2.4058,skott,,,,,,,,,,0.4339,0.2667,0.2994,0.4355,0.2528,0.3117,1,2.25,3.75,3.26,,,,0.5907,,,,,,,,,,0,0,,,-0.0089,,,,,,,,,,,,,,,,,,pinnacle
spelad,ED,2017/18,2017-08-13,,Willem II,Excelsior,1,2,A,9,9,2,3,0.853,1.0132,skott,,,,,,,,,,0.4643,0.2778,0.2579,0.4514,0.2754,0.2731,1,2.1,3.6,3.9,,,,0.504,,,,,,,,,,0,0,,,-0.0409,,,,,,,,,,,,,,,,,,pinnacle
spelad,ED,2017/18,2017-08-13,,Zwolle,Roda,4,2,H,29,10,10,6,3.318,1.5528,skott,,,,,,,,,,0.5242,0.2642,0.2115,0.5623,0.244,0.1937,1,1.86,3.7,4.61,,,,0.5215,,,,,,,,,,0,0,,,0.0939,,,,,,,,,,,,,,,,,,pinnacle
spelad,ED,2017/18,2017-08-18,,Roda,Vitesse,1,3,A,15,10,4,4,1.5285,1.2325,skott,,,,,,,,,,0.2354,0.2584,0.5062,0.2381,0.2535,0.5084,1,4.23,3.9,1.94,,,,0.5445,,,,,-1,,,,,0,0,,,0.0031,,,,,,,,,,,,,,,,,,pinnacle
spelad,ED,2017/18,2017-08-19,,AZ Alkmaar,Den Haag,2,0,H,32,6,9,1,3.3355,0.5153,skott,,,,,,,,,,0.7073,0.1752,0.1175,0.6862,0.1839,0.1299,1,1.38,5.85,9,,,,0.6496,,,,,-1,,,,,0,0,,,-0.0546,,,,,,,,,,,,,,,,,,pinnacle
spelad,ED,2017/18,2017-08-19,,Heerenveen,Heracles,1,1,D,19,7,6,3,2.0855,0.8948,skott,,,,,,,,,,0.5909,0.2231,0.1861,0.6128,0.2165,0.1706,1,1.71,4.37,5.25,,,,0.6309,,,,,-1,,,,,0,0,,,0.0593,,,,,,,,,,,,,,,,,,pinnacle
spelad,ED,2017/18,2017-08-19,,Twente,VVV Venlo,1,2,A,11,9,4,5,1.2917,1.3334,skott,,,,,,,,,,0.5483,0.2458,0.2059,0.4997,0.2655,0.2348,1,1.8,4,4.74,,,,0.5605,,,,,-1,,,,,0,0,,,-0.1261,,,,,,,,,,,,,,,,,,pinnacle
spelad,ED,2017/18,2017-08-20,,Ajax,Groningen,3,1,H,27,7,7,2,2.7192,0.7346,skott,,,,,,,,,,0.7603,0.1509,0.0889,0.7785,0.1355,0.086,1,1.3,6.75,12,,,,0.6745,,,,,1,,,,,0,0,,,0.0394,,,,,,,,,,,,,,,,,,pinnacle
spelad,ED,2017/18,2017-08-20,,Excelsior,Feyenoord,0,1,A,7,11,4,3,1.0549,1.1316,skott,,,,,,,,,,0.1348,0.1977,0.6675,0.124,0.199,0.677,1,8,5.15,1.46,,,,0.6142,,,,,0,,,,,0,0,,,-0.031,,,,,,,,,,,,,,,,,,pinnacle
spelad,ED,2017/18,2017-08-20,,NAC Breda,PSV Eindhoven,1,4,A,9,26,4,9,1.1733,2.9803,skott,,,,,,,,,,0.1046,0.1712,0.7242,0.0921,0.1503,0.7575,1,10,5.71,1.35,,,,0.6496,,,,,0,,,,,0,0,,,-0.0583,,,,,,,,,,,,,,,,,,pinnacle
spelad,ED,2017/18,2017-08-20,,Sparta Rotterdam,Zwolle,1,1,D,7,12,4,4,1.0549,1.3509,skott,,,,,,,,,,0.3697,0.2741,0.3562,0.4001,0.2766,0.3233,1,2.64,3.56,2.95,,,,0.5512,,,,,1,,,,,0,0,,,0.0938,,,,,,,,,,,,,,,,,,pinnacle
spelad,ED,2017/18,2017-08-20,,Utrecht,Willem II,2,0,H,9,4,5,1,1.3334,0.3969,skott,,,,,,,,,,0.6359,0.2237,0.1404,0.6597,0.2073,0.133,1,1.57,4.35,7,,,,0.5198,,,,,2,,,,,0,0,,,0.0549,,,,,,,,,,,,,,,,,,pinnacle
spelad,ED,2017/18,2017-08-25,,NAC Breda,Sparta Rotterdam,2,2,D,11,10,7,3,1.7721,1.0724,skott,,,,,,,,,,0.4034,0.2797,0.3169,0.3666,0.2762,0.3572,1,2.43,3.6,3.1,,,,0.5316,,,,,0,,,,,0,0,,,-0.1138,,,,,,,,,,,,,,,,,,pinnacle
spelad,ED,2017/18,2017-08-26,,Den Haag,Heerenveen,1,2,A,13,16,1,9,0.9297,2.3884,skott,,,,,,,,,,0.304,0.2718,0.4242,0.304,0.2623,0.4337,1,3.21,3.61,2.4,,,,0.5628,,,,,0,,,,,0,0,,,-0.0094,,,,,,,,,,,,,,,,,,pinnacle
spelad,ED,2017/18,2017-08-26,,Heracles,Excelsior,2,2,D,18,11,6,5,2.0263,1.4518,skott,,,,,,,,,,0.4496,0.2644,0.2861,0.4379,0.2625,0.2996,1,2.2,3.75,3.5,,,,0.5792,,,,,1,,,,,0,0,,,-0.0367,,,,,,,,,,,,,,,,,,pinnacle
spelad,ED,2017/18,2017-08-26,,Vitesse,AZ Alkmaar,1,2,A,16,27,4,9,1.5877,3.0395,skott,,,,,,,,,,0.4396,0.2638,0.2966,0.4317,0.2681,0.3002,1,2.24,3.75,3.4,,,,0.5949,,,,,1,,,,,0,0,,,-0.0193,,,,,,,,,,,,,,,,,,pinnacle
spelad,ED,2017/18,2017-08-26,,Zwolle,Twente,2,0,H,16,10,4,3,1.5877,1.0724,skott,,,,,,,,,,0.4853,0.2587,0.256,0.4827,0.2593,0.258,1,2.1,3.77,3.81,,,,0.5803,,,,,-1,,,,,0,0,,,-0.0071,,,,,,,,,,,,,,,,,,pinnacle
spelad,ED,2017/18,2017-08-27,,Feyenoord,Willem II,5,0,H,16,4,8,1,2.2282,0.3969,skott,,,,,,,,,,0.794,0.1351,0.0709,0.8015,0.144,0.0545,1,1.23,7.23,15.72,,,,0.6643,,,,,0,,,,,0,0,,,0.0313,,,,,,,,,,,,,,,,,,pinnacle
spelad,ED,2017/18,2017-08-27,,Groningen,Utrecht,2,1,H,5,30,3,13,0.7764,3.8576,skott,,,,,,,,,,0.356,0.2732,0.3708,0.356,0.2658,0.3781,1,2.8,3.7,2.63,,,,0.5803,,,,,0,,,,,0,0,,,-0.0071,,,,,,,,,,,,,,,,,,pinnacle
spelad,ED,2017/18,2017-08-27,,PSV Eindhoven,Roda,2,0,H,23,6,9,2,2.8027,0.6754,skott,,,,,,,,,,0.8654,0.0888,0.0458,0.8693,0.0908,0.0398,1,1.13,11.01,30.45,,,,0.7307,,,,,-2,,,,,0,0,,,0.0139,,,,,,,,,,,,,,,,,,pinnacle
spelad,ED,2017/18,2017-08-27,,VVV Venlo,Ajax,0,2,A,11,22,3,7,1.1316,2.4233,skott,,,,,,,,,,0.152,0.1932,0.6548,0.1157,0.1936,0.6907,1,7,5.15,1.49,,,,0.6388,,,,,1,,,,,0,0,,,-0.1085,,,,,,,,,,,,,,,,,,pinnacle
spelad,ED,2017/18,2017-09-09,,Ajax,Zwolle,3,0,H,21,11,8,3,2.5242,1.1316,skott,,,,,,,,,,0.7795,0.1402,0.0803,0.8321,0.1131,0.0548,1,1.25,7.25,15.25,,,,0.6888,,,,,-1,,,,,0,0,,,0.1308,,,,,,,,,,,,,,,,,,pinnacle
spelad,ED,2017/18,2017-09-09,,Excelsior,Vitesse,0,3,A,7,12,1,4,0.5745,1.3509,skott,,,,,,,,,,0.3097,0.2733,0.417,0.3253,0.2681,0.4066,1,3.4,3.57,2.34,,,,0.5383,,,,,0,,,,,0,0,,,0.0414,,,,,,,,,,,,,,,,,,pinnacle
spelad,ED,2017/18,2017-09-09,,Heracles,Feyenoord,2,4,A,12,19,6,10,1.6712,2.7261,skott,,,,,,,,,,0.1352,0.1975,0.6674,0.1194,0.1873,0.6933,1,7.16,5,1.5,,,,0.6284,,,,,1,,,,,0,0,,,-0.0576,,,,,,,,,,,,,,,,,,pinnacle
spelad,ED,2017/18,2017-09-09,,Willem II,Den Haag,1,2,A,7,12,3,5,0.8948,1.511,skott,,,,,,,,,,0.422,0.2817,0.2963,0.4491,0.2909,0.2599,1,2.36,3.46,3.4,,,,0.4855,,,,,-1,,,,,0,0,,,0.0907,,,,,,,,,,,,,,,,,,pinnacle
spelad,ED,2017/18,2017-09-10,,AZ Alkmaar,NAC Breda,2,1,H,16,12,6,3,1.9079,1.1907,skott,,,,,,,,,,0.7288,0.1667,0.1046,0.739,0.1599,0.1011,1,1.35,5.86,10,,,,0.6554,,,,,-1,,,,,0,0,,,0.0239,,,,,,,,,,,,,,,,,,pinnacle
spelad,ED,2017/18,2017-09-10,,Groningen,VVV Venlo,1,1,D,12,18,6,6,1.6712,2.0263,skott,,,,,,,,,,0.4778,0.267,0.2552,0.4929,0.2568,0.2502,1,2.08,3.65,3.82,,,,0.5395,,,,,0,,,,,0,0,,,0.0351,,,,,,,,,,,,,,,,,,pinnacle
spelad,ED,2017/18,2017-09-10,,Heerenveen,PSV Eindhoven,2,0,H,19,7,3,3,1.6051,0.8948,skott,,,,,,,,,,0.1933,0.2188,0.5879,0.2139,0.2274,0.5587,1,6.1,4.6,1.66,,,,0.6422,,,,,1,,,,,0,0,,,0.0706,,,,,,,,,,,,,,,,,,pinnacle
spelad,ED,2017/18,2017-09-10,,Sparta Rotterdam,Twente,1,0,H,10,12,1,1,0.7521,0.8705,skott,,,,,,,,,,0.4231,0.2715,0.3054,0.4114,0.281,0.3076,1,2.31,3.6,3.2,,,,0.5591,,,,,1,,,,,0,0,,,-0.0255,,,,,,,,,,,,,,,,,,pinnacle
spelad,ED,2017/18,2017-09-10,,Utrecht,Roda,2,0,H,27,3,10,1,3.1996,0.3377,skott,,,,,,,,,,0.7126,0.1859,0.1015,0.7377,0.172,0.0902,1,1.4,5.5,9.62,,,,0.5628,,,,,0,,,,,0,0,,,0.0615,,,,,,,,,,,,,,,,,,pinnacle
spelad,ED,2017/18,2017-09-15,,Sparta Rotterdam,AZ Alkmaar,0,2,A,15,15,7,5,2.0089,1.6886,skott,,,,,,,,,,0.2193,0.2446,0.5362,0.2136,0.2318,0.5546,1,4.45,4,2,,,,0.5825,,,,,0,,,,,0,0,,,-0.0298,,,,,,,,,,,,,,,,,,pinnacle
spelad,ED,2017/18,2017-09-16,,Excelsior,Heerenveen,1,2,A,12,16,5,5,1.511,1.7478,skott,,,,,,,,,,0.2895,0.263,0.4475,0.2898,0.2683,0.4419,1,3.4,3.71,2.18,,,,0.5681,,,,,1,,,,,0,0,,,0.0062,,,,,,,,,,,,,,,,,,pinnacle
spelad,ED,2017/18,2017-09-16,,NAC Breda,Groningen,2,1,H,12,8,7,4,1.8313,1.1141,skott,,,,,,,,,,0.3304,0.2685,0.4011,0.3517,0.2633,0.385,1,3.2,3.63,2.45,,,,0.5692,,,,,0,,,,,0,0,,,0.0586,,,,,,,,,,,,,,,,,,pinnacle
spelad,ED,2017/18,2017-09-16,,Roda,Willem II,1,3,A,12,11,4,6,1.3509,1.612,skott,,,,,,,,,,0.4205,0.2811,0.2983,0.3521,0.2894,0.3585,1,2.32,3.47,3.27,,,,0.4894,,,,,-1,,,,,0,0,,,-0.1971,,,,,,,,,,,,,,,,,,pinnacle
spelad,ED,2017/18,2017-09-16,,Zwolle,Heracles,2,1,H,21,7,7,4,2.3641,1.0549,skott,,,,,,,,,,0.5421,0.2386,0.2193,0.5416,0.2413,0.2171,1,1.86,4.09,4.45,,,,,,,,,0,,,,,0,0,,,0.0011,,,,,,,,,,,,,,,,,,pinnacle
spelad,ED,2017/18,2017-09-17,,Den Haag,Ajax,1,1,D,10,19,2,6,0.9122,2.0855,skott,,,,,,,,,,0.0856,0.1628,0.7515,0.0778,0.1617,0.7605,1,12,6.05,1.31,,,,0.6206,,,,,0,,,,,0,0,,,-0.0247,,,,,,,,,,,,,,,,,,pinnacle
spelad,ED,2017/18,2017-09-17,,PSV Eindhoven,Feyenoord,1,0,H,18,16,5,5,1.8662,1.7478,skott,,,,,,,,,,0.4735,0.2643,0.2622,0.4557,0.2657,0.2786,1,2.1,3.7,3.72,,,,0.5488,,,,,-1,,,,,0,0,,,-0.052,,,,,,,,,,,,,,,,,,pinnacle
spelad,ED,2017/18,2017-09-17,,Twente,Utrecht,4,0,H,12,8,8,1,1.9914,0.6337,skott,,,,,,,,,,0.2476,0.2622,0.4902,0.2665,0.2553,0.4781,1,4,3.75,2,,,,0.5512,,,,,0,,,,,0,0,,,0.0499,,,,,,,,,,,,,,,,,,pinnacle
spelad,ED,2017/18,2017-09-17,,Vitesse,VVV Venlo,1,1,D,20,5,6,3,2.1447,0.7764,skott,,,,,,,,,,0.5709,0.2369,0.1922,0.587,0.2424,0.1706,1,1.71,4.2,5.08,,,,0.5829,,,,,1,,,,,0,0,,,0.0537,,,,,,,,,,,,,,,,,,pinnacle
spelad,ED,2017/18,2017-09-23,,Den Haag,Sparta Rotterdam,1,0,H,16,10,5,5,1.7478,1.3926,skott,,,,,,,,,,0.4474,0.2763,0.2763,0.4476,0.2688,0.2836,1,2.2,3.6,3.53,,,,0.5199,,0.0387,-0.4852,0.2075,-2,,,,,0,0,,,-0.007,,,,,,,,,,,,,,,,,,pinnacle
spelad,ED,2017/18,2017-09-23,,Feyenoord,NAC Breda,0,2,A,20,6,5,5,1.9846,1.1559,skott,,,,,,,,,,0.8261,0.1192,0.0547,0.7852,0.1438,0.071,1,1.19,8.22,20,,,,0.6814,,0.907,-1.5925,0.3077,-1,,,,,0,0,,,-0.0982,,,,,,,,,,,,,,,,,,pinnacle
spelad,ED,2017/18,2017-09-23,,Heracles,Roda,2,1,H,23,7,5,3,2.1622,0.8948,skott,,,,,,,,,,0.5867,0.2319,0.1814,0.5418,0.242,0.2162,1,1.67,4.25,5.5,,,,0.5928,,0.8261,-1.1258,0.9177,0,,,,,0,0,,,-0.1248,,,,,,,,,,,,,,,,,,pinnacle
spelad,ED,2017/18,2017-09-23,,Willem II,Heerenveen,1,2,A,12,11,4,5,1.3509,1.4518,skott,,,,,,,,,,0.2761,0.2663,0.4576,0.3042,0.2712,0.4246,1,3.53,3.66,2.15,,,,0.5435,,-0.6047,0.6925,-1.2555,0,,,,,0,0,,,0.0892,,,,,,,,,,,,,,,,,,pinnacle
spelad,ED,2017/18,2017-09-24,,Ajax,Vitesse,1,2,A,18,8,5,4,1.8662,1.1141,skott,,,,,,,,,,0.7582,0.1565,0.0853,0.7918,0.1393,0.0688,1,1.32,6.25,12,,,,0.6455,,-0.5943,1.3684,-0.6285,0,,,,,0,0,,,0.0838,,,,,,,,,,,,,,,,,,pinnacle
spelad,ED,2017/18,2017-09-24,,AZ Alkmaar,Excelsior,0,2,A,20,13,6,6,2.1447,1.7304,skott,,,,,,,,,,0.7325,0.1654,0.1021,0.7179,0.171,0.1111,1,1.35,5.89,10,,,,0.6587,,0.9608,-0.7158,0.9788,1,,,,,0,0,,,-0.0381,,,,,,,,,,,,,,,,,,pinnacle
spelad,ED,2017/18,2017-09-24,,Groningen,Twente,1,0,H,13,16,3,5,1.2499,1.7478,skott,,,,,,,,,,0.4628,0.255,0.2822,0.4598,0.2493,0.291,1,2.22,3.83,3.5,,,,0.5829,,1.0169,-1.1202,0.1939,1,,,,,0,0,,,-0.0148,,,,,,,,,,,,,,,,,,pinnacle
spelad,ED,2017/18,2017-09-24,,Utrecht,PSV Eindhoven,1,7,A,15,12,4,9,1.5285,2.1516,skott,,,,,,,,,,0.2614,0.2559,0.4827,0.2853,0.263,0.4517,1,4,3.81,2.03,,,,0.5829,,-0.7332,0.9377,-0.3078,0,,,,,0,0,,,0.0788,,,,,,,,,,,,,,,,,,pinnacle
spelad,ED,2017/18,2017-09-24,,VVV Venlo,Zwolle,1,1,D,12,13,5,2,1.511,1.0898,skott,,,,,,,,,,0.4133,0.2771,0.3096,0.4062,0.2762,0.3176,1,2.37,3.55,3.15,,,,0.5474,,0.036,-0.7758,0.0169,-1,,,,,0,0,,,-0.022,,,,,,,,,,,,,,,,,,pinnacle
spelad,ED,2017/18,2017-09-29,,Twente,Heracles,2,1,H,16,14,7,1,2.0681,0.9889,skott,,,,,,,,,,0.4897,0.2592,0.2512,0.528,0.24,0.232,1,2,3.77,4,,,,0.602,,-1.1019,0.7307,-0.9104,-1,,,,,0,0,,,0.0958,,,,,,,,,,,,,,,,,,pinnacle
spelad,ED,2017/18,2017-09-30,,Excelsior,VVV Venlo,0,2,A,3,14,1,4,0.3377,1.4693,skott,,,,,,,,,,0.4243,0.2904,0.2853,0.3793,0.2892,0.3315,1,2.3,3.36,3.42,,,,0.4749,,-0.179,0.5077,-0.2124,0,,,,,0,0,,,-0.1362,,,,,,,,,,,,,,,,,,pinnacle
spelad,ED,2017/18,2017-09-30,,NAC Breda,Den Haag,0,1,A,15,10,4,3,1.5285,1.0724,skott,,,,,,,,,,0.4427,0.2775,0.2799,0.4131,0.2793,0.3075,1,2.28,3.51,3.48,,,,0.5066,,-0.1155,0.3057,0.2159,0,,,,,0,0,,,-0.0868,,,,,,,,,,,,,,,,,,pinnacle
spelad,ED,2017/18,2017-09-30,,PSV Eindhoven,Willem II,4,0,H,20,7,9,5,2.6251,1.2151,skott,,,,,,,,,,0.8193,0.124,0.0567,0.8065,0.1294,0.0641,1,1.2,8.6,20,,,,0.6776,,1.1825,-1.8164,1.0461,-1,,,,,0,0,,,-0.0331,,,,,,,,,,,,,,,,,,pinnacle
spelad,ED,2017/18,2017-09-30,,Zwolle,Groningen,3,2,H,23,13,12,5,3.2831,1.5702,skott,,,,,,,,,,0.4783,0.2595,0.2623,0.4928,0.2477,0.2595,1,2.05,3.76,3.75,,,,0.5829,,-0.2911,1.061,0.4687,0,,,,,0,0,,,0.0319,,,,,,,,,,,,,,,,,,pinnacle
spelad,ED,2017/18,2017-10-01,,AZ Alkmaar,Feyenoord,0,4,A,9,10,2,4,0.853,1.2325,skott,,,,,,,,,,0.3242,0.2674,0.4084,0.3614,0.2575,0.3812,1,3.2,3.65,2.39,,,,0.5755,,0.1056,0.424,0.418,-1,,,,,0,0,,,0.1015,,,,,,,,,,,,,,,,,,pinnacle
spelad,ED,2017/18,2017-10-01,,Heerenveen,Ajax,0,4,A,14,19,4,8,1.4693,2.4058,skott,,,,,,,,,,0.2136,0.241,0.5454,0.1876,0.2248,0.5876,1,4.8,4.05,1.8,,,,0.5891,,0.9842,-0.6012,1.6453,1,,,,,0,0,,,-0.0943,,,,,,,,,,,,,,,,,,pinnacle
spelad,ED,2017/18,2017-10-01,,Sparta Rotterdam,Roda,1,2,A,21,5,8,2,2.5242,0.6163,skott,,,,,,,,,,0.5383,0.2612,0.2005,0.5641,0.2392,0.1967,1,1.83,3.73,5,,,,0.5146,,0.4364,-0.0066,0.3831,0,,,,,0,0,,,0.0553,,,,,,,,,,,,,,,,,,pinnacle
spelad,ED,2017/18,2017-10-01,,Vitesse,Utrecht,1,1,D,14,7,4,1,1.4693,0.5745,skott,,,,,,,,,,0.4167,0.2708,0.3125,0.3827,0.2726,0.3448,1,2.34,3.6,3.5,,,,0.5409,,0.9596,-2.7573,0.8533,0,,,,,0,0,,,-0.1003,,,,,,,,,,,,,,,,,,pinnacle
spelad,ED,2017/18,2017-10-14,,Ajax,Sparta Rotterdam,4,0,H,25,6,14,2,3.7218,0.6754,skott,,,,,,,,,,0.8638,0.0917,0.0445,0.8663,0.0911,0.0425,1,1.13,10.64,28.55,,,,0.7238,,0.3476,-0.8546,0.0917,0,,,,,0,0,,,0.007,,,,,,,,,,,,,,,,,,pinnacle
spelad,ED,2017/18,2017-10-14,,Feyenoord,Zwolle,0,0,D,18,10,5,3,1.8662,1.0724,skott,,,,,,,,,,0.7114,0.174,0.1145,0.7123,0.1762,0.1115,1,1.4,5.6,9,,,,0.6643,,-0.0251,-0.8026,-0.5093,-1,,,,,0,0,,,0.0048,,,,,,,,,,,,,,,,,,pinnacle
spelad,ED,2017/18,2017-10-14,,Roda,NAC Breda,1,0,H,12,9,4,3,1.3509,1.0132,skott,,,,,,,,,,0.3328,0.2771,0.3901,0.3757,0.2791,0.3452,1,2.93,3.52,2.75,,,,0.5106,,-0.0462,-0.3491,-0.4929,-1,,,,,0,0,,,0.1307,,,,,,,,,,,,,,,,,,pinnacle
spelad,ED,2017/18,2017-10-14,,Utrecht,Heerenveen,3,1,H,10,8,4,2,1.2325,0.7938,skott,,,,,,,,,,0.4897,0.2558,0.2545,0.5085,0.2516,0.2399,1,1.99,3.9,3.9,,,,0.5807,,-0.5064,0.8352,-0.8856,0,,,,,0,0,,,0.0521,,,,,,,,,,,,,,,,,,pinnacle
spelad,ED,2017/18,2017-10-15,,Den Haag,Excelsior,1,2,A,8,11,3,6,0.954,1.612,skott,,,,,,,,,,0.4554,0.2685,0.2761,0.405,0.2781,0.3169,1,2.15,3.63,3.7,,,,0.5146,,0.4769,-0.4497,0.4428,0,,,,,0,0,,,-0.1416,,,,,,,,,,,,,,,,,,pinnacle
spelad,ED,2017/18,2017-10-15,,Groningen,AZ Alkmaar,1,1,D,8,22,4,8,1.1141,2.5834,skott,,,,,,,,,,0.2948,0.2637,0.4415,0.3001,0.242,0.4579,1,3.6,3.8,2.21,,,,0.6206,,0.3396,-1.7084,-0.1592,1,,,,,0,0,,,-0.0058,,,,,,,,,,,,,,,,,,pinnacle
spelad,ED,2017/18,2017-10-15,,Heracles,Vitesse,1,1,D,12,12,4,3,1.3509,1.1907,skott,,,,,,,,,,0.2676,0.2605,0.4719,0.2956,0.2527,0.4516,1,3.65,3.75,2.2,,,,0.577,,-0.3631,0.6184,-0.3159,2,,,,,0,0,,,0.0762,,,,,,,,,,,,,,,,,,pinnacle
spelad,ED,2017/18,2017-10-15,,VVV Venlo,PSV Eindhoven,2,5,A,9,34,6,13,1.4936,4.0944,skott,,,,,,,,,,0.15,0.2125,0.6375,0.1533,0.2103,0.6364,1,7,4.59,1.53,,,,0.5859,,-0.4431,0.7199,0.183,0,,,,,0,0,,,0.0077,,,,,,,,,,,,,,,,,,pinnacle
spelad,ED,2017/18,2017-10-15,,Willem II,Twente,3,1,H,6,10,4,3,0.9957,1.0724,skott,,,,,,,,,,0.3575,0.2888,0.3537,0.4152,0.268,0.3168,1,2.73,3.4,2.8,,,,0.5239,,0.1399,0.6891,-0.2423,-1,,,,,0,0,,,0.1521,,,,,,,,,,,,,,,,,,pinnacle
spelad,ED,2017/18,2017-10-20,,Groningen,Willem II,0,1,A,15,10,5,3,1.6886,1.0724,skott,,,,,,,,,,0.5159,0.2519,0.2322,0.4878,0.2541,0.2581,1,2,3.87,4.25,,,,0.5538,,0.6161,-1.7007,0.1661,0,,,,,0,0,,,-0.0821,,,,,,,,,,,,,,,,,,pinnacle
spelad,ED,2017/18,2017-10-21,,Excelsior,Sparta Rotterdam,1,1,D,8,15,4,6,1.1141,1.8488,skott,,,,,,,,,,0.4756,0.2731,0.2513,0.4881,0.2667,0.2453,1,2.07,3.6,3.88,,,,0.5252,,0.6478,-0.7784,0.7707,-1,,,,,0,0,,,0.0309,,,,,,,,,,,,,,,,,,pinnacle
spelad,ED,2017/18,2017-10-21,,NAC Breda,Zwolle,0,2,A,15,22,6,8,1.8488,2.5834,skott,,,,,,,,,,0.3352,0.2747,0.3901,0.3367,0.2758,0.3875,1,2.91,3.6,2.5,,,,0.5435,,-0.6197,0.4025,-0.6103,0,,,,,0,0,,,0.0057,,,,,,,,,,,,,,,,,,pinnacle
spelad,ED,2017/18,2017-10-21,,Twente,Roda,3,0,H,13,5,5,2,1.5702,0.6163,skott,,,,,,,,,,0.6032,0.2425,0.1544,0.6452,0.2136,0.1412,1,1.63,4.2,6.33,,,,0.5718,,-0.6952,0.627,-0.3321,-1,,,,,0,0,,,0.0972,,,,,,,,,,,,,,,,,,pinnacle
spelad,ED,2017/18,2017-10-21,,VVV Venlo,Den Haag,0,2,A,9,5,4,2,1.1733,0.6163,skott,,,,,,,,,,0.5057,0.2631,0.2313,0.4932,0.2632,0.2435,1,1.93,3.89,4.22,,,,0.504,,-0.0545,-0.1972,0.2676,0,,,,,0,0,,,-0.0372,,,,,,,,,,,,,,,,,,pinnacle
spelad,ED,2017/18,2017-10-22,,AZ Alkmaar,Utrecht,3,0,H,14,10,6,3,1.7896,1.0724,skott,,,,,,,,,,0.4454,0.2581,0.2965,0.4597,0.2395,0.3008,1,2.19,3.95,3.39,,,,0.6231,,-0.0992,-0.0354,-0.0023,-1,,,,,0,0,,,0.0243,,,,,,,,,,,,,,,,,,pinnacle
spelad,ED,2017/18,2017-10-22,,Feyenoord,Ajax,1,4,A,10,13,4,7,1.2325,1.8905,skott,,,,,,,,,,0.3218,0.277,0.4012,0.3513,0.2597,0.389,1,3.03,3.55,2.45,,,,0.5397,,0.3529,-0.3731,0.3128,0,,,,,0,0,,,0.0711,,,,,,,,,,,,,,,,,,pinnacle
spelad,ED,2017/18,2017-10-22,,Heerenveen,Vitesse,0,4,A,9,13,2,5,0.853,1.5702,skott,,,,,,,,,,0.4558,0.2547,0.2895,0.469,0.2658,0.2651,1,2.15,3.83,3.6,,,,0.5744,,-0.2039,1.3287,0.1037,1,,,,,0,0,,,0.0508,,,,,,,,,,,,,,,,,,pinnacle
spelad,ED,2017/18,2017-10-22,,PSV Eindhoven,Heracles,3,0,H,24,7,6,3,2.3815,0.8948,skott,,,,,,,,,,0.8124,0.1154,0.0722,0.853,0.0875,0.0594,1,1.22,8.45,15.25,,,,0.7525,,0.6872,-0.9089,0.3779,0,,,,,0,0,,,0.094,,,,,,,,,,,,,,,,,,pinnacle
spelad,ED,2017/18,2017-10-27,,Twente,Excelsior,1,3,A,17,8,7,5,2.1273,1.2743,skott,,,,,,,,,,0.5357,0.2546,0.2097,0.5445,0.2499,0.2056,1,1.9,4,4.65,,,,0.5666,,-0.4491,0.2267,-0.1707,0,,,,,0,0,,,0.0216,,,,,,,,,,,,,,,,,,pinnacle
spelad,ED,2017/18,2017-10-28,,Heracles,VVV Venlo,3,0,H,19,14,9,5,2.5659,1.6294,skott,,,,,,,,,,0.4064,0.2608,0.3329,0.4155,0.2735,0.311,1,2.45,3.74,2.95,,,,0.5681,,-0.192,0.0794,-0.3109,-1,,,,,0,0,,,0.0402,,,,,,,,,,,,,,,,,,pinnacle
spelad,ED,2017/18,2017-10-28,,Roda,Feyenoord,1,1,D,9,32,2,10,0.853,3.4956,skott,,,,,,,,,,0.1066,0.1713,0.722,0.0869,0.1564,0.7567,1,10.5,5.69,1.35,,,,0.5917,,0.0235,0.3832,0.243,1,,,,,0,0,,,-0.0741,,,,,,,,,,,,,,,,,,pinnacle
spelad,ED,2017/18,2017-10-28,,Willem II,Ajax,1,3,A,10,24,4,6,1.2325,2.3815,skott,,,,,,,,,,0.074,0.15,0.7761,0.0865,0.1588,0.7547,1,15,6.52,1.26,,,,0.6107,,-0.0277,1.0547,0.0555,2,,,,,0,0,,,0.0463,,,,,,,,,,,,,,,,,,pinnacle
spelad,ED,2017/18,2017-10-28,,Zwolle,Den Haag,2,0,H,14,6,6,0,1.7896,0.3552,skott,,,,,,,,,,0.5927,0.2259,0.1814,0.5569,0.2371,0.206,1,1.7,4.33,5.5,,,,0.5669,,-0.306,0.764,0.0641,0,,,,,0,0,,,-0.0963,,,,,,,,,,,,,,,,,,pinnacle
spelad,ED,2017/18,2017-10-29,,Heerenveen,AZ Alkmaar,1,2,A,8,20,4,6,1.1141,2.1447,skott,,,,,,,,,,0.3778,0.2487,0.3735,0.3917,0.2444,0.3639,1,2.58,3.92,2.8,,,,0.6386,,-0.031,0.3394,0.0658,0,,,,,0,0,,,0.0373,,,,,,,,,,,,,,,,,,pinnacle
spelad,ED,2017/18,2017-10-29,,Sparta Rotterdam,Groningen,2,1,H,18,15,4,5,1.7061,1.6886,skott,,,,,,,,,,0.4223,0.2651,0.3126,0.4562,0.2576,0.2863,1,2.31,3.75,3.2,,,,0.5807,,-0.7365,1.4562,-0.1361,-1,,,,,0,0,,,0.0941,,,,,,,,,,,,,,,,,,pinnacle
spelad,ED,2017/18,2017-10-29,,Utrecht,NAC Breda,2,2,D,23,15,8,4,2.6426,1.5285,skott,,,,,,,,,,0.7016,0.1789,0.1195,0.6763,0.1925,0.1312,1,1.42,5.5,9,,,,0.6046,,0.0391,1.1597,-0.2433,-1,,,,,0,0,,,-0.0623,,,,,,,,,,,,,,,,,,pinnacle
spelad,ED,2017/18,2017-10-29,,Vitesse,PSV Eindhoven,2,4,A,11,20,4,9,1.2917,2.6251,skott,,,,,,,,,,0.2076,0.238,0.5544,0.2265,0.2429,0.5306,1,4.8,4.15,1.76,,,,0.5855,,-0.2624,0.3292,0.0403,0,,,,,0,0,,,0.0616,,,,,,,,,,,,,,,,,,pinnacle
spelad,ED,2017/18,2017-11-03,,Sparta Rotterdam,Heerenveen,0,0,D,8,8,1,2,0.6337,0.7938,skott,,,,,,,,,,0.3125,0.2672,0.4203,0.2995,0.2646,0.4359,1,3.2,3.65,2.37,,,,0.564,,-0.5231,-0.0779,-0.4014,0,,,,,0,0,,,-0.0416,,,,,,,,,,,,,,,,,,pinnacle
spelad,ED,2017/18,2017-11-04,,AZ Alkmaar,Willem II,3,2,H,19,7,9,2,2.5659,0.7346,skott,,,,,,,,,,0.6955,0.183,0.1214,0.6783,0.19,0.1316,1,1.41,5.32,8.03,,,,0.6318,,0.0867,0.08,0.1373,-1,,,,,0,0,,,-0.0447,,,,,,,,,,,,,,,,,,pinnacle
spelad,ED,2017/18,2017-11-04,,Excelsior,Roda,1,0,H,15,7,4,3,1.5285,0.8948,skott,,,,,,,,,,0.5617,0.2443,0.1939,0.5452,0.2502,0.2046,1,1.8,4,5.04,,,,0.5291,,0.1062,0.0777,0.1099,1,,,,,0,0,,,-0.0437,,,,,,,,,,,,,,,,,,pinnacle
spelad,ED,2017/18,2017-11-04,,Heracles,Groningen,2,1,H,19,19,5,5,1.9254,1.9254,skott,,,,,,,,,,0.4439,0.246,0.3101,0.5005,0.2329,0.2666,1,2.25,3.97,3.25,,,,0.6284,,-0.2994,0.7804,0.297,1,,,,,0,0,,,0.1565,,,,,,,,,,,,,,,,,,pinnacle
spelad,ED,2017/18,2017-11-04,,VVV Venlo,NAC Breda,0,0,D,10,10,0,4,0.5919,1.2325,skott,,,,,,,,,,0.4901,0.2636,0.2463,0.4733,0.2708,0.2559,1,2.02,3.7,4,,,,0.5172,,-0.2069,0.5159,-0.3102,1,,,,,0,0,,,-0.0433,,,,,,,,,,,,,,,,,,pinnacle
spelad,ED,2017/18,2017-11-05,,Ajax,Utrecht,1,2,A,18,8,4,5,1.7061,1.2743,skott,,,,,,,,,,0.7686,0.145,0.0864,0.8003,0.122,0.0777,1,1.27,6.73,12.5,,,,0.6897,,0.8094,-2.5629,0.71,1,,,,,0,0,,,0.0721,,,,,,,,,,,,,,,,,,pinnacle
spelad,ED,2017/18,2017-11-05,,Den Haag,Feyenoord,2,2,D,12,17,4,7,1.3509,2.1273,skott,,,,,,,,,,0.1402,0.2094,0.6504,0.1286,0.199,0.6724,1,7,4.75,1.51,,,,0.5707,,1.125,-0.9401,1.1344,0,,,,,0,0,,,-0.0451,,,,,,,,,,,,,,,,,,pinnacle
spelad,ED,2017/18,2017-11-05,,PSV Eindhoven,Twente,4,3,H,18,10,8,4,2.3466,1.2325,skott,,,,,,,,,,0.8129,0.1193,0.0678,0.8149,0.1174,0.0677,1,1.2,8.25,15.72,,,,0.736,,1.258,-1.804,0.8108,-2,,,,,0,0,,,0.0041,,,,,,,,,,,,,,,,,,pinnacle
spelad,ED,2017/18,2017-11-05,,Vitesse,Zwolle,0,0,D,10,8,2,3,0.9122,0.954,skott,,,,,,,,,,0.5003,0.2476,0.2521,0.506,0.2511,0.2429,1,1.95,3.95,4.1,,,,0.5818,,-0.4632,-0.3799,-0.5937,-1,,,,,0,0,,,0.0206,,,,,,,,,,,,,,,,,,pinnacle
spelad,ED,2017/18,2017-11-18,,Feyenoord,VVV Venlo,1,1,D,22,2,8,1,2.5834,0.2785,skott,,,,,,,,,,0.7519,0.1608,0.0873,0.7639,0.1495,0.0865,1,1.3,6.25,12.4,,,,0.6266,,-0.2873,0.3476,-0.4609,-1,,,,,0,0,,,0.0247,,,,,,,,,,,,,,,,,,pinnacle
spelad,ED,2017/18,2017-11-18,,NAC Breda,Ajax,0,8,A,13,30,6,14,1.7304,4.0178,skott,,,,,,,,,,0.0881,0.1558,0.7561,0.0762,0.1453,0.7786,1,13,6.26,1.32,,,,0.6352,,-0.2099,0.5677,0.342,1,,,,,0,0,,,-0.0464,,,,,,,,,,,,,,,,,,pinnacle
spelad,ED,2017/18,2017-11-18,,Twente,Heerenveen,0,4,A,10,11,1,7,0.7521,1.7721,skott,,,,,,,,,,0.3971,0.2684,0.3345,0.3709,0.2717,0.3573,1,2.5,3.65,3,,,,0.5855,,-0.6015,-0.2828,-0.1681,-2,,,,,0,0,,,-0.0751,,,,,,,,,,,,,,,,,,pinnacle
spelad,ED,2017/18,2017-11-18,,Willem II,Sparta Rotterdam,2,2,D,12,6,4,3,1.3509,0.8356,skott,,,,,,,,,,0.4471,0.2909,0.262,0.4221,0.2911,0.2868,1,2.23,3.5,3.75,,,,0.5013,,0.5309,-0.855,0.2994,-1,,,,,0,0,,,-0.0747,,,,,,,,,,,,,,,,,,pinnacle
spelad,ED,2017/18,2017-11-19,,Den Haag,Heracles,4,1,H,25,14,10,8,3.0813,2.1098,skott,,,,,,,,,,0.4219,0.2707,0.3074,0.4258,0.2566,0.3176,1,2.31,3.6,3.25,,,,0.5564,,0.6815,-0.6897,0.5869,-1,,,,,0,0,,,-0.0024,,,,,,,,,,,,,,,,,,pinnacle
spelad,ED,2017/18,2017-11-19,,Groningen,Vitesse,4,2,H,12,20,4,6,1.3509,2.1447,skott,,,,,,,,,,0.2929,0.2658,0.4413,0.3219,0.2665,0.4116,1,3.33,3.67,2.3,,,,0.5681,,-0.5799,0.5471,-1.025,1,,,,,0,0,,,0.0878,,,,,,,,,,,,,,,,,,pinnacle
spelad,ED,2017/18,2017-11-19,,Roda,AZ Alkmaar,0,1,A,10,15,3,4,1.0724,1.5285,skott,,,,,,,,,,0.16,0.2152,0.6248,0.1746,0.1956,0.6298,1,6.5,4.55,1.57,,,,0.6222,,-0.0556,-0.8339,-0.1373,0,,,,,0,0,,,0.0242,,,,,,,,,,,,,,,,,,pinnacle
spelad,ED,2017/18,2017-11-19,,Utrecht,Excelsior,3,1,H,19,15,7,7,2.2457,2.0089,skott,,,,,,,,,,0.6472,0.2167,0.1361,0.6362,0.2207,0.1431,1,1.53,4.51,7.5,,,,0.5833,,-0.4593,1.4056,-0.4964,-1,,,,,0,0,,,-0.0291,,,,,,,,,,,,,,,,,,pinnacle
spelad,ED,2017/18,2017-11-19,,Zwolle,PSV Eindhoven,0,1,A,19,11,7,5,2.2457,1.4518,skott,,,,,,,,,,0.178,0.2262,0.5958,0.1842,0.2069,0.609,1,6,4.35,1.65,,,,0.6206,,-0.4073,1.2061,0.1164,0,,,,,0,0,,,-0.0007,,,,,,,,,,,,,,,,,,pinnacle
spelad,ED,2017/18,2017-11-24,,AZ Alkmaar,Twente,2,0,H,24,10,7,3,2.5416,1.0724,skott,,,,,,,,,,0.6722,0.1919,0.1359,0.669,0.1882,0.1428,1,1.48,5.08,7.17,,,,0.6538,,0.7163,-0.1832,0.4393,-1,,,,,0,0,,,-0.0132,,,,,,,,,,,,,,,,,,pinnacle
spelad,ED,2017/18,2017-11-25,,Groningen,Feyenoord,0,2,A,9,15,1,8,0.6929,2.169,skott,,,,,,,,,,0.1597,0.2188,0.6215,0.1424,0.2055,0.6521,1,6.11,4.46,1.6,,,,0.5818,,0.7915,-1.4427,0.6747,-1,,,,,0,0,,,-0.0652,,,,,,,,,,,,,,,,,,pinnacle
spelad,ED,2017/18,2017-11-25,,Heerenveen,Zwolle,1,2,A,11,9,6,4,1.612,1.1733,skott,,,,,,,,,,0.5029,0.2501,0.247,0.4599,0.2566,0.2835,1,1.94,3.9,4,,,,0.5744,,-0.1506,0.4479,-0.6861,1,,,,,0,0,,,-0.1223,,,,,,,,,,,,,,,,,,pinnacle
spelad,ED,2017/18,2017-11-25,,Heracles,NAC Breda,2,1,H,19,13,9,3,2.5659,1.2499,skott,,,,,,,,,,0.5105,0.2414,0.2481,0.5133,0.2373,0.2494,1,1.92,4.04,4,,,,0.6036,,0.2295,-0.6242,0.0284,-1,,,,,0,0,,,0.0042,,,,,,,,,,,,,,,,,,pinnacle
spelad,ED,2017/18,2017-11-25,,VVV Venlo,Willem II,3,3,D,17,10,9,6,2.4476,1.5528,skott,,,,,,,,,,0.4458,0.2897,0.2646,0.4371,0.2867,0.2762,1,2.19,3.4,3.69,,,,0.4801,,-0.3614,0.2083,-0.5349,0,,,,,0,0,,,-0.0288,,,,,,,,,,,,,,,,,,pinnacle
spelad,ED,2017/18,2017-11-26,,Ajax,Roda,5,1,H,22,8,8,4,2.5834,1.1141,skott,,,,,,,,,,0.8897,0.0792,0.0311,0.9238,0.0544,0.0218,1,1.07,15,46,,,,0.7721,,-0.1225,-0.8476,-0.2975,1,,,,,0,0,,,0.0776,,,,,,,,,,,,,,,,,,pinnacle
spelad,ED,2017/18,2017-11-26,,Excelsior,PSV Eindhoven,1,2,A,11,22,4,8,1.2917,2.5834,skott,,,,,,,,,,0.1039,0.1774,0.7187,0.0895,0.1591,0.7514,1,10.02,5.51,1.36,,,,0.6171,,-0.6526,1.224,-0.4294,0,,,,,0,0,,,-0.0613,,,,,,,,,,,,,,,,,,pinnacle
spelad,ED,2017/18,2017-11-26,,Sparta Rotterdam,Utrecht,1,3,A,11,12,3,6,1.1316,1.6712,skott,,,,,,,,,,0.2666,0.2644,0.469,0.2702,0.2608,0.469,1,3.66,3.75,2.1,,,,0.5567,,-0.7896,0.0173,-0.2932,1,,,,,0,0,,,0.0074,,,,,,,,,,,,,,,,,,pinnacle
spelad,ED,2017/18,2017-11-26,,Vitesse,Den Haag,2,0,H,14,5,5,0,1.6294,0.296,skott,,,,,,,,,,0.582,0.2317,0.1863,0.5646,0.2454,0.19,1,1.68,4.22,5.25,,,,0.5707,,-0.9762,1.0269,-0.7452,0,,,,,0,0,,,-0.0387,,,,,,,,,,,,,,,,,,pinnacle
spelad,ED,2017/18,2017-12-01,,Zwolle,Utrecht,1,1,D,14,13,4,7,1.4693,1.8905,skott,,,,,,,,,,0.403,0.2687,0.3284,0.3917,0.2574,0.3509,1,2.5,3.63,2.97,,,,0.5692,,-0.1264,-0.4498,0.3825,1,,,,,0,0,,,-0.045,,,,,,,,,,,,,,,,,,pinnacle
spelad,ED,2017/18,2017-12-02,,Den Haag,Groningen,0,3,A,14,11,5,5,1.6294,1.4518,skott,,,,,,,,,,0.4378,0.2646,0.2976,0.3937,0.2625,0.3438,1,2.25,3.75,3.28,,,,0.5654,,0.7628,-0.4422,0.8048,-1,,,,,0,0,,,-0.1343,,,,,,,,,,,,,,,,,,pinnacle
spelad,ED,2017/18,2017-12-02,,Feyenoord,Vitesse,1,0,H,18,13,8,2,2.3466,1.0898,skott,,,,,,,,,,0.6625,0.1979,0.1395,0.6651,0.2098,0.125,1,1.48,4.92,7.27,,,,0.5881,,-0.7111,1.1365,-1.0257,1,,,,,0,0,,,0.0197,,,,,,,,,,,,,,,,,,pinnacle
spelad,ED,2017/18,2017-12-02,,Twente,Ajax,3,3,D,19,24,10,12,2.7261,3.3423,skott,,,,,,,,,,0.0935,0.1653,0.7413,0.1025,0.1675,0.73,1,11,5.92,1.4,,,,0.6309,,-0.8032,2.5159,-0.4558,2,,,,,0,0,,,0.0294,,,,,,,,,,,,,,,,,,pinnacle
spelad,ED,2017/18,2017-12-02,,Willem II,Heracles,3,1,H,27,11,5,3,2.3989,1.1316,skott,,,,,,,,,,0.4415,0.2637,0.2948,0.4299,0.2603,0.3098,1,2.23,3.75,3.31,,,,0.5669,,-0.2068,-0.2133,-0.2842,0,,,,,0,0,,,-0.0382,,,,,,,,,,,,,,,,,,pinnacle
spelad,ED,2017/18,2017-12-03,,NAC Breda,Excelsior,3,1,H,22,12,8,4,2.5834,1.3509,skott,,,,,,,,,,0.3947,0.2793,0.326,0.4496,0.2725,0.2779,1,2.55,3.6,2.99,,,,0.5106,,-0.9275,1.2311,-0.8423,1,,,,,0,0,,,0.1579,,,,,,,,,,,,,,,,,,pinnacle
spelad,ED,2017/18,2017-12-03,,PSV Eindhoven,Sparta Rotterdam,1,0,H,22,6,6,4,2.2631,0.9957,skott,,,,,,,,,,0.8475,0.0984,0.0541,0.8397,0.1041,0.0563,1,1.16,9.9,20,,,,0.7338,,1.5244,-2.1222,1.1885,0,,,,,0,0,,,-0.0178,,,,,,,,,,,,,,,,,,pinnacle
spelad,ED,2017/18,2017-12-03,,Roda,Heerenveen,2,1,H,6,18,3,6,0.8356,2.0263,skott,,,,,,,,,,0.2333,0.2451,0.5216,0.2188,0.2434,0.5379,1,4.2,3.98,1.91,,,,0.5605,,0.5101,-0.8238,0.6331,-1,,,,,0,0,,,-0.0454,,,,,,,,,,,,,,,,,,pinnacle
spelad,ED,2017/18,2017-12-03,,VVV Venlo,AZ Alkmaar,0,2,A,14,18,5,3,1.6294,1.5459,skott,,,,,,,,,,0.2197,0.2385,0.5419,0.2041,0.2318,0.5641,1,4.5,4.2,1.8,,,,0.5744,,-0.4584,-0.3109,-0.5443,-1,,,,,0,0,,,-0.0533,,,,,,,,,,,,,,,,,,pinnacle
spelad,ED,2017/18,2017-12-08,,Willem II,NAC Breda,1,1,D,15,10,3,1,1.3683,0.7521,skott,,,,,,,,,,0.5266,0.2479,0.2255,0.5115,0.2525,0.236,1,1.9,3.93,4.5,,,,0.5459,,0.8611,-1.2168,0.8294,1,,,,,0,0,,,-0.0406,,,,,,,,,,,,,,,,,,pinnacle
spelad,ED,2017/18,2017-12-09,,AZ Alkmaar,Heracles,5,0,H,25,4,13,1,3.5617,0.3969,skott,,,,,,,,,,0.6909,0.1811,0.128,0.7333,0.1524,0.1143,1,1.42,5.38,8,,,,0.6895,,0.4898,-0.1371,0.5539,-1,,,,,0,0,,,0.0984,,,,,,,,,,,,,,,,,,pinnacle
spelad,ED,2017/18,2017-12-09,,Excelsior,Zwolle,1,2,A,11,15,4,8,1.2917,2.169,skott,,,,,,,,,,0.2851,0.2834,0.4314,0.2996,0.2848,0.4156,1,3.42,3.54,2.3,,,,0.5291,,-0.1072,0.0935,-0.5577,-2,,,,,0,0,,,0.0448,,,,,,,,,,,,,,,,,,pinnacle
spelad,ED,2017/18,2017-12-09,,Heerenveen,VVV Venlo,2,2,D,18,11,8,5,2.3466,1.4518,skott,,,,,,,,,,0.5845,0.2387,0.1768,0.5854,0.2339,0.1807,1,1.75,4.09,5.52,,,,0.5474,,-0.4043,0.5628,-0.4769,0,,,,,0,0,,,-0.0021,,,,,,,,,,,,,,,,,,pinnacle
spelad,ED,2017/18,2017-12-09,,Twente,Den Haag,2,3,A,14,11,5,7,1.6294,1.7721,skott,,,,,,,,,,0.5023,0.27,0.2277,0.5608,0.2575,0.1817,1,2.1,3.7,4.28,,,,0.5356,,-0.7021,0.9762,-0.4937,0,,,,,0,0,,,0.1629,,,,,,,,,,,,,,,,,,pinnacle
spelad,ED,2017/18,2017-12-10,,Ajax,PSV Eindhoven,3,0,H,11,7,3,3,1.1316,0.8948,skott,,,,,,,,,,0.5217,0.2561,0.2222,0.551,0.2258,0.2232,1,2,3.9,4.39,,,,0.5654,,-0.6453,-0.8895,-0.6166,1,,,,,0,0,,,0.0577,,,,,,,,,,,,,,,,,,pinnacle
spelad,ED,2017/18,2017-12-10,,Roda,Groningen,2,2,D,11,9,5,2,1.4518,0.853,skott,,,,,,,,,,0.3156,0.2586,0.4258,0.3351,0.2586,0.4063,1,3.1,3.77,2.38,,,,0.5792,,0.6665,0.1393,0.7876,-1,,,,,0,0,,,0.0586,,,,,,,,,,,,,,,,,,pinnacle
spelad,ED,2017/18,2017-12-12,,NAC Breda,Twente,1,2,A,19,20,2,4,1.445,1.8244,skott,,,,,,,,,,0.378,0.2622,0.3599,0.3656,0.2603,0.374,1,2.6,3.72,2.8,,,,0.5564,,0.367,-0.1318,0.4776,1,,,,,0,0,,,-0.0389,,,,,,,,,,,,,,,,,,pinnacle
spelad,ED,2017/18,2017-12-12,,Zwolle,AZ Alkmaar,1,1,D,14,10,5,3,1.6294,1.0724,skott,,,,,,,,,,0.3061,0.2618,0.4321,0.2937,0.2671,0.4392,1,3.25,3.82,2.3,,,,0.619,,-0.3465,0.2716,-0.1644,0,,,,,0,0,,,-0.032,,,,,,,,,,,,,,,,,,pinnacle
spelad,ED,2017/18,2017-12-13,,Den Haag,Roda,3,2,H,17,6,7,2,2.1273,0.6754,skott,,,,,,,,,,0.5582,0.2436,0.1982,0.5157,0.2572,0.2272,1,1.75,4.01,5,,,,0.5356,,0.1405,-0.2572,-0.0244,1,,,,,0,0,,,-0.1142,,,,,,,,,,,,,,,,,,pinnacle
spelad,ED,2017/18,2017-12-13,,Feyenoord,Heerenveen,1,1,D,19,11,9,3,2.5659,1.1316,skott,,,,,,,,,,0.7007,0.1838,0.1155,0.6773,0.2019,0.1207,1,1.43,5.3,9,,,,0.6101,,0.4647,-0.1932,0.4981,7,,,,,0,0,,,-0.0519,,,,,,,,,,,,,,,,,,pinnacle
spelad,ED,2017/18,2017-12-13,,Groningen,PSV Eindhoven,3,3,D,12,15,4,8,1.3509,2.169,skott,,,,,,,,,,0.1352,0.179,0.6858,0.1339,0.1876,0.6786,1,8,5.44,1.46,,,,0.6603,,-0.794,-0.3726,-0.6896,0,,,,,0,0,,,0.0044,,,,,,,,,,,,,,,,,,pinnacle
spelad,ED,2017/18,2017-12-13,,Vitesse,Willem II,2,2,D,27,4,8,2,2.8794,0.5571,skott,,,,,,,,,,0.6001,0.2357,0.1641,0.6,0.2334,0.1666,1,1.7,4.15,6,,,,0.5265,,-0.6318,0.5145,-0.5314,6,,,,,0,0,,,-0.0028,,,,,,,,,,,,,,,,,,pinnacle
spelad,ED,2017/18,2017-12-13,,VVV Venlo,Utrecht,0,1,A,14,17,2,4,1.149,1.6469,skott,,,,,,,,,,0.2641,0.2662,0.4697,0.2457,0.254,0.5003,1,3.7,3.67,2.2,,,,0.5356,,-0.994,0.9314,-1.0036,-7,,,,,0,0,,,-0.0672,,,,,,,,,,,,,,,,,,pinnacle
spelad,ED,2017/18,2017-12-14,,Ajax,Excelsior,3,1,H,22,11,7,3,2.4233,1.1316,skott,,,,,,,,,,0.8903,0.0726,0.0371,0.8925,0.0748,0.0326,1,1.1,13.48,41,,,,0.7381,,0.2242,-1.3964,-0.0658,-1,,,,,0,0,,,0.0089,,,,,,,,,,,,,,,,,,pinnacle
spelad,ED,2017/18,2017-12-14,,Heracles,Sparta Rotterdam,3,2,H,15,20,5,11,1.6886,2.9454,skott,,,,,,,,,,0.4315,0.2657,0.3028,0.4083,0.2631,0.3286,1,2.39,3.7,3.5,,,,0.5818,,0.5667,-0.0761,0.3883,-6,,,,,0,0,,,-0.072,,,,,,,,,,,,,,,,,,pinnacle
spelad,ED,2017/18,2017-12-16,,Heerenveen,NAC Breda,1,0,H,17,9,5,2,1.807,0.853,skott,,,,,,,,,,0.6238,0.2177,0.1585,0.6423,0.2109,0.1468,1,1.6,4.47,6.75,,,,0.5628,,-0.3231,-0.2379,-0.4809,-1,,,,,0,0,,,0.0487,,,,,,,,,,,,,,,,,,pinnacle
spelad,ED,2017/18,2017-12-16,,PSV Eindhoven,Den Haag,3,0,H,18,9,8,6,2.3466,1.4936,skott,,,,,,,,,,0.8037,0.1286,0.0677,0.8252,0.1132,0.0616,1,1.19,9.5,17.15,,,,0.6925,,0.1319,0.2048,-0.2998,0,,,,,0,0,,,0.049,,,,,,,,,,,,,,,,,,pinnacle
spelad,ED,2017/18,2017-12-16,,Roda,VVV Venlo,0,1,A,8,16,0,7,0.4736,2.0681,skott,,,,,,,,,,0.3628,0.2703,0.3669,0.3255,0.2855,0.389,1,2.7,3.61,2.7,,,,0.5291,,0.4419,-0.4325,0.5499,0,,,,,0,0,,,-0.0968,,,,,,,,,,,,,,,,,,pinnacle
spelad,ED,2017/18,2017-12-16,,Twente,Vitesse,1,1,D,6,11,3,5,0.8356,1.4518,skott,,,,,,,,,,0.3376,0.2673,0.395,0.3458,0.2747,0.3795,1,3,3.65,2.47,,,,0.5447,,0.0749,0.3062,-0.0916,1,,,,,0,0,,,0.032,,,,,,,,,,,,,,,,,,pinnacle
spelad,ED,2017/18,2017-12-16,,Willem II,Zwolle,2,3,A,12,15,5,8,1.511,2.169,skott,,,,,,,,,,0.3125,0.2708,0.4167,0.3427,0.2743,0.383,1,3.12,3.6,2.46,,,,0.5317,,-0.0802,-0.3742,-0.4337,-1,,,,,0,0,,,0.094,,,,,,,,,,,,,,,,,,pinnacle
spelad,ED,2017/18,2017-12-17,,AZ Alkmaar,Ajax,1,2,A,11,20,4,9,1.2917,2.6251,skott,,,,,,,,,,0.2685,0.2512,0.4802,0.2923,0.2433,0.4644,1,3.63,3.88,2.1,,,,0.584,,0.3964,0.7361,0.7934,2,,,,,0,0,,,0.0634,,,,,,,,,,,,,,,,,,pinnacle
spelad,ED,2017/18,2017-12-17,,Excelsior,Groningen,2,0,H,16,9,5,2,1.7478,0.853,skott,,,,,,,,,,0.403,0.2709,0.3261,0.3288,0.2743,0.3969,1,2.54,3.6,2.99,,,,0.5605,,0.0312,0.2977,0.0085,-1,,,,,0,0,,,-0.2192,,,,,,,,,,,,,,,,,,pinnacle
spelad,ED,2017/18,2017-12-17,,Sparta Rotterdam,Feyenoord,0,7,A,5,21,3,12,0.7764,3.1648,skott,,,,,,,,,,0.1262,0.2054,0.6683,0.1543,0.2213,0.6243,1,8,5,1.46,,,,0.5617,,0.3113,-0.8184,0.5696,-1,,,,,0,0,,,0.1003,,,,,,,,,,,,,,,,,,pinnacle
spelad,ED,2017/18,2017-12-17,,Utrecht,Heracles,1,1,D,16,8,4,3,1.5877,0.954,skott,,,,,,,,,,0.6605,0.1995,0.14,0.7519,0.1544,0.0937,1,1.52,5,7.3,,,,0.625,,0.1418,-0.5008,0.2904,1,,,,,0,0,,,0.2291,,,,,,,,,,,,,,,,,,pinnacle
spelad,ED,2017/18,2017-12-22,,Den Haag,Zwolle,4,0,H,14,9,10,4,2.4301,1.1733,skott,,,,,,,,,,0.3221,0.2796,0.3983,0.3918,0.2741,0.3341,1,3.03,3.5,2.49,,,,0.5421,,-0.1922,0.4805,-0.356,0,,,,,0,0,,,0.2037,,,,,,,,,,,,,,,,,,pinnacle
spelad,ED,2017/18,2017-12-23,,AZ Alkmaar,Heerenveen,3,1,H,12,14,6,4,1.6712,1.4693,skott,,,,,,,,,,0.5764,0.2194,0.2042,0.5604,0.2322,0.2075,1,1.71,4.44,5,,,,0.625,,1.0551,-0.6519,0.9623,-1,,,,,0,0,,,-0.0353,,,,,,,,,,,,,,,,,,pinnacle
spelad,ED,2017/18,2017-12-23,,Excelsior,Twente,0,0,D,8,9,1,2,0.6337,0.853,skott,,,,,,,,,,0.3725,0.2726,0.3549,0.3353,0.282,0.3827,1,2.65,3.58,2.85,,,,0.5317,,0.5003,-0.8136,0.7201,-1,,,,,0,0,,,-0.1021,,,,,,,,,,,,,,,,,,pinnacle
spelad,ED,2017/18,2017-12-23,,NAC Breda,Utrecht,3,1,H,13,16,6,6,1.7304,1.9079,skott,,,,,,,,,,0.2223,0.2502,0.5275,0.2324,0.2617,0.5058,1,4.39,3.9,1.93,,,,0.5818,,-0.6502,0.6139,-0.448,1,,,,,0,0,,,0.042,,,,,,,,,,,,,,,,,,pinnacle
spelad,ED,2017/18,2017-12-23,,PSV Eindhoven,Vitesse,2,1,H,23,11,7,6,2.4824,1.612,skott,,,,,,,,,,0.7057,0.1706,0.1237,0.6509,0.215,0.1341,1,1.4,5.71,9,,,,0.6284,,1.1062,-0.313,0.5063,0,,,,,0,0,,,-0.1201,,,,,,,,,,,,,,,,,,pinnacle
spelad,ED,2017/18,2017-12-24,,Ajax,Willem II,3,1,H,28,10,11,3,3.419,1.0724,skott,,,,,,,,,,0.8583,0.091,0.0506,0.8559,0.0925,0.0516,1,1.15,10.75,23,,,,0.7485,,0.6334,-0.966,0.2713,-1,,,,,0,0,,,-0.0057,,,,,,,,,,,,,,,,,,pinnacle
spelad,ED,2017/18,2017-12-24,,Feyenoord,Roda,5,1,H,18,9,9,4,2.5068,1.1733,skott,,,,,,,,,,0.8534,0.1011,0.0455,0.8739,0.0898,0.0364,1,1.2,9.62,29,,,,0.6881,,-0.4171,0.8077,-0.326,-1,,,,,0,0,,,0.0502,,,,,,,,,,,,,,,,,,pinnacle
spelad,ED,2017/18,2017-12-24,,Groningen,Sparta Rotterdam,4,0,H,23,14,12,5,3.2831,1.6294,skott,,,,,,,,,,0.492,0.2563,0.2517,0.5569,0.2304,0.2128,1,2,3.8,3.93,,,,0.5881,,0.4189,-1.3644,0.1726,0,,,,,0,0,,,0.1687,,,,,,,,,,,,,,,,,,pinnacle
spelad,ED,2017/18,2017-12-24,,VVV Venlo,Heracles,3,1,H,9,16,3,5,1.0132,1.7478,skott,,,,,,,,,,0.4719,0.2605,0.2676,0.4712,0.2601,0.2687,1,2.07,3.75,3.75,,,,0.5474,,-0.8416,0.4175,-0.6398,1,,,,,0,0,,,-0.0025,,,,,,,,,,,,,,,,,,pinnacle
spelad,ED,2017/18,2018-01-16,,Sparta Rotterdam,Vitesse,0,1,A,17,10,5,5,1.807,1.3926,skott,,,,,,,,,,0.2568,0.2719,0.4713,0.2547,0.2601,0.4852,1,3.78,3.6,2.1,,,,0.5026,,0.387,0.3983,0.2117,-1,,,,,0,0,,,-0.0182,,,,,,,,,,,,,,,,,,pinnacle
spelad,ED,2017/18,2018-01-19,,Utrecht,AZ Alkmaar,1,1,D,10,11,3,6,1.0724,1.612,skott,,,,,,,,,,0.3482,0.2537,0.3981,0.3752,0.2662,0.3586,1,2.79,3.83,2.65,,,,0.5949,,-0.4172,0.755,-0.2785,0,,,,,0,0,,,0.0936,,,,,,,,,,,,,,,,,,pinnacle
spelad,ED,2017/18,2018-01-20,,Den Haag,VVV Venlo,1,1,D,7,15,2,5,0.7346,1.6886,skott,,,,,,,,,,0.4689,0.2674,0.2637,0.4316,0.2705,0.2979,1,2.15,3.63,3.68,,,,0.5013,,0.13,0.3172,0.4629,2,,,,,0,0,,,-0.1087,,,,,,,,,,,,,,,,,,pinnacle
spelad,ED,2017/18,2018-01-20,,Roda,Twente,1,1,D,21,11,8,3,2.5242,1.1316,skott,,,,,,,,,,0.2756,0.271,0.4534,0.3131,0.2704,0.4166,1,3.7,3.6,2.2,,,,0.5132,,-0.0065,0.1061,0.0744,-1,,,,,0,0,,,0.1117,,,,,,,,,,,,,,,,,,pinnacle
spelad,ED,2017/18,2018-01-20,,Vitesse,Heerenveen,1,1,D,16,6,4,3,1.5877,0.8356,skott,,,,,,,,,,0.4781,0.2581,0.2637,0.4708,0.2621,0.2671,1,2.04,3.76,3.8,,,,0.5356,,0.0578,0.1825,0.0478,-7,,,,,0,0,,,-0.0181,,,,,,,,,,,,,,,,,,pinnacle
spelad,ED,2017/18,2018-01-20,,Zwolle,NAC Breda,1,0,H,17,8,3,4,1.4867,1.1141,skott,,,,,,,,,,0.5964,0.2209,0.1827,0.595,0.2277,0.1773,1,1.64,4.4,5.75,,,,0.5866,,0.1956,-0.0414,0.2861,1,,,,,0,0,,,0.0027,,,,,,,,,,,,,,,,,,pinnacle
spelad,ED,2017/18,2018-01-21,,Ajax,Feyenoord,2,0,H,19,3,6,2,2.0855,0.4979,skott,,,,,,,,,,0.5767,0.228,0.1953,0.5173,0.2533,0.2294,1,1.69,4.25,5.25,,,,0.5964,,0.6602,-1.075,0.2969,0,,,,,0,0,,,-0.1528,,,,,,,,,,,,,,,,,,pinnacle
spelad,ED,2017/18,2018-01-21,,Heracles,PSV Eindhoven,1,2,A,14,32,5,14,1.6294,4.1362,skott,,,,,,,,,,0.1202,0.1712,0.7086,0.1097,0.1591,0.7311,1,8.25,5.67,1.4,,,,0.6675,,-0.4636,0.4465,-0.1111,-1,,,,,0,0,,,-0.0433,,,,,,,,,,,,,,,,,,pinnacle
spelad,ED,2017/18,2018-01-21,,Sparta Rotterdam,Excelsior,2,3,A,16,7,6,4,1.9079,1.0549,skott,,,,,,,,,,0.4559,0.2698,0.2743,0.4493,0.2718,0.2789,1,2.15,3.6,3.54,,,,0.5132,,-0.5329,1.2209,-0.5638,-7,,,,,0,0,,,-0.0178,,,,,,,,,,,,,,,,,,pinnacle
spelad,ED,2017/18,2018-01-21,,Willem II,Groningen,1,1,D,15,13,8,6,2.169,1.7304,skott,,,,,,,,,,0.4115,0.2604,0.3281,0.447,0.26,0.293,1,2.45,3.73,2.96,,,,0.5718,,-0.4615,0.4314,-0.4067,0,,,,,0,0,,,0.106,,,,,,,,,,,,,,,,,,pinnacle
spelad,ED,2017/18,2018-01-24,,Utrecht,Feyenoord,1,1,D,12,11,5,2,1.511,0.9714,skott,,,,,,,,,,0.2932,0.2696,0.4372,0.283,0.2696,0.4473,1,3.4,3.61,2.22,,,,0.5474,,0.5484,0.0191,0.526,2,,,,,0,0,,,-0.0306,,,,,,,,,,,,,,,,,,pinnacle
spelad,ED,2017/18,2018-01-26,,Heerenveen,Sparta Rotterdam,2,1,H,13,15,7,4,1.8905,1.5285,skott,,,,,,,,,,0.6382,0.2127,0.149,0.6299,0.2146,0.1555,1,1.57,4.56,6.51,,,,0.5825,,0.5792,-1.5062,0.5618,1,,,,,0,0,,,-0.0231,,,,,,,,,,,,,,,,,,pinnacle
spelad,ED,2017/18,2018-01-27,,Groningen,Heracles,3,3,D,13,16,7,7,1.8905,2.0681,skott,,,,,,,,,,0.5367,0.228,0.2352,0.6041,0.2056,0.1903,1,1.87,4.26,4.4,,,,0.637,,0.5202,-1.4743,0.4274,0,,,,,0,0,,,0.1796,,,,,,,,,,,,,,,,,,pinnacle
spelad,ED,2017/18,2018-01-27,,NAC Breda,VVV Venlo,0,1,A,15,9,3,4,1.3683,1.1733,skott,,,,,,,,,,0.3775,0.282,0.3404,0.4048,0.2768,0.3185,1,2.57,3.44,3,,,,0.4974,,-0.0744,0.5043,-0.2199,0,,,,,0,0,,,0.0764,,,,,,,,,,,,,,,,,,pinnacle
spelad,ED,2017/18,2018-01-27,,Twente,PSV Eindhoven,0,2,A,19,14,6,7,2.0855,1.9497,skott,,,,,,,,,,0.1744,0.2145,0.6111,0.1418,0.1965,0.6617,1,6.1,4.6,1.59,,,,0.6066,,-0.728,-0.0294,-0.5954,1,,,,,0,0,,,-0.1159,,,,,,,,,,,,,,,,,,pinnacle
spelad,ED,2017/18,2018-01-27,,Zwolle,Vitesse,1,2,A,12,12,5,4,1.511,1.3509,skott,,,,,,,,,,0.3884,0.272,0.3395,0.3061,0.2829,0.4111,1,2.55,3.57,2.95,,,,0.5159,,0.8066,-0.2668,0.7235,0,,,,,0,0,,,-0.2363,,,,,,,,,,,,,,,,,,pinnacle
spelad,ED,2017/18,2018-01-28,,Feyenoord,Den Haag,3,1,H,16,10,6,2,1.9079,0.9122,skott,,,,,,,,,,0.8025,0.1295,0.068,0.8032,0.1337,0.0631,1,1.24,7.5,14.77,,,,0.6595,,-0.2757,-0.4741,-0.586,-4,,,,,0,0,,,0.0064,,,,,,,,,,,,,,,,,,pinnacle
spelad,ED,2017/18,2018-01-28,,Roda,Excelsior,2,1,H,15,9,2,2,1.2082,0.853,skott,,,,,,,,,,0.376,0.2836,0.3404,0.4241,0.2807,0.2952,1,2.59,3.42,2.88,,,,0.4828,,-0.2085,0.5754,-0.1768,1,,,,,0,0,,,0.1414,,,,,,,,,,,,,,,,,,pinnacle
spelad,ED,2017/18,2018-01-28,,Utrecht,Ajax,0,0,D,7,23,3,8,0.8948,2.6426,skott,,,,,,,,,,0.1749,0.2221,0.603,0.1576,0.1953,0.6471,1,5.75,4.37,1.65,,,,0.602,,-0.5682,1.2922,-0.5205,-3,,,,,0,0,,,-0.0788,,,,,,,,,,,,,,,,,,pinnacle
spelad,ED,2017/18,2018-01-28,,Willem II,AZ Alkmaar,0,2,A,7,19,3,9,0.8948,2.5659,skott,,,,,,,,,,0.2465,0.2381,0.5154,0.2222,0.2352,0.5426,1,4.4,4.07,1.91,,,,0.5781,,-0.73,0.5948,-0.5471,-2,,,,,0,0,,,-0.0758,,,,,,,,,,,,,,,,,,pinnacle
spelad,ED,2017/18,2018-02-02,,Vitesse,Groningen,2,0,H,12,10,7,1,1.8313,0.7521,skott,,,,,,,,,,0.5856,0.2309,0.1834,0.6107,0.2317,0.1576,1,1.68,4.21,5.5,,,,0.5751,,-0.2076,0.7813,0.1278,0,,,,,0,0,,,0.0758,,,,,,,,,,,,,,,,,,pinnacle
spelad,ED,2017/18,2018-02-03,,Heerenveen,Twente,1,0,H,14,10,6,2,1.7896,0.9122,skott,,,,,,,,,,0.5482,0.2463,0.2056,0.5218,0.2514,0.2268,1,1.85,4.01,4.72,,,,0.5591,,-0.1156,0.3693,-0.1137,1,,,,,0,0,,,-0.0739,,,,,,,,,,,,,,,,,,pinnacle
spelad,ED,2017/18,2018-02-03,,Heracles,Den Haag,1,1,D,13,14,3,4,1.2499,1.4693,skott,,,,,,,,,,0.438,0.2701,0.292,0.4477,0.2543,0.298,1,2.26,3.66,3.35,,,,0.5766,,-0.0244,-0.1867,-0.1519,1,,,,,0,0,,,0.0134,,,,,,,,,,,,,,,,,,pinnacle
spelad,ED,2017/18,2018-02-03,,PSV Eindhoven,Zwolle,4,0,H,25,3,12,1,3.4015,0.3377,skott,,,,,,,,,,0.7958,0.1312,0.073,0.8236,0.1145,0.0619,1,1.25,7.4,14.3,,,,0.6982,,0.1911,-0.0342,-0.1641,0,,,,,0,0,,,0.0667,,,,,,,,,,,,,,,,,,pinnacle
spelad,ED,2017/18,2018-02-04,,Ajax,NAC Breda,3,1,H,32,8,8,3,3.1753,0.954,skott,,,,,,,,,,0.8711,0.0889,0.04,0.8928,0.0723,0.0349,1,1.1,13.5,30,,,,0.7676,,0.6665,-0.2478,0.4665,-1,,,,,0,0,,,0.0486,,,,,,,,,,,,,,,,,,pinnacle
spelad,ED,2017/18,2018-02-04,,AZ Alkmaar,Roda,2,2,D,16,15,5,4,1.7478,1.5285,skott,,,,,,,,,,0.7907,0.1341,0.0752,0.8206,0.1126,0.0668,1,1.24,7.25,15,,,,0.6959,,0.4653,-1.2793,0.2688,0,,,,,0,0,,,0.0682,,,,,,,,,,,,,,,,,,pinnacle
spelad,ED,2017/18,2018-02-04,,Excelsior,Utrecht,2,2,D,13,13,6,4,1.7304,1.4101,skott,,,,,,,,,,0.2234,0.257,0.5196,0.1758,0.2361,0.5881,1,4.35,3.78,2,,,,0.5277,,-0.0436,-0.0935,0.0483,0,,,,,0,0,,,-0.1637,,,,,,,,,,,,,,,,,,pinnacle
spelad,ED,2017/18,2018-02-04,,Sparta Rotterdam,Willem II,1,0,H,17,8,6,3,1.9671,0.954,skott,,,,,,,,,,0.4389,0.2732,0.2878,0.4806,0.2548,0.2645,1,2.3,3.56,3.37,,,,0.5344,,-0.9726,2.1105,-0.6542,2,,,,,0,0,,,0.1067,,,,,,,,,,,,,,,,,,pinnacle
spelad,ED,2017/18,2018-02-04,,VVV Venlo,Feyenoord,1,0,H,13,15,6,5,1.7304,1.6886,skott,,,,,,,,,,0.1489,0.224,0.6272,0.1647,0.2353,0.5999,1,6.53,4.34,1.57,,,,0.5435,,-0.2462,0.9309,0.2214,1,,,,,0,0,,,0.0589,,,,,,,,,,,,,,,,,,pinnacle
spelad,ED,2017/18,2018-02-06,,Zwolle,Heerenveen,3,2,H,16,10,8,5,2.2282,1.3926,skott,,,,,,,,,,0.3584,0.2751,0.3665,0.3468,0.2782,0.3749,1,2.76,3.53,2.79,,,,0.5383,,0.1111,0.2491,0.1328,0,,,,,0,0,,,-0.0316,,,,,,,,,,,,,,,,,,pinnacle
spelad,ED,2017/18,2018-02-07,,NAC Breda,Heracles,6,1,H,25,11,10,5,3.0813,1.4518,skott,,,,,,,,,,0.4558,0.2596,0.2847,0.465,0.2524,0.2825,1,2.21,3.74,3.41,,,,0.5855,,-0.0831,-0.2697,0.0701,-1,,,,,0,0,,,0.0207,,,,,,,,,,,,,,,,,,pinnacle
spelad,ED,2017/18,2018-02-07,,PSV Eindhoven,Excelsior,1,0,H,29,11,9,0,3.1579,0.6511,skott,,,,,,,,,,0.8472,0.1072,0.0456,0.856,0.0981,0.0459,1,1.13,10.25,29,,,,0.7183,,0.5296,0.0776,0.179,1,,,,,0,0,,,0.0171,,,,,,,,,,,,,,,,,,pinnacle
spelad,ED,2017/18,2018-02-07,,Roda,Ajax,2,4,A,11,18,4,5,1.2917,1.8662,skott,,,,,,,,,,0.0613,0.1313,0.8074,0.0628,0.125,0.8122,1,19,8.08,1.25,,,,0.6791,,-0.3301,0.1469,-0.0826,0,,,,,0,0,,,-0.0018,,,,,,,,,,,,,,,,,,pinnacle
spelad,ED,2017/18,2018-02-07,,Twente,AZ Alkmaar,0,4,A,17,18,6,8,1.9671,2.3466,skott,,,,,,,,,,0.2375,0.2542,0.5083,0.2318,0.2387,0.5295,1,4.11,3.92,1.95,,,,0.6076,,-0.5504,0.7833,-0.3674,1,,,,,0,0,,,-0.0325,,,,,,,,,,,,,,,,,,pinnacle
spelad,ED,2017/18,2018-02-07,,Utrecht,Sparta Rotterdam,1,0,H,16,10,3,3,1.4275,1.0724,skott,,,,,,,,,,0.6357,0.2069,0.1574,0.5818,0.2313,0.1869,1,1.6,4.7,7,,,,0.6056,,0.667,-1.5254,0.2079,0,,,,,0,0,,,-0.1372,,,,,,,,,,,,,,,,,,pinnacle
spelad,ED,2017/18,2018-02-07,,Willem II,VVV Venlo,3,0,H,13,7,6,4,1.7304,1.0549,skott,,,,,,,,,,0.3721,0.2823,0.3456,0.3805,0.2837,0.3358,1,2.62,3.44,2.9,,,,0.4947,,-0.6347,-0.0051,-1.0384,0,,,,,0,0,,,0.0267,,,,,,,,,,,,,,,,,,pinnacle
spelad,ED,2017/18,2018-02-08,,Den Haag,Vitesse,1,0,H,8,16,3,1,0.954,1.1072,skott,,,,,,,,,,0.2636,0.2721,0.4643,,,,0,3.75,3.64,2.11,,,,0.4987,,0.0179,0.2972,0.223,-1,,,,,0,0,,,,,,,,,,,,,,,,,,,,,
spelad,ED,2017/18,2018-02-08,,Feyenoord,Groningen,3,0,H,24,6,9,1,2.8619,0.5153,skott,,,,,,,,,,0.7523,0.1595,0.0883,,,,0,1.28,6.45,13,,,,0.6554,,-0.0906,-0.0287,-0.2236,-2,,,,,0,0,,,,,,,,,,,,,,,,,,,,,
spelad,ED,2017/18,2018-02-10,,AZ Alkmaar,VVV Venlo,0,0,D,20,4,5,1,1.9846,0.3969,skott,,,,,,,,,,0.7137,0.1814,0.1049,0.7191,0.1752,0.1056,1,1.37,5.6,9.55,,,,0.6056,,-0.1746,-0.7883,-0.5333,0,,,,,0,0,,,0.0102,,,,,,,,,,,,,,,,,,pinnacle
spelad,ED,2017/18,2018-02-10,,Heerenveen,Roda,1,1,D,20,6,4,2,1.8244,0.6754,skott,,,,,,,,,,0.7032,0.1831,0.1136,0.7095,0.1848,0.1058,1,1.42,5.3,8.54,,,,0.6312,,0.5384,-0.5386,0.1397,1,,,,,0,0,,,0.0203,,,,,,,,,,,,,,,,,,pinnacle
spelad,ED,2017/18,2018-02-10,,Heracles,Willem II,1,0,H,11,19,2,2,0.9714,1.445,skott,,,,,,,,,,0.4132,0.2653,0.3215,0.3994,0.2527,0.3479,1,2.38,3.66,3.02,,,,0.584,,0.0922,0.8478,0.1999,0,,,,,0,0,,,-0.0539,,,,,,,,,,,,,,,,,,pinnacle
spelad,ED,2017/18,2018-02-10,,Sparta Rotterdam,PSV Eindhoven,1,2,A,10,17,4,5,1.2325,1.807,skott,,,,,,,,,,0.119,0.183,0.6979,0.1415,0.1853,0.6731,1,9,5.48,1.4,,,,0.6294,,-1.3417,1.5665,-0.8694,0,,,,,0,0,,,0.0697,,,,,,,,,,,,,,,,,,pinnacle
spelad,ED,2017/18,2018-02-10,,Utrecht,Zwolle,2,1,H,14,15,7,3,1.9497,1.3683,skott,,,,,,,,,,0.527,0.2532,0.2199,0.5539,0.2429,0.2032,1,1.87,3.83,4.41,,,,0.5488,,-0.2217,-0.568,-0.6109,-1,,,,,0,0,,,0.0705,,,,,,,,,,,,,,,,,,pinnacle
spelad,ED,2017/18,2018-02-11,,Ajax,Twente,2,1,H,19,15,9,6,2.5659,1.8488,skott,,,,,,,,,,0.8433,0.1043,0.0524,0.8543,0.1004,0.0453,1,1.2,9.3,20,,,,0.7216,,0.9962,-0.8733,0.9862,0,,,,,0,0,,,0.0291,,,,,,,,,,,,,,,,,,pinnacle
spelad,ED,2017/18,2018-02-11,,Excelsior,NAC Breda,0,0,D,13,9,4,1,1.4101,0.6929,skott,,,,,,,,,,0.4241,0.2807,0.2952,0.392,0.2762,0.3318,1,2.32,3.5,3.4,,,,0.5186,,0.2372,0.1261,0.228,0,,,,,0,0,,,-0.1008,,,,,,,,,,,,,,,,,,pinnacle
spelad,ED,2017/18,2018-02-11,,Groningen,Den Haag,0,0,D,10,18,4,6,1.2325,2.0263,skott,,,,,,,,,,0.509,0.2545,0.2365,0.4812,0.2424,0.2764,1,1.91,3.84,4.2,,,,0.5718,,-0.5168,0.0232,-1.0331,0,,,,,0,0,,,-0.0953,,,,,,,,,,,,,,,,,,pinnacle
spelad,ED,2017/18,2018-02-11,,Vitesse,Feyenoord,3,1,H,20,5,7,3,2.3049,0.7764,skott,,,,,,,,,,0.2758,0.2727,0.4515,0.2767,0.2759,0.4475,1,3.52,3.56,2.17,,,,0.4973,,-0.1005,1.0186,0.2361,0,,,,,0,0,,,0.0058,,,,,,,,,,,,,,,,,,pinnacle
spelad,ED,2017/18,2018-02-16,,VVV Venlo,Groningen,1,1,D,13,10,4,4,1.4101,1.2325,skott,,,,,,,,,,0.4559,0.2713,0.2728,0.4632,0.274,0.2629,1,2.17,3.6,3.63,,,,0.5013,,0.6003,-0.0257,0.9876,1,,,,,0,0,,,0.0244,,,,,,,,,,,,,,,,,,pinnacle
spelad,ED,2017/18,2018-02-17,,Den Haag,Willem II,2,1,H,27,4,9,1,3.0395,0.3969,skott,,,,,,,,,,0.4736,0.2689,0.2575,0.4754,0.2701,0.2545,1,2.18,3.61,4,,,,0.5132,,0.4453,0.2737,0.8541,-1,,,,,0,0,,,0.0066,,,,,,,,,,,,,,,,,,pinnacle
spelad,ED,2017/18,2018-02-17,,NAC Breda,AZ Alkmaar,1,3,A,14,18,4,11,1.4693,2.827,skott,,,,,,,,,,0.1736,0.2299,0.5965,0.1833,0.2131,0.6036,1,5.6,4.26,1.7,,,,0.5913,,-0.2928,0.0367,0.0304,-1,,,,,0,0,,,0.0124,,,,,,,,,,,,,,,,,,pinnacle
spelad,ED,2017/18,2018-02-17,,PSV Eindhoven,Heerenveen,2,2,D,11,16,6,6,1.612,1.9079,skott,,,,,,,,,,0.7252,0.1717,0.1031,0.6932,0.1791,0.1277,1,1.35,5.94,10,,,,0.637,,0.5812,-0.2576,0.411,0,,,,,0,0,,,-0.0887,,,,,,,,,,,,,,,,,,pinnacle
spelad,ED,2017/18,2018-02-17,,Vitesse,Excelsior,1,2,A,11,10,5,4,1.4518,1.2325,skott,,,,,,,,,,0.7193,0.1867,0.094,0.6871,0.1973,0.1156,1,1.4,5.2,10.33,,,,0.5383,,0.1858,0.1223,0.0846,0,,,,,0,0,,,-0.086,,,,,,,,,,,,,,,,,,pinnacle
spelad,ED,2017/18,2018-02-18,,Feyenoord,Heracles,1,0,H,15,16,7,6,2.0089,1.9079,skott,,,,,,,,,,0.8242,0.1172,0.0586,0.8285,0.1112,0.0604,1,1.18,8.92,21,,,,0.6902,,-0.0519,-0.9783,-0.4461,-1,,,,,0,0,,,0.0067,,,,,,,,,,,,,,,,,,pinnacle
spelad,ED,2017/18,2018-02-18,,Roda,Utrecht,1,4,A,13,17,2,11,1.0898,2.7678,skott,,,,,,,,,,0.1863,0.256,0.5577,0.1974,0.2518,0.5508,1,5.25,3.93,1.78,,,,0.5421,,-0.2722,0.3432,0.2449,0,,,,,0,0,,,0.0293,,,,,,,,,,,,,,,,,,pinnacle
spelad,ED,2017/18,2018-02-18,,Twente,Sparta Rotterdam,1,1,D,25,2,8,1,2.761,0.2785,skott,,,,,,,,,,0.4398,0.2648,0.2954,0.4299,0.2557,0.3144,1,2.24,3.67,3.6,,,,0.5654,,0.4583,-1.0244,0.326,-1,,,,,0,0,,,-0.0388,,,,,,,,,,,,,,,,,,pinnacle
spelad,ED,2017/18,2018-02-18,,Zwolle,Ajax,0,1,A,5,25,2,7,0.6163,2.6008,skott,,,,,,,,,,0.1307,0.1864,0.6829,0.1372,0.1836,0.6792,1,8,5.5,1.45,,,,0.6284,,-0.5797,0.6076,-0.3208,1,,,,,0,0,,,0.0166,,,,,,,,,,,,,,,,,,pinnacle
spelad,ED,2017/18,2018-02-23,,Groningen,NAC Breda,1,1,D,16,15,5,7,1.7478,2.0089,skott,,,,,,,,,,0.5104,0.2519,0.2378,0.4691,0.2556,0.2753,1,2,3.87,4.1,,,,0.5677,,0.035,0.3402,-0.335,1,,,,,0,0,,,-0.1201,,,,,,,,,,,,,,,,,,pinnacle
spelad,ED,2017/18,2018-02-24,,AZ Alkmaar,Sparta Rotterdam,2,1,H,33,4,16,2,4.5156,0.5571,skott,,,,,,,,,,0.7528,0.1537,0.0936,0.7426,0.1532,0.1043,1,1.33,6.32,10.38,,,,0.6603,,0.8358,-1.1537,0.5618,1,,,,,0,0,,,-0.0312,,,,,,,,,,,,,,,,,,pinnacle
spelad,ED,2017/18,2018-02-24,,Heerenveen,Excelsior,0,1,A,26,11,8,3,2.8202,1.1316,skott,,,,,,,,,,0.6548,0.2149,0.1303,0.592,0.2409,0.1671,1,1.53,4.51,7.5,,,,0.5383,,-0.2962,0.7588,-0.5545,0,,,,,0,0,,,-0.1625,,,,,,,,,,,,,,,,,,pinnacle
spelad,ED,2017/18,2018-02-24,,Heracles,Zwolle,2,1,H,19,20,6,9,2.0855,2.6251,skott,,,,,,,,,,0.3544,0.2618,0.3838,0.401,0.2561,0.3429,1,2.79,3.71,2.55,,,,0.5974,,-0.367,0.0261,-0.1534,0,,,,,0,0,,,0.1341,,,,,,,,,,,,,,,,,,pinnacle
spelad,ED,2017/18,2018-02-24,,VVV Venlo,Vitesse,2,2,D,15,17,3,6,1.3683,1.9671,skott,,,,,,,,,,0.2864,0.2847,0.4289,0.2806,0.2898,0.4296,1,3.4,3.5,2.29,,,,0.467,,0.4805,-0.214,0.6147,1,,,,,0,0,,,-0.0122,,,,,,,,,,,,,,,,,,pinnacle
spelad,ED,2017/18,2018-02-25,,Ajax,Den Haag,0,0,D,28,4,9,1,3.0987,0.3969,skott,,,,,,,,,,0.8377,0.1098,0.0525,0.8597,0.1023,0.0381,1,1.17,9,20,,,,0.7105,,0.4725,0.0696,0.0224,-1,,,,,0,0,,,0.0584,,,,,,,,,,,,,,,,,,pinnacle
spelad,ED,2017/18,2018-02-25,,Feyenoord,PSV Eindhoven,1,3,A,11,17,4,7,1.2917,2.1273,skott,,,,,,,,,,0.4257,0.2765,0.2977,0.413,0.2645,0.3225,1,2.31,3.6,3.29,,,,0.5317,,-0.5645,-0.108,-0.8086,-1,,,,,0,0,,,-0.0501,,,,,,,,,,,,,,,,,,pinnacle
spelad,ED,2017/18,2018-02-25,,Utrecht,Twente,3,1,H,13,14,5,6,1.5702,1.7896,skott,,,,,,,,,,0.5991,0.2289,0.1721,0.5927,0.2293,0.178,1,1.68,4.25,5.64,,,,0.5666,,0.9614,-1.1413,0.5985,0,,,,,0,0,,,-0.0186,,,,,,,,,,,,,,,,,,pinnacle
spelad,ED,2017/18,2018-02-25,,Willem II,Roda,1,0,H,19,11,7,3,2.2457,1.1316,skott,,,,,,,,,,0.5166,0.2597,0.2238,0.5425,0.2509,0.2066,1,1.93,3.8,4.34,,,,0.5356,,-0.2066,-0.7429,-0.5825,1,,,,,0,0,,,0.069,,,,,,,,,,,,,,,,,,pinnacle
spelad,ED,2017/18,2018-03-02,,Roda,Heracles,0,3,A,17,16,5,9,1.807,2.3884,skott,,,,,,,,,,0.3696,0.273,0.3574,0.369,0.2742,0.3568,1,2.7,3.6,2.79,,,,0.574,,-0.1937,0.2796,0.0533,-1,,,,,0,0,,,-0.0006,,,,,,,,,,,,,,,,,,pinnacle
spelad,ED,2017/18,2018-03-03,,Excelsior,AZ Alkmaar,1,2,A,16,16,8,6,2.2282,1.9079,skott,,,,,,,,,,0.1602,0.2103,0.6295,0.1475,0.1959,0.6566,1,6.05,4.61,1.63,,,,0.5792,,0.2117,-0.59,0.3695,0,,,,,0,0,,,-0.0527,,,,,,,,,,,,,,,,,,pinnacle
spelad,ED,2017/18,2018-03-03,,Heerenveen,Willem II,2,0,H,17,4,5,0,1.807,0.2368,skott,,,,,,,,,,0.622,0.223,0.155,0.6782,0.2016,0.1202,1,1.62,4.35,6.26,,,,0.5538,,-0.2059,0.8194,-0.0878,1,,,,,0,0,,,0.1473,,,,,,,,,,,,,,,,,,pinnacle
spelad,ED,2017/18,2018-03-03,,NAC Breda,Feyenoord,2,1,H,8,24,3,6,0.954,2.3815,skott,,,,,,,,,,0.1578,0.2161,0.6261,0.1565,0.2085,0.635,1,7,4.75,1.61,,,,0.5628,,-0.1592,-0.4589,0.6395,2,,,,,0,0,,,-0.0116,,,,,,,,,,,,,,,,,,pinnacle
spelad,ED,2017/18,2018-03-03,,PSV Eindhoven,Utrecht,3,0,H,7,11,3,3,0.8948,1.1316,skott,,,,,,,,,,0.6922,0.1915,0.1163,0.6828,0.1947,0.1226,1,1.41,5.28,8.7,,,,0.6136,,0.1591,0.5749,0.1654,0,,,,,0,0,,,-0.0251,,,,,,,,,,,,,,,,,,pinnacle
spelad,ED,2017/18,2018-03-04,,Sparta Rotterdam,Den Haag,2,1,H,15,11,7,5,2.0089,1.4518,skott,,,,,,,,,,0.4011,0.2847,0.3142,0.4185,0.2782,0.3034,1,2.43,3.51,3.25,,,,0.5344,,-0.8771,0.43,-1.0694,1,,,,,0,0,,,0.0454,,,,,,,,,,,,,,,,,,pinnacle
spelad,ED,2017/18,2018-03-04,,Twente,Groningen,1,1,D,26,13,6,4,2.4999,1.4101,skott,,,,,,,,,,0.4728,0.2708,0.2564,0.5038,0.2643,0.232,1,2.16,3.65,3.78,,,,0.5564,,-0.8672,1.5389,-0.2981,-2,,,,,0,0,,,0.0864,,,,,,,,,,,,,,,,,,pinnacle
spelad,ED,2017/18,2018-03-04,,Vitesse,Ajax,3,2,H,10,20,6,6,1.5528,2.1447,skott,,,,,,,,,,0.1672,0.2259,0.607,0.1941,0.245,0.5609,1,6,4.3,1.63,,,,0.5474,,-0.0953,-0.5156,-0.0122,1,,,,,0,0,,,0.0999,,,,,,,,,,,,,,,,,,pinnacle
spelad,ED,2017/18,2018-03-04,,Zwolle,VVV Venlo,1,1,D,18,9,3,6,1.5459,1.4936,skott,,,,,,,,,,0.458,0.2774,0.2646,0.4714,0.2815,0.2471,1,2.18,3.5,3.67,,,,0.4894,,-0.8081,1.08,-0.808,0,,,,,0,0,,,0.0443,,,,,,,,,,,,,,,,,,pinnacle
spelad,ED,2017/18,2018-03-09,,Heracles,Twente,2,1,H,13,11,6,5,1.7304,1.4518,skott,,,,,,,,,,0.4133,0.2563,0.3304,0.4008,0.2552,0.344,1,2.41,3.79,2.97,,,,0.5851,,1.3092,-1.6589,0.9774,2,,,,,0,0,,,-0.0386,,,,,,,,,,,,,,,,,,pinnacle
spelad,ED,2017/18,2018-03-10,,Den Haag,NAC Breda,0,2,A,20,14,4,7,1.8244,1.9497,skott,,,,,,,,,,0.4471,0.2756,0.2772,0.4625,0.2639,0.2736,1,2.25,3.52,3.7,,,,0.5,,0.101,0.4131,0.1996,-1,,,,,0,0,,,0.0344,,,,,,,,,,,,,,,,,,pinnacle
spelad,ED,2017/18,2018-03-10,,Roda,Sparta Rotterdam,0,2,A,14,14,1,3,0.9889,1.3091,skott,,,,,,,,,,0.3147,0.2868,0.3985,0.3399,0.2634,0.3967,1,3.1,3.45,2.75,,,,0.5265,,-0.1007,0.8426,0.0763,2,,,,,0,0,,,0.0521,,,,,,,,,,,,,,,,,,pinnacle
spelad,ED,2017/18,2018-03-10,,VVV Venlo,Excelsior,2,3,A,13,8,4,3,1.4101,0.954,skott,,,,,,,,,,0.4717,0.2753,0.253,0.4622,0.2838,0.2541,1,2.09,3.53,3.9,,,,0.4697,,-0.1093,0.4161,-0.2595,-1,,,,,0,0,,,-0.0201,,,,,,,,,,,,,,,,,,pinnacle
spelad,ED,2017/18,2018-03-10,,Willem II,PSV Eindhoven,5,0,H,11,15,6,3,1.612,1.3683,skott,,,,,,,,,,0.107,0.1802,0.7128,0.1035,0.1785,0.718,1,9.5,5.38,1.4,,,,0.6171,,-1.0786,0.4982,-0.8779,0,,,,,0,0,,,-0.0123,,,,,,,,,,,,,,,,,,pinnacle
spelad,ED,2017/18,2018-03-11,,Ajax,Heerenveen,4,1,H,31,8,10,3,3.4364,0.954,skott,,,,,,,,,,0.7371,0.168,0.0949,0.769,0.1498,0.0812,1,1.33,6,10.5,,,,0.6352,,0.1194,0.3464,-0.0289,-1,,,,,0,0,,,0.0776,,,,,,,,,,,,,,,,,,pinnacle
spelad,ED,2017/18,2018-03-11,,Feyenoord,AZ Alkmaar,2,1,H,14,15,4,5,1.4693,1.6886,skott,,,,,,,,,,0.4311,0.2658,0.3031,0.4668,0.2582,0.275,1,2.29,3.65,3.65,,,,0.5605,,-0.5283,0.3165,-0.9911,0,,,,,0,0,,,0.0994,,,,,,,,,,,,,,,,,,pinnacle
spelad,ED,2017/18,2018-03-11,,Groningen,Zwolle,2,0,H,13,14,4,4,1.4101,1.4693,skott,,,,,,,,,,0.4199,0.2702,0.3099,0.4168,0.2484,0.3349,1,2.32,3.6,3.2,,,,0.5447,,0.1337,-0.4619,-0.1746,0,,,,,0,0,,,-0.0312,,,,,,,,,,,,,,,,,,pinnacle
spelad,ED,2017/18,2018-03-11,,Utrecht,Vitesse,5,1,H,12,16,7,3,1.8313,1.4275,skott,,,,,,,,,,0.4222,0.2743,0.3035,0.4417,0.2699,0.2884,1,2.31,3.55,3.3,,,,0.5132,,0.3177,-0.3094,0.1934,1,,,,,0,0,,,0.0541,,,,,,,,,,,,,,,,,,pinnacle
spelad,ED,2017/18,2018-03-16,,Excelsior,Den Haag,1,2,A,14,12,5,4,1.6294,1.3509,skott,,,,,,,,,,0.4027,0.2821,0.3151,0.3964,0.2767,0.327,1,2.54,3.5,3.28,,,,0.4881,,0.4366,-0.7489,0.4712,0,,,,,0,0,,,-0.0246,,,,,,,,,,,,,,,,,,pinnacle
spelad,ED,2017/18,2018-03-17,,Heerenveen,Utrecht,2,2,D,12,13,5,4,1.511,1.4101,skott,,,,,,,,,,0.4095,0.2863,0.3042,0.4065,0.2729,0.3206,1,2.44,3.55,3.19,,,,0.55,,-0.9473,1.3322,-0.7784,0,,,,,0,0,,,-0.0224,,,,,,,,,,,,,,,,,,pinnacle
spelad,ED,2017/18,2018-03-17,,PSV Eindhoven,VVV Venlo,3,0,H,30,3,19,1,4.8185,0.3377,skott,,,,,,,,,,0.7908,0.1358,0.0734,0.8025,0.1387,0.0588,1,1.24,7.25,14.5,,,,0.6496,,0.5539,-0.1872,0.0661,0,,,,,0,0,,,0.0381,,,,,,,,,,,,,,,,,,pinnacle
spelad,ED,2017/18,2018-03-17,,Twente,Willem II,2,2,D,17,14,3,7,1.4867,1.9497,skott,,,,,,,,,,0.5091,0.2739,0.217,0.5576,0.2419,0.2005,1,1.96,3.72,4.49,,,,0.5409,,-1.2653,2.3832,-0.8075,1,,,,,0,0,,,0.1136,,,,,,,,,,,,,,,,,,pinnacle
spelad,ED,2017/18,2018-03-17,,Vitesse,Heracles,0,0,D,24,6,9,2,2.8619,0.6754,skott,,,,,,,,,,0.64,0.207,0.153,0.678,0.1823,0.1397,1,1.55,4.7,7,,,,0.5964,,-0.4425,0.5436,-0.4589,-2,,,,,0,0,,,0.0892,,,,,,,,,,,,,,,,,,pinnacle
spelad,ED,2017/18,2018-03-18,,AZ Alkmaar,Groningen,3,2,H,23,11,10,4,2.9629,1.2917,skott,,,,,,,,,,0.7465,0.1545,0.099,0.7907,0.1338,0.0756,1,1.3,6.5,11,,,,0.6761,,0.1271,0.3822,0.3458,0,,,,,0,0,,,0.1119,,,,,,,,,,,,,,,,,,pinnacle
spelad,ED,2017/18,2018-03-18,,NAC Breda,Roda,0,1,A,21,14,8,5,2.5242,1.6294,skott,,,,,,,,,,0.5567,0.244,0.1993,0.5554,0.243,0.2016,1,1.78,3.97,4.86,,,,0.5526,,0.5931,-1.4039,0.6083,0,,,,,0,0,,,-0.005,,,,,,,,,,,,,,,,,,pinnacle
spelad,ED,2017/18,2018-03-18,,Sparta Rotterdam,Ajax,2,5,A,11,14,4,8,1.2917,2.1098,skott,,,,,,,,,,0.1011,0.1648,0.7341,0.0665,0.1482,0.7853,1,10,6,1.33,,,,0.6318,,0.2768,-1.358,0.496,1,,,,,0,0,,,-0.1205,,,,,,,,,,,,,,,,,,pinnacle
spelad,ED,2017/18,2018-03-18,,Zwolle,Feyenoord,3,4,A,19,10,7,8,2.2457,1.8731,skott,,,,,,,,,,0.1858,0.2299,0.5843,0.1859,0.2409,0.5731,1,5.5,4.22,1.7,,,,0.5602,,-0.622,0.4714,-0.0019,0,,,,,0,0,,,0.0114,,,,,,,,,,,,,,,,,,pinnacle
spelad,ED,2017/18,2018-03-31,,Den Haag,AZ Alkmaar,0,3,A,11,12,5,5,1.4518,1.511,skott,,,,,,,,,,0.1752,0.2283,0.5965,0.1853,0.2216,0.5931,1,5.55,4.46,1.63,,,,0.6437,,-0.0614,-0.1541,0.3251,2,,,,,0,0,,,0.0236,,,,,,,,,,,,,,,,,,pinnacle
spelad,ED,2017/18,2018-03-31,,PSV Eindhoven,NAC Breda,5,1,H,36,6,14,3,4.3729,0.8356,skott,,,,,,,,,,0.8223,0.1207,0.057,0.8023,0.1343,0.0634,1,1.2,8.41,17.5,,,,0.6729,,0.2448,0.9373,-0.182,1,,,,,0,0,,,-0.0463,,,,,,,,,,,,,,,,,,pinnacle
spelad,ED,2017/18,2018-03-31,,Vitesse,Roda,0,3,A,13,18,3,9,1.2499,2.5068,skott,,,,,,,,,,0.7415,0.1701,0.0884,0.7255,0.1745,0.1,1,1.31,5.85,12,,,,0.6117,,-0.087,0.2877,-0.0619,1,,,,,0,0,,,-0.0437,,,,,,,,,,,,,,,,,,pinnacle
spelad,ED,2017/18,2018-03-31,,Willem II,Utrecht,3,2,H,8,19,5,4,1.2743,1.7652,skott,,,,,,,,,,0.2679,0.26,0.4721,0.2498,0.2656,0.4846,1,3.63,3.74,2.13,,,,0.5462,,-0.5553,-0.1089,-0.2989,0,,,,,0,0,,,-0.0487,,,,,,,,,,,,,,,,,,pinnacle
spelad,ED,2017/18,2018-03-31,,Zwolle,Sparta Rotterdam,2,0,H,22,9,9,4,2.7435,1.1733,skott,,,,,,,,,,0.5112,0.2542,0.2346,0.5275,0.2568,0.2157,1,1.95,3.82,4.2,,,,0.5617,,-0.8585,1.191,-0.7501,0,,,,,0,0,,,0.0516,,,,,,,,,,,,,,,,,,pinnacle
spelad,ED,2017/18,2018-04-01,,Feyenoord,Excelsior,5,0,H,14,2,6,0,1.7896,0.1184,skott,,,,,,,,,,0.8029,0.1336,0.0635,0.7572,0.1558,0.087,1,1.23,7.27,15.31,,,,0.6505,,-0.1112,0.514,-1.0018,-2,,,,,0,0,,,-0.115,,,,,,,,,,,,,,,,,,pinnacle
spelad,ED,2017/18,2018-04-01,,Groningen,Ajax,1,2,A,13,11,5,4,1.5702,1.2917,skott,,,,,,,,,,0.0811,0.1506,0.7684,0.0759,0.1373,0.7869,1,11.94,6.45,1.3,,,,0.6874,,-0.1701,-0.5713,-0.0741,0,,,,,0,0,,,-0.029,,,,,,,,,,,,,,,,,,pinnacle
spelad,ED,2017/18,2018-04-01,,Heracles,Heerenveen,1,2,A,13,11,4,6,1.4101,1.612,skott,,,,,,,,,,0.326,0.257,0.417,0.3346,0.2594,0.406,1,3.1,3.78,2.4,,,,0.5855,,1.1587,-1.0817,0.9913,0,,,,,0,0,,,0.0281,,,,,,,,,,,,,,,,,,pinnacle
spelad,ED,2017/18,2018-04-01,,VVV Venlo,Twente,0,0,D,10,17,2,4,0.9122,1.6469,skott,,,,,,,,,,0.4001,0.2802,0.3198,0.3838,0.279,0.3372,1,2.5,3.47,3.1,,,,0.4947,,0.9136,-1.3495,0.6341,0,,,,,0,0,,,-0.0499,,,,,,,,,,,,,,,,,,pinnacle
spelad,ED,2017/18,2018-04-06,,Excelsior,Willem II,2,1,H,19,13,9,4,2.5659,1.4101,skott,,,,,,,,,,0.4182,0.2804,0.3013,0.4062,0.2856,0.3082,1,2.34,3.46,3.33,,,,0.5013,,-0.1169,0.9385,-0.1248,-1,,,,,0,0,,,-0.0309,,,,,,,,,,,,,,,,,,pinnacle
spelad,ED,2017/18,2018-04-07,,AZ Alkmaar,PSV Eindhoven,2,3,A,10,18,3,6,1.0724,2.0263,skott,,,,,,,,,,0.3774,0.258,0.3646,0.3794,0.2484,0.3722,1,2.6,3.8,2.79,,,,0.637,,0.0142,-0.5307,0.213,0,,,,,0,0,,,-0.0035,,,,,,,,,,,,,,,,,,pinnacle
spelad,ED,2017/18,2018-04-07,,NAC Breda,Vitesse,1,0,H,13,13,2,2,1.0898,1.0898,skott,,,,,,,,,,0.2868,0.2693,0.4439,0.2986,0.2644,0.4371,1,3.45,3.61,2.23,,,,0.5317,,0.7665,-1.6954,0.9222,0,,,,,0,0,,,0.0304,,,,,,,,,,,,,,,,,,pinnacle
spelad,ED,2017/18,2018-04-07,,Roda,Zwolle,3,2,H,7,19,4,8,1.0549,2.4058,skott,,,,,,,,,,0.3273,0.2704,0.4023,0.343,0.2609,0.3961,1,3.1,3.6,2.48,,,,0.5576,,0.4413,-0.2399,0.3901,0,,,,,0,0,,,0.0375,,,,,,,,,,,,,,,,,,pinnacle
spelad,ED,2017/18,2018-04-07,,Sparta Rotterdam,VVV Venlo,3,2,H,23,19,7,6,2.4824,2.0855,skott,,,,,,,,,,0.4196,0.2937,0.2867,0.4884,0.2599,0.2518,1,2.38,3.5,3.39,,,,0.496,,0.3249,-0.4232,0.4639,1,,,,,0,0,,,0.1726,,,,,,,,,,,,,,,,,,pinnacle
spelad,ED,2017/18,2018-04-08,,Ajax,Heracles,1,0,H,34,4,8,0,3.2937,0.2368,skott,,,,,,,,,,0.8774,0.0774,0.0452,0.8855,0.0692,0.0453,1,1.11,12.58,29,,,,0.7717,,-0.1687,0.358,-0.5681,0,,,,,0,0,,,0.0162,,,,,,,,,,,,,,,,,,pinnacle
spelad,ED,2017/18,2018-04-08,,Heerenveen,Groningen,1,1,D,15,8,6,5,1.8488,1.2743,skott,,,,,,,,,,0.561,0.2316,0.2074,0.5173,0.2559,0.2267,1,1.73,4.33,5.6,,,,0.6066,,-0.3541,0.8512,-0.2343,0,,,,,0,0,,,-0.1066,,,,,,,,,,,,,,,,,,pinnacle
spelad,ED,2017/18,2018-04-08,,Twente,Feyenoord,1,3,A,12,13,4,8,1.3509,2.0506,skott,,,,,,,,,,0.1811,0.2366,0.5823,0.1821,0.2295,0.5884,1,5.37,4.2,1.73,,,,0.5781,,-1.3679,1.7622,-0.5565,0,,,,,0,0,,,-0.004,,,,,,,,,,,,,,,,,,pinnacle
spelad,ED,2017/18,2018-04-08,,Utrecht,Den Haag,3,3,D,21,14,9,4,2.6843,1.4693,skott,,,,,,,,,,0.6211,0.2192,0.1596,0.621,0.2269,0.1521,1,1.58,4.42,6.1,,,,0.5803,,0.3494,-0.7669,0.1272,0,,,,,0,0,,,0.0073,,,,,,,,,,,,,,,,,,pinnacle
spelad,ED,2017/18,2018-04-13,,Heracles,AZ Alkmaar,0,3,A,7,23,1,8,0.5745,2.6426,skott,,,,,,,,,,0.1603,0.1911,0.6486,0.1618,0.1899,0.6483,1,6.07,5.09,1.52,,,,0.6953,,0.4104,-1.2849,0.6007,-1,,,,,0,0,,,0.0034,,,,,,,,,,,,,,,,,,pinnacle
spelad,ED,2017/18,2018-04-14,,Den Haag,Twente,2,1,H,13,7,6,1,1.7304,0.5745,skott,,,,,,,,,,0.4556,0.2581,0.2863,0.3983,0.2677,0.334,1,2.26,3.76,3.4,,,,0.5744,,0.8777,-0.7335,0.7558,0,,,,,0,0,,,-0.1623,,,,,,,,,,,,,,,,,,pinnacle
spelad,ED,2017/18,2018-04-14,,Vitesse,Sparta Rotterdam,7,0,H,19,3,8,1,2.4058,0.3377,skott,,,,,,,,,,0.6261,0.2171,0.1568,0.6304,0.2153,0.1543,1,1.63,4.47,6.19,,,,0.599,,-0.8446,1.6763,-0.8512,0,,,,,0,0,,,0.011,,,,,,,,,,,,,,,,,,pinnacle
spelad,ED,2017/18,2018-04-14,,VVV Venlo,Heerenveen,0,2,A,11,20,3,6,1.1316,2.1447,skott,,,,,,,,,,0.3351,0.273,0.3919,0.3659,0.2802,0.3539,1,2.92,3.56,2.5,,,,0.5252,,0.0672,-0.7895,-0.1802,1,,,,,0,0,,,0.0995,,,,,,,,,,,,,,,,,,pinnacle
spelad,ED,2017/18,2018-04-14,,Zwolle,Excelsior,1,1,D,26,9,9,3,2.9803,1.0132,skott,,,,,,,,,,0.551,0.2382,0.2108,0.5369,0.2412,0.2219,1,1.86,4.07,4.75,,,,0.5718,,-1.3544,0.6178,-1.3699,-1,,,,,0,0,,,-0.0391,,,,,,,,,,,,,,,,,,pinnacle
spelad,ED,2017/18,2018-04-15,,Feyenoord,Utrecht,3,1,H,10,14,4,3,1.2325,1.3091,skott,,,,,,,,,,0.6102,0.2205,0.1693,0.5963,0.2234,0.1803,1,1.62,4.42,5.73,,,,0.6206,,0.3335,-0.2928,-0.2319,0,,,,,0,0,,,-0.0388,,,,,,,,,,,,,,,,,,pinnacle
spelad,ED,2017/18,2018-04-15,,Groningen,Roda,2,1,H,19,15,4,4,1.7652,1.5285,skott,,,,,,,,,,0.5644,0.2379,0.1977,0.546,0.237,0.2169,1,1.77,4.2,4.91,,,,0.5881,,-0.3658,-0.3146,-0.3798,-1,,,,,0,0,,,-0.056,,,,,,,,,,,,,,,,,,pinnacle
spelad,ED,2017/18,2018-04-15,,NAC Breda,Willem II,1,2,A,16,11,5,5,1.7478,1.4518,skott,,,,,,,,,,0.4736,0.2682,0.2582,0.4777,0.2755,0.2468,1,2.07,3.67,3.76,,,,0.5305,,0.2247,0.3508,0.1319,-1,,,,,0,0,,,0.0197,,,,,,,,,,,,,,,,,,pinnacle
spelad,ED,2017/18,2018-04-15,,PSV Eindhoven,Ajax,3,0,H,17,11,11,3,2.7678,1.1316,skott,,,,,,,,,,0.3748,0.263,0.3622,0.3706,0.2589,0.3706,1,2.63,3.7,2.69,,,,0.5881,,0.302,-0.3086,0.3693,1,,,,,0,0,,,-0.0168,,,,,,,,,,,,,,,,,,pinnacle
spelad,ED,2017/18,2018-04-17,,Heerenveen,Den Haag,2,0,H,11,8,4,1,1.2917,0.6337,skott,,,,,,,,,,0.5451,0.2384,0.2166,0.5414,0.2441,0.2144,1,1.85,4.1,4.83,,,,0.574,,-0.2064,0.0127,-0.1744,0,,,,,0,0,,,-0.0051,,,,,,,,,,,,,,,,,,pinnacle
spelad,ED,2017/18,2018-04-17,,Twente,Zwolle,2,0,H,11,7,4,2,1.2917,0.7346,skott,,,,,,,,,,0.4454,0.2549,0.2997,0.4397,0.2479,0.3124,1,2.4,3.81,3.39,,,,0.5777,,0.0419,0.0002,-0.1068,0,,,,,0,0,,,-0.0242,,,,,,,,,,,,,,,,,,pinnacle
spelad,ED,2017/18,2018-04-18,,AZ Alkmaar,Vitesse,4,3,H,16,20,11,9,2.7086,2.6251,skott,,,,,,,,,,0.6027,0.2176,0.1797,0.5634,0.2212,0.2153,1,1.67,4.5,5.5,,,,0.6619,,0.9886,-0.595,1.0459,1,,,,,0,0,,,-0.1143,,,,,,,,,,,,,,,,,,pinnacle
spelad,ED,2017/18,2018-04-18,,Excelsior,Heracles,2,2,D,20,16,8,4,2.465,1.5877,skott,,,,,,,,,,0.4713,0.2528,0.2758,0.4394,0.2562,0.3044,1,2.14,3.84,3.6,,,,0.5891,,0.2555,0.6308,0.3793,-1,,,,,0,0,,,-0.0924,,,,,,,,,,,,,,,,,,pinnacle
spelad,ED,2017/18,2018-04-18,,Roda,PSV Eindhoven,2,2,D,10,17,3,5,1.0724,1.807,skott,,,,,,,,,,0.1481,0.1876,0.6643,0.1608,0.2045,0.6348,1,10.3,5.5,1.47,,,,0.669,,-0.3567,0.0516,-0.2487,0,,,,,0,0,,,0.055,,,,,,,,,,,,,,,,,,pinnacle
spelad,ED,2017/18,2018-04-18,,Sparta Rotterdam,NAC Breda,2,1,H,17,14,6,6,1.9671,1.7896,skott,,,,,,,,,,0.451,0.2621,0.2869,0.4538,0.2589,0.2873,1,2.21,3.7,3.6,,,,0.5681,,0.2957,0.0153,0.0503,1,,,,,0,0,,,0.0051,,,,,,,,,,,,,,,,,,pinnacle
spelad,ED,2017/18,2018-04-18,,Willem II,Feyenoord,1,5,A,11,16,4,9,1.2917,2.3884,skott,,,,,,,,,,0.1777,0.226,0.5963,0.1941,0.235,0.5709,1,6.1,4.3,1.66,,,,0.5855,,-0.133,-0.2163,0.4024,0,,,,,0,0,,,0.0582,,,,,,,,,,,,,,,,,,pinnacle
spelad,ED,2017/18,2018-04-19,,Ajax,VVV Venlo,4,1,H,30,9,13,3,3.8576,1.0132,skott,,,,,,,,,,0.847,0.105,0.0479,0.8493,0.0993,0.0514,1,1.14,11,26,,,,0.7146,,0.5385,0.5455,0.4052,-1,,,,,0,0,,,0.0012,,,,,,,,,,,,,,,,,,pinnacle
spelad,ED,2017/18,2018-04-19,,Utrecht,Groningen,1,1,D,12,13,3,7,1.1907,1.8905,skott,,,,,,,,,,0.6001,0.2165,0.1834,0.6727,0.1918,0.1355,1,1.62,4.49,6.1,,,,0.6127,,-0.37,0.6374,-0.2696,0,,,,,0,0,,,0.1932,,,,,,,,,,,,,,,,,,pinnacle
spelad,ED,2017/18,2018-04-29,,Ajax,AZ Alkmaar,3,0,H,17,13,6,4,1.9671,1.4101,skott,,,,,,,,,,0.6189,0.2024,0.1786,0.6848,0.1814,0.1338,1,1.61,4.81,5.5,,,,0.7051,,-0.5148,0.5994,-0.6552,-1,,,,,0,0,,,0.1766,,,,,,,,,,,,,,,,,,pinnacle
spelad,ED,2017/18,2018-04-29,,Den Haag,PSV Eindhoven,3,3,D,11,20,7,6,1.7721,2.1447,skott,,,,,,,,,,0.1978,0.2125,0.5898,0.2297,0.215,0.5553,1,5,4.6,1.68,,,,0.6455,,-0.4608,0.1079,-0.4232,1,,,,,0,0,,,0.0984,,,,,,,,,,,,,,,,,,pinnacle
spelad,ED,2017/18,2018-04-29,,Feyenoord,Sparta Rotterdam,3,1,H,11,12,5,7,1.4518,1.8313,skott,,,,,,,,,,0.7477,0.1502,0.1021,0.7708,0.134,0.0952,1,1.3,7,12,,,,0.7255,,0.1148,-1.2057,-0.1112,0,,,,,0,0,,,0.0532,,,,,,,,,,,,,,,,,,pinnacle
spelad,ED,2017/18,2018-04-29,,Groningen,Excelsior,4,0,H,23,6,8,3,2.6426,0.8356,skott,,,,,,,,,,0.488,0.2264,0.2856,0.458,0.2433,0.2987,1,2,4.29,3.8,,,,0.6162,,-0.1951,-0.5362,-0.1202,-1,,,,,0,0,,,-0.0732,,,,,,,,,,,,,,,,,,pinnacle
spelad,ED,2017/18,2018-04-29,,Heracles,Utrecht,2,2,D,10,25,4,8,1.2325,2.761,skott,,,,,,,,,,0.262,0.2383,0.4998,0.2805,0.239,0.4805,1,3.75,4.09,1.97,,,,0.6479,,0.8255,-1.1842,0.7509,1,,,,,0,0,,,0.0564,,,,,,,,,,,,,,,,,,pinnacle
spelad,ED,2017/18,2018-04-29,,NAC Breda,Heerenveen,3,0,H,14,11,5,3,1.6294,1.1316,skott,,,,,,,,,,0.3531,0.279,0.3678,0.3733,0.275,0.3517,1,2.75,3.61,2.64,,,,0.5818,,-0.0176,-0.1113,-0.0541,-1,,,,,0,0,,,0.0566,,,,,,,,,,,,,,,,,,pinnacle
spelad,ED,2017/18,2018-04-29,,Vitesse,Twente,5,0,H,16,6,9,3,2.3884,0.8356,skott,,,,,,,,,,0.5589,0.2355,0.2056,0.579,0.2166,0.2044,1,1.79,4.13,4.73,,,,0.6127,,0.0623,-0.0608,-0.0017,-1,,,,,0,0,,,0.0414,,,,,,,,,,,,,,,,,,pinnacle
spelad,ED,2017/18,2018-04-29,,VVV Venlo,Roda,1,4,A,10,18,4,6,1.2325,2.0263,skott,,,,,,,,,,0.3767,0.2699,0.3534,0.3511,0.2629,0.386,1,2.58,3.6,2.75,,,,0.5538,,-0.6803,0.2889,-0.9368,-1,,,,,0,0,,,-0.0836,,,,,,,,,,,,,,,,,,pinnacle
spelad,ED,2017/18,2018-04-29,,Zwolle,Willem II,0,1,A,22,6,8,1,2.5834,0.5153,skott,,,,,,,,,,0.5893,0.2272,0.1835,0.653,0.1966,0.1504,1,1.68,4.33,5.3,,,,0.5881,,-1.5705,1.768,-1.4409,1,,,,,0,0,,,0.1605,,,,,,,,,,,,,,,,,,pinnacle
spelad,ED,2017/18,2018-05-06,,AZ Alkmaar,Zwolle,6,0,H,19,6,13,3,3.2065,0.8356,skott,,,,,,,,,,0.6322,0.2008,0.1671,0.6352,0.1894,0.1754,1,1.53,5.01,6.75,,,,0.6989,,1.5681,-1.7017,1.0572,0,,,,,0,0,,,-0.0023,,,,,,,,,,,,,,,,,,pinnacle
spelad,ED,2017/18,2018-05-06,,Excelsior,Ajax,1,2,A,16,23,5,13,1.7478,3.4433,skott,,,,,,,,,,0.1089,0.1706,0.7205,0.1118,0.1634,0.7248,1,10,6.21,1.36,,,,0.6776,,-0.5,0.9118,-0.0407,0,,,,,0,0,,,0.0015,,,,,,,,,,,,,,,,,,pinnacle
spelad,ED,2017/18,2018-05-06,,Heerenveen,Feyenoord,2,3,A,13,16,3,7,1.2499,2.0681,skott,,,,,,,,,,0.3086,0.256,0.4354,0.3256,0.245,0.4294,1,3.2,3.83,2.24,,,,0.6162,,-0.7314,1.5364,-0.2984,0,,,,,0,0,,,0.0402,,,,,,,,,,,,,,,,,,pinnacle
spelad,ED,2017/18,2018-05-06,,PSV Eindhoven,Groningen,0,0,D,14,9,5,4,1.6294,1.1733,skott,,,,,,,,,,0.7761,0.1392,0.0847,,,,0,1.24,7.5,15,,,,0.7192,,0.0247,0.951,-0.3972,0,,,,,0,0,,,,,,,,,,,,,,,,,,,,,
spelad,ED,2017/18,2018-05-06,,Roda,Den Haag,2,3,A,23,14,7,6,2.4824,1.7896,skott,,,,,,,,,,0.3288,0.258,0.4132,0.3032,0.2456,0.4512,1,2.96,3.8,2.4,,,,,,0.6233,-0.9948,0.6925,0,,,,,0,0,,,-0.0893,,,,,,,,,,,,,,,,,,pinnacle
spelad,ED,2017/18,2018-05-06,,Sparta Rotterdam,Heracles,2,5,A,10,15,6,11,1.5528,2.6495,skott,,,,,,,,,,0.4425,0.2483,0.3092,0.4732,0.2283,0.2985,1,2.24,4.02,3.3,,,,0.6714,,-0.0052,1.8043,0.2644,0,,,,,0,0,,,0.0721,,,,,,,,,,,,,,,,,,pinnacle
spelad,ED,2017/18,2018-05-06,,Twente,NAC Breda,1,1,D,20,11,8,5,2.465,1.4518,skott,,,,,,,,,,0.4318,0.2562,0.3119,0.3999,0.2429,0.3572,1,2.29,3.85,3.35,,,,0.625,,-0.7555,1.07,-0.9162,0,,,,,0,0,,,-0.1092,,,,,,,,,,,,,,,,,,pinnacle
spelad,ED,2017/18,2018-05-06,,Utrecht,VVV Venlo,1,0,H,25,12,8,4,2.761,1.3509,skott,,,,,,,,,,0.649,0.2036,0.1474,0.7168,0.1677,0.1155,1,1.48,5,7,,,,0.6437,,-0.1006,0.2514,0.1931,0,,,,,0,0,,,0.1676,,,,,,,,,,,,,,,,,,pinnacle
spelad,ED,2017/18,2018-05-06,,Willem II,Vitesse,2,2,D,19,15,8,4,2.4058,1.5285,skott,,,,,,,,,,0.3156,0.2518,0.4325,0.2949,0.2431,0.462,1,3.1,3.95,2.25,,,,0.6496,,1.0641,-0.8053,1.179,0,,,,,0,0,,,-0.071,,,,,,,,,,,,,,,,,,pinnacle
spelad,ED,2018/19,2018-08-10,,Zwolle,Heerenveen,2,3,A,18,7,4,3,1.7061,0.8948,skott,,,,,,,,,,0.3723,0.2638,0.3639,0.3307,0.2706,0.3987,1,2.6,3.67,3,,,,0.5751,,-1.2394,1.8388,-0.9144,,,,,,0,0,,,-0.1181,,,,,,,,,,,,,,,,,,pinnacle
spelad,ED,2018/19,2018-08-11,,Ajax,Heracles,1,1,D,17,11,7,2,2.1273,0.9714,skott,,,,,,,,,,0.8516,0.1031,0.0453,0.8546,0.099,0.0464,1,1.15,9.33,23,,,,0.735,,0.4138,0.6355,0.1001,,,,,,0,0,,,0.0048,,,,,,,,,,,,,,,,,,pinnacle
spelad,ED,2018/19,2018-08-11,,Excelsior,For Sittard,1,1,D,13,18,3,6,1.2499,2.0263,skott,,,,,,,,,,0.4559,0.2636,0.2805,0.412,0.2766,0.3113,1,2.15,3.7,3.43,,,,0.5617,,,,,,,,,,-1,0,,,-0.1187,,,,,,,,,,,,,,,,,,pinnacle
spelad,ED,2018/19,2018-08-11,,PSV Eindhoven,Utrecht,4,0,H,14,6,10,2,2.4301,0.6754,skott,,,,,,,,,,0.6803,0.1958,0.1239,0.7032,0.1918,0.105,1,1.45,5.03,7.75,,,,0.6269,,0.2642,0.4505,0.2499,,,,,,0,0,,,0.0647,,,,,,,,,,,,,,,,,,pinnacle
spelad,ED,2018/19,2018-08-11,,Willem II,VVV Venlo,0,1,A,15,7,6,1,1.8488,0.5745,skott,,,,,,,,,,0.4183,0.2733,0.3084,0.4262,0.278,0.2958,1,2.4,3.52,3.15,,,,0.5026,,1.2708,-1.1632,1.7158,,,,,,0,0,,,0.0282,,,,,,,,,,,,,,,,,,pinnacle
spelad,ED,2018/19,2018-08-12,,AZ Alkmaar,NAC Breda,5,0,H,29,5,12,4,3.6383,0.9365,skott,,,,,,,,,,0.7012,0.1854,0.1134,0.7251,0.1644,0.1105,1,1.41,5.25,8.5,,,,0.6346,,0.1975,-0.2656,0.1646,,,,,,0,0,,,0.0507,,,,,,,,,,,,,,,,,,pinnacle
spelad,ED,2018/19,2018-08-12,,Den Haag,FC Emmen,1,2,A,14,10,5,5,1.6294,1.3926,skott,,,,,,,,,,0.5367,0.2372,0.2261,0.5487,0.249,0.2023,1,1.88,4.05,4.25,,,,0.5814,,,,,,,,,,-1,0,,,0.0476,,,,,,,,,,,,,,,,,,pinnacle
spelad,ED,2018/19,2018-08-12,,Graafschap,Feyenoord,2,0,H,9,14,5,6,1.3334,1.7896,skott,,,,,,,,,,0.1953,0.226,0.5787,0.1191,0.1911,0.6898,1,5,4.4,1.69,,,,0.6234,,,,,,,,,,1,0,,,-0.2635,,,,,,,,,,,,,,,,,,pinnacle
spelad,ED,2018/19,2018-08-12,,Vitesse,Groningen,5,1,H,14,11,8,6,2.1098,1.612,skott,,,,,,,,,,0.5945,0.2326,0.1729,0.5113,0.2669,0.2218,1,1.64,4.25,5.57,,,,0.5766,,-0.7064,0.6156,-1.2738,,,,,,0,0,,,-0.2152,,,,,,,,,,,,,,,,,,pinnacle
spelad,ED,2018/19,2018-08-17,,Groningen,Willem II,0,1,A,15,7,4,2,1.5285,0.7346,skott,,,,,,,,,,0.5321,0.2483,0.2196,0.5337,0.2368,0.2295,1,1.87,3.9,4.41,,,,0.5561,,-0.3982,0.0394,-0.1055,-1,,,,,0,0,,,-0.0066,,,,,,,,,,,,,,,,,,pinnacle
spelad,ED,2018/19,2018-08-18,,For Sittard,PSV Eindhoven,1,2,A,10,17,6,8,1.5528,2.2874,skott,,,,,,,,,,0.1043,0.1734,0.7223,0.087,0.1522,0.7608,1,10.02,5.72,1.35,,,,0.6269,,,,,0,,,,,1,0,,,-0.073,,,,,,,,,,,,,,,,,,pinnacle
spelad,ED,2018/19,2018-08-18,,Heracles,Den Haag,4,2,H,17,19,7,7,2.1273,2.2457,skott,,,,,,,,,,0.4794,0.2497,0.2709,0.503,0.2374,0.2596,1,2.08,3.84,3.75,,,,0.5902,,-0.0113,-1.1368,-0.1113,1,,,,,0,0,,,0.0585,,,,,,,,,,,,,,,,,,pinnacle
spelad,ED,2018/19,2018-08-18,,NAC Breda,Graafschap,3,0,H,7,7,3,2,0.8948,0.7346,skott,,,,,,,,,,0.4225,0.2737,0.3039,0.4243,0.2636,0.3121,1,2.3,3.63,3.3,,,,0.5524,,,,,0,,,,,-1,0,,,-0.0045,,,,,,,,,,,,,,,,,,pinnacle
spelad,ED,2018/19,2018-08-18,,VVV Venlo,Ajax,0,1,A,9,18,1,9,0.6929,2.5068,skott,,,,,,,,,,0.1065,0.1722,0.7213,0.0812,0.1484,0.7704,1,11,5.86,1.35,,,,0.6284,,-0.6228,-0.0202,-0.4258,0,,,,,0,0,,,-0.0997,,,,,,,,,,,,,,,,,,pinnacle
spelad,ED,2018/19,2018-08-19,,FC Emmen,AZ Alkmaar,1,4,A,14,16,7,8,1.9497,2.2282,skott,,,,,,,,,,0.1833,0.2297,0.5869,0.147,0.2048,0.6482,1,5.25,4.26,1.69,,,,0.602,,,,,0,,,,,1,0,,,-0.1341,,,,,,,,,,,,,,,,,,pinnacle
spelad,ED,2018/19,2018-08-19,,Feyenoord,Excelsior,3,0,H,23,9,6,2,2.3223,0.853,skott,,,,,,,,,,0.7622,0.158,0.0798,0.7882,0.1385,0.0733,1,1.29,6.1,12.03,,,,0.6337,,1.186,-1.9352,0.9296,-1,,,,,0,0,,,0.0586,,,,,,,,,,,,,,,,,,pinnacle
spelad,ED,2018/19,2018-08-19,,Heerenveen,Vitesse,1,1,D,7,20,3,4,0.8948,1.8244,skott,,,,,,,,,,0.429,0.2753,0.2957,0.3624,0.2765,0.3611,1,2.28,3.63,3.4,,,,0.5729,,0.65,0.6667,0.6867,2,,,,,0,0,,,-0.1985,,,,,,,,,,,,,,,,,,pinnacle
spelad,ED,2018/19,2018-08-19,,Utrecht,Zwolle,2,0,H,7,17,2,4,0.7346,1.6469,skott,,,,,,,,,,0.5864,0.2279,0.1857,0.5166,0.2597,0.2238,1,1.7,4.22,5.2,,,,0.5755,,0.6235,-0.8808,0.2168,-1,,,,,0,0,,,-0.1778,,,,,,,,,,,,,,,,,,pinnacle
spelad,ED,2018/19,2018-08-24,,Den Haag,For Sittard,3,1,H,12,14,6,3,1.6712,1.3091,skott,,,,,,,,,,0.5111,0.2562,0.2327,0.4973,0.2702,0.2325,1,1.94,3.8,4.2,,,,0.5662,,,,,0,,,,,-1,0,,,-0.0272,,,,,,,,,,,,,,,,,,pinnacle
spelad,ED,2018/19,2018-08-25,,Ajax,FC Emmen,5,0,H,22,6,10,2,2.9037,0.6754,skott,,,,,,,,,,0.8581,0.0988,0.0431,0.8858,0.0776,0.0366,1,1.13,10.5,25,,,,0.7381,,,,,1,,,,,-1,0,,,0.0617,,,,,,,,,,,,,,,,,,pinnacle
spelad,ED,2018/19,2018-08-25,,Graafschap,Groningen,0,1,A,10,12,4,3,1.2325,1.1907,skott,,,,,,,,,,0.3387,0.2687,0.3926,0.3709,0.2638,0.3653,1,2.95,3.7,2.6,,,,0.5602,,,,,-1,,,,,1,0,,,0.0917,,,,,,,,,,,,,,,,,,pinnacle
spelad,ED,2018/19,2018-08-25,,NAC Breda,Excelsior,0,2,A,12,10,3,3,1.1907,1.0724,skott,,,,,,,,,,0.4802,0.261,0.2589,0.4858,0.2592,0.2551,1,2.07,3.72,3.75,,,,0.5421,,0.3138,-0.8903,0.357,1,,,,,0,0,,,0.015,,,,,,,,,,,,,,,,,,pinnacle
spelad,ED,2018/19,2018-08-25,,Zwolle,PSV Eindhoven,1,2,A,18,15,5,6,1.8662,1.8488,skott,,,,,,,,,,0.1608,0.1973,0.6419,0.1403,0.1864,0.6733,1,6.13,5,1.54,,,,0.6328,,-1.5179,2.4464,-1.1152,-1,,,,,0,0,,,-0.0722,,,,,,,,,,,,,,,,,,pinnacle
spelad,ED,2018/19,2018-08-26,,AZ Alkmaar,Vitesse,0,0,D,18,13,3,3,1.5459,1.2499,skott,,,,,,,,,,0.5647,0.2105,0.2248,0.5431,0.2293,0.2277,1,1.74,4.56,4.75,,,,0.6546,,0.7369,-0.3475,0.7554,0,,,,,0,0,,,-0.046,,,,,,,,,,,,,,,,,,pinnacle
spelad,ED,2018/19,2018-08-26,,Heerenveen,Feyenoord,3,5,A,13,13,5,6,1.5702,1.7304,skott,,,,,,,,,,0.2373,0.2165,0.5462,0.2187,0.249,0.5323,1,4.4,4.44,1.85,,,,0.5891,,-0.3652,1.0795,-0.2191,0,,,,,0,0,,,-0.0234,,,,,,,,,,,,,,,,,,pinnacle
spelad,ED,2018/19,2018-08-26,,Utrecht,VVV Venlo,1,1,D,21,11,4,2,1.8836,0.9714,skott,,,,,,,,,,0.62,0.2179,0.1621,0.639,0.2193,0.1417,1,1.57,4.47,6,,,,0.5938,,-0.1405,0.7045,-0.0792,-1,,,,,0,0,,,0.0584,,,,,,,,,,,,,,,,,,pinnacle
spelad,ED,2018/19,2018-08-26,,Willem II,Heracles,5,0,H,13,6,7,3,1.8905,0.8356,skott,,,,,,,,,,0.4159,0.2691,0.315,0.4383,0.259,0.3027,1,2.31,3.7,3.3,,,,0.5891,,0.2676,0.7701,0.3983,1,,,,,0,0,,,0.0571,,,,,,,,,,,,,,,,,,pinnacle
spelad,ED,2018/19,2018-08-31,,FC Emmen,Graafschap,1,1,D,26,13,11,6,3.3006,1.7304,skott,,,,,,,,,,0.4385,0.2572,0.3043,0.4154,0.2612,0.3234,1,2.23,3.75,3.25,,,,0.5699,,,,,0,,,,,0,0,,,-0.0652,,,,,,,,,,,,,,,,,,pinnacle
spelad,ED,2018/19,2018-09-01,,Excelsior,Den Haag,2,4,A,13,16,4,7,1.4101,2.0681,skott,,,,,,,,,,0.3958,0.2725,0.3317,0.3462,0.2707,0.3831,1,2.5,3.56,2.93,,,,0.5538,,0.0575,-0.0919,-0.0387,-1,,,,,0,0,,,-0.1508,,,,,,,,,,,,,,,,,,pinnacle
spelad,ED,2018/19,2018-09-01,,For Sittard,Utrecht,1,1,D,9,14,2,5,0.853,1.6294,skott,,,,,,,,,,0.2509,0.2563,0.4928,0.272,0.2509,0.4771,1,3.83,3.8,2.05,,,,0.5729,,,,,2,,,,,1,0,,,0.058,,,,,,,,,,,,,,,,,,pinnacle
spelad,ED,2018/19,2018-09-01,,PSV Eindhoven,Willem II,6,1,H,16,6,10,2,2.5485,0.6754,skott,,,,,,,,,,0.802,0.1339,0.0641,0.775,0.1583,0.0668,1,1.21,7.19,15.25,,,,0.6791,,-0.0058,0.1037,-0.2825,1,,,,,0,0,,,-0.0568,,,,,,,,,,,,,,,,,,pinnacle
spelad,ED,2018/19,2018-09-01,,VVV Venlo,Heerenveen,1,1,D,19,8,4,4,1.7652,1.1141,skott,,,,,,,,,,0.3394,0.281,0.3795,0.3186,0.2744,0.407,1,2.85,3.55,2.54,,,,0.5224,,-0.256,-0.0609,-0.2966,0,,,,,0,0,,,-0.0691,,,,,,,,,,,,,,,,,,pinnacle
spelad,ED,2018/19,2018-09-02,,Feyenoord,NAC Breda,4,2,H,20,7,8,4,2.465,1.0549,skott,,,,,,,,,,0.8288,0.1217,0.0495,0.82,0.1219,0.0581,1,1.19,8.5,19.5,,,,0.6603,,0.9072,-1.117,0.6131,-1,,,,,0,0,,,-0.0262,,,,,,,,,,,,,,,,,,pinnacle
spelad,ED,2018/19,2018-09-02,,Groningen,Zwolle,0,1,A,14,9,2,6,1.149,1.4936,skott,,,,,,,,,,0.453,0.2653,0.2817,0.5051,0.2377,0.2572,1,2.13,3.71,3.41,,,,0.5718,,1.5676,-2.154,1.4511,0,,,,,0,0,,,0.1285,,,,,,,,,,,,,,,,,,pinnacle
spelad,ED,2018/19,2018-09-02,,Heracles,AZ Alkmaar,3,2,H,23,17,14,8,3.6034,2.2874,skott,,,,,,,,,,0.2024,0.215,0.5826,0.2283,0.2267,0.545,1,5.75,4.57,1.67,,,,0.6851,,0.0763,0.3686,0.0065,0,,,,,0,0,,,0.0894,,,,,,,,,,,,,,,,,,pinnacle
spelad,ED,2018/19,2018-09-02,,Vitesse,Ajax,0,4,A,21,16,7,8,2.3641,2.2282,skott,,,,,,,,,,0.1843,0.2228,0.5928,0.1646,0.2078,0.6275,1,5.21,4.35,1.67,,,,0.601,,-0.4076,-1.3655,-0.0038,-1,,,,,0,0,,,-0.0741,,,,,,,,,,,,,,,,,,pinnacle
spelad,ED,2018/19,2018-09-15,,Ajax,Groningen,3,0,H,17,7,5,2,1.807,0.7346,skott,,,,,,,,,,0.8331,0.1136,0.0533,0.8591,0.0985,0.0424,1,1.16,8.6,22,,,,0.7124,,0.5877,-0.9593,-0.0215,0,,,,,0,0,,,0.0629,,,,,,,,,,,,,,,,,,pinnacle
spelad,ED,2018/19,2018-09-15,,Den Haag,PSV Eindhoven,0,7,A,5,27,2,10,0.6163,3.1996,skott,,,,,,,,,,0.1496,0.1916,0.6588,0.151,0.1942,0.6548,1,6.51,5.06,1.49,,,,0.6602,,-0.1317,0.7829,0.1632,0,,,,,0,0,,,0.0067,,,,,,,,,,,,,,,,,,pinnacle
spelad,ED,2018/19,2018-09-15,,Graafschap,VVV Venlo,1,2,A,14,12,2,6,1.149,1.6712,skott,,,,,,,,,,0.3862,0.2763,0.3374,0.3738,0.2766,0.3495,1,2.5,3.5,2.95,,,,0.5224,,,,,1,,,,,1,0,,,-0.0369,,,,,,,,,,,,,,,,,,pinnacle
spelad,ED,2018/19,2018-09-15,,Willem II,Excelsior,2,2,D,21,16,6,4,2.2039,1.5877,skott,,,,,,,,,,0.5192,0.261,0.2198,0.5767,0.228,0.1953,1,1.92,3.95,4.4,,,,0.5407,,0.5527,-0.1633,0.9127,0,,,,,0,0,,,0.1395,,,,,,,,,,,,,,,,,,pinnacle
spelad,ED,2018/19,2018-09-16,,AZ Alkmaar,Feyenoord,1,1,D,11,9,3,3,1.1316,1.0132,skott,,,,,,,,,,0.3564,0.2525,0.3911,0.3538,0.2457,0.4004,1,2.75,3.81,2.5,,,,0.6346,,-0.6499,0.1214,-0.3503,0,,,,,0,0,,,-0.0143,,,,,,,,,,,,,,,,,,pinnacle
spelad,ED,2018/19,2018-09-16,,Heerenveen,Heracles,3,5,A,11,10,6,7,1.612,1.7129,skott,,,,,,,,,,0.5318,0.2494,0.2188,0.5107,0.2594,0.2299,1,1.82,4.01,4.51,,,,0.6156,,-0.2592,0.1492,-0.4851,1,,,,,0,0,,,-0.0535,,,,,,,,,,,,,,,,,,pinnacle
spelad,ED,2018/19,2018-09-16,,NAC Breda,For Sittard,2,3,A,14,12,4,4,1.4693,1.3509,skott,,,,,,,,,,0.4493,0.262,0.2887,0.3923,0.2756,0.3321,1,2.19,3.7,3.5,,,,0.574,,,,,-1,,,,,-1,0,,,-0.1573,,,,,,,,,,,,,,,,,,pinnacle
spelad,ED,2018/19,2018-09-16,,Utrecht,FC Emmen,1,2,A,15,10,4,2,1.5285,0.9122,skott,,,,,,,,,,0.6579,0.2079,0.1342,0.6621,0.2115,0.1264,1,1.54,5,7.5,,,,0.6146,,,,,-1,,,,,-1,0,,,0.0162,,,,,,,,,,,,,,,,,,pinnacle
spelad,ED,2018/19,2018-09-16,,Zwolle,Vitesse,0,2,A,12,9,6,4,1.6712,1.1733,skott,,,,,,,,,,0.2927,0.25,0.4572,0.315,0.2572,0.4279,1,3.4,3.9,2.2,,,,0.5486,,-0.955,2.7832,-0.7985,0,,,,,0,0,,,0.0738,,,,,,,,,,,,,,,,,,pinnacle
spelad,ED,2018/19,2018-09-21,,Heracles,Graafschap,4,0,H,27,13,10,4,3.1996,1.4101,skott,,,,,,,,,,0.6554,0.1919,0.1527,0.6178,0.2128,0.1694,1,1.53,5.02,6.51,,,,0.637,,0.933,-0.7193,1.1776,-1,,,,,-1,0,,,-0.0918,,,,,,,,,,,,,,,,,,pinnacle
spelad,ED,2018/19,2018-09-22,,Excelsior,Heerenveen,3,3,D,12,10,8,5,1.9914,1.3926,skott,,,,,,,,,,0.3304,0.2737,0.3959,0.3334,0.2573,0.4093,1,3.1,3.57,2.46,,,,0.5666,,-0.0939,0.006,0.1514,1,,,,,0,0,,,-0.0074,,,,,,,,,,,,,,,,,,pinnacle
spelad,ED,2018/19,2018-09-22,,For Sittard,Willem II,4,4,D,10,12,7,6,1.7129,1.6712,skott,,,,,,,,,,0.385,0.2739,0.3411,0.3886,0.2597,0.3517,1,2.51,3.6,2.87,,,,0.5729,,-0.3199,0.0331,-0.2404,-1,,,,,1,0,,,-0.0034,,,,,,,,,,,,,,,,,,pinnacle
spelad,ED,2018/19,2018-09-22,,Vitesse,Den Haag,1,1,D,15,11,4,3,1.5285,1.1316,skott,,,,,,,,,,0.6346,0.2065,0.1589,0.6283,0.2146,0.1571,1,1.53,4.75,7.5,,,,0.6259,,-0.0397,-1.0884,0.1707,-1,,,,,0,0,,,-0.0107,,,,,,,,,,,,,,,,,,pinnacle
spelad,ED,2018/19,2018-09-22,,VVV Venlo,NAC Breda,3,0,H,14,6,5,1,1.6294,0.5153,skott,,,,,,,,,,0.5347,0.2492,0.2161,0.4545,0.2851,0.2604,1,1.86,3.84,4.51,,,,0.5079,,0.3736,-0.3084,0.4359,1,,,,,0,0,,,-0.2048,,,,,,,,,,,,,,,,,,pinnacle
spelad,ED,2018/19,2018-09-23,,FC Emmen,Zwolle,0,1,A,9,12,3,4,1.0132,1.3509,skott,,,,,,,,,,0.3514,0.2733,0.3754,0.3179,0.2678,0.4143,1,2.75,3.6,2.55,,,,0.5594,,1.4094,-1.1233,1.4012,0,,,,,1,0,,,-0.106,,,,,,,,,,,,,,,,,,pinnacle
spelad,ED,2018/19,2018-09-23,,Feyenoord,Utrecht,1,0,H,23,12,9,1,2.8027,0.8705,skott,,,,,,,,,,0.6415,0.2054,0.153,0.6875,0.1833,0.1292,1,1.5,4.89,7,,,,0.6479,,0.8995,-1.3705,0.8719,0,,,,,0,0,,,0.1157,,,,,,,,,,,,,,,,,,pinnacle
spelad,ED,2018/19,2018-09-23,,Groningen,AZ Alkmaar,1,3,A,8,21,3,11,0.954,3.0046,skott,,,,,,,,,,0.267,0.2547,0.4782,0.2737,0.2466,0.4797,1,3.8,3.93,2.02,,,,0.6152,,-0.5454,1.489,-0.0765,1,,,,,0,0,,,0.0119,,,,,,,,,,,,,,,,,,pinnacle
spelad,ED,2018/19,2018-09-23,,PSV Eindhoven,Ajax,3,0,H,14,15,8,4,2.1098,1.5285,skott,,,,,,,,,,0.3754,0.2678,0.3568,0.3556,0.2561,0.3883,1,2.61,3.7,2.8,,,,,,-0.3428,-0.0925,-0.2746,0,,,,,0,0,,,-0.0712,,,,,,,,,,,,,,,,,,pinnacle
spelad,ED,2018/19,2018-09-29,,Excelsior,VVV Venlo,1,0,H,9,14,2,4,0.853,1.4693,skott,,,,,,,,,,0.3805,0.2923,0.3272,0.4175,0.2691,0.3135,1,2.6,3.4,2.95,,,,0.4815,,-0.4447,0.6719,-0.5848,0,,,,,0,0,,,0.0878,,,,,,,,,,,,,,,,,,pinnacle
spelad,ED,2018/19,2018-09-29,,For Sittard,Ajax,0,2,A,15,17,5,4,1.6886,1.6469,skott,,,,,,,,,,0.101,0.1574,0.7416,0.0779,0.1197,0.8024,1,11,6.75,1.29,,,,0.6895,,-0.6776,0.9121,-0.107,1,,,,,1,0,,,-0.1069,,,,,,,,,,,,,,,,,,pinnacle
spelad,ED,2018/19,2018-09-29,,Heerenveen,Den Haag,1,1,D,11,8,1,2,0.8113,0.7938,skott,,,,,,,,,,0.4888,0.2661,0.245,0.4391,0.2651,0.2958,1,2,3.95,3.91,,,,0.6206,,-0.3969,0.0128,-0.7662,0,,,,,0,0,,,-0.1503,,,,,,,,,,,,,,,,,,pinnacle
spelad,ED,2018/19,2018-09-29,,NAC Breda,PSV Eindhoven,0,2,A,10,12,2,4,0.9122,1.3509,skott,,,,,,,,,,0.0854,0.144,0.7706,0.0988,0.1454,0.7558,1,13,7,1.26,,,,0.669,,-0.6864,1.7897,-0.6273,1,,,,,0,0,,,0.0415,,,,,,,,,,,,,,,,,,pinnacle
spelad,ED,2018/19,2018-09-30,,AZ Alkmaar,Zwolle,2,2,D,15,9,3,3,1.3683,1.0132,skott,,,,,,,,,,0.6577,0.1885,0.1538,0.727,0.1657,0.1072,1,1.5,5.25,6.7,,,,0.6667,,0.8754,-2.4594,0.4393,0,,,,,0,0,,,0.1852,,,,,,,,,,,,,,,,,,pinnacle
spelad,ED,2018/19,2018-09-30,,Feyenoord,Vitesse,2,1,H,19,11,7,5,2.2457,1.4518,skott,,,,,,,,,,0.6279,0.2154,0.1567,0.6365,0.2189,0.1445,1,1.55,4.7,6.09,,,,0.6171,,0.4793,0.2383,0.1417,-1,,,,,0,0,,,0.0295,,,,,,,,,,,,,,,,,,pinnacle
spelad,ED,2018/19,2018-09-30,,Graafschap,Willem II,2,1,H,24,10,7,4,2.5416,1.2325,skott,,,,,,,,,,0.3032,0.2691,0.4277,0.2734,0.2426,0.484,1,3.2,3.7,2.35,,,,0.5703,,-0.4657,0.6682,-0.7297,1,,,,,1,0,,,-0.1158,,,,,,,,,,,,,,,,,,pinnacle
spelad,ED,2018/19,2018-09-30,,Groningen,Utrecht,1,1,D,15,7,6,2,1.8488,0.7346,skott,,,,,,,,,,0.347,0.2713,0.3816,0.3325,0.2697,0.3979,1,2.8,3.6,2.7,,,,0.5421,,-0.0477,0.0617,0.2144,0,,,,,0,0,,,-0.0454,,,,,,,,,,,,,,,,,,pinnacle
spelad,ED,2018/19,2018-09-30,,Heracles,FC Emmen,2,1,H,15,16,6,8,1.8488,2.2282,skott,,,,,,,,,,0.6078,0.2145,0.1777,0.6211,0.2048,0.1741,1,1.6,4.7,5.5,,,,0.6563,,0.7347,-1.6314,0.6327,2,,,,,-1,0,,,0.0301,,,,,,,,,,,,,,,,,,pinnacle
spelad,ED,2018/19,2018-10-05,,Utrecht,NAC Breda,2,1,H,18,9,5,3,1.8662,1.0132,skott,,,,,,,,,,0.6169,0.2308,0.1523,0.6283,0.2409,0.1308,1,1.6,4.35,6.5,,,,0.5788,,0.324,-0.5897,0.0795,-1,,,,,0,0,,,0.0442,,,,,,,,,,,,,,,,,,pinnacle
spelad,ED,2018/19,2018-10-06,,Den Haag,Groningen,1,0,H,9,8,3,3,1.0132,0.954,skott,,,,,,,,,,0.4475,0.2687,0.2838,0.4527,0.276,0.2713,1,2.22,3.69,3.39,,,,0.5866,,0.7139,-0.595,0.5823,1,,,,,0,0,,,0.0228,,,,,,,,,,,,,,,,,,pinnacle
spelad,ED,2018/19,2018-10-06,,Graafschap,Heerenveen,0,5,A,8,24,1,14,0.6337,3.6626,skott,,,,,,,,,,0.2891,0.2609,0.4499,0.3057,0.2692,0.4251,1,3.33,3.75,2.2,,,,0.5755,,0.0247,0.4141,0.4621,-1,,,,,1,0,,,0.058,,,,,,,,,,,,,,,,,,pinnacle
spelad,ED,2018/19,2018-10-06,,PSV Eindhoven,VVV Venlo,4,0,H,24,3,8,0,2.7018,0.1776,skott,,,,,,,,,,0.8063,0.1325,0.0612,0.8034,0.136,0.0607,1,1.2,7.75,17,,,,0.6603,,0.6241,-1.2611,0.1678,0,,,,,0,0,,,-0.0053,,,,,,,,,,,,,,,,,,pinnacle
spelad,ED,2018/19,2018-10-06,,Zwolle,Excelsior,2,0,H,22,5,4,2,1.9428,0.6163,skott,,,,,,,,,,0.522,0.2514,0.2265,0.5145,0.2579,0.2276,1,1.86,3.95,4.4,,,,0.5891,,-0.7045,1.5683,-0.1787,-1,,,,,0,0,,,-0.0161,,,,,,,,,,,,,,,,,,pinnacle
spelad,ED,2018/19,2018-10-07,,Ajax,AZ Alkmaar,5,0,H,22,5,11,3,3.0638,0.7764,skott,,,,,,,,,,0.676,0.183,0.141,0.7525,0.1517,0.0958,1,1.42,5.48,7.5,,,,0.707,,0.437,0.2939,0.0919,1,,,,,0,0,,,0.1982,,,,,,,,,,,,,,,,,,pinnacle
spelad,ED,2018/19,2018-10-07,,FC Emmen,For Sittard,3,3,D,12,12,4,6,1.3509,1.6712,skott,,,,,,,,,,0.4038,0.2797,0.3164,0.4037,0.2722,0.3241,1,2.4,3.65,3.1,,,,0.5553,,0.1899,0.4834,0.2819,-1,,,,,0,0,,,-0.0078,,,,,,,,,,,,,,,,,,pinnacle
spelad,ED,2018/19,2018-10-07,,Vitesse,Heracles,4,0,H,19,4,6,2,2.0855,0.5571,skott,,,,,,,,,,0.4887,0.2475,0.2638,0.5492,0.2307,0.2202,1,1.97,4.02,3.93,,,,0.6294,,-1.0217,0.6126,-1.1782,0,,,,,0,0,,,0.1645,,,,,,,,,,,,,,,,,,pinnacle
spelad,ED,2018/19,2018-10-07,,Willem II,Feyenoord,1,1,D,12,9,4,7,1.3509,1.6537,skott,,,,,,,,,,0.187,0.2157,0.5973,0.1641,0.2073,0.6286,1,5.6,4.5,1.61,,,,0.6136,,-0.7569,0.2354,-0.4954,0,,,,,0,0,,,-0.0771,,,,,,,,,,,,,,,,,,pinnacle
spelad,ED,2018/19,2018-10-20,,Excelsior,Vitesse,2,0,H,6,24,1,7,0.5153,2.5416,skott,,,,,,,,,,0.241,0.229,0.53,0.2531,0.2485,0.4984,1,4.3,4.19,1.85,,,,0.5662,,0.1739,0.2646,-0.0991,1,,,,,0,0,,,0.0558,,,,,,,,,,,,,,,,,,pinnacle
spelad,ED,2018/19,2018-10-20,,Heerenveen,Ajax,0,4,A,13,17,4,10,1.4101,2.6077,skott,,,,,,,,,,0.1139,0.155,0.731,0.1044,0.1432,0.7523,1,10.5,6.5,1.31,,,,0.6667,,-0.4605,0.8745,-0.2067,1,,,,,0,0,,,-0.0404,,,,,,,,,,,,,,,,,,pinnacle
spelad,ED,2018/19,2018-10-20,,PSV Eindhoven,FC Emmen,6,0,H,29,8,15,4,4.1187,1.1141,skott,,,,,,,,,,0.8628,0.0954,0.0418,0.8731,0.0884,0.0385,1,1.14,10.97,29,,,,0.7569,,1.0943,-2.8074,0.6692,1,,,,,-1,0,,,0.0238,,,,,,,,,,,,,,,,,,pinnacle
spelad,ED,2018/19,2018-10-20,,Utrecht,AZ Alkmaar,2,1,H,15,13,6,8,1.8488,2.0506,skott,,,,,,,,,,0.3709,0.2679,0.3612,0.3962,0.2534,0.3504,1,2.7,3.75,2.67,,,,0.6146,,-0.0501,0.2809,-0.188,2,,,,,0,0,,,0.0613,,,,,,,,,,,,,,,,,,pinnacle
spelad,ED,2018/19,2018-10-21,,Feyenoord,Zwolle,3,0,H,17,17,11,5,2.7678,1.807,skott,,,,,,,,,,0.7484,0.1622,0.0894,0.755,0.1562,0.0889,1,1.35,6.5,13.5,,,,0.6858,,0.7289,-0.8108,-0.1618,-1,,,,,0,0,,,0.0137,,,,,,,,,,,,,,,,,,pinnacle
spelad,ED,2018/19,2018-10-21,,For Sittard,Graafschap,3,1,H,22,11,11,3,3.0638,1.1316,skott,,,,,,,,,,0.5354,0.2402,0.2244,0.6161,0.2117,0.1722,1,1.84,4.1,4.5,,,,0.584,,-0.2898,-0.2044,0.0963,-1,,,,,0,0,,,0.2136,,,,,,,,,,,,,,,,,,pinnacle
spelad,ED,2018/19,2018-10-21,,Heracles,Groningen,4,1,H,13,11,8,4,2.0506,1.2917,skott,,,,,,,,,,0.4993,0.249,0.2516,0.4634,0.2713,0.2653,1,1.95,4.1,4,,,,,,1.4825,-1.359,1.4369,-1,,,,,0,0,,,-0.0856,,,,,,,,,,,,,,,,,,pinnacle
spelad,ED,2018/19,2018-10-21,,NAC Breda,Willem II,2,2,D,6,8,3,3,0.8356,0.954,skott,,,,,,,,,,0.3324,0.2939,0.3737,0.3202,0.2821,0.3977,1,3,3.55,2.6,,,,0.5459,,-0.3977,0.9068,-0.4447,2,,,,,0,0,,,-0.0484,,,,,,,,,,,,,,,,,,pinnacle
spelad,ED,2018/19,2018-10-21,,VVV Venlo,Den Haag,2,0,H,22,12,7,2,2.4233,1.0306,skott,,,,,,,,,,0.3955,0.2838,0.3206,0.3861,0.2919,0.322,1,2.5,3.5,3.01,,,,0.5185,,0.1299,-0.7572,0.2849,0,,,,,0,0,,,-0.0202,,,,,,,,,,,,,,,,,,pinnacle
spelad,ED,2018/19,2018-10-26,,FC Emmen,VVV Venlo,1,1,D,28,5,8,2,2.9386,0.6163,skott,,,,,,,,,,0.332,0.2818,0.3862,0.3272,0.2823,0.3905,1,3.02,3.5,2.55,,,,0.496,,-0.4651,1.3898,-0.5436,1,,,,,1,0,,,-0.0139,,,,,,,,,,,,,,,,,,pinnacle
spelad,ED,2018/19,2018-10-27,,Den Haag,NAC Breda,1,1,D,17,7,4,3,1.6469,0.8948,skott,,,,,,,,,,0.5303,0.2506,0.2191,0.5312,0.2466,0.2222,1,1.85,3.95,4.51,,,,0.5524,,0.769,-0.2069,0.7263,0,,,,,0,0,,,-0.0013,,,,,,,,,,,,,,,,,,pinnacle
spelad,ED,2018/19,2018-10-27,,Graafschap,Excelsior,4,1,H,13,14,6,4,1.7304,1.4693,skott,,,,,,,,,,0.3665,0.2641,0.3693,0.3688,0.2539,0.3774,1,2.85,3.7,2.65,,,,0.5788,,-0.9043,1.4475,-0.9589,-1,,,,,1,0,,,-0.0036,,,,,,,,,,,,,,,,,,pinnacle
spelad,ED,2018/19,2018-10-27,,Groningen,PSV Eindhoven,1,2,A,14,19,3,5,1.3091,1.9254,skott,,,,,,,,,,0.1033,0.1761,0.7206,0.1054,0.1895,0.7051,1,10.02,5.75,1.35,,,,0.643,,-1.5692,3.1072,-1.4246,-1,,,,,0,0,,,0.0197,,,,,,,,,,,,,,,,,,pinnacle
spelad,ED,2018/19,2018-10-27,,Zwolle,Heracles,1,1,D,24,8,6,3,2.3815,0.954,skott,,,,,,,,,,0.4263,0.2669,0.3068,0.431,0.2679,0.3011,1,2.3,3.85,3.2,,,,0.6181,,-1.1652,1.1545,-0.5639,0,,,,,0,0,,,0.015,,,,,,,,,,,,,,,,,,pinnacle
spelad,ED,2018/19,2018-10-28,,Ajax,Feyenoord,3,0,H,28,8,10,2,3.2588,0.7938,skott,,,,,,,,,,0.6621,0.1834,0.1545,0.7042,0.1923,0.1034,1,1.46,5.4,7.5,,,,0.6538,,0.0653,-1.0088,-0.0565,1,,,,,0,0,,,0.1354,,,,,,,,,,,,,,,,,,pinnacle
spelad,ED,2018/19,2018-10-28,,AZ Alkmaar,Heerenveen,2,3,A,15,11,7,6,2.0089,1.612,skott,,,,,,,,,,0.628,0.1968,0.1752,0.6126,0.2042,0.1832,1,1.6,5,6.25,,,,0.6698,,0.112,-0.0889,-0.0411,0,,,,,0,0,,,-0.0389,,,,,,,,,,,,,,,,,,pinnacle
spelad,ED,2018/19,2018-10-28,,Vitesse,For Sittard,2,1,H,12,10,6,2,1.6712,0.9122,skott,,,,,,,,,,0.6402,0.2115,0.1483,0.6406,0.2049,0.1545,1,1.6,4.85,7,,,,0.625,,-0.2703,0.2606,-0.2607,1,,,,,-1,0,,,-0.0052,,,,,,,,,,,,,,,,,,pinnacle
spelad,ED,2018/19,2018-10-28,,Willem II,Utrecht,0,1,A,8,19,0,8,0.4736,2.4058,skott,,,,,,,,,,0.3408,0.278,0.3812,0.3142,0.2814,0.4045,1,2.88,3.55,2.8,,,,0.5317,,-0.1181,0.0589,0.1785,-1,,,,,0,0,,,-0.0766,,,,,,,,,,,,,,,,,,pinnacle
spelad,ED,2018/19,2018-11-02,,Excelsior,Groningen,2,4,A,10,15,4,8,1.2325,2.169,skott,,,,,,,,,,0.3677,0.2742,0.3582,0.3623,0.2727,0.365,1,2.77,3.6,2.73,,,,0.5535,,0.9821,-1.1493,0.7594,0,,,,,0,0,,,-0.0176,,,,,,,,,,,,,,,,,,pinnacle
spelad,ED,2018/19,2018-11-03,,Ajax,Willem II,2,0,H,21,3,10,0,2.8445,0.1776,skott,,,,,,,,,,0.8767,0.0882,0.0351,0.8982,0.0734,0.0284,1,1.11,12,36,,,,0.7444,,0.9315,-1.6049,0.7169,0,,,,,0,0,,,0.0497,,,,,,,,,,,,,,,,,,pinnacle
spelad,ED,2018/19,2018-11-03,,AZ Alkmaar,Graafschap,1,0,H,18,3,6,0,2.0263,0.1776,skott,,,,,,,,,,0.7608,0.147,0.0922,0.7954,0.1248,0.0799,1,1.3,7.5,12,,,,0.751,,-0.5553,0.5058,-0.5976,-1,,,,,0,0,,,0.0813,,,,,,,,,,,,,,,,,,pinnacle
spelad,ED,2018/19,2018-11-03,,NAC Breda,Heracles,2,1,H,9,21,2,5,0.853,2.0438,skott,,,,,,,,,,0.3328,0.2734,0.3939,0.3344,0.2649,0.4007,1,2.95,3.65,2.55,,,,0.5714,,-1.4364,1.1219,-1.3596,0,,,,,0,0,,,-0.0036,,,,,,,,,,,,,,,,,,pinnacle
spelad,ED,2018/19,2018-11-03,,PSV Eindhoven,Vitesse,1,0,H,14,7,6,1,1.7896,0.5745,skott,,,,,,,,,,0.7255,0.1728,0.1017,0.7047,0.189,0.1063,1,1.35,6,11,,,,0.6513,,1.1131,-2.5818,0.8141,1,,,,,0,0,,,-0.0463,,,,,,,,,,,,,,,,,,pinnacle
spelad,ED,2018/19,2018-11-04,,For Sittard,Zwolle,3,0,H,17,10,6,4,1.9671,1.2325,skott,,,,,,,,,,0.3559,0.2614,0.3827,0.3501,0.2635,0.3864,1,2.71,3.75,2.65,,,,0.5887,,-0.0112,-0.2894,-0.307,-1,,,,,0,0,,,-0.0152,,,,,,,,,,,,,,,,,,pinnacle
spelad,ED,2018/19,2018-11-04,,Heerenveen,FC Emmen,1,1,D,17,17,6,6,1.9671,1.9671,skott,,,,,,,,,,0.6162,0.2211,0.1627,0.5922,0.2366,0.1712,1,1.6,4.65,6,,,,0.6121,,0.3237,-0.978,0.0214,-2,,,,,0,0,,,-0.0564,,,,,,,,,,,,,,,,,,pinnacle
spelad,ED,2018/19,2018-11-04,,Utrecht,Den Haag,3,0,H,14,11,5,5,1.6294,1.4518,skott,,,,,,,,,,0.5951,0.2228,0.1821,0.6451,0.195,0.1599,1,1.7,4.4,5.5,,,,0.5714,,-0.3254,-0.0749,-0.3392,-1,,,,,0,0,,,0.1223,,,,,,,,,,,,,,,,,,pinnacle
spelad,ED,2018/19,2018-11-09,,Zwolle,Willem II,2,3,A,20,5,7,3,2.3049,0.7764,skott,,,,,,,,,,0.4934,0.2642,0.2424,0.4932,0.2627,0.2441,1,2.03,3.8,4,,,,0.5662,,0.2271,0.5344,0.8082,-1,,,,,0,0,,,-0.0021,,,,,,,,,,,,,,,,,,pinnacle
spelad,ED,2018/19,2018-11-10,,FC Emmen,NAC Breda,2,0,H,19,7,8,3,2.4058,0.8948,skott,,,,,,,,,,0.4503,0.2655,0.2843,0.5023,0.2486,0.2492,1,2.25,3.7,3.45,,,,0.5407,,-0.2548,0.594,0.1958,-1,,,,,0,0,,,0.139,,,,,,,,,,,,,,,,,,pinnacle
spelad,ED,2018/19,2018-11-10,,Graafschap,PSV Eindhoven,1,4,A,10,22,2,7,0.9122,2.4233,skott,,,,,,,,,,0.0842,0.1383,0.7775,0.0744,0.1252,0.8003,1,15,7.5,1.25,,,,0.7201,,-0.7143,2.0052,-0.8517,0,,,,,0,0,,,-0.0424,,,,,,,,,,,,,,,,,,pinnacle
spelad,ED,2018/19,2018-11-10,,Vitesse,Utrecht,2,1,H,17,13,5,7,1.807,1.8905,skott,,,,,,,,,,0.4783,0.2605,0.2612,0.4232,0.2876,0.2893,1,2.05,3.8,3.75,,,,0.5587,,-0.5578,0.7791,-0.268,1,,,,,0,0,,,-0.1382,,,,,,,,,,,,,,,,,,pinnacle
spelad,ED,2018/19,2018-11-10,,VVV Venlo,For Sittard,3,2,H,11,17,6,5,1.612,1.807,skott,,,,,,,,,,0.472,0.2759,0.2521,0.4041,0.282,0.3139,1,2.07,3.7,3.82,,,,0.5433,,0.0902,-0.1099,0.0155,7,,,,,0,0,,,-0.1976,,,,,,,,,,,,,,,,,,pinnacle
spelad,ED,2018/19,2018-11-11,,Den Haag,AZ Alkmaar,0,1,A,6,8,0,2,0.3552,0.7938,skott,,,,,,,,,,0.2277,0.2414,0.5309,0.238,0.2522,0.5098,1,4.5,4.2,1.85,,,,0.6269,,0.4808,-0.0584,0.6482,-1,,,,,0,0,,,0.0417,,,,,,,,,,,,,,,,,,pinnacle
spelad,ED,2018/19,2018-11-11,,Excelsior,Ajax,1,7,A,13,29,3,12,1.2499,3.6383,skott,,,,,,,,,,0.0592,0.1182,0.8225,0.0482,0.098,0.8538,1,21,9,1.2,,,,0.7137,,-0.5803,1.4034,-0.4999,1,,,,,0,0,,,-0.0534,,,,,,,,,,,,,,,,,,pinnacle
spelad,ED,2018/19,2018-11-11,,Groningen,Heerenveen,2,0,H,11,4,5,2,1.4518,0.5571,skott,,,,,,,,,,0.4209,0.2662,0.3129,0.437,0.256,0.307,1,2.35,3.7,3.1,,,,0.5651,,-0.6012,0.756,-0.4027,2,,,,,0,0,,,0.0382,,,,,,,,,,,,,,,,,,pinnacle
spelad,ED,2018/19,2018-11-11,,Heracles,Feyenoord,0,2,A,15,16,3,7,1.3683,2.0681,skott,,,,,,,,,,0.1969,0.2267,0.5764,0.2052,0.2393,0.5555,1,5,4.45,1.73,,,,0.6234,,0.0066,-0.1445,0.385,-6,,,,,0,0,,,0.0376,,,,,,,,,,,,,,,,,,pinnacle
spelad,ED,2018/19,2018-11-24,,For Sittard,Heracles,3,0,H,15,14,9,3,2.3292,1.3091,skott,,,,,,,,,,0.3824,0.2684,0.3492,0.4347,0.2585,0.3068,1,2.6,3.8,2.87,,,,0.6269,,-0.4237,0.4479,-0.0539,1,,,,,0,0,,,0.147,,,,,,,,,,,,,,,,,,pinnacle
spelad,ED,2018/19,2018-11-24,,NAC Breda,Ajax,0,3,A,5,16,3,5,0.7764,1.7478,skott,,,,,,,,,,0.0497,0.0992,0.8512,0.0515,0.1059,0.8426,1,26,11,1.13,,,,0.75,,-0.7546,1.5857,-0.6061,1,,,,,0,0,,,0.0123,,,,,,,,,,,,,,,,,,pinnacle
spelad,ED,2018/19,2018-11-24,,PSV Eindhoven,Heerenveen,3,0,H,28,4,11,0,3.419,0.2368,skott,,,,,,,,,,0.7991,0.1339,0.067,0.8168,0.1233,0.0598,1,1.2,8,18,,,,0.6909,,0.946,-2.0478,0.9402,1,,,,,0,0,,,0.0426,,,,,,,,,,,,,,,,,,pinnacle
spelad,ED,2018/19,2018-11-24,,Zwolle,Den Haag,2,3,A,13,14,4,8,1.4101,2.1098,skott,,,,,,,,,,0.5186,0.2485,0.2329,0.5228,0.2642,0.213,1,1.93,3.86,4.12,,,,0.5602,,-0.3054,0.1579,0.0885,2,,,,,0,0,,,0.0282,,,,,,,,,,,,,,,,,,pinnacle
spelad,ED,2018/19,2018-11-25,,FC Emmen,Excelsior,1,2,A,17,9,3,3,1.4867,1.0132,skott,,,,,,,,,,0.4767,0.2638,0.2595,0.4619,0.2694,0.2687,1,2.11,3.8,3.77,,,,0.5561,,-0.4288,0.3133,0.1917,1,,,,,0,0,,,-0.0387,,,,,,,,,,,,,,,,,,pinnacle
spelad,ED,2018/19,2018-11-25,,Feyenoord,Groningen,1,0,H,14,10,7,3,1.9497,1.0724,skott,,,,,,,,,,0.738,0.1744,0.0877,0.7329,0.1798,0.0874,1,1.35,6,11,,,,0.643,,0.878,-0.859,0.354,0,,,,,0,0,,,-0.0099,,,,,,,,,,,,,,,,,,pinnacle
spelad,ED,2018/19,2018-11-25,,Utrecht,Graafschap,5,0,H,22,5,6,2,2.2631,0.6163,skott,,,,,,,,,,0.7419,0.1678,0.0903,0.7642,0.1507,0.0851,1,1.35,6.25,12,,,,0.6752,,0.2606,-0.6904,0.1987,0,,,,,0,0,,,0.0496,,,,,,,,,,,,,,,,,,pinnacle
spelad,ED,2018/19,2018-11-25,,VVV Venlo,AZ Alkmaar,2,2,D,9,17,3,7,1.0132,2.1273,skott,,,,,,,,,,0.2162,0.2533,0.5304,0.2378,0.2608,0.5014,1,4.5,4,1.92,,,,0.5561,,0.6135,-1.1085,0.786,1,,,,,0,0,,,0.0721,,,,,,,,,,,,,,,,,,pinnacle
spelad,ED,2018/19,2018-11-25,,Willem II,Vitesse,1,3,A,8,11,4,7,1.1141,1.7721,skott,,,,,,,,,,0.2807,0.2735,0.4458,0.2887,0.2763,0.435,1,3.6,3.7,2.16,,,,0.5459,,-0.1196,-0.2709,-0.4267,1,,,,,0,0,,,0.0267,,,,,,,,,,,,,,,,,,pinnacle
spelad,ED,2018/19,2018-11-30,,Excelsior,Utrecht,3,3,D,11,22,4,9,1.2917,2.7435,skott,,,,,,,,,,0.1866,0.204,0.6094,0.1848,0.1969,0.6183,1,5.75,4.72,1.62,,,,0.5949,,-0.0977,1.1406,-0.2457,0,,,,,0,0,,,-0.0126,,,,,,,,,,,,,,,,,,pinnacle
spelad,ED,2018/19,2018-12-01,,AZ Alkmaar,Willem II,0,2,A,16,8,7,4,2.0681,1.1141,skott,,,,,,,,,,0.6819,0.1879,0.1302,0.709,0.1556,0.1354,1,1.43,5.5,8,,,,0.6505,,-0.3054,1.305,-0.0215,0,,,,,0,0,,,0.0491,,,,,,,,,,,,,,,,,,pinnacle
spelad,ED,2018/19,2018-12-01,,Graafschap,Zwolle,0,2,A,4,26,0,9,0.2368,2.9803,skott,,,,,,,,,,0.2526,0.2394,0.508,0.2708,0.2518,0.4775,1,3.85,4.05,1.95,,,,0.6041,,0.5393,-0.1321,0.3253,-1,,,,,0,0,,,0.0667,,,,,,,,,,,,,,,,,,pinnacle
spelad,ED,2018/19,2018-12-01,,Heerenveen,For Sittard,3,1,H,18,15,9,5,2.5068,1.6886,skott,,,,,,,,,,0.4607,0.2602,0.2791,0.411,0.2811,0.3079,1,2.09,3.9,3.7,,,,0.6225,,0.2299,0.0312,-0.183,0,,,,,0,0,,,-0.1283,,,,,,,,,,,,,,,,,,pinnacle
spelad,ED,2018/19,2018-12-01,,Vitesse,FC Emmen,1,1,D,24,7,8,4,2.7018,1.0549,skott,,,,,,,,,,0.6709,0.1997,0.1294,0.6731,0.212,0.1149,1,1.45,5.1,7.5,,,,0.6269,,0.7518,-1.0934,0.4892,0,,,,,0,0,,,0.0191,,,,,,,,,,,,,,,,,,pinnacle
spelad,ED,2018/19,2018-12-02,,Ajax,Den Haag,5,1,H,31,8,12,3,3.7567,0.954,skott,,,,,,,,,,0.8869,0.0824,0.0307,0.8891,0.08,0.0308,1,1.09,12.75,51,,,,0.7635,,0.6484,-1.7168,0.2489,0,,,,,0,0,,,0.0045,,,,,,,,,,,,,,,,,,pinnacle
spelad,ED,2018/19,2018-12-02,,Feyenoord,PSV Eindhoven,2,1,H,14,12,5,5,1.6294,1.511,skott,,,,,,,,,,0.2982,0.2776,0.4243,0.3299,0.2694,0.4007,1,3.23,3.65,2.32,,,,0.5788,,-0.2599,0.9888,-0.4281,-1,,,,,0,0,,,0.0869,,,,,,,,,,,,,,,,,,pinnacle
spelad,ED,2018/19,2018-12-02,,Groningen,NAC Breda,5,2,H,19,6,9,3,2.5659,0.8356,skott,,,,,,,,,,0.6096,0.216,0.1743,0.6166,0.2167,0.1667,1,1.61,4.5,6.25,,,,0.5625,,-0.2685,-0.0584,0.056,-1,,,,,0,0,,,0.0216,,,,,,,,,,,,,,,,,,pinnacle
spelad,ED,2018/19,2018-12-02,,Heracles,VVV Venlo,4,1,H,22,9,8,4,2.5834,1.1733,skott,,,,,,,,,,0.4859,0.268,0.2461,0.5601,0.2267,0.2132,1,1.98,3.8,4,,,,0.5628,,-0.4992,0.6493,-0.6857,1,,,,,0,0,,,0.1814,,,,,,,,,,,,,,,,,,pinnacle
spelad,ED,2018/19,2018-12-06,,Feyenoord,VVV Venlo,4,1,H,27,3,9,1,3.0395,0.3377,skott,,,,,,,,,,0.7715,0.1516,0.0769,0.7997,0.132,0.0683,1,1.26,6.75,15,,,,0.6269,,0.4859,-0.0421,0.3101,0,,,,,0,0,,,0.0651,,,,,,,,,,,,,,,,,,pinnacle
spelad,ED,2018/19,2018-12-07,,For Sittard,AZ Alkmaar,0,3,A,15,8,4,6,1.5285,1.4344,skott,,,,,,,,,,0.2336,0.2275,0.5389,0.2418,0.2239,0.5343,1,4.33,4.3,1.86,,,,0.6489,,0.3616,-1.1694,0.8552,0,,,,,0,0,,,0.021,,,,,,,,,,,,,,,,,,pinnacle
spelad,ED,2018/19,2018-12-07,,PSV Eindhoven,Excelsior,6,0,H,23,2,8,0,2.6426,0.1184,skott,,,,,,,,,,0.8826,0.0825,0.0349,0.8826,0.0825,0.0349,1,1.1,13.68,41,,,,0.7883,,-0.0978,-0.7682,0.0548,-2,,,,,0,0,,,0,,,,,,,,,,,,,,,,,,pinnacle
spelad,ED,2018/19,2018-12-08,,Den Haag,Graafschap,0,0,D,16,9,3,5,1.4275,1.3334,skott,,,,,,,,,,0.6295,0.2136,0.1569,0.6374,0.1993,0.1634,1,1.6,4.75,6.35,,,,0.6278,,-0.2225,0.2279,-0.01,-1,,,,,0,0,,,0.0091,,,,,,,,,,,,,,,,,,pinnacle
spelad,ED,2018/19,2018-12-08,,Willem II,Heerenveen,1,5,A,5,20,1,11,0.4561,2.9454,skott,,,,,,,,,,0.4303,0.2656,0.3041,0.4368,0.2649,0.2983,1,2.4,3.7,3.2,,,,0.574,,0.1343,-0.6783,-0.2008,0,,,,,0,0,,,0.0186,,,,,,,,,,,,,,,,,,pinnacle
spelad,ED,2018/19,2018-12-08,,Zwolle,Ajax,1,4,A,16,14,7,6,2.0681,1.7896,skott,,,,,,,,,,0.0729,0.134,0.793,0.0824,0.1268,0.7909,1,16,7.75,1.21,,,,0.7096,,-1.3583,2.8173,-0.813,1,,,,,0,0,,,0.021,,,,,,,,,,,,,,,,,,pinnacle
spelad,ED,2018/19,2018-12-09,,FC Emmen,Feyenoord,1,4,A,12,32,6,12,1.6712,3.8159,skott,,,,,,,,,,0.14,0.1893,0.6706,0.1268,0.2096,0.6636,1,8,5.25,1.53,,,,0.6397,,-1.2408,1.2156,-0.647,5,,,,,0,0,,,-0.0195,,,,,,,,,,,,,,,,,,pinnacle
spelad,ED,2018/19,2018-12-09,,NAC Breda,Vitesse,2,1,H,11,15,4,4,1.2917,1.5285,skott,,,,,,,,,,0.18,0.2324,0.5875,0.1767,0.2396,0.5837,1,5.5,4.2,1.68,,,,0.5433,,-0.0621,0.2385,-0.2742,-1,,,,,0,0,,,-0.0028,,,,,,,,,,,,,,,,,,pinnacle
spelad,ED,2018/19,2018-12-09,,Utrecht,Heracles,3,1,H,12,14,5,3,1.511,1.3091,skott,,,,,,,,,,0.5979,0.222,0.1802,0.5958,0.2309,0.1733,1,1.72,4.5,5.5,,,,0.6472,,0.4027,-0.8094,0.4867,2,,,,,0,0,,,0.0027,,,,,,,,,,,,,,,,,,pinnacle
spelad,ED,2018/19,2018-12-09,,VVV Venlo,Groningen,0,0,D,12,10,6,4,1.6712,1.2325,skott,,,,,,,,,,0.346,0.2798,0.3742,0.3108,0.2819,0.4074,1,2.79,3.5,2.8,,,,0.5198,,0.4275,-0.2028,-0.0912,-4,,,,,0,0,,,-0.1037,,,,,,,,,,,,,,,,,,pinnacle
spelad,ED,2018/19,2018-12-14,,Willem II,Den Haag,0,3,A,8,7,3,4,0.954,1.0549,skott,,,,,,,,,,0.4445,0.2738,0.2817,0.4217,0.2836,0.2948,1,2.28,3.64,3.5,,,,0.5599,,0.5058,-1.1509,0.216,0,,,,,0,0,,,-0.0588,,,,,,,,,,,,,,,,,,pinnacle
spelad,ED,2018/19,2018-12-15,,AZ Alkmaar,Excelsior,2,1,H,29,7,12,3,3.6383,0.8948,skott,,,,,,,,,,0.77,0.1455,0.0846,0.803,0.1272,0.0698,1,1.3,7,15,,,,0.7177,,-0.6431,0.2452,-0.5003,0,,,,,0,0,,,0.0809,,,,,,,,,,,,,,,,,,pinnacle
spelad,ED,2018/19,2018-12-15,,Heracles,PSV Eindhoven,0,4,A,12,16,1,8,0.8705,2.2282,skott,,,,,,,,,,0.1393,0.1895,0.6712,0.129,0.1765,0.6945,1,8.5,5.5,1.42,,,,0.6603,,-0.6899,1.6279,-0.5899,-2,,,,,0,0,,,-0.044,,,,,,,,,,,,,,,,,,pinnacle
spelad,ED,2018/19,2018-12-15,,Vitesse,VVV Venlo,2,1,H,17,11,4,1,1.6469,0.8113,skott,,,,,,,,,,0.6802,0.2044,0.1154,0.677,0.2099,0.1131,1,1.45,5,9,,,,0.5897,,-0.4239,0.3741,-0.1886,0,,,,,0,0,,,-0.0041,,,,,,,,,,,,,,,,,,pinnacle
spelad,ED,2018/19,2018-12-15,,Zwolle,NAC Breda,0,0,D,16,13,5,3,1.7478,1.2499,skott,,,,,,,,,,0.5666,0.2527,0.1807,0.5919,0.2376,0.1705,1,1.7,4.1,5.75,,,,0.5751,,-1.0653,1.5342,-0.63,1,,,,,0,0,,,0.0607,,,,,,,,,,,,,,,,,,pinnacle
spelad,ED,2018/19,2018-12-16,,Ajax,Graafschap,8,0,H,35,3,17,2,4.7942,0.4979,skott,,,,,,,,,,0.9278,0.0518,0.0204,0.9348,0.0472,0.018,1,1.05,20,71,,,,0.8301,,0.777,-2.2443,0.7156,0,,,,,0,0,,,0.0165,,,,,,,,,,,,,,,,,,pinnacle
spelad,ED,2018/19,2018-12-16,,Feyenoord,For Sittard,0,2,A,26,11,8,4,2.8202,1.2917,skott,,,,,,,,,,0.7822,0.1419,0.076,0.7539,0.1515,0.0946,1,1.27,8.25,14.5,,,,0.693,,0.9302,-0.7973,0.4919,-2,,,,,0,0,,,-0.0752,,,,,,,,,,,,,,,,,,pinnacle
spelad,ED,2018/19,2018-12-16,,Groningen,FC Emmen,1,2,A,11,13,5,3,1.4518,1.2499,skott,,,,,,,,,,0.5844,0.2426,0.173,0.5807,0.2459,0.1734,1,1.65,4.3,5.8,,,,0.5876,,0.2366,-0.6724,0.206,0,,,,,0,0,,,-0.0077,,,,,,,,,,,,,,,,,,pinnacle
spelad,ED,2018/19,2018-12-16,,Heerenveen,Utrecht,2,3,A,10,9,6,3,1.5528,1.0132,skott,,,,,,,,,,0.3148,0.2646,0.4206,0.3128,0.2747,0.4126,1,3.2,3.7,2.35,,,,0.5788,,-0.3211,0.44,-0.0075,1,,,,,0,0,,,0.004,,,,,,,,,,,,,,,,,,pinnacle
spelad,ED,2018/19,2018-12-21,,VVV Venlo,Zwolle,2,0,H,19,8,6,1,2.0855,0.6337,skott,,,,,,,,,,0.3819,0.274,0.344,0.3406,0.2758,0.3837,1,2.55,3.54,2.86,,,,0.5276,,1.2196,-1.9785,0.8392,0,,,,,0,0,,,-0.1224,,,,,,,,,,,,,,,,,,pinnacle
spelad,ED,2018/19,2018-12-22,,Excelsior,Heracles,0,3,A,13,22,4,6,1.4101,2.2631,skott,,,,,,,,,,0.3258,0.2585,0.4157,0.3136,0.2459,0.4405,1,2.96,3.8,2.55,,,,0.6364,,0.7071,-0.3073,0.4011,0,,,,,0,0,,,-0.0492,,,,,,,,,,,,,,,,,,pinnacle
spelad,ED,2018/19,2018-12-22,,For Sittard,Groningen,0,0,D,13,15,4,5,1.4101,1.6886,skott,,,,,,,,,,0.4122,0.2694,0.3183,0.431,0.2679,0.3011,1,2.35,3.75,3.2,,,,0.581,,0.2665,-0.2752,0.3863,0,,,,,0,0,,,0.0547,,,,,,,,,,,,,,,,,,pinnacle
spelad,ED,2018/19,2018-12-22,,NAC Breda,Heerenveen,4,2,H,32,8,12,4,3.8159,1.1141,skott,,,,,,,,,,0.314,0.267,0.4191,0.3465,0.2788,0.3746,1,3.07,3.61,2.52,,,,0.5625,,0.3337,-0.273,0.0843,1,,,,,0,0,,,0.1096,,,,,,,,,,,,,,,,,,pinnacle
spelad,ED,2018/19,2018-12-22,,PSV Eindhoven,AZ Alkmaar,3,1,H,14,11,8,4,2.1098,1.2917,skott,,,,,,,,,,0.6844,0.1847,0.1309,0.7041,0.1744,0.1215,1,1.42,5.5,9,,,,0.6916,,0.6699,-1.9139,0.6465,0,,,,,0,0,,,0.0487,,,,,,,,,,,,,,,,,,pinnacle
spelad,ED,2018/19,2018-12-23,,Den Haag,Feyenoord,2,2,D,13,14,5,6,1.5702,1.7896,skott,,,,,,,,,,0.1827,0.2226,0.5946,0.1491,0.1895,0.6613,1,5.5,4.45,1.7,,,,0.6136,,-0.5931,0.5336,-0.4353,2,,,,,0,0,,,-0.1338,,,,,,,,,,,,,,,,,,pinnacle
spelad,ED,2018/19,2018-12-23,,FC Emmen,Willem II,0,2,A,11,10,2,3,0.9714,1.0724,skott,,,,,,,,,,0.3873,0.2779,0.3348,0.3847,0.2715,0.3438,1,2.75,3.65,2.88,,,,0.5651,,-0.3659,0.69,0.3924,-2,,,,,0,0,,,-0.0141,,,,,,,,,,,,,,,,,,pinnacle
spelad,ED,2018/19,2018-12-23,,Graafschap,Vitesse,2,2,D,14,21,5,7,1.6294,2.3641,skott,,,,,,,,,,0.1502,0.2042,0.6456,0.1619,0.2216,0.6165,1,7.75,4.95,1.48,,,,0.6076,,0.041,0.0405,-0.0103,-1,,,,,0,0,,,0.0525,,,,,,,,,,,,,,,,,,pinnacle
spelad,ED,2018/19,2018-12-23,,Utrecht,Ajax,1,3,A,8,17,2,7,0.7938,2.1273,skott,,,,,,,,,,0.1182,0.1738,0.7081,0.1182,0.1725,0.7093,1,9.5,6,1.35,,,,0.7035,,-0.0018,1.1553,0.2021,0,,,,,0,0,,,-0.0011,,,,,,,,,,,,,,,,,,pinnacle
spelad,ED,2018/19,2019-01-18,,Vitesse,Excelsior,3,2,H,16,9,9,2,2.3884,0.853,skott,,,,,,,,,,0.7169,0.1772,0.1059,0.7166,0.16,0.1234,1,1.36,5.75,10,,,,0.6339,,0.2603,-0.9745,0.2773,-1,3,-1,-0.83,-0.238,0,0,,,-0.0181,,,,,,,,,,,,,,,,,,pinnacle
spelad,ED,2018/19,2019-01-19,,AZ Alkmaar,Utrecht,3,0,H,10,14,3,4,1.0724,1.4693,skott,,,,,,,,,,0.4789,0.2595,0.2616,0.5363,0.2277,0.236,1,2.06,4,3.8,,,,0.6415,,-0.5916,1.3704,-0.6188,1,3,0,-0.0884,0.0803,0,0,,,0.1403,,,,,,,,,,,,,,,,,,pinnacle
spelad,ED,2018/19,2019-01-19,,Den Haag,VVV Venlo,2,4,A,20,16,8,8,2.465,2.2282,skott,,,,,,,,,,0.4899,0.2759,0.2342,0.4593,0.285,0.2557,1,2.05,3.65,4.1,,,,0.4987,,-0.3007,0.5871,-0.0359,-2,3,0,0.061,0.0581,0,0,,,-0.0827,,,,,,,,,,,,,,,,,,pinnacle
spelad,ED,2018/19,2019-01-19,,Groningen,Heracles,3,0,H,18,7,6,2,2.0263,0.7346,skott,,,,,,,,,,0.4361,0.2598,0.3041,0.4446,0.2571,0.2982,1,2.3,3.75,3.2,,,,0.5944,,0.2546,-0.8296,0.3561,0,3,-2,-1.0393,0.0967,0,0,,,0.0228,,,,,,,,,,,,,,,,,,pinnacle
spelad,ED,2018/19,2019-01-19,,Zwolle,Feyenoord,3,1,H,15,13,7,6,2.0089,1.7304,skott,,,,,,,,,,0.1852,0.2212,0.5936,0.1544,0.1825,0.6632,1,5.5,4.7,1.62,,,,,,-1.2016,1.3456,-0.9615,2,3,-2,-0.2441,0.1422,0,0,,,-0.1313,,,,,,,,,,,,,,,,,,pinnacle
spelad,ED,2018/19,2019-01-20,,Ajax,Heerenveen,4,4,D,27,12,9,9,3.0395,2.1516,skott,,,,,,,,,,0.8961,0.0732,0.0307,0.8761,0.086,0.0379,1,1.07,15,51,,,,0.7871,,0.6104,-1.5032,0.3464,-1,3,3,0.7184,-0.1726,0,0,,,-0.0471,,,,,,,,,,,,,,,,,,pinnacle
spelad,ED,2018/19,2019-01-20,,FC Emmen,PSV Eindhoven,2,2,D,6,14,2,4,0.6754,1.4693,skott,,,,,,,,,,0.0856,0.1433,0.7711,0.0806,0.1417,0.7776,1,13,7.03,1.24,,,,0.6923,,-0.7683,1.3883,-0.2882,-1,,,,,0,0,,,-0.0164,,,,,,,,,,,,,,,,,,pinnacle
spelad,ED,2018/19,2019-01-20,,Graafschap,For Sittard,5,1,H,18,7,9,3,2.5068,0.8948,skott,,,,,,,,,,0.2909,0.2507,0.4584,0.3137,0.2517,0.4346,1,3.35,3.9,2.24,,,,0.6234,,0.0268,0.7158,-0.1403,-1,,,,,0,0,,,0.0694,,,,,,,,,,,,,,,,,,pinnacle
spelad,ED,2018/19,2019-01-20,,Willem II,NAC Breda,2,0,H,11,4,4,0,1.2917,0.2368,skott,,,,,,,,,,0.4855,0.2778,0.2367,0.3906,0.3076,0.3018,1,2,3.7,4.1,,,,0.5328,,0.0671,-0.3801,-0.4395,-1,3,1,0.2407,0.3967,0,0,,,-0.2547,,,,,,,,,,,,,,,,,,pinnacle
spelad,ED,2018/19,2019-01-25,,NAC Breda,Den Haag,1,1,D,20,8,4,2,1.8244,0.7938,skott,,,,,,,,,,0.3744,0.2716,0.3539,0.3568,0.2742,0.369,1,2.66,3.6,2.8,,,,0.5407,,0.5135,-0.2481,0.3755,-1,3,0,0.1611,0.07,0,0,,,-0.0503,,,,,,,,,,,,,,,,,,pinnacle
spelad,ED,2018/19,2019-01-26,,Excelsior,Graafschap,2,0,H,7,13,2,3,0.7346,1.2499,skott,,,,,,,,,,0.4647,0.2643,0.271,0.4593,0.2598,0.2809,1,2.15,3.8,3.55,,,,0.6076,,0.0441,0.1696,-0.2245,2,,,,,0,0,,,-0.0208,,,,,,,,,,,,,,,,,,pinnacle
spelad,ED,2018/19,2019-01-26,,Heracles,Zwolle,0,2,A,15,9,4,4,1.5285,1.1733,skott,,,,,,,,,,0.4587,0.2596,0.2817,0.4653,0.2396,0.2951,1,2.16,4,3.45,,,,0.6121,,0.1153,-0.0697,0.0875,0,3,0,0.159,0.0783,0,0,,,-0.0002,,,,,,,,,,,,,,,,,,pinnacle
spelad,ED,2018/19,2019-01-26,,PSV Eindhoven,Groningen,2,1,H,12,5,6,1,1.6712,0.4561,skott,,,,,,,,,,0.8334,0.1139,0.0527,0.809,0.133,0.058,1,1.18,8.9,21,,,,0.724,,0.1315,-0.3417,-0.2411,-1,3,1,-0.6652,0.4946,0,0,,,-0.0541,,,,,,,,,,,,,,,,,,pinnacle
spelad,ED,2018/19,2019-01-26,,VVV Venlo,FC Emmen,2,3,A,16,11,7,5,2.0681,1.4518,skott,,,,,,,,,,0.49,0.2728,0.2371,0.4524,0.2831,0.2645,1,2,3.75,4.06,,,,0.5263,,0.3581,-0.3374,0.2622,1,,,,,0,0,,,-0.1026,,,,,,,,,,,,,,,,,,pinnacle
spelad,ED,2018/19,2019-01-27,,Feyenoord,Ajax,6,2,H,20,15,9,7,2.6251,2.0089,skott,,,,,,,,,,0.2416,0.2225,0.5358,0.2297,0.2359,0.5344,1,4.2,4.31,1.81,,,,0.6489,,-0.389,1.8678,-0.2324,1,3,-3,-0.9192,-0.2351,0,0,,,-0.0222,,,,,,,,,,,,,,,,,,pinnacle
spelad,ED,2018/19,2019-01-27,,For Sittard,Vitesse,2,1,H,16,11,6,5,1.9079,1.4518,skott,,,,,,,,,,0.2796,0.2558,0.4646,0.2594,0.2444,0.4962,1,3.45,3.8,2.1,,,,0.5762,,-0.0498,-0.1927,0.0855,-2,,,,,0,0,,,-0.0719,,,,,,,,,,,,,,,,,,pinnacle
spelad,ED,2018/19,2019-01-27,,Heerenveen,AZ Alkmaar,0,2,A,5,21,0,8,0.296,2.5242,skott,,,,,,,,,,0.2714,0.2445,0.4841,0.253,0.2274,0.5196,1,3.6,4.05,2.05,,,,0.6439,,-0.4201,-0.3262,-0.238,-1,3,-1,-0.0093,-0.2269,0,0,,,-0.0722,,,,,,,,,,,,,,,,,,pinnacle
spelad,ED,2018/19,2019-01-27,,Utrecht,Willem II,0,1,A,18,7,5,2,1.8662,0.7346,skott,,,,,,,,,,0.6523,0.1963,0.1514,0.6726,0.2033,0.1241,1,1.51,4.85,7,,,,0.5851,,-0.4752,0.0409,-0.3763,1,3,1,0.1998,-0.2514,0,0,,,0.0679,,,,,,,,,,,,,,,,,,pinnacle
spelad,ED,2018/19,2019-02-01,,Graafschap,NAC Breda,3,0,H,23,10,11,2,3.123,0.9122,skott,,,,,,,,,,0.4059,0.2718,0.3223,0.3956,0.2769,0.3275,1,2.5,3.62,3.05,,,,0.5237,,-0.168,0.2964,-0.1554,-1,,,,,0,0,,,-0.0258,,,,,,,,,,,,,,,,,,pinnacle
spelad,ED,2018/19,2019-02-02,,Ajax,VVV Venlo,6,0,H,23,4,11,1,3.123,0.3969,skott,,,,,,,,,,0.8856,0.0805,0.0339,0.8872,0.0796,0.0331,1,1.09,13,41,,,,0.7759,,0.4728,-1.3029,-0.1644,-1,3,3,0.5424,-0.1471,0,0,,,0.004,,,,,,,,,,,,,,,,,,pinnacle
spelad,ED,2018/19,2019-02-02,,AZ Alkmaar,FC Emmen,5,0,H,20,3,9,0,2.6251,0.1776,skott,,,,,,,,,,0.7472,0.1571,0.0957,0.7546,0.1528,0.0926,1,1.29,7,12,,,,0.7149,,-0.017,0.2112,-0.1431,-1,,,,,0,0,,,0.018,,,,,,,,,,,,,,,,,,pinnacle
spelad,ED,2018/19,2019-02-02,,Vitesse,Heerenveen,2,2,D,13,14,3,6,1.2499,1.7896,skott,,,,,,,,,,0.5255,0.2544,0.2201,0.5345,0.2615,0.2041,1,1.87,4,4.6,,,,0.5944,,0.1658,0.5194,-0.0949,0,3,1,0.3016,0.3985,0,0,,,0.0339,,,,,,,,,,,,,,,,,,pinnacle
spelad,ED,2018/19,2019-02-02,,Willem II,Groningen,1,2,A,13,12,4,5,1.4101,1.511,skott,,,,,,,,,,0.3614,0.2864,0.3522,0.3665,0.2891,0.3444,1,2.67,3.45,3.05,,,,0.5013,,1.0208,-0.1966,0.682,-1,3,2,1.1485,0.083,0,0,,,0.0179,,,,,,,,,,,,,,,,,,pinnacle
spelad,ED,2018/19,2019-02-03,,Den Haag,Heracles,2,0,H,14,11,7,3,1.9497,1.1316,skott,,,,,,,,,,0.4358,0.2603,0.3038,0.445,0.2573,0.2976,1,2.21,3.75,3.4,,,,0.5934,,0.4522,-1.0509,0.451,1,3,0,0.1005,0.0839,0,0,,,0.0247,,,,,,,,,,,,,,,,,,pinnacle
spelad,ED,2018/19,2019-02-03,,Excelsior,Feyenoord,2,1,H,10,13,5,5,1.3926,1.5702,skott,,,,,,,,,,0.1101,0.164,0.726,0.1024,0.1329,0.7646,1,10,6.09,1.35,,,,0.6721,,0.1929,0.1984,0.1381,1,3,-3,-0.4487,-0.1644,0,0,,,-0.0539,,,,,,,,,,,,,,,,,,pinnacle
spelad,ED,2018/19,2019-02-03,,PSV Eindhoven,For Sittard,5,0,H,20,7,11,0,2.9454,0.4144,skott,,,,,,,,,,0.8353,0.1106,0.0541,0.8527,0.099,0.0483,1,1.15,10.25,23,,,,0.7592,,0.161,-1.0305,-0.0461,1,,,,,0,0,,,0.0407,,,,,,,,,,,,,,,,,,pinnacle
spelad,ED,2018/19,2019-02-03,,Zwolle,Utrecht,4,3,H,19,10,5,4,1.9254,1.2325,skott,,,,,,,,,,0.3269,0.2628,0.4104,0.3475,0.2678,0.3847,1,3.15,3.67,2.38,,,,0.5602,,0.0475,0.2226,0.2527,1,3,-2,-0.7387,0.08,0,0,,,0.0668,,,,,,,,,,,,,,,,,,pinnacle
spelad,ED,2018/19,2019-02-08,,NAC Breda,AZ Alkmaar,0,3,A,10,16,3,8,1.0724,2.2282,skott,,,,,,,,,,0.1425,0.2063,0.6511,0.1524,0.2179,0.6296,1,7.2,4.8,1.5,,,,0.5954,,-0.1842,0.8565,-0.0803,1,3,-3,-0.5741,-0.1791,0,0,,,0.0412,,,,,,,,,,,,,,,,,,pinnacle
spelad,ED,2018/19,2019-02-09,,Feyenoord,Graafschap,4,0,H,28,13,16,2,4.2197,1.0898,skott,,,,,,,,,,0.848,0.1052,0.0468,0.8474,0.1063,0.0463,1,1.14,10.25,26,,,,0.7597,,-0.0417,-0.4493,-0.5468,-2,,,,,0,0,,,-0.0008,,,,,,,,,,,,,,,,,,pinnacle
spelad,ED,2018/19,2019-02-09,,Heerenveen,Zwolle,1,1,D,8,14,4,6,1.1141,1.7896,skott,,,,,,,,,,0.4459,0.2568,0.2973,0.4402,0.2698,0.29,1,2.25,3.75,3.35,,,,0.598,,-0.3162,-0.4498,-0.2801,1,3,-1,-0.5021,-0.2685,0,0,,,-0.004,,,,,,,,,,,,,,,,,,pinnacle
spelad,ED,2018/19,2019-02-09,,Heracles,Ajax,1,0,H,8,22,2,7,0.7938,2.4233,skott,,,,,,,,,,0.0847,0.1295,0.7858,0.0723,0.1111,0.8166,1,13,7.5,1.25,,,,0.7313,,-0.7519,2.2257,-0.3222,-1,3,0,1.0322,0.2245,0,0,,,-0.0555,,,,,,,,,,,,,,,,,,pinnacle
spelad,ED,2018/19,2019-02-09,,VVV Venlo,Willem II,2,1,H,15,10,6,5,1.8488,1.3926,skott,,,,,,,,,,0.4053,0.2923,0.3024,0.373,0.2948,0.3322,1,2.38,3.6,3.25,,,,0.4789,,-0.6184,0.7344,-0.3201,0,3,0,-0.0182,0.0505,0,0,,,-0.0943,,,,,,,,,,,,,,,,,,pinnacle
spelad,ED,2018/19,2019-02-10,,FC Emmen,Den Haag,3,2,H,15,12,6,3,1.8488,1.1907,skott,,,,,,,,,,0.343,0.27,0.3871,0.3608,0.2645,0.3747,1,2.81,3.6,2.55,,,,0.5677,,-0.1052,0.4531,-0.157,1,,,,,0,0,,,0.048,,,,,,,,,,,,,,,,,,pinnacle
spelad,ED,2018/19,2019-02-10,,For Sittard,Excelsior,4,1,H,12,18,6,7,1.6712,2.1865,skott,,,,,,,,,,0.5257,0.2442,0.2301,0.4887,0.258,0.2533,1,1.87,4.05,4.5,,,,0.6076,,-0.3634,0.7596,-0.2987,0,,,,,0,0,,,-0.0972,,,,,,,,,,,,,,,,,,pinnacle
spelad,ED,2018/19,2019-02-10,,Groningen,Vitesse,2,1,H,8,7,3,1,0.954,0.5745,skott,,,,,,,,,,0.384,0.2802,0.3358,0.4022,0.2769,0.3209,1,2.6,3.5,2.9,,,,0.5198,,0.1663,-0.6974,0.5788,0,3,-1,0.0436,-0.255,0,0,,,0.0512,,,,,,,,,,,,,,,,,,pinnacle
spelad,ED,2018/19,2019-02-10,,Utrecht,PSV Eindhoven,2,2,D,6,23,3,4,0.8356,2.002,skott,,,,,,,,,,0.1839,0.2282,0.5879,0.1459,0.2379,0.6162,1,6,4.5,1.65,,,,0.6415,,-0.426,1.1199,-0.3897,0,3,-3,-0.7294,-0.2165,0,0,,,-0.1044,,,,,,,,,,,,,,,,,,pinnacle
spelad,ED,2018/19,2019-02-15,,Den Haag,Zwolle,1,0,H,4,12,2,4,0.5571,1.3509,skott,,,,,,,,,,0.3594,0.2813,0.3594,0.3774,0.2687,0.354,1,2.72,3.57,2.8,,,,0.5773,,-0.1935,-0.3526,-0.6744,-1,3,1,0.9307,-0.2585,0,0,,,0.0414,,,,,,,,,,,,,,,,,,pinnacle
spelad,ED,2018/19,2019-02-16,,AZ Alkmaar,VVV Venlo,3,0,H,19,12,10,2,2.7261,1.0306,skott,,,,,,,,,,0.7552,0.161,0.0838,0.7798,0.1431,0.0771,1,1.3,6.25,13,,,,0.6234,,0.2864,-0.9053,0.044,1,3,1,-0.3405,0.444,0,0,,,0.0559,,,,,,,,,,,,,,,,,,pinnacle
spelad,ED,2018/19,2019-02-16,,Heerenveen,PSV Eindhoven,2,2,D,10,24,3,7,1.0724,2.5416,skott,,,,,,,,,,0.1266,0.1749,0.6984,0.1141,0.1748,0.711,1,8.5,5.53,1.42,,,,0.676,,-0.1413,0.4507,0.1984,1,3,0,0.7553,0.1567,0,0,,,-0.0376,,,,,,,,,,,,,,,,,,pinnacle
spelad,ED,2018/19,2019-02-16,,Heracles,For Sittard,6,0,H,22,11,12,5,3.224,1.4518,skott,,,,,,,,,,0.5272,0.2176,0.2552,0.6023,0.2072,0.1905,1,1.88,4.41,4,,,,0.6538,,-0.3504,0.2566,-0.1697,1,,,,,0,0,,,0.2149,,,,,,,,,,,,,,,,,,pinnacle
spelad,ED,2018/19,2019-02-16,,Vitesse,Willem II,3,2,H,20,13,9,5,2.6251,1.5702,skott,,,,,,,,,,0.6013,0.2372,0.1615,0.5641,0.2539,0.182,1,1.6,4.3,6.05,,,,0.5433,,-0.8899,0.8364,-1.1197,-1,3,1,-0.0812,0.4157,0,0,,,-0.0948,,,,,,,,,,,,,,,,,,pinnacle
spelad,ED,2018/19,2019-02-17,,Ajax,NAC Breda,5,0,H,33,6,11,2,3.7149,0.6754,skott,,,,,,,,,,0.9082,0.0656,0.0262,0.9087,0.0661,0.0253,1,1.06,17,61,,,,0.8086,,-0.0163,-1.2581,-0.526,-1,3,3,0.3782,-0.1078,0,0,,,0.0017,,,,,,,,,,,,,,,,,,pinnacle
spelad,ED,2018/19,2019-02-17,,Excelsior,FC Emmen,2,1,H,12,14,6,5,1.6712,1.6294,skott,,,,,,,,,,0.4223,0.2609,0.3167,0.4545,0.2521,0.2934,1,2.35,3.75,3.04,,,,0.5814,,-0.382,0.2511,-0.439,0,,,,,0,0,,,0.0878,,,,,,,,,,,,,,,,,,pinnacle
spelad,ED,2018/19,2019-02-17,,Graafschap,Utrecht,0,1,A,14,9,3,3,1.3091,1.0132,skott,,,,,,,,,,0.1975,0.2456,0.5569,0.2547,0.2438,0.5015,1,5.35,4.2,1.75,,,,0.5934,,0.1722,-0.1388,0.5997,1,,,,,0,0,,,0.1698,,,,,,,,,,,,,,,,,,pinnacle
spelad,ED,2018/19,2019-02-17,,Groningen,Feyenoord,1,0,H,21,4,7,1,2.3641,0.3969,skott,,,,,,,,,,0.1988,0.2526,0.5486,0.1898,0.2295,0.5807,1,5.5,4.1,1.75,,,,0.6121,,0.5864,-0.6138,0.8821,-1,3,-3,-0.4996,-0.1816,0,0,,,-0.0501,,,,,,,,,,,,,,,,,,pinnacle
spelad,ED,2018/19,2019-02-22,,VVV Venlo,Heracles,0,1,A,28,6,6,3,2.6183,0.8356,skott,,,,,,,,,,0.3403,0.2671,0.3926,0.3478,0.2594,0.3928,1,2.9,3.68,2.57,,,,0.5762,,0.049,0.3484,0.3051,0,3,-1,-0.2488,-0.2534,0,0,,,0.0148,,,,,,,,,,,,,,,,,,pinnacle
spelad,ED,2018/19,2019-02-23,,For Sittard,Heerenveen,2,4,A,12,22,4,12,1.3509,3.224,skott,,,,,,,,,,0.3454,0.2502,0.4044,0.3394,0.2561,0.4045,1,3,3.88,2.4,,,,0.6355,,0.6135,0.9634,0.3341,0,,,,,0,0,,,-0.0121,,,,,,,,,,,,,,,,,,pinnacle
spelad,ED,2018/19,2019-02-23,,NAC Breda,Groningen,0,0,D,13,13,2,3,1.0898,1.2499,skott,,,,,,,,,,0.255,0.2654,0.4796,0.2817,0.2817,0.4365,1,3.8,3.8,2.12,,,,0.5184,,-0.2614,0.8713,-0.4132,0,3,0,0.2945,0.0881,0,0,,,0.0966,,,,,,,,,,,,,,,,,,pinnacle
spelad,ED,2018/19,2019-02-23,,Utrecht,Excelsior,0,0,D,29,3,8,2,2.9977,0.4979,skott,,,,,,,,,,0.7192,0.1785,0.1023,0.668,0.2105,0.1215,1,1.39,5.55,9.5,,,,0.653,,-0.1911,-0.1883,-0.3885,0,3,1,-0.3938,0.4488,0,0,,,-0.1215,,,,,,,,,,,,,,,,,,pinnacle
spelad,ED,2018/19,2019-02-23,,Zwolle,Graafschap,0,3,A,12,11,3,5,1.1907,1.4518,skott,,,,,,,,,,0.6124,0.2262,0.1613,0.5852,0.2414,0.1734,1,1.6,4.5,6.1,,,,0.619,,0.2107,-0.2461,0.0181,2,,,,,0,0,,,-0.0664,,,,,,,,,,,,,,,,,,pinnacle
spelad,ED,2018/19,2019-02-24,,Den Haag,Ajax,1,5,A,10,17,1,11,0.7521,2.7678,skott,,,,,,,,,,0.0754,0.1319,0.7927,0.0814,0.0978,0.8208,1,15,8,1.22,,,,0.7313,,0.4038,0.1913,0.6196,2,3,-1,0.4053,0.552,0,0,,,-0.016,,,,,,,,,,,,,,,,,,pinnacle
spelad,ED,2018/19,2019-02-24,,FC Emmen,Vitesse,0,3,A,4,18,1,7,0.3969,2.1865,skott,,,,,,,,,,0.2322,0.266,0.5017,0.2849,0.2768,0.4383,1,4.3,3.85,1.93,,,,0.5625,,0.4573,-0.0889,0.9056,-1,,,,,0,0,,,0.1688,,,,,,,,,,,,,,,,,,pinnacle
spelad,ED,2018/19,2019-02-24,,PSV Eindhoven,Feyenoord,1,1,D,20,14,10,6,2.7853,1.7896,skott,,,,,,,,,,0.6094,0.2044,0.1862,0.6176,0.2104,0.172,1,1.6,4.75,5.6,,,,0.6682,,0.4176,-0.8368,0.696,1,3,1,0.5546,-0.2665,0,0,,,0.0307,,,,,,,,,,,,,,,,,,pinnacle
spelad,ED,2018/19,2019-02-24,,Willem II,AZ Alkmaar,2,1,H,13,10,6,5,1.7304,1.3926,skott,,,,,,,,,,0.1739,0.22,0.6061,0.1892,0.2271,0.5837,1,6,4.45,1.6,,,,,,-0.6404,1.2326,-0.8038,0,3,-1,0.3171,-0.1936,0,0,,,0.0529,,,,,,,,,,,,,,,,,,pinnacle
spelad,ED,2018/19,2019-03-01,,Graafschap,Den Haag,1,1,D,14,14,2,3,1.149,1.3091,skott,,,,,,,,,,0.4274,0.2587,0.3139,0.4348,0.2593,0.3059,1,2.35,3.77,3.15,,,,0.5711,,-0.3909,0.537,0.2489,1,,,,,0,0,,,0.023,,,,,,,,,,,,,,,,,,pinnacle
spelad,ED,2018/19,2019-03-02,,Excelsior,PSV Eindhoven,0,2,A,7,18,1,6,0.5745,2.0263,skott,,,,,,,,,,0.0829,0.1384,0.7787,0.0897,0.1339,0.7763,1,17,7.3,1.23,,,,0.7246,,0.525,-0.2644,0.6695,1,3,-3,-0.2836,-0.1132,0,0,,,0.016,,,,,,,,,,,,,,,,,,pinnacle
spelad,ED,2018/19,2019-03-02,,Heracles,Utrecht,1,5,A,8,16,3,8,0.954,2.2282,skott,,,,,,,,,,0.3617,0.2551,0.3832,0.331,0.258,0.411,1,2.8,3.8,2.53,,,,0.6051,,0.7558,-1.1124,0.676,1,3,-1,-0.089,0.4585,0,0,,,-0.0892,,,,,,,,,,,,,,,,,,pinnacle
spelad,ED,2018/19,2019-03-02,,Vitesse,NAC Breda,4,1,H,21,6,8,4,2.5242,0.9957,skott,,,,,,,,,,0.7058,0.1939,0.1003,0.6869,0.2046,0.1085,1,1.42,5.03,9.57,,,,0.561,,0.3707,-0.7548,0.1039,-1,3,-1,-0.9205,-0.2355,0,0,,,-0.0461,,,,,,,,,,,,,,,,,,pinnacle
spelad,ED,2018/19,2019-03-03,,AZ Alkmaar,For Sittard,4,2,H,21,10,6,6,2.2039,1.5528,skott,,,,,,,,,,0.7905,0.1355,0.074,0.8375,0.1046,0.0579,1,1.26,7.25,13.5,,,,0.7213,,-0.1737,-0.8285,0.1142,-1,,,,,0,0,,,0.1102,,,,,,,,,,,,,,,,,,pinnacle
spelad,ED,2018/19,2019-03-03,,Feyenoord,FC Emmen,4,0,H,23,11,11,3,3.123,1.1316,skott,,,,,,,,,,0.7979,0.1345,0.0676,0.8472,0.1015,0.0513,1,1.22,7.5,15.5,,,,0.7301,,-0.7699,-0.2795,-1.2205,0,,,,,0,0,,,0.1148,,,,,,,,,,,,,,,,,,pinnacle
spelad,ED,2018/19,2019-03-03,,Groningen,VVV Venlo,3,2,H,18,8,7,2,2.1865,0.7938,skott,,,,,,,,,,0.5806,0.2322,0.1871,0.5874,0.2427,0.1699,1,1.77,4.15,5.5,,,,0.5079,,0.3668,-0.831,0.3195,-1,3,0,-0.4341,0.7291,0,0,,,0.0309,,,,,,,,,,,,,,,,,,pinnacle
spelad,ED,2018/19,2019-03-03,,Heerenveen,Willem II,4,2,H,11,14,5,5,1.4518,1.6294,skott,,,,,,,,,,0.5064,0.2499,0.2436,0.4959,0.2599,0.2442,1,1.91,3.95,4.33,,,,0.5773,,-0.4274,-0.0824,-0.509,1,3,3,1.353,-0.2459,0,0,,,-0.0216,,,,,,,,,,,,,,,,,,pinnacle
spelad,ED,2018/19,2019-03-08,,Utrecht,Groningen,0,0,D,15,11,3,3,1.3683,1.1316,skott,,,,,,,,,,0.5406,0.2425,0.2169,0.5338,0.2362,0.23,1,1.8,4,4.75,,,,0.5393,,-0.9073,0.6823,-1.2456,1,3,-1,-1.0245,0.4242,0,0,,,-0.0267,,,,,,,,,,,,,,,,,,pinnacle
spelad,ED,2018/19,2019-03-09,,Den Haag,Heerenveen,2,3,A,19,16,7,9,2.2457,2.3884,skott,,,,,,,,,,0.3847,0.2627,0.3525,0.4009,0.2587,0.3404,1,2.6,3.7,2.9,,,,0.5908,,-0.1999,0.7781,-0.2243,2,3,-2,-0.7381,0.0761,0,0,,,0.0445,,,,,,,,,,,,,,,,,,pinnacle
spelad,ED,2018/19,2019-03-09,,PSV Eindhoven,NAC Breda,2,0,H,20,5,7,0,2.3049,0.296,skott,,,,,,,,,,0.899,0.0723,0.0287,0.8538,0.0955,0.0507,1,1.08,14,41,,,,0.7804,,0.2134,-1.0177,-0.0362,0,3,3,0.5409,-0.1434,0,0,,,-0.1124,,,,,,,,,,,,,,,,,,pinnacle
spelad,ED,2018/19,2019-03-09,,VVV Venlo,Excelsior,1,0,H,16,13,6,3,1.9079,1.2499,skott,,,,,,,,,,0.4638,0.267,0.2692,0.4574,0.2671,0.2755,1,2.1,3.75,3.75,,,,0.5393,,-0.5318,0.8415,-0.2007,-1,3,-1,-0.3878,-0.2807,0,0,,,-0.019,,,,,,,,,,,,,,,,,,pinnacle
spelad,ED,2018/19,2019-03-09,,Willem II,Graafschap,3,2,H,18,6,9,2,2.5068,0.6754,skott,,,,,,,,,,0.5198,0.2473,0.233,0.5615,0.2542,0.1843,1,1.91,4,4.2,,,,0.5699,,0.3219,0.0071,0.0525,-2,,,,,0,0,,,0.1321,,,,,,,,,,,,,,,,,,pinnacle
spelad,ED,2018/19,2019-03-10,,Ajax,For Sittard,4,0,H,21,9,8,2,2.5242,0.853,skott,,,,,,,,,,0.92,0.0572,0.0228,0.9326,0.0471,0.0203,1,1.05,18,56,,,,0.8444,,-0.341,-1.3638,-0.3652,7,,,,,0,0,,,0.0278,,,,,,,,,,,,,,,,,,pinnacle
spelad,ED,2018/19,2019-03-10,,FC Emmen,Heracles,1,1,D,14,2,5,1,1.6294,0.2785,skott,,,,,,,,,,0.3059,0.2572,0.4368,0.3386,0.2661,0.3953,1,3.35,3.8,2.25,,,,0.6121,,-0.4153,1.2116,-0.2058,-1,,,,,0,0,,,0.107,,,,,,,,,,,,,,,,,,pinnacle
spelad,ED,2018/19,2019-03-10,,Vitesse,Feyenoord,1,1,D,19,19,7,7,2.2457,2.2457,skott,,,,,,,,,,0.2606,0.2571,0.4823,0.318,0.2657,0.4163,1,3.8,3.77,2.05,,,,0.5535,,0.1525,0.5468,0.4582,1,3,-1,0.2189,-0.2349,0,0,,,0.1808,,,,,,,,,,,,,,,,,,pinnacle
spelad,ED,2018/19,2019-03-10,,Zwolle,AZ Alkmaar,0,0,D,11,14,4,5,1.2917,1.6294,skott,,,,,,,,,,0.2131,0.2475,0.5393,0.2339,0.2617,0.5044,1,5,4.1,1.8,,,,0.598,,-0.484,1.2806,-0.2782,7,3,-1,-0.1171,0.4592,0,0,,,0.0766,,,,,,,,,,,,,,,,,,pinnacle
spelad,ED,2018/19,2019-03-13,,Ajax,Zwolle,2,1,H,17,7,7,3,2.1273,0.8948,skott,,,,,,,,,,0.905,0.066,0.029,0.8812,0.0782,0.0406,1,1.07,19.5,50,,,,0.8323,,-0.224,-0.5435,-0.6768,0,3,3,0.5566,-0.1411,0,0,,,-0.0592,,,,,,,,,,,,,,,,,,pinnacle
spelad,ED,2018/19,2019-03-15,,For Sittard,FC Emmen,3,1,H,12,12,5,4,1.511,1.3509,skott,,,,,,,,,,0.4409,0.2559,0.3031,0.4405,0.2585,0.301,1,2.2,3.83,3.3,,,,0.6219,,0.0286,0.4377,-0.2433,0,,,,,0,0,,,0.0014,,,,,,,,,,,,,,,,,,pinnacle
spelad,ED,2018/19,2019-03-16,,Feyenoord,Willem II,2,3,A,20,10,7,7,2.3049,1.7129,skott,,,,,,,,,,0.7836,0.1532,0.0632,0.7361,0.1703,0.0936,1,1.3,6.7,15.12,,,,0.6339,,-0.1867,-0.748,-0.8459,-1,3,2,0.1369,0.1379,0,0,,,-0.1254,,,,,,,,,,,,,,,,,,pinnacle
spelad,ED,2018/19,2019-03-16,,Heerenveen,Graafschap,0,3,A,9,7,4,4,1.1733,1.0549,skott,,,,,,,,,,0.6247,0.21,0.1653,0.6242,0.2011,0.1748,1,1.55,5,6.35,,,,0.6547,,0.634,-0.4571,0.31,0,,,,,0,0,,,-0.0105,,,,,,,,,,,,,,,,,,pinnacle
spelad,ED,2018/19,2019-03-16,,Heracles,Vitesse,3,2,H,12,24,7,6,1.8313,2.3815,skott,,,,,,,,,,0.3374,0.2522,0.4104,0.3199,0.2511,0.4289,1,3,3.9,2.45,,,,0.6061,,0.2917,-0.1941,-0.0313,0,3,-1,-0.2107,0.4448,0,0,,,-0.0536,,,,,,,,,,,,,,,,,,pinnacle
spelad,ED,2018/19,2019-03-16,,NAC Breda,Utrecht,0,4,A,8,17,1,5,0.6337,1.807,skott,,,,,,,,,,0.2149,0.2538,0.5313,0.2029,0.2356,0.5615,1,4.65,3.95,1.82,,,,0.5381,,0.0163,0.561,-0.1241,-1,3,0,0.6072,0.1016,0,0,,,-0.0542,,,,,,,,,,,,,,,,,,pinnacle
spelad,ED,2018/19,2019-03-17,,AZ Alkmaar,Ajax,1,0,H,17,15,8,6,2.2874,1.8488,skott,,,,,,,,,,0.2048,0.1922,0.603,0.2012,0.2099,0.5889,1,5,5.02,1.64,,,,0.7195,,0.6672,-0.8506,0.847,3,3,-3,-0.714,-0.1921,0,0,,,0.0068,,,,,,,,,,,,,,,,,,pinnacle
spelad,ED,2018/19,2019-03-17,,Excelsior,Zwolle,0,2,A,6,20,1,8,0.5153,2.465,skott,,,,,,,,,,0.3299,0.2643,0.4058,0.3338,0.2698,0.3964,1,3.05,3.8,2.47,,,,0.5699,,0.3516,-0.4419,0.0497,4,3,-2,-0.677,0.072,0,0,,,0.0171,,,,,,,,,,,,,,,,,,pinnacle
spelad,ED,2018/19,2019-03-17,,Groningen,Den Haag,1,0,H,13,7,5,1,1.5702,0.5745,skott,,,,,,,,,,0.5606,0.2346,0.2047,0.5952,0.2157,0.1891,1,1.8,4.2,5,,,,0.5483,,0.5808,-0.4667,1.1727,1,3,0,-0.0233,0.073,0,0,,,0.0848,,,,,,,,,,,,,,,,,,pinnacle
spelad,ED,2018/19,2019-03-17,,VVV Venlo,PSV Eindhoven,0,1,A,17,12,6,6,1.9671,1.6712,skott,,,,,,,,,,0.0957,0.1653,0.739,0.0912,0.1551,0.7537,1,13,6.5,1.3,,,,0.6364,,0.1344,0.4787,0.4894,0,3,-3,-0.4344,-0.1617,0,0,,,-0.0238,,,,,,,,,,,,,,,,,,pinnacle
spelad,ED,2018/19,2019-03-30,,AZ Alkmaar,Groningen,1,0,H,9,8,2,2,0.853,0.7938,skott,,,,,,,,,,0.6632,0.2068,0.13,0.6548,0.2111,0.1341,1,1.49,5,7.4,,,,0.6086,,-0.1075,-0.7409,-0.4425,0,3,2,0.3976,0.1259,0,0,,,-0.0209,,,,,,,,,,,,,,,,,,pinnacle
spelad,ED,2018/19,2019-03-30,,Den Haag,Vitesse,3,3,D,12,13,4,9,1.3509,2.2108,skott,,,,,,,,,,0.2649,0.2417,0.4933,0.2566,0.2449,0.4986,1,3.7,4,2.02,,,,0.5944,,0.2393,-0.0258,0.109,-1,3,0,0.4786,0.0893,0,0,,,-0.0219,,,,,,,,,,,,,,,,,,pinnacle
spelad,ED,2018/19,2019-03-30,,Graafschap,Heracles,1,2,A,12,9,5,3,1.511,1.0132,skott,,,,,,,,,,0.3662,0.2501,0.3836,0.4072,0.2429,0.3499,1,2.7,4,2.53,,,,0.6312,,-0.713,0.4152,-0.0247,0,,,,,0,0,,,0.1157,,,,,,,,,,,,,,,,,,pinnacle
spelad,ED,2018/19,2019-03-30,,Heerenveen,Excelsior,1,0,H,13,17,5,5,1.5702,1.807,skott,,,,,,,,,,0.5951,0.2176,0.1872,0.6024,0.2033,0.1943,1,1.65,4.52,5.2,,,,0.6406,,-0.0902,0.1023,-0.0605,1,3,0,-0.3654,0.0778,0,0,,,0.0073,,,,,,,,,,,,,,,,,,pinnacle
spelad,ED,2018/19,2019-03-30,,Willem II,For Sittard,3,2,H,15,8,6,4,1.8488,1.1141,skott,,,,,,,,,,0.6034,0.1942,0.2024,0.6162,0.193,0.1907,1,1.67,4.98,5.05,,,,0.6505,,-0.0642,-0.5739,0.2222,-1,,,,,0,0,,,0.0374,,,,,,,,,,,,,,,,,,pinnacle
spelad,ED,2018/19,2019-03-31,,Ajax,PSV Eindhoven,3,1,H,16,11,7,3,2.0681,1.1316,skott,,,,,,,,,,0.5743,0.2168,0.2088,0.5811,0.2319,0.187,1,1.7,4.45,4.7,,,,0.633,,-0.3353,-0.2854,-0.4782,0,3,-1,-0.5568,-0.2469,0,0,,,0.0355,,,,,,,,,,,,,,,,,,pinnacle
spelad,ED,2018/19,2019-03-31,,NAC Breda,VVV Venlo,1,1,D,13,13,5,3,1.5702,1.2499,skott,,,,,,,,,,0.3576,0.2848,0.3576,0.3956,0.2769,0.3275,1,2.7,3.5,2.75,,,,0.4947,,0.0652,0.0949,-0.3049,1,3,-2,-0.8653,0.0558,0,0,,,0.1062,,,,,,,,,,,,,,,,,,pinnacle
spelad,ED,2018/19,2019-03-31,,Utrecht,Feyenoord,3,2,H,12,15,5,4,1.511,1.5285,skott,,,,,,,,,,0.3075,0.2542,0.4383,0.3321,0.248,0.4198,1,3.15,3.83,2.28,,,,0.6111,,0.0229,0.327,0.3381,0,3,-2,-0.4847,0.1079,0,0,,,0.0677,,,,,,,,,,,,,,,,,,pinnacle
spelad,ED,2018/19,2019-03-31,,Zwolle,FC Emmen,3,0,H,15,13,6,3,1.8488,1.2499,skott,,,,,,,,,,0.6085,0.2161,0.1754,0.5907,0.2348,0.1744,1,1.62,4.55,5.75,,,,0.5923,,0.0553,-0.7546,0.2865,-2,,,,,0,0,,,-0.0346,,,,,,,,,,,,,,,,,,pinnacle
spelad,ED,2018/19,2019-04-02,,Groningen,Graafschap,1,0,H,16,13,8,4,2.2282,1.4101,skott,,,,,,,,,,0.638,0.2072,0.1549,0.6129,0.2197,0.1674,1,1.57,4.7,7.5,,,,0.5835,,0.4384,0.5843,0.5372,0,,,,,0,0,,,-0.0625,,,,,,,,,,,,,,,,,,pinnacle
spelad,ED,2018/19,2019-04-02,,Heracles,Willem II,3,4,A,14,14,5,8,1.6294,2.1098,skott,,,,,,,,,,0.399,0.262,0.339,0.358,0.254,0.3881,1,2.45,3.85,3,,,,0.619,,1.0624,-1.5011,0.4452,0,3,-1,-0.2692,-0.2573,0,0,,,-0.1311,,,,,,,,,,,,,,,,,,pinnacle
spelad,ED,2018/19,2019-04-02,,Vitesse,AZ Alkmaar,2,2,D,14,8,3,4,1.3091,1.1141,skott,,,,,,,,,,0.3295,0.2583,0.4122,0.3401,0.2544,0.4055,1,2.95,3.82,2.42,,,,0.6234,,-0.7575,0.927,-0.5051,0,3,-2,-0.7809,0.0938,0,0,,,0.0279,,,,,,,,,,,,,,,,,,pinnacle
spelad,ED,2018/19,2019-04-03,,Excelsior,NAC Breda,1,2,A,14,22,5,12,1.6294,3.224,skott,,,,,,,,,,0.4816,0.2575,0.2609,0.4553,0.2586,0.2861,1,2.05,3.8,3.8,,,,0.5535,,0.3208,-0.9983,0.5108,1,3,0,0.139,0.064,0,0,,,-0.0778,,,,,,,,,,,,,,,,,,pinnacle
spelad,ED,2018/19,2019-04-03,,FC Emmen,Ajax,2,5,A,15,17,3,10,1.3683,2.6077,skott,,,,,,,,,,0.0491,0.1024,0.8484,0.0465,0.0954,0.8581,1,29,10.5,1.14,,,,0.747,,-0.5807,2.3959,-0.1657,0,,,,,0,0,,,-0.0149,,,,,,,,,,,,,,,,,,pinnacle
spelad,ED,2018/19,2019-04-03,,For Sittard,Den Haag,0,0,D,15,10,2,1,1.2082,0.7521,skott,,,,,,,,,,0.4105,0.2497,0.3399,0.4353,0.2433,0.3214,1,2.4,4,2.9,,,,0.6388,,0.0109,0.7374,0.0509,0,,,,,0,0,,,0.0681,,,,,,,,,,,,,,,,,,pinnacle
spelad,ED,2018/19,2019-04-03,,VVV Venlo,Utrecht,2,6,A,13,21,5,8,1.5702,2.5242,skott,,,,,,,,,,0.2619,0.2584,0.4797,0.2152,0.2409,0.544,1,3.9,3.8,2.05,,,,0.5587,,-0.6407,1.6309,-0.3495,0,3,-2,-0.3832,0.1197,0,0,,,-0.1577,,,,,,,,,,,,,,,,,,pinnacle
spelad,ED,2018/19,2019-04-04,,Feyenoord,Heerenveen,3,0,H,24,7,9,1,2.8619,0.5745,skott,,,,,,,,,,0.706,0.1857,0.1083,0.7554,0.1474,0.0973,1,1.4,5.75,9.05,,,,0.6959,,-1.0349,0.2288,-1.4068,-1,3,2,0.4624,0.1013,0,0,,,0.1096,,,,,,,,,,,,,,,,,,pinnacle
spelad,ED,2018/19,2019-04-04,,PSV Eindhoven,Zwolle,4,0,H,13,4,8,1,2.0506,0.3969,skott,,,,,,,,,,0.8181,0.1278,0.0541,0.8104,0.1267,0.063,1,1.22,8.15,19,,,,0.7077,,0.1103,-0.1861,-0.3796,0,3,3,0.7249,-0.1693,0,0,,,-0.0243,,,,,,,,,,,,,,,,,,pinnacle
spelad,ED,2018/19,2019-04-06,,Den Haag,Utrecht,5,0,H,12,16,6,4,1.6712,1.5877,skott,,,,,,,,,,0.2579,0.2461,0.496,0.2421,0.2211,0.5368,1,3.85,4,1.98,,,,0.6076,,-0.7126,1.1975,-0.9713,0,3,-2,-0.4571,0.1017,0,0,,,-0.0723,,,,,,,,,,,,,,,,,,pinnacle
spelad,ED,2018/19,2019-04-06,,Graafschap,AZ Alkmaar,1,1,D,9,8,3,4,1.0132,1.1141,skott,,,,,,,,,,0.1914,0.2168,0.5918,0.1838,0.2067,0.6095,1,5.25,4.65,1.69,,,,0.6513,,-0.7055,0.274,-0.2347,0,,,,,0,0,,,-0.0329,,,,,,,,,,,,,,,,,,pinnacle
spelad,ED,2018/19,2019-04-06,,Groningen,Excelsior,1,0,H,10,8,3,1,1.0724,0.6337,skott,,,,,,,,,,0.637,0.2181,0.1449,0.609,0.2353,0.1557,1,1.58,4.6,7,,,,0.5762,,0.7267,-0.0278,1.2386,1,3,1,0.5167,-0.2634,0,0,,,-0.0668,,,,,,,,,,,,,,,,,,pinnacle
spelad,ED,2018/19,2019-04-06,,Heracles,NAC Breda,1,0,H,21,6,5,0,2.0438,0.3552,skott,,,,,,,,,,0.5578,0.2287,0.2135,0.5142,0.2399,0.246,1,1.83,4.3,5,,,,0.6303,,1.3535,-2.4553,0.854,1,3,-1,-0.4481,-0.2516,0,0,,,-0.1198,,,,,,,,,,,,,,,,,,pinnacle
spelad,ED,2018/19,2019-04-06,,Willem II,Ajax,1,4,A,13,13,4,5,1.4101,1.5702,skott,,,,,,,,,,0.1201,0.1532,0.7267,0.1186,0.1539,0.7275,1,9.5,7.25,1.32,,,,0.7554,,0.2867,0.7666,0.9216,1,3,-3,-0.2747,-0.1082,0,0,,,-0.0038,,,,,,,,,,,,,,,,,,pinnacle
spelad,ED,2018/19,2019-04-07,,FC Emmen,Heerenveen,2,0,H,13,5,5,2,1.5702,0.6163,skott,,,,,,,,,,0.3449,0.253,0.4021,0.3942,0.248,0.3578,1,2.85,3.83,2.45,,,,0.6244,,-1.2165,1.7375,-0.7718,1,,,,,0,0,,,0.1429,,,,,,,,,,,,,,,,,,pinnacle
spelad,ED,2018/19,2019-04-07,,Vitesse,PSV Eindhoven,3,3,D,16,16,5,9,1.7478,2.3884,skott,,,,,,,,,,0.2208,0.2309,0.5483,0.1891,0.2275,0.5834,1,4.5,4.22,1.78,,,,0.6269,,-0.1903,0.0106,0.1911,2,3,-3,-0.6825,-0.2156,0,0,,,-0.0985,,,,,,,,,,,,,,,,,,pinnacle
spelad,ED,2018/19,2019-04-07,,VVV Venlo,Feyenoord,0,3,A,15,15,3,9,1.3683,2.3292,skott,,,,,,,,,,0.167,0.2113,0.6217,0.131,0.1879,0.6811,1,6,4.8,1.57,,,,0.6406,,-0.1375,1.2219,0.4683,1,3,0,0.8415,0.161,0,0,,,-0.1314,,,,,,,,,,,,,,,,,,pinnacle
spelad,ED,2018/19,2019-04-07,,Zwolle,For Sittard,5,0,H,19,3,10,0,2.7261,0.1776,skott,,,,,,,,,,0.5992,0.2149,0.1859,0.6413,0.1932,0.1656,1,1.61,4.75,5.25,,,,0.6659,,-0.3375,0.1417,-0.0443,-1,,,,,0,0,,,0.1044,,,,,,,,,,,,,,,,,,pinnacle
spelad,ED,2018/19,2019-04-12,,NAC Breda,FC Emmen,1,1,D,21,15,5,11,2.0438,2.6495,skott,,,,,,,,,,0.4251,0.2592,0.3157,0.4234,0.2628,0.3138,1,2.36,3.75,3.2,,,,0.5736,,0.4542,-0.521,0.2421,1,,,,,0,0,,,-0.0015,,,,,,,,,,,,,,,,,,pinnacle
spelad,ED,2018/19,2019-04-13,,Ajax,Excelsior,6,2,H,22,9,13,4,3.3841,1.1733,skott,,,,,,,,,,0.8809,0.0831,0.036,0.9088,0.0626,0.0286,1,1.1,15.25,35,,,,0.7871,,0.8757,-1.2287,0.6493,0,3,3,0.4168,-0.1121,0,0,,,0.0633,,,,,,,,,,,,,,,,,,pinnacle
spelad,ED,2018/19,2019-04-13,,AZ Alkmaar,Den Haag,2,3,A,36,11,11,5,3.8925,1.4518,skott,,,,,,,,,,0.7529,0.1555,0.0917,0.7587,0.1525,0.0888,1,1.32,6.75,12,,,,0.6879,,0.1632,0.2213,-0.1268,0,3,3,0.9916,-0.2192,0,0,,,0.0145,,,,,,,,,,,,,,,,,,pinnacle
spelad,ED,2018/19,2019-04-13,,Feyenoord,Heracles,2,1,H,22,14,12,3,3.224,1.3091,skott,,,,,,,,,,0.7535,0.1495,0.097,0.7718,0.1387,0.0895,1,1.3,7.25,10.5,,,,0.747,,-1.0272,0.4202,-1.0772,-1,3,3,0.7434,-0.1792,0,0,,,0.044,,,,,,,,,,,,,,,,,,pinnacle
spelad,ED,2018/19,2019-04-13,,For Sittard,VVV Venlo,1,1,D,13,15,5,3,1.5702,1.3683,skott,,,,,,,,,,0.4024,0.2643,0.3333,0.4045,0.2675,0.328,1,2.46,3.85,2.95,,,,0.6244,,0.3682,-0.006,0.0251,0,,,,,0,0,,,0.0095,,,,,,,,,,,,,,,,,,pinnacle
spelad,ED,2018/19,2019-04-14,,Heerenveen,Groningen,1,1,D,16,12,5,6,1.7478,1.6712,skott,,,,,,,,,,0.379,0.2733,0.3477,0.3219,0.2825,0.3955,1,2.56,3.65,3.1,,,,0.5662,,0.1461,-0.3084,-0.3502,-1,3,-1,-0.7243,0.4118,0,0,,,-0.1619,,,,,,,,,,,,,,,,,,pinnacle
spelad,ED,2018/19,2019-04-14,,PSV Eindhoven,Graafschap,2,1,H,26,5,10,1,3.1404,0.4561,skott,,,,,,,,,,0.8668,0.0903,0.043,0.8787,0.0814,0.0399,1,1.12,12,31,,,,0.7846,,0.1914,0.4952,-0.3032,-1,,,,,0,0,,,0.0269,,,,,,,,,,,,,,,,,,pinnacle
spelad,ED,2018/19,2019-04-14,,Utrecht,Vitesse,0,0,D,9,10,1,5,0.6929,1.3926,skott,,,,,,,,,,0.4487,0.262,0.2893,0.4275,0.2644,0.3081,1,2.25,3.85,3.4,,,,0.5934,,0.4983,-0.3245,0.2764,1,3,0,-0.0191,0.0567,0,0,,,-0.0612,,,,,,,,,,,,,,,,,,pinnacle
spelad,ED,2018/19,2019-04-14,,Willem II,Zwolle,2,0,H,15,6,7,2,2.0089,0.6754,skott,,,,,,,,,,0.4722,0.2528,0.275,0.451,0.2621,0.2869,1,2.15,3.95,3.52,,,,0.6061,,0.6425,0.1686,0.8054,1,3,1,1.0183,-0.2445,0,0,,,-0.0543,,,,,,,,,,,,,,,,,,pinnacle
spelad,ED,2018/19,2019-04-19,,Heracles,Heerenveen,2,1,H,11,19,7,10,1.7721,2.7261,skott,,,,,,,,,,0.4772,0.2345,0.2883,0.5393,0.2194,0.2413,1,2.1,4.15,3.5,,,,0.6659,,0.3088,-0.5897,0.1785,1,3,0,0.3531,0.0882,0,0,,,0.1712,,,,,,,,,,,,,,,,,,pinnacle
spelad,ED,2018/19,2019-04-20,,FC Emmen,Utrecht,2,0,H,10,13,7,5,1.7129,1.5702,skott,,,,,,,,,,0.2381,0.2557,0.5061,0.2841,0.2632,0.4527,1,4.06,4.05,1.94,,,,0.6136,,-0.7325,1.5992,-0.4374,2,,,,,0,0,,,0.1454,,,,,,,,,,,,,,,,,,pinnacle
spelad,ED,2018/19,2019-04-20,,Feyenoord,AZ Alkmaar,2,1,H,18,7,11,2,2.827,0.7346,skott,,,,,,,,,,0.5309,0.2345,0.2345,0.5283,0.2335,0.2381,1,1.87,4.33,4.2,,,,0.6579,,-0.0102,-0.4659,0.1782,0,3,2,0.8312,0.0795,0,0,,,-0.0088,,,,,,,,,,,,,,,,,,pinnacle
spelad,ED,2018/19,2019-04-20,,Groningen,Ajax,0,1,A,12,16,2,5,1.0306,1.7478,skott,,,,,,,,,,0.1081,0.1607,0.7312,0.1047,0.1473,0.748,1,9.5,6.25,1.35,,,,0.7137,,-0.3741,1.4256,0.1433,-1,3,-3,-0.328,-0.1238,0,0,,,-0.0235,,,,,,,,,,,,,,,,,,pinnacle
spelad,ED,2018/19,2019-04-20,,Vitesse,Zwolle,4,1,H,10,11,5,3,1.3926,1.1316,skott,,,,,,,,,,0.6019,0.215,0.1831,0.6103,0.2162,0.1734,1,1.63,4.48,5.5,,,,0.5897,,-0.2854,-0.037,-0.0539,0,3,2,0.7247,0.0696,0,0,,,0.0265,,,,,,,,,,,,,,,,,,pinnacle
spelad,ED,2018/19,2019-04-20,,VVV Venlo,Graafschap,4,1,H,14,14,9,5,2.27,1.6294,skott,,,,,,,,,,0.4388,0.2709,0.2903,0.3974,0.2694,0.3332,1,2.27,3.75,3.4,,,,0.5561,,-0.6162,1.8577,-0.5122,1,,,,,0,0,,,-0.1256,,,,,,,,,,,,,,,,,,pinnacle
spelad,ED,2018/19,2019-04-21,,Excelsior,Willem II,1,1,D,12,11,3,4,1.1907,1.2917,skott,,,,,,,,,,0.2849,0.2583,0.4569,0.3283,0.2596,0.4121,1,3.6,3.9,2.23,,,,0.5887,,-1.1,-0.0887,-1.7303,1,3,2,1.1957,0.0703,0,0,,,0.1316,,,,,,,,,,,,,,,,,,pinnacle
spelad,ED,2018/19,2019-04-21,,For Sittard,NAC Breda,2,1,H,19,18,5,3,1.9254,1.5459,skott,,,,,,,,,,0.4573,0.2592,0.2835,0.4163,0.2593,0.3244,1,2.17,3.9,3.42,,,,0.6041,,-0.1114,0.1987,-0.1107,-1,,,,,0,0,,,-0.123,,,,,,,,,,,,,,,,,,pinnacle
spelad,ED,2018/19,2019-04-21,,PSV Eindhoven,Den Haag,3,1,H,22,5,10,1,2.9037,0.4561,skott,,,,,,,,,,0.8491,0.1047,0.0462,0.8577,0.0944,0.048,1,1.14,11.5,29,,,,0.751,,-0.05,0.8587,-0.2866,-1,3,2,0.1239,0.1592,0,0,,,0.0154,,,,,,,,,,,,,,,,,,pinnacle
spelad,ED,2018/19,2019-04-23,,Ajax,Vitesse,4,2,H,20,9,9,4,2.6251,1.1733,skott,,,,,,,,,,0.8123,0.1209,0.0668,0.8269,0.1103,0.0628,1,1.2,8.3,17,,,,0.7307,,0.9626,-0.9656,0.2955,0,3,-1,-1.1777,-0.1974,0,0,,,0.0333,,,,,,,,,,,,,,,,,,pinnacle
spelad,ED,2018/19,2019-04-23,,AZ Alkmaar,Heracles,2,1,H,16,7,7,4,2.0681,1.0549,skott,,,,,,,,,,0.7272,0.1584,0.1144,0.7209,0.1598,0.1193,1,1.35,6.36,9.5,,,,0.7434,,-0.5933,0.3843,-0.5878,-1,3,1,-0.1163,-0.1897,0,0,,,-0.0174,,,,,,,,,,,,,,,,,,pinnacle
spelad,ED,2018/19,2019-04-23,,Graafschap,FC Emmen,1,0,H,7,14,2,4,0.7346,1.4693,skott,,,,,,,,,,0.4363,0.2562,0.3075,0.4126,0.2664,0.3211,1,2.23,3.9,3.3,,,,0.6171,,0.0091,-1.1149,-0.3836,0,,,,,0,0,,,-0.061,,,,,,,,,,,,,,,,,,pinnacle
spelad,ED,2018/19,2019-04-23,,Heerenveen,VVV Venlo,2,2,D,12,7,6,4,1.6712,1.0549,skott,,,,,,,,,,0.5191,0.2402,0.2408,0.5348,0.2256,0.2396,1,1.95,4.1,4.33,,,,0.6253,,0.2619,-0.0161,-0.1005,1,3,1,0.0576,0.4038,0,0,,,0.0326,,,,,,,,,,,,,,,,,,pinnacle
spelad,ED,2018/19,2019-04-24,,NAC Breda,Feyenoord,0,4,A,5,27,1,5,0.4561,2.3989,skott,,,,,,,,,,0.1202,0.1975,0.6822,0.1523,0.1848,0.6628,1,8.8,5.25,1.45,,,,0.6355,,-0.287,0.5843,-0.2481,-1,3,1,1.5564,-0.1581,0,0,,,0.0835,,,,,,,,,,,,,,,,,,pinnacle
spelad,ED,2018/19,2019-04-24,,Utrecht,For Sittard,2,1,H,23,16,6,3,2.3223,1.4275,skott,,,,,,,,,,0.6988,0.1824,0.1188,0.7251,0.1577,0.1172,1,1.4,5.5,8.2,,,,0.6872,,0.2731,-0.9872,0.0743,1,,,,,0,0,,,0.0542,,,,,,,,,,,,,,,,,,pinnacle
spelad,ED,2018/19,2019-04-25,,Den Haag,Excelsior,3,1,H,12,18,7,4,1.8313,1.7061,skott,,,,,,,,,,0.5134,0.254,0.2326,0.4306,0.2517,0.3177,1,1.9,4,4.2,,,,0.5923,,0.9035,-1.6164,1.0032,0,3,1,0.6098,-0.2752,0,0,,,-0.2506,,,,,,,,,,,,,,,,,,pinnacle
spelad,ED,2018/19,2019-04-25,,Willem II,PSV Eindhoven,0,3,A,3,13,0,6,0.1776,1.7304,skott,,,,,,,,,,0.1451,0.1877,0.6672,0.1302,0.1643,0.7055,1,7,5.5,1.46,,,,0.6902,,0.0168,0.4065,0.5983,0,3,-1,0.6103,-0.1554,0,0,,,-0.0682,,,,,,,,,,,,,,,,,,pinnacle
spelad,ED,2018/19,2019-04-29,,Zwolle,Groningen,3,2,H,16,16,5,4,1.7478,1.5877,skott,,,,,,,,,,0.4156,0.269,0.3154,0.4146,0.2695,0.316,1,2.4,3.65,3.15,,,,0.5381,,-0.2894,-0.0346,-0.1655,0,3,1,0.6705,-0.2446,0,0,,,-0.0026,,,,,,,,,,,,,,,,,,pinnacle
spelad,ED,2018/19,2019-05-12,,Ajax,Utrecht,4,1,H,25,11,12,4,3.4015,1.2917,skott,,,,,,,,,,0.8035,0.132,0.0645,0.8283,0.1129,0.0588,1,1.19,8.5,19,,,,0.7569,,0.4956,-0.8507,0.2196,1,3,0,-0.9866,0.17,0,0,,,0.0554,,,,,,,,,,,,,,,,,,pinnacle
spelad,ED,2018/19,2019-05-12,,AZ Alkmaar,PSV Eindhoven,1,0,H,13,15,2,5,1.0898,1.6886,skott,,,,,,,,,,0.2385,0.2316,0.5298,0.2832,0.249,0.4679,1,4.35,4.6,1.82,,,,0.6667,,-0.2887,0.2935,-0.3628,2,3,-3,-0.8522,-0.2046,0,0,,,0.1512,,,,,,,,,,,,,,,,,,pinnacle
spelad,ED,2018/19,2019-05-12,,Feyenoord,Den Haag,0,2,A,29,12,7,5,2.8376,1.511,skott,,,,,,,,,,0.7948,0.1296,0.0757,0.8231,0.1138,0.0631,1,1.21,8.5,15,,,,0.752,,-0.5309,1.3677,-0.4845,1,3,1,-0.6444,0.4926,0,0,,,0.0693,,,,,,,,,,,,,,,,,,pinnacle
spelad,ED,2018/19,2019-05-12,,Groningen,For Sittard,3,0,H,16,14,7,3,2.0681,1.3091,skott,,,,,,,,,,0.6524,0.2031,0.1445,0.6455,0.2004,0.1541,1,1.55,4.9,7,,,,0.6225,,0.0041,-0.2932,0.0476,-5,,,,,0,0,,,-0.0234,,,,,,,,,,,,,,,,,,pinnacle
spelad,ED,2018/19,2019-05-12,,Heerenveen,NAC Breda,2,1,H,19,17,3,6,1.6051,1.9671,skott,,,,,,,,,,0.5773,0.2287,0.194,0.57,0.2225,0.2076,1,1.71,4.4,5,,,,0.6397,,0.0314,0.0392,-0.0111,1,3,-1,-0.6235,-0.2549,0,0,,,-0.0283,,,,,,,,,,,,,,,,,,pinnacle
spelad,ED,2018/19,2019-05-12,,Heracles,Excelsior,4,5,A,18,12,10,8,2.6669,1.9914,skott,,,,,,,,,,0.5489,0.2476,0.2035,0.4576,0.252,0.2904,1,1.81,4.4,5,,,,0.6775,,1.3933,-1.4039,1.281,2,3,1,0.229,0.4118,0,0,,,-0.2696,,,,,,,,,,,,,,,,,,pinnacle
spelad,ED,2018/19,2019-05-12,,Vitesse,Graafschap,6,1,H,20,11,9,3,2.6251,1.1316,skott,,,,,,,,,,0.6909,0.1862,0.1229,0.6664,0.1999,0.1337,1,1.42,5.5,8.5,,,,0.6489,,-0.3794,0.488,-0.2064,0,,,,,0,0,,,-0.0598,,,,,,,,,,,,,,,,,,pinnacle
spelad,ED,2018/19,2019-05-12,,Willem II,FC Emmen,2,3,A,8,14,4,6,1.1141,1.7896,skott,,,,,,,,,,0.5575,0.2385,0.204,0.5021,0.2626,0.2352,1,1.75,4.35,4.75,,,,0.6448,,1.0267,-0.5767,0.7989,-2,,,,,0,0,,,-0.1419,,,,,,,,,,,,,,,,,,pinnacle
spelad,ED,2018/19,2019-05-12,,Zwolle,VVV Venlo,2,4,A,11,13,6,8,1.612,2.0506,skott,,,,,,,,,,0.5543,0.2179,0.2278,0.5552,0.2262,0.2186,1,1.78,4.4,4.75,,,,0.6181,,0.2402,-0.3456,0.2476,-6,3,-1,-0.7838,0.3889,0,0,,,0.011,,,,,,,,,,,,,,,,,,pinnacle
spelad,ED,2018/19,2019-05-15,,Den Haag,Willem II,6,2,H,24,13,8,7,2.7018,1.8905,skott,,,,,,,,,,0.3287,0.247,0.4243,0.3329,0.2422,0.4249,1,3,3.9,2.4,,,,0.6446,,0.6345,-2.1234,0.5499,0,3,3,1.6884,-0.2815,0,0,,,0.0078,,,,,,,,,,,,,,,,,,pinnacle
spelad,ED,2018/19,2019-05-15,,Excelsior,AZ Alkmaar,4,2,H,13,19,9,4,2.2108,1.7652,skott,,,,,,,,,,0.1799,0.2037,0.6164,0.1792,0.1876,0.6332,1,5.8,5,1.56,,,,0.6925,,-0.7484,0.4969,-0.6015,0,3,-1,0.507,-0.1647,0,0,,,-0.0182,,,,,,,,,,,,,,,,,,pinnacle
spelad,ED,2018/19,2019-05-15,,FC Emmen,Groningen,1,0,H,15,9,7,4,2.0089,1.1733,skott,,,,,,,,,,0.2442,0.2358,0.52,0.2767,0.2555,0.4678,1,4.2,4.08,1.9,,,,0.5902,,-0.3324,0.7645,0.1147,0,,,,,0,0,,,0.1172,,,,,,,,,,,,,,,,,,pinnacle
spelad,ED,2018/19,2019-05-15,,For Sittard,Feyenoord,1,4,A,16,17,8,9,2.2282,2.4476,skott,,,,,,,,,,0.1399,0.1813,0.6787,0.1185,0.1449,0.7366,1,7.6,5.75,1.45,,,,0.7171,,0.1423,0.0158,0.2268,0,,,,,0,0,,,-0.1007,,,,,,,,,,,,,,,,,,pinnacle
spelad,ED,2018/19,2019-05-15,,Graafschap,Ajax,1,4,A,11,16,3,9,1.1316,2.3884,skott,,,,,,,,,,0.0542,0.0918,0.8539,0.0402,0.0715,0.8882,1,26,13,1.13,,,,0.8063,,-0.7598,1.19,-0.2397,0,,,,,0,0,,,-0.0623,,,,,,,,,,,,,,,,,,pinnacle
spelad,ED,2018/19,2019-05-15,,NAC Breda,Zwolle,0,0,D,10,17,2,5,0.9122,1.807,skott,,,,,,,,,,0.3582,0.2563,0.3855,0.3618,0.2579,0.3803,1,2.73,3.79,2.57,,,,0.6152,,-0.5098,0.6146,-0.5615,0,3,-2,-0.5982,0.0863,0,0,,,0.0124,,,,,,,,,,,,,,,,,,pinnacle
spelad,ED,2018/19,2019-05-15,,PSV Eindhoven,Heracles,3,1,H,22,6,8,4,2.5834,0.9957,skott,,,,,,,,,,0.7985,0.1226,0.0789,0.8651,0.0867,0.0483,1,1.25,8.25,18,,,,0.7844,,-0.2927,0.424,-0.3827,0,3,3,0.5803,-0.1411,0,0,,,0.1639,,,,,,,,,,,,,,,,,,pinnacle
spelad,ED,2018/19,2019-05-15,,Utrecht,Heerenveen,3,1,H,16,11,9,5,2.3884,1.4518,skott,,,,,,,,,,0.5943,0.217,0.1887,0.5747,0.2194,0.2059,1,1.65,4.7,5.5,,,,0.6874,,0.4545,-0.6195,0.5174,0,3,2,0.8252,0.0669,0,0,,,-0.0563,,,,,,,,,,,,,,,,,,pinnacle
spelad,ED,2018/19,2019-05-15,,VVV Venlo,Vitesse,1,3,A,9,21,2,6,0.853,2.2039,skott,,,,,,,,,,0.2615,0.2474,0.491,0.2461,0.2281,0.5257,1,4,4.15,1.97,,,,0.6546,,0.1732,0.5444,0.2984,0,3,-1,-0.145,0.4193,0,0,,,-0.0655,,,,,,,,,,,,,,,,,,pinnacle
spelad,ED,2019/20,2019-08-02,,Zwolle,Willem II,1,3,A,9,17,2,8,0.853,2.2874,skott,,,,,,,,,,0.4668,0.2523,0.2809,0.4163,0.266,0.3177,1,2.12,3.83,3.6,2.38,3.66,3.1,0.5844,0.5587,-0.0637,-0.4918,-0.0227,,4,-1.5,-0.861,-0.2489,0,0,,,-0.1379,-0.0032,,,,,,,,,,,,,,,,,pinnacle
spelad,ED,2019/20,2019-08-03,,FC Emmen,Groningen,0,1,A,7,10,2,4,0.7346,1.2325,skott,,,,,,,,,,0.3096,0.2759,0.4145,0.3607,0.2852,0.3541,1,3.2,3.64,2.33,2.8,3.5,2.77,0.5436,0.4871,0.1827,0.4929,0.8314,,,,,,0,0,,,0.1627,-0.0073,,,,,,,,,,,,,,,,,pinnacle
spelad,ED,2019/20,2019-08-03,,Twente,PSV Eindhoven,1,1,D,3,16,2,5,0.4979,1.7478,skott,,,,,,,,,,0.1267,0.193,0.6803,0.1425,0.2074,0.6501,1,10,5.1,1.43,6.8,4.65,1.53,0.6628,0.6108,-0.3658,0.4908,-0.3811,,,,,,1,0,,,0.0618,0.0325,,,,,,,,,,,,,,,,,pinnacle
spelad,ED,2019/20,2019-08-03,,Vitesse,Ajax,2,2,D,13,26,3,9,1.2499,2.9803,skott,,,,,,,,,,0.163,0.199,0.638,0.1606,0.2012,0.6382,1,6.5,4.84,1.54,6.5,4.9,1.53,0.6549,0.6803,-0.9104,0.7107,-0.2828,,4,0,0.9566,-0.1756,0,0,,,-0.005,0.0087,,,,,,,,,,,,,,,,,pinnacle
spelad,ED,2019/20,2019-08-03,,VVV Venlo,Waalwijk,3,1,H,11,15,6,3,1.612,1.3683,skott,,,,,,,,,,0.5131,0.2539,0.233,0.5164,0.2463,0.2373,1,1.95,3.86,4.14,1.9,4,4.18,0.5808,0.5854,,,,,,,,,-1,0,,,0.0023,-0.0148,,,,,,,,,,,,,,,,,pinnacle
spelad,ED,2019/20,2019-08-04,,AZ Alkmaar,For Sittard,4,0,H,21,5,10,1,2.8445,0.4561,skott,,,,,,,,,,0.7514,0.1572,0.0914,0.7681,0.1424,0.0895,1,1.29,6.5,11.5,1.27,6.8,13.25,0.7201,0.7223,0.4952,-0.8249,-0.1126,,,,,,0,0,,,0.0353,-0.013,,,,,,,,,,,,,,,,,pinnacle
spelad,ED,2019/20,2019-08-04,,Den Haag,Utrecht,2,4,A,12,18,5,6,1.511,2.0263,skott,,,,,,,,,,0.2849,0.2596,0.4555,0.2702,0.2461,0.4837,1,3.5,3.8,2.15,3.8,3.93,2.1,0.5797,0.5905,0.892,-2.5304,1.221,,4,-0.75,0.1703,0.021,0,0,,,-0.0575,0.0019,,,,,,,,,,,,,,,,,pinnacle
spelad,ED,2019/20,2019-08-04,,Feyenoord,Sparta Rotterdam,2,2,D,15,13,6,5,1.8488,1.5702,skott,,,,,,,,,,0.7504,0.1498,0.0997,0.7168,0.1656,0.1176,1,1.29,7,11.5,1.4,5.85,9,0.6944,0.6909,0.0963,-1.2449,0.0325,,,,,,-1,0,,,-0.085,-0.0318,,,,,,,,,,,,,,,,,pinnacle
spelad,ED,2019/20,2019-08-04,,Heracles,Heerenveen,0,4,A,14,13,4,6,1.4693,1.7304,skott,,,,,,,,,,0.4687,0.2457,0.2856,0.449,0.2521,0.2989,1,2.06,3.96,3.55,2.16,3.92,3.4,0.6277,0.6277,0.1602,-0.4942,0.3176,,4,0.75,0.5555,0.0113,0,0,,,-0.0525,0.0065,,,,,,,,,,,,,,,,,pinnacle
spelad,ED,2019/20,2019-08-09,,Sparta Rotterdam,VVV Venlo,4,1,H,17,6,8,2,2.2874,0.6754,skott,,,,,,,,,,0.4844,0.2472,0.2684,0.5674,0.2353,0.1973,1,2.07,3.92,3.61,1.8,4.25,5.5,0.5879,0.5833,-0.3764,1.3604,-0.3865,-1,,,,,1,0,,,0.2371,-0.0138,,,,,,,,,,,,,,,,,pinnacle
spelad,ED,2019/20,2019-08-10,,Ajax,FC Emmen,5,0,H,32,5,12,0,3.8159,0.296,skott,,,,,,,,,,0.8842,0.0832,0.0325,0.909,0.0654,0.0256,1,1.1,12,46,1.08,17,56,0.7925,0.8075,0.5709,-1.1668,-0.3239,0,,,,,0,0,,,0.0565,-0.0164,,,,,,,,,,,,,,,,,pinnacle
spelad,ED,2019/20,2019-08-10,,Groningen,Twente,1,3,A,9,7,4,4,1.1733,1.0549,skott,,,,,,,,,,0.4868,0.2661,0.2471,0.456,0.277,0.267,1,2.05,3.65,3.92,2.2,3.5,3.8,0.5155,0.4742,0.4684,-0.6824,0.4141,0,,,,,-1,0,,,-0.0815,-0.0159,,,,,,,,,,,,,,,,,pinnacle
spelad,ED,2019/20,2019-08-10,,Willem II,Vitesse,0,2,A,7,17,1,10,0.5745,2.6077,skott,,,,,,,,,,0.33,0.2671,0.4029,0.3295,0.2682,0.4023,1,3,3.65,2.4,3.05,3.74,2.4,0.5524,0.5783,-0.3151,1.7465,-0.3509,1,4,-1.5,-0.4508,0.2483,0,0,,,-0.0004,-0.0021,,,,,,,,,,,,,,,,,pinnacle
spelad,ED,2019/20,2019-08-11,,For Sittard,Heracles,1,1,D,16,17,3,5,1.4275,1.807,skott,,,,,,,,,,0.4013,0.2545,0.3442,0.3977,0.2497,0.3527,1,2.41,3.9,3,2.47,3.9,2.8,0.6337,0.6379,0.0007,0.6343,0.127,0,,,,,0,0,,,-0.0158,-0.0026,,,,,,,,,,,,,,,,,pinnacle
spelad,ED,2019/20,2019-08-11,,Heerenveen,Feyenoord,1,1,D,12,6,6,3,1.6712,0.8356,skott,,,,,,,,,,0.2697,0.2299,0.5003,0.2112,0.2144,0.5744,1,3.7,4.25,1.97,4.75,4.5,1.73,0.6133,0.6337,-0.4272,0.2932,-0.2945,0,4,-2.25,-0.5326,0.0392,0,0,,,-0.1912,-0.0017,,,,,,,,,,,,,,,,,pinnacle
spelad,ED,2019/20,2019-08-11,,PSV Eindhoven,Den Haag,3,1,H,25,4,14,2,3.7218,0.5571,skott,,,,,,,,,,0.8421,0.1082,0.0497,0.8379,0.111,0.051,1,1.17,9.2,21,1.16,9.3,23,0.7444,0.7408,-1.1764,2.1977,-1.3421,1,4,2.25,0.1761,0.0958,0,0,,,-0.0096,-0.0089,,,,,,,,,,,,,,,,,pinnacle
spelad,ED,2019/20,2019-08-11,,Utrecht,Zwolle,3,1,H,18,8,9,4,2.5068,1.1141,skott,,,,,,,,,,0.6375,0.2097,0.1528,0.7059,0.1742,0.1199,1,1.55,4.65,7,1.38,5.75,9.5,0.6167,0.6346,0.5773,-0.5272,0.4344,-2,4,0.75,0.1385,-0.0069,0,0,,,0.1698,0.0003,,,,,,,,,,,,,,,,,pinnacle
spelad,ED,2019/20,2019-08-11,,Waalwijk,AZ Alkmaar,0,2,A,12,13,3,6,1.1907,1.7304,skott,,,,,,,,,,0.1778,0.22,0.6022,0.1183,0.1641,0.7176,1,5.85,4.4,1.63,11,5.86,1.4,0.6186,0.6286,,,,1,,,,,1,0,,,-0.2344,-0.0124,,,,,,,,,,,,,,,,,pinnacle
spelad,ED,2019/20,2019-08-16,,Vitesse,Zwolle,3,0,H,12,8,6,2,1.6712,0.7938,skott,,,,,,,,,,0.7235,0.165,0.1115,0.699,0.1804,0.1206,1,1.34,5.83,10,1.42,5.6,9,0.6346,0.6346,0.7029,-1.4659,1.0421,1,4,2.25,0.7817,-0.0018,0,0,,,-0.058,-0.0108,,,,,,,,,,,,,,,,,pinnacle
spelad,ED,2019/20,2019-08-17,,Den Haag,Sparta Rotterdam,1,2,A,16,10,3,3,1.4275,1.0724,skott,,,,,,,,,,0.3443,0.2608,0.3949,0.2927,0.2452,0.4622,1,2.88,3.8,2.48,3.75,4,2.2,0.6064,0.6452,0.9634,-2.9284,1.0547,-2,,,,,-1,0,,,-0.1705,0.0186,,,,,,,,,,,,,,,,,pinnacle
spelad,ED,2019/20,2019-08-17,,FC Emmen,Heerenveen,2,0,H,12,19,7,4,1.8313,1.7652,skott,,,,,,,,,,0.3451,0.2556,0.3993,0.3395,0.2608,0.3998,1,3,3.78,2.42,2.97,3.72,2.47,0.5879,0.5879,0.4285,0.0549,0.6958,1,,,,,0,0,,,-0.0118,-0.0134,,,,,,,,,,,,,,,,,pinnacle
spelad,ED,2019/20,2019-08-17,,VVV Venlo,Ajax,1,4,A,7,20,4,9,1.0549,2.6251,skott,,,,,,,,,,0.0638,0.1162,0.82,0.0544,0.1009,0.8447,1,21,8.5,1.17,26,9.65,1.14,0.7313,0.7729,-0.2765,0.678,0.08,1,4,-3,-0.3413,-0.1303,0,0,,,-0.0434,-0.0052,,,,,,,,,,,,,,,,,pinnacle
spelad,ED,2019/20,2019-08-18,,AZ Alkmaar,Groningen,0,0,D,6,12,0,2,0.3552,1.0306,skott,,,,,,,,,,0.6684,0.2014,0.1302,0.6119,0.2304,0.1577,1,1.47,4.85,8.25,1.67,4.25,6.1,0.621,0.5561,0.1631,-0.0848,-0.0856,-1,4,2.25,0.5043,0.0416,0,0,,,-0.1405,-0.0553,,,,,,,,,,,,,,,,,pinnacle
spelad,ED,2019/20,2019-08-18,,Feyenoord,Utrecht,1,1,D,14,16,6,7,1.7896,2.0681,skott,,,,,,,,,,0.4836,0.2424,0.274,0.4963,0.2414,0.2623,1,2,4,3.85,2.01,4.01,3.7,0.6143,0.6295,0.029,-0.7255,-0.0393,0,4,0.75,-0.0943,0.0189,0,0,,,0.0372,-0.0182,,,,,,,,,,,,,,,,,pinnacle
spelad,ED,2019/20,2019-08-18,,For Sittard,Willem II,2,3,A,16,9,7,5,2.0681,1.3334,skott,,,,,,,,,,0.32,0.2543,0.4257,0.2686,0.233,0.4984,1,3.1,3.8,2.4,3.8,4.15,2.1,0.5925,0.5854,0.0058,0.2195,0.0915,-1,,,,,0,0,,,-0.1755,0.0319,,,,,,,,,,,,,,,,,pinnacle
spelad,ED,2019/20,2019-08-18,,Heracles,PSV Eindhoven,0,2,A,21,10,3,5,1.7235,1.3926,skott,,,,,,,,,,0.1332,0.1825,0.6843,0.1338,0.1768,0.6894,1,8.5,5.5,1.44,8,5.5,1.42,0.6729,0.6628,-0.1177,-0.1142,-0.0684,0,4,-3,-0.3873,-0.1275,0,0,,,-0.0039,0.0081,,,,,,,,,,,,,,,,,pinnacle
spelad,ED,2019/20,2019-08-18,,Twente,Waalwijk,3,3,D,15,14,7,9,2.0089,2.27,skott,,,,,,,,,,0.6364,0.204,0.1596,0.6174,0.2121,0.1705,1,1.53,4.71,6.75,1.6,4.75,5.8,0.6123,0.622,,,,1,,,,,0,0,,,-0.0488,-0.0143,,,,,,,,,,,,,,,,,pinnacle
spelad,ED,2019/20,2019-08-24,,Heerenveen,Twente,0,0,D,17,11,3,1,1.4867,0.8113,skott,,,,,,,,,,0.4335,0.2634,0.3031,0.4985,0.243,0.2586,1,2.23,3.74,3.25,2.2,3.98,4,0.603,0.5915,-0.399,0.1058,-0.0732,1,,,,,-1,0,,,0.1744,-0.0086,,,,,,,,,,,,,,,,,pinnacle
spelad,ED,2019/20,2019-08-24,,Heracles,Vitesse,1,1,D,16,16,4,6,1.5877,1.9079,skott,,,,,,,,,,0.295,0.2354,0.4696,0.2999,0.2445,0.4556,1,3.4,4.11,2.17,3.4,4,2.18,0.6388,0.6262,-1.0356,1.8902,-1.1411,-2,4,0,0.2892,0.2708,0,0,,,0.024,-0.0022,,,,,,,,,,,,,,,,,pinnacle
spelad,ED,2019/20,2019-08-24,,Willem II,FC Emmen,2,1,H,17,11,6,2,1.9671,0.9714,skott,,,,,,,,,,0.5468,0.2388,0.2143,0.514,0.2503,0.2357,1,1.79,4.05,5,1.94,3.86,4.35,0.6099,0.5638,-0.14,0.2524,-0.7205,-1,,,,,0,0,,,-0.087,-0.0143,,,,,,,,,,,,,,,,,pinnacle
spelad,ED,2019/20,2019-08-25,,Utrecht,VVV Venlo,1,2,A,20,10,5,3,1.9846,1.0724,skott,,,,,,,,,,0.7336,0.1654,0.101,0.7329,0.1675,0.0996,1,1.31,5.9,11,1.32,5.85,11,0.6644,0.6429,-0.0179,0.2617,-0.1698,-1,4,2.25,0.4795,0.0295,0,0,,,-0.0002,-0.0037,,,,,,,,,,,,,,,,,pinnacle
spelad,ED,2019/20,2019-08-25,,Waalwijk,Den Haag,0,3,A,13,7,3,5,1.2499,1.2151,skott,,,,,,,,,,0.4005,0.2609,0.3387,0.4082,0.2474,0.3443,1,2.42,3.75,3.1,2.41,3.95,3,0.5985,0.6597,,,,-1,,,,,1,0,,,0.0098,0.0108,,,,,,,,,,,,,,,,,pinnacle
spelad,ED,2019/20,2019-08-25,,Zwolle,Sparta Rotterdam,2,2,D,17,22,8,7,2.2874,2.4233,skott,,,,,,,,,,0.2891,0.2444,0.4665,0.3692,0.2587,0.3721,1,3.4,3.95,2.1,3.05,3.76,2.7,0.622,0.622,-0.8447,0.4437,-1.0094,1,,,,,-1,0,,,0.2547,-0.0072,,,,,,,,,,,,,,,,,pinnacle
spelad,ED,2019/20,2019-08-30,,FC Emmen,Zwolle,1,3,A,30,18,8,9,3.0569,2.5068,skott,,,,,,,,,,0.3788,0.2647,0.3565,0.3833,0.259,0.3577,1,2.6,3.65,2.85,2.6,3.73,2.82,0.5538,0.5783,0.7145,-1.0093,1.0441,1,,,,,0,0,,,0.0076,0.0062,,,,,,,,,,,,,,,,,pinnacle
spelad,ED,2019/20,2019-08-31,,Den Haag,VVV Venlo,1,0,H,12,9,4,2,1.3509,0.853,skott,,,,,,,,,,0.46,0.2516,0.2884,0.4868,0.244,0.2691,1,2.22,3.84,3.5,2.06,3.97,3.75,0.602,0.595,-0.1348,-0.6823,-0.0553,0,4,-0.75,-0.37,-0.0277,0,0,,,0.0729,-0.0074,,,,,,,,,,,,,,,,,pinnacle
spelad,ED,2019/20,2019-08-31,,Groningen,Heracles,1,2,A,12,10,2,4,1.0306,1.2325,skott,,,,,,,,,,0.4715,0.27,0.2585,0.4835,0.2545,0.2621,1,2.1,3.7,3.8,2.1,3.8,3.9,0.5296,0.5103,0.1548,-0.6236,0.1501,6,4,-0.75,-0.4272,0.0083,0,0,,,0.0203,-0.0205,,,,,,,,,,,,,,,,,pinnacle
spelad,ED,2019/20,2019-08-31,,Heerenveen,For Sittard,1,1,D,27,8,11,3,3.3598,0.954,skott,,,,,,,,,,0.65,0.2008,0.1491,0.6847,0.1795,0.1358,1,1.53,4.79,6.5,1.46,5.45,7.5,0.6461,0.7063,0.1205,-0.7122,0.102,-6,,,,,0,0,,,0.0828,-0.0145,,,,,,,,,,,,,,,,,pinnacle
spelad,ED,2019/20,2019-09-01,,Sparta Rotterdam,Ajax,1,4,A,12,15,3,6,1.1907,1.8488,skott,,,,,,,,,,0.1035,0.1524,0.7441,0.1053,0.1439,0.7509,1,10.5,6.6,1.31,11,6.95,1.29,0.743,0.7645,-0.3415,1.4924,-0.0225,-7,,,,,1,0,,,-0.0033,-0.0157,,,,,,,,,,,,,,,,,pinnacle
spelad,ED,2019/20,2019-09-01,,Twente,Utrecht,3,1,H,10,13,4,3,1.2325,1.2499,skott,,,,,,,,,,0.2666,0.2396,0.4938,0.1979,0.2317,0.5704,1,3.85,4.04,2.02,5.25,4.35,1.82,0.602,0.6133,0.1576,-0.3901,0.0832,1,,,,,1,0,,,-0.214,0.0129,,,,,,,,,,,,,,,,,pinnacle
spelad,ED,2019/20,2019-09-01,,Vitesse,AZ Alkmaar,2,1,H,10,13,4,3,1.2325,1.2499,skott,,,,,,,,,,0.411,0.2582,0.3308,0.3417,0.2538,0.4046,1,2.45,3.8,3,2.94,3.81,2.6,0.6005,0.5736,0.3532,-1.0519,0.9147,-6,4,-1.5,-0.6543,0.2568,0,0,,,-0.2125,0.0092,,,,,,,,,,,,,,,,,pinnacle
spelad,ED,2019/20,2019-09-01,,Waalwijk,PSV Eindhoven,1,3,A,8,16,2,7,0.7938,2.0681,skott,,,,,,,,,,0.0826,0.1363,0.7811,0.089,0.1451,0.766,1,13,7.3,1.25,12.5,6.6,1.29,0.7384,0.7063,,,,-7,,,,,1,0,,,0.0279,0.0169,,,,,,,,,,,,,,,,,pinnacle
spelad,ED,2019/20,2019-09-01,,Willem II,Feyenoord,0,1,A,10,8,2,3,0.9122,0.954,skott,,,,,,,,,,0.2533,0.2506,0.4961,0.2213,0.2303,0.5483,1,3.82,3.88,1.95,4.6,4.2,1.81,0.5985,0.6064,0.0622,0.3829,0.1294,-6,4,-0.75,0.4311,0.0609,0,0,,,-0.116,0.0052,,,,,,,,,,,,,,,,,pinnacle
spelad,ED,2019/20,2019-09-14,,Ajax,Heerenveen,4,1,H,29,10,12,4,3.6383,1.2325,skott,,,,,,,,,,0.8354,0.1095,0.0551,0.8597,0.0927,0.0476,1,1.17,9.5,21,1.15,10.3,26,0.7935,0.8066,0.8968,-1.1769,0.4715,-1,4,2.25,0.1102,0.099,0,0,,,0.0562,-0.0376,,,,,,,,,,,,,,,,,pinnacle
spelad,ED,2019/20,2019-09-14,,AZ Alkmaar,Sparta Rotterdam,5,1,H,14,11,7,4,1.9497,1.2917,skott,,,,,,,,,,0.6282,0.2067,0.1651,0.6132,0.2139,0.1728,1,1.57,4.75,6,1.59,4.75,6,0.6429,0.6176,0.2605,-0.8463,-0.3929,0,,,,,-1,0,,,-0.0376,0.0048,,,,,,,,,,,,,,,,,pinnacle
spelad,ED,2019/20,2019-09-14,,PSV Eindhoven,Vitesse,5,0,H,19,14,12,2,3.0464,1.149,skott,,,,,,,,,,0.6703,0.2001,0.1295,0.695,0.1859,0.1191,1,1.51,4.85,8,1.52,5.3,8.9,0.642,0.6493,-0.3272,0.9587,-0.6405,0,4,2.25,0.4292,0.0314,0,0,,,0.0597,-0.0577,,,,,,,,,,,,,,,,,pinnacle
spelad,ED,2019/20,2019-09-14,,Utrecht,FC Emmen,3,1,H,23,8,7,3,2.4824,0.954,skott,,,,,,,,,,0.7176,0.1579,0.1246,0.7553,0.143,0.1017,1,1.37,6.09,9.5,1.31,6.8,11,0.6565,0.7002,0.1799,-0.2514,-0.1818,-2,,,,,0,0,,,0.0983,-0.0043,,,,,,,,,,,,,,,,,pinnacle
spelad,ED,2019/20,2019-09-14,,VVV Venlo,Groningen,2,1,H,5,17,4,6,0.9365,1.9671,skott,,,,,,,,,,0.321,0.291,0.388,0.3138,0.2868,0.3994,1,3.01,3.38,2.6,3.1,3.37,2.48,0.4639,0.4326,0.836,-0.5016,0.8348,0,4,-0.75,-0.4094,0.4862,0,0,,,-0.0257,0.0063,,,,,,,,,,,,,,,,,pinnacle
spelad,ED,2019/20,2019-09-15,,Feyenoord,Den Haag,3,2,H,15,7,9,3,2.3292,0.8948,skott,,,,,,,,,,0.762,0.1551,0.0829,0.7451,0.1576,0.0973,1,1.29,7,12.5,1.3,6.3,11,0.6854,0.6954,-0.4721,1.0049,-1.0341,-1,4,0,-1.1291,0.341,0,0,,,-0.0481,-0.0061,,,,,,,,,,,,,,,,,pinnacle
spelad,ED,2019/20,2019-09-15,,For Sittard,Twente,2,3,A,25,9,10,5,3.0813,1.3334,skott,,,,,,,,,,0.3097,0.249,0.4412,0.2916,0.2444,0.464,1,3.12,3.9,2.33,3.31,3.95,2.2,0.6133,0.604,-0.8369,1.0465,-0.6499,1,,,,,-1,0,,,-0.059,0.0113,,,,,,,,,,,,,,,,,pinnacle
spelad,ED,2019/20,2019-09-15,,Heracles,Willem II,4,1,H,12,7,6,4,1.6712,1.0549,skott,,,,,,,,,,0.4517,0.2453,0.303,0.4623,0.251,0.2867,1,2.2,3.94,3.4,2.11,3.87,3.75,0.5808,0.6089,-0.6412,0.4781,-0.164,1,4,-1.5,-0.5339,-0.2565,0,0,,,0.0376,-0.0008,,,,,,,,,,,,,,,,,pinnacle
spelad,ED,2019/20,2019-09-15,,Zwolle,Waalwijk,6,2,H,14,11,6,5,1.7896,1.4518,skott,,,,,,,,,,0.5845,0.2167,0.1988,0.5836,0.2203,0.1961,1,1.68,4.5,5.25,1.7,4.6,6,0.6501,0.672,0.8274,-1.1695,0.3553,2,,,,,-1,0,,,0.0009,-0.0111,,,,,,,,,,,,,,,,,pinnacle
spelad,ED,2019/20,2019-09-20,,Twente,Heracles,2,3,A,9,7,2,5,0.853,1.2151,skott,,,,,,,,,,0.3929,0.253,0.3541,0.3732,0.2564,0.3704,1,2.52,3.82,2.87,2.66,3.77,2.72,0.6143,0.596,0.9919,-1.2056,0.5792,0,,,,,1,0,,,-0.0557,0.0196,,,,,,,,,,,,,,,,,pinnacle
spelad,ED,2019/20,2019-09-21,,Groningen,Zwolle,2,0,H,18,5,7,1,2.1865,0.4561,skott,,,,,,,,,,0.511,0.2528,0.2361,0.5218,0.2568,0.2214,1,1.93,3.82,4.3,1.91,3.8,4.4,0.5258,0.5424,-0.5309,0.56,-0.2935,1,4,-1.5,-0.6238,-0.2508,0,0,,,0.0363,-0.0257,,,,,,,,,,,,,,,,,pinnacle
spelad,ED,2019/20,2019-09-21,,Sparta Rotterdam,Waalwijk,4,0,H,19,15,8,4,2.4058,1.5285,skott,,,,,,,,,,0.6274,0.2129,0.1597,0.6848,0.174,0.1412,1,1.55,4.8,6.25,1.46,5.6,7.6,0.6735,0.7134,0.6699,-0.9317,0.5586,1,,,,,0,0,,,0.1333,-0.0198,,,,,,,,,,,,,,,,,pinnacle
spelad,ED,2019/20,2019-09-21,,Vitesse,For Sittard,4,2,H,20,12,9,4,2.6251,1.3509,skott,,,,,,,,,,0.7338,0.1536,0.1127,0.784,0.1265,0.0895,1,1.31,6.35,11,1.27,7.6,15,0.7022,0.7395,1.3699,-1.7507,1.1747,1,,,,,0,0,,,0.1237,0.0046,,,,,,,,,,,,,,,,,pinnacle
spelad,ED,2019/20,2019-09-21,,Willem II,VVV Venlo,1,0,H,20,8,6,1,2.1447,0.6337,skott,,,,,,,,,,0.5664,0.2266,0.2071,0.563,0.2326,0.2044,1,1.74,4.25,4.9,1.77,4.2,5.1,0.5649,0.5309,-0.6784,0.9761,-0.8508,-1,4,-0.75,-0.3471,-0.0358,0,0,,,-0.0041,-0.0127,,,,,,,,,,,,,,,,,pinnacle
spelad,ED,2019/20,2019-09-22,,Den Haag,AZ Alkmaar,0,1,A,8,11,1,3,0.6337,1.1316,skott,,,,,,,,,,0.1847,0.2025,0.6128,0.1733,0.1992,0.6275,1,5.75,4.75,1.61,6.5,4.82,1.57,0.6379,0.6329,-0.0686,-0.3386,0.5546,-1,4,-1.5,0.0659,-0.2025,0,0,,,-0.0374,-0.005,,,,,,,,,,,,,,,,,pinnacle
spelad,ED,2019/20,2019-09-22,,FC Emmen,Feyenoord,3,3,D,10,20,5,7,1.3926,2.3049,skott,,,,,,,,,,0.1425,0.2023,0.6552,0.1545,0.1909,0.6546,1,7.7,5.1,1.49,6.8,5.1,1.56,0.6304,0.6533,-0.22,0.682,0.4634,1,,,,,0,0,,,0.0245,0.0188,,,,,,,,,,,,,,,,,pinnacle
spelad,ED,2019/20,2019-09-22,,Heerenveen,Utrecht,1,1,D,22,9,4,4,1.9428,1.1733,skott,,,,,,,,,,0.2971,0.2475,0.4554,0.2947,0.2405,0.4648,1,3.3,3.95,2.12,3.4,4.02,2.15,0.642,0.6533,-0.2767,0.117,-0.0582,0,4,-2.25,-0.8784,-0.0047,0,0,,,-0.014,0.0192,,,,,,,,,,,,,,,,,pinnacle
spelad,ED,2019/20,2019-09-22,,PSV Eindhoven,Ajax,1,1,D,16,20,3,6,1.4275,2.1447,skott,,,,,,,,,,0.3356,0.2423,0.4221,0.3098,0.2363,0.4538,1,2.95,4,2.37,3.3,4.09,2.3,0.6501,0.6501,-0.2243,0.4115,-0.1025,0,4,0,0.4046,-0.2432,0,0,,,-0.0833,0.0167,,,,,,,,,,,,,,,,,pinnacle
spelad,ED,2019/20,2019-09-25,,Ajax,For Sittard,5,0,H,25,4,13,0,3.5617,0.2368,skott,,,,,,,,,,0.9168,0.0545,0.0287,0.9172,0.0581,0.0248,1,1.05,20,56,1.04,23,65,0.8756,0.8756,1.0645,-1.886,0.5766,-1,,,,,0,0,,,0.0046,0.013,,,,,,,,,,,,,,,,,pinnacle
spelad,ED,2019/20,2019-09-25,,PSV Eindhoven,Groningen,3,1,H,10,6,4,1,1.2325,0.5153,skott,,,,,,,,,,0.7733,0.1398,0.0869,0.7064,0.184,0.1095,1,1.28,6.86,11.25,1.4,5.6,9.4,0.7022,0.5819,0.587,-0.7562,0.2828,-1,4,1.5,-0.3889,0.3377,0,0,,,-0.1564,-0.0244,,,,,,,,,,,,,,,,,pinnacle
spelad,ED,2019/20,2019-09-26,,Feyenoord,AZ Alkmaar,0,3,A,12,11,5,6,1.511,1.612,skott,,,,,,,,,,0.4456,0.2551,0.2993,0.4412,0.2597,0.2991,1,2.23,3.95,3.25,2.2,3.72,3.4,0.6346,0.595,-0.4509,0.8396,-0.5909,0,4,2.25,0.9188,0.0013,0,0,,,-0.0086,-0.0028,,,,,,,,,,,,,,,,,pinnacle
spelad,ED,2019/20,2019-09-27,,FC Emmen,Den Haag,3,0,H,16,19,5,5,1.7478,1.9254,skott,,,,,,,,,,0.4538,0.2479,0.2983,0.4577,0.2451,0.2972,1,2.2,3.9,3.4,2.18,3.94,3.3,0.6253,0.6346,-0.1234,0.8726,-0.188,0,,,,,0,0,,,0.009,-0.0167,,,,,,,,,,,,,,,,,pinnacle
spelad,ED,2019/20,2019-09-28,,Ajax,Groningen,2,0,H,32,6,9,2,3.3355,0.6754,skott,,,,,,,,,,0.8346,0.1148,0.0506,0.853,0.1,0.047,1,1.18,9.5,21,1.15,10,30,0.7308,0.746,0.852,-1.6393,0.5156,0,4,3,0.491,-0.1296,0,0,,,0.0403,-0.0228,,,,,,,,,,,,,,,,,pinnacle
spelad,ED,2019/20,2019-09-28,,For Sittard,Sparta Rotterdam,0,0,D,13,14,2,2,1.0898,1.149,skott,,,,,,,,,,0.2532,0.2455,0.5012,0.2453,0.2191,0.5356,1,4,4.1,1.93,4.1,4.4,1.88,0.6337,0.6765,-0.7559,0.8639,-0.5119,-4,,,,,-1,0,,,-0.0502,0.0105,,,,,,,,,,,,,,,,,pinnacle
spelad,ED,2019/20,2019-09-28,,VVV Venlo,Heerenveen,0,3,A,9,10,2,4,0.853,1.2325,skott,,,,,,,,,,0.2843,0.2619,0.4538,0.2729,0.2465,0.4806,1,3.55,3.75,2.27,3.75,3.92,2.27,0.5462,0.5638,1.0346,-0.8475,0.5226,1,4,-0.75,-0.3321,0.4965,0,0,,,-0.0496,0.0055,,,,,,,,,,,,,,,,,pinnacle
spelad,ED,2019/20,2019-09-29,,AZ Alkmaar,Heracles,2,0,H,16,9,9,3,2.3884,1.0132,skott,,,,,,,,,,0.6165,0.2166,0.167,0.634,0.209,0.157,1,1.6,4.5,6.2,1.54,4.75,6.3,0.6293,0.6396,0.4295,-1.33,-0.2212,-6,4,1.5,0.0821,-0.1822,0,0,,,0.0451,-0.0027,,,,,,,,,,,,,,,,,pinnacle
spelad,ED,2019/20,2019-09-29,,Feyenoord,Twente,5,1,H,18,6,11,1,2.827,0.5153,skott,,,,,,,,,,0.667,0.1913,0.1417,0.7119,0.1719,0.1162,1,1.49,5.15,7.05,1.4,5.75,8.5,0.6667,0.696,-0.3915,0.8863,-0.7836,-6,,,,,-1,0,,,0.1152,-0.0195,,,,,,,,,,,,,,,,,pinnacle
spelad,ED,2019/20,2019-09-29,,Utrecht,Willem II,2,0,H,11,9,6,3,1.612,1.0132,skott,,,,,,,,,,0.6249,0.2228,0.1523,0.5805,0.2446,0.1749,1,1.59,4.6,6.32,1.68,4.4,6,0.6337,0.5995,-0.0996,-0.6116,-0.2341,-1,4,0,-0.4054,-0.2394,0,0,,,-0.1115,0.0177,,,,,,,,,,,,,,,,,pinnacle
spelad,ED,2019/20,2019-09-29,,Waalwijk,Vitesse,1,2,A,10,11,5,3,1.3926,1.1316,skott,,,,,,,,,,0.1648,0.2182,0.617,0.1764,0.2033,0.6203,1,6.25,4.6,1.6,5.5,4.75,1.6,0.6501,0.6954,-1.4994,2.352,-1.2475,0,,,,,1,0,,,0.0199,0.0161,,,,,,,,,,,,,,,,,pinnacle
spelad,ED,2019/20,2019-09-29,,Zwolle,PSV Eindhoven,0,4,A,14,25,4,15,1.4693,3.882,skott,,,,,,,,,,0.1336,0.1862,0.6802,0.1248,0.1589,0.7163,1,7.9,5.25,1.46,8.5,6.04,1.41,0.6636,0.7015,-0.5405,0.5336,-0.461,4,4,-3,-0.4956,-0.1586,0,0,,,-0.0536,0.0205,,,,,,,,,,,,,,,,,pinnacle
spelad,ED,2019/20,2019-10-04,,Groningen,Waalwijk,3,0,H,11,8,5,3,1.4518,0.954,skott,,,,,,,,,,0.6859,0.1847,0.1294,0.6724,0.1889,0.1387,1,1.45,5.25,8.25,1.48,5.1,7.4,0.6064,0.6176,0.4458,-1.2264,0.3452,1,,,,,-1,0,,,-0.0364,-0.006,,,,,,,,,,,,,,,,,pinnacle
spelad,ED,2019/20,2019-10-05,,Heerenveen,Zwolle,1,0,H,18,9,5,2,1.8662,0.853,skott,,,,,,,,,,0.5725,0.2211,0.2064,0.6053,0.2097,0.1851,1,1.72,4.35,4.75,1.62,4.75,5.75,0.6346,0.6597,-0.4266,0.2563,0.1547,1,4,-0.75,-0.5242,-0.0188,0,0,,,0.0868,0.0117,,,,,,,,,,,,,,,,,pinnacle
spelad,ED,2019/20,2019-10-05,,Heracles,FC Emmen,2,0,H,15,8,4,0,1.5285,0.4736,skott,,,,,,,,,,0.5913,0.2171,0.1916,0.5873,0.2189,0.1938,1,1.71,4.5,5.25,1.74,4.5,5,0.6509,0.6644,0.0526,0.4937,0.315,-2,,,,,0,0,,,-0.0102,-0.032,,,,,,,,,,,,,,,,,pinnacle
spelad,ED,2019/20,2019-10-05,,Sparta Rotterdam,Twente,2,1,H,14,15,9,5,2.27,1.6886,skott,,,,,,,,,,0.5383,0.2278,0.2339,0.5169,0.2307,0.2524,1,1.9,4.25,4.25,1.93,4.2,4,0.6286,0.6651,-0.5381,0.8098,-0.1943,1,,,,,0,0,,,-0.0613,-0.008,,,,,,,,,,,,,,,,,pinnacle
spelad,ED,2019/20,2019-10-05,,Vitesse,Utrecht,2,1,H,13,16,4,6,1.4101,1.9079,skott,,,,,,,,,,0.4041,0.2535,0.3425,0.3975,0.2562,0.3462,1,2.45,3.85,2.82,2.46,3.85,2.92,0.6244,0.6055,0.6261,-0.3594,0.7431,0,4,0,-0.0753,0.2264,0,0,,,-0.0169,-0.0021,,,,,,,,,,,,,,,,,pinnacle
spelad,ED,2019/20,2019-10-06,,Den Haag,Ajax,0,2,A,9,17,1,7,0.6929,2.1273,skott,,,,,,,,,,0.0481,0.0936,0.8583,0.0446,0.0876,0.8679,1,23,10.27,1.14,28,11,1.13,0.7935,0.8081,-0.4585,0.7246,-0.2571,1,4,-1.5,0.2185,0.3896,0,0,,,-0.0167,0.0123,,,,,,,,,,,,,,,,,pinnacle
spelad,ED,2019/20,2019-10-06,,For Sittard,Feyenoord,4,2,H,11,20,8,6,1.9323,2.1447,skott,,,,,,,,,,0.1319,0.1764,0.6917,0.1086,0.1439,0.7475,1,7.5,5.7,1.43,10,6.7,1.33,0.7002,0.7284,-0.599,0.6109,0.0272,1,,,,,0,0,,,-0.1024,0.0048,,,,,,,,,,,,,,,,,pinnacle
spelad,ED,2019/20,2019-10-06,,PSV Eindhoven,VVV Venlo,4,1,H,20,10,6,3,2.1447,1.0724,skott,,,,,,,,,,0.8642,0.097,0.0388,0.8222,0.1209,0.0569,1,1.13,10,26,1.18,9,21,0.749,0.7342,0.1731,-0.8828,0.1282,-1,4,3,0.593,-0.16,0,0,,,-0.102,-0.0033,,,,,,,,,,,,,,,,,pinnacle
spelad,ED,2019/20,2019-10-06,,Willem II,AZ Alkmaar,1,1,D,16,18,4,7,1.5877,2.1865,skott,,,,,,,,,,0.2261,0.2327,0.5412,0.2257,0.2345,0.5398,1,4.4,4.14,1.82,4.75,4.12,1.8,0.5772,0.5258,-0.55,1.6268,-0.249,0,4,0,0.7892,-0.202,0,0,,,0.0006,-0.0183,,,,,,,,,,,,,,,,,pinnacle
spelad,ED,2019/20,2019-10-19,,AZ Alkmaar,Heerenveen,2,4,A,17,12,8,8,2.2874,1.9914,skott,,,,,,,,,,0.606,0.2267,0.1673,0.677,0.1915,0.1315,1,1.6,4.4,5.9,1.45,5.02,7.9,0.6229,0.6133,0.9857,-1.5618,0.4058,-1,4,1.5,0.4806,-0.227,0,0,,,0.1778,-0.0138,,,,,,,,,,,,,,,,,pinnacle
spelad,ED,2019/20,2019-10-19,,Twente,Willem II,0,1,A,11,11,3,4,1.1316,1.2917,skott,,,,,,,,,,0.3956,0.2494,0.3549,0.3673,0.2597,0.373,1,2.47,3.87,2.85,2.66,3.72,2.7,0.5854,0.5772,0.4046,-0.9948,0.2347,1,,,,,1,0,,,-0.0747,0.0012,,,,,,,,,,,,,,,,,pinnacle
spelad,ED,2019/20,2019-10-19,,Utrecht,PSV Eindhoven,3,0,H,17,6,4,1,1.6469,0.5153,skott,,,,,,,,,,0.2816,0.2691,0.4493,0.2861,0.2467,0.4672,1,3.65,4,2.15,3.55,4,2.11,0.6005,0.602,-1.0967,1.6207,-1.0008,1,4,-2.25,-0.4659,0.0282,0,0,,,-0.0089,-0.0006,,,,,,,,,,,,,,,,,pinnacle
spelad,ED,2019/20,2019-10-19,,VVV Venlo,Vitesse,0,4,A,15,15,4,7,1.5285,2.0089,skott,,,,,,,,,,0.2122,0.2483,0.5395,0.2171,0.2504,0.5325,1,4.75,4.05,1.81,4.75,4.05,1.84,0.5905,0.589,-0.8099,0.8229,-0.7328,-1,4,-1.5,-0.3504,0.2574,0,0,,,0.0167,0.011,,,,,,,,,,,,,,,,,pinnacle
spelad,ED,2019/20,2019-10-19,,Waalwijk,Ajax,1,2,A,14,19,5,7,1.6294,2.2457,skott,,,,,,,,,,0.0325,0.0701,0.8974,0.0292,0.0626,0.9082,1,34,14,1.08,36,15.38,1.08,0.817,0.8385,-1.3724,2.8425,-0.8272,2,,,,,1,0,,,-0.0173,0.0196,,,,,,,,,,,,,,,,,pinnacle
spelad,ED,2019/20,2019-10-20,,FC Emmen,For Sittard,2,1,H,14,17,3,8,1.3091,2.2874,skott,,,,,,,,,,0.5471,0.2203,0.2326,0.587,0.201,0.212,1,1.89,4.37,4.2,1.77,4.79,4.7,0.6854,0.7028,0.3444,-0.2999,-0.0211,1,,,,,0,0,,,0.1003,-0.0395,,,,,,,,,,,,,,,,,pinnacle
spelad,ED,2019/20,2019-10-20,,Feyenoord,Heracles,1,1,D,17,7,6,2,1.9671,0.7346,skott,,,,,,,,,,0.6664,0.1912,0.1424,0.7145,0.1686,0.1169,1,1.48,5.25,7.1,1.38,6,9.5,0.6925,0.7155,-0.3707,0.5559,-1.0789,-1,4,3,0.6941,-0.1691,0,0,,,0.1216,0.0114,,,,,,,,,,,,,,,,,pinnacle
spelad,ED,2019/20,2019-10-20,,Groningen,Sparta Rotterdam,2,0,H,15,10,4,4,1.5285,1.2325,skott,,,,,,,,,,0.4577,0.2496,0.2927,0.458,0.257,0.285,1,2.17,3.87,3.4,2.17,3.76,3.6,0.5638,0.5206,-0.8589,0.4849,-0.6685,1,,,,,-1,0,,,0.0081,-0.0059,,,,,,,,,,,,,,,,,pinnacle
spelad,ED,2019/20,2019-10-20,,Zwolle,Den Haag,3,1,H,13,14,4,1,1.4101,0.9889,skott,,,,,,,,,,0.4789,0.2493,0.2717,0.4354,0.2663,0.2983,1,2.07,3.95,3.75,2.33,3.9,3.25,0.6253,0.6253,0.2996,-0.2799,-0.0083,1,4,-1.5,-0.8368,-0.261,0,0,,,-0.1136,-0.0219,,,,,,,,,,,,,,,,,pinnacle
spelad,ED,2019/20,2019-10-25,,Twente,FC Emmen,4,1,H,17,10,8,3,2.2874,1.0724,skott,,,,,,,,,,0.5339,0.2404,0.2258,0.4935,0.2526,0.2539,1,1.86,4.2,4.38,1.98,4,4,0.622,0.6133,-0.2089,0.2392,-0.3328,1,,,,,0,0,,,-0.1088,-0.0018,,,,,,,,,,,,,,,,,pinnacle
spelad,ED,2019/20,2019-10-26,,For Sittard,VVV Venlo,4,1,H,10,17,5,6,1.3926,1.9671,skott,,,,,,,,,,0.408,0.2492,0.3429,0.443,0.2589,0.2981,1,2.45,3.88,2.95,2.28,3.82,3.5,0.603,0.6074,-0.5443,-0.1702,-0.0525,-1,,,,,0,0,,,0.1149,-0.0165,,,,,,,,,,,,,,,,,pinnacle
spelad,ED,2019/20,2019-10-26,,Heracles,Zwolle,4,0,H,22,17,12,6,3.224,1.9671,skott,,,,,,,,,,0.5629,0.2314,0.2057,0.5482,0.2406,0.2111,1,1.74,4.25,5,1.93,4.1,4.6,0.6337,0.6337,0.1112,0.0748,0.5069,0,4,-0.75,-0.2897,-0.0012,0,0,,,-0.0348,-0.0671,,,,,,,,,,,,,,,,,pinnacle
spelad,ED,2019/20,2019-10-26,,Vitesse,Den Haag,0,2,A,27,7,6,4,2.5591,1.0549,skott,,,,,,,,,,0.663,0.205,0.132,0.675,0.1913,0.1337,1,1.5,5.1,7.8,1.49,5.2,7.4,0.6861,0.6904,1.3505,-1.2412,0.9057,1,4,0,-0.6111,0.2558,0,0,,,0.0224,-0.021,,,,,,,,,,,,,,,,,pinnacle
spelad,ED,2019/20,2019-10-26,,Willem II,Waalwijk,2,1,H,19,10,5,1,1.9254,0.7521,skott,,,,,,,,,,0.6464,0.2189,0.1347,0.6255,0.2204,0.1541,1,1.49,4.75,7.2,1.58,4.65,7,0.621,0.6295,1.2665,-1.6096,0.8743,0,,,,,0,0,,,-0.0613,-0.0055,,,,,,,,,,,,,,,,,pinnacle
spelad,ED,2019/20,2019-10-27,,Ajax,Feyenoord,4,0,H,19,4,12,0,3.0464,0.2368,skott,,,,,,,,,,0.7554,0.1497,0.095,0.7797,0.1305,0.0898,1,1.31,6.5,11,1.28,7.4,11.5,0.7261,0.7681,0.7993,-1.2973,0.8119,1,4,1.5,0.406,-0.2353,0,0,,,0.0539,-0.0157,,,,,,,,,,,,,,,,,pinnacle
spelad,ED,2019/20,2019-10-27,,Heerenveen,Groningen,1,1,D,14,8,4,3,1.4693,0.954,skott,,,,,,,,,,0.4698,0.2734,0.2567,0.4469,0.2774,0.2758,1,2.14,3.66,3.77,2.25,3.6,3.6,0.522,0.5244,0.1238,0.2281,0.1518,1,4,-0.75,-0.6053,0.4882,0,0,,,-0.065,-0.0133,,,,,,,,,,,,,,,,,pinnacle
spelad,ED,2019/20,2019-10-27,,PSV Eindhoven,AZ Alkmaar,0,4,A,6,16,0,6,0.3552,1.9079,skott,,,,,,,,,,0.5322,0.2575,0.2103,0.4672,0.2694,0.2635,1,1.86,3.8,4.75,2.2,3.6,3.9,0.5854,0.5361,0.4804,-0.7093,0.3802,0,4,1.5,0.3794,-0.2157,0,0,,,-0.1832,-0.0167,,,,,,,,,,,,,,,,,pinnacle
spelad,ED,2019/20,2019-10-27,,Sparta Rotterdam,Utrecht,1,2,A,15,10,1,3,1.0481,1.0724,skott,,,,,,,,,,0.2949,0.2424,0.4627,0.2913,0.2436,0.465,1,3.5,4,2.15,3.6,4.05,2.12,0.6295,0.622,0.3797,0.1864,0.3276,-1,,,,,0,0,,,-0.0093,0.0071,,,,,,,,,,,,,,,,,pinnacle
spelad,ED,2019/20,2019-11-01,,Zwolle,Ajax,2,4,A,11,20,5,7,1.4518,2.3049,skott,,,,,,,,,,0.0529,0.1017,0.8455,0.0648,0.1055,0.8297,1,21,9.6,1.17,21,9.35,1.18,0.78,0.8043,-0.1747,0.2542,-0.1566,1,4,-3,-0.3616,-0.1254,0,0,,,0.0396,-0.0023,,,,,,,,,,,,,,,,,pinnacle
spelad,ED,2019/20,2019-11-02,,AZ Alkmaar,Twente,3,0,H,33,3,11,2,3.7149,0.4979,skott,,,,,,,,,,0.7387,0.1667,0.0946,0.7665,0.1494,0.084,1,1.36,5.9,10.5,1.27,7,14,0.6636,0.7143,0.0228,-0.2828,0.1816,-2,,,,,0,0,,,0.0662,0.0108,,,,,,,,,,,,,,,,,pinnacle
spelad,ED,2019/20,2019-11-02,,Sparta Rotterdam,PSV Eindhoven,2,2,D,10,24,7,7,1.7129,2.5416,skott,,,,,,,,,,0.2299,0.2396,0.5305,0.22,0.2477,0.5323,1,4.2,4.1,1.85,4.4,4,1.85,0.6379,0.5736,-0.7467,1.2556,-0.2794,0,,,,,0,0,,,-0.0216,0.0188,,,,,,,,,,,,,,,,,pinnacle
spelad,ED,2019/20,2019-11-02,,Waalwijk,Heracles,2,0,H,21,12,8,5,2.5242,1.511,skott,,,,,,,,,,0.3017,0.2514,0.4469,0.3068,0.2374,0.4558,1,3.3,4.05,2.3,3.3,4.1,2.18,0.642,0.6925,-1.7199,2.8694,-1.5257,0,,,,,0,0,,,0.0013,0.0097,,,,,,,,,,,,,,,,,pinnacle
spelad,ED,2019/20,2019-11-03,,Den Haag,Heerenveen,1,1,D,7,17,2,4,0.7346,1.6469,skott,,,,,,,,,,0.3157,0.2452,0.4391,0.3095,0.2535,0.437,1,3.2,4.1,2.23,3.18,3.95,2.28,0.6244,0.6262,0.1426,-0.2136,-0.0019,1,4,-2.25,-0.9189,-0.0076,0,0,,,-0.0102,0.0143,,,,,,,,,,,,,,,,,pinnacle
spelad,ED,2019/20,2019-11-03,,FC Emmen,Vitesse,2,1,H,21,13,7,3,2.3641,1.2499,skott,,,,,,,,,,0.2338,0.2414,0.5248,0.2441,0.2335,0.5225,1,4.13,4.2,1.89,4.33,4.2,1.93,0.6565,0.6735,-0.5638,0.0978,-0.5468,1,,,,,0,0,,,0.0229,0.0085,,,,,,,,,,,,,,,,,pinnacle
spelad,ED,2019/20,2019-11-03,,Groningen,Willem II,2,0,H,16,5,10,0,2.5485,0.296,skott,,,,,,,,,,0.4694,0.2671,0.2635,0.4517,0.2835,0.2648,1,2.19,3.75,3.67,2.18,3.6,3.75,0.4768,0.4524,-0.2168,-0.6905,-0.3539,-1,4,-0.75,-0.5042,-0.01,0,0,,,-0.0368,0.0138,,,,,,,,,,,,,,,,,pinnacle
spelad,ED,2019/20,2019-11-03,,Utrecht,For Sittard,6,0,H,15,2,8,1,2.169,0.2785,skott,,,,,,,,,,0.8003,0.1289,0.0709,0.7455,0.1554,0.0991,1,1.22,7.8,15.25,1.33,6.5,10.5,0.752,0.7383,0.0519,0.1333,-0.4118,-1,,,,,0,0,,,-0.1378,-0.0279,,,,,,,,,,,,,,,,,pinnacle
spelad,ED,2019/20,2019-11-03,,VVV Venlo,Feyenoord,0,3,A,10,12,0,6,0.5919,1.6712,skott,,,,,,,,,,0.1615,0.1925,0.646,0.1713,0.1997,0.6291,1,6.1,5,1.54,6.5,4.95,1.56,0.6518,0.6452,0.0883,0.182,0.4261,1,4,-0.75,0.4859,0.0738,0,0,,,0.0364,-0.0002,,,,,,,,,,,,,,,,,pinnacle
spelad,ED,2019/20,2019-11-08,,Vitesse,Groningen,1,2,A,31,13,8,6,3.1161,1.7304,skott,,,,,,,,,,0.4913,0.2703,0.2384,0.454,0.2861,0.2599,1,2.01,3.85,4.2,2.17,3.75,4.2,0.5155,0.5026,0.4526,0.0695,-0.1297,0,4,0,-0.1514,-0.2605,0,0,,,-0.0962,0.0107,,,,,,,,,,,,,,,,,pinnacle
spelad,ED,2019/20,2019-11-09,,For Sittard,Den Haag,1,0,H,15,13,8,6,2.169,1.7304,skott,,,,,,,,,,0.3996,0.2525,0.3479,0.3792,0.2545,0.3663,1,2.45,4,2.8,2.58,3.95,2.88,0.6253,0.6286,-0.1678,0.6149,0.1522,0,,,,,0,0,,,-0.0592,0.0223,,,,,,,,,,,,,,,,,pinnacle
spelad,ED,2019/20,2019-11-09,,Heerenveen,Sparta Rotterdam,2,1,H,17,13,4,3,1.6469,1.2499,skott,,,,,,,,,,0.4641,0.2616,0.2743,0.4867,0.2529,0.2604,1,2.1,3.96,3.52,2.06,3.96,3.72,0.596,0.6055,0.2398,-0.4699,0.5112,-1,,,,,0,0,,,0.0591,-0.0227,,,,,,,,,,,,,,,,,pinnacle
spelad,ED,2019/20,2019-11-09,,Heracles,VVV Venlo,6,1,H,24,9,12,3,3.3423,1.0132,skott,,,,,,,,,,0.5917,0.2217,0.1866,0.5842,0.2257,0.1901,1,1.68,4.5,5.5,1.66,4.5,5.25,0.622,0.6158,1.16,-2.3316,1.1918,1,4,1.5,0.7672,-0.2549,0,0,,,-0.0187,-0.0035,,,,,,,,,,,,,,,,,pinnacle
spelad,ED,2019/20,2019-11-10,,Ajax,Utrecht,4,0,H,22,4,15,0,3.7044,0.2368,skott,,,,,,,,,,0.7797,0.1379,0.0824,0.7638,0.1414,0.0947,1,1.26,8,12,1.28,7.4,11,0.7558,0.7495,0.1889,0.2377,0.0153,2,4,0.75,-0.6394,0.0993,0,0,,,-0.044,-0.0068,,,,,,,,,,,,,,,,,pinnacle
spelad,ED,2019/20,2019-11-10,,AZ Alkmaar,FC Emmen,3,0,H,20,8,11,2,2.9454,0.7938,skott,,,,,,,,,,0.7945,0.1362,0.0693,0.8027,0.1298,0.0676,1,1.26,7.3,13.76,1.21,7.9,16.5,0.7039,0.7358,0.2184,-0.8126,0.3604,1,,,,,0,0,,,0.0181,0.0017,,,,,,,,,,,,,,,,,pinnacle
spelad,ED,2019/20,2019-11-10,,Feyenoord,Waalwijk,3,2,H,24,10,9,4,2.8619,1.2325,skott,,,,,,,,,,0.8104,0.124,0.0656,0.7995,0.1303,0.0702,1,1.23,8.3,15,1.22,8,15,0.747,0.7505,0.3424,-0.6532,-0.3096,-1,,,,,0,0,,,-0.0265,-0.0177,,,,,,,,,,,,,,,,,pinnacle
spelad,ED,2019/20,2019-11-10,,Twente,Zwolle,2,1,H,10,12,6,4,1.5528,1.3509,skott,,,,,,,,,,0.4746,0.2534,0.272,0.4988,0.2383,0.2629,1,2.08,4,3.8,2.02,4.1,3.68,0.6099,0.6396,-0.0228,-0.1407,-0.0718,-1,,,,,0,0,,,0.0573,-0.0337,,,,,,,,,,,,,,,,,pinnacle
spelad,ED,2019/20,2019-11-10,,Willem II,PSV Eindhoven,2,1,H,13,14,5,6,1.5702,1.7896,skott,,,,,,,,,,0.2124,0.246,0.5417,0.2411,0.2579,0.501,1,4.89,4.1,1.83,4.25,3.95,2.03,0.5772,0.5462,-0.2276,0.9012,0.2047,-1,4,-1.5,0.319,-0.1576,0,0,,,0.0982,0.0123,,,,,,,,,,,,,,,,,pinnacle
spelad,ED,2019/20,2019-11-23,,Ajax,Heracles,4,1,H,25,10,10,7,3.0813,1.7129,skott,,,,,,,,,,0.8552,0.0958,0.049,0.8779,0.0805,0.0417,1,1.14,11,28,1.1,13,35,0.8247,0.8473,-0.1051,0.6106,-0.2985,-1,4,-0.75,-1.5827,0.1406,0,0,,,0.0528,0.0027,,,,,,,,,,,,,,,,,pinnacle
spelad,ED,2019/20,2019-11-23,,Den Haag,Willem II,3,3,D,20,20,9,10,2.6251,2.7853,skott,,,,,,,,,,0.3346,0.2486,0.4168,0.3504,0.2732,0.3763,1,3,3.89,2.45,2.94,3.77,2.65,0.5772,0.5284,-0.7014,-0.003,-0.6959,1,4,3,1.7061,-0.2717,0,0,,,0.0721,0.0074,,,,,,,,,,,,,,,,,pinnacle
spelad,ED,2019/20,2019-11-23,,Utrecht,AZ Alkmaar,0,3,A,17,9,1,7,1.1664,1.6537,skott,,,,,,,,,,0.3242,0.2611,0.4147,0.3026,0.2463,0.4511,1,3.1,3.78,2.35,3.3,3.92,2.31,0.5638,0.5925,0.0783,-0.4195,-0.0517,0,4,-0.75,-0.2278,0.0033,0,0,,,-0.0796,0.0101,,,,,,,,,,,,,,,,,pinnacle
spelad,ED,2019/20,2019-11-23,,Zwolle,For Sittard,3,1,H,16,15,7,6,2.0681,1.8488,skott,,,,,,,,,,0.566,0.2143,0.2197,0.5772,0.2123,0.2105,1,1.78,4.49,4.75,1.75,4.55,4.85,0.6882,0.6875,-0.4241,-0.0988,-0.7177,-1,,,,,0,0,,,0.0316,-0.0126,,,,,,,,,,,,,,,,,pinnacle
spelad,ED,2019/20,2019-11-24,,Groningen,Feyenoord,1,1,D,16,12,1,6,1.1072,1.6712,skott,,,,,,,,,,0.2998,0.2533,0.4469,0.3255,0.2649,0.4096,1,3.35,3.81,2.23,3.15,3.75,2.38,0.5736,0.5244,0.9958,-1.4961,1.3172,2,4,-1.5,0.1756,-0.1936,0,0,,,0.0887,-0.016,,,,,,,,,,,,,,,,,pinnacle
spelad,ED,2019/20,2019-11-24,,PSV Eindhoven,Heerenveen,2,1,H,18,14,9,5,2.5068,1.6294,skott,,,,,,,,,,0.6676,0.1974,0.135,0.7221,0.1645,0.1134,1,1.5,5,7.25,1.37,5.9,9.8,0.642,0.7063,-0.3996,0.4455,-1.0917,-1,4,0,-1.011,0.3239,0,0,,,0.1307,-0.0162,,,,,,,,,,,,,,,,,pinnacle
spelad,ED,2019/20,2019-11-24,,Sparta Rotterdam,Vitesse,2,0,H,15,13,5,6,1.6886,1.7304,skott,,,,,,,,,,0.3689,0.2663,0.3648,0.4204,0.2485,0.3311,1,2.62,3.9,2.65,2.61,3.93,2.98,0.6244,0.6429,-0.3652,0.055,-0.0865,-1,,,,,0,0,,,0.1365,-0.0292,,,,,,,,,,,,,,,,,pinnacle
spelad,ED,2019/20,2019-11-24,,VVV Venlo,Twente,2,1,H,12,15,7,5,1.8313,1.6886,skott,,,,,,,,,,0.3542,0.2606,0.3852,0.3867,0.2578,0.3555,1,2.8,3.85,2.63,2.83,3.81,2.81,0.5879,0.57,-0.6099,1.9569,-0.4054,1,,,,,0,0,,,0.0949,-0.0226,,,,,,,,,,,,,,,,,pinnacle
spelad,ED,2019/20,2019-11-24,,Waalwijk,FC Emmen,1,1,D,19,9,4,3,1.7652,1.0132,skott,,,,,,,,,,0.4164,0.2446,0.339,0.4807,0.2317,0.2876,1,2.48,3.95,2.9,2.05,4.17,3.6,0.6295,0.642,-1.0823,1.3808,-0.535,0,,,,,0,0,,,0.18,-0.0043,,,,,,,,,,,,,,,,,pinnacle
spelad,ED,2019/20,2019-11-29,,Heerenveen,Vitesse,3,2,H,17,19,8,9,2.2874,2.5659,skott,,,,,,,,,,0.4271,0.275,0.2979,0.424,0.27,0.3059,1,2.3,3.83,3.24,2.34,3.8,3.2,0.5985,0.5736,0.309,-0.5,0.8652,0,4,-0.75,-0.4935,0.4835,0,0,,,-0.0142,-0.0006,,,,,,,,,,,,,,,,,pinnacle
spelad,ED,2019/20,2019-11-30,,For Sittard,Groningen,1,0,H,10,11,4,2,1.2325,0.9714,skott,,,,,,,,,,0.2518,0.2393,0.5089,0.2865,0.2645,0.449,1,3.9,4.04,2.01,3.45,3.95,2.2,0.5674,0.5347,-0.3932,1.2415,-0.1287,1,,,,,0,0,,,0.1292,0.0118,,,,,,,,,,,,,,,,,pinnacle
spelad,ED,2019/20,2019-11-30,,Heracles,Den Haag,4,0,H,12,7,4,2,1.3509,0.7346,skott,,,,,,,,,,0.6022,0.22,0.1778,0.6424,0.1951,0.1625,1,1.67,4.6,5.5,1.51,5,7.5,0.6452,0.6824,0.579,-0.8494,0.6837,0,4,-0.75,-0.4259,-0.0014,0,0,,,0.0957,0.0023,,,,,,,,,,,,,,,,,pinnacle
spelad,ED,2019/20,2019-11-30,,Willem II,Sparta Rotterdam,4,0,H,12,10,7,3,1.8313,1.0724,skott,,,,,,,,,,0.4696,0.2539,0.2764,0.4454,0.2564,0.2983,1,2.14,4.1,3.5,2.2,4,3.35,0.5995,0.5854,0.3786,0.3006,0.4971,1,,,,,0,0,,,-0.0704,0.0016,,,,,,,,,,,,,,,,,pinnacle
spelad,ED,2019/20,2019-12-01,,AZ Alkmaar,VVV Venlo,1,0,H,25,4,8,1,2.761,0.3969,skott,,,,,,,,,,0.8268,0.1164,0.0568,0.8202,0.1204,0.0594,1,1.18,8.6,20,1.2,8.5,20,0.6991,0.7078,0.8834,-2.6357,1.0243,1,4,1.5,-0.126,0.2972,0,0,,,-0.016,-0.0046,,,,,,,,,,,,,,,,,pinnacle
spelad,ED,2019/20,2019-12-01,,FC Emmen,PSV Eindhoven,1,1,D,12,13,2,4,1.0306,1.4101,skott,,,,,,,,,,0.1366,0.1863,0.6771,0.1693,0.1982,0.6325,1,7.75,5.25,1.48,7,5,1.53,0.6682,0.6882,0.3971,-0.5714,0.7516,0,,,,,0,0,,,0.11,-0.0249,,,,,,,,,,,,,,,,,pinnacle
spelad,ED,2019/20,2019-12-01,,Feyenoord,Zwolle,1,0,H,20,20,7,8,2.3049,2.465,skott,,,,,,,,,,0.7284,0.1652,0.1064,0.7328,0.1619,0.1053,1,1.38,6,10,1.35,6.25,9.2,0.7009,0.7122,-0.1715,0.2433,-0.2702,-1,4,0.75,-0.4666,0.0611,0,0,,,0.0099,-0.0186,,,,,,,,,,,,,,,,,pinnacle
spelad,ED,2019/20,2019-12-01,,Twente,Ajax,2,5,A,9,18,3,10,1.0132,2.6669,skott,,,,,,,,,,0.0706,0.122,0.8074,0.0783,0.1334,0.7883,1,16,8.25,1.21,14.5,7.85,1.25,0.7652,0.7633,-0.9173,1.0135,-0.7852,-1,,,,,0,0,,,0.0346,0.0178,,,,,,,,,,,,,,,,,pinnacle
spelad,ED,2019/20,2019-12-01,,Utrecht,Waalwijk,0,1,A,13,11,4,3,1.4101,1.1316,skott,,,,,,,,,,0.7387,0.1471,0.1143,0.7503,0.1395,0.1102,1,1.33,6.5,11.01,1.31,6.85,11,0.7191,0.7233,0.8616,-1.3517,0.4137,1,,,,,0,0,,,0.0274,-0.007,,,,,,,,,,,,,,,,,pinnacle
spelad,ED,2019/20,2019-12-06,,Ajax,Willem II,0,2,A,29,9,6,4,2.6775,1.1733,skott,,,,,,,,,,0.8417,0.1057,0.0526,0.8436,0.1038,0.0525,1,1.15,10.5,24,1.14,10,23,0.7833,0.7907,0.2089,-0.215,-0.0796,-1,4,3,0.4531,-0.1196,0,0,,,0.004,-0.0105,,,,,,,,,,,,,,,,,pinnacle
spelad,ED,2019/20,2019-12-07,,Den Haag,Twente,0,0,D,9,8,3,2,1.0132,0.7938,skott,,,,,,,,,,0.4008,0.2603,0.3389,0.4066,0.2741,0.3193,1,2.46,4,2.95,2.48,3.85,3.03,0.6167,0.6099,-0.0772,0.2925,-0.0278,1,,,,,0,0,,,0.0311,-0.0104,,,,,,,,,,,,,,,,,pinnacle
spelad,ED,2019/20,2019-12-07,,PSV Eindhoven,For Sittard,5,0,H,28,4,10,0,3.2588,0.2368,skott,,,,,,,,,,0.8467,0.1056,0.0477,0.8244,0.1176,0.058,1,1.16,10,23,1.19,9,18.5,0.7529,0.7577,-0.5101,0.2979,-1.323,-1,,,,,0,0,,,-0.055,-0.0133,,,,,,,,,,,,,,,,,pinnacle
spelad,ED,2019/20,2019-12-07,,VVV Venlo,FC Emmen,2,0,H,19,12,6,3,2.0855,1.1907,skott,,,,,,,,,,0.4455,0.2606,0.2939,0.4396,0.2572,0.3032,1,2.17,3.8,3.3,2.3,3.8,3.25,0.5833,0.5513,-0.9427,2.0759,-0.768,0,,,,,0,0,,,-0.0212,-0.0103,,,,,,,,,,,,,,,,,pinnacle
spelad,ED,2019/20,2019-12-07,,Zwolle,AZ Alkmaar,0,3,A,15,14,7,8,2.0089,2.1098,skott,,,,,,,,,,0.1479,0.1947,0.6574,0.1351,0.1804,0.6844,1,7,4.95,1.5,8.1,5.5,1.42,0.642,0.681,-0.502,0.7525,-0.5099,0,4,-0.75,-0.0787,0.529,0,0,,,-0.0525,-0.0054,,,,,,,,,,,,,,,,,pinnacle
spelad,ED,2019/20,2019-12-08,,Groningen,Utrecht,0,1,A,19,10,3,4,1.6051,1.2325,skott,,,,,,,,,,0.3435,0.2823,0.3742,0.3687,0.2736,0.3577,1,2.85,3.75,2.58,2.76,3.65,2.72,0.4961,0.4871,0.529,-0.6008,0.4559,1,4,0.75,0.4686,0.5091,0,0,,,0.0667,-0.0096,,,,,,,,,,,,,,,,,pinnacle
spelad,ED,2019/20,2019-12-08,,Sparta Rotterdam,Heracles,0,0,D,10,12,3,2,1.0724,1.0306,skott,,,,,,,,,,0.4429,0.2534,0.3036,0.4962,0.2343,0.2695,1,2.3,3.94,3.3,2.08,4.13,3.65,0.6355,0.6411,-0.4502,1.3782,-0.5579,0,,,,,0,0,,,0.1407,-0.0374,,,,,,,,,,,,,,,,,pinnacle
spelad,ED,2019/20,2019-12-08,,Vitesse,Feyenoord,0,0,D,15,21,3,4,1.3683,1.8836,skott,,,,,,,,,,0.3344,0.2491,0.4165,0.3573,0.2424,0.4003,1,3.1,4.1,2.4,2.8,4.1,2.43,0.6329,0.6628,-0.3825,0.2198,-0.3225,2,4,-0.75,0.1092,0.0074,0,0,,,0.0621,-0.0074,,,,,,,,,,,,,,,,,pinnacle
spelad,ED,2019/20,2019-12-08,,Waalwijk,Heerenveen,1,3,A,14,21,4,10,1.4693,2.8445,skott,,,,,,,,,,0.3189,0.2398,0.4413,0.282,0.2244,0.4935,1,3.3,4.2,2.21,3.5,4.31,2.05,0.6379,0.6518,-0.913,0.8832,-0.5714,-2,,,,,0,0,,,-0.1261,0.0242,,,,,,,,,,,,,,,,,pinnacle
spelad,ED,2019/20,2019-12-13,,Heerenveen,Willem II,1,2,A,21,4,9,2,2.6843,0.5571,skott,,,,,,,,,,0.5531,0.2291,0.2177,0.5529,0.2264,0.2207,1,1.88,4.25,4.52,1.8,4.25,4.6,0.6089,0.6229,-0.3643,0.7604,-0.1945,-2,4,3,1.3278,-0.2494,0,0,,,-0.0033,-0.0008,,,,,,,,,,,,,,,,,pinnacle
spelad,ED,2019/20,2019-12-14,,Den Haag,Groningen,1,1,D,10,11,2,4,0.9122,1.2917,skott,,,,,,,,,,0.306,0.2817,0.4123,0.3178,0.2759,0.4063,1,3.15,3.55,2.42,3.1,3.5,2.42,0.5026,0.4948,-0.5322,0.8799,-0.5166,1,4,-0.75,-0.233,0.0009,0,0,,,0.0297,-0.0069,,,,,,,,,,,,,,,,,pinnacle
spelad,ED,2019/20,2019-12-14,,For Sittard,Waalwijk,3,2,H,21,11,13,3,3.3249,1.1316,skott,,,,,,,,,,0.441,0.2374,0.3216,0.4561,0.2394,0.3045,1,2.25,4.05,3.15,2.15,4.1,3.3,0.6549,0.6644,0.6063,0.1956,0.519,1,,,,,0,0,,,0.0471,-0.0118,,,,,,,,,,,,,,,,,pinnacle
spelad,ED,2019/20,2019-12-14,,Twente,Vitesse,0,3,A,11,14,2,8,0.9714,2.1098,skott,,,,,,,,,,0.3412,0.2512,0.4077,0.3911,0.2512,0.3577,1,3.01,3.95,2.48,2.65,3.83,2.8,0.637,0.5985,0.3603,-0.3901,0.4453,1,,,,,0,0,,,0.1499,-0.022,,,,,,,,,,,,,,,,,pinnacle
spelad,ED,2019/20,2019-12-14,,VVV Venlo,Zwolle,1,2,A,12,22,7,8,1.8313,2.5834,skott,,,,,,,,,,0.4045,0.2623,0.3331,0.3674,0.2623,0.3703,1,2.4,3.8,3.15,2.7,3.7,2.65,0.5879,0.5833,0.1905,0.614,0.0497,0,4,1.5,0.8257,0.2351,0,0,,,-0.1113,0.0037,,,,,,,,,,,,,,,,,pinnacle
spelad,ED,2019/20,2019-12-15,,AZ Alkmaar,Ajax,1,0,H,15,11,2,3,1.2082,1.1316,skott,,,,,,,,,,0.2889,0.2486,0.4625,0.3659,0.2461,0.388,1,3.4,3.98,2.14,2.75,3.92,2.56,0.6388,0.6636,-0.0786,-0.1173,0.2857,-1,4,-1.5,0.0111,-0.1966,0,0,,,0.2285,-0.0061,,,,,,,,,,,,,,,,,pinnacle
spelad,ED,2019/20,2019-12-15,,FC Emmen,Sparta Rotterdam,2,0,H,20,11,8,2,2.465,0.9714,skott,,,,,,,,,,0.3386,0.2504,0.411,0.3586,0.257,0.3844,1,2.84,3.91,2.48,2.85,3.79,2.61,0.6379,0.5995,0.3288,-0.1986,0.2868,1,,,,,0,0,,,0.0665,-0.0119,,,,,,,,,,,,,,,,,pinnacle
spelad,ED,2019/20,2019-12-15,,Feyenoord,PSV Eindhoven,3,1,H,10,20,6,8,1.5528,2.465,skott,,,,,,,,,,0.3715,0.2436,0.3849,0.409,0.2427,0.3483,1,2.72,3.95,2.6,2.46,3.96,2.89,0.6295,0.6337,0.0892,0.0685,0.3148,-1,4,-0.75,-0.1477,-0.0025,0,0,,,0.1116,-0.0266,,,,,,,,,,,,,,,,,pinnacle
spelad,ED,2019/20,2019-12-15,,Heracles,Utrecht,1,3,A,13,16,4,7,1.4101,2.0681,skott,,,,,,,,,,0.3564,0.2587,0.3849,0.3435,0.2558,0.4007,1,2.76,3.85,2.68,2.88,3.8,2.56,0.602,0.596,0.2003,-0.7367,0.3011,0,4,-1.5,-0.3795,0.2794,0,0,,,-0.0417,0.0151,,,,,,,,,,,,,,,,,pinnacle
spelad,ED,2019/20,2019-12-20,,Waalwijk,Twente,3,0,H,16,11,7,4,2.0681,1.2917,skott,,,,,,,,,,0.3757,0.2558,0.3685,0.4225,0.2521,0.3254,1,2.62,3.82,2.72,2.44,3.9,3.1,0.6286,0.6133,0.0415,-0.5483,0.3601,0,,,,,0,0,,,0.1366,-0.0146,,,,,,,,,,,,,,,,,pinnacle
spelad,ED,2019/20,2019-12-21,,Heerenveen,Heracles,1,1,D,14,8,6,2,1.7896,0.7938,skott,,,,,,,,,,0.5119,0.2394,0.2487,0.4747,0.2569,0.2684,1,1.89,4.2,4,2.07,3.95,3.6,0.6304,0.6064,0.0435,0.7483,0.3158,2,5,0,-0.0832,-0.0414,0,0,,,-0.0942,-0.0057,,,,,,,,,,,,,,,,,pinnacle
spelad,ED,2019/20,2019-12-21,,PSV Eindhoven,Zwolle,4,1,H,22,12,10,6,2.9037,1.6712,skott,,,,,,,,,,0.7637,0.1555,0.0808,0.7449,0.156,0.0991,1,1.28,6.7,12,1.3,6.54,11,0.6947,0.7143,-0.3539,0.3018,-1.0094,-1,5,3,0.6619,-0.1587,0,0,,,-0.056,-0.0012,,,,,,,,,,,,,,,,,pinnacle
spelad,ED,2019/20,2019-12-21,,Sparta Rotterdam,AZ Alkmaar,3,0,H,11,10,5,2,1.4518,0.9122,skott,,,,,,,,,,0.1689,0.1862,0.6449,0.1783,0.2118,0.6099,1,6.6,5.16,1.52,5.9,4.75,1.62,0.6388,0.6123,-1.0148,1.2444,-1.2423,0,3,-3,-0.6903,-0.1997,0,0,,,0.0539,-0.0095,,,,,,,,,,,,,,,,,pinnacle
spelad,ED,2019/20,2019-12-21,,Willem II,For Sittard,0,0,D,6,10,3,1,0.8356,0.7521,skott,,,,,,,,,,0.6569,0.1969,0.1462,0.6472,0.2008,0.152,1,1.52,4.95,6.65,1.49,4.95,6.75,0.6346,0.642,0.9978,-2.252,0.6822,1,3,2,0.6384,0.1047,0,0,,,-0.0253,-0.0007,,,,,,,,,,,,,,,,,pinnacle
spelad,ED,2019/20,2019-12-22,,Ajax,Den Haag,6,1,H,28,6,13,5,3.7393,1.1559,skott,,,,,,,,,,0.8891,0.0785,0.0324,0.9034,0.0682,0.0284,1,1.08,14,37,1.08,15,39,0.8095,0.836,0.2473,-0.3239,0.0597,-1,5,1.8,-0.4246,0.2941,0,0,,,0.0327,-0.0161,,,,,,,,,,,,,,,,,pinnacle
spelad,ED,2019/20,2019-12-22,,Groningen,FC Emmen,2,0,H,19,13,4,6,1.7652,1.7304,skott,,,,,,,,,,0.5966,0.2309,0.1725,0.6,0.2291,0.1708,1,1.63,4.2,5.75,1.66,4.25,5.8,0.5347,0.5284,-0.1793,-0.3327,-0.1991,1,3,-1,-0.6648,-0.2622,0,0,,,0.0084,-0.0152,,,,,,,,,,,,,,,,,pinnacle
spelad,ED,2019/20,2019-12-22,,Utrecht,Feyenoord,1,2,A,15,13,3,7,1.3683,1.8905,skott,,,,,,,,,,0.4041,0.2511,0.3447,0.4095,0.2587,0.3318,1,2.5,3.84,2.92,2.35,3.8,2.97,0.6143,0.603,0.0829,-0.4354,0.273,0,5,-0.6,0.0547,0.1668,0,0,,,0.0236,0.014,,,,,,,,,,,,,,,,,pinnacle
spelad,ED,2019/20,2019-12-22,,Vitesse,VVV Venlo,3,0,H,16,4,6,2,1.9079,0.5571,skott,,,,,,,,,,0.6652,0.2034,0.1314,0.6811,0.1936,0.1252,1,1.45,5.05,7.65,1.42,5.35,8.6,0.6429,0.6429,-0.4409,-0.6759,-0.42,0,5,1.8,0.3048,0.1559,0,0,,,0.038,-0.0011,,,,,,,,,,,,,,,,,pinnacle
spelad,ED,2019/20,2020-01-17,,Zwolle,Utrecht,3,3,D,13,16,7,6,1.8905,1.9079,skott,,,,,,,,,,0.2767,0.2444,0.479,0.3173,0.2591,0.4235,1,3.82,3.95,2.08,3.24,3.98,2.29,0.642,0.6244,-0.6592,1.4356,-0.0928,1,5,-1.2,-0.212,-0.0404,0,0,,,0.1367,-0.0214,,,,,,,,,,,,,,,,,pinnacle
spelad,ED,2019/20,2020-01-18,,AZ Alkmaar,Willem II,1,3,A,16,14,3,7,1.4275,1.9497,skott,,,,,,,,,,0.7171,0.1753,0.1076,0.7111,0.1752,0.1137,1,1.37,5.7,9.6,1.36,5.7,9.4,0.6429,0.6379,-0.3492,0.6673,-0.1754,0,5,0,-0.6405,-0.0085,0,0,,,-0.0181,-0.0075,,,,,,,,,,,,,,,,,pinnacle
spelad,ED,2019/20,2020-01-18,,Feyenoord,Heerenveen,3,1,H,15,14,9,5,2.3292,1.6294,skott,,,,,,,,,,0.6234,0.2157,0.1608,0.6282,0.2145,0.1573,1,1.55,4.7,6.1,1.56,4.7,6.5,0.6437,0.6541,0.9289,-0.8423,0.5221,-1,5,1.8,0.2072,0.1884,0,0,,,0.013,-0.0104,,,,,,,,,,,,,,,,,pinnacle
spelad,ED,2019/20,2020-01-18,,For Sittard,Vitesse,1,3,A,10,19,2,9,0.9122,2.5659,skott,,,,,,,,,,0.2759,0.2521,0.472,0.2769,0.2529,0.4701,1,3.49,4,2.08,3.85,4.2,2.07,0.637,0.6379,1.2462,-0.1209,1.3767,1,3,-1,0.3047,-0.1919,0,0,,,0.004,-0.0405,,,,,,,,,,,,,,,,,pinnacle
spelad,ED,2019/20,2020-01-18,,Twente,Groningen,0,0,D,9,10,3,4,1.0132,1.2325,skott,,,,,,,,,,0.3534,0.2878,0.3587,0.3278,0.2911,0.3811,1,2.75,3.45,2.9,2.98,3.4,2.6,0.491,0.4627,-0.2609,0.7445,-0.3601,2,3,0,0.0081,0.0698,0,0,,,-0.0737,0.0007,,,,,,,,,,,,,,,,,pinnacle
spelad,ED,2019/20,2020-01-19,,Ajax,Sparta Rotterdam,2,1,H,23,19,8,7,2.6426,2.2457,skott,,,,,,,,,,0.8687,0.0892,0.0421,0.8823,0.0799,0.0378,1,1.11,13.21,44,1.1,13,30,0.8095,0.8239,0.1458,-0.4842,0.0084,-1,3,3,0.4698,-0.1277,0,0,,,0.0314,-0.0217,,,,,,,,,,,,,,,,,pinnacle
spelad,ED,2019/20,2020-01-19,,Den Haag,Waalwijk,2,0,H,6,6,3,2,0.8356,0.6754,skott,,,,,,,,,,0.4714,0.2538,0.2748,0.4996,0.2398,0.2606,1,2.1,4,3.65,2.1,4.02,3.8,0.6064,0.621,-0.1755,0.8416,-0.3679,-2,,,,,0,0,,,0.0704,-0.0332,,,,,,,,,,,,,,,,,pinnacle
spelad,ED,2019/20,2020-01-19,,FC Emmen,Heracles,1,0,H,13,8,6,1,1.7304,0.6337,skott,,,,,,,,,,0.3488,0.245,0.4062,0.3607,0.2463,0.3931,1,2.9,3.93,2.52,2.82,3.91,2.52,0.6123,0.6167,-0.1896,1.2568,0.1042,-1,3,-2,-0.6031,0.1034,0,0,,,0.0369,-0.0239,,,,,,,,,,,,,,,,,pinnacle
spelad,ED,2019/20,2020-01-19,,VVV Venlo,PSV Eindhoven,1,1,D,12,14,3,5,1.1907,1.6294,skott,,,,,,,,,,0.1322,0.2066,0.6612,0.1377,0.2092,0.6531,1,8.13,4.9,1.46,7.56,4.9,1.49,0.6262,0.6329,0.16,0.3522,0.3853,-1,5,-3,-0.4047,-0.1522,0,0,,,0.0191,0.0041,,,,,,,,,,,,,,,,,pinnacle
spelad,ED,2019/20,2020-01-24,,Utrecht,Den Haag,4,0,H,14,4,4,2,1.4693,0.5571,skott,,,,,,,,,,0.6705,0.1933,0.1362,0.6662,0.1966,0.1372,1,1.46,5,7.65,1.46,5,7.65,0.6329,0.622,0.1002,-0.6618,-0.0033,2,5,1.2,0.1075,-0.0324,0,0,,,-0.0097,-0.0028,,,,,,,,,,,,,,,,,pinnacle
spelad,ED,2019/20,2020-01-25,,Heerenveen,AZ Alkmaar,1,2,A,10,17,2,7,0.9122,2.1273,skott,,,,,,,,,,0.2193,0.2287,0.552,0.2529,0.2503,0.4968,1,4.78,4.2,1.78,4.1,4,2.01,0.6167,0.596,-0.7451,0.702,-0.1484,0,5,-0.6,0.28,-0.2199,0,0,,,0.1226,-0.0105,,,,,,,,,,,,,,,,,pinnacle
spelad,ED,2019/20,2020-01-25,,Heracles,Feyenoord,2,3,A,13,14,7,6,1.8905,1.7896,skott,,,,,,,,,,0.2801,0.2522,0.4677,0.2315,0.2079,0.5605,1,3.6,3.98,2.08,4.75,4.65,1.88,0.6379,0.6518,-0.9961,0.3543,-0.9989,-1,5,-2.4,-0.3238,0.031,0,0,,,-0.1899,0.0057,,,,,,,,,,,,,,,,,pinnacle
spelad,ED,2019/20,2020-01-25,,Sparta Rotterdam,For Sittard,1,1,D,21,12,5,3,2.0438,1.1907,skott,,,,,,,,,,0.6035,0.2226,0.1738,0.5832,0.2286,0.1883,1,1.6,4.5,6,1.69,4.35,5.35,0.669,0.6429,-0.2695,-1.0449,-0.4029,-1,,,,,0,0,,,-0.0552,-0.0059,,,,,,,,,,,,,,,,,pinnacle
spelad,ED,2019/20,2020-01-25,,Waalwijk,VVV Venlo,1,2,A,12,13,4,6,1.3509,1.7304,skott,,,,,,,,,,0.467,0.2687,0.2643,0.4764,0.2533,0.2703,1,2.14,3.8,3.77,2.1,3.85,4,0.5601,0.5797,0.0554,-0.7273,0.2439,0,,,,,0,0,,,0.0128,-0.0112,,,,,,,,,,,,,,,,,pinnacle
spelad,ED,2019/20,2020-01-26,,Groningen,Ajax,2,1,H,9,14,5,3,1.3334,1.3091,skott,,,,,,,,,,0.1175,0.1977,0.6848,0.1665,0.2267,0.6069,1,8.16,5.25,1.45,6.5,4.54,1.58,0.5985,0.6055,-0.1002,0.1622,0.2368,1,5,-3,-0.3373,-0.1237,0,0,,,0.1759,-0.0227,,,,,,,,,,,,,,,,,pinnacle
spelad,ED,2019/20,2020-01-26,,PSV Eindhoven,Twente,1,1,D,17,11,7,3,2.1273,1.1316,skott,,,,,,,,,,0.743,0.1623,0.0947,0.7279,0.1737,0.0984,1,1.31,6.25,11,1.33,6,11,0.694,0.6604,-0.1256,-0.3656,-0.0602,-1,3,2,0.0329,0.1596,0,0,,,-0.0338,0.0014,,,,,,,,,,,,,,,,,pinnacle
spelad,ED,2019/20,2020-01-26,,Vitesse,FC Emmen,1,1,D,19,11,5,3,1.9254,1.1316,skott,,,,,,,,,,0.6721,0.2036,0.1243,0.6518,0.2039,0.1443,1,1.45,4.86,8.39,1.5,4.8,7.01,0.6379,0.6337,-0.4579,-0.159,-0.7187,1,3,0,-0.5413,0.0926,0,0,,,-0.0604,-0.0139,,,,,,,,,,,,,,,,,pinnacle
spelad,ED,2019/20,2020-01-26,,Willem II,Zwolle,0,0,D,13,16,2,5,1.0898,1.7478,skott,,,,,,,,,,0.5864,0.2166,0.1971,0.562,0.2344,0.2036,1,1.71,4.5,4.92,1.77,4.2,4.8,0.6286,0.6064,1.4586,-2.288,1.0637,-1,5,1.8,1.2441,-0.2523,0,0,,,-0.0553,-0.0281,,,,,,,,,,,,,,,,,pinnacle
spelad,ED,2019/20,2020-01-31,,AZ Alkmaar,Waalwijk,4,0,H,20,11,7,2,2.3049,0.9714,skott,,,,,,,,,,0.8608,0.0996,0.0396,0.8742,0.0904,0.0354,1,1.15,10.5,26,1.15,11,28,0.7115,0.7495,0.7344,-0.0223,0.4432,0,,,,,0,0,,,0.031,-0.0313,,,,,,,,,,,,,,,,,pinnacle
spelad,ED,2019/20,2020-02-01,,Den Haag,Vitesse,0,0,D,12,15,6,1,1.6712,1.0481,skott,,,,,,,,,,0.2597,0.2385,0.5018,0.2611,0.2522,0.4866,1,3.85,4.05,2.02,3.8,3.9,2.05,0.622,0.5747,0.1734,0.6452,-0.101,2,5,0.6,0.7658,0.1663,0,0,,,0.018,0.0076,,,,,,,,,,,,,,,,,pinnacle
spelad,ED,2019/20,2020-02-01,,Feyenoord,FC Emmen,3,0,H,13,10,7,4,1.8905,1.2325,skott,,,,,,,,,,0.7596,0.1546,0.0858,0.7488,0.1603,0.0909,1,1.28,6.45,12,1.33,6.9,13,0.6911,0.7002,1.0008,-0.8533,0.475,1,3,2,0.0006,0.166,0,0,,,-0.0268,-0.0055,,,,,,,,,,,,,,,,,pinnacle
spelad,ED,2019/20,2020-02-01,,Twente,Sparta Rotterdam,2,0,H,8,11,3,3,0.954,1.1316,skott,,,,,,,,,,0.4091,0.2627,0.3282,0.4147,0.2749,0.3104,1,2.37,3.76,3.1,2.35,3.75,3.3,0.5833,0.4974,0.0134,0.3387,-0.1637,-1,3,-2,-0.9123,0.0775,0,0,,,0.0289,0.0057,,,,,,,,,,,,,,,,,pinnacle
spelad,ED,2019/20,2020-02-01,,Zwolle,Groningen,1,0,H,6,15,3,3,0.8356,1.3683,skott,,,,,,,,,,0.3701,0.2813,0.3486,0.3835,0.2799,0.3366,1,2.75,3.5,2.76,2.68,3.5,2.96,0.5167,0.4974,-0.6149,1.0521,-0.1168,0,5,0.6,0.5155,-0.252,0,0,,,0.039,-0.0206,,,,,,,,,,,,,,,,,pinnacle
spelad,ED,2019/20,2020-02-02,,Ajax,PSV Eindhoven,1,0,H,28,7,7,1,2.7784,0.5745,skott,,,,,,,,,,0.6933,0.1746,0.1321,0.6847,0.1737,0.1416,1,1.42,5.48,8,1.45,5.58,8,0.6674,0.6861,0.2659,-0.4005,0.0924,0,5,0,-0.2487,-0.0418,0,0,,,-0.0265,-0.0103,,,,,,,,,,,,,,,,,pinnacle
spelad,ED,2019/20,2020-02-02,,For Sittard,Heerenveen,2,1,H,11,7,3,3,1.1316,0.8948,skott,,,,,,,,,,0.2773,0.2644,0.4583,0.2744,0.2535,0.4721,1,3.51,3.9,2.14,3.55,3.9,2.12,0.621,0.6064,0.4499,0.0296,0.4917,0,3,-2,-0.6887,0.0944,0,0,,,-0.0197,0.0049,,,,,,,,,,,,,,,,,pinnacle
spelad,ED,2019/20,2020-02-02,,VVV Venlo,Utrecht,1,1,D,9,13,4,3,1.1733,1.2499,skott,,,,,,,,,,0.2244,0.2468,0.5288,0.2532,0.2621,0.4847,1,4.4,4,1.87,3.81,3.95,2.03,0.5601,0.5685,0.2426,0.1457,0.5347,-1,5,-1.2,0.0995,-0.0099,0,0,,,0.1018,0.0062,,,,,,,,,,,,,,,,,pinnacle
spelad,ED,2019/20,2020-02-02,,Willem II,Heracles,1,0,H,12,12,6,1,1.6712,0.8705,skott,,,,,,,,,,0.494,0.247,0.259,0.5372,0.2472,0.2156,1,1.96,3.9,3.81,1.86,3.9,4.5,0.5772,0.5244,1.3313,-1.2337,1.29,-1,5,0.6,0.4101,-0.2554,0,0,,,0.1297,-0.0251,,,,,,,,,,,,,,,,,pinnacle
spelad,ED,2019/20,2020-02-07,,Heracles,For Sittard,2,0,H,13,13,7,5,1.8905,1.5702,skott,,,,,,,,,,0.5785,0.2244,0.1972,0.5995,0.216,0.1845,1,1.68,4.4,5,1.62,4.6,5.4,0.6295,0.622,-0.6175,-0.3879,-0.9329,0,3,0,-0.1669,0.0949,0,0,,,0.0548,-0.0117,,,,,,,,,,,,,,,,,pinnacle
spelad,ED,2019/20,2020-02-08,,Groningen,Vitesse,1,0,H,15,16,3,2,1.3683,1.2674,skott,,,,,,,,,,0.401,0.2925,0.3065,0.467,0.2863,0.2467,1,2.45,3.38,3.14,2.2,3.4,3.95,0.4704,0.4399,-0.1087,0.2025,-0.1708,0,5,0.6,0.7163,-0.2656,0,0,,,0.1918,-0.0414,,,,,,,,,,,,,,,,,pinnacle
spelad,ED,2019/20,2020-02-08,,Heerenveen,VVV Venlo,1,1,D,30,5,9,2,3.2171,0.6163,skott,,,,,,,,,,0.6443,0.2101,0.1457,0.5783,0.2462,0.1755,1,1.52,4.7,7.02,1.68,4.25,5.55,0.6133,0.5808,-0.83,0.8445,-0.8436,0,5,1.2,0.1309,0.3479,0,0,,,-0.1617,-0.001,,,,,,,,,,,,,,,,,pinnacle
spelad,ED,2019/20,2020-02-08,,PSV Eindhoven,Willem II,3,0,H,20,11,5,1,1.9846,0.8113,skott,,,,,,,,,,0.5926,0.2202,0.1872,0.5708,0.2339,0.1953,1,1.63,4.45,5.3,1.75,4.11,5.5,0.6143,0.5487,-1.2588,1.4523,-1.4047,0,5,0.6,-0.4813,-0.1777,0,0,,,-0.0518,-0.0023,,,,,,,,,,,,,,,,,pinnacle
spelad,ED,2019/20,2020-02-08,,Waalwijk,Zwolle,0,0,D,12,8,1,1,0.8705,0.6337,skott,,,,,,,,,,0.3646,0.2594,0.376,0.3421,0.2557,0.4022,1,2.77,3.75,2.56,2.92,3.76,2.51,0.5975,0.5915,-0.2279,-0.1372,-0.5583,1,,,,,0,0,,,-0.0712,0.0009,,,,,,,,,,,,,,,,,pinnacle
spelad,ED,2019/20,2020-02-11,,FC Emmen,Twente,2,0,H,15,5,5,2,1.6886,0.6163,skott,,,,,,,,,,0.4579,0.2634,0.2787,0.4557,0.2649,0.2795,1,2.19,3.65,3.55,2.2,3.66,3.53,0.5284,0.5487,0.0405,0.0501,0.55,0,,,,,0,0,,,-0.0052,-0.0207,,,,,,,,,,,,,,,,,pinnacle
spelad,ED,2019/20,2020-02-11,,Sparta Rotterdam,Den Haag,4,2,H,21,7,8,4,2.5242,1.0549,skott,,,,,,,,,,0.5043,0.2792,0.2165,0.4999,0.2665,0.2336,1,1.92,3.83,4.45,1.93,3.8,4.37,0.4961,0.518,-0.0616,-0.5538,-0.0815,0,3,1,0.5717,-0.264,0,0,,,-0.026,0.0225,,,,,,,,,,,,,,,,,pinnacle
spelad,ED,2019/20,2020-02-14,,VVV Venlo,Heracles,1,0,H,11,11,1,6,0.8113,1.612,skott,,,,,,,,,,0.3836,0.2624,0.354,0.4057,0.2592,0.3351,1,2.77,3.7,2.78,2.45,3.71,2.98,0.5387,0.545,0.3075,-0.0942,0.5576,-1,5,-1.8,-0.569,-0.2491,0,0,,,0.0632,-0.0021,,,,,,,,,,,,,,,,,pinnacle
spelad,ED,2019/20,2020-02-15,,Den Haag,PSV Eindhoven,0,3,A,7,27,4,14,1.0549,3.8402,skott,,,,,,,,,,0.1836,0.2238,0.5926,0.1806,0.2311,0.5883,1,5.25,4.4,1.65,5.5,4.25,1.7,0.6216,0.5854,0.0312,1.2615,0.1908,-3,5,-2.4,-0.2703,0.0544,0,0,,,-0.0016,0.0164,,,,,,,,,,,,,,,,,pinnacle
spelad,ED,2019/20,2020-02-15,,For Sittard,FC Emmen,0,0,D,10,7,2,0,0.9122,0.4144,skott,,,,,,,,,,0.4222,0.2481,0.3297,0.4107,0.2556,0.3337,1,2.28,3.88,3.18,2.4,3.77,2.98,0.607,0.5879,0.2803,-0.0179,0.0717,4,3,0,0.1128,0.0895,0,0,,,-0.027,0.0001,,,,,,,,,,,,,,,,,pinnacle
spelad,ED,2019/20,2020-02-15,,Twente,AZ Alkmaar,2,0,H,10,5,6,2,1.5528,0.6163,skott,,,,,,,,,,0.1624,0.202,0.6356,0.1739,0.2259,0.6001,1,6.5,4.76,1.51,5.75,4.5,1.62,0.5955,0.5833,-0.6799,0.7789,-0.5072,-7,3,-3,-0.6508,-0.1921,0,0,,,0.0586,0.0188,,,,,,,,,,,,,,,,,pinnacle
spelad,ED,2019/20,2020-02-16,,Ajax,Waalwijk,3,0,H,18,11,6,3,2.0263,1.1316,skott,,,,,,,,,,0.9207,0.0583,0.021,0.9227,0.0557,0.0215,1,1.06,16.53,55,1.05,18.52,45,0.8259,0.8245,0.0537,-0.0854,-0.3303,6,,,,,0,0,,,0.0035,-0.0243,,,,,,,,,,,,,,,,,pinnacle
spelad,ED,2019/20,2020-02-16,,Sparta Rotterdam,Groningen,1,2,A,9,7,2,3,0.853,0.8948,skott,,,,,,,,,,0.3644,0.2933,0.3423,0.3592,0.3188,0.322,1,2.64,3.38,2.95,2.69,3.34,3,0.4651,0.445,-0.3125,0.5036,-0.1902,-3,3,-1,-0.2023,-0.2483,0,0,,,0.01,0.0079,,,,,,,,,,,,,,,,,pinnacle
spelad,ED,2019/20,2020-02-16,,Vitesse,Heerenveen,4,2,H,19,12,8,7,2.4058,1.8313,skott,,,,,,,,,,0.4623,0.2771,0.2606,0.4838,0.2588,0.2574,1,2.12,3.82,3.8,2,3.8,3.8,0.5787,0.5808,0.505,-1.0866,0.4419,0,5,0,-0.2296,0.3328,0,0,,,0.0462,-0.0075,,,,,,,,,,,,,,,,,pinnacle
spelad,ED,2019/20,2020-02-16,,Willem II,Utrecht,1,1,D,11,18,5,9,1.4518,2.5068,skott,,,,,,,,,,0.3619,0.272,0.3661,0.2956,0.2664,0.438,1,2.66,3.6,2.78,3.35,3.65,2.4,0.5438,0.5345,1.0101,-1.1073,1.1597,-6,5,-0.6,0.362,-0.2404,0,0,,,-0.2047,0.0229,,,,,,,,,,,,,,,,,pinnacle
spelad,ED,2019/20,2020-02-16,,Zwolle,Feyenoord,3,4,A,9,20,3,10,1.0132,2.7853,skott,,,,,,,,,,0.2127,0.2295,0.5578,0.2699,0.2577,0.4724,1,4.51,4.25,1.75,3.68,4,2.05,0.6394,0.6304,-1.1701,1.583,-0.5528,-7,5,-1.2,0.2289,0.0165,0,0,,,0.1998,-0.0002,,,,,,,,,,,,,,,,,pinnacle
spelad,ED,2019/20,2020-02-21,,Waalwijk,Sparta Rotterdam,0,1,A,8,18,2,4,0.7938,1.7061,skott,,,,,,,,,,0.3553,0.2743,0.3703,0.3485,0.2871,0.3644,1,2.85,3.68,2.69,2.95,3.66,2.69,0.555,0.5524,-0.0486,0.316,-0.2033,0,,,,,0,0,,,-0.0076,0.0096,,,,,,,,,,,,,,,,,pinnacle
spelad,ED,2019/20,2020-02-22,,FC Emmen,Willem II,4,2,H,14,12,7,4,1.9497,1.3509,skott,,,,,,,,,,0.3603,0.2725,0.3672,0.4205,0.269,0.3106,1,2.75,3.55,2.75,2.5,3.58,3.1,0.5337,0.5155,-0.8945,1.3618,-0.3709,1,3,-1,-0.1171,-0.2615,0,0,,,0.1769,-0.0402,,,,,,,,,,,,,,,,,pinnacle
spelad,ED,2019/20,2020-02-22,,Feyenoord,For Sittard,2,1,H,22,8,6,4,2.2631,1.1141,skott,,,,,,,,,,0.7674,0.149,0.0836,0.7822,0.1398,0.078,1,1.26,7.1,13.5,1.25,7.1,13.5,0.72,0.6947,1.2155,-1.5002,0.7712,-1,3,-1,-1.3848,-0.1467,0,0,,,0.0352,-0.0281,,,,,,,,,,,,,,,,,pinnacle
spelad,ED,2019/20,2020-02-22,,Groningen,VVV Venlo,0,1,A,12,9,3,1,1.1907,0.6929,skott,,,,,,,,,,0.6034,0.2448,0.1518,0.5688,0.2605,0.1707,1,1.68,3.95,7,1.72,3.8,6.25,0.4767,0.4075,-0.2078,0.4315,-0.1073,-2,5,0,-0.3584,0.3316,0,0,,,-0.0882,0.0052,,,,,,,,,,,,,,,,,pinnacle
spelad,ED,2019/20,2020-02-22,,Heerenveen,Den Haag,2,2,D,38,4,9,1,3.6906,0.3969,skott,,,,,,,,,,0.6398,0.2046,0.1555,0.6564,0.1964,0.1472,1,1.56,4.7,6.5,1.5,5.2,7.5,0.5894,0.621,-0.8371,0.5625,-0.5812,-1,5,1.8,0.6283,0.1433,0,0,,,0.0415,-0.0093,,,,,,,,,,,,,,,,,pinnacle
spelad,ED,2019/20,2020-02-23,,AZ Alkmaar,Zwolle,2,0,H,17,9,9,1,2.4476,0.6929,skott,,,,,,,,,,0.7496,0.1695,0.0808,0.7105,0.1738,0.1157,1,1.33,6,11.91,1.42,5.8,9.2,0.6548,0.6493,0.3793,-0.3032,-0.3199,1,5,1.2,-0.207,0.3871,0,0,,,-0.1131,-0.0288,,,,,,,,,,,,,,,,,pinnacle
spelad,ED,2019/20,2020-02-23,,Heracles,Ajax,1,0,H,12,26,6,5,1.6712,2.3397,skott,,,,,,,,,,0.1269,0.1739,0.6993,0.1349,0.1789,0.6862,1,9.5,6,1.37,8.38,5.5,1.41,0.7342,0.7009,-0.4329,0.1866,-0.0931,2,5,0,1.1126,0.0964,0,0,,,0.0291,-0.0125,,,,,,,,,,,,,,,,,pinnacle
spelad,ED,2019/20,2020-02-23,,Utrecht,Twente,2,1,H,13,13,4,2,1.4101,1.0898,skott,,,,,,,,,,0.6716,0.1976,0.1308,0.6583,0.204,0.1377,1,1.49,4.95,7.9,1.5,5,7.58,0.606,0.6176,-0.0961,-0.4043,-0.2132,-1,3,-1,-0.88,-0.2388,0,0,,,-0.0335,-0.0108,,,,,,,,,,,,,,,,,pinnacle
spelad,ED,2019/20,2020-02-23,,Vitesse,PSV Eindhoven,1,2,A,15,10,4,3,1.5285,1.0724,skott,,,,,,,,,,0.2837,0.2627,0.4536,0.3134,0.2665,0.4201,1,3.6,3.8,2.24,3.25,3.7,2.29,0.5823,0.5783,0.3612,-0.2605,0.3986,-1,5,-2.4,-0.4771,-0.0121,0,0,,,0.0929,-0.0172,,,,,,,,,,,,,,,,,pinnacle
spelad,ED,2019/20,2020-02-28,,Willem II,Groningen,3,1,H,9,16,4,3,1.1733,1.4275,skott,,,,,,,,,,0.4008,0.3103,0.2889,0.3953,0.318,0.2867,1,2.4,3.2,3.4,2.48,3.2,3.45,0.4095,0.378,0.1904,-0.2547,-0.0733,0,5,0,0.1958,-0.0647,0,0,,,-0.009,0.0061,,,,,,,,,,,,,,,,,pinnacle
spelad,ED,2019/20,2020-02-29,,Den Haag,Heracles,0,0,D,9,12,4,3,1.1733,1.1907,skott,,,,,,,,,,0.3196,0.2621,0.4183,0.2897,0.2732,0.4371,1,3.01,3.75,2.41,3.32,3.75,2.28,0.5627,0.5575,0.2362,0.1697,0.1612,1,5,0,0.2053,-0.0401,0,0,,,-0.0787,0.0276,,,,,,,,,,,,,,,,,pinnacle
spelad,ED,2019/20,2020-02-29,,Twente,Heerenveen,2,3,A,14,20,8,11,2.1098,2.9454,skott,,,,,,,,,,0.3783,0.2549,0.3668,0.3877,0.2664,0.3459,1,2.62,3.83,2.68,2.59,3.75,2.91,0.5725,0.5587,1.3067,-1.5069,1.0907,-1,3,-2,-0.7783,0.078,0,0,,,0.0397,-0.0005,,,,,,,,,,,,,,,,,pinnacle
spelad,ED,2019/20,2020-02-29,,VVV Venlo,For Sittard,0,0,D,13,7,3,2,1.2499,0.7346,skott,,,,,,,,,,0.4938,0.2548,0.2514,0.4336,0.2774,0.289,1,2,3.85,4,2.26,3.6,3.45,0.5311,0.5026,0.7264,-0.8758,0.3982,0,3,0,0.0337,0.0639,0,0,,,-0.1581,0.0129,,,,,,,,,,,,,,,,,pinnacle
spelad,ED,2019/20,2020-02-29,,Zwolle,Vitesse,4,3,H,15,15,7,7,2.0089,2.0089,skott,,,,,,,,,,0.3657,0.2511,0.3832,0.3063,0.2565,0.4372,1,2.75,3.85,2.55,3.15,3.85,2.35,0.5894,0.5925,0.0696,0.3276,-0.0406,0,5,-2.4,-0.7323,-0.0375,0,0,,,-0.1728,0.0309,,,,,,,,,,,,,,,,,pinnacle
spelad,ED,2019/20,2020-03-01,,Ajax,AZ Alkmaar,0,2,A,17,11,4,5,1.6469,1.4518,skott,,,,,,,,,,0.6311,0.205,0.164,0.6755,0.1877,0.1368,1,1.57,4.85,6.5,1.45,5.5,7.5,0.6548,0.6861,-0.756,0.5835,-0.6468,0,5,0.6,-0.1337,-0.2065,0,0,,,0.1159,-0.0132,,,,,,,,,,,,,,,,,pinnacle
spelad,ED,2019/20,2020-03-01,,PSV Eindhoven,Feyenoord,1,1,D,12,13,2,6,1.0306,1.7304,skott,,,,,,,,,,0.512,0.2431,0.2449,0.4941,0.2477,0.2583,1,1.93,4.05,3.93,1.95,4,4.2,0.6158,0.6143,-1.0077,0.5718,-0.9435,-1,5,0,-0.1374,-0.0505,0,0,,,-0.0493,0.006,,,,,,,,,,,,,,,,,pinnacle
spelad,ED,2019/20,2020-03-01,,Sparta Rotterdam,FC Emmen,5,1,H,12,12,7,3,1.8313,1.1907,skott,,,,,,,,,,0.484,0.2639,0.2521,0.4703,0.2649,0.2649,1,2,3.84,4.2,2.11,3.73,3.9,0.5615,0.5487,-0.5105,0.2178,-0.6482,1,,,,,0,0,,,-0.0401,0.0126,,,,,,,,,,,,,,,,,pinnacle
spelad,ED,2019/20,2020-03-01,,Waalwijk,Utrecht,2,1,H,14,12,5,2,1.6294,1.0306,skott,,,,,,,,,,0.1978,0.2206,0.5816,0.1891,0.2117,0.5992,1,5.05,4.5,1.75,5.5,4.65,1.65,0.6095,0.6167,-0.8567,1.1244,-0.727,2,,,,,0,0,,,-0.0352,0.0021,,,,,,,,,,,,,,,,,pinnacle
spelad,ED,2019/20,2020-03-06,,For Sittard,Zwolle,1,1,D,9,13,2,5,0.853,1.5702,skott,,,,,,,,,,0.4149,0.2727,0.3125,0.4434,0.2651,0.2916,1,2.41,3.8,3.08,2.36,4,3.45,0.555,0.5638,-0.3033,0.131,-0.1525,0,3,-1,0.0509,-0.223,0,0,,,0.078,-0.0053,,,,,,,,,,,,,,,,,pinnacle
spelad,ED,2019/20,2020-03-07,,AZ Alkmaar,Den Haag,4,0,H,16,6,8,1,2.2282,0.5153,skott,,,,,,,,,,0.821,0.1202,0.0588,0.8431,0.1107,0.0462,1,1.17,8.6,25,1.2,8.85,21.85,0.7074,0.7137,0.4183,-0.3169,0.1224,-1,5,1.8,0.2929,-0.2019,0,0,,,0.0568,-0.0383,,,,,,,,,,,,,,,,,pinnacle
spelad,ED,2019/20,2020-03-07,,FC Emmen,VVV Venlo,3,0,H,17,8,7,0,2.1273,0.4736,skott,,,,,,,,,,0.5021,0.2678,0.2301,0.4792,0.28,0.2408,1,2.02,3.74,4.19,2.04,3.75,4.24,0.5297,0.4897,-0.606,1.1267,-0.3426,-1,3,0,0.1643,0.0591,0,0,,,-0.0565,0.0076,,,,,,,,,,,,,,,,,pinnacle
spelad,ED,2019/20,2020-03-07,,Heerenveen,Ajax,1,3,A,8,14,5,7,1.2743,1.9497,skott,,,,,,,,,,0.178,0.2,0.622,0.1682,0.175,0.6568,1,5.75,5,1.56,7.16,5.55,1.48,0.694,0.751,-0.5777,1.0198,0.1172,1,5,-2.4,-0.2145,0.0607,0,0,,,-0.0544,-0.0124,,,,,,,,,,,,,,,,,pinnacle
spelad,ED,2019/20,2020-03-07,,Vitesse,Twente,1,0,H,9,8,2,2,0.853,0.7938,skott,,,,,,,,,,0.5759,0.234,0.1901,0.5049,0.2479,0.2473,1,1.67,4.46,5.25,1.96,4.11,4.7,0.5965,0.5854,-0.21,0.0707,-0.2368,0,3,2,0.7697,0.0858,0,0,,,-0.1993,0.028,,,,,,,,,,,,,,,,,pinnacle
spelad,ED,2019/20,2020-03-08,,Feyenoord,Willem II,2,0,H,12,3,3,0,1.1907,0.1776,skott,,,,,,,,,,0.6356,0.2133,0.1511,0.6626,0.2002,0.1373,1,1.59,4.75,6.72,1.49,4.9,7.76,0.6344,0.6295,0.7232,-0.5224,0.8515,-2,5,1.2,-0.1686,0.0026,0,0,,,0.0679,-0.013,,,,,,,,,,,,,,,,,pinnacle
spelad,ED,2019/20,2020-03-08,,Groningen,PSV Eindhoven,0,1,A,13,7,4,2,1.4101,0.7346,skott,,,,,,,,,,0.282,0.2828,0.4351,0.3046,0.2961,0.3993,1,3.41,3.44,2.35,3.32,3.44,2.41,0.487,0.4513,-0.1741,0.805,0.1397,2,5,-1.8,-0.0616,0.2333,0,0,,,0.0809,-0.0117,,,,,,,,,,,,,,,,,pinnacle
spelad,ED,2019/20,2020-03-08,,Heracles,Waalwijk,4,2,H,23,11,10,4,2.9629,1.2917,skott,,,,,,,,,,0.6412,0.2073,0.1515,0.6525,0.2028,0.1447,1,1.57,4.74,6.75,1.55,4.95,7.2,0.6353,0.6176,0.1455,-0.7818,-0.0996,1,,,,,0,0,,,0.0294,-0.0268,,,,,,,,,,,,,,,,,pinnacle
spelad,ED,2019/20,2020-03-08,,Utrecht,Sparta Rotterdam,5,1,H,15,7,6,1,1.8488,0.5745,skott,,,,,,,,,,0.5955,0.2327,0.1718,0.5791,0.2391,0.1817,1,1.64,4.31,6.13,1.72,4.2,5.3,0.593,0.602,0.0543,-0.1544,-0.6015,0,3,3,1.2389,-0.2453,0,0,,,-0.0426,-0.0198,,,,,,,,,,,,,,,,,pinnacle
spelad,ED,2020/21,2020-09-12,,Heerenveen,Willem II,2,0,H,13,10,7,5,1.8905,1.3926,skott,,,,,,,,,,0.367,0.2714,0.3616,0.4624,0.2625,0.2751,1,2.64,3.75,2.78,2.3,3.75,3.65,0.5714,0.5768,-1.1887,1.4698,-0.8677,,5,1.8,0.6852,-0.2448,0,0,,,0.2773,0.0136,,,,,,,,,,,,,,,,,pinnacle
spelad,ED,2020/21,2020-09-12,,Twente,For Sittard,2,0,H,14,2,5,0,1.6294,0.1184,skott,,,,,,,,,,0.5059,0.2584,0.2357,0.5135,0.2445,0.242,1,1.98,3.85,4.25,1.94,4,4.2,0.5538,0.5649,0.012,-0.1587,0.1468,,,,,,0,0,,,0.0088,0.0033,,,,,,,,,,,,,,,,,pinnacle
spelad,ED,2020/21,2020-09-12,,Zwolle,Feyenoord,0,2,A,17,13,5,6,1.807,1.7304,skott,,,,,,,,,,0.2246,0.2278,0.5475,0.1834,0.21,0.6065,1,4.5,4.23,1.78,5.75,4.68,1.62,0.6045,0.6204,-0.7827,0.3311,-0.7289,,6,-1.5,0.0129,-0.0292,0,0,,,-0.1413,0.0088,,,,,,,,,,,,,,,,,pinnacle
spelad,ED,2020/21,2020-09-13,,FC Emmen,VVV Venlo,3,5,A,15,14,5,7,1.6886,1.9497,skott,,,,,,,,,,0.5057,0.261,0.2333,0.4953,0.2596,0.2451,1,1.98,3.7,4.2,2.04,3.74,4,0.513,0.5373,-0.3819,0.7506,-0.0354,,4,0.75,0.4438,-0.0257,0,0,,,-0.0326,-0.022,,,,,,,,,,,,,,,,,pinnacle
spelad,ED,2020/21,2020-09-13,,Groningen,PSV Eindhoven,1,3,A,14,16,2,6,1.149,1.9079,skott,,,,,,,,,,0.271,0.2853,0.4437,0.2906,0.2805,0.4289,1,3.75,3.51,2.18,3.45,3.5,2.32,0.4883,0.4961,-0.7562,1.2486,-0.2449,,6,-2,-0.2529,0.1451,0,0,,,0.0542,-0.0075,,,,,,,,,,,,,,,,,pinnacle
spelad,ED,2020/21,2020-09-13,,Heracles,Den Haag,2,0,H,22,8,5,1,2.103,0.6337,skott,,,,,,,,,,0.5574,0.2405,0.2022,0.5885,0.2368,0.1746,1,1.82,4.01,4.77,1.76,4.3,5.58,0.5663,0.5819,-0.0632,-0.281,0.0403,,6,0,-0.2351,0.0877,0,0,,,0.0898,-0.027,,,,,,,,,,,,,,,,,pinnacle
spelad,ED,2020/21,2020-09-13,,Sparta Rotterdam,Ajax,0,1,A,14,9,3,4,1.3091,1.1733,skott,,,,,,,,,,0.1002,0.146,0.7538,0.1177,0.1742,0.7081,1,10.5,7,1.29,8.3,5.93,1.43,0.7312,0.7471,-0.2849,0.4683,0.4776,,4,-3,-0.3049,-0.1158,0,0,,,0.0808,0.0409,,,,,,,,,,,,,,,,,pinnacle
spelad,ED,2020/21,2020-09-13,,Waalwijk,Vitesse,0,1,A,7,17,3,6,0.8948,1.9671,skott,,,,,,,,,,0.2006,0.2288,0.5706,0.2295,0.2311,0.5393,1,4.95,4.33,1.74,4.75,4.32,1.82,0.6344,0.6331,-0.338,0.8339,-0.1554,,,,,,0,0,,,0.0892,-0.0223,,,,,,,,,,,,,,,,,pinnacle
spelad,ED,2020/21,2020-09-18,,VVV Venlo,Utrecht,1,1,D,9,26,3,8,1.0132,2.8202,skott,,,,,,,,,,0.2213,0.2478,0.5309,0.2258,0.2465,0.5277,1,4.5,4,1.85,4.33,4,1.87,0.5649,0.5829,0.8945,-0.2511,1.1238,,6,-1,0.0793,0.1147,0,0,,,0.0122,0.0127,,,,,,,,,,,,,,,,,pinnacle
spelad,ED,2020/21,2020-09-19,,AZ Alkmaar,Zwolle,1,1,D,13,14,3,4,1.2499,1.4693,skott,,,,,,,,,,0.7065,0.1813,0.1122,0.7493,0.1572,0.0936,1,1.4,5.6,9.94,1.31,6.42,10.6,0.6268,0.6478,0.2821,-0.2916,-0.2464,,6,1.5,-0.0567,0.2936,0,0,,,0.1043,-0.0329,,,,,,,,,,,,,,,,,pinnacle
spelad,ED,2020/21,2020-09-19,,For Sittard,Heerenveen,1,3,A,25,10,7,5,2.6008,1.3926,skott,,,,,,,,,,0.2854,0.2544,0.4602,0.2926,0.2597,0.4477,1,3.4,3.8,2.19,3.4,3.8,2.21,0.5848,0.589,0.4713,-0.9822,0.2849,0,4,-0.75,-0.0357,0.0074,0,0,,,0.0269,-0.0042,,,,,,,,,,,,,,,,,pinnacle
spelad,ED,2020/21,2020-09-19,,PSV Eindhoven,FC Emmen,2,1,H,21,7,5,2,2.0438,0.7346,skott,,,,,,,,,,0.8183,0.1248,0.0569,0.7866,0.1331,0.0803,1,1.21,8,17,1.25,7.5,16,0.6833,0.6993,0.6857,-1.2244,0.3494,0,3,1,-0.7594,0.5239,0,0,,,-0.0867,-0.0134,,,,,,,,,,,,,,,,,pinnacle
spelad,ED,2020/21,2020-09-19,,Vitesse,Sparta Rotterdam,2,0,H,26,2,9,1,2.9803,0.2785,skott,,,,,,,,,,0.5611,0.2334,0.2055,0.5423,0.2439,0.2138,1,1.76,4.2,5,1.82,4.1,4.8,0.6104,0.59,0.1676,-0.3301,-0.16,0,3,1,0.312,-0.2413,0,0,,,-0.046,0.0007,,,,,,,,,,,,,,,,,pinnacle
spelad,ED,2020/21,2020-09-20,,Ajax,Waalwijk,3,0,H,23,6,10,3,2.9629,0.8356,skott,,,,,,,,,,0.9124,0.0646,0.023,0.9135,0.0613,0.0252,1,1.1,15,42.06,1.1,15.8,41,0.8278,0.8528,0.627,-0.5872,-0.0965,0,,,,,0,0,,,-0.0001,-0.0357,,,,,,,,,,,,,,,,,pinnacle
spelad,ED,2020/21,2020-09-20,,Den Haag,Groningen,0,1,A,6,13,0,6,0.3552,1.7304,skott,,,,,,,,,,0.27,0.2746,0.4555,0.304,0.2748,0.4212,1,3.6,3.55,2.2,3.56,3.54,2.32,0.5,0.4351,0.0477,-0.1757,-0.2099,0,5,-0.6,-0.2323,0.1455,0,0,,,0.1024,-0.0218,,,,,,,,,,,,,,,,,pinnacle
spelad,ED,2020/21,2020-09-20,,Feyenoord,Twente,1,1,D,18,10,5,3,1.8662,1.0724,skott,,,,,,,,,,0.6714,0.1947,0.1339,0.7027,0.1796,0.1177,1,1.46,5.1,7.5,1.42,5.5,8.24,0.6485,0.642,0.9738,-0.5216,0.608,0,3,3,0.7324,-0.1822,0,0,,,0.0789,-0.0349,,,,,,,,,,,,,,,,,pinnacle
spelad,ED,2020/21,2020-09-20,,Willem II,Heracles,4,0,H,19,7,5,2,1.9254,0.7346,skott,,,,,,,,,,0.4367,0.2722,0.2911,0.4813,0.2545,0.2642,1,2.2,3.6,3.5,2.21,3.82,3.84,0.5233,0.5193,-0.034,0.33,-0.4687,1,6,1,0.5319,-0.254,0,0,,,0.1161,-0.0496,,,,,,,,,,,,,,,,,pinnacle
spelad,ED,2020/21,2020-09-25,,Twente,Groningen,3,1,H,7,11,7,5,1.5353,1.4518,skott,,,,,,,,,,0.4272,0.2759,0.2969,0.427,0.2798,0.2932,1,2.34,3.53,3.34,2.34,3.5,3.4,0.4439,0.4413,0.4132,-1.0663,0.4479,0,4,0,-0.0626,0.2296,0,0,,,0.0034,-0.011,,,,,,,,,,,,,,,,,pinnacle
spelad,ED,2020/21,2020-09-26,,Ajax,Vitesse,2,1,H,18,24,4,5,1.7061,2.2214,skott,,,,,,,,,,0.7469,0.1539,0.0992,0.7126,0.1734,0.114,1,1.33,6.76,10.49,1.4,6,9,0.7218,0.7258,0.0629,-0.0669,-0.5113,-1,5,0,-0.848,0.0193,0,0,,,-0.0835,-0.0262,,,,,,,,,,,,,,,,,pinnacle
spelad,ED,2020/21,2020-09-26,,For Sittard,AZ Alkmaar,3,3,D,13,12,5,4,1.5702,1.3509,skott,,,,,,,,,,0.1596,0.2064,0.634,0.168,0.2145,0.6175,1,6.5,4.8,1.57,6,4.7,1.58,0.6377,0.6059,-0.7372,1.0734,-0.2273,0,3,-3,-0.5461,-0.157,0,0,,,0.0335,0.0034,,,,,,,,,,,,,,,,,pinnacle
spelad,ED,2020/21,2020-09-26,,Heerenveen,VVV Venlo,1,0,H,16,13,8,2,2.2282,1.0898,skott,,,,,,,,,,0.5962,0.2194,0.1844,0.6139,0.2141,0.172,1,1.67,4.5,5.5,1.62,4.55,6.5,0.6123,0.6346,-0.9503,1.5242,-0.6926,-1,6,1,-0.0545,0.4155,0,0,,,0.0478,-0.0174,,,,,,,,,,,,,,,,,pinnacle
spelad,ED,2020/21,2020-09-26,,Zwolle,Sparta Rotterdam,4,0,H,20,9,8,2,2.465,0.853,skott,,,,,,,,,,0.4502,0.2533,0.2965,0.407,0.2687,0.3243,1,2.21,3.84,3.33,2.47,3.7,3.1,0.5615,0.5524,0.221,-0.3251,0.2034,0,3,1,0.1826,0.4027,0,0,,,-0.1142,-0.0107,,,,,,,,,,,,,,,,,pinnacle
spelad,ED,2020/21,2020-09-27,,FC Emmen,Willem II,1,1,D,10,14,2,2,0.9122,1.149,skott,,,,,,,,,,0.3552,0.2734,0.3714,0.3685,0.2601,0.3713,1,2.75,3.6,2.67,2.85,3.75,2.62,0.5284,0.5804,-0.2038,0.4449,0.0232,1,4,0,0.2796,-0.2634,0,0,,,0.0268,-0.0493,,,,,,,,,,,,,,,,,pinnacle
spelad,ED,2020/21,2020-09-27,,Feyenoord,Den Haag,4,2,H,24,11,12,5,3.3423,1.4518,skott,,,,,,,,,,0.7698,0.1451,0.085,0.8152,0.1169,0.0679,1,1.26,7,13,1.22,9.5,23,0.7188,0.7425,0.9323,-0.574,0.971,0,5,0.6,-0.7819,0.2413,0,0,,,0.1078,0.0296,,,,,,,,,,,,,,,,,pinnacle
spelad,ED,2020/21,2020-09-27,,Heracles,PSV Eindhoven,1,1,D,9,9,2,2,0.853,0.853,skott,,,,,,,,,,0.2166,0.2321,0.5513,0.1766,0.2072,0.6163,1,4.48,4.2,1.85,5.78,4.88,1.62,0.601,0.6059,-0.7464,1.0784,-0.5249,-1,5,-3,-0.4255,-0.1373,0,0,,,-0.145,0.0097,,,,,,,,,,,,,,,,,pinnacle
spelad,ED,2020/21,2020-09-27,,Utrecht,Waalwijk,3,1,H,12,12,7,4,1.8313,1.3509,skott,,,,,,,,,,0.7458,0.1571,0.0971,0.7573,0.1501,0.0926,1,1.33,6.5,10,1.3,7,12,0.7143,0.7075,0.2566,-1.12,-0.0765,2,,,,,0,0,,,0.0275,0.0006,,,,,,,,,,,,,,,,,pinnacle
spelad,ED,2020/21,2020-10-02,,Utrecht,Heerenveen,1,1,D,38,10,6,3,3.2102,1.0724,skott,,,,,,,,,,0.5729,0.2109,0.2161,0.6123,0.2045,0.1832,1,1.74,4.59,4.8,1.61,4.78,5.28,0.6589,0.6667,0.0742,-1.0727,-0.3048,-1,5,1.8,0.5795,0.1482,0,0,,,0.1116,-0.0289,,,,,,,,,,,,,,,,,pinnacle
spelad,ED,2020/21,2020-10-03,,Twente,FC Emmen,1,1,D,17,7,7,2,2.1273,0.7346,skott,,,,,,,,,,0.5275,0.2457,0.2268,0.498,0.2542,0.2477,1,1.94,3.95,4.28,1.99,4,4,0.5736,0.591,-0.094,-0.2412,0.1144,2,,,,,0,0,,,-0.0799,-0.0099,,,,,,,,,,,,,,,,,pinnacle
spelad,ED,2020/21,2020-10-03,,Vitesse,Heracles,3,0,H,15,3,7,0,2.0089,0.1776,skott,,,,,,,,,,0.5734,0.2335,0.193,0.6032,0.2227,0.174,1,1.75,4.33,5.02,1.66,4.36,5.58,0.602,0.5747,-0.4463,0.3573,-0.2644,1,5,0,-0.5703,0.3677,0,0,,,0.0786,-0.0455,,,,,,,,,,,,,,,,,pinnacle
spelad,ED,2020/21,2020-10-03,,VVV Venlo,Den Haag,1,2,A,10,15,3,5,1.0724,1.6886,skott,,,,,,,,,,0.4982,0.2577,0.2441,0.4344,0.2681,0.2976,1,2.05,3.8,3.98,2.3,3.68,3.5,0.5501,0.555,0.9059,-0.9636,0.9734,1,5,0,0.1078,-0.0709,0,0,,,-0.1811,0.0119,,,,,,,,,,,,,,,,,pinnacle
spelad,ED,2020/21,2020-10-04,,Groningen,Ajax,1,0,H,11,19,3,3,1.1316,1.6051,skott,,,,,,,,,,0.1387,0.1891,0.6722,0.1485,0.204,0.6475,1,7.35,5.12,1.45,7,4.9,1.53,0.6403,0.6195,-0.8744,1.1236,-0.1396,1,6,-2,0.0979,-0.1409,0,0,,,0.0444,0.0153,,,,,,,,,,,,,,,,,pinnacle
spelad,ED,2020/21,2020-10-04,,PSV Eindhoven,For Sittard,2,0,H,9,16,5,5,1.3334,1.7478,skott,,,,,,,,,,0.804,0.1324,0.0637,0.8222,0.1218,0.056,1,1.24,8,15.28,1.2,8.76,19,0.6854,0.7093,1.5387,-1.4397,1.1735,-1,3,3,0.4392,-0.1229,0,0,,,0.0441,-0.0179,,,,,,,,,,,,,,,,,pinnacle
spelad,ED,2020/21,2020-10-04,,Sparta Rotterdam,AZ Alkmaar,4,4,D,17,15,7,6,2.1273,1.8488,skott,,,,,,,,,,0.1994,0.2307,0.5699,0.2026,0.2128,0.5846,1,5,4.2,1.73,5.5,4.56,1.72,0.5915,0.6059,-0.5406,1.1353,-0.1452,0,4,-1.5,0.0456,-0.2027,0,0,,,-0.0082,-0.0144,,,,,,,,,,,,,,,,,pinnacle
spelad,ED,2020/21,2020-10-04,,Willem II,Feyenoord,1,4,A,6,16,3,8,0.8356,2.2282,skott,,,,,,,,,,0.2267,0.2283,0.545,0.2724,0.2487,0.479,1,4.28,4.25,1.87,3.76,4.1,2.03,0.6079,0.6015,-0.6252,0.3669,-0.5989,0,6,-1.5,0.0363,-0.0312,0,0,,,0.1574,-0.0104,,,,,,,,,,,,,,,,,pinnacle
spelad,ED,2020/21,2020-10-17,,AZ Alkmaar,VVV Venlo,2,2,D,20,11,7,4,2.3049,1.2917,skott,,,,,,,,,,0.7728,0.1482,0.079,0.7445,0.1594,0.0961,1,1.26,6.53,12.25,1.35,6.09,11.5,0.6743,0.6735,-0.1423,-0.2888,-0.459,-1,5,1.8,-0.017,0.2137,0,0,,,-0.0737,-0.0449,,,,,,,,,,,,,,,,,pinnacle
spelad,ED,2020/21,2020-10-17,,Heracles,Waalwijk,0,1,A,24,5,6,1,2.3815,0.4561,skott,,,,,,,,,,0.6216,0.2184,0.16,0.5767,0.2202,0.2031,1,1.6,4.55,6.06,1.73,4.5,5.75,0.598,0.597,0.4326,-0.1762,0.3139,-6,,,,,0,0,,,-0.1329,0.0357,,,,,,,,,,,,,,,,,pinnacle
spelad,ED,2020/21,2020-10-17,,Willem II,Twente,0,3,A,18,16,9,8,2.5068,2.2282,skott,,,,,,,,,,0.4649,0.2753,0.2598,0.3757,0.2853,0.339,1,2.12,3.68,3.77,2.6,3.58,2.97,0.5296,0.5398,0.0879,0.0876,-0.4106,-1,3,2,1.0881,0.0768,0,0,,,-0.2577,-0.0022,,,,,,,,,,,,,,,,,pinnacle
spelad,ED,2020/21,2020-10-18,,Ajax,Heerenveen,5,1,H,16,9,5,5,1.7478,1.3334,skott,,,,,,,,,,0.7903,0.1296,0.0801,0.8148,0.1154,0.0698,1,1.24,7.74,17,1.23,8.46,14,0.7655,0.7725,-0.1243,-0.0983,-0.842,-2,6,2.5,0.2706,0.0214,0,0,,,0.0593,-0.0572,,,,,,,,,,,,,,,,,pinnacle
spelad,ED,2020/21,2020-10-18,,Den Haag,Vitesse,0,2,A,11,20,4,8,1.2917,2.465,skott,,,,,,,,,,0.182,0.2311,0.5869,0.1709,0.2169,0.6122,1,5.32,4.25,1.76,5.66,4.46,1.74,0.59,0.5945,0.0084,-0.2673,-0.4646,0,6,0.5,0.6322,0.2633,0,0,,,-0.0476,0.0801,,,,,,,,,,,,,,,,,pinnacle
spelad,ED,2020/21,2020-10-18,,FC Emmen,For Sittard,2,2,D,17,15,8,5,2.2874,1.6886,skott,,,,,,,,,,0.4811,0.2436,0.2753,0.4961,0.2474,0.2565,1,2.11,4,3.55,2.01,4.01,3.83,0.6074,0.6289,0.6602,-0.6916,0.3339,1,4,0,-0.2159,0.2532,0,0,,,0.0487,-0.0306,,,,,,,,,,,,,,,,,pinnacle
spelad,ED,2020/21,2020-10-18,,Feyenoord,Sparta Rotterdam,1,1,D,11,11,1,5,0.8113,1.4518,skott,,,,,,,,,,0.714,0.1756,0.1105,0.7054,0.18,0.1146,1,1.38,5.55,8.79,1.4,5.5,8.5,0.6743,0.6581,0.7397,-0.7129,0.7218,0,3,2,0.0477,0.1597,0,0,,,-0.0213,-0.0284,,,,,,,,,,,,,,,,,pinnacle
spelad,ED,2020/21,2020-10-18,,Groningen,Utrecht,0,0,D,16,14,1,6,1.1072,1.7896,skott,,,,,,,,,,0.333,0.2701,0.3969,0.3212,0.2765,0.4022,1,2.95,3.62,2.46,3.1,3.55,2.47,0.5193,0.4833,-0.1715,0.747,0.2019,-2,5,0,0.099,0.3526,0,0,,,-0.0289,-0.0097,,,,,,,,,,,,,,,,,pinnacle
spelad,ED,2020/21,2020-10-18,,Zwolle,PSV Eindhoven,0,3,A,12,12,3,5,1.1907,1.511,skott,,,,,,,,,,0.1811,0.2172,0.6017,0.1587,0.2117,0.6296,1,6,4.59,1.61,6.17,4.78,1.56,0.6204,0.6118,-1.1943,0.7817,-0.4503,7,6,-3,-0.4949,-0.1582,0,0,,,-0.0727,0.0238,,,,,,,,,,,,,,,,,pinnacle
spelad,ED,2020/21,2020-10-21,,Waalwijk,Zwolle,1,1,D,11,21,3,6,1.1316,2.2039,skott,,,,,,,,,,0.2732,0.2827,0.4441,0.2891,0.2791,0.4317,1,3.57,3.48,2.21,3.5,3.7,2.36,0.4936,0.5321,0.2815,-0.0329,0.0121,1,,,,,0,0,,,0.0442,0.0148,,,,,,,,,,,,,,,,,pinnacle
spelad,ED,2020/21,2020-10-24,,Heerenveen,FC Emmen,4,0,H,14,9,5,2,1.6294,0.853,skott,,,,,,,,,,0.546,0.2342,0.2199,0.4767,0.2494,0.2739,1,1.81,4.15,4.5,2.04,4,4.1,0.6108,0.6247,0.4683,0.0398,0.6236,0,3,-2,-1.265,0.0849,0,0,,,-0.1926,0.0344,,,,,,,,,,,,,,,,,pinnacle
spelad,ED,2020/21,2020-10-24,,Utrecht,Twente,2,1,H,12,9,5,3,1.511,1.0132,skott,,,,,,,,,,0.5608,0.231,0.2082,0.5712,0.2163,0.2125,1,1.75,4.33,4.75,1.73,4.52,5,0.5945,0.6372,-0.1826,0.5573,-0.4445,-1,4,0,-0.4547,-0.2301,0,0,,,0.0166,-0.0175,,,,,,,,,,,,,,,,,pinnacle
spelad,ED,2020/21,2020-10-24,,VVV Venlo,Ajax,0,13,A,3,45,0,23,0.1776,6.347,skott,,,,,,,,,,0.074,0.1355,0.7905,0.0922,0.1568,0.7509,1,15,7.44,1.23,11.5,6.78,1.3,0.705,0.7037,-0.0301,-0.1066,0.5867,1,5,-3,-0.3258,-0.1244,0,0,,,0.076,0.0145,,,,,,,,,,,,,,,,,pinnacle
spelad,ED,2020/21,2020-10-24,,Zwolle,Willem II,0,0,D,20,12,4,3,1.8244,1.1907,skott,,,,,,,,,,0.3907,0.268,0.3413,0.3443,0.2737,0.3821,1,2.54,3.7,2.86,2.85,3.65,2.65,0.5561,0.5536,-0.076,-0.0409,0.5211,-4,6,-1.5,-0.8007,-0.0827,0,0,,,-0.1336,0.0208,,,,,,,,,,,,,,,,,pinnacle
spelad,ED,2020/21,2020-10-25,,Den Haag,AZ Alkmaar,2,2,D,9,23,3,7,1.0132,2.4824,skott,,,,,,,,,,0.226,0.2325,0.5416,0.1995,0.1943,0.6061,1,4.29,4.25,1.87,6,4.99,1.64,0.597,0.6108,-0.1568,0.3815,0.2766,-1,6,-2,-0.1174,-0.1867,0,0,,,-0.1174,-0.0286,,,,,,,,,,,,,,,,,pinnacle
spelad,ED,2020/21,2020-10-25,,For Sittard,Groningen,1,3,A,5,17,2,10,0.6163,2.6077,skott,,,,,,,,,,0.322,0.2694,0.4086,0.3265,0.2812,0.3923,1,3.1,3.62,2.42,3.2,3.6,2.5,0.5116,0.5103,-0.0488,-0.3067,-0.019,0,3,0,0.2175,0.0891,0,0,,,0.0252,-0.0222,,,,,,,,,,,,,,,,,pinnacle
spelad,ED,2020/21,2020-10-25,,Sparta Rotterdam,Heracles,1,1,D,10,19,5,2,1.3926,1.445,skott,,,,,,,,,,0.4606,0.2585,0.2809,0.4762,0.2669,0.257,1,2.16,3.76,3.46,2.14,3.74,3.78,0.5612,0.5052,-0.1347,-0.1716,-0.0036,-1,3,-2,-1.2066,0.0915,0,0,,,0.055,-0.0342,,,,,,,,,,,,,,,,,pinnacle
spelad,ED,2020/21,2020-10-25,,Vitesse,PSV Eindhoven,2,1,H,7,12,5,4,1.2151,1.3509,skott,,,,,,,,,,0.3287,0.2445,0.4268,0.2572,0.2731,0.4697,1,3.2,3.98,2.33,3.78,3.8,2.28,0.5875,0.5499,-1.2185,1.4583,-0.2878,0,6,-2.5,-0.5987,-0.0545,0,0,,,-0.186,0.0429,,,,,,,,,,,,,,,,,pinnacle
spelad,ED,2020/21,2020-10-25,,Waalwijk,Feyenoord,2,2,D,8,18,6,8,1.4344,2.3466,skott,,,,,,,,,,0.0974,0.1624,0.7401,0.1253,0.1767,0.6979,1,11,6,1.33,9.25,5.54,1.41,0.6644,0.6628,-0.2998,0.2645,-0.0813,-3,,,,,0,0,,,0.098,0.0082,,,,,,,,,,,,,,,,,pinnacle
spelad,ED,2020/21,2020-10-31,,Ajax,For Sittard,5,2,H,30,11,9,7,3.2171,1.7721,skott,,,,,,,,,,0.8739,0.0813,0.0448,0.8772,0.0814,0.0413,1,1.12,13,35,1.1,13.25,34.32,0.8383,0.8348,1.0447,-2.013,0.4059,1,3,3,0.2729,-0.0749,0,0,,,0.0103,0.0025,,,,,,,,,,,,,,,,,pinnacle
spelad,ED,2020/21,2020-10-31,,Groningen,VVV Venlo,2,1,H,14,8,6,2,1.7896,0.7938,skott,,,,,,,,,,0.6763,0.2015,0.1223,0.6586,0.21,0.1314,1,1.5,4.8,8.03,1.5,4.69,8,0.5347,0.5321,-0.2355,0.1149,0.262,-1,6,-0.5,-0.6265,0.2329,0,0,,,-0.0444,-0.0197,,,,,,,,,,,,,,,,,pinnacle
spelad,ED,2020/21,2020-10-31,,Twente,Zwolle,5,1,H,8,10,5,5,1.2743,1.3926,skott,,,,,,,,,,0.4935,0.2585,0.248,0.4672,0.2722,0.2605,1,2.03,3.9,3.97,2.08,3.88,3.9,0.5561,0.5536,0.3683,-0.9361,-0.0788,0,3,1,0.5551,-0.2485,0,0,,,-0.065,0.0364,,,,,,,,,,,,,,,,,pinnacle
spelad,ED,2020/21,2020-10-31,,Willem II,Vitesse,1,3,A,12,17,7,4,1.8313,1.6469,skott,,,,,,,,,,0.2765,0.2623,0.4612,0.3596,0.2699,0.3705,1,3.52,3.79,2.16,2.92,3.66,2.66,0.5436,0.5561,-0.5301,0.3371,-0.9347,1,5,-1.8,-0.612,0.145,0,0,,,0.2569,-0.0291,,,,,,,,,,,,,,,,,pinnacle
spelad,ED,2020/21,2020-11-01,,AZ Alkmaar,Waalwijk,3,0,H,19,3,11,1,2.8862,0.3377,skott,,,,,,,,,,0.7831,0.144,0.0729,0.7853,0.1423,0.0724,1,1.27,6.9,13.22,1.25,7.41,14,0.6833,0.7143,-0.2096,-0.0375,-0.6198,0,,,,,0,0,,,0.0048,-0.0159,,,,,,,,,,,,,,,,,pinnacle
spelad,ED,2020/21,2020-11-01,,FC Emmen,Feyenoord,2,3,A,9,24,3,7,1.0132,2.5416,skott,,,,,,,,,,0.1981,0.2217,0.5802,0.1997,0.2119,0.5883,1,5,4.37,1.69,5.5,4.6,1.66,0.6313,0.6355,-0.5966,1.0814,-0.4655,1,4,-2.25,-0.2332,0.0844,0,0,,,-0.0049,-0.017,,,,,,,,,,,,,,,,,pinnacle
spelad,ED,2020/21,2020-11-01,,Heracles,Utrecht,4,1,H,15,10,7,5,2.0089,1.3926,skott,,,,,,,,,,0.2885,0.2486,0.4629,0.2495,0.2316,0.5189,1,3.55,3.95,2.15,4,4.2,1.91,0.5829,0.6084,-0.4004,0.814,-0.1742,-1,5,-1.8,-0.5608,0.1724,0,0,,,-0.134,0.0092,,,,,,,,,,,,,,,,,pinnacle
spelad,ED,2020/21,2020-11-01,,PSV Eindhoven,Den Haag,4,0,H,22,5,9,3,2.7435,0.7764,skott,,,,,,,,,,0.8187,0.1253,0.0559,0.791,0.1373,0.0717,1,1.2,8,19,1.27,7.17,13.51,0.689,0.7037,0.8599,-1.0967,0.329,0,6,2.5,0.3472,0.0069,0,0,,,-0.0713,-0.0531,,,,,,,,,,,,,,,,,pinnacle
spelad,ED,2020/21,2020-11-01,,Sparta Rotterdam,Heerenveen,1,4,A,15,12,6,6,1.8488,1.6712,skott,,,,,,,,,,0.3537,0.2526,0.3937,0.3812,0.2678,0.351,1,2.75,3.85,2.52,2.61,3.75,2.77,0.5854,0.5829,-1.0489,1.0303,-1.013,-1,3,-2,-0.6261,0.0893,0,0,,,0.098,-0.0213,,,,,,,,,,,,,,,,,pinnacle
spelad,ED,2020/21,2020-11-06,,For Sittard,Zwolle,2,2,D,10,12,6,1,1.5528,0.8705,skott,,,,,,,,,,0.3332,0.2665,0.4003,0.3427,0.2757,0.3816,1,2.93,3.8,2.51,2.9,3.75,2.62,0.5945,0.584,0.1418,-0.3189,-0.3431,0,4,-0.75,-0.1107,0.0165,0,0,,,0.0377,-0.0042,,,,,,,,,,,,,,,,,pinnacle
spelad,ED,2020/21,2020-11-07,,Den Haag,Twente,2,4,A,10,23,4,9,1.2325,2.8027,skott,,,,,,,,,,0.2673,0.2327,0.5001,0.2055,0.2137,0.5808,1,3.8,4.19,1.99,4.78,4.54,1.75,0.5524,0.589,-0.4196,1.4149,-0.6384,-1,3,2,1.0803,0.0669,0,0,,,-0.2043,0.019,,,,,,,,,,,,,,,,,pinnacle
spelad,ED,2020/21,2020-11-07,,VVV Venlo,Heracles,3,2,H,9,7,4,2,1.1733,0.7346,skott,,,,,,,,,,0.3061,0.2631,0.4308,0.2607,0.2456,0.4937,1,3.18,3.7,2.45,3.8,3.97,2.05,0.5612,0.5612,0.1162,0.0194,-0.256,1,6,-1,-0.2202,-0.2508,0,0,,,-0.1537,0.0214,,,,,,,,,,,,,,,,,pinnacle
spelad,ED,2020/21,2020-11-07,,Waalwijk,Sparta Rotterdam,0,2,A,7,20,4,7,1.0549,2.3049,skott,,,,,,,,,,0.3323,0.2569,0.4108,0.2677,0.2605,0.4717,1,2.95,3.79,2.47,3.7,3.85,2.15,0.5612,0.5373,0.7576,-1.4252,0.61,0,,,,,0,0,,,-0.1901,0.0203,,,,,,,,,,,,,,,,,pinnacle
spelad,ED,2020/21,2020-11-08,,Feyenoord,Groningen,2,0,H,9,8,6,1,1.4936,0.6337,skott,,,,,,,,,,0.5873,0.2584,0.1543,0.5642,0.2463,0.1895,1,1.67,4,6.48,1.85,4,5.25,0.5499,0.5284,0.3598,-0.7782,-0.2129,-1,5,1.2,-0.0844,-0.0078,0,0,,,-0.0814,-0.0271,,,,,,,,,,,,,,,,,pinnacle
spelad,ED,2020/21,2020-11-08,,Heerenveen,AZ Alkmaar,0,3,A,9,15,1,6,0.6929,1.8488,skott,,,,,,,,,,0.2775,0.2465,0.476,0.2366,0.2245,0.5389,1,3.51,3.94,2.07,4.5,4.4,1.81,0.6186,0.6682,0.7751,-0.6291,1.0642,0,6,-1,0.0651,-0.225,0,0,,,-0.1446,0.0119,,,,,,,,,,,,,,,,,pinnacle
spelad,ED,2020/21,2020-11-08,,PSV Eindhoven,Willem II,3,0,H,16,6,8,2,2.2282,0.6754,skott,,,,,,,,,,0.696,0.1853,0.1187,0.7445,0.1602,0.0953,1,1.43,5.36,8.37,1.36,6.55,11.03,0.6493,0.6518,1.3619,-1.869,0.9409,-1,6,1,-0.2254,-0.187,0,0,,,0.1205,-0.0588,,,,,,,,,,,,,,,,,pinnacle
spelad,ED,2020/21,2020-11-08,,Utrecht,Ajax,0,3,A,5,19,2,6,0.6163,2.0855,skott,,,,,,,,,,0.2128,0.2333,0.5539,0.2044,0.2036,0.592,1,4.55,4.65,1.75,5.25,4.79,1.64,0.7102,0.7258,-1.0427,2.2514,-0.6368,-1,5,-1.2,0.347,0.0512,0,0,,,-0.055,-0.0068,,,,,,,,,,,,,,,,,pinnacle
spelad,ED,2020/21,2020-11-08,,Vitesse,FC Emmen,3,1,H,9,15,6,5,1.4936,1.6886,skott,,,,,,,,,,0.6631,0.2034,0.1335,0.6733,0.1935,0.1332,1,1.5,4.76,7.5,1.45,5.1,9,0.6118,0.6322,1.1137,-0.7144,1.5385,1,4,0,-0.6958,0.2685,0,0,,,0.0208,-0.0087,,,,,,,,,,,,,,,,,pinnacle
spelad,ED,2020/21,2020-11-21,,Groningen,Vitesse,1,1,D,7,9,3,1,0.8948,0.6929,skott,,,,,,,,,,0.3178,0.2819,0.4002,0.2965,0.2787,0.4247,1,3.11,3.5,2.49,3.34,3.49,2.53,0.4744,0.4692,-0.6055,0.9657,-0.6547,0,6,1,0.8157,-0.2691,0,0,,,-0.0671,0.0116,,,,,,,,,,,,,,,,,pinnacle
spelad,ED,2020/21,2020-11-21,,Willem II,VVV Venlo,2,1,H,8,13,5,2,1.2743,1.0898,skott,,,,,,,,,,0.5908,0.2232,0.186,0.5878,0.2271,0.1851,1,1.67,4.5,5.25,1.68,4.39,5.31,0.604,0.604,-0.7407,0.6067,-0.7649,-1,5,0,-0.062,-0.0752,0,0,,,-0.0051,-0.0203,,,,,,,,,,,,,,,,,pinnacle
spelad,ED,2020/21,2020-11-21,,Zwolle,Utrecht,1,1,D,10,2,4,2,1.2325,0.4387,skott,,,,,,,,,,0.2703,0.2527,0.477,0.2685,0.2505,0.4811,1,3.7,4,2.09,3.62,3.89,2.07,0.5925,0.596,-0.4722,0.492,0.0696,2,6,-1,-0.2119,0.0898,0,0,,,-0.0078,0.0194,,,,,,,,,,,,,,,,,pinnacle
spelad,ED,2020/21,2020-11-22,,Ajax,Heracles,5,0,H,18,8,13,2,3.1473,0.7938,skott,,,,,,,,,,0.8478,0.0968,0.0553,0.8238,0.1109,0.0653,1,1.14,10.25,22,1.21,9.5,19,0.8003,0.7702,1.0889,-2.5194,0.5007,-1,6,-0.5,-1.3804,0.0505,0,0,,,-0.0579,-0.0216,,,,,,,,,,,,,,,,,pinnacle
spelad,ED,2020/21,2020-11-22,,AZ Alkmaar,FC Emmen,1,0,H,24,5,8,3,2.7018,0.7764,skott,,,,,,,,,,0.7636,0.148,0.0884,0.7629,0.1422,0.0949,1,1.27,6.5,13,1.28,6.96,12,0.7109,0.7218,0.4788,-1.0133,0.2338,0,3,3,0.632,-0.1625,0,0,,,-0.008,-0.002,,,,,,,,,,,,,,,,,pinnacle
spelad,ED,2020/21,2020-11-22,,For Sittard,Feyenoord,1,3,A,14,16,7,8,1.9497,2.2282,skott,,,,,,,,,,0.1788,0.2182,0.603,0.1703,0.1965,0.6332,1,5.62,4.65,1.62,5.9,4.94,1.57,0.6388,0.6918,-1.1922,1.4147,-0.6069,2,4,0,1.0552,-0.145,0,0,,,-0.0473,0.0251,,,,,,,,,,,,,,,,,pinnacle
spelad,ED,2020/21,2020-11-22,,Sparta Rotterdam,Den Haag,6,0,H,22,2,13,1,3.3841,0.2785,skott,,,,,,,,,,0.5813,0.2242,0.1945,0.6053,0.2147,0.18,1,1.76,4.33,5,1.68,4.54,5.5,0.5747,0.59,-0.3709,0.5519,-0.0809,0,4,1.5,0.7372,-0.2647,0,0,,,0.0625,-0.0262,,,,,,,,,,,,,,,,,pinnacle
spelad,ED,2020/21,2020-11-22,,Twente,PSV Eindhoven,1,1,D,11,16,4,5,1.2917,1.7478,skott,,,,,,,,,,0.1782,0.2296,0.5922,0.1979,0.2327,0.5694,1,5.5,4.42,1.65,5.1,4.28,1.72,0.6074,0.598,-0.0567,-0.0951,0.4973,1,4,-1.5,-0.0115,0.3263,0,0,,,0.0623,0.0065,,,,,,,,,,,,,,,,,pinnacle
spelad,ED,2020/21,2020-11-22,,Waalwijk,Heerenveen,1,1,D,22,12,10,5,2.9037,1.511,skott,,,,,,,,,,0.2332,0.2219,0.5449,0.2193,0.2126,0.5681,1,4.33,4.37,1.87,5,4.6,1.76,0.6127,0.6271,-0.7551,0.7866,-0.7643,1,,,,,0,0,,,-0.0509,-0.0076,,,,,,,,,,,,,,,,,pinnacle
spelad,ED,2020/21,2020-11-27,,Twente,Waalwijk,0,2,A,14,10,6,7,1.7896,1.7129,skott,,,,,,,,,,0.6728,0.1888,0.1384,0.6855,0.1813,0.1331,1,1.46,5.13,7.15,1.46,5.33,7.26,0.6509,0.675,0.4808,-1.1469,0.4916,0,,,,,0,0,,,0.0308,-0.0327,,,,,,,,,,,,,,,,,pinnacle
spelad,ED,2020/21,2020-11-28,,Den Haag,Heerenveen,1,1,D,5,22,2,4,0.6163,1.9428,skott,,,,,,,,,,0.2128,0.2196,0.5676,0.1963,0.1939,0.6098,1,4.56,4.42,1.76,5.75,5.01,1.59,0.6161,0.6411,-0.7827,1.4546,-0.6924,0,6,-1.5,-0.5826,0.2533,0,0,,,-0.0754,-0.0241,,,,,,,,,,,,,,,,,pinnacle
spelad,ED,2020/21,2020-11-28,,FC Emmen,Ajax,0,5,A,3,27,1,12,0.3377,3.5199,skott,,,,,,,,,,0.0748,0.1331,0.7921,0.063,0.1115,0.8255,1,14.5,8.5,1.22,18,9,1.18,0.7327,0.7754,-1.0543,2.461,-0.7339,0,3,-3,-0.1882,-0.0795,0,0,,,-0.0572,0.0205,,,,,,,,,,,,,,,,,pinnacle
spelad,ED,2020/21,2020-11-28,,VVV Venlo,Zwolle,2,2,D,11,13,2,6,0.9714,1.7304,skott,,,,,,,,,,0.3203,0.279,0.4007,0.2809,0.2692,0.4499,1,3.04,3.69,2.43,3.46,3.64,2.21,0.5649,0.5573,0.4503,-0.2416,-0.0618,0,5,0.6,0.3877,0.1356,0,0,,,-0.1281,0.0134,,,,,,,,,,,,,,,,,pinnacle
spelad,ED,2020/21,2020-11-29,,Feyenoord,Utrecht,1,1,D,9,16,2,7,0.853,2.0681,skott,,,,,,,,,,0.5552,0.2308,0.214,0.4606,0.2467,0.2927,1,1.76,4.32,4.55,2.16,3.94,3.4,0.6186,0.6501,0.6426,-1.0888,0.6113,-1,6,1,0.1064,0.0959,0,0,,,-0.2679,-0.008,,,,,,,,,,,,,,,,,pinnacle
spelad,ED,2020/21,2020-11-29,,Groningen,Willem II,1,0,H,18,4,3,1,1.5459,0.3969,skott,,,,,,,,,,0.4836,0.2715,0.2449,0.4631,0.2747,0.2621,1,2.04,3.6,4.03,2.13,3.68,3.79,0.468,0.4884,0.4709,-0.3789,0.8176,0,6,-0.5,-0.3056,-0.1069,0,0,,,-0.0583,-0.0071,,,,,,,,,,,,,,,,,pinnacle
spelad,ED,2020/21,2020-11-29,,Heracles,AZ Alkmaar,1,2,A,3,13,1,7,0.3377,1.8905,skott,,,,,,,,,,0.2181,0.2123,0.5696,0.1766,0.2029,0.6205,1,4.5,4.56,1.8,6,4.77,1.61,0.6271,0.6331,-0.3592,0.9231,0.0105,0,5,-1.8,-0.0559,-0.1876,0,0,,,-0.1338,-0.0069,,,,,,,,,,,,,,,,,pinnacle
spelad,ED,2020/21,2020-11-29,,PSV Eindhoven,Sparta Rotterdam,1,0,H,11,4,5,0,1.4518,0.2368,skott,,,,,,,,,,0.7598,0.1517,0.0884,0.5746,0.2287,0.1967,1,1.3,6.5,11,1.72,4.5,5,0.6751,0.598,0.6981,-1.0949,0.065,0,3,2,0.1092,0.1543,0,0,,,-0.4787,-0.0142,,,,,,,,,,,,,,,,,pinnacle
spelad,ED,2020/21,2020-11-29,,Vitesse,For Sittard,2,0,H,20,11,4,2,1.8244,0.9714,skott,,,,,,,,,,0.7169,0.175,0.1081,0.6913,0.176,0.1328,1,1.37,5.75,9,1.45,5.75,8.24,0.6429,0.678,1.5405,-1.8382,1.2469,1,4,1.5,0.2496,-0.2072,0,0,,,-0.0758,-0.0206,,,,,,,,,,,,,,,,,pinnacle
spelad,ED,2020/21,2020-12-04,,Sparta Rotterdam,FC Emmen,2,1,H,7,12,2,3,0.7346,1.1907,skott,,,,,,,,,,0.5807,0.2229,0.1963,0.5489,0.2308,0.2203,1,1.72,4.4,5,1.78,4.4,4.6,0.596,0.597,0.0852,-0.2724,0.3854,-1,,,,,0,0,,,-0.0876,-0.0072,,,,,,,,,,,,,,,,,pinnacle
spelad,ED,2020/21,2020-12-05,,Ajax,Twente,1,2,A,19,13,5,5,1.9254,1.5702,skott,,,,,,,,,,0.7786,0.1364,0.085,0.8125,0.1152,0.0722,1,1.24,7.56,13,1.2,8.95,16.5,0.7327,0.7677,0.2342,-1.4725,-0.0163,-1,3,2,-0.173,0.1996,0,0,,,0.0806,-0.0097,,,,,,,,,,,,,,,,,pinnacle
spelad,ED,2020/21,2020-12-05,,For Sittard,Willem II,3,2,H,7,11,4,3,1.0549,1.1316,skott,,,,,,,,,,0.3168,0.245,0.4382,0.3124,0.2557,0.4319,1,3.07,3.97,2.3,3.11,3.9,2.32,0.59,0.6127,-0.3228,-0.0009,0.2552,0,4,-1.5,-0.4716,0.2784,0,0,,,-0.0025,0.0214,,,,,,,,,,,,,,,,,pinnacle
spelad,ED,2020/21,2020-12-05,,Waalwijk,VVV Venlo,3,2,H,25,10,10,6,3.0813,1.5528,skott,,,,,,,,,,0.388,0.2618,0.3503,0.4172,0.262,0.3208,1,2.54,3.72,2.85,2.38,3.75,3.09,0.5722,0.6127,0.4587,-1.0544,0.6097,1,,,,,0,0,,,0.0879,-0.0124,,,,,,,,,,,,,,,,,pinnacle
spelad,ED,2020/21,2020-12-05,,Zwolle,Vitesse,2,1,H,16,12,5,4,1.7478,1.3509,skott,,,,,,,,,,0.2379,0.2403,0.5218,0.2253,0.2555,0.5192,1,4.13,4.12,1.95,4.34,3.95,1.95,0.5649,0.5155,-1.4104,1.7914,-1.0205,1,6,-1.5,-0.3062,-0.074,0,0,,,-0.0226,0.0257,,,,,,,,,,,,,,,,,pinnacle
spelad,ED,2020/21,2020-12-06,,AZ Alkmaar,Groningen,1,2,A,5,16,2,3,0.6163,1.4275,skott,,,,,,,,,,0.6378,0.2239,0.1383,0.5846,0.2305,0.1849,1,1.55,4.5,7.25,1.69,4.21,5.51,0.5308,0.5347,-0.2737,-0.009,-0.6166,0,5,1.8,0.1902,0.1872,0,0,,,-0.1529,0.0019,,,,,,,,,,,,,,,,,pinnacle
spelad,ED,2020/21,2020-12-06,,Feyenoord,Heracles,0,0,D,20,4,7,3,2.3049,0.7172,skott,,,,,,,,,,0.6513,0.2166,0.132,0.6207,0.2231,0.1562,1,1.54,4.75,7.5,1.58,4.5,6.5,0.6204,0.5758,1.0064,-1.1764,0.5951,0,6,2.5,0.4291,-0.0088,0,0,,,-0.0854,-0.0115,,,,,,,,,,,,,,,,,pinnacle
spelad,ED,2020/21,2020-12-06,,Heerenveen,PSV Eindhoven,2,2,D,12,12,7,4,1.8313,1.3509,skott,,,,,,,,,,0.2129,0.2446,0.5425,0.1674,0.2071,0.6254,1,4.56,4,1.81,5.97,4.76,1.62,0.5758,0.6396,-0.1282,0.4663,0.1519,1,5,-0.6,0.4488,0.2262,0,0,,,-0.174,0.0137,,,,,,,,,,,,,,,,,pinnacle
spelad,ED,2020/21,2020-12-06,,Utrecht,Den Haag,1,1,D,20,9,6,2,2.1447,0.853,skott,,,,,,,,,,0.7958,0.1397,0.0645,0.8241,0.1173,0.0586,1,1.24,7.13,15,1.18,8.55,19,0.6697,0.7207,-0.2343,0.2526,-0.322,-1,6,1.5,0.2238,-0.0598,0,0,,,0.0626,-0.0142,,,,,,,,,,,,,,,,,pinnacle
spelad,ED,2020/21,2020-12-11,,Heracles,For Sittard,1,2,A,14,5,4,1,1.4693,0.4561,skott,,,,,,,,,,0.5638,0.232,0.2042,0.5089,0.2634,0.2276,1,1.77,4.3,4.75,1.96,4.1,4.33,0.6074,0.5722,0.1099,-0.3779,-0.2024,-1,4,0.75,0.1212,0.0171,0,0,,,-0.1333,-0.0002,,,,,,,,,,,,,,,,,pinnacle
spelad,ED,2020/21,2020-12-12,,Ajax,Zwolle,4,0,H,22,6,13,3,3.3841,0.8356,skott,,,,,,,,,,0.8182,0.109,0.0728,0.8168,0.1149,0.0684,1,1.18,9.5,16,1.18,8.96,17,0.8037,0.7652,0.6472,-2.9886,0.0146,0,5,3,0.4707,-0.1214,0,0,,,0.0016,-0.0008,,,,,,,,,,,,,,,,,pinnacle
spelad,ED,2020/21,2020-12-12,,FC Emmen,Den Haag,1,1,D,27,7,7,2,2.7192,0.7346,skott,,,,,,,,,,0.5673,0.2245,0.2082,0.5775,0.2272,0.1952,1,1.78,4.36,4.66,1.74,4.35,5.07,0.6186,0.6074,-0.7592,0.5915,-0.6414,2,3,3,1.7263,-0.2529,0,0,,,0.0335,-0.0136,,,,,,,,,,,,,,,,,pinnacle
spelad,ED,2020/21,2020-12-12,,Groningen,Waalwijk,2,0,H,8,11,4,3,1.1141,1.1316,skott,,,,,,,,,,0.6462,0.2116,0.1421,0.6138,0.2224,0.1638,1,1.53,4.75,7.25,1.61,4.36,6.5,0.5373,0.5436,0.053,0.3747,0.2438,-1,,,,,0,0,,,-0.0866,-0.0059,,,,,,,,,,,,,,,,,pinnacle
spelad,ED,2020/21,2020-12-13,,PSV Eindhoven,Utrecht,2,1,H,6,15,3,8,0.8356,2.169,skott,,,,,,,,,,0.6213,0.2053,0.1734,0.641,0.2046,0.1544,1,1.62,4.72,5.71,1.57,4.75,6.27,0.6304,0.6289,0.9376,-1.8991,0.652,0,5,1.2,0.0206,-0.0268,0,0,,,0.0584,-0.0419,,,,,,,,,,,,,,,,,pinnacle
spelad,ED,2020/21,2020-12-13,,Twente,AZ Alkmaar,1,3,A,13,13,5,7,1.5702,1.8905,skott,,,,,,,,,,0.3139,0.263,0.4231,0.305,0.2567,0.4383,1,3.25,3.71,2.35,3.22,3.79,2.26,0.6118,0.6346,0.4107,-0.9052,0.6575,1,4,-1.5,0.075,-0.2006,0,0,,,-0.033,0.018,,,,,,,,,,,,,,,,,pinnacle
spelad,ED,2020/21,2020-12-13,,Vitesse,Heerenveen,1,1,D,16,14,7,6,2.0681,1.7896,skott,,,,,,,,,,0.5612,0.2317,0.207,0.5308,0.2428,0.2264,1,1.76,4.25,4.77,1.88,4.1,4.4,0.6127,0.628,0.7824,-0.6952,0.5402,1,6,0.5,0.0236,0.2342,0,0,,,-0.0803,-0.0195,,,,,,,,,,,,,,,,,pinnacle
spelad,ED,2020/21,2020-12-13,,VVV Venlo,Feyenoord,0,3,A,8,21,3,8,0.954,2.5242,skott,,,,,,,,,,0.1674,0.2122,0.6203,0.1541,0.204,0.6419,1,5.8,4.8,1.6,6.9,5.1,1.54,0.6429,0.6605,-0.5015,1.0586,-0.2781,1,5,-1.2,0.246,0.0191,0,0,,,-0.0482,-0.0225,,,,,,,,,,,,,,,,,pinnacle
spelad,ED,2020/21,2020-12-13,,Willem II,Sparta Rotterdam,1,3,A,8,18,3,9,0.954,2.5068,skott,,,,,,,,,,0.3831,0.2681,0.3488,0.3627,0.2746,0.3627,1,2.57,3.84,2.79,2.71,3.65,2.69,0.5649,0.5179,-0.4812,1.1584,-0.9302,-1,3,0,-0.0661,0.0659,0,0,,,-0.0547,-0.0059,,,,,,,,,,,,,,,,,pinnacle
spelad,ED,2020/21,2020-12-18,,Zwolle,FC Emmen,0,0,D,16,5,5,3,1.7478,0.7764,skott,,,,,,,,,,0.5059,0.2536,0.2404,0.5132,0.258,0.2288,1,1.97,3.9,4.11,1.95,3.85,4.35,0.5819,0.5536,0.42,-0.2848,0.5636,0,3,3,1.3833,-0.2539,0,0,,,0.0263,-0.0338,,,,,,,,,,,,,,,,,pinnacle
spelad,ED,2020/21,2020-12-19,,Sparta Rotterdam,Groningen,2,3,A,15,12,4,6,1.5285,1.6712,skott,,,,,,,,,,0.3785,0.2895,0.332,0.4346,0.2889,0.2766,1,2.57,3.5,3,2.27,3.42,3.6,0.468,0.4464,-0.384,-0.0733,-0.3769,-1,4,-1.5,-0.5008,-0.2659,0,0,,,0.1676,-0.0125,,,,,,,,,,,,,,,,,pinnacle
spelad,ED,2020/21,2020-12-19,,Utrecht,For Sittard,1,1,D,21,14,5,7,2.0438,1.9497,skott,,,,,,,,,,0.6972,0.1788,0.1239,0.7451,0.1514,0.1036,1,1.42,5.56,8.25,1.32,6.5,10.5,0.662,0.731,-0.6779,0.8394,-0.7358,-2,3,2,0.1976,0.1453,0,0,,,0.116,-0.0157,,,,,,,,,,,,,,,,,pinnacle
spelad,ED,2020/21,2020-12-19,,VVV Venlo,Twente,1,2,A,6,18,1,9,0.5153,2.5068,skott,,,,,,,,,,0.2393,0.2179,0.5428,0.2326,0.2256,0.5418,1,4.33,4.46,1.85,4.33,4.35,1.84,0.6161,0.642,-0.4733,1.4497,-0.493,0,3,2,1.0605,0.0659,0,0,,,-0.0125,0.0034,,,,,,,,,,,,,,,,,pinnacle
spelad,ED,2020/21,2020-12-19,,Waalwijk,PSV Eindhoven,1,4,A,15,17,4,10,1.5285,2.6077,skott,,,,,,,,,,0.1116,0.1817,0.7068,0.086,0.1598,0.7542,1,10,5.75,1.39,12,6.3,1.3,0.6501,0.6751,-0.493,1.0307,0.2488,1,,,,,0,0,,,-0.0986,0.0193,,,,,,,,,,,,,,,,,pinnacle
spelad,ED,2020/21,2020-12-20,,AZ Alkmaar,Willem II,5,3,H,19,11,8,5,2.4058,1.4518,skott,,,,,,,,,,0.7165,0.174,0.1095,0.7648,0.146,0.0892,1,1.36,5.75,9,1.26,6.89,12.5,0.6501,0.7097,0.629,-0.8327,0.8495,0,6,-0.5,-0.9185,-0.0363,0,0,,,0.1169,-0.0025,,,,,,,,,,,,,,,,,pinnacle
spelad,ED,2020/21,2020-12-20,,Den Haag,Ajax,2,4,A,5,30,3,12,0.7764,3.6975,skott,,,,,,,,,,0.0375,0.0857,0.8768,0.0306,0.0707,0.8987,1,35,12,1.11,40,15,1.11,0.7776,0.8276,-0.2792,2.2718,-0.2997,0,6,-2,0.0832,0.2337,0,0,,,-0.0358,0.0099,,,,,,,,,,,,,,,,,pinnacle
spelad,ED,2020/21,2020-12-20,,Heerenveen,Heracles,1,2,A,16,8,2,2,1.2674,0.7938,skott,,,,,,,,,,0.5196,0.2319,0.2485,0.4721,0.2593,0.2686,1,1.92,4.2,4,2.11,3.8,3.86,0.6127,0.5499,0.5218,-0.5638,0.5481,-2,6,0,-0.1828,0.0894,0,0,,,-0.1152,0.0078,,,,,,,,,,,,,,,,,pinnacle
spelad,ED,2020/21,2020-12-20,,Vitesse,Feyenoord,1,0,H,12,24,4,4,1.3509,2.0612,skott,,,,,,,,,,0.4252,0.2617,0.3131,0.4673,0.2649,0.2678,1,2.61,3.72,3.17,2.11,3.75,3.67,0.5649,0.5398,0.4134,-0.4613,0.4097,0,5,-0.6,0.0245,0.1575,0,0,,,0.1296,-0.012,,,,,,,,,,,,,,,,,pinnacle
spelad,ED,2020/21,2020-12-22,,FC Emmen,Utrecht,2,3,A,15,16,4,6,1.5285,1.9079,skott,,,,,,,,,,0.2113,0.2215,0.5672,0.1855,0.2118,0.6026,1,4.75,4.48,1.74,5.4,4.7,1.64,0.6161,0.6118,-0.1694,0.0874,0.1249,1,3,1,1.2819,-0.2059,0,0,,,-0.087,0.0049,,,,,,,,,,,,,,,,,pinnacle
spelad,ED,2020/21,2020-12-22,,For Sittard,Waalwijk,2,1,H,18,10,7,4,2.1865,1.2325,skott,,,,,,,,,,0.4138,0.2664,0.3198,0.4676,0.2513,0.2811,1,2.4,3.7,3.1,2.14,3.89,3.5,0.6118,0.6271,0.1715,-0.2677,-0.0726,0,,,,,0,0,,,0.1464,-0.0223,,,,,,,,,,,,,,,,,pinnacle
spelad,ED,2020/21,2020-12-22,,PSV Eindhoven,VVV Venlo,4,1,H,29,4,9,1,3.1579,0.3969,skott,,,,,,,,,,0.832,0.1122,0.0558,0.7911,0.1344,0.0745,1,1.18,9,18.75,1.26,7.98,14,0.7256,0.6861,0.6271,-1.581,0.3326,0,6,2.5,0.2693,0.005,0,0,,,-0.1004,-0.0372,,,,,,,,,,,,,,,,,pinnacle
spelad,ED,2020/21,2020-12-22,,Twente,Sparta Rotterdam,0,2,A,10,12,1,6,0.7521,1.6712,skott,,,,,,,,,,0.4701,0.2581,0.2718,0.4811,0.2591,0.2598,1,2.1,3.8,3.58,2.05,3.82,3.76,0.5854,0.5649,0.1034,0.0839,0.1952,0,4,-0.75,-0.314,-0.0106,0,0,,,0.0339,-0.0205,,,,,,,,,,,,,,,,,pinnacle
spelad,ED,2020/21,2020-12-23,,AZ Alkmaar,Vitesse,3,1,H,11,16,4,5,1.2917,1.7478,skott,,,,,,,,,,0.5219,0.247,0.2311,0.4861,0.2532,0.2607,1,1.9,3.95,4.27,2.02,4,3.81,0.5747,0.6229,-0.4791,0.726,-0.1358,0,5,0.6,0.0246,0.1547,0,0,,,-0.101,-0.0009,,,,,,,,,,,,,,,,,pinnacle
spelad,ED,2020/21,2020-12-23,,Den Haag,Zwolle,0,2,A,8,20,1,6,0.6337,2.1447,skott,,,,,,,,,,0.2189,0.2271,0.5541,0.1894,0.2265,0.5841,1,4.52,4.27,1.8,5.3,4.3,1.71,0.5722,0.5398,0.5826,-1.1348,0.0904,-2,5,0.6,0.646,-0.2621,0,0,,,-0.089,0.0061,,,,,,,,,,,,,,,,,pinnacle
spelad,ED,2020/21,2020-12-23,,Feyenoord,Heerenveen,3,0,H,28,11,9,4,3.0987,1.2917,skott,,,,,,,,,,0.5982,0.2243,0.1775,0.5762,0.2205,0.2034,1,1.64,4.54,5.5,1.72,4.39,4.85,0.6501,0.6271,0.1895,0.2725,0.1235,0,6,2,0.3228,0.1213,0,0,,,-0.0699,-0.0167,,,,,,,,,,,,,,,,,pinnacle
spelad,ED,2020/21,2020-12-23,,Groningen,Heracles,0,1,A,13,8,5,2,1.5702,0.7938,skott,,,,,,,,,,0.4885,0.2762,0.2354,0.454,0.2849,0.2611,1,2.02,3.64,4.33,2.2,3.5,3.8,0.4667,0.4413,0.6972,-0.1076,1.009,1,5,-1.2,-0.6828,-0.0443,0,0,,,-0.0948,-0.001,,,,,,,,,,,,,,,,,pinnacle
spelad,ED,2020/21,2020-12-23,,Willem II,Ajax,1,1,D,10,32,5,8,1.3926,3.1753,skott,,,,,,,,,,0.0748,0.12,0.8051,0.0519,0.0993,0.8488,1,16.5,8.5,1.21,20,10,1.16,0.7623,0.7946,-0.6335,2.2699,-0.8045,0,5,-1.8,0.281,-0.1165,0,0,,,-0.0895,0.0175,,,,,,,,,,,,,,,,,pinnacle
spelad,ED,2020/21,2020-12-27,,Utrecht,AZ Alkmaar,2,2,D,14,12,6,6,1.7896,1.6712,skott,,,,,,,,,,0.3377,0.2621,0.4002,0.3811,0.2479,0.3709,1,2.88,3.82,2.45,2.85,4.04,2.63,0.6152,0.681,-1.3307,1.6556,-1.3181,1,5,-1.2,-0.4131,-0.0466,0,0,,,0.1162,-0.0221,,,,,,,,,,,,,,,,,pinnacle
spelad,ED,2020/21,2021-01-09,,FC Emmen,Twente,1,4,A,8,10,1,6,0.6337,1.5528,skott,,,,,,,,,,0.2721,0.2517,0.4762,0.322,0.2607,0.4173,1,3.6,4,2.06,3.45,3.89,2.34,0.5696,0.5685,-0.9879,0.7724,-0.743,0,3,0,0.1188,0.0761,0,0,,,0.1586,-0.0284,,,,,,,,,,,,,,,,,pinnacle
spelad,ED,2020/21,2021-01-09,,Heracles,Vitesse,0,2,A,12,12,5,3,1.511,1.1907,skott,,,,,,,,,,0.2777,0.2551,0.4672,0.2825,0.2677,0.4499,1,3.55,3.81,2.09,3.62,3.75,2.16,0.5064,0.5167,-0.1101,0.1935,0.1733,0,6,-0.5,0.0446,0.2693,0,0,,,0.027,-0.0173,,,,,,,,,,,,,,,,,pinnacle
spelad,ED,2020/21,2021-01-09,,Utrecht,Groningen,2,2,D,19,7,6,2,2.0855,0.7346,skott,,,,,,,,,,0.5299,0.2545,0.2155,0.5574,0.2493,0.1932,1,1.88,3.83,4.63,1.82,3.92,5.14,0.509,0.5244,-0.8831,0.6212,-1.1554,-4,6,0,-0.4568,0.4144,0,0,,,0.0773,-0.0337,,,,,,,,,,,,,,,,,pinnacle
spelad,ED,2020/21,2021-01-09,,Waalwijk,Den Haag,0,1,A,17,11,5,5,1.807,1.4518,skott,,,,,,,,,,0.5667,0.2249,0.2084,0.5159,0.2493,0.2348,1,1.77,4.31,4.78,1.9,4.12,4.33,0.6005,0.5685,-0.2892,0.5885,0.2711,1,,,,,0,0,,,-0.1282,-0.0004,,,,,,,,,,,,,,,,,pinnacle
spelad,ED,2020/21,2021-01-09,,Zwolle,AZ Alkmaar,1,1,D,5,15,2,4,0.6163,1.5285,skott,,,,,,,,,,0.2194,0.2265,0.5541,0.2369,0.2381,0.525,1,4.53,4.33,1.75,4.2,4.2,1.88,0.604,0.597,-0.9687,1.4747,-0.4715,4,7,-1.2857,-0.1228,0.3721,0,0,,,0.0641,0.0011,,,,,,,,,,,,,,,,,pinnacle
spelad,ED,2020/21,2021-01-10,,Ajax,PSV Eindhoven,2,2,D,11,7,4,7,1.2917,1.5353,skott,,,,,,,,,,0.5744,0.2279,0.1977,0.5955,0.2157,0.1888,1,1.75,4.4,5.1,1.65,4.6,5.65,0.6304,0.672,-0.6141,0.355,-0.4319,-1,6,0.5,-0.0786,-0.0638,0,0,,,0.051,-0.0141,,,,,,,,,,,,,,,,,pinnacle
spelad,ED,2020/21,2021-01-10,,Heerenveen,For Sittard,1,3,A,10,9,2,4,0.9122,1.1733,skott,,,,,,,,,,0.5633,0.2478,0.1889,0.5711,0.2362,0.1926,1,1.75,4.25,5.13,1.72,4.3,5.04,0.6152,0.637,-0.5221,-0.0509,-0.9108,-1,5,1.2,0.302,-0.046,0,0,,,0.0118,-0.0197,,,,,,,,,,,,,,,,,pinnacle
spelad,ED,2020/21,2021-01-10,,Sparta Rotterdam,Feyenoord,0,2,A,11,13,1,3,0.8113,1.2499,skott,,,,,,,,,,0.2518,0.246,0.5022,0.2458,0.2404,0.5138,1,3.9,4.01,1.94,4.05,4.04,1.93,0.5985,0.5793,-0.0261,0.008,0.1331,1,4,-1.5,-0.0365,0.3248,0,0,,,-0.0234,0.0009,,,,,,,,,,,,,,,,,pinnacle
spelad,ED,2020/21,2021-01-10,,VVV Venlo,Willem II,2,1,H,12,17,4,6,1.3509,1.9671,skott,,,,,,,,,,0.3013,0.2623,0.4364,0.3208,0.262,0.4172,1,3.25,3.71,2.32,3.03,3.74,2.36,0.5711,0.5875,0.15,-0.4757,0.2164,1,6,-0.5,-0.0161,-0.1005,0,0,,,0.0582,0.0061,,,,,,,,,,,,,,,,,pinnacle
spelad,ED,2020/21,2021-01-12,,Heracles,FC Emmen,4,0,H,20,8,11,1,2.9454,0.6337,skott,,,,,,,,,,0.5425,0.2477,0.2097,0.5368,0.2524,0.2108,1,1.82,3.95,4.63,1.86,3.89,4.67,0.5155,0.5,0.7653,-0.7634,0.4518,0,4,0.75,0.0184,0.016,0,0,,,-0.0124,-0.0165,,,,,,,,,,,,,,,,,pinnacle
spelad,ED,2020/21,2021-01-12,,Vitesse,Utrecht,1,0,H,16,8,4,5,1.5877,1.2743,skott,,,,,,,,,,0.4284,0.2579,0.3137,0.4022,0.2667,0.3311,1,2.35,3.77,3.12,2.43,3.73,3.1,0.5995,0.5758,1.0313,-1.1532,0.6014,0,5,0.6,0.25,0.1299,0,0,,,-0.0697,0.0198,,,,,,,,,,,,,,,,,pinnacle
spelad,ED,2020/21,2021-01-13,,Den Haag,VVV Venlo,1,4,A,14,15,4,8,1.4693,2.169,skott,,,,,,,,,,0.3727,0.2615,0.3657,0.3569,0.2684,0.3747,1,2.65,3.84,2.66,2.73,3.63,2.65,0.5524,0.5296,0.1794,-0.1367,0.1167,1,6,0.5,0.2758,-0.1038,0,0,,,-0.0407,0.0068,,,,,,,,,,,,,,,,,pinnacle
spelad,ED,2020/21,2021-01-13,,Feyenoord,Zwolle,1,0,H,21,8,4,2,1.8836,0.7938,skott,,,,,,,,,,0.6557,0.2074,0.1369,0.6369,0.2142,0.1489,1,1.5,4.93,7.2,1.52,4.75,6.79,0.598,0.5925,0.3821,-0.7815,0.1743,-1,7,1.7143,0.1527,-0.055,0,0,,,-0.0498,0.0002,,,,,,,,,,,,,,,,,pinnacle
spelad,ED,2020/21,2021-01-13,,For Sittard,Sparta Rotterdam,0,1,A,9,19,4,5,1.1733,1.9254,skott,,,,,,,,,,0.2964,0.2715,0.4321,0.307,0.2718,0.4212,1,3.3,3.78,2.31,3.25,3.75,2.38,0.589,0.5623,0.1693,0.3759,0.3399,0,,,,,0,0,,,0.032,-0.001,,,,,,,,,,,,,,,,,pinnacle
spelad,ED,2020/21,2021-01-13,,PSV Eindhoven,AZ Alkmaar,1,3,A,14,6,3,4,1.3091,0.9957,skott,,,,,,,,,,0.5215,0.2372,0.2413,0.4762,0.2447,0.2791,1,1.87,4.2,4.2,2.07,3.99,3.64,0.6247,0.6152,0.0401,-0.3481,0.0208,-1,5,0.6,-0.0306,-0.2264,0,0,,,-0.1285,-0.0011,,,,,,,,,,,,,,,,,pinnacle
spelad,ED,2020/21,2021-01-14,,Heerenveen,Waalwijk,1,1,D,10,15,6,4,1.5528,1.5285,skott,,,,,,,,,,0.6057,0.2335,0.1607,0.5673,0.2372,0.1956,1,1.62,4.4,6.03,1.75,4.22,5,0.6127,0.6108,-0.2401,0.0564,-0.7388,-1,,,,,0,0,,,-0.1118,-0.0251,,,,,,,,,,,,,,,,,pinnacle
spelad,ED,2020/21,2021-01-14,,Twente,Ajax,1,3,A,12,21,5,12,1.511,3.1648,skott,,,,,,,,,,0.1289,0.1735,0.6976,0.1133,0.1627,0.724,1,8,5.83,1.39,9.5,6.4,1.34,0.7115,0.7451,0.2236,0.6422,0.5116,1,4,-0.75,0.6471,0.1209,0,0,,,-0.0578,0.0015,,,,,,,,,,,,,,,,,pinnacle
spelad,ED,2020/21,2021-01-14,,Willem II,Groningen,2,3,A,16,11,6,4,1.9079,1.2917,skott,,,,,,,,,,0.3222,0.2773,0.4005,0.3052,0.2751,0.4197,1,3.05,3.53,2.43,3.2,3.55,2.37,0.4718,0.5129,-0.734,0.5041,-1.0629,-1,7,0,0.202,-0.1309,0,0,,,-0.0532,0.0086,,,,,,,,,,,,,,,,,pinnacle
spelad,ED,2020/21,2021-01-16,,AZ Alkmaar,Den Haag,2,1,H,19,3,5,2,1.9254,0.4979,skott,,,,,,,,,,0.845,0.1052,0.0499,0.84,0.1076,0.0525,1,1.15,9.8,25,1.16,10,22.17,0.751,0.7562,0.3854,-0.5956,0.3581,0,7,1.7143,0.116,-0.0449,0,0,,,-0.0126,0.0052,,,,,,,,,,,,,,,,,pinnacle
spelad,ED,2020/21,2021-01-16,,FC Emmen,Vitesse,1,4,A,6,15,4,10,0.9957,2.4893,skott,,,,,,,,,,0.1688,0.215,0.6162,0.1668,0.1986,0.6346,1,5.8,4.58,1.59,6,4.89,1.56,0.5875,0.6015,-1.0472,1.31,-0.7699,0,5,-0.6,0.2233,0.1761,0,0,,,-0.0224,0.0045,,,,,,,,,,,,,,,,,pinnacle
spelad,ED,2020/21,2021-01-16,,Sparta Rotterdam,PSV Eindhoven,3,5,A,12,11,5,7,1.511,1.7721,skott,,,,,,,,,,0.1878,0.2274,0.5848,0.2019,0.2473,0.5508,1,5.25,4.35,1.67,4.81,4.05,1.83,0.597,0.5536,0.101,-0.2722,0.532,0,4,-2.25,-0.4023,0.0585,0,0,,,0.0624,0.0218,,,,,,,,,,,,,,,,,pinnacle
spelad,ED,2020/21,2021-01-16,,Utrecht,Heracles,2,0,H,16,3,8,0,2.2282,0.1776,skott,,,,,,,,,,0.5842,0.2245,0.1913,0.5702,0.2411,0.1886,1,1.69,4.33,5.1,1.75,4.2,5.29,0.59,0.5205,-0.9085,0.821,-0.8411,0,6,1,0.0256,0.105,0,0,,,-0.0253,-0.0212,,,,,,,,,,,,,,,,,pinnacle
spelad,ED,2020/21,2021-01-16,,Zwolle,For Sittard,0,2,A,8,13,2,7,0.7938,1.8905,skott,,,,,,,,,,0.5194,0.2661,0.2144,0.491,0.2671,0.2419,1,1.89,3.92,4.53,2.02,3.8,4.1,0.5793,0.5347,-0.6032,0.4668,-0.596,0,5,0.6,-0.0088,0.158,0,0,,,-0.0842,-0.0111,,,,,,,,,,,,,,,,,pinnacle
spelad,ED,2020/21,2021-01-17,,Ajax,Feyenoord,1,0,H,12,9,2,4,1.0306,1.1733,skott,,,,,,,,,,0.6583,0.1924,0.1493,0.6934,0.1721,0.1345,1,1.5,5.45,7,1.44,5.75,7.56,0.698,0.7235,-0.4195,0.1608,-0.6468,-1,5,1.8,0.4308,-0.2143,0,0,,,0.0851,-0.0243,,,,,,,,,,,,,,,,,pinnacle
spelad,ED,2020/21,2021-01-17,,Groningen,Twente,2,2,D,17,10,6,5,1.9671,1.3926,skott,,,,,,,,,,0.3957,0.2765,0.3278,0.4304,0.2694,0.3002,1,2.48,3.55,3.12,2.31,3.63,3.4,0.4718,0.5129,0.7284,-0.7733,0.7909,0,5,-0.6,-0.3655,0.1277,0,0,,,0.0969,-0.0091,,,,,,,,,,,,,,,,,pinnacle
spelad,ED,2020/21,2021-01-17,,VVV Venlo,Heerenveen,1,1,D,7,20,2,7,0.7346,2.3049,skott,,,,,,,,,,0.2881,0.2496,0.4623,0.2933,0.2453,0.4615,1,3.37,4.04,2.12,3.4,4,2.18,0.628,0.6118,0.7651,-1.0346,0.7854,1,7,-1.2857,-0.4138,0.3256,0,0,,,0.0112,0.0054,,,,,,,,,,,,,,,,,pinnacle
spelad,ED,2020/21,2021-01-17,,Waalwijk,Willem II,1,1,D,17,13,7,6,2.1273,1.7304,skott,,,,,,,,,,0.3485,0.2642,0.3873,0.3048,0.2493,0.446,1,2.79,3.75,2.55,3.4,3.96,2.26,0.5674,0.6049,0.1562,0.2631,0.6909,0,,,,,0,0,,,-0.146,0.0207,,,,,,,,,,,,,,,,,pinnacle
spelad,ED,2020/21,2021-01-22,,Willem II,Zwolle,1,3,A,9,21,4,6,1.1733,2.2039,skott,,,,,,,,,,0.4089,0.2741,0.317,0.4102,0.2657,0.3241,1,2.49,3.6,3.17,2.49,3.67,3.1,0.5335,0.5335,-0.6686,0.1853,-0.7423,-1,7,1.2857,0.6972,0.0329,0,0,,,-0.0044,-0.0051,,,,,,,,,,,,,,,,,pinnacle
spelad,ED,2020/21,2021-01-23,,Den Haag,FC Emmen,0,0,D,13,13,4,4,1.4101,1.4101,skott,,,,,,,,,,0.331,0.2718,0.3972,0.2868,0.2731,0.44,1,2.95,3.65,2.64,3.45,3.6,2.27,0.5347,0.5282,0.8706,-1.8376,0.7839,0,4,-2.25,-1.0583,0.0035,0,0,,,-0.1311,0.0129,,,,,,,,,,,,,,,,,pinnacle
spelad,ED,2020/21,2021-01-23,,Heracles,Heerenveen,1,0,H,9,6,3,2,1.0132,0.6754,skott,,,,,,,,,,0.414,0.2741,0.3119,0.4606,0.2585,0.2809,1,2.4,3.63,3.12,2.24,3.8,3.54,0.5373,0.5244,1.0182,-1.2905,0.9432,1,7,0.4286,0.3565,0.0396,0,0,,,0.1241,-0.0322,,,,,,,,,,,,,,,,,pinnacle
spelad,ED,2020/21,2021-01-23,,PSV Eindhoven,Waalwijk,2,0,H,12,7,5,3,1.511,0.8948,skott,,,,,,,,,,0.8308,0.1146,0.0546,0.7637,0.1501,0.0861,1,1.18,8.6,21,1.28,7,12,0.7149,0.6667,0.8391,-1.013,0.207,1,,,,,0,0,,,-0.1657,-0.0173,,,,,,,,,,,,,,,,,pinnacle
spelad,ED,2020/21,2021-01-23,,Vitesse,Groningen,1,0,H,15,4,4,1,1.5285,0.3969,skott,,,,,,,,,,0.5483,0.2469,0.2047,0.5367,0.253,0.2103,1,1.8,4,4.84,1.81,4,4.77,0.5167,0.5347,-0.1287,-0.0628,-0.4489,1,7,-0.8571,-0.5475,-0.1276,0,0,,,-0.0287,-0.0001,,,,,,,,,,,,,,,,,pinnacle
spelad,ED,2020/21,2021-01-24,,Feyenoord,AZ Alkmaar,2,3,A,13,13,6,8,1.7304,2.0506,skott,,,,,,,,,,0.4004,0.263,0.3367,0.3712,0.2533,0.3755,1,2.5,3.76,2.97,2.69,3.85,2.75,0.59,0.597,-0.6911,0.6521,-0.2189,-1,5,1.2,0.4184,-0.0509,0,0,,,-0.0972,0.0324,,,,,,,,,,,,,,,,,pinnacle
spelad,ED,2020/21,2021-01-24,,For Sittard,Ajax,1,2,A,8,19,5,8,1.2743,2.4058,skott,,,,,,,,,,0.0591,0.1105,0.8304,0.0798,0.1246,0.7957,1,17,8.8,1.18,14,8.5,1.23,0.7737,0.7729,0.6529,-0.4418,1.3598,1,4,-3,-0.1998,-0.0766,0,0,,,0.0761,0.0118,,,,,,,,,,,,,,,,,pinnacle
spelad,ED,2020/21,2021-01-24,,Twente,VVV Venlo,0,1,A,21,7,5,6,2.0438,1.3752,skott,,,,,,,,,,0.6054,0.2129,0.1817,0.5421,0.2488,0.2091,1,1.63,4.55,5.75,1.8,4.2,4.75,0.6493,0.6313,-0.3722,1.0327,-0.0568,0,4,-0.75,-0.5576,-0.007,0,0,,,-0.154,-0.006,,,,,,,,,,,,,,,,,pinnacle
spelad,ED,2020/21,2021-01-24,,Utrecht,Sparta Rotterdam,1,0,H,11,11,2,1,0.9714,0.8113,skott,,,,,,,,,,0.5843,0.2468,0.169,0.5819,0.2467,0.1714,1,1.7,4.2,5.74,1.7,4.11,5.75,0.5758,0.5612,-0.7413,0.5744,-0.7665,0,4,3,1.1851,-0.2437,0,0,,,-0.0071,-0.0151,,,,,,,,,,,,,,,,,pinnacle
spelad,ED,2020/21,2021-01-26,,FC Emmen,PSV Eindhoven,0,2,A,5,20,2,9,0.6163,2.6251,skott,,,,,,,,,,0.1301,0.192,0.6779,0.1295,0.1921,0.6784,1,8,5.24,1.46,7.66,5.1,1.46,0.6271,0.6289,-1.2581,1.7381,-0.8788,0,4,-1.5,0.0831,0.3597,0,0,,,-0.0017,0.0179,,,,,,,,,,,,,,,,,pinnacle
spelad,ED,2020/21,2021-01-26,,Groningen,Den Haag,3,0,H,14,7,6,1,1.7896,0.5745,skott,,,,,,,,,,0.6723,0.2021,0.1256,0.6465,0.215,0.1385,1,1.5,4.8,8,1.55,4.7,7.81,0.5296,0.5373,0.3818,-0.0776,0.4166,0,6,1,0.3159,0.0754,0,0,,,-0.0647,0.0012,,,,,,,,,,,,,,,,,pinnacle
spelad,ED,2020/21,2021-01-26,,Zwolle,Heracles,2,2,D,10,7,4,4,1.2325,1.0549,skott,,,,,,,,,,0.3661,0.2848,0.3491,0.3566,0.288,0.3553,1,2.66,3.6,3.03,2.92,3.4,2.79,0.4464,0.4439,-0.2409,0.396,-0.1969,1,5,0,0.0579,-0.0491,0,0,,,-0.0253,-0.0382,,,,,,,,,,,,,,,,,pinnacle
spelad,ED,2020/21,2021-01-27,,AZ Alkmaar,Utrecht,0,1,A,11,12,3,5,1.1316,1.511,skott,,,,,,,,,,0.514,0.2536,0.2324,0.516,0.2462,0.2378,1,1.91,3.86,4.39,1.95,4,4.26,0.5747,0.6049,1.1611,-1.2659,0.9506,0,6,1,0.323,0.0865,0,0,,,-0.0013,-0.0209,,,,,,,,,,,,,,,,,pinnacle
spelad,ED,2020/21,2021-01-27,,Heerenveen,Feyenoord,3,0,H,15,15,6,1,1.8488,1.0481,skott,,,,,,,,,,0.2097,0.2237,0.5666,0.2196,0.2226,0.5578,1,4.75,4.33,1.77,4.42,4.36,1.8,0.6143,0.6388,-0.6005,0.7298,-0.8345,1,7,-2.1429,-0.4993,0.0725,0,0,,,0.0285,0.0353,,,,,,,,,,,,,,,,,pinnacle
spelad,ED,2020/21,2021-01-27,,VVV Venlo,Vitesse,4,1,H,11,24,6,5,1.612,2.2214,skott,,,,,,,,,,0.1517,0.201,0.6473,0.138,0.195,0.667,1,6.5,4.9,1.53,7.25,5.01,1.48,0.6161,0.6143,0.0799,-0.5315,-0.048,-1,6,-2,-0.4788,0.0976,0,0,,,-0.0472,0.0135,,,,,,,,,,,,,,,,,pinnacle
spelad,ED,2020/21,2021-01-27,,Waalwijk,For Sittard,1,2,A,14,15,7,9,1.9497,2.3292,skott,,,,,,,,,,0.3512,0.2658,0.383,0.4058,0.2583,0.3358,1,2.77,3.7,2.66,2.63,3.77,3.04,0.5436,0.5854,-1.3993,1.6725,-1.4142,1,,,,,0,0,,,0.1564,-0.0088,,,,,,,,,,,,,,,,,pinnacle
spelad,ED,2020/21,2021-01-28,,Ajax,Willem II,3,1,H,27,7,9,4,3.0395,1.0549,skott,,,,,,,,,,0.8595,0.0957,0.0448,0.8977,0.0716,0.0307,1,1.14,11,25,1.1,14,31.61,0.7852,0.8172,0.9745,-0.4482,0.5924,-2,6,1.5,-0.4114,0.053,0,0,,,0.0905,-0.0394,,,,,,,,,,,,,,,,,pinnacle
spelad,ED,2020/21,2021-01-28,,Sparta Rotterdam,Twente,0,0,D,12,6,5,2,1.511,0.6754,skott,,,,,,,,,,0.4161,0.2604,0.3235,0.438,0.26,0.302,1,2.37,3.75,3.01,2.3,3.8,3.25,0.5663,0.5829,0.1544,0.0011,0.2648,0,5,1.2,0.6519,-0.0603,0,0,,,0.0653,-0.0112,,,,,,,,,,,,,,,,,pinnacle
spelad,ED,2020/21,2021-01-30,,For Sittard,VVV Venlo,3,2,H,9,12,7,3,1.6537,1.1907,skott,,,,,,,,,,0.477,0.2527,0.2703,0.4718,0.2551,0.273,1,2.11,3.96,3.67,2.08,3.85,3.65,0.5995,0.589,-0.1945,0.5985,0.3104,0,4,0,-0.1093,0.2286,0,0,,,-0.013,-0.0075,,,,,,,,,,,,,,,,,pinnacle
spelad,ED,2020/21,2021-01-30,,Heracles,Groningen,1,0,H,8,13,3,3,0.954,1.2499,skott,,,,,,,,,,0.4022,0.2797,0.3181,0.4122,0.2912,0.2966,1,2.45,3.6,3.2,2.38,3.6,3.28,0.4427,0.4501,-0.1755,0.489,0.011,0,6,1.5,0.9278,-0.0844,0,0,,,0.0415,-0.0125,,,,,,,,,,,,,,,,,pinnacle
spelad,ED,2020/21,2021-01-30,,Utrecht,Zwolle,3,3,D,19,10,8,4,2.4058,1.2325,skott,,,,,,,,,,0.6096,0.2429,0.1475,0.6218,0.2343,0.1439,1,1.63,4.21,6.57,1.57,4.4,7,0.5499,0.5524,0.3099,-0.103,0.2699,-1,7,0.8571,0.0055,0.1841,0,0,,,0.028,-0.0076,,,,,,,,,,,,,,,,,pinnacle
spelad,ED,2020/21,2021-01-30,,Vitesse,Waalwijk,1,1,D,11,11,6,5,1.612,1.4518,skott,,,,,,,,,,0.7066,0.1816,0.1118,0.7135,0.173,0.1135,1,1.4,5.5,9,1.39,5.75,9,0.6161,0.6478,1.3191,-0.933,1.0132,0,,,,,0,0,,,0.0121,-0.0202,,,,,,,,,,,,,,,,,pinnacle
spelad,ED,2020/21,2021-01-31,,AZ Alkmaar,Ajax,0,3,A,8,13,3,7,0.954,1.8905,skott,,,,,,,,,,0.2443,0.2245,0.5312,0.2465,0.2182,0.5353,1,4,4.33,1.88,4.2,4.45,1.87,0.6549,0.6882,0.165,-0.5362,0.3292,1,6,0,0.6838,-0.2034,0,0,,,0.0005,0.0034,,,,,,,,,,,,,,,,,pinnacle
spelad,ED,2020/21,2021-01-31,,Den Haag,Sparta Rotterdam,1,1,D,8,12,5,4,1.2743,1.3509,skott,,,,,,,,,,0.1979,0.2239,0.5783,0.1869,0.2321,0.581,1,5.09,4.35,1.71,5.61,4.2,1.73,0.5573,0.5129,0.2937,-0.5214,-0.1746,2,5,-1.8,-0.529,-0.2547,0,0,,,-0.0245,0.0154,,,,,,,,,,,,,,,,,pinnacle
spelad,ED,2020/21,2021-01-31,,Feyenoord,PSV Eindhoven,3,1,H,6,17,5,6,1.1559,1.9671,skott,,,,,,,,,,0.3391,0.2588,0.4021,0.3245,0.2631,0.4125,1,2.92,3.8,2.52,3.1,3.7,2.47,0.5915,0.5935,-0.8019,0.836,-0.4763,-1,6,0,0.1528,0.0833,0,0,,,-0.0395,0.002,,,,,,,,,,,,,,,,,pinnacle
spelad,ED,2020/21,2021-01-31,,Twente,Heerenveen,0,0,D,19,4,4,1,1.7652,0.3969,skott,,,,,,,,,,0.4381,0.2608,0.3011,0.4136,0.2677,0.3187,1,2.25,3.84,3.25,2.4,3.75,3.2,0.5829,0.5685,0.3248,-0.2386,0.2472,-1,4,-2.25,-0.9411,-0.0081,0,0,,,-0.0666,0.0033,,,,,,,,,,,,,,,,,pinnacle
spelad,ED,2020/21,2021-01-31,,Willem II,FC Emmen,2,0,H,12,18,4,2,1.3509,1.3858,skott,,,,,,,,,,0.4656,0.2588,0.2756,0.4762,0.2591,0.2647,1,2.1,3.8,3.6,2.06,3.8,3.78,0.5747,0.566,-0.1557,-0.4212,-0.0408,-2,5,0,-0.0878,-0.0627,0,0,,,0.0322,-0.0024,,,,,,,,,,,,,,,,,pinnacle
spelad,ED,2020/21,2021-02-05,,For Sittard,Heracles,0,1,A,15,10,3,5,1.3683,1.3926,skott,,,,,,,,,,0.3321,0.2879,0.3801,0.3451,0.2805,0.3744,1,3,3.4,2.62,2.87,3.5,2.67,0.5244,0.5296,-0.2195,0.1226,0.2531,0,5,0,0.3001,-0.039,0,0,,,0.0319,0.0097,,,,,,,,,,,,,,,,,pinnacle
spelad,ED,2020/21,2021-02-06,,FC Emmen,AZ Alkmaar,0,1,A,6,16,1,5,0.5153,1.7478,skott,,,,,,,,,,0.1358,0.2036,0.6606,0.1266,0.1809,0.6925,1,7.5,5,1.47,8.5,5.5,1.41,0.6118,0.6728,-0.8895,1.0618,-0.8779,0,4,-3,-0.4589,-0.1574,0,0,,,-0.0504,0.0019,,,,,,,,,,,,,,,,,pinnacle
spelad,ED,2020/21,2021-02-06,,Heerenveen,Vitesse,1,0,H,11,11,3,3,1.1316,1.1316,skott,,,,,,,,,,0.2535,0.2328,0.5137,0.3004,0.2631,0.4365,1,4,4.17,1.95,3.5,3.75,2.28,0.5854,0.541,-0.9287,0.3701,-0.8703,-1,7,-0.4286,-0.2099,0.3089,0,0,,,0.1711,-0.0248,,,,,,,,,,,,,,,,,pinnacle
spelad,ED,2020/21,2021-02-06,,PSV Eindhoven,Twente,3,0,H,25,5,8,2,2.761,0.6163,skott,,,,,,,,,,0.6771,0.1917,0.1312,0.6602,0.1973,0.1425,1,1.46,5.25,7.5,1.5,5,7.3,0.6372,0.6238,0.3968,-0.2337,0.3542,0,5,1.2,-0.4399,0.4145,0,0,,,-0.045,-0.0105,,,,,,,,,,,,,,,,,pinnacle
spelad,ED,2020/21,2021-02-06,,Zwolle,Waalwijk,1,1,D,19,7,8,3,2.4058,0.8948,skott,,,,,,,,,,0.4928,0.2483,0.2589,0.5239,0.2485,0.2275,1,2.08,3.92,3.8,1.99,4.1,4.33,0.5231,0.5335,0.7446,-0.89,0.5383,0,3,1,-0.0026,0.4149,0,0,,,0.0936,-0.0052,,,,,,,,,,,,,,,,,pinnacle
spelad,ED,2020/21,2021-02-12,,Waalwijk,FC Emmen,1,0,H,19,5,6,2,2.0855,0.6163,skott,,,,,,,,,,0.432,0.267,0.3009,0.427,0.2697,0.3033,1,2.25,3.75,3.32,2.28,3.75,3.29,0.5487,0.5347,-0.005,-0.6978,0.2698,0,,,,,0,0,,,-0.0124,-0.0007,,,,,,,,,,,,,,,,,pinnacle
spelad,ED,2020/21,2021-02-13,,Den Haag,PSV Eindhoven,2,2,D,5,35,2,15,0.6163,4.4739,skott,,,,,,,,,,0.0874,0.1622,0.7504,0.088,0.1659,0.746,1,12,6.5,1.31,12,6.3,1.32,0.6565,0.621,-0.1525,0.0792,-0.2328,6,7,-2.5714,-0.3539,-0.0137,0,0,,,0.0056,0.001,,,,,,,,,,,,,,,,,pinnacle
spelad,ED,2020/21,2021-02-13,,Groningen,Zwolle,1,0,H,14,12,7,4,1.9497,1.3509,skott,,,,,,,,,,0.4653,0.2739,0.2607,0.442,0.2818,0.2762,1,2.11,3.6,3.8,2.21,3.5,3.62,0.4602,0.4744,0.1124,-0.1315,0.0629,7,6,-1,-0.4345,-0.2566,0,0,,,-0.0622,0.0008,,,,,,,,,,,,,,,,,pinnacle
spelad,ED,2020/21,2021-02-13,,Heracles,Ajax,0,2,A,14,7,2,3,1.149,0.8948,skott,,,,,,,,,,0.115,0.1783,0.7067,0.1094,0.1662,0.7244,1,9,5.79,1.39,10,6.01,1.36,0.6682,0.672,0.2064,-0.4163,0.5404,-5,7,0,1.0961,0.0274,0,0,,,-0.0288,-0.0049,,,,,,,,,,,,,,,,,pinnacle
spelad,ED,2020/21,2021-02-13,,Sparta Rotterdam,For Sittard,1,2,A,16,8,6,3,1.9079,0.954,skott,,,,,,,,,,0.511,0.2522,0.2368,0.5112,0.2576,0.2312,1,1.91,3.85,4.2,1.91,3.8,4.5,0.5573,0.5359,-0.8828,0.9168,-1.0047,5,3,1,-0.1131,0.4268,0,0,,,0.0059,-0.0007,,,,,,,,,,,,,,,,,pinnacle
spelad,ED,2020/21,2021-02-14,,AZ Alkmaar,Heerenveen,3,1,H,15,5,9,4,2.3292,0.9365,skott,,,,,,,,,,0.6555,0.1992,0.1452,0.6971,0.1815,0.1214,1,1.5,4.88,6.7,1.42,5.34,8.06,0.604,0.6509,0.328,0.0655,0.3057,0,7,1.2857,0.3026,-0.2249,0,0,,,0.107,-0.0369,,,,,,,,,,,,,,,,,pinnacle
spelad,ED,2020/21,2021-02-14,,Feyenoord,Willem II,5,0,H,23,6,12,3,3.2831,0.8356,skott,,,,,,,,,,0.7023,0.1815,0.1162,0.6852,0.184,0.1307,1,1.41,5.35,9,1.44,5.5,8,0.6204,0.6628,0.412,-0.0991,0.4137,0,7,1.7143,0.1833,-0.0622,0,0,,,-0.0487,-0.0086,,,,,,,,,,,,,,,,,pinnacle
spelad,ED,2020/21,2021-02-14,,Utrecht,VVV Venlo,3,1,H,24,11,11,3,3.1822,1.1316,skott,,,,,,,,,,0.7325,0.1679,0.0996,0.7076,0.1769,0.1155,1,1.35,5.8,10,1.4,5.5,9.04,0.6152,0.6405,-0.6904,1.5349,-0.5017,0,7,0.8571,-0.2849,0.206,0,0,,,-0.0659,-0.0197,,,,,,,,,,,,,,,,,pinnacle
spelad,ED,2020/21,2021-02-14,,Vitesse,Twente,0,2,A,10,6,1,3,0.7521,0.8356,skott,,,,,,,,,,0.5551,0.2429,0.202,0.498,0.2639,0.238,1,1.77,4.05,4.89,1.95,4,4.33,0.5398,0.5309,0.3898,0.1269,0.361,0,4,2.25,0.8866,0.0024,0,0,,,-0.1503,0.0348,,,,,,,,,,,,,,,,,pinnacle
spelad,ED,2020/21,2021-02-19,,Willem II,Utrecht,0,6,A,7,20,1,8,0.5745,2.465,skott,,,,,,,,,,0.1676,0.1984,0.6341,0.1688,0.2217,0.6094,1,6.01,4.91,1.59,6,4.75,1.65,0.6204,0.5935,-0.3627,0.0731,-0.5743,0,6,-0.5,0.2761,-0.0781,0,0,,,0.0272,0.0092,,,,,,,,,,,,,,,,,pinnacle
spelad,ED,2020/21,2021-02-20,,FC Emmen,Zwolle,3,2,H,14,10,5,2,1.6294,0.9122,skott,,,,,,,,,,0.2741,0.2581,0.4678,0.3287,0.271,0.4003,1,3.62,3.77,2.2,3.07,3.6,2.53,0.5167,0.5436,-0.2558,0.8439,-0.5294,1,4,-2.25,-0.8332,-0.0049,0,0,,,0.1766,-0.0059,,,,,,,,,,,,,,,,,pinnacle
spelad,ED,2020/21,2021-02-20,,For Sittard,Den Haag,2,0,H,13,4,5,1,1.5702,0.3969,skott,,,,,,,,,,0.6161,0.213,0.1709,0.6347,0.2066,0.1587,1,1.66,4.54,5.66,1.57,4.75,6.5,0.5711,0.6074,0.5797,-0.4399,0.8466,0,3,0,0.0303,0.0773,0,0,,,0.0495,-0.011,,,,,,,,,,,,,,,,,pinnacle
spelad,ED,2020/21,2021-02-20,,VVV Venlo,AZ Alkmaar,1,4,A,5,20,1,10,0.4561,2.7853,skott,,,,,,,,,,0.1176,0.1817,0.7006,0.1268,0.1854,0.6878,1,8.85,5.6,1.39,8,5.48,1.42,0.669,0.6795,0.4382,-1.3369,0.5004,0,6,-1.5,-0.0719,0.3182,0,0,,,0.0311,0.0241,,,,,,,,,,,,,,,,,pinnacle
spelad,ED,2020/21,2021-02-21,,Ajax,Sparta Rotterdam,4,2,H,16,12,7,4,2.0681,1.3509,skott,,,,,,,,,,0.8196,0.114,0.0664,0.7961,0.1311,0.0728,1,1.19,8.98,17,1.23,7.6,14,0.7668,0.7063,1.259,-1.2286,0.4789,0,5,3,0.4768,-0.1275,0,0,,,-0.0533,-0.0242,,,,,,,,,,,,,,,,,pinnacle
spelad,ED,2020/21,2021-02-21,,Heerenveen,Groningen,1,1,D,8,16,2,2,0.7938,1.2674,skott,,,,,,,,,,0.3804,0.2815,0.3381,0.3926,0.2682,0.3392,1,2.66,3.55,2.96,2.48,3.63,3.04,0.4833,0.4923,-0.1155,0.2092,-0.1297,-1,5,-0.6,-0.6078,0.5351,0,0,,,0.0232,0.0177,,,,,,,,,,,,,,,,,pinnacle
spelad,ED,2020/21,2021-02-21,,PSV Eindhoven,Vitesse,3,1,H,22,10,15,3,3.7044,1.0724,skott,,,,,,,,,,0.5804,0.2249,0.1946,0.4437,0.2662,0.2901,1,1.69,4.31,5.04,2.19,3.8,3.6,0.5808,0.5244,-0.2872,0.3691,0.0988,1,7,1.7143,0.3196,-0.0857,0,0,,,-0.3689,0.0195,,,,,,,,,,,,,,,,,pinnacle
spelad,ED,2020/21,2021-02-21,,Twente,Feyenoord,2,2,D,9,10,6,2,1.4936,0.9122,skott,,,,,,,,,,0.2737,0.257,0.4693,0.3087,0.2513,0.44,1,3.6,3.96,2.13,3.2,3.92,2.26,0.5722,0.6074,-0.3894,0.3547,-0.2709,0,4,-2.25,-0.2958,0.0684,0,0,,,0.0994,0.0185,,,,,,,,,,,,,,,,,pinnacle
spelad,ED,2020/21,2021-02-21,,Waalwijk,Heracles,3,0,H,8,7,5,0,1.2743,0.4144,skott,,,,,,,,,,0.3028,0.2613,0.4359,0.2985,0.2651,0.4364,1,3.25,3.74,2.33,3.4,3.67,2.33,0.5026,0.5167,-0.6938,0.3508,-0.5574,1,3,1,1.1253,-0.2201,0,0,,,-0.0091,0.004,,,,,,,,,,,,,,,,,pinnacle
spelad,ED,2020/21,2021-02-24,,Groningen,Feyenoord,0,0,D,8,19,3,4,0.954,1.7652,skott,,,,,,,,,,0.285,0.267,0.4479,0.265,0.2559,0.4791,1,3.41,3.64,2.2,3.67,3.8,2.1,0.5167,0.5612,-0.0415,0.0568,0.0945,0,6,-1.5,-0.059,-0.0476,0,0,,,-0.0713,0.0274,,,,,,,,,,,,,,,,,pinnacle
spelad,ED,2020/21,2021-02-24,,Willem II,Den Haag,1,1,D,13,8,3,3,1.2499,0.954,skott,,,,,,,,,,0.5514,0.2489,0.1997,0.5482,0.2501,0.2017,1,1.79,4,5,1.82,4.01,5.05,0.5167,0.5623,-0.4319,1.1566,-0.5895,1,5,-2.4,-1.228,-0.072,0,0,,,-0.0085,0.0004,,,,,,,,,,,,,,,,,pinnacle
spelad,ED,2020/21,2021-02-26,,Zwolle,Heerenveen,4,1,H,21,10,10,4,2.8445,1.2325,skott,,,,,,,,,,0.3784,0.2779,0.3437,0.3591,0.2695,0.3714,1,2.57,3.55,2.9,2.75,3.64,2.8,0.5219,0.5573,-0.461,0.4026,-0.5169,1,5,0,0.2814,-0.057,0,0,,,-0.0665,0.009,,,,,,,,,,,,,,,,,pinnacle
spelad,ED,2020/21,2021-02-27,,Den Haag,Waalwijk,0,0,D,10,4,2,0,0.9122,0.2368,skott,,,,,,,,,,0.2709,0.2615,0.4676,0.2262,0.2672,0.5066,1,3.66,3.72,2.16,4.34,3.86,2.09,0.4795,0.541,-0.1384,0.1524,-0.5127,-3,3,3,1.6758,-0.2455,0,0,,,-0.1284,0.024,,,,,,,,,,,,,,,,,pinnacle
spelad,ED,2020/21,2021-02-27,,Heracles,Twente,2,2,D,9,7,6,3,1.4936,0.8948,skott,,,,,,,,,,0.3631,0.2804,0.3565,0.3552,0.2789,0.3659,1,2.68,3.6,2.77,2.81,3.53,2.66,0.5039,0.4961,0.7049,-0.2437,0.5422,0,3,1,0.7463,-0.2506,0,0,,,-0.0252,-0.0075,,,,,,,,,,,,,,,,,pinnacle
spelad,ED,2020/21,2021-02-27,,Utrecht,FC Emmen,0,1,A,12,13,5,4,1.511,1.4101,skott,,,,,,,,,,0.7571,0.1581,0.0848,0.7535,0.1568,0.0896,1,1.29,6.81,12.71,1.28,6.7,11.74,0.6508,0.6743,0.4458,-0.8117,0.7841,1,4,0,-0.5619,-0.2074,0,0,,,-0.0119,-0.0059,,,,,,,,,,,,,,,,,pinnacle
spelad,ED,2020/21,2021-02-27,,Vitesse,VVV Venlo,4,1,H,23,5,8,2,2.6426,0.6163,skott,,,,,,,,,,0.6816,0.1913,0.1272,0.6711,0.1956,0.1333,1,1.5,5.06,8,1.47,5.03,8,0.6118,0.6143,-1.0214,1.7,-1.2531,-1,7,1.2857,0.013,0.0558,0,0,,,-0.0271,-0.0314,,,,,,,,,,,,,,,,,pinnacle
spelad,ED,2020/21,2021-02-28,,AZ Alkmaar,Feyenoord,4,2,H,9,9,7,5,1.6537,1.3334,skott,,,,,,,,,,0.4607,0.2474,0.2919,0.4907,0.2387,0.2706,1,2.14,3.95,3.5,2.01,4.2,3.64,0.6108,0.6651,0.6144,0.0119,0.6353,4,6,-0.5,-0.0362,-0.0847,0,0,,,0.0812,-0.0183,,,,,,,,,,,,,,,,,pinnacle
spelad,ED,2020/21,2021-02-28,,Groningen,For Sittard,1,0,H,4,5,1,1,0.3969,0.4561,skott,,,,,,,,,,0.5061,0.2619,0.2319,0.4267,0.2812,0.2921,1,2.01,3.76,4.29,2.31,3.6,3.7,0.5141,0.5219,-0.3677,0.1685,-0.5493,-4,4,0.75,0.1555,-0.0035,0,0,,,-0.2191,0.0053,,,,,,,,,,,,,,,,,pinnacle
spelad,ED,2020/21,2021-02-28,,PSV Eindhoven,Ajax,1,1,D,9,17,5,3,1.3334,1.4867,skott,,,,,,,,,,0.2812,0.23,0.4889,0.2874,0.2341,0.4785,1,3.62,4.26,2.05,3.5,4.33,2.08,0.6331,0.6651,-1.157,1.6078,-0.4216,0,7,-0.4286,0.1531,0.0574,0,0,,,0.0228,0.0035,,,,,,,,,,,,,,,,,pinnacle
spelad,ED,2020/21,2021-02-28,,Sparta Rotterdam,Willem II,0,2,A,13,13,2,4,1.0898,1.4101,skott,,,,,,,,,,0.551,0.2429,0.2061,0.5354,0.2571,0.2075,1,1.77,4.12,4.85,1.82,4.07,4.77,0.5689,0.5244,-0.4972,0.1143,-0.0615,3,4,0.75,0.4095,-0.0192,0,0,,,-0.0327,0.0012,,,,,,,,,,,,,,,,,pinnacle
spelad,ED,2020/21,2021-03-05,,FC Emmen,Sparta Rotterdam,1,1,D,15,14,5,5,1.6886,1.6294,skott,,,,,,,,,,0.312,0.2773,0.4107,0.3273,0.2678,0.405,1,3.16,3.6,2.46,3.18,3.63,2.51,0.4845,0.5039,0.7436,-0.8391,0.6692,1,3,-1,-0.0946,-0.2509,0,0,,,0.0363,-0.0063,,,,,,,,,,,,,,,,,pinnacle
spelad,ED,2020/21,2021-03-06,,Feyenoord,VVV Venlo,6,0,H,21,5,10,0,2.8445,0.296,skott,,,,,,,,,,0.7524,0.1553,0.0923,0.8021,0.1262,0.0717,1,1.3,6.46,10.86,1.22,8.23,14.5,0.7063,0.7041,-0.8396,0.9481,-0.8585,-1,6,1.5,-0.0759,-0.0181,0,0,,,0.1202,-0.022,,,,,,,,,,,,,,,,,pinnacle
spelad,ED,2020/21,2021-03-06,,Heerenveen,Den Haag,3,0,H,18,12,7,3,2.1865,1.1907,skott,,,,,,,,,,0.6457,0.2177,0.1366,0.6104,0.2333,0.1563,1,1.57,4.6,7.09,1.63,4.5,6.21,0.5935,0.5561,0.2646,0.0697,0.045,1,7,1.2857,0.1361,0.3323,0,0,,,-0.0903,-0.0085,,,,,,,,,,,,,,,,,pinnacle
spelad,ED,2020/21,2021-03-06,,Twente,Willem II,1,1,D,12,9,5,2,1.511,0.853,skott,,,,,,,,,,0.559,0.2396,0.2014,0.5038,0.2525,0.2437,1,1.81,4.06,5,2,3.9,4.33,0.5499,0.5793,-0.3549,-0.4104,-0.1078,1,4,-0.75,-0.4493,-0.0138,0,0,,,-0.1528,0.0086,,,,,,,,,,,,,,,,,pinnacle
spelad,ED,2020/21,2021-03-06,,Waalwijk,Utrecht,1,2,A,13,17,6,5,1.7304,1.807,skott,,,,,,,,,,0.1651,0.2224,0.6124,0.1457,0.2136,0.6407,1,6,4.43,1.66,6.64,4.64,1.56,0.5561,0.589,-0.1475,0.1114,0.005,0,3,1,1.4411,-0.1671,0,0,,,-0.0671,0.0225,,,,,,,,,,,,,,,,,pinnacle
spelad,ED,2020/21,2021-03-07,,Ajax,Groningen,3,1,H,21,9,8,4,2.5242,1.1733,skott,,,,,,,,,,0.7796,0.1424,0.078,0.839,0.1094,0.0516,1,1.25,7,13,1.2,9.05,22,0.6628,0.7137,0.8904,-0.622,0.3837,0,7,1.2857,-0.2698,-0.1499,0,0,,,0.1452,-0.0187,,,,,,,,,,,,,,,,,pinnacle
spelad,ED,2020/21,2021-03-07,,For Sittard,PSV Eindhoven,1,3,A,11,12,4,6,1.2917,1.6712,skott,,,,,,,,,,0.153,0.1929,0.6542,0.1542,0.1905,0.6553,1,7,5.02,1.51,7,5.25,1.49,0.6429,0.6651,0.4089,-0.7646,0.4394,0,4,-3,-0.3097,-0.1226,0,0,,,0.0014,0.0038,,,,,,,,,,,,,,,,,pinnacle
spelad,ED,2020/21,2021-03-07,,Heracles,Zwolle,2,1,H,18,8,8,3,2.3466,0.954,skott,,,,,,,,,,0.4626,0.2691,0.2683,0.4422,0.2725,0.2853,1,2.12,3.61,3.62,2.2,3.6,3.5,0.4884,0.5141,0.4768,0.2607,0.3257,-1,6,0,-0.0663,0.0778,0,0,,,-0.0577,0.0084,,,,,,,,,,,,,,,,,pinnacle
spelad,ED,2020/21,2021-03-07,,Vitesse,AZ Alkmaar,2,1,H,10,13,4,4,1.2325,1.4101,skott,,,,,,,,,,0.2881,0.2392,0.4727,0.2795,0.2702,0.4503,1,3.5,4.07,2.15,3.6,3.75,2.19,0.5758,0.5347,-0.8261,0.4999,-0.9876,1,6,-1,-0.3219,0.0867,0,0,,,0.0052,0.0149,,,,,,,,,,,,,,,,,pinnacle
spelad,ED,2020/21,2021-03-09,,VVV Venlo,Sparta Rotterdam,0,1,A,8,12,3,5,0.954,1.511,skott,,,,,,,,,,0.2469,0.263,0.4901,0.2354,0.2672,0.4974,1,3.93,3.74,2.08,4.12,3.66,2.05,0.5179,0.4718,1.3233,-1.2018,1.1174,-1,3,-1,-0.1711,-0.2574,0,0,,,-0.0303,0.0278,,,,,,,,,,,,,,,,,pinnacle
spelad,ED,2020/21,2021-03-13,,AZ Alkmaar,Twente,4,1,H,11,11,4,4,1.2917,1.2917,skott,,,,,,,,,,0.6648,0.1993,0.1359,0.5957,0.2139,0.1904,1,1.48,5,7.25,1.65,4.6,5.33,0.6161,0.6372,0.5575,-0.1655,0.4033,-1,5,1.8,0.3862,-0.2118,0,0,,,-0.1926,-0.01,,,,,,,,,,,,,,,,,pinnacle
spelad,ED,2020/21,2021-03-13,,Den Haag,Heracles,1,2,A,9,10,2,4,0.853,1.2325,skott,,,,,,,,,,0.1801,0.2279,0.592,0.1862,0.2476,0.5662,1,5.9,4.26,1.72,5.5,4.02,1.79,0.491,0.5103,-0.6398,-0.1516,-0.5294,1,7,-0.4286,0.0176,0.0413,0,0,,,0.0379,0.0141,,,,,,,,,,,,,,,,,pinnacle
spelad,ED,2020/21,2021-03-13,,Groningen,FC Emmen,1,1,D,8,15,3,4,0.954,1.5285,skott,,,,,,,,,,0.5036,0.273,0.2234,0.4657,0.294,0.2403,1,1.93,3.75,4.65,2.14,3.49,4.35,0.4667,0.4501,0.1533,-0.2211,0.1138,-2,4,0,-0.2559,-0.2539,0,0,,,-0.0927,-0.0318,,,,,,,,,,,,,,,,,pinnacle
spelad,ED,2020/21,2021-03-13,,Sparta Rotterdam,Waalwijk,2,0,H,16,4,3,0,1.4275,0.2368,skott,,,,,,,,,,0.4975,0.2658,0.2366,0.4743,0.2802,0.2455,1,1.98,3.7,4.25,2.07,3.66,3.98,0.491,0.4795,-0.5626,0.907,-0.7597,-3,3,3,1.2385,-0.2406,0,0,,,-0.0554,-0.0142,,,,,,,,,,,,,,,,,pinnacle
spelad,ED,2020/21,2021-03-13,,Willem II,Heerenveen,3,1,H,17,14,8,4,2.2874,1.4693,skott,,,,,,,,,,0.349,0.2631,0.3879,0.3262,0.262,0.4119,1,2.82,3.7,2.58,2.99,3.71,2.43,0.5587,0.5598,-0.1684,0.9947,-0.1999,0,6,-2,-0.5483,-0.2478,0,0,,,-0.0696,0.0166,,,,,,,,,,,,,,,,,pinnacle
spelad,ED,2020/21,2021-03-14,,PSV Eindhoven,Feyenoord,1,1,D,12,10,7,3,1.8313,1.0724,skott,,,,,,,,,,0.5215,0.236,0.2425,0.5522,0.2244,0.2234,1,1.93,4.11,4.2,1.79,4.33,5.1,0.6322,0.6429,0.1453,0.9154,0.4982,-1,7,-0.4286,-0.4167,0.0338,0,0,,,0.0804,-0.0054,,,,,,,,,,,,,,,,,pinnacle
spelad,ED,2020/21,2021-03-14,,Utrecht,Vitesse,1,3,A,15,10,3,5,1.3683,1.3926,skott,,,,,,,,,,0.4834,0.2511,0.2655,0.5273,0.2567,0.2161,1,2.03,3.87,3.79,1.93,4.26,4.5,0.5398,0.5193,0.6807,-1.019,0.9064,1,6,-1,-0.5265,0.0638,0,0,,,0.1371,-0.0267,,,,,,,,,,,,,,,,,pinnacle
spelad,ED,2020/21,2021-03-14,,VVV Venlo,For Sittard,1,3,A,9,10,3,5,1.0132,1.3926,skott,,,,,,,,,,0.2855,0.2339,0.4806,0.2762,0.2778,0.446,1,3.68,4.15,2.12,3.81,3.86,2.3,0.5865,0.555,-0.0407,0.1452,-0.2587,-2,5,-0.6,-0.3103,0.1318,0,0,,,0.016,0.0106,,,,,,,,,,,,,,,,,pinnacle
spelad,ED,2020/21,2021-03-14,,Zwolle,Ajax,0,2,A,1,21,1,6,0.2193,2.2039,skott,,,,,,,,,,0.0887,0.1467,0.7646,0.0725,0.1237,0.8038,1,12,6.73,1.29,15,8,1.23,0.7223,0.751,-1.239,0.6965,-0.579,0,6,-3,-0.3444,-0.1203,0,0,,,-0.0715,0.0158,,,,,,,,,,,,,,,,,pinnacle
spelad,ED,2020/21,2021-03-19,,Heerenveen,Twente,0,0,D,11,13,4,1,1.2917,0.9297,skott,,,,,,,,,,0.3265,0.2764,0.3971,0.3534,0.2785,0.3681,1,3,3.52,2.58,2.88,3.5,2.77,0.5448,0.5296,0.6191,-0.8725,0.2717,0,5,1.8,0.7146,0.1399,0,0,,,0.0828,-0.0192,,,,,,,,,,,,,,,,,pinnacle
spelad,ED,2020/21,2021-03-20,,Feyenoord,FC Emmen,1,1,D,19,10,6,5,2.0855,1.3926,skott,,,,,,,,,,0.7281,0.1714,0.1006,0.7061,0.1703,0.1236,1,1.34,6.07,10.35,1.39,5.98,8.68,0.6411,0.6549,0.1329,-0.7549,-0.2241,-1,5,2.4,0.3236,0.0251,0,0,,,-0.0669,-0.0157,,,,,,,,,,,,,,,,,pinnacle
spelad,ED,2020/21,2021-03-20,,For Sittard,Utrecht,0,1,A,9,16,1,7,0.6929,2.0681,skott,,,,,,,,,,0.2148,0.2306,0.5547,0.2196,0.2488,0.5316,1,4.6,4.21,1.84,4.43,3.95,1.87,0.5768,0.6059,0.2036,0.0362,0.5065,0,4,-1.5,-0.1227,0.3212,0,0,,,0.0328,0.0135,,,,,,,,,,,,,,,,,pinnacle
spelad,ED,2020/21,2021-03-20,,Waalwijk,Groningen,3,1,H,17,19,10,6,2.6077,2.0855,skott,,,,,,,,,,0.3049,0.2948,0.4003,0.2997,0.284,0.4163,1,3.3,3.33,2.48,3.25,3.45,2.38,0.4289,0.4756,-0.239,0.0685,-0.1612,0,,,,,0,0,,,-0.0264,0.0115,,,,,,,,,,,,,,,,,pinnacle
spelad,ED,2020/21,2021-03-21,,Ajax,Den Haag,5,0,H,18,2,10,0,2.6669,0.1184,skott,,,,,,,,,,0.9124,0.0645,0.0231,0.9212,0.0587,0.0201,1,1.06,16,55,1.05,21,60,0.825,0.816,1.203,-0.9597,0.6319,-1,7,2.1429,-0.2384,0.1903,0,0,,,0.0206,-0.0228,,,,,,,,,,,,,,,,,pinnacle
spelad,ED,2020/21,2021-03-21,,AZ Alkmaar,PSV Eindhoven,2,0,H,9,15,5,4,1.3334,1.5285,skott,,,,,,,,,,0.3511,0.252,0.397,0.3579,0.2496,0.3925,1,2.8,3.86,2.55,2.8,3.99,2.58,0.6304,0.6469,0.4735,-0.9129,0.0219,1,6,0,0.5338,-0.2295,0,0,,,0.018,0.0049,,,,,,,,,,,,,,,,,pinnacle
spelad,ED,2020/21,2021-03-21,,Heracles,Sparta Rotterdam,1,1,D,7,13,1,4,0.5745,1.4101,skott,,,,,,,,,,0.438,0.2826,0.2794,0.434,0.2842,0.2818,1,2.22,3.5,3.55,2.25,3.45,3.6,0.459,0.4427,0.7876,-0.2752,0.7818,0,4,1.5,0.8269,0.2519,0,0,,,-0.0104,0.0049,,,,,,,,,,,,,,,,,pinnacle
spelad,ED,2020/21,2021-03-21,,Vitesse,Willem II,0,0,D,12,10,4,4,1.3509,1.2325,skott,,,,,,,,,,0.6328,0.2181,0.1492,0.5763,0.2361,0.1876,1,1.54,4.51,6.51,1.7,4.26,5.6,0.5696,0.5487,-0.4956,0.0635,-0.7556,-1,6,2,0.6589,0.0759,0,0,,,-0.1515,0.0019,,,,,,,,,,,,,,,,,pinnacle
spelad,ED,2020/21,2021-03-21,,Zwolle,VVV Venlo,2,1,H,19,12,5,4,1.9254,1.3509,skott,,,,,,,,,,0.5418,0.2331,0.225,0.5454,0.2476,0.207,1,1.84,4.16,4.75,1.83,4,4.77,0.5819,0.5282,-0.1491,-0.5753,-0.0568,0,6,-0.5,-0.5392,0.2348,0,0,,,0.0251,-0.0095,,,,,,,,,,,,,,,,,pinnacle
spelad,ED,2020/21,2021-04-03,,Sparta Rotterdam,Zwolle,3,2,H,18,18,5,6,1.8662,2.0263,skott,,,,,,,,,,0.4507,0.2855,0.2638,0.4909,0.2715,0.2376,1,2.16,3.52,3.69,2.05,3.59,4.2,0.4756,0.4961,-0.2741,0.7108,-0.1606,0,4,-1.5,-0.7493,0.2348,0,0,,,0.1065,-0.0221,,,,,,,,,,,,,,,,,pinnacle
spelad,ED,2020/21,2021-04-03,,Twente,Vitesse,1,2,A,2,20,1,6,0.2785,2.1447,skott,,,,,,,,,,0.3511,0.2748,0.3741,0.3562,0.274,0.3698,1,2.91,3.6,2.6,2.78,3.55,2.67,0.5039,0.5219,-0.3812,0.6437,0.0464,2,5,-1.2,-0.3068,-0.0509,0,0,,,0.0145,-0.009,,,,,,,,,,,,,,,,,pinnacle
spelad,ED,2020/21,2021-04-03,,VVV Venlo,Groningen,0,1,A,9,8,2,3,0.853,0.954,skott,,,,,,,,,,0.2615,0.2594,0.4791,0.2359,0.2656,0.4985,1,3.75,3.75,2.03,4.15,3.85,2.02,0.541,0.4833,-0.5574,0.8776,-0.6092,-1,7,0,0.2511,0.1696,0,0,,,-0.0704,0.0266,,,,,,,,,,,,,,,,,pinnacle
spelad,ED,2020/21,2021-04-03,,Willem II,AZ Alkmaar,0,1,A,12,5,2,2,1.0306,0.6163,skott,,,,,,,,,,0.1651,0.2084,0.6265,0.1914,0.2356,0.573,1,6,4.85,1.55,5.32,4.5,1.7,0.6509,0.6186,-0.1977,0.7456,-0.0494,0,7,0,0.7593,-0.0519,0,0,,,0.1059,0.0064,,,,,,,,,,,,,,,,,pinnacle
spelad,ED,2020/21,2021-04-04,,Den Haag,Utrecht,1,4,A,8,22,1,8,0.6337,2.5834,skott,,,,,,,,,,0.1037,0.1787,0.7176,0.0932,0.1594,0.7474,1,9.85,5.65,1.36,12.8,6.7,1.32,0.6337,0.6667,-0.4708,0.4157,-0.2113,-1,7,-1.2857,-0.0396,0.0749,0,0,,,-0.0508,-0.0041,,,,,,,,,,,,,,,,,pinnacle
spelad,ED,2020/21,2021-04-04,,FC Emmen,Waalwijk,3,1,H,18,7,11,2,2.827,0.7346,skott,,,,,,,,,,0.4359,0.2641,0.3,0.4792,0.2601,0.2608,1,2.33,3.68,3.3,2.12,3.74,3.89,0.5116,0.5499,-0.3041,0.4566,-0.186,0,,,,,0,0,,,0.1258,-0.0394,,,,,,,,,,,,,,,,,pinnacle
spelad,ED,2020/21,2021-04-04,,Feyenoord,For Sittard,2,0,H,18,8,7,3,2.1865,0.954,skott,,,,,,,,,,0.6209,0.2115,0.1676,0.6546,0.1961,0.1493,1,1.58,4.78,6.75,1.53,5.25,7,0.6461,0.6674,-0.1665,-0.6642,-0.2656,0,5,0.6,-0.5474,-0.1553,0,0,,,0.0857,-0.0173,,,,,,,,,,,,,,,,,pinnacle
spelad,ED,2020/21,2021-04-04,,Heerenveen,Ajax,1,2,A,8,18,1,6,0.6337,2.0263,skott,,,,,,,,,,0.0994,0.1551,0.7455,0.082,0.1324,0.7857,1,10,6.4,1.3,13,7.5,1.25,0.7194,0.7632,-0.6211,0.909,-0.5704,2,7,-2.5714,-0.2967,0.0019,0,0,,,-0.0749,0.0113,,,,,,,,,,,,,,,,,pinnacle
spelad,ED,2020/21,2021-04-04,,PSV Eindhoven,Heracles,3,0,H,15,5,7,2,2.0089,0.6163,skott,,,,,,,,,,0.7075,0.1875,0.105,0.723,0.1811,0.0959,1,1.4,5.25,9.23,1.36,5.72,10.83,0.6152,0.5819,-0.8897,0.746,-0.5955,0,6,2.5,0.293,0.0177,0,0,,,0.0401,-0.0327,,,,,,,,,,,,,,,,,pinnacle
spelad,ED,2020/21,2021-04-09,,Vitesse,Den Haag,0,0,D,21,6,4,2,1.8836,0.6754,skott,,,,,,,,,,0.8028,0.134,0.0633,0.7813,0.1461,0.0726,1,1.24,7.25,15.33,1.27,6.88,13.33,0.632,0.6386,0.484,-0.5416,0.3678,1,7,0,-0.6323,0.1947,0,0,,,-0.0523,-0.033,,,,,,,,,,,,,,,,,pinnacle
spelad,ED,2020/21,2021-04-10,,AZ Alkmaar,Sparta Rotterdam,2,0,H,20,5,10,3,2.7853,0.7764,skott,,,,,,,,,,0.6469,0.2043,0.1488,0.6583,0.1947,0.1471,1,1.52,5,7.2,1.51,5.22,7.39,0.6214,0.6161,1.1242,-1.4297,0.804,0,5,1.2,-0.0676,-0.0047,0,0,,,0.0245,-0.0325,,,,,,,,,,,,,,,,,pinnacle
spelad,ED,2020/21,2021-04-10,,For Sittard,FC Emmen,1,3,A,6,18,4,9,0.9957,2.5068,skott,,,,,,,,,,0.3971,0.2828,0.32,0.4124,0.2797,0.308,1,2.46,3.55,3.22,2.38,3.54,3.22,0.5347,0.5335,-0.2161,0.2124,-0.5538,0,5,0,-0.0333,0.3531,0,0,,,0.0426,-0.0053,,,,,,,,,,,,,,,,,pinnacle
spelad,ED,2020/21,2021-04-10,,Heracles,Willem II,4,0,H,10,9,5,1,1.3926,0.6929,skott,,,,,,,,,,0.4521,0.267,0.2809,0.43,0.2842,0.2858,1,2.17,3.71,3.53,2.26,3.69,3.62,0.5129,0.5,0.1303,-0.0216,-0.0632,-1,7,-1.2857,-0.3878,-0.2541,0,0,,,-0.049,0.021,,,,,,,,,,,,,,,,,pinnacle
spelad,ED,2020/21,2021-04-10,,Zwolle,Twente,1,0,H,7,18,5,4,1.2151,1.7061,skott,,,,,,,,,,0.329,0.272,0.3991,0.3213,0.2814,0.3973,1,3,3.58,2.51,3.05,3.55,2.52,0.5141,0.5193,-0.1919,-0.0233,-0.082,0,4,-1.5,-0.4934,-0.2544,0,0,,,-0.0136,0.001,,,,,,,,,,,,,,,,,pinnacle
spelad,ED,2020/21,2021-04-11,,Groningen,Heerenveen,0,2,A,11,15,3,10,1.1316,2.4893,skott,,,,,,,,,,0.4185,0.2877,0.2938,0.423,0.2804,0.2966,1,2.33,3.43,3.29,2.35,3.48,3.35,0.468,0.4974,0.3624,-0.1017,0.383,1,6,0.5,0.013,0.5679,0,0,,,0.0063,-0.0216,,,,,,,,,,,,,,,,,pinnacle
spelad,ED,2020/21,2021-04-11,,Utrecht,Feyenoord,1,2,A,12,7,7,2,1.8313,0.7346,skott,,,,,,,,,,0.423,0.256,0.3211,0.4522,0.2558,0.292,1,2.35,3.82,3.1,2.22,3.85,3.39,0.5875,0.6084,0.1511,0.4401,0.0431,0,7,-0.8571,-0.1912,0.1898,0,0,,,0.0876,-0.014,,,,,,,,,,,,,,,,,pinnacle
spelad,ED,2020/21,2021-04-11,,VVV Venlo,PSV Eindhoven,0,2,A,4,14,1,5,0.3969,1.6294,skott,,,,,,,,,,0.089,0.151,0.7599,0.0723,0.138,0.7897,1,11,6.5,1.29,14,7.14,1.25,0.6833,0.6933,-0.4787,0.6533,-0.7322,1,7,-2.5714,-0.2862,-0.0149,0,0,,,-0.0633,0.0224,,,,,,,,,,,,,,,,,pinnacle
spelad,ED,2020/21,2021-04-11,,Waalwijk,Ajax,0,1,A,3,13,0,4,0.1776,1.4101,skott,,,,,,,,,,0.0626,0.1181,0.8194,0.0602,0.1122,0.8276,1,18.5,8.6,1.18,17,9.15,1.17,0.7261,0.75,-0.5003,0.5595,-0.1871,0,3,-3,-0.1358,-0.0599,0,0,,,-0.0129,0.0142,,,,,,,,,,,,,,,,,pinnacle
spelad,ED,2020/21,2021-04-22,,Ajax,Utrecht,1,1,D,21,6,8,1,2.5242,0.5153,skott,,,,,,,,,,0.6721,0.1924,0.1355,0.6692,0.1855,0.1453,1,1.45,5.5,7.5,1.48,5.25,7,0.6839,0.6882,0.7974,-0.6738,0.5003,0,6,1.5,-0.1617,0.0087,0,0,,,-0.0154,-0.0218,,,,,,,,,,,,,,,,,pinnacle
spelad,ED,2020/21,2021-04-23,,Willem II,Waalwijk,1,0,H,20,6,9,3,2.6251,0.8356,skott,,,,,,,,,,0.5223,0.2453,0.2324,0.5354,0.2498,0.2149,1,1.95,3.96,4.33,1.95,3.9,4.75,0.5487,0.5347,-0.2306,0.9873,-0.0991,1,,,,,0,0,,,0.0437,-0.0252,,,,,,,,,,,,,,,,,pinnacle
spelad,ED,2020/21,2021-04-24,,Heerenveen,Zwolle,0,2,A,11,4,3,3,1.1316,0.7172,skott,,,,,,,,,,0.4695,0.2454,0.285,0.4839,0.2539,0.2622,1,2.12,3.96,3.5,2.06,4.16,3.88,0.5829,0.5696,-0.1402,0.233,-0.164,-1,6,-0.5,-0.4177,-0.0924,0,0,,,0.0516,-0.0176,,,,,,,,,,,,,,,,,pinnacle
spelad,ED,2020/21,2021-04-24,,PSV Eindhoven,Groningen,1,0,H,13,8,5,1,1.5702,0.6337,skott,,,,,,,,,,0.7407,0.1723,0.0869,0.7881,0.1402,0.0717,1,1.36,5.75,11.16,1.24,6.9,15.4,0.59,0.6476,-0.2246,0.4245,0.1597,0,7,2.1429,0.2971,0.0843,0,0,,,0.1101,-0.0148,,,,,,,,,,,,,,,,,pinnacle
spelad,ED,2020/21,2021-04-24,,Sparta Rotterdam,VVV Venlo,2,0,H,19,10,7,3,2.2457,1.0724,skott,,,,,,,,,,0.6207,0.2278,0.1515,0.5921,0.2301,0.1778,1,1.59,4.3,6.39,1.68,4.25,6,0.5347,0.5536,0.6699,-0.9917,0.764,1,4,1.5,0.6316,-0.2599,0,0,,,-0.0835,-0.018,,,,,,,,,,,,,,,,,pinnacle
spelad,ED,2020/21,2021-04-25,,Ajax,AZ Alkmaar,2,0,H,21,8,10,3,2.8445,0.954,skott,,,,,,,,,,0.6207,0.2064,0.1729,0.6678,0.1848,0.1474,1,1.56,4.75,6,1.48,5.3,7.4,0.6557,0.6831,-0.6327,0.8462,-0.6436,-7,7,0.4286,-0.2438,-0.2055,0,0,,,0.1198,-0.0093,,,,,,,,,,,,,,,,,pinnacle
spelad,ED,2020/21,2021-04-25,,Den Haag,For Sittard,0,3,A,18,19,3,6,1.5459,2.0855,skott,,,,,,,,,,0.2359,0.2512,0.513,0.3004,0.2652,0.4345,1,4.3,4,1.92,3.42,3.75,2.31,0.5462,0.566,-0.4571,0.8706,-0.1697,1,4,-0.75,-0.2514,0.0063,0,0,,,0.2075,-0.0111,,,,,,,,,,,,,,,,,pinnacle
spelad,ED,2020/21,2021-04-25,,FC Emmen,Heracles,3,1,H,15,8,5,4,1.6886,1.1141,skott,,,,,,,,,,0.38,0.2787,0.3413,0.4292,0.2729,0.2979,1,2.61,3.5,2.85,2.38,3.57,3.32,0.4884,0.4833,0.2936,-0.5682,0.7524,0,5,-1.2,-0.2045,-0.0377,0,0,,,0.1418,-0.0338,,,,,,,,,,,,,,,,,pinnacle
spelad,ED,2020/21,2021-04-25,,Feyenoord,Vitesse,0,0,D,14,19,2,7,1.149,2.2457,skott,,,,,,,,,,0.4744,0.2494,0.2763,0.5483,0.2311,0.2206,1,2.26,3.9,3.52,1.82,4.3,5.46,0.5623,0.6127,-0.0456,-0.4778,-0.1709,-2,6,0,-0.3297,0.0871,0,0,,,0.2036,0.0202,,,,,,,,,,,,,,,,,pinnacle
spelad,ED,2020/21,2021-04-25,,Twente,Utrecht,1,2,A,9,12,4,5,1.1733,1.511,skott,,,,,,,,,,0.2591,0.2478,0.4931,0.2718,0.2581,0.4701,1,3.75,3.92,2.04,3.59,3.86,2.13,0.5747,0.5524,-0.3021,0.5663,-0.1699,7,5,-0.6,0.3771,-0.2273,0,0,,,0.0485,0.0201,,,,,,,,,,,,,,,,,pinnacle
spelad,ED,2020/21,2021-05-01,,For Sittard,Twente,3,0,H,21,4,10,1,2.8445,0.3969,skott,,,,,,,,,,0.3378,0.2501,0.4122,0.3179,0.2573,0.4248,1,2.95,3.89,2.45,3.3,3.8,2.39,0.5875,0.5462,0.6683,-0.739,0.6502,0,,,,,0,0,,,-0.0523,-0.0083,,,,,,,,,,,,,,,,,pinnacle
spelad,ED,2020/21,2021-05-01,,Heracles,VVV Venlo,4,0,H,17,16,10,5,2.6077,1.7478,skott,,,,,,,,,,0.5913,0.2314,0.1773,0.5604,0.2342,0.2054,1,1.69,4.27,5.75,1.76,4.14,4.8,0.5587,0.5685,0.8211,-0.9999,0.7146,-1,7,0.4286,0.1571,-0.25,0,0,,,-0.0899,-0.0164,,,,,,,,,,,,,,,,,pinnacle
spelad,ED,2020/21,2021-05-01,,Utrecht,Willem II,3,2,H,10,8,2,4,0.9122,1.1141,skott,,,,,,,,,,0.6378,0.214,0.1482,0.6411,0.2095,0.1494,1,1.54,4.65,6.75,1.55,4.7,6.57,0.5793,0.596,0.0127,-0.1573,-0.4918,-2,7,0.8571,-0.034,-0.0986,0,0,,,0.0055,-0.0263,,,,,,,,,,,,,,,,,pinnacle
spelad,ED,2020/21,2021-05-01,,Vitesse,Zwolle,2,1,H,20,12,5,6,1.9846,1.6712,skott,,,,,,,,,,0.6226,0.2158,0.1616,0.6677,0.196,0.1364,1,1.64,4.6,6.06,1.51,5,7.5,0.5462,0.5793,-0.1871,0.398,0.044,-1,7,0.8571,0.0669,-0.0999,0,0,,,0.1154,-0.0309,,,,,,,,,,,,,,,,,pinnacle
spelad,ED,2020/21,2021-05-01,,Waalwijk,AZ Alkmaar,1,3,A,5,20,2,7,0.6163,2.3049,skott,,,,,,,,,,0.1304,0.1865,0.6831,0.1262,0.1735,0.7003,1,7.5,5.4,1.43,8.44,5.6,1.4,0.6674,0.6932,-0.7576,0.4986,-0.6715,2,3,-3,-0.3583,-0.1323,0,0,,,-0.0256,0.0023,,,,,,,,,,,,,,,,,pinnacle
spelad,ED,2020/21,2021-05-02,,Ajax,FC Emmen,4,0,H,15,4,6,0,1.8488,0.2368,skott,,,,,,,,,,0.8457,0.1062,0.0481,0.8708,0.0925,0.0367,1,1.15,10.2,22,1.14,12.2,29,0.731,0.7475,-0.3509,0.3534,-1.0212,0,4,3,0.3037,-0.0875,0,0,,,0.0617,-0.0225,,,,,,,,,,,,,,,,,pinnacle
spelad,ED,2020/21,2021-05-02,,Den Haag,Feyenoord,3,2,H,9,14,5,4,1.3334,1.4693,skott,,,,,,,,,,0.1127,0.1762,0.7111,0.1102,0.1614,0.7283,1,10,5.75,1.36,17,6.05,1.34,0.6549,0.6817,-0.6172,1.5932,-0.2213,0,6,-1,0.397,0.1816,0,0,,,-0.0223,-0.0198,,,,,,,,,,,,,,,,,pinnacle
spelad,ED,2020/21,2021-05-02,,Groningen,Sparta Rotterdam,1,2,A,11,11,3,4,1.1316,1.2917,skott,,,,,,,,,,0.4212,0.2812,0.2976,0.3762,0.29,0.3337,1,2.35,3.46,3.27,2.59,3.41,3,0.4627,0.4538,-0.1491,0.0351,-0.4302,0,5,1.8,0.9897,-0.2705,0,0,,,-0.1261,0.0092,,,,,,,,,,,,,,,,,pinnacle
spelad,ED,2020/21,2021-05-02,,PSV Eindhoven,Heerenveen,2,2,D,16,9,7,5,2.0681,1.3334,skott,,,,,,,,,,0.7537,0.1519,0.0944,0.7631,0.1484,0.0885,1,1.28,6.5,13,1.28,7.08,12,0.72,0.6976,0.4935,-0.3075,0.5581,0,6,0.5,-0.743,0.3206,0,0,,,0.0249,-0.0075,,,,,,,,,,,,,,,,,pinnacle
spelad,ED,2020/21,2021-05-07,,Sparta Rotterdam,Vitesse,3,0,H,13,13,6,1,1.7304,0.9297,skott,,,,,,,,,,0.2716,0.2586,0.4698,0.2732,0.268,0.4588,1,3.58,3.76,2.12,3.57,3.75,2.17,0.5347,0.5116,0.1733,-0.2234,0.05,-1,4,-1.5,-0.2744,-0.242,0,0,,,0.0142,0.0046,,,,,,,,,,,,,,,,,pinnacle
spelad,ED,2020/21,2021-05-08,,AZ Alkmaar,For Sittard,1,0,H,8,9,5,5,1.2743,1.3334,skott,,,,,,,,,,0.7198,0.1744,0.1058,0.7295,0.1642,0.1064,1,1.34,6,9.5,1.34,6.53,10.2,0.669,0.6765,0.9005,-0.779,0.5741,0,4,2.25,0.2606,0.0787,0,0,,,0.0187,-0.01,,,,,,,,,,,,,,,,,pinnacle
spelad,ED,2020/21,2021-05-08,,Heerenveen,Utrecht,0,0,D,9,10,2,2,0.853,0.9122,skott,,,,,,,,,,0.2459,0.2346,0.5195,0.2209,0.2331,0.546,1,4.2,4.14,1.9,4.91,4.2,1.87,0.5685,0.596,-0.7039,0.3715,-0.4623,-1,6,-1.5,-0.5654,0.2561,0,0,,,-0.0766,0.0074,,,,,,,,,,,,,,,,,pinnacle
spelad,ED,2020/21,2021-05-08,,Twente,Heracles,1,1,D,9,6,5,2,1.3334,0.6754,skott,,,,,,,,,,0.3909,0.2734,0.3357,0.3503,0.2823,0.3675,1,2.49,3.6,2.92,2.78,3.67,3.1,0.491,0.4807,-0.9838,1.0511,-1.2661,0,4,-0.75,-0.4659,-0.0076,0,0,,,-0.1131,0.0425,,,,,,,,,,,,,,,,,pinnacle
spelad,ED,2020/21,2021-05-08,,VVV Venlo,Waalwijk,3,3,D,13,14,5,5,1.5702,1.6294,skott,,,,,,,,,,0.4057,0.2697,0.3246,0.4003,0.271,0.3287,1,2.45,3.65,3.03,2.49,3.59,3.05,0.5347,0.5129,-0.6154,1.5997,-0.3516,0,3,1,0.6386,-0.2539,0,0,,,-0.0148,-0.0112,,,,,,,,,,,,,,,,,pinnacle
spelad,ED,2020/21,2021-05-09,,FC Emmen,Groningen,0,4,A,5,15,2,6,0.6163,1.8488,skott,,,,,,,,,,0.4606,0.2656,0.2738,0.4006,0.2923,0.3071,1,2.21,3.66,3.55,2.53,3.55,3.5,0.5167,0.4653,0.4452,-0.2167,1.2798,0,5,0,0.4049,-0.062,0,0,,,-0.1534,0.0325,,,,,,,,,,,,,,,,,pinnacle
spelad,ED,2020/21,2021-05-09,,Feyenoord,Ajax,0,3,A,15,7,4,4,1.5285,1.0549,skott,,,,,,,,,,0.1923,0.1982,0.6095,0.1538,0.1836,0.6626,1,5.25,4.95,1.64,6.8,5.45,1.51,0.6651,0.7179,-0.235,-0.2104,-0.5158,0,6,-2,-0.2763,-0.2073,0,0,,,-0.1301,0.0035,,,,,,,,,,,,,,,,,pinnacle
spelad,ED,2020/21,2021-05-09,,Willem II,PSV Eindhoven,0,2,A,0,11,0,5,0,1.4518,skott,,,,,,,,,,0.1424,0.1932,0.6644,0.1433,0.2013,0.6555,1,7.5,5.09,1.46,6.8,4.95,1.51,0.6501,0.6461,-0.1653,0.449,0.4991,1,7,-1.2857,0.2898,-0.1832,0,0,,,0.0106,0.022,,,,,,,,,,,,,,,,,pinnacle
spelad,ED,2020/21,2021-05-09,,Zwolle,Den Haag,0,1,A,11,7,3,4,1.1316,1.0549,skott,,,,,,,,,,0.5246,0.2438,0.2316,0.486,0.2641,0.2499,1,1.87,4,4.33,2.07,3.8,4.1,0.5722,0.5612,0.5759,-1.396,0.4324,1,6,0,-0.1497,-0.2561,0,0,,,-0.0954,0.0024,,,,,,,,,,,,,,,,,pinnacle
spelad,ED,2020/21,2021-05-13,,Ajax,VVV Venlo,3,1,H,19,13,10,8,2.7261,2.0506,skott,,,,,,,,,,0.8709,0.0915,0.0376,0.8639,0.0937,0.0424,1,1.12,11.5,28,1.14,12,27,0.7534,0.7708,1.273,-1.7334,1.0829,-1,6,3,0.4736,-0.1298,0,0,,,-0.0187,-0.0196,,,,,,,,,,,,,,,,,pinnacle
spelad,ED,2020/21,2021-05-13,,Den Haag,Willem II,1,4,A,14,16,7,9,1.9497,2.3884,skott,,,,,,,,,,0.2708,0.2455,0.4837,0.257,0.2563,0.4867,1,3.65,3.99,2.02,3.77,3.9,2.07,0.5747,0.5499,0.3967,-0.0162,0.2521,0,6,2,1.1074,0.065,0,0,,,-0.0307,0.0195,,,,,,,,,,,,,,,,,pinnacle
spelad,ED,2020/21,2021-05-13,,FC Emmen,Heerenveen,3,1,H,25,5,7,4,2.6008,0.9365,skott,,,,,,,,,,0.472,0.2539,0.2741,0.423,0.2601,0.3169,1,2.07,3.85,3.55,2.35,3.89,3.33,0.603,0.5995,0.3164,0.3936,0.4376,-1,4,0.75,0.6173,0.0013,0,0,,,-0.1408,0.0455,,,,,,,,,,,,,,,,,pinnacle
spelad,ED,2020/21,2021-05-13,,For Sittard,Vitesse,3,3,D,10,19,4,9,1.2325,2.5659,skott,,,,,,,,,,0.242,0.2514,0.5067,0.2759,0.239,0.4852,1,4.1,3.92,1.94,3.9,4.04,2.01,0.5783,0.5819,-0.3748,-0.3402,-0.2515,-1,5,-1.8,-0.1488,-0.2009,0,0,,,0.0892,-0.0311,,,,,,,,,,,,,,,,,pinnacle
spelad,ED,2020/21,2021-05-13,,Groningen,AZ Alkmaar,0,0,D,8,11,1,3,0.6337,1.1316,skott,,,,,,,,,,0.1504,0.2395,0.6101,0.1766,0.2352,0.5881,1,6.45,4.27,1.6,5.96,4.3,1.69,0.5398,0.5804,-1.0238,0.7644,-0.8078,-1,6,-1,0.0546,0.1176,0,0,,,0.0745,0.0032,,,,,,,,,,,,,,,,,pinnacle
spelad,ED,2020/21,2021-05-13,,Heracles,Feyenoord,1,1,D,8,11,5,3,1.2743,1.1316,skott,,,,,,,,,,0.2636,0.2526,0.4838,0.2931,0.2322,0.4747,1,3.9,3.89,2.05,3.61,4.2,2.1,0.5829,0.6411,0.4336,-0.2825,0.5292,1,7,-2.1429,-0.3162,0.1034,0,0,,,0.0682,-0.0143,,,,,,,,,,,,,,,,,pinnacle
spelad,ED,2020/21,2021-05-13,,PSV Eindhoven,Zwolle,4,2,H,18,9,10,4,2.6669,1.1733,skott,,,,,,,,,,0.8195,0.1281,0.0525,0.8546,0.1031,0.0424,1,1.2,7.7,19,1.16,10.5,25,0.6713,0.725,0.0875,0.1083,-0.0601,0,7,3,0.6883,-0.1659,0,0,,,0.0803,-0.0325,,,,,,,,,,,,,,,,,pinnacle
spelad,ED,2020/21,2021-05-13,,Sparta Rotterdam,Utrecht,0,0,D,11,17,2,6,0.9714,1.9671,skott,,,,,,,,,,0.3098,0.2481,0.4421,0.3043,0.2512,0.4445,1,3.2,3.94,2.25,3.25,3.87,2.33,0.5561,0.5696,0.5636,-0.6294,0.9541,1,5,-3,-0.9052,-0.2443,0,0,,,-0.0133,0.0308,,,,,,,,,,,,,,,,,pinnacle
spelad,ED,2020/21,2021-05-13,,Waalwijk,Twente,2,1,H,10,5,2,2,0.9122,0.6163,skott,,,,,,,,,,0.4054,0.2659,0.3287,0.3129,0.2602,0.4268,1,2.4,3.78,3,3.2,3.74,2.48,0.5674,0.5768,0.5,-0.7853,0.5996,0,3,2,1.3921,0.1181,0,0,,,-0.2831,0.0381,,,,,,,,,,,,,,,,,pinnacle
spelad,ED,2020/21,2021-05-16,,AZ Alkmaar,Heracles,5,0,H,26,4,9,2,2.9803,0.5571,skott,,,,,,,,,,0.6215,0.2086,0.1699,0.6157,0.2035,0.1809,1,1.56,4.85,6.5,1.61,4.8,5.8,0.6635,0.669,0.615,-0.2481,0.4315,0,6,2,0.3589,-0.1901,0,0,,,-0.0227,-0.01,,,,,,,,,,,,,,,,,pinnacle
spelad,ED,2020/21,2021-05-16,,Feyenoord,Waalwijk,3,0,H,14,3,6,1,1.7896,0.3377,skott,,,,,,,,,,0.6652,0.1997,0.1351,0.7391,0.1597,0.1012,1,1.45,5.5,7.6,1.36,6.5,10.5,0.6878,0.7277,-0.1241,0.3195,-0.3202,0,,,,,0,0,,,0.1817,-0.0069,,,,,,,,,,,,,,,,,pinnacle
spelad,ED,2020/21,2021-05-16,,Heerenveen,Sparta Rotterdam,1,2,A,16,13,4,4,1.5877,1.4101,skott,,,,,,,,,,0.3477,0.2679,0.3844,0.3119,0.2468,0.4413,1,2.85,3.7,2.55,3.35,4,2.21,0.5339,0.5797,-1.0516,1.0587,-1.1061,0,4,2.25,0.8224,0,0,0,,,-0.1284,-0.0163,,,,,,,,,,,,,,,,,pinnacle
spelad,ED,2020/21,2021-05-16,,Twente,Den Haag,3,2,H,23,10,9,5,2.8027,1.3926,skott,,,,,,,,,,0.5671,0.2239,0.2091,0.6383,0.1986,0.1631,1,1.71,4.4,4.8,1.57,5,7,0.578,0.6803,-0.8455,0.0145,-1.2544,0,4,-0.75,-0.5995,-0.0032,0,0,,,0.1883,-0.0253,,,,,,,,,,,,,,,,,pinnacle
spelad,ED,2020/21,2021-05-16,,Utrecht,PSV Eindhoven,1,1,D,8,10,5,3,1.2743,1.0724,skott,,,,,,,,,,0.2877,0.2551,0.4572,0.3359,0.2533,0.4109,1,3.6,4,2.13,3.13,4,2.38,0.6275,0.6427,0.1507,-0.199,0.2758,0,6,-1.5,-0.1061,-0.0565,0,0,,,0.1428,-0.0389,,,,,,,,,,,,,,,,,pinnacle
spelad,ED,2020/21,2021-05-16,,Vitesse,Ajax,1,3,A,11,18,2,8,0.9714,2.3466,skott,,,,,,,,,,0.1783,0.2234,0.5982,0.1528,0.1771,0.6701,1,5.5,4.87,1.63,7.5,5.75,1.49,0.6878,0.7618,-0.6878,1.4091,-0.2905,0,6,-0.5,0.6047,-0.0128,0,0,,,-0.1229,-0.0182,,,,,,,,,,,,,,,,,pinnacle
spelad,ED,2020/21,2021-05-16,,VVV Venlo,FC Emmen,0,4,A,12,16,2,8,1.0306,2.2282,skott,,,,,,,,,,0.2299,0.2288,0.5413,0.1742,0.2078,0.618,1,4.5,4.33,1.8,7,4.9,1.61,0.5934,0.6525,-1.0444,0.7582,-1.2959,0,5,0,0.0665,-0.0724,0,0,,,-0.1882,0.0012,,,,,,,,,,,,,,,,,pinnacle
spelad,ED,2020/21,2021-05-16,,Willem II,For Sittard,2,1,H,18,10,7,2,2.1865,0.9122,skott,,,,,,,,,,0.5131,0.2232,0.2637,0.6111,0.1934,0.1954,1,1.91,4.35,4.1,1.63,4.96,5.5,0.6075,0.6651,-0.1989,0.9274,0.0202,0,5,0.6,-0.1557,0.1715,0,0,,,0.2644,-0.0182,,,,,,,,,,,,,,,,,pinnacle
spelad,ED,2020/21,2021-05-16,,Zwolle,Groningen,1,0,H,13,11,4,1,1.4101,0.8113,skott,,,,,,,,,,0.3831,0.2703,0.3466,0.3523,0.2583,0.3895,1,2.6,3.59,2.81,2.76,3.78,2.6,0.4961,0.595,0.1896,0.1037,0.4043,0,7,0.4286,0.4338,-0.2602,0,0,,,-0.1045,0.0068,,,,,,,,,,,,,,,,,pinnacle
spelad,ED,2021/22,2021-08-13,,Go Ahead Eagles,Heerenveen,0,1,A,11,19,3,5,1.1316,1.9254,skott,,,,,,,,,,0.3461,0.2869,0.367,0.3466,0.2831,0.3703,1,2.95,3.5,2.67,2.95,3.47,2.69,0.468,0.5,,,,,,,,,1,0,,,-0.0023,-0.0134,,,,,,,,,,,,,,,,,pinnacle
spelad,ED,2021/22,2021-08-14,,Ajax,Nijmegen,5,0,H,25,7,9,1,2.9211,0.5745,skott,,,,,,,,,,0.883,0.0852,0.0318,0.9014,0.0696,0.029,1,1.1,12,35,1.08,15.33,41,0.747,0.8043,,,,,,,,,-1,0,,,0.0397,-0.0188,,,,,,,,,,,,,,,,,pinnacle
spelad,ED,2021/22,2021-08-14,,For Sittard,Twente,2,1,H,6,13,4,1,0.9957,0.9297,skott,,,,,,,,,,0.3459,0.2743,0.3798,0.3232,0.2748,0.402,1,2.8,3.62,2.6,3.05,3.58,2.55,0.545,0.5219,0.3261,-0.7412,0.7018,,3,-1,-0.1002,-0.2487,0,0,,,-0.0676,0.0107,,,,,,,,,,,,,,,,,pinnacle
spelad,ED,2021/22,2021-08-14,,Heracles,PSV Eindhoven,0,2,A,6,19,2,6,0.6754,2.0855,skott,,,,,,,,,,0.1516,0.2046,0.6438,0.1758,0.2373,0.5869,1,6.7,4.8,1.52,6.25,4.5,1.65,0.621,0.5424,-0.0717,-0.1771,-0.0508,,7,-2.5714,-0.3333,-0.0107,0,0,,,0.1052,-0.0068,,,,,,,,,,,,,,,,,pinnacle
spelad,ED,2021/22,2021-08-14,,Waalwijk,AZ Alkmaar,1,0,H,7,19,2,5,0.7346,1.9254,skott,,,,,,,,,,0.1486,0.1952,0.6561,0.1889,0.2308,0.5803,1,7.5,5,1.5,6.5,4.6,1.69,0.6435,0.5925,-0.6646,0.6954,-0.5166,,4,-3,-0.4067,-0.1426,0,0,,,0.1564,-0.0168,,,,,,,,,,,,,,,,,pinnacle
spelad,ED,2021/22,2021-08-15,,Cambuur,Groningen,1,2,A,6,11,3,7,0.8356,1.7721,skott,,,,,,,,,,0.389,0.2676,0.3435,0.4036,0.2764,0.32,1,2.6,3.67,2.87,2.5,3.58,3.12,0.5349,0.5284,,,,,,,,,1,0,,,0.0528,-0.0115,,,,,,,,,,,,,,,,,pinnacle
spelad,ED,2021/22,2021-08-15,,Utrecht,Sparta Rotterdam,4,0,H,22,7,8,1,2.5834,0.5745,skott,,,,,,,,,,0.6091,0.2212,0.1697,0.6214,0.2308,0.1478,1,1.61,4.5,5.75,1.65,4.33,6.66,0.595,0.5,-0.6837,0.6003,-0.8155,,6,2.5,0.8605,-0.0788,0,0,,,0.0467,-0.0386,,,,,,,,,,,,,,,,,pinnacle
spelad,ED,2021/22,2021-08-15,,Willem II,Feyenoord,0,4,A,6,21,3,9,0.8356,2.6843,skott,,,,,,,,,,0.228,0.229,0.543,0.18,0.2309,0.5891,1,4.3,4.3,1.83,5.5,4.5,1.68,0.6123,0.5536,-0.1975,0.6498,0.3553,,8,-1.875,-0.178,-0.0775,0,0,,,-0.142,0.0021,,,,,,,,,,,,,,,,,pinnacle
spelad,ED,2021/22,2021-08-15,,Zwolle,Vitesse,0,1,A,15,14,5,6,1.6886,1.7896,skott,,,,,,,,,,0.2484,0.2661,0.4855,0.3262,0.2786,0.3952,1,4.1,3.78,2.02,3.1,3.63,2.48,0.5375,0.5462,0.6435,-1.0078,0.7348,,8,-1.125,-0.0467,-0.112,0,0,,,0.246,-0.0204,,,,,,,,,,,,,,,,,pinnacle
spelad,ED,2021/22,2021-08-20,,Nijmegen,Zwolle,2,0,H,8,17,3,1,0.954,1.1664,skott,,,,,,,,,,0.3771,0.2828,0.3401,0.3755,0.2869,0.3377,1,2.66,3.52,2.9,2.62,3.52,3.1,0.5219,0.5039,,,,1,,,,,1,0,,,-0.0007,0.0154,,,,,,,,,,,,,,,,,pinnacle
spelad,ED,2021/22,2021-08-21,,Groningen,Utrecht,0,0,D,13,5,3,0,1.2499,0.296,skott,,,,,,,,,,0.2683,0.2535,0.4782,0.2728,0.2668,0.4603,1,3.75,3.81,2.06,3.62,3.7,2.2,0.5116,0.5219,-0.0504,0.0287,0.0151,0,7,0,0.0608,0.4624,0,0,,,0.0269,0.0186,,,,,,,,,,,,,,,,,pinnacle
spelad,ED,2021/22,2021-08-21,,Heerenveen,Waalwijk,3,2,H,11,17,4,3,1.2917,1.4867,skott,,,,,,,,,,0.5482,0.2553,0.1965,0.6215,0.2214,0.1571,1,1.85,4.02,4.91,1.7,4.42,6.5,0.5975,0.5865,-0.4887,0.4979,-0.1066,1,3,1,-0.187,0.4419,0,0,,,0.1859,-0.0689,,,,,,,,,,,,,,,,,pinnacle
spelad,ED,2021/22,2021-08-21,,PSV Eindhoven,Cambuur,4,1,H,25,8,8,4,2.761,1.1141,skott,,,,,,,,,,0.7584,0.1439,0.0977,0.7606,0.1427,0.0967,1,1.28,6.75,13,1.3,6.89,10.6,0.6773,0.6927,,,,1,,,,,-1,0,,,0.0055,-0.0291,,,,,,,,,,,,,,,,,pinnacle
spelad,ED,2021/22,2021-08-21,,Sparta Rotterdam,Heracles,1,1,D,11,12,4,4,1.2917,1.3509,skott,,,,,,,,,,0.4315,0.2993,0.2692,0.4655,0.2804,0.254,1,2.25,3.5,3.62,2.2,3.6,4.05,0.5065,0.5,0.8522,-0.5576,0.8698,-1,5,-1.2,-0.8889,0.3447,0,0,,,0.0833,-0.0148,,,,,,,,,,,,,,,,,pinnacle
spelad,ED,2021/22,2021-08-22,,Feyenoord,Go Ahead Eagles,2,0,H,29,8,9,3,3.1579,0.954,skott,,,,,,,,,,0.7662,0.153,0.0808,0.8055,0.1254,0.0691,1,1.3,6.5,12,1.22,7.78,16,0.6636,0.6795,,,,-2,,,,,-1,0,,,0.0901,-0.014,,,,,,,,,,,,,,,,,pinnacle
spelad,ED,2021/22,2021-08-22,,Twente,Ajax,1,1,D,13,9,3,3,1.2499,1.0132,skott,,,,,,,,,,0.1065,0.161,0.7325,0.0875,0.1455,0.7669,1,9.5,6.12,1.32,12,6.8,1.28,0.6913,0.7037,-1.2705,1.6097,-1.2987,0,5,-1.2,0.4172,0.0642,0,0,,,-0.0724,0.0169,,,,,,,,,,,,,,,,,pinnacle
spelad,ED,2021/22,2021-08-22,,Vitesse,Willem II,0,3,A,17,13,6,4,1.9671,1.4101,skott,,,,,,,,,,0.584,0.2328,0.1832,0.5521,0.2393,0.2085,1,1.72,4.25,5.61,1.86,4.1,4.67,0.5797,0.5865,0.0557,-0.1719,0.0258,0,7,1.7143,0.427,0.1741,0,0,,,-0.0891,-0.0686,,,,,,,,,,,,,,,,,pinnacle
spelad,ED,2021/22,2021-08-27,,For Sittard,Waalwijk,2,2,D,11,15,2,5,0.9714,1.6886,skott,,,,,,,,,,0.5395,0.2363,0.2243,0.5315,0.2396,0.2289,1,1.88,4.11,4.5,1.95,4.1,4.6,0.5685,0.5819,0.0018,-0.3045,0.0793,7,3,3,1.4908,-0.2497,0,0,,,-0.0205,-0.0029,,,,,,,,,,,,,,,,,pinnacle
spelad,ED,2021/22,2021-08-28,,Cambuur,Twente,2,0,H,23,10,6,2,2.3223,0.9122,skott,,,,,,,,,,0.3679,0.271,0.361,0.3727,0.2787,0.3486,1,2.73,3.65,2.75,2.65,3.64,2.86,0.5663,0.5561,,,,1,,,,,1,0,,,0.0219,0.0025,,,,,,,,,,,,,,,,,pinnacle
spelad,ED,2021/22,2021-08-28,,Go Ahead Eagles,Sparta Rotterdam,2,0,H,18,13,7,1,2.1865,0.9297,skott,,,,,,,,,,0.2989,0.2799,0.4211,0.3516,0.2916,0.3568,1,3.26,3.48,2.37,2.79,3.4,2.85,0.4858,0.4501,,,,-1,,,,,1,0,,,0.1697,0.0015,,,,,,,,,,,,,,,,,pinnacle
spelad,ED,2021/22,2021-08-28,,PSV Eindhoven,Groningen,5,2,H,16,14,8,4,2.2282,1.4693,skott,,,,,,,,,,0.7241,0.1783,0.0976,0.7581,0.1613,0.0806,1,1.37,5.5,10,1.28,6.4,13,0.601,0.6244,0.7573,-0.3585,0.3573,0,8,2.25,0.3219,0.0562,0,0,,,0.085,-0.0129,,,,,,,,,,,,,,,,,pinnacle
spelad,ED,2021/22,2021-08-28,,Willem II,Zwolle,1,0,H,16,11,3,4,1.4275,1.2917,skott,,,,,,,,,,0.4376,0.2845,0.2779,0.5089,0.2592,0.232,1,2.24,3.6,3.5,1.97,3.84,4.3,0.5194,0.4897,0.3306,0.134,0.2562,-2,8,0.75,0.423,-0.0044,0,0,,,0.1884,-0.0076,,,,,,,,,,,,,,,,,pinnacle
spelad,ED,2021/22,2021-08-29,,Ajax,Vitesse,5,0,H,29,7,11,1,3.4782,0.5745,skott,,,,,,,,,,0.7748,0.1445,0.0807,0.8384,0.1058,0.0558,1,1.26,7,12.5,1.16,10,20,0.7004,0.7875,0.9084,-2.1544,0.5707,0,7,0.8571,-0.3912,-0.0363,0,0,,,0.1519,-0.0005,,,,,,,,,,,,,,,,,pinnacle
spelad,ED,2021/22,2021-08-29,,Heerenveen,AZ Alkmaar,1,3,A,7,15,3,5,0.8948,1.6886,skott,,,,,,,,,,0.2479,0.2663,0.4858,0.2398,0.249,0.5112,1,3.99,3.78,2.03,4.2,3.95,2.07,0.559,0.5768,-0.2443,0.4556,0.0426,-7,8,-1.5,-0.1362,-0.2195,0,0,,,-0.0415,0.0316,,,,,,,,,,,,,,,,,pinnacle
spelad,ED,2021/22,2021-08-29,,Heracles,Nijmegen,0,1,A,14,6,4,4,1.4693,0.9957,skott,,,,,,,,,,0.5421,0.2287,0.2292,0.5195,0.2441,0.2364,1,1.9,4.3,4.5,1.91,3.99,4.2,0.5424,0.5573,,,,-1,,,,,-1,0,,,-0.0524,-0.0243,,,,,,,,,,,,,,,,,pinnacle
spelad,ED,2021/22,2021-08-29,,Utrecht,Feyenoord,3,1,H,19,12,7,2,2.2457,1.0306,skott,,,,,,,,,,0.3372,0.2863,0.3765,0.3815,0.2622,0.3563,1,2.9,3.68,2.58,2.62,3.8,2.75,0.5663,0.591,0.2583,-0.4174,0.2113,1,8,-1.125,-0.3689,0.1341,0,0,,,0.1088,-0.022,,,,,,,,,,,,,,,,,pinnacle
spelad,ED,2021/22,2021-09-11,,AZ Alkmaar,PSV Eindhoven,0,3,A,7,10,3,4,0.8948,1.2325,skott,,,,,,,,,,0.2953,0.2485,0.4562,0.3157,0.2579,0.4264,1,3.35,4,2.14,3.4,4,2.35,0.5865,0.6005,-0.3597,0.3029,-0.1384,-1,7,0.4286,0.6971,-0.2323,0,0,,,0.0704,-0.0081,,,,,,,,,,,,,,,,,pinnacle
spelad,ED,2021/22,2021-09-11,,Cambuur,Go Ahead Eagles,5,2,H,15,13,9,7,2.3292,1.8905,skott,,,,,,,,,,0.5557,0.2454,0.1989,0.5887,0.228,0.1833,1,1.87,3.99,5,1.91,4.26,5.3,0.5323,0.59,,,,0,,,,,0,0,,,0.0817,-0.059,,,,,,,,,,,,,,,,,pinnacle
spelad,ED,2021/22,2021-09-11,,Twente,Utrecht,1,0,H,11,11,5,1,1.4518,0.8113,skott,,,,,,,,,,0.2629,0.2651,0.472,0.2189,0.2473,0.5339,1,3.72,3.7,2.07,4.5,3.93,2.04,0.5387,0.5487,-0.9826,1.1356,-1.0173,1,6,-1,0.1353,-0.2325,0,0,,,-0.1501,0.0395,,,,,,,,,,,,,,,,,pinnacle
spelad,ED,2021/22,2021-09-11,,Zwolle,Ajax,0,2,A,9,17,2,8,0.853,2.2874,skott,,,,,,,,,,0.0769,0.1333,0.7898,0.0659,0.1275,0.8066,1,15,8.5,1.23,17,8.5,1.22,0.7009,0.6883,-1.2004,2.0421,-0.5808,1,7,-3,-0.3439,-0.1208,0,0,,,-0.0388,0.0063,,,,,,,,,,,,,,,,,pinnacle
spelad,ED,2021/22,2021-09-12,,Groningen,Heerenveen,1,1,D,15,8,3,2,1.3683,0.7938,skott,,,,,,,,,,0.4651,0.2649,0.27,0.4673,0.2671,0.2656,1,2.19,3.67,3.6,2.15,3.68,3.7,0.5193,0.5244,-0.1579,-0.221,0.2441,1,7,0,-0.2102,0.4467,0,0,,,0.0089,-0.0323,,,,,,,,,,,,,,,,,pinnacle
spelad,ED,2021/22,2021-09-12,,Nijmegen,Willem II,0,0,D,22,8,8,2,2.5834,0.7938,skott,,,,,,,,,,0.3466,0.2831,0.3703,0.3674,0.2774,0.3553,1,2.81,3.5,2.75,2.8,3.55,2.74,0.5026,0.5179,,,,-1,,,,,1,0,,,0.0566,-0.0262,,,,,,,,,,,,,,,,,pinnacle
spelad,ED,2021/22,2021-09-12,,Sparta Rotterdam,For Sittard,3,1,H,18,4,8,2,2.3466,0.5571,skott,,,,,,,,,,0.5,0.2526,0.2474,0.4692,0.2625,0.2683,1,2.01,4,3.9,2.2,4,3.75,0.5194,0.5256,0.3959,0.1699,0.2339,-1,4,0,-0.5326,0.2557,0,0,,,-0.0824,-0.0251,,,,,,,,,,,,,,,,,pinnacle
spelad,ED,2021/22,2021-09-12,,Waalwijk,Vitesse,1,2,A,9,9,4,4,1.1733,1.1733,skott,,,,,,,,,,0.2913,0.254,0.4547,0.3202,0.2726,0.4072,1,3.6,3.97,2.14,3.3,3.84,2.27,0.5829,0.5674,0.2953,-1.1469,0.4896,2,3,-2,-0.3886,0.1309,0,0,,,0.1051,-0.0471,,,,,,,,,,,,,,,,,pinnacle
spelad,ED,2021/22,2021-09-17,,Sparta Rotterdam,Nijmegen,1,1,D,15,11,4,4,1.5285,1.2917,skott,,,,,,,,,,0.4626,0.2691,0.2683,0.4832,0.2618,0.2549,1,2.11,3.7,3.75,2.05,3.75,4,0.4807,0.5064,,,,0,,,,,-1,0,,,0.0548,-0.0118,,,,,,,,,,,,,,,,,pinnacle
spelad,ED,2021/22,2021-09-18,,Ajax,Cambuur,9,0,H,21,11,11,2,3.0046,0.9714,skott,,,,,,,,,,0.8905,0.0766,0.0329,0.9036,0.0693,0.0271,1,1.11,13.59,31,1.11,15.02,36.04,0.7956,0.8369,,,,0,,,,,-1,0,,,0.0321,-0.0342,,,,,,,,,,,,,,,,,pinnacle
spelad,ED,2021/22,2021-09-18,,Heerenveen,For Sittard,1,0,H,17,13,7,4,2.1273,1.4101,skott,,,,,,,,,,0.5505,0.2312,0.2182,0.5508,0.2376,0.2116,1,1.87,4.2,4.75,1.83,4.2,4.75,0.566,0.5689,-0.1675,0.619,-0.245,0,6,0.5,-0.0732,-0.0777,0,0,,,0.0071,-0.0203,,,,,,,,,,,,,,,,,pinnacle
spelad,ED,2021/22,2021-09-18,,Utrecht,Waalwijk,2,2,D,19,13,6,5,2.0855,1.5702,skott,,,,,,,,,,0.7284,0.1682,0.1034,0.7458,0.1598,0.0944,1,1.35,5.9,11,1.3,6.02,12,0.634,0.6476,0.2367,-0.6565,-0.2159,1,4,0,-0.7394,-0.1787,0,0,,,0.0437,-0.0016,,,,,,,,,,,,,,,,,pinnacle
spelad,ED,2021/22,2021-09-18,,Willem II,Groningen,2,1,H,7,14,3,5,0.8948,1.6294,skott,,,,,,,,,,0.3925,0.283,0.3245,0.4318,0.2737,0.2944,1,2.55,3.58,3.1,2.54,3.56,3.4,0.4974,0.5026,0.9128,-0.7848,0.4277,0,8,-0.375,0.0279,-0.1489,0,0,,,0.1087,-0.0098,,,,,,,,,,,,,,,,,pinnacle
spelad,ED,2021/22,2021-09-19,,Go Ahead Eagles,Zwolle,1,0,H,19,9,7,3,2.2457,1.0132,skott,,,,,,,,,,0.3893,0.2863,0.3244,0.4245,0.2937,0.2818,1,2.57,3.45,3.05,2.45,3.32,3.53,0.4756,0.4388,,,,0,,,,,1,0,,,0.1131,-0.0256,,,,,,,,,,,,,,,,,pinnacle
spelad,ED,2021/22,2021-09-19,,Heracles,AZ Alkmaar,3,2,H,14,10,7,4,1.9497,1.2325,skott,,,,,,,,,,0.2323,0.2523,0.5154,0.2008,0.232,0.5672,1,4.33,3.98,1.91,5.25,4.23,1.77,0.5524,0.5623,-0.2813,0.2703,-0.3339,7,7,-2.1429,-0.2512,-0.192,0,0,,,-0.1149,0.0221,,,,,,,,,,,,,,,,,pinnacle
spelad,ED,2021/22,2021-09-19,,PSV Eindhoven,Feyenoord,0,4,A,14,10,3,4,1.3091,1.2325,skott,,,,,,,,,,0.5614,0.2363,0.2023,0.5708,0.2378,0.1914,1,1.77,4.25,4.95,1.75,4.2,5.15,0.6171,0.5865,0.7914,-1.0035,0.8273,-7,8,-0.375,-0.4748,0.1265,0,0,,,0.0298,-0.0243,,,,,,,,,,,,,,,,,pinnacle
spelad,ED,2021/22,2021-09-19,,Vitesse,Twente,1,4,A,19,12,7,7,2.2457,1.8313,skott,,,,,,,,,,0.4784,0.2556,0.2661,0.5335,0.2433,0.2232,1,2.12,3.84,3.75,2,4.01,4.75,0.5649,0.5398,0.3289,0.4374,0.1669,-1,6,1.5,0.5675,-0.0881,0,0,,,0.153,-0.0221,,,,,,,,,,,,,,,,,pinnacle
spelad,ED,2021/22,2021-09-21,,For Sittard,Ajax,0,5,A,6,25,1,9,0.5153,2.9211,skott,,,,,,,,,,0.0452,0.1047,0.8502,0.0453,0.1058,0.8489,1,23,10.5,1.15,22.56,9.74,1.16,0.7435,0.751,-0.8348,1.9604,-0.2933,0,5,-3,-0.2326,-0.0862,0,0,,,0.0015,0.0249,,,,,,,,,,,,,,,,,pinnacle
spelad,ED,2021/22,2021-09-21,,Waalwijk,Willem II,1,2,A,11,14,4,5,1.2917,1.6294,skott,,,,,,,,,,0.3818,0.2667,0.3515,0.4054,0.2725,0.3221,1,2.71,3.7,2.79,2.54,3.65,3.02,0.5424,0.5473,-1.0676,1.0803,-0.4129,0,3,-2,-0.5802,0.0935,0,0,,,0.0765,-0.0207,,,,,,,,,,,,,,,,,pinnacle
spelad,ED,2021/22,2021-09-22,,Feyenoord,Heerenveen,3,1,H,21,5,9,1,2.6843,0.4561,skott,,,,,,,,,,0.6809,0.1852,0.1339,0.7403,0.1607,0.099,1,1.43,5.3,8,1.36,6.25,11,0.6329,0.6581,-0.2221,-0.3403,-0.1271,-1,8,1.5,0.1365,0.0356,0,0,,,0.1538,-0.0086,,,,,,,,,,,,,,,,,pinnacle
spelad,ED,2021/22,2021-09-22,,Go Ahead Eagles,PSV Eindhoven,1,2,A,12,19,5,8,1.511,2.4058,skott,,,,,,,,,,0.0884,0.1649,0.7466,0.1171,0.1905,0.6925,1,11,6,1.33,8.6,5.2,1.44,0.6286,0.6152,-0.5841,0.9139,-0.1612,0,,,,,1,0,,,0.1115,0.0234,,,,,,,,,,,,,,,,,pinnacle
spelad,ED,2021/22,2021-09-22,,Groningen,Vitesse,0,1,A,8,13,2,3,0.7938,1.2499,skott,,,,,,,,,,0.3879,0.2705,0.3416,0.4145,0.2791,0.3063,1,2.55,3.64,2.93,2.39,3.65,3.29,0.5219,0.5167,-0.1155,-1.0937,0.4986,1,8,0.375,0.4803,-0.1433,0,0,,,0.0885,-0.0034,,,,,,,,,,,,,,,,,pinnacle
spelad,ED,2021/22,2021-09-22,,Nijmegen,Utrecht,0,3,A,12,12,3,4,1.1907,1.3509,skott,,,,,,,,,,0.2066,0.2478,0.5456,0.2291,0.2543,0.5167,1,4.75,4.1,1.83,4.33,3.93,1.92,0.5347,0.5256,0.5993,0.3038,1.0032,1,,,,,1,0,,,0.0739,0.0074,,,,,,,,,,,,,,,,,pinnacle
spelad,ED,2021/22,2021-09-22,,Zwolle,Sparta Rotterdam,1,1,D,16,8,4,4,1.5877,1.1141,skott,,,,,,,,,,0.3465,0.2942,0.3593,0.306,0.2985,0.3955,1,2.81,3.42,2.76,3.3,3.3,2.8,0.4744,0.4181,-0.9894,0.8952,-0.7908,-2,5,0.6,0.2147,0.1336,0,0,,,-0.1173,0.004,,,,,,,,,,,,,,,,,pinnacle
spelad,ED,2021/22,2021-09-23,,Cambuur,Heracles,2,1,H,10,17,4,4,1.2325,1.6469,skott,,,,,,,,,,0.4444,0.2589,0.2967,0.4102,0.2635,0.3263,1,2.27,3.85,3.29,2.44,3.81,3.1,0.5758,0.598,0.1961,0.9513,0.1829,1,,,,,1,0,,,-0.0979,-0.0043,,,,,,,,,,,,,,,,,pinnacle
spelad,ED,2021/22,2021-09-23,,Twente,AZ Alkmaar,3,1,H,11,11,7,5,1.7721,1.4518,skott,,,,,,,,,,0.2796,0.2637,0.4568,0.2809,0.2649,0.4542,1,3.53,3.85,2.13,3.49,3.83,2.25,0.5783,0.5155,0.1015,-0.0902,0.444,0,6,-2,-0.2761,-0.2121,0,0,,,0.0053,0.0136,,,,,,,,,,,,,,,,,pinnacle
spelad,ED,2021/22,2021-09-25,,Ajax,Groningen,3,0,H,23,5,9,2,2.8027,0.6163,skott,,,,,,,,,,0.9155,0.0638,0.0206,0.9054,0.0677,0.0269,1,1.06,16,60,1.08,16,40,0.7708,0.8091,1.2078,-2.8688,0.5715,1,8,1.5,-0.1894,-0.1448,0,0,,,-0.0265,-0.023,,,,,,,,,,,,,,,,,pinnacle
spelad,ED,2021/22,2021-09-25,,Feyenoord,Nijmegen,5,3,H,19,8,7,3,2.2457,0.954,skott,,,,,,,,,,0.7893,0.139,0.0718,0.7969,0.1381,0.065,1,1.24,7.2,15,1.27,7.08,14.84,0.6751,0.6533,0.0236,-0.9635,-0.0728,0,,,,,-1,0,,,0.022,-0.048,,,,,,,,,,,,,,,,,pinnacle
spelad,ED,2021/22,2021-09-25,,Utrecht,Zwolle,5,1,H,22,8,11,3,3.0638,0.954,skott,,,,,,,,,,0.7436,0.1667,0.0898,0.7161,0.1804,0.1035,1,1.33,5.9,11,1.4,5.5,9.4,0.6084,0.5865,0.6968,-1.1731,0.3366,0,8,0.75,-0.1326,0.2568,0,0,,,-0.0687,-0.0341,,,,,,,,,,,,,,,,,pinnacle
spelad,ED,2021/22,2021-09-25,,Vitesse,For Sittard,1,1,D,22,2,9,1,2.7435,0.2785,skott,,,,,,,,,,0.5879,0.223,0.1891,0.6513,0.1997,0.1491,1,1.66,4.5,5.3,1.63,5.1,7.3,0.6005,0.5768,0.0917,0.9619,0.2613,-1,6,1.5,0.1757,-0.0406,0,0,,,0.1668,-0.0166,,,,,,,,,,,,,,,,,pinnacle
spelad,ED,2021/22,2021-09-25,,Willem II,PSV Eindhoven,2,1,H,3,25,1,9,0.3377,2.9211,skott,,,,,,,,,,0.1572,0.221,0.6218,0.1361,0.1993,0.6646,1,6.25,4.7,1.58,7.75,4.9,1.53,0.5829,0.6127,0.649,-0.645,0.6812,1,8,-1.5,0.1747,-0.1855,0,0,,,-0.0851,0.0168,,,,,,,,,,,,,,,,,pinnacle
spelad,ED,2021/22,2021-09-26,,AZ Alkmaar,Go Ahead Eagles,5,0,H,17,6,13,1,3.0881,0.5153,skott,,,,,,,,,,0.7158,0.1763,0.1079,0.7187,0.1774,0.1039,1,1.36,5.6,10,1.37,5.5,10,0.6364,0.6322,-0.1147,-0.0508,-0.6339,-1,,,,,-1,0,,,0.0098,-0.0143,,,,,,,,,,,,,,,,,pinnacle
spelad,ED,2021/22,2021-09-26,,Heerenveen,Twente,2,3,A,12,13,3,5,1.1907,1.5702,skott,,,,,,,,,,0.4002,0.281,0.3188,0.4123,0.2845,0.3031,1,2.43,3.64,3.1,2.41,3.57,3.21,0.5193,0.509,-0.093,0.3514,-0.4326,1,6,1.5,0.5391,0.2369,0,0,,,0.04,-0.0227,,,,,,,,,,,,,,,,,pinnacle
spelad,ED,2021/22,2021-09-26,,Heracles,Waalwijk,1,0,H,22,5,9,0,2.7435,0.296,skott,,,,,,,,,,0.5247,0.2495,0.2257,0.6031,0.2167,0.1801,1,1.9,3.91,4.35,1.83,4.49,5.39,0.5536,0.6015,-0.2647,0.4504,-0.4607,-2,4,-1.5,-1.0724,-0.2314,0,0,,,0.2024,-0.044,,,,,,,,,,,,,,,,,pinnacle
spelad,ED,2021/22,2021-09-26,,Sparta Rotterdam,Cambuur,0,4,A,9,9,1,5,0.6929,1.3334,skott,,,,,,,,,,0.4873,0.2546,0.2581,0.5161,0.2438,0.2402,1,2.04,3.89,3.78,2,4.06,4.04,0.5703,0.6049,-0.3067,-0.6295,-0.505,1,,,,,-1,0,,,0.0755,-0.0369,,,,,,,,,,,,,,,,,pinnacle
spelad,ED,2021/22,2021-10-01,,Groningen,Twente,1,1,D,8,11,4,3,1.1141,1.1316,skott,,,,,,,,,,0.3476,0.2879,0.3645,0.3682,0.2919,0.3399,1,2.8,3.48,2.75,2.72,3.46,2.86,0.5026,0.4807,-1.2764,1.3878,-1.2754,1,6,-0.5,-0.398,0.2282,0,0,,,0.0659,-0.0181,,,,,,,,,,,,,,,,,pinnacle
spelad,ED,2021/22,2021-10-02,,For Sittard,Nijmegen,1,3,A,11,10,3,4,1.1316,1.2325,skott,,,,,,,,,,0.3875,0.2748,0.3377,0.3642,0.277,0.3588,1,2.55,3.58,3.15,2.72,3.56,2.91,0.5256,0.5116,0.0868,-0.9107,-0.4758,0,,,,,-1,0,,,-0.0677,0.0087,,,,,,,,,,,,,,,,,pinnacle
spelad,ED,2021/22,2021-10-02,,Heracles,Willem II,3,2,H,17,13,7,5,2.1273,1.5702,skott,,,,,,,,,,0.5087,0.246,0.2453,0.5482,0.2444,0.2073,1,2.05,3.95,4.12,1.99,4,4.68,0.5321,0.5448,-1.7995,2.1484,-1.2954,-1,8,-0.75,-0.1611,-0.2578,0,0,,,0.1171,-0.05,,,,,,,,,,,,,,,,,pinnacle
spelad,ED,2021/22,2021-10-02,,Waalwijk,Go Ahead Eagles,1,1,D,16,13,3,3,1.4275,1.2499,skott,,,,,,,,,,0.4143,0.2675,0.3182,0.4304,0.2694,0.3002,1,2.38,3.68,3.2,2.36,3.65,3.4,0.5685,0.541,-0.1358,-0.5339,-0.1712,0,,,,,-1,0,,,0.0501,-0.0141,,,,,,,,,,,,,,,,,pinnacle
spelad,ED,2021/22,2021-10-02,,Zwolle,Heerenveen,0,1,A,16,9,3,2,1.4275,0.853,skott,,,,,,,,,,0.3342,0.2947,0.3712,0.3878,0.2719,0.3403,1,2.95,3.52,2.7,2.81,3.58,2.95,0.4961,0.5244,-0.7041,0.7192,-0.4294,1,7,0.8571,0.7171,-0.1155,0,0,,,0.1381,-0.0119,,,,,,,,,,,,,,,,,pinnacle
spelad,ED,2021/22,2021-10-03,,Ajax,Utrecht,0,1,A,20,8,6,4,2.1447,1.1141,skott,,,,,,,,,,0.8153,0.121,0.0637,0.793,0.1295,0.0775,1,1.23,8.37,17,1.25,7.55,13,0.7553,0.749,0.1902,-1.146,0.1246,0,7,1.2857,-0.3091,0.1238,0,0,,,-0.0584,-0.03,,,,,,,,,,,,,,,,,pinnacle
spelad,ED,2021/22,2021-10-03,,Cambuur,AZ Alkmaar,1,3,A,13,9,4,5,1.4101,1.3334,skott,,,,,,,,,,0.24,0.2347,0.5253,0.2269,0.2263,0.5468,1,4.5,4.14,1.87,4.4,4.33,1.87,0.6229,0.6452,1.0507,-0.0724,1.1958,0,,,,,1,0,,,-0.0476,0.0083,,,,,,,,,,,,,,,,,pinnacle
spelad,ED,2021/22,2021-10-03,,PSV Eindhoven,Sparta Rotterdam,2,1,H,26,5,12,2,3.4607,0.6163,skott,,,,,,,,,,0.7999,0.133,0.0671,0.8233,0.1192,0.0575,1,1.25,7.5,15,1.21,8.11,21,0.6581,0.6533,0.1391,-0.4879,0.3313,1,5,2.4,0.4951,-0.0026,0,0,,,0.0564,-0.0414,,,,,,,,,,,,,,,,,pinnacle
spelad,ED,2021/22,2021-10-03,,Vitesse,Feyenoord,2,1,H,14,19,6,3,1.7896,1.6051,skott,,,,,,,,,,0.2811,0.2349,0.4839,0.2571,0.2498,0.4932,1,3.75,4.2,2.05,4,3.98,2,0.6005,0.5833,-0.6194,2.1406,-0.5414,0,7,0,0.2233,0.1845,0,0,,,-0.0573,-0.0037,,,,,,,,,,,,,,,,,pinnacle
spelad,ED,2021/22,2021-10-16,,Feyenoord,Waalwijk,2,2,D,27,5,9,3,3.0395,0.7764,skott,,,,,,,,,,0.7983,0.1372,0.0645,0.8383,0.1115,0.0502,1,1.22,7.5,16,1.17,9.75,22,0.705,0.7063,0.7243,-0.7563,0.5249,-1,3,2,-0.0587,0.1778,0,0,,,0.0943,-0.0181,,,,,,,,,,,,,,,,,pinnacle
spelad,ED,2021/22,2021-10-16,,For Sittard,Cambuur,1,0,H,9,8,6,3,1.4936,0.954,skott,,,,,,,,,,0.3631,0.2696,0.3673,0.3503,0.2632,0.3865,1,2.68,3.83,2.75,2.85,3.82,2.56,0.584,0.5804,-0.3696,-0.2424,-0.7787,1,,,,,-1,0,,,-0.0449,-0.0003,,,,,,,,,,,,,,,,,pinnacle
spelad,ED,2021/22,2021-10-16,,Go Ahead Eagles,Heracles,4,2,H,12,22,4,6,1.3509,2.2631,skott,,,,,,,,,,0.3038,0.2754,0.4208,0.3164,0.2792,0.4044,1,3.2,3.59,2.32,3.2,3.63,2.41,0.5026,0.5141,-0.0285,-0.3035,-0.025,0,,,,,1,0,,,0.0417,-0.0079,,,,,,,,,,,,,,,,,pinnacle
spelad,ED,2021/22,2021-10-16,,Heerenveen,Ajax,0,2,A,14,15,5,3,1.6294,1.3683,skott,,,,,,,,,,0.0944,0.145,0.7606,0.0809,0.1374,0.7817,1,12.5,7,1.27,12.5,7.5,1.25,0.7084,0.7404,0.4485,1.4577,0.5549,1,8,-2.625,-0.3069,-0.0149,0,0,,,-0.0481,0.0041,,,,,,,,,,,,,,,,,pinnacle
spelad,ED,2021/22,2021-10-16,,PSV Eindhoven,Zwolle,3,1,H,29,6,10,1,3.318,0.5153,skott,,,,,,,,,,0.8314,0.1148,0.0538,0.8484,0.1,0.0516,1,1.18,8.5,20,1.14,9.95,26,0.6788,0.669,1.1633,-0.7118,0.9654,-1,8,3,0.6439,-0.158,0,0,,,0.0362,-0.0025,,,,,,,,,,,,,,,,,pinnacle
spelad,ED,2021/22,2021-10-17,,AZ Alkmaar,Utrecht,5,1,H,10,8,7,3,1.7129,0.954,skott,,,,,,,,,,0.4628,0.2531,0.2842,0.4959,0.24,0.2641,1,2.1,3.85,3.55,2.08,4.05,3.7,0.5829,0.5732,-0.8025,1.0181,-0.735,0,7,0.4286,0.0205,0.039,0,0,,,0.0863,-0.0445,,,,,,,,,,,,,,,,,pinnacle
spelad,ED,2021/22,2021-10-17,,Nijmegen,Vitesse,0,1,A,9,15,3,6,1.0132,1.8488,skott,,,,,,,,,,0.3161,0.2624,0.4215,0.3346,0.2743,0.3911,1,3.2,3.71,2.31,2.92,3.61,2.5,0.5321,0.5167,0.1094,-0.7631,0.2233,1,,,,,1,0,,,0.0674,0.0069,,,,,,,,,,,,,,,,,pinnacle
spelad,ED,2021/22,2021-10-17,,Sparta Rotterdam,Groningen,1,1,D,17,7,5,3,1.807,0.8948,skott,,,,,,,,,,0.4058,0.2907,0.3034,0.3836,0.2883,0.3281,1,2.4,3.58,3.25,2.55,3.38,3.1,0.4936,0.4744,0.3785,-0.3797,-0.2556,-2,6,-1,-0.3145,-0.2738,0,0,,,-0.0691,0.0066,,,,,,,,,,,,,,,,,pinnacle
spelad,ED,2021/22,2021-10-17,,Twente,Willem II,1,1,D,6,7,2,3,0.6754,0.8948,skott,,,,,,,,,,0.5512,0.2488,0.2,0.5835,0.2398,0.1768,1,1.77,4.02,5,1.76,4.06,5.49,0.5524,0.5141,-0.7425,0.6626,-0.1995,1,5,-0.6,-0.5122,0.1385,0,0,,,0.0878,-0.0533,,,,,,,,,,,,,,,,,pinnacle
spelad,ED,2021/22,2021-10-22,,Willem II,For Sittard,1,1,D,21,11,7,7,2.3641,1.7721,skott,,,,,,,,,,0.491,0.2545,0.2545,0.516,0.2513,0.2326,1,2.01,4,4.5,1.9,4,4.5,0.5193,0.5244,0.9875,-1.4923,1.0681,-1,6,1,0.0325,0.1107,0,0,,,0.0719,-0.0204,,,,,,,,,,,,,,,,,pinnacle
spelad,ED,2021/22,2021-10-23,,Utrecht,Heerenveen,2,1,H,16,12,6,6,1.9079,1.6712,skott,,,,,,,,,,0.6548,0.2062,0.139,0.6939,0.1833,0.1228,1,1.49,4.81,7.2,1.48,5.59,8.4,0.6074,0.6557,0.2224,-0.5771,0.104,-1,7,1.2857,0.1407,0.329,0,0,,,0.0945,-0.0308,,,,,,,,,,,,,,,,,pinnacle
spelad,ED,2021/22,2021-10-23,,Waalwijk,Sparta Rotterdam,1,0,H,10,9,4,2,1.2325,0.853,skott,,,,,,,,,,0.3577,0.2695,0.3728,0.3607,0.2799,0.3594,1,2.74,3.65,2.72,2.76,3.51,2.71,0.5282,0.4936,-0.2338,-0.3922,0.1331,1,4,-3,-1.0027,-0.2505,0,0,,,0.0194,-0.0175,,,,,,,,,,,,,,,,,pinnacle
spelad,ED,2021/22,2021-10-23,,Zwolle,Heracles,1,0,H,10,10,2,3,0.9122,1.0724,skott,,,,,,,,,,0.3148,0.2658,0.4193,0.3137,0.2877,0.3986,1,3.1,3.66,2.5,3.35,3.45,2.48,0.5026,0.4627,-0.4382,-0.0782,-0.6278,0,7,-0.4286,-0.171,0.0277,0,0,,,0.0185,-0.0001,,,,,,,,,,,,,,,,,pinnacle
spelad,ED,2021/22,2021-10-24,,Ajax,PSV Eindhoven,5,0,H,16,10,7,5,2.0681,1.3926,skott,,,,,,,,,,0.6668,0.1918,0.1414,0.6769,0.1826,0.1405,1,1.49,5.35,7,1.5,5.7,7.5,0.669,0.7041,0.1456,-2.1812,-0.2224,0,8,0.375,-0.2679,0.1459,0,0,,,0.021,-0.0094,,,,,,,,,,,,,,,,,pinnacle
spelad,ED,2021/22,2021-10-24,,Cambuur,Feyenoord,2,3,A,8,21,4,5,1.1141,2.0438,skott,,,,,,,,,,0.1778,0.202,0.6202,0.1777,0.215,0.6074,1,6,4.85,1.6,6.5,5,1.6,0.6644,0.6501,0.1798,0.6965,0.3984,0,,,,,1,0,,,0.0124,-0.0027,,,,,,,,,,,,,,,,,pinnacle
spelad,ED,2021/22,2021-10-24,,Groningen,AZ Alkmaar,2,0,H,8,21,4,9,1.1141,2.6843,skott,,,,,,,,,,0.2185,0.2456,0.5359,0.2289,0.2672,0.5039,1,4.75,3.95,1.85,4.4,3.68,1.98,0.5335,0.4795,-0.6172,1.0084,-0.2758,0,7,-0.8571,0.0803,0.2101,0,0,,,0.0527,0.0002,,,,,,,,,,,,,,,,,pinnacle
spelad,ED,2021/22,2021-10-24,,Twente,Nijmegen,1,2,A,20,6,6,4,2.1447,0.9957,skott,,,,,,,,,,0.5577,0.2438,0.1985,0.5814,0.2433,0.1753,1,1.78,4.15,4.9,1.76,4.03,5.54,0.5473,0.5039,0.3979,-0.6412,0.4407,0,,,,,-1,0,,,0.0706,-0.0334,,,,,,,,,,,,,,,,,pinnacle
spelad,ED,2021/22,2021-10-24,,Vitesse,Go Ahead Eagles,1,2,A,11,10,3,6,1.1316,1.5528,skott,,,,,,,,,,0.6143,0.2206,0.1651,0.5575,0.2462,0.1964,1,1.58,4.65,6.2,1.74,4.08,5.3,0.584,0.5561,-0.0939,0.9649,-0.1092,-1,,,,,-1,0,,,-0.145,-0.0069,,,,,,,,,,,,,,,,,pinnacle
spelad,ED,2021/22,2021-10-30,,AZ Alkmaar,Zwolle,3,2,H,17,7,6,3,1.9671,0.8948,skott,,,,,,,,,,0.7648,0.1549,0.0802,0.7724,0.1521,0.0755,1,1.27,6.5,13.5,1.26,6.75,13,0.6329,0.6186,0.2997,-0.4911,0.0988,-1,8,1.125,-0.3198,0.4208,0,0,,,0.02,-0.026,,,,,,,,,,,,,,,,,pinnacle
spelad,ED,2021/22,2021-10-30,,Heerenveen,Vitesse,1,2,A,6,26,1,9,0.5153,2.9803,skott,,,,,,,,,,0.3588,0.2672,0.374,0.3602,0.2686,0.3712,1,2.71,3.71,2.7,2.7,3.75,2.85,0.5623,0.5758,-0.3203,-0.48,-0.347,1,8,0,0.0458,0.2374,0,0,,,0.0055,0.0304,,,,,,,,,,,,,,,,,pinnacle
spelad,ED,2021/22,2021-10-30,,Heracles,Ajax,0,0,D,7,18,5,7,1.2151,2.1865,skott,,,,,,,,,,0.0655,0.131,0.8035,0.0792,0.1449,0.7759,1,16.5,7.59,1.2,13,7.6,1.27,0.6933,0.6954,-0.9602,3.1666,-0.278,1,8,-0.375,0.8973,0.0032,0,0,,,0.055,0.0128,,,,,,,,,,,,,,,,,pinnacle
spelad,ED,2021/22,2021-10-30,,PSV Eindhoven,Twente,5,2,H,20,7,12,4,3.1056,1.0549,skott,,,,,,,,,,0.7216,0.1699,0.1084,0.6969,0.1849,0.1183,1,1.36,5.75,9.8,1.41,5.3,10.5,0.6331,0.5945,-0.4521,1.645,-0.5613,0,6,1.5,-0.2296,0.3125,0,0,,,-0.0594,-0.0126,,,,,,,,,,,,,,,,,pinnacle
spelad,ED,2021/22,2021-10-31,,Go Ahead Eagles,For Sittard,4,3,H,23,11,5,5,2.1622,1.4518,skott,,,,,,,,,,0.5222,0.2459,0.2318,0.5041,0.2615,0.2344,1,1.98,3.95,4.24,1.97,3.9,4.33,0.5587,0.5685,0.4217,0.0203,0.9175,-2,,,,,0,0,,,-0.039,-0.0197,,,,,,,,,,,,,,,,,pinnacle
spelad,ED,2021/22,2021-10-31,,Nijmegen,Groningen,3,0,H,18,11,9,1,2.5068,0.8113,skott,,,,,,,,,,0.3702,0.2906,0.3392,0.3581,0.3025,0.3394,1,2.64,3.44,2.87,2.72,3.41,2.91,0.4871,0.4377,0.5102,-0.208,0.6861,0,,,,,0,0,,,-0.0243,0.0086,,,,,,,,,,,,,,,,,pinnacle
spelad,ED,2021/22,2021-10-31,,Sparta Rotterdam,Feyenoord,0,1,A,6,15,2,6,0.6754,1.8488,skott,,,,,,,,,,0.1527,0.205,0.6422,0.1702,0.2038,0.626,1,6.5,4.73,1.58,6.3,4.76,1.6,0.6049,0.5945,-0.58,0.4879,-0.6402,1,5,-1.8,-0.2248,0.2118,0,0,,,0.0513,-0.0021,,,,,,,,,,,,,,,,,pinnacle
spelad,ED,2021/22,2021-10-31,,Utrecht,Willem II,5,1,H,19,9,7,3,2.2457,1.0132,skott,,,,,,,,,,0.6957,0.1966,0.1077,0.6726,0.2069,0.1205,1,1.44,5.25,8.98,1.45,5.05,8.1,0.6152,0.6108,-0.2565,0.3984,-0.3081,-1,8,1.125,0.0786,-0.1125,0,0,,,-0.0591,-0.008,,,,,,,,,,,,,,,,,pinnacle
spelad,ED,2021/22,2021-10-31,,Waalwijk,Cambuur,0,1,A,20,14,3,5,1.6643,1.6294,skott,,,,,,,,,,0.3761,0.2604,0.3635,0.3877,0.2659,0.3463,1,2.62,3.75,2.71,2.55,3.73,2.85,0.591,0.5696,-0.4516,-0.4923,-0.4944,1,,,,,0,0,,,0.0404,-0.0132,,,,,,,,,,,,,,,,,pinnacle
spelad,ED,2021/22,2021-11-05,,Twente,Heracles,1,0,H,15,10,5,2,1.6886,0.9122,skott,,,,,,,,,,0.4324,0.278,0.2896,0.4459,0.2834,0.2708,1,2.33,3.55,3.45,2.25,3.55,3.7,0.4781,0.4718,0.8313,-1.236,0.6507,0,5,-0.6,-0.4394,0.1374,0,0,,,0.0457,-0.0324,,,,,,,,,,,,,,,,,pinnacle
spelad,ED,2021/22,2021-11-06,,Nijmegen,Heerenveen,1,1,D,17,19,7,6,2.1273,2.0855,skott,,,,,,,,,,0.4175,0.2804,0.3021,0.4287,0.2764,0.2949,1,2.4,3.54,3.22,2.45,3.67,3.33,0.509,0.5335,0.1498,0.0491,0.5061,-1,,,,,0,0,,,0.0295,-0.0556,,,,,,,,,,,,,,,,,pinnacle
spelad,ED,2021/22,2021-11-06,,Willem II,Sparta Rotterdam,0,3,A,8,10,0,5,0.4736,1.3926,skott,,,,,,,,,,0.4443,0.2695,0.2862,0.3715,0.2905,0.338,1,2.21,3.64,3.5,2.62,3.4,3.2,0.5064,0.4602,0.9682,-0.7719,0.9624,0,5,0,0.1119,-0.0668,0,0,,,-0.1974,0.0476,,,,,,,,,,,,,,,,,pinnacle
spelad,ED,2021/22,2021-11-06,,Zwolle,Cambuur,1,2,A,14,13,4,4,1.4693,1.4101,skott,,,,,,,,,,0.4442,0.2688,0.287,0.436,0.2693,0.2946,1,2.3,3.7,3.41,2.35,3.7,3.3,0.5462,0.5335,-0.698,0.129,-0.6854,1,,,,,0,0,,,-0.0241,-0.0198,,,,,,,,,,,,,,,,,pinnacle
spelad,ED,2021/22,2021-11-07,,Ajax,Go Ahead Eagles,0,0,D,29,2,5,2,2.5173,0.4387,skott,,,,,,,,,,0.9072,0.0674,0.0254,0.9119,0.0632,0.0249,1,1.07,17.93,51,1.08,15.81,46,0.7892,0.8148,-0.1305,-1.9865,-0.7572,1,,,,,0,0,,,0.0098,-0.0355,,,,,,,,,,,,,,,,,pinnacle
spelad,ED,2021/22,2021-11-07,,Feyenoord,AZ Alkmaar,1,0,H,20,9,8,4,2.465,1.1733,skott,,,,,,,,,,0.5029,0.2463,0.2508,0.517,0.2418,0.2412,1,1.99,3.97,3.87,1.97,4.02,4.03,0.5865,0.5865,0.3356,-0.1391,0.4268,-1,7,0,-0.0465,-0.1067,0,0,,,0.0379,-0.0373,,,,,,,,,,,,,,,,,pinnacle
spelad,ED,2021/22,2021-11-07,,For Sittard,PSV Eindhoven,1,4,A,8,21,1,9,0.6337,2.6843,skott,,,,,,,,,,0.1038,0.1718,0.7244,0.1049,0.1738,0.7212,1,9.85,6,1.35,9.7,5.75,1.36,0.642,0.6152,-0.0199,-1.1445,-0.1705,-1,5,-3,-0.3784,-0.1362,0,0,,,0.0054,0.0158,,,,,,,,,,,,,,,,,pinnacle
spelad,ED,2021/22,2021-11-07,,Groningen,Waalwijk,1,1,D,15,6,6,1,1.8488,0.5153,skott,,,,,,,,,,0.542,0.252,0.206,0.5428,0.2598,0.1975,1,1.8,3.9,5.1,1.82,3.86,5.2,0.5193,0.4859,0.064,0.3054,-0.1131,0,3,1,0.0658,-0.2318,0,0,,,0.01,-0.017,,,,,,,,,,,,,,,,,pinnacle
spelad,ED,2021/22,2021-11-07,,Vitesse,Utrecht,2,1,H,19,6,8,2,2.4058,0.6754,skott,,,,,,,,,,0.3163,0.2584,0.4254,0.3472,0.27,0.3827,1,3.08,3.8,2.4,2.9,3.75,2.6,0.5768,0.5412,-0.345,1.4469,0.2255,1,7,1.2857,0.696,0.018,0,0,,,0.1045,-0.0055,,,,,,,,,,,,,,,,,pinnacle
spelad,ED,2021/22,2021-11-20,,AZ Alkmaar,Nijmegen,1,1,D,21,7,7,2,2.3641,0.7346,skott,,,,,,,,,,0.6933,0.1977,0.1091,0.6906,0.1977,0.1116,1,1.41,5.25,9.4,1.41,5.11,9.4,0.59,0.6015,-0.2759,-0.0746,-0.6327,-1,,,,,0,0,,,-0.0079,-0.0127,,,,,,,,,,,,,,,,,pinnacle
spelad,ED,2021/22,2021-11-20,,Heracles,For Sittard,3,1,H,19,14,8,4,2.4058,1.4693,skott,,,,,,,,,,0.5672,0.2487,0.1841,0.5612,0.251,0.1878,1,1.74,4.2,5.5,1.74,4,5.75,0.566,0.5141,-0.16,0.3704,0.1752,2,6,0.5,0.0485,-0.0792,0,0,,,-0.0158,-0.0077,,,,,,,,,,,,,,,,,pinnacle
spelad,ED,2021/22,2021-11-20,,PSV Eindhoven,Vitesse,2,0,H,8,14,5,5,1.2743,1.6294,skott,,,,,,,,,,0.6723,0.1964,0.1314,0.641,0.206,0.153,1,1.46,5.25,8,1.53,4.75,7,0.6214,0.5935,-0.3566,0.6873,-0.6983,0,8,1.875,0.455,-0.1083,0,0,,,-0.0841,-0.0088,,,,,,,,,,,,,,,,,pinnacle
spelad,ED,2021/22,2021-11-20,,Sparta Rotterdam,Twente,0,1,A,11,6,4,4,1.2917,0.9957,skott,,,,,,,,,,0.3489,0.2959,0.3553,0.3632,0.309,0.3278,1,2.8,3.5,2.85,2.75,3.25,2.97,0.4615,0.3771,-0.7564,0.4498,-0.929,-1,6,1,0.4476,0.0731,0,0,,,0.0562,-0.0218,,,,,,,,,,,,,,,,,pinnacle
spelad,ED,2021/22,2021-11-21,,Cambuur,Utrecht,2,1,H,10,15,4,5,1.2325,1.6886,skott,,,,,,,,,,0.226,0.243,0.531,0.2885,0.2551,0.4564,1,4.4,4.15,1.92,3.45,3.85,2.14,0.598,0.6093,-0.2327,1.2465,0.211,1,,,,,0,0,,,0.1996,0.0033,,,,,,,,,,,,,,,,,pinnacle
spelad,ED,2021/22,2021-11-21,,Feyenoord,Zwolle,4,0,H,18,5,9,4,2.5068,0.9365,skott,,,,,,,,,,0.798,0.1366,0.0654,0.8166,0.1234,0.06,1,1.24,7.3,15,1.22,7.9,17,0.6485,0.6667,0.8422,-0.4766,0.8414,-1,8,1.875,0.243,-0.0749,0,0,,,0.0424,-0.0491,,,,,,,,,,,,,,,,,pinnacle
spelad,ED,2021/22,2021-11-21,,Go Ahead Eagles,Groningen,0,1,A,6,19,3,9,0.8356,2.5659,skott,,,,,,,,,,0.3999,0.2936,0.3065,0.3908,0.2837,0.3255,1,2.52,3.48,3.17,2.57,3.48,3.11,0.491,0.4974,0.9394,-0.5628,1.2395,0,,,,,0,0,,,-0.0371,-0.0146,,,,,,,,,,,,,,,,,pinnacle
spelad,ED,2021/22,2021-11-21,,Heerenveen,Willem II,2,1,H,9,17,4,5,1.1733,1.807,skott,,,,,,,,,,0.4788,0.2641,0.2571,0.5038,0.2506,0.2456,1,2.05,3.8,3.79,1.95,3.9,4.1,0.5524,0.5685,-0.533,-0.0087,-0.4724,0,7,1.2857,0.4684,-0.2498,0,0,,,0.0617,-0.0117,,,,,,,,,,,,,,,,,pinnacle
spelad,ED,2021/22,2021-11-21,,Waalwijk,Ajax,0,5,A,9,22,2,10,0.853,2.9037,skott,,,,,,,,,,0.0415,0.104,0.8544,0.0373,0.0913,0.8715,1,26,9.8,1.16,29,12,1.11,0.7167,0.7704,-0.0479,0.9468,0.3172,0,4,-3,-0.1751,-0.073,0,0,,,-0.0255,0.0076,,,,,,,,,,,,,,,,,pinnacle
spelad,ED,2021/22,2021-11-26,,Nijmegen,Cambuur,2,3,A,20,15,9,8,2.6251,2.169,skott,,,,,,,,,,0.4037,0.2904,0.3059,0.3806,0.2857,0.3337,1,2.41,3.69,3.25,2.56,3.63,3.05,0.5256,0.5026,-0.3956,0.3111,-0.3791,1,,,,,0,0,,,-0.0739,0.0105,,,,,,,,,,,,,,,,,pinnacle
spelad,ED,2021/22,2021-11-27,,For Sittard,Groningen,1,4,A,11,14,7,7,1.7721,1.9497,skott,,,,,,,,,,0.3083,0.284,0.4076,0.366,0.2838,0.3502,1,3.16,3.58,2.5,2.9,3.51,2.82,0.5026,0.4795,-0.1922,0.3816,-0.1283,1,5,-1.2,-0.3532,-0.059,0,0,,,0.1728,-0.0266,,,,,,,,,,,,,,,,,pinnacle
spelad,ED,2021/22,2021-11-27,,Willem II,Go Ahead Eagles,0,1,A,19,6,5,3,1.9254,0.8356,skott,,,,,,,,,,0.4628,0.2641,0.273,0.4695,0.2707,0.2598,1,2.14,3.69,3.75,2.1,3.79,3.97,0.5129,0.4961,-0.5975,0.9657,-0.4513,0,,,,,0,0,,,0.0264,-0.0054,,,,,,,,,,,,,,,,,pinnacle
spelad,ED,2021/22,2021-11-27,,Zwolle,Waalwijk,0,0,D,9,5,1,3,0.6929,0.7764,skott,,,,,,,,,,0.4482,0.2787,0.2732,0.4789,0.2762,0.2449,1,2.18,3.75,3.6,2.25,3.6,3.97,0.5064,0.4833,-0.3569,0.7791,-0.1213,0,4,0.75,-0.207,0.4991,0,0,,,0.0898,-0.0873,,,,,,,,,,,,,,,,,pinnacle
spelad,ED,2021/22,2021-11-28,,Heerenveen,PSV Eindhoven,1,1,D,8,13,1,2,0.6337,1.0898,skott,,,,,,,,,,0.1628,0.211,0.6262,0.1439,0.1857,0.6705,1,6,4.79,1.56,7.4,5.26,1.5,0.6247,0.6461,-0.1708,-0.9368,-0.3043,-1,7,-0.4286,0.4458,0.3965,0,0,,,-0.0822,0.0055,,,,,,,,,,,,,,,,,pinnacle
spelad,ED,2021/22,2021-11-28,,Sparta Rotterdam,Ajax,0,1,A,1,15,0,8,0.0592,2.169,skott,,,,,,,,,,0.0532,0.1202,0.8267,0.0556,0.1265,0.8179,1,19.5,8.3,1.18,17.72,8.4,1.21,0.6861,0.6394,-0.5016,1.1847,-0.1458,1,6,-3,-0.3494,-0.1281,0,0,,,0.0137,0.0186,,,,,,,,,,,,,,,,,pinnacle
spelad,ED,2021/22,2021-11-28,,Twente,Feyenoord,0,0,D,3,19,1,5,0.3377,1.9254,skott,,,,,,,,,,0.2126,0.2564,0.531,0.2181,0.256,0.5259,1,4.6,4.05,1.85,4.5,3.9,1.85,0.5536,0.5296,0.1246,-0.1859,0.2134,1,5,-1.8,-0.2721,0.2045,0,0,,,0.0161,0.01,,,,,,,,,,,,,,,,,pinnacle
spelad,ED,2021/22,2021-11-28,,Utrecht,Heracles,1,0,H,22,8,7,0,2.4233,0.4736,skott,,,,,,,,,,0.585,0.2148,0.2002,0.5576,0.2407,0.2017,1,1.67,4.6,5.35,1.77,4.1,5.2,0.5819,0.5436,0.8425,-1.3756,0.4358,-1,7,1.2857,0.1717,0.0556,0,0,,,-0.0563,-0.0164,,,,,,,,,,,,,,,,,pinnacle
spelad,ED,2021/22,2021-11-28,,Vitesse,AZ Alkmaar,0,0,D,16,13,1,0,1.1072,0.7695,skott,,,,,,,,,,0.3069,0.2644,0.4286,0.3279,0.2856,0.3865,1,3.2,3.75,2.32,3.1,3.6,2.55,0.5561,0.4974,0.227,0.8944,0.8677,0,7,-0.4286,-0.0057,0.0357,0,0,,,0.0841,-0.021,,,,,,,,,,,,,,,,,pinnacle
spelad,ED,2021/22,2021-12-01,,Feyenoord,Heracles,2,1,H,22,4,12,2,3.224,0.5571,skott,,,,,,,,,,0.728,0.1738,0.0982,0.75,0.1615,0.0884,1,1.36,5.75,10,1.34,6.25,11,0.6118,0.6214,0.2081,-0.0491,0.1184,0,8,1.875,0.1041,0.1865,0,0,,,0.0539,-0.0478,,,,,,,,,,,,,,,,,pinnacle
spelad,ED,2021/22,2021-12-02,,Ajax,Willem II,5,0,H,21,3,9,0,2.6843,0.1776,skott,,,,,,,,,,0.8812,0.0843,0.0345,0.9072,0.0664,0.0264,1,1.11,13,36,1.08,15.99,50,0.7873,0.797,0.5282,-1.3001,0.0173,-1,7,1.7143,-0.319,0.0352,0,0,,,0.0599,-0.0185,,,,,,,,,,,,,,,,,pinnacle
spelad,ED,2021/22,2021-12-02,,AZ Alkmaar,For Sittard,2,1,H,19,7,7,2,2.2457,0.7346,skott,,,,,,,,,,0.7418,0.167,0.0912,0.8034,0.1294,0.0671,1,1.33,6,11,1.24,7.55,14.5,0.6084,0.7037,0.2889,-0.8261,0.2591,-1,5,2.4,0.338,0.0301,0,0,,,0.1474,-0.043,,,,,,,,,,,,,,,,,pinnacle
spelad,ED,2021/22,2021-12-03,,Groningen,Zwolle,1,1,D,8,12,1,4,0.6337,1.3509,skott,,,,,,,,,,0.5415,0.27,0.1886,0.481,0.2962,0.2228,1,1.81,3.64,5.3,2.12,3.65,4.9,0.4242,0.416,0.7269,-0.9969,0.726,0,8,-0.75,-0.3302,-0.26,0,0,,,-0.1553,0.0107,,,,,,,,,,,,,,,,,pinnacle
spelad,ED,2021/22,2021-12-04,,Cambuur,Vitesse,1,6,A,7,23,1,9,0.5745,2.8027,skott,,,,,,,,,,0.2951,0.2603,0.4446,0.2807,0.2523,0.467,1,3.3,3.85,2.25,3.53,3.9,2.13,0.5573,0.6084,0.8244,-1.5888,0.4077,2,,,,,0,0,,,-0.051,0.0165,,,,,,,,,,,,,,,,,pinnacle
spelad,ED,2021/22,2021-12-04,,Heracles,Heerenveen,0,1,A,12,10,2,2,1.0306,0.9122,skott,,,,,,,,,,0.4602,0.2639,0.2759,0.4425,0.2617,0.2959,1,2.14,3.85,3.6,2.3,3.81,3.31,0.5398,0.59,-0.2313,0.091,-0.2393,-3,8,0.75,0.4819,0.0023,0,0,,,-0.0555,-0.0349,,,,,,,,,,,,,,,,,pinnacle
spelad,ED,2021/22,2021-12-04,,PSV Eindhoven,Utrecht,4,1,H,11,10,6,1,1.612,0.7521,skott,,,,,,,,,,0.6141,0.2142,0.1717,0.6227,0.2107,0.1666,1,1.61,4.65,5.8,1.62,4.75,5.88,0.6322,0.6204,-0.4538,1.1615,-0.3502,0,7,1.2857,0.0699,0.0583,0,0,,,0.0223,-0.0336,,,,,,,,,,,,,,,,,pinnacle
spelad,ED,2021/22,2021-12-05,,AZ Alkmaar,Sparta Rotterdam,3,1,H,10,8,5,4,1.3926,1.1141,skott,,,,,,,,,,0.6468,0.2215,0.1316,0.6693,0.2105,0.1201,1,1.51,4.75,7.5,1.48,4.75,8.2,0.5167,0.5167,0.5596,-0.143,0.4412,-4,6,1.5,0.0821,-0.0364,0,0,,,0.0566,-0.0356,,,,,,,,,,,,,,,,,pinnacle
spelad,ED,2021/22,2021-12-05,,Feyenoord,For Sittard,5,0,H,24,8,10,5,3.0221,1.2743,skott,,,,,,,,,,0.7924,0.1458,0.0618,0.8271,0.1173,0.0556,1,1.23,7.1,17,1.18,9,20,0.6573,0.7078,0.4261,-0.1453,0.441,1,6,1,-0.3161,-0.1621,0,0,,,0.0755,0.0013,,,,,,,,,,,,,,,,,pinnacle
spelad,ED,2021/22,2021-12-05,,Go Ahead Eagles,Twente,1,2,A,12,11,5,2,1.511,0.9714,skott,,,,,,,,,,0.3202,0.2726,0.4072,0.2928,0.2919,0.4154,1,3.2,3.61,2.45,3.33,3.4,2.4,0.4859,0.4538,0.6081,-0.6998,0.5882,1,,,,,0,0,,,-0.0629,0.0141,,,,,,,,,,,,,,,,,pinnacle
spelad,ED,2021/22,2021-12-05,,Waalwijk,Nijmegen,2,1,H,15,11,6,4,1.8488,1.2917,skott,,,,,,,,,,0.3264,0.2665,0.407,0.3208,0.2793,0.4,1,3.05,3.66,2.53,3.05,3.56,2.5,0.509,0.509,-0.2199,0.399,-0.3505,-1,,,,,0,0,,,-0.0043,0.0111,,,,,,,,,,,,,,,,,pinnacle
spelad,ED,2021/22,2021-12-10,,Willem II,Cambuur,1,3,A,13,14,4,8,1.4101,2.1098,skott,,,,,,,,,,0.3891,0.2695,0.3414,0.3803,0.2758,0.344,1,2.5,3.7,3.15,2.64,3.75,2.9,0.5587,0.5722,-1.4025,1.4933,-1.148,2,,,,,0,0,,,-0.0204,-0.0022,,,,,,,,,,,,,,,,,pinnacle
spelad,ED,2021/22,2021-12-11,,Heerenveen,Sparta Rotterdam,0,0,D,11,10,4,3,1.2917,1.0724,skott,,,,,,,,,,0.4633,0.2695,0.2673,0.4463,0.2725,0.2812,1,2.13,3.75,3.64,2.29,3.61,3.54,0.4884,0.5179,0.9113,-0.3258,0.7634,1,5,1.2,0.4214,-0.0493,0,0,,,-0.0479,-0.0285,,,,,,,,,,,,,,,,,pinnacle
spelad,ED,2021/22,2021-12-11,,Utrecht,Go Ahead Eagles,0,0,D,21,7,8,1,2.5242,0.5745,skott,,,,,,,,,,0.6789,0.1953,0.1258,0.6392,0.2179,0.1429,1,1.44,5.2,8,1.53,4.65,7.1,0.6049,0.5623,-0.4984,1.1016,-0.5911,1,,,,,0,0,,,-0.0964,-0.0108,,,,,,,,,,,,,,,,,pinnacle
spelad,ED,2021/22,2021-12-11,,Zwolle,For Sittard,0,1,A,13,13,1,8,0.9297,2.0506,skott,,,,,,,,,,0.5305,0.2489,0.2206,0.4506,0.2863,0.2631,1,1.9,4,4.54,2.16,3.52,3.85,0.5026,0.4552,-0.0827,-0.394,-0.041,2,6,0,-0.2974,0.0872,0,0,,,-0.2021,0.0109,,,,,,,,,,,,,,,,,pinnacle
spelad,ED,2021/22,2021-12-12,,Ajax,AZ Alkmaar,1,2,A,23,5,8,3,2.6426,0.7764,skott,,,,,,,,,,0.7798,0.1401,0.0801,0.6854,0.1773,0.1373,1,1.25,7.2,12.5,1.42,7,12,0.7043,0.6452,-0.0473,-0.7536,-0.2668,3,8,0.75,-0.1118,-0.2029,0,0,,,-0.2459,0.0685,,,,,,,,,,,,,,,,,pinnacle
spelad,ED,2021/22,2021-12-12,,Groningen,Feyenoord,1,1,D,5,27,3,7,0.7764,2.7192,skott,,,,,,,,,,0.1568,0.2309,0.6123,0.141,0.2112,0.6478,1,6.5,4.45,1.6,7,4.61,1.52,0.5499,0.5612,0.1949,-0.6127,-0.0263,2,7,-1.2857,-0.0578,0.0655,0,0,,,-0.067,0.0158,,,,,,,,,,,,,,,,,pinnacle
spelad,ED,2021/22,2021-12-12,,Nijmegen,PSV Eindhoven,1,2,A,6,29,6,10,1.316,3.318,skott,,,,,,,,,,0.1198,0.1927,0.6875,0.0971,0.1501,0.7528,1,9.35,5.4,1.43,12.5,6.59,1.32,0.6152,0.662,-0.1983,-0.7388,-0.1154,-1,,,,,0,0,,,-0.1107,-0.0015,,,,,,,,,,,,,,,,,pinnacle
spelad,ED,2021/22,2021-12-12,,Twente,Waalwijk,2,1,H,19,12,10,3,2.7261,1.1907,skott,,,,,,,,,,0.5996,0.2363,0.1641,0.5692,0.2582,0.1726,1,1.63,4.35,6,1.71,3.89,5.9,0.5256,0.4744,0.1792,-0.167,-0.1586,0,4,-2.25,-1.5178,0.0235,0,0,,,-0.0692,-0.0169,,,,,,,,,,,,,,,,,pinnacle
spelad,ED,2021/22,2021-12-12,,Vitesse,Heracles,2,1,H,10,9,5,4,1.3926,1.1733,skott,,,,,,,,,,0.5633,0.241,0.1957,0.5766,0.2446,0.1787,1,1.76,4.1,5,1.71,4.15,5.42,0.5359,0.5296,0.6831,0.1191,1.3227,0,7,0.8571,-0.0716,0.1926,0,0,,,0.0437,-0.0279,,,,,,,,,,,,,,,,,pinnacle
spelad,ED,2021/22,2021-12-18,,AZ Alkmaar,Willem II,4,1,H,13,10,3,5,1.2499,1.3926,skott,,,,,,,,,,0.7269,0.1736,0.0995,0.7724,0.1502,0.0774,1,1.35,5.7,9.85,1.28,6.75,14.93,0.6171,0.6089,1.0986,-1.5763,0.8119,-2,8,0.375,-0.4882,-0.0749,0,0,,,0.113,0.0008,,,,,,,,,,,,,,,,,pinnacle
spelad,ED,2021/22,2021-12-18,,For Sittard,Utrecht,2,2,D,8,16,3,6,0.954,1.9079,skott,,,,,,,,,,0.179,0.2268,0.5942,0.1899,0.2404,0.5697,1,5.75,4.4,1.67,5.5,4.34,1.75,0.5649,0.5685,-0.1447,0.2399,0.1294,0,5,-1.8,-0.2797,0.2072,0,0,,,0.0462,0.0184,,,,,,,,,,,,,,,,,pinnacle
spelad,ED,2021/22,2021-12-18,,Heracles,Groningen,4,2,H,13,5,10,3,2.3709,0.7764,skott,,,,,,,,,,0.4635,0.2837,0.2528,0.3925,0.3061,0.3014,1,2.15,3.6,3.89,2.5,3.3,3.38,0.4464,0.4146,-1.0055,0.6535,-0.892,0,7,1.7143,1.0056,-0.1139,0,0,,,-0.1905,0.0001,,,,,,,,,,,,,,,,,pinnacle
spelad,ED,2021/22,2021-12-18,,Sparta Rotterdam,Vitesse,2,2,D,15,5,7,3,2.0089,0.7764,skott,,,,,,,,,,0.2872,0.2968,0.416,0.3702,0.2906,0.3392,1,3.47,3.5,2.35,2.79,3.4,2.94,0.4377,0.4304,-0.666,-0.0979,-0.9467,1,5,-0.6,0.163,-0.2472,0,0,,,0.2428,-0.0217,,,,,,,,,,,,,,,,,pinnacle
spelad,ED,2021/22,2021-12-18,,Zwolle,Twente,1,3,A,13,7,2,4,1.0898,1.0549,skott,,,,,,,,,,0.2608,0.293,0.4462,0.2861,0.3069,0.407,1,3.78,3.45,2.18,3.85,3.47,2.41,0.4075,0.4125,-0.8221,0.3999,-0.6517,1,5,-0.6,-0.0438,-0.2598,0,0,,,0.0898,-0.0359,,,,,,,,,,,,,,,,,pinnacle
spelad,ED,2021/22,2021-12-19,,Cambuur,Heerenveen,1,2,A,7,23,4,7,1.0549,2.4824,skott,,,,,,,,,,0.4209,0.2686,0.3106,0.3878,0.2596,0.3527,1,2.45,3.83,3.15,2.52,3.92,2.89,0.591,0.6313,0.7828,-0.1916,0.643,1,,,,,0,0,,,-0.1082,0.0185,,,,,,,,,,,,,,,,,pinnacle
spelad,ED,2021/22,2021-12-19,,Feyenoord,Ajax,0,2,A,11,8,1,1,0.8113,0.6337,skott,,,,,,,,,,0.2203,0.2244,0.5553,0.2336,0.2325,0.5339,1,4.5,4.35,1.82,4.26,4.3,1.88,0.6127,0.6049,0.3097,0.614,0.7239,0,7,-2.1429,-0.329,-0.2039,0,0,,,0.0478,0.0185,,,,,,,,,,,,,,,,,pinnacle
spelad,ED,2021/22,2021-12-19,,Go Ahead Eagles,Nijmegen,0,2,A,14,10,2,5,1.149,1.3926,skott,,,,,,,,,,0.4091,0.2838,0.3071,0.4086,0.2894,0.302,1,2.39,3.63,3.2,2.47,3.51,3.25,0.5193,0.4602,0.8898,-0.6387,0.8211,1,,,,,0,0,,,0.0042,-0.0139,,,,,,,,,,,,,,,,,pinnacle
spelad,ED,2021/22,2021-12-19,,Waalwijk,PSV Eindhoven,1,4,A,7,25,4,12,1.0549,3.4015,skott,,,,,,,,,,0.0801,0.1433,0.7766,0.0782,0.1368,0.785,1,14.5,7,1.27,14,7.9,1.24,0.6468,0.662,-0.244,-0.1649,-0.0577,0,3,-3,-0.4128,-0.1517,0,0,,,-0.0121,-0.0001,,,,,,,,,,,,,,,,,pinnacle
spelad,ED,2021/22,2021-12-21,,AZ Alkmaar,Groningen,1,0,H,15,12,6,3,1.8488,1.1907,skott,,,,,,,,,,0.7069,0.1892,0.1039,0.7011,0.1962,0.1027,1,1.39,5.25,9.7,1.43,5.07,9.42,0.5768,0.5573,0.2636,-0.1085,0.047,0,8,0.375,-0.4765,0.1504,0,0,,,-0.0105,-0.0497,,,,,,,,,,,,,,,,,pinnacle
spelad,ED,2021/22,2021-12-21,,Vitesse,Zwolle,1,0,H,14,15,5,7,1.6294,2.0089,skott,,,,,,,,,,0.6382,0.221,0.1408,0.6129,0.2289,0.1582,1,1.55,4.5,7.15,1.6,4.3,6.7,0.4807,0.5141,0.4888,-0.5152,0.8108,0,9,1.3333,0.3117,-0.1305,0,0,,,-0.0681,-0.0079,,,,,,,,,,,,,,,,,pinnacle
spelad,ED,2021/22,2021-12-22,,Ajax,For Sittard,5,0,H,27,6,14,0,3.8402,0.3552,skott,,,,,,,,,,0.9266,0.0543,0.0191,0.9259,0.0546,0.0195,1,1.06,21,65,1.06,23,55,0.8289,0.8263,0.2915,-1.494,-0.0595,-1,6,3,0.3236,-0.0894,0,0,,,-0.0019,-0.0187,,,,,,,,,,,,,,,,,pinnacle
spelad,ED,2021/22,2021-12-22,,Heerenveen,Feyenoord,0,3,A,7,23,1,10,0.5745,2.9629,skott,,,,,,,,,,0.1561,0.2155,0.6284,0.1307,0.1827,0.6867,1,6.5,4.55,1.58,9.5,5.34,1.5,0.5829,0.628,0.4158,-0.6829,0.2325,0,9,-1.6667,-0.2038,0.0138,0,0,,,-0.1091,0.0121,,,,,,,,,,,,,,,,,pinnacle
spelad,ED,2021/22,2021-12-22,,Heracles,Cambuur,1,1,D,23,8,7,4,2.4824,1.1141,skott,,,,,,,,,,0.4819,0.244,0.2742,0.5194,0.2471,0.2335,1,2.1,4,3.6,1.99,4,4.33,0.5768,0.5747,-1.082,0.1197,-0.8876,1,,,,,0,0,,,0.1158,-0.0231,,,,,,,,,,,,,,,,,pinnacle
spelad,ED,2021/22,2021-12-22,,Utrecht,Twente,1,1,D,14,4,5,2,1.6294,0.5571,skott,,,,,,,,,,0.5319,0.2433,0.2248,0.4906,0.2736,0.2358,1,1.85,4.15,4.5,2.02,3.63,4.2,0.5373,0.4859,-1.0194,0.7796,-0.9823,0,7,0.4286,-0.1809,-0.2346,0,0,,,-0.0935,-0.0179,,,,,,,,,,,,,,,,,pinnacle
spelad,ED,2021/22,2021-12-22,,Willem II,Nijmegen,0,1,A,13,13,1,5,0.9297,1.5702,skott,,,,,,,,,,0.3717,0.296,0.3323,0.3644,0.2966,0.339,1,2.64,3.47,3,2.75,3.4,2.88,0.4974,0.4564,-1.2342,2.7501,-1.1999,1,,,,,0,0,,,-0.0212,-0.0087,,,,,,,,,,,,,,,,,pinnacle
spelad,ED,2021/22,2021-12-23,,PSV Eindhoven,Go Ahead Eagles,2,0,H,21,3,7,1,2.3641,0.3377,skott,,,,,,,,,,0.8403,0.1129,0.0468,0.8431,0.1131,0.0438,1,1.16,8.9,23,1.17,8.9,23,0.6833,0.6557,0.0475,0.3945,0.0079,0,,,,,0,0,,,0.0087,-0.0351,,,,,,,,,,,,,,,,,pinnacle
spelad,ED,2021/22,2021-12-23,,Sparta Rotterdam,Waalwijk,1,1,D,18,5,7,3,2.1865,0.7764,skott,,,,,,,,,,0.5254,0.27,0.2046,0.5644,0.2521,0.1835,1,1.88,3.75,4.8,1.77,3.86,5.3,0.4692,0.491,-0.6308,-0.0627,-0.4889,1,5,1.8,0.7309,-0.2563,0,0,,,0.0991,-0.0298,,,,,,,,,,,,,,,,,pinnacle
spelad,ED,2021/22,2022-01-14,,Zwolle,Willem II,2,0,H,15,7,5,0,1.6886,0.4144,skott,,,,,,,,,,0.3121,0.2921,0.3959,0.3926,0.3013,0.3061,1,3.25,3.46,2.42,2.64,3.35,3.25,0.4597,0.4419,0.1532,-1.0655,0.1913,1,9,-1,-0.4782,-0.0327,0,0,,,0.251,-0.0178,,,,,,,,,,,,,,,,,pinnacle
spelad,ED,2021/22,2022-01-15,,Feyenoord,Vitesse,0,1,A,18,15,3,5,1.5459,1.6886,skott,,,,,,,,,,0.673,0.1998,0.1272,0.674,0.1961,0.1299,1,1.47,5,7.7,1.47,5.2,7.8,0.5925,0.5865,-0.5397,0.3312,-0.6136,-1,8,-0.375,-0.5729,0.1302,0,0,,,-0.0007,-0.0032,,,,,,,,,,,,,,,,,pinnacle
spelad,ED,2021/22,2022-01-15,,Go Ahead Eagles,Waalwijk,0,2,A,9,10,4,3,1.1733,1.0724,skott,,,,,,,,,,0.4609,0.2755,0.2636,0.4904,0.2668,0.2428,1,2.13,3.65,3.75,2.08,3.64,4,0.4859,0.4961,0.2658,-0.6085,0.0865,0,,,,,0,0,,,0.0798,-0.0436,,,,,,,,,,,,,,,,,pinnacle
spelad,ED,2021/22,2022-01-15,,Nijmegen,Heracles,0,0,D,13,12,1,2,0.9297,1.0306,skott,,,,,,,,,,0.3846,0.2703,0.3451,0.3733,0.2908,0.3359,1,2.56,3.67,2.87,2.63,3.38,2.94,0.4744,0.4351,0.4625,-0.4396,0.5791,0,,,,,0,0,,,-0.0136,0.0022,,,,,,,,,,,,,,,,,pinnacle
spelad,ED,2021/22,2022-01-15,,Twente,Heerenveen,2,0,H,16,8,6,3,1.9079,0.954,skott,,,,,,,,,,0.4906,0.2647,0.2447,0.5082,0.2568,0.235,1,2.02,3.75,4.05,2.11,3.89,4.13,0.4884,0.5269,0.5967,-0.3516,0.5208,0,7,-0.8571,-0.4071,0.1624,0,0,,,0.0448,-0.0192,,,,,,,,,,,,,,,,,pinnacle
spelad,ED,2021/22,2022-01-16,,Cambuur,Sparta Rotterdam,1,1,D,12,12,3,7,1.1907,1.8313,skott,,,,,,,,,,0.3874,0.2552,0.3575,0.3343,0.2718,0.3939,1,2.54,3.81,2.9,2.91,3.67,2.7,0.5373,0.5347,1.6213,-0.9259,1.1383,1,,,,,0,0,,,-0.1425,0.0144,,,,,,,,,,,,,,,,,pinnacle
spelad,ED,2021/22,2022-01-16,,For Sittard,AZ Alkmaar,1,2,A,15,10,5,5,1.6886,1.3926,skott,,,,,,,,,,0.1324,0.199,0.6685,0.1402,0.2164,0.6434,1,7.4,5,1.47,7.4,4.8,1.52,0.6195,0.5524,-0.9958,1.8525,-0.438,-1,6,-2.5,-0.3618,0.0035,0,0,,,0.0406,0.0103,,,,,,,,,,,,,,,,,pinnacle
spelad,ED,2021/22,2022-01-16,,Groningen,PSV Eindhoven,0,1,A,6,10,0,2,0.3552,0.9122,skott,,,,,,,,,,0.119,0.1947,0.6863,0.1133,0.201,0.6857,1,9,5.3,1.43,8.53,5,1.47,0.566,0.5561,-0.6074,0.5245,-0.5413,2,9,-2.3333,-0.3809,0.0321,0,0,,,-0.0108,0.0382,,,,,,,,,,,,,,,,,pinnacle
spelad,ED,2021/22,2022-01-16,,Utrecht,Ajax,0,3,A,10,8,1,3,0.7521,0.954,skott,,,,,,,,,,0.1384,0.1969,0.6647,0.1353,0.1793,0.6854,1,7.01,5.1,1.48,8,5.5,1.43,0.6337,0.6469,-0.3957,0.8916,-0.1846,0,8,-0.75,0.4918,0.0921,0,0,,,-0.0268,-0.006,,,,,,,,,,,,,,,,,pinnacle
spelad,ED,2021/22,2022-01-22,,AZ Alkmaar,Cambuur,0,0,D,18,5,5,2,1.8662,0.6163,skott,,,,,,,,,,0.7079,0.178,0.1141,0.737,0.1631,0.0999,1,1.4,5.6,9,1.33,6.7,12,0.6674,0.6651,0.2323,-0.3287,-0.0459,0,,,,,0,0,,,0.0722,0.0189,,,,,,,,,,,,,,,,,pinnacle
spelad,ED,2021/22,2022-01-22,,Heerenveen,Zwolle,0,1,A,14,10,4,6,1.4693,1.5528,skott,,,,,,,,,,0.4959,0.267,0.2371,0.3804,0.2839,0.3358,1,2.05,3.73,4.25,2.7,3.66,3.15,0.5039,0.5462,1.0948,-0.9545,0.9237,-1,8,-0.375,-0.3131,-0.135,0,0,,,-0.3298,0.0097,,,,,,,,,,,,,,,,,pinnacle
spelad,ED,2021/22,2022-01-22,,Vitesse,Groningen,1,3,A,7,11,2,7,0.7346,1.7721,skott,,,,,,,,,,0.5605,0.2565,0.183,0.4739,0.2832,0.2429,1,1.75,3.9,5.3,2.11,3.76,4.85,0.4961,0.4936,0.5721,-0.1713,0.7845,1,9,0,-0.0993,-0.1584,0,0,,,-0.2331,0.0135,,,,,,,,,,,,,,,,,pinnacle
spelad,ED,2021/22,2022-01-22,,Willem II,Twente,0,1,A,6,7,1,2,0.5153,0.7346,skott,,,,,,,,,,0.2886,0.2811,0.4303,0.2903,0.2886,0.4211,1,3.45,3.56,2.31,3.5,3.37,2.38,0.4961,0.4377,-2.2422,2.7613,-2.1259,1,6,0.5,0.3498,0.2421,0,0,,,0.0128,0.0099,,,,,,,,,,,,,,,,,pinnacle
spelad,ED,2021/22,2022-01-23,,Heracles,Go Ahead Eagles,1,1,D,20,11,4,2,1.8244,0.9714,skott,,,,,,,,,,0.5252,0.264,0.2108,0.5488,0.264,0.1872,1,1.9,3.78,4.75,1.87,3.71,5.28,0.4974,0.4667,-0.2121,0.0951,0.0993,0,,,,,0,0,,,0.0709,-0.0413,,,,,,,,,,,,,,,,,pinnacle
spelad,ED,2021/22,2022-01-23,,Nijmegen,Feyenoord,1,4,A,6,28,4,11,0.9957,3.419,skott,,,,,,,,,,0.1206,0.2002,0.6791,0.0798,0.1666,0.7536,1,8.85,5.1,1.45,13,6.4,1.33,0.5875,0.5995,0.3824,-0.6058,0.3253,0,,,,,0,0,,,-0.1562,0.0137,,,,,,,,,,,,,,,,,pinnacle
spelad,ED,2021/22,2022-01-23,,PSV Eindhoven,Ajax,1,2,A,10,15,4,6,1.2325,1.8488,skott,,,,,,,,,,0.2482,0.2629,0.4889,0.2418,0.2424,0.5158,1,3.94,3.98,2.05,4.14,4,1.96,0.5696,0.5865,0.6035,0.1028,0.5581,0,9,-0.6667,0.0413,0.1094,0,0,,,-0.0396,0.0283,,,,,,,,,,,,,,,,,pinnacle
spelad,ED,2021/22,2022-01-23,,Sparta Rotterdam,Utrecht,0,3,A,9,13,1,7,0.6929,1.8905,skott,,,,,,,,,,0.271,0.2726,0.4564,0.2772,0.2637,0.459,1,3.8,3.64,2.13,3.72,3.7,2.2,0.5103,0.5309,0.2306,-0.9624,0.4499,0,7,-2.5714,-0.7663,-0.1005,0,0,,,0.0098,0.0034,,,,,,,,,,,,,,,,,pinnacle
spelad,ED,2021/22,2022-01-23,,Waalwijk,For Sittard,2,1,H,14,13,6,6,1.7896,1.7304,skott,,,,,,,,,,0.4034,0.2873,0.3093,0.4105,0.2796,0.3099,1,2.42,3.6,3.15,2.54,3.48,3.2,0.5167,0.4833,0.746,-1.3427,0.5243,1,4,-2.25,-0.9124,0.0028,0,0,,,0.0137,-0.0278,,,,,,,,,,,,,,,,,pinnacle
spelad,ED,2021/22,2022-02-05,,For Sittard,Heerenveen,2,0,H,6,15,3,4,0.8356,1.5285,skott,,,,,,,,,,0.3472,0.2716,0.3812,0.4323,0.258,0.3097,1,2.82,3.7,2.65,2.55,3.77,3.2,0.5462,0.5347,-0.7412,1.0587,-0.4278,-1,7,-0.8571,0.0047,-0.1005,0,0,,,0.2416,-0.0819,,,,,,,,,,,,,,,,,pinnacle
spelad,ED,2021/22,2022-02-05,,PSV Eindhoven,AZ Alkmaar,1,2,A,15,12,4,3,1.5285,1.1907,skott,,,,,,,,,,0.5909,0.2259,0.1832,0.47,0.274,0.256,1,1.66,4.4,5.4,2.08,3.98,5.05,0.5649,0.5,-0.5441,0.5277,-0.2617,-1,8,0,-0.2238,-0.2355,0,0,,,-0.3147,0.0539,,,,,,,,,,,,,,,,,pinnacle
spelad,ED,2021/22,2022-02-05,,Twente,Vitesse,3,0,H,17,8,6,2,1.9671,0.7938,skott,,,,,,,,,,0.3897,0.2908,0.3194,0.3554,0.3005,0.3441,1,2.5,3.46,3.11,2.75,3.35,2.97,0.4627,0.4135,0.8889,-0.6819,0.71,0,7,-0.8571,-0.1128,-0.1102,0,0,,,-0.0933,0.0112,,,,,,,,,,,,,,,,,pinnacle
spelad,ED,2021/22,2022-02-05,,Utrecht,Cambuur,3,2,H,13,8,6,5,1.7304,1.2743,skott,,,,,,,,,,0.6815,0.189,0.1295,0.6936,0.1782,0.1283,1,1.44,5.3,8.15,1.43,5.5,8,0.6015,0.637,-1.3696,1.8306,-0.7984,-1,,,,,0,0,,,0.0255,-0.0167,,,,,,,,,,,,,,,,,pinnacle
spelad,ED,2021/22,2022-02-05,,Zwolle,Nijmegen,1,1,D,13,12,5,4,1.5702,1.3509,skott,,,,,,,,,,0.4402,0.2651,0.2948,0.5086,0.2497,0.2417,1,2.28,3.67,3.4,2.11,3.89,4.15,0.4653,0.5347,-0.3184,0.8859,-0.1315,1,,,,,0,0,,,0.19,-0.0473,,,,,,,,,,,,,,,,,pinnacle
spelad,ED,2021/22,2022-02-06,,Ajax,Heracles,3,0,H,25,5,12,0,3.4015,0.296,skott,,,,,,,,,,0.8904,0.08,0.0296,0.8476,0.1062,0.0462,1,1.09,13,41,1.14,11,31,0.7435,0.7206,1.0355,-1.1925,0.7677,0,9,0.3333,-0.9641,0.0979,0,0,,,-0.1022,0.0269,,,,,,,,,,,,,,,,,pinnacle
spelad,ED,2021/22,2022-02-06,,Feyenoord,Sparta Rotterdam,4,0,H,16,5,6,0,1.9079,0.296,skott,,,,,,,,,,0.7672,0.1595,0.0733,0.8034,0.1368,0.0598,1,1.28,6.4,14,1.24,7.1,16.12,0.5879,0.6468,0.3713,-0.3728,0.3068,0,6,2,0.1639,0.1425,0,0,,,0.086,-0.0597,,,,,,,,,,,,,,,,,pinnacle
spelad,ED,2021/22,2022-02-06,,Groningen,Go Ahead Eagles,2,1,H,17,13,5,5,1.807,1.5702,skott,,,,,,,,,,0.4882,0.2849,0.227,0.4886,0.2826,0.2288,1,2.05,3.45,4.4,2.06,3.5,4.35,0.4278,0.4181,0.4375,-0.534,0.8014,1,,,,,0,0,,,-0.0009,-0.0236,,,,,,,,,,,,,,,,,pinnacle
spelad,ED,2021/22,2022-02-06,,Willem II,Waalwijk,3,1,H,6,13,4,6,0.9957,1.7304,skott,,,,,,,,,,0.4439,0.2693,0.2868,0.4103,0.2886,0.3011,1,2.23,3.63,3.5,2.39,3.47,3.42,0.4781,0.5064,-1.5363,1.7837,-1.5585,1,4,2.25,0.8053,0.002,0,0,,,-0.0815,0.0035,,,,,,,,,,,,,,,,,pinnacle
spelad,ED,2021/22,2022-02-11,,Heracles,Utrecht,1,0,H,14,17,5,5,1.6294,1.807,skott,,,,,,,,,,0.2949,0.2726,0.4325,0.3451,0.2821,0.3728,1,3.3,3.6,2.28,2.97,3.6,2.69,0.4974,0.5026,-0.2266,-0.6843,-0.325,-1,8,-1.5,-0.3046,0.0185,0,0,,,0.16,-0.0056,,,,,,,,,,,,,,,,,pinnacle
spelad,ED,2021/22,2022-02-12,,Cambuur,Zwolle,3,4,A,11,12,6,9,1.612,2.1516,skott,,,,,,,,,,0.4077,0.2707,0.3216,0.3829,0.2621,0.355,1,2.45,3.62,3.15,2.63,3.71,2.85,0.5321,0.541,0.6247,-0.7039,0.2963,0,,,,,0,0,,,-0.083,-0.0046,,,,,,,,,,,,,,,,,pinnacle
spelad,ED,2021/22,2022-02-12,,Groningen,For Sittard,0,1,A,18,8,7,5,2.1865,1.2743,skott,,,,,,,,,,0.5222,0.259,0.2188,0.5244,0.2756,0.2,1,1.95,3.79,4.5,1.94,3.62,4.9,0.4884,0.4501,0.4037,-1.1231,0.1614,-1,6,1.5,0.6211,-0.0965,0,0,,,0.0231,-0.0278,,,,,,,,,,,,,,,,,pinnacle
spelad,ED,2021/22,2022-02-12,,Vitesse,PSV Eindhoven,0,5,A,18,18,2,13,1.3858,3.1473,skott,,,,,,,,,,0.1935,0.2386,0.5679,0.181,0.2322,0.5868,1,5.1,4.11,1.75,5.5,4.25,1.74,0.5436,0.5587,0.4212,-0.483,0.354,0,9,-2,-0.382,-0.1191,0,0,,,-0.0438,0.027,,,,,,,,,,,,,,,,,pinnacle
spelad,ED,2021/22,2022-02-13,,Ajax,Twente,5,0,H,23,3,11,1,3.123,0.3377,skott,,,,,,,,,,0.843,0.1131,0.0439,0.827,0.1141,0.0589,1,1.16,9,25,1.2,8.52,19,0.662,0.681,-0.7413,0.5083,-0.7899,-1,6,1,-0.6422,0.1959,0,0,,,-0.0469,-0.0192,,,,,,,,,,,,,,,,,pinnacle
spelad,ED,2021/22,2022-02-13,,Go Ahead Eagles,AZ Alkmaar,1,4,A,9,16,4,9,1.1733,2.3884,skott,,,,,,,,,,0.1368,0.2243,0.6389,0.1397,0.2339,0.6264,1,7.1,4.6,1.55,6.95,4.3,1.62,0.5524,0.4961,-1.5955,1.2733,-1.1853,-1,,,,,0,0,,,0.0184,0.0427,,,,,,,,,,,,,,,,,pinnacle
spelad,ED,2021/22,2022-02-13,,Heerenveen,Nijmegen,0,1,A,14,6,4,2,1.4693,0.6754,skott,,,,,,,,,,0.4229,0.2672,0.3098,0.438,0.2818,0.2802,1,2.37,3.69,3.2,2.22,3.6,3.53,0.5296,0.491,-0.1052,0.6627,-0.0245,0,,,,,0,0,,,0.0596,-0.0027,,,,,,,,,,,,,,,,,pinnacle
spelad,ED,2021/22,2022-02-13,,Sparta Rotterdam,Willem II,1,0,H,14,5,6,0,1.7896,0.296,skott,,,,,,,,,,0.4699,0.2819,0.2481,0.488,0.2791,0.2329,1,2.12,3.58,3.97,2.03,3.55,4.33,0.4704,0.4402,-0.0809,-0.0364,0.215,0,6,0.5,0.245,-0.1041,0,0,,,0.0515,-0.0104,,,,,,,,,,,,,,,,,pinnacle
spelad,ED,2021/22,2022-02-13,,Waalwijk,Feyenoord,0,2,A,11,16,4,4,1.2917,1.5877,skott,,,,,,,,,,0.0685,0.1722,0.7593,0.0757,0.1596,0.7647,1,15,6,1.3,15,6.2,1.3,0.5772,0.6353,0.4779,-0.2218,0.5791,0,4,-1.5,0.0952,0.3555,0,0,,,0.0091,0.0434,,,,,,,,,,,,,,,,,pinnacle
spelad,ED,2021/22,2022-02-19,,AZ Alkmaar,Heracles,2,1,H,13,3,5,1,1.5702,0.3377,skott,,,,,,,,,,0.6969,0.1961,0.107,0.701,0.1946,0.1044,1,1.4,5.1,9.1,1.4,5.25,9.35,0.5536,0.5499,1.6528,-1.7217,1.0225,-2,8,1.5,0.1462,-0.197,0,0,,,0.0109,-0.0201,,,,,,,,,,,,,,,,,pinnacle
spelad,ED,2021/22,2022-02-19,,Nijmegen,Waalwijk,1,1,D,24,12,6,3,2.3815,1.1907,skott,,,,,,,,,,0.4717,0.2684,0.2598,0.4441,0.2803,0.2755,1,2.1,3.65,3.75,2.25,3.6,3.63,0.5205,0.4884,0.1903,-0.4843,-0.0084,0,,,,,0,0,,,-0.0709,-0.0117,,,,,,,,,,,,,,,,,pinnacle
spelad,ED,2021/22,2022-02-19,,Willem II,Ajax,0,1,A,6,31,1,5,0.5153,2.6357,skott,,,,,,,,,,0.0343,0.0952,0.8705,0.0426,0.1062,0.8512,1,33,11,1.12,23,9.5,1.15,0.7063,0.7084,-0.767,1.7731,-0.9067,0,8,-1.875,0.2301,0.0225,0,0,,,0.0357,0.0232,,,,,,,,,,,,,,,,,pinnacle
spelad,ED,2021/22,2022-02-20,,Feyenoord,Cambuur,3,1,H,19,6,11,2,2.8862,0.6754,skott,,,,,,,,,,0.8352,0.1142,0.0506,0.8553,0.1004,0.0443,1,1.16,9.1,20,1.15,9.63,22,0.72,0.7524,0.0183,-0.293,0.1136,-1,,,,,0,0,,,0.0465,-0.0348,,,,,,,,,,,,,,,,,pinnacle
spelad,ED,2021/22,2022-02-20,,PSV Eindhoven,Heerenveen,3,1,H,13,9,4,4,1.4101,1.1733,skott,,,,,,,,,,0.8172,0.1312,0.0516,0.8335,0.1188,0.0477,1,1.2,8,19,1.19,8.56,20.28,0.6781,0.7173,0.735,-1.2893,0.5373,1,8,0.375,-0.8866,0.4487,0,0,,,0.0366,-0.0397,,,,,,,,,,,,,,,,,pinnacle
spelad,ED,2021/22,2022-02-20,,Twente,Go Ahead Eagles,2,2,D,25,9,5,6,2.2806,1.4936,skott,,,,,,,,,,0.5543,0.258,0.1876,0.5763,0.2476,0.176,1,1.76,3.9,5.3,1.71,3.92,5.8,0.4859,0.4845,1.7179,-1.3333,1.7198,0,,,,,0,0,,,0.0556,-0.0076,,,,,,,,,,,,,,,,,pinnacle
spelad,ED,2021/22,2022-02-20,,Utrecht,Vitesse,1,1,D,8,19,1,2,0.6337,1.445,skott,,,,,,,,,,0.5369,0.2467,0.2164,0.5584,0.2429,0.1987,1,1.84,4,4.5,1.8,4.05,5,0.5499,0.5685,-1.0922,1.0924,-0.6281,1,8,-1.5,-0.802,-0.018,0,0,,,0.0607,-0.0431,,,,,,,,,,,,,,,,,pinnacle
spelad,ED,2021/22,2022-02-20,,Zwolle,Groningen,1,1,D,10,11,4,3,1.2325,1.1316,skott,,,,,,,,,,0.4343,0.2787,0.287,0.4175,0.3021,0.2804,1,2.33,3.5,3.45,2.35,3.4,3.5,0.4744,0.4315,-0.0707,0.4263,0.2367,0,9,0.6667,0.5285,-0.1529,0,0,,,-0.0269,-0.0042,,,,,,,,,,,,,,,,,pinnacle
spelad,ED,2021/22,2022-02-25,,Waalwijk,Twente,1,2,A,15,18,6,4,1.8488,1.7061,skott,,,,,,,,,,0.2871,0.2804,0.4325,0.2918,0.2745,0.4338,1,3.43,3.6,2.3,3.55,3.6,2.34,0.4936,0.491,-0.6374,0.2672,-0.5875,1,5,1.2,1.0402,-0.0328,0,0,,,0.0082,0.0031,,,,,,,,,,,,,,,,,pinnacle
spelad,ED,2021/22,2022-02-26,,Cambuur,For Sittard,2,1,H,16,9,9,4,2.3884,1.1733,skott,,,,,,,,,,0.4651,0.2777,0.2572,0.5067,0.2476,0.2457,1,2.1,3.81,3.9,2.05,3.93,3.96,0.5499,0.5935,-0.3619,-0.7199,-0.6329,-7,,,,,0,0,,,0.0947,-0.0651,,,,,,,,,,,,,,,,,pinnacle
spelad,ED,2021/22,2022-02-26,,Groningen,Willem II,1,0,H,17,9,5,0,1.807,0.5327,skott,,,,,,,,,,0.4982,0.28,0.2218,0.5156,0.2885,0.1958,1,1.95,3.58,4.5,1.93,3.5,5,0.4501,0.4125,0.2478,-0.3284,0.5821,-1,9,0,-0.021,-0.1628,0,0,,,0.0608,-0.0233,,,,,,,,,,,,,,,,,pinnacle
spelad,ED,2021/22,2022-02-26,,Heracles,Zwolle,2,0,H,22,12,8,2,2.5834,1.0306,skott,,,,,,,,,,0.4566,0.2819,0.2615,0.4264,0.2868,0.2868,1,2.17,3.58,3.8,2.32,3.52,3.6,0.4821,0.4756,-0.11,-0.0411,-0.0518,1,8,0,-0.0601,-0.0117,0,0,,,-0.0858,-0.0056,,,,,,,,,,,,,,,,,pinnacle
spelad,ED,2021/22,2022-02-27,,AZ Alkmaar,Feyenoord,2,1,H,9,13,3,6,1.0132,1.7304,skott,,,,,,,,,,0.3463,0.2765,0.3772,0.3565,0.2871,0.3565,1,2.82,3.58,2.7,2.82,3.59,2.73,0.5167,0.4769,1.3343,-1.1494,1.0392,1,8,-0.375,0.0134,-0.1236,0,0,,,0.041,-0.0035,,,,,,,,,,,,,,,,,pinnacle
spelad,ED,2021/22,2022-02-27,,Go Ahead Eagles,Ajax,2,1,H,7,20,4,4,1.0549,1.8244,skott,,,,,,,,,,0.048,0.1189,0.8331,0.0569,0.1245,0.8187,1,21,8.4,1.17,21,9,1.2,0.6751,0.7031,-0.8643,0.9733,-0.8173,-1,,,,,0,0,,,0.0322,0.0268,,,,,,,,,,,,,,,,,pinnacle
spelad,ED,2021/22,2022-02-27,,Heerenveen,Utrecht,1,2,A,10,11,6,8,1.5528,1.9323,skott,,,,,,,,,,0.2534,0.2438,0.5028,0.2755,0.2679,0.4566,1,3.95,3.98,2,3.95,3.99,2.13,0.5598,0.5219,-0.3915,0.5846,-0.1626,0,8,-1.5,-0.48,0.265,0,0,,,0.0905,-0.001,,,,,,,,,,,,,,,,,pinnacle
spelad,ED,2021/22,2022-02-27,,Sparta Rotterdam,PSV Eindhoven,1,2,A,12,21,4,9,1.3509,2.6843,skott,,,,,,,,,,0.1227,0.2041,0.6732,0.1331,0.2241,0.6427,1,8.15,5,1.46,8,4.8,1.51,0.566,0.5167,-0.8966,1.6022,-0.4471,7,6,-2.5,-0.459,-0.0221,0,0,,,0.0513,0.0008,,,,,,,,,,,,,,,,,pinnacle
spelad,ED,2021/22,2022-02-27,,Vitesse,Nijmegen,4,1,H,20,8,8,3,2.465,0.954,skott,,,,,,,,,,0.5428,0.2399,0.2173,0.5175,0.271,0.2115,1,1.81,4.15,4.75,1.88,3.78,5,0.5256,0.4884,-0.0111,0.7567,-0.3889,-1,,,,,0,0,,,-0.0447,0.0209,,,,,,,,,,,,,,,,,pinnacle
spelad,ED,2021/22,2022-03-05,,Feyenoord,Groningen,1,1,D,23,6,6,3,2.3223,0.8356,skott,,,,,,,,,,0.7507,0.1757,0.0736,0.8041,0.1363,0.0596,1,1.31,6,13.16,1.27,7.27,16.19,0.5793,0.6682,-0.0179,-0.2335,-0.2502,-1,8,1.125,-0.1511,0.1559,0,0,,,0.1209,-0.0352,,,,,,,,,,,,,,,,,pinnacle
spelad,ED,2021/22,2022-03-05,,Go Ahead Eagles,Utrecht,1,1,D,9,19,3,7,1.0132,2.2457,skott,,,,,,,,,,0.2418,0.2599,0.4984,0.223,0.2513,0.5257,1,4.02,3.83,1.97,4.36,4,1.96,0.509,0.5398,-0.174,0.0932,-0.11,0,,,,,0,0,,,-0.0647,0.0263,,,,,,,,,,,,,,,,,pinnacle
spelad,ED,2021/22,2022-03-05,,Willem II,Heerenveen,0,0,D,15,10,5,3,1.6886,1.0724,skott,,,,,,,,,,0.3769,0.2912,0.3319,0.3563,0.3012,0.3425,1,2.61,3.4,3.05,2.84,3.33,2.85,0.4615,0.4564,0.5916,-1.1858,0.0824,1,8,-1.5,-0.3147,-0.2499,0,0,,,-0.0518,-0.0242,,,,,,,,,,,,,,,,,pinnacle
spelad,ED,2021/22,2022-03-06,,Ajax,Waalwijk,3,2,H,39,6,14,3,4.5505,0.8356,skott,,,,,,,,,,0.8992,0.0736,0.0272,0.9173,0.0612,0.0215,1,1.08,15,46,1.07,26,80,0.7825,0.816,0.5506,-0.8357,0.1674,-2,5,3,0.2573,-0.0766,0,0,,,0.0421,0.0192,,,,,,,,,,,,,,,,,pinnacle
spelad,ED,2021/22,2022-03-06,,For Sittard,Zwolle,0,1,A,17,20,3,4,1.4867,1.8244,skott,,,,,,,,,,0.3537,0.2764,0.3699,0.3464,0.2958,0.3578,1,2.79,3.62,2.7,2.82,3.5,2.72,0.5256,0.4692,0.3307,-0.4976,0.2729,0,7,0.4286,0.4551,0.0338,0,0,,,-0.0027,-0.0029,,,,,,,,,,,,,,,,,pinnacle
spelad,ED,2021/22,2022-03-06,,Nijmegen,AZ Alkmaar,1,3,A,13,10,7,7,1.8905,1.7129,skott,,,,,,,,,,0.1499,0.2282,0.6218,0.1567,0.2416,0.6017,1,6.8,4.4,1.58,6.5,4.25,1.61,0.5284,0.491,-0.8309,0.8956,-0.3555,0,,,,,0,0,,,0.0338,0.0012,,,,,,,,,,,,,,,,,pinnacle
spelad,ED,2021/22,2022-03-06,,PSV Eindhoven,Heracles,3,1,H,25,5,14,1,3.7218,0.4561,skott,,,,,,,,,,0.7773,0.1494,0.0732,0.8138,0.1259,0.0602,1,1.27,6.7,14,1.23,8,17,0.6244,0.669,0.3098,-0.4963,-0.0843,-1,8,2.625,0.4262,-0.039,0,0,,,0.086,-0.0246,,,,,,,,,,,,,,,,,pinnacle
spelad,ED,2021/22,2022-03-06,,Twente,Cambuur,1,0,H,21,5,4,0,1.8836,0.296,skott,,,,,,,,,,0.5983,0.2319,0.1698,0.6558,0.1981,0.1462,1,1.65,4.3,5.8,1.5,5,6.7,0.5499,0.6074,0.9287,-0.278,1.0039,1,,,,,0,0,,,0.1384,-0.0189,,,,,,,,,,,,,,,,,pinnacle
spelad,ED,2021/22,2022-03-11,,Cambuur,Ajax,2,3,A,6,25,3,10,0.8356,3.0813,skott,,,,,,,,,,0.0571,0.0992,0.8437,0.0536,0.0935,0.8529,1,21,11,1.18,22,10.5,1.18,0.7966,0.8066,-0.3723,-0.2046,-0.2677,0,,,,,0,0,,,-0.0162,0.0105,,,,,,,,,,,,,,,,,pinnacle
spelad,ED,2021/22,2022-03-12,,Groningen,Nijmegen,4,3,H,20,18,7,7,2.3049,2.1865,skott,,,,,,,,,,0.5134,0.271,0.2156,0.483,0.2864,0.2306,1,1.93,3.61,4.6,2.02,3.6,4.55,0.4501,0.4653,0.0178,-0.4128,0.1887,1,,,,,0,0,,,-0.0757,0.0014,,,,,,,,,,,,,,,,,pinnacle
spelad,ED,2021/22,2022-03-12,,Sparta Rotterdam,Go Ahead Eagles,1,0,H,12,8,5,2,1.511,0.7938,skott,,,,,,,,,,0.5061,0.276,0.2179,0.4949,0.2795,0.2256,1,1.98,3.61,4.5,2.09,3.5,4.43,0.4476,0.4315,-0.4486,0.9292,-0.2841,6,,,,,0,0,,,-0.0301,-0.0275,,,,,,,,,,,,,,,,,pinnacle
spelad,ED,2021/22,2022-03-12,,Waalwijk,Heerenveen,0,0,D,6,17,0,2,0.3552,1.3266,skott,,,,,,,,,,0.3746,0.2907,0.3347,0.3719,0.2874,0.3407,1,2.62,3.51,2.92,2.62,3.57,3,0.4781,0.5064,0.9834,-1.4506,1.0199,-1,4,-1.5,-0.3644,0.2761,0,0,,,-0.0114,0.0246,,,,,,,,,,,,,,,,,pinnacle
spelad,ED,2021/22,2022-03-13,,AZ Alkmaar,Twente,0,1,A,7,7,0,3,0.4144,0.8948,skott,,,,,,,,,,0.5889,0.237,0.1741,0.5159,0.2811,0.2029,1,1.67,4.2,6,1.92,3.7,4.9,0.5256,0.4845,0.511,-0.6117,0.1267,0,7,1.2857,0.186,-0.2197,0,0,,,-0.1747,-0.0207,,,,,,,,,,,,,,,,,pinnacle
spelad,ED,2021/22,2022-03-13,,For Sittard,Willem II,1,0,H,15,12,2,1,1.2082,0.8705,skott,,,,,,,,,,0.4055,0.2805,0.314,0.4288,0.2914,0.2797,1,2.43,3.52,3.2,2.3,3.44,3.52,0.4795,0.4871,0.245,0.0976,0.5284,-1,7,-0.8571,-0.1155,0.2019,0,0,,,0.0808,-0.0101,,,,,,,,,,,,,,,,,pinnacle
spelad,ED,2021/22,2022-03-13,,Heracles,Vitesse,0,0,D,11,10,1,2,0.8113,0.9122,skott,,,,,,,,,,0.396,0.2815,0.3225,0.4629,0.2783,0.2588,1,2.57,3.53,3.05,2.22,3.66,3.75,0.4833,0.5064,-0.3041,-0.3484,-0.065,-7,8,-1.125,-0.2035,0.138,0,0,,,0.1976,-0.0122,,,,,,,,,,,,,,,,,pinnacle
spelad,ED,2021/22,2022-03-13,,Utrecht,PSV Eindhoven,0,1,A,6,20,3,4,0.8356,1.8244,skott,,,,,,,,,,0.2457,0.2476,0.5067,0.2008,0.223,0.5762,1,4.05,3.99,1.95,4.82,4.5,1.75,0.5524,0.6478,-0.4191,0.575,-0.2664,1,8,-1.5,-0.201,0.0247,0,0,,,-0.1592,0.0425,,,,,,,,,,,,,,,,,pinnacle
spelad,ED,2021/22,2022-03-13,,Zwolle,Feyenoord,1,2,A,7,16,3,6,0.8948,1.9079,skott,,,,,,,,,,0.13,0.2193,0.6507,0.133,0.2048,0.6622,1,7.55,4.7,1.5,7.5,4.8,1.5,0.5561,0.5821,0.395,0.0488,0.7266,-1,9,-2,-0.1831,-0.0803,0,0,,,-0.0055,0.0353,,,,,,,,,,,,,,,,,pinnacle
spelad,ED,2021/22,2022-03-18,,Heerenveen,Heracles,2,0,H,14,7,8,2,2.1098,0.7346,skott,,,,,,,,,,0.3983,0.2981,0.3037,0.4289,0.2864,0.2847,1,2.5,3.36,3.2,2.29,3.46,3.45,0.4388,0.4464,-1.1901,1.4455,-0.9182,1,9,-0.3333,-0.2248,-0.027,0,0,,,0.0803,-0.0029,,,,,,,,,,,,,,,,,pinnacle
spelad,ED,2021/22,2022-03-19,,Go Ahead Eagles,Cambuur,3,0,H,14,1,5,1,1.6294,0.2193,skott,,,,,,,,,,0.4693,0.2563,0.2744,0.489,0.2602,0.2508,1,2.16,3.79,3.74,2.1,3.8,3.89,0.5129,0.5167,0.0279,0.3756,0.0588,-1,,,,,0,0,,,0.0631,-0.0198,,,,,,,,,,,,,,,,,pinnacle
spelad,ED,2021/22,2022-03-19,,Nijmegen,Sparta Rotterdam,0,0,D,18,3,6,0,2.0263,0.1776,skott,,,,,,,,,,0.3744,0.2923,0.3333,0.4107,0.2897,0.2995,1,2.62,3.44,3.05,2.6,3.43,3.3,0.4527,0.4527,0.0167,-0.3937,-0.0974,0,,,,,0,0,,,0.1066,-0.0435,,,,,,,,,,,,,,,,,pinnacle
spelad,ED,2021/22,2022-03-19,,Twente,Zwolle,1,0,H,18,9,7,4,2.1865,1.1733,skott,,,,,,,,,,0.5741,0.2482,0.1777,0.6103,0.2332,0.1565,1,1.75,4,5.5,1.62,4.35,6.5,0.4821,0.5064,0.3865,0.0355,0.4937,0,6,1,0.4983,-0.2677,0,0,,,0.0934,-0.0099,,,,,,,,,,,,,,,,,pinnacle
spelad,ED,2021/22,2022-03-20,,Ajax,Feyenoord,3,2,H,17,14,8,4,2.2874,1.4693,skott,,,,,,,,,,0.6648,0.1941,0.1411,0.6908,0.1794,0.1298,1,1.47,5.5,7.1,1.49,5.5,7.5,0.6674,0.6682,0.369,0.2429,0.4292,2,8,2.25,0.612,-0.2075,0,0,,,0.0632,-0.0641,,,,,,,,,,,,,,,,,pinnacle
spelad,ED,2021/22,2022-03-20,,PSV Eindhoven,For Sittard,5,0,H,24,6,15,0,3.8228,0.3552,skott,,,,,,,,,,0.8721,0.0921,0.0357,0.873,0.091,0.036,1,1.12,11,27.08,1.16,10.65,26.91,0.7173,0.7435,0.2423,-0.1333,0.1368,0,6,3,0.5392,-0.1425,0,0,,,0.0015,-0.077,,,,,,,,,,,,,,,,,pinnacle
spelad,ED,2021/22,2022-03-20,,Utrecht,Groningen,1,3,A,19,9,6,5,2.0855,1.3334,skott,,,,,,,,,,0.561,0.2681,0.1709,0.5134,0.268,0.2185,1,1.75,3.95,5.7,1.97,3.71,4.65,0.4936,0.4884,-0.3576,0.3759,-0.6145,-1,8,0,-0.5388,0.4963,0,0,,,-0.1429,-0.0299,,,,,,,,,,,,,,,,,pinnacle
spelad,ED,2021/22,2022-03-20,,Vitesse,Waalwijk,1,2,A,25,8,3,4,1.9603,1.1141,skott,,,,,,,,,,0.5907,0.2334,0.1758,0.621,0.2242,0.1548,1,1.67,4.2,5.55,1.56,4.71,7,0.5359,0.5561,0.1845,0.694,0.0859,-1,4,2.25,0.5697,0.03,0,0,,,0.0816,0.0095,,,,,,,,,,,,,,,,,pinnacle
spelad,ED,2021/22,2022-03-20,,Willem II,AZ Alkmaar,2,2,D,5,22,2,5,0.6163,2.103,skott,,,,,,,,,,0.1642,0.2416,0.5943,0.1649,0.2437,0.5914,1,6.25,4.15,1.66,6.2,4.04,1.68,0.5026,0.4807,-1.1851,0.5592,-1.0352,0,9,-0.6667,0.4581,-0.0833,0,0,,,0.0044,0.0043,,,,,,,,,,,,,,,,,pinnacle
spelad,ED,2021/22,2022-04-02,,AZ Alkmaar,Vitesse,3,1,H,9,15,2,5,0.853,1.6886,skott,,,,,,,,,,0.5918,0.2311,0.1771,0.5633,0.257,0.1797,1,1.67,4.2,5.6,1.73,3.95,5.75,0.5359,0.4744,0.8448,-1.2461,0.5158,0,8,0.375,-0.0819,0.1205,0,0,,,-0.0597,-0.0015,,,,,,,,,,,,,,,,,pinnacle
spelad,ED,2021/22,2022-04-02,,Feyenoord,Willem II,2,0,H,30,3,9,0,3.2171,0.1776,skott,,,,,,,,,,0.8406,0.1136,0.0458,0.8511,0.1072,0.0417,1,1.17,8.8,21.09,1.17,9.05,23.28,0.672,0.6795,0.1422,0.3739,0.2808,0,9,2,0.3384,-0.0945,0,0,,,0.0252,-0.0483,,,,,,,,,,,,,,,,,pinnacle
spelad,ED,2021/22,2022-04-02,,Groningen,Ajax,1,3,A,8,16,3,7,0.954,2.0681,skott,,,,,,,,,,0.0875,0.1591,0.7534,0.0955,0.1655,0.739,1,12.5,6.5,1.29,12,6.5,1.32,0.6403,0.6161,0.387,-1.1171,0.6787,0,9,-1.6667,0.2806,-0.1363,0,0,,,0.0303,-0.0201,,,,,,,,,,,,,,,,,pinnacle
spelad,ED,2021/22,2022-04-02,,Twente,PSV Eindhoven,3,3,D,13,16,5,8,1.5702,2.2282,skott,,,,,,,,,,0.2098,0.2663,0.5239,0.2636,0.2732,0.4632,1,4.85,3.85,1.85,4.32,3.8,2.12,0.5155,0.5321,0.5172,0.3197,0.7205,1,7,-1.7143,-0.1482,0.2415,0,0,,,0.1683,-0.0319,,,,,,,,,,,,,,,,,pinnacle
spelad,ED,2021/22,2022-04-02,,Waalwijk,Utrecht,1,1,D,5,11,2,5,0.6163,1.4518,skott,,,,,,,,,,0.2267,0.2559,0.5173,0.2425,0.2664,0.4911,1,4.35,3.84,1.95,4.2,3.72,2.02,0.5347,0.5193,0.1561,-0.4347,0.3443,0,5,0,0.8459,0.0251,0,0,,,0.0578,0.02,,,,,,,,,,,,,,,,,pinnacle
spelad,ED,2021/22,2022-04-03,,Cambuur,Nijmegen,1,2,A,15,9,4,6,1.5285,1.4936,skott,,,,,,,,,,0.3742,0.2695,0.3563,0.389,0.26,0.351,1,2.6,3.7,2.85,2.5,3.77,2.88,0.5487,0.5768,0.2854,-0.8295,-0.0135,0,,,,,0,0,,,0.0349,0.0167,,,,,,,,,,,,,,,,,pinnacle
spelad,ED,2021/22,2022-04-03,,For Sittard,Heracles,0,2,A,10,11,5,4,1.3926,1.2917,skott,,,,,,,,,,0.3574,0.2826,0.36,0.4613,0.2749,0.2638,1,2.75,3.45,2.75,2.36,3.54,3.75,0.4781,0.4884,0.0944,0.1001,0.1609,-2,7,-0.8571,-0.09,-0.1038,0,0,,,0.3041,-0.0849,,,,,,,,,,,,,,,,,pinnacle
spelad,ED,2021/22,2022-04-03,,Sparta Rotterdam,Heerenveen,1,1,D,8,7,4,3,1.1141,0.8948,skott,,,,,,,,,,0.4249,0.3041,0.271,0.4265,0.2956,0.2779,1,2.3,3.4,3.7,2.28,3.5,3.7,0.4075,0.4232,0.8281,-0.406,0.4557,-1,6,-1,-0.3294,0.0801,0,0,,,-0.0035,0.0017,,,,,,,,,,,,,,,,,pinnacle
spelad,ED,2021/22,2022-04-03,,Zwolle,Go Ahead Eagles,0,1,A,13,14,1,4,0.9297,1.4693,skott,,,,,,,,,,0.4653,0.2885,0.2462,0.4913,0.2886,0.2201,1,2.1,3.6,4,2.04,3.6,4.42,0.4602,0.4278,0.0941,0.2629,-0.0812,0,,,,,0,0,,,0.0781,-0.029,,,,,,,,,,,,,,,,,pinnacle
spelad,ED,2021/22,2022-04-08,,Go Ahead Eagles,Willem II,4,0,H,18,10,10,5,2.6669,1.3926,skott,,,,,,,,,,0.4718,0.2777,0.2505,0.4677,0.2828,0.2495,1,2.15,3.52,3.94,2.1,3.58,4.1,0.4413,0.4564,0.2535,0.3578,0.7292,-1,,,,,0,0,,,-0.0071,0.0022,,,,,,,,,,,,,,,,,pinnacle
spelad,ED,2021/22,2022-04-09,,Ajax,Sparta Rotterdam,2,1,H,18,11,6,1,2.0263,0.8113,skott,,,,,,,,,,0.8699,0.0936,0.0365,0.8634,0.0955,0.0411,1,1.11,12,33,1.14,11,27.66,0.7389,0.72,0.2529,0.0743,0.1469,1,7,3,0.4692,-0.1278,0,0,,,-0.0178,-0.0092,,,,,,,,,,,,,,,,,pinnacle
spelad,ED,2021/22,2022-04-09,,Nijmegen,Twente,0,2,A,8,12,3,4,0.954,1.3509,skott,,,,,,,,,,0.2385,0.2638,0.4978,0.2709,0.2747,0.4544,1,4.1,3.68,2.05,3.77,3.7,2.16,0.4974,0.5244,-0.8453,0.6355,-0.7184,-1,,,,,0,0,,,0.1081,0.0005,,,,,,,,,,,,,,,,,pinnacle
spelad,ED,2021/22,2022-04-09,,Utrecht,For Sittard,1,1,D,18,16,5,10,1.8662,2.5485,skott,,,,,,,,,,0.6389,0.2149,0.1463,0.6784,0.197,0.1246,1,1.53,4.75,6.8,1.45,5.3,8.2,0.5875,0.6049,-0.5238,0.5349,-0.5028,1,6,1.5,-0.0978,0.2992,0,0,,,0.1007,-0.0145,,,,,,,,,,,,,,,,,pinnacle
spelad,ED,2021/22,2022-04-10,,Heerenveen,Groningen,3,1,H,11,10,7,4,1.7721,1.2325,skott,,,,,,,,,,0.3956,0.3022,0.3022,0.4306,0.2922,0.2772,1,2.47,3.4,3.32,2.31,3.4,3.51,0.434,0.4513,-1.2573,1.1617,-0.9347,-1,8,0,-0.2149,0.4825,0,0,,,0.095,-0.0193,,,,,,,,,,,,,,,,,pinnacle
spelad,ED,2021/22,2022-04-10,,Heracles,Feyenoord,1,4,A,19,23,8,8,2.4058,2.6426,skott,,,,,,,,,,0.1738,0.2199,0.6062,0.1307,0.1777,0.6917,1,6,4.55,1.62,9.1,5.55,1.48,0.5793,0.6322,0.415,-0.6704,0.3971,-1,9,-2,-0.3057,0.1478,0,0,,,-0.1717,-0.0175,,,,,,,,,,,,,,,,,pinnacle
spelad,ED,2021/22,2022-04-10,,PSV Eindhoven,Waalwijk,2,0,H,18,10,8,2,2.3466,0.9122,skott,,,,,,,,,,0.8441,0.1088,0.0471,0.8324,0.1198,0.0478,1,1.15,9.4,24,1.19,8.5,20.18,0.725,0.681,0.4271,-0.1216,0.3383,0,4,3,0.5504,-0.1479,0,0,,,-0.0241,-0.0444,,,,,,,,,,,,,,,,,pinnacle
spelad,ED,2021/22,2022-04-10,,Vitesse,Cambuur,1,0,H,31,4,14,0,4.077,0.2368,skott,,,,,,,,,,0.6258,0.2175,0.1567,0.6749,0.19,0.1352,1,1.56,4.6,6.4,1.44,5.3,7.6,0.6059,0.6238,-0.3041,1.0416,-0.1385,1,,,,,0,0,,,0.1197,-0.005,,,,,,,,,,,,,,,,,pinnacle
spelad,ED,2021/22,2022-04-10,,Zwolle,AZ Alkmaar,2,1,H,13,14,7,5,1.8905,1.6294,skott,,,,,,,,,,0.1814,0.2555,0.5631,0.2022,0.2588,0.5391,1,5.4,3.88,1.75,4.9,4,1.81,0.5039,0.4961,-1.0708,0.9616,-0.8242,-1,9,-1.3333,-0.1319,0.3572,0,0,,,0.0656,0.0073,,,,,,,,,,,,,,,,,pinnacle
spelad,ED,2021/22,2022-04-16,,For Sittard,Sparta Rotterdam,3,0,H,12,7,4,1,1.3509,0.5745,skott,,,,,,,,,,0.3698,0.2912,0.3389,0.3346,0.2951,0.3703,1,2.66,3.4,2.9,2.93,3.42,2.85,0.4513,0.4501,0.2256,-0.341,0.2211,0,5,-0.6,0.008,0.1521,0,0,,,-0.1018,0.0283,,,,,,,,,,,,,,,,,pinnacle
spelad,ED,2021/22,2022-04-19,,Vitesse,Sparta Rotterdam,0,1,A,8,3,5,1,1.2743,0.3377,skott,,,,,,,,,,0.5369,0.2714,0.1917,0.5544,0.2636,0.182,1,1.85,3.7,5.1,1.85,3.76,5.4,0.4718,0.468,-0.6476,1.1707,-0.261,6,6,0.5,0.0188,-0.0877,0,0,,,0.0446,-0.0361,,,,,,,,,,,,,,,,,pinnacle
spelad,ED,2021/22,2022-04-22,,Twente,Sparta Rotterdam,2,0,H,19,5,7,0,2.2457,0.296,skott,,,,,,,,,,0.5912,0.2512,0.1576,0.6327,0.2327,0.1346,1,1.73,3.9,6.5,1.63,4.2,7.2,0.4513,0.4602,0.3164,0.1699,0.4581,7,7,-0.4286,-0.2024,0.0185,0,0,,,0.106,-0.0323,,,,,,,,,,,,,,,,,pinnacle
spelad,ED,2021/22,2022-04-23,,AZ Alkmaar,Heerenveen,2,1,H,24,12,8,4,2.7018,1.3509,skott,,,,,,,,,,0.683,0.1944,0.1226,0.7071,0.1794,0.1136,1,1.45,5.1,8.5,1.4,5.55,9.3,0.555,0.59,0.9688,-0.9707,0.1741,0,9,1.6667,0.4514,-0.2228,0,0,,,0.0571,-0.0159,,,,,,,,,,,,,,,,,pinnacle
spelad,ED,2021/22,2022-04-23,,Cambuur,PSV Eindhoven,1,2,A,6,24,3,7,0.8356,2.5416,skott,,,,,,,,,,0.1014,0.1572,0.7414,0.0841,0.1367,0.7792,1,10,6.4,1.35,13,7.3,1.25,0.6728,0.7278,-0.8969,0.4087,-1.0081,0,,,,,0,0,,,-0.0724,0.0107,,,,,,,,,,,,,,,,,pinnacle
spelad,ED,2021/22,2022-04-23,,Nijmegen,Ajax,0,1,A,8,17,2,6,0.7938,1.9671,skott,,,,,,,,,,0.0751,0.1404,0.7845,0.0916,0.1436,0.7648,1,14,7.4,1.24,13,7,1.28,0.6758,0.6954,-0.6881,0.3224,-0.204,0,,,,,0,0,,,0.0527,-0.0067,,,,,,,,,,,,,,,,,pinnacle
spelad,ED,2021/22,2022-04-23,,Waalwijk,Zwolle,0,2,A,13,10,5,4,1.5702,1.2325,skott,,,,,,,,,,0.3513,0.2829,0.3658,0.3266,0.2888,0.3847,1,2.87,3.45,2.75,2.98,3.57,2.65,0.4653,0.4961,-0.1104,-0.4084,-0.0982,0,5,-0.6,-0.2358,0.544,0,0,,,-0.0683,0.0184,,,,,,,,,,,,,,,,,pinnacle
spelad,ED,2021/22,2022-04-24,,Feyenoord,Utrecht,2,1,H,16,4,7,1,2.0681,0.3969,skott,,,,,,,,,,0.7059,0.1762,0.1179,0.7005,0.1774,0.1221,1,1.4,5.6,8.4,1.4,5.7,8.5,0.6597,0.6597,0.6178,-0.4641,0.7115,-1,9,0.6667,0.0608,0.0901,0,0,,,-0.0148,-0.0121,,,,,,,,,,,,,,,,,pinnacle
spelad,ED,2021/22,2022-04-24,,For Sittard,Go Ahead Eagles,1,0,H,14,5,4,1,1.4693,0.4561,skott,,,,,,,,,,0.4072,0.2789,0.3139,0.4002,0.2819,0.3178,1,2.43,3.52,3.27,2.52,3.58,3.15,0.4936,0.5026,-0.4084,0.8078,-0.5673,-7,,,,,0,0,,,-0.0178,-0.017,,,,,,,,,,,,,,,,,pinnacle
spelad,ED,2021/22,2022-04-24,,Groningen,Heracles,0,1,A,7,9,2,5,0.7346,1.3334,skott,,,,,,,,,,0.4604,0.2784,0.2612,0.5162,0.2773,0.2065,1,2.13,3.55,4,1.92,3.66,4.8,0.4627,0.4464,-0.0809,0.156,-0.0295,0,8,-1.875,-0.9315,-0.138,0,0,,,0.1662,-0.0035,,,,,,,,,,,,,,,,,pinnacle
spelad,ED,2021/22,2022-04-24,,Willem II,Vitesse,1,0,H,8,12,2,2,0.7938,1.0306,skott,,,,,,,,,,0.2579,0.2747,0.4674,0.3015,0.296,0.4024,1,3.81,3.63,2.1,3.8,3.5,2.44,0.4859,0.4718,0.477,-1.5663,-0.1342,7,8,-1.125,-0.2591,0.1225,0,0,,,0.1522,-0.0141,,,,,,,,,,,,,,,,,pinnacle
spelad,ED,2021/22,2022-04-29,,Utrecht,Nijmegen,1,0,H,21,11,8,4,2.5242,1.2917,skott,,,,,,,,,,0.5592,0.2508,0.19,0.5615,0.2484,0.1901,1,1.77,4.25,5.5,1.74,4.3,5.5,0.5321,0.566,0.3349,-0.7421,-0.248,-1,,,,,0,0,,,0.0045,0.016,,,,,,,,,,,,,,,,,pinnacle
spelad,ED,2021/22,2022-04-30,,Ajax,Zwolle,3,0,H,20,10,9,1,2.6251,0.7521,skott,,,,,,,,,,0.8541,0.0965,0.0494,0.806,0.1217,0.0723,1,1.14,10,24,1.22,8.5,16,0.7256,0.7109,0.2017,1.116,-0.0019,0,8,3,0.4632,-0.1217,0,0,,,-0.119,-0.01,,,,,,,,,,,,,,,,,pinnacle
spelad,ED,2021/22,2022-04-30,,Heracles,Twente,1,1,D,7,17,2,6,0.7346,1.9671,skott,,,,,,,,,,0.2838,0.2797,0.4365,0.267,0.2745,0.4584,1,3.43,3.53,2.32,4.05,3.54,2.21,0.4501,0.4388,-0.5469,0.1782,-0.527,-2,6,0,0.069,0.0673,0,0,,,-0.0555,0.0169,,,,,,,,,,,,,,,,,pinnacle
spelad,ED,2021/22,2022-04-30,,Sparta Rotterdam,AZ Alkmaar,1,1,D,13,18,5,5,1.5702,1.8662,skott,,,,,,,,,,0.1875,0.2605,0.552,0.1839,0.2746,0.5415,1,5.2,3.82,1.8,5.5,3.76,1.82,0.4884,0.4377,-0.3334,0.1598,-0.0689,1,7,-1.7143,-0.1207,-0.0613,0,0,,,0.0032,0.0207,,,,,,,,,,,,,,,,,pinnacle
spelad,ED,2021/22,2022-05-01,,For Sittard,Feyenoord,1,3,A,15,21,3,9,1.3683,2.6843,skott,,,,,,,,,,0.1349,0.1823,0.6829,0.1128,0.1621,0.7251,1,7.5,5.4,1.45,9.8,6.2,1.35,0.6411,0.6788,-0.0363,-0.0834,0.177,0,7,-1.2857,0.3693,-0.1557,0,0,,,-0.0864,-0.0146,,,,,,,,,,,,,,,,,pinnacle
spelad,ED,2021/22,2022-05-01,,Go Ahead Eagles,Vitesse,1,2,A,14,12,7,5,1.9497,1.511,skott,,,,,,,,,,0.3278,0.2797,0.3925,0.3358,0.2881,0.376,1,3.05,3.6,2.5,2.95,3.38,2.75,0.4936,0.4253,1.4861,-2.3017,1.2125,0,,,,,0,0,,,0.0326,0.0176,,,,,,,,,,,,,,,,,pinnacle
spelad,ED,2021/22,2022-05-01,,Heerenveen,Cambuur,3,3,D,22,8,7,3,2.4233,0.954,skott,,,,,,,,,,0.5372,0.2377,0.2251,0.5001,0.2567,0.2432,1,1.84,4.2,4.45,1.97,3.99,4.2,0.5793,0.566,0.0015,0.3543,0.4394,0,,,,,0,0,,,-0.0922,-0.0077,,,,,,,,,,,,,,,,,pinnacle
spelad,ED,2021/22,2022-05-01,,PSV Eindhoven,Willem II,4,2,H,12,8,6,3,1.6712,0.954,skott,,,,,,,,,,0.8432,0.1107,0.0461,0.8543,0.1016,0.0441,1,1.18,9,22,1.15,10,23,0.6713,0.7131,0.6565,0.0305,0.6323,1,9,1,-0.2341,-0.187,0,0,,,0.0242,-0.0282,,,,,,,,,,,,,,,,,pinnacle
spelad,ED,2021/22,2022-05-01,,Waalwijk,Groningen,3,1,H,11,12,3,4,1.1316,1.3509,skott,,,,,,,,,,0.339,0.2896,0.3714,0.3489,0.2959,0.3553,1,2.88,3.4,2.65,2.87,3.4,2.75,0.4501,0.4564,-0.3171,-0.1641,-0.3306,1,4,-0.75,0.1614,0.0112,0,0,,,0.0358,-0.0098,,,,,,,,,,,,,,,,,pinnacle
spelad,ED,2021/22,2022-05-06,,Cambuur,Waalwijk,1,1,D,14,20,4,4,1.4693,1.8244,skott,,,,,,,,,,0.4263,0.2592,0.3145,0.4419,0.2671,0.2911,1,2.29,3.78,3.25,2.27,3.65,3.45,0.5612,0.5473,-0.3063,0.0666,-0.4792,0,,,,,0,0,,,0.0547,-0.0094,,,,,,,,,,,,,,,,,pinnacle
spelad,ED,2021/22,2022-05-07,,Groningen,Sparta Rotterdam,1,2,A,17,9,5,3,1.807,1.0132,skott,,,,,,,,,,0.4482,0.2755,0.2763,0.4719,0.2893,0.2388,1,2.19,3.57,3.6,2.12,3.55,4.07,0.4576,0.4196,-0.1614,0.2758,-0.0185,-1,7,0.8571,0.4653,-0.133,0,0,,,0.0848,-0.0133,,,,,,,,,,,,,,,,,pinnacle
spelad,ED,2021/22,2022-05-07,,Twente,For Sittard,1,2,A,22,9,4,5,1.9428,1.3334,skott,,,,,,,,,,0.6715,0.1998,0.1288,0.6916,0.1848,0.1237,1,1.46,4.99,8,1.41,5.3,8.3,0.5875,0.6186,0.7331,-0.6162,0.6807,1,4,0,-0.1085,-0.2552,0,0,,,0.0453,-0.0075,,,,,,,,,,,,,,,,,pinnacle
spelad,ED,2021/22,2022-05-07,,Willem II,Heracles,2,0,H,21,3,11,2,3.0046,0.4979,skott,,,,,,,,,,0.4269,0.2773,0.2958,0.4139,0.2984,0.2878,1,2.28,3.55,3.34,2.6,3.39,3.38,0.4692,0.4413,-0.4412,0.4263,-0.5656,-1,9,0.3333,0.2761,-0.2564,0,0,,,-0.0179,-0.0603,,,,,,,,,,,,,,,,,pinnacle
spelad,ED,2021/22,2022-05-07,,Zwolle,Utrecht,1,1,D,18,15,7,5,2.1865,1.6886,skott,,,,,,,,,,0.3511,0.2763,0.3726,0.3877,0.2756,0.3367,1,2.9,3.6,2.64,2.55,3.64,2.91,0.509,0.5244,0.5114,-0.6026,0.5395,-1,9,-1,-0.1649,0.2082,0,0,,,0.1091,-0.0017,,,,,,,,,,,,,,,,,pinnacle
spelad,ED,2021/22,2022-05-08,,AZ Alkmaar,Ajax,2,2,D,12,13,4,4,1.3509,1.4101,skott,,,,,,,,,,0.2209,0.225,0.5541,0.2277,0.2507,0.5216,1,4.75,4.4,1.8,4.75,4.1,1.9,0.5945,0.5768,-0.0155,-0.9078,-0.2411,0,9,-0.3333,0.5476,-0.2001,0,0,,,0.0462,0.0225,,,,,,,,,,,,,,,,,pinnacle
spelad,ED,2021/22,2022-05-08,,Feyenoord,PSV Eindhoven,2,2,D,20,16,7,5,2.3049,1.7478,skott,,,,,,,,,,0.3989,0.2433,0.3578,0.4538,0.2437,0.3025,1,2.44,4.1,2.85,2.36,4.1,3.27,0.6118,0.6501,-0.4943,0.2614,-0.4244,0,9,0.6667,0.5527,0.086,0,0,,,0.1651,-0.01,,,,,,,,,,,,,,,,,pinnacle
spelad,ED,2021/22,2022-05-08,,Nijmegen,Go Ahead Eagles,1,0,H,17,8,7,2,2.1273,0.7938,skott,,,,,,,,,,0.4528,0.2675,0.2797,0.4834,0.2662,0.2504,1,2.16,3.67,3.6,2.07,3.72,3.92,0.4974,0.4974,-0.9793,1.5786,-0.9613,2,,,,,0,0,,,0.0905,-0.0095,,,,,,,,,,,,,,,,,pinnacle
spelad,ED,2021/22,2022-05-08,,Vitesse,Heerenveen,1,2,A,12,13,6,4,1.6712,1.4101,skott,,,,,,,,,,0.5088,0.2388,0.2524,0.4907,0.2633,0.246,1,1.92,4.1,4.2,2.06,3.8,4,0.5487,0.5335,-0.3605,1.0099,-0.3158,0,9,0.3333,-0.072,0.1812,0,0,,,-0.0297,-0.0264,,,,,,,,,,,,,,,,,pinnacle
spelad,ED,2021/22,2022-05-11,,Ajax,Heerenveen,5,0,H,18,5,7,1,2.1865,0.4561,skott,,,,,,,,,,0.8317,0.106,0.0622,0.8385,0.1027,0.0588,1,1.17,9.8,19,1.17,9.5,18,0.7352,0.7529,0.4854,0.5382,-0.047,0,9,2.6667,0.3436,-0.0285,0,0,,,0.0169,-0.0241,,,,,,,,,,,,,,,,,pinnacle
spelad,ED,2021/22,2022-05-11,,Cambuur,Willem II,1,1,D,6,13,2,3,0.6754,1.2499,skott,,,,,,,,,,0.3645,0.2554,0.3801,0.298,0.2584,0.4436,1,2.67,3.85,2.63,3.29,3.81,2.4,0.5722,0.5448,-0.2195,-0.8263,-0.6771,1,,,,,0,0,,,-0.1964,0.0559,,,,,,,,,,,,,,,,,pinnacle
spelad,ED,2021/22,2022-05-11,,For Sittard,Vitesse,1,2,A,9,15,4,5,1.1733,1.6886,skott,,,,,,,,,,0.363,0.2643,0.3727,0.3181,0.2781,0.4039,1,2.7,3.75,2.64,3.06,3.65,2.64,0.5448,0.5026,1.2275,-1.2626,1.3613,1,7,-1.2857,-0.0653,0.0795,0,0,,,-0.121,0.0533,,,,,,,,,,,,,,,,,pinnacle
spelad,ED,2021/22,2022-05-11,,Go Ahead Eagles,Feyenoord,0,1,A,12,11,2,4,1.0306,1.2917,skott,,,,,,,,,,0.1584,0.1833,0.6583,0.1884,0.2114,0.6002,1,6.6,5.3,1.49,5.5,4.7,1.63,0.6501,0.6186,-0.2057,-0.642,-0.043,0,,,,,0,0,,,0.1182,-0.0114,,,,,,,,,,,,,,,,,pinnacle
spelad,ED,2021/22,2022-05-11,,PSV Eindhoven,Nijmegen,3,2,H,13,12,6,7,1.7304,1.8313,skott,,,,,,,,,,0.8118,0.1187,0.0695,0.8312,0.1076,0.0612,1,1.2,8.6,17,1.18,9.3,17,0.7063,0.748,0.9174,-0.8404,0.4709,0,,,,,0,0,,,0.047,-0.0178,,,,,,,,,,,,,,,,,pinnacle
spelad,ED,2021/22,2022-05-11,,Sparta Rotterdam,Zwolle,2,0,H,6,22,2,3,0.6754,1.7827,skott,,,,,,,,,,0.41,0.2825,0.3075,0.3991,0.2898,0.3111,1,2.45,3.55,3.18,2.47,3.56,3.25,0.491,0.4961,0.23,-0.2396,-0.0179,0,6,-0.5,-0.3711,0.2282,0,0,,,-0.0255,-0.002,,,,,,,,,,,,,,,,,pinnacle
spelad,ED,2021/22,2022-05-11,,Twente,Groningen,3,0,H,20,9,9,4,2.6251,1.1733,skott,,,,,,,,,,0.6163,0.224,0.1597,0.6591,0.2102,0.1307,1,1.62,4.33,6.2,1.51,4.7,7.5,0.5335,0.5219,0.4394,-0.1286,0.6976,0,7,0.4286,0.1011,0.2968,0,0,,,0.1144,-0.0445,,,,,,,,,,,,,,,,,pinnacle
spelad,ED,2021/22,2022-05-11,,Utrecht,AZ Alkmaar,2,2,D,11,9,4,4,1.2917,1.1733,skott,,,,,,,,,,0.3131,0.2422,0.4447,0.3253,0.2425,0.4322,1,3.2,4.02,2.23,3.12,4.02,2.25,0.5722,0.6195,-0.5908,0.6116,-0.2933,1,8,-0.75,-0.1811,0.0041,0,0,,,0.0367,-0.0084,,,,,,,,,,,,,,,,,pinnacle
spelad,ED,2021/22,2022-05-11,,Waalwijk,Heracles,2,0,H,15,9,5,1,1.6886,0.6929,skott,,,,,,,,,,0.4249,0.271,0.3041,0.4307,0.3004,0.2689,1,2.3,3.69,3.21,2.27,3.38,3.62,0.5373,0.4388,0.1027,-0.3886,0.2073,1,5,0.6,0.8916,-0.2285,0,0,,,0.0468,-0.0045,,,,,,,,,,,,,,,,,pinnacle
spelad,ED,2021/22,2022-05-15,,AZ Alkmaar,Waalwijk,1,3,A,14,9,6,5,1.7896,1.3334,skott,,,,,,,,,,0.7699,0.1419,0.0881,0.7985,0.1262,0.0752,1,1.27,7.1,12,1.25,7.78,13.06,0.6861,0.7091,-0.5429,0.4996,-0.9562,0,5,1.8,0.0451,-0.1602,0,0,,,0.0702,-0.0368,,,,,,,,,,,,,,,,,pinnacle
spelad,ED,2021/22,2022-05-15,,Feyenoord,Twente,1,2,A,11,9,3,4,1.1316,1.1733,skott,,,,,,,,,,0.6388,0.1926,0.1686,0.6431,0.1923,0.1646,1,1.52,5.1,6.25,1.51,5.4,6.5,0.6469,0.7354,0.2466,-0.0249,-0.0029,0,6,1.5,-0.0826,0.2944,0,0,,,0.0126,0.0209,,,,,,,,,,,,,,,,,pinnacle
spelad,ED,2021/22,2022-05-15,,Groningen,Cambuur,2,3,A,20,13,4,4,1.8244,1.4101,skott,,,,,,,,,,0.5449,0.2395,0.2156,0.596,0.227,0.177,1,1.79,4.2,4.6,1.71,4.35,5.5,0.6005,0.5935,-0.1088,1.1551,0.085,0,,,,,0,0,,,0.1408,-0.0448,,,,,,,,,,,,,,,,,pinnacle
spelad,ED,2021/22,2022-05-15,,Heerenveen,Go Ahead Eagles,3,1,H,13,4,7,2,1.8905,0.5571,skott,,,,,,,,,,0.5092,0.2401,0.2507,0.5584,0.2286,0.2131,1,1.92,4.1,4,1.78,4.5,4.75,0.5561,0.6093,0.2901,0.557,0.4363,0,,,,,0,0,,,0.1359,-0.0104,,,,,,,,,,,,,,,,,pinnacle
spelad,ED,2021/22,2022-05-15,,Heracles,Sparta Rotterdam,1,3,A,28,7,5,4,2.4581,1.0549,skott,,,,,,,,,,0.38,0.3355,0.2845,0.3936,0.3318,0.2746,1,2.58,3.2,3.45,2.5,3.13,3.55,0.4242,0.41,-0.5304,0.6132,-0.4649,0,6,1,0.4465,0.4071,0,0,,,0.0369,-0.012,,,,,,,,,,,,,,,,,pinnacle
spelad,ED,2021/22,2022-05-15,,Nijmegen,For Sittard,0,1,A,30,8,7,3,2.8968,0.954,skott,,,,,,,,,,0.4381,0.2481,0.3138,0.4857,0.2422,0.2721,1,2.25,3.92,3.2,2.04,4.2,3.85,0.5696,0.6304,-0.5352,0.3328,-0.4558,0,,,,,0,0,,,0.1368,0.0084,,,,,,,,,,,,,,,,,pinnacle
spelad,ED,2021/22,2022-05-15,,Vitesse,Ajax,2,2,D,12,14,6,4,1.6712,1.4693,skott,,,,,,,,,,0.1449,0.1783,0.6769,0.1857,0.2149,0.5995,1,7,5.5,1.45,5.6,5,1.65,0.6674,0.6974,-1.3269,1.7255,-0.8482,0,8,-1.125,0.3399,-0.045,0,0,,,0.159,0.0103,,,,,,,,,,,,,,,,,pinnacle
spelad,ED,2021/22,2022-05-15,,Willem II,Utrecht,3,0,H,18,8,6,3,2.0263,0.954,skott,,,,,,,,,,0.4441,0.2349,0.321,0.4213,0.2554,0.3233,1,2.25,4.2,3.05,2.31,3.94,3.25,0.6015,0.6074,0.3397,-0.0137,0.6112,0,9,-1.3333,-0.033,-0.123,0,0,,,-0.048,0.053,,,,,,,,,,,,,,,,,pinnacle
spelad,ED,2021/22,2022-05-15,,Zwolle,PSV Eindhoven,1,2,A,21,21,12,11,3.1648,3.0046,skott,,,,,,,,,,0.1456,0.1905,0.664,0.1419,0.1726,0.6855,1,7,5.2,1.47,7.5,5.77,1.52,0.672,0.7173,-0.8494,0.7219,-0.4431,0,9,-3,-0.4602,-0.1516,0,0,,,-0.0288,0.0119,,,,,,,,,,,,,,,,,pinnacle
spelad,ED,2022/23,2022-08-05,,Heerenveen,Sparta Rotterdam,0,0,D,11,13,2,1,0.9714,0.9297,skott,,,,,,,,,,0.4985,0.2723,0.2293,0.5216,0.2665,0.2118,1,1.98,3.65,4.24,1.95,3.72,4.58,0.4807,0.4833,-0.6814,1.0792,-0.1502,,7,0.8571,0.1952,0.1693,0,0,,,0.0637,-0.0447,,,,,,,,,,,,,,,,,pinnacle
spelad,ED,2022/23,2022-08-06,,Cambuur,Excelsior,0,2,A,27,7,8,4,2.8794,1.0549,skott,,,,,,,,,,0.5004,0.2421,0.2575,0.5045,0.2352,0.2603,1,1.94,4.03,3.9,1.94,4.28,3.86,0.5945,0.6379,0.2295,-0.7839,-0.1692,,,,,,-1,0,,,0.0053,0.009,,,,,,,,,,,,,,,,,pinnacle
spelad,ED,2022/23,2022-08-06,,For Sittard,Ajax,2,3,A,13,15,2,4,1.0898,1.5285,skott,,,,,,,,,,0.0856,0.1311,0.7833,0.0851,0.1411,0.7738,1,14,7.4,1.24,11.5,7.1,1.27,0.7063,0.7043,-0.195,0.301,0.4233,,7,-3,-0.2168,-0.0845,0,0,,,0.0085,0.0204,,,,,,,,,,,,,,,,,pinnacle
spelad,ED,2022/23,2022-08-06,,PSV Eindhoven,FC Emmen,4,1,H,11,6,6,2,1.612,0.6754,skott,,,,,,,,,,0.7848,0.1354,0.0798,0.8062,0.1276,0.0662,1,1.23,7.5,15,1.21,8.58,17,0.6403,0.6361,0.2474,-0.5422,-0.4775,,5,1.8,-0.1997,0.2493,-1,0,,,0.0564,-0.0049,,,,,,,,,,,,,,,,,pinnacle
spelad,ED,2022/23,2022-08-06,,Waalwijk,Utrecht,2,2,D,11,11,3,3,1.1316,1.1316,skott,,,,,,,,,,0.2599,0.2518,0.4884,0.2375,0.2485,0.514,1,3.85,3.86,2,4.09,3.91,1.98,0.5335,0.5347,0.982,-1.1397,1.4181,,6,0,0.7059,0.1432,0,0,,,-0.0703,0.0416,,,,,,,,,,,,,,,,,pinnacle
spelad,ED,2022/23,2022-08-07,,AZ Alkmaar,Go Ahead Eagles,2,0,H,19,8,8,2,2.4058,0.7938,skott,,,,,,,,,,0.6835,0.1937,0.1227,0.6986,0.1927,0.1087,1,1.42,5.1,9.5,1.43,5.1,9.21,0.5758,0.5373,-0.0734,0.5742,-0.56,,,,,,0,0,,,0.0441,-0.0332,,,,,,,,,,,,,,,,,pinnacle
spelad,ED,2022/23,2022-08-07,,Groningen,Volendam,2,2,D,18,11,6,3,2.0263,1.1316,skott,,,,,,,,,,0.5675,0.2344,0.1981,0.6129,0.2166,0.1705,1,1.78,4.2,4.9,1.65,4.66,5.75,0.5462,0.5945,,,,,,,,,-1,0,,,0.1183,-0.0328,,,,,,,,,,,,,,,,,pinnacle
spelad,ED,2022/23,2022-08-07,,Nijmegen,Twente,0,1,A,11,13,4,2,1.2917,1.0898,skott,,,,,,,,,,0.2838,0.2697,0.4465,0.3019,0.2754,0.4227,1,3.43,3.67,2.25,3.44,3.64,2.35,0.5193,0.5128,-0.9577,1.0439,-0.6484,,,,,,0,0,,,0.0601,-0.001,,,,,,,,,,,,,,,,,pinnacle
spelad,ED,2022/23,2022-08-07,,Vitesse,Feyenoord,2,5,A,9,16,3,8,1.0132,2.2282,skott,,,,,,,,,,0.245,0.2349,0.5201,0.2669,0.2497,0.4833,1,3.97,4.14,1.95,4.03,3.94,2.01,0.5793,0.5722,-0.7373,1.1459,-0.2521,,9,0.6667,0.6618,0.0939,0,0,,,0.0806,-0.0129,,,,,,,,,,,,,,,,,pinnacle
spelad,ED,2022/23,2022-08-12,,Excelsior,Vitesse,3,1,H,11,22,6,6,1.612,2.2631,skott,,,,,,,,,,0.2677,0.2365,0.4958,0.2452,0.2212,0.5336,1,3.75,4.11,2,4.05,4.39,1.93,0.6015,0.6388,0.6694,-1.3578,0.5399,1,4,0,0.6684,-0.2185,1,0,,,-0.0827,0.0308,,,,,,,,,,,,,,,,,pinnacle
spelad,ED,2022/23,2022-08-13,,FC Emmen,Waalwijk,1,1,D,11,12,5,2,1.4518,1.0306,skott,,,,,,,,,,0.5023,0.2571,0.2406,0.5028,0.2623,0.235,1,1.99,3.8,4.1,1.95,3.8,4.13,0.5116,0.5039,0.0778,0.6895,0.1048,0,3,0,0.0095,0.0795,1,0,,,0.0066,-0.014,,,,,,,,,,,,,,,,,pinnacle
spelad,ED,2022/23,2022-08-13,,Feyenoord,Heerenveen,0,0,D,19,8,11,3,2.8862,0.954,skott,,,,,,,,,,0.7398,0.1581,0.1021,0.7085,0.1724,0.1191,1,1.31,6.25,9.7,1.39,5.85,9,0.6469,0.6565,0.293,-0.4459,0.0047,-2,10,1.8,0.2468,-0.0059,0,0,,,-0.0796,-0.0128,,,,,,,,,,,,,,,,,pinnacle
spelad,ED,2022/23,2022-08-13,,Go Ahead Eagles,PSV Eindhoven,2,5,A,11,23,4,11,1.2917,3.123,skott,,,,,,,,,,0.1208,0.1766,0.7026,0.1429,0.207,0.6501,1,8.7,5.6,1.4,7.51,4.9,1.51,0.6074,0.6161,-1.0952,0.6332,-0.5501,-1,,,,,0,0,,,0.0967,0.0181,,,,,,,,,,,,,,,,,pinnacle
spelad,ED,2022/23,2022-08-13,,Utrecht,Cambuur,0,0,D,15,21,6,10,1.8488,2.8445,skott,,,,,,,,,,0.6391,0.213,0.1479,0.6224,0.2139,0.1637,1,1.52,5,7,1.56,4.81,6.2,0.6411,0.628,-0.0085,0.4704,-0.1649,0,,,,,0,0,,,-0.0493,-0.0104,,,,,,,,,,,,,,,,,pinnacle
spelad,ED,2022/23,2022-08-14,,Ajax,Groningen,6,1,H,24,4,11,2,3.1822,0.5571,skott,,,,,,,,,,0.817,0.1152,0.0678,0.8301,0.1044,0.0655,1,1.18,8.8,19.5,1.18,10.4,17.18,0.705,0.7544,1.6955,-2.027,1.3982,1,10,1.8,-0.0681,-0.1392,0,0,,,0.0286,-0.006,,,,,,,,,,,,,,,,,pinnacle
spelad,ED,2022/23,2022-08-14,,Sparta Rotterdam,AZ Alkmaar,2,3,A,8,25,3,7,0.954,2.6008,skott,,,,,,,,,,0.2286,0.2654,0.506,0.2288,0.271,0.5001,1,4.35,3.75,1.92,4.37,3.65,1.98,0.4845,0.4859,1.024,-1.0932,1.1346,2,8,-1.5,-0.0839,0.0371,0,0,,,0.0063,0.0215,,,,,,,,,,,,,,,,,pinnacle
spelad,ED,2022/23,2022-08-14,,Twente,For Sittard,3,0,H,19,5,8,1,2.4058,0.4561,skott,,,,,,,,,,0.6473,0.2182,0.1345,0.6648,0.2039,0.1313,1,1.51,4.7,7.22,1.51,4.82,7.55,0.5747,0.6015,0.0044,0.1466,-0.2579,-1,5,-0.6,-0.5387,-0.2411,0,0,,,0.038,-0.0226,,,,,,,,,,,,,,,,,pinnacle
spelad,ED,2022/23,2022-08-14,,Volendam,Nijmegen,1,4,A,16,13,6,8,1.9079,2.0506,skott,,,,,,,,,,0.3656,0.2546,0.3799,0.3308,0.2481,0.4211,1,2.67,3.9,2.63,3.31,3.98,2.31,0.5722,0.628,,,,0,,,,,1,0,,,-0.1107,-0.0099,,,,,,,,,,,,,,,,,pinnacle
spelad,ED,2022/23,2022-08-20,,FC Emmen,Utrecht,3,2,H,13,9,7,4,1.8905,1.1733,skott,,,,,,,,,,0.3077,0.2678,0.4245,0.3401,0.2709,0.389,1,3.2,3.7,2.29,2.86,3.63,2.6,0.5129,0.5167,0.2814,0.3945,0.8951,0,5,0.6,1.1303,-0.1973,1,0,,,0.1003,0.0134,,,,,,,,,,,,,,,,,pinnacle
spelad,ED,2022/23,2022-08-20,,For Sittard,Cambuur,1,4,A,19,16,6,8,2.0855,2.2282,skott,,,,,,,,,,0.4324,0.2547,0.3129,0.4212,0.2567,0.3221,1,2.33,3.84,3.11,2.35,3.83,3.2,0.5768,0.6015,0.6187,-0.1804,0.7256,-1,,,,,0,0,,,-0.0318,-0.0092,,,,,,,,,,,,,,,,,pinnacle
spelad,ED,2022/23,2022-08-20,,Vitesse,Heerenveen,0,4,A,4,13,2,4,0.5571,1.4101,skott,,,,,,,,,,0.4793,0.2527,0.268,0.4267,0.274,0.2993,1,2.03,3.85,3.8,2.3,3.6,3.41,0.5385,0.4974,-0.8343,1.0049,-0.9137,1,10,0,-0.2383,0.1367,0,0,,,-0.1365,0.0106,,,,,,,,,,,,,,,,,pinnacle
spelad,ED,2022/23,2022-08-21,,Groningen,Go Ahead Eagles,1,0,H,9,8,2,3,0.853,0.954,skott,,,,,,,,,,0.5162,0.2623,0.2216,0.5031,0.2617,0.2351,1,1.91,3.72,4.45,1.98,3.83,4.37,0.5039,0.5436,-0.521,1.3473,-0.6196,-1,,,,,0,0,,,-0.0396,-0.0236,,,,,,,,,,,,,,,,,pinnacle
spelad,ED,2022/23,2022-08-21,,Sparta Rotterdam,Ajax,0,1,A,9,14,5,3,1.3334,1.3091,skott,,,,,,,,,,0.0878,0.1489,0.7633,0.0881,0.1488,0.7631,1,12,6.6,1.27,14,6.75,1.27,0.6854,0.6705,0.5471,-0.511,0.6733,0,8,-3,-0.3261,-0.1238,0,0,,,0.0006,-0.0043,,,,,,,,,,,,,,,,,pinnacle
spelad,ED,2022/23,2022-08-21,,Waalwijk,Feyenoord,0,1,A,10,18,4,8,1.2325,2.3466,skott,,,,,,,,,,0.1272,0.1663,0.7065,0.1384,0.1794,0.6822,1,9,5.82,1.38,7.5,5.6,1.43,0.6501,0.6461,-0.0327,-0.1238,0.4648,0,5,-1.8,-0.0012,0.2524,0,0,,,0.0467,0.0015,,,,,,,,,,,,,,,,,pinnacle
spelad,ED,2022/23,2022-08-26,,Nijmegen,Groningen,1,1,D,16,15,7,6,2.0681,1.8488,skott,,,,,,,,,,0.4628,0.2753,0.2619,0.4673,0.2707,0.262,1,2.12,3.6,3.71,2.12,3.64,3.71,0.4961,0.509,0.0573,-0.7033,0.6142,7,,,,,0,0,,,0.009,-0.0182,,,,,,,,,,,,,,,,,pinnacle
spelad,ED,2022/23,2022-08-27,,Feyenoord,FC Emmen,4,0,H,22,7,7,1,2.4233,0.5745,skott,,,,,,,,,,0.7541,0.1527,0.0932,0.7471,0.1596,0.0934,1,1.3,6.4,12,1.35,6.3,11,0.6508,0.6295,-0.0638,-0.2211,-0.2929,-1,6,2,0.0549,0.1592,-1,0,,,-0.0143,-0.0271,,,,,,,,,,,,,,,,,pinnacle
spelad,ED,2022/23,2022-08-27,,Go Ahead Eagles,Sparta Rotterdam,0,1,A,11,17,6,7,1.612,2.1273,skott,,,,,,,,,,0.4183,0.2753,0.3065,0.3712,0.2956,0.3331,1,2.35,3.54,3.25,2.65,3.52,3.15,0.4936,0.4627,-1.3959,1.6712,-1.3663,0,,,,,0,0,,,-0.1207,0.0191,,,,,,,,,,,,,,,,,pinnacle
spelad,ED,2022/23,2022-08-27,,Heerenveen,For Sittard,2,1,H,23,8,9,3,2.8027,0.954,skott,,,,,,,,,,0.5888,0.2297,0.1816,0.594,0.2328,0.1732,1,1.68,4.25,5.4,1.73,4.23,5.97,0.59,0.5783,0.0472,-0.4595,0.1687,0,8,0.375,-0.0646,-0.1202,0,0,,,0.0189,-0.0266,,,,,,,,,,,,,,,,,pinnacle
spelad,ED,2022/23,2022-08-27,,Vitesse,Waalwijk,2,2,D,25,10,8,5,2.761,1.3926,skott,,,,,,,,,,0.5745,0.229,0.1965,0.528,0.2517,0.2203,1,1.72,4.24,5.25,1.98,4.2,4.9,0.5536,0.5561,-0.6034,1.4852,-1.0156,1,5,1.2,0.0383,-0.0209,0,0,,,-0.1167,-0.0123,,,,,,,,,,,,,,,,,pinnacle
spelad,ED,2022/23,2022-08-28,,Cambuur,AZ Alkmaar,0,1,A,9,16,4,3,1.1733,1.4275,skott,,,,,,,,,,0.2079,0.2404,0.5517,0.2153,0.2434,0.5413,1,4.8,4.05,1.8,4.9,4.25,1.79,0.5804,0.5844,0.2408,-0.81,0.5719,-6,,,,,0,0,,,0.0252,-0.0142,,,,,,,,,,,,,,,,,pinnacle
spelad,ED,2022/23,2022-08-28,,Excelsior,PSV Eindhoven,1,6,A,9,27,4,13,1.1733,3.6801,skott,,,,,,,,,,0.1036,0.151,0.7454,0.0927,0.1402,0.7672,1,9.7,6.5,1.31,11.5,7.12,1.27,0.725,0.7383,-0.3138,0.2014,0.2899,1,4,-3,-0.3135,-0.1184,1,0,,,-0.0437,0.0067,,,,,,,,,,,,,,,,,pinnacle
spelad,ED,2022/23,2022-08-28,,Utrecht,Ajax,0,2,A,5,10,1,4,0.4561,1.2325,skott,,,,,,,,,,0.1613,0.1805,0.6582,0.1559,0.181,0.6631,1,7,5.4,1.49,7.02,5.5,1.47,0.6605,0.6925,-0.7994,1.0904,-0.6994,1,9,-1,0.3721,0.062,0,0,,,-0.0156,-0.0135,,,,,,,,,,,,,,,,,pinnacle
spelad,ED,2022/23,2022-08-28,,Volendam,Twente,1,0,H,11,20,5,6,1.4518,2.1447,skott,,,,,,,,,,0.2058,0.2296,0.5646,0.163,0.2042,0.6328,1,4.75,4.25,1.75,6,4.8,1.62,0.6108,0.6549,,,,0,,,,,1,0,,,-0.1537,0.029,,,,,,,,,,,,,,,,,pinnacle
spelad,ED,2022/23,2022-08-31,,PSV Eindhoven,Volendam,7,1,H,25,9,16,4,4.0421,1.1733,skott,,,,,,,,,,0.8754,0.0795,0.045,0.8704,0.0813,0.0483,1,1.11,13,28,1.12,14.9,25,0.8033,0.8309,,,,0,,,,,-1,0,,,-0.0133,0.0068,,,,,,,,,,,,,,,,,pinnacle
spelad,ED,2022/23,2022-08-31,,Twente,Excelsior,4,0,H,11,9,6,2,1.612,0.853,skott,,,,,,,,,,0.7548,0.1543,0.0908,0.7534,0.1573,0.0893,1,1.3,6.4,11,1.29,6.7,11.5,0.6927,0.681,-0.6563,0.4219,-0.615,0,,,,,-1,0,,,-0.0014,-0.0104,,,,,,,,,,,,,,,,,pinnacle
spelad,ED,2022/23,2022-09-01,,AZ Alkmaar,Nijmegen,1,1,D,30,4,13,2,3.8576,0.5571,skott,,,,,,,,,,0.6546,0.2097,0.1357,0.6033,0.2307,0.166,1,1.5,4.7,7.2,1.64,4.3,6,0.5793,0.5573,0.7182,-0.0121,0.2734,-2,,,,,0,0,,,-0.133,-0.0304,,,,,,,,,,,,,,,,,pinnacle
spelad,ED,2022/23,2022-09-02,,For Sittard,Utrecht,3,4,A,16,26,8,11,2.2282,3.3006,skott,,,,,,,,,,0.3011,0.2507,0.4482,0.2866,0.2485,0.4649,1,3.23,3.88,2.25,3.4,3.95,2.13,0.6005,0.6108,0.2475,-0.2568,0.5008,1,7,-1.2857,-0.1113,0.3712,0,0,,,-0.0457,0.0171,,,,,,,,,,,,,,,,,pinnacle
spelad,ED,2022/23,2022-09-03,,Ajax,Cambuur,4,0,H,22,5,8,3,2.5834,0.7764,skott,,,,,,,,,,0.8605,0.0855,0.054,0.8788,0.0778,0.0435,1,1.12,12,27,1.11,14.1,27,0.8033,0.8159,0.6755,-1.0773,0.0504,0,,,,,0,0,,,0.047,-0.0076,,,,,,,,,,,,,,,,,pinnacle
spelad,ED,2022/23,2022-09-03,,Go Ahead Eagles,Feyenoord,3,4,A,10,23,4,11,1.2325,3.123,skott,,,,,,,,,,0.1287,0.1799,0.6914,0.1071,0.1697,0.7232,1,8,5.38,1.42,9.7,5.75,1.36,0.6161,0.6204,-1.0687,0.9313,-0.9735,0,,,,,0,0,,,-0.0751,0.0059,,,,,,,,,,,,,,,,,pinnacle
spelad,ED,2022/23,2022-09-03,,Sparta Rotterdam,Volendam,4,0,H,15,18,9,6,2.3292,2.0263,skott,,,,,,,,,,0.5984,0.213,0.1886,0.5606,0.2348,0.2046,1,1.65,4.6,5.5,1.77,4.2,5,0.589,0.598,,,,4,,,,,-1,0,,,-0.0916,-0.0056,,,,,,,,,,,,,,,,,pinnacle
spelad,ED,2022/23,2022-09-03,,Twente,PSV Eindhoven,2,1,H,18,13,5,6,1.8662,1.7304,skott,,,,,,,,,,0.2454,0.2485,0.5061,0.2188,0.2399,0.5414,1,4,4,1.95,4.7,4.1,1.79,0.6049,0.6059,-0.7306,1.1866,-0.3201,0,8,-1.5,-0.1377,0.3021,0,0,,,-0.0885,-0.013,,,,,,,,,,,,,,,,,pinnacle
spelad,ED,2022/23,2022-09-04,,FC Emmen,AZ Alkmaar,0,3,A,11,15,2,7,0.9714,2.0089,skott,,,,,,,,,,0.2441,0.2577,0.4982,0.2394,0.2671,0.4935,1,4.1,3.89,1.97,4.49,3.74,2,0.5524,0.5039,0.2495,0.1228,0.3433,5,5,-3,-0.4792,-0.1621,1,0,,,-0.0046,0.0058,,,,,,,,,,,,,,,,,pinnacle
spelad,ED,2022/23,2022-09-04,,Groningen,Vitesse,0,1,A,7,19,0,5,0.4144,1.9254,skott,,,,,,,,,,0.3975,0.2713,0.3312,0.3908,0.2804,0.3288,1,2.5,3.62,2.94,2.59,3.55,3,0.5398,0.5026,-0.2687,0.0543,-0.2741,1,10,0.3,0.4307,-0.1709,0,0,,,-0.0109,-0.0148,,,,,,,,,,,,,,,,,pinnacle
spelad,ED,2022/23,2022-09-04,,Heerenveen,Nijmegen,0,0,D,11,12,2,2,0.9714,1.0306,skott,,,,,,,,,,0.4953,0.2602,0.2445,0.5642,0.2469,0.1888,1,2,3.76,4,1.8,3.93,5.14,0.5179,0.5116,0.7676,-0.0982,0.7663,5,,,,,0,0,,,0.1937,-0.0422,,,,,,,,,,,,,,,,,pinnacle
spelad,ED,2022/23,2022-09-04,,Waalwijk,Excelsior,5,2,H,22,10,9,4,2.7435,1.2325,skott,,,,,,,,,,0.5672,0.2277,0.2051,0.5462,0.2343,0.2195,1,1.75,4.3,4.8,1.81,4.2,4.5,0.6093,0.6271,-0.2344,-0.6289,-0.0935,4,,,,,-1,0,,,-0.0564,-0.0131,,,,,,,,,,,,,,,,,pinnacle
spelad,ED,2022/23,2022-09-09,,Volendam,Go Ahead Eagles,2,3,A,18,11,6,4,2.0263,1.2917,skott,,,,,,,,,,0.3718,0.2647,0.3635,0.4039,0.2616,0.3345,1,2.62,3.75,2.8,2.5,3.8,2.91,0.5935,0.6084,0.6543,1.0041,0.8881,0,,,,,1,0,,,0.0931,-0.0102,,,,,,,,,,,,,,,,,pinnacle
spelad,ED,2022/23,2022-09-10,,Ajax,Heerenveen,5,0,H,20,5,7,1,2.3049,0.4561,skott,,,,,,,,,,0.7956,0.1223,0.0821,0.799,0.126,0.075,1,1.22,8,15,1.22,7.96,15,0.7299,0.696,0.1335,-0.9854,-0.3944,1,10,2.7,0.3474,-0.0359,0,0,,,0.014,-0.0082,,,,,,,,,,,,,,,,,pinnacle
spelad,ED,2022/23,2022-09-10,,Excelsior,FC Emmen,2,1,H,13,11,4,4,1.4101,1.2917,skott,,,,,,,,,,0.3018,0.2605,0.4377,0.2968,0.2491,0.4541,1,3.3,3.73,2.32,3.4,3.92,2.23,0.5649,0.6015,0.6334,-0.8191,0.642,0,,,,,0,0,,,-0.0264,-0.0072,,,,,,,,,,,,,,,,,pinnacle
spelad,ED,2022/23,2022-09-10,,Nijmegen,For Sittard,1,1,D,22,8,6,3,2.2631,0.954,skott,,,,,,,,,,0.5088,0.2524,0.2388,0.5275,0.2414,0.2311,1,1.92,3.85,4.15,1.88,4.02,4.31,0.541,0.5758,-0.3323,0.0274,0.0759,-2,,,,,0,0,,,0.045,-0.0101,,,,,,,,,,,,,,,,,pinnacle
spelad,ED,2022/23,2022-09-11,,AZ Alkmaar,Twente,1,1,D,12,10,3,2,1.1907,0.9122,skott,,,,,,,,,,0.4625,0.2654,0.2721,0.4758,0.2667,0.2575,1,2.15,3.7,3.6,2.08,3.72,4.15,0.5373,0.5373,-0.5067,1.0864,-0.4274,-1,8,0.75,-0.0658,-0.2274,0,0,,,0.0412,-0.0168,,,,,,,,,,,,,,,,,pinnacle
spelad,ED,2022/23,2022-09-11,,Cambuur,Groningen,0,1,A,14,10,2,3,1.149,1.0724,skott,,,,,,,,,,0.4464,0.2595,0.294,0.4935,0.2579,0.2486,1,2.29,3.85,3.31,2.02,3.8,4.07,0.5536,0.5536,0.3317,-0.4546,0.8352,1,,,,,0,0,,,0.1395,-0.0221,,,,,,,,,,,,,,,,,pinnacle
spelad,ED,2022/23,2022-09-11,,Feyenoord,Sparta Rotterdam,3,0,H,23,8,9,2,2.8027,0.7938,skott,,,,,,,,,,0.7542,0.158,0.0878,0.7458,0.1592,0.095,1,1.3,6.2,11.5,1.32,6.17,10.21,0.6533,0.6429,-0.8173,1.4909,-0.8212,0,7,2.1429,0.2052,0.1026,0,0,,,-0.0238,-0.0214,,,,,,,,,,,,,,,,,pinnacle
spelad,ED,2022/23,2022-09-11,,PSV Eindhoven,Waalwijk,1,0,H,31,9,5,3,2.6357,1.0132,skott,,,,,,,,,,0.8319,0.1143,0.0538,0.8015,0.1252,0.0733,1,1.18,9,19,1.23,8.08,14,0.7256,0.7161,0.2763,-0.5391,-0.4113,1,5,3,0.5169,-0.1423,0,0,,,-0.0803,-0.0162,,,,,,,,,,,,,,,,,pinnacle
spelad,ED,2022/23,2022-09-11,,Utrecht,Vitesse,1,0,H,12,12,5,5,1.511,1.511,skott,,,,,,,,,,0.5061,0.2454,0.2485,0.468,0.2555,0.2765,1,1.95,3.98,4,2.12,3.92,3.8,0.5854,0.6152,0.3001,-1.0387,-0.1006,2,9,-1.3333,-0.8149,0.0681,0,0,,,-0.1043,0.0038,,,,,,,,,,,,,,,,,pinnacle
spelad,ED,2022/23,2022-09-16,,Utrecht,Nijmegen,0,0,D,17,12,7,3,2.1273,1.1907,skott,,,,,,,,,,0.5642,0.2402,0.1956,0.5573,0.2449,0.1979,1,1.75,4.2,5,1.77,4.14,5,0.5623,0.5685,0.5921,0.1192,0.0021,-1,,,,,0,0,,,-0.0161,-0.0211,,,,,,,,,,,,,,,,,pinnacle
spelad,ED,2022/23,2022-09-17,,For Sittard,Excelsior,1,0,H,13,14,4,2,1.4101,1.149,skott,,,,,,,,,,0.5282,0.2276,0.2442,0.6172,0.2023,0.1805,1,1.85,4.3,4.2,1.7,4.79,5.5,0.6271,0.6765,-1.2104,0.393,-1.4879,0,,,,,-1,0,,,0.2418,-0.0713,,,,,,,,,,,,,,,,,pinnacle
spelad,ED,2022/23,2022-09-17,,Sparta Rotterdam,Groningen,2,1,H,9,4,4,2,1.1733,0.5571,skott,,,,,,,,,,0.4484,0.2828,0.2688,0.4175,0.2904,0.2921,1,2.28,3.55,3.62,2.33,3.55,3.47,0.4627,0.4692,0.6948,-1.5862,0.8359,0,8,-0.375,-0.0415,-0.1525,0,0,,,-0.0851,0.0056,,,,,,,,,,,,,,,,,pinnacle
spelad,ED,2022/23,2022-09-17,,Vitesse,Volendam,1,1,D,17,11,9,6,2.4476,1.612,skott,,,,,,,,,,0.6546,0.1918,0.1535,0.6967,0.1754,0.1279,1,1.5,5.1,6.5,1.41,6,7.9,0.675,0.6945,-0.1297,-0.1997,-0.1578,-2,,,,,-1,0,,,0.1097,0.0095,,,,,,,,,,,,,,,,,pinnacle
spelad,ED,2022/23,2022-09-17,,Waalwijk,Cambuur,5,1,H,33,4,13,2,4.0352,0.5571,skott,,,,,,,,,,0.4418,0.262,0.2963,0.4194,0.2637,0.3169,1,2.2,3.78,3.3,2.32,3.7,3.27,0.5722,0.5722,0.6317,-1.4331,0.6031,0,,,,,0,0,,,-0.0654,0.0017,,,,,,,,,,,,,,,,,pinnacle
spelad,ED,2022/23,2022-09-18,,AZ Alkmaar,Ajax,2,1,H,13,15,8,7,2.0506,2.0089,skott,,,,,,,,,,0.1944,0.2271,0.5785,0.2112,0.2429,0.5459,1,5,4.4,1.72,5,4.2,1.79,0.5865,0.5612,-0.7766,2.1834,-0.367,-1,10,-0.3,0.4995,-0.1051,0,0,,,0.0663,-0.0298,,,,,,,,,,,,,,,,,pinnacle
spelad,ED,2022/23,2022-09-18,,Go Ahead Eagles,FC Emmen,2,0,H,16,13,7,6,2.0681,1.7304,skott,,,,,,,,,,0.3861,0.2829,0.331,0.4057,0.2782,0.3161,1,2.52,3.58,3.05,2.56,3.58,3.2,0.5129,0.5039,-0.3152,-0.2671,-0.4895,1,,,,,-1,0,,,0.0539,-0.0121,,,,,,,,,,,,,,,,,pinnacle
spelad,ED,2022/23,2022-09-18,,Heerenveen,Twente,2,1,H,14,20,6,6,1.7896,2.1447,skott,,,,,,,,,,0.329,0.2831,0.388,0.307,0.2789,0.4141,1,2.96,3.6,2.58,3.39,3.5,2.4,0.4974,0.4859,-0.4711,1.1195,-0.4939,1,8,0.375,0.0939,0.11,0,0,,,-0.0701,0.0092,,,,,,,,,,,,,,,,,pinnacle
spelad,ED,2022/23,2022-09-18,,PSV Eindhoven,Feyenoord,4,3,H,27,13,10,6,3.1996,1.7304,skott,,,,,,,,,,0.5137,0.2386,0.2477,0.5042,0.2457,0.2501,1,1.94,4.25,4.2,1.95,4.25,3.94,0.6329,0.6195,0.3737,-0.9825,0.0541,0,10,-0.6,-0.59,0.1531,0,0,,,-0.0216,-0.0029,,,,,,,,,,,,,,,,,pinnacle
spelad,ED,2022/23,2022-10-01,,Ajax,Go Ahead Eagles,1,1,D,23,3,7,1,2.4824,0.3377,skott,,,,,,,,,,0.8822,0.0781,0.0396,0.8841,0.0787,0.0372,1,1.1,13.5,38,1.1,14.1,31,0.7682,0.7841,0.5896,-1.1617,0.2317,0,,,,,0,0,,,0.0062,-0.0094,,,,,,,,,,,,,,,,,pinnacle
spelad,ED,2022/23,2022-10-01,,Cambuur,PSV Eindhoven,3,0,H,11,12,4,5,1.2917,1.511,skott,,,,,,,,,,0.1022,0.1571,0.7407,0.0809,0.1441,0.775,1,10,7.5,1.32,13,8,1.3,0.6933,0.7097,-0.9159,1.6433,-0.5333,1,,,,,0,0,,,-0.077,0.0051,,,,,,,,,,,,,,,,,pinnacle
spelad,ED,2022/23,2022-10-01,,Groningen,AZ Alkmaar,1,4,A,14,13,2,7,1.149,1.8905,skott,,,,,,,,,,0.1966,0.2549,0.5486,0.1921,0.259,0.5489,1,5.25,3.94,1.77,5.5,3.88,1.81,0.5026,0.4961,-0.2605,-0.0585,-0.6268,1,9,-0.6667,0.2338,0.1119,0,0,,,-0.0093,0.0125,,,,,,,,,,,,,,,,,pinnacle
spelad,ED,2022/23,2022-10-01,,Twente,Vitesse,3,0,H,18,8,6,1,2.0263,0.6337,skott,,,,,,,,,,0.5677,0.2362,0.1961,0.5457,0.2452,0.2091,1,1.76,4.11,5,1.77,4.05,5.12,0.5524,0.5524,1.1733,-2.0058,1.1559,-1,8,-0.375,0.1054,-0.134,0,0,,,-0.0569,0.0121,,,,,,,,,,,,,,,,,pinnacle
spelad,ED,2022/23,2022-10-02,,Excelsior,Utrecht,0,1,A,14,20,3,7,1.3091,2.3049,skott,,,,,,,,,,0.1975,0.2146,0.5879,0.1835,0.2061,0.6104,1,5,4.52,1.68,5.5,4.75,1.64,0.6429,0.6735,0.667,-0.4246,1.1357,-1,4,-0.75,0.0651,0.534,1,0,,,-0.0507,0.0291,,,,,,,,,,,,,,,,,pinnacle
spelad,ED,2022/23,2022-10-02,,FC Emmen,Heerenveen,0,0,D,12,8,3,1,1.1907,0.6337,skott,,,,,,,,,,0.3303,0.2784,0.3913,0.3426,0.2772,0.3801,1,3,3.54,2.5,3,3.56,2.7,0.4936,0.5064,-0.8254,1.1469,-0.8464,0,5,1.2,0.788,-0.051,1,0,,,0.0359,0.0025,,,,,,,,,,,,,,,,,pinnacle
spelad,ED,2022/23,2022-10-02,,For Sittard,Volendam,2,0,H,20,7,6,4,2.1447,1.0549,skott,,,,,,,,,,0.5373,0.2278,0.2349,0.5168,0.2213,0.2619,1,1.82,4.27,4.2,1.95,4.39,3.71,0.642,0.6824,0.3907,-1.3228,-0.0679,0,,,,,-1,0,,,-0.068,-0.051,,,,,,,,,,,,,,,,,pinnacle
spelad,ED,2022/23,2022-10-02,,Nijmegen,Feyenoord,1,1,D,8,19,2,8,0.7938,2.4058,skott,,,,,,,,,,0.1744,0.2223,0.6033,0.199,0.2264,0.5746,1,6,4.45,1.62,5.67,4.31,1.7,0.598,0.6118,-0.4318,0.0174,-0.2238,2,,,,,0,0,,,0.0779,-0.0027,,,,,,,,,,,,,,,,,pinnacle
spelad,ED,2022/23,2022-10-02,,Waalwijk,Sparta Rotterdam,2,2,D,13,15,5,6,1.5702,1.8488,skott,,,,,,,,,,0.434,0.2826,0.2834,0.5066,0.2629,0.2305,1,2.25,3.58,3.45,2.1,3.84,4.44,0.5,0.5103,-0.2824,-0.0439,0.0124,0,6,-1.5,-0.3626,-0.089,0,0,,,0.1982,-0.0121,,,,,,,,,,,,,,,,,pinnacle
spelad,ED,2022/23,2022-10-07,,Groningen,Waalwijk,2,3,A,15,13,8,5,2.169,1.5702,skott,,,,,,,,,,0.409,0.2781,0.313,0.4497,0.2654,0.2849,1,2.38,3.6,3.25,2.29,3.75,3.7,0.5026,0.5026,0.0686,0.9774,-0.3356,1,5,0,-0.4104,-0.0502,0,0,,,0.1096,0.0005,,,,,,,,,,,,,,,,,pinnacle
spelad,ED,2022/23,2022-10-08,,Nijmegen,Excelsior,1,1,D,15,9,6,4,1.8488,1.1733,skott,,,,,,,,,,0.6387,0.204,0.1573,0.614,0.2146,0.1714,1,1.54,4.76,6.5,1.58,4.6,6,0.6247,0.6171,-0.3495,-0.8158,-0.3805,0,,,,,-1,0,,,-0.0635,-0.0103,,,,,,,,,,,,,,,,,pinnacle
spelad,ED,2022/23,2022-10-08,,Sparta Rotterdam,FC Emmen,3,1,H,15,11,4,2,1.5285,0.9714,skott,,,,,,,,,,0.4544,0.2835,0.2621,0.434,0.2928,0.2731,1,2.14,3.55,3.71,2.24,3.4,3.91,0.4859,0.4464,0.6688,-1.5471,0.8164,0,4,0.75,0.1385,-0.0051,-1,0,,,-0.0517,0.0234,,,,,,,,,,,,,,,,,pinnacle
spelad,ED,2022/23,2022-10-08,,Volendam,Ajax,2,4,A,13,19,6,9,1.7304,2.5659,skott,,,,,,,,,,0.0768,0.1176,0.8056,0.0562,0.1022,0.8416,1,16.5,9,1.2,19,11.6,1.16,0.78,0.7921,-0.6785,2.0416,-0.1577,-1,,,,,1,0,,,-0.0772,0.0144,,,,,,,,,,,,,,,,,pinnacle
spelad,ED,2022/23,2022-10-09,,Feyenoord,Twente,2,0,H,20,5,7,2,2.3049,0.6163,skott,,,,,,,,,,0.5643,0.2396,0.1961,0.5238,0.2466,0.2296,1,1.72,4.22,5.1,1.86,4.05,4.65,0.5758,0.5829,-0.2568,0.5434,-0.2133,-1,7,0.8571,-0.3739,0.2249,0,0,,,-0.1145,-0.0102,,,,,,,,,,,,,,,,,pinnacle
spelad,ED,2022/23,2022-10-09,,Go Ahead Eagles,Cambuur,0,0,D,20,7,6,3,2.1447,0.8948,skott,,,,,,,,,,0.4305,0.2547,0.3148,0.4326,0.2623,0.3051,1,2.26,3.9,3.2,2.25,3.84,3.37,0.566,0.5321,0.4257,-0.8213,0.1427,0,,,,,0,0,,,0.0139,0.004,,,,,,,,,,,,,,,,,pinnacle
spelad,ED,2022/23,2022-10-09,,Heerenveen,PSV Eindhoven,0,1,A,9,16,1,6,0.6929,1.9079,skott,,,,,,,,,,0.18,0.2096,0.6104,0.1941,0.2213,0.5846,1,5.5,4.63,1.6,5.46,4.5,1.65,0.591,0.5696,0.2461,0.084,0.3753,-1,9,-0.6667,0.3602,0.3857,0,0,,,0.0538,-0.0103,,,,,,,,,,,,,,,,,pinnacle
spelad,ED,2022/23,2022-10-09,,Utrecht,AZ Alkmaar,1,2,A,11,14,4,6,1.2917,1.7896,skott,,,,,,,,,,0.3234,0.2624,0.4142,0.3414,0.263,0.3956,1,3.01,3.71,2.35,3.15,3.7,2.46,0.5524,0.5547,-0.4002,0.3253,-0.8779,-1,9,-0.6667,-0.1852,0.0878,0,0,,,0.0547,-0.0239,,,,,,,,,,,,,,,,,pinnacle
spelad,ED,2022/23,2022-10-09,,Vitesse,For Sittard,1,2,A,10,8,2,4,0.9122,1.1141,skott,,,,,,,,,,0.5888,0.2203,0.1909,0.5899,0.2181,0.192,1,1.65,4.45,5.25,1.7,4.49,5.25,0.604,0.6112,-0.6509,1.5395,-0.577,1,8,1.5,0.1764,0.0348,0,0,,,0.001,-0.0181,,,,,,,,,,,,,,,,,pinnacle
spelad,ED,2022/23,2022-10-14,,FC Emmen,Volendam,1,1,D,18,12,4,4,1.7061,1.3509,skott,,,,,,,,,,0.4936,0.2552,0.2512,0.5032,0.2446,0.2522,1,1.98,3.9,3.89,2,3.97,3.9,0.5499,0.5925,-0.0761,-0.2713,-0.3029,0,,,,,0,0,,,0.0182,-0.0206,,,,,,,,,,,,,,,,,pinnacle
spelad,ED,2022/23,2022-10-15,,Cambuur,Vitesse,0,3,A,10,19,2,6,0.9122,2.0855,skott,,,,,,,,,,0.3727,0.256,0.3713,0.3442,0.2676,0.3881,1,2.7,3.8,2.64,2.88,3.67,2.6,0.5473,0.5436,0.8258,-1.714,1.0183,0,,,,,0,0,,,-0.0738,-0.0004,,,,,,,,,,,,,,,,,pinnacle
spelad,ED,2022/23,2022-10-15,,For Sittard,Waalwijk,0,0,D,9,11,3,3,1.0132,1.1316,skott,,,,,,,,,,0.4267,0.2554,0.3179,0.4029,0.2526,0.3445,1,2.28,3.95,3.25,2.42,3.95,2.95,0.5995,0.6127,-0.0441,0.7056,-0.302,-2,5,1.2,0.4858,-0.0536,0,0,,,-0.0742,0.0198,,,,,,,,,,,,,,,,,pinnacle
spelad,ED,2022/23,2022-10-15,,Go Ahead Eagles,Heerenveen,1,1,D,13,16,3,3,1.2499,1.4275,skott,,,,,,,,,,0.3406,0.2848,0.3746,0.3593,0.2942,0.3465,1,2.9,3.5,2.6,2.8,3.4,2.81,0.4756,0.434,-0.4111,0.1047,-0.3232,0,,,,,0,0,,,0.0656,-0.0327,,,,,,,,,,,,,,,,,pinnacle
spelad,ED,2022/23,2022-10-16,,Ajax,Excelsior,7,1,H,29,7,20,2,4.9194,0.7346,skott,,,,,,,,,,0.9019,0.0649,0.0332,0.8986,0.0667,0.0348,1,1.08,15.5,43,1.1,15.5,37,0.8192,0.8439,0.2881,-1.4733,-0.2022,0,4,3,0.3654,-0.0997,-1,0,,,-0.0084,-0.0083,,,,,,,,,,,,,,,,,pinnacle
spelad,ED,2022/23,2022-10-16,,AZ Alkmaar,Feyenoord,1,3,A,5,13,2,5,0.6163,1.5702,skott,,,,,,,,,,0.3833,0.2575,0.3592,0.4002,0.2573,0.3425,1,2.57,3.8,2.75,2.55,3.78,3.06,0.5561,0.5612,0.6299,-0.3534,0.759,0,9,0,0.1945,-0.1417,0,0,,,0.0507,-0.0105,,,,,,,,,,,,,,,,,pinnacle
spelad,ED,2022/23,2022-10-16,,PSV Eindhoven,Utrecht,6,1,H,12,8,9,2,2.1516,0.7938,skott,,,,,,,,,,0.6938,0.1833,0.1229,0.7423,0.16,0.0977,1,1.4,5.4,8.1,1.32,6.25,10.5,0.6644,0.696,0.1021,-0.3025,0.228,0,9,1.6667,0.2732,-0.0029,0,0,,,0.1223,-0.0178,,,,,,,,,,,,,,,,,pinnacle
spelad,ED,2022/23,2022-10-16,,Sparta Rotterdam,Nijmegen,2,0,H,14,15,4,4,1.4693,1.5285,skott,,,,,,,,,,0.4006,0.2863,0.313,0.3922,0.2921,0.3158,1,2.43,3.55,3.2,2.48,3.4,3.35,0.4602,0.434,0.2668,0.2602,0.5187,0,,,,,0,0,,,-0.0197,0.0269,,,,,,,,,,,,,,,,,pinnacle
spelad,ED,2022/23,2022-10-16,,Twente,Groningen,3,0,H,24,5,7,2,2.5416,0.6163,skott,,,,,,,,,,0.6872,0.1962,0.1166,0.6867,0.1956,0.1177,1,1.44,4.94,8.31,1.44,5.1,9,0.5722,0.5804,0.0897,-0.9237,0.2762,-2,8,0.75,0.19,0.2334,0,0,,,-0.0021,-0.018,,,,,,,,,,,,,,,,,pinnacle
spelad,ED,2022/23,2022-10-22,,Feyenoord,For Sittard,1,1,D,33,4,11,1,3.7149,0.3969,skott,,,,,,,,,,0.7821,0.13,0.0879,0.795,0.1259,0.079,1,1.24,8,13,1.24,8.31,13,0.7084,0.6989,0.0874,-0.0517,0.3731,-1,8,1.5,-0.1041,-0.1565,0,0,,,0.0348,-0.0152,,,,,,,,,,,,,,,,,pinnacle
spelad,ED,2022/23,2022-10-22,,Vitesse,FC Emmen,2,1,H,16,4,4,2,1.5877,0.5571,skott,,,,,,,,,,0.5251,0.2536,0.2213,0.5451,0.254,0.2009,1,1.85,3.9,4.75,1.79,3.93,5.1,0.5244,0.5116,0.0561,-0.1612,0.0533,-1,6,1,-0.1832,0.1136,0,0,,,0.0604,0.0025,,,,,,,,,,,,,,,,,pinnacle
spelad,ED,2022/23,2022-10-22,,Waalwijk,Ajax,1,4,A,14,17,4,8,1.4693,2.2874,skott,,,,,,,,,,0.1063,0.141,0.7526,0.1139,0.1508,0.7354,1,11,7,1.29,10,6.91,1.32,0.7078,0.7063,-0.0868,0.1993,0.4263,1,6,-3,-0.1715,-0.074,0,0,,,0.0323,0.0074,,,,,,,,,,,,,,,,,pinnacle
spelad,ED,2022/23,2022-10-23,,Cambuur,Twente,0,1,A,8,15,3,4,0.954,1.5285,skott,,,,,,,,,,0.2117,0.2467,0.5416,0.213,0.2563,0.5307,1,4.6,4.05,1.82,4.6,4,1.83,0.5623,0.5347,0.0032,0.343,-0.136,1,,,,,0,0,,,0.0135,0.0011,,,,,,,,,,,,,,,,,pinnacle
spelad,ED,2022/23,2022-10-23,,Excelsior,AZ Alkmaar,2,1,H,8,17,2,8,0.7938,2.2874,skott,,,,,,,,,,0.1323,0.175,0.6927,0.1391,0.18,0.6809,1,8,5.6,1.4,7.75,5.5,1.43,0.642,0.6636,-0.6999,1.2533,-0.6545,0,4,0,0.9489,-0.1704,0,0,,,0.0254,-0.0129,,,,,,,,,,,,,,,,,pinnacle
spelad,ED,2022/23,2022-10-23,,Groningen,PSV Eindhoven,4,2,H,17,28,7,10,2.1273,3.2588,skott,,,,,,,,,,0.0974,0.1781,0.7245,0.0816,0.164,0.7545,1,9.97,5.6,1.36,12,6.25,1.31,0.6271,0.6394,-0.2644,0.7855,-0.2915,0,10,-2.4,-0.3969,0.0088,0,0,,,-0.0616,0.0238,,,,,,,,,,,,,,,,,pinnacle
spelad,ED,2022/23,2022-10-23,,Nijmegen,Go Ahead Eagles,3,3,D,19,7,5,5,1.9254,1.2151,skott,,,,,,,,,,0.4831,0.2783,0.2386,0.4671,0.2825,0.2504,1,2.02,3.6,4.07,2.11,3.55,4,0.4744,0.4538,-0.3246,0.2809,-0.4058,-1,,,,,0,0,,,-0.0438,-0.0151,,,,,,,,,,,,,,,,,pinnacle
spelad,ED,2022/23,2022-10-23,,Utrecht,Sparta Rotterdam,3,1,H,15,21,9,3,2.3292,1.7235,skott,,,,,,,,,,0.5517,0.2464,0.2019,0.4957,0.2662,0.2381,1,1.78,4,5,2.05,3.76,4.12,0.5296,0.5231,-0.6259,1.4287,-0.9318,0,8,2.625,0.9284,-0.1209,0,0,,,-0.1483,-0.0415,,,,,,,,,,,,,,,,,pinnacle
spelad,ED,2022/23,2022-10-23,,Volendam,Heerenveen,1,3,A,12,9,5,4,1.511,1.1733,skott,,,,,,,,,,0.2863,0.2568,0.4569,0.2769,0.2442,0.4788,1,3.41,3.84,2.21,3.69,4.05,2.05,0.5685,0.6195,-0.6084,1.1137,-0.3559,1,,,,,0,0,,,-0.0405,0.0038,,,,,,,,,,,,,,,,,pinnacle
spelad,ED,2022/23,2022-10-29,,Go Ahead Eagles,Excelsior,3,1,H,15,9,8,4,2.169,1.1733,skott,,,,,,,,,,0.5546,0.2268,0.2186,0.6021,0.2164,0.1815,1,1.77,4.28,4.5,1.65,4.57,5.5,0.6005,0.6388,0.0938,-1.1029,-0.0453,0,,,,,0,0,,,0.132,-0.0144,,,,,,,,,,,,,,,,,pinnacle
spelad,ED,2022/23,2022-10-29,,Heerenveen,Utrecht,1,2,A,17,5,8,2,2.2874,0.6163,skott,,,,,,,,,,0.4108,0.2668,0.3224,0.4091,0.2727,0.3182,1,2.45,3.65,3.1,2.4,3.65,3.1,0.5179,0.5193,0.1262,-0.5406,-0.0428,0,9,-1.6667,-0.5483,0.2058,0,0,,,0.0007,-0.0006,,,,,,,,,,,,,,,,,pinnacle
spelad,ED,2022/23,2022-10-29,,Sparta Rotterdam,For Sittard,3,1,H,14,13,5,3,1.6294,1.2499,skott,,,,,,,,,,0.5002,0.256,0.2438,0.5036,0.2599,0.2365,1,2,3.8,3.98,1.97,3.92,4.11,0.5256,0.5347,0.1557,0.3388,0.3803,-1,6,0,-0.3677,0.0776,0,0,,,0.0142,-0.0163,,,,,,,,,,,,,,,,,pinnacle
spelad,ED,2022/23,2022-10-30,,AZ Alkmaar,Volendam,2,1,H,12,18,5,6,1.511,2.0263,skott,,,,,,,,,,0.7908,0.1355,0.0737,0.7966,0.1296,0.0739,1,1.23,7.4,13.1,1.25,7.8,13.05,0.6947,0.7161,0.7872,-1.2934,0.6333,0,,,,,0,0,,,0.0113,-0.028,,,,,,,,,,,,,,,,,pinnacle
spelad,ED,2022/23,2022-10-30,,FC Emmen,Groningen,0,0,D,15,13,4,1,1.5285,0.9297,skott,,,,,,,,,,0.4246,0.2885,0.2868,0.425,0.2773,0.2977,1,2.3,3.55,3.39,2.41,3.69,3.35,0.4884,0.5064,-0.7381,1.0756,-0.7755,1,6,-0.5,0.0884,-0.1003,0,0,,,-0.01,-0.0172,,,,,,,,,,,,,,,,,pinnacle
spelad,ED,2022/23,2022-10-30,,PSV Eindhoven,Nijmegen,3,0,H,13,12,7,2,1.8905,1.0306,skott,,,,,,,,,,0.779,0.1349,0.0861,0.7958,0.1305,0.0737,1,1.25,7.16,12.5,1.24,7.5,15,0.689,0.6713,0.2164,0.348,-0.0119,0,,,,,0,0,,,0.0461,-0.0131,,,,,,,,,,,,,,,,,pinnacle
spelad,ED,2022/23,2022-10-30,,Twente,Waalwijk,3,0,H,19,9,6,0,2.0855,0.5327,skott,,,,,,,,,,0.6501,0.1993,0.1506,0.6767,0.1891,0.1342,1,1.5,4.86,6.5,1.46,5.2,7.5,0.6059,0.6329,0.223,-0.2807,0.0672,-1,6,-0.5,-0.6022,-0.0731,0,0,,,0.0696,-0.0112,,,,,,,,,,,,,,,,,pinnacle
spelad,ED,2022/23,2022-11-04,,Cambuur,Nijmegen,0,1,A,16,23,6,11,1.9079,3.123,skott,,,,,,,,,,0.3604,0.2765,0.3631,0.3784,0.2779,0.3437,1,2.75,3.55,2.7,2.63,3.55,2.95,0.4833,0.4821,0.2734,-0.2606,-0.0225,7,,,,,0,0,,,0.0555,0.008,,,,,,,,,,,,,,,,,pinnacle
spelad,ED,2022/23,2022-11-05,,Excelsior,Heerenveen,0,1,A,11,8,1,4,0.8113,1.1141,skott,,,,,,,,,,0.239,0.2294,0.5316,0.2715,0.2424,0.486,1,4.33,4.24,1.87,3.71,4.01,2.05,0.5945,0.6214,0.1199,-0.0594,0.3045,0,4,-0.75,0.0191,0.0075,0,0,,,0.1106,0.0138,,,,,,,,,,,,,,,,,pinnacle
spelad,ED,2022/23,2022-11-05,,For Sittard,FC Emmen,0,1,A,14,15,1,6,0.9889,1.8488,skott,,,,,,,,,,0.4324,0.2673,0.3003,0.394,0.2879,0.318,1,2.27,3.67,3.25,2.47,3.6,3.24,0.5284,0.4692,1.2372,-1.6343,1.2434,1,6,-0.5,-0.2805,0.2476,0,0,,,-0.0946,0.0084,,,,,,,,,,,,,,,,,pinnacle
spelad,ED,2022/23,2022-11-05,,Vitesse,Sparta Rotterdam,0,4,A,14,11,5,6,1.6294,1.612,skott,,,,,,,,,,0.5038,0.2679,0.2283,0.459,0.278,0.263,1,1.93,3.7,4.35,2.12,3.55,3.7,0.4781,0.4627,-0.9544,1.358,-0.8702,7,7,0,-0.2592,-0.1129,0,0,,,-0.1244,0.0004,,,,,,,,,,,,,,,,,pinnacle
spelad,ED,2022/23,2022-11-06,,Ajax,PSV Eindhoven,1,2,A,14,5,5,2,1.6294,0.6163,skott,,,,,,,,,,0.5421,0.2252,0.2327,0.4696,0.2436,0.2868,1,1.81,4.45,4.4,2.1,4.15,3.7,0.6549,0.6628,0.2617,-1.4207,0.2704,7,10,0.9,-0.0146,0.0742,0,0,,,-0.1991,0.0173,,,,,,,,,,,,,,,,,pinnacle
spelad,ED,2022/23,2022-11-06,,Twente,Go Ahead Eagles,1,1,D,27,13,6,2,2.5591,1.0898,skott,,,,,,,,,,0.6936,0.1871,0.1193,0.661,0.2008,0.1382,1,1.41,5.3,8.5,1.5,4.92,7.6,0.5925,0.59,-0.1248,0.3804,-0.021,-1,,,,,0,0,,,-0.0841,-0.0128,,,,,,,,,,,,,,,,,pinnacle
spelad,ED,2022/23,2022-11-06,,Utrecht,Groningen,2,1,H,20,6,6,1,2.1447,0.5153,skott,,,,,,,,,,0.5679,0.2307,0.2015,0.6251,0.2163,0.1586,1,1.72,4.21,5,1.63,4.69,6.54,0.5561,0.5747,0.663,0.0107,0.6529,1,9,-0.3333,-0.6799,0.4113,0,0,,,0.1574,-0.0146,,,,,,,,,,,,,,,,,pinnacle
spelad,ED,2022/23,2022-11-06,,Volendam,Feyenoord,0,2,A,7,23,2,12,0.7346,3.2831,skott,,,,,,,,,,0.1409,0.1684,0.6906,0.1411,0.1677,0.6912,1,7.5,6,1.41,7.5,6,1.4,0.7015,0.7416,-0.9234,1.1647,-0.7362,-7,,,,,0,0,,,-0.0004,-0.0112,,,,,,,,,,,,,,,,,pinnacle
spelad,ED,2022/23,2022-11-06,,Waalwijk,AZ Alkmaar,3,1,H,17,12,7,6,2.1273,1.6712,skott,,,,,,,,,,0.2346,0.2375,0.5279,0.2711,0.2609,0.4679,1,4.14,4.15,1.85,3.8,3.9,2.08,0.5865,0.5623,-0.371,0.3269,-0.0174,0,6,-1,0.5373,-0.1546,0,0,,,0.133,-0.0027,,,,,,,,,,,,,,,,,pinnacle
spelad,ED,2022/23,2022-11-09,,Ajax,Vitesse,2,2,D,34,10,8,8,3.2937,1.8731,skott,,,,,,,,,,0.8375,0.101,0.0616,0.8227,0.1062,0.071,1,1.16,10,22,1.17,10.4,18,0.7267,0.748,0.166,-1.5454,-0.0992,-1,9,1,-0.3747,0.0472,0,0,,,-0.039,0.0047,,,,,,,,,,,,,,,,,pinnacle
spelad,ED,2022/23,2022-11-10,,Feyenoord,Cambuur,1,0,H,21,7,7,4,2.3641,1.0549,skott,,,,,,,,,,0.7995,0.1306,0.0699,0.8398,0.1111,0.0491,1,1.22,7.5,15.5,1.17,9.19,21,0.684,0.6911,0.1629,0.274,0.7246,-2,,,,,0,0,,,0.1014,-0.0341,,,,,,,,,,,,,,,,,pinnacle
spelad,ED,2022/23,2022-11-11,,Sparta Rotterdam,Twente,1,1,D,11,17,2,5,0.9714,1.807,skott,,,,,,,,,,0.319,0.2756,0.4054,0.3254,0.2853,0.3892,1,3.05,3.58,2.4,3.15,3.55,2.66,0.5026,0.4833,0.6793,-0.6453,0.7578,1,8,0,0.0813,-0.0129,0,0,,,0.029,-0.0041,,,,,,,,,,,,,,,,,pinnacle
spelad,ED,2022/23,2022-11-12,,FC Emmen,Ajax,3,3,D,15,10,5,5,1.6886,1.3926,skott,,,,,,,,,,0.1005,0.1648,0.7347,0.0921,0.1749,0.7329,1,9.58,6,1.34,11.5,6.1,1.34,0.6758,0.6152,-0.2347,0.8879,0.0558,4,5,-3,-0.2135,-0.0885,0,0,,,-0.0149,0.0061,,,,,,,,,,,,,,,,,pinnacle
spelad,ED,2022/23,2022-11-12,,PSV Eindhoven,AZ Alkmaar,0,1,A,10,10,2,3,0.9122,1.0724,skott,,,,,,,,,,0.6265,0.2088,0.1646,0.6378,0.2041,0.1581,1,1.59,4.85,6.5,1.55,4.85,6.5,0.6411,0.6411,0.2185,-0.0332,0.2028,0,9,-0.3333,-0.3861,-0.2398,0,0,,,0.0289,-0.0062,,,,,,,,,,,,,,,,,pinnacle
spelad,ED,2022/23,2022-11-12,,Volendam,Utrecht,0,4,A,12,13,2,8,1.0306,2.0506,skott,,,,,,,,,,0.2495,0.2201,0.5304,0.2586,0.2282,0.5132,1,3.95,4.41,1.93,3.86,4.3,1.97,0.6388,0.6581,-1.452,0.6603,-0.9878,0,,,,,0,0,,,0.0355,0.0284,,,,,,,,,,,,,,,,,pinnacle
spelad,ED,2022/23,2022-11-13,,Feyenoord,Excelsior,5,1,H,23,5,12,3,3.2831,0.7764,skott,,,,,,,,,,0.8388,0.1131,0.0481,0.848,0.1036,0.0484,1,1.16,9.5,23,1.15,11,23,0.7188,0.7672,-0.1037,0.3451,0.0158,-5,4,1.5,-0.1468,-0.1566,0,0,,,0.018,-0.0178,,,,,,,,,,,,,,,,,pinnacle
spelad,ED,2022/23,2022-11-13,,Go Ahead Eagles,Vitesse,2,2,D,10,24,3,7,1.0724,2.5416,skott,,,,,,,,,,0.3851,0.2706,0.3443,0.4442,0.2574,0.2984,1,2.53,3.6,2.85,2.28,3.78,3.35,0.5321,0.566,0.9532,-1.5869,0.994,3,,,,,0,0,,,0.1641,-0.0201,,,,,,,,,,,,,,,,,pinnacle
spelad,ED,2022/23,2022-11-13,,Groningen,For Sittard,2,3,A,12,15,3,7,1.1907,2.0089,skott,,,,,,,,,,0.4655,0.2658,0.2687,0.4904,0.2668,0.2428,1,2.1,3.71,3.8,2.05,3.69,4,0.5398,0.5167,-0.4135,0.6639,-0.3277,-1,7,0.8571,0.2682,-0.1221,0,0,,,0.0759,-0.0252,,,,,,,,,,,,,,,,,pinnacle
spelad,ED,2022/23,2022-11-13,,Heerenveen,Cambuur,2,1,H,15,7,4,2,1.5285,0.7346,skott,,,,,,,,,,0.5298,0.2388,0.2314,0.5521,0.2504,0.1975,1,1.83,4.15,4.35,1.76,4,5.44,0.5309,0.4795,0.477,0.2476,0.6747,5,,,,,0,0,,,0.0785,0.0058,,,,,,,,,,,,,,,,,pinnacle
spelad,ED,2022/23,2022-11-13,,Nijmegen,Waalwijk,6,1,H,27,6,12,3,3.5199,0.8356,skott,,,,,,,,,,0.4541,0.2714,0.2745,0.4591,0.2667,0.2742,1,2.15,3.71,3.54,2.19,3.75,3.55,0.5487,0.5462,-0.5445,0.6724,-0.614,2,,,,,0,0,,,0.0104,-0.0341,,,,,,,,,,,,,,,,,pinnacle
spelad,ED,2022/23,2023-01-06,,Twente,FC Emmen,2,0,H,20,5,3,1,1.6643,0.4561,skott,,,,,,,,,,0.6676,0.2095,0.1228,0.6629,0.2109,0.1262,1,1.45,4.75,8.1,1.51,4.75,8,0.5141,0.5321,0.4194,-0.6656,0.2751,,4,0.75,0.2256,-0.0081,0,0,,,-0.0127,-0.0137,,,,,,,,,,,,,,,,,pinnacle
spelad,ED,2022/23,2023-01-07,,AZ Alkmaar,Vitesse,1,1,D,15,13,5,3,1.6886,1.2499,skott,,,,,,,,,,0.6288,0.2152,0.1559,0.6204,0.2136,0.166,1,1.55,4.6,6.21,1.6,4.6,6,0.59,0.6118,0.818,-0.8127,0.5998,,9,0.6667,0.0443,0.0786,0,0,,,-0.027,-0.0161,,,,,,,,,,,,,,,,,pinnacle
spelad,ED,2022/23,2023-01-07,,For Sittard,Go Ahead Eagles,0,2,A,9,20,2,6,0.853,2.1447,skott,,,,,,,,,,0.366,0.2735,0.3606,0.4093,0.2744,0.3163,1,2.66,3.6,2.8,2.45,3.6,3.15,0.5359,0.5256,0.1285,0.3854,0.2501,,,,,,0,0,,,0.1309,-0.0129,,,,,,,,,,,,,,,,,pinnacle
spelad,ED,2022/23,2023-01-07,,PSV Eindhoven,Sparta Rotterdam,0,0,D,17,12,4,4,1.6469,1.3509,skott,,,,,,,,,,0.7854,0.1461,0.0685,0.7718,0.1531,0.0751,1,1.24,7,15,1.28,6.69,13,0.6386,0.6394,-0.5633,1.0958,-1.0144,,7,2.5714,0.5334,-0.0509,0,0,,,-0.0338,-0.0345,,,,,,,,,,,,,,,,,pinnacle
spelad,ED,2022/23,2023-01-07,,Waalwijk,Heerenveen,0,0,D,6,18,2,9,0.6754,2.5068,skott,,,,,,,,,,0.3911,0.2683,0.3405,0.329,0.2751,0.3959,1,2.5,3.7,2.86,2.96,3.56,2.59,0.541,0.5116,-0.1906,0.58,-0.052,,5,-1.2,-0.3721,0.3634,0,0,,,-0.1796,0.0159,,,,,,,,,,,,,,,,,pinnacle
spelad,ED,2022/23,2023-01-08,,Cambuur,Volendam,0,3,A,9,9,4,5,1.1733,1.3334,skott,,,,,,,,,,0.5003,0.2527,0.247,0.5086,0.251,0.2404,1,2,3.95,4,1.95,3.87,4.1,0.5935,0.5747,0.5295,-1.1477,0.0463,,,,,,0,0,,,0.0231,-0.0219,,,,,,,,,,,,,,,,,pinnacle
spelad,ED,2022/23,2023-01-08,,Excelsior,Groningen,1,0,H,14,11,3,4,1.3091,1.2917,skott,,,,,,,,,,0.3631,0.2568,0.3801,0.4005,0.2651,0.3344,1,2.75,3.9,2.6,2.52,3.7,2.91,0.5829,0.5623,0.1548,0.1808,0.3887,,4,-1.5,-0.3655,-0.2564,0,0,,,0.1204,-0.0268,,,,,,,,,,,,,,,,,pinnacle
spelad,ED,2022/23,2023-01-08,,Nijmegen,Ajax,1,1,D,6,21,1,7,0.5153,2.3641,skott,,,,,,,,,,0.119,0.1825,0.6985,0.1706,0.2163,0.6132,1,8.5,6,1.39,6,5.13,1.58,0.6541,0.6059,0.265,-0.0179,0.8765,,,,,,0,0,,,0.1885,0.0073,,,,,,,,,,,,,,,,,pinnacle
spelad,ED,2022/23,2023-01-08,,Utrecht,Feyenoord,1,1,D,8,10,4,4,1.1141,1.2325,skott,,,,,,,,,,0.2445,0.2295,0.526,0.2572,0.2518,0.491,1,4.1,4.25,1.86,3.81,3.9,2.05,0.597,0.5722,0.5825,-0.4759,0.3181,,10,-0.9,-0.1901,0.0633,0,0,,,0.0604,0.0157,,,,,,,,,,,,,,,,,pinnacle
spelad,ED,2022/23,2023-01-14,,Ajax,Twente,0,0,D,6,24,5,7,1.1559,2.5416,skott,,,,,,,,,,0.7086,0.1724,0.119,0.6332,0.2115,0.1553,1,1.38,5.75,8.5,1.53,4.95,7.07,0.6597,0.6214,-0.6682,0.5875,-1.0195,-2,7,1.2857,-0.4926,0.1516,0,0,,,-0.1871,0.003,,,,,,,,,,,,,,,,,pinnacle
spelad,ED,2022/23,2023-01-14,,Heerenveen,AZ Alkmaar,0,2,A,21,13,2,6,1.5634,1.7304,skott,,,,,,,,,,0.2932,0.2624,0.4445,0.273,0.2833,0.4437,1,3.32,3.75,2.2,3.93,3.59,2.19,0.5167,0.4744,-0.2044,0.0326,0.146,0,10,-1.8,-0.2578,-0.2184,0,0,,,-0.0397,0.0084,,,,,,,,,,,,,,,,,pinnacle
spelad,ED,2022/23,2023-01-14,,Sparta Rotterdam,Excelsior,1,0,H,15,11,4,4,1.5285,1.2917,skott,,,,,,,,,,0.6245,0.2166,0.1589,0.6097,0.2342,0.1561,1,1.55,4.52,6.2,1.6,4.52,6.5,0.5935,0.5284,0.3951,-1.1827,0.5389,1,,,,,0,0,,,-0.0267,-0.007,,,,,,,,,,,,,,,,,pinnacle
spelad,ED,2022/23,2023-01-14,,Volendam,Waalwijk,2,1,H,14,8,5,4,1.6294,1.1141,skott,,,,,,,,,,0.3773,0.2596,0.3632,0.3861,0.2601,0.3538,1,2.65,3.75,2.7,2.57,3.82,2.92,0.5768,0.5995,-0.7851,0.5442,-0.3217,-1,,,,,0,0,,,0.027,-0.0123,,,,,,,,,,,,,,,,,pinnacle
spelad,ED,2022/23,2023-01-15,,FC Emmen,Cambuur,0,0,D,15,9,7,2,2.0089,0.853,skott,,,,,,,,,,0.454,0.2676,0.2784,0.5168,0.2729,0.2103,1,2.17,3.7,3.49,2.01,3.63,4.65,0.4756,0.4304,-0.1082,0.4458,0.2735,2,,,,,0,0,,,0.1937,-0.0543,,,,,,,,,,,,,,,,,pinnacle
spelad,ED,2022/23,2023-01-15,,For Sittard,PSV Eindhoven,2,2,D,6,32,3,12,0.8356,3.8159,skott,,,,,,,,,,0.1099,0.1829,0.7072,0.0976,0.175,0.7274,1,9,5.5,1.37,9.91,5.7,1.38,0.6311,0.6271,0.2432,-0.3455,0.7674,0,7,-3,-0.3685,-0.1351,0,0,,,-0.0448,0.0379,,,,,,,,,,,,,,,,,pinnacle
spelad,ED,2022/23,2023-01-15,,Go Ahead Eagles,Utrecht,2,2,D,13,11,4,6,1.4101,1.612,skott,,,,,,,,,,0.3397,0.2603,0.4001,0.3263,0.2701,0.4035,1,2.88,3.76,2.47,3.15,3.71,2.44,0.5615,0.5473,-0.3074,-0.5049,-0.2458,1,,,,,0,0,,,-0.0302,0.0053,,,,,,,,,,,,,,,,,pinnacle
spelad,ED,2022/23,2023-01-15,,Groningen,Feyenoord,0,3,A,5,28,2,10,0.6163,3.2588,skott,,,,,,,,,,0.144,0.202,0.6539,0.1324,0.1946,0.673,1,7,4.79,1.5,7.64,4.98,1.47,0.5711,0.5875,-0.3551,-0.1649,-0.6835,0,9,-1,0.0718,0.2346,0,0,,,-0.0423,0.0128,,,,,,,,,,,,,,,,,pinnacle
spelad,ED,2022/23,2023-01-15,,Vitesse,Nijmegen,0,0,D,24,6,6,3,2.3815,0.8356,skott,,,,,,,,,,0.4383,0.2623,0.2994,0.4247,0.2787,0.2965,1,2.22,3.8,3.3,2.29,3.57,3.48,0.5284,0.4807,-0.1248,0.5266,-0.1481,1,,,,,0,0,,,-0.0243,0.0252,,,,,,,,,,,,,,,,,pinnacle
spelad,ED,2022/23,2023-01-20,,Excelsior,Volendam,2,0,H,17,9,4,0,1.6469,0.5327,skott,,,,,,,,,,0.3925,0.2561,0.3514,0.3761,0.2591,0.3648,1,2.48,3.83,2.77,2.59,3.89,2.83,0.604,0.604,0.4151,-0.2685,0.1189,0,,,,,0,0,,,-0.0462,0.0179,,,,,,,,,,,,,,,,,pinnacle
spelad,ED,2022/23,2023-01-21,,Cambuur,Sparta Rotterdam,0,3,A,14,12,3,6,1.3091,1.6712,skott,,,,,,,,,,0.3024,0.2969,0.4007,0.3193,0.3062,0.3745,1,3.22,3.4,2.42,3.18,3.3,2.6,0.4377,0.403,-1.3383,1.5011,-1.6229,-1,,,,,0,0,,,0.0599,-0.0297,,,,,,,,,,,,,,,,,pinnacle
spelad,ED,2022/23,2023-01-21,,Nijmegen,FC Emmen,3,1,H,20,10,5,4,1.9846,1.2325,skott,,,,,,,,,,0.47,0.2862,0.2438,0.4549,0.2889,0.2562,1,2.07,3.55,4.25,2.14,3.49,4.06,0.4377,0.4476,0.343,-0.5475,0.2751,0,,,,,0,0,,,-0.0425,0.0138,,,,,,,,,,,,,,,,,pinnacle
spelad,ED,2022/23,2023-01-21,,PSV Eindhoven,Vitesse,1,0,H,15,12,5,4,1.6886,1.3509,skott,,,,,,,,,,0.7571,0.1556,0.0873,0.7546,0.1626,0.0828,1,1.28,6.5,11.5,1.32,6.3,11.66,0.6803,0.6394,0.3374,-0.5635,-0.3317,0,10,2.1,0.5518,-0.1304,0,0,,,-0.0007,-0.0263,,,,,,,,,,,,,,,,,pinnacle
spelad,ED,2022/23,2023-01-22,,AZ Alkmaar,For Sittard,3,1,H,16,8,5,1,1.7478,0.6337,skott,,,,,,,,,,0.7272,0.1656,0.1072,0.7626,0.1508,0.0866,1,1.34,5.9,10.5,1.29,6.6,12,0.6313,0.662,-0.0025,0.72,-0.2074,1,7,2.5714,0.4291,-0.0279,0,0,,,0.0915,-0.0127,,,,,,,,,,,,,,,,,pinnacle
spelad,ED,2022/23,2023-01-22,,Feyenoord,Ajax,1,1,D,11,11,4,3,1.2917,1.1316,skott,,,,,,,,,,0.3641,0.262,0.3739,0.3832,0.2765,0.3403,1,2.7,3.81,2.6,2.69,3.74,2.86,0.5854,0.5536,0.3979,0.3308,1.0553,-1,9,-2.3333,-0.4228,-0.2044,0,0,,,0.0718,-0.0201,,,,,,,,,,,,,,,,,pinnacle
spelad,ED,2022/23,2023-01-22,,Heerenveen,Groningen,3,1,H,18,10,9,3,2.5068,1.0724,skott,,,,,,,,,,0.5586,0.243,0.1984,0.5766,0.2556,0.1679,1,1.76,4,5,1.76,4.01,6.24,0.5141,0.4564,0.1038,0.4027,0.4428,1,9,0.3333,-0.0337,0.3964,0,0,,,0.0664,-0.0224,,,,,,,,,,,,,,,,,pinnacle
spelad,ED,2022/23,2023-01-22,,Twente,Utrecht,2,0,H,15,7,6,1,1.8488,0.5745,skott,,,,,,,,,,0.5551,0.2364,0.2085,0.5955,0.2306,0.174,1,1.77,4.15,4.75,1.68,4.27,6,0.5524,0.5522,-0.4598,0.3064,-0.211,1,8,-0.375,0.3659,-0.1145,0,0,,,0.1152,-0.0332,,,,,,,,,,,,,,,,,pinnacle
spelad,ED,2022/23,2023-01-24,,FC Emmen,PSV Eindhoven,1,0,H,11,12,2,4,0.9714,1.3509,skott,,,,,,,,,,0.1243,0.2085,0.6672,0.1401,0.2223,0.6376,1,8,4.9,1.46,7,4.61,1.52,0.5448,0.5309,-0.5253,0.6856,0.1849,0,6,-2,-0.0958,0.1865,0,0,,,0.061,0.007,,,,,,,,,,,,,,,,,pinnacle
spelad,ED,2022/23,2023-01-24,,Sparta Rotterdam,Waalwijk,0,0,D,9,12,4,3,1.1733,1.1907,skott,,,,,,,,,,0.5389,0.2594,0.2017,0.522,0.2646,0.2134,1,1.84,3.78,4.81,1.89,3.8,4.75,0.5,0.491,0.698,-1.5512,0.8522,-7,7,1.2857,0.3936,0.029,0,0,,,-0.0455,-0.0135,,,,,,,,,,,,,,,,,pinnacle
spelad,ED,2022/23,2023-01-25,,Feyenoord,Nijmegen,2,0,H,22,8,9,5,2.7435,1.2743,skott,,,,,,,,,,0.7336,0.1751,0.0913,0.7508,0.1661,0.0831,1,1.32,5.8,11,1.32,5.83,12,0.604,0.6059,-0.0655,0.4239,-0.1127,-1,3,2,0.0312,0.1563,0,0,,,0.0428,-0.0379,,,,,,,,,,,,,,,,,pinnacle
spelad,ED,2022/23,2023-01-25,,For Sittard,Heerenveen,2,0,H,16,15,6,4,1.9079,1.5285,skott,,,,,,,,,,0.308,0.2813,0.4107,0.2995,0.2863,0.4142,1,3.16,3.6,2.41,3.58,3.44,2.35,0.4897,0.4501,-0.0083,-0.7438,-0.3709,0,9,-0.6667,0.0807,-0.1327,0,0,,,-0.0205,-0.0194,,,,,,,,,,,,,,,,,pinnacle
spelad,ED,2022/23,2023-01-25,,Go Ahead Eagles,AZ Alkmaar,1,4,A,13,16,1,9,0.9297,2.3884,skott,,,,,,,,,,0.2358,0.2583,0.5059,0.221,0.2574,0.5216,1,4.2,3.85,1.93,4.58,3.88,1.92,0.5398,0.5418,-0.0009,-0.6174,0.3756,7,3,-3,-0.5536,-0.2013,0,0,,,-0.0452,0.0225,,,,,,,,,,,,,,,,,pinnacle
spelad,ED,2022/23,2023-01-25,,Utrecht,Excelsior,1,0,H,17,2,9,0,2.4476,0.1184,skott,,,,,,,,,,0.6854,0.1783,0.1363,0.6784,0.188,0.1336,1,1.42,5.42,7.6,1.46,5.4,7.6,0.6379,0.6049,0.2521,-0.422,0.1053,-2,5,1.2,-0.2867,0.386,0,0,,,-0.0113,-0.0064,,,,,,,,,,,,,,,,,pinnacle
spelad,ED,2022/23,2023-01-25,,Vitesse,Twente,2,2,D,17,10,6,4,1.9671,1.2325,skott,,,,,,,,,,0.2681,0.2595,0.4724,0.2498,0.2784,0.4717,1,3.63,3.75,2.1,4.31,3.61,2.11,0.5155,0.4744,-0.455,0.6017,-0.2837,1,9,0,-0.0715,-0.1464,0,0,,,-0.0359,0.0058,,,,,,,,,,,,,,,,,pinnacle
spelad,ED,2022/23,2023-01-26,,Ajax,Volendam,1,1,D,31,2,7,1,2.956,0.2785,skott,,,,,,,,,,0.8359,0.0981,0.0659,0.8783,0.0816,0.0401,1,1.16,10.5,20,1.12,11.97,24.33,0.7716,0.7946,-0.1595,-0.5059,-0.6772,-2,,,,,0,0,,,0.1105,-0.03,,,,,,,,,,,,,,,,,pinnacle
spelad,ED,2022/23,2023-01-26,,Groningen,Cambuur,0,1,A,15,10,2,4,1.2082,1.2325,skott,,,,,,,,,,0.4305,0.2756,0.2939,0.4203,0.2933,0.2864,1,2.28,3.53,3.31,2.31,3.55,3.4,0.491,0.4304,0.541,-0.9317,0.5597,-1,3,1,0.5816,-0.2537,0,0,,,-0.0128,-0.0049,,,,,,,,,,,,,,,,,pinnacle
spelad,ED,2022/23,2023-01-28,,AZ Alkmaar,Utrecht,5,5,D,15,24,9,9,2.3292,2.8619,skott,,,,,,,,,,0.5736,0.2297,0.1966,0.5836,0.2386,0.1778,1,1.74,4.22,5.25,1.67,4.2,5.96,0.5649,0.5587,-0.2322,0.2673,-0.4645,0,10,0.9,0.2427,0.0527,0,0,,,0.0388,0.0031,,,,,,,,,,,,,,,,,pinnacle
spelad,ED,2022/23,2023-01-28,,Heerenveen,Vitesse,1,3,A,10,22,2,8,0.9122,2.5834,skott,,,,,,,,,,0.4482,0.2747,0.2771,0.4285,0.2904,0.2811,1,2.2,3.6,3.53,2.3,3.49,3.47,0.4833,0.4653,0.4623,-0.3064,0.1066,0,11,0.2727,0.2585,0.0994,0,0,,,-0.0434,-0.0214,,,,,,,,,,,,,,,,,pinnacle
spelad,ED,2022/23,2023-01-28,,Nijmegen,Sparta Rotterdam,1,1,D,26,9,4,4,2.1796,1.1733,skott,,,,,,,,,,0.4072,0.2896,0.3032,0.3956,0.3041,0.3003,1,2.41,3.5,3.21,2.46,3.37,3.3,0.4564,0.4135,-0.3903,0.679,-0.1464,-1,3,-1,-0.596,0.3855,0,0,,,-0.0204,0.0038,,,,,,,,,,,,,,,,,pinnacle
spelad,ED,2022/23,2023-01-28,,PSV Eindhoven,Go Ahead Eagles,2,0,H,19,6,3,1,1.6051,0.5153,skott,,,,,,,,,,0.7666,0.1519,0.0816,0.7725,0.157,0.0704,1,1.29,6.75,12,1.25,7.5,17,0.6628,0.6099,-0.4939,1.0014,-0.9409,1,3,3,0.6441,-0.1702,0,0,,,0.0231,0.0247,,,,,,,,,,,,,,,,,pinnacle
spelad,ED,2022/23,2023-01-28,,Waalwijk,FC Emmen,2,0,H,6,17,4,3,0.9957,1.4867,skott,,,,,,,,,,0.4347,0.2847,0.2806,0.4324,0.2896,0.278,1,2.29,3.55,3.47,2.28,3.4,3.69,0.4833,0.4602,0.0158,0.0812,-0.3509,0,4,0,-0.0585,0.2441,0,0,,,-0.0019,-0.0117,,,,,,,,,,,,,,,,,pinnacle
spelad,ED,2022/23,2023-01-29,,Cambuur,For Sittard,1,2,A,9,18,1,6,0.6929,2.0263,skott,,,,,,,,,,0.4052,0.2739,0.3209,0.394,0.294,0.3119,1,2.4,3.55,3.1,2.47,3.45,3.12,0.4884,0.491,-0.5825,1.025,-0.643,-1,3,1,0.5288,-0.2558,0,0,,,-0.0133,-0.0088,,,,,,,,,,,,,,,,,pinnacle
spelad,ED,2022/23,2023-01-29,,Excelsior,Ajax,1,4,A,12,19,4,9,1.3509,2.5659,skott,,,,,,,,,,0.0984,0.1384,0.7632,0.0784,0.1366,0.785,1,11,7.1,1.27,13,7.28,1.24,0.7063,0.705,0.8598,-0.7087,1.2911,1,5,-3,-0.2467,-0.0931,0,0,,,-0.0619,0.0073,,,,,,,,,,,,,,,,,pinnacle
spelad,ED,2022/23,2023-01-29,,Twente,Feyenoord,1,1,D,14,17,6,6,1.7896,1.9671,skott,,,,,,,,,,0.3402,0.287,0.3728,0.3636,0.2883,0.348,1,2.9,3.6,2.61,2.86,3.38,2.8,0.4845,0.4974,0.0227,-0.3134,0.1902,0,8,-1.125,0.0134,0.1659,0,0,,,0.0716,-0.0085,,,,,,,,,,,,,,,,,pinnacle
spelad,ED,2022/23,2023-01-29,,Volendam,Groningen,3,2,H,12,13,5,3,1.511,1.2499,skott,,,,,,,,,,0.4193,0.268,0.3128,0.4024,0.2675,0.3301,1,2.35,3.7,3.11,2.44,3.64,3.17,0.5064,0.5524,0.1707,0.3081,0.5269,0,,,,,0,0,,,-0.0511,0.0274,,,,,,,,,,,,,,,,,pinnacle
spelad,ED,2022/23,2023-02-01,,Waalwijk,Go Ahead Eagles,3,1,H,6,11,4,2,0.9957,0.9714,skott,,,,,,,,,,0.4248,0.2702,0.305,0.3944,0.284,0.3215,1,2.3,3.75,3.19,2.47,3.5,3.12,0.5244,0.4795,-0.0426,0.4616,-0.1625,0,,,,,0,0,,,-0.0773,0.0154,,,,,,,,,,,,,,,,,pinnacle
spelad,ED,2022/23,2023-02-03,,For Sittard,Sparta Rotterdam,0,0,D,14,8,7,2,1.9497,0.7938,skott,,,,,,,,,,0.3757,0.2967,0.3276,0.3792,0.3005,0.3203,1,2.6,3.3,3.01,2.59,3.3,3.05,0.4377,0.4351,-0.6045,1.2625,-0.4029,-1,7,-0.4286,0.1103,0.0294,0,0,,,0.0142,-0.0015,,,,,,,,,,,,,,,,,pinnacle
spelad,ED,2022/23,2023-02-04,,Excelsior,Waalwijk,0,0,D,15,17,3,6,1.3683,1.9671,skott,,,,,,,,,,0.3512,0.2658,0.383,0.3425,0.2622,0.3954,1,2.82,3.7,2.57,2.98,3.78,2.59,0.5473,0.5758,-0.6626,0.7653,-0.2857,3,,,,,0,0,,,-0.0298,0.0108,,,,,,,,,,,,,,,,,pinnacle
spelad,ED,2022/23,2023-02-04,,FC Emmen,Vitesse,2,2,D,6,14,3,8,0.8356,2.1098,skott,,,,,,,,,,0.3487,0.2975,0.3538,0.318,0.2958,0.3862,1,2.81,3.35,2.77,3.1,3.35,2.54,0.4427,0.4402,0.3064,-0.1475,0.0603,0,7,-1.2857,-0.0628,0.0611,0,0,,,-0.0938,0.0012,,,,,,,,,,,,,,,,,pinnacle
spelad,ED,2022/23,2023-02-04,,Utrecht,Heerenveen,1,0,H,12,9,7,5,1.8313,1.3334,skott,,,,,,,,,,0.5309,0.2598,0.2094,0.5834,0.2385,0.178,1,1.9,3.75,4.64,1.69,4.2,5.8,0.5,0.5282,0.7402,-1.1458,0.803,0,10,1.8,0.4855,0.1579,0,0,,,0.1365,-0.0074,,,,,,,,,,,,,,,,,pinnacle
spelad,ED,2022/23,2023-02-04,,Volendam,AZ Alkmaar,1,1,D,9,13,2,3,0.853,1.2499,skott,,,,,,,,,,0.1925,0.2013,0.6063,0.1737,0.1998,0.6265,1,5.3,5,1.6,6.2,5.2,1.55,0.6429,0.6565,-0.3478,0.4072,0.0544,-1,,,,,0,0,,,-0.0577,-0.0257,,,,,,,,,,,,,,,,,pinnacle
spelad,ED,2022/23,2023-02-05,,Cambuur,Ajax,0,5,A,4,20,1,5,0.3969,1.9846,skott,,,,,,,,,,0.0818,0.1611,0.7572,0.0768,0.1524,0.7707,1,12,6.75,1.29,13,6.75,1.27,0.6253,0.6493,0.3054,-0.2048,0.3982,0,3,-3,-0.2044,-0.0802,0,0,,,-0.0235,0.0131,,,,,,,,,,,,,,,,,pinnacle
spelad,ED,2022/23,2023-02-05,,Feyenoord,PSV Eindhoven,2,2,D,35,7,7,4,3.1928,1.0549,skott,,,,,,,,,,0.4319,0.2745,0.2936,0.3973,0.2814,0.3213,1,2.26,3.7,3.31,2.48,3.5,3.07,0.5499,0.5296,0.0899,-0.1047,0.6208,-1,11,0.2727,0.3066,0.1168,0,0,,,-0.0968,-0.0061,,,,,,,,,,,,,,,,,pinnacle
spelad,ED,2022/23,2023-02-05,,Go Ahead Eagles,Nijmegen,1,0,H,11,7,2,0,0.9714,0.4144,skott,,,,,,,,,,0.3876,0.278,0.3344,0.3789,0.283,0.3381,1,2.52,3.65,2.92,2.59,3.47,2.91,0.4781,0.4653,-0.1547,0.33,-0.4347,-4,3,-2,-0.8554,0.054,0,0,,,-0.0213,-0.007,,,,,,,,,,,,,,,,,pinnacle
spelad,ED,2022/23,2023-02-05,,Groningen,Twente,1,1,D,19,9,7,1,2.2457,0.6929,skott,,,,,,,,,,0.1778,0.2301,0.5921,0.165,0.2326,0.6024,1,5.75,4.35,1.65,5.91,4.2,1.65,0.509,0.5141,-0.5552,0.345,-1.0261,0,9,-1,-0.4373,0.1857,0,0,,,-0.0361,0.0137,,,,,,,,,,,,,,,,,pinnacle
spelad,ED,2022/23,2023-02-10,,AZ Alkmaar,Excelsior,5,0,H,21,3,11,1,3.0046,0.3377,skott,,,,,,,,,,0.7537,0.1558,0.0905,0.7518,0.1591,0.0892,1,1.29,6.5,11,1.29,6.83,12.5,0.662,0.6517,0.3807,-0.5244,0.0938,0,5,-0.6,-1.0673,-0.1724,0,0,,,-0.0025,0.0047,,,,,,,,,,,,,,,,,pinnacle
spelad,ED,2022/23,2023-02-11,,FC Emmen,For Sittard,0,1,A,10,14,2,4,0.9122,1.4693,skott,,,,,,,,,,0.4401,0.2763,0.2836,0.4249,0.2812,0.2939,1,2.23,3.53,3.47,2.29,3.58,3.4,0.4641,0.459,-0.2925,0.5935,-0.1851,-1,7,0.8571,0.2793,0.1711,0,0,,,-0.0409,0.0149,,,,,,,,,,,,,,,,,pinnacle
spelad,ED,2022/23,2023-02-11,,Nijmegen,Cambuur,0,0,D,16,13,6,4,1.9079,1.4101,skott,,,,,,,,,,0.5609,0.2469,0.1922,0.6011,0.2326,0.1663,1,1.74,4,5.1,1.62,4.27,6,0.4884,0.5039,0.4911,-1.3857,0.7939,0,3,1,0.6501,-0.2745,0,0,,,0.1062,-0.0003,,,,,,,,,,,,,,,,,pinnacle
spelad,ED,2022/23,2023-02-11,,PSV Eindhoven,Groningen,6,0,H,34,3,13,1,4.0944,0.3377,skott,,,,,,,,,,0.8265,0.1226,0.0509,0.7794,0.1466,0.074,1,1.18,8.5,20,1.25,7.26,15,0.6565,0.6604,0.9207,-0.6192,0.4076,0,11,1.9091,0.1322,-0.0069,0,0,,,-0.1175,-0.0062,,,,,,,,,,,,,,,,,pinnacle
spelad,ED,2022/23,2023-02-12,,Ajax,Waalwijk,3,1,H,17,6,5,3,1.807,0.8356,skott,,,,,,,,,,0.8313,0.1172,0.0515,0.8389,0.1136,0.0475,1,1.17,9,19.5,1.17,9.5,20.3,0.7043,0.7063,-0.7726,0.4166,-0.9914,-1,7,3,0.3024,-0.085,0,0,,,0.0191,-0.022,,,,,,,,,,,,,,,,,pinnacle
spelad,ED,2022/23,2023-02-12,,Heerenveen,Feyenoord,1,2,A,13,13,4,3,1.4101,1.2499,skott,,,,,,,,,,0.1934,0.2421,0.5645,0.1589,0.2238,0.6173,1,5.1,4.1,1.75,6.25,4.45,1.58,0.5256,0.5623,-0.197,0.5156,-0.271,1,11,-1.6364,-0.1762,0.0699,0,0,,,-0.1219,0.0136,,,,,,,,,,,,,,,,,pinnacle
spelad,ED,2022/23,2023-02-12,,Sparta Rotterdam,Go Ahead Eagles,2,1,H,19,18,6,4,2.0855,1.7061,skott,,,,,,,,,,0.4678,0.2913,0.2409,0.4633,0.3012,0.2356,1,2.09,3.45,4.04,2.1,3.39,4.33,0.4207,0.396,0.5743,-1.3582,0.3922,2,3,1,0.5263,-0.2889,0,0,,,-0.0038,-0.0089,,,,,,,,,,,,,,,,,pinnacle
spelad,ED,2022/23,2023-02-12,,Twente,Volendam,3,0,H,18,9,9,2,2.5068,0.853,skott,,,,,,,,,,0.7665,0.1583,0.0752,0.7629,0.1599,0.0771,1,1.26,6.5,14,1.28,6.4,12.51,0.6444,0.632,-0.6295,0.4411,-0.6134,-1,,,,,0,0,,,-0.0091,-0.014,,,,,,,,,,,,,,,,,pinnacle
spelad,ED,2022/23,2023-02-12,,Vitesse,Utrecht,2,0,H,13,11,4,4,1.4101,1.2917,skott,,,,,,,,,,0.3813,0.2701,0.3485,0.3774,0.2798,0.3428,1,2.6,3.7,2.79,2.62,3.63,2.86,0.5256,0.5193,-0.7521,0.46,-0.208,0,10,0.9,0.5636,0.0358,0,0,,,-0.0022,-0.0071,,,,,,,,,,,,,,,,,pinnacle
spelad,ED,2022/23,2023-02-17,,Waalwijk,For Sittard,3,1,H,18,10,9,5,2.5068,1.3926,skott,,,,,,,,,,0.4271,0.2743,0.2987,0.4521,0.267,0.2809,1,2.31,3.61,3.3,2.29,3.65,3.48,0.5244,0.5436,-0.2239,0.0362,-0.7431,-1,6,-1,-0.4078,0.0799,0,0,,,0.0678,-0.03,,,,,,,,,,,,,,,,,pinnacle
spelad,ED,2022/23,2023-02-18,,Feyenoord,AZ Alkmaar,2,1,H,18,2,3,0,1.5459,0.1184,skott,,,,,,,,,,0.5579,0.2385,0.2035,0.5247,0.2385,0.2368,1,1.77,4.1,5,1.94,4.07,4.25,0.5685,0.6084,-0.3878,0.7728,-0.275,-2,10,0.3,0.124,-0.1533,0,0,,,-0.0997,-0.0256,,,,,,,,,,,,,,,,,pinnacle
spelad,ED,2022/23,2023-02-18,,Groningen,FC Emmen,1,1,D,19,7,3,3,1.6051,0.8948,skott,,,,,,,,,,0.4073,0.2986,0.2941,0.3874,0.3029,0.3097,1,2.4,3.35,3.34,2.57,3.31,3.2,0.4427,0.4196,-0.4344,0.4783,-0.5965,0,7,0.4286,-0.0141,0.0172,0,0,,,-0.0554,-0.013,,,,,,,,,,,,,,,,,pinnacle
spelad,ED,2022/23,2023-02-18,,Volendam,Vitesse,2,0,H,9,15,3,1,1.0132,1.0481,skott,,,,,,,,,,0.2687,0.252,0.4792,0.2191,0.2476,0.5333,1,3.66,3.9,2.08,4.43,3.95,1.96,0.5747,0.566,0.8636,-0.6204,0.1649,0,,,,,0,0,,,-0.1534,0.0467,,,,,,,,,,,,,,,,,pinnacle
spelad,ED,2022/23,2023-02-19,,Ajax,Sparta Rotterdam,4,0,H,23,7,12,2,3.2831,0.7346,skott,,,,,,,,,,0.7896,0.1412,0.0692,0.7866,0.1442,0.0693,1,1.25,7,14,1.26,6.9,14,0.6517,0.6444,-0.6714,0.4739,-0.8775,0,9,3,0.4623,-0.1266,0,0,,,-0.006,-0.0358,,,,,,,,,,,,,,,,,pinnacle
spelad,ED,2022/23,2023-02-19,,Cambuur,Heerenveen,1,2,A,11,12,3,4,1.1316,1.3509,skott,,,,,,,,,,0.3041,0.2854,0.4106,0.2862,0.287,0.4268,1,3.21,3.5,2.37,3.58,3.44,2.29,0.4821,0.4653,0.361,-0.0463,0.063,1,3,-2,-0.7507,0.0778,0,0,,,-0.052,0.0107,,,,,,,,,,,,,,,,,pinnacle
spelad,ED,2022/23,2023-02-19,,Excelsior,Nijmegen,0,3,A,10,17,4,6,1.2325,1.9671,skott,,,,,,,,,,0.3001,0.2657,0.4341,0.2797,0.2696,0.4506,1,3.3,3.75,2.29,3.48,3.63,2.23,0.5536,0.5373,0.0584,0.8823,0.1189,1,,,,,0,0,,,-0.0574,0.027,,,,,,,,,,,,,,,,,pinnacle
spelad,ED,2022/23,2023-02-19,,Go Ahead Eagles,Twente,2,0,H,11,19,5,2,1.4518,1.445,skott,,,,,,,,,,0.2279,0.261,0.511,0.2882,0.2807,0.431,1,4.3,3.77,1.95,3.7,3.62,2.26,0.491,0.5026,-0.2265,0.6666,-0.1398,0,3,-1,-0.1871,0.4199,0,0,,,0.2006,-0.0366,,,,,,,,,,,,,,,,,pinnacle
spelad,ED,2022/23,2023-02-19,,Utrecht,PSV Eindhoven,2,2,D,8,16,4,8,1.1141,2.2282,skott,,,,,,,,,,0.2526,0.2315,0.5159,0.2573,0.2636,0.4791,1,3.9,4.2,1.9,3.93,3.85,2.06,0.6059,0.5321,0.1769,0.1911,0.7991,-1,10,-1.8,-0.2886,-0.0186,0,0,,,0.0462,0.0134,,,,,,,,,,,,,,,,,pinnacle
spelad,ED,2022/23,2023-02-24,,Sparta Rotterdam,Utrecht,0,3,A,14,14,1,5,0.9889,1.6294,skott,,,,,,,,,,0.3429,0.2978,0.3593,0.3232,0.294,0.3828,1,2.85,3.4,2.74,3.06,3.39,2.6,0.4427,0.4439,0.6885,-0.9978,0.4216,0,9,-2.6667,-0.8267,-0.1371,0,0,,,-0.0628,0.0072,,,,,,,,,,,,,,,,,pinnacle
spelad,ED,2022/23,2023-02-25,,AZ Alkmaar,Cambuur,2,1,H,14,9,7,3,1.9497,1.0132,skott,,,,,,,,,,0.7595,0.1514,0.0891,0.7635,0.1585,0.078,1,1.28,6.7,12,1.28,6.5,13,0.6361,0.622,0.5231,-1.6782,0.4314,1,3,2,0.2974,0.1224,0,0,,,0.0192,-0.0087,,,,,,,,,,,,,,,,,pinnacle
spelad,ED,2022/23,2023-02-25,,Groningen,Excelsior,3,0,H,17,4,8,0,2.2874,0.2368,skott,,,,,,,,,,0.5114,0.255,0.2336,0.5698,0.2368,0.1933,1,1.92,3.95,4.2,1.83,4.11,5.01,0.5398,0.5623,-0.7817,0.597,-0.7063,1,5,0.6,0.2439,-0.2582,0,0,,,0.157,-0.0473,,,,,,,,,,,,,,,,,pinnacle
spelad,ED,2022/23,2023-02-25,,Heerenveen,Waalwijk,1,4,A,26,8,8,4,2.8202,1.1141,skott,,,,,,,,,,0.4881,0.257,0.2549,0.4877,0.2602,0.2521,1,1.99,3.85,4,2.03,3.75,4.13,0.5284,0.5244,-0.8733,1.373,-0.7281,-2,6,1,-0.0698,0.4237,0,0,,,0.0021,-0.0213,,,,,,,,,,,,,,,,,pinnacle
spelad,ED,2022/23,2023-02-25,,Nijmegen,Volendam,3,0,H,21,11,7,6,2.3641,1.612,skott,,,,,,,,,,0.6034,0.2265,0.1701,0.6716,0.2032,0.1253,1,1.61,4.4,6.1,1.47,4.9,8,0.5722,0.5819,-0.6739,0.3138,-0.8716,-1,,,,,0,0,,,0.1812,-0.0127,,,,,,,,,,,,,,,,,pinnacle
spelad,ED,2022/23,2023-02-26,,FC Emmen,Go Ahead Eagles,2,2,D,8,8,3,4,0.954,1.1141,skott,,,,,,,,,,0.3929,0.2917,0.3153,0.3772,0.3049,0.3179,1,2.5,3.4,3.2,2.62,3.24,3.14,0.4388,0.4217,-0.3172,0.133,-0.5864,1,,,,,0,0,,,-0.0339,0.0094,,,,,,,,,,,,,,,,,pinnacle
spelad,ED,2022/23,2023-02-26,,For Sittard,Feyenoord,2,4,A,13,18,5,7,1.5702,2.1865,skott,,,,,,,,,,0.1482,0.1935,0.6583,0.1238,0.188,0.6882,1,7,5.2,1.48,8.39,5.4,1.41,0.6049,0.628,0.0701,-0.256,0.1214,1,9,-1.3333,0.3024,-0.042,0,0,,,-0.0787,-0.0053,,,,,,,,,,,,,,,,,pinnacle
spelad,ED,2022/23,2023-02-26,,PSV Eindhoven,Twente,3,1,H,14,14,9,8,2.27,2.1098,skott,,,,,,,,,,0.5789,0.2262,0.1949,0.5888,0.2352,0.176,1,1.68,4.4,5.4,1.65,4.2,6,0.5758,0.5347,-0.243,0.2208,-0.4079,0,9,1,-0.3533,0.2419,0,0,,,0.0386,0.0007,,,,,,,,,,,,,,,,,pinnacle
spelad,ED,2022/23,2023-02-26,,Vitesse,Ajax,1,2,A,10,10,5,3,1.3926,1.0724,skott,,,,,,,,,,0.1656,0.2014,0.6331,0.1396,0.194,0.6664,1,6,4.81,1.55,7.3,5.14,1.49,0.6049,0.598,-0.4245,1.0375,0.34,1,10,-0.9,0.3628,0.1319,0,0,,,-0.0854,0.0048,,,,,,,,,,,,,,,,,pinnacle
spelad,ED,2022/23,2023-03-03,,Utrecht,For Sittard,1,2,A,13,9,5,5,1.5702,1.3334,skott,,,,,,,,,,0.6014,0.2257,0.1729,0.5921,0.2301,0.1778,1,1.62,4.5,5.8,1.64,4.5,6,0.5612,0.5635,-0.0766,0.1368,-0.305,2,8,1.5,-0.0578,0.2937,0,0,,,-0.0236,0.022,,,,,,,,,,,,,,,,,pinnacle
spelad,ED,2022/23,2023-03-03,,Vitesse,AZ Alkmaar,0,1,A,12,16,1,6,0.8705,1.9079,skott,,,,,,,,,,0.2982,0.2754,0.4264,0.3053,0.2873,0.4075,1,3.28,3.56,2.3,3.2,3.56,2.42,0.5116,0.5039,-1.0669,1.5727,-0.212,-1,10,-0.6,-0.0817,0.1494,0,0,,,0.0331,0.0177,,,,,,,,,,,,,,,,,pinnacle
spelad,ED,2022/23,2023-03-04,,Feyenoord,Groningen,1,0,H,23,6,6,0,2.3223,0.3552,skott,,,,,,,,,,0.793,0.1322,0.0749,0.8177,0.1194,0.0629,1,1.23,7.7,14.5,1.21,8.1,16.5,0.6705,0.6883,0.9282,-0.8405,0.8332,-1,10,1.2,-0.1971,0.1917,0,0,,,0.0614,-0.0236,,,,,,,,,,,,,,,,,pinnacle
spelad,ED,2022/23,2023-03-04,,Twente,Heerenveen,3,3,D,18,18,5,5,1.8662,1.8662,skott,,,,,,,,,,0.614,0.224,0.162,0.6172,0.2307,0.1521,1,1.58,4.4,6.5,1.59,4.3,6.75,0.5193,0.5116,0.4216,-1.0153,0.2954,-1,9,-0.6667,-0.3503,0.0668,0,0,,,0.0162,-0.0083,,,,,,,,,,,,,,,,,pinnacle
spelad,ED,2022/23,2023-03-04,,Volendam,FC Emmen,3,1,H,22,21,10,7,2.9037,2.3641,skott,,,,,,,,,,0.3606,0.2814,0.358,0.3959,0.2848,0.3193,1,2.73,3.5,2.72,2.6,3.6,3.06,0.4936,0.4845,0.7139,-0.4583,0.8845,1,,,,,0,0,,,0.1092,-0.0117,,,,,,,,,,,,,,,,,pinnacle
spelad,ED,2022/23,2023-03-05,,Ajax,Nijmegen,1,0,H,19,5,7,2,2.2457,0.6163,skott,,,,,,,,,,0.772,0.1462,0.0818,0.8018,0.1291,0.0691,1,1.26,6.9,12.5,1.25,7.88,15.9,0.6435,0.6525,0.2723,-0.3796,-0.0635,-1,3,2,-0.0892,0.1902,0,0,,,0.0721,-0.0128,,,,,,,,,,,,,,,,,pinnacle
spelad,ED,2022/23,2023-03-05,,Cambuur,Go Ahead Eagles,4,1,H,15,18,7,3,2.0089,1.5459,skott,,,,,,,,,,0.3257,0.2831,0.3911,0.3555,0.289,0.3555,1,3.01,3.6,2.55,2.91,3.45,2.76,0.4833,0.4653,-0.077,0.1702,-0.2289,1,3,0,-0.0615,0.0832,0,0,,,0.0952,-0.0051,,,,,,,,,,,,,,,,,pinnacle
spelad,ED,2022/23,2023-03-05,,Excelsior,Sparta Rotterdam,1,4,A,17,14,5,7,1.807,1.9497,skott,,,,,,,,,,0.281,0.2731,0.4459,0.2376,0.2692,0.4933,1,3.5,3.65,2.19,4.1,3.61,2.01,0.4974,0.4653,-0.7294,0.9591,-0.4494,-1,3,0,0.1527,0.0758,0,0,,,-0.1341,0.0206,,,,,,,,,,,,,,,,,pinnacle
spelad,ED,2022/23,2023-03-05,,Waalwijk,PSV Eindhoven,0,1,A,10,23,3,7,1.0724,2.4824,skott,,,,,,,,,,0.1497,0.1894,0.6609,0.1457,0.1863,0.6681,1,6.75,5.3,1.47,7.15,5.31,1.46,0.6152,0.6549,0.518,-0.7012,0.7752,1,6,-3,-0.3697,-0.1395,0,0,,,-0.0152,0.0025,,,,,,,,,,,,,,,,,pinnacle
spelad,ED,2022/23,2023-03-11,,AZ Alkmaar,Groningen,1,0,H,10,11,3,2,1.0724,0.9714,skott,,,,,,,,,,0.7292,0.1744,0.0964,0.7166,0.1843,0.0991,1,1.36,5.6,11,1.38,5.3,10.3,0.5935,0.5685,0.9997,-1.2775,0.5919,1,10,0.9,-0.2017,0.0748,0,0,,,-0.0279,-0.04,,,,,,,,,,,,,,,,,pinnacle
spelad,ED,2022/23,2023-03-11,,FC Emmen,Excelsior,2,0,H,9,11,4,4,1.1733,1.2917,skott,,,,,,,,,,0.5431,0.2531,0.2038,0.5743,0.2463,0.1794,1,1.81,4,5,1.7,3.95,5.6,0.5141,0.5,0.0155,-0.6573,-0.0711,1,3,-3,-1.4663,-0.2569,0,0,,,0.0868,-0.02,,,,,,,,,,,,,,,,,pinnacle
spelad,ED,2022/23,2023-03-11,,For Sittard,Twente,0,3,A,10,17,3,5,1.0724,1.807,skott,,,,,,,,,,0.2595,0.2588,0.4817,0.2185,0.2559,0.5256,1,3.78,3.85,2.02,4.45,3.9,1.94,0.5284,0.4974,0.3666,0.2561,1.1424,1,6,0,0.5502,-0.2349,0,0,,,-0.1258,0.0243,,,,,,,,,,,,,,,,,pinnacle
spelad,ED,2022/23,2023-03-11,,Sparta Rotterdam,Vitesse,3,1,H,19,9,10,2,2.7261,0.853,skott,,,,,,,,,,0.3906,0.2866,0.3229,0.339,0.2939,0.3671,1,2.53,3.5,3.03,2.87,3.54,2.81,0.4462,0.4464,1.0033,-1.0329,0.29,-2,8,0.375,0.5671,-0.1335,0,0,,,-0.1474,0.0023,,,,,,,,,,,,,,,,,pinnacle
spelad,ED,2022/23,2023-03-12,,Feyenoord,Volendam,2,1,H,25,9,8,2,2.761,0.853,skott,,,,,,,,,,0.8583,0.0912,0.0505,0.8605,0.091,0.0485,1,1.14,11,23,1.16,11,22,0.75,0.7321,-0.1227,0.453,-0.1581,0,,,,,0,0,,,0.0063,-0.0325,,,,,,,,,,,,,,,,,pinnacle
spelad,ED,2022/23,2023-03-12,,Heerenveen,Ajax,2,4,A,6,13,4,6,0.9957,1.7304,skott,,,,,,,,,,0.1336,0.19,0.6764,0.1157,0.1835,0.7008,1,7.4,5.2,1.45,8.73,5.4,1.39,0.6161,0.6186,-0.9828,1.6028,-0.5886,1,11,-2.7273,-0.3151,-0.0441,0,0,,,-0.0602,0.016,,,,,,,,,,,,,,,,,pinnacle
spelad,ED,2022/23,2023-03-12,,Nijmegen,Utrecht,2,2,D,11,12,6,6,1.612,1.6712,skott,,,,,,,,,,0.3774,0.2915,0.3312,0.3863,0.2757,0.338,1,2.6,3.55,2.96,2.66,3.67,2.88,0.491,0.5398,0.1163,-0.7054,0.0575,-2,3,-2,-0.5329,0.0841,0,0,,,0.011,-0.0401,,,,,,,,,,,,,,,,,pinnacle
spelad,ED,2022/23,2023-03-12,,PSV Eindhoven,Cambuur,5,2,H,25,12,16,5,4.0421,1.511,skott,,,,,,,,,,0.849,0.0993,0.0518,0.8514,0.0994,0.0491,1,1.16,10,21,1.16,10,21,0.6989,0.6982,0.4648,-0.93,0.1552,0,3,1,-0.456,-0.1411,0,0,,,0.0075,-0.023,,,,,,,,,,,,,,,,,pinnacle
spelad,ED,2022/23,2023-03-17,,Volendam,For Sittard,2,1,H,9,13,2,4,0.853,1.4101,skott,,,,,,,,,,0.395,0.263,0.342,0.3878,0.2582,0.354,1,2.51,3.75,2.94,2.54,3.77,2.88,0.5627,0.5829,0.2662,-0.9183,0.0473,-1,,,,,0,0,,,-0.0264,0.0067,,,,,,,,,,,,,,,,,pinnacle
spelad,ED,2022/23,2023-03-18,,FC Emmen,Sparta Rotterdam,0,2,A,12,15,6,8,1.6712,2.169,skott,,,,,,,,,,0.3647,0.3052,0.3301,0.3416,0.312,0.3464,1,2.68,3.25,2.97,2.95,3.3,2.82,0.4207,0.3941,-0.2997,0.0906,-0.3486,0,5,-1.2,-0.3291,-0.0626,0,0,,,-0.0626,-0.0105,,,,,,,,,,,,,,,,,pinnacle
spelad,ED,2022/23,2023-03-18,,Utrecht,Go Ahead Eagles,1,2,A,11,18,6,6,1.612,2.0263,skott,,,,,,,,,,0.5553,0.2325,0.2122,0.5367,0.2441,0.2193,1,1.77,4.2,4.75,1.85,4.1,4.54,0.5436,0.541,0.1848,-0.5306,0.2073,-7,3,0,-0.8149,0.7536,0,0,,,-0.0444,-0.0123,,,,,,,,,,,,,,,,,pinnacle
spelad,ED,2022/23,2023-03-18,,Waalwijk,Nijmegen,1,3,A,15,12,4,7,1.5285,1.8313,skott,,,,,,,,,,0.3847,0.2797,0.3356,0.3414,0.2756,0.383,1,2.56,3.6,2.93,2.94,3.61,2.56,0.5244,0.5244,0.7748,-0.7625,0.8654,7,3,0,0.1874,0.0579,0,0,,,-0.1341,-0.0042,,,,,,,,,,,,,,,,,pinnacle
spelad,ED,2022/23,2023-03-19,,Ajax,Feyenoord,2,3,A,12,17,5,5,1.511,1.807,skott,,,,,,,,,,0.5449,0.2326,0.2225,0.5196,0.2485,0.2319,1,1.79,4.33,4.41,1.87,4.21,4.5,0.5995,0.5587,0.163,-1.0624,-0.1513,0,10,2.1,0.5347,-0.1116,0,0,,,-0.0601,0.0114,,,,,,,,,,,,,,,,,pinnacle
spelad,ED,2022/23,2023-03-19,,Excelsior,Cambuur,4,1,H,6,19,3,9,0.8356,2.5659,skott,,,,,,,,,,0.3578,0.2749,0.3673,0.3927,0.2668,0.3405,1,2.75,3.75,2.67,2.56,3.83,2.96,0.5179,0.566,-0.5639,1.2499,-0.6857,1,,,,,0,0,,,0.0965,-0.0097,,,,,,,,,,,,,,,,,pinnacle
spelad,ED,2022/23,2023-03-19,,Groningen,Heerenveen,0,2,A,11,13,1,5,0.8113,1.5702,skott,,,,,,,,,,0.3371,0.2925,0.3704,0.3343,0.293,0.3727,1,2.91,3.55,2.64,3,3.49,2.61,0.4833,0.4807,0.038,-0.4499,0.2471,1,10,-0.6,-0.4024,0.3312,0,0,,,-0.0079,-0.0018,,,,,,,,,,,,,,,,,pinnacle
spelad,ED,2022/23,2023-03-19,,Twente,AZ Alkmaar,2,1,H,18,12,4,3,1.7061,1.1907,skott,,,,,,,,,,0.4441,0.2748,0.2811,0.434,0.281,0.2851,1,2.22,3.7,3.5,2.34,3.52,3.47,0.5039,0.4974,-0.5462,0.3899,-0.6583,0,9,-0.6667,0.2563,-0.1206,0,0,,,-0.0243,-0.0015,,,,,,,,,,,,,,,,,pinnacle
spelad,ED,2022/23,2023-03-19,,Vitesse,PSV Eindhoven,1,1,D,10,13,2,3,0.9122,1.2499,skott,,,,,,,,,,0.1937,0.2321,0.5742,0.1546,0.211,0.6344,1,5.1,4.3,1.71,6.32,4.67,1.57,0.5635,0.5789,-0.6961,0.9924,-0.275,1,11,-2.1818,-0.4204,-0.1334,0,0,,,-0.1384,0.0264,,,,,,,,,,,,,,,,,pinnacle
spelad,ED,2022/23,2023-04-01,,AZ Alkmaar,Heerenveen,1,1,D,21,9,7,2,2.3641,0.853,skott,,,,,,,,,,0.6328,0.2137,0.1534,0.6017,0.229,0.1693,1,1.55,4.6,7,1.63,4.4,6,0.5711,0.5499,0.7106,-1.1597,0.1384,0,11,1.9091,0.5589,-0.2243,0,0,,,-0.0782,-0.0027,,,,,,,,,,,,,,,,,pinnacle
spelad,ED,2022/23,2023-04-01,,Cambuur,FC Emmen,1,2,A,10,13,2,5,0.9122,1.5702,skott,,,,,,,,,,0.3924,0.2821,0.3255,0.4069,0.292,0.3011,1,2.5,3.45,3.1,2.39,3.4,3.29,0.4665,0.4388,-0.1895,0.5568,0.2659,-1,,,,,0,0,,,0.0534,0.0044,,,,,,,,,,,,,,,,,pinnacle
spelad,ED,2022/23,2023-04-01,,Excelsior,Twente,0,0,D,6,26,1,8,0.5153,2.8202,skott,,,,,,,,,,0.1633,0.2119,0.6248,0.1493,0.2038,0.6469,1,6,4.7,1.58,6.7,5,1.57,0.5945,0.6313,-0.3082,1.1216,-0.1903,0,3,0,0.4734,0.1036,0,0,,,-0.0501,0.0069,,,,,,,,,,,,,,,,,pinnacle
spelad,ED,2022/23,2023-04-01,,Nijmegen,PSV Eindhoven,2,4,A,12,25,6,11,1.6712,3.2414,skott,,,,,,,,,,0.1876,0.2341,0.5783,0.1734,0.2208,0.6058,1,5.2,4.25,1.69,5.59,4.5,1.71,0.5747,0.598,-0.2756,0.0983,-0.1242,1,3,-3,-0.3614,-0.1294,0,0,,,-0.0558,0.0717,,,,,,,,,,,,,,,,,pinnacle
spelad,ED,2022/23,2023-04-01,,Waalwijk,Vitesse,1,0,H,10,16,4,7,1.2325,2.0681,skott,,,,,,,,,,0.3789,0.2758,0.3453,0.3771,0.278,0.345,1,2.6,3.57,2.84,2.7,3.6,2.89,0.5284,0.5373,0.8707,-1.1644,0.6765,1,6,-1,0,0.1073,0,0,,,-0.0033,-0.0292,,,,,,,,,,,,,,,,,pinnacle
spelad,ED,2022/23,2023-04-02,,For Sittard,Groningen,3,1,H,8,19,5,4,1.2743,1.7652,skott,,,,,,,,,,0.4465,0.2677,0.2858,0.4272,0.2759,0.2969,1,2.22,3.65,3.41,2.29,3.64,3.37,0.509,0.4961,0.4533,0.0541,0.5445,2,8,-0.375,0.1227,-0.1402,0,0,,,-0.0498,0.001,,,,,,,,,,,,,,,,,pinnacle
spelad,ED,2022/23,2023-04-02,,Go Ahead Eagles,Ajax,0,0,D,5,9,2,4,0.6163,1.1733,skott,,,,,,,,,,0.1151,0.1734,0.7115,0.1464,0.1909,0.6628,1,8.5,5.7,1.38,8,5.4,1.51,0.6186,0.6322,-0.7075,1.5139,-0.0993,1,3,1,1.4589,0.5779,0,0,,,0.1114,0.0081,,,,,,,,,,,,,,,,,pinnacle
spelad,ED,2022/23,2023-04-02,,Sparta Rotterdam,Feyenoord,1,3,A,7,22,5,5,1.2151,2.103,skott,,,,,,,,,,0.1695,0.243,0.5875,0.1334,0.2259,0.6407,1,5.8,4.1,1.66,7.5,4.55,1.63,0.5231,0.5385,0.0322,-0.6035,-0.131,1,8,-2.25,-0.3249,0.0699,0,0,,,-0.1253,0.0102,,,,,,,,,,,,,,,,,pinnacle
spelad,ED,2022/23,2023-04-02,,Utrecht,Volendam,0,0,D,18,8,5,2,1.8662,0.7938,skott,,,,,,,,,,0.6765,0.1839,0.1396,0.6814,0.1854,0.1333,1,1.44,5.4,7.5,1.46,5.3,8,0.6509,0.6271,-0.863,0.4778,-1.0619,-1,,,,,0,0,,,0.0161,-0.0194,,,,,,,,,,,,,,,,,pinnacle
spelad,ED,2022/23,2023-04-07,,Groningen,Utrecht,1,2,A,6,16,1,4,0.5153,1.5877,skott,,,,,,,,,,0.3162,0.2712,0.4126,0.2982,0.2754,0.4264,1,3.2,3.59,2.36,3.26,3.6,2.35,0.5256,0.5116,-0.4086,0.7951,0.1743,0,10,0,0.1725,0.3486,0,0,,,-0.0497,0.0243,,,,,,,,,,,,,,,,,pinnacle
spelad,ED,2022/23,2023-04-08,,AZ Alkmaar,Sparta Rotterdam,0,1,A,16,11,3,3,1.4275,1.1316,skott,,,,,,,,,,0.6381,0.2141,0.1478,0.6059,0.233,0.161,1,1.52,4.6,7.2,1.61,4.45,6.4,0.5373,0.4974,-0.3321,0.0058,-0.5375,1,9,1.6667,0.1782,0.0028,0,0,,,-0.0775,0.0033,,,,,,,,,,,,,,,,,pinnacle
spelad,ED,2022/23,2023-04-08,,Heerenveen,Volendam,2,1,H,15,9,9,5,2.3292,1.3334,skott,,,,,,,,,,0.6065,0.2161,0.1774,0.6213,0.2193,0.1594,1,1.6,4.55,5.75,1.57,4.6,6.4,0.5995,0.5635,-0.8214,0.992,-0.6022,1,,,,,0,0,,,0.0476,-0.0045,,,,,,,,,,,,,,,,,pinnacle
spelad,ED,2022/23,2023-04-08,,PSV Eindhoven,Excelsior,4,0,H,21,5,9,2,2.6843,0.6163,skott,,,,,,,,,,0.8739,0.0903,0.0358,0.8832,0.0827,0.0341,1,1.1,13,41,1.11,13.1,31,0.7572,0.7938,0.4214,-1.0184,0.5095,0,5,3,0.4572,-0.1228,0,0,,,0.0203,-0.0206,,,,,,,,,,,,,,,,,pinnacle
spelad,ED,2022/23,2023-04-08,,Vitesse,Go Ahead Eagles,2,0,H,19,9,9,1,2.5659,0.6929,skott,,,,,,,,,,0.4677,0.2763,0.256,0.4466,0.2814,0.272,1,2.12,3.58,4,2.2,3.52,3.81,0.4923,0.4884,-0.7436,0.3276,-0.8681,1,3,0,-0.1625,0.0694,0,0,,,-0.0581,-0.0074,,,,,,,,,,,,,,,,,pinnacle
spelad,ED,2022/23,2023-04-09,,Ajax,For Sittard,4,0,H,31,9,8,1,3.1161,0.6929,skott,,,,,,,,,,0.8548,0.0862,0.0591,0.8398,0.0979,0.0623,1,1.14,11.21,23,1.17,11,19,0.7352,0.7485,0.517,-1.2081,-0.097,0,8,3,0.3308,-0.0915,0,0,,,-0.0331,-0.0103,,,,,,,,,,,,,,,,,pinnacle
spelad,ED,2022/23,2023-04-09,,FC Emmen,Nijmegen,0,0,D,14,22,4,3,1.4693,1.7827,skott,,,,,,,,,,0.3346,0.2728,0.3926,0.343,0.2823,0.3747,1,2.91,3.6,2.48,3,3.47,2.65,0.5026,0.4665,-0.1034,0.5411,-0.2636,0,,,,,0,0,,,0.0347,-0.0052,,,,,,,,,,,,,,,,,pinnacle
spelad,ED,2022/23,2023-04-09,,Feyenoord,Waalwijk,5,1,H,22,6,10,2,2.9037,0.6754,skott,,,,,,,,,,0.8241,0.111,0.065,0.8318,0.1091,0.0591,1,1.19,8.7,17,1.2,9.5,19,0.7223,0.744,0.195,0.8212,0.274,-1,6,2,-0.0804,0.1805,0,0,,,0.0213,-0.0145,,,,,,,,,,,,,,,,,pinnacle
spelad,ED,2022/23,2023-04-09,,Twente,Cambuur,4,0,H,30,8,10,3,3.3772,0.954,skott,,,,,,,,,,0.7571,0.1616,0.0813,0.7979,0.1395,0.0626,1,1.29,6.2,12,1.25,7.2,17,0.601,0.6427,0.4564,-0.7843,0.0735,0,3,1,0.2205,-0.2443,0,0,,,0.1003,-0.0166,,,,,,,,,,,,,,,,,pinnacle
spelad,ED,2022/23,2023-04-14,,Excelsior,Go Ahead Eagles,2,1,H,14,17,3,7,1.3091,2.1273,skott,,,,,,,,,,0.2883,0.2619,0.4498,0.3287,0.2741,0.3972,1,3.4,3.72,2.25,3.2,3.75,2.47,0.5373,0.5167,-0.2735,0.6943,-0.573,0,,,,,0,0,,,0.1335,-0.0301,,,,,,,,,,,,,,,,,pinnacle
spelad,ED,2022/23,2023-04-15,,Sparta Rotterdam,Heerenveen,4,0,H,10,12,4,5,1.2325,1.511,skott,,,,,,,,,,0.4107,0.2822,0.3071,0.3971,0.287,0.3159,1,2.39,3.5,3.2,2.46,3.47,3.16,0.468,0.468,0.7022,-0.6343,0.5475,0,8,-0.75,-0.3067,0.2398,0,0,,,-0.0361,0.0039,,,,,,,,,,,,,,,,,pinnacle
spelad,ED,2022/23,2023-04-15,,Waalwijk,Groningen,2,1,H,12,15,3,4,1.1907,1.5285,skott,,,,,,,,,,0.5002,0.2602,0.2396,0.4805,0.2667,0.2528,1,1.96,3.78,4.2,2.05,3.76,4.3,0.5436,0.5373,0.9035,-1.0421,0.78,-2,6,0.5,0.6972,-0.0861,0,0,,,-0.0525,0.0082,,,,,,,,,,,,,,,,,pinnacle
spelad,ED,2022/23,2023-04-16,,Ajax,FC Emmen,3,1,H,26,8,10,4,3.1404,1.1141,skott,,,,,,,,,,0.8479,0.1038,0.0483,0.8735,0.0911,0.0353,1,1.15,10.5,26,1.13,10.64,27.45,0.7194,0.7167,0.4842,-0.5641,0.316,0,6,2.5,0.0227,0.0638,0,0,,,0.0642,-0.0366,,,,,,,,,,,,,,,,,pinnacle
spelad,ED,2022/23,2023-04-16,,Cambuur,Feyenoord,0,3,A,11,25,1,9,0.8113,2.9211,skott,,,,,,,,,,0.1008,0.1593,0.7399,0.0771,0.1396,0.7832,1,11,6.25,1.32,14,7.3,1.26,0.6508,0.6897,-1.5115,1.0946,-1.2397,0,3,-3,-0.4132,-0.1422,0,0,,,-0.0907,0.0052,,,,,,,,,,,,,,,,,pinnacle
spelad,ED,2022/23,2023-04-16,,For Sittard,AZ Alkmaar,0,3,A,11,14,3,6,1.1316,1.7896,skott,,,,,,,,,,0.2086,0.2401,0.5512,0.1947,0.2382,0.567,1,4.7,4.1,1.81,4.98,4.1,1.75,0.5573,0.5321,0.0846,0.4865,0.4009,-1,8,-2.625,-0.4023,-0.0433,0,0,,,-0.0437,0.0256,,,,,,,,,,,,,,,,,pinnacle
spelad,ED,2022/23,2023-04-16,,Nijmegen,Vitesse,1,4,A,13,14,3,4,1.2499,1.4693,skott,,,,,,,,,,0.4327,0.2915,0.2758,0.4265,0.277,0.2965,1,2.25,3.6,3.57,2.31,3.6,3.32,0.5064,0.5244,0.6335,-1.074,0.4826,-1,3,-2,-0.784,0.0587,0,0,,,-0.0331,-0.0158,,,,,,,,,,,,,,,,,pinnacle
spelad,ED,2022/23,2023-04-16,,Utrecht,Twente,1,0,H,10,19,3,5,1.0724,1.9254,skott,,,,,,,,,,0.318,0.2749,0.4071,0.2741,0.2733,0.4526,1,3.06,3.65,2.41,3.55,3.69,2.24,0.5256,0.5039,-0.2427,0.1212,-0.3449,2,9,0,-0.3071,-0.1274,0,0,,,-0.1332,0.0385,,,,,,,,,,,,,,,,,pinnacle
spelad,ED,2022/23,2023-04-16,,Volendam,PSV Eindhoven,2,3,A,11,8,3,5,1.1316,1.2743,skott,,,,,,,,,,0.0963,0.1508,0.7529,0.0921,0.1509,0.757,1,11,6.7,1.29,11,7.21,1.3,0.7206,0.7206,0.0295,0.2022,0.2034,0,,,,,0,0,,,-0.0124,0.0114,,,,,,,,,,,,,,,,,pinnacle
spelad,ED,2022/23,2023-04-19,,Go Ahead Eagles,Waalwijk,3,2,H,25,5,11,3,3.2414,0.7764,skott,,,,,,,,,,0.472,0.2586,0.2694,0.493,0.2459,0.2611,1,2.06,3.8,3.7,2.06,3.96,3.95,0.5473,0.5865,-0.8168,0.8506,-0.5799,1,3,-2,-1.0523,0.0599,0,0,,,0.0503,-0.0112,,,,,,,,,,,,,,,,,pinnacle
spelad,ED,2022/23,2023-04-21,,Volendam,Cambuur,2,0,H,15,9,7,2,2.0089,0.853,skott,,,,,,,,,,0.5604,0.232,0.2076,0.544,0.2283,0.2277,1,2.03,4.27,4.67,2.03,4.5,4.7,0.6118,0.642,0.8629,-1.2798,0.9144,0,,,,,0,0,,,-0.053,0.0165,,,,,,,,,,,,,,,,,pinnacle
spelad,ED,2022/23,2023-04-22,,Heerenveen,FC Emmen,2,3,A,15,14,4,5,1.5285,1.6294,skott,,,,,,,,,,0.5611,0.2515,0.1874,0.5827,0.2424,0.1749,1,1.78,3.91,5.5,1.73,4,5.75,0.4974,0.5141,-0.13,0.9276,0.2433,1,6,-1,-0.6838,0.078,0,0,,,0.0556,-0.0343,,,,,,,,,,,,,,,,,pinnacle
spelad,ED,2022/23,2023-04-22,,Vitesse,Excelsior,0,0,D,28,6,7,0,2.7784,0.3552,skott,,,,,,,,,,0.6642,0.2024,0.1334,0.6696,0.1961,0.1343,1,1.49,4.9,7.27,1.47,5.2,7.23,0.6049,0.6353,-0.6629,0.0957,-0.325,-2,5,-0.6,-0.7243,-0.219,0,0,,,0.0099,-0.0185,,,,,,,,,,,,,,,,,pinnacle
spelad,ED,2022/23,2023-04-23,,AZ Alkmaar,Waalwijk,3,0,H,16,7,8,1,2.2282,0.5745,skott,,,,,,,,,,0.7086,0.1743,0.1171,0.7249,0.1675,0.1076,1,1.38,5.6,9,1.39,5.8,9.5,0.628,0.6509,-0.573,0.8461,-0.5508,3,7,0.4286,-0.5659,-0.1697,0,0,,,0.0422,-0.0216,,,,,,,,,,,,,,,,,pinnacle
spelad,ED,2022/23,2023-04-23,,Feyenoord,Utrecht,3,1,H,15,6,9,1,2.3292,0.5153,skott,,,,,,,,,,0.7021,0.1746,0.1233,0.7027,0.1757,0.1217,1,1.39,5.6,9,1.38,5.8,9,0.6346,0.672,0.7305,-0.1574,0.8764,0,11,0.8182,0.0494,0.1256,0,0,,,0.0027,0.0086,,,,,,,,,,,,,,,,,pinnacle
spelad,ED,2022/23,2023-04-23,,Go Ahead Eagles,For Sittard,2,0,H,15,15,6,3,1.8488,1.3683,skott,,,,,,,,,,0.5025,0.2532,0.2443,0.5397,0.2459,0.2144,1,2.01,3.93,4.2,1.9,3.97,4.56,0.541,0.5598,0.198,-0.414,0.3437,-3,3,1,0.5892,-0.2726,0,0,,,0.1042,-0.0301,,,,,,,,,,,,,,,,,pinnacle
spelad,ED,2022/23,2023-04-23,,PSV Eindhoven,Ajax,3,0,H,11,8,4,2,1.2917,0.7938,skott,,,,,,,,,,0.4058,0.2583,0.3358,0.4527,0.2496,0.2977,1,2.43,3.9,2.95,2.19,3.9,3.47,0.6005,0.6069,0.1275,0.0039,0.2475,0,11,-0.5455,0.1182,0.0453,0,0,,,0.132,0.0059,,,,,,,,,,,,,,,,,pinnacle
spelad,ED,2022/23,2023-04-23,,Twente,Sparta Rotterdam,3,3,D,21,17,7,7,2.3641,2.1273,skott,,,,,,,,,,0.6269,0.2184,0.1547,0.6811,0.2007,0.1182,1,1.6,4.5,6.4,1.56,4.9,8.19,0.5398,0.5758,-1.1068,1.1002,-1.1621,-1,9,0,-0.1111,0.0679,0,0,,,0.1449,-0.0439,,,,,,,,,,,,,,,,,pinnacle
spelad,ED,2022/23,2023-04-25,,Groningen,Nijmegen,0,1,A,14,9,2,3,1.149,1.0132,skott,,,,,,,,,,0.3334,0.2862,0.3804,0.3577,0.2845,0.3577,1,2.94,3.6,2.58,2.92,3.5,2.76,0.5,0.4936,-0.9135,1.0082,-0.64,1,3,0,-0.0376,0.0468,0,0,,,0.0714,-0.0323,,,,,,,,,,,,,,,,,pinnacle
spelad,ED,2022/23,2023-05-05,,Waalwijk,Volendam,4,1,H,11,15,4,4,1.2917,1.5285,skott,,,,,,,,,,0.5058,0.2346,0.2597,0.4773,0.238,0.2847,1,1.94,4.2,4.25,2.08,4.1,3.55,0.6247,0.6589,0.3251,-0.2759,-0.1979,-2,,,,,0,0,,,-0.0821,-0.0011,,,,,,,,,,,,,,,,,pinnacle
spelad,ED,2022/23,2023-05-06,,Ajax,AZ Alkmaar,0,0,D,18,11,3,4,1.5459,1.2917,skott,,,,,,,,,,0.6133,0.2062,0.1805,0.5633,0.2296,0.207,1,1.59,4.75,5.75,1.75,4.5,5.1,0.6152,0.6049,0.0223,0.1973,-0.2095,0,11,0,-0.5295,-0.1176,0,0,,,-0.1266,0.0137,,,,,,,,,,,,,,,,,pinnacle
spelad,ED,2022/23,2023-05-06,,Cambuur,Utrecht,0,3,A,5,10,0,1,0.296,0.7521,skott,,,,,,,,,,0.2333,0.242,0.5246,0.2217,0.2328,0.5455,1,4.25,4.25,1.86,4.5,4.37,1.8,0.5758,0.59,-0.5105,0.9223,-0.2991,2,3,0,0.5371,0.1176,0,0,,,-0.0441,-0.0006,,,,,,,,,,,,,,,,,pinnacle
spelad,ED,2022/23,2023-05-06,,Nijmegen,Heerenveen,2,3,A,11,10,3,4,1.1316,1.2325,skott,,,,,,,,,,0.438,0.2664,0.2956,0.452,0.2655,0.2825,1,2.23,3.73,3.5,2.17,3.7,3.6,0.5309,0.5436,0.6279,-1.3298,0.3653,-3,3,1,0.5006,0.3983,0,0,,,0.041,-0.0089,,,,,,,,,,,,,,,,,pinnacle
spelad,ED,2022/23,2023-05-06,,Sparta Rotterdam,PSV Eindhoven,0,1,A,5,21,0,4,0.296,1.8836,skott,,,,,,,,,,0.1624,0.2121,0.6255,0.1673,0.2116,0.6211,1,6.2,4.7,1.56,6.25,4.7,1.56,0.59,0.6161,-0.1522,0.057,0.3387,0,8,-2.25,-0.3445,0.0613,0,0,,,0.0143,-0.0062,,,,,,,,,,,,,,,,,pinnacle
spelad,ED,2022/23,2023-05-07,,Excelsior,Feyenoord,0,2,A,9,8,4,3,1.1733,0.954,skott,,,,,,,,,,0.0783,0.1302,0.7916,0.0848,0.1335,0.7817,1,13,8,1.24,13,8,1.26,0.6996,0.6989,-0.3902,0.0941,-0.5946,1,5,-1.8,0.1929,-0.146,0,0,,,0.023,0.0066,,,,,,,,,,,,,,,,,pinnacle
spelad,ED,2022/23,2023-05-07,,FC Emmen,Twente,0,3,A,11,16,4,4,1.2917,1.5877,skott,,,,,,,,,,0.2005,0.245,0.5545,0.2029,0.243,0.5541,1,4.9,4.1,1.79,5.1,4.1,1.75,0.541,0.541,0.5438,-0.3506,0.5447,1,5,-1.2,-0.2919,-0.0486,0,0,,,0.0051,0.0023,,,,,,,,,,,,,,,,,pinnacle
spelad,ED,2022/23,2023-05-07,,For Sittard,Vitesse,2,0,H,7,14,4,2,1.0549,1.149,skott,,,,,,,,,,0.2809,0.2692,0.4499,0.3003,0.2673,0.4324,1,3.51,3.7,2.2,3.48,3.68,2.27,0.5347,0.5436,0.2706,0.5617,0.1354,-1,9,-1,0.0574,0.0067,0,0,,,0.0563,0.0071,,,,,,,,,,,,,,,,,pinnacle
spelad,ED,2022/23,2023-05-07,,Go Ahead Eagles,Groningen,1,1,D,14,7,6,2,1.7896,0.7346,skott,,,,,,,,,,0.5546,0.2339,0.2115,0.599,0.2267,0.1742,1,1.76,4.2,5,1.64,4.3,5.6,0.5256,0.5436,0.8342,-0.2089,0.8066,2,3,-3,-1.1307,-0.276,0,0,,,0.126,-0.0203,,,,,,,,,,,,,,,,,pinnacle
spelad,ED,2022/23,2023-05-12,,Twente,Nijmegen,4,0,H,26,7,11,2,3.3006,0.7346,skott,,,,,,,,,,0.6597,0.1932,0.1472,0.6683,0.1871,0.1446,1,1.49,5.02,7,1.48,5.2,7.5,0.6247,0.6478,0.1357,-0.4422,0.1154,-1,3,1,0.277,-0.2645,0,0,,,0.0198,-0.0126,,,,,,,,,,,,,,,,,pinnacle
spelad,ED,2022/23,2023-05-13,,Heerenveen,Excelsior,0,0,D,11,15,2,4,0.9714,1.5285,skott,,,,,,,,,,0.6348,0.2036,0.1616,0.6376,0.2102,0.1521,1,1.54,5,6.01,1.58,5.17,6.37,0.6214,0.589,-0.2059,0.6172,-0.0615,1,5,1.2,0.2386,-0.0425,0,0,,,0.0151,-0.0369,,,,,,,,,,,,,,,,,pinnacle
spelad,ED,2022/23,2023-05-13,,Utrecht,Waalwijk,2,0,H,13,10,3,2,1.2499,0.9122,skott,,,,,,,,,,0.5958,0.2111,0.1931,0.607,0.2125,0.1805,1,1.64,4.7,5.25,1.65,4.62,5.6,0.6247,0.621,-0.4091,0.2857,-0.2405,-1,7,0,-0.8407,0.2301,0,0,,,0.0349,-0.0244,,,,,,,,,,,,,,,,,pinnacle
spelad,ED,2022/23,2023-05-13,,Volendam,Sparta Rotterdam,2,1,H,11,6,5,2,1.4518,0.6754,skott,,,,,,,,,,0.3221,0.2587,0.4192,0.3713,0.2615,0.3671,1,3.04,3.79,2.34,2.76,3.79,2.79,0.5829,0.5758,-0.633,1.0037,-0.6615,1,,,,,0,0,,,0.1506,0.0275,,,,,,,,,,,,,,,,,pinnacle
spelad,ED,2022/23,2023-05-14,,AZ Alkmaar,FC Emmen,5,1,H,23,7,4,2,2.002,0.7346,skott,,,,,,,,,,0.7187,0.1717,0.1095,0.7333,0.1643,0.1024,1,1.35,6,9.5,1.36,5.89,10,0.6005,0.6313,-0.0321,-0.435,-0.1658,1,6,3,0.7432,-0.1796,0,0,,,0.0361,-0.0313,,,,,,,,,,,,,,,,,pinnacle
spelad,ED,2022/23,2023-05-14,,Feyenoord,Go Ahead Eagles,3,0,H,12,7,3,1,1.1907,0.5745,skott,,,,,,,,,,0.819,0.1163,0.0647,0.7951,0.1291,0.0758,1,1.19,8.7,17,1.25,8.89,14.36,0.7109,0.696,0.9971,-1.1685,0.7339,0,3,3,0.7023,-0.1688,0,0,,,-0.0588,-0.0028,,,,,,,,,,,,,,,,,pinnacle
spelad,ED,2022/23,2023-05-14,,Groningen,Ajax,2,3,A,12,18,5,8,1.511,2.3466,skott,,,,,,,,,,0.0826,0.1459,0.7715,0.0777,0.137,0.7853,1,13,7,1.26,13.14,7.1,1.25,0.6604,0.6962,-0.8151,0.3974,-0.4196,-1,11,-1.9091,0.1611,-0.136,0,0,,,-0.0237,0.0131,,,,,,,,,,,,,,,,,pinnacle
spelad,ED,2022/23,2023-05-14,,PSV Eindhoven,For Sittard,2,1,H,22,4,7,0,2.4233,0.2368,skott,,,,,,,,,,0.8703,0.0828,0.0469,0.8505,0.0919,0.0576,1,1.13,12,25,1.17,10.55,20,0.7591,0.7856,0.5941,-1.0367,0.3605,1,8,2.625,0.271,-0.0151,0,0,,,-0.0504,-0.018,,,,,,,,,,,,,,,,,pinnacle
spelad,ED,2022/23,2023-05-14,,Vitesse,Cambuur,2,0,H,14,10,2,1,1.149,0.7521,skott,,,,,,,,,,0.7181,0.1753,0.1066,0.7642,0.1528,0.083,1,1.38,5.7,9.2,1.35,6.6,13,0.6364,0.6659,0.0271,-0.7078,0.096,-1,3,3,1.2334,-0.2366,0,0,,,0.1158,-0.0179,,,,,,,,,,,,,,,,,pinnacle
spelad,ED,2022/23,2023-05-21,,Ajax,Utrecht,3,1,H,27,5,9,1,3.0395,0.4561,skott,,,,,,,,,,0.7664,0.1399,0.0937,0.7404,0.1521,0.1075,1,1.29,7.3,11,1.31,6.5,10,0.696,0.6758,-0.3746,0.6401,-0.5862,-1,10,1.2,-0.3078,0.0377,0,0,,,-0.0659,0.0037,,,,,,,,,,,,,,,,,pinnacle
spelad,ED,2022/23,2023-05-21,,Excelsior,For Sittard,3,0,H,14,13,6,3,1.7896,1.2499,skott,,,,,,,,,,0.4902,0.2439,0.2659,0.4987,0.2513,0.25,1,1.99,4,3.8,1.96,3.97,4.1,0.5935,0.566,0.4599,-0.9924,0.5298,1,3,-2,-0.7581,0.0877,0,0,,,0.0329,0.0026,,,,,,,,,,,,,,,,,pinnacle
spelad,ED,2022/23,2023-05-21,,FC Emmen,Feyenoord,1,3,A,5,22,2,8,0.6163,2.5834,skott,,,,,,,,,,0.1573,0.1926,0.6502,0.1574,0.1963,0.6463,1,7,5.1,1.51,7.07,5,1.53,0.6461,0.634,-0.8039,1.4499,-0.4956,0,7,-2.1429,-0.2464,0.1137,0,0,,,0.0041,0.0163,,,,,,,,,,,,,,,,,pinnacle
spelad,ED,2022/23,2023-05-21,,Go Ahead Eagles,Volendam,3,0,H,20,16,6,3,2.1447,1.4275,skott,,,,,,,,,,0.5368,0.2313,0.2319,0.5515,0.2289,0.2196,1,1.83,4.25,4.33,1.8,4.32,4.59,0.6214,0.618,-0.1676,0.5867,-0.1711,-1,,,,,0,0,,,0.0417,-0.0235,,,,,,,,,,,,,,,,,pinnacle
spelad,ED,2022/23,2023-05-21,,Nijmegen,AZ Alkmaar,0,3,A,11,14,2,6,0.9714,1.7896,skott,,,,,,,,,,0.2411,0.2336,0.5253,0.2226,0.231,0.5464,1,4.33,4.2,1.85,4.88,4.25,1.78,0.5875,0.598,-0.1447,0.9059,-0.139,2,3,-1,0.0089,0.4433,0,0,,,-0.0583,-0.015,,,,,,,,,,,,,,,,,pinnacle
spelad,ED,2022/23,2023-05-21,,PSV Eindhoven,Heerenveen,3,3,D,22,13,5,6,2.103,1.7304,skott,,,,,,,,,,0.7858,0.133,0.0812,0.811,0.125,0.064,1,1.25,7.6,15,1.21,7.94,17,0.7056,0.7009,0.5431,-0.7886,0.4921,-1,10,0.9,-0.5688,0.325,0,0,,,0.0677,-0.0252,,,,,,,,,,,,,,,,,pinnacle
spelad,ED,2022/23,2023-05-21,,Sparta Rotterdam,Cambuur,4,1,H,11,15,5,4,1.4518,1.5285,skott,,,,,,,,,,0.6968,0.1807,0.1225,0.6915,0.1827,0.1259,1,1.41,5.4,8.1,1.42,5.4,8.8,0.6049,0.6127,1.2665,-2.4615,1.3553,1,3,0,-0.2251,0.0594,0,0,,,-0.0142,-0.0028,,,,,,,,,,,,,,,,,pinnacle
spelad,ED,2022/23,2023-05-21,,Vitesse,Groningen,6,0,H,30,8,13,1,3.8576,0.6337,skott,,,,,,,,,,0.6674,0.1886,0.144,0.6691,0.1913,0.1396,1,1.47,5.2,7.5,1.47,5.1,7.62,0.5829,0.5865,0.7284,-0.5638,0.6539,0,11,0,-0.0787,-0.1808,0,0,,,0.0078,-0.0122,,,,,,,,,,,,,,,,,pinnacle
spelad,ED,2022/23,2023-05-21,,Waalwijk,Twente,0,5,A,4,20,2,12,0.5571,3.1056,skott,,,,,,,,,,0.2485,0.2234,0.5281,0.2277,0.218,0.5543,1,4,4.4,1.85,4.5,4.45,1.8,0.6557,0.6509,0.2534,0.3341,-0.0726,-1,7,0,0.4942,-0.0897,0,0,,,-0.0678,0.0074,,,,,,,,,,,,,,,,,pinnacle
spelad,ED,2022/23,2023-05-28,,AZ Alkmaar,PSV Eindhoven,1,2,A,9,7,6,2,1.4936,0.7346,skott,,,,,,,,,,0.3578,0.2561,0.3862,0.4052,0.2628,0.3319,1,2.72,4,2.55,2.55,3.74,3,0.6238,0.5793,-0.519,-0.2911,-0.2996,0,10,0.6,0.7954,-0.2362,0,0,,,0.1492,-0.0157,,,,,,,,,,,,,,,,,pinnacle
spelad,ED,2022/23,2023-05-28,,Cambuur,Waalwijk,4,0,H,21,10,9,4,2.6843,1.2325,skott,,,,,,,,,,0.2859,0.2282,0.486,0.3164,0.234,0.4496,1,3.5,4.26,2.02,3.4,4.22,2.21,0.6501,0.6735,-1.4246,2.0313,-0.8778,0,3,0,-0.0374,0.0678,0,0,,,0.0973,-0.0026,,,,,,,,,,,,,,,,,pinnacle
spelad,ED,2022/23,2023-05-28,,Feyenoord,Vitesse,0,1,A,27,14,9,7,3.0395,1.9497,skott,,,,,,,,,,0.7413,0.1483,0.1104,0.7025,0.1594,0.1381,1,1.32,6.5,9.5,1.4,6.3,7.5,0.7261,0.764,1.1152,-1.0036,0.6988,0,10,-0.3,-0.5501,0.0596,0,0,,,-0.1054,-0.008,,,,,,,,,,,,,,,,,pinnacle
spelad,ED,2022/23,2023-05-28,,For Sittard,Nijmegen,1,1,D,16,15,4,6,1.5877,1.8488,skott,,,,,,,,,,0.3717,0.2494,0.3789,0.3769,0.231,0.3921,1,2.63,3.94,2.6,2.64,4.21,2.54,0.621,0.6773,0.0021,-0.1902,0.1649,0,3,0,0.2124,0.0798,0,0,,,-0.0027,-0.0013,,,,,,,,,,,,,,,,,pinnacle
spelad,ED,2022/23,2023-05-28,,Groningen,Sparta Rotterdam,0,5,A,7,27,1,12,0.5745,3.5199,skott,,,,,,,,,,0.2938,0.2559,0.4502,0.3118,0.2501,0.4382,1,3.31,3.94,2.2,3.38,3.96,2.23,0.5722,0.5747,-1.4145,2.2076,-1.3355,0,9,0,0.0428,-0.1678,0,0,,,0.048,-0.0061,,,,,,,,,,,,,,,,,pinnacle
spelad,ED,2022/23,2023-05-28,,Heerenveen,Go Ahead Eagles,2,0,H,16,15,7,3,2.0681,1.3683,skott,,,,,,,,,,0.4671,0.2358,0.2971,0.4808,0.2509,0.2683,1,2.1,4.12,3.4,2.06,4.1,3.67,0.6161,0.5373,0.2959,-0.2371,0.1296,0,3,2,0.7895,0.0647,0,0,,,0.0562,-0.0122,,,,,,,,,,,,,,,,,pinnacle
spelad,ED,2022/23,2023-05-28,,Twente,Ajax,3,1,H,11,20,6,6,1.612,2.1447,skott,,,,,,,,,,0.2373,0.2114,0.5513,0.291,0.2371,0.4719,1,4.2,4.59,1.79,3.38,4.27,2.12,0.675,0.6868,0.1061,-0.8928,0.5163,0,8,-1.125,0.3387,0.2312,0,0,,,0.187,0.0112,,,,,,,,,,,,,,,,,pinnacle
spelad,ED,2022/23,2023-05-28,,Utrecht,FC Emmen,3,2,H,20,10,7,5,2.3049,1.3926,skott,,,,,,,,,,0.6226,0.2075,0.1698,0.7446,0.1489,0.1065,1,1.56,4.8,6,1.34,6.5,11,0.6093,0.7091,0.4975,-1.2646,0.1434,0,6,-1,-1.0172,-0.2096,0,0,,,0.3072,-0.0049,,,,,,,,,,,,,,,,,pinnacle
spelad,ED,2022/23,2023-05-28,,Volendam,Excelsior,3,2,H,28,19,9,8,3.0987,2.4058,skott,,,,,,,,,,0.5646,0.2111,0.2243,0.5311,0.2118,0.2571,1,1.77,4.6,4.35,1.84,4.9,4.3,0.6824,0.7223,-0.6482,1.4641,-0.4255,0,,,,,0,0,,,-0.0998,0.045,,,,,,,,,,,,,,,,,pinnacle
spelad,ED,2023/24,2023-08-11,,Volendam,Vitesse,1,2,A,4,13,4,9,0.8773,2.2108,skott,,,,,,,,,,0.2801,0.2505,0.4695,0.2539,0.2474,0.4987,1,3.6,3.92,2.11,4,4,1.98,0.6059,0.6093,-0.2155,0.8697,-0.2054,,,,,,0,0,,,-0.0816,0.0029,,,,,,,,,,,,,,,,,pinnacle
spelad,ED,2023/24,2023-08-12,,Ajax,Heracles,4,1,H,31,7,13,2,3.9168,0.7346,skott,,,,,,,,,,0.8127,0.1127,0.0746,0.7796,0.1322,0.0881,1,1.2,9,17,1.28,8.1,13,0.7084,0.7009,-0.0084,0.1451,-0.1949,,10,0.6,-0.8326,0.0775,-1,0,,,-0.0796,-0.0237,,,,,,,,,,,,,,,,,pinnacle
spelad,ED,2023/24,2023-08-12,,Heerenveen,Waalwijk,3,1,H,19,13,9,5,2.5659,1.5702,skott,,,,,,,,,,0.5455,0.2368,0.2177,0.6125,0.2189,0.1686,1,1.8,4.15,4.5,1.67,4.5,5.78,0.5945,0.6084,0.0574,-0.4009,0.3913,,7,0.4286,-0.3061,0.326,0,0,,,0.1831,-0.025,,,,,,,,,,,,,,,,,pinnacle
spelad,ED,2023/24,2023-08-12,,PSV Eindhoven,Utrecht,2,0,H,23,7,8,1,2.6426,0.5745,skott,,,,,,,,,,0.7087,0.1689,0.1224,0.7452,0.1557,0.0991,1,1.38,5.9,8.7,1.34,6.22,11.1,0.6452,0.6636,0.1693,0.0083,0.1057,,11,1.6364,0.2156,0.0501,0,0,,,0.0964,-0.0233,,,,,,,,,,,,,,,,,pinnacle
spelad,ED,2023/24,2023-08-12,,Zwolle,Sparta Rotterdam,1,2,A,20,9,7,4,2.3049,1.1733,skott,,,,,,,,,,0.388,0.2774,0.3346,0.3712,0.2686,0.3602,1,2.6,3.57,2.91,2.76,3.74,2.76,0.5385,0.5436,-0.8119,1.6822,-0.6372,,7,0,-0.0523,0.1542,1,0,,,-0.0591,-0.0025,,,,,,,,,,,,,,,,,pinnacle
spelad,ED,2023/24,2023-08-13,,Almere City,Twente,1,4,A,12,20,4,8,1.3509,2.465,skott,,,,,,,,,,0.171,0.2229,0.6061,0.1589,0.2306,0.6105,1,5.8,4.6,1.61,6.11,4.3,1.77,0.584,0.5448,,,,,,,,,1,0,,,-0.0288,0.0604,,,,,,,,,,,,,,,,,pinnacle
spelad,ED,2023/24,2023-08-13,,AZ Alkmaar,Go Ahead Eagles,5,1,H,13,9,8,4,2.0506,1.1733,skott,,,,,,,,,,0.7129,0.1802,0.1068,0.6282,0.2194,0.1524,1,1.41,5.5,9.01,1.55,4.75,7.5,0.594,0.5499,0.1178,-1.0797,0.0678,,4,3,0.8607,-0.2153,0,0,,,-0.2149,0.0126,,,,,,,,,,,,,,,,,pinnacle
spelad,ED,2023/24,2023-08-13,,Feyenoord,For Sittard,0,0,D,22,14,6,5,2.2631,1.6294,skott,,,,,,,,,,0.8255,0.1171,0.0574,0.8115,0.1309,0.0576,1,1.17,9.3,19,1.22,8.5,19,0.7299,0.6911,0.5012,-1.0465,0.3036,,10,1.5,-0.1596,-0.0566,0,0,,,-0.0282,-0.0001,,,,,,,,,,,,,,,,,pinnacle
spelad,ED,2023/24,2023-08-13,,Nijmegen,Excelsior,3,4,A,8,6,6,6,1.4344,1.316,skott,,,,,,,,,,0.6343,0.2039,0.1618,0.665,0.2014,0.1336,1,1.55,4.8,6.75,1.53,5,8.58,0.6127,0.6118,-0.6118,1.3944,-0.8911,,,,,,0,0,,,0.0895,-0.0211,,,,,,,,,,,,,,,,,pinnacle
spelad,ED,2023/24,2023-08-18,,Heracles,Nijmegen,2,1,H,16,17,7,4,2.0681,1.6469,skott,,,,,,,,,,0.3893,0.2644,0.3463,0.3648,0.2783,0.3568,1,2.51,3.76,2.82,2.75,3.62,2.75,0.591,0.5536,0.3955,-0.6382,0.6599,1,,,,,1,0,,,-0.0593,0.017,,,,,,,,,,,,,,,,,pinnacle
spelad,ED,2023/24,2023-08-19,,Excelsior,Ajax,2,2,D,13,15,2,8,1.0898,2.169,skott,,,,,,,,,,0.0958,0.1467,0.7575,0.1131,0.1544,0.7325,1,12,6.9,1.28,10,6.4,1.34,0.7358,0.6974,0.3638,-0.8931,0.7437,-1,6,-3,-0.2676,-0.1003,0,0,,,0.0596,-0.0046,,,,,,,,,,,,,,,,,pinnacle
spelad,ED,2023/24,2023-08-19,,For Sittard,Almere City,2,1,H,21,8,7,5,2.3641,1.2743,skott,,,,,,,,,,0.4936,0.245,0.2614,0.5169,0.2517,0.2314,1,1.98,4.1,4,1.88,4.1,4.5,0.5925,0.5573,,,,0,,,,,-1,0,,,0.0765,0.0104,,,,,,,,,,,,,,,,,pinnacle
spelad,ED,2023/24,2023-08-19,,Go Ahead Eagles,Volendam,4,1,H,8,19,6,5,1.4344,1.9254,skott,,,,,,,,,,0.5874,0.2164,0.1962,0.6586,0.1898,0.1515,1,1.7,4.5,5,1.53,5.1,7,0.597,0.6379,-0.0989,0.3337,-0.1121,-2,,,,,0,0,,,0.1871,-0.0279,,,,,,,,,,,,,,,,,pinnacle
spelad,ED,2023/24,2023-08-19,,Vitesse,PSV Eindhoven,1,3,A,12,19,2,7,1.0306,2.2457,skott,,,,,,,,,,0.1619,0.2095,0.6286,0.1837,0.2283,0.588,1,6.5,4.7,1.57,5.74,4.3,1.66,0.6093,0.59,-0.3443,0.0387,0.1462,1,12,-2,-0.3583,-0.0565,0,0,,,0.0843,0.0082,,,,,,,,,,,,,,,,,pinnacle
spelad,ED,2023/24,2023-08-20,,Sparta Rotterdam,Feyenoord,2,2,D,10,24,5,8,1.3926,2.7018,skott,,,,,,,,,,0.1875,0.2103,0.6022,0.1963,0.2229,0.5807,1,5.5,4.75,1.61,5.39,4.4,1.7,0.6015,0.5945,0.542,-1.0847,0.7926,1,9,-2.3333,-0.3583,0.037,0,0,,,0.039,0.0094,,,,,,,,,,,,,,,,,pinnacle
spelad,ED,2023/24,2023-08-20,,Twente,Zwolle,3,1,H,18,9,3,4,1.5459,1.1733,skott,,,,,,,,,,0.711,0.1724,0.1166,0.674,0.1863,0.1397,1,1.37,5.7,9.3,1.45,5.3,8.5,0.6229,0.6355,0.9195,-1.9878,0.6866,-1,7,1.2857,0.5609,-0.2627,-1,0,,,-0.0969,-0.0017,,,,,,,,,,,,,,,,,pinnacle
spelad,ED,2023/24,2023-08-20,,Utrecht,Heerenveen,0,2,A,12,12,6,6,1.6712,1.6712,skott,,,,,,,,,,0.5299,0.2532,0.2169,0.5245,0.2488,0.2267,1,1.86,4.1,4.5,1.88,4,4.71,0.5758,0.5793,0.515,-0.9475,0.4009,0,11,1.9091,0.5333,0.1219,0,0,,,-0.0206,-0.0195,,,,,,,,,,,,,,,,,pinnacle
spelad,ED,2023/24,2023-08-20,,Waalwijk,AZ Alkmaar,1,3,A,7,15,5,7,1.2151,2.0089,skott,,,,,,,,,,0.1916,0.2208,0.5876,0.1842,0.2248,0.5909,1,5.75,4.5,1.67,5.74,4.5,1.67,0.6161,0.598,-0.0996,1.4872,-0.4825,1,8,-0.75,0.5824,-0.1695,0,0,,,-0.0181,0.0131,,,,,,,,,,,,,,,,,pinnacle
spelad,ED,2023/24,2023-08-26,,Excelsior,For Sittard,2,2,D,9,13,6,5,1.4936,1.5702,skott,,,,,,,,,,0.3955,0.2595,0.345,0.3255,0.2638,0.4107,1,2.46,3.8,3,2.99,3.76,2.51,0.5758,0.566,0.4532,-1.0065,0.6092,0,4,-0.75,-0.2554,0.0029,0,0,,,-0.2056,0.03,,,,,,,,,,,,,,,,,pinnacle
spelad,ED,2023/24,2023-08-26,,Nijmegen,Waalwijk,3,0,H,13,10,10,1,2.3709,0.7521,skott,,,,,,,,,,0.5425,0.2258,0.2317,0.5734,0.2217,0.2049,1,1.81,4.33,4.33,1.73,4.4,5,0.6049,0.6015,-0.3007,0.3251,-0.2598,2,4,0.75,0.2098,-0.0255,0,0,,,0.0887,-0.0269,,,,,,,,,,,,,,,,,pinnacle
spelad,ED,2023/24,2023-08-27,,Feyenoord,Almere City,6,1,H,31,6,18,1,4.7175,0.5153,skott,,,,,,,,,,0.8353,0.1058,0.0589,0.8507,0.0985,0.0508,1,1.17,9.5,18,1.16,10.1,19.5,0.72,0.7435,,,,-1,,,,,-1,0,,,0.0388,-0.0342,,,,,,,,,,,,,,,,,pinnacle
spelad,ED,2023/24,2023-08-27,,Heerenveen,Sparta Rotterdam,1,3,A,19,16,6,7,2.0855,2.0681,skott,,,,,,,,,,0.4138,0.2566,0.3296,0.429,0.2618,0.3092,1,2.35,3.89,3.04,2.28,3.91,3.2,0.566,0.5524,-0.315,1.562,-0.1705,0,9,0.3333,-0.0777,0.1813,0,0,,,0.0509,0.0001,,,,,,,,,,,,,,,,,pinnacle
spelad,ED,2023/24,2023-08-27,,Zwolle,Utrecht,1,0,H,9,10,2,1,0.853,0.7521,skott,,,,,,,,,,0.3403,0.2541,0.4055,0.3487,0.2527,0.3987,1,2.89,3.86,2.41,2.95,4.17,2.47,0.5854,0.6059,-1.033,1.3984,-0.2778,0,10,-0.9,-0.1923,0.2598,1,0,,,0.0236,-0.0037,,,,,,,,,,,,,,,,,pinnacle
spelad,ED,2023/24,2023-09-01,,Sparta Rotterdam,Nijmegen,1,1,D,15,13,6,6,1.8488,1.7304,skott,,,,,,,,,,0.5106,0.2533,0.2361,0.4702,0.2638,0.266,1,1.95,4,4.11,2.1,3.8,3.88,0.5623,0.5487,0.9766,-1.8933,1.0737,-1,4,0.75,0.1066,0.4631,0,0,,,-0.1107,-0.0033,,,,,,,,,,,,,,,,,pinnacle
spelad,ED,2023/24,2023-09-02,,Almere City,Zwolle,1,2,A,10,13,3,6,1.0724,1.7304,skott,,,,,,,,,,0.2983,0.2657,0.436,0.3355,0.2673,0.3972,1,3.28,3.76,2.25,3,3.72,2.46,0.5768,0.5768,,,,0,,,,,0,0,,,0.1134,-0.0091,,,,,,,,,,,,,,,,,pinnacle
spelad,ED,2023/24,2023-09-02,,Go Ahead Eagles,Heerenveen,3,2,H,21,13,7,3,2.3641,1.2499,skott,,,,,,,,,,0.4406,0.2589,0.3005,0.481,0.2577,0.2612,1,2.28,3.8,3.26,2.14,3.84,3.8,0.5804,0.5623,-0.1897,0.6562,-0.1226,7,4,-2.25,-0.9046,-0.0142,0,0,,,0.1203,-0.0239,,,,,,,,,,,,,,,,,pinnacle
spelad,ED,2023/24,2023-09-02,,Heracles,Excelsior,3,1,H,15,9,5,3,1.6886,1.0132,skott,,,,,,,,,,0.5282,0.2479,0.2239,0.5309,0.2472,0.2218,1,1.85,4.09,4.4,1.83,4.13,4.5,0.5945,0.6005,-0.2457,1.043,-0.5466,7,4,0,-0.2344,0.2458,1,0,,,0.0076,-0.0042,,,,,,,,,,,,,,,,,pinnacle
spelad,ED,2023/24,2023-09-02,,Waalwijk,PSV Eindhoven,0,4,A,10,22,3,9,1.0724,2.7435,skott,,,,,,,,,,0.1162,0.172,0.7118,0.0946,0.1511,0.7543,1,9,5.85,1.37,10.5,6.62,1.3,0.6967,0.744,-1.1593,1.5064,-1.2236,-7,7,-3,-0.4059,-0.1462,0,0,,,-0.0858,0.0098,,,,,,,,,,,,,,,,,pinnacle
spelad,ED,2023/24,2023-09-03,,For Sittard,Ajax,0,0,D,12,12,4,4,1.3509,1.3509,skott,,,,,,,,,,0.1312,0.176,0.6927,0.2016,0.2245,0.5739,1,7.5,5.7,1.41,5.75,4.75,1.69,0.675,0.604,0.2246,-0.8781,0.4786,-7,9,-3,-0.2443,-0.0922,0,0,,,0.2597,-0.0354,,,,,,,,,,,,,,,,,pinnacle
spelad,ED,2023/24,2023-09-03,,Utrecht,Feyenoord,1,5,A,5,21,1,11,0.4561,3.0046,skott,,,,,,,,,,0.1985,0.2133,0.5882,0.2079,0.2254,0.5667,1,5,4.7,1.67,4.66,4.4,1.73,0.6437,0.6214,0.0082,-0.0341,-0.0206,0,12,-1,-0.2054,0.1005,0,0,,,0.0405,0.0243,,,,,,,,,,,,,,,,,pinnacle
spelad,ED,2023/24,2023-09-03,,Vitesse,AZ Alkmaar,0,2,A,4,16,2,7,0.5571,2.0681,skott,,,,,,,,,,0.2688,0.2541,0.4771,0.3287,0.2725,0.3988,1,3.75,3.9,2.05,3.08,3.7,2.47,0.5674,0.5436,-0.1927,0.9766,-0.0912,1,11,-0.8182,-0.1837,0.1097,0,0,,,0.198,0.0111,,,,,,,,,,,,,,,,,pinnacle
spelad,ED,2023/24,2023-09-03,,Volendam,Twente,0,2,A,7,12,2,4,0.7346,1.3509,skott,,,,,,,,,,0.1857,0.2121,0.6021,0.1476,0.1916,0.6608,1,5.5,4.65,1.62,6.8,5.2,1.5,0.6549,0.6644,-0.8414,2.3382,-0.4834,1,,,,,0,0,,,-0.1348,0.0106,,,,,,,,,,,,,,,,,pinnacle
spelad,ED,2023/24,2023-09-16,,Feyenoord,Heerenveen,6,1,H,21,7,9,1,2.6843,0.5745,skott,,,,,,,,,,0.7799,0.1416,0.0786,0.8051,0.1302,0.0647,1,1.25,7.3,13,1.22,9.39,18,0.6996,0.7316,-0.3872,0.1722,-0.585,-1,12,1.75,0.1745,0.0454,0,0,,,0.0644,0.0119,,,,,,,,,,,,,,,,,pinnacle
spelad,ED,2023/24,2023-09-16,,For Sittard,Volendam,3,1,H,27,7,11,2,3.3598,0.7346,skott,,,,,,,,,,0.5848,0.2206,0.1945,0.6604,0.1957,0.1438,1,1.67,4.5,5.25,1.51,5,7.54,0.6171,0.6238,0.3641,-1.2793,0.2602,0,,,,,0,0,,,0.202,-0.0106,,,,,,,,,,,,,,,,,pinnacle
spelad,ED,2023/24,2023-09-16,,Heracles,Utrecht,1,3,A,11,11,1,7,0.8113,1.7721,skott,,,,,,,,,,0.3805,0.2691,0.3504,0.3512,0.2688,0.38,1,2.6,3.7,2.78,2.92,3.69,2.57,0.5598,0.566,0.0522,0.097,0.3713,1,9,-1,-0.0838,-0.0149,1,0,,,-0.0882,-0.0043,,,,,,,,,,,,,,,,,pinnacle
spelad,ED,2023/24,2023-09-16,,PSV Eindhoven,Nijmegen,4,0,H,28,3,11,0,3.419,0.1776,skott,,,,,,,,,,0.8254,0.1131,0.0615,0.8398,0.1059,0.0543,1,1.18,9,17,1.19,9.5,19,0.7194,0.742,1.3546,-1.2667,1.3946,-1,4,3,0.6086,-0.1522,0,0,,,0.0361,-0.0329,,,,,,,,,,,,,,,,,pinnacle
spelad,ED,2023/24,2023-09-16,,Vitesse,Waalwijk,0,2,A,16,18,2,9,1.2674,2.5068,skott,,,,,,,,,,0.6339,0.2042,0.1619,0.6261,0.2138,0.1601,1,1.55,4.8,6.5,1.57,4.8,6.5,0.6204,0.6214,0.386,-1.2112,0.6141,-1,7,0.4286,-0.2796,0.0523,0,0,,,-0.0138,-0.0001,,,,,,,,,,,,,,,,,pinnacle
spelad,ED,2023/24,2023-09-17,,AZ Alkmaar,Sparta Rotterdam,2,0,H,18,10,7,3,2.1865,1.0724,skott,,,,,,,,,,0.632,0.2102,0.1577,0.6422,0.216,0.1418,1,1.56,4.7,6.5,1.52,4.75,8.13,0.5854,0.541,-0.173,0.1577,0.1808,-2,10,1.2,-0.0447,-0.0207,0,0,,,0.0364,-0.0062,,,,,,,,,,,,,,,,,pinnacle
spelad,ED,2023/24,2023-09-17,,Excelsior,Almere City,0,0,D,14,16,2,3,1.149,1.4275,skott,,,,,,,,,,0.4611,0.2391,0.2998,0.476,0.2458,0.2782,1,2.11,4.1,3.4,2.06,4,3.71,0.603,0.5945,,,,0,,,,,-1,0,,,0.0513,-0.0128,,,,,,,,,,,,,,,,,pinnacle
spelad,ED,2023/24,2023-09-17,,Twente,Ajax,3,1,H,24,11,9,2,2.8619,0.9714,skott,,,,,,,,,,0.3775,0.2618,0.3607,0.394,0.2704,0.3356,1,2.65,3.78,2.75,2.57,3.77,3,0.589,0.5768,1.2499,-2.594,1.3217,0,9,-0.6667,0.5111,0.1792,0,0,,,0.0582,0.0075,,,,,,,,,,,,,,,,,pinnacle
spelad,ED,2023/24,2023-09-17,,Zwolle,Go Ahead Eagles,1,1,D,27,9,11,2,3.3598,0.853,skott,,,,,,,,,,0.397,0.271,0.332,0.4055,0.2734,0.3212,1,2.5,3.7,2.93,2.46,3.6,3.06,0.5722,0.5685,-0.8398,0.966,-0.327,0,,,,,1,0,,,0.0277,-0.0186,,,,,,,,,,,,,,,,,pinnacle
spelad,ED,2023/24,2023-09-22,,Go Ahead Eagles,For Sittard,3,0,H,20,21,9,2,2.6251,1.5634,skott,,,,,,,,,,0.4303,0.2629,0.3068,0.4087,0.2702,0.3211,1,2.28,3.8,3.25,2.38,3.82,3.15,0.5536,0.541,0.2492,-0.1844,-0.1079,-1,4,1.5,0.7257,-0.2659,0,0,,,-0.0575,0.013,,,,,,,,,,,,,,,,,pinnacle
spelad,ED,2023/24,2023-09-23,,Almere City,PSV Eindhoven,0,4,A,9,20,2,9,0.853,2.6251,skott,,,,,,,,,,0.0716,0.1308,0.7976,0.0716,0.1323,0.7961,1,17,8.5,1.22,15,8.28,1.23,0.7009,0.7043,-1.1833,1.0699,-1.1569,-1,,,,,1,0,,,0.0013,0.0138,,,,,,,,,,,,,,,,,pinnacle
spelad,ED,2023/24,2023-09-23,,Heerenveen,Excelsior,0,3,A,9,7,2,4,0.853,1.0549,skott,,,,,,,,,,0.5808,0.218,0.2012,0.5819,0.2218,0.1963,1,1.69,4.5,5,1.72,4.45,5.25,0.6214,0.6152,0.1564,0.298,-0.0891,1,6,1,0.0116,0.0962,0,0,,,0.007,-0.0124,,,,,,,,,,,,,,,,,pinnacle
spelad,ED,2023/24,2023-09-23,,Nijmegen,Utrecht,3,0,H,9,17,5,4,1.3334,1.6469,skott,,,,,,,,,,0.3646,0.2653,0.3701,0.4036,0.2732,0.3232,1,2.75,3.71,2.65,2.63,3.6,3.1,0.5758,0.5347,-0.5128,0.4904,-0.359,0,4,-1.5,-0.5083,0.2442,0,0,,,0.125,-0.0271,,,,,,,,,,,,,,,,,pinnacle
spelad,ED,2023/24,2023-09-23,,Volendam,Heracles,2,2,D,16,15,6,5,1.9079,1.6886,skott,,,,,,,,,,0.3399,0.2551,0.405,0.3321,0.2542,0.4137,1,2.88,3.86,2.45,3.06,3.92,2.37,0.597,0.5854,-0.317,0.9104,0.0891,0,,,,,-1,0,,,-0.0243,-0.0079,,,,,,,,,,,,,,,,,pinnacle
spelad,ED,2023/24,2023-09-24,,Sparta Rotterdam,Vitesse,1,0,H,17,6,5,0,1.807,0.3552,skott,,,,,,,,,,0.5083,0.2483,0.2433,0.4507,0.2758,0.2735,1,1.95,4,4,2.16,3.71,3.87,0.5536,0.5039,0.3625,-0.9193,0.4756,-1,9,0.6667,0.6918,-0.1513,0,0,,,-0.1454,0.0215,,,,,,,,,,,,,,,,,pinnacle
spelad,ED,2023/24,2023-09-24,,Waalwijk,Twente,1,0,H,9,7,3,2,1.0132,0.7346,skott,,,,,,,,,,0.1638,0.2114,0.6247,0.1608,0.2054,0.6338,1,6,4.7,1.56,6.5,4.9,1.55,0.6396,0.6651,-1.4817,3.2438,-1.59,1,8,-0.375,0.3198,-0.1057,0,0,,,-0.0151,0.0136,,,,,,,,,,,,,,,,,pinnacle
spelad,ED,2023/24,2023-09-24,,Zwolle,AZ Alkmaar,0,3,A,7,15,3,5,0.8948,1.6886,skott,,,,,,,,,,0.2029,0.243,0.5541,0.2099,0.2411,0.549,1,4.9,4.35,1.78,4.75,4.2,1.8,0.5573,0.5561,-1.2279,2.3629,-0.7772,0,10,-0.9,0.0948,0.2956,1,0,,,0.0191,0.0034,,,,,,,,,,,,,,,,,pinnacle
spelad,ED,2023/24,2023-09-27,,Ajax,Feyenoord,0,4,A,9,14,2,7,0.853,1.9497,skott,,,,,,,,,,0.3412,0.2519,0.4069,0.2995,0.2458,0.4548,1,2.86,3.94,2.43,3.3,3.96,2.22,0.6214,0.6413,-0.1359,1.0125,-0.3645,-1,11,1.6364,0.3218,-0.124,0,0,,,-0.1314,0.0387,,,,,,,,,,,,,,,,,pinnacle
spelad,ED,2023/24,2023-09-27,,PSV Eindhoven,Go Ahead Eagles,3,0,H,23,9,11,2,3.123,0.853,skott,,,,,,,,,,0.8231,0.1119,0.065,0.8397,0.1013,0.059,1,1.18,9,17,1.17,11,18,0.7206,0.7804,0.1814,-0.3668,0.146,-1,4,3,0.6144,-0.1669,0,0,,,0.0393,-0.0107,,,,,,,,,,,,,,,,,pinnacle
spelad,ED,2023/24,2023-09-27,,Twente,Vitesse,1,0,H,18,10,5,3,1.8662,1.0724,skott,,,,,,,,,,0.6917,0.1888,0.1196,0.7129,0.1812,0.1058,1,1.42,5.3,8.5,1.43,5.5,9.5,0.6084,0.6049,0.4133,-0.7688,0.7501,0,10,0,0.1268,-0.0596,0,0,,,0.0562,-0.0327,,,,,,,,,,,,,,,,,pinnacle
spelad,ED,2023/24,2023-09-28,,AZ Alkmaar,Heracles,1,1,D,21,4,7,2,2.3641,0.5571,skott,,,,,,,,,,0.7597,0.1498,0.0905,0.7992,0.1339,0.0669,1,1.3,6.6,11,1.25,7.6,15,0.6476,0.6533,0.809,-1.7126,1.1118,-1,9,1.6667,0.208,-0.1968,-1,0,,,0.1026,-0.0429,,,,,,,,,,,,,,,,,pinnacle
spelad,ED,2023/24,2023-09-30,,Feyenoord,Go Ahead Eagles,3,1,H,29,7,9,3,3.1579,0.8948,skott,,,,,,,,,,0.8335,0.1055,0.061,0.8325,0.1069,0.0606,1,1.17,9.6,19,1.18,9.3,18,0.7425,0.7379,-0.6636,0.1136,-0.3963,0,4,3,0.6481,-0.1589,0,0,,,-0.0015,-0.0123,,,,,,,,,,,,,,,,,pinnacle
spelad,ED,2023/24,2023-09-30,,PSV Eindhoven,Volendam,3,1,H,38,2,17,1,4.9718,0.2785,skott,,,,,,,,,,0.9082,0.0607,0.031,0.9393,0.0377,0.023,1,1.07,17,37,1.05,26,56,0.8355,0.8703,0.9117,-1.7545,0.6066,-4,,,,,0,0,,,0.0701,-0.0277,,,,,,,,,,,,,,,,,pinnacle
spelad,ED,2023/24,2023-09-30,,Twente,Heerenveen,1,0,H,11,5,3,1,1.1316,0.4561,skott,,,,,,,,,,0.7134,0.1687,0.1179,0.7468,0.1643,0.0889,1,1.36,6,10.5,1.36,5.92,12.5,0.6509,0.5945,0.7848,-1.5487,0.6953,-4,10,-0.6,-0.4235,0.137,0,0,,,0.0958,-0.0499,,,,,,,,,,,,,,,,,pinnacle
spelad,ED,2023/24,2023-09-30,,Utrecht,Almere City,0,2,A,11,17,2,5,0.9714,1.807,skott,,,,,,,,,,0.6229,0.209,0.1681,0.6167,0.22,0.1633,1,1.58,4.7,6.1,1.6,4.6,6.25,0.5945,0.59,0.2356,-0.1714,0.0906,0,,,,,-1,0,,,-0.0076,0.002,,,,,,,,,,,,,,,,,pinnacle
spelad,ED,2023/24,2023-10-01,,AZ Alkmaar,For Sittard,4,0,H,12,8,7,1,1.8313,0.6337,skott,,,,,,,,,,0.6975,0.1782,0.1243,0.6927,0.1869,0.1205,1,1.4,5.6,9.5,1.4,5.6,9.37,0.6108,0.59,0.5122,-1.3526,0.4654,-6,9,2.6667,0.5139,-0.0649,0,0,,,-0.0058,0.0163,,,,,,,,,,,,,,,,,pinnacle
spelad,ED,2023/24,2023-10-01,,Excelsior,Sparta Rotterdam,2,1,H,15,9,7,5,2.0089,1.3334,skott,,,,,,,,,,0.2708,0.2708,0.4585,0.3071,0.275,0.4178,1,3.64,3.78,2.14,3.62,3.72,2.33,0.5499,0.5193,-0.4077,0.3692,-0.2935,1,4,-0.75,-0.1309,-0.0105,0,0,,,0.1134,-0.0305,,,,,,,,,,,,,,,,,pinnacle
spelad,ED,2023/24,2023-10-01,,Heracles,Zwolle,2,1,H,13,13,6,5,1.7304,1.5702,skott,,,,,,,,,,0.4246,0.2545,0.3209,0.3986,0.2636,0.3377,1,2.3,3.87,3.2,2.49,3.77,3.05,0.5945,0.591,0.7027,-1.2704,0.0682,-4,9,0.3333,0.1059,-0.0423,0,0,,,-0.0687,0,,,,,,,,,,,,,,,,,pinnacle
spelad,ED,2023/24,2023-10-01,,Nijmegen,Vitesse,1,3,A,9,10,5,5,1.3334,1.3926,skott,,,,,,,,,,0.4442,0.2547,0.3012,0.4285,0.2665,0.3049,1,2.2,3.85,3.26,2.28,3.77,3.77,0.5623,0.5347,-0.2417,0.3537,-0.1709,4,4,-2.25,-0.9771,-0.0253,0,0,,,-0.0351,0.0372,,,,,,,,,,,,,,,,,pinnacle
spelad,ED,2023/24,2023-10-06,,Volendam,Utrecht,1,0,H,15,7,5,3,1.6886,0.8948,skott,,,,,,,,,,0.2467,0.2292,0.5241,0.2293,0.2245,0.5462,1,4,4.23,1.91,4.24,4.33,1.91,0.6271,0.6295,-0.0227,-0.5269,0.339,0,,,,,0,0,,,-0.0569,0.0355,,,,,,,,,,,,,,,,,pinnacle
spelad,ED,2023/24,2023-10-07,,Almere City,Waalwijk,1,0,H,18,13,6,4,2.0263,1.4101,skott,,,,,,,,,,0.4105,0.2482,0.3413,0.4193,0.2608,0.32,1,2.39,3.96,2.88,2.34,3.85,3.04,0.6093,0.5722,-0.1998,-0.5686,-0.108,-6,,,,,1,0,,,0.0389,-0.0069,,,,,,,,,,,,,,,,,pinnacle
spelad,ED,2023/24,2023-10-07,,Go Ahead Eagles,Heracles,4,0,H,22,17,13,8,3.3841,2.2874,skott,,,,,,,,,,0.5279,0.2358,0.2363,0.5222,0.2392,0.2386,1,1.85,4.2,4.2,1.87,4.2,4.33,0.6005,0.5935,0.1033,-0.3028,-0.0206,1,,,,,-1,0,,,-0.0138,0.0099,,,,,,,,,,,,,,,,,pinnacle
spelad,ED,2023/24,2023-10-07,,Heerenveen,Nijmegen,1,1,D,18,9,7,3,2.1865,1.0132,skott,,,,,,,,,,0.4461,0.2628,0.2911,0.4628,0.2745,0.2627,1,2.2,3.85,3.35,2.16,3.62,3.75,0.5649,0.4961,0.2286,0.4709,0.2837,1,4,0,-0.2024,0.2323,0,0,,,0.062,-0.0219,,,,,,,,,,,,,,,,,pinnacle
spelad,ED,2023/24,2023-10-07,,Vitesse,Excelsior,0,0,D,21,11,7,5,2.3641,1.4518,skott,,,,,,,,,,0.5464,0.2316,0.222,0.5274,0.2426,0.23,1,1.8,4.33,4.7,1.9,4.3,4.5,0.5722,0.5561,-0.094,0.2669,-0.5389,0,6,-0.5,-0.8044,-0.0486,0,0,,,-0.0459,0.0125,,,,,,,,,,,,,,,,,pinnacle
spelad,ED,2023/24,2023-10-08,,Ajax,AZ Alkmaar,1,2,A,6,12,1,4,0.5153,1.3509,skott,,,,,,,,,,0.4299,0.2441,0.326,0.3602,0.26,0.3798,1,2.28,4,3,2.7,3.86,2.82,0.6204,0.5722,-0.6035,1.7965,-0.9791,4,12,0,-0.562,-0.0436,0,0,,,-0.1933,0.0397,,,,,,,,,,,,,,,,,pinnacle
spelad,ED,2023/24,2023-10-08,,For Sittard,Twente,0,3,A,3,15,1,6,0.3377,1.8488,skott,,,,,,,,,,0.2459,0.2536,0.5006,0.2022,0.2402,0.5577,1,3.95,4,1.97,4.8,4.27,1.92,0.5536,0.5499,-1.0337,1.4982,-0.6141,-1,7,-0.4286,0.3414,-0.2379,0,0,,,-0.1445,0.0432,,,,,,,,,,,,,,,,,pinnacle
spelad,ED,2023/24,2023-10-08,,Sparta Rotterdam,PSV Eindhoven,0,4,A,8,30,3,11,0.954,3.5374,skott,,,,,,,,,,0.111,0.1775,0.7115,0.1199,0.171,0.7091,1,9,5.6,1.37,8.5,5.68,1.41,0.6304,0.6743,-0.3177,0.012,-0.2136,-1,9,-2.3333,-0.3855,0.031,0,0,,,0.0204,0.0207,,,,,,,,,,,,,,,,,pinnacle
spelad,ED,2023/24,2023-10-08,,Zwolle,Feyenoord,0,2,A,4,13,1,5,0.3969,1.5702,skott,,,,,,,,,,0.1042,0.1605,0.7352,0.0883,0.1512,0.7606,1,10,6.2,1.32,11,6.5,1.34,0.6982,0.7037,-0.4944,1.6222,-0.1059,-1,10,-2.1,-0.2251,-0.0928,1,0,,,-0.0572,0.0269,,,,,,,,,,,,,,,,,pinnacle
spelad,ED,2023/24,2023-10-21,,AZ Alkmaar,Heerenveen,3,0,H,11,9,3,3,1.1316,1.0132,skott,,,,,,,,,,0.7501,0.1571,0.0929,0.7098,0.1801,0.1101,1,1.31,6.2,11.5,1.39,5.41,8.83,0.6204,0.59,0.997,-1.8944,1.1455,-1,12,1.75,0.4262,-0.1414,0,0,,,-0.0978,-0.0347,,,,,,,,,,,,,,,,,pinnacle
spelad,ED,2023/24,2023-10-21,,Feyenoord,Vitesse,4,0,H,23,4,8,1,2.6426,0.3969,skott,,,,,,,,,,0.8383,0.1068,0.0549,0.8587,0.0943,0.0469,1,1.16,9.5,22,1.15,10.4,26,0.6989,0.7299,0.3348,-0.9697,0.6469,-1,11,-0.5455,-0.7062,0.0397,0,0,,,0.0488,-0.0216,,,,,,,,,,,,,,,,,pinnacle
spelad,ED,2023/24,2023-10-21,,Nijmegen,Almere City,1,1,D,12,14,4,2,1.3509,1.149,skott,,,,,,,,,,0.5141,0.2517,0.2341,0.5084,0.2582,0.2334,1,1.9,3.95,4.4,1.92,3.89,4.2,0.5536,0.5487,-0.0348,-0.6855,-0.3853,0,,,,,-1,0,,,-0.0108,0.0031,,,,,,,,,,,,,,,,,pinnacle
spelad,ED,2023/24,2023-10-21,,PSV Eindhoven,For Sittard,3,1,H,18,2,6,1,2.0263,0.2785,skott,,,,,,,,,,0.8763,0.0784,0.0453,0.8453,0.099,0.0556,1,1.12,13,26,1.18,11,19,0.76,0.7379,0.6134,-1.4841,0.5649,0,9,2.6667,0.2805,-0.0236,0,0,,,-0.0722,-0.0393,,,,,,,,,,,,,,,,,pinnacle
spelad,ED,2023/24,2023-10-21,,Waalwijk,Volendam,2,1,H,10,11,4,3,1.2325,1.1316,skott,,,,,,,,,,0.5645,0.2097,0.2258,0.5512,0.2288,0.22,1,1.73,4.7,4.6,1.77,4.5,4.86,0.632,0.6152,-0.052,0.8052,-0.1212,-1,,,,,0,0,,,-0.0208,0.0154,,,,,,,,,,,,,,,,,pinnacle
spelad,ED,2023/24,2023-10-22,,Excelsior,Zwolle,2,4,A,18,11,6,6,2.0263,1.612,skott,,,,,,,,,,0.3958,0.2628,0.3414,0.4212,0.2501,0.3287,1,2.5,4,2.86,2.4,4.28,3.06,0.5652,0.5925,1.0034,-1.7701,0.867,1,4,-2.25,-0.8256,-0.0134,-1,0,,,0.0635,-0.004,,,,,,,,,,,,,,,,,pinnacle
spelad,ED,2023/24,2023-10-22,,Go Ahead Eagles,Sparta Rotterdam,0,0,D,16,15,6,6,1.9079,1.8488,skott,,,,,,,,,,0.4418,0.262,0.2963,0.4716,0.2577,0.2706,1,2.25,3.8,3.31,2.1,4.07,3.59,0.5499,0.5732,0.228,-0.6093,0.2131,1,4,-1.5,-0.43,-0.292,0,0,,,0.0854,-0.0121,,,,,,,,,,,,,,,,,pinnacle
spelad,ED,2023/24,2023-10-22,,Heracles,Twente,2,2,D,16,17,3,5,1.4275,1.807,skott,,,,,,,,,,0.1805,0.2238,0.5958,0.1604,0.2075,0.6321,1,5.6,4.4,1.64,6.53,4.68,1.59,0.5732,0.5829,-0.389,0.6619,-0.3168,1,7,0,0.0483,0.1613,1,0,,,-0.0766,0.0197,,,,,,,,,,,,,,,,,pinnacle
spelad,ED,2023/24,2023-10-22,,Utrecht,Ajax,4,3,H,14,11,8,6,2.1098,1.612,skott,,,,,,,,,,0.263,0.2367,0.5003,0.257,0.2472,0.4957,1,3.9,4.2,1.95,4.27,4.03,1.97,0.6214,0.6005,-0.1176,0.0466,-0.2001,2,11,-1.3636,0.2024,0.0204,0,0,,,-0.0074,-0.0077,,,,,,,,,,,,,,,,,pinnacle
spelad,ED,2023/24,2023-10-27,,Vitesse,Zwolle,1,1,D,29,5,12,2,3.6383,0.6163,skott,,,,,,,,,,0.4744,0.2614,0.2642,0.4439,0.2642,0.2919,1,2.08,3.83,3.76,2.19,3.88,3.62,0.5561,0.5768,-0.2395,-0.2296,-0.7893,1,10,1.5,0.3737,-0.1403,-1,0,,,-0.0886,0.0236,,,,,,,,,,,,,,,,,pinnacle
spelad,ED,2023/24,2023-10-28,,Almere City,Go Ahead Eagles,0,0,D,12,9,1,3,0.8705,1.0132,skott,,,,,,,,,,0.3475,0.271,0.3815,0.3111,0.2728,0.4161,1,2.82,3.7,2.6,3.13,3.69,2.41,0.5561,0.5561,-0.661,1.5007,-0.305,1,,,,,1,0,,,-0.1073,0.0408,,,,,,,,,,,,,,,,,pinnacle
spelad,ED,2023/24,2023-10-28,,For Sittard,Utrecht,0,0,D,12,12,6,3,1.6712,1.1907,skott,,,,,,,,,,0.3873,0.2642,0.3485,0.4092,0.2767,0.3141,1,2.52,3.85,2.81,2.38,3.66,3.14,0.5747,0.5347,0.2754,-0.0275,0.5656,1,9,-1,0.0387,0.2355,0,0,,,0.078,0.0026,,,,,,,,,,,,,,,,,pinnacle
spelad,ED,2023/24,2023-10-28,,Heerenveen,Heracles,3,0,H,18,9,9,3,2.5068,1.0132,skott,,,,,,,,,,0.4911,0.2474,0.2614,0.5578,0.2339,0.2083,1,2,3.97,3.75,1.8,4.3,4.7,0.5696,0.5649,-0.9764,1.3972,-0.8683,1,10,0,-0.0596,-0.053,-1,0,,,0.1865,-0.0286,,,,,,,,,,,,,,,,,pinnacle
spelad,ED,2023/24,2023-10-28,,Sparta Rotterdam,Waalwijk,2,0,H,15,11,4,3,1.5285,1.1316,skott,,,,,,,,,,0.5547,0.2427,0.2026,0.5449,0.2456,0.2095,1,1.81,4.1,4.8,1.8,4,4.83,0.555,0.5561,-0.0527,-0.5139,-0.2269,-1,8,1.125,0.2405,0.1173,0,0,,,-0.0263,-0.0123,,,,,,,,,,,,,,,,,pinnacle
spelad,ED,2023/24,2023-10-29,,PSV Eindhoven,Ajax,5,2,H,26,16,9,7,2.9803,2.0681,skott,,,,,,,,,,0.7372,0.1548,0.108,0.7488,0.1526,0.0987,1,1.35,6.4,9.3,1.32,6.69,10.5,0.7103,0.714,1.1792,-1.6599,1.6196,1,12,-0.25,0.2243,0.0208,0,0,,,0.0324,-0.0153,,,,,,,,,,,,,,,,,pinnacle
spelad,ED,2023/24,2023-10-29,,Twente,Feyenoord,2,1,H,12,11,5,6,1.511,1.612,skott,,,,,,,,,,0.3069,0.2608,0.4323,0.266,0.2568,0.4772,1,3.2,3.8,2.25,3.88,3.87,2.05,0.5758,0.5685,0.2535,0.6265,-0.1598,-1,9,-1,-0.0302,0.2266,0,0,,,-0.1266,0.0086,,,,,,,,,,,,,,,,,pinnacle
spelad,ED,2023/24,2023-10-29,,Volendam,Excelsior,3,1,H,20,10,12,2,3.1056,0.9122,skott,,,,,,,,,,0.3514,0.2496,0.399,0.3715,0.2555,0.373,1,2.8,3.96,2.45,2.77,3.91,2.62,0.6186,0.6005,-0.5214,0.4832,-0.4124,1,,,,,0,0,,,0.0662,-0.0109,,,,,,,,,,,,,,,,,pinnacle
spelad,ED,2023/24,2023-11-02,,Ajax,Volendam,2,0,H,30,7,10,3,3.3772,0.8948,skott,,,,,,,,,,0.7362,0.1502,0.1136,0.798,0.1152,0.0868,1,1.32,6.7,10,1.25,8.38,12,0.7327,0.7935,-0.2461,0.5458,-1.0349,0,,,,,0,0,,,0.1505,-0.0408,,,,,,,,,,,,,,,,,pinnacle
spelad,ED,2023/24,2023-11-04,,Excelsior,AZ Alkmaar,1,1,D,15,11,5,4,1.6886,1.2917,skott,,,,,,,,,,0.1242,0.1877,0.6881,0.1065,0.1746,0.7189,1,8.5,5.3,1.43,9.2,5.56,1.39,0.6195,0.6337,-0.7757,0.998,-0.8315,-7,6,0,0.962,-0.1701,0,0,,,-0.0662,0.0365,,,,,,,,,,,,,,,,,pinnacle
spelad,ED,2023/24,2023-11-04,,Go Ahead Eagles,Vitesse,5,1,H,22,13,14,3,3.5442,1.2499,skott,,,,,,,,,,0.4961,0.2487,0.2552,0.481,0.2557,0.2633,1,1.99,3.94,4,2.11,3.8,4,0.5573,0.5587,0.7457,-1.4146,0.8478,-1,4,-0.75,-0.2046,-0.0183,0,0,,,-0.0383,-0.0163,,,,,,,,,,,,,,,,,pinnacle
spelad,ED,2023/24,2023-11-04,,Heracles,PSV Eindhoven,0,6,A,7,34,1,11,0.5745,3.7741,skott,,,,,,,,,,0.0785,0.131,0.7904,0.0838,0.1216,0.7947,1,13,7.7,1.23,15,8.2,1.25,0.7485,0.7384,-0.3927,0.9984,-0.4483,1,9,-2.6667,-0.3783,-0.0487,0,0,,,0.0062,0.0057,,,,,,,,,,,,,,,,,pinnacle
spelad,ED,2023/24,2023-11-04,,Waalwijk,Feyenoord,1,2,A,5,27,1,12,0.4561,3.5199,skott,,,,,,,,,,0.0726,0.1287,0.7987,0.0656,0.1077,0.8267,1,15,7.9,1.22,17,8.98,1.21,0.7167,0.7415,-0.2384,1.7227,-0.16,1,7,-2.1429,-0.1267,0.1391,0,0,,,-0.0418,0.0198,,,,,,,,,,,,,,,,,pinnacle
spelad,ED,2023/24,2023-11-05,,Ajax,Heerenveen,4,1,H,14,12,8,3,2.1098,1.1907,skott,,,,,,,,,,0.6478,0.1799,0.1723,0.6884,0.1733,0.1383,1,1.51,5.5,6,1.43,5.8,7.5,0.6831,0.684,0.1422,-0.392,-0.2948,-5,12,2.75,0.3888,-0.0557,0,0,,,0.1153,-0.0068,,,,,,,,,,,,,,,,,pinnacle
spelad,ED,2023/24,2023-11-05,,Nijmegen,Volendam,3,3,D,13,15,7,7,1.8905,2.0089,skott,,,,,,,,,,0.5947,0.2193,0.186,0.6202,0.2054,0.1743,1,1.65,4.5,5.21,1.6,4.71,6.1,0.597,0.6346,0.1376,-0.1493,-0.2922,7,,,,,0,0,,,0.0629,-0.0126,,,,,,,,,,,,,,,,,pinnacle
spelad,ED,2023/24,2023-11-05,,Sparta Rotterdam,Almere City,1,2,A,24,11,6,4,2.3815,1.2917,skott,,,,,,,,,,0.567,0.2271,0.2059,0.554,0.2436,0.2024,1,1.73,4.3,5,1.76,4.2,5.14,0.5536,0.5309,0.1165,-0.2795,-0.0997,0,,,,,0,0,,,-0.0226,0.0031,,,,,,,,,,,,,,,,,pinnacle
spelad,ED,2023/24,2023-11-05,,Utrecht,Twente,1,1,D,14,10,6,1,1.7896,0.7521,skott,,,,,,,,,,0.1946,0.2387,0.5667,0.2294,0.2614,0.5092,1,5,4.2,1.76,4.4,3.99,1.92,0.5499,0.5256,-0.8657,1.0657,-0.9488,1,10,0.3,-0.086,-0.142,0,0,,,0.1271,0.0003,,,,,,,,,,,,,,,,,pinnacle
spelad,ED,2023/24,2023-11-05,,Zwolle,For Sittard,2,0,H,15,8,6,2,1.8488,0.7938,skott,,,,,,,,,,0.4363,0.2644,0.2994,0.4214,0.2781,0.3005,1,2.24,3.72,3.28,2.33,3.65,3.45,0.5359,0.5193,0.5577,-0.9952,0.5892,1,8,0,-0.224,-0.0074,0,0,,,-0.0308,0.0007,,,,,,,,,,,,,,,,,pinnacle
spelad,ED,2023/24,2023-11-10,,For Sittard,Heracles,4,1,H,15,7,8,3,2.169,0.8948,skott,,,,,,,,,,0.5509,0.2388,0.2103,0.5748,0.2398,0.1854,1,1.8,4.1,4.75,1.77,4.1,5.24,0.5587,0.5347,-0.3656,0.4411,-0.2621,-1,8,-1.125,-0.2861,-0.1252,0,0,,,0.0727,-0.0434,,,,,,,,,,,,,,,,,pinnacle
spelad,ED,2023/24,2023-11-11,,Twente,Nijmegen,3,3,D,35,14,7,8,3.1928,2.1098,skott,,,,,,,,,,0.7345,0.1669,0.0986,0.7185,0.178,0.1035,1,1.36,5.9,10,1.41,6,11,0.5995,0.584,0.4233,0.0046,0.3845,0,4,1.5,0.4098,-0.2451,0,0,,,-0.0369,-0.0046,,,,,,,,,,,,,,,,,pinnacle
spelad,ED,2023/24,2023-11-11,,Vitesse,Heerenveen,1,3,A,9,19,5,7,1.3334,2.2457,skott,,,,,,,,,,0.4091,0.2631,0.3278,0.4069,0.292,0.3011,1,2.47,3.75,2.97,2.39,3.69,3.23,0.5536,0.4655,0.2227,-0.57,-0.0171,1,12,0,-0.1726,0.0669,0,0,,,0.0224,-0.0008,,,,,,,,,,,,,,,,,pinnacle
spelad,ED,2023/24,2023-11-11,,Waalwijk,Go Ahead Eagles,0,1,A,19,9,5,2,1.9254,0.853,skott,,,,,,,,,,0.337,0.2604,0.4025,0.302,0.2559,0.4421,1,2.91,3.77,2.43,3.23,3.85,2.25,0.5696,0.5793,-0.1372,1.2046,0.0079,0,4,0.75,0.487,-0.0165,0,0,,,-0.1096,0.0149,,,,,,,,,,,,,,,,,pinnacle
spelad,ED,2023/24,2023-11-12,,Almere City,Ajax,2,2,D,13,22,5,13,1.5702,3.3841,skott,,,,,,,,,,0.1787,0.1993,0.622,0.1754,0.196,0.6286,1,6,5,1.56,5.8,5,1.57,0.637,0.6589,0.6172,-0.6629,1.2117,0,,,,,0,0,,,-0.0133,0.0056,,,,,,,,,,,,,,,,,pinnacle
spelad,ED,2023/24,2023-11-12,,Feyenoord,AZ Alkmaar,1,0,H,10,7,5,1,1.3926,0.5745,skott,,,,,,,,,,0.6168,0.2096,0.1736,0.6478,0.2063,0.1459,1,1.59,4.7,5.75,1.54,4.9,7,0.5945,0.5793,-0.311,0.2027,-0.0911,0,11,0.5455,0.2207,-0.161,0,0,,,0.0896,-0.0158,,,,,,,,,,,,,,,,,pinnacle
spelad,ED,2023/24,2023-11-12,,PSV Eindhoven,Zwolle,4,0,H,21,3,6,2,2.2039,0.4979,skott,,,,,,,,,,0.8802,0.0764,0.0435,0.9077,0.0619,0.0304,1,1.1,14,28,1.09,17,34,0.7674,0.8091,0.356,-0.9045,0.2464,1,10,3,0.6277,-0.1537,0,0,,,0.0683,-0.0363,,,,,,,,,,,,,,,,,pinnacle
spelad,ED,2023/24,2023-11-12,,Utrecht,Excelsior,2,2,D,13,12,6,6,1.7304,1.6712,skott,,,,,,,,,,0.5311,0.2393,0.2297,0.6337,0.2094,0.1569,1,1.82,4.2,4.5,1.55,4.7,6.53,0.5801,0.6118,-0.1747,0.6903,-0.3391,-1,6,1.5,-0.1094,0.2903,0,0,,,0.2781,-0.0108,,,,,,,,,,,,,,,,,pinnacle
spelad,ED,2023/24,2023-11-12,,Volendam,Sparta Rotterdam,1,4,A,17,16,1,7,1.1664,2.0681,skott,,,,,,,,,,0.2964,0.2493,0.4543,0.3078,0.254,0.4382,1,3.31,3.94,2.15,3.26,3.84,2.27,0.5854,0.5854,0.2008,-0.7752,0.5749,0,,,,,0,0,,,0.039,0.0129,,,,,,,,,,,,,,,,,pinnacle
spelad,ED,2023/24,2023-11-25,,Ajax,Vitesse,5,0,H,19,9,12,4,3.0464,1.1733,skott,,,,,,,,,,0.7337,0.1514,0.115,0.736,0.1492,0.1148,1,1.33,6.6,9.5,1.34,6.6,9.5,0.6758,0.7031,0.0125,-0.0391,-0.223,-1,11,1.0909,-0.3764,0.1023,0,0,,,0.0048,-0.0189,,,,,,,,,,,,,,,,,pinnacle
spelad,ED,2023/24,2023-11-25,,Excelsior,Feyenoord,2,4,A,13,20,3,9,1.2499,2.6251,skott,,,,,,,,,,0.0773,0.1269,0.7958,0.0682,0.1161,0.8157,1,17,7.9,1.22,14.5,8.6,1.22,0.7084,0.725,-0.3696,0.4217,-0.1733,0,6,-2,0.0961,-0.1439,0,0,,,-0.0381,0.02,,,,,,,,,,,,,,,,,pinnacle
spelad,ED,2023/24,2023-11-25,,Heerenveen,For Sittard,3,0,H,16,10,5,4,1.7478,1.2325,skott,,,,,,,,,,0.4651,0.2678,0.2671,0.4816,0.2828,0.2356,1,2.1,3.69,3.68,2.04,3.6,4.5,0.5129,0.4781,-0.1675,0.3435,0.1415,-1,10,0.3,-0.106,-0.1481,0,0,,,0.0645,0.0058,,,,,,,,,,,,,,,,,pinnacle
spelad,ED,2023/24,2023-11-25,,Twente,PSV Eindhoven,0,3,A,12,17,1,7,0.8705,2.1273,skott,,,,,,,,,,0.2594,0.2494,0.4912,0.2666,0.2588,0.4746,1,3.85,4.05,1.98,3.9,3.86,2.09,0.5935,0.5854,-0.2146,0.8927,-0.5508,1,10,-1.2,0.0239,0.1942,0,0,,,0.031,0.0141,,,,,,,,,,,,,,,,,pinnacle
spelad,ED,2023/24,2023-11-25,,Zwolle,Waalwijk,1,2,A,17,13,6,4,1.9671,1.4101,skott,,,,,,,,,,0.5338,0.2423,0.2239,0.4765,0.2572,0.2663,1,1.83,4.1,4.6,2.13,3.85,4.02,0.5587,0.5558,-0.0072,0.0436,-0.233,-1,6,1,0.0027,0.4052,0,0,,,-0.1571,-0.0108,,,,,,,,,,,,,,,,,pinnacle
spelad,ED,2023/24,2023-11-26,,Almere City,Heracles,0,5,A,17,17,3,6,1.4867,1.9671,skott,,,,,,,,,,0.4835,0.2524,0.2641,0.5115,0.2479,0.2406,1,2.02,3.87,3.9,1.94,3.96,4.13,0.566,0.5685,0.4957,-1.1225,0.8209,-2,,,,,0,0,,,0.0796,-0.0206,,,,,,,,,,,,,,,,,pinnacle
spelad,ED,2023/24,2023-11-26,,AZ Alkmaar,Volendam,3,0,H,19,7,8,1,2.4058,0.5745,skott,,,,,,,,,,0.8376,0.1031,0.0592,0.8204,0.1147,0.0649,1,1.17,9.7,18,1.2,9.4,18,0.6996,0.6667,0.61,-0.9369,0.0373,0,,,,,0,0,,,-0.0402,0.0019,,,,,,,,,,,,,,,,,pinnacle
spelad,ED,2023/24,2023-11-26,,Nijmegen,Go Ahead Eagles,1,1,D,15,13,5,4,1.6886,1.4101,skott,,,,,,,,,,0.4011,0.2547,0.3442,0.4326,0.2652,0.3023,1,2.47,3.83,2.83,2.33,3.71,3.25,0.57,0.5424,-0.4549,0.6307,-0.678,0,4,0.75,0.2768,-0.0303,0,0,,,0.1049,-0.016,,,,,,,,,,,,,,,,,pinnacle
spelad,ED,2023/24,2023-11-26,,Sparta Rotterdam,Utrecht,1,2,A,19,7,6,2,2.0855,0.7346,skott,,,,,,,,,,0.3973,0.2846,0.3181,0.3859,0.2877,0.3263,1,2.48,3.65,3.07,2.52,3.61,3.11,0.5284,0.4961,0.1476,-0.2939,0.2662,0,10,-2.7,-0.8704,-0.1528,0,0,,,-0.031,0.0189,,,,,,,,,,,,,,,,,pinnacle
spelad,ED,2023/24,2023-12-01,,Heerenveen,Almere City,3,0,H,15,13,8,2,2.169,1.0898,skott,,,,,,,,,,0.5764,0.2391,0.1845,0.6099,0.2287,0.1614,1,1.7,4.2,5.3,1.67,4.4,6.1,0.5536,0.5573,-0.6317,0.4036,-0.4869,1,,,,,0,0,,,0.0901,-0.0429,,,,,,,,,,,,,,,,,pinnacle
spelad,ED,2023/24,2023-12-02,,For Sittard,Vitesse,3,1,H,15,8,11,4,2.6495,1.1141,skott,,,,,,,,,,0.4808,0.2676,0.2516,0.4716,0.2721,0.2563,1,2.05,3.75,3.92,2.11,3.69,3.79,0.5155,0.509,0.0297,-0.151,-0.143,0,10,-0.6,0.2348,-0.0207,0,0,,,-0.0232,-0.014,,,,,,,,,,,,,,,,,pinnacle
spelad,ED,2023/24,2023-12-02,,Heracles,Sparta Rotterdam,0,1,A,13,10,3,4,1.2499,1.2325,skott,,,,,,,,,,0.3632,0.2596,0.3773,0.3684,0.2687,0.3629,1,2.73,3.77,2.59,2.71,3.71,2.71,0.5804,0.5623,0.5005,-0.1854,0.3902,0,7,0.4286,0.1666,0.3016,0,0,,,0.0248,-0.0078,,,,,,,,,,,,,,,,,pinnacle
spelad,ED,2023/24,2023-12-02,,Volendam,Zwolle,0,5,A,9,20,3,10,1.0132,2.7853,skott,,,,,,,,,,0.363,0.2615,0.3756,0.3451,0.2528,0.4021,1,2.71,3.8,2.6,2.88,3.97,2.55,0.597,0.6204,-0.0729,-0.0308,0.3066,-1,,,,,0,0,,,-0.0623,0.0132,,,,,,,,,,,,,,,,,pinnacle
spelad,ED,2023/24,2023-12-02,,Waalwijk,Excelsior,2,2,D,17,13,8,6,2.2874,1.7304,skott,,,,,,,,,,0.4584,0.2479,0.2936,0.4737,0.2556,0.2707,1,2.14,4,3.34,2.13,3.98,3.6,0.598,0.5758,0.2927,-0.1364,0.3051,0,,,,,0,0,,,0.0534,-0.0215,,,,,,,,,,,,,,,,,pinnacle
spelad,ED,2023/24,2023-12-03,,Feyenoord,PSV Eindhoven,1,2,A,14,14,3,7,1.3091,1.9497,skott,,,,,,,,,,0.4384,0.2476,0.314,0.4701,0.247,0.2829,1,2.28,4,3.1,2.16,3.99,3.44,0.6152,0.6304,-0.1253,0.721,-0.1907,0,12,0.25,0.2416,0.167,0,0,,,0.0945,-0.0352,,,,,,,,,,,,,,,,,pinnacle
spelad,ED,2023/24,2023-12-03,,Go Ahead Eagles,Twente,1,3,A,15,13,9,5,2.3292,1.5702,skott,,,,,,,,,,0.2508,0.2541,0.4952,0.266,0.2638,0.4702,1,3.92,4,1.97,3.8,3.87,2.08,0.566,0.5373,-0.054,-0.6673,0.2448,-1,4,0,0.3233,0.2447,0,0,,,0.0553,-0.0069,,,,,,,,,,,,,,,,,pinnacle
spelad,ED,2023/24,2023-12-03,,Nijmegen,Ajax,1,2,A,7,22,3,10,0.8948,2.9037,skott,,,,,,,,,,0.2246,0.221,0.5544,0.2754,0.2337,0.4909,1,4.6,4.5,1.75,4.27,4.4,1.99,0.642,0.6541,0.2687,-0.6568,0.1983,-1,4,-2.25,-0.1599,0.1104,0,0,,,0.165,-0.0556,,,,,,,,,,,,,,,,,pinnacle
spelad,ED,2023/24,2023-12-03,,Utrecht,AZ Alkmaar,1,1,D,15,20,4,9,1.5285,2.6251,skott,,,,,,,,,,0.2292,0.2592,0.5116,0.2221,0.2687,0.5092,1,4.35,4,1.91,4.5,3.7,1.92,0.5244,0.4807,-0.4569,1.2598,-0.4744,0,11,-0.8182,-0.2478,0.1172,0,0,,,-0.012,0.0153,,,,,,,,,,,,,,,,,pinnacle
spelad,ED,2023/24,2023-12-06,,AZ Alkmaar,Nijmegen,1,2,A,26,4,4,2,2.1796,0.5571,skott,,,,,,,,,,0.7524,0.1566,0.0909,0.7608,0.1548,0.0844,1,1.29,6.4,13,1.29,6.39,12,0.6158,0.6133,0.1709,-0.0066,0.2758,0,4,1.5,-0.0567,0.2747,0,0,,,0.0232,-0.0208,,,,,,,,,,,,,,,,,pinnacle
spelad,ED,2023/24,2023-12-06,,Waalwijk,Ajax,2,3,A,10,16,2,6,0.9122,1.9079,skott,,,,,,,,,,0.1885,0.2124,0.5991,0.1752,0.2026,0.6222,1,5.25,4.7,1.64,5.77,4.79,1.6,0.6501,0.6765,0.1741,-0.1846,0.3191,1,8,-3,-0.2222,-0.0886,0,0,,,-0.0496,0.0095,,,,,,,,,,,,,,,,,pinnacle
spelad,ED,2023/24,2023-12-07,,Feyenoord,Volendam,3,1,H,30,2,10,2,3.3772,0.4387,skott,,,,,,,,,,0.9123,0.0545,0.0331,0.932,0.0447,0.0233,1,1.08,19,37,1.08,25,61,0.8401,0.8495,0.4124,-0.8272,-0.038,-1,,,,,0,0,,,0.0491,-0.0305,,,,,,,,,,,,,,,,,pinnacle
spelad,ED,2023/24,2023-12-07,,PSV Eindhoven,Heerenveen,2,0,H,30,12,8,1,3.0569,0.8705,skott,,,,,,,,,,0.825,0.1071,0.0679,0.8216,0.1138,0.0646,1,1.19,9.4,17,1.2,9.3,17,0.742,0.7352,0.5945,-0.9651,0.3531,-2,11,0.8182,-0.6587,0.375,0,0,,,-0.0034,-0.0238,,,,,,,,,,,,,,,,,pinnacle
spelad,ED,2023/24,2023-12-08,,Twente,Excelsior,4,2,H,31,5,9,4,3.2763,0.9365,skott,,,,,,,,,,0.7656,0.1433,0.091,0.7721,0.1397,0.0882,1,1.29,7.1,13,1.29,7.1,15,0.6302,0.6427,0.7382,-0.6119,0.1559,-1,4,0,-0.7188,0.2767,0,0,,,0.0157,-0.0098,,,,,,,,,,,,,,,,,pinnacle
spelad,ED,2023/24,2023-12-09,,Ajax,Sparta Rotterdam,2,1,H,23,10,6,2,2.3223,0.9122,skott,,,,,,,,,,0.6915,0.1704,0.1381,0.6912,0.1734,0.1353,1,1.45,5.8,8,1.45,5.9,8.5,0.6644,0.6613,0.2538,-0.0901,0.2676,-4,10,3,0.4657,-0.1283,0,0,,,0.0023,0.0102,,,,,,,,,,,,,,,,,pinnacle
spelad,ED,2023/24,2023-12-09,,AZ Alkmaar,Almere City,4,1,H,13,13,7,6,1.8905,1.7304,skott,,,,,,,,,,0.8116,0.1226,0.0658,0.783,0.1446,0.0724,1,1.25,8.2,17,1.25,7,14,0.6435,0.6099,-0.3869,-0.5196,-0.6622,-5,,,,,0,0,,,-0.0638,-0.0172,,,,,,,,,,,,,,,,,pinnacle
spelad,ED,2023/24,2023-12-09,,Zwolle,Nijmegen,1,3,A,16,17,3,9,1.4275,2.4476,skott,,,,,,,,,,0.416,0.2638,0.3202,0.4548,0.2589,0.2863,1,2.42,3.75,3.05,2.25,3.76,3.41,0.541,0.5722,0.0544,-0.0634,0.3841,4,,,,,0,0,,,0.1116,-0.0247,,,,,,,,,,,,,,,,,pinnacle
spelad,ED,2023/24,2023-12-10,,For Sittard,Waalwijk,1,0,H,11,13,3,2,1.1316,1.0898,skott,,,,,,,,,,0.4977,0.2541,0.2482,0.4562,0.2677,0.2761,1,1.98,3.83,4.2,2.16,3.7,4.2,0.5436,0.5373,0.0182,0.7703,-0.01,4,7,0.4286,0.1226,0.0303,0,0,,,-0.1108,0.0008,,,,,,,,,,,,,,,,,pinnacle
spelad,ED,2023/24,2023-12-10,,Go Ahead Eagles,Utrecht,0,2,A,22,12,7,3,2.4233,1.1907,skott,,,,,,,,,,0.4382,0.2687,0.293,0.4121,0.2763,0.3117,1,2.25,3.65,3.4,2.41,3.65,3.4,0.5462,0.5499,-0.0122,-0.2874,0.3287,0,4,0.75,0.5705,0.5042,0,0,,,-0.071,-0.0075,,,,,,,,,,,,,,,,,pinnacle
spelad,ED,2023/24,2023-12-10,,Vitesse,Heracles,2,0,H,12,12,2,3,1.0306,1.1907,skott,,,,,,,,,,0.4765,0.2572,0.2663,0.4363,0.2733,0.2904,1,2.04,3.85,3.8,2.23,3.66,3.8,0.5732,0.5436,-0.3399,0.7398,-0.432,0,9,1,0.0522,0.2028,0,0,,,-0.1045,0.0006,,,,,,,,,,,,,,,,,pinnacle
spelad,ED,2023/24,2023-12-15,,Nijmegen,For Sittard,4,1,H,16,11,7,4,2.0681,1.2917,skott,,,,,,,,,,0.4794,0.2711,0.2495,0.4956,0.264,0.2404,1,2.08,3.7,4.1,2.08,3.73,4.08,0.4936,0.5026,0.2715,-1.126,0.1905,1,4,0,-0.321,0.2521,0,0,,,0.0415,-0.0173,,,,,,,,,,,,,,,,,pinnacle
spelad,ED,2023/24,2023-12-16,,Excelsior,Go Ahead Eagles,1,1,D,11,11,3,5,1.1316,1.4518,skott,,,,,,,,,,0.3202,0.2528,0.4269,0.3302,0.2536,0.4162,1,3.07,3.85,2.33,3.11,3.94,2.38,0.5875,0.598,-0.3429,0.2676,-0.3451,2,,,,,0,0,,,0.0306,-0.003,,,,,,,,,,,,,,,,,pinnacle
spelad,ED,2023/24,2023-12-16,,Heerenveen,Volendam,1,2,A,20,3,7,2,2.3049,0.4979,skott,,,,,,,,,,0.7035,0.1788,0.1177,0.7707,0.138,0.0912,1,1.41,5.5,8.5,1.4,7.3,12.5,0.6271,0.6869,0.4805,-0.9169,0.6618,0,,,,,0,0,,,0.1609,-0.0063,,,,,,,,,,,,,,,,,pinnacle
spelad,ED,2023/24,2023-12-16,,Utrecht,Waalwijk,1,1,D,17,12,6,4,1.9671,1.3509,skott,,,,,,,,,,0.5848,0.2306,0.1846,0.545,0.2431,0.2118,1,1.67,4.4,5.4,1.79,4.2,4.75,0.5747,0.5905,0.8028,-0.8794,0.5258,0,8,0.375,-0.6148,0.1748,0,0,,,-0.1069,-0.003,,,,,,,,,,,,,,,,,pinnacle
spelad,ED,2023/24,2023-12-17,,Ajax,Zwolle,2,2,D,16,11,5,4,1.7478,1.2917,skott,,,,,,,,,,0.7517,0.1465,0.1018,0.7953,0.125,0.0797,1,1.31,6.9,10.5,1.31,8.2,13,0.694,0.7435,0.1555,0.5678,0.3248,0,9,3,0.4629,-0.1217,0,0,,,0.1092,-0.0365,,,,,,,,,,,,,,,,,pinnacle
spelad,ED,2023/24,2023-12-17,,Almere City,Vitesse,5,0,H,11,7,7,4,1.7721,1.0549,skott,,,,,,,,,,0.4006,0.2638,0.3356,0.4371,0.2762,0.2867,1,2.44,3.73,3,2.4,3.67,3.44,0.541,0.509,0.4709,-0.6582,0.6523,1,,,,,0,0,,,0.1221,-0.0223,,,,,,,,,,,,,,,,,pinnacle
spelad,ED,2023/24,2023-12-17,,AZ Alkmaar,PSV Eindhoven,0,4,A,1,23,0,8,0.0592,2.6426,skott,,,,,,,,,,0.2332,0.2425,0.5243,0.2261,0.232,0.5419,1,4.2,4.1,1.93,4.36,4.18,1.93,0.5598,0.589,-0.6112,0.9021,-1.001,-2,11,0.2727,0.5887,-0.2387,0,0,,,-0.0317,0.0356,,,,,,,,,,,,,,,,,pinnacle
spelad,ED,2023/24,2023-12-17,,Heracles,Feyenoord,0,4,A,2,26,0,12,0.1184,3.4607,skott,,,,,,,,,,0.081,0.1268,0.7922,0.0665,0.1173,0.8162,1,12.5,7.8,1.25,15,8.3,1.24,0.7097,0.7131,-0.5996,0.7674,-0.3211,-3,10,-2.1,-0.3321,0.1153,0,0,,,-0.053,0.0341,,,,,,,,,,,,,,,,,pinnacle
spelad,ED,2023/24,2023-12-17,,Sparta Rotterdam,Twente,2,2,D,12,39,8,9,1.9914,3.7498,skott,,,,,,,,,,0.2206,0.2548,0.5247,0.2241,0.2514,0.5245,1,4.4,3.88,1.87,4.58,3.86,1.92,0.5219,0.5179,-0.5361,0.4388,-0.1193,-1,10,0,0.0833,0.1411,0,0,,,0.0072,0.023,,,,,,,,,,,,,,,,,pinnacle
spelad,ED,2023/24,2024-01-12,,Waalwijk,Heracles,1,2,A,18,9,8,2,2.3466,0.853,skott,,,,,,,,,,0.5164,0.2624,0.2212,0.4864,0.2673,0.2463,1,1.89,3.8,4.4,2,3.78,4.2,0.5187,0.5244,-0.1372,-0.5014,-0.0319,1,6,1,0.9776,-0.2405,0,0,,,-0.0851,-0.0123,,,,,,,,,,,,,,,,,pinnacle
spelad,ED,2023/24,2024-01-13,,For Sittard,Sparta Rotterdam,0,2,A,25,10,6,7,2.4407,1.7129,skott,,,,,,,,,,0.4025,0.2791,0.3183,0.4118,0.2919,0.2963,1,2.42,3.53,3.1,2.43,3.46,3.28,0.5064,0.4781,0.0419,0.7179,-0.0602,2,8,-0.375,0.0417,0.1131,0,0,,,0.0406,-0.0301,,,,,,,,,,,,,,,,,pinnacle
spelad,ED,2023/24,2024-01-13,,PSV Eindhoven,Excelsior,3,1,H,27,8,15,3,4.0003,0.954,skott,,,,,,,,,,0.8934,0.0717,0.0349,0.9255,0.0527,0.0218,1,1.08,14,34,1.06,19,50,0.8072,0.8157,1.1442,-1.5917,1.195,-1,6,3,0.4256,-0.1161,0,0,,,0.0773,-0.0326,,,,,,,,,,,,,,,,,pinnacle
spelad,ED,2023/24,2024-01-13,,Twente,AZ Alkmaar,2,1,H,19,5,8,2,2.4058,0.6163,skott,,,,,,,,,,0.4321,0.2778,0.2902,0.5199,0.2586,0.2215,1,2.25,3.57,3.55,1.95,3.82,4.61,0.5039,0.5193,0.2298,0.297,0.4004,0,10,-0.3,0.3724,-0.1366,0,0,,,0.2445,-0.0125,,,,,,,,,,,,,,,,,pinnacle
spelad,ED,2023/24,2024-01-13,,Zwolle,Heerenveen,2,2,D,13,20,5,10,1.5702,2.7853,skott,,,,,,,,,,0.3643,0.2601,0.3756,0.2967,0.2765,0.4268,1,2.7,3.76,2.6,3.28,3.72,2.5,0.5685,0.5039,0.2668,-0.7272,0.0675,-1,9,0.6667,0.5882,-0.1516,0,0,,,-0.1865,0.0359,,,,,,,,,,,,,,,,,pinnacle
spelad,ED,2023/24,2024-01-14,,Feyenoord,Nijmegen,2,2,D,25,2,5,2,2.2806,0.4387,skott,,,,,,,,,,0.8381,0.1024,0.0595,0.8365,0.0995,0.064,1,1.17,9.5,21,1.16,10.3,22,0.7161,0.743,-0.3526,1.1,-0.4358,-2,4,2.25,0.1687,0.0757,0,0,,,-0.0078,0.0195,,,,,,,,,,,,,,,,,pinnacle
spelad,ED,2023/24,2024-01-14,,Go Ahead Eagles,Ajax,2,3,A,24,17,12,6,3.3423,1.9671,skott,,,,,,,,,,0.2596,0.2268,0.5136,0.2384,0.2225,0.5391,1,3.95,4.33,1.9,4.59,4.36,1.8,0.642,0.6541,-0.6415,0.4372,-0.5003,1,4,0.75,1.1867,0.6357,0,0,,,-0.0677,0.0024,,,,,,,,,,,,,,,,,pinnacle
spelad,ED,2023/24,2024-01-14,,Vitesse,Utrecht,0,0,D,12,20,6,4,1.6712,1.8244,skott,,,,,,,,,,0.3173,0.2699,0.4128,0.3127,0.2787,0.4086,1,3.1,3.8,2.36,3.11,3.92,2.38,0.5256,0.5193,-0.9171,2.4042,-1.0067,-1,11,1.0909,0.6567,0.0071,0,0,,,-0.0051,0,,,,,,,,,,,,,,,,,pinnacle
spelad,ED,2023/24,2024-01-14,,Volendam,Almere City,0,1,A,5,10,2,2,0.6163,0.9122,skott,,,,,,,,,,0.3616,0.2658,0.3727,0.3365,0.2665,0.397,1,2.69,3.75,2.61,2.89,3.75,2.57,0.5711,0.5623,0.0424,0.2287,0.0508,1,,,,,0,0,,,-0.0744,0.0153,,,,,,,,,,,,,,,,,pinnacle
spelad,ED,2023/24,2024-01-19,,Excelsior,Heerenveen,3,0,H,14,9,7,1,1.9497,0.6929,skott,,,,,,,,,,0.2994,0.2623,0.4383,0.2982,0.2716,0.4302,1,3.28,3.75,2.22,3.38,3.7,2.28,0.5623,0.541,-0.2535,-0.0514,-0.364,0,7,-0.4286,0.2203,0.0508,0,0,,,0.0058,0.0163,,,,,,,,,,,,,,,,,pinnacle
spelad,ED,2023/24,2024-01-20,,AZ Alkmaar,Zwolle,2,2,D,19,8,8,5,2.4058,1.2743,skott,,,,,,,,,,0.7107,0.1708,0.1186,0.73,0.1624,0.1076,1,1.37,6,9,1.38,6.21,9.5,0.6049,0.6238,-0.2904,0.5197,-0.747,0,11,1.0909,-0.2538,0.2468,0,0,,,0.0496,-0.0246,,,,,,,,,,,,,,,,,pinnacle
spelad,ED,2023/24,2024-01-20,,Heracles,Volendam,1,1,D,16,10,8,2,2.2282,0.9122,skott,,,,,,,,,,0.5546,0.2344,0.211,0.5706,0.2407,0.1887,1,1.76,4.2,4.7,1.76,4.1,5.3,0.5945,0.5462,0.0659,-0.0293,0.1054,2,,,,,0,0,,,0.0543,-0.0098,,,,,,,,,,,,,,,,,pinnacle
spelad,ED,2023/24,2024-01-20,,Nijmegen,Twente,1,0,H,23,11,8,2,2.6426,0.9714,skott,,,,,,,,,,0.2189,0.2455,0.5357,0.2424,0.2565,0.5011,1,4.5,4,1.84,4.34,3.84,1.98,0.5819,0.5696,0.2557,-1.302,0.408,-1,5,-1.2,-0.0294,-0.0317,0,0,,,0.0817,0.0149,,,,,,,,,,,,,,,,,pinnacle
spelad,ED,2023/24,2024-01-21,,Ajax,Waalwijk,4,1,H,14,8,7,5,1.9497,1.2743,skott,,,,,,,,,,0.7607,0.1396,0.0997,0.7544,0.1414,0.1042,1,1.28,7,11,1.34,7.09,10.75,0.7037,0.7299,1.1882,-0.7183,0.8222,-2,9,3,0.3797,-0.1013,0,0,,,-0.017,-0.029,,,,,,,,,,,,,,,,,pinnacle
spelad,ED,2023/24,2024-01-21,,Sparta Rotterdam,Go Ahead Eagles,0,2,A,20,7,4,3,1.8244,0.8948,skott,,,,,,,,,,0.4383,0.2623,0.2994,0.3992,0.2706,0.3302,1,2.26,3.71,3.27,2.44,3.7,3.05,0.5573,0.5685,0.7545,-1.2434,0.5183,1,5,1.2,0.5637,-0.0851,0,0,,,-0.109,0.0009,,,,,,,,,,,,,,,,,pinnacle
spelad,ED,2023/24,2024-01-21,,Utrecht,PSV Eindhoven,1,1,D,17,13,4,5,1.6469,1.5702,skott,,,,,,,,,,0.1191,0.1625,0.7184,0.1181,0.1731,0.7088,1,8.3,6,1.37,8.68,5.97,1.4,0.6735,0.634,-0.3364,0.5218,-0.6677,-1,12,-1.75,-0.2812,0.0329,0,0,,,0.0076,0.0272,,,,,,,,,,,,,,,,,pinnacle
spelad,ED,2023/24,2024-01-21,,Vitesse,Feyenoord,1,2,A,5,16,1,5,0.4561,1.7478,skott,,,,,,,,,,0.0824,0.1398,0.7778,0.0599,0.1076,0.8324,1,12,7,1.26,20,9,1.19,0.6788,0.684,-0.2344,0.817,-0.2453,0,12,0.25,0.5914,0.0285,0,0,,,-0.0994,0.0125,,,,,,,,,,,,,,,,,pinnacle
spelad,ED,2023/24,2024-01-24,,Almere City,For Sittard,0,0,D,4,11,1,2,0.3969,0.9714,skott,,,,,,,,,,0.3942,0.279,0.3268,0.4125,0.288,0.2995,1,2.49,3.55,2.98,2.47,3.6,3.25,0.5167,0.4602,0.483,-0.6832,0.474,-1,,,,,0,0,,,0.0637,-0.038,,,,,,,,,,,,,,,,,pinnacle
spelad,ED,2023/24,2024-01-26,,Zwolle,Vitesse,1,0,H,16,8,9,2,2.3884,0.7938,skott,,,,,,,,,,0.4836,0.2572,0.2592,0.4379,0.2762,0.2859,1,2.01,3.95,3.8,2.23,3.63,3.55,0.5674,0.4936,0.152,-1.2759,0.6044,1,11,-1.3636,-0.2249,-0.0607,0,0,,,-0.1181,0.0053,,,,,,,,,,,,,,,,,pinnacle
spelad,ED,2023/24,2024-01-27,,Excelsior,Utrecht,1,1,D,9,16,5,3,1.3334,1.4275,skott,,,,,,,,,,0.3052,0.2562,0.4386,0.3013,0.2602,0.4384,1,3.19,3.8,2.23,3.38,3.75,2.3,0.5524,0.5524,-0.4193,0.2116,-0.014,2,7,-1.2857,-0.1093,0.3618,0,0,,,-0.0076,0.0071,,,,,,,,,,,,,,,,,pinnacle
spelad,ED,2023/24,2024-01-27,,Heracles,Ajax,2,4,A,13,31,7,12,1.8905,3.7567,skott,,,,,,,,,,0.1538,0.1915,0.6547,0.1831,0.2095,0.6073,1,6.5,5.1,1.49,6.5,4.86,1.64,0.6557,0.6605,-0.6725,0.8508,-0.4644,1,11,-0.8182,0.6504,0.0584,0,0,,,0.106,0.0061,,,,,,,,,,,,,,,,,pinnacle
spelad,ED,2023/24,2024-01-27,,PSV Eindhoven,Almere City,2,0,H,17,4,8,2,2.2874,0.5571,skott,,,,,,,,,,0.8891,0.0705,0.0404,0.8788,0.0841,0.0371,1,1.1,14,31,1.12,13.03,32.86,0.7619,0.7256,0.1322,-0.9091,0.2958,3,,,,,0,0,,,-0.0173,-0.0183,,,,,,,,,,,,,,,,,pinnacle
spelad,ED,2023/24,2024-01-27,,Waalwijk,Sparta Rotterdam,1,1,D,10,15,2,7,0.9122,2.0089,skott,,,,,,,,,,0.3685,0.2672,0.3643,0.4053,0.2819,0.3128,1,2.64,3.75,2.7,2.42,3.84,3.25,0.5448,0.4845,-0.5477,0.8598,-0.4186,0,9,-1.3333,-0.4152,0.077,0,0,,,0.1252,0.0122,,,,,,,,,,,,,,,,,pinnacle
spelad,ED,2023/24,2024-01-28,,Feyenoord,Twente,0,0,D,23,2,6,0,2.3223,0.1184,skott,,,,,,,,,,0.6644,0.1964,0.1392,0.6478,0.2136,0.1386,1,1.46,5,8,1.5,5.17,8,0.6059,0.5379,0.0629,0.3481,0.267,-1,10,0.6,-0.3456,0.1782,0,0,,,-0.0327,0.0333,,,,,,,,,,,,,,,,,pinnacle
spelad,ED,2023/24,2024-01-28,,Go Ahead Eagles,Nijmegen,2,2,D,17,16,5,5,1.807,1.7478,skott,,,,,,,,,,0.4481,0.2572,0.2947,0.4283,0.2649,0.3067,1,2.2,3.85,3.3,2.28,3.73,3.25,0.5598,0.5584,-0.8788,1.3139,-0.8831,-1,5,-0.6,-0.2316,0.1227,0,0,,,-0.0516,0.0226,,,,,,,,,,,,,,,,,pinnacle
spelad,ED,2023/24,2024-01-28,,Heerenveen,AZ Alkmaar,2,2,D,16,12,2,2,1.2674,1.0306,skott,,,,,,,,,,0.2727,0.2548,0.4725,0.2886,0.2672,0.4441,1,3.57,3.82,2.1,3.4,3.85,2.19,0.5347,0.5039,0.2051,0.0644,0.5858,1,13,-1.8462,-0.3021,-0.1444,0,0,,,0.0603,-0.0103,,,,,,,,,,,,,,,,,pinnacle
spelad,ED,2023/24,2024-01-28,,Volendam,For Sittard,0,1,A,8,12,2,1,0.7938,0.8705,skott,,,,,,,,,,0.2905,0.2711,0.4384,0.2553,0.2771,0.4676,1,3.35,3.65,2.22,3.81,3.58,2.11,0.5026,0.4667,0.2295,-0.4439,0.0053,4,3,-1,-0.0186,-0.2251,0,0,,,-0.0997,0.0169,,,,,,,,,,,,,,,,,pinnacle
spelad,ED,2023/24,2024-02-02,,Almere City,Excelsior,2,1,H,11,8,2,4,0.9714,1.1141,skott,,,,,,,,,,0.4425,0.2871,0.2704,0.4264,0.2859,0.2876,1,2.27,3.5,3.65,2.28,3.5,3.41,0.4718,0.4756,0.1206,0.7137,-0.1474,0,,,,,0,0,,,-0.0493,0.011,,,,,,,,,,,,,,,,,pinnacle
spelad,ED,2023/24,2024-02-03,,Ajax,PSV Eindhoven,1,1,D,13,18,4,5,1.4101,1.8662,skott,,,,,,,,,,0.2786,0.2277,0.4936,0.2894,0.222,0.4886,1,3.51,4.33,2,3.46,4.4,2.04,0.6728,0.6765,0.3297,-0.1454,0.0852,0,13,0,-0.2608,0.0074,0,0,,,0.0265,0.0018,,,,,,,,,,,,,,,,,pinnacle
spelad,ED,2023/24,2024-02-03,,For Sittard,Heerenveen,3,3,D,13,10,3,6,1.2499,1.5528,skott,,,,,,,,,,0.4042,0.2865,0.3093,0.4284,0.2929,0.2787,1,2.43,3.5,3.15,2.4,3.44,3.67,0.4833,0.4439,0.2373,0.452,0.2919,0,11,-0.5455,0.1411,-0.1603,0,0,,,0.079,-0.012,,,,,,,,,,,,,,,,,pinnacle
spelad,ED,2023/24,2024-02-03,,Nijmegen,Heracles,3,1,H,26,7,12,1,3.4607,0.5745,skott,,,,,,,,,,0.5576,0.2332,0.2091,0.6181,0.2191,0.1628,1,1.75,4.16,4.8,1.62,4.55,6,0.5819,0.6005,0.7878,-0.973,0.9949,-1,3,0,0.0958,0.0623,0,0,,,0.1672,-0.0129,,,,,,,,,,,,,,,,,pinnacle
spelad,ED,2023/24,2024-02-03,,Twente,Waalwijk,3,0,H,16,14,10,5,2.5485,1.6294,skott,,,,,,,,,,0.7445,0.1574,0.0982,0.7713,0.1479,0.0809,1,1.31,6.2,11,1.28,6.7,12.5,0.6059,0.6123,0.5436,-0.3735,0.1949,-1,9,0,-0.4244,-0.1168,0,0,,,0.0708,-0.023,,,,,,,,,,,,,,,,,pinnacle
spelad,ED,2023/24,2024-02-04,,AZ Alkmaar,Feyenoord,0,1,A,14,6,4,2,1.4693,0.6754,skott,,,,,,,,,,0.2043,0.2494,0.5463,0.1703,0.2287,0.6009,1,4.76,4.05,1.8,5.7,4.3,1.66,0.5436,0.5527,-0.2143,-0.3673,-0.4926,0,12,-0.75,-0.1084,-0.1648,0,0,,,-0.1225,0.0219,,,,,,,,,,,,,,,,,pinnacle
spelad,ED,2023/24,2024-02-04,,Sparta Rotterdam,Zwolle,0,2,A,21,12,11,4,3.0046,1.3509,skott,,,,,,,,,,0.4954,0.2582,0.2464,0.536,0.258,0.206,1,1.99,3.8,4.2,1.91,3.9,4.71,0.5347,0.541,0.05,-0.1287,0.098,-1,8,0.375,0.1172,0.1014,0,0,,,0.1217,-0.034,,,,,,,,,,,,,,,,,pinnacle
spelad,ED,2023/24,2024-02-04,,Utrecht,Volendam,4,2,H,24,5,10,3,3.0221,0.7764,skott,,,,,,,,,,0.7163,0.1758,0.1079,0.7473,0.1682,0.0844,1,1.37,5.5,9.5,1.31,6,12,0.5995,0.6064,0.4352,-1.0927,0.4273,1,3,0,-0.6201,0.1206,0,0,,,0.0856,-0.0117,,,,,,,,,,,,,,,,,pinnacle
spelad,ED,2023/24,2024-02-04,,Vitesse,Go Ahead Eagles,0,2,A,15,16,5,7,1.6886,2.0681,skott,,,,,,,,,,0.3333,0.2757,0.3909,0.333,0.2886,0.3784,1,2.92,3.56,2.55,3.06,3.47,2.57,0.5282,0.4858,0.0503,0.2871,-0.3531,2,5,0,-0.0309,-0.0658,0,0,,,0.0119,-0.0204,,,,,,,,,,,,,,,,,pinnacle
spelad,ED,2023/24,2024-02-09,,Waalwijk,Nijmegen,2,0,H,11,17,4,6,1.2917,1.9671,skott,,,,,,,,,,0.3355,0.2673,0.3972,0.3057,0.2716,0.4227,1,2.9,3.75,2.45,3.18,3.69,2.36,0.5499,0.5436,-1.5275,1.7356,-1.6973,0,5,-1.2,-0.3148,-0.0647,0,0,,,-0.0851,0.0238,,,,,,,,,,,,,,,,,pinnacle
spelad,ED,2023/24,2024-02-10,,Almere City,AZ Alkmaar,0,0,D,11,10,1,3,0.8113,1.0724,skott,,,,,,,,,,0.2024,0.2423,0.5552,0.1769,0.2564,0.5668,1,5,4.09,1.75,5.48,3.8,1.77,0.5335,0.4377,0.8235,-0.1687,1.0081,2,,,,,0,0,,,-0.0627,0.0344,,,,,,,,,,,,,,,,,pinnacle
spelad,ED,2023/24,2024-02-10,,Excelsior,Twente,0,3,A,12,14,3,3,1.1907,1.3091,skott,,,,,,,,,,0.1599,0.2326,0.6076,0.1757,0.2365,0.5878,1,6.5,4.5,1.6,5.52,4.31,1.69,0.5536,0.5685,-0.623,0.0939,-0.1189,1,5,-0.6,0.2728,0.1934,0,0,,,0.0514,0.0321,,,,,,,,,,,,,,,,,pinnacle
spelad,ED,2023/24,2024-02-10,,Heracles,Vitesse,3,2,H,20,12,8,4,2.465,1.3509,skott,,,,,,,,,,0.4632,0.2665,0.2702,0.4365,0.2704,0.2932,1,2.15,3.65,3.6,2.28,3.65,3.35,0.5373,0.5219,0.1936,-1.1137,0.3686,1,10,-1.2,-0.344,0.1552,0,0,,,-0.0765,-0.0079,,,,,,,,,,,,,,,,,pinnacle
spelad,ED,2023/24,2024-02-11,,Feyenoord,Sparta Rotterdam,2,0,H,23,5,4,1,2.002,0.4561,skott,,,,,,,,,,0.8386,0.1073,0.0541,0.7954,0.1328,0.0718,1,1.15,9.4,22,1.24,7.5,13.4,0.6705,0.6643,0.4985,-0.1948,0.0015,0,10,2.1,0.1927,0.111,0,0,,,-0.1042,-0.0271,,,,,,,,,,,,,,,,,pinnacle
spelad,ED,2023/24,2024-02-11,,Go Ahead Eagles,Zwolle,1,1,D,16,15,4,4,1.5877,1.5285,skott,,,,,,,,,,0.5556,0.2326,0.2118,0.5451,0.2369,0.218,1,1.76,4.2,4.6,1.79,4.2,4.5,0.5935,0.604,-0.6474,1.3088,-0.5212,0,3,2,1.0823,0.0481,0,0,,,-0.0272,0.0031,,,,,,,,,,,,,,,,,pinnacle
spelad,ED,2023/24,2024-02-11,,Heerenveen,Ajax,3,2,H,17,12,5,6,1.807,1.6712,skott,,,,,,,,,,0.2337,0.2122,0.5541,0.2831,0.2264,0.4905,1,4.2,4.6,1.76,3.89,4.44,2.02,0.6728,0.6628,-1.1225,0.6415,-0.8782,0,13,-2.7692,-0.3526,-0.0648,0,0,,,0.1626,-0.0314,,,,,,,,,,,,,,,,,pinnacle
spelad,ED,2023/24,2024-02-11,,Utrecht,For Sittard,4,0,H,16,9,8,1,2.2282,0.6929,skott,,,,,,,,,,0.5462,0.2512,0.2026,0.5843,0.2449,0.1708,1,1.82,3.88,4.8,1.76,4.08,5.78,0.4936,0.491,0.5072,-1.357,0.3701,-1,10,0.9,-0.2688,0.2843,0,0,,,0.108,-0.0133,,,,,,,,,,,,,,,,,pinnacle
spelad,ED,2023/24,2024-02-11,,Volendam,PSV Eindhoven,1,5,A,8,34,2,14,0.7938,4.2546,skott,,,,,,,,,,0.0415,0.0769,0.8816,0.0444,0.0804,0.8752,1,29,13,1.11,25,12.08,1.13,0.7305,0.7567,-0.3804,0.3617,-0.615,-1,3,-3,-0.2534,-0.09,0,0,,,0.0122,0.0178,,,,,,,,,,,,,,,,,pinnacle
spelad,ED,2023/24,2024-02-16,,PSV Eindhoven,Heracles,2,0,H,39,3,14,0,4.5505,0.1776,skott,,,,,,,,,,0.9022,0.0639,0.0338,0.9109,0.0593,0.0298,1,1.09,17,34,1.09,16.28,33,0.7885,0.7966,0.413,-0.374,0.5082,-1,10,2.7,0.4337,-0.056,0,0,,,0.0214,-0.0485,,,,,,,,,,,,,,,,,pinnacle
spelad,ED,2023/24,2024-02-17,,For Sittard,AZ Alkmaar,1,2,A,14,19,5,5,1.6294,1.9254,skott,,,,,,,,,,0.2183,0.2784,0.5033,0.1884,0.2705,0.5411,1,4.45,3.65,1.94,5.21,3.58,1.93,0.4527,0.4242,0.6094,0.2477,0.9219,-1,10,-2.7,-0.4589,-0.0771,0,0,,,-0.0975,0.0256,,,,,,,,,,,,,,,,,pinnacle
spelad,ED,2023/24,2024-02-17,,Heerenveen,Go Ahead Eagles,0,2,A,21,14,3,7,1.7235,1.9497,skott,,,,,,,,,,0.4815,0.252,0.2665,0.4958,0.2612,0.2429,1,2.05,3.9,3.8,1.98,3.76,4,0.5524,0.5487,0.0929,-0.1152,-0.019,0,5,1.2,0.5268,-0.0629,0,0,,,0.0521,-0.024,,,,,,,,,,,,,,,,,pinnacle
spelad,ED,2023/24,2024-02-17,,Sparta Rotterdam,Excelsior,4,2,H,12,11,9,4,2.1516,1.2917,skott,,,,,,,,,,0.5259,0.2385,0.2356,0.4904,0.2631,0.2464,1,1.88,4.08,4.35,2.04,3.86,4.19,0.5587,0.5167,0.0856,0.2871,0.0166,-1,5,0,-0.1926,-0.0634,0,0,,,-0.0819,0.0088,,,,,,,,,,,,,,,,,pinnacle
spelad,ED,2023/24,2024-02-17,,Zwolle,Almere City,0,1,A,16,5,2,2,1.2674,0.6163,skott,,,,,,,,,,0.4463,0.282,0.2717,0.427,0.2798,0.2932,1,2.21,3.52,3.6,2.3,3.57,3.51,0.4961,0.5026,0.1193,-0.7793,0.2171,-1,,,,,0,0,,,-0.06,0.0048,,,,,,,,,,,,,,,,,pinnacle
spelad,ED,2023/24,2024-02-18,,Ajax,Nijmegen,2,2,D,8,16,4,9,1.1141,2.3884,skott,,,,,,,,,,0.6721,0.1812,0.1466,0.6344,0.1977,0.1679,1,1.45,5.5,7,1.61,5.2,6,0.6938,0.6565,-0.0459,-0.0087,-0.8176,-2,5,2.4,0.2983,0.0416,0,0,,,-0.0967,-0.0251,,,,,,,,,,,,,,,,,pinnacle
spelad,ED,2023/24,2024-02-18,,Feyenoord,Waalwijk,1,0,H,32,5,14,1,4.1362,0.4561,skott,,,,,,,,,,0.8797,0.0782,0.0421,0.8666,0.089,0.0444,1,1.13,12.37,25,1.15,11,23,0.7244,0.7223,0.4329,-0.0929,0.1219,-2,8,2.25,0.0407,0.1082,0,0,,,-0.0285,-0.0358,,,,,,,,,,,,,,,,,pinnacle
spelad,ED,2023/24,2024-02-18,,Twente,Utrecht,0,1,A,13,4,2,2,1.0898,0.5571,skott,,,,,,,,,,0.5955,0.2273,0.1771,0.5639,0.2425,0.1936,1,1.64,4.3,5.5,1.72,4.2,5.4,0.5193,0.5309,0.4146,-0.2626,0.0519,1,11,-0.2727,0.1355,-0.0619,0,0,,,-0.0797,0.0072,,,,,,,,,,,,,,,,,pinnacle
spelad,ED,2023/24,2024-02-18,,Vitesse,Volendam,1,1,D,30,8,8,4,3.0569,1.1141,skott,,,,,,,,,,0.5456,0.249,0.2053,0.6133,0.2202,0.1665,1,1.79,4,4.73,1.69,4.4,5.9,0.5129,0.5524,-0.3233,0.3709,-0.4075,1,3,0,-0.6188,0.1098,0,0,,,0.1741,-0.0188,,,,,,,,,,,,,,,,,pinnacle
spelad,ED,2023/24,2024-02-23,,Utrecht,Heracles,1,0,H,11,4,3,0,1.1316,0.2368,skott,,,,,,,,,,0.6939,0.1847,0.1214,0.6965,0.1851,0.1184,1,1.4,5.35,8,1.4,5.3,8.47,0.6229,0.6171,0.4313,-0.5841,0.5858,-2,10,1.2,0.2479,-0.0402,0,0,,,0.0083,-0.0121,,,,,,,,,,,,,,,,,pinnacle
spelad,ED,2023/24,2024-02-24,,Nijmegen,Sparta Rotterdam,2,0,H,22,13,5,6,2.103,1.7304,skott,,,,,,,,,,0.4963,0.2587,0.245,0.4835,0.2627,0.2538,1,1.98,4,3.97,2.05,3.91,3.83,0.5309,0.5167,0.4139,-0.2119,0.8347,-1,5,-0.6,-0.4681,0.5177,0,0,,,-0.0342,-0.0208,,,,,,,,,,,,,,,,,pinnacle
spelad,ED,2023/24,2024-02-24,,Waalwijk,For Sittard,0,1,A,9,15,0,6,0.5327,1.8488,skott,,,,,,,,,,0.3892,0.2939,0.3169,0.362,0.2987,0.3393,1,2.5,3.5,3.07,2.69,3.47,3,0.4653,0.4402,-0.1298,-0.7152,-0.0335,-1,8,-0.75,-0.2708,-0.0069,0,0,,,-0.0767,0.0312,,,,,,,,,,,,,,,,,pinnacle
spelad,ED,2023/24,2024-02-24,,Zwolle,PSV Eindhoven,1,7,A,8,25,1,12,0.6337,3.4015,skott,,,,,,,,,,0.0788,0.1283,0.7929,0.0758,0.1297,0.7945,1,14,7.6,1.23,13,7.6,1.23,0.6854,0.672,-0.0364,-0.6312,0.1143,-1,11,-3,-0.4449,-0.1453,0,0,,,-0.0078,0.014,,,,,,,,,,,,,,,,,pinnacle
spelad,ED,2023/24,2024-02-25,,Almere City,Feyenoord,0,2,A,12,8,6,2,1.6712,0.7938,skott,,,,,,,,,,0.0965,0.1594,0.7442,0.08,0.1531,0.7668,1,11,6.2,1.3,12.9,6.4,1.28,0.5875,0.5736,0.5234,-1.3197,0.6722,1,,,,,0,0,,,-0.0555,0.0194,,,,,,,,,,,,,,,,,pinnacle
spelad,ED,2023/24,2024-02-25,,AZ Alkmaar,Ajax,2,0,H,8,9,3,3,0.954,1.0132,skott,,,,,,,,,,0.4865,0.2402,0.2733,0.5061,0.2498,0.2441,1,2.06,4.05,3.56,1.96,4.24,4.1,0.5945,0.5598,-0.5541,0.6083,-0.3683,1,13,0.2308,0.6821,-0.0603,0,0,,,0.0684,-0.0057,,,,,,,,,,,,,,,,,pinnacle
spelad,ED,2023/24,2024-02-25,,Excelsior,Vitesse,1,2,A,12,14,7,5,1.8313,1.6294,skott,,,,,,,,,,0.4525,0.2687,0.2788,0.4784,0.2549,0.2668,1,2.25,3.8,3.49,2.06,4.04,3.64,0.5347,0.5598,-0.0058,-0.364,0.3553,1,7,0.4286,0.7408,0.0666,0,0,,,0.0637,-0.037,,,,,,,,,,,,,,,,,pinnacle
spelad,ED,2023/24,2024-02-25,,Twente,Go Ahead Eagles,3,0,H,21,10,6,2,2.2039,0.9122,skott,,,,,,,,,,0.6221,0.2052,0.1727,0.6919,0.1835,0.1247,1,1.56,4.8,6,1.45,5.38,8.5,0.5722,0.597,0.1882,-0.3924,-0.2293,-1,5,0.6,-0.1894,0.143,0,0,,,0.1875,-0.0154,,,,,,,,,,,,,,,,,pinnacle
spelad,ED,2023/24,2024-02-25,,Volendam,Heerenveen,0,4,A,10,22,4,12,1.2325,3.224,skott,,,,,,,,,,0.2125,0.2357,0.5518,0.1922,0.23,0.5778,1,4.57,4.2,1.8,5.1,4.38,1.7,0.5819,0.5758,0.7515,-1.5139,0.6196,-1,3,-1,0.2719,-0.2005,0,0,,,-0.0666,0.0114,,,,,,,,,,,,,,,,,pinnacle
spelad,ED,2023/24,2024-03-01,,Volendam,Nijmegen,2,5,A,14,20,6,11,1.7896,2.9454,skott,,,,,,,,,,0.1821,0.2162,0.6017,0.1762,0.2172,0.6067,1,5.5,4.5,1.61,5.7,4.62,1.65,0.6059,0.5935,-0.0519,-0.2364,-0.6825,-1,3,-2,-0.516,0.1144,0,0,,,-0.0168,0.0226,,,,,,,,,,,,,,,,,pinnacle
spelad,ED,2023/24,2024-03-02,,Go Ahead Eagles,Waalwijk,1,0,H,22,19,8,6,2.5834,2.0855,skott,,,,,,,,,,0.5667,0.2387,0.1946,0.4807,0.2596,0.2596,1,1.72,4.15,5,2.06,4,4.5,0.541,0.5649,0.4197,-0.1646,0.5811,-1,5,0,-0.0928,-0.0644,0,0,,,-0.237,0.0256,,,,,,,,,,,,,,,,,pinnacle
spelad,ED,2023/24,2024-03-02,,Sparta Rotterdam,AZ Alkmaar,1,1,D,14,15,6,4,1.7896,1.5285,skott,,,,,,,,,,0.2221,0.2644,0.5135,0.2527,0.2718,0.4756,1,4.37,3.8,1.9,3.84,3.64,2.11,0.4859,0.4974,-0.3015,0.4152,0.1722,1,11,-1.3636,0.0012,-0.0385,0,0,,,0.0991,0.0232,,,,,,,,,,,,,,,,,pinnacle
spelad,ED,2023/24,2024-03-02,,Vitesse,Twente,1,2,A,6,15,3,5,0.8356,1.6886,skott,,,,,,,,,,0.1753,0.2336,0.5911,0.1957,0.2333,0.571,1,5.53,4.2,1.65,5,4.27,1.74,0.5282,0.5829,-0.6399,1.3695,-0.455,0,11,-0.2727,-0.1064,-0.0706,0,0,,,0.0609,0.0298,,,,,,,,,,,,,,,,,pinnacle
spelad,ED,2023/24,2024-03-03,,Ajax,Utrecht,2,0,H,14,6,8,2,2.1098,0.6754,skott,,,,,,,,,,0.5303,0.2252,0.2445,0.4746,0.2581,0.2673,1,1.83,4.33,4.1,2.07,3.96,3.76,0.6118,0.5448,-0.1178,-0.0335,-0.7083,-2,12,1,-0.3488,-0.0019,0,0,,,-0.1343,-0.0108,,,,,,,,,,,,,,,,,pinnacle
spelad,ED,2023/24,2024-03-03,,For Sittard,Excelsior,5,2,H,17,5,8,2,2.2874,0.6163,skott,,,,,,,,,,0.5028,0.2623,0.235,0.5171,0.2552,0.2277,1,1.95,3.8,4.13,1.91,4,4.3,0.5064,0.5256,0.239,0.5777,0.1788,1,5,0.6,0.1028,0.1496,0,0,,,0.036,-0.0246,,,,,,,,,,,,,,,,,pinnacle
spelad,ED,2023/24,2024-03-03,,Heerenveen,Zwolle,2,0,H,15,11,6,3,1.8488,1.1316,skott,,,,,,,,,,0.5851,0.2183,0.1966,0.6677,0.1948,0.1375,1,1.66,4.45,5.25,1.49,5,7.04,0.5793,0.6127,-0.6823,0.7805,-0.7911,-1,10,-0.6,-0.4486,-0.0641,0,0,,,0.2242,-0.0216,,,,,,,,,,,,,,,,,pinnacle
spelad,ED,2023/24,2024-03-03,,Heracles,Almere City,2,2,D,16,14,5,6,1.7478,1.7896,skott,,,,,,,,,,0.3619,0.288,0.3501,0.3606,0.2978,0.3416,1,2.69,3.45,2.78,2.71,3.49,2.85,0.4718,0.4627,-0.4179,0.2554,-0.6675,2,,,,,0,0,,,0.006,-0.0028,,,,,,,,,,,,,,,,,pinnacle
spelad,ED,2023/24,2024-03-03,,PSV Eindhoven,Feyenoord,2,2,D,17,9,8,6,2.2874,1.4936,skott,,,,,,,,,,0.4677,0.2658,0.2665,0.5172,0.2593,0.2235,1,2.1,3.85,3.65,1.93,3.9,4.39,0.5321,0.566,-0.2712,-0.3617,0.028,1,13,0,-0.2307,0.1351,0,0,,,0.142,-0.039,,,,,,,,,,,,,,,,,pinnacle
spelad,ED,2023/24,2024-03-08,,Go Ahead Eagles,PSV Eindhoven,0,1,A,12,21,4,11,1.3509,3.0046,skott,,,,,,,,,,0.1411,0.1801,0.6788,0.1291,0.1783,0.6926,1,7.5,5.5,1.43,7.6,5.5,1.45,0.6765,0.6636,0.4197,-0.397,0.6331,1,5,-3,-0.4137,-0.1538,0,0,,,-0.0378,0.0289,,,,,,,,,,,,,,,,,pinnacle
spelad,ED,2023/24,2024-03-09,,Almere City,Utrecht,1,1,D,9,12,1,4,0.6929,1.3509,skott,,,,,,,,,,0.2512,0.2902,0.4586,0.2602,0.3013,0.4384,1,3.87,3.5,2.12,3.74,3.45,2.23,0.4413,0.4125,0.0502,0.2278,0.096,0,,,,,0,0,,,0.0382,0.0054,,,,,,,,,,,,,,,,,pinnacle
spelad,ED,2023/24,2024-03-09,,Twente,Sparta Rotterdam,2,1,H,19,5,5,2,1.9254,0.6163,skott,,,,,,,,,,0.6764,0.1994,0.1242,0.692,0.1907,0.1173,1,1.44,4.9,8.5,1.42,5.26,8.27,0.5536,0.604,0.9994,-1.6907,0.3829,0,11,0,-0.279,0.1963,0,0,,,0.0381,-0.0203,,,,,,,,,,,,,,,,,pinnacle
spelad,ED,2023/24,2024-03-09,,Waalwijk,Vitesse,3,1,H,17,19,6,5,1.9671,1.9254,skott,,,,,,,,,,0.4171,0.2715,0.3115,0.4158,0.2812,0.3031,1,2.34,3.65,3.12,2.35,3.6,3.28,0.5244,0.5129,0.0164,-0.0902,0.0135,0,8,0,0.4871,0.019,0,0,,,0.0057,0.0166,,,,,,,,,,,,,,,,,pinnacle
spelad,ED,2023/24,2024-03-10,,Ajax,For Sittard,2,2,D,18,9,8,4,2.3466,1.1733,skott,,,,,,,,,,0.6585,0.1979,0.1436,0.637,0.2191,0.1439,1,1.49,4.9,6.9,1.57,4.42,6.73,0.6005,0.5219,0.4974,-1.0548,-0.0176,0,10,2.7,0.2083,-0.0055,0,0,,,-0.0431,-0.0328,,,,,,,,,,,,,,,,,pinnacle
spelad,ED,2023/24,2024-03-10,,AZ Alkmaar,Excelsior,4,0,H,16,4,10,0,2.5485,0.2368,skott,,,,,,,,,,0.7604,0.1506,0.089,0.8016,0.1283,0.0701,1,1.29,6.5,11,1.3,7.5,14.5,0.6244,0.6697,0.5071,-0.7095,0.1325,1,7,0,-0.8689,-0.0279,0,0,,,0.1014,-0.0398,,,,,,,,,,,,,,,,,pinnacle
spelad,ED,2023/24,2024-03-10,,Feyenoord,Heracles,3,0,H,20,3,5,2,1.9846,0.4979,skott,,,,,,,,,,0.8983,0.0643,0.0374,0.8979,0.0652,0.0369,1,1.09,15.09,34,1.1,15,31,0.7825,0.7768,0.2687,0.653,0.01,0,11,2.1818,0.2366,0.0941,0,0,,,-0.0001,-0.0241,,,,,,,,,,,,,,,,,pinnacle
spelad,ED,2023/24,2024-03-10,,Nijmegen,Heerenveen,2,0,H,12,12,5,0,1.511,0.7103,skott,,,,,,,,,,0.4632,0.2658,0.271,0.4541,0.2626,0.2833,1,2.11,3.9,3.59,2.16,3.75,3.47,0.5561,0.5598,0.1729,-0.1227,0.6052,2,5,0,-0.0365,0.3309,0,0,,,-0.0306,-0.0016,,,,,,,,,,,,,,,,,pinnacle
spelad,ED,2023/24,2024-03-10,,Zwolle,Volendam,1,1,D,23,10,10,4,2.9629,1.2325,skott,,,,,,,,,,0.606,0.2155,0.1786,0.6765,0.1882,0.1353,1,1.6,4.75,5.6,1.49,5.34,7.5,0.591,0.6247,0.4174,-0.2267,0.6874,-2,,,,,0,0,,,0.1843,-0.0336,,,,,,,,,,,,,,,,,pinnacle
spelad,ED,2023/24,2024-03-15,,Heracles,Go Ahead Eagles,2,0,H,11,18,3,4,1.1316,1.7061,skott,,,,,,,,,,0.3012,0.2644,0.4344,0.3178,0.2649,0.4173,1,3.23,3.7,2.28,3.27,3.8,2.33,0.59,0.6049,-0.8444,0.6918,-0.7901,-2,3,-2,-1.1193,0.0725,0,0,,,0.0501,-0.0073,,,,,,,,,,,,,,,,,pinnacle
spelad,ED,2023/24,2024-03-16,,Excelsior,Waalwijk,1,1,D,18,16,5,5,1.8662,1.7478,skott,,,,,,,,,,0.4229,0.2672,0.3098,0.3891,0.2755,0.3354,1,2.31,3.65,3.2,2.53,3.65,3,0.5309,0.5436,-0.696,1.4206,-0.4384,-1,3,-1,-0.4167,0.416,0,0,,,-0.0934,0.0095,,,,,,,,,,,,,,,,,pinnacle
spelad,ED,2023/24,2024-03-16,,For Sittard,Zwolle,3,1,H,22,5,12,3,3.224,0.7764,skott,,,,,,,,,,0.5418,0.2412,0.217,0.5425,0.2509,0.2066,1,1.85,4.02,4.5,1.8,4.08,4.71,0.5335,0.5141,0.2269,-0.4145,0.2217,0,9,-0.3333,0.0746,-0.0375,0,0,,,0.0117,-0.0014,,,,,,,,,,,,,,,,,pinnacle
spelad,ED,2023/24,2024-03-16,,Vitesse,Almere City,1,1,D,22,8,7,4,2.4233,1.1141,skott,,,,,,,,,,0.4227,0.2946,0.2826,0.4379,0.2859,0.2762,1,2.3,3.4,3.5,2.31,3.4,3.78,0.4501,0.459,-0.7624,0.5706,-0.8693,0,,,,,0,0,,,0.0368,-0.0264,,,,,,,,,,,,,,,,,pinnacle
spelad,ED,2023/24,2024-03-17,,Heerenveen,Feyenoord,2,3,A,8,21,3,5,0.954,2.0438,skott,,,,,,,,,,0.1544,0.1991,0.6465,0.1265,0.1875,0.6861,1,6.3,5,1.5,8,5.39,1.43,0.5935,0.5875,-0.6617,0.4196,-0.3473,0,13,-1.8462,-0.2279,0.0319,0,0,,,-0.0955,0.0147,,,,,,,,,,,,,,,,,pinnacle
spelad,ED,2023/24,2024-03-17,,PSV Eindhoven,Twente,1,0,H,17,11,5,2,1.807,0.9714,skott,,,,,,,,,,0.6764,0.1915,0.1321,0.692,0.1794,0.1287,1,1.43,5.2,7.5,1.42,5.5,8,0.6015,0.6618,-0.4798,1.0012,-0.1911,1,11,1.3636,-0.0786,0.153,0,0,,,0.0347,-0.011,,,,,,,,,,,,,,,,,pinnacle
spelad,ED,2023/24,2024-03-17,,Sparta Rotterdam,Ajax,2,2,D,11,13,5,7,1.4518,1.8905,skott,,,,,,,,,,0.2855,0.2638,0.4507,0.2959,0.2675,0.4366,1,3.5,3.7,2.16,3.43,3.65,2.28,0.566,0.5623,-0.7503,1.1539,-0.2642,1,11,-3,-0.3594,-0.1324,0,0,,,0.035,0.0007,,,,,,,,,,,,,,,,,pinnacle
spelad,ED,2023/24,2024-03-17,,Utrecht,Nijmegen,1,0,H,14,9,4,5,1.4693,1.3334,skott,,,,,,,,,,0.5116,0.2518,0.2365,0.4694,0.2722,0.2584,1,1.96,3.86,4.2,2.14,3.65,3.82,0.5473,0.5373,0.1044,-0.405,-0.3034,1,5,0.6,-0.0372,0.1407,0,0,,,-0.1064,-0.0171,,,,,,,,,,,,,,,,,pinnacle
spelad,ED,2023/24,2024-03-17,,Volendam,AZ Alkmaar,0,4,A,6,20,2,8,0.6754,2.465,skott,,,,,,,,,,0.0856,0.149,0.7653,0.0631,0.1236,0.8133,1,12,6.7,1.27,15.34,7.83,1.22,0.6444,0.6847,-0.1269,0.2304,-0.1011,0,3,-2,-0.1272,0.1853,0,0,,,-0.0931,0.0283,,,,,,,,,,,,,,,,,pinnacle
spelad,ED,2023/24,2024-03-30,,AZ Alkmaar,Vitesse,2,0,H,17,8,5,2,1.807,0.7938,skott,,,,,,,,,,0.7497,0.1568,0.0934,0.7857,0.1379,0.0763,1,1.29,6.3,12,1.22,7.5,16.1,0.6123,0.6476,0.8098,-1.2715,0.693,-1,12,1,0.1954,0.0778,0,0,,,0.0891,0.0226,,,,,,,,,,,,,,,,,pinnacle
spelad,ED,2023/24,2024-03-30,,Go Ahead Eagles,Excelsior,3,0,H,18,10,6,0,2.0263,0.5919,skott,,,,,,,,,,0.604,0.2119,0.1841,0.6513,0.1988,0.1499,1,1.6,4.6,5.75,1.51,4.9,7,0.6084,0.6565,0.8579,-1.1946,0.9139,1,3,0,-0.3302,0.0853,0,0,,,0.1288,-0.0216,,,,,,,,,,,,,,,,,pinnacle
spelad,ED,2023/24,2024-03-30,,Nijmegen,PSV Eindhoven,3,1,H,8,27,4,6,1.1141,2.5591,skott,,,,,,,,,,0.1512,0.1853,0.6634,0.1218,0.1709,0.7074,1,7,5.3,1.46,8.5,5.7,1.39,0.642,0.6437,-0.2839,0.1124,0.1024,0,5,-3,-0.4188,-0.143,0,0,,,-0.1029,0.0135,,,,,,,,,,,,,,,,,pinnacle
spelad,ED,2023/24,2024-03-30,,Sparta Rotterdam,For Sittard,4,0,H,17,14,9,3,2.4476,1.3091,skott,,,,,,,,,,0.4401,0.2743,0.2856,0.4278,0.2827,0.2895,1,2.27,3.6,3.41,2.32,3.49,3.43,0.4744,0.4718,-0.8453,0.6251,-0.8021,-1,9,0.6667,0.0645,0.0681,0,0,,,-0.0284,-0.0116,,,,,,,,,,,,,,,,,pinnacle
spelad,ED,2023/24,2024-03-30,,Waalwijk,Heerenveen,1,1,D,9,10,3,6,1.0132,1.5528,skott,,,,,,,,,,0.3349,0.2749,0.3902,0.3351,0.2697,0.3952,1,2.93,3.7,2.48,2.89,3.69,2.51,0.5347,0.5561,0.1965,-0.6911,-0.0757,1,8,-0.75,-0.108,0.2578,0,0,,,-0.0046,0.0132,,,,,,,,,,,,,,,,,pinnacle
spelad,ED,2023/24,2024-03-31,,Almere City,Volendam,1,1,D,14,18,7,6,1.9497,2.0263,skott,,,,,,,,,,0.6608,0.2048,0.1344,0.684,0.1906,0.1254,1,1.49,4.8,7.5,1.44,5.2,8.5,0.5499,0.566,0.4822,-0.68,0.6547,1,,,,,0,0,,,0.0553,-0.0043,,,,,,,,,,,,,,,,,pinnacle
spelad,ED,2023/24,2024-03-31,,Feyenoord,Utrecht,4,2,H,27,3,10,3,3.1996,0.658,skott,,,,,,,,,,0.7087,0.1724,0.1188,0.7369,0.1586,0.1045,1,1.36,6,11,1.31,6.2,10.8,0.5925,0.6271,0.1538,0.1181,-0.1682,0,13,1.1538,0.1795,0.0754,0,0,,,0.0708,0.0041,,,,,,,,,,,,,,,,,pinnacle
spelad,ED,2023/24,2024-03-31,,Twente,Heracles,1,0,H,11,5,3,1,1.1316,0.4561,skott,,,,,,,,,,0.7808,0.1398,0.0794,0.8077,0.1278,0.0645,1,1.24,7.1,13,1.22,7.8,16.2,0.6572,0.6736,0.3286,-0.3758,0.1808,-2,8,0,-0.3214,0.2402,0,0,,,0.0686,-0.0249,,,,,,,,,,,,,,,,,pinnacle
spelad,ED,2023/24,2024-03-31,,Zwolle,Ajax,1,3,A,13,9,4,5,1.4101,1.3334,skott,,,,,,,,,,0.2102,0.232,0.5578,0.1809,0.2166,0.6025,1,4.75,4.25,1.73,5.81,4.53,1.62,0.6195,0.6589,0.1202,0.2781,0.2902,1,10,-2.7,-0.2435,-0.022,0,0,,,-0.1035,0.0062,,,,,,,,,,,,,,,,,pinnacle
spelad,ED,2023/24,2024-04-02,,Excelsior,PSV Eindhoven,0,2,A,0,21,0,5,0,2.0438,skott,,,,,,,,,,0.0685,0.1045,0.827,0.0531,0.095,0.8519,1,16.5,9.7,1.18,20,10.13,1.16,0.7679,0.7609,-0.6541,0.9102,-0.7073,0,7,-3,-0.2822,-0.107,0,0,,,-0.0557,0.027,,,,,,,,,,,,,,,,,pinnacle
spelad,ED,2023/24,2024-04-02,,For Sittard,Nijmegen,1,1,D,30,6,8,1,3.0569,0.5153,skott,,,,,,,,,,0.4051,0.2952,0.2997,0.3999,0.288,0.3121,1,2.42,3.4,3.25,2.52,3.48,3.1,0.4557,0.4807,-0.3104,0.8006,-0.4626,0,5,-0.6,-0.1419,0.1489,0,0,,,-0.0229,-0.0269,,,,,,,,,,,,,,,,,pinnacle
spelad,ED,2023/24,2024-04-02,,Vitesse,Sparta Rotterdam,1,4,A,21,12,6,7,2.2039,1.8313,skott,,,,,,,,,,0.347,0.2734,0.3796,0.3325,0.2644,0.4031,1,2.8,3.62,2.58,3.12,3.76,2.4,0.534,0.5359,-0.3287,0.6752,-0.408,0,10,-0.9,-0.5961,-0.1638,0,0,,,-0.0525,-0.0167,,,,,,,,,,,,,,,,,pinnacle
spelad,ED,2023/24,2024-04-03,,Heerenveen,Twente,3,3,D,9,14,5,6,1.3334,1.7896,skott,,,,,,,,,,0.2637,0.2463,0.49,0.2212,0.246,0.5328,1,3.7,4,1.97,4.5,4.25,1.88,0.5473,0.5487,-0.564,0.5883,-0.2832,1,11,0.2727,0.2212,0.1096,0,0,,,-0.1279,0.0171,,,,,,,,,,,,,,,,,pinnacle
spelad,ED,2023/24,2024-04-03,,Heracles,AZ Alkmaar,5,0,H,21,18,9,4,2.6843,1.7061,skott,,,,,,,,,,0.1377,0.2021,0.6602,0.1326,0.2073,0.6602,1,7.5,5,1.47,7.8,5.07,1.47,0.5685,0.5436,-0.1895,0.2546,-0.0528,-1,10,-1.5,0.0565,-0.0905,0,0,,,-0.0102,0.0063,,,,,,,,,,,,,,,,,pinnacle
spelad,ED,2023/24,2024-04-03,,Utrecht,Zwolle,5,1,H,18,5,7,2,2.1865,0.6163,skott,,,,,,,,,,0.6391,0.2075,0.1534,0.6558,0.2064,0.1377,1,1.52,4.7,6.75,1.47,4.99,7.4,0.5685,0.5649,0.9907,-1.2315,0.8506,0,11,0.5455,-0.1931,0.2132,0,0,,,0.0492,0.0115,,,,,,,,,,,,,,,,,pinnacle
spelad,ED,2023/24,2024-04-04,,Ajax,Go Ahead Eagles,1,1,D,21,10,7,4,2.3641,1.2325,skott,,,,,,,,,,0.6502,0.1968,0.153,0.5976,0.2202,0.1822,1,1.5,4.9,6.4,1.65,4.6,5.5,0.6411,0.6152,-0.4149,0.2421,-0.688,-1,5,0,-1.2258,0.4641,0,0,,,-0.1345,0.002,,,,,,,,,,,,,,,,,pinnacle
spelad,ED,2023/24,2024-04-04,,Volendam,Feyenoord,0,0,D,9,23,1,10,0.6929,2.9629,skott,,,,,,,,,,0.0442,0.0754,0.8804,0.0411,0.0763,0.8825,1,28,13,1.1,27,13,1.11,0.7814,0.7896,-1.0806,0.8601,-0.673,0,3,-3,-0.314,-0.1011,0,0,,,-0.0082,0.0122,,,,,,,,,,,,,,,,,pinnacle
spelad,ED,2023/24,2024-04-04,,Waalwijk,Almere City,0,0,D,15,9,3,0,1.3683,0.5327,skott,,,,,,,,,,0.4245,0.2822,0.2933,0.4624,0.2785,0.2591,1,2.28,3.65,3.31,2.13,3.67,3.74,0.4845,0.4961,-0.1061,-0.4406,-0.2054,1,,,,,0,0,,,0.11,-0.0231,,,,,,,,,,,,,,,,,pinnacle
spelad,ED,2023/24,2024-04-06,,PSV Eindhoven,AZ Alkmaar,5,1,H,18,10,8,6,2.3466,1.5528,skott,,,,,,,,,,0.6689,0.1954,0.1357,0.6774,0.1886,0.134,1,1.47,5,7.5,1.46,5.2,7.5,0.5925,0.6388,-0.4657,0.8751,-0.0226,1,12,0,-0.2257,-0.2381,0,0,,,0.0186,-0.0093,,,,,,,,,,,,,,,,,pinnacle
spelad,ED,2023/24,2024-04-06,,Sparta Rotterdam,Heracles,1,2,A,21,8,4,4,1.8836,1.1141,skott,,,,,,,,,,0.5776,0.2275,0.1949,0.5812,0.225,0.1937,1,1.71,4.3,5,1.71,4.5,5.5,0.5865,0.6127,-0.1013,0.1468,-0.2382,1,8,0,-0.2043,0.2303,0,0,,,0.0083,0.0023,,,,,,,,,,,,,,,,,pinnacle
spelad,ED,2023/24,2024-04-06,,Twente,For Sittard,2,0,H,26,4,8,2,2.8202,0.5571,skott,,,,,,,,,,0.6815,0.1965,0.1219,0.6891,0.1926,0.1184,1,1.43,5,8.5,1.43,5.13,8.15,0.541,0.5649,0.5168,-1.179,-0.0603,-1,8,0.75,0.0453,-0.2382,0,0,,,0.0187,-0.0224,,,,,,,,,,,,,,,,,pinnacle
spelad,ED,2023/24,2024-04-06,,Zwolle,Excelsior,2,1,H,25,8,11,4,3.2414,1.1141,skott,,,,,,,,,,0.4856,0.2453,0.2692,0.4999,0.2552,0.2449,1,2.05,4.05,3.6,2.01,3.9,4,0.604,0.5536,-0.1814,0.2519,0.0244,-1,5,2.4,1.0239,-0.0608,0,0,,,0.0529,-0.0364,,,,,,,,,,,,,,,,,pinnacle
spelad,ED,2023/24,2024-04-07,,Feyenoord,Ajax,6,0,H,30,1,15,1,4.1779,0.2193,skott,,,,,,,,,,0.6672,0.1884,0.1445,0.7115,0.17,0.1184,1,1.47,5.1,7.5,1.41,5.65,8.5,0.637,0.696,0.7613,-0.2259,0.6898,0,12,-1.25,-0.0655,-0.1342,0,0,,,0.1148,-0.0364,,,,,,,,,,,,,,,,,pinnacle
spelad,ED,2023/24,2024-04-07,,Go Ahead Eagles,Almere City,1,1,D,12,18,4,6,1.3509,2.0263,skott,,,,,,,,,,0.5812,0.2347,0.1841,0.5645,0.2413,0.1942,1,1.7,4.11,5.25,1.74,4.1,5.4,0.5321,0.5398,0.0372,0.0735,0.1292,0,,,,,0,0,,,-0.0435,-0.0057,,,,,,,,,,,,,,,,,pinnacle
spelad,ED,2023/24,2024-04-07,,Heerenveen,Utrecht,2,3,A,13,18,5,6,1.5702,2.0263,skott,,,,,,,,,,0.3612,0.279,0.3598,0.3857,0.2979,0.3164,1,2.69,3.65,2.7,2.6,3.47,3.07,0.5179,0.4564,-0.5664,0.6907,-0.4914,0,12,-1.5,-0.428,0.091,0,0,,,0.0925,-0.0176,,,,,,,,,,,,,,,,,pinnacle
spelad,ED,2023/24,2024-04-07,,Vitesse,Nijmegen,0,3,A,20,8,6,7,2.1447,1.5945,skott,,,,,,,,,,0.3152,0.2695,0.4153,0.3327,0.2588,0.4085,1,3.07,3.8,2.35,3.06,3.81,2.37,0.5561,0.5768,-1.0585,1.7805,-1.01,0,5,2.4,1.1656,-0.0735,0,0,,,0.0418,-0.0254,,,,,,,,,,,,,,,,,pinnacle
spelad,ED,2023/24,2024-04-07,,Volendam,Waalwijk,3,2,H,20,15,8,8,2.465,2.169,skott,,,,,,,,,,0.2603,0.2495,0.4902,0.2745,0.2471,0.4784,1,3.8,3.92,1.98,3.6,3.92,2.04,0.5649,0.599,-0.1359,0.9607,0.0533,0,3,-1,-0.1331,-0.2423,0,0,,,0.0403,0.005,,,,,,,,,,,,,,,,,pinnacle
spelad,ED,2023/24,2024-04-12,,Excelsior,Volendam,4,0,H,35,13,15,5,4.4739,1.5702,skott,,,,,,,,,,0.5395,0.23,0.2305,0.5735,0.2241,0.2024,1,1.84,4.33,4.2,1.77,4.5,4.76,0.628,0.6346,-0.6878,0.7974,-1.0361,1,3,-1,-0.2483,-0.2421,0,0,,,0.096,-0.0363,,,,,,,,,,,,,,,,,pinnacle
spelad,ED,2023/24,2024-04-13,,Almere City,Sparta Rotterdam,2,3,A,13,13,2,5,1.0898,1.5702,skott,,,,,,,,,,0.3472,0.2816,0.3712,0.3316,0.2873,0.3812,1,2.8,3.48,2.63,2.92,3.5,2.61,0.5026,0.5077,-0.0261,0.441,-0.0875,-1,,,,,0,0,,,-0.0413,0.008,,,,,,,,,,,,,,,,,pinnacle
spelad,ED,2023/24,2024-04-13,,AZ Alkmaar,Waalwijk,3,2,H,21,5,7,3,2.3641,0.7764,skott,,,,,,,,,,0.7392,0.1583,0.1025,0.7399,0.1641,0.096,1,1.31,6.2,10.5,1.34,6,10.5,0.6313,0.6461,0.6934,0.3611,0.5435,1,9,1,-0.2557,-0.1756,0,0,,,0.0077,-0.0257,,,,,,,,,,,,,,,,,pinnacle
spelad,ED,2023/24,2024-04-13,,PSV Eindhoven,Vitesse,6,0,H,29,9,12,0,3.6383,0.5327,skott,,,,,,,,,,0.9179,0.0544,0.0277,0.9065,0.0641,0.0295,1,1.07,17.71,43,1.08,17,41,0.7931,0.8388,0.936,-1.4198,0.6024,1,13,2.0769,0.4604,-0.0697,0,0,,,-0.0247,-0.0196,,,,,,,,,,,,,,,,,pinnacle
spelad,ED,2023/24,2024-04-14,,Ajax,Twente,2,1,H,8,7,4,3,1.1141,0.8948,skott,,,,,,,,,,0.3467,0.2679,0.3854,0.3935,0.2806,0.3259,1,2.8,3.7,2.55,2.52,3.5,3.1,0.5875,0.5424,-0.2875,0.2977,-0.426,-1,10,0.3,-0.7489,0.1342,0,0,,,0.153,-0.0183,,,,,,,,,,,,,,,,,pinnacle
spelad,ED,2023/24,2024-04-14,,For Sittard,Feyenoord,0,1,A,14,10,3,3,1.3091,1.0724,skott,,,,,,,,,,0.1186,0.1802,0.7012,0.1176,0.1727,0.7098,1,9.5,5.5,1.38,9,5.7,1.38,0.584,0.6195,-0.5943,0.7187,-0.0249,1,11,-1.3636,0.2599,0.0276,0,0,,,-0.0106,0.0039,,,,,,,,,,,,,,,,,pinnacle
spelad,ED,2023/24,2024-04-14,,Heracles,Heerenveen,0,2,A,12,20,3,7,1.1907,2.3049,skott,,,,,,,,,,0.3385,0.2696,0.3919,0.3559,0.263,0.3811,1,2.88,3.66,2.48,2.75,3.7,2.63,0.5598,0.5829,0.7491,-1.1321,1.0268,1,11,-0.2727,0.0243,-0.0694,0,0,,,0.0456,0.0068,,,,,,,,,,,,,,,,,pinnacle
spelad,ED,2023/24,2024-04-14,,Nijmegen,Zwolle,2,2,D,16,10,9,5,2.3884,1.3926,skott,,,,,,,,,,0.6192,0.2095,0.1713,0.602,0.2169,0.1811,1,1.56,4.7,5.8,1.63,4.65,5.5,0.6161,0.6118,1.503,-3.144,1.4223,-1,3,2,1.1648,0.0682,0,0,,,-0.0442,0.001,,,,,,,,,,,,,,,,,pinnacle
spelad,ED,2023/24,2024-04-14,,Utrecht,Go Ahead Eagles,2,1,H,16,14,6,3,1.9079,1.3091,skott,,,,,,,,,,0.5483,0.2419,0.2098,0.5286,0.2593,0.2121,1,1.78,4.05,4.75,1.83,4,5.1,0.5685,0.5436,0.5119,-0.3468,0.4798,0,5,0,-0.502,0.3481,0,0,,,-0.0419,0.0368,,,,,,,,,,,,,,,,,pinnacle
spelad,ED,2023/24,2024-04-24,,Ajax,Excelsior,2,2,D,8,9,5,4,1.2743,1.1733,skott,,,,,,,,,,0.743,0.1529,0.1041,0.7015,0.1754,0.1231,1,1.33,6.5,10,1.4,6.8,9.5,0.6751,0.6379,0.3459,-0.0268,0.4815,-2,7,2.5714,0.1222,0.0348,0,0,,,-0.102,0.0179,,,,,,,,,,,,,,,,,pinnacle
spelad,ED,2023/24,2024-04-24,,Twente,Almere City,3,1,H,15,7,8,2,2.169,0.7346,skott,,,,,,,,,,0.7479,0.1652,0.0868,0.7582,0.1678,0.0741,1,1.3,5.9,13,1.31,6,15,0.566,0.5167,0.6491,-0.1801,0.5457,-1,,,,,0,0,,,0.0333,-0.0155,,,,,,,,,,,,,,,,,pinnacle
spelad,ED,2023/24,2024-04-25,,Go Ahead Eagles,Feyenoord,1,3,A,16,17,6,7,1.9079,2.1273,skott,,,,,,,,,,0.1773,0.1937,0.6291,0.1609,0.2215,0.6176,1,6.3,5,1.54,6.4,4.7,1.61,0.6108,0.6005,-0.7683,0.7146,-0.5005,0,5,-3,-0.4491,-0.1485,0,0,,,-0.0214,0.0324,,,,,,,,,,,,,,,,,pinnacle
spelad,ED,2023/24,2024-04-25,,Heerenveen,PSV Eindhoven,0,8,A,8,16,2,11,0.7938,2.7086,skott,,,,,,,,,,0.1357,0.1664,0.698,0.114,0.1769,0.7091,1,8,5.8,1.39,8.9,5.6,1.39,0.675,0.7,-0.1697,0.2651,-0.0354,-1,12,-1,0.2345,0.3342,0,0,,,-0.0544,0.0172,,,,,,,,,,,,,,,,,pinnacle
spelad,ED,2023/24,2024-04-28,,Nijmegen,AZ Alkmaar,0,3,A,14,11,6,6,1.7896,1.612,skott,,,,,,,,,,0.2824,0.2576,0.46,0.289,0.2521,0.4589,1,3.45,4,2.11,3.36,4.07,2.16,0.5587,0.5598,0.5285,-1.6197,0.6912,-1,5,-0.6,0.344,0.1888,0,0,,,0.0143,0.0126,,,,,,,,,,,,,,,,,pinnacle
spelad,ED,2023/24,2024-04-28,,Sparta Rotterdam,Volendam,1,0,H,10,10,3,2,1.0724,0.9122,skott,,,,,,,,,,0.7201,0.1622,0.1177,0.7799,0.1349,0.0851,1,1.35,6,9,1.25,7.5,12.5,0.672,0.7425,-0.0497,-0.7969,-0.0079,-1,3,1,0.384,-0.2501,0,0,,,0.1522,0.0022,,,,,,,,,,,,,,,,,pinnacle
spelad,ED,2023/24,2024-04-28,,Vitesse,For Sittard,3,2,H,10,19,6,10,1.5528,2.7261,skott,,,,,,,,,,0.2687,0.2594,0.4719,0.3123,0.2575,0.4303,1,3.63,4,2.05,3.27,3.8,2.25,0.5039,0.5398,-0.4323,1.0473,-0.6675,1,11,0.2727,-0.2893,-0.0435,0,0,,,0.1288,-0.0183,,,,,,,,,,,,,,,,,pinnacle
spelad,ED,2023/24,2024-04-28,,Waalwijk,Utrecht,2,2,D,9,11,6,5,1.4936,1.4518,skott,,,,,,,,,,0.297,0.261,0.4421,0.2662,0.2669,0.4668,1,3.26,3.8,2.22,3.64,3.88,2.1,0.5398,0.5347,-0.8904,0.273,-0.9923,1,9,-0.3333,0.4047,0.2394,0,0,,,-0.0863,0.0248,,,,,,,,,,,,,,,,,pinnacle
spelad,ED,2023/24,2024-04-28,,Zwolle,Heracles,3,1,H,22,10,6,4,2.2631,1.2325,skott,,,,,,,,,,0.4483,0.2653,0.2865,0.461,0.2508,0.2881,1,2.2,4,3.38,2.27,4.06,3.4,0.5865,0.6289,-0.7724,2.0018,-0.8212,0,10,-0.6,-0.185,-0.0644,0,0,,,0.0239,-0.0268,,,,,,,,,,,,,,,,,pinnacle
spelad,ED,2023/24,2024-05-03,,Almere City,Heerenveen,1,1,D,13,18,4,5,1.4101,1.8662,skott,,,,,,,,,,0.3356,0.2793,0.3851,0.3214,0.2756,0.403,1,2.88,3.6,2.55,3.06,3.6,2.45,0.5347,0.541,-0.0759,-0.8413,-0.2114,1,,,,,0,0,,,-0.0464,0.0199,,,,,,,,,,,,,,,,,pinnacle
spelad,ED,2023/24,2024-05-03,,For Sittard,Go Ahead Eagles,0,0,D,27,6,5,1,2.3989,0.5153,skott,,,,,,,,,,0.3812,0.2705,0.3483,0.4032,0.271,0.3258,1,2.54,3.62,2.79,2.42,3.69,3.02,0.5524,0.5436,-0.3398,0.7835,0.0803,-3,5,-1.8,-0.6145,-0.2668,0,0,,,0.0664,-0.0094,,,,,,,,,,,,,,,,,pinnacle
spelad,ED,2023/24,2024-05-05,,AZ Alkmaar,Twente,2,1,H,10,15,4,4,1.2325,1.5285,skott,,,,,,,,,,0.4133,0.2747,0.312,0.4304,0.2873,0.2823,1,2.36,3.55,3.11,2.25,3.5,3.47,0.5116,0.491,0.1021,-0.1806,-0.1184,-4,11,0,-0.2982,-0.1477,0,0,,,0.0638,0.0016,,,,,,,,,,,,,,,,,pinnacle
spelad,ED,2023/24,2024-05-05,,Feyenoord,Zwolle,5,0,H,30,3,17,0,4.4982,0.1776,skott,,,,,,,,,,0.8921,0.067,0.0409,0.8799,0.0772,0.043,1,1.11,14.38,27,1.1,14,27,0.7244,0.8152,0.8,-1.3373,0.4393,3,11,2.1818,0.3406,-0.0981,0,0,,,-0.0264,-0.0155,,,,,,,,,,,,,,,,,pinnacle
spelad,ED,2023/24,2024-05-05,,Heracles,Waalwijk,0,5,A,16,19,5,10,1.7478,2.7261,skott,,,,,,,,,,0.417,0.2539,0.3291,0.4244,0.2594,0.3162,1,2.34,3.83,3,2.33,3.85,3.14,0.5915,0.6346,0.6351,-0.4492,0.7546,0,7,-0.4286,-0.347,-0.2443,0,0,,,0.0276,-0.012,,,,,,,,,,,,,,,,,pinnacle
spelad,ED,2023/24,2024-05-05,,PSV Eindhoven,Sparta Rotterdam,4,2,H,18,7,7,1,2.1865,0.5745,skott,,,,,,,,,,0.8527,0.0893,0.058,0.8673,0.0832,0.0495,1,1.14,11,22,1.14,12,24,0.7299,0.7848,-0.2079,-0.1379,-0.2416,3,10,2.4,0.3892,0.0108,0,0,,,0.0376,-0.0238,,,,,,,,,,,,,,,,,pinnacle
spelad,ED,2023/24,2024-05-05,,Utrecht,Vitesse,1,0,H,15,20,6,5,1.8488,1.9846,skott,,,,,,,,,,0.7067,0.1767,0.1166,0.7501,0.1605,0.0894,1,1.38,5.5,8.5,1.28,6.8,11.1,0.6337,0.6728,1.0069,-1.9555,0.76,0,12,-1,-0.6505,0.0666,0,0,,,0.114,0.0008,,,,,,,,,,,,,,,,,pinnacle
spelad,ED,2023/24,2024-05-05,,Volendam,Ajax,1,4,A,8,17,2,11,0.7938,2.7678,skott,,,,,,,,,,0.1393,0.1478,0.7129,0.1013,0.14,0.7588,1,8,6.6,1.36,10.6,6.83,1.3,0.7505,0.7379,-0.1414,-0.0125,0.2477,-4,3,-2,0.0506,0.2336,0,0,,,-0.1219,0.0085,,,,,,,,,,,,,,,,,pinnacle
spelad,ED,2023/24,2024-05-06,,Excelsior,Nijmegen,0,3,A,9,19,1,8,0.6929,2.4058,skott,,,,,,,,,,0.3241,0.25,0.4259,0.4262,0.2636,0.3101,1,3,3.93,2.3,2.35,3.7,3.2,0.6186,0.6084,-0.6674,1.2344,-0.6256,4,3,0,0.5201,0.1048,0,0,,,0.3201,-0.0157,,,,,,,,,,,,,,,,,pinnacle
spelad,ED,2023/24,2024-05-12,,Ajax,Almere City,3,0,H,11,3,4,0,1.2917,0.1776,skott,,,,,,,,,,0.778,0.1401,0.0819,0.7718,0.1468,0.0814,1,1.25,7.1,13,1.27,7,12.5,0.6795,0.6476,0.3036,0.3222,0.2254,-2,,,,,0,0,,,-0.0119,-0.0071,,,,,,,,,,,,,,,,,pinnacle
spelad,ED,2023/24,2024-05-12,,Excelsior,Heracles,4,0,H,19,6,9,0,2.5659,0.3552,skott,,,,,,,,,,0.51,0.2357,0.2543,0.5748,0.2175,0.2077,1,1.95,4.2,3.8,1.72,4.5,4.7,0.637,0.6839,-0.436,0.3677,-0.5751,-1,5,-0.6,-0.1917,0.1472,0,0,,,0.1763,-0.0102,,,,,,,,,,,,,,,,,pinnacle
spelad,ED,2023/24,2024-05-12,,For Sittard,PSV Eindhoven,1,1,D,10,12,6,5,1.5528,1.511,skott,,,,,,,,,,0.0935,0.1485,0.758,0.1068,0.1512,0.742,1,10.5,6.7,1.28,9.54,6.33,1.34,0.669,0.6989,-1.1823,2.288,-0.6026,2,10,-2.7,-0.2578,-0.0312,0,0,,,0.0428,0.0189,,,,,,,,,,,,,,,,,pinnacle
spelad,ED,2023/24,2024-05-12,,Go Ahead Eagles,AZ Alkmaar,0,3,A,16,17,4,4,1.5877,1.6469,skott,,,,,,,,,,0.2247,0.2472,0.5281,0.2025,0.219,0.5784,1,4.3,4,1.84,5.22,4.5,1.68,0.5536,0.6238,-0.8913,0.0487,-0.728,2,5,-3,-0.6516,-0.2161,0,0,,,-0.0948,0.0037,,,,,,,,,,,,,,,,,pinnacle
spelad,ED,2023/24,2024-05-12,,Heerenveen,Vitesse,1,3,A,22,16,5,7,2.103,2.0681,skott,,,,,,,,,,0.6605,0.1902,0.1493,0.595,0.2086,0.1963,1,1.49,5.1,6.5,1.64,4.7,5.4,0.6636,0.6831,0.2983,-0.7052,0.0677,2,13,0.2308,0.2364,0.0393,0,0,,,-0.178,-0.0054,,,,,,,,,,,,,,,,,pinnacle
spelad,ED,2023/24,2024-05-12,,Nijmegen,Feyenoord,2,3,A,12,21,6,6,1.6712,2.2039,skott,,,,,,,,,,0.1869,0.1948,0.6182,0.2062,0.224,0.5698,1,5.75,5,1.56,4.77,4.35,1.75,0.6549,0.6379,-0.0886,-0.3295,0.1553,-1,5,-1.8,-0.0539,0.2407,0,0,,,0.087,0.0243,,,,,,,,,,,,,,,,,pinnacle
spelad,ED,2023/24,2024-05-12,,Twente,Volendam,7,2,H,19,6,10,2,2.7261,0.6754,skott,,,,,,,,,,0.9041,0.0635,0.0324,0.9065,0.059,0.0345,1,1.08,15.23,34,1.07,17,43,0.7747,0.8323,-0.1526,0.2293,-0.3641,0,3,1,-0.2417,-0.1853,0,0,,,0.0028,-0.0075,,,,,,,,,,,,,,,,,pinnacle
spelad,ED,2023/24,2024-05-12,,Utrecht,Sparta Rotterdam,0,1,A,20,10,5,4,1.9846,1.2325,skott,,,,,,,,,,0.5512,0.2335,0.2153,0.5336,0.2439,0.2225,1,1.78,4.13,4.6,1.84,4.1,4.5,0.5758,0.5995,0.2921,0.1105,0.2163,0,11,2.7273,1.0877,-0.165,0,0,,,-0.0424,-0.0007,,,,,,,,,,,,,,,,,pinnacle
spelad,ED,2023/24,2024-05-12,,Waalwijk,Zwolle,1,1,D,22,15,5,11,2.103,2.6495,skott,,,,,,,,,,0.5646,0.2209,0.2145,0.5966,0.2097,0.1937,1,1.73,4.45,4.75,1.64,4.8,5.25,0.6238,0.6636,0.125,-1.4094,0.0829,0,7,-0.4286,-0.072,0.3106,0,0,,,0.085,-0.0014,,,,,,,,,,,,,,,,,pinnacle
spelad,ED,2023/24,2024-05-19,,Almere City,Nijmegen,1,4,A,15,21,4,11,1.5285,3.0046,skott,,,,,,,,,,0.3028,0.2552,0.4421,0.3322,0.2562,0.4117,1,3.21,3.81,2.21,3.14,3.84,2.38,0.5628,0.5844,-0.4359,0.786,-0.6336,0,,,,,0,0,,,0.0892,-0.0005,,,,,,,,,,,,,,,,,pinnacle
spelad,ED,2023/24,2024-05-19,,AZ Alkmaar,Utrecht,3,3,D,7,21,4,11,1.0549,3.0046,skott,,,,,,,,,,0.6575,0.1902,0.1523,0.664,0.1882,0.1478,1,1.46,5.3,7,1.44,5.5,7.6,0.6309,0.6557,0.1833,0.1763,-0.0051,0,12,0.75,0.0534,0.1683,0,0,,,0.0175,0.0317,,,,,,,,,,,,,,,,,pinnacle
spelad,ED,2023/24,2024-05-19,,Feyenoord,Excelsior,4,0,H,23,7,7,1,2.4824,0.5745,skott,,,,,,,,,,0.7554,0.1368,0.1078,0.7683,0.1318,0.1,1,1.27,7.5,10,1.25,7.64,11.5,0.7682,0.787,0.7264,-0.2647,0.5798,0,7,2.1429,0.1033,-0.1399,0,0,,,0.0336,0.0084,,,,,,,,,,,,,,,,,pinnacle
spelad,ED,2023/24,2024-05-19,,Heracles,For Sittard,0,0,D,9,12,3,4,1.0132,1.3509,skott,,,,,,,,,,0.3786,0.2748,0.3466,0.3715,0.2526,0.3759,1,2.58,3.75,2.78,2.66,3.9,2.61,0.5929,0.632,1.2019,-1.4123,0.5401,0,9,0.6667,0.2771,-0.1379,0,0,,,-0.0434,-0.0092,,,,,,,,,,,,,,,,,pinnacle
spelad,ED,2023/24,2024-05-19,,PSV Eindhoven,Waalwijk,3,1,H,34,5,9,2,3.4539,0.6163,skott,,,,,,,,,,0.7838,0.1262,0.09,0.8492,0.0887,0.0621,1,1.23,8.2,13,1.17,10.8,20,0.7734,0.8575,0.4646,-0.6323,0.2575,0,8,3,0.5563,-0.1468,0,0,,,0.1587,-0.0147,,,,,,,,,,,,,,,,,pinnacle
spelad,ED,2023/24,2024-05-19,,Sparta Rotterdam,Heerenveen,2,1,H,10,19,4,5,1.2325,1.9254,skott,,,,,,,,,,0.4828,0.249,0.2682,0.5704,0.2244,0.2052,1,2.02,3.95,3.7,1.74,4.45,5.01,0.6185,0.669,1.1819,-1.9818,1.0722,0,10,0,0.0879,0.137,0,0,,,0.2383,-0.015,,,,,,,,,,,,,,,,,pinnacle
spelad,ED,2023/24,2024-05-19,,Vitesse,Ajax,2,2,D,15,25,6,5,1.8488,2.2806,skott,,,,,,,,,,0.179,0.2132,0.6078,0.2133,0.2086,0.5781,1,5.5,4.95,1.58,4.7,4.75,1.68,0.6909,0.7332,-0.646,1.3872,-0.0374,0,12,-1.25,0.2101,0.0813,0,0,,,0.0983,0.0035,,,,,,,,,,,,,,,,,pinnacle
spelad,ED,2023/24,2024-05-19,,Volendam,Go Ahead Eagles,1,2,A,14,21,4,11,1.4693,3.0046,skott,,,,,,,,,,0.1842,0.2043,0.6115,0.1822,0.1968,0.621,1,5.5,5,1.57,5.5,5,1.57,0.6961,0.7316,0.3559,0.348,0.6335,0,3,-3,-1.0018,-0.2268,0,0,,,-0.0135,-0.0018,,,,,,,,,,,,,,,,,pinnacle
spelad,ED,2023/24,2024-05-19,,Zwolle,Twente,1,2,A,6,26,3,6,0.8356,2.4999,skott,,,,,,,,,,0.107,0.1486,0.7444,0.1321,0.1646,0.7033,1,10.5,6.9,1.29,8.6,6.6,1.37,0.6806,0.7244,0.0552,0.6658,0.3048,0,8,-1.5,-0.3365,-0.2532,0,0,,,0.0914,-0.0405,,,,,,,,,,,,,,,,,pinnacle
spelad,ED,2024/25,2024-08-09,19:00,Groningen,NAC Breda,4,1,H,17,7,9,3,2.4476,0.8948,skott,,8,1,7,7,1,3,0,1,0.5909,0.239,0.1702,0.5733,0.2528,0.1739,1,1.64,4.25,5.7,1.7,4.2,5.54,0.5804,0.5359,-0.3967,0.7584,-0.435,,4,0,-0.4348,0.2457,0,0,,,-0.0388,-0.0079,,,,,,,,,,,,,,,,,pinnacle
spelad,ED,2024/25,2024-08-10,19:00,Almere City,AZ Alkmaar,0,1,A,7,6,2,3,0.7346,0.8356,skott,,2,8,13,9,1,2,2,1,0.1746,0.2264,0.599,0.1935,0.2515,0.555,1,5.75,4.4,1.63,5.54,4,1.93,0.5581,0.5155,-1.1353,0.7922,-0.7099,,,,,,0,0,,,0.0818,0.008,,,,,,,,,,,,,,,,,pinnacle
spelad,ED,2024/25,2024-08-10,15:30,Feyenoord,Willem II,1,1,D,21,2,7,1,2.3641,0.2785,skott,,14,3,8,21,1,4,0,0,0.8528,0.0911,0.0561,0.8609,0.0917,0.0474,1,1.14,11,22,1.14,12,23,0.6964,0.7161,0.3519,-0.6106,0.028,,10,2.1,0.3385,-0.0958,-1,0,,,0.0249,-0.0108,,,,,,,,,,,,,,,,,pinnacle
spelad,ED,2024/25,2024-08-10,17:45,Nijmegen,Twente,1,2,A,12,15,2,5,1.0306,1.6886,skott,,7,5,5,6,0,0,0,0,0.2566,0.2539,0.4895,0.3092,0.2681,0.4227,1,3.8,3.84,2.02,3.4,3.7,2.34,0.5681,0.5598,0.3907,-0.916,0.5785,,6,-0.5,0.3115,-0.0692,0,0,,,0.172,-0.0267,,,,,,,,,,,,,,,,,pinnacle
spelad,ED,2024/25,2024-08-10,20:00,PSV Eindhoven,Waalwijk,5,1,H,19,8,12,4,3.0464,1.1141,skott,,7,3,4,8,0,0,0,0,0.8745,0.0797,0.0458,0.8948,0.0685,0.0367,1,1.12,13,27,1.12,16,31,0.7563,0.8532,0.3473,-0.4172,0.2091,,9,3,0.5349,-0.1403,0,0,,,0.0495,-0.0133,,,,,,,,,,,,,,,,,pinnacle
spelad,ED,2024/25,2024-08-11,15:45,Ajax,Heerenveen,1,0,H,12,7,4,2,1.3509,0.7346,skott,,5,2,10,8,0,2,0,0,0.6511,0.19,0.1589,0.6815,0.1848,0.1337,1,1.51,5.2,6.5,1.44,5.3,7.62,0.6751,0.6974,0.9427,-1.5093,0.4924,,14,2.3571,0.2663,-0.0763,0,0,,,0.0862,-0.0153,,,,,,,,,,,,,,,,,pinnacle
spelad,ED,2024/25,2024-08-11,13:30,Go Ahead Eagles,For Sittard,0,2,A,18,13,4,4,1.7061,1.4101,skott,,6,3,13,10,1,1,0,0,0.4778,0.2686,0.2536,0.4524,0.2823,0.2653,1,2.04,3.65,3.9,2.14,3.64,3.95,0.5234,0.509,0.9526,-1.3014,0.3754,,6,1.5,0.693,-0.1008,0,0,,,-0.0625,0.027,,,,,,,,,,,,,,,,,pinnacle
spelad,ED,2024/25,2024-08-11,11:15,Sparta Rotterdam,Heracles,0,0,D,9,10,1,2,0.6929,0.9122,skott,,3,4,12,14,1,1,0,0,0.6313,0.2133,0.1555,0.6934,0.1861,0.1205,1,1.53,4.75,6.3,1.43,5.35,8,0.6173,0.6597,0.9709,-1.3429,0.8657,,9,-0.3333,-0.4004,0.1797,0,0,,,0.1594,-0.0216,,,,,,,,,,,,,,,,,pinnacle
spelad,ED,2024/25,2024-08-11,13:30,Utrecht,Zwolle,1,0,H,9,5,2,1,0.853,0.4561,skott,,2,1,18,10,0,3,0,0,0.6561,0.1972,0.1467,0.6428,0.2091,0.1481,1,1.47,5,7,1.56,4.7,6.7,0.603,0.6084,0.2982,-0.7028,0.0991,,12,0.75,-0.1082,0.1782,0,0,,,-0.028,-0.0321,,,,,,,,,,,,,,,,,pinnacle
spelad,ED,2024/25,2024-08-16,19:00,For Sittard,Almere City,3,0,H,20,8,9,4,2.6251,1.1141,skott,,9,3,8,12,2,3,0,0,0.5306,0.2603,0.209,0.5325,0.2612,0.2064,1,1.83,3.8,4.62,1.84,3.84,5,0.4884,0.4781,-0.2189,0.1098,0.3435,-1,,,,,0,0,,,0.0063,0.0113,,,,,,,,,,,,,,,,,pinnacle
spelad,ED,2024/25,2024-08-17,19:00,AZ Alkmaar,Nijmegen,1,0,H,16,8,6,1,1.9079,0.6337,skott,,4,6,11,10,2,2,0,0,0.6422,0.203,0.1548,0.6389,0.213,0.1482,1,1.5,4.9,6.4,1.54,4.7,6.59,0.6015,0.6025,0.8088,0.1841,0.1443,0,6,1,-0.2155,0.1153,0,0,,,-0.0001,-0.0087,,,,,,,,,,,,,,,,,pinnacle
spelad,ED,2024/25,2024-08-17,15:30,Heerenveen,Utrecht,1,1,D,21,6,7,4,2.3641,0.9957,skott,,6,4,15,8,4,2,0,0,0.3598,0.2678,0.3724,0.316,0.2724,0.4115,1,2.7,3.85,2.6,3.07,3.65,2.4,0.578,0.5711,-1.0044,1.4136,-0.9045,0,13,-1.6154,-0.507,0.0611,0,0,,,-0.1266,0.0258,,,,,,,,,,,,,,,,,pinnacle
spelad,ED,2024/25,2024-08-17,17:45,Twente,Sparta Rotterdam,1,1,D,21,11,3,3,1.7235,1.1316,skott,,5,4,7,8,1,0,0,0,0.6268,0.2108,0.1624,0.5879,0.2329,0.1792,1,1.54,4.7,6,1.66,4.4,5.53,0.5955,0.5829,-0.8009,0.7303,-0.3544,1,12,0.25,-0.1947,0.1641,0,0,,,-0.0947,-0.0109,,,,,,,,,,,,,,,,,pinnacle
spelad,ED,2024/25,2024-08-17,20:00,Waalwijk,Groningen,1,2,A,13,15,7,9,1.8905,2.3292,skott,,7,1,7,11,2,2,1,0,0.3967,0.2546,0.3487,0.3318,0.2792,0.3891,1,2.44,3.95,2.88,3.06,3.6,2.55,0.6198,0.5219,0.1295,-0.9048,0.2392,-1,7,0.8571,0.7821,-0.1119,-1,0,,,-0.1702,-0.0018,,,,,,,,,,,,,,,,,pinnacle
spelad,ED,2024/25,2024-08-18,11:15,Heracles,PSV Eindhoven,1,3,A,6,32,3,8,0.8356,3.1753,skott,,2,12,7,12,1,0,0,0,0.0821,0.0974,0.8206,0.0651,0.0914,0.8435,1,16.5,11,1.17,18.5,10.52,1.16,0.7884,0.775,-0.416,1.9448,-0.2168,-1,11,-2.7273,-0.3569,-0.0563,0,0,,,-0.0567,0.006,,,,,,,,,,,,,,,,,pinnacle
spelad,ED,2024/25,2024-08-18,15:45,NAC Breda,Ajax,2,1,H,6,16,3,5,0.8356,1.7478,skott,,1,8,15,14,0,1,0,0,0.1213,0.1404,0.7383,0.1596,0.189,0.6514,1,10.5,7.2,1.3,6.4,5.2,1.5,0.7179,0.6396,-0.5887,0.5329,-0.3918,2,4,-3,-0.2382,-0.0974,1,0,,,0.1636,0.0012,,,,,,,,,,,,,,,,,pinnacle
spelad,ED,2024/25,2024-08-18,13:30,Willem II,Go Ahead Eagles,2,0,H,8,11,3,1,0.954,0.8113,skott,,4,3,10,12,2,2,0,0,0.312,0.2651,0.4229,0.3786,0.2777,0.3437,1,3.12,3.7,2.32,2.7,3.59,2.87,0.5429,0.5167,0.6048,-0.6829,0.9369,1,,,,,1,0,,,0.2124,-0.0406,,,,,,,,,,,,,,,,,pinnacle
spelad,ED,2024/25,2024-08-18,13:30,Zwolle,Feyenoord,1,5,A,7,16,2,8,0.7346,2.2282,skott,,1,2,8,10,1,1,0,0,0.1085,0.1345,0.757,0.0965,0.1306,0.7729,1,11,7.6,1.27,12.5,7.36,1.24,0.7173,0.7106,-0.357,0.8373,0.0233,-1,12,-2.25,-0.2395,-0.0963,0,0,,,-0.0399,-0.0195,,,,,,,,,,,,,,,,,pinnacle
spelad,ED,2024/25,2024-08-24,19:00,Almere City,PSV Eindhoven,1,7,A,3,20,1,11,0.3377,2.9454,skott,,1,9,10,6,1,1,0,0,0.0714,0.1056,0.823,0.0728,0.1047,0.8225,1,16.5,10,1.17,17,9.22,1.19,0.7046,0.7524,-1.0961,2.576,-0.8388,2,,,,,0,0,,,0.0033,-0.002,,,,,,,,,,,,,,,,,pinnacle
spelad,ED,2024/25,2024-08-24,20:00,NAC Breda,Utrecht,1,2,A,7,13,3,7,0.8948,1.8905,skott,,4,5,5,7,3,1,1,0,0.2185,0.2426,0.5389,0.2462,0.2725,0.4813,1,4.75,4.15,1.79,3.95,3.7,2.06,0.5744,0.5335,-0.4863,0.2222,-0.5906,-1,4,-0.75,0.2443,0.0173,1,0,,,0.1128,0.022,,,,,,,,,,,,,,,,,pinnacle
spelad,ED,2024/25,2024-08-24,17:45,Nijmegen,Zwolle,1,0,H,16,11,2,4,1.2674,1.2917,skott,,6,2,8,13,1,4,0,1,0.602,0.2224,0.1757,0.5849,0.2255,0.1896,1,1.6,4.55,6,1.7,4.34,5.85,0.6,0.6195,-0.0945,-0.5608,-0.1534,1,4,1.5,0.6178,0.2469,0,0,,,-0.0481,-0.0129,,,,,,,,,,,,,,,,,pinnacle
spelad,ED,2024/25,2024-08-25,15:45,Go Ahead Eagles,Waalwijk,2,0,H,20,8,6,2,2.1447,0.7938,skott,,7,1,9,9,3,2,0,1,0.5569,0.2332,0.2099,0.5695,0.2292,0.2013,1,1.79,4.2,4.75,1.71,4.3,5.01,0.5888,0.6015,-0.2453,1.2339,-0.3103,-1,6,0.5,0.1391,-0.0969,0,0,,,0.0338,-0.0069,,,,,,,,,,,,,,,,,pinnacle
spelad,ED,2024/25,2024-08-25,11:15,Groningen,AZ Alkmaar,0,0,D,2,12,1,4,0.2785,1.3509,skott,,2,6,13,14,3,1,0,0,0.2598,0.255,0.4852,0.2708,0.2731,0.4561,1,3.9,3.86,1.96,3.71,3.58,2.16,0.5492,0.5129,-1.2073,1.325,-0.7944,0,11,-1.0909,0.0716,0.0512,1,0,,,0.0511,-0.001,,,,,,,,,,,,,,,,,pinnacle
spelad,ED,2024/25,2024-08-25,13:30,Heracles,Willem II,1,1,D,16,10,6,3,1.9079,1.0724,skott,,8,6,13,11,2,3,0,0,0.3906,0.2715,0.3379,0.3934,0.2924,0.3142,1,2.48,3.7,2.83,2.61,3.48,3.08,0.5544,0.4781,-0.5589,0.932,-1.0082,0,10,-0.6,-0.134,-0.2606,-1,0,,,0.0294,-0.0274,,,,,,,,,,,,,,,,,pinnacle
spelad,ED,2024/25,2024-08-25,13:30,Sparta Rotterdam,Feyenoord,1,1,D,11,17,6,5,1.612,1.807,skott,,6,11,7,11,3,5,0,1,0.1537,0.1942,0.6521,0.1279,0.1901,0.6821,1,7.5,5.1,1.48,8.45,5.1,1.45,0.6265,0.6379,0.0365,0.6575,-0.1373,1,11,-2.1818,-0.3077,0.0888,0,0,,,-0.0817,0.0157,,,,,,,,,,,,,,,,,pinnacle
spelad,ED,2024/25,2024-08-30,19:00,Waalwijk,AZ Alkmaar,0,3,A,4,22,1,7,0.3969,2.4233,skott,,3,10,8,13,5,3,1,0,0.1301,0.2011,0.6688,0.127,0.1991,0.6739,1,7.5,4.9,1.45,7.99,4.9,1.45,0.5819,0.5865,-1.2209,0.7069,-0.8593,0,10,-1.2,0.3429,-0.1745,0,0,,,-0.0115,0.0046,,,,,,,,,,,,,,,,,pinnacle
spelad,ED,2024/25,2024-08-31,15:30,Almere City,Groningen,1,1,D,14,8,3,2,1.3091,0.7938,skott,,6,4,9,14,1,2,0,0,0.2773,0.2741,0.4486,0.2729,0.2691,0.4579,1,3.5,3.55,2.21,3.67,3.6,2.16,0.5,0.5116,-0.6162,0.978,-0.6017,1,,,,,-1,0,,,-0.018,0.0071,,,,,,,,,,,,,,,,,pinnacle
spelad,ED,2024/25,2024-08-31,17:45,For Sittard,Nijmegen,0,3,A,14,9,1,5,0.9889,1.3334,skott,,4,5,5,11,1,0,0,0,0.4271,0.2706,0.3023,0.4323,0.2743,0.2934,1,2.27,3.65,3.25,2.24,3.6,3.34,0.5259,0.5244,-0.2285,0.094,0.0766,7,6,-0.5,-0.1996,0.2427,0,0,,,0.0193,0.0008,,,,,,,,,,,,,,,,,pinnacle
spelad,ED,2024/25,2024-08-31,19:00,Heerenveen,NAC Breda,4,0,H,16,11,8,1,2.2282,0.8113,skott,,3,6,10,8,0,1,0,0,0.5573,0.2283,0.2144,0.5772,0.2284,0.1943,1,1.74,4.3,4.75,1.74,4.22,5.33,0.5852,0.59,-0.5788,1.2001,-0.182,7,4,0,-0.2007,-0.2468,-1,0,,,0.0598,-0.0234,,,,,,,,,,,,,,,,,pinnacle
spelad,ED,2024/25,2024-08-31,20:00,Willem II,Sparta Rotterdam,1,2,A,11,14,5,4,1.4518,1.4693,skott,,4,3,8,7,1,4,0,0,0.3452,0.2753,0.3795,0.3114,0.2783,0.4103,1,2.81,3.55,2.56,3.28,3.51,2.38,0.5117,0.5039,-0.2839,-0.0195,0.2037,0,7,-0.8571,-0.2605,-0.1291,1,0,,,-0.0983,0.0127,,,,,,,,,,,,,,,,,pinnacle
spelad,ED,2024/25,2024-09-01,15:45,PSV Eindhoven,Go Ahead Eagles,3,0,H,19,9,8,2,2.4058,0.853,skott,,5,3,7,8,0,3,0,0,0.8592,0.0845,0.0564,0.8705,0.0807,0.0488,1,1.17,12,21,1.17,12,23,0.7828,0.7939,0.8347,-2.6213,0.611,1,6,3,0.5968,-0.1579,0,0,,,0.0302,-0.0287,,,,,,,,,,,,,,,,,pinnacle
spelad,ED,2024/25,2024-09-01,11:15,Utrecht,Twente,2,1,H,7,15,4,7,1.0549,2.0089,skott,,5,4,10,6,0,2,0,0,0.3262,0.2737,0.4002,0.3398,0.2759,0.3843,1,2.98,3.55,2.42,2.85,3.55,2.61,0.5234,0.5256,0.2673,0.051,0.115,-7,12,0.5,0.114,-0.077,0,0,,,0.0431,0.009,,,,,,,,,,,,,,,,,pinnacle
spelad,ED,2024/25,2024-09-01,13:30,Zwolle,Heracles,3,0,H,16,10,5,4,1.7478,1.2325,skott,,4,4,14,16,1,2,0,0,0.4702,0.2645,0.2653,0.4624,0.2677,0.2699,1,2.06,3.8,3.68,2.11,3.78,3.66,0.5492,0.5347,0.2042,-0.6642,0.5842,1,11,-0.2727,-0.044,-0.0814,0,0,,,-0.0202,-0.0034,,,,,,,,,,,,,,,,,pinnacle
spelad,ED,2024/25,2024-09-14,20:00,AZ Alkmaar,Heerenveen,9,1,H,26,15,19,5,4.5817,1.6886,skott,,5,3,8,8,0,1,0,0,0.6763,0.1924,0.1313,0.6915,0.1814,0.1271,1,1.43,5.25,8,1.43,5.3,8.3,0.599,0.6253,1.496,-2.3053,0.845,1,14,1.7143,0.3718,-0.0817,0,0,,,0.0347,-0.0096,,,,,,,,,,,,,,,,,pinnacle
spelad,ED,2024/25,2024-09-14,17:45,Groningen,Feyenoord,2,2,D,11,15,5,8,1.4518,2.169,skott,,5,6,12,13,3,2,0,0,0.1544,0.1985,0.6471,0.2059,0.2403,0.5538,1,6.5,5,1.49,5.5,4.4,1.77,0.5842,0.5309,-0.245,0.8532,-0.1549,-6,11,-1.3636,-0.0231,0.1634,1,0,,,0.1964,-0.0174,,,,,,,,,,,,,,,,,pinnacle
spelad,ED,2024/25,2024-09-14,19:00,NAC Breda,For Sittard,1,0,H,13,10,3,3,1.2499,1.0724,skott,,3,8,11,9,2,1,0,0,0.3106,0.2779,0.4115,0.3121,0.288,0.3999,1,3.12,3.6,2.35,3.1,3.62,2.46,0.5104,0.4807,0.2808,0.0905,-0.3017,0,,,,,1,0,,,0.0147,0.0102,,,,,,,,,,,,,,,,,pinnacle
spelad,ED,2024/25,2024-09-14,15:30,PSV Eindhoven,Nijmegen,2,0,H,26,2,11,1,3.3006,0.2785,skott,,15,3,9,5,0,1,0,1,0.8385,0.1031,0.0584,0.8285,0.1092,0.0623,1,1.15,10,20,1.19,9.5,18,0.749,0.7524,0.3235,-1.1833,-0.1258,-1,6,2,0.086,-0.1476,0,0,,,-0.0239,-0.0167,,,,,,,,,,,,,,,,,pinnacle
spelad,ED,2024/25,2024-09-14,15:30,Twente,Zwolle,1,1,D,23,5,12,2,3.2831,0.6163,skott,,8,4,12,12,1,1,0,0,0.7413,0.1582,0.1005,0.7425,0.1557,0.1018,1,1.31,6.3,11,1.32,6.42,10.5,0.606,0.6403,-0.0987,0.0236,-0.2669,0,9,1.6667,0.6048,-0.2434,0,0,,,0.001,-0.0052,,,,,,,,,,,,,,,,,pinnacle
spelad,ED,2024/25,2024-09-15,15:45,Heracles,Almere City,0,0,D,23,10,2,4,1.6817,1.2325,skott,,10,2,9,8,1,2,0,0,0.4296,0.2818,0.2886,0.4104,0.2832,0.3065,1,2.25,3.5,3.4,2.36,3.69,3.38,0.4752,0.5141,-0.0449,-0.0216,-0.1054,-1,,,,,0,0,,,-0.0564,0.0117,,,,,,,,,,,,,,,,,pinnacle
spelad,ED,2024/25,2024-09-15,11:15,Sparta Rotterdam,Go Ahead Eagles,1,2,A,16,16,7,3,2.0681,1.4275,skott,,5,13,6,9,1,1,0,0,0.46,0.2677,0.2723,0.4741,0.274,0.2519,1,2.11,3.67,3.6,2.09,3.64,3.84,0.5248,0.5282,1.2698,-1.7763,0.9098,1,6,0.5,0.225,-0.116,0,0,,,0.0487,-0.0253,,,,,,,,,,,,,,,,,pinnacle
spelad,ED,2024/25,2024-09-15,13:30,Willem II,Waalwijk,3,0,H,13,10,5,2,1.5702,0.9122,skott,,4,4,4,5,2,1,0,0,0.506,0.2544,0.2396,0.5105,0.2559,0.2336,1,1.95,3.83,4.1,1.92,3.78,4.43,0.517,0.5193,0.3409,-0.2809,0.6797,-1,5,2.4,0.9403,-0.0561,1,0,,,0.0148,0.0033,,,,,,,,,,,,,,,,,pinnacle
spelad,ED,2024/25,2024-09-17,19:00,Twente,Heerenveen,2,0,H,18,12,9,4,2.5068,1.3509,skott,,6,3,15,13,2,2,0,0,0.7091,0.1683,0.1225,0.7327,0.1584,0.1089,1,1.38,6.25,8.02,1.33,6.13,9.3,0.678,0.6954,0.3665,-1.4036,0.2741,0,12,-0.25,-0.3737,0.1633,0,0,,,0.0607,-0.0043,,,,,,,,,,,,,,,,,pinnacle
spelad,ED,2024/25,2024-09-18,19:00,Ajax,For Sittard,5,0,H,25,4,14,1,3.7218,0.3969,skott,,15,0,8,6,0,1,0,1,0.677,0.188,0.135,0.7317,0.1792,0.0891,1,1.43,5.2,7.3,1.33,5.7,11,0.6268,0.5436,0.6413,-0.4649,0.052,,11,2.4545,0.0866,0.066,0,0,,,0.1554,-0.0173,,,,,,,,,,,,,,,,,pinnacle
spelad,ED,2024/25,2024-09-20,19:00,Zwolle,AZ Alkmaar,1,2,A,16,18,2,6,1.2674,2.0263,skott,,10,9,14,14,2,4,0,0,0.1381,0.1936,0.6683,0.1446,0.1979,0.6575,1,7.4,5.1,1.45,7,5.12,1.48,0.6049,0.6108,-0.9849,1.4204,-0.5831,0,12,-1,0.0493,0.296,0,0,,,0.0238,0.0007,,,,,,,,,,,,,,,,,pinnacle
spelad,ED,2024/25,2024-09-21,19:00,Go Ahead Eagles,Ajax,1,1,D,9,8,4,3,1.1733,0.954,skott,,7,2,9,11,2,2,0,0,0.2296,0.2463,0.524,0.2182,0.2387,0.5431,1,4.4,4,1.86,4.47,4.11,1.82,0.5604,0.5935,-0.1737,1.0262,0.004,3,6,0,0.6737,0.5167,0,0,,,-0.0419,0.0192,,,,,,,,,,,,,,,,,pinnacle
spelad,ED,2024/25,2024-09-21,20:00,Nijmegen,Heracles,1,2,A,21,11,9,4,2.6843,1.2917,skott,,7,3,16,15,3,4,0,0,0.6118,0.218,0.1702,0.5814,0.2326,0.186,1,1.59,4.5,5.7,1.67,4.31,5.19,0.5812,0.5768,0.8067,-2.0125,0.9784,1,4,0.75,0.3035,-0.0081,0,0,,,-0.0764,-0.0116,,,,,,,,,,,,,,,,,pinnacle
spelad,ED,2024/25,2024-09-21,15:30,Utrecht,Willem II,3,2,H,15,8,2,3,1.2082,0.954,skott,,7,7,5,13,2,3,0,0,0.6002,0.228,0.1718,0.5841,0.2368,0.1791,1,1.63,4.3,5.8,1.7,4.15,5.75,0.5339,0.5231,0.0291,0.6973,-0.335,7,10,0.9,0.0179,-0.1362,-1,0,,,-0.0396,-0.0153,,,,,,,,,,,,,,,,,pinnacle
spelad,ED,2024/25,2024-09-21,17:45,Waalwijk,Sparta Rotterdam,1,2,A,27,14,10,5,3.1996,1.6294,skott,,6,2,10,10,0,1,0,0,0.2692,0.2626,0.4682,0.2252,0.2422,0.5326,1,3.6,3.75,2.09,4.28,4,1.95,0.5515,0.59,-0.7161,0.5742,-0.6763,0,10,-1.2,-0.4235,0.1411,0,0,,,-0.1524,0.0524,,,,,,,,,,,,,,,,,pinnacle
spelad,ED,2024/25,2024-09-22,13:30,Almere City,Twente,0,5,A,16,16,4,8,1.5877,2.2282,skott,,7,5,9,5,1,1,0,0,0.1622,0.2155,0.6223,0.1579,0.2075,0.6347,1,6,5,1.56,6.6,5,1.54,0.5644,0.598,-0.1446,0.7203,-0.2902,2,,,,,0,0,,,-0.0211,0.0058,,,,,,,,,,,,,,,,,pinnacle
spelad,ED,2024/25,2024-09-22,13:30,Feyenoord,NAC Breda,2,0,H,25,5,5,1,2.2806,0.4561,skott,,5,2,10,15,2,2,0,0,0.8475,0.0969,0.0557,0.8663,0.0878,0.0459,1,1.15,11,23,1.13,11.4,23,0.6921,0.714,0.0962,-1.044,-0.0129,0,4,0,-0.8421,-0.1648,-1,0,,,0.0474,-0.0217,,,,,,,,,,,,,,,,,pinnacle
spelad,ED,2024/25,2024-09-22,15:45,For Sittard,PSV Eindhoven,1,3,A,8,14,4,7,1.1141,1.9497,skott,,5,6,11,10,3,1,0,0,0.0909,0.1397,0.7694,0.0657,0.1237,0.8105,1,14,7.3,1.27,15,8.43,1.2,0.6721,0.6651,-0.6255,1.0961,-0.2303,-4,11,-2.4545,-0.1863,0.0488,0,0,,,-0.0914,0.014,,,,,,,,,,,,,,,,,pinnacle
spelad,ED,2024/25,2024-09-22,11:15,Heerenveen,Groningen,2,1,H,20,2,6,1,2.1447,0.2785,skott,,9,3,11,9,1,3,0,2,0.3722,0.2654,0.3623,0.4139,0.2654,0.3207,1,2.6,3.67,2.75,2.38,3.77,3.02,0.5429,0.5696,-0.9702,1.0778,-0.4952,-3,11,0.8182,0.2091,0.2745,-1,0,,,0.125,-0.0119,,,,,,,,,,,,,,,,,pinnacle
spelad,ED,2024/25,2024-09-27,19:00,Heracles,Heerenveen,2,1,H,15,13,6,6,1.8488,1.7304,skott,,9,4,8,14,2,2,0,0,0.3359,0.2643,0.3998,0.3175,0.2823,0.4002,1,2.89,3.74,2.43,3.05,3.7,2.45,0.5925,0.5722,0.4792,-0.8758,0.1573,1,12,-0.5,-0.0887,-0.0855,0,0,,,-0.0372,0.0168,,,,,,,,,,,,,,,,,pinnacle
spelad,ED,2024/25,2024-09-28,17:45,Nijmegen,Feyenoord,1,1,D,10,17,4,6,1.2325,1.9671,skott,,3,9,9,12,1,1,0,0,0.1694,0.2157,0.6149,0.1772,0.2279,0.595,1,5.8,4.6,1.58,6.09,4.3,1.63,0.5965,0.5696,-0.1257,-0.0469,0.055,1,6,-2,-0.1853,0.1632,0,0,,,0.0355,-0.0089,,,,,,,,,,,,,,,,,pinnacle
spelad,ED,2024/25,2024-09-28,20:00,Sparta Rotterdam,For Sittard,1,1,D,19,13,6,5,2.0855,1.5702,skott,,9,5,12,9,1,2,0,0,0.5421,0.2557,0.2023,0.591,0.2396,0.1693,1,1.82,3.79,4.75,1.69,4.02,5.69,0.4961,0.5179,0.959,-1.1594,0.5139,1,10,0.9,0.2014,0.033,0,0,,,0.1309,-0.0342,,,,,,,,,,,,,,,,,pinnacle
spelad,ED,2024/25,2024-09-28,15:30,Willem II,PSV Eindhoven,0,2,A,8,12,1,3,0.6337,1.1907,skott,,3,6,11,9,1,2,0,0,0.0852,0.1307,0.7842,0.1049,0.1589,0.7362,1,12.5,7.7,1.23,10,6.4,1.33,0.7074,0.6277,-0.2291,-0.1039,0.1297,1,10,-1.2,0.3556,-0.1785,1,0,,,0.0875,-0.0011,,,,,,,,,,,,,,,,,pinnacle
spelad,ED,2024/25,2024-09-29,19:00,AZ Alkmaar,Utrecht,1,2,A,22,8,6,3,2.2631,0.954,skott,,8,1,9,10,1,2,0,0,0.5926,0.2285,0.1789,0.5986,0.2284,0.173,1,1.63,4.33,5.5,1.61,4.4,5.75,0.5518,0.5623,0.063,-1.0819,0.0079,1,13,0.6923,-0.0415,0.2178,0,0,,,0.0178,0.0048,,,,,,,,,,,,,,,,,pinnacle
spelad,ED,2024/25,2024-09-29,13:30,Groningen,Go Ahead Eagles,0,1,A,7,16,1,3,0.5745,1.4275,skott,,7,7,11,11,2,3,0,0,0.4193,0.2696,0.3111,0.3509,0.2808,0.3683,1,2.29,3.63,3.2,2.76,3.5,2.7,0.5365,0.5039,0.4587,-0.9194,-0.1383,-1,4,2.25,1.1177,-0.0137,1,0,,,-0.194,0.013,,,,,,,,,,,,,,,,,pinnacle
spelad,ED,2024/25,2024-09-29,13:30,Twente,NAC Breda,1,0,H,18,7,5,2,1.8662,0.7346,skott,,4,3,13,12,2,2,0,0,0.7928,0.1309,0.0763,0.7681,0.1473,0.0846,1,1.22,8.5,14.5,1.28,6.75,12,0.6767,0.621,-0.0317,-0.5701,0.0047,0,,,,,-1,0,,,-0.0576,-0.0196,,,,,,,,,,,,,,,,,pinnacle
spelad,ED,2024/25,2024-09-29,15:45,Waalwijk,Ajax,0,2,A,3,23,1,4,0.3377,2.002,skott,,2,12,9,6,2,1,0,0,0.1217,0.1778,0.7005,0.1294,0.179,0.6916,1,8.2,5.75,1.42,7.5,5.81,1.42,0.6539,0.672,-0.6424,1.3156,-0.4124,0,10,-3,-0.296,-0.1053,0,0,,,0.0244,0.0276,,,,,,,,,,,,,,,,,pinnacle
spelad,ED,2024/25,2024-09-29,11:15,Zwolle,Almere City,1,0,H,11,15,4,5,1.2917,1.6886,skott,,6,8,10,13,2,4,0,0,0.4686,0.2642,0.2672,0.5033,0.2557,0.241,1,2.07,3.68,3.64,2.01,3.78,4.01,0.53,0.5536,0.2602,-1.8138,0.4605,2,,,,,0,0,,,0.0957,-0.0475,,,,,,,,,,,,,,,,,pinnacle
spelad,ED,2024/25,2024-10-04,19:00,Almere City,Willem II,0,1,A,22,4,7,1,2.4233,0.3969,skott,,6,5,9,13,1,3,0,0,0.3537,0.3001,0.3462,0.3758,0.3021,0.3221,1,2.74,3.25,2.85,2.61,3.23,3.1,0.4315,0.4207,-0.9094,2.3754,-0.9486,-1,,,,,-1,0,,,0.0682,0.0033,,,,,,,,,,,,,,,,,pinnacle
spelad,ED,2024/25,2024-10-05,17:45,NAC Breda,Nijmegen,1,0,H,18,12,6,2,2.0263,1.0306,skott,,8,3,12,8,2,1,1,0,0.3311,0.2829,0.386,0.2986,0.2914,0.41,1,3,3.55,2.5,3.43,3.4,2.42,0.5233,0.4718,0.1273,0.6186,0.0066,-1,,,,,1,0,,,-0.0888,0.008,,,,,,,,,,,,,,,,,pinnacle
spelad,ED,2024/25,2024-10-05,19:00,PSV Eindhoven,Sparta Rotterdam,2,1,H,16,14,6,4,1.9079,1.4693,skott,,3,8,3,5,0,2,1,0,0.819,0.1129,0.0681,0.8087,0.1185,0.0727,1,1.18,9,16.5,1.22,8.12,15,0.714,0.7131,0.1868,-0.4024,0.3515,0,11,2.4545,0.3825,0.0022,0,0,,,-0.0252,-0.0181,,,,,,,,,,,,,,,,,pinnacle
spelad,ED,2024/25,2024-10-05,20:00,Utrecht,Waalwijk,3,2,H,23,3,8,2,2.6426,0.4979,skott,,7,0,8,11,1,0,0,1,0.6947,0.1824,0.1229,0.7137,0.1761,0.1101,1,1.41,5.5,8.3,1.41,5.47,8.75,0.6277,0.6388,1.4364,-1.4931,1.3393,0,10,0.3,-0.6464,0.2888,0,0,,,0.0507,-0.0467,,,,,,,,,,,,,,,,,pinnacle
spelad,ED,2024/25,2024-10-06,15:45,Ajax,Groningen,3,1,H,17,12,8,4,2.2874,1.3509,skott,,5,2,8,10,3,2,0,0,0.6995,0.1834,0.1172,0.7536,0.1514,0.0949,1,1.39,5.4,8.5,1.3,6.5,12,0.6065,0.6452,-0.1544,-0.0255,0.1328,0,12,2,0.0193,-0.1361,-1,0,,,0.1305,-0.0051,,,,,,,,,,,,,,,,,pinnacle
spelad,ED,2024/25,2024-10-06,13:30,Feyenoord,Twente,2,1,H,8,7,2,5,0.7938,1.2151,skott,,5,6,17,11,2,2,0,0,0.5928,0.2237,0.1835,0.543,0.2393,0.2177,1,1.64,4.4,5.4,1.8,4.16,4.56,0.5802,0.5747,-0.157,-0.2465,-0.3491,1,11,0.5455,-0.4194,0.2335,0,0,,,-0.1338,-0.0053,,,,,,,,,,,,,,,,,pinnacle
spelad,ED,2024/25,2024-10-06,19:00,For Sittard,AZ Alkmaar,1,0,H,9,10,3,3,1.0132,1.0724,skott,,2,5,11,9,4,2,0,0,0.1722,0.2321,0.5957,0.2115,0.2558,0.5328,1,6.25,4.25,1.62,5.05,3.85,1.83,0.53,0.5179,-0.3626,0.9837,-0.169,1,11,-2.7273,-0.4932,-0.0947,0,0,,,0.1414,-0.009,,,,,,,,,,,,,,,,,pinnacle
spelad,ED,2024/25,2024-10-06,11:15,Go Ahead Eagles,Heracles,4,1,H,18,7,9,2,2.5068,0.7346,skott,,3,5,13,8,1,2,0,0,0.589,0.229,0.182,0.5984,0.2246,0.1771,1,1.66,4.3,5.4,1.61,4.45,5.64,0.5718,0.5768,0.0512,0.4852,0.1012,-2,4,0.75,0.4059,-0.0118,0,0,,,0.0237,0.0146,,,,,,,,,,,,,,,,,pinnacle
spelad,ED,2024/25,2024-10-06,13:30,Heerenveen,Zwolle,1,1,D,15,6,4,2,1.5285,0.6754,skott,,8,2,10,14,2,2,0,0,0.5753,0.2244,0.2003,0.5216,0.2365,0.2419,1,1.7,4.4,5,1.86,4.1,4.16,0.6154,0.6193,-0.6153,1.4248,-0.2128,2,11,-0.2727,-0.3349,-0.076,0,0,,,-0.149,-0.0047,,,,,,,,,,,,,,,,,pinnacle
spelad,ED,2024/25,2024-10-19,17:45,AZ Alkmaar,PSV Eindhoven,1,2,A,5,17,2,5,0.6163,1.807,skott,,0,3,5,11,0,0,1,0,0.2214,0.2357,0.5428,0.2751,0.258,0.4669,1,4.5,4.2,1.78,3.61,3.8,2.11,0.6,0.6069,-0.7749,0.7761,-0.4389,-1,13,-0.2308,0.3827,-0.2343,0,0,,,0.1832,0.0146,,,,,,,,,,,,,,,,,pinnacle
spelad,ED,2024/25,2024-10-19,20:00,Go Ahead Eagles,Feyenoord,1,5,A,8,23,4,7,1.1141,2.4824,skott,,2,6,10,6,1,2,0,0,0.2032,0.2286,0.5682,0.2445,0.247,0.5084,1,5,4.5,1.7,3.98,4.08,1.96,0.5567,0.5499,0.0885,0.5773,0.6031,0,6,-3,-0.4916,-0.1607,0,0,,,0.1425,0.0272,,,,,,,,,,,,,,,,,pinnacle
spelad,ED,2024/25,2024-10-19,19:00,Nijmegen,Heerenveen,3,0,H,12,8,5,2,1.511,0.7938,skott,,4,4,17,17,0,3,0,0,0.4902,0.247,0.2627,0.4929,0.2536,0.2536,1,1.98,3.95,3.8,2.03,3.83,4.02,0.578,0.5783,0.3665,-1.3366,-0.117,1,6,0.5,0.1988,0.232,0,0,,,0.0145,-0.0175,,,,,,,,,,,,,,,,,pinnacle
spelad,ED,2024/25,2024-10-19,15:30,Sparta Rotterdam,Almere City,2,2,D,19,9,7,3,2.2457,1.0132,skott,,5,3,6,12,2,3,1,0,0.6154,0.2251,0.1595,0.5614,0.2482,0.1904,1,1.58,4.45,6.2,1.76,4.1,5.4,0.5641,0.5116,1.0052,-2.0589,0.5512,-1,,,,,0,0,,,-0.1389,-0.0033,,,,,,,,,,,,,,,,,pinnacle
spelad,ED,2024/25,2024-10-19,19:00,Waalwijk,Twente,2,2,D,9,16,4,7,1.1733,2.0681,skott,,3,10,6,9,1,2,0,0,0.1325,0.1858,0.6817,0.105,0.1639,0.7311,1,7.8,5.5,1.41,9.7,6,1.38,0.6207,0.6429,-0.5241,0.8919,-0.5823,1,10,-0.3,0.448,-0.1199,0,0,,,-0.1045,0.0229,,,,,,,,,,,,,,,,,pinnacle
spelad,ED,2024/25,2024-10-20,13:30,Groningen,Utrecht,0,1,A,15,10,3,3,1.3683,1.0724,skott,,4,5,9,17,2,4,0,0,0.2752,0.2602,0.4646,0.3469,0.2864,0.3667,1,3.6,3.71,2.05,2.96,3.49,2.64,0.5326,0.5039,-0.8637,-0.0099,-1.0827,-1,11,-0.2727,0.0504,0.2919,1,0,,,0.2413,-0.0381,,,,,,,,,,,,,,,,,pinnacle
spelad,ED,2024/25,2024-10-20,13:30,Heracles,Ajax,3,4,A,14,18,6,6,1.7896,2.0263,skott,,3,0,11,11,2,4,1,0,0.1466,0.1913,0.6621,0.1225,0.173,0.7045,1,6.75,5,1.47,8,5.64,1.39,0.6241,0.6469,-0.0958,0.6027,0.2508,0,12,-1,0.5329,0.0361,0,0,,,-0.0906,0.0137,,,,,,,,,,,,,,,,,pinnacle
spelad,ED,2024/25,2024-10-20,11:15,Willem II,For Sittard,0,0,D,5,22,0,4,0.296,1.9428,skott,,2,10,11,11,1,1,0,0,0.4175,0.2859,0.2966,0.3932,0.312,0.2949,1,2.33,3.41,3.25,2.46,3.29,3.38,0.4456,0.3839,0.2598,-0.9917,0.1253,2,8,0.375,-0.2169,0.1402,1,0,,,-0.0471,0.0246,,,,,,,,,,,,,,,,,pinnacle
spelad,ED,2024/25,2024-10-20,15:45,Zwolle,NAC Breda,1,2,A,10,12,3,5,1.0724,1.511,skott,,7,4,7,6,1,2,0,0,0.492,0.2594,0.2486,0.4909,0.2732,0.2359,1,1.98,3.75,4.1,1.98,3.6,4.3,0.5417,0.5,-0.187,-0.5458,-0.255,-1,4,1.5,0.2842,0.2502,-1,0,,,0.0106,-0.0121,,,,,,,,,,,,,,,,,pinnacle
spelad,ED,2024/25,2024-10-25,19:00,Almere City,Nijmegen,1,0,H,11,15,3,4,1.1316,1.5285,skott,,4,8,16,13,1,1,0,0,0.3225,0.2888,0.3886,0.3165,0.2865,0.3969,1,3.01,3.42,2.52,3.28,3.45,2.51,0.4795,0.4781,-0.8902,2.2618,-0.5406,0,,,,,0,0,,,-0.0204,0.0055,,,,,,,,,,,,,,,,,pinnacle
spelad,ED,2024/25,2024-10-26,15:30,For Sittard,Groningen,1,0,H,9,8,3,3,1.0132,0.954,skott,,6,3,15,12,1,3,0,0,0.4529,0.2865,0.2606,0.4606,0.294,0.2455,1,2.16,3.5,3.69,2.11,3.5,4,0.4665,0.4413,-0.1179,0.7658,0.3548,0,9,0,0.2694,-0.1552,-1,0,,,0.0304,-0.0013,,,,,,,,,,,,,,,,,pinnacle
spelad,ED,2024/25,2024-10-26,20:00,Heerenveen,Sparta Rotterdam,2,0,H,13,8,6,4,1.7304,1.1141,skott,,6,4,14,9,4,1,0,0,0.3871,0.2602,0.3527,0.4154,0.263,0.3216,1,2.6,3.75,2.72,2.36,3.8,3.05,0.5919,0.6025,-0.4097,1.2513,-0.1703,0,11,-0.2727,-0.2808,0.1041,0,0,,,0.0877,-0.0051,,,,,,,,,,,,,,,,,pinnacle
spelad,ED,2024/25,2024-10-26,19:00,NAC Breda,Waalwijk,4,1,H,21,8,11,2,3.0046,0.7938,skott,,6,2,7,19,2,3,0,1,0.5107,0.2513,0.2381,0.5839,0.2397,0.1765,1,1.93,4.1,4.1,1.7,4.15,5.46,0.5299,0.5347,1.1669,-0.7577,1.3257,-1,,,,,1,0,,,0.2081,-0.04,,,,,,,,,,,,,,,,,pinnacle
spelad,ED,2024/25,2024-10-26,17:45,PSV Eindhoven,Zwolle,6,0,H,21,4,9,2,2.6843,0.5571,skott,,9,4,7,9,0,0,0,1,0.8864,0.0664,0.0472,0.8582,0.0876,0.0542,1,1.09,17,29,1.14,11.5,21,0.8098,0.7939,0.6981,-0.4234,0.6036,1,12,3,0.5816,-0.144,0,0,,,-0.0633,-0.0151,,,,,,,,,,,,,,,,,pinnacle
spelad,ED,2024/25,2024-10-27,15:45,Ajax,Willem II,1,0,H,11,3,7,2,1.7721,0.4979,skott,,4,1,10,11,1,0,0,0,0.7334,0.1618,0.1048,0.7016,0.1859,0.1124,1,1.31,6.25,10.5,1.41,5.22,9,0.6163,0.5635,-0.1675,0.555,-0.2318,0,9,2,-0.1868,0.0082,-1,0,,,-0.0711,-0.0322,,,,,,,,,,,,,,,,,pinnacle
spelad,ED,2024/25,2024-10-27,19:00,AZ Alkmaar,Go Ahead Eagles,2,2,D,13,10,6,3,1.7304,1.0724,skott,,4,6,9,6,3,2,0,0,0.6229,0.2128,0.1644,0.5597,0.2462,0.1941,1,1.55,4.5,6,1.73,4.1,5.28,0.5744,0.5347,-0.5113,-0.5361,-0.6996,0,6,3,0.8974,-0.2166,0,0,,,-0.1561,0.01,,,,,,,,,,,,,,,,,pinnacle
spelad,ED,2024/25,2024-10-27,13:30,Twente,Heracles,5,0,H,21,4,9,1,2.6843,0.3969,skott,,5,2,11,12,0,0,0,0,0.7831,0.1337,0.0832,0.7787,0.1372,0.0841,1,1.23,7.3,12.5,1.25,7.2,13,0.6797,0.6743,-0.4175,0.0388,-0.5381,1,9,0.3333,-0.2358,0.1993,0,0,,,-0.0097,-0.0018,,,,,,,,,,,,,,,,,pinnacle
spelad,ED,2024/25,2024-10-27,11:15,Utrecht,Feyenoord,0,2,A,4,13,1,7,0.3969,1.8905,skott,,2,8,13,8,3,2,0,0,0.2419,0.2443,0.5138,0.2326,0.254,0.5134,1,4.1,3.93,1.92,4.15,3.86,1.92,0.5644,0.5685,1.3566,-0.5167,1.3132,-1,14,-1.2857,-0.2705,0.0587,0,0,,,-0.0182,0.0252,,,,,,,,,,,,,,,,,pinnacle
spelad,ED,2024/25,2024-10-30,17:00,Feyenoord,Ajax,0,2,A,15,8,2,4,1.2082,1.1141,skott,,3,4,15,13,4,2,0,0,0.4806,0.2579,0.2614,0.4719,0.2687,0.2594,1,2.02,3.9,3.9,2.08,3.71,4.06,0.5802,0.5768,-0.066,-0.4175,0.0171,0,13,-0.9231,-0.0069,-0.1369,0,0,,,-0.0154,-0.0076,,,,,,,,,,,,,,,,,pinnacle
spelad,ED,2024/25,2024-11-02,17:45,Ajax,PSV Eindhoven,3,2,H,21,12,8,4,2.5242,1.3509,skott,,6,1,9,14,2,3,0,0,0.3283,0.263,0.4086,0.3614,0.2618,0.3769,1,3,3.8,2.35,2.82,3.85,2.57,0.6025,0.618,-0.3122,0.838,-0.2535,-4,14,0,-0.2486,0.0625,0,0,,,0.0979,-0.005,,,,,,,,,,,,,,,,,pinnacle
spelad,ED,2024/25,2024-11-02,20:00,Feyenoord,AZ Alkmaar,3,2,H,16,9,4,5,1.5877,1.3334,skott,,10,0,12,11,0,0,0,0,0.5748,0.2371,0.1882,0.5771,0.2471,0.1759,1,1.69,4,5.35,1.7,4.1,6,0.5466,0.5244,0.5608,0.0525,0.4023,-3,13,0.9231,0.3266,-0.1697,0,0,,,0.0169,0.0031,,,,,,,,,,,,,,,,,pinnacle
spelad,ED,2024/25,2024-11-02,20:00,For Sittard,Heerenveen,3,0,H,6,11,3,2,0.8356,0.9714,skott,,1,8,8,10,0,0,0,0,0.4557,0.269,0.2753,0.4436,0.287,0.2694,1,2.17,3.58,3.75,2.21,3.53,3.8,0.5039,0.4936,0.0398,-0.1774,-0.0016,0,12,-0.5,0.0811,-0.088,0,0,,,-0.0183,0.0076,,,,,,,,,,,,,,,,,pinnacle
spelad,ED,2024/25,2024-11-02,17:45,Heracles,NAC Breda,2,0,H,11,11,3,4,1.1316,1.2917,skott,,2,5,16,12,1,1,0,0,0.4054,0.2738,0.3208,0.4355,0.2843,0.2802,1,2.42,3.56,3.05,2.26,3.49,3.45,0.5195,0.4961,-0.3316,0.5931,-0.4928,-1,4,0,-0.0316,-0.2486,0,0,,,0.1006,-0.0172,,,,,,,,,,,,,,,,,pinnacle
spelad,ED,2024/25,2024-11-02,15:30,Willem II,Twente,0,1,A,8,19,1,6,0.6337,2.0855,skott,,4,6,10,12,4,1,0,0,0.18,0.2484,0.5716,0.175,0.2569,0.5681,1,5.75,3.95,1.71,5.86,3.9,1.74,0.4857,0.4807,0.4717,-0.5133,0.2111,0,7,0,0.1341,0.1663,0,0,,,-0.0067,0.0156,,,,,,,,,,,,,,,,,pinnacle
spelad,ED,2024/25,2024-11-03,11:15,Go Ahead Eagles,Zwolle,2,2,D,16,5,6,3,1.9079,0.7764,skott,,9,5,12,12,1,1,0,0,0.5874,0.2268,0.1858,0.6186,0.2239,0.1574,1,1.66,4.2,5.5,1.6,4.55,6.8,0.5754,0.5827,0.2692,0.2097,0.6204,-1,4,1.5,0.5937,0.2269,0,0,,,0.0908,0.0046,,,,,,,,,,,,,,,,,pinnacle
spelad,ED,2024/25,2024-11-03,13:30,Nijmegen,Groningen,6,0,H,14,6,6,1,1.7896,0.5153,skott,,1,4,17,15,1,3,0,0,0.5087,0.271,0.2202,0.4625,0.2903,0.2472,1,1.9,3.7,4.75,2.11,3.45,4.14,0.5039,0.4653,0.459,-0.5252,0.6304,1,4,0.75,0.4037,-0.036,0,0,,,-0.1195,-0.0002,,,,,,,,,,,,,,,,,pinnacle
spelad,ED,2024/25,2024-11-03,13:30,Sparta Rotterdam,Utrecht,1,4,A,10,14,3,4,1.0724,1.4693,skott,,4,4,14,10,1,1,1,0,0.354,0.2768,0.3691,0.3455,0.2796,0.3749,1,2.69,3.52,2.65,2.86,3.58,2.63,0.5221,0.5155,-1.4061,0.9515,-1.1523,1,12,-2.25,-0.6718,-0.1716,0,0,,,-0.0229,0.0103,,,,,,,,,,,,,,,,,pinnacle
spelad,ED,2024/25,2024-11-03,15:45,Waalwijk,Almere City,2,0,H,11,8,3,0,1.1316,0.4736,skott,,4,4,11,9,0,0,0,0,0.3465,0.2827,0.3708,0.3494,0.2797,0.3708,1,2.8,3.4,2.6,2.8,3.46,2.69,0.5273,0.5244,-0.0862,-0.4989,-0.3564,-1,,,,,0,0,,,0.0058,0.002,,,,,,,,,,,,,,,,,pinnacle
spelad,ED,2024/25,2024-11-08,19:00,Utrecht,Heracles,1,0,H,19,10,6,2,2.0855,0.9122,skott,,4,8,11,13,0,1,0,0,0.6727,0.1987,0.1286,0.648,0.2108,0.1412,1,1.45,4.9,8,1.52,4.6,7.5,0.5524,0.5623,1.0202,-1.183,0.8857,-1,11,1.3636,0.2913,-0.0534,0,0,,,-0.0619,-0.0094,,,,,,,,,,,,,,,,,pinnacle
spelad,ED,2024/25,2024-11-09,15:30,Groningen,Sparta Rotterdam,1,0,H,8,11,5,3,1.2743,1.1316,skott,,4,5,9,11,1,2,0,0,0.3611,0.2804,0.3584,0.384,0.2924,0.3236,1,2.69,3.48,2.71,2.58,3.32,3.05,0.5195,0.4641,-0.2893,0.2113,-0.3771,0,10,-0.3,-0.08,-0.1761,0,0,,,0.0805,-0.0047,,,,,,,,,,,,,,,,,pinnacle
spelad,ED,2024/25,2024-11-09,19:00,NAC Breda,PSV Eindhoven,0,3,A,11,20,3,10,1.1316,2.7853,skott,,5,9,13,9,2,2,0,0,0.0962,0.15,0.7537,0.1084,0.1757,0.7159,1,11,7,1.28,8.92,5.86,1.39,0.6643,0.6,-0.4584,1.2574,0.1901,0,4,-3,-0.3601,-0.1314,0,0,,,0.062,0.0324,,,,,,,,,,,,,,,,,pinnacle
spelad,ED,2024/25,2024-11-09,20:00,Waalwijk,Nijmegen,0,3,A,10,20,3,8,1.0724,2.465,skott,,4,10,6,12,2,1,1,0,0.2283,0.2526,0.519,0.2412,0.2679,0.4909,1,4.3,3.88,1.88,4.1,3.7,1.98,0.549,0.5244,-0.2045,1.407,-0.1886,0,6,-0.5,0.0396,-0.0992,0,0,,,0.0538,0.0098,,,,,,,,,,,,,,,,,pinnacle
spelad,ED,2024/25,2024-11-09,17:45,Zwolle,For Sittard,3,1,H,14,14,4,5,1.4693,1.6294,skott,,5,7,13,15,4,2,1,0,0.3546,0.2882,0.3572,0.3738,0.2925,0.3338,1,2.75,3.4,2.71,2.6,3.5,2.94,0.4767,0.4692,0.1221,-0.4395,-0.2231,-1,10,0,-0.1205,-0.0588,0,0,,,0.0618,0.004,,,,,,,,,,,,,,,,,pinnacle
spelad,ED,2024/25,2024-11-10,11:15,Almere City,Feyenoord,1,4,A,8,20,4,11,1.1141,2.9454,skott,,0,9,14,5,2,0,0,0,0.1013,0.1663,0.7324,0.1195,0.2085,0.672,1,11,6,1.31,8.5,4.7,1.45,0.5934,0.5501,-0.8568,1.187,-0.5161,-1,,,,,0,0,,,0.0969,0.0141,,,,,,,,,,,,,,,,,pinnacle
spelad,ED,2024/25,2024-11-10,15:45,AZ Alkmaar,Willem II,1,2,A,30,7,3,3,2.2562,0.8948,skott,,10,1,7,10,0,3,0,0,0.6483,0.2085,0.1432,0.596,0.2384,0.1656,1,1.49,4.7,7,1.62,4.15,6.61,0.5417,0.4936,-0.548,0.3537,-0.3745,0,10,0.6,-0.4391,0.0007,0,0,,,-0.1271,0.0085,,,,,,,,,,,,,,,,,pinnacle
spelad,ED,2024/25,2024-11-10,13:30,Heerenveen,Go Ahead Eagles,1,0,H,4,12,1,3,0.3969,1.1907,skott,,2,6,11,11,2,2,0,0,0.3932,0.2718,0.335,0.3736,0.288,0.3384,1,2.48,3.75,2.88,2.78,3.45,2.86,0.5681,0.5179,-0.6102,1.3538,-0.6267,1,6,0.5,0.1475,-0.096,0,0,,,-0.0424,-0.0221,,,,,,,,,,,,,,,,,pinnacle
spelad,ED,2024/25,2024-11-10,13:30,Twente,Ajax,2,2,D,17,11,7,6,2.1273,1.612,skott,,5,4,13,5,1,1,0,0,0.3761,0.2607,0.3632,0.3361,0.2719,0.3919,1,2.58,3.71,2.75,3,3.6,2.47,0.5633,0.5524,-0.8329,0.4192,-0.7636,0,11,-0.5455,0.4444,0.0965,0,0,,,-0.1087,-0.0101,,,,,,,,,,,,,,,,,pinnacle
spelad,ED,2024/25,2024-11-23,17:45,Feyenoord,Heerenveen,3,0,H,24,7,7,3,2.5416,0.8948,skott,,7,3,4,14,0,2,0,0,0.7362,0.154,0.1098,0.7368,0.1582,0.1049,1,1.3,6.6,12,1.31,6.46,11.9,0.6341,0.6152,0.6354,-1.1883,0.4103,0,14,1.9286,0.2359,0.0162,0,0,,,0.0062,0.0209,,,,,,,,,,,,,,,,,pinnacle
spelad,ED,2024/25,2024-11-23,20:00,For Sittard,Twente,1,2,A,8,11,1,3,0.6337,1.1316,skott,,3,1,8,10,1,2,0,0,0.2142,0.2605,0.5253,0.208,0.2616,0.5304,1,4.75,3.81,1.86,4.74,3.76,1.85,0.5,0.4936,0.0444,0.6871,0.2119,1,9,-1,0.1106,-0.2331,0,0,,,-0.0173,0.0119,,,,,,,,,,,,,,,,,pinnacle
spelad,ED,2024/25,2024-11-23,15:30,Go Ahead Eagles,Almere City,3,0,H,20,8,9,1,2.6251,0.6337,skott,,5,4,7,6,0,0,0,0,0.6026,0.2354,0.162,0.6372,0.2207,0.1421,1,1.61,4.15,6.25,1.54,4.5,7,0.4961,0.5335,0.4623,-0.764,0.5983,0,,,,,0,0,,,0.089,-0.0044,,,,,,,,,,,,,,,,,pinnacle
spelad,ED,2024/25,2024-11-23,17:45,Heracles,Waalwijk,2,2,D,18,15,5,6,1.8662,1.8488,skott,,9,5,8,14,1,0,0,0,0.5296,0.2437,0.2268,0.5509,0.2422,0.2069,1,1.85,4.05,4.3,1.8,4.1,4.8,0.5714,0.5612,0.7228,-0.5897,0.6332,1,8,-0.75,-0.4952,-0.2462,0,0,,,0.0626,-0.009,,,,,,,,,,,,,,,,,pinnacle
spelad,ED,2024/25,2024-11-23,20:00,PSV Eindhoven,Groningen,5,0,H,26,4,10,2,3.1404,0.5571,skott,,14,3,2,5,0,0,0,0,0.851,0.0931,0.0559,0.8427,0.1056,0.0517,1,1.15,11,21,1.17,9.7,20,0.6935,0.6911,1.0743,-1.6351,0.9488,0,12,2,0.1641,-0.0186,0,0,,,-0.0124,-0.0201,,,,,,,,,,,,,,,,,pinnacle
spelad,ED,2024/25,2024-11-24,15:45,Ajax,Zwolle,2,0,H,5,13,2,6,0.6163,1.7304,skott,,7,0,15,12,3,1,0,0,0.8211,0.1182,0.0607,0.8612,0.0953,0.0435,1,1.17,8.5,18,1.14,10.7,25,0.6744,0.7299,0.423,-0.1263,0.4968,-1,11,2.7273,0.3301,-0.0397,0,0,,,0.0973,-0.018,,,,,,,,,,,,,,,,,pinnacle
spelad,ED,2024/25,2024-11-24,11:15,Nijmegen,Utrecht,1,2,A,19,10,6,6,2.0855,1.5528,skott,,8,5,9,11,0,1,0,0,0.3599,0.283,0.3572,0.4225,0.2788,0.2986,1,2.67,3.48,2.75,2.43,3.49,3.27,0.5091,0.5141,-1.5104,0.0631,-1.2419,-1,6,-1,-0.2608,0.0719,0,0,,,0.1839,-0.015,,,,,,,,,,,,,,,,,pinnacle
spelad,ED,2024/25,2024-11-24,13:30,Sparta Rotterdam,AZ Alkmaar,1,2,A,13,5,4,2,1.4101,0.6163,skott,,5,2,11,12,3,3,0,0,0.2718,0.2665,0.4618,0.3517,0.2861,0.3622,1,3.6,3.64,2.1,2.89,3.5,2.72,0.5286,0.5116,0.1425,0.5786,0.0611,1,12,-1.25,-0.0014,0.0254,0,0,,,0.2593,-0.0055,,,,,,,,,,,,,,,,,pinnacle
spelad,ED,2024/25,2024-11-24,13:30,Willem II,NAC Breda,2,2,D,14,10,4,3,1.4693,1.0724,skott,,8,0,7,6,4,2,0,0,0.4532,0.2937,0.2531,0.3827,0.3175,0.2998,1,2.1,3.4,3.9,2.53,3.2,3.58,0.4148,0.403,0.3331,-1.1609,-0.2749,-1,4,1.5,0.5606,0.2206,0,0,,,-0.1876,0.0394,,,,,,,,,,,,,,,,,pinnacle
spelad,ED,2024/25,2024-11-29,19:00,Heerenveen,Waalwijk,1,1,D,13,12,4,1,1.4101,0.8705,skott,,3,3,14,8,0,0,0,0,0.5707,0.2313,0.198,0.5928,0.2263,0.1809,1,1.71,4.2,5.19,1.67,4.27,5.49,0.597,0.6118,0.2109,0.5364,0.1413,0,9,0.6667,-0.1838,0.3103,0,0,,,0.0613,-0.0286,,,,,,,,,,,,,,,,,pinnacle
spelad,ED,2024/25,2024-11-30,19:00,Feyenoord,For Sittard,1,1,D,23,8,10,3,2.9629,0.954,skott,,9,1,11,13,2,2,0,0,0.7597,0.1532,0.0871,0.7771,0.1468,0.076,1,1.26,6.6,12.5,1.28,6.69,13,0.5729,0.5736,0.4515,-0.6026,0.1156,0,12,1.5,-0.2053,0.0109,0,0,,,0.0458,-0.0295,,,,,,,,,,,,,,,,,pinnacle
spelad,ED,2024/25,2024-11-30,17:45,Groningen,Willem II,2,0,H,14,6,7,1,1.9497,0.5153,skott,,3,1,7,7,1,0,0,0,0.4236,0.3026,0.2739,0.4744,0.2941,0.2315,1,2.29,3.25,3.6,2.12,3.37,4.23,0.4066,0.3916,-0.7515,1.7551,-0.6973,1,10,0.3,0.0976,-0.1753,0,0,,,0.1439,-0.0126,,,,,,,,,,,,,,,,,pinnacle
spelad,ED,2024/25,2024-11-30,15:30,NAC Breda,Almere City,1,0,H,10,10,4,3,1.2325,1.0724,skott,,5,4,8,12,1,1,0,0,0.4777,0.2726,0.2498,0.5917,0.2454,0.1629,1,2.05,3.59,4,1.8,4.1,6.2,0.4474,0.509,0.5376,-0.9842,0.7653,-1,,,,,0,0,,,0.3149,-0.0236,,,,,,,,,,,,,,,,,pinnacle
spelad,ED,2024/25,2024-11-30,20:00,Zwolle,Sparta Rotterdam,1,0,H,10,13,3,2,1.0724,1.0898,skott,,3,7,8,16,3,1,0,0,0.3229,0.2753,0.4019,0.3455,0.2853,0.3692,1,3.01,3.53,2.45,2.82,3.62,2.62,0.5091,0.4859,0.7086,-0.5162,0.8223,0,9,0,0.0418,0.0614,0,0,,,0.0779,0.0022,,,,,,,,,,,,,,,,,pinnacle
spelad,ED,2024/25,2024-12-01,13:30,AZ Alkmaar,Heracles,1,0,H,20,7,5,2,1.9846,0.7346,skott,,8,1,8,16,0,3,0,0,0.7096,0.171,0.1195,0.6837,0.1955,0.1208,1,1.36,5.6,9,1.43,5.1,8.5,0.6129,0.6152,-0.9661,0.7243,-1.05,-1,11,1.0909,-0.168,-0.1011,0,0,,,-0.0531,-0.0072,,,,,,,,,,,,,,,,,pinnacle
spelad,ED,2024/25,2024-12-01,15:45,Nijmegen,Ajax,1,2,A,21,8,8,6,2.5242,1.4344,skott,,7,1,13,21,1,5,0,0,0.2018,0.2402,0.558,0.2237,0.251,0.5253,1,4.75,4.1,1.75,5.06,4.02,1.84,0.5619,0.5612,-1.5357,0.4268,-1.0837,0,6,-2,-0.2334,0.1683,0,0,,,0.0765,-0.0278,,,,,,,,,,,,,,,,,pinnacle
spelad,ED,2024/25,2024-12-01,13:30,Twente,Go Ahead Eagles,3,2,H,26,9,8,4,2.8202,1.1733,skott,,12,0,8,6,1,2,0,0,0.6103,0.2205,0.1692,0.5671,0.2357,0.1972,1,1.59,4.5,5.7,1.72,4.42,5.2,0.5556,0.5747,0.4021,-0.8618,0.1553,0,6,1,-0.0343,0.0886,0,0,,,-0.1143,0.0004,,,,,,,,,,,,,,,,,pinnacle
spelad,ED,2024/25,2024-12-01,11:15,Utrecht,PSV Eindhoven,2,5,A,10,13,3,8,1.0724,2.0506,skott,,4,6,9,11,2,4,0,0,0.1597,0.209,0.6313,0.1395,0.2,0.6604,1,6.5,4.65,1.55,6.91,5,1.51,0.6119,0.669,0.5927,0.5156,0.7515,-1,13,-1.6154,-0.2233,0.094,0,0,,,-0.0694,0.0233,,,,,,,,,,,,,,,,,pinnacle
spelad,ED,2024/25,2024-12-04,19:00,Ajax,Utrecht,2,2,D,13,17,2,5,1.0898,1.807,skott,,7,7,14,6,0,0,0,0,0.6486,0.205,0.1464,0.6829,0.2071,0.11,1,1.5,5.1,7,1.43,5.2,9.1,0.6268,0.6304,0.351,-0.6622,-0.0725,0,13,1.1538,-0.2206,-0.0216,0,0,,,0.1048,0.0012,,,,,,,,,,,,,,,,,pinnacle
spelad,ED,2024/25,2024-12-06,19:00,PSV Eindhoven,Twente,6,1,H,20,8,12,3,3.1056,0.954,skott,,9,2,7,9,0,1,0,0,0.7309,0.1611,0.108,0.7193,0.1676,0.1131,1,1.34,6.2,9.5,1.36,6,9.1,0.7185,0.7109,0.5628,-1.5614,0.1802,0,12,1.5,-0.0099,0.1253,0,0,,,-0.0284,-0.0052,,,,,,,,,,,,,,,,,pinnacle
spelad,ED,2024/25,2024-12-07,15:30,Go Ahead Eagles,Nijmegen,5,0,H,18,11,9,4,2.5068,1.2917,skott,,5,6,14,13,2,2,0,0,0.4683,0.2521,0.2796,0.4745,0.2674,0.2581,1,2.06,3.9,3.6,2.06,3.69,3.77,0.5541,0.541,0.151,0.7744,0.1026,0,6,-0.5,-0.2846,0.2248,0,0,,,0.0339,-0.0062,,,,,,,,,,,,,,,,,pinnacle
spelad,ED,2024/25,2024-12-07,20:00,Heracles,For Sittard,2,2,D,15,7,7,5,2.0089,1.2151,skott,,5,3,17,11,2,1,0,0,0.3767,0.2969,0.3264,0.4321,0.2906,0.2773,1,2.65,3.4,2.97,2.5,3.4,3.64,0.4729,0.491,-0.2405,0.5759,-0.4895,-1,10,0.6,0.2127,-0.0494,0,0,,,0.1598,-0.0028,,,,,,,,,,,,,,,,,pinnacle
spelad,ED,2024/25,2024-12-07,17:45,Sparta Rotterdam,NAC Breda,0,2,A,22,13,5,9,2.103,2.2108,skott,,9,5,12,7,3,1,0,0,0.4795,0.2683,0.2522,0.5424,0.2645,0.1931,1,2.05,3.63,4,2.05,3.8,5,0.4907,0.4936,-1.3916,1.1477,-1.5499,0,,,,,0,0,,,0.1848,-0.0225,,,,,,,,,,,,,,,,,pinnacle
spelad,ED,2024/25,2024-12-07,19:00,Waalwijk,Feyenoord,2,3,A,11,17,4,9,1.2917,2.4476,skott,,2,15,9,3,0,0,0,0,0.0838,0.1402,0.7761,0.0728,0.1321,0.795,1,12.5,7.3,1.24,13.21,7.4,1.25,0.6548,0.6743,-0.478,0.3147,-0.388,1,9,-2.3333,-0.1571,0.0863,0,0,,,-0.0409,0.0199,,,,,,,,,,,,,,,,,pinnacle
spelad,ED,2024/25,2024-12-08,15:45,Almere City,Utrecht,1,3,A,11,12,3,5,1.1316,1.511,skott,,4,4,10,6,2,3,0,0,0.2132,0.2354,0.5515,0.1965,0.2437,0.5598,1,4.75,4.1,1.79,5.07,4.1,1.77,0.5339,0.5231,-1.1487,0.8777,-1.1574,4,,,,,0,0,,,-0.0416,0.0204,,,,,,,,,,,,,,,,,pinnacle
spelad,ED,2024/25,2024-12-08,13:30,AZ Alkmaar,Ajax,2,1,H,12,7,4,3,1.3509,0.8948,skott,,6,3,16,11,1,2,0,0,0.3054,0.2575,0.4371,0.3583,0.2725,0.3692,1,3.19,3.77,2.25,3,3.68,2.7,0.5556,0.5865,-1.8515,1.7806,-1.391,3,14,0.4286,0.7214,-0.0738,0,0,,,0.1736,-0.0043,,,,,,,,,,,,,,,,,pinnacle
spelad,ED,2024/25,2024-12-08,11:15,Groningen,Zwolle,0,0,D,15,10,6,2,1.8488,0.9122,skott,,6,4,10,5,3,0,0,0,0.4732,0.2823,0.2445,0.4713,0.2919,0.2368,1,2.05,3.5,4.1,2.11,3.4,4.08,0.4844,0.4439,-0.6666,1.0222,-0.65,0,10,-0.6,-0.3524,-0.0678,0,0,,,0.0039,-0.0207,,,,,,,,,,,,,,,,,pinnacle
spelad,ED,2024/25,2024-12-08,13:30,Willem II,Heerenveen,1,2,A,10,19,4,3,1.2325,1.6051,skott,,2,3,14,10,2,2,0,0,0.3825,0.3043,0.3133,0.4171,0.3033,0.2796,1,2.51,3.35,3.05,2.4,3.25,3.56,0.4356,0.4253,0.6445,-1.403,0.3827,-1,9,-1.3333,-0.3209,-0.1445,0,0,,,0.1028,0.0017,,,,,,,,,,,,,,,,,pinnacle
spelad,ED,2024/25,2024-12-13,19:00,Zwolle,Willem II,0,1,A,19,9,2,5,1.445,1.3334,skott,,9,5,11,14,0,3,0,0,0.4829,0.2909,0.2262,0.5009,0.2818,0.2172,1,2.02,3.5,4.27,2.5,3.51,4.64,0.4439,0.4464,-0.2361,0.9525,0.2739,0,10,-0.6,-0.2783,-0.0596,0,0,,,0.0449,-0.0253,,,,,,,,,,,,,,,,,pinnacle
spelad,ED,2024/25,2024-12-14,20:00,Feyenoord,Heracles,5,2,H,18,5,7,3,2.1865,0.7764,skott,,10,0,10,11,0,1,0,0,0.7936,0.1332,0.0732,0.8491,0.099,0.0519,1,1.2,7.25,16,1.25,9.69,22,0.6531,0.717,0.6056,-0.6348,0.6416,0,12,2.25,0.237,0.0808,0,0,,,0.1323,-0.0354,,,,,,,,,,,,,,,,,pinnacle
spelad,ED,2024/25,2024-12-14,19:00,For Sittard,Waalwijk,3,2,H,16,15,8,7,2.2282,2.0089,skott,,12,7,5,4,1,1,0,0,0.5961,0.2306,0.1733,0.5807,0.2374,0.1819,1,1.63,4.15,5.8,1.7,4.08,5.36,0.5337,0.5436,0.3615,-0.2414,0.3749,0,9,1,0.4339,-0.0394,0,0,,,-0.0394,-0.027,,,,,,,,,,,,,,,,,pinnacle
spelad,ED,2024/25,2024-12-14,17:45,Heerenveen,PSV Eindhoven,1,0,H,12,14,5,3,1.511,1.3091,skott,,7,7,6,5,0,0,0,0,0.0818,0.1212,0.797,0.0841,0.1283,0.7876,1,15,7.76,1.2,12.7,7.49,1.3,0.7074,0.714,-0.489,2.1761,-0.3408,-2,13,-1.1538,0.1765,0.2949,0,0,,,0.0142,0.0235,,,,,,,,,,,,,,,,,pinnacle
spelad,ED,2024/25,2024-12-15,15:45,Ajax,Almere City,3,0,H,14,4,8,0,2.1098,0.2368,skott,,7,0,6,12,1,2,0,0,0.8468,0.0979,0.0553,0.8278,0.1099,0.0623,1,1.15,9.69,23,1.2,8.74,18,0.6937,0.692,1.4059,-1.7394,0.7983,0,,,,,0,0,,,-0.0449,-0.021,,,,,,,,,,,,,,,,,pinnacle
spelad,ED,2024/25,2024-12-15,19:00,NAC Breda,AZ Alkmaar,1,2,A,4,15,2,6,0.5571,1.8488,skott,,1,7,15,9,5,3,1,0,0.2607,0.275,0.4642,0.2628,0.2724,0.4649,1,3.75,3.58,2.05,3.73,3.59,2.12,0.4935,0.4974,0.6993,-0.4404,1.0955,1,4,-3,-0.5994,-0.1888,0,0,,,0.0034,0.0169,,,,,,,,,,,,,,,,,pinnacle
spelad,ED,2024/25,2024-12-15,13:30,Nijmegen,Sparta Rotterdam,1,1,D,20,15,7,6,2.3049,1.8488,skott,,13,5,10,9,0,2,0,0,0.4756,0.2694,0.255,0.4399,0.2898,0.2703,1,2.06,3.6,3.9,2.21,3.5,3.69,0.5065,0.5064,0.7518,-1.3936,0.8803,0,6,0,-0.1756,0.3876,0,0,,,-0.0867,-0.005,,,,,,,,,,,,,,,,,pinnacle
spelad,ED,2024/25,2024-12-15,13:30,Twente,Groningen,2,0,H,11,8,5,3,1.4518,0.954,skott,,3,5,12,7,1,2,0,0,0.6841,0.1963,0.1196,0.7142,0.1921,0.0938,1,1.42,4.81,8.5,1.37,5.3,10.5,0.5492,0.596,0.316,-0.7991,0.3366,2,10,0.9,0.1224,0.2439,0,0,,,0.086,-0.0226,,,,,,,,,,,,,,,,,pinnacle
spelad,ED,2024/25,2024-12-15,11:15,Utrecht,Go Ahead Eagles,3,3,D,39,9,8,3,3.5897,1.0132,skott,,7,1,9,8,1,2,0,1,0.4799,0.2554,0.2647,0.4541,0.2772,0.2687,1,2.06,3.75,3.6,2.13,3.53,3.9,0.5492,0.5373,0.9543,-0.2331,0.8389,-1,6,0.5,-0.2258,0.2468,0,0,,,-0.0555,0.0151,,,,,,,,,,,,,,,,,pinnacle
spelad,ED,2024/25,2024-12-20,19:00,Waalwijk,Zwolle,1,1,D,13,10,7,4,1.8905,1.2325,skott,,7,3,7,9,2,1,0,0,0.3683,0.2744,0.3574,0.3534,0.2624,0.3842,1,2.77,3.64,2.71,2.77,3.69,2.54,0.5652,0.5919,-0.1308,-0.3983,0.0134,-1,8,-0.375,-0.1879,0.3706,0,0,,,-0.0566,-0.0055,,,,,,,,,,,,,,,,,pinnacle
spelad,ED,2024/25,2024-12-21,17:45,Almere City,Heerenveen,3,0,H,11,11,8,3,1.9323,1.1316,skott,,6,3,9,13,1,2,0,0,0.3003,0.2859,0.4139,0.3306,0.2909,0.3784,1,3.17,3.7,2.31,3.18,3.46,2.56,0.4793,0.4653,-0.5997,0.2211,-0.8122,-1,,,,,0,0,,,0.0962,-0.0167,,,,,,,,,,,,,,,,,pinnacle
spelad,ED,2024/25,2024-12-21,19:00,AZ Alkmaar,Twente,1,0,H,11,5,5,1,1.4518,0.4561,skott,,4,2,13,10,3,4,0,0,0.3966,0.2659,0.3375,0.4627,0.2887,0.2486,1,2.42,3.75,2.9,2.13,3.43,3.89,0.5146,0.5219,-0.2483,0.1423,-0.2175,0,12,0.25,-0.1549,-0.1594,0,0,,,0.2211,-0.0204,,,,,,,,,,,,,,,,,pinnacle
spelad,ED,2024/25,2024-12-21,15:30,Go Ahead Eagles,NAC Breda,2,1,H,29,13,7,4,2.8376,1.4101,skott,,11,7,4,6,0,2,0,0,0.5817,0.2437,0.1746,0.635,0.2135,0.1515,1,1.67,4.09,5.6,1.58,4.64,6.37,0.4961,0.5804,-0.5465,-0.2316,-0.6483,0,,,,,0,0,,,0.1297,-0.0348,,,,,,,,,,,,,,,,,pinnacle
spelad,ED,2024/25,2024-12-22,13:30,PSV Eindhoven,Feyenoord,3,0,H,17,9,7,2,2.1273,0.853,skott,,7,3,14,11,1,3,0,0,0.5707,0.2229,0.2064,0.5925,0.2185,0.189,1,1.71,4.33,4.6,1.68,4.59,5.11,0.6333,0.6549,-0.049,-1.3231,-0.122,0,14,0,-0.2721,0.1784,0,0,,,0.061,-0.0245,,,,,,,,,,,,,,,,,pinnacle
spelad,ED,2024/25,2024-12-22,11:15,Sparta Rotterdam,Ajax,0,2,A,11,7,3,3,1.1316,0.8948,skott,,7,1,12,5,2,1,0,0,0.2103,0.2285,0.5612,0.2138,0.2465,0.5398,1,5,4.2,1.72,5.27,4.07,1.8,0.5692,0.5793,-1.985,2.408,-1.4863,0,12,-2.75,-0.3424,-0.0604,0,0,,,0.0284,-0.0064,,,,,,,,,,,,,,,,,pinnacle
spelad,ED,2024/25,2024-12-22,13:30,Utrecht,For Sittard,2,5,A,17,13,6,6,1.9671,1.7304,skott,,4,4,11,16,3,3,1,0,0.589,0.2296,0.1813,0.6293,0.236,0.1347,1,1.66,4.13,5.6,1.55,4.42,7.15,0.5286,0.5284,0.027,0.4487,0.2178,-1,11,1.0909,-0.1532,0.2362,0,0,,,0.1272,-0.0126,,,,,,,,,,,,,,,,,pinnacle
spelad,ED,2024/25,2024-12-22,15:45,Willem II,Nijmegen,4,1,H,14,15,8,7,2.1098,2.0089,skott,,5,4,8,7,0,2,0,0,0.3287,0.2837,0.3875,0.2688,0.2872,0.444,1,2.92,3.6,2.5,3.6,3.38,2.2,0.4456,0.4501,0.7113,-0.6126,0.1592,2,,,,,0,0,,,-0.1762,0.0189,,,,,,,,,,,,,,,,,pinnacle
spelad,ED,2024/25,2025-01-10,19:00,For Sittard,Go Ahead Eagles,0,3,A,18,21,3,6,1.5459,2.2039,skott,,9,4,12,13,2,0,0,0,0.3303,0.2872,0.3825,0.3131,0.2837,0.4031,1,3,3.5,2.58,3.09,3.48,2.47,0.5167,0.5219,0.7012,-0.3641,0.5592,-1,7,-0.8571,-0.233,-0.1268,0,0,,,-0.055,0.0189,,,,,,,,,,,,,,,,,pinnacle
spelad,ED,2024/25,2025-01-11,17:45,Ajax,Waalwijk,2,1,H,17,11,4,3,1.6469,1.1316,skott,,9,1,7,17,1,0,0,0,0.8552,0.0922,0.0526,0.8665,0.088,0.0455,1,1.14,11,23,1.14,11,21.12,0.7684,0.7534,1.2167,-1.3579,0.3478,-2,11,3,0.4326,-0.112,0,0,,,0.0297,-0.0312,,,,,,,,,,,,,,,,,pinnacle
spelad,ED,2024/25,2025-01-11,15:30,Heracles,Sparta Rotterdam,1,1,D,10,21,4,12,1.2325,3.1648,skott,,8,4,7,13,3,3,0,1,0.3629,0.2685,0.3686,0.2679,0.2904,0.4416,1,2.7,3.55,2.62,3.61,3.37,2.24,0.5339,0.4718,0.8576,-1.0043,0.8715,7,10,0.3,0.2439,0.2431,0,0,,,-0.2629,0.0317,,,,,,,,,,,,,,,,,pinnacle
spelad,ED,2024/25,2025-01-11,20:00,PSV Eindhoven,AZ Alkmaar,2,2,D,18,8,4,5,1.7061,1.2743,skott,,11,1,7,8,0,2,0,0,0.6619,0.1803,0.1578,0.6797,0.1898,0.1306,1,1.43,5.3,8,1.43,5.55,7.5,0.6564,0.6573,0.0019,-1.9464,-0.3711,-1,14,0.4286,-0.042,-0.236,0,0,,,0.0627,-0.0138,,,,,,,,,,,,,,,,,pinnacle
spelad,ED,2024/25,2025-01-11,19:00,Zwolle,Nijmegen,0,1,A,8,10,3,3,0.954,1.0724,skott,,6,4,9,14,1,1,0,0,0.3529,0.2861,0.3609,0.3143,0.2873,0.3984,1,2.72,3.5,2.64,3.12,3.42,2.47,0.5195,0.5179,0.8353,-0.454,0.6906,2,5,-1.8,-0.8506,0.1524,0,0,,,-0.1146,0.013,,,,,,,,,,,,,,,,,pinnacle
spelad,ED,2024/25,2025-01-12,13:30,Feyenoord,Utrecht,1,2,A,16,11,5,3,1.7478,1.1316,skott,,9,2,1,7,0,1,0,0,0.6444,0.1978,0.1579,0.6867,0.1911,0.1222,1,1.48,5,7,1.41,5.64,8.3,0.6213,0.6549,0.0196,-0.2303,-0.3883,0,15,1.4,0.278,0.0379,0,0,,,0.1204,0.0099,,,,,,,,,,,,,,,,,pinnacle
spelad,ED,2024/25,2025-01-12,13:30,Groningen,Almere City,0,0,D,18,5,5,1,1.8662,0.4561,skott,,15,2,3,12,1,2,0,0,0.5297,0.2577,0.2126,0.4928,0.2857,0.2215,1,1.81,3.8,4.75,2,3.44,4.42,0.4444,0.4278,-0.2783,0.8606,-0.1252,6,,,,,0,0,,,-0.0829,-0.0018,,,,,,,,,,,,,,,,,pinnacle
spelad,ED,2024/25,2025-01-12,15:45,NAC Breda,Heerenveen,2,4,A,15,14,6,6,1.8488,1.7896,skott,,7,4,8,14,0,3,0,0,0.445,0.2698,0.2852,0.4339,0.295,0.2711,1,2.18,3.6,3.35,2.25,3.48,3.57,0.5065,0.4667,-0.325,-0.4695,-0.3733,0,5,-0.6,0.1957,-0.2431,0,0,,,-0.0081,-0.0144,,,,,,,,,,,,,,,,,pinnacle
spelad,ED,2024/25,2025-01-12,11:15,Twente,Willem II,6,2,H,21,10,12,3,3.1648,1.0724,skott,,7,4,6,8,0,1,0,0,0.6503,0.2011,0.1486,0.7258,0.1853,0.089,1,1.42,5,8.3,1.38,5.38,11.5,0.562,0.5663,0.0161,0.6573,0.0869,1,8,0.375,-0.133,0.1134,0,0,,,0.2106,-0.0109,,,,,,,,,,,,,,,,,pinnacle
spelad,ED,2024/25,2025-01-18,20:00,Go Ahead Eagles,Groningen,2,1,H,14,20,3,5,1.3091,1.9846,skott,,2,7,7,11,1,1,0,0,0.6021,0.2393,0.1586,0.6326,0.219,0.1484,1,1.61,4.15,6,1.56,4.61,6.48,0.5286,0.5747,0.4544,-2.1894,0.3375,2,5,-1.2,-0.5603,-0.0671,0,0,,,0.0712,-0.0314,,,,,,,,,,,,,,,,,pinnacle
spelad,ED,2024/25,2025-01-18,17:45,Utrecht,AZ Alkmaar,0,0,D,9,12,3,4,1.0132,1.3509,skott,,4,6,11,13,0,3,0,0,0.3336,0.2848,0.3816,0.3638,0.2855,0.3507,1,2.88,3.58,2.5,2.85,3.48,2.76,0.5351,0.5116,-0.1261,0.3851,-0.1296,-1,14,-0.4286,-0.0029,0.186,0,0,,,0.0915,-0.029,,,,,,,,,,,,,,,,,pinnacle
spelad,ED,2024/25,2025-01-18,19:00,Willem II,Feyenoord,1,1,D,9,15,1,6,0.6929,1.8488,skott,,3,10,8,6,1,0,0,0,0.1114,0.181,0.7076,0.123,0.1938,0.6832,1,9.2,5.5,1.35,8.5,5,1.43,0.578,0.5623,0.252,-0.4969,0.4056,0,11,-1.9091,-0.151,-0.0045,0,0,,,0.0477,0.0084,,,,,,,,,,,,,,,,,pinnacle
spelad,ED,2024/25,2025-01-18,15:30,Zwolle,PSV Eindhoven,3,1,H,7,18,3,4,0.8948,1.7061,skott,,2,5,9,8,2,2,0,0,0.0916,0.1301,0.7783,0.0883,0.1318,0.78,1,14,7.8,1.23,13,7.5,1.25,0.7236,0.7078,-0.1863,1.0632,0.1853,0,13,-3,-0.4231,-0.1397,0,0,,,-0.0084,0.0002,,,,,,,,,,,,,,,,,pinnacle
spelad,ED,2024/25,2025-01-19,13:30,Almere City,Heracles,0,2,A,13,10,3,3,1.2499,1.0724,skott,,6,6,11,14,3,1,0,0,0.4004,0.2951,0.3045,0.4242,0.2994,0.2763,1,2.43,3.44,3.13,2.3,3.37,3.6,0.4856,0.445,-0.1902,0.3624,-0.0876,-1,3,-1,-0.7692,0.3904,0,0,,,0.0757,-0.0008,,,,,,,,,,,,,,,,,pinnacle
spelad,ED,2024/25,2025-01-19,13:30,Heerenveen,Ajax,0,2,A,11,21,2,9,0.9714,2.6843,skott,,5,5,7,8,1,1,0,0,0.1869,0.2234,0.5897,0.1754,0.2254,0.5992,1,5.75,4.33,1.64,5.8,4.28,1.64,0.5791,0.589,-0.478,1.4613,0.4621,-1,15,-2.4,-0.2164,-0.0836,0,0,,,-0.0325,0.0104,,,,,,,,,,,,,,,,,pinnacle
spelad,ED,2024/25,2025-01-19,11:15,NAC Breda,Twente,2,1,H,11,26,4,6,1.2917,2.4999,skott,,7,7,19,8,2,1,0,0,0.1908,0.2355,0.5737,0.2025,0.2516,0.5458,1,5.25,4.15,1.73,5.1,4.03,1.78,0.5492,0.5296,-0.5519,0.1453,-0.5953,0,3,-2,-0.691,0.1165,0,0,,,0.0512,0.0031,,,,,,,,,,,,,,,,,pinnacle
spelad,ED,2024/25,2025-01-19,15:45,Nijmegen,For Sittard,4,1,H,14,9,7,2,1.9497,0.853,skott,,2,1,6,14,0,5,0,0,0.5066,0.2656,0.2278,0.5707,0.2341,0.1952,1,1.9,3.65,4.4,1.72,4.12,5.31,0.4814,0.5375,-0.7056,1.0625,-0.4378,-1,7,0.8571,0.2266,0.1689,0,0,,,0.1607,-0.0057,,,,,,,,,,,,,,,,,pinnacle
spelad,ED,2024/25,2025-01-19,19:00,Sparta Rotterdam,Waalwijk,1,1,D,20,20,5,5,1.9846,1.9846,skott,,6,9,3,9,0,1,0,0,0.614,0.2241,0.1619,0.6508,0.2169,0.1323,1,1.55,4.5,6.25,1.5,4.8,7.28,0.5924,0.5844,-0.7964,1.3001,-1.0221,0,11,1.3636,0.3622,0.1063,0,0,,,0.1031,-0.0086,,,,,,,,,,,,,,,,,pinnacle
spelad,ED,2024/25,2025-01-24,19:00,Heracles,Utrecht,1,1,D,9,19,3,7,1.0132,2.2457,skott,,4,10,13,8,5,2,0,0,0.2367,0.2549,0.5084,0.2212,0.2518,0.527,1,4.1,3.84,1.95,4.48,3.89,1.88,0.5499,0.5448,0.0687,-0.9671,-0.2238,-1,12,-1.5,-0.2709,-0.0665,0,0,,,-0.0497,0.0213,,,,,,,,,,,,,,,,,pinnacle
spelad,ED,2024/25,2025-01-25,20:00,Groningen,Heerenveen,1,0,H,11,10,8,4,1.9323,1.2325,skott,,5,3,12,10,0,0,0,0,0.4144,0.2951,0.2906,0.4211,0.3084,0.2705,1,2.32,3.5,3.3,2.38,3.2,3.58,0.4599,0.4268,-0.9895,1.5179,-0.6708,1,12,-1,-0.5456,0.2295,0,0,,,0.0334,-0.0243,,,,,,,,,,,,,,,,,pinnacle
spelad,ED,2024/25,2025-01-25,17:45,PSV Eindhoven,NAC Breda,3,2,H,23,20,10,5,2.9629,1.9846,skott,,10,2,6,12,1,1,0,0,0.8691,0.0808,0.0502,0.854,0.0892,0.0568,1,1.11,11.73,26,1.14,10.82,20,0.7709,0.7664,-0.3319,-0.4583,-0.4856,1,5,3,0.5285,-0.1403,0,0,,,-0.0367,-0.0082,,,,,,,,,,,,,,,,,pinnacle
spelad,ED,2024/25,2025-01-26,15:45,AZ Alkmaar,Sparta Rotterdam,1,2,A,21,10,5,4,2.0438,1.2325,skott,,8,3,3,13,0,4,0,0,0.5982,0.2261,0.1757,0.6181,0.2318,0.1502,1,1.62,4.25,6,1.58,4.4,7,0.5326,0.5193,1.5498,-1.1008,1.6758,1,13,1.3846,0.103,0.0014,0,0,,,0.0652,0.0098,,,,,,,,,,,,,,,,,pinnacle
spelad,ED,2024/25,2025-01-26,11:15,For Sittard,Zwolle,1,4,A,16,8,1,5,1.1072,1.2743,skott,,7,3,10,8,3,1,1,0,0.4492,0.2682,0.2826,0.4416,0.274,0.2844,1,2.13,3.55,3.5,2.24,3.65,3.42,0.4844,0.5219,-0.1429,0.3204,-0.3187,-1,11,-0.2727,0.0454,-0.08,0,0,,,-0.017,0.0021,,,,,,,,,,,,,,,,,pinnacle
spelad,ED,2024/25,2025-01-26,13:30,Waalwijk,Willem II,2,0,H,9,9,2,3,0.853,1.0132,skott,,10,3,12,11,3,3,0,0,0.3785,0.2772,0.3443,0.4014,0.2804,0.3182,1,2.6,3.45,2.78,2.43,3.58,3.15,0.4909,0.4833,-1.0784,0.856,-0.6415,-1,6,-2.5,-0.8963,-0.0894,0,0,,,0.072,0.0107,,,,,,,,,,,,,,,,,pinnacle
spelad,ED,2024/25,2025-01-28,20:00,Heracles,Groningen,1,1,D,17,7,4,2,1.6469,0.7346,skott,,5,1,20,12,2,4,0,1,0.4249,0.2884,0.2867,0.41,0.2941,0.2959,1,2.3,3.5,3.32,2.4,3.5,3.47,0.4883,0.4936,0.1967,-1.1978,-0.3082,1,9,2,1.1843,-0.1534,0,0,,,-0.039,-0.0043,,,,,,,,,,,,,,,,,pinnacle
spelad,ED,2024/25,2025-01-31,19:00,NAC Breda,Heracles,1,1,D,18,12,5,5,1.8662,1.511,skott,,4,3,6,6,0,0,0,0,0.5133,0.2703,0.2164,0.5331,0.2629,0.204,1,1.9,3.58,4.72,1.82,3.7,5.09,0.5167,0.5296,0.3156,-0.2121,0.3039,3,5,-0.6,-0.0008,-0.2558,0,0,,,0.0519,-0.0048,,,,,,,,,,,,,,,,,pinnacle
spelad,ED,2024/25,2025-02-01,19:00,Heerenveen,For Sittard,2,2,D,26,6,6,4,2.4999,0.9957,skott,,12,1,15,11,0,3,0,0,0.4825,0.2693,0.2482,0.5459,0.249,0.2051,1,2.06,3.64,3.9,1.8,3.9,4.71,0.5065,0.5284,0.1104,0.0543,0.2797,1,13,0.2308,-0.0778,-0.1033,0,0,,,0.1697,-0.0151,,,,,,,,,,,,,,,,,pinnacle
spelad,ED,2024/25,2025-02-01,20:00,Nijmegen,PSV Eindhoven,3,3,D,10,15,7,6,1.7129,1.8488,skott,,4,5,10,5,1,1,0,0,0.1481,0.2029,0.649,0.1513,0.205,0.6437,1,6.4,5,1.48,6.87,4.8,1.52,0.6383,0.6444,-0.3803,1.4204,0.1339,6,7,-2.1429,0.0105,-0.1421,0,0,,,0.0119,0.0007,,,,,,,,,,,,,,,,,pinnacle
spelad,ED,2024/25,2025-02-01,17:45,Zwolle,Utrecht,3,3,D,12,17,6,9,1.6712,2.4476,skott,,5,3,15,12,2,0,0,0,0.2995,0.2753,0.4252,0.319,0.2731,0.4079,1,3.3,3.65,2.25,3.16,3.56,2.4,0.549,0.5473,0.4258,-1.1699,0.3883,-2,13,-0.9231,-0.1149,0.1484,0,0,,,0.0564,-0.0066,,,,,,,,,,,,,,,,,pinnacle
spelad,ED,2024/25,2025-02-02,13:30,Ajax,Feyenoord,2,1,H,16,12,7,6,2.0681,1.6712,skott,,7,5,13,7,0,0,0,0,0.4177,0.266,0.3164,0.4532,0.2665,0.2803,1,2.32,3.68,3.01,2.16,3.69,3.6,0.5692,0.5627,1.2378,-1.5079,0.6505,-1,14,1.0714,0.2731,-0.1463,0,0,,,0.1072,-0.003,,,,,,,,,,,,,,,,,pinnacle
spelad,ED,2024/25,2025-02-02,11:15,Almere City,Waalwijk,1,4,A,15,28,5,13,1.6886,3.7393,skott,,5,10,6,9,0,2,1,0,0.4308,0.285,0.2842,0.43,0.2812,0.2888,1,2.23,3.5,3.35,2.33,3.46,3.36,0.4909,0.5167,-0.054,0.6603,-0.434,7,3,0,0.0111,0.0603,0,0,,,-0.0062,-0.0293,,,,,,,,,,,,,,,,,pinnacle
spelad,ED,2024/25,2025-02-02,13:30,Go Ahead Eagles,Twente,2,2,D,9,17,4,9,1.1733,2.4476,skott,,4,8,10,14,0,0,0,0,0.3662,0.2744,0.3593,0.3627,0.259,0.3783,1,2.6,3.65,2.65,2.7,3.8,2.56,0.5681,0.6064,0.4519,-1.5155,0.4291,1,7,-1.2857,-0.1647,0.0423,0,0,,,-0.026,-0.0034,,,,,,,,,,,,,,,,,pinnacle
spelad,ED,2024/25,2025-02-02,15:45,Sparta Rotterdam,Groningen,1,0,H,8,7,3,3,0.954,0.8948,skott,,4,2,6,11,0,1,0,0,0.5309,0.2715,0.1976,0.5413,0.2676,0.1911,1,1.82,3.7,5,1.85,3.78,5.07,0.4766,0.4833,-0.3411,0.0553,-0.5928,2,11,0,0.1179,-0.1866,0,0,,,0.0272,-0.0212,,,,,,,,,,,,,,,,,pinnacle
spelad,ED,2024/25,2025-02-02,19:00,Willem II,AZ Alkmaar,0,2,A,3,17,1,7,0.3377,2.1273,skott,,1,10,14,7,4,0,1,0,0.1958,0.2626,0.5416,0.1614,0.2634,0.5753,1,5,3.74,1.83,6.5,3.71,1.68,0.4844,0.4427,-0.4766,0.0718,-0.6214,0,11,-0.2727,0.6044,-0.021,0,0,,,-0.1026,0.0041,,,,,,,,,,,,,,,,,pinnacle
spelad,ED,2024/25,2025-02-08,20:00,Feyenoord,Sparta Rotterdam,3,0,H,17,14,6,5,1.9671,1.6294,skott,,6,2,6,5,0,0,0,0,0.6712,0.1916,0.1372,0.6607,0.2115,0.1278,1,1.42,5.2,7.5,1.5,4.87,7.55,0.5914,0.5925,-0.1795,0.0565,-0.3458,0,12,2,0.0976,0.1489,0,0,,,-0.0117,-0.0229,,,,,,,,,,,,,,,,,pinnacle
spelad,ED,2024/25,2025-02-08,19:00,Groningen,Nijmegen,2,1,H,17,14,6,4,1.9671,1.4693,skott,,7,6,7,5,1,0,1,0,0.3103,0.2844,0.4054,0.3237,0.3152,0.3611,1,3.15,3.4,2.45,3.07,3.15,2.75,0.4635,0.403,-0.0097,-0.3944,0.2384,-1,5,-1.2,-0.5005,-0.0869,0,0,,,0.071,0.0109,,,,,,,,,,,,,,,,,pinnacle
spelad,ED,2024/25,2025-02-08,15:30,Heracles,Go Ahead Eagles,4,2,H,24,11,8,5,2.7018,1.4518,skott,,11,5,6,12,0,0,0,0,0.2877,0.2546,0.4578,0.3315,0.2719,0.3967,1,3.38,3.78,2.14,3.23,3.61,2.53,0.5681,0.5536,-0.8127,1.2787,-0.5159,2,5,-1.2,-0.4664,-0.0544,0,0,,,0.1487,-0.004,,,,,,,,,,,,,,,,,pinnacle
spelad,ED,2024/25,2025-02-08,17:45,PSV Eindhoven,Willem II,1,1,D,15,8,5,3,1.6886,0.954,skott,,6,2,8,7,0,2,0,0,0.8542,0.0903,0.0555,0.8424,0.1009,0.0567,1,1.13,12,23,1.16,10,19,0.7324,0.6996,-0.1013,-0.3432,-0.4892,1,11,1.3636,-0.1035,-0.1767,0,0,,,-0.0247,-0.0133,,,,,,,,,,,,,,,,,pinnacle
spelad,ED,2024/25,2025-02-09,15:45,AZ Alkmaar,Zwolle,2,0,H,11,12,6,4,1.612,1.3509,skott,,3,3,9,7,0,0,0,0,0.6803,0.1938,0.1259,0.7037,0.1868,0.1094,1,1.41,5.2,8,1.37,5.6,9.19,0.5725,0.5935,-0.173,1.0675,0.197,-1,13,1.1538,-0.255,0.258,0,0,,,0.0633,0.0024,,,,,,,,,,,,,,,,,pinnacle
spelad,ED,2024/25,2025-02-09,13:30,For Sittard,Ajax,0,2,A,8,9,2,6,0.7938,1.4936,skott,,5,4,19,24,2,3,0,0,0.1421,0.2094,0.6484,0.1532,0.2117,0.6351,1,6.7,4.7,1.55,7.2,5,1.52,0.5791,0.6176,-0.6686,0.7195,-0.2956,1,12,-2.5,-0.1771,0.0456,0,0,,,0.0355,-0.0317,,,,,,,,,,,,,,,,,pinnacle
spelad,ED,2024/25,2025-02-09,15:45,Heerenveen,Twente,3,3,D,22,9,7,5,2.4233,1.3334,skott,,9,2,9,9,1,3,0,1,0.2541,0.2456,0.5003,0.2653,0.2589,0.4758,1,3.95,4,1.95,3.64,3.86,2.09,0.5633,0.5598,0.0763,-0.2156,0.1864,1,13,0,0.1568,0.1386,0,0,,,0.0469,0.0177,,,,,,,,,,,,,,,,,pinnacle
spelad,ED,2024/25,2025-02-09,11:15,Utrecht,Almere City,0,1,A,15,15,4,6,1.5285,1.8488,skott,,8,5,7,17,1,5,0,0,0.6839,0.1946,0.1215,0.6751,0.2003,0.1246,1,1.39,5.09,8,1.43,5.2,8.4,0.5544,0.5793,0.0711,0.1064,0.4249,1,3,0,-0.5366,0.0783,0,0,,,-0.0207,0.0064,,,,,,,,,,,,,,,,,pinnacle
spelad,ED,2024/25,2025-02-09,13:30,Waalwijk,NAC Breda,5,0,H,20,14,9,2,2.6251,1.149,skott,,7,5,5,12,0,1,0,0,0.3694,0.2669,0.3637,0.4278,0.2592,0.3129,1,2.65,3.64,2.63,2.43,3.84,3.12,0.5607,0.5854,-0.3742,0.1677,0.1843,-2,,,,,0,0,,,0.1678,-0.024,,,,,,,,,,,,,,,,,pinnacle
spelad,ED,2024/25,2025-02-14,19:00,Go Ahead Eagles,Sparta Rotterdam,1,0,H,14,15,3,2,1.3091,1.2082,skott,,8,3,7,11,0,3,0,0,0.4539,0.2642,0.2819,0.4442,0.2675,0.2882,1,2.17,3.75,3.55,2.2,3.76,3.45,0.5561,0.5524,0.8739,-2.0797,0.4618,0,7,0,0.1881,-0.1386,0,0,,,-0.0257,0.0201,,,,,,,,,,,,,,,,,pinnacle
spelad,ED,2024/25,2025-02-15,17:45,NAC Breda,Feyenoord,0,0,D,11,23,2,6,0.9714,2.3223,skott,,6,5,8,10,0,0,0,0,0.192,0.219,0.589,0.1754,0.215,0.6096,1,5.1,4.75,1.66,5.83,4.58,1.63,0.5934,0.5722,0.2755,-0.2341,0.4843,-1,5,-0.6,0.7604,-0.1494,0,0,,,-0.0536,0.007,,,,,,,,,,,,,,,,,pinnacle
spelad,ED,2024/25,2025-02-15,15:30,PSV Eindhoven,Utrecht,2,2,D,34,10,18,3,4.8951,1.0724,skott,,9,5,11,9,2,2,0,0,0.7095,0.163,0.1275,0.7171,0.1623,0.1206,1,1.36,6,8.2,1.37,6,8.75,0.6855,0.681,0.0293,-0.5765,-0.469,1,14,1.7143,0.1785,0.073,0,0,,,0.0222,-0.0085,,,,,,,,,,,,,,,,,pinnacle
spelad,ED,2024/25,2025-02-15,20:00,Willem II,Groningen,1,3,A,15,17,8,9,2.169,2.4476,skott,,5,5,8,7,1,0,0,0,0.3811,0.3155,0.3034,0.3413,0.3389,0.3199,1,2.56,3.18,3.18,2.84,2.97,3.03,0.397,0.3419,0.5236,-0.7182,0.2047,0,11,-0.5455,-0.0192,-0.1861,0,0,,,-0.0961,0.0083,,,,,,,,,,,,,,,,,pinnacle
spelad,ED,2024/25,2025-02-16,15:45,Ajax,Heracles,4,0,H,11,8,6,4,1.612,1.1141,skott,,5,4,13,14,0,0,0,0,0.7822,0.1296,0.0881,0.7295,0.1632,0.1072,1,1.26,7.5,13,1.35,6,10.5,0.6698,0.6403,0.5971,-0.3826,0.012,-1,13,1.1538,-0.4704,0.02,0,0,,,-0.1244,-0.0163,,,,,,,,,,,,,,,,,pinnacle
spelad,ED,2024/25,2025-02-16,11:15,Nijmegen,Almere City,2,2,D,9,13,3,5,1.0132,1.5702,skott,,4,7,12,10,1,3,0,0,0.6269,0.2238,0.1493,0.6092,0.2383,0.1525,1,1.54,4.4,7,1.61,4.19,6.31,0.5091,0.555,-0.268,0.5483,-0.233,1,3,0,-0.2506,0.0663,0,0,,,-0.0386,-0.0235,,,,,,,,,,,,,,,,,pinnacle
spelad,ED,2024/25,2025-02-16,13:30,Twente,Waalwijk,2,0,H,15,12,3,4,1.3683,1.3509,skott,,8,2,6,7,0,2,0,0,0.6866,0.1784,0.135,0.7115,0.1731,0.1154,1,1.4,5.6,7.9,1.37,6.11,8.32,0.6627,0.6954,-0.0529,0.9185,-0.7094,0,11,0.2727,-0.4217,-0.033,0,0,,,0.0693,-0.0044,,,,,,,,,,,,,,,,,pinnacle
spelad,ED,2024/25,2025-02-16,13:30,Zwolle,Heerenveen,1,1,D,8,12,5,3,1.2743,1.1907,skott,,3,3,16,10,0,0,0,0,0.4231,0.2637,0.3132,0.3423,0.2809,0.3768,1,2.3,3.62,3.1,2.84,3.58,2.65,0.5365,0.5026,0.0229,-0.7724,-0.2289,0,12,0.25,0.3798,-0.006,0,0,,,-0.2253,0.0107,,,,,,,,,,,,,,,,,pinnacle
spelad,ED,2024/25,2025-02-22,19:00,Feyenoord,Almere City,2,1,H,18,13,7,2,2.1865,1.0898,skott,,7,2,8,12,0,1,0,0,0.7859,0.1285,0.0857,0.7861,0.1362,0.0777,1,1.22,7.9,13,1.25,7.2,13.4,0.6531,0.6377,-0.2273,0.0266,-0.6265,1,3,3,0.5571,-0.1533,0,0,,,0.0083,-0.0142,,,,,,,,,,,,,,,,,pinnacle
spelad,ED,2024/25,2025-02-23,13:30,Ajax,Go Ahead Eagles,2,0,H,21,6,6,1,2.2039,0.5153,skott,,3,3,9,12,2,2,0,1,0.6055,0.2116,0.183,0.6474,0.2039,0.1486,1,1.6,4.8,5.8,1.5,5.1,7,0.6265,0.6295,0.0087,0.2972,0.0334,-2,7,0,-1.1443,0.5516,0,0,,,0.1182,0.0005,,,,,,,,,,,,,,,,,pinnacle
spelad,ED,2024/25,2025-02-23,15:45,AZ Alkmaar,For Sittard,1,0,H,14,9,6,4,1.7896,1.1733,skott,,9,1,13,13,2,3,0,0,0.6817,0.1954,0.1229,0.7467,0.1671,0.0862,1,1.39,5.1,8.75,1.31,6,12,0.5729,0.5848,0.2796,-0.319,0.617,0,12,2.25,0.3844,-0.1081,0,0,,,0.1667,-0.0074,,,,,,,,,,,,,,,,,pinnacle
spelad,ED,2024/25,2025-02-23,13:30,Twente,Nijmegen,2,0,H,13,11,5,2,1.5702,0.9714,skott,,2,4,11,8,1,2,0,0,0.6026,0.2205,0.1768,0.6235,0.2157,0.1608,1,1.6,4.4,5.8,1.57,4.6,6.75,0.5816,0.5985,0.1343,-0.5389,0.0384,0,7,0.8571,0.0014,-0.0976,0,0,,,0.0578,0.0001,,,,,,,,,,,,,,,,,pinnacle
spelad,ED,2024/25,2025-02-28,19:00,Waalwijk,For Sittard,1,2,A,20,7,1,3,1.344,0.8948,skott,,8,1,10,13,1,4,0,0,0.4829,0.2683,0.2489,0.45,0.2688,0.2813,1,2.01,3.88,3.9,2.23,3.74,3.44,0.5758,0.5598,-0.0705,-0.746,0.573,7,10,-1.2,-0.4334,-0.0592,0,0,,,-0.0981,-0.0133,,,,,,,,,,,,,,,,,pinnacle
spelad,ED,2024/25,2025-03-01,20:00,Feyenoord,Nijmegen,0,0,D,17,5,5,2,1.807,0.6163,skott,,10,3,13,20,1,4,0,0,0.6482,0.1997,0.1521,0.6586,0.205,0.1364,1,1.48,5,6.75,1.52,4.9,7.05,0.605,0.5854,-0.1245,0.0645,-0.2859,1,7,1.7143,-0.1257,0.2502,0,0,,,0.0366,-0.0247,,,,,,,,,,,,,,,,,pinnacle
spelad,ED,2024/25,2025-03-01,17:45,Go Ahead Eagles,PSV Eindhoven,3,2,H,7,16,4,5,1.0549,1.7478,skott,,2,5,9,7,1,2,0,0,0.1864,0.2078,0.6058,0.153,0.1956,0.6514,1,5.5,4.7,1.59,6.5,5.1,1.49,0.6578,0.7103,1.3286,-1.7832,1.3807,-7,7,-3,-0.4087,-0.1468,0,0,,,-0.1124,0.0055,,,,,,,,,,,,,,,,,pinnacle
spelad,ED,2024/25,2025-03-01,19:00,Groningen,Twente,1,1,D,6,12,3,2,0.8356,1.0306,skott,,2,3,12,10,2,0,0,0,0.2454,0.2675,0.4871,0.2366,0.2821,0.4814,1,3.93,3.64,2,4.22,3.45,2.05,0.4883,0.4476,-0.2859,0.8111,0.3767,7,11,-1.0909,-0.376,0.2043,0,0,,,-0.012,0.0046,,,,,,,,,,,,,,,,,pinnacle
spelad,ED,2024/25,2025-03-01,15:30,Utrecht,NAC Breda,1,0,H,19,8,5,3,1.9254,0.954,skott,,6,2,13,19,1,3,0,0,0.6154,0.2144,0.1702,0.6056,0.2293,0.1652,1,1.55,4.6,6.25,1.59,4.38,6.3,0.5835,0.5747,-0.1836,0.1304,-0.0665,0,5,1.2,0.0474,-0.0406,0,0,,,-0.0147,0.0014,,,,,,,,,,,,,,,,,pinnacle
spelad,ED,2024/25,2025-03-02,13:30,Almere City,Ajax,0,1,A,14,5,1,2,0.9889,0.6163,skott,,3,0,16,13,1,0,0,0,0.1455,0.1887,0.6658,0.1521,0.2061,0.6418,1,8,5.2,1.43,7.5,5,1.51,0.5707,0.5935,-1.1439,1.2847,-0.7377,1,3,-2,-0.1366,0.1825,0,0,,,0.0373,-0.0156,,,,,,,,,,,,,,,,,pinnacle
spelad,ED,2024/25,2025-03-02,11:15,Heerenveen,AZ Alkmaar,3,1,H,10,10,7,4,1.7129,1.2325,skott,,3,6,11,10,2,3,0,0,0.2689,0.28,0.4511,0.2698,0.2775,0.4526,1,3.7,3.52,2.12,3.8,3.5,2.17,0.483,0.5039,-0.4887,0.346,-0.387,7,15,-1.8,-0.3082,-0.0884,0,0,,,0.0003,0.0027,,,,,,,,,,,,,,,,,pinnacle
spelad,ED,2024/25,2025-03-02,13:30,Heracles,Zwolle,4,2,H,16,5,5,3,1.7478,0.7764,skott,,7,1,18,16,1,2,0,0,0.4199,0.2997,0.2803,0.4278,0.2912,0.281,1,2.28,3.58,3.4,2.3,3.47,3.47,0.5234,0.5141,0.1698,0.3525,0.308,0,12,0,0.0251,-0.0969,0,0,,,0.015,-0.0082,,,,,,,,,,,,,,,,,pinnacle
spelad,ED,2024/25,2025-03-02,15:45,Sparta Rotterdam,Willem II,4,0,H,22,9,11,3,3.0638,1.0132,skott,,9,5,10,7,1,1,0,0,0.5784,0.2395,0.1821,0.5736,0.2503,0.1762,1,1.68,3.99,5.5,1.71,3.85,5.75,0.4909,0.4833,-0.3186,0.5529,-0.3019,1,8,1.125,0.5272,-0.1477,0,0,,,-0.0038,-0.0093,,,,,,,,,,,,,,,,,pinnacle
spelad,ED,2024/25,2025-03-07,19:00,NAC Breda,Sparta Rotterdam,1,1,D,11,17,3,5,1.1316,1.807,skott,,5,7,10,5,0,2,1,0,0.3503,0.2928,0.3568,0.2871,0.2905,0.4224,1,2.77,3.35,2.7,3.45,3.47,2.4,0.5,0.4936,-0.0958,-0.1284,-0.3707,1,3,0,0.2198,0.0668,0,0,,,-0.1922,0.0147,,,,,,,,,,,,,,,,,pinnacle
spelad,ED,2024/25,2025-03-08,15:30,For Sittard,Heracles,1,0,H,12,5,5,0,1.511,0.296,skott,,2,6,11,19,0,2,0,0,0.4081,0.2964,0.2955,0.4103,0.2774,0.3123,1,2.38,3.6,3.26,2.43,3.58,3.14,0.4987,0.5244,-0.3605,0.7042,-0.5616,2,11,-0.5455,-0.1596,0.0196,0,0,,,-0.0126,-0.0004,,,,,,,,,,,,,,,,,pinnacle
spelad,ED,2024/25,2025-03-08,19:00,PSV Eindhoven,Heerenveen,2,1,H,25,8,10,4,3.0813,1.1141,skott,,8,4,10,10,2,1,0,0,0.7541,0.1464,0.0995,0.7969,0.1209,0.0822,1,1.26,6.9,11,1.25,8.4,13,0.723,0.7316,-0.4644,0.7704,-0.9662,1,14,0.8571,-0.6157,0.2647,0,0,,,0.1029,-0.02,,,,,,,,,,,,,,,,,pinnacle
spelad,ED,2024/25,2025-03-09,13:30,Nijmegen,Go Ahead Eagles,2,3,A,10,27,4,14,1.2325,3.8402,skott,,3,15,13,8,2,1,1,0,0.4348,0.2776,0.2877,0.3953,0.2775,0.3272,1,2.25,3.66,3.34,2.59,3.57,3,0.5429,0.5473,-0.9641,0.8161,-0.7552,0,7,0,-0.0975,0.1545,0,0,,,-0.1185,-0.0037,,,,,,,,,,,,,,,,,pinnacle
spelad,ED,2024/25,2025-03-09,15:45,Twente,Almere City,1,0,H,15,7,3,1,1.3683,0.5745,skott,,4,3,9,13,0,2,0,0,0.7325,0.1646,0.1028,0.7562,0.1569,0.0868,1,1.3,6.2,12,1.3,6.38,12,0.597,0.5833,0.1639,-0.4213,-0.351,1,3,3,0.7947,-0.2019,0,0,,,0.0634,-0.0177,,,,,,,,,,,,,,,,,pinnacle
spelad,ED,2024/25,2025-03-09,11:15,Willem II,Utrecht,2,3,A,13,15,6,6,1.7304,1.8488,skott,,4,5,14,10,0,2,0,0,0.2377,0.2748,0.4875,0.261,0.2823,0.4567,1,4.1,3.6,1.98,3.9,3.6,2.12,0.4727,0.4744,-0.1033,0.3799,0.085,-1,11,-1.0909,0.0372,-0.1454,0,0,,,0.0774,-0.0137,,,,,,,,,,,,,,,,,pinnacle
spelad,ED,2024/25,2025-03-09,13:30,Zwolle,Ajax,0,1,A,9,14,2,6,0.853,1.7896,skott,,3,3,9,5,1,0,0,0,0.1839,0.2277,0.5884,0.1579,0.2276,0.6145,1,5.75,4.25,1.63,6.75,4.5,1.6,0.5619,0.5499,-1.2394,0.844,-0.801,0,12,-2.75,-0.285,-0.0443,0,0,,,-0.0782,0.0046,,,,,,,,,,,,,,,,,pinnacle
spelad,ED,2024/25,2025-03-14,19:00,Almere City,NAC Breda,1,1,D,13,12,5,3,1.5702,1.1907,skott,,3,6,6,5,1,0,0,0,0.4321,0.2898,0.2781,0.4355,0.281,0.2835,1,2.27,3.4,3.5,2.28,3.5,3.41,0.4602,0.4974,-0.2917,0.1653,0.0726,-2,,,,,0,0,,,0.0014,-0.0116,,,,,,,,,,,,,,,,,pinnacle
spelad,ED,2024/25,2025-03-15,20:00,Heerenveen,Heracles,1,1,D,19,6,3,2,1.6051,0.6754,skott,,10,1,8,15,0,2,0,0,0.534,0.27,0.196,0.5222,0.2691,0.2087,1,1.82,3.88,5,1.91,3.74,4.63,0.5377,0.5039,-0.3532,-0.0129,-0.3505,0,13,0.2308,0.0467,-0.1007,0,0,,,-0.0362,-0.0307,,,,,,,,,,,,,,,,,pinnacle
spelad,ED,2024/25,2025-03-15,17:45,Sparta Rotterdam,Zwolle,1,1,D,14,8,5,3,1.6294,0.954,skott,,1,4,7,12,0,0,0,0,0.5812,0.2316,0.1872,0.5611,0.2462,0.1926,1,1.65,4.3,5.7,1.74,4.1,5.5,0.5313,0.5129,-0.0253,0.5115,0.0036,2,10,-0.3,-0.2322,0.0267,0,0,,,-0.0455,0.0026,,,,,,,,,,,,,,,,,pinnacle
spelad,ED,2024/25,2025-03-15,15:30,Utrecht,Nijmegen,0,1,A,19,13,5,3,1.9254,1.2499,skott,,6,5,8,12,0,3,0,0,0.5343,0.2445,0.2212,0.5436,0.2637,0.1927,1,1.83,4,4.7,1.81,3.84,5.02,0.567,0.5193,0.2367,0.0468,0.3269,0,7,1.2857,0.4227,0.0218,0,0,,,0.047,-0.0181,,,,,,,,,,,,,,,,,pinnacle
spelad,ED,2024/25,2025-03-15,19:00,Waalwijk,PSV Eindhoven,0,3,A,5,17,2,7,0.6163,2.1273,skott,,1,5,7,7,2,0,0,0,0.091,0.1388,0.7702,0.1125,0.1558,0.7317,1,12,7.3,1.25,10,6.3,1.33,0.724,0.7399,0.4782,-1.5792,1.4521,7,10,-3,-0.373,-0.1331,0,0,,,0.0816,-0.0059,,,,,,,,,,,,,,,,,pinnacle
spelad,ED,2024/25,2025-03-16,15:45,Ajax,AZ Alkmaar,2,2,D,17,6,5,2,1.807,0.6754,skott,,3,3,8,10,1,3,1,1,0.5534,0.2504,0.1962,0.491,0.2672,0.2418,1,1.79,3.95,5.3,2.06,3.82,4.1,0.504,0.5167,1.1107,-1.103,0.8572,-7,15,-0.6,-0.6964,-0.0871,0,0,,,-0.1704,-0.0087,,,,,,,,,,,,,,,,,pinnacle
spelad,ED,2024/25,2025-03-16,11:15,Go Ahead Eagles,Willem II,1,0,H,22,4,7,1,2.4233,0.3969,skott,,11,1,7,16,1,2,0,0,0.6025,0.2432,0.1543,0.6467,0.2241,0.1292,1,1.6,4.2,6.25,1.51,4.45,7.63,0.5352,0.5722,1.3937,-1.5193,1.2365,0,3,1,0.6517,-0.2771,0,0,,,0.1136,-0.0075,,,,,,,,,,,,,,,,,pinnacle
spelad,ED,2024/25,2025-03-16,13:30,Groningen,For Sittard,1,0,H,7,4,4,1,1.0549,0.3969,skott,,9,1,12,11,0,4,0,0,0.485,0.2755,0.2395,0.4999,0.2871,0.213,1,1.98,3.55,4.2,2.03,3.44,4.53,0.4635,0.4171,0.1507,-0.7036,0.4531,7,10,-0.3,-0.2057,-0.1691,0,0,,,0.0562,-0.0314,,,,,,,,,,,,,,,,,pinnacle
spelad,ED,2024/25,2025-03-16,13:30,Twente,Feyenoord,2,6,A,9,15,3,8,1.0132,2.169,skott,,2,5,12,11,2,3,0,0,0.4197,0.2769,0.3034,0.384,0.288,0.328,1,2.3,3.6,3.15,2.61,3.59,3.11,0.5391,0.4807,0.7085,-0.9984,0.6778,-7,12,-0.75,0.096,0.1941,0,0,,,-0.096,-0.0109,,,,,,,,,,,,,,,,,pinnacle
spelad,ED,2024/25,2025-03-29,17:45,For Sittard,Sparta Rotterdam,0,3,A,15,15,3,7,1.3683,2.0089,skott,,2,4,15,7,3,1,0,0,0.3032,0.266,0.4308,0.3195,0.2933,0.3872,1,3.35,3.58,2.23,3.15,3.31,2.53,0.4767,0.4464,-0.1393,0.4766,-0.1248,-1,11,-0.8182,-0.1902,0.0992,0,0,,,0.0761,0.0005,,,,,,,,,,,,,,,,,pinnacle
spelad,ED,2024/25,2025-03-29,15:30,NAC Breda,Groningen,1,1,D,13,6,3,2,1.2499,0.6754,skott,,3,2,13,14,3,4,0,1,0.3805,0.3018,0.3177,0.3175,0.3144,0.3682,1,2.53,3.32,3.1,3.1,3.2,2.7,0.4373,0.4146,-0.2848,0.084,-0.6633,2,5,-0.6,-0.0036,0.146,0,0,,,-0.1765,0.0138,,,,,,,,,,,,,,,,,pinnacle
spelad,ED,2024/25,2025-03-29,20:00,Nijmegen,AZ Alkmaar,3,3,D,15,9,4,5,1.5285,1.3334,skott,,5,7,9,9,3,2,0,0,0.2763,0.2732,0.4505,0.2294,0.2728,0.4978,1,3.5,3.55,2.21,4.21,3.63,2.05,0.5091,0.4884,0.1091,-0.6174,0.08,1,7,-1.2857,-0.0081,0.0684,0,0,,,-0.1412,0.0218,,,,,,,,,,,,,,,,,pinnacle
spelad,ED,2024/25,2025-03-29,17:45,Willem II,Almere City,0,2,A,14,19,5,5,1.6294,1.9254,skott,,8,5,6,10,2,2,1,0,0.4249,0.285,0.2902,0.364,0.2865,0.3495,1,2.25,3.35,3.4,2.74,3.38,2.9,0.4297,0.4351,0.0763,-0.1075,-0.2731,-2,,,,,0,0,,,-0.1812,0.0001,,,,,,,,,,,,,,,,,pinnacle
spelad,ED,2024/25,2025-03-29,20:00,Zwolle,Waalwijk,2,0,H,25,6,11,2,3.2414,0.6754,skott,,11,3,11,13,1,2,0,1,0.466,0.267,0.267,0.4742,0.2636,0.2622,1,2.08,3.76,3.56,2.1,3.76,3.81,0.5681,0.5612,0.3068,-0.3692,-0.074,0,9,0.3333,-0.2085,0.4113,0,0,,,0.0214,-0.0115,,,,,,,,,,,,,,,,,pinnacle
spelad,ED,2024/25,2025-03-30,15:45,Feyenoord,Go Ahead Eagles,3,2,H,17,13,9,3,2.4476,1.2499,skott,,2,4,7,12,1,0,0,0,0.657,0.1931,0.1499,0.6755,0.1898,0.1347,1,1.48,4.95,7,1.49,5.13,7.5,0.6317,0.6509,-1.1234,0.2942,-1.0666,0,7,3,0.7345,-0.173,0,0,,,0.0522,-0.0356,,,,,,,,,,,,,,,,,pinnacle
spelad,ED,2024/25,2025-03-30,13:30,Heracles,Twente,2,1,H,7,13,4,5,1.0549,1.5702,skott,,1,6,15,13,5,2,0,0,0.2292,0.2523,0.5185,0.233,0.2634,0.5036,1,4.4,3.9,1.85,4.4,3.8,1.98,0.5182,0.5141,0.0202,-0.2423,0.5256,1,10,-0.6,-0.0061,0.1657,0,0,,,0.0225,0.0003,,,,,,,,,,,,,,,,,pinnacle
spelad,ED,2024/25,2025-03-30,13:30,PSV Eindhoven,Ajax,0,2,A,17,11,4,3,1.6469,1.1316,skott,,5,2,10,8,1,2,0,0,0.5604,0.2167,0.2228,0.6287,0.2051,0.1661,1,1.7,4.45,4.6,1.63,4.7,5.79,0.6366,0.6728,-1.4234,1.8703,-1.6258,1,15,-0.2,0.0809,0.0409,0,0,,,0.1934,-0.0362,,,,,,,,,,,,,,,,,pinnacle
spelad,ED,2024/25,2025-03-30,11:15,Utrecht,Heerenveen,2,0,H,12,10,4,2,1.3509,0.9122,skott,,4,5,18,13,1,1,0,0,0.5301,0.2497,0.2202,0.5056,0.2617,0.2327,1,1.82,3.85,4.6,1.95,3.87,4.35,0.5365,0.5524,0.3125,-0.2809,-0.0668,0,14,1.5,0.3778,0.1087,0,0,,,-0.0616,-0.0056,,,,,,,,,,,,,,,,,pinnacle
spelad,ED,2024/25,2025-04-01,19:00,AZ Alkmaar,Waalwijk,2,2,D,24,6,6,2,2.3815,0.6754,skott,,12,5,10,10,0,3,0,0,0.7365,0.159,0.1045,0.7721,0.1451,0.0828,1,1.35,6.1,10.5,1.25,7.2,14,0.6501,0.6353,0.0791,0.2859,-0.5052,0,11,1.3636,-0.0823,-0.1767,0,0,,,0.0929,0.0201,,,,,,,,,,,,,,,,,pinnacle
spelad,ED,2024/25,2025-04-02,19:00,Feyenoord,Groningen,4,1,H,13,6,7,1,1.8905,0.5153,skott,,1,1,7,8,0,2,0,0,0.6963,0.1894,0.1144,0.6771,0.2059,0.117,1,1.39,5,8.7,1.43,4.8,8.5,0.5692,0.509,-0.5631,0.3369,-0.6719,-1,12,1.25,-0.2037,0.2131,0,0,,,-0.0409,-0.0031,,,,,,,,,,,,,,,,,pinnacle
spelad,ED,2024/25,2025-04-04,19:00,Heerenveen,Willem II,3,1,H,22,13,9,3,2.7435,1.2499,skott,,9,6,12,7,0,1,0,0,0.6598,0.217,0.1232,0.6338,0.2278,0.1384,1,1.5,4.55,7.82,1.56,4.6,7.25,0.5347,0.5256,0.1656,-0.5064,0.4659,-1,10,1.5,0.6046,-0.1604,0,0,,,-0.0673,-0.0178,,,,,,,,,,,,,,,,,pinnacle
spelad,ED,2024/25,2025-04-05,20:00,Almere City,Zwolle,2,2,D,24,10,5,5,2.2214,1.3926,skott,,7,4,9,12,2,2,0,0,0.4213,0.2792,0.2994,0.3965,0.2914,0.3121,1,2.3,3.5,3.25,2.53,3.4,3.15,0.4793,0.4756,-0.1315,0.2236,0.0392,0,3,-1,-0.1373,-0.2676,0,0,,,-0.0623,0.0004,,,,,,,,,,,,,,,,,pinnacle
spelad,ED,2024/25,2025-04-05,15:30,AZ Alkmaar,Feyenoord,0,1,A,13,9,5,1,1.5702,0.6929,skott,,5,3,17,10,3,2,0,0,0.3888,0.2661,0.3451,0.3654,0.2705,0.3641,1,2.45,3.61,2.8,2.74,3.61,2.75,0.5351,0.5155,-0.2969,0.6337,-0.6113,1,14,-1.0714,-0.2011,-0.1752,0,0,,,-0.0657,0.0123,,,,,,,,,,,,,,,,,pinnacle
spelad,ED,2024/25,2025-04-05,19:00,Groningen,PSV Eindhoven,1,3,A,14,15,3,4,1.3091,1.5285,skott,,4,5,6,11,1,2,0,0,0.1322,0.187,0.6808,0.1342,0.2059,0.6599,1,8.5,5.06,1.4,7.6,5,1.47,0.6015,0.5854,0.832,-1.255,1.1839,-3,13,-2.0769,-0.1544,-0.0253,0,0,,,0.0249,0.0059,,,,,,,,,,,,,,,,,pinnacle
spelad,ED,2024/25,2025-04-05,17:45,Twente,For Sittard,1,1,D,11,6,3,1,1.1316,0.5153,skott,,7,3,12,15,1,3,0,0,0.6798,0.1925,0.1277,0.6988,0.182,0.1192,1,1.4,5,9.5,1.45,5.3,8.4,0.5426,0.5793,0.216,-0.4164,-0.1851,-1,10,1.2,0.225,-0.236,0,0,,,0.0465,-0.0261,,,,,,,,,,,,,,,,,pinnacle
spelad,ED,2024/25,2025-04-06,15:45,Ajax,NAC Breda,3,1,H,10,8,4,3,1.2325,0.954,skott,,9,0,8,18,1,5,0,0,0.764,0.1475,0.0885,0.7614,0.1528,0.0859,1,1.25,6.75,12,1.29,6.4,13,0.6506,0.6459,1.4337,-1.3293,1.306,-1,5,1.8,-0.1601,-0.1157,0,0,,,-0.0027,-0.0139,,,,,,,,,,,,,,,,,pinnacle
spelad,ED,2024/25,2025-04-06,13:30,Go Ahead Eagles,Utrecht,2,2,D,11,14,6,3,1.612,1.3091,skott,,1,5,9,16,1,4,0,0,0.4491,0.2552,0.2957,0.4245,0.254,0.3215,1,2.15,4,3.5,2.35,4,3.1,0.5729,0.59,0.4036,0.1952,0.5899,0,7,-0.4286,-0.0299,0.3148,0,0,,,-0.0751,0,,,,,,,,,,,,,,,,,pinnacle
spelad,ED,2024/25,2025-04-06,13:30,Sparta Rotterdam,Nijmegen,2,0,H,12,9,3,1,1.1907,0.6929,skott,,3,2,10,10,0,4,0,1,0.4595,0.2725,0.2679,0.5329,0.2532,0.2139,1,2.08,3.58,3.7,1.81,3.97,4.6,0.4909,0.5424,0.2518,0.115,0.561,0,7,0,-0.1961,0.4337,0,0,,,0.2009,0.0127,,,,,,,,,,,,,,,,,pinnacle
spelad,ED,2024/25,2025-04-06,11:15,Waalwijk,Heracles,0,0,D,10,10,3,1,1.0724,0.7521,skott,,6,9,11,12,1,1,0,0,0.4004,0.2787,0.3209,0.3986,0.2752,0.3262,1,2.38,3.7,2.97,2.52,3.63,2.97,0.5556,0.5536,-0.1783,-0.4506,-0.1817,-2,9,0.6667,0.6742,-0.1346,0,0,,,-0.0089,-0.0177,,,,,,,,,,,,,,,,,pinnacle
spelad,ED,2024/25,2025-04-11,19:00,Nijmegen,Waalwijk,2,1,H,19,10,4,4,1.7652,1.2325,skott,,3,7,14,9,2,0,0,0,0.5693,0.2285,0.2021,0.5364,0.239,0.2246,1,1.72,4.25,4.8,1.82,4.1,4.63,0.6133,0.603,0.1275,0.0092,-0.3376,0,7,0.8571,0.231,-0.1233,0,0,,,-0.0882,0.0181,,,,,,,,,,,,,,,,,pinnacle
spelad,ED,2024/25,2025-04-12,15:30,For Sittard,Feyenoord,0,2,A,7,14,2,8,0.7346,2.1098,skott,,5,7,18,7,2,1,1,0,0.1529,0.2086,0.6385,0.1455,0.222,0.6325,1,6.5,4.75,1.48,6.65,4.6,1.54,0.5754,0.5424,-0.6215,0.9004,-0.4123,0,13,-1.3846,0.2276,0.0757,0,0,,,-0.0088,0.0148,,,,,,,,,,,,,,,,,pinnacle
spelad,ED,2024/25,2025-04-12,20:00,NAC Breda,Go Ahead Eagles,1,1,D,22,10,7,4,2.4233,1.2325,skott,,6,3,12,13,2,2,0,0,0.3062,0.263,0.4308,0.2991,0.2618,0.4391,1,3.3,3.7,2.21,3.44,3.8,2.2,0.5389,0.5623,-0.7033,0.3236,-0.8219,0,,,,,0,0,,,-0.0224,-0.008,,,,,,,,,,,,,,,,,pinnacle
spelad,ED,2024/25,2025-04-12,19:00,PSV Eindhoven,Almere City,5,0,H,34,8,17,2,4.735,0.7938,skott,,11,3,6,6,0,0,0,0,0.8339,0.103,0.0632,0.8616,0.0891,0.0493,1,1.14,9.4,19.5,1.12,12,24,0.7601,0.7892,-0.1795,0.7169,-1.0306,0,3,3,0.3956,-0.1071,0,0,,,0.0692,0.0007,,,,,,,,,,,,,,,,,pinnacle
spelad,ED,2024/25,2025-04-12,17:45,Sparta Rotterdam,Heerenveen,3,1,H,15,11,7,5,2.0089,1.4518,skott,,4,1,13,11,1,2,0,0,0.4955,0.2599,0.2446,0.5129,0.2585,0.2285,1,1.95,3.75,4,1.9,3.98,4.35,0.5299,0.566,0.4393,-0.481,0.2935,-2,12,0,0.0596,0.0735,0,0,,,0.0509,-0.0164,,,,,,,,,,,,,,,,,pinnacle
spelad,ED,2024/25,2025-04-13,13:30,Heracles,AZ Alkmaar,1,0,H,7,10,3,3,0.8948,1.0724,skott,,6,3,13,10,2,0,0,0,0.2408,0.2568,0.5024,0.2568,0.2652,0.478,1,4.2,3.7,1.93,4,3.64,2.14,0.508,0.5297,0.4538,-0.3819,0.7989,-1,12,-1.25,0.2001,-0.109,0,0,,,0.0565,0.0401,,,,,,,,,,,,,,,,,pinnacle
spelad,ED,2024/25,2025-04-13,11:15,Utrecht,Groningen,3,1,H,11,10,4,3,1.2917,1.0724,skott,,2,3,6,8,1,2,0,0,0.5505,0.2485,0.201,0.4978,0.2791,0.223,1,1.78,3.81,5,1.96,3.75,5,0.4844,0.4769,-0.0111,-0.5596,-0.381,-1,12,0.5,-0.1793,0.2437,0,0,,,-0.1273,-0.0051,,,,,,,,,,,,,,,,,pinnacle
spelad,ED,2024/25,2025-04-13,15:45,Willem II,Ajax,1,2,A,6,29,1,6,0.5153,2.6775,skott,,1,11,8,4,1,0,0,0,0.1186,0.1873,0.6941,0.1022,0.1748,0.723,1,9,5.3,1.36,10,5.5,1.36,0.5619,0.5935,-1.677,1.8584,-1.52,2,10,-2.1,0.1084,-0.0112,0,0,,,-0.0617,0.0083,,,,,,,,,,,,,,,,,pinnacle
spelad,ED,2024/25,2025-04-13,13:30,Zwolle,Twente,1,1,D,15,10,3,3,1.3683,1.0724,skott,,4,10,15,16,1,2,0,0,0.2751,0.2538,0.4711,0.2533,0.2567,0.49,1,3.65,3.75,2.04,3.86,3.81,2.1,0.5339,0.5398,-0.3578,0.0886,0.2622,0,10,-1.5,-0.2714,-0.1346,0,0,,,-0.0623,0.0337,,,,,,,,,,,,,,,,,pinnacle
spelad,ED,2024/25,2025-04-19,19:00,Heerenveen,Almere City,2,1,H,15,12,3,3,1.3683,1.1907,skott,,4,3,9,11,1,1,1,0,0.5751,0.2292,0.1957,0.5245,0.25,0.2255,1,1.68,4.15,5,1.9,3.96,4.28,0.5544,0.5793,0.1566,-0.0819,-0.0005,0,3,0,-0.3231,0.0683,0,0,,,-0.1311,-0.0181,,,,,,,,,,,,,,,,,pinnacle
spelad,ED,2024/25,2025-04-20,11:15,Utrecht,Ajax,4,0,H,13,7,5,3,1.5702,0.8948,skott,,1,11,7,11,1,3,0,0,0.2808,0.2572,0.462,0.2644,0.2494,0.4862,1,3.5,3.75,2.08,3.89,3.88,2.06,0.5791,0.5995,-0.5557,0.1463,-0.6484,0,14,-1.0714,0.2579,0.0366,0,0,,,-0.057,0.0122,,,,,,,,,,,,,,,,,pinnacle
spelad,ED,2024/25,2025-04-23,19:00,Groningen,Heracles,4,1,H,12,8,6,3,1.6712,0.954,skott,,3,5,9,17,0,5,0,0,0.4753,0.2989,0.2258,0.4782,0.2982,0.2236,1,2.08,3.3,4.3,2.04,3.28,4.37,0.4522,0.4242,-0.4373,0.5357,-0.4011,0,10,-1.8,-0.946,-0.0675,0,0,,,0.0081,-0.0165,,,,,,,,,,,,,,,,,pinnacle
spelad,ED,2024/25,2025-04-24,17:45,AZ Alkmaar,NAC Breda,1,1,D,18,7,7,2,2.1865,0.7346,skott,,10,4,9,12,0,2,0,0,0.6662,0.2035,0.1303,0.638,0.2059,0.1561,1,1.42,5,7.8,1.58,4.7,6.5,0.5466,0.6079,0.1115,-0.2253,-0.3554,-1,5,3,0.8972,-0.2055,0,0,,,-0.0823,-0.0218,,,,,,,,,,,,,,,,,pinnacle
spelad,ED,2024/25,2025-04-24,20:00,Twente,PSV Eindhoven,1,3,A,8,16,3,8,0.954,2.2282,skott,,3,5,4,14,2,3,0,0,0.233,0.2371,0.5299,0.2003,0.2072,0.5924,1,4.3,4.1,1.82,4.84,4.75,1.65,0.6222,0.7212,0.412,-0.5149,0.1425,-1,13,-1.6154,-0.1455,0.1028,0,0,,,-0.128,0.0184,,,,,,,,,,,,,,,,,pinnacle
spelad,ED,2024/25,2025-04-25,20:00,Feyenoord,Zwolle,4,0,H,13,19,7,4,1.8905,1.7652,skott,,1,3,8,15,1,1,0,0,0.7809,0.14,0.0791,0.7934,0.1333,0.0732,1,1.25,6.9,14.5,1.24,7.4,14.1,0.6451,0.6743,0.8961,-0.8009,0.6858,1,13,2.3077,0.3523,-0.099,0,0,,,0.0308,-0.0192,,,,,,,,,,,,,,,,,pinnacle
spelad,ED,2024/25,2025-04-25,17:45,Waalwijk,Utrecht,0,4,A,13,20,2,9,1.0898,2.6251,skott,,5,5,8,10,1,2,0,0,0.2507,0.236,0.5134,0.2513,0.2407,0.508,1,3.85,4.09,1.98,4.02,4.01,1.95,0.6452,0.622,-1.1715,1.2424,-1.0091,7,11,-0.5455,0.2791,0.2465,0,0,,,0.0067,0.0147,,,,,,,,,,,,,,,,,pinnacle
spelad,ED,2024/25,2025-04-27,13:30,Ajax,Sparta Rotterdam,1,1,D,27,13,5,5,2.3989,1.5702,skott,,11,4,10,12,1,2,0,0,0.6472,0.1921,0.1607,0.6548,0.1993,0.1459,1,1.48,4.95,6.5,1.5,5,6.9,0.611,0.6055,0.6427,0.247,0.2511,-7,13,2.7692,0.459,-0.0747,0,0,,,0.0301,-0.0164,,,,,,,,,,,,,,,,,pinnacle
spelad,ED,2024/25,2025-04-27,15:45,Almere City,Go Ahead Eagles,0,0,D,29,5,8,1,2.9977,0.4561,skott,,13,2,9,6,2,1,0,0,0.372,0.2455,0.3825,0.3723,0.2495,0.3782,1,2.7,3.95,2.5,2.69,3.92,2.56,0.5995,0.6176,-0.9517,0.4499,-0.7484,-7,3,-1,-0.2257,0.4217,0,0,,,0.0049,-0.0122,,,,,,,,,,,,,,,,,pinnacle
spelad,ED,2024/25,2025-04-27,11:15,For Sittard,Willem II,1,0,H,13,4,2,2,1.0898,0.5571,skott,,4,5,12,11,0,0,0,0,0.524,0.2694,0.2066,0.5661,0.2519,0.1819,1,1.85,3.75,4.6,1.75,3.9,5.29,0.4635,0.5167,0.4899,-0.085,0.6873,1,9,-0.3333,0.0464,0.2011,0,0,,,0.109,-0.0238,,,,,,,,,,,,,,,,,pinnacle
spelad,ED,2024/25,2025-04-27,13:30,Heerenveen,Nijmegen,1,0,H,14,6,5,1,1.6294,0.5153,skott,,7,5,13,11,1,4,0,0,0.4777,0.2604,0.2619,0.4356,0.2613,0.3031,1,2.01,3.7,3.75,2.32,3.7,3.5,0.5535,0.57,-0.1628,0.3043,0.1037,-7,7,-0.8571,-0.5142,0.1626,0,0,,,-0.1255,0.0119,,,,,,,,,,,,,,,,,pinnacle
spelad,ED,2024/25,2025-05-03,19:00,Groningen,Waalwijk,6,1,H,22,9,12,4,3.224,1.1733,skott,,5,3,10,8,0,1,0,0,0.5614,0.2384,0.2002,0.6894,0.1962,0.1145,1,1.78,3.98,5,1.46,4.92,8.5,0.5417,0.5538,0.757,-0.7288,0.8889,2,8,-0.375,-0.3923,-0.1328,0,0,,,0.3415,-0.0264,,,,,,,,,,,,,,,,,pinnacle
spelad,ED,2024/25,2025-05-03,17:45,Heracles,Feyenoord,1,4,A,11,17,3,8,1.1316,2.2874,skott,,5,1,11,10,2,1,1,0,0.1871,0.2127,0.6003,0.1847,0.2091,0.6062,1,5.5,4.6,1.58,5.6,4.67,1.61,0.544,0.5844,-0.5221,1.2449,-0.3741,2,13,-2.3077,-0.313,0.067,0,0,,,-0.0108,-0.01,,,,,,,,,,,,,,,,,pinnacle
spelad,ED,2024/25,2025-05-03,15:30,Nijmegen,Willem II,1,1,D,21,10,4,3,1.8836,1.0724,skott,,4,2,15,9,2,2,0,0,0.5983,0.224,0.1777,0.6166,0.2201,0.1633,1,1.59,4.33,5.4,1.61,4.48,6,0.5593,0.5536,0.8301,-0.8748,0.8283,0,3,0,-0.104,0.0463,0,0,,,0.051,-0.0155,,,,,,,,,,,,,,,,,pinnacle
spelad,ED,2024/25,2025-05-03,20:00,PSV Eindhoven,For Sittard,4,1,H,16,3,6,1,1.9079,0.3377,skott,,5,3,6,7,0,2,0,0,0.8634,0.0833,0.0533,0.879,0.0772,0.0438,1,1.11,12,25,1.12,13,25,0.7846,0.782,-0.3066,0.3189,-0.4861,3,12,2.5,0.1631,0.0344,0,0,,,0.0406,-0.0192,,,,,,,,,,,,,,,,,pinnacle
spelad,ED,2024/25,2025-05-04,13:30,Go Ahead Eagles,AZ Alkmaar,0,3,A,14,17,0,8,0.8287,2.2874,skott,,6,9,5,15,2,3,0,1,0.3656,0.2523,0.3821,0.2445,0.2391,0.5165,1,2.7,3.82,2.52,4,4.05,1.94,0.5859,0.6079,1.0286,-1.0496,1.2046,-3,7,-2.5714,-0.559,-0.078,0,0,,,-0.3765,0.0075,,,,,,,,,,,,,,,,,pinnacle
spelad,ED,2024/25,2025-05-04,11:15,NAC Breda,Zwolle,1,3,A,14,13,3,5,1.3091,1.5702,skott,,4,2,7,12,3,1,0,0,0.4183,0.2855,0.2962,0.4336,0.2861,0.2803,1,2.28,3.5,3.22,2.23,3.67,3.59,0.5026,0.5256,0.0371,-0.5938,-0.0011,1,5,-0.6,-0.0238,0.1456,0,0,,,0.0466,0.0131,,,,,,,,,,,,,,,,,pinnacle
spelad,ED,2024/25,2025-05-04,13:30,Sparta Rotterdam,Twente,0,2,A,13,9,1,2,0.9297,0.853,skott,,5,4,12,6,0,0,0,0,0.3888,0.2698,0.3414,0.3919,0.2766,0.3315,1,2.45,3.6,3,2.48,3.62,3.14,0.5455,0.5524,0.4621,-1.2282,0.9917,-3,13,-0.2308,0.0459,0.2105,0,0,,,0.0162,0.0156,,,,,,,,,,,,,,,,,pinnacle
spelad,ED,2024/25,2025-05-09,19:00,Willem II,Heracles,1,2,A,9,16,5,6,1.3334,1.9079,skott,,5,10,6,11,1,1,0,0,0.3469,0.2864,0.3667,0.3557,0.2764,0.3679,1,2.79,3.5,2.64,2.72,3.59,2.73,0.4795,0.5296,-0.9635,0.4461,-0.9748,0,11,0.5455,0.3373,-0.1725,0,0,,,0.0163,0.0066,,,,,,,,,,,,,,,,,pinnacle
spelad,ED,2024/25,2025-05-10,20:00,Almere City,Sparta Rotterdam,0,3,A,17,15,4,9,1.6469,2.3292,skott,,6,2,6,8,0,1,0,0,0.3456,0.2585,0.3958,0.3547,0.2596,0.3858,1,2.85,3.7,2.45,2.79,3.73,2.55,0.574,0.5758,-0.8515,1.2701,-0.5452,7,3,0,0.3492,0.0736,0,0,,,0.0281,-0.0001,,,,,,,,,,,,,,,,,pinnacle
spelad,ED,2024/25,2025-05-10,17:45,For Sittard,NAC Breda,1,0,H,10,6,4,4,1.2325,0.9957,skott,,5,3,14,10,1,2,0,0,0.4796,0.2744,0.246,0.5399,0.2605,0.1997,1,2.02,3.62,4,1.82,3.8,4.84,0.4935,0.4974,0.7492,-0.0386,0.6187,1,3,1,0.5775,-0.2743,0,0,,,0.1669,-0.0196,,,,,,,,,,,,,,,,,pinnacle
spelad,ED,2024/25,2025-05-10,15:30,Waalwijk,Heerenveen,3,1,H,18,3,6,1,2.0263,0.3377,skott,,5,2,10,11,2,1,0,1,0.2731,0.2469,0.48,0.3042,0.2437,0.4521,1,3.55,3.92,2.11,3.39,4.01,2.14,0.6144,0.6379,-0.6593,0.8294,-0.9699,-6,10,-0.6,-0.0908,0.3567,0,0,,,0.0902,-0.0317,,,,,,,,,,,,,,,,,pinnacle
spelad,ED,2024/25,2025-05-11,15:45,Ajax,Nijmegen,0,3,A,22,9,4,6,1.9428,1.4936,skott,,8,1,12,12,3,4,0,0,0.7218,0.1676,0.1106,0.7842,0.1389,0.0769,1,1.31,5.75,10,1.23,7.09,13,0.6399,0.6682,0.4224,0.4151,0.3207,6,7,2.1429,0.2234,0.1084,0,0,,,0.1586,-0.0046,,,,,,,,,,,,,,,,,pinnacle
spelad,ED,2024/25,2025-05-11,15:45,AZ Alkmaar,Groningen,3,0,H,19,10,12,4,3.0464,1.2325,skott,,11,4,9,11,1,2,0,0,0.5853,0.2324,0.1823,0.5507,0.251,0.1983,1,1.63,4.2,5.5,1.83,3.89,5.1,0.5339,0.5167,-0.7784,0.7528,-0.9402,-1,12,1,-0.166,0.1075,0,0,,,-0.0851,-0.0273,,,,,,,,,,,,,,,,,pinnacle
spelad,ED,2024/25,2025-05-11,13:30,Feyenoord,PSV Eindhoven,2,3,A,11,24,4,9,1.2917,2.8619,skott,,1,12,7,14,2,3,1,0,0.3578,0.2563,0.386,0.3182,0.24,0.4417,1,2.7,3.9,2.48,3.23,4.05,2.23,0.6578,0.6885,0.7565,-1.2491,0.8415,0,15,-0.2,0.0351,0.1519,0,0,,,-0.1349,0.0029,,,,,,,,,,,,,,,,,pinnacle
spelad,ED,2024/25,2025-05-11,13:30,Twente,Utrecht,2,0,H,11,8,5,0,1.4518,0.4736,skott,,7,3,11,18,0,2,0,0,0.3918,0.2608,0.3474,0.5246,0.2494,0.226,1,2.43,3.8,2.75,1.88,3.99,4.29,0.596,0.5797,-0.8755,1.4983,-1.2851,-7,13,-0.6923,-0.1441,-0.0923,0,0,,,0.387,-0.0203,,,,,,,,,,,,,,,,,pinnacle
spelad,ED,2024/25,2025-05-11,11:15,Zwolle,Go Ahead Eagles,1,1,D,21,9,7,3,2.3641,1.0132,skott,,6,2,12,7,2,2,0,0,0.3744,0.2387,0.3869,0.4046,0.2512,0.3442,1,2.7,4.01,2.5,2.41,4.1,2.81,0.6041,0.6344,-0.4444,0.4663,-0.1169,0,5,-1.2,-0.5957,0.3367,0,0,,,0.1032,-0.0092,,,,,,,,,,,,,,,,,pinnacle
spelad,ED,2024/25,2025-05-14,19:00,Almere City,For Sittard,1,1,D,12,9,5,2,1.511,0.853,skott,,5,5,12,11,1,1,0,0,0.418,0.275,0.307,0.5279,0.2476,0.2245,1,2.3,3.65,3.1,1.87,3.88,4.35,0.5455,0.5419,-0.7269,0.4158,-0.4689,0,3,-2,-0.7839,0.0664,0,0,,,0.3024,-0.0119,,,,,,,,,,,,,,,,,pinnacle
spelad,ED,2024/25,2025-05-14,19:00,Feyenoord,Waalwijk,2,0,H,22,6,5,1,2.103,0.5153,skott,,6,3,9,4,0,0,0,0,0.8387,0.102,0.0593,0.8236,0.1101,0.0664,1,1.14,10,22,1.2,9,15.5,0.744,0.7909,1.1969,-2.2712,1.0084,-1,10,2.4,0.1119,0.0645,0,0,,,-0.0373,-0.0138,,,,,,,,,,,,,,,,,pinnacle
spelad,ED,2024/25,2025-05-14,19:00,Go Ahead Eagles,Heerenveen,1,0,H,13,20,5,5,1.5702,1.9846,skott,,2,5,8,11,1,0,0,0,0.3684,0.2559,0.3757,0.4064,0.2495,0.344,1,2.62,3.75,2.6,2.45,3.86,2.88,0.6238,0.6192,0.1552,-0.3583,0.058,-1,7,-0.8571,-0.2304,-0.1234,0,0,,,0.1078,-0.0062,,,,,,,,,,,,,,,,,pinnacle
spelad,ED,2024/25,2025-05-14,19:00,Groningen,Ajax,2,2,D,14,11,6,3,1.7896,1.1316,skott,,4,3,15,13,3,2,1,0,0.1919,0.2299,0.5782,0.1709,0.2326,0.5965,1,5.15,4.3,1.65,5.9,4.3,1.63,0.5718,0.5311,-0.0887,-0.6715,0.1871,0,13,-2.0769,0.0743,-0.1373,0,0,,,-0.0605,0.0046,,,,,,,,,,,,,,,,,pinnacle
spelad,ED,2024/25,2025-05-14,19:00,Nijmegen,NAC Breda,3,0,H,11,9,5,0,1.4518,0.5327,skott,,3,5,5,9,0,0,0,0,0.5164,0.2461,0.2375,0.6693,0.1957,0.135,1,1.85,3.95,4.33,1.47,5,7.7,0.5584,0.5846,0.8655,-1.0359,0.5776,-1,,,,,0,0,,,0.4082,-0.0078,,,,,,,,,,,,,,,,,pinnacle
spelad,ED,2024/25,2025-05-14,19:00,PSV Eindhoven,Heracles,4,1,H,30,3,11,2,3.5374,0.4979,skott,,10,1,7,8,0,0,0,0,0.8908,0.0706,0.0386,0.8874,0.0706,0.042,1,1.07,16,37,1.09,15,29,0.7894,0.8256,0.01,-0.2469,0.0495,-2,12,2.75,0.4103,-0.0592,0,0,,,-0.0103,0.0011,,,,,,,,,,,,,,,,,pinnacle
spelad,ED,2024/25,2025-05-14,19:00,Twente,AZ Alkmaar,2,3,A,19,16,6,7,2.0855,2.0681,skott,,3,9,8,9,1,2,0,0,0.4018,0.2678,0.3304,0.3648,0.2901,0.3452,1,2.42,3.58,2.9,2.78,3.5,2.79,0.5497,0.491,0.537,-0.0072,0.1938,0,13,-0.4615,0.2105,-0.1693,0,0,,,-0.0888,-0.0051,,,,,,,,,,,,,,,,,pinnacle
spelad,ED,2024/25,2025-05-14,19:00,Utrecht,Sparta Rotterdam,1,1,D,32,9,9,4,3.3355,1.1733,skott,,11,0,11,9,1,0,0,0,0.5057,0.2702,0.2241,0.5368,0.2458,0.2174,1,1.95,3.6,4.22,1.9,3.91,4.61,0.5718,0.61,0.2063,-0.3244,0.1308,-1,13,2.3077,0.9012,-0.1799,0,0,,,0.0689,-0.0412,,,,,,,,,,,,,,,,,pinnacle
spelad,ED,2024/25,2025-05-14,19:00,Willem II,Zwolle,1,2,A,15,16,3,6,1.3683,1.9079,skott,,3,8,11,8,2,2,0,0,0.3579,0.2773,0.3648,0.3274,0.2782,0.3945,1,2.68,3.55,2.6,3,3.46,2.51,0.513,0.5311,-0.4452,-0.2404,-0.9537,2,11,0.8182,0.495,-0.0798,0,0,,,-0.0907,0.0067,,,,,,,,,,,,,,,,,pinnacle
spelad,ED,2024/25,2025-05-18,13:30,Ajax,Twente,2,0,H,11,7,3,3,1.1316,0.8948,skott,,4,6,10,17,0,2,0,0,0.649,0.1793,0.1717,0.6468,0.1915,0.1617,1,1.45,5.25,6.5,1.48,5.62,6.45,0.6643,0.6855,0.2628,0.2096,0.112,0,12,0.5,-0.5332,0.1491,0,0,,,0.0056,0.0276,,,,,,,,,,,,,,,,,pinnacle
spelad,ED,2024/25,2025-05-18,13:30,AZ Alkmaar,Almere City,1,1,D,16,11,5,3,1.7478,1.1316,skott,,4,4,14,11,0,1,0,0,0.7054,0.1697,0.1249,0.7821,0.1369,0.081,1,1.34,5.53,8.7,1.25,7.2,12.5,0.6579,0.7081,0.1903,-0.5787,0.0822,0,3,2,0.2111,0.1158,0,0,,,0.1973,-0.0066,,,,,,,,,,,,,,,,,pinnacle
spelad,ED,2024/25,2025-05-18,13:30,For Sittard,Utrecht,0,0,D,12,13,3,5,1.1907,1.5702,skott,,9,3,8,21,2,0,0,0,0.3719,0.2591,0.369,0.2991,0.2631,0.4378,1,2.55,3.8,2.62,3.34,3.68,2.29,0.5784,0.607,-0.0346,0.8533,-0.2601,0,12,-0.75,0.1206,0.1969,0,0,,,-0.2144,0.0053,,,,,,,,,,,,,,,,,pinnacle
spelad,ED,2024/25,2025-05-18,13:30,Heerenveen,Feyenoord,2,0,H,8,11,5,4,1.2743,1.2917,skott,,2,3,19,6,0,1,0,0,0.3116,0.2416,0.4468,0.2969,0.2405,0.4625,1,3.05,4,2.16,3.55,4.29,2.13,0.6296,0.6766,-1.1265,1.8845,-0.8612,0,15,-2,-0.2669,0.0046,0,0,,,-0.045,-0.0006,,,,,,,,,,,,,,,,,pinnacle
spelad,ED,2024/25,2025-05-18,13:30,Heracles,Nijmegen,1,2,A,20,12,7,7,2.3049,1.8313,skott,,9,5,9,9,0,1,0,0,0.3551,0.2671,0.3778,0.4202,0.2643,0.3155,1,2.68,3.65,2.6,2.38,3.65,3.1,0.6115,0.5667,0.039,0.6247,-0.012,0,5,0,0.2056,-0.053,0,0,,,0.1924,-0.0098,,,,,,,,,,,,,,,,,pinnacle
spelad,ED,2024/25,2025-05-18,13:30,NAC Breda,Willem II,1,1,D,17,11,6,6,1.9671,1.612,skott,,4,4,8,9,2,0,0,0,0.5001,0.2693,0.2306,0.5478,0.2516,0.2006,1,1.95,3.7,4.2,1.77,4.2,5.18,0.5316,0.5663,-0.0674,0.7093,0.3171,0,5,-1.2,-0.6684,0.313,0,0,,,0.1253,0.003,,,,,,,,,,,,,,,,,pinnacle
spelad,ED,2024/25,2025-05-18,13:30,Sparta Rotterdam,PSV Eindhoven,1,3,A,5,25,2,11,0.6163,3.2414,skott,,0,9,9,8,1,2,0,0,0.0939,0.1432,0.7628,0.1036,0.1448,0.7515,1,9.99,7.3,1.29,9.74,6.9,1.31,0.7685,0.7674,0.0606,-0.5628,0.1076,0,12,-2.5,-0.3807,-0.0078,0,0,,,0.0307,0.0239,,,,,,,,,,,,,,,,,pinnacle
spelad,ED,2024/25,2025-05-18,13:30,Waalwijk,Go Ahead Eagles,5,3,H,20,29,9,7,2.6251,2.8376,skott,,4,11,8,6,1,1,0,0,0.3247,0.2444,0.431,0.3747,0.2401,0.3852,1,2.92,4.05,2.22,2.61,4.14,2.58,0.6744,0.6818,-0.5108,0.9819,-0.1067,0,7,-0.8571,-0.1551,-0.1158,0,0,,,0.1458,0.0113,,,,,,,,,,,,,,,,,pinnacle
spelad,ED,2024/25,2025-05-18,13:30,Zwolle,Groningen,2,0,H,12,12,4,3,1.3509,1.1907,skott,,4,1,14,10,2,0,0,0,0.4089,0.2628,0.3283,0.4741,0.254,0.2719,1,2.35,3.75,2.89,2.14,3.79,3.76,0.5943,0.5541,0.3219,0.1451,0.6199,0,11,0.5455,0.3818,0.0027,0,0,,,0.1868,-0.0243,,,,,,,,,,,,,,,,,pinnacle
spelad,ED,2025/26,2025-08-08,19:00,For Sittard,Go Ahead Eagles,2,2,D,36,6,8,2,3.4121,0.6754,skott,,8,5,10,9,2,2,0,1,0.3494,0.2781,0.3726,0.3072,0.2703,0.4225,1,2.7,3.6,2.55,3.15,3.7,2.63,0.5466,0.5561,0.1223,0.5211,0.4544,,8,-1.125,-0.3568,-0.1464,0,0,,,-0.1343,0.1116,,,,,,,,,,,,,,,,,pinnacle
spelad,ED,2025/26,2025-08-09,17:45,Feyenoord,NAC Breda,2,0,H,20,7,4,0,1.8244,0.4144,skott,,3,4,10,13,1,1,0,0,0.8138,0.1181,0.0681,0.7541,0.1478,0.0981,1,1.18,8.5,15,1.38,5.8,9,0.6651,0.6313,1.3681,-1.973,0.8485,,6,0.5,-0.6831,0.0064,0,0,,,-0.1495,-0.1137,,,,,,,,,,,,,,,,,pinnacle
spelad,ED,2025/26,2025-08-09,19:00,Heerenveen,Volendam,1,1,D,18,5,6,3,2.0263,0.7764,skott,,9,2,8,9,1,1,0,0,0.5989,0.2258,0.1752,0.585,0.2326,0.1825,1,1.6,4.2,5.6,1.65,4.5,5.5,0.5492,0.5995,0.2317,-0.1226,-0.0036,,4,1.5,0.2056,-0.2079,-1,0,,,-0.0351,0.0154,,,,,,,,,,,,,,,,,pinnacle
spelad,ED,2025/26,2025-08-09,15:30,Nijmegen,Excelsior,5,0,H,15,9,10,6,2.4893,1.4936,skott,,7,2,14,14,1,1,0,0,0.5432,0.2437,0.2131,0.5557,0.227,0.2173,1,1.8,4,4.5,1.68,4.4,4.8,0.5429,0.6099,0.5415,-0.733,0.5712,,4,0.75,-0.0172,0.0127,-1,0,,,0.021,0.041,,,,,,,,,,,,,,,,,pinnacle
spelad,ED,2025/26,2025-08-09,20:00,PSV Eindhoven,Sparta Rotterdam,6,1,H,22,8,12,4,3.224,1.1141,skott,,8,5,8,2,1,1,0,0,0.7893,0.1296,0.0811,0.7917,0.1262,0.0821,1,1.21,7.5,14,1.22,8,13,0.6805,0.7244,-0.1827,0.9896,-0.1729,,13,2.5385,0.4049,-0.0184,0,0,,,0.0038,0.0057,,,,,,,,,,,,,,,,,pinnacle
spelad,ED,2025/26,2025-08-10,13:30,Ajax,Telstar,2,0,H,15,18,7,5,2.0089,1.8662,skott,,8,10,9,12,0,0,0,0,0.8209,0.1109,0.0682,0.8448,0.1005,0.0547,1,1.17,8.5,17,1.21,8,15,0.709,0.717,,,,,,,,,-1,0,,,0.0614,-0.1101,,,,,,,,,,,,,,,,,pinnacle
spelad,ED,2025/26,2025-08-10,13:30,AZ Alkmaar,Groningen,4,1,H,10,11,5,8,1.3926,1.9323,skott,,6,1,11,12,2,2,0,0,0.6261,0.2163,0.1576,0.6885,0.1928,0.1187,1,1.53,4.5,6.25,1.34,5.75,10,0.5492,0.5747,-0.0291,-0.0692,-0.172,,13,1.1538,-0.0689,0.08,0,0,,,0.1637,0.0755,,,,,,,,,,,,,,,,,pinnacle
spelad,ED,2025/26,2025-08-10,15:45,Utrecht,Heracles,4,0,H,19,10,7,3,2.2457,1.0724,skott,,4,4,10,16,1,2,0,0,0.6111,0.2218,0.1671,0.6096,0.2293,0.1611,1,1.57,4.5,5.8,1.58,4.33,6.5,0.5581,0.5282,0.0288,-0.9991,0.1435,,13,1.3846,0.2474,-0.0039,0,0,,,0.003,0.0017,,,,,,,,,,,,,,,,,pinnacle
spelad,ED,2025/26,2025-08-10,11:15,Zwolle,Twente,1,0,H,7,16,2,4,0.7346,1.5877,skott,,2,4,14,15,4,1,0,0,0.2533,0.2595,0.4871,0.2542,0.2555,0.4903,1,4,3.7,1.95,3.7,3.75,2.1,0.5365,0.5499,0.611,-0.128,1.0911,,11,-1.3636,-0.2483,-0.0548,0,0,,,-0.0014,0.0578,,,,,,,,,,,,,,,,,pinnacle
spelad,ED,2025/26,2025-08-15,19:00,Telstar,Zwolle,0,2,A,11,10,5,3,1.4518,1.0724,skott,,7,0,13,10,3,3,0,0,0.3613,0.2774,0.3613,0.3796,0.2696,0.3507,1,2.7,3.5,2.7,2.6,3.6,2.7,0.5347,0.5685,,,,0,,,,,1,0,,,0.0472,-0.0148,,,,,,,,,,,,,,,,,pinnacle
spelad,ED,2025/26,2025-08-16,17:45,Excelsior,Feyenoord,1,2,A,8,16,2,8,0.7938,2.2282,skott,,5,6,17,8,0,1,0,0,0.1737,0.1952,0.6311,0.1554,0.2077,0.6369,1,7,4.8,1.49,7,5,1.5,0.6382,0.6074,-0.7963,1.3752,-0.4614,0,8,-2.25,-0.0219,-0.1389,1,0,,,-0.0425,-0.0132,,,,,,,,,,,,,,,,,pinnacle
spelad,ED,2025/26,2025-08-16,20:00,Groningen,Heerenveen,2,1,H,8,16,5,5,1.2743,1.7478,skott,,3,8,9,15,4,2,0,0,0.4253,0.2761,0.2986,0.4478,0.2812,0.271,1,2.22,3.5,3.25,2.25,3.4,3.55,0.4935,0.491,-0.696,0.5458,-0.2873,-1,12,-0.75,-0.3799,0.1415,0,0,,,0.0728,-0.042,,,,,,,,,,,,,,,,,pinnacle
spelad,ED,2025/26,2025-08-16,19:00,Heracles,Nijmegen,1,4,A,13,24,6,11,1.7304,3.1822,skott,,3,7,9,11,2,2,1,0,0.3366,0.2761,0.3873,0.3572,0.2734,0.3694,1,2.85,3.5,2.48,3,3.7,2.5,0.5417,0.5282,-0.7122,1.9675,-0.6467,-1,6,-0.5,-0.0828,-0.0882,0,0,,,0.0589,-0.0959,,,,,,,,,,,,,,,,,pinnacle
spelad,ED,2025/26,2025-08-17,11:15,Go Ahead Eagles,Ajax,2,2,D,9,22,4,11,1.1733,3.0638,skott,,6,9,9,12,1,2,0,0,0.2333,0.2362,0.5305,0.2454,0.2417,0.5129,1,4.1,4.2,1.8,3.85,4.1,1.91,0.6399,0.6379,0.0082,-0.9928,0.098,2,8,-0.375,0.4374,0.4572,0,0,,,0.0417,0.0195,,,,,,,,,,,,,,,,,pinnacle
spelad,ED,2025/26,2025-08-17,19:00,NAC Breda,For Sittard,2,1,H,14,10,6,4,1.7896,1.2325,skott,,4,5,8,15,2,3,0,0,0.4077,0.2856,0.3067,0.4157,0.2926,0.2917,1,2.3,3.4,3.2,2.38,3.4,3.1,0.483,0.459,-0.7604,0.6352,-0.7647,-1,4,-1.5,-0.4422,-0.2709,0,0,,,0.031,-0.0278,,,,,,,,,,,,,,,,,pinnacle
spelad,ED,2025/26,2025-08-17,13:30,Sparta Rotterdam,Utrecht,2,1,H,15,20,5,5,1.6886,1.9846,skott,,5,6,9,11,1,3,0,0,0.3622,0.2582,0.3796,0.3888,0.2727,0.3385,1,2.65,3.75,2.5,2.6,3.5,2.95,0.5816,0.5244,0.1296,0.403,-0.0831,1,14,-2.1429,-0.6625,-0.1132,0,0,,,0.0942,-0.0321,,,,,,,,,,,,,,,,,pinnacle
spelad,ED,2025/26,2025-08-17,13:30,Twente,PSV Eindhoven,0,2,A,19,15,4,4,1.7652,1.5285,skott,,8,6,10,12,1,2,0,0,0.1965,0.2002,0.6033,0.1931,0.2108,0.596,1,5,5,1.6,5.25,4.75,1.6,0.7121,0.6636,-1.0469,1.154,-1.1172,-1,14,-1.7143,-0.1928,0.0806,0,0,,,0.0005,-0.008,,,,,,,,,,,,,,,,,pinnacle
spelad,ED,2025/26,2025-08-17,15:45,Volendam,AZ Alkmaar,2,2,D,8,19,3,3,0.954,1.6051,skott,,3,4,10,10,1,3,0,0,0.1866,0.2097,0.6037,0.1388,0.1839,0.6773,1,5.1,4.8,1.63,7,5.6,1.44,0.6571,0.6817,0.0418,0.4142,0.1654,1,4,-2.25,-0.1736,0.1081,1,0,,,-0.1692,0.0065,,,,,,,,,,,,,,,,,pinnacle
spelad,ED,2025/26,2025-08-23,15:30,Go Ahead Eagles,Sparta Rotterdam,0,3,A,19,13,6,5,2.0855,1.5702,skott,,12,1,6,8,0,2,0,0,0.4704,0.2501,0.2795,0.5078,0.2474,0.2449,1,2.05,3.8,3.4,2.05,3.9,3.65,0.598,0.622,-0.0397,-0.4582,-0.6414,0,8,0.375,0.3395,-0.1547,0,0,,,0.1093,-0.0813,,,,,,,,,,,,,,,,,pinnacle
spelad,ED,2025/26,2025-08-23,17:45,PSV Eindhoven,Groningen,4,2,H,23,17,7,6,2.4824,1.9671,skott,,6,4,11,11,0,2,0,0,0.8117,0.1126,0.0756,0.8082,0.1159,0.0759,1,1.18,8.5,16.5,1.2,8,15,0.7254,0.7124,0.8714,-1.1756,0.6512,-1,14,2.1429,0.225,-0.0382,0,0,,,-0.0073,-0.0138,,,,,,,,,,,,,,,,,pinnacle
spelad,ED,2025/26,2025-08-23,20:00,Telstar,Volendam,2,2,D,18,10,9,6,2.5068,1.5528,skott,,4,6,10,11,3,0,0,0,0.4084,0.2517,0.3399,0.4404,0.251,0.3086,1,2.38,3.8,2.87,2.33,3.85,3.2,0.597,0.5995,,,,2,,,,,0,0,,,0.0953,-0.013,,,,,,,,,,,,,,,,,pinnacle
spelad,ED,2025/26,2025-08-24,15:45,Ajax,Heracles,2,0,H,27,4,10,0,3.1996,0.2368,skott,,10,1,10,15,0,2,0,0,0.7998,0.1314,0.0688,0.7877,0.1391,0.0732,1,1.18,8.5,16,1.22,7.5,15,0.693,0.692,0.0462,-0.2445,-0.4188,-1,13,1.6154,-0.2373,0.0196,0,0,,,-0.0286,-0.0037,,,,,,,,,,,,,,,,,pinnacle
spelad,ED,2025/26,2025-08-24,11:15,Heerenveen,Twente,1,2,A,18,9,3,5,1.5459,1.3334,skott,,7,4,10,19,3,3,1,0,0.3317,0.2525,0.4157,0.336,0.2658,0.3982,1,2.88,3.9,2.35,2.85,3.7,2.63,0.578,0.541,0.2903,-0.1294,0.2221,1,14,0,0.1417,0.1816,0,0,,,0.0261,0.0684,,,,,,,,,,,,,,,,,pinnacle
spelad,ED,2025/26,2025-08-24,13:30,Nijmegen,NAC Breda,3,0,H,18,7,10,2,2.6669,0.7346,skott,,3,1,16,18,2,4,0,0,0.6076,0.2241,0.1684,0.5784,0.2273,0.1943,1,1.55,4.7,6,1.66,4.4,5.5,0.5644,0.5995,1.226,-2.1438,1.2011,1,,,,,0,0,,,-0.0844,0.0374,,,,,,,,,,,,,,,,,pinnacle
spelad,ED,2025/26,2025-08-24,13:30,Utrecht,Excelsior,4,1,H,16,12,10,4,2.5485,1.3509,skott,,7,5,6,15,0,0,0,0,0.675,0.1846,0.1404,0.6829,0.1866,0.1305,1,1.42,5.6,7.5,1.44,5,7.5,0.6643,0.6403,0.2558,-1.0466,0.4577,-1,8,1.125,-0.2928,0.409,-1,0,,,0.0258,-0.0508,,,,,,,,,,,,,,,,,pinnacle
spelad,ED,2025/26,2025-08-29,19:00,Groningen,Heracles,4,0,H,17,8,5,0,1.807,0.4736,skott,,6,3,13,12,2,1,0,0,0.5852,0.2373,0.1775,0.5997,0.2321,0.1682,1,1.62,4.1,5.5,1.66,4.1,5.75,0.5282,0.5373,0.2316,-0.8181,0.6343,1,11,-1.3636,-0.7448,-0.0885,0,0,,,0.0382,-0.0403,,,,,,,,,,,,,,,,,pinnacle
spelad,ED,2025/26,2025-08-30,20:00,Excelsior,Twente,1,0,H,8,27,3,8,0.954,2.8794,skott,,1,4,13,11,2,2,1,0,0.2363,0.2387,0.5249,0.2403,0.2433,0.5165,1,4,4,1.88,4,3.9,2,0.602,0.589,-0.0113,0.3099,-0.0744,0,6,-1,0.1001,0.1218,1,0,,,0.0163,0.04,,,,,,,,,,,,,,,,,pinnacle
spelad,ED,2025/26,2025-08-30,17:45,Heerenveen,Go Ahead Eagles,2,2,D,19,11,5,5,1.9254,1.4518,skott,,3,7,9,12,3,1,0,0,0.4254,0.2527,0.3219,0.4496,0.2511,0.2993,1,2.3,3.75,3,2.1,4,3.25,0.596,0.5985,-0.3776,0.7001,0.2539,-1,8,0.375,0.1493,-0.1392,0,0,,,0.0711,0.0165,,,,,,,,,,,,,,,,,pinnacle
spelad,ED,2025/26,2025-08-30,19:00,PSV Eindhoven,Telstar,0,2,A,23,9,5,4,2.1622,1.1733,skott,,10,3,10,11,1,1,0,0,0.8728,0.0745,0.0526,0.8778,0.0727,0.0494,1,1.09,13,23,1.11,12,23,0.8086,0.8063,,,,0,,,,,-1,0,,,0.0132,-0.0245,,,,,,,,,,,,,,,,,pinnacle
spelad,ED,2025/26,2025-08-30,15:30,Volendam,Ajax,1,1,D,11,13,4,4,1.2917,1.4101,skott,,2,7,12,15,2,3,0,0,0.1272,0.1678,0.705,0.1052,0.1537,0.7411,1,8.5,5.75,1.36,10,6,1.33,0.6818,0.694,-0.0802,-0.457,0.4134,1,4,-2.25,-0.073,0.1402,1,0,,,-0.08,0.0192,,,,,,,,,,,,,,,,,pinnacle
spelad,ED,2025/26,2025-08-31,11:15,For Sittard,Nijmegen,3,2,H,10,14,5,5,1.3926,1.6294,skott,,3,4,16,8,4,1,0,0,0.3088,0.255,0.4363,0.3126,0.2618,0.4256,1,3.2,3.75,2.2,3,3.9,2.25,0.567,0.566,-0.8204,1.9866,-0.8595,7,8,-1.125,-0.4485,0.1185,0,0,,,0.0184,0.0103,,,,,,,,,,,,,,,,,pinnacle
spelad,ED,2025/26,2025-08-31,15:45,NAC Breda,AZ Alkmaar,0,1,A,11,25,6,8,1.612,2.761,skott,,1,7,8,13,0,5,1,0,0.182,0.2123,0.6056,0.2017,0.2243,0.574,1,5.5,4.6,1.58,4.9,4,1.73,0.603,0.5865,-0.4059,1.0111,-0.3269,-7,6,-2.5,-0.5221,-0.0389,0,0,,,0.071,0.0268,,,,,,,,,,,,,,,,,pinnacle
spelad,ED,2025/26,2025-08-31,13:30,Sparta Rotterdam,Feyenoord,0,4,A,7,24,2,11,0.7346,3.1822,skott,,1,9,5,9,1,2,1,0,0.2497,0.2402,0.5101,0.246,0.2479,0.5061,1,3.8,4.2,1.88,3.8,3.9,1.95,0.6179,0.5865,0.0514,-0.0392,0.2425,-7,13,-2.0769,-0.2734,0.1212,0,0,,,-0.0034,0.0263,,,,,,,,,,,,,,,,,pinnacle
spelad,ED,2025/26,2025-08-31,13:30,Zwolle,Utrecht,0,2,A,6,14,2,7,0.6754,1.9497,skott,,3,2,13,10,2,1,0,0,0.311,0.2622,0.4268,0.2908,0.2807,0.4285,1,3.1,3.7,2.25,3.45,3.6,2.15,0.5607,0.5256,0.7358,0.3511,0.7887,7,14,-0.8571,-0.1232,0.1898,0,0,,,-0.0421,-0.0301,,,,,,,,,,,,,,,,,pinnacle
spelad,ED,2025/26,2025-09-13,15:30,Ajax,Zwolle,3,1,H,12,8,7,3,1.8313,0.954,skott,,7,1,18,9,2,1,0,0,0.7459,0.1531,0.1011,0.7278,0.162,0.1102,1,1.29,6.25,11,1.31,6.1,10,0.658,0.6525,-0.8096,0.6614,-1.441,1,12,2.75,0.3742,-0.0539,0,0,,,-0.0452,0.0067,,,,,,,,,,,,,,,,,pinnacle
spelad,ED,2025/26,2025-09-13,20:00,Feyenoord,Heerenveen,1,0,H,10,11,5,1,1.3926,0.8113,skott,,6,3,10,11,2,2,1,1,0.6817,0.1847,0.1336,0.706,0.1706,0.1234,1,1.39,5.3,9,1.35,6,9,0.6065,0.662,0.9218,-1.328,0.662,-1,16,1.6875,0.1441,-0.0107,0,0,,,0.059,0.0195,,,,,,,,,,,,,,,,,pinnacle
spelad,ED,2025/26,2025-09-13,17:45,Go Ahead Eagles,Volendam,3,0,H,19,19,13,1,3.2065,1.2848,skott,,7,7,12,9,1,1,0,0,0.6192,0.2007,0.1801,0.6288,0.1917,0.1795,1,1.6,4.75,5.5,1.6,5,5.75,0.662,0.7075,0.2449,-0.2379,-0.3488,0,4,3,1.1565,-0.2193,-1,0,,,0.0199,-0.0016,,,,,,,,,,,,,,,,,pinnacle
spelad,ED,2025/26,2025-09-13,17:45,Nijmegen,PSV Eindhoven,3,5,A,20,18,7,11,2.3049,2.827,skott,,8,4,8,18,2,4,0,0,0.1968,0.2223,0.5809,0.1995,0.2236,0.577,1,5,4.5,1.65,5,4.8,1.62,0.7152,0.7155,0.1547,-0.9698,0.566,-1,8,-1.875,0.0518,-0.025,0,0,,,0.0092,-0.005,,,,,,,,,,,,,,,,,pinnacle
spelad,ED,2025/26,2025-09-13,20:00,Twente,NAC Breda,2,2,D,15,11,6,5,1.8488,1.4518,skott,,4,3,15,17,2,1,0,0,0.6431,0.2078,0.1491,0.6038,0.2221,0.1741,1,1.49,4.7,7,1.52,4.5,7,0.5544,0.5524,-0.0169,-0.0649,0.3299,1,4,0.75,-0.0414,0.0245,0,0,,,-0.1035,0.0729,,,,,,,,,,,,,,,,,pinnacle
spelad,ED,2025/26,2025-09-14,11:15,Excelsior,Sparta Rotterdam,0,1,A,17,19,4,7,1.6469,2.2457,skott,,7,2,11,8,4,1,1,0,0.306,0.2593,0.4346,0.3752,0.2609,0.3639,1,3.25,3.8,2.25,2.6,3.8,2.7,0.5644,0.6262,-0.437,0.9166,-0.3191,1,6,-0.5,0.0462,-0.0967,1,0,,,0.209,0.0158,,,,,,,,,,,,,,,,,pinnacle
spelad,ED,2025/26,2025-09-14,13:30,Heracles,AZ Alkmaar,1,2,A,19,25,6,8,2.0855,2.761,skott,,6,9,11,11,1,5,0,0,0.1608,0.2067,0.6325,0.1721,0.211,0.6168,1,6,4.5,1.53,5.4,4.5,1.62,0.603,0.6143,-0.779,1.6684,-0.7471,2,13,-0.9231,0.3359,-0.121,0,0,,,0.0383,0.0431,,,,,,,,,,,,,,,,,pinnacle
spelad,ED,2025/26,2025-09-14,15:45,Telstar,For Sittard,1,3,A,18,9,7,6,2.1865,1.4936,skott,,10,1,14,17,1,0,0,0,0.3828,0.2862,0.331,0.4299,0.2779,0.2922,1,2.38,3.6,2.88,2.3,3.6,3.5,0.5619,0.5499,,,,1,,,,,1,0,,,0.1329,0.0463,,,,,,,,,,,,,,,,,pinnacle
spelad,ED,2025/26,2025-09-14,13:30,Utrecht,Groningen,0,1,A,14,13,3,6,1.3091,1.7304,skott,,3,4,9,16,0,4,0,0,0.5329,0.2445,0.2227,0.5524,0.2531,0.1945,1,1.8,4,4.4,1.73,3.75,5.25,0.5619,0.4961,0.1577,-0.5724,0.0251,-2,12,1,0.0397,0.2426,0,0,,,0.0672,-0.005,,,,,,,,,,,,,,,,,pinnacle
spelad,ED,2025/26,2025-09-17,19:00,Feyenoord,For Sittard,2,0,H,19,5,5,0,1.9254,0.296,skott,,13,0,11,9,0,1,0,0,0.7229,0.1828,0.0942,0.7417,0.1749,0.0834,1,1.3,6,10,1.29,6.5,11,0.6359,0.6451,0.0372,-0.2269,-0.1414,1,14,1.5,-0.2187,0.0544,0,0,,,0.0483,0.0031,,,,,,,,,,,,,,,,,pinnacle
spelad,ED,2025/26,2025-09-19,19:00,Sparta Rotterdam,Twente,1,5,A,7,23,2,11,0.7346,3.123,skott,,1,6,7,6,0,1,0,0,0.3304,0.2696,0.4,0.3341,0.2721,0.3938,1,2.9,3.6,2.45,2.8,3.7,2.44,0.5747,0.5747,1.549,-1.7292,1.2231,-1,13,-0.6923,-0.18,0.2108,0,0,,,0.0136,0.0093,,,,,,,,,,,,,,,,,pinnacle
spelad,ED,2025/26,2025-09-20,19:00,For Sittard,Utrecht,1,0,H,8,14,3,5,0.954,1.6294,skott,,1,11,12,7,4,2,0,0,0.2575,0.2554,0.4872,0.2959,0.2741,0.43,1,3.8,3.75,1.98,3.35,3.6,2.25,0.5426,0.5219,0.6264,-0.2829,0.6647,-3,13,-0.6923,0.099,0.2384,0,0,,,0.134,-0.0163,,,,,,,,,,,,,,,,,pinnacle
spelad,ED,2025/26,2025-09-20,17:45,Groningen,Telstar,2,0,H,16,7,6,3,1.9079,0.8948,skott,,7,2,9,10,1,2,0,0,0.5268,0.2591,0.2141,0.5909,0.2349,0.1742,1,1.82,3.85,4.5,1.57,4.33,6.25,0.5039,0.5256,0.5156,-0.4803,0.4511,0,,,,,-1,0,,,0.168,0.0533,,,,,,,,,,,,,,,,,pinnacle
spelad,ED,2025/26,2025-09-20,20:00,NAC Breda,Heracles,2,1,H,17,14,4,5,1.6469,1.6294,skott,,10,4,9,16,1,2,0,0,0.4735,0.2644,0.2622,0.5088,0.2531,0.2381,1,2.05,3.6,3.6,1.91,3.8,4.2,0.5365,0.5462,0.0806,-0.4429,0.1576,1,6,-0.5,-0.1443,-0.0903,0,0,,,0.0947,-0.0112,,,,,,,,,,,,,,,,,pinnacle
spelad,ED,2025/26,2025-09-20,15:30,Volendam,Excelsior,1,2,A,14,15,7,6,1.9497,1.8488,skott,,5,3,11,19,3,2,0,0,0.4109,0.2522,0.3369,0.4207,0.2513,0.328,1,2.34,3.8,2.88,2.25,3.8,3.1,0.6085,0.6459,-0.0607,-0.3616,0.1614,1,4,0,0.16,-0.2376,0,0,,,0.0284,0.0193,,,,,,,,,,,,,,,,,pinnacle
spelad,ED,2025/26,2025-09-21,15:45,AZ Alkmaar,Feyenoord,3,3,D,9,19,5,3,1.3334,1.6051,skott,,4,11,9,10,4,5,0,1,0.3986,0.2706,0.3308,0.3919,0.2574,0.3507,1,2.4,3.7,3,2.5,3.8,2.7,0.5391,0.603,0.4338,-0.5913,0.3006,3,15,-1.2,-0.2788,-0.1816,0,0,,,-0.0334,-0.0153,,,,,,,,,,,,,,,,,pinnacle
spelad,ED,2025/26,2025-09-21,13:30,Heerenveen,Nijmegen,3,2,H,14,11,8,6,2.1098,1.612,skott,,6,6,10,14,1,1,0,1,0.3855,0.2411,0.3734,0.3917,0.2553,0.3531,1,2.6,3.85,2.63,2.45,3.9,2.8,0.6399,0.6143,-1.3449,1.9307,-1.5158,0,8,-0.375,-0.2709,0.1097,0,0,,,0.0327,0.0045,,,,,,,,,,,,,,,,,pinnacle
spelad,ED,2025/26,2025-09-21,13:30,PSV Eindhoven,Ajax,2,2,D,16,14,8,6,2.2282,1.7896,skott,,9,5,17,13,2,5,0,0,0.5482,0.2383,0.2136,0.5838,0.222,0.1942,1,1.73,4.25,4.5,1.62,4.6,5,0.6643,0.6904,0.4331,-0.6107,0.7358,0,16,-0.375,-0.0549,0.0255,0,0,,,0.0907,0.0134,,,,,,,,,,,,,,,,,pinnacle
spelad,ED,2025/26,2025-09-21,11:15,Zwolle,Go Ahead Eagles,0,2,A,8,20,1,9,0.6337,2.6251,skott,,3,7,5,8,1,2,1,0,0.3924,0.2557,0.3519,0.3737,0.2704,0.3559,1,2.5,3.75,2.75,2.63,3.6,2.75,0.6055,0.5808,0.617,-0.232,0.9933,0,6,-1,-0.5739,0.4054,0,0,,,-0.0414,-0.0026,,,,,,,,,,,,,,,,,pinnacle
spelad,ED,2025/26,2025-09-24,19:00,AZ Alkmaar,Zwolle,2,2,D,28,8,9,4,3.0987,1.1141,skott,,9,1,12,10,1,2,0,0,0.7064,0.1727,0.1209,0.715,0.1661,0.1189,1,1.36,5.5,8.5,1.33,5.75,9.5,0.6499,0.6713,0.0729,-0.1998,-0.0808,0,14,1.2857,-0.1866,0.2262,0,0,,,0.0192,0.0232,,,,,,,,,,,,,,,,,pinnacle
spelad,ED,2025/26,2025-09-26,19:00,Twente,For Sittard,3,2,H,18,8,10,4,2.6669,1.1141,skott,,4,5,14,13,1,2,0,0,0.6641,0.1994,0.1366,0.6641,0.1994,0.1366,1,1.44,4.8,7.5,1.44,5,7.5,0.5925,0.5925,-1.2287,1.3076,-0.9919,1,11,1.0909,0.0883,-0.1402,0,0,,,0,0.013,,,,,,,,,,,,,,,,,pinnacle
spelad,ED,2025/26,2025-09-27,15:30,Ajax,NAC Breda,2,1,H,12,17,7,7,1.8313,2.1273,skott,,2,7,11,14,2,4,0,1,0.7484,0.1585,0.0932,0.7473,0.16,0.0927,1,1.29,6.75,10,1.3,6.1,11,0.702,0.6524,0.3011,-0.6238,0.0053,-1,6,2,-0.0396,-0.1219,0,0,,,-0.0015,-0.0267,,,,,,,,,,,,,,,,,pinnacle
spelad,ED,2025/26,2025-09-27,19:00,Excelsior,PSV Eindhoven,1,2,A,18,18,5,8,1.8662,2.3466,skott,,3,2,8,5,0,0,0,0,0.1078,0.1412,0.751,0.1338,0.1566,0.7095,1,10.5,7,1.26,7.5,5.75,1.42,0.7366,0.7179,-0.2162,0.7559,0.0896,1,8,-3,-0.2787,-0.1055,1,0,,,0.0936,0.0333,,,,,,,,,,,,,,,,,pinnacle
spelad,ED,2025/26,2025-09-27,20:00,Heracles,Sparta Rotterdam,3,0,H,12,18,5,5,1.511,1.8662,skott,,5,4,12,11,2,4,0,0,0.3081,0.2552,0.4367,0.3669,0.269,0.3641,1,3.1,3.8,2.25,2.55,3.75,2.8,0.5873,0.5804,-1.3267,1.3457,-1.1012,-1,11,0.2727,0.2131,0.2855,0,0,,,0.1901,0.0454,,,,,,,,,,,,,,,,,pinnacle
spelad,ED,2025/26,2025-09-27,17:45,Volendam,Zwolle,2,1,H,15,14,3,2,1.3683,1.149,skott,,3,5,11,12,2,3,0,0,0.3593,0.2659,0.3748,0.396,0.2662,0.3378,1,2.75,3.65,2.5,2.5,3.7,2.8,0.5744,0.5736,-1.0469,1.035,-0.7672,4,,,,,1,0,,,0.1105,-0.0335,,,,,,,,,,,,,,,,,pinnacle
spelad,ED,2025/26,2025-09-28,13:30,Groningen,Feyenoord,0,1,A,12,11,5,5,1.511,1.4518,skott,,3,4,16,6,2,2,1,0,0.2131,0.2482,0.5387,0.2305,0.269,0.5004,1,4.5,4,1.76,4.6,3.6,1.95,0.5581,0.5561,-0.2614,0.3046,0.1618,1,13,-1.3846,-0.0514,0.1808,0,0,,,0.0732,0.0137,,,,,,,,,,,,,,,,,pinnacle
spelad,ED,2025/26,2025-09-28,11:15,Nijmegen,AZ Alkmaar,2,1,H,14,7,4,2,1.4693,0.7346,skott,,5,4,14,16,1,6,0,1,0.3214,0.2276,0.4509,0.304,0.2358,0.4603,1,3.1,4.2,2.15,3.3,4.1,2.05,0.6596,0.6573,-0.1369,-0.6507,0.3384,3,8,-1.125,-0.0022,0.1508,0,0,,,-0.0443,-0.0404,,,,,,,,,,,,,,,,,pinnacle
spelad,ED,2025/26,2025-09-28,15:45,Telstar,Go Ahead Eagles,4,2,H,20,13,9,4,2.6251,1.4101,skott,,8,3,13,9,2,0,0,0,0.3261,0.2581,0.4158,0.3204,0.2608,0.4188,1,2.95,3.75,2.3,2.95,3.75,2.32,0.5924,0.589,-0.8233,1.2145,-0.3341,1,,,,,1,0,,,-0.0145,0.0275,,,,,,,,,,,,,,,,,pinnacle
spelad,ED,2025/26,2025-09-28,13:30,Utrecht,Heerenveen,2,2,D,14,10,5,4,1.6294,1.2325,skott,,5,3,14,12,2,2,0,0,0.5161,0.2392,0.2447,0.4951,0.2495,0.2554,1,1.83,4,4,1.8,4,4.33,0.5692,0.5587,0.0829,-0.3732,-0.0895,1,15,1.6,0.4341,0.084,0,0,,,-0.0526,0.1049,,,,,,,,,,,,,,,,,pinnacle
spelad,ED,2025/26,2025-10-03,19:00,NAC Breda,Groningen,1,2,A,11,14,4,9,1.2917,2.27,skott,,7,6,16,14,3,1,0,0,0.3611,0.2805,0.3584,0.3691,0.2779,0.353,1,2.75,3.4,2.64,2.75,3.4,2.71,0.4859,0.5,-0.0563,-0.11,-0.382,1,5,-1.2,-0.3933,0.3358,0,0,,,0.0215,-0.0214,,,,,,,,,,,,,,,,,pinnacle
spelad,ED,2025/26,2025-10-04,17:45,For Sittard,Volendam,1,0,H,16,8,3,1,1.4275,0.6337,skott,,7,4,14,13,1,2,0,0,0.5079,0.2461,0.2461,0.5103,0.2417,0.2479,1,1.85,3.9,4,1.85,4,4.4,0.563,0.5722,0.3654,-0.1096,0.4246,1,4,1.5,0.5128,-0.2381,-1,0,,,0.003,0.049,,,,,,,,,,,,,,,,,pinnacle
spelad,ED,2025/26,2025-10-04,20:00,Heerenveen,Excelsior,2,1,H,19,9,4,2,1.7652,0.853,skott,,7,3,6,17,1,3,0,0,0.6019,0.2143,0.1838,0.5804,0.2262,0.1935,1,1.67,4.5,5.2,1.7,4.1,5,0.6213,0.604,-0.3464,-0.3059,-0.0459,-1,7,-0.4286,-0.6951,0.0503,-1,0,,,-0.0526,-0.0379,,,,,,,,,,,,,,,,,pinnacle
spelad,ED,2025/26,2025-10-04,15:30,Sparta Rotterdam,Ajax,3,3,D,14,17,5,4,1.6294,1.6469,skott,,6,4,8,9,1,3,0,0,0.2282,0.2293,0.5425,0.2105,0.2258,0.5638,1,4.1,4.1,1.82,4.55,4.2,1.73,0.6135,0.6108,-0.2224,0.8847,-0.0306,0,14,-2.5714,-0.3309,-0.0121,0,0,,,-0.0567,0.0191,,,,,,,,,,,,,,,,,pinnacle
spelad,ED,2025/26,2025-10-04,19:00,Zwolle,PSV Eindhoven,0,4,A,4,19,0,9,0.2368,2.5659,skott,,4,8,7,8,0,3,1,0,0.1411,0.1779,0.681,0.1511,0.1757,0.6732,1,7.5,5.4,1.41,7,5.5,1.46,0.6813,0.7284,-0.0766,-0.1079,0.063,0,14,-2.5714,-0.2069,-0.1391,0,0,,,0.0279,0.0139,,,,,,,,,,,,,,,,,pinnacle
spelad,ED,2025/26,2025-10-05,15:45,AZ Alkmaar,Telstar,2,1,H,27,14,10,5,3.1996,1.6294,skott,,6,4,7,13,3,2,0,0,0.7291,0.1495,0.1214,0.7184,0.1632,0.1184,1,1.3,6.1,9.5,1.36,5.75,9,0.6893,0.6295,0.4828,-0.7868,-0.4138,0,,,,,-1,0,,,-0.0184,-0.0202,,,,,,,,,,,,,,,,,pinnacle
spelad,ED,2025/26,2025-10-05,13:30,Feyenoord,Utrecht,3,2,H,22,10,10,4,2.9037,1.2325,skott,,12,3,7,10,1,0,0,0,0.6481,0.207,0.1449,0.643,0.2088,0.1482,1,1.5,4.75,6.6,1.49,4.8,7,0.5806,0.5819,0.7966,-0.0299,0.7803,0,16,1.125,0.1199,0.0235,0,0,,,-0.0133,0.0206,,,,,,,,,,,,,,,,,pinnacle
spelad,ED,2025/26,2025-10-05,19:00,Go Ahead Eagles,Nijmegen,1,1,D,8,17,3,7,0.954,2.1273,skott,,11,4,13,18,1,4,0,1,0.372,0.2455,0.3825,0.3725,0.2416,0.3859,1,2.55,4,2.63,2.55,4.1,2.6,0.6682,0.6847,-0.404,0.6834,-0.8116,0,8,0.375,0.1678,0.1005,0,0,,,-0.0024,0.0108,,,,,,,,,,,,,,,,,pinnacle
spelad,ED,2025/26,2025-10-05,11:15,Twente,Heracles,2,1,H,21,7,9,2,2.6843,0.7346,skott,,4,3,5,8,0,2,1,0,0.7178,0.168,0.1142,0.7229,0.1675,0.1096,1,1.35,5.66,8.5,1.31,6,11,0.6548,0.6379,-0.0795,0.175,0.3272,1,10,0,-0.4546,0.1633,0,0,,,0.0146,0.0311,,,,,,,,,,,,,,,,,pinnacle
spelad,ED,2025/26,2025-10-18,20:00,Ajax,AZ Alkmaar,0,2,A,17,13,6,3,1.9671,1.2499,skott,,5,4,13,19,4,2,0,0,0.4755,0.2543,0.2702,0.4588,0.2548,0.2864,1,2,3.9,3.5,2.1,3.9,3.45,0.5924,0.6108,0.0543,-0.1512,0.0497,1,16,-0.5625,-0.6992,-0.0358,0,0,,,-0.0497,0.0004,,,,,,,,,,,,,,,,,pinnacle
spelad,ED,2025/26,2025-10-18,20:00,NAC Breda,Zwolle,2,2,D,19,11,6,3,2.0855,1.1316,skott,,3,2,11,14,0,3,0,0,0.4599,0.2608,0.2792,0.5031,0.2625,0.2344,1,2.15,3.65,3.4,1.8,4,4.5,0.5492,0.5284,-0.3612,0.3641,-0.02,1,6,-1,-0.2843,0.0736,0,0,,,0.131,0.0911,,,,,,,,,,,,,,,,,pinnacle
spelad,ED,2025/26,2025-10-18,15:30,Nijmegen,Twente,3,3,D,8,9,4,3,1.1141,1.0132,skott,,3,3,15,21,2,3,0,0,0.3872,0.2639,0.3489,0.3809,0.258,0.361,1,2.42,3.8,2.7,2.63,3.9,2.6,0.603,0.6176,0.2253,-1.0732,0.2905,0,8,-1.125,-0.0031,-0.1124,0,0,,,-0.0247,-0.0291,,,,,,,,,,,,,,,,,pinnacle
spelad,ED,2025/26,2025-10-18,17:45,PSV Eindhoven,Go Ahead Eagles,2,1,H,24,4,8,2,2.7018,0.5571,skott,,6,1,7,8,1,1,0,0,0.7461,0.1255,0.1284,0.7684,0.1257,0.1059,1,1.28,7.5,10,1.25,7.5,11,0.7774,0.7704,0.4609,-0.474,0.3216,1,8,2.25,0.2174,-0.1529,0,0,,,0.0672,0.0041,,,,,,,,,,,,,,,,,pinnacle
spelad,ED,2025/26,2025-10-18,17:45,Utrecht,Volendam,3,1,H,22,3,6,3,2.2631,0.658,skott,,10,0,12,13,1,1,0,0,0.6804,0.1862,0.1334,0.7045,0.1755,0.12,1,1.4,5.25,8.2,1.4,5.66,8.5,0.6213,0.6295,-0.2773,-0.0888,-0.2876,-1,4,0.75,-0.3176,0.0484,-1,0,,,0.0615,-0.0047,,,,,,,,,,,,,,,,,pinnacle
spelad,ED,2025/26,2025-10-19,13:30,Excelsior,For Sittard,1,0,H,11,15,5,6,1.4518,1.8488,skott,,4,2,10,18,0,3,0,0,0.4235,0.261,0.3155,0.4713,0.2618,0.2669,1,2.3,3.7,3.1,2.1,3.6,3.7,0.5492,0.5347,-0.516,0.646,-0.6748,0,6,-1,-0.3667,0.0821,1,0,,,0.1442,-0.0422,,,,,,,,,,,,,,,,,pinnacle
spelad,ED,2025/26,2025-10-19,13:30,Groningen,Sparta Rotterdam,0,2,A,12,8,0,2,0.7103,0.7938,skott,,7,4,11,10,3,2,0,0,0.5136,0.2618,0.2246,0.5507,0.2434,0.2059,1,1.91,3.85,4.2,1.8,3.9,4.75,0.5339,0.5587,-0.0457,-0.4779,0.4919,1,12,-0.25,-0.0071,-0.1934,0,0,,,0.0929,-0.0305,,,,,,,,,,,,,,,,,pinnacle
spelad,ED,2025/26,2025-10-19,15:45,Heracles,Feyenoord,0,7,A,4,19,0,12,0.2368,3.0464,skott,,2,8,11,13,1,2,0,0,0.1232,0.1748,0.7019,0.1052,0.1599,0.7349,1,7.5,5.5,1.4,8.5,5.5,1.38,0.6588,0.6501,-1.0231,0.7118,-1.1891,0,13,-2.3077,-0.3297,0.0653,0,0,,,-0.069,0.0755,,,,,,,,,,,,,,,,,pinnacle
spelad,ED,2025/26,2025-10-19,11:15,Telstar,Heerenveen,2,3,A,18,15,6,7,2.0263,2.0089,skott,,6,11,9,12,1,2,0,0,0.3438,0.266,0.3903,0.3061,0.2621,0.4318,1,2.75,3.65,2.5,3.05,3.8,2.25,0.5729,0.5985,-0.0158,0.0856,0.1722,-1,,,,,1,0,,,-0.1169,0.0257,,,,,,,,,,,,,,,,,pinnacle
spelad,ED,2025/26,2025-10-24,19:00,Heerenveen,NAC Breda,3,3,D,10,11,4,4,1.2325,1.2917,skott,,4,5,10,10,1,0,0,0,0.531,0.2515,0.2175,0.531,0.2515,0.2175,1,1.8,4.1,4.9,1.61,4.5,6,0.6065,0.6065,0.1021,0.0257,0.2274,-1,6,1,0.3548,-0.2518,0,0,,,0,0.1867,,,,,,,,,,,,,,,,,pinnacle
spelad,ED,2025/26,2025-10-25,15:30,For Sittard,Groningen,1,2,A,9,16,3,10,1.0132,2.5485,skott,,7,7,14,9,3,1,0,0,0.332,0.2987,0.3693,0.332,0.2987,0.3693,1,2.88,3.35,2.57,3.05,3.4,2.55,0.4571,0.4571,0.1526,-0.3608,-0.0646,0,11,0,0.2566,-0.1798,0,0,,,0,-0.0422,,,,,,,,,,,,,,,,,pinnacle
spelad,ED,2025/26,2025-10-25,17:45,Sparta Rotterdam,Telstar,1,0,H,14,14,6,3,1.7896,1.3091,skott,,6,7,9,14,3,2,0,0,0.5214,0.2384,0.2402,0.5214,0.2384,0.2402,1,1.9,4.1,3.95,1.83,4.2,4.4,0.6135,0.6135,1.0115,-0.5392,0.6667,0,,,,,-1,0,,,0,0.0294,,,,,,,,,,,,,,,,,pinnacle
spelad,ED,2025/26,2025-10-25,19:00,Volendam,Heracles,3,0,H,13,11,7,2,1.8905,0.9714,skott,,5,5,6,13,0,3,0,1,0.4488,0.2433,0.3079,0.4488,0.2433,0.3079,1,2.15,3.9,3.2,2.12,4,3.6,0.603,0.603,0.0749,-0.521,0.2515,1,,,,,1,0,,,0,0.0572,,,,,,,,,,,,,,,,,pinnacle
spelad,ED,2025/26,2025-10-25,20:00,Zwolle,Nijmegen,2,2,D,10,11,6,3,1.5528,1.1316,skott,,3,4,11,12,0,1,0,0,0.2902,0.2499,0.4599,0.2902,0.2499,0.4599,1,3.3,3.85,2.14,4,3.9,1.91,0.6222,0.6222,0.3055,-0.3274,-0.3487,0,6,-2,-0.9139,0.0791,0,0,,,0,-0.1405,,,,,,,,,,,,,,,,,pinnacle
spelad,ED,2025/26,2025-10-26,15:45,AZ Alkmaar,Utrecht,4,1,H,18,8,7,2,2.1865,0.7938,skott,,8,2,4,14,0,1,0,0,0.5883,0.2192,0.1925,0.5883,0.2192,0.1925,1,1.62,4.5,5.1,1.55,4.6,6,0.5924,0.5924,0.6497,-0.0058,0.403,0,14,0.2143,-0.3059,0.2541,0,0,,,0,0.0885,,,,,,,,,,,,,,,,,pinnacle
spelad,ED,2025/26,2025-10-26,13:30,Feyenoord,PSV Eindhoven,2,3,A,12,11,6,6,1.6712,1.612,skott,,3,5,7,13,0,1,0,0,0.3953,0.2424,0.3623,0.3953,0.2424,0.3623,1,2.45,4,2.63,2.38,4,2.8,0.658,0.658,0.1284,-0.4246,0.6162,-1,15,-0.2,0.0289,0.1536,0,0,,,0,0.0319,,,,,,,,,,,,,,,,,pinnacle
spelad,ED,2025/26,2025-10-26,19:00,Go Ahead Eagles,Excelsior,2,0,H,12,11,4,2,1.3509,0.9714,skott,,4,10,7,12,1,2,0,0,0.5483,0.2258,0.2258,0.5483,0.2258,0.2258,1,1.82,4.33,4.25,2.15,3.9,3.4,0.6308,0.6308,-0.3449,0.1972,-0.3444,1,4,0.75,-0.0358,0.0143,-1,0,,,0,-0.2525,,,,,,,,,,,,,,,,,pinnacle
spelad,ED,2025/26,2025-10-26,11:15,Twente,Ajax,2,3,A,21,9,5,6,2.0438,1.4936,skott,,6,1,14,13,0,2,0,0,0.4039,0.2685,0.3276,0.4039,0.2685,0.3276,1,2.37,3.7,3,2.45,3.7,2.9,0.5806,0.5806,-0.0312,0.1609,0.4201,0,13,-0.6923,0.3024,0.1229,0,0,,,0,-0.0256,,,,,,,,,,,,,,,,,pinnacle
spelad,ED,2025/26,2025-10-31,19:00,PSV Eindhoven,For Sittard,5,2,H,21,10,6,4,2.2039,1.2325,skott,,7,4,8,12,0,4,0,0,0.8175,0.1159,0.0665,0.8777,0.0826,0.0397,0,1.17,9,16,1.15,10,20,0.737,0.77,-0.0238,0.4365,-0.2169,-1,13,2.5385,0.1725,0.0259,0,0,,,0.1472,-0.1109,,,,,,,,,,,,,,,,,betfair
spelad,ED,2025/26,2025-11-01,15:30,Ajax,Heerenveen,1,1,D,9,17,2,7,0.853,2.1273,skott,,5,4,6,16,0,2,0,0,0.6108,0.2067,0.1825,0.6371,0.2209,0.142,0,1.57,4.75,5.6,1.55,4.75,5.5,0.6537,0.6512,0.2151,-0.0791,-0.1251,-2,15,2.4,0.2976,-0.0836,0,0,,,0.0933,-0.0753,,,,,,,,,,,,,,,,,betfair
spelad,ED,2025/26,2025-11-01,19:00,Feyenoord,Volendam,3,1,H,37,9,9,1,3.6314,0.6929,skott,,10,1,4,8,0,0,0,0,0.8524,0.0973,0.0503,0.8803,0.0829,0.0368,0,1.11,11,21,1.13,10.5,22,0.7588,0.7588,0.4334,-0.5545,0.4986,-1,4,2.25,-0.1196,0.1551,0,0,,,0.0692,-0.0795,,,,,,,,,,,,,,,,,betfair
spelad,ED,2025/26,2025-11-01,17:45,NAC Breda,Go Ahead Eagles,1,0,H,8,7,2,2,0.7938,0.7346,skott,,2,2,10,8,4,2,0,0,0.4031,0.2605,0.3364,0.4345,0.2607,0.3048,0,2.37,3.75,2.9,2.26,3.75,3.1,0.5812,0.5785,-0.4305,0.3836,-0.267,2,,,,,0,0,,,0.0944,-0.0171,,,,,,,,,,,,,,,,,betfair
spelad,ED,2025/26,2025-11-01,20:00,Telstar,Excelsior,2,2,D,17,21,8,8,2.2874,2.5242,skott,,3,5,8,15,0,2,0,0,0.4239,0.2617,0.3144,0.4419,0.2712,0.2869,0,2.28,3.7,3.1,2.15,3.7,3.45,0.5774,0.5623,-0.6018,0.3523,-0.2363,1,,,,,0,0,,,0.0634,0.0043,,,,,,,,,,,,,,,,,betfair
spelad,ED,2025/26,2025-11-02,13:30,Groningen,Twente,1,1,D,18,10,7,4,2.1865,1.2325,skott,,7,3,7,12,2,4,0,0,0.3373,0.2779,0.3847,0.3146,0.2792,0.4062,0,2.8,3.5,2.5,3,3.5,2.38,0.5134,0.5294,0.329,-0.3385,0.5338,1,11,-1.3636,-0.5,0.2922,0,0,,,-0.0669,0.0124,,,,,,,,,,,,,,,,,betfair
spelad,ED,2025/26,2025-11-02,11:15,Heracles,Zwolle,8,2,H,23,7,11,4,3.123,1.0549,skott,,4,2,16,11,0,3,0,1,0.3924,0.2763,0.3312,0.3631,0.2764,0.3605,0,2.48,3.5,2.9,2.6,3.75,2.75,0.5348,0.5748,0.0682,0.3983,0.157,0,12,0.5,0.2183,-0.101,0,0,,,-0.0879,0.0205,,,,,,,,,,,,,,,,,betfair
spelad,ED,2025/26,2025-11-02,13:30,Sparta Rotterdam,AZ Alkmaar,0,1,A,10,20,3,14,1.0724,3.4258,skott,,6,9,7,12,1,1,0,0,0.2363,0.2316,0.5321,0.2119,0.2316,0.5564,0,4.2,4.2,1.82,4.65,4.25,1.75,0.6183,0.6334,0.0267,0.2626,0.1635,1,13,-0.9231,0.141,0.0014,0,0,,,-0.0732,0.0236,,,,,,,,,,,,,,,,,betfair
spelad,ED,2025/26,2025-11-02,15:45,Utrecht,Nijmegen,1,0,H,11,16,4,5,1.2917,1.7478,skott,,2,2,11,15,1,2,0,0,0.4443,0.2651,0.2907,0.4354,0.2683,0.2963,0,2.15,3.7,3.4,2.2,3.75,3.25,0.5838,0.5896,0.1776,-0.259,-0.0669,-1,8,0.75,0.133,-0.0139,0,0,,,-0.0235,-0.0176,,,,,,,,,,,,,,,,,betfair
spelad,ED,2025/26,2025-11-07,19:00,Twente,Telstar,0,0,D,27,6,7,0,2.7192,0.3552,skott,,10,2,13,4,4,2,1,1,0.7088,0.1759,0.1154,0.7282,0.1707,0.1011,0,1.35,5.6,9,1.35,5.75,9.5,0.6168,0.6281,-0.0573,0.3841,-0.138,-1,,,,,0,0,,,0.0531,-0.0457,,,,,,,,,,,,,,,,,betfair
spelad,ED,2025/26,2025-11-08,15:30,Excelsior,Heracles,1,2,A,12,10,5,5,1.511,1.3926,skott,,6,13,14,13,1,2,0,0,0.4879,0.2459,0.2662,0.5051,0.2475,0.2475,0,1.96,4.1,3.7,1.91,4,3.9,0.5737,0.6041,0.4192,-0.5707,0.3306,1,5,0,0.0522,-0.0438,0,0,,,0.0529,-0.0067,,,,,,,,,,,,,,,,,betfair
spelad,ED,2025/26,2025-11-08,19:00,For Sittard,Heerenveen,2,0,H,10,18,5,8,1.3926,2.3466,skott,,4,5,14,12,2,1,0,0,0.3193,0.2592,0.4215,0.3137,0.2745,0.4118,0,3,3.7,2.26,3.1,3.7,2.3,0.5711,0.5608,0.0707,-0.2462,-0.1349,1,14,-0.2143,0.1779,-0.0423,0,0,,,-0.0015,0.0012,,,,,,,,,,,,,,,,,betfair
spelad,ED,2025/26,2025-11-08,17:45,Volendam,NAC Breda,2,1,H,12,12,5,2,1.511,1.0306,skott,,8,6,13,9,2,2,0,2,0.3633,0.2572,0.3795,0.3321,0.2693,0.3986,0,2.66,3.8,2.5,2.8,3.7,2.45,0.5763,0.5711,0.0448,-0.125,-0.0068,0,,,,,0,0,,,-0.0813,0.0311,,,,,,,,,,,,,,,,,betfair
spelad,ED,2025/26,2025-11-08,20:00,Zwolle,Sparta Rotterdam,1,0,H,11,14,3,1,1.1316,0.9889,skott,,3,6,9,15,2,4,0,1,0.3749,0.2675,0.3576,0.3404,0.2651,0.3945,0,2.6,3.6,2.66,2.74,3.7,2.6,0.5699,0.5774,-0.5179,0.3358,-0.6747,0,10,0.3,0.2477,0.0298,0,0,,,-0.1057,0.0485,,,,,,,,,,,,,,,,,betfair
spelad,ED,2025/26,2025-11-09,15:45,AZ Alkmaar,PSV Eindhoven,1,5,A,8,15,3,6,0.954,1.8488,skott,,4,6,9,10,2,1,0,0,0.3127,0.2379,0.4495,0.2694,0.2341,0.4966,0,3.15,4,2.15,3.6,4.35,1.95,0.6722,0.7054,-0.0644,0.1796,0.1063,-2,14,-0.2143,0.3529,-0.1645,0,0,,,-0.1337,0.0164,,,,,,,,,,,,,,,,,betfair
spelad,ED,2025/26,2025-11-09,19:00,Go Ahead Eagles,Feyenoord,2,1,H,9,20,5,6,1.3334,2.1447,skott,,4,7,7,10,2,1,0,0,0.1751,0.2055,0.6193,0.1347,0.1917,0.6736,0,5.5,4.75,1.57,6.5,5.25,1.44,0.642,0.6651,-0.2685,-0.0844,-0.3135,0,8,-3,-0.5655,-0.1751,0,0,,,-0.1351,0.0428,,,,,,,,,,,,,,,,,betfair
spelad,ED,2025/26,2025-11-09,13:30,Nijmegen,Groningen,2,0,H,13,10,5,4,1.5702,1.2325,skott,,9,3,6,13,1,1,0,0,0.4819,0.2562,0.2619,0.4643,0.2697,0.266,0,2,3.8,3.8,2.05,3.9,3.65,0.5608,0.5684,-0.8866,0.6312,-1.0889,0,6,0.5,0.2564,-0.1249,0,0,,,-0.0394,0.015,,,,,,,,,,,,,,,,,betfair
spelad,ED,2025/26,2025-11-09,11:15,Utrecht,Ajax,2,1,H,16,10,6,4,1.9079,1.2325,skott,,6,4,15,10,1,0,0,0,0.3463,0.2641,0.3896,0.342,0.2645,0.3936,0,2.75,3.7,2.45,2.8,3.7,2.48,0.5822,0.5673,-0.4626,0.4799,-0.0285,-1,14,-1.0714,0.2088,0.0275,0,0,,,-0.0126,0.0047,,,,,,,,,,,,,,,,,betfair
spelad,ED,2025/26,2025-11-22,17:45,Ajax,Excelsior,1,2,A,15,8,5,4,1.6886,1.1141,skott,,9,2,4,13,2,1,0,0,0.7014,0.1706,0.128,0.7292,0.1595,0.1113,1,1.38,5.5,8,1.33,6.25,9.5,0.6619,0.7031,0.5362,-0.5136,0.0664,-1,8,2.25,-0.0531,0.1335,0,0,,,0.0722,-0.0166,,,,,,,,,,,,,,,,,pinnacle
spelad,ED,2025/26,2025-11-22,20:00,Heracles,Go Ahead Eagles,4,2,H,22,7,12,4,3.224,1.0549,skott,,6,3,6,15,1,3,0,1,0.3541,0.2617,0.3841,0.3681,0.2734,0.3585,1,2.7,3.75,2.5,2.6,3.7,2.7,0.605,0.5747,-0.2759,0.4168,-0.1477,1,6,-0.5,-0.0997,-0.0906,0,0,,,0.0534,0.0084,,,,,,,,,,,,,,,,,pinnacle
spelad,ED,2025/26,2025-11-22,15:30,NAC Breda,PSV Eindhoven,0,1,A,16,9,3,4,1.4275,1.1733,skott,,6,5,11,15,2,1,0,0,0.1341,0.1592,0.7067,0.1148,0.1445,0.7406,1,8.5,5.8,1.33,10,6.5,1.31,0.6991,0.72,-1.0117,1.101,-0.8055,1,5,-3,-0.3548,-0.128,0,0,,,-0.0725,0.0018,,,,,,,,,,,,,,,,,pinnacle
spelad,ED,2025/26,2025-11-22,20:00,Sparta Rotterdam,For Sittard,1,1,D,13,12,4,7,1.4101,1.8313,skott,,7,5,9,11,1,1,0,0,0.4995,0.2558,0.2446,0.5034,0.2692,0.2274,1,1.91,3.75,4.2,1.91,3.7,4.2,0.5641,0.5193,-0.1312,0.4679,-0.1352,0,12,1,0.2122,0.0664,0,0,,,0.0249,-0.0185,,,,,,,,,,,,,,,,,pinnacle
spelad,ED,2025/26,2025-11-22,17:45,Volendam,Twente,1,1,D,11,18,4,6,1.2917,2.0263,skott,,4,4,5,11,0,3,0,0,0.1996,0.2246,0.5758,0.2014,0.2429,0.5557,1,4.75,4.2,1.67,4.8,4.1,1.73,0.6216,0.5844,0.3749,-0.5858,0.3027,-1,4,-1.5,0.2796,-0.1537,0,0,,,0.0238,-0.0004,,,,,,,,,,,,,,,,,pinnacle
spelad,ED,2025/26,2025-11-23,13:30,Feyenoord,Nijmegen,2,4,A,19,22,5,12,1.9254,3.224,skott,,7,6,8,13,1,0,0,0,0.6703,0.185,0.1447,0.6687,0.1873,0.1439,1,1.42,5.5,7.5,1.45,5.25,6.75,0.6834,0.6954,0.3147,-0.4037,0.1483,0,8,1.5,-0.2576,0.3183,0,0,,,-0.0024,-0.0209,,,,,,,,,,,,,,,,,pinnacle
spelad,ED,2025/26,2025-11-23,15:45,Groningen,Zwolle,2,2,D,39,5,13,3,4.3904,0.7764,skott,,13,0,11,9,1,3,0,1,0.6031,0.2385,0.1583,0.6523,0.2165,0.1312,1,1.57,4.25,6,1.5,4.6,7.1,0.5429,0.5722,-0.0328,0.1903,0.6024,-1,11,-0.5455,-0.3885,0.0021,0,0,,,0.1256,-0.0224,,,,,,,,,,,,,,,,,pinnacle
spelad,ED,2025/26,2025-11-23,11:15,Heerenveen,AZ Alkmaar,3,1,H,21,9,9,5,2.6843,1.3334,skott,,8,5,9,4,1,0,0,0,0.3297,0.2431,0.4273,0.3664,0.2513,0.3823,1,3.05,4,2.25,2.7,3.9,2.5,0.6256,0.6195,-0.1741,-0.0124,0.151,1,15,-1.4,-0.0861,-0.0906,0,0,,,0.1184,-0.0097,,,,,,,,,,,,,,,,,pinnacle
spelad,ED,2025/26,2025-11-23,13:30,Telstar,Utrecht,1,1,D,11,17,3,3,1.1316,1.4867,skott,,1,8,10,10,2,2,0,0,0.2984,0.2525,0.4491,0.2585,0.2531,0.4883,1,3.3,3.75,2.15,3.7,3.75,2,0.5593,0.541,-0.4045,-0.0189,-0.1828,2,,,,,0,0,,,-0.1191,0.0182,,,,,,,,,,,,,,,,,pinnacle
spelad,ED,2025/26,2025-11-28,19:00,Zwolle,Heerenveen,2,1,H,11,19,4,7,1.2917,2.2457,skott,,3,9,11,19,3,2,0,0,0.2346,0.2441,0.5212,0.2373,0.2463,0.5164,1,4.1,4,1.83,3.95,4,1.95,0.6176,0.6229,-0.0571,-0.2651,-0.5562,0,12,0,0.1964,0.0753,0,0,,,0.0101,0.0324,,,,,,,,,,,,,,,,,pinnacle
spelad,ED,2025/26,2025-11-29,15:30,Excelsior,NAC Breda,1,0,H,6,22,2,3,0.6754,1.7827,skott,,1,6,22,12,4,1,0,0,0.3989,0.2678,0.3333,0.3946,0.2613,0.3441,1,2.35,3.6,2.94,2.45,3.7,2.75,0.5607,0.5804,0.462,-0.3338,0.4037,0,4,-0.75,-0.3019,-0.0166,0,0,,,-0.0192,-0.0111,,,,,,,,,,,,,,,,,pinnacle
spelad,ED,2025/26,2025-11-29,17:45,For Sittard,Heracles,1,1,D,23,6,5,3,2.1622,0.8356,skott,,11,3,19,22,3,5,0,0,0.4471,0.266,0.2869,0.4858,0.2564,0.2578,1,2.15,3.7,3.3,2.05,3.8,3.8,0.5578,0.5793,-0.1095,-0.0181,-0.2575,0,12,-0.25,-0.022,-0.0052,0,0,,,0.1064,-0.0195,,,,,,,,,,,,,,,,,pinnacle
spelad,ED,2025/26,2025-11-29,20:00,Nijmegen,Sparta Rotterdam,3,1,H,19,13,7,5,2.2457,1.5702,skott,,7,6,9,13,2,4,0,0,0.5814,0.2174,0.2012,0.5891,0.2226,0.1883,1,1.65,4.5,5,1.65,4.4,5,0.6416,0.6452,0.0068,-0.1767,0.4901,-1,8,-0.375,-0.3198,0.3479,0,0,,,0.0282,-0.0224,,,,,,,,,,,,,,,,,pinnacle
spelad,ED,2025/26,2025-11-30,13:30,Go Ahead Eagles,Utrecht,2,2,D,11,17,6,8,1.612,2.2874,skott,,4,3,9,12,2,2,0,0,0.327,0.2681,0.4049,0.3105,0.2824,0.4071,1,2.88,3.75,2.38,3,3.5,2.38,0.5744,0.5179,0.2587,-0.6737,0.1215,1,8,-0.375,-0.0921,0.3687,0,0,,,-0.0351,0.0198,,,,,,,,,,,,,,,,,pinnacle
spelad,ED,2025/26,2025-11-30,11:15,PSV Eindhoven,Volendam,3,0,H,19,11,8,2,2.4058,0.9714,skott,,5,2,12,4,0,0,0,0,0.8693,0.0732,0.0574,0.8685,0.0743,0.0571,1,1.1,12,21,1.12,12,22,0.8343,0.8275,0.7326,-0.5877,0.4206,0,4,3,0.331,-0.0876,0,0,,,-0.0014,-0.024,,,,,,,,,,,,,,,,,pinnacle
spelad,ED,2025/26,2025-11-30,13:30,Telstar,Feyenoord,1,2,A,12,11,2,7,1.0306,1.7721,skott,,3,5,8,8,0,3,0,0,0.1515,0.1861,0.6624,0.1884,0.2098,0.6018,1,7,5.1,1.44,5.75,4.6,1.6,0.658,0.6612,-0.0866,-0.2489,0.1755,0,,,,,0,0,,,0.1343,-0.0028,,,,,,,,,,,,,,,,,pinnacle
spelad,ED,2025/26,2025-11-30,15:45,Twente,AZ Alkmaar,1,0,H,7,7,2,1,0.7346,0.5745,skott,,2,3,13,9,2,4,0,0,0.4266,0.2635,0.3099,0.4361,0.2575,0.3064,1,2.26,3.7,3,2.2,3.8,3.15,0.597,0.6195,-0.3845,-0.0148,-0.11,1,13,-0.4615,0.1514,-0.1771,0,0,,,0.0225,-0.0048,,,,,,,,,,,,,,,,,pinnacle
spelad,ED,2025/26,2025-12-02,13:30,Ajax,Groningen,2,0,H,13,17,6,7,1.7304,2.1273,skott,,3,5,14,10,1,0,0,0,0.5464,0.2336,0.2201,0.4816,0.2609,0.2575,1,1.73,4.2,4.6,2,3.8,3.95,0.567,0.5524,0.363,-1.0823,-0.4824,1,13,1.8462,-0.0563,-0.0678,0,0,,,-0.1669,-0.0011,,,,,,,,,,,,,,,,,pinnacle
spelad,ED,2025/26,2025-12-05,19:00,Excelsior,Groningen,0,2,A,16,20,6,8,1.9079,2.465,skott,,5,5,10,9,2,3,1,1,0.2814,0.2704,0.4482,0.2608,0.2741,0.4651,1,3.5,3.6,2.1,3.7,3.6,2.08,0.5205,0.5179,0.9687,-1.7015,0.54,3,6,-1,-0.1242,-0.2546,0,0,,,-0.0582,0.0061,,,,,,,,,,,,,,,,,pinnacle
spelad,ED,2025/26,2025-12-06,20:00,Feyenoord,Zwolle,6,1,H,25,7,12,4,3.4015,1.0549,skott,,8,4,17,12,1,1,0,0,0.8128,0.1107,0.0765,0.8368,0.0989,0.0643,1,1.18,8.5,15,1.17,9,17,0.7393,0.7633,-0.3117,0.031,-0.3298,-2,13,2.5385,0.4908,-0.1726,0,0,,,0.0601,-0.031,,,,,,,,,,,,,,,,,pinnacle
spelad,ED,2025/26,2025-12-06,17:45,For Sittard,Ajax,1,3,A,26,13,7,4,2.66,1.4101,skott,,4,4,13,9,3,4,1,1,0.2245,0.2392,0.5364,0.2658,0.2644,0.4698,1,4.5,4,1.82,3.8,3.7,2,0.5812,0.5499,-0.4053,0.3511,0.3763,3,13,-2.5385,-0.2151,0.0258,0,0,,,0.1494,-0.0073,,,,,,,,,,,,,,,,,pinnacle
spelad,ED,2025/26,2025-12-06,15:30,Heerenveen,PSV Eindhoven,0,2,A,12,11,3,7,1.1907,1.7721,skott,,7,3,13,5,1,0,0,0,0.2162,0.1883,0.5956,0.2664,0.2207,0.5129,1,5,5,1.6,3.95,4.4,1.96,0.7176,0.7149,-1.2943,1.7538,-0.7452,2,14,-1.2857,0.1725,0.2723,0,0,,,0.183,-0.001,,,,,,,,,,,,,,,,,pinnacle
spelad,ED,2025/26,2025-12-06,19:00,Heracles,Telstar,1,1,D,15,11,6,2,1.8488,0.9714,skott,,6,6,15,12,3,2,0,0,0.4214,0.2513,0.3273,0.4084,0.2623,0.3292,1,2.26,3.75,3.1,2.38,3.75,2.95,0.5812,0.5854,0.8015,-0.2157,0.8103,1,,,,,0,0,,,-0.0279,-0.0054,,,,,,,,,,,,,,,,,pinnacle
spelad,ED,2025/26,2025-12-07,13:30,AZ Alkmaar,Go Ahead Eagles,2,2,D,23,12,7,7,2.4824,1.8313,skott,,11,4,8,8,2,1,0,0,0.665,0.1855,0.1494,0.7226,0.1663,0.1111,1,1.44,5.1,6.8,1.34,6,9,0.6596,0.6974,-0.0626,0.9159,0.1217,0,8,2.625,0.7088,-0.0981,0,0,,,0.1535,-0.022,,,,,,,,,,,,,,,,,pinnacle
spelad,ED,2025/26,2025-12-07,15:45,Sparta Rotterdam,NAC Breda,1,0,H,12,22,6,9,1.6712,2.7435,skott,,1,14,11,10,1,1,0,0,0.4548,0.2597,0.2855,0.3952,0.2799,0.3249,1,2.1,3.6,3.45,2.45,3.5,3.05,0.5644,0.5321,0.638,-0.4953,0.3182,0,3,0,-0.3566,0.062,0,0,,,-0.1587,0.0169,,,,,,,,,,,,,,,,,pinnacle
spelad,ED,2025/26,2025-12-07,11:15,Utrecht,Twente,1,1,D,12,21,4,6,1.3509,2.2039,skott,,6,8,8,8,1,2,0,0,0.3855,0.2682,0.3463,0.374,0.2849,0.3411,1,2.48,3.6,2.76,2.54,3.5,2.8,0.5391,0.5,0.2683,-0.5086,0.2647,0,13,0.6923,0.295,-0.0918,0,0,,,-0.0178,0.0059,,,,,,,,,,,,,,,,,pinnacle
spelad,ED,2025/26,2025-12-07,13:30,Volendam,Nijmegen,2,3,A,13,16,5,7,1.5702,2.0681,skott,,4,8,7,17,2,5,0,0,0.2476,0.227,0.5254,0.215,0.215,0.57,1,4,4.2,1.83,4.7,4.5,1.68,0.6539,0.6795,0.0692,-0.1554,-0.1389,-1,4,-2.25,-0.5734,0.0315,0,0,,,-0.1098,-0.0021,,,,,,,,,,,,,,,,,pinnacle
spelad,ED,2025/26,2025-12-13,17:45,Groningen,Volendam,3,0,H,26,5,7,1,2.66,0.4561,skott,,18,1,7,11,0,1,0,1,0.6581,0.1966,0.1453,0.6924,0.1876,0.12,1,1.44,4.8,7.1,1.43,5.25,8.9,0.606,0.6229,-0.3844,1.4024,-0.1604,2,,,,,0,0,,,0.094,-0.018,,,,,,,,,,,,,,,,,pinnacle
spelad,ED,2025/26,2025-12-13,19:00,PSV Eindhoven,Heracles,4,3,H,21,11,6,6,2.2039,1.612,skott,,10,4,12,7,2,4,0,0,0.8611,0.0803,0.0586,0.8572,0.082,0.0608,1,1.13,11,19.5,1.13,12,20,0.8114,0.8136,0.9066,-1.3686,0.5236,0,12,2.75,0.4031,-0.0578,0,0,,,-0.0098,-0.004,,,,,,,,,,,,,,,,,pinnacle
spelad,ED,2025/26,2025-12-13,15:30,Telstar,Nijmegen,2,2,D,10,16,4,8,1.2325,2.2282,skott,,5,7,8,11,0,2,0,0,0.2578,0.2361,0.5061,0.2974,0.2466,0.456,1,3.65,4,1.93,3.13,4,2.15,0.6483,0.637,-0.6201,-0.0908,-0.8749,1,,,,,0,0,,,0.1293,0.025,,,,,,,,,,,,,,,,,pinnacle
spelad,ED,2025/26,2025-12-13,20:00,Zwolle,For Sittard,1,0,H,8,11,3,3,0.954,1.1316,skott,,2,12,17,13,3,3,0,0,0.3934,0.263,0.3437,0.3705,0.2686,0.3608,1,2.38,3.7,2.94,2.55,3.6,2.7,0.5492,0.5561,0.8738,-0.4287,0.3818,0,12,0.5,0.1879,-0.0962,0,0,,,-0.0629,0.0216,,,,,,,,,,,,,,,,,pinnacle
spelad,ED,2025/26,2025-12-14,13:30,Ajax,Feyenoord,2,0,H,15,18,7,1,2.0089,1.2256,skott,,3,12,12,12,2,1,0,0,0.3224,0.2433,0.4343,0.2914,0.2456,0.463,1,3.2,3.9,2.16,3.3,4,2.15,0.6188,0.6099,0.3558,-0.2396,-0.0523,0,14,1.0714,0.2589,-0.1468,0,0,,,-0.0906,0.0147,,,,,,,,,,,,,,,,,pinnacle
spelad,ED,2025/26,2025-12-14,15:45,NAC Breda,Utrecht,1,1,D,16,11,3,6,1.4275,1.612,skott,,6,5,10,12,2,2,0,0,0.3594,0.2729,0.3677,0.3663,0.282,0.3517,1,2.72,3.5,2.6,2.7,3.4,2.71,0.5144,0.4884,-1.0759,0.8887,-0.7369,0,5,-1.8,-0.2345,-0.248,0,0,,,0.0299,-0.0173,,,,,,,,,,,,,,,,,pinnacle
spelad,ED,2025/26,2025-12-14,11:15,Sparta Rotterdam,Heerenveen,0,3,A,11,20,3,5,1.1316,1.9846,skott,,5,10,10,15,1,2,0,0,0.3353,0.2526,0.4122,0.3316,0.2528,0.4156,1,3.15,3.75,2.3,2.9,3.75,2.3,0.61,0.6108,0.6219,-1.2383,0.2278,-1,12,0.25,0.1734,-0.0093,0,0,,,-0.0107,-0.0047,,,,,,,,,,,,,,,,,pinnacle
spelad,ED,2025/26,2025-12-14,13:30,Twente,Go Ahead Eagles,2,0,H,23,6,7,2,2.4824,0.6754,skott,,3,6,7,9,0,3,0,0,0.661,0.2042,0.1348,0.6811,0.1972,0.1217,1,1.42,5,7.5,1.43,5,8.2,0.6256,0.603,-0.627,1.3577,-0.411,0,8,1.125,0.0579,0.1296,0,0,,,0.0533,-0.0328,,,,,,,,,,,,,,,,,pinnacle
spelad,ED,2025/26,2025-12-20,17:45,Excelsior,Zwolle,2,1,H,13,9,4,3,1.4101,1.0132,skott,,3,1,13,7,1,1,0,0,0.4534,0.2519,0.2948,0.4503,0.2589,0.2908,1,2.15,3.75,3.25,2.15,3.85,3.3,0.5909,0.589,-0.4817,0.1223,-0.413,7,5,-2.4,-0.9244,-0.0548,0,0,,,-0.002,0.001,,,,,,,,,,,,,,,,,pinnacle
spelad,ED,2025/26,2025-12-20,15:30,Heracles,Heerenveen,0,3,A,8,15,2,8,0.7938,2.169,skott,,4,4,12,9,1,1,0,0,0.2909,0.2496,0.4595,0.2695,0.2539,0.4766,1,3.4,3.8,2.1,3.6,3.8,2,0.6148,0.5804,0.3932,-0.2974,0.3833,1,13,-0.2308,0.0411,-0.1047,0,0,,,-0.0599,0.0107,,,,,,,,,,,,,,,,,pinnacle
spelad,ED,2025/26,2025-12-20,20:00,NAC Breda,Telstar,0,1,A,11,11,2,4,0.9714,1.2917,skott,,8,3,11,16,2,3,0,0,0.5102,0.2471,0.2427,0.5305,0.2495,0.22,1,1.87,3.9,4,1.85,3.9,4.4,0.5504,0.5398,-0.5183,1.1094,-0.09,-1,,,,,0,0,,,0.0635,-0.0142,,,,,,,,,,,,,,,,,pinnacle
spelad,ED,2025/26,2025-12-20,19:00,Nijmegen,Ajax,2,2,D,15,19,6,8,1.8488,2.4058,skott,,1,7,8,8,3,3,1,0,0.4192,0.2434,0.3374,0.4458,0.2371,0.3172,1,2.3,4,2.78,2.2,4.1,3,0.6483,0.6589,-0.1657,0.3766,0.4134,1,8,-1.5,0.0384,0.0775,0,0,,,0.0734,-0.0194,,,,,,,,,,,,,,,,,pinnacle
spelad,ED,2025/26,2025-12-21,13:30,Feyenoord,Twente,1,1,D,10,29,4,11,1.2325,3.4782,skott,,7,12,15,11,2,0,1,0,0.555,0.2326,0.2123,0.4841,0.2535,0.2624,1,1.72,4.2,4.8,2,3.9,3.8,0.597,0.595,0.0265,-0.5987,-0.3103,0,12,0.75,-0.1877,0.1822,0,0,,,-0.1919,0.007,,,,,,,,,,,,,,,,,pinnacle
spelad,ED,2025/26,2025-12-21,15:45,For Sittard,AZ Alkmaar,4,3,H,15,21,6,9,1.8488,2.6843,skott,,5,8,18,11,3,0,0,0,0.238,0.246,0.516,0.1941,0.2224,0.5835,1,4.2,4,1.83,5,4.2,1.7,0.5924,0.6005,-0.8714,0.4084,-0.448,-6,13,-2.3077,-0.2878,-0.1127,0,0,,,-0.1552,0.0298,,,,,,,,,,,,,,,,,pinnacle
spelad,ED,2025/26,2025-12-21,13:30,Go Ahead Eagles,Groningen,1,1,D,8,14,3,3,0.954,1.3091,skott,,1,8,10,13,2,1,0,0,0.2849,0.2766,0.4385,0.2701,0.2694,0.4605,1,3.3,3.65,2.18,3.5,3.6,2.14,0.5492,0.5373,0.6885,-1.7223,0.253,-1,6,-0.5,-0.3198,-0.0924,0,0,,,-0.0515,0.0252,,,,,,,,,,,,,,,,,pinnacle
spelad,ED,2025/26,2025-12-21,11:15,Utrecht,PSV Eindhoven,1,2,A,17,14,3,8,1.4867,2.1098,skott,,2,12,7,14,3,5,0,1,0.2104,0.2281,0.5615,0.2324,0.2376,0.53,1,4.65,4.33,1.7,4,4.1,1.91,0.6441,0.637,-0.9742,1.1861,-0.6572,-1,14,-1.5,-0.1376,0.1516,0,0,,,0.0756,0.0209,,,,,,,,,,,,,,,,,pinnacle
spelad,ED,2025/26,2025-12-21,15:45,Volendam,Sparta Rotterdam,0,1,A,12,23,5,10,1.511,2.9629,skott,,6,8,14,6,3,2,0,0,0.3329,0.2637,0.4034,0.3268,0.2615,0.4117,1,2.8,3.75,2.44,2.92,3.75,2.3,0.5914,0.5852,-0.2117,0.1174,0.1468,1,4,-1.5,-0.198,-0.2213,0,0,,,-0.0203,0.004,,,,,,,,,,,,,,,,,pinnacle
spelad,ED,2025/26,2026-01-10,15:30,AZ Alkmaar,Volendam,1,0,H,17,7,8,2,2.2874,0.7346,skott,,7,2,10,9,0,1,0,0,0.7869,0.1297,0.0833,0.8284,0.1121,0.0595,1,1.23,7.25,12,1.19,8.5,18,0.7308,0.717,-0.1992,0.7464,-0.3915,0,5,1.8,-0.1908,0.2497,0,0,,,0.1067,-0.0433,,,,,,,,,,,,,,,,,pinnacle
spelad,ED,2025/26,2026-01-10,20:00,Groningen,NAC Breda,0,0,D,16,10,5,2,1.7478,0.9122,skott,,3,4,7,6,1,2,0,0,0.5551,0.2531,0.1918,0.5679,0.2527,0.1794,1,1.71,4,5,1.7,3.9,5.33,0.5326,0.5,0.3816,0.2139,0.5879,-1,6,1.5,0.3251,0.2335,0,0,,,0.0378,-0.0162,,,,,,,,,,,,,,,,,pinnacle
spelad,ED,2025/26,2026-01-10,19:00,PSV Eindhoven,Excelsior,5,1,H,16,8,8,3,2.2282,0.954,skott,,6,4,10,7,1,1,0,0,0.8373,0.0915,0.0712,0.8347,0.0961,0.0692,1,1.17,10,18,1.18,9.5,15.5,0.782,0.7776,0.8206,-1.2442,0.5029,-1,8,3,0.4002,-0.1052,0,0,,,-0.0032,-0.0406,,,,,,,,,,,,,,,,,pinnacle
spelad,ED,2025/26,2026-01-10,17:45,Twente,Zwolle,1,1,D,26,3,7,1,2.66,0.3377,skott,,7,2,6,11,1,3,0,0,0.7233,0.1636,0.1131,0.7281,0.166,0.106,1,1.3,6,11,1.32,5.75,10,0.6667,0.6493,-1.0354,0.7192,-0.6578,-1,11,1.3636,0.24,-0.0544,0,0,,,0.0167,-0.001,,,,,,,,,,,,,,,,,pinnacle
spelad,ED,2025/26,2026-01-11,13:30,Go Ahead Eagles,For Sittard,2,2,D,23,12,8,5,2.6426,1.511,skott,,9,1,10,9,0,1,0,0,0.4365,0.2484,0.3151,0.5135,0.2482,0.2384,1,2.2,3.75,3.25,1.96,3.9,4.1,0.5681,0.5524,0.4878,-0.8785,0.1561,0,9,1,0.3875,-0.049,0,0,,,0.2307,-0.0353,,,,,,,,,,,,,,,,,pinnacle
spelad,ED,2025/26,2026-01-11,11:15,Heerenveen,Feyenoord,2,2,D,16,7,7,3,2.0681,0.8948,skott,,5,3,11,6,1,0,0,0,0.3118,0.2438,0.4444,0.3433,0.2482,0.4085,1,3.15,3.8,2.2,2.88,3.8,2.35,0.6188,0.6262,-0.1531,0.3189,0.7716,1,16,-1.875,-0.1944,-0.0713,0,0,,,0.0989,-0.011,,,,,,,,,,,,,,,,,pinnacle
spelad,ED,2025/26,2026-01-11,15:45,Sparta Rotterdam,Heracles,2,0,H,22,6,9,2,2.7435,0.6754,skott,,9,5,6,16,1,3,0,0,0.5248,0.2506,0.2246,0.5145,0.26,0.2255,1,1.87,3.9,4.1,1.85,3.95,4.35,0.6065,0.5768,0.1181,0.2038,-0.3938,-1,11,-0.2727,-0.5089,0.285,0,0,,,-0.0215,0.0123,,,,,,,,,,,,,,,,,pinnacle
spelad,ED,2025/26,2026-01-11,13:30,Telstar,Ajax,2,3,A,7,16,3,10,0.8948,2.5485,skott,,8,3,6,6,1,1,1,0,0.2476,0.2342,0.5182,0.2365,0.2462,0.5173,1,3.95,4,1.9,4.1,4,1.91,0.61,0.5884,-0.4866,0.3127,-0.1586,0,,,,,0,0,,,-0.0213,0.0115,,,,,,,,,,,,,,,,,pinnacle
spelad,ED,2025/26,2026-01-17,15:30,Ajax,Go Ahead Eagles,2,2,D,18,10,6,6,2.0263,1.5528,skott,,1,5,11,16,2,4,0,0,0.6412,0.2009,0.1579,0.5841,0.2296,0.1863,0,1.48,4.8,6.25,1.67,4.33,5,0.6738,0.6272,0.4943,-0.4539,0.2317,0,9,0.3333,-0.8819,0.4906,0,0,,,-0.1425,-0.0265,,,,,,,,,,,,,,,,,betfair
spelad,ED,2025/26,2026-01-17,19:00,Excelsior,Telstar,2,2,D,13,17,3,3,1.2499,1.4867,skott,,3,7,11,8,3,0,0,0,0.4194,0.2688,0.3118,0.4276,0.2718,0.3006,0,2.28,3.6,3.2,2.3,3.5,3.2,0.5585,0.5387,0.0136,1.0954,0.1777,1,,,,,0,0,,,0.0275,-0.0238,,,,,,,,,,,,,,,,,betfair
spelad,ED,2025/26,2026-01-17,19:00,For Sittard,PSV Eindhoven,1,2,A,6,18,1,8,0.5153,2.3466,skott,,4,14,10,11,1,1,0,0,0.1323,0.1775,0.6902,0.1677,0.2061,0.6262,0,7.6,5.5,1.38,6.25,4.8,1.57,0.673,0.6462,-1.3792,1.8957,-0.6171,-1,14,-2.5714,-0.1986,0.0181,0,0,,,0.1347,0.0333,,,,,,,,,,,,,,,,,betfair
spelad,ED,2025/26,2026-01-17,20:00,NAC Breda,Nijmegen,3,4,A,14,11,5,8,1.6294,1.9323,skott,,2,3,13,15,2,1,0,0,0.3147,0.2604,0.4249,0.3741,0.2654,0.3605,0,3.1,3.7,2.26,2.6,3.6,2.8,0.5885,0.544,-1.0347,0.9236,-0.9884,-7,3,-1,0.1339,-0.2381,0,0,,,0.1831,0.0044,,,,,,,,,,,,,,,,,betfair
spelad,ED,2025/26,2026-01-17,17:45,Zwolle,AZ Alkmaar,3,1,H,12,12,5,4,1.511,1.3509,skott,,3,7,12,14,1,2,0,0,0.1736,0.2108,0.6156,0.1603,0.2028,0.637,0,5.8,4.6,1.57,6.5,4.8,1.51,0.6218,0.6291,1.094,-1.2646,0.9884,0,14,-1.2857,0.0051,0.2335,0,0,,,-0.048,-0.0011,,,,,,,,,,,,,,,,,betfair
spelad,ED,2025/26,2026-01-18,15:45,Feyenoord,Sparta Rotterdam,3,4,A,22,13,12,5,3.224,1.5702,skott,,9,0,6,11,1,3,0,0,0.6665,0.194,0.1395,0.6589,0.199,0.1421,0,1.44,5,7,1.53,4.8,6.5,0.6528,0.6561,-0.0843,-0.3331,-0.584,0,13,2.0769,0.1774,0.1192,0,0,,,-0.0179,-0.0427,,,,,,,,,,,,,,,,,betfair
spelad,ED,2025/26,2026-01-18,11:15,Heerenveen,Groningen,0,2,A,16,12,4,6,1.5877,1.6712,skott,,3,6,11,13,1,2,0,0,0.4229,0.2765,0.3005,0.482,0.2758,0.2422,0,2.25,3.6,3.3,2,3.6,4.1,0.5493,0.5147,0.111,-0.4032,0.4069,-1,13,0.4615,0.1359,0.109,0,0,,,0.1765,-0.019,,,,,,,,,,,,,,,,,betfair
spelad,ED,2025/26,2026-01-18,13:30,Heracles,Twente,0,2,A,11,18,2,6,0.9714,2.0263,skott,,4,2,12,14,2,4,0,1,0.1916,0.2242,0.5843,0.1501,0.2022,0.6476,0,5.25,4.33,1.65,6.8,4.75,1.5,0.5911,0.5875,0.5782,-1.2373,0.5943,-1,11,-0.2727,0.2197,0.1333,0,0,,,-0.1462,0.0193,,,,,,,,,,,,,,,,,betfair
spelad,ED,2025/26,2026-01-18,13:30,Volendam,Utrecht,2,1,H,7,16,3,5,0.8948,1.7478,skott,,1,6,14,14,3,3,0,0,0.2289,0.2524,0.5188,0.2118,0.2586,0.5296,0,4.33,3.9,1.81,4.35,3.8,1.85,0.5374,0.5389,-0.203,-0.1124,-0.1163,-7,5,-1.2,0.1082,0.0036,0,0,,,-0.0449,0.0379,,,,,,,,,,,,,,,,,betfair
spelad,ED,2025/26,2026-01-21,17:45,AZ Alkmaar,Excelsior,1,1,D,13,8,4,2,1.4101,0.7938,skott,,4,5,8,10,3,1,0,0,0.731,0.1608,0.1083,0.726,0.1745,0.0995,0,1.31,6,10,1.36,5.6,8.7,0.6868,0.6453,-0.9002,1.2281,-1.1473,0,7,0.8571,-0.4701,-0.0218,0,0,,,-0.001,-0.0452,,,,,,,,,,,,,,,,,betfair
spelad,ED,2025/26,2026-01-24,15:30,Ajax,Volendam,2,0,H,31,5,14,2,4.077,0.6163,skott,,10,0,10,13,1,3,0,0,0.7305,0.1629,0.1066,0.7367,0.1645,0.0987,0,1.32,6.5,9.8,1.34,6.25,10,0.6868,0.6545,0.1604,-0.254,-0.0084,1,5,1.8,-0.3292,0.2814,0,0,,,0.0204,-0.0496,,,,,,,,,,,,,,,,,betfair
spelad,ED,2025/26,2026-01-24,17:45,Nijmegen,Zwolle,2,1,H,13,11,2,6,1.0898,1.612,skott,,10,6,7,12,1,2,0,0,0.6431,0.2001,0.1567,0.6535,0.2014,0.1451,0,1.49,4.8,6.5,1.49,5,6.25,0.6561,0.6667,-0.4702,0.6895,-0.258,0,7,1.7143,0.6256,0.175,0,0,,,0.0323,-0.0312,,,,,,,,,,,,,,,,,betfair
spelad,ED,2025/26,2026-01-24,19:00,PSV Eindhoven,NAC Breda,2,2,D,16,6,4,2,1.5877,0.6754,skott,,10,4,13,13,4,3,0,0,0.7631,0.1466,0.0903,0.7055,0.1796,0.1149,0,1.25,6.75,11.5,1.41,5.25,8,0.6776,0.6368,2.2177,-2.0417,1.7759,0,6,3,0.5079,-0.1308,0,0,,,-0.1396,-0.06,,,,,,,,,,,,,,,,,betfair
spelad,ED,2025/26,2026-01-24,20:00,Twente,Excelsior,0,0,D,14,8,3,1,1.3091,0.6337,skott,,11,5,10,8,1,1,0,0,0.705,0.1804,0.1146,0.7635,0.1601,0.0764,0,1.35,5.5,9.1,1.29,6,11.5,0.6341,0.6263,-0.7538,0.7991,-0.4021,3,5,1.2,-0.1621,0.0039,0,0,,,0.1553,-0.0488,,,,,,,,,,,,,,,,,betfair
spelad,ED,2025/26,2026-01-25,15:45,Feyenoord,Heracles,4,2,H,16,7,8,3,2.2282,0.8948,skott,,8,1,12,17,2,2,0,0,0.7566,0.1484,0.095,0.8035,0.1277,0.0687,0,1.27,6.75,11,1.25,7.5,13,0.7047,0.706,-0.2852,-0.1824,-1.0274,0,14,2.3571,0.2909,0.0492,0,0,,,0.1201,-0.0714,,,,,,,,,,,,,,,,,betfair
spelad,ED,2025/26,2026-01-25,13:30,Groningen,For Sittard,1,2,A,25,10,5,6,2.2806,1.5528,skott,,16,3,12,15,3,2,0,0,0.5925,0.2314,0.1762,0.637,0.2296,0.1334,0,1.61,4.2,5.75,1.52,4.2,7,0.5573,0.5148,-0.1918,0.6607,-0.1309,-1,12,0.25,0.0624,-0.1898,0,0,,,0.1318,-0.0313,,,,,,,,,,,,,,,,,betfair
spelad,ED,2025/26,2026-01-25,11:15,Telstar,AZ Alkmaar,0,1,A,10,12,3,4,1.0724,1.3509,skott,,5,1,13,16,1,2,0,0,0.2255,0.2381,0.5364,0.2969,0.255,0.448,0,4.5,4,1.77,3.3,3.7,2.15,0.6067,0.5726,0.905,-1.94,1.2853,4,,,,,0,0,,,0.2313,-0.0025,,,,,,,,,,,,,,,,,betfair
spelad,ED,2025/26,2026-01-25,15:45,Utrecht,Sparta Rotterdam,0,1,A,22,5,5,3,2.103,0.7764,skott,,10,0,11,14,0,3,0,0,0.5151,0.2506,0.2343,0.4748,0.2695,0.2557,0,1.85,3.8,4.25,2,3.6,3.8,0.5623,0.5081,-0.5371,0.1387,-0.4948,0,14,1.7143,0.5885,-0.114,0,0,,,-0.102,-0.0066,,,,,,,,,,,,,,,,,betfair
spelad,ED,2025/26,2026-01-30,19:00,NAC Breda,Twente,2,2,D,20,18,10,9,2.7853,2.5068,skott,,7,4,7,10,1,1,0,0,0.2723,0.2788,0.449,0.2723,0.284,0.4437,0,3.5,3.4,2.12,3.45,3.4,2.2,0.4812,0.4718,-0.6264,0.0032,-0.6189,0,4,0,0.4202,0.284,0,0,,,0.0053,0.022,,,,,,,,,,,,,,,,,betfair
spelad,ED,2025/26,2026-01-31,15:30,AZ Alkmaar,Nijmegen,1,3,A,11,19,2,8,0.9714,2.4058,skott,,3,3,15,16,1,2,0,0,0.5245,0.2311,0.2444,0.491,0.248,0.261,0,1.83,4.2,4,1.95,4,3.8,0.6528,0.6203,-1.4526,1.5293,-1.8313,-1,9,0.6667,-0.3117,0.1078,0,0,,,-0.0836,0.0252,,,,,,,,,,,,,,,,,betfair
spelad,ED,2025/26,2026-01-31,20:00,Sparta Rotterdam,Groningen,2,0,H,9,8,5,2,1.3334,0.7938,skott,,3,6,8,16,1,5,0,0,0.3537,0.2771,0.3691,0.383,0.2805,0.3364,0,2.71,3.6,2.63,2.45,3.6,2.88,0.5335,0.5493,1.2377,-1.032,0.9561,0,11,0.5455,0.3672,-0.1887,0,0,,,0.0912,0.0089,,,,,,,,,,,,,,,,,betfair
spelad,ED,2025/26,2026-01-31,17:45,Zwolle,Telstar,4,1,H,16,14,9,8,2.3884,2.1098,skott,,6,9,11,16,0,0,0,0,0.4043,0.2646,0.3312,0.4121,0.2637,0.3242,0,2.36,3.7,3,2.35,3.6,3,0.5737,0.557,0.6766,-0.473,0.7752,1,,,,,0,0,,,0.0225,-0.0032,,,,,,,,,,,,,,,,,betfair
spelad,ED,2025/26,2026-02-01,11:15,Excelsior,Ajax,2,2,D,11,9,5,3,1.4518,1.0132,skott,,4,1,12,5,1,0,0,0,0.231,0.2405,0.5285,0.2362,0.2362,0.5276,0,4.4,4,1.81,4.2,4,1.85,0.6031,0.5875,0.1439,0.0624,0.2331,0,8,-1.5,0.2545,0.1229,0,0,,,0.0113,0.0056,,,,,,,,,,,,,,,,,betfair
spelad,ED,2025/26,2026-02-01,15:45,Heerenveen,Utrecht,1,1,D,19,11,3,4,1.6051,1.2917,skott,,5,6,11,10,1,2,0,0,0.5043,0.2508,0.2449,0.5412,0.2607,0.1981,0,1.91,3.8,3.95,1.8,3.9,4.75,0.5699,0.5215,0.1381,0.0502,0.3592,7,15,-1.4,-0.4544,0.1508,0,0,,,0.1206,-0.027,,,,,,,,,,,,,,,,,betfair
spelad,ED,2025/26,2026-02-01,13:30,Heracles,For Sittard,2,1,H,11,12,7,6,1.7721,1.6712,skott,,4,5,17,14,2,3,0,0,0.3986,0.2776,0.3238,0.4302,0.2787,0.291,0,2.4,3.6,3,2.26,3.4,3.3,0.5374,0.5013,-0.2221,0.3309,-0.3699,0,13,0.2308,0.0228,0.0524,0,0,,,0.0961,-0.0181,,,,,,,,,,,,,,,,,betfair
spelad,ED,2025/26,2026-02-01,13:30,PSV Eindhoven,Feyenoord,3,0,H,14,8,7,2,1.9497,0.7938,skott,,8,3,8,8,1,3,0,1,0.5534,0.2265,0.2201,0.5826,0.2153,0.2021,0,1.75,4.33,4.6,1.65,4.5,4.75,0.6659,0.6675,0.8994,-0.4475,1.1347,1,16,0.375,-0.0667,0.1289,0,0,,,0.0762,-0.0195,,,,,,,,,,,,,,,,,betfair
spelad,ED,2025/26,2026-02-01,19:00,Volendam,Go Ahead Eagles,1,1,D,20,13,4,5,1.8244,1.5702,skott,,6,5,7,16,4,6,0,1,0.3201,0.2602,0.4196,0.2722,0.2547,0.4731,0,3,3.7,2.25,3.6,3.7,2.08,0.5938,0.5401,-0.1203,0.0777,-0.1888,-7,5,-3,-0.8958,-0.2138,0,0,,,-0.1493,0.0065,,,,,,,,,,,,,,,,,betfair
spelad,ED,2025/26,2026-02-06,19:00,NAC Breda,Excelsior,0,2,A,15,9,6,6,1.8488,1.4936,skott,,8,3,6,15,2,2,1,0,0.5151,0.2597,0.2252,0.5124,0.2616,0.2259,0,1.87,3.75,4.2,1.9,3.7,4.35,0.5175,0.504,-1.0202,0.4418,-0.9747,2,4,-0.75,-0.3496,-0.0138,0,0,,,-0.0061,-0.0133,,,,,,,,,,,,,,,,,betfair
spelad,ED,2025/26,2026-02-07,20:00,For Sittard,Sparta Rotterdam,2,2,D,11,16,3,5,1.1316,1.7478,skott,,3,13,13,10,3,1,0,0,0.3346,0.2812,0.3842,0.3193,0.275,0.4057,0,2.9,3.5,2.54,3,3.7,2.35,0.5374,0.5455,-1.2306,0.7061,-1.0617,-1,13,-0.9231,-0.2535,0.1176,0,0,,,-0.0521,-0.0094,,,,,,,,,,,,,,,,,betfair
spelad,ED,2025/26,2026-02-07,15:30,Nijmegen,Heracles,4,1,H,15,10,6,2,1.8488,0.9122,skott,,3,6,10,18,0,2,0,0,0.6545,0.1936,0.1519,0.6879,0.1892,0.123,0,1.47,5,6.5,1.41,5,8,0.6738,0.6183,1.0992,-0.8878,1.2592,1,7,0.8571,0.3778,-0.1147,0,0,,,0.0956,-0.0371,,,,,,,,,,,,,,,,,betfair
spelad,ED,2025/26,2026-02-07,19:00,Twente,Heerenveen,5,0,H,29,7,14,0,3.9586,0.4144,skott,,7,0,8,10,1,3,0,0,0.5428,0.24,0.2171,0.6135,0.2209,0.1656,0,1.75,4.2,4.55,1.6,4.5,5.5,0.5763,0.5995,0.1433,0.1856,0.0646,2,13,0.6923,-0.0516,0.2154,0,0,,,0.1928,-0.0489,,,,,,,,,,,,,,,,,betfair
spelad,ED,2025/26,2026-02-07,17:45,Zwolle,Volendam,1,2,A,14,15,4,7,1.4693,2.0089,skott,,6,5,18,10,3,0,0,0,0.5575,0.2465,0.196,0.5996,0.2355,0.1649,0,1.7,4,5.25,1.62,4.33,6.25,0.5774,0.5849,0.7628,-0.5045,0.9433,1,3,0,-0.3188,0.0976,0,0,,,0.1151,-0.0229,,,,,,,,,,,,,,,,,betfair
spelad,ED,2025/26,2026-02-08,13:30,AZ Alkmaar,Ajax,1,1,D,13,11,6,2,1.7304,0.9714,skott,,2,4,11,12,3,0,0,0,0.4276,0.2575,0.3149,0.3907,0.2647,0.3446,0,2.25,3.8,3,2.42,3.7,2.8,0.5995,0.5812,-1.119,1.2921,-1.5257,1,16,0.9375,0.9229,-0.0365,0,0,,,-0.1034,0.0102,,,,,,,,,,,,,,,,,betfair
spelad,ED,2025/26,2026-02-08,13:30,Go Ahead Eagles,Telstar,1,1,D,23,12,11,2,3.123,1.0306,skott,,13,2,6,14,1,0,0,0,0.4933,0.2513,0.2554,0.512,0.247,0.241,0,1.95,3.9,3.8,1.92,4,4.1,0.5785,0.5901,0.0313,-0.2482,-0.0463,-1,,,,,0,0,,,0.0518,-0.0012,,,,,,,,,,,,,,,,,betfair
spelad,ED,2025/26,2026-02-08,15:45,Groningen,PSV Eindhoven,1,2,A,8,15,4,5,1.1141,1.6886,skott,,6,11,8,9,1,1,0,0,0.2401,0.2335,0.5264,0.2069,0.2159,0.5773,0,4.2,4.33,1.8,4.9,4.5,1.68,0.6263,0.6444,-1.0469,1.152,-0.7678,1,14,-2.3571,-0.2407,-0.1045,0,0,,,-0.1174,0.0085,,,,,,,,,,,,,,,,,betfair
spelad,ED,2025/26,2026-02-08,11:15,Utrecht,Feyenoord,0,1,A,6,10,5,4,1.1559,1.2325,skott,,2,7,12,14,3,4,1,0,0.3013,0.2602,0.4385,0.2691,0.2655,0.4653,0,3.2,3.75,2.15,3.55,3.6,2.1,0.5661,0.5161,-0.8377,0.736,-0.2903,0,16,-1.3125,-0.1769,-0.0351,0,0,,,-0.0911,0.0266,,,,,,,,,,,,,,,,,betfair
spelad,ED,2025/26,2026-02-11,17:45,Go Ahead Eagles,Heerenveen,1,3,A,13,19,6,10,1.7304,2.7261,skott,,8,4,8,14,1,0,0,0,0.363,0.2577,0.3793,0.3626,0.2581,0.3793,0,2.64,3.8,2.5,2.6,3.75,2.6,0.5885,0.5875,0.1127,-0.4315,0.1514,-1,9,-0.3333,-0.0256,-0.0405,0,0,,,-0.0007,0.0115,,,,,,,,,,,,,,,,,betfair
spelad,ED,2025/26,2026-02-11,20:00,Nijmegen,Utrecht,1,3,A,24,11,7,5,2.5416,1.4518,skott,,5,0,6,16,3,2,0,0,0.5443,0.2394,0.2162,0.5609,0.2482,0.1909,0,1.73,4.1,4.75,1.71,4.1,5,0.5838,0.5763,1.8065,-1.4262,1.5944,1,9,-1,-0.2345,-0.0422,0,0,,,0.0584,-0.0201,,,,,,,,,,,,,,,,,betfair
spelad,ED,2025/26,2026-02-13,19:00,Volendam,PSV Eindhoven,2,1,H,12,19,4,5,1.3509,1.9254,skott,,4,8,9,12,1,1,0,0,0.0929,0.147,0.7601,0.086,0.1413,0.7727,0,11.5,6.5,1.28,10.5,6.75,1.29,0.7162,0.7011,-0.7227,0.2786,-0.4955,1,5,-3,-0.2439,-0.0849,0,0,,,-0.0265,0.0523,,,,,,,,,,,,,,,,,betfair
spelad,ED,2025/26,2026-02-14,19:00,Ajax,For Sittard,4,1,H,20,8,8,1,2.465,0.6337,skott,,4,0,11,10,0,0,0,0,0.6911,0.1844,0.1246,0.7463,0.1642,0.0896,0,1.39,5.33,8,1.32,6.5,10.5,0.6203,0.6667,0.482,-0.2129,0.3313,-1,14,2.5714,0.2706,0.0051,0,0,,,0.1454,-0.0402,,,,,,,,,,,,,,,,,betfair
spelad,ED,2025/26,2026-02-14,17:45,Excelsior,AZ Alkmaar,1,2,A,11,16,2,7,0.9714,2.0681,skott,,7,5,7,6,1,2,0,0,0.2751,0.2514,0.4735,0.3184,0.2704,0.4112,0,3.6,3.9,2,3.1,3.65,2.3,0.5774,0.5335,0.6142,-0.7473,1.2321,2,8,-0.75,0.4963,0.0841,0,0,,,0.1487,-0.0168,,,,,,,,,,,,,,,,,betfair
spelad,ED,2025/26,2026-02-14,20:00,Groningen,Utrecht,1,2,A,11,15,2,7,0.9714,2.0089,skott,,2,8,12,6,0,1,0,0,0.4639,0.2792,0.2569,0.4993,0.2799,0.2208,0,2.05,3.5,3.8,1.96,3.5,4.2,0.4758,0.4665,0.3451,-0.0949,0.2698,3,13,-0.6923,-0.0941,0.2044,0,0,,,0.1068,-0.0272,,,,,,,,,,,,,,,,,betfair
spelad,ED,2025/26,2026-02-14,15:30,Heracles,NAC Breda,0,1,A,14,13,3,5,1.3091,1.5702,skott,,4,3,12,12,0,1,0,0,0.3572,0.2758,0.367,0.3361,0.2842,0.3797,0,2.7,3.5,2.7,2.9,3.4,2.55,0.5161,0.4892,0.3529,0.1834,0.4018,-1,5,0,0.0635,-0.061,0,0,,,-0.0549,-0.0062,,,,,,,,,,,,,,,,,betfair
spelad,ED,2025/26,2026-02-15,11:15,Feyenoord,Go Ahead Eagles,1,0,H,33,4,8,0,3.2345,0.2368,skott,,19,2,13,13,1,3,0,1,0.6787,0.1863,0.135,0.71,0.1744,0.1156,0,1.4,5.25,7.7,1.4,5.25,8,0.6486,0.6444,0.5293,-0.5794,-0.0123,3,9,2.3333,0.4125,-0.1769,0,0,,,0.082,-0.0704,,,,,,,,,,,,,,,,,betfair
spelad,ED,2025/26,2026-02-15,13:30,Heerenveen,Zwolle,4,2,H,11,12,5,6,1.4518,1.6712,skott,,2,5,8,6,1,0,0,0,0.6129,0.2146,0.1725,0.5692,0.2316,0.1992,0,1.57,4.6,6,1.68,4.33,5,0.6173,0.6316,-0.3253,0.5405,-0.2574,-4,12,0,-0.3044,0.078,0,0,,,-0.1141,-0.0092,,,,,,,,,,,,,,,,,betfair
spelad,ED,2025/26,2026-02-15,13:30,Telstar,Twente,1,1,D,14,20,4,7,1.4693,2.3049,skott,,3,6,11,8,1,1,0,0,0.1873,0.2226,0.5902,0.1421,0.199,0.6589,0,5.5,4.3,1.62,6.25,4.6,1.52,0.5995,0.6128,0.3229,-0.6054,-0.071,-1,,,,,0,0,,,-0.1589,0.0626,,,,,,,,,,,,,,,,,betfair
spelad,ED,2025/26,2026-02-17,19:00,Sparta Rotterdam,Nijmegen,1,1,D,13,12,5,5,1.5702,1.511,skott,,6,5,18,12,3,4,0,0,0.3536,0.2607,0.3857,0.36,0.2568,0.3832,0,2.7,3.7,2.5,2.45,3.75,2.8,0.6021,0.601,0.562,-0.426,0.6551,4,9,0,-0.1125,0.2845,0,0,,,0.0153,0.1034,,,,,,,,,,,,,,,,,betfair
spelad,ED,2025/26,2026-02-20,19:00,For Sittard,Excelsior,2,1,H,16,10,6,4,1.9079,1.2325,skott,,5,3,7,15,1,1,0,0,0.4227,0.27,0.3073,0.421,0.2831,0.296,0,2.25,3.6,3.15,2.25,3.6,3.25,0.5308,0.5161,-0.0561,-0.1848,-0.2295,0,7,0.4286,0.0922,0.033,0,0,,,0.0079,0.0045,,,,,,,,,,,,,,,,,betfair
spelad,ED,2025/26,2026-02-21,20:00,Ajax,Nijmegen,1,1,D,9,18,4,9,1.1733,2.5068,skott,,6,7,7,16,1,1,0,0,0.5351,0.2273,0.2377,0.5262,0.2313,0.2426,0,1.8,4.33,4.1,1.84,4.2,4,0.6512,0.6444,-0.0696,0.1176,0.0419,3,9,1.3333,-0.124,0.1537,0,0,,,-0.0227,-0.0136,,,,,,,,,,,,,,,,,betfair
spelad,ED,2025/26,2026-02-21,19:00,NAC Breda,Volendam,1,0,H,17,8,3,1,1.4867,0.6337,skott,,6,3,13,13,1,3,0,0,0.606,0.2265,0.1675,0.5964,0.2357,0.1678,0,1.57,4.33,6,1.65,4.2,5.5,0.5532,0.557,-0.7778,0.8303,-0.9515,-1,,,,,0,0,,,-0.0193,-0.0428,,,,,,,,,,,,,,,,,betfair
spelad,ED,2025/26,2026-02-21,17:45,PSV Eindhoven,Heerenveen,3,1,H,29,14,7,4,2.8376,1.4693,skott,,9,3,12,5,2,1,0,0,0.6891,0.1749,0.136,0.7755,0.1418,0.0827,0,1.4,5.66,7.5,1.29,6.5,9.5,0.7127,0.7407,0.2024,-0.0407,-0.089,2,14,1.5,-0.2663,0.1979,0,0,,,0.226,-0.0878,,,,,,,,,,,,,,,,,betfair
spelad,ED,2025/26,2026-02-22,15:45,AZ Alkmaar,Sparta Rotterdam,3,1,H,11,12,5,4,1.4518,1.3509,skott,,2,7,9,12,2,2,0,0,0.4754,0.2553,0.2693,0.4652,0.262,0.2728,0,2.05,3.8,3.7,2.05,3.8,3.75,0.5875,0.5864,-0.9605,1.0803,-1.3537,3,14,1.0714,-0.0538,-0.0152,0,0,,,-0.0238,0.0142,,,,,,,,,,,,,,,,,betfair
spelad,ED,2025/26,2026-02-22,19:00,Feyenoord,Telstar,2,1,H,19,8,10,6,2.7261,1.4344,skott,,5,1,7,16,1,1,0,0,0.7549,0.1553,0.0899,0.8113,0.1269,0.0619,0,1.28,6.5,11.5,1.23,7.25,13,0.6675,0.6927,0.1041,0.5351,-0.2701,0,,,,,0,0,,,0.1408,-0.0779,,,,,,,,,,,,,,,,,betfair
spelad,ED,2025/26,2026-02-22,13:30,Go Ahead Eagles,Heracles,4,0,H,12,9,6,2,1.6712,0.853,skott,,4,5,7,13,1,3,0,0,0.5474,0.2394,0.2132,0.487,0.2615,0.2515,0,1.75,4,4.7,1.98,3.9,4,0.5737,0.5661,-0.0776,-0.5174,-0.1092,-1,7,0,-0.0296,-0.1167,0,0,,,-0.159,0.0052,,,,,,,,,,,,,,,,,betfair
spelad,ED,2025/26,2026-02-22,11:15,Twente,Groningen,2,1,H,6,11,4,3,0.9957,1.1316,skott,,4,4,8,6,0,2,0,0,0.6103,0.2245,0.1653,0.6462,0.2031,0.1508,0,1.57,4.4,6,1.52,4.6,6.4,0.5623,0.6158,0.0672,0.144,0.355,-1,12,1.25,0.149,0.3279,0,0,,,0.0862,-0.0453,,,,,,,,,,,,,,,,,betfair
spelad,ED,2025/26,2026-02-22,13:30,Utrecht,Zwolle,1,1,D,24,9,3,4,1.9011,1.1733,skott,,6,4,11,17,1,0,0,1,0.5771,0.2355,0.1874,0.5981,0.2364,0.1655,0,1.65,4.2,5.3,1.62,4.2,5.5,0.5401,0.5597,-0.5248,0.6944,-0.3532,1,13,0.9231,-0.0218,0.1443,0,0,,,0.0639,-0.0418,,,,,,,,,,,,,,,,,betfair
spelad,ED,2025/26,2026-02-27,19:00,Telstar,NAC Breda,3,0,H,14,11,7,1,1.9497,0.8113,skott,,10,4,11,13,1,4,0,0,0.368,0.2683,0.3637,0.3616,0.2661,0.3723,0,2.6,3.75,2.6,2.6,3.8,2.6,0.5349,0.5623,-0.0606,-0.2813,0.0704,-1,,,,,0,0,,,-0.0216,0.0143,,,,,,,,,,,,,,,,,betfair
spelad,ED,2025/26,2026-02-28,15:30,Heerenveen,Sparta Rotterdam,2,1,H,16,13,4,3,1.5877,1.2499,skott,,5,6,11,5,3,2,0,0,0.4595,0.255,0.2856,0.4833,0.2465,0.2701,0,2.06,3.8,3.4,2.05,3.9,3.5,0.5901,0.6113,-0.6363,0.4986,-0.8388,1,12,-0.25,-0.1137,-0.0125,0,0,,,0.0632,-0.0225,,,,,,,,,,,,,,,,,betfair
spelad,ED,2025/26,2026-02-28,17:45,Heracles,PSV Eindhoven,1,3,A,15,24,3,15,1.3683,3.8228,skott,,3,5,15,14,2,1,0,0,0.1066,0.1555,0.7379,0.099,0.1455,0.7555,0,9.6,6.5,1.32,10,6.5,1.31,0.7155,0.722,-0.7706,1.3674,-0.7218,-1,12,-2.75,-0.3266,-0.0514,0,0,,,-0.0329,0.044,,,,,,,,,,,,,,,,,betfair
spelad,ED,2025/26,2026-02-28,20:00,Nijmegen,For Sittard,2,3,A,15,13,4,9,1.5285,2.2108,skott,,10,5,10,13,1,2,0,0,0.6585,0.191,0.1505,0.6867,0.1831,0.1301,0,1.46,5.33,6.5,1.43,5.25,7,0.6667,0.673,-0.237,0.4197,-0.1491,-1,9,0.6667,0.1224,0.0762,0,0,,,0.0769,-0.0455,,,,,,,,,,,,,,,,,betfair
spelad,ED,2025/26,2026-03-01,19:00,Excelsior,Go Ahead Eagles,0,1,A,19,7,7,1,2.2457,0.5745,skott,,6,3,11,6,1,1,0,0,0.3878,0.2713,0.3409,0.4066,0.2681,0.3253,0,2.48,3.6,2.8,2.4,3.6,2.9,0.5532,0.5547,0.2202,0.1929,0.3378,2,5,-1.2,-0.1635,-0.0337,0,0,,,0.0533,-0.022,,,,,,,,,,,,,,,,,betfair
spelad,ED,2025/26,2026-03-01,13:30,Twente,Feyenoord,2,0,H,19,8,8,2,2.4058,0.7938,skott,,4,2,13,8,0,0,0,0,0.4148,0.2603,0.3249,0.4686,0.2515,0.2799,0,2.3,3.8,3,2.1,3.9,3.2,0.5901,0.5995,-0.484,0.0607,-0.0923,0,13,-0.6923,0.0019,0.2256,0,0,,,0.1526,-0.0416,,,,,,,,,,,,,,,,,betfair
spelad,ED,2025/26,2026-03-01,15:45,Utrecht,AZ Alkmaar,2,0,H,11,10,3,6,1.1316,1.5528,skott,,5,4,13,13,1,3,0,0,0.4217,0.2686,0.3097,0.4264,0.2826,0.291,0,2.3,3.6,3.1,2.3,3.5,3.13,0.5532,0.504,-0.6751,0.129,-0.152,0,14,-0.4286,0.0228,0.186,0,0,,,0.028,-0.033,,,,,,,,,,,,,,,,,betfair
spelad,ED,2025/26,2026-03-01,13:30,Volendam,Groningen,3,2,H,12,28,4,9,1.3509,3.0987,skott,,2,10,8,13,2,2,0,0,0.2575,0.2582,0.4842,0.2515,0.2615,0.487,0,3.75,3.7,1.95,3.75,3.75,2,0.5597,0.5547,1.1076,-1.2423,1.3103,1,3,0,0.4165,0.1094,0,0,,,-0.0148,0.0132,,,,,,,,,,,,,,,,,betfair
spelad,ED,2025/26,2026-03-01,11:15,Zwolle,Ajax,0,0,D,9,6,2,2,0.853,0.6754,skott,,12,3,12,8,3,2,0,0,0.2346,0.2363,0.5291,0.2485,0.2366,0.5149,0,4.2,4.2,1.8,3.95,4.1,1.96,0.6212,0.6247,-0.2413,-0.2815,0.0803,-1,12,-2.75,-0.3118,-0.0521,0,0,,,0.042,0.018,,,,,,,,,,,,,,,,,betfair
spelad,ED,2025/26,2026-03-06,19:00,Heracles,Utrecht,0,0,D,10,16,3,3,1.0724,1.4275,skott,,4,12,13,17,1,1,0,0,0.3041,0.2704,0.4255,0.287,0.275,0.438,0,3.1,3.6,2.22,3.3,3.5,2.18,0.5161,0.5067,-0.2245,0.7663,-0.497,1,13,-1.6154,-0.3418,-0.0865,0,0,,,-0.0469,0.0153,,,,,,,,,,,,,,,,,betfair
spelad,ED,2025/26,2026-03-07,20:00,Excelsior,Heerenveen,1,2,A,21,10,5,5,2.0438,1.3926,skott,,6,8,4,7,1,1,0,0,0.337,0.2569,0.4061,0.3207,0.2616,0.4177,0,2.85,3.75,2.35,3,3.75,2.3,0.5774,0.5737,-0.4095,-0.2688,-0.1452,-1,7,-0.4286,0.207,0.0524,0,0,,,-0.0441,0.0204,,,,,,,,,,,,,,,,,betfair
spelad,ED,2025/26,2026-03-07,15:30,Groningen,Ajax,3,1,H,13,13,6,5,1.7304,1.5702,skott,,6,8,5,7,1,1,0,0,0.345,0.2602,0.3947,0.3279,0.2588,0.4133,0,2.8,3.66,2.45,2.9,3.75,2.35,0.5789,0.5822,-1.0718,0.9585,-0.7643,0,14,-1.9286,0.0415,-0.0816,0,0,,,-0.0529,0.0085,,,,,,,,,,,,,,,,,betfair
spelad,ED,2025/26,2026-03-07,19:00,PSV Eindhoven,AZ Alkmaar,2,1,H,19,13,8,5,2.4058,1.5702,skott,,5,6,7,4,2,1,0,0,0.7097,0.1666,0.1236,0.6913,0.1778,0.131,0,1.35,5.75,8,1.43,5.25,7,0.7162,0.7005,0.4101,-0.6916,0.4136,1,15,0.4,-0.0908,-0.1691,0,0,,,-0.0443,-0.0444,,,,,,,,,,,,,,,,,betfair
spelad,ED,2025/26,2026-03-08,13:30,For Sittard,Telstar,1,4,A,21,15,4,10,1.8836,2.4893,skott,,3,5,8,18,1,1,0,0,0.4488,0.2581,0.2931,0.4102,0.2545,0.3353,0,2.1,3.75,3.3,2.35,3.7,2.9,0.5673,0.5748,0.6495,-0.1033,0.6913,-1,,,,,0,0,,,-0.1196,0.0019,,,,,,,,,,,,,,,,,betfair
spelad,ED,2025/26,2026-03-08,13:30,Go Ahead Eagles,Twente,1,4,A,15,11,7,5,2.0089,1.4518,skott,,6,5,8,8,1,0,0,0,0.2256,0.2353,0.5391,0.2053,0.2347,0.56,0,4.4,4.2,1.75,4.8,4.33,1.7,0.6041,0.6402,0.0127,-0.4976,-0.0338,0,9,-1.3333,-0.2292,0.0933,0,0,,,-0.0615,0.0047,,,,,,,,,,,,,,,,,betfair
spelad,ED,2025/26,2026-03-08,15:45,NAC Breda,Feyenoord,3,3,D,12,14,4,5,1.3509,1.6294,skott,,4,9,12,8,1,4,1,0,0.2335,0.2491,0.5175,0.2303,0.2539,0.5158,0,4.2,3.9,1.85,4.1,3.75,1.9,0.5661,0.5699,-0.1877,-0.2317,0.0241,2,5,-2.4,-0.2694,0.0485,0,0,,,-0.0046,0.0328,,,,,,,,,,,,,,,,,betfair
spelad,ED,2025/26,2026-03-08,19:00,Nijmegen,Volendam,3,0,H,27,7,11,3,3.3598,0.8948,skott,,12,1,10,7,1,0,0,0,0.7057,0.1719,0.1224,0.7508,0.1548,0.0944,0,1.36,5.75,8,1.31,6,9.5,0.6897,0.6738,-0.6734,1.0102,-0.8414,1,5,2.4,0.6485,-0.0178,0,0,,,0.1181,-0.0445,,,,,,,,,,,,,,,,,betfair
spelad,ED,2025/26,2026-03-08,11:15,Sparta Rotterdam,Zwolle,1,1,D,20,15,7,6,2.3049,1.8488,skott,,6,3,7,10,3,1,0,0,0.5598,0.23,0.2102,0.5473,0.2264,0.2264,0,1.68,4.2,4.6,1.78,4.2,4.2,0.6067,0.6462,0.4742,0.012,0.3777,1,11,-0.5455,-0.3839,0.003,0,0,,,-0.0411,-0.0315,,,,,,,,,,,,,,,,,betfair
spelad,ED,2025/26,2026-03-13,19:00,Zwolle,Groningen,1,1,D,14,17,6,6,1.7896,1.9671,skott,,7,6,12,10,0,3,0,0,0.3522,0.2652,0.3826,0.3507,0.2692,0.3801,0,2.71,3.6,2.5,2.75,3.6,2.55,0.5774,0.5673,0.4116,-0.6337,0.6704,-1,11,0.8182,0.5357,0.096,0,0,,,-0.0007,-0.005,,,,,,,,,,,,,,,,,betfair
spelad,ED,2025/26,2026-03-14,20:00,Ajax,Sparta Rotterdam,4,0,H,22,8,10,1,2.9037,0.6337,skott,,5,3,8,17,0,2,0,0,0.5863,0.2199,0.1938,0.5655,0.2314,0.2031,0,1.62,4.5,5.1,1.73,4.33,4.6,0.6256,0.6148,-0.3423,0.3306,-0.7552,1,14,2.3571,0.2554,0.0497,0,0,,,-0.051,-0.0372,,,,,,,,,,,,,,,,,betfair
spelad,ED,2025/26,2026-03-14,19:00,Heerenveen,Telstar,3,0,H,12,20,9,6,2.1516,2.1447,skott,,5,4,12,9,4,1,0,0,0.5517,0.2279,0.2204,0.5798,0.219,0.2012,0,1.73,4.2,4.5,1.68,4.5,4.8,0.6316,0.6545,0.5466,0.322,0.1018,1,,,,,0,0,,,0.0755,-0.0252,,,,,,,,,,,,,,,,,betfair
spelad,ED,2025/26,2026-03-14,17:45,PSV Eindhoven,Nijmegen,2,3,A,12,17,6,6,1.6712,1.9671,skott,,7,7,8,12,0,3,0,0,0.654,0.185,0.161,0.6276,0.1932,0.1792,0,1.46,5.25,6,1.53,5.25,5.6,0.737,0.7439,0.333,0.0889,0.1887,1,9,2,0.0923,-0.0471,0,0,,,-0.071,-0.0036,,,,,,,,,,,,,,,,,betfair
spelad,ED,2025/26,2026-03-14,15:30,Volendam,For Sittard,1,2,A,16,13,5,4,1.7478,1.4101,skott,,4,4,11,13,1,2,0,0,0.4075,0.2559,0.3366,0.393,0.2627,0.3442,0,2.4,3.7,2.83,2.45,3.7,2.88,0.5864,0.5635,0.6119,-0.9756,0.6265,0,5,-1.8,-0.4169,-0.2388,0,0,,,-0.0365,0.013,,,,,,,,,,,,,,,,,betfair
spelad,ED,2025/26,2026-03-15,13:30,AZ Alkmaar,Heracles,4,0,H,14,6,7,2,1.9497,0.6754,skott,,7,3,10,19,0,4,0,0,0.6619,0.1986,0.1395,0.7157,0.1686,0.1157,0,1.44,5,7.5,1.39,5.6,8.5,0.6183,0.6706,0.2584,-0.4856,0.2504,-1,13,0.9231,-0.1925,-0.1255,0,0,,,0.1314,-0.0423,,,,,,,,,,,,,,,,,betfair
spelad,ED,2025/26,2026-03-15,13:30,Feyenoord,Excelsior,2,1,H,15,12,9,3,2.3292,1.1907,skott,,9,5,10,12,3,1,0,0,0.7243,0.1672,0.1085,0.7362,0.1603,0.1035,0,1.32,6,10,1.34,6.25,9,0.6627,0.6792,0.4951,0.5652,-0.0125,-1,8,2.25,0.1748,-0.14,0,0,,,0.0287,-0.0503,,,,,,,,,,,,,,,,,betfair
spelad,ED,2025/26,2026-03-15,15:45,Go Ahead Eagles,NAC Breda,6,0,H,11,20,6,3,1.612,1.6643,skott,,3,9,8,3,0,0,0,0,0.4254,0.2609,0.3137,0.45,0.2712,0.2788,0,2.25,3.7,3.1,2.18,3.55,3.4,0.5726,0.5296,0.0777,-0.6301,0.0823,0,3,0,-0.2909,0.088,0,0,,,0.084,-0.0294,,,,,,,,,,,,,,,,,betfair
spelad,ED,2025/26,2026-03-15,11:15,Twente,Utrecht,0,2,A,16,10,4,8,1.5877,1.8731,skott,,4,5,7,10,1,3,0,0,0.6057,0.2233,0.171,0.5801,0.2362,0.1837,0,1.57,4.33,5.75,1.68,4.2,5.1,0.5661,0.5774,0.4375,-0.5994,0.0507,-2,13,-0.4615,-0.1682,-0.0192,0,0,,,-0.0639,-0.0277,,,,,,,,,,,,,,,,,betfair
spelad,ED,2025/26,2026-03-20,19:00,Heracles,Excelsior,1,1,D,13,15,4,4,1.4101,1.5285,skott,,6,1,17,15,2,1,0,0,0.3631,0.286,0.3508,0.3569,0.2835,0.3595,0,2.7,3.4,2.7,2.7,3.5,2.7,0.5505,0.5608,0.3032,0.731,-0.0014,0,6,0.5,0.328,-0.0777,0,0,,,-0.0211,0.0021,,,,,,,,,,,,,,,,,betfair
spelad,ED,2025/26,2026-03-21,15:30,For Sittard,Twente,1,2,A,11,9,5,2,1.4518,0.853,skott,,7,6,6,15,2,0,0,0,0.1848,0.2193,0.5959,0.1596,0.2061,0.6343,0,5.25,4.4,1.6,6.2,4.8,1.51,0.6138,0.6377,0.283,0.466,0.7057,1,12,-1.25,-0.0032,-0.1451,0,0,,,-0.0888,0.0073,,,,,,,,,,,,,,,,,betfair
spelad,ED,2025/26,2026-03-21,17:45,Sparta Rotterdam,Volendam,2,0,H,16,8,9,3,2.3884,0.954,skott,,3,7,15,9,2,1,0,0,0.6247,0.2106,0.1647,0.6562,0.2022,0.1416,0,1.53,4.75,6.1,1.46,5,7,0.6212,0.6247,-0.4188,0.7007,-0.6056,0,5,1.8,0.6361,-0.2293,0,0,,,0.0863,-0.0046,,,,,,,,,,,,,,,,,betfair
spelad,ED,2025/26,2026-03-21,20:00,Zwolle,NAC Breda,2,1,H,8,20,2,6,0.7938,2.1447,skott,,2,5,20,14,2,1,0,0,0.4248,0.262,0.3132,0.4162,0.279,0.3048,0,2.25,3.7,3.2,2.3,3.6,3.2,0.5737,0.5401,-0.25,-1.0218,-0.0792,2,5,0,-0.2502,0.3365,0,0,,,-0.0087,-0.0042,,,,,,,,,,,,,,,,,betfair
spelad,ED,2025/26,2026-03-22,13:30,Feyenoord,Ajax,1,1,D,14,5,5,2,1.6294,0.6163,skott,,5,1,12,16,1,3,0,0,0.462,0.245,0.293,0.5036,0.2374,0.259,0,2.05,4,3.3,1.93,4.1,3.6,0.6281,0.6237,0.3246,0.7069,0.3456,-1,14,-1.0714,-0.1615,-0.1463,0,0,,,0.1171,-0.031,,,,,,,,,,,,,,,,,betfair
spelad,ED,2025/26,2026-03-22,15:45,Groningen,AZ Alkmaar,3,0,H,15,16,5,7,1.6886,2.0681,skott,,2,7,16,8,1,1,0,0,0.3732,0.2581,0.3687,0.3263,0.252,0.4217,0,2.6,3.7,2.6,2.9,3.9,2.25,0.5812,0.6158,-0.983,0.8921,-1.0142,2,12,-1.25,-0.0159,0.0185,0,0,,,-0.1467,0.0036,,,,,,,,,,,,,,,,,betfair
spelad,ED,2025/26,2026-03-22,11:15,Nijmegen,Heerenveen,2,2,D,22,11,10,5,2.9037,1.4518,skott,,6,2,6,11,0,0,0,0,0.5534,0.2203,0.2262,0.5745,0.2196,0.2059,0,1.72,4.33,4.5,1.68,4.5,4.75,0.6745,0.6875,-0.9253,0.8679,-0.433,0,9,0,-0.0027,0.0691,0,0,,,0.0625,-0.0057,,,,,,,,,,,,,,,,,betfair
spelad,ED,2025/26,2026-03-22,15:45,Telstar,PSV Eindhoven,3,1,H,13,18,8,8,2.0506,2.3466,skott,,1,12,5,4,1,1,0,1,0.1578,0.181,0.6612,0.1599,0.1836,0.6565,0,6.75,5.5,1.46,6,5.5,1.52,0.7115,0.7186,-0.2833,-0.2024,0.2688,0,,,,,0,0,,,0.009,0.0512,,,,,,,,,,,,,,,,,betfair
spelad,ED,2025/26,2026-03-22,13:30,Utrecht,Go Ahead Eagles,2,0,H,22,11,10,6,2.9037,1.612,skott,,2,5,9,7,2,1,0,0,0.5437,0.2506,0.2057,0.5773,0.2422,0.1805,0,1.75,3.9,5,1.68,4,5.5,0.5661,0.5774,0.3329,0.251,0.6378,0,9,0.3333,-0.3019,0.4075,0,0,,,0.0923,-0.0215,,,,,,,,,,,,,,,,,betfair
spelad,ED,2025/26,2026-04-04,20:00,Ajax,Twente,1,2,A,10,16,2,7,0.9122,2.0681,skott,,2,2,14,10,4,2,0,0,0.4093,0.2553,0.3354,0.4063,0.2542,0.3395,0,2.33,3.75,2.88,2.32,3.9,2.8,0.6077,0.6368,-0.4939,0.1354,-0.4877,-1,12,0.75,-0.23,0.0498,0,0,,,-0.0101,0.0121,,,,,,,,,,,,,,,,,betfair
spelad,ED,2025/26,2026-04-04,17:45,AZ Alkmaar,For Sittard,2,0,H,15,9,6,4,1.8488,1.1733,skott,,10,6,11,14,0,3,0,0,0.7084,0.1744,0.1172,0.7311,0.1702,0.0987,0,1.37,5.6,9,1.32,6.25,10,0.6683,0.6822,-0.2638,-0.0879,-0.4345,-1,14,1.9286,0.2309,-0.1205,0,0,,,0.0639,-0.0103,,,,,,,,,,,,,,,,,betfair
spelad,ED,2025/26,2026-04-04,20:00,Excelsior,Nijmegen,0,2,A,8,12,4,5,1.1141,1.511,skott,,2,5,8,9,0,0,0,0,0.2739,0.2399,0.4862,0.2483,0.2423,0.5094,0,3.55,4,1.96,3.8,4,1.95,0.6272,0.6158,-0.3809,-0.0272,-0.244,2,5,-1.2,-0.1722,-0.0353,0,0,,,-0.0744,0.0321,,,,,,,,,,,,,,,,,betfair
spelad,ED,2025/26,2026-04-04,15:30,PSV Eindhoven,Utrecht,4,3,H,19,12,8,7,2.4058,1.8313,skott,,8,3,6,10,0,1,0,0,0.6263,0.2116,0.1621,0.6799,0.1886,0.1315,0,1.52,4.75,6.4,1.47,5.25,6.4,0.6569,0.706,-0.5759,0.9817,-1.119,0,14,1.5,0.0156,0.1485,0,0,,,0.1377,-0.0835,,,,,,,,,,,,,,,,,betfair
spelad,ED,2025/26,2026-04-04,17:45,Telstar,Groningen,0,2,A,14,24,3,11,1.3091,3.1822,skott,,5,12,12,10,1,2,0,0,0.3596,0.2587,0.3817,0.357,0.2612,0.3818,0,2.75,3.7,2.55,2.65,3.75,2.55,0.6031,0.6041,0.6016,-0.5934,0.8655,0,,,,,0,0,,,-0.0052,0.0012,,,,,,,,,,,,,,,,,betfair
spelad,ED,2025/26,2026-04-05,11:15,Go Ahead Eagles,Zwolle,5,0,H,15,16,12,1,2.8096,1.1072,skott,,5,8,9,16,0,1,0,0,0.4803,0.2479,0.2718,0.5162,0.2478,0.236,0,2,3.9,3.6,1.85,4.1,4,0.6087,0.6237,-0.0116,-0.3706,-0.0049,-1,7,1.2857,0.3819,0.3088,0,0,,,0.1077,-0.0096,,,,,,,,,,,,,,,,,betfair
spelad,ED,2025/26,2026-04-05,13:30,Heerenveen,Heracles,4,1,H,24,7,14,4,3.6626,1.0549,skott,,8,1,12,10,0,1,0,0,0.6351,0.2003,0.1647,0.6735,0.1881,0.1384,0,1.52,5,6.1,1.49,5.25,6.5,0.6586,0.6784,1.2444,-1.8472,1.0543,-2,13,0.2308,0.0477,-0.1043,0,0,,,0.1031,-0.0619,,,,,,,,,,,,,,,,,betfair
spelad,ED,2025/26,2026-04-05,15:45,NAC Breda,Sparta Rotterdam,0,0,D,12,6,4,3,1.3509,0.8356,skott,,11,3,12,19,1,3,0,0,0.3867,0.2746,0.3387,0.4316,0.272,0.2964,0,2.5,3.5,2.88,2.25,3.6,3.2,0.5228,0.5517,-0.2017,1.0421,-0.0877,0,4,-0.75,-0.0927,-0.0235,0,0,,,0.1323,-0.0153,,,,,,,,,,,,,,,,,betfair
spelad,ED,2025/26,2026-04-05,13:30,Volendam,Feyenoord,0,0,D,13,17,4,4,1.4101,1.6469,skott,,5,5,10,5,3,0,0,0,0.1548,0.1968,0.6484,0.1468,0.192,0.6612,0,6.6,5,1.5,6.5,4.8,1.47,0.6545,0.63,0.1485,-0.8714,0.4869,1,5,-2.4,-0.067,0.1075,0,0,,,-0.0287,0.0398,,,,,,,,,,,,,,,,,betfair
spelad,ED,2025/26,2026-04-10,19:00,Twente,Volendam,2,1,H,23,8,9,4,2.8027,1.1141,skott,,7,1,8,6,1,1,0,0,0.7838,0.1352,0.081,0.8105,0.1236,0.0659,0,1.23,7.5,14,1.23,7.5,14,0.7208,0.7232,0.3812,-0.3744,-0.0356,1,5,1.2,-0.2827,0.0285,0,0,,,0.0684,-0.0638,,,,,,,,,,,,,,,,,betfair
spelad,ED,2025/26,2026-04-11,19:00,Groningen,Go Ahead Eagles,0,0,D,24,10,5,2,2.2214,0.9122,skott,,8,5,5,5,0,0,0,0,0.5096,0.239,0.2514,0.5592,0.2302,0.2106,0,1.87,4,3.85,1.8,4.2,4.4,0.6203,0.6291,-0.5657,1.3793,-0.2995,1,7,0.4286,0.2603,0.0251,0,0,,,0.14,-0.0518,,,,,,,,,,,,,,,,,betfair
spelad,ED,2025/26,2026-04-11,20:00,Heracles,Ajax,0,3,A,15,18,3,6,1.3683,2.0263,skott,,7,5,10,4,2,0,0,1,0.1816,0.2169,0.6015,0.1772,0.2067,0.6162,0,5.75,4.5,1.59,5.75,4.75,1.55,0.6281,0.6462,-0.5037,1.584,-0.214,-1,13,-1.6154,0.2059,0.0143,0,0,,,-0.0236,0.0029,,,,,,,,,,,,,,,,,betfair
spelad,ED,2025/26,2026-04-11,17:45,Sparta Rotterdam,PSV Eindhoven,0,2,A,9,18,4,5,1.1733,1.8662,skott,,2,5,6,12,1,6,0,0,0.2473,0.2229,0.5298,0.2757,0.2205,0.5038,0,4,4.33,1.82,3.6,4.33,1.91,0.6792,0.7155,-0.533,0.12,-0.1263,-1,12,-2.5,-0.3762,-0.0063,0,0,,,0.0829,0.0121,,,,,,,,,,,,,,,,,betfair
spelad,ED,2025/26,2026-04-11,15:30,Utrecht,Telstar,4,1,H,18,13,9,7,2.5068,1.8905,skott,,7,5,9,5,2,1,0,0,0.5884,0.2372,0.1744,0.609,0.2256,0.1654,0,1.63,4.2,6.33,1.62,4.5,5.8,0.5864,0.6237,0.3612,0.0329,0.381,0,,,,,0,0,,,0.0501,-0.0394,,,,,,,,,,,,,,,,,betfair
spelad,ED,2025/26,2026-04-12,15:45,AZ Alkmaar,Heerenveen,3,0,H,23,7,10,1,2.9629,0.5745,skott,,6,6,5,10,1,1,0,0,0.5617,0.2166,0.2217,0.5692,0.2201,0.2107,0,1.7,4.4,4.33,1.73,4.4,4.75,0.6875,0.6586,-1.0666,1.3268,-0.8226,1,15,1,0.011,-0.0918,0,0,,,0.026,-0.0296,,,,,,,,,,,,,,,,,betfair
spelad,ED,2025/26,2026-04-12,11:15,For Sittard,NAC Breda,1,1,D,10,14,2,7,0.9122,1.9497,skott,,5,8,11,12,2,1,0,0,0.3682,0.2666,0.3653,0.3344,0.2789,0.3867,0,2.63,3.6,2.7,2.8,3.6,2.55,0.5608,0.5174,0.5577,-1.0101,0.7158,1,5,0.6,0.3369,-0.2752,0,0,,,-0.0889,0.0109,,,,,,,,,,,,,,,,,betfair
spelad,ED,2025/26,2026-04-12,13:30,Nijmegen,Feyenoord,1,1,D,15,13,4,5,1.5285,1.5702,skott,,4,1,17,14,3,4,0,0,0.4305,0.2421,0.3274,0.4749,0.2469,0.2782,0,2.25,4.1,3.1,2.25,4.1,3.5,0.6776,0.6368,-0.4251,-0.0162,-0.0849,1,9,-1,0.2106,0.2621,0,0,,,0.1379,-0.0325,,,,,,,,,,,,,,,,,betfair
spelad,ED,2025/26,2026-04-12,13:30,Zwolle,Excelsior,2,2,D,15,16,5,3,1.6886,1.4275,skott,,5,2,10,13,0,1,0,0,0.4401,0.2544,0.3055,0.4194,0.2712,0.3093,0,2.2,4,3.25,2.3,3.7,3.1,0.5849,0.5608,0.6059,-0.1669,0.3224,-1,6,1.5,0.6275,-0.0889,0,0,,,-0.0452,0.0152,,,,,,,,,,,,,,,,,betfair
spelad,ED,2025/26,2026-04-22,19:00,Telstar,Sparta Rotterdam,4,1,H,11,10,4,2,1.2917,0.9122,skott,,6,5,14,9,2,0,0,0,0.3857,0.2568,0.3575,0.4556,0.2525,0.2919,0,2.5,3.75,2.71,2.5,3.8,3.4,0.6041,0.6031,0.5325,-0.901,0.9342,0,,,,,0,0,,,0.2055,,,,,,,,,,,,,,,,,,snitt
spelad,ED,2025/26,2026-04-23,17:45,Go Ahead Eagles,AZ Alkmaar,0,0,D,15,23,4,4,1.5285,2.002,skott,,5,10,9,13,2,1,0,0,0.3172,0.2485,0.4343,0.4361,0.2458,0.3181,0,3.05,3.8,2.25,2.2,4,3,0.6325,0.6578,0.4042,-1.7182,0.2013,1,9,-2.3333,-0.4872,0.0054,0,0,,,0.354,,,,,,,,,,,,,,,,,,snitt
spelad,ED,2025/26,2026-04-23,20:00,PSV Eindhoven,Zwolle,6,1,H,17,6,11,4,2.7678,0.9957,skott,,4,4,10,4,1,1,0,0,0.7821,0.1313,0.0866,0.7392,0.1467,0.1141,0,1.23,7.5,12.5,1.33,7,10.5,0.7686,0.7673,0.1704,0.0321,-0.2496,1,13,2.5385,0.3284,-0.1386,0,0,,,-0.1133,,,,,,,,,,,,,,,,,,snitt
spelad,ED,2025/26,2026-04-25,15:30,Feyenoord,Groningen,3,1,H,10,10,4,2,1.2325,0.9122,skott,,3,3,10,15,0,2,0,0,0.5798,0.2198,0.2004,0.5628,0.2238,0.2135,0,1.63,4.5,5,1.7,4.33,4.6,0.6272,0.6138,0.1374,0.5499,-0.2223,-1,12,1.25,-0.1562,0.2039,0,0,,,-0.0472,,,,,,,,,,,,,,,,,,snitt
spelad,ED,2025/26,2026-04-25,17:45,Heerenveen,For Sittard,2,1,H,15,16,5,7,1.6886,2.0681,skott,,7,0,10,6,2,1,0,1,0.6181,0.2056,0.1763,0.6499,0.1885,0.1616,0,1.55,4.8,5.8,1.48,5.25,6.5,0.6486,0.6934,0.782,-1.4495,0.2962,0,15,0,-0.2272,-0.0578,0,0,,,0.0781,,,,,,,,,,,,,,,,,,snitt
spelad,ED,2025/26,2026-04-25,19:00,NAC Breda,Ajax,0,2,A,21,8,3,6,1.7235,1.4344,skott,,11,2,6,11,0,2,0,0,0.2792,0.2526,0.4682,0.2774,0.2532,0.4694,0,3.5,3.9,2.08,3.55,3.9,2.1,0.5661,0.5789,-0.5692,2.0918,-0.015,-1,5,-1.8,0.2163,-0.1347,0,0,,,-0.0048,,,,,,,,,,,,,,,,,,snitt
spelad,ED,2025/26,2026-04-25,20:00,Twente,Nijmegen,1,1,D,13,20,8,6,2.0506,2.1447,skott,,3,9,6,16,1,2,0,0,0.4928,0.2363,0.2709,0.5765,0.2199,0.2035,0,2,4,3.65,1.65,4.4,4.8,0.6561,0.6495,0.841,-0.4306,0.4162,2,9,1,0.0647,-0.0174,0,0,,,0.2348,,,,,,,,,,,,,,,,,,snitt
spelad,ED,2025/26,2026-04-26,11:15,Excelsior,Utrecht,5,0,H,18,10,9,3,2.5068,1.0724,skott,,3,2,12,8,0,3,0,1,0.303,0.2643,0.4327,0.2946,0.2636,0.4418,0,3.2,3.7,2.22,3.25,3.7,2.2,0.5401,0.5532,-1.538,1.4443,-1.5758,-1,7,-1.2857,-0.1563,0.3632,0,0,,,-0.0261,,,,,,,,,,,,,,,,,,snitt
spelad,ED,2025/26,2026-04-26,13:30,Heracles,Volendam,0,2,A,14,18,4,8,1.4693,2.3466,skott,,5,9,17,11,1,0,0,0,0.437,0.2531,0.3099,0.4374,0.2531,0.3095,0,2.16,4,3.1,2.25,4,3.1,0.5838,0.5822,-0.6389,1.3894,-0.8104,-1,3,-1,-0.8716,0.4206,0,0,,,0.0011,,,,,,,,,,,,,,,,,,snitt
spelad,ED,2025/26,2026-05-02,19:00,Ajax,PSV Eindhoven,2,2,D,13,7,4,2,1.4101,0.7346,skott,,6,4,7,14,1,2,0,0,0.38,0.2353,0.3847,0.3946,0.2328,0.3725,0,2.5,4.2,2.5,2.45,4.3,2.62,0.7082,0.6984,-0.0982,-0.6124,-0.192,-2,15,0.4,0.061,0.1114,0,0,,,0.0415,,,,,,,,,,,,,,,,,,snitt
spelad,ED,2025/26,2026-05-02,17:45,Groningen,Excelsior,2,3,A,12,18,5,9,1.511,2.5068,skott,,5,8,5,10,0,0,0,0,0.5623,0.2274,0.2104,0.553,0.2364,0.2107,0,1.7,4.2,4.7,1.73,4.1,4.75,0.6247,0.5948,0.5404,-0.0874,0.5762,1,5,1.8,0.7372,-0.2568,0,0,,,-0.0189,,,,,,,,,,,,,,,,,,snitt
spelad,ED,2025/26,2026-05-02,20:00,Nijmegen,Telstar,1,1,D,21,10,7,4,2.3641,1.2325,skott,,9,0,10,11,3,2,0,0,0.6326,0.1974,0.17,0.6152,0.2037,0.1811,0,1.53,5,6,1.55,4.8,5.5,0.6868,0.6837,-0.3169,0.5342,-0.4341,-3,,,,,0,0,,,-0.0458,,,,,,,,,,,,,,,,,,snitt
spelad,ED,2025/26,2026-05-02,15:30,Utrecht,NAC Breda,2,0,H,28,9,11,1,3.419,0.6929,skott,,8,4,12,13,0,2,0,1,0.5273,0.2397,0.233,0.5522,0.2379,0.2099,0,1.8,4,4.2,1.73,4.1,4.6,0.5801,0.5748,1.1564,-1.9794,0.8222,-1,5,2.4,0.7709,-0.052,0,0,,,0.073,,,,,,,,,,,,,,,,,,snitt
spelad,ED,2025/26,2026-05-03,15:45,AZ Alkmaar,Twente,2,2,D,18,9,4,2,1.7061,0.853,skott,,4,3,9,14,0,0,0,0,0.358,0.244,0.398,0.4115,0.2467,0.3419,0,2.7,4,2.4,2.6,4,2.84,0.6569,0.6528,-0.9311,0.5115,-0.3915,2,13,0,-0.155,-0.1786,0,0,,,0.163,,,,,,,,,,,,,,,,,,snitt
spelad,ED,2025/26,2026-05-03,13:30,For Sittard,Feyenoord,1,2,A,7,19,3,7,0.8948,2.2457,skott,,1,8,16,13,2,3,1,0,0.1667,0.2028,0.6305,0.1935,0.2197,0.5868,0,6.25,5,1.53,5,4.5,1.63,0.6291,0.6183,-0.1351,0.3714,0.4666,0,15,-1.6,0.125,0.0391,0,0,,,0.0974,,,,,,,,,,,,,,,,,,snitt
spelad,ED,2025/26,2026-05-03,15:45,Sparta Rotterdam,Go Ahead Eagles,2,2,D,24,16,3,5,1.9011,1.7478,skott,,6,8,11,10,1,5,0,1,0.4605,0.2502,0.2893,0.4591,0.2479,0.2931,0,2.05,3.9,3.4,2.1,4,3.3,0.6122,0.6334,-1.0503,2.5393,-1.1149,1,9,0,0.0599,-0.165,0,0,,,-0.0067,,,,,,,,,,,,,,,,,,snitt
spelad,ED,2025/26,2026-05-03,11:15,Volendam,Heerenveen,0,2,A,15,11,5,4,1.6886,1.2917,skott,,7,5,8,14,3,3,0,0,0.2927,0.241,0.4663,0.3043,0.2487,0.447,0,3.3,4,2.05,3.15,3.9,2.15,0.6444,0.6368,-0.8783,0.6345,-0.4752,-1,5,-1.2,0.0458,-0.0128,0,0,,,0.0426,,,,,,,,,,,,,,,,,,snitt
spelad,ED,2025/26,2026-05-03,13:30,Zwolle,Heracles,1,0,H,9,14,5,3,1.3334,1.3091,skott,,3,3,18,18,2,4,0,1,0.6429,0.1978,0.1593,0.6273,0.2027,0.17,0,1.49,5,6.1,1.55,4.75,5.8,0.6478,0.6402,0.5494,-0.6981,0.616,3,12,-0.5,-0.1233,-0.1027,0,0,,,-0.0419,,,,,,,,,,,,,,,,,,snitt
spelad,ED,2025/26,2026-05-10,15:45,Ajax,Utrecht,1,2,A,15,14,6,6,1.8488,1.7896,skott,,4,7,9,9,2,2,0,0,0.5737,0.2156,0.2107,0.5893,0.2263,0.1844,0,1.68,4.5,4.75,1.65,4.33,5.1,0.6897,0.6334,-0.3453,-0.3796,-0.5996,0,14,0.8571,-0.2583,-0.0489,0,0,,,0.0575,-0.0322,,,,,,,,,,,,,,,,,betfair
spelad,ED,2025/26,2026-05-10,15:45,Excelsior,Volendam,1,1,D,8,8,2,2,0.7938,0.7938,skott,,5,0,10,7,1,3,0,0,0.5313,0.2364,0.2323,0.5598,0.2522,0.188,0,1.77,4,4.2,1.71,4,5,0.6005,0.5785,-0.4507,0.2544,-0.1158,1,5,0.6,0.415,-0.2403,0,0,,,0.1012,-0.0283,,,,,,,,,,,,,,,,,betfair
spelad,ED,2025/26,2026-05-10,15:45,Feyenoord,AZ Alkmaar,1,1,D,10,13,5,3,1.3926,1.2499,skott,,7,3,10,9,1,0,0,0,0.5181,0.2313,0.2506,0.487,0.2515,0.2615,0,1.83,4.2,4,2,4,3.6,0.673,0.6228,0.4483,-0.2327,0.0466,0,14,0.8571,0.2611,-0.1047,0,0,,,-0.0729,-0.022,,,,,,,,,,,,,,,,,betfair
spelad,ED,2025/26,2026-05-10,15:45,For Sittard,Zwolle,3,2,H,12,8,4,3,1.3509,0.954,skott,,6,5,7,11,0,1,0,0,0.4511,0.2472,0.3017,0.447,0.2611,0.2919,0,2.1,3.95,3.2,2.24,3.8,3.1,0.6281,0.5995,-0.5404,0.0812,-0.0582,0,13,-0.6923,-0.1885,-0.1095,0,0,,,0.0016,-0.054,,,,,,,,,,,,,,,,,betfair
spelad,ED,2025/26,2026-05-10,15:45,Go Ahead Eagles,PSV Eindhoven,1,4,A,11,24,4,10,1.2917,3.0221,skott,,8,4,9,7,0,0,0,0,0.2137,0.203,0.5833,0.2821,0.2244,0.4936,0,4.5,4.8,1.65,3.35,4.45,2,0.7238,0.7444,0.0492,-0.9182,0.3411,-1,9,-2.3333,-0.1066,-0.1499,0,0,,,0.2264,0.0328,,,,,,,,,,,,,,,,,betfair
spelad,ED,2025/26,2026-05-10,15:45,Groningen,Nijmegen,2,1,H,11,12,7,3,1.7721,1.1907,skott,,5,6,16,12,2,1,0,0,0.3369,0.2419,0.4212,0.3368,0.264,0.3992,0,2.9,4,2.25,2.75,3.75,2.4,0.6635,0.5995,-0.1392,0.0576,-0.0041,0,7,-0.8571,-0.2652,-0.1456,0,0,,,0.0216,0.0191,,,,,,,,,,,,,,,,,betfair
spelad,ED,2025/26,2026-05-10,15:45,NAC Breda,Heerenveen,2,0,H,19,13,4,2,1.7652,1.0898,skott,,7,3,10,13,1,1,0,0,0.3785,0.246,0.3755,0.3761,0.2566,0.3672,0,2.55,4,2.55,2.6,3.9,2.63,0.6569,0.6263,-2.1615,2.9272,-1.5991,1,5,-1.2,-0.2952,-0.0552,0,0,,,0.0035,,,,,,,,,,,,,,,,,,snitt
spelad,ED,2025/26,2026-05-10,15:45,Telstar,Heracles,3,0,H,12,7,7,1,1.8313,0.5745,skott,,6,7,12,12,1,3,0,1,0.7024,0.172,0.1256,0.6751,0.1908,0.1341,0,1.36,5.75,8,1.48,5.33,6.75,0.6792,0.661,0.9257,-1.4288,1.1938,1,,,,,0,0,,,-0.0631,-0.048,,,,,,,,,,,,,,,,,betfair
spelad,ED,2025/26,2026-05-10,15:45,Twente,Sparta Rotterdam,4,0,H,26,9,13,1,3.6209,0.6929,skott,,9,2,7,8,0,2,0,0,0.6984,0.1779,0.1237,0.7078,0.177,0.1152,0,1.4,5.5,9,1.4,5.5,8,0.6776,0.6897,1.0829,-1.2225,0.8989,0,13,0.9231,0.1301,0.1326,0,0,,,0.0273,-0.0512,,,,,,,,,,,,,,,,,betfair
spelad,ED,2025/26,2026-05-17,13:30,AZ Alkmaar,NAC Breda,3,3,D,16,17,10,11,2.5485,2.7678,skott,,7,6,11,6,1,1,0,0,0.6918,0.1793,0.1289,0.7435,0.1583,0.0981,0,1.38,5.33,7.5,1.33,6,9.75,0.6889,0.7253,0.5123,-1.2313,0.3973,0,5,2.4,0.5641,-0.017,0,0,,,0.1343,-0.0543,,,,,,,,,,,,,,,,,betfair
spelad,ED,2025/26,2026-05-17,13:30,Heerenveen,Ajax,0,0,D,16,23,6,6,1.9079,2.3223,skott,,10,6,9,8,0,3,0,0,0.3163,0.2272,0.4565,0.2933,0.2319,0.4748,0,3.1,4.35,2.05,3.25,4.2,2.05,0.7095,0.6991,0.9219,-0.5466,0.698,0,15,-2.2,-0.1642,-0.0217,0,0,,,-0.0643,0.02,,,,,,,,,,,,,,,,,betfair
spelad,ED,2025/26,2026-05-17,13:30,Heracles,Groningen,1,2,A,11,16,2,5,0.9714,1.7478,skott,,9,5,8,5,1,1,0,0,0.2002,0.2093,0.5905,0.1802,0.2155,0.6043,0,5,4.7,1.62,5.5,4.33,1.61,0.6784,0.6122,-0.8259,1.4278,-0.9984,0,10,0.9,0.694,-0.1767,0,0,,,-0.0539,0.0323,,,,,,,,,,,,,,,,,betfair
spelad,ED,2025/26,2026-05-17,13:30,Nijmegen,Go Ahead Eagles,2,1,H,37,3,12,1,4.1119,0.3377,skott,,13,4,12,8,1,2,0,0,0.6894,0.1773,0.1333,0.7462,0.1459,0.1079,0,1.4,5.5,8,1.31,6.5,8.5,0.7168,0.7579,-0.0197,0.7454,0.1001,0,9,-0.3333,-0.2828,0.1736,0,0,,,0.139,-0.0672,,,,,,,,,,,,,,,,,betfair
spelad,ED,2025/26,2026-05-17,13:30,PSV Eindhoven,Twente,5,1,H,13,18,7,6,1.8905,2.0263,skott,,11,9,7,5,1,1,0,0,0.4538,0.228,0.3181,0.4316,0.2308,0.3376,0,2.1,4.2,3.05,2.2,4.33,2.8,0.7162,0.7515,-0.2794,0.0682,-0.1889,0,13,1.6154,0.1012,0.0948,0,0,,,-0.064,0.0037,,,,,,,,,,,,,,,,,betfair
spelad,ED,2025/26,2026-05-17,13:30,Sparta Rotterdam,Excelsior,2,3,A,17,16,5,4,1.807,1.5877,skott,,5,2,11,15,4,0,0,0,0.4582,0.2373,0.3045,0.4725,0.248,0.2795,0,2.05,4,3.2,2.05,3.9,3.5,0.6504,0.6122,-0.0035,0.8569,-0.5218,0,5,1.8,0.7144,-0.2605,0,0,,,0.0535,-0.0192,,,,,,,,,,,,,,,,,betfair
spelad,ED,2025/26,2026-05-17,13:30,Utrecht,For Sittard,2,0,H,18,13,5,2,1.8662,1.0898,skott,,2,5,8,8,0,1,0,0,0.6355,0.1991,0.1654,0.637,0.2028,0.1603,0,1.51,4.8,6.1,1.55,4.8,5.5,0.6769,0.6667,0.7276,-0.5202,0.755,0,14,0.4286,-0.425,0.2018,0,0,,,0.008,-0.0467,,,,,,,,,,,,,,,,,betfair
spelad,ED,2025/26,2026-05-17,13:30,Volendam,Telstar,1,2,A,17,7,8,2,2.2874,0.7346,skott,,7,0,13,18,2,2,0,0,0.3493,0.255,0.3956,0.3648,0.2756,0.3595,0,2.75,3.75,2.45,2.63,3.6,2.6,0.6203,0.5505,-0.8134,0.9336,-0.6547,0,,,,,0,0,,,0.067,-0.0094,,,,,,,,,,,,,,,,,betfair
spelad,ED,2025/26,2026-05-17,13:30,Zwolle,Feyenoord,0,2,A,7,22,1,8,0.5745,2.5834,skott,,2,12,11,11,0,0,0,0,0.2148,0.2158,0.5694,0.1603,0.2028,0.637,0,4.75,4.5,1.7,6.5,5,1.53,0.6837,0.6897,0.1217,0.3634,-0.0212,0,13,-2.5385,-0.2792,-0.1617,0,0,,,-0.1767,0.0347,,,,,,,,,,,,,,,,,betfair
spelad,ED,2026/27,2026-08-07,19:00,Cambuur,Excelsior,0,4,A,11,18,2,9,0.72,2.87,football-data,,5,8,6,11,0,0,0,0,0.3738,0.2682,0.358,0.3533,0.2693,0.3774,0,2.6,3.5,2.75,2.8,3.6,2.6,0.5517,0.5517,-0.6824,1.4745,-0.764,,,,,,1,0,,,-0.0604,0.0051,,,,,,,,,,,,,,,,,betfair
spelad,ED,2026/27,2026-08-08,20:00,AZ Alkmaar,Den Haag,2,0,H,12,10,4,0,2.67,0.95,football-data,,9,7,9,14,0,1,0,0,0.6455,0.2016,0.1529,0.6983,0.1836,0.118,0,1.48,5,7,1.4,5.5,8.5,0.6281,0.6578,-0.2529,-0.6263,-0.3651,,6,1.5,-0.0953,-0.0027,-1,0,,,0.1405,-0.0181,,,,,,,,,,,,,,,,,betfair
spelad,ED,2026/27,2026-08-08,17:45,Go Ahead Eagles,Willem II,4,1,H,20,13,10,1,2.43,1.51,football-data,,6,2,6,14,2,1,0,0,0.5681,0.2289,0.203,0.6347,0.2153,0.15,0,1.68,4.33,4.8,1.55,4.6,6,0.5995,0.6168,0.7567,-1.6646,0.6479,,4,1.5,0.6977,-0.2638,-1,0,,,0.1862,-0.0363,,,,,,,,,,,,,,,,,betfair
spelad,ED,2026/27,2026-08-08,15:30,Nijmegen,Telstar,1,2,A,27,8,4,3,2.15,1.66,football-data,,13,3,12,14,2,2,0,0,0.6378,0.1994,0.1628,0.6612,0.192,0.1468,0,1.5,5,6,1.49,5,6.25,0.6627,0.6982,-0.6048,1.0452,-0.4207,,,,,,0,0,,,0.0627,-0.0404,,,,,,,,,,,,,,,,,betfair
spelad,ED,2026/27,2026-08-08,19:00,PSV Eindhoven,For Sittard,2,2,D,21,8,6,6,2.3,1.01,football-data,,9,0,9,6,1,1,0,0,0.7917,0.1251,0.0832,0.849,0.1014,0.0497,0,1.21,8.5,13,1.2,9.5,15,0.7734,0.7874,0.649,-1.2798,0.1692,,15,2.6,0.2295,0.0032,0,0,,,0.148,-0.104,,,,,,,,,,,,,,,,,betfair
spelad,ED,2026/27,2026-08-09,13:30,Groningen,Utrecht,2,1,H,16,14,5,7,1.54,2.27,football-data,,5,1,12,17,0,2,0,0,0.4077,0.2695,0.3228,0.4316,0.272,0.2964,0,2.35,3.5,3,2.25,3.6,3.2,0.5308,0.5374,-0.4784,0.1743,-0.5304,,13,-0.9231,-0.2618,0.1207,0,0,,,0.0743,-0.0197,,,,,,,,,,,,,,,,,betfair
spelad,ED,2026/27,2026-08-09,15:45,Heerenveen,Twente,1,0,H,7,18,4,3,0.39,1.77,football-data,,4,8,7,7,2,1,0,0,0.3174,0.246,0.4366,0.2812,0.2435,0.4753,0,3,3.8,2.2,3.3,4,2.1,0.6402,0.6429,0.4548,-1.2711,0.3281,,14,-0.8571,-0.2034,0.1842,0,0,,,-0.1111,0.0558,,,,,,,,,,,,,,,,,betfair
spelad,ED,2026/27,2026-08-09,11:15,Sparta Rotterdam,Feyenoord,0,1,A,10,22,0,6,1.01,3.53,football-data,,5,10,11,8,3,1,0,0,0.2144,0.2298,0.5558,0.1774,0.2207,0.6019,0,4.5,4.2,1.73,5.25,4.4,1.62,0.6158,0.6212,-0.593,0.8461,-0.7586,,13,-1.6154,-0.0816,0.1142,0,0,,,-0.1201,0.0344,,,,,,,,,,,,,,,,,betfair
spelad,ED,2026/27,2026-08-09,13:30,Zwolle,Ajax,0,2,A,7,26,2,6,0.59,1.54,football-data,,2,10,12,10,2,2,1,0,0.1632,0.2019,0.6349,0.1344,0.2071,0.6585,0,6,4.8,1.51,6.5,5,1.48,0.6453,0.6462,0.0863,1.1572,-0.0661,,13,-2.5385,-0.2864,0.0107,0,0,,,-0.0813,0.0567,,,,,,,,,,,,,,,,,betfair
spelad,ED,2026/27,2026-08-14,19:00,Telstar,Sparta Rotterdam,1,3,A,7,16,1,9,1.42,3.08,football-data,,7,5,13,17,1,1,0,0,0.4394,0.2552,0.3054,0.4523,0.2551,0.2926,0,2.16,3.75,3.2,2.2,3.8,3.1,0.6061,0.6097,1.3361,-1.6368,1.4734,1,,,,,0,0,,,0.0385,-0.043,,,,,,,,,,,,,,,,,betfair
spelad,ED,2026/27,2026-08-15,19:00,Excelsior,PSV Eindhoven,1,2,A,5,20,2,8,0.51,2.24,football-data,,1,7,9,3,1,0,0,0,0.1942,0.2119,0.5939,0.1342,0.1806,0.6851,0,5.5,4.6,1.6,6.5,5.5,1.48,0.6968,0.7271,-0.1163,0.2846,0.4654,1,8,-3,-0.3035,-0.105,0,0,,,-0.2113,0.0682,,,,,,,,,,,,,,,,,betfair
spelad,ED,2026/27,2026-08-15,20:00,For Sittard,Cambuur,3,1,H,17,19,7,7,1.91,2.5,football-data,,6,7,10,9,0,2,0,0,0.5486,0.2309,0.2205,0.5951,0.2209,0.184,0,1.75,4.2,4.75,1.62,4.4,5.25,0.6256,0.6343,0.0339,-0.9489,0.1924,-1,4,0,0.2378,-0.2654,-1,0,,,0.1294,-0.0281,,,,,,,,,,,,,,,,,betfair
spelad,ED,2026/27,2026-08-15,17:45,Utrecht,AZ Alkmaar,1,4,A,8,24,2,9,0.91,2.1,football-data,,3,9,23,14,4,2,0,0,0.3478,0.254,0.3983,0.3161,0.2691,0.4148,0,2.75,3.75,2.4,3,3.7,2.45,0.6015,0.562,0.4239,-0.1319,0.5057,-1,15,-0.2,0.1172,0.1548,0,0,,,-0.0799,0.0242,,,,,,,,,,,,,,,,,betfair
spelad,ED,2026/27,2026-08-15,15:30,Willem II,Nijmegen,1,4,A,9,21,2,10,1.43,2.99,football-data,,1,2,10,14,1,0,0,0,0.1976,0.2121,0.5903,0.1881,0.2077,0.6042,0,5,4.75,1.6,5,4.75,1.62,0.6545,0.6504,-0.0618,-0.5131,-0.0585,0,4,0,0.1158,0.2297,1,0,,,-0.0329,0.0331,,,,,,,,,,,,,,,,,betfair
spelad,ED,2026/27,2026-08-16,15:45,Ajax,Heerenveen,2,2,D,23,14,4,8,2,1.37,football-data,,7,2,8,10,3,1,0,0,0.655,0.1948,0.1502,0.6666,0.2027,0.1307,0,1.46,5,7,1.46,5.25,7,0.673,0.6753,-0.6224,0.2222,-0.5339,0,16,2.0625,0.1333,0.0277,0,0,,,0.0427,-0.0394,,,,,,,,,,,,,,,,,betfair
spelad,ED,2026/27,2026-08-16,11:15,Den Haag,Groningen,1,4,A,10,17,4,14,1.01,3.2,football-data,,5,2,11,11,0,1,0,0,0.3441,0.2588,0.3971,0.3797,0.2725,0.3478,0,2.8,3.75,2.38,2.55,3.7,2.7,0.5801,0.5556,-0.4448,0.6759,-0.3192,1,5,-1.2,-0.2927,-0.0515,1,0,,,0.1203,-0.0142,,,,,,,,,,,,,,,,,betfair
spelad,ED,2026/27,2026-08-16,13:30,Feyenoord,Go Ahead Eagles,2,2,D,27,14,6,6,2.89,1.51,football-data,,6,6,3,8,0,0,0,0,0.6872,0.1747,0.1381,0.7757,0.1379,0.0863,0,1.41,5.5,7.5,1.26,7,12,0.7025,0.7294,0.017,1.218,0.2541,-1,10,2.4,0.4408,-0.1767,0,0,,,0.2288,-0.0388,,,,,,,,,,,,,,,,,betfair
spelad,ED,2026/27,2026-08-16,13:30,Twente,Zwolle,3,1,H,27,8,10,3,2.08,0.68,football-data,,6,3,11,6,0,0,0,0,0.7582,0.1495,0.0923,0.7681,0.1457,0.0862,0,1.29,7,11,1.3,6.5,10.5,0.6941,0.6814,-0.0665,-0.1702,0.2056,0,11,1.0909,-0.013,0.0439,0,0,,,0.026,-0.064,,,,,,,,,,,,,,,,,betfair
spelad,ED,2026/27,2026-08-22,15:30,For Sittard,AZ Alkmaar,0,2,A,4,26,2,11,0.44,4.35,football-data,,1,15,9,11,0,1,1,0,0.1962,0.2177,0.5861,0.1767,0.2199,0.6034,0,5.25,4.5,1.61,5.5,4.6,1.6,0.642,0.6488,-0.1177,0.1397,-0.1969,0,15,-2,-0.1341,-0.1238,0,0,,,-0.0563,0.0308,,,,,,,,,,,,,,,,,betfair
spelad,ED,2026/27,2026-08-22,20:00,Heerenveen,Zwolle,0,2,A,18,20,5,7,0.85,1.55,football-data,,5,3,6,13,1,2,0,0,0.5974,0.2132,0.1894,0.6491,0.2014,0.1495,0,1.6,4.5,5.25,1.5,5,6,0.6553,0.657,0.9788,-1.714,0.8691,0,12,0,-0.3438,0.0812,0,0,,,0.1435,-0.042,,,,,,,,,,,,,,,,,betfair
spelad,ED,2026/27,2026-08-22,17:45,Sparta Rotterdam,Utrecht,3,3,D,14,16,5,4,1.73,1.93,football-data,,5,7,10,13,0,0,0,0,0.3666,0.2683,0.3651,0.3679,0.2722,0.3599,0,2.63,3.6,2.63,2.6,3.6,2.8,0.5505,0.5505,-0.4856,0.0508,-0.5806,1,14,-1.2857,-0.2777,-0.1168,0,0,,,0.0079,0.0091,,,,,,,,,,,,,,,,,betfair
spelad,ED,2026/27,2026-08-23,15:45,Cambuur,Feyenoord,2,5,A,11,14,4,7,1.07,2.57,football-data,,3,3,14,13,0,1,0,0,0.0995,0.1603,0.7402,0.071,0.1343,0.7948,0,11,6,1.29,13,7,1.25,0.6627,0.7186,-0.7543,1.1061,-0.4951,1,4,-3,-0.4027,-0.1415,1,0,,,-0.1117,0.0582,,,,,,,,,,,,,,,,,betfair
spelad,ED,2026/27,2026-08-23,11:15,Go Ahead Eagles,Den Haag,3,1,H,11,16,5,3,0.85,0.84,football-data,,5,3,10,13,1,2,0,0,0.5433,0.2334,0.2233,0.5727,0.2252,0.2022,0,1.75,4.1,4.75,1.7,4.2,4.75,0.6132,0.657,0.1679,-1.5599,0.0381,0,,,,,-1,0,,,0.0799,-0.0336,,,,,,,,,,,,,,,,,betfair
spelad,ED,2026/27,2026-08-23,13:30,PSV Eindhoven,Groningen,5,1,H,24,7,12,4,4.41,1.08,football-data,,9,4,10,4,1,1,0,0,0.6995,0.172,0.1285,0.7605,0.1454,0.0942,0,1.38,5.75,8.5,1.3,7,9.5,0.7127,0.7588,0.3264,-1.0882,0.0587,1,14,2.5714,0.5252,-0.1814,0,0,,,0.1562,-0.0621,,,,,,,,,,,,,,,,,betfair
spelad,ED,2026/27,2026-08-28,19:00,Groningen,For Sittard,2,3,A,22,9,2,5,1.6,0.88,football-data,,7,2,8,8,3,4,0,0,0.6381,0.2012,0.1606,0.63,0.2105,0.1595,0,1.49,4.9,6.25,1.5,4.75,6.5,0.6437,0.6309,0.0946,0.7074,0.2209,-1,13,0,-0.107,-0.1928,0,0,,,-0.0152,0.0104,,,,,,,,,,,,,,,,,betfair
spelad,ED,2026/27,2026-08-29,17:45,AZ Alkmaar,Go Ahead Eagles,5,2,H,20,10,8,4,2.39,1.82,football-data,,8,4,9,6,0,0,0,0,0.6794,0.1825,0.1381,0.72,0.1743,0.1057,0,1.41,5.4,7.5,1.35,6,9,0.6866,0.7086,-0.3361,1.1329,0.2108,1,10,2.1,0.4136,0.0803,0,0,,,0.1136,-0.0393,,,,,,,,,,,,,,,,,betfair
spelad,ED,2026/27,2026-08-29,15:30,Excelsior,Sparta Rotterdam,2,1,H,15,10,5,2,1.2,0.97,football-data,,6,4,13,7,2,1,0,0,0.3983,0.2529,0.3489,0.4387,0.2609,0.3004,0,2.4,3.8,2.75,2.22,3.75,3.1,0.6122,0.5896,0.7546,-1.2924,1.1307,7,6,-1,-0.0594,-0.2584,0,0,,,0.1292,-0.0318,,,,,,,,,,,,,,,,,betfair
spelad,ED,2026/27,2026-08-29,20:00,Zwolle,Nijmegen,1,3,A,9,8,2,4,1.98,1.97,football-data,,6,7,17,12,1,3,0,0,0.2164,0.2184,0.5652,0.2789,0.2357,0.4854,0,4.5,4.5,1.7,3.4,4.2,2,0.6635,0.6881,0.1824,0.0792,0.222,-7,8,-1.875,-0.7801,0.1279,0,0,,,0.2049,0.0251,,,,,,,,,,,,,,,,,betfair
spelad,ED,2026/27,2026-08-30,19:00,Cambuur,Twente,1,4,A,10,23,3,10,0.47,1.76,football-data,,2,9,6,14,1,1,0,0,0.122,0.1756,0.7024,0.0992,0.1601,0.7407,0,8,5.75,1.36,9,6.25,1.33,0.6594,0.714,-0.5417,0.8398,-0.3363,-7,4,-1.5,-0.0639,-0.2181,1,0,,,-0.0838,0.052,,,,,,,,,,,,,,,,,betfair
spelad,ED,2026/27,2026-08-30,13:30,Feyenoord,Den Haag,2,2,D,33,8,12,3,2.48,0.24,football-data,,11,3,5,9,0,3,0,0,0.8116,0.1197,0.0687,0.8249,0.1151,0.06,0,1.18,8.5,16,1.22,8,15,0.7349,0.7559,0.4252,-0.6518,0.4198,0,5,0,-1.0117,0.0522,-1,0,,,0.0353,-0.0774,,,,,,,,,,,,,,,,,betfair
spelad,ED,2026/27,2026-08-30,15:45,Telstar,Ajax,0,4,A,11,12,4,9,1.13,2.14,football-data,,5,4,11,13,0,0,0,0,0.1959,0.2101,0.594,0.1603,0.2028,0.637,0,5,4.5,1.6,6,5,1.52,0.6761,0.6955,0.6325,-0.4537,0.6758,2,,,,,0,0,,,-0.1142,0.0289,,,,,,,,,,,,,,,,,betfair
spelad,ED,2026/27,2026-08-30,11:15,Utrecht,PSV Eindhoven,1,6,A,1,30,1,14,0.3,3.58,football-data,,0,13,21,8,5,1,0,0,0.2187,0.2167,0.5646,0.1543,0.1829,0.6628,0,4.5,4.4,1.68,6,5.25,1.48,0.6799,0.7475,-0.4015,1.5789,-0.3964,1,14,-1.5,-0.1696,0.1488,0,0,,,-0.2269,0.0387,,,,,,,,,,,,,,,,,betfair
spelad,ED,2026/27,2026-08-30,13:30,Willem II,Heerenveen,2,2,D,12,13,5,5,1.7,1.36,football-data,,9,7,9,5,0,0,0,0,0.2469,0.2271,0.526,0.2252,0.2304,0.5444,0,4,4.33,1.81,4.2,4.33,1.77,0.6586,0.657,-1.1044,0.8136,-0.6254,7,9,-1.3333,-0.371,-0.1509,1,0,,,-0.0619,0.0212,,,,,,,,,,,,,,,,,betfair
spelad,ED,2026/27,2026-09-04,19:00,Sparta Rotterdam,Zwolle,2,2,D,21,15,8,6,2.23,1.08,football-data,,15,4,12,11,0,2,0,0,0.4894,0.248,0.2627,0.4715,0.2572,0.2713,0,1.93,3.9,3.9,2.05,3.8,3.6,0.6222,0.6087,-0.3203,-0.1789,-0.4043,0,11,-0.2727,-0.3806,0.0967,0,0,,,-0.0443,-0.0106,,,,,,,,,,,,,,,,,betfair
spelad,ED,2026/27,2026-09-05,19:00,Ajax,PSV Eindhoven,1,3,A,19,13,6,5,1.98,2.55,football-data,,1,1,6,13,2,4,0,0,0.3648,0.2343,0.4009,0.3646,0.2479,0.3874,0,2.7,4.2,2.4,2.66,4.2,2.5,0.73,0.7255,-0.2106,0.4733,-0.4818,0,16,0.375,0.0312,0.1524,0,0,,,0.0132,0.0057,,,,,,,,,,,,,,,,,betfair
spelad,ED,2026/27,2026-09-05,15:30,Nijmegen,Feyenoord,1,3,A,12,11,2,5,0.96,1.35,football-data,,1,1,9,15,1,2,0,0,0.334,0.2321,0.4339,0.346,0.2523,0.4018,0,2.9,4.2,2.2,2.8,3.9,2.37,0.7044,0.6404,-0.3155,-0.0058,-0.3709,1,10,-0.9,0.1224,0.3112,0,0,,,0.0561,-0.0117,,,,,,,,,,,,,,,,,betfair
spelad,ED,2026/27,2026-09-05,20:00,Willem II,Excelsior,0,3,A,16,13,2,6,0.85,1.59,football-data,,7,6,10,14,2,1,0,0,0.3314,0.2599,0.4087,0.3014,0.2584,0.4402,0,3,3.65,2.35,3.2,3.8,2.2,0.5759,0.6015,-1.2099,1.5559,-1.4392,-1,,,,,1,0,,,-0.0913,0.0129,,,,,,,,,,,,,,,,,betfair
spelad,ED,2026/27,2026-09-06,15:45,Den Haag,For Sittard,2,3,A,11,8,3,5,0.47,0.55,football-data,,2,0,17,16,0,4,0,0,0.4587,0.2394,0.3018,0.4809,0.2477,0.2714,0,2.08,4,3.1,2.05,4.1,3.4,0.661,0.6334,-0.2938,0.83,-0.2303,-2,4,-2.25,-0.8525,0.0076,1,0,,,0.0748,-0.0324,,,,,,,,,,,,,,,,,betfair
spelad,ED,2026/27,2026-09-06,11:15,Groningen,Twente,2,2,D,21,16,4,5,1.69,2.28,football-data,,8,2,6,9,1,1,0,0,0.293,0.2471,0.4599,0.255,0.2426,0.5024,0,3.3,3.85,2.05,3.6,4.2,1.97,0.6228,0.6667,0.3043,-0.2479,0.2936,2,12,-1.5,-0.5348,0.2497,0,0,,,-0.1185,0.0352,,,,,,,,,,,,,,,,,betfair
spelad,ED,2026/27,2026-09-06,13:30,Heerenveen,AZ Alkmaar,2,3,A,14,15,5,8,1.48,1.04,football-data,,4,3,9,12,1,2,0,0,0.2475,0.2297,0.5229,0.2515,0.231,0.5174,0,3.9,4.2,1.82,3.9,4.2,1.85,0.6578,0.6667,0.4336,-0.4088,-0.2037,-1,16,-1.125,0.0226,-0.0999,0,0,,,0.0136,0.0046,,,,,,,,,,,,,,,,,betfair
spelad,ED,2026/27,2026-09-06,13:30,Telstar,Cambuur,2,2,D,11,8,2,3,2.12,0.98,football-data,,4,2,7,20,3,4,1,0,0.5795,0.2167,0.2038,0.566,0.2264,0.2075,0,1.65,4.5,4.75,1.73,4.33,4.6,0.6495,0.6611,1.2448,-2.0187,0.7955,0,,,,,-1,0,,,-0.0308,-0.0375,,,,,,,,,,,,,,,,,betfair
spelad,ED,2026/27,2026-09-08,17:45,Nijmegen,Excelsior,2,2,D,11,14,3,5,1.36,1.81,football-data,,2,4,5,16,1,3,0,0,0.5767,0.2254,0.198,0.4853,0.264,0.2507,0,1.63,4.25,5,1.98,3.95,3.6,0.6462,0.6077,-1.0838,1.8085,-1.4662,0,6,1.5,0.3778,-0.0698,0,0,,,-0.2354,-0.019,,,,,,,,,,,,,,,,,betfair
spelad,ED,2026/27,2026-09-08,13:00,Utrecht,Go Ahead Eagles,3,3,D,19,13,6,7,2.46,1.79,football-data,,7,5,16,8,2,1,0,0,0.4505,0.2518,0.2976,0.4511,0.2612,0.2877,0,2.04,3.73,3.15,2.15,4.2,3.66,,0.637,-0.1972,1.5775,-0.0726,-1,10,0.6,-0.1691,0.3425,0,0,,,0.0111,0.0342,,,,,,,,,,,,,,,,,betfair
spelad,ED,2026/27,2026-09-09,17:45,Twente,Telstar,1,0,H,22,3,8,2,2.65,0.52,football-data,,9,2,10,11,1,3,0,0,0.7618,0.1445,0.0937,0.7828,0.1343,0.0828,0,1.26,7.25,11,1.26,7.5,12,0.73,0.7535,-0.9162,0.9806,-0.7785,0,,,,,0,0,,,0.0529,-0.0397,,,,,,,,,,,,,,,,,betfair
spelad,ED,2026/27,2026-09-11,19:00,AZ Alkmaar,Willem II,1,1,D,22,8,5,2,2.49,0.92,football-data,,11,2,7,8,0,1,0,0,0.8151,0.117,0.0679,0.8538,0.099,0.0472,0,1.17,9,15,1.17,9,18,0.7402,0.753,1.0454,-1.1748,0.9784,-1,10,0,-0.7319,-0.007,-1,0,,,0.0981,-0.0847,,,,,,,,,,,,,,,,,betfair
spelad,ED,2026/27,2026-09-12,20:00,Cambuur,Nijmegen,3,0,H,16,10,7,1,3.12,0.94,football-data,,4,5,16,18,2,4,0,0,0.1871,0.1983,0.6146,0.1838,0.2111,0.6051,0,5.6,5,1.57,5,4.75,1.63,0.7031,0.6659,-0.2558,0.6397,0.2365,2,4,-0.75,-0.2146,-0.0141,1,0,,,0.0028,0.0497,,,,,,,,,,,,,,,,,betfair
spelad,ED,2026/27,2026-09-12,19:00,For Sittard,Ajax,1,5,A,8,27,4,11,0.71,4.14,football-data,,3,11,5,12,1,5,0,0,0.1549,0.1895,0.6557,0.1306,0.1804,0.689,0,6.5,5.25,1.45,7.5,5.5,1.41,0.6889,0.6961,0.8691,-0.755,0.9657,-1,15,-2.6,-0.2861,-0.0062,0,0,,,-0.082,0.0419,,,,,,,,,,,,,,,,,betfair
spelad,ED,2026/27,2026-09-12,17:45,Go Ahead Eagles,Groningen,1,1,D,24,4,6,2,2.23,0.16,football-data,,9,0,8,10,1,0,0,0,0.4126,0.2424,0.3451,0.4165,0.2418,0.3418,0,2.3,4,2.75,2.3,4.1,2.75,0.6512,0.6989,-0.106,-0.4962,-0.1407,-2,8,-0.375,-0.2325,0.1182,0,0,,,0.0111,-0.0103,,,,,,,,,,,,,,,,,betfair
spelad,ED,2026/27,2026-09-12,15:30,Twente,Den Haag,2,0,H,24,10,12,5,2.81,0.54,football-data,,12,2,10,11,1,3,0,0,0.7616,0.1452,0.0932,0.7825,0.138,0.0795,0,1.26,7,11.5,1.25,7.5,13,0.7192,0.7198,0.0475,0.1458,0.2431,-3,3,2,0.5661,0.1045,-1,0,,,0.0554,-0.0458,,,,,,,,,,,,,,,,,betfair
spelad,ED,2026/27,2026-09-13,11:15,Excelsior,Utrecht,1,2,A,10,12,4,6,0.61,1.42,football-data,,5,2,9,8,2,0,0,0,0.419,0.2572,0.3238,0.4198,0.2607,0.3196,0,2.3,3.75,3,2.25,3.9,3,0.5859,0.6222,0.6553,-1.3696,0.8419,0,8,-0.75,0.0949,0.2848,0,0,,,0.0057,0.0159,,,,,,,,,,,,,,,,,betfair
spelad,ED,2026/27,2026-09-13,13:30,Heerenveen,Telstar,0,0,D,23,12,6,2,1.54,0.71,football-data,,8,6,13,8,2,0,0,0,0.5757,0.2165,0.2078,0.5915,0.2148,0.1937,0,1.65,4.5,4.75,1.63,4.75,5,0.6675,0.6821,-0.2552,0.1851,-0.3984,3,,,,,0,0,,,0.0459,-0.0176,,,,,,,,,,,,,,,,,betfair
spelad,ED,2026/27,2026-09-13,19:00,PSV Eindhoven,Sparta Rotterdam,4,1,H,28,10,10,6,3.76,2.29,football-data,,9,5,6,3,1,1,0,0,0.7986,0.1214,0.08,0.8241,0.1052,0.0706,0,1.2,8.5,13.5,1.21,9,13,0.7933,0.7983,0.9823,-1.2732,1.0544,-1,13,2.5385,0.4506,-0.0228,0,0,,,0.0605,-0.0632,,,,,,,,,,,,,,,,,betfair
spelad,ED,2026/27,2026-09-13,15:45,Zwolle,Feyenoord,0,7,A,6,26,3,12,0.22,3.33,football-data,,5,6,9,8,0,0,0,0,0.1555,0.1894,0.655,0.1275,0.1913,0.6812,0,6.5,5.25,1.48,7.5,5.25,1.4,0.7005,0.6714,-0.1698,-0.213,-0.2311,1,14,-2.5714,-0.3081,-0.1646,0,0,,,-0.0823,0.0249,,,,,,,,,,,,,,,,,betfair
spelad,ED,2026/27,2026-09-15,19:00,Ajax,Willem II,5,1,H,33,10,12,4,3.78,1.58,football-data,,14,2,6,3,0,0,0,0,0.8435,0.0996,0.0569,0.8844,0.0825,0.033,0,1.13,11,21,1.12,12,23,0.7721,0.7738,0.2545,-0.6852,0.131,-1,9,2,-0.1369,-0.0039,-1,0,,,0.1059,-0.0841,,,,,,,,,,,,,,,,,betfair
spelad,ED,2026/27,2026-09-18,19:00,Groningen,Zwolle,3,0,H,17,9,7,1,1.39,0.43,football-data,,5,6,7,11,0,2,0,0,0.6178,0.205,0.1772,0.6129,0.2159,0.1712,0,1.55,4.75,5.66,1.58,4.65,5.33,0.6845,0.6859,0.773,-1.1433,0.6516,1,11,-0.5455,-0.5095,0.184,0,0,,,-0.0037,-0.0314,,,,,,,,,,,,,,,,,betfair
spelad,ED,2026/27,2026-09-19,19:00,Ajax,Excelsior,2,2,D,33,4,8,2,2.36,0.82,football-data,,9,0,6,12,1,2,0,0,0.7719,0.1358,0.0923,0.7908,0.1301,0.0791,0,1.23,7.5,11.5,1.26,7,11.5,0.7549,0.7349,-0.4878,0.4141,-0.7225,-2,8,1.125,-0.5626,0.2388,0,0,,,0.051,-0.0676,,,,,,,,,,,,,,,,,betfair
spelad,ED,2026/27,2026-09-19,15:30,Den Haag,Cambuur,1,1,D,18,8,6,3,2.03,0.48,football-data,,6,3,22,14,3,2,0,0,0.5262,0.2345,0.2393,0.491,0.248,0.261,0,1.82,4,4.2,2,4,3.6,0.6386,0.6368,-0.2061,-0.3222,-0.8245,0,,,,,0,0,,,-0.0921,-0.0475,,,,,,,,,,,,,,,,,betfair
spelad,ED,2026/27,2026-09-19,17:45,Sparta Rotterdam,Heerenveen,0,4,A,11,23,0,9,0.67,1.8,football-data,,3,6,11,9,2,0,0,0,0.3809,0.2546,0.3645,0.3805,0.2556,0.3639,0,2.5,3.8,2.6,2.55,4,2.6,0.6318,0.6659,-0.2937,0.3189,0.0673,0,13,0,0.0352,-0.0305,0,0,,,-0.0001,0.0039,,,,,,,,,,,,,,,,,betfair
spelad,ED,2026/27,2026-09-19,20:00,Willem II,For Sittard,0,1,A,15,17,3,3,1.01,1.31,football-data,,5,3,9,10,3,1,0,0,0.3757,0.2515,0.3727,0.3818,0.2612,0.357,0,2.55,3.8,2.55,2.5,3.75,2.65,0.6177,0.6097,-1.3115,1.7118,-1.0533,-3,10,0,-0.3024,0.1558,1,0,,,0.0277,-0.0029,,,,,,,,,,,,,,,,,betfair
spelad,ED,2026/27,2026-09-20,13:30,AZ Alkmaar,Telstar,1,0,H,17,3,8,1,2.61,0.11,football-data,,5,2,15,12,1,1,0,0,0.7496,0.1478,0.1026,0.7647,0.1495,0.0858,0,1.28,6.5,10,1.28,7,11,0.7338,0.7282,0.0371,0.0542,0.072,2,,,,,0,0,,,0.0471,-0.0371,,,,,,,,,,,,,,,,,betfair
spelad,ED,2026/27,2026-09-20,11:15,Feyenoord,Utrecht,5,0,H,23,5,12,2,3.59,0.66,football-data,,6,3,11,23,2,2,0,0,0.7393,0.1566,0.1041,0.7407,0.1601,0.0992,0,1.3,6.25,10,1.33,6.5,9.5,0.7192,0.7174,-0.0192,-0.6707,-0.0019,0,16,1.3125,0.234,-0.0378,0,0,,,0.0076,-0.0514,,,,,,,,,,,,,,,,,betfair
spelad,ED,2026/27,2026-09-20,15:45,Nijmegen,Go Ahead Eagles,1,1,D,17,14,5,6,1.12,2.86,football-data,,5,7,8,6,0,2,0,0,0.4846,0.2326,0.2828,0.4228,0.2474,0.3298,0,1.95,4.2,3.5,2.3,4,2.9,0.7018,0.6814,-0.1698,0.7922,-0.583,0,10,0,-0.193,0.1416,0,0,,,-0.1705,-0.0032,,,,,,,,,,,,,,,,,betfair
spelad,ED,2026/27,2026-09-20,13:30,Twente,PSV Eindhoven,3,2,H,21,11,5,4,2.4,1.02,football-data,,6,5,10,12,1,3,0,0,0.3348,0.2318,0.4334,0.33,0.2357,0.4342,0,2.88,4.1,2.2,2.88,4.33,2.2,0.7413,0.7429,-0.8062,1.7324,-0.7578,1,14,-1.7143,-0.2708,0.0715,0,0,,,-0.0104,0.0064,,,,,,,,,,,,,,,,,betfair
kommande,ED,2026/27,2026-10-09,2026-10-09T18:00:00Z,PSV Eindhoven,Heerenveen,,,,,,,,,,,,,,,,,,,,,,,,,,,,,,,,,,,0.4351,-0.5977,0.4492,-1,15,1.6,-0.2131,0.1753,,,,,,,2026-09-28T19:15:08.828Z,0.7582,0.1373,0.1045,2026-10-05T17:54:01.713Z,0.7619,0.1346,0.1035,1.25,8,11,2026-10-04T09:27:34.347Z,6,3,0.1475,0.0783,
kommande,ED,2026/27,2026-10-10,2026-10-10T19:00:00Z,Ajax,Nijmegen,,,,,,,,,,,,,,,,,,,,,,,,,,,,,,,,,,,-0.114,-0.4312,0.2302,1,10,1.2,-0.1926,0.2152,,,,,,,2026-09-28T19:15:08.828Z,0.7203,0.1681,0.1115,2026-10-05T17:54:01.713Z,0.7217,0.167,0.1113,1.32,6.5,9.2,2026-10-04T09:27:34.347Z,4,3,0.1576,0.2412,
kommande,ED,2026/27,2026-10-10,2026-10-10T16:45:00Z,Feyenoord,AZ Alkmaar,,,,,,,,,,,,,,,,,,,,,,,,,,,,,,,,,,,-0.3646,-0.3402,-0.0444,0,14,0.8571,0.2421,-0.1051,,,,,,,2026-09-28T19:15:08.828Z,0.5088,0.2439,0.2473,2026-10-05T17:54:01.713Z,0.5135,0.2415,0.245,1.92,4.2,4.25,2026-10-04T09:27:34.347Z,5,2,0.1522,0.1232,
kommande,ED,2026/27,2026-10-10,2026-10-10T18:00:00Z,For Sittard,Twente,,,,,,,,,,,,,,,,,,,,,,,,,,,,,,,,,,,0.9993,-1.739,0.6679,1,13,-1.3846,-0.0557,-0.1498,,,,,,,2026-09-28T19:15:08.828Z,0.1543,0.1893,0.6564,2026-10-05T17:54:01.713Z,0.1517,0.1899,0.6584,6.8,5.25,1.45,2026-10-04T09:27:34.347Z,3,2,0.0985,0.1391,
kommande,ED,2026/27,2026-10-10,2026-10-10T14:30:00Z,Go Ahead Eagles,Sparta Rotterdam,,,,,,,,,,,,,,,,,,,,,,,,,,,,,,,,,,,0.4812,-1.0167,0.6503,-1,10,0,0.0819,-0.0733,,,,,,,2026-09-28T19:15:08.828Z,0.5226,0.2381,0.2393,2026-10-05T17:54:01.713Z,0.5291,0.2355,0.2355,1.83,4.2,4.37,2026-10-04T09:27:34.347Z,1,0,0.0189,0,
kommande,ED,2026/27,2026-10-11,2026-10-11T14:45:00Z,Excelsior,Groningen,,,,,,,,,,,,,,,,,,,,,,,,,,,,,,,,,,,0.0347,-0.332,0.3298,-1,6,-1,-0.045,-0.2534,,,,,,,2026-09-28T19:15:08.828Z,0.3746,0.2637,0.3616,2026-10-05T17:54:01.713Z,0.369,0.2624,0.3686,2.62,3.75,2.75,2026-10-04T09:27:34.347Z,0,7,0,0.1496,
kommande,ED,2026/27,2026-10-11,2026-10-11T12:30:00Z,Telstar,Den Haag,,,,,,,,,,,,,,,,,,,,,,,,,,,,,,,,,,,0.8306,-0.7078,0.72,-1,,,,,,,,,,,2026-09-28T19:15:08.828Z,0.4708,0.2542,0.275,2026-10-05T17:54:01.713Z,0.4723,0.2535,0.2742,2.02,3.85,3.6,2026-10-04T09:27:34.347Z,0,1,0,0.0239,
kommande,ED,2026/27,2026-10-11,2026-10-11T10:15:00Z,Utrecht,Willem II,,,,,,,,,,,,,,,,,,,,,,,,,,,,,,,,,,,0.2947,0.0114,0.1758,-1,10,1.5,0.3443,-0.1408,,,,,,,2026-09-28T19:15:08.828Z,0.6234,0.209,0.1677,2026-10-05T17:54:01.713Z,0.6273,0.2068,0.1659,1.53,4.9,6,2026-10-04T09:27:34.347Z,5,4,0.2309,0.0834,
kommande,ED,2026/27,2026-10-11,2026-10-11T12:30:00Z,Zwolle,Cambuur,,,,,,,,,,,,,,,,,,,,,,,,,,,,,,,,,,,-0.1549,0.6924,-0.3827,1,,,,,,,,,,,2026-09-28T19:15:08.828Z,0.4907,0.2435,0.2657,2026-10-05T17:54:01.713Z,0.4934,0.2421,0.2645,1.94,4.2,3.87,2026-10-04T09:27:34.347Z,2,2,0.113,0.0691,
kommande,ED,2026/27,2026-10-16,,Heerenveen,Excelsior,,,,,,,,,,,,,,,,,,,,,,,,,,,,,,,,,,,-0.4896,0.5831,-0.7497,0,7,0.8571,0.0221,-0.091,,,,,,,,,,,,,,,,,,2026-10-04T09:27:34.347Z,3,0,0.0783,0,
kommande,ED,2026/27,2026-10-17,,Den Haag,PSV Eindhoven,,,,,,,,,,,,,,,,,,,,,,,,,,,,,,,,,,,-0.9874,1.3095,-1.0022,1,5,-2.4,-0.2116,0.0521,,,,,,,,,,,,,,,,,,2026-10-04T09:27:34.347Z,1,6,0.0239,0.1475,
kommande,ED,2026/27,2026-10-17,,Sparta Rotterdam,Willem II,,,,,,,,,,,,,,,,,,,,,,,,,,,,,,,,,,,-0.0954,-0.1519,-0.1609,0,7,1.2857,0.585,-0.2695,,,,,,,,,,,,,,,,,,2026-10-04T09:27:34.347Z,0,4,0,0.0834,
kommande,ED,2026/27,2026-10-17,,Telstar,Feyenoord,,,,,,,,,,,,,,,,,,,,,,,,,,,,,,,,,,,0.1605,0.111,-0.2505,0,,,,,,,,,,,,,,,,,,,,,,2026-10-04T09:27:34.347Z,0,5,0,0.1522,
kommande,ED,2026/27,2026-10-18,,Cambuur,AZ Alkmaar,,,,,,,,,,,,,,,,,,,,,,,,,,,,,,,,,,,-0.5455,0.3489,-0.1625,1,4,-2.25,-0.4129,0.0522,,,,,,,,,,,,,,,,,,2026-10-04T09:27:34.347Z,2,2,0.0691,0.1232,
kommande,ED,2026/27,2026-10-18,,Groningen,Ajax,,,,,,,,,,,,,,,,,,,,,,,,,,,,,,,,,,,0.5417,-0.3347,0.5267,1,13,-1.3846,0.2253,-0.0897,,,,,,,,,,,,,,,,,,2026-10-04T09:27:34.347Z,7,4,0.1496,0.1576,
kommande,ED,2026/27,2026-10-18,,Nijmegen,For Sittard,,,,,,,,,,,,,,,,,,,,,,,,,,,,,,,,,,,-0.8291,1.0488,-1.1849,-1,10,0.3,-0.1142,0.0503,,,,,,,,,,,,,,,,,,2026-10-04T09:27:34.347Z,3,3,0.2412,0.0985,
kommande,ED,2026/27,2026-10-18,,Twente,Utrecht,,,,,,,,,,,,,,,,,,,,,,,,,,,,,,,,,,,0.0378,-0.0263,0.2616,0,14,-0.6429,-0.2973,-0.0347,,,,,,,,,,,,,,,,,,2026-10-04T09:27:34.347Z,2,5,0.1391,0.2309,
kommande,ED,2026/27,2026-10-18,,Zwolle,Go Ahead Eagles,,,,,,,,,,,,,,,,,,,,,,,,,,,,,,,,,,,-0.1281,1.2232,-0.3153,2,8,-1.5,-0.7239,0.2393,,,,,,,,,,,,,,,,,,2026-10-04T09:27:34.347Z,2,1,0.113,0.0189,
kommande,ED,2026/27,2026-10-23,,Go Ahead Eagles,Telstar,,,,,,,,,,,,,,,,,,,,,,,,,,,,,,,,,,,-0.3681,0.0473,0.065,,,,,,,,,,,,,,,,,,,,,,,2026-10-04T09:27:34.347Z,1,0,0.0189,0,
kommande,ED,2026/27,2026-10-24,,Den Haag,Heerenveen,,,,,,,,,,,,,,,,,,,,,,,,,,,,,,,,,,,-0.5523,0.7118,-0.553,,5,-1.2,-0.3533,0.3728,,,,,,,,,,,,,,,,,,2026-10-04T09:27:34.347Z,1,3,0.0239,0.0783,
kommande,ED,2026/27,2026-10-24,,Utrecht,Zwolle,,,,,,,,,,,,,,,,,,,,,,,,,,,,,,,,,,,0.0371,-0.0431,0.0016,,13,0.6923,-0.1927,0.223,,,,,,,,,,,,,,,,,,2026-10-04T09:27:34.347Z,5,2,0.2309,0.113,
kommande,ED,2026/27,2026-10-24,,Willem II,Cambuur,,,,,,,,,,,,,,,,,,,,,,,,,,,,,,,,,,,-0.4125,0.6379,-0.5569,,,,,,,,,,,,,,,,,,,,,,,2026-10-04T09:27:34.347Z,4,2,0.0834,0.0691,
kommande,ED,2026/27,2026-10-25,,AZ Alkmaar,Twente,,,,,,,,,,,,,,,,,,,,,,,,,,,,,,,,,,,0.6255,-0.9719,0.282,,14,0,-0.1783,-0.112,,,,,,,,,,,,,,,,,,2026-10-04T09:27:34.347Z,2,2,0.1232,0.1391,
kommande,ED,2026/27,2026-10-25,,For Sittard,Excelsior,,,,,,,,,,,,,,,,,,,,,,,,,,,,,,,,,,,0.3667,0.0491,0.0981,,7,0.8571,0.33,-0.1108,,,,,,,,,,,,,,,,,,2026-10-04T09:27:34.347Z,3,0,0.0985,0,
kommande,ED,2026/27,2026-10-25,,Nijmegen,Groningen,,,,,,,,,,,,,,,,,,,,,,,,,,,,,,,,,,,-0.4277,0.766,-0.7569,,8,0.375,0.1768,-0.1604,,,,,,,,,,,,,,,,,,2026-10-04T09:27:34.347Z,3,7,0.2412,0.1496,
kommande,ED,2026/27,2026-10-25,,PSV Eindhoven,Feyenoord,,,,,,,,,,,,,,,,,,,,,,,,,,,,,,,,,,,0.3172,-0.4906,0.0318,,16,0.375,-0.1124,0.1319,,,,,,,,,,,,,,,,,,2026-10-04T09:27:34.347Z,6,5,0.1475,0.1522,
kommande,ED,2026/27,2026-10-25,,Sparta Rotterdam,Ajax,,,,,,,,,,,,,,,,,,,,,,,,,,,,,,,,,,,-0.4841,0.9844,-0.3116,,14,-2.3571,-0.3403,0.0437,,,,,,,,,,,,,,,,,,2026-10-04T09:27:34.347Z,0,4,0,0.1576,
kommande,ED,2026/27,2026-10-31,,Ajax,AZ Alkmaar,,,,,,,,,,,,,,,,,,,,,,,,,,,,,,,,,,,-0.5693,-0.1495,-0.5687,,15,-1.4,-1.0557,0.0323,,,,,,,,,,,,,,,,,,2026-10-04T09:27:34.347Z,4,2,0.1576,0.1232,
kommande,ED,2026/27,2026-10-31,,Cambuur,Go Ahead Eagles,,,,,,,,,,,,,,,,,,,,,,,,,,,,,,,,,,,0.0268,0.5307,0.0675,,4,0.75,0.365,-0.0099,,,,,,,,,,,,,,,,,,2026-10-04T09:27:34.347Z,2,1,0.0691,0.0189,
kommande,ED,2026/27,2026-10-31,,Feyenoord,For Sittard,,,,,,,,,,,,,,,,,,,,,,,,,,,,,,,,,,,-0.7384,0.4269,-0.4304,,16,1.6875,-0.0901,0.0229,,,,,,,,,,,,,,,,,,2026-10-04T09:27:34.347Z,5,3,0.1522,0.0985,
kommande,ED,2026/27,2026-10-31,,Heerenveen,Nijmegen,,,,,,,,,,,,,,,,,,,,,,,,,,,,,,,,,,,-0.0272,-0.5148,0.3371,,10,0,-0.0435,0.1402,,,,,,,,,,,,,,,,,,2026-10-04T09:27:34.347Z,3,3,0.0783,0.2412,
kommande,ED,2026/27,2026-10-31,,PSV Eindhoven,Willem II,,,,,,,,,,,,,,,,,,,,,,,,,,,,,,,,,,,0.9106,-1.8176,0.7067,,9,1.3333,-0.1558,-0.0642,,,,,,,,,,,,,,,,,,2026-10-04T09:27:34.347Z,6,4,0.1475,0.0834,
kommande,ED,2026/27,2026-11-01,,Excelsior,Twente,,,,,,,,,,,,,,,,,,,,,,,,,,,,,,,,,,,0.6326,-1.7881,0.5698,,6,-1,0.2337,0.1432,,,,,,,,,,,,,,,,,,2026-10-04T09:27:34.347Z,0,2,0,0.1391,
kommande,ED,2026/27,2026-11-01,,Groningen,Sparta Rotterdam,,,,,,,,,,,,,,,,,,,,,,,,,,,,,,,,,,,1.0258,-1.3191,0.8383,,12,-0.75,-0.2711,-0.1964,,,,,,,,,,,,,,,,,,2026-10-04T09:27:34.347Z,7,0,0.1496,0,
kommande,ED,2026/27,2026-11-01,,Telstar,Utrecht,,,,,,,,,,,,,,,,,,,,,,,,,,,,,,,,,,,0.4592,-1.2274,0.2487,,,,,,,,,,,,,,,,,,,,,,,2026-10-04T09:27:34.347Z,0,5,0,0.2309,
kommande,ED,2026/27,2026-11-01,,Zwolle,Den Haag,,,,,,,,,,,,,,,,,,,,,,,,,,,,,,,,,,,0.3344,0.5626,0.4697,,5,-0.6,-0.4873,-0.258,,,,,,,,,,,,,,,,,,2026-10-04T09:27:34.347Z,2,1,0.113,0.0239,
kommande,ED,2026/27,2026-11-06,,Willem II,Zwolle,,,,,,,,,,,,,,,,,,,,,,,,,,,,,,,,,,,-0.2576,-0.0545,-0.1742,,10,0.6,0.3135,-0.0685,,,,,,,,,,,,,,,,,,2026-10-04T09:27:34.347Z,4,2,0.0834,0.113,
kommande,ED,2026/27,2026-11-07,,Den Haag,Sparta Rotterdam,,,,,,,,,,,,,,,,,,,,,,,,,,,,,,,,,,,0.0187,-0.3562,-0.1346,,4,-2.25,-0.6596,0.0104,,,,,,,,,,,,,,,,,,2026-10-04T09:27:34.347Z,1,0,0.0239,0,
kommande,ED,2026/27,2026-11-07,,Excelsior,Go Ahead Eagles,,,,,,,,,,,,,,,,,,,,,,,,,,,,,,,,,,,0.5793,-0.6344,0.5178,,6,-1.5,-0.3842,-0.0728,,,,,,,,,,,,,,,,,,2026-10-04T09:27:34.347Z,0,1,0,0.0189,
kommande,ED,2026/27,2026-11-07,,For Sittard,Telstar,,,,,,,,,,,,,,,,,,,,,,,,,,,,,,,,,,,0.5779,-0.538,0.6808,,,,,,,,,,,,,,,,,,,,,,,2026-10-04T09:27:34.347Z,3,0,0.0985,0,
kommande,ED,2026/27,2026-11-08,,AZ Alkmaar,Groningen,,,,,,,,,,,,,,,,,,,,,,,,,,,,,,,,,,,0.0276,0.4843,0.042,,12,0.75,-0.2386,0.0181,,,,,,,,,,,,,,,,,,2026-10-04T09:27:34.347Z,2,7,0.1232,0.1496,
kommande,ED,2026/27,2026-11-08,,Cambuur,PSV Eindhoven,,,,,,,,,,,,,,,,,,,,,,,,,,,,,,,,,,,-0.4981,1.1797,-0.1498,,4,-1.5,0.3862,-0.1307,,,,,,,,,,,,,,,,,,2026-10-04T09:27:34.347Z,2,6,0.0691,0.1475,
kommande,ED,2026/27,2026-11-08,,Heerenveen,Feyenoord,,,,,,,,,,,,,,,,,,,,,,,,,,,,,,,,,,,-0.1179,0.1071,-0.4175,,15,-1.6,-0.0842,0.0071,,,,,,,,,,,,,,,,,,2026-10-04T09:27:34.347Z,3,5,0.0783,0.1522,
kommande,ED,2026/27,2026-11-08,,Twente,Ajax,,,,,,,,,,,,,,,,,,,,,,,,,,,,,,,,,,,-0.0562,1.1214,0.2867,,13,-0.4615,0.2992,0.0264,,,,,,,,,,,,,,,,,,2026-10-04T09:27:34.347Z,2,4,0.1391,0.1576,
kommande,ED,2026/27,2026-11-08,,Utrecht,Nijmegen,,,,,,,,,,,,,,,,,,,,,,,,,,,,,,,,,,,-0.208,0.7165,0.2554,,10,1.2,0.4669,-0.0628,,,,,,,,,,,,,,,,,,2026-10-04T09:27:34.347Z,5,3,0.2309,0.2412,
kommande,ED,2026/27,2026-11-21,,Feyenoord,Excelsior,,,,,,,,,,,,,,,,,,,,,,,,,,,,,,,,,,,-0.3717,0.476,-0.3322,,7,2.1429,0.1371,-0.1409,,,,,,,,,,,,,,,,,,2026-10-04T09:27:34.347Z,5,0,0.1522,0,
kommande,ED,2026/27,2026-11-21,,Groningen,Heerenveen,,,,,,,,,,,,,,,,,,,,,,,,,,,,,,,,,,,0.4549,-0.2512,0.4199,,12,-0.5,-0.2236,0.0544,,,,,,,,,,,,,,,,,,2026-10-04T09:27:34.347Z,7,3,0.1496,0.0783,
kommande,ED,2026/27,2026-11-21,,Nijmegen,PSV Eindhoven,,,,,,,,,,,,,,,,,,,,,,,,,,,,,,,,,,,-0.4079,1.1125,-0.7863,,10,-1.5,0.1862,-0.0617,,,,,,,,,,,,,,,,,,2026-10-04T09:27:34.347Z,3,6,0.2412,0.1475,
kommande,ED,2026/27,2026-11-21,,Telstar,Zwolle,,,,,,,,,,,,,,,,,,,,,,,,,,,,,,,,,,,0.4963,-1.2705,0.2503,,,,,,,,,,,,,,,,,,,,,,,2026-10-04T09:27:34.347Z,0,2,0,0.113,
kommande,ED,2026/27,2026-11-21,,Utrecht,Cambuur,,,,,,,,,,,,,,,,,,,,,,,,,,,,,,,,,,,-0.1178,0.6493,-0.3811,,4,0.75,-0.2084,0.03,,,,,,,,,,,,,,,,,,2026-10-04T09:27:34.347Z,5,2,0.2309,0.0691,
kommande,ED,2026/27,2026-11-22,,Ajax,Den Haag,,,,,,,,,,,,,,,,,,,,,,,,,,,,,,,,,,,0.4654,-0.6282,0.4461,,6,3,0.2723,-0.0772,,,,,,,,,,,,,,,,,,2026-10-04T09:27:34.347Z,4,1,0.1576,0.0239,
kommande,ED,2026/27,2026-11-22,,Go Ahead Eagles,For Sittard,,,,,,,,,,,,,,,,,,,,,,,,,,,,,,,,,,,-0.946,0.5853,-0.6159,,10,0.9,0.2699,0.0311,,,,,,,,,,,,,,,,,,2026-10-04T09:27:34.347Z,1,3,0.0189,0.0985,
kommande,ED,2026/27,2026-11-22,,Sparta Rotterdam,AZ Alkmaar,,,,,,,,,,,,,,,,,,,,,,,,,,,,,,,,,,,-1.0534,0.8348,-0.8803,,14,-1.0714,0.0251,-0.023,,,,,,,,,,,,,,,,,,2026-10-04T09:27:34.347Z,0,2,0,0.1232,
kommande,ED,2026/27,2026-11-22,,Twente,Willem II,,,,,,,,,,,,,,,,,,,,,,,,,,,,,,,,,,,0.3325,-0.0149,0.4374,,7,1.2857,0.2437,0.0331,,,,,,,,,,,,,,,,,,2026-10-04T09:27:34.347Z,2,4,0.1391,0.0834,
kommande,ED,2026/27,2026-11-27,,Groningen,Willem II,,,,,,,,,,,,,,,,,,,,,,,,,,,,,,,,,,,0.9305,-1.4711,0.6773,,9,1.6667,0.8505,-0.2928,,,,,,,,,,,,,,,,,,2026-10-04T09:27:34.347Z,7,4,0.1496,0.0834,
kommande,ED,2026/27,2026-11-28,,Cambuur,Sparta Rotterdam,,,,,,,,,,,,,,,,,,,,,,,,,,,,,,,,,,,0.5079,-0.4859,0.7178,,4,-0.75,-0.0158,-0.0011,,,,,,,,,,,,,,,,,,2026-10-04T09:27:34.347Z,2,0,0.0691,0,
kommande,ED,2026/27,2026-11-28,,Excelsior,Telstar,,,,,,,,,,,,,,,,,,,,,,,,,,,,,,,,,,,0.2112,-0.5871,0.5827,,,,,,,,,,,,,,,,,,,,,,,2026-10-04T09:27:34.347Z,0,0,0,0,
kommande,ED,2026/27,2026-11-28,,PSV Eindhoven,Go Ahead Eagles,,,,,,,,,,,,,,,,,,,,,,,,,,,,,,,,,,,0.5248,-0.649,0.2173,,10,2.4,0.3603,-0.1574,,,,,,,,,,,,,,,,,,2026-10-04T09:27:34.347Z,6,1,0.1475,0.0189,
kommande,ED,2026/27,2026-11-29,,Den Haag,Utrecht,,,,,,,,,,,,,,,,,,,,,,,,,,,,,,,,,,,-0.3714,-0.5196,-0.4713,,5,-1.2,0.1311,0.0119,,,,,,,,,,,,,,,,,,2026-10-04T09:27:34.347Z,1,5,0.0239,0.2309,
kommande,ED,2026/27,2026-11-29,,Feyenoord,Ajax,,,,,,,,,,,,,,,,,,,,,,,,,,,,,,,,,,,0.2047,-0.1907,0.5243,,14,-0.8571,-0.1791,-0.0781,,,,,,,,,,,,,,,,,,2026-10-04T09:27:34.347Z,5,4,0.1522,0.1576,
kommande,ED,2026/27,2026-11-29,,For Sittard,Heerenveen,,,,,,,,,,,,,,,,,,,,,,,,,,,,,,,,,,,0.8563,-0.534,0.8478,,16,-0.1875,0.2251,-0.066,,,,,,,,,,,,,,,,,,2026-10-04T09:27:34.347Z,3,3,0.0985,0.0783,
kommande,ED,2026/27,2026-11-29,,Nijmegen,Twente,,,,,,,,,,,,,,,,,,,,,,,,,,,,,,,,,,,0.1702,-0.6902,-0.5169,,10,-0.9,-0.0256,0.0623,,,,,,,,,,,,,,,,,,2026-10-04T09:27:34.347Z,3,2,0.2412,0.1391,
kommande,ED,2026/27,2026-11-29,,Zwolle,AZ Alkmaar,,,,,,,,,,,,,,,,,,,,,,,,,,,,,,,,,,,-0.7004,1.0413,-0.5452,,13,-0.9231,0.1992,0.1862,,,,,,,,,,,,,,,,,,2026-10-04T09:27:34.347Z,2,2,0.113,0.1232,
kommande,ED,2026/27,2026-12-04,,Telstar,Groningen,,,,,,,,,,,,,,,,,,,,,,,,,,,,,,,,,,,-0.1765,0.2551,-0.2529,,,,,,,,,,,,,,,,,,,,,,,2026-10-04T09:27:34.347Z,0,7,0,0.1496,
kommande,ED,2026/27,2026-12-05,,AZ Alkmaar,PSV Eindhoven,,,,,,,,,,,,,,,,,,,,,,,,,,,,,,,,,,,0.0474,0.8308,0.0127,,15,-0.4,0.3143,-0.1644,,,,,,,,,,,,,,,,,,2026-10-04T09:27:34.347Z,2,6,0.1232,0.1475,
kommande,ED,2026/27,2026-12-05,,For Sittard,Zwolle,,,,,,,,,,,,,,,,,,,,,,,,,,,,,,,,,,,1.0742,-1.8084,0.9311,,13,-0.6923,-0.2107,-0.1093,,,,,,,,,,,,,,,,,,2026-10-04T09:27:34.347Z,3,2,0.0985,0.113,
kommande,ED,2026/27,2026-12-05,,Sparta Rotterdam,Nijmegen,,,,,,,,,,,,,,,,,,,,,,,,,,,,,,,,,,,-0.5981,0.5531,-0.0814,,10,0,-0.1349,0.3303,,,,,,,,,,,,,,,,,,2026-10-04T09:27:34.347Z,0,3,0,0.2412,
kommande,ED,2026/27,2026-12-05,,Willem II,Feyenoord,,,,,,,,,,,,,,,,,,,,,,,,,,,,,,,,,,,-0.5934,1.327,-0.675,,9,-1.6667,-0.0444,0.0381,,,,,,,,,,,,,,,,,,2026-10-04T09:27:34.347Z,4,5,0.0834,0.1522,
kommande,ED,2026/27,2026-12-06,,Ajax,Utrecht,,,,,,,,,,,,,,,,,,,,,,,,,,,,,,,,,,,0.094,-1.1478,-0.0252,,15,0.6,-0.374,-0.0607,,,,,,,,,,,,,,,,,,2026-10-04T09:27:34.347Z,4,5,0.1576,0.2309,
kommande,ED,2026/27,2026-12-06,,Den Haag,Excelsior,,,,,,,,,,,,,,,,,,,,,,,,,,,,,,,,,,,-1.0418,1.2949,-1.3027,,,,,,,,,,,,,,,,,,,,,,,2026-10-04T09:27:34.347Z,1,0,0.0239,0,
kommande,ED,2026/27,2026-12-06,,Go Ahead Eagles,Twente,,,,,,,,,,,,,,,,,,,,,,,,,,,,,,,,,,,0.0533,-1.1537,0.0521,,10,-1.5,-0.2913,0.0605,,,,,,,,,,,,,,,,,,2026-10-04T09:27:34.347Z,1,2,0.0189,0.1391,
kommande,ED,2026/27,2026-12-06,,Heerenveen,Cambuur,,,,,,,,,,,,,,,,,,,,,,,,,,,,,,,,,,,0.063,-0.582,-0.2994,,4,2.25,0.8628,-0.0134,,,,,,,,,,,,,,,,,,2026-10-04T09:27:34.347Z,3,2,0.0783,0.0691,
kommande,ED,2026/27,2026-12-12,,Heerenveen,Go Ahead Eagles,,,,,,,,,,,,,,,,,,,,,,,,,,,,,,,,,,,0.0897,-0.0513,-0.2319,,10,0.6,0.2199,-0.0623,,,,,,,,,,,,,,,,,,2026-10-04T09:27:34.347Z,3,1,0.0783,0.0189,
kommande,ED,2026/27,2026-12-12,,Utrecht,For Sittard,,,,,,,,,,,,,,,,,,,,,,,,,,,,,,,,,,,-1.0371,1.7653,-0.9295,,14,0.6429,-0.313,0.1338,,,,,,,,,,,,,,,,,,2026-10-04T09:27:34.347Z,5,3,0.2309,0.0985,
kommande,ED,2026/27,2026-12-12,,Zwolle,Excelsior,,,,,,,,,,,,,,,,,,,,,,,,,,,,,,,,,,,-0.7075,1.8576,-0.833,,5,1.2,0.5778,-0.061,,,,,,,,,,,,,,,,,,2026-10-04T09:27:34.347Z,2,0,0.113,0,
kommande,ED,2026/27,2026-12-13,,Ajax,Cambuur,,,,,,,,,,,,,,,,,,,,,,,,,,,,,,,,,,,-0.0238,-0.4984,-0.4063,,4,3,0.3472,-0.0982,,,,,,,,,,,,,,,,,,2026-10-04T09:27:34.347Z,4,2,0.1576,0.0691,
kommande,ED,2026/27,2026-12-13,,AZ Alkmaar,Nijmegen,,,,,,,,,,,,,,,,,,,,,,,,,,,,,,,,,,,0.4553,-0.2817,0.7989,,10,0.3,-0.4526,0.0723,,,,,,,,,,,,,,,,,,2026-10-04T09:27:34.347Z,2,3,0.1232,0.2412,
kommande,ED,2026/27,2026-12-13,,Groningen,Feyenoord,,,,,,,,,,,,,,,,,,,,,,,,,,,,,,,,,,,0.337,-0.1441,0.0024,,12,-1.25,-0.0829,0.2002,,,,,,,,,,,,,,,,,,2026-10-04T09:27:34.347Z,7,5,0.1496,0.1522,
kommande,ED,2026/27,2026-12-13,,PSV Eindhoven,Telstar,,,,,,,,,,,,,,,,,,,,,,,,,,,,,,,,,,,0.1567,-0.6016,0.2823,,,,,,,,,,,,,,,,,,,,,,,2026-10-04T09:27:34.347Z,6,0,0.1475,0,
kommande,ED,2026/27,2026-12-13,,Willem II,Den Haag,,,,,,,,,,,,,,,,,,,,,,,,,,,,,,,,,,,0.0767,0.5081,0.2955,,5,-0.6,-0.6158,0.1389,,,,,,,,,,,,,,,,,,2026-10-04T09:27:34.347Z,4,1,0.0834,0.0239,
kommande,ED,2026/27,2026-12-18,,Telstar,Willem II,,,,,,,,,,,,,,,,,,,,,,,,,,,,,,,,,,,0.7539,-1.216,0.4245,,,,,,,,,,,,,,,,,,,,,,,2026-10-04T09:27:34.347Z,0,4,0,0.0834,
kommande,ED,2026/27,2026-12-19,,Excelsior,AZ Alkmaar,,,,,,,,,,,,,,,,,,,,,,,,,,,,,,,,,,,0.0071,-0.8162,0.2878,,7,-0.4286,0.5314,0.1037,,,,,,,,,,,,,,,,,,2026-10-04T09:27:34.347Z,0,2,0,0.1232,
kommande,ED,2026/27,2026-12-19,,For Sittard,Sparta Rotterdam,,,,,,,,,,,,,,,,,,,,,,,,,,,,,,,,,,,1.4272,-1.602,1.2662,,14,-0.8571,-0.252,0.1609,,,,,,,,,,,,,,,,,,2026-10-04T09:27:34.347Z,3,0,0.0985,0,
kommande,ED,2026/27,2026-12-19,,Utrecht,Heerenveen,,,,,,,,,,,,,,,,,,,,,,,,,,,,,,,,,,,-0.1808,1.2313,-0.0817,,14,1.2857,0.2461,0.1821,,,,,,,,,,,,,,,,,,2026-10-04T09:27:34.347Z,5,3,0.2309,0.0783,
kommande,ED,2026/27,2026-12-20,,Cambuur,Groningen,,,,,,,,,,,,,,,,,,,,,,,,,,,,,,,,,,,-0.5179,0.8332,-0.1204,,4,0,0.216,-0.2636,,,,,,,,,,,,,,,,,,2026-10-04T09:27:34.347Z,2,7,0.0691,0.1496,
kommande,ED,2026/27,2026-12-20,,Feyenoord,Twente,,,,,,,,,,,,,,,,,,,,,,,,,,,,,,,,,,,0.2609,-1.3121,0.2376,,13,0.2308,-0.3888,0.224,,,,,,,,,,,,,,,,,,2026-10-04T09:27:34.347Z,5,2,0.1522,0.1391,
kommande,ED,2026/27,2026-12-20,,Go Ahead Eagles,Ajax,,,,,,,,,,,,,,,,,,,,,,,,,,,,,,,,,,,-0.0029,-0.0323,0.3388,,10,-0.3,0.3733,0.5186,,,,,,,,,,,,,,,,,,2026-10-04T09:27:34.347Z,1,4,0.0189,0.1576,
kommande,ED,2026/27,2026-12-20,,Nijmegen,Den Haag,,,,,,,,,,,,,,,,,,,,,,,,,,,,,,,,,,,0.5795,-0.197,0.2159,,,,,,,,,,,,,,,,,,,,,,,2026-10-04T09:27:34.347Z,3,1,0.2412,0.0239,
kommande,ED,2026/27,2026-12-20,,PSV Eindhoven,Zwolle,,,,,,,,,,,,,,,,,,,,,,,,,,,,,,,,,,,0.653,-1.8721,0.5326,,13,2.5385,0.3162,-0.1356,,,,,,,,,,,,,,,,,,2026-10-04T09:27:34.347Z,6,2,0.1475,0.113,
kommande,ED,2026/27,2027-01-08,,Twente,For Sittard,,,,,,,,,,,,,,,,,,,,,,,,,,,,,,,,,,,-0.9993,1.739,-0.6679,,13,1.3846,0.2055,-0.1498,,,,,,,,,,,,,,,,,,2026-10-04T09:27:34.347Z,2,3,0.1391,0.0985,
kommande,ED,2026/27,2027-01-09,,AZ Alkmaar,Heerenveen,,,,,,,,,,,,,,,,,,,,,,,,,,,,,,,,,,,0.4825,0.2331,0.4619,,16,1.5,0.281,-0.1015,,,,,,,,,,,,,,,,,,2026-10-04T09:27:34.347Z,2,3,0.1232,0.0783,
kommande,ED,2026/27,2027-01-09,,Sparta Rotterdam,Excelsior,,,,,,,,,,,,,,,,,,,,,,,,,,,,,,,,,,,-1.0605,1.6511,-1.1681,,7,0.4286,0.1064,-0.2588,,,,,,,,,,,,,,,,,,2026-10-04T09:27:34.347Z,0,0,0,0,
kommande,ED,2026/27,2027-01-09,,Willem II,Ajax,,,,,,,,,,,,,,,,,,,,,,,,,,,,,,,,,,,-0.3887,1.1363,-0.1506,,9,-2,0.1383,-0.005,,,,,,,,,,,,,,,,,,2026-10-04T09:27:34.347Z,4,4,0.0834,0.1576,
kommande,ED,2026/27,2027-01-09,,Zwolle,Utrecht,,,,,,,,,,,,,,,,,,,,,,,,,,,,,,,,,,,-0.0371,0.0431,-0.0016,,13,-0.6923,-0.0303,0.223,,,,,,,,,,,,,,,,,,2026-10-04T09:27:34.347Z,2,5,0.113,0.2309,
kommande,ED,2026/27,2027-01-10,,Den Haag,Telstar,,,,,,,,,,,,,,,,,,,,,,,,,,,,,,,,,,,-0.8306,0.7078,-0.72,,,,,,,,,,,,,,,,,,,,,,,2026-10-04T09:27:34.347Z,1,0,0.0239,0,
kommande,ED,2026/27,2027-01-10,,Feyenoord,PSV Eindhoven,,,,,,,,,,,,,,,,,,,,,,,,,,,,,,,,,,,-0.3172,0.4906,-0.0318,,15,-0.6,-0.1369,0.1587,,,,,,,,,,,,,,,,,,2026-10-04T09:27:34.347Z,5,6,0.1522,0.1475,
kommande,ED,2026/27,2027-01-10,,Groningen,Go Ahead Eagles,,,,,,,,,,,,,,,,,,,,,,,,,,,,,,,,,,,0.5447,-0.3024,0.1879,,9,0.3333,0.0719,0.1893,,,,,,,,,,,,,,,,,,2026-10-04T09:27:34.347Z,7,1,0.1496,0.0189,
kommande,ED,2026/27,2027-01-10,,Nijmegen,Cambuur,,,,,,,,,,,,,,,,,,,,,,,,,,,,,,,,,,,0.0902,-0.0672,-0.6365,,5,0,-0.2224,-0.0535,,,,,,,,,,,,,,,,,,2026-10-04T09:27:34.347Z,3,2,0.2412,0.0691,
kommande,ED,2026/27,2027-01-15,,Heerenveen,Sparta Rotterdam,,,,,,,,,,,,,,,,,,,,,,,,,,,,,,,,,,,0.5709,-1.068,0.4184,,14,0.2143,0.1137,-0.0466,,,,,,,,,,,,,,,,,,2026-10-04T09:27:34.347Z,3,0,0.0783,0,
kommande,ED,2026/27,2027-01-16,,Den Haag,Zwolle,,,,,,,,,,,,,,,,,,,,,,,,,,,,,,,,,,,-0.3344,-0.5626,-0.4697,,4,0,0.4074,-0.2564,,,,,,,,,,,,,,,,,,2026-10-04T09:27:34.347Z,1,2,0.0239,0.113,
kommande,ED,2026/27,2027-01-16,,Excelsior,Feyenoord,,,,,,,,,,,,,,,,,,,,,,,,,,,,,,,,,,,0.3717,-0.476,0.3322,,7,-2.1429,0.0037,-0.1409,,,,,,,,,,,,,,,,,,2026-10-04T09:27:34.347Z,0,5,0,0.1522,
kommande,ED,2026/27,2027-01-16,,For Sittard,PSV Eindhoven,,,,,,,,,,,,,,,,,,,,,,,,,,,,,,,,,,,0.4212,0.0637,0.3986,,15,-2.4,-0.1551,0.0732,,,,,,,,,,,,,,,,,,2026-10-04T09:27:34.347Z,3,6,0.0985,0.1475,
kommande,ED,2026/27,2027-01-16,,Telstar,Nijmegen,,,,,,,,,,,,,,,,,,,,,,,,,,,,,,,,,,,0.2512,-0.5109,0.504,,3,1,0.8272,0.4526,,,,,,,,,,,,,,,,,,2026-10-04T09:27:34.347Z,0,3,0,0.2412,
kommande,ED,2026/27,2027-01-17,,Ajax,Groningen,,,,,,,,,,,,,,,,,,,,,,,,,,,,,,,,,,,-0.5417,0.3347,-0.5267,,13,1.3846,-0.1356,-0.0897,,,,,,,,,,,,,,,,,,2026-10-04T09:27:34.347Z,4,7,0.1576,0.1496,
kommande,ED,2026/27,2027-01-17,,Cambuur,Willem II,,,,,,,,,,,,,,,,,,,,,,,,,,,,,,,,,,,0.4125,-0.6379,0.5569,,,,,,,,,,,,,,,,,,,,,,,2026-10-04T09:27:34.347Z,2,4,0.0691,0.0834,
kommande,ED,2026/27,2027-01-17,,Go Ahead Eagles,AZ Alkmaar,,,,,,,,,,,,,,,,,,,,,,,,,,,,,,,,,,,-0.5723,-0.1819,-0.23,,11,-2.1818,-0.4937,0.0571,,,,,,,,,,,,,,,,,,2026-10-04T09:27:34.347Z,1,2,0.0189,0.1232,
kommande,ED,2026/27,2027-01-17,,Utrecht,Twente,,,,,,,,,,,,,,,,,,,,,,,,,,,,,,,,,,,-0.0378,0.0263,-0.2616,,14,0.6429,0.332,-0.0347,,,,,,,,,,,,,,,,,,2026-10-04T09:27:34.347Z,5,2,0.2309,0.1391,
kommande,ED,2026/27,2027-01-22,,Excelsior,For Sittard,,,,,,,,,,,,,,,,,,,,,,,,,,,,,,,,,,,-0.3667,-0.0491,-0.0981,,7,-0.8571,-0.2192,-0.1108,,,,,,,,,,,,,,,,,,2026-10-04T09:27:34.347Z,0,3,0,0.0985,
kommande,ED,2026/27,2027-01-23,,Ajax,Telstar,,,,,,,,,,,,,,,,,,,,,,,,,,,,,,,,,,,-0.3652,0.0796,-0.2738,,3,3,0.8178,-0.1832,,,,,,,,,,,,,,,,,,2026-10-04T09:27:34.347Z,4,0,0.1576,0,
kommande,ED,2026/27,2027-01-23,,Feyenoord,Zwolle,,,,,,,,,,,,,,,,,,,,,,,,,,,,,,,,,,,0.3358,-1.3815,0.5008,,13,3,0.6904,-0.1659,,,,,,,,,,,,,,,,,,2026-10-04T09:27:34.347Z,5,2,0.1522,0.113,
kommande,ED,2026/27,2027-01-23,,PSV Eindhoven,Den Haag,,,,,,,,,,,,,,,,,,,,,,,,,,,,,,,,,,,0.9874,-1.3095,1.0022,,5,2.4,0.1595,0.0521,,,,,,,,,,,,,,,,,,2026-10-04T09:27:34.347Z,6,1,0.1475,0.0239,
kommande,ED,2026/27,2027-01-23,,Twente,Heerenveen,,,,,,,,,,,,,,,,,,,,,,,,,,,,,,,,,,,-0.143,1.205,0.1799,,15,0.6,-0.0934,0.1557,,,,,,,,,,,,,,,,,,2026-10-04T09:27:34.347Z,2,3,0.1391,0.0783,
kommande,ED,2026/27,2027-01-24,,AZ Alkmaar,Utrecht,,,,,,,,,,,,,,,,,,,,,,,,,,,,,,,,,,,0.6633,-0.9982,0.5436,,14,0.4286,-0.1751,0.181,,,,,,,,,,,,,,,,,,2026-10-04T09:27:34.347Z,2,5,0.1232,0.2309,
kommande,ED,2026/27,2027-01-24,,Go Ahead Eagles,Cambuur,,,,,,,,,,,,,,,,,,,,,,,,,,,,,,,,,,,-0.0268,-0.5307,-0.0675,,4,-0.75,-0.3551,-0.0099,,,,,,,,,,,,,,,,,,2026-10-04T09:27:34.347Z,1,2,0.0189,0.0691,
kommande,ED,2026/27,2027-01-24,,Nijmegen,Willem II,,,,,,,,,,,,,,,,,,,,,,,,,,,,,,,,,,,0.5027,-0.7051,-0.0796,,5,0.6,-0.0805,0.1422,,,,,,,,,,,,,,,,,,2026-10-04T09:27:34.347Z,3,4,0.2412,0.0834,
kommande,ED,2026/27,2027-01-24,,Sparta Rotterdam,Groningen,,,,,,,,,,,,,,,,,,,,,,,,,,,,,,,,,,,-1.0258,1.3191,-0.8383,,12,0.75,0.4675,-0.1964,,,,,,,,,,,,,,,,,,2026-10-04T09:27:34.347Z,0,7,0,0.1496,
kommande,ED,2026/27,2027-01-29,,Utrecht,Excelsior,,,,,,,,,,,,,,,,,,,,,,,,,,,,,,,,,,,-0.6704,1.8145,-0.8314,,8,1.125,-0.0256,0.1519,,,,,,,,,,,,,,,,,,2026-10-04T09:27:34.347Z,5,0,0.2309,0,
kommande,ED,2026/27,2027-01-30,,Den Haag,Go Ahead Eagles,,,,,,,,,,,,,,,,,,,,,,,,,,,,,,,,,,,-0.4625,0.6605,-0.7849,,,,,,,,,,,,,,,,,,,,,,,2026-10-04T09:27:34.347Z,1,1,0.0239,0.0189,
kommande,ED,2026/27,2027-01-30,,Sparta Rotterdam,Telstar,,,,,,,,,,,,,,,,,,,,,,,,,,,,,,,,,,,-0.8493,1.064,-0.5854,,3,1,0.6454,-0.2487,,,,,,,,,,,,,,,,,,2026-10-04T09:27:34.347Z,0,0,0,0,
kommande,ED,2026/27,2027-01-30,,Willem II,PSV Eindhoven,,,,,,,,,,,,,,,,,,,,,,,,,,,,,,,,,,,-0.9106,1.8176,-0.7067,,9,-1.3333,0.2201,-0.0642,,,,,,,,,,,,,,,,,,2026-10-04T09:27:34.347Z,4,6,0.0834,0.1475,
kommande,ED,2026/27,2027-01-30,,Zwolle,For Sittard,,,,,,,,,,,,,,,,,,,,,,,,,,,,,,,,,,,-1.0742,1.8084,-0.9311,,13,0.6923,0.32,-0.1093,,,,,,,,,,,,,,,,,,2026-10-04T09:27:34.347Z,2,3,0.113,0.0985,
kommande,ED,2026/27,2027-01-31,,AZ Alkmaar,Feyenoord,,,,,,,,,,,,,,,,,,,,,,,,,,,,,,,,,,,0.3646,0.3402,0.0444,,14,-0.8571,-0.137,-0.1051,,,,,,,,,,,,,,,,,,2026-10-04T09:27:34.347Z,2,5,0.1232,0.1522,
kommande,ED,2026/27,2027-01-31,,Groningen,Nijmegen,,,,,,,,,,,,,,,,,,,,,,,,,,,,,,,,,,,0.4277,-0.766,0.7569,,8,-0.375,-0.0163,-0.1604,,,,,,,,,,,,,,,,,,2026-10-04T09:27:34.347Z,7,3,0.1496,0.2412,
kommande,ED,2026/27,2027-01-31,,Heerenveen,Ajax,,,,,,,,,,,,,,,,,,,,,,,,,,,,,,,,,,,0.0868,-0.0836,0.1069,,15,-2,-0.1676,0.0313,,,,,,,,,,,,,,,,,,2026-10-04T09:27:34.347Z,3,4,0.0783,0.1576,
kommande,ED,2026/27,2027-01-31,,Twente,Cambuur,,,,,,,,,,,,,,,,,,,,,,,,,,,,,,,,,,,-0.08,0.623,-0.1195,,5,1.8,0.3492,-0.2065,,,,,,,,,,,,,,,,,,2026-10-04T09:27:34.347Z,2,2,0.1391,0.0691,
kommande,ED,2026/27,2027-02-06,,Twente,Sparta Rotterdam,,,,,,,,,,,,,,,,,,,,,,,,,,,,,,,,,,,0.4279,0.1371,0.5983,,14,1.0714,0.1708,0.1105,,,,,,,,,,,,,,,,,,2026-10-04T09:27:34.347Z,2,0,0.1391,0,
kommande,ED,2026/27,2027-02-13,,Cambuur,Utrecht,,,,,,,,,,,,,,,,,,,,,,,,,,,,,,,,,,,0.1178,-0.6493,0.3811,,4,-0.75,0.1784,0.03,,,,,,,,,,,,,,,,,,2026-10-04T09:27:34.347Z,2,5,0.0691,0.2309,
kommande,ED,2026/27,2027-02-13,,Excelsior,Ajax,,,,,,,,,,,,,,,,,,,,,,,,,,,,,,,,,,,0.5764,-0.6667,0.8566,,8,-0.75,0.4331,0.3598,,,,,,,,,,,,,,,,,,2026-10-04T09:27:34.347Z,0,4,0,0.1576,
kommande,ED,2026/27,2027-02-13,,Feyenoord,Nijmegen,,,,,,,,,,,,,,,,,,,,,,,,,,,,,,,,,,,0.0907,-0.6219,0.7545,,11,1.0909,-0.254,0.26,,,,,,,,,,,,,,,,,,2026-10-04T09:27:34.347Z,5,3,0.1522,0.2412,
kommande,ED,2026/27,2027-02-13,,For Sittard,Den Haag,,,,,,,,,,,,,,,,,,,,,,,,,,,,,,,,,,,1.4085,-1.2458,1.4008,,5,2.4,1.0635,-0.0434,,,,,,,,,,,,,,,,,,2026-10-04T09:27:34.347Z,3,1,0.0985,0.0239,
kommande,ED,2026/27,2027-02-13,,Go Ahead Eagles,Zwolle,,,,,,,,,,,,,,,,,,,,,,,,,,,,,,,,,,,0.1281,-1.2232,0.3153,,8,1.5,0.4846,0.2393,,,,,,,,,,,,,,,,,,2026-10-04T09:27:34.347Z,1,2,0.0189,0.113,
kommande,ED,2026/27,2027-02-13,,Groningen,AZ Alkmaar,,,,,,,,,,,,,,,,,,,,,,,,,,,,,,,,,,,-0.0276,-0.4843,-0.042,,12,-0.75,0.2205,0.0181,,,,,,,,,,,,,,,,,,2026-10-04T09:27:34.347Z,7,2,0.1496,0.1232,
kommande,ED,2026/27,2027-02-13,,PSV Eindhoven,Twente,,,,,,,,,,,,,,,,,,,,,,,,,,,,,,,,,,,0.5781,-1.8027,0.2694,,15,1.4,0.0834,0.051,,,,,,,,,,,,,,,,,,2026-10-04T09:27:34.347Z,6,2,0.1475,0.1391,
kommande,ED,2026/27,2027-02-13,,Telstar,Heerenveen,,,,,,,,,,,,,,,,,,,,,,,,,,,,,,,,,,,0.2784,0.0039,0.167,,3,-2,-0.5996,0.1014,,,,,,,,,,,,,,,,,,2026-10-04T09:27:34.347Z,0,3,0,0.0783,
kommande,ED,2026/27,2027-02-13,,Willem II,Sparta Rotterdam,,,,,,,,,,,,,,,,,,,,,,,,,,,,,,,,,,,0.0954,0.1519,0.1609,,7,-1.2857,-0.3155,-0.2695,,,,,,,,,,,,,,,,,,2026-10-04T09:27:34.347Z,4,0,0.0834,0,
kommande,ED,2026/27,2027-02-20,,Ajax,Go Ahead Eagles,,,,,,,,,,,,,,,,,,,,,,,,,,,,,,,,,,,0.0029,0.0323,-0.3388,,10,0.3,-0.8919,0.5186,,,,,,,,,,,,,,,,,,2026-10-04T09:27:34.347Z,4,1,0.1576,0.0189,
kommande,ED,2026/27,2027-02-20,,AZ Alkmaar,For Sittard,,,,,,,,,,,,,,,,,,,,,,,,,,,,,,,,,,,-0.3738,0.7671,-0.3859,,15,2,0.2444,-0.1235,,,,,,,,,,,,,,,,,,2026-10-04T09:27:34.347Z,2,3,0.1232,0.0985,
kommande,ED,2026/27,2027-02-20,,Feyenoord,Telstar,,,,,,,,,,,,,,,,,,,,,,,,,,,,,,,,,,,-0.1605,-0.111,0.2505,,,,,,,,,,,,,,,,,,,,,,,2026-10-04T09:27:34.347Z,5,0,0.1522,0,
kommande,ED,2026/27,2027-02-20,,Heerenveen,Willem II,,,,,,,,,,,,,,,,,,,,,,,,,,,,,,,,,,,0.4755,-1.2199,0.2575,,9,1,0.2216,-0.036,,,,,,,,,,,,,,,,,,2026-10-04T09:27:34.347Z,3,4,0.0783,0.0834,
kommande,ED,2026/27,2027-02-20,,Nijmegen,Sparta Rotterdam,,,,,,,,,,,,,,,,,,,,,,,,,,,,,,,,,,,0.5981,-0.5531,0.0814,,10,0,-0.1954,0.3303,,,,,,,,,,,,,,,,,,2026-10-04T09:27:34.347Z,3,0,0.2412,0,
kommande,ED,2026/27,2027-02-20,,PSV Eindhoven,Cambuur,,,,,,,,,,,,,,,,,,,,,,,,,,,,,,,,,,,0.4981,-1.1797,0.1498,,4,1.5,-0.2554,-0.1307,,,,,,,,,,,,,,,,,,2026-10-04T09:27:34.347Z,6,2,0.1475,0.0691,
kommande,ED,2026/27,2027-02-20,,Twente,Excelsior,,,,,,,,,,,,,,,,,,,,,,,,,,,,,,,,,,,-0.6326,1.7881,-0.5698,,6,1,-0.3769,0.1432,,,,,,,,,,,,,,,,,,2026-10-04T09:27:34.347Z,2,0,0.1391,0,
kommande,ED,2026/27,2027-02-20,,Utrecht,Den Haag,,,,,,,,,,,,,,,,,,,,,,,,,,,,,,,,,,,0.3714,0.5196,0.4713,,5,1.2,-0.143,0.0119,,,,,,,,,,,,,,,,,,2026-10-04T09:27:34.347Z,5,1,0.2309,0.0239,
kommande,ED,2026/27,2027-02-20,,Zwolle,Groningen,,,,,,,,,,,,,,,,,,,,,,,,,,,,,,,,,,,-0.6728,1.5256,-0.5032,,12,0.25,0.2376,0.1507,,,,,,,,,,,,,,,,,,2026-10-04T09:27:34.347Z,2,7,0.113,0.1496,
kommande,ED,2026/27,2027-02-27,,Ajax,Feyenoord,,,,,,,,,,,,,,,,,,,,,,,,,,,,,,,,,,,-0.2047,0.1907,-0.5243,,13,1.1538,0.4184,-0.0659,,,,,,,,,,,,,,,,,,2026-10-04T09:27:34.347Z,4,5,0.1576,0.1522,
kommande,ED,2026/27,2027-02-27,,Cambuur,Zwolle,,,,,,,,,,,,,,,,,,,,,,,,,,,,,,,,,,,0.1549,-0.6924,0.3827,,,,,,,,,,,,,,,,,,,,,,,2026-10-04T09:27:34.347Z,2,2,0.0691,0.113,
kommande,ED,2026/27,2027-02-27,,Den Haag,Twente,,,,,,,,,,,,,,,,,,,,,,,,,,,,,,,,,,,-0.4092,-0.4932,-0.7329,,4,-2.25,-0.5971,0.0439,,,,,,,,,,,,,,,,,,2026-10-04T09:27:34.347Z,1,2,0.0239,0.1391,
kommande,ED,2026/27,2027-02-27,,Excelsior,Heerenveen,,,,,,,,,,,,,,,,,,,,,,,,,,,,,,,,,,,0.4896,-0.5831,0.7497,,7,-0.8571,0.069,-0.091,,,,,,,,,,,,,,,,,,2026-10-04T09:27:34.347Z,0,3,0,0.0783,
kommande,ED,2026/27,2027-02-27,,For Sittard,Utrecht,,,,,,,,,,,,,,,,,,,,,,,,,,,,,,,,,,,1.0371,-1.7653,0.9295,,14,-0.6429,0.1792,0.1338,,,,,,,,,,,,,,,,,,2026-10-04T09:27:34.347Z,3,5,0.0985,0.2309,
kommande,ED,2026/27,2027-02-27,,Nijmegen,AZ Alkmaar,,,,,,,,,,,,,,,,,,,,,,,,,,,,,,,,,,,-0.4553,0.2817,-0.7989,,10,-0.3,0.3804,0.0723,,,,,,,,,,,,,,,,,,2026-10-04T09:27:34.347Z,3,2,0.2412,0.1232,
kommande,ED,2026/27,2027-02-27,,Sparta Rotterdam,PSV Eindhoven,,,,,,,,,,,,,,,,,,,,,,,,,,,,,,,,,,,-1.006,1.6656,-0.8677,,14,-2.5714,-0.4199,-0.0287,,,,,,,,,,,,,,,,,,2026-10-04T09:27:34.347Z,0,6,0,0.1475,
kommande,ED,2026/27,2027-02-27,,Telstar,Go Ahead Eagles,,,,,,,,,,,,,,,,,,,,,,,,,,,,,,,,,,,0.3681,-0.0473,-0.065,,,,,,,,,,,,,,,,,,,,,,,2026-10-04T09:27:34.347Z,0,1,0,0.0189,
kommande,ED,2026/27,2027-02-27,,Willem II,Groningen,,,,,,,,,,,,,,,,,,,,,,,,,,,,,,,,,,,-0.9305,1.4711,-0.6773,,8,-1.5,-0.4538,-0.2933,,,,,,,,,,,,,,,,,,2026-10-04T09:27:34.347Z,4,7,0.0834,0.1496,
kommande,ED,2026/27,2027-03-06,,Den Haag,Ajax,,,,,,,,,,,,,,,,,,,,,,,,,,,,,,,,,,,-0.4654,0.6282,-0.4461,,4,-3,-0.164,-0.0713,,,,,,,,,,,,,,,,,,2026-10-04T09:27:34.347Z,1,4,0.0239,0.1576,
kommande,ED,2026/27,2027-03-06,,Feyenoord,Heerenveen,,,,,,,,,,,,,,,,,,,,,,,,,,,,,,,,,,,0.1179,-0.1071,0.4175,,15,1.6,0.0771,0.0071,,,,,,,,,,,,,,,,,,2026-10-04T09:27:34.347Z,5,3,0.1522,0.0783,
kommande,ED,2026/27,2027-03-06,,For Sittard,Nijmegen,,,,,,,,,,,,,,,,,,,,,,,,,,,,,,,,,,,0.8291,-1.0488,1.1849,,10,-0.3,0.0639,0.0503,,,,,,,,,,,,,,,,,,2026-10-04T09:27:34.347Z,3,3,0.0985,0.2412,
kommande,ED,2026/27,2027-03-06,,Go Ahead Eagles,Excelsior,,,,,,,,,,,,,,,,,,,,,,,,,,,,,,,,,,,-0.5793,0.6344,-0.5178,,6,1.5,0.457,-0.0728,,,,,,,,,,,,,,,,,,2026-10-04T09:27:34.347Z,1,0,0.0189,0,
kommande,ED,2026/27,2027-03-06,,Groningen,Telstar,,,,,,,,,,,,,,,,,,,,,,,,,,,,,,,,,,,0.1765,-0.2551,0.2529,,,,,,,,,,,,,,,,,,,,,,,2026-10-04T09:27:34.347Z,7,0,0.1496,0,
kommande,ED,2026/27,2027-03-06,,PSV Eindhoven,Utrecht,,,,,,,,,,,,,,,,,,,,,,,,,,,,,,,,,,,0.6159,-1.829,0.5309,,14,1.7143,0.1577,0.0813,,,,,,,,,,,,,,,,,,2026-10-04T09:27:34.347Z,6,5,0.1475,0.2309,
kommande,ED,2026/27,2027-03-06,,Sparta Rotterdam,Cambuur,,,,,,,,,,,,,,,,,,,,,,,,,,,,,,,,,,,-0.5079,0.4859,-0.7178,,4,0.75,0.0169,-0.0011,,,,,,,,,,,,,,,,,,2026-10-04T09:27:34.347Z,0,2,0,0.0691,
kommande,ED,2026/27,2027-03-06,,Twente,AZ Alkmaar,,,,,,,,,,,,,,,,,,,,,,,,,,,,,,,,,,,-0.6255,0.9719,-0.282,,14,0,0.2903,-0.112,,,,,,,,,,,,,,,,,,2026-10-04T09:27:34.347Z,2,2,0.1391,0.1232,
kommande,ED,2026/27,2027-03-06,,Zwolle,Willem II,,,,,,,,,,,,,,,,,,,,,,,,,,,,,,,,,,,0.2576,0.0545,0.1742,,9,-0.3333,-0.0786,-0.0469,,,,,,,,,,,,,,,,,,2026-10-04T09:27:34.347Z,2,4,0.113,0.0834,
kommande,ED,2026/27,2027-03-13,,Ajax,Zwolle,,,,,,,,,,,,,,,,,,,,,,,,,,,,,,,,,,,0.1311,-1.1908,-0.0235,,12,2.5,0.302,0.0114,,,,,,,,,,,,,,,,,,2026-10-04T09:27:34.347Z,4,2,0.1576,0.113,
kommande,ED,2026/27,2027-03-13,,AZ Alkmaar,Sparta Rotterdam,,,,,,,,,,,,,,,,,,,,,,,,,,,,,,,,,,,1.0534,-0.8348,0.8803,,14,1.0714,-0.0021,-0.023,,,,,,,,,,,,,,,,,,2026-10-04T09:27:34.347Z,2,0,0.1232,0,
kommande,ED,2026/27,2027-03-13,,Cambuur,Den Haag,,,,,,,,,,,,,,,,,,,,,,,,,,,,,,,,,,,0.4893,-0.1298,0.8524,,,,,,,,,,,,,,,,,,,,,,,2026-10-04T09:27:34.347Z,2,1,0.0691,0.0239,
kommande,ED,2026/27,2027-03-13,,Excelsior,Nijmegen,,,,,,,,,,,,,,,,,,,,,,,,,,,,,,,,,,,0.4624,-1.0979,1.0868,,7,-1.2857,-0.2663,0.0453,,,,,,,,,,,,,,,,,,2026-10-04T09:27:34.347Z,0,3,0,0.2412,
kommande,ED,2026/27,2027-03-13,,Go Ahead Eagles,Feyenoord,,,,,,,,,,,,,,,,,,,,,,,,,,,,,,,,,,,-0.2076,0.1584,-0.1855,,11,-2.1818,-0.1853,-0.0823,,,,,,,,,,,,,,,,,,2026-10-04T09:27:34.347Z,1,5,0.0189,0.1522,
kommande,ED,2026/27,2027-03-13,,Heerenveen,For Sittard,,,,,,,,,,,,,,,,,,,,,,,,,,,,,,,,,,,-0.8563,0.534,-0.8478,,14,-0.2143,-0.3974,-0.037,,,,,,,,,,,,,,,,,,2026-10-04T09:27:34.347Z,3,3,0.0783,0.0985,
kommande,ED,2026/27,2027-03-13,,Telstar,PSV Eindhoven,,,,,,,,,,,,,,,,,,,,,,,,,,,,,,,,,,,-0.1567,0.6016,-0.2823,,,,,,,,,,,,,,,,,,,,,,,2026-10-04T09:27:34.347Z,0,6,0,0.1475,
kommande,ED,2026/27,2027-03-13,,Utrecht,Groningen,,,,,,,,,,,,,,,,,,,,,,,,,,,,,,,,,,,-0.6357,1.4825,-0.5015,,12,0.75,0.1644,-0.0164,,,,,,,,,,,,,,,,,,2026-10-04T09:27:34.347Z,5,7,0.2309,0.1496,
kommande,ED,2026/27,2027-03-13,,Willem II,Twente,,,,,,,,,,,,,,,,,,,,,,,,,,,,,,,,,,,-0.3325,0.0149,-0.4374,,7,-1.2857,-0.2769,0.0331,,,,,,,,,,,,,,,,,,2026-10-04T09:27:34.347Z,4,2,0.0834,0.1391,
kommande,ED,2026/27,2027-03-20,,AZ Alkmaar,Excelsior,,,,,,,,,,,,,,,,,,,,,,,,,,,,,,,,,,,-0.0071,0.8162,-0.2878,,7,0.4286,-0.635,0.1037,,,,,,,,,,,,,,,,,,2026-10-04T09:27:34.347Z,2,0,0.1232,0,
kommande,ED,2026/27,2027-03-20,,Den Haag,Willem II,,,,,,,,,,,,,,,,,,,,,,,,,,,,,,,,,,,-0.0767,-0.5081,-0.2955,,4,0,0.138,0.2446,,,,,,,,,,,,,,,,,,2026-10-04T09:27:34.347Z,1,4,0.0239,0.0834,
kommande,ED,2026/27,2027-03-20,,Feyenoord,Cambuur,,,,,,,,,,,,,,,,,,,,,,,,,,,,,,,,,,,0.1809,-0.6891,0.1181,,5,3,0.5317,-0.1401,,,,,,,,,,,,,,,,,,2026-10-04T09:27:34.347Z,5,2,0.1522,0.0691,
kommande,ED,2026/27,2027-03-20,,Groningen,PSV Eindhoven,,,,,,,,,,,,,,,,,,,,,,,,,,,,,,,,,,,0.0198,0.3465,-0.0294,,13,-2.5385,-0.3407,-0.1817,,,,,,,,,,,,,,,,,,2026-10-04T09:27:34.347Z,7,6,0.1496,0.1475,
kommande,ED,2026/27,2027-03-20,,Nijmegen,Ajax,,,,,,,,,,,,,,,,,,,,,,,,,,,,,,,,,,,0.114,0.4312,-0.2302,,10,-1.2,-0.0226,0.2152,,,,,,,,,,,,,,,,,,2026-10-04T09:27:34.347Z,3,4,0.2412,0.1576,
kommande,ED,2026/27,2027-03-20,,Telstar,For Sittard,,,,,,,,,,,,,,,,,,,,,,,,,,,,,,,,,,,-0.5779,0.538,-0.6808,,,,,,,,,,,,,,,,,,,,,,,2026-10-04T09:27:34.347Z,0,3,0,0.0985,
kommande,ED,2026/27,2027-03-20,,Twente,Go Ahead Eagles,,,,,,,,,,,,,,,,,,,,,,,,,,,,,,,,,,,-0.0533,1.1537,-0.0521,,10,1.5,0.2308,0.0605,,,,,,,,,,,,,,,,,,2026-10-04T09:27:34.347Z,2,1,0.1391,0.0189,
kommande,ED,2026/27,2027-03-20,,Utrecht,Sparta Rotterdam,,,,,,,,,,,,,,,,,,,,,,,,,,,,,,,,,,,0.3901,0.1634,0.3367,,15,1.2,0.3447,-0.0604,,,,,,,,,,,,,,,,,,2026-10-04T09:27:34.347Z,5,0,0.2309,0,
kommande,ED,2026/27,2027-03-20,,Zwolle,Heerenveen,,,,,,,,,,,,,,,,,,,,,,,,,,,,,,,,,,,-0.2179,1.2744,-0.0833,,12,0.25,0.47,0.0036,,,,,,,,,,,,,,,,,,2026-10-04T09:27:34.347Z,2,3,0.113,0.0783,
kommande,ED,2026/27,2027-04-03,,Ajax,Twente,,,,,,,,,,,,,,,,,,,,,,,,,,,,,,,,,,,0.0562,-1.1214,-0.2867,,13,0.4615,-0.3257,0.0264,,,,,,,,,,,,,,,,,,2026-10-04T09:27:34.347Z,4,2,0.1576,0.1391,
kommande,ED,2026/27,2027-04-03,,Cambuur,Telstar,,,,,,,,,,,,,,,,,,,,,,,,,,,,,,,,,,,-0.3414,0.5781,0.1324,,,,,,,,,,,,,,,,,,,,,,,2026-10-04T09:27:34.347Z,2,0,0.0691,0,
kommande,ED,2026/27,2027-04-03,,Excelsior,Zwolle,,,,,,,,,,,,,,,,,,,,,,,,,,,,,,,,,,,0.7075,-1.8576,0.833,,4,-0.75,-0.3282,-0.0089,,,,,,,,,,,,,,,,,,2026-10-04T09:27:34.347Z,0,2,0,0.113,
kommande,ED,2026/27,2027-04-03,,For Sittard,Feyenoord,,,,,,,,,,,,,,,,,,,,,,,,,,,,,,,,,,,0.7384,-0.4269,0.4304,,15,-2,-0.0993,0.0346,,,,,,,,,,,,,,,,,,2026-10-04T09:27:34.347Z,3,5,0.0985,0.1522,
kommande,ED,2026/27,2027-04-03,,Go Ahead Eagles,Nijmegen,,,,,,,,,,,,,,,,,,,,,,,,,,,,,,,,,,,-0.117,-0.4635,0.569,,11,0,0.0252,0.1972,,,,,,,,,,,,,,,,,,2026-10-04T09:27:34.347Z,1,3,0.0189,0.2412,
kommande,ED,2026/27,2027-04-03,,Heerenveen,Groningen,,,,,,,,,,,,,,,,,,,,,,,,,,,,,,,,,,,-0.4549,0.2512,-0.4199,,12,0.5,0.1692,0.0544,,,,,,,,,,,,,,,,,,2026-10-04T09:27:34.347Z,3,7,0.0783,0.1496,
kommande,ED,2026/27,2027-04-03,,PSV Eindhoven,AZ Alkmaar,,,,,,,,,,,,,,,,,,,,,,,,,,,,,,,,,,,-0.0474,-0.8308,-0.0127,,14,0.2143,-0.2116,-0.1637,,,,,,,,,,,,,,,,,,2026-10-04T09:27:34.347Z,6,2,0.1475,0.1232,
kommande,ED,2026/27,2027-04-03,,Sparta Rotterdam,Den Haag,,,,,,,,,,,,,,,,,,,,,,,,,,,,,,,,,,,-0.0187,0.3562,0.1346,,4,2.25,0.6492,0.0104,,,,,,,,,,,,,,,,,,2026-10-04T09:27:34.347Z,0,1,0,0.0239,
kommande,ED,2026/27,2027-04-03,,Willem II,Utrecht,,,,,,,,,,,,,,,,,,,,,,,,,,,,,,,,,,,-0.2947,-0.0114,-0.1758,,8,-1.875,-0.4044,-0.1155,,,,,,,,,,,,,,,,,,2026-10-04T09:27:34.347Z,4,5,0.0834,0.2309,
kommande,ED,2026/27,2027-04-10,,Cambuur,For Sittard,,,,,,,,,,,,,,,,,,,,,,,,,,,,,,,,,,,-0.9193,1.116,-0.5484,,5,-0.6,-0.1325,-0.2565,,,,,,,,,,,,,,,,,,2026-10-04T09:27:34.347Z,2,3,0.0691,0.0985,
kommande,ED,2026/27,2027-04-10,,Den Haag,Feyenoord,,,,,,,,,,,,,,,,,,,,,,,,,,,,,,,,,,,-0.6701,0.8189,-0.9705,,5,0,1.0279,0.067,,,,,,,,,,,,,,,,,,2026-10-04T09:27:34.347Z,1,5,0.0239,0.1522,
kommande,ED,2026/27,2027-04-10,,Groningen,Excelsior,,,,,,,,,,,,,,,,,,,,,,,,,,,,,,,,,,,-0.0347,0.332,-0.3298,,4,0,-0.1948,-0.2531,,,,,,,,,,,,,,,,,,2026-10-04T09:27:34.347Z,7,0,0.1496,0,
kommande,ED,2026/27,2027-04-10,,Nijmegen,Heerenveen,,,,,,,,,,,,,,,,,,,,,,,,,,,,,,,,,,,0.0272,0.5148,-0.3371,,10,0,-0.0968,0.1402,,,,,,,,,,,,,,,,,,2026-10-04T09:27:34.347Z,3,3,0.2412,0.0783,
kommande,ED,2026/27,2027-04-10,,Sparta Rotterdam,Go Ahead Eagles,,,,,,,,,,,,,,,,,,,,,,,,,,,,,,,,,,,-0.4812,1.0167,-0.6503,,10,0,-0.0086,-0.0733,,,,,,,,,,,,,,,,,,2026-10-04T09:27:34.347Z,0,1,0,0.0189,
kommande,ED,2026/27,2027-04-10,,Telstar,Twente,,,,,,,,,,,,,,,,,,,,,,,,,,,,,,,,,,,0.4214,-1.2011,-0.0129,,3,-1,0.1726,0.4986,,,,,,,,,,,,,,,,,,2026-10-04T09:27:34.347Z,0,2,0,0.1391,
kommande,ED,2026/27,2027-04-10,,Utrecht,Ajax,,,,,,,,,,,,,,,,,,,,,,,,,,,,,,,,,,,-0.094,1.1478,0.0252,,14,-0.4286,0.5034,-0.0527,,,,,,,,,,,,,,,,,,2026-10-04T09:27:34.347Z,5,4,0.2309,0.1576,
kommande,ED,2026/27,2027-04-10,,Willem II,AZ Alkmaar,,,,,,,,,,,,,,,,,,,,,,,,,,,,,,,,,,,-0.958,0.9868,-0.7194,,9,-0.6667,0.3894,0.1349,,,,,,,,,,,,,,,,,,2026-10-04T09:27:34.347Z,4,2,0.0834,0.1232,
kommande,ED,2026/27,2027-04-10,,Zwolle,PSV Eindhoven,,,,,,,,,,,,,,,,,,,,,,,,,,,,,,,,,,,-0.653,1.8721,-0.5326,,12,-2.5,-0.1694,-0.1363,,,,,,,,,,,,,,,,,,2026-10-04T09:27:34.347Z,2,6,0.113,0.1475,
kommande,ED,2026/27,2027-04-24,,AZ Alkmaar,Cambuur,,,,,,,,,,,,,,,,,,,,,,,,,,,,,,,,,,,0.5455,-0.3489,0.1625,,4,2.25,0.3607,0.0522,,,,,,,,,,,,,,,,,,2026-10-04T09:27:34.347Z,2,2,0.1232,0.0691,
kommande,ED,2026/27,2027-04-24,,Excelsior,Willem II,,,,,,,,,,,,,,,,,,,,,,,,,,,,,,,,,,,0.9651,-1.803,1.0072,,,,,,,,,,,,,,,,,,,,,,,2026-10-04T09:27:34.347Z,0,4,0,0.0834,
kommande,ED,2026/27,2027-04-24,,Feyenoord,Sparta Rotterdam,,,,,,,,,,,,,,,,,,,,,,,,,,,,,,,,,,,0.6888,-1.1751,0.8359,,14,1.7143,0.0393,0.0902,,,,,,,,,,,,,,,,,,2026-10-04T09:27:34.347Z,5,0,0.1522,0,
kommande,ED,2026/27,2027-04-24,,For Sittard,Groningen,,,,,,,,,,,,,,,,,,,,,,,,,,,,,,,,,,,0.4014,-0.2828,0.428,,13,0.2308,0.5208,-0.2653,,,,,,,,,,,,,,,,,,2026-10-04T09:27:34.347Z,3,7,0.0985,0.1496,
kommande,ED,2026/27,2027-04-24,,Go Ahead Eagles,Utrecht,,,,,,,,,,,,,,,,,,,,,,,,,,,,,,,,,,,0.0911,-1.1801,0.3136,,11,-0.5455,-0.169,0.3786,,,,,,,,,,,,,,,,,,2026-10-04T09:27:34.347Z,1,5,0.0189,0.2309,
kommande,ED,2026/27,2027-04-24,,Heerenveen,Den Haag,,,,,,,,,,,,,,,,,,,,,,,,,,,,,,,,,,,0.5523,-0.7118,0.553,,4,0.75,-0.4545,0.5307,,,,,,,,,,,,,,,,,,2026-10-04T09:27:34.347Z,3,1,0.0783,0.0239,
kommande,ED,2026/27,2027-04-24,,PSV Eindhoven,Ajax,,,,,,,,,,,,,,,,,,,,,,,,,,,,,,,,,,,0.5219,-0.6813,0.5561,,15,-0.2,-0.1487,0.1785,,,,,,,,,,,,,,,,,,2026-10-04T09:27:34.347Z,6,4,0.1475,0.1576,
kommande,ED,2026/27,2027-04-24,,Twente,Nijmegen,,,,,,,,,,,,,,,,,,,,,,,,,,,,,,,,,,,-0.1702,0.6902,0.5169,,10,0.9,-0.0367,0.0623,,,,,,,,,,,,,,,,,,2026-10-04T09:27:34.347Z,2,3,0.1391,0.2412,
kommande,ED,2026/27,2027-04-24,,Zwolle,Telstar,,,,,,,,,,,,,,,,,,,,,,,,,,,,,,,,,,,-0.4963,1.2705,-0.2503,,,,,,,,,,,,,,,,,,,,,,,2026-10-04T09:27:34.347Z,2,0,0.113,0,
kommande,ED,2026/27,2027-05-01,,Ajax,For Sittard,,,,,,,,,,,,,,,,,,,,,,,,,,,,,,,,,,,-0.9431,0.6176,-0.9547,,14,2.5714,0.3221,-0.0076,,,,,,,,,,,,,,,,,,2026-10-04T09:27:34.347Z,4,3,0.1576,0.0985,
kommande,ED,2026/27,2027-05-01,,Excelsior,Cambuur,,,,,,,,,,,,,,,,,,,,,,,,,,,,,,,,,,,0.5526,-1.1651,0.4503,,3,3,1.7125,-0.2571,,,,,,,,,,,,,,,,,,2026-10-04T09:27:34.347Z,0,2,0,0.0691,
kommande,ED,2026/27,2027-05-01,,Feyenoord,Willem II,,,,,,,,,,,,,,,,,,,,,,,,,,,,,,,,,,,0.5934,-1.327,0.675,,8,2.25,0.3044,0.0642,,,,,,,,,,,,,,,,,,2026-10-04T09:27:34.347Z,5,4,0.1522,0.0834,
kommande,ED,2026/27,2027-05-01,,Go Ahead Eagles,PSV Eindhoven,,,,,,,,,,,,,,,,,,,,,,,,,,,,,,,,,,,-0.5248,0.649,-0.2173,,10,-2.4,-0.203,-0.1574,,,,,,,,,,,,,,,,,,2026-10-04T09:27:34.347Z,1,6,0.0189,0.1475,
kommande,ED,2026/27,2027-05-01,,Groningen,Den Haag,,,,,,,,,,,,,,,,,,,,,,,,,,,,,,,,,,,1.0072,-0.9629,0.9728,,4,2.25,0.8741,-0.0096,,,,,,,,,,,,,,,,,,2026-10-04T09:27:34.347Z,7,1,0.1496,0.0239,
kommande,ED,2026/27,2027-05-01,,Heerenveen,Utrecht,,,,,,,,,,,,,,,,,,,,,,,,,,,,,,,,,,,0.1808,-1.2313,0.0817,,14,-1.2857,-0.4282,0.1821,,,,,,,,,,,,,,,,,,2026-10-04T09:27:34.347Z,3,5,0.0783,0.2309,
kommande,ED,2026/27,2027-05-01,,Nijmegen,Zwolle,,,,,,,,,,,,,,,,,,,,,,,,,,,,,,,,,,,0.2451,-0.7596,-0.2537,,9,2,0.725,0.0875,,,,,,,,,,,,,,,,,,2026-10-04T09:27:34.347Z,3,2,0.2412,0.113,
kommande,ED,2026/27,2027-05-01,,Sparta Rotterdam,Twente,,,,,,,,,,,,,,,,,,,,,,,,,,,,,,,,,,,-0.4279,-0.1371,-0.5983,,14,-1.0714,-0.2813,0.1105,,,,,,,,,,,,,,,,,,2026-10-04T09:27:34.347Z,0,2,0,0.1391,
kommande,ED,2026/27,2027-05-01,,Telstar,AZ Alkmaar,,,,,,,,,,,,,,,,,,,,,,,,,,,,,,,,,,,-0.2041,-0.2292,-0.2949,,3,-3,-0.6903,-0.1892,,,,,,,,,,,,,,,,,,2026-10-04T09:27:34.347Z,0,2,0,0.1232,
kommande,ED,2026/27,2027-05-08,,AZ Alkmaar,Ajax,,,,,,,,,,,,,,,,,,,,,,,,,,,,,,,,,,,0.5693,0.1495,0.5687,,14,1.2857,0.9403,0.0496,,,,,,,,,,,,,,,,,,2026-10-04T09:27:34.347Z,2,4,0.1232,0.1576,
kommande,ED,2026/27,2027-05-08,,Cambuur,Heerenveen,,,,,,,,,,,,,,,,,,,,,,,,,,,,,,,,,,,-0.063,0.582,0.2994,,4,-2.25,-0.8494,-0.0134,,,,,,,,,,,,,,,,,,2026-10-04T09:27:34.347Z,2,3,0.0691,0.0783,
kommande,ED,2026/27,2027-05-08,,Den Haag,Nijmegen,,,,,,,,,,,,,,,,,,,,,,,,,,,,,,,,,,,-0.5795,0.197,-0.2159,,,,,,,,,,,,,,,,,,,,,,,2026-10-04T09:27:34.347Z,1,3,0.0239,0.2412,
kommande,ED,2026/27,2027-05-08,,For Sittard,Go Ahead Eagles,,,,,,,,,,,,,,,,,,,,,,,,,,,,,,,,,,,0.946,-0.5853,0.6159,,10,-0.9,-0.3009,0.0311,,,,,,,,,,,,,,,,,,2026-10-04T09:27:34.347Z,3,1,0.0985,0.0189,
kommande,ED,2026/27,2027-05-08,,PSV Eindhoven,Excelsior,,,,,,,,,,,,,,,,,,,,,,,,,,,,,,,,,,,-0.0545,-0.0146,-0.3005,,7,3,0.4607,-0.1149,,,,,,,,,,,,,,,,,,2026-10-04T09:27:34.347Z,6,0,0.1475,0,
kommande,ED,2026/27,2027-05-08,,Twente,Groningen,,,,,,,,,,,,,,,,,,,,,,,,,,,,,,,,,,,-0.5979,1.4562,-0.24,,13,1.3846,0.2056,0.2887,,,,,,,,,,,,,,,,,,2026-10-04T09:27:34.347Z,2,7,0.1391,0.1496,
kommande,ED,2026/27,2027-05-08,,Utrecht,Feyenoord,,,,,,,,,,,,,,,,,,,,,,,,,,,,,,,,,,,-0.2987,1.3384,-0.4991,,15,-1.6,-0.3188,-0.0222,,,,,,,,,,,,,,,,,,2026-10-04T09:27:34.347Z,5,5,0.2309,0.1522,
kommande,ED,2026/27,2027-05-08,,Willem II,Telstar,,,,,,,,,,,,,,,,,,,,,,,,,,,,,,,,,,,-0.7539,1.216,-0.4245,,,,,,,,,,,,,,,,,,,,,,,2026-10-04T09:27:34.347Z,4,0,0.0834,0,
kommande,ED,2026/27,2027-05-08,,Zwolle,Sparta Rotterdam,,,,,,,,,,,,,,,,,,,,,,,,,,,,,,,,,,,0.353,0.2065,0.3351,,12,0.25,0.2544,0.1505,,,,,,,,,,,,,,,,,,2026-10-04T09:27:34.347Z,2,0,0.113,0,
kommande,ED,2026/27,2027-05-16,,Ajax,Sparta Rotterdam,,,,,,,,,,,,,,,,,,,,,,,,,,,,,,,,,,,0.4841,-0.9844,0.3116,,14,2.3571,0.2966,0.0437,,,,,,,,,,,,,,,,,,2026-10-04T09:27:34.347Z,4,0,0.1576,0,
kommande,ED,2026/27,2027-05-16,,AZ Alkmaar,Zwolle,,,,,,,,,,,,,,,,,,,,,,,,,,,,,,,,,,,0.7004,-1.0413,0.5452,,12,1,-0.353,0.1402,,,,,,,,,,,,,,,,,,2026-10-04T09:27:34.347Z,2,2,0.1232,0.113,
kommande,ED,2026/27,2027-05-16,,Excelsior,Den Haag,,,,,,,,,,,,,,,,,,,,,,,,,,,,,,,,,,,1.0418,-1.2949,1.3027,,,,,,,,,,,,,,,,,,,,,,,2026-10-04T09:27:34.347Z,0,1,0,0.0239,
kommande,ED,2026/27,2027-05-16,,For Sittard,Willem II,,,,,,,,,,,,,,,,,,,,,,,,,,,,,,,,,,,1.3318,-1.7539,1.1053,,9,0.6667,0.4806,0.0832,,,,,,,,,,,,,,,,,,2026-10-04T09:27:34.347Z,3,4,0.0985,0.0834,
kommande,ED,2026/27,2027-05-16,,Go Ahead Eagles,Heerenveen,,,,,,,,,,,,,,,,,,,,,,,,,,,,,,,,,,,-0.0897,0.0513,0.2319,,10,-0.6,-0.1576,-0.0623,,,,,,,,,,,,,,,,,,2026-10-04T09:27:34.347Z,1,3,0.0189,0.0783,
kommande,ED,2026/27,2027-05-16,,Groningen,Cambuur,,,,,,,,,,,,,,,,,,,,,,,,,,,,,,,,,,,0.5179,-0.8332,0.1204,,4,0,0.0476,-0.2636,,,,,,,,,,,,,,,,,,2026-10-04T09:27:34.347Z,7,2,0.1496,0.0691,
kommande,ED,2026/27,2027-05-16,,PSV Eindhoven,Nijmegen,,,,,,,,,,,,,,,,,,,,,,,,,,,,,,,,,,,0.4079,-1.1125,0.7863,,10,1.5,-0.1245,-0.0617,,,,,,,,,,,,,,,,,,2026-10-04T09:27:34.347Z,6,3,0.1475,0.2412,
kommande,ED,2026/27,2027-05-16,,Twente,Feyenoord,,,,,,,,,,,,,,,,,,,,,,,,,,,,,,,,,,,-0.2609,1.3121,-0.2376,,13,-0.2308,0.1649,0.224,,,,,,,,,,,,,,,,,,2026-10-04T09:27:34.347Z,2,5,0.1391,0.1522,
kommande,ED,2026/27,2027-05-16,,Utrecht,Telstar,,,,,,,,,,,,,,,,,,,,,,,,,,,,,,,,,,,-0.4592,1.2274,-0.2487,,,,,,,,,,,,,,,,,,,,,,,2026-10-04T09:27:34.347Z,5,0,0.2309,0,
kommande,ED,2026/27,2027-05-23,,Cambuur,Ajax,,,,,,,,,,,,,,,,,,,,,,,,,,,,,,,,,,,0.0238,0.4984,0.4063,,4,-3,-0.249,-0.0982,,,,,,,,,,,,,,,,,,2026-10-04T09:27:34.347Z,2,4,0.0691,0.1576,
kommande,ED,2026/27,2027-05-23,,Den Haag,AZ Alkmaar,,,,,,,,,,,,,,,,,,,,,,,,,,,,,,,,,,,-1.0348,0.4787,-1.0149,,5,-2.4,-0.3128,0.0409,,,,,,,,,,,,,,,,,,2026-10-04T09:27:34.347Z,1,2,0.0239,0.1232,
kommande,ED,2026/27,2027-05-23,,Feyenoord,Groningen,,,,,,,,,,,,,,,,,,,,,,,,,,,,,,,,,,,-0.337,0.1441,-0.0024,,11,1.6364,0.0512,0.2393,,,,,,,,,,,,,,,,,,2026-10-04T09:27:34.347Z,5,7,0.1522,0.1496,
kommande,ED,2026/27,2027-05-23,,Heerenveen,PSV Eindhoven,,,,,,,,,,,,,,,,,,,,,,,,,,,,,,,,,,,-0.4351,0.5977,-0.4492,,13,-1.6154,0.0298,0.1482,,,,,,,,,,,,,,,,,,2026-10-04T09:27:34.347Z,3,6,0.0783,0.1475,
kommande,ED,2026/27,2027-05-23,,Nijmegen,Utrecht,,,,,,,,,,,,,,,,,,,,,,,,,,,,,,,,,,,0.208,-0.7165,-0.2554,,10,-1.2,-0.4041,-0.0628,,,,,,,,,,,,,,,,,,2026-10-04T09:27:34.347Z,3,5,0.2412,0.2309,
kommande,ED,2026/27,2027-05-23,,Sparta Rotterdam,For Sittard,,,,,,,,,,,,,,,,,,,,,,,,,,,,,,,,,,,-1.4272,1.602,-1.2662,,14,0.8571,0.0911,0.1609,,,,,,,,,,,,,,,,,,2026-10-04T09:27:34.347Z,0,3,0,0.0985,
kommande,ED,2026/27,2027-05-23,,Telstar,Excelsior,,,,,,,,,,,,,,,,,,,,,,,,,,,,,,,,,,,-0.2112,0.5871,-0.5827,,,,,,,,,,,,,,,,,,,,,,,2026-10-04T09:27:34.347Z,0,0,0,0,
kommande,ED,2026/27,2027-05-23,,Willem II,Go Ahead Eagles,,,,,,,,,,,,,,,,,,,,,,,,,,,,,,,,,,,-0.3858,1.1686,-0.4894,,5,-1.8,-0.4801,-0.2541,,,,,,,,,,,,,,,,,,2026-10-04T09:27:34.347Z,4,1,0.0834,0.0189,
kommande,ED,2026/27,2027-05-23,,Zwolle,Twente,,,,,,,,,,,,,,,,,,,,,,,,,,,,,,,,,,,-0.0749,0.0694,-0.2632,,12,-1.25,-0.062,0.0281,,,,,,,,,,,,,,,,,,2026-10-04T09:27:34.347Z,2,2,0.113,0.1391,
