status,league,season,date,kickoff,home,away,hg,ag,res,hs,as,hst,ast,xg_h,xg_a,xg_src,referee,hc,ac,hf,af,hy,ay,hr,ar,open_h,open_d,open_a,close_h,close_d,close_a,pin_close,best_open_h,best_open_d,best_open_a,best_close_h,best_close_d,best_close_a,over25_open,over25_close,luck,gap,mres,rest,h2h_n,h2h_pts,h2h_res,h2h_draw,promo,releg,miss_h,miss_a,steam,book,pre_first_at,pre_first_h,pre_first_d,pre_first_a,pre_last_at,pre_last_h,pre_last_d,pre_last_a,pre_best_h,pre_best_d,pre_best_a
spelad,EK,2012/13,2012-08-17,,Piast Gliwice,Gornik Zabrze,1,2,A,,,,,,,,,,,,,,,,,,,,0.3591,0.3131,0.3278,1,,,,2.78,3.25,3.3,,,,,,,,,,,0,0,,,,0.0005,,,,,,,,,,,
spelad,EK,2012/13,2012-08-17,,Pogon Szczecin,Zaglebie,4,0,H,,,,,,,,,,,,,,,,,,,,0.3018,0.3036,0.3946,1,,,,3.3,3.3,2.5,,,,,,,,,,,0,0,,,,0.0104,,,,,,,,,,,
spelad,EK,2012/13,2012-08-18,,Jagiellonia,Podbeskidzie,2,1,H,,,,,,,,,,,,,,,,,,,,0.5579,0.2697,0.1724,1,,,,1.85,3.6,5.63,,,,,,,,,,,0,0,,,,-0.0745,,,,,,,,,,,
spelad,EK,2012/13,2012-08-18,,Lech Poznan,Ruch Chorzow,4,0,H,,,,,,,,,,,,,,,,,,,,0.4568,0.2943,0.2489,1,,,,2.12,3.3,4,,,,,,,,,,,0,0,,,,-0.0185,,,,,,,,,,,
spelad,EK,2012/13,2012-08-18,,Widzew Lodz,Slask Wroclaw,2,1,H,,,,,,,,,,,,,,,,,,,,0.3593,0.3119,0.3288,1,,,,2.8,3.2,2.95,,,,,,,,,,,0,0,,,,-0.0422,,,,,,,,,,,
spelad,EK,2012/13,2012-08-19,,Legia,Korona Kielce,4,0,H,,,,,,,,,,,,,,,,,,,,0.5987,0.2659,0.1354,1,,,,1.7,3.71,7.22,,,,,,,,,,,0,0,,,,-0.0866,,,,,,,,,,,
spelad,EK,2012/13,2012-08-19,,Wisla,GKS Belchatow,2,1,H,,,,,,,,,,,,,,,,,,,,0.6478,0.2353,0.1169,1,,,,1.55,4.2,8.31,,,,,,,,,,,0,0,,,,-0.0857,,,,,,,,,,,
spelad,EK,2012/13,2012-08-20,,Lechia Gdansk,Polonia Warszawa,1,3,A,,,,,,,,,,,,,,,,,,,,0.3982,0.3263,0.2756,1,,,,2.5,3.25,3.6,,,,,,,,,,,0,0,,,,-0.002,,,,,,,,,,,
spelad,EK,2012/13,2012-08-24,,Jagiellonia,Gornik Zabrze,1,1,D,,,,,,,,,,,,,,,,,,,,0.4346,0.3023,0.2631,1,,,,2.29,3.35,3.9,,,,,,-1,,,,,0,0,,,,0.0122,,,,,,,,,,,
spelad,EK,2012/13,2012-08-24,,Zaglebie,Piast Gliwice,2,1,H,,,,,,,,,,,,,,,,,,,,0.5272,0.2679,0.2049,1,,,,1.91,3.64,4.76,,,,,,0,,,,,0,0,,,,-0.0551,,,,,,,,,,,
spelad,EK,2012/13,2012-08-25,,Podbeskidzie,Wisla,1,1,D,,,,,,,,,,,,,,,,,,,,0.2163,0.2893,0.4944,1,,,,4.48,3.41,2.1,,,,,,1,,,,,0,0,,,,0.0755,,,,,,,,,,,
spelad,EK,2012/13,2012-08-25,,Polonia Warszawa,Lech Poznan,1,2,A,,,,,,,,,,,,,,,,,,,,0.3266,0.3031,0.3702,1,,,,3.1,3.25,2.74,,,,,,-2,,,,,0,0,,,,-0.0029,,,,,,,,,,,
spelad,EK,2012/13,2012-08-25,,Widzew Lodz,Ruch Chorzow,2,0,H,,,,,,,,,,,,,,,,,,,,0.3929,0.3182,0.2889,1,,,,2.54,3.25,3.5,,,,,,0,,,,,0,0,,,,-0.0152,,,,,,,,,,,
spelad,EK,2012/13,2012-08-26,,GKS Belchatow,Legia,0,2,A,,,,,,,,,,,,,,,,,,,,0.2045,0.2892,0.5064,1,,,,4.78,3.45,2,,,,,,0,,,,,0,0,,,,0.0901,,,,,,,,,,,
spelad,EK,2012/13,2012-08-26,,Slask Wroclaw,Korona Kielce,2,0,H,,,,,,,,,,,,,,,,,,,,0.3962,0.3043,0.2996,1,,,,2.45,3.25,3.5,,,,,,1,,,,,0,0,,,,0.0349,,,,,,,,,,,
spelad,EK,2012/13,2012-08-27,,Pogon Szczecin,Lechia Gdansk,0,2,A,,,,,,,,,,,,,,,,,,,,0.4725,0.2919,0.2357,1,,,,2.4,3.45,4.15,,,,,,3,,,,,0,0,,,,-0.0899,,,,,,,,,,,
spelad,EK,2012/13,2012-08-31,,Piast Gliwice,Pogon Szczecin,1,0,H,,,,,,,,,,,,,,,,,,,,0.4373,0.2955,0.2672,1,,,,2.4,3.3,3.65,,,,,,3,,,,,0,0,,,,-0.0882,,,,,,,,,,,
spelad,EK,2012/13,2012-08-31,,Wisla,Polonia Warszawa,1,3,A,,,,,,,,,,,,,,,,,,,,0.4996,0.2824,0.218,1,,,,1.95,3.5,5,,,,,,0,,,,,0,0,,,,0.0383,,,,,,,,,,,
spelad,EK,2012/13,2012-09-01,,Jagiellonia,Zaglebie,0,0,D,,,,,,,,,,,,,,,,,,,,0.403,0.2916,0.3054,1,,,,2.8,3.33,3.55,,,,,,0,,,,,0,0,,,,0.035,,,,,,,,,,,
spelad,EK,2012/13,2012-09-01,,Korona Kielce,Lechia Gdansk,0,1,A,,,,,,,,,,,,,,,,,,,,0.4391,0.3014,0.2595,1,,,,2.25,3.3,3.75,,,,,,1,,,,,0,0,,,,-0.0223,,,,,,,,,,,
spelad,EK,2012/13,2012-09-01,,Widzew Lodz,GKS Belchatow,1,0,H,,,,,,,,,,,,,,,,,,,,0.4716,0.3036,0.2249,1,,,,2.06,3.35,4.32,,,,,,1,,,,,0,0,,,,-0.0403,,,,,,,,,,,
spelad,EK,2012/13,2012-09-02,,Lech Poznan,Gornik Zabrze,0,0,D,,,,,,,,,,,,,,,,,,,,0.5878,0.25,0.1622,1,,,,1.65,4.09,6.75,,,,,,-1,,,,,0,0,,,,0.0048,,,,,,,,,,,
spelad,EK,2012/13,2012-09-02,,Slask Wroclaw,Ruch Chorzow,1,0,H,,,,,,,,,,,,,,,,,,,,0.485,0.2779,0.2371,1,,,,2.04,3.5,4.09,,,,,,-1,,,,,0,0,,,,-0.0418,,,,,,,,,,,
spelad,EK,2012/13,2012-09-03,,Legia,Podbeskidzie,3,1,H,,,,,,,,,,,,,,,,,,,,0.7397,0.174,0.0864,1,,,,1.35,5.57,12.7,,,,,,-1,,,,,0,0,,,,-0.0517,,,,,,,,,,,
spelad,EK,2012/13,2012-09-14,,Podbeskidzie,Slask Wroclaw,1,1,D,,,,,,,,,,,,,,,,,,,,0.267,0.2964,0.4366,1,,,,3.75,3.35,2.38,,,,,,-1,,,,,0,0,,,,0.0574,,,,,,,,,,,
spelad,EK,2012/13,2012-09-14,,Pogon Szczecin,Wisla,2,0,H,,,,,,,,,,,,,,,,,,,,0.3149,0.3233,0.3619,1,,,,3.25,3.25,2.8,,,,,,0,,,,,0,0,,,,-0.0259,,,,,,,,,,,
spelad,EK,2012/13,2012-09-15,,Lechia Gdansk,Piast Gliwice,1,2,A,,,,,,,,,,,,,,,,,,,,0.5051,0.2895,0.2055,1,,,,2,3.45,4.75,,,,,,-1,,,,,0,0,,,,-0.0492,,,,,,,,,,,
spelad,EK,2012/13,2012-09-15,,Polonia Warszawa,Jagiellonia,1,1,D,,,,,,,,,,,,,,,,,,,,0.5632,0.2508,0.1859,1,,,,1.87,3.84,5.3,,,,,,1,,,,,0,0,,,,-0.0903,,,,,,,,,,,
spelad,EK,2012/13,2012-09-15,,Ruch Chorzow,Korona Kielce,1,1,D,,,,,,,,,,,,,,,,,,,,0.4883,0.2809,0.2308,1,,,,2.1,3.46,4.33,,,,,,-1,,,,,0,0,,,,-0.0564,,,,,,,,,,,
spelad,EK,2012/13,2012-09-16,,Gornik Zabrze,Legia,2,2,D,,,,,,,,,,,,,,,,,,,,0.2613,0.3001,0.4386,1,,,,4,3.4,2.29,,,,,,1,,,,,0,0,,,,0.0456,,,,,,,,,,,
spelad,EK,2012/13,2012-09-16,,Zaglebie,Widzew Lodz,0,1,A,,,,,,,,,,,,,,,,,,,,0.4737,0.2939,0.2323,1,,,,2.15,3.4,4.33,,,,,,0,,,,,0,0,,,,-0.0166,,,,,,,,,,,
spelad,EK,2012/13,2012-09-17,,GKS Belchatow,Lech Poznan,0,1,A,,,,,,,,,,,,,,,,,,,,0.2747,0.3108,0.4144,1,,,,3.85,3.35,2.36,,,,,,1,,,,,0,0,,,,-0.0187,,,,,,,,,,,
spelad,EK,2012/13,2012-09-21,,Korona Kielce,Podbeskidzie,2,1,H,,,,,,,,,,,,,,,,,,,,0.5213,0.2663,0.2124,1,,,,2,3.66,4.59,,,,,,-1,,,,,0,0,,,,-0.08,,,,,,,,,,,
spelad,EK,2012/13,2012-09-21,,Legia,Polonia Warszawa,1,1,D,,,,,,,,,,,,,,,,,,,,0.5276,0.2652,0.2072,1,,,,1.87,3.7,4.8,,,,,,-1,,,,,0,0,,,,-0.0346,,,,,,,,,,,
spelad,EK,2012/13,2012-09-22,,Jagiellonia,Piast Gliwice,0,2,A,,,,,,,,,,,,,,,,,,,,0.5015,0.2733,0.2252,1,,,,1.94,3.56,4.57,,,,,,0,,,,,0,0,,,,-0.0045,,,,,,,,,,,
spelad,EK,2012/13,2012-09-22,,Ruch Chorzow,Zaglebie,2,1,H,,,,,,,,,,,,,,,,,,,,0.4544,0.2865,0.2591,1,,,,2.25,3.41,3.77,,,,,,1,,,,,0,0,,,,-0.0388,,,,,,,,,,,
spelad,EK,2012/13,2012-09-22,,Wisla,Lechia Gdansk,1,0,H,,,,,,,,,,,,,,,,,,,,0.5089,0.2824,0.2088,1,,,,1.93,3.5,4.68,,,,,,1,,,,,0,0,,,,-0.0295,,,,,,,,,,,
spelad,EK,2012/13,2012-09-23,,Lech Poznan,Pogon Szczecin,1,1,D,,,,,,,,,,,,,,,,,,,,0.5821,0.2643,0.1535,1,,,,1.75,3.8,6.5,,,,,,-3,,,,,0,0,,,,-0.0445,,,,,,,,,,,
spelad,EK,2012/13,2012-09-23,,Slask Wroclaw,GKS Belchatow,2,1,H,,,,,,,,,,,,,,,,,,,,0.6053,0.2461,0.1486,1,,,,1.75,3.96,6.56,,,,,,3,,,,,0,0,,,,-0.1151,,,,,,,,,,,
spelad,EK,2012/13,2012-09-24,,Widzew Lodz,Gornik Zabrze,1,1,D,,,,,,,,,,,,,,,,,,,,0.3598,0.2944,0.3458,1,,,,2.7,3.3,3.3,,,,,,0,,,,,0,0,,,,0.0741,,,,,,,,,,,
spelad,EK,2012/13,2012-09-28,,Podbeskidzie,Ruch Chorzow,1,2,A,,,,,,,,,,,,,,,,,,,,0.2893,0.2982,0.4124,1,,,,3.4,3.3,2.5,,,,,0.0903,1,,,,,0,0,,,,0.033,,,,,,,,,,,
spelad,EK,2012/13,2012-09-28,,Polonia Warszawa,Widzew Lodz,3,1,H,,,,,,,,,,,,,,,,,,,,0.4787,0.2942,0.2271,1,,,,2.15,3.35,4.5,,,,,-0.846,3,,,,,0,0,,,,-0.0118,,,,,,,,,,,
spelad,EK,2012/13,2012-09-29,,GKS Belchatow,Korona Kielce,1,1,D,,,,,,,,,,,,,,,,,,,,0.3693,0.3113,0.3195,1,,,,2.7,3.15,3.04,,,,,-0.3993,-2,,,,,0,0,,,,-0.002,,,,,,,,,,,
spelad,EK,2012/13,2012-09-29,,Pogon Szczecin,Jagiellonia,1,1,D,,,,,,,,,,,,,,,,,,,,0.4714,0.2864,0.2422,1,,,,2.1,3.4,4.5,,,,,0.5257,-1,,,,,0,0,,,,-0.0013,,,,,,,,,,,
spelad,EK,2012/13,2012-09-29,,Zaglebie,Legia,2,2,D,,,,,,,,,,,,,,,,,,,,0.2381,0.2868,0.4751,1,,,,4.46,3.45,2.06,,,,,-0.9193,-1,,,,,0,0,,,,-0.0036,,,,,,,,,,,
spelad,EK,2012/13,2012-09-30,,Gornik Zabrze,Slask Wroclaw,4,1,H,,,,,,,,,,,,,,,,,,,,0.4132,0.2991,0.2877,1,,,,2.4,3.26,3.39,,,,,-0.0696,-1,,,,,0,0,,,,-0.0418,,,,,,,,,,,
spelad,EK,2012/13,2012-09-30,,Lechia Gdansk,Lech Poznan,2,0,H,,,,,,,,,,,,,,,,,,,,0.2881,0.31,0.4019,1,,,,3.6,3.25,2.43,,,,,-0.5312,1,,,,,0,0,,,,-0.0272,,,,,,,,,,,
spelad,EK,2012/13,2012-10-01,,Piast Gliwice,Wisla,2,0,H,,,,,,,,,,,,,,,,,,,,0.3144,0.3074,0.3782,1,,,,3.35,3.3,2.56,,,,,1.043,0,,,,,0,0,,,,-0.0235,,,,,,,,,,,
spelad,EK,2012/13,2012-10-05,,Legia,Wisla,2,1,H,,,,,,,,,,,,,,,,,,,,0.606,0.2409,0.1532,1,,,,1.7,4.05,6.6,,,,,0.6588,2,,,,,0,0,,,,-0.0615,,,,,,,,,,,
spelad,EK,2012/13,2012-10-05,,Ruch Chorzow,GKS Belchatow,2,1,H,,,,,,,,,,,,,,,,,,,,0.5663,0.264,0.1697,1,,,,1.77,3.8,5.74,,,,,0.5944,1,,,,,0,0,,,,-0.0551,,,,,,,,,,,
spelad,EK,2012/13,2012-10-06,,Korona Kielce,Zaglebie,1,0,H,,,,,,,,,,,,,,,,,,,,0.4129,0.2931,0.294,1,,,,2.38,3.31,3.3,,,,,0.1263,0,,,,,0,0,,,,-0.0198,,,,,,,,,,,
spelad,EK,2012/13,2012-10-06,,Lech Poznan,Piast Gliwice,4,0,H,,,,,,,,,,,,,,,,,,,,0.5607,0.2709,0.1684,1,,,,1.77,3.6,5.76,,,,,-0.6978,1,,,,,0,0,,,,-0.0271,,,,,,,,,,,
spelad,EK,2012/13,2012-10-06,,Podbeskidzie,Gornik Zabrze,1,3,A,,,,,,,,,,,,,,,,,,,,0.244,0.2847,0.4713,1,,,,3.98,3.41,2.38,,,,,-1.041,2,,,,,0,0,,,,0.0676,,,,,,,,,,,
spelad,EK,2012/13,2012-10-07,,Slask Wroclaw,Polonia Warszawa,2,1,H,,,,,,,,,,,,,,,,,,,,0.4192,0.2891,0.2917,1,,,,2.4,3.35,3.33,,,,,-0.404,-2,,,,,0,0,,,,-0.0381,,,,,,,,,,,
spelad,EK,2012/13,2012-10-07,,Widzew Lodz,Pogon Szczecin,1,3,A,,,,,,,,,,,,,,,,,,,,0.4905,0.2961,0.2134,1,,,,2.04,3.5,4.55,,,,,0.7939,1,,,,,0,0,,,,-0.0654,,,,,,,,,,,
spelad,EK,2012/13,2012-10-08,,Jagiellonia,Lechia Gdansk,0,2,A,,,,,,,,,,,,,,,,,,,,0.4262,0.3108,0.263,1,,,,2.35,3.3,3.71,,,,,-0.527,1,,,,,0,0,,,,-0.0342,,,,,,,,,,,
spelad,EK,2012/13,2012-10-19,,Gornik Zabrze,Korona Kielce,2,0,H,,,,,,,,,,,,,,,,,,,,0.5616,0.2551,0.1833,1,,,,1.85,3.85,5.6,,,,,0.7601,0,,,,,0,0,,,,-0.0466,,,,,,,,,,,
spelad,EK,2012/13,2012-10-19,,Zaglebie,Lech Poznan,0,1,A,,,,,,,,,,,,,,,,,,,,0.2824,0.3064,0.4111,1,,,,3.5,3.27,2.4,,,,,-0.9107,0,,,,,0,0,,,,0.032,,,,,,,,,,,
spelad,EK,2012/13,2012-10-20,,GKS Belchatow,Podbeskidzie,2,1,H,,,,,,,,,,,,,,,,,,,,0.4779,0.2954,0.2267,1,,,,2.1,3.4,4.33,,,,,-0.1634,1,,,,,0,0,,,,-0.0462,,,,,,,,,,,
spelad,EK,2012/13,2012-10-20,,Piast Gliwice,Widzew Lodz,1,2,A,,,,,,,,,,,,,,,,,,,,0.4268,0.3083,0.2649,1,,,,2.29,3.3,3.76,,,,,0.1359,1,,,,,0,0,,,,-0.005,,,,,,,,,,,
spelad,EK,2012/13,2012-10-20,,Wisla,Jagiellonia,0,0,D,,,,,,,,,,,,,,,,,,,,0.5203,0.2796,0.2002,1,,,,1.9,3.55,4.86,,,,,-0.122,3,,,,,0,0,,,,-0.0432,,,,,,,,,,,
spelad,EK,2012/13,2012-10-21,,Lechia Gdansk,Slask Wroclaw,2,3,A,,,,,,,,,,,,,,,,,,,,0.4098,0.3103,0.2799,1,,,,2.75,3.2,3.47,,,,,0.1877,-1,,,,,0,0,,,,-0.1178,,,,,,,,,,,
spelad,EK,2012/13,2012-10-21,,Polonia Warszawa,Ruch Chorzow,2,1,H,,,,,,,,,,,,,,,,,,,,0.4851,0.2748,0.2401,1,,,,2.1,3.53,4.05,,,,,0.2879,-2,,,,,0,0,,,,-0.0726,,,,,,,,,,,
spelad,EK,2012/13,2012-10-22,,Pogon Szczecin,Legia,0,3,A,,,,,,,,,,,,,,,,,,,,0.2396,0.2765,0.4839,1,,,,4.05,3.5,2.15,,,,,0.1219,-2,,,,,0,0,,,,0.0578,,,,,,,,,,,
spelad,EK,2012/13,2012-10-26,,Podbeskidzie,Lechia Gdansk,2,3,A,,,,,,,,,,,,,,,,,,,,0.2912,0.303,0.4057,1,,,,3.35,3.25,2.5,,,,,-0.8988,1,,,,,0,0,,,,0.0392,,,,,,,,,,,
spelad,EK,2012/13,2012-10-26,,Widzew Lodz,Wisla,1,2,A,,,,,,,,,,,,,,,,,,,,0.3127,0.3117,0.3757,1,,,,3.1,3.25,2.65,,,,,1.2647,0,,,,,0,0,,,,0.0285,,,,,,,,,,,
spelad,EK,2012/13,2012-10-27,,GKS Belchatow,Polonia Warszawa,0,5,A,,,,,,,,,,,,,,,,,,,,0.2709,0.2956,0.4335,1,,,,3.6,3.35,2.4,,,,,-0.9238,1,,,,,0,0,,,,0.0677,,,,,,,,,,,
spelad,EK,2012/13,2012-10-27,,Korona Kielce,Pogon Szczecin,2,1,H,,,,,,,,,,,,,,,,,,,,0.4596,0.2878,0.2526,1,,,,2.19,3.4,3.9,,,,,-0.4079,3,,,,,0,0,,,,-0.023,,,,,,,,,,,
spelad,EK,2012/13,2012-10-27,,Lech Poznan,Jagiellonia,0,2,A,,,,,,,,,,,,,,,,,,,,0.6459,0.2381,0.116,1,,,,1.6,4.07,8.35,,,,,0.8067,1,,,,,0,0,,,,-0.0812,,,,,,,,,,,
spelad,EK,2012/13,2012-10-28,,Legia,Piast Gliwice,3,2,H,,,,,,,,,,,,,,,,,,,,0.7064,0.195,0.0987,1,,,,1.44,5,10,,,,,0.0155,-2,,,,,0,0,,,,-0.0682,,,,,,,,,,,
spelad,EK,2012/13,2012-10-28,,Slask Wroclaw,Zaglebie,0,2,A,,,,,,,,,,,,,,,,,,,,0.5467,0.2596,0.1938,1,,,,1.8,3.8,5.4,,,,,1.2003,-2,,,,,0,0,,,,-0.0164,,,,,,,,,,,
spelad,EK,2012/13,2012-10-29,,Ruch Chorzow,Gornik Zabrze,0,0,D,,,,,,,,,,,,,,,,,,,,0.3254,0.3058,0.3688,1,,,,2.98,3.25,2.75,,,,,-0.7984,-2,,,,,0,0,,,,0.0395,,,,,,,,,,,
spelad,EK,2012/13,2012-11-02,,Gornik Zabrze,GKS Belchatow,2,0,H,,,,,,,,,,,,,,,,,,,,0.7164,0.1907,0.093,1,,,,1.4,5.12,11,,,,,0.988,-2,,,,,0,0,,,,-0.0564,,,,,,,,,,,
spelad,EK,2012/13,2012-11-02,,Wisla,Lech Poznan,0,1,A,,,,,,,,,,,,,,,,,,,,0.3953,0.315,0.2897,1,,,,2.52,3.25,3.37,,,,,-0.5021,1,,,,,0,0,,,,-0.0311,,,,,,,,,,,
spelad,EK,2012/13,2012-11-03,,Jagiellonia,Widzew Lodz,2,2,D,,,,,,,,,,,,,,,,,,,,0.4806,0.2838,0.2356,1,,,,2.2,3.43,4.13,,,,,-0.5107,-1,,,,,0,0,,,,-0.0675,,,,,,,,,,,
spelad,EK,2012/13,2012-11-03,,Piast Gliwice,Ruch Chorzow,1,3,A,,,,,,,,,,,,,,,,,,,,0.3753,0.3088,0.3158,1,,,,2.72,3.25,3.09,,,,,0.4868,1,,,,,0,0,,,,-0.0315,,,,,,,,,,,
spelad,EK,2012/13,2012-11-03,,Zaglebie,Podbeskidzie,1,2,A,,,,,,,,,,,,,,,,,,,,0.6162,0.2329,0.1509,1,,,,1.75,4.18,6.75,,,,,0.4625,-2,,,,,0,0,,,,-0.0774,,,,,,,,,,,
spelad,EK,2012/13,2012-11-04,,Lechia Gdansk,Legia,1,2,A,,,,,,,,,,,,,,,,,,,,0.2465,0.2865,0.467,1,,,,4,3.5,2.1,,,,,0.294,2,,,,,0,0,,,,0.0211,,,,,,,,,,,
spelad,EK,2012/13,2012-11-04,,Polonia Warszawa,Korona Kielce,2,0,H,,,,,,,,,,,,,,,,,,,,0.611,0.2352,0.1537,1,,,,1.7,4.13,6.4,,,,,0.3289,0,,,,,0,0,,,,-0.0758,,,,,,,,,,,
spelad,EK,2012/13,2012-11-05,,Pogon Szczecin,Slask Wroclaw,0,3,A,,,,,,,,,,,,,,,,,,,,0.359,0.2885,0.3525,1,,,,2.76,3.37,2.77,,,,,-0.6031,1,,,,,0,0,,,,-0.0084,,,,,,,,,,,
spelad,EK,2012/13,2012-11-09,,Ruch Chorzow,Lechia Gdansk,0,1,A,,,,,,,,,,,,,,,,,,,,0.483,0.2869,0.2301,1,,,,2.1,3.55,4.25,,,,,0.0921,1,,,,,0,0,,,,-0.0481,,,,,,,,,,,
spelad,EK,2012/13,2012-11-09,,Widzew Lodz,Lech Poznan,0,1,A,,,,,,,,,,,,,,,,,,,,0.259,0.3051,0.4359,1,,,,3.77,3.35,2.29,,,,,0.0972,-1,,,,,0,0,,,,0.0441,,,,,,,,,,,
spelad,EK,2012/13,2012-11-10,,Legia,Jagiellonia,1,2,A,,,,,,,,,,,,,,,,,,,,0.6907,0.2112,0.0981,1,,,,1.46,4.75,9.93,,,,,0.5654,-1,,,,,0,0,,,,-0.0623,,,,,,,,,,,
spelad,EK,2012/13,2012-11-10,,Podbeskidzie,Polonia Warszawa,0,1,A,,,,,,,,,,,,,,,,,,,,0.2105,0.2655,0.524,1,,,,4.63,3.67,1.92,,,,,-1.0503,1,,,,,0,0,,,,0.0757,,,,,,,,,,,
spelad,EK,2012/13,2012-11-10,,Slask Wroclaw,Piast Gliwice,1,3,A,,,,,,,,,,,,,,,,,,,,0.5787,0.2493,0.1721,1,,,,1.68,3.9,6.2,,,,,0.0622,-2,,,,,0,0,,,,-0.0039,,,,,,,,,,,
spelad,EK,2012/13,2012-11-11,,Gornik Zabrze,Zaglebie,0,2,A,,,,,,,,,,,,,,,,,,,,0.6059,0.2445,0.1496,1,,,,1.65,3.99,6.52,,,,,1.1447,1,,,,,0,0,,,,-0.0395,,,,,,,,,,,
spelad,EK,2012/13,2012-11-11,,Korona Kielce,Wisla,1,1,D,,,,,,,,,,,,,,,,,,,,0.364,0.302,0.334,1,,,,2.68,3.23,3.2,,,,,0.6912,-2,,,,,0,0,,,,0.0388,,,,,,,,,,,
spelad,EK,2012/13,2012-11-12,,GKS Belchatow,Pogon Szczecin,0,1,A,,,,,,,,,,,,,,,,,,,,0.3503,0.3006,0.3491,1,,,,3,3.24,2.79,,,,,-0.3964,3,,,,,0,0,,,,-0.0278,,,,,,,,,,,
spelad,EK,2012/13,2012-11-16,,Lechia Gdansk,Widzew Lodz,2,0,H,,,,,,,,,,,,,,,,,,,,0.4877,0.2755,0.2368,1,,,,2.04,3.54,4.4,,,,,0.4353,0,,,,,0,0,,,,-0.0317,,,,,,,,,,,
spelad,EK,2012/13,2012-11-16,,Zaglebie,GKS Belchatow,1,0,H,,,,,,,,,,,,,,,,,,,,0.6288,0.2366,0.1346,1,,,,1.65,4.12,7.24,,,,,0.2441,1,,,,,0,0,,,,-0.0712,,,,,,,,,,,
spelad,EK,2012/13,2012-11-17,,Jagiellonia,Korona Kielce,0,0,D,,,,,,,,,,,,,,,,,,,,0.4541,0.2897,0.2562,1,,,,2.15,3.5,4.25,,,,,-0.0899,1,,,,,0,0,,,,0.0282,,,,,,,,,,,
spelad,EK,2012/13,2012-11-17,,Piast Gliwice,Podbeskidzie,1,0,H,,,,,,,,,,,,,,,,,,,,0.5327,0.2715,0.1958,1,,,,1.85,3.61,5,,,,,0.9697,0,,,,,0,0,,,,-0.044,,,,,,,,,,,
spelad,EK,2012/13,2012-11-17,,Polonia Warszawa,Gornik Zabrze,1,1,D,,,,,,,,,,,,,,,,,,,,0.4478,0.2897,0.2624,1,,,,2.25,3.4,3.74,,,,,0.3067,1,,,,,0,0,,,,-0.0431,,,,,,,,,,,
spelad,EK,2012/13,2012-11-18,,Lech Poznan,Legia,1,3,A,,,,,,,,,,,,,,,,,,,,0.36,0.3002,0.3399,1,,,,2.71,3.25,2.92,,,,,0.3377,1,,,,,0,0,,,,0.0263,,,,,,,,,,,
spelad,EK,2012/13,2012-11-18,,Wisla,Slask Wroclaw,1,0,H,,,,,,,,,,,,,,,,,,,,0.4334,0.2973,0.2694,1,,,,2.25,3.4,3.7,,,,,-0.4608,-1,,,,,0,0,,,,-0.0208,,,,,,,,,,,
spelad,EK,2012/13,2012-11-19,,Pogon Szczecin,Ruch Chorzow,1,0,H,,,,,,,,,,,,,,,,,,,,0.404,0.3071,0.2889,1,,,,2.45,3.5,3.65,,,,,-0.0276,-3,,,,,0,0,,,,-0.0308,,,,,,,,,,,
spelad,EK,2012/13,2012-11-23,,Korona Kielce,Piast Gliwice,4,0,H,,,,,,,,,,,,,,,,,,,,0.4558,0.2847,0.2596,1,,,,2.2,3.5,4,,,,,-0.1409,0,,,,,0,0,,,,-0.0298,,,,,,,,,,,
spelad,EK,2012/13,2012-11-23,,Legia,Widzew Lodz,1,0,H,,,,,,,,,,,,,,,,,,,,0.7295,0.1862,0.0843,1,,,,1.4,5.21,12,,,,,0.8221,-2,,,,,0,0,,,,-0.0704,,,,,,,,,,,
spelad,EK,2012/13,2012-11-24,,GKS Belchatow,Lechia Gdansk,1,1,D,,,,,,,,,,,,,,,,,,,,0.2809,0.3008,0.4183,1,,,,3.47,3.3,2.38,,,,,-1.1498,0,,,,,0,0,,,,0.0273,,,,,,,,,,,
spelad,EK,2012/13,2012-11-24,,Gornik Zabrze,Pogon Szczecin,0,0,D,,,,,,,,,,,,,,,,,,,,0.5553,0.267,0.1777,1,,,,1.76,3.7,6,,,,,0.0294,2,,,,,0,0,,,,-0.014,,,,,,,,,,,
spelad,EK,2012/13,2012-11-24,,Polonia Warszawa,Zaglebie,0,1,A,,,,,,,,,,,,,,,,,,,,0.5367,0.2729,0.1904,1,,,,1.82,3.64,5.4,,,,,0.5608,-1,,,,,0,0,,,,-0.0007,,,,,,,,,,,
spelad,EK,2012/13,2012-11-25,,Ruch Chorzow,Wisla,1,2,A,,,,,,,,,,,,,,,,,,,,0.3781,0.302,0.3199,1,,,,2.58,3.25,3.15,,,,,0.2552,-1,,,,,0,0,,,,0.0172,,,,,,,,,,,
spelad,EK,2012/13,2012-11-25,,Slask Wroclaw,Jagiellonia,3,3,D,,,,,,,,,,,,,,,,,,,,0.5082,0.2788,0.213,1,,,,1.96,3.5,4.58,,,,,-0.066,-1,,,,,0,0,,,,-0.0447,,,,,,,,,,,
spelad,EK,2012/13,2012-11-26,,Podbeskidzie,Lech Poznan,2,3,A,,,,,,,,,,,,,,,,,,,,0.1806,0.2706,0.5488,1,,,,5.41,3.61,1.9,,,,,-0.5385,1,,,,,0,0,,,,0.0565,,,,,,,,,,,
spelad,EK,2012/13,2012-11-30,,Jagiellonia,GKS Belchatow,2,2,D,,,,,,,,,,,,,,,,,,,,0.5193,0.283,0.1976,1,,,,1.9,3.6,5.5,,,,,0.7207,-1,,,,,0,0,,,,0.0178,,,,,,,,,,,
spelad,EK,2012/13,2012-11-30,,Lech Poznan,Slask Wroclaw,0,3,A,,,,,,,,,,,,,,,,,,,,0.4975,0.2731,0.2294,1,,,,2,3.57,4.4,,,,,0.465,-1,,,,,0,0,,,,-0.0165,,,,,,,,,,,
spelad,EK,2012/13,2012-12-01,,Pogon Szczecin,Podbeskidzie,2,0,H,,,,,,,,,,,,,,,,,,,,0.5299,0.277,0.1931,1,,,,1.91,3.52,5.05,,,,,0.7348,2,,,,,0,0,,,,-0.0681,,,,,,,,,,,
spelad,EK,2012/13,2012-12-01,,Widzew Lodz,Korona Kielce,1,0,H,,,,,,,,,,,,,,,,,,,,0.3655,0.3059,0.3286,1,,,,2.67,3.25,3.1,,,,,-0.8149,0,,,,,0,0,,,,0.0352,,,,,,,,,,,
spelad,EK,2012/13,2012-12-01,,Wisla,Gornik Zabrze,1,3,A,,,,,,,,,,,,,,,,,,,,0.3809,0.3105,0.3086,1,,,,2.56,3.25,3.5,,,,,-0.1355,-1,,,,,0,0,,,,0.0256,,,,,,,,,,,
spelad,EK,2012/13,2012-12-02,,Lechia Gdansk,Zaglebie,2,2,D,,,,,,,,,,,,,,,,,,,,0.3766,0.3067,0.3167,1,,,,2.6,3.2,3.35,,,,,0.2851,0,,,,,0,0,,,,0.0538,,,,,,,,,,,
spelad,EK,2012/13,2012-12-02,,Legia,Ruch Chorzow,3,0,H,,,,,,,,,,,,,,,,,,,,0.6766,0.2109,0.1125,1,,,,1.45,4.8,10,,,,,0.6124,2,,,,,0,0,,,,-0.0353,,,,,,,,,,,
spelad,EK,2012/13,2012-12-03,,Piast Gliwice,Polonia Warszawa,1,1,D,,,,,,,,,,,,,,,,,,,,0.2463,0.2894,0.4644,1,,,,4.3,3.4,2.15,,,,,-0.3246,1,,,,,0,0,,,,0.0153,,,,,,,,,,,
spelad,EK,2012/13,2012-12-07,,Ruch Chorzow,Jagiellonia,1,1,D,,,,,,,,,,,,,,,,,,,,0.4189,0.294,0.2871,1,,,,2.5,3.32,3.4,,,,,-0.5867,-2,,,,,0,0,,,,-0.0424,,,,,,,,,,,
spelad,EK,2012/13,2012-12-07,,Slask Wroclaw,Legia,1,0,H,,,,,,,,,,,,,,,,,,,,0.2736,0.2934,0.433,1,,,,3.6,3.41,2.27,,,,,-0.4738,2,,,,,0,0,,,,0.0151,,,,,,,,,,,
spelad,EK,2012/13,2012-12-08,,GKS Belchatow,Piast Gliwice,1,3,A,,,,,,,,,,,,,,,,,,,,0.3804,0.2907,0.329,1,,,,2.65,3.35,3.1,,,,,-0.1343,3,,,,,0,0,,,,0.0063,,,,,,,,,,,
spelad,EK,2012/13,2012-12-08,,Gornik Zabrze,Lechia Gdansk,2,0,H,,,,,,,,,,,,,,,,,,,,0.4503,0.2952,0.2545,1,,,,2.25,3.45,3.9,,,,,-0.2256,1,,,,,0,0,,,,0.0059,,,,,,,,,,,
spelad,EK,2012/13,2012-12-08,,Zaglebie,Wisla,4,1,H,,,,,,,,,,,,,,,,,,,,0.4034,0.3129,0.2838,1,,,,2.46,3.25,3.45,,,,,0.366,-1,,,,,0,0,,,,-0.0336,,,,,,,,,,,
spelad,EK,2012/13,2012-12-09,,Korona Kielce,Lech Poznan,0,1,A,,,,,,,,,,,,,,,,,,,,0.3376,0.2984,0.364,1,,,,3.05,3.27,2.68,,,,,-0.071,-1,,,,,0,0,,,,-0.0085,,,,,,,,,,,
spelad,EK,2012/13,2012-12-09,,Podbeskidzie,Widzew Lodz,2,2,D,,,,,,,,,,,,,,,,,,,,0.3424,0.3078,0.3498,1,,,,2.85,3.25,2.8,,,,,-0.2823,0,,,,,0,0,,,,-0.0086,,,,,,,,,,,
spelad,EK,2012/13,2012-12-10,,Polonia Warszawa,Pogon Szczecin,2,0,H,,,,,,,,,,,,,,,,,,,,0.5669,0.2585,0.1747,1,,,,1.75,4,6,,,,,-0.3398,-2,,,,,0,0,,,,-0.0477,,,,,,,,,,,
spelad,EK,2012/13,2013-02-22,,Polonia Warszawa,Lechia Gdansk,1,1,D,,,,,,,,,,,,,,,,,,,,0.3102,0.3034,0.3865,1,,,,3.15,3.25,2.75,,,,,0.3079,,,,,,0,0,,,,0.0523,,,,,,,,,,,
spelad,EK,2012/13,2013-02-22,,Zaglebie,Pogon Szczecin,3,0,H,,,,,,,,,,,,,,,,,,,,0.4781,0.2811,0.2408,1,,,,2.15,3.47,4.05,,,,,0.6508,,,,,,0,0,,,,-0.0622,,,,,,,,,,,
spelad,EK,2012/13,2013-02-23,,Korona Kielce,Legia,3,2,H,,,,,,,,,,,,,,,,,,,,0.2473,0.2909,0.4618,1,,,,4.34,3.45,2.11,,,,,-0.5418,,,,,,0,0,,,,-0.0192,,,,,,,,,,,
spelad,EK,2012/13,2013-02-23,,Podbeskidzie,Jagiellonia,4,0,H,,,,,,,,,,,,,,,,,,,,0.3014,0.2968,0.4018,1,,,,3.35,3.35,2.43,,,,,-0.7918,,,,,,0,0,,,,-0.0215,,,,,,,,,,,
spelad,EK,2012/13,2013-02-23,,Slask Wroclaw,Widzew Lodz,2,1,H,,,,,,,,,,,,,,,,,,,,0.5002,0.2771,0.2227,1,,,,2,3.6,4.8,,,,,0.2806,,,,,,0,0,,,,0.0081,,,,,,,,,,,
spelad,EK,2012/13,2013-02-24,,GKS Belchatow,Wisla,0,0,D,,,,,,,,,,,,,,,,,,,,0.2126,0.2921,0.4953,1,,,,4.59,3.55,1.97,,,,,-0.3987,,,,,,0,0,,,,0.025,,,,,,,,,,,
spelad,EK,2012/13,2013-02-24,,Ruch Chorzow,Lech Poznan,0,4,A,,,,,,,,,,,,,,,,,,,,0.31,0.316,0.3741,1,,,,3.25,3.2,2.61,,,,,-0.8766,,,,,,0,0,,,,-0.0126,,,,,,,,,,,
spelad,EK,2012/13,2013-02-25,,Gornik Zabrze,Piast Gliwice,1,0,H,,,,,,,,,,,,,,,,,,,,0.5539,0.2649,0.1812,1,,,,1.76,4,5.5,,,,,0.109,,,,,,0,0,,,,-0.0365,,,,,,,,,,,
spelad,EK,2012/13,2013-03-01,,Lech Poznan,Polonia Warszawa,0,1,A,,,,,,,,,,,,,,,,,,,,0.5485,0.2597,0.1918,1,,,,1.78,3.9,6.3,,,,,0.1287,-2,,,,,0,0,,,,0.0771,,,,,,,,,,,
spelad,EK,2012/13,2013-03-01,,Lechia Gdansk,Pogon Szczecin,1,1,D,,,,,,,,,,,,,,,,,,,,0.4513,0.3,0.2487,1,,,,2.18,3.35,3.92,,,,,0.1194,0,,,,,0,0,,,,-0.031,,,,,,,,,,,
spelad,EK,2012/13,2013-03-02,,Legia,GKS Belchatow,0,0,D,,,,,,,,,,,,,,,,,,,,0.7942,0.1494,0.0564,1,,,,1.27,6.54,19,,,,,0.5578,1,,,,,0,0,,,,-0.0683,,,,,,,,,,,
spelad,EK,2012/13,2013-03-02,,Piast Gliwice,Zaglebie,1,1,D,,,,,,,,,,,,,,,,,,,,0.3186,0.2945,0.3869,1,,,,3.1,3.31,2.88,,,,,-0.8326,-3,,,,,0,0,,,,0.0367,,,,,,,,,,,
spelad,EK,2012/13,2013-03-02,,Ruch Chorzow,Widzew Lodz,3,0,H,,,,,,,,,,,,,,,,,,,,0.3753,0.2984,0.3263,1,,,,2.65,3.27,3.05,,,,,-0.2222,-1,,,,,0,0,,,,-0.0147,,,,,,,,,,,
spelad,EK,2012/13,2013-03-03,,Gornik Zabrze,Jagiellonia,1,2,A,,,,,,,,,,,,,,,,,,,,0.5447,0.2724,0.1829,1,,,,1.79,3.7,5.63,,,,,0.0315,-2,,,,,0,0,,,,-0.0072,,,,,,,,,,,
spelad,EK,2012/13,2013-03-03,,Korona Kielce,Slask Wroclaw,1,1,D,,,,,,,,,,,,,,,,,,,,0.364,0.303,0.333,1,,,,2.85,3.23,2.93,,,,,-0.0138,0,,,,,0,0,,,,-0.0194,,,,,,,,,,,
spelad,EK,2012/13,2013-03-04,,Wisla,Podbeskidzie,0,0,D,,,,,,,,,,,,,,,,,,,,0.474,0.2924,0.2336,1,,,,2.06,3.4,4.3,,,,,0.0406,-1,,,,,0,0,,,,0.0055,,,,,,,,,,,
spelad,EK,2012/13,2013-03-08,,Podbeskidzie,Legia,1,2,A,,,,,,,,,,,,,,,,,,,,0.1752,0.2517,0.5731,1,,,,6,3.9,1.77,,,,,0.3834,-2,,,,,0,0,,,,0.045,,,,,,,,,,,
spelad,EK,2012/13,2013-03-08,,Zaglebie,Jagiellonia,2,1,H,,,,,,,,,,,,,,,,,,,,0.4778,0.2945,0.2277,1,,,,2.06,3.55,4.4,,,,,0.5536,1,,,,,0,0,,,,0.0006,,,,,,,,,,,
spelad,EK,2012/13,2013-03-09,,GKS Belchatow,Widzew Lodz,0,0,D,,,,,,,,,,,,,,,,,,,,0.33,0.3121,0.3578,1,,,,3.05,3.2,2.73,,,,,0.0398,0,,,,,0,0,,,,-0.0111,,,,,,,,,,,
spelad,EK,2012/13,2013-03-09,,Polonia Warszawa,Wisla,1,2,A,,,,,,,,,,,,,,,,,,,,0.4184,0.299,0.2826,1,,,,2.33,3.4,4,,,,,0.5802,3,,,,,0,0,,,,0.0275,,,,,,,,,,,
spelad,EK,2012/13,2013-03-09,,Ruch Chorzow,Slask Wroclaw,1,1,D,,,,,,,,,,,,,,,,,,,,0.3269,0.2998,0.3733,1,,,,2.98,3.25,2.75,,,,,-0.747,1,,,,,0,0,,,,0.0201,,,,,,,,,,,
spelad,EK,2012/13,2013-03-10,,Gornik Zabrze,Lech Poznan,0,1,A,,,,,,,,,,,,,,,,,,,,0.3397,0.3207,0.3397,1,,,,2.92,3.2,2.87,,,,,-0.3167,-2,,,,,0,0,,,,0.0102,,,,,,,,,,,
spelad,EK,2012/13,2013-03-10,,Pogon Szczecin,Piast Gliwice,0,2,A,,,,,,,,,,,,,,,,,,,,0.4564,0.2925,0.2511,1,,,,2.25,3.4,3.89,,,,,-0.0292,1,,,,,0,0,,,,-0.0382,,,,,,,,,,,
spelad,EK,2012/13,2013-03-11,,Lechia Gdansk,Korona Kielce,3,2,H,,,,,,,,,,,,,,,,,,,,0.4063,0.3197,0.2739,1,,,,2.43,3.25,3.56,,,,,-0.0098,2,,,,,0,0,,,,0.0072,,,,,,,,,,,
spelad,EK,2012/13,2013-03-15,,Jagiellonia,Polonia Warszawa,2,0,H,,,,,,,,,,,,,,,,,,,,0.3779,0.3066,0.3155,1,,,,2.62,3.2,3.09,,,,,0.1557,1,,,,,0,0,,,,-0.0168,,,,,,,,,,,
spelad,EK,2012/13,2013-03-15,,Legia,Gornik Zabrze,3,0,H,,,,,,,,,,,,,,,,,,,,0.6057,0.25,0.1443,1,,,,1.65,3.9,6.8,,,,,-0.1078,2,,,,,0,0,,,,-0.0341,,,,,,,,,,,
spelad,EK,2012/13,2013-03-16,,Korona Kielce,Ruch Chorzow,2,1,H,,,,,,,,,,,,,,,,,,,,0.4383,0.3017,0.26,1,,,,2.25,3.35,3.8,,,,,0.5149,-2,,,,,0,0,,,,-0.0059,,,,,,,,,,,
spelad,EK,2012/13,2013-03-16,,Lech Poznan,GKS Belchatow,0,0,D,,,,,,,,,,,,,,,,,,,,0.6832,0.2166,0.1002,1,,,,1.43,4.8,12,,,,,0.6556,-1,,,,,0,0,,,,-0.0051,,,,,,,,,,,
spelad,EK,2012/13,2013-03-16,,Widzew Lodz,Zaglebie,0,0,D,,,,,,,,,,,,,,,,,,,,0.3447,0.3106,0.3447,1,,,,2.83,3.25,2.92,,,,,-1.567,-1,,,,,0,0,,,,0.0239,,,,,,,,,,,
spelad,EK,2012/13,2013-03-17,,Slask Wroclaw,Podbeskidzie,1,1,D,,,,,,,,,,,,,,,,,,,,0.5913,0.2476,0.161,1,,,,1.73,3.94,6.06,,,,,0.4078,-1,,,,,0,0,,,,-0.0692,,,,,,,,,,,
spelad,EK,2012/13,2013-03-17,,Wisla,Pogon Szczecin,2,0,H,,,,,,,,,,,,,,,,,,,,0.5155,0.2832,0.2013,1,,,,1.91,3.65,5,,,,,-0.049,1,,,,,0,0,,,,-0.0256,,,,,,,,,,,
spelad,EK,2012/13,2013-03-18,,Piast Gliwice,Lechia Gdansk,2,0,H,,,,,,,,,,,,,,,,,,,,0.3892,0.3198,0.291,1,,,,2.49,3.2,3.33,,,,,0.4142,1,,,,,0,0,,,,0.0054,,,,,,,,,,,
spelad,EK,2012/13,2013-03-28,,Gornik Zabrze,Widzew Lodz,3,1,H,,,,,,,,,,,,,,,,,,,,0.5287,0.2787,0.1926,1,,,,1.91,3.55,5.3,,,,,0.2987,1,,,,,0,0,,,,-0.0456,,,,,,,,,,,
spelad,EK,2012/13,2013-03-28,,Podbeskidzie,Korona Kielce,1,1,D,,,,,,,,,,,,,,,,,,,,0.3352,0.3048,0.36,1,,,,2.91,3.25,2.75,,,,,-0.2582,-1,,,,,0,0,,,,0.0255,,,,,,,,,,,
spelad,EK,2012/13,2013-03-30,,GKS Belchatow,Slask Wroclaw,1,0,H,,,,,,,,,,,,,,,,,,,,0.2509,0.2997,0.4495,1,,,,3.87,3.3,2.25,,,,,-0.3318,1,,,,,0,0,,,,0.0569,,,,,,,,,,,
spelad,EK,2012/13,2013-03-30,,Piast Gliwice,Jagiellonia,1,1,D,,,,,,,,,,,,,,,,,,,,0.4548,0.2909,0.2543,1,,,,2.29,3.33,3.81,,,,,0.5596,-3,,,,,0,0,,,,-0.0744,,,,,,,,,,,
spelad,EK,2012/13,2013-03-30,,Polonia Warszawa,Legia,1,2,A,,,,,,,,,,,,,,,,,,,,0.2745,0.2936,0.4319,1,,,,4,3.4,2.25,,,,,-0.4075,0,,,,,0,0,,,,-0.0247,,,,,,,,,,,
spelad,EK,2012/13,2013-04-01,,Lechia Gdansk,Wisla,0,0,D,,,,,,,,,,,,,,,,,,,,0.3411,0.3178,0.3411,1,,,,2.86,3.2,2.92,,,,,-0.4616,-1,,,,,0,0,,,,0.0137,,,,,,,,,,,
spelad,EK,2012/13,2013-04-01,,Pogon Szczecin,Lech Poznan,0,2,A,,,,,,,,,,,,,,,,,,,,0.2528,0.3117,0.4355,1,,,,3.86,3.25,2.25,,,,,-0.1456,-1,,,,,0,0,,,,0.0374,,,,,,,,,,,
spelad,EK,2012/13,2013-04-01,,Zaglebie,Ruch Chorzow,2,3,A,,,,,,,,,,,,,,,,,,,,0.4982,0.2758,0.226,1,,,,2,3.6,4.4,,,,,1.344,0,,,,,0,0,,,,-0.0182,,,,,,,,,,,
spelad,EK,2012/13,2013-04-05,,Lech Poznan,Lechia Gdansk,4,2,H,,,,,,,,,,,,,,,,,,,,0.5839,0.2672,0.1489,1,,,,1.75,3.75,6.56,,,,,0.7,0,,,,,0,0,,,,-0.074,,,,,,,,,,,
spelad,EK,2012/13,2013-04-05,,Ruch Chorzow,Podbeskidzie,1,3,A,,,,,,,,,,,,,,,,,,,,0.436,0.2942,0.2698,1,,,,2.25,3.4,4.2,,,,,-0.0632,-4,,,,,0,0,,,,0.0503,,,,,,,,,,,
spelad,EK,2012/13,2013-04-06,,Jagiellonia,Pogon Szczecin,1,0,H,,,,,,,,,,,,,,,,,,,,0.4288,0.315,0.2562,1,,,,2.27,3.4,4.05,,,,,0.5511,2,,,,,0,0,,,,0.0432,,,,,,,,,,,
spelad,EK,2012/13,2013-04-06,,Legia,Zaglebie,2,0,H,,,,,,,,,,,,,,,,,,,,0.6633,0.2176,0.1191,1,,,,1.53,4.54,8.6,,,,,-0.4258,2,,,,,0,0,,,,-0.0636,,,,,,,,,,,
spelad,EK,2012/13,2013-04-06,,Slask Wroclaw,Gornik Zabrze,2,1,H,,,,,,,,,,,,,,,,,,,,0.4251,0.3052,0.2697,1,,,,2.49,3.25,3.61,,,,,0.0609,-2,,,,,0,0,,,,-0.0712,,,,,,,,,,,
spelad,EK,2012/13,2013-04-07,,Korona Kielce,GKS Belchatow,1,0,H,,,,,,,,,,,,,,,,,,,,0.4924,0.291,0.2166,1,,,,2.02,3.35,4.8,,,,,-0.1568,2,,,,,0,0,,,,-0.0129,,,,,,,,,,,
spelad,EK,2012/13,2013-04-07,,Wisla,Piast Gliwice,1,2,A,,,,,,,,,,,,,,,,,,,,0.5017,0.2805,0.2178,1,,,,2.04,3.47,4.5,,,,,-0.2591,-2,,,,,0,0,,,,-0.0579,,,,,,,,,,,
spelad,EK,2012/13,2013-04-08,,Widzew Lodz,Polonia Warszawa,3,2,H,,,,,,,,,,,,,,,,,,,,0.3334,0.315,0.3515,1,,,,2.94,3.2,2.8,,,,,0.0637,2,,,,,0,0,,,,-0.0046,,,,,,,,,,,
spelad,EK,2012/13,2013-04-12,,Pogon Szczecin,Widzew Lodz,1,1,D,,,,,,,,,,,,,,,,,,,,0.3975,0.3082,0.2942,1,,,,2.58,3.2,3.31,,,,,-0.5646,2,,,,,0,0,,,,-0.0275,,,,,,,,,,,
spelad,EK,2012/13,2013-04-12,,Zaglebie,Korona Kielce,2,1,H,,,,,,,,,,,,,,,,,,,,0.4533,0.2909,0.2558,1,,,,2.19,3.4,3.81,,,,,0.0717,1,,,,,0,0,,,,-0.0314,,,,,,,,,,,
spelad,EK,2012/13,2013-04-13,,GKS Belchatow,Ruch Chorzow,0,3,A,,,,,,,,,,,,,,,,,,,,0.3661,0.3082,0.3257,1,,,,2.75,3.3,3,,,,,0.2898,-2,,,,,0,0,,,,-0.0113,,,,,,,,,,,
spelad,EK,2012/13,2013-04-13,,Polonia Warszawa,Slask Wroclaw,2,2,D,,,,,,,,,,,,,,,,,,,,0.3547,0.303,0.3423,1,,,,2.75,3.25,2.96,,,,,-0.7724,-2,,,,,0,0,,,,0.0151,,,,,,,,,,,
spelad,EK,2012/13,2013-04-13,,Wisla,Legia,1,2,A,,,,,,,,,,,,,,,,,,,,0.2218,0.2971,0.481,1,,,,4.38,3.4,2.2,,,,,-0.4171,-1,,,,,0,0,,,,0.0795,,,,,,,,,,,
spelad,EK,2012/13,2013-04-14,,Gornik Zabrze,Podbeskidzie,0,1,A,,,,,,,,,,,,,,,,,,,,0.5661,0.2631,0.1708,1,,,,1.8,3.75,5.7,,,,,-0.1762,-1,,,,,0,0,,,,-0.0656,,,,,,,,,,,
spelad,EK,2012/13,2013-04-14,,Lechia Gdansk,Jagiellonia,2,3,A,,,,,,,,,,,,,,,,,,,,0.477,0.2896,0.2334,1,,,,2.15,3.36,4.17,,,,,-0.6257,1,,,,,0,0,,,,-0.0553,,,,,,,,,,,
spelad,EK,2012/13,2013-04-15,,Piast Gliwice,Lech Poznan,0,3,A,,,,,,,,,,,,,,,,,,,,0.2273,0.2827,0.49,1,,,,4.4,3.6,2.1,,,,,0.407,-2,,,,,0,0,,,,0.0529,,,,,,,,,,,
spelad,EK,2012/13,2013-04-19,,Korona Kielce,Gornik Zabrze,1,0,H,,,,,,,,,,,,,,,,,,,,0.439,0.291,0.27,1,,,,2.38,3.35,3.61,,,,,0.4667,2,,,,,0,0,,,,-0.052,,,,,,,,,,,
spelad,EK,2012/13,2013-04-19,,Widzew Lodz,Piast Gliwice,1,1,D,,,,,,,,,,,,,,,,,,,,0.4053,0.2951,0.2996,1,,,,2.41,3.31,3.27,,,,,-0.9062,3,,,,,0,0,,,,-0.0284,,,,,,,,,,,
spelad,EK,2012/13,2013-04-20,,Jagiellonia,Wisla,2,2,D,,,,,,,,,,,,,,,,,,,,0.4506,0.2821,0.2674,1,,,,2.25,3.45,3.65,,,,,0.8976,-1,,,,,0,0,,,,-0.0493,,,,,,,,,,,
spelad,EK,2012/13,2013-04-20,,Legia,Pogon Szczecin,3,1,H,,,,,,,,,,,,,,,,,,,,0.734,0.1859,0.0801,1,,,,1.35,5.5,13,,,,,0.9574,-1,,,,,0,0,,,,-0.0455,,,,,,,,,,,
spelad,EK,2012/13,2013-04-20,,Podbeskidzie,GKS Belchatow,1,1,D,,,,,,,,,,,,,,,,,,,,0.5325,0.28,0.1874,1,,,,1.9,3.55,5.2,,,,,0.7091,-1,,,,,0,0,,,,-0.0578,,,,,,,,,,,
spelad,EK,2012/13,2013-04-21,,Lech Poznan,Zaglebie,3,1,H,,,,,,,,,,,,,,,,,,,,0.5845,0.2555,0.16,1,,,,1.68,3.9,7,,,,,0.379,-3,,,,,0,0,,,,0.0052,,,,,,,,,,,
spelad,EK,2012/13,2013-04-21,,Slask Wroclaw,Lechia Gdansk,1,1,D,,,,,,,,,,,,,,,,,,,,0.4667,0.2869,0.2463,1,,,,2.29,3.59,4.65,,,,,0.6861,1,,,,,0,0,,,,0.0361,,,,,,,,,,,
spelad,EK,2012/13,2013-04-22,,Ruch Chorzow,Polonia Warszawa,2,1,H,,,,,,,,,,,,,,,,,,,,0.4192,0.2952,0.2856,1,,,,2.4,3.3,3.4,,,,,0.4081,0,,,,,0,0,,,,-0.0366,,,,,,,,,,,
spelad,EK,2012/13,2013-04-26,,Pogon Szczecin,Korona Kielce,2,1,H,,,,,,,,,,,,,,,,,,,,0.426,0.303,0.271,1,,,,2.4,3.3,3.6,,,,,-1.2092,-1,,,,,0,0,,,,-0.0457,,,,,,,,,,,
spelad,EK,2012/13,2013-04-26,,Wisla,Widzew Lodz,1,0,H,,,,,,,,,,,,,,,,,,,,0.4781,0.2811,0.2408,1,,,,2.1,3.5,4.33,,,,,0.148,-1,,,,,0,0,,,,-0.0126,,,,,,,,,,,
spelad,EK,2012/13,2013-04-27,,Lechia Gdansk,Podbeskidzie,1,2,A,,,,,,,,,,,,,,,,,,,,0.4289,0.2889,0.2822,1,,,,2.27,3.6,3.8,,,,,-0.985,-1,,,,,0,0,,,,0.0143,,,,,,,,,,,
spelad,EK,2012/13,2013-04-27,,Piast Gliwice,Legia,0,0,D,,,,,,,,,,,,,,,,,,,,0.1667,0.2527,0.5806,1,,,,5.85,4,1.82,,,,,-0.021,1,,,,,0,0,,,,0.0984,,,,,,,,,,,
spelad,EK,2012/13,2013-04-27,,Polonia Warszawa,GKS Belchatow,0,1,A,,,,,,,,,,,,,,,,,,,,0.524,0.2655,0.2105,1,,,,1.86,3.67,4.8,,,,,-0.6966,-2,,,,,0,0,,,,-0.0153,,,,,,,,,,,
spelad,EK,2012/13,2013-04-28,,Gornik Zabrze,Ruch Chorzow,2,0,H,,,,,,,,,,,,,,,,,,,,0.4221,0.2902,0.2876,1,,,,2.95,3.36,3.6,,,,,-1.0588,3,,,,,0,0,,,,0.0028,,,,,,,,,,,
spelad,EK,2012/13,2013-04-28,,Zaglebie,Slask Wroclaw,4,0,H,,,,,,,,,,,,,,,,,,,,0.3519,0.3037,0.3444,1,,,,2.8,3.35,2.9,,,,,0.224,0,,,,,0,0,,,,0.0263,,,,,,,,,,,
spelad,EK,2012/13,2013-04-29,,Jagiellonia,Lech Poznan,0,1,A,,,,,,,,,,,,,,,,,,,,0.2154,0.2745,0.5101,1,,,,4.7,3.8,2,,,,,-0.084,1,,,,,0,0,,,,0.067,,,,,,,,,,,
spelad,EK,2012/13,2013-05-03,,Korona Kielce,Polonia Warszawa,1,1,D,,,,,,,,,,,,,,,,,,,,0.4973,0.2801,0.2226,1,,,,2.04,3.48,4.5,,,,,0.7997,1,,,,,0,0,,,,-0.0537,,,,,,,,,,,
spelad,EK,2012/13,2013-05-03,,Podbeskidzie,Zaglebie,1,1,D,,,,,,,,,,,,,,,,,,,,0.344,0.2941,0.3619,1,,,,2.92,3.31,2.9,,,,,0.4893,1,,,,,0,0,,,,0.0227,,,,,,,,,,,
spelad,EK,2012/13,2013-05-04,,GKS Belchatow,Gornik Zabrze,2,0,H,,,,,,,,,,,,,,,,,,,,0.2839,0.3023,0.4138,1,,,,3.44,3.25,2.45,,,,,1.0312,1,,,,,0,0,,,,0.0523,,,,,,,,,,,
spelad,EK,2012/13,2013-05-04,,Lech Poznan,Wisla,1,0,H,,,,,,,,,,,,,,,,,,,,0.633,0.2389,0.1281,1,,,,1.62,4.09,7.61,,,,,0.4831,-3,,,,,0,0,,,,-0.0652,,,,,,,,,,,
spelad,EK,2012/13,2013-05-04,,Widzew Lodz,Jagiellonia,3,0,H,,,,,,,,,,,,,,,,,,,,0.39,0.2955,0.3145,1,,,,2.62,3.3,3.1,,,,,-0.9308,3,,,,,0,0,,,,-0.04,,,,,,,,,,,
spelad,EK,2012/13,2013-05-05,,Legia,Lechia Gdansk,1,0,H,,,,,,,,,,,,,,,,,,,,0.7079,0.1978,0.0943,1,,,,1.4,5.2,10.36,,,,,1.0342,0,,,,,0,0,,,,-0.0625,,,,,,,,,,,
spelad,EK,2012/13,2013-05-05,,Slask Wroclaw,Pogon Szczecin,1,0,H,,,,,,,,,,,,,,,,,,,,0.5369,0.2677,0.1954,1,,,,1.85,3.65,5.09,,,,,-0.0087,-2,,,,,0,0,,,,-0.0279,,,,,,,,,,,
spelad,EK,2012/13,2013-05-06,,Ruch Chorzow,Piast Gliwice,1,2,A,,,,,,,,,,,,,,,,,,,,0.4472,0.2834,0.2693,1,,,,2.21,3.44,3.67,,,,,-0.1312,-1,,,,,0,0,,,,-0.0292,,,,,,,,,,,
spelad,EK,2012/13,2013-05-10,,Lech Poznan,Widzew Lodz,4,0,H,,,,,,,,,,,,,,,,,,,,0.7078,0.2078,0.0844,1,,,,1.4,4.7,11.57,,,,,0.8907,0,,,,,0,0,,,,-0.0666,,,,,,,,,,,
spelad,EK,2012/13,2013-05-10,,Polonia Warszawa,Podbeskidzie,2,1,H,,,,,,,,,,,,,,,,,,,,0.3159,0.2905,0.3936,1,,,,3.25,3.36,2.65,,,,,-1.5702,0,,,,,0,0,,,,0.0365,,,,,,,,,,,
spelad,EK,2012/13,2013-05-11,,Jagiellonia,Legia,0,3,A,,,,,,,,,,,,,,,,,,,,0.1556,0.2495,0.5949,1,,,,6.27,3.91,1.83,,,,,-0.5722,1,,,,,0,0,,,,0.1034,,,,,,,,,,,
spelad,EK,2012/13,2013-05-11,,Pogon Szczecin,GKS Belchatow,0,1,A,,,,,,,,,,,,,,,,,,,,0.4171,0.3118,0.2711,1,,,,2.34,3.25,3.8,,,,,-1.119,-1,,,,,0,0,,,,0.002,,,,,,,,,,,
spelad,EK,2012/13,2013-05-11,,Wisla,Korona Kielce,3,0,H,,,,,,,,,,,,,,,,,,,,0.4666,0.3066,0.2268,1,,,,2.16,3.3,4.3,,,,,0.1221,-1,,,,,0,0,,,,-0.0295,,,,,,,,,,,
spelad,EK,2012/13,2013-05-12,,Lechia Gdansk,Ruch Chorzow,4,4,D,,,,,,,,,,,,,,,,,,,,0.4097,0.3317,0.2586,1,,,,2.38,3.25,3.77,,,,,-0.5068,1,,,,,0,0,,,,-0.028,,,,,,,,,,,
spelad,EK,2012/13,2013-05-12,,Piast Gliwice,Slask Wroclaw,3,2,H,,,,,,,,,,,,,,,,,,,,0.3723,0.3219,0.3058,1,,,,2.64,3.25,3.3,,,,,1.0972,-1,,,,,0,0,,,,0.0056,,,,,,,,,,,
spelad,EK,2012/13,2013-05-13,,Zaglebie,Gornik Zabrze,1,2,A,,,,,,,,,,,,,,,,,,,,0.4925,0.2859,0.2216,1,,,,2.04,3.41,4.4,,,,,0.7026,1,,,,,0,0,,,,-0.0522,,,,,,,,,,,
spelad,EK,2012/13,2013-05-17,,Ruch Chorzow,Pogon Szczecin,2,3,A,,,,,,,,,,,,,,,,,,,,0.4759,0.2814,0.2427,1,,,,2.06,3.45,4.4,,,,,0.5755,-1,,,,,0,0,,,,-0.0057,,,,,,,,,,,
spelad,EK,2012/13,2013-05-17,,Slask Wroclaw,Wisla,3,0,H,,,,,,,,,,,,,,,,,,,,0.4559,0.2861,0.2581,1,,,,2.15,3.45,4.25,,,,,-0.4592,-1,,,,,0,0,,,,0.0073,,,,,,,,,,,
spelad,EK,2012/13,2013-05-18,,Gornik Zabrze,Polonia Warszawa,0,4,A,,,,,,,,,,,,,,,,,,,,0.5282,0.2745,0.1974,1,,,,2,3.56,5.05,,,,,0.4384,-3,,,,,0,0,,,,-0.0725,,,,,,,,,,,
spelad,EK,2012/13,2013-05-18,,Legia,Lech Poznan,1,0,H,,,,,,,,,,,,,,,,,,,,0.4523,0.2952,0.2525,1,,,,2.25,3.31,3.9,,,,,-0.0504,-1,,,,,0,0,,,,-0.0555,,,,,,,,,,,
spelad,EK,2012/13,2013-05-18,,Podbeskidzie,Piast Gliwice,1,2,A,,,,,,,,,,,,,,,,,,,,0.3685,0.3005,0.331,1,,,,2.7,3.3,2.95,,,,,-0.2766,2,,,,,0,0,,,,-0.008,,,,,,,,,,,
spelad,EK,2012/13,2013-05-19,,GKS Belchatow,Zaglebie,3,2,H,,,,,,,,,,,,,,,,,,,,0.3356,0.2986,0.3658,1,,,,2.91,3.27,2.95,,,,,1.0804,2,,,,,0,0,,,,0.0485,,,,,,,,,,,
spelad,EK,2012/13,2013-05-19,,Korona Kielce,Jagiellonia,5,0,H,,,,,,,,,,,,,,,,,,,,0.5249,0.2798,0.1953,1,,,,2.04,3.75,5,,,,,-0.2145,0,,,,,0,0,,,,-0.1141,,,,,,,,,,,
spelad,EK,2012/13,2013-05-20,,Widzew Lodz,Lechia Gdansk,1,2,A,,,,,,,,,,,,,,,,,,,,0.3937,0.3299,0.2765,1,,,,2.45,3.2,3.6,,,,,0.8078,2,,,,,0,0,,,,-0.0059,,,,,,,,,,,
spelad,EK,2012/13,2013-05-23,,Piast Gliwice,Korona Kielce,1,1,D,,,,,,,,,,,,,,,,,,,,0.4516,0.2974,0.251,1,,,,2.18,3.4,4.5,,,,,0.7781,1,,,,,0,0,,,,0.0365,,,,,,,,,,,
spelad,EK,2012/13,2013-05-24,,Widzew Lodz,Legia,1,1,D,,,,,,,,,,,,,,,,,,,,0.1325,0.2434,0.6241,1,,,,7.41,4.09,1.62,,,,,-0.9234,-2,,,,,0,0,,,,0.0438,,,,,,,,,,,
spelad,EK,2012/13,2013-05-24,,Wisla,Ruch Chorzow,1,1,D,,,,,,,,,,,,,,,,,,,,0.4374,0.2947,0.268,1,,,,2.23,3.6,4,,,,,-0.1612,0,,,,,0,0,,,,0.0377,,,,,,,,,,,
spelad,EK,2012/13,2013-05-25,,Lech Poznan,Podbeskidzie,0,2,A,,,,,,,,,,,,,,,,,,,,0.7008,0.1966,0.1027,1,,,,1.45,4.92,9.6,,,,,0.5851,0,,,,,0,0,,,,-0.0727,,,,,,,,,,,
spelad,EK,2012/13,2013-05-25,,Lechia Gdansk,GKS Belchatow,1,1,D,,,,,,,,,,,,,,,,,,,,0.3993,0.2994,0.3013,1,,,,2.65,3.25,3.4,,,,,-1.3568,-1,,,,,0,0,,,,-0.0232,,,,,,,,,,,
spelad,EK,2012/13,2013-05-26,,Jagiellonia,Slask Wroclaw,0,3,A,,,,,,,,,,,,,,,,,,,,0.2469,0.2702,0.4829,1,,,,4.2,3.61,2.25,,,,,0.0417,-2,,,,,0,0,,,,0.0636,,,,,,,,,,,
spelad,EK,2012/13,2013-05-26,,Pogon Szczecin,Gornik Zabrze,1,0,H,,,,,,,,,,,,,,,,,,,,0.38,0.313,0.3071,1,,,,2.62,3.2,3.3,,,,,0.1079,1,,,,,0,0,,,,0.0101,,,,,,,,,,,
spelad,EK,2012/13,2013-05-27,,Zaglebie,Polonia Warszawa,0,0,D,,,,,,,,,,,,,,,,,,,,0.4564,0.2821,0.2615,1,,,,2.2,3.5,3.75,,,,,-0.2167,-1,,,,,0,0,,,,-0.0262,,,,,,,,,,,
spelad,EK,2012/13,2013-05-30,,GKS Belchatow,Jagiellonia,1,1,D,,,,,,,,,,,,,,,,,,,,0.5987,0.2483,0.153,1,,,,1.68,3.93,6.38,,,,,0.8879,1,,,,,0,0,,,,-0.0307,,,,,,,,,,,
spelad,EK,2012/13,2013-05-30,,Gornik Zabrze,Wisla,0,1,A,,,,,,,,,,,,,,,,,,,,0.4507,0.3101,0.2392,1,,,,2.29,3.2,4.07,,,,,-0.347,-2,,,,,0,0,,,,-0.0592,,,,,,,,,,,
spelad,EK,2012/13,2013-05-30,,Korona Kielce,Widzew Lodz,0,0,D,,,,,,,,,,,,,,,,,,,,0.4158,0.3022,0.282,1,,,,2.38,3.35,3.59,,,,,-0.0145,1,,,,,0,0,,,,0.0318,,,,,,,,,,,
spelad,EK,2012/13,2013-05-30,,Podbeskidzie,Pogon Szczecin,2,1,H,,,,,,,,,,,,,,,,,,,,0.4949,0.2724,0.2327,1,,,,2.08,3.6,4.19,,,,,0.4838,1,,,,,0,0,,,,-0.0416,,,,,,,,,,,
spelad,EK,2012/13,2013-05-30,,Polonia Warszawa,Piast Gliwice,1,1,D,,,,,,,,,,,,,,,,,,,,0.3663,0.2918,0.3419,1,,,,3,3.35,2.85,,,,,-0.8155,-4,,,,,0,0,,,,-0.0397,,,,,,,,,,,
spelad,EK,2012/13,2013-05-30,,Ruch Chorzow,Legia,0,0,D,,,,,,,,,,,,,,,,,,,,0.252,0.2772,0.4709,1,,,,4.05,3.5,2.2,,,,,-0.835,0,,,,,0,0,,,,0.0261,,,,,,,,,,,
spelad,EK,2012/13,2013-05-30,,Slask Wroclaw,Lech Poznan,1,1,D,,,,,,,,,,,,,,,,,,,,0.4689,0.2771,0.254,1,,,,2.2,3.52,3.84,,,,,-0.1273,-1,,,,,0,0,,,,-0.0586,,,,,,,,,,,
spelad,EK,2012/13,2013-05-30,,Zaglebie,Lechia Gdansk,0,3,A,,,,,,,,,,,,,,,,,,,,0.4904,0.2704,0.2392,1,,,,2.04,3.62,4.08,,,,,0.1529,-2,,,,,0,0,,,,-0.0514,,,,,,,,,,,
spelad,EK,2012/13,2013-06-02,,Jagiellonia,Ruch Chorzow,1,0,H,,,,,,,,,,,,,,,,,,,,0.3919,0.2913,0.3168,1,,,,2.7,3.5,3.08,,,,,-0.1898,0,,,,,0,0,,,,-0.0574,,,,,,,,,,,
spelad,EK,2012/13,2013-06-02,,Lech Poznan,Korona Kielce,2,0,H,,,,,,,,,,,,,,,,,,,,0.6375,0.2247,0.1378,1,,,,1.62,4.34,7.08,,,,,0.4463,0,,,,,0,0,,,,-0.094,,,,,,,,,,,
spelad,EK,2012/13,2013-06-02,,Lechia Gdansk,Gornik Zabrze,0,2,A,,,,,,,,,,,,,,,,,,,,0.4511,0.2891,0.2598,1,,,,2.85,3.96,3.8,,,,,0.6076,0,,,,,0,0,,,,-0.0544,,,,,,,,,,,
spelad,EK,2012/13,2013-06-02,,Legia,Slask Wroclaw,5,0,H,,,,,,,,,,,,,,,,,,,,0.532,0.2569,0.2112,1,,,,1.91,3.85,4.61,,,,,0.324,0,,,,,0,0,,,,-0.056,,,,,,,,,,,
spelad,EK,2012/13,2013-06-02,,Piast Gliwice,GKS Belchatow,2,3,A,,,,,,,,,,,,,,,,,,,,0.3905,0.2863,0.3232,1,,,,2.5,3.41,3.25,,,,,-0.2158,0,,,,,0,0,,,,-0.0081,,,,,,,,,,,
spelad,EK,2012/13,2013-06-02,,Pogon Szczecin,Polonia Warszawa,3,1,H,,,,,,,,,,,,,,,,,,,,0.5738,0.2508,0.1754,1,,,,1.73,3.9,5.95,,,,,0.0636,0,,,,,0,0,,,,-0.0179,,,,,,,,,,,
spelad,EK,2012/13,2013-06-02,,Widzew Lodz,Podbeskidzie,1,2,A,,,,,,,,,,,,,,,,,,,,0.2529,0.2822,0.4649,1,,,,4.05,3.6,2.1,,,,,-0.7098,0,,,,,0,0,,,,-0.0128,,,,,,,,,,,
spelad,EK,2012/13,2013-06-02,,Wisla,Zaglebie,0,1,A,,,,,,,,,,,,,,,,,,,,0.5276,0.2638,0.2086,1,,,,1.95,3.7,4.68,,,,,0.6114,0,,,,,0,0,,,,-0.0809,,,,,,,,,,,
spelad,EK,2013/14,2013-07-19,,Wisla,Gornik Zabrze,0,0,D,,,,,,,,,,,,,,,,,,,,0.4134,0.3087,0.2779,1,,,,2.45,3.2,3.51,,,,,0.2882,,,,,,0,0,,,,-0.0418,,,,,,,,,,,
spelad,EK,2013/14,2013-07-19,,Zaglebie,Pogon Szczecin,0,2,A,,,,,,,,,,,,,,,,,,,,0.5335,0.266,0.2005,1,,,,1.87,3.7,5,,,,,-0.6359,,,,,,0,0,,,,-0.0459,,,,,,,,,,,
spelad,EK,2013/14,2013-07-20,,Legia,Widzew Lodz,5,1,H,,,,,,,,,,,,,,,,,,,,0.7289,0.1857,0.0854,1,,,,1.37,5.6,11.42,,,,,0.5917,,,,,,0,0,,,,-0.0514,,,,,,,,,,,
spelad,EK,2013/14,2013-07-20,,Zawisza,Jagiellonia,0,1,A,,,,,,,,,,,,,,,,,,,,0.4443,0.2948,0.2609,1,,,,2.5,3.3,3.73,,,,,,,,,,,1,0,,,,-0.0558,,,,,,,,,,,
spelad,EK,2013/14,2013-07-21,,Cracovia,Piast Gliwice,2,3,A,,,,,,,,,,,,,,,,,,,,0.3552,0.3032,0.3415,1,,,,2.74,3.25,3,,,,,,,,,,,1,0,,,,0.0175,,,,,,,,,,,
spelad,EK,2013/14,2013-07-21,,Korona Kielce,Slask Wroclaw,0,0,D,,,,,,,,,,,,,,,,,,,,0.4014,0.2947,0.3039,1,,,,2.6,3.31,3.21,,,,,-0.0609,,,,,,0,0,,,,-0.0674,,,,,,,,,,,
spelad,EK,2013/14,2013-07-21,,Ruch Chorzow,Lech Poznan,1,1,D,,,,,,,,,,,,,,,,,,,,0.2087,0.2784,0.5129,1,,,,4.67,3.7,2.04,,,,,-0.7138,,,,,,0,0,,,,0.0739,,,,,,,,,,,
spelad,EK,2013/14,2013-07-22,,Lechia Gdansk,Podbeskidzie,2,2,D,,,,,,,,,,,,,,,,,,,,0.4943,0.2782,0.2275,1,,,,2.04,3.6,4.4,,,,,-0.4718,,,,,,0,0,,,,-0.0613,,,,,,,,,,,
spelad,EK,2013/14,2013-07-26,,Ruch Chorzow,Lechia Gdansk,1,1,D,,,,,,,,,,,,,,,,,,,,0.415,0.2877,0.2973,1,,,,2.45,3.39,3.3,,,,,-0.526,1,,,,,0,0,,,,-0.0216,,,,,,,,,,,
spelad,EK,2013/14,2013-07-26,,Widzew Lodz,Zawisza,2,1,H,,,,,,,,,,,,,,,,,,,,0.373,0.2959,0.3311,1,,,,2.65,3.29,3.05,,,,,,0,,,,,-1,0,,,,-0.0004,,,,,,,,,,,
spelad,EK,2013/14,2013-07-27,,Podbeskidzie,Gornik Zabrze,1,2,A,,,,,,,,,,,,,,,,,,,,0.3161,0.3082,0.3757,1,,,,3.12,3.2,2.65,,,,,0.5974,-3,,,,,0,0,,,,0.016,,,,,,,,,,,
spelad,EK,2013/14,2013-07-27,,Pogon Szczecin,Legia,0,3,A,,,,,,,,,,,,,,,,,,,,0.1712,0.2591,0.5697,1,,,,5.69,3.9,1.8,,,,,0.3453,1,,,,,0,0,,,,0.0487,,,,,,,,,,,
spelad,EK,2013/14,2013-07-28,,Lech Poznan,Cracovia,1,1,D,,,,,,,,,,,,,,,,,,,,0.7068,0.1971,0.0961,1,,,,1.41,4.95,11,,,,,,0,,,,,-1,0,,,,-0.0555,,,,,,,,,,,
spelad,EK,2013/14,2013-07-28,,Piast Gliwice,Zaglebie,2,1,H,,,,,,,,,,,,,,,,,,,,0.4217,0.3016,0.2767,1,,,,2.52,3.25,3.52,,,,,1.0894,-2,,,,,0,0,,,,-0.0632,,,,,,,,,,,
spelad,EK,2013/14,2013-07-28,,Slask Wroclaw,Jagiellonia,2,3,A,,,,,,,,,,,,,,,,,,,,0.5355,0.2656,0.1989,1,,,,1.83,3.8,5.09,,,,,0.0496,-1,,,,,0,0,,,,-0.0364,,,,,,,,,,,
spelad,EK,2013/14,2013-07-29,,Korona Kielce,Wisla,2,3,A,,,,,,,,,,,,,,,,,,,,0.421,0.3011,0.2779,1,,,,2.4,3.23,3.5,,,,,-0.4164,-2,,,,,0,0,,,,-0.0134,,,,,,,,,,,
spelad,EK,2013/14,2013-08-02,,Cracovia,Ruch Chorzow,2,1,H,,,,,,,,,,,,,,,,,,,,0.3841,0.2929,0.323,1,,,,2.64,3.33,3.05,,,,,,-2,,,,,1,0,,,,-0.0236,,,,,,,,,,,
spelad,EK,2013/14,2013-08-02,,Zawisza,Pogon Szczecin,1,1,D,,,,,,,,,,,,,,,,,,,,0.4424,0.2931,0.2645,1,,,,2.27,3.4,3.68,,,,,,1,,,,,1,0,,,,-0.0478,,,,,,,,,,,
spelad,EK,2013/14,2013-08-03,,Legia,Podbeskidzie,4,0,H,,,,,,,,,,,,,,,,,,,,0.7465,0.1722,0.0814,1,,,,1.31,6.2,13.02,,,,,0.419,0,,,,,0,0,,,,-0.0372,,,,,,,,,,,
spelad,EK,2013/14,2013-08-03,,Widzew Lodz,Korona Kielce,2,1,H,,,,,,,,,,,,,,,,,,,,0.3196,0.3008,0.3796,1,,,,3.05,3.25,2.85,,,,,0.4738,3,,,,,0,0,,,,0.0298,,,,,,,,,,,
spelad,EK,2013/14,2013-08-04,,Gornik Zabrze,Piast Gliwice,2,1,H,,,,,,,,,,,,,,,,,,,,0.4734,0.2852,0.2414,1,,,,2.1,3.42,4.04,,,,,-0.8438,1,,,,,0,0,,,,-0.047,,,,,,,,,,,
spelad,EK,2013/14,2013-08-04,,Slask Wroclaw,Wisla,0,0,D,,,,,,,,,,,,,,,,,,,,0.4668,0.2811,0.2521,1,,,,2.11,3.5,4,,,,,-0.1985,1,,,,,0,0,,,,-0.0039,,,,,,,,,,,
spelad,EK,2013/14,2013-08-04,,Zaglebie,Lech Poznan,0,0,D,,,,,,,,,,,,,,,,,,,,0.2663,0.2927,0.441,1,,,,3.9,3.5,2.25,,,,,-0.461,0,,,,,0,0,,,,0.0182,,,,,,,,,,,
spelad,EK,2013/14,2013-08-05,,Lechia Gdansk,Jagiellonia,2,0,H,,,,,,,,,,,,,,,,,,,,0.4425,0.2855,0.272,1,,,,2.29,3.41,3.65,,,,,-0.2904,2,,,,,0,0,,,,-0.0237,,,,,,,,,,,
spelad,EK,2013/14,2013-08-09,,Podbeskidzie,Zaglebie,0,0,D,,,,,,,,,,,,,,,,,,,,0.3297,0.2905,0.3798,1,,,,3.1,3.36,2.86,,,,,0.8853,1,,,,,0,0,,,,0.0026,,,,,,,,,,,
spelad,EK,2013/14,2013-08-09,,Wisla,Jagiellonia,1,1,D,,,,,,,,,,,,,,,,,,,,0.4626,0.2871,0.2503,1,,,,2.15,3.45,4.15,,,,,-0.1451,1,,,,,0,0,,,,-0.0325,,,,,,,,,,,
spelad,EK,2013/14,2013-08-10,,Lechia Gdansk,Cracovia,3,1,H,,,,,,,,,,,,,,,,,,,,0.495,0.2802,0.2247,1,,,,2.02,3.5,4.55,,,,,,-3,,,,,-1,0,,,,-0.0344,,,,,,,,,,,
spelad,EK,2013/14,2013-08-10,,Ruch Chorzow,Legia,2,1,H,,,,,,,,,,,,,,,,,,,,0.1383,0.2288,0.6329,1,,,,7.05,4.26,1.73,,,,,-1.099,1,,,,,0,0,,,,0.1051,,,,,,,,,,,
spelad,EK,2013/14,2013-08-10,,Widzew Lodz,Gornik Zabrze,0,3,A,,,,,,,,,,,,,,,,,,,,0.2642,0.2885,0.4473,1,,,,3.69,3.38,2.45,,,,,-0.2326,1,,,,,0,0,,,,0.0779,,,,,,,,,,,
spelad,EK,2013/14,2013-08-11,,Lech Poznan,Korona Kielce,2,0,H,,,,,,,,,,,,,,,,,,,,0.626,0.2479,0.1262,1,,,,1.63,4.3,8.5,,,,,-0.0034,-1,,,,,0,0,,,,-0.0458,,,,,,,,,,,
spelad,EK,2013/14,2013-08-11,,Pogon Szczecin,Slask Wroclaw,2,2,D,,,,,,,,,,,,,,,,,,,,0.3307,0.2956,0.3737,1,,,,3.15,3.31,2.61,,,,,0.7814,2,,,,,0,0,,,,-0.0264,,,,,,,,,,,
spelad,EK,2013/14,2013-08-12,,Piast Gliwice,Zawisza,1,1,D,,,,,,,,,,,,,,,,,,,,0.4734,0.2835,0.2432,1,,,,2.08,3.6,4.5,,,,,,-2,,,,,-1,0,,,,0.0096,,,,,,,,,,,
spelad,EK,2013/14,2013-08-23,,Gornik Zabrze,Ruch Chorzow,2,2,D,,,,,,,,,,,,,,,,,,,,0.522,0.2704,0.2077,1,,,,2,3.61,4.75,,,,,0.4609,0,,,,,0,0,,,,-0.0566,,,,,,,,,,,
spelad,EK,2013/14,2013-08-23,,Zaglebie,Cracovia,0,1,A,,,,,,,,,,,,,,,,,,,,0.4842,0.2851,0.2307,1,,,,2.1,3.5,4.45,,,,,,1,,,,,-1,0,,,,-0.0157,,,,,,,,,,,
spelad,EK,2013/14,2013-08-24,,Jagiellonia,Pogon Szczecin,2,3,A,,,,,,,,,,,,,,,,,,,,0.4291,0.2934,0.2775,1,,,,2.29,3.4,3.75,,,,,-0.2138,2,,,,,0,0,,,,0.0238,,,,,,,,,,,
spelad,EK,2013/14,2013-08-24,,Legia,Lechia Gdansk,0,1,A,,,,,,,,,,,,,,,,,,,,0.5806,0.2495,0.1699,1,,,,1.75,3.91,6.2,,,,,-0.323,0,,,,,0,0,,,,-0.0258,,,,,,,,,,,
spelad,EK,2013/14,2013-08-24,,Zawisza,Podbeskidzie,2,2,D,,,,,,,,,,,,,,,,,,,,0.5326,0.2578,0.2096,1,,,,2.1,3.91,4.75,,,,,,-3,,,,,1,0,,,,-0.0885,,,,,,,,,,,
spelad,EK,2013/14,2013-08-25,,Slask Wroclaw,Widzew Lodz,3,1,H,,,,,,,,,,,,,,,,,,,,0.5846,0.2441,0.1713,1,,,,1.67,4,6.7,,,,,-0.1981,-1,,,,,0,0,,,,0.0025,,,,,,,,,,,
spelad,EK,2013/14,2013-08-25,,Wisla,Lech Poznan,2,0,H,,,,,,,,,,,,,,,,,,,,0.2737,0.2997,0.4266,1,,,,3.57,3.26,2.5,,,,,0.4333,2,,,,,0,0,,,,0.0566,,,,,,,,,,,
spelad,EK,2013/14,2013-08-26,,Korona Kielce,Piast Gliwice,2,0,H,,,,,,,,,,,,,,,,,,,,0.4397,0.2927,0.2677,1,,,,2.5,3.32,3.95,,,,,-0.6117,1,,,,,0,0,,,,-0.0409,,,,,,,,,,,
spelad,EK,2013/14,2013-08-30,,Lechia Gdansk,Gornik Zabrze,1,1,D,,,,,,,,,,,,,,,,,,,,0.432,0.2972,0.2708,1,,,,2.5,3.27,3.59,,,,,0.1886,-1,,,,,0,0,,,,-0.0747,,,,,,,,,,,
spelad,EK,2013/14,2013-08-30,,Ruch Chorzow,Zaglebie,0,2,A,,,,,,,,,,,,,,,,,,,,0.4299,0.2784,0.2917,1,,,,2.4,3.49,3.65,,,,,0.6163,0,,,,,0,0,,,,-0.0422,,,,,,,,,,,
spelad,EK,2013/14,2013-08-31,,Cracovia,Legia,0,1,A,,,,,,,,,,,,,,,,,,,,0.1546,0.2405,0.6049,1,,,,6.5,4.3,1.77,,,,,0.67,1,,,,,1,0,,,,0.0667,,,,,,,,,,,
spelad,EK,2013/14,2013-08-31,,Pogon Szczecin,Wisla,0,0,D,,,,,,,,,,,,,,,,,,,,0.335,0.3155,0.3494,1,,,,2.91,3.2,2.79,,,,,0.3078,1,,,,,0,0,,,,0.0146,,,,,,,,,,,
spelad,EK,2013/14,2013-08-31,,Widzew Lodz,Jagiellonia,1,1,D,,,,,,,,,,,,,,,,,,,,0.3288,0.294,0.3772,1,,,,3.2,3.31,2.6,,,,,-0.2426,-1,,,,,0,0,,,,-0.0225,,,,,,,,,,,
spelad,EK,2013/14,2013-09-01,,Lech Poznan,Zawisza,3,2,H,,,,,,,,,,,,,,,,,,,,0.5763,0.2504,0.1733,1,,,,1.69,4.2,6.8,,,,,0.2648,-1,,,,,-1,0,,,,0.0415,,,,,,,,,,,
spelad,EK,2013/14,2013-09-01,,Piast Gliwice,Slask Wroclaw,1,1,D,,,,,,,,,,,,,,,,,,,,0.3282,0.2954,0.3764,1,,,,2.97,3.4,2.78,,,,,0.0422,-1,,,,,0,0,,,,0.0584,,,,,,,,,,,
spelad,EK,2013/14,2013-09-02,,Podbeskidzie,Korona Kielce,1,0,H,,,,,,,,,,,,,,,,,,,,0.3295,0.2983,0.3723,1,,,,3,3.3,2.72,,,,,0.905,2,,,,,0,0,,,,0.0008,,,,,,,,,,,
spelad,EK,2013/14,2013-09-13,,Widzew Lodz,Podbeskidzie,1,1,D,,,,,,,,,,,,,,,,,,,,0.408,0.2955,0.2964,1,,,,2.39,3.37,3.45,,,,,-0.3631,2,,,,,0,0,,,,0.0122,,,,,,,,,,,
spelad,EK,2013/14,2013-09-13,,Wisla,Piast Gliwice,3,0,H,,,,,,,,,,,,,,,,,,,,0.5127,0.2698,0.2174,1,,,,2.03,3.61,4.67,,,,,0.5004,1,,,,,0,0,,,,-0.0445,,,,,,,,,,,
spelad,EK,2013/14,2013-09-14,,Korona Kielce,Legia,3,5,A,,,,,,,,,,,,,,,,,,,,0.1747,0.2576,0.5677,1,,,,5.59,3.79,1.8,,,,,-0.6093,-2,,,,,0,0,,,,0.0528,,,,,,,,,,,
spelad,EK,2013/14,2013-09-14,,Slask Wroclaw,Lech Poznan,2,0,H,,,,,,,,,,,,,,,,,,,,0.3537,0.305,0.3413,1,,,,2.76,3.31,2.88,,,,,-0.3203,0,,,,,0,0,,,,0.0139,,,,,,,,,,,
spelad,EK,2013/14,2013-09-14,,Zawisza,Cracovia,2,0,H,,,,,,,,,,,,,,,,,,,,0.4813,0.2792,0.2395,1,,,,2.1,3.5,4.2,,,,,-1.0402,-1,,,,,0,0,,,,-0.0447,,,,,,,,,,,
spelad,EK,2013/14,2013-09-15,,Jagiellonia,Ruch Chorzow,6,0,H,,,,,,,,,,,,,,,,,,,,0.5444,0.2692,0.1863,1,,,,2,3.65,5.32,,,,,0.6024,-1,,,,,0,0,,,,-0.0867,,,,,,,,,,,
spelad,EK,2013/14,2013-09-15,,Pogon Szczecin,Lechia Gdansk,1,1,D,,,,,,,,,,,,,,,,,,,,0.3509,0.3116,0.3375,1,,,,2.92,3.25,2.92,,,,,-0.1377,-1,,,,,0,0,,,,0.0032,,,,,,,,,,,
spelad,EK,2013/14,2013-09-16,,Gornik Zabrze,Zaglebie,2,1,H,,,,,,,,,,,,,,,,,,,,0.517,0.2701,0.2129,1,,,,1.93,3.7,4.8,,,,,0.8065,0,,,,,0,0,,,,-0.0227,,,,,,,,,,,
spelad,EK,2013/14,2013-09-19,,Podbeskidzie,Jagiellonia,0,1,A,,,,,,,,,,,,,,,,,,,,0.3295,0.2894,0.381,1,,,,3.13,3.37,2.65,,,,,-0.3117,2,,,,,0,0,,,,-0.0064,,,,,,,,,,,
spelad,EK,2013/14,2013-09-20,,Lech Poznan,Pogon Szczecin,1,2,A,,,,,,,,,,,,,,,,,,,,0.5706,0.2623,0.1671,1,,,,1.95,3.95,6.3,,,,,-0.763,1,,,,,0,0,,,,-0.0852,,,,,,,,,,,
spelad,EK,2013/14,2013-09-20,,Piast Gliwice,Widzew Lodz,3,0,H,,,,,,,,,,,,,,,,,,,,0.4784,0.2887,0.2329,1,,,,2.09,3.5,4.45,,,,,-0.1958,0,,,,,0,0,,,,-0.0083,,,,,,,,,,,
spelad,EK,2013/14,2013-09-21,,Cracovia,Wisla,1,1,D,,,,,,,,,,,,,,,,,,,,0.2724,0.3,0.4276,1,,,,3.6,3.25,2.32,,,,,-0.1735,-1,,,,,1,0,,,,0.0387,,,,,,,,,,,
spelad,EK,2013/14,2013-09-21,,Lechia Gdansk,Zawisza,1,1,D,,,,,,,,,,,,,,,,,,,,0.485,0.2945,0.2205,1,,,,2.11,3.4,4.5,,,,,0.7273,-1,,,,,-1,0,,,,-0.0414,,,,,,,,,,,
spelad,EK,2013/14,2013-09-21,,Zaglebie,Korona Kielce,2,0,H,,,,,,,,,,,,,,,,,,,,0.4616,0.2943,0.2441,1,,,,2.15,3.35,3.99,,,,,0.4207,-2,,,,,0,0,,,,-0.0354,,,,,,,,,,,
spelad,EK,2013/14,2013-09-22,,Legia,Gornik Zabrze,2,1,H,,,,,,,,,,,,,,,,,,,,0.5984,0.2451,0.1566,1,,,,1.63,3.98,7,,,,,-0.6239,2,,,,,0,0,,,,-0.0125,,,,,,,,,,,
spelad,EK,2013/14,2013-09-22,,Ruch Chorzow,Slask Wroclaw,1,1,D,,,,,,,,,,,,,,,,,,,,0.2499,0.2723,0.4778,1,,,,4.15,3.58,2.2,,,,,-0.1273,-1,,,,,0,0,,,,0.0249,,,,,,,,,,,
spelad,EK,2013/14,2013-09-23,,Piast Gliwice,Lech Poznan,0,2,A,,,,,,,,,,,,,,,,,,,,0.3035,0.2926,0.4039,1,,,,3.25,3.42,2.6,,,,,0.7636,0,,,,,0,0,,,,0.0533,,,,,,,,,,,
spelad,EK,2013/14,2013-09-23,,Pogon Szczecin,Podbeskidzie,2,1,H,,,,,,,,,,,,,,,,,,,,0.5615,0.2599,0.1786,1,,,,1.8,4,5.75,,,,,0.7451,-1,,,,,0,0,,,,-0.01,,,,,,,,,,,
spelad,EK,2013/14,2013-09-24,,Wisla,Lechia Gdansk,3,0,H,,,,,,,,,,,,,,,,,,,,0.4165,0.3018,0.2817,1,,,,2.42,3.3,3.85,,,,,0.0592,0,,,,,0,0,,,,0.0218,,,,,,,,,,,
spelad,EK,2013/14,2013-09-24,,Zawisza,Zaglebie,2,0,H,,,,,,,,,,,,,,,,,,,,0.4326,0.2977,0.2697,1,,,,2.35,3.27,3.7,,,,,-0.107,0,,,,,1,0,,,,0.0001,,,,,,,,,,,
spelad,EK,2013/14,2013-09-25,,Jagiellonia,Legia,2,3,A,,,,,,,,,,,,,,,,,,,,0.2466,0.2807,0.4728,1,,,,4.33,3.5,2.08,,,,,0.3133,3,,,,,0,0,,,,-0.0166,,,,,,,,,,,
spelad,EK,2013/14,2013-09-25,,Slask Wroclaw,Cracovia,0,3,A,,,,,,,,,,,,,,,,,,,,0.6027,0.2511,0.1462,1,,,,1.6,4.3,7.7,,,,,-0.2026,-1,,,,,-1,0,,,,0.0107,,,,,,,,,,,
spelad,EK,2013/14,2013-09-25,,Widzew Lodz,Ruch Chorzow,0,1,A,,,,,,,,,,,,,,,,,,,,0.3916,0.2978,0.3107,1,,,,2.48,3.28,3.45,,,,,0.1139,2,,,,,0,0,,,,-0.0003,,,,,,,,,,,
spelad,EK,2013/14,2013-09-26,,Korona Kielce,Gornik Zabrze,2,2,D,,,,,,,,,,,,,,,,,,,,0.2756,0.2984,0.426,1,,,,3.54,3.32,2.45,,,,,-1.1961,1,,,,,0,0,,,,0.0805,,,,,,,,,,,
spelad,EK,2013/14,2013-09-27,,Podbeskidzie,Piast Gliwice,0,1,A,,,,,,,,,,,,,,,,,,,,0.3477,0.2943,0.3579,1,,,,2.9,3.32,2.73,,,,,0.015,0,,,,,0,0,,,,-0.0134,,,,,,,,,,,
spelad,EK,2013/14,2013-09-28,,Cracovia,Pogon Szczecin,0,1,A,,,,,,,,,,,,,,,,,,,,0.3314,0.3064,0.3622,1,,,,3.1,3.25,2.8,,,,,0.0369,-2,,,,,1,0,,,,-0.0166,,,,,,,,,,,
spelad,EK,2013/14,2013-09-28,,Legia,Slask Wroclaw,2,1,H,,,,,,,,,,,,,,,,,,,,0.6303,0.231,0.1388,1,,,,1.75,4.35,7.04,,,,,0.6587,0,,,,,0,0,,,,-0.0803,,,,,,,,,,,
spelad,EK,2013/14,2013-09-28,,Ruch Chorzow,Wisla,1,1,D,,,,,,,,,,,,,,,,,,,,0.2731,0.3085,0.4184,1,,,,3.6,3.25,2.4,,,,,-0.5882,-1,,,,,0,0,,,,0.0478,,,,,,,,,,,
spelad,EK,2013/14,2013-09-29,,Lech Poznan,Widzew Lodz,1,0,H,,,,,,,,,,,,,,,,,,,,0.6853,0.2144,0.1003,1,,,,1.42,4.8,10.5,,,,,-0.2065,2,,,,,0,0,,,,-0.0167,,,,,,,,,,,
spelad,EK,2013/14,2013-09-29,,Zaglebie,Jagiellonia,1,1,D,,,,,,,,,,,,,,,,,,,,0.3855,0.3198,0.2947,1,,,,2.53,3.25,3.4,,,,,-0.3595,1,,,,,0,0,,,,0.0093,,,,,,,,,,,
spelad,EK,2013/14,2013-09-30,,Gornik Zabrze,Zawisza,3,2,H,,,,,,,,,,,,,,,,,,,,0.5472,0.2654,0.1873,1,,,,1.85,3.8,5.22,,,,,0.4993,-2,,,,,-1,0,,,,-0.0479,,,,,,,,,,,
spelad,EK,2013/14,2013-09-30,,Lechia Gdansk,Korona Kielce,2,2,D,,,,,,,,,,,,,,,,,,,,0.5663,0.2683,0.1654,1,,,,1.77,3.75,6,,,,,0.9324,2,,,,,0,0,,,,-0.0531,,,,,,,,,,,
spelad,EK,2013/14,2013-10-04,,Slask Wroclaw,Zaglebie,2,0,H,,,,,,,,,,,,,,,,,,,,0.5277,0.2742,0.198,1,,,,1.85,3.6,4.95,,,,,-0.0894,1,,,,,0,0,,,,-0.0191,,,,,,,,,,,
spelad,EK,2013/14,2013-10-04,,Zawisza,Korona Kielce,0,1,A,,,,,,,,,,,,,,,,,,,,0.5079,0.2786,0.2134,1,,,,2,3.51,4.95,,,,,0.4286,0,,,,,0,0,,,,-0.0338,,,,,,,,,,,
spelad,EK,2013/14,2013-10-05,,Jagiellonia,Cracovia,1,2,A,,,,,,,,,,,,,,,,,,,,0.5105,0.2802,0.2093,1,,,,1.96,3.53,4.66,,,,,-0.4399,-1,,,,,0,0,,,,-0.03,,,,,,,,,,,
spelad,EK,2013/14,2013-10-05,,Podbeskidzie,Lech Poznan,0,0,D,,,,,,,,,,,,,,,,,,,,0.1788,0.2632,0.558,1,,,,5.46,3.71,1.82,,,,,-0.1359,2,,,,,0,0,,,,0.0586,,,,,,,,,,,
spelad,EK,2013/14,2013-10-05,,Pogon Szczecin,Gornik Zabrze,1,4,A,,,,,,,,,,,,,,,,,,,,0.4536,0.3019,0.2444,1,,,,2.5,3.25,3.99,,,,,0.3769,2,,,,,0,0,,,,-0.1308,,,,,,,,,,,
spelad,EK,2013/14,2013-10-06,,Widzew Lodz,Lechia Gdansk,4,1,H,,,,,,,,,,,,,,,,,,,,0.2427,0.319,0.4383,1,,,,4.01,3.3,2.4,,,,,-0.6194,1,,,,,0,0,,,,0.0687,,,,,,,,,,,
spelad,EK,2013/14,2013-10-06,,Wisla,Legia,1,0,H,,,,,,,,,,,,,,,,,,,,0.2709,0.2937,0.4354,1,,,,3.95,3.32,2.26,,,,,0.0881,0,,,,,0,0,,,,0.0007,,,,,,,,,,,
spelad,EK,2013/14,2013-10-07,,Piast Gliwice,Ruch Chorzow,0,2,A,,,,,,,,,,,,,,,,,,,,0.4426,0.2847,0.2727,1,,,,2.2,3.42,4,,,,,-0.3414,1,,,,,0,0,,,,0.0117,,,,,,,,,,,
spelad,EK,2013/14,2013-10-18,,Gornik Zabrze,Slask Wroclaw,3,2,H,,,,,,,,,,,,,,,,,,,,0.4688,0.2732,0.258,1,,,,2.38,3.57,3.85,,,,,0.4805,-1,,,,,0,0,,,,-0.0928,,,,,,,,,,,
spelad,EK,2013/14,2013-10-18,,Korona Kielce,Jagiellonia,4,1,H,,,,,,,,,,,,,,,,,,,,0.4084,0.2985,0.2931,1,,,,2.6,3.33,3.4,,,,,0.2682,1,,,,,0,0,,,,-0.0311,,,,,,,,,,,
spelad,EK,2013/14,2013-10-19,,Lechia Gdansk,Lech Poznan,1,4,A,,,,,,,,,,,,,,,,,,,,0.264,0.3143,0.4217,1,,,,3.69,3.25,2.44,,,,,-0.03,-1,,,,,0,0,,,,0.0531,,,,,,,,,,,
spelad,EK,2013/14,2013-10-19,,Zaglebie,Widzew Lodz,3,1,H,,,,,,,,,,,,,,,,,,,,0.5245,0.2748,0.2007,1,,,,1.9,3.6,6,,,,,0.1626,2,,,,,0,0,,,,0.0092,,,,,,,,,,,
spelad,EK,2013/14,2013-10-19,,Zawisza,Wisla,3,1,H,,,,,,,,,,,,,,,,,,,,0.3411,0.3178,0.3411,1,,,,3.1,3.2,2.86,,,,,-0.7215,2,,,,,0,0,,,,-0.0202,,,,,,,,,,,
spelad,EK,2013/14,2013-10-20,,Cracovia,Podbeskidzie,4,2,H,,,,,,,,,,,,,,,,,,,,0.5546,0.2704,0.1749,1,,,,1.93,3.61,5.58,,,,,0.525,0,,,,,0,0,,,,-0.1332,,,,,,,,,,,
spelad,EK,2013/14,2013-10-20,,Legia,Piast Gliwice,4,1,H,,,,,,,,,,,,,,,,,,,,0.7015,0.1854,0.1131,1,,,,1.4,5.26,10,,,,,0.2892,1,,,,,0,0,,,,-0.0106,,,,,,,,,,,
spelad,EK,2013/14,2013-10-21,,Ruch Chorzow,Pogon Szczecin,1,1,D,,,,,,,,,,,,,,,,,,,,0.3625,0.3135,0.324,1,,,,2.78,3.2,3.01,,,,,-0.0692,-2,,,,,0,0,,,,0.0044,,,,,,,,,,,
spelad,EK,2013/14,2013-10-24,,Podbeskidzie,Ruch Chorzow,0,0,D,,,,,,,,,,,,,,,,,,,,0.3274,0.293,0.3796,1,,,,3,3.35,2.72,,,,,-0.3989,1,,,,,0,0,,,,0.0186,,,,,,,,,,,
spelad,EK,2013/14,2013-10-25,,Jagiellonia,Gornik Zabrze,0,1,A,,,,,,,,,,,,,,,,,,,,0.3186,0.2802,0.4012,1,,,,3.3,3.5,2.46,,,,,-0.8594,0,,,,,0,0,,,,0.0043,,,,,,,,,,,
spelad,EK,2013/14,2013-10-25,,Widzew Lodz,Cracovia,1,3,A,,,,,,,,,,,,,,,,,,,,0.3058,0.2992,0.395,1,,,,3.3,3.3,2.5,,,,,-0.9786,1,,,,,0,0,,,,0.0112,,,,,,,,,,,
spelad,EK,2013/14,2013-10-26,,Piast Gliwice,Lechia Gdansk,0,0,D,,,,,,,,,,,,,,,,,,,,0.3715,0.2961,0.3324,1,,,,2.63,3.3,3.25,,,,,0.1938,-1,,,,,0,0,,,,0.0286,,,,,,,,,,,
spelad,EK,2013/14,2013-10-26,,Pogon Szczecin,Korona Kielce,3,2,H,,,,,,,,,,,,,,,,,,,,0.5028,0.2709,0.2263,1,,,,2,3.75,4.65,,,,,0.2884,-3,,,,,0,0,,,,-0.016,,,,,,,,,,,
spelad,EK,2013/14,2013-10-26,,Wisla,Zaglebie,1,0,H,,,,,,,,,,,,,,,,,,,,0.5059,0.2923,0.2017,1,,,,1.94,3.5,5,,,,,0.5426,0,,,,,0,0,,,,-0.0172,,,,,,,,,,,
spelad,EK,2013/14,2013-10-27,,Lech Poznan,Legia,1,1,D,,,,,,,,,,,,,,,,,,,,0.3711,0.3255,0.3033,1,,,,2.95,3.15,3.23,,,,,-0.4244,1,,,,,0,0,,,,-0.029,,,,,,,,,,,
spelad,EK,2013/14,2013-10-27,,Slask Wroclaw,Zawisza,1,2,A,,,,,,,,,,,,,,,,,,,,0.5275,0.2734,0.1992,1,,,,1.88,3.6,5.2,,,,,-0.1542,1,,,,,0,0,,,,-0.0258,,,,,,,,,,,
spelad,EK,2013/14,2013-10-28,,Gornik Zabrze,Cracovia,0,1,A,,,,,,,,,,,,,,,,,,,,0.4577,0.2851,0.2572,1,,,,2.17,3.5,4.16,,,,,0.226,0,,,,,0,0,,,,0.0288,,,,,,,,,,,
spelad,EK,2013/14,2013-10-29,,Pogon Szczecin,Piast Gliwice,4,0,H,,,,,,,,,,,,,,,,,,,,0.4285,0.2916,0.2799,1,,,,2.28,3.5,3.85,,,,,0.6915,0,,,,,0,0,,,,0.0257,,,,,,,,,,,
spelad,EK,2013/14,2013-10-29,,Wisla,Widzew Lodz,3,0,H,,,,,,,,,,,,,,,,,,,,0.6172,0.2373,0.1455,1,,,,1.58,4.3,8.95,,,,,0.8486,-1,,,,,0,0,,,,0.0417,,,,,,,,,,,
spelad,EK,2013/14,2013-10-30,,Korona Kielce,Ruch Chorzow,1,4,A,,,,,,,,,,,,,,,,,,,,0.4431,0.2884,0.2685,1,,,,2.3,3.4,3.63,,,,,-0.0992,-2,,,,,0,0,,,,-0.0644,,,,,,,,,,,
spelad,EK,2013/14,2013-10-30,,Zaglebie,Lechia Gdansk,1,3,A,,,,,,,,,,,,,,,,,,,,0.4205,0.3039,0.2756,1,,,,2.46,3.25,3.54,,,,,0.8594,0,,,,,0,0,,,,-0.0593,,,,,,,,,,,
spelad,EK,2013/14,2013-10-30,,Zawisza,Legia,3,1,H,,,,,,,,,,,,,,,,,,,,0.2071,0.274,0.5189,1,,,,4.71,3.56,1.92,,,,,-0.1106,0,,,,,0,0,,,,0.0516,,,,,,,,,,,
spelad,EK,2013/14,2013-10-31,,Jagiellonia,Lech Poznan,2,0,H,,,,,,,,,,,,,,,,,,,,0.2394,0.2875,0.4731,1,,,,4.2,3.5,2.1,,,,,-0.3998,2,,,,,0,0,,,,0.0445,,,,,,,,,,,
spelad,EK,2013/14,2013-10-31,,Slask Wroclaw,Podbeskidzie,4,0,H,,,,,,,,,,,,,,,,,,,,0.6244,0.237,0.1386,1,,,,1.67,4.11,7.03,,,,,-0.1513,-3,,,,,0,0,,,,-0.0751,,,,,,,,,,,
spelad,EK,2013/14,2013-11-02,,Cracovia,Korona Kielce,1,2,A,,,,,,,,,,,,,,,,,,,,0.5678,0.2632,0.169,1,,,,1.8,3.75,6,,,,,0.9025,2,,,,,0,0,,,,-0.054,,,,,,,,,,,
spelad,EK,2013/14,2013-11-02,,Legia,Zaglebie,2,0,H,,,,,,,,,,,,,,,,,,,,0.6687,0.21,0.1213,1,,,,1.46,4.9,11,,,,,0.5716,0,,,,,0,0,,,,0.026,,,,,,,,,,,
spelad,EK,2013/14,2013-11-02,,Widzew Lodz,Pogon Szczecin,2,1,H,,,,,,,,,,,,,,,,,,,,0.2212,0.2983,0.4805,1,,,,4.6,3.5,2.1,,,,,-1.1925,0,,,,,0,0,,,,0.0455,,,,,,,,,,,
spelad,EK,2013/14,2013-11-03,,Lech Poznan,Gornik Zabrze,3,1,H,,,,,,,,,,,,,,,,,,,,0.5135,0.282,0.2045,1,,,,1.94,3.5,4.77,,,,,-0.8579,-3,,,,,0,0,,,,-0.0284,,,,,,,,,,,
spelad,EK,2013/14,2013-11-03,,Lechia Gdansk,Slask Wroclaw,1,2,A,,,,,,,,,,,,,,,,,,,,0.354,0.316,0.33,1,,,,2.9,3.25,2.96,,,,,-0.2129,1,,,,,0,0,,,,-0.0088,,,,,,,,,,,
spelad,EK,2013/14,2013-11-04,,Piast Gliwice,Jagiellonia,2,1,H,,,,,,,,,,,,,,,,,,,,0.3838,0.3027,0.3135,1,,,,2.58,3.3,3.35,,,,,-0.2632,2,,,,,0,0,,,,0.0341,,,,,,,,,,,
spelad,EK,2013/14,2013-11-04,,Podbeskidzie,Wisla,0,0,D,,,,,,,,,,,,,,,,,,,,0.2471,0.288,0.4649,1,,,,4.4,3.4,2.11,,,,,-1.1583,-2,,,,,0,0,,,,0.0156,,,,,,,,,,,
spelad,EK,2013/14,2013-11-05,,Ruch Chorzow,Zawisza,1,0,H,,,,,,,,,,,,,,,,,,,,0.4185,0.2946,0.2868,1,,,,2.42,3.4,3.75,,,,,-0.2782,0,,,,,0,0,,,,-0.0202,,,,,,,,,,,
spelad,EK,2013/14,2013-11-08,,Gornik Zabrze,Wisla,3,2,H,,,,,,,,,,,,,,,,,,,,0.4759,0.2771,0.247,1,,,,2.44,3.55,4.2,,,,,-0.028,1,3,0,-0.0137,0.0236,0,0,,,,-0.0356,,,,,,,,,,,
spelad,EK,2013/14,2013-11-08,,Jagiellonia,Zawisza,1,1,D,,,,,,,,,,,,,,,,,,,,0.4421,0.2988,0.2591,1,,,,2.53,3.3,3.77,,,,,-0.8359,1,,,,,0,0,,,,-0.0462,,,,,,,,,,,
spelad,EK,2013/14,2013-11-09,,Lech Poznan,Ruch Chorzow,4,2,H,,,,,,,,,,,,,,,,,,,,0.5919,0.24,0.1681,1,,,,1.67,4.07,6,,,,,-0.7842,2,3,2,0.6934,0.0371,0,0,,,,-0.019,,,,,,,,,,,
spelad,EK,2013/14,2013-11-09,,Piast Gliwice,Cracovia,1,1,D,,,,,,,,,,,,,,,,,,,,0.3175,0.3075,0.3749,1,,,,3.15,3.25,2.75,,,,,-0.7464,-2,,,,,0,0,,,,0.0169,,,,,,,,,,,
spelad,EK,2013/14,2013-11-09,,Podbeskidzie,Lechia Gdansk,3,1,H,,,,,,,,,,,,,,,,,,,,0.282,0.3148,0.4032,1,,,,3.46,3.2,2.52,,,,,0.0553,-1,3,0,0.2424,0.0433,0,0,,,,0.0457,,,,,,,,,,,
spelad,EK,2013/14,2013-11-10,,Slask Wroclaw,Korona Kielce,1,1,D,,,,,,,,,,,,,,,,,,,,0.5954,0.2342,0.1704,1,,,,1.65,4.17,6,,,,,-0.6116,-1,3,1,0.333,0.366,0,0,,,,-0.0137,,,,,,,,,,,
spelad,EK,2013/14,2013-11-10,,Widzew Lodz,Legia,0,1,A,,,,,,,,,,,,,,,,,,,,0.1235,0.221,0.6555,1,,,,7.91,4.42,1.55,,,,,-0.3398,0,3,-2,-0.174,0.1282,0,0,,,,0.0549,,,,,,,,,,,
spelad,EK,2013/14,2013-11-11,,Pogon Szczecin,Zaglebie,1,1,D,,,,,,,,,,,,,,,,,,,,0.4783,0.3039,0.2178,1,,,,2.06,3.5,4.8,,,,,0.8588,0,3,1,0.9734,-0.2836,0,0,,,,-0.0091,,,,,,,,,,,
spelad,EK,2013/14,2013-11-22,,Wisla,Korona Kielce,1,0,H,,,,,,,,,,,,,,,,,,,,0.5132,0.2788,0.208,1,,,,1.88,3.8,6.2,,,,,-0.2184,2,3,2,0.9516,0.0301,0,0,,,,0.1048,,,,,,,,,,,
spelad,EK,2013/14,2013-11-22,,Zaglebie,Piast Gliwice,0,2,A,,,,,,,,,,,,,,,,,,,,0.5108,0.2813,0.2078,1,,,,2.05,3.55,4.67,,,,,-0.2911,-2,3,0,-0.1455,0.0453,0,0,,,,-0.0484,,,,,,,,,,,
spelad,EK,2013/14,2013-11-23,,Jagiellonia,Slask Wroclaw,3,1,H,,,,,,,,,,,,,,,,,,,,0.3579,0.312,0.33,1,,,,2.88,3.25,2.95,,,,,-0.3025,2,3,0,0.4029,0.0618,0,0,,,,-0.0453,,,,,,,,,,,
spelad,EK,2013/14,2013-11-23,,Legia,Pogon Szczecin,3,1,H,,,,,,,,,,,,,,,,,,,,0.638,0.2239,0.1381,1,,,,1.53,4.4,8.1,,,,,-0.0075,1,3,3,0.9719,-0.2405,0,0,,,,0.0078,,,,,,,,,,,
spelad,EK,2013/14,2013-11-23,,Zawisza,Widzew Lodz,2,0,H,,,,,,,,,,,,,,,,,,,,0.5872,0.2538,0.159,1,,,,1.83,3.85,6.13,,,,,0.5989,2,,,,,0,0,,,,-0.0755,,,,,,,,,,,
spelad,EK,2013/14,2013-11-24,,Gornik Zabrze,Podbeskidzie,2,0,H,,,,,,,,,,,,,,,,,,,,0.6258,0.2281,0.1461,1,,,,1.63,4.28,6.68,,,,,0.7382,1,3,1,0.3016,-0.2853,0,0,,,,-0.0573,,,,,,,,,,,
spelad,EK,2013/14,2013-11-24,,Lechia Gdansk,Ruch Chorzow,0,0,D,,,,,,,,,,,,,,,,,,,,0.4462,0.2989,0.2548,1,,,,2.2,3.5,4.14,,,,,-1.4373,0,3,1,0.4275,0.3646,0,0,,,,0.0379,,,,,,,,,,,
spelad,EK,2013/14,2013-11-25,,Cracovia,Lech Poznan,1,6,A,,,,,,,,,,,,,,,,,,,,0.2894,0.2973,0.4133,1,,,,3.7,3.35,2.4,,,,,0.3128,0,,,,,0,0,,,,-0.0276,,,,,,,,,,,
spelad,EK,2013/14,2013-11-28,,Jagiellonia,Lechia Gdansk,0,1,A,,,,,,,,,,,,,,,,,,,,0.4355,0.2965,0.268,1,,,,2.26,3.3,3.65,,,,,0.3728,1,3,-1,-0.2268,-0.2953,0,0,,,,-0.0026,,,,,,,,,,,
spelad,EK,2013/14,2013-11-29,,Pogon Szczecin,Zawisza,1,1,D,,,,,,,,,,,,,,,,,,,,0.3607,0.289,0.3503,1,,,,2.8,3.39,2.9,,,,,-0.4788,0,,,,,0,0,,,,-0.0112,,,,,,,,,,,
spelad,EK,2013/14,2013-11-29,,Wisla,Slask Wroclaw,3,0,H,,,,,,,,,,,,,,,,,,,,0.4259,0.3001,0.274,1,,,,2.57,3.3,3.56,,,,,0.4647,1,3,0,0.1016,0.0452,0,0,,,,-0.0847,,,,,,,,,,,
spelad,EK,2013/14,2013-11-30,,Korona Kielce,Widzew Lodz,2,1,H,,,,,,,,,,,,,,,,,,,,0.5639,0.2554,0.1807,1,,,,1.85,3.82,5.4,,,,,0.4276,1,3,-2,-1.0936,0.0304,0,0,,,,-0.0731,,,,,,,,,,,
spelad,EK,2013/14,2013-11-30,,Lech Poznan,Zaglebie,1,1,D,,,,,,,,,,,,,,,,,,,,0.6492,0.2319,0.1189,1,,,,1.51,4.5,9.42,,,,,0.9616,-3,3,2,0.6118,0.0485,0,0,,,,-0.0074,,,,,,,,,,,
spelad,EK,2013/14,2013-11-30,,Piast Gliwice,Gornik Zabrze,2,0,H,,,,,,,,,,,,,,,,,,,,0.3126,0.3019,0.3855,1,,,,3.45,3.3,2.65,,,,,-0.5246,2,3,-3,-1.0694,-0.2877,0,0,,,,-0.03,,,,,,,,,,,
spelad,EK,2013/14,2013-12-01,,Podbeskidzie,Legia,1,0,H,,,,,,,,,,,,,,,,,,,,0.1381,0.2428,0.6191,1,,,,7.1,4.4,1.57,,,,,-0.2622,-1,3,-3,-0.5422,-0.1993,0,0,,,,0.0349,,,,,,,,,,,
spelad,EK,2013/14,2013-12-01,,Ruch Chorzow,Cracovia,3,2,H,,,,,,,,,,,,,,,,,,,,0.3897,0.298,0.3123,1,,,,2.54,3.3,3.2,,,,,0.2166,1,,,,,0,0,,,,0.0106,,,,,,,,,,,
spelad,EK,2013/14,2013-12-02,,Jagiellonia,Wisla,5,2,H,,,,,,,,,,,,,,,,,,,,0.3396,0.3207,0.3396,1,,,,2.88,3.2,2.95,,,,,-0.9556,1,3,0,-0.1839,0.7171,0,0,,,,0.0207,,,,,,,,,,,
spelad,EK,2013/14,2013-12-02,,Slask Wroclaw,Pogon Szczecin,1,1,D,,,,,,,,,,,,,,,,,,,,0.5339,0.2737,0.1923,1,,,,1.91,3.7,5.08,,,,,0.0214,0,3,2,0.7863,0.0494,0,0,,,,-0.0623,,,,,,,,,,,
spelad,EK,2013/14,2013-12-03,,Gornik Zabrze,Widzew Lodz,3,2,H,,,,,,,,,,,,,,,,,,,,0.6637,0.2178,0.1185,1,,,,1.55,4.6,9,,,,,0.4844,0,3,2,0.7244,0.0461,0,0,,,,-0.0414,,,,,,,,,,,
spelad,EK,2013/14,2013-12-03,,Korona Kielce,Lech Poznan,1,0,H,,,,,,,,,,,,,,,,,,,,0.2404,0.2812,0.4784,1,,,,4.1,3.6,2.05,,,,,0.3552,0,3,-3,-0.8585,-0.257,0,0,,,,0.0318,,,,,,,,,,,
spelad,EK,2013/14,2013-12-03,,Zawisza,Piast Gliwice,6,0,H,,,,,,,,,,,,,,,,,,,,0.4977,0.2811,0.2212,1,,,,2,3.55,4.41,,,,,0.2552,1,,,,,0,0,,,,-0.0457,,,,,,,,,,,
spelad,EK,2013/14,2013-12-04,,Cracovia,Lechia Gdansk,2,1,H,,,,,,,,,,,,,,,,,,,,0.4631,0.3112,0.2256,1,,,,2.5,3.45,4.29,,,,,0.5778,-3,,,,,0,0,,,,-0.0669,,,,,,,,,,,
spelad,EK,2013/14,2013-12-04,,Legia,Ruch Chorzow,2,0,H,,,,,,,,,,,,,,,,,,,,0.6677,0.2231,0.1092,1,,,,1.5,4.8,9.5,,,,,-0.9679,0,3,0,-0.686,0.0944,0,0,,,,-0.0228,,,,,,,,,,,
spelad,EK,2013/14,2013-12-05,,Zaglebie,Podbeskidzie,3,2,H,,,,,,,,,,,,,,,,,,,,0.5068,0.2914,0.2018,1,,,,1.95,3.85,4.92,,,,,-0.7596,1,3,-1,-0.9637,0.3942,0,0,,,,0.006,,,,,,,,,,,
spelad,EK,2013/14,2013-12-06,,Lech Poznan,Wisla,2,0,H,,,,,,,,,,,,,,,,,,,,0.5276,0.2704,0.2021,1,,,,2,3.71,5.25,,,,,-0.04,-1,3,1,0.3661,-0.2845,0,0,,,,-0.0447,,,,,,,,,,,
spelad,EK,2013/14,2013-12-06,,Piast Gliwice,Korona Kielce,1,1,D,,,,,,,,,,,,,,,,,,,,0.4074,0.3071,0.2855,1,,,,2.39,3.3,3.5,,,,,-0.1764,0,3,-2,-0.9371,0.0418,0,0,,,,0.0114,,,,,,,,,,,
spelad,EK,2013/14,2013-12-07,,Pogon Szczecin,Jagiellonia,1,1,D,,,,,,,,,,,,,,,,,,,,0.4115,0.2956,0.2929,1,,,,2.42,3.3,3.45,,,,,-0.0455,0,3,0,0.03,0.035,0,0,,,,-0.0203,,,,,,,,,,,
spelad,EK,2013/14,2013-12-07,,Ruch Chorzow,Gornik Zabrze,2,1,H,,,,,,,,,,,,,,,,,,,,0.3602,0.3089,0.3309,1,,,,2.86,3.2,3,,,,,0.1115,-1,3,-1,-0.4428,0.3779,0,0,,,,-0.0049,,,,,,,,,,,
spelad,EK,2013/14,2013-12-07,,Widzew Lodz,Slask Wroclaw,0,0,D,,,,,,,,,,,,,,,,,,,,0.2226,0.2801,0.4973,1,,,,4.38,3.48,2.1,,,,,0.1521,-1,3,-1,-0.0309,-0.2777,0,0,,,,0.0596,,,,,,,,,,,
spelad,EK,2013/14,2013-12-08,,Lechia Gdansk,Legia,2,0,H,,,,,,,,,,,,,,,,,,,,0.2065,0.2777,0.5158,1,,,,4.96,3.6,1.9,,,,,-0.2418,0,3,-1,0.2447,-0.2446,0,0,,,,0.0134,,,,,,,,,,,
spelad,EK,2013/14,2013-12-08,,Podbeskidzie,Zawisza,0,0,D,,,,,,,,,,,,,,,,,,,,0.3152,0.2908,0.394,1,,,,3.3,3.36,2.48,,,,,-0.7082,-2,,,,,0,0,,,,-0.0195,,,,,,,,,,,
spelad,EK,2013/14,2013-12-09,,Cracovia,Zaglebie,2,0,H,,,,,,,,,,,,,,,,,,,,0.4529,0.2839,0.2632,1,,,,2.15,3.5,4.1,,,,,0.3852,1,,,,,0,0,,,,0.0056,,,,,,,,,,,
spelad,EK,2013/14,2013-12-13,,Jagiellonia,Widzew Lodz,1,0,H,,,,,,,,,,,,,,,,,,,,0.6105,0.2376,0.1519,1,,,,1.62,4.4,6.7,,,,,0.3601,0,3,-1,-0.7967,0.3756,0,0,,,,-0.0286,,,,,,,,,,,
spelad,EK,2013/14,2013-12-13,,Zawisza,Lech Poznan,2,2,D,,,,,,,,,,,,,,,,,,,,0.3412,0.3199,0.3389,1,,,,3,3.2,2.87,,,,,0.5838,-2,,,,,0,0,,,,-0.0355,,,,,,,,,,,
spelad,EK,2013/14,2013-12-14,,Gornik Zabrze,Lechia Gdansk,0,0,D,,,,,,,,,,,,,,,,,,,,0.4431,0.3056,0.2513,1,,,,2.25,3.4,4.33,,,,,-0.2333,1,3,2,1.0586,0.0395,0,0,,,,0.0222,,,,,,,,,,,
spelad,EK,2013/14,2013-12-14,,Korona Kielce,Podbeskidzie,2,1,H,,,,,,,,,,,,,,,,,,,,0.4976,0.2771,0.2253,1,,,,1.98,3.52,4.5,,,,,0.0595,2,3,0,-0.21,0.0435,0,0,,,,-0.0172,,,,,,,,,,,
spelad,EK,2013/14,2013-12-14,,Slask Wroclaw,Piast Gliwice,0,0,D,,,,,,,,,,,,,,,,,,,,0.5679,0.2492,0.1829,1,,,,1.8,4.2,5.34,,,,,-0.8112,-1,3,-2,-1.2164,0.0445,0,0,,,,-0.0901,,,,,,,,,,,
spelad,EK,2013/14,2013-12-15,,Legia,Cracovia,4,1,H,,,,,,,,,,,,,,,,,,,,0.6107,0.2354,0.1539,1,,,,1.65,4.2,6.76,,,,,-0.5095,1,,,,,0,0,,,,-0.0275,,,,,,,,,,,
spelad,EK,2013/14,2013-12-15,,Zaglebie,Ruch Chorzow,1,2,A,,,,,,,,,,,,,,,,,,,,0.4091,0.3205,0.2704,1,,,,2.36,3.2,3.75,,,,,-1.1238,-2,3,-1,-0.3293,-0.2802,0,0,,,,0.0264,,,,,,,,,,,
spelad,EK,2013/14,2013-12-16,,Wisla,Pogon Szczecin,2,1,H,,,,,,,,,,,,,,,,,,,,0.4735,0.2959,0.2306,1,,,,2.13,3.45,4.5,,,,,0.2516,1,3,0,-0.2008,0.026,0,0,,,,-0.0196,,,,,,,,,,,
spelad,EK,2013/14,2014-02-14,,Legia,Korona Kielce,1,0,H,,,,,,,,,,,,,,,,,,,,0.6969,0.2012,0.1019,1,,,,1.41,5,11,,,,,-0.709,,3,1,0.1003,-0.2715,0,0,,,,-0.0138,,,,,,,,,,,
spelad,EK,2013/14,2014-02-14,,Podbeskidzie,Widzew Lodz,1,0,H,,,,,,,,,,,,,,,,,,,,0.467,0.2931,0.2398,1,,,,2.15,3.4,4.07,,,,,0.3397,,3,1,0.2678,0.3715,0,0,,,,-0.0606,,,,,,,,,,,
spelad,EK,2013/14,2014-02-15,,Cracovia,Zawisza,0,2,A,,,,,,,,,,,,,,,,,,,,0.3886,0.2894,0.3219,1,,,,2.6,3.38,3.08,,,,,-0.353,,,,,,0,0,,,,-0.0213,,,,,,,,,,,
spelad,EK,2013/14,2014-02-15,,Lechia Gdansk,Pogon Szczecin,2,3,A,,,,,,,,,,,,,,,,,,,,0.4517,0.2921,0.2561,1,,,,2.24,3.34,3.9,,,,,0.5897,,3,1,0.341,0.3655,0,0,,,,-0.0356,,,,,,,,,,,
spelad,EK,2013/14,2014-02-16,,Lech Poznan,Slask Wroclaw,2,1,H,,,,,,,,,,,,,,,,,,,,0.5478,0.2672,0.185,1,,,,1.84,3.65,5.3,,,,,0.4117,,3,-2,-1.0445,0.0483,0,0,,,,-0.06,,,,,,,,,,,
spelad,EK,2013/14,2014-02-16,,Ruch Chorzow,Jagiellonia,1,0,H,,,,,,,,,,,,,,,,,,,,0.443,0.2971,0.2599,1,,,,2.4,3.4,3.75,,,,,0.5568,,3,-2,-0.8736,0.0485,0,0,,,,-0.052,,,,,,,,,,,
spelad,EK,2013/14,2014-02-16,,Zaglebie,Gornik Zabrze,3,0,H,,,,,,,,,,,,,,,,,,,,0.3941,0.31,0.2959,1,,,,2.65,3.2,3.29,,,,,-0.2455,,3,-1,-0.1218,-0.2668,0,0,,,,-0.0545,,,,,,,,,,,
spelad,EK,2013/14,2014-02-17,,Piast Gliwice,Wisla,0,1,A,,,,,,,,,,,,,,,,,,,,0.2906,0.3033,0.4061,1,,,,3.34,3.3,2.55,,,,,0.232,,3,1,0.9645,-0.2859,0,0,,,,0.0581,,,,,,,,,,,
spelad,EK,2013/14,2014-02-21,,Jagiellonia,Podbeskidzie,2,2,D,,,,,,,,,,,,,,,,,,,,0.5616,0.2714,0.167,1,,,,1.84,3.6,5.86,,,,,-0.4028,-2,3,1,0.3739,-0.2853,0,0,,,,-0.0466,,,,,,,,,,,
spelad,EK,2013/14,2014-02-21,,Pogon Szczecin,Lech Poznan,5,1,H,,,,,,,,,,,,,,,,,,,,0.2916,0.3141,0.3943,1,,,,3.34,3.35,2.5,,,,,-0.6932,1,3,0,0.4805,0.0539,0,0,,,,0.0068,,,,,,,,,,,
spelad,EK,2013/14,2014-02-22,,Gornik Zabrze,Legia,0,3,A,,,,,,,,,,,,,,,,,,,,0.2443,0.2778,0.4779,1,,,,4.15,3.51,2.07,,,,,-0.4319,-2,3,-2,-0.4938,0.0683,0,0,,,,0.0205,,,,,,,,,,,
spelad,EK,2013/14,2014-02-22,,Widzew Lodz,Piast Gliwice,1,1,D,,,,,,,,,,,,,,,,,,,,0.3274,0.2974,0.3752,1,,,,2.98,3.28,2.72,,,,,-0.6254,3,3,0,0.1329,0.036,0,0,,,,0.0186,,,,,,,,,,,
spelad,EK,2013/14,2014-02-23,,Korona Kielce,Zaglebie,1,1,D,,,,,,,,,,,,,,,,,,,,0.4115,0.2973,0.2911,1,,,,2.37,3.28,3.6,,,,,0.8813,2,3,-1,-0.2055,-0.2928,0,0,,,,0.0049,,,,,,,,,,,
spelad,EK,2013/14,2014-02-23,,Slask Wroclaw,Ruch Chorzow,2,3,A,,,,,,,,,,,,,,,,,,,,0.4645,0.2886,0.2469,1,,,,2.2,3.38,4.03,,,,,-1.4563,0,3,1,0.0473,0.3833,0,0,,,,-0.033,,,,,,,,,,,
spelad,EK,2013/14,2014-02-23,,Wisla,Cracovia,3,1,H,,,,,,,,,,,,,,,,,,,,0.5138,0.2797,0.2064,1,,,,1.9,3.65,5.7,,,,,0.718,-2,,,,,0,0,,,,0.055,,,,,,,,,,,
spelad,EK,2013/14,2014-02-24,,Zawisza,Lechia Gdansk,0,3,A,,,,,,,,,,,,,,,,,,,,0.4394,0.2912,0.2695,1,,,,2.23,3.35,3.9,,,,,0.475,0,,,,,0,0,,,,0.0113,,,,,,,,,,,
spelad,EK,2013/14,2014-02-28,,Lechia Gdansk,Wisla,0,0,D,,,,,,,,,,,,,,,,,,,,0.3445,0.3228,0.3327,1,,,,3,3.2,2.93,,,,,-0.2831,-1,3,-2,-0.7989,0.0327,0,0,,,,-0.0321,,,,,,,,,,,
spelad,EK,2013/14,2014-02-28,,Ruch Chorzow,Widzew Lodz,2,1,H,,,,,,,,,,,,,,,,,,,,0.6029,0.2543,0.1428,1,,,,1.71,4,6.84,,,,,1.453,-1,3,1,0.7204,-0.3048,0,0,,,,-0.0661,,,,,,,,,,,
spelad,EK,2013/14,2014-03-01,,Gornik Zabrze,Korona Kielce,0,0,D,,,,,,,,,,,,,,,,,,,,0.4375,0.2845,0.278,1,,,,2.25,3.43,3.65,,,,,-0.6315,1,3,0,-0.2057,0.0519,0,0,,,,-0.0013,,,,,,,,,,,
spelad,EK,2013/14,2014-03-01,,Lech Poznan,Piast Gliwice,4,0,H,,,,,,,,,,,,,,,,,,,,0.6221,0.24,0.1379,1,,,,1.6,4.2,8.5,,,,,-0.0964,1,3,3,1.2634,-0.2821,0,0,,,,0.0154,,,,,,,,,,,
spelad,EK,2013/14,2014-03-02,,Cracovia,Slask Wroclaw,0,1,A,,,,,,,,,,,,,,,,,,,,0.3538,0.2924,0.3538,1,,,,2.96,3.34,2.78,,,,,0.6653,0,,,,,0,0,,,,-0.0179,,,,,,,,,,,
spelad,EK,2013/14,2014-03-02,,Legia,Jagiellonia,0,3,A,,,,,,,,,,,,,,,,,,,,0.6167,0.2303,0.153,1,,,,1.65,4.27,7,,,,,0.2102,-1,3,1,-0.0055,-0.2471,0,0,,,,0.0047,,,,,,,,,,,
spelad,EK,2013/14,2014-03-02,,Zaglebie,Zawisza,3,1,H,,,,,,,,,,,,,,,,,,,,0.4323,0.297,0.2707,1,,,,2.32,3.3,3.61,,,,,-0.3211,1,,,,,0,0,,,,-0.0461,,,,,,,,,,,
spelad,EK,2013/14,2014-03-03,,Podbeskidzie,Pogon Szczecin,0,0,D,,,,,,,,,,,,,,,,,,,,0.3471,0.3058,0.3471,1,,,,3,3.25,3,,,,,0.2911,0,3,-1,-0.1364,-0.2697,0,0,,,,0.0013,,,,,,,,,,,
spelad,EK,2013/14,2014-03-07,,Korona Kielce,Lechia Gdansk,1,0,H,,,,,,,,,,,,,,,,,,,,0.4118,0.3069,0.2813,1,,,,2.5,3.19,3.47,,,,,-0.0197,-1,3,-2,-0.8416,0.0368,0,0,,,,-0.0465,,,,,,,,,,,
spelad,EK,2013/14,2014-03-07,,Zawisza,Gornik Zabrze,3,1,H,,,,,,,,,,,,,,,,,,,,0.4492,0.2859,0.2649,1,,,,2.3,3.41,3.68,,,,,0.5744,-1,,,,,0,0,,,,-0.0298,,,,,,,,,,,
spelad,EK,2013/14,2014-03-08,,Jagiellonia,Zaglebie,1,0,H,,,,,,,,,,,,,,,,,,,,0.4206,0.2957,0.2837,1,,,,2.36,3.3,3.6,,,,,0.3498,0,3,-1,-0.5607,0.3647,0,0,,,,-0.0006,,,,,,,,,,,
spelad,EK,2013/14,2014-03-08,,Wisla,Ruch Chorzow,0,1,A,,,,,,,,,,,,,,,,,,,,0.44,0.2924,0.2676,1,,,,2.42,3.34,3.65,,,,,-0.584,0,3,1,0.1893,0.3649,0,0,,,,-0.0284,,,,,,,,,,,
spelad,EK,2013/14,2014-03-09,,Piast Gliwice,Podbeskidzie,0,0,D,,,,,,,,,,,,,,,,,,,,0.4662,0.2908,0.243,1,,,,2.2,3.4,4.01,,,,,-0.0556,2,3,3,1.4896,-0.2888,0,0,,,,-0.0639,,,,,,,,,,,
spelad,EK,2013/14,2014-03-09,,Pogon Szczecin,Cracovia,0,0,D,,,,,,,,,,,,,,,,,,,,0.5245,0.2588,0.2168,1,,,,1.98,3.77,4.5,,,,,0.6468,-1,,,,,0,0,,,,-0.0365,,,,,,,,,,,
spelad,EK,2013/14,2014-03-09,,Slask Wroclaw,Legia,1,1,D,,,,,,,,,,,,,,,,,,,,0.2663,0.2825,0.4512,1,,,,4.05,3.45,2.31,,,,,-0.5553,0,3,-1,0.116,-0.2604,0,0,,,,-0.0132,,,,,,,,,,,
spelad,EK,2013/14,2014-03-10,,Widzew Lodz,Lech Poznan,2,2,D,,,,,,,,,,,,,,,,,,,,0.1419,0.2364,0.6218,1,,,,7.4,4.3,1.57,,,,,-0.5727,1,3,-3,-0.6862,-0.2424,0,0,,,,0.0184,,,,,,,,,,,
spelad,EK,2013/14,2014-03-14,,Korona Kielce,Zawisza,1,1,D,,,,,,,,,,,,,,,,,,,,0.4028,0.2945,0.3027,1,,,,2.5,3.31,3.4,,,,,0.4943,0,,,,,0,0,,,,-0.0231,,,,,,,,,,,
spelad,EK,2013/14,2014-03-14,,Lech Poznan,Podbeskidzie,2,1,H,,,,,,,,,,,,,,,,,,,,0.7162,0.181,0.1027,1,,,,1.4,5.38,12,,,,,-0.5155,-1,3,0,-0.7177,0.0899,0,0,,,,-0.0432,,,,,,,,,,,
spelad,EK,2013/14,2014-03-15,,Gornik Zabrze,Pogon Szczecin,1,1,D,,,,,,,,,,,,,,,,,,,,0.3628,0.3118,0.3253,1,,,,2.7,3.2,3.1,,,,,-0.9152,2,3,0,-0.0674,0.0394,0,0,,,,0.032,,,,,,,,,,,
spelad,EK,2013/14,2014-03-15,,Lechia Gdansk,Widzew Lodz,2,0,H,,,,,,,,,,,,,,,,,,,,0.6434,0.2301,0.1265,1,,,,1.61,4.25,8,,,,,0.6687,3,3,1,0.4894,-0.3081,0,0,,,,-0.0698,,,,,,,,,,,
spelad,EK,2013/14,2014-03-16,,Legia,Wisla,2,2,D,,,,,,,,,,,,,,,,,,,,0.609,0.2486,0.1425,1,,,,1.65,3.94,6.96,,,,,-0.519,-1,3,1,0.2004,-0.2773,0,0,,,,-0.054,,,,,,,,,,,
spelad,EK,2013/14,2014-03-16,,Ruch Chorzow,Piast Gliwice,0,2,A,,,,,,,,,,,,,,,,,,,,0.4815,0.2836,0.2349,1,,,,2.11,3.5,4.75,,,,,1.6375,1,3,1,0.6719,-0.2923,0,0,,,,0.0316,,,,,,,,,,,
spelad,EK,2013/14,2014-03-16,,Zaglebie,Slask Wroclaw,2,2,D,,,,,,,,,,,,,,,,,,,,0.4013,0.2911,0.3076,1,,,,2.55,3.35,3.2,,,,,0.6546,1,3,1,0.9771,-0.2792,0,0,,,,-0.0305,,,,,,,,,,,
spelad,EK,2013/14,2014-03-17,,Cracovia,Jagiellonia,1,0,H,,,,,,,,,,,,,,,,,,,,0.3765,0.3306,0.2929,1,,,,2.59,3.2,3.35,,,,,-0.6784,-1,,,,,0,0,,,,0.0196,,,,,,,,,,,
spelad,EK,2013/14,2014-03-21,,Widzew Lodz,Zaglebie,0,0,D,,,,,,,,,,,,,,,,,,,,0.235,0.3156,0.4494,1,,,,4.15,3.2,2.28,,,,,-0.3912,1,3,0,0.2625,0.0402,0,0,,,,0.0901,,,,,,,,,,,
spelad,EK,2013/14,2014-03-21,,Wisla,Zawisza,0,1,A,,,,,,,,,,,,,,,,,,,,0.3916,0.3018,0.3066,1,,,,2.49,3.3,3.6,,,,,-0.0606,-2,,,,,0,0,,,,0.0494,,,,,,,,,,,
spelad,EK,2013/14,2014-03-22,,Jagiellonia,Korona Kielce,1,1,D,,,,,,,,,,,,,,,,,,,,0.4644,0.2868,0.2488,1,,,,2.17,3.4,4.3,,,,,0.0084,-3,3,-2,-0.8985,0.044,0,0,,,,-0.0304,,,,,,,,,,,
spelad,EK,2013/14,2014-03-22,,Lech Poznan,Lechia Gdansk,2,1,H,,,,,,,,,,,,,,,,,,,,0.5795,0.2549,0.1656,1,,,,1.75,3.9,6.1,,,,,-0.1865,1,3,1,0.2953,-0.2972,0,0,,,,-0.0369,,,,,,,,,,,
spelad,EK,2013/14,2014-03-23,,Podbeskidzie,Cracovia,1,1,D,,,,,,,,,,,,,,,,,,,,0.3694,0.3077,0.3229,1,,,,2.64,3.17,3.1,,,,,-0.1614,3,,,,,0,0,,,,0.0087,,,,,,,,,,,
spelad,EK,2013/14,2014-03-23,,Pogon Szczecin,Ruch Chorzow,3,1,H,,,,,,,,,,,,,,,,,,,,0.4737,0.304,0.2223,1,,,,2.2,3.31,4.39,,,,,-0.8089,1,3,2,1.062,0.0326,0,0,,,,-0.06,,,,,,,,,,,
spelad,EK,2013/14,2014-03-23,,Slask Wroclaw,Gornik Zabrze,1,1,D,,,,,,,,,,,,,,,,,,,,0.4768,0.2801,0.2431,1,,,,2.05,3.5,4.4,,,,,0.2097,-1,3,-1,-0.2633,-0.2925,0,0,,,,-0.0063,,,,,,,,,,,
spelad,EK,2013/14,2014-03-24,,Piast Gliwice,Legia,1,2,A,,,,,,,,,,,,,,,,,,,,0.212,0.2747,0.5133,1,,,,5.25,3.7,1.94,,,,,-0.0359,0,3,-2,-0.2562,0.1223,0,0,,,,-0.0273,,,,,,,,,,,
spelad,EK,2013/14,2014-03-28,,Korona Kielce,Pogon Szczecin,2,2,D,,,,,,,,,,,,,,,,,,,,0.3916,0.3028,0.3056,1,,,,2.55,3.26,3.25,,,,,-0.1513,1,3,-1,-0.2442,-0.2872,0,0,,,,-0.0085,,,,,,,,,,,
spelad,EK,2013/14,2014-03-28,,Ruch Chorzow,Podbeskidzie,0,1,A,,,,,,,,,,,,,,,,,,,,0.4907,0.2942,0.2151,1,,,,2.01,3.5,4.9,,,,,0.9868,0,3,0,-0.1899,0.0382,0,0,,,,0.0049,,,,,,,,,,,
spelad,EK,2013/14,2014-03-29,,Cracovia,Widzew Lodz,1,1,D,,,,,,,,,,,,,,,,,,,,0.5836,0.2486,0.1678,1,,,,1.68,3.92,6.9,,,,,0.1518,-2,,,,,0,0,,,,0.0056,,,,,,,,,,,
spelad,EK,2013/14,2014-03-29,,Lechia Gdansk,Piast Gliwice,3,1,H,,,,,,,,,,,,,,,,,,,,0.4927,0.2836,0.2237,1,,,,2.15,3.5,4.37,,,,,0.3806,2,3,-2,-1.0969,0.0315,0,0,,,,-0.0866,,,,,,,,,,,
spelad,EK,2013/14,2014-03-29,,Legia,Lech Poznan,1,0,H,,,,,,,,,,,,,,,,,,,,0.4782,0.2827,0.2391,1,,,,2.1,3.45,4.22,,,,,-0.4218,-2,3,2,0.9308,0.0264,0,0,,,,-0.0202,,,,,,,,,,,
spelad,EK,2013/14,2014-03-30,,Gornik Zabrze,Jagiellonia,3,3,D,,,,,,,,,,,,,,,,,,,,0.4665,0.2834,0.25,1,,,,2.2,3.46,3.9,,,,,-0.8525,-1,3,0,-0.1606,0.0484,0,0,,,,-0.0382,,,,,,,,,,,
spelad,EK,2013/14,2014-03-30,,Zawisza,Slask Wroclaw,1,0,H,,,,,,,,,,,,,,,,,,,,0.4471,0.2838,0.269,1,,,,2.26,3.45,3.85,,,,,0.5926,2,,,,,0,0,,,,-0.0338,,,,,,,,,,,
spelad,EK,2013/14,2014-03-31,,Zaglebie,Wisla,3,1,H,,,,,,,,,,,,,,,,,,,,0.4117,0.3021,0.2862,1,,,,2.56,3.25,3.41,,,,,-0.2703,0,3,1,0.8967,-0.2897,0,0,,,,-0.0601,,,,,,,,,,,
spelad,EK,2013/14,2014-04-04,,Cracovia,Gornik Zabrze,2,0,H,,,,,,,,,,,,,,,,,,,,0.372,0.2999,0.3281,1,,,,2.64,3.25,3.1,,,,,0.1954,1,,,,,0,0,,,,0.0343,,,,,,,,,,,
spelad,EK,2013/14,2014-04-04,,Podbeskidzie,Slask Wroclaw,3,3,D,,,,,,,,,,,,,,,,,,,,0.2425,0.3124,0.4451,1,,,,4.02,3.2,2.44,,,,,0.6596,2,3,-1,-0.1603,0.4063,0,0,,,,0.0952,,,,,,,,,,,
spelad,EK,2013/14,2014-04-05,,Lech Poznan,Jagiellonia,6,1,H,,,,,,,,,,,,,,,,,,,,0.6544,0.2257,0.1199,1,,,,1.6,4.5,9.5,,,,,-0.1255,1,3,-1,-0.8958,-0.2667,0,0,,,,-0.0496,,,,,,,,,,,
spelad,EK,2013/14,2014-04-05,,Lechia Gdansk,Zaglebie,2,1,H,,,,,,,,,,,,,,,,,,,,0.4853,0.292,0.2227,1,,,,2.1,3.39,4.38,,,,,-0.0424,2,3,2,1.1483,0.0397,0,0,,,,-0.0452,,,,,,,,,,,
spelad,EK,2013/14,2014-04-05,,Widzew Lodz,Wisla,2,1,H,,,,,,,,,,,,,,,,,,,,0.2259,0.2887,0.4854,1,,,,4.5,3.4,2.05,,,,,-0.3008,2,3,-3,-0.9757,-0.2767,0,0,,,,0.0313,,,,,,,,,,,
spelad,EK,2013/14,2014-04-06,,Legia,Zawisza,3,0,H,,,,,,,,,,,,,,,,,,,,0.6095,0.2402,0.1503,1,,,,1.61,4.3,7,,,,,-0.1743,1,,,,,0,0,,,,-0.0204,,,,,,,,,,,
spelad,EK,2013/14,2014-04-06,,Piast Gliwice,Pogon Szczecin,2,2,D,,,,,,,,,,,,,,,,,,,,0.3509,0.3127,0.3364,1,,,,2.8,3.26,2.91,,,,,-0.618,-1,3,1,0.7385,-0.2932,0,0,,,,-0.0102,,,,,,,,,,,
spelad,EK,2013/14,2014-04-07,,Ruch Chorzow,Korona Kielce,2,0,H,,,,,,,,,,,,,,,,,,,,0.4259,0.3039,0.2702,1,,,,2.3,3.25,3.7,,,,,0.3841,0,3,0,0.0262,0.043,0,0,,,,-0.0191,,,,,,,,,,,
spelad,EK,2013/14,2014-04-12,,Gornik Zabrze,Lech Poznan,0,3,A,,,,,,,,,,,,,,,,,,,,0.2589,0.2829,0.4582,1,,,,4.15,3.5,2.25,,,,,-0.892,1,3,-2,-0.6573,0.0491,0,0,,,,0.0094,,,,,,,,,,,
spelad,EK,2013/14,2014-04-12,,Jagiellonia,Piast Gliwice,1,1,D,,,,,,,,,,,,,,,,,,,,0.4927,0.2688,0.2385,1,,,,2.02,3.7,4.33,,,,,0.2966,1,3,-2,-1.0249,0.0443,0,0,,,,-0.0438,,,,,,,,,,,
spelad,EK,2013/14,2014-04-12,,Korona Kielce,Cracovia,1,0,H,,,,,,,,,,,,,,,,,,,,0.3444,0.2918,0.3637,1,,,,2.9,3.34,2.68,,,,,-0.0073,-3,,,,,0,0,,,,-0.0267,,,,,,,,,,,
spelad,EK,2013/14,2014-04-12,,Pogon Szczecin,Widzew Lodz,1,0,H,,,,,,,,,,,,,,,,,,,,0.6343,0.2406,0.1251,1,,,,1.54,4.5,7.81,,,,,0.3753,-1,3,0,-0.059,0.0325,0,0,,,,-0.028,,,,,,,,,,,
spelad,EK,2013/14,2014-04-12,,Slask Wroclaw,Lechia Gdansk,1,0,H,,,,,,,,,,,,,,,,,,,,0.3841,0.2795,0.3364,1,,,,2.72,3.5,2.95,,,,,-0.6159,1,3,2,0.9523,0.0289,0,0,,,,-0.0253,,,,,,,,,,,
spelad,EK,2013/14,2014-04-12,,Wisla,Podbeskidzie,0,1,A,,,,,,,,,,,,,,,,,,,,0.5196,0.2799,0.2006,1,,,,1.95,3.5,4.9,,,,,-0.702,-1,3,0,-0.7232,0.7101,0,0,,,,-0.0465,,,,,,,,,,,
spelad,EK,2013/14,2014-04-12,,Zaglebie,Legia,1,3,A,,,,,,,,,,,,,,,,,,,,0.2512,0.2954,0.4534,1,,,,4,3.4,2.19,,,,,-0.083,1,3,-2,-0.3833,0.0952,0,0,,,,0.0042,,,,,,,,,,,
spelad,EK,2013/14,2014-04-12,,Zawisza,Ruch Chorzow,0,3,A,,,,,,,,,,,,,,,,,,,,0.4227,0.3023,0.275,1,,,,2.4,3.27,3.55,,,,,-0.0609,1,,,,,0,0,,,,-0.0376,,,,,,,,,,,
spelad,EK,2013/14,2014-04-25,,Cracovia,Podbeskidzie,0,1,A,,,,,,,,,,,,,,,,,,,,0.4854,0.2845,0.2301,1,,,,2.1,3.5,4.48,,,,,-0.5989,0,,,,,0,0,,,,-0.0309,,,,,,,,,,,
spelad,EK,2013/14,2014-04-25,,Lech Poznan,Wisla,3,0,H,,,,,,,,,,,,,,,,,,,,0.6927,0.2101,0.0972,1,,,,1.45,4.8,11,,,,,0.9721,0,4,1.5,0.5613,-0.281,0,0,,,,-0.0495,,,,,,,,,,,
spelad,EK,2013/14,2014-04-26,,Jagiellonia,Piast Gliwice,4,3,H,,,,,,,,,,,,,,,,,,,,0.431,0.2886,0.2803,1,,,,2.25,3.4,3.7,,,,,0.189,0,4,-1.5,-0.9554,0.2161,0,0,,,,0.0086,,,,,,,,,,,
spelad,EK,2013/14,2014-04-26,,Legia,Zawisza,2,0,H,,,,,,,,,,,,,,,,,,,,0.6782,0.2137,0.108,1,,,,1.44,5.1,11.5,,,,,0.3629,0,,,,,0,0,,,,0.0083,,,,,,,,,,,
spelad,EK,2013/14,2014-04-26,,Slask Wroclaw,Zaglebie,1,0,H,,,,,,,,,,,,,,,,,,,,0.4506,0.2905,0.2589,1,,,,2.2,3.4,3.9,,,,,0.0506,0,4,-0.75,-0.577,-0.0321,0,0,,,,-0.0155,,,,,,,,,,,
spelad,EK,2013/14,2014-04-27,,Korona Kielce,Widzew Lodz,2,2,D,,,,,,,,,,,,,,,,,,,,0.5398,0.2776,0.1826,1,,,,1.82,3.54,5.35,,,,,-0.0072,0,4,-0.75,-0.557,-0.0411,0,0,,,,-0.0467,,,,,,,,,,,
spelad,EK,2013/14,2014-04-27,,Ruch Chorzow,Lechia Gdansk,0,0,D,,,,,,,,,,,,,,,,,,,,0.408,0.2955,0.2964,1,,,,2.42,3.3,3.45,,,,,0.2443,0,4,-0.75,-0.6099,0.4487,0,0,,,,-0.0134,,,,,,,,,,,
spelad,EK,2013/14,2014-04-28,,Pogon Szczecin,Gornik Zabrze,2,2,D,,,,,,,,,,,,,,,,,,,,0.4415,0.2948,0.2637,1,,,,2.25,3.32,4,,,,,1.0074,0,4,0,-0.0509,0.2016,0,0,,,,0.0232,,,,,,,,,,,
spelad,EK,2013/14,2014-05-01,,Podbeskidzie,Jagiellonia,2,1,H,,,,,,,,,,,,,,,,,,,,0.3828,0.3003,0.3169,1,,,,2.55,3.3,3.54,,,,,0.372,1,4,-0.75,-0.0096,-0.0318,0,0,,,,0.0969,,,,,,,,,,,
spelad,EK,2013/14,2014-05-03,,Lechia Gdansk,Legia,0,1,A,,,,,,,,,,,,,,,,,,,,0.2019,0.2719,0.5262,1,,,,5,3.7,2.05,,,,,-0.2631,-1,4,0,0.7092,-0.2529,0,0,,,,0.0789,,,,,,,,,,,
spelad,EK,2013/14,2014-05-03,,Piast Gliwice,Slask Wroclaw,0,0,D,,,,,,,,,,,,,,,,,,,,0.3295,0.3105,0.36,1,,,,2.95,3.25,2.72,,,,,-0.563,0,4,1.5,0.9294,0.2211,0,0,,,,0.0077,,,,,,,,,,,
spelad,EK,2013/14,2014-05-03,,Wisla,Pogon Szczecin,5,0,H,,,,,,,,,,,,,,,,,,,,0.398,0.2982,0.3038,1,,,,2.81,3.27,3.4,,,,,-0.9794,3,4,0.75,0.1703,-0.0545,0,0,,,,-0.1178,,,,,,,,,,,
spelad,EK,2013/14,2014-05-04,,Gornik Zabrze,Ruch Chorzow,2,0,H,,,,,,,,,,,,,,,,,,,,0.4394,0.3039,0.2567,1,,,,2.4,3.23,3.8,,,,,-0.7935,-1,4,0,-0.2767,0.2062,0,0,,,,-0.0296,,,,,,,,,,,
spelad,EK,2013/14,2014-05-04,,Widzew Lodz,Cracovia,2,0,H,,,,,,,,,,,,,,,,,,,,0.3394,0.3064,0.3542,1,,,,2.88,3.2,2.78,,,,,0.4255,-2,,,,,0,0,,,,0.0088,,,,,,,,,,,
spelad,EK,2013/14,2014-05-05,,Zaglebie,Korona Kielce,0,0,D,,,,,,,,,,,,,,,,,,,,0.5153,0.272,0.2126,1,,,,1.91,3.62,4.58,,,,,-0.3128,1,4,0.75,0.331,-0.0439,0,0,,,,-0.0402,,,,,,,,,,,
spelad,EK,2013/14,2014-05-05,,Zawisza,Lech Poznan,1,2,A,,,,,,,,,,,,,,,,,,,,0.2002,0.2642,0.5356,1,,,,6,3.8,1.82,,,,,-0.3657,-1,,,,,0,0,,,,-0.0569,,,,,,,,,,,
spelad,EK,2013/14,2014-05-09,,Jagiellonia,Zaglebie,1,0,H,,,,,,,,,,,,,,,,,,,,0.3722,0.3028,0.325,1,,,,2.77,3.3,3.1,,,,,0.3865,4,4,0,-0.0599,0.1996,0,0,,,,-0.0153,,,,,,,,,,,
spelad,EK,2013/14,2014-05-09,,Legia,Wisla,5,0,H,,,,,,,,,,,,,,,,,,,,0.6737,0.207,0.1193,1,,,,1.47,4.72,8.82,,,,,1.4295,0,4,0.75,-0.1186,-0.0201,0,0,,,,-0.0284,,,,,,,,,,,
spelad,EK,2013/14,2014-05-10,,Cracovia,Piast Gliwice,1,5,A,,,,,,,,,,,,,,,,,,,,0.4578,0.2876,0.2546,1,,,,2.2,3.4,3.95,,,,,-0.029,-1,,,,,0,0,,,,-0.0203,,,,,,,,,,,
spelad,EK,2013/14,2014-05-10,,Lech Poznan,Gornik Zabrze,2,1,H,,,,,,,,,,,,,,,,,,,,0.6207,0.2256,0.1537,1,,,,1.59,4.4,8,,,,,0.8493,-1,4,2.25,0.7917,-0.0339,0,0,,,,0.0186,,,,,,,,,,,
spelad,EK,2013/14,2014-05-10,,Pogon Szczecin,Lechia Gdansk,0,2,A,,,,,,,,,,,,,,,,,,,,0.4414,0.2861,0.2725,1,,,,2.25,3.41,3.65,,,,,-0.0545,0,4,0,-0.045,0.2011,0,0,,,,-0.0392,,,,,,,,,,,
spelad,EK,2013/14,2014-05-11,,Korona Kielce,Podbeskidzie,3,2,H,,,,,,,,,,,,,,,,,,,,0.4259,0.3077,0.2665,1,,,,2.33,3.2,3.85,,,,,-0.8241,-4,4,0.75,0.15,-0.0366,0,0,,,,-0.0228,,,,,,,,,,,
spelad,EK,2013/14,2014-05-11,,Ruch Chorzow,Zawisza,3,1,H,,,,,,,,,,,,,,,,,,,,0.4674,0.2943,0.2383,1,,,,2.1,3.4,4.3,,,,,-0.1895,1,,,,,0,0,,,,-0.0329,,,,,,,,,,,
spelad,EK,2013/14,2014-05-12,,Slask Wroclaw,Widzew Lodz,1,0,H,,,,,,,,,,,,,,,,,,,,0.6131,0.2443,0.1425,1,,,,1.61,4.04,6.84,,,,,-0.4291,1,4,0.75,0.0385,-0.0283,0,0,,,,-0.0547,,,,,,,,,,,
spelad,EK,2013/14,2014-05-16,,Lechia Gdansk,Lech Poznan,2,1,H,,,,,,,,,,,,,,,,,,,,0.2467,0.2849,0.4684,1,,,,4.15,3.55,2.08,,,,,-0.4324,0,4,-1.5,-0.1865,-0.2866,0,0,,,,0.0078,,,,,,,,,,,
spelad,EK,2013/14,2014-05-16,,Widzew Lodz,Jagiellonia,1,1,D,,,,,,,,,,,,,,,,,,,,0.3962,0.2944,0.3094,1,,,,2.51,3.31,3.15,,,,,0.4651,-3,4,0,0.1425,0.2223,0,0,,,,0.0013,,,,,,,,,,,
spelad,EK,2013/14,2014-05-17,,Korona Kielce,Piast Gliwice,0,1,A,,,,,,,,,,,,,,,,,,,,0.415,0.3126,0.2724,1,,,,2.45,3.25,3.58,,,,,-0.0202,-1,4,1.5,0.6306,0.2045,0,0,,,,-0.0272,,,,,,,,,,,
spelad,EK,2013/14,2014-05-17,,Pogon Szczecin,Zawisza,1,2,A,,,,,,,,,,,,,,,,,,,,0.5109,0.2837,0.2054,1,,,,2.02,3.5,4.75,,,,,-0.0518,1,,,,,0,0,,,,-0.0747,,,,,,,,,,,
spelad,EK,2013/14,2014-05-17,,Slask Wroclaw,Podbeskidzie,0,0,D,,,,,,,,,,,,,,,,,,,,0.5189,0.2748,0.2063,1,,,,1.94,3.55,4.73,,,,,-0.6143,-1,4,0.75,-0.3465,0.4766,0,0,,,,-0.0691,,,,,,,,,,,
spelad,EK,2013/14,2014-05-18,,Gornik Zabrze,Legia,2,3,A,,,,,,,,,,,,,,,,,,,,0.1896,0.2627,0.5476,1,,,,5.14,3.8,1.83,,,,,-1.1466,-1,4,-2.25,-0.6231,-0.0182,0,0,,,,0.0368,,,,,,,,,,,
spelad,EK,2013/14,2014-05-18,,Zaglebie,Cracovia,1,2,A,,,,,,,,,,,,,,,,,,,,0.5156,0.2792,0.2052,1,,,,2.02,3.5,4.75,,,,,-0.0703,1,,,,,0,0,,,,-0.0505,,,,,,,,,,,
spelad,EK,2013/14,2014-05-19,,Ruch Chorzow,Wisla,2,2,D,,,,,,,,,,,,,,,,,,,,0.4389,0.2998,0.2612,1,,,,2.29,3.35,3.9,,,,,0.4988,-2,4,0,0.0605,0.2006,0,0,,,,-0.0294,,,,,,,,,,,
spelad,EK,2013/14,2014-05-22,,Jagiellonia,Slask Wroclaw,0,3,A,,,,,,,,,,,,,,,,,,,,0.4032,0.282,0.3148,1,,,,2.5,3.46,3.1,,,,,-0.0865,1,4,0.75,0.7057,-0.0316,0,0,,,,-0.0281,,,,,,,,,,,
spelad,EK,2013/14,2014-05-22,,Podbeskidzie,Widzew Lodz,3,0,H,,,,,,,,,,,,,,,,,,,,0.4951,0.2771,0.2279,1,,,,1.97,3.52,4.4,,,,,0.4948,-1,4,1.5,0.5273,0.2053,0,0,,,,-0.0295,,,,,,,,,,,
spelad,EK,2013/14,2014-05-23,,Cracovia,Korona Kielce,1,1,D,,,,,,,,,,,,,,,,,,,,0.4186,0.2938,0.2877,1,,,,2.34,3.35,3.7,,,,,-0.355,-1,,,,,0,0,,,,0.0227,,,,,,,,,,,
spelad,EK,2013/14,2014-05-23,,Piast Gliwice,Zaglebie,2,0,H,,,,,,,,,,,,,,,,,,,,0.3745,0.2953,0.3302,1,,,,2.65,3.31,3,,,,,0.7968,1,4,0.75,0.5989,-0.0363,0,0,,,,0.0144,,,,,,,,,,,
spelad,EK,2013/14,2014-05-24,,Lech Poznan,Pogon Szczecin,0,0,D,,,,,,,,,,,,,,,,,,,,0.7022,0.1888,0.1091,1,,,,1.45,5.2,9.5,,,,,0.8611,1,4,-0.75,-0.7751,-0.0381,0,0,,,,-0.0757,,,,,,,,,,,
spelad,EK,2013/14,2014-05-24,,Wisla,Gornik Zabrze,2,3,A,,,,,,,,,,,,,,,,,,,,0.4641,0.2761,0.2599,1,,,,2.35,3.54,3.84,,,,,-0.325,-1,4,-0.75,-0.2619,-0.0516,0,0,,,,-0.0755,,,,,,,,,,,
spelad,EK,2013/14,2014-05-25,,Legia,Ruch Chorzow,1,2,A,,,,,,,,,,,,,,,,,,,,0.6965,0.1935,0.1101,1,,,,1.43,5.04,9.05,,,,,1.1081,1,4,0.75,-0.3211,0.015,0,0,,,,-0.0595,,,,,,,,,,,
spelad,EK,2013/14,2014-05-25,,Zawisza,Lechia Gdansk,0,0,D,,,,,,,,,,,,,,,,,,,,0.318,0.2931,0.3889,1,,,,3.07,3.33,2.7,,,,,-0.3349,-1,,,,,0,0,,,,0.0452,,,,,,,,,,,
spelad,EK,2013/14,2014-05-27,,Jagiellonia,Korona Kielce,4,4,D,,,,,,,,,,,,,,,,,,,,0.3557,0.2988,0.3456,1,,,,2.73,3.3,2.92,,,,,-0.0386,1,4,-1.5,-0.8438,0.2113,0,0,,,,0.042,,,,,,,,,,,
spelad,EK,2013/14,2014-05-27,,Podbeskidzie,Zaglebie,2,0,H,,,,,,,,,,,,,,,,,,,,0.4767,0.2802,0.2431,1,,,,2.1,3.51,4.11,,,,,1.8468,1,4,0,0.2029,0.2228,0,0,,,,-0.0288,,,,,,,,,,,
spelad,EK,2013/14,2014-05-27,,Slask Wroclaw,Cracovia,1,0,H,,,,,,,,,,,,,,,,,,,,0.5637,0.2469,0.1894,1,,,,1.8,3.95,5.15,,,,,0.8335,1,,,,,0,0,,,,-0.0691,,,,,,,,,,,
spelad,EK,2013/14,2014-05-28,,Lech Poznan,Ruch Chorzow,4,0,H,,,,,,,,,,,,,,,,,,,,0.5943,0.243,0.1627,1,,,,1.64,4.25,6.7,,,,,-0.2716,1,4,2.25,0.7661,-0.0322,0,0,,,,-0.0006,,,,,,,,,,,
spelad,EK,2013/14,2014-05-28,,Lechia Gdansk,Wisla,2,2,D,,,,,,,,,,,,,,,,,,,,0.5582,0.2557,0.1861,1,,,,1.8,3.9,5.43,,,,,1.2007,-1,4,-1.5,-0.6882,0.1938,0,0,,,,-0.0291,,,,,,,,,,,
spelad,EK,2013/14,2014-05-28,,Pogon Szczecin,Legia,0,1,A,,,,,,,,,,,,,,,,,,,,0.3147,0.2574,0.4279,1,,,,3.4,3.79,2.28,,,,,-1.1874,1,4,-3,-0.7081,-0.2364,0,0,,,,-0.0317,,,,,,,,,,,
spelad,EK,2013/14,2014-05-28,,Widzew Lodz,Piast Gliwice,2,1,H,,,,,,,,,,,,,,,,,,,,0.3086,0.2902,0.4013,1,,,,3.16,3.36,2.65,,,,,-0.1583,1,4,0,0.0298,0.2026,0,0,,,,0.0466,,,,,,,,,,,
spelad,EK,2013/14,2014-05-28,,Zawisza,Gornik Zabrze,0,1,A,,,,,,,,,,,,,,,,,,,,0.4606,0.2864,0.253,1,,,,2.4,3.7,3.86,,,,,-0.017,-1,,,,,0,0,,,,-0.0768,,,,,,,,,,,
spelad,EK,2013/14,2014-05-31,,Cracovia,Jagiellonia,2,2,D,,,,,,,,,,,,,,,,,,,,0.481,0.2855,0.2336,1,,,,2.2,3.56,4.18,,,,,-0.2705,0,,,,,0,0,,,,-0.0579,,,,,,,,,,,
spelad,EK,2013/14,2014-05-31,,Korona Kielce,Slask Wroclaw,1,5,A,,,,,,,,,,,,,,,,,,,,0.3513,0.2856,0.3631,1,,,,2.78,3.44,2.7,,,,,-0.7112,0,4,-0.75,-0.4606,0.466,0,0,,,,-0.0091,,,,,,,,,,,
spelad,EK,2013/14,2014-05-31,,Piast Gliwice,Podbeskidzie,2,2,D,,,,,,,,,,,,,,,,,,,,0.4132,0.2701,0.3166,1,,,,2.4,3.61,3.3,,,,,-0.6318,-1,4,2.25,0.9448,-0.0393,0,0,,,,0.0108,,,,,,,,,,,
spelad,EK,2013/14,2014-05-31,,Zaglebie,Widzew Lodz,0,3,A,,,,,,,,,,,,,,,,,,,,0.4143,0.2915,0.2942,1,,,,2.35,3.4,3.5,,,,,-1.5288,1,4,0,-0.393,0.2013,0,0,,,,0.0219,,,,,,,,,,,
spelad,EK,2013/14,2014-06-01,,Gornik Zabrze,Lechia Gdansk,0,2,A,,,,,,,,,,,,,,,,,,,,0.3575,0.2837,0.3588,1,,,,2.73,3.5,3.1,,,,,-0.0067,0,4,1.5,0.6352,0.2032,0,0,,,,0.0723,,,,,,,,,,,
spelad,EK,2013/14,2014-06-01,,Legia,Lech Poznan,2,0,H,,,,,,,,,,,,,,,,,,,,0.4378,0.2742,0.288,1,,,,2.23,3.59,3.75,,,,,0.2905,0,4,2.25,1.0188,-0.0509,0,0,,,,0.0228,,,,,,,,,,,
spelad,EK,2013/14,2014-06-01,,Ruch Chorzow,Pogon Szczecin,0,0,D,,,,,,,,,,,,,,,,,,,,0.4882,0.2683,0.2435,1,,,,2.01,3.7,4.15,,,,,1.196,0,4,-2.25,-1.0637,-0.0515,0,0,,,,-0.0001,,,,,,,,,,,
spelad,EK,2013/14,2014-06-01,,Wisla,Zawisza,2,1,H,,,,,,,,,,,,,,,,,,,,0.4038,0.284,0.3122,1,,,,2.42,3.44,3.5,,,,,-0.0275,0,,,,,0,0,,,,0.0377,,,,,,,,,,,
spelad,EK,2014/15,2014-07-18,,Leczna,Wisla,1,1,D,,,,,,,,,,,,,,,,,,,,0.3288,0.311,0.3603,1,,,,3.05,3.4,2.71,,,,,,,,,,,1,0,,,,-0.0319,,,,,,,,,,,
spelad,EK,2014/15,2014-07-18,,Podbeskidzie,Pogon Szczecin,2,3,A,,,,,,,,,,,,,,,,,,,,0.4073,0.3174,0.2753,1,,,,2.4,3.25,3.55,,,,,1.5146,,4,-0.75,-0.1891,-0.0287,0,0,,,,-0.0079,,,,,,,,,,,
spelad,EK,2014/15,2014-07-19,,Jagiellonia,Lechia Gdansk,2,2,D,,,,,,,,,,,,,,,,,,,,0.2914,0.2932,0.4154,1,,,,3.5,3.35,2.41,,,,,-0.3544,,4,-1.5,-0.5708,-0.2956,0,0,,,,0.0476,,,,,,,,,,,
spelad,EK,2014/15,2014-07-19,,Legia,GKS Belchatow,0,1,A,,,,,,,,,,,,,,,,,,,,0.5475,0.2564,0.1961,1,,,,1.79,4.3,7.5,,,,,-0.309,,,,,,-1,0,,,,0.0347,,,,,,,,,,,
spelad,EK,2014/15,2014-07-20,,Lech Poznan,Piast Gliwice,4,0,H,,,,,,,,,,,,,,,,,,,,0.6086,0.2302,0.1612,1,,,,1.6,4.33,8,,,,,-0.1297,,4,3,1.171,-0.2715,0,0,,,,0.0104,,,,,,,,,,,
spelad,EK,2014/15,2014-07-20,,Slask Wroclaw,Ruch Chorzow,2,0,H,,,,,,,,,,,,,,,,,,,,0.4853,0.2819,0.2328,1,,,,2.2,3.46,4.19,,,,,0.6379,,4,0,-0.385,0.2154,0,0,,,,-0.0704,,,,,,,,,,,
spelad,EK,2014/15,2014-07-20,,Zawisza,Korona Kielce,2,0,H,,,,,,,,,,,,,,,,,,,,0.4303,0.296,0.2736,1,,,,2.27,3.35,3.7,,,,,-0.4889,,,,,,0,0,,,,-0.0015,,,,,,,,,,,
spelad,EK,2014/15,2014-07-21,,Gornik Zabrze,Cracovia,2,0,H,,,,,,,,,,,,,,,,,,,,0.4109,0.2848,0.3043,1,,,,2.44,3.42,3.6,,,,,0.9247,,,,,,0,0,,,,0.0134,,,,,,,,,,,
spelad,EK,2014/15,2014-07-25,,GKS Belchatow,Korona Kielce,2,0,H,,,,,,,,,,,,,,,,,,,,0.4904,0.2879,0.2218,1,,,,1.99,3.45,4.6,,,,,1.7586,1,,,,,1,0,,,,-0.0242,,,,,,,,,,,
spelad,EK,2014/15,2014-07-25,,Lechia Gdansk,Podbeskidzie,1,0,H,,,,,,,,,,,,,,,,,,,,0.5948,0.2451,0.1602,1,,,,1.7,4.2,6.2,,,,,-0.1031,-1,4,-0.75,-0.5953,-0.0462,0,0,,,,-0.0461,,,,,,,,,,,
spelad,EK,2014/15,2014-07-26,,Cracovia,Legia,1,3,A,,,,,,,,,,,,,,,,,,,,0.2223,0.2907,0.4869,1,,,,4.38,3.6,2.27,,,,,-1.0516,-2,,,,,0,0,,,,0.0855,,,,,,,,,,,
spelad,EK,2014/15,2014-07-26,,Pogon Szczecin,Slask Wroclaw,4,1,H,,,,,,,,,,,,,,,,,,,,0.3435,0.3178,0.3387,1,,,,2.84,3.2,3.1,,,,,-1.3612,2,4,-1.5,-0.5895,0.2186,0,0,,,,0.0509,,,,,,,,,,,
spelad,EK,2014/15,2014-07-27,,Gornik Zabrze,Lech Poznan,1,1,D,,,,,,,,,,,,,,,,,,,,0.2315,0.3065,0.462,1,,,,4.4,3.4,2.13,,,,,0.4064,-1,5,-2.4,-0.7436,-0.0722,0,0,,,,0.0359,,,,,,,,,,,
spelad,EK,2014/15,2014-07-27,,Ruch Chorzow,Leczna,1,2,A,,,,,,,,,,,,,,,,,,,,0.4538,0.2921,0.2541,1,,,,2.33,3.41,3.85,,,,,,-2,,,,,-1,0,,,,-0.0476,,,,,,,,,,,
spelad,EK,2014/15,2014-07-27,,Zawisza,Jagiellonia,1,3,A,,,,,,,,,,,,,,,,,,,,0.4761,0.2805,0.2434,1,,,,2.1,3.49,4.5,,,,,-0.1936,-1,,,,,0,0,,,,-0.0176,,,,,,,,,,,
spelad,EK,2014/15,2014-07-28,,Wisla,Piast Gliwice,1,1,D,,,,,,,,,,,,,,,,,,,,0.4956,0.2698,0.2346,1,,,,2.05,3.7,5.15,,,,,-0.1582,2,4,0,-0.1393,-0.2903,0,0,,,,0.0079,,,,,,,,,,,
spelad,EK,2014/15,2014-08-01,,Jagiellonia,Cracovia,2,1,H,,,,,,,,,,,,,,,,,,,,0.4694,0.275,0.2556,1,,,,2.21,3.6,4.2,,,,,0.6573,-1,3,-2,-1.0024,0.0346,0,0,,,,-0.0313,,,,,,,,,,,
spelad,EK,2014/15,2014-08-01,,Piast Gliwice,Lechia Gdansk,1,3,A,,,,,,,,,,,,,,,,,,,,0.2361,0.2859,0.478,1,,,,4.14,3.42,2.39,,,,,-0.1581,-3,4,0.75,0.5603,-0.0472,0,0,,,,0.055,,,,,,,,,,,
spelad,EK,2014/15,2014-08-02,,Korona Kielce,Pogon Szczecin,2,2,D,,,,,,,,,,,,,,,,,,,,0.3086,0.3029,0.3885,1,,,,3.16,3.25,2.65,,,,,-0.2638,1,4,-0.75,-0.3025,-0.0411,0,0,,,,0.0277,,,,,,,,,,,
spelad,EK,2014/15,2014-08-02,,Legia,Gornik Zabrze,1,1,D,,,,,,,,,,,,,,,,,,,,0.5769,0.25,0.1732,1,,,,1.71,4,5.9,,,,,-0.1162,1,5,2.4,0.7319,-0.0671,0,0,,,,-0.0087,,,,,,,,,,,
spelad,EK,2014/15,2014-08-03,,Lech Poznan,Wisla,2,3,A,,,,,,,,,,,,,,,,,,,,0.6055,0.2413,0.1533,1,,,,1.7,4.04,6.37,,,,,-0.0738,1,5,1.8,0.5914,-0.2668,0,0,,,,-0.0782,,,,,,,,,,,
spelad,EK,2014/15,2014-08-03,,Podbeskidzie,Ruch Chorzow,3,0,H,,,,,,,,,,,,,,,,,,,,0.4451,0.2901,0.2649,1,,,,2.25,3.4,3.71,,,,,0.3253,2,4,0.75,0.6289,-0.0449,0,0,,,,-0.0293,,,,,,,,,,,
spelad,EK,2014/15,2014-08-03,,Slask Wroclaw,Zawisza,2,1,H,,,,,,,,,,,,,,,,,,,,0.4662,0.2944,0.2394,1,,,,2.2,3.4,4.11,,,,,0.9111,1,,,,,0,0,,,,-0.0393,,,,,,,,,,,
spelad,EK,2014/15,2014-08-04,,Leczna,GKS Belchatow,1,1,D,,,,,,,,,,,,,,,,,,,,0.3371,0.3112,0.3517,1,,,,3.05,3.25,2.8,,,,,,-2,,,,,0,0,,,,-0.0061,,,,,,,,,,,
spelad,EK,2014/15,2014-08-08,,Cracovia,Korona Kielce,2,1,H,,,,,,,,,,,,,,,,,,,,0.4645,0.286,0.2495,1,,,,2.2,3.5,4.15,,,,,-0.0715,1,3,-2,-1.2997,0.0504,0,0,,,,-0.0293,,,,,,,,,,,
spelad,EK,2014/15,2014-08-08,,Gornik Zabrze,Jagiellonia,3,0,H,,,,,,,,,,,,,,,,,,,,0.4296,0.2964,0.2739,1,,,,2.3,3.4,3.56,,,,,0.0104,-1,4,0,-0.2912,0.2154,0,0,,,,-0.0316,,,,,,,,,,,
spelad,EK,2014/15,2014-08-09,,GKS Belchatow,Slask Wroclaw,2,0,H,,,,,,,,,,,,,,,,,,,,0.369,0.3007,0.3303,1,,,,2.64,3.3,3.05,,,,,0.1644,-1,,,,,1,0,,,,0.0077,,,,,,,,,,,
spelad,EK,2014/15,2014-08-09,,Legia,Leczna,5,0,H,,,,,,,,,,,,,,,,,,,,0.6812,0.2099,0.1088,1,,,,1.48,4.7,9.19,,,,,,2,,,,,-1,0,,,,-0.0554,,,,,,,,,,,
spelad,EK,2014/15,2014-08-10,,Lechia Gdansk,Lech Poznan,1,2,A,,,,,,,,,,,,,,,,,,,,0.4014,0.2869,0.3117,1,,,,2.44,3.4,3.25,,,,,1.2345,2,5,-0.6,0.2458,-0.2862,0,0,,,,-0.0017,,,,,,,,,,,
spelad,EK,2014/15,2014-08-10,,Wisla,Ruch Chorzow,2,2,D,,,,,,,,,,,,,,,,,,,,0.5804,0.2533,0.1664,1,,,,1.8,3.9,5.86,,,,,0.318,0,5,0,-0.2256,0.3005,0,0,,,,-0.0753,,,,,,,,,,,
spelad,EK,2014/15,2014-08-10,,Zawisza,Podbeskidzie,1,2,A,,,,,,,,,,,,,,,,,,,,0.4533,0.2875,0.2592,1,,,,2.25,3.39,3.76,,,,,-0.4713,0,,,,,0,0,,,,-0.0658,,,,,,,,,,,
spelad,EK,2014/15,2014-08-11,,Pogon Szczecin,Piast Gliwice,0,0,D,,,,,,,,,,,,,,,,,,,,0.614,0.2381,0.1479,1,,,,1.7,4.1,6.6,,,,,-0.3522,-1,4,-0.75,-0.4144,-0.0481,0,0,,,,-0.0556,,,,,,,,,,,
spelad,EK,2014/15,2014-08-15,,Jagiellonia,Legia,0,3,A,,,,,,,,,,,,,,,,,,,,0.1372,0.2382,0.6246,1,,,,7.1,4.2,1.73,,,,,-0.1055,1,4,0,0.7672,-0.2429,0,0,,,,0.0757,,,,,,,,,,,
spelad,EK,2014/15,2014-08-15,,Korona Kielce,Gornik Zabrze,0,3,A,,,,,,,,,,,,,,,,,,,,0.3354,0.2976,0.367,1,,,,3.1,3.28,2.66,,,,,-1.4451,0,4,0,0.0858,0.2178,0,0,,,,-0.0179,,,,,,,,,,,
spelad,EK,2014/15,2014-08-16,,Lech Poznan,Pogon Szczecin,1,1,D,,,,,,,,,,,,,,,,,,,,0.5583,0.2531,0.1886,1,,,,1.83,3.89,5.18,,,,,-0.3256,1,5,-0.6,-0.8791,0.1317,0,0,,,,-0.0476,,,,,,,,,,,
spelad,EK,2014/15,2014-08-16,,Leczna,Zawisza,5,2,H,,,,,,,,,,,,,,,,,,,,0.3654,0.3157,0.3188,1,,,,2.67,3.25,3.06,,,,,,1,,,,,1,0,,,,0.0056,,,,,,,,,,,
spelad,EK,2014/15,2014-08-16,,Piast Gliwice,Ruch Chorzow,0,1,A,,,,,,,,,,,,,,,,,,,,0.3036,0.2971,0.3994,1,,,,3.21,3.28,2.6,,,,,0.3949,-1,4,0,0.2182,-0.2901,0,0,,,,0.0408,,,,,,,,,,,
spelad,EK,2014/15,2014-08-17,,Slask Wroclaw,Cracovia,0,0,D,,,,,,,,,,,,,,,,,,,,0.4877,0.2829,0.2294,1,,,,1.99,3.45,4.4,,,,,0.6796,-1,3,1,0.2163,-0.2635,0,0,,,,-0.0077,,,,,,,,,,,
spelad,EK,2014/15,2014-08-17,,Wisla,Lechia Gdansk,3,1,H,,,,,,,,,,,,,,,,,,,,0.3546,0.3019,0.3434,1,,,,2.75,3.26,2.96,,,,,-0.2937,0,5,1.2,0.4327,0.3039,0,0,,,,0.0053,,,,,,,,,,,
spelad,EK,2014/15,2014-08-18,,Podbeskidzie,GKS Belchatow,1,1,D,,,,,,,,,,,,,,,,,,,,0.3912,0.3082,0.3006,1,,,,2.6,3.2,3.24,,,,,-0.4193,-1,,,,,-1,0,,,,-0.0264,,,,,,,,,,,
spelad,EK,2014/15,2014-08-22,,Pogon Szczecin,Wisla,0,3,A,,,,,,,,,,,,,,,,,,,,0.4133,0.2947,0.292,1,,,,2.38,3.4,3.45,,,,,-0.0485,1,5,-1.2,-0.3346,-0.1032,0,0,,,,0.0121,,,,,,,,,,,
spelad,EK,2014/15,2014-08-22,,Zawisza,Lechia Gdansk,0,2,A,,,,,,,,,,,,,,,,,,,,0.2891,0.2874,0.4236,1,,,,3.4,3.4,2.4,,,,,-0.8127,1,3,-1,-0.6041,0.3737,0,0,,,,0.0411,,,,,,,,,,,
spelad,EK,2014/15,2014-08-23,,Cracovia,Podbeskidzie,1,3,A,,,,,,,,,,,,,,,,,,,,0.4347,0.2941,0.2712,1,,,,2.3,3.31,3.6,,,,,-0.8514,1,3,0,-0.3172,0.0458,0,0,,,,-0.0511,,,,,,,,,,,
spelad,EK,2014/15,2014-08-23,,Gornik Zabrze,Leczna,2,0,H,,,,,,,,,,,,,,,,,,,,0.4645,0.286,0.2495,1,,,,2.17,3.52,5.14,,,,,0.4334,1,,,,,-1,0,,,,0.0652,,,,,,,,,,,
spelad,EK,2014/15,2014-08-23,,Jagiellonia,Slask Wroclaw,1,3,A,,,,,,,,,,,,,,,,,,,,0.3812,0.2957,0.3231,1,,,,2.8,3.32,3.02,,,,,-0.5165,2,5,0,0.2663,-0.0817,0,0,,,,-0.0305,,,,,,,,,,,
spelad,EK,2014/15,2014-08-24,,Legia,Korona Kielce,2,0,H,,,,,,,,,,,,,,,,,,,,0.6698,0.2093,0.1209,1,,,,1.5,5.6,12,,,,,0.8826,0,4,1.5,0.2523,-0.2539,0,0,,,,-0.0377,,,,,,,,,,,
spelad,EK,2014/15,2014-08-24,,Ruch Chorzow,Lech Poznan,0,0,D,,,,,,,,,,,,,,,,,,,,0.262,0.2825,0.4555,1,,,,4.1,3.5,2.14,,,,,0.1827,0,5,-2.4,-0.7334,-0.0743,0,0,,,,-0.0109,,,,,,,,,,,
spelad,EK,2014/15,2014-08-25,,GKS Belchatow,Piast Gliwice,0,0,D,,,,,,,,,,,,,,,,,,,,0.5282,0.2768,0.195,1,,,,2,3.53,5.01,,,,,0.9878,-2,,,,,1,0,,,,-0.0903,,,,,,,,,,,
spelad,EK,2014/15,2014-08-29,,Piast Gliwice,Zawisza,3,0,H,,,,,,,,,,,,,,,,,,,,0.3648,0.2981,0.3371,1,,,,2.8,3.3,3.1,,,,,0.4793,-3,,,,,0,0,,,,0.0205,,,,,,,,,,,
spelad,EK,2014/15,2014-08-29,,Wisla,GKS Belchatow,1,0,H,,,,,,,,,,,,,,,,,,,,0.4948,0.2753,0.2299,1,,,,2.03,3.54,4.69,,,,,0.1325,3,,,,,-1,0,,,,0.0019,,,,,,,,,,,
spelad,EK,2014/15,2014-08-30,,Korona Kielce,Jagiellonia,0,3,A,,,,,,,,,,,,,,,,,,,,0.3694,0.3077,0.3229,1,,,,2.68,3.4,3.05,,,,,-0.808,-1,5,1.2,0.4389,0.3093,0,0,,,,0.0132,,,,,,,,,,,
spelad,EK,2014/15,2014-08-30,,Leczna,Pogon Szczecin,4,2,H,,,,,,,,,,,,,,,,,,,,0.3757,0.2987,0.3256,1,,,,2.7,3.28,3.05,,,,,0.2981,-1,,,,,1,0,,,,-0.0075,,,,,,,,,,,
spelad,EK,2014/15,2014-08-30,,Slask Wroclaw,Gornik Zabrze,2,0,H,,,,,,,,,,,,,,,,,,,,0.4282,0.2846,0.2872,1,,,,2.38,3.43,3.46,,,,,-0.3784,0,4,-0.75,-0.3751,-0.0394,0,0,,,,-0.003,,,,,,,,,,,
spelad,EK,2014/15,2014-08-31,,Lech Poznan,Cracovia,1,1,D,,,,,,,,,,,,,,,,,,,,0.6473,0.2247,0.1279,1,,,,1.51,4.5,8,,,,,0.4026,-1,,,,,0,0,,,,-0.0327,,,,,,,,,,,
spelad,EK,2014/15,2014-08-31,,Lechia Gdansk,Ruch Chorzow,3,3,D,,,,,,,,,,,,,,,,,,,,0.6179,0.2416,0.1405,1,,,,1.6,4.15,6.98,,,,,0.5673,2,5,0.6,0.092,0.4999,0,0,,,,-0.0389,,,,,,,,,,,
spelad,EK,2014/15,2014-08-31,,Podbeskidzie,Legia,2,1,H,,,,,,,,,,,,,,,,,,,,0.1974,0.2538,0.5489,1,,,,6,4,1.79,,,,,-0.0164,1,4,-1.5,0.1791,-0.2102,0,0,,,,-0.0366,,,,,,,,,,,
spelad,EK,2014/15,2014-09-12,,Pogon Szczecin,Ruch Chorzow,1,1,D,,,,,,,,,,,,,,,,,,,,0.4766,0.2677,0.2558,1,,,,2.1,3.65,4,,,,,0.2203,1,5,1.8,0.8924,0.1051,0,0,,,,-0.0349,,,,,,,,,,,
spelad,EK,2014/15,2014-09-12,,Zawisza,Wisla,2,4,A,,,,,,,,,,,,,,,,,,,,0.3185,0.2962,0.3852,1,,,,3.3,3.7,2.53,,,,,-1.7847,0,3,1,0.7389,-0.3012,0,0,,,,-0.01,,,,,,,,,,,
spelad,EK,2014/15,2014-09-13,,Cracovia,Leczna,2,1,H,,,,,,,,,,,,,,,,,,,,0.4,0.294,0.306,1,,,,2.44,3.32,3.4,,,,,-0.8896,-1,,,,,-1,0,,,,-0.0117,,,,,,,,,,,
spelad,EK,2014/15,2014-09-13,,Jagiellonia,Lech Poznan,1,0,H,,,,,,,,,,,,,,,,,,,,0.2632,0.2839,0.4529,1,,,,3.85,3.5,2.2,,,,,0.6973,1,4,0,0.7255,-0.2564,0,0,,,,0.0157,,,,,,,,,,,
spelad,EK,2014/15,2014-09-13,,Legia,Slask Wroclaw,4,3,H,,,,,,,,,,,,,,,,,,,,0.6767,0.2078,0.1155,1,,,,1.59,5,9.5,,,,,-0.4615,-1,4,0.75,-0.0507,-0.0159,0,0,,,,-0.0255,,,,,,,,,,,
spelad,EK,2014/15,2014-09-14,,GKS Belchatow,Lechia Gdansk,1,1,D,,,,,,,,,,,,,,,,,,,,0.3305,0.3057,0.3638,1,,,,2.95,3.25,2.86,,,,,0.4319,2,,,,,1,0,,,,0.0113,,,,,,,,,,,
spelad,EK,2014/15,2014-09-14,,Gornik Zabrze,Piast Gliwice,1,2,A,,,,,,,,,,,,,,,,,,,,0.5276,0.2638,0.2086,1,,,,1.85,3.75,5.5,,,,,0.6102,-1,4,1.5,0.6533,-0.2913,0,0,,,,0.0143,,,,,,,,,,,
spelad,EK,2014/15,2014-09-15,,Korona Kielce,Podbeskidzie,2,1,H,,,,,,,,,,,,,,,,,,,,0.3548,0.2812,0.364,1,,,,2.94,3.55,2.75,,,,,-1.5443,1,5,1.2,0.403,-0.0908,0,0,,,,0.0014,,,,,,,,,,,
spelad,EK,2014/15,2014-09-19,,Lechia Gdansk,Pogon Szczecin,0,1,A,,,,,,,,,,,,,,,,,,,,0.4538,0.2804,0.2658,1,,,,2.19,3.55,4.2,,,,,0.0255,-2,5,0.6,0.2544,0.1037,0,0,,,,0.0244,,,,,,,,,,,
spelad,EK,2014/15,2014-09-19,,Slask Wroclaw,Korona Kielce,1,0,H,,,,,,,,,,,,,,,,,,,,0.6098,0.2439,0.1463,1,,,,1.72,4.1,6.67,,,,,0.8475,2,5,1.2,0.3207,0.3157,0,0,,,,-0.0799,,,,,,,,,,,
spelad,EK,2014/15,2014-09-20,,Lech Poznan,Zawisza,6,2,H,,,,,,,,,,,,,,,,,,,,0.6416,0.2216,0.1368,1,,,,1.53,4.5,8,,,,,0.4412,-1,3,2,0.6044,0.0552,0,0,,,,-0.0113,,,,,,,,,,,
spelad,EK,2014/15,2014-09-20,,Piast Gliwice,Cracovia,4,2,H,,,,,,,,,,,,,,,,,,,,0.3901,0.3126,0.2973,1,,,,2.5,3.3,3.5,,,,,0.3542,-1,3,2,1.1202,0.0339,0,0,,,,0.0278,,,,,,,,,,,
spelad,EK,2014/15,2014-09-20,,Podbeskidzie,Gornik Zabrze,0,3,A,,,,,,,,,,,,,,,,,,,,0.4015,0.2983,0.3002,1,,,,2.46,3.3,3.45,,,,,0.0225,-1,4,-1.5,-0.1788,-0.271,0,0,,,,-0.0256,,,,,,,,,,,
spelad,EK,2014/15,2014-09-21,,Ruch Chorzow,GKS Belchatow,0,1,A,,,,,,,,,,,,,,,,,,,,0.3923,0.3161,0.2916,1,,,,2.49,3.25,3.4,,,,,-0.5026,2,,,,,-1,0,,,,-0.0078,,,,,,,,,,,
spelad,EK,2014/15,2014-09-21,,Wisla,Legia,0,3,A,,,,,,,,,,,,,,,,,,,,0.3328,0.2991,0.368,1,,,,3.3,3.35,2.65,,,,,0.8452,1,5,-1.2,-0.002,-0.0575,0,0,,,,-0.0363,,,,,,,,,,,
spelad,EK,2014/15,2014-09-22,,Leczna,Jagiellonia,0,0,D,,,,,,,,,,,,,,,,,,,,0.4501,0.2881,0.2618,1,,,,2.2,3.46,4.1,,,,,-0.2345,0,,,,,1,0,,,,-0.0244,,,,,,,,,,,
spelad,EK,2014/15,2014-09-26,,Korona Kielce,Piast Gliwice,1,0,H,,,,,,,,,,,,,,,,,,,,0.3997,0.3048,0.2955,1,,,,2.44,3.3,3.5,,,,,-1.0065,1,5,0.6,0.1929,0.1011,0,0,,,,0.0218,,,,,,,,,,,
spelad,EK,2014/15,2014-09-26,,Slask Wroclaw,Leczna,2,1,H,,,,,,,,,,,,,,,,,,,,0.5325,0.2606,0.2069,1,,,,1.91,3.76,4.9,,,,,0.0137,3,,,,,-1,0,,,,-0.0353,,,,,,,,,,,
spelad,EK,2014/15,2014-09-27,,GKS Belchatow,Pogon Szczecin,1,0,H,,,,,,,,,,,,,,,,,,,,0.3885,0.3115,0.3,1,,,,2.62,3.25,3.3,,,,,0.4054,-2,,,,,1,0,,,,-0.0374,,,,,,,,,,,
spelad,EK,2014/15,2014-09-27,,Legia,Lech Poznan,2,2,D,,,,,,,,,,,,,,,,,,,,0.5565,0.2491,0.1944,1,,,,1.77,3.92,5.7,,,,,0.9559,-1,5,2.4,1.0975,-0.0956,0,0,,,,0.0126,,,,,,,,,,,
spelad,EK,2014/15,2014-09-27,,Zawisza,Ruch Chorzow,1,1,D,,,,,,,,,,,,,,,,,,,,0.3912,0.3073,0.3016,1,,,,2.64,3.4,3.24,,,,,-0.968,1,3,-3,-1.2448,-0.2971,0,0,,,,-0.0174,,,,,,,,,,,
spelad,EK,2014/15,2014-09-28,,Cracovia,Wisla,1,0,H,,,,,,,,,,,,,,,,,,,,0.2649,0.2919,0.4432,1,,,,3.68,3.4,2.4,,,,,-0.8822,1,,,,,0,0,,,,0.0594,,,,,,,,,,,
spelad,EK,2014/15,2014-09-28,,Gornik Zabrze,Lechia Gdansk,2,2,D,,,,,,,,,,,,,,,,,,,,0.3723,0.2992,0.3284,1,,,,2.62,3.31,3.18,,,,,0.7049,-1,5,0.6,0.2369,0.1058,0,0,,,,0.0317,,,,,,,,,,,
spelad,EK,2014/15,2014-09-29,,Jagiellonia,Podbeskidzie,4,2,H,,,,,,,,,,,,,,,,,,,,0.3965,0.2869,0.3167,1,,,,2.46,3.4,3.3,,,,,0.0503,-2,5,0,-0.2171,-0.0855,0,0,,,,0.0254,,,,,,,,,,,
spelad,EK,2014/15,2014-10-03,,Podbeskidzie,Slask Wroclaw,2,2,D,,,,,,,,,,,,,,,,,,,,0.36,0.3002,0.3399,1,,,,2.96,3.31,2.98,,,,,-0.1485,-3,5,-0.6,-0.0828,0.5263,0,0,,,,-0.0374,,,,,,,,,,,
spelad,EK,2014/15,2014-10-03,,Wisla,Jagiellonia,0,2,A,,,,,,,,,,,,,,,,,,,,0.5665,0.2537,0.1798,1,,,,1.86,3.84,5.5,,,,,0.1785,1,4,-0.75,-0.7348,0.4576,0,0,,,,-0.0741,,,,,,,,,,,
spelad,EK,2014/15,2014-10-04,,Lechia Gdansk,Cracovia,1,0,H,,,,,,,,,,,,,,,,,,,,0.5698,0.2544,0.1759,1,,,,1.8,3.83,5.54,,,,,-0.6044,0,,,,,0,0,,,,-0.0655,,,,,,,,,,,
spelad,EK,2014/15,2014-10-04,,Leczna,Korona Kielce,1,0,H,,,,,,,,,,,,,,,,,,,,0.4874,0.2777,0.2349,1,,,,2.15,3.7,4.38,,,,,0.0781,0,,,,,0,0,,,,-0.0313,,,,,,,,,,,
spelad,EK,2014/15,2014-10-04,,Ruch Chorzow,Gornik Zabrze,1,2,A,,,,,,,,,,,,,,,,,,,,0.3657,0.3033,0.331,1,,,,2.67,3.29,3.12,,,,,-0.4704,1,5,-0.6,-0.1584,0.1042,0,0,,,,0.0171,,,,,,,,,,,
spelad,EK,2014/15,2014-10-05,,Lech Poznan,GKS Belchatow,5,0,H,,,,,,,,,,,,,,,,,,,,0.5994,0.2565,0.1441,1,,,,1.67,3.9,6.78,,,,,-0.7336,0,,,,,0,0,,,,-0.0548,,,,,,,,,,,
spelad,EK,2014/15,2014-10-05,,Piast Gliwice,Legia,3,1,H,,,,,,,,,,,,,,,,,,,,0.1865,0.2528,0.5607,1,,,,5.25,3.86,1.85,,,,,0.1654,1,4,-2.25,-0.4198,0.0231,0,0,,,,0.0321,,,,,,,,,,,
spelad,EK,2014/15,2014-10-05,,Pogon Szczecin,Zawisza,3,0,H,,,,,,,,,,,,,,,,,,,,0.5486,0.255,0.1965,1,,,,1.85,3.83,5.25,,,,,0.5746,0,3,-1,-0.758,0.3781,0,0,,,,-0.0455,,,,,,,,,,,
spelad,EK,2014/15,2014-10-17,,Cracovia,Ruch Chorzow,1,0,H,,,,,,,,,,,,,,,,,,,,0.4473,0.292,0.2607,1,,,,2.3,3.45,3.8,,,,,0.3369,0,,,,,0,0,,,,-0.0484,,,,,,,,,,,
spelad,EK,2014/15,2014-10-17,,Legia,Lechia Gdansk,1,0,H,,,,,,,,,,,,,,,,,,,,0.6325,0.216,0.1515,1,,,,1.61,4.9,6.43,,,,,0.4731,-1,5,0.6,-0.1351,-0.2567,0,0,,,,-0.0699,,,,,,,,,,,
spelad,EK,2014/15,2014-10-18,,Jagiellonia,Pogon Szczecin,5,0,H,,,,,,,,,,,,,,,,,,,,0.4223,0.2803,0.2974,1,,,,2.42,3.48,3.28,,,,,0.837,2,4,0,-0.0923,0.2024,0,0,,,,-0.0494,,,,,,,,,,,
spelad,EK,2014/15,2014-10-18,,Podbeskidzie,Leczna,1,0,H,,,,,,,,,,,,,,,,,,,,0.3798,0.3022,0.318,1,,,,2.64,3.35,3.85,,,,,0.1108,1,,,,,0,0,,,,0.0443,,,,,,,,,,,
spelad,EK,2014/15,2014-10-18,,Slask Wroclaw,Piast Gliwice,3,0,H,,,,,,,,,,,,,,,,,,,,0.5955,0.2498,0.1548,1,,,,1.8,3.96,6.31,,,,,-0.3946,2,5,-1.2,-0.9985,0.3147,0,0,,,,-0.0742,,,,,,,,,,,
spelad,EK,2014/15,2014-10-19,,Gornik Zabrze,Wisla,0,5,A,,,,,,,,,,,,,,,,,,,,0.3723,0.3058,0.3219,1,,,,2.72,3.4,3.04,,,,,0.5059,-1,5,1.2,0.6397,-0.0965,0,0,,,,0.0089,,,,,,,,,,,
spelad,EK,2014/15,2014-10-19,,Korona Kielce,Lech Poznan,2,2,D,,,,,,,,,,,,,,,,,,,,0.1727,0.2696,0.5577,1,,,,6,3.7,1.83,,,,,-0.2749,1,4,-1.5,-0.1445,-0.263,0,0,,,,0.0285,,,,,,,,,,,
spelad,EK,2014/15,2014-10-20,,Zawisza,GKS Belchatow,2,1,H,,,,,,,,,,,,,,,,,,,,0.4017,0.306,0.2923,1,,,,2.5,3.3,3.34,,,,,-1.3118,0,,,,,0,0,,,,-0.0215,,,,,,,,,,,
spelad,EK,2014/15,2014-10-24,,GKS Belchatow,Gornik Zabrze,1,0,H,,,,,,,,,,,,,,,,,,,,0.3942,0.3123,0.2935,1,,,,2.52,3.2,3.33,,,,,-0.3085,-1,,,,,0,0,,,,-0.0081,,,,,,,,,,,
spelad,EK,2014/15,2014-10-24,,Wisla,Podbeskidzie,3,2,H,,,,,,,,,,,,,,,,,,,,0.5387,0.2607,0.2006,1,,,,1.82,4,5,,,,,0.3097,-1,4,-0.75,-1.002,0.4626,0,0,,,,0.0054,,,,,,,,,,,
spelad,EK,2014/15,2014-10-25,,Lechia Gdansk,Slask Wroclaw,1,4,A,,,,,,,,,,,,,,,,,,,,0.4496,0.2983,0.2521,1,,,,2.38,3.5,3.87,,,,,-0.9401,1,4,-2.25,-1.0581,-0.0482,0,0,,,,-0.053,,,,,,,,,,,
spelad,EK,2014/15,2014-10-25,,Piast Gliwice,Jagiellonia,0,2,A,,,,,,,,,,,,,,,,,,,,0.3066,0.3018,0.3916,1,,,,3.18,3.35,2.66,,,,,-0.2779,0,5,0.6,0.3655,0.1151,0,0,,,,0.0304,,,,,,,,,,,
spelad,EK,2014/15,2014-10-25,,Pogon Szczecin,Cracovia,2,1,H,,,,,,,,,,,,,,,,,,,,0.4688,0.2946,0.2367,1,,,,2.17,3.5,4.12,,,,,-0.5388,-1,,,,,0,0,,,,-0.0442,,,,,,,,,,,
spelad,EK,2014/15,2014-10-26,,Lech Poznan,Leczna,1,0,H,,,,,,,,,,,,,,,,,,,,0.6431,0.2187,0.1383,1,,,,1.52,4.5,8.5,,,,,-0.3453,-1,,,,,0,0,,,,-0.0035,,,,,,,,,,,
spelad,EK,2014/15,2014-10-26,,Zawisza,Legia,1,2,A,,,,,,,,,,,,,,,,,,,,0.168,0.233,0.599,1,,,,5.81,4.33,1.73,,,,,-0.7022,-3,3,-1,0.2919,-0.2426,0,0,,,,0.041,,,,,,,,,,,
spelad,EK,2014/15,2014-10-27,,Ruch Chorzow,Korona Kielce,0,1,A,,,,,,,,,,,,,,,,,,,,0.4475,0.3049,0.2476,1,,,,2.25,3.4,3.95,,,,,-0.1059,2,4,0.75,0.3742,-0.0437,0,0,,,,-0.0097,,,,,,,,,,,
spelad,EK,2014/15,2014-10-31,,Korona Kielce,Wisla,3,2,H,,,,,,,,,,,,,,,,,,,,0.3077,0.2974,0.3949,1,,,,3.44,3.4,2.47,,,,,-0.1169,-3,4,-2.25,-0.962,-0.0471,0,0,,,,-0.0392,,,,,,,,,,,
spelad,EK,2014/15,2014-10-31,,Leczna,Lechia Gdansk,1,1,D,,,,,,,,,,,,,,,,,,,,0.3939,0.3082,0.2979,1,,,,2.65,3.25,3.28,,,,,0.0546,-1,,,,,0,0,,,,-0.0592,,,,,,,,,,,
spelad,EK,2014/15,2014-11-02,,Cracovia,Zawisza,1,0,H,,,,,,,,,,,,,,,,,,,,0.4514,0.2778,0.2708,1,,,,2.19,3.51,3.85,,,,,0.6886,1,,,,,0,0,,,,-0.0071,,,,,,,,,,,
spelad,EK,2014/15,2014-11-02,,Gornik Zabrze,Pogon Szczecin,1,1,D,,,,,,,,,,,,,,,,,,,,0.4217,0.2857,0.2926,1,,,,2.38,3.41,3.5,,,,,0.0465,1,5,0,-0.1377,0.3023,0,0,,,,-0.0194,,,,,,,,,,,
spelad,EK,2014/15,2014-11-02,,Legia,Ruch Chorzow,2,1,H,,,,,,,,,,,,,,,,,,,,0.6214,0.2403,0.1384,1,,,,1.6,4.5,10,,,,,0.7296,1,5,0,-0.7134,-0.0267,0,0,,,,-0.019,,,,,,,,,,,
spelad,EK,2014/15,2014-11-02,,Slask Wroclaw,Lech Poznan,1,1,D,,,,,,,,,,,,,,,,,,,,0.3063,0.2961,0.3976,1,,,,3.18,3.35,2.85,,,,,1.1065,1,4,0.75,0.5416,-0.0306,0,0,,,,0.072,,,,,,,,,,,
spelad,EK,2014/15,2014-11-03,,Jagiellonia,GKS Belchatow,0,1,A,,,,,,,,,,,,,,,,,,,,0.5046,0.2668,0.2286,1,,,,2.04,3.65,4.3,,,,,1.0002,-1,,,,,0,0,,,,-0.0506,,,,,,,,,,,
spelad,EK,2014/15,2014-11-03,,Podbeskidzie,Piast Gliwice,2,4,A,,,,,,,,,,,,,,,,,,,,0.4696,0.2721,0.2584,1,,,,2.28,3.59,3.8,,,,,-0.5231,1,5,-1.8,-0.7684,0.1145,0,0,,,,-0.0556,,,,,,,,,,,
spelad,EK,2014/15,2014-11-07,,Lech Poznan,Podbeskidzie,1,1,D,,,,,,,,,,,,,,,,,,,,0.6817,0.2057,0.1126,1,,,,1.5,4.9,8.75,,,,,0.2377,1,4,0.75,-0.3707,0.0221,0,0,,,,-0.0549,,,,,,,,,,,
spelad,EK,2014/15,2014-11-07,,Piast Gliwice,Leczna,0,0,D,,,,,,,,,,,,,,,,,,,,0.3823,0.2991,0.3186,1,,,,2.6,3.35,3.1,,,,,1.0657,-3,,,,,0,0,,,,0.0034,,,,,,,,,,,
spelad,EK,2014/15,2014-11-08,,GKS Belchatow,Cracovia,1,1,D,,,,,,,,,,,,,,,,,,,,0.4373,0.3067,0.256,1,,,,2.3,3.4,4.15,,,,,0.0247,-1,,,,,0,0,,,,-0.0076,,,,,,,,,,,
spelad,EK,2014/15,2014-11-08,,Lechia Gdansk,Korona Kielce,1,2,A,,,,,,,,,,,,,,,,,,,,0.5707,0.2568,0.1724,1,,,,1.75,3.8,5.7,,,,,-1.1144,0,4,0.75,0.3159,-0.0491,0,0,,,,-0.0529,,,,,,,,,,,
spelad,EK,2014/15,2014-11-08,,Wisla,Slask Wroclaw,1,1,D,,,,,,,,,,,,,,,,,,,,0.3948,0.2876,0.3176,1,,,,2.78,3.45,3.1,,,,,-0.7542,2,4,0.75,0.4318,-0.0412,0,0,,,,-0.0154,,,,,,,,,,,
spelad,EK,2014/15,2014-11-09,,Pogon Szczecin,Legia,2,1,H,,,,,,,,,,,,,,,,,,,,0.24,0.2677,0.4922,1,,,,4.15,3.64,2,,,,,-0.0696,0,5,-3,-0.8068,-0.2406,0,0,,,,0.0121,,,,,,,,,,,
spelad,EK,2014/15,2014-11-09,,Ruch Chorzow,Jagiellonia,5,2,H,,,,,,,,,,,,,,,,,,,,0.3915,0.3009,0.3076,1,,,,2.75,3.25,3.17,,,,,-1.8354,1,4,-0.75,-0.3117,-0.0379,0,0,,,,-0.0371,,,,,,,,,,,
spelad,EK,2014/15,2014-11-09,,Zawisza,Gornik Zabrze,1,2,A,,,,,,,,,,,,,,,,,,,,0.3997,0.2763,0.324,1,,,,2.55,3.53,3.12,,,,,-0.2233,0,3,-1,-0.3764,-0.2792,0,0,,,,-0.0366,,,,,,,,,,,
spelad,EK,2014/15,2014-11-21,,GKS Belchatow,Legia,0,3,A,,,,,,,,,,,,,,,,,,,,0.2135,0.2664,0.5201,1,,,,4.85,3.67,1.9,,,,,0.448,1,3,0,0.6447,0.1017,0,0,,,,0.0073,,,,,,,,,,,
spelad,EK,2014/15,2014-11-21,,Ruch Chorzow,Slask Wroclaw,1,0,H,,,,,,,,,,,,,,,,,,,,0.3231,0.2983,0.3786,1,,,,3.1,3.3,2.62,,,,,-1.0801,-1,5,-0.6,-0.0603,0.1159,0,0,,,,0.0229,,,,,,,,,,,
spelad,EK,2014/15,2014-11-22,,Korona Kielce,Zawisza,2,2,D,,,,,,,,,,,,,,,,,,,,0.4458,0.2897,0.2646,1,,,,2.33,3.5,4,,,,,1.5848,1,3,0,0.1538,0.0436,0,0,,,,0.0094,,,,,,,,,,,
spelad,EK,2014/15,2014-11-22,,Pogon Szczecin,Podbeskidzie,1,2,A,,,,,,,,,,,,,,,,,,,,0.4594,0.2815,0.259,1,,,,2.19,3.47,4,,,,,1.0136,-2,5,1.2,0.5456,-0.0865,0,0,,,,-0.011,,,,,,,,,,,
spelad,EK,2014/15,2014-11-22,,Wisla,Leczna,2,0,H,,,,,,,,,,,,,,,,,,,,0.4761,0.2805,0.2434,1,,,,2.07,3.6,4.78,,,,,0.2099,-1,,,,,0,0,,,,0.0494,,,,,,,,,,,
spelad,EK,2014/15,2014-11-23,,Lechia Gdansk,Jagiellonia,1,1,D,,,,,,,,,,,,,,,,,,,,0.5382,0.2662,0.1956,1,,,,2,3.7,4.98,,,,,-1.4164,1,5,1.2,0.5853,-0.0951,0,0,,,,-0.0649,,,,,,,,,,,
spelad,EK,2014/15,2014-11-23,,Piast Gliwice,Lech Poznan,3,2,H,,,,,,,,,,,,,,,,,,,,0.2219,0.275,0.5032,1,,,,4.9,3.6,1.96,,,,,0.7127,0,5,-3,-0.8623,-0.2633,0,0,,,,0.0043,,,,,,,,,,,
spelad,EK,2014/15,2014-11-24,,Cracovia,Gornik Zabrze,1,2,A,,,,,,,,,,,,,,,,,,,,0.4546,0.2841,0.2613,1,,,,2.3,3.55,3.8,,,,,0.4076,1,3,1,0.7766,-0.2899,0,0,,,,-0.0705,,,,,,,,,,,
spelad,EK,2014/15,2014-11-28,,Leczna,Ruch Chorzow,3,0,H,,,,,,,,,,,,,,,,,,,,0.4225,0.3079,0.2696,1,,,,2.31,3.35,3.8,,,,,-0.0849,-1,,,,,0,0,,,,0.0033,,,,,,,,,,,
spelad,EK,2014/15,2014-11-28,,Piast Gliwice,Wisla,0,0,D,,,,,,,,,,,,,,,,,,,,0.3153,0.2753,0.4094,1,,,,3.25,3.56,2.5,,,,,0.8534,-1,5,0,0.349,-0.0862,0,0,,,,0.0144,,,,,,,,,,,
spelad,EK,2014/15,2014-11-29,,Jagiellonia,Zawisza,0,0,D,,,,,,,,,,,,,,,,,,,,0.4837,0.2619,0.2544,1,,,,2.11,3.8,4.45,,,,,0.9538,-1,3,2,1.0956,0.042,0,0,,,,0.0171,,,,,,,,,,,
spelad,EK,2014/15,2014-11-29,,Korona Kielce,GKS Belchatow,2,0,H,,,,,,,,,,,,,,,,,,,,0.4015,0.2974,0.3011,1,,,,2.45,3.28,3.35,,,,,0.2358,-1,3,0,0.003,0.0366,0,0,,,,-0.0127,,,,,,,,,,,
spelad,EK,2014/15,2014-11-29,,Podbeskidzie,Lechia Gdansk,1,0,H,,,,,,,,,,,,,,,,,,,,0.3694,0.286,0.3446,1,,,,2.7,3.41,2.88,,,,,0.5691,1,5,0,0.3681,-0.086,0,0,,,,-0.0155,,,,,,,,,,,
spelad,EK,2014/15,2014-11-30,,Lech Poznan,Gornik Zabrze,3,0,H,,,,,,,,,,,,,,,,,,,,0.6733,0.2047,0.122,1,,,,1.5,4.77,10,,,,,-0.6567,1,6,2,0.5645,0.0554,0,0,,,,-0.0193,,,,,,,,,,,
spelad,EK,2014/15,2014-11-30,,Slask Wroclaw,Pogon Szczecin,1,1,D,,,,,,,,,,,,,,,,,,,,0.4955,0.2742,0.2302,1,,,,1.99,3.75,4.35,,,,,0.0804,1,5,0.6,0.0299,0.1113,0,0,,,,-0.0082,,,,,,,,,,,
spelad,EK,2014/15,2014-12-01,,Legia,Cracovia,2,0,H,,,,,,,,,,,,,,,,,,,,0.6982,0.1975,0.1043,1,,,,1.4,5.3,10.5,,,,,0.1238,3,3,3,1.0419,-0.2555,0,0,,,,-0.0297,,,,,,,,,,,
spelad,EK,2014/15,2014-12-05,,Gornik Zabrze,Legia,0,4,A,,,,,,,,,,,,,,,,,,,,0.1781,0.2338,0.5881,1,,,,5.9,4.15,1.75,,,,,0.1498,1,6,-2,-0.5156,0.0691,0,0,,,,0.0269,,,,,,,,,,,
spelad,EK,2014/15,2014-12-05,,Zawisza,Slask Wroclaw,0,1,A,,,,,,,,,,,,,,,,,,,,0.3481,0.2882,0.3637,1,,,,3.2,3.37,2.67,,,,,-0.541,1,3,1,0.8304,-0.2839,0,0,,,,-0.0587,,,,,,,,,,,
spelad,EK,2014/15,2014-12-06,,Cracovia,Jagiellonia,1,1,D,,,,,,,,,,,,,,,,,,,,0.4667,0.2852,0.2482,1,,,,2.14,3.75,4.2,,,,,-0.3136,-2,4,0.75,0.4654,-0.0428,0,0,,,,-0.0041,,,,,,,,,,,
spelad,EK,2014/15,2014-12-06,,GKS Belchatow,Leczna,1,1,D,,,,,,,,,,,,,,,,,,,,0.3779,0.3115,0.3105,1,,,,2.58,3.25,3.35,,,,,0.2899,-1,,,,,0,0,,,,-0.0042,,,,,,,,,,,
spelad,EK,2014/15,2014-12-06,,Pogon Szczecin,Korona Kielce,2,0,H,,,,,,,,,,,,,,,,,,,,0.4877,0.2779,0.2345,1,,,,2.1,3.51,4.16,,,,,-0.9146,-1,5,0.6,0.1812,0.1065,0,0,,,,-0.0729,,,,,,,,,,,
spelad,EK,2014/15,2014-12-07,,Lechia Gdansk,Piast Gliwice,3,1,H,,,,,,,,,,,,,,,,,,,,0.5695,0.2556,0.1748,1,,,,1.9,3.95,5.57,,,,,-1.0428,-1,5,0,-0.1544,-0.095,0,0,,,,-0.0474,,,,,,,,,,,
spelad,EK,2014/15,2014-12-07,,Wisla,Lech Poznan,1,2,A,,,,,,,,,,,,,,,,,,,,0.3063,0.2961,0.3976,1,,,,3.18,3.29,2.58,,,,,-0.0204,2,6,-1,0.1127,-0.2625,0,0,,,,0.0319,,,,,,,,,,,
spelad,EK,2014/15,2014-12-08,,Ruch Chorzow,Podbeskidzie,2,0,H,,,,,,,,,,,,,,,,,,,,0.378,0.2947,0.3273,1,,,,2.66,3.32,3.1,,,,,-0.5314,1,5,-1.2,-0.6841,-0.0939,0,0,,,,0.0109,,,,,,,,,,,
spelad,EK,2014/15,2014-12-12,,Korona Kielce,Cracovia,1,2,A,,,,,,,,,,,,,,,,,,,,0.3953,0.3042,0.3005,1,,,,2.47,3.35,3.45,,,,,0.881,0,4,0.75,0.6784,-0.0337,0,0,,,,-0.0011,,,,,,,,,,,
spelad,EK,2014/15,2014-12-12,,Slask Wroclaw,GKS Belchatow,2,1,H,,,,,,,,,,,,,,,,,,,,0.5773,0.2515,0.1712,1,,,,1.71,3.95,6.1,,,,,0.3813,1,3,-1,-0.6672,-0.2822,0,0,,,,-0.0342,,,,,,,,,,,
spelad,EK,2014/15,2014-12-13,,Jagiellonia,Gornik Zabrze,1,0,H,,,,,,,,,,,,,,,,,,,,0.4901,0.2709,0.239,1,,,,2.25,3.8,4.08,,,,,0.0877,-1,5,-0.6,-0.163,0.1131,0,0,,,,-0.0546,,,,,,,,,,,
spelad,EK,2014/15,2014-12-13,,Lech Poznan,Lechia Gdansk,1,0,H,,,,,,,,,,,,,,,,,,,,0.6067,0.2388,0.1545,1,,,,1.62,4.2,6.5,,,,,0.5292,0,6,1,0.33,-0.2864,0,0,,,,-0.0379,,,,,,,,,,,
spelad,EK,2014/15,2014-12-13,,Ruch Chorzow,Wisla,1,2,A,,,,,,,,,,,,,,,,,,,,0.3198,0.2947,0.3855,1,,,,3.09,3.31,2.66,,,,,0.0521,-1,6,0,-0.0212,0.3749,0,0,,,,0.0167,,,,,,,,,,,
spelad,EK,2014/15,2014-12-14,,Leczna,Legia,3,1,H,,,,,,,,,,,,,,,,,,,,0.2148,0.2665,0.5187,1,,,,5,3.7,1.89,,,,,-0.395,-1,,,,,0,0,,,,-0.0269,,,,,,,,,,,
spelad,EK,2014/15,2014-12-14,,Podbeskidzie,Zawisza,2,1,H,,,,,,,,,,,,,,,,,,,,0.5106,0.2687,0.2207,1,,,,2.05,3.75,4.42,,,,,0.6827,-3,3,1,0.604,0.388,0,0,,,,-0.0472,,,,,,,,,,,
spelad,EK,2014/15,2014-12-15,,Piast Gliwice,Pogon Szczecin,1,0,H,,,,,,,,,,,,,,,,,,,,0.3997,0.2955,0.3048,1,,,,2.55,3.3,3.35,,,,,0.0135,-1,5,0.6,0.4336,0.1139,0,0,,,,-0.0315,,,,,,,,,,,
spelad,EK,2014/15,2015-02-13,,Lechia Gdansk,Wisla,1,0,H,,,,,,,,,,,,,,,,,,,,0.4598,0.2753,0.2649,1,,,,2.3,3.54,3.8,,,,,-1.0468,,6,-1.5,-0.8359,0.2029,0,0,,,,-0.0735,,,,,,,,,,,
spelad,EK,2014/15,2015-02-13,,Zawisza,Leczna,0,0,D,,,,,,,,,,,,,,,,,,,,0.3097,0.3001,0.3902,1,,,,3.16,3.31,2.65,,,,,-0.4764,,,,,,0,0,,,,0.0469,,,,,,,,,,,
spelad,EK,2014/15,2015-02-14,,GKS Belchatow,Podbeskidzie,1,2,A,,,,,,,,,,,,,,,,,,,,0.4456,0.2975,0.2568,1,,,,2.2,3.4,4.05,,,,,-0.5636,,3,1,0.4062,0.3721,0,0,,,,-0.0141,,,,,,,,,,,
spelad,EK,2014/15,2015-02-14,,Pogon Szczecin,Lech Poznan,1,1,D,,,,,,,,,,,,,,,,,,,,0.2621,0.2843,0.4536,1,,,,3.8,3.43,2.24,,,,,0.0984,,6,0.5,0.653,0.2343,0,0,,,,0.0129,,,,,,,,,,,
spelad,EK,2014/15,2015-02-14,,Ruch Chorzow,Piast Gliwice,2,0,H,,,,,,,,,,,,,,,,,,,,0.4079,0.3095,0.2826,1,,,,2.43,3.2,3.5,,,,,-0.3818,,5,0.6,0.3585,-0.2915,0,0,,,,-0.0217,,,,,,,,,,,
spelad,EK,2014/15,2015-02-15,,Cracovia,Slask Wroclaw,1,1,D,,,,,,,,,,,,,,,,,,,,0.3297,0.2921,0.3782,1,,,,3.2,3.34,2.78,,,,,-0.2862,,4,-0.75,0.0426,-0.0183,0,0,,,,-0.0022,,,,,,,,,,,
spelad,EK,2014/15,2015-02-15,,Legia,Jagiellonia,1,3,A,,,,,,,,,,,,,,,,,,,,0.6179,0.2319,0.1502,1,,,,1.62,4.21,7,,,,,0.1791,,5,0.6,-0.2417,-0.242,0,0,,,,-0.0372,,,,,,,,,,,
spelad,EK,2014/15,2015-02-16,,Gornik Zabrze,Korona Kielce,1,1,D,,,,,,,,,,,,,,,,,,,,0.4356,0.2904,0.2741,1,,,,2.32,3.36,3.7,,,,,-0.7974,,5,0.6,0.0774,0.1147,0,0,,,,-0.0242,,,,,,,,,,,
spelad,EK,2014/15,2015-02-20,,Podbeskidzie,Cracovia,1,1,D,,,,,,,,,,,,,,,,,,,,0.341,0.2964,0.3626,1,,,,3.1,3.3,2.7,,,,,0.5446,1,4,0.75,0.6766,-0.0392,0,0,,,,0.0041,,,,,,,,,,,
spelad,EK,2014/15,2015-02-20,,Wisla,Pogon Szczecin,1,1,D,,,,,,,,,,,,,,,,,,,,0.4689,0.286,0.2451,1,,,,2.15,3.6,4.3,,,,,-0.2851,1,6,1.5,0.6697,-0.1351,0,0,,,,-0.0343,,,,,,,,,,,
spelad,EK,2014/15,2015-02-21,,Lechia Gdansk,Zawisza,0,0,D,,,,,,,,,,,,,,,,,,,,0.613,0.2343,0.1528,1,,,,1.59,4.5,8,,,,,0.1955,0,4,1.5,0.5333,0.2085,0,0,,,,0.0433,,,,,,,,,,,
spelad,EK,2014/15,2015-02-21,,Leczna,Gornik Zabrze,0,1,A,,,,,,,,,,,,,,,,,,,,0.4555,0.2927,0.2519,1,,,,2.14,3.6,4.15,,,,,0.1744,3,,,,,0,0,,,,0.0387,,,,,,,,,,,
spelad,EK,2014/15,2015-02-21,,Slask Wroclaw,Jagiellonia,0,1,A,,,,,,,,,,,,,,,,,,,,0.502,0.2751,0.2229,1,,,,2.06,3.64,4.37,,,,,0.0006,0,6,0.5,0.1354,-0.1174,0,0,,,,-0.0399,,,,,,,,,,,
spelad,EK,2014/15,2015-02-22,,Korona Kielce,Legia,0,0,D,,,,,,,,,,,,,,,,,,,,0.2581,0.2827,0.4592,1,,,,4,3.5,2.2,,,,,0.6436,-1,5,-1.8,-0.1131,-0.245,0,0,,,,0.0173,,,,,,,,,,,
spelad,EK,2014/15,2015-02-22,,Lech Poznan,Ruch Chorzow,2,1,H,,,,,,,,,,,,,,,,,,,,0.6636,0.2237,0.1126,1,,,,1.52,4.5,8.66,,,,,-0.2138,0,6,2,0.5649,0.0576,0,0,,,,-0.055,,,,,,,,,,,
spelad,EK,2014/15,2015-02-23,,Piast Gliwice,GKS Belchatow,3,1,H,,,,,,,,,,,,,,,,,,,,0.3938,0.2942,0.312,1,,,,2.5,3.32,3.4,,,,,0.4637,0,3,0,0.1343,0.0488,0,0,,,,0.0141,,,,,,,,,,,
spelad,EK,2014/15,2015-02-27,,Cracovia,Lech Poznan,0,0,D,,,,,,,,,,,,,,,,,,,,0.2377,0.2981,0.4642,1,,,,4.1,3.45,2.15,,,,,-0.0331,2,3,-1,-0.0865,0.427,0,0,,,,0.0244,,,,,,,,,,,
spelad,EK,2014/15,2015-02-27,,Ruch Chorzow,Lechia Gdansk,1,1,D,,,,,,,,,,,,,,,,,,,,0.2868,0.3,0.4132,1,,,,3.7,3.25,2.5,,,,,0.8091,-1,6,-0.5,-0.437,0.5429,0,0,,,,0.0136,,,,,,,,,,,
spelad,EK,2014/15,2015-02-28,,GKS Belchatow,Wisla,3,1,H,,,,,,,,,,,,,,,,,,,,0.321,0.3108,0.3682,1,,,,3.04,3.15,2.72,,,,,-0.2698,-3,3,-2,-0.4936,0.0658,0,0,,,,0.0251,,,,,,,,,,,
spelad,EK,2014/15,2015-02-28,,Gornik Zabrze,Slask Wroclaw,3,3,D,,,,,,,,,,,,,,,,,,,,0.3133,0.2857,0.401,1,,,,3.15,3.41,2.6,,,,,0.5477,0,5,0,0.1023,-0.0884,0,0,,,,0.0321,,,,,,,,,,,
spelad,EK,2014/15,2015-02-28,,Zawisza,Piast Gliwice,2,0,H,,,,,,,,,,,,,,,,,,,,0.3559,0.3019,0.3422,1,,,,2.9,3.25,2.9,,,,,-1.162,2,3,0,-0.0322,0.0458,0,0,,,,-0.0091,,,,,,,,,,,
spelad,EK,2014/15,2015-03-01,,Jagiellonia,Korona Kielce,1,2,A,,,,,,,,,,,,,,,,,,,,0.4168,0.3038,0.2794,1,,,,2.34,3.45,4.1,,,,,-0.0253,1,6,-0.5,-0.3363,0.2065,0,0,,,,0.0771,,,,,,,,,,,
spelad,EK,2014/15,2015-03-01,,Legia,Podbeskidzie,3,0,H,,,,,,,,,,,,,,,,,,,,0.6622,0.2144,0.1234,1,,,,1.5,5,8.5,,,,,-0.7991,-2,5,0.6,-0.3552,-0.2189,0,0,,,,-0.0173,,,,,,,,,,,
spelad,EK,2014/15,2015-03-02,,Pogon Szczecin,Leczna,0,1,A,,,,,,,,,,,,,,,,,,,,0.4514,0.2897,0.2588,1,,,,2.22,3.42,4,,,,,0.0995,1,,,,,0,0,,,,0.0026,,,,,,,,,,,
spelad,EK,2014/15,2015-03-06,,Lech Poznan,Jagiellonia,2,0,H,,,,,,,,,,,,,,,,,,,,0.6807,0.2019,0.1174,1,,,,1.5,4.82,11,,,,,-0.3272,2,5,-0.6,-0.7038,-0.2619,0,0,,,,-0.0287,,,,,,,,,,,
spelad,EK,2014/15,2015-03-06,,Ruch Chorzow,Pogon Szczecin,2,1,H,,,,,,,,,,,,,,,,,,,,0.3532,0.3218,0.325,1,,,,2.76,3.2,3.06,,,,,0.5627,3,6,-1.5,-0.8371,0.2097,0,0,,,,0.024,,,,,,,,,,,
spelad,EK,2014/15,2015-03-07,,Lechia Gdansk,GKS Belchatow,1,0,H,,,,,,,,,,,,,,,,,,,,0.5762,0.2639,0.1599,1,,,,1.75,3.9,6.09,,,,,0.1214,1,3,0,-0.4834,0.698,0,0,,,,-0.0454,,,,,,,,,,,
spelad,EK,2014/15,2015-03-07,,Piast Gliwice,Gornik Zabrze,2,2,D,,,,,,,,,,,,,,,,,,,,0.378,0.2991,0.3229,1,,,,2.64,3.26,3.02,,,,,-0.1662,0,5,-0.6,0.1325,-0.2858,0,0,,,,-0.003,,,,,,,,,,,
spelad,EK,2014/15,2015-03-07,,Wisla,Zawisza,0,1,A,,,,,,,,,,,,,,,,,,,,0.5569,0.2592,0.1839,1,,,,1.85,3.76,5.3,,,,,-0.0488,0,4,0,0.0588,-0.3,0,0,,,,-0.0326,,,,,,,,,,,
spelad,EK,2014/15,2015-03-08,,Podbeskidzie,Korona Kielce,2,2,D,,,,,,,,,,,,,,,,,,,,0.4398,0.2941,0.2661,1,,,,2.36,3.32,3.88,,,,,0.3301,0,6,-1.5,-0.489,-0.1226,0,0,,,,-0.0147,,,,,,,,,,,
spelad,EK,2014/15,2015-03-08,,Slask Wroclaw,Legia,1,3,A,,,,,,,,,,,,,,,,,,,,0.3126,0.2894,0.398,1,,,,3.2,3.37,2.48,,,,,0.017,1,5,-1.2,-0.0575,-0.0543,0,0,,,,0.0114,,,,,,,,,,,
spelad,EK,2014/15,2015-03-09,,Leczna,Cracovia,2,1,H,,,,,,,,,,,,,,,,,,,,0.4039,0.3184,0.2777,1,,,,2.42,3.2,3.52,,,,,0.4511,-3,,,,,0,0,,,,-0.0288,,,,,,,,,,,
spelad,EK,2014/15,2015-03-13,,Cracovia,Piast Gliwice,3,1,H,,,,,,,,,,,,,,,,,,,,0.4579,0.286,0.256,1,,,,2.16,3.41,4.33,,,,,-0.5058,-2,4,-2.25,-1.1667,-0.0527,0,0,,,,0.0127,,,,,,,,,,,
spelad,EK,2014/15,2015-03-13,,Pogon Szczecin,Lechia Gdansk,0,1,A,,,,,,,,,,,,,,,,,,,,0.3206,0.3074,0.372,1,,,,3.12,3.25,2.72,,,,,-0.4351,1,6,0,0.022,0.0397,0,0,,,,0.0226,,,,,,,,,,,
spelad,EK,2014/15,2015-03-14,,Gornik Zabrze,Podbeskidzie,3,3,D,,,,,,,,,,,,,,,,,,,,0.4318,0.2804,0.2878,1,,,,2.33,3.48,3.7,,,,,-0.4272,1,5,1.8,0.7201,-0.2765,0,0,,,,-0.0039,,,,,,,,,,,
spelad,EK,2014/15,2015-03-14,,Jagiellonia,Leczna,2,1,H,,,,,,,,,,,,,,,,,,,,0.426,0.2921,0.2819,1,,,,2.5,3.34,3.47,,,,,-0.0756,3,,,,,0,0,,,,-0.0426,,,,,,,,,,,
spelad,EK,2014/15,2015-03-14,,Zawisza,Lech Poznan,1,0,H,,,,,,,,,,,,,,,,,,,,0.2213,0.2704,0.5083,1,,,,4.75,3.61,1.92,,,,,-0.0154,-1,4,-2.25,-0.6526,-0.014,0,0,,,,-0.0064,,,,,,,,,,,
spelad,EK,2014/15,2015-03-15,,Korona Kielce,Slask Wroclaw,2,2,D,,,,,,,,,,,,,,,,,,,,0.3021,0.293,0.4049,1,,,,3.23,3.33,2.5,,,,,0.4347,0,6,-1.5,-0.6441,0.2224,0,0,,,,0.0213,,,,,,,,,,,
spelad,EK,2014/15,2015-03-15,,Legia,Wisla,2,2,D,,,,,,,,,,,,,,,,,,,,0.6168,0.2304,0.1528,1,,,,1.58,4.4,8,,,,,0.5771,-1,6,1.5,0.3157,-0.0977,0,0,,,,0.0188,,,,,,,,,,,
spelad,EK,2014/15,2015-03-16,,GKS Belchatow,Ruch Chorzow,0,1,A,,,,,,,,,,,,,,,,,,,,0.3556,0.3026,0.3419,1,,,,2.74,3.22,3.2,,,,,-1.062,-1,3,-1,-0.1235,-0.2961,0,0,,,,0.0732,,,,,,,,,,,
spelad,EK,2014/15,2015-03-20,,Leczna,Slask Wroclaw,1,1,D,,,,,,,,,,,,,,,,,,,,0.3861,0.2916,0.3224,1,,,,2.6,3.4,3.2,,,,,0.7452,1,,,,,0,0,,,,-0.0027,,,,,,,,,,,
spelad,EK,2014/15,2015-03-20,,Pogon Szczecin,GKS Belchatow,3,0,H,,,,,,,,,,,,,,,,,,,,0.4716,0.2949,0.2335,1,,,,2.08,3.4,4.2,,,,,0.1806,3,3,-1,-0.3741,-0.308,0,0,,,,-0.0268,,,,,,,,,,,
spelad,EK,2014/15,2015-03-21,,Lechia Gdansk,Gornik Zabrze,1,0,H,,,,,,,,,,,,,,,,,,,,0.5703,0.2621,0.1676,1,,,,1.75,3.77,5.82,,,,,0.4214,1,6,-0.5,-0.333,0.205,0,0,,,,-0.0415,,,,,,,,,,,
spelad,EK,2014/15,2015-03-21,,Ruch Chorzow,Zawisza,1,2,A,,,,,,,,,,,,,,,,,,,,0.4001,0.3041,0.2958,1,,,,2.44,3.4,3.4,,,,,-0.055,-2,4,2.25,1.1034,-0.0496,0,0,,,,0.0113,,,,,,,,,,,
spelad,EK,2014/15,2015-03-21,,Wisla,Cracovia,2,1,H,,,,,,,,,,,,,,,,,,,,0.4538,0.2853,0.2609,1,,,,2.19,3.5,4.2,,,,,-0.6347,-2,3,0,-0.3419,0.0428,0,0,,,,0.0236,,,,,,,,,,,
spelad,EK,2014/15,2015-03-22,,Lech Poznan,Legia,2,1,H,,,,,,,,,,,,,,,,,,,,0.3742,0.2969,0.3289,1,,,,2.68,3.4,3.02,,,,,0.4079,1,6,-2,-0.807,0.0455,0,0,,,,0.0028,,,,,,,,,,,
spelad,EK,2014/15,2015-03-22,,Piast Gliwice,Korona Kielce,1,2,A,,,,,,,,,,,,,,,,,,,,0.3932,0.2902,0.3166,1,,,,2.48,3.36,3.25,,,,,-0.296,2,6,-1,-0.4436,0.0335,0,0,,,,-0.002,,,,,,,,,,,
spelad,EK,2014/15,2015-03-22,,Podbeskidzie,Jagiellonia,1,0,H,,,,,,,,,,,,,,,,,,,,0.4689,0.2835,0.2476,1,,,,2.4,3.44,3.94,,,,,-0.3016,0,6,-0.5,0.046,-0.1191,0,0,,,,-0.0962,,,,,,,,,,,
spelad,EK,2014/15,2015-04-04,,Cracovia,Lechia Gdansk,3,2,H,,,,,,,,,,,,,,,,,,,,0.3228,0.3066,0.3707,1,,,,3.3,3.3,2.65,,,,,-0.5154,0,3,-1,-0.1457,-0.282,0,0,,,,-0.0191,,,,,,,,,,,
spelad,EK,2014/15,2015-04-04,,GKS Belchatow,Lech Poznan,1,2,A,,,,,,,,,,,,,,,,,,,,0.2275,0.294,0.4785,1,,,,4.33,3.45,2.08,,,,,-0.9876,2,3,-2,-0.447,0.072,0,0,,,,0.0469,,,,,,,,,,,
spelad,EK,2014/15,2015-04-04,,Legia,Piast Gliwice,2,0,H,,,,,,,,,,,,,,,,,,,,0.7541,0.1734,0.0725,1,,,,1.36,5.61,13.41,,,,,-0.0529,0,5,1.2,-0.0696,-0.0321,0,0,,,,-0.0844,,,,,,,,,,,
spelad,EK,2014/15,2015-04-04,,Slask Wroclaw,Podbeskidzie,0,0,D,,,,,,,,,,,,,,,,,,,,0.5331,0.2702,0.1967,1,,,,1.91,3.75,4.97,,,,,-0.4445,2,6,0.5,-0.4229,0.5553,0,0,,,,-0.046,,,,,,,,,,,
spelad,EK,2014/15,2015-04-06,,Gornik Zabrze,Ruch Chorzow,2,2,D,,,,,,,,,,,,,,,,,,,,0.4065,0.3039,0.2895,1,,,,2.46,3.25,3.5,,,,,-0.6354,0,6,1,0.3291,0.0363,0,0,,,,-0.0051,,,,,,,,,,,
spelad,EK,2014/15,2015-04-06,,Jagiellonia,Wisla,2,2,D,,,,,,,,,,,,,,,,,,,,0.3598,0.2894,0.3508,1,,,,2.75,3.44,2.98,,,,,0.8761,-1,5,1.2,0.6631,0.3154,0,0,,,,0.0211,,,,,,,,,,,
spelad,EK,2014/15,2015-04-06,,Korona Kielce,Leczna,2,0,H,,,,,,,,,,,,,,,,,,,,0.4223,0.2965,0.2811,1,,,,2.35,3.37,3.7,,,,,-0.1059,-2,,,,,0,0,,,,-0.0183,,,,,,,,,,,
spelad,EK,2014/15,2015-04-07,,Zawisza,Pogon Szczecin,2,1,H,,,,,,,,,,,,,,,,,,,,0.3841,0.3002,0.3157,1,,,,2.54,3.25,3.3,,,,,1.0589,-1,4,0,0.0739,0.2198,0,0,,,,0.0222,,,,,,,,,,,
spelad,EK,2014/15,2015-04-10,,Ruch Chorzow,Cracovia,3,0,H,,,,,,,,,,,,,,,,,,,,0.361,0.3018,0.3373,1,,,,2.79,3.25,3.1,,,,,-0.1074,-2,3,-1,-0.2678,-0.2943,0,0,,,,0.0152,,,,,,,,,,,
spelad,EK,2014/15,2015-04-10,,Wisla,Gornik Zabrze,1,1,D,,,,,,,,,,,,,,,,,,,,0.5192,0.2682,0.2127,1,,,,2.05,3.72,4.59,,,,,-0.0307,0,6,-0.5,-0.1646,-0.1314,0,0,,,,-0.0784,,,,,,,,,,,
spelad,EK,2014/15,2015-04-11,,Lechia Gdansk,Legia,1,0,H,,,,,,,,,,,,,,,,,,,,0.3231,0.2913,0.3857,1,,,,3.18,3.4,2.53,,,,,0.6595,0,6,-1,0.2148,-0.2499,0,0,,,,-0.0162,,,,,,,,,,,
spelad,EK,2014/15,2015-04-11,,Piast Gliwice,Slask Wroclaw,2,0,H,,,,,,,,,,,,,,,,,,,,0.3057,0.2794,0.4149,1,,,,3.5,3.56,2.4,,,,,0.2174,0,6,0.5,0.4508,0.2207,0,0,,,,-0.0314,,,,,,,,,,,
spelad,EK,2014/15,2015-04-11,,Pogon Szczecin,Jagiellonia,2,0,H,,,,,,,,,,,,,,,,,,,,0.4558,0.271,0.2732,1,,,,2.25,3.6,3.6,,,,,-1.1285,-1,5,-0.6,-0.3225,0.1059,0,0,,,,-0.0443,,,,,,,,,,,
spelad,EK,2014/15,2015-04-12,,GKS Belchatow,Zawisza,1,4,A,,,,,,,,,,,,,,,,,,,,0.3644,0.2977,0.3379,1,,,,2.82,3.28,3,,,,,-1.7971,3,,,,,0,0,,,,0.0081,,,,,,,,,,,
spelad,EK,2014/15,2015-04-12,,Lech Poznan,Korona Kielce,1,1,D,,,,,,,,,,,,,,,,,,,,0.6265,0.2437,0.1298,1,,,,1.56,4.35,7.7,,,,,-0.1125,2,5,1.2,0.1375,-0.0644,0,0,,,,-0.0054,,,,,,,,,,,
spelad,EK,2014/15,2015-04-13,,Leczna,Podbeskidzie,0,0,D,,,,,,,,,,,,,,,,,,,,0.4715,0.2789,0.2496,1,,,,2.25,3.5,4.15,,,,,-0.2855,-2,,,,,0,0,,,,-0.0548,,,,,,,,,,,
spelad,EK,2014/15,2015-04-17,,Korona Kielce,Ruch Chorzow,0,0,D,,,,,,,,,,,,,,,,,,,,0.4427,0.3082,0.2491,1,,,,2.3,3.4,3.92,,,,,0.1233,-2,5,0,0.126,-0.0959,0,0,,,,-0.0333,,,,,,,,,,,
spelad,EK,2014/15,2015-04-17,,Podbeskidzie,Wisla,2,2,D,,,,,,,,,,,,,,,,,,,,0.3307,0.2912,0.3781,1,,,,3.15,3.35,2.58,,,,,0.7879,-3,5,0,0.259,0.318,0,0,,,,-0.0316,,,,,,,,,,,
spelad,EK,2014/15,2015-04-18,,Cracovia,Pogon Szczecin,0,1,A,,,,,,,,,,,,,,,,,,,,0.4334,0.2911,0.2755,1,,,,2.38,3.35,3.54,,,,,0.2191,1,3,-2,-0.7381,0.0468,0,0,,,,-0.0392,,,,,,,,,,,
spelad,EK,2014/15,2015-04-18,,Jagiellonia,Piast Gliwice,2,1,H,,,,,,,,,,,,,,,,,,,,0.4156,0.2782,0.3062,1,,,,2.42,3.51,3.4,,,,,0.4644,0,6,0,-0.1466,0.0456,0,0,,,,0.0052,,,,,,,,,,,
spelad,EK,2014/15,2015-04-18,,Slask Wroclaw,Lechia Gdansk,3,0,H,,,,,,,,,,,,,,,,,,,,0.3698,0.2923,0.3378,1,,,,2.64,3.34,3.1,,,,,-1.3435,0,5,2.4,1.2741,-0.0982,0,0,,,,0.0354,,,,,,,,,,,
spelad,EK,2014/15,2015-04-19,,Leczna,Lech Poznan,1,1,D,,,,,,,,,,,,,,,,,,,,0.2153,0.2844,0.5003,1,,,,4.95,3.65,1.98,,,,,-0.2857,-1,,,,,0,0,,,,0.0244,,,,,,,,,,,
spelad,EK,2014/15,2015-04-19,,Legia,Zawisza,2,0,H,,,,,,,,,,,,,,,,,,,,0.6869,0.2024,0.1107,1,,,,1.47,4.82,9.25,,,,,-1.8359,1,4,1.5,0.2056,-0.2402,0,0,,,,-0.0452,,,,,,,,,,,
spelad,EK,2014/15,2015-04-20,,Gornik Zabrze,GKS Belchatow,2,0,H,,,,,,,,,,,,,,,,,,,,0.4921,0.2808,0.2271,1,,,,2,3.8,4.8,,,,,0.7132,2,3,-1,-0.6921,-0.2684,0,0,,,,-0.0312,,,,,,,,,,,
spelad,EK,2014/15,2015-04-24,,Ruch Chorzow,Legia,0,0,D,,,,,,,,,,,,,,,,,,,,0.2075,0.2709,0.5216,1,,,,4.9,3.7,1.92,,,,,0.4134,2,6,-0.5,0.5075,-0.0623,0,0,,,,0.016,,,,,,,,,,,
spelad,EK,2014/15,2015-04-24,,Zawisza,Cracovia,0,3,A,,,,,,,,,,,,,,,,,,,,0.4221,0.2902,0.2876,1,,,,2.31,3.4,3.75,,,,,1.6447,-1,3,1,0.6438,-0.2821,0,0,,,,0.0216,,,,,,,,,,,
spelad,EK,2014/15,2015-04-25,,GKS Belchatow,Jagiellonia,0,0,D,,,,,,,,,,,,,,,,,,,,0.4356,0.2904,0.2741,1,,,,2.6,3.36,3.58,,,,,-0.7886,-2,3,1,0.3757,0.4006,0,0,,,,-0.0535,,,,,,,,,,,
spelad,EK,2014/15,2015-04-25,,Lech Poznan,Slask Wroclaw,2,0,H,,,,,,,,,,,,,,,,,,,,0.5771,0.2482,0.1748,1,,,,1.75,4,5.58,,,,,0.6321,-1,5,-0.6,-0.5066,0.1163,0,0,,,,-0.0453,,,,,,,,,,,
spelad,EK,2014/15,2015-04-25,,Pogon Szczecin,Gornik Zabrze,3,1,H,,,,,,,,,,,,,,,,,,,,0.4373,0.2955,0.2672,1,,,,2.27,3.3,3.65,,,,,-0.2344,2,6,0,-0.1644,0.371,0,0,,,,-0.0118,,,,,,,,,,,
spelad,EK,2014/15,2015-04-26,,Lechia Gdansk,Leczna,2,0,H,,,,,,,,,,,,,,,,,,,,0.572,0.2643,0.1637,1,,,,1.8,3.7,6.2,,,,,0.3275,1,,,,,0,0,,,,-0.0781,,,,,,,,,,,
spelad,EK,2014/15,2015-04-26,,Piast Gliwice,Podbeskidzie,3,0,H,,,,,,,,,,,,,,,,,,,,0.3887,0.2904,0.3209,1,,,,2.58,3.36,3.18,,,,,-0.2527,-1,6,2,0.8704,0.0501,0,0,,,,-0.0004,,,,,,,,,,,
spelad,EK,2014/15,2015-04-26,,Wisla,Korona Kielce,2,0,H,,,,,,,,,,,,,,,,,,,,0.4645,0.2787,0.2567,1,,,,2.16,3.5,4,,,,,-1.0504,0,5,1.2,0.5109,-0.0972,0,0,,,,-0.0217,,,,,,,,,,,
spelad,EK,2014/15,2015-04-29,,Cracovia,GKS Belchatow,3,1,H,,,,,,,,,,,,,,,,,,,,0.5083,0.2772,0.2145,1,,,,2.05,3.54,4.55,,,,,0.6356,1,,,,,0,0,,,,-0.0524,,,,,,,,,,,
spelad,EK,2014/15,2015-04-29,,Gornik Zabrze,Zawisza,2,1,H,,,,,,,,,,,,,,,,,,,,0.4375,0.2853,0.2772,1,,,,2.25,3.45,3.6,,,,,-1.3695,-1,4,1.5,0.9296,-0.2785,0,0,,,,-0.0079,,,,,,,,,,,
spelad,EK,2014/15,2015-04-29,,Jagiellonia,Ruch Chorzow,2,0,H,,,,,,,,,,,,,,,,,,,,0.4679,0.2773,0.2548,1,,,,2.4,3.51,3.82,,,,,-0.6151,-1,5,0,0.035,-0.0905,0,0,,,,-0.0566,,,,,,,,,,,
spelad,EK,2014/15,2015-04-29,,Korona Kielce,Lechia Gdansk,3,2,H,,,,,,,,,,,,,,,,,,,,0.2903,0.2982,0.4115,1,,,,3.36,3.3,2.4,,,,,0.0423,0,5,0,0.2318,-0.0906,0,0,,,,0.014,,,,,,,,,,,
spelad,EK,2014/15,2015-04-29,,Leczna,Piast Gliwice,1,2,A,,,,,,,,,,,,,,,,,,,,0.4286,0.3069,0.2644,1,,,,2.32,3.29,3.68,,,,,0.2278,0,,,,,0,0,,,,-0.0168,,,,,,,,,,,
spelad,EK,2014/15,2015-04-29,,Legia,Pogon Szczecin,2,1,H,,,,,,,,,,,,,,,,,,,,0.6838,0.2033,0.1129,1,,,,1.45,5,9,,,,,-0.1877,1,6,2,0.582,-0.2451,0,0,,,,-0.0389,,,,,,,,,,,
spelad,EK,2014/15,2015-04-29,,Podbeskidzie,Lech Poznan,0,2,A,,,,,,,,,,,,,,,,,,,,0.2609,0.2609,0.4781,1,,,,4.33,3.72,2.07,,,,,-0.2113,-1,5,-0.6,0.3701,0.1766,0,0,,,,-0.031,,,,,,,,,,,
spelad,EK,2014/15,2015-04-29,,Slask Wroclaw,Wisla,1,0,H,,,,,,,,,,,,,,,,,,,,0.4337,0.2922,0.2741,1,,,,2.32,3.4,3.6,,,,,-0.263,1,5,-0.6,-0.3606,0.1096,0,0,,,,-0.016,,,,,,,,,,,
spelad,EK,2014/15,2015-05-08,,Jagiellonia,Slask Wroclaw,1,1,D,,,,,,,,,,,,,,,,,,,,0.3447,0.2912,0.364,1,,,,2.9,3.35,2.78,,,,,0.4033,0,7,0,0.2783,-0.1399,0,0,,,,0.01,,,,,,,,,,,
spelad,EK,2014/15,2015-05-08,,Korona Kielce,Ruch Chorzow,0,2,A,,,,,,,,,,,,,,,,,,,,0.4866,0.2897,0.2237,1,,,,2.15,3.45,4.35,,,,,0.1474,0,6,0,-0.001,0.0354,0,0,,,,-0.0594,,,,,,,,,,,
spelad,EK,2014/15,2015-05-09,,Legia,Lech Poznan,1,2,A,,,,,,,,,,,,,,,,,,,,0.4754,0.2858,0.2389,1,,,,2.05,3.6,4.3,,,,,-0.4142,0,7,1.2857,0.4693,-0.0034,0,0,,,,-0.0082,,,,,,,,,,,
spelad,EK,2014/15,2015-05-09,,Pogon Szczecin,Lechia Gdansk,1,3,A,,,,,,,,,,,,,,,,,,,,0.3019,0.3126,0.3855,1,,,,3.3,3.2,2.8,,,,,-0.0677,0,7,-0.4286,-0.1625,-0.0099,0,0,,,,0.005,,,,,,,,,,,
spelad,EK,2014/15,2015-05-09,,Wisla,Gornik Zabrze,4,1,H,,,,,,,,,,,,,,,,,,,,0.5051,0.2606,0.2343,1,,,,2.1,3.74,4.16,,,,,-0.1444,0,7,-0.4286,-0.259,-0.0081,0,0,,,,-0.0672,,,,,,,,,,,
spelad,EK,2014/15,2015-05-10,,Cracovia,GKS Belchatow,1,1,D,,,,,,,,,,,,,,,,,,,,0.5446,0.2635,0.1919,1,,,,1.86,3.7,5.08,,,,,1.1177,0,,,,,0,0,,,,-0.0525,,,,,,,,,,,
spelad,EK,2014/15,2015-05-10,,Podbeskidzie,Zawisza,2,2,D,,,,,,,,,,,,,,,,,,,,0.4448,0.2926,0.2626,1,,,,2.21,3.4,3.71,,,,,-1.0009,0,4,1.5,0.7528,0.2238,0,0,,,,-0.0212,,,,,,,,,,,
spelad,EK,2014/15,2015-05-11,,Piast Gliwice,Leczna,2,3,A,,,,,,,,,,,,,,,,,,,,0.4474,0.2992,0.2534,1,,,,2.4,3.6,3.85,,,,,0.6165,0,,,,,0,0,,,,-0.0784,,,,,,,,,,,
spelad,EK,2014/15,2015-05-15,,Lechia Gdansk,Wisla,2,2,D,,,,,,,,,,,,,,,,,,,,0.5383,0.2684,0.1933,1,,,,2,3.75,5.04,,,,,0.141,0,7,-0.8571,-0.5243,0.1346,0,0,,,,-0.0565,,,,,,,,,,,
spelad,EK,2014/15,2015-05-15,,Zawisza,Korona Kielce,3,1,H,,,,,,,,,,,,,,,,,,,,0.4276,0.3046,0.2678,1,,,,2.5,3.2,3.64,,,,,0.2577,-2,4,0,-0.1689,0.2103,0,0,,,,-0.0624,,,,,,,,,,,
spelad,EK,2014/15,2015-05-16,,GKS Belchatow,Podbeskidzie,0,2,A,,,,,,,,,,,,,,,,,,,,0.3483,0.3047,0.347,1,,,,2.85,3.2,2.86,,,,,-0.6402,0,4,0,-0.104,0.2047,0,0,,,,-0.0053,,,,,,,,,,,
spelad,EK,2014/15,2015-05-16,,Leczna,Cracovia,0,3,A,,,,,,,,,,,,,,,,,,,,0.3855,0.301,0.3136,1,,,,2.58,3.25,3.25,,,,,-0.6249,-1,,,,,0,0,,,,-0.0011,,,,,,,,,,,
spelad,EK,2014/15,2015-05-16,,Ruch Chorzow,Piast Gliwice,1,1,D,,,,,,,,,,,,,,,,,,,,0.3355,0.307,0.3576,1,,,,3,3.2,3.25,,,,,0.3956,3,6,1,0.5432,-0.2945,0,0,,,,0.0058,,,,,,,,,,,
spelad,EK,2014/15,2015-05-17,,Gornik Zabrze,Pogon Szczecin,2,0,H,,,,,,,,,,,,,,,,,,,,0.4098,0.2991,0.2911,1,,,,2.52,3.3,3.35,,,,,-0.3545,0,7,-0.4286,-0.3338,0.2757,0,0,,,,-0.0382,,,,,,,,,,,
spelad,EK,2014/15,2015-05-17,,Lech Poznan,Jagiellonia,1,3,A,,,,,,,,,,,,,,,,,,,,0.6988,0.2118,0.0894,1,,,,1.4,4.97,10.94,,,,,0.2713,-1,6,0,-0.4604,-0.2519,0,0,,,,-0.0242,,,,,,,,,,,
spelad,EK,2014/15,2015-05-17,,Slask Wroclaw,Legia,1,1,D,,,,,,,,,,,,,,,,,,,,0.252,0.2724,0.4757,1,,,,4.15,3.58,2.1,,,,,0.3753,1,6,-1.5,-0.2524,-0.0935,0,0,,,,0.0291,,,,,,,,,,,
spelad,EK,2014/15,2015-05-19,,Cracovia,Zawisza,3,1,H,,,,,,,,,,,,,,,,,,,,0.5083,0.2631,0.2286,1,,,,2.1,3.85,4.31,,,,,-0.1889,-1,4,0,0.1905,-0.2842,0,0,,,,-0.0784,,,,,,,,,,,
spelad,EK,2014/15,2015-05-19,,Korona Kielce,Leczna,1,3,A,,,,,,,,,,,,,,,,,,,,0.4672,0.2798,0.253,1,,,,2.33,3.5,3.86,,,,,0.6163,1,,,,,0,0,,,,-0.0751,,,,,,,,,,,
spelad,EK,2014/15,2015-05-19,,Piast Gliwice,GKS Belchatow,6,3,H,,,,,,,,,,,,,,,,,,,,0.5416,0.2642,0.1942,1,,,,1.81,4.1,5.08,,,,,0.9,0,4,0.75,0.4818,-0.037,0,0,,,,-0.0232,,,,,,,,,,,
spelad,EK,2014/15,2015-05-19,,Podbeskidzie,Ruch Chorzow,0,2,A,,,,,,,,,,,,,,,,,,,,0.4758,0.2852,0.239,1,,,,2.2,3.5,4.1,,,,,-0.1006,0,6,0.5,0.4356,-0.1274,0,0,,,,-0.0464,,,,,,,,,,,
spelad,EK,2014/15,2015-05-20,,Gornik Zabrze,Lechia Gdansk,0,1,A,,,,,,,,,,,,,,,,,,,,0.2708,0.2693,0.4599,1,,,,3.8,3.75,2.4,,,,,0.0856,-2,7,0,0.0005,0.1382,0,0,,,,0.0211,,,,,,,,,,,
spelad,EK,2014/15,2015-05-20,,Lech Poznan,Slask Wroclaw,3,0,H,,,,,,,,,,,,,,,,,,,,0.5952,0.2434,0.1613,1,,,,1.75,4.15,6.25,,,,,0.4736,0,6,0,-0.2521,0.0556,0,0,,,,-0.0489,,,,,,,,,,,
spelad,EK,2014/15,2015-05-20,,Legia,Jagiellonia,1,0,H,,,,,,,,,,,,,,,,,,,,0.686,0.1903,0.1238,1,,,,1.45,5.4,9.5,,,,,-0.7903,0,6,0,-0.5491,-0.2403,0,0,,,,0.0072,,,,,,,,,,,
spelad,EK,2014/15,2015-05-20,,Wisla,Pogon Szczecin,2,2,D,,,,,,,,,,,,,,,,,,,,0.6383,0.222,0.1397,1,,,,1.75,4.5,7.3,,,,,-0.0497,2,7,1.2857,0.4751,-0.0138,0,0,,,,-0.0657,,,,,,,,,,,
spelad,EK,2014/15,2015-05-22,,Cracovia,Korona Kielce,1,1,D,,,,,,,,,,,,,,,,,,,,0.5703,0.2512,0.1785,1,,,,1.8,4.05,5.6,,,,,0.816,0,5,0,-0.1568,-0.0878,0,0,,,,-0.0588,,,,,,,,,,,
spelad,EK,2014/15,2015-05-22,,Zawisza,Leczna,1,1,D,,,,,,,,,,,,,,,,,,,,0.4372,0.2859,0.277,1,,,,2.25,3.5,3.52,,,,,0.2599,0,,,,,0,0,,,,-0.0056,,,,,,,,,,,
spelad,EK,2014/15,2015-05-23,,Jagiellonia,Wisla,2,1,H,,,,,,,,,,,,,,,,,,,,0.3721,0.2893,0.3385,1,,,,2.65,3.38,2.95,,,,,0.4995,0,6,1,0.4911,0.3812,0,0,,,,-0.0006,,,,,,,,,,,
spelad,EK,2014/15,2015-05-23,,Pogon Szczecin,Legia,0,1,A,,,,,,,,,,,,,,,,,,,,0.1639,0.2293,0.6068,1,,,,6.3,4.26,1.65,,,,,0.339,0,7,-2.1429,-0.3662,-0.2391,0,0,,,,0.0282,,,,,,,,,,,
spelad,EK,2014/15,2015-05-23,,Slask Wroclaw,Gornik Zabrze,1,1,D,,,,,,,,,,,,,,,,,,,,0.5741,0.2404,0.1855,1,,,,1.74,4.06,5.3,,,,,-0.2306,0,6,0,-0.093,0.0453,0,0,,,,-0.0367,,,,,,,,,,,
spelad,EK,2014/15,2015-05-24,,Lechia Gdansk,Lech Poznan,1,2,A,,,,,,,,,,,,,,,,,,,,0.3616,0.2872,0.3512,1,,,,2.8,3.48,2.87,,,,,-0.2309,0,7,-1.2857,-0.1378,-0.2796,0,0,,,,-0.0041,,,,,,,,,,,
spelad,EK,2014/15,2015-05-24,,Piast Gliwice,Podbeskidzie,2,1,H,,,,,,,,,,,,,,,,,,,,0.395,0.3137,0.2913,1,,,,2.47,3.3,3.35,,,,,0.7378,0,7,2.1429,0.9665,0.0015,0,0,,,,-0.0156,,,,,,,,,,,
spelad,EK,2014/15,2015-05-25,,Ruch Chorzow,GKS Belchatow,2,4,A,,,,,,,,,,,,,,,,,,,,0.5333,0.2667,0.2,1,,,,1.85,3.95,5.1,,,,,1.3823,0,4,1.5,0.7327,-0.2977,0,0,,,,-0.0348,,,,,,,,,,,
spelad,EK,2014/15,2015-05-29,,Korona Kielce,Piast Gliwice,2,1,H,,,,,,,,,,,,,,,,,,,,0.4646,0.2718,0.2637,1,,,,2.1,3.65,3.95,,,,,-1.0568,2,7,1.2857,0.603,-0.0128,0,0,,,,-0.0019,,,,,,,,,,,
spelad,EK,2014/15,2015-05-29,,Podbeskidzie,Cracovia,0,3,A,,,,,,,,,,,,,,,,,,,,0.389,0.2911,0.3199,1,,,,2.55,3.34,3.1,,,,,-0.7164,-2,5,0.6,0.4774,0.1094,0,0,,,,-0.0118,,,,,,,,,,,
spelad,EK,2014/15,2015-05-30,,GKS Belchatow,Zawisza,1,4,A,,,,,,,,,,,,,,,,,,,,0.3613,0.2733,0.3654,1,,,,2.94,3.59,2.7,,,,,-0.255,-3,,,,,0,0,,,,-0.0021,,,,,,,,,,,
spelad,EK,2014/15,2015-05-30,,Leczna,Ruch Chorzow,0,1,A,,,,,,,,,,,,,,,,,,,,0.3946,0.3238,0.2817,1,,,,2.47,3.3,3.55,,,,,-0.3907,3,,,,,0,0,,,,0.0497,,,,,,,,,,,
spelad,EK,2014/15,2015-05-30,,Slask Wroclaw,Lechia Gdansk,1,0,H,,,,,,,,,,,,,,,,,,,,0.4098,0.2844,0.3058,1,,,,2.65,3.44,3.2,,,,,-0.2426,1,6,2.5,1.3281,-0.1306,0,0,,,,-0.0397,,,,,,,,,,,
spelad,EK,2014/15,2015-05-31,,Jagiellonia,Gornik Zabrze,3,2,H,,,,,,,,,,,,,,,,,,,,0.4974,0.2693,0.2332,1,,,,1.96,3.62,4.3,,,,,0.4433,0,6,0,0.074,0.0491,0,0,,,,-0.0113,,,,,,,,,,,
spelad,EK,2014/15,2015-05-31,,Lech Poznan,Pogon Szczecin,1,0,H,,,,,,,,,,,,,,,,,,,,0.7453,0.1775,0.0771,1,,,,1.36,5.7,12.77,,,,,0.1744,-1,7,-0.4286,-0.8526,0.303,0,0,,,,-0.063,,,,,,,,,,,
spelad,EK,2014/15,2015-05-31,,Legia,Wisla,1,0,H,,,,,,,,,,,,,,,,,,,,0.6099,0.2301,0.16,1,,,,1.6,4.5,7.1,,,,,0.0742,0,7,1.2857,0.1162,0.0262,0,0,,,,0.0307,,,,,,,,,,,
spelad,EK,2014/15,2015-06-02,,Cracovia,Ruch Chorzow,1,0,H,,,,,,,,,,,,,,,,,,,,0.4859,0.2848,0.2293,1,,,,2.14,3.7,4.5,,,,,0.202,1,4,0,0.0932,-0.2962,0,0,,,,-0.0449,,,,,,,,,,,
spelad,EK,2014/15,2015-06-02,,GKS Belchatow,Korona Kielce,2,2,D,,,,,,,,,,,,,,,,,,,,0.3215,0.2824,0.3961,1,,,,3.09,3.65,2.65,,,,,-0.1117,-1,4,-0.75,-0.3299,-0.0469,0,0,,,,0.0408,,,,,,,,,,,
spelad,EK,2014/15,2015-06-02,,Podbeskidzie,Leczna,1,0,H,,,,,,,,,,,,,,,,,,,,0.4438,0.2923,0.2639,1,,,,2.21,3.45,3.7,,,,,-0.5566,1,,,,,0,0,,,,-0.012,,,,,,,,,,,
spelad,EK,2014/15,2015-06-02,,Zawisza,Piast Gliwice,0,0,D,,,,,,,,,,,,,,,,,,,,0.5739,0.2391,0.1869,1,,,,1.74,4.2,5.86,,,,,-0.4458,-1,4,0.75,0.3834,-0.0411,0,0,,,,-0.0015,,,,,,,,,,,
spelad,EK,2014/15,2015-06-03,,Gornik Zabrze,Lech Poznan,1,6,A,,,,,,,,,,,,,,,,,,,,0.1501,0.2323,0.6176,1,,,,6.5,4.2,1.62,,,,,-0.5297,0,7,-2.1429,-0.6128,0.0182,0,0,,,,0.0451,,,,,,,,,,,
spelad,EK,2014/15,2015-06-03,,Lechia Gdansk,Legia,0,0,D,,,,,,,,,,,,,,,,,,,,0.334,0.2835,0.3825,1,,,,3.05,3.55,2.59,,,,,-0.409,1,7,-0.4286,0.4326,-0.2558,0,0,,,,-0.0217,,,,,,,,,,,
spelad,EK,2014/15,2015-06-03,,Pogon Szczecin,Jagiellonia,1,3,A,,,,,,,,,,,,,,,,,,,,0.3781,0.2878,0.3341,1,,,,2.6,3.41,3,,,,,-0.947,0,6,0,-0.0419,0.0431,0,0,,,,-0.0077,,,,,,,,,,,
spelad,EK,2014/15,2015-06-03,,Wisla,Slask Wroclaw,0,1,A,,,,,,,,,,,,,,,,,,,,0.4643,0.2693,0.2664,1,,,,2.25,3.62,3.8,,,,,-0.4507,-1,6,0,0.0234,0.0426,0,0,,,,-0.0179,,,,,,,,,,,
spelad,EK,2014/15,2015-06-05,,Korona Kielce,Podbeskidzie,3,1,H,,,,,,,,,,,,,,,,,,,,0.5667,0.2372,0.1961,1,,,,1.75,4.3,5.25,,,,,0.1965,0,7,1.2857,0.511,-0.0042,0,0,,,,-0.0177,,,,,,,,,,,
spelad,EK,2014/15,2015-06-05,,Leczna,GKS Belchatow,1,0,H,,,,,,,,,,,,,,,,,,,,0.6833,0.2001,0.1166,1,,,,1.55,4.85,8.32,,,,,0.0516,0,,,,,0,0,,,,-0.1066,,,,,,,,,,,
spelad,EK,2014/15,2015-06-05,,Piast Gliwice,Cracovia,0,3,A,,,,,,,,,,,,,,,,,,,,0.3644,0.2713,0.3644,1,,,,2.68,3.6,2.86,,,,,-0.4988,0,5,1.2,0.7647,-0.0994,0,0,,,,0.0144,,,,,,,,,,,
spelad,EK,2014/15,2015-06-05,,Ruch Chorzow,Zawisza,3,2,H,,,,,,,,,,,,,,,,,,,,0.3507,0.2786,0.3707,1,,,,3.45,3.65,2.63,,,,,0.4998,0,5,1.2,0.5819,-0.1005,0,0,,,,-0.0457,,,,,,,,,,,
spelad,EK,2014/15,2015-06-07,,Jagiellonia,Lechia Gdansk,4,2,H,,,,,,,,,,,,,,,,,,,,0.2903,0.2724,0.4373,1,,,,3.36,3.75,2.5,,,,,1.0944,0,6,-1,-0.384,0.043,0,0,,,,0.0737,,,,,,,,,,,
spelad,EK,2014/15,2015-06-07,,Lech Poznan,Wisla,0,0,D,,,,,,,,,,,,,,,,,,,,0.6769,0.2002,0.1229,1,,,,1.44,5.25,9,,,,,1.1714,0,7,1.2857,0.3444,-0.2673,0,0,,,,-0.0007,,,,,,,,,,,
spelad,EK,2014/15,2015-06-07,,Legia,Gornik Zabrze,2,0,H,,,,,,,,,,,,,,,,,,,,0.7852,0.1442,0.0706,1,,,,1.26,7.2,15,,,,,0.1784,0,7,2.1429,0.5258,0.0258,0,0,,,,-0.0198,,,,,,,,,,,
spelad,EK,2014/15,2015-06-07,,Slask Wroclaw,Pogon Szczecin,2,1,H,,,,,,,,,,,,,,,,,,,,0.5853,0.235,0.1797,1,,,,1.69,4.16,5.7,,,,,0.7105,0,6,0.5,-0.1019,0.2138,0,0,,,,-0.0225,,,,,,,,,,,
spelad,EK,2015/16,2015-07-17,,Lechia Gdansk,Cracovia,0,1,A,,,,,,,,,,,,,,,,,,,,0.5195,0.2752,0.2054,1,,,,2.05,3.6,4.77,,,,,-1.3661,,4,0,-0.0339,-0.2881,0,0,,,,-0.0875,,,,,,,,,,,
spelad,EK,2015/16,2015-07-17,,Wisla,Gornik Zabrze,1,1,D,,,,,,,,,,,,,,,,,,,,0.5063,0.2707,0.2231,1,,,,2.05,3.8,4.4,,,,,-0.3932,,8,0,-0.0736,-0.0396,0,0,,,,-0.0539,,,,,,,,,,,
spelad,EK,2015/16,2015-07-18,,Lech Poznan,Pogon Szczecin,1,2,A,,,,,,,,,,,,,,,,,,,,0.6425,0.2314,0.126,1,,,,1.55,4.25,8.1,,,,,1.2244,,8,0,-0.6728,0.243,0,0,,,,-0.0501,,,,,,,,,,,
spelad,EK,2015/16,2015-07-18,,Ruch Chorzow,Leczna,0,2,A,,,,,,,,,,,,,,,,,,,,0.4136,0.2985,0.2879,1,,,,2.42,3.27,3.41,,,,,0.5562,,3,-1,-0.313,-0.3079,0,0,,,,-0.0137,,,,,,,,,,,
spelad,EK,2015/16,2015-07-18,,Zaglebie,Podbeskidzie,1,1,D,,,,,,,,,,,,,,,,,,,,0.5361,0.2695,0.1944,1,,,,2.15,3.7,5.02,,,,,-0.7555,,5,-0.6,-0.5425,0.1222,1,0,,,,-0.099,,,,,,,,,,,
spelad,EK,2015/16,2015-07-19,,Korona Kielce,Jagiellonia,3,2,H,,,,,,,,,,,,,,,,,,,,0.4186,0.2799,0.3016,1,,,,2.8,3.47,3.38,,,,,-1.2399,,7,0.8571,0.3767,0.1336,0,0,,,,-0.0397,,,,,,,,,,,
spelad,EK,2015/16,2015-07-19,,Slask Wroclaw,Legia,1,4,A,,,,,,,,,,,,,,,,,,,,0.2849,0.2944,0.4206,1,,,,3.48,3.32,2.45,,,,,0.3357,,7,-1.2857,-0.2204,0.0238,0,0,,,,0.017,,,,,,,,,,,
spelad,EK,2015/16,2015-07-20,,Piast Gliwice,Termalica B-B.,1,0,H,,,,,,,,,,,,,,,,,,,,0.3811,0.3002,0.3188,1,,,,2.7,3.3,3.07,,,,,,,,,,,-1,0,,,,-0.0142,,,,,,,,,,,
spelad,EK,2015/16,2015-07-24,,Cracovia,Wisla,1,1,D,,,,,,,,,,,,,,,,,,,,0.4393,0.286,0.2747,1,,,,2.3,3.41,3.6,,,,,1.4573,0,4,-0.75,-0.0427,-0.0392,0,0,,,,-0.0409,,,,,,,,,,,
spelad,EK,2015/16,2015-07-24,,Ruch Chorzow,Piast Gliwice,2,0,H,,,,,,,,,,,,,,,,,,,,0.3434,0.3057,0.3508,1,,,,2.84,3.3,3.09,,,,,0.3656,2,7,0.8571,0.4208,-0.1534,0,0,,,,0.0706,,,,,,,,,,,
spelad,EK,2015/16,2015-07-25,,Lech Poznan,Lechia Gdansk,2,1,H,,,,,,,,,,,,,,,,,,,,0.4899,0.2802,0.2299,1,,,,2.03,3.7,4.6,,,,,0.5887,-1,8,1.5,0.5726,-0.2805,0,0,,,,-0.0252,,,,,,,,,,,
spelad,EK,2015/16,2015-07-25,,Zaglebie,Korona Kielce,0,2,A,,,,,,,,,,,,,,,,,,,,0.5329,0.277,0.1901,1,,,,2.05,3.6,5.13,,,,,-1.0953,1,5,0.6,0.1012,0.1105,1,0,,,,-0.0583,,,,,,,,,,,
spelad,EK,2015/16,2015-07-26,,Jagiellonia,Termalica B-B.,2,0,H,,,,,,,,,,,,,,,,,,,,0.4459,0.2924,0.2618,1,,,,2.23,3.6,4.4,,,,,,1,,,,,-1,0,,,,0.0189,,,,,,,,,,,
spelad,EK,2015/16,2015-07-26,,Legia,Podbeskidzie,5,0,H,,,,,,,,,,,,,,,,,,,,0.7383,0.1815,0.0803,1,,,,1.35,5.5,12.5,,,,,0.5471,-1,6,1,-0.1628,-0.2181,0,0,,,,-0.0501,,,,,,,,,,,
spelad,EK,2015/16,2015-07-26,,Pogon Szczecin,Slask Wroclaw,1,1,D,,,,,,,,,,,,,,,,,,,,0.415,0.2903,0.2947,1,,,,2.5,3.36,3.33,,,,,-0.5179,1,7,-0.8571,-0.2064,0.1496,0,0,,,,-0.0383,,,,,,,,,,,
spelad,EK,2015/16,2015-07-27,,Leczna,Gornik Zabrze,2,1,H,,,,,,,,,,,,,,,,,,,,0.3676,0.3023,0.3301,1,,,,2.66,3.25,3.1,,,,,0.5803,-1,,,,,0,0,,,,0.0224,,,,,,,,,,,
spelad,EK,2015/16,2015-07-31,,Lechia Gdansk,Pogon Szczecin,1,1,D,,,,,,,,,,,,,,,,,,,,0.5488,0.2612,0.19,1,,,,1.83,3.74,5.16,,,,,-0.5618,1,8,0.75,0.3422,-0.0478,0,0,,,,-0.05,,,,,,,,,,,
spelad,EK,2015/16,2015-07-31,,Piast Gliwice,Gornik Zabrze,3,2,H,,,,,,,,,,,,,,,,,,,,0.3808,0.291,0.3282,1,,,,2.62,3.35,3.1,,,,,0.3564,3,6,-0.5,0.0382,-0.1213,0,0,,,,-0.0059,,,,,,,,,,,
spelad,EK,2015/16,2015-08-01,,Podbeskidzie,Cracovia,0,1,A,,,,,,,,,,,,,,,,,,,,0.3199,0.293,0.3871,1,,,,3.06,3.33,2.59,,,,,-1.3229,-2,6,0,0.1548,0.0426,0,0,,,,0.0068,,,,,,,,,,,
spelad,EK,2015/16,2015-08-01,,Wisla,Lech Poznan,2,0,H,,,,,,,,,,,,,,,,,,,,0.2828,0.2948,0.4224,1,,,,3.45,3.35,2.55,,,,,-0.6018,1,8,-1.125,-0.0135,-0.1339,0,0,,,,0.0286,,,,,,,,,,,
spelad,EK,2015/16,2015-08-02,,Jagiellonia,Zaglebie,1,2,A,,,,,,,,,,,,,,,,,,,,0.3956,0.297,0.3073,1,,,,2.47,3.4,3.4,,,,,2.3811,-1,5,0.6,0.2682,0.0991,-1,0,,,,0.035,,,,,,,,,,,
spelad,EK,2015/16,2015-08-02,,Leczna,Legia,0,2,A,,,,,,,,,,,,,,,,,,,,0.1936,0.2601,0.5463,1,,,,5.4,3.8,1.79,,,,,-0.2602,-1,,,,,0,0,,,,-0.0028,,,,,,,,,,,
spelad,EK,2015/16,2015-08-02,,Slask Wroclaw,Termalica B-B.,2,0,H,,,,,,,,,,,,,,,,,,,,0.5633,0.2605,0.1762,1,,,,1.77,3.85,5.75,,,,,,0,,,,,-1,0,,,,-0.0188,,,,,,,,,,,
spelad,EK,2015/16,2015-08-03,,Korona Kielce,Ruch Chorzow,1,2,A,,,,,,,,,,,,,,,,,,,,0.3998,0.2992,0.301,1,,,,2.44,3.3,3.76,,,,,0.0621,-1,7,-0.4286,-0.2508,-0.0111,0,0,,,,0.0457,,,,,,,,,,,
spelad,EK,2015/16,2015-08-07,,Cracovia,Piast Gliwice,1,2,A,,,,,,,,,,,,,,,,,,,,0.5738,0.2495,0.1767,1,,,,1.74,4,5.9,,,,,0.724,-1,6,-0.5,-0.2818,-0.128,0,0,,,,-0.0401,,,,,,,,,,,
spelad,EK,2015/16,2015-08-07,,Termalica B-B.,Zaglebie,1,0,H,,,,,,,,,,,,,,,,,,,,0.2501,0.2983,0.4516,1,,,,4.2,3.4,2.2,,,,,,0,,,,,0,0,,,,-0.0044,,,,,,,,,,,
spelad,EK,2015/16,2015-08-08,,Gornik Zabrze,Jagiellonia,1,3,A,,,,,,,,,,,,,,,,,,,,0.4373,0.2955,0.2672,1,,,,2.32,3.4,3.78,,,,,-1.2417,2,7,-0.4286,-0.2439,0.0036,0,0,,,,-0.0052,,,,,,,,,,,
spelad,EK,2015/16,2015-08-08,,Lech Poznan,Korona Kielce,0,0,D,,,,,,,,,,,,,,,,,,,,0.6817,0.2083,0.11,1,,,,1.5,4.8,8.86,,,,,-0.2684,2,6,1,-0.0726,0.0724,0,0,,,,-0.0472,,,,,,,,,,,
spelad,EK,2015/16,2015-08-08,,Pogon Szczecin,Leczna,0,0,D,,,,,,,,,,,,,,,,,,,,0.5326,0.2785,0.1889,1,,,,1.92,3.5,5.16,,,,,-0.4423,2,,,,,0,0,,,,-0.0555,,,,,,,,,,,
spelad,EK,2015/16,2015-08-09,,Legia,Wisla,1,1,D,,,,,,,,,,,,,,,,,,,,0.6247,0.2298,0.1455,1,,,,1.58,4.45,7.48,,,,,1.1607,-1,8,1.5,0.2192,-0.0059,0,0,,,,-0.0157,,,,,,,,,,,
spelad,EK,2015/16,2015-08-09,,Slask Wroclaw,Lechia Gdansk,0,0,D,,,,,,,,,,,,,,,,,,,,0.4027,0.2927,0.3046,1,,,,2.53,3.4,3.32,,,,,1.1583,-2,7,2.5714,1.3507,-0.1525,0,0,,,,-0.0155,,,,,,,,,,,
spelad,EK,2015/16,2015-08-10,,Ruch Chorzow,Podbeskidzie,1,1,D,,,,,,,,,,,,,,,,,,,,0.3557,0.3035,0.3408,1,,,,2.73,3.3,3.2,,,,,1.2395,-2,7,0,0.0212,-0.1499,0,0,,,,0.072,,,,,,,,,,,
spelad,EK,2015/16,2015-08-14,,Korona Kielce,Cracovia,0,3,A,,,,,,,,,,,,,,,,,,,,0.294,0.2923,0.4137,1,,,,3.6,3.38,2.45,,,,,-0.0049,-1,6,0,0.2394,0.0516,0,0,,,,0.0159,,,,,,,,,,,
spelad,EK,2015/16,2015-08-14,,Zaglebie,Lech Poznan,2,1,H,,,,,,,,,,,,,,,,,,,,0.2958,0.2905,0.4136,1,,,,3.3,3.36,2.6,,,,,-0.8109,1,4,-1.5,-0.3924,0.2284,1,0,,,,0.0577,,,,,,,,,,,
spelad,EK,2015/16,2015-08-15,,Leczna,Slask Wroclaw,2,3,A,,,,,,,,,,,,,,,,,,,,0.309,0.3051,0.3859,1,,,,3.16,3.25,2.6,,,,,-0.2376,1,,,,,0,0,,,,0.0253,,,,,,,,,,,
spelad,EK,2015/16,2015-08-15,,Piast Gliwice,Legia,2,1,H,,,,,,,,,,,,,,,,,,,,0.1829,0.2321,0.585,1,,,,6,4.4,1.75,,,,,-0.0931,2,6,-1.5,0.0196,-0.0556,0,0,,,,-0.0034,,,,,,,,,,,
spelad,EK,2015/16,2015-08-15,,Termalica B-B.,Gornik Zabrze,3,0,H,,,,,,,,,,,,,,,,,,,,0.3672,0.3066,0.3262,1,,,,3,3.35,2.96,,,,,,1,,,,,1,0,,,,-0.0156,,,,,,,,,,,
spelad,EK,2015/16,2015-08-16,,Jagiellonia,Ruch Chorzow,2,1,H,,,,,,,,,,,,,,,,,,,,0.4781,0.2903,0.2317,1,,,,2.17,3.4,4.21,,,,,0.5989,2,6,0.5,0.249,-0.1216,0,0,,,,-0.0286,,,,,,,,,,,
spelad,EK,2015/16,2015-08-16,,Wisla,Lechia Gdansk,3,3,D,,,,,,,,,,,,,,,,,,,,0.3951,0.2922,0.3128,1,,,,2.62,3.34,3.25,,,,,0.8007,0,8,0.75,0.3599,0.2092,0,0,,,,-0.028,,,,,,,,,,,
spelad,EK,2015/16,2015-08-17,,Podbeskidzie,Pogon Szczecin,2,3,A,,,,,,,,,,,,,,,,,,,,0.3794,0.3019,0.3187,1,,,,2.7,3.27,3.25,,,,,-0.2212,-2,6,-0.5,-0.059,-0.119,0,0,,,,-0.003,,,,,,,,,,,
spelad,EK,2015/16,2015-08-21,,Lechia Gdansk,Leczna,3,1,H,,,,,,,,,,,,,,,,,,,,0.603,0.2424,0.1546,1,,,,1.69,4.03,6.46,,,,,-0.8616,-1,,,,,0,0,,,,-0.0345,,,,,,,,,,,
spelad,EK,2015/16,2015-08-21,,Pogon Szczecin,Wisla,1,1,D,,,,,,,,,,,,,,,,,,,,0.4392,0.2876,0.2731,1,,,,2.5,3.4,3.72,,,,,0.1765,-1,8,-1.125,-0.3587,0.0851,0,0,,,,-0.0185,,,,,,,,,,,
spelad,EK,2015/16,2015-08-22,,Cracovia,Jagiellonia,1,1,D,,,,,,,,,,,,,,,,,,,,0.4692,0.2812,0.2496,1,,,,2.17,3.6,4.25,,,,,0.0629,2,5,0.6,0.2353,0.1087,0,0,,,,-0.0035,,,,,,,,,,,
spelad,EK,2015/16,2015-08-22,,Ruch Chorzow,Termalica B-B.,4,1,H,,,,,,,,,,,,,,,,,,,,0.3424,0.3078,0.3498,1,,,,2.85,3.3,3,,,,,0.3028,-1,,,,,-1,0,,,,0.0343,,,,,,,,,,,
spelad,EK,2015/16,2015-08-22,,Slask Wroclaw,Podbeskidzie,1,1,D,,,,,,,,,,,,,,,,,,,,0.584,0.239,0.177,1,,,,1.74,4.2,6,,,,,1.1737,2,7,0.4286,-0.4867,0.5802,0,0,,,,-0.038,,,,,,,,,,,
spelad,EK,2015/16,2015-08-23,,Lech Poznan,Piast Gliwice,0,1,A,,,,,,,,,,,,,,,,,,,,0.6465,0.2229,0.1307,1,,,,1.55,4.39,7.5,,,,,-1.1203,1,6,2,0.6406,-0.2652,0,0,,,,-0.0486,,,,,,,,,,,
spelad,EK,2015/16,2015-08-23,,Legia,Korona Kielce,1,2,A,,,,,,,,,,,,,,,,,,,,0.7396,0.187,0.0734,1,,,,1.32,6,13.5,,,,,-0.2832,-1,6,1.5,0.1884,-0.0846,0,0,,,,-0.0168,,,,,,,,,,,
spelad,EK,2015/16,2015-08-24,,Gornik Zabrze,Zaglebie,2,2,D,,,,,,,,,,,,,,,,,,,,0.364,0.3097,0.3263,1,,,,2.75,3.25,2.99,,,,,-0.3469,-1,4,0,-0.0079,-0.2776,-1,0,,,,-0.0185,,,,,,,,,,,
spelad,EK,2015/16,2015-08-28,,Podbeskidzie,Lechia Gdansk,1,1,D,,,,,,,,,,,,,,,,,,,,0.3116,0.2903,0.3981,1,,,,3.13,3.44,2.68,,,,,0.3196,-1,6,0.5,0.5744,-0.1193,0,0,,,,0.0252,,,,,,,,,,,
spelad,EK,2015/16,2015-08-28,,Wisla,Slask Wroclaw,4,2,H,,,,,,,,,,,,,,,,,,,,0.3764,0.291,0.3327,1,,,,2.6,3.45,2.97,,,,,-0.4046,1,7,-0.4286,-0.2174,-0.002,0,0,,,,0.0069,,,,,,,,,,,
spelad,EK,2015/16,2015-08-29,,Korona Kielce,Pogon Szczecin,1,1,D,,,,,,,,,,,,,,,,,,,,0.3378,0.3032,0.359,1,,,,2.89,3.35,2.78,,,,,0.5629,-2,6,-1,-0.4033,0.0425,0,0,,,,0.0028,,,,,,,,,,,
spelad,EK,2015/16,2015-08-29,,Piast Gliwice,Leczna,3,0,H,,,,,,,,,,,,,,,,,,,,0.4689,0.2753,0.2559,1,,,,2.1,3.56,4.5,,,,,0.8689,-2,3,0,-0.0626,0.0316,0,0,,,,0.0444,,,,,,,,,,,
spelad,EK,2015/16,2015-08-29,,Zaglebie,Ruch Chorzow,3,1,H,,,,,,,,,,,,,,,,,,,,0.5574,0.2622,0.1803,1,,,,1.91,3.8,5.5,,,,,-0.8205,-2,4,-1.5,-0.6339,-0.2903,1,0,,,,-0.0438,,,,,,,,,,,
spelad,EK,2015/16,2015-08-30,,Gornik Zabrze,Cracovia,1,1,D,,,,,,,,,,,,,,,,,,,,0.3163,0.3044,0.3793,1,,,,3.07,3.3,2.59,,,,,-1.449,-2,4,0,0.118,-0.2884,0,0,,,,0.0158,,,,,,,,,,,
spelad,EK,2015/16,2015-08-30,,Jagiellonia,Legia,1,1,D,,,,,,,,,,,,,,,,,,,,0.2566,0.2702,0.4732,1,,,,4.1,3.6,2.14,,,,,0.962,1,7,-0.4286,0.5964,-0.2332,0,0,,,,0.0222,,,,,,,,,,,
spelad,EK,2015/16,2015-08-30,,Termalica B-B.,Lech Poznan,3,1,H,,,,,,,,,,,,,,,,,,,,0.1805,0.2483,0.5712,1,,,,5.42,3.91,1.8,,,,,0.8105,1,,,,,1,0,,,,0.0448,,,,,,,,,,,
spelad,EK,2015/16,2015-09-11,,Lechia Gdansk,Korona Kielce,0,0,D,,,,,,,,,,,,,,,,,,,,0.6304,0.231,0.1386,1,,,,1.6,4.3,7.5,,,,,-1.2516,1,6,-0.5,-0.3731,-0.1252,0,0,,,,-0.04,,,,,,,,,,,
spelad,EK,2015/16,2015-09-11,,Legia,Zaglebie,2,2,D,,,,,,,,,,,,,,,,,,,,0.5569,0.2613,0.1818,1,,,,1.79,3.9,6,,,,,-0.1221,-1,4,2.25,0.5522,-0.0024,-1,0,,,,0.0024,,,,,,,,,,,
spelad,EK,2015/16,2015-09-12,,Cracovia,Termalica B-B.,2,3,A,,,,,,,,,,,,,,,,,,,,0.5299,0.2635,0.2066,1,,,,1.84,3.75,4.9,,,,,0.1995,0,,,,,-1,0,,,,-0.0178,,,,,,,,,,,
spelad,EK,2015/16,2015-09-12,,Lech Poznan,Podbeskidzie,0,1,A,,,,,,,,,,,,,,,,,,,,0.6856,0.2071,0.1072,1,,,,1.5,4.9,9.25,,,,,-0.8121,-2,6,1,-0.2382,0.1037,0,0,,,,-0.0278,,,,,,,,,,,
spelad,EK,2015/16,2015-09-12,,Slask Wroclaw,Jagiellonia,3,1,H,,,,,,,,,,,,,,,,,,,,0.4758,0.2723,0.252,1,,,,2.15,3.62,4,,,,,-0.5219,2,8,0,-0.169,-0.0338,0,0,,,,-0.022,,,,,,,,,,,
spelad,EK,2015/16,2015-09-13,,Pogon Szczecin,Piast Gliwice,3,1,H,,,,,,,,,,,,,,,,,,,,0.4644,0.2755,0.2601,1,,,,2.2,3.6,3.82,,,,,-0.9267,0,6,-1,-0.6579,0.0457,0,0,,,,-0.024,,,,,,,,,,,
spelad,EK,2015/16,2015-09-13,,Ruch Chorzow,Gornik Zabrze,1,0,H,,,,,,,,,,,,,,,,,,,,0.3308,0.282,0.3872,1,,,,2.95,3.5,2.7,,,,,1.1887,1,7,-0.8571,-0.3378,0.1305,0,0,,,,0.0306,,,,,,,,,,,
spelad,EK,2015/16,2015-09-14,,Leczna,Wisla,1,0,H,,,,,,,,,,,,,,,,,,,,0.3039,0.2895,0.4065,1,,,,3.31,3.4,2.45,,,,,-0.2753,-1,,,,,0,0,,,,0.0156,,,,,,,,,,,
spelad,EK,2015/16,2015-09-18,,Gornik Zabrze,Slask Wroclaw,2,0,H,,,,,,,,,,,,,,,,,,,,0.3473,0.2799,0.3728,1,,,,2.78,3.55,2.7,,,,,-0.9103,-1,7,0,0.0699,0.1474,0,0,,,,0.0178,,,,,,,,,,,
spelad,EK,2015/16,2015-09-18,,Zaglebie,Cracovia,4,2,H,,,,,,,,,,,,,,,,,,,,0.4643,0.2701,0.2657,1,,,,2.15,3.61,4,,,,,0.0756,1,3,-3,-1.5457,-0.2828,1,0,,,,-0.0107,,,,,,,,,,,
spelad,EK,2015/16,2015-09-19,,Piast Gliwice,Lechia Gdansk,2,1,H,,,,,,,,,,,,,,,,,,,,0.3559,0.2802,0.3639,1,,,,2.77,3.48,2.95,,,,,1.7073,-2,6,-0.5,0.0778,-0.1218,0,0,,,,0.015,,,,,,,,,,,
spelad,EK,2015/16,2015-09-19,,Podbeskidzie,Wisla,0,6,A,,,,,,,,,,,,,,,,,,,,0.3181,0.2698,0.4121,1,,,,3.3,3.62,2.58,,,,,-0.1994,2,6,0,0.1686,0.3831,0,0,,,,-0.0042,,,,,,,,,,,
spelad,EK,2015/16,2015-09-19,,Termalica B-B.,Pogon Szczecin,1,1,D,,,,,,,,,,,,,,,,,,,,0.3581,0.2941,0.3478,1,,,,2.92,3.35,2.8,,,,,0.0193,1,,,,,1,0,,,,-0.0406,,,,,,,,,,,
spelad,EK,2015/16,2015-09-20,,Jagiellonia,Lech Poznan,1,0,H,,,,,,,,,,,,,,,,,,,,0.3305,0.2842,0.3853,1,,,,3,3.45,2.6,,,,,1.5532,0,7,0.4286,0.9706,-0.2462,0,0,,,,0.0086,,,,,,,,,,,
spelad,EK,2015/16,2015-09-20,,Ruch Chorzow,Legia,1,4,A,,,,,,,,,,,,,,,,,,,,0.2066,0.2607,0.5328,1,,,,4.75,3.75,1.92,,,,,0.8905,-2,7,-0.4286,0.4503,0.0508,0,0,,,,0.0276,,,,,,,,,,,
spelad,EK,2015/16,2015-09-21,,Korona Kielce,Leczna,0,2,A,,,,,,,,,,,,,,,,,,,,0.4495,0.2911,0.2594,1,,,,2.2,3.5,3.76,,,,,0.3089,3,3,-1,-0.4091,-0.2847,0,0,,,,-0.0413,,,,,,,,,,,
spelad,EK,2015/16,2015-09-25,,Slask Wroclaw,Piast Gliwice,1,2,A,,,,,,,,,,,,,,,,,,,,0.4599,0.2716,0.2686,1,,,,2.22,3.6,3.66,,,,,-1.1767,1,7,-0.8571,-0.7933,0.1492,0,0,,,,-0.0233,,,,,,,,,,,
spelad,EK,2015/16,2015-09-25,,Wisla,Korona Kielce,0,0,D,,,,,,,,,,,,,,,,,,,,0.6086,0.2318,0.1596,1,,,,1.63,4.5,6.75,,,,,0.2662,2,6,1.5,0.647,-0.1274,0,0,,,,-0.014,,,,,,,,,,,
spelad,EK,2015/16,2015-09-26,,Cracovia,Ruch Chorzow,2,1,H,,,,,,,,,,,,,,,,,,,,0.5808,0.2515,0.1677,1,,,,1.75,3.9,5.9,,,,,-0.9283,2,5,0.6,0.326,-0.2939,0,0,,,,-0.0384,,,,,,,,,,,
spelad,EK,2015/16,2015-09-26,,Lech Poznan,Gornik Zabrze,1,1,D,,,,,,,,,,,,,,,,,,,,0.6427,0.2348,0.1224,1,,,,1.67,4.4,7.98,,,,,-0.6304,-2,8,2.25,0.6347,-0.0131,0,0,,,,-0.0914,,,,,,,,,,,
spelad,EK,2015/16,2015-09-26,,Leczna,Podbeskidzie,1,2,A,,,,,,,,,,,,,,,,,,,,0.4434,0.2787,0.2779,1,,,,2.3,3.56,3.55,,,,,0.4808,-2,3,-2,-1.0112,0.0422,0,0,,,,-0.027,,,,,,,,,,,
spelad,EK,2015/16,2015-09-27,,Lechia Gdansk,Zaglebie,3,1,H,,,,,,,,,,,,,,,,,,,,0.4207,0.2781,0.3012,1,,,,2.35,3.52,3.25,,,,,-0.8408,-1,4,2.25,1.1742,-0.0433,-1,0,,,,-0.0205,,,,,,,,,,,
spelad,EK,2015/16,2015-09-27,,Legia,Termalica B-B.,1,1,D,,,,,,,,,,,,,,,,,,,,0.6691,0.2031,0.1279,1,,,,1.54,5.25,10,,,,,-1.0688,-1,,,,,-1,0,,,,-0.0348,,,,,,,,,,,
spelad,EK,2015/16,2015-09-28,,Pogon Szczecin,Jagiellonia,2,1,H,,,,,,,,,,,,,,,,,,,,0.4207,0.2905,0.2888,1,,,,2.37,3.4,3.56,,,,,-0.3979,1,7,-0.4286,-0.239,-0.0042,0,0,,,,-0.0022,,,,,,,,,,,
spelad,EK,2015/16,2015-10-02,,Jagiellonia,Lechia Gdansk,0,3,A,,,,,,,,,,,,,,,,,,,,0.3458,0.2903,0.3639,1,,,,2.82,3.42,2.95,,,,,0.3848,-1,7,-0.4286,-0.0638,-0.002,0,0,,,,0.0333,,,,,,,,,,,
spelad,EK,2015/16,2015-10-02,,Ruch Chorzow,Pogon Szczecin,0,2,A,,,,,,,,,,,,,,,,,,,,0.3,0.2902,0.4097,1,,,,3.25,3.36,2.5,,,,,-0.137,2,7,-0.8571,-0.4863,0.1337,0,0,,,,0.0361,,,,,,,,,,,
spelad,EK,2015/16,2015-10-03,,Korona Kielce,Podbeskidzie,0,0,D,,,,,,,,,,,,,,,,,,,,0.4514,0.2701,0.2786,1,,,,2.17,3.61,3.75,,,,,-0.1316,1,8,1.5,0.58,-0.0333,0,0,,,,-0.0146,,,,,,,,,,,
spelad,EK,2015/16,2015-10-03,,Piast Gliwice,Wisla,1,0,H,,,,,,,,,,,,,,,,,,,,0.3551,0.2751,0.3699,1,,,,2.8,3.55,3,,,,,1.2644,0,6,0,0.2539,0.049,0,0,,,,0.0276,,,,,,,,,,,
spelad,EK,2015/16,2015-10-03,,Termalica B-B.,Leczna,1,1,D,,,,,,,,,,,,,,,,,,,,0.4582,0.2837,0.2582,1,,,,2.13,3.46,3.9,,,,,0.9145,-1,,,,,0,0,,,,-0.0188,,,,,,,,,,,
spelad,EK,2015/16,2015-10-04,,Cracovia,Lech Poznan,5,2,H,,,,,,,,,,,,,,,,,,,,0.3179,0.287,0.3951,1,,,,3.07,3.4,2.55,,,,,1.4168,0,4,-0.75,-0.0677,0.4957,0,0,,,,0.0131,,,,,,,,,,,
spelad,EK,2015/16,2015-10-04,,Gornik Zabrze,Legia,2,2,D,,,,,,,,,,,,,,,,,,,,0.2324,0.2617,0.5058,1,,,,4.3,3.73,2.02,,,,,0.2369,1,8,-2.25,-0.5272,0.0045,0,0,,,,0.01,,,,,,,,,,,
spelad,EK,2015/16,2015-10-04,,Zaglebie,Slask Wroclaw,1,1,D,,,,,,,,,,,,,,,,,,,,0.45,0.2889,0.2611,1,,,,2.22,3.55,3.77,,,,,0.6273,-2,5,0,0.2739,-0.0838,0,0,,,,-0.0061,,,,,,,,,,,
spelad,EK,2015/16,2015-10-16,,Lechia Gdansk,Gornik Zabrze,1,1,D,,,,,,,,,,,,,,,,,,,,0.5902,0.2447,0.1651,1,,,,1.75,4.05,6,,,,,0.4357,2,8,0.375,0.0475,0.0873,0,0,,,,-0.0638,,,,,,,,,,,
spelad,EK,2015/16,2015-10-16,,Slask Wroclaw,Korona Kielce,0,1,A,,,,,,,,,,,,,,,,,,,,0.5726,0.2555,0.172,1,,,,1.74,3.85,5.75,,,,,-0.3759,-1,7,1.2857,0.289,0.2916,0,0,,,,-0.0304,,,,,,,,,,,
spelad,EK,2015/16,2015-10-17,,Lech Poznan,Ruch Chorzow,2,2,D,,,,,,,,,,,,,,,,,,,,0.7212,0.1883,0.0905,1,,,,1.4,5.3,12,,,,,-1.4568,-2,7,2.1429,0.5964,0.0174,0,0,,,,-0.0274,,,,,,,,,,,
spelad,EK,2015/16,2015-10-17,,Leczna,Jagiellonia,3,2,H,,,,,,,,,,,,,,,,,,,,0.3342,0.2948,0.371,1,,,,2.92,3.35,2.74,,,,,-0.2605,-1,,,,,0,0,,,,0.0183,,,,,,,,,,,
spelad,EK,2015/16,2015-10-17,,Podbeskidzie,Piast Gliwice,2,2,D,,,,,,,,,,,,,,,,,,,,0.3027,0.2842,0.4131,1,,,,3.22,3.52,2.42,,,,,-1.3817,0,8,-2.25,-0.9954,-0.0379,0,0,,,,0.0356,,,,,,,,,,,
spelad,EK,2015/16,2015-10-18,,Legia,Cracovia,3,1,H,,,,,,,,,,,,,,,,,,,,0.6046,0.2323,0.1631,1,,,,1.74,4.19,5.97,,,,,-0.7721,0,4,3,0.9584,-0.241,0,0,,,,-0.0651,,,,,,,,,,,
spelad,EK,2015/16,2015-10-18,,Wisla,Termalica B-B.,0,0,D,,,,,,,,,,,,,,,,,,,,0.5276,0.266,0.2064,1,,,,1.86,3.75,5.1,,,,,-0.8785,0,,,,,0,0,,,,-0.0147,,,,,,,,,,,
spelad,EK,2015/16,2015-10-19,,Pogon Szczecin,Zaglebie,0,0,D,,,,,,,,,,,,,,,,,,,,0.3379,0.2976,0.3645,1,,,,2.89,3.28,2.85,,,,,0.3933,2,4,0.75,0.5453,-0.0387,0,0,,,,0.028,,,,,,,,,,,
spelad,EK,2015/16,2015-10-23,,Jagiellonia,Wisla,1,4,A,,,,,,,,,,,,,,,,,,,,0.4115,0.2956,0.2929,1,,,,2.42,3.4,3.33,,,,,0.04,1,7,1.2857,0.6487,0.2854,0,0,,,,-0.0265,,,,,,,,,,,
spelad,EK,2015/16,2015-10-23,,Ruch Chorzow,Slask Wroclaw,1,0,H,,,,,,,,,,,,,,,,,,,,0.2837,0.2957,0.4206,1,,,,3.5,3.3,2.36,,,,,0.4818,-1,6,0,0.2385,0.0469,0,0,,,,0.0177,,,,,,,,,,,
spelad,EK,2015/16,2015-10-24,,Cracovia,Pogon Szczecin,4,1,H,,,,,,,,,,,,,,,,,,,,0.4483,0.2833,0.2685,1,,,,2.35,3.45,3.68,,,,,-0.6135,1,4,-2.25,-0.9514,-0.0377,0,0,,,,-0.0551,,,,,,,,,,,
spelad,EK,2015/16,2015-10-24,,Piast Gliwice,Korona Kielce,0,1,A,,,,,,,,,,,,,,,,,,,,0.5238,0.2684,0.2077,1,,,,1.95,3.75,4.69,,,,,0.9836,-1,8,-1.5,-0.6493,-0.0451,0,0,,,,-0.0277,,,,,,,,,,,
spelad,EK,2015/16,2015-10-24,,Zaglebie,Leczna,0,0,D,,,,,,,,,,,,,,,,,,,,0.5444,0.2619,0.1937,1,,,,1.83,3.8,5.5,,,,,0.1417,-2,,,,,0,0,,,,-0.0117,,,,,,,,,,,
spelad,EK,2015/16,2015-10-25,,Legia,Lech Poznan,0,1,A,,,,,,,,,,,,,,,,,,,,0.5037,0.2648,0.2315,1,,,,1.99,3.75,4.3,,,,,0.9297,-1,8,0.75,0.1967,-0.0387,0,0,,,,-0.041,,,,,,,,,,,
spelad,EK,2015/16,2015-10-25,,Termalica B-B.,Lechia Gdansk,0,1,A,,,,,,,,,,,,,,,,,,,,0.2559,0.2928,0.4513,1,,,,4,3.35,2.23,,,,,0.5327,-2,,,,,0,0,,,,0.0253,,,,,,,,,,,
spelad,EK,2015/16,2015-10-26,,Gornik Zabrze,Podbeskidzie,0,2,A,,,,,,,,,,,,,,,,,,,,0.4923,0.2634,0.2443,1,,,,2.1,3.7,3.99,,,,,-0.301,1,6,1.5,0.5041,-0.1105,0,0,,,,-0.0454,,,,,,,,,,,
spelad,EK,2015/16,2015-10-30,,Leczna,Cracovia,1,0,H,,,,,,,,,,,,,,,,,,,,0.3067,0.292,0.4013,1,,,,3.18,3.45,2.62,,,,,0.3511,0,3,-1,-0.3998,-0.3045,0,0,,,,0.0446,,,,,,,,,,,
spelad,EK,2015/16,2015-10-30,,Pogon Szczecin,Gornik Zabrze,1,1,D,,,,,,,,,,,,,,,,,,,,0.4708,0.2793,0.2499,1,,,,2.16,3.5,3.94,,,,,0.3748,2,8,0,-0.0958,0.2039,0,0,,,,-0.0232,,,,,,,,,,,
spelad,EK,2015/16,2015-10-30,,Wisla,Ruch Chorzow,0,0,D,,,,,,,,,,,,,,,,,,,,0.641,0.2287,0.1303,1,,,,1.67,4.33,7.57,,,,,-0.2704,0,7,0.4286,-0.0819,0.2792,0,0,,,,-0.062,,,,,,,,,,,
spelad,EK,2015/16,2015-10-31,,Lechia Gdansk,Legia,1,3,A,,,,,,,,,,,,,,,,,,,,0.3497,0.2903,0.36,1,,,,2.89,3.36,2.75,,,,,0.8854,0,8,-0.375,0.3428,-0.1343,0,0,,,,0.0008,,,,,,,,,,,
spelad,EK,2015/16,2015-10-31,,Piast Gliwice,Zaglebie,2,0,H,,,,,,,,,,,,,,,,,,,,0.355,0.2888,0.3563,1,,,,2.81,3.4,3,,,,,0.7898,0,5,1.2,0.7954,-0.0881,0,0,,,,0.014,,,,,,,,,,,
spelad,EK,2015/16,2015-10-31,,Slask Wroclaw,Lech Poznan,1,1,D,,,,,,,,,,,,,,,,,,,,0.3146,0.2983,0.3871,1,,,,3.3,3.35,2.52,,,,,0.2679,2,7,-0.4286,0.0645,0.0128,0,0,,,,-0.0212,,,,,,,,,,,
spelad,EK,2015/16,2015-11-02,,Korona Kielce,Termalica B-B.,0,1,A,,,,,,,,,,,,,,,,,,,,0.364,0.2974,0.3387,1,,,,2.79,3.28,3.04,,,,,0.4476,1,,,,,0,0,,,,0.0037,,,,,,,,,,,
spelad,EK,2015/16,2015-11-02,,Podbeskidzie,Jagiellonia,1,1,D,,,,,,,,,,,,,,,,,,,,0.3427,0.2831,0.3742,1,,,,3.1,3.45,2.66,,,,,1.2052,-3,7,0,0.2265,-0.1426,0,0,,,,-0.0096,,,,,,,,,,,
spelad,EK,2015/16,2015-11-06,,Cracovia,Slask Wroclaw,4,1,H,,,,,,,,,,,,,,,,,,,,0.4539,0.2818,0.2643,1,,,,2.16,3.56,3.71,,,,,0.68,1,5,-0.6,-0.0222,0.1269,0,0,,,,-0.029,,,,,,,,,,,
spelad,EK,2015/16,2015-11-06,,Zaglebie,Wisla,1,3,A,,,,,,,,,,,,,,,,,,,,0.4,0.294,0.306,1,,,,2.44,3.33,3.4,,,,,-0.102,-1,4,1.5,1.0382,-0.2928,0,0,,,,0.0259,,,,,,,,,,,
spelad,EK,2015/16,2015-11-07,,Jagiellonia,Piast Gliwice,0,2,A,,,,,,,,,,,,,,,,,,,,0.4237,0.2737,0.3026,1,,,,2.45,3.56,3.4,,,,,-1.244,-2,7,0.4286,0.085,-0.0006,0,0,,,,-0.0299,,,,,,,,,,,
spelad,EK,2015/16,2015-11-07,,Ruch Chorzow,Lechia Gdansk,3,2,H,,,,,,,,,,,,,,,,,,,,0.2139,0.2755,0.5106,1,,,,4.56,3.55,2.05,,,,,0.2217,1,7,-0.4286,-0.3975,0.5654,0,0,,,,0.0432,,,,,,,,,,,
spelad,EK,2015/16,2015-11-07,,Termalica B-B.,Podbeskidzie,0,2,A,,,,,,,,,,,,,,,,,,,,0.4779,0.2746,0.2474,1,,,,2.2,3.55,4,,,,,0.0189,0,,,,,0,0,,,,-0.053,,,,,,,,,,,
spelad,EK,2015/16,2015-11-08,,Gornik Zabrze,Korona Kielce,0,1,A,,,,,,,,,,,,,,,,,,,,0.4284,0.2933,0.2783,1,,,,2.37,3.35,3.6,,,,,-0.2624,3,6,0.5,-0.035,0.2139,0,0,,,,-0.0029,,,,,,,,,,,
spelad,EK,2015/16,2015-11-08,,Lech Poznan,Leczna,3,1,H,,,,,,,,,,,,,,,,,,,,0.6639,0.2169,0.1192,1,,,,1.49,4.47,11.81,,,,,-1.5924,-1,,,,,0,0,,,,-0.0415,,,,,,,,,,,
spelad,EK,2015/16,2015-11-08,,Legia,Pogon Szczecin,1,0,H,,,,,,,,,,,,,,,,,,,,0.647,0.22,0.1329,1,,,,1.54,4.45,8,,,,,-0.389,-1,8,2.25,0.6485,-0.2379,0,0,,,,-0.0393,,,,,,,,,,,
spelad,EK,2015/16,2015-11-20,,Gornik Zabrze,Wisla,1,1,D,,,,,,,,,,,,,,,,,,,,0.2569,0.2847,0.4584,1,,,,3.8,3.48,2.32,,,,,-0.1963,-2,9,0,0.1074,0.0458,0,0,,,,0.0659,,,,,,,,,,,
spelad,EK,2015/16,2015-11-20,,Termalica B-B.,Piast Gliwice,3,5,A,,,,,,,,,,,,,,,,,,,,0.3682,0.287,0.3448,1,,,,3,3.4,2.93,,,,,-0.593,0,,,,,0,0,,,,-0.0251,,,,,,,,,,,
spelad,EK,2015/16,2015-11-21,,Jagiellonia,Korona Kielce,1,0,H,,,,,,,,,,,,,,,,,,,,0.4416,0.2788,0.2796,1,,,,2.21,3.55,3.9,,,,,-1.2344,1,8,-1.125,-0.5945,0.0819,0,0,,,,0.0292,,,,,,,,,,,
spelad,EK,2015/16,2015-11-21,,Leczna,Ruch Chorzow,0,3,A,,,,,,,,,,,,,,,,,,,,0.5217,0.2703,0.208,1,,,,2,3.66,4.8,,,,,0.1722,-1,4,1.5,0.9251,-0.3056,0,0,,,,-0.0378,,,,,,,,,,,
spelad,EK,2015/16,2015-11-21,,Legia,Slask Wroclaw,1,0,H,,,,,,,,,,,,,,,,,,,,0.6407,0.2136,0.1458,1,,,,1.55,4.6,6.9,,,,,0.8169,-2,8,1.5,0.3525,-0.016,0,0,,,,-0.0576,,,,,,,,,,,
spelad,EK,2015/16,2015-11-22,,Podbeskidzie,Zaglebie,1,2,A,,,,,,,,,,,,,,,,,,,,0.2945,0.2834,0.422,1,,,,3.4,3.48,2.6,,,,,1.3675,-1,6,0.5,0.3748,0.2236,0,0,,,,0.0257,,,,,,,,,,,
spelad,EK,2015/16,2015-11-22,,Pogon Szczecin,Lech Poznan,0,2,A,,,,,,,,,,,,,,,,,,,,0.2602,0.2984,0.4415,1,,,,3.75,3.3,2.3,,,,,0.8162,0,9,0.3333,0.6476,0.1903,0,0,,,,0.0435,,,,,,,,,,,
spelad,EK,2015/16,2015-11-23,,Cracovia,Lechia Gdansk,3,0,H,,,,,,,,,,,,,,,,,,,,0.3662,0.2871,0.3466,1,,,,2.68,3.45,2.95,,,,,0.3226,1,5,0.6,0.6794,-0.2855,0,0,,,,0.0194,,,,,,,,,,,
spelad,EK,2015/16,2015-11-27,,Korona Kielce,Zaglebie,0,2,A,,,,,,,,,,,,,,,,,,,,0.3023,0.3071,0.3906,1,,,,3.25,3.2,2.59,,,,,0.6123,1,6,0,0.1824,0.0459,0,0,,,,0.0327,,,,,,,,,,,
spelad,EK,2015/16,2015-11-27,,Piast Gliwice,Ruch Chorzow,3,0,H,,,,,,,,,,,,,,,,,,,,0.5553,0.2613,0.1834,1,,,,1.8,3.84,5.33,,,,,0.4847,1,8,-1.125,-0.4038,-0.1725,0,0,,,,-0.057,,,,,,,,,,,
spelad,EK,2015/16,2015-11-28,,Gornik Zabrze,Leczna,1,1,D,,,,,,,,,,,,,,,,,,,,0.4264,0.2906,0.283,1,,,,2.4,3.42,3.5,,,,,-0.3159,1,3,1,0.6599,-0.2937,0,0,,,,-0.0193,,,,,,,,,,,
spelad,EK,2015/16,2015-11-28,,Slask Wroclaw,Pogon Szczecin,0,0,D,,,,,,,,,,,,,,,,,,,,0.4647,0.2913,0.244,1,,,,2.3,3.4,4,,,,,-0.9276,1,8,0.75,0.0279,0.2197,0,0,,,,-0.0556,,,,,,,,,,,
spelad,EK,2015/16,2015-11-29,,Lechia Gdansk,Lech Poznan,0,1,A,,,,,,,,,,,,,,,,,,,,0.3839,0.3105,0.3056,1,,,,2.86,3.35,3.19,,,,,-0.094,-1,9,-1.6667,-0.3674,-0.2805,0,0,,,,-0.05,,,,,,,,,,,
spelad,EK,2015/16,2015-11-29,,Podbeskidzie,Legia,2,2,D,,,,,,,,,,,,,,,,,,,,0.1657,0.2365,0.5978,1,,,,6.03,4.25,1.7,,,,,0.1514,-1,7,-1.2857,0.2662,-0.2129,0,0,,,,0.0258,,,,,,,,,,,
spelad,EK,2015/16,2015-11-29,,Wisla,Cracovia,1,2,A,,,,,,,,,,,,,,,,,,,,0.4414,0.2921,0.2665,1,,,,2.25,3.55,3.66,,,,,-0.4773,3,5,0.6,0.0435,0.1114,0,0,,,,-0.01,,,,,,,,,,,
spelad,EK,2015/16,2015-12-01,,Gornik Zabrze,Piast Gliwice,5,2,H,,,,,,,,,,,,,,,,,,,,0.3388,0.2741,0.3872,1,,,,3.1,3.56,2.52,,,,,-1.3387,-1,7,0,-0.111,-0.1456,0,0,,,,-0.0295,,,,,,,,,,,
spelad,EK,2015/16,2015-12-01,,Ruch Chorzow,Korona Kielce,2,1,H,,,,,,,,,,,,,,,,,,,,0.3695,0.3097,0.3209,1,,,,2.64,3.25,3.13,,,,,0.2567,0,8,0.75,0.4539,-0.0471,0,0,,,,0.0244,,,,,,,,,,,
spelad,EK,2015/16,2015-12-01,,Termalica B-B.,Slask Wroclaw,1,1,D,,,,,,,,,,,,,,,,,,,,0.3638,0.3,0.3362,1,,,,2.73,3.25,2.91,,,,,0.6169,7,,,,,0,0,,,,-0.0027,,,,,,,,,,,
spelad,EK,2015/16,2015-12-01,,Zaglebie,Jagiellonia,0,2,A,,,,,,,,,,,,,,,,,,,,0.4971,0.2714,0.2314,1,,,,2.03,3.6,4.23,,,,,0.1582,-6,6,0,-0.0093,0.0331,0,0,,,,-0.0363,,,,,,,,,,,
spelad,EK,2015/16,2015-12-02,,Cracovia,Podbeskidzie,4,1,H,,,,,,,,,,,,,,,,,,,,0.6183,0.2267,0.1551,1,,,,1.67,4.33,6.5,,,,,0.3043,0,7,0.4286,0.0516,-0.0053,0,0,,,,-0.0469,,,,,,,,,,,
spelad,EK,2015/16,2015-12-02,,Lech Poznan,Wisla,2,0,H,,,,,,,,,,,,,,,,,,,,0.4433,0.2843,0.2724,1,,,,2.21,3.5,4.4,,,,,0.58,0,9,0.6667,-0.0425,-0.1518,0,0,,,,0.0425,,,,,,,,,,,
spelad,EK,2015/16,2015-12-02,,Legia,Leczna,2,1,H,,,,,,,,,,,,,,,,,,,,0.7087,0.1961,0.0952,1,,,,1.4,5,10.5,,,,,0.0076,-1,3,1,0.0083,-0.2455,0,0,,,,-0.0642,,,,,,,,,,,
spelad,EK,2015/16,2015-12-02,,Pogon Szczecin,Lechia Gdansk,1,0,H,,,,,,,,,,,,,,,,,,,,0.3449,0.2976,0.3575,1,,,,2.95,3.28,2.83,,,,,0.2044,1,9,-0.6667,-0.243,0.0396,0,0,,,,-0.0006,,,,,,,,,,,
spelad,EK,2015/16,2015-12-04,,Jagiellonia,Gornik Zabrze,2,3,A,,,,,,,,,,,,,,,,,,,,0.5005,0.2704,0.2291,1,,,,2.03,3.61,4.3,,,,,-0.2475,0,8,0.75,0.4482,-0.0338,0,0,,,,-0.0463,,,,,,,,,,,
spelad,EK,2015/16,2015-12-04,,Zaglebie,Termalica B-B.,2,0,H,,,,,,,,,,,,,,,,,,,,0.4816,0.2823,0.2361,1,,,,2.05,3.5,4.65,,,,,-0.0716,0,,,,,0,0,,,,0.0111,,,,,,,,,,,
spelad,EK,2015/16,2015-12-05,,Korona Kielce,Lech Poznan,0,1,A,,,,,,,,,,,,,,,,,,,,0.2319,0.2872,0.4809,1,,,,4.8,3.5,2.05,,,,,-0.4366,1,7,-0.8571,0.0661,0.1752,0,0,,,,-0.0065,,,,,,,,,,,
spelad,EK,2015/16,2015-12-05,,Piast Gliwice,Cracovia,2,2,D,,,,,,,,,,,,,,,,,,,,0.396,0.274,0.33,1,,,,2.45,3.6,3.25,,,,,-0.3293,1,7,0.8571,0.6685,-0.1454,0,0,,,,0.0108,,,,,,,,,,,
spelad,EK,2015/16,2015-12-05,,Podbeskidzie,Ruch Chorzow,1,1,D,,,,,,,,,,,,,,,,,,,,0.3753,0.2904,0.3342,1,,,,2.75,3.38,2.95,,,,,-0.5947,-1,8,0,0.0719,-0.0441,0,0,,,,-0.0045,,,,,,,,,,,
spelad,EK,2015/16,2015-12-06,,Lechia Gdansk,Slask Wroclaw,1,0,H,,,,,,,,,,,,,,,,,,,,0.4899,0.2746,0.2355,1,,,,2,3.57,4.35,,,,,0.1518,-1,8,-2.25,-1.0742,-0.0451,0,0,,,,-0.0255,,,,,,,,,,,
spelad,EK,2015/16,2015-12-06,,Wisla,Legia,0,2,A,,,,,,,,,,,,,,,,,,,,0.2646,0.2727,0.4627,1,,,,3.7,3.58,2.16,,,,,-0.5661,0,9,-1.3333,-0.1525,0.0803,0,0,,,,0.0154,,,,,,,,,,,
spelad,EK,2015/16,2015-12-07,,Leczna,Pogon Szczecin,2,3,A,,,,,,,,,,,,,,,,,,,,0.3917,0.2989,0.3094,1,,,,2.5,3.26,3.16,,,,,0.1528,0,3,2,1.2209,0.0444,0,0,,,,-0.0141,,,,,,,,,,,
spelad,EK,2015/16,2015-12-11,,Ruch Chorzow,Jagiellonia,0,4,A,,,,,,,,,,,,,,,,,,,,0.3653,0.3029,0.3318,1,,,,2.7,3.25,3.16,,,,,1.4997,-1,7,-0.8571,-0.2499,-0.1457,0,0,,,,0.0188,,,,,,,,,,,
spelad,EK,2015/16,2015-12-11,,Slask Wroclaw,Leczna,2,1,H,,,,,,,,,,,,,,,,,,,,0.4584,0.288,0.2536,1,,,,2.2,3.42,4.25,,,,,-0.827,1,3,2,0.8068,0.0476,0,0,,,,-0.0218,,,,,,,,,,,
spelad,EK,2015/16,2015-12-12,,Gornik Zabrze,Termalica B-B.,0,0,D,,,,,,,,,,,,,,,,,,,,0.3519,0.2857,0.3624,1,,,,2.76,3.4,3.2,,,,,0.5548,0,,,,,0,0,,,,0.0482,,,,,,,,,,,
spelad,EK,2015/16,2015-12-12,,Lechia Gdansk,Wisla,2,0,H,,,,,,,,,,,,,,,,,,,,0.463,0.2892,0.2478,1,,,,2.22,3.41,4.2,,,,,-0.3602,0,9,-0.6667,-0.5315,0.2646,0,0,,,,-0.0216,,,,,,,,,,,
spelad,EK,2015/16,2015-12-12,,Pogon Szczecin,Podbeskidzie,2,0,H,,,,,,,,,,,,,,,,,,,,0.5194,0.2814,0.1993,1,,,,1.88,3.53,5.3,,,,,-0.2308,-2,7,0.8571,0.4014,-0.1451,0,0,,,,-0.0023,,,,,,,,,,,
spelad,EK,2015/16,2015-12-13,,Lech Poznan,Zaglebie,2,0,H,,,,,,,,,,,,,,,,,,,,0.4758,0.2852,0.239,1,,,,2.08,3.5,4.3,,,,,1.0603,-1,5,0.6,-0.1751,0.1246,0,0,,,,-0.0055,,,,,,,,,,,
spelad,EK,2015/16,2015-12-13,,Legia,Piast Gliwice,1,1,D,,,,,,,,,,,,,,,,,,,,0.6094,0.2273,0.1633,1,,,,1.66,4.29,6,,,,,0.1929,-1,7,0.8571,-0.2529,-0.0808,0,0,,,,-0.0391,,,,,,,,,,,
spelad,EK,2015/16,2015-12-14,,Cracovia,Korona Kielce,2,2,D,,,,,,,,,,,,,,,,,,,,0.5487,0.2556,0.1958,1,,,,1.77,3.85,6,,,,,0.5569,0,7,0.4286,-0.0399,0.0025,0,0,,,,0.0314,,,,,,,,,,,
spelad,EK,2015/16,2015-12-16,,Termalica B-B.,Jagiellonia,2,0,H,,,,,,,,,,,,,,,,,,,,0.3735,0.2916,0.3349,1,,,,2.7,3.33,2.9,,,,,-0.3233,-1,,,,,0,0,,,,-0.0128,,,,,,,,,,,
spelad,EK,2015/16,2015-12-18,,Wisla,Pogon Szczecin,0,1,A,,,,,,,,,,,,,,,,,,,,0.3496,0.3058,0.3447,1,,,,3.02,3.3,2.91,,,,,-0.5143,0,9,1,0.2313,0.1548,0,0,,,,-0.0019,,,,,,,,,,,
spelad,EK,2015/16,2015-12-18,,Zaglebie,Gornik Zabrze,2,4,A,,,,,,,,,,,,,,,,,,,,0.4902,0.2702,0.2397,1,,,,1.99,3.61,4.75,,,,,-0.2131,-1,5,0,0.1707,-0.084,0,0,,,,0.0118,,,,,,,,,,,
spelad,EK,2015/16,2015-12-19,,Jagiellonia,Cracovia,2,2,D,,,,,,,,,,,,,,,,,,,,0.359,0.2872,0.3538,1,,,,2.82,3.44,2.85,,,,,-0.7405,-2,6,-0.5,-0.2917,0.2104,0,0,,,,0.0099,,,,,,,,,,,
spelad,EK,2015/16,2015-12-19,,Leczna,Lechia Gdansk,3,1,H,,,,,,,,,,,,,,,,,,,,0.288,0.2959,0.4161,1,,,,3.45,3.3,2.38,,,,,-0.0292,1,3,-2,-0.6505,0.0617,0,0,,,,0.0161,,,,,,,,,,,
spelad,EK,2015/16,2015-12-19,,Termalica B-B.,Ruch Chorzow,0,1,A,,,,,,,,,,,,,,,,,,,,0.4657,0.2802,0.254,1,,,,2.17,3.49,4,,,,,-1.0177,-5,,,,,0,0,,,,-0.0149,,,,,,,,,,,
spelad,EK,2015/16,2015-12-20,,Korona Kielce,Legia,1,3,A,,,,,,,,,,,,,,,,,,,,0.1979,0.2468,0.5553,1,,,,5.85,3.96,1.78,,,,,-0.416,-1,7,-0.8571,0.2815,-0.0992,0,0,,,,0.0097,,,,,,,,,,,
spelad,EK,2015/16,2015-12-20,,Piast Gliwice,Lech Poznan,2,0,H,,,,,,,,,,,,,,,,,,,,0.2475,0.2903,0.4622,1,,,,3.94,3.36,2.2,,,,,-0.838,0,7,-1.2857,0.019,-0.2592,0,0,,,,0.0597,,,,,,,,,,,
spelad,EK,2015/16,2015-12-21,,Podbeskidzie,Slask Wroclaw,0,1,A,,,,,,,,,,,,,,,,,,,,0.3062,0.2977,0.3961,1,,,,3.25,3.26,2.6,,,,,0.6189,-1,8,-0.375,-0.0531,0.6028,0,0,,,,0.0171,,,,,,,,,,,
spelad,EK,2015/16,2016-02-12,,Ruch Chorzow,Zaglebie,0,0,D,,,,,,,,,,,,,,,,,,,,0.2491,0.3162,0.4348,1,,,,4,3.2,2.65,,,,,1.0898,,5,0.6,0.5787,-0.2847,0,0,,,,0.0543,,,,,,,,,,,
spelad,EK,2015/16,2016-02-12,,Slask Wroclaw,Wisla,1,0,H,,,,,,,,,,,,,,,,,,,,0.3935,0.3169,0.2896,1,,,,2.48,3.2,3.6,,,,,0.6378,,8,0,0.0308,-0.0381,0,0,,,,0.0044,,,,,,,,,,,
spelad,EK,2015/16,2016-02-13,,Cracovia,Gornik Zabrze,3,0,H,,,,,,,,,,,,,,,,,,,,0.4923,0.2826,0.2251,1,,,,1.98,3.75,4.5,,,,,-0.0502,,5,0,0.0479,-0.0916,0,0,,,,0.0029,,,,,,,,,,,
spelad,EK,2015/16,2016-02-13,,Lechia Gdansk,Podbeskidzie,5,0,H,,,,,,,,,,,,,,,,,,,,0.646,0.2227,0.1313,1,,,,1.6,4.5,8.5,,,,,-0.48,,7,-0.4286,-0.4593,-0.0009,0,0,,,,-0.0279,,,,,,,,,,,
spelad,EK,2015/16,2016-02-13,,Leczna,Piast Gliwice,0,0,D,,,,,,,,,,,,,,,,,,,,0.3712,0.2897,0.339,1,,,,2.88,3.48,2.88,,,,,-1.0618,,4,-0.75,-0.2375,-0.0451,0,0,,,,-0.0816,,,,,,,,,,,
spelad,EK,2015/16,2016-02-14,,Lech Poznan,Termalica B-B.,5,2,H,,,,,,,,,,,,,,,,,,,,0.5516,0.2915,0.1568,1,,,,1.81,3.7,6.19,,,,,1.1258,,,,,,0,0,,,,-0.0539,,,,,,,,,,,
spelad,EK,2015/16,2016-02-14,,Legia,Jagiellonia,4,0,H,,,,,,,,,,,,,,,,,,,,0.634,0.2256,0.1404,1,,,,1.6,4.35,7,,,,,0.5753,,8,0.375,-0.404,-0.1128,0,0,,,,-0.0628,,,,,,,,,,,
spelad,EK,2015/16,2016-02-15,,Pogon Szczecin,Korona Kielce,3,2,H,,,,,,,,,,,,,,,,,,,,0.4946,0.2874,0.218,1,,,,1.97,3.45,4.66,,,,,1.0795,,7,0.8571,0.255,0.1359,0,0,,,,-0.0084,,,,,,,,,,,
spelad,EK,2015/16,2016-02-19,,Jagiellonia,Slask Wroclaw,2,1,H,,,,,,,,,,,,,,,,,,,,0.4256,0.3104,0.2641,1,,,,2.3,3.4,3.7,,,,,-0.143,-2,9,-0.3333,0.0661,-0.0603,0,0,,,,-0.008,,,,,,,,,,,
spelad,EK,2015/16,2016-02-19,,Piast Gliwice,Pogon Szczecin,0,0,D,,,,,,,,,,,,,,,,,,,,0.4321,0.2897,0.2782,1,,,,2.35,3.37,3.55,,,,,-0.1442,2,7,0.4286,0.374,-0.0002,0,0,,,,-0.031,,,,,,,,,,,
spelad,EK,2015/16,2016-02-20,,Korona Kielce,Lechia Gdansk,4,2,H,,,,,,,,,,,,,,,,,,,,0.2707,0.3328,0.3966,1,,,,3.7,3.25,2.52,,,,,-0.0307,-2,7,0.4286,0.4776,0.0025,0,0,,,,-0.0002,,,,,,,,,,,
spelad,EK,2015/16,2016-02-20,,Podbeskidzie,Lech Poznan,4,1,H,,,,,,,,,,,,,,,,,,,,0.2126,0.2611,0.5263,1,,,,5,3.9,1.9,,,,,-1.2499,1,7,-0.4286,0.4683,0.0593,0,0,,,,-0.0172,,,,,,,,,,,
spelad,EK,2015/16,2016-02-20,,Termalica B-B.,Cracovia,1,1,D,,,,,,,,,,,,,,,,,,,,0.3285,0.2812,0.3903,1,,,,2.97,3.47,2.59,,,,,-1.4038,-1,,,,,0,0,,,,0.004,,,,,,,,,,,
spelad,EK,2015/16,2016-02-21,,Gornik Zabrze,Ruch Chorzow,0,2,A,,,,,,,,,,,,,,,,,,,,0.4431,0.2927,0.2642,1,,,,2.2,3.4,3.9,,,,,-0.3627,-1,8,0.375,0.001,0.0789,0,0,,,,0.0027,,,,,,,,,,,
spelad,EK,2015/16,2016-02-21,,Zaglebie,Legia,1,2,A,,,,,,,,,,,,,,,,,,,,0.2458,0.2712,0.483,1,,,,4.25,3.58,2.1,,,,,-0.7463,2,5,-1.8,-0.4011,0.1458,0,0,,,,0.0104,,,,,,,,,,,
spelad,EK,2015/16,2016-02-22,,Wisla,Leczna,1,1,D,,,,,,,,,,,,,,,,,,,,0.4688,0.3001,0.2311,1,,,,2.35,3.29,4.33,,,,,-0.2639,1,3,0,-0.2033,0.0397,0,0,,,,-0.0724,,,,,,,,,,,
spelad,EK,2015/16,2016-02-26,,Cracovia,Zaglebie,1,2,A,,,,,,,,,,,,,,,,,,,,0.4222,0.3153,0.2625,1,,,,2.35,3.31,3.7,,,,,0.7007,1,4,1.5,1.1046,-0.2796,0,0,,,,-0.0156,,,,,,,,,,,
spelad,EK,2015/16,2016-02-26,,Slask Wroclaw,Gornik Zabrze,0,0,D,,,,,,,,,,,,,,,,,,,,0.4804,0.2923,0.2273,1,,,,2.14,3.5,4.5,,,,,-0.1989,2,8,-0.375,-0.3649,0.094,0,0,,,,-0.0438,,,,,,,,,,,
spelad,EK,2015/16,2016-02-27,,Lechia Gdansk,Piast Gliwice,3,1,H,,,,,,,,,,,,,,,,,,,,0.4854,0.2904,0.2243,1,,,,2.2,3.5,4.46,,,,,-0.7525,-1,7,0,-0.1583,-0.1444,0,0,,,,-0.0245,,,,,,,,,,,
spelad,EK,2015/16,2016-02-27,,Leczna,Korona Kielce,3,2,H,,,,,,,,,,,,,,,,,,,,0.465,0.309,0.226,1,,,,2.4,3.24,4.32,,,,,0.1025,-2,4,1.5,1.003,-0.2863,0,0,,,,-0.0667,,,,,,,,,,,
spelad,EK,2015/16,2016-02-27,,Wisla,Podbeskidzie,1,2,A,,,,,,,,,,,,,,,,,,,,0.4978,0.278,0.2243,1,,,,2.1,3.55,4.45,,,,,-0.763,-2,7,0.4286,-0.2595,0.2898,0,0,,,,-0.0425,,,,,,,,,,,
spelad,EK,2015/16,2016-02-28,,Lech Poznan,Jagiellonia,0,2,A,,,,,,,,,,,,,,,,,,,,0.545,0.2974,0.1576,1,,,,1.79,3.6,6.19,,,,,0.2704,-1,8,-0.75,-0.8139,-0.2509,0,0,,,,-0.0081,,,,,,,,,,,
spelad,EK,2015/16,2016-02-28,,Legia,Ruch Chorzow,2,0,H,,,,,,,,,,,,,,,,,,,,0.7265,0.184,0.0895,1,,,,1.35,5.5,13,,,,,-0.1197,0,8,0.75,-0.2958,0.0118,0,0,,,,-0.0158,,,,,,,,,,,
spelad,EK,2015/16,2016-02-28,,Pogon Szczecin,Termalica B-B.,1,1,D,,,,,,,,,,,,,,,,,,,,0.4316,0.302,0.2665,1,,,,2.29,3.33,3.73,,,,,1.3161,1,,,,,0,0,,,,-0.0076,,,,,,,,,,,
spelad,EK,2015/16,2016-03-01,,Podbeskidzie,Leczna,2,0,H,,,,,,,,,,,,,,,,,,,,0.3535,0.2956,0.3509,1,,,,2.76,3.3,2.89,,,,,0.1252,0,4,2.25,1.1986,-0.038,0,0,,,,0.0121,,,,,,,,,,,
spelad,EK,2015/16,2016-03-01,,Zaglebie,Lechia Gdansk,1,0,H,,,,,,,,,,,,,,,,,,,,0.3737,0.3096,0.3167,1,,,,2.61,3.3,3.16,,,,,-0.0269,1,5,-2.4,-1.1412,-0.0902,0,0,,,,0.0253,,,,,,,,,,,
spelad,EK,2015/16,2016-03-02,,Gornik Zabrze,Lech Poznan,0,2,A,,,,,,,,,,,,,,,,,,,,0.2622,0.271,0.4668,1,,,,3.95,3.6,2.15,,,,,0.1222,2,9,-2,-0.5083,0.0734,0,0,,,,0.0007,,,,,,,,,,,
spelad,EK,2015/16,2016-03-02,,Jagiellonia,Pogon Szczecin,0,0,D,,,,,,,,,,,,,,,,,,,,0.3953,0.3023,0.3023,1,,,,2.49,3.3,3.25,,,,,-0.4308,0,8,0,0.0682,-0.04,0,0,,,,-0.0058,,,,,,,,,,,
spelad,EK,2015/16,2016-03-02,,Ruch Chorzow,Cracovia,2,3,A,,,,,,,,,,,,,,,,,,,,0.2826,0.2936,0.4238,1,,,,3.45,3.4,2.32,,,,,0.2395,-2,6,-1,-0.1525,-0.2868,0,0,,,,0.0143,,,,,,,,,,,
spelad,EK,2015/16,2016-03-02,,Termalica B-B.,Legia,3,0,H,,,,,,,,,,,,,,,,,,,,0.1733,0.2504,0.5763,1,,,,5.68,3.9,1.73,,,,,-0.8478,0,,,,,0,0,,,,0.0304,,,,,,,,,,,
spelad,EK,2015/16,2016-03-04,,Podbeskidzie,Korona Kielce,1,1,D,,,,,,,,,,,,,,,,,,,,0.4137,0.294,0.2923,1,,,,2.38,3.35,3.45,,,,,0.775,-3,9,-1.3333,-0.4976,0.0515,0,0,,,,-0.0187,,,,,,,,,,,
spelad,EK,2015/16,2016-03-04,,Wisla,Piast Gliwice,1,1,D,,,,,,,,,,,,,,,,,,,,0.4133,0.2819,0.3048,1,,,,2.45,3.46,3.27,,,,,-1.1755,0,7,-0.4286,-0.4574,0.0027,0,0,,,,-0.0132,,,,,,,,,,,
spelad,EK,2015/16,2016-03-05,,Leczna,Termalica B-B.,1,2,A,,,,,,,,,,,,,,,,,,,,0.4078,0.3055,0.2867,1,,,,2.45,3.3,3.4,,,,,-0.1575,1,,,,,0,0,,,,-0.0313,,,,,,,,,,,
spelad,EK,2015/16,2016-03-05,,Legia,Gornik Zabrze,3,1,H,,,,,,,,,,,,,,,,,,,,0.7601,0.1753,0.0646,1,,,,1.29,6,17,,,,,0.131,0,9,2,0.378,0.0861,0,0,,,,-0.0412,,,,,,,,,,,
spelad,EK,2015/16,2016-03-05,,Slask Wroclaw,Zaglebie,0,2,A,,,,,,,,,,,,,,,,,,,,0.3385,0.3018,0.3597,1,,,,2.88,3.25,3,,,,,0.2421,4,6,0,-0.1704,0.0487,0,0,,,,0.0422,,,,,,,,,,,
spelad,EK,2015/16,2016-03-06,,Lech Poznan,Cracovia,2,1,H,,,,,,,,,,,,,,,,,,,,0.4515,0.2885,0.26,1,,,,2.2,3.4,3.9,,,,,0.1038,0,5,0,-0.6369,0.3392,0,0,,,,-0.0186,,,,,,,,,,,
spelad,EK,2015/16,2016-03-06,,Lechia Gdansk,Jagiellonia,5,1,H,,,,,,,,,,,,,,,,,,,,0.5196,0.2699,0.2105,1,,,,1.92,3.65,5.1,,,,,-0.2254,1,8,0.75,0.2599,-0.0381,0,0,,,,0.0032,,,,,,,,,,,
spelad,EK,2015/16,2016-03-07,,Pogon Szczecin,Ruch Chorzow,2,3,A,,,,,,,,,,,,,,,,,,,,0.4688,0.3091,0.2221,1,,,,2.16,3.2,4.6,,,,,0.5568,0,8,1.125,0.4936,0.0808,0,0,,,,-0.0381,,,,,,,,,,,
spelad,EK,2015/16,2016-03-08,,Korona Kielce,Wisla,1,1,D,,,,,,,,,,,,,,,,,,,,0.3399,0.2947,0.3654,1,,,,2.88,3.31,2.76,,,,,0.6947,0,7,-1.2857,-0.404,0.0005,0,0,,,,0.0057,,,,,,,,,,,
spelad,EK,2015/16,2016-03-08,,Piast Gliwice,Slask Wroclaw,1,0,H,,,,,,,,,,,,,,,,,,,,0.5002,0.2877,0.212,1,,,,1.97,3.5,4.6,,,,,-0.2012,1,8,1.125,0.8039,0.0966,0,0,,,,-0.0413,,,,,,,,,,,
spelad,EK,2015/16,2016-03-11,,Korona Kielce,Slask Wroclaw,2,2,D,,,,,,,,,,,,,,,,,,,,0.3828,0.3013,0.3159,1,,,,2.55,3.3,3.14,,,,,-0.1899,0,8,-0.75,-0.2294,0.2232,0,0,,,,0.0007,,,,,,,,,,,
spelad,EK,2015/16,2016-03-11,,Piast Gliwice,Podbeskidzie,3,2,H,,,,,,,,,,,,,,,,,,,,0.4905,0.2624,0.2471,1,,,,1.99,3.72,4.2,,,,,-0.1479,-4,9,2,0.8604,0.0458,0,0,,,,-0.0161,,,,,,,,,,,
spelad,EK,2015/16,2016-03-12,,Cracovia,Legia,1,2,A,,,,,,,,,,,,,,,,,,,,0.2681,0.2695,0.4624,1,,,,3.75,3.62,2.18,,,,,-0.5832,-1,5,-3,-0.7182,-0.2393,0,0,,,,0.0206,,,,,,,,,,,
spelad,EK,2015/16,2016-03-12,,Jagiellonia,Leczna,1,0,H,,,,,,,,,,,,,,,,,,,,0.4434,0.2965,0.2601,1,,,,2.34,3.4,3.75,,,,,0.5386,-1,3,0,-0.0172,0.0417,0,0,,,,-0.0531,,,,,,,,,,,
spelad,EK,2015/16,2016-03-12,,Ruch Chorzow,Lech Poznan,1,3,A,,,,,,,,,,,,,,,,,,,,0.2638,0.3239,0.4123,1,,,,3.9,3.3,2.38,,,,,0.2126,-1,8,-1.875,-0.4696,0.1167,0,0,,,,-0.0181,,,,,,,,,,,
spelad,EK,2015/16,2016-03-13,,Gornik Zabrze,Lechia Gdansk,1,1,D,,,,,,,,,,,,,,,,,,,,0.2368,0.2803,0.4829,1,,,,4.12,3.5,2.12,,,,,-0.2231,1,9,-0.3333,-0.0909,0.1615,0,0,,,,0.0448,,,,,,,,,,,
spelad,EK,2015/16,2016-03-13,,Zaglebie,Pogon Szczecin,1,1,D,,,,,,,,,,,,,,,,,,,,0.4957,0.2839,0.2204,1,,,,2.02,3.46,4.43,,,,,-0.1488,2,5,-0.6,-0.4835,0.1095,0,0,,,,-0.032,,,,,,,,,,,
spelad,EK,2015/16,2016-03-14,,Termalica B-B.,Wisla,2,4,A,,,,,,,,,,,,,,,,,,,,0.3765,0.2973,0.3262,1,,,,2.59,3.35,3.15,,,,,1.3126,3,,,,,0,0,,,,0.0315,,,,,,,,,,,
spelad,EK,2015/16,2016-03-18,,Korona Kielce,Piast Gliwice,1,1,D,,,,,,,,,,,,,,,,,,,,0.3512,0.2872,0.3616,1,,,,2.9,3.4,2.7,,,,,-0.5459,0,9,1.6667,0.8515,-0.07,0,0,,,,-0.0171,,,,,,,,,,,
spelad,EK,2015/16,2016-03-18,,Wisla,Jagiellonia,5,1,H,,,,,,,,,,,,,,,,,,,,0.4737,0.278,0.2483,1,,,,2.12,3.52,3.93,,,,,-0.8198,-2,8,-0.75,-0.5892,0.2128,0,0,,,,-0.0461,,,,,,,,,,,
spelad,EK,2015/16,2016-03-19,,Lech Poznan,Legia,0,2,A,,,,,,,,,,,,,,,,,,,,0.2603,0.294,0.4457,1,,,,3.75,3.44,2.25,,,,,-0.214,0,9,-0.3333,0.0863,-0.0638,0,0,,,,0.0186,,,,,,,,,,,
spelad,EK,2015/16,2016-03-19,,Podbeskidzie,Gornik Zabrze,0,0,D,,,,,,,,,,,,,,,,,,,,0.4495,0.2795,0.271,1,,,,2.24,3.5,3.7,,,,,0.4807,2,7,-0.8571,-0.0512,-0.1323,0,0,,,,-0.0267,,,,,,,,,,,
spelad,EK,2015/16,2016-03-19,,Slask Wroclaw,Ruch Chorzow,0,0,D,,,,,,,,,,,,,,,,,,,,0.4561,0.2923,0.2516,1,,,,2.17,3.34,3.95,,,,,-0.2124,1,7,-0.4286,-0.4671,-0.0021,0,0,,,,-0.0365,,,,,,,,,,,
spelad,EK,2015/16,2016-03-20,,Lechia Gdansk,Termalica B-B.,1,1,D,,,,,,,,,,,,,,,,,,,,0.5844,0.2446,0.1709,1,,,,1.67,4.01,6.5,,,,,-0.2359,1,,,,,0,0,,,,0.0029,,,,,,,,,,,
spelad,EK,2015/16,2016-03-20,,Leczna,Zaglebie,0,2,A,,,,,,,,,,,,,,,,,,,,0.3254,0.2976,0.3769,1,,,,3,3.3,2.64,,,,,-0.2758,1,,,,,0,0,,,,0.0117,,,,,,,,,,,
spelad,EK,2015/16,2016-03-20,,Pogon Szczecin,Cracovia,2,2,D,,,,,,,,,,,,,,,,,,,,0.401,0.2866,0.3123,1,,,,2.47,3.4,3.25,,,,,0.5262,-1,5,1.2,0.5736,-0.0868,0,0,,,,-0.0022,,,,,,,,,,,
spelad,EK,2015/16,2016-04-01,,Gornik Zabrze,Pogon Szczecin,1,1,D,,,,,,,,,,,,,,,,,,,,0.3785,0.295,0.3266,1,,,,2.8,3.31,3.1,,,,,-0.2327,1,9,0,-0.0993,0.2613,0,0,,,,-0.004,,,,,,,,,,,
spelad,EK,2015/16,2016-04-01,,Lech Poznan,Slask Wroclaw,0,1,A,,,,,,,,,,,,,,,,,,,,0.4734,0.2835,0.2432,1,,,,2.09,3.5,5,,,,,0.0781,0,8,0.375,-0.1251,0.099,0,0,,,,0.0137,,,,,,,,,,,
spelad,EK,2015/16,2016-04-02,,Cracovia,Leczna,0,0,D,,,,,,,,,,,,,,,,,,,,0.5268,0.2599,0.2133,1,,,,1.88,3.75,4.9,,,,,0.052,0,4,0,0.1542,-0.3013,0,0,,,,-0.0322,,,,,,,,,,,
spelad,EK,2015/16,2016-04-02,,Legia,Lechia Gdansk,1,1,D,,,,,,,,,,,,,,,,,,,,0.5665,0.2531,0.1804,1,,,,1.78,3.9,5.7,,,,,0.9928,1,9,0.6667,-0.0043,-0.1516,0,0,,,,-0.0571,,,,,,,,,,,
spelad,EK,2015/16,2016-04-02,,Termalica B-B.,Korona Kielce,0,1,A,,,,,,,,,,,,,,,,,,,,0.4375,0.2845,0.278,1,,,,2.24,3.44,3.65,,,,,0.2827,-2,,,,,0,0,,,,-0.0033,,,,,,,,,,,
spelad,EK,2015/16,2016-04-03,,Ruch Chorzow,Wisla,2,3,A,,,,,,,,,,,,,,,,,,,,0.2911,0.2885,0.4204,1,,,,3.35,3.4,2.44,,,,,0.7479,-1,8,-0.375,-0.1251,0.3407,0,0,,,,0.0288,,,,,,,,,,,
spelad,EK,2015/16,2016-04-03,,Zaglebie,Piast Gliwice,4,1,H,,,,,,,,,,,,,,,,,,,,0.4714,0.2804,0.2483,1,,,,2.08,3.58,4.2,,,,,0.062,-2,6,-1.5,-0.8156,-0.1216,0,0,,,,-0.0049,,,,,,,,,,,
spelad,EK,2015/16,2016-04-04,,Jagiellonia,Podbeskidzie,0,3,A,,,,,,,,,,,,,,,,,,,,0.4871,0.2735,0.2394,1,,,,2.04,3.6,4.2,,,,,-0.0253,1,8,0,-0.1242,-0.0351,0,0,,,,-0.0121,,,,,,,,,,,
spelad,EK,2015/16,2016-04-09,,Korona Kielce,Gornik Zabrze,2,1,H,,,,,,,,,,,,,,,,,,,,0.4646,0.278,0.2574,1,,,,2.16,3.53,4,,,,,0.6284,-1,7,0,0.1141,0.1414,0,0,,,,-0.0134,,,,,,,,,,,
spelad,EK,2015/16,2016-04-09,,Lechia Gdansk,Ruch Chorzow,2,0,H,,,,,,,,,,,,,,,,,,,,0.6683,0.2212,0.1105,1,,,,1.48,4.5,10,,,,,-0.1247,1,8,0,-0.3728,0.4603,0,0,,,,-0.0221,,,,,,,,,,,
spelad,EK,2015/16,2016-04-09,,Leczna,Lech Poznan,0,1,A,,,,,,,,,,,,,,,,,,,,0.3432,0.3124,0.3444,1,,,,2.84,3.15,3.1,,,,,-0.357,-1,3,-2,-0.3795,0.0934,0,0,,,,0.0285,,,,,,,,,,,
spelad,EK,2015/16,2016-04-09,,Piast Gliwice,Jagiellonia,2,0,H,,,,,,,,,,,,,,,,,,,,0.4808,0.2575,0.2617,1,,,,2.2,3.79,3.73,,,,,-0.1492,1,8,0,0.1535,-0.0348,0,0,,,,-0.0649,,,,,,,,,,,
spelad,EK,2015/16,2016-04-09,,Podbeskidzie,Termalica B-B.,2,0,H,,,,,,,,,,,,,,,,,,,,0.4278,0.2827,0.2894,1,,,,2.38,3.45,3.4,,,,,0.6083,-2,,,,,0,0,,,,-0.0302,,,,,,,,,,,
spelad,EK,2015/16,2016-04-09,,Pogon Szczecin,Legia,0,0,D,,,,,,,,,,,,,,,,,,,,0.2057,0.2643,0.53,1,,,,4.8,3.71,1.89,,,,,-0.655,1,9,-2.3333,-0.4337,-0.2359,0,0,,,,0.031,,,,,,,,,,,
spelad,EK,2015/16,2016-04-09,,Slask Wroclaw,Cracovia,2,1,H,,,,,,,,,,,,,,,,,,,,0.3974,0.2827,0.32,1,,,,2.5,3.44,3.2,,,,,0.1334,1,6,0,-0.2664,0.0588,0,0,,,,0.0215,,,,,,,,,,,
spelad,EK,2015/16,2016-04-09,,Wisla,Zaglebie,1,1,D,,,,,,,,,,,,,,,,,,,,0.4805,0.2629,0.2567,1,,,,2.08,3.71,4,,,,,-0.7079,0,5,-0.6,-0.2387,-0.293,0,0,,,,-0.0446,,,,,,,,,,,
spelad,EK,2015/16,2016-04-15,,Legia,Lech Poznan,1,0,H,,,,,,,,,,,,,,,,,,,,0.5634,0.2551,0.1815,1,,,,1.74,3.83,6,,,,,0.2698,0,10,0.6,0.1167,-0.0868,0,0,,,,-0.0185,,,,,,,,,,,
spelad,EK,2015/16,2016-04-15,,Pogon Szczecin,Ruch Chorzow,1,1,D,,,,,,,,,,,,,,,,,,,,0.4806,0.282,0.2374,1,,,,2.05,3.46,4.2,,,,,-0.3382,0,9,0.6667,0.2481,0.0374,0,0,,,,-0.0287,,,,,,,,,,,
spelad,EK,2015/16,2016-04-16,,Korona Kielce,Slask Wroclaw,1,1,D,,,,,,,,,,,,,,,,,,,,0.3374,0.2973,0.3652,1,,,,2.89,3.28,2.77,,,,,0.5346,0,9,-0.6667,-0.2539,0.2761,0,0,,,,0.013,,,,,,,,,,,
spelad,EK,2015/16,2016-04-16,,Piast Gliwice,Cracovia,1,1,D,,,,,,,,,,,,,,,,,,,,0.3984,0.2741,0.3275,1,,,,2.47,3.56,3.18,,,,,0.7104,0,8,0.75,0.5272,-0.0365,0,0,,,,-0.0039,,,,,,,,,,,
spelad,EK,2015/16,2016-04-16,,Zaglebie,Lechia Gdansk,1,2,A,,,,,,,,,,,,,,,,,,,,0.3656,0.2931,0.3413,1,,,,2.67,3.37,3,,,,,0.9069,0,6,-1.5,-0.6894,-0.1268,0,0,,,,0.0177,,,,,,,,,,,
spelad,EK,2015/16,2016-04-17,,Jagiellonia,Leczna,2,0,H,,,,,,,,,,,,,,,,,,,,0.4457,0.294,0.2603,1,,,,2.19,3.36,3.85,,,,,0.6241,0,4,0.75,0.3305,-0.0429,0,0,,,,-0.0148,,,,,,,,,,,
spelad,EK,2015/16,2016-04-17,,Podbeskidzie,Termalica B-B.,0,1,A,,,,,,,,,,,,,,,,,,,,0.3934,0.293,0.3137,1,,,,2.5,3.4,3.25,,,,,0.9133,0,,,,,0,0,,,,0.0052,,,,,,,,,,,
spelad,EK,2015/16,2016-04-17,,Wisla,Gornik Zabrze,3,1,H,,,,,,,,,,,,,,,,,,,,0.5946,0.2361,0.1693,1,,,,1.69,4.2,6,,,,,0.6209,0,10,0,-0.2038,0.1128,0,0,,,,-0.0354,,,,,,,,,,,
spelad,EK,2015/16,2016-04-19,,Cracovia,Zaglebie,1,0,H,,,,,,,,,,,,,,,,,,,,0.362,0.2839,0.3541,1,,,,2.69,3.43,2.86,,,,,-1.3277,0,5,0.6,0.5673,-0.2867,0,0,,,,0.0114,,,,,,,,,,,
spelad,EK,2015/16,2016-04-19,,Lech Poznan,Piast Gliwice,2,2,D,,,,,,,,,,,,,,,,,,,,0.5512,0.2644,0.1844,1,,,,1.86,3.79,5.29,,,,,-0.0604,1,8,0.75,0.0005,-0.2631,0,0,,,,-0.059,,,,,,,,,,,
spelad,EK,2015/16,2016-04-19,,Lechia Gdansk,Pogon Szczecin,2,0,H,,,,,,,,,,,,,,,,,,,,0.5584,0.2565,0.1851,1,,,,1.77,3.88,5.9,,,,,0.7421,-1,10,0.3,0.046,0.0059,0,0,,,,-0.0143,,,,,,,,,,,
spelad,EK,2015/16,2016-04-19,,Ruch Chorzow,Legia,0,0,D,,,,,,,,,,,,,,,,,,,,0.1577,0.2293,0.613,1,,,,6.5,4.35,1.65,,,,,-0.4502,0,9,-1,0.2021,-0.0099,0,0,,,,0.0396,,,,,,,,,,,
spelad,EK,2015/16,2016-04-20,,Gornik Zabrze,Podbeskidzie,1,0,H,,,,,,,,,,,,,,,,,,,,0.3845,0.2822,0.3333,1,,,,2.58,3.46,3,,,,,-0.9005,0,8,0.75,0.149,-0.0257,0,0,,,,0.0019,,,,,,,,,,,
spelad,EK,2015/16,2016-04-20,,Leczna,Wisla,0,3,A,,,,,,,,,,,,,,,,,,,,0.3251,0.2894,0.3855,1,,,,3.04,3.46,2.56,,,,,-1.0395,0,4,0,0.1244,0.2047,0,0,,,,0.0093,,,,,,,,,,,
spelad,EK,2015/16,2016-04-20,,Slask Wroclaw,Jagiellonia,3,1,H,,,,,,,,,,,,,,,,,,,,0.4395,0.2975,0.263,1,,,,2.26,3.4,3.71,,,,,-0.0684,1,10,0,-0.1155,-0.0853,0,0,,,,-0.0309,,,,,,,,,,,
spelad,EK,2015/16,2016-04-20,,Termalica B-B.,Korona Kielce,0,0,D,,,,,,,,,,,,,,,,,,,,0.4498,0.2871,0.2631,1,,,,2.24,3.4,3.75,,,,,0.1449,-1,,,,,0,0,,,,-0.0204,,,,,,,,,,,
spelad,EK,2015/16,2016-04-22,,Legia,Cracovia,4,0,H,,,,,,,,,,,,,,,,,,,,0.669,0.2114,0.1196,1,,,,1.53,5,8.9,,,,,0.1372,0,6,3,1.0218,-0.2443,0,0,,,,-0.0281,,,,,,,,,,,
spelad,EK,2015/16,2016-04-22,,Zaglebie,Ruch Chorzow,4,1,H,,,,,,,,,,,,,,,,,,,,0.5537,0.2571,0.1892,1,,,,1.83,3.79,5.15,,,,,0.527,0,6,-0.5,-0.3484,-0.1233,0,0,,,,-0.0504,,,,,,,,,,,
spelad,EK,2015/16,2016-04-23,,Korona Kielce,Leczna,1,1,D,,,,,,,,,,,,,,,,,,,,0.4351,0.2918,0.273,1,,,,2.3,3.34,3.9,,,,,1.2947,0,5,-1.8,-0.7708,-0.2908,0,0,,,,-0.0203,,,,,,,,,,,
spelad,EK,2015/16,2016-04-23,,Podbeskidzie,Slask Wroclaw,1,2,A,,,,,,,,,,,,,,,,,,,,0.3436,0.2975,0.3588,1,,,,2.99,3.28,2.72,,,,,-0.1485,0,9,-0.6667,-0.1823,0.5027,0,0,,,,-0.0309,,,,,,,,,,,
spelad,EK,2015/16,2016-04-23,,Pogon Szczecin,Lech Poznan,1,0,H,,,,,,,,,,,,,,,,,,,,0.3314,0.2979,0.3707,1,,,,3.01,3.26,2.7,,,,,-0.6669,0,10,0,0.475,0.1414,0,0,,,,-0.0027,,,,,,,,,,,
spelad,EK,2015/16,2016-04-24,,Jagiellonia,Gornik Zabrze,0,0,D,,,,,,,,,,,,,,,,,,,,0.5337,0.2598,0.2065,1,,,,1.86,3.8,5,,,,,-0.1705,0,9,0.3333,0.2015,-0.0601,0,0,,,,-0.0234,,,,,,,,,,,
spelad,EK,2015/16,2016-04-24,,Piast Gliwice,Lechia Gdansk,3,0,H,,,,,,,,,,,,,,,,,,,,0.3138,0.2796,0.4066,1,,,,3.2,3.49,2.47,,,,,-0.0023,0,8,-0.375,0.1445,-0.1626,0,0,,,,0.0088,,,,,,,,,,,
spelad,EK,2015/16,2016-04-25,,Wisla,Termalica B-B.,2,2,D,,,,,,,,,,,,,,,,,,,,0.5772,0.2495,0.1733,1,,,,1.7,4.05,5.8,,,,,0.5165,0,,,,,0,0,,,,-0.0219,,,,,,,,,,,
spelad,EK,2015/16,2016-04-28,,Lech Poznan,Lechia Gdansk,0,0,D,,,,,,,,,,,,,,,,,,,,0.3682,0.3108,0.321,1,,,,2.65,3.3,3.13,,,,,-0.3914,1,10,1.8,0.7603,-0.2835,0,0,,,,0.0038,,,,,,,,,,,
spelad,EK,2015/16,2016-04-28,,Zaglebie,Legia,2,0,H,,,,,,,,,,,,,,,,,,,,0.2738,0.2707,0.4555,1,,,,3.95,3.68,2.17,,,,,-0.0225,0,6,-2,-0.5024,0.0763,0,0,,,,-0.008,,,,,,,,,,,
spelad,EK,2015/16,2016-04-29,,Gornik Zabrze,Slask Wroclaw,2,1,H,,,,,,,,,,,,,,,,,,,,0.3223,0.2872,0.3906,1,,,,3.05,3.4,2.6,,,,,-0.6609,-1,9,0.3333,0.2437,0.1622,0,0,,,,0.0141,,,,,,,,,,,
spelad,EK,2015/16,2016-04-29,,Ruch Chorzow,Cracovia,0,1,A,,,,,,,,,,,,,,,,,,,,0.3109,0.2773,0.4118,1,,,,3.2,3.52,2.4,,,,,0.284,0,7,-1.2857,-0.2938,-0.2878,0,0,,,,0.0085,,,,,,,,,,,
spelad,EK,2015/16,2016-04-30,,Korona Kielce,Wisla,3,2,H,,,,,,,,,,,,,,,,,,,,0.297,0.2849,0.4181,1,,,,3.3,3.45,2.5,,,,,-0.4765,2,8,-1.125,-0.3928,0.0886,0,0,,,,0.0318,,,,,,,,,,,
spelad,EK,2015/16,2016-04-30,,Termalica B-B.,Leczna,0,2,A,,,,,,,,,,,,,,,,,,,,0.4339,0.2888,0.2773,1,,,,2.25,3.4,3.92,,,,,0.8543,-2,,,,,0,0,,,,0.0154,,,,,,,,,,,
spelad,EK,2015/16,2016-05-01,,Jagiellonia,Podbeskidzie,3,2,H,,,,,,,,,,,,,,,,,,,,0.511,0.2749,0.214,1,,,,1.93,3.7,4.65,,,,,-0.1373,-1,9,-0.3333,-0.3032,-0.0616,0,0,,,,-0.0108,,,,,,,,,,,
spelad,EK,2015/16,2016-05-01,,Piast Gliwice,Pogon Szczecin,2,1,H,,,,,,,,,,,,,,,,,,,,0.495,0.2672,0.2378,1,,,,2,3.65,4.2,,,,,0.7509,-1,8,0.375,0.254,0.0886,0,0,,,,-0.0233,,,,,,,,,,,
spelad,EK,2015/16,2016-05-06,,Podbeskidzie,Korona Kielce,1,1,D,,,,,,,,,,,,,,,,,,,,0.3594,0.3203,0.3203,1,,,,2.71,3.3,3.2,,,,,-0.8063,-1,10,-1.2,-0.5014,0.1169,0,0,,,,0.0356,,,,,,,,,,,
spelad,EK,2015/16,2016-05-06,,Wisla,Jagiellonia,1,0,H,,,,,,,,,,,,,,,,,,,,0.519,0.2688,0.2121,1,,,,1.89,3.85,4.75,,,,,0.6998,1,9,-0.3333,-0.3791,0.1583,0,0,,,,-0.0227,,,,,,,,,,,
spelad,EK,2015/16,2016-05-07,,Lechia Gdansk,Ruch Chorzow,2,1,H,,,,,,,,,,,,,,,,,,,,0.7219,0.1889,0.0892,1,,,,1.42,5.16,11,,,,,0.6048,1,9,0.3333,-0.2454,0.3845,0,0,,,,-0.0607,,,,,,,,,,,
spelad,EK,2015/16,2016-05-07,,Leczna,Gornik Zabrze,0,0,D,,,,,,,,,,,,,,,,,,,,0.4461,0.2891,0.2648,1,,,,2.2,3.42,3.78,,,,,-0.6609,-1,4,-0.75,-0.3096,-0.0429,0,0,,,,-0.0194,,,,,,,,,,,
spelad,EK,2015/16,2016-05-07,,Slask Wroclaw,Termalica B-B.,2,1,H,,,,,,,,,,,,,,,,,,,,0.4904,0.2876,0.2219,1,,,,2.04,3.55,4.5,,,,,0.9904,1,,,,,0,0,,,,-0.0242,,,,,,,,,,,
spelad,EK,2015/16,2016-05-08,,Cracovia,Lech Poznan,2,0,H,,,,,,,,,,,,,,,,,,,,0.3753,0.2994,0.3253,1,,,,2.62,3.26,3.06,,,,,0.2673,-1,6,-0.5,0.07,0.2345,0,0,,,,0.0021,,,,,,,,,,,
spelad,EK,2015/16,2016-05-08,,Legia,Piast Gliwice,4,0,H,,,,,,,,,,,,,,,,,,,,0.6832,0.204,0.1128,1,,,,1.55,4.79,8.66,,,,,-0.4841,3,8,0.75,-0.3532,0.0258,0,0,,,,-0.0629,,,,,,,,,,,
spelad,EK,2015/16,2016-05-08,,Pogon Szczecin,Zaglebie,1,3,A,,,,,,,,,,,,,,,,,,,,0.3333,0.313,0.3538,1,,,,2.93,3.2,2.83,,,,,-0.4658,-3,6,0.5,0.3208,0.2106,0,0,,,,0.0237,,,,,,,,,,,
spelad,EK,2015/16,2016-05-10,,Gornik Zabrze,Korona Kielce,0,0,D,,,,,,,,,,,,,,,,,,,,0.4795,0.2802,0.2404,0,,,,2.05,3.45,4.31,,,,,-0.2997,-1,8,-0.375,-0.3548,0.089,0,0,,,,,,,,,,,,,,,
spelad,EK,2015/16,2016-05-10,,Jagiellonia,Termalica B-B.,0,1,A,,,,,,,,,,,,,,,,,,,,0.4017,0.2773,0.3211,1,,,,2.52,3.52,3.07,,,,,-0.0504,1,,,,,0,0,,,,-0.0275,,,,,,,,,,,
spelad,EK,2015/16,2016-05-10,,Leczna,Podbeskidzie,5,1,H,,,,,,,,,,,,,,,,,,,,0.3967,0.2896,0.3138,1,,,,2.46,3.52,3.86,,,,,-0.1411,-1,5,-2.4,-1.1981,-0.0895,0,0,,,,0.1625,,,,,,,,,,,
spelad,EK,2015/16,2016-05-10,,Wisla,Slask Wroclaw,1,1,D,,,,,,,,,,,,,,,,,,,,0.4758,0.2702,0.254,1,,,,2.23,3.61,3.84,,,,,-0.252,1,9,-0.3333,-0.1252,-0.0691,0,0,,,,-0.0895,,,,,,,,,,,
spelad,EK,2015/16,2016-05-11,,Lechia Gdansk,Legia,2,0,H,,,,,,,,,,,,,,,,,,,,0.3624,0.2832,0.3545,1,,,,3.01,3.5,2.74,,,,,0.2707,1,10,-0.6,0.1609,-0.0618,0,0,,,,-0.0541,,,,,,,,,,,
spelad,EK,2015/16,2016-05-11,,Pogon Szczecin,Cracovia,3,2,H,,,,,,,,,,,,,,,,,,,,0.3679,0.3017,0.3304,1,,,,2.7,3.4,2.94,,,,,-0.5407,0,6,1,0.3963,0.0465,0,0,,,,-0.0051,,,,,,,,,,,
spelad,EK,2015/16,2016-05-11,,Ruch Chorzow,Piast Gliwice,0,3,A,,,,,,,,,,,,,,,,,,,,0.2953,0.2677,0.437,1,,,,3.6,3.65,2.28,,,,,-0.7562,1,9,0.6667,0.422,-0.1823,0,0,,,,-0.0022,,,,,,,,,,,
spelad,EK,2015/16,2016-05-11,,Zaglebie,Lech Poznan,3,0,H,,,,,,,,,,,,,,,,,,,,0.5806,0.2385,0.181,1,,,,1.7,4.3,5.7,,,,,1.3332,0,6,-1,-0.125,0.0563,0,0,,,,-0.0281,,,,,,,,,,,
spelad,EK,2015/16,2016-05-14,,Korona Kielce,Jagiellonia,1,3,A,,,,,,,,,,,,,,,,,,,,0.4317,0.2796,0.2887,1,,,,2.3,3.49,3.47,,,,,1.04,0,9,0.6667,0.3315,0.0418,0,0,,,,-0.0208,,,,,,,,,,,
spelad,EK,2015/16,2016-05-14,,Podbeskidzie,Wisla,3,4,A,,,,,,,,,,,,,,,,,,,,0.2256,0.2558,0.5185,1,,,,4.5,3.81,1.91,,,,,-0.5531,0,8,0,0.2296,0.2189,0,0,,,,0.0353,,,,,,,,,,,
spelad,EK,2015/16,2016-05-14,,Slask Wroclaw,Leczna,3,2,H,,,,,,,,,,,,,,,,,,,,0.3949,0.3087,0.2965,1,,,,2.51,3.35,3.6,,,,,0.8499,0,4,2.25,0.9393,-0.0363,0,0,,,,0.0401,,,,,,,,,,,
spelad,EK,2015/16,2016-05-14,,Termalica B-B.,Gornik Zabrze,1,1,D,,,,,,,,,,,,,,,,,,,,0.2587,0.2679,0.4734,1,,,,3.77,3.64,2.35,,,,,-0.3221,0,,,,,0,0,,,,0.0634,,,,,,,,,,,
spelad,EK,2015/16,2016-05-15,,Cracovia,Lechia Gdansk,2,0,H,,,,,,,,,,,,,,,,,,,,0.3205,0.2752,0.4043,1,,,,3.1,3.55,2.58,,,,,-0.4679,0,6,1,0.8352,-0.2858,0,0,,,,0.018,,,,,,,,,,,
spelad,EK,2015/16,2016-05-15,,Lech Poznan,Ruch Chorzow,3,0,H,,,,,,,,,,,,,,,,,,,,0.6107,0.231,0.1584,1,,,,1.68,4.23,6.5,,,,,-0.0741,0,9,2,0.4736,0.0678,0,0,,,,-0.0393,,,,,,,,,,,
spelad,EK,2015/16,2016-05-15,,Legia,Pogon Szczecin,3,0,H,,,,,,,,,,,,,,,,,,,,0.78,0.1573,0.0628,1,,,,1.27,6.4,15.53,,,,,-0.3241,0,10,2.1,0.5173,-0.1388,0,0,,,,-0.0702,,,,,,,,,,,
spelad,EK,2015/16,2016-05-15,,Piast Gliwice,Zaglebie,0,1,A,,,,,,,,,,,,,,,,,,,,0.4476,0.2637,0.2887,1,,,,2.3,3.7,3.5,,,,,-0.0348,0,7,0.8571,0.6569,-0.1443,0,0,,,,-0.052,,,,,,,,,,,
spelad,EK,2016/17,2016-07-15,,Slask Wroclaw,Lech Poznan,0,0,D,,,,,,,,,,,,,,,,,,,,0.3561,0.293,0.3509,1,,,,2.74,3.4,3.03,,,,,1.0509,,9,0,0.244,0.0565,0,0,,,,0.0269,,,,,,,,,,,
spelad,EK,2016/17,2016-07-15,,Wisla Plock,Lechia Gdansk,2,1,H,,,,,,,,,,,,,,,,,,,,0.2811,0.2911,0.4278,1,,,,3.62,3.38,2.31,,,,,,,,,,,1,0,,,,0.0005,,,,,,,,,,,
spelad,EK,2016/17,2016-07-16,,Legia,Jagiellonia,1,1,D,,,,,,,,,,,,,,,,,,,,0.5543,0.2502,0.1955,1,,,,1.76,3.97,5.75,,,,,-0.1073,,9,0.6667,-0.2622,-0.1253,0,0,,,,0.0202,,,,,,,,,,,
spelad,EK,2016/17,2016-07-16,,Ruch Chorzow,Leczna,2,1,H,,,,,,,,,,,,,,,,,,,,0.3996,0.3076,0.2928,1,,,,2.5,3.2,3.33,,,,,-0.2977,,5,-0.6,-0.0745,-0.2985,0,0,,,,-0.0218,,,,,,,,,,,
spelad,EK,2016/17,2016-07-16,,Wisla,Pogon Szczecin,2,1,H,,,,,,,,,,,,,,,,,,,,0.4603,0.2913,0.2483,1,,,,2.22,3.4,3.93,,,,,0.2161,,10,0.6,0.0727,0.1088,0,0,,,,-0.0507,,,,,,,,,,,
spelad,EK,2016/17,2016-07-17,,Cracovia,Piast Gliwice,5,1,H,,,,,,,,,,,,,,,,,,,,0.4471,0.2761,0.2769,1,,,,2.18,3.57,4.33,,,,,-0.0274,,9,-0.6667,-0.4647,0.0482,0,0,,,,0.0571,,,,,,,,,,,
spelad,EK,2016/17,2016-07-17,,Zaglebie,Korona Kielce,4,0,H,,,,,,,,,,,,,,,,,,,,0.5421,0.2703,0.1876,1,,,,1.86,3.72,5.35,,,,,0.5531,,7,0.4286,0.0217,-0.0045,0,0,,,,-0.0364,,,,,,,,,,,
spelad,EK,2016/17,2016-07-18,,Termalica B-B.,Arka Gdynia,2,0,H,,,,,,,,,,,,,,,,,,,,0.36,0.3137,0.3263,1,,,,2.71,3.3,3.07,,,,,,,,,,,-1,0,,,,0.0181,,,,,,,,,,,
spelad,EK,2016/17,2016-07-22,,Arka Gdynia,Wisla,3,0,H,,,,,,,,,,,,,,,,,,,,0.3652,0.3019,0.3328,1,,,,2.67,3.32,3.07,,,,,,-2,,,,,1,0,,,,0.0145,,,,,,,,,,,
spelad,EK,2016/17,2016-07-22,,Pogon Szczecin,Korona Kielce,1,1,D,,,,,,,,,,,,,,,,,,,,0.5645,0.2563,0.1792,1,,,,1.78,3.81,6,,,,,-0.0074,1,8,1.125,0.3767,0.083,0,0,,,,-0.0232,,,,,,,,,,,
spelad,EK,2016/17,2016-07-23,,Jagiellonia,Ruch Chorzow,4,1,H,,,,,,,,,,,,,,,,,,,,0.5454,0.2549,0.1997,1,,,,1.95,3.83,5.05,,,,,0.3497,0,8,1.125,0.5589,-0.1654,0,0,,,,-0.0335,,,,,,,,,,,
spelad,EK,2016/17,2016-07-23,,Legia,Slask Wroclaw,0,0,D,,,,,,,,,,,,,,,,,,,,0.603,0.243,0.1541,1,,,,1.66,4.1,6.5,,,,,-0.674,-1,9,1.6667,0.4094,-0.0379,0,0,,,,-0.053,,,,,,,,,,,
spelad,EK,2016/17,2016-07-24,,Lech Poznan,Zaglebie,0,2,A,,,,,,,,,,,,,,,,,,,,0.4949,0.2794,0.2257,1,,,,1.99,3.68,4.46,,,,,-1.3602,2,7,0.4286,-0.0528,0.0142,0,0,,,,-0.0224,,,,,,,,,,,
spelad,EK,2016/17,2016-07-24,,Piast Gliwice,Wisla Plock,2,1,H,,,,,,,,,,,,,,,,,,,,0.3614,0.2939,0.3448,1,,,,2.7,3.32,3.01,,,,,,-2,,,,,-1,0,,,,0.0241,,,,,,,,,,,
spelad,EK,2016/17,2016-07-24,,Termalica B-B.,Cracovia,3,2,H,,,,,,,,,,,,,,,,,,,,0.3624,0.2832,0.3545,1,,,,2.7,3.46,2.88,,,,,-0.4475,-1,,,,,0,0,,,,0.0124,,,,,,,,,,,
spelad,EK,2016/17,2016-07-25,,Leczna,Lechia Gdansk,1,2,A,,,,,,,,,,,,,,,,,,,,0.261,0.2829,0.4561,1,,,,4.06,3.65,2.16,,,,,-0.2816,-1,4,-0.75,-0.0279,-0.0277,0,0,,,,-0.0099,,,,,,,,,,,
spelad,EK,2016/17,2016-07-29,,Arka Gdynia,Ruch Chorzow,3,0,H,,,,,,,,,,,,,,,,,,,,0.5195,0.2736,0.2069,1,,,,1.99,3.6,4.95,,,,,,1,,,,,1,0,,,,-0.0388,,,,,,,,,,,
spelad,EK,2016/17,2016-07-29,,Lech Poznan,Jagiellonia,0,2,A,,,,,,,,,,,,,,,,,,,,0.48,0.2745,0.2455,1,,,,2.03,3.57,4.16,,,,,-0.7446,-1,9,-1,-0.9382,-0.2561,0,0,,,,-0.0092,,,,,,,,,,,
spelad,EK,2016/17,2016-07-30,,Lechia Gdansk,Wisla,3,1,H,,,,,,,,,,,,,,,,,,,,0.536,0.2608,0.2032,1,,,,1.86,3.77,5.25,,,,,-0.1087,-3,10,-0.3,-0.3462,0.2092,0,0,,,,-0.0217,,,,,,,,,,,
spelad,EK,2016/17,2016-07-30,,Wisla Plock,Legia,2,3,A,,,,,,,,,,,,,,,,,,,,0.2652,0.2977,0.4372,1,,,,3.67,3.4,2.28,,,,,,-1,,,,,1,0,,,,0.0341,,,,,,,,,,,
spelad,EK,2016/17,2016-07-31,,Korona Kielce,Piast Gliwice,1,1,D,,,,,,,,,,,,,,,,,,,,0.3601,0.2975,0.3424,1,,,,2.71,3.3,2.92,,,,,-0.5414,2,10,1.5,0.7323,0.0083,0,0,,,,0.0055,,,,,,,,,,,
spelad,EK,2016/17,2016-07-31,,Leczna,Cracovia,0,0,D,,,,,,,,,,,,,,,,,,,,0.3291,0.2934,0.3775,1,,,,3,3.4,2.75,,,,,-0.8352,-1,5,0,0.1378,-0.0931,0,0,,,,0.0061,,,,,,,,,,,
spelad,EK,2016/17,2016-07-31,,Zaglebie,Termalica B-B.,2,0,H,,,,,,,,,,,,,,,,,,,,0.4952,0.2904,0.2144,1,,,,1.98,3.5,4.8,,,,,0.9131,0,,,,,0,0,,,,-0.0012,,,,,,,,,,,
spelad,EK,2016/17,2016-08-01,,Pogon Szczecin,Slask Wroclaw,0,2,A,,,,,,,,,,,,,,,,,,,,0.4084,0.3119,0.2797,1,,,,2.46,3.27,3.6,,,,,-0.7919,1,9,-0.6667,-0.2226,0.274,0,0,,,,-0.017,,,,,,,,,,,
spelad,EK,2016/17,2016-08-05,,Cracovia,Wisla,2,1,H,,,,,,,,,,,,,,,,,,,,0.4334,0.275,0.2915,1,,,,2.27,3.57,3.5,,,,,0.5339,-1,6,0,0.189,0.0442,0,0,,,,0.002,,,,,,,,,,,
spelad,EK,2016/17,2016-08-05,,Jagiellonia,Arka Gdynia,4,1,H,,,,,,,,,,,,,,,,,,,,0.4339,0.2941,0.272,1,,,,2.25,3.47,3.6,,,,,,0,,,,,-1,0,,,,0.0016,,,,,,,,,,,
spelad,EK,2016/17,2016-08-06,,Korona Kielce,Lech Poznan,4,1,H,,,,,,,,,,,,,,,,,,,,0.2621,0.2885,0.4494,1,,,,3.88,3.42,2.17,,,,,0.6418,-2,8,-1.125,-0.065,0.1174,0,0,,,,0.0022,,,,,,,,,,,
spelad,EK,2016/17,2016-08-06,,Slask Wroclaw,Lechia Gdansk,0,0,D,,,,,,,,,,,,,,,,,,,,0.3189,0.321,0.3601,1,,,,3.26,3.27,2.71,,,,,0.5932,-2,9,1.6667,0.8859,-0.0706,0,0,,,,-0.0102,,,,,,,,,,,
spelad,EK,2016/17,2016-08-06,,Termalica B-B.,Leczna,2,1,H,,,,,,,,,,,,,,,,,,,,0.4573,0.3034,0.2393,1,,,,2.13,3.32,4.3,,,,,0.3468,0,3,0,-0.138,0.0407,0,0,,,,-0.0095,,,,,,,,,,,
spelad,EK,2016/17,2016-08-07,,Legia,Piast Gliwice,0,0,D,,,,,,,,,,,,,,,,,,,,0.6546,0.2093,0.136,1,,,,1.51,4.66,8,,,,,-0.5021,1,9,1,-0.2311,0.0003,0,0,,,,-0.0437,,,,,,,,,,,
spelad,EK,2016/17,2016-08-07,,Zaglebie,Pogon Szczecin,1,1,D,,,,,,,,,,,,,,,,,,,,0.4899,0.2885,0.2216,1,,,,2.06,3.43,4.4,,,,,1.8421,1,7,0,-0.2233,0.1358,0,0,,,,-0.0424,,,,,,,,,,,
spelad,EK,2016/17,2016-08-08,,Ruch Chorzow,Wisla Plock,2,2,D,,,,,,,,,,,,,,,,,,,,0.3471,0.3166,0.3363,1,,,,2.9,3.35,2.9,,,,,,1,,,,,-1,0,,,,-0.0218,,,,,,,,,,,
spelad,EK,2016/17,2016-08-12,,Lech Poznan,Cracovia,2,1,H,,,,,,,,,,,,,,,,,,,,0.5083,0.2674,0.2243,1,,,,2.1,3.67,4.66,,,,,-1.4454,-1,7,0,-0.4432,0.1583,0,0,,,,-0.0258,,,,,,,,,,,
spelad,EK,2016/17,2016-08-12,,Lechia Gdansk,Korona Kielce,3,2,H,,,,,,,,,,,,,,,,,,,,0.658,0.2178,0.1242,1,,,,1.59,4.47,7.84,,,,,0.0163,0,8,-0.75,-0.6104,-0.0394,0,0,,,,-0.062,,,,,,,,,,,
spelad,EK,2016/17,2016-08-13,,Arka Gdynia,Slask Wroclaw,2,0,H,,,,,,,,,,,,,,,,,,,,0.4756,0.2859,0.2384,1,,,,2.2,3.41,4.09,,,,,,1,,,,,1,0,,,,-0.0657,,,,,,,,,,,
spelad,EK,2016/17,2016-08-13,,Leczna,Legia,1,0,H,,,,,,,,,,,,,,,,,,,,0.2121,0.2575,0.5304,1,,,,5.2,3.85,1.93,,,,,0.1878,1,4,-1.5,0.0575,-0.2332,0,0,,,,0.0235,,,,,,,,,,,
spelad,EK,2016/17,2016-08-13,,Pogon Szczecin,Termalica B-B.,5,0,H,,,,,,,,,,,,,,,,,,,,0.4359,0.2898,0.2743,1,,,,2.27,3.37,4.25,,,,,-0.915,-1,,,,,0,0,,,,0.0237,,,,,,,,,,,
spelad,EK,2016/17,2016-08-14,,Piast Gliwice,Zaglebie,0,0,D,,,,,,,,,,,,,,,,,,,,0.3769,0.3041,0.319,1,,,,2.71,3.42,3.06,,,,,-1.1179,0,8,0.375,0.3739,-0.1592,0,0,,,,-0.0141,,,,,,,,,,,
spelad,EK,2016/17,2016-08-14,,Wisla,Ruch Chorzow,1,2,A,,,,,,,,,,,,,,,,,,,,0.5952,0.2404,0.1643,1,,,,1.72,4.06,5.94,,,,,0.2839,3,9,0.6667,-0.0306,0.2708,0,0,,,,-0.0586,,,,,,,,,,,
spelad,EK,2016/17,2016-08-15,,Wisla Plock,Jagiellonia,1,0,H,,,,,,,,,,,,,,,,,,,,0.3735,0.2882,0.3384,1,,,,2.65,3.37,2.98,,,,,,-3,,,,,1,0,,,,0.005,,,,,,,,,,,
spelad,EK,2016/17,2016-08-19,,Slask Wroclaw,Wisla Plock,0,0,D,,,,,,,,,,,,,,,,,,,,0.4172,0.2914,0.2914,1,,,,2.38,3.35,3.47,,,,,0.2604,2,,,,,-1,0,,,,0.001,,,,,,,,,,,
spelad,EK,2016/17,2016-08-19,,Termalica B-B.,Lech Poznan,0,0,D,,,,,,,,,,,,,,,,,,,,0.3148,0.2894,0.3958,1,,,,3.25,3.35,2.48,,,,,1.0812,-1,,,,,0,0,,,,-0.0088,,,,,,,,,,,
spelad,EK,2016/17,2016-08-20,,Cracovia,Ruch Chorzow,1,1,D,,,,,,,,,,,,,,,,,,,,0.5325,0.2461,0.2215,1,,,,1.85,3.96,5,,,,,0.3502,2,8,1.5,0.6948,-0.2865,0,0,,,,0.0115,,,,,,,,,,,
spelad,EK,2016/17,2016-08-20,,Legia,Arka Gdynia,1,3,A,,,,,,,,,,,,,,,,,,,,0.5322,0.2698,0.198,1,,,,1.9,3.75,4.96,,,,,-0.7926,0,,,,,-1,0,,,,-0.0384,,,,,,,,,,,
spelad,EK,2016/17,2016-08-20,,Piast Gliwice,Pogon Szczecin,0,2,A,,,,,,,,,,,,,,,,,,,,0.3979,0.2876,0.3145,1,,,,2.52,3.4,3.1,,,,,0.1936,-1,9,0.6667,0.3644,0.0491,0,0,,,,-0.0138,,,,,,,,,,,
spelad,EK,2016/17,2016-08-21,,Jagiellonia,Lechia Gdansk,0,1,A,,,,,,,,,,,,,,,,,,,,0.3728,0.2821,0.3451,1,,,,2.75,3.45,2.88,,,,,0.0912,-3,9,-1,-0.2974,-0.0638,0,0,,,,-0.0073,,,,,,,,,,,
spelad,EK,2016/17,2016-08-21,,Zaglebie,Leczna,0,0,D,,,,,,,,,,,,,,,,,,,,0.5196,0.2699,0.2105,1,,,,1.89,3.75,5.05,,,,,1.2025,-1,,,,,0,0,,,,-0.0097,,,,,,,,,,,
spelad,EK,2016/17,2016-08-22,,Korona Kielce,Wisla,1,0,H,,,,,,,,,,,,,,,,,,,,0.2903,0.2819,0.4278,1,,,,3.43,3.46,2.45,,,,,0.1033,2,9,-0.6667,-0.1465,0.0471,0,0,,,,0.0425,,,,,,,,,,,
spelad,EK,2016/17,2016-08-26,,Wisla,Slask Wroclaw,1,5,A,,,,,,,,,,,,,,,,,,,,0.4626,0.2958,0.2416,1,,,,2.32,3.5,4.04,,,,,-0.8161,-3,10,-0.3,-0.1825,0.0108,0,0,,,,-0.0358,,,,,,,,,,,
spelad,EK,2016/17,2016-08-26,,Wisla Plock,Korona Kielce,1,2,A,,,,,,,,,,,,,,,,,,,,0.4847,0.2882,0.2271,1,,,,2.03,3.55,4.33,,,,,0.0156,3,,,,,1,0,,,,-0.0285,,,,,,,,,,,
spelad,EK,2016/17,2016-08-27,,Arka Gdynia,Zaglebie,1,1,D,,,,,,,,,,,,,,,,,,,,0.397,0.3043,0.2987,1,,,,2.65,3.25,3.3,,,,,-0.0448,1,,,,,1,0,,,,-0.0336,,,,,,,,,,,
spelad,EK,2016/17,2016-08-27,,Leczna,Jagiellonia,0,2,A,,,,,,,,,,,,,,,,,,,,0.3337,0.2944,0.3719,1,,,,3.02,3.31,2.63,,,,,-0.4201,0,5,-1.2,-0.4451,-0.0931,0,0,,,,-0.0107,,,,,,,,,,,
spelad,EK,2016/17,2016-08-27,,Pogon Szczecin,Cracovia,1,1,D,,,,,,,,,,,,,,,,,,,,0.4924,0.291,0.2166,1,,,,2.14,3.45,4.5,,,,,0.1528,0,7,1.2857,0.5675,-0.0032,0,0,,,,-0.0739,,,,,,,,,,,
spelad,EK,2016/17,2016-08-28,,Lech Poznan,Piast Gliwice,2,0,H,,,,,,,,,,,,,,,,,,,,0.5769,0.2474,0.1757,1,,,,1.72,3.94,6,,,,,-0.3808,1,9,0.6667,-0.1015,-0.1521,0,0,,,,-0.0231,,,,,,,,,,,
spelad,EK,2016/17,2016-08-28,,Lechia Gdansk,Termalica B-B.,1,2,A,,,,,,,,,,,,,,,,,,,,0.5959,0.2431,0.161,1,,,,1.67,4.06,6.2,,,,,-0.1074,-2,,,,,0,0,,,,-0.0307,,,,,,,,,,,
spelad,EK,2016/17,2016-08-28,,Ruch Chorzow,Legia,0,2,A,,,,,,,,,,,,,,,,,,,,0.1864,0.25,0.5636,1,,,,5.35,3.97,1.82,,,,,0.7738,0,10,-0.9,0.2117,0.0681,0,0,,,,0.031,,,,,,,,,,,
spelad,EK,2016/17,2016-09-09,,Cracovia,Lechia Gdansk,0,1,A,,,,,,,,,,,,,,,,,,,,0.398,0.2973,0.3047,1,,,,2.72,3.32,3.2,,,,,0.1996,1,7,1.2857,0.9677,-0.2843,0,0,,,,-0.0653,,,,,,,,,,,
spelad,EK,2016/17,2016-09-09,,Zaglebie,Wisla Plock,1,2,A,,,,,,,,,,,,,,,,,,,,0.476,0.2922,0.2318,1,,,,2.05,3.4,4.5,,,,,0.6952,-1,,,,,-1,0,,,,0.0144,,,,,,,,,,,
spelad,EK,2016/17,2016-09-10,,Korona Kielce,Arka Gdynia,1,0,H,,,,,,,,,,,,,,,,,,,,0.3339,0.3037,0.3624,1,,,,3.02,3.23,2.74,,,,,-0.1417,1,,,,,-1,0,,,,-0.0088,,,,,,,,,,,
spelad,EK,2016/17,2016-09-10,,Piast Gliwice,Leczna,3,3,D,,,,,,,,,,,,,,,,,,,,0.4335,0.2903,0.2763,1,,,,2.27,3.36,3.75,,,,,0.0149,-1,5,0.6,0.1647,0.106,0,0,,,,0.0171,,,,,,,,,,,
spelad,EK,2016/17,2016-09-10,,Termalica B-B.,Legia,2,1,H,,,,,,,,,,,,,,,,,,,,0.2136,0.2598,0.5266,1,,,,4.75,3.75,1.91,,,,,1.0514,0,,,,,0,0,,,,0.0274,,,,,,,,,,,
spelad,EK,2016/17,2016-09-11,,Jagiellonia,Wisla,2,1,H,,,,,,,,,,,,,,,,,,,,0.4741,0.2676,0.2584,1,,,,2.09,3.65,3.98,,,,,1.4356,-1,10,0,0.1083,0.1156,0,0,,,,-0.0148,,,,,,,,,,,
spelad,EK,2016/17,2016-09-11,,Lech Poznan,Pogon Szczecin,3,1,H,,,,,,,,,,,,,,,,,,,,0.5361,0.2718,0.1921,1,,,,1.89,3.62,5.08,,,,,-0.1691,-1,11,-0.2727,-0.6885,0.1015,0,0,,,,-0.0452,,,,,,,,,,,
spelad,EK,2016/17,2016-09-12,,Slask Wroclaw,Ruch Chorzow,1,2,A,,,,,,,,,,,,,,,,,,,,0.527,0.2826,0.1904,1,,,,1.91,3.5,5.25,,,,,0.4023,2,8,-0.375,-0.4913,0.0867,0,0,,,,-0.0326,,,,,,,,,,,
spelad,EK,2016/17,2016-09-16,,Ruch Chorzow,Termalica B-B.,0,1,A,,,,,,,,,,,,,,,,,,,,0.3668,0.3058,0.3274,1,,,,2.73,3.27,3.05,,,,,-0.4467,-2,,,,,0,0,,,,-0.0015,,,,,,,,,,,
spelad,EK,2016/17,2016-09-16,,Slask Wroclaw,Jagiellonia,0,4,A,,,,,,,,,,,,,,,,,,,,0.3829,0.3051,0.312,1,,,,2.72,3.3,3.2,,,,,-0.5981,-1,11,0.2727,0.0209,-0.1046,0,0,,,,-0.0115,,,,,,,,,,,
spelad,EK,2016/17,2016-09-17,,Leczna,Korona Kielce,4,0,H,,,,,,,,,,,,,,,,,,,,0.3947,0.3135,0.2919,1,,,,2.5,3.3,3.68,,,,,-1.0832,0,6,1.5,0.8662,-0.1243,0,0,,,,0.0124,,,,,,,,,,,
spelad,EK,2016/17,2016-09-17,,Wisla,Piast Gliwice,1,0,H,,,,,,,,,,,,,,,,,,,,0.447,0.282,0.271,1,,,,2.38,3.62,4,,,,,-0.7003,-1,8,-0.375,-0.4655,0.0921,0,0,,,,0.0018,,,,,,,,,,,
spelad,EK,2016/17,2016-09-17,,Wisla Plock,Pogon Szczecin,2,0,H,,,,,,,,,,,,,,,,,,,,0.4067,0.3128,0.2805,1,,,,2.58,3.3,3.65,,,,,0.342,2,,,,,1,0,,,,-0.0308,,,,,,,,,,,
spelad,EK,2016/17,2016-09-18,,Lechia Gdansk,Lech Poznan,2,1,H,,,,,,,,,,,,,,,,,,,,0.4062,0.3019,0.2919,1,,,,2.58,3.4,3.34,,,,,0.6677,2,11,-1.6364,-0.4584,-0.195,0,0,,,,-0.0478,,,,,,,,,,,
spelad,EK,2016/17,2016-09-18,,Legia,Zaglebie,2,3,A,,,,,,,,,,,,,,,,,,,,0.5401,0.2715,0.1884,1,,,,1.84,3.7,5.19,,,,,-0.8556,-1,7,1.2857,0.1313,0.0267,0,0,,,,-0.0531,,,,,,,,,,,
spelad,EK,2016/17,2016-09-19,,Arka Gdynia,Cracovia,1,0,H,,,,,,,,,,,,,,,,,,,,0.4411,0.3134,0.2455,1,,,,2.23,3.4,4,,,,,0.5107,-1,,,,,1,0,,,,-0.0311,,,,,,,,,,,
spelad,EK,2016/17,2016-09-23,,Termalica B-B.,Wisla Plock,0,0,D,,,,,,,,,,,,,,,,,,,,0.3855,0.3106,0.3039,1,,,,2.56,3.22,3.36,,,,,0.7929,1,,,,,-1,0,,,,-0.0075,,,,,,,,,,,
spelad,EK,2016/17,2016-09-23,,Wisla,Legia,0,0,D,,,,,,,,,,,,,,,,,,,,0.2499,0.2816,0.4685,1,,,,4.15,3.5,2.25,,,,,-0.13,1,10,-1.5,-0.2439,0.045,0,0,,,,0.0505,,,,,,,,,,,
spelad,EK,2016/17,2016-09-24,,Lechia Gdansk,Ruch Chorzow,2,1,H,,,,,,,,,,,,,,,,,,,,0.6638,0.2154,0.1208,1,,,,1.48,4.53,8.5,,,,,0.7033,-2,10,0.6,-0.1563,0.3272,0,0,,,,-0.0415,,,,,,,,,,,
spelad,EK,2016/17,2016-09-24,,Pogon Szczecin,Leczna,1,1,D,,,,,,,,,,,,,,,,,,,,0.5002,0.2755,0.2242,1,,,,2.04,3.54,4.35,,,,,-0.2455,0,4,-0.75,-0.5057,-0.0415,0,0,,,,-0.0434,,,,,,,,,,,
spelad,EK,2016/17,2016-09-24,,Zaglebie,Cracovia,1,1,D,,,,,,,,,,,,,,,,,,,,0.4494,0.2827,0.2679,1,,,,2.22,3.47,4,,,,,0.7845,1,6,-1,-0.4582,-0.2863,0,0,,,,0.0103,,,,,,,,,,,
spelad,EK,2016/17,2016-09-25,,Korona Kielce,Jagiellonia,1,2,A,,,,,,,,,,,,,,,,,,,,0.2764,0.2993,0.4243,1,,,,3.53,3.4,2.4,,,,,-0.1139,-1,10,0.3,0.1409,0.0097,0,0,,,,0.0546,,,,,,,,,,,
spelad,EK,2016/17,2016-09-25,,Lech Poznan,Arka Gdynia,0,0,D,,,,,,,,,,,,,,,,,,,,0.5273,0.2629,0.2098,1,,,,1.91,3.71,4.8,,,,,-0.9976,1,,,,,-1,0,,,,-0.0365,,,,,,,,,,,
spelad,EK,2016/17,2016-09-26,,Piast Gliwice,Slask Wroclaw,1,1,D,,,,,,,,,,,,,,,,,,,,0.4027,0.2986,0.2986,1,,,,2.48,3.32,3.3,,,,,-0.21,-1,9,1.3333,0.8492,0.0539,0,0,,,,-0.0012,,,,,,,,,,,
spelad,EK,2016/17,2016-09-30,,Leczna,Lech Poznan,1,2,A,,,,,,,,,,,,,,,,,,,,0.223,0.2824,0.4946,1,,,,4.37,3.5,2.05,,,,,0.4429,1,4,-2.25,-0.6201,-0.0081,0,0,,,,0.0487,,,,,,,,,,,
spelad,EK,2016/17,2016-09-30,,Ruch Chorzow,Zaglebie,1,2,A,,,,,,,,,,,,,,,,,,,,0.2703,0.2921,0.4376,1,,,,3.61,3.38,2.26,,,,,0.1837,0,7,0,0.2865,-0.1424,0,0,,,,0.0207,,,,,,,,,,,
spelad,EK,2016/17,2016-10-01,,Arka Gdynia,Piast Gliwice,1,2,A,,,,,,,,,,,,,,,,,,,,0.5415,0.2692,0.1893,1,,,,1.87,3.67,5.15,,,,,0.9864,1,,,,,0,0,,,,-0.032,,,,,,,,,,,
spelad,EK,2016/17,2016-10-01,,Legia,Lechia Gdansk,3,0,H,,,,,,,,,,,,,,,,,,,,0.5397,0.2537,0.2065,1,,,,1.95,4,5,,,,,-1.5135,1,11,0.2727,-0.2125,-0.0819,0,0,,,,-0.03,,,,,,,,,,,
spelad,EK,2016/17,2016-10-01,,Wisla Plock,Wisla,2,3,A,,,,,,,,,,,,,,,,,,,,0.415,0.2877,0.2973,1,,,,2.41,3.42,3.5,,,,,1.0643,0,,,,,0,0,,,,-0.0193,,,,,,,,,,,
spelad,EK,2016/17,2016-10-02,,Cracovia,Korona Kielce,6,0,H,,,,,,,,,,,,,,,,,,,,0.5494,0.2629,0.1877,1,,,,1.84,3.77,5.3,,,,,-0.9457,1,8,0.375,-0.1476,0.0952,0,0,,,,-0.047,,,,,,,,,,,
spelad,EK,2016/17,2016-10-02,,Jagiellonia,Pogon Szczecin,0,0,D,,,,,,,,,,,,,,,,,,,,0.4689,0.301,0.23,1,,,,2.1,3.5,4.25,,,,,1.0802,-1,9,0,0.0064,0.042,0,0,,,,-0.0162,,,,,,,,,,,
spelad,EK,2016/17,2016-10-02,,Slask Wroclaw,Termalica B-B.,1,2,A,,,,,,,,,,,,,,,,,,,,0.4689,0.286,0.2451,1,,,,2.17,3.41,3.98,,,,,-0.771,-3,3,2,0.6607,0.0506,0,0,,,,-0.0219,,,,,,,,,,,
spelad,EK,2016/17,2016-10-14,,Cracovia,Wisla Plock,1,0,H,,,,,,,,,,,,,,,,,,,,0.5001,0.2851,0.2148,1,,,,1.99,3.61,4.55,,,,,-0.3652,-1,,,,,0,0,,,,-0.0306,,,,,,,,,,,
spelad,EK,2016/17,2016-10-14,,Pogon Szczecin,Legia,3,2,H,,,,,,,,,,,,,,,,,,,,0.2304,0.2699,0.4997,1,,,,4.23,3.61,2.03,,,,,0.8501,-1,11,-2.1818,-0.3755,-0.1404,0,0,,,,0.0452,,,,,,,,,,,
spelad,EK,2016/17,2016-10-15,,Leczna,Arka Gdynia,0,0,D,,,,,,,,,,,,,,,,,,,,0.3137,0.2992,0.3871,1,,,,3.14,3.3,2.58,,,,,0.0459,1,,,,,0,0,,,,0.0144,,,,,,,,,,,
spelad,EK,2016/17,2016-10-15,,Piast Gliwice,Ruch Chorzow,2,1,H,,,,,,,,,,,,,,,,,,,,0.4693,0.2805,0.2503,1,,,,2.11,3.52,3.92,,,,,-0.3232,-1,10,-0.3,-0.0736,-0.1909,0,0,,,,-0.0226,,,,,,,,,,,
spelad,EK,2016/17,2016-10-15,,Zaglebie,Lechia Gdansk,1,2,A,,,,,,,,,,,,,,,,,,,,0.3855,0.2894,0.3251,1,,,,2.56,3.37,3.12,,,,,-0.511,1,7,-1.7143,-0.7895,-0.1505,0,0,,,,0.0019,,,,,,,,,,,
spelad,EK,2016/17,2016-10-16,,Lech Poznan,Wisla,1,1,D,,,,,,,,,,,,,,,,,,,,0.5394,0.2556,0.2051,1,,,,1.82,3.82,4.9,,,,,0.5936,1,10,0.9,0.1003,-0.1651,0,0,,,,-0.0161,,,,,,,,,,,
spelad,EK,2016/17,2016-10-16,,Termalica B-B.,Jagiellonia,0,0,D,,,,,,,,,,,,,,,,,,,,0.308,0.3061,0.3859,1,,,,3.17,3.4,2.74,,,,,0.437,0,3,1,0.7566,-0.2871,0,0,,,,0.0336,,,,,,,,,,,
spelad,EK,2016/17,2016-10-17,,Korona Kielce,Slask Wroclaw,1,2,A,,,,,,,,,,,,,,,,,,,,0.3239,0.3066,0.3695,1,,,,3.06,3.22,2.84,,,,,1.1013,0,10,-0.6,-0.2595,0.3187,0,0,,,,0.0207,,,,,,,,,,,
spelad,EK,2016/17,2016-10-21,,Arka Gdynia,Pogon Szczecin,0,3,A,,,,,,,,,,,,,,,,,,,,0.408,0.3218,0.2701,1,,,,2.41,3.27,3.67,,,,,-0.1273,-1,,,,,0,0,,,,0.0098,,,,,,,,,,,
spelad,EK,2016/17,2016-10-21,,Wisla,Termalica B-B.,2,0,H,,,,,,,,,,,,,,,,,,,,0.5066,0.2701,0.2232,1,,,,1.93,3.82,4.86,,,,,-1.1303,0,3,1,-0.0353,0.3957,0,0,,,,0.0096,,,,,,,,,,,
spelad,EK,2016/17,2016-10-22,,Legia,Lech Poznan,2,1,H,,,,,,,,,,,,,,,,,,,,0.4831,0.2741,0.2428,1,,,,2.02,3.68,4.4,,,,,-1.1159,2,11,0.8182,0.2019,-0.1021,0,0,,,,0.0111,,,,,,,,,,,
spelad,EK,2016/17,2016-10-22,,Slask Wroclaw,Cracovia,2,2,D,,,,,,,,,,,,,,,,,,,,0.3574,0.2904,0.3522,1,,,,2.74,3.37,2.97,,,,,-0.1419,-3,7,0.4286,-0.0104,0.01,0,0,,,,0.0111,,,,,,,,,,,
spelad,EK,2016/17,2016-10-22,,Wisla Plock,Leczna,1,2,A,,,,,,,,,,,,,,,,,,,,0.4693,0.2854,0.2453,1,,,,2.08,3.44,4.35,,,,,-0.0843,1,,,,,0,0,,,,0.0149,,,,,,,,,,,
spelad,EK,2016/17,2016-10-23,,Jagiellonia,Zaglebie,1,2,A,,,,,,,,,,,,,,,,,,,,0.4652,0.2791,0.2557,1,,,,2.12,3.53,3.92,,,,,0.4675,-1,7,0.4286,0.2702,-0.0104,0,0,,,,-0.0078,,,,,,,,,,,
spelad,EK,2016/17,2016-10-23,,Lechia Gdansk,Piast Gliwice,3,2,H,,,,,,,,,,,,,,,,,,,,0.61,0.2313,0.1587,1,,,,1.66,4.22,6.15,,,,,0.8489,0,9,0,-0.1505,-0.1756,0,0,,,,-0.0685,,,,,,,,,,,
spelad,EK,2016/17,2016-10-24,,Ruch Chorzow,Korona Kielce,4,0,H,,,,,,,,,,,,,,,,,,,,0.426,0.2992,0.2748,1,,,,2.33,3.34,3.65,,,,,-0.1231,2,9,1,0.5792,-0.0763,0,0,,,,-0.023,,,,,,,,,,,
spelad,EK,2016/17,2016-10-28,,Korona Kielce,Legia,2,4,A,,,,,,,,,,,,,,,,,,,,0.1155,0.2167,0.6678,1,,,,8.44,4.55,1.52,,,,,0.5772,-2,8,-1.125,0.1412,-0.1177,0,0,,,,0.0643,,,,,,,,,,,
spelad,EK,2016/17,2016-10-28,,Piast Gliwice,Termalica B-B.,2,1,H,,,,,,,,,,,,,,,,,,,,0.398,0.301,0.301,1,,,,2.6,3.28,3.27,,,,,-0.9842,-2,,,,,0,0,,,,-0.0405,,,,,,,,,,,
spelad,EK,2016/17,2016-10-29,,Lech Poznan,Wisla Plock,2,0,H,,,,,,,,,,,,,,,,,,,,0.5485,0.2727,0.1788,1,,,,1.84,3.8,6.3,,,,,0.2258,0,,,,,0,0,,,,0.009,,,,,,,,,,,
spelad,EK,2016/17,2016-10-29,,Leczna,Slask Wroclaw,0,3,A,,,,,,,,,,,,,,,,,,,,0.3654,0.3147,0.3199,1,,,,2.82,3.2,3.05,,,,,0.4464,0,5,-2.4,-0.962,-0.0908,0,0,,,,0.0063,,,,,,,,,,,
spelad,EK,2016/17,2016-10-29,,Pogon Szczecin,Ruch Chorzow,2,1,H,,,,,,,,,,,,,,,,,,,,0.5086,0.2933,0.1981,1,,,,1.96,3.63,5.4,,,,,0.4259,3,10,0.6,0.1509,0.1055,0,0,,,,-0.009,,,,,,,,,,,
spelad,EK,2016/17,2016-10-30,,Arka Gdynia,Lechia Gdansk,1,1,D,,,,,,,,,,,,,,,,,,,,0.319,0.3099,0.3711,1,,,,3.22,3.25,2.66,,,,,-0.9616,2,,,,,0,0,,,,-0.0036,,,,,,,,,,,
spelad,EK,2016/17,2016-10-30,,Cracovia,Jagiellonia,1,3,A,,,,,,,,,,,,,,,,,,,,0.4369,0.2998,0.2633,1,,,,2.32,3.35,3.7,,,,,-0.412,1,7,0.4286,0.0199,0.2822,0,0,,,,-0.0309,,,,,,,,,,,
spelad,EK,2016/17,2016-10-31,,Zaglebie,Wisla,2,2,D,,,,,,,,,,,,,,,,,,,,0.4577,0.2862,0.256,1,,,,2.24,3.5,3.85,,,,,0.0591,-2,6,0.5,0.4376,-0.1213,0,0,,,,-0.0342,,,,,,,,,,,
spelad,EK,2016/17,2016-11-04,,Ruch Chorzow,Lech Poznan,0,5,A,,,,,,,,,,,,,,,,,,,,0.1952,0.2773,0.5275,1,,,,5.2,3.7,1.9,,,,,-0.3506,0,10,-2.1,-0.5578,0.0379,0,0,,,,0.0371,,,,,,,,,,,
spelad,EK,2016/17,2016-11-04,,Wisla Plock,Arka Gdynia,0,0,D,,,,,,,,,,,,,,,,,,,,0.3848,0.31,0.3052,1,,,,2.55,3.2,3.26,,,,,0.1416,1,,,,,0,0,,,,0.0074,,,,,,,,,,,
spelad,EK,2016/17,2016-11-05,,Jagiellonia,Piast Gliwice,2,0,H,,,,,,,,,,,,,,,,,,,,0.629,0.2221,0.1489,1,,,,1.71,4.46,6.74,,,,,0.4807,-2,9,-0.3333,-0.2213,-0.0595,0,0,,,,-0.0515,,,,,,,,,,,
spelad,EK,2016/17,2016-11-05,,Lechia Gdansk,Pogon Szczecin,1,1,D,,,,,,,,,,,,,,,,,,,,0.495,0.2755,0.2295,1,,,,2,3.6,4.46,,,,,0.2322,-1,11,0.5455,0.139,-0.0179,0,0,,,,-0.0001,,,,,,,,,,,
spelad,EK,2016/17,2016-11-05,,Termalica B-B.,Korona Kielce,1,3,A,,,,,,,,,,,,,,,,,,,,0.5551,0.2669,0.178,1,,,,1.84,3.72,5.49,,,,,0.9508,0,3,0,-0.1823,0.0437,0,0,,,,-0.058,,,,,,,,,,,
spelad,EK,2016/17,2016-11-06,,Legia,Cracovia,2,0,H,,,,,,,,,,,,,,,,,,,,0.6208,0.2354,0.1438,1,,,,1.59,4.37,7,,,,,0.0347,2,7,3,0.9875,-0.2396,0,0,,,,-0.0275,,,,,,,,,,,
spelad,EK,2016/17,2016-11-06,,Slask Wroclaw,Zaglebie,2,1,H,,,,,,,,,,,,,,,,,,,,0.3692,0.2981,0.3327,1,,,,2.64,3.3,3.02,,,,,-0.1416,2,7,-0.4286,-0.3342,-0.0014,0,0,,,,0.0134,,,,,,,,,,,
spelad,EK,2016/17,2016-11-06,,Wisla,Leczna,3,2,H,,,,,,,,,,,,,,,,,,,,0.5128,0.2707,0.2165,1,,,,1.96,3.6,4.5,,,,,0.2761,-2,5,0.6,0.0475,0.1059,0,0,,,,-0.0379,,,,,,,,,,,
spelad,EK,2016/17,2016-11-18,,Jagiellonia,Legia,1,4,A,,,,,,,,,,,,,,,,,,,,0.285,0.2893,0.4257,1,,,,3.42,3.39,2.35,,,,,0.8192,1,10,-0.6,0.3651,-0.0378,0,0,,,,0.0186,,,,,,,,,,,
spelad,EK,2016/17,2016-11-18,,Piast Gliwice,Cracovia,2,2,D,,,,,,,,,,,,,,,,,,,,0.2795,0.2869,0.4336,1,,,,3.49,3.42,2.48,,,,,0.545,1,10,0.3,0.2642,0.0158,0,0,,,,0.0599,,,,,,,,,,,
spelad,EK,2016/17,2016-11-19,,Lechia Gdansk,Wisla Plock,2,1,H,,,,,,,,,,,,,,,,,,,,0.5674,0.2515,0.1811,1,,,,1.75,3.88,6.14,,,,,0.8562,-1,,,,,0,0,,,,-0.03,,,,,,,,,,,
spelad,EK,2016/17,2016-11-19,,Leczna,Ruch Chorzow,0,4,A,,,,,,,,,,,,,,,,,,,,0.4361,0.2856,0.2783,1,,,,2.26,3.42,3.6,,,,,0.2739,-2,6,0,0.1132,-0.3,0,0,,,,-0.0102,,,,,,,,,,,
spelad,EK,2016/17,2016-11-19,,Pogon Szczecin,Wisla,6,2,H,,,,,,,,,,,,,,,,,,,,0.5328,0.2657,0.2015,1,,,,1.91,3.96,5.4,,,,,-0.2806,1,11,-0.8182,-0.2592,0.0724,0,0,,,,-0.0344,,,,,,,,,,,
spelad,EK,2016/17,2016-11-20,,Arka Gdynia,Termalica B-B.,1,3,A,,,,,,,,,,,,,,,,,,,,0.4428,0.3035,0.2537,1,,,,2.33,3.22,3.84,,,,,-0.6661,1,,,,,0,0,,,,-0.0454,,,,,,,,,,,
spelad,EK,2016/17,2016-11-20,,Lech Poznan,Slask Wroclaw,3,0,H,,,,,,,,,,,,,,,,,,,,0.5847,0.2632,0.1521,1,,,,1.75,3.75,6.42,,,,,0.1675,2,10,0,-0.305,0.1215,0,0,,,,-0.0555,,,,,,,,,,,
spelad,EK,2016/17,2016-11-21,,Korona Kielce,Zaglebie,2,1,H,,,,,,,,,,,,,,,,,,,,0.3242,0.2975,0.3783,1,,,,3.4,3.3,2.58,,,,,-0.2468,1,8,-0.75,-0.1191,-0.0378,0,0,,,,-0.0398,,,,,,,,,,,
spelad,EK,2016/17,2016-11-25,,Cracovia,Termalica B-B.,1,3,A,,,,,,,,,,,,,,,,,,,,0.467,0.2896,0.2434,1,,,,2.1,3.45,4.41,,,,,-0.3622,2,3,-2,-1.2173,0.0574,0,0,,,,0.0187,,,,,,,,,,,
spelad,EK,2016/17,2016-11-25,,Zaglebie,Lech Poznan,0,3,A,,,,,,,,,,,,,,,,,,,,0.2501,0.2983,0.4516,1,,,,4.07,3.47,2.2,,,,,-0.0615,-1,8,0,0.2892,-0.0225,0,0,,,,0.009,,,,,,,,,,,
spelad,EK,2016/17,2016-11-26,,Korona Kielce,Pogon Szczecin,4,1,H,,,,,,,,,,,,,,,,,,,,0.2905,0.2976,0.4119,1,,,,3.82,3.4,2.44,,,,,-0.8147,-2,9,-1,-0.3858,0.1564,0,0,,,,-0.0043,,,,,,,,,,,
spelad,EK,2016/17,2016-11-26,,Ruch Chorzow,Jagiellonia,1,2,A,,,,,,,,,,,,,,,,,,,,0.2352,0.2863,0.4785,1,,,,4.15,3.41,2.31,,,,,-0.5704,-1,9,-1.3333,-0.4447,-0.1753,0,0,,,,0.068,,,,,,,,,,,
spelad,EK,2016/17,2016-11-26,,Wisla,Arka Gdynia,5,1,H,,,,,,,,,,,,,,,,,,,,0.4711,0.2911,0.2378,1,,,,2.14,3.47,4.1,,,,,1.1656,1,,,,,0,0,,,,-0.0418,,,,,,,,,,,
spelad,EK,2016/17,2016-11-27,,Slask Wroclaw,Legia,0,4,A,,,,,,,,,,,,,,,,,,,,0.1954,0.2493,0.5553,1,,,,5,3.92,1.8,,,,,-0.0862,-2,10,-1.5,-0.3048,0.0416,0,0,,,,0.0332,,,,,,,,,,,
spelad,EK,2016/17,2016-11-27,,Wisla Plock,Piast Gliwice,0,0,D,,,,,,,,,,,,,,,,,,,,0.4596,0.2784,0.2619,1,,,,2.15,3.52,3.82,,,,,-0.8569,-1,,,,,0,0,,,,-0.0147,,,,,,,,,,,
spelad,EK,2016/17,2016-11-28,,Lechia Gdansk,Leczna,3,0,H,,,,,,,,,,,,,,,,,,,,0.65,0.2221,0.1279,1,,,,1.55,4.46,7.65,,,,,0.6899,0,5,1.2,0.3142,-0.0787,0,0,,,,-0.0703,,,,,,,,,,,
spelad,EK,2016/17,2016-12-02,,Legia,Wisla Plock,2,2,D,,,,,,,,,,,,,,,,,,,,0.6863,0.2056,0.108,1,,,,1.45,5.05,10.5,,,,,1.4064,0,,,,,0,0,,,,-0.0249,,,,,,,,,,,
spelad,EK,2016/17,2016-12-02,,Termalica B-B.,Zaglebie,0,1,A,,,,,,,,,,,,,,,,,,,,0.4014,0.2956,0.303,1,,,,2.45,3.32,3.23,,,,,0.5357,0,3,-1,0.009,-0.2903,0,0,,,,-0.0103,,,,,,,,,,,
spelad,EK,2016/17,2016-12-03,,Piast Gliwice,Korona Kielce,1,0,H,,,,,,,,,,,,,,,,,,,,0.4018,0.2959,0.3023,1,,,,2.45,3.37,3.38,,,,,0.2584,-1,11,-1.3636,-0.7028,0.0714,0,0,,,,0.0024,,,,,,,,,,,
spelad,EK,2016/17,2016-12-03,,Slask Wroclaw,Pogon Szczecin,1,1,D,,,,,,,,,,,,,,,,,,,,0.3641,0.304,0.3319,1,,,,2.77,3.21,2.96,,,,,-0.3574,-1,10,0.9,0.1387,0.2154,0,0,,,,-0.013,,,,,,,,,,,
spelad,EK,2016/17,2016-12-03,,Wisla,Lechia Gdansk,3,0,H,,,,,,,,,,,,,,,,,,,,0.3374,0.2786,0.3839,1,,,,2.92,3.61,2.57,,,,,0.1758,2,11,0,0.0454,0.1665,0,0,,,,-0.001,,,,,,,,,,,
spelad,EK,2016/17,2016-12-04,,Cracovia,Leczna,1,1,D,,,,,,,,,,,,,,,,,,,,0.5511,0.2495,0.1995,1,,,,1.8,3.91,5.2,,,,,0.1258,3,6,0,-0.1083,0.0402,0,0,,,,-0.027,,,,,,,,,,,
spelad,EK,2016/17,2016-12-04,,Jagiellonia,Lech Poznan,2,1,H,,,,,,,,,,,,,,,,,,,,0.3158,0.2984,0.3857,1,,,,3.09,3.32,2.7,,,,,-0.1935,-1,10,1.2,1.2738,-0.258,0,0,,,,0.0444,,,,,,,,,,,
spelad,EK,2016/17,2016-12-05,,Ruch Chorzow,Arka Gdynia,1,2,A,,,,,,,,,,,,,,,,,,,,0.3752,0.3219,0.3029,1,,,,2.81,3.2,3.25,,,,,0.5962,0,,,,,0,0,,,,-0.0325,,,,,,,,,,,
spelad,EK,2016/17,2016-12-09,,Lechia Gdansk,Slask Wroclaw,3,0,H,,,,,,,,,,,,,,,,,,,,0.6047,0.2434,0.1519,1,,,,1.68,4.1,6.41,,,,,0.0203,0,10,-1.5,-0.7739,0.0044,0,0,,,,-0.0685,,,,,,,,,,,
spelad,EK,2016/17,2016-12-09,,Pogon Szczecin,Zaglebie,1,1,D,,,,,,,,,,,,,,,,,,,,0.4166,0.3065,0.2769,1,,,,2.34,3.27,3.66,,,,,0.6467,-1,8,0,0.0824,0.2078,0,0,,,,0.0147,,,,,,,,,,,
spelad,EK,2016/17,2016-12-10,,Leczna,Termalica B-B.,3,0,H,,,,,,,,,,,,,,,,,,,,0.3307,0.2983,0.3709,1,,,,2.95,3.27,2.78,,,,,-0.46,-2,4,-0.75,-0.1823,-0.0454,0,0,,,,0.0307,,,,,,,,,,,
spelad,EK,2016/17,2016-12-10,,Wisla,Cracovia,1,1,D,,,,,,,,,,,,,,,,,,,,0.4206,0.2828,0.2966,1,,,,2.38,3.5,3.42,,,,,1.2415,1,7,-0.4286,-0.3641,-0.0014,0,0,,,,-0.0185,,,,,,,,,,,
spelad,EK,2016/17,2016-12-10,,Wisla Plock,Ruch Chorzow,4,3,H,,,,,,,,,,,,,,,,,,,,0.4856,0.2985,0.2159,1,,,,2.07,3.5,4.52,,,,,-0.4236,3,,,,,0,0,,,,-0.0513,,,,,,,,,,,
spelad,EK,2016/17,2016-12-11,,Lech Poznan,Korona Kielce,1,0,H,,,,,,,,,,,,,,,,,,,,0.7015,0.2044,0.094,1,,,,1.5,4.77,10.37,,,,,0.211,-1,9,0.6667,-0.2284,0.0723,0,0,,,,-0.1127,,,,,,,,,,,
spelad,EK,2016/17,2016-12-11,,Piast Gliwice,Legia,1,5,A,,,,,,,,,,,,,,,,,,,,0.1458,0.2167,0.6375,1,,,,6.69,4.75,1.6,,,,,0.1677,-1,10,-0.9,0.2459,0.0793,0,0,,,,0.0451,,,,,,,,,,,
spelad,EK,2016/17,2016-12-12,,Arka Gdynia,Jagiellonia,2,3,A,,,,,,,,,,,,,,,,,,,,0.2911,0.2973,0.4115,1,,,,3.6,3.31,2.4,,,,,-0.8878,-1,,,,,0,0,,,,0.0179,,,,,,,,,,,
spelad,EK,2016/17,2016-12-16,,Ruch Chorzow,Wisla,1,0,H,,,,,,,,,,,,,,,,,,,,0.2923,0.294,0.4137,1,,,,3.5,3.5,2.38,,,,,-0.8663,0,10,-0.3,0.0104,0.2197,0,0,,,,-0.0022,,,,,,,,,,,
spelad,EK,2016/17,2016-12-16,,Termalica B-B.,Pogon Szczecin,2,0,H,,,,,,,,,,,,,,,,,,,,0.3737,0.3157,0.3106,1,,,,2.64,3.2,3.17,,,,,-0.8965,-1,3,-1,-0.5275,0.3714,0,0,,,,-0.0043,,,,,,,,,,,
spelad,EK,2016/17,2016-12-17,,Cracovia,Lech Poznan,1,1,D,,,,,,,,,,,,,,,,,,,,0.3154,0.2801,0.4045,1,,,,3.13,3.48,2.52,,,,,-0.8342,1,8,-0.375,0.1318,0.1051,0,0,,,,0.0193,,,,,,,,,,,
spelad,EK,2016/17,2016-12-17,,Jagiellonia,Wisla Plock,1,2,A,,,,,,,,,,,,,,,,,,,,0.5805,0.2594,0.1601,1,,,,1.75,3.84,6.09,,,,,0.9565,-2,,,,,0,0,,,,-0.0819,,,,,,,,,,,
spelad,EK,2016/17,2016-12-17,,Korona Kielce,Lechia Gdansk,2,0,H,,,,,,,,,,,,,,,,,,,,0.2665,0.3001,0.4335,1,,,,4,3.42,2.25,,,,,-0.2214,-2,9,0.3333,0.512,-0.0592,0,0,,,,-0.0158,,,,,,,,,,,
spelad,EK,2016/17,2016-12-18,,Legia,Leczna,5,0,H,,,,,,,,,,,,,,,,,,,,0.7928,0.1434,0.0638,1,,,,1.24,6.95,15.5,,,,,0.5306,-1,5,0.6,-0.2292,-0.238,0,0,,,,-0.0491,,,,,,,,,,,
spelad,EK,2016/17,2016-12-18,,Slask Wroclaw,Arka Gdynia,0,2,A,,,,,,,,,,,,,,,,,,,,0.4258,0.3056,0.2686,1,,,,2.33,3.27,3.63,,,,,0.8036,3,,,,,0,0,,,,-0.0248,,,,,,,,,,,
spelad,EK,2016/17,2016-12-19,,Zaglebie,Piast Gliwice,2,1,H,,,,,,,,,,,,,,,,,,,,0.5571,0.2565,0.1864,1,,,,1.8,3.82,5.3,,,,,-0.5457,2,9,-0.3333,-0.2199,-0.0642,0,0,,,,-0.0439,,,,,,,,,,,
spelad,EK,2016/17,2017-02-10,,Lech Poznan,Termalica B-B.,3,0,H,,,,,,,,,,,,,,,,,,,,0.6061,0.2458,0.1481,1,,,,1.65,3.97,6.68,,,,,0.4749,,3,0,-0.4617,0.0569,0,0,,,,-0.0392,,,,,,,,,,,
spelad,EK,2016/17,2017-02-10,,Ruch Chorzow,Cracovia,0,1,A,,,,,,,,,,,,,,,,,,,,0.2686,0.3165,0.4149,1,,,,3.66,3.3,2.4,,,,,0.7749,,9,-1.3333,-0.353,-0.1709,0,0,,,,0.0255,,,,,,,,,,,
spelad,EK,2016/17,2017-02-11,,Arka Gdynia,Legia,0,1,A,,,,,,,,,,,,,,,,,,,,0.1832,0.2774,0.5394,1,,,,5.33,3.61,1.83,,,,,-0.9687,,,,,,0,0,,,,0.0341,,,,,,,,,,,
spelad,EK,2016/17,2017-02-11,,Wisla,Korona Kielce,2,0,H,,,,,,,,,,,,,,,,,,,,0.5361,0.2726,0.1913,1,,,,1.87,3.7,5.1,,,,,-0.2353,,10,0.3,-0.0671,0.0142,0,0,,,,-0.0549,,,,,,,,,,,
spelad,EK,2016/17,2017-02-12,,Lechia Gdansk,Jagiellonia,3,0,H,,,,,,,,,,,,,,,,,,,,0.4513,0.2901,0.2586,1,,,,2.19,3.4,3.92,,,,,-0.3676,,10,1.2,0.4933,-0.0856,0,0,,,,-0.0156,,,,,,,,,,,
spelad,EK,2016/17,2017-02-12,,Wisla Plock,Slask Wroclaw,1,1,D,,,,,,,,,,,,,,,,,,,,0.4373,0.2886,0.2741,1,,,,2.27,3.41,3.9,,,,,0.104,,,,,,0,0,,,,-0.0177,,,,,,,,,,,
spelad,EK,2016/17,2017-02-13,,Pogon Szczecin,Piast Gliwice,2,1,H,,,,,,,,,,,,,,,,,,,,0.5492,0.2656,0.1851,1,,,,1.79,3.75,5.45,,,,,0.077,,10,-0.3,-0.1952,0.0154,0,0,,,,-0.0193,,,,,,,,,,,
spelad,EK,2016/17,2017-02-17,,Jagiellonia,Leczna,5,0,H,,,,,,,,,,,,,,,,,,,,0.6407,0.2223,0.137,1,,,,1.55,4.38,7.3,,,,,0.5144,,6,1.5,0.7134,-0.1266,0,0,,,,-0.0548,,,,,,,,,,,
spelad,EK,2016/17,2017-02-17,,Termalica B-B.,Lechia Gdansk,1,1,D,,,,,,,,,,,,,,,,,,,,0.2887,0.287,0.4243,1,,,,3.55,3.4,2.32,,,,,-0.1521,2,3,0,0.4854,0.0732,0,0,,,,-0.0168,,,,,,,,,,,
spelad,EK,2016/17,2017-02-18,,Korona Kielce,Wisla Plock,4,2,H,,,,,,,,,,,,,,,,,,,,0.4168,0.2912,0.292,1,,,,2.45,3.37,3.44,,,,,0.489,1,,,,,0,0,,,,-0.0123,,,,,,,,,,,
spelad,EK,2016/17,2017-02-18,,Piast Gliwice,Lech Poznan,0,3,A,,,,,,,,,,,,,,,,,,,,0.1715,0.2485,0.5799,1,,,,5.7,4.09,1.7,,,,,-0.5469,-3,10,-0.9,0.1508,-0.1616,0,0,,,,0.0366,,,,,,,,,,,
spelad,EK,2016/17,2017-02-18,,Slask Wroclaw,Wisla,1,0,H,,,,,,,,,,,,,,,,,,,,0.3695,0.2869,0.3435,1,,,,2.72,3.4,3,,,,,-0.4169,-1,11,0.5455,0.336,-0.0171,0,0,,,,0.0094,,,,,,,,,,,
spelad,EK,2016/17,2017-02-19,,Cracovia,Pogon Szczecin,1,1,D,,,,,,,,,,,,,,,,,,,,0.419,0.2914,0.2897,1,,,,2.37,3.35,3.52,,,,,-0.5276,3,8,-1.125,-0.4864,0.0858,0,0,,,,-0.0144,,,,,,,,,,,
spelad,EK,2016/17,2017-02-19,,Legia,Ruch Chorzow,1,3,A,,,,,,,,,,,,,,,,,,,,0.7731,0.1551,0.0718,1,,,,1.27,6.3,14.36,,,,,0.9924,-1,11,1.0909,-0.1581,0.0392,0,0,,,,-0.0487,,,,,,,,,,,
spelad,EK,2016/17,2017-02-20,,Zaglebie,Arka Gdynia,1,0,H,,,,,,,,,,,,,,,,,,,,0.474,0.2855,0.2405,1,,,,2.07,3.42,4.28,,,,,0.2146,,,,,,0,0,,,,-0.0128,,,,,,,,,,,
spelad,EK,2016/17,2017-02-24,,Arka Gdynia,Korona Kielce,4,1,H,,,,,,,,,,,,,,,,,,,,0.4853,0.2906,0.2241,1,,,,2.21,3.4,4.35,,,,,-1.099,-2,,,,,0,0,,,,-0.0828,,,,,,,,,,,
spelad,EK,2016/17,2017-02-24,,Pogon Szczecin,Lech Poznan,0,3,A,,,,,,,,,,,,,,,,,,,,0.2889,0.2815,0.4296,1,,,,3.57,3.48,2.36,,,,,-0.7122,-1,12,0,0.4675,0.0704,0,0,,,,0.0092,,,,,,,,,,,
spelad,EK,2016/17,2017-02-25,,Lechia Gdansk,Cracovia,4,2,H,,,,,,,,,,,,,,,,,,,,0.521,0.2662,0.2127,1,,,,1.89,3.74,4.75,,,,,0.3972,2,8,-0.75,-0.3745,-0.2859,0,0,,,,-0.021,,,,,,,,,,,
spelad,EK,2016/17,2017-02-25,,Wisla,Jagiellonia,3,1,H,,,,,,,,,,,,,,,,,,,,0.364,0.2912,0.3447,1,,,,2.78,3.4,2.88,,,,,-0.1235,-1,11,-0.2727,-0.2983,0.0807,0,0,,,,-0.0036,,,,,,,,,,,
spelad,EK,2016/17,2017-02-25,,Wisla Plock,Zaglebie,2,1,H,,,,,,,,,,,,,,,,,,,,0.3651,0.2963,0.3385,1,,,,2.72,3.29,2.94,,,,,0.088,2,,,,,0,0,,,,-0.0047,,,,,,,,,,,
spelad,EK,2016/17,2017-02-26,,Leczna,Piast Gliwice,1,0,H,,,,,,,,,,,,,,,,,,,,0.3876,0.3033,0.3091,1,,,,2.55,3.34,3.16,,,,,-0.1529,1,6,-0.5,-0.2454,0.2066,0,0,,,,-0.0001,,,,,,,,,,,
spelad,EK,2016/17,2017-02-26,,Legia,Termalica B-B.,1,1,D,,,,,,,,,,,,,,,,,,,,0.724,0.1771,0.0989,1,,,,1.37,5.7,10.4,,,,,0.2929,-2,3,-2,-1.6764,0.0956,0,0,,,,-0.0389,,,,,,,,,,,
spelad,EK,2016/17,2017-02-27,,Ruch Chorzow,Slask Wroclaw,2,0,H,,,,,,,,,,,,,,,,,,,,0.3485,0.3263,0.3252,1,,,,2.82,3.12,3.15,,,,,0.2641,-1,9,0.6667,0.5981,0.0456,0,0,,,,0.0123,,,,,,,,,,,
spelad,EK,2016/17,2017-03-03,,Korona Kielce,Leczna,2,1,H,,,,,,,,,,,,,,,,,,,,0.5081,0.2666,0.2253,1,,,,1.94,3.77,4.65,,,,,0.5141,2,7,-1.7143,-0.8058,-0.1514,0,0,,,,-0.0245,,,,,,,,,,,
spelad,EK,2016/17,2017-03-03,,Zaglebie,Legia,1,3,A,,,,,,,,,,,,,,,,,,,,0.2112,0.28,0.5087,1,,,,4.6,3.6,2,,,,,-0.1187,1,8,-0.75,0.1321,-0.0106,0,0,,,,0.0631,,,,,,,,,,,
spelad,EK,2016/17,2017-03-04,,Cracovia,Arka Gdynia,1,1,D,,,,,,,,,,,,,,,,,,,,0.506,0.269,0.225,1,,,,2,3.63,4.5,,,,,-0.358,-1,,,,,0,0,,,,-0.0408,,,,,,,,,,,
spelad,EK,2016/17,2017-03-04,,Piast Gliwice,Wisla,1,2,A,,,,,,,,,,,,,,,,,,,,0.2906,0.2774,0.432,1,,,,3.42,3.62,2.3,,,,,-0.5561,-1,9,0,0.2102,0.0505,0,0,,,,0.0178,,,,,,,,,,,
spelad,EK,2016/17,2017-03-04,,Termalica B-B.,Ruch Chorzow,0,0,D,,,,,,,,,,,,,,,,,,,,0.5074,0.2752,0.2174,1,,,,2,3.6,4.55,,,,,-0.151,1,3,-1,-0.4409,-0.298,0,0,,,,-0.0392,,,,,,,,,,,
spelad,EK,2016/17,2017-03-05,,Jagiellonia,Slask Wroclaw,4,1,H,,,,,,,,,,,,,,,,,,,,0.5889,0.2466,0.1644,1,,,,1.67,3.96,6,,,,,0.4827,2,12,0,0.2234,-0.1213,0,0,,,,-0.0272,,,,,,,,,,,
spelad,EK,2016/17,2017-03-05,,Lech Poznan,Lechia Gdansk,1,0,H,,,,,,,,,,,,,,,,,,,,0.5604,0.2469,0.1927,1,,,,1.95,4.03,5.06,,,,,0.337,1,12,1.25,0.5009,-0.2039,0,0,,,,-0.0704,,,,,,,,,,,
spelad,EK,2016/17,2017-03-06,,Pogon Szczecin,Wisla Plock,1,1,D,,,,,,,,,,,,,,,,,,,,0.5081,0.2844,0.2075,1,,,,1.94,3.57,4.8,,,,,-0.6358,1,,,,,0,0,,,,-0.0402,,,,,,,,,,,
spelad,EK,2016/17,2017-03-07,,Leczna,Zaglebie,0,1,A,,,,,,,,,,,,,,,,,,,,0.31,0.2915,0.3985,1,,,,3.15,3.37,2.5,,,,,-0.0039,0,3,-1,-0.3395,0.3902,0,0,,,,0.0108,,,,,,,,,,,
spelad,EK,2016/17,2017-03-10,,Arka Gdynia,Lech Poznan,1,4,A,,,,,,,,,,,,,,,,,,,,0.2353,0.2776,0.4871,1,,,,4.45,3.54,2,,,,,-0.4475,1,,,,,0,0,,,,-0.003,,,,,,,,,,,
spelad,EK,2016/17,2017-03-10,,Slask Wroclaw,Piast Gliwice,3,4,A,,,,,,,,,,,,,,,,,,,,0.4719,0.2815,0.2467,1,,,,2.08,3.47,3.97,,,,,-0.0079,-1,10,-1.2,-0.8322,0.1187,0,0,,,,-0.0191,,,,,,,,,,,
spelad,EK,2016/17,2017-03-11,,Jagiellonia,Korona Kielce,4,1,H,,,,,,,,,,,,,,,,,,,,0.6332,0.2216,0.1451,1,,,,1.57,4.4,7.1,,,,,-0.1187,-2,11,0,-0.007,-0.0184,0,0,,,,-0.0527,,,,,,,,,,,
spelad,EK,2016/17,2017-03-11,,Ruch Chorzow,Lechia Gdansk,2,1,H,,,,,,,,,,,,,,,,,,,,0.2667,0.2773,0.4561,1,,,,3.75,3.52,2.2,,,,,0.2213,1,11,-0.8182,-0.2079,0.2779,0,0,,,,0.0241,,,,,,,,,,,
spelad,EK,2016/17,2017-03-11,,Wisla Plock,Termalica B-B.,1,0,H,,,,,,,,,,,,,,,,,,,,0.398,0.3057,0.2964,1,,,,2.48,3.2,3.45,,,,,0.4667,-2,,,,,0,0,,,,0.0032,,,,,,,,,,,
spelad,EK,2016/17,2017-03-12,,Leczna,Pogon Szczecin,2,2,D,,,,,,,,,,,,,,,,,,,,0.2724,0.2843,0.4433,1,,,,3.6,3.43,2.28,,,,,0.5406,-1,5,0.6,0.4481,0.1117,0,0,,,,0.0168,,,,,,,,,,,
spelad,EK,2016/17,2017-03-12,,Legia,Wisla,1,0,H,,,,,,,,,,,,,,,,,,,,0.6504,0.2103,0.1394,1,,,,1.54,4.64,7,,,,,-0.5157,1,11,1.3636,0.1183,0.1063,0,0,,,,-0.0504,,,,,,,,,,,
spelad,EK,2016/17,2017-03-13,,Cracovia,Zaglebie,1,1,D,,,,,,,,,,,,,,,,,,,,0.4906,0.2719,0.2375,1,,,,2.1,3.6,4.11,,,,,-0.7568,3,7,0.8571,0.6257,-0.1429,0,0,,,,-0.0572,,,,,,,,,,,
spelad,EK,2016/17,2017-03-17,,Termalica B-B.,Slask Wroclaw,1,2,A,,,,,,,,,,,,,,,,,,,,0.4394,0.2956,0.2651,1,,,,2.26,3.3,3.77,,,,,0.1583,-1,4,-0.75,-0.0388,-0.0336,0,0,,,,-0.0043,,,,,,,,,,,
spelad,EK,2016/17,2017-03-17,,Wisla,Wisla Plock,3,2,H,,,,,,,,,,,,,,,,,,,,0.5399,0.27,0.1901,1,,,,1.82,3.82,5.5,,,,,-0.4454,-1,,,,,0,0,,,,-0.017,,,,,,,,,,,
spelad,EK,2016/17,2017-03-18,,Piast Gliwice,Arka Gdynia,3,2,H,,,,,,,,,,,,,,,,,,,,0.3486,0.294,0.3575,1,,,,2.86,3.32,2.89,,,,,-0.367,0,,,,,0,0,,,,0.007,,,,,,,,,,,
spelad,EK,2016/17,2017-03-18,,Pogon Szczecin,Jagiellonia,0,0,D,,,,,,,,,,,,,,,,,,,,0.3524,0.2888,0.3588,1,,,,2.86,3.38,2.76,,,,,-0.6624,-1,10,0,-0.0426,0.1077,0,0,,,,-0.0015,,,,,,,,,,,
spelad,EK,2016/17,2017-03-18,,Zaglebie,Ruch Chorzow,0,1,A,,,,,,,,,,,,,,,,,,,,0.5216,0.2748,0.2036,1,,,,1.9,3.62,5,,,,,-0.155,-2,8,0.375,0.0483,-0.1611,0,0,,,,-0.0254,,,,,,,,,,,
spelad,EK,2016/17,2017-03-19,,Korona Kielce,Cracovia,3,0,H,,,,,,,,,,,,,,,,,,,,0.3198,0.2992,0.381,1,,,,3.18,3.38,2.56,,,,,0.4073,2,9,-0.6667,-0.0452,0.0554,0,0,,,,-0.0066,,,,,,,,,,,
spelad,EK,2016/17,2017-03-19,,Lech Poznan,Leczna,0,0,D,,,,,,,,,,,,,,,,,,,,0.8106,0.1349,0.0544,1,,,,1.2,7.62,20,,,,,0.5362,2,5,2.4,0.7493,-0.0629,0,0,,,,-0.0396,,,,,,,,,,,
spelad,EK,2016/17,2017-03-19,,Lechia Gdansk,Legia,1,2,A,,,,,,,,,,,,,,,,,,,,0.2835,0.2687,0.4478,1,,,,3.48,3.77,2.32,,,,,-0.2487,1,12,-0.5,0.1971,-0.0962,0,0,,,,0.0324,,,,,,,,,,,
spelad,EK,2016/17,2017-03-31,,Slask Wroclaw,Korona Kielce,3,0,H,,,,,,,,,,,,,,,,,,,,0.4334,0.3009,0.2657,1,,,,2.32,3.32,3.75,,,,,-0.7468,2,11,0.8182,0.0902,0.2619,0,0,,,,-0.0209,,,,,,,,,,,
spelad,EK,2016/17,2017-03-31,,Wisla,Lech Poznan,0,0,D,,,,,,,,,,,,,,,,,,,,0.2813,0.275,0.4437,1,,,,3.47,3.55,2.3,,,,,-0.3867,2,11,-0.8182,0.0706,-0.0824,0,0,,,,0.0219,,,,,,,,,,,
spelad,EK,2016/17,2017-04-01,,Arka Gdynia,Leczna,2,4,A,,,,,,,,,,,,,,,,,,,,0.5338,0.2584,0.2078,1,,,,1.85,3.78,5,,,,,-0.3585,1,,,,,0,0,,,,-0.0132,,,,,,,,,,,
spelad,EK,2016/17,2017-04-01,,Legia,Pogon Szczecin,2,0,H,,,,,,,,,,,,,,,,,,,,0.6589,0.2079,0.1332,1,,,,1.49,4.8,8,,,,,0.7305,-1,12,1.75,0.3255,-0.1512,0,0,,,,-0.0196,,,,,,,,,,,
spelad,EK,2016/17,2017-04-01,,Wisla Plock,Cracovia,4,1,H,,,,,,,,,,,,,,,,,,,,0.4798,0.2698,0.2504,1,,,,2.1,3.67,3.9,,,,,0.9355,2,,,,,0,0,,,,-0.0367,,,,,,,,,,,
spelad,EK,2016/17,2017-04-02,,Jagiellonia,Termalica B-B.,1,0,H,,,,,,,,,,,,,,,,,,,,0.5772,0.2451,0.1777,1,,,,1.7,4,6.14,,,,,0.4003,-1,4,-0.75,-0.4681,-0.0418,0,0,,,,-0.0171,,,,,,,,,,,
spelad,EK,2016/17,2017-04-02,,Lechia Gdansk,Zaglebie,1,0,H,,,,,,,,,,,,,,,,,,,,0.5245,0.2688,0.2067,1,,,,1.91,3.68,4.72,,,,,-0.2464,-1,8,1.875,1.0394,-0.1679,0,0,,,,-0.0313,,,,,,,,,,,
spelad,EK,2016/17,2017-04-03,,Ruch Chorzow,Piast Gliwice,0,0,D,,,,,,,,,,,,,,,,,,,,0.3948,0.2946,0.3106,1,,,,2.48,3.32,3.3,,,,,1.2403,0,11,0,0.1467,-0.199,0,0,,,,0.0124,,,,,,,,,,,
spelad,EK,2016/17,2017-04-07,,Cracovia,Slask Wroclaw,1,0,H,,,,,,,,,,,,,,,,,,,,0.4318,0.2812,0.287,1,,,,2.26,3.48,3.65,,,,,-0.4642,-1,8,-0.375,-0.043,0.0975,0,0,,,,0.0091,,,,,,,,,,,
spelad,EK,2016/17,2017-04-07,,Zaglebie,Jagiellonia,3,4,A,,,,,,,,,,,,,,,,,,,,0.3512,0.3013,0.3475,1,,,,2.92,3.28,2.81,,,,,-0.0059,0,8,0,0.0169,-0.044,0,0,,,,0.0002,,,,,,,,,,,
spelad,EK,2016/17,2017-04-08,,Leczna,Wisla Plock,2,3,A,,,,,,,,,,,,,,,,,,,,0.3617,0.2806,0.3577,1,,,,2.79,3.49,2.77,,,,,-0.378,0,,,,,0,0,,,,-0.002,,,,,,,,,,,
spelad,EK,2016/17,2017-04-08,,Pogon Szczecin,Arka Gdynia,5,1,H,,,,,,,,,,,,,,,,,,,,0.5244,0.2658,0.2098,1,,,,1.97,3.67,4.65,,,,,-0.125,0,,,,,0,0,,,,-0.0816,,,,,,,,,,,
spelad,EK,2016/17,2017-04-08,,Termalica B-B.,Wisla,2,3,A,,,,,,,,,,,,,,,,,,,,0.3632,0.288,0.3489,1,,,,2.78,3.38,2.82,,,,,-0.6013,-2,4,-1.5,-0.5053,0.2293,0,0,,,,-0.0148,,,,,,,,,,,
spelad,EK,2016/17,2017-04-09,,Lech Poznan,Legia,1,2,A,,,,,,,,,,,,,,,,,,,,0.3873,0.2958,0.3169,1,,,,2.7,3.3,3.08,,,,,0.1311,1,12,-1,-0.175,-0.1165,0,0,,,,-0.0245,,,,,,,,,,,
spelad,EK,2016/17,2017-04-09,,Piast Gliwice,Lechia Gdansk,1,1,D,,,,,,,,,,,,,,,,,,,,0.2542,0.2765,0.4693,1,,,,3.84,3.6,2.14,,,,,0.0873,-1,10,-0.3,0.2227,-0.1812,0,0,,,,0.0256,,,,,,,,,,,
spelad,EK,2016/17,2017-04-10,,Korona Kielce,Ruch Chorzow,1,0,H,,,,,,,,,,,,,,,,,,,,0.464,0.2787,0.2573,1,,,,2.14,3.61,3.92,,,,,-0.7313,3,10,-1.2,-0.565,-0.0986,0,0,,,,-0.0059,,,,,,,,,,,
spelad,EK,2016/17,2017-04-15,,Jagiellonia,Cracovia,0,0,D,,,,,,,,,,,,,,,,,,,,0.573,0.246,0.1811,1,,,,1.83,3.96,5.38,,,,,0.6535,0,8,0,-0.0255,0.2094,0,0,,,,-0.0719,,,,,,,,,,,
spelad,EK,2016/17,2017-04-15,,Ruch Chorzow,Pogon Szczecin,1,2,A,,,,,,,,,,,,,,,,,,,,0.2607,0.2859,0.4534,1,,,,3.74,3.41,2.26,,,,,0.8941,-2,11,-0.8182,-0.3138,0.0692,0,0,,,,0.0269,,,,,,,,,,,
spelad,EK,2016/17,2017-04-15,,Slask Wroclaw,Leczna,2,2,D,,,,,,,,,,,,,,,,,,,,0.5324,0.2612,0.2064,1,,,,1.87,3.73,5,,,,,-0.0211,1,6,2.5,1.1649,-0.1281,0,0,,,,-0.0219,,,,,,,,,,,
spelad,EK,2016/17,2017-04-15,,Wisla Plock,Lech Poznan,0,3,A,,,,,,,,,,,,,,,,,,,,0.187,0.2675,0.5455,1,,,,5.22,3.65,2.01,,,,,0.1814,1,,,,,0,0,,,,0.0598,,,,,,,,,,,
spelad,EK,2016/17,2017-04-17,,Lechia Gdansk,Arka Gdynia,2,1,H,,,,,,,,,,,,,,,,,,,,0.6066,0.2314,0.162,1,,,,1.62,4.25,6.45,,,,,0.56,-1,,,,,0,0,,,,-0.0251,,,,,,,,,,,
spelad,EK,2016/17,2017-04-17,,Legia,Korona Kielce,0,0,D,,,,,,,,,,,,,,,,,,,,0.7407,0.1749,0.0844,1,,,,1.33,5.59,12,,,,,0.1371,1,9,1.3333,0.0657,-0.1287,0,0,,,,-0.0481,,,,,,,,,,,
spelad,EK,2016/17,2017-04-17,,Termalica B-B.,Piast Gliwice,1,0,H,,,,,,,,,,,,,,,,,,,,0.421,0.2856,0.2933,1,,,,2.32,3.45,3.64,,,,,-0.686,1,3,-3,-1.284,-0.296,0,0,,,,0.0232,,,,,,,,,,,
spelad,EK,2016/17,2017-04-17,,Wisla,Zaglebie,1,0,H,,,,,,,,,,,,,,,,,,,,0.4624,0.2875,0.2501,1,,,,2.12,3.55,4.1,,,,,1.0452,-1,7,-0.4286,-0.2789,-0.002,0,0,,,,-0.0045,,,,,,,,,,,
spelad,EK,2016/17,2017-04-22,,Arka Gdynia,Wisla Plock,1,1,D,,,,,,,,,,,,,,,,,,,,0.4012,0.2893,0.3095,1,,,,2.43,3.5,3.4,,,,,-1.1027,-2,,,,,0,0,,,,0.0119,,,,,,,,,,,
spelad,EK,2016/17,2017-04-22,,Cracovia,Legia,1,2,A,,,,,,,,,,,,,,,,,,,,0.2512,0.2579,0.491,1,,,,4,3.88,2,,,,,-0.5726,2,8,-3,-0.7377,-0.2391,0,0,,,,0.0053,,,,,,,,,,,
spelad,EK,2016/17,2017-04-22,,Korona Kielce,Termalica B-B.,0,1,A,,,,,,,,,,,,,,,,,,,,0.4732,0.2762,0.2506,1,,,,2.18,3.6,3.89,,,,,0.9411,0,4,0.75,0.6538,-0.034,0,0,,,,-0.0486,,,,,,,,,,,
spelad,EK,2016/17,2017-04-22,,Lech Poznan,Ruch Chorzow,3,0,H,,,,,,,,,,,,,,,,,,,,0.7809,0.1564,0.0627,1,,,,1.29,6.25,16,,,,,-0.4413,0,11,2.1818,0.5763,0.0092,0,0,,,,-0.0733,,,,,,,,,,,
spelad,EK,2016/17,2017-04-22,,Leczna,Wisla,3,1,H,,,,,,,,,,,,,,,,,,,,0.2937,0.2786,0.4277,1,,,,3.45,3.55,2.29,,,,,-0.5296,2,6,-1,-0.2813,0.0432,0,0,,,,0.0052,,,,,,,,,,,
spelad,EK,2016/17,2017-04-22,,Piast Gliwice,Jagiellonia,0,1,A,,,,,,,,,,,,,,,,,,,,0.2797,0.2813,0.439,1,,,,3.59,3.48,2.25,,,,,-0.46,-2,10,0,0.1859,-0.0758,0,0,,,,0.0138,,,,,,,,,,,
spelad,EK,2016/17,2017-04-22,,Pogon Szczecin,Lechia Gdansk,3,1,H,,,,,,,,,,,,,,,,,,,,0.3641,0.2837,0.3523,1,,,,2.86,3.45,2.9,,,,,0.0483,2,12,-0.5,-0.1079,0.0439,0,0,,,,-0.0449,,,,,,,,,,,
spelad,EK,2016/17,2017-04-22,,Zaglebie,Slask Wroclaw,1,1,D,,,,,,,,,,,,,,,,,,,,0.4998,0.2746,0.2256,1,,,,1.98,3.62,4.6,,,,,-0.6239,-2,8,0,0.1317,-0.0385,0,0,,,,-0.0265,,,,,,,,,,,
spelad,EK,2016/17,2017-04-28,,Arka Gdynia,Piast Gliwice,1,1,D,,,,,,,,,,,,,,,,,,,,0.4282,0.2821,0.2897,1,,,,2.3,3.46,3.6,,,,,-0.4641,0,,,,,0,0,,,,0.0008,,,,,,,,,,,
spelad,EK,2016/17,2017-04-28,,Lech Poznan,Korona Kielce,3,2,H,,,,,,,,,,,,,,,,,,,,0.7181,0.1809,0.101,1,,,,1.37,5.5,10.5,,,,,0.1614,0,10,0.9,-0.1365,0.0446,0,0,,,,-0.0366,,,,,,,,,,,
spelad,EK,2016/17,2017-04-29,,Lechia Gdansk,Termalica B-B.,2,0,H,,,,,,,,,,,,,,,,,,,,0.6062,0.2374,0.1564,1,,,,1.62,4.11,6.24,,,,,-0.0657,0,4,0,-0.5589,0.2331,0,0,,,,-0.0387,,,,,,,,,,,
spelad,EK,2016/17,2017-04-29,,Slask Wroclaw,Leczna,0,2,A,,,,,,,,,,,,,,,,,,,,0.4861,0.2641,0.2499,1,,,,2.06,3.7,4,,,,,-0.4414,0,7,2.1429,0.8759,-0.0043,0,0,,,,-0.0177,,,,,,,,,,,
spelad,EK,2016/17,2017-04-29,,Wisla Plock,Ruch Chorzow,1,1,D,,,,,,,,,,,,,,,,,,,,0.5661,0.2509,0.183,1,,,,1.77,4,5.9,,,,,0.182,0,,,,,0,0,,,,0.0072,,,,,,,,,,,
spelad,EK,2016/17,2017-04-30,,Jagiellonia,Pogon Szczecin,1,0,H,,,,,,,,,,,,,,,,,,,,0.4836,0.2728,0.2436,1,,,,2.02,3.6,4.05,,,,,0.3346,0,11,0,-0.0923,0.1625,0,0,,,,-0.0189,,,,,,,,,,,
spelad,EK,2016/17,2017-04-30,,Legia,Wisla,1,1,D,,,,,,,,,,,,,,,,,,,,0.6333,0.2211,0.1456,1,,,,1.55,4.6,6.7,,,,,-0.0404,0,12,1.5,0.1784,0.0799,0,0,,,,-0.0422,,,,,,,,,,,
spelad,EK,2016/17,2017-05-01,,Zaglebie,Cracovia,2,2,D,,,,,,,,,,,,,,,,,,,,0.3931,0.2964,0.3105,1,,,,2.49,3.4,3.35,,,,,-0.1257,0,8,-0.75,-0.4205,-0.034,0,0,,,,-0.0001,,,,,,,,,,,
spelad,EK,2016/17,2017-05-05,,Korona Kielce,Jagiellonia,1,1,D,,,,,,,,,,,,,,,,,,,,0.2975,0.2726,0.4299,1,,,,3.6,3.6,2.28,,,,,-0.622,2,12,-0.25,-0.0314,-0.0354,0,0,,,,-0.0098,,,,,,,,,,,
spelad,EK,2016/17,2017-05-05,,Ruch Chorzow,Zaglebie,1,1,D,,,,,,,,,,,,,,,,,,,,0.296,0.2831,0.421,1,,,,3.5,3.45,2.37,,,,,0.7763,2,9,0,0.3352,-0.1737,0,0,,,,-0.0115,,,,,,,,,,,
spelad,EK,2016/17,2017-05-06,,Leczna,Wisla Plock,2,3,A,,,,,,,,,,,,,,,,,,,,0.3937,0.2798,0.3265,1,,,,2.51,3.49,3.05,,,,,0.2979,0,,,,,0,0,,,,-0.0093,,,,,,,,,,,
spelad,EK,2016/17,2017-05-06,,Piast Gliwice,Slask Wroclaw,2,0,H,,,,,,,,,,,,,,,,,,,,0.3855,0.2894,0.3251,1,,,,2.53,3.37,3.1,,,,,0.3238,1,11,1.3636,0.8286,0.0823,0,0,,,,0.0068,,,,,,,,,,,
spelad,EK,2016/17,2017-05-06,,Wisla,Lechia Gdansk,0,1,A,,,,,,,,,,,,,,,,,,,,0.4241,0.2748,0.3011,1,,,,2.4,3.56,3.28,,,,,0.7656,-1,12,0.25,0.184,0.1294,0,0,,,,-0.0235,,,,,,,,,,,
spelad,EK,2016/17,2017-05-07,,Pogon Szczecin,Legia,0,2,A,,,,,,,,,,,,,,,,,,,,0.235,0.2649,0.5001,1,,,,4.33,3.72,1.97,,,,,-0.4977,0,13,-1.8462,-0.2076,-0.1556,0,0,,,,0.0161,,,,,,,,,,,
spelad,EK,2016/17,2017-05-07,,Termalica B-B.,Lech Poznan,0,3,A,,,,,,,,,,,,,,,,,,,,0.2112,0.2555,0.5333,1,,,,5,3.84,1.83,,,,,-0.5011,-1,4,-0.75,0.1311,-0.0188,0,0,,,,-0.0086,,,,,,,,,,,
spelad,EK,2016/17,2017-05-08,,Cracovia,Arka Gdynia,2,0,H,,,,,,,,,,,,,,,,,,,,0.5334,0.2653,0.2013,1,,,,1.85,3.72,4.85,,,,,0.4034,-3,,,,,0,0,,,,-0.0476,,,,,,,,,,,
spelad,EK,2016/17,2017-05-12,,Arka Gdynia,Leczna,1,0,H,,,,,,,,,,,,,,,,,,,,0.4185,0.2851,0.2964,1,,,,2.36,3.43,3.3,,,,,-1.4486,-2,,,,,0,0,,,,-0.0113,,,,,,,,,,,
spelad,EK,2016/17,2017-05-12,,Zaglebie,Piast Gliwice,3,1,H,,,,,,,,,,,,,,,,,,,,0.4762,0.2735,0.2503,1,,,,2.13,3.57,3.9,,,,,-1.174,1,10,0,-0.0907,-0.0834,0,0,,,,-0.0577,,,,,,,,,,,
spelad,EK,2016/17,2017-05-13,,Jagiellonia,Wisla,2,0,H,,,,,,,,,,,,,,,,,,,,0.5381,0.2577,0.2042,1,,,,1.82,3.84,4.77,,,,,0.4696,1,12,0,0.0889,0.0497,0,0,,,,-0.0297,,,,,,,,,,,
spelad,EK,2016/17,2017-05-13,,Slask Wroclaw,Ruch Chorzow,6,0,H,,,,,,,,,,,,,,,,,,,,0.4735,0.2795,0.247,1,,,,2.17,3.49,3.95,,,,,-0.5565,-1,10,-0.9,-0.7096,0.0084,0,0,,,,-0.0405,,,,,,,,,,,
spelad,EK,2016/17,2017-05-13,,Wisla Plock,Cracovia,1,1,D,,,,,,,,,,,,,,,,,,,,0.381,0.2827,0.3363,1,,,,2.65,3.45,2.93,,,,,0.6274,2,,,,,0,0,,,,-0.006,,,,,,,,,,,
spelad,EK,2016/17,2017-05-14,,Lech Poznan,Pogon Szczecin,2,0,H,,,,,,,,,,,,,,,,,,,,0.6544,0.2181,0.1275,1,,,,1.53,4.6,7.85,,,,,0.0549,0,13,0.2308,-0.3865,0.0433,0,0,,,,-0.0375,,,,,,,,,,,
spelad,EK,2016/17,2017-05-14,,Lechia Gdansk,Korona Kielce,0,0,D,,,,,,,,,,,,,,,,,,,,0.5993,0.232,0.1687,1,,,,1.65,4.25,5.79,,,,,0.0676,-1,10,-0.6,-0.5675,-0.0833,0,0,,,,-0.056,,,,,,,,,,,
spelad,EK,2016/17,2017-05-14,,Legia,Termalica B-B.,6,0,H,,,,,,,,,,,,,,,,,,,,0.7574,0.1628,0.0798,1,,,,1.32,6,12.4,,,,,0.9898,0,4,-1.5,-1.5946,0.2774,0,0,,,,-0.0635,,,,,,,,,,,
spelad,EK,2016/17,2017-05-16,,Arka Gdynia,Wisla Plock,0,1,A,,,,,,,,,,,,,,,,,,,,0.4252,0.295,0.2798,1,,,,2.32,3.3,3.48,,,,,-0.8405,1,,,,,0,0,,,,-0.0213,,,,,,,,,,,
spelad,EK,2016/17,2017-05-16,,Leczna,Cracovia,3,0,H,,,,,,,,,,,,,,,,,,,,0.3418,0.2849,0.3733,1,,,,2.86,3.42,2.62,,,,,0.4988,1,7,0,0.0801,0.1417,0,0,,,,-0.0092,,,,,,,,,,,
spelad,EK,2016/17,2017-05-16,,Ruch Chorzow,Piast Gliwice,0,3,A,,,,,,,,,,,,,,,,,,,,0.32,0.2896,0.3904,1,,,,3.18,3.37,2.6,,,,,-0.1633,-1,12,0,0.0945,-0.1237,0,0,,,,-0.0146,,,,,,,,,,,
spelad,EK,2016/17,2017-05-16,,Zaglebie,Slask Wroclaw,2,0,H,,,,,,,,,,,,,,,,,,,,0.4011,0.2999,0.299,1,,,,2.43,3.31,3.3,,,,,-0.661,1,9,0,0.031,0.0464,0,0,,,,-0.0021,,,,,,,,,,,
spelad,EK,2016/17,2017-05-17,,Korona Kielce,Wisla,3,2,H,,,,,,,,,,,,,,,,,,,,0.3597,0.291,0.3494,1,,,,2.72,3.4,3.2,,,,,0.0145,-1,11,-0.5455,-0.0289,-0.0119,0,0,,,,0.0259,,,,,,,,,,,
spelad,EK,2016/17,2017-05-17,,Lechia Gdansk,Jagiellonia,4,0,H,,,,,,,,,,,,,,,,,,,,0.4136,0.2976,0.2888,1,,,,2.38,3.3,3.4,,,,,-0.4868,-1,11,1.3636,0.5717,-0.1042,0,0,,,,-0.005,,,,,,,,,,,
spelad,EK,2016/17,2017-05-17,,Legia,Lech Poznan,2,0,H,,,,,,,,,,,,,,,,,,,,0.4692,0.2726,0.2582,1,,,,2.15,3.58,3.78,,,,,0.4892,0,13,1.1538,0.404,-0.1303,0,0,,,,-0.0276,,,,,,,,,,,
spelad,EK,2016/17,2017-05-17,,Pogon Szczecin,Termalica B-B.,1,1,D,,,,,,,,,,,,,,,,,,,,0.5515,0.2555,0.1929,1,,,,1.83,3.82,5.06,,,,,0.3694,0,4,0,-0.1948,0.1996,0,0,,,,-0.0383,,,,,,,,,,,
spelad,EK,2016/17,2017-05-19,,Cracovia,Ruch Chorzow,2,0,H,,,,,,,,,,,,,,,,,,,,0.5852,0.2419,0.173,1,,,,1.68,4.2,6.5,,,,,0.4993,0,10,1.5,0.6153,-0.1854,0,0,,,,-0.009,,,,,,,,,,,
spelad,EK,2016/17,2017-05-19,,Slask Wroclaw,Arka Gdynia,4,1,H,,,,,,,,,,,,,,,,,,,,0.4849,0.2884,0.2267,1,,,,2.04,3.47,4.3,,,,,0.2594,0,,,,,0,0,,,,-0.0412,,,,,,,,,,,
spelad,EK,2016/17,2017-05-20,,Piast Gliwice,Leczna,2,1,H,,,,,,,,,,,,,,,,,,,,0.476,0.2788,0.2452,1,,,,2.06,3.54,3.98,,,,,-0.5484,0,7,0,-0.1425,0.1337,0,0,,,,-0.0294,,,,,,,,,,,
spelad,EK,2016/17,2017-05-20,,Wisla,Pogon Szczecin,4,0,H,,,,,,,,,,,,,,,,,,,,0.5546,0.2529,0.1925,1,,,,1.83,3.86,5.2,,,,,-0.2689,0,12,0.5,0.0987,0.0442,0,0,,,,-0.0295,,,,,,,,,,,
spelad,EK,2016/17,2017-05-20,,Wisla Plock,Zaglebie,1,2,A,,,,,,,,,,,,,,,,,,,,0.4172,0.2914,0.2914,1,,,,2.38,3.35,3.45,,,,,0.8006,0,,,,,0,0,,,,-0.0124,,,,,,,,,,,
spelad,EK,2016/17,2017-05-21,,Jagiellonia,Legia,0,0,D,,,,,,,,,,,,,,,,,,,,0.2697,0.2846,0.4457,1,,,,3.62,3.43,2.35,,,,,-0.0807,0,11,-0.8182,0.2279,-0.0607,0,0,,,,0.0567,,,,,,,,,,,
spelad,EK,2016/17,2017-05-21,,Lech Poznan,Lechia Gdansk,0,0,D,,,,,,,,,,,,,,,,,,,,0.5224,0.2662,0.2114,1,,,,1.91,3.7,4.62,,,,,-0.2707,0,13,1.3846,0.5448,-0.2073,0,0,,,,-0.0429,,,,,,,,,,,
spelad,EK,2016/17,2017-05-22,,Termalica B-B.,Korona Kielce,0,2,A,,,,,,,,,,,,,,,,,,,,0.3838,0.2801,0.3361,1,,,,2.6,3.48,3,,,,,-0.1143,0,5,0,-0.1015,-0.0824,0,0,,,,0.0135,,,,,,,,,,,
spelad,EK,2016/17,2017-05-27,,Arka Gdynia,Ruch Chorzow,1,1,D,,,,,,,,,,,,,,,,,,,,0.5976,0.237,0.1654,1,,,,1.64,4.15,6,,,,,0.1055,0,,,,,0,0,,,,-0.0265,,,,,,,,,,,
spelad,EK,2016/17,2017-05-27,,Leczna,Zaglebie,1,3,A,,,,,,,,,,,,,,,,,,,,0.4926,0.2636,0.2438,1,,,,2.04,3.7,4,,,,,0.0225,0,4,-1.5,-0.56,0.2198,0,0,,,,-0.0201,,,,,,,,,,,
spelad,EK,2016/17,2017-05-27,,Piast Gliwice,Wisla Plock,4,0,H,,,,,,,,,,,,,,,,,,,,0.4779,0.2778,0.2443,1,,,,2.18,3.6,4,,,,,-0.0503,0,,,,,0,0,,,,-0.0491,,,,,,,,,,,
spelad,EK,2016/17,2017-05-27,,Slask Wroclaw,Cracovia,2,0,H,,,,,,,,,,,,,,,,,,,,0.446,0.2868,0.2671,1,,,,2.33,3.4,3.66,,,,,-0.5519,0,9,0,-0.1753,0.0554,0,0,,,,-0.0518,,,,,,,,,,,
spelad,EK,2016/17,2017-05-28,,Korona Kielce,Legia,0,1,A,,,,,,,,,,,,,,,,,,,,0.1304,0.2025,0.6671,1,,,,7.5,4.9,1.48,,,,,0.0196,-1,10,-1.2,0.1138,-0.0333,0,0,,,,0.0287,,,,,,,,,,,
spelad,EK,2016/17,2017-05-28,,Lech Poznan,Wisla,2,1,H,,,,,,,,,,,,,,,,,,,,0.6761,0.2011,0.1228,1,,,,1.45,4.84,8.22,,,,,0.2236,-1,12,0.75,-0.0397,-0.0151,0,0,,,,-0.0453,,,,,,,,,,,
spelad,EK,2016/17,2017-05-28,,Lechia Gdansk,Pogon Szczecin,4,0,H,,,,,,,,,,,,,,,,,,,,0.7497,0.1649,0.0853,1,,,,1.3,6,12.5,,,,,0.2996,-1,13,0.2308,-0.044,0.0187,0,0,,,,-0.0337,,,,,,,,,,,
spelad,EK,2016/17,2017-05-28,,Termalica B-B.,Jagiellonia,1,2,A,,,,,,,,,,,,,,,,,,,,0.1308,0.2325,0.6367,1,,,,7.45,4.19,1.56,,,,,-0.4869,-1,5,0,0.2523,-0.0825,0,0,,,,0.0292,,,,,,,,,,,
spelad,EK,2016/17,2017-06-02,,Cracovia,Piast Gliwice,0,1,A,,,,,,,,,,,,,,,,,,,,0.4201,0.2518,0.3281,1,,,,2.35,3.87,3.1,,,,,-0.4862,0,11,-0.2727,-0.3079,0.0792,0,0,,,,-0.0123,,,,,,,,,,,
spelad,EK,2016/17,2017-06-02,,Ruch Chorzow,Leczna,2,2,D,,,,,,,,,,,,,,,,,,,,0.2333,0.2507,0.516,1,,,,4.25,3.93,1.9,,,,,-0.549,0,7,0.4286,0.4286,-0.298,0,0,,,,0.0107,,,,,,,,,,,
spelad,EK,2016/17,2017-06-02,,Wisla Plock,Slask Wroclaw,0,3,A,,,,,,,,,,,,,,,,,,,,0.4084,0.2652,0.3264,1,,,,2.4,3.68,3.1,,,,,-0.0384,0,,,,,0,0,,,,-0.0107,,,,,,,,,,,
spelad,EK,2016/17,2017-06-02,,Zaglebie,Arka Gdynia,1,3,A,,,,,,,,,,,,,,,,,,,,0.2661,0.2479,0.4859,1,,,,3.8,4.05,2.02,,,,,1.0695,0,,,,,0,0,,,,-0.0147,,,,,,,,,,,
spelad,EK,2016/17,2017-06-04,,Jagiellonia,Lech Poznan,2,2,D,,,,,,,,,,,,,,,,,,,,0.398,0.2954,0.3066,1,,,,2.5,3.35,3.26,,,,,-0.1546,0,11,1.3636,1.3174,-0.2616,0,0,,,,-0.0185,,,,,,,,,,,
spelad,EK,2016/17,2017-06-04,,Legia,Lechia Gdansk,0,0,D,,,,,,,,,,,,,,,,,,,,0.6242,0.2307,0.1451,1,,,,1.62,4.35,7,,,,,-0.1808,0,13,0.6923,0.0136,-0.1095,0,0,,,,-0.0419,,,,,,,,,,,
spelad,EK,2016/17,2017-06-04,,Pogon Szczecin,Korona Kielce,3,0,H,,,,,,,,,,,,,,,,,,,,0.5271,0.2396,0.2333,1,,,,2.3,4.07,4.2,,,,,-0.3743,0,10,0.6,0.0531,0.111,0,0,,,,-0.0449,,,,,,,,,,,
spelad,EK,2016/17,2017-06-04,,Wisla,Termalica B-B.,1,2,A,,,,,,,,,,,,,,,,,,,,0.5928,0.2254,0.1818,1,,,,1.67,4.4,5.5,,,,,-0.334,0,5,1.8,0.5539,0.1258,0,0,,,,-0.029,,,,,,,,,,,
spelad,EK,2017/18,2017-07-14,,Pogon Szczecin,Wisla,1,2,A,,,,,,,,,,,,,,,,,,,,0.3742,0.289,0.3368,1,,,,2.61,3.38,3.14,,,,,0.5667,,13,-0.6923,-0.1958,0.0214,0,0,,,,0.0337,,,,,,,,,,,
spelad,EK,2017/18,2017-07-14,,Wisla Plock,Lechia Gdansk,0,2,A,,,,,,,,,,,,,,,,,,,,0.2953,0.2883,0.4164,1,,,,3.52,3.42,2.34,,,,,-0.6134,,,,,,0,0,,,,-0.0291,,,,,,,,,,,
spelad,EK,2017/18,2017-07-15,,Cracovia,Piast Gliwice,1,1,D,,,,,,,,,,,,,,,,,,,,0.3574,0.2772,0.3654,1,,,,2.78,3.52,3.5,,,,,-1.0677,,12,-0.5,-0.4083,0.0516,0,0,,,,0.0223,,,,,,,,,,,
spelad,EK,2017/18,2017-07-15,,Gornik Zabrze,Legia,3,1,H,,,,,,,,,,,,,,,,,,,,0.173,0.2278,0.5991,1,,,,5.61,4.26,1.75,,,,,-0.274,,10,-2.1,-0.4545,0.0599,1,0,,,,0.0407,,,,,,,,,,,
spelad,EK,2017/18,2017-07-16,,Arka Gdynia,Slask Wroclaw,2,0,H,,,,,,,,,,,,,,,,,,,,0.3823,0.2991,0.3186,1,,,,2.6,3.35,3.1,,,,,-0.537,,3,1,0.7358,-0.2933,0,0,,,,-0.0039,,,,,,,,,,,
spelad,EK,2017/18,2017-07-16,,Lech Poznan,Sandecja Nowy S.,0,0,D,,,,,,,,,,,,,,,,,,,,0.5986,0.2363,0.1651,1,,,,1.63,4.4,7.5,,,,,,,,,,,-1,0,,,,0.0244,,,,,,,,,,,
spelad,EK,2017/18,2017-07-16,,Termalica B-B.,Jagiellonia,0,1,A,,,,,,,,,,,,,,,,,,,,0.3782,0.2921,0.3297,1,,,,2.78,3.34,2.96,,,,,-0.2552,,6,-0.5,0.1061,-0.1075,0,0,,,,-0.0421,,,,,,,,,,,
spelad,EK,2017/18,2017-07-17,,Korona Kielce,Zaglebie,0,1,A,,,,,,,,,,,,,,,,,,,,0.2895,0.2788,0.4317,1,,,,3.4,3.56,2.33,,,,,-0.5083,,9,-0.3333,0.0863,-0.0666,0,0,,,,0.0176,,,,,,,,,,,
spelad,EK,2017/18,2017-07-21,,Sandecja Nowy S.,Arka Gdynia,0,0,D,,,,,,,,,,,,,,,,,,,,0.4282,0.2846,0.2872,1,,,,2.35,3.43,3.4,,,,,,0,,,,,1,0,,,,-0.0322,,,,,,,,,,,
spelad,EK,2017/18,2017-07-21,,Wisla,Termalica B-B.,1,0,H,,,,,,,,,,,,,,,,,,,,0.5744,0.237,0.1885,1,,,,1.76,4.12,5.25,,,,,-0.0147,2,6,1,0.1276,0.0673,0,0,,,,-0.0405,,,,,,,,,,,
spelad,EK,2017/18,2017-07-22,,Lechia Gdansk,Cracovia,0,1,A,,,,,,,,,,,,,,,,,,,,0.6372,0.2251,0.1377,1,,,,1.58,4.33,7.08,,,,,1.052,1,9,-0.3333,-0.2028,-0.2837,0,0,,,,-0.068,,,,,,,,,,,
spelad,EK,2017/18,2017-07-22,,Legia,Korona Kielce,1,1,D,,,,,,,,,,,,,,,,,,,,0.7226,0.1803,0.0971,1,,,,1.35,5.94,13,,,,,-0.1537,2,11,1.3636,-0.0008,-0.0487,0,0,,,,0.0227,,,,,,,,,,,
spelad,EK,2017/18,2017-07-22,,Piast Gliwice,Pogon Szczecin,1,2,A,,,,,,,,,,,,,,,,,,,,0.4399,0.2873,0.2728,1,,,,2.31,3.4,3.58,,,,,1.3573,-1,11,0,0.0888,-0.0101,0,0,,,,-0.0181,,,,,,,,,,,
spelad,EK,2017/18,2017-07-23,,Jagiellonia,Gornik Zabrze,2,1,H,,,,,,,,,,,,,,,,,,,,0.5489,0.2599,0.1912,1,,,,1.83,3.78,5.11,,,,,-0.0973,-1,10,0.3,0.0952,0.0199,-1,0,,,,-0.027,,,,,,,,,,,
spelad,EK,2017/18,2017-07-23,,Wisla Plock,Lech Poznan,1,0,H,,,,,,,,,,,,,,,,,,,,0.2609,0.2788,0.4603,1,,,,3.74,3.5,2.15,,,,,-0.4072,2,,,,,0,0,,,,0.033,,,,,,,,,,,
spelad,EK,2017/18,2017-07-24,,Zaglebie,Slask Wroclaw,1,0,H,,,,,,,,,,,,,,,,,,,,0.4275,0.2867,0.2858,1,,,,2.29,3.44,3.5,,,,,0.7179,-1,10,0.3,0.1776,0.0118,0,0,,,,0.0001,,,,,,,,,,,
spelad,EK,2017/18,2017-07-28,,Slask Wroclaw,Lechia Gdansk,3,2,H,,,,,,,,,,,,,,,,,,,,0.3806,0.2857,0.3337,1,,,,2.65,3.43,2.93,,,,,-0.2215,-2,11,1.0909,0.636,-0.0181,0,0,,,,-0.0165,,,,,,,,,,,
spelad,EK,2017/18,2017-07-28,,Termalica B-B.,Zaglebie,1,1,D,,,,,,,,,,,,,,,,,,,,0.3667,0.2886,0.3447,1,,,,2.7,3.38,3,,,,,-1.3851,3,4,-1.5,-0.3682,-0.2916,0,0,,,,0.0124,,,,,,,,,,,
spelad,EK,2017/18,2017-07-29,,Gornik Zabrze,Wisla,3,2,H,,,,,,,,,,,,,,,,,,,,0.3129,0.2735,0.4137,1,,,,3.25,3.57,2.46,,,,,0.7334,-2,11,-0.2727,0.0152,0.081,1,0,,,,0.0045,,,,,,,,,,,
spelad,EK,2017/18,2017-07-29,,Legia,Sandecja Nowy S.,2,0,H,,,,,,,,,,,,,,,,,,,,0.6715,0.2089,0.1196,1,,,,1.55,4.66,8.23,,,,,,-1,,,,,-1,0,,,,-0.0536,,,,,,,,,,,
spelad,EK,2017/18,2017-07-30,,Arka Gdynia,Wisla Plock,1,1,D,,,,,,,,,,,,,,,,,,,,0.4,0.2808,0.3192,1,,,,2.55,3.49,3.1,,,,,-0.0222,2,3,-1,-0.763,0.3685,0,0,,,,-0.0235,,,,,,,,,,,
spelad,EK,2017/18,2017-07-30,,Lech Poznan,Piast Gliwice,5,1,H,,,,,,,,,,,,,,,,,,,,0.5947,0.2438,0.1615,1,,,,1.77,4,6.04,,,,,-0.8109,-1,11,1.0909,0.1018,-0.1695,0,0,,,,-0.0893,,,,,,,,,,,
spelad,EK,2017/18,2017-07-30,,Pogon Szczecin,Jagiellonia,0,1,A,,,,,,,,,,,,,,,,,,,,0.3485,0.2913,0.3601,1,,,,2.81,3.35,2.82,,,,,-0.5698,1,12,-0.25,-0.148,0.1263,0,0,,,,0.0003,,,,,,,,,,,
spelad,EK,2017/18,2017-07-31,,Korona Kielce,Cracovia,4,2,H,,,,,,,,,,,,,,,,,,,,0.4526,0.2749,0.2726,1,,,,2.35,3.54,3.61,,,,,0.1792,0,10,-0.3,0.1334,0.02,0,0,,,,-0.0288,,,,,,,,,,,
spelad,EK,2017/18,2017-08-04,,Piast Gliwice,Slask Wroclaw,1,1,D,,,,,,,,,,,,,,,,,,,,0.4015,0.302,0.2965,1,,,,2.55,3.42,3.29,,,,,-0.189,-2,12,1.5,0.889,0.0513,0,0,,,,-0.0195,,,,,,,,,,,
spelad,EK,2017/18,2017-08-04,,Wisla Plock,Wisla,0,1,A,,,,,,,,,,,,,,,,,,,,0.3113,0.2776,0.4111,1,,,,3.13,3.54,2.47,,,,,0.0494,-1,,,,,0,0,,,,0.0084,,,,,,,,,,,
spelad,EK,2017/18,2017-08-05,,Lechia Gdansk,Gornik Zabrze,1,1,D,,,,,,,,,,,,,,,,,,,,0.591,0.2414,0.1676,1,,,,1.7,4.05,6,,,,,-0.5118,1,10,0.3,-0.1365,0.2173,-1,0,,,,-0.0501,,,,,,,,,,,
spelad,EK,2017/18,2017-08-05,,Termalica B-B.,Legia,1,0,H,,,,,,,,,,,,,,,,,,,,0.1999,0.2471,0.5531,1,,,,4.92,3.94,1.8,,,,,-0.1301,1,5,0.6,0.9733,0.1894,0,0,,,,0.0269,,,,,,,,,,,
spelad,EK,2017/18,2017-08-05,,Zaglebie,Pogon Szczecin,3,0,H,,,,,,,,,,,,,,,,,,,,0.4285,0.2916,0.2799,1,,,,2.28,3.36,3.6,,,,,1.3199,2,9,0,-0.2732,0.2618,0,0,,,,-0.0022,,,,,,,,,,,
spelad,EK,2017/18,2017-08-06,,Cracovia,Lech Poznan,0,2,A,,,,,,,,,,,,,,,,,,,,0.2731,0.2643,0.4625,1,,,,3.7,3.71,2.22,,,,,-0.0185,-1,9,-0.3333,0.092,0.1734,0,0,,,,0.02,,,,,,,,,,,
spelad,EK,2017/18,2017-08-06,,Jagiellonia,Sandecja Nowy S.,1,3,A,,,,,,,,,,,,,,,,,,,,0.5843,0.2458,0.17,1,,,,1.72,3.97,6.32,,,,,,-1,,,,,-1,0,,,,-0.024,,,,,,,,,,,
spelad,EK,2017/18,2017-08-07,,Arka Gdynia,Korona Kielce,0,0,D,,,,,,,,,,,,,,,,,,,,0.4228,0.2864,0.2907,1,,,,2.35,3.41,3.45,,,,,-0.3384,1,,,,,0,0,,,,-0.0078,,,,,,,,,,,
spelad,EK,2017/18,2017-08-11,,Legia,Piast Gliwice,3,1,H,,,,,,,,,,,,,,,,,,,,0.6379,0.2213,0.1408,1,,,,1.53,4.75,8.5,,,,,-0.8477,-1,11,1.0909,-0.2165,0.0524,0,0,,,,0.0136,,,,,,,,,,,
spelad,EK,2017/18,2017-08-12,,Lech Poznan,Zaglebie,1,1,D,,,,,,,,,,,,,,,,,,,,0.5391,0.2588,0.2022,1,,,,1.81,3.8,4.82,,,,,-1.243,-1,9,0.3333,-0.0874,-0.0532,0,0,,,,-0.0264,,,,,,,,,,,
spelad,EK,2017/18,2017-08-12,,Sandecja Nowy S.,Wisla Plock,0,1,A,,,,,,,,,,,,,,,,,,,,0.3709,0.3039,0.3252,1,,,,2.65,3.25,3.35,,,,,,-2,,,,,1,0,,,,0.0191,,,,,,,,,,,
spelad,EK,2017/18,2017-08-12,,Wisla,Cracovia,2,1,H,,,,,,,,,,,,,,,,,,,,0.5531,0.2542,0.1928,1,,,,1.79,3.9,5.25,,,,,0.3815,2,8,-0.375,-0.3866,0.0884,0,0,,,,-0.0161,,,,,,,,,,,
spelad,EK,2017/18,2017-08-13,,Gornik Zabrze,Arka Gdynia,1,1,D,,,,,,,,,,,,,,,,,,,,0.4642,0.2783,0.2575,1,,,,2.15,3.47,3.78,,,,,0.7027,2,,,,,1,0,,,,-0.037,,,,,,,,,,,
spelad,EK,2017/18,2017-08-13,,Korona Kielce,Jagiellonia,2,3,A,,,,,,,,,,,,,,,,,,,,0.3362,0.2859,0.3779,1,,,,2.98,3.41,2.7,,,,,0.1057,-1,13,-0.2308,-0.0417,0.0233,0,0,,,,0.0023,,,,,,,,,,,
spelad,EK,2017/18,2017-08-14,,Pogon Szczecin,Lechia Gdansk,0,0,D,,,,,,,,,,,,,,,,,,,,0.3691,0.2855,0.3454,1,,,,2.71,3.41,2.81,,,,,-0.3092,0,14,-0.4286,-0.0066,0.0056,0,0,,,,-0.013,,,,,,,,,,,
spelad,EK,2017/18,2017-08-15,,Slask Wroclaw,Termalica B-B.,1,1,D,,,,,,,,,,,,,,,,,,,,0.4357,0.2862,0.2781,1,,,,2.24,3.5,4,,,,,0.2873,1,5,1.2,0.4397,-0.086,0,0,,,,0.0464,,,,,,,,,,,
spelad,EK,2017/18,2017-08-18,,Cracovia,Gornik Zabrze,3,3,D,,,,,,,,,,,,,,,,,,,,0.4391,0.2893,0.2716,1,,,,2.3,3.37,3.6,,,,,-0.487,1,6,0.5,0.2467,-0.1235,-1,0,,,,-0.0289,,,,,,,,,,,
spelad,EK,2017/18,2017-08-18,,Lechia Gdansk,Sandecja Nowy S.,2,3,A,,,,,,,,,,,,,,,,,,,,0.6019,0.2444,0.1538,1,,,,1.68,3.99,6.34,,,,,-0.2765,-2,,,,,-1,0,,,,-0.0505,,,,,,,,,,,
spelad,EK,2017/18,2017-08-19,,Arka Gdynia,Pogon Szczecin,0,3,A,,,,,,,,,,,,,,,,,,,,0.3768,0.3012,0.3221,1,,,,2.67,3.24,3.05,,,,,0.2585,1,,,,,0,0,,,,-0.0039,,,,,,,,,,,
spelad,EK,2017/18,2017-08-19,,Jagiellonia,Slask Wroclaw,1,1,D,,,,,,,,,,,,,,,,,,,,0.5922,0.2425,0.1653,1,,,,1.69,4.03,6.1,,,,,0.1901,2,13,0.2308,0.2821,-0.131,0,0,,,,-0.0382,,,,,,,,,,,
spelad,EK,2017/18,2017-08-19,,Piast Gliwice,Korona Kielce,2,0,H,,,,,,,,,,,,,,,,,,,,0.3919,0.2913,0.3168,1,,,,2.49,3.4,3.5,,,,,0.1266,2,12,-1,-0.5194,0.0408,0,0,,,,0.0293,,,,,,,,,,,
spelad,EK,2017/18,2017-08-20,,Termalica B-B.,Lech Poznan,1,3,A,,,,,,,,,,,,,,,,,,,,0.2805,0.2697,0.4498,1,,,,3.7,3.65,2.17,,,,,0.1392,-3,5,-1.2,-0.073,-0.0661,0,0,,,,-0.0114,,,,,,,,,,,
spelad,EK,2017/18,2017-08-20,,Wisla Plock,Legia,0,1,A,,,,,,,,,,,,,,,,,,,,0.322,0.2764,0.4015,1,,,,3.9,3.68,2.43,,,,,0.1947,-1,,,,,0,0,,,,-0.0482,,,,,,,,,,,
spelad,EK,2017/18,2017-08-21,,Zaglebie,Wisla,3,0,H,,,,,,,,,,,,,,,,,,,,0.4311,0.282,0.287,1,,,,2.39,3.44,3.48,,,,,0.5717,0,8,0,0.1161,-0.0377,0,0,,,,-0.0456,,,,,,,,,,,
spelad,EK,2017/18,2017-08-25,,Gornik Zabrze,Wisla Plock,4,0,H,,,,,,,,,,,,,,,,,,,,0.4239,0.291,0.2851,1,,,,2.3,3.44,3.61,,,,,0.4988,2,,,,,1,0,,,,0.0181,,,,,,,,,,,
spelad,EK,2017/18,2017-08-25,,Slask Wroclaw,Cracovia,2,1,H,,,,,,,,,,,,,,,,,,,,0.4085,0.2918,0.2998,1,,,,2.4,3.37,3.55,,,,,0.748,-1,10,0.3,-0.0203,0.0212,0,0,,,,0.0135,,,,,,,,,,,
spelad,EK,2017/18,2017-08-26,,Jagiellonia,Piast Gliwice,0,1,A,,,,,,,,,,,,,,,,,,,,0.5789,0.2657,0.1554,1,,,,1.69,3.85,6.4,,,,,0.3306,0,11,0.2727,0.0273,-0.0945,0,0,,,,-0.0135,,,,,,,,,,,
spelad,EK,2017/18,2017-08-26,,Korona Kielce,Termalica B-B.,2,1,H,,,,,,,,,,,,,,,,,,,,0.4524,0.2692,0.2784,1,,,,2.24,3.63,3.51,,,,,-0.4234,1,6,0.5,0.4385,-0.1154,0,0,,,,-0.0231,,,,,,,,,,,
spelad,EK,2017/18,2017-08-26,,Wisla,Lechia Gdansk,1,1,D,,,,,,,,,,,,,,,,,,,,0.4209,0.281,0.2981,1,,,,2.34,3.49,3.29,,,,,0.5641,-3,13,0,0.0508,0.0983,0,0,,,,-0.0149,,,,,,,,,,,
spelad,EK,2017/18,2017-08-27,,Lech Poznan,Arka Gdynia,3,0,H,,,,,,,,,,,,,,,,,,,,0.6205,0.226,0.1534,1,,,,1.61,4.31,6.75,,,,,0.1918,-1,,,,,0,0,,,,-0.0352,,,,,,,,,,,
spelad,EK,2017/18,2017-08-27,,Legia,Zaglebie,2,1,H,,,,,,,,,,,,,,,,,,,,0.5197,0.2557,0.2246,1,,,,1.89,3.84,4.6,,,,,-1.1127,1,9,1,0.0246,-0.0405,0,0,,,,0.0046,,,,,,,,,,,
spelad,EK,2017/18,2017-08-27,,Sandecja Nowy S.,Pogon Szczecin,2,1,H,,,,,,,,,,,,,,,,,,,,0.3127,0.2939,0.3934,1,,,,3.12,3.35,2.8,,,,,0.3615,1,,,,,1,0,,,,0.0466,,,,,,,,,,,
spelad,EK,2017/18,2017-09-08,,Arka Gdynia,Wisla,3,1,H,,,,,,,,,,,,,,,,,,,,0.3422,0.2911,0.3667,1,,,,3.15,3.35,2.73,,,,,-0.0767,-1,,,,,0,0,,,,0.0073,,,,,,,,,,,
spelad,EK,2017/18,2017-09-08,,Zaglebie,Wisla Plock,2,2,D,,,,,,,,,,,,,,,,,,,,0.5438,0.2555,0.2007,1,,,,1.85,3.85,5.1,,,,,0.7981,-2,3,-1,-0.3993,-0.2933,0,0,,,,-0.033,,,,,,,,,,,
spelad,EK,2017/18,2017-09-09,,Cracovia,Jagiellonia,1,1,D,,,,,,,,,,,,,,,,,,,,0.2982,0.2868,0.415,1,,,,3.27,3.4,2.45,,,,,-0.6022,1,9,0,-0.14,0.2699,0,0,,,,0.0364,,,,,,,,,,,
spelad,EK,2017/18,2017-09-09,,Korona Kielce,Sandecja Nowy S.,1,0,H,,,,,,,,,,,,,,,,,,,,0.4853,0.2702,0.2445,1,,,,2.1,3.61,4.13,,,,,-0.7635,1,,,,,-1,0,,,,-0.0343,,,,,,,,,,,
spelad,EK,2017/18,2017-09-09,,Slask Wroclaw,Legia,2,1,H,,,,,,,,,,,,,,,,,,,,0.2562,0.2653,0.4785,1,,,,3.9,3.74,2.15,,,,,0.4907,2,11,-1.6364,-0.3531,0.0151,0,0,,,,0.0474,,,,,,,,,,,
spelad,EK,2017/18,2017-09-10,,Pogon Szczecin,Lech Poznan,0,0,D,,,,,,,,,,,,,,,,,,,,0.3304,0.2875,0.3822,1,,,,2.97,3.48,2.74,,,,,-0.2214,0,14,-0.4286,0.2758,0.0246,0,0,,,,0.0436,,,,,,,,,,,
spelad,EK,2017/18,2017-09-10,,Termalica B-B.,Gornik Zabrze,1,2,A,,,,,,,,,,,,,,,,,,,,0.4712,0.2748,0.254,1,,,,2.28,3.55,4,,,,,-0.5011,-1,3,1,0.3917,0.3799,-1,0,,,,-0.0235,,,,,,,,,,,
spelad,EK,2017/18,2017-09-11,,Piast Gliwice,Lechia Gdansk,1,2,A,,,,,,,,,,,,,,,,,,,,0.3386,0.2835,0.378,1,,,,2.91,3.44,2.68,,,,,0.8618,0,11,-0.2727,0.1989,-0.099,0,0,,,,0.0219,,,,,,,,,,,
spelad,EK,2017/18,2017-09-15,,Arka Gdynia,Zaglebie,1,1,D,,,,,,,,,,,,,,,,,,,,0.3305,0.2826,0.3869,1,,,,2.95,3.45,2.62,,,,,-0.4768,0,3,0,-0.0694,0.0541,0,0,,,,0.0237,,,,,,,,,,,
spelad,EK,2017/18,2017-09-15,,Lech Poznan,Korona Kielce,1,0,H,,,,,,,,,,,,,,,,,,,,0.5602,0.2425,0.1973,1,,,,1.74,4.05,5.25,,,,,-0.0112,-1,11,1.0909,-0.0636,0.0241,0,0,,,,-0.0085,,,,,,,,,,,
spelad,EK,2017/18,2017-09-16,,Gornik Zabrze,Slask Wroclaw,2,2,D,,,,,,,,,,,,,,,,,,,,0.4047,0.2702,0.3251,1,,,,2.45,3.61,3.2,,,,,0.4987,-1,10,0.6,0.3939,0.1172,1,0,,,,-0.0128,,,,,,,,,,,
spelad,EK,2017/18,2017-09-16,,Wisla,Piast Gliwice,2,0,H,,,,,,,,,,,,,,,,,,,,0.5379,0.249,0.2131,1,,,,1.86,3.91,4.75,,,,,0.2601,3,10,0.3,-0.092,0.0178,0,0,,,,-0.0278,,,,,,,,,,,
spelad,EK,2017/18,2017-09-16,,Wisla Plock,Pogon Szczecin,3,1,H,,,,,,,,,,,,,,,,,,,,0.364,0.2912,0.3447,1,,,,2.78,3.35,2.88,,,,,0.1484,2,,,,,0,0,,,,-0.0076,,,,,,,,,,,
spelad,EK,2017/18,2017-09-17,,Legia,Cracovia,1,0,H,,,,,,,,,,,,,,,,,,,,0.7137,0.1845,0.1018,1,,,,1.39,5.3,9.6,,,,,0.0426,0,9,3,1.0093,-0.2412,0,0,,,,-0.0429,,,,,,,,,,,
spelad,EK,2017/18,2017-09-17,,Sandecja Nowy S.,Termalica B-B.,1,0,H,,,,,,,,,,,,,,,,,,,,0.303,0.302,0.395,1,,,,3.3,3.24,2.6,,,,,0.9384,1,,,,,1,0,,,,0.0164,,,,,,,,,,,
spelad,EK,2017/18,2017-09-18,,Lechia Gdansk,Jagiellonia,3,3,D,,,,,,,,,,,,,,,,,,,,0.4493,0.2893,0.2614,1,,,,2.2,3.43,3.73,,,,,-0.5511,-2,12,1.5,0.6459,-0.1203,0,0,,,,-0.0381,,,,,,,,,,,
spelad,EK,2017/18,2017-09-22,,Piast Gliwice,Arka Gdynia,0,1,A,,,,,,,,,,,,,,,,,,,,0.4325,0.2948,0.2727,1,,,,2.31,3.33,3.65,,,,,0.0088,-1,3,2,1.2241,0.0515,0,0,,,,-0.0221,,,,,,,,,,,
spelad,EK,2017/18,2017-09-22,,Slask Wroclaw,Lech Poznan,2,0,H,,,,,,,,,,,,,,,,,,,,0.2663,0.2761,0.4576,1,,,,3.7,3.54,2.25,,,,,0.0485,-1,11,-0.2727,0.1014,0.0865,0,0,,,,0.0342,,,,,,,,,,,
spelad,EK,2017/18,2017-09-23,,Korona Kielce,Wisla,2,1,H,,,,,,,,,,,,,,,,,,,,0.4085,0.2806,0.3109,1,,,,2.64,3.51,3.2,,,,,0.1067,1,12,-0.25,0.1094,-0.0351,0,0,,,,-0.0238,,,,,,,,,,,
spelad,EK,2017/18,2017-09-23,,Pogon Szczecin,Gornik Zabrze,1,2,A,,,,,,,,,,,,,,,,,,,,0.4643,0.2664,0.2693,1,,,,2.22,3.66,3.79,,,,,-0.708,0,10,0,-0.1733,0.3057,-1,0,,,,-0.0037,,,,,,,,,,,
spelad,EK,2017/18,2017-09-23,,Termalica B-B.,Lechia Gdansk,2,1,H,,,,,,,,,,,,,,,,,,,,0.3149,0.2931,0.392,1,,,,3.13,3.4,2.62,,,,,0.1863,1,5,-0.6,0.1193,0.139,0,0,,,,0.0264,,,,,,,,,,,
spelad,EK,2017/18,2017-09-24,,Jagiellonia,Legia,1,0,H,,,,,,,,,,,,,,,,,,,,0.3421,0.2885,0.3694,1,,,,2.85,3.5,2.75,,,,,-0.1736,-1,12,-0.75,0.2011,0.004,0,0,,,,0.0217,,,,,,,,,,,
spelad,EK,2017/18,2017-09-24,,Zaglebie,Sandecja Nowy S.,1,0,H,,,,,,,,,,,,,,,,,,,,0.5947,0.2438,0.1615,1,,,,1.71,4,6.1,,,,,-0.3384,2,,,,,-1,0,,,,-0.0434,,,,,,,,,,,
spelad,EK,2017/18,2017-09-25,,Cracovia,Wisla Plock,1,3,A,,,,,,,,,,,,,,,,,,,,0.4015,0.3098,0.2887,1,,,,2.45,3.3,3.54,,,,,-0.587,-1,3,0,-0.0327,0.0541,0,0,,,,-0.0224,,,,,,,,,,,
spelad,EK,2017/18,2017-09-29,,Arka Gdynia,Cracovia,1,1,D,,,,,,,,,,,,,,,,,,,,0.5067,0.277,0.2163,1,,,,1.93,3.58,4.54,,,,,0.8854,3,3,0,0.1834,0.0508,0,0,,,,-0.0203,,,,,,,,,,,
spelad,EK,2017/18,2017-09-29,,Sandecja Nowy S.,Slask Wroclaw,1,1,D,,,,,,,,,,,,,,,,,,,,0.2976,0.2797,0.4226,1,,,,3.4,3.49,2.5,,,,,-0.2248,-2,,,,,0,0,,,,0.0471,,,,,,,,,,,
spelad,EK,2017/18,2017-09-30,,Lechia Gdansk,Zaglebie,1,0,H,,,,,,,,,,,,,,,,,,,,0.4174,0.2848,0.2978,1,,,,2.38,3.43,3.4,,,,,-0.843,1,9,2,1.0526,-0.1791,0,0,,,,-0.007,,,,,,,,,,,
spelad,EK,2017/18,2017-09-30,,Pogon Szczecin,Korona Kielce,0,0,D,,,,,,,,,,,,,,,,,,,,0.4709,0.2753,0.2538,1,,,,2.3,3.54,3.84,,,,,-0.9807,0,11,0.8182,0.1554,0.0791,0,0,,,,-0.0818,,,,,,,,,,,
spelad,EK,2017/18,2017-09-30,,Wisla,Jagiellonia,0,0,D,,,,,,,,,,,,,,,,,,,,0.364,0.3087,0.3273,1,,,,2.68,3.25,2.98,,,,,-0.1701,1,13,-0.2308,-0.195,0.0261,0,0,,,,0.0004,,,,,,,,,,,
spelad,EK,2017/18,2017-10-01,,Gornik Zabrze,Piast Gliwice,1,0,H,,,,,,,,,,,,,,,,,,,,0.4619,0.262,0.2761,1,,,,2.11,3.86,3.8,,,,,0.9959,-1,8,0.375,0.1166,-0.1616,0,0,,,,0.0148,,,,,,,,,,,
spelad,EK,2017/18,2017-10-01,,Lech Poznan,Legia,3,0,H,,,,,,,,,,,,,,,,,,,,0.3672,0.3072,0.3256,1,,,,2.66,3.25,3.1,,,,,0.3393,2,14,-1.2857,-0.3289,-0.1404,0,0,,,,0.0089,,,,,,,,,,,
spelad,EK,2017/18,2017-10-01,,Wisla Plock,Termalica B-B.,1,0,H,,,,,,,,,,,,,,,,,,,,0.4514,0.2754,0.2731,1,,,,2.29,3.54,3.57,,,,,0.4312,-2,,,,,0,0,,,,-0.0443,,,,,,,,,,,
spelad,EK,2017/18,2017-10-13,,Jagiellonia,Lech Poznan,1,1,D,,,,,,,,,,,,,,,,,,,,0.4115,0.3106,0.2779,1,,,,2.55,3.2,3.51,,,,,-0.7501,1,12,1.25,1.1669,-0.1811,0,0,,,,-0.0348,,,,,,,,,,,
spelad,EK,2017/18,2017-10-13,,Korona Kielce,Wisla Plock,2,0,H,,,,,,,,,,,,,,,,,,,,0.4782,0.2651,0.2567,1,,,,2.14,3.7,3.8,,,,,-0.3123,1,,,,,0,0,,,,-0.0293,,,,,,,,,,,
spelad,EK,2017/18,2017-10-14,,Piast Gliwice,Sandecja Nowy S.,2,2,D,,,,,,,,,,,,,,,,,,,,0.4415,0.282,0.2764,1,,,,2.25,3.5,4.25,,,,,-0.8742,-2,,,,,0,0,,,,0.0136,,,,,,,,,,,
spelad,EK,2017/18,2017-10-14,,Slask Wroclaw,Wisla,0,2,A,,,,,,,,,,,,,,,,,,,,0.4472,0.285,0.2678,1,,,,2.35,3.46,3.64,,,,,0.6295,1,12,0.75,0.4417,-0.0395,0,0,,,,-0.0602,,,,,,,,,,,
spelad,EK,2017/18,2017-10-14,,Termalica B-B.,Arka Gdynia,1,1,D,,,,,,,,,,,,,,,,,,,,0.3919,0.3003,0.3078,1,,,,2.59,3.25,3.17,,,,,-0.3082,-2,,,,,0,0,,,,-0.0035,,,,,,,,,,,
spelad,EK,2017/18,2017-10-15,,Legia,Lechia Gdansk,1,0,H,,,,,,,,,,,,,,,,,,,,0.5212,0.2613,0.2175,1,,,,1.9,3.75,4.55,,,,,0.0723,-1,14,0.6429,-0.0661,-0.0467,0,0,,,,-0.0108,,,,,,,,,,,
spelad,EK,2017/18,2017-10-15,,Zaglebie,Gornik Zabrze,3,2,H,,,,,,,,,,,,,,,,,,,,0.4956,0.2639,0.2405,1,,,,1.97,3.76,4.8,,,,,-0.6448,1,6,-0.5,-0.1478,-0.1151,0,0,,,,0.0475,,,,,,,,,,,
spelad,EK,2017/18,2017-10-16,,Cracovia,Pogon Szczecin,3,0,H,,,,,,,,,,,,,,,,,,,,0.3265,0.2814,0.3921,1,,,,3.2,3.47,2.65,,,,,-0.0762,1,9,-1,-0.4933,0.155,0,0,,,,-0.0159,,,,,,,,,,,
spelad,EK,2017/18,2017-10-20,,Gornik Zabrze,Korona Kielce,3,3,D,,,,,,,,,,,,,,,,,,,,0.4138,0.2691,0.3171,1,,,,2.38,3.63,3.4,,,,,0.2999,-2,9,-0.3333,-0.3952,0.1591,0,0,,,,0.0023,,,,,,,,,,,
spelad,EK,2017/18,2017-10-20,,Zaglebie,Piast Gliwice,2,2,D,,,,,,,,,,,,,,,,,,,,0.5729,0.2497,0.1774,1,,,,1.7,4,6,,,,,0.3328,-1,11,0.2727,0.0356,-0.1007,0,0,,,,-0.0045,,,,,,,,,,,
spelad,EK,2017/18,2017-10-21,,Lechia Gdansk,Lech Poznan,3,3,D,,,,,,,,,,,,,,,,,,,,0.3095,0.2973,0.3932,1,,,,3.15,3.28,2.76,,,,,-0.5475,-2,14,-1.2857,-0.3063,-0.14,0,0,,,,0.0227,,,,,,,,,,,
spelad,EK,2017/18,2017-10-21,,Pogon Szczecin,Termalica B-B.,2,3,A,,,,,,,,,,,,,,,,,,,,0.6064,0.2308,0.1627,1,,,,1.8,4.3,6,,,,,-0.0279,-2,5,0,-0.3379,0.3086,0,0,,,,-0.0558,,,,,,,,,,,
spelad,EK,2017/18,2017-10-21,,Sandecja Nowy S.,Cracovia,1,1,D,,,,,,,,,,,,,,,,,,,,0.4036,0.2823,0.3141,1,,,,2.5,3.46,3.15,,,,,0.6777,2,,,,,0,0,,,,-0.017,,,,,,,,,,,
spelad,EK,2017/18,2017-10-22,,Arka Gdynia,Jagiellonia,4,1,H,,,,,,,,,,,,,,,,,,,,0.3117,0.3117,0.3767,1,,,,3.2,3.25,2.62,,,,,0.1629,-1,,,,,0,0,,,,0.0155,,,,,,,,,,,
spelad,EK,2017/18,2017-10-22,,Wisla,Legia,0,1,A,,,,,,,,,,,,,,,,,,,,0.3524,0.2821,0.3656,1,,,,2.85,3.5,2.71,,,,,-0.1992,1,13,-1.3846,-0.2121,0.1336,0,0,,,,-0.0115,,,,,,,,,,,
spelad,EK,2017/18,2017-10-23,,Wisla Plock,Slask Wroclaw,4,1,H,,,,,,,,,,,,,,,,,,,,0.4045,0.2801,0.3154,1,,,,2.45,3.5,3.11,,,,,0.0785,1,3,-1,-0.7522,0.3849,0,0,,,,-0.0188,,,,,,,,,,,
spelad,EK,2017/18,2017-10-27,,Lech Poznan,Wisla,1,1,D,,,,,,,,,,,,,,,,,,,,0.5696,0.2577,0.1727,1,,,,1.8,3.82,5.7,,,,,0.6549,1,13,0.9231,0.0226,-0.0294,0,0,,,,-0.0568,,,,,,,,,,,
spelad,EK,2017/18,2017-10-27,,Slask Wroclaw,Pogon Szczecin,3,0,H,,,,,,,,,,,,,,,,,,,,0.3842,0.2958,0.32,1,,,,2.54,3.4,3.2,,,,,1.1487,-2,11,0.8182,0.09,0.2591,0,0,,,,0.0317,,,,,,,,,,,
spelad,EK,2017/18,2017-10-28,,Cracovia,Termalica B-B.,1,1,D,,,,,,,,,,,,,,,,,,,,0.4168,0.2803,0.3029,1,,,,2.38,3.5,3.4,,,,,0.0654,0,4,-2.25,-1.3356,-0.0294,0,0,,,,0.0071,,,,,,,,,,,
spelad,EK,2017/18,2017-10-28,,Piast Gliwice,Wisla Plock,2,1,H,,,,,,,,,,,,,,,,,,,,0.3463,0.2986,0.3551,1,,,,2.84,3.32,2.8,,,,,-0.5617,3,3,2,0.9488,0.05,0,0,,,,0.0023,,,,,,,,,,,
spelad,EK,2017/18,2017-10-28,,Sandecja Nowy S.,Gornik Zabrze,1,2,A,,,,,,,,,,,,,,,,,,,,0.3189,0.2845,0.3966,1,,,,3.06,3.44,2.53,,,,,-0.1565,-1,,,,,0,0,,,,0.0208,,,,,,,,,,,
spelad,EK,2017/18,2017-10-29,,Jagiellonia,Zaglebie,3,1,H,,,,,,,,,,,,,,,,,,,,0.456,0.2879,0.2561,1,,,,2.21,3.46,3.81,,,,,-0.4324,-2,9,0.3333,0.2081,-0.0726,0,0,,,,-0.0242,,,,,,,,,,,
spelad,EK,2017/18,2017-10-29,,Legia,Arka Gdynia,2,0,H,,,,,,,,,,,,,,,,,,,,0.6057,0.2408,0.1536,1,,,,1.63,4.1,6.35,,,,,-0.0145,0,,,,,0,0,,,,-0.0356,,,,,,,,,,,
spelad,EK,2017/18,2017-10-30,,Lechia Gdansk,Korona Kielce,0,5,A,,,,,,,,,,,,,,,,,,,,0.4875,0.2693,0.2431,1,,,,2.15,3.62,4.2,,,,,-0.6918,-1,11,-0.5455,-0.6095,-0.0059,0,0,,,,-0.0312,,,,,,,,,,,
spelad,EK,2017/18,2017-11-03,,Arka Gdynia,Lechia Gdansk,0,1,A,,,,,,,,,,,,,,,,,,,,0.3669,0.3012,0.3319,1,,,,2.71,3.28,3.1,,,,,0.5935,1,,,,,0,0,,,,0.0018,,,,,,,,,,,
spelad,EK,2017/18,2017-11-03,,Korona Kielce,Slask Wroclaw,3,0,H,,,,,,,,,,,,,,,,,,,,0.4283,0.2618,0.31,1,,,,2.28,3.73,3.25,,,,,0.384,-3,12,-1,-0.4143,0.215,0,0,,,,0.0042,,,,,,,,,,,
spelad,EK,2017/18,2017-11-04,,Gornik Zabrze,Lech Poznan,3,1,H,,,,,,,,,,,,,,,,,,,,0.261,0.2674,0.4716,1,,,,3.94,3.7,2.1,,,,,0.7892,-1,10,-2.1,-0.5632,0.039,0,0,,,,0.0002,,,,,,,,,,,
spelad,EK,2017/18,2017-11-04,,Wisla,Sandecja Nowy S.,3,0,H,,,,,,,,,,,,,,,,,,,,0.5083,0.2796,0.2121,1,,,,1.95,3.5,4.6,,,,,-0.1777,1,,,,,0,0,,,,-0.0351,,,,,,,,,,,
spelad,EK,2017/18,2017-11-04,,Wisla Plock,Jagiellonia,1,2,A,,,,,,,,,,,,,,,,,,,,0.3796,0.293,0.3274,1,,,,2.68,3.44,3.1,,,,,0.5963,1,,,,,0,0,,,,-0.0188,,,,,,,,,,,
spelad,EK,2017/18,2017-11-05,,Pogon Szczecin,Legia,1,3,A,,,,,,,,,,,,,,,,,,,,0.3439,0.2847,0.3714,1,,,,3.1,3.46,2.79,,,,,-1.4257,2,14,-1.9286,-0.2621,-0.1634,0,0,,,,0.0126,,,,,,,,,,,
spelad,EK,2017/18,2017-11-05,,Termalica B-B.,Piast Gliwice,2,1,H,,,,,,,,,,,,,,,,,,,,0.4417,0.2923,0.266,1,,,,2.25,3.4,3.89,,,,,-0.0836,0,4,-1.5,-0.6002,-0.2934,0,0,,,,-0.0262,,,,,,,,,,,
spelad,EK,2017/18,2017-11-05,,Zaglebie,Cracovia,1,2,A,,,,,,,,,,,,,,,,,,,,0.5613,0.2544,0.1843,1,,,,1.77,3.84,5.5,,,,,-0.1152,-1,9,-0.6667,-0.4267,0.0479,0,0,,,,-0.029,,,,,,,,,,,
spelad,EK,2017/18,2017-11-17,,Jagiellonia,Termalica B-B.,0,0,D,,,,,,,,,,,,,,,,,,,,0.5884,0.2454,0.1661,1,,,,1.74,3.98,5.88,,,,,0.1726,1,7,0.8571,0.2467,-0.1339,0,0,,,,-0.0393,,,,,,,,,,,
spelad,EK,2017/18,2017-11-17,,Wisla,Pogon Szczecin,1,0,H,,,,,,,,,,,,,,,,,,,,0.3631,0.2856,0.3513,1,,,,2.69,3.52,2.85,,,,,1.2694,1,14,0.8571,0.2835,-0.0008,0,0,,,,0.003,,,,,,,,,,,
spelad,EK,2017/18,2017-11-18,,Lechia Gdansk,Wisla Plock,3,0,H,,,,,,,,,,,,,,,,,,,,0.5025,0.2671,0.2305,1,,,,2.02,3.65,4.3,,,,,-0.3573,1,3,1,0.3114,-0.277,0,0,,,,-0.0424,,,,,,,,,,,
spelad,EK,2017/18,2017-11-18,,Piast Gliwice,Cracovia,1,0,H,,,,,,,,,,,,,,,,,,,,0.3966,0.2947,0.3087,1,,,,2.47,3.36,3.4,,,,,-0.7189,0,13,0.4615,0.3005,0.1032,0,0,,,,0.0308,,,,,,,,,,,
spelad,EK,2017/18,2017-11-18,,Sandecja Nowy S.,Lech Poznan,0,0,D,,,,,,,,,,,,,,,,,,,,0.149,0.2522,0.5988,1,,,,6.55,4,1.7,,,,,-0.0241,0,,,,,0,0,,,,0.0598,,,,,,,,,,,
spelad,EK,2017/18,2017-11-19,,Legia,Gornik Zabrze,1,0,H,,,,,,,,,,,,,,,,,,,,0.6047,0.2233,0.172,1,,,,1.71,4.36,6,,,,,-0.6379,-1,11,1.6364,0.1746,0.0338,0,0,,,,-0.0521,,,,,,,,,,,
spelad,EK,2017/18,2017-11-19,,Slask Wroclaw,Arka Gdynia,1,2,A,,,,,,,,,,,,,,,,,,,,0.4784,0.2887,0.2329,1,,,,2.14,3.38,4.19,,,,,-0.165,0,4,-1.5,-0.6455,-0.2948,0,0,,,,-0.0336,,,,,,,,,,,
spelad,EK,2017/18,2017-11-20,,Zaglebie,Korona Kielce,0,0,D,,,,,,,,,,,,,,,,,,,,0.4174,0.2736,0.3091,1,,,,2.36,3.57,3.17,,,,,-1.3352,-2,10,0.6,0.1249,-0.0878,0,0,,,,-0.0125,,,,,,,,,,,
spelad,EK,2017/18,2017-11-24,,Cracovia,Lechia Gdansk,2,1,H,,,,,,,,,,,,,,,,,,,,0.3147,0.2903,0.395,1,,,,3.13,3.36,2.55,,,,,0.0765,0,10,0.6,0.674,-0.2779,0,0,,,,0.0177,,,,,,,,,,,
spelad,EK,2017/18,2017-11-24,,Gornik Zabrze,Jagiellonia,3,1,H,,,,,,,,,,,,,,,,,,,,0.3855,0.2771,0.3375,1,,,,2.57,3.52,2.95,,,,,0.3302,-2,11,-0.5455,-0.1805,-0.0055,0,0,,,,-0.0018,,,,,,,,,,,
spelad,EK,2017/18,2017-11-25,,Arka Gdynia,Sandecja Nowy S.,5,0,H,,,,,,,,,,,,,,,,,,,,0.4781,0.2929,0.229,1,,,,2.07,3.4,4.48,,,,,0.4784,-1,,,,,0,0,,,,-0.0091,,,,,,,,,,,
spelad,EK,2017/18,2017-11-25,,Korona Kielce,Legia,3,2,H,,,,,,,,,,,,,,,,,,,,0.3039,0.2811,0.4151,1,,,,3.3,3.48,2.41,,,,,0.0825,-1,12,-1.25,0.0894,0.0237,0,0,,,,0.0044,,,,,,,,,,,
spelad,EK,2017/18,2017-11-25,,Pogon Szczecin,Piast Gliwice,2,2,D,,,,,,,,,,,,,,,,,,,,0.5303,0.278,0.1917,1,,,,1.9,3.6,5.09,,,,,-1.1526,1,12,0.25,0.0857,-0.0332,0,0,,,,-0.06,,,,,,,,,,,
spelad,EK,2017/18,2017-11-26,,Lech Poznan,Wisla Plock,2,1,H,,,,,,,,,,,,,,,,,,,,0.6554,0.2292,0.1154,1,,,,1.53,4.32,8.8,,,,,-0.6034,0,3,1,0.1728,-0.273,0,0,,,,-0.0545,,,,,,,,,,,
spelad,EK,2017/18,2017-11-26,,Slask Wroclaw,Zaglebie,1,0,H,,,,,,,,,,,,,,,,,,,,0.3028,0.2786,0.4185,1,,,,3.22,3.5,2.5,,,,,0.1005,1,11,-0.5455,-0.2762,-0.0154,0,0,,,,0.0557,,,,,,,,,,,
spelad,EK,2017/18,2017-11-27,,Termalica B-B.,Wisla,3,3,D,,,,,,,,,,,,,,,,,,,,0.3199,0.2975,0.3826,1,,,,3.15,3.32,2.55,,,,,-0.0882,0,7,-1.2857,-0.2817,0.0238,0,0,,,,-0.0051,,,,,,,,,,,
spelad,EK,2017/18,2017-12-01,,Jagiellonia,Pogon Szczecin,1,0,H,,,,,,,,,,,,,,,,,,,,0.4788,0.2783,0.243,1,,,,2.12,3.56,4.1,,,,,1.3515,1,13,0.4615,0.1453,0.0941,0,0,,,,-0.0503,,,,,,,,,,,
spelad,EK,2017/18,2017-12-01,,Lechia Gdansk,Slask Wroclaw,3,1,H,,,,,,,,,,,,,,,,,,,,0.5364,0.261,0.2025,1,,,,1.93,3.74,5,,,,,-0.0497,2,12,-1.25,-0.6736,-0.0404,0,0,,,,-0.0528,,,,,,,,,,,
spelad,EK,2017/18,2017-12-02,,Sandecja Nowy S.,Legia,2,2,D,,,,,,,,,,,,,,,,,,,,0.1641,0.2558,0.5801,1,,,,6,3.94,1.78,,,,,-0.8047,0,,,,,0,0,,,,0.0554,,,,,,,,,,,
spelad,EK,2017/18,2017-12-02,,Wisla Plock,Arka Gdynia,2,0,H,,,,,,,,,,,,,,,,,,,,0.4237,0.2971,0.2792,1,,,,2.34,3.32,3.49,,,,,-0.5582,-1,4,0.75,0.2362,0.4562,0,0,,,,-0.0149,,,,,,,,,,,
spelad,EK,2017/18,2017-12-02,,Zaglebie,Termalica B-B.,4,2,H,,,,,,,,,,,,,,,,,,,,0.4708,0.27,0.2592,1,,,,2.07,3.62,4.4,,,,,-1.0806,1,5,1.2,0.4634,-0.091,0,0,,,,0.0643,,,,,,,,,,,
spelad,EK,2017/18,2017-12-03,,Piast Gliwice,Lech Poznan,0,0,D,,,,,,,,,,,,,,,,,,,,0.2501,0.2811,0.4689,1,,,,4.3,3.54,2.08,,,,,0.3419,1,12,-1.25,0.0014,-0.1757,0,0,,,,-0.0337,,,,,,,,,,,
spelad,EK,2017/18,2017-12-03,,Wisla,Gornik Zabrze,2,3,A,,,,,,,,,,,,,,,,,,,,0.3998,0.274,0.3262,1,,,,2.51,3.56,3.28,,,,,-0.5658,-3,12,0,-0.2144,0.0515,0,0,,,,0.0082,,,,,,,,,,,
spelad,EK,2017/18,2017-12-04,,Cracovia,Korona Kielce,2,2,D,,,,,,,,,,,,,,,,,,,,0.3003,0.2879,0.4118,1,,,,3.25,3.42,2.45,,,,,-0.6647,1,11,0,-0.2388,-0.0068,0,0,,,,0.0315,,,,,,,,,,,
spelad,EK,2017/18,2017-12-08,,Gornik Zabrze,Lechia Gdansk,1,1,D,,,,,,,,,,,,,,,,,,,,0.4068,0.2667,0.3265,1,,,,2.43,3.66,3.1,,,,,0.5915,-2,11,-0.2727,-0.0503,0.2665,0,0,,,,0.0015,,,,,,,,,,,
spelad,EK,2017/18,2017-12-08,,Sandecja Nowy S.,Jagiellonia,0,1,A,,,,,,,,,,,,,,,,,,,,0.286,0.3126,0.4014,1,,,,3.55,3.29,2.43,,,,,-0.3922,-1,,,,,0,0,,,,-0.0014,,,,,,,,,,,
spelad,EK,2017/18,2017-12-09,,Korona Kielce,Arka Gdynia,0,3,A,,,,,,,,,,,,,,,,,,,,0.5103,0.2656,0.2241,1,,,,1.95,3.68,4.4,,,,,0.6002,-2,3,0,0.191,0.0398,0,0,,,,-0.0343,,,,,,,,,,,
spelad,EK,2017/18,2017-12-09,,Legia,Termalica B-B.,3,0,H,,,,,,,,,,,,,,,,,,,,0.6712,0.1942,0.1346,1,,,,1.47,5.01,7.84,,,,,0.2051,0,6,-1,-1.2866,0.1166,0,0,,,,-0.0361,,,,,,,,,,,
spelad,EK,2017/18,2017-12-09,,Slask Wroclaw,Piast Gliwice,2,2,D,,,,,,,,,,,,,,,,,,,,0.5003,0.2733,0.2264,1,,,,1.96,3.68,4.58,,,,,-0.5681,2,13,-1.3846,-0.8827,0.1011,0,0,,,,0.0057,,,,,,,,,,,
spelad,EK,2017/18,2017-12-10,,Lech Poznan,Cracovia,1,0,H,,,,,,,,,,,,,,,,,,,,0.6476,0.2238,0.1287,1,,,,1.55,4.37,8,,,,,-0.7771,1,10,0.6,-0.104,0.1296,0,0,,,,-0.0374,,,,,,,,,,,
spelad,EK,2017/18,2017-12-10,,Pogon Szczecin,Zaglebie,3,3,D,,,,,,,,,,,,,,,,,,,,0.4853,0.2779,0.2368,1,,,,2.2,3.51,4.15,,,,,-0.6687,1,10,-0.3,-0.1029,0.2064,0,0,,,,-0.0923,,,,,,,,,,,
spelad,EK,2017/18,2017-12-10,,Wisla,Wisla Plock,0,1,A,,,,,,,,,,,,,,,,,,,,0.4759,0.2733,0.2508,1,,,,2.09,3.58,3.89,,,,,0.2943,-1,3,3,1.4732,-0.2784,0,0,,,,-0.0412,,,,,,,,,,,
spelad,EK,2017/18,2017-12-12,,Arka Gdynia,Gornik Zabrze,1,0,H,,,,,,,,,,,,,,,,,,,,0.4065,0.2788,0.3147,1,,,,2.41,3.54,3.1,,,,,-0.0535,-1,,,,,0,0,,,,-0.0045,,,,,,,,,,,
spelad,EK,2017/18,2017-12-12,,Jagiellonia,Korona Kielce,5,1,H,,,,,,,,,,,,,,,,,,,,0.4669,0.2829,0.2502,1,,,,2.09,3.48,4.01,,,,,-0.2838,1,14,0.4286,0.1299,0.0012,0,0,,,,-0.0056,,,,,,,,,,,
spelad,EK,2017/18,2017-12-12,,Piast Gliwice,Legia,0,1,A,,,,,,,,,,,,,,,,,,,,0.2042,0.2624,0.5334,1,,,,4.95,3.8,1.92,,,,,-0.3387,0,12,-1.25,0.0968,0.0296,0,0,,,,0.0273,,,,,,,,,,,
spelad,EK,2017/18,2017-12-12,,Termalica B-B.,Slask Wroclaw,2,1,H,,,,,,,,,,,,,,,,,,,,0.3903,0.2756,0.3341,1,,,,2.5,3.54,3.1,,,,,0.6749,0,6,-1,-0.3149,0.0473,0,0,,,,0.0176,,,,,,,,,,,
spelad,EK,2017/18,2017-12-13,,Cracovia,Wisla,1,4,A,,,,,,,,,,,,,,,,,,,,0.3628,0.2887,0.3485,1,,,,2.71,3.42,2.88,,,,,0.3656,0,9,0,0.1726,0.0503,0,0,,,,0.013,,,,,,,,,,,
spelad,EK,2017/18,2017-12-13,,Lechia Gdansk,Pogon Szczecin,1,3,A,,,,,,,,,,,,,,,,,,,,0.4188,0.2966,0.2845,1,,,,2.45,3.4,3.55,,,,,1.1868,2,15,0.4,-0.0206,0.0529,0,0,,,,-0.0292,,,,,,,,,,,
spelad,EK,2017/18,2017-12-13,,Wisla Plock,Sandecja Nowy S.,2,2,D,,,,,,,,,,,,,,,,,,,,0.5883,0.2472,0.1644,1,,,,1.72,3.95,6,,,,,0.4884,-2,,,,,0,0,,,,-0.0376,,,,,,,,,,,
spelad,EK,2017/18,2017-12-13,,Zaglebie,Lech Poznan,0,0,D,,,,,,,,,,,,,,,,,,,,0.2967,0.2967,0.4067,1,,,,3.29,3.3,2.6,,,,,-0.0096,0,10,-0.3,0.14,0.0263,0,0,,,,0.0284,,,,,,,,,,,
spelad,EK,2017/18,2017-12-15,,Korona Kielce,Piast Gliwice,1,1,D,,,,,,,,,,,,,,,,,,,,0.5483,0.2471,0.2046,1,,,,1.85,4.02,4.77,,,,,-0.0133,0,13,0.6923,0.3462,0.0153,0,0,,,,-0.0341,,,,,,,,,,,
spelad,EK,2017/18,2017-12-15,,Slask Wroclaw,Jagiellonia,1,0,H,,,,,,,,,,,,,,,,,,,,0.2929,0.2804,0.4267,1,,,,3.35,3.51,2.48,,,,,-0.8888,0,14,-0.2143,-0.1216,-0.0675,0,0,,,,0.0345,,,,,,,,,,,
spelad,EK,2017/18,2017-12-16,,Legia,Wisla Plock,0,2,A,,,,,,,,,,,,,,,,,,,,0.5399,0.2512,0.2088,1,,,,1.81,3.89,5.56,,,,,0.6205,1,3,2,0.5484,0.0734,0,0,,,,0.0143,,,,,,,,,,,
spelad,EK,2017/18,2017-12-16,,Pogon Szczecin,Arka Gdynia,1,0,H,,,,,,,,,,,,,,,,,,,,0.4338,0.2913,0.2749,1,,,,2.25,3.45,4.32,,,,,-1.5108,-1,3,3,1.5871,-0.2963,0,0,,,,0.0876,,,,,,,,,,,
spelad,EK,2017/18,2017-12-16,,Sandecja Nowy S.,Lechia Gdansk,2,2,D,,,,,,,,,,,,,,,,,,,,0.2828,0.293,0.4242,1,,,,3.7,3.34,2.32,,,,,-0.3518,0,,,,,0,0,,,,0.0039,,,,,,,,,,,
spelad,EK,2017/18,2017-12-17,,Lech Poznan,Termalica B-B.,3,1,H,,,,,,,,,,,,,,,,,,,,0.6607,0.2193,0.12,1,,,,1.53,4.5,8.5,,,,,-0.8902,-1,6,1.5,0.3461,-0.1,0,0,,,,-0.0618,,,,,,,,,,,
spelad,EK,2017/18,2017-12-17,,Wisla,Zaglebie,1,2,A,,,,,,,,,,,,,,,,,,,,0.3999,0.2853,0.3148,1,,,,2.52,3.42,3.25,,,,,0.579,0,9,-0.3333,-0.1966,-0.0649,0,0,,,,-0.0307,,,,,,,,,,,
spelad,EK,2017/18,2017-12-18,,Gornik Zabrze,Cracovia,0,4,A,,,,,,,,,,,,,,,,,,,,0.6061,0.228,0.1659,1,,,,1.68,4.32,5.88,,,,,0.5028,1,7,-0.4286,-0.1205,-0.0043,0,0,,,,-0.0408,,,,,,,,,,,
spelad,EK,2017/18,2018-02-09,,Wisla Plock,Gornik Zabrze,4,2,H,,,,,,,,,,,,,,,,,,,,0.4928,0.2602,0.247,1,,,,2.1,3.8,3.96,,,,,-0.2634,,,,,,0,0,,,,-0.0313,,,,,,,,,,,
spelad,EK,2017/18,2018-02-09,,Zaglebie,Legia,2,3,A,,,,,,,,,,,,,,,,,,,,0.2674,0.2872,0.4453,1,,,,3.66,3.4,2.4,,,,,-0.398,,10,-1.2,-0.0786,-0.062,0,0,,,,0.0358,,,,,,,,,,,
spelad,EK,2017/18,2018-02-10,,Cracovia,Slask Wroclaw,2,1,H,,,,,,,,,,,,,,,,,,,,0.4026,0.2804,0.317,1,,,,2.55,3.46,3.85,,,,,0.3671,,11,-0.5455,-0.1091,-0.0073,0,0,,,,-0.0039,,,,,,,,,,,
spelad,EK,2017/18,2018-02-10,,Lechia Gdansk,Wisla,1,1,D,,,,,,,,,,,,,,,,,,,,0.4641,0.2904,0.2455,1,,,,2.13,3.4,4.12,,,,,-0.14,,14,0,-0.151,0.1427,0,0,,,,-0.019,,,,,,,,,,,
spelad,EK,2017/18,2018-02-10,,Pogon Szczecin,Sandecja Nowy S.,4,1,H,,,,,,,,,,,,,,,,,,,,0.6661,0.2256,0.1083,1,,,,1.52,4.5,9.6,,,,,0.0465,,,,,,0,0,,,,-0.0387,,,,,,,,,,,
spelad,EK,2017/18,2018-02-11,,Arka Gdynia,Lech Poznan,0,0,D,,,,,,,,,,,,,,,,,,,,0.2403,0.3102,0.4495,1,,,,4.09,3.25,2.19,,,,,0.62,,3,-2,-0.5207,0.0778,0,0,,,,0.0262,,,,,,,,,,,
spelad,EK,2017/18,2018-02-11,,Termalica B-B.,Korona Kielce,0,3,A,,,,,,,,,,,,,,,,,,,,0.3517,0.2889,0.3595,1,,,,2.77,3.4,2.75,,,,,-0.0368,,7,-0.8571,-0.4347,-0.1373,0,0,,,,0.0094,,,,,,,,,,,
spelad,EK,2017/18,2018-02-12,,Piast Gliwice,Jagiellonia,0,2,A,,,,,,,,,,,,,,,,,,,,0.3133,0.3073,0.3794,1,,,,3.13,3.3,2.65,,,,,-0.2223,,12,0,0.2506,-0.1087,0,0,,,,0.0064,,,,,,,,,,,
spelad,EK,2017/18,2018-02-16,,Legia,Slask Wroclaw,4,1,H,,,,,,,,,,,,,,,,,,,,0.7337,0.1817,0.0847,1,,,,1.47,5.34,11.44,,,,,0.6114,1,12,1.25,0.168,-0.0082,0,0,,,,-0.0733,,,,,,,,,,,
spelad,EK,2017/18,2018-02-16,,Sandecja Nowy S.,Korona Kielce,3,3,D,,,,,,,,,,,,,,,,,,,,0.2471,0.2675,0.4855,1,,,,4,3.68,2.17,,,,,-0.4242,1,,,,,0,0,,,,0.0248,,,,,,,,,,,
spelad,EK,2017/18,2018-02-17,,Jagiellonia,Cracovia,1,0,H,,,,,,,,,,,,,,,,,,,,0.5827,0.2506,0.1668,1,,,,1.75,3.88,5.8,,,,,-0.1055,-2,10,0,-0.1701,0.3143,0,0,,,,-0.0483,,,,,,,,,,,
spelad,EK,2017/18,2018-02-17,,Wisla,Arka Gdynia,3,2,H,,,,,,,,,,,,,,,,,,,,0.4679,0.29,0.2421,1,,,,2.13,3.4,4.01,,,,,-0.4763,1,3,-1,-0.4653,-0.2947,0,0,,,,-0.0393,,,,,,,,,,,
spelad,EK,2017/18,2018-02-17,,Wisla Plock,Zaglebie,2,0,H,,,,,,,,,,,,,,,,,,,,0.4584,0.2769,0.2648,1,,,,2.14,3.51,3.79,,,,,0.6233,0,4,0.75,0.555,-0.0339,0,0,,,,-0.0168,,,,,,,,,,,
spelad,EK,2017/18,2018-02-18,,Lech Poznan,Pogon Szczecin,2,0,H,,,,,,,,,,,,,,,,,,,,0.5361,0.2733,0.1906,1,,,,1.83,3.6,5.27,,,,,-0.1156,-1,15,0.4,-0.3093,0.0705,0,0,,,,-0.0172,,,,,,,,,,,
spelad,EK,2017/18,2018-02-18,,Lechia Gdansk,Piast Gliwice,0,2,A,,,,,,,,,,,,,,,,,,,,0.5783,0.2537,0.1681,1,,,,1.76,3.83,5.78,,,,,0.1162,2,12,0.5,0.0402,-0.1143,0,0,,,,-0.0507,,,,,,,,,,,
spelad,EK,2017/18,2018-02-19,,Gornik Zabrze,Termalica B-B.,3,0,H,,,,,,,,,,,,,,,,,,,,0.5132,0.2425,0.2443,1,,,,1.89,4.1,4.55,,,,,0.05,2,4,0,-0.0879,0.2163,0,0,,,,0.016,,,,,,,,,,,
spelad,EK,2017/18,2018-02-23,,Jagiellonia,Lechia Gdansk,4,1,H,,,,,,,,,,,,,,,,,,,,0.4977,0.2797,0.2226,1,,,,2,3.5,4.55,,,,,0.8671,1,13,-1.3846,-0.4908,-0.0564,0,0,,,,-0.0183,,,,,,,,,,,
spelad,EK,2017/18,2018-02-23,,Zaglebie,Arka Gdynia,0,0,D,,,,,,,,,,,,,,,,,,,,0.4604,0.2832,0.2563,1,,,,2.13,3.46,4.1,,,,,-0.6073,0,4,0,-0.0994,0.2199,0,0,,,,-0.0133,,,,,,,,,,,
spelad,EK,2017/18,2018-02-24,,Cracovia,Legia,0,0,D,,,,,,,,,,,,,,,,,,,,0.206,0.258,0.536,1,,,,5,3.78,1.88,,,,,0.1139,-1,10,-3,-0.7403,-0.2355,0,0,,,,0.0238,,,,,,,,,,,
spelad,EK,2017/18,2018-02-24,,Pogon Szczecin,Wisla Plock,2,1,H,,,,,,,,,,,,,,,,,,,,0.4578,0.2711,0.2711,1,,,,2.14,3.62,3.9,,,,,-0.7941,-1,3,-2,-1.0961,0.0372,0,0,,,,0.0067,,,,,,,,,,,
spelad,EK,2017/18,2018-02-24,,Termalica B-B.,Sandecja Nowy S.,1,0,H,,,,,,,,,,,,,,,,,,,,0.5035,0.2761,0.2204,1,,,,2.01,3.58,4.41,,,,,-0.1191,-3,,,,,0,0,,,,-0.0351,,,,,,,,,,,
spelad,EK,2017/18,2018-02-25,,Korona Kielce,Lech Poznan,1,0,H,,,,,,,,,,,,,,,,,,,,0.3025,0.2997,0.3979,1,,,,3.26,3.25,2.49,,,,,-0.2967,2,12,-1.25,-0.0333,0.0019,0,0,,,,0.0037,,,,,,,,,,,
spelad,EK,2017/18,2018-02-25,,Piast Gliwice,Wisla,0,0,D,,,,,,,,,,,,,,,,,,,,0.375,0.3055,0.3195,1,,,,2.62,3.2,3.12,,,,,0.309,-1,11,-0.5455,-0.0132,-0.0065,0,0,,,,0.0057,,,,,,,,,,,
spelad,EK,2017/18,2018-02-25,,Slask Wroclaw,Gornik Zabrze,1,1,D,,,,,,,,,,,,,,,,,,,,0.3609,0.2898,0.3492,1,,,,2.73,3.4,2.9,,,,,-0.2117,3,11,-0.5455,-0.487,0.1729,0,0,,,,0.0115,,,,,,,,,,,
spelad,EK,2017/18,2018-02-27,,Lechia Gdansk,Termalica B-B.,2,2,D,,,,,,,,,,,,,,,,,,,,0.5245,0.2637,0.2119,1,,,,1.93,3.68,4.62,,,,,-0.5368,1,6,0,-0.4601,0.067,0,0,,,,-0.0352,,,,,,,,,,,
spelad,EK,2017/18,2018-02-27,,Legia,Jagiellonia,0,2,A,,,,,,,,,,,,,,,,,,,,0.4798,0.285,0.2352,1,,,,2.15,3.6,4.15,,,,,-0.7943,-1,13,0.4615,-0.2968,-0.0185,0,0,,,,-0.03,,,,,,,,,,,
spelad,EK,2017/18,2018-02-27,,Sandecja Nowy S.,Zaglebie,0,1,A,,,,,,,,,,,,,,,,,,,,0.2485,0.3037,0.4478,1,,,,3.93,3.3,2.22,,,,,-0.2288,-1,,,,,0,0,,,,0.0273,,,,,,,,,,,
spelad,EK,2017/18,2018-02-27,,Wisla Plock,Cracovia,0,1,A,,,,,,,,,,,,,,,,,,,,0.4861,0.2868,0.2271,1,,,,2.04,3.42,4.6,,,,,0.3396,0,4,0.75,0.4399,-0.0369,0,0,,,,-0.0094,,,,,,,,,,,
spelad,EK,2017/18,2018-02-28,,Arka Gdynia,Piast Gliwice,0,0,D,,,,,,,,,,,,,,,,,,,,0.3979,0.2997,0.3025,1,,,,2.5,3.3,3.5,,,,,0.1868,2,4,-0.75,-0.4849,-0.035,0,0,,,,0.0184,,,,,,,,,,,
spelad,EK,2017/18,2018-02-28,,Gornik Zabrze,Pogon Szczecin,0,0,D,,,,,,,,,,,,,,,,,,,,0.4239,0.2863,0.2898,1,,,,2.31,3.4,3.65,,,,,-0.3121,-1,11,0.2727,0.0547,0.2537,0,0,,,,-0.001,,,,,,,,,,,
spelad,EK,2017/18,2018-02-28,,Lech Poznan,Slask Wroclaw,2,1,H,,,,,,,,,,,,,,,,,,,,0.6748,0.2229,0.1023,1,,,,1.5,4.5,9.5,,,,,0.1882,0,12,0,-0.3097,0.0563,0,0,,,,-0.0329,,,,,,,,,,,
spelad,EK,2017/18,2018-02-28,,Wisla,Korona Kielce,1,1,D,,,,,,,,,,,,,,,,,,,,0.3374,0.2816,0.381,1,,,,2.92,3.46,2.75,,,,,-0.3359,0,13,0,-0.1619,-0.054,0,0,,,,0.005,,,,,,,,,,,
spelad,EK,2017/18,2018-03-02,,Termalica B-B.,Wisla Plock,1,2,A,,,,,,,,,,,,,,,,,,,,0.3479,0.3043,0.3479,1,,,,2.84,3.23,2.82,,,,,-0.7466,0,3,-2,-0.9189,0.0361,0,0,,,,-0.0097,,,,,,,,,,,
spelad,EK,2017/18,2018-03-02,,Zaglebie,Lechia Gdansk,0,0,D,,,,,,,,,,,,,,,,,,,,0.4951,0.2733,0.2316,1,,,,2.05,3.61,4.2,,,,,0.8915,0,10,-2.1,-0.9039,-0.1897,0,0,,,,-0.0375,,,,,,,,,,,
spelad,EK,2017/18,2018-03-03,,Korona Kielce,Pogon Szczecin,0,0,D,,,,,,,,,,,,,,,,,,,,0.3914,0.275,0.3336,1,,,,2.65,3.53,3.35,,,,,-0.5769,0,12,-0.75,-0.2181,0.1329,0,0,,,,-0.026,,,,,,,,,,,
spelad,EK,2017/18,2018-03-03,,Piast Gliwice,Gornik Zabrze,0,3,A,,,,,,,,,,,,,,,,,,,,0.3823,0.3025,0.3152,1,,,,2.59,3.3,3.13,,,,,0.2907,0,9,-0.6667,-0.0811,-0.1728,0,0,,,,-0.006,,,,,,,,,,,
spelad,EK,2017/18,2018-03-03,,Slask Wroclaw,Sandecja Nowy S.,0,0,D,,,,,,,,,,,,,,,,,,,,0.5301,0.2643,0.2055,1,,,,1.88,3.68,4.72,,,,,-0.0379,-1,,,,,0,0,,,,-0.0495,,,,,,,,,,,
spelad,EK,2017/18,2018-03-04,,Cracovia,Arka Gdynia,2,1,H,,,,,,,,,,,,,,,,,,,,0.3946,0.3112,0.2942,1,,,,2.5,3.25,3.36,,,,,0.4119,1,4,0,-0.1571,0.2188,0,0,,,,0.0016,,,,,,,,,,,
spelad,EK,2017/18,2018-03-04,,Legia,Lech Poznan,2,1,H,,,,,,,,,,,,,,,,,,,,0.361,0.3216,0.3174,1,,,,2.7,3.2,3.5,,,,,-0.2101,1,15,1,0.3525,-0.1515,0,0,,,,0.0255,,,,,,,,,,,
spelad,EK,2017/18,2018-03-05,,Jagiellonia,Wisla,2,0,H,,,,,,,,,,,,,,,,,,,,0.6021,0.2308,0.1671,1,,,,1.65,4.2,5.85,,,,,1.3236,1,14,0.2143,0.136,0.0736,0,0,,,,-0.042,,,,,,,,,,,
spelad,EK,2017/18,2018-03-09,,Gornik Zabrze,Zaglebie,2,2,D,,,,,,,,,,,,,,,,,,,,0.4134,0.284,0.3026,1,,,,2.41,3.42,3.3,,,,,-0.256,-1,7,0,0.0846,-0.1363,0,0,,,,-0.0129,,,,,,,,,,,
spelad,EK,2017/18,2018-03-09,,Wisla,Slask Wroclaw,3,1,H,,,,,,,,,,,,,,,,,,,,0.5552,0.2591,0.1858,1,,,,1.82,3.82,5.5,,,,,0.2631,-2,13,-0.4615,-0.2242,-0.0584,0,0,,,,-0.032,,,,,,,,,,,
spelad,EK,2017/18,2018-03-10,,Pogon Szczecin,Cracovia,0,3,A,,,,,,,,,,,,,,,,,,,,0.5467,0.2595,0.1938,1,,,,1.84,3.8,5.25,,,,,-0.1663,1,10,0.6,0.1586,0.1114,0,0,,,,-0.0232,,,,,,,,,,,
spelad,EK,2017/18,2018-03-10,,Sandecja Nowy S.,Piast Gliwice,0,3,A,,,,,,,,,,,,,,,,,,,,0.2586,0.2861,0.4553,1,,,,3.79,3.42,2.21,,,,,-0.2124,0,,,,,0,0,,,,0.0368,,,,,,,,,,,
spelad,EK,2017/18,2018-03-10,,Wisla Plock,Korona Kielce,2,0,H,,,,,,,,,,,,,,,,,,,,0.4347,0.2835,0.2818,1,,,,2.3,3.45,3.48,,,,,0.8014,1,3,-3,-1.3149,-0.2815,0,0,,,,-0.025,,,,,,,,,,,
spelad,EK,2017/18,2018-03-11,,Lech Poznan,Jagiellonia,5,1,H,,,,,,,,,,,,,,,,,,,,0.4719,0.291,0.2371,1,,,,2.16,3.34,4.1,,,,,-1.0542,1,13,-1.1538,-0.921,-0.1142,0,0,,,,-0.0323,,,,,,,,,,,
spelad,EK,2017/18,2018-03-11,,Lechia Gdansk,Legia,1,3,A,,,,,,,,,,,,,,,,,,,,0.3216,0.2899,0.3885,1,,,,3.09,3.38,2.52,,,,,-0.9808,2,15,-0.8,0.0444,-0.061,0,0,,,,-0.0024,,,,,,,,,,,
spelad,EK,2017/18,2018-03-12,,Arka Gdynia,Termalica B-B.,4,0,H,,,,,,,,,,,,,,,,,,,,0.4758,0.2915,0.2328,1,,,,2.09,3.37,4.2,,,,,0.2047,-2,3,-2,-1.0494,0.0275,0,0,,,,-0.0253,,,,,,,,,,,
spelad,EK,2017/18,2018-03-16,,Lech Poznan,Lechia Gdansk,3,0,H,,,,,,,,,,,,,,,,,,,,0.6355,0.2315,0.133,1,,,,1.56,4.2,7.31,,,,,0.9772,0,15,1.2,0.3848,-0.0838,0,0,,,,-0.0523,,,,,,,,,,,
spelad,EK,2017/18,2018-03-16,,Piast Gliwice,Zaglebie,0,0,D,,,,,,,,,,,,,,,,,,,,0.3965,0.3227,0.2808,1,,,,2.45,3.2,3.49,,,,,0.0449,-1,12,-0.25,0.0779,-0.0298,0,0,,,,0.0011,,,,,,,,,,,
spelad,EK,2017/18,2018-03-17,,Jagiellonia,Arka Gdynia,3,2,H,,,,,,,,,,,,,,,,,,,,0.6085,0.2422,0.1493,1,,,,1.67,4.1,6.6,,,,,0.8286,1,3,1,0.4768,-0.301,0,0,,,,-0.0636,,,,,,,,,,,
spelad,EK,2017/18,2018-03-17,,Korona Kielce,Gornik Zabrze,2,2,D,,,,,,,,,,,,,,,,,,,,0.5086,0.2706,0.2208,1,,,,1.96,3.64,4.45,,,,,0.1867,-1,10,0.3,0.1905,0.2163,0,0,,,,-0.0358,,,,,,,,,,,
spelad,EK,2017/18,2018-03-17,,Termalica B-B.,Pogon Szczecin,2,4,A,,,,,,,,,,,,,,,,,,,,0.2923,0.3051,0.4026,1,,,,3.34,3.25,2.45,,,,,-0.5727,-2,6,0.5,0.4046,0.2187,0,0,,,,0.0107,,,,,,,,,,,
spelad,EK,2017/18,2018-03-18,,Cracovia,Sandecja Nowy S.,2,1,H,,,,,,,,,,,,,,,,,,,,0.6238,0.2403,0.1359,1,,,,1.6,4.1,7.16,,,,,1.356,0,,,,,0,0,,,,-0.0459,,,,,,,,,,,
spelad,EK,2017/18,2018-03-18,,Legia,Wisla,0,2,A,,,,,,,,,,,,,,,,,,,,0.5261,0.2533,0.2206,1,,,,1.85,3.92,4.75,,,,,0.0706,-2,14,1.5,0.1886,0.104,0,0,,,,-0.0089,,,,,,,,,,,
spelad,EK,2017/18,2018-03-18,,Slask Wroclaw,Wisla Plock,1,1,D,,,,,,,,,,,,,,,,,,,,0.3454,0.2977,0.3568,1,,,,2.86,3.3,2.9,,,,,-0.9541,1,4,0,-0.0312,0.2187,0,0,,,,0.0067,,,,,,,,,,,
spelad,EK,2017/18,2018-03-31,,Arka Gdynia,Legia,1,0,H,,,,,,,,,,,,,,,,,,,,0.2701,0.2778,0.4522,1,,,,3.7,3.5,2.31,,,,,-0.2691,1,3,-1,0.2026,-0.2627,0,0,,,,0.0502,,,,,,,,,,,
spelad,EK,2017/18,2018-03-31,,Gornik Zabrze,Sandecja Nowy S.,2,2,D,,,,,,,,,,,,,,,,,,,,0.5963,0.2412,0.1625,1,,,,1.75,4.1,5.98,,,,,0.3559,1,,,,,0,0,,,,-0.0373,,,,,,,,,,,
spelad,EK,2017/18,2018-03-31,,Korona Kielce,Lechia Gdansk,1,0,H,,,,,,,,,,,,,,,,,,,,0.4861,0.2835,0.2304,1,,,,2.1,3.55,4.22,,,,,0.7356,-1,12,0.75,0.7309,-0.0279,0,0,,,,-0.0507,,,,,,,,,,,
spelad,EK,2017/18,2018-03-31,,Termalica B-B.,Cracovia,2,0,H,,,,,,,,,,,,,,,,,,,,0.3396,0.2979,0.3624,1,,,,2.95,3.34,2.71,,,,,-1.8559,1,5,1.8,1.0542,0.1204,0,0,,,,-0.0131,,,,,,,,,,,
spelad,EK,2017/18,2018-04-02,,Pogon Szczecin,Slask Wroclaw,3,2,H,,,,,,,,,,,,,,,,,,,,0.5492,0.2656,0.1852,1,,,,1.87,3.68,5.25,,,,,0.573,1,12,-1,-0.4247,0.2129,0,0,,,,-0.0387,,,,,,,,,,,
spelad,EK,2017/18,2018-04-02,,Wisla,Lech Poznan,1,3,A,,,,,,,,,,,,,,,,,,,,0.3244,0.3012,0.3745,1,,,,2.99,3.24,2.7,,,,,0.0332,-2,14,-0.8571,0.0223,0.0257,0,0,,,,0.0177,,,,,,,,,,,
spelad,EK,2017/18,2018-04-02,,Wisla Plock,Piast Gliwice,1,0,H,,,,,,,,,,,,,,,,,,,,0.4493,0.2986,0.2521,1,,,,2.19,3.3,3.85,,,,,0.5895,-2,4,-2.25,-1.09,-0.0372,0,0,,,,-0.0262,,,,,,,,,,,
spelad,EK,2017/18,2018-04-02,,Zaglebie,Jagiellonia,1,0,H,,,,,,,,,,,,,,,,,,,,0.3465,0.2994,0.3541,1,,,,2.87,3.34,2.74,,,,,-0.7428,1,10,-0.6,-0.2276,-0.0941,0,0,,,,-0.0135,,,,,,,,,,,
spelad,EK,2017/18,2018-04-07,,Cracovia,Zaglebie,2,2,D,,,,,,,,,,,,,,,,,,,,0.3314,0.3337,0.3349,1,,,,2.87,3.1,3.1,,,,,0.8763,2,10,0.9,0.5601,0.0177,0,0,,,,0.0664,,,,,,,,,,,
spelad,EK,2017/18,2018-04-07,,Jagiellonia,Wisla Plock,1,3,A,,,,,,,,,,,,,,,,,,,,0.5752,0.2499,0.1748,1,,,,1.72,4.04,6,,,,,0.1868,0,3,-1,-0.5264,-0.2802,0,0,,,,-0.0187,,,,,,,,,,,
spelad,EK,2017/18,2018-04-07,,Lech Poznan,Gornik Zabrze,3,1,H,,,,,,,,,,,,,,,,,,,,0.6876,0.1983,0.1142,1,,,,1.43,4.89,9.5,,,,,0.3238,-2,11,1.6364,0.3237,0.0111,0,0,,,,-0.0247,,,,,,,,,,,
spelad,EK,2017/18,2018-04-07,,Lechia Gdansk,Arka Gdynia,4,2,H,,,,,,,,,,,,,,,,,,,,0.4665,0.2701,0.2635,1,,,,2.25,3.64,3.7,,,,,-0.875,0,3,2,0.7428,0.0525,0,0,,,,-0.0516,,,,,,,,,,,
spelad,EK,2017/18,2018-04-07,,Legia,Pogon Szczecin,3,0,H,,,,,,,,,,,,,,,,,,,,0.5237,0.2605,0.2158,1,,,,1.9,3.8,4.9,,,,,-0.3064,2,15,2,0.5039,-0.1715,0,0,,,,-0.0149,,,,,,,,,,,
spelad,EK,2017/18,2018-04-07,,Piast Gliwice,Termalica B-B.,1,1,D,,,,,,,,,,,,,,,,,,,,0.4951,0.2863,0.2186,1,,,,1.96,3.5,4.65,,,,,0.1913,-2,5,0.6,0.4969,-0.2932,0,0,,,,-0.013,,,,,,,,,,,
spelad,EK,2017/18,2018-04-07,,Sandecja Nowy S.,Wisla,0,0,D,,,,,,,,,,,,,,,,,,,,0.2535,0.2705,0.476,1,,,,3.88,3.6,2.1,,,,,-0.7176,2,,,,,0,0,,,,0.0196,,,,,,,,,,,
spelad,EK,2017/18,2018-04-07,,Slask Wroclaw,Korona Kielce,1,1,D,,,,,,,,,,,,,,,,,,,,0.408,0.2767,0.3153,1,,,,2.38,3.55,3.39,,,,,-0.8195,-2,13,0.6923,0.0923,0.1783,0,0,,,,0.0304,,,,,,,,,,,
spelad,EK,2017/18,2018-04-13,,Arka Gdynia,Lechia Gdansk,1,2,A,,,,,,,,,,,,,,,,,,,,0.3777,0.2977,0.3246,1,,,,2.63,3.28,3.07,,,,,0.4947,0,4,-2.25,-0.8616,-0.0281,0,0,,,,-0.0008,,,,,,,,,,,
spelad,EK,2017/18,2018-04-13,,Lech Poznan,Korona Kielce,0,1,A,,,,,,,,,,,,,,,,,,,,0.6507,0.2193,0.13,1,,,,1.5,4.5,8.5,,,,,0.5336,0,13,0.9231,-0.0859,-0.0213,0,0,,,,-0.0098,,,,,,,,,,,
spelad,EK,2017/18,2018-04-14,,Cracovia,Piast Gliwice,2,1,H,,,,,,,,,,,,,,,,,,,,0.3926,0.2975,0.3099,1,,,,2.51,3.3,3.21,,,,,0.6349,0,14,-0.6429,-0.4621,0.0748,0,0,,,,-0.0015,,,,,,,,,,,
spelad,EK,2017/18,2018-04-14,,Jagiellonia,Gornik Zabrze,1,2,A,,,,,,,,,,,,,,,,,,,,0.5915,0.2299,0.1786,1,,,,1.7,4.22,5.64,,,,,0.2184,0,12,0.25,0.063,-0.0281,0,0,,,,-0.0288,,,,,,,,,,,
spelad,EK,2017/18,2018-04-14,,Legia,Zaglebie,0,1,A,,,,,,,,,,,,,,,,,,,,0.6234,0.2321,0.1445,1,,,,1.56,4.2,7.12,,,,,-0.1194,0,11,1.3636,0.253,-0.0825,0,0,,,,-0.0223,,,,,,,,,,,
spelad,EK,2017/18,2018-04-15,,Pogon Szczecin,Termalica B-B.,2,0,H,,,,,,,,,,,,,,,,,,,,0.5485,0.2589,0.1926,1,,,,1.77,3.82,5.35,,,,,0.1606,0,7,0,-0.3218,0.1439,0,0,,,,0.0124,,,,,,,,,,,
spelad,EK,2017/18,2018-04-15,,Slask Wroclaw,Sandecja Nowy S.,1,0,H,,,,,,,,,,,,,,,,,,,,0.5003,0.2681,0.2316,1,,,,1.97,3.64,4.41,,,,,-0.1649,0,,,,,0,0,,,,-0.0078,,,,,,,,,,,
spelad,EK,2017/18,2018-04-16,,Wisla Plock,Wisla,2,2,D,,,,,,,,,,,,,,,,,,,,0.4715,0.2775,0.251,1,,,,2.15,3.52,3.9,,,,,0.4487,0,4,-1.5,-0.4025,-0.2771,0,0,,,,-0.03,,,,,,,,,,,
spelad,EK,2017/18,2018-04-20,,Termalica B-B.,Slask Wroclaw,1,2,A,,,,,,,,,,,,,,,,,,,,0.5041,0.2616,0.2343,1,,,,1.93,3.75,4.2,,,,,0.2121,0,7,-0.4286,-0.048,0.0012,0,0,,,,-0.0135,,,,,,,,,,,
spelad,EK,2017/18,2018-04-20,,Zaglebie,Lech Poznan,0,1,A,,,,,,,,,,,,,,,,,,,,0.229,0.2806,0.4904,1,,,,4.33,3.48,2.02,,,,,0.3683,-1,11,-0.2727,0.1103,0.0878,0,0,,,,0.0251,,,,,,,,,,,
spelad,EK,2017/18,2018-04-21,,Gornik Zabrze,Wisla Plock,0,1,A,,,,,,,,,,,,,,,,,,,,0.3397,0.2808,0.3795,1,,,,2.91,3.46,2.88,,,,,-0.2114,2,,,,,0,0,,,,0.0162,,,,,,,,,,,
spelad,EK,2017/18,2018-04-21,,Korona Kielce,Jagiellonia,0,3,A,,,,,,,,,,,,,,,,,,,,0.3338,0.2882,0.378,1,,,,3,3.37,2.64,,,,,0.454,1,15,-0.6,-0.1913,-0.0177,0,0,,,,-0.0024,,,,,,,,,,,
spelad,EK,2017/18,2018-04-21,,Piast Gliwice,Pogon Szczecin,0,0,D,,,,,,,,,,,,,,,,,,,,0.3733,0.2977,0.329,1,,,,2.65,3.29,2.95,,,,,-0.7614,1,13,-0.2308,-0.0371,0.0249,0,0,,,,-0.0001,,,,,,,,,,,
spelad,EK,2017/18,2018-04-22,,Sandecja Nowy S.,Arka Gdynia,3,1,H,,,,,,,,,,,,,,,,,,,,0.4189,0.2945,0.2867,1,,,,2.35,3.32,3.5,,,,,-0.3216,-2,,,,,0,0,,,,-0.0036,,,,,,,,,,,
spelad,EK,2017/18,2018-04-22,,Wisla,Legia,0,1,A,,,,,,,,,,,,,,,,,,,,0.303,0.2827,0.4143,1,,,,3.24,3.43,2.4,,,,,0.4647,-2,15,-1.2,-0.1341,0.0801,0,0,,,,0.0167,,,,,,,,,,,
spelad,EK,2017/18,2018-04-23,,Lechia Gdansk,Cracovia,0,0,D,,,,,,,,,,,,,,,,,,,,0.4757,0.278,0.2463,1,,,,2.09,3.49,4.1,,,,,-1.0091,1,11,-0.8182,-0.4943,-0.279,0,0,,,,-0.0307,,,,,,,,,,,
spelad,EK,2017/18,2018-04-27,,Arka Gdynia,Piast Gliwice,1,5,A,,,,,,,,,,,,,,,,,,,,0.3256,0.3041,0.3703,1,,,,3,3.3,2.7,,,,,0.1828,-1,5,-0.6,-0.4866,0.112,0,0,,,,0.0144,,,,,,,,,,,
spelad,EK,2017/18,2018-04-27,,Legia,Korona Kielce,3,1,H,,,,,,,,,,,,,,,,,,,,0.5926,0.2424,0.165,1,,,,1.64,4.2,7,,,,,-0.1059,-1,13,0.9231,-0.2218,0.0002,0,0,,,,0.0171,,,,,,,,,,,
spelad,EK,2017/18,2018-04-28,,Lech Poznan,Gornik Zabrze,2,4,A,,,,,,,,,,,,,,,,,,,,0.636,0.2317,0.1324,1,,,,1.53,4.6,7.6,,,,,0.3657,1,12,1.75,0.3583,-0.0063,0,0,,,,-0.0243,,,,,,,,,,,
spelad,EK,2017/18,2018-04-28,,Pogon Szczecin,Sandecja Nowy S.,2,0,H,,,,,,,,,,,,,,,,,,,,0.6691,0.2128,0.1182,1,,,,1.49,4.56,8.21,,,,,0.2575,1,,,,,0,0,,,,-0.0532,,,,,,,,,,,
spelad,EK,2017/18,2018-04-28,,Wisla Plock,Zaglebie,1,2,A,,,,,,,,,,,,,,,,,,,,0.4449,0.2811,0.274,1,,,,2.22,3.49,4,,,,,0.3115,-1,5,1.2,0.7136,-0.0825,0,0,,,,0.0317,,,,,,,,,,,
spelad,EK,2017/18,2018-04-29,,Cracovia,Termalica B-B.,4,2,H,,,,,,,,,,,,,,,,,,,,0.4639,0.2912,0.2449,1,,,,2.13,3.5,3.96,,,,,1.3333,-3,6,-2,-1.2097,0.0507,0,0,,,,-0.0282,,,,,,,,,,,
spelad,EK,2017/18,2018-04-29,,Jagiellonia,Wisla,0,1,A,,,,,,,,,,,,,,,,,,,,0.6112,0.237,0.1518,1,,,,1.65,4.1,6.4,,,,,0.0249,1,15,0.4,0.1912,0.0533,0,0,,,,-0.0449,,,,,,,,,,,
spelad,EK,2017/18,2018-04-30,,Slask Wroclaw,Lechia Gdansk,3,1,H,,,,,,,,,,,,,,,,,,,,0.3349,0.3193,0.3458,1,,,,2.92,3.3,2.9,,,,,0.0901,3,13,0.9231,0.5923,-0.0574,0,0,,,,0.0152,,,,,,,,,,,
spelad,EK,2017/18,2018-05-04,,Cracovia,Slask Wroclaw,3,3,D,,,,,,,,,,,,,,,,,,,,0.4682,0.2685,0.2634,1,,,,2.1,3.7,3.82,,,,,0.506,1,12,-0.25,0.026,-0.03,0,0,,,,-0.0162,,,,,,,,,,,
spelad,EK,2017/18,2018-05-04,,Lechia Gdansk,Termalica B-B.,0,1,A,,,,,,,,,,,,,,,,,,,,0.5653,0.2358,0.1989,1,,,,1.83,4.1,5,,,,,0.448,-1,7,0,-0.5139,0.1626,0,0,,,,-0.036,,,,,,,,,,,
spelad,EK,2017/18,2018-05-05,,Pogon Szczecin,Arka Gdynia,3,2,H,,,,,,,,,,,,,,,,,,,,0.5904,0.2522,0.1574,1,,,,1.64,4.05,6.5,,,,,0.5873,-1,4,3,1.5422,-0.295,0,0,,,,0.0059,,,,,,,,,,,
spelad,EK,2017/18,2018-05-05,,Sandecja Nowy S.,Piast Gliwice,2,1,H,,,,,,,,,,,,,,,,,,,,0.2743,0.2916,0.4341,1,,,,3.6,3.34,2.29,,,,,0.1335,-1,,,,,0,0,,,,0.0118,,,,,,,,,,,
spelad,EK,2017/18,2018-05-05,,Wisla Plock,Lech Poznan,0,0,D,,,,,,,,,,,,,,,,,,,,0.2814,0.296,0.4227,1,,,,3.45,3.39,2.35,,,,,0.6768,0,4,-1.5,-0.0687,-0.2621,0,0,,,,0.0143,,,,,,,,,,,
spelad,EK,2017/18,2018-05-06,,Jagiellonia,Legia,0,0,D,,,,,,,,,,,,,,,,,,,,0.3756,0.2902,0.3342,1,,,,2.6,3.42,3.01,,,,,-0.7669,-2,14,-0.2143,0.4363,-0.0375,0,0,,,,0.0125,,,,,,,,,,,
spelad,EK,2017/18,2018-05-06,,Korona Kielce,Wisla,0,3,A,,,,,,,,,,,,,,,,,,,,0.4415,0.2708,0.2877,1,,,,2.23,3.58,3.6,,,,,-0.3145,2,14,0,0.1701,0.0012,0,0,,,,0.0001,,,,,,,,,,,
spelad,EK,2017/18,2018-05-06,,Zaglebie,Gornik Zabrze,0,2,A,,,,,,,,,,,,,,,,,,,,0.4733,0.2637,0.263,1,,,,2.13,3.68,3.89,,,,,0.0552,0,8,0,0.0213,-0.0298,0,0,,,,-0.0332,,,,,,,,,,,
spelad,EK,2017/18,2018-05-08,,Arka Gdynia,Cracovia,2,0,H,,,,,,,,,,,,,,,,,,,,0.3587,0.284,0.3573,1,,,,2.77,3.41,2.76,,,,,-0.8292,-1,5,-0.6,-0.2881,0.1128,0,0,,,,-0.0175,,,,,,,,,,,
spelad,EK,2017/18,2018-05-08,,Piast Gliwice,Lechia Gdansk,0,2,A,,,,,,,,,,,,,,,,,,,,0.4233,0.2978,0.2789,1,,,,2.35,3.3,3.48,,,,,0.1437,-1,13,-0.2308,0.2409,-0.125,0,0,,,,-0.0107,,,,,,,,,,,
spelad,EK,2017/18,2018-05-08,,Slask Wroclaw,Pogon Szczecin,2,0,H,,,,,,,,,,,,,,,,,,,,0.3496,0.2583,0.3921,1,,,,2.93,3.8,2.65,,,,,0.0097,1,13,0.6923,0.1324,0.1761,0,0,,,,-0.0162,,,,,,,,,,,
spelad,EK,2017/18,2018-05-08,,Termalica B-B.,Sandecja Nowy S.,1,1,D,,,,,,,,,,,,,,,,,,,,0.4244,0.2805,0.295,1,,,,2.29,3.6,3.45,,,,,-0.2792,1,,,,,0,0,,,,0.0074,,,,,,,,,,,
spelad,EK,2017/18,2018-05-09,,Gornik Zabrze,Korona Kielce,2,2,D,,,,,,,,,,,,,,,,,,,,0.5041,0.2574,0.2384,1,,,,2.08,3.96,4.33,,,,,0.6683,0,11,-0.2727,-0.3637,0.2629,0,0,,,,-0.0159,,,,,,,,,,,
spelad,EK,2017/18,2018-05-09,,Lech Poznan,Jagiellonia,0,2,A,,,,,,,,,,,,,,,,,,,,0.5077,0.2724,0.2199,1,,,,1.94,3.6,4.6,,,,,0.8956,1,14,-0.8571,-0.7628,-0.1268,0,0,,,,-0.0244,,,,,,,,,,,
spelad,EK,2017/18,2018-05-09,,Legia,Wisla Plock,3,2,H,,,,,,,,,,,,,,,,,,,,0.5414,0.273,0.1856,1,,,,1.83,3.83,5.42,,,,,-0.5562,-1,4,0.75,-0.0565,-0.0077,0,0,,,,0.0012,,,,,,,,,,,
spelad,EK,2017/18,2018-05-09,,Wisla,Zaglebie,3,0,H,,,,,,,,,,,,,,,,,,,,0.4669,0.2801,0.253,1,,,,2.1,3.6,3.9,,,,,0.1991,0,10,-0.6,-0.3255,-0.0869,0,0,,,,-0.0023,,,,,,,,,,,
spelad,EK,2017/18,2018-05-12,,Pogon Szczecin,Lechia Gdansk,1,1,D,,,,,,,,,,,,,,,,,,,,0.4197,0.2686,0.3117,1,,,,2.45,3.61,3.2,,,,,0.4341,0,16,-0.1875,0.0853,0.031,0,0,,,,-0.0044,,,,,,,,,,,
spelad,EK,2017/18,2018-05-12,,Sandecja Nowy S.,Cracovia,0,1,A,,,,,,,,,,,,,,,,,,,,0.3682,0.3133,0.3185,1,,,,2.63,3.3,3.1,,,,,0.1575,0,,,,,0,0,,,,0.0153,,,,,,,,,,,
spelad,EK,2017/18,2018-05-12,,Slask Wroclaw,Piast Gliwice,3,1,H,,,,,,,,,,,,,,,,,,,,0.3448,0.2768,0.3784,1,,,,2.84,3.5,2.63,,,,,1.3101,0,14,-1.2857,-0.875,0.1457,0,0,,,,0.0012,,,,,,,,,,,
spelad,EK,2017/18,2018-05-12,,Termalica B-B.,Arka Gdynia,2,1,H,,,,,,,,,,,,,,,,,,,,0.57,0.2465,0.1835,1,,,,1.73,4,5.35,,,,,0.1657,0,4,0.75,0.519,-0.0522,0,0,,,,-0.0342,,,,,,,,,,,
spelad,EK,2017/18,2018-05-13,,Legia,Gornik Zabrze,2,0,H,,,,,,,,,,,,,,,,,,,,0.5576,0.2419,0.2005,1,,,,1.75,4.05,5,,,,,-0.5144,0,12,1.75,0.2403,0.0123,0,0,,,,-0.0249,,,,,,,,,,,
spelad,EK,2017/18,2018-05-13,,Wisla,Lech Poznan,1,1,D,,,,,,,,,,,,,,,,,,,,0.2936,0.2833,0.4231,1,,,,3.32,3.5,2.38,,,,,0.8285,0,15,-1,-0.0641,0.0039,0,0,,,,0.022,,,,,,,,,,,
spelad,EK,2017/18,2018-05-13,,Wisla Plock,Korona Kielce,4,1,H,,,,,,,,,,,,,,,,,,,,0.5618,0.2446,0.1936,1,,,,1.8,3.95,5,,,,,0.3098,0,4,-1.5,-0.6331,-0.282,0,0,,,,-0.0513,,,,,,,,,,,
spelad,EK,2017/18,2018-05-13,,Zaglebie,Jagiellonia,1,2,A,,,,,,,,,,,,,,,,,,,,0.241,0.2721,0.4869,1,,,,4.1,3.56,2.04,,,,,0.6187,0,11,-0.2727,-0.0559,-0.1128,0,0,,,,0.0226,,,,,,,,,,,
spelad,EK,2017/18,2018-05-19,,Arka Gdynia,Slask Wroclaw,0,1,A,,,,,,,,,,,,,,,,,,,,0.4752,0.2518,0.2731,1,,,,2.1,3.96,3.6,,,,,-1.23,0,5,1.8,1.1548,-0.2936,0,0,,,,-0.013,,,,,,,,,,,
spelad,EK,2017/18,2018-05-19,,Cracovia,Pogon Szczecin,1,4,A,,,,,,,,,,,,,,,,,,,,0.4317,0.2771,0.2913,1,,,,2.24,3.75,3.8,,,,,0.0037,0,11,-0.2727,-0.0492,0.0777,0,0,,,,0.0282,,,,,,,,,,,
spelad,EK,2017/18,2018-05-19,,Lechia Gdansk,Sandecja Nowy S.,1,1,D,,,,,,,,,,,,,,,,,,,,0.5441,0.2529,0.203,1,,,,1.8,3.9,4.85,,,,,-0.0885,0,,,,,0,0,,,,-0.0178,,,,,,,,,,,
spelad,EK,2017/18,2018-05-19,,Piast Gliwice,Termalica B-B.,4,0,H,,,,,,,,,,,,,,,,,,,,0.5355,0.2578,0.2067,1,,,,1.95,3.76,4.7,,,,,-0.9028,0,6,0.5,0.2854,-0.1254,0,0,,,,-0.0378,,,,,,,,,,,
spelad,EK,2017/18,2018-05-20,,Gornik Zabrze,Wisla,2,0,H,,,,,,,,,,,,,,,,,,,,0.395,0.2757,0.3292,1,,,,2.55,3.6,2.99,,,,,-0.0081,0,13,0.2308,0.2848,0.0265,0,0,,,,-0.0039,,,,,,,,,,,
spelad,EK,2017/18,2018-05-20,,Jagiellonia,Wisla Plock,2,1,H,,,,,,,,,,,,,,,,,,,,0.5494,0.2347,0.2159,1,,,,1.83,4.14,4.8,,,,,-0.7335,0,4,-1.5,-0.8887,-0.2726,0,0,,,,-0.0059,,,,,,,,,,,
spelad,EK,2017/18,2018-05-20,,Korona Kielce,Zaglebie,0,2,A,,,,,,,,,,,,,,,,,,,,0.406,0.2676,0.3264,1,,,,2.45,3.7,3,,,,,-0.2328,0,11,-0.5455,-0.0519,-0.0138,0,0,,,,-0.0138,,,,,,,,,,,
spelad,EK,2017/18,2018-05-20,,Lech Poznan,Legia,0,3,A,,,,,,,,,,,,,,,,,,,,0.3999,0.288,0.3121,1,,,,2.55,3.36,3.22,,,,,-0.6802,0,16,-1.125,-0.268,-0.1622,0,0,,,,-0.0128,,,,,,,,,,,
spelad,EK,2018/19,2018-07-20,,Jagiellonia,Lechia Gdansk,0,1,A,,,,,,,,,,,,,,,,,,,,0.5464,0.2499,0.2036,1,,,,1.86,3.94,5.25,,,,,-0.0349,,14,-1.0714,-0.3681,-0.0724,0,0,,,,-0.0186,,,,,,,,,,,
spelad,EK,2018/19,2018-07-20,,Legnica,Pogon Szczecin,1,0,H,,,,,,,,,,,,,,,,,,,,0.3533,0.2881,0.3586,1,,,,2.8,3.36,2.78,,,,,,,,,,,1,0,,,,0.0037,,,,,,,,,,,
spelad,EK,2018/19,2018-07-21,,Legia,Zaglebie,1,3,A,,,,,,,,,,,,,,,,,,,,0.5452,0.2623,0.1925,1,,,,1.79,3.75,5.3,,,,,0.5288,,12,1,0.0567,-0.095,0,0,,,,-0.0117,,,,,,,,,,,
spelad,EK,2018/19,2018-07-21,,Slask Wroclaw,Cracovia,3,1,H,,,,,,,,,,,,,,,,,,,,0.3873,0.2952,0.3175,1,,,,2.52,3.4,3.1,,,,,1.1334,,13,0.2308,-0.0008,0.0285,0,0,,,,0.0033,,,,,,,,,,,
spelad,EK,2018/19,2018-07-21,,Wisla,Arka Gdynia,0,0,D,,,,,,,,,,,,,,,,,,,,0.4002,0.2943,0.3055,1,,,,2.5,3.4,3.17,,,,,1.0788,,4,0,-0.0224,-0.2935,0,0,,,,0.0016,,,,,,,,,,,
spelad,EK,2018/19,2018-07-22,,Gornik Zabrze,Korona Kielce,1,1,D,,,,,,,,,,,,,,,,,,,,0.2977,0.278,0.4243,1,,,,3.25,3.48,2.6,,,,,1.047,,12,-0.25,-0.3976,0.3029,0,0,,,,0.0765,,,,,,,,,,,
spelad,EK,2018/19,2018-07-22,,Wisla Plock,Lech Poznan,1,2,A,,,,,,,,,,,,,,,,,,,,0.3316,0.2873,0.3812,1,,,,2.94,3.4,2.57,,,,,0.9299,,5,-1.2,-0.083,-0.0688,0,0,,,,-0.0072,,,,,,,,,,,
spelad,EK,2018/19,2018-07-23,,Zaglebie Sosnowiec,Piast Gliwice,1,2,A,,,,,,,,,,,,,,,,,,,,0.3371,0.295,0.3679,1,,,,2.93,3.3,2.8,,,,,,,,,,,1,0,,,,0.0266,,,,,,,,,,,
spelad,EK,2018/19,2018-07-27,,Lechia Gdansk,Slask Wroclaw,1,1,D,,,,,,,,,,,,,,,,,,,,0.4357,0.2879,0.2764,1,,,,2.26,3.6,3.72,,,,,-1.3858,1,14,-1.0714,-0.5936,-0.0761,0,0,,,,-0.0032,,,,,,,,,,,
spelad,EK,2018/19,2018-07-27,,Wisla,Legnica,2,1,H,,,,,,,,,,,,,,,,,,,,0.4159,0.2859,0.2982,1,,,,2.33,3.39,3.36,,,,,,-1,,,,,-1,0,,,,-0.0002,,,,,,,,,,,
spelad,EK,2018/19,2018-07-28,,Korona Kielce,Legia,1,2,A,,,,,,,,,,,,,,,,,,,,0.3305,0.2743,0.3952,1,,,,2.98,3.54,2.65,,,,,-0.7739,-1,14,-1.0714,0.1531,-0.0171,0,0,,,,0.0019,,,,,,,,,,,
spelad,EK,2018/19,2018-07-28,,Zaglebie,Zaglebie Sosnowiec,2,1,H,,,,,,,,,,,,,,,,,,,,0.5901,0.2456,0.1643,1,,,,1.68,4,5.89,,,,,,2,,,,,-1,0,,,,-0.0343,,,,,,,,,,,
spelad,EK,2018/19,2018-07-29,,Arka Gdynia,Jagiellonia,0,2,A,,,,,,,,,,,,,,,,,,,,0.3248,0.2881,0.3872,1,,,,3,3.4,2.71,,,,,-0.6606,-1,4,-1.5,-0.3044,-0.2863,0,0,,,,0.022,,,,,,,,,,,
spelad,EK,2018/19,2018-07-29,,Gornik Zabrze,Wisla Plock,1,1,D,,,,,,,,,,,,,,,,,,,,0.285,0.2706,0.4444,1,,,,3.52,3.66,2.3,,,,,0.9749,0,3,-1,-0.288,-0.2774,0,0,,,,0.0322,,,,,,,,,,,
spelad,EK,2018/19,2018-07-29,,Lech Poznan,Cracovia,2,0,H,,,,,,,,,,,,,,,,,,,,0.6313,0.2185,0.1502,1,,,,1.64,4.64,6.51,,,,,-0.7,-1,11,0.8182,-0.0188,0.0975,0,0,,,,-0.0402,,,,,,,,,,,
spelad,EK,2018/19,2018-07-30,,Pogon Szczecin,Piast Gliwice,0,2,A,,,,,,,,,,,,,,,,,,,,0.4423,0.29,0.2676,1,,,,2.23,3.34,3.67,,,,,0.3734,3,14,0.2143,-0.0089,0.0732,0,0,,,,-0.0149,,,,,,,,,,,
spelad,EK,2018/19,2018-08-03,,Wisla Plock,Korona Kielce,1,2,A,,,,,,,,,,,,,,,,,,,,0.4796,0.28,0.2404,1,,,,2.06,3.52,4.05,,,,,0.6274,-1,5,-0.6,-0.2925,-0.2745,0,0,,,,-0.0176,,,,,,,,,,,
spelad,EK,2018/19,2018-08-03,,Zaglebie Sosnowiec,Pogon Szczecin,3,0,H,,,,,,,,,,,,,,,,,,,,0.2704,0.275,0.4545,1,,,,3.6,3.53,2.3,,,,,,2,,,,,1,0,,,,0.045,,,,,,,,,,,
spelad,EK,2018/19,2018-08-04,,Legia,Lechia Gdansk,0,0,D,,,,,,,,,,,,,,,,,,,,0.6054,0.2301,0.1645,1,,,,1.68,4.28,6.5,,,,,0.93,-1,16,0.9375,0.1121,-0.0753,0,0,,,,-0.0233,,,,,,,,,,,
spelad,EK,2018/19,2018-08-04,,Piast Gliwice,Zaglebie,2,1,H,,,,,,,,,,,,,,,,,,,,0.4032,0.2805,0.3163,1,,,,2.5,3.45,3.15,,,,,-0.1089,-2,13,-0.2308,0.0325,0.0246,0,0,,,,-0.015,,,,,,,,,,,
spelad,EK,2018/19,2018-08-05,,Jagiellonia,Wisla,1,0,H,,,,,,,,,,,,,,,,,,,,0.4549,0.2833,0.2619,1,,,,2.19,3.6,3.7,,,,,-0.0802,-2,16,0.1875,0.0498,0.0352,0,0,,,,-0.0328,,,,,,,,,,,
spelad,EK,2018/19,2018-08-05,,Legnica,Gornik Zabrze,1,3,A,,,,,,,,,,,,,,,,,,,,0.535,0.2464,0.2186,1,,,,1.95,3.93,4.43,,,,,,2,,,,,1,0,,,,-0.0523,,,,,,,,,,,
spelad,EK,2018/19,2018-08-05,,Slask Wroclaw,Lech Poznan,0,1,A,,,,,,,,,,,,,,,,,,,,0.3074,0.2874,0.4052,1,,,,3.18,3.37,2.55,,,,,1.6529,2,13,-0.2308,0.1931,0.0348,0,0,,,,0.0241,,,,,,,,,,,
spelad,EK,2018/19,2018-08-06,,Cracovia,Arka Gdynia,0,0,D,,,,,,,,,,,,,,,,,,,,0.4267,0.2909,0.2824,1,,,,2.29,3.4,3.7,,,,,0.3726,0,6,0,-0.0799,0.0467,0,0,,,,-0.0079,,,,,,,,,,,
spelad,EK,2018/19,2018-08-10,,Lechia Gdansk,Legnica,2,0,H,,,,,,,,,,,,,,,,,,,,0.4206,0.294,0.2854,1,,,,2.3,3.4,3.6,,,,,,1,,,,,-1,0,,,,-0.0016,,,,,,,,,,,
spelad,EK,2018/19,2018-08-10,,Wisla,Wisla Plock,1,1,D,,,,,,,,,,,,,,,,,,,,0.3627,0.2705,0.3668,1,,,,2.7,3.58,2.9,,,,,1.2463,-2,5,1.2,0.5376,-0.0772,0,0,,,,-0.0013,,,,,,,,,,,
spelad,EK,2018/19,2018-08-11,,Arka Gdynia,Gornik Zabrze,1,1,D,,,,,,,,,,,,,,,,,,,,0.4586,0.2805,0.2608,1,,,,2.25,3.5,3.9,,,,,-1.3121,-1,,,,,0,0,,,,-0.0116,,,,,,,,,,,
spelad,EK,2018/19,2018-08-11,,Pogon Szczecin,Cracovia,1,1,D,,,,,,,,,,,,,,,,,,,,0.5447,0.2455,0.2099,1,,,,1.9,3.95,5.25,,,,,0.0081,3,12,0.5,0.128,0.0481,0,0,,,,-0.0345,,,,,,,,,,,
spelad,EK,2018/19,2018-08-12,,Lech Poznan,Zaglebie Sosnowiec,4,0,H,,,,,,,,,,,,,,,,,,,,0.6361,0.2254,0.1385,1,,,,1.7,4.29,6.98,,,,,,-2,,,,,-1,0,,,,-0.0611,,,,,,,,,,,
spelad,EK,2018/19,2018-08-12,,Piast Gliwice,Legia,1,3,A,,,,,,,,,,,,,,,,,,,,0.3967,0.2806,0.3227,1,,,,2.63,3.45,3.1,,,,,-0.0102,0,13,-1.3846,0.022,0.0072,0,0,,,,-0.0377,,,,,,,,,,,
spelad,EK,2018/19,2018-08-12,,Zaglebie,Jagiellonia,0,2,A,,,,,,,,,,,,,,,,,,,,0.4121,0.2824,0.3055,1,,,,2.41,3.43,3.2,,,,,-0.1414,1,12,-0.5,-0.1342,-0.1261,0,0,,,,-0.0139,,,,,,,,,,,
spelad,EK,2018/19,2018-08-13,,Korona Kielce,Slask Wroclaw,2,1,H,,,,,,,,,,,,,,,,,,,,0.4481,0.283,0.2689,1,,,,2.25,3.52,3.75,,,,,-1.4473,2,14,-0.6429,-0.2672,0.2172,0,0,,,,0.0192,,,,,,,,,,,
spelad,EK,2018/19,2018-08-17,,Cracovia,Zaglebie,0,1,A,,,,,,,,,,,,,,,,,,,,0.3485,0.2954,0.3562,1,,,,2.82,3.4,3,,,,,-0.333,1,11,0.8182,0.4794,0.0767,0,0,,,,0.0157,,,,,,,,,,,
spelad,EK,2018/19,2018-08-17,,Legnica,Korona Kielce,1,1,D,,,,,,,,,,,,,,,,,,,,0.4035,0.2803,0.3162,1,,,,2.42,3.5,3.12,,,,,,3,,,,,1,0,,,,0.0027,,,,,,,,,,,
spelad,EK,2018/19,2018-08-18,,Gornik Zabrze,Lechia Gdansk,0,2,A,,,,,,,,,,,,,,,,,,,,0.4008,0.2683,0.3308,1,,,,2.51,3.6,3.1,,,,,0.1877,-1,12,-0.25,-0.0867,0.3054,0,0,,,,-0.0176,,,,,,,,,,,
spelad,EK,2018/19,2018-08-18,,Wisla Plock,Arka Gdynia,1,3,A,,,,,,,,,,,,,,,,,,,,0.5071,0.2618,0.2312,1,,,,2.01,3.7,4.33,,,,,-0.1164,1,5,1.2,0.4754,0.3055,0,0,,,,-0.0177,,,,,,,,,,,
spelad,EK,2018/19,2018-08-19,,Jagiellonia,Piast Gliwice,2,1,H,,,,,,,,,,,,,,,,,,,,0.4735,0.28,0.2464,1,,,,2.1,3.5,3.94,,,,,0.8425,0,13,0.2308,-0.0113,-0.124,0,0,,,,-0.0227,,,,,,,,,,,
spelad,EK,2018/19,2018-08-19,,Lech Poznan,Wisla,2,5,A,,,,,,,,,,,,,,,,,,,,0.5173,0.2828,0.1999,1,,,,1.88,3.6,4.84,,,,,-0.1101,-2,16,0.9375,0.0219,0.0485,0,0,,,,-0.0204,,,,,,,,,,,
spelad,EK,2018/19,2018-08-19,,Legia,Zaglebie Sosnowiec,2,1,H,,,,,,,,,,,,,,,,,,,,0.6644,0.2132,0.1225,1,,,,1.5,4.75,7.92,,,,,,0,,,,,-1,0,,,,-0.0401,,,,,,,,,,,
spelad,EK,2018/19,2018-08-20,,Slask Wroclaw,Pogon Szczecin,0,0,D,,,,,,,,,,,,,,,,,,,,0.4189,0.2749,0.3062,1,,,,2.43,3.53,3.25,,,,,1.1268,-2,14,0.8571,0.2438,0.145,0,0,,,,-0.0202,,,,,,,,,,,
spelad,EK,2018/19,2018-08-24,,Korona Kielce,Arka Gdynia,2,1,H,,,,,,,,,,,,,,,,,,,,0.4614,0.2753,0.2633,1,,,,2.2,3.6,3.7,,,,,0.0124,1,4,-0.75,-0.3059,-0.0366,0,0,,,,-0.0166,,,,,,,,,,,
spelad,EK,2018/19,2018-08-24,,Piast Gliwice,Cracovia,3,1,H,,,,,,,,,,,,,,,,,,,,0.4343,0.2891,0.2767,1,,,,2.26,3.4,3.6,,,,,0.6981,-2,15,0.4,0.2797,0.05,0,0,,,,-0.0093,,,,,,,,,,,
spelad,EK,2018/19,2018-08-25,,Pogon Szczecin,Lechia Gdansk,2,3,A,,,,,,,,,,,,,,,,,,,,0.4507,0.2817,0.2677,1,,,,2.2,3.52,3.64,,,,,-1.4483,-2,17,-0.1765,0.0493,0.0722,0,0,,,,-0.0104,,,,,,,,,,,
spelad,EK,2018/19,2018-08-25,,Wisla,Gornik Zabrze,3,0,H,,,,,,,,,,,,,,,,,,,,0.5553,0.2353,0.2094,1,,,,1.82,4.32,4.66,,,,,0.17,-1,14,-0.4286,-0.3792,0.0049,0,0,,,,-0.0308,,,,,,,,,,,
spelad,EK,2018/19,2018-08-26,,Jagiellonia,Legnica,2,3,A,,,,,,,,,,,,,,,,,,,,0.4937,0.2765,0.2298,1,,,,1.96,3.66,4.5,,,,,1.6749,-2,,,,,-1,0,,,,-0.001,,,,,,,,,,,
spelad,EK,2018/19,2018-08-26,,Legia,Wisla Plock,1,4,A,,,,,,,,,,,,,,,,,,,,0.5253,0.2655,0.2092,1,,,,1.88,3.82,5,,,,,1.4382,-1,5,1.2,0.1754,-0.0608,0,0,,,,-0.0214,,,,,,,,,,,
spelad,EK,2018/19,2018-08-26,,Zaglebie,Lech Poznan,2,1,H,,,,,,,,,,,,,,,,,,,,0.3433,0.2942,0.3625,1,,,,3.1,3.4,2.67,,,,,0.3252,2,12,-0.5,0.0205,0.0571,0,0,,,,-0.0152,,,,,,,,,,,
spelad,EK,2018/19,2018-08-27,,Zaglebie Sosnowiec,Slask Wroclaw,3,3,D,,,,,,,,,,,,,,,,,,,,0.3112,0.2872,0.4016,1,,,,3.15,3.4,2.45,,,,,-0.7588,1,,,,,1,0,,,,0.0115,,,,,,,,,,,
spelad,EK,2018/19,2018-08-31,,Gornik Zabrze,Pogon Szczecin,1,1,D,,,,,,,,,,,,,,,,,,,,0.3002,0.2794,0.4203,1,,,,3.42,3.52,2.6,,,,,0.763,0,12,0.25,0.0036,0.292,0,0,,,,-0.0067,,,,,,,,,,,
spelad,EK,2018/19,2018-08-31,,Lechia Gdansk,Korona Kielce,2,0,H,,,,,,,,,,,,,,,,,,,,0.3985,0.3054,0.2961,1,,,,2.44,3.25,3.38,,,,,0.6844,-1,13,-0.9231,-0.724,-0.0475,0,0,,,,0.0001,,,,,,,,,,,
spelad,EK,2018/19,2018-09-01,,Arka Gdynia,Zaglebie Sosnowiec,2,2,D,,,,,,,,,,,,,,,,,,,,0.4266,0.2782,0.2952,1,,,,2.32,3.55,4.4,,,,,-0.2081,3,,,,,-1,0,,,,0.0002,,,,,,,,,,,
spelad,EK,2018/19,2018-09-01,,Lech Poznan,Piast Gliwice,1,1,D,,,,,,,,,,,,,,,,,,,,0.5523,0.2485,0.1993,1,,,,1.8,3.9,4.9,,,,,-0.512,-2,13,1.1538,0.108,-0.1069,0,0,,,,-0.0473,,,,,,,,,,,
spelad,EK,2018/19,2018-09-01,,Slask Wroclaw,Wisla,0,1,A,,,,,,,,,,,,,,,,,,,,0.4135,0.2703,0.3162,1,,,,2.45,3.62,3.17,,,,,0.0485,-2,14,0.2143,0.2041,-0.0728,0,0,,,,-0.0092,,,,,,,,,,,
spelad,EK,2018/19,2018-09-02,,Cracovia,Legia,0,0,D,,,,,,,,,,,,,,,,,,,,0.3102,0.2996,0.3902,1,,,,3.16,3.3,2.52,,,,,-0.853,2,11,-2.7273,-0.6617,-0.1467,0,0,,,,0.0135,,,,,,,,,,,
spelad,EK,2018/19,2018-09-02,,Legnica,Zaglebie,2,0,H,,,,,,,,,,,,,,,,,,,,0.3873,0.2823,0.3304,1,,,,2.59,3.45,3,,,,,-0.7228,0,,,,,1,0,,,,-0.0119,,,,,,,,,,,
spelad,EK,2018/19,2018-09-02,,Wisla Plock,Jagiellonia,1,1,D,,,,,,,,,,,,,,,,,,,,0.3825,0.2872,0.3303,1,,,,2.55,3.44,3.05,,,,,-1.0255,0,5,0.6,0.7526,-0.265,0,0,,,,0.0135,,,,,,,,,,,
spelad,EK,2018/19,2018-09-14,,Jagiellonia,Cracovia,3,1,H,,,,,,,,,,,,,,,,,,,,0.5208,0.2632,0.216,1,,,,1.91,3.68,4.66,,,,,1.2275,0,11,0.2727,-0.0636,0.2629,0,0,,,,-0.023,,,,,,,,,,,
spelad,EK,2018/19,2018-09-14,,Zaglebie,Slask Wroclaw,4,0,H,,,,,,,,,,,,,,,,,,,,0.4003,0.2813,0.3184,1,,,,2.57,3.43,3.03,,,,,0.7083,-1,12,0.25,0.1394,-0.0373,0,0,,,,-0.0324,,,,,,,,,,,
spelad,EK,2018/19,2018-09-15,,Piast Gliwice,Arka Gdynia,1,0,H,,,,,,,,,,,,,,,,,,,,0.4933,0.2708,0.2358,1,,,,1.99,3.6,4.2,,,,,1.0936,0,6,1,0.5763,0.0427,0,0,,,,-0.0211,,,,,,,,,,,
spelad,EK,2018/19,2018-09-15,,Wisla,Lechia Gdansk,5,2,H,,,,,,,,,,,,,,,,,,,,0.4708,0.274,0.2552,1,,,,2.15,3.56,3.86,,,,,-0.5319,-1,15,0,0.006,0.1805,0,0,,,,-0.0157,,,,,,,,,,,
spelad,EK,2018/19,2018-09-15,,Wisla Plock,Legnica,2,2,D,,,,,,,,,,,,,,,,,,,,0.4252,0.2818,0.2929,1,,,,2.34,3.46,3.34,,,,,-0.7024,0,,,,,-1,0,,,,-0.0046,,,,,,,,,,,
spelad,EK,2018/19,2018-09-16,,Legia,Lech Poznan,1,0,H,,,,,,,,,,,,,,,,,,,,0.4066,0.2785,0.3149,1,,,,2.43,3.48,3.1,,,,,0.1743,-1,17,1.2353,0.5093,-0.1696,0,0,,,,-0.0196,,,,,,,,,,,
spelad,EK,2018/19,2018-09-16,,Pogon Szczecin,Korona Kielce,1,1,D,,,,,,,,,,,,,,,,,,,,0.4362,0.286,0.2778,1,,,,2.26,3.4,3.52,,,,,-0.7506,0,13,0.6923,0.0574,0.1785,0,0,,,,-0.0137,,,,,,,,,,,
spelad,EK,2018/19,2018-09-17,,Zaglebie Sosnowiec,Gornik Zabrze,1,1,D,,,,,,,,,,,,,,,,,,,,0.4624,0.2517,0.2859,1,,,,2.2,3.85,3.42,,,,,-0.3436,-1,,,,,1,0,,,,-0.0344,,,,,,,,,,,
spelad,EK,2018/19,2018-09-21,,Arka Gdynia,Lech Poznan,1,0,H,,,,,,,,,,,,,,,,,,,,0.3003,0.2786,0.421,1,,,,3.32,3.48,2.31,,,,,-0.2875,1,4,-1.5,-0.3983,0.2308,0,0,,,,-0.0011,,,,,,,,,,,
spelad,EK,2018/19,2018-09-21,,Pogon Szczecin,Wisla,2,1,H,,,,,,,,,,,,,,,,,,,,0.4,0.2786,0.3214,1,,,,2.55,3.48,3.02,,,,,-1.7896,-1,15,-1,-0.3531,-0.0198,0,0,,,,-0.0219,,,,,,,,,,,
spelad,EK,2018/19,2018-09-22,,Cracovia,Wisla Plock,3,1,H,,,,,,,,,,,,,,,,,,,,0.3756,0.2881,0.3363,1,,,,2.6,3.36,3,,,,,-0.165,1,5,0,0.0839,-0.0868,0,0,,,,0.0199,,,,,,,,,,,
spelad,EK,2018/19,2018-09-22,,Lechia Gdansk,Zaglebie,3,3,D,,,,,,,,,,,,,,,,,,,,0.4482,0.292,0.2598,1,,,,2.25,3.42,3.76,,,,,0.4283,-1,11,1.9091,0.9971,-0.1064,0,0,,,,-0.0192,,,,,,,,,,,
spelad,EK,2018/19,2018-09-22,,Legnica,Legia,1,4,A,,,,,,,,,,,,,,,,,,,,0.3346,0.2737,0.3917,1,,,,3.1,3.56,2.58,,,,,0.0097,1,,,,,1,0,,,,-0.0064,,,,,,,,,,,
spelad,EK,2018/19,2018-09-23,,Gornik Zabrze,Jagiellonia,1,3,A,,,,,,,,,,,,,,,,,,,,0.2624,0.2548,0.4828,1,,,,3.75,3.82,2.11,,,,,-0.5173,-3,13,0,0.1397,-0.0436,0,0,,,,0.0054,,,,,,,,,,,
spelad,EK,2018/19,2018-09-23,,Slask Wroclaw,Piast Gliwice,4,1,H,,,,,,,,,,,,,,,,,,,,0.4287,0.2772,0.2941,1,,,,2.29,3.52,3.4,,,,,-1.2479,1,15,-1,-0.7041,0.1176,0,0,,,,-0.0081,,,,,,,,,,,
spelad,EK,2018/19,2018-09-24,,Korona Kielce,Zaglebie Sosnowiec,3,1,H,,,,,,,,,,,,,,,,,,,,0.5306,0.2548,0.2146,1,,,,1.95,3.79,4.5,,,,,0.4662,1,,,,,-1,0,,,,-0.0653,,,,,,,,,,,
spelad,EK,2018/19,2018-09-28,,Legia,Arka Gdynia,1,1,D,,,,,,,,,,,,,,,,,,,,0.6174,0.2255,0.1571,1,,,,1.61,4.27,6.13,,,,,0.5717,-1,4,0,-0.3636,-0.2664,0,0,,,,-0.0292,,,,,,,,,,,
spelad,EK,2018/19,2018-09-28,,Wisla Plock,Lechia Gdansk,1,0,H,,,,,,,,,,,,,,,,,,,,0.4147,0.2829,0.3023,1,,,,2.41,3.5,3.31,,,,,-1.1578,0,4,-1.5,-0.2654,-0.2745,0,0,,,,-0.0008,,,,,,,,,,,
spelad,EK,2018/19,2018-09-29,,Piast Gliwice,Gornik Zabrze,1,0,H,,,,,,,,,,,,,,,,,,,,0.528,0.2563,0.2157,1,,,,1.88,3.77,4.75,,,,,0.5419,0,10,-0.9,-0.2179,-0.1858,0,0,,,,-0.021,,,,,,,,,,,
spelad,EK,2018/19,2018-09-29,,Wisla,Korona Kielce,0,1,A,,,,,,,,,,,,,,,,,,,,0.3931,0.2987,0.3082,1,,,,2.5,3.4,3.15,,,,,0.2562,3,15,0.2,-0.0355,-0.017,0,0,,,,-0.0176,,,,,,,,,,,
spelad,EK,2018/19,2018-09-29,,Zaglebie,Pogon Szczecin,0,2,A,,,,,,,,,,,,,,,,,,,,0.3962,0.2897,0.3141,1,,,,2.45,3.4,3.1,,,,,0.9122,-1,11,0.2727,-0.0931,0.2533,0,0,,,,-0.004,,,,,,,,,,,
spelad,EK,2018/19,2018-09-30,,Lech Poznan,Legnica,2,1,H,,,,,,,,,,,,,,,,,,,,0.5743,0.2412,0.1845,1,,,,1.72,4,5.25,,,,,-0.1393,1,,,,,-1,0,,,,-0.0254,,,,,,,,,,,
spelad,EK,2018/19,2018-09-30,,Zaglebie Sosnowiec,Cracovia,1,1,D,,,,,,,,,,,,,,,,,,,,0.3567,0.2905,0.3528,1,,,,2.81,3.4,2.9,,,,,0.1453,-2,,,,,1,0,,,,0.0057,,,,,,,,,,,
spelad,EK,2018/19,2018-10-01,,Jagiellonia,Slask Wroclaw,0,4,A,,,,,,,,,,,,,,,,,,,,0.4819,0.276,0.2422,1,,,,2.05,3.51,4,,,,,1.3987,0,15,0,0.0725,-0.0817,0,0,,,,-0.0208,,,,,,,,,,,
spelad,EK,2018/19,2018-10-05,,Gornik Zabrze,Lech Poznan,2,2,D,,,,,,,,,,,,,,,,,,,,0.2321,0.2637,0.5041,1,,,,4.2,3.71,2,,,,,0.1191,1,13,-1.3846,-0.1425,-0.0237,0,0,,,,0.0196,,,,,,,,,,,
spelad,EK,2018/19,2018-10-05,,Legnica,Piast Gliwice,2,2,D,,,,,,,,,,,,,,,,,,,,0.385,0.2828,0.3322,1,,,,2.65,3.43,2.95,,,,,-0.4958,-1,,,,,0,0,,,,0.0006,,,,,,,,,,,
spelad,EK,2018/19,2018-10-06,,Lechia Gdansk,Zaglebie Sosnowiec,4,1,H,,,,,,,,,,,,,,,,,,,,0.5909,0.2224,0.1867,1,,,,1.69,4.4,5.3,,,,,0.6998,2,,,,,0,0,,,,-0.0355,,,,,,,,,,,
spelad,EK,2018/19,2018-10-06,,Pogon Szczecin,Wisla Plock,4,0,H,,,,,,,,,,,,,,,,,,,,0.4887,0.2546,0.2567,1,,,,2.05,3.8,3.9,,,,,0.0489,-1,4,-0.75,-0.4832,-0.0399,0,0,,,,-0.0179,,,,,,,,,,,
spelad,EK,2018/19,2018-10-06,,Slask Wroclaw,Legia,0,1,A,,,,,,,,,,,,,,,,,,,,0.3556,0.2822,0.3622,1,,,,2.73,3.44,2.72,,,,,-0.4748,-3,13,-1.3846,-0.181,-0.0216,0,0,,,,0.0008,,,,,,,,,,,
spelad,EK,2018/19,2018-10-07,,Arka Gdynia,Zaglebie,3,1,H,,,,,,,,,,,,,,,,,,,,0.4089,0.2893,0.3019,1,,,,2.37,3.35,3.28,,,,,0.1892,1,5,0,-0.1069,0.3193,0,0,,,,-0.0048,,,,,,,,,,,
spelad,EK,2018/19,2018-10-07,,Cracovia,Wisla,0,2,A,,,,,,,,,,,,,,,,,,,,0.3759,0.2886,0.3355,1,,,,2.6,3.36,2.95,,,,,-0.6218,-1,10,-0.3,0.0176,0.0164,0,0,,,,-0.0028,,,,,,,,,,,
spelad,EK,2018/19,2018-10-07,,Korona Kielce,Jagiellonia,1,1,D,,,,,,,,,,,,,,,,,,,,0.4146,0.2922,0.2931,1,,,,2.45,3.4,3.4,,,,,0.3667,2,16,-0.75,-0.26,-0.0346,0,0,,,,-0.009,,,,,,,,,,,
spelad,EK,2018/19,2018-10-19,,Jagiellonia,Pogon Szczecin,2,1,H,,,,,,,,,,,,,,,,,,,,0.4111,0.2913,0.2976,1,,,,2.39,3.4,3.3,,,,,0.1145,-1,14,0.6429,0.2268,0.0675,0,0,,,,-0.0023,,,,,,,,,,,
spelad,EK,2018/19,2018-10-19,,Piast Gliwice,Lechia Gdansk,1,1,D,,,,,,,,,,,,,,,,,,,,0.411,0.2887,0.3003,1,,,,2.37,3.4,3.25,,,,,-0.5868,1,14,-0.4286,0.1117,-0.1374,0,0,,,,-0.0132,,,,,,,,,,,
spelad,EK,2018/19,2018-10-20,,Lech Poznan,Korona Kielce,2,1,H,,,,,,,,,,,,,,,,,,,,0.5037,0.2724,0.2239,1,,,,1.96,3.6,4.4,,,,,-1.1657,2,14,0.6429,-0.2348,-0.0354,0,0,,,,-0.022,,,,,,,,,,,
spelad,EK,2018/19,2018-10-20,,Slask Wroclaw,Arka Gdynia,1,2,A,,,,,,,,,,,,,,,,,,,,0.5398,0.244,0.2162,1,,,,1.91,3.96,4.75,,,,,-0.6462,1,6,-1,-0.3962,-0.2866,0,0,,,,-0.0381,,,,,,,,,,,
spelad,EK,2018/19,2018-10-20,,Zaglebie Sosnowiec,Legnica,3,1,H,,,,,,,,,,,,,,,,,,,,0.3597,0.2807,0.3597,1,,,,2.75,3.46,2.75,,,,,-0.4457,-1,,,,,0,0,,,,-0.0062,,,,,,,,,,,
spelad,EK,2018/19,2018-10-21,,Legia,Wisla,3,3,D,,,,,,,,,,,,,,,,,,,,0.5674,0.2424,0.1903,1,,,,1.75,3.98,5.25,,,,,-0.1371,1,16,1.3125,0.1427,0.0575,0,0,,,,-0.0273,,,,,,,,,,,
spelad,EK,2018/19,2018-10-21,,Zaglebie,Wisla Plock,3,3,D,,,,,,,,,,,,,,,,,,,,0.3957,0.2642,0.3402,1,,,,2.45,3.67,3,,,,,0.1477,-1,6,-0.5,-0.2098,-0.1156,0,0,,,,0.0066,,,,,,,,,,,
spelad,EK,2018/19,2018-10-22,,Cracovia,Gornik Zabrze,2,0,H,,,,,,,,,,,,,,,,,,,,0.4768,0.2781,0.245,1,,,,2.08,3.5,4,,,,,0.117,-2,8,0.75,0.3934,-0.0323,0,0,,,,-0.0159,,,,,,,,,,,
spelad,EK,2018/19,2018-10-26,,Jagiellonia,Legia,1,1,D,,,,,,,,,,,,,,,,,,,,0.3287,0.2984,0.3729,1,,,,2.95,3.4,2.68,,,,,0.0216,2,15,-0.2,0.3794,0.0123,0,0,,,,0.0241,,,,,,,,,,,
spelad,EK,2018/19,2018-10-26,,Legnica,Slask Wroclaw,0,5,A,,,,,,,,,,,,,,,,,,,,0.328,0.279,0.393,1,,,,3.1,3.49,2.55,,,,,0.3273,0,,,,,0,0,,,,0.0122,,,,,,,,,,,
spelad,EK,2018/19,2018-10-27,,Lechia Gdansk,Arka Gdynia,2,1,H,,,,,,,,,,,,,,,,,,,,0.4965,0.2719,0.2316,1,,,,2,3.56,4.23,,,,,-0.257,1,5,2.4,1.0575,-0.0821,0,0,,,,-0.0385,,,,,,,,,,,
spelad,EK,2018/19,2018-10-27,,Pogon Szczecin,Lech Poznan,3,0,H,,,,,,,,,,,,,,,,,,,,0.3848,0.293,0.3222,1,,,,2.6,3.4,3.13,,,,,0.7291,1,16,-0.5625,0.1711,0.049,0,0,,,,0.0052,,,,,,,,,,,
spelad,EK,2018/19,2018-10-27,,Wisla Plock,Piast Gliwice,1,1,D,,,,,,,,,,,,,,,,,,,,0.4217,0.2836,0.2948,1,,,,2.45,3.42,3.33,,,,,-0.3491,-2,5,-1.2,-0.6013,-0.0895,0,0,,,,-0.0253,,,,,,,,,,,
spelad,EK,2018/19,2018-10-28,,Gornik Zabrze,Zaglebie,2,0,H,,,,,,,,,,,,,,,,,,,,0.3529,0.2666,0.3805,1,,,,2.8,3.64,2.7,,,,,-0.7379,-1,9,0.3333,0.2239,-0.0558,0,0,,,,-0.0029,,,,,,,,,,,
spelad,EK,2018/19,2018-10-28,,Korona Kielce,Cracovia,0,1,A,,,,,,,,,,,,,,,,,,,,0.4792,0.2806,0.2402,1,,,,2.05,3.5,4.07,,,,,0.4673,2,12,0,0.1815,0.0531,0,0,,,,-0.016,,,,,,,,,,,
spelad,EK,2018/19,2018-10-29,,Wisla,Zaglebie Sosnowiec,2,2,D,,,,,,,,,,,,,,,,,,,,0.5578,0.2481,0.1942,1,,,,1.79,3.89,5.02,,,,,0.936,-1,,,,,0,0,,,,-0.0414,,,,,,,,,,,
spelad,EK,2018/19,2018-11-02,,Arka Gdynia,Pogon Szczecin,2,3,A,,,,,,,,,,,,,,,,,,,,0.2968,0.2813,0.4219,1,,,,3.4,3.45,2.33,,,,,-0.0027,0,5,-3,-1.1426,-0.2865,0,0,,,,-0.0005,,,,,,,,,,,
spelad,EK,2018/19,2018-11-02,,Piast Gliwice,Wisla,2,0,H,,,,,,,,,,,,,,,,,,,,0.4167,0.296,0.2873,1,,,,2.4,3.37,3.38,,,,,-0.0751,2,12,-0.5,-0.048,0.0519,0,0,,,,-0.0103,,,,,,,,,,,
spelad,EK,2018/19,2018-11-03,,Cracovia,Legnica,0,0,D,,,,,,,,,,,,,,,,,,,,0.4683,0.2793,0.2524,1,,,,2.07,3.5,4,,,,,0.3191,-2,,,,,0,0,,,,0.0086,,,,,,,,,,,
spelad,EK,2018/19,2018-11-03,,Legia,Gornik Zabrze,4,0,H,,,,,,,,,,,,,,,,,,,,0.6917,0.1934,0.1149,1,,,,1.42,5,8.51,,,,,0.2913,2,13,1.8462,0.3053,-0.0072,0,0,,,,-0.0312,,,,,,,,,,,
spelad,EK,2018/19,2018-11-03,,Slask Wroclaw,Wisla Plock,0,3,A,,,,,,,,,,,,,,,,,,,,0.4979,0.2582,0.2439,1,,,,2.01,3.74,4,,,,,-0.1135,1,5,0,-0.0917,0.3154,0,0,,,,-0.0433,,,,,,,,,,,
spelad,EK,2018/19,2018-11-04,,Lech Poznan,Lechia Gdansk,0,1,A,,,,,,,,,,,,,,,,,,,,0.4771,0.2618,0.2611,1,,,,2.13,3.71,3.8,,,,,-0.9297,0,16,1.3125,0.4146,-0.0931,0,0,,,,-0.0164,,,,,,,,,,,
spelad,EK,2018/19,2018-11-04,,Zaglebie,Korona Kielce,0,1,A,,,,,,,,,,,,,,,,,,,,0.3565,0.2844,0.3591,1,,,,2.75,3.41,2.73,,,,,-0.3053,0,12,0.75,0.2064,-0.035,0,0,,,,0.0039,,,,,,,,,,,
spelad,EK,2018/19,2018-11-05,,Zaglebie Sosnowiec,Jagiellonia,1,4,A,,,,,,,,,,,,,,,,,,,,0.2865,0.2653,0.4483,1,,,,3.65,3.65,2.25,,,,,-0.1236,-3,,,,,0,0,,,,-0.0004,,,,,,,,,,,
spelad,EK,2018/19,2018-11-09,,Gornik Zabrze,Slask Wroclaw,2,2,D,,,,,,,,,,,,,,,,,,,,0.2928,0.2707,0.4365,1,,,,3.4,3.58,2.4,,,,,0.083,0,12,0.5,0.2598,0.2177,0,0,,,,0.0108,,,,,,,,,,,
spelad,EK,2018/19,2018-11-09,,Pogon Szczecin,Legia,2,1,H,,,,,,,,,,,,,,,,,,,,0.3419,0.2847,0.3734,1,,,,3,3.41,2.64,,,,,0.3436,1,16,-2.0625,-0.3683,-0.177,0,0,,,,-0.0077,,,,,,,,,,,
spelad,EK,2018/19,2018-11-10,,Lechia Gdansk,Cracovia,1,0,H,,,,,,,,,,,,,,,,,,,,0.4725,0.2759,0.2516,1,,,,2.1,3.51,3.99,,,,,0.1696,-1,12,-0.75,-0.5118,-0.1956,0,0,,,,-0.0108,,,,,,,,,,,
spelad,EK,2018/19,2018-11-10,,Wisla,Zaglebie,3,2,H,,,,,,,,,,,,,,,,,,,,0.4913,0.2567,0.252,1,,,,2,3.77,4,,,,,0.7375,2,11,-0.2727,-0.176,-0.1045,0,0,,,,-0.0224,,,,,,,,,,,
spelad,EK,2018/19,2018-11-10,,Wisla Plock,Zaglebie Sosnowiec,2,0,H,,,,,,,,,,,,,,,,,,,,0.5676,0.2406,0.1918,1,,,,1.85,4.01,5.25,,,,,0.1869,2,,,,,0,0,,,,-0.0484,,,,,,,,,,,
spelad,EK,2018/19,2018-11-11,,Jagiellonia,Lech Poznan,2,2,D,,,,,,,,,,,,,,,,,,,,0.4422,0.2713,0.2865,1,,,,2.25,3.57,3.6,,,,,1.0034,-1,15,1,0.9682,-0.1365,0,0,,,,-0.0057,,,,,,,,,,,
spelad,EK,2018/19,2018-11-11,,Korona Kielce,Piast Gliwice,1,0,H,,,,,,,,,,,,,,,,,,,,0.4385,0.2945,0.267,1,,,,2.4,3.4,3.8,,,,,-0.2289,-2,14,0.6429,0.2578,0.068,0,0,,,,-0.0128,,,,,,,,,,,
spelad,EK,2018/19,2018-11-11,,Legnica,Arka Gdynia,0,4,A,,,,,,,,,,,,,,,,,,,,0.431,0.2778,0.2912,1,,,,2.4,3.49,3.41,,,,,-0.7268,-1,,,,,0,0,,,,-0.0076,,,,,,,,,,,
spelad,EK,2018/19,2018-11-23,,Piast Gliwice,Zaglebie Sosnowiec,0,0,D,,,,,,,,,,,,,,,,,,,,0.5648,0.2509,0.1843,1,,,,1.75,3.86,5.24,,,,,0.4313,-1,,,,,0,0,,,,-0.0303,,,,,,,,,,,
spelad,EK,2018/19,2018-11-24,,Cracovia,Slask Wroclaw,1,1,D,,,,,,,,,,,,,,,,,,,,0.3992,0.306,0.2948,1,,,,2.43,3.3,3.31,,,,,0.2861,-1,14,-0.4286,-0.1149,0.0054,0,0,,,,0.0005,,,,,,,,,,,
spelad,EK,2018/19,2018-11-24,,Korona Kielce,Gornik Zabrze,4,2,H,,,,,,,,,,,,,,,,,,,,0.5605,0.2537,0.1858,1,,,,1.74,3.88,5.25,,,,,0.5851,-2,13,0.2308,0.045,0.3351,0,0,,,,-0.0241,,,,,,,,,,,
spelad,EK,2018/19,2018-11-24,,Lech Poznan,Wisla Plock,2,1,H,,,,,,,,,,,,,,,,,,,,0.4939,0.2689,0.2372,1,,,,2,3.7,4.08,,,,,-0.6499,-1,6,1.5,0.3881,-0.1053,0,0,,,,-0.0282,,,,,,,,,,,
spelad,EK,2018/19,2018-11-25,,Lechia Gdansk,Jagiellonia,3,2,H,,,,,,,,,,,,,,,,,,,,0.3971,0.2884,0.3146,1,,,,2.45,3.36,3.14,,,,,-0.014,1,15,1.2,0.5537,-0.0842,0,0,,,,-0.0119,,,,,,,,,,,
spelad,EK,2018/19,2018-11-25,,Pogon Szczecin,Legnica,2,0,H,,,,,,,,,,,,,,,,,,,,0.584,0.2421,0.1739,1,,,,1.72,4,5.55,,,,,1.7982,2,,,,,0,0,,,,-0.0345,,,,,,,,,,,
spelad,EK,2018/19,2018-11-25,,Zaglebie,Legia,0,1,A,,,,,,,,,,,,,,,,,,,,0.2574,0.2681,0.4745,1,,,,4,3.61,2.05,,,,,-0.878,-1,13,-0.6923,0.2014,-0.1078,0,0,,,,-0.0054,,,,,,,,,,,
spelad,EK,2018/19,2018-11-26,,Arka Gdynia,Wisla,4,1,H,,,,,,,,,,,,,,,,,,,,0.4248,0.2808,0.2944,1,,,,2.31,3.48,3.4,,,,,0.5965,-1,5,0,0.2106,-0.0937,0,0,,,,-0.0066,,,,,,,,,,,
spelad,EK,2018/19,2018-11-30,,Jagiellonia,Arka Gdynia,3,1,H,,,,,,,,,,,,,,,,,,,,0.4835,0.2795,0.237,1,,,,2.05,3.46,4.08,,,,,-0.8394,1,5,1.8,0.7827,-0.2867,0,0,,,,-0.0369,,,,,,,,,,,
spelad,EK,2018/19,2018-11-30,,Slask Wroclaw,Lechia Gdansk,0,2,A,,,,,,,,,,,,,,,,,,,,0.4061,0.2915,0.3024,1,,,,2.5,3.33,3.21,,,,,-0.721,1,15,1,0.6172,-0.0236,0,0,,,,-0.0255,,,,,,,,,,,
spelad,EK,2018/19,2018-12-01,,Legia,Korona Kielce,3,0,H,,,,,,,,,,,,,,,,,,,,0.5314,0.2679,0.2007,1,,,,1.85,3.75,4.82,,,,,-0.3058,-1,15,1.2,-0.0243,-0.0342,0,0,,,,-0.0174,,,,,,,,,,,
spelad,EK,2018/19,2018-12-01,,Legnica,Wisla,2,0,H,,,,,,,,,,,,,,,,,,,,0.3756,0.2707,0.3537,1,,,,2.6,3.6,2.8,,,,,-0.5876,1,,,,,0,0,,,,0.0076,,,,,,,,,,,
spelad,EK,2018/19,2018-12-01,,Wisla Plock,Gornik Zabrze,0,4,A,,,,,,,,,,,,,,,,,,,,0.5489,0.2563,0.1948,1,,,,1.84,3.85,4.96,,,,,0.3933,0,4,0.75,0.273,-0.0257,0,0,,,,-0.0299,,,,,,,,,,,
spelad,EK,2018/19,2018-12-02,,Cracovia,Lech Poznan,1,0,H,,,,,,,,,,,,,,,,,,,,0.3566,0.3031,0.3403,1,,,,2.72,3.3,2.88,,,,,0.3489,0,12,-1,-0.1279,0.0712,0,0,,,,0.006,,,,,,,,,,,
spelad,EK,2018/19,2018-12-02,,Zaglebie Sosnowiec,Zaglebie,1,2,A,,,,,,,,,,,,,,,,,,,,0.3851,0.2696,0.3453,1,,,,2.54,3.6,2.85,,,,,0.7543,2,,,,,0,0,,,,0.0009,,,,,,,,,,,
spelad,EK,2018/19,2018-12-03,,Piast Gliwice,Pogon Szczecin,3,0,H,,,,,,,,,,,,,,,,,,,,0.3898,0.2941,0.3161,1,,,,2.55,3.3,3.13,,,,,-1.3302,2,15,0,0.0671,0.049,0,0,,,,-0.0102,,,,,,,,,,,
spelad,EK,2018/19,2018-12-07,,Lech Poznan,Slask Wroclaw,2,0,H,,,,,,,,,,,,,,,,,,,,0.4724,0.2799,0.2477,1,,,,2.09,3.5,4.2,,,,,0.2529,-2,14,0.4286,-0.1048,0.0118,0,0,,,,-0.0079,,,,,,,,,,,
spelad,EK,2018/19,2018-12-07,,Zaglebie,Piast Gliwice,2,2,D,,,,,,,,,,,,,,,,,,,,0.3158,0.2868,0.3973,1,,,,3.1,3.38,2.49,,,,,-0.9232,1,14,0,-0.1408,0.0028,0,0,,,,0.0085,,,,,,,,,,,
spelad,EK,2018/19,2018-12-08,,Korona Kielce,Wisla Plock,2,2,D,,,,,,,,,,,,,,,,,,,,0.463,0.2797,0.2574,1,,,,2.13,3.55,3.85,,,,,0.2504,0,6,1,0.8056,-0.2754,0,0,,,,-0.0082,,,,,,,,,,,
spelad,EK,2018/19,2018-12-08,,Pogon Szczecin,Zaglebie Sosnowiec,1,0,H,,,,,,,,,,,,,,,,,,,,0.5992,0.2297,0.1711,1,,,,1.7,4.2,5.64,,,,,1.103,-1,,,,,0,0,,,,-0.0284,,,,,,,,,,,
spelad,EK,2018/19,2018-12-08,,Wisla,Jagiellonia,2,2,D,,,,,,,,,,,,,,,,,,,,0.3193,0.2797,0.401,1,,,,3.04,3.5,2.44,,,,,-0.3774,-1,17,-0.3529,-0.1429,0.0164,0,0,,,,0.0036,,,,,,,,,,,
spelad,EK,2018/19,2018-12-09,,Gornik Zabrze,Legnica,1,3,A,,,,,,,,,,,,,,,,,,,,0.4482,0.2645,0.2873,1,,,,2.2,3.66,3.5,,,,,0.6354,0,,,,,0,0,,,,-0.0123,,,,,,,,,,,
spelad,EK,2018/19,2018-12-09,,Lechia Gdansk,Legia,0,0,D,,,,,,,,,,,,,,,,,,,,0.3214,0.3024,0.3762,1,,,,3.04,3.3,2.65,,,,,0.8103,1,17,-0.8824,-0.0184,-0.0256,0,0,,,,0.0048,,,,,,,,,,,
spelad,EK,2018/19,2018-12-10,,Arka Gdynia,Cracovia,0,3,A,,,,,,,,,,,,,,,,,,,,0.4043,0.3051,0.2905,1,,,,2.4,3.3,3.34,,,,,0.3907,2,7,0,0.0088,0.1413,0,0,,,,-0.0013,,,,,,,,,,,
spelad,EK,2018/19,2018-12-14,,Jagiellonia,Zaglebie,0,4,A,,,,,,,,,,,,,,,,,,,,0.5995,0.236,0.1644,1,,,,1.71,4.09,5.87,,,,,0.796,-1,13,0.6923,0.3788,-0.1381,0,0,,,,-0.0377,,,,,,,,,,,
spelad,EK,2018/19,2018-12-14,,Wisla Plock,Wisla,1,2,A,,,,,,,,,,,,,,,,,,,,0.4619,0.2709,0.2672,1,,,,2.11,3.75,4,,,,,-0.0094,0,6,-1,-0.4455,0.0572,0,0,,,,0.0216,,,,,,,,,,,
spelad,EK,2018/19,2018-12-15,,Cracovia,Pogon Szczecin,2,1,H,,,,,,,,,,,,,,,,,,,,0.379,0.314,0.307,1,,,,2.7,3.25,3.22,,,,,-0.3025,-2,13,-0.4615,-0.153,0.1025,0,0,,,,-0.0077,,,,,,,,,,,
spelad,EK,2018/19,2018-12-15,,Gornik Zabrze,Arka Gdynia,1,1,D,,,,,,,,,,,,,,,,,,,,0.3846,0.2801,0.3353,1,,,,2.69,3.46,2.9,,,,,-0.3105,1,3,-1,-0.6523,0.3875,0,0,,,,-0.0078,,,,,,,,,,,
spelad,EK,2018/19,2018-12-15,,Legia,Piast Gliwice,2,0,H,,,,,,,,,,,,,,,,,,,,0.5815,0.2547,0.1639,1,,,,1.66,4.12,6.1,,,,,0.2637,-2,14,1.5,0.098,-0.0134,0,0,,,,-0.0048,,,,,,,,,,,
spelad,EK,2018/19,2018-12-16,,Slask Wroclaw,Korona Kielce,1,1,D,,,,,,,,,,,,,,,,,,,,0.4161,0.281,0.3029,1,,,,2.42,3.5,3.21,,,,,-0.7602,1,15,0.4,-0.026,0.1839,0,0,,,,-0.0171,,,,,,,,,,,
spelad,EK,2018/19,2018-12-16,,Zaglebie Sosnowiec,Lech Poznan,0,6,A,,,,,,,,,,,,,,,,,,,,0.2532,0.2657,0.4811,1,,,,3.82,3.67,2.02,,,,,-0.1837,-1,,,,,0,0,,,,0.0164,,,,,,,,,,,
spelad,EK,2018/19,2018-12-17,,Legnica,Lechia Gdansk,0,0,D,,,,,,,,,,,,,,,,,,,,0.3182,0.2889,0.3929,1,,,,3.3,3.4,2.5,,,,,-1.2908,0,,,,,0,0,,,,-0.0023,,,,,,,,,,,
spelad,EK,2018/19,2018-12-20,,Pogon Szczecin,Slask Wroclaw,2,1,H,,,,,,,,,,,,,,,,,,,,0.4893,0.2833,0.2274,1,,,,2.08,3.5,4.26,,,,,1.1148,1,15,-0.8,-0.3759,0.1837,0,0,,,,-0.0148,,,,,,,,,,,
spelad,EK,2018/19,2018-12-20,,Zaglebie Sosnowiec,Legia,2,3,A,,,,,,,,,,,,,,,,,,,,0.1523,0.2228,0.6249,1,,,,7,4.52,1.6,,,,,-0.5136,-1,,,,,0,0,,,,0.0118,,,,,,,,,,,
spelad,EK,2018/19,2018-12-21,,Arka Gdynia,Wisla Plock,3,3,D,,,,,,,,,,,,,,,,,,,,0.379,0.2853,0.3357,1,,,,2.56,3.4,3.15,,,,,0.3533,-1,6,-0.5,-0.31,0.211,0,0,,,,0.0202,,,,,,,,,,,
spelad,EK,2018/19,2018-12-21,,Piast Gliwice,Jagiellonia,1,1,D,,,,,,,,,,,,,,,,,,,,0.3761,0.3004,0.3235,1,,,,2.65,3.3,3,,,,,-0.0586,-1,14,-0.4286,0.0529,-0.1352,0,0,,,,-0.0235,,,,,,,,,,,
spelad,EK,2018/19,2018-12-21,,Wisla,Lech Poznan,0,1,A,,,,,,,,,,,,,,,,,,,,0.2966,0.2724,0.431,1,,,,3.4,3.61,2.35,,,,,-0.2601,2,17,-0.7059,0.0583,0.029,0,0,,,,-0.0043,,,,,,,,,,,
spelad,EK,2018/19,2018-12-22,,Korona Kielce,Legnica,0,0,D,,,,,,,,,,,,,,,,,,,,0.5289,0.2616,0.2095,1,,,,1.9,3.7,4.62,,,,,0.1829,1,,,,,0,0,,,,-0.0198,,,,,,,,,,,
spelad,EK,2018/19,2018-12-22,,Lechia Gdansk,Gornik Zabrze,4,0,H,,,,,,,,,,,,,,,,,,,,0.5977,0.2347,0.1676,1,,,,1.7,4.14,6.5,,,,,0.9523,-2,13,0.4615,-0.0682,0.2613,0,0,,,,-0.0139,,,,,,,,,,,
spelad,EK,2018/19,2018-12-22,,Zaglebie,Cracovia,1,2,A,,,,,,,,,,,,,,,,,,,,0.4091,0.2802,0.3107,1,,,,2.4,3.46,3.17,,,,,-0.9509,1,12,-0.5,-0.3734,0.0457,0,0,,,,-0.0057,,,,,,,,,,,
spelad,EK,2018/19,2019-02-08,,Lech Poznan,Zaglebie,1,2,A,,,,,,,,,,,,,,,,,,,,0.5342,0.2762,0.1896,1,,,,1.86,3.65,5.1,,,,,0.4328,,13,0.2308,-0.1779,0.0301,0,0,,,,-0.0244,,,,,,,,,,,
spelad,EK,2018/19,2019-02-08,,Legnica,Jagiellonia,0,3,A,,,,,,,,,,,,,,,,,,,,0.3367,0.286,0.3773,1,,,,2.92,3.5,2.58,,,,,0.2439,,,,,,0,0,,,,-0.01,,,,,,,,,,,
spelad,EK,2018/19,2019-02-09,,Cracovia,Piast Gliwice,2,1,H,,,,,,,,,,,,,,,,,,,,0.3972,0.3019,0.301,1,,,,2.44,3.3,3.27,,,,,0.93,,16,-0.5625,-0.379,0.0288,0,0,,,,-0.0028,,,,,,,,,,,
spelad,EK,2018/19,2019-02-09,,Lechia Gdansk,Pogon Szczecin,2,1,H,,,,,,,,,,,,,,,,,,,,0.3973,0.2911,0.3117,1,,,,2.47,3.4,3.3,,,,,0.3269,,18,0.3333,-0.0083,0.0526,0,0,,,,0.0016,,,,,,,,,,,
spelad,EK,2018/19,2019-02-09,,Slask Wroclaw,Zaglebie Sosnowiec,2,0,H,,,,,,,,,,,,,,,,,,,,0.528,0.2563,0.2157,1,,,,1.86,4,4.5,,,,,0.0549,,,,,,0,0,,,,-0.0186,,,,,,,,,,,
spelad,EK,2018/19,2019-02-10,,Arka Gdynia,Korona Kielce,1,2,A,,,,,,,,,,,,,,,,,,,,0.4057,0.2894,0.3049,1,,,,2.45,3.35,3.2,,,,,-0.2325,,5,0,0.0609,-0.0843,0,0,,,,-0.0161,,,,,,,,,,,
spelad,EK,2018/19,2019-02-10,,Wisla Plock,Legia,0,1,A,,,,,,,,,,,,,,,,,,,,0.2484,0.2721,0.4795,1,,,,4,3.56,2.1,,,,,-0.6493,,6,-0.5,0.2556,-0.0949,0,0,,,,0.0116,,,,,,,,,,,
spelad,EK,2018/19,2019-02-11,,Gornik Zabrze,Wisla,2,0,H,,,,,,,,,,,,,,,,,,,,0.4143,0.2731,0.3127,1,,,,2.35,3.6,3.1,,,,,0.2916,,15,0.2,0.2918,-0.0111,0,0,,,,-0.0066,,,,,,,,,,,
spelad,EK,2018/19,2019-02-15,,Piast Gliwice,Lech Poznan,4,0,H,,,,,,,,,,,,,,,,,,,,0.3961,0.3062,0.2977,1,,,,2.55,3.3,3.26,,,,,-0.27,-1,14,-1.0714,0.0099,-0.0456,0,0,,,,-0.0321,,,,,,,,,,,
spelad,EK,2018/19,2019-02-15,,Pogon Szczecin,Gornik Zabrze,3,1,H,,,,,,,,,,,,,,,,,,,,0.5526,0.2635,0.1839,1,,,,1.75,3.8,5.26,,,,,0.4127,2,13,-0.2308,-0.3145,0.325,0,0,,,,-0.0217,,,,,,,,,,,
spelad,EK,2018/19,2019-02-16,,Jagiellonia,Wisla Plock,1,0,H,,,,,,,,,,,,,,,,,,,,0.523,0.2601,0.2169,1,,,,1.88,3.8,4.7,,,,,0.3073,2,6,-0.5,-0.4527,-0.1021,0,0,,,,-0.0104,,,,,,,,,,,
spelad,EK,2018/19,2019-02-16,,Korona Kielce,Lechia Gdansk,0,0,D,,,,,,,,,,,,,,,,,,,,0.3764,0.3303,0.2934,1,,,,2.6,3.2,3.31,,,,,-0.6283,-1,14,0.6429,0.6311,-0.066,0,0,,,,-0.0141,,,,,,,,,,,
spelad,EK,2018/19,2019-02-16,,Zaglebie Sosnowiec,Arka Gdynia,3,2,H,,,,,,,,,,,,,,,,,,,,0.3651,0.2881,0.3468,1,,,,2.66,3.48,2.9,,,,,-0.4898,1,,,,,0,0,,,,0.0133,,,,,,,,,,,
spelad,EK,2018/19,2019-02-17,,Legia,Cracovia,0,2,A,,,,,,,,,,,,,,,,,,,,0.6064,0.2453,0.1483,1,,,,1.67,4.03,6.63,,,,,-0.1926,-1,12,2.5,0.7018,-0.0761,0,0,,,,-0.0188,,,,,,,,,,,
spelad,EK,2018/19,2019-02-17,,Zaglebie,Legnica,3,0,H,,,,,,,,,,,,,,,,,,,,0.4571,0.2963,0.2466,1,,,,2.16,3.4,3.93,,,,,0.162,0,,,,,0,0,,,,-0.0068,,,,,,,,,,,
spelad,EK,2018/19,2019-02-18,,Wisla,Slask Wroclaw,1,0,H,,,,,,,,,,,,,,,,,,,,0.3152,0.2751,0.4097,1,,,,3.1,3.53,2.55,,,,,0.2904,-2,15,0,-0.0039,-0.0859,0,0,,,,0.0114,,,,,,,,,,,
spelad,EK,2018/19,2019-02-22,,Arka Gdynia,Piast Gliwice,1,2,A,,,,,,,,,,,,,,,,,,,,0.3062,0.3071,0.3867,1,,,,3.17,3.3,2.7,,,,,-0.1127,-1,7,-1.2857,-0.6703,-0.0021,0,0,,,,0.0313,,,,,,,,,,,
spelad,EK,2018/19,2019-02-22,,Korona Kielce,Pogon Szczecin,1,1,D,,,,,,,,,,,,,,,,,,,,0.3405,0.3091,0.3504,1,,,,2.85,3.35,3,,,,,-0.1347,-1,14,-0.6429,-0.2276,0.2167,0,0,,,,0.0219,,,,,,,,,,,
spelad,EK,2018/19,2019-02-23,,Gornik Zabrze,Zaglebie Sosnowiec,2,1,H,,,,,,,,,,,,,,,,,,,,0.4728,0.2708,0.2564,1,,,,2.06,3.59,3.8,,,,,0.3584,1,,,,,0,0,,,,-0.0229,,,,,,,,,,,
spelad,EK,2018/19,2019-02-23,,Lech Poznan,Legia,2,0,H,,,,,,,,,,,,,,,,,,,,0.2921,0.2827,0.4253,1,,,,3.4,3.43,2.3,,,,,-0.1242,2,18,-1.3333,-0.3888,-0.1756,0,0,,,,0.0095,,,,,,,,,,,
spelad,EK,2018/19,2019-02-23,,Lechia Gdansk,Wisla,1,0,H,,,,,,,,,,,,,,,,,,,,0.5736,0.249,0.1775,1,,,,1.69,4,5.75,,,,,0.7879,2,16,-0.1875,-0.2398,0.1521,0,0,,,,-0.0091,,,,,,,,,,,
spelad,EK,2018/19,2019-02-24,,Cracovia,Jagiellonia,1,0,H,,,,,,,,,,,,,,,,,,,,0.4009,0.3051,0.294,1,,,,2.42,3.3,3.35,,,,,1.208,-1,12,-0.5,-0.2587,0.2191,0,0,,,,-0.0001,,,,,,,,,,,
spelad,EK,2018/19,2019-02-24,,Legnica,Wisla Plock,2,1,H,,,,,,,,,,,,,,,,,,,,0.4387,0.2802,0.281,1,,,,2.3,3.47,3.46,,,,,0.5539,-1,,,,,0,0,,,,-0.0214,,,,,,,,,,,
spelad,EK,2018/19,2019-02-25,,Slask Wroclaw,Zaglebie,2,0,H,,,,,,,,,,,,,,,,,,,,0.461,0.2774,0.2616,1,,,,2.2,3.49,3.7,,,,,-1.1001,-1,13,-0.4615,-0.1894,-0.0561,0,0,,,,-0.0411,,,,,,,,,,,
spelad,EK,2018/19,2019-03-01,,Legia,Legnica,2,0,H,,,,,,,,,,,,,,,,,,,,0.6526,0.2215,0.1259,1,,,,1.55,4.35,7.62,,,,,-0.0081,1,,,,,0,0,,,,-0.0406,,,,,,,,,,,
spelad,EK,2018/19,2019-03-01,,Piast Gliwice,Slask Wroclaw,2,0,H,,,,,,,,,,,,,,,,,,,,0.4177,0.2973,0.285,1,,,,2.32,3.4,3.6,,,,,0.4992,3,16,0.75,0.4774,0.0929,0,0,,,,-0.0006,,,,,,,,,,,
spelad,EK,2018/19,2019-03-02,,Jagiellonia,Gornik Zabrze,2,2,D,,,,,,,,,,,,,,,,,,,,0.5345,0.268,0.1975,1,,,,1.81,3.7,4.9,,,,,-0.2165,-1,14,0.2143,0.0035,-0.0587,0,0,,,,0.0003,,,,,,,,,,,
spelad,EK,2018/19,2019-03-02,,Wisla Plock,Cracovia,3,2,H,,,,,,,,,,,,,,,,,,,,0.2851,0.3058,0.409,1,,,,3.4,3.35,2.45,,,,,-2.441,0,6,-0.5,-0.2137,-0.1204,0,0,,,,0.0143,,,,,,,,,,,
spelad,EK,2018/19,2019-03-02,,Zaglebie Sosnowiec,Korona Kielce,4,1,H,,,,,,,,,,,,,,,,,,,,0.3256,0.2923,0.3821,1,,,,3,3.4,2.54,,,,,-0.4371,-1,,,,,0,0,,,,-0.0049,,,,,,,,,,,
spelad,EK,2018/19,2019-03-03,,Lech Poznan,Arka Gdynia,1,0,H,,,,,,,,,,,,,,,,,,,,0.5616,0.2562,0.1822,1,,,,1.75,3.85,5.3,,,,,1.0687,-1,5,0.6,-0.1743,0.1289,0,0,,,,-0.0167,,,,,,,,,,,
spelad,EK,2018/19,2019-03-03,,Wisla,Pogon Szczecin,2,3,A,,,,,,,,,,,,,,,,,,,,0.2929,0.2911,0.416,1,,,,3.31,3.4,2.4,,,,,-0.3029,-1,16,0.75,0.2719,-0.036,0,0,,,,0.0176,,,,,,,,,,,
spelad,EK,2018/19,2019-03-04,,Zaglebie,Lechia Gdansk,2,1,H,,,,,,,,,,,,,,,,,,,,0.3621,0.3033,0.3346,1,,,,2.75,3.35,2.9,,,,,-0.2861,-2,12,-1.75,-0.8224,-0.0385,0,0,,,,-0.0177,,,,,,,,,,,
spelad,EK,2018/19,2019-03-08,,Gornik Zabrze,Piast Gliwice,0,2,A,,,,,,,,,,,,,,,,,,,,0.3334,0.2949,0.3717,1,,,,3,3.3,2.61,,,,,-0.2084,-1,11,0.5455,0.2848,-0.1922,0,0,,,,-0.0122,,,,,,,,,,,
spelad,EK,2018/19,2019-03-08,,Slask Wroclaw,Jagiellonia,2,0,H,,,,,,,,,,,,,,,,,,,,0.4178,0.2955,0.2867,1,,,,2.5,3.4,3.38,,,,,-0.4201,1,16,0.1875,0.1335,-0.0938,0,0,,,,-0.0195,,,,,,,,,,,
spelad,EK,2018/19,2019-03-09,,Arka Gdynia,Legia,1,2,A,,,,,,,,,,,,,,,,,,,,0.2279,0.2714,0.5007,1,,,,4.5,3.6,2,,,,,-1.1472,-2,5,0,0.5646,-0.0583,0,0,,,,0.0108,,,,,,,,,,,
spelad,EK,2018/19,2019-03-09,,Cracovia,Zaglebie Sosnowiec,2,1,H,,,,,,,,,,,,,,,,,,,,0.5639,0.2485,0.1876,1,,,,1.72,3.88,5.14,,,,,1.6289,0,,,,,0,0,,,,-0.0298,,,,,,,,,,,
spelad,EK,2018/19,2019-03-09,,Korona Kielce,Wisla,2,6,A,,,,,,,,,,,,,,,,,,,,0.4387,0.2956,0.2656,1,,,,2.24,3.5,3.75,,,,,-0.1028,1,16,0,0.1602,-0.0346,0,0,,,,-0.0101,,,,,,,,,,,
spelad,EK,2018/19,2019-03-10,,Legnica,Lech Poznan,3,2,H,,,,,,,,,,,,,,,,,,,,0.3117,0.2793,0.409,1,,,,3.2,3.5,2.38,,,,,-0.089,2,,,,,0,0,,,,-0.0019,,,,,,,,,,,
spelad,EK,2018/19,2019-03-10,,Pogon Szczecin,Zaglebie,0,3,A,,,,,,,,,,,,,,,,,,,,0.5736,0.2333,0.1931,1,,,,1.8,4.13,5.25,,,,,-0.6952,1,12,0,0.0004,0.2081,0,0,,,,-0.0297,,,,,,,,,,,
spelad,EK,2018/19,2019-03-11,,Lechia Gdansk,Wisla Plock,1,1,D,,,,,,,,,,,,,,,,,,,,0.5562,0.2659,0.1779,1,,,,1.74,3.75,5.5,,,,,1.0232,-2,5,0.6,0.194,-0.2762,0,0,,,,-0.0158,,,,,,,,,,,
spelad,EK,2018/19,2019-03-15,,Lech Poznan,Gornik Zabrze,0,3,A,,,,,,,,,,,,,,,,,,,,0.4885,0.287,0.2244,1,,,,2.02,3.65,4.5,,,,,0.5375,-2,14,1.2857,0.0989,0.0306,0,0,,,,-0.0123,,,,,,,,,,,
spelad,EK,2018/19,2019-03-15,,Wisla Plock,Pogon Szczecin,0,2,A,,,,,,,,,,,,,,,,,,,,0.3588,0.285,0.3562,1,,,,2.75,3.4,2.75,,,,,-0.3748,-1,5,0,0.2135,-0.0828,0,0,,,,0.0027,,,,,,,,,,,
spelad,EK,2018/19,2019-03-16,,Jagiellonia,Korona Kielce,1,3,A,,,,,,,,,,,,,,,,,,,,0.4796,0.2909,0.2295,1,,,,2.09,3.4,4.25,,,,,0.0627,1,17,0.7059,0.2672,0.0091,0,0,,,,-0.039,,,,,,,,,,,
spelad,EK,2018/19,2019-03-16,,Legia,Slask Wroclaw,1,0,H,,,,,,,,,,,,,,,,,,,,0.5344,0.2694,0.1962,1,,,,1.88,3.6,5,,,,,0.3012,-1,14,1.5,0.3046,-0.0402,0,0,,,,-0.0323,,,,,,,,,,,
spelad,EK,2018/19,2019-03-16,,Zaglebie Sosnowiec,Lechia Gdansk,0,1,A,,,,,,,,,,,,,,,,,,,,0.2828,0.2861,0.4311,1,,,,3.5,3.5,2.27,,,,,-0.2736,2,,,,,0,0,,,,-0.0018,,,,,,,,,,,
spelad,EK,2018/19,2019-03-17,,Piast Gliwice,Legnica,2,1,H,,,,,,,,,,,,,,,,,,,,0.4986,0.2748,0.2265,1,,,,1.95,3.6,4.5,,,,,0.1526,2,,,,,0,0,,,,0.0008,,,,,,,,,,,
spelad,EK,2018/19,2019-03-17,,Wisla,Cracovia,3,2,H,,,,,,,,,,,,,,,,,,,,0.3335,0.2829,0.3836,1,,,,3,3.43,2.56,,,,,-1.1179,0,11,0.5455,0.124,-0.0113,0,0,,,,-0.0004,,,,,,,,,,,
spelad,EK,2018/19,2019-03-17,,Zaglebie,Arka Gdynia,0,0,D,,,,,,,,,,,,,,,,,,,,0.4612,0.2668,0.272,1,,,,2.15,3.63,3.75,,,,,1.8496,-1,6,-0.5,-0.3761,0.2179,0,0,,,,-0.0038,,,,,,,,,,,
spelad,EK,2018/19,2019-03-29,,Gornik Zabrze,Cracovia,0,1,A,,,,,,,,,,,,,,,,,,,,0.339,0.2938,0.3672,1,,,,2.88,3.4,2.66,,,,,-0.6307,2,9,-1,-0.4336,-0.0596,0,0,,,,0.0066,,,,,,,,,,,
spelad,EK,2018/19,2019-03-29,,Lechia Gdansk,Piast Gliwice,2,0,H,,,,,,,,,,,,,,,,,,,,0.4381,0.3016,0.2603,1,,,,2.21,3.45,3.72,,,,,-0.3633,1,15,0.4,0.0113,-0.0808,0,0,,,,-0.0064,,,,,,,,,,,
spelad,EK,2018/19,2019-03-29,,Wisla Plock,Zaglebie,0,1,A,,,,,,,,,,,,,,,,,,,,0.3704,0.278,0.3516,1,,,,2.62,3.5,2.79,,,,,-1.3323,2,7,0.4286,0.2382,0.0061,0,0,,,,0.0049,,,,,,,,,,,
spelad,EK,2018/19,2019-03-30,,Arka Gdynia,Slask Wroclaw,0,2,A,,,,,,,,,,,,,,,,,,,,0.3365,0.2964,0.3671,1,,,,2.95,3.4,2.64,,,,,-0.6939,-1,7,1.2857,0.8863,-0.2805,0,0,,,,-0.0064,,,,,,,,,,,
spelad,EK,2018/19,2019-03-30,,Korona Kielce,Lech Poznan,0,0,D,,,,,,,,,,,,,,,,,,,,0.3761,0.3004,0.3235,1,,,,2.61,3.4,3.1,,,,,-0.0439,-1,15,-0.8,0.1893,-0.0512,0,0,,,,-0.0012,,,,,,,,,,,
spelad,EK,2018/19,2019-03-30,,Legnica,Zaglebie Sosnowiec,0,2,A,,,,,,,,,,,,,,,,,,,,0.4485,0.257,0.2945,1,,,,2.16,3.77,3.5,,,,,0.177,-1,,,,,0,0,,,,0.0054,,,,,,,,,,,
spelad,EK,2018/19,2019-03-31,,Pogon Szczecin,Jagiellonia,0,0,D,,,,,,,,,,,,,,,,,,,,0.4328,0.2902,0.277,1,,,,2.31,3.5,3.5,,,,,0.6445,1,15,-0.8,-0.3536,0.0436,0,0,,,,-0.0144,,,,,,,,,,,
spelad,EK,2018/19,2019-03-31,,Wisla,Legia,4,0,H,,,,,,,,,,,,,,,,,,,,0.2648,0.2692,0.466,1,,,,3.85,3.6,2.1,,,,,0.0327,-1,17,-1.2353,-0.1774,0.0986,0,0,,,,-0.0013,,,,,,,,,,,
spelad,EK,2018/19,2019-04-02,,Arka Gdynia,Lechia Gdansk,0,0,D,,,,,,,,,,,,,,,,,,,,0.2808,0.2981,0.4212,1,,,,3.75,3.35,2.31,,,,,-1.4378,-1,6,-2.5,-0.974,-0.1137,0,0,,,,0.0071,,,,,,,,,,,
spelad,EK,2018/19,2019-04-02,,Cracovia,Korona Kielce,2,1,H,,,,,,,,,,,,,,,,,,,,0.4552,0.2903,0.2545,1,,,,2.17,3.4,3.81,,,,,1.0119,1,13,0.2308,-0.0628,0.0274,0,0,,,,-0.0205,,,,,,,,,,,
spelad,EK,2018/19,2019-04-02,,Slask Wroclaw,Legnica,0,0,D,,,,,,,,,,,,,,,,,,,,0.4933,0.2844,0.2223,1,,,,1.98,3.6,4.35,,,,,0.4078,0,,,,,0,0,,,,-0.0144,,,,,,,,,,,
spelad,EK,2018/19,2019-04-02,,Zaglebie,Gornik Zabrze,1,1,D,,,,,,,,,,,,,,,,,,,,0.433,0.2694,0.2975,1,,,,2.26,3.6,3.35,,,,,0.6146,0,10,-0.6,-0.2922,-0.0769,0,0,,,,-0.0027,,,,,,,,,,,
spelad,EK,2018/19,2019-04-03,,Lech Poznan,Pogon Szczecin,3,2,H,,,,,,,,,,,,,,,,,,,,0.3895,0.2904,0.3201,1,,,,2.5,3.4,3.07,,,,,-0.4473,1,17,0.3529,-0.2812,0.0289,0,0,,,,0.0029,,,,,,,,,,,
spelad,EK,2018/19,2019-04-03,,Legia,Jagiellonia,3,0,H,,,,,,,,,,,,,,,,,,,,0.5609,0.2506,0.1884,1,,,,1.87,3.85,5.5,,,,,0.3324,0,16,0.1875,-0.3933,0.0554,0,0,,,,-0.0371,,,,,,,,,,,
spelad,EK,2018/19,2019-04-03,,Piast Gliwice,Wisla Plock,1,0,H,,,,,,,,,,,,,,,,,,,,0.519,0.2689,0.2121,1,,,,1.88,3.7,4.55,,,,,1.0808,0,6,1,0.5477,0.0449,0,0,,,,-0.0163,,,,,,,,,,,
spelad,EK,2018/19,2019-04-03,,Zaglebie Sosnowiec,Wisla,4,3,H,,,,,,,,,,,,,,,,,,,,0.3791,0.2588,0.3621,1,,,,2.78,3.75,2.72,,,,,-0.2971,1,,,,,0,0,,,,-0.0353,,,,,,,,,,,
spelad,EK,2018/19,2019-04-05,,Korona Kielce,Zaglebie,0,2,A,,,,,,,,,,,,,,,,,,,,0.3907,0.2884,0.3209,1,,,,2.48,3.4,3.1,,,,,-1.0222,0,13,-0.4615,-0.0322,-0.0542,0,0,,,,0.0085,,,,,,,,,,,
spelad,EK,2018/19,2019-04-05,,Legnica,Cracovia,2,1,H,,,,,,,,,,,,,,,,,,,,0.3121,0.295,0.3929,1,,,,3.12,3.35,2.51,,,,,-1.0751,0,,,,,0,0,,,,0.0124,,,,,,,,,,,
spelad,EK,2018/19,2019-04-06,,Jagiellonia,Zaglebie Sosnowiec,2,1,H,,,,,,,,,,,,,,,,,,,,0.5372,0.2613,0.2015,1,,,,1.88,3.9,5,,,,,-0.7562,0,,,,,0,0,,,,-0.0223,,,,,,,,,,,
spelad,EK,2018/19,2019-04-06,,Lechia Gdansk,Lech Poznan,1,0,H,,,,,,,,,,,,,,,,,,,,0.4445,0.2901,0.2655,1,,,,2.2,3.4,3.75,,,,,0.5631,1,17,-1.0588,-0.1876,-0.103,0,0,,,,-0.0123,,,,,,,,,,,
spelad,EK,2018/19,2019-04-06,,Wisla,Piast Gliwice,2,2,D,,,,,,,,,,,,,,,,,,,,0.3106,0.2769,0.4124,1,,,,3.25,3.5,2.6,,,,,-0.4202,0,13,0.2308,-0.0927,0.0252,0,0,,,,0.0259,,,,,,,,,,,
spelad,EK,2018/19,2019-04-07,,Gornik Zabrze,Legia,1,2,A,,,,,,,,,,,,,,,,,,,,0.2334,0.2684,0.4981,1,,,,4.32,3.75,1.95,,,,,0.1438,1,14,-1.9286,-0.3152,-0.0205,0,0,,,,0.0126,,,,,,,,,,,
spelad,EK,2018/19,2019-04-07,,Pogon Szczecin,Arka Gdynia,3,3,D,,,,,,,,,,,,,,,,,,,,0.517,0.2904,0.1926,1,,,,1.89,3.65,5.02,,,,,0.7693,-1,6,3,1.433,-0.2856,0,0,,,,-0.0118,,,,,,,,,,,
spelad,EK,2018/19,2019-04-08,,Wisla Plock,Slask Wroclaw,2,0,H,,,,,,,,,,,,,,,,,,,,0.3417,0.2821,0.3762,1,,,,2.87,3.44,2.65,,,,,-0.7428,-1,6,0.5,0.1486,0.2198,0,0,,,,0.0045,,,,,,,,,,,
spelad,EK,2018/19,2019-04-13,,Arka Gdynia,Legnica,1,1,D,,,,,,,,,,,,,,,,,,,,0.4346,0.2885,0.2769,1,,,,2.26,3.4,3.5,,,,,-0.8155,-2,,,,,0,0,,,,-0.0181,,,,,,,,,,,
spelad,EK,2018/19,2019-04-13,,Cracovia,Lechia Gdansk,4,2,H,,,,,,,,,,,,,,,,,,,,0.4311,0.2948,0.274,1,,,,2.5,3.4,3.54,,,,,0.1465,1,13,0.4615,0.5737,-0.2018,0,0,,,,-0.045,,,,,,,,,,,
spelad,EK,2018/19,2019-04-13,,Lech Poznan,Jagiellonia,0,2,A,,,,,,,,,,,,,,,,,,,,0.4722,0.279,0.2488,1,,,,2.15,3.47,3.9,,,,,0.2761,0,16,-0.9375,-0.7879,-0.0824,0,0,,,,-0.0407,,,,,,,,,,,
spelad,EK,2018/19,2019-04-13,,Legia,Pogon Szczecin,3,1,H,,,,,,,,,,,,,,,,,,,,0.5335,0.2515,0.2151,1,,,,1.82,3.84,4.57,,,,,0.1247,0,17,1.7647,0.4307,-0.1834,0,0,,,,-0.0224,,,,,,,,,,,
spelad,EK,2018/19,2019-04-13,,Piast Gliwice,Korona Kielce,4,0,H,,,,,,,,,,,,,,,,,,,,0.5282,0.2584,0.2134,1,,,,1.85,3.74,4.85,,,,,1.456,-1,15,-0.8,-0.377,0.0438,0,0,,,,-0.014,,,,,,,,,,,
spelad,EK,2018/19,2019-04-13,,Slask Wroclaw,Gornik Zabrze,0,1,A,,,,,,,,,,,,,,,,,,,,0.4721,0.2719,0.256,1,,,,2.1,3.57,3.8,,,,,-0.0293,-1,13,-0.4615,-0.4854,0.257,0,0,,,,-0.023,,,,,,,,,,,
spelad,EK,2018/19,2019-04-13,,Zaglebie,Wisla,3,1,H,,,,,,,,,,,,,,,,,,,,0.4617,0.2572,0.2811,1,,,,2.35,3.77,3.47,,,,,0.3038,1,12,0,0.1727,-0.1172,0,0,,,,-0.0247,,,,,,,,,,,
spelad,EK,2018/19,2019-04-13,,Zaglebie Sosnowiec,Wisla Plock,1,3,A,,,,,,,,,,,,,,,,,,,,0.3648,0.2718,0.3634,1,,,,2.66,3.57,2.8,,,,,0.6147,2,,,,,0,0,,,,0.0162,,,,,,,,,,,
spelad,EK,2018/19,2019-04-20,,Jagiellonia,Lech Poznan,3,3,D,,,,,,,,,,,,,,,,,,,,0.4427,0.277,0.2802,1,,,,2.19,3.6,3.75,,,,,-0.1136,0,17,1.0588,0.9353,-0.094,0,0,,,,0.0149,,,,,,,,,,,
spelad,EK,2018/19,2019-04-20,,Lechia Gdansk,Piast Gliwice,0,2,A,,,,,,,,,,,,,,,,,,,,0.4214,0.2876,0.291,1,,,,2.3,3.5,3.5,,,,,-0.6556,0,16,0.5625,0.0971,-0.0946,0,0,,,,0.0185,,,,,,,,,,,
spelad,EK,2018/19,2019-04-20,,Legia,Cracovia,1,0,H,,,,,,,,,,,,,,,,,,,,0.5487,0.2562,0.1951,1,,,,1.86,3.77,4.95,,,,,0.1161,0,13,2.0769,0.489,-0.0891,0,0,,,,-0.0306,,,,,,,,,,,
spelad,EK,2018/19,2019-04-20,,Zaglebie,Pogon Szczecin,2,3,A,,,,,,,,,,,,,,,,,,,,0.459,0.2705,0.2705,1,,,,2.25,3.58,3.6,,,,,1.1344,0,13,0.2308,-0.0242,0.1741,0,0,,,,-0.0355,,,,,,,,,,,
spelad,EK,2018/19,2019-04-22,,Gornik Zabrze,Arka Gdynia,1,0,H,,,,,,,,,,,,,,,,,,,,0.4349,0.2755,0.2895,1,,,,2.25,3.53,3.54,,,,,0.8359,0,4,-0.75,-0.5977,0.4706,0,0,,,,0.0022,,,,,,,,,,,
spelad,EK,2018/19,2019-04-22,,Korona Kielce,Slask Wroclaw,2,0,H,,,,,,,,,,,,,,,,,,,,0.3077,0.2817,0.4106,1,,,,3.2,3.44,2.55,,,,,-0.4652,0,16,-0.375,-0.1598,0.2173,0,0,,,,0.0249,,,,,,,,,,,
spelad,EK,2018/19,2019-04-22,,Legnica,Zaglebie Sosnowiec,2,2,D,,,,,,,,,,,,,,,,,,,,0.4257,0.2846,0.2897,1,,,,2.28,3.5,3.5,,,,,0.2193,0,,,,,0,0,,,,0.0095,,,,,,,,,,,
spelad,EK,2018/19,2019-04-22,,Wisla,Wisla Plock,2,3,A,,,,,,,,,,,,,,,,,,,,0.3244,0.2748,0.4008,1,,,,3,3.6,2.55,,,,,0.0456,0,7,1.2857,0.6082,0.0104,0,0,,,,0.02,,,,,,,,,,,
spelad,EK,2018/19,2019-04-23,,Cracovia,Jagiellonia,0,1,A,,,,,,,,,,,,,,,,,,,,0.4987,0.2636,0.2377,1,,,,2.1,3.67,4.07,,,,,0.292,0,13,-0.2308,-0.124,0.1787,0,0,,,,-0.0482,,,,,,,,,,,
spelad,EK,2018/19,2019-04-23,,Piast Gliwice,Zaglebie,1,0,H,,,,,,,,,,,,,,,,,,,,0.4793,0.2638,0.2568,1,,,,2.1,3.67,3.8,,,,,0.1422,0,15,0,0.0969,0.0502,0,0,,,,-0.0313,,,,,,,,,,,
spelad,EK,2018/19,2019-04-24,,Lech Poznan,Legia,1,0,H,,,,,,,,,,,,,,,,,,,,0.2883,0.2714,0.4403,1,,,,3.5,3.57,2.3,,,,,-1.2358,0,19,-1.1053,-0.2714,-0.1813,0,0,,,,0.0084,,,,,,,,,,,
spelad,EK,2018/19,2019-04-24,,Pogon Szczecin,Lechia Gdansk,3,4,A,,,,,,,,,,,,,,,,,,,,0.3977,0.2932,0.3091,1,,,,2.6,3.4,3.15,,,,,0.0981,0,19,-0.4737,-0.1064,0.0345,0,0,,,,-0.0141,,,,,,,,,,,
spelad,EK,2018/19,2019-04-25,,Arka Gdynia,Legnica,2,0,H,,,,,,,,,,,,,,,,,,,,0.416,0.2955,0.2885,1,,,,2.34,3.4,3.5,,,,,-0.5822,0,,,,,0,0,,,,0.0041,,,,,,,,,,,
spelad,EK,2018/19,2019-04-25,,Slask Wroclaw,Gornik Zabrze,1,2,A,,,,,,,,,,,,,,,,,,,,0.4728,0.2715,0.2557,1,,,,2.1,3.57,3.83,,,,,-0.7695,0,14,-0.6429,-0.5713,0.2193,0,0,,,,-0.0245,,,,,,,,,,,
spelad,EK,2018/19,2019-04-25,,Wisla Plock,Korona Kielce,2,1,H,,,,,,,,,,,,,,,,,,,,0.4729,0.27,0.2571,1,,,,2.1,3.65,4,,,,,0.7891,0,7,-0.8571,-0.4618,-0.1332,0,0,,,,-0.0201,,,,,,,,,,,
spelad,EK,2018/19,2019-04-25,,Zaglebie Sosnowiec,Wisla,2,1,H,,,,,,,,,,,,,,,,,,,,0.5619,0.2052,0.2329,1,,,,1.85,4.71,4.5,,,,,0.0468,0,,,,,0,0,,,,-0.0485,,,,,,,,,,,
spelad,EK,2018/19,2019-04-26,,Piast Gliwice,Cracovia,3,1,H,,,,,,,,,,,,,,,,,,,,0.4443,0.2866,0.2691,1,,,,2.2,3.5,3.64,,,,,0.8475,0,17,0.3529,0.2587,0.0093,0,0,,,,-0.0177,,,,,,,,,,,
spelad,EK,2018/19,2019-04-26,,Zaglebie,Jagiellonia,2,0,H,,,,,,,,,,,,,,,,,,,,0.5006,0.2626,0.2368,1,,,,2.2,3.68,4.33,,,,,0.2954,0,14,-0.4286,-0.0613,-0.1451,0,0,,,,-0.0628,,,,,,,,,,,
spelad,EK,2018/19,2019-04-27,,Lechia Gdansk,Legia,1,3,A,,,,,,,,,,,,,,,,,,,,0.316,0.3051,0.3789,1,,,,3.07,3.2,2.75,,,,,-0.231,0,18,-0.8333,-0.0322,0.0146,0,0,,,,0.0121,,,,,,,,,,,
spelad,EK,2018/19,2019-04-27,,Pogon Szczecin,Lech Poznan,1,1,D,,,,,,,,,,,,,,,,,,,,0.442,0.275,0.283,1,,,,2.25,3.52,3.5,,,,,-0.0536,0,18,-0.5,0.1688,0.0111,0,0,,,,-0.0355,,,,,,,,,,,
spelad,EK,2018/19,2019-04-28,,Korona Kielce,Arka Gdynia,0,2,A,,,,,,,,,,,,,,,,,,,,0.4253,0.2852,0.2895,1,,,,2.43,3.4,3.38,,,,,-0.0058,0,6,0.5,0.3188,-0.1185,0,0,,,,-0.0186,,,,,,,,,,,
spelad,EK,2018/19,2019-04-28,,Legnica,Wisla Plock,3,2,H,,,,,,,,,,,,,,,,,,,,0.4181,0.2787,0.3031,1,,,,2.47,3.48,3.3,,,,,-0.4381,0,,,,,0,0,,,,-0.0259,,,,,,,,,,,
spelad,EK,2018/19,2019-04-28,,Wisla,Slask Wroclaw,1,1,D,,,,,,,,,,,,,,,,,,,,0.2893,0.2537,0.4571,1,,,,3.6,3.82,2.25,,,,,0.7032,0,16,0.1875,0.1076,-0.0977,0,0,,,,0.0042,,,,,,,,,,,
spelad,EK,2018/19,2019-04-29,,Gornik Zabrze,Zaglebie Sosnowiec,4,0,H,,,,,,,,,,,,,,,,,,,,0.459,0.2698,0.2713,1,,,,2.11,3.77,3.7,,,,,0.4254,0,,,,,0,0,,,,-0.0053,,,,,,,,,,,
spelad,EK,2018/19,2019-05-03,,Gornik Zabrze,Wisla,1,2,A,,,,,,,,,,,,,,,,,,,,0.6327,0.2114,0.1559,1,,,,1.6,4.6,6.5,,,,,0.9459,-1,16,0.375,0.3664,-0.0275,0,0,,,,-0.036,,,,,,,,,,,
spelad,EK,2018/19,2019-05-03,,Wisla Plock,Arka Gdynia,1,1,D,,,,,,,,,,,,,,,,,,,,0.4341,0.297,0.2689,1,,,,2.25,3.5,3.6,,,,,0.144,0,7,0.4286,0.0431,0.2829,0,0,,,,-0.0172,,,,,,,,,,,
spelad,EK,2018/19,2019-05-04,,Korona Kielce,Legnica,0,0,D,,,,,,,,,,,,,,,,,,,,0.4094,0.2796,0.311,1,,,,2.55,3.5,3.12,,,,,-0.1893,0,,,,,0,0,,,,-0.0455,,,,,,,,,,,
spelad,EK,2018/19,2019-05-04,,Lech Poznan,Zaglebie,1,1,D,,,,,,,,,,,,,,,,,,,,0.3416,0.2672,0.3912,1,,,,3,3.66,2.65,,,,,-0.4689,-1,14,0,-0.2994,0.0082,0,0,,,,0.0149,,,,,,,,,,,
spelad,EK,2018/19,2019-05-04,,Legia,Piast Gliwice,0,1,A,,,,,,,,,,,,,,,,,,,,0.5486,0.2495,0.202,1,,,,1.8,3.9,5.75,,,,,-0.3133,-1,15,1.6,0.1582,-0.0295,0,0,,,,-0.0102,,,,,,,,,,,
spelad,EK,2018/19,2019-05-05,,Cracovia,Lechia Gdansk,2,0,H,,,,,,,,,,,,,,,,,,,,0.4145,0.2795,0.306,1,,,,2.6,3.5,3.25,,,,,-0.465,1,14,0.6429,0.6336,-0.2084,0,0,,,,-0.0641,,,,,,,,,,,
spelad,EK,2018/19,2019-05-05,,Zaglebie Sosnowiec,Slask Wroclaw,2,4,A,,,,,,,,,,,,,,,,,,,,0.2851,0.2511,0.4638,1,,,,3.75,3.86,2.15,,,,,0.8645,-1,,,,,0,0,,,,0.0113,,,,,,,,,,,
spelad,EK,2018/19,2019-05-06,,Jagiellonia,Pogon Szczecin,4,2,H,,,,,,,,,,,,,,,,,,,,0.4408,0.2671,0.2921,1,,,,2.35,3.63,3.4,,,,,0.3725,1,16,0.75,0.2831,0.0852,0,0,,,,-0.0274,,,,,,,,,,,
spelad,EK,2018/19,2019-05-10,,Arka Gdynia,Zaglebie Sosnowiec,2,0,H,,,,,,,,,,,,,,,,,,,,0.6631,0.2037,0.1332,1,,,,1.5,4.8,7.22,,,,,0.0189,2,,,,,0,0,,,,-0.0412,,,,,,,,,,,
spelad,EK,2018/19,2019-05-10,,Wisla,Korona Kielce,1,0,H,,,,,,,,,,,,,,,,,,,,0.3649,0.2603,0.3748,1,,,,2.7,3.73,2.62,,,,,0.5608,1,17,0.1765,-0.006,-0.0499,0,0,,,,0.0005,,,,,,,,,,,
spelad,EK,2018/19,2019-05-11,,Cracovia,Lech Poznan,1,0,H,,,,,,,,,,,,,,,,,,,,0.5215,0.2622,0.2163,1,,,,1.9,3.85,4.75,,,,,0.1063,-1,13,-0.6923,0.0071,0.0424,0,0,,,,-0.0233,,,,,,,,,,,
spelad,EK,2018/19,2019-05-11,,Legnica,Gornik Zabrze,0,1,A,,,,,,,,,,,,,,,,,,,,0.3806,0.3023,0.3171,1,,,,2.65,3.4,3.06,,,,,-0.3145,-1,,,,,0,0,,,,-0.0358,,,,,,,,,,,
spelad,EK,2018/19,2019-05-11,,Slask Wroclaw,Wisla Plock,2,1,H,,,,,,,,,,,,,,,,,,,,0.531,0.2523,0.2167,1,,,,2,3.83,4.53,,,,,-0.8518,-2,7,-0.8571,-0.5173,0.1481,0,0,,,,-0.0519,,,,,,,,,,,
spelad,EK,2018/19,2019-05-12,,Lechia Gdansk,Zaglebie,1,1,D,,,,,,,,,,,,,,,,,,,,0.4311,0.2811,0.2878,1,,,,2.25,3.52,3.39,,,,,-0.4323,-1,13,1.3846,0.6942,-0.0589,0,0,,,,-0.0017,,,,,,,,,,,
spelad,EK,2018/19,2019-05-12,,Legia,Pogon Szczecin,1,1,D,,,,,,,,,,,,,,,,,,,,0.6948,0.1869,0.1182,1,,,,1.45,5.2,9,,,,,0.7304,2,18,1.8333,0.4705,-0.1872,0,0,,,,-0.0334,,,,,,,,,,,
spelad,EK,2018/19,2019-05-12,,Piast Gliwice,Jagiellonia,2,1,H,,,,,,,,,,,,,,,,,,,,0.5529,0.2481,0.1991,1,,,,1.8,3.9,5,,,,,0.4221,2,15,-0.4,0.0208,-0.0795,0,0,,,,-0.0344,,,,,,,,,,,
spelad,EK,2018/19,2019-05-13,,Arka Gdynia,Wisla,3,1,H,,,,,,,,,,,,,,,,,,,,0.6293,0.2126,0.1581,1,,,,1.6,4.75,7.1,,,,,0.4029,0,6,0.5,0.4163,-0.1249,0,0,,,,-0.0174,,,,,,,,,,,
spelad,EK,2018/19,2019-05-14,,Gornik Zabrze,Wisla Plock,0,1,A,,,,,,,,,,,,,,,,,,,,0.3583,0.2712,0.3706,1,,,,2.85,3.6,2.62,,,,,0.3288,0,5,0,0.234,-0.0718,0,0,,,,-0.0116,,,,,,,,,,,
spelad,EK,2018/19,2019-05-14,,Legnica,Slask Wroclaw,0,2,A,,,,,,,,,,,,,,,,,,,,0.292,0.2955,0.4125,1,,,,3.38,3.4,2.45,,,,,0.6207,0,,,,,0,0,,,,0.0105,,,,,,,,,,,
spelad,EK,2018/19,2019-05-14,,Zaglebie Sosnowiec,Korona Kielce,2,4,A,,,,,,,,,,,,,,,,,,,,0.1913,0.2137,0.595,1,,,,5.04,4.51,1.82,,,,,0.4559,0,,,,,0,0,,,,0.0436,,,,,,,,,,,
spelad,EK,2018/19,2019-05-15,,Jagiellonia,Legia,1,0,H,,,,,,,,,,,,,,,,,,,,0.3011,0.2755,0.4234,1,,,,3.35,3.6,2.4,,,,,0.2434,0,17,-0.3529,0.27,0.0374,0,0,,,,-0.0061,,,,,,,,,,,
spelad,EK,2018/19,2019-05-15,,Lech Poznan,Lechia Gdansk,2,1,H,,,,,,,,,,,,,,,,,,,,0.3252,0.2777,0.3972,1,,,,3.04,3.53,2.5,,,,,0.2846,1,18,0.8333,0.2141,-0.1134,0,0,,,,0.0059,,,,,,,,,,,
spelad,EK,2018/19,2019-05-15,,Pogon Szczecin,Piast Gliwice,0,0,D,,,,,,,,,,,,,,,,,,,,0.2651,0.2718,0.463,1,,,,3.8,3.7,2.2,,,,,-1.677,0,16,-0.1875,-0.1865,0.0276,0,0,,,,0.0164,,,,,,,,,,,
spelad,EK,2018/19,2019-05-15,,Zaglebie,Cracovia,1,2,A,,,,,,,,,,,,,,,,,,,,0.4405,0.2817,0.2777,1,,,,2.45,3.5,3.6,,,,,0.0337,-1,13,-0.6923,-0.4606,0.0206,0,0,,,,-0.031,,,,,,,,,,,
spelad,EK,2018/19,2019-05-18,,Korona Kielce,Gornik Zabrze,0,3,A,,,,,,,,,,,,,,,,,,,,0.4424,0.251,0.3066,1,,,,2.3,3.86,3.16,,,,,-1.0093,0,14,0.4286,0.1178,0.2931,0,0,,,,-0.0375,,,,,,,,,,,
spelad,EK,2018/19,2019-05-18,,Slask Wroclaw,Arka Gdynia,4,0,H,,,,,,,,,,,,,,,,,,,,0.4431,0.2574,0.2995,1,,,,2.35,3.8,3.27,,,,,-0.7811,-1,8,-0.75,-0.3298,-0.2825,0,0,,,,-0.0383,,,,,,,,,,,
spelad,EK,2018/19,2019-05-18,,Wisla,Legnica,4,5,A,,,,,,,,,,,,,,,,,,,,0.3818,0.2394,0.3788,1,,,,2.58,4.05,2.76,,,,,0.1413,1,,,,,0,0,,,,0.0147,,,,,,,,,,,
spelad,EK,2018/19,2019-05-18,,Wisla Plock,Zaglebie Sosnowiec,0,0,D,,,,,,,,,,,,,,,,,,,,0.7266,0.1731,0.1003,1,,,,1.4,6,10,,,,,1.2437,0,,,,,0,0,,,,-0.0314,,,,,,,,,,,
spelad,EK,2018/19,2019-05-19,,Cracovia,Pogon Szczecin,0,3,A,,,,,,,,,,,,,,,,,,,,0.6206,0.2258,0.1537,1,,,,1.62,4.33,7,,,,,0.4298,0,14,-0.2143,-0.0314,0.0727,0,0,,,,-0.0353,,,,,,,,,,,
spelad,EK,2018/19,2019-05-19,,Lechia Gdansk,Jagiellonia,2,0,H,,,,,,,,,,,,,,,,,,,,0.3475,0.2852,0.3673,1,,,,2.93,3.5,2.68,,,,,-1.2424,0,16,1.3125,0.6141,-0.097,0,0,,,,-0.0127,,,,,,,,,,,
spelad,EK,2018/19,2019-05-19,,Legia,Zaglebie,2,2,D,,,,,,,,,,,,,,,,,,,,0.7148,0.1707,0.1144,1,,,,1.47,5.61,8.5,,,,,-0.0919,0,14,0.8571,0.0065,-0.1193,0,0,,,,-0.0577,,,,,,,,,,,
spelad,EK,2018/19,2019-05-19,,Piast Gliwice,Lech Poznan,1,0,H,,,,,,,,,,,,,,,,,,,,0.7711,0.1447,0.0842,1,,,,1.35,6.61,11.35,,,,,1.0443,0,15,-0.8,0.1096,-0.063,0,0,,,,-0.1315,,,,,,,,,,,
spelad,EK,2019/20,2019-07-19,,Arka Gdynia,Jagiellonia,0,3,A,,,,,,,,,,,,,,,,,,,,0.376,0.2964,0.3276,1,,,,2.65,3.4,3.05,,,,,-0.1757,,6,-2,-0.5784,-0.2855,0,0,,,,0.002,,,,,,,,,,,
spelad,EK,2019/20,2019-07-19,,LKS Lodz,Lechia Gdansk,0,0,D,,,,,,,,,,,,,,,,,,,,0.3992,0.285,0.3157,1,,,,2.65,3.4,3.06,,,,,,,,,,,1,0,,,,-0.0308,,,,,,,,,,,
spelad,EK,2019/20,2019-07-20,,Piast Gliwice,Lech Poznan,1,1,D,,,,,,,,,,,,,,,,,,,,0.4065,0.2986,0.2949,1,,,,2.65,3.4,3.28,,,,,1.0902,,16,-0.5625,0.1367,-0.0681,0,0,,,,-0.026,,,,,,,,,,,
spelad,EK,2019/20,2019-07-20,,Rakow,Korona Kielce,0,1,A,,,,,,,,,,,,,,,,,,,,0.4168,0.2763,0.307,1,,,,2.32,3.53,3.5,,,,,,,,,,,1,0,,,,0.0218,,,,,,,,,,,
spelad,EK,2019/20,2019-07-20,,Wisla,Slask Wroclaw,0,1,A,,,,,,,,,,,,,,,,,,,,0.3007,0.2645,0.4348,1,,,,3.26,3.65,2.5,,,,,-0.1694,,17,0.1765,0.0941,-0.0481,0,0,,,,0.0373,,,,,,,,,,,
spelad,EK,2019/20,2019-07-21,,Legia,Pogon Szczecin,1,2,A,,,,,,,,,,,,,,,,,,,,0.4738,0.2738,0.2524,1,,,,2.05,3.75,4.55,,,,,-0.5389,,19,1.7368,0.3788,-0.1345,0,0,,,,-0.0162,,,,,,,,,,,
spelad,EK,2019/20,2019-07-21,,Zaglebie,Cracovia,1,1,D,,,,,,,,,,,,,,,,,,,,0.4145,0.2759,0.3096,1,,,,2.33,3.5,3.4,,,,,-0.2445,,14,-0.8571,-0.5423,-0.001,0,0,,,,0.0079,,,,,,,,,,,
spelad,EK,2019/20,2019-07-22,,Wisla Plock,Gornik Zabrze,1,1,D,,,,,,,,,,,,,,,,,,,,0.3418,0.2862,0.372,1,,,,2.83,3.65,2.8,,,,,-0.596,,6,0.5,0.1343,-0.105,0,0,,,,0.0177,,,,,,,,,,,
spelad,EK,2019/20,2019-07-26,,Gornik Zabrze,Zaglebie,1,0,H,,,,,,,,,,,,,,,,,,,,0.4242,0.2755,0.3003,1,,,,2.45,3.52,3.25,,,,,1.015,-1,11,0.5455,0.3207,-0.0035,0,0,,,,-0.0189,,,,,,,,,,,
spelad,EK,2019/20,2019-07-26,,Lech Poznan,Wisla Plock,4,0,H,,,,,,,,,,,,,,,,,,,,0.5454,0.2638,0.1908,1,,,,1.85,3.73,5.25,,,,,0.186,2,7,1.7143,0.5111,-0.1286,0,0,,,,-0.0229,,,,,,,,,,,
spelad,EK,2019/20,2019-07-27,,Cracovia,LKS Lodz,1,2,A,,,,,,,,,,,,,,,,,,,,0.472,0.2914,0.2366,1,,,,2.05,3.6,4.25,,,,,,-2,,,,,-1,0,,,,0.0098,,,,,,,,,,,
spelad,EK,2019/20,2019-07-27,,Jagiellonia,Rakow,0,1,A,,,,,,,,,,,,,,,,,,,,0.4439,0.288,0.2681,1,,,,2.2,3.6,3.82,,,,,,1,,,,,-1,0,,,,0.0054,,,,,,,,,,,
spelad,EK,2019/20,2019-07-28,,Korona Kielce,Legia,1,2,A,,,,,,,,,,,,,,,,,,,,0.306,0.2771,0.4169,1,,,,3.2,3.5,2.55,,,,,0.6482,1,16,-1.3125,0.0005,-0.0488,0,0,,,,0.0191,,,,,,,,,,,
spelad,EK,2019/20,2019-07-28,,Lechia Gdansk,Wisla,0,0,D,,,,,,,,,,,,,,,,,,,,0.5737,0.2374,0.189,1,,,,1.75,4.12,5.25,,,,,-0.1601,1,17,0,-0.1651,0.1285,0,0,,,,-0.0296,,,,,,,,,,,
spelad,EK,2019/20,2019-07-28,,Slask Wroclaw,Piast Gliwice,2,1,H,,,,,,,,,,,,,,,,,,,,0.3958,0.2917,0.3125,1,,,,2.46,3.4,3.2,,,,,-0.5155,0,17,-0.8824,-0.6045,0.0699,0,0,,,,-0.0115,,,,,,,,,,,
spelad,EK,2019/20,2019-07-29,,Pogon Szczecin,Arka Gdynia,2,0,H,,,,,,,,,,,,,,,,,,,,0.5598,0.2595,0.1807,1,,,,1.77,3.75,5.45,,,,,0.2725,-2,7,2.5714,1.1081,-0.1434,0,0,,,,-0.026,,,,,,,,,,,
spelad,EK,2019/20,2019-08-02,,Arka Gdynia,Korona Kielce,1,1,D,,,,,,,,,,,,,,,,,,,,0.3633,0.3001,0.3367,1,,,,2.66,3.4,2.95,,,,,0.7485,-1,7,0,0.0921,-0.1423,0,0,,,,0.0052,,,,,,,,,,,
spelad,EK,2019/20,2019-08-02,,Zaglebie,Jagiellonia,2,2,D,,,,,,,,,,,,,,,,,,,,0.3929,0.2794,0.3277,1,,,,2.46,3.46,3,,,,,-0.6685,1,15,-0.2,0.0252,-0.1529,0,0,,,,-0.0005,,,,,,,,,,,
spelad,EK,2019/20,2019-08-03,,LKS Lodz,Lech Poznan,1,2,A,,,,,,,,,,,,,,,,,,,,0.3438,0.2833,0.373,1,,,,2.85,3.46,2.7,,,,,,-1,,,,,1,0,,,,0.0163,,,,,,,,,,,
spelad,EK,2019/20,2019-08-03,,Rakow,Cracovia,1,3,A,,,,,,,,,,,,,,,,,,,,0.3623,0.3052,0.3325,1,,,,2.7,3.4,2.91,,,,,,0,,,,,1,0,,,,-0.0042,,,,,,,,,,,
spelad,EK,2019/20,2019-08-04,,Legia,Slask Wroclaw,0,0,D,,,,,,,,,,,,,,,,,,,,0.5636,0.2478,0.1886,1,,,,1.82,3.89,5.25,,,,,-1.5393,0,15,1.6,0.3595,-0.0555,0,0,,,,-0.0518,,,,,,,,,,,
spelad,EK,2019/20,2019-08-04,,Piast Gliwice,Pogon Szczecin,0,0,D,,,,,,,,,,,,,,,,,,,,0.4557,0.2825,0.2618,1,,,,2.25,3.46,3.69,,,,,0.1933,1,17,0.1765,0.1107,0.0688,0,0,,,,-0.0482,,,,,,,,,,,
spelad,EK,2019/20,2019-08-04,,Wisla Plock,Lechia Gdansk,1,2,A,,,,,,,,,,,,,,,,,,,,0.3265,0.2885,0.385,1,,,,3,3.4,2.75,,,,,-0.0036,2,6,-0.5,0.1019,-0.1078,0,0,,,,0.0065,,,,,,,,,,,
spelad,EK,2019/20,2019-08-05,,Wisla,Gornik Zabrze,1,0,H,,,,,,,,,,,,,,,,,,,,0.3486,0.2815,0.3699,1,,,,2.77,3.45,2.75,,,,,-0.5733,-2,17,-0.1765,-0.1824,-0.0383,0,0,,,,0.0526,,,,,,,,,,,
spelad,EK,2019/20,2019-08-09,,Lech Poznan,Slask Wroclaw,1,3,A,,,,,,,,,,,,,,,,,,,,0.5007,0.2714,0.2279,1,,,,1.97,3.56,4.24,,,,,-0.6712,1,15,0.6,-0.0109,-0.0076,0,0,,,,-0.0305,,,,,,,,,,,
spelad,EK,2019/20,2019-08-10,,Gornik Zabrze,Rakow,1,0,H,,,,,,,,,,,,,,,,,,,,0.3884,0.2966,0.315,1,,,,2.51,3.26,3.1,,,,,,-2,,,,,-1,0,,,,0.005,,,,,,,,,,,
spelad,EK,2019/20,2019-08-10,,Pogon Szczecin,Wisla,1,0,H,,,,,,,,,,,,,,,,,,,,0.5535,0.2515,0.195,1,,,,1.78,3.84,4.94,,,,,0.1809,1,17,-0.5294,-0.1362,-0.051,0,0,,,,-0.0413,,,,,,,,,,,
spelad,EK,2019/20,2019-08-10,,Zaglebie,Arka Gdynia,2,0,H,,,,,,,,,,,,,,,,,,,,0.4372,0.2973,0.2655,1,,,,2.21,3.44,3.75,,,,,-0.2873,0,7,-0.4286,-0.4153,0.2915,0,0,,,,0.0335,,,,,,,,,,,
spelad,EK,2019/20,2019-08-11,,Cracovia,Korona Kielce,1,0,H,,,,,,,,,,,,,,,,,,,,0.4353,0.2902,0.2745,1,,,,2.25,3.33,3.52,,,,,0.6091,-1,14,0.4286,0.0377,0.0047,0,0,,,,-0.0184,,,,,,,,,,,
spelad,EK,2019/20,2019-08-11,,LKS Lodz,Piast Gliwice,0,1,A,,,,,,,,,,,,,,,,,,,,0.358,0.2746,0.3675,1,,,,2.88,3.52,2.63,,,,,,1,,,,,1,0,,,,-0.0266,,,,,,,,,,,
spelad,EK,2019/20,2019-08-12,,Lechia Gdansk,Jagiellonia,1,1,D,,,,,,,,,,,,,,,,,,,,0.4406,0.2797,0.2797,1,,,,2.23,3.48,3.5,,,,,-0.2901,-2,17,1.4118,0.6763,-0.108,0,0,,,,-0.006,,,,,,,,,,,
spelad,EK,2019/20,2019-08-16,,Wisla,LKS Lodz,4,0,H,,,,,,,,,,,,,,,,,,,,0.3541,0.2754,0.3704,1,,,,2.75,3.56,2.7,,,,,,1,,,,,-1,0,,,,0.0102,,,,,,,,,,,
spelad,EK,2019/20,2019-08-17,,Arka Gdynia,Lech Poznan,0,0,D,,,,,,,,,,,,,,,,,,,,0.2724,0.2779,0.4498,1,,,,3.6,3.48,2.25,,,,,-0.5187,-1,6,-1,-0.096,0.0647,0,0,,,,0.0316,,,,,,,,,,,
spelad,EK,2019/20,2019-08-17,,Jagiellonia,Gornik Zabrze,3,1,H,,,,,,,,,,,,,,,,,,,,0.4743,0.2757,0.25,1,,,,2.06,3.64,3.95,,,,,-0.0747,-2,15,0.2,-0.0549,-0.006,0,0,,,,-0.0086,,,,,,,,,,,
spelad,EK,2019/20,2019-08-17,,Slask Wroclaw,Cracovia,2,1,H,,,,,,,,,,,,,,,,,,,,0.3915,0.3109,0.2975,1,,,,2.47,3.24,3.27,,,,,0.8673,2,15,0.4,0.0895,0.0513,0,0,,,,-0.0077,,,,,,,,,,,
spelad,EK,2019/20,2019-08-18,,Legia,Zaglebie,1,0,H,,,,,,,,,,,,,,,,,,,,0.5937,0.234,0.1724,1,,,,1.7,4.11,6,,,,,-0.3956,6,15,0.8,-0.0816,-0.0561,0,0,,,,-0.0448,,,,,,,,,,,
spelad,EK,2019/20,2019-08-18,,Piast Gliwice,Wisla Plock,1,0,H,,,,,,,,,,,,,,,,,,,,0.539,0.2499,0.2111,1,,,,1.9,3.88,4.75,,,,,0.8983,-7,7,1.2857,0.6372,0,0,0,,,,-0.0097,,,,,,,,,,,
spelad,EK,2019/20,2019-08-18,,Rakow,Lechia Gdansk,2,1,H,,,,,,,,,,,,,,,,,,,,0.369,0.293,0.338,1,,,,2.65,3.34,2.86,,,,,,2,,,,,1,0,,,,-0.0046,,,,,,,,,,,
spelad,EK,2019/20,2019-08-19,,Korona Kielce,Pogon Szczecin,0,1,A,,,,,,,,,,,,,,,,,,,,0.3745,0.2946,0.3309,1,,,,2.8,3.4,2.92,,,,,-1.1121,-1,15,-0.6,-0.2344,0.2483,0,0,,,,-0.0102,,,,,,,,,,,
spelad,EK,2019/20,2019-08-23,,Jagiellonia,Wisla,3,2,H,,,,,,,,,,,,,,,,,,,,0.4987,0.2526,0.2487,1,,,,1.97,3.83,3.95,,,,,-0.0613,-1,18,0.3333,0.0926,0.0555,0,0,,,,-0.0092,,,,,,,,,,,
spelad,EK,2019/20,2019-08-24,,Cracovia,Arka Gdynia,3,1,H,,,,,,,,,,,,,,,,,,,,0.5511,0.2572,0.1917,1,,,,1.85,3.75,5.03,,,,,0.5263,0,8,0.375,0.0966,0.0855,0,0,,,,-0.0355,,,,,,,,,,,
spelad,EK,2019/20,2019-08-24,,Lechia Gdansk,Slask Wroclaw,1,1,D,,,,,,,,,,,,,,,,,,,,0.4495,0.2885,0.2619,1,,,,2.25,3.5,3.69,,,,,-1.5809,-1,16,-0.75,-0.444,-0.0403,0,0,,,,-0.0263,,,,,,,,,,,
spelad,EK,2019/20,2019-08-24,,Rakow,Lech Poznan,2,3,A,,,,,,,,,,,,,,,,,,,,0.3057,0.2816,0.4128,1,,,,3.16,3.48,2.55,,,,,-0.1995,-1,,,,,1,0,,,,0.032,,,,,,,,,,,
spelad,EK,2019/20,2019-08-25,,Gornik Zabrze,Korona Kielce,3,0,H,,,,,,,,,,,,,,,,,,,,0.4024,0.284,0.3136,1,,,,2.4,3.48,3.1,,,,,0.8246,2,15,-0.2,-0.2616,0.2568,0,0,,,,-0.0098,,,,,,,,,,,
spelad,EK,2019/20,2019-08-25,,LKS Lodz,Legia,2,3,A,,,,,,,,,,,,,,,,,,,,0.3038,0.285,0.4111,1,,,,3.2,3.4,2.5,,,,,0.2688,2,,,,,1,0,,,,0.0158,,,,,,,,,,,
spelad,EK,2019/20,2019-08-25,,Zaglebie,Piast Gliwice,0,3,A,,,,,,,,,,,,,,,,,,,,0.4143,0.2822,0.3035,1,,,,2.4,3.42,3.25,,,,,-0.5138,0,16,-0.1875,-0.2025,0.0305,0,0,,,,-0.0112,,,,,,,,,,,
spelad,EK,2019/20,2019-08-26,,Pogon Szczecin,Wisla Plock,1,2,A,,,,,,,,,,,,,,,,,,,,0.5066,0.2725,0.2209,1,,,,1.95,3.65,4.75,,,,,1.6254,-1,6,0.5,0.1655,-0.1165,0,0,,,,0.0019,,,,,,,,,,,
spelad,EK,2019/20,2019-08-30,,Arka Gdynia,Gornik Zabrze,1,0,H,,,,,,,,,,,,,,,,,,,,0.3169,0.2965,0.3866,1,,,,3.05,3.35,2.75,,,,,-0.882,1,5,0,-0.1271,0.3214,0,0,,,,0.0184,,,,,,,,,,,
spelad,EK,2019/20,2019-08-30,,Korona Kielce,Jagiellonia,0,2,A,,,,,,,,,,,,,,,,,,,,0.3883,0.2827,0.3289,1,,,,2.75,3.48,3,,,,,-0.8429,-2,18,-0.5,-0.1486,-0.0076,0,0,,,,-0.0133,,,,,,,,,,,
spelad,EK,2019/20,2019-08-31,,Piast Gliwice,Lechia Gdansk,1,2,A,,,,,,,,,,,,,,,,,,,,0.4375,0.2947,0.2678,1,,,,2.4,3.44,3.61,,,,,0.5031,-1,17,-0.3529,0.1058,-0.106,0,0,,,,-0.0221,,,,,,,,,,,
spelad,EK,2019/20,2019-08-31,,Wisla,Zaglebie,4,2,H,,,,,,,,,,,,,,,,,,,,0.4061,0.2707,0.3232,1,,,,2.5,3.64,3,,,,,0.3267,2,13,-0.2308,-0.1359,-0.1279,0,0,,,,0.003,,,,,,,,,,,
spelad,EK,2019/20,2019-08-31,,Wisla Plock,LKS Lodz,2,1,H,,,,,,,,,,,,,,,,,,,,0.3689,0.2809,0.3502,1,,,,2.65,3.46,3,,,,,0.3877,-1,,,,,-1,0,,,,-0.0007,,,,,,,,,,,
spelad,EK,2019/20,2019-09-01,,Lech Poznan,Cracovia,1,2,A,,,,,,,,,,,,,,,,,,,,0.5062,0.2544,0.2393,1,,,,2,3.8,4.04,,,,,0.2588,0,14,0.4286,-0.111,0.0206,0,0,,,,-0.0433,,,,,,,,,,,
spelad,EK,2019/20,2019-09-01,,Legia,Rakow,3,1,H,,,,,,,,,,,,,,,,,,,,0.5656,0.2537,0.1807,1,,,,1.75,4.15,6.5,,,,,-0.0449,-1,,,,,-1,0,,,,-0.0216,,,,,,,,,,,
spelad,EK,2019/20,2019-09-01,,Slask Wroclaw,Pogon Szczecin,1,1,D,,,,,,,,,,,,,,,,,,,,0.4427,0.2839,0.2734,1,,,,2.3,3.4,3.6,,,,,0.4109,2,16,0.5625,0.1198,0.1545,0,0,,,,-0.0205,,,,,,,,,,,
spelad,EK,2019/20,2019-09-13,,Jagiellonia,Legia,0,0,D,,,,,,,,,,,,,,,,,,,,0.273,0.2955,0.4314,1,,,,3.54,3.4,2.31,,,,,0.3903,2,18,-0.1667,0.3562,0.02,0,0,,,,0.0249,,,,,,,,,,,
spelad,EK,2019/20,2019-09-13,,Zaglebie,Wisla Plock,5,0,H,,,,,,,,,,,,,,,,,,,,0.4535,0.2744,0.2721,1,,,,2.13,3.61,3.75,,,,,-0.5545,0,8,0,-0.0054,-0.0294,0,0,,,,0.0174,,,,,,,,,,,
spelad,EK,2019/20,2019-09-14,,Korona Kielce,Wisla,1,1,D,,,,,,,,,,,,,,,,,,,,0.4079,0.2731,0.319,1,,,,2.4,3.6,3.1,,,,,-0.8925,1,18,-0.3333,-0.0241,-0.0616,0,0,,,,0.0071,,,,,,,,,,,
spelad,EK,2019/20,2019-09-14,,Lechia Gdansk,Lech Poznan,2,1,H,,,,,,,,,,,,,,,,,,,,0.4203,0.2786,0.3011,1,,,,2.35,3.47,3.21,,,,,0.2463,1,19,-0.9474,-0.1728,-0.122,0,0,,,,-0.0236,,,,,,,,,,,
spelad,EK,2019/20,2019-09-14,,Rakow,Arka Gdynia,2,0,H,,,,,,,,,,,,,,,,,,,,0.4649,0.2852,0.2499,1,,,,2.2,3.52,3.87,,,,,0.1268,-2,,,,,1,0,,,,-0.0317,,,,,,,,,,,
spelad,EK,2019/20,2019-09-15,,Gornik Zabrze,Slask Wroclaw,0,0,D,,,,,,,,,,,,,,,,,,,,0.4025,0.3047,0.2927,1,,,,2.51,3.38,3.3,,,,,-0.6715,2,15,0.8,0.4593,0.1866,0,0,,,,-0.0299,,,,,,,,,,,
spelad,EK,2019/20,2019-09-15,,Pogon Szczecin,LKS Lodz,1,0,H,,,,,,,,,,,,,,,,,,,,0.5745,0.2309,0.1946,1,,,,1.77,4.18,5.25,,,,,1.4955,-1,,,,,-1,0,,,,-0.0318,,,,,,,,,,,
spelad,EK,2019/20,2019-09-16,,Cracovia,Piast Gliwice,2,0,H,,,,,,,,,,,,,,,,,,,,0.3847,0.2935,0.3218,1,,,,2.56,3.45,3,,,,,-0.0108,-1,18,-0.5,-0.314,-0.0071,0,0,,,,0.0024,,,,,,,,,,,
spelad,EK,2019/20,2019-09-18,,Wisla Plock,Legia,1,0,H,,,,,,,,,,,,,,,,,,,,0.1847,0.2358,0.5795,1,,,,5.4,4.12,1.75,,,,,-0.3143,0,7,-0.8571,0.0738,-0.1202,0,0,,,,0.0218,,,,,,,,,,,
spelad,EK,2019/20,2019-09-20,,Lech Poznan,Jagiellonia,1,1,D,,,,,,,,,,,,,,,,,,,,0.4514,0.2661,0.2825,1,,,,2.15,3.7,3.42,,,,,-0.6562,-1,18,-1,-0.8011,-0.0486,0,0,,,,-0.021,,,,,,,,,,,
spelad,EK,2019/20,2019-09-20,,Piast Gliwice,Rakow,2,1,H,,,,,,,,,,,,,,,,,,,,0.4256,0.2833,0.291,1,,,,2.28,3.6,3.55,,,,,0.0784,-2,,,,,-1,0,,,,0.0038,,,,,,,,,,,
spelad,EK,2019/20,2019-09-21,,Lechia Gdansk,Korona Kielce,2,0,H,,,,,,,,,,,,,,,,,,,,0.5137,0.2617,0.2246,1,,,,1.93,3.7,4.5,,,,,0.8233,0,15,-0.6,-0.5415,-0.0169,0,0,,,,-0.0296,,,,,,,,,,,
spelad,EK,2019/20,2019-09-21,,LKS Lodz,Arka Gdynia,1,4,A,,,,,,,,,,,,,,,,,,,,0.4428,0.2798,0.2774,1,,,,2.3,3.58,3.6,,,,,-0.2447,-1,,,,,1,0,,,,-0.0153,,,,,,,,,,,
spelad,EK,2019/20,2019-09-21,,Slask Wroclaw,Zaglebie,4,4,D,,,,,,,,,,,,,,,,,,,,0.46,0.2817,0.2583,1,,,,2.13,3.6,3.75,,,,,1.0929,-2,14,-0.2143,-0.0801,-0.0719,0,0,,,,-0.009,,,,,,,,,,,
spelad,EK,2019/20,2019-09-22,,Cracovia,Legia,1,2,A,,,,,,,,,,,,,,,,,,,,0.2692,0.2974,0.4334,1,,,,3.59,3.45,2.27,,,,,0.6081,2,14,-2.1429,-0.4315,-0.101,0,0,,,,0.0317,,,,,,,,,,,
spelad,EK,2019/20,2019-09-22,,Pogon Szczecin,Gornik Zabrze,1,1,D,,,,,,,,,,,,,,,,,,,,0.4394,0.2965,0.2641,1,,,,2.21,3.5,4,,,,,0.6501,0,14,0,-0.2149,0.2829,0,0,,,,0.0162,,,,,,,,,,,
spelad,EK,2019/20,2019-09-22,,Wisla Plock,Wisla,2,1,H,,,,,,,,,,,,,,,,,,,,0.3806,0.2716,0.3478,1,,,,2.55,3.6,2.95,,,,,-0.039,-4,8,-0.75,-0.3509,-0.0253,0,0,,,,0.0016,,,,,,,,,,,
spelad,EK,2019/20,2019-09-27,,Korona Kielce,Slask Wroclaw,1,0,H,,,,,,,,,,,,,,,,,,,,0.2697,0.2791,0.4512,1,,,,3.63,3.48,2.25,,,,,-1.4847,0,17,-0.1765,-0.0448,0.188,0,0,,,,0.0334,,,,,,,,,,,
spelad,EK,2019/20,2019-09-28,,Gornik Zabrze,Lech Poznan,1,3,A,,,,,,,,,,,,,,,,,,,,0.3633,0.2801,0.3566,1,,,,2.66,3.48,2.75,,,,,0.2278,-2,15,-1,0.0151,0.0094,0,0,,,,0.0011,,,,,,,,,,,
spelad,EK,2019/20,2019-09-28,,Legia,Lechia Gdansk,1,2,A,,,,,,,,,,,,,,,,,,,,0.5468,0.258,0.1952,1,,,,1.8,3.85,5.1,,,,,0.0345,-1,19,0.9474,0.0987,-0.0022,0,0,,,,-0.0212,,,,,,,,,,,
spelad,EK,2019/20,2019-09-28,,Rakow,Wisla Plock,1,2,A,,,,,,,,,,,,,,,,,,,,0.4821,0.2655,0.2524,1,,,,2.12,3.65,3.85,,,,,-0.5441,2,,,,,1,0,,,,-0.0159,,,,,,,,,,,
spelad,EK,2019/20,2019-09-29,,Arka Gdynia,Piast Gliwice,0,0,D,,,,,,,,,,,,,,,,,,,,0.349,0.2903,0.3607,1,,,,2.8,3.34,2.68,,,,,-0.2331,-1,8,-1.5,-0.7397,-0.0402,0,0,,,,-0.0003,,,,,,,,,,,
spelad,EK,2019/20,2019-09-29,,Jagiellonia,Pogon Szczecin,2,3,A,,,,,,,,,,,,,,,,,,,,0.4333,0.2867,0.28,1,,,,2.25,3.5,3.5,,,,,-0.0343,2,17,0.8824,0.3494,0.0645,0,0,,,,-0.0164,,,,,,,,,,,
spelad,EK,2019/20,2019-09-29,,Wisla,Cracovia,0,1,A,,,,,,,,,,,,,,,,,,,,0.3269,0.2733,0.3998,1,,,,3.3,3.54,2.42,,,,,-0.2617,0,12,0.75,0.2567,-0.0339,0,0,,,,-0.021,,,,,,,,,,,
spelad,EK,2019/20,2019-09-30,,Zaglebie,LKS Lodz,3,1,H,,,,,,,,,,,,,,,,,,,,0.5163,0.2521,0.2316,1,,,,1.9,3.85,4.17,,,,,0.5688,0,,,,,-1,0,,,,-0.0338,,,,,,,,,,,
spelad,EK,2019/20,2019-10-04,,Slask Wroclaw,Jagiellonia,1,1,D,,,,,,,,,,,,,,,,,,,,0.4602,0.2793,0.2605,1,,,,2.2,3.5,3.75,,,,,-0.1882,2,17,0.3529,0.211,-0.1057,0,0,,,,-0.0312,,,,,,,,,,,
spelad,EK,2019/20,2019-10-04,,Wisla Plock,Arka Gdynia,4,1,H,,,,,,,,,,,,,,,,,,,,0.3848,0.2833,0.3319,1,,,,2.55,3.41,3.1,,,,,0.7939,1,8,0.375,-0.0372,0.3355,0,0,,,,0.0097,,,,,,,,,,,
spelad,EK,2019/20,2019-10-05,,Lech Poznan,Wisla,4,0,H,,,,,,,,,,,,,,,,,,,,0.5975,0.2279,0.1746,1,,,,1.61,4.5,6,,,,,-0.1825,1,18,0.8333,-0.0028,0.0122,0,0,,,,-0.0065,,,,,,,,,,,
spelad,EK,2019/20,2019-10-05,,Lechia Gdansk,Zaglebie,1,2,A,,,,,,,,,,,,,,,,,,,,0.4815,0.2637,0.2547,1,,,,2.02,3.74,3.8,,,,,0.7254,2,14,1.2857,0.6036,-0.0033,0,0,,,,-0.0188,,,,,,,,,,,
spelad,EK,2019/20,2019-10-05,,Pogon Szczecin,Rakow,1,2,A,,,,,,,,,,,,,,,,,,,,0.4695,0.2922,0.2382,1,,,,2.11,3.5,4.06,,,,,0.9646,-1,,,,,0,0,,,,-0.0169,,,,,,,,,,,
spelad,EK,2019/20,2019-10-06,,Cracovia,Gornik Zabrze,1,1,D,,,,,,,,,,,,,,,,,,,,0.5064,0.2593,0.2342,1,,,,2,3.73,4.2,,,,,1.2234,-1,10,1.2,0.6043,-0.083,0,0,,,,-0.0248,,,,,,,,,,,
spelad,EK,2019/20,2019-10-06,,LKS Lodz,Korona Kielce,4,1,H,,,,,,,,,,,,,,,,,,,,0.4329,0.2616,0.3055,1,,,,2.41,3.69,3.25,,,,,-0.614,-3,,,,,0,0,,,,-0.0248,,,,,,,,,,,
spelad,EK,2019/20,2019-10-06,,Piast Gliwice,Legia,2,0,H,,,,,,,,,,,,,,,,,,,,0.2622,0.2847,0.4531,1,,,,3.8,3.4,2.25,,,,,0.3247,-1,16,-1.3125,0.0134,-0.0432,0,0,,,,0.0367,,,,,,,,,,,
spelad,EK,2019/20,2019-10-18,,Wisla,Piast Gliwice,1,2,A,,,,,,,,,,,,,,,,,,,,0.3467,0.271,0.3823,1,,,,2.9,3.6,2.53,,,,,-0.8632,1,14,0.2143,-0.101,0.075,0,0,,,,-0.0145,,,,,,,,,,,
spelad,EK,2019/20,2019-10-18,,Zaglebie,Pogon Szczecin,0,1,A,,,,,,,,,,,,,,,,,,,,0.3991,0.2768,0.3241,1,,,,2.42,3.52,3.2,,,,,0.1058,0,14,0,-0.1402,0.1423,0,0,,,,0.0088,,,,,,,,,,,
spelad,EK,2019/20,2019-10-19,,Jagiellonia,Cracovia,3,2,H,,,,,,,,,,,,,,,,,,,,0.4162,0.2743,0.3095,1,,,,2.36,3.52,3.4,,,,,-0.278,2,14,0.4286,0.0937,0.1471,0,0,,,,-0.011,,,,,,,,,,,
spelad,EK,2019/20,2019-10-19,,Korona Kielce,Wisla Plock,0,1,A,,,,,,,,,,,,,,,,,,,,0.4387,0.2847,0.2766,1,,,,2.3,3.5,3.6,,,,,-1.8678,-2,8,0.375,0.3905,-0.1503,0,0,,,,-0.0234,,,,,,,,,,,
spelad,EK,2019/20,2019-10-19,,Legia,Lech Poznan,2,1,H,,,,,,,,,,,,,,,,,,,,0.4958,0.2701,0.2341,1,,,,2.05,3.62,4.5,,,,,0.0848,-1,20,0.9,0.3504,-0.1858,0,0,,,,-0.0257,,,,,,,,,,,
spelad,EK,2019/20,2019-10-20,,Arka Gdynia,Lechia Gdansk,2,2,D,,,,,,,,,,,,,,,,,,,,0.2827,0.2895,0.4278,1,,,,3.5,3.34,2.35,,,,,-0.4367,1,7,-2.1429,-0.8549,0.0028,0,0,,,,0.0218,,,,,,,,,,,
spelad,EK,2019/20,2019-10-20,,Gornik Zabrze,LKS Lodz,1,1,D,,,,,,,,,,,,,,,,,,,,0.4519,0.2679,0.2803,1,,,,2.14,3.75,3.75,,,,,0.7281,0,,,,,0,0,,,,0.0145,,,,,,,,,,,
spelad,EK,2019/20,2019-10-21,,Rakow,Slask Wroclaw,1,0,H,,,,,,,,,,,,,,,,,,,,0.3665,0.3033,0.3302,1,,,,2.75,3.4,2.93,,,,,-0.1159,-1,,,,,0,0,,,,-0.0121,,,,,,,,,,,
spelad,EK,2019/20,2019-10-25,,Cracovia,Pogon Szczecin,2,0,H,,,,,,,,,,,,,,,,,,,,0.4163,0.2883,0.2954,1,,,,2.32,3.5,3.3,,,,,-0.033,-1,15,-0.4,-0.1685,0.0528,0,0,,,,0.0123,,,,,,,,,,,
spelad,EK,2019/20,2019-10-25,,Lech Poznan,Zaglebie,1,2,A,,,,,,,,,,,,,,,,,,,,0.489,0.2535,0.2575,1,,,,2,3.82,3.8,,,,,-0.0693,-1,15,0,-0.2989,0.0565,0,0,,,,-0.0101,,,,,,,,,,,
spelad,EK,2019/20,2019-10-26,,Lechia Gdansk,Gornik Zabrze,1,1,D,,,,,,,,,,,,,,,,,,,,0.5338,0.2543,0.2119,1,,,,1.9,3.8,4.56,,,,,0.7525,0,14,0.6429,0.0061,0.2259,0,0,,,,-0.0358,,,,,,,,,,,
spelad,EK,2019/20,2019-10-26,,LKS Lodz,Rakow,2,0,H,,,,,,,,,,,,,,,,,,,,0.3821,0.2835,0.3345,1,,,,2.62,3.41,2.91,,,,,-0.9501,1,,,,,0,0,,,,0.0024,,,,,,,,,,,
spelad,EK,2019/20,2019-10-26,,Piast Gliwice,Korona Kielce,1,0,H,,,,,,,,,,,,,,,,,,,,0.5471,0.245,0.208,1,,,,1.78,4,5,,,,,1.3803,1,16,-0.5625,-0.2812,0.0249,0,0,,,,-0.0035,,,,,,,,,,,
spelad,EK,2019/20,2019-10-27,,Legia,Wisla,7,0,H,,,,,,,,,,,,,,,,,,,,0.6954,0.1871,0.1176,1,,,,1.45,5.13,9.5,,,,,0.2196,-1,18,1,-0.0182,0.0782,0,0,,,,-0.0117,,,,,,,,,,,
spelad,EK,2019/20,2019-10-27,,Slask Wroclaw,Arka Gdynia,2,1,H,,,,,,,,,,,,,,,,,,,,0.545,0.2532,0.2018,1,,,,1.87,3.81,4.78,,,,,-0.441,-1,9,-0.3333,-0.1361,-0.2797,0,0,,,,-0.0425,,,,,,,,,,,
spelad,EK,2019/20,2019-10-27,,Wisla Plock,Jagiellonia,3,1,H,,,,,,,,,,,,,,,,,,,,0.3254,0.2818,0.3929,1,,,,3,3.5,2.65,,,,,0.9904,0,7,0,0.3453,-0.1246,0,0,,,,0.0162,,,,,,,,,,,
spelad,EK,2019/20,2019-11-02,,Cracovia,Lechia Gdansk,1,0,H,,,,,,,,,,,,,,,,,,,,0.4116,0.2804,0.308,1,,,,2.38,3.5,3.3,,,,,0.2039,1,15,0.8,0.6898,-0.2132,0,0,,,,-0.0055,,,,,,,,,,,
spelad,EK,2019/20,2019-11-02,,Korona Kielce,Zaglebie,1,0,H,,,,,,,,,,,,,,,,,,,,0.3466,0.2939,0.3595,1,,,,2.88,3.5,2.69,,,,,-1.0068,-1,14,-0.6429,-0.1342,-0.0709,0,0,,,,-0.0201,,,,,,,,,,,
spelad,EK,2019/20,2019-11-02,,Pogon Szczecin,Lech Poznan,1,1,D,,,,,,,,,,,,,,,,,,,,0.3567,0.2852,0.3581,1,,,,2.71,3.5,2.7,,,,,0.1802,0,19,-0.4737,0.1283,0.0487,0,0,,,,0,,,,,,,,,,,
spelad,EK,2019/20,2019-11-03,,Arka Gdynia,Legia,0,1,A,,,,,,,,,,,,,,,,,,,,0.2017,0.2324,0.5659,1,,,,5,4.14,1.82,,,,,0.1058,0,6,-0.5,0.3113,-0.0938,0,0,,,,0.0134,,,,,,,,,,,
spelad,EK,2019/20,2019-11-03,,Gornik Zabrze,Piast Gliwice,1,1,D,,,,,,,,,,,,,,,,,,,,0.3911,0.2858,0.3231,1,,,,2.63,3.42,3,,,,,-0.8784,0,12,0.25,0.1532,-0.2007,0,0,,,,-0.0409,,,,,,,,,,,
spelad,EK,2019/20,2019-11-03,,Jagiellonia,LKS Lodz,2,0,H,,,,,,,,,,,,,,,,,,,,0.5242,0.2499,0.2259,1,,,,1.9,3.88,4.5,,,,,0.5149,-1,,,,,0,0,,,,-0.0199,,,,,,,,,,,
spelad,EK,2019/20,2019-11-04,,Rakow,Wisla,1,0,H,,,,,,,,,,,,,,,,,,,,0.5323,0.2452,0.2225,1,,,,1.95,3.93,4.33,,,,,0.4563,1,,,,,0,0,,,,-0.0578,,,,,,,,,,,
spelad,EK,2019/20,2019-11-04,,Slask Wroclaw,Wisla Plock,3,1,H,,,,,,,,,,,,,,,,,,,,0.5417,0.2492,0.2092,1,,,,1.87,3.87,4.9,,,,,-1.9365,0,8,-0.375,-0.3083,0.098,0,0,,,,-0.03,,,,,,,,,,,
spelad,EK,2019/20,2019-11-08,,LKS Lodz,Slask Wroclaw,0,1,A,,,,,,,,,,,,,,,,,,,,0.3464,0.2746,0.379,1,,,,2.8,3.52,2.7,,,,,0.0098,1,,,,,0,0,,,,0.0086,,,,,,,,,,,
spelad,EK,2019/20,2019-11-08,,Piast Gliwice,Jagiellonia,3,1,H,,,,,,,,,,,,,,,,,,,,0.4217,0.2922,0.2861,1,,,,2.4,3.5,3.36,,,,,0.1901,0,16,-0.1875,0.0878,-0.09,0,0,,,,-0.0341,,,,,,,,,,,
spelad,EK,2019/20,2019-11-09,,Legia,Gornik Zabrze,5,1,H,,,,,,,,,,,,,,,,,,,,0.7016,0.1888,0.1096,1,,,,1.48,5.09,9.5,,,,,0.3371,0,15,2,0.3958,-0.0371,0,0,,,,-0.0437,,,,,,,,,,,
spelad,EK,2019/20,2019-11-09,,Wisla,Arka Gdynia,0,1,A,,,,,,,,,,,,,,,,,,,,0.4167,0.2642,0.3191,1,,,,2.4,3.66,3.3,,,,,-0.4949,-1,7,-0.8571,-0.3479,-0.1374,0,0,,,,-0.0086,,,,,,,,,,,
spelad,EK,2019/20,2019-11-09,,Wisla Plock,Cracovia,0,0,D,,,,,,,,,,,,,,,,,,,,0.3067,0.2875,0.4059,1,,,,3.15,3.4,2.55,,,,,0.5035,-2,7,0,0.0795,-0.1469,0,0,,,,0.0201,,,,,,,,,,,
spelad,EK,2019/20,2019-11-10,,Lech Poznan,Korona Kielce,0,0,D,,,,,,,,,,,,,,,,,,,,0.6023,0.2452,0.1525,1,,,,1.67,4.08,6.34,,,,,-0.131,0,16,0.75,-0.1464,-0.0043,0,0,,,,-0.0526,,,,,,,,,,,
spelad,EK,2019/20,2019-11-10,,Lechia Gdansk,Pogon Szczecin,0,1,A,,,,,,,,,,,,,,,,,,,,0.4368,0.275,0.2882,1,,,,2.21,3.52,3.6,,,,,0.2068,0,20,0.6,0.1573,0.0181,0,0,,,,0.0006,,,,,,,,,,,
spelad,EK,2019/20,2019-11-10,,Zaglebie,Rakow,2,2,D,,,,,,,,,,,,,,,,,,,,0.4814,0.2821,0.2366,1,,,,2.12,3.66,4.09,,,,,0.1562,2,,,,,0,0,,,,-0.0321,,,,,,,,,,,
spelad,EK,2019/20,2019-11-22,,Gornik Zabrze,Wisla Plock,2,2,D,,,,,,,,,,,,,,,,,,,,0.4619,0.2873,0.2508,1,,,,2.2,3.57,3.94,,,,,-1.6629,0,7,-0.4286,-0.0826,0.012,0,0,,,,-0.0291,,,,,,,,,,,
spelad,EK,2019/20,2019-11-22,,Lech Poznan,Piast Gliwice,3,0,H,,,,,,,,,,,,,,,,,,,,0.4712,0.2691,0.2597,1,,,,2.15,3.7,3.72,,,,,-1.1122,-2,17,0.5294,-0.0754,-0.0228,0,0,,,,-0.0238,,,,,,,,,,,
spelad,EK,2019/20,2019-11-23,,Korona Kielce,Rakow,3,0,H,,,,,,,,,,,,,,,,,,,,0.358,0.2993,0.3428,1,,,,2.7,3.45,2.86,,,,,-0.3907,0,,,,,0,0,,,,0.0036,,,,,,,,,,,
spelad,EK,2019/20,2019-11-23,,Lechia Gdansk,LKS Lodz,3,1,H,,,,,,,,,,,,,,,,,,,,0.5811,0.2359,0.183,1,,,,1.73,4.09,5.27,,,,,0.1996,-2,,,,,0,0,,,,-0.0456,,,,,,,,,,,
spelad,EK,2019/20,2019-11-23,,Pogon Szczecin,Legia,3,1,H,,,,,,,,,,,,,,,,,,,,0.2537,0.286,0.4603,1,,,,3.9,3.6,2.11,,,,,0.3817,-1,20,-1.5,-0.1336,-0.1415,0,0,,,,0.0101,,,,,,,,,,,
spelad,EK,2019/20,2019-11-24,,Jagiellonia,Arka Gdynia,2,0,H,,,,,,,,,,,,,,,,,,,,0.5473,0.2482,0.2045,1,,,,1.79,3.88,4.8,,,,,-0.1267,1,7,2.1429,0.9863,-0.287,0,0,,,,-0.0212,,,,,,,,,,,
spelad,EK,2019/20,2019-11-24,,Slask Wroclaw,Wisla,2,1,H,,,,,,,,,,,,,,,,,,,,0.5908,0.2426,0.1666,1,,,,1.66,4.2,5.78,,,,,0.9029,1,18,0,0.036,-0.0601,0,0,,,,-0.0265,,,,,,,,,,,
spelad,EK,2019/20,2019-11-25,,Cracovia,Zaglebie,2,0,H,,,,,,,,,,,,,,,,,,,,0.4646,0.2692,0.2662,1,,,,2.09,3.6,3.75,,,,,-0.0556,1,15,0.8,0.4934,0.0473,0,0,,,,-0.0079,,,,,,,,,,,
spelad,EK,2019/20,2019-11-29,,Wisla Plock,Lech Poznan,0,2,A,,,,,,,,,,,,,,,,,,,,0.2774,0.2674,0.4553,1,,,,3.6,3.61,2.3,,,,,1.051,0,8,-1.875,-0.4392,-0.1455,0,0,,,,0.0184,,,,,,,,,,,
spelad,EK,2019/20,2019-11-29,,Zaglebie,Gornik Zabrze,2,0,H,,,,,,,,,,,,,,,,,,,,0.4296,0.2693,0.3011,1,,,,2.26,3.68,3.55,,,,,0.504,-3,12,-0.75,-0.3889,-0.0261,0,0,,,,0.0094,,,,,,,,,,,
spelad,EK,2019/20,2019-11-30,,Arka Gdynia,Pogon Szczecin,1,1,D,,,,,,,,,,,,,,,,,,,,0.2808,0.2841,0.4351,1,,,,3.5,3.5,2.35,,,,,-0.5296,-1,8,-2.625,-0.9443,-0.1579,0,0,,,,0.0217,,,,,,,,,,,
spelad,EK,2019/20,2019-11-30,,Legia,Korona Kielce,4,0,H,,,,,,,,,,,,,,,,,,,,0.7305,0.1746,0.0949,1,,,,1.41,5.5,10.08,,,,,-0.1225,0,17,1.4118,0.1321,-0.0623,0,0,,,,-0.0517,,,,,,,,,,,
spelad,EK,2019/20,2019-11-30,,Piast Gliwice,Slask Wroclaw,0,3,A,,,,,,,,,,,,,,,,,,,,0.4092,0.2918,0.299,1,,,,2.36,3.5,3.37,,,,,0.6586,2,18,0.6667,0.4366,0.0499,0,0,,,,0.0056,,,,,,,,,,,
spelad,EK,2019/20,2019-12-01,,LKS Lodz,Cracovia,1,0,H,,,,,,,,,,,,,,,,,,,,0.307,0.2779,0.4151,1,,,,3.2,3.6,2.33,,,,,-0.6125,2,,,,,0,0,,,,-0.0058,,,,,,,,,,,
spelad,EK,2019/20,2019-12-01,,Rakow,Jagiellonia,2,1,H,,,,,,,,,,,,,,,,,,,,0.3387,0.2856,0.3756,1,,,,2.9,3.5,2.57,,,,,-0.0149,1,,,,,0,0,,,,-0.0082,,,,,,,,,,,
spelad,EK,2019/20,2019-12-01,,Wisla,Lechia Gdansk,0,1,A,,,,,,,,,,,,,,,,,,,,0.315,0.2664,0.4186,1,,,,3.3,3.75,2.35,,,,,-0.8485,-1,18,0,0.0455,0.1637,0,0,,,,-0.0133,,,,,,,,,,,
spelad,EK,2019/20,2019-12-06,,Gornik Zabrze,Wisla,4,2,H,,,,,,,,,,,,,,,,,,,,0.4934,0.2642,0.2424,1,,,,1.99,3.8,4,,,,,0.4462,2,18,0,0.1312,-0.0518,0,0,,,,-0.0233,,,,,,,,,,,
spelad,EK,2019/20,2019-12-06,,Korona Kielce,Arka Gdynia,0,1,A,,,,,,,,,,,,,,,,,,,,0.465,0.2896,0.2455,1,,,,2.1,3.6,4,,,,,0.5068,0,8,0,0.0052,-0.037,0,0,,,,-0.0161,,,,,,,,,,,
spelad,EK,2019/20,2019-12-07,,Jagiellonia,Zaglebie,0,1,A,,,,,,,,,,,,,,,,,,,,0.5006,0.2516,0.2477,1,,,,2,3.84,3.9,,,,,-0.4816,-2,16,0.1875,0.1034,-0.0983,0,0,,,,-0.0171,,,,,,,,,,,
spelad,EK,2019/20,2019-12-07,,Lech Poznan,LKS Lodz,2,0,H,,,,,,,,,,,,,,,,,,,,0.616,0.2189,0.1651,1,,,,1.63,4.45,5.95,,,,,0.06,2,,,,,0,0,,,,-0.048,,,,,,,,,,,
spelad,EK,2019/20,2019-12-07,,Lechia Gdansk,Wisla Plock,2,0,H,,,,,,,,,,,,,,,,,,,,0.5576,0.2506,0.1918,1,,,,1.83,3.88,5.04,,,,,-0.777,-2,7,0.8571,0.2274,-0.1336,0,0,,,,-0.0303,,,,,,,,,,,
spelad,EK,2019/20,2019-12-08,,Cracovia,Rakow,3,0,H,,,,,,,,,,,,,,,,,,,,0.491,0.2862,0.2229,1,,,,2,3.81,4.81,,,,,-0.0408,0,,,,,0,0,,,,-0.0188,,,,,,,,,,,
spelad,EK,2019/20,2019-12-08,,Pogon Szczecin,Piast Gliwice,1,0,H,,,,,,,,,,,,,,,,,,,,0.4409,0.2767,0.2824,1,,,,2.3,3.5,3.6,,,,,0.0931,0,18,-0.1667,-0.1733,0.1048,0,0,,,,-0.0032,,,,,,,,,,,
spelad,EK,2019/20,2019-12-08,,Slask Wroclaw,Legia,0,3,A,,,,,,,,,,,,,,,,,,,,0.231,0.2554,0.5136,1,,,,4.4,3.78,2.01,,,,,0.4831,0,16,-1.5,-0.2734,-0.005,0,0,,,,0.0241,,,,,,,,,,,
spelad,EK,2019/20,2019-12-13,,Arka Gdynia,Zaglebie,2,1,H,,,,,,,,,,,,,,,,,,,,0.2965,0.2792,0.4243,1,,,,3.24,3.5,2.31,,,,,-0.3876,1,8,0,-0.0284,0.2179,0,0,,,,0.0244,,,,,,,,,,,
spelad,EK,2019/20,2019-12-13,,Wisla,Pogon Szczecin,1,0,H,,,,,,,,,,,,,,,,,,,,0.3123,0.2694,0.4182,1,,,,3.46,3.6,2.3,,,,,-1.3899,2,18,0.3333,0.1303,-0.0621,0,0,,,,-0.0148,,,,,,,,,,,
spelad,EK,2019/20,2019-12-14,,Legia,Wisla Plock,3,1,H,,,,,,,,,,,,,,,,,,,,0.754,0.1593,0.0867,1,,,,1.33,6.01,11.05,,,,,0.0165,-1,8,0.375,-0.2062,-0.1347,0,0,,,,-0.0332,,,,,,,,,,,
spelad,EK,2019/20,2019-12-14,,Rakow,Gornik Zabrze,2,1,H,,,,,,,,,,,,,,,,,,,,0.3894,0.2812,0.3294,1,,,,2.53,3.6,3,,,,,0.616,-2,,,,,0,0,,,,-0.0028,,,,,,,,,,,
spelad,EK,2019/20,2019-12-14,,Slask Wroclaw,Lech Poznan,1,1,D,,,,,,,,,,,,,,,,,,,,0.3386,0.2887,0.3727,1,,,,2.84,3.5,2.7,,,,,0.4034,-1,16,-0.375,0.1452,-0.0241,0,0,,,,0.0262,,,,,,,,,,,
spelad,EK,2019/20,2019-12-15,,Jagiellonia,Lechia Gdansk,3,0,H,,,,,,,,,,,,,,,,,,,,0.3895,0.2821,0.3284,1,,,,2.49,3.5,3,,,,,0.0348,0,18,-1.3333,-0.5433,-0.062,0,0,,,,0.008,,,,,,,,,,,
spelad,EK,2019/20,2019-12-15,,Korona Kielce,Cracovia,1,0,H,,,,,,,,,,,,,,,,,,,,0.3095,0.3055,0.385,1,,,,3.11,3.4,2.5,,,,,-0.4646,2,15,-0.6,-0.1138,-0.0149,0,0,,,,0.005,,,,,,,,,,,
spelad,EK,2019/20,2019-12-15,,Piast Gliwice,LKS Lodz,2,1,H,,,,,,,,,,,,,,,,,,,,0.5558,0.2491,0.195,1,,,,1.77,3.9,5,,,,,0.1449,-1,,,,,0,0,,,,-0.0412,,,,,,,,,,,
spelad,EK,2019/20,2019-12-19,,Lech Poznan,Arka Gdynia,1,1,D,,,,,,,,,,,,,,,,,,,,0.5924,0.2312,0.1764,1,,,,1.66,4.25,5.78,,,,,-0.457,-1,7,0.8571,-0.0628,0.1587,0,0,,,,-0.0178,,,,,,,,,,,
spelad,EK,2019/20,2019-12-19,,LKS Lodz,Wisla,2,4,A,,,,,,,,,,,,,,,,,,,,0.4351,0.2804,0.2845,1,,,,2.25,3.6,3.5,,,,,0.5147,-2,,,,,0,0,,,,0.0092,,,,,,,,,,,
spelad,EK,2019/20,2019-12-20,,Cracovia,Slask Wroclaw,2,0,H,,,,,,,,,,,,,,,,,,,,0.3777,0.2991,0.3232,1,,,,2.56,3.5,3.13,,,,,-0.4052,-1,16,-0.5625,-0.2072,0.0287,0,0,,,,0.0278,,,,,,,,,,,
spelad,EK,2019/20,2019-12-20,,Pogon Szczecin,Korona Kielce,0,1,A,,,,,,,,,,,,,,,,,,,,0.4844,0.2904,0.2252,1,,,,2.06,3.7,5,,,,,0.3223,2,16,0.75,0.094,0.2144,0,0,,,,0.0183,,,,,,,,,,,
spelad,EK,2019/20,2019-12-20,,Zaglebie,Legia,2,1,H,,,,,,,,,,,,,,,,,,,,0.2479,0.2627,0.4894,1,,,,4.05,3.75,2.01,,,,,-0.6584,1,16,-0.9375,0.0821,-0.0672,0,0,,,,0.0069,,,,,,,,,,,
spelad,EK,2019/20,2019-12-21,,Gornik Zabrze,Jagiellonia,3,0,H,,,,,,,,,,,,,,,,,,,,0.3629,0.2796,0.3575,1,,,,2.7,3.54,2.8,,,,,-0.3608,1,16,-0.375,-0.007,-0.0229,0,0,,,,-0.0026,,,,,,,,,,,
spelad,EK,2019/20,2019-12-21,,Lechia Gdansk,Rakow,0,3,A,,,,,,,,,,,,,,,,,,,,0.5319,0.256,0.2121,1,,,,1.87,3.9,4.54,,,,,-0.5442,-1,,,,,0,0,,,,-0.0259,,,,,,,,,,,
spelad,EK,2019/20,2019-12-21,,Wisla Plock,Piast Gliwice,2,1,H,,,,,,,,,,,,,,,,,,,,0.3435,0.2837,0.3728,1,,,,2.85,3.5,2.75,,,,,-0.1395,1,8,-1.5,-0.668,-0.0312,0,0,,,,-0.0023,,,,,,,,,,,
spelad,EK,2019/20,2020-02-07,,Arka Gdynia,Cracovia,0,1,A,,,,,,,,,,,,,,,,,,,,0.2829,0.3006,0.4164,1,,,,3.4,3.5,2.31,,,,,-0.0582,,9,-0.6667,-0.2543,0.0474,0,0,,,,0.0133,,,,,,,,,,,
spelad,EK,2019/20,2020-02-07,,Slask Wroclaw,Lechia Gdansk,2,2,D,,,,,,,,,,,,,,,,,,,,0.5536,0.2575,0.1889,1,,,,1.8,3.79,5.25,,,,,0.9113,,17,0.7059,0.4514,0.0039,0,0,,,,-0.0252,,,,,,,,,,,
spelad,EK,2019/20,2020-02-08,,Korona Kielce,Gornik Zabrze,0,0,D,,,,,,,,,,,,,,,,,,,,0.3617,0.3054,0.3329,1,,,,2.76,3.35,3.21,,,,,0.684,,16,0,-0.0721,0.223,0,0,,,,-0.0104,,,,,,,,,,,
spelad,EK,2019/20,2020-02-08,,Lech Poznan,Rakow,3,0,H,,,,,,,,,,,,,,,,,,,,0.5089,0.2694,0.2216,1,,,,1.92,3.69,4.34,,,,,-0.4854,,,,,,0,0,,,,-0.0216,,,,,,,,,,,
spelad,EK,2019/20,2020-02-08,,Wisla,Jagiellonia,3,0,H,,,,,,,,,,,,,,,,,,,,0.3374,0.2717,0.3909,1,,,,2.88,3.6,2.6,,,,,0.13,,19,-0.4737,-0.1929,0.0393,0,0,,,,0.0051,,,,,,,,,,,
spelad,EK,2019/20,2020-02-09,,Legia,LKS Lodz,3,1,H,,,,,,,,,,,,,,,,,,,,0.7616,0.1587,0.0798,1,,,,1.3,6.2,13,,,,,0.5389,,,,,,0,0,,,,-0.029,,,,,,,,,,,
spelad,EK,2019/20,2020-02-09,,Piast Gliwice,Zaglebie,2,0,H,,,,,,,,,,,,,,,,,,,,0.4862,0.2689,0.2449,1,,,,2.05,3.6,3.93,,,,,-0.5506,,17,0.3529,0.2682,0.0121,0,0,,,,-0.021,,,,,,,,,,,
spelad,EK,2019/20,2020-02-09,,Wisla Plock,Pogon Szczecin,2,3,A,,,,,,,,,,,,,,,,,,,,0.2955,0.301,0.4035,1,,,,3.25,3.4,2.53,,,,,0.0166,,7,0,0.253,-0.1388,0,0,,,,0.0326,,,,,,,,,,,
spelad,EK,2019/20,2020-02-14,,Gornik Zabrze,Arka Gdynia,2,0,H,,,,,,,,,,,,,,,,,,,,0.5172,0.2718,0.211,1,,,,1.9,3.75,4.57,,,,,-0.5446,-1,6,-0.5,-0.4046,0.2184,0,0,,,,-0.0161,,,,,,,,,,,
spelad,EK,2019/20,2020-02-14,,Lechia Gdansk,Piast Gliwice,1,0,H,,,,,,,,,,,,,,,,,,,,0.311,0.3061,0.3829,1,,,,3.09,3.4,2.89,,,,,-0.076,2,18,0.5,0.1058,-0.1165,0,0,,,,0.0627,,,,,,,,,,,
spelad,EK,2019/20,2020-02-15,,LKS Lodz,Wisla Plock,0,0,D,,,,,,,,,,,,,,,,,,,,0.409,0.2887,0.3023,1,,,,2.5,3.5,3.18,,,,,-0.2234,0,,,,,0,0,,,,-0.0106,,,,,,,,,,,
spelad,EK,2019/20,2020-02-15,,Pogon Szczecin,Slask Wroclaw,0,0,D,,,,,,,,,,,,,,,,,,,,0.4366,0.3059,0.2575,1,,,,2.21,3.4,3.8,,,,,0.0524,-2,17,-0.5294,-0.2643,0.1876,0,0,,,,-0.0172,,,,,,,,,,,
spelad,EK,2019/20,2020-02-15,,Rakow,Legia,2,2,D,,,,,,,,,,,,,,,,,,,,0.2048,0.2245,0.5706,1,,,,5,4.27,1.78,,,,,0.2443,1,,,,,0,0,,,,0.0262,,,,,,,,,,,
spelad,EK,2019/20,2020-02-16,,Cracovia,Lech Poznan,2,1,H,,,,,,,,,,,,,,,,,,,,0.413,0.289,0.298,1,,,,2.45,3.5,3.23,,,,,0.1997,1,15,-0.2,0.2195,0.0023,0,0,,,,-0.018,,,,,,,,,,,
spelad,EK,2019/20,2020-02-16,,Jagiellonia,Korona Kielce,0,0,D,,,,,,,,,,,,,,,,,,,,0.5535,0.2554,0.1911,1,,,,1.75,3.9,5.31,,,,,-1.0166,0,19,0.6316,0.2391,-0.0221,0,0,,,,-0.0154,,,,,,,,,,,
spelad,EK,2019/20,2020-02-16,,Zaglebie,Wisla,0,1,A,,,,,,,,,,,,,,,,,,,,0.4869,0.2762,0.2369,1,,,,2.05,3.78,4.07,,,,,-0.0356,-1,14,0,0.1564,-0.1381,0,0,,,,-0.03,,,,,,,,,,,
spelad,EK,2019/20,2020-02-21,,LKS Lodz,Pogon Szczecin,0,0,D,,,,,,,,,,,,,,,,,,,,0.3014,0.2878,0.4108,1,,,,3.3,3.6,2.34,,,,,-0.8219,0,,,,,0,0,,,,-0.0066,,,,,,,,,,,
spelad,EK,2019/20,2020-02-21,,Slask Wroclaw,Gornik Zabrze,2,1,H,,,,,,,,,,,,,,,,,,,,0.4628,0.2917,0.2455,1,,,,2.08,3.6,4,,,,,0.0924,-1,16,-0.75,-0.6169,0.2183,0,0,,,,0.0005,,,,,,,,,,,
spelad,EK,2019/20,2020-02-22,,Arka Gdynia,Rakow,3,2,H,,,,,,,,,,,,,,,,,,,,0.3577,0.2961,0.3462,1,,,,2.69,3.5,2.95,,,,,0.059,1,,,,,0,0,,,,0.0055,,,,,,,,,,,
spelad,EK,2019/20,2020-02-22,,Legia,Jagiellonia,4,0,H,,,,,,,,,,,,,,,,,,,,0.6704,0.204,0.1256,1,,,,1.47,4.7,7.63,,,,,0.5894,1,19,0.1579,-0.3874,0.056,0,0,,,,-0.0348,,,,,,,,,,,
spelad,EK,2019/20,2020-02-22,,Piast Gliwice,Cracovia,1,0,H,,,,,,,,,,,,,,,,,,,,0.4186,0.3056,0.2758,1,,,,2.4,3.4,3.49,,,,,-0.791,2,19,0.3158,0.2379,-0.0222,0,0,,,,-0.0154,,,,,,,,,,,
spelad,EK,2019/20,2020-02-23,,Lech Poznan,Lechia Gdansk,2,0,H,,,,,,,,,,,,,,,,,,,,0.5759,0.2351,0.189,1,,,,1.75,4.09,5.09,,,,,0.0454,-2,20,0.75,0.221,-0.1299,0,0,,,,-0.0417,,,,,,,,,,,
spelad,EK,2019/20,2020-02-23,,Wisla,Korona Kielce,2,0,H,,,,,,,,,,,,,,,,,,,,0.4771,0.2826,0.2403,1,,,,2.03,3.65,4.4,,,,,-0.054,0,19,0.3158,0.0691,-0.0201,0,0,,,,0.0146,,,,,,,,,,,
spelad,EK,2019/20,2020-02-23,,Wisla Plock,Zaglebie,1,1,D,,,,,,,,,,,,,,,,,,,,0.3112,0.2914,0.3974,1,,,,3.09,3.45,2.6,,,,,-0.2054,1,9,-0.3333,-0.0902,-0.0567,0,0,,,,0.0234,,,,,,,,,,,
spelad,EK,2019/20,2020-02-28,,Jagiellonia,Lech Poznan,1,1,D,,,,,,,,,,,,,,,,,,,,0.2647,0.2676,0.4677,1,,,,3.64,3.6,2.3,,,,,-1.0075,1,19,0.9474,0.799,-0.0074,0,0,,,,0.0737,,,,,,,,,,,
spelad,EK,2019/20,2020-02-28,,Rakow,Piast Gliwice,2,0,H,,,,,,,,,,,,,,,,,,,,0.3536,0.3113,0.3351,1,,,,2.76,3.35,2.87,,,,,0.465,0,,,,,0,0,,,,-0.0057,,,,,,,,,,,
spelad,EK,2019/20,2020-02-29,,Gornik Zabrze,Pogon Szczecin,3,1,H,,,,,,,,,,,,,,,,,,,,0.4197,0.2976,0.2827,1,,,,2.3,3.45,3.5,,,,,-0.0291,0,15,0,-0.0694,0.311,0,0,,,,-0.0102,,,,,,,,,,,
spelad,EK,2019/20,2020-02-29,,Legia,Cracovia,2,1,H,,,,,,,,,,,,,,,,,,,,0.6367,0.22,0.1433,1,,,,1.55,4.37,7.02,,,,,-0.4409,0,15,2.2,0.5905,-0.1141,0,0,,,,-0.0219,,,,,,,,,,,
spelad,EK,2019/20,2020-02-29,,Wisla,Wisla Plock,2,2,D,,,,,,,,,,,,,,,,,,,,0.5364,0.2602,0.2034,1,,,,1.88,3.75,4.76,,,,,1.0046,0,9,0.3333,0.1882,-0.0526,0,0,,,,-0.0258,,,,,,,,,,,
spelad,EK,2019/20,2020-03-01,,Arka Gdynia,LKS Lodz,1,1,D,,,,,,,,,,,,,,,,,,,,0.3549,0.2888,0.3562,1,,,,2.71,3.4,2.88,,,,,0.7321,-1,,,,,0,0,,,,0.0176,,,,,,,,,,,
spelad,EK,2019/20,2020-03-01,,Korona Kielce,Lechia Gdansk,1,2,A,,,,,,,,,,,,,,,,,,,,0.3672,0.2951,0.3376,1,,,,2.75,3.4,3,,,,,0.0587,0,16,0.375,0.4651,-0.0322,0,0,,,,0.0002,,,,,,,,,,,
spelad,EK,2019/20,2020-03-01,,Zaglebie,Slask Wroclaw,3,1,H,,,,,,,,,,,,,,,,,,,,0.4163,0.2905,0.2932,1,,,,2.5,3.4,3.28,,,,,-0.1252,-2,15,0.2,0.1381,-0.0192,0,0,,,,-0.0332,,,,,,,,,,,
spelad,EK,2019/20,2020-03-03,,Cracovia,Wisla,0,2,A,,,,,,,,,,,,,,,,,,,,0.5204,0.2623,0.2173,1,,,,1.93,3.67,4.5,,,,,-0.5799,0,13,-0.4615,-0.0882,-0.0524,0,0,,,,-0.017,,,,,,,,,,,
spelad,EK,2019/20,2020-03-03,,Lech Poznan,Gornik Zabrze,4,1,H,,,,,,,,,,,,,,,,,,,,0.5749,0.2449,0.1801,1,,,,1.75,4.15,5.33,,,,,-0.0575,1,16,1.125,0.0801,-0.0087,0,0,,,,-0.0478,,,,,,,,,,,
spelad,EK,2019/20,2020-03-03,,Pogon Szczecin,Jagiellonia,1,2,A,,,,,,,,,,,,,,,,,,,,0.435,0.2995,0.2656,1,,,,2.24,3.5,3.65,,,,,0.3402,-1,18,-0.6667,-0.2868,0.045,0,0,,,,-0.0042,,,,,,,,,,,
spelad,EK,2019/20,2020-03-03,,Wisla Plock,Rakow,0,2,A,,,,,,,,,,,,,,,,,,,,0.2921,0.2827,0.4252,1,,,,3.3,3.5,2.42,,,,,-0.7574,-1,,,,,0,0,,,,0.0208,,,,,,,,,,,
spelad,EK,2019/20,2020-03-04,,Lechia Gdansk,Legia,0,2,A,,,,,,,,,,,,,,,,,,,,0.1785,0.2382,0.5832,1,,,,5.39,4.1,1.72,,,,,0.0377,-1,20,-0.75,0.0162,-0.015,0,0,,,,0.0436,,,,,,,,,,,
spelad,EK,2019/20,2020-03-04,,LKS Lodz,Zaglebie,3,2,H,,,,,,,,,,,,,,,,,,,,0.3206,0.2915,0.3879,1,,,,3,3.4,2.6,,,,,-0.6152,0,,,,,0,0,,,,0.0228,,,,,,,,,,,
spelad,EK,2019/20,2020-03-04,,Piast Gliwice,Arka Gdynia,1,0,H,,,,,,,,,,,,,,,,,,,,0.5783,0.2443,0.1774,1,,,,1.68,3.93,5.75,,,,,-0.7704,2,9,1.3333,0.6519,0.0431,0,0,,,,-0.011,,,,,,,,,,,
spelad,EK,2019/20,2020-03-04,,Slask Wroclaw,Korona Kielce,2,1,H,,,,,,,,,,,,,,,,,,,,0.5679,0.2601,0.172,1,,,,1.76,3.8,5.58,,,,,-0.0742,0,18,0,-0.2259,0.162,0,0,,,,-0.0343,,,,,,,,,,,
spelad,EK,2019/20,2020-03-06,,Gornik Zabrze,Cracovia,3,2,H,,,,,,,,,,,,,,,,,,,,0.4651,0.2652,0.2697,1,,,,2.27,3.63,3.7,,,,,0.182,0,11,-1.0909,-0.4705,-0.0081,0,0,,,,-0.0276,,,,,,,,,,,
spelad,EK,2019/20,2020-03-07,,Arka Gdynia,Wisla Plock,1,2,A,,,,,,,,,,,,,,,,,,,,0.4205,0.3028,0.2767,1,,,,2.4,3.3,3.55,,,,,0.586,-1,9,-0.6667,-0.4072,0.2667,0,0,,,,-0.0064,,,,,,,,,,,
spelad,EK,2019/20,2020-03-07,,Jagiellonia,Slask Wroclaw,1,0,H,,,,,,,,,,,,,,,,,,,,0.4295,0.2916,0.2789,1,,,,2.35,3.4,3.45,,,,,-0.0404,1,18,-0.3333,-0.1028,-0.0598,0,0,,,,-0.0183,,,,,,,,,,,
spelad,EK,2019/20,2020-03-07,,Zaglebie,Lechia Gdansk,4,4,D,,,,,,,,,,,,,,,,,,,,0.5548,0.2347,0.2105,1,,,,1.93,4.09,4.56,,,,,-0.0978,0,15,-1,-0.4287,-0.0207,0,0,,,,-0.084,,,,,,,,,,,
spelad,EK,2019/20,2020-03-08,,Legia,Piast Gliwice,1,2,A,,,,,,,,,,,,,,,,,,,,0.6867,0.2076,0.1056,1,,,,1.46,4.74,9.1,,,,,0.3525,0,17,1.0588,-0.0686,-0.0574,0,0,,,,-0.0352,,,,,,,,,,,
spelad,EK,2019/20,2020-03-08,,Rakow,Pogon Szczecin,0,0,D,,,,,,,,,,,,,,,,,,,,0.5,0.2703,0.2297,1,,,,2.06,3.57,4.33,,,,,0.9913,0,,,,,0,0,,,,-0.0426,,,,,,,,,,,
spelad,EK,2019/20,2020-03-08,,Wisla,Lech Poznan,1,1,D,,,,,,,,,,,,,,,,,,,,0.2976,0.2655,0.4369,1,,,,3.27,3.62,2.25,,,,,0.9956,0,19,-0.9474,-0.0485,-0.0004,0,0,,,,0.0084,,,,,,,,,,,
spelad,EK,2019/20,2020-03-09,,Korona Kielce,LKS Lodz,1,0,H,,,,,,,,,,,,,,,,,,,,0.3861,0.2986,0.3152,1,,,,2.5,3.4,3.25,,,,,0.1963,0,,,,,0,0,,,,0.0225,,,,,,,,,,,
spelad,EK,2019/20,2020-05-29,,Pogon Szczecin,Zaglebie,0,3,A,,,,,,,,,,,,,,,,,,,,0.3594,0.2977,0.3429,1,,,,2.7,3.5,2.83,,,,,-0.2436,,15,0.2,0.1147,0.1144,0,0,,,,0.0091,,,,,,,,,,,
spelad,EK,2019/20,2020-05-29,,Slask Wroclaw,Rakow,1,1,D,,,,,,,,,,,,,,,,,,,,0.3408,0.3073,0.3519,1,,,,2.86,3.45,3,,,,,-0.7952,,,,,,0,0,,,,0.031,,,,,,,,,,,
spelad,EK,2019/20,2020-05-30,,Lech Poznan,Legia,0,1,A,,,,,,,,,,,,,,,,,,,,0.3049,0.2817,0.4135,1,,,,3.16,3.45,2.41,,,,,0.0699,,21,-1,-0.2031,-0.1898,0,0,,,,0.014,,,,,,,,,,,
spelad,EK,2019/20,2020-05-30,,LKS Lodz,Gornik Zabrze,0,1,A,,,,,,,,,,,,,,,,,,,,0.3308,0.2962,0.3731,1,,,,2.91,3.3,2.7,,,,,-0.6981,,,,,,0,0,,,,0.0384,,,,,,,,,,,
spelad,EK,2019/20,2020-05-30,,Piast Gliwice,Wisla,4,0,H,,,,,,,,,,,,,,,,,,,,0.4746,0.2876,0.2379,1,,,,2.04,3.63,4.15,,,,,-0.827,,15,0,0.1297,0.0519,0,0,,,,0.0054,,,,,,,,,,,
spelad,EK,2019/20,2020-05-31,,Cracovia,Jagiellonia,0,1,A,,,,,,,,,,,,,,,,,,,,0.4109,0.2941,0.295,1,,,,2.34,3.5,3.6,,,,,-0.2712,,15,-0.6,-0.3049,0.119,0,0,,,,0.0367,,,,,,,,,,,
spelad,EK,2019/20,2020-05-31,,Lechia Gdansk,Arka Gdynia,4,3,H,,,,,,,,,,,,,,,,,,,,0.4697,0.2783,0.2521,1,,,,2.08,3.63,4.5,,,,,0.0144,,8,1.875,0.674,0.0913,0,0,,,,0.004,,,,,,,,,,,
spelad,EK,2019/20,2020-05-31,,Wisla Plock,Korona Kielce,1,4,A,,,,,,,,,,,,,,,,,,,,0.3588,0.3062,0.335,1,,,,2.7,3.35,3.45,,,,,-0.1814,,9,0,-0.004,-0.1652,0,0,,,,0.023,,,,,,,,,,,
spelad,EK,2019/20,2020-06-05,,Gornik Zabrze,Lechia Gdansk,2,2,D,,,,,,,,,,,,,,,,,,,,0.4785,0.2657,0.2558,1,,,,2.05,3.8,4.01,,,,,0.4263,1,15,-0.6,-0.2092,0.2605,0,0,,,,-0.0054,,,,,,,,,,,
spelad,EK,2019/20,2020-06-05,,Korona Kielce,Piast Gliwice,1,2,A,,,,,,,,,,,,,,,,,,,,0.2812,0.3113,0.4075,1,,,,3.45,3.35,2.4,,,,,-0.1816,-1,17,0.3529,0.1901,0.009,0,0,,,,0.009,,,,,,,,,,,
spelad,EK,2019/20,2020-06-06,,Jagiellonia,Wisla Plock,2,2,D,,,,,,,,,,,,,,,,,,,,0.552,0.2508,0.1972,1,,,,1.83,3.9,5,,,,,0.1571,0,8,-0.375,-0.3757,-0.1443,0,0,,,,-0.0097,,,,,,,,,,,
spelad,EK,2019/20,2020-06-06,,Pogon Szczecin,Cracovia,1,0,H,,,,,,,,,,,,,,,,,,,,0.3687,0.3208,0.3105,1,,,,2.72,3.21,3.11,,,,,-0.4698,2,16,0.1875,0.035,0.0315,0,0,,,,-0.0077,,,,,,,,,,,
spelad,EK,2019/20,2020-06-06,,Zaglebie,Lech Poznan,3,3,D,,,,,,,,,,,,,,,,,,,,0.3316,0.2678,0.4006,1,,,,2.91,3.74,2.65,,,,,0.1141,1,16,0.1875,0.3506,0.0372,0,0,,,,0.0179,,,,,,,,,,,
spelad,EK,2019/20,2020-06-07,,Arka Gdynia,Slask Wroclaw,2,1,H,,,,,,,,,,,,,,,,,,,,0.2905,0.315,0.3944,1,,,,3.34,3.25,2.57,,,,,-0.172,-2,10,0,0.2884,-0.2771,0,0,,,,0.0109,,,,,,,,,,,
spelad,EK,2019/20,2020-06-07,,Rakow,LKS Lodz,1,1,D,,,,,,,,,,,,,,,,,,,,0.5233,0.272,0.2047,1,,,,1.92,3.8,4.84,,,,,0.7214,1,,,,,0,0,,,,-0.0483,,,,,,,,,,,
spelad,EK,2019/20,2020-06-07,,Wisla,Legia,1,3,A,,,,,,,,,,,,,,,,,,,,0.1452,0.1979,0.6569,1,,,,8.02,4.88,1.48,,,,,0.8965,0,19,-1.1053,-0.0852,0.0642,0,0,,,,-0.0169,,,,,,,,,,,
spelad,EK,2019/20,2020-06-09,,Lech Poznan,Pogon Szczecin,4,0,H,,,,,,,,,,,,,,,,,,,,0.6071,0.2298,0.1631,1,,,,1.66,4.27,6.68,,,,,0.1669,0,20,0.45,-0.1861,0.082,0,0,,,,-0.0183,,,,,,,,,,,
spelad,EK,2019/20,2020-06-09,,Lechia Gdansk,Cracovia,1,3,A,,,,,,,,,,,,,,,,,,,,0.4024,0.2878,0.3098,1,,,,2.46,3.47,3.26,,,,,1.0005,1,16,-0.9375,-0.5221,-0.2174,0,0,,,,-0.0117,,,,,,,,,,,
spelad,EK,2019/20,2020-06-09,,Piast Gliwice,Gornik Zabrze,0,0,D,,,,,,,,,,,,,,,,,,,,0.4206,0.2849,0.2944,1,,,,2.32,3.65,3.8,,,,,0.4333,0,13,-0.2308,0.0243,-0.1304,0,0,,,,0.0446,,,,,,,,,,,
spelad,EK,2019/20,2020-06-09,,Zaglebie,Korona Kielce,1,1,D,,,,,,,,,,,,,,,,,,,,0.4842,0.2668,0.249,1,,,,2,3.75,4.57,,,,,-0.1735,-1,15,0.4,0.0999,-0.0858,0,0,,,,0.0225,,,,,,,,,,,
spelad,EK,2019/20,2020-06-10,,Legia,Arka Gdynia,5,1,H,,,,,,,,,,,,,,,,,,,,0.7944,0.1417,0.0639,1,,,,1.25,7.36,15.17,,,,,0.5834,0,7,0.8571,-0.0336,-0.1136,0,0,,,,-0.0341,,,,,,,,,,,
spelad,EK,2019/20,2020-06-10,,LKS Lodz,Jagiellonia,0,3,A,,,,,,,,,,,,,,,,,,,,0.3665,0.2815,0.3519,1,,,,2.85,3.45,2.78,,,,,-0.4213,-1,,,,,0,0,,,,-0.0145,,,,,,,,,,,
spelad,EK,2019/20,2020-06-10,,Wisla,Rakow,3,2,H,,,,,,,,,,,,,,,,,,,,0.2914,0.3061,0.4026,1,,,,3.33,3.38,2.48,,,,,0.6816,0,,,,,0,0,,,,0.0274,,,,,,,,,,,
spelad,EK,2019/20,2020-06-10,,Wisla Plock,Slask Wroclaw,1,2,A,,,,,,,,,,,,,,,,,,,,0.3004,0.3278,0.3718,1,,,,3.23,3.25,2.75,,,,,0.0964,1,9,0,0.0895,0.0595,0,0,,,,0.022,,,,,,,,,,,
spelad,EK,2019/20,2020-06-14,,Arka Gdynia,Wisla,0,0,D,,,,,,,,,,,,,,,,,,,,0.3466,0.2871,0.3662,1,,,,2.8,3.52,2.7,,,,,-0.7582,0,8,1.125,0.6469,-0.1532,0,0,,,,0.0165,,,,,,,,,,,
spelad,EK,2019/20,2020-06-14,,Cracovia,Wisla Plock,1,1,D,,,,,,,,,,,,,,,,,,,,0.5648,0.2433,0.192,1,,,,1.85,3.97,5.03,,,,,-0.271,1,8,0,-0.0042,-0.0395,0,0,,,,-0.0507,,,,,,,,,,,
spelad,EK,2019/20,2020-06-14,,Gornik Zabrze,Legia,2,0,H,,,,,,,,,,,,,,,,,,,,0.1753,0.2143,0.6104,1,,,,5.81,4.5,1.63,,,,,0.0767,1,16,-2.0625,-0.3687,-0.0465,0,0,,,,0.0317,,,,,,,,,,,
spelad,EK,2019/20,2020-06-14,,Jagiellonia,Piast Gliwice,0,2,A,,,,,,,,,,,,,,,,,,,,0.3763,0.2978,0.3258,1,,,,2.68,3.42,2.99,,,,,-0.0037,-1,17,0,-0.0656,-0.1019,0,0,,,,-0.0227,,,,,,,,,,,
spelad,EK,2019/20,2020-06-14,,Korona Kielce,Lech Poznan,0,3,A,,,,,,,,,,,,,,,,,,,,0.1987,0.2288,0.5726,1,,,,4.87,4.23,1.79,,,,,0.0172,0,17,-0.7059,0.1593,0.0403,0,0,,,,0.0294,,,,,,,,,,,
spelad,EK,2019/20,2020-06-14,,Pogon Szczecin,Lechia Gdansk,1,1,D,,,,,,,,,,,,,,,,,,,,0.4113,0.2863,0.3024,1,,,,2.5,3.41,3.31,,,,,-0.7704,0,21,-0.4286,-0.0785,0.0041,0,0,,,,-0.0055,,,,,,,,,,,
spelad,EK,2019/20,2020-06-14,,Rakow,Zaglebie,2,1,H,,,,,,,,,,,,,,,,,,,,0.4386,0.2613,0.3001,1,,,,2.38,3.72,3.3,,,,,0.1037,-1,,,,,0,0,,,,-0.029,,,,,,,,,,,
spelad,EK,2019/20,2020-06-14,,Slask Wroclaw,LKS Lodz,4,0,H,,,,,,,,,,,,,,,,,,,,0.5239,0.2578,0.2183,1,,,,1.91,3.79,4.74,,,,,0.3534,0,,,,,0,0,,,,-0.0168,,,,,,,,,,,
spelad,EK,2019/20,2020-06-19,,Gornik Zabrze,Korona Kielce,3,2,H,,,,,,,,,,,,,,,,,,,,0.48,0.2621,0.2579,1,,,,2.02,3.75,4.36,,,,,0.7353,0,17,0,-0.1599,0.2507,0,0,,,,0.0195,,,,,,,,,,,
spelad,EK,2019/20,2020-06-19,,Zaglebie,LKS Lodz,1,0,H,,,,,,,,,,,,,,,,,,,,0.6039,0.2216,0.1744,1,,,,1.63,4.4,6.14,,,,,0.2085,0,,,,,0,0,,,,-0.0236,,,,,,,,,,,
spelad,EK,2019/20,2020-06-20,,Piast Gliwice,Lech Poznan,0,2,A,,,,,,,,,,,,,,,,,,,,0.3528,0.2905,0.3567,1,,,,2.88,3.34,2.75,,,,,0.7993,0,18,-0.6667,0.0345,-0.0365,0,0,,,,-0.0104,,,,,,,,,,,
spelad,EK,2019/20,2020-06-20,,Rakow,Wisla,3,1,H,,,,,,,,,,,,,,,,,,,,0.4235,0.2852,0.2912,1,,,,2.35,3.44,3.4,,,,,-0.3093,0,,,,,0,0,,,,-0.0034,,,,,,,,,,,
spelad,EK,2019/20,2020-06-20,,Wisla Plock,Arka Gdynia,0,0,D,,,,,,,,,,,,,,,,,,,,0.5596,0.2396,0.2008,1,,,,1.86,4.04,4.82,,,,,-0.0894,0,10,0.9,0.3131,0.2098,0,0,,,,-0.0617,,,,,,,,,,,
spelad,EK,2019/20,2020-06-21,,Cracovia,Jagiellonia,1,2,A,,,,,,,,,,,,,,,,,,,,0.4689,0.2822,0.2489,1,,,,2.08,3.6,3.94,,,,,-1.3057,0,16,-0.75,-0.3813,0.0932,0,0,,,,-0.0049,,,,,,,,,,,
spelad,EK,2019/20,2020-06-21,,Legia,Slask Wroclaw,2,0,H,,,,,,,,,,,,,,,,,,,,0.75,0.1689,0.0811,1,,,,1.32,5.73,11.93,,,,,0.0226,0,17,1.5882,0.3328,-0.0197,0,0,,,,-0.0586,,,,,,,,,,,
spelad,EK,2019/20,2020-06-21,,Pogon Szczecin,Lechia Gdansk,0,1,A,,,,,,,,,,,,,,,,,,,,0.4106,0.2817,0.3077,1,,,,2.39,3.45,3.16,,,,,-0.5142,0,22,-0.4091,-0.0986,0.0364,0,0,,,,-0.0143,,,,,,,,,,,
spelad,EK,2019/20,2020-06-23,,Arka Gdynia,Zaglebie,3,2,H,,,,,,,,,,,,,,,,,,,,0.3231,0.2663,0.4107,1,,,,3.01,3.64,2.43,,,,,-0.2526,-1,9,0.3333,0.1783,0.1627,0,0,,,,0.0086,,,,,,,,,,,
spelad,EK,2019/20,2020-06-23,,Korona Kielce,Rakow,0,1,A,,,,,,,,,,,,,,,,,,,,0.3081,0.2959,0.3961,1,,,,3.19,3.3,2.51,,,,,-0.5523,1,,,,,0,0,,,,0.0089,,,,,,,,,,,
spelad,EK,2019/20,2020-06-23,,LKS Lodz,Gornik Zabrze,1,3,A,,,,,,,,,,,,,,,,,,,,0.3152,0.2645,0.4203,1,,,,3.13,3.67,2.34,,,,,-1.2923,0,,,,,0,0,,,,0.0057,,,,,,,,,,,
spelad,EK,2019/20,2020-06-23,,Wisla,Wisla Plock,1,0,H,,,,,,,,,,,,,,,,,,,,0.4887,0.2688,0.2425,1,,,,2.04,3.75,3.99,,,,,0.2565,0,10,0.3,0.0825,0.0266,0,0,,,,-0.0203,,,,,,,,,,,
spelad,EK,2019/20,2020-06-24,,Jagiellonia,Legia,0,0,D,,,,,,,,,,,,,,,,,,,,0.1766,0.2196,0.6038,1,,,,5.6,4.4,1.64,,,,,0.6811,0,20,-0.3,0.2858,0.043,0,0,,,,0.0267,,,,,,,,,,,
spelad,EK,2019/20,2020-06-24,,Lech Poznan,Pogon Szczecin,0,0,D,,,,,,,,,,,,,,,,,,,,0.641,0.2185,0.1405,1,,,,1.53,4.43,7,,,,,0.8781,1,21,0.5714,-0.1321,0.0672,0,0,,,,-0.0243,,,,,,,,,,,
spelad,EK,2019/20,2020-06-24,,Lechia Gdansk,Piast Gliwice,1,0,H,,,,,,,,,,,,,,,,,,,,0.2715,0.2777,0.4508,1,,,,3.61,3.5,2.23,,,,,-0.2906,-1,19,0.6316,0.1929,-0.1264,0,0,,,,0.02,,,,,,,,,,,
spelad,EK,2019/20,2020-06-25,,Slask Wroclaw,Cracovia,3,2,H,,,,,,,,,,,,,,,,,,,,0.4273,0.3003,0.2724,1,,,,2.29,3.23,3.6,,,,,0.7994,0,17,0.3529,0.0934,0.0094,0,0,,,,-0.0153,,,,,,,,,,,
spelad,EK,2019/20,2020-06-26,,Rakow,Arka Gdynia,3,2,H,,,,,,,,,,,,,,,,,,,,0.5379,0.2596,0.2025,1,,,,1.84,3.8,5,,,,,0.3294,0,,,,,0,0,,,,-0.005,,,,,,,,,,,
spelad,EK,2019/20,2020-06-26,,Zaglebie,Korona Kielce,2,1,H,,,,,,,,,,,,,,,,,,,,0.5494,0.2417,0.2088,1,,,,1.83,4,4.75,,,,,-0.1953,0,16,0.375,0.0487,-0.0346,0,0,,,,-0.037,,,,,,,,,,,
spelad,EK,2019/20,2020-06-27,,Gornik Zabrze,Wisla,0,1,A,,,,,,,,,,,,,,,,,,,,0.4725,0.2698,0.2576,1,,,,2.08,3.65,3.8,,,,,0.5586,0,19,0.1579,0.1903,-0.063,0,0,,,,-0.0155,,,,,,,,,,,
spelad,EK,2019/20,2020-06-27,,Legia,Piast Gliwice,1,1,D,,,,,,,,,,,,,,,,,,,,0.5744,0.2539,0.1717,1,,,,1.72,3.93,5.8,,,,,-0.6771,0,18,0.8333,-0.1908,-0.0658,0,0,,,,-0.0044,,,,,,,,,,,
spelad,EK,2019/20,2020-06-27,,Wisla Plock,LKS Lodz,2,0,H,,,,,,,,,,,,,,,,,,,,0.553,0.2389,0.2081,1,,,,1.77,4.05,5,,,,,0.1802,0,,,,,0,0,,,,-0.01,,,,,,,,,,,
spelad,EK,2019/20,2020-06-28,,Jagiellonia,Lechia Gdansk,1,2,A,,,,,,,,,,,,,,,,,,,,0.4508,0.2761,0.273,1,,,,2.17,3.64,3.6,,,,,0.5051,0,19,-1.1053,-0.4332,-0.0736,0,0,,,,-0.0019,,,,,,,,,,,
spelad,EK,2019/20,2020-06-28,,Slask Wroclaw,Lech Poznan,2,2,D,,,,,,,,,,,,,,,,,,,,0.274,0.2811,0.4449,1,,,,3.54,3.45,2.22,,,,,0.0656,-1,17,-0.3529,0.1187,0.0192,0,0,,,,0.0233,,,,,,,,,,,
spelad,EK,2019/20,2020-06-29,,Cracovia,Pogon Szczecin,2,1,H,,,,,,,,,,,,,,,,,,,,0.4494,0.2978,0.2528,1,,,,2.18,3.4,4.1,,,,,-0.4848,-1,17,-0.3529,-0.1363,0.0108,0,0,,,,-0.006,,,,,,,,,,,
spelad,EK,2019/20,2020-07-03,,Korona Kielce,Arka Gdynia,1,1,D,,,,,,,,,,,,,,,,,,,,0.4476,0.2806,0.2718,1,,,,2.4,3.43,3.54,,,,,-0.1869,0,9,-0.3333,-0.1825,-0.0651,0,0,,,,-0.0495,,,,,,,,,,,
spelad,EK,2019/20,2020-07-03,,LKS Lodz,Wisla,1,2,A,,,,,,,,,,,,,,,,,,,,0.2467,0.2733,0.48,1,,,,4.1,3.75,2.05,,,,,-1.1544,0,,,,,0,0,,,,0.0061,,,,,,,,,,,
spelad,EK,2019/20,2020-07-04,,Lech Poznan,Legia,2,1,H,,,,,,,,,,,,,,,,,,,,0.3176,0.2864,0.396,1,,,,3.03,3.4,2.6,,,,,0.3248,-1,22,-1.0909,-0.2483,-0.194,0,0,,,,0.0179,,,,,,,,,,,
spelad,EK,2019/20,2020-07-04,,Lechia Gdansk,Cracovia,0,3,A,,,,,,,,,,,,,,,,,,,,0.3924,0.2795,0.3281,1,,,,2.47,3.5,3.15,,,,,1.2242,1,17,-1.0588,-0.5794,-0.2215,0,0,,,,-0.0053,,,,,,,,,,,
spelad,EK,2019/20,2020-07-04,,Rakow,Zaglebie,1,2,A,,,,,,,,,,,,,,,,,,,,0.4541,0.2488,0.2971,1,,,,2.2,3.87,3.24,,,,,0.3515,0,,,,,0,0,,,,-0.0273,,,,,,,,,,,
spelad,EK,2019/20,2020-07-05,,Piast Gliwice,Slask Wroclaw,1,0,H,,,,,,,,,,,,,,,,,,,,0.5018,0.2654,0.2327,1,,,,2.05,3.63,4.14,,,,,0.3733,1,19,0.4737,0.3336,0.0319,0,0,,,,-0.033,,,,,,,,,,,
spelad,EK,2019/20,2020-07-05,,Pogon Szczecin,Jagiellonia,2,2,D,,,,,,,,,,,,,,,,,,,,0.3974,0.2914,0.3112,1,,,,2.6,3.48,3.09,,,,,-0.7968,-1,19,-0.7895,-0.3562,0.0269,0,0,,,,-0.0192,,,,,,,,,,,
spelad,EK,2019/20,2020-07-06,,Wisla Plock,Gornik Zabrze,1,0,H,,,,,,,,,,,,,,,,,,,,0.3434,0.3082,0.3484,1,,,,2.8,3.35,2.8,,,,,-0.8272,0,8,0.375,0.0569,0.0995,0,0,,,,0.01,,,,,,,,,,,
spelad,EK,2019/20,2020-07-10,,Gornik Zabrze,Rakow,4,1,H,,,,,,,,,,,,,,,,,,,,0.4335,0.258,0.3085,1,,,,2.25,3.75,3.18,,,,,0.1908,-2,,,,,0,0,,,,-0.0102,,,,,,,,,,,
spelad,EK,2019/20,2020-07-10,,Zaglebie,Wisla Plock,0,1,A,,,,,,,,,,,,,,,,,,,,0.5285,0.2544,0.2171,1,,,,1.9,4.05,4.59,,,,,0.424,2,10,0.3,0.0839,0.0199,0,0,,,,-0.022,,,,,,,,,,,
spelad,EK,2019/20,2020-07-11,,Arka Gdynia,LKS Lodz,3,2,H,,,,,,,,,,,,,,,,,,,,0.4127,0.2811,0.3062,1,,,,2.33,3.6,3.55,,,,,1.0472,0,,,,,0,0,,,,0.0473,,,,,,,,,,,
spelad,EK,2019/20,2020-07-11,,Legia,Cracovia,2,0,H,,,,,,,,,,,,,,,,,,,,0.6228,0.222,0.1552,1,,,,1.59,4.32,7.02,,,,,-0.064,0,16,2.25,0.608,-0.1207,0,0,,,,-0.0143,,,,,,,,,,,
spelad,EK,2019/20,2020-07-11,,Wisla,Korona Kielce,1,1,D,,,,,,,,,,,,,,,,,,,,0.4899,0.2651,0.245,1,,,,1.99,3.75,4.08,,,,,0.9002,0,20,0.45,0.1299,-0.0332,0,0,,,,-0.0077,,,,,,,,,,,
spelad,EK,2019/20,2020-07-12,,Lech Poznan,Lechia Gdansk,3,2,H,,,,,,,,,,,,,,,,,,,,0.6266,0.2214,0.1519,1,,,,1.56,4.6,6.76,,,,,-0.2204,0,21,0.8571,0.2598,-0.1349,0,0,,,,-0.0069,,,,,,,,,,,
spelad,EK,2019/20,2020-07-12,,Piast Gliwice,Jagiellonia,2,0,H,,,,,,,,,,,,,,,,,,,,0.6414,0.2243,0.1344,1,,,,1.6,4.55,7.16,,,,,0.112,0,18,0.1667,0.254,-0.1128,0,0,,,,-0.0518,,,,,,,,,,,
spelad,EK,2019/20,2020-07-12,,Slask Wroclaw,Pogon Szczecin,2,2,D,,,,,,,,,,,,,,,,,,,,0.4969,0.2663,0.2368,1,,,,2,3.68,4.07,,,,,0.5717,0,18,0.5,0.0681,0.2157,0,0,,,,-0.0269,,,,,,,,,,,
spelad,EK,2019/20,2020-07-14,,Arka Gdynia,Gornik Zabrze,1,2,A,,,,,,,,,,,,,,,,,,,,0.3477,0.2679,0.3844,1,,,,2.86,3.64,2.55,,,,,0.1287,-1,7,0,0.0303,0.1484,0,0,,,,0.0166,,,,,,,,,,,
spelad,EK,2019/20,2020-07-14,,LKS Lodz,Rakow,3,2,H,,,,,,,,,,,,,,,,,,,,0.2889,0.2654,0.4457,1,,,,3.4,3.75,2.23,,,,,-0.9464,-1,,,,,0,0,,,,0.0203,,,,,,,,,,,
spelad,EK,2019/20,2020-07-14,,Wisla Plock,Korona Kielce,3,1,H,,,,,,,,,,,,,,,,,,,,0.5189,0.2552,0.2259,1,,,,1.91,3.8,4.4,,,,,0.9742,1,10,-0.3,-0.1418,-0.1793,0,0,,,,-0.0126,,,,,,,,,,,
spelad,EK,2019/20,2020-07-14,,Zaglebie,Wisla,3,1,H,,,,,,,,,,,,,,,,,,,,0.4473,0.2664,0.2862,1,,,,2.21,3.84,3.4,,,,,-0.6201,1,15,-0.2,0.0301,-0.1473,0,0,,,,-0.0057,,,,,,,,,,,
spelad,EK,2019/20,2020-07-15,,Cracovia,Lech Poznan,1,2,A,,,,,,,,,,,,,,,,,,,,0.2687,0.2621,0.4692,1,,,,3.58,3.67,2.36,,,,,-0.6107,1,16,0,0.2978,-0.0159,0,0,,,,0.0384,,,,,,,,,,,
spelad,EK,2019/20,2020-07-15,,Jagiellonia,Slask Wroclaw,2,1,H,,,,,,,,,,,,,,,,,,,,0.3727,0.2686,0.3588,1,,,,2.62,3.58,2.96,,,,,-0.1677,0,19,-0.1579,-0.0227,-0.072,0,0,,,,0,,,,,,,,,,,
spelad,EK,2019/20,2020-07-15,,Lechia Gdansk,Legia,0,0,D,,,,,,,,,,,,,,,,,,,,0.3737,0.2684,0.3579,1,,,,2.63,3.68,2.8,,,,,0.5604,-1,21,-0.8571,-0.0214,-0.0257,0,0,,,,-0.0058,,,,,,,,,,,
spelad,EK,2019/20,2020-07-15,,Pogon Szczecin,Piast Gliwice,1,0,H,,,,,,,,,,,,,,,,,,,,0.2747,0.2862,0.4391,1,,,,3.58,3.5,2.3,,,,,-0.5391,0,19,0,-0.0905,0.0848,0,0,,,,0.0077,,,,,,,,,,,
spelad,EK,2019/20,2020-07-18,,Gornik Zabrze,Zaglebie,0,2,A,,,,,,,,,,,,,,,,,,,,0.4255,0.2551,0.3195,1,,,,2.3,3.8,3.15,,,,,0.5918,0,13,0.4615,0.2929,-0.0448,0,0,,,,-0.009,,,,,,,,,,,
spelad,EK,2019/20,2020-07-18,,Korona Kielce,LKS Lodz,2,0,H,,,,,,,,,,,,,,,,,,,,0.4722,0.2549,0.2729,1,,,,2.15,3.82,3.54,,,,,-0.0077,0,,,,,0,0,,,,-0.0193,,,,,,,,,,,
spelad,EK,2019/20,2020-07-18,,Rakow,Wisla Plock,2,1,H,,,,,,,,,,,,,,,,,,,,0.5203,0.2449,0.2348,1,,,,1.91,4,4.18,,,,,-0.4355,0,,,,,0,0,,,,-0.0216,,,,,,,,,,,
spelad,EK,2019/20,2020-07-18,,Wisla,Arka Gdynia,0,1,A,,,,,,,,,,,,,,,,,,,,0.482,0.251,0.267,1,,,,2.15,3.9,3.75,,,,,0.3069,0,9,-1,-0.4817,-0.057,0,0,,,,-0.0283,,,,,,,,,,,
spelad,EK,2019/20,2020-07-19,,Lech Poznan,Jagiellonia,4,0,H,,,,,,,,,,,,,,,,,,,,0.6515,0.1962,0.1523,1,,,,1.53,4.88,6.5,,,,,0.5355,0,20,-0.9,-0.7855,0.0296,0,0,,,,-0.0282,,,,,,,,,,,
spelad,EK,2019/20,2020-07-19,,Legia,Pogon Szczecin,1,2,A,,,,,,,,,,,,,,,,,,,,0.4649,0.2594,0.2757,1,,,,2.16,3.8,3.8,,,,,-0.2356,0,21,1.2857,0.1827,-0.1484,0,0,,,,-0.0268,,,,,,,,,,,
spelad,EK,2019/20,2020-07-19,,Piast Gliwice,Cracovia,1,1,D,,,,,,,,,,,,,,,,,,,,0.4792,0.2632,0.2576,1,,,,2.06,3.7,4.1,,,,,-0.0582,0,20,0.45,0.2979,-0.0363,0,0,,,,0.0088,,,,,,,,,,,
spelad,EK,2019/20,2020-07-19,,Slask Wroclaw,Lechia Gdansk,1,2,A,,,,,,,,,,,,,,,,,,,,0.4965,0.2396,0.2639,1,,,,1.98,4.02,3.85,,,,,-0.1039,0,18,0.6667,0.3753,0.0449,0,0,,,,-0.0067,,,,,,,,,,,
spelad,EK,2020/21,2020-08-21,,Zaglebie,Lech Poznan,2,1,H,,,,,,,,,,,,,,,,,,,,0.3025,0.2643,0.4333,1,,,,3.39,3.82,2.26,,,,,-0.395,,17,0.1765,0.3145,0.078,0,0,,,,0.0046,,,,,,,,,,,
spelad,EK,2020/21,2020-08-22,,Cracovia,Pogon Szczecin,2,1,H,,,,,,,,,,,,,,,,,,,,0.431,0.2895,0.2794,1,,,,2.26,3.4,3.67,,,,,-0.3823,,18,-0.1667,-0.0535,-0.0064,0,0,,,,-0.0032,,,,,,,,,,,
spelad,EK,2020/21,2020-08-22,,Rakow,Legia,1,2,A,,,,,,,,,,,,,,,,,,,,0.2681,0.2758,0.4561,1,,,,3.92,3.8,2.14,,,,,1.0426,,,,,,0,0,,,,0.0075,,,,,,,,,,,
spelad,EK,2020/21,2020-08-22,,Slask Wroclaw,Piast Gliwice,2,0,H,,,,,,,,,,,,,,,,,,,,0.3447,0.3082,0.3471,1,,,,2.79,3.32,2.77,,,,,-0.1843,,20,-0.6,-0.3954,0.017,0,0,,,,0.0016,,,,,,,,,,,
spelad,EK,2020/21,2020-08-23,,Gornik Zabrze,Podbeskidzie,4,2,H,,,,,,,,,,,,,,,,,,,,0.4843,0.2754,0.2403,1,,,,2.03,3.72,4.03,,,,,1.2012,,9,1,0.3063,-0.0542,-1,0,,,,-0.0136,,,,,,,,,,,
spelad,EK,2020/21,2020-08-23,,Warta Poznan,Lechia Gdansk,0,1,A,,,,,,,,,,,,,,,,,,,,0.3122,0.2854,0.4024,1,,,,3.3,3.58,2.39,,,,,,,,,,,1,0,,,,-0.0209,,,,,,,,,,,
spelad,EK,2020/21,2020-08-23,,Wisla Plock,Stal Mielec,1,1,D,,,,,,,,,,,,,,,,,,,,0.4021,0.2869,0.311,1,,,,2.42,3.5,3.2,,,,,,,,,,,-1,0,,,,0.0002,,,,,,,,,,,
spelad,EK,2020/21,2020-08-24,,Jagiellonia,Wisla,1,1,D,,,,,,,,,,,,,,,,,,,,0.4267,0.2836,0.2896,1,,,,2.29,3.54,3.4,,,,,-0.0166,,20,0.3,0.0737,0.0238,0,0,,,,-0.0226,,,,,,,,,,,
spelad,EK,2020/21,2020-08-28,,Stal Mielec,Gornik Zabrze,0,2,A,,,,,,,,,,,,,,,,,,,,0.3324,0.2631,0.4045,1,,,,2.92,3.7,2.5,,,,,,0,,,,,1,0,,,,0.014,,,,,,,,,,,
spelad,EK,2020/21,2020-08-28,,Zaglebie,Warta Poznan,1,0,H,,,,,,,,,,,,,,,,,,,,0.5357,0.2493,0.215,1,,,,1.84,3.89,4.51,,,,,,2,,,,,-1,0,,,,-0.0256,,,,,,,,,,,
spelad,EK,2020/21,2020-08-29,,Lechia Gdansk,Rakow,1,3,A,,,,,,,,,,,,,,,,,,,,0.3307,0.287,0.3823,1,,,,2.89,3.55,2.6,,,,,0.8446,-1,,,,,0,0,,,,0.0075,,,,,,,,,,,
spelad,EK,2020/21,2020-08-29,,Legia,Jagiellonia,1,2,A,,,,,,,,,,,,,,,,,,,,0.6101,0.2259,0.164,1,,,,1.62,4.44,6.5,,,,,-0.3462,2,21,0.2857,-0.3622,0.0781,0,0,,,,0.014,,,,,,,,,,,
spelad,EK,2020/21,2020-08-29,,Wisla,Slask Wroclaw,1,3,A,,,,,,,,,,,,,,,,,,,,0.4126,0.2973,0.2901,1,,,,2.5,3.35,3.3,,,,,0.2343,-2,19,-0.1579,-0.0163,-0.0697,0,0,,,,-0.0173,,,,,,,,,,,
spelad,EK,2020/21,2020-08-30,,Lech Poznan,Wisla Plock,2,2,D,,,,,,,,,,,,,,,,,,,,0.6851,0.1957,0.1191,1,,,,1.41,4.9,8.5,,,,,0.0585,2,9,2,0.6716,-0.1591,0,0,,,,-0.0121,,,,,,,,,,,
spelad,EK,2020/21,2020-08-30,,Piast Gliwice,Pogon Szczecin,0,1,A,,,,,,,,,,,,,,,,,,,,0.4195,0.3017,0.2788,1,,,,2.29,3.43,4.32,,,,,-0.5408,0,20,-0.15,-0.0747,0.0662,0,0,,,,0.0129,,,,,,,,,,,
spelad,EK,2020/21,2020-08-30,,Podbeskidzie,Cracovia,2,2,D,,,,,,,,,,,,,,,,,,,,0.304,0.2902,0.4058,1,,,,3.15,3.44,2.38,,,,,-1.0586,-1,8,-0.75,-0.127,-0.033,1,0,,,,0.0078,,,,,,,,,,,
spelad,EK,2020/21,2020-09-11,,Jagiellonia,Podbeskidzie,2,2,D,,,,,,,,,,,,,,,,,,,,0.4758,0.2653,0.2589,1,,,,2.07,3.74,3.75,,,,,0.9671,1,9,-0.3333,-0.2881,-0.0622,-1,0,,,,-0.0239,,,,,,,,,,,
spelad,EK,2020/21,2020-09-11,,Wisla Plock,Legia,0,1,A,,,,,,,,,,,,,,,,,,,,0.1678,0.22,0.6123,1,,,,6.08,4.37,1.6,,,,,1.1655,-1,9,-0.6667,0.2564,-0.1374,0,0,,,,0.016,,,,,,,,,,,
spelad,EK,2020/21,2020-09-12,,Cracovia,Stal Mielec,1,1,D,,,,,,,,,,,,,,,,,,,,0.5367,0.2459,0.2173,1,,,,1.84,3.95,4.77,,,,,,-2,,,,,-1,0,,,,-0.0427,,,,,,,,,,,
spelad,EK,2020/21,2020-09-12,,Slask Wroclaw,Lech Poznan,3,3,D,,,,,,,,,,,,,,,,,,,,0.3012,0.2702,0.4286,1,,,,3.3,3.64,2.35,,,,,-0.032,1,18,-0.3333,0.1064,0.058,0,0,,,,0.0065,,,,,,,,,,,
spelad,EK,2020/21,2020-09-12,,Warta Poznan,Piast Gliwice,0,0,D,,,,,,,,,,,,,,,,,,,,0.2668,0.2917,0.4415,1,,,,3.79,3.42,2.26,,,,,,2,,,,,1,0,,,,0.0286,,,,,,,,,,,
spelad,EK,2020/21,2020-09-13,,Gornik Zabrze,Lechia Gdansk,3,0,H,,,,,,,,,,,,,,,,,,,,0.5108,0.2495,0.2397,1,,,,1.97,3.9,4.29,,,,,-0.0961,1,16,-0.5625,-0.24,0.2901,0,0,,,,-0.0415,,,,,,,,,,,
spelad,EK,2020/21,2020-09-13,,Pogon Szczecin,Wisla,2,2,D,,,,,,,,,,,,,,,,,,,,0.4838,0.2731,0.2431,1,,,,2.05,3.62,4,,,,,0.5145,-1,19,-0.4737,-0.1448,-0.073,0,0,,,,-0.0278,,,,,,,,,,,
spelad,EK,2020/21,2020-09-14,,Rakow,Zaglebie,2,1,H,,,,,,,,,,,,,,,,,,,,0.4983,0.246,0.2557,1,,,,2.09,3.95,3.8,,,,,-0.732,-1,3,0,-0.06,0.0693,0,0,,,,-0.0337,,,,,,,,,,,
spelad,EK,2020/21,2020-09-18,,Podbeskidzie,Rakow,1,4,A,,,,,,,,,,,,,,,,,,,,0.2555,0.249,0.4955,1,,,,4,3.9,2.05,,,,,-0.7147,3,,,,,1,0,,,,0.0125,,,,,,,,,,,
spelad,EK,2020/21,2020-09-18,,Wisla,Wisla Plock,0,3,A,,,,,,,,,,,,,,,,,,,,0.4361,0.2779,0.286,1,,,,2.31,3.5,3.4,,,,,-0.7913,-2,11,0.5455,0.19,-0.0003,0,0,,,,-0.024,,,,,,,,,,,
spelad,EK,2020/21,2020-09-19,,Lechia Gdansk,Stal Mielec,4,2,H,,,,,,,,,,,,,,,,,,,,0.4382,0.2687,0.293,1,,,,2.29,3.68,3.32,,,,,,-1,,,,,-1,0,,,,-0.0086,,,,,,,,,,,
spelad,EK,2020/21,2020-09-19,,Legia,Gornik Zabrze,1,3,A,,,,,,,,,,,,,,,,,,,,0.621,0.2248,0.1543,1,,,,1.58,4.45,6.5,,,,,-0.7195,2,16,1.875,0.3259,-0.1037,0,0,,,,-0.0213,,,,,,,,,,,
spelad,EK,2020/21,2020-09-19,,Pogon Szczecin,Slask Wroclaw,1,0,H,,,,,,,,,,,,,,,,,,,,0.4329,0.2815,0.2856,1,,,,2.31,3.46,3.41,,,,,0.4846,-1,19,-0.4737,-0.2677,0.243,0,0,,,,-0.0189,,,,,,,,,,,
spelad,EK,2020/21,2020-09-20,,Lech Poznan,Warta Poznan,1,0,H,,,,,,,,,,,,,,,,,,,,0.6607,0.204,0.1353,1,,,,1.52,4.76,7.5,,,,,,0,,,,,-1,0,,,,-0.0406,,,,,,,,,,,
spelad,EK,2020/21,2020-09-20,,Zaglebie,Cracovia,1,1,D,,,,,,,,,,,,,,,,,,,,0.4399,0.2628,0.2973,1,,,,2.32,3.72,3.4,,,,,0.6144,-2,16,-0.9375,-0.5737,0.0276,0,0,,,,-0.0326,,,,,,,,,,,
spelad,EK,2020/21,2020-09-21,,Piast Gliwice,Jagiellonia,0,1,A,,,,,,,,,,,,,,,,,,,,0.5063,0.2627,0.2309,1,,,,2.08,3.7,4.21,,,,,-0.378,-1,19,0.3158,0.2855,-0.1187,0,0,,,,-0.0566,,,,,,,,,,,
spelad,EK,2020/21,2020-09-25,,Gornik Zabrze,Wisla,0,0,D,,,,,,,,,,,,,,,,,,,,0.6029,0.2176,0.1794,1,,,,1.63,4.46,6,,,,,1.5009,-1,20,0,0.0964,-0.0733,0,0,,,,-0.0133,,,,,,,,,,,
spelad,EK,2020/21,2020-09-25,,Wisla Plock,Warta Poznan,1,3,A,,,,,,,,,,,,,,,,,,,,0.493,0.2807,0.2264,1,,,,2,3.5,4.31,,,,,,2,,,,,-1,0,,,,-0.0245,,,,,,,,,,,
spelad,EK,2020/21,2020-09-26,,Cracovia,Rakow,2,2,D,,,,,,,,,,,,,,,,,,,,0.304,0.2748,0.4212,1,,,,3.25,3.6,2.37,,,,,0.0045,-2,,,,,0,0,,,,0.0088,,,,,,,,,,,
spelad,EK,2020/21,2020-09-26,,Jagiellonia,Zaglebie,0,1,A,,,,,,,,,,,,,,,,,,,,0.3919,0.267,0.341,1,,,,2.59,3.64,3.14,,,,,-0.1745,-1,16,0,0.0251,-0.1583,0,0,,,,0.0036,,,,,,,,,,,
spelad,EK,2020/21,2020-09-26,,Lechia Gdansk,Podbeskidzie,4,0,H,,,,,,,,,,,,,,,,,,,,0.5806,0.2281,0.1912,1,,,,1.72,4.26,5.25,,,,,0.7322,-1,8,0,-0.297,-0.0286,-1,0,,,,-0.0219,,,,,,,,,,,
spelad,EK,2020/21,2020-09-28,,Stal Mielec,Piast Gliwice,3,2,H,,,,,,,,,,,,,,,,,,,,0.2647,0.2591,0.4762,1,,,,3.8,3.75,2.26,,,,,,2,,,,,1,0,,,,0.0251,,,,,,,,,,,
spelad,EK,2020/21,2020-10-02,,Rakow,Wisla Plock,3,0,H,,,,,,,,,,,,,,,,,,,,0.567,0.2538,0.1792,1,,,,1.74,3.9,5.41,,,,,-0.0985,-1,3,1,0.308,-0.2644,0,0,,,,-0.0184,,,,,,,,,,,
spelad,EK,2020/21,2020-10-02,,Slask Wroclaw,Cracovia,3,1,H,,,,,,,,,,,,,,,,,,,,0.4174,0.2679,0.3147,1,,,,2.4,3.63,3.3,,,,,-0.0671,7,18,0.5,0.167,-0.0078,0,0,,,,0.0052,,,,,,,,,,,
spelad,EK,2020/21,2020-10-03,,Podbeskidzie,Stal Mielec,1,0,H,,,,,,,,,,,,,,,,,,,,0.4178,0.2742,0.308,1,,,,2.41,3.7,3.16,,,,,-0.5867,2,,,,,0,0,,,,-0.0415,,,,,,,,,,,
spelad,EK,2020/21,2020-10-03,,Zaglebie,Gornik Zabrze,2,0,H,,,,,,,,,,,,,,,,,,,,0.4361,0.2787,0.2852,1,,,,2.34,3.62,3.41,,,,,-0.2955,-1,14,-0.2143,-0.1027,-0.0598,0,0,,,,-0.0225,,,,,,,,,,,
spelad,EK,2020/21,2020-10-04,,Piast Gliwice,Lech Poznan,1,4,A,,,,,,,,,,,,,,,,,,,,0.3212,0.2734,0.4055,1,,,,3.03,3.56,2.47,,,,,-1.3412,-7,19,-0.7895,-0.0383,-0.0499,0,0,,,,0.0068,,,,,,,,,,,
spelad,EK,2020/21,2020-10-17,,Cracovia,Piast Gliwice,1,0,H,,,,,,,,,,,,,,,,,,,,0.3772,0.2837,0.3391,1,,,,2.61,3.44,2.91,,,,,0.9916,2,21,-0.4286,-0.2509,0.0005,0,0,,,,-0.0028,,,,,,,,,,,
spelad,EK,2020/21,2020-10-17,,Gornik Zabrze,Rakow,1,3,A,,,,,,,,,,,,,,,,,,,,0.3356,0.2719,0.3925,1,,,,2.95,3.58,2.5,,,,,0.138,-1,3,1,0.5701,-0.2786,0,0,,,,0.0079,,,,,,,,,,,
spelad,EK,2020/21,2020-10-17,,Jagiellonia,Lech Poznan,2,1,H,,,,,,,,,,,,,,,,,,,,0.1795,0.2145,0.606,1,,,,5.75,4.53,1.67,,,,,-0.0088,7,21,0.7143,0.6889,0.0188,0,0,,,,0.0176,,,,,,,,,,,
spelad,EK,2020/21,2020-10-18,,Legia,Zaglebie,2,1,H,,,,,,,,,,,,,,,,,,,,0.5636,0.2467,0.1897,1,,,,1.74,4.1,5.25,,,,,-1.5104,7,16,0.75,-0.0786,-0.1282,0,0,,,,-0.0156,,,,,,,,,,,
spelad,EK,2020/21,2020-10-18,,Stal Mielec,Wisla,0,6,A,,,,,,,,,,,,,,,,,,,,0.307,0.2789,0.4141,1,,,,3.2,3.6,2.35,,,,,0.5274,-7,,,,,1,0,,,,0.0019,,,,,,,,,,,
spelad,EK,2020/21,2020-10-18,,Wisla Plock,Slask Wroclaw,1,0,H,,,,,,,,,,,,,,,,,,,,0.293,0.2895,0.4175,1,,,,3.35,3.38,2.41,,,,,-0.1306,0,10,-0.3,-0.0424,0.0207,0,0,,,,0.0361,,,,,,,,,,,
spelad,EK,2020/21,2020-10-19,,Lechia Gdansk,Pogon Szczecin,0,1,A,,,,,,,,,,,,,,,,,,,,0.3973,0.3042,0.2986,1,,,,2.45,3.35,3.26,,,,,-0.2704,-7,22,0.4091,0.0528,0.0369,0,0,,,,-0.0149,,,,,,,,,,,
spelad,EK,2020/21,2020-10-19,,Podbeskidzie,Warta Poznan,1,2,A,,,,,,,,,,,,,,,,,,,,0.3617,0.2957,0.3426,1,,,,2.71,3.34,2.85,,,,,-0.313,-7,,,,,0,0,,,,0.0047,,,,,,,,,,,
spelad,EK,2020/21,2020-10-21,,Legia,Slask Wroclaw,2,1,H,,,,,,,,,,,,,,,,,,,,0.5633,0.2497,0.187,1,,,,1.78,3.96,5.18,,,,,-0.1139,0,18,1.6667,0.3466,-0.028,0,0,,,,-0.0335,,,,,,,,,,,
spelad,EK,2020/21,2020-10-23,,Piast Gliwice,Wisla Plock,2,2,D,,,,,,,,,,,,,,,,,,,,0.5034,0.2841,0.2126,1,,,,1.98,3.45,4.57,,,,,-1.2075,1,9,1,0.4657,-0.0593,0,0,,,,-0.0422,,,,,,,,,,,
spelad,EK,2020/21,2020-10-23,,Zaglebie,Lechia Gdansk,1,1,D,,,,,,,,,,,,,,,,,,,,0.4073,0.2682,0.3245,1,,,,2.42,3.63,3.1,,,,,0.46,1,16,-0.9375,-0.4581,0.0284,0,0,,,,0.0071,,,,,,,,,,,
spelad,EK,2020/21,2020-10-24,,Pogon Szczecin,Legia,0,0,D,,,,,,,,,,,,,,,,,,,,0.231,0.274,0.495,1,,,,4.21,3.54,2.06,,,,,1.0967,2,21,-1,0.1042,-0.1475,0,0,,,,0.0428,,,,,,,,,,,
spelad,EK,2020/21,2020-10-24,,Slask Wroclaw,Jagiellonia,1,0,H,,,,,,,,,,,,,,,,,,,,0.429,0.2751,0.296,1,,,,2.35,3.54,3.31,,,,,-0.6573,-4,20,0,0.0227,-0.0818,0,0,,,,-0.0215,,,,,,,,,,,
spelad,EK,2020/21,2020-10-24,,Wisla,Podbeskidzie,3,0,H,,,,,,,,,,,,,,,,,,,,0.5876,0.2348,0.1776,1,,,,1.67,4.29,5.46,,,,,-0.0595,1,8,0.375,-0.2033,0.098,-1,0,,,,-0.0431,,,,,,,,,,,
spelad,EK,2020/21,2020-10-25,,Lech Poznan,Cracovia,1,1,D,,,,,,,,,,,,,,,,,,,,0.6055,0.2269,0.1676,1,,,,1.65,4.32,6,,,,,-0.1186,0,17,0.1765,-0.187,-0.0304,0,0,,,,-0.0325,,,,,,,,,,,
spelad,EK,2020/21,2020-10-25,,Rakow,Stal Mielec,2,1,H,,,,,,,,,,,,,,,,,,,,0.7067,0.181,0.1123,1,,,,1.42,5.35,9.5,,,,,1.2081,1,,,,,-1,0,,,,-0.0201,,,,,,,,,,,
spelad,EK,2020/21,2020-10-26,,Warta Poznan,Gornik Zabrze,0,1,A,,,,,,,,,,,,,,,,,,,,0.2689,0.2906,0.4405,1,,,,3.62,3.45,2.26,,,,,-0.0196,-2,,,,,1,0,,,,0.0228,,,,,,,,,,,
spelad,EK,2020/21,2020-10-28,,Wisla,Lechia Gdansk,1,3,A,,,,,,,,,,,,,,,,,,,,0.35,0.2828,0.3672,1,,,,2.83,3.52,2.65,,,,,-0.5232,-1,18,-0.3333,-0.088,0.1646,0,0,,,,-0.0049,,,,,,,,,,,
spelad,EK,2020/21,2020-10-30,,Pogon Szczecin,Jagiellonia,3,0,H,,,,,,,,,,,,,,,,,,,,0.4401,0.2956,0.2643,1,,,,2.26,3.4,3.68,,,,,0.6259,0,19,-0.7895,-0.3448,0.0266,0,0,,,,-0.0068,,,,,,,,,,,
spelad,EK,2020/21,2020-11-02,,Warta Poznan,Legia,0,3,A,,,,,,,,,,,,,,,,,,,,0.1129,0.2154,0.6717,1,,,,8.72,4.5,1.52,,,,,0.2384,-2,,,,,1,0,,,,0.0434,,,,,,,,,,,
spelad,EK,2020/21,2020-11-07,,Cracovia,Jagiellonia,3,1,H,,,,,,,,,,,,,,,,,,,,0.4325,0.2879,0.2796,1,,,,2.3,3.45,3.5,,,,,-0.1585,5,17,-0.8824,-0.4582,0.0711,0,0,,,,-0.0107,,,,,,,,,,,
spelad,EK,2020/21,2020-11-07,,Slask Wroclaw,Gornik Zabrze,0,0,D,,,,,,,,,,,,,,,,,,,,0.4124,0.2757,0.3119,1,,,,2.4,3.64,3.14,,,,,-0.1913,2,16,-0.375,-0.4618,0.2188,0,0,,,,-0.015,,,,,,,,,,,
spelad,EK,2020/21,2020-11-07,,Stal Mielec,Warta Poznan,0,1,A,,,,,,,,,,,,,,,,,,,,0.3602,0.3021,0.3377,1,,,,2.7,3.3,2.93,,,,,-0.3428,7,,,,,0,0,,,,-0.0063,,,,,,,,,,,
spelad,EK,2020/21,2020-11-08,,Legia,Lech Poznan,2,1,H,,,,,,,,,,,,,,,,,,,,0.374,0.2724,0.3536,1,,,,2.6,3.64,2.85,,,,,0.4453,-7,23,0.913,0.3589,-0.198,0,0,,,,0.0154,,,,,,,,,,,
spelad,EK,2020/21,2020-11-08,,Rakow,Wisla,0,0,D,,,,,,,,,,,,,,,,,,,,0.6059,0.2319,0.1621,1,,,,1.63,4.4,6,,,,,0.9563,3,3,1,0.3628,-0.2788,0,0,,,,-0.0323,,,,,,,,,,,
spelad,EK,2020/21,2020-11-09,,Pogon Szczecin,Podbeskidzie,1,1,D,,,,,,,,,,,,,,,,,,,,0.656,0.2143,0.1296,1,,,,1.52,4.81,8.9,,,,,1.2868,-6,8,1.125,0.4963,-0.1621,-1,0,,,,-0.0162,,,,,,,,,,,
spelad,EK,2020/21,2020-11-20,,Gornik Zabrze,Piast Gliwice,1,2,A,,,,,,,,,,,,,,,,,,,,0.2957,0.2921,0.4122,1,,,,3.4,3.44,2.36,,,,,1.6398,-7,13,0,-0.0379,-0.0513,0,0,,,,-0.0047,,,,,,,,,,,
spelad,EK,2020/21,2020-11-20,,Lechia Gdansk,Slask Wroclaw,3,2,H,,,,,,,,,,,,,,,,,,,,0.394,0.2749,0.331,1,,,,2.51,3.6,3.29,,,,,0.1265,7,18,-0.3333,-0.2254,0.0489,0,0,,,,0.0183,,,,,,,,,,,
spelad,EK,2020/21,2020-11-21,,Warta Poznan,Wisla,2,1,H,,,,,,,,,,,,,,,,,,,,0.2762,0.2973,0.4264,1,,,,3.52,3.3,2.44,,,,,0.4505,1,,,,,1,0,,,,0.0219,,,,,,,,,,,
spelad,EK,2020/21,2020-11-21,,Zaglebie,Stal Mielec,2,2,D,,,,,,,,,,,,,,,,,,,,0.5848,0.2138,0.2014,1,,,,1.77,4.54,5.25,,,,,0.9814,7,,,,,-1,0,,,,-0.0217,,,,,,,,,,,
spelad,EK,2020/21,2020-11-22,,Cracovia,Legia,0,1,A,,,,,,,,,,,,,,,,,,,,0.197,0.2394,0.5636,1,,,,5.05,4.05,1.81,,,,,-0.0233,1,17,-2.2941,-0.499,-0.1267,0,0,,,,0.0154,,,,,,,,,,,
spelad,EK,2020/21,2020-11-22,,Lech Poznan,Rakow,3,3,D,,,,,,,,,,,,,,,,,,,,0.4763,0.2524,0.2714,1,,,,2.09,3.88,3.58,,,,,-1.4066,0,,,,,0,0,,,,-0.0351,,,,,,,,,,,
spelad,EK,2020/21,2020-11-23,,Jagiellonia,Wisla Plock,5,2,H,,,,,,,,,,,,,,,,,,,,0.3522,0.2851,0.3627,1,,,,2.79,3.41,2.8,,,,,0.0758,,9,-0.3333,-0.4347,-0.045,0,0,,,,0.0165,,,,,,,,,,,
spelad,EK,2020/21,2020-11-23,,Piast Gliwice,Lechia Gdansk,2,0,H,,,,,,,,,,,,,,,,,,,,0.444,0.2709,0.2851,1,,,,2.25,3.6,3.5,,,,,-1.1408,0,19,-0.9474,-0.2625,-0.1258,0,0,,,,-0.0156,,,,,,,,,,,
spelad,EK,2020/21,2020-11-24,,Podbeskidzie,Zaglebie,2,1,H,,,,,,,,,,,,,,,,,,,,0.2537,0.2677,0.4786,1,,,,3.9,3.8,2.11,,,,,-0.3422,7,6,-0.5,-0.2054,0.2151,1,0,,,,0.0122,,,,,,,,,,,
spelad,EK,2020/21,2020-11-27,,Gornik Zabrze,Pogon Szczecin,2,1,H,,,,,,,,,,,,,,,,,,,,0.4087,0.2957,0.2957,1,,,,2.59,3.3,3.32,,,,,-0.422,-7,15,0.2,0.089,0.2423,0,0,,,,-0.0272,,,,,,,,,,,
spelad,EK,2020/21,2020-11-27,,Wisla Plock,Cracovia,0,1,A,,,,,,,,,,,,,,,,,,,,0.3058,0.3097,0.3844,1,,,,3.28,3.2,2.62,,,,,-0.057,-1,9,0,0.0589,0.049,0,0,,,,0.0227,,,,,,,,,,,
spelad,EK,2020/21,2020-11-28,,Podbeskidzie,Slask Wroclaw,0,2,A,,,,,,,,,,,,,,,,,,,,0.2576,0.2569,0.4855,1,,,,4,3.78,2.04,,,,,0.2951,-4,9,-1,-0.3191,0.3915,0,0,,,,0.0095,,,,,,,,,,,
spelad,EK,2020/21,2020-11-28,,Stal Mielec,Jagiellonia,3,1,H,,,,,,,,,,,,,,,,,,,,0.3717,0.2728,0.3555,1,,,,2.79,3.57,2.81,,,,,-0.4565,2,,,,,0,0,,,,-0.0142,,,,,,,,,,,
spelad,EK,2020/21,2020-11-28,,Wisla,Zaglebie,1,2,A,,,,,,,,,,,,,,,,,,,,0.3937,0.2709,0.3354,1,,,,2.55,3.61,2.95,,,,,0.1199,3,16,0,0.0395,-0.1548,0,0,,,,-0.0183,,,,,,,,,,,
spelad,EK,2020/21,2020-11-29,,Legia,Piast Gliwice,2,2,D,,,,,,,,,,,,,,,,,,,,0.587,0.2477,0.1653,1,,,,1.69,3.92,5.86,,,,,1.0267,1,18,0.6667,-0.2832,-0.0135,0,0,,,,-0.0524,,,,,,,,,,,
spelad,EK,2020/21,2020-11-29,,Rakow,Warta Poznan,1,0,H,,,,,,,,,,,,,,,,,,,,0.6638,0.2154,0.1208,1,,,,1.48,4.5,8.02,,,,,-0.0948,-1,,,,,0,0,,,,-0.0381,,,,,,,,,,,
spelad,EK,2020/21,2020-11-30,,Lechia Gdansk,Lech Poznan,0,1,A,,,,,,,,,,,,,,,,,,,,0.3062,0.2471,0.4467,1,,,,3.22,3.94,2.2,,,,,0.7932,-1,21,-1.1429,-0.2441,-0.1307,0,0,,,,0.0104,,,,,,,,,,,
spelad,EK,2020/21,2020-12-02,,Wisla Plock,Pogon Szczecin,0,0,D,,,,,,,,,,,,,,,,,,,,0.273,0.3008,0.4262,1,,,,3.75,3.23,2.37,,,,,-0.6888,0,8,-0.375,0.0729,-0.1591,0,0,,,,0.0025,,,,,,,,,,,
spelad,EK,2020/21,2020-12-04,,Cracovia,Wisla,1,1,D,,,,,,,,,,,,,,,,,,,,0.3776,0.2988,0.3236,1,,,,2.61,3.48,3.01,,,,,0.6704,1,14,-0.6429,-0.2121,-0.0674,0,0,,,,-0.0167,,,,,,,,,,,
spelad,EK,2020/21,2020-12-05,,Jagiellonia,Warta Poznan,4,3,H,,,,,,,,,,,,,,,,,,,,0.4631,0.2869,0.25,1,,,,2.18,3.46,4.01,,,,,-0.5809,1,,,,,0,0,,,,-0.0202,,,,,,,,,,,
spelad,EK,2020/21,2020-12-05,,Legia,Lechia Gdansk,2,0,H,,,,,,,,,,,,,,,,,,,,0.6215,0.2281,0.1503,1,,,,1.6,4.26,6.5,,,,,0.0171,1,21,0.7143,-0.0317,0.0228,0,0,,,,-0.0407,,,,,,,,,,,
spelad,EK,2020/21,2020-12-05,,Slask Wroclaw,Rakow,1,0,H,,,,,,,,,,,,,,,,,,,,0.2223,0.2381,0.5396,1,,,,4.55,4.12,1.9,,,,,-0.5957,1,,,,,0,0,,,,0.029,,,,,,,,,,,
spelad,EK,2020/21,2020-12-06,,Lech Poznan,Podbeskidzie,4,0,H,,,,,,,,,,,,,,,,,,,,0.7501,0.1566,0.0932,1,,,,1.3,6.25,11.25,,,,,-0.0943,-2,7,-0.4286,-0.9452,0.0606,0,0,,,,-0.015,,,,,,,,,,,
spelad,EK,2020/21,2020-12-06,,Piast Gliwice,Zaglebie,1,1,D,,,,,,,,,,,,,,,,,,,,0.5067,0.2554,0.2379,1,,,,2.03,3.82,4.12,,,,,-0.4953,-1,17,0.7059,0.3949,0.0121,0,0,,,,-0.0456,,,,,,,,,,,
spelad,EK,2020/21,2020-12-07,,Pogon Szczecin,Stal Mielec,2,0,H,,,,,,,,,,,,,,,,,,,,0.5192,0.2743,0.2066,1,,,,1.96,3.65,4.75,,,,,0.3343,-4,,,,,0,0,,,,-0.041,,,,,,,,,,,
spelad,EK,2020/21,2020-12-07,,Wisla Plock,Gornik Zabrze,0,1,A,,,,,,,,,,,,,,,,,,,,0.2673,0.2844,0.4483,1,,,,3.64,3.49,2.3,,,,,-0.2307,-5,9,0.6667,0.2352,0.0542,0,0,,,,0.0192,,,,,,,,,,,
spelad,EK,2020/21,2020-12-11,,Podbeskidzie,Piast Gliwice,0,5,A,,,,,,,,,,,,,,,,,,,,0.2267,0.2601,0.5133,1,,,,4.33,3.78,1.98,,,,,0.2619,0,9,-2,-0.9223,0.0468,0,0,,,,0.0123,,,,,,,,,,,
spelad,EK,2020/21,2020-12-11,,Zaglebie,Slask Wroclaw,2,1,H,,,,,,,,,,,,,,,,,,,,0.3464,0.2863,0.3673,1,,,,2.88,3.46,2.8,,,,,-0.1584,-1,15,0.2,0.0915,-0.0213,0,0,,,,0.0095,,,,,,,,,,,
spelad,EK,2020/21,2020-12-12,,Gornik Zabrze,Cracovia,0,2,A,,,,,,,,,,,,,,,,,,,,0.4264,0.2834,0.2902,1,,,,2.36,3.43,3.4,,,,,-0.3424,-3,12,-0.75,-0.3197,-0.0295,0,0,,,,-0.0157,,,,,,,,,,,
spelad,EK,2020/21,2020-12-12,,Warta Poznan,Pogon Szczecin,1,2,A,,,,,,,,,,,,,,,,,,,,0.2559,0.3137,0.4303,1,,,,3.8,3.13,2.28,,,,,0.1436,2,,,,,0,0,,,,0.0211,,,,,,,,,,,
spelad,EK,2020/21,2020-12-12,,Wisla,Legia,1,2,A,,,,,,,,,,,,,,,,,,,,0.1811,0.2523,0.5666,1,,,,5.35,4,1.75,,,,,-0.7915,1,19,-1.1053,-0.0817,0.0665,0,0,,,,0.0271,,,,,,,,,,,
spelad,EK,2020/21,2020-12-13,,Rakow,Jagiellonia,3,2,H,,,,,,,,,,,,,,,,,,,,0.643,0.2106,0.1464,1,,,,1.55,4.68,6.63,,,,,0.1885,0,,,,,0,0,,,,-0.0412,,,,,,,,,,,
spelad,EK,2020/21,2020-12-13,,Stal Mielec,Lech Poznan,1,1,D,,,,,,,,,,,,,,,,,,,,0.1366,0.1965,0.6669,1,,,,7.5,4.96,1.49,,,,,-0.0865,-1,,,,,0,0,,,,0.0266,,,,,,,,,,,
spelad,EK,2020/21,2020-12-14,,Lechia Gdansk,Wisla Plock,0,1,A,,,,,,,,,,,,,,,,,,,,0.4609,0.2811,0.258,1,,,,2.14,3.5,3.85,,,,,0.4909,2,8,1.125,0.3335,-0.1482,0,0,,,,-0.0147,,,,,,,,,,,
spelad,EK,2020/21,2020-12-16,,Lech Poznan,Pogon Szczecin,0,4,A,,,,,,,,,,,,,,,,,,,,0.5459,0.2479,0.2063,1,,,,1.81,4,4.71,,,,,-0.7009,-1,21,0.5714,-0.1383,0.0694,0,0,,,,-0.0475,,,,,,,,,,,
spelad,EK,2020/21,2020-12-17,,Slask Wroclaw,Warta Poznan,2,1,H,,,,,,,,,,,,,,,,,,,,0.4441,0.2819,0.274,1,,,,2.19,3.6,3.61,,,,,-0.1987,1,,,,,0,0,,,,0.0045,,,,,,,,,,,
spelad,EK,2020/21,2020-12-18,,Legia,Stal Mielec,2,3,A,,,,,,,,,,,,,,,,,,,,0.7325,0.1711,0.0963,1,,,,1.36,5.85,10.04,,,,,0.9622,1,,,,,0,0,,,,-0.05,,,,,,,,,,,
spelad,EK,2020/21,2020-12-18,,Wisla Plock,Podbeskidzie,4,1,H,,,,,,,,,,,,,,,,,,,,0.4786,0.276,0.2454,1,,,,2.08,3.6,4.06,,,,,-0.0037,-3,,,,,0,0,,,,-0.0096,,,,,,,,,,,
spelad,EK,2020/21,2020-12-19,,Cracovia,Lechia Gdansk,0,3,A,,,,,,,,,,,,,,,,,,,,0.388,0.2807,0.3313,1,,,,2.56,3.47,3.35,,,,,0.9241,2,18,1.1667,0.8528,-0.2247,0,0,,,,0.0009,,,,,,,,,,,
spelad,EK,2020/21,2020-12-19,,Lech Poznan,Wisla,0,1,A,,,,,,,,,,,,,,,,,,,,0.5781,0.2318,0.1901,1,,,,1.74,4.3,5.69,,,,,-0.4378,-4,19,0.7895,-0.0769,0.0548,0,0,,,,-0.0104,,,,,,,,,,,
spelad,EK,2020/21,2020-12-19,,Pogon Szczecin,Zaglebie,1,0,H,,,,,,,,,,,,,,,,,,,,0.4865,0.2733,0.2402,1,,,,2.16,3.7,4.07,,,,,0.2882,-5,15,-0.2,-0.0965,0.1148,0,0,,,,-0.0174,,,,,,,,,,,
spelad,EK,2020/21,2020-12-20,,Jagiellonia,Gornik Zabrze,1,0,H,,,,,,,,,,,,,,,,,,,,0.3142,0.2713,0.4145,1,,,,3.2,3.65,2.51,,,,,0.1239,-1,16,0.1875,-0.0167,-0.0839,0,0,,,,-0.0005,,,,,,,,,,,
spelad,EK,2020/21,2020-12-20,,Piast Gliwice,Rakow,0,0,D,,,,,,,,,,,,,,,,,,,,0.3109,0.282,0.4071,1,,,,3.16,3.47,2.49,,,,,-0.2197,2,,,,,0,0,,,,0.0139,,,,,,,,,,,
spelad,EK,2020/21,2021-01-29,,Rakow,Pogon Szczecin,0,1,A,,,,,,,,,,,,,,,,,,,,0.4787,0.2866,0.2347,1,,,,2.15,3.44,4.23,,,,,-0.4971,,,,,,0,0,,,,-0.0179,,,,,,,,,,,
spelad,EK,2020/21,2021-01-29,,Zaglebie,Wisla Plock,0,2,A,,,,,,,,,,,,,,,,,,,,0.3686,0.307,0.3244,1,,,,2.64,3.28,3.1,,,,,-0.3599,,11,0,-0.091,-0.0051,0,0,,,,0.0222,,,,,,,,,,,
spelad,EK,2020/21,2021-01-30,,Gornik Zabrze,Lech Poznan,1,1,D,,,,,,,,,,,,,,,,,,,,0.2877,0.2802,0.4321,1,,,,3.38,3.55,2.45,,,,,0.5738,,16,-1.3125,-0.137,-0.0709,0,0,,,,0.0255,,,,,,,,,,,
spelad,EK,2020/21,2021-01-30,,Lechia Gdansk,Jagiellonia,0,2,A,,,,,,,,,,,,,,,,,,,,0.5213,0.2473,0.2314,1,,,,2,3.92,4.33,,,,,0.0758,,19,1.1053,0.507,-0.0718,0,0,,,,-0.0428,,,,,,,,,,,
spelad,EK,2020/21,2021-01-30,,Warta Poznan,Cracovia,1,0,H,,,,,,,,,,,,,,,,,,,,0.2813,0.3149,0.4038,1,,,,3.46,3.34,2.47,,,,,-0.7298,,,,,,0,0,,,,0.0174,,,,,,,,,,,
spelad,EK,2020/21,2021-01-31,,Podbeskidzie,Legia,1,0,H,,,,,,,,,,,,,,,,,,,,0.1251,0.1961,0.6788,1,,,,8.5,4.95,1.46,,,,,-0.5577,,7,-0.8571,0.3661,-0.079,0,0,,,,0.0102,,,,,,,,,,,
spelad,EK,2020/21,2021-01-31,,Wisla,Piast Gliwice,3,4,A,,,,,,,,,,,,,,,,,,,,0.3254,0.287,0.3876,1,,,,3,3.39,2.61,,,,,-0.3981,,15,0,-0.1523,0.0533,0,0,,,,0.0071,,,,,,,,,,,
spelad,EK,2020/21,2021-02-01,,Stal Mielec,Slask Wroclaw,0,0,D,,,,,,,,,,,,,,,,,,,,0.3211,0.2913,0.3876,1,,,,3.03,3.48,2.65,,,,,-0.1865,,,,,,0,0,,,,0.0306,,,,,,,,,,,
spelad,EK,2020/21,2021-02-05,,Lech Poznan,Zaglebie,0,0,D,,,,,,,,,,,,,,,,,,,,0.6219,0.218,0.1601,1,,,,1.57,4.65,6.59,,,,,-0.4367,-1,17,-0.5294,-0.5705,0.0805,0,0,,,,-0.0048,,,,,,,,,,,
spelad,EK,2020/21,2021-02-05,,Lechia Gdansk,Warta Poznan,1,1,D,,,,,,,,,,,,,,,,,,,,0.5002,0.2846,0.2152,1,,,,1.96,3.6,4.61,,,,,-0.326,0,,,,,0,0,,,,-0.0022,,,,,,,,,,,
spelad,EK,2020/21,2021-02-06,,Legia,Rakow,2,0,H,,,,,,,,,,,,,,,,,,,,0.4714,0.284,0.2446,1,,,,2.15,3.44,4.1,,,,,0.3296,-2,3,2,0.4897,0.082,0,0,,,,-0.0382,,,,,,,,,,,
spelad,EK,2020/21,2021-02-06,,Piast Gliwice,Slask Wroclaw,2,0,H,,,,,,,,,,,,,,,,,,,,0.4741,0.2722,0.2537,1,,,,2.14,3.58,4.06,,,,,0.1886,1,20,0.3,0.1992,0.0141,0,0,,,,-0.0205,,,,,,,,,,,
spelad,EK,2020/21,2021-02-06,,Pogon Szczecin,Cracovia,1,0,H,,,,,,,,,,,,,,,,,,,,0.4651,0.3057,0.2293,1,,,,2.17,3.2,4.4,,,,,0.5242,1,19,0,-0.0027,-0.0213,0,0,,,,-0.0168,,,,,,,,,,,
spelad,EK,2020/21,2021-02-07,,Podbeskidzie,Gornik Zabrze,2,1,H,,,,,,,,,,,,,,,,,,,,0.2309,0.2693,0.4998,1,,,,4.23,3.6,2.02,,,,,0.1232,-1,9,-1,-0.2498,-0.0532,0,0,,,,0.027,,,,,,,,,,,
spelad,EK,2020/21,2021-02-07,,Wisla,Jagiellonia,2,0,H,,,,,,,,,,,,,,,,,,,,0.458,0.2653,0.2766,1,,,,2.22,3.69,3.54,,,,,-0.8541,-1,20,-0.3,-0.0631,0.0236,0,0,,,,-0.0304,,,,,,,,,,,
spelad,EK,2020/21,2021-02-12,,Slask Wroclaw,Wisla,1,1,D,,,,,,,,,,,,,,,,,,,,0.2734,0.2781,0.4485,1,,,,3.56,3.52,2.26,,,,,0.2035,1,19,0.4737,0.2406,-0.0697,0,0,,,,0.0221,,,,,,,,,,,
spelad,EK,2020/21,2021-02-13,,Cracovia,Podbeskidzie,1,1,D,,,,,,,,,,,,,,,,,,,,0.4782,0.2839,0.2379,1,,,,2.56,3.54,4.08,,,,,-0.4807,1,9,0.6667,0.0858,0.0495,0,0,,,,-0.0349,,,,,,,,,,,
spelad,EK,2020/21,2021-02-13,,Pogon Szczecin,Piast Gliwice,0,0,D,,,,,,,,,,,,,,,,,,,,0.4473,0.2982,0.2546,1,,,,2.22,3.4,3.84,,,,,0.165,0,20,0.45,0.1565,0.0659,0,0,,,,-0.0209,,,,,,,,,,,
spelad,EK,2020/21,2021-02-13,,Rakow,Lechia Gdansk,0,1,A,,,,,,,,,,,,,,,,,,,,0.5254,0.2754,0.1992,1,,,,1.87,3.62,4.9,,,,,-0.075,-1,3,3,1.758,-0.2787,0,0,,,,-0.0275,,,,,,,,,,,
spelad,EK,2020/21,2021-02-14,,Jagiellonia,Legia,1,1,D,,,,,,,,,,,,,,,,,,,,0.1793,0.2245,0.5962,1,,,,5.6,4.33,1.69,,,,,0.2867,-1,21,-0.2857,0.274,0.0774,0,0,,,,0.0286,,,,,,,,,,,
spelad,EK,2020/21,2021-02-14,,Wisla Plock,Lech Poznan,1,0,H,,,,,,,,,,,,,,,,,,,,0.3129,0.2931,0.394,1,,,,3.16,3.35,2.57,,,,,0.8261,7,10,-1.8,-0.4166,-0.0627,0,0,,,,0.0223,,,,,,,,,,,
spelad,EK,2020/21,2021-02-15,,Gornik Zabrze,Stal Mielec,2,1,H,,,,,,,,,,,,,,,,,,,,0.5064,0.2701,0.2235,1,,,,1.96,3.64,4.42,,,,,-0.6512,-6,,,,,0,0,,,,-0.0229,,,,,,,,,,,
spelad,EK,2020/21,2021-02-15,,Warta Poznan,Zaglebie,1,0,H,,,,,,,,,,,,,,,,,,,,0.3213,0.3181,0.3606,1,,,,3.03,3.14,2.8,,,,,0.3773,0,,,,,0,0,,,,0.0058,,,,,,,,,,,
spelad,EK,2020/21,2021-02-19,,Stal Mielec,Cracovia,0,0,D,,,,,,,,,,,,,,,,,,,,0.3005,0.3101,0.3894,1,,,,3.24,3.3,2.58,,,,,0.4772,-2,,,,,0,0,,,,0.0318,,,,,,,,,,,
spelad,EK,2020/21,2021-02-19,,Wisla,Pogon Szczecin,2,1,H,,,,,,,,,,,,,,,,,,,,0.344,0.2995,0.3565,1,,,,2.88,3.34,2.73,,,,,-1.3094,1,19,0.6316,0.2918,-0.0177,0,0,,,,0.0077,,,,,,,,,,,
spelad,EK,2020/21,2021-02-20,,Lechia Gdansk,Gornik Zabrze,2,0,H,,,,,,,,,,,,,,,,,,,,0.3772,0.294,0.3288,1,,,,2.66,3.31,3,,,,,-0.1588,2,16,0.5625,-0.0445,0.293,0,0,,,,-0.0041,,,,,,,,,,,
spelad,EK,2020/21,2021-02-20,,Legia,Wisla Plock,5,2,H,,,,,,,,,,,,,,,,,,,,0.5843,0.2657,0.1499,1,,,,1.73,3.78,6.47,,,,,-0.6514,0,10,0.9,-0.0128,-0.1457,0,0,,,,-0.0337,,,,,,,,,,,
spelad,EK,2020/21,2021-02-20,,Podbeskidzie,Jagiellonia,1,1,D,,,,,,,,,,,,,,,,,,,,0.4089,0.2879,0.3032,1,,,,2.55,3.5,3.22,,,,,-0.1197,1,10,0.3,0.3111,0.0175,0,0,,,,-0.0201,,,,,,,,,,,
spelad,EK,2020/21,2021-02-21,,Lech Poznan,Slask Wroclaw,1,0,H,,,,,,,,,,,,,,,,,,,,0.5955,0.2408,0.1637,1,,,,1.68,4.2,5.93,,,,,-0.8379,-2,18,0.5,-0.0972,0.1137,0,0,,,,-0.0245,,,,,,,,,,,
spelad,EK,2020/21,2021-02-21,,Zaglebie,Rakow,1,2,A,,,,,,,,,,,,,,,,,,,,0.2374,0.2697,0.4929,1,,,,4.22,3.62,2.02,,,,,0.4481,-2,4,-0.75,-0.2603,-0.0095,0,0,,,,0.0373,,,,,,,,,,,
spelad,EK,2020/21,2021-02-22,,Piast Gliwice,Warta Poznan,0,1,A,,,,,,,,,,,,,,,,,,,,0.5336,0.2908,0.1756,1,,,,1.86,3.4,5.53,,,,,0.3693,2,,,,,0,0,,,,-0.0192,,,,,,,,,,,
spelad,EK,2020/21,2021-02-26,,Rakow,Podbeskidzie,1,0,H,,,,,,,,,,,,,,,,,,,,0.6183,0.2415,0.1403,1,,,,1.6,4.33,6.92,,,,,-0.5729,-1,,,,,0,0,,,,-0.0378,,,,,,,,,,,
spelad,EK,2020/21,2021-02-26,,Warta Poznan,Lech Poznan,1,2,A,,,,,,,,,,,,,,,,,,,,0.1992,0.265,0.5358,1,,,,5,3.7,1.94,,,,,1.0787,-1,,,,,0,0,,,,0.0385,,,,,,,,,,,
spelad,EK,2020/21,2021-02-27,,Gornik Zabrze,Legia,1,2,A,,,,,,,,,,,,,,,,,,,,0.2261,0.2754,0.4985,1,,,,4.53,3.58,1.98,,,,,0.0219,0,17,-1.5882,-0.0731,-0.1108,0,0,,,,0.0194,,,,,,,,,,,
spelad,EK,2020/21,2021-02-27,,Jagiellonia,Piast Gliwice,0,1,A,,,,,,,,,,,,,,,,,,,,0.2505,0.2753,0.4741,1,,,,4.05,3.53,2.63,,,,,0.0944,2,19,0,0.0344,-0.1181,0,0,,,,0.0264,,,,,,,,,,,
spelad,EK,2020/21,2021-02-27,,Stal Mielec,Lechia Gdansk,0,1,A,,,,,,,,,,,,,,,,,,,,0.3042,0.2968,0.399,1,,,,3.2,3.3,2.54,,,,,0.3881,1,,,,,0,0,,,,0.0173,,,,,,,,,,,
spelad,EK,2020/21,2021-02-28,,Cracovia,Zaglebie,2,4,A,,,,,,,,,,,,,,,,,,,,0.3938,0.3078,0.2984,1,,,,2.54,3.3,3.3,,,,,-0.1439,2,17,0.8824,0.5049,0.0693,0,0,,,,0.0004,,,,,,,,,,,
spelad,EK,2020/21,2021-02-28,,Slask Wroclaw,Pogon Szczecin,2,1,H,,,,,,,,,,,,,,,,,,,,0.2334,0.2882,0.4784,1,,,,4.17,3.5,2.63,,,,,-0.7752,-2,19,0.1579,-0.1223,0.2433,0,0,,,,0.0509,,,,,,,,,,,
spelad,EK,2020/21,2021-02-28,,Wisla Plock,Wisla,1,3,A,,,,,,,,,,,,,,,,,,,,0.3787,0.2846,0.3368,1,,,,2.77,3.42,2.94,,,,,0.3437,-1,12,-0.25,-0.0186,-0.0234,0,0,,,,-0.0184,,,,,,,,,,,
spelad,EK,2020/21,2021-03-04,,Stal Mielec,Wisla Plock,2,2,D,,,,,,,,,,,,,,,,,,,,0.3554,0.3335,0.3111,1,,,,2.8,3.05,3.22,,,,,-0.2929,1,,,,,0,0,,,,-0.0095,,,,,,,,,,,
spelad,EK,2020/21,2021-03-05,,Wisla,Gornik Zabrze,0,0,D,,,,,,,,,,,,,,,,,,,,0.4087,0.2795,0.3118,1,,,,2.39,3.59,3.23,,,,,1.0778,-1,20,0.15,0.0618,-0.0187,0,0,,,,-0.0045,,,,,,,,,,,
spelad,EK,2020/21,2021-03-06,,Podbeskidzie,Lechia Gdansk,2,2,D,,,,,,,,,,,,,,,,,,,,0.3621,0.2961,0.3418,1,,,,2.72,3.3,2.95,,,,,-0.1363,1,8,0,0.3724,-0.0193,0,0,,,,-0.0237,,,,,,,,,,,
spelad,EK,2020/21,2021-03-06,,Rakow,Cracovia,0,0,D,,,,,,,,,,,,,,,,,,,,0.5111,0.2831,0.2057,1,,,,1.92,3.67,5.13,,,,,0.1624,2,3,-2,-0.9618,0.0446,0,0,,,,-0.0023,,,,,,,,,,,
spelad,EK,2020/21,2021-03-06,,Zaglebie,Jagiellonia,3,0,H,,,,,,,,,,,,,,,,,,,,0.5633,0.2386,0.1981,1,,,,1.84,4.06,5.21,,,,,-0.4276,-1,17,0.1765,0.226,-0.1647,0,0,,,,-0.0155,,,,,,,,,,,
spelad,EK,2020/21,2021-03-07,,Piast Gliwice,Stal Mielec,2,1,H,,,,,,,,,,,,,,,,,,,,0.5081,0.2888,0.203,1,,,,1.96,3.43,4.8,,,,,0.4238,5,,,,,0,0,,,,-0.0205,,,,,,,,,,,
spelad,EK,2020/21,2021-03-07,,Pogon Szczecin,Lech Poznan,0,1,A,,,,,,,,,,,,,,,,,,,,0.3971,0.293,0.3098,1,,,,2.5,3.35,3.14,,,,,1.307,-2,22,-0.4091,0.1628,0.0549,0,0,,,,-0.0048,,,,,,,,,,,
spelad,EK,2020/21,2021-03-07,,Slask Wroclaw,Legia,0,1,A,,,,,,,,,,,,,,,,,,,,0.1748,0.2407,0.5845,1,,,,5.75,4.03,1.71,,,,,0.2417,-1,18,-2,-0.4684,-0.0256,0,0,,,,0.0152,,,,,,,,,,,
spelad,EK,2020/21,2021-03-08,,Warta Poznan,Wisla Plock,2,0,H,,,,,,,,,,,,,,,,,,,,0.3079,0.3344,0.3577,1,,,,3.2,3.03,2.82,,,,,-0.1881,6,,,,,0,0,,,,-0.014,,,,,,,,,,,
spelad,EK,2020/21,2021-03-12,,Cracovia,Slask Wroclaw,1,1,D,,,,,,,,,,,,,,,,,,,,0.4715,0.2899,0.2386,1,,,,2.2,3.35,4.15,,,,,-0.4539,1,19,-0.6316,-0.2146,-0.0215,0,0,,,,-0.0619,,,,,,,,,,,
spelad,EK,2020/21,2021-03-12,,Jagiellonia,Pogon Szczecin,0,1,A,,,,,,,,,,,,,,,,,,,,0.2261,0.258,0.5159,1,,,,4.4,3.76,1.96,,,,,-0.1516,1,20,0.6,0.2478,0.0105,0,0,,,,0.0167,,,,,,,,,,,
spelad,EK,2020/21,2021-03-13,,Lechia Gdansk,Wisla,2,0,H,,,,,,,,,,,,,,,,,,,,0.3814,0.2956,0.3231,1,,,,2.63,3.29,3.05,,,,,-0.1741,-1,19,0.4737,0.0125,0.141,0,0,,,,-0.0073,,,,,,,,,,,
spelad,EK,2020/21,2021-03-13,,Legia,Warta Poznan,3,2,H,,,,,,,,,,,,,,,,,,,,0.7346,0.1858,0.0797,1,,,,1.36,5.22,12.17,,,,,-0.5693,1,,,,,0,0,,,,-0.0655,,,,,,,,,,,
spelad,EK,2020/21,2021-03-13,,Wisla Plock,Rakow,2,2,D,,,,,,,,,,,,,,,,,,,,0.228,0.2815,0.4905,1,,,,4.36,3.45,2.04,,,,,0.7258,-2,4,-1.5,-0.2306,-0.2617,0,0,,,,0.0382,,,,,,,,,,,
spelad,EK,2020/21,2021-03-14,,Gornik Zabrze,Zaglebie,2,0,H,,,,,,,,,,,,,,,,,,,,0.3746,0.2848,0.3406,1,,,,2.66,3.42,3.25,,,,,-0.7855,1,14,0.2143,0.2289,-0.0623,0,0,,,,0.014,,,,,,,,,,,
spelad,EK,2020/21,2021-03-14,,Lech Poznan,Piast Gliwice,0,0,D,,,,,,,,,,,,,,,,,,,,0.4481,0.292,0.26,1,,,,2.23,3.5,3.75,,,,,-0.9358,0,19,0.7895,0.1126,-0.05,0,0,,,,-0.0148,,,,,,,,,,,
spelad,EK,2020/21,2021-03-15,,Stal Mielec,Podbeskidzie,2,1,H,,,,,,,,,,,,,,,,,,,,0.4108,0.2941,0.295,1,,,,2.45,3.31,3.42,,,,,-0.2422,-1,,,,,0,0,,,,-0.0041,,,,,,,,,,,
spelad,EK,2020/21,2021-03-19,,Piast Gliwice,Cracovia,2,0,H,,,,,,,,,,,,,,,,,,,,0.4609,0.3087,0.2304,1,,,,2.17,3.2,4.26,,,,,1.295,-2,22,0.2727,0.1799,-0.0124,0,0,,,,-0.0301,,,,,,,,,,,
spelad,EK,2020/21,2021-03-19,,Pogon Szczecin,Lechia Gdansk,1,0,H,,,,,,,,,,,,,,,,,,,,0.4791,0.2983,0.2226,1,,,,2.04,3.32,4.54,,,,,-0.6278,1,22,-0.2727,-0.0058,-0.0088,0,0,,,,-0.0166,,,,,,,,,,,
spelad,EK,2020/21,2021-03-20,,Lech Poznan,Jagiellonia,2,3,A,,,,,,,,,,,,,,,,,,,,0.6585,0.21,0.1315,1,,,,1.5,4.61,7.36,,,,,-0.2317,-2,21,-0.7143,-0.7008,0.0199,0,0,,,,-0.0469,,,,,,,,,,,
spelad,EK,2020/21,2021-03-20,,Rakow,Gornik Zabrze,0,0,D,,,,,,,,,,,,,,,,,,,,0.5644,0.2568,0.1788,1,,,,1.83,3.79,5.51,,,,,-0.1795,1,4,0,0.1691,-0.2769,0,0,,,,-0.0389,,,,,,,,,,,
spelad,EK,2020/21,2021-03-20,,Slask Wroclaw,Wisla Plock,0,0,D,,,,,,,,,,,,,,,,,,,,0.3895,0.3014,0.3091,1,,,,2.54,3.23,3.3,,,,,-0.0865,1,11,0,-0.1205,-0.0075,0,0,,,,-0.0094,,,,,,,,,,,
spelad,EK,2020/21,2021-03-21,,Warta Poznan,Podbeskidzie,2,0,H,,,,,,,,,,,,,,,,,,,,0.4179,0.3024,0.2798,1,,,,2.38,3.22,3.58,,,,,0.5555,2,,,,,0,0,,,,-0.0178,,,,,,,,,,,
spelad,EK,2020/21,2021-03-21,,Wisla,Stal Mielec,3,1,H,,,,,,,,,,,,,,,,,,,,0.4791,0.265,0.2559,1,,,,2.13,3.67,3.94,,,,,0.397,2,,,,,0,0,,,,-0.0213,,,,,,,,,,,
spelad,EK,2020/21,2021-03-21,,Zaglebie,Legia,0,4,A,,,,,,,,,,,,,,,,,,,,0.2258,0.2576,0.5166,1,,,,4.39,3.81,2.01,,,,,-0.3048,-1,17,-0.8824,0.1466,-0.1351,0,0,,,,0.0386,,,,,,,,,,,
spelad,EK,2020/21,2021-04-03,,Cracovia,Lech Poznan,2,1,H,,,,,,,,,,,,,,,,,,,,0.3225,0.3015,0.376,1,,,,3.45,3.32,2.6,,,,,-0.5914,1,18,-0.1667,0.2204,0.0142,0,0,,,,-0.0239,,,,,,,,,,,
spelad,EK,2020/21,2021-04-03,,Legia,Pogon Szczecin,4,2,H,,,,,,,,,,,,,,,,,,,,0.5305,0.2907,0.1788,1,,,,1.83,3.6,5.43,,,,,0.3157,-2,22,0.9545,0.0069,-0.1078,0,0,,,,-0.0166,,,,,,,,,,,
spelad,EK,2020/21,2021-04-03,,Wisla Plock,Piast Gliwice,0,1,A,,,,,,,,,,,,,,,,,,,,0.3003,0.2994,0.4004,1,,,,3.26,3.26,2.6,,,,,-0.6431,-1,10,-0.9,-0.358,0.0183,0,0,,,,0.0274,,,,,,,,,,,
spelad,EK,2020/21,2021-04-05,,Gornik Zabrze,Warta Poznan,1,2,A,,,,,,,,,,,,,,,,,,,,0.4145,0.3142,0.2713,1,,,,2.35,3.42,4.33,,,,,-1.1328,1,,,,,0,0,,,,0.0155,,,,,,,,,,,
spelad,EK,2020/21,2021-04-05,,Jagiellonia,Slask Wroclaw,0,1,A,,,,,,,,,,,,,,,,,,,,0.4178,0.288,0.2941,1,,,,2.43,3.38,3.34,,,,,0.2687,0,20,-0.15,-0.0031,-0.1316,0,0,,,,-0.0277,,,,,,,,,,,
spelad,EK,2020/21,2021-04-05,,Lechia Gdansk,Zaglebie,3,1,H,,,,,,,,,,,,,,,,,,,,0.3972,0.2888,0.314,1,,,,2.45,3.45,3.1,,,,,0.7188,2,16,0.9375,0.4419,0.0308,0,0,,,,0.0045,,,,,,,,,,,
spelad,EK,2020/21,2021-04-05,,Podbeskidzie,Wisla,2,0,H,,,,,,,,,,,,,,,,,,,,0.2634,0.2648,0.4718,1,,,,3.74,3.67,2.25,,,,,-0.2233,0,8,-0.75,0.0085,-0.0198,0,0,,,,0.0272,,,,,,,,,,,
spelad,EK,2020/21,2021-04-09,,Jagiellonia,Cracovia,2,1,H,,,,,,,,,,,,,,,,,,,,0.2863,0.2977,0.416,1,,,,3.41,3.33,2.39,,,,,0.0695,-2,18,0.6667,0.303,0.0512,0,0,,,,0.0183,,,,,,,,,,,
spelad,EK,2020/21,2021-04-09,,Wisla,Rakow,1,2,A,,,,,,,,,,,,,,,,,,,,0.2437,0.2678,0.4885,1,,,,3.99,3.79,2.09,,,,,0.8643,-7,4,-0.75,0.0075,-0.0171,0,0,,,,0.027,,,,,,,,,,,
spelad,EK,2020/21,2021-04-10,,Pogon Szczecin,Wisla Plock,2,0,H,,,,,,,,,,,,,,,,,,,,0.5504,0.2808,0.1688,1,,,,1.8,3.53,5.74,,,,,0.1438,0,9,0.3333,0.0122,-0.0637,0,0,,,,-0.0341,,,,,,,,,,,
spelad,EK,2020/21,2021-04-10,,Slask Wroclaw,Lechia Gdansk,1,1,D,,,,,,,,,,,,,,,,,,,,0.3321,0.2994,0.3686,1,,,,3.01,3.34,2.66,,,,,-0.6848,0,19,0.1579,0.1005,0.0318,0,0,,,,0.0092,,,,,,,,,,,
spelad,EK,2020/21,2021-04-10,,Warta Poznan,Stal Mielec,0,0,D,,,,,,,,,,,,,,,,,,,,0.3529,0.3236,0.3236,1,,,,2.83,3.16,3.1,,,,,1.4017,-7,,,,,0,0,,,,0.0192,,,,,,,,,,,
spelad,EK,2020/21,2021-04-11,,Lech Poznan,Legia,0,0,D,,,,,,,,,,,,,,,,,,,,0.2761,0.2761,0.4478,1,,,,3.67,3.65,2.21,,,,,-1.1698,0,23,-0.913,-0.1589,-0.1968,0,0,,,,0.0055,,,,,,,,,,,
spelad,EK,2020/21,2021-04-11,,Zaglebie,Podbeskidzie,2,1,H,,,,,,,,,,,,,,,,,,,,0.4563,0.2722,0.2715,1,,,,2.17,3.6,3.62,,,,,-0.3486,0,7,0,-0.2517,0.1462,0,0,,,,-0.0075,,,,,,,,,,,
spelad,EK,2020/21,2021-04-12,,Piast Gliwice,Gornik Zabrze,2,0,H,,,,,,,,,,,,,,,,,,,,0.4863,0.2787,0.2349,1,,,,2.05,3.49,4.18,,,,,0.918,2,13,0.4615,0.2645,-0.0534,0,0,,,,-0.0229,,,,,,,,,,,
spelad,EK,2020/21,2021-04-16,,Gornik Zabrze,Slask Wroclaw,1,1,D,,,,,,,,,,,,,,,,,,,,0.4568,0.2837,0.2595,1,,,,2.2,3.45,3.82,,,,,-0.432,-2,16,0.5625,0.2994,0.2832,0,0,,,,-0.0194,,,,,,,,,,,
spelad,EK,2020/21,2021-04-16,,Podbeskidzie,Pogon Szczecin,0,2,A,,,,,,,,,,,,,,,,,,,,0.2561,0.2913,0.4526,1,,,,3.88,3.4,2.21,,,,,-0.0628,-1,8,-0.75,-0.1776,-0.0293,0,0,,,,0.0121,,,,,,,,,,,
spelad,EK,2020/21,2021-04-17,,Lechia Gdansk,Piast Gliwice,2,2,D,,,,,,,,,,,,,,,,,,,,0.3628,0.2973,0.3399,1,,,,2.7,3.31,2.92,,,,,0.2576,2,19,0.9474,0.3918,-0.1232,0,0,,,,-0.0035,,,,,,,,,,,
spelad,EK,2020/21,2021-04-17,,Rakow,Lech Poznan,3,1,H,,,,,,,,,,,,,,,,,,,,0.3969,0.3001,0.3029,1,,,,2.47,3.37,3.21,,,,,-0.0018,2,3,-2,-0.7331,0.0655,0,0,,,,-0.0069,,,,,,,,,,,
spelad,EK,2020/21,2021-04-17,,Wisla,Warta Poznan,0,1,A,,,,,,,,,,,,,,,,,,,,0.4809,0.2668,0.2523,1,,,,2.08,3.64,4.07,,,,,-0.9613,1,,,,,0,0,,,,-0.006,,,,,,,,,,,
spelad,EK,2020/21,2021-04-18,,Legia,Cracovia,0,0,D,,,,,,,,,,,,,,,,,,,,0.6435,0.233,0.1235,1,,,,1.51,4.26,8.5,,,,,1.0762,-2,18,2.3333,0.6504,-0.1329,0,0,,,,-0.0244,,,,,,,,,,,
spelad,EK,2020/21,2021-04-18,,Stal Mielec,Zaglebie,0,2,A,,,,,,,,,,,,,,,,,,,,0.3923,0.2887,0.319,1,,,,2.61,3.37,3.13,,,,,-0.2358,1,,,,,0,0,,,,-0.0239,,,,,,,,,,,
spelad,EK,2020/21,2021-04-18,,Wisla Plock,Jagiellonia,2,2,D,,,,,,,,,,,,,,,,,,,,0.4841,0.2695,0.2463,1,,,,2.06,3.61,4.04,,,,,-0.7417,-1,10,0,0.2944,-0.069,0,0,,,,-0.0162,,,,,,,,,,,
spelad,EK,2020/21,2021-04-20,,Lech Poznan,Lechia Gdansk,3,0,H,,,,,,,,,,,,,,,,,,,,0.5308,0.2504,0.2188,1,,,,1.88,3.9,4.6,,,,,-0.7212,0,21,1.1429,0.3954,-0.1297,0,0,,,,-0.0166,,,,,,,,,,,
spelad,EK,2020/21,2021-04-20,,Pogon Szczecin,Gornik Zabrze,1,0,H,,,,,,,,,,,,,,,,,,,,0.5088,0.2785,0.2127,1,,,,1.95,3.6,4.77,,,,,0.4149,0,16,-0.375,-0.3845,0.2087,0,0,,,,-0.0161,,,,,,,,,,,
spelad,EK,2020/21,2021-04-20,,Slask Wroclaw,Podbeskidzie,4,3,H,,,,,,,,,,,,,,,,,,,,0.3924,0.2958,0.3119,1,,,,2.53,3.43,3.14,,,,,0.699,0,9,1.3333,0.1841,0.2794,0,0,,,,0.0015,,,,,,,,,,,
spelad,EK,2020/21,2021-04-20,,Warta Poznan,Rakow,0,2,A,,,,,,,,,,,,,,,,,,,,0.2235,0.2903,0.4862,1,,,,4.35,3.5,2.02,,,,,0.8734,0,,,,,0,0,,,,0.0189,,,,,,,,,,,
spelad,EK,2020/21,2021-04-21,,Cracovia,Wisla Plock,1,0,H,,,,,,,,,,,,,,,,,,,,0.3873,0.3284,0.2843,1,,,,2.52,3.1,3.75,,,,,0.376,0,10,0.3,0.0566,0.0131,0,0,,,,-0.0036,,,,,,,,,,,
spelad,EK,2020/21,2021-04-21,,Jagiellonia,Stal Mielec,3,3,D,,,,,,,,,,,,,,,,,,,,0.3321,0.2772,0.3907,1,,,,3,3.51,2.52,,,,,0.4666,0,,,,,0,0,,,,-0.0019,,,,,,,,,,,
spelad,EK,2020/21,2021-04-21,,Piast Gliwice,Legia,0,1,A,,,,,,,,,,,,,,,,,,,,0.2349,0.2725,0.4925,1,,,,4.21,3.56,2.07,,,,,-0.0094,1,19,-0.6316,0.2945,0.0268,0,0,,,,0.019,,,,,,,,,,,
spelad,EK,2020/21,2021-04-21,,Zaglebie,Wisla,4,1,H,,,,,,,,,,,,,,,,,,,,0.4139,0.2587,0.3275,1,,,,2.39,3.82,3.1,,,,,0.3769,-1,16,0,0.1306,-0.1522,0,0,,,,0.0055,,,,,,,,,,,
spelad,EK,2020/21,2021-04-23,,Podbeskidzie,Lech Poznan,1,0,H,,,,,,,,,,,,,,,,,,,,0.2423,0.2543,0.5034,1,,,,4.01,3.88,1.97,,,,,-0.412,0,8,0,0.7194,0.0335,0,0,,,,0.0162,,,,,,,,,,,
spelad,EK,2020/21,2021-04-23,,Rakow,Slask Wroclaw,2,0,H,,,,,,,,,,,,,,,,,,,,0.5917,0.2508,0.1575,1,,,,1.66,4,6.35,,,,,-0.0134,0,3,0,-0.2076,0.0504,0,0,,,,-0.0194,,,,,,,,,,,
spelad,EK,2020/21,2021-04-24,,Gornik Zabrze,Wisla Plock,0,2,A,,,,,,,,,,,,,,,,,,,,0.4291,0.2942,0.2767,1,,,,2.3,3.38,3.6,,,,,0.2846,1,10,-0.3,-0.1234,0.0204,0,0,,,,-0.0114,,,,,,,,,,,
spelad,EK,2020/21,2021-04-24,,Wisla,Cracovia,0,0,D,,,,,,,,,,,,,,,,,,,,0.345,0.3012,0.3538,1,,,,2.89,3.27,2.75,,,,,-0.4243,0,15,0.6,0.2429,-0.0161,0,0,,,,-0.0009,,,,,,,,,,,
spelad,EK,2020/21,2021-04-24,,Zaglebie,Piast Gliwice,2,2,D,,,,,,,,,,,,,,,,,,,,0.3473,0.2843,0.3684,1,,,,2.91,3.42,2.64,,,,,-0.148,0,17,-0.7059,-0.3784,0.0144,0,0,,,,-0.0197,,,,,,,,,,,
spelad,EK,2020/21,2021-04-25,,Lechia Gdansk,Legia,0,1,A,,,,,,,,,,,,,,,,,,,,0.1972,0.2451,0.5577,1,,,,5,3.98,1.77,,,,,-0.3777,1,22,-0.8182,-0.0224,0.0114,0,0,,,,0.0202,,,,,,,,,,,
spelad,EK,2020/21,2021-04-25,,Stal Mielec,Pogon Szczecin,1,0,H,,,,,,,,,,,,,,,,,,,,0.2527,0.2772,0.4701,1,,,,4,3.51,2.13,,,,,-0.7892,-1,,,,,0,0,,,,0.0118,,,,,,,,,,,
spelad,EK,2020/21,2021-04-25,,Warta Poznan,Jagiellonia,2,0,H,,,,,,,,,,,,,,,,,,,,0.4717,0.2753,0.253,1,,,,2.2,3.53,3.84,,,,,0.5981,1,,,,,0,0,,,,-0.0654,,,,,,,,,,,
spelad,EK,2020/21,2021-04-28,,Jagiellonia,Rakow,0,0,D,,,,,,,,,,,,,,,,,,,,0.1829,0.226,0.5911,1,,,,5.55,4.29,1.7,,,,,-0.4717,-2,3,-3,-1.2274,-0.2614,0,0,,,,0.0275,,,,,,,,,,,
spelad,EK,2020/21,2021-04-30,,Slask Wroclaw,Zaglebie,0,0,D,,,,,,,,,,,,,,,,,,,,0.3552,0.2829,0.3618,1,,,,2.77,3.48,2.79,,,,,-0.1064,1,15,-0.2,-0.0737,-0.0201,0,0,,,,-0.0115,,,,,,,,,,,
spelad,EK,2020/21,2021-04-30,,Wisla Plock,Lechia Gdansk,1,3,A,,,,,,,,,,,,,,,,,,,,0.3309,0.2861,0.383,1,,,,2.99,3.41,2.75,,,,,-0.3593,1,9,-0.6667,0.0514,-0.163,0,0,,,,0.0147,,,,,,,,,,,
spelad,EK,2020/21,2021-05-01,,Lech Poznan,Stal Mielec,1,2,A,,,,,,,,,,,,,,,,,,,,0.5992,0.2263,0.1746,1,,,,1.7,4.3,5.56,,,,,-0.4116,2,,,,,0,0,,,,-0.0548,,,,,,,,,,,
spelad,EK,2020/21,2021-05-01,,Legia,Wisla,0,0,D,,,,,,,,,,,,,,,,,,,,0.587,0.2295,0.1834,1,,,,1.67,4.5,6,,,,,1.3642,-1,19,1.1053,0.004,0.0689,0,0,,,,0.0021,,,,,,,,,,,
spelad,EK,2020/21,2021-05-01,,Pogon Szczecin,Warta Poznan,1,1,D,,,,,,,,,,,,,,,,,,,,0.5009,0.2963,0.2029,1,,,,1.96,3.46,4.8,,,,,-0.5628,0,,,,,0,0,,,,-0.0106,,,,,,,,,,,
spelad,EK,2020/21,2021-05-03,,Cracovia,Gornik Zabrze,1,0,H,,,,,,,,,,,,,,,,,,,,0.4347,0.2978,0.2675,1,,,,2.31,3.31,3.75,,,,,0.5293,0,13,0.9231,0.4643,-0.0491,0,0,,,,-0.0072,,,,,,,,,,,
spelad,EK,2020/21,2021-05-03,,Piast Gliwice,Podbeskidzie,2,0,H,,,,,,,,,,,,,,,,,,,,0.5356,0.2499,0.2145,1,,,,1.97,3.9,4.53,,,,,0.7023,-1,10,2.1,0.9079,0.0161,0,0,,,,-0.0322,,,,,,,,,,,
spelad,EK,2020/21,2021-05-05,,Stal Mielec,Rakow,0,1,A,,,,,,,,,,,,,,,,,,,,0.2778,0.2701,0.4522,1,,,,3.5,3.6,2.17,,,,,0.0082,-3,,,,,0,0,,,,0.0152,,,,,,,,,,,
spelad,EK,2020/21,2021-05-07,,Gornik Zabrze,Jagiellonia,3,1,H,,,,,,,,,,,,,,,,,,,,0.5003,0.2457,0.2541,1,,,,2,3.95,3.84,,,,,-0.7082,-5,16,-0.1875,0.1252,-0.0839,0,0,,,,-0.0385,,,,,,,,,,,
spelad,EK,2020/21,2021-05-07,,Zaglebie,Pogon Szczecin,1,1,D,,,,,,,,,,,,,,,,,,,,0.2945,0.2754,0.4301,1,,,,3.4,3.53,2.34,,,,,-0.2891,1,15,-0.2,-0.1703,0.1153,0,0,,,,0.008,,,,,,,,,,,
spelad,EK,2020/21,2021-05-08,,Lechia Gdansk,Cracovia,1,1,D,,,,,,,,,,,,,,,,,,,,0.4808,0.2721,0.2471,1,,,,2.04,3.61,4,,,,,-0.0348,3,19,-0.9474,-0.5042,-0.2277,0,0,,,,-0.0062,,,,,,,,,,,
spelad,EK,2020/21,2021-05-08,,Podbeskidzie,Wisla Plock,1,1,D,,,,,,,,,,,,,,,,,,,,0.4025,0.2882,0.3093,1,,,,2.5,3.4,3.16,,,,,0.1075,-3,,,,,0,0,,,,-0.0013,,,,,,,,,,,
spelad,EK,2020/21,2021-05-08,,Wisla,Lech Poznan,1,2,A,,,,,,,,,,,,,,,,,,,,0.2642,0.2424,0.4934,1,,,,3.77,4.01,2.08,,,,,0.3104,0,19,-0.4737,0.1706,0.0552,0,0,,,,0.0254,,,,,,,,,,,
spelad,EK,2020/21,2021-05-09,,Stal Mielec,Legia,0,0,D,,,,,,,,,,,,,,,,,,,,0.2216,0.2781,0.5003,1,,,,4.85,3.66,1.96,,,,,-0.142,-4,,,,,0,0,,,,0.0022,,,,,,,,,,,
spelad,EK,2020/21,2021-05-09,,Warta Poznan,Slask Wroclaw,2,3,A,,,,,,,,,,,,,,,,,,,,0.4159,0.306,0.2781,1,,,,2.38,3.28,3.54,,,,,0.4347,-1,,,,,0,0,,,,-0.0119,,,,,,,,,,,
spelad,EK,2020/21,2021-05-10,,Rakow,Piast Gliwice,1,0,H,,,,,,,,,,,,,,,,,,,,0.4124,0.3022,0.2854,1,,,,2.36,3.44,3.53,,,,,0.0267,-2,3,0,-0.0106,0.0411,0,0,,,,0.0089,,,,,,,,,,,
spelad,EK,2020/21,2021-05-16,,Cracovia,Warta Poznan,0,1,A,,,,,,,,,,,,,,,,,,,,0.3816,0.3008,0.3176,1,,,,2.58,3.3,3.04,,,,,-0.2108,1,,,,,0,0,,,,-0.0044,,,,,,,,,,,
spelad,EK,2020/21,2021-05-16,,Jagiellonia,Lechia Gdansk,2,1,H,,,,,,,,,,,,,,,,,,,,0.2313,0.2254,0.5433,1,,,,4.55,4.3,1.79,,,,,0.2161,1,19,-1.1053,-0.4327,-0.0695,0,0,,,,-0.0117,,,,,,,,,,,
spelad,EK,2020/21,2021-05-16,,Lech Poznan,Gornik Zabrze,1,1,D,,,,,,,,,,,,,,,,,,,,0.5667,0.2321,0.2011,1,,,,1.74,4.25,4.84,,,,,-0.1186,-1,16,1.125,0.068,-0.0058,0,0,,,,-0.0244,,,,,,,,,,,
spelad,EK,2020/21,2021-05-16,,Legia,Podbeskidzie,1,0,H,,,,,,,,,,,,,,,,,,,,0.6097,0.2099,0.1804,1,,,,1.59,4.9,6.05,,,,,0.3793,-1,7,0,-0.7531,-0.071,0,0,,,,-0.0023,,,,,,,,,,,
spelad,EK,2020/21,2021-05-16,,Piast Gliwice,Wisla,2,3,A,,,,,,,,,,,,,,,,,,,,0.645,0.2112,0.1438,1,,,,1.53,4.62,6.73,,,,,0.9818,-2,15,0,0.0646,0.0528,0,0,,,,-0.0301,,,,,,,,,,,
spelad,EK,2020/21,2021-05-16,,Pogon Szczecin,Rakow,1,3,A,,,,,,,,,,,,,,,,,,,,0.4614,0.2606,0.2779,1,,,,2.15,3.7,3.58,,,,,-0.6108,3,3,0,0.1163,0.0503,0,0,,,,-0.0246,,,,,,,,,,,
spelad,EK,2020/21,2021-05-16,,Slask Wroclaw,Stal Mielec,1,1,D,,,,,,,,,,,,,,,,,,,,0.4569,0.2693,0.2739,1,,,,2.2,3.58,3.64,,,,,0.4238,0,,,,,0,0,,,,-0.0285,,,,,,,,,,,
spelad,EK,2020/21,2021-05-16,,Wisla Plock,Zaglebie,4,0,H,,,,,,,,,,,,,,,,,,,,0.3727,0.275,0.3523,1,,,,2.64,3.54,2.8,,,,,-0.6665,-1,12,0.25,0.2314,-0.0302,0,0,,,,-0.0046,,,,,,,,,,,
spelad,EK,2021/22,2021-07-23,,Lech Poznan,Radomiak Radom,0,0,D,,,,,,,,,,,,,,,,,,,,0.5852,0.2537,0.1611,1,,,,1.7,3.87,6.03,,,,,,,,,,,-1,0,,,,-0.0467,,,,,,,,,,,
spelad,EK,2021/22,2021-07-23,,Termalica B-B.,Stal Mielec,1,1,D,,,,,,,,,,,,,,,,,,,,0.4072,0.2905,0.3023,1,,,,2.42,3.43,3.29,,,,,-0.3334,,,,,,1,0,,,,-0.0087,,,,,,,,,,,
spelad,EK,2021/22,2021-07-24,,Jagiellonia,Lechia Gdansk,1,1,D,,,,,,,,,,,,,,,,,,,,0.3845,0.2812,0.3343,1,,,,2.6,3.46,2.99,,,,,0.2879,,20,-0.9,-0.3071,-0.0773,0,0,,,,-0.0102,,,,,,,,,,,
spelad,EK,2021/22,2021-07-24,,Leczna,Cracovia,1,1,D,,,,,,,,,,,,,,,,,,,,0.2672,0.2947,0.4381,1,,,,3.67,3.4,2.29,,,,,-0.2927,,8,0.375,0.2812,0.0884,1,0,,,,0.0288,,,,,,,,,,,
spelad,EK,2021/22,2021-07-24,,Legia,Wisla Plock,1,0,H,,,,,,,,,,,,,,,,,,,,0.4282,0.2825,0.2893,1,,,,2.34,3.44,3.4,,,,,0.345,,11,1.0909,0.0776,-0.1566,0,0,,,,-0.0169,,,,,,,,,,,
spelad,EK,2021/22,2021-07-25,,Piast Gliwice,Rakow,2,3,A,,,,,,,,,,,,,,,,,,,,0.3254,0.3031,0.3714,1,,,,3.04,3.27,2.91,,,,,-1.2281,,4,-0.75,-0.3125,-0.0447,0,0,,,,0.0487,,,,,,,,,,,
spelad,EK,2021/22,2021-07-25,,Pogon Szczecin,Gornik Zabrze,2,0,H,,,,,,,,,,,,,,,,,,,,0.4769,0.2887,0.2344,1,,,,2.06,3.45,4.25,,,,,0.4332,,16,-0.375,-0.4065,0.2108,0,0,,,,-0.0126,,,,,,,,,,,
spelad,EK,2021/22,2021-07-25,,Slask Wroclaw,Warta Poznan,2,2,D,,,,,,,,,,,,,,,,,,,,0.4195,0.2967,0.2838,1,,,,2.36,3.31,3.64,,,,,-0.1195,,,,,,0,0,,,,-0.01,,,,,,,,,,,
spelad,EK,2021/22,2021-07-26,,Wisla,Zaglebie,3,0,H,,,,,,,,,,,,,,,,,,,,0.4881,0.2576,0.2543,1,,,,2.1,3.77,3.86,,,,,-0.7025,,16,0,0.0594,-0.1518,0,0,,,,-0.0494,,,,,,,,,,,
spelad,EK,2021/22,2021-07-30,,Gornik Zabrze,Lech Poznan,1,3,A,,,,,,,,,,,,,,,,,,,,0.2492,0.2745,0.4763,1,,,,3.92,3.54,2.15,,,,,-0.0251,-2,17,-1.0588,-0.0489,0.0397,0,0,,,,0.0369,,,,,,,,,,,
spelad,EK,2021/22,2021-07-30,,Zaglebie,Leczna,3,1,H,,,,,,,,,,,,,,,,,,,,0.5878,0.2377,0.1744,1,,,,1.83,4.08,5.61,,,,,0.5021,-2,5,1.8,0.6731,0.1231,-1,0,,,,-0.0656,,,,,,,,,,,
spelad,EK,2021/22,2021-07-31,,Radomiak Radom,Legia,3,1,H,,,,,,,,,,,,,,,,,,,,0.31,0.2959,0.3941,1,,,,3.17,3.4,2.51,,,,,,1,,,,,1,0,,,,-0.001,,,,,,,,,,,
spelad,EK,2021/22,2021-07-31,,Stal Mielec,Piast Gliwice,0,2,A,,,,,,,,,,,,,,,,,,,,0.2632,0.2881,0.4487,1,,,,3.73,3.4,2.29,,,,,0.6035,2,,,,,0,0,,,,0.0194,,,,,,,,,,,
spelad,EK,2021/22,2021-07-31,,Termalica B-B.,Wisla,2,2,D,,,,,,,,,,,,,,,,,,,,0.3802,0.2854,0.3344,1,,,,2.87,3.46,2.96,,,,,-0.1131,3,8,-1.125,-0.2787,0.1087,1,0,,,,-0.0185,,,,,,,,,,,
spelad,EK,2021/22,2021-08-01,,Cracovia,Slask Wroclaw,1,2,A,,,,,,,,,,,,,,,,,,,,0.4481,0.292,0.26,1,,,,2.25,3.4,3.75,,,,,-0.1793,1,20,-0.6,-0.2391,0.0151,0,0,,,,-0.0243,,,,,,,,,,,
spelad,EK,2021/22,2021-08-01,,Jagiellonia,Rakow,3,0,H,,,,,,,,,,,,,,,,,,,,0.4141,0.2688,0.317,1,,,,2.48,3.66,3.13,,,,,-0.9584,1,4,-2.25,-0.8642,-0.0026,0,0,,,,-0.0108,,,,,,,,,,,
spelad,EK,2021/22,2021-08-01,,Warta Poznan,Pogon Szczecin,1,1,D,,,,,,,,,,,,,,,,,,,,0.2545,0.3116,0.434,1,,,,3.93,3.14,2.35,,,,,0.2356,0,,,,,0,0,,,,0.0261,,,,,,,,,,,
spelad,EK,2021/22,2021-08-02,,Lechia Gdansk,Wisla Plock,1,0,H,,,,,,,,,,,,,,,,,,,,0.4264,0.2834,0.2902,1,,,,2.35,3.52,3.35,,,,,-0.2463,0,10,0.9,0.2569,-0.1753,0,0,,,,-0.0391,,,,,,,,,,,
spelad,EK,2021/22,2021-08-06,,Lech Poznan,Cracovia,2,0,H,,,,,,,,,,,,,,,,,,,,0.6018,0.2404,0.1578,1,,,,1.68,4.03,6.15,,,,,-0.3057,2,18,0,-0.2408,-0.0471,0,0,,,,-0.0481,,,,,,,,,,,
spelad,EK,2021/22,2021-08-06,,Leczna,Warta Poznan,0,4,A,,,,,,,,,,,,,,,,,,,,0.3489,0.3023,0.3489,1,,,,2.85,3.25,2.84,,,,,-0.9684,2,,,,,1,0,,,,-0.01,,,,,,,,,,,
spelad,EK,2021/22,2021-08-07,,Gornik Zabrze,Stal Mielec,1,0,H,,,,,,,,,,,,,,,,,,,,0.4608,0.2786,0.2607,1,,,,2.23,3.52,3.74,,,,,-0.7752,1,,,,,0,0,,,,-0.0324,,,,,,,,,,,
spelad,EK,2021/22,2021-08-07,,Jagiellonia,Termalica B-B.,1,0,H,,,,,,,,,,,,,,,,,,,,0.4156,0.286,0.2983,1,,,,2.38,3.5,3.4,,,,,0.3742,-1,8,0.75,0.0896,-0.0228,-1,0,,,,0.0025,,,,,,,,,,,
spelad,EK,2021/22,2021-08-08,,Pogon Szczecin,Piast Gliwice,1,0,H,,,,,,,,,,,,,,,,,,,,0.4792,0.287,0.2338,1,,,,2.19,3.42,4.16,,,,,0.2844,-1,20,0.6,0.2075,0.1156,0,0,,,,-0.0386,,,,,,,,,,,
spelad,EK,2021/22,2021-08-08,,Slask Wroclaw,Lechia Gdansk,1,1,D,,,,,,,,,,,,,,,,,,,,0.3924,0.2788,0.3288,1,,,,2.55,3.54,3.02,,,,,0.6208,1,19,0.1579,0.1211,0.0312,0,0,,,,-0.011,,,,,,,,,,,
spelad,EK,2021/22,2021-08-08,,Wisla,Rakow,1,2,A,,,,,,,,,,,,,,,,,,,,0.3344,0.278,0.3876,1,,,,2.99,3.63,2.76,,,,,-0.8854,1,5,-1.2,-0.1938,-0.0672,0,0,,,,0.0232,,,,,,,,,,,
spelad,EK,2021/22,2021-08-09,,Wisla Plock,Radomiak Radom,1,0,H,,,,,,,,,,,,,,,,,,,,0.3615,0.3077,0.3308,1,,,,2.71,3.28,3.04,,,,,,-2,,,,,-1,0,,,,0.0142,,,,,,,,,,,
spelad,EK,2021/22,2021-08-13,,Stal Mielec,Wisla,2,1,H,,,,,,,,,,,,,,,,,,,,0.3033,0.2789,0.4178,1,,,,3.3,3.57,2.35,,,,,0.1335,1,,,,,0,0,,,,0.0051,,,,,,,,,,,
spelad,EK,2021/22,2021-08-13,,Termalica B-B.,Lech Poznan,1,3,A,,,,,,,,,,,,,,,,,,,,0.1857,0.2634,0.5508,1,,,,5.35,3.88,1.9,,,,,-0.0401,-1,7,-1.7143,-0.2936,-0.1171,1,0,,,,0.0252,,,,,,,,,,,
spelad,EK,2021/22,2021-08-14,,Lechia Gdansk,Cracovia,3,0,H,,,,,,,,,,,,,,,,,,,,0.4268,0.2887,0.2845,1,,,,2.28,3.57,3.6,,,,,0.0016,-2,19,-1.1053,-0.6068,-0.1746,0,0,,,,0.0148,,,,,,,,,,,
spelad,EK,2021/22,2021-08-14,,Piast Gliwice,Wisla Plock,4,3,H,,,,,,,,,,,,,,,,,,,,0.4518,0.2926,0.2556,1,,,,2.27,3.38,4.2,,,,,-0.5676,1,11,1.0909,0.4452,-0.0106,0,0,,,,-0.0032,,,,,,,,,,,
spelad,EK,2021/22,2021-08-14,,Warta Poznan,Legia,0,2,A,,,,,,,,,,,,,,,,,,,,0.2731,0.2947,0.4322,1,,,,3.6,3.45,2.35,,,,,0.2188,-6,,,,,0,0,,,,0.0329,,,,,,,,,,,
spelad,EK,2021/22,2021-08-15,,Slask Wroclaw,Leczna,0,0,D,,,,,,,,,,,,,,,,,,,,0.5637,0.2436,0.1927,1,,,,1.81,3.98,5.15,,,,,0.9796,-2,8,1.5,0.5511,-0.0367,-1,0,,,,-0.0348,,,,,,,,,,,
spelad,EK,2021/22,2021-08-15,,Zaglebie,Pogon Szczecin,2,0,H,,,,,,,,,,,,,,,,,,,,0.2946,0.3019,0.4034,1,,,,3.31,3.4,2.43,,,,,0.3258,7,15,0,-0.0564,0.1814,0,0,,,,0.0123,,,,,,,,,,,
spelad,EK,2021/22,2021-08-16,,Jagiellonia,Gornik Zabrze,1,3,A,,,,,,,,,,,,,,,,,,,,0.4253,0.284,0.2907,1,,,,2.32,3.48,3.35,,,,,0.6708,0,17,0,-0.0981,-0.0934,0,0,,,,-0.0279,,,,,,,,,,,
spelad,EK,2021/22,2021-08-20,,Radomiak Radom,Warta Poznan,1,0,H,,,,,,,,,,,,,,,,,,,,0.4522,0.292,0.2558,1,,,,2.23,3.35,3.9,,,,,,5,,,,,1,0,,,,-0.0265,,,,,,,,,,,
spelad,EK,2021/22,2021-08-20,,Wisla Plock,Zaglebie,4,0,H,,,,,,,,,,,,,,,,,,,,0.4025,0.2882,0.3093,1,,,,2.59,3.42,3.19,,,,,-0.1094,1,13,0.4615,0.3372,-0.0491,0,0,,,,-0.0529,,,,,,,,,,,
spelad,EK,2021/22,2021-08-21,,Cracovia,Jagiellonia,2,1,H,,,,,,,,,,,,,,,,,,,,0.4677,0.2878,0.2444,1,,,,2.31,3.46,4.09,,,,,-0.7187,2,19,-0.7895,-0.4169,0.0328,0,0,,,,-0.0668,,,,,,,,,,,
spelad,EK,2021/22,2021-08-21,,Leczna,Wisla,1,3,A,,,,,,,,,,,,,,,,,,,,0.2892,0.2769,0.4339,1,,,,3.5,3.6,2.27,,,,,-0.4094,-2,7,-0.4286,0.0218,-0.0028,1,0,,,,-0.0003,,,,,,,,,,,
spelad,EK,2021/22,2021-08-21,,Pogon Szczecin,Stal Mielec,4,1,H,,,,,,,,,,,,,,,,,,,,0.6452,0.231,0.1238,1,,,,1.6,4.19,7.82,,,,,-0.6069,-2,,,,,0,0,,,,-0.0668,,,,,,,,,,,
spelad,EK,2021/22,2021-08-22,,Lech Poznan,Lechia Gdansk,2,0,H,,,,,,,,,,,,,,,,,,,,0.6453,0.218,0.1367,1,,,,1.55,4.7,7.5,,,,,-0.1994,1,22,1.2273,0.43,-0.1352,0,0,,,,-0.019,,,,,,,,,,,
spelad,EK,2021/22,2021-08-22,,Piast Gliwice,Slask Wroclaw,1,1,D,,,,,,,,,,,,,,,,,,,,0.5199,0.2545,0.2256,1,,,,1.96,3.82,4.75,,,,,-0.2789,1,20,0.3,0.1864,0.0165,0,0,,,,-0.0533,,,,,,,,,,,
spelad,EK,2021/22,2021-08-27,,Stal Mielec,Leczna,2,0,H,,,,,,,,,,,,,,,,,,,,0.4742,0.2834,0.2424,1,,,,2.07,3.6,4.3,,,,,0.5579,0,,,,,-1,0,,,,-0.0069,,,,,,,,,,,
spelad,EK,2021/22,2021-08-27,,Warta Poznan,Jagiellonia,1,1,D,,,,,,,,,,,,,,,,,,,,0.3715,0.3041,0.3244,1,,,,2.7,3.22,3.1,,,,,-0.212,1,,,,,0,0,,,,-0.0113,,,,,,,,,,,
spelad,EK,2021/22,2021-08-28,,Gornik Zabrze,Piast Gliwice,0,1,A,,,,,,,,,,,,,,,,,,,,0.3382,0.3025,0.3594,1,,,,2.88,3.32,2.8,,,,,0.3039,6,13,-0.9231,-0.3864,-0.0529,0,0,,,,0.0078,,,,,,,,,,,
spelad,EK,2021/22,2021-08-28,,Lech Poznan,Pogon Szczecin,1,1,D,,,,,,,,,,,,,,,,,,,,0.5066,0.2811,0.2124,1,,,,1.95,3.6,4.6,,,,,0.4048,-1,22,0.4091,-0.1998,0.0558,0,0,,,,-0.0216,,,,,,,,,,,
spelad,EK,2021/22,2021-08-28,,Lechia Gdansk,Radomiak Radom,2,2,D,,,,,,,,,,,,,,,,,,,,0.421,0.2852,0.2938,1,,,,2.51,3.42,3.33,,,,,,-2,,,,,-1,0,,,,-0.0467,,,,,,,,,,,
spelad,EK,2021/22,2021-08-28,,Termalica B-B.,Cracovia,1,2,A,,,,,,,,,,,,,,,,,,,,0.3506,0.3134,0.3361,1,,,,2.79,3.2,3.2,,,,,0.2116,7,7,1.2857,0.8469,0.0019,1,0,,,,0.006,,,,,,,,,,,
spelad,EK,2021/22,2021-08-29,,Wisla,Legia,1,0,H,,,,,,,,,,,,,,,,,,,,0.3031,0.2828,0.414,1,,,,3.23,3.45,2.4,,,,,-0.2183,-7,20,-1.05,-0.0583,0.104,0,0,,,,0.0055,,,,,,,,,,,
spelad,EK,2021/22,2021-08-29,,Wisla Plock,Rakow,1,1,D,,,,,,,,,,,,,,,,,,,,0.2895,0.3002,0.4104,1,,,,3.38,3.26,2.65,,,,,-0.847,-7,5,-1.2,-0.1775,-0.0657,0,0,,,,0.0188,,,,,,,,,,,
spelad,EK,2021/22,2021-08-29,,Zaglebie,Slask Wroclaw,1,3,A,,,,,,,,,,,,,,,,,,,,0.4173,0.2649,0.3178,1,,,,2.4,3.67,3.25,,,,,-0.3164,2,16,0.1875,0.0649,0.026,0,0,,,,0.0027,,,,,,,,,,,
spelad,EK,2021/22,2021-09-11,,Cracovia,Gornik Zabrze,2,2,D,,,,,,,,,,,,,,,,,,,,0.3941,0.311,0.295,1,,,,2.47,3.38,3.4,,,,,-0.3428,0,14,1.0714,0.531,-0.0668,0,0,,,,0.0097,,,,,,,,,,,
spelad,EK,2021/22,2021-09-11,,Jagiellonia,Stal Mielec,1,1,D,,,,,,,,,,,,,,,,,,,,0.5804,0.2411,0.1785,1,,,,1.95,4.08,5.75,,,,,0.0752,0,,,,,0,0,,,,-0.042,,,,,,,,,,,
spelad,EK,2021/22,2021-09-11,,Slask Wroclaw,Legia,1,0,H,,,,,,,,,,,,,,,,,,,,0.2765,0.283,0.4405,1,,,,4.1,3.6,2.39,,,,,0.3676,0,18,-2,-0.4614,-0.0247,0,0,,,,-0.0054,,,,,,,,,,,
spelad,EK,2021/22,2021-09-11,,Warta Poznan,Termalica B-B.,0,0,D,,,,,,,,,,,,,,,,,,,,0.4122,0.2948,0.293,1,,,,2.61,3.33,3.39,,,,,0.4652,1,,,,,-1,0,,,,-0.0309,,,,,,,,,,,
spelad,EK,2021/22,2021-09-12,,Piast Gliwice,Zaglebie,0,1,A,,,,,,,,,,,,,,,,,,,,0.4985,0.2627,0.2388,1,,,,2.02,3.7,4.15,,,,,0.0937,1,17,0.5294,0.2568,0.0742,0,0,,,,-0.0413,,,,,,,,,,,
spelad,EK,2021/22,2021-09-12,,Rakow,Lech Poznan,2,2,D,,,,,,,,,,,,,,,,,,,,0.3407,0.2971,0.3622,1,,,,2.87,3.4,2.71,,,,,0.3019,-1,4,-0.75,-0.1726,-0.0259,0,0,,,,-0.0002,,,,,,,,,,,
spelad,EK,2021/22,2021-09-12,,Wisla,Lechia Gdansk,2,2,D,,,,,,,,,,,,,,,,,,,,0.4714,0.2625,0.2661,1,,,,2.1,3.81,3.65,,,,,0.5193,-1,19,-0.6316,-0.2021,0.0896,0,0,,,,-0.026,,,,,,,,,,,
spelad,EK,2021/22,2021-09-13,,Leczna,Wisla Plock,3,2,H,,,,,,,,,,,,,,,,,,,,0.2749,0.2788,0.4463,1,,,,3.63,3.49,2.28,,,,,-0.9617,2,3,-1,-0.2826,-0.2819,1,0,,,,0.0381,,,,,,,,,,,
spelad,EK,2021/22,2021-09-13,,Radomiak Radom,Pogon Szczecin,1,1,D,,,,,,,,,,,,,,,,,,,,0.3042,0.2968,0.399,1,,,,3.25,3.28,2.46,,,,,0.4925,0,,,,,1,0,,,,0.007,,,,,,,,,,,
spelad,EK,2021/22,2021-09-17,,Lech Poznan,Wisla,5,0,H,,,,,,,,,,,,,,,,,,,,0.6171,0.234,0.1488,1,,,,1.6,4.36,7,,,,,-0.2539,0,19,0.7895,-0.0754,0.0582,0,0,,,,-0.0062,,,,,,,,,,,
spelad,EK,2021/22,2021-09-17,,Zaglebie,Termalica B-B.,2,1,H,,,,,,,,,,,,,,,,,,,,0.4805,0.275,0.2445,1,,,,2.07,3.62,4.1,,,,,0.4878,-1,6,1.5,0.6057,-0.1209,-1,0,,,,-0.0375,,,,,,,,,,,
spelad,EK,2021/22,2021-09-18,,Lechia Gdansk,Piast Gliwice,1,0,H,,,,,,,,,,,,,,,,,,,,0.4365,0.2797,0.2838,1,,,,2.59,3.49,3.43,,,,,0.2345,0,20,0.9,0.3529,-0.0819,0,0,,,,-0.0363,,,,,,,,,,,
spelad,EK,2021/22,2021-09-18,,Pogon Szczecin,Cracovia,1,1,D,,,,,,,,,,,,,,,,,,,,0.5273,0.2879,0.1848,1,,,,1.94,3.5,5.25,,,,,0.2824,-2,20,0.15,0.0624,-0.0355,0,0,,,,-0.0472,,,,,,,,,,,
spelad,EK,2021/22,2021-09-18,,Radomiak Radom,Slask Wroclaw,1,1,D,,,,,,,,,,,,,,,,,,,,0.4346,0.2889,0.2766,1,,,,2.45,3.42,3.52,,,,,-0.0996,-2,,,,,1,0,,,,-0.0467,,,,,,,,,,,
spelad,EK,2021/22,2021-09-18,,Wisla Plock,Jagiellonia,3,0,H,,,,,,,,,,,,,,,,,,,,0.4232,0.288,0.2888,1,,,,2.5,3.44,3.42,,,,,-0.149,-2,11,0,0.202,0.0037,0,0,,,,-0.019,,,,,,,,,,,
spelad,EK,2021/22,2021-09-19,,Gornik Zabrze,Warta Poznan,1,0,H,,,,,,,,,,,,,,,,,,,,0.47,0.2984,0.2316,1,,,,2.1,3.38,4.21,,,,,0.1279,0,,,,,0,0,,,,-0.0204,,,,,,,,,,,
spelad,EK,2021/22,2021-09-19,,Legia,Leczna,3,1,H,,,,,,,,,,,,,,,,,,,,0.7392,0.1754,0.0853,1,,,,1.36,5.76,12,,,,,0.0639,2,6,1,-0.1113,-0.2223,-1,0,,,,-0.0412,,,,,,,,,,,
spelad,EK,2021/22,2021-09-19,,Stal Mielec,Rakow,0,3,A,,,,,,,,,,,,,,,,,,,,0.1999,0.2762,0.524,1,,,,4.9,3.65,2.04,,,,,-0.6889,1,,,,,0,0,,,,0.0392,,,,,,,,,,,
spelad,EK,2021/22,2021-09-24,,Jagiellonia,Lech Poznan,1,0,H,,,,,,,,,,,,,,,,,,,,0.2126,0.2677,0.5197,1,,,,4.75,3.88,1.87,,,,,-0.672,-1,21,1,0.8388,0.023,0,0,,,,0.0144,,,,,,,,,,,
spelad,EK,2021/22,2021-09-24,,Leczna,Lechia Gdansk,0,4,A,,,,,,,,,,,,,,,,,,,,0.2478,0.276,0.4762,1,,,,3.95,3.53,2.2,,,,,-0.6514,-1,6,-1.5,-0.2972,-0.1026,1,0,,,,0.0343,,,,,,,,,,,
spelad,EK,2021/22,2021-09-25,,Legia,Rakow,2,3,A,,,,,,,,,,,,,,,,,,,,0.4649,0.2753,0.2598,1,,,,2.25,3.59,3.75,,,,,-0.8208,0,4,2.25,0.6927,-0.0095,0,0,,,,-0.0458,,,,,,,,,,,
spelad,EK,2021/22,2021-09-25,,Stal Mielec,Radomiak Radom,1,0,H,,,,,,,,,,,,,,,,,,,,0.2929,0.2843,0.4228,1,,,,3.4,3.46,2.35,,,,,-0.2206,-1,,,,,-1,0,,,,0.0096,,,,,,,,,,,
spelad,EK,2021/22,2021-09-25,,Warta Poznan,Zaglebie,0,2,A,,,,,,,,,,,,,,,,,,,,0.351,0.2992,0.3498,1,,,,2.8,3.38,2.8,,,,,-0.4651,-2,,,,,0,0,,,,-0.0054,,,,,,,,,,,
spelad,EK,2021/22,2021-09-26,,Slask Wroclaw,Wisla Plock,3,1,H,,,,,,,,,,,,,,,,,,,,0.511,0.2528,0.2362,1,,,,2.2,3.84,4.24,,,,,0.5247,0,12,0,-0.1496,0.0514,0,0,,,,-0.0491,,,,,,,,,,,
spelad,EK,2021/22,2021-09-26,,Termalica B-B.,Gornik Zabrze,3,1,H,,,,,,,,,,,,,,,,,,,,0.306,0.2967,0.3972,1,,,,3.3,3.39,2.47,,,,,-0.9347,2,5,-0.6,-0.2978,0.1245,1,0,,,,0.0103,,,,,,,,,,,
spelad,EK,2021/22,2021-09-26,,Wisla,Pogon Szczecin,0,1,A,,,,,,,,,,,,,,,,,,,,0.3267,0.2855,0.3878,1,,,,3.1,3.58,2.53,,,,,0.0082,1,18,0.6667,0.3559,-0.0577,0,0,,,,-0.0007,,,,,,,,,,,
spelad,EK,2021/22,2021-09-27,,Piast Gliwice,Cracovia,2,4,A,,,,,,,,,,,,,,,,,,,,0.4137,0.3116,0.2746,1,,,,2.4,3.2,3.58,,,,,-0.0231,0,22,0.2727,0.1633,-0.0127,0,0,,,,-0.0301,,,,,,,,,,,
spelad,EK,2021/22,2021-09-29,,Rakow,Radomiak Radom,2,2,D,,,,,,,,,,,,,,,,,,,,0.5375,0.271,0.1915,1,,,,1.81,3.64,5.11,,,,,0.8134,0,,,,,-1,0,,,,-0.0297,,,,,,,,,,,
spelad,EK,2021/22,2021-10-01,,Piast Gliwice,Wisla,1,0,H,,,,,,,,,,,,,,,,,,,,0.3785,0.2861,0.3354,1,,,,2.61,3.5,2.95,,,,,0.0735,-1,15,0,-0.017,0.0567,0,0,,,,-0.0211,,,,,,,,,,,
spelad,EK,2021/22,2021-10-01,,Zaglebie,Jagiellonia,0,1,A,,,,,,,,,,,,,,,,,,,,0.4306,0.2789,0.2905,1,,,,2.34,3.65,3.41,,,,,0.495,-1,16,0.1875,0.2574,-0.214,0,0,,,,-0.0257,,,,,,,,,,,
spelad,EK,2021/22,2021-10-02,,Cracovia,Stal Mielec,3,3,D,,,,,,,,,,,,,,,,,,,,0.5421,0.2615,0.1964,1,,,,1.9,3.71,4.97,,,,,-0.0657,-2,,,,,0,0,,,,-0.0517,,,,,,,,,,,
spelad,EK,2021/22,2021-10-02,,Gornik Zabrze,Wisla Plock,4,2,H,,,,,,,,,,,,,,,,,,,,0.5215,0.256,0.2225,1,,,,2.12,3.79,4.54,,,,,-0.0167,0,11,-0.5455,-0.2559,-0.0082,0,0,,,,-0.0576,,,,,,,,,,,
spelad,EK,2021/22,2021-10-02,,Lech Poznan,Slask Wroclaw,4,0,H,,,,,,,,,,,,,,,,,,,,0.6434,0.2098,0.1468,1,,,,1.58,4.63,6.8,,,,,-0.4109,2,17,0.8824,0.0347,0.0817,0,0,,,,-0.0292,,,,,,,,,,,
spelad,EK,2021/22,2021-10-02,,Radomiak Radom,Termalica B-B.,1,1,D,,,,,,,,,,,,,,,,,,,,0.4522,0.2778,0.2701,1,,,,2.5,3.51,3.93,,,,,0.3951,-3,,,,,0,0,,,,-0.0207,,,,,,,,,,,
spelad,EK,2021/22,2021-10-03,,Lechia Gdansk,Legia,3,1,H,,,,,,,,,,,,,,,,,,,,0.3539,0.2896,0.3565,1,,,,3.05,3.49,2.76,,,,,0.7426,1,21,-1,-0.1471,0.0216,0,0,,,,-0.0181,,,,,,,,,,,
spelad,EK,2021/22,2021-10-03,,Pogon Szczecin,Leczna,4,1,H,,,,,,,,,,,,,,,,,,,,0.7271,0.1778,0.0952,1,,,,1.37,5.5,11,,,,,0.4867,-2,6,-0.5,-0.5689,0.2124,-1,0,,,,-0.0259,,,,,,,,,,,
spelad,EK,2021/22,2021-10-03,,Rakow,Warta Poznan,3,0,H,,,,,,,,,,,,,,,,,,,,0.6132,0.2459,0.1408,1,,,,1.65,4,7.5,,,,,0.8973,-4,,,,,0,0,,,,-0.0428,,,,,,,,,,,
spelad,EK,2021/22,2021-10-16,,Gornik Zabrze,Wisla,0,1,A,,,,,,,,,,,,,,,,,,,,0.5432,0.2487,0.2082,1,,,,2.2,3.92,4.68,,,,,0.6413,-1,19,0,0.0383,-0.0018,0,0,,,,-0.082,,,,,,,,,,,
spelad,EK,2021/22,2021-10-16,,Leczna,Piast Gliwice,1,1,D,,,,,,,,,,,,,,,,,,,,0.2505,0.291,0.4585,1,,,,3.91,3.42,2.15,,,,,-0.2061,-2,8,-0.375,-0.1191,0.0822,0,0,,,,0.0224,,,,,,,,,,,
spelad,EK,2021/22,2021-10-16,,Slask Wroclaw,Rakow,1,2,A,,,,,,,,,,,,,,,,,,,,0.2879,0.2757,0.4364,1,,,,3.4,3.58,2.28,,,,,0.022,1,4,-0.75,-0.063,-0.0249,0,0,,,,0.0157,,,,,,,,,,,
spelad,EK,2021/22,2021-10-16,,Termalica B-B.,Lechia Gdansk,0,2,A,,,,,,,,,,,,,,,,,,,,0.2768,0.267,0.4562,1,,,,3.8,3.65,2.2,,,,,-0.9452,1,8,0.375,0.5784,0.1128,1,0,,,,0.0174,,,,,,,,,,,
spelad,EK,2021/22,2021-10-17,,Cracovia,Warta Poznan,2,0,H,,,,,,,,,,,,,,,,,,,,0.4956,0.29,0.2144,1,,,,2,3.38,4.56,,,,,0.7824,1,,,,,0,0,,,,-0.0334,,,,,,,,,,,
spelad,EK,2021/22,2021-10-17,,Legia,Lech Poznan,0,1,A,,,,,,,,,,,,,,,,,,,,0.3034,0.2676,0.429,1,,,,3.25,3.64,2.43,,,,,-0.7295,-1,23,0.7826,0.2701,-0.1525,0,0,,,,0.0097,,,,,,,,,,,
spelad,EK,2021/22,2021-10-17,,Wisla Plock,Pogon Szczecin,1,0,H,,,,,,,,,,,,,,,,,,,,0.2665,0.3012,0.4323,1,,,,3.75,3.25,2.32,,,,,-0.2104,1,10,-0.6,-0.0323,-0.0854,0,0,,,,0.0118,,,,,,,,,,,
spelad,EK,2021/22,2021-10-18,,Jagiellonia,Radomiak Radom,1,1,D,,,,,,,,,,,,,,,,,,,,0.4322,0.2835,0.2843,1,,,,2.5,3.43,3.47,,,,,0.4207,1,,,,,0,0,,,,-0.0169,,,,,,,,,,,
spelad,EK,2021/22,2021-10-18,,Stal Mielec,Zaglebie,4,2,H,,,,,,,,,,,,,,,,,,,,0.3452,0.2889,0.366,1,,,,2.83,3.42,2.71,,,,,-0.0861,-1,,,,,0,0,,,,-0.0074,,,,,,,,,,,
spelad,EK,2021/22,2021-10-22,,Lech Poznan,Wisla Plock,4,1,H,,,,,,,,,,,,,,,,,,,,0.7222,0.1802,0.0976,1,,,,1.37,5.56,9.91,,,,,0.253,0,11,1.3636,0.3017,-0.0837,0,0,,,,-0.0461,,,,,,,,,,,
spelad,EK,2021/22,2021-10-22,,Radomiak Radom,Leczna,3,1,H,,,,,,,,,,,,,,,,,,,,0.5986,0.24,0.1614,1,,,,1.66,4.05,6.01,,,,,0.0314,-2,,,,,0,0,,,,-0.0476,,,,,,,,,,,
spelad,EK,2021/22,2021-10-23,,Lechia Gdansk,Gornik Zabrze,1,1,D,,,,,,,,,,,,,,,,,,,,0.4572,0.2767,0.2661,1,,,,2.19,3.68,3.66,,,,,0.6423,0,15,1,0.2065,0.2654,0,0,,,,-0.0253,,,,,,,,,,,
spelad,EK,2021/22,2021-10-23,,Pogon Szczecin,Jagiellonia,4,1,H,,,,,,,,,,,,,,,,,,,,0.5772,0.2474,0.1754,1,,,,1.82,3.94,5.7,,,,,0.0331,1,19,-0.4737,-0.2507,0.0295,0,0,,,,-0.0248,,,,,,,,,,,
spelad,EK,2021/22,2021-10-23,,Rakow,Termalica B-B.,3,2,H,,,,,,,,,,,,,,,,,,,,0.6978,0.196,0.1062,1,,,,1.52,5,9.13,,,,,1.1501,0,,,,,0,0,,,,-0.0572,,,,,,,,,,,
spelad,EK,2021/22,2021-10-23,,Wisla,Slask Wroclaw,0,5,A,,,,,,,,,,,,,,,,,,,,0.4541,0.276,0.2699,1,,,,2.35,3.59,3.8,,,,,-0.2751,0,18,-0.3333,-0.154,-0.0575,0,0,,,,-0.0208,,,,,,,,,,,
spelad,EK,2021/22,2021-10-24,,Piast Gliwice,Legia,4,1,H,,,,,,,,,,,,,,,,,,,,0.3053,0.2856,0.4092,1,,,,3.35,3.41,2.4,,,,,0.6782,1,18,-0.6667,0.272,-0.0181,0,0,,,,0.0025,,,,,,,,,,,
spelad,EK,2021/22,2021-10-24,,Warta Poznan,Stal Mielec,0,0,D,,,,,,,,,,,,,,,,,,,,0.4246,0.2903,0.2851,1,,,,2.3,3.41,3.5,,,,,-1.5729,1,,,,,0,0,,,,-0.0026,,,,,,,,,,,
spelad,EK,2021/22,2021-10-24,,Zaglebie,Cracovia,1,1,D,,,,,,,,,,,,,,,,,,,,0.3616,0.3088,0.3297,1,,,,2.73,3.21,2.97,,,,,-0.3287,-1,17,-0.5294,-0.3663,0.068,0,0,,,,-0.0141,,,,,,,,,,,
spelad,EK,2021/22,2021-10-29,,Cracovia,Radomiak Radom,1,2,A,,,,,,,,,,,,,,,,,,,,0.406,0.3133,0.2808,1,,,,2.42,3.24,3.6,,,,,0.841,-2,,,,,0,0,,,,-0.0027,,,,,,,,,,,
spelad,EK,2021/22,2021-10-29,,Stal Mielec,Lech Poznan,0,0,D,,,,,,,,,,,,,,,,,,,,0.1251,0.2053,0.6696,1,,,,8,4.88,1.5,,,,,0.2309,-2,,,,,0,0,,,,0.0215,,,,,,,,,,,
spelad,EK,2021/22,2021-10-30,,Gornik Zabrze,Zaglebie,0,0,D,,,,,,,,,,,,,,,,,,,,0.5359,0.2481,0.216,1,,,,1.95,3.91,4.75,,,,,0.0611,1,13,0,0.1205,-0.0462,0,0,,,,-0.0534,,,,,,,,,,,
spelad,EK,2021/22,2021-10-30,,Jagiellonia,Piast Gliwice,3,3,D,,,,,,,,,,,,,,,,,,,,0.3908,0.287,0.3222,1,,,,2.52,3.42,3.3,,,,,0.0102,1,19,-0.1579,-0.0168,-0.1699,0,0,,,,0.0057,,,,,,,,,,,
spelad,EK,2021/22,2021-10-30,,Termalica B-B.,Slask Wroclaw,4,3,H,,,,,,,,,,,,,,,,,,,,0.2714,0.2745,0.4541,1,,,,3.58,3.66,2.19,,,,,-1.0302,0,8,-0.75,-0.2637,-0.0316,0,0,,,,0.0331,,,,,,,,,,,
spelad,EK,2021/22,2021-10-30,,Warta Poznan,Lechia Gdansk,0,2,A,,,,,,,,,,,,,,,,,,,,0.2812,0.2804,0.4383,1,,,,3.9,3.48,2.23,,,,,-1.2943,-1,,,,,0,0,,,,-0.0065,,,,,,,,,,,
spelad,EK,2021/22,2021-10-31,,Leczna,Rakow,0,0,D,,,,,,,,,,,,,,,,,,,,0.1324,0.2297,0.6378,1,,,,7.32,4.41,1.52,,,,,-0.9179,1,,,,,0,0,,,,0.0225,,,,,,,,,,,
spelad,EK,2021/22,2021-10-31,,Legia,Pogon Szczecin,0,2,A,,,,,,,,,,,,,,,,,,,,0.4107,0.2897,0.2995,1,,,,2.42,3.36,3.32,,,,,-1,-1,21,0.8571,-0.0179,-0.1056,0,0,,,,0.0026,,,,,,,,,,,
spelad,EK,2021/22,2021-10-31,,Wisla Plock,Wisla,2,0,H,,,,,,,,,,,,,,,,,,,,0.4384,0.2711,0.2905,1,,,,2.27,3.63,3.4,,,,,0.1124,1,13,-0.4615,-0.1264,-0.0435,0,0,,,,-0.0194,,,,,,,,,,,
spelad,EK,2021/22,2021-11-05,,Slask Wroclaw,Jagiellonia,2,2,D,,,,,,,,,,,,,,,,,,,,0.4696,0.2738,0.2565,1,,,,2.09,3.68,3.79,,,,,0.442,0,19,0.3158,0.2692,-0.1255,0,0,,,,-0.0198,,,,,,,,,,,
spelad,EK,2021/22,2021-11-05,,Wisla Plock,Termalica B-B.,1,1,D,,,,,,,,,,,,,,,,,,,,0.528,0.257,0.2149,1,,,,1.91,3.81,4.52,,,,,0.1453,-1,4,2.25,1.0752,-0.049,0,0,,,,-0.0517,,,,,,,,,,,
spelad,EK,2021/22,2021-11-06,,Lechia Gdansk,Zaglebie,2,1,H,,,,,,,,,,,,,,,,,,,,0.5764,0.2345,0.1891,1,,,,1.75,4.13,5.26,,,,,0.7094,0,15,0.8,0.3139,0.0519,0,0,,,,-0.0322,,,,,,,,,,,
spelad,EK,2021/22,2021-11-06,,Leczna,Lech Poznan,1,1,D,,,,,,,,,,,,,,,,,,,,0.0751,0.161,0.7639,1,,,,13.44,6.16,1.3,,,,,-0.1337,-2,6,-2,-0.455,0.0917,0,0,,,,0.0314,,,,,,,,,,,
spelad,EK,2021/22,2021-11-06,,Piast Gliwice,Warta Poznan,0,1,A,,,,,,,,,,,,,,,,,,,,0.5482,0.2673,0.1845,1,,,,1.78,3.74,5.5,,,,,0.7775,0,,,,,0,0,,,,-0.007,,,,,,,,,,,
spelad,EK,2021/22,2021-11-06,,Radomiak Radom,Gornik Zabrze,1,0,H,,,,,,,,,,,,,,,,,,,,0.399,0.2968,0.3042,1,,,,2.45,3.47,3.21,,,,,0.3971,1,,,,,0,0,,,,0.0027,,,,,,,,,,,
spelad,EK,2021/22,2021-11-07,,Legia,Stal Mielec,1,3,A,,,,,,,,,,,,,,,,,,,,0.7292,0.176,0.0948,1,,,,1.4,6,10.23,,,,,-1.7927,-2,,,,,0,0,,,,-0.0725,,,,,,,,,,,
spelad,EK,2021/22,2021-11-07,,Rakow,Pogon Szczecin,0,0,D,,,,,,,,,,,,,,,,,,,,0.4523,0.2877,0.26,1,,,,2.3,3.38,3.94,,,,,0.2058,0,4,0.75,0.3515,-0.0274,0,0,,,,-0.0368,,,,,,,,,,,
spelad,EK,2021/22,2021-11-07,,Wisla,Cracovia,1,0,H,,,,,,,,,,,,,,,,,,,,0.3716,0.2915,0.3369,1,,,,2.77,3.4,2.94,,,,,-0.5594,-2,15,0.6,0.2593,-0.0162,0,0,,,,-0.024,,,,,,,,,,,
spelad,EK,2021/22,2021-11-20,,Jagiellonia,Wisla,3,1,H,,,,,,,,,,,,,,,,,,,,0.4009,0.2744,0.3247,1,,,,2.5,3.59,3.04,,,,,0.3658,2,19,0.1579,0.0193,-0.0645,0,0,,,,-0.0262,,,,,,,,,,,
spelad,EK,2021/22,2021-11-20,,Lech Poznan,Piast Gliwice,1,0,H,,,,,,,,,,,,,,,,,,,,0.6791,0.2093,0.1116,1,,,,1.43,5,9.56,,,,,0.3616,0,18,0.5,-0.0689,0.0185,0,0,,,,-0.0068,,,,,,,,,,,
spelad,EK,2021/22,2021-11-20,,Stal Mielec,Lechia Gdansk,3,3,D,,,,,,,,,,,,,,,,,,,,0.2959,0.279,0.4251,1,,,,3.4,3.55,2.34,,,,,-0.2036,-1,,,,,0,0,,,,0.004,,,,,,,,,,,
spelad,EK,2021/22,2021-11-20,,Warta Poznan,Wisla Plock,1,2,A,,,,,,,,,,,,,,,,,,,,0.3632,0.309,0.3278,1,,,,2.69,3.26,3,,,,,-0.4908,-1,,,,,0,0,,,,0.005,,,,,,,,,,,
spelad,EK,2021/22,2021-11-21,,Gornik Zabrze,Legia,3,2,H,,,,,,,,,,,,,,,,,,,,0.3487,0.2948,0.3564,1,,,,3.05,3.44,2.73,,,,,0.9214,1,16,-1.5,-0.05,-0.104,0,0,,,,-0.0226,,,,,,,,,,,
spelad,EK,2021/22,2021-11-21,,Pogon Szczecin,Slask Wroclaw,2,1,H,,,,,,,,,,,,,,,,,,,,0.5803,0.2485,0.1712,1,,,,1.83,3.91,5.8,,,,,0.1509,-2,18,-0.1667,-0.1601,0.2166,0,0,,,,-0.0357,,,,,,,,,,,
spelad,EK,2021/22,2021-11-21,,Termalica B-B.,Leczna,1,1,D,,,,,,,,,,,,,,,,,,,,0.5701,0.2517,0.1782,1,,,,1.74,3.92,5.5,,,,,0.0887,1,5,0,-0.1001,-0.096,0,0,,,,-0.0287,,,,,,,,,,,
spelad,EK,2021/22,2021-11-22,,Cracovia,Rakow,1,0,H,,,,,,,,,,,,,,,,,,,,0.2901,0.2761,0.4338,1,,,,3.4,3.52,2.3,,,,,-0.5916,0,4,1.5,0.7128,0.2127,0,0,,,,0.0202,,,,,,,,,,,
spelad,EK,2021/22,2021-11-22,,Zaglebie,Radomiak Radom,0,2,A,,,,,,,,,,,,,,,,,,,,0.3568,0.2916,0.3516,1,,,,2.73,3.36,2.84,,,,,-0.0808,0,,,,,0,0,,,,0.0023,,,,,,,,,,,
spelad,EK,2021/22,2021-11-26,,Piast Gliwice,Termalica B-B.,2,1,H,,,,,,,,,,,,,,,,,,,,0.4865,0.2733,0.2402,1,,,,2.04,3.64,4.2,,,,,-0.3509,1,7,0.8571,0.4069,-0.1443,0,0,,,,-0.0173,,,,,,,,,,,
spelad,EK,2021/22,2021-11-26,,Wisla,Radomiak Radom,0,1,A,,,,,,,,,,,,,,,,,,,,0.4052,0.277,0.3178,1,,,,2.45,3.61,3.1,,,,,-0.9183,2,,,,,0,0,,,,-0.0261,,,,,,,,,,,
spelad,EK,2021/22,2021-11-27,,Leczna,Gornik Zabrze,1,2,A,,,,,,,,,,,,,,,,,,,,0.2201,0.2576,0.5223,1,,,,4.91,3.92,1.95,,,,,-0.013,0,5,-0.6,-0.3732,0.1079,0,0,,,,0.0104,,,,,,,,,,,
spelad,EK,2021/22,2021-11-27,,Pogon Szczecin,Lechia Gdansk,5,1,H,,,,,,,,,,,,,,,,,,,,0.57,0.2478,0.1821,1,,,,1.8,3.91,5.32,,,,,-0.4322,-1,22,-0.1364,0.0683,-0.0536,0,0,,,,-0.0406,,,,,,,,,,,
spelad,EK,2021/22,2021-11-27,,Rakow,Zaglebie,4,0,H,,,,,,,,,,,,,,,,,,,,0.6053,0.2322,0.1625,1,,,,1.61,4.25,6.01,,,,,0.4016,0,5,1.2,0.4662,-0.0616,0,0,,,,-0.0275,,,,,,,,,,,
spelad,EK,2021/22,2021-11-27,,Slask Wroclaw,Stal Mielec,2,1,H,,,,,,,,,,,,,,,,,,,,0.5846,0.2373,0.1781,1,,,,1.73,4.1,5.62,,,,,-0.9117,-1,,,,,0,0,,,,-0.0382,,,,,,,,,,,
spelad,EK,2021/22,2021-11-28,,Lech Poznan,Warta Poznan,2,0,H,,,,,,,,,,,,,,,,,,,,0.7332,0.184,0.0828,1,,,,1.34,6,12,,,,,0.6235,0,,,,,0,0,,,,-0.0355,,,,,,,,,,,
spelad,EK,2021/22,2021-11-28,,Legia,Jagiellonia,1,0,H,,,,,,,,,,,,,,,,,,,,0.5167,0.2721,0.2112,1,,,,1.88,3.88,4.65,,,,,-1.6024,-1,20,0,-0.533,0.1466,0,0,,,,-0.0085,,,,,,,,,,,
spelad,EK,2021/22,2021-11-28,,Wisla Plock,Cracovia,2,1,H,,,,,,,,,,,,,,,,,,,,0.4019,0.3068,0.2912,1,,,,2.45,3.28,3.36,,,,,0.273,2,11,-0.5455,-0.1708,-0.0179,0,0,,,,-0.0103,,,,,,,,,,,
spelad,EK,2021/22,2021-12-03,,Gornik Zabrze,Slask Wroclaw,3,1,H,,,,,,,,,,,,,,,,,,,,0.4807,0.2728,0.2465,1,,,,2.05,3.65,3.94,,,,,-0.0949,0,16,0.375,0.176,0.345,0,0,,,,-0.024,,,,,,,,,,,
spelad,EK,2021/22,2021-12-03,,Stal Mielec,Wisla Plock,2,1,H,,,,,,,,,,,,,,,,,,,,0.3553,0.2932,0.3515,1,,,,2.78,3.4,2.8,,,,,0.2785,1,,,,,0,0,,,,0.0032,,,,,,,,,,,
spelad,EK,2021/22,2021-12-04,,Jagiellonia,Leczna,1,2,A,,,,,,,,,,,,,,,,,,,,0.6097,0.2364,0.1539,1,,,,1.6,4.2,6.8,,,,,0.584,-1,7,1.7143,0.7337,-0.1403,0,0,,,,-0.0101,,,,,,,,,,,
spelad,EK,2021/22,2021-12-04,,Lechia Gdansk,Rakow,3,1,H,,,,,,,,,,,,,,,,,,,,0.295,0.2959,0.4091,1,,,,3.31,3.42,2.4,,,,,0.6262,0,4,-1.5,-0.5777,-0.2778,0,0,,,,0.0123,,,,,,,,,,,
spelad,EK,2021/22,2021-12-04,,Termalica B-B.,Pogon Szczecin,1,3,A,,,,,,,,,,,,,,,,,,,,0.1639,0.2514,0.5846,1,,,,6.2,4.13,1.7,,,,,-0.6591,1,8,-0.375,0.0511,0.0935,0,0,,,,0.0112,,,,,,,,,,,
spelad,EK,2021/22,2021-12-05,,Cracovia,Legia,1,0,H,,,,,,,,,,,,,,,,,,,,0.3011,0.292,0.4069,1,,,,3.23,3.46,2.5,,,,,1.1917,0,18,-2.1667,-0.4563,-0.077,0,0,,,,0.0576,,,,,,,,,,,
spelad,EK,2021/22,2021-12-05,,Zaglebie,Lech Poznan,2,3,A,,,,,,,,,,,,,,,,,,,,0.1315,0.2035,0.6649,1,,,,8.2,4.77,1.52,,,,,-0.5393,1,15,0.8,0.6031,0.0621,0,0,,,,0.0129,,,,,,,,,,,
spelad,EK,2021/22,2021-12-06,,Warta Poznan,Wisla,1,1,D,,,,,,,,,,,,,,,,,,,,0.3268,0.3072,0.3661,1,,,,2.98,3.25,2.9,,,,,0.0082,-2,,,,,0,0,,,,0.0359,,,,,,,,,,,
spelad,EK,2021/22,2021-12-10,,Rakow,Piast Gliwice,1,0,H,,,,,,,,,,,,,,,,,,,,0.5397,0.2721,0.1883,1,,,,1.8,3.95,5.4,,,,,-0.0765,-7,5,1.2,0.6023,-0.0964,0,0,,,,-0.0042,,,,,,,,,,,
spelad,EK,2021/22,2021-12-10,,Stal Mielec,Termalica B-B.,1,0,H,,,,,,,,,,,,,,,,,,,,0.3674,0.2898,0.3428,1,,,,2.65,3.46,2.95,,,,,0.9663,1,,,,,0,0,,,,0.0201,,,,,,,,,,,
spelad,EK,2021/22,2021-12-11,,Lechia Gdansk,Jagiellonia,1,2,A,,,,,,,,,,,,,,,,,,,,0.4833,0.2604,0.2563,1,,,,2.26,3.73,3.79,,,,,0.8414,0,19,0.6316,0.2167,-0.0129,0,0,,,,-0.0831,,,,,,,,,,,
spelad,EK,2021/22,2021-12-11,,Radomiak Radom,Lech Poznan,2,1,H,,,,,,,,,,,,,,,,,,,,0.216,0.2558,0.5282,1,,,,4.5,3.8,1.9,,,,,0.5823,7,,,,,0,0,,,,0.0287,,,,,,,,,,,
spelad,EK,2021/22,2021-12-11,,Zaglebie,Wisla,2,1,H,,,,,,,,,,,,,,,,,,,,0.3642,0.2701,0.3656,1,,,,2.75,3.66,2.78,,,,,-0.4037,1,16,0,0.0848,-0.1497,0,0,,,,-0.0071,,,,,,,,,,,
spelad,EK,2021/22,2021-12-12,,Cracovia,Leczna,0,2,A,,,,,,,,,,,,,,,,,,,,0.5787,0.2486,0.1727,1,,,,1.69,3.92,5.75,,,,,-0.209,-1,9,-0.3333,-0.3962,0.1569,0,0,,,,-0.0221,,,,,,,,,,,
spelad,EK,2021/22,2021-12-12,,Gornik Zabrze,Pogon Szczecin,2,2,D,,,,,,,,,,,,,,,,,,,,0.2995,0.2915,0.409,1,,,,3.3,3.47,2.39,,,,,-0.4468,1,16,0,0.0109,0.2116,0,0,,,,0.0107,,,,,,,,,,,
spelad,EK,2021/22,2021-12-12,,Wisla Plock,Legia,1,0,H,,,,,,,,,,,,,,,,,,,,0.3203,0.2933,0.3864,1,,,,3.04,3.47,2.6,,,,,1.5697,2,12,-1.25,-0.0235,-0.1671,0,0,,,,0.0075,,,,,,,,,,,
spelad,EK,2021/22,2021-12-13,,Warta Poznan,Slask Wroclaw,2,1,H,,,,,,,,,,,,,,,,,,,,0.3566,0.3111,0.3323,1,,,,2.75,3.36,2.98,,,,,-0.0336,-3,3,-2,-0.9352,0.0384,0,0,,,,0.0012,,,,,,,,,,,
spelad,EK,2021/22,2021-12-14,,Radomiak Radom,Piast Gliwice,2,2,D,,,,,,,,,,,,,,,,,,,,0.4071,0.318,0.2749,1,,,,2.39,3.29,3.75,,,,,1.079,-1,,,,,0,0,,,,0.0003,,,,,,,,,,,
spelad,EK,2021/22,2021-12-15,,Legia,Zaglebie,4,0,H,,,,,,,,,,,,,,,,,,,,0.558,0.249,0.193,1,,,,1.75,4.12,5.08,,,,,-0.7759,-1,16,0.75,-0.0362,-0.133,0,0,,,,-0.0251,,,,,,,,,,,
spelad,EK,2021/22,2021-12-15,,Rakow,Gornik Zabrze,1,2,A,,,,,,,,,,,,,,,,,,,,0.5244,0.2615,0.2141,1,,,,1.95,3.74,4.57,,,,,-0.0766,2,5,0,-0.0548,-0.0729,0,0,,,,-0.0348,,,,,,,,,,,
spelad,EK,2021/22,2021-12-17,,Wisla,Termalica B-B.,3,0,H,,,,,,,,,,,,,,,,,,,,0.54,0.243,0.217,1,,,,1.95,4,4.48,,,,,0.0058,-1,9,1,0.119,0.176,0,0,,,,-0.0764,,,,,,,,,,,
spelad,EK,2021/22,2021-12-17,,Wisla Plock,Lechia Gdansk,1,0,H,,,,,,,,,,,,,,,,,,,,0.33,0.2822,0.3878,1,,,,3,3.58,2.51,,,,,0.4594,-1,11,-1.0909,-0.1791,-0.1851,0,0,,,,-0.0025,,,,,,,,,,,
spelad,EK,2021/22,2021-12-18,,Piast Gliwice,Stal Mielec,1,1,D,,,,,,,,,,,,,,,,,,,,0.591,0.2324,0.1766,1,,,,1.75,4.18,5.79,,,,,-1.0112,-4,3,1,0.2883,-0.2787,0,0,,,,-0.0554,,,,,,,,,,,
spelad,EK,2021/22,2021-12-18,,Pogon Szczecin,Warta Poznan,1,1,D,,,,,,,,,,,,,,,,,,,,0.6793,0.2076,0.1131,1,,,,1.49,4.75,9,,,,,0.5797,1,3,1,-0.0057,0.3595,0,0,,,,-0.0448,,,,,,,,,,,
spelad,EK,2021/22,2021-12-18,,Rakow,Jagiellonia,5,0,H,,,,,,,,,,,,,,,,,,,,0.6145,0.2207,0.1648,1,,,,1.68,4.4,6,,,,,-0.3272,-4,5,1.2,0.4495,-0.0558,0,0,,,,-0.0426,,,,,,,,,,,
spelad,EK,2021/22,2021-12-18,,Slask Wroclaw,Cracovia,0,2,A,,,,,,,,,,,,,,,,,,,,0.4402,0.2904,0.2695,1,,,,2.25,3.44,3.61,,,,,-0.2754,-1,20,0.9,0.4234,0.013,0,0,,,,-0.0196,,,,,,,,,,,
spelad,EK,2021/22,2021-12-19,,Lech Poznan,Gornik Zabrze,2,1,H,,,,,,,,,,,,,,,,,,,,0.6606,0.2093,0.1302,1,,,,1.55,4.79,7.51,,,,,-0.5153,4,17,1.0588,0.0162,0.0401,0,0,,,,-0.0486,,,,,,,,,,,
spelad,EK,2021/22,2021-12-19,,Leczna,Zaglebie,2,1,H,,,,,,,,,,,,,,,,,,,,0.3716,0.2855,0.3428,1,,,,2.7,3.52,2.86,,,,,0.8767,3,6,-2,-0.7904,0.063,0,0,,,,-0.0147,,,,,,,,,,,
spelad,EK,2021/22,2021-12-19,,Legia,Radomiak Radom,0,3,A,,,,,,,,,,,,,,,,,,,,0.454,0.2917,0.2543,1,,,,2.16,3.45,3.98,,,,,-2.0789,-1,,,,,0,0,,,,-0.0147,,,,,,,,,,,
spelad,EK,2021/22,2022-02-04,,Termalica B-B.,Jagiellonia,2,1,H,,,,,,,,,,,,,,,,,,,,0.3774,0.2881,0.3346,1,,,,2.58,3.46,3.1,,,,,-0.2435,,9,-1,-0.1906,-0.0521,0,0,,,,0.0189,,,,,,,,,,,
spelad,EK,2021/22,2022-02-04,,Zaglebie,Legia,1,3,A,,,,,,,,,,,,,,,,,,,,0.3102,0.3092,0.3805,1,,,,3.3,3.32,2.56,,,,,0.4664,,17,-0.8824,0.1105,-0.1398,0,0,,,,-0.0087,,,,,,,,,,,
spelad,EK,2021/22,2022-02-05,,Lechia Gdansk,Slask Wroclaw,2,0,H,,,,,,,,,,,,,,,,,,,,0.525,0.2639,0.2111,1,,,,1.9,3.8,4.67,,,,,0.3996,,19,0,-0.0937,0.0858,0,0,,,,-0.0142,,,,,,,,,,,
spelad,EK,2021/22,2022-02-05,,Piast Gliwice,Pogon Szczecin,0,2,A,,,,,,,,,,,,,,,,,,,,0.2718,0.331,0.3972,1,,,,3.65,3.11,2.45,,,,,-0.7096,,20,-0.6,-0.316,0.1158,0,0,,,,0.0069,,,,,,,,,,,
spelad,EK,2021/22,2022-02-05,,Stal Mielec,Gornik Zabrze,1,2,A,,,,,,,,,,,,,,,,,,,,0.2746,0.2894,0.436,1,,,,3.54,3.48,2.25,,,,,0.2502,,3,-3,-1.0872,-0.2706,0,0,,,,0.0209,,,,,,,,,,,
spelad,EK,2021/22,2022-02-06,,Cracovia,Lech Poznan,3,3,D,,,,,,,,,,,,,,,,,,,,0.2142,0.2829,0.5028,1,,,,4.6,3.62,1.95,,,,,0.0171,,18,0,0.3131,-0.044,0,0,,,,0.009,,,,,,,,,,,
spelad,EK,2021/22,2022-02-06,,Rakow,Wisla,2,0,H,,,,,,,,,,,,,,,,,,,,0.626,0.2205,0.1535,1,,,,1.6,4.44,6.32,,,,,0.1047,,6,1.5,0.4774,-0.1024,0,0,,,,-0.0254,,,,,,,,,,,
spelad,EK,2021/22,2022-02-06,,Warta Poznan,Leczna,1,1,D,,,,,,,,,,,,,,,,,,,,0.4545,0.3059,0.2396,1,,,,2.2,3.3,4.2,,,,,-0.6561,,,,,,0,0,,,,-0.0128,,,,,,,,,,,
spelad,EK,2021/22,2022-02-07,,Radomiak Radom,Wisla Plock,1,1,D,,,,,,,,,,,,,,,,,,,,0.4839,0.2861,0.23,1,,,,2.1,3.5,4.23,,,,,0.7274,,,,,,0,0,,,,-0.0232,,,,,,,,,,,
spelad,EK,2021/22,2022-02-11,,Cracovia,Lechia Gdansk,2,0,H,,,,,,,,,,,,,,,,,,,,0.3439,0.311,0.3451,1,,,,2.85,3.25,2.85,,,,,-0.1601,-1,19,0.7895,0.6529,-0.1734,0,0,,,,-0.0031,,,,,,,,,,,
spelad,EK,2021/22,2022-02-11,,Leczna,Slask Wroclaw,1,1,D,,,,,,,,,,,,,,,,,,,,0.2794,0.2885,0.4321,1,,,,3.48,3.38,2.4,,,,,1.6617,-1,9,-1.3333,-0.4374,0.0514,0,0,,,,0.0263,,,,,,,,,,,
spelad,EK,2021/22,2022-02-12,,Lech Poznan,Termalica B-B.,5,0,H,,,,,,,,,,,,,,,,,,,,0.756,0.1626,0.0814,1,,,,1.3,6,12,,,,,-0.1245,-2,8,1.875,0.4949,-0.1354,0,0,,,,-0.0468,,,,,,,,,,,
spelad,EK,2021/22,2022-02-12,,Radomiak Radom,Rakow,0,1,A,,,,,,,,,,,,,,,,,,,,0.2679,0.3159,0.4162,1,,,,3.65,3.3,2.35,,,,,1.4025,-1,,,,,0,0,,,,0.0129,,,,,,,,,,,
spelad,EK,2021/22,2022-02-12,,Wisla,Stal Mielec,0,1,A,,,,,,,,,,,,,,,,,,,,0.5231,0.2643,0.2126,1,,,,2.04,3.8,4.65,,,,,-1.0001,-1,3,1,0.4147,-0.2743,0,0,,,,-0.0516,,,,,,,,,,,
spelad,EK,2021/22,2022-02-13,,Legia,Warta Poznan,0,1,A,,,,,,,,,,,,,,,,,,,,0.5602,0.2876,0.1522,1,,,,1.75,3.6,6.37,,,,,-0.6102,2,3,3,0.9296,-0.2319,0,0,,,,-0.0377,,,,,,,,,,,
spelad,EK,2021/22,2022-02-13,,Pogon Szczecin,Zaglebie,2,1,H,,,,,,,,,,,,,,,,,,,,0.6689,0.2189,0.1121,1,,,,1.5,4.5,8.66,,,,,1.2164,-1,15,-0.2,-0.1765,0.1148,0,0,,,,-0.0612,,,,,,,,,,,
spelad,EK,2021/22,2022-02-13,,Wisla Plock,Piast Gliwice,0,2,A,,,,,,,,,,,,,,,,,,,,0.3593,0.3151,0.3256,1,,,,2.71,3.25,2.99,,,,,1.3114,-2,12,-1.25,-0.4866,-0.0341,0,0,,,,-0.0039,,,,,,,,,,,
spelad,EK,2021/22,2022-02-14,,Gornik Zabrze,Jagiellonia,1,2,A,,,,,,,,,,,,,,,,,,,,0.5953,0.2311,0.1736,1,,,,1.73,4.3,5.7,,,,,0.9508,-1,17,0,0.2108,-0.0936,0,0,,,,-0.0314,,,,,,,,,,,
spelad,EK,2021/22,2022-02-18,,Stal Mielec,Pogon Szczecin,0,1,A,,,,,,,,,,,,,,,,,,,,0.1591,0.2605,0.5803,1,,,,6.25,3.75,1.72,,,,,0.3257,1,3,-1,0.1561,-0.2608,0,0,,,,0.0414,,,,,,,,,,,
spelad,EK,2021/22,2022-02-18,,Zaglebie,Wisla Plock,3,1,H,,,,,,,,,,,,,,,,,,,,0.4195,0.2846,0.2958,1,,,,2.64,3.42,3.35,,,,,-1.0114,0,14,-0.6429,-0.3544,-0.0661,0,0,,,,-0.0166,,,,,,,,,,,
spelad,EK,2021/22,2022-02-19,,Jagiellonia,Cracovia,0,0,D,,,,,,,,,,,,,,,,,,,,0.3247,0.3063,0.369,1,,,,3,3.45,2.75,,,,,-0.263,-3,19,0.7895,0.4257,0.0324,0,0,,,,0.0115,,,,,,,,,,,
spelad,EK,2021/22,2022-02-19,,Slask Wroclaw,Piast Gliwice,1,3,A,,,,,,,,,,,,,,,,,,,,0.35,0.3109,0.3391,1,,,,2.9,3.33,2.9,,,,,-0.4046,2,19,-0.3158,-0.1375,-0.0199,0,0,,,,-0.0054,,,,,,,,,,,
spelad,EK,2021/22,2022-02-19,,Termalica B-B.,Legia,0,0,D,,,,,,,,,,,,,,,,,,,,0.2255,0.2884,0.486,1,,,,4.35,3.63,2,,,,,0.0634,1,7,0.4286,0.9174,0.0722,0,0,,,,0.0374,,,,,,,,,,,
spelad,EK,2021/22,2022-02-20,,Gornik Zabrze,Rakow,1,1,D,,,,,,,,,,,,,,,,,,,,0.2966,0.2804,0.423,1,,,,3.28,3.57,2.58,,,,,0.5516,-2,6,0.5,0.4557,-0.1043,0,0,,,,0.0654,,,,,,,,,,,
spelad,EK,2021/22,2022-02-20,,Lechia Gdansk,Lech Poznan,1,0,H,,,,,,,,,,,,,,,,,,,,0.2383,0.2827,0.479,1,,,,4.12,3.84,2.03,,,,,-0.1625,1,22,-1.2273,-0.2731,-0.1308,0,0,,,,0.0176,,,,,,,,,,,
spelad,EK,2021/22,2022-02-20,,Warta Poznan,Radomiak Radom,3,1,H,,,,,,,,,,,,,,,,,,,,0.3577,0.3222,0.3201,1,,,,2.9,3.31,3.06,,,,,-0.3568,-1,,,,,0,0,,,,-0.0174,,,,,,,,,,,
spelad,EK,2021/22,2022-02-21,,Wisla,Leczna,0,0,D,,,,,,,,,,,,,,,,,,,,0.486,0.2769,0.2371,1,,,,2.01,3.8,4.5,,,,,-1.2738,-1,8,0.75,0.1611,-0.0371,0,0,,,,0.0058,,,,,,,,,,,
spelad,EK,2021/22,2022-02-25,,Legia,Wisla,2,1,H,,,,,,,,,,,,,,,,,,,,0.5251,0.259,0.2159,1,,,,1.91,3.75,4.55,,,,,0.387,2,20,1.05,-0.0419,0.1045,0,0,,,,-0.0214,,,,,,,,,,,
spelad,EK,2021/22,2022-02-25,,Rakow,Wisla Plock,2,0,H,,,,,,,,,,,,,,,,,,,,0.7165,0.173,0.1104,1,,,,1.45,5.68,10,,,,,-0.1692,-2,6,1,0.1141,0.0619,0,0,,,,-0.0067,,,,,,,,,,,
spelad,EK,2021/22,2022-02-26,,Leczna,Stal Mielec,2,0,H,,,,,,,,,,,,,,,,,,,,0.4193,0.3012,0.2795,1,,,,2.4,3.25,3.48,,,,,0.312,-3,,,,,0,0,,,,-0.0296,,,,,,,,,,,
spelad,EK,2021/22,2022-02-26,,Piast Gliwice,Gornik Zabrze,0,0,D,,,,,,,,,,,,,,,,,,,,0.3956,0.313,0.2914,1,,,,2.5,3.18,3.35,,,,,-0.2513,1,13,0.9231,0.4284,-0.0529,0,0,,,,-0.0106,,,,,,,,,,,
spelad,EK,2021/22,2022-02-26,,Pogon Szczecin,Lech Poznan,0,3,A,,,,,,,,,,,,,,,,,,,,0.3354,0.2948,0.3698,1,,,,3,3.34,2.78,,,,,0.6669,2,21,-0.7143,-0.038,0.1201,0,0,,,,-0.0068,,,,,,,,,,,
spelad,EK,2021/22,2022-02-27,,Jagiellonia,Warta Poznan,1,1,D,,,,,,,,,,,,,,,,,,,,0.3835,0.3204,0.2961,1,,,,2.55,3.24,3.37,,,,,-0.3327,1,3,0,0.004,0.0446,0,0,,,,0.0081,,,,,,,,,,,
spelad,EK,2021/22,2022-02-27,,Radomiak Radom,Lechia Gdansk,2,0,H,,,,,,,,,,,,,,,,,,,,0.3878,0.2888,0.3234,1,,,,2.6,3.37,3.01,,,,,0.5817,0,,,,,0,0,,,,-0.0198,,,,,,,,,,,
spelad,EK,2021/22,2022-02-27,,Slask Wroclaw,Zaglebie,0,0,D,,,,,,,,,,,,,,,,,,,,0.434,0.2826,0.2834,1,,,,2.27,3.58,3.6,,,,,-0.5458,-1,16,-0.1875,-0.0509,0.0266,0,0,,,,0.0241,,,,,,,,,,,
spelad,EK,2021/22,2022-02-28,,Cracovia,Termalica B-B.,1,2,A,,,,,,,,,,,,,,,,,,,,0.5167,0.2783,0.2049,1,,,,1.88,3.66,5,,,,,0.927,0,8,-0.75,-0.5329,-0.0375,0,0,,,,-0.0121,,,,,,,,,,,
spelad,EK,2021/22,2022-03-04,,Pogon Szczecin,Radomiak Radom,4,0,H,,,,,,,,,,,,,,,,,,,,0.516,0.2845,0.1996,1,,,,1.95,3.5,4.86,,,,,-0.1822,1,,,,,0,0,,,,-0.044,,,,,,,,,,,
spelad,EK,2021/22,2022-03-04,,Stal Mielec,Jagiellonia,1,1,D,,,,,,,,,,,,,,,,,,,,0.3635,0.3063,0.3302,1,,,,2.8,3.34,2.95,,,,,0.4166,1,3,1,0.462,0.403,0,0,,,,-0.0116,,,,,,,,,,,
spelad,EK,2021/22,2022-03-05,,Lechia Gdansk,Wisla,1,1,D,,,,,,,,,,,,,,,,,,,,0.5158,0.2614,0.2229,1,,,,1.88,3.95,4.75,,,,,0.5889,-2,18,0.8333,0.199,0.1147,0,0,,,,0.031,,,,,,,,,,,
spelad,EK,2021/22,2022-03-05,,Termalica B-B.,Warta Poznan,1,0,H,,,,,,,,,,,,,,,,,,,,0.3203,0.3151,0.3646,1,,,,3.04,3.2,2.72,,,,,-0.6212,-1,,,,,0,0,,,,0.0143,,,,,,,,,,,
spelad,EK,2021/22,2022-03-05,,Zaglebie,Piast Gliwice,0,0,D,,,,,,,,,,,,,,,,,,,,0.3366,0.2921,0.3713,1,,,,2.91,3.33,2.65,,,,,-0.3238,-1,17,-0.1765,-0.1055,0.0753,0,0,,,,0.0076,,,,,,,,,,,
spelad,EK,2021/22,2022-03-06,,Gornik Zabrze,Cracovia,3,0,H,,,,,,,,,,,,,,,,,,,,0.4141,0.3109,0.2749,1,,,,2.35,3.4,3.6,,,,,0.1986,2,14,-0.8571,-0.3597,0.0027,0,0,,,,-0.0006,,,,,,,,,,,
spelad,EK,2021/22,2022-03-06,,Lech Poznan,Rakow,0,1,A,,,,,,,,,,,,,,,,,,,,0.5087,0.2768,0.2145,1,,,,1.91,3.58,4.53,,,,,-0.1389,-1,5,0.6,0.082,0.1199,0,0,,,,-0.0314,,,,,,,,,,,
spelad,EK,2021/22,2022-03-06,,Wisla Plock,Leczna,3,1,H,,,,,,,,,,,,,,,,,,,,0.5191,0.2766,0.2044,1,,,,1.98,3.6,4.98,,,,,-0.7438,1,4,0,0.0189,-0.2812,0,0,,,,-0.0176,,,,,,,,,,,
spelad,EK,2021/22,2022-03-07,,Legia,Slask Wroclaw,1,0,H,,,,,,,,,,,,,,,,,,,,0.5199,0.2762,0.2038,1,,,,1.9,3.52,4.77,,,,,0.351,2,18,1.6667,0.3482,-0.0276,0,0,,,,-0.0257,,,,,,,,,,,
spelad,EK,2021/22,2022-03-11,,Leczna,Legia,0,1,A,,,,,,,,,,,,,,,,,,,,0.1742,0.2616,0.5642,1,,,,5.9,3.71,1.82,,,,,0.9265,1,7,-1.2857,0.2243,-0.2156,0,0,,,,0.0319,,,,,,,,,,,
spelad,EK,2021/22,2022-03-11,,Termalica B-B.,Zaglebie,0,2,A,,,,,,,,,,,,,,,,,,,,0.339,0.3059,0.3551,1,,,,2.88,3.27,2.74,,,,,0.4202,0,7,-1.7143,-0.5597,-0.1429,0,0,,,,-0.0082,,,,,,,,,,,
spelad,EK,2021/22,2022-03-12,,Cracovia,Pogon Szczecin,1,1,D,,,,,,,,,,,,,,,,,,,,0.2607,0.3147,0.4246,1,,,,3.9,3.3,2.29,,,,,-0.284,-2,19,0,0.0436,-0.0228,0,0,,,,0.0033,,,,,,,,,,,
spelad,EK,2021/22,2022-03-12,,Piast Gliwice,Lechia Gdansk,1,0,H,,,,,,,,,,,,,,,,,,,,0.4423,0.2896,0.2681,1,,,,2.27,3.4,3.63,,,,,0.1162,0,20,-1.05,-0.307,-0.1311,0,0,,,,-0.0186,,,,,,,,,,,
spelad,EK,2021/22,2022-03-12,,Warta Poznan,Gornik Zabrze,2,1,H,,,,,,,,,,,,,,,,,,,,0.3424,0.3199,0.3377,1,,,,2.95,3.11,2.96,,,,,0.1971,1,3,-1,-0.0729,-0.3011,0,0,,,,-0.002,,,,,,,,,,,
spelad,EK,2021/22,2022-03-13,,Jagiellonia,Wisla Plock,0,1,A,,,,,,,,,,,,,,,,,,,,0.4427,0.2815,0.2759,1,,,,2.23,3.48,3.56,,,,,-0.1436,2,12,-0.25,-0.2847,-0.0206,0,0,,,,-0.0216,,,,,,,,,,,
spelad,EK,2021/22,2022-03-13,,Slask Wroclaw,Radomiak Radom,0,0,D,,,,,,,,,,,,,,,,,,,,0.4158,0.307,0.2772,1,,,,2.37,3.31,3.59,,,,,-1.1592,-3,,,,,0,0,,,,-0.011,,,,,,,,,,,
spelad,EK,2021/22,2022-03-13,,Wisla,Lech Poznan,1,1,D,,,,,,,,,,,,,,,,,,,,0.1339,0.2294,0.6368,1,,,,7.42,4.37,1.53,,,,,-0.2929,1,19,-0.7895,0.0275,0.0601,0,0,,,,0.0086,,,,,,,,,,,
spelad,EK,2021/22,2022-03-14,,Rakow,Stal Mielec,2,1,H,,,,,,,,,,,,,,,,,,,,0.7358,0.1759,0.0883,1,,,,1.34,5.54,11.05,,,,,0.3198,-2,3,3,1.0747,-0.2424,0,0,,,,-0.0487,,,,,,,,,,,
spelad,EK,2021/22,2022-03-15,,Legia,Termalica B-B.,4,1,H,,,,,,,,,,,,,,,,,,,,0.6346,0.2318,0.1336,1,,,,1.56,4.27,7.41,,,,,0.0162,0,8,-0.375,-0.9592,0.1521,0,0,,,,-0.0485,,,,,,,,,,,
spelad,EK,2021/22,2022-03-18,,Pogon Szczecin,Wisla,4,1,H,,,,,,,,,,,,,,,,,,,,0.6261,0.2278,0.1461,1,,,,1.6,4.26,6.67,,,,,0.5889,1,18,-0.3333,-0.1572,-0.0571,0,0,,,,-0.0396,,,,,,,,,,,
spelad,EK,2021/22,2022-03-18,,Zaglebie,Warta Poznan,0,4,A,,,,,,,,,,,,,,,,,,,,0.3848,0.3245,0.2906,1,,,,2.65,3.13,3.35,,,,,-0.8231,1,3,1,0.4651,-0.2889,0,0,,,,-0.0455,,,,,,,,,,,
spelad,EK,2021/22,2022-03-19,,Lech Poznan,Jagiellonia,3,0,H,,,,,,,,,,,,,,,,,,,,0.8028,0.1334,0.0638,1,,,,1.24,7.3,16,,,,,-0.4843,0,21,-1,-0.8675,0.024,0,0,,,,-0.0202,,,,,,,,,,,
spelad,EK,2021/22,2022-03-19,,Lechia Gdansk,Leczna,2,0,H,,,,,,,,,,,,,,,,,,,,0.5993,0.2464,0.1543,1,,,,1.62,4.1,6.5,,,,,-0.9951,-1,7,1.7143,0.5278,-0.1274,0,0,,,,-0.0267,,,,,,,,,,,
spelad,EK,2021/22,2022-03-19,,Rakow,Legia,1,1,D,,,,,,,,,,,,,,,,,,,,0.5774,0.2481,0.1745,1,,,,1.83,3.95,5.56,,,,,0.3553,1,5,-1.2,-0.1575,-0.0626,0,0,,,,-0.0639,,,,,,,,,,,
spelad,EK,2021/22,2022-03-19,,Wisla Plock,Slask Wroclaw,1,2,A,,,,,,,,,,,,,,,,,,,,0.4068,0.2835,0.3097,1,,,,2.46,3.43,3.14,,,,,1.4093,0,13,-0.2308,0.0168,0.028,0,0,,,,-0.0338,,,,,,,,,,,
spelad,EK,2021/22,2022-03-20,,Cracovia,Piast Gliwice,0,1,A,,,,,,,,,,,,,,,,,,,,0.3605,0.3427,0.2968,1,,,,2.71,3,3.28,,,,,-0.4236,0,22,-0.1364,-0.0462,-0.0583,0,0,,,,-0.0121,,,,,,,,,,,
spelad,EK,2021/22,2022-03-20,,Gornik Zabrze,Termalica B-B.,1,1,D,,,,,,,,,,,,,,,,,,,,0.5819,0.2517,0.1664,1,,,,1.7,3.94,5.84,,,,,-0.1939,3,6,0,-0.1037,0.0543,0,0,,,,-0.0451,,,,,,,,,,,
spelad,EK,2021/22,2022-03-20,,Radomiak Radom,Stal Mielec,1,1,D,,,,,,,,,,,,,,,,,,,,0.5313,0.2894,0.1794,1,,,,1.83,3.65,5.42,,,,,-0.1654,1,,,,,0,0,,,,-0.0289,,,,,,,,,,,
spelad,EK,2021/22,2022-04-01,,Slask Wroclaw,Lech Poznan,0,1,A,,,,,,,,,,,,,,,,,,,,0.1585,0.2396,0.6019,1,,,,6.25,4.2,1.62,,,,,-0.334,0,17,-0.8824,-0.1063,0.0851,0,0,,,,0.0285,,,,,,,,,,,
spelad,EK,2021/22,2022-04-01,,Stal Mielec,Cracovia,1,2,A,,,,,,,,,,,,,,,,,,,,0.2928,0.3198,0.3873,1,,,,3.4,3.13,2.52,,,,,-0.0068,0,3,0,0.0132,0.7275,0,0,,,,0.0038,,,,,,,,,,,
spelad,EK,2021/22,2022-04-02,,Leczna,Pogon Szczecin,0,4,A,,,,,,,,,,,,,,,,,,,,0.1519,0.2773,0.5709,1,,,,6.5,3.85,1.7,,,,,-0.2074,-1,7,0,0.2394,0.1566,0,0,,,,0.0365,,,,,,,,,,,
spelad,EK,2021/22,2022-04-02,,Legia,Lechia Gdansk,2,1,H,,,,,,,,,,,,,,,,,,,,0.5068,0.2741,0.2191,1,,,,2.06,3.64,4.6,,,,,0.6421,0,21,1,0.1477,0.021,0,0,,,,-0.0108,,,,,,,,,,,
spelad,EK,2021/22,2022-04-02,,Warta Poznan,Rakow,0,2,A,,,,,,,,,,,,,,,,,,,,0.2301,0.3255,0.4444,1,,,,4.5,3.3,2.19,,,,,0.0457,1,3,-3,-0.7357,-0.2505,0,0,,,,0.0249,,,,,,,,,,,
spelad,EK,2021/22,2022-04-03,,Jagiellonia,Zaglebie,2,1,H,,,,,,,,,,,,,,,,,,,,0.4007,0.2831,0.3162,1,,,,2.51,3.5,3.1,,,,,-0.1005,-1,16,-0.1875,-0.0179,-0.213,0,0,,,,-0.0284,,,,,,,,,,,
spelad,EK,2021/22,2022-04-03,,Termalica B-B.,Radomiak Radom,1,1,D,,,,,,,,,,,,,,,,,,,,0.31,0.2959,0.3941,1,,,,3.17,3.36,2.47,,,,,0.6105,0,,,,,0,0,,,,0.0008,,,,,,,,,,,
spelad,EK,2021/22,2022-04-03,,Wisla,Piast Gliwice,2,2,D,,,,,,,,,,,,,,,,,,,,0.3593,0.2978,0.3429,1,,,,2.88,3.27,2.85,,,,,-0.8399,2,15,-0.4,-0.2245,0.0579,0,0,,,,-0.0393,,,,,,,,,,,
spelad,EK,2021/22,2022-04-04,,Wisla Plock,Gornik Zabrze,3,2,H,,,,,,,,,,,,,,,,,,,,0.3443,0.2721,0.3836,1,,,,2.83,3.58,2.65,,,,,0.3363,1,12,0.25,0.1652,-0.0289,0,0,,,,0.0295,,,,,,,,,,,
spelad,EK,2021/22,2022-04-08,,Pogon Szczecin,Wisla Plock,1,2,A,,,,,,,,,,,,,,,,,,,,0.7349,0.1667,0.0984,1,,,,1.4,5.82,10.5,,,,,0.5287,2,11,0.2727,-0.0382,-0.105,0,0,,,,-0.0426,,,,,,,,,,,
spelad,EK,2021/22,2022-04-08,,Zaglebie,Stal Mielec,3,1,H,,,,,,,,,,,,,,,,,,,,0.5677,0.2602,0.1721,1,,,,1.78,3.81,5.64,,,,,0.1127,-2,3,0,-0.2002,0.0695,0,0,,,,-0.0567,,,,,,,,,,,
spelad,EK,2021/22,2022-04-09,,Lech Poznan,Legia,1,1,D,,,,,,,,,,,,,,,,,,,,0.674,0.2124,0.1136,1,,,,1.53,4.57,8.54,,,,,-0.6043,1,22,-0.5455,0.0081,-0.1894,0,0,,,,-0.0683,,,,,,,,,,,
spelad,EK,2021/22,2022-04-09,,Lechia Gdansk,Termalica B-B.,2,0,H,,,,,,,,,,,,,,,,,,,,0.5422,0.2508,0.207,1,,,,1.85,3.87,4.69,,,,,-0.3558,1,9,0,-0.4628,0.0706,0,0,,,,-0.0552,,,,,,,,,,,
spelad,EK,2021/22,2022-04-09,,Piast Gliwice,Leczna,1,0,H,,,,,,,,,,,,,,,,,,,,0.6264,0.2427,0.1309,1,,,,1.55,4,7.42,,,,,0.7458,-1,9,0.3333,-0.0412,0.1518,0,0,,,,-0.0366,,,,,,,,,,,
spelad,EK,2021/22,2022-04-10,,Rakow,Slask Wroclaw,1,1,D,,,,,,,,,,,,,,,,,,,,0.6502,0.2222,0.1276,1,,,,1.5,4.7,8.5,,,,,1.165,-1,5,1.2,0.3533,-0.075,0,0,,,,-0.0114,,,,,,,,,,,
spelad,EK,2021/22,2022-04-10,,Warta Poznan,Cracovia,1,0,H,,,,,,,,,,,,,,,,,,,,0.4627,0.3155,0.2218,1,,,,2.25,3.18,4.38,,,,,0.7078,-1,3,1,0.8848,-0.3019,0,0,,,,-0.0264,,,,,,,,,,,
spelad,EK,2021/22,2022-04-10,,Wisla,Gornik Zabrze,4,1,H,,,,,,,,,,,,,,,,,,,,0.3686,0.271,0.3604,1,,,,2.78,3.62,2.75,,,,,-0.1851,1,19,0.3158,0.129,-0.0003,0,0,,,,-0.0275,,,,,,,,,,,
spelad,EK,2021/22,2022-04-11,,Radomiak Radom,Jagiellonia,2,2,D,,,,,,,,,,,,,,,,,,,,0.52,0.2672,0.2128,1,,,,2,3.65,4.57,,,,,-0.433,0,,,,,0,0,,,,-0.0571,,,,,,,,,,,
spelad,EK,2021/22,2022-04-16,,Jagiellonia,Pogon Szczecin,1,2,A,,,,,,,,,,,,,,,,,,,,0.1867,0.2457,0.5676,1,,,,5.45,3.95,1.95,,,,,0.0364,-3,19,0.3158,0.1896,-0.0206,0,0,,,,0.0162,,,,,,,,,,,
spelad,EK,2021/22,2022-04-16,,Leczna,Radomiak Radom,1,0,H,,,,,,,,,,,,,,,,,,,,0.2895,0.293,0.4175,1,,,,3.5,3.42,2.33,,,,,0.2049,2,,,,,0,0,,,,-0.0018,,,,,,,,,,,
spelad,EK,2021/22,2022-04-16,,Stal Mielec,Warta Poznan,0,1,A,,,,,,,,,,,,,,,,,,,,0.2597,0.3304,0.4099,1,,,,3.85,3.09,2.49,,,,,-1.05,2,3,-1,-0.6076,0.3614,0,0,,,,0.008,,,,,,,,,,,
spelad,EK,2021/22,2022-04-16,,Termalica B-B.,Rakow,0,3,A,,,,,,,,,,,,,,,,,,,,0.1745,0.259,0.5665,1,,,,5.75,4.08,1.71,,,,,-0.2983,1,,,,,0,0,,,,0.0086,,,,,,,,,,,
spelad,EK,2021/22,2022-04-16,,Wisla Plock,Lech Poznan,0,1,A,,,,,,,,,,,,,,,,,,,,0.125,0.2029,0.6721,1,,,,8.5,5,1.55,,,,,0.6294,1,12,-1.5,-0.2393,-0.0917,0,0,,,,0.0027,,,,,,,,,,,
spelad,EK,2021/22,2022-04-18,,Cracovia,Zaglebie,1,0,H,,,,,,,,,,,,,,,,,,,,0.4403,0.3109,0.2489,1,,,,2.23,3.34,3.91,,,,,-0.3907,-2,17,0.3529,0.2009,0.1253,0,0,,,,-0.0343,,,,,,,,,,,
spelad,EK,2021/22,2022-04-18,,Gornik Zabrze,Lechia Gdansk,1,3,A,,,,,,,,,,,,,,,,,,,,0.3658,0.2711,0.3631,1,,,,2.67,3.62,2.75,,,,,-0.5843,-1,15,-1,-0.4345,0.2673,0,0,,,,0.004,,,,,,,,,,,
spelad,EK,2021/22,2022-04-18,,Legia,Piast Gliwice,0,1,A,,,,,,,,,,,,,,,,,,,,0.4244,0.3218,0.2538,1,,,,2.29,3.3,3.86,,,,,-0.1002,0,18,0.3333,-0.4039,-0.0187,0,0,,,,-0.0016,,,,,,,,,,,
spelad,EK,2021/22,2022-04-18,,Slask Wroclaw,Wisla,1,1,D,,,,,,,,,,,,,,,,,,,,0.4383,0.2812,0.2804,1,,,,2.45,3.52,3.47,,,,,-0.0063,0,18,0.6667,0.3803,-0.0562,0,0,,,,-0.0293,,,,,,,,,,,
spelad,EK,2021/22,2022-04-20,,Lech Poznan,Leczna,3,0,H,,,,,,,,,,,,,,,,,,,,0.8344,0.1243,0.0413,1,,,,1.16,8,23.43,,,,,-0.2059,0,7,1.7143,0.1038,0.1985,0,0,,,,-0.0348,,,,,,,,,,,
spelad,EK,2021/22,2022-04-20,,Pogon Szczecin,Rakow,1,2,A,,,,,,,,,,,,,,,,,,,,0.4106,0.3089,0.2804,1,,,,2.45,3.28,3.47,,,,,-0.2742,0,5,-0.6,-0.2728,0.1205,0,0,,,,-0.0126,,,,,,,,,,,
spelad,EK,2021/22,2022-04-22,,Radomiak Radom,Cracovia,0,1,A,,,,,,,,,,,,,,,,,,,,0.391,0.3235,0.2855,1,,,,2.49,3.2,3.48,,,,,-0.1872,2,,,,,0,0,,,,0.005,,,,,,,,,,,
spelad,EK,2021/22,2022-04-22,,Zaglebie,Gornik Zabrze,2,4,A,,,,,,,,,,,,,,,,,,,,0.4323,0.2756,0.2921,1,,,,2.35,3.55,3.33,,,,,0.663,0,13,-0.2308,-0.1823,0.0355,0,0,,,,-0.0311,,,,,,,,,,,
spelad,EK,2021/22,2022-04-23,,Lechia Gdansk,Warta Poznan,2,0,H,,,,,,,,,,,,,,,,,,,,0.4744,0.2912,0.2344,1,,,,2.1,3.42,4.15,,,,,-0.4421,-2,3,2,0.7089,0.0499,0,0,,,,-0.0475,,,,,,,,,,,
spelad,EK,2021/22,2022-04-23,,Piast Gliwice,Jagiellonia,2,1,H,,,,,,,,,,,,,,,,,,,,0.4883,0.2858,0.226,1,,,,2.02,3.48,4.3,,,,,1.0705,-2,18,0,0.0963,-0.1636,0,0,,,,-0.0229,,,,,,,,,,,
spelad,EK,2021/22,2022-04-23,,Slask Wroclaw,Termalica B-B.,0,4,A,,,,,,,,,,,,,,,,,,,,0.573,0.2464,0.1807,1,,,,1.75,3.95,5.36,,,,,-0.3451,-2,9,0.3333,0.0807,-0.0586,0,0,,,,-0.0425,,,,,,,,,,,
spelad,EK,2021/22,2022-04-24,,Lech Poznan,Stal Mielec,3,1,H,,,,,,,,,,,,,,,,,,,,0.8068,0.1362,0.057,1,,,,1.22,7.11,17.07,,,,,0.7015,-4,3,-1,-1.4783,0.4573,0,0,,,,-0.048,,,,,,,,,,,
spelad,EK,2021/22,2022-04-24,,Pogon Szczecin,Legia,3,1,H,,,,,,,,,,,,,,,,,,,,0.5361,0.271,0.1929,1,,,,1.95,3.58,5.03,,,,,-0.7755,-2,21,-0.5714,0.2402,-0.1088,0,0,,,,-0.0609,,,,,,,,,,,
spelad,EK,2021/22,2022-04-24,,Rakow,Leczna,2,1,H,,,,,,,,,,,,,,,,,,,,0.7967,0.1407,0.0625,1,,,,1.24,6.85,17,,,,,0.7717,0,,,,,0,0,,,,-0.0368,,,,,,,,,,,
spelad,EK,2021/22,2022-04-25,,Wisla,Wisla Plock,3,4,A,,,,,,,,,,,,,,,,,,,,0.5849,0.2301,0.185,1,,,,1.75,4.22,5.25,,,,,-0.5345,-2,14,0.2143,0.0762,-0.0597,0,0,,,,-0.0441,,,,,,,,,,,
spelad,EK,2021/22,2022-04-29,,Gornik Zabrze,Radomiak Radom,0,0,D,,,,,,,,,,,,,,,,,,,,0.477,0.2845,0.2385,1,,,,2.2,3.48,4.08,,,,,0.1673,0,,,,,0,0,,,,-0.0442,,,,,,,,,,,
spelad,EK,2021/22,2022-04-29,,Warta Poznan,Piast Gliwice,2,3,A,,,,,,,,,,,,,,,,,,,,0.3205,0.348,0.3314,1,,,,3.1,2.92,2.94,,,,,-0.4247,0,3,2,1.4232,0.0501,0,0,,,,0.0053,,,,,,,,,,,
spelad,EK,2021/22,2022-04-30,,Jagiellonia,Slask Wroclaw,1,1,D,,,,,,,,,,,,,,,,,,,,0.3744,0.2888,0.3368,1,,,,2.6,3.46,2.91,,,,,0.0323,0,19,-0.4737,-0.231,-0.0709,0,0,,,,-0.0043,,,,,,,,,,,
spelad,EK,2021/22,2022-04-30,,Stal Mielec,Legia,2,1,H,,,,,,,,,,,,,,,,,,,,0.2194,0.2769,0.5036,1,,,,5,3.54,2,,,,,-0.9633,0,3,2,1.7122,0.1249,0,0,,,,0.0478,,,,,,,,,,,
spelad,EK,2021/22,2022-04-30,,Zaglebie,Lechia Gdansk,2,2,D,,,,,,,,,,,,,,,,,,,,0.3368,0.2674,0.3957,1,,,,2.89,3.66,2.6,,,,,-0.5025,1,15,-0.8,-0.3553,0.0558,0,0,,,,0.0369,,,,,,,,,,,
spelad,EK,2021/22,2022-05-01,,Cracovia,Wisla,0,0,D,,,,,,,,,,,,,,,,,,,,0.4108,0.2941,0.295,1,,,,2.6,3.36,3.3,,,,,0.1543,3,15,-0.6,-0.27,-0.017,0,0,,,,-0.0631,,,,,,,,,,,
spelad,EK,2021/22,2022-05-01,,Termalica B-B.,Wisla Plock,1,0,H,,,,,,,,,,,,,,,,,,,,0.467,0.2767,0.2563,1,,,,2.16,3.6,3.79,,,,,-0.8212,2,5,-1.8,-0.8013,0.1094,0,0,,,,-0.055,,,,,,,,,,,
spelad,EK,2021/22,2022-05-06,,Legia,Gornik Zabrze,5,3,H,,,,,,,,,,,,,,,,,,,,0.5193,0.2422,0.2386,1,,,,1.95,4.01,4.1,,,,,0.4316,-1,16,1.125,-0.0118,-0.1051,0,0,,,,-0.0362,,,,,,,,,,,
spelad,EK,2021/22,2022-05-06,,Radomiak Radom,Zaglebie,1,6,A,,,,,,,,,,,,,,,,,,,,0.3547,0.2905,0.3547,1,,,,2.76,3.4,3.1,,,,,-0.3747,1,,,,,0,0,,,,0.0241,,,,,,,,,,,
spelad,EK,2021/22,2022-05-07,,Slask Wroclaw,Pogon Szczecin,1,1,D,,,,,,,,,,,,,,,,,,,,0.2636,0.2665,0.4699,1,,,,3.95,3.73,2.07,,,,,-0.4474,-6,18,0,-0.0502,0.1624,0,0,,,,-0.0052,,,,,,,,,,,
spelad,EK,2021/22,2022-05-07,,Wisla,Jagiellonia,0,0,D,,,,,,,,,,,,,,,,,,,,0.4501,0.2656,0.2843,1,,,,2.16,3.75,3.51,,,,,0.1921,-1,19,-0.1579,0.05,-0.062,0,0,,,,-0.0051,,,,,,,,,,,
spelad,EK,2021/22,2022-05-07,,Wisla Plock,Warta Poznan,0,3,A,,,,,,,,,,,,,,,,,,,,0.3215,0.3025,0.3761,1,,,,3.07,3.32,2.61,,,,,0.6142,-2,3,-1,-0.4865,-0.308,0,0,,,,0.0056,,,,,,,,,,,
spelad,EK,2021/22,2022-05-08,,Lechia Gdansk,Stal Mielec,3,2,H,,,,,,,,,,,,,,,,,,,,0.591,0.2353,0.1737,1,,,,1.68,4.18,5.6,,,,,0.4634,0,3,2,0.7895,0.0518,0,0,,,,-0.0432,,,,,,,,,,,
spelad,EK,2021/22,2022-05-08,,Piast Gliwice,Lech Poznan,1,2,A,,,,,,,,,,,,,,,,,,,,0.1741,0.2611,0.5648,1,,,,5.67,3.79,1.76,,,,,1.1609,-5,18,-0.5,0.0565,0.0202,0,0,,,,0.054,,,,,,,,,,,
spelad,EK,2021/22,2022-05-08,,Rakow,Cracovia,1,1,D,,,,,,,,,,,,,,,,,,,,0.7088,0.1996,0.0916,1,,,,1.4,5,10.52,,,,,0.5879,7,5,-1.8,-1.0559,0.1149,0,0,,,,-0.0338,,,,,,,,,,,
spelad,EK,2021/22,2022-05-09,,Leczna,Termalica B-B.,1,1,D,,,,,,,,,,,,,,,,,,,,0.2764,0.2733,0.4504,1,,,,3.52,3.6,2.2,,,,,-0.3046,7,6,0,0.199,0.0447,0,0,,,,0.0127,,,,,,,,,,,
spelad,EK,2021/22,2022-05-13,,Cracovia,Wisla Plock,3,0,H,,,,,,,,,,,,,,,,,,,,0.5366,0.249,0.2144,1,,,,1.85,3.94,4.59,,,,,-0.2177,-1,12,0.25,0.0746,-0.042,0,0,,,,-0.0366,,,,,,,,,,,
spelad,EK,2021/22,2022-05-13,,Jagiellonia,Legia,2,2,D,,,,,,,,,,,,,,,,,,,,0.3437,0.3088,0.3474,1,,,,3,3.27,2.85,,,,,-0.2922,-1,20,-0.3,0.2256,0.1445,0,0,,,,-0.0218,,,,,,,,,,,
spelad,EK,2021/22,2022-05-14,,Lechia Gdansk,Pogon Szczecin,0,0,D,,,,,,,,,,,,,,,,,,,,0.2657,0.2481,0.4862,1,,,,3.66,3.92,2.42,,,,,0.577,-1,21,0,-0.065,-0.0405,0,0,,,,0.0931,,,,,,,,,,,
spelad,EK,2021/22,2022-05-14,,Termalica B-B.,Piast Gliwice,0,1,A,,,,,,,,,,,,,,,,,,,,0.4209,0.2826,0.2964,1,,,,2.72,3.45,3.29,,,,,-0.8871,-1,8,-1.125,-0.354,-0.1604,0,0,,,,-0.0245,,,,,,,,,,,
spelad,EK,2021/22,2022-05-14,,Warta Poznan,Lech Poznan,1,2,A,,,,,,,,,,,,,,,,,,,,0.1055,0.1958,0.6987,1,,,,9.3,5.1,1.42,,,,,0.3453,1,3,-3,-0.6349,-0.2177,0,0,,,,0.0226,,,,,,,,,,,
spelad,EK,2021/22,2022-05-14,,Zaglebie,Rakow,1,0,H,,,,,,,,,,,,,,,,,,,,0.2136,0.2466,0.5398,1,,,,4.57,3.96,1.81,,,,,-0.3934,2,6,-1.5,-0.4571,-0.09,0,0,,,,0.0183,,,,,,,,,,,
spelad,EK,2021/22,2022-05-15,,Gornik Zabrze,Leczna,4,2,H,,,,,,,,,,,,,,,,,,,,0.6938,0.1847,0.1216,1,,,,1.43,5.3,8,,,,,-0.5746,3,6,1,0.417,0.0469,0,0,,,,-0.0305,,,,,,,,,,,
spelad,EK,2021/22,2022-05-15,,Radomiak Radom,Wisla,4,2,H,,,,,,,,,,,,,,,,,,,,0.2096,0.263,0.5274,1,,,,4.58,3.73,2.25,,,,,-0.5964,1,,,,,0,0,,,,0.1572,,,,,,,,,,,
spelad,EK,2021/22,2022-05-15,,Stal Mielec,Slask Wroclaw,1,1,D,,,,,,,,,,,,,,,,,,,,0.3211,0.3159,0.363,1,,,,3.03,3.4,2.68,,,,,-0.0433,-1,3,-1,-0.3723,0.4007,0,0,,,,0.0069,,,,,,,,,,,
spelad,EK,2021/22,2022-05-21,,Lech Poznan,Zaglebie,2,1,H,,,,,,,,,,,,,,,,,,,,0.7075,0.1643,0.1282,1,,,,1.4,5.9,7.86,,,,,0.544,0,16,-0.5625,-0.5735,0.0455,0,0,,,,-0.0564,,,,,,,,,,,
spelad,EK,2021/22,2022-05-21,,Leczna,Jagiellonia,0,1,A,,,,,,,,,,,,,,,,,,,,0.2493,0.2572,0.4935,1,,,,3.9,3.78,2.05,,,,,-0.014,-2,8,-1.125,-0.2315,-0.1523,0,0,,,,0.0403,,,,,,,,,,,
spelad,EK,2021/22,2022-05-21,,Legia,Cracovia,3,0,H,,,,,,,,,,,,,,,,,,,,0.4953,0.2697,0.2351,1,,,,1.96,3.72,4.2,,,,,-0.618,0,18,1.8333,0.3974,-0.0801,0,0,,,,-0.0043,,,,,,,,,,,
spelad,EK,2021/22,2022-05-21,,Piast Gliwice,Radomiak Radom,1,1,D,,,,,,,,,,,,,,,,,,,,0.4626,0.2784,0.2591,1,,,,2.1,3.63,3.85,,,,,1.583,1,,,,,0,0,,,,-0.0217,,,,,,,,,,,
spelad,EK,2021/22,2022-05-21,,Pogon Szczecin,Termalica B-B.,2,2,D,,,,,,,,,,,,,,,,,,,,0.6932,0.1835,0.1233,1,,,,1.45,5.29,8,,,,,-0.119,0,9,0.6667,-0.018,0.0552,0,0,,,,-0.0519,,,,,,,,,,,
spelad,EK,2021/22,2022-05-21,,Rakow,Lechia Gdansk,3,0,H,,,,,,,,,,,,,,,,,,,,0.7728,0.1509,0.0763,1,,,,1.35,6.5,13,,,,,-0.6509,0,5,0.6,0.3798,-0.2815,0,0,,,,-0.0418,,,,,,,,,,,
spelad,EK,2021/22,2022-05-21,,Slask Wroclaw,Gornik Zabrze,3,4,A,,,,,,,,,,,,,,,,,,,,0.3847,0.2409,0.3744,1,,,,2.63,4.1,2.6,,,,,0.2971,0,16,-0.5625,-0.5399,0.283,0,0,,,,-0.0349,,,,,,,,,,,
spelad,EK,2021/22,2022-05-21,,Wisla,Warta Poznan,0,1,A,,,,,,,,,,,,,,,,,,,,0.4181,0.284,0.2979,1,,,,2.35,3.55,3.27,,,,,-0.8055,-1,3,-2,-1.2305,0.0429,0,0,,,,-0.0138,,,,,,,,,,,
spelad,EK,2021/22,2022-05-21,,Wisla Plock,Stal Mielec,3,0,H,,,,,,,,,,,,,,,,,,,,0.4884,0.2424,0.2692,1,,,,2,4.04,3.7,,,,,0.4189,2,3,-1,-0.7025,0.3621,0,0,,,,-0.0038,,,,,,,,,,,
spelad,EK,2022/23,2022-07-15,,Rakow,Warta Poznan,1,0,H,,,,,,,,,,,,,,,,,,,,0.6688,0.2234,0.1078,1,,,,1.45,4.5,10,,,,,-0.1786,,4,3,1.075,-0.2693,0,0,,,,-0.0154,,,,,,,,,,,
spelad,EK,2022/23,2022-07-15,,Zaglebie,Slask Wroclaw,0,0,D,,,,,,,,,,,,,,,,,,,,0.412,0.286,0.302,1,,,,2.4,3.54,3.22,,,,,0.6431,,15,0.4,0.1213,0.0483,0,0,,,,-0.0368,,,,,,,,,,,
spelad,EK,2022/23,2022-07-16,,Jagiellonia,Piast Gliwice,2,0,H,,,,,,,,,,,,,,,,,,,,0.353,0.3064,0.3406,1,,,,2.85,3.28,2.95,,,,,-0.6903,,18,-0.3333,-0.0651,-0.1634,0,0,,,,-0.0038,,,,,,,,,,,
spelad,EK,2022/23,2022-07-16,,Korona Kielce,Legia,1,1,D,,,,,,,,,,,,,,,,,,,,0.1802,0.2359,0.584,1,,,,5.5,4.11,1.72,,,,,-0.4612,,14,-1.5,-0.1181,-0.0155,1,0,,,,0.0367,,,,,,,,,,,
spelad,EK,2022/23,2022-07-16,,Lech Poznan,Stal Mielec,0,2,A,,,,,,,,,,,,,,,,,,,,0.7226,0.1633,0.1141,1,,,,1.34,5.93,9.5,,,,,0.8994,,4,0,-0.9979,0.3089,0,0,,,,-0.015,,,,,,,,,,,
spelad,EK,2022/23,2022-07-17,,Pogon Szczecin,Widzew Lodz,2,1,H,,,,,,,,,,,,,,,,,,,,0.6686,0.2103,0.121,1,,,,1.48,4.75,8.01,,,,,-0.7631,,,,,,-1,0,,,,-0.0238,,,,,,,,,,,
spelad,EK,2022/23,2022-07-17,,Radomiak Radom,Legnica,1,1,D,,,,,,,,,,,,,,,,,,,,0.4267,0.2984,0.2748,1,,,,2.33,3.4,3.54,,,,,-0.2588,,,,,,-1,0,,,,-0.0237,,,,,,,,,,,
spelad,EK,2022/23,2022-07-17,,Wisla Plock,Lechia Gdansk,3,0,H,,,,,,,,,,,,,,,,,,,,0.3831,0.2718,0.3451,1,,,,2.65,3.62,2.82,,,,,0.0912,,12,-0.75,-0.0202,-0.1932,0,0,,,,-0.0352,,,,,,,,,,,
spelad,EK,2022/23,2022-07-18,,Gornik Zabrze,Cracovia,0,2,A,,,,,,,,,,,,,,,,,,,,0.3863,0.2838,0.33,1,,,,2.52,3.43,2.95,,,,,-0.6862,,14,-0.4286,-0.1647,0.002,0,0,,,,-0.0046,,,,,,,,,,,
spelad,EK,2022/23,2022-07-22,,Jagiellonia,Widzew Lodz,0,2,A,,,,,,,,,,,,,,,,,,,,0.5087,0.2626,0.2286,1,,,,2.03,3.7,4.35,,,,,-0.3024,1,,,,,-1,0,,,,-0.0497,,,,,,,,,,,
spelad,EK,2022/23,2022-07-22,,Warta Poznan,Wisla Plock,0,4,A,,,,,,,,,,,,,,,,,,,,0.3742,0.3099,0.3159,1,,,,2.62,3.2,3.13,,,,,-0.1346,2,4,1.5,0.9882,-0.3066,0,0,,,,-0.009,,,,,,,,,,,
spelad,EK,2022/23,2022-07-23,,Cracovia,Korona Kielce,2,0,H,,,,,,,,,,,,,,,,,,,,0.5911,0.2473,0.1616,1,,,,1.65,4,6,,,,,0.9034,-2,13,0.9231,0.3361,-0.0524,-1,0,,,,-0.0293,,,,,,,,,,,
spelad,EK,2022/23,2022-07-23,,Legia,Zaglebie,2,0,H,,,,,,,,,,,,,,,,,,,,0.5916,0.2372,0.1711,1,,,,1.72,4.09,6,,,,,-0.437,-1,17,0.8824,0.0414,-0.1406,0,0,,,,-0.0505,,,,,,,,,,,
spelad,EK,2022/23,2022-07-24,,Slask Wroclaw,Pogon Szczecin,2,1,H,,,,,,,,,,,,,,,,,,,,0.2828,0.2771,0.4401,1,,,,3.45,3.51,2.24,,,,,-0.1141,2,19,0,-0.0505,0.1925,0,0,,,,0.0113,,,,,,,,,,,
spelad,EK,2022/23,2022-07-25,,Stal Mielec,Radomiak Radom,1,1,D,,,,,,,,,,,,,,,,,,,,0.306,0.2967,0.3972,1,,,,3.18,3.3,2.65,,,,,0.5038,1,,,,,0,0,,,,0.0559,,,,,,,,,,,
spelad,EK,2022/23,2022-07-29,,Cracovia,Legia,3,0,H,,,,,,,,,,,,,,,,,,,,0.3378,0.3059,0.3563,1,,,,2.9,3.3,2.76,,,,,1.0248,0,18,-1.8333,-0.3182,-0.079,0,0,,,,0.0085,,,,,,,,,,,
spelad,EK,2022/23,2022-07-29,,Piast Gliwice,Zaglebie,0,1,A,,,,,,,,,,,,,,,,,,,,0.4565,0.2877,0.2559,1,,,,2.13,3.42,3.85,,,,,0.7155,7,17,0,-0.0867,0.1343,0,0,,,,-0.0105,,,,,,,,,,,
spelad,EK,2022/23,2022-07-30,,Legnica,Warta Poznan,1,2,A,,,,,,,,,,,,,,,,,,,,0.3827,0.3262,0.2911,1,,,,2.54,3.15,3.34,,,,,-0.2023,5,,,,,1,0,,,,-0.0012,,,,,,,,,,,
spelad,EK,2022/23,2022-07-30,,Radomiak Radom,Gornik Zabrze,0,3,A,,,,,,,,,,,,,,,,,,,,0.4028,0.2858,0.3114,1,,,,2.5,3.49,3.13,,,,,-0.2241,-7,,,,,0,0,,,,-0.0251,,,,,,,,,,,
spelad,EK,2022/23,2022-07-31,,Lech Poznan,Wisla Plock,1,3,A,,,,,,,,,,,,,,,,,,,,0.5313,0.2493,0.2195,1,,,,1.83,3.91,4.43,,,,,-0.3186,6,13,1.6154,0.3656,-0.1003,0,0,,,,-0.0218,,,,,,,,,,,
spelad,EK,2022/23,2022-07-31,,Pogon Szczecin,Jagiellonia,1,0,H,,,,,,,,,,,,,,,,,,,,0.6218,0.222,0.1562,1,,,,1.6,4.37,6.8,,,,,-0.1621,-2,20,-0.15,-0.108,-0.0319,0,0,,,,-0.0405,,,,,,,,,,,
spelad,EK,2022/23,2022-07-31,,Rakow,Stal Mielec,3,2,H,,,,,,,,,,,,,,,,,,,,0.7417,0.1693,0.0891,1,,,,1.33,5.74,10.91,,,,,-0.0682,7,4,3,0.9602,-0.2258,0,0,,,,-0.049,,,,,,,,,,,
spelad,EK,2022/23,2022-07-31,,Widzew Lodz,Lechia Gdansk,2,3,A,,,,,,,,,,,,,,,,,,,,0.369,0.2729,0.3581,1,,,,2.75,3.6,2.75,,,,,0.2244,-5,,,,,1,0,,,,-0.0085,,,,,,,,,,,
spelad,EK,2022/23,2022-08-01,,Korona Kielce,Slask Wroclaw,3,1,H,,,,,,,,,,,,,,,,,,,,0.3062,0.2915,0.4023,1,,,,3.4,3.46,2.42,,,,,0.0263,1,14,0.2143,0.254,0.077,1,0,,,,-0.0205,,,,,,,,,,,
spelad,EK,2022/23,2022-08-05,,Legia,Piast Gliwice,2,0,H,,,,,,,,,,,,,,,,,,,,0.4463,0.2879,0.2658,1,,,,2.28,3.4,4.1,,,,,-0.517,0,19,0.1579,-0.4666,-0.0346,0,0,,,,-0.0154,,,,,,,,,,,
spelad,EK,2022/23,2022-08-05,,Stal Mielec,Cracovia,2,0,H,,,,,,,,,,,,,,,,,,,,0.2339,0.2758,0.4903,1,,,,4.15,3.58,2,,,,,-0.6071,-2,4,-0.75,-0.2896,0.4657,0,0,,,,0.0199,,,,,,,,,,,
spelad,EK,2022/23,2022-08-06,,Jagiellonia,Radomiak Radom,1,2,A,,,,,,,,,,,,,,,,,,,,0.4195,0.2846,0.2958,1,,,,2.32,3.44,3.35,,,,,0.2429,-1,,,,,0,0,,,,0.0086,,,,,,,,,,,
spelad,EK,2022/23,2022-08-06,,Lechia Gdansk,Korona Kielce,0,1,A,,,,,,,,,,,,,,,,,,,,0.614,0.2137,0.1723,1,,,,1.77,4.54,5.63,,,,,0.3997,1,13,-0.4615,-0.4998,-0.0472,-1,0,,,,-0.0335,,,,,,,,,,,
spelad,EK,2022/23,2022-08-06,,Slask Wroclaw,Widzew Lodz,0,0,D,,,,,,,,,,,,,,,,,,,,0.4361,0.2803,0.2836,1,,,,2.25,3.56,3.43,,,,,-0.6913,-1,,,,,-1,0,,,,-0.0258,,,,,,,,,,,
spelad,EK,2022/23,2022-08-07,,Gornik Zabrze,Rakow,1,0,H,,,,,,,,,,,,,,,,,,,,0.321,0.2803,0.3987,1,,,,3.05,3.49,2.5,,,,,-0.0702,1,7,0.4286,0.3663,0.0134,0,0,,,,0.0213,,,,,,,,,,,
spelad,EK,2022/23,2022-08-07,,Warta Poznan,Pogon Szczecin,1,2,A,,,,,,,,,,,,,,,,,,,,0.2518,0.2876,0.4606,1,,,,3.9,3.5,2.11,,,,,0.4205,1,4,-0.75,-0.1521,0.4677,0,0,,,,0.0017,,,,,,,,,,,
spelad,EK,2022/23,2022-08-07,,Zaglebie,Lech Poznan,1,1,D,,,,,,,,,,,,,,,,,,,,0.3148,0.2658,0.4193,1,,,,3.15,3.66,2.32,,,,,0.2678,2,17,0.3529,0.4647,0.0331,0,0,,,,-0.0092,,,,,,,,,,,
spelad,EK,2022/23,2022-08-08,,Wisla Plock,Legnica,4,1,H,,,,,,,,,,,,,,,,,,,,0.5547,0.2561,0.1892,1,,,,1.76,4.01,5.41,,,,,1.0265,-1,3,-2,-0.9564,0.0531,-1,0,,,,-0.0121,,,,,,,,,,,
spelad,EK,2022/23,2022-08-12,,Legnica,Zaglebie,0,1,A,,,,,,,,,,,,,,,,,,,,0.3099,0.2862,0.4038,1,,,,3.3,3.4,2.47,,,,,-0.6939,-1,,,,,1,0,,,,0.0311,,,,,,,,,,,
spelad,EK,2022/23,2022-08-12,,Widzew Lodz,Legia,1,2,A,,,,,,,,,,,,,,,,,,,,0.2805,0.275,0.4445,1,,,,3.47,3.54,2.3,,,,,0.2287,-1,,,,,1,0,,,,0.0499,,,,,,,,,,,
spelad,EK,2022/23,2022-08-13,,Cracovia,Piast Gliwice,0,1,A,,,,,,,,,,,,,,,,,,,,0.425,0.3119,0.263,1,,,,2.35,3.25,3.7,,,,,0.4488,0,22,-0.1364,-0.0355,-0.0608,0,0,,,,-0.0297,,,,,,,,,,,
spelad,EK,2022/23,2022-08-13,,Gornik Zabrze,Stal Mielec,1,3,A,,,,,,,,,,,,,,,,,,,,0.5769,0.2319,0.1912,1,,,,1.75,4.2,5.07,,,,,0.0992,-2,4,3,1.369,-0.2753,0,0,,,,-0.0652,,,,,,,,,,,
spelad,EK,2022/23,2022-08-13,,Pogon Szczecin,Wisla Plock,2,2,D,,,,,,,,,,,,,,,,,,,,0.4891,0.2575,0.2535,1,,,,2.02,3.78,3.84,,,,,-0.5847,1,12,0,-0.2327,-0.1102,0,0,,,,-0.0284,,,,,,,,,,,
spelad,EK,2022/23,2022-08-14,,Lech Poznan,Slask Wroclaw,0,1,A,,,,,,,,,,,,,,,,,,,,0.5372,0.2559,0.2069,1,,,,1.82,3.83,4.9,,,,,0.1431,-1,18,1,0.0731,0.067,0,0,,,,-0.0093,,,,,,,,,,,
spelad,EK,2022/23,2022-08-14,,Radomiak Radom,Lechia Gdansk,4,1,H,,,,,,,,,,,,,,,,,,,,0.5306,0.2452,0.2242,1,,,,2.05,3.96,4.5,,,,,0.0346,0,,,,,0,0,,,,-0.0681,,,,,,,,,,,
spelad,EK,2022/23,2022-08-14,,Rakow,Jagiellonia,2,2,D,,,,,,,,,,,,,,,,,,,,0.599,0.2408,0.1601,1,,,,1.64,4.15,6.06,,,,,0.1942,-1,6,1.5,0.5305,-0.0833,0,0,,,,-0.0441,,,,,,,,,,,
spelad,EK,2022/23,2022-08-15,,Korona Kielce,Warta Poznan,0,1,A,,,,,,,,,,,,,,,,,,,,0.3091,0.3091,0.3818,1,,,,3.15,3.15,2.56,,,,,0.3719,1,,,,,1,0,,,,-0.0044,,,,,,,,,,,
spelad,EK,2022/23,2022-08-19,,Jagiellonia,Legnica,2,1,H,,,,,,,,,,,,,,,,,,,,0.4588,0.2755,0.2657,1,,,,2.12,3.68,3.95,,,,,0.4419,-2,,,,,-1,0,,,,0.0064,,,,,,,,,,,
spelad,EK,2022/23,2022-08-19,,Legia,Gornik Zabrze,2,2,D,,,,,,,,,,,,,,,,,,,,0.5673,0.2395,0.1932,1,,,,1.78,4.11,5.02,,,,,0.3319,1,15,1.2,0.0598,-0.1607,0,0,,,,-0.0529,,,,,,,,,,,
spelad,EK,2022/23,2022-08-20,,Slask Wroclaw,Cracovia,1,1,D,,,,,,,,,,,,,,,,,,,,0.3412,0.3039,0.3549,1,,,,2.85,3.33,2.82,,,,,-0.2354,-1,18,0.5,0.2719,-0.0115,0,0,,,,0.0209,,,,,,,,,,,
spelad,EK,2022/23,2022-08-20,,Warta Poznan,Widzew Lodz,0,1,A,,,,,,,,,,,,,,,,,,,,0.4108,0.2933,0.2959,1,,,,2.38,3.34,3.29,,,,,0.2129,-3,,,,,-1,0,,,,-0.0196,,,,,,,,,,,
spelad,EK,2022/23,2022-08-20,,Wisla Plock,Korona Kielce,2,1,H,,,,,,,,,,,,,,,,,,,,0.5991,0.2402,0.1607,1,,,,1.65,4.38,6.2,,,,,0.3624,2,11,0,-0.0209,-0.1862,-1,0,,,,-0.0332,,,,,,,,,,,
spelad,EK,2022/23,2022-08-21,,Piast Gliwice,Stal Mielec,4,0,H,,,,,,,,,,,,,,,,,,,,0.5562,0.2602,0.1836,1,,,,1.77,3.79,5.27,,,,,-0.5138,0,4,0.75,-0.0352,-0.0171,0,0,,,,-0.0383,,,,,,,,,,,
spelad,EK,2022/23,2022-08-21,,Zaglebie,Radomiak Radom,0,1,A,,,,,,,,,,,,,,,,,,,,0.3833,0.2855,0.3312,1,,,,2.54,3.47,2.95,,,,,0.5057,2,,,,,0,0,,,,0.0028,,,,,,,,,,,
spelad,EK,2022/23,2022-08-26,,Gornik Zabrze,Jagiellonia,1,1,D,,,,,,,,,,,,,,,,,,,,0.4503,0.2687,0.2811,1,,,,2.21,3.65,3.5,,,,,0.1954,0,16,-0.375,0.0522,-0.1402,0,0,,,,-0.0369,,,,,,,,,,,
spelad,EK,2022/23,2022-08-26,,Stal Mielec,Legia,0,1,A,,,,,,,,,,,,,,,,,,,,0.2519,0.2643,0.4838,1,,,,4.1,3.76,2.01,,,,,0.3222,-2,4,2.25,1.8004,0.0245,0,0,,,,-0.0123,,,,,,,,,,,
spelad,EK,2022/23,2022-08-27,,Legnica,Lechia Gdansk,2,1,H,,,,,,,,,,,,,,,,,,,,0.4384,0.2719,0.2897,1,,,,2.52,3.6,3.36,,,,,-0.3982,-5,,,,,1,0,,,,-0.0348,,,,,,,,,,,
spelad,EK,2022/23,2022-08-27,,Pogon Szczecin,Zaglebie,3,0,H,,,,,,,,,,,,,,,,,,,,0.5278,0.2661,0.2062,1,,,,1.87,4,5,,,,,-0.5042,7,16,0,-0.1171,0.094,0,0,,,,0.0013,,,,,,,,,,,
spelad,EK,2022/23,2022-08-27,,Radomiak Radom,Korona Kielce,0,2,A,,,,,,,,,,,,,,,,,,,,0.5548,0.269,0.1762,1,,,,1.75,3.83,5.8,,,,,0.277,-1,,,,,-1,0,,,,-0.0062,,,,,,,,,,,
spelad,EK,2022/23,2022-08-27,,Widzew Lodz,Wisla Plock,2,1,H,,,,,,,,,,,,,,,,,,,,0.3925,0.2742,0.3333,1,,,,2.72,3.65,2.92,,,,,-0.4448,0,,,,,1,0,,,,-0.0013,,,,,,,,,,,
spelad,EK,2022/23,2022-08-28,,Cracovia,Warta Poznan,0,2,A,,,,,,,,,,,,,,,,,,,,0.4588,0.3068,0.2344,1,,,,2.16,3.28,4.15,,,,,0.0928,0,4,-1.5,-0.6824,-0.3053,0,0,,,,-0.0431,,,,,,,,,,,
spelad,EK,2022/23,2022-08-28,,Lech Poznan,Piast Gliwice,1,0,H,,,,,,,,,,,,,,,,,,,,0.4541,0.2901,0.2558,1,,,,2.14,3.52,4,,,,,-0.3668,7,18,0.5,-0.0711,0.0185,0,0,,,,-0.0001,,,,,,,,,,,
spelad,EK,2022/23,2022-08-28,,Slask Wroclaw,Rakow,1,4,A,,,,,,,,,,,,,,,,,,,,0.2544,0.2715,0.4741,1,,,,3.82,3.65,2.11,,,,,0.3652,-6,6,-1,-0.1661,0.0671,0,0,,,,0.0306,,,,,,,,,,,
spelad,EK,2022/23,2022-08-31,,Lechia Gdansk,Lech Poznan,0,3,A,,,,,,,,,,,,,,,,,,,,0.3075,0.2737,0.4188,1,,,,3.4,3.6,2.32,,,,,-0.0562,1,20,-1.05,-0.1869,-0.1167,0,0,,,,-0.037,,,,,,,,,,,
spelad,EK,2022/23,2022-08-31,,Rakow,Pogon Szczecin,1,0,H,,,,,,,,,,,,,,,,,,,,0.5355,0.2613,0.2032,1,,,,1.89,3.76,4.77,,,,,-0.2974,-1,6,1,0.4352,0.0489,0,0,,,,-0.0286,,,,,,,,,,,
spelad,EK,2022/23,2022-09-02,,Legia,Radomiak Radom,1,0,H,,,,,,,,,,,,,,,,,,,,0.5029,0.2719,0.2252,1,,,,2.03,3.57,4.4,,,,,0.352,1,,,,,0,0,,,,-0.0332,,,,,,,,,,,
spelad,EK,2022/23,2022-09-03,,Cracovia,Rakow,3,0,H,,,,,,,,,,,,,,,,,,,,0.2413,0.2956,0.4631,1,,,,4.2,3.35,2.12,,,,,-0.2423,3,6,1.5,0.8717,0.2292,0,0,,,,0.0091,,,,,,,,,,,
spelad,EK,2022/23,2022-09-03,,Lechia Gdansk,Warta Poznan,0,0,D,,,,,,,,,,,,,,,,,,,,0.3895,0.3024,0.3081,1,,,,2.6,3.32,3.16,,,,,-1.0001,-3,4,2.25,0.8531,-0.0354,0,0,,,,-0.0173,,,,,,,,,,,
spelad,EK,2022/23,2022-09-03,,Stal Mielec,Slask Wroclaw,2,0,H,,,,,,,,,,,,,,,,,,,,0.416,0.2797,0.3042,1,,,,2.4,3.48,3.2,,,,,0.5272,2,4,-0.75,-0.349,0.4716,0,0,,,,-0.0136,,,,,,,,,,,
spelad,EK,2022/23,2022-09-04,,Korona Kielce,Pogon Szczecin,1,2,A,,,,,,,,,,,,,,,,,,,,0.2329,0.2767,0.4905,1,,,,4.25,3.54,2,,,,,0.6752,4,12,-0.5,-0.1218,0.2173,1,0,,,,0.0222,,,,,,,,,,,
spelad,EK,2022/23,2022-09-04,,Lech Poznan,Widzew Lodz,2,0,H,,,,,,,,,,,,,,,,,,,,0.5811,0.2327,0.1862,1,,,,1.69,4.17,5.5,,,,,-0.7964,-4,,,,,-1,0,,,,-0.0138,,,,,,,,,,,
spelad,EK,2022/23,2022-09-04,,Zaglebie,Jagiellonia,1,1,D,,,,,,,,,,,,,,,,,,,,0.4482,0.274,0.2779,1,,,,2.26,3.55,3.5,,,,,-0.1618,-1,16,0.1875,0.2338,-0.2117,0,0,,,,-0.0487,,,,,,,,,,,
spelad,EK,2022/23,2022-09-05,,Piast Gliwice,Legnica,2,1,H,,,,,,,,,,,,,,,,,,,,0.5334,0.2774,0.1892,1,,,,1.89,3.65,5.13,,,,,0.231,-1,,,,,-1,0,,,,-0.0427,,,,,,,,,,,
spelad,EK,2022/23,2022-09-05,,Wisla Plock,Gornik Zabrze,1,1,D,,,,,,,,,,,,,,,,,,,,0.4654,0.2629,0.2717,1,,,,2.14,3.9,3.58,,,,,0.6742,-1,13,0.4615,0.2829,-0.0476,0,0,,,,-0.0234,,,,,,,,,,,
spelad,EK,2022/23,2022-09-09,,Warta Poznan,Zaglebie,2,2,D,,,,,,,,,,,,,,,,,,,,0.3715,0.3061,0.3223,1,,,,2.62,3.25,3.02,,,,,0.192,1,4,0,0.3187,-0.2978,0,0,,,,0.0028,,,,,,,,,,,
spelad,EK,2022/23,2022-09-09,,Widzew Lodz,Cracovia,2,0,H,,,,,,,,,,,,,,,,,,,,0.3004,0.2941,0.4055,1,,,,3.25,3.31,2.42,,,,,0.0556,-1,,,,,1,0,,,,0.0105,,,,,,,,,,,
spelad,EK,2022/23,2022-09-10,,Gornik Zabrze,Piast Gliwice,3,3,D,,,,,,,,,,,,,,,,,,,,0.3691,0.2961,0.3348,1,,,,2.67,3.29,2.91,,,,,0.369,0,14,-0.8571,-0.3621,0,0,0,,,,-0.0225,,,,,,,,,,,
spelad,EK,2022/23,2022-09-10,,Radomiak Radom,Wisla Plock,2,0,H,,,,,,,,,,,,,,,,,,,,0.4342,0.2771,0.2886,1,,,,2.24,3.55,3.45,,,,,-0.7794,3,,,,,0,0,,,,0.0174,,,,,,,,,,,
spelad,EK,2022/23,2022-09-10,,Slask Wroclaw,Lechia Gdansk,2,1,H,,,,,,,,,,,,,,,,,,,,0.4072,0.2726,0.3202,1,,,,2.39,3.57,3.2,,,,,0.6225,0,19,-0.3158,-0.1218,0.0866,0,0,,,,0.018,,,,,,,,,,,
spelad,EK,2022/23,2022-09-11,,Legnica,Korona Kielce,2,2,D,,,,,,,,,,,,,,,,,,,,0.4694,0.2808,0.2498,1,,,,2.1,3.54,4,,,,,-0.6672,-1,3,0,-0.1978,0.7262,0,0,,,,-0.0284,,,,,,,,,,,
spelad,EK,2022/23,2022-09-11,,Pogon Szczecin,Lech Poznan,2,2,D,,,,,,,,,,,,,,,,,,,,0.3715,0.2846,0.3439,1,,,,2.62,3.49,2.85,,,,,0.5309,0,20,-0.9,-0.1382,0.0335,0,0,,,,-0.0106,,,,,,,,,,,
spelad,EK,2022/23,2022-09-11,,Rakow,Legia,4,0,H,,,,,,,,,,,,,,,,,,,,0.5965,0.2401,0.1634,1,,,,1.72,4.06,5.95,,,,,-0.3508,-1,6,-1,-0.2946,0.0731,0,0,,,,-0.0426,,,,,,,,,,,
spelad,EK,2022/23,2022-09-12,,Jagiellonia,Stal Mielec,4,0,H,,,,,,,,,,,,,,,,,,,,0.5702,0.2286,0.2011,1,,,,1.84,4.5,4.82,,,,,-0.8352,-1,4,-0.75,-0.7229,0.4756,0,0,,,,-0.074,,,,,,,,,,,
spelad,EK,2022/23,2022-09-16,,Legia,Legnica,3,2,H,,,,,,,,,,,,,,,,,,,,0.5766,0.2446,0.1787,1,,,,1.68,4,5.6,,,,,1.0051,0,,,,,-1,0,,,,-0.0203,,,,,,,,,,,
spelad,EK,2022/23,2022-09-16,,Piast Gliwice,Slask Wroclaw,1,1,D,,,,,,,,,,,,,,,,,,,,0.4646,0.2907,0.2446,1,,,,2.11,3.66,4.4,,,,,-0.2747,0,19,0.4737,0.2612,-0.0726,0,0,,,,0.0071,,,,,,,,,,,
spelad,EK,2022/23,2022-09-17,,Cracovia,Pogon Szczecin,1,1,D,,,,,,,,,,,,,,,,,,,,0.3544,0.3084,0.3372,1,,,,2.8,3.24,2.89,,,,,-0.4136,2,20,0,0.0366,0.0126,0,0,,,,-0.0009,,,,,,,,,,,
spelad,EK,2022/23,2022-09-17,,Lechia Gdansk,Jagiellonia,2,2,D,,,,,,,,,,,,,,,,,,,,0.3523,0.2723,0.3754,1,,,,2.76,3.6,2.7,,,,,-0.6393,2,19,0.4737,0.1551,-0.0639,0,0,,,,0.0032,,,,,,,,,,,
spelad,EK,2022/23,2022-09-17,,Rakow,Radomiak Radom,3,0,H,,,,,,,,,,,,,,,,,,,,0.6199,0.2376,0.1424,1,,,,1.57,4.25,7,,,,,-0.0854,-1,,,,,0,0,,,,-0.0263,,,,,,,,,,,
spelad,EK,2022/23,2022-09-17,,Stal Mielec,Widzew Lodz,0,3,A,,,,,,,,,,,,,,,,,,,,0.3501,0.2711,0.3787,1,,,,2.78,3.67,2.65,,,,,-0.1787,-3,,,,,-1,0,,,,0.0043,,,,,,,,,,,
spelad,EK,2022/23,2022-09-18,,Korona Kielce,Gornik Zabrze,1,2,A,,,,,,,,,,,,,,,,,,,,0.286,0.2818,0.4322,1,,,,3.41,3.52,2.26,,,,,0.4193,-1,13,0,-0.1245,0.2636,1,0,,,,0.0083,,,,,,,,,,,
spelad,EK,2022/23,2022-09-18,,Warta Poznan,Lech Poznan,0,1,A,,,,,,,,,,,,,,,,,,,,0.2266,0.2825,0.4909,1,,,,4.3,3.52,1.99,,,,,0.466,2,4,-3,-0.6042,-0.2122,0,0,,,,0.0173,,,,,,,,,,,
spelad,EK,2022/23,2022-09-18,,Zaglebie,Wisla Plock,2,1,H,,,,,,,,,,,,,,,,,,,,0.4541,0.2626,0.2833,1,,,,2.17,3.7,3.43,,,,,-0.4386,1,15,-0.4,-0.2337,-0.0807,0,0,,,,-0.0303,,,,,,,,,,,
spelad,EK,2022/23,2022-09-30,,Radomiak Radom,Cracovia,0,2,A,,,,,,,,,,,,,,,,,,,,0.4141,0.3022,0.2837,1,,,,2.35,3.26,3.43,,,,,0.5873,0,,,,,0,0,,,,-0.0116,,,,,,,,,,,
spelad,EK,2022/23,2022-09-30,,Wisla Plock,Piast Gliwice,1,0,H,,,,,,,,,,,,,,,,,,,,0.3924,0.2821,0.3255,1,,,,2.48,3.45,3.05,,,,,0.0776,-2,13,-1.3846,-0.5563,-0.0557,0,0,,,,0.0129,,,,,,,,,,,
spelad,EK,2022/23,2022-10-01,,Gornik Zabrze,Zaglebie,2,3,A,,,,,,,,,,,,,,,,,,,,0.4533,0.2652,0.2815,1,,,,2.26,3.7,3.43,,,,,0.0844,0,14,0.4286,0.2684,0.0133,0,0,,,,-0.0392,,,,,,,,,,,
spelad,EK,2022/23,2022-10-01,,Lech Poznan,Legia,0,0,D,,,,,,,,,,,,,,,,,,,,0.521,0.2634,0.2156,1,,,,1.85,3.8,4.7,,,,,-0.339,-2,21,-0.4286,-0.0041,-0.1836,0,0,,,,0.0019,,,,,,,,,,,
spelad,EK,2022/23,2022-10-01,,Pogon Szczecin,Lechia Gdansk,2,1,H,,,,,,,,,,,,,,,,,,,,0.5789,0.2352,0.1859,1,,,,1.7,4.17,5.75,,,,,1.0028,0,21,-0.1429,-0.0197,0.0087,0,0,,,,-0.0171,,,,,,,,,,,
spelad,EK,2022/23,2022-10-02,,Jagiellonia,Korona Kielce,4,1,H,,,,,,,,,,,,,,,,,,,,0.5639,0.2437,0.1924,1,,,,1.77,3.98,5.04,,,,,-0.2903,1,14,1.0714,0.4032,-0.0653,0,0,,,,-0.03,,,,,,,,,,,
spelad,EK,2022/23,2022-10-02,,Legnica,Stal Mielec,0,2,A,,,,,,,,,,,,,,,,,,,,0.4739,0.2677,0.2584,1,,,,2.06,3.67,3.8,,,,,-0.8446,1,,,,,1,0,,,,-0.008,,,,,,,,,,,
spelad,EK,2022/23,2022-10-02,,Widzew Lodz,Rakow,0,0,D,,,,,,,,,,,,,,,,,,,,0.1668,0.2169,0.6163,1,,,,6,4.46,1.61,,,,,0.3285,0,,,,,0,0,,,,0.0153,,,,,,,,,,,
spelad,EK,2022/23,2022-10-03,,Slask Wroclaw,Warta Poznan,0,2,A,,,,,,,,,,,,,,,,,,,,0.3756,0.3232,0.3012,1,,,,2.59,3.18,3.35,,,,,-0.2744,2,4,0.75,0.3456,-0.0489,0,0,,,,0.0217,,,,,,,,,,,
spelad,EK,2022/23,2022-10-06,,Piast Gliwice,Rakow,0,1,A,,,,,,,,,,,,,,,,,,,,0.1327,0.2718,0.5955,1,,,,7.27,3.85,1.67,,,,,0.0824,2,6,-1.5,-0.561,-0.1257,0,0,,,,0.0663,,,,,,,,,,,
spelad,EK,2022/23,2022-10-07,,Jagiellonia,Wisla Plock,1,1,D,,,,,,,,,,,,,,,,,,,,0.44,0.263,0.2969,1,,,,2.21,3.75,3.26,,,,,0.2768,-2,13,-0.4615,-0.3866,-0.0407,0,0,,,,-0.0252,,,,,,,,,,,
spelad,EK,2022/23,2022-10-07,,Stal Mielec,Pogon Szczecin,4,2,H,,,,,,,,,,,,,,,,,,,,0.2317,0.2777,0.4906,1,,,,4.2,3.7,1.98,,,,,0.1519,-1,4,-1.5,-0.0674,-0.2607,0,0,,,,0.0296,,,,,,,,,,,
spelad,EK,2022/23,2022-10-08,,Cracovia,Lechia Gdansk,0,1,A,,,,,,,,,,,,,,,,,,,,0.5034,0.2692,0.2274,1,,,,1.92,3.64,4.36,,,,,0.587,1,19,1.1053,0.7813,-0.1764,0,0,,,,-0.018,,,,,,,,,,,
spelad,EK,2022/23,2022-10-08,,Legia,Warta Poznan,1,0,H,,,,,,,,,,,,,,,,,,,,0.5105,0.2863,0.2031,1,,,,1.95,3.55,4.75,,,,,0.4477,2,4,1.5,0.2051,-0.2459,0,0,,,,-0.0488,,,,,,,,,,,
spelad,EK,2022/23,2022-10-08,,Slask Wroclaw,Gornik Zabrze,4,1,H,,,,,,,,,,,,,,,,,,,,0.3404,0.2819,0.3777,1,,,,2.84,3.61,2.63,,,,,0.0426,-2,16,-0.9375,-0.7165,0.2857,0,0,,,,0.0077,,,,,,,,,,,
spelad,EK,2022/23,2022-10-09,,Lech Poznan,Radomiak Radom,1,0,H,,,,,,,,,,,,,,,,,,,,0.5329,0.2694,0.1977,1,,,,1.85,3.6,4.88,,,,,0.0638,-1,,,,,0,0,,,,-0.0314,,,,,,,,,,,
spelad,EK,2022/23,2022-10-09,,Zaglebie,Korona Kielce,1,1,D,,,,,,,,,,,,,,,,,,,,0.56,0.2426,0.1974,1,,,,1.74,3.97,4.9,,,,,0.2249,1,12,0.5,0.1153,-0.1123,0,0,,,,-0.0195,,,,,,,,,,,
spelad,EK,2022/23,2022-10-10,,Piast Gliwice,Widzew Lodz,1,2,A,,,,,,,,,,,,,,,,,,,,0.398,0.2949,0.3071,1,,,,2.5,3.3,3.2,,,,,-0.6108,-4,,,,,0,0,,,,-0.0079,,,,,,,,,,,
spelad,EK,2022/23,2022-10-10,,Rakow,Legnica,1,0,H,,,,,,,,,,,,,,,,,,,,0.8268,0.1219,0.0514,1,,,,1.23,7.87,18.67,,,,,0.8961,-4,,,,,0,0,,,,-0.0519,,,,,,,,,,,
spelad,EK,2022/23,2022-10-14,,Korona Kielce,Stal Mielec,0,2,A,,,,,,,,,,,,,,,,,,,,0.4242,0.2687,0.3071,1,,,,2.35,3.6,3.2,,,,,-0.7779,-2,,,,,0,0,,,,-0.02,,,,,,,,,,,
spelad,EK,2022/23,2022-10-14,,Wisla Plock,Legia,2,1,H,,,,,,,,,,,,,,,,,,,,0.3259,0.2758,0.3983,1,,,,3.01,3.51,2.55,,,,,-0.7973,1,13,-0.9231,0.1126,-0.1768,0,0,,,,0.0016,,,,,,,,,,,
spelad,EK,2022/23,2022-10-15,,Lechia Gdansk,Rakow,0,3,A,,,,,,,,,,,,,,,,,,,,0.1745,0.2451,0.5803,1,,,,5.52,4.12,1.67,,,,,-0.8666,2,6,-1,-0.1453,-0.2597,0,0,,,,0.0258,,,,,,,,,,,
spelad,EK,2022/23,2022-10-15,,Pogon Szczecin,Piast Gliwice,1,1,D,,,,,,,,,,,,,,,,,,,,0.5279,0.2639,0.2082,1,,,,1.85,3.75,5.1,,,,,0.3291,3,19,0.7895,0.3623,0.0282,0,0,,,,-0.0096,,,,,,,,,,,
spelad,EK,2022/23,2022-10-15,,Radomiak Radom,Slask Wroclaw,2,0,H,,,,,,,,,,,,,,,,,,,,0.4382,0.3036,0.2582,1,,,,2.3,3.29,3.75,,,,,-0.3681,-1,,,,,0,0,,,,-0.0488,,,,,,,,,,,
spelad,EK,2022/23,2022-10-15,,Warta Poznan,Jagiellonia,2,0,H,,,,,,,,,,,,,,,,,,,,0.4151,0.307,0.2779,1,,,,2.35,3.26,3.55,,,,,-0.1592,-1,4,0,-0.0886,0.2033,0,0,,,,-0.0176,,,,,,,,,,,
spelad,EK,2022/23,2022-10-16,,Gornik Zabrze,Lech Poznan,1,2,A,,,,,,,,,,,,,,,,,,,,0.2998,0.2698,0.4304,1,,,,3.27,3.62,2.35,,,,,-0.9636,1,15,-1,0.0127,0.0192,0,0,,,,0.0363,,,,,,,,,,,
spelad,EK,2022/23,2022-10-16,,Legnica,Cracovia,1,1,D,,,,,,,,,,,,,,,,,,,,0.3113,0.2952,0.3935,1,,,,3.13,3.4,2.46,,,,,-0.2104,-2,,,,,0,0,,,,-0.0054,,,,,,,,,,,
spelad,EK,2022/23,2022-10-16,,Widzew Lodz,Zaglebie,3,0,H,,,,,,,,,,,,,,,,,,,,0.397,0.2768,0.3262,1,,,,2.55,3.54,3,,,,,0.7862,-1,,,,,0,0,,,,-0.0132,,,,,,,,,,,
spelad,EK,2022/23,2022-10-21,,Widzew Lodz,Legnica,1,0,H,,,,,,,,,,,,,,,,,,,,0.4929,0.2721,0.235,1,,,,2.04,3.62,4.2,,,,,1.7177,0,,,,,0,0,,,,-0.057,,,,,,,,,,,
spelad,EK,2022/23,2022-10-22,,Legia,Pogon Szczecin,1,1,D,,,,,,,,,,,,,,,,,,,,0.4603,0.277,0.2627,1,,,,2.25,3.52,3.68,,,,,0.3018,1,21,0.2857,-0.2413,-0.1094,0,0,,,,-0.0593,,,,,,,,,,,
spelad,EK,2022/23,2022-10-22,,Rakow,Korona Kielce,1,0,H,,,,,,,,,,,,,,,,,,,,0.7876,0.1407,0.0717,1,,,,1.24,6.83,13.5,,,,,0.6838,-1,3,-1,-0.4461,-0.2905,0,0,,,,-0.0307,,,,,,,,,,,
spelad,EK,2022/23,2022-10-22,,Stal Mielec,Wisla Plock,1,1,D,,,,,,,,,,,,,,,,,,,,0.2932,0.2616,0.4452,1,,,,3.31,3.71,2.21,,,,,0.4219,0,4,0,-0.0072,0.211,0,0,,,,0.0132,,,,,,,,,,,
spelad,EK,2022/23,2022-10-23,,Cracovia,Lech Poznan,0,0,D,,,,,,,,,,,,,,,,,,,,0.2499,0.2828,0.4673,1,,,,3.87,3.42,2.2,,,,,-1.1096,0,18,0,0.2955,-0.0472,0,0,,,,0.0633,,,,,,,,,,,
spelad,EK,2022/23,2022-10-23,,Slask Wroclaw,Jagiellonia,2,2,D,,,,,,,,,,,,,,,,,,,,0.4157,0.2698,0.3145,1,,,,2.35,3.59,3.08,,,,,-0.3796,0,18,0.1667,0.1071,-0.0032,0,0,,,,-0.0139,,,,,,,,,,,
spelad,EK,2022/23,2022-10-23,,Warta Poznan,Gornik Zabrze,0,0,D,,,,,,,,,,,,,,,,,,,,0.4133,0.2836,0.3031,1,,,,2.55,3.45,3.26,,,,,0.6109,1,4,0,0.3585,-0.3058,0,0,,,,-0.0087,,,,,,,,,,,
spelad,EK,2022/23,2022-10-24,,Piast Gliwice,Radomiak Radom,1,2,A,,,,,,,,,,,,,,,,,,,,0.3457,0.3073,0.347,1,,,,2.87,3.23,2.8,,,,,-0.3496,0,,,,,0,0,,,,-0.0165,,,,,,,,,,,
spelad,EK,2022/23,2022-10-24,,Zaglebie,Lechia Gdansk,0,3,A,,,,,,,,,,,,,,,,,,,,0.4304,0.266,0.3036,1,,,,2.26,3.65,3.3,,,,,0.2199,-1,16,-0.75,-0.3504,0.0981,0,0,,,,-0.0102,,,,,,,,,,,
spelad,EK,2022/23,2022-10-28,,Gornik Zabrze,Widzew Lodz,3,0,H,,,,,,,,,,,,,,,,,,,,0.4668,0.264,0.2692,1,,,,2.08,3.85,3.62,,,,,-1.6355,-2,,,,,0,0,,,,-0.004,,,,,,,,,,,
spelad,EK,2022/23,2022-10-28,,Legnica,Pogon Szczecin,2,4,A,,,,,,,,,,,,,,,,,,,,0.2852,0.2671,0.4477,1,,,,3.65,3.62,2.16,,,,,-0.2627,1,,,,,0,0,,,,-0.03,,,,,,,,,,,
spelad,EK,2022/23,2022-10-29,,Jagiellonia,Legia,2,5,A,,,,,,,,,,,,,,,,,,,,0.3057,0.2669,0.4274,1,,,,3.16,3.62,2.38,,,,,-0.2965,-1,20,-0.15,0.2411,0.191,0,0,,,,0.0331,,,,,,,,,,,
spelad,EK,2022/23,2022-10-29,,Korona Kielce,Piast Gliwice,1,1,D,,,,,,,,,,,,,,,,,,,,0.2882,0.2908,0.421,1,,,,3.36,3.36,2.3,,,,,0.2522,2,12,-0.25,-0.032,-0.0299,0,0,,,,0.0227,,,,,,,,,,,
spelad,EK,2022/23,2022-10-29,,Wisla Plock,Slask Wroclaw,1,2,A,,,,,,,,,,,,,,,,,,,,0.4924,0.2681,0.2395,1,,,,2,3.66,4.03,,,,,0.0552,1,14,-0.4286,-0.0919,0.0057,0,0,,,,-0.0335,,,,,,,,,,,
spelad,EK,2022/23,2022-10-30,,Lech Poznan,Rakow,1,2,A,,,,,,,,,,,,,,,,,,,,0.2449,0.2923,0.4628,1,,,,3.95,3.42,2.15,,,,,0.3138,-1,6,0,-0.2321,0.0538,0,0,,,,0.0458,,,,,,,,,,,
spelad,EK,2022/23,2022-10-30,,Lechia Gdansk,Stal Mielec,1,0,H,,,,,,,,,,,,,,,,,,,,0.5577,0.243,0.1993,1,,,,1.81,4,4.84,,,,,-0.6088,-2,4,2.25,0.84,-0.0199,0,0,,,,-0.0455,,,,,,,,,,,
spelad,EK,2022/23,2022-10-30,,Zaglebie,Cracovia,0,2,A,,,,,,,,,,,,,,,,,,,,0.3396,0.3006,0.3598,1,,,,2.85,3.31,2.69,,,,,-0.0275,-1,17,-0.3529,-0.2811,0.1235,0,0,,,,0.0029,,,,,,,,,,,
spelad,EK,2022/23,2022-10-31,,Radomiak Radom,Warta Poznan,2,3,A,,,,,,,,,,,,,,,,,,,,0.4279,0.315,0.2572,1,,,,2.28,3.13,3.76,,,,,-0.4601,-1,,,,,0,0,,,,-0.0296,,,,,,,,,,,
spelad,EK,2022/23,2022-11-04,,Legia,Lechia Gdansk,2,1,H,,,,,,,,,,,,,,,,,,,,0.5999,0.2333,0.1668,1,,,,1.67,4.2,5.79,,,,,0.0934,1,20,0.9,0.1135,0.0328,0,0,,,,-0.049,,,,,,,,,,,
spelad,EK,2022/23,2022-11-04,,Stal Mielec,Zaglebie,3,0,H,,,,,,,,,,,,,,,,,,,,0.458,0.2793,0.2626,1,,,,2.17,3.6,3.7,,,,,0.8514,0,4,-0.75,-0.0962,-0.0129,0,0,,,,-0.0347,,,,,,,,,,,
spelad,EK,2022/23,2022-11-05,,Cracovia,Jagiellonia,1,0,H,,,,,,,,,,,,,,,,,,,,0.5172,0.2635,0.2193,1,,,,1.9,3.75,5.25,,,,,0.3474,-1,17,-0.8824,-0.5228,0.0706,0,0,,,,0.0061,,,,,,,,,,,
spelad,EK,2022/23,2022-11-05,,Piast Gliwice,Warta Poznan,0,2,A,,,,,,,,,,,,,,,,,,,,0.336,0.3468,0.3172,1,,,,2.88,3.01,3.25,,,,,-1.0369,2,4,-0.75,-0.6905,-0.0494,0,0,,,,0.0136,,,,,,,,,,,
spelad,EK,2022/23,2022-11-05,,Pogon Szczecin,Gornik Zabrze,1,4,A,,,,,,,,,,,,,,,,,,,,0.5338,0.241,0.2252,1,,,,1.85,4.01,4.4,,,,,0.3019,0,14,0,-0.2149,0.1419,0,0,,,,-0.0183,,,,,,,,,,,
spelad,EK,2022/23,2022-11-05,,Rakow,Wisla Plock,7,1,H,,,,,,,,,,,,,,,,,,,,0.7081,0.1834,0.1084,1,,,,1.37,5.5,9.5,,,,,0.8875,-1,7,1.2857,0.1946,0.0283,0,0,,,,-0.0094,,,,,,,,,,,
spelad,EK,2022/23,2022-11-06,,Lech Poznan,Korona Kielce,3,2,H,,,,,,,,,,,,,,,,,,,,0.6843,0.1945,0.1212,1,,,,1.45,4.96,8,,,,,0.8549,-1,13,0.6923,-0.2329,0.0599,0,0,,,,-0.0403,,,,,,,,,,,
spelad,EK,2022/23,2022-11-06,,Legnica,Slask Wroclaw,1,0,H,,,,,,,,,,,,,,,,,,,,0.3221,0.2834,0.3945,1,,,,3,3.45,2.6,,,,,-0.9454,1,3,-2,-0.7952,0.047,0,0,,,,0.0398,,,,,,,,,,,
spelad,EK,2022/23,2022-11-06,,Widzew Lodz,Radomiak Radom,1,3,A,,,,,,,,,,,,,,,,,,,,0.3854,0.2985,0.3161,1,,,,2.51,3.31,3.06,,,,,0.9433,3,,,,,0,0,,,,0.0006,,,,,,,,,,,
spelad,EK,2022/23,2022-11-11,,Warta Poznan,Stal Mielec,1,1,D,,,,,,,,,,,,,,,,,,,,0.4977,0.2799,0.2225,1,,,,2.05,3.6,4.34,,,,,0.0036,-1,4,1.5,0.5446,0.1884,0,0,,,,-0.0453,,,,,,,,,,,
spelad,EK,2022/23,2022-11-11,,Wisla Plock,Cracovia,1,0,H,,,,,,,,,,,,,,,,,,,,0.4101,0.2846,0.3053,1,,,,2.45,3.42,3.2,,,,,-0.3069,0,13,-0.4615,-0.0987,-0.0579,0,0,,,,-0.0304,,,,,,,,,,,
spelad,EK,2022/23,2022-11-12,,Gornik Zabrze,Legnica,0,3,A,,,,,,,,,,,,,,,,,,,,0.5736,0.2496,0.1768,1,,,,1.73,4.05,5.45,,,,,0.5062,1,3,1,0.745,-0.2711,0,0,,,,-0.0422,,,,,,,,,,,
spelad,EK,2022/23,2022-11-12,,Jagiellonia,Lech Poznan,1,2,A,,,,,,,,,,,,,,,,,,,,0.2568,0.2555,0.4877,1,,,,3.76,3.78,2.01,,,,,-0.5037,1,20,0.9,0.8025,0.044,0,0,,,,0.0246,,,,,,,,,,,
spelad,EK,2022/23,2022-11-12,,Korona Kielce,Widzew Lodz,0,1,A,,,,,,,,,,,,,,,,,,,,0.3063,0.2765,0.4172,1,,,,3.3,3.5,2.45,,,,,-1.2695,0,,,,,0,0,,,,-0.004,,,,,,,,,,,
spelad,EK,2022/23,2022-11-12,,Zaglebie,Rakow,1,2,A,,,,,,,,,,,,,,,,,,,,0.1292,0.2184,0.6523,1,,,,7.5,4.6,1.5,,,,,-0.9784,1,7,-0.8571,-0.09,-0.1124,0,0,,,,0.0207,,,,,,,,,,,
spelad,EK,2022/23,2022-11-13,,Lechia Gdansk,Piast Gliwice,1,3,A,,,,,,,,,,,,,,,,,,,,0.438,0.2806,0.2814,1,,,,2.26,3.48,3.44,,,,,1.0427,1,19,0.6316,0.2711,-0.1233,0,0,,,,-0.0203,,,,,,,,,,,
spelad,EK,2022/23,2022-11-13,,Radomiak Radom,Pogon Szczecin,1,2,A,,,,,,,,,,,,,,,,,,,,0.3102,0.2915,0.3983,1,,,,3.12,3.37,2.55,,,,,0.5428,-1,,,,,0,0,,,,0.0227,,,,,,,,,,,
spelad,EK,2022/23,2022-11-13,,Slask Wroclaw,Legia,0,0,D,,,,,,,,,,,,,,,,,,,,0.3037,0.2909,0.4054,1,,,,3.4,3.38,2.39,,,,,-0.1471,-2,17,-1.7647,-0.3543,-0.0754,0,0,,,,-0.0037,,,,,,,,,,,
spelad,EK,2022/23,2022-11-18,,Lechia Gdansk,Gornik Zabrze,2,1,H,,,,,,,,,,,,,,,,,,,,0.352,0.2623,0.3857,1,,,,2.76,3.7,2.51,,,,,0.2836,-1,14,1.0714,0.1995,0.2372,0,0,,,,-0.0117,,,,,,,,,,,
spelad,EK,2022/23,2023-01-27,,Legnica,Radomiak Radom,0,0,D,,,,,,,,,,,,,,,,,,,,0.3889,0.3007,0.3104,1,,,,2.61,3.22,3.12,,,,,0.0001,,,,,,0,0,,,,-0.0249,,,,,,,,,,,
spelad,EK,2022/23,2023-01-27,,Stal Mielec,Lech Poznan,0,0,D,,,,,,,,,,,,,,,,,,,,0.1737,0.2454,0.5809,1,,,,5.76,4,1.66,,,,,0.1973,,5,0.6,1.0501,0.2145,0,0,,,,0.0033,,,,,,,,,,,
spelad,EK,2022/23,2023-01-28,,Slask Wroclaw,Zaglebie,0,3,A,,,,,,,,,,,,,,,,,,,,0.4263,0.2932,0.2805,1,,,,2.28,3.46,3.5,,,,,0.3043,,16,-0.375,-0.1709,0.0899,0,0,,,,-0.0198,,,,,,,,,,,
spelad,EK,2022/23,2023-01-28,,Warta Poznan,Rakow,1,1,D,,,,,,,,,,,,,,,,,,,,0.1706,0.2989,0.5305,1,,,,5.75,3.3,1.83,,,,,-0.1173,,5,-3,-0.7539,-0.2601,0,0,,,,0.0164,,,,,,,,,,,
spelad,EK,2022/23,2023-01-28,,Widzew Lodz,Pogon Szczecin,3,3,D,,,,,,,,,,,,,,,,,,,,0.3693,0.2888,0.3419,1,,,,2.68,3.45,2.9,,,,,0.7849,,,,,,0,0,,,,0.0031,,,,,,,,,,,
spelad,EK,2022/23,2023-01-29,,Lechia Gdansk,Wisla Plock,1,0,H,,,,,,,,,,,,,,,,,,,,0.3981,0.2888,0.3131,1,,,,2.43,3.45,3.09,,,,,0.2616,,13,0.4615,0.0965,-0.1993,0,0,,,,-0.0133,,,,,,,,,,,
spelad,EK,2022/23,2023-01-29,,Legia,Korona Kielce,3,2,H,,,,,,,,,,,,,,,,,,,,0.6811,0.2009,0.118,1,,,,1.47,4.8,8.14,,,,,0.9601,,14,1.2857,0.0073,0.054,0,0,,,,-0.0525,,,,,,,,,,,
spelad,EK,2022/23,2023-01-29,,Piast Gliwice,Jagiellonia,1,1,D,,,,,,,,,,,,,,,,,,,,0.4378,0.2897,0.2725,1,,,,2.21,3.42,3.75,,,,,-0.0352,,18,0.3333,0.2226,-0.1637,0,0,,,,0.027,,,,,,,,,,,
spelad,EK,2022/23,2023-01-30,,Cracovia,Gornik Zabrze,2,0,H,,,,,,,,,,,,,,,,,,,,0.4001,0.3064,0.2934,1,,,,2.49,3.16,3.3,,,,,0.6456,,13,1.1538,0.5269,0.024,0,0,,,,-0.0202,,,,,,,,,,,
spelad,EK,2022/23,2023-02-01,,Legnica,Lech Poznan,2,2,D,,,,,,,,,,,,,,,,,,,,0.208,0.2758,0.5162,1,,,,4.64,3.7,1.92,,,,,-0.2338,0,,,,,0,0,,,,0.0367,,,,,,,,,,,
spelad,EK,2022/23,2023-02-03,,Widzew Lodz,Jagiellonia,1,1,D,,,,,,,,,,,,,,,,,,,,0.5303,0.2468,0.2229,1,,,,1.85,3.92,4.5,,,,,0.9385,1,,,,,0,0,,,,-0.0224,,,,,,,,,,,
spelad,EK,2022/23,2023-02-04,,Gornik Zabrze,Lechia Gdansk,1,1,D,,,,,,,,,,,,,,,,,,,,0.4838,0.2608,0.2553,1,,,,2.01,3.84,3.88,,,,,-1.124,-1,15,-1.2,-0.5022,0.2039,0,0,,,,0.0014,,,,,,,,,,,
spelad,EK,2022/23,2023-02-04,,Rakow,Piast Gliwice,1,0,H,,,,,,,,,,,,,,,,,,,,0.6343,0.238,0.1277,1,,,,1.53,4.3,8.2,,,,,1.103,1,7,1.7143,0.7231,-0.1466,0,0,,,,-0.0089,,,,,,,,,,,
spelad,EK,2022/23,2023-02-04,,Zaglebie,Legia,1,2,A,,,,,,,,,,,,,,,,,,,,0.3156,0.2721,0.4123,1,,,,3.45,3.65,2.35,,,,,-0.5977,1,18,-1,0.052,-0.146,0,0,,,,-0.05,,,,,,,,,,,
spelad,EK,2022/23,2023-02-05,,Lech Poznan,Legnica,1,0,H,,,,,,,,,,,,,,,,,,,,0.6734,0.207,0.1197,1,,,,1.43,4.85,8.8,,,,,0.0104,0,3,0,-0.4316,0.0679,0,0,,,,-0.0149,,,,,,,,,,,
spelad,EK,2022/23,2023-02-05,,Pogon Szczecin,Slask Wroclaw,0,2,A,,,,,,,,,,,,,,,,,,,,0.5487,0.2562,0.1951,1,,,,1.81,3.89,5.1,,,,,0.2111,0,18,-0.3333,-0.3323,0.1651,0,0,,,,-0.0289,,,,,,,,,,,
spelad,EK,2022/23,2023-02-05,,Radomiak Radom,Stal Mielec,1,0,H,,,,,,,,,,,,,,,,,,,,0.4876,0.2815,0.231,1,,,,2.05,3.6,4.2,,,,,-0.8897,0,3,-1,-0.9748,0.3765,0,0,,,,-0.0344,,,,,,,,,,,
spelad,EK,2022/23,2023-02-06,,Korona Kielce,Cracovia,2,1,H,,,,,,,,,,,,,,,,,,,,0.2527,0.3053,0.442,1,,,,3.86,3.27,2.2,,,,,-0.9592,1,12,-0.75,-0.158,-0.0281,0,0,,,,0.0121,,,,,,,,,,,
spelad,EK,2022/23,2023-02-10,,Lechia Gdansk,Widzew Lodz,0,0,D,,,,,,,,,,,,,,,,,,,,0.3408,0.2898,0.3694,1,,,,2.84,3.41,2.74,,,,,0.0881,-1,,,,,0,0,,,,0.018,,,,,,,,,,,
spelad,EK,2022/23,2023-02-10,,Stal Mielec,Rakow,0,0,D,,,,,,,,,,,,,,,,,,,,0.122,0.2303,0.6477,1,,,,8.2,4.45,1.52,,,,,-0.15,-1,5,-3,-0.6749,-0.2145,0,0,,,,0.0267,,,,,,,,,,,
spelad,EK,2022/23,2023-02-11,,Jagiellonia,Pogon Szczecin,2,0,H,,,,,,,,,,,,,,,,,,,,0.2879,0.2643,0.4478,1,,,,3.88,3.75,2.2,,,,,-0.1592,2,20,-0.15,0.0327,-0.0289,0,0,,,,-0.0369,,,,,,,,,,,
spelad,EK,2022/23,2023-02-11,,Slask Wroclaw,Korona Kielce,1,1,D,,,,,,,,,,,,,,,,,,,,0.4877,0.2767,0.2355,1,,,,1.98,3.7,4.2,,,,,0.4115,1,14,-0.6429,-0.5042,0.0736,0,0,,,,-0.0069,,,,,,,,,,,
spelad,EK,2022/23,2023-02-11,,Wisla Plock,Lech Poznan,0,1,A,,,,,,,,,,,,,,,,,,,,0.1951,0.2543,0.5507,1,,,,4.94,3.79,1.9,,,,,-0.0229,7,14,-1.2857,-0.0969,-0.1109,0,0,,,,0.0581,,,,,,,,,,,
spelad,EK,2022/23,2023-02-12,,Gornik Zabrze,Radomiak Radom,0,0,D,,,,,,,,,,,,,,,,,,,,0.4357,0.2887,0.2756,1,,,,2.33,3.41,3.51,,,,,-0.67,1,3,0,-0.0483,0.0443,0,0,,,,-0.0449,,,,,,,,,,,
spelad,EK,2022/23,2023-02-12,,Legia,Cracovia,2,2,D,,,,,,,,,,,,,,,,,,,,0.5219,0.279,0.1991,1,,,,1.93,3.5,4.85,,,,,0.504,2,18,1.5,0.2815,-0.085,0,0,,,,-0.0457,,,,,,,,,,,
spelad,EK,2022/23,2023-02-12,,Zaglebie,Piast Gliwice,0,2,A,,,,,,,,,,,,,,,,,,,,0.3155,0.2971,0.3874,1,,,,3.07,3.33,2.82,,,,,-0.2628,0,18,0.1667,0.0631,0.1109,0,0,,,,0.0594,,,,,,,,,,,
spelad,EK,2022/23,2023-02-13,,Warta Poznan,Legnica,1,1,D,,,,,,,,,,,,,,,,,,,,0.4812,0.2949,0.2239,1,,,,2.06,3.33,4.33,,,,,0.5157,7,,,,,0,0,,,,-0.0223,,,,,,,,,,,
spelad,EK,2022/23,2023-02-17,,Cracovia,Stal Mielec,2,1,H,,,,,,,,,,,,,,,,,,,,0.5011,0.2904,0.2084,1,,,,1.95,3.65,5.4,,,,,-0.101,-2,5,0,-0.4901,0.3174,0,0,,,,0.0164,,,,,,,,,,,
spelad,EK,2022/23,2023-02-17,,Widzew Lodz,Slask Wroclaw,1,0,H,,,,,,,,,,,,,,,,,,,,0.5614,0.2575,0.1812,1,,,,1.85,3.87,6.57,,,,,0.1874,1,,,,,0,0,,,,-0.0227,,,,,,,,,,,
spelad,EK,2022/23,2023-02-18,,Korona Kielce,Lechia Gdansk,1,0,H,,,,,,,,,,,,,,,,,,,,0.3875,0.2918,0.3208,1,,,,2.5,3.45,3.1,,,,,-0.7308,-1,13,0.4615,0.5504,-0.0439,0,0,,,,0.0137,,,,,,,,,,,
spelad,EK,2022/23,2023-02-18,,Pogon Szczecin,Warta Poznan,3,1,H,,,,,,,,,,,,,,,,,,,,0.481,0.286,0.233,1,,,,2.06,3.5,4.3,,,,,-0.7497,2,5,1.2,0.0136,0.3167,0,0,,,,-0.0177,,,,,,,,,,,
spelad,EK,2022/23,2023-02-18,,Rakow,Gornik Zabrze,2,0,H,,,,,,,,,,,,,,,,,,,,0.6551,0.2224,0.1225,1,,,,1.5,4.5,8.1,,,,,0.7251,2,8,-0.75,-0.5168,-0.0233,0,0,,,,-0.0283,,,,,,,,,,,
spelad,EK,2022/23,2023-02-19,,Lech Poznan,Zaglebie,1,2,A,,,,,,,,,,,,,,,,,,,,0.5521,0.2516,0.1964,1,,,,1.79,3.9,5.4,,,,,0.8474,1,18,-0.3333,-0.4993,0.0721,0,0,,,,-0.0127,,,,,,,,,,,
spelad,EK,2022/23,2023-02-19,,Legnica,Wisla Plock,2,1,H,,,,,,,,,,,,,,,,,,,,0.4343,0.2775,0.2882,1,,,,2.33,3.52,3.36,,,,,0.3514,-2,4,0.75,0.4715,-0.0242,0,0,,,,-0.0398,,,,,,,,,,,
spelad,EK,2022/23,2023-02-19,,Piast Gliwice,Legia,0,1,A,,,,,,,,,,,,,,,,,,,,0.3446,0.3007,0.3547,1,,,,2.88,3.25,2.82,,,,,-0.2668,0,19,-0.4737,0.3289,-0.0365,0,0,,,,0.0001,,,,,,,,,,,
spelad,EK,2022/23,2023-02-20,,Radomiak Radom,Jagiellonia,0,0,D,,,,,,,,,,,,,,,,,,,,0.4759,0.2808,0.2433,1,,,,2.08,3.52,4.25,,,,,0.6888,-1,3,1,0.288,0.3882,0,0,,,,-0.0147,,,,,,,,,,,
spelad,EK,2022/23,2023-02-24,,Jagiellonia,Rakow,1,2,A,,,,,,,,,,,,,,,,,,,,0.1301,0.2261,0.6437,1,,,,7.5,4.4,1.54,,,,,-0.5558,-2,7,-1.2857,-0.3435,0.0371,0,0,,,,0.0294,,,,,,,,,,,
spelad,EK,2022/23,2023-02-24,,Legia,Widzew Lodz,2,2,D,,,,,,,,,,,,,,,,,,,,0.488,0.2722,0.2398,1,,,,2.03,3.65,4.09,,,,,0.5836,-2,,,,,0,0,,,,-0.0243,,,,,,,,,,,
spelad,EK,2022/23,2023-02-25,,Lechia Gdansk,Radomiak Radom,1,3,A,,,,,,,,,,,,,,,,,,,,0.365,0.3071,0.3279,1,,,,2.68,3.35,2.96,,,,,-0.0529,2,3,-2,-0.9083,0.0603,0,0,,,,0.0103,,,,,,,,,,,
spelad,EK,2022/23,2023-02-25,,Piast Gliwice,Cracovia,2,1,H,,,,,,,,,,,,,,,,,,,,0.3952,0.3351,0.2697,1,,,,2.46,3.05,3.63,,,,,-0.6449,-2,22,0.1364,0.1137,-0.0608,0,0,,,,0.0013,,,,,,,,,,,
spelad,EK,2022/23,2023-02-25,,Warta Poznan,Korona Kielce,5,1,H,,,,,,,,,,,,,,,,,,,,0.5,0.2855,0.2145,1,,,,1.95,3.5,4.6,,,,,0.1941,0,,,,,0,0,,,,-0.0207,,,,,,,,,,,
spelad,EK,2022/23,2023-02-26,,Slask Wroclaw,Lech Poznan,2,1,H,,,,,,,,,,,,,,,,,,,,0.2138,0.2801,0.506,1,,,,4.55,3.54,1.97,,,,,-0.0351,2,18,-0.8333,-0.0102,0.0137,0,0,,,,0.0485,,,,,,,,,,,
spelad,EK,2022/23,2023-02-26,,Stal Mielec,Gornik Zabrze,0,1,A,,,,,,,,,,,,,,,,,,,,0.3434,0.2799,0.3768,1,,,,2.82,3.58,2.68,,,,,0.2775,1,5,-1.8,-0.4361,-0.2666,0,0,,,,0.0185,,,,,,,,,,,
spelad,EK,2022/23,2023-02-26,,Wisla Plock,Pogon Szczecin,0,1,A,,,,,,,,,,,,,,,,,,,,0.2813,0.2644,0.4543,1,,,,3.44,3.85,2.2,,,,,-0.159,-1,13,0,0.3151,-0.0446,0,0,,,,0.0329,,,,,,,,,,,
spelad,EK,2022/23,2023-02-27,,Zaglebie,Legnica,2,1,H,,,,,,,,,,,,,,,,,,,,0.4189,0.2805,0.3005,1,,,,2.36,3.5,3.4,,,,,-0.7944,0,3,1,0.5204,-0.2883,0,0,,,,-0.0186,,,,,,,,,,,
spelad,EK,2022/23,2023-03-03,,Lech Poznan,Lechia Gdansk,5,0,H,,,,,,,,,,,,,,,,,,,,0.7117,0.1823,0.106,1,,,,1.4,5.4,9.4,,,,,0.0634,-1,20,1.05,0.33,-0.1184,0,0,,,,-0.0536,,,,,,,,,,,
spelad,EK,2022/23,2023-03-03,,Stal Mielec,Piast Gliwice,0,2,A,,,,,,,,,,,,,,,,,,,,0.2419,0.3081,0.45,1,,,,4,3.24,2.33,,,,,-0.3041,-1,5,-1.2,-0.1204,-0.0657,0,0,,,,0.0675,,,,,,,,,,,
spelad,EK,2022/23,2023-03-04,,Gornik Zabrze,Legia,0,1,A,,,,,,,,,,,,,,,,,,,,0.2941,0.2796,0.4263,1,,,,3.47,3.65,2.27,,,,,-0.8766,-2,15,-1,0.1642,-0.0944,0,0,,,,-0.0202,,,,,,,,,,,
spelad,EK,2022/23,2023-03-04,,Korona Kielce,Wisla Plock,1,0,H,,,,,,,,,,,,,,,,,,,,0.4122,0.2783,0.3095,1,,,,2.35,3.58,3.4,,,,,0.7238,1,12,-0.25,0.1297,-0.1907,0,0,,,,0.0062,,,,,,,,,,,
spelad,EK,2022/23,2023-03-04,,Widzew Lodz,Warta Poznan,0,2,A,,,,,,,,,,,,,,,,,,,,0.4048,0.3131,0.2821,1,,,,2.39,3.22,3.63,,,,,-0.4523,1,,,,,0,0,,,,0.0283,,,,,,,,,,,
spelad,EK,2022/23,2023-03-05,,Cracovia,Slask Wroclaw,1,1,D,,,,,,,,,,,,,,,,,,,,0.4907,0.2886,0.2207,1,,,,2,3.41,4.4,,,,,0.0229,1,18,-0.5,-0.2653,-0.0122,0,0,,,,-0.0245,,,,,,,,,,,
spelad,EK,2022/23,2023-03-05,,Legnica,Jagiellonia,1,1,D,,,,,,,,,,,,,,,,,,,,0.4189,0.2906,0.2906,1,,,,2.31,3.45,3.55,,,,,0.6521,-3,3,-1,-0.1116,-0.2793,0,0,,,,0.0107,,,,,,,,,,,
spelad,EK,2022/23,2023-03-05,,Pogon Szczecin,Rakow,0,2,A,,,,,,,,,,,,,,,,,,,,0.2465,0.2753,0.4783,1,,,,3.92,3.52,2.18,,,,,-0.4258,-2,7,-1.2857,-0.5393,0.0046,0,0,,,,0.0399,,,,,,,,,,,
spelad,EK,2022/23,2023-03-06,,Radomiak Radom,Zaglebie,0,1,A,,,,,,,,,,,,,,,,,,,,0.4675,0.2757,0.2567,1,,,,2.08,3.6,3.83,,,,,0.1012,2,3,1,0.6733,-0.2892,0,0,,,,-0.0117,,,,,,,,,,,
spelad,EK,2022/23,2023-03-08,,Wisla Plock,Warta Poznan,1,0,H,,,,,,,,,,,,,,,,,,,,0.3314,0.3205,0.3481,1,,,,2.99,3.13,2.78,,,,,-1.3321,0,5,-0.6,-0.1968,-0.3073,0,0,,,,-0.0027,,,,,,,,,,,
spelad,EK,2022/23,2023-03-10,,Lechia Gdansk,Legnica,4,0,H,,,,,,,,,,,,,,,,,,,,0.3799,0.2883,0.3318,1,,,,2.62,3.55,2.94,,,,,-0.3628,2,3,0,-0.0548,0.0484,0,0,,,,-0.019,,,,,,,,,,,
spelad,EK,2022/23,2023-03-10,,Rakow,Slask Wroclaw,4,1,H,,,,,,,,,,,,,,,,,,,,0.8048,0.1388,0.0564,1,,,,1.27,7.3,19.5,,,,,0.4691,0,7,1.2857,0.2714,0.0187,0,0,,,,-0.0496,,,,,,,,,,,
spelad,EK,2022/23,2023-03-11,,Jagiellonia,Gornik Zabrze,2,1,H,,,,,,,,,,,,,,,,,,,,0.3496,0.285,0.3654,1,,,,2.82,3.45,2.72,,,,,0.6449,-1,16,0.1875,0.0023,-0.0775,0,0,,,,-0.007,,,,,,,,,,,
spelad,EK,2022/23,2023-03-11,,Korona Kielce,Radomiak Radom,2,1,H,,,,,,,,,,,,,,,,,,,,0.3386,0.3027,0.3587,1,,,,2.92,3.3,2.74,,,,,0.1231,2,,,,,0,0,,,,-0.0013,,,,,,,,,,,
spelad,EK,2022/23,2023-03-11,,Zaglebie,Pogon Szczecin,0,1,A,,,,,,,,,,,,,,,,,,,,0.2436,0.2628,0.4935,1,,,,3.97,3.68,2.12,,,,,0.7287,-1,17,-0.1765,-0.0303,0.0728,0,0,,,,0.037,,,,,,,,,,,
spelad,EK,2022/23,2023-03-12,,Legia,Stal Mielec,2,0,H,,,,,,,,,,,,,,,,,,,,0.6607,0.2163,0.123,1,,,,1.49,4.6,8,,,,,0.8,-1,5,-1.2,-1.203,-0.0333,0,0,,,,-0.0447,,,,,,,,,,,
spelad,EK,2022/23,2023-03-12,,Piast Gliwice,Lech Poznan,1,1,D,,,,,,,,,,,,,,,,,,,,0.3193,0.3142,0.3665,1,,,,3.12,3.16,2.64,,,,,0.5014,0,18,-0.8333,-0.1206,0.0177,0,0,,,,-0.0063,,,,,,,,,,,
spelad,EK,2022/23,2023-03-12,,Warta Poznan,Cracovia,0,0,D,,,,,,,,,,,,,,,,,,,,0.3869,0.3278,0.2853,1,,,,2.53,3.05,3.41,,,,,0.2267,-3,5,1.8,1.1882,-0.3056,0,0,,,,-0.0126,,,,,,,,,,,
spelad,EK,2022/23,2023-03-13,,Wisla Plock,Widzew Lodz,1,1,D,,,,,,,,,,,,,,,,,,,,0.3194,0.2855,0.3951,1,,,,3.11,3.5,2.46,,,,,-0.0984,-4,,,,,0,0,,,,-0.0044,,,,,,,,,,,
spelad,EK,2022/23,2023-03-17,,Gornik Zabrze,Wisla Plock,3,2,H,,,,,,,,,,,,,,,,,,,,0.5246,0.2623,0.2131,1,,,,1.95,3.85,4.59,,,,,-0.3574,2,14,-0.4286,-0.2241,0.0085,0,0,,,,-0.019,,,,,,,,,,,
spelad,EK,2022/23,2023-03-17,,Radomiak Radom,Legia,0,2,A,,,,,,,,,,,,,,,,,,,,0.2977,0.2923,0.41,1,,,,3.7,3.38,2.37,,,,,-0.8009,1,3,1,0.924,-0.2865,0,0,,,,-0.0148,,,,,,,,,,,
spelad,EK,2022/23,2023-03-18,,Jagiellonia,Zaglebie,2,2,D,,,,,,,,,,,,,,,,,,,,0.417,0.2788,0.3042,1,,,,2.55,3.55,3.19,,,,,-0.2099,0,17,-0.1765,-0.0271,-0.1566,0,0,,,,-0.0322,,,,,,,,,,,
spelad,EK,2022/23,2023-03-18,,Pogon Szczecin,Korona Kielce,0,0,D,,,,,,,,,,,,,,,,,,,,0.625,0.2102,0.1648,1,,,,1.59,4.7,6,,,,,-0.4265,0,12,0.5,-0.096,0.2174,0,0,,,,-0.0316,,,,,,,,,,,
spelad,EK,2022/23,2023-03-18,,Rakow,Cracovia,4,1,H,,,,,,,,,,,,,,,,,,,,0.6915,0.2002,0.1082,1,,,,1.41,5.1,9.3,,,,,0.6386,2,7,-1.7143,-1.1843,0.1542,0,0,,,,-0.0219,,,,,,,,,,,
spelad,EK,2022/23,2023-03-18,,Slask Wroclaw,Stal Mielec,1,1,D,,,,,,,,,,,,,,,,,,,,0.43,0.2888,0.2812,1,,,,2.27,3.45,3.47,,,,,0.5991,2,5,0,-0.3365,0.3213,0,0,,,,-0.0078,,,,,,,,,,,
spelad,EK,2022/23,2023-03-19,,Legnica,Piast Gliwice,0,1,A,,,,,,,,,,,,,,,,,,,,0.2587,0.3112,0.4301,1,,,,3.74,3.21,2.33,,,,,-0.7374,2,3,-2,-0.7457,0.055,0,0,,,,0.0301,,,,,,,,,,,
spelad,EK,2022/23,2023-03-19,,Warta Poznan,Lechia Gdansk,2,0,H,,,,,,,,,,,,,,,,,,,,0.4812,0.2879,0.2309,1,,,,2.04,3.55,4.2,,,,,-0.2975,-2,5,-1.8,-0.6995,0.1112,0,0,,,,-0.0217,,,,,,,,,,,
spelad,EK,2022/23,2023-03-19,,Widzew Lodz,Lech Poznan,1,2,A,,,,,,,,,,,,,,,,,,,,0.2845,0.2837,0.4318,1,,,,3.41,3.45,2.29,,,,,0.2863,-1,,,,,0,0,,,,0.0237,,,,,,,,,,,
spelad,EK,2022/23,2023-03-31,,Piast Gliwice,Gornik Zabrze,1,0,H,,,,,,,,,,,,,,,,,,,,0.4194,0.3115,0.2691,1,,,,2.34,3.25,3.8,,,,,0.7255,-2,13,0.6923,0.2378,0.0205,0,0,,,,-0.0111,,,,,,,,,,,
spelad,EK,2022/23,2023-03-31,,Zaglebie,Warta Poznan,0,0,D,,,,,,,,,,,,,,,,,,,,0.3783,0.3094,0.3124,1,,,,2.75,3.24,3.11,,,,,0.3572,1,5,0,-0.0714,-0.0995,0,0,,,,-0.018,,,,,,,,,,,
spelad,EK,2022/23,2023-04-01,,Korona Kielce,Legnica,1,0,H,,,,,,,,,,,,,,,,,,,,0.49,0.279,0.231,1,,,,2.21,3.6,4.18,,,,,1.0738,1,4,0,-0.4038,0.7244,0,0,,,,-0.0464,,,,,,,,,,,
spelad,EK,2022/23,2023-04-01,,Lechia Gdansk,Slask Wroclaw,0,0,D,,,,,,,,,,,,,,,,,,,,0.4496,0.2877,0.2627,1,,,,2.32,3.42,3.68,,,,,-0.2092,-1,19,0.3158,0.057,0.0879,0,0,,,,-0.0372,,,,,,,,,,,
spelad,EK,2022/23,2023-04-01,,Legia,Rakow,3,1,H,,,,,,,,,,,,,,,,,,,,0.2547,0.2951,0.4502,1,,,,3.8,3.28,2.28,,,,,0.3887,1,7,0.4286,0.0855,0.0284,0,0,,,,0.0436,,,,,,,,,,,
spelad,EK,2022/23,2023-04-02,,Cracovia,Widzew Lodz,1,1,D,,,,,,,,,,,,,,,,,,,,0.371,0.3104,0.3186,1,,,,2.66,3.22,3.45,,,,,0.2849,1,,,,,0,0,,,,-0.0063,,,,,,,,,,,
spelad,EK,2022/23,2023-04-02,,Lech Poznan,Pogon Szczecin,2,2,D,,,,,,,,,,,,,,,,,,,,0.4996,0.2606,0.2398,1,,,,2.04,3.78,4.02,,,,,0.1313,-1,20,0.9,0.1212,0.0335,0,0,,,,-0.0323,,,,,,,,,,,
spelad,EK,2022/23,2023-04-02,,Wisla Plock,Radomiak Radom,1,1,D,,,,,,,,,,,,,,,,,,,,0.3205,0.3015,0.378,1,,,,3.02,3.35,2.8,,,,,-0.3315,0,3,0,0.1629,0.043,0,0,,,,0.02,,,,,,,,,,,
spelad,EK,2022/23,2023-04-03,,Stal Mielec,Jagiellonia,1,1,D,,,,,,,,,,,,,,,,,,,,0.3867,0.2877,0.3255,1,,,,2.52,3.47,2.98,,,,,-0.8138,0,5,0,0.0314,0.3348,0,0,,,,-0.0039,,,,,,,,,,,
spelad,EK,2022/23,2023-04-06,,Gornik Zabrze,Korona Kielce,1,1,D,,,,,,,,,,,,,,,,,,,,0.511,0.2744,0.2146,1,,,,1.95,3.63,4.51,,,,,-1.2612,1,13,0.2308,0.0162,0.1873,0,0,,,,-0.0283,,,,,,,,,,,
spelad,EK,2022/23,2023-04-06,,Slask Wroclaw,Piast Gliwice,0,1,A,,,,,,,,,,,,,,,,,,,,0.3024,0.3226,0.3751,1,,,,3.4,3.04,2.6,,,,,-0.3975,-1,19,-0.6316,-0.2406,-0.0221,0,0,,,,-0.0236,,,,,,,,,,,
spelad,EK,2022/23,2023-04-08,,Lech Poznan,Warta Poznan,2,0,H,,,,,,,,,,,,,,,,,,,,0.5806,0.2598,0.1596,1,,,,1.7,3.95,6.2,,,,,-0.1761,-2,5,3,0.9021,-0.2263,0,0,,,,-0.0322,,,,,,,,,,,
spelad,EK,2022/23,2023-04-08,,Pogon Szczecin,Cracovia,3,2,H,,,,,,,,,,,,,,,,,,,,0.5256,0.268,0.2064,1,,,,1.86,3.89,4.95,,,,,0.2061,0,20,-0.15,-0.1302,0.0619,0,0,,,,-0.0064,,,,,,,,,,,
spelad,EK,2022/23,2023-04-08,,Widzew Lodz,Stal Mielec,0,2,A,,,,,,,,,,,,,,,,,,,,0.5485,0.2541,0.1974,1,,,,1.78,3.96,4.94,,,,,0.1782,1,,,,,0,0,,,,-0.0179,,,,,,,,,,,
spelad,EK,2022/23,2023-04-08,,Wisla Plock,Zaglebie,2,0,H,,,,,,,,,,,,,,,,,,,,0.3382,0.2748,0.3869,1,,,,2.86,3.54,2.75,,,,,-0.688,-2,16,0.1875,0.2252,-0.0921,0,0,,,,0.0226,,,,,,,,,,,
spelad,EK,2022/23,2023-04-10,,Jagiellonia,Lechia Gdansk,1,0,H,,,,,,,,,,,,,,,,,,,,0.5189,0.254,0.2271,1,,,,2.16,3.8,4.47,,,,,0.6975,-2,19,-0.4737,-0.12,-0.0642,0,0,,,,-0.055,,,,,,,,,,,
spelad,EK,2022/23,2023-04-10,,Legnica,Legia,2,2,D,,,,,,,,,,,,,,,,,,,,0.2003,0.2541,0.5456,1,,,,4.9,3.89,1.78,,,,,-1.424,0,3,-3,-0.8858,-0.2466,0,0,,,,0.0163,,,,,,,,,,,
spelad,EK,2022/23,2023-04-10,,Radomiak Radom,Rakow,0,0,D,,,,,,,,,,,,,,,,,,,,0.1558,0.2665,0.5777,1,,,,6.28,3.75,1.7,,,,,-0.5868,-1,3,-2,-0.5433,0.0585,0,0,,,,0.0412,,,,,,,,,,,
spelad,EK,2022/23,2023-04-14,,Warta Poznan,Slask Wroclaw,3,1,H,,,,,,,,,,,,,,,,,,,,0.4342,0.3123,0.2535,1,,,,2.24,3.2,3.94,,,,,0.2632,-2,5,0,0.1173,-0.1038,0,0,,,,0.0068,,,,,,,,,,,
spelad,EK,2022/23,2023-04-14,,Zaglebie,Gornik Zabrze,0,2,A,,,,,,,,,,,,,,,,,,,,0.4001,0.2934,0.3064,1,,,,2.53,3.46,3.16,,,,,0.5211,-2,15,-0.2,-0.1368,-0.0053,0,0,,,,-0.0224,,,,,,,,,,,
spelad,EK,2022/23,2023-04-15,,Cracovia,Radomiak Radom,3,0,H,,,,,,,,,,,,,,,,,,,,0.3397,0.3133,0.347,1,,,,2.99,3.25,3.28,,,,,0.1166,2,3,1,0.7118,-0.313,0,0,,,,0.0183,,,,,,,,,,,
spelad,EK,2022/23,2023-04-15,,Korona Kielce,Jagiellonia,2,1,H,,,,,,,,,,,,,,,,,,,,0.3426,0.2983,0.3591,1,,,,2.85,3.42,2.75,,,,,0.2855,4,14,-1.5,-0.5293,-0.061,0,0,,,,0.0059,,,,,,,,,,,
spelad,EK,2022/23,2023-04-15,,Lechia Gdansk,Pogon Szczecin,0,1,A,,,,,,,,,,,,,,,,,,,,0.2238,0.2405,0.5358,1,,,,4.75,4.1,1.81,,,,,-0.7271,-2,21,-0.1429,-0.1018,0.0121,0,0,,,,-0.0089,,,,,,,,,,,
spelad,EK,2022/23,2023-04-16,,Legia,Lech Poznan,2,2,D,,,,,,,,,,,,,,,,,,,,0.3891,0.2901,0.3208,1,,,,2.53,3.47,3.1,,,,,0.6886,-2,21,0.5714,0.2531,-0.1344,0,0,,,,-0.0038,,,,,,,,,,,
spelad,EK,2022/23,2023-04-16,,Piast Gliwice,Wisla Plock,1,0,H,,,,,,,,,,,,,,,,,,,,0.5745,0.2494,0.1761,1,,,,1.77,3.89,5.7,,,,,1.0758,2,14,1.0714,0.4785,-0.0719,0,0,,,,-0.0596,,,,,,,,,,,
spelad,EK,2022/23,2023-04-16,,Rakow,Widzew Lodz,2,0,H,,,,,,,,,,,,,,,,,,,,0.7042,0.1961,0.0998,1,,,,1.38,5.2,10,,,,,0.6163,-2,,,,,0,0,,,,-0.015,,,,,,,,,,,
spelad,EK,2022/23,2023-04-17,,Stal Mielec,Legnica,1,1,D,,,,,,,,,,,,,,,,,,,,0.4431,0.2892,0.2676,1,,,,2.23,3.45,3.73,,,,,0.2008,2,,,,,0,0,,,,-0.0111,,,,,,,,,,,
spelad,EK,2022/23,2023-04-21,,Warta Poznan,Legia,1,0,H,,,,,,,,,,,,,,,,,,,,0.2962,0.3036,0.4002,1,,,,3.45,3.3,2.42,,,,,-0.2928,2,5,-1.8,-0.1465,-0.254,0,0,,,,-0.0163,,,,,,,,,,,
spelad,EK,2022/23,2023-04-21,,Wisla Plock,Jagiellonia,2,4,A,,,,,,,,,,,,,,,,,,,,0.3538,0.2859,0.3603,1,,,,2.74,3.51,2.73,,,,,-0.1252,-1,14,0.4286,0.3858,0.0149,0,0,,,,0.0118,,,,,,,,,,,
spelad,EK,2022/23,2023-04-22,,Lechia Gdansk,Cracovia,1,2,A,,,,,,,,,,,,,,,,,,,,0.3968,0.2899,0.3133,1,,,,2.65,3.34,3.1,,,,,-0.4998,0,19,-0.7895,-0.4224,-0.1744,0,0,,,,-0.028,,,,,,,,,,,
spelad,EK,2022/23,2023-04-22,,Legnica,Rakow,0,2,A,,,,,,,,,,,,,,,,,,,,0.1385,0.2521,0.6094,1,,,,7,4.25,1.61,,,,,-0.7204,-1,,,,,0,0,,,,0.0167,,,,,,,,,,,
spelad,EK,2022/23,2023-04-22,,Pogon Szczecin,Stal Mielec,4,2,H,,,,,,,,,,,,,,,,,,,,0.6211,0.2203,0.1586,1,,,,1.6,4.4,6.07,,,,,0.8772,2,5,0.6,-0.0874,-0.2641,0,0,,,,-0.0375,,,,,,,,,,,
spelad,EK,2022/23,2023-04-23,,Gornik Zabrze,Slask Wroclaw,2,0,H,,,,,,,,,,,,,,,,,,,,0.5359,0.2672,0.1969,1,,,,1.91,3.76,5,,,,,0.1775,0,16,0.75,0.3565,0.2234,0,0,,,,-0.0172,,,,,,,,,,,
spelad,EK,2022/23,2023-04-23,,Korona Kielce,Zaglebie,2,2,D,,,,,,,,,,,,,,,,,,,,0.3362,0.2943,0.3695,1,,,,2.95,3.38,2.75,,,,,0.7585,-1,13,-0.4615,0.0099,-0.0454,0,0,,,,-0.0035,,,,,,,,,,,
spelad,EK,2022/23,2023-04-23,,Widzew Lodz,Piast Gliwice,2,3,A,,,,,,,,,,,,,,,,,,,,0.3342,0.3147,0.3511,1,,,,2.95,3.13,2.8,,,,,-1.419,0,,,,,0,0,,,,0.0092,,,,,,,,,,,
spelad,EK,2022/23,2023-04-24,,Radomiak Radom,Lech Poznan,1,1,D,,,,,,,,,,,,,,,,,,,,0.297,0.2856,0.4174,1,,,,3.7,3.5,2.46,,,,,-0.342,1,3,0,0.499,0.0737,0,0,,,,0.0258,,,,,,,,,,,
spelad,EK,2022/23,2023-04-28,,Legia,Wisla Plock,2,0,H,,,,,,,,,,,,,,,,,,,,0.6396,0.2118,0.1486,1,,,,1.51,4.9,7,,,,,0.4272,0,14,0.6429,-0.0455,-0.1839,0,0,,,,-0.0074,,,,,,,,,,,
spelad,EK,2022/23,2023-04-28,,Rakow,Lechia Gdansk,4,0,H,,,,,,,,,,,,,,,,,,,,0.7736,0.1492,0.0772,1,,,,1.27,7.1,14,,,,,0.9432,0,7,1.2857,0.492,-0.2576,0,0,,,,-0.0218,,,,,,,,,,,
spelad,EK,2022/23,2023-04-29,,Jagiellonia,Warta Poznan,3,1,H,,,,,,,,,,,,,,,,,,,,0.3873,0.3073,0.3054,1,,,,2.5,3.28,3.25,,,,,-0.2405,0,5,-0.6,-0.3199,0.1013,0,0,,,,0.0013,,,,,,,,,,,
spelad,EK,2022/23,2023-04-29,,Piast Gliwice,Pogon Szczecin,0,0,D,,,,,,,,,,,,,,,,,,,,0.3509,0.3045,0.3446,1,,,,2.76,3.37,2.85,,,,,0.727,-1,19,-0.9474,-0.4639,0.0825,0,0,,,,0.0091,,,,,,,,,,,
spelad,EK,2022/23,2023-04-29,,Zaglebie,Widzew Lodz,2,0,H,,,,,,,,,,,,,,,,,,,,0.434,0.2797,0.2863,1,,,,2.29,3.58,3.38,,,,,0.695,0,,,,,0,0,,,,-0.0375,,,,,,,,,,,
spelad,EK,2022/23,2023-04-30,,Lech Poznan,Gornik Zabrze,0,1,A,,,,,,,,,,,,,,,,,,,,0.5637,0.2447,0.1916,1,,,,1.78,3.94,5.03,,,,,-0.232,-1,15,1,0.0124,0.0149,0,0,,,,-0.044,,,,,,,,,,,
spelad,EK,2022/23,2023-04-30,,Slask Wroclaw,Radomiak Radom,0,1,A,,,,,,,,,,,,,,,,,,,,0.3085,0.3056,0.3859,1,,,,3.14,3.26,2.6,,,,,0.2799,1,3,-1,-0.5838,0.3669,0,0,,,,0.0194,,,,,,,,,,,
spelad,EK,2022/23,2023-04-30,,Stal Mielec,Korona Kielce,2,1,H,,,,,,,,,,,,,,,,,,,,0.4299,0.2922,0.2779,1,,,,2.3,3.5,3.48,,,,,-0.9884,1,,,,,0,0,,,,-0.0089,,,,,,,,,,,
spelad,EK,2022/23,2023-05-01,,Cracovia,Legnica,1,1,D,,,,,,,,,,,,,,,,,,,,0.513,0.2717,0.2153,1,,,,1.91,3.6,4.6,,,,,0.6501,0,3,-1,-0.8779,0.3768,0,0,,,,-0.017,,,,,,,,,,,
spelad,EK,2022/23,2023-05-05,,Gornik Zabrze,Warta Poznan,2,0,H,,,,,,,,,,,,,,,,,,,,0.458,0.2876,0.2543,1,,,,2.23,3.4,3.85,,,,,0.1735,-1,5,0,-0.0808,-0.1013,0,0,,,,-0.0358,,,,,,,,,,,
spelad,EK,2022/23,2023-05-05,,Jagiellonia,Slask Wroclaw,1,1,D,,,,,,,,,,,,,,,,,,,,0.4814,0.2821,0.2366,1,,,,2.06,3.48,4.1,,,,,1.124,1,18,-0.3333,-0.2299,0.0526,0,0,,,,-0.0331,,,,,,,,,,,
spelad,EK,2022/23,2023-05-06,,Lech Poznan,Cracovia,3,0,H,,,,,,,,,,,,,,,,,,,,0.6088,0.2296,0.1617,1,,,,1.59,4.33,6.59,,,,,-0.0805,1,18,0,-0.2479,-0.0464,0,0,,,,-0.0045,,,,,,,,,,,
spelad,EK,2022/23,2023-05-06,,Lechia Gdansk,Zaglebie,1,3,A,,,,,,,,,,,,,,,,,,,,0.3351,0.2728,0.3921,1,,,,2.95,3.63,2.5,,,,,-0.333,1,17,0.8824,0.3448,0.0767,0,0,,,,0.0028,,,,,,,,,,,
spelad,EK,2022/23,2023-05-06,,Radomiak Radom,Piast Gliwice,0,1,A,,,,,,,,,,,,,,,,,,,,0.3284,0.3317,0.3399,1,,,,2.95,3.06,2.85,,,,,-1.5199,-1,3,1,0.3523,0.3654,0,0,,,,0.0103,,,,,,,,,,,
spelad,EK,2022/23,2023-05-07,,Korona Kielce,Rakow,1,0,H,,,,,,,,,,,,,,,,,,,,0.1091,0.2235,0.6674,1,,,,9.1,4.59,1.47,,,,,0.3852,-2,4,0,0.4634,-0.253,0,0,,,,0.0348,,,,,,,,,,,
spelad,EK,2022/23,2023-05-07,,Pogon Szczecin,Legia,2,1,H,,,,,,,,,,,,,,,,,,,,0.4356,0.265,0.2994,1,,,,2.25,3.74,3.35,,,,,-0.2021,-1,20,-0.3,0.2915,-0.0552,0,0,,,,0.0004,,,,,,,,,,,
spelad,EK,2022/23,2023-05-07,,Wisla Plock,Stal Mielec,0,0,D,,,,,,,,,,,,,,,,,,,,0.4856,0.2633,0.251,1,,,,2.2,3.69,3.85,,,,,-0.1066,2,5,0,-0.2825,0.3165,0,0,,,,-0.0737,,,,,,,,,,,
spelad,EK,2022/23,2023-05-08,,Legnica,Widzew Lodz,0,1,A,,,,,,,,,,,,,,,,,,,,0.3094,0.3017,0.3889,1,,,,3.13,3.34,2.55,,,,,0.4787,-2,,,,,0,0,,,,0.016,,,,,,,,,,,
spelad,EK,2022/23,2023-05-12,,Legia,Jagiellonia,5,1,H,,,,,,,,,,,,,,,,,,,,0.6105,0.2102,0.1793,1,,,,1.59,4.7,5.6,,,,,-0.2562,-2,20,0.45,-0.2552,0.1892,0,0,,,,-0.0122,,,,,,,,,,,
spelad,EK,2022/23,2023-05-12,,Piast Gliwice,Korona Kielce,2,1,H,,,,,,,,,,,,,,,,,,,,0.557,0.2598,0.1832,1,,,,1.77,3.8,5.8,,,,,0.257,1,12,0.5,0.1383,0.0534,0,0,,,,-0.0015,,,,,,,,,,,
spelad,EK,2022/23,2023-05-13,,Cracovia,Zaglebie,0,1,A,,,,,,,,,,,,,,,,,,,,0.3841,0.2855,0.3304,1,,,,2.58,3.56,2.93,,,,,0.2357,0,18,0.5,0.2388,0.0999,0,0,,,,-0.0226,,,,,,,,,,,
spelad,EK,2022/23,2023-05-13,,Slask Wroclaw,Wisla Plock,3,1,H,,,,,,,,,,,,,,,,,,,,0.4479,0.278,0.2741,1,,,,2.25,3.53,3.57,,,,,-0.2681,2,15,0.6,0.2146,-0.0125,0,0,,,,-0.0254,,,,,,,,,,,
spelad,EK,2022/23,2023-05-13,,Widzew Lodz,Gornik Zabrze,2,3,A,,,,,,,,,,,,,,,,,,,,0.3746,0.2907,0.3347,1,,,,2.63,3.41,2.94,,,,,-1.1851,-3,,,,,0,0,,,,-0.0048,,,,,,,,,,,
spelad,EK,2022/23,2023-05-14,,Pogon Szczecin,Legnica,3,2,H,,,,,,,,,,,,,,,,,,,,0.7228,0.1784,0.0988,1,,,,1.38,5.5,10,,,,,1.2012,1,3,1,0.344,-0.2658,0,0,,,,-0.0534,,,,,,,,,,,
spelad,EK,2022/23,2023-05-14,,Rakow,Lech Poznan,0,2,A,,,,,,,,,,,,,,,,,,,,0.4665,0.269,0.2646,1,,,,2.22,3.8,3.7,,,,,-0.1278,-1,7,0.4286,0.3414,0.0043,0,0,,,,-0.0212,,,,,,,,,,,
spelad,EK,2022/23,2023-05-14,,Stal Mielec,Lechia Gdansk,0,0,D,,,,,,,,,,,,,,,,,,,,0.4604,0.2754,0.2642,1,,,,2.11,3.67,3.71,,,,,0.7633,-1,5,-2.4,-0.8243,-0.0646,0,0,,,,-0.0059,,,,,,,,,,,
spelad,EK,2022/23,2023-05-15,,Warta Poznan,Radomiak Radom,1,2,A,,,,,,,,,,,,,,,,,,,,0.3204,0.3131,0.3665,1,,,,3.02,3.23,2.83,,,,,0.5948,1,3,1,0.8195,-0.3097,0,0,,,,0.0225,,,,,,,,,,,
spelad,EK,2022/23,2023-05-19,,Korona Kielce,Lech Poznan,0,3,A,,,,,,,,,,,,,,,,,,,,0.2015,0.2561,0.5424,1,,,,4.86,3.8,1.94,,,,,0.2122,2,13,-0.9231,0.1019,-0.0132,0,0,,,,0.0676,,,,,,,,,,,
spelad,EK,2022/23,2023-05-19,,Zaglebie,Stal Mielec,2,0,H,,,,,,,,,,,,,,,,,,,,0.5162,0.2839,0.1999,1,,,,1.99,3.5,4.83,,,,,-0.0349,1,5,0,-0.1262,-0.0662,0,0,,,,-0.064,,,,,,,,,,,
spelad,EK,2022/23,2023-05-20,,Gornik Zabrze,Pogon Szczecin,2,1,H,,,,,,,,,,,,,,,,,,,,0.3545,0.2674,0.3781,1,,,,2.73,3.78,2.6,,,,,0.4341,1,13,0.2308,0.21,0.1801,0,0,,,,0.0176,,,,,,,,,,,
spelad,EK,2022/23,2023-05-20,,Jagiellonia,Cracovia,1,1,D,,,,,,,,,,,,,,,,,,,,0.4585,0.2643,0.2772,1,,,,2.23,3.71,3.58,,,,,0.2588,1,17,0.7059,0.3997,0.0131,0,0,,,,-0.0184,,,,,,,,,,,
spelad,EK,2022/23,2023-05-20,,Lechia Gdansk,Legia,1,0,H,,,,,,,,,,,,,,,,,,,,0.2023,0.2314,0.5663,1,,,,4.95,4.2,1.82,,,,,-0.9877,-2,20,-1.2,-0.27,0.0357,0,0,,,,0.0237,,,,,,,,,,,
spelad,EK,2022/23,2023-05-21,,Radomiak Radom,Widzew Lodz,3,1,H,,,,,,,,,,,,,,,,,,,,0.4051,0.2934,0.3016,1,,,,2.39,3.44,3.6,,,,,0.6323,-2,,,,,0,0,,,,0.0331,,,,,,,,,,,
spelad,EK,2022/23,2023-05-21,,Slask Wroclaw,Legnica,4,2,H,,,,,,,,,,,,,,,,,,,,0.538,0.2713,0.1907,1,,,,1.81,3.93,6.6,,,,,0.0796,1,4,0.75,0.1944,-0.0356,0,0,,,,0.0004,,,,,,,,,,,
spelad,EK,2022/23,2023-05-21,,Wisla Plock,Rakow,1,2,A,,,,,,,,,,,,,,,,,,,,0.2626,0.2517,0.4857,1,,,,4.38,3.99,2,,,,,-0.048,1,8,-1.5,-0.2587,0.0019,0,0,,,,-0.0316,,,,,,,,,,,
spelad,EK,2022/23,2023-05-22,,Warta Poznan,Piast Gliwice,1,1,D,,,,,,,,,,,,,,,,,,,,0.3284,0.3219,0.3497,1,,,,3.09,3.12,2.78,,,,,-1.1841,-3,5,1.2,0.9323,-0.1089,0,0,,,,-0.025,,,,,,,,,,,
spelad,EK,2022/23,2023-05-27,,Cracovia,Wisla Plock,3,0,H,,,,,,,,,,,,,,,,,,,,0.4065,0.2644,0.3291,1,,,,2.46,3.73,2.97,,,,,0.4079,1,14,0.2143,0.0597,-0.0741,0,0,,,,-0.0201,,,,,,,,,,,
spelad,EK,2022/23,2023-05-27,,Lech Poznan,Jagiellonia,2,0,H,,,,,,,,,,,,,,,,,,,,0.7659,0.1464,0.0877,1,,,,1.3,6.8,12,,,,,0.114,1,19,-0.7895,-0.7419,0.0546,0,0,,,,-0.0458,,,,,,,,,,,
spelad,EK,2022/23,2023-05-27,,Legia,Slask Wroclaw,3,1,H,,,,,,,,,,,,,,,,,,,,0.5222,0.2439,0.2339,1,,,,1.95,4,4.2,,,,,-0.0265,1,16,1.6875,0.3738,-0.0632,0,0,,,,-0.0439,,,,,,,,,,,
spelad,EK,2022/23,2023-05-27,,Legnica,Gornik Zabrze,0,0,D,,,,,,,,,,,,,,,,,,,,0.2955,0.2612,0.4433,1,,,,3.86,3.81,2.22,,,,,-1.4914,-1,4,0,0.1996,-0.2657,0,0,,,,0.0009,,,,,,,,,,,
spelad,EK,2022/23,2023-05-27,,Piast Gliwice,Lechia Gdansk,3,0,H,,,,,,,,,,,,,,,,,,,,0.6351,0.2189,0.146,1,,,,1.58,4.6,7.1,,,,,1.395,-2,19,-0.3158,-0.008,-0.1246,0,0,,,,-0.0058,,,,,,,,,,,
spelad,EK,2022/23,2023-05-27,,Pogon Szczecin,Radomiak Radom,4,0,H,,,,,,,,,,,,,,,,,,,,0.6181,0.2124,0.1695,1,,,,1.63,4.6,5.8,,,,,0.2484,1,3,2,0.7292,0.0424,0,0,,,,-0.042,,,,,,,,,,,
spelad,EK,2022/23,2023-05-27,,Rakow,Zaglebie,1,1,D,,,,,,,,,,,,,,,,,,,,0.7131,0.1701,0.1168,1,,,,1.45,5.9,9.5,,,,,-0.6488,-2,8,1.125,0.2802,-0.1256,0,0,,,,-0.0144,,,,,,,,,,,
spelad,EK,2022/23,2023-05-27,,Stal Mielec,Warta Poznan,1,0,H,,,,,,,,,,,,,,,,,,,,0.3434,0.3144,0.3422,1,,,,2.82,3.32,3.15,,,,,0.2375,3,5,-1.2,-0.5759,0.2948,0,0,,,,0.0684,,,,,,,,,,,
spelad,EK,2022/23,2023-05-27,,Widzew Lodz,Korona Kielce,0,3,A,,,,,,,,,,,,,,,,,,,,0.3882,0.2678,0.344,1,,,,2.52,3.68,2.92,,,,,-1.0694,-2,,,,,0,0,,,,0.0029,,,,,,,,,,,
spelad,EK,2023/24,2023-07-21,,Legia,LKS Lodz,3,0,H,,,,,,,,,,,,,,,,,,,,0.652,0.2075,0.1405,1,,,,1.5,5.1,8.5,,,,,0.2777,,,,,,-1,0,,,,0.0271,,,,,,,,,,,
spelad,EK,2023/24,2023-07-21,,Warta Poznan,Pogon Szczecin,0,1,A,,,,,,,,,,,,,,,,,,,,0.2871,0.2905,0.4224,1,,,,3.78,3.42,2.3,,,,,-0.905,,6,-1.5,-0.4393,0.2162,0,0,,,,-0.0124,,,,,,,,,,,
spelad,EK,2023/24,2023-07-22,,Piast Gliwice,Lech Poznan,1,2,A,,,,,,,,,,,,,,,,,,,,0.2989,0.3272,0.3739,1,,,,3.25,3.11,2.66,,,,,0.5313,,19,-0.7895,-0.1285,0.0529,0,0,,,,0.0096,,,,,,,,,,,
spelad,EK,2023/24,2023-07-22,,Rakow,Jagiellonia,3,0,H,,,,,,,,,,,,,,,,,,,,0.7259,0.1791,0.0949,1,,,,1.4,5.5,11,,,,,-0.4031,,8,1.5,0.3735,0.0042,0,0,,,,-0.0222,,,,,,,,,,,
spelad,EK,2023/24,2023-07-22,,Stal Mielec,Cracovia,2,2,D,,,,,,,,,,,,,,,,,,,,0.2637,0.3024,0.4339,1,,,,3.67,3.4,2.38,,,,,0.1685,,6,-0.5,-0.0087,0.2161,0,0,,,,0.059,,,,,,,,,,,
spelad,EK,2023/24,2023-07-23,,Gornik Zabrze,Radomiak Radom,0,2,A,,,,,,,,,,,,,,,,,,,,0.326,0.2988,0.3752,1,,,,2.99,3.42,3.4,,,,,0.8867,,4,0,-0.1852,0.211,0,0,,,,0.1125,,,,,,,,,,,
spelad,EK,2023/24,2023-07-23,,Widzew Lodz,Puszcza,3,2,H,,,,,,,,,,,,,,,,,,,,0.5309,0.2549,0.2142,1,,,,1.93,3.79,4.51,,,,,,,,,,,-1,0,,,,-0.0623,,,,,,,,,,,
spelad,EK,2023/24,2023-07-23,,Zaglebie,Ruch Chorzow,2,1,H,,,,,,,,,,,,,,,,,,,,0.467,0.2731,0.2599,1,,,,2.11,3.79,4.3,,,,,0.7546,,6,1,0.0894,0.0524,-1,0,,,,0.0547,,,,,,,,,,,
spelad,EK,2023/24,2023-07-24,,Korona Kielce,Slask Wroclaw,1,1,D,,,,,,,,,,,,,,,,,,,,0.434,0.2789,0.2872,1,,,,2.49,3.52,3.38,,,,,0.7053,,14,0.6429,0.446,0.0748,0,0,,,,-0.0578,,,,,,,,,,,
spelad,EK,2023/24,2023-07-28,,Ruch Chorzow,LKS Lodz,2,0,H,,,,,,,,,,,,,,,,,,,,0.421,0.3016,0.2774,1,,,,2.44,3.4,3.5,,,,,0.141,-2,,,,,0,0,,,,-0.0162,,,,,,,,,,,
spelad,EK,2023/24,2023-07-29,,Jagiellonia,Puszcza,4,1,H,,,,,,,,,,,,,,,,,,,,0.4579,0.2676,0.2745,1,,,,2.11,3.75,3.73,,,,,,1,,,,,-1,0,,,,0.0048,,,,,,,,,,,
spelad,EK,2023/24,2023-07-29,,Slask Wroclaw,Zaglebie,1,2,A,,,,,,,,,,,,,,,,,,,,0.3534,0.3045,0.3421,1,,,,2.75,3.25,2.94,,,,,-0.9394,-1,17,-0.5294,-0.2534,0.0673,0,0,,,,0.0087,,,,,,,,,,,
spelad,EK,2023/24,2023-07-29,,Warta Poznan,Gornik Zabrze,2,0,H,,,,,,,,,,,,,,,,,,,,0.4323,0.3094,0.2583,1,,,,2.3,3.27,3.75,,,,,-1.3866,2,6,-0.5,-0.0233,-0.1324,0,0,,,,-0.0223,,,,,,,,,,,
spelad,EK,2023/24,2023-07-30,,Lech Poznan,Radomiak Radom,2,0,H,,,,,,,,,,,,,,,,,,,,0.5478,0.2627,0.1894,1,,,,1.81,3.79,5.16,,,,,0.0946,1,4,0,-0.5639,0.2339,0,0,,,,-0.0399,,,,,,,,,,,
spelad,EK,2023/24,2023-07-30,,Pogon Szczecin,Widzew Lodz,2,1,H,,,,,,,,,,,,,,,,,,,,0.5634,0.2299,0.2067,1,,,,1.74,4.33,5.8,,,,,1.1372,2,,,,,0,0,,,,0.0064,,,,,,,,,,,
spelad,EK,2023/24,2023-07-30,,Stal Mielec,Piast Gliwice,0,0,D,,,,,,,,,,,,,,,,,,,,0.1868,0.2857,0.5276,1,,,,5.17,3.45,2,,,,,-0.524,0,6,-1.5,-0.2726,-0.1061,0,0,,,,0.0528,,,,,,,,,,,
spelad,EK,2023/24,2023-08-04,,Jagiellonia,Widzew Lodz,2,1,H,,,,,,,,,,,,,,,,,,,,0.4479,0.2749,0.2772,1,,,,2.25,3.65,3.5,,,,,0.7753,1,,,,,0,0,,,,-0.0302,,,,,,,,,,,
spelad,EK,2023/24,2023-08-04,,LKS Lodz,Korona Kielce,2,1,H,,,,,,,,,,,,,,,,,,,,0.4229,0.2791,0.298,1,,,,2.31,3.5,3.32,,,,,-0.9249,-4,3,-1,-0.2927,-0.2717,1,0,,,,-0.0131,,,,,,,,,,,
spelad,EK,2023/24,2023-08-05,,Gornik Zabrze,Piast Gliwice,0,0,D,,,,,,,,,,,,,,,,,,,,0.218,0.2816,0.5004,1,,,,4.43,3.43,2.13,,,,,0.3326,1,13,-0.6923,-0.2462,0.0189,0,0,,,,0.0596,,,,,,,,,,,
spelad,EK,2023/24,2023-08-05,,Radomiak Radom,Cracovia,0,1,A,,,,,,,,,,,,,,,,,,,,0.4626,0.2921,0.2454,1,,,,2.13,3.38,4,,,,,0.2319,-7,4,-1.5,-0.6377,-0.3131,0,0,,,,-0.0255,,,,,,,,,,,
spelad,EK,2023/24,2023-08-05,,Rakow,Warta Poznan,2,2,D,,,,,,,,,,,,,,,,,,,,0.6329,0.2358,0.1313,1,,,,1.6,4.1,8,,,,,0.2523,7,6,2.5,0.6966,-0.0999,0,0,,,,-0.0666,,,,,,,,,,,
spelad,EK,2023/24,2023-08-06,,Legia,Ruch Chorzow,3,0,H,,,,,,,,,,,,,,,,,,,,0.6419,0.2089,0.1493,1,,,,1.54,4.7,6.8,,,,,0.1626,7,5,1.2,-0.1411,-0.0158,-1,0,,,,-0.0324,,,,,,,,,,,
spelad,EK,2023/24,2023-08-06,,Zaglebie,Lech Poznan,1,1,D,,,,,,,,,,,,,,,,,,,,0.2429,0.2511,0.5061,1,,,,4.1,3.9,1.96,,,,,0.5258,1,19,0.4737,0.5183,0.055,0,0,,,,0.0297,,,,,,,,,,,
spelad,EK,2023/24,2023-08-07,,Puszcza,Stal Mielec,1,0,H,,,,,,,,,,,,,,,,,,,,0.3963,0.2966,0.307,1,,,,2.44,3.38,3.28,,,,,,1,,,,,1,0,,,,0.0059,,,,,,,,,,,
spelad,EK,2023/24,2023-08-11,,Cracovia,Zaglebie,2,1,H,,,,,,,,,,,,,,,,,,,,0.442,0.275,0.283,1,,,,2.31,3.54,3.42,,,,,-0.97,1,19,0.3158,0.1506,0.0796,0,0,,,,-0.0591,,,,,,,,,,,
spelad,EK,2023/24,2023-08-11,,Piast Gliwice,Rakow,2,1,H,,,,,,,,,,,,,,,,,,,,0.3095,0.325,0.3655,1,,,,3.16,3.08,2.69,,,,,0.3681,0,8,-1.875,-0.5822,-0.158,0,0,,,,0.0085,,,,,,,,,,,
spelad,EK,2023/24,2023-08-12,,Korona Kielce,Gornik Zabrze,0,1,A,,,,,,,,,,,,,,,,,,,,0.4395,0.2774,0.2831,1,,,,2.25,3.53,3.41,,,,,-0.5886,1,14,-0.2143,-0.1831,0.2258,0,0,,,,-0.0258,,,,,,,,,,,
spelad,EK,2023/24,2023-08-12,,Stal Mielec,Slask Wroclaw,3,1,H,,,,,,,,,,,,,,,,,,,,0.3058,0.3049,0.3893,1,,,,3.28,3.34,2.49,,,,,0.2998,-7,6,0,-0.0094,0.3863,0,0,,,,0.0056,,,,,,,,,,,
spelad,EK,2023/24,2023-08-12,,Widzew Lodz,LKS Lodz,1,0,H,,,,,,,,,,,,,,,,,,,,0.4442,0.2815,0.2743,1,,,,2.2,3.51,3.58,,,,,-0.2329,0,,,,,-1,0,,,,-0.0021,,,,,,,,,,,
spelad,EK,2023/24,2023-08-13,,Pogon Szczecin,Radomiak Radom,0,2,A,,,,,,,,,,,,,,,,,,,,0.4809,0.262,0.2571,1,,,,2.05,3.74,4.45,,,,,0.3838,6,4,2.25,0.7802,-0.0213,0,0,,,,-0.0124,,,,,,,,,,,
spelad,EK,2023/24,2023-08-13,,Puszcza,Legia,1,1,D,,,,,,,,,,,,,,,,,,,,0.1514,0.2222,0.6263,1,,,,6.6,4.4,1.57,,,,,,-1,,,,,1,0,,,,0.0319,,,,,,,,,,,
spelad,EK,2023/24,2023-08-14,,Warta Poznan,Ruch Chorzow,2,2,D,,,,,,,,,,,,,,,,,,,,0.5332,0.2703,0.1965,1,,,,1.95,3.7,4.91,,,,,-0.1995,1,,,,,-1,0,,,,-0.0481,,,,,,,,,,,
spelad,EK,2023/24,2023-08-18,,Gornik Zabrze,Widzew Lodz,1,1,D,,,,,,,,,,,,,,,,,,,,0.4556,0.2776,0.2668,1,,,,2.2,3.52,3.62,,,,,0.7037,0,,,,,0,0,,,,-0.033,,,,,,,,,,,
spelad,EK,2023/24,2023-08-18,,Zaglebie,Puszcza,1,0,H,,,,,,,,,,,,,,,,,,,,0.5611,0.2462,0.1926,1,,,,1.76,3.96,5.04,,,,,,2,,,,,-1,0,,,,-0.02,,,,,,,,,,,
spelad,EK,2023/24,2023-08-19,,Radomiak Radom,Warta Poznan,3,2,H,,,,,,,,,,,,,,,,,,,,0.4835,0.2878,0.2286,1,,,,2.05,3.45,4.3,,,,,0.7879,1,4,0,0.0145,-0.3106,0,0,,,,-0.019,,,,,,,,,,,
spelad,EK,2023/24,2023-08-19,,Rakow,Stal Mielec,2,0,H,,,,,,,,,,,,,,,,,,,,0.7065,0.1806,0.1129,1,,,,1.42,5.32,8.8,,,,,-0.7519,1,6,2.5,0.5456,-0.0505,0,0,,,,-0.0502,,,,,,,,,,,
spelad,EK,2023/24,2023-08-19,,Ruch Chorzow,Jagiellonia,0,1,A,,,,,,,,,,,,,,,,,,,,0.3791,0.2921,0.3288,1,,,,2.65,3.5,2.96,,,,,-0.3889,-7,3,-3,-1.0816,-0.2814,1,0,,,,-0.0111,,,,,,,,,,,
spelad,EK,2023/24,2023-08-20,,Legia,Korona Kielce,1,0,H,,,,,,,,,,,,,,,,,,,,0.6933,0.1889,0.1178,1,,,,1.41,5.3,8.7,,,,,0.3151,-1,14,1.5,0.1084,-0.0116,0,0,,,,-0.0308,,,,,,,,,,,
spelad,EK,2023/24,2023-08-20,,LKS Lodz,Pogon Szczecin,1,0,H,,,,,,,,,,,,,,,,,,,,0.3052,0.2449,0.4499,1,,,,3.35,3.95,2.18,,,,,-0.6158,1,,,,,1,0,,,,-0.0167,,,,,,,,,,,
spelad,EK,2023/24,2023-08-20,,Slask Wroclaw,Lech Poznan,3,1,H,,,,,,,,,,,,,,,,,,,,0.2265,0.2629,0.5106,1,,,,4.4,3.74,1.92,,,,,-0.8934,-6,17,-0.3529,0.1997,0.0269,0,0,,,,0.0101,,,,,,,,,,,
spelad,EK,2023/24,2023-08-21,,Cracovia,Piast Gliwice,1,1,D,,,,,,,,,,,,,,,,,,,,0.283,0.3122,0.4049,1,,,,3.5,3.17,2.39,,,,,-0.1088,0,20,-0.45,-0.1656,-0.0433,0,0,,,,0,,,,,,,,,,,
spelad,EK,2023/24,2023-08-25,,Stal Mielec,Radomiak Radom,2,0,H,,,,,,,,,,,,,,,,,,,,0.2478,0.2736,0.4785,1,,,,4.2,3.58,2.05,,,,,-0.5543,0,4,0,0.2051,0.212,0,0,,,,0.0019,,,,,,,,,,,
spelad,EK,2023/24,2023-08-25,,Widzew Lodz,Slask Wroclaw,0,2,A,,,,,,,,,,,,,,,,,,,,0.4284,0.279,0.2925,1,,,,2.26,3.53,3.51,,,,,-0.5221,2,,,,,0,0,,,,0.0172,,,,,,,,,,,
spelad,EK,2023/24,2023-08-26,,Piast Gliwice,Ruch Chorzow,0,0,D,,,,,,,,,,,,,,,,,,,,0.6408,0.2341,0.125,1,,,,1.55,4.16,8,,,,,0.2408,-2,5,2.4,1.0237,-0.0787,-1,0,,,,-0.0246,,,,,,,,,,,
spelad,EK,2023/24,2023-08-26,,Puszcza,LKS Lodz,2,1,H,,,,,,,,,,,,,,,,,,,,0.3547,0.297,0.3483,1,,,,2.81,3.53,2.8,,,,,-0.1974,2,,,,,0,0,,,,-0.0086,,,,,,,,,,,
spelad,EK,2023/24,2023-08-26,,Warta Poznan,Cracovia,0,0,D,,,,,,,,,,,,,,,,,,,,0.4191,0.3074,0.2735,1,,,,2.32,3.3,3.71,,,,,-0.7534,2,6,1.5,0.9088,-0.1426,0,0,,,,-0.0183,,,,,,,,,,,
spelad,EK,2023/24,2023-08-27,,Jagiellonia,Gornik Zabrze,4,1,H,,,,,,,,,,,,,,,,,,,,0.4604,0.2754,0.2642,1,,,,2.15,3.55,3.75,,,,,-0.0302,-1,15,0,-0.0959,-0.064,0,0,,,,-0.0239,,,,,,,,,,,
spelad,EK,2023/24,2023-08-27,,Korona Kielce,Zaglebie,2,0,H,,,,,,,,,,,,,,,,,,,,0.3682,0.2908,0.341,1,,,,2.68,3.38,2.85,,,,,-0.9681,-2,13,-0.6923,-0.179,0.0302,0,0,,,,-0.0065,,,,,,,,,,,
spelad,EK,2023/24,2023-08-30,,Pogon Szczecin,Slask Wroclaw,0,2,A,,,,,,,,,,,,,,,,,,,,0.5502,0.2413,0.2084,1,,,,1.79,4.1,4.62,,,,,-0.2044,5,17,-0.3529,-0.3867,0.1318,0,0,,,,-0.0197,,,,,,,,,,,
spelad,EK,2023/24,2023-09-01,,LKS Lodz,Warta Poznan,0,2,A,,,,,,,,,,,,,,,,,,,,0.3649,0.3051,0.33,1,,,,2.71,3.25,2.93,,,,,0.4151,0,,,,,1,0,,,,-0.0043,,,,,,,,,,,
spelad,EK,2023/24,2023-09-01,,Ruch Chorzow,Stal Mielec,1,1,D,,,,,,,,,,,,,,,,,,,,0.4669,0.2794,0.2537,1,,,,2.14,3.47,3.9,,,,,-0.4641,-1,,,,,1,0,,,,-0.0254,,,,,,,,,,,
spelad,EK,2023/24,2023-09-02,,Cracovia,Korona Kielce,0,0,D,,,,,,,,,,,,,,,,,,,,0.4855,0.2867,0.2279,1,,,,2.01,3.54,4.3,,,,,0.5897,1,11,0.2727,0.0089,-0.1,0,0,,,,-0.0104,,,,,,,,,,,
spelad,EK,2023/24,2023-09-02,,Lech Poznan,Gornik Zabrze,1,1,D,,,,,,,,,,,,,,,,,,,,0.723,0.1774,0.0996,1,,,,1.35,5.6,10.1,,,,,0.7116,7,15,0.6,-0.1777,0.014,0,0,,,,-0.0217,,,,,,,,,,,
spelad,EK,2023/24,2023-09-02,,Radomiak Radom,Piast Gliwice,1,1,D,,,,,,,,,,,,,,,,,,,,0.3533,0.3174,0.3293,1,,,,2.88,3.13,2.94,,,,,0.4577,1,4,0,-0.065,0.1912,0,0,,,,-0.0412,,,,,,,,,,,
spelad,EK,2023/24,2023-09-03,,Legia,Widzew Lodz,3,1,H,,,,,,,,,,,,,,,,,,,,0.6601,0.2012,0.1387,1,,,,1.51,4.8,6.98,,,,,0.5097,5,,,,,0,0,,,,-0.0604,,,,,,,,,,,
spelad,EK,2023/24,2023-09-03,,Rakow,Puszcza,2,0,H,,,,,,,,,,,,,,,,,,,,0.7366,0.1699,0.0935,1,,,,1.35,5.7,10.32,,,,,-0.7513,7,,,,,-1,0,,,,-0.0457,,,,,,,,,,,
spelad,EK,2023/24,2023-09-03,,Slask Wroclaw,Jagiellonia,2,1,H,,,,,,,,,,,,,,,,,,,,0.3825,0.296,0.3215,1,,,,2.58,3.45,3.07,,,,,-0.0398,-3,18,0.3333,0.1991,0.0532,0,0,,,,0.0043,,,,,,,,,,,
spelad,EK,2023/24,2023-09-03,,Zaglebie,Pogon Szczecin,1,0,H,,,,,,,,,,,,,,,,,,,,0.3577,0.2559,0.3864,1,,,,2.73,3.86,2.56,,,,,0.7224,3,18,-0.3333,-0.0838,0.0541,0,0,,,,0.0021,,,,,,,,,,,
spelad,EK,2023/24,2023-09-15,,Gornik Zabrze,Ruch Chorzow,1,0,H,,,,,,,,,,,,,,,,,,,,0.4231,0.2833,0.2936,1,,,,2.29,3.56,3.4,,,,,-0.0499,-1,,,,,-1,0,,,,0.003,,,,,,,,,,,
spelad,EK,2023/24,2023-09-15,,Puszcza,Slask Wroclaw,1,3,A,,,,,,,,,,,,,,,,,,,,0.3328,0.3017,0.3655,1,,,,3.02,3.28,2.72,,,,,-0.4279,0,,,,,1,0,,,,0.0072,,,,,,,,,,,
spelad,EK,2023/24,2023-09-16,,Piast Gliwice,Legia,1,1,D,,,,,,,,,,,,,,,,,,,,0.4171,0.2888,0.2941,1,,,,2.38,3.45,3.38,,,,,-0.5762,1,18,-0.6667,0.1715,-0.0327,0,0,,,,-0.0035,,,,,,,,,,,
spelad,EK,2023/24,2023-09-16,,Pogon Szczecin,Korona Kielce,3,1,H,,,,,,,,,,,,,,,,,,,,0.5457,0.2322,0.2221,1,,,,1.82,4.2,4.4,,,,,-0.3918,-1,12,0.5,-0.1548,0.2252,0,0,,,,-0.0286,,,,,,,,,,,
spelad,EK,2023/24,2023-09-16,,Rakow,LKS Lodz,1,0,H,,,,,,,,,,,,,,,,,,,,0.7234,0.1792,0.0975,1,,,,1.38,5.5,9.87,,,,,0.1389,-2,3,-2,-1.2438,0.0597,-1,0,,,,-0.0636,,,,,,,,,,,
spelad,EK,2023/24,2023-09-17,,Jagiellonia,Radomiak Radom,3,2,H,,,,,,,,,,,,,,,,,,,,0.421,0.2873,0.2917,1,,,,2.46,3.5,3.32,,,,,0.4432,-1,4,-0.75,-0.5099,0.471,0,0,,,,-0.0589,,,,,,,,,,,
spelad,EK,2023/24,2023-09-17,,Warta Poznan,Lech Poznan,0,2,A,,,,,,,,,,,,,,,,,,,,0.167,0.2626,0.5703,1,,,,6,3.84,1.75,,,,,-0.4721,1,6,-3,-0.6863,-0.2319,0,0,,,,0.0197,,,,,,,,,,,
spelad,EK,2023/24,2023-09-17,,Widzew Lodz,Cracovia,2,0,H,,,,,,,,,,,,,,,,,,,,0.3532,0.2897,0.3571,1,,,,2.8,3.45,2.75,,,,,-0.7831,-1,,,,,0,0,,,,-0.0001,,,,,,,,,,,
spelad,EK,2023/24,2023-09-18,,Stal Mielec,Zaglebie,4,2,H,,,,,,,,,,,,,,,,,,,,0.2853,0.2811,0.4336,1,,,,3.41,3.53,2.25,,,,,-0.0124,2,6,-0.5,0.0131,-0.1025,0,0,,,,0.009,,,,,,,,,,,
spelad,EK,2023/24,2023-09-22,,Korona Kielce,Widzew Lodz,1,1,D,,,,,,,,,,,,,,,,,,,,0.3983,0.2864,0.3153,1,,,,2.43,3.49,3.23,,,,,-0.1786,1,,,,,0,0,,,,0.0116,,,,,,,,,,,
spelad,EK,2023/24,2023-09-22,,LKS Lodz,Jagiellonia,2,2,D,,,,,,,,,,,,,,,,,,,,0.3474,0.2937,0.3589,1,,,,2.87,3.38,2.7,,,,,-0.9887,1,,,,,1,0,,,,-0.0047,,,,,,,,,,,
spelad,EK,2023/24,2023-09-23,,Cracovia,Pogon Szczecin,1,5,A,,,,,,,,,,,,,,,,,,,,0.351,0.2849,0.3642,1,,,,2.79,3.45,2.72,,,,,0.4888,-1,20,0.15,0.1035,0.0631,0,0,,,,0.0057,,,,,,,,,,,
spelad,EK,2023/24,2023-09-23,,Lech Poznan,Stal Mielec,2,1,H,,,,,,,,,,,,,,,,,,,,0.7123,0.1807,0.107,1,,,,1.36,5.75,12,,,,,-0.3092,1,6,-0.5,-1.2185,0.3045,0,0,,,,-0.0046,,,,,,,,,,,
spelad,EK,2023/24,2023-09-23,,Radomiak Radom,Puszcza,1,1,D,,,,,,,,,,,,,,,,,,,,0.6018,0.2298,0.1683,1,,,,1.62,4.3,5.9,,,,,0.0163,-2,,,,,-1,0,,,,-0.0221,,,,,,,,,,,
spelad,EK,2023/24,2023-09-23,,Slask Wroclaw,Piast Gliwice,1,0,H,,,,,,,,,,,,,,,,,,,,0.2396,0.3102,0.4502,1,,,,4.04,3.25,2.21,,,,,1.234,1,19,-0.6316,-0.2251,-0.0244,0,0,,,,0.0311,,,,,,,,,,,
spelad,EK,2023/24,2023-09-24,,Legia,Gornik Zabrze,2,1,H,,,,,,,,,,,,,,,,,,,,0.6316,0.2177,0.1507,1,,,,1.54,4.76,7.04,,,,,0.1754,-1,15,1,-0.007,-0.1034,0,0,,,,-0.0116,,,,,,,,,,,
spelad,EK,2023/24,2023-09-24,,Ruch Chorzow,Rakow,3,5,A,,,,,,,,,,,,,,,,,,,,0.2366,0.2659,0.4975,1,,,,4.38,3.73,2.01,,,,,-0.3821,1,,,,,1,0,,,,0.0105,,,,,,,,,,,
spelad,EK,2023/24,2023-09-24,,Zaglebie,Warta Poznan,1,0,H,,,,,,,,,,,,,,,,,,,,0.4721,0.2847,0.2432,1,,,,2.12,3.47,4,,,,,0.324,-1,6,0,-0.1335,0.0322,0,0,,,,-0.0226,,,,,,,,,,,
spelad,EK,2023/24,2023-09-27,,Pogon Szczecin,Legia,3,4,A,,,,,,,,,,,,,,,,,,,,0.4014,0.258,0.3406,1,,,,2.64,3.81,3.05,,,,,-0.6735,1,20,0,0.399,-0.057,0,0,,,,-0.0223,,,,,,,,,,,
spelad,EK,2023/24,2023-09-28,,Lech Poznan,Rakow,4,1,H,,,,,,,,,,,,,,,,,,,,0.4558,0.2859,0.2584,1,,,,2.22,3.45,3.78,,,,,0.1262,1,8,0,-0.0603,-0.0298,0,0,,,,-0.0309,,,,,,,,,,,
spelad,EK,2023/24,2023-09-29,,Piast Gliwice,Widzew Lodz,3,2,H,,,,,,,,,,,,,,,,,,,,0.6088,0.2411,0.1501,1,,,,1.62,4,6.5,,,,,-0.3353,-1,,,,,0,0,,,,-0.0283,,,,,,,,,,,
spelad,EK,2023/24,2023-09-29,,Stal Mielec,Korona Kielce,2,3,A,,,,,,,,,,,,,,,,,,,,0.3535,0.2944,0.3522,1,,,,2.8,3.39,2.76,,,,,0.892,-1,,,,,0,0,,,,-0.005,,,,,,,,,,,
spelad,EK,2023/24,2023-09-30,,LKS Lodz,Cracovia,0,2,A,,,,,,,,,,,,,,,,,,,,0.3654,0.3064,0.3282,1,,,,2.83,3.25,3.05,,,,,-0.1914,1,,,,,1,0,,,,0.0064,,,,,,,,,,,
spelad,EK,2023/24,2023-09-30,,Puszcza,Ruch Chorzow,2,2,D,,,,,,,,,,,,,,,,,,,,0.3667,0.296,0.3373,1,,,,2.65,3.3,2.95,,,,,0.377,1,,,,,0,0,,,,0.0078,,,,,,,,,,,
spelad,EK,2023/24,2023-09-30,,Warta Poznan,Slask Wroclaw,0,1,A,,,,,,,,,,,,,,,,,,,,0.3985,0.3249,0.2766,1,,,,2.55,3.17,3.55,,,,,-1.1305,-1,6,0.5,0.3286,-0.1385,0,0,,,,-0.0318,,,,,,,,,,,
spelad,EK,2023/24,2023-10-01,,Jagiellonia,Legia,2,0,H,,,,,,,,,,,,,,,,,,,,0.3434,0.2799,0.3768,1,,,,3.34,3.6,2.66,,,,,0.0716,5,19,-0.4737,0.0618,0.1597,0,0,,,,-0.0235,,,,,,,,,,,
spelad,EK,2023/24,2023-10-01,,Pogon Szczecin,Lech Poznan,5,0,H,,,,,,,,,,,,,,,,,,,,0.3483,0.272,0.3797,1,,,,2.95,3.65,2.57,,,,,-0.7532,1,19,-0.9474,-0.266,0.0957,0,0,,,,-0.0063,,,,,,,,,,,
spelad,EK,2023/24,2023-10-01,,Rakow,Radomiak Radom,3,0,H,,,,,,,,,,,,,,,,,,,,0.6174,0.224,0.1587,1,,,,1.6,4.4,6.07,,,,,0.4756,-5,4,1.5,0.1138,0.2273,0,0,,,,-0.0414,,,,,,,,,,,
spelad,EK,2023/24,2023-10-02,,Gornik Zabrze,Zaglebie,0,2,A,,,,,,,,,,,,,,,,,,,,0.3628,0.2875,0.3497,1,,,,2.67,3.5,2.84,,,,,-0.1584,0,15,0.4,0.2881,-0.0709,0,0,,,,0.0086,,,,,,,,,,,
spelad,EK,2023/24,2023-10-06,,Korona Kielce,Warta Poznan,1,1,D,,,,,,,,,,,,,,,,,,,,0.3841,0.327,0.2889,1,,,,2.6,3.23,3.35,,,,,0.2779,1,,,,,0,0,,,,-0.023,,,,,,,,,,,
spelad,EK,2023/24,2023-10-06,,Lech Poznan,Puszcza,4,1,H,,,,,,,,,,,,,,,,,,,,0.7516,0.165,0.0834,1,,,,1.35,6,11.53,,,,,-0.2429,-1,,,,,0,0,,,,-0.0527,,,,,,,,,,,
spelad,EK,2023/24,2023-10-07,,Radomiak Radom,LKS Lodz,3,0,H,,,,,,,,,,,,,,,,,,,,0.555,0.2439,0.2012,1,,,,1.79,4.1,5.09,,,,,-0.0839,-1,,,,,0,0,,,,-0.0201,,,,,,,,,,,
spelad,EK,2023/24,2023-10-07,,Ruch Chorzow,Pogon Szczecin,0,3,A,,,,,,,,,,,,,,,,,,,,0.2739,0.2473,0.4787,1,,,,3.8,3.95,2.09,,,,,-0.1313,1,4,-0.75,0.0188,-0.0426,0,0,,,,0.0045,,,,,,,,,,,
spelad,EK,2023/24,2023-10-07,,Widzew Lodz,Stal Mielec,1,0,H,,,,,,,,,,,,,,,,,,,,0.5057,0.261,0.2333,1,,,,1.95,3.79,4.2,,,,,-0.4054,0,,,,,0,0,,,,-0.0281,,,,,,,,,,,
spelad,EK,2023/24,2023-10-07,,Zaglebie,Piast Gliwice,1,1,D,,,,,,,,,,,,,,,,,,,,0.2465,0.2911,0.4624,1,,,,3.92,3.36,2.24,,,,,0.4997,-3,19,0,-0.0057,0.0894,0,0,,,,0.0575,,,,,,,,,,,
spelad,EK,2023/24,2023-10-08,,Cracovia,Jagiellonia,2,4,A,,,,,,,,,,,,,,,,,,,,0.4477,0.2836,0.2686,1,,,,2.2,3.47,3.63,,,,,-0.7456,1,17,-0.7059,-0.3779,0.0141,0,0,,,,-0.0262,,,,,,,,,,,
spelad,EK,2023/24,2023-10-08,,Legia,Rakow,1,2,A,,,,,,,,,,,,,,,,,,,,0.4856,0.2633,0.251,1,,,,2.27,3.68,3.85,,,,,0.2276,0,8,0.75,0.3175,-0.0121,0,0,,,,-0.0372,,,,,,,,,,,
spelad,EK,2023/24,2023-10-08,,Slask Wroclaw,Gornik Zabrze,1,1,D,,,,,,,,,,,,,,,,,,,,0.4054,0.2927,0.3019,1,,,,2.41,3.4,3.78,,,,,1.4232,2,15,-0.8,-0.5183,0.1885,0,0,,,,0.009,,,,,,,,,,,
spelad,EK,2023/24,2023-10-20,,Jagiellonia,Zaglebie,3,0,H,,,,,,,,,,,,,,,,,,,,0.4221,0.2786,0.2993,1,,,,2.33,3.65,3.6,,,,,0.7765,-1,17,0,0.0291,-0.0967,0,0,,,,0.019,,,,,,,,,,,
spelad,EK,2023/24,2023-10-20,,Piast Gliwice,Pogon Szczecin,0,0,D,,,,,,,,,,,,,,,,,,,,0.4741,0.2687,0.2572,1,,,,2.09,3.63,3.77,,,,,-0.1972,0,19,-0.7895,-0.4271,0.1336,0,0,,,,-0.0243,,,,,,,,,,,
spelad,EK,2023/24,2023-10-21,,Lech Poznan,LKS Lodz,3,1,H,,,,,,,,,,,,,,,,,,,,0.7024,0.1858,0.1118,1,,,,1.38,5.6,9.5,,,,,0.4223,1,,,,,0,0,,,,-0.0101,,,,,,,,,,,
spelad,EK,2023/24,2023-10-21,,Puszcza,Cracovia,1,1,D,,,,,,,,,,,,,,,,,,,,0.2121,0.2718,0.5161,1,,,,4.55,3.56,2.05,,,,,0.1364,2,,,,,0,0,,,,0.0698,,,,,,,,,,,
spelad,EK,2023/24,2023-10-21,,Slask Wroclaw,Legia,4,0,H,,,,,,,,,,,,,,,,,,,,0.2215,0.2675,0.511,1,,,,4.4,3.64,1.94,,,,,1.5932,0,16,-1.6875,-0.2979,-0.0601,0,0,,,,0.0334,,,,,,,,,,,
spelad,EK,2023/24,2023-10-22,,Gornik Zabrze,Rakow,2,1,H,,,,,,,,,,,,,,,,,,,,0.2303,0.2686,0.5011,1,,,,4.2,3.68,1.96,,,,,-0.4687,0,9,0.3333,0.4145,-0.0455,0,0,,,,0.038,,,,,,,,,,,
spelad,EK,2023/24,2023-10-22,,Radomiak Radom,Korona Kielce,1,1,D,,,,,,,,,,,,,,,,,,,,0.5057,0.261,0.2333,1,,,,1.98,3.76,4.2,,,,,0.0061,-1,,,,,0,0,,,,-0.0366,,,,,,,,,,,
spelad,EK,2023/24,2023-10-23,,Stal Mielec,Warta Poznan,0,1,A,,,,,,,,,,,,,,,,,,,,0.3419,0.328,0.3302,1,,,,2.86,3.06,3.14,,,,,0.8053,-1,6,-0.5,-0.204,0.1932,0,0,,,,-0.0033,,,,,,,,,,,
spelad,EK,2023/24,2023-10-24,,Lech Poznan,Jagiellonia,3,3,D,,,,,,,,,,,,,,,,,,,,0.5907,0.2303,0.179,1,,,,1.67,4.2,5.59,,,,,-1.0185,-1,19,-0.4737,-0.6368,0.0619,0,0,,,,-0.0316,,,,,,,,,,,
spelad,EK,2023/24,2023-10-27,,Korona Kielce,Puszcza,5,3,H,,,,,,,,,,,,,,,,,,,,0.5059,0.2714,0.2227,1,,,,1.93,3.66,4.4,,,,,0.2889,-1,,,,,0,0,,,,-0.0219,,,,,,,,,,,
spelad,EK,2023/24,2023-10-27,,LKS Lodz,Gornik Zabrze,0,5,A,,,,,,,,,,,,,,,,,,,,0.3458,0.2943,0.3599,1,,,,2.81,3.35,2.88,,,,,-0.567,1,3,-2,-0.8691,0.0571,0,0,,,,0.0396,,,,,,,,,,,
spelad,EK,2023/24,2023-10-28,,Cracovia,Lech Poznan,1,1,D,,,,,,,,,,,,,,,,,,,,0.2747,0.2957,0.4297,1,,,,3.55,3.45,2.28,,,,,-0.6315,3,18,-0.3333,0.1568,-0.0432,0,0,,,,0.0164,,,,,,,,,,,
spelad,EK,2023/24,2023-10-28,,Pogon Szczecin,Jagiellonia,2,1,H,,,,,,,,,,,,,,,,,,,,0.5002,0.2547,0.245,1,,,,1.98,4.07,4.22,,,,,-0.6884,4,18,-0.1667,-0.1705,0.0003,0,0,,,,-0.0155,,,,,,,,,,,
spelad,EK,2023/24,2023-10-28,,Ruch Chorzow,Slask Wroclaw,2,2,D,,,,,,,,,,,,,,,,,,,,0.3519,0.3062,0.3419,1,,,,2.76,3.31,2.89,,,,,-2.2007,7,4,0.75,0.6768,-0.0452,0,0,,,,0.0038,,,,,,,,,,,
spelad,EK,2023/24,2023-10-28,,Warta Poznan,Piast Gliwice,1,1,D,,,,,,,,,,,,,,,,,,,,0.2334,0.3283,0.4383,1,,,,4.15,3.12,2.28,,,,,0.3728,-3,6,1,0.7257,0.0223,0,0,,,,0.0247,,,,,,,,,,,
spelad,EK,2023/24,2023-10-29,,Legia,Stal Mielec,1,3,A,,,,,,,,,,,,,,,,,,,,0.7539,0.1619,0.0841,1,,,,1.39,6.02,11.47,,,,,-0.0075,2,6,-0.5,-0.8689,-0.0638,0,0,,,,-0.0622,,,,,,,,,,,
spelad,EK,2023/24,2023-10-29,,Rakow,Widzew Lodz,1,1,D,,,,,,,,,,,,,,,,,,,,0.6681,0.2038,0.1281,1,,,,1.48,5,7.51,,,,,0.2765,-7,,,,,0,0,,,,-0.0343,,,,,,,,,,,
spelad,EK,2023/24,2023-10-29,,Zaglebie,Radomiak Radom,2,3,A,,,,,,,,,,,,,,,,,,,,0.4395,0.2794,0.2811,1,,,,2.38,3.5,3.44,,,,,0.6263,2,4,0,0.2005,-0.2858,0,0,,,,-0.0484,,,,,,,,,,,
spelad,EK,2023/24,2023-11-03,,Jagiellonia,Stal Mielec,4,0,H,,,,,,,,,,,,,,,,,,,,0.6262,0.2207,0.1531,1,,,,1.6,4.37,6.3,,,,,0.2371,1,6,0,-0.3492,0.3977,0,0,,,,-0.0496,,,,,,,,,,,
spelad,EK,2023/24,2023-11-03,,Piast Gliwice,Korona Kielce,0,0,D,,,,,,,,,,,,,,,,,,,,0.6102,0.2504,0.1393,1,,,,1.64,3.91,6.95,,,,,-0.9271,-1,11,1.3636,0.5119,0.0838,0,0,,,,-0.0343,,,,,,,,,,,
spelad,EK,2023/24,2023-11-04,,Lech Poznan,Ruch Chorzow,2,0,H,,,,,,,,,,,,,,,,,,,,0.7076,0.1847,0.1076,1,,,,1.38,5.21,9,,,,,0.8677,0,4,3,1.0043,-0.2471,0,0,,,,-0.0305,,,,,,,,,,,
spelad,EK,2023/24,2023-11-04,,Puszcza,Pogon Szczecin,0,2,A,,,,,,,,,,,,,,,,,,,,0.206,0.2334,0.5605,1,,,,4.8,4.16,1.78,,,,,-0.6981,1,,,,,0,0,,,,0.0185,,,,,,,,,,,
spelad,EK,2023/24,2023-11-04,,Widzew Lodz,Warta Poznan,0,1,A,,,,,,,,,,,,,,,,,,,,0.4149,0.3159,0.2693,1,,,,2.42,3.18,3.59,,,,,0.1,-1,,,,,0,0,,,,-0.0241,,,,,,,,,,,
spelad,EK,2023/24,2023-11-05,,Radomiak Radom,Legia,0,1,A,,,,,,,,,,,,,,,,,,,,0.245,0.2547,0.5002,1,,,,4,3.79,2.05,,,,,0.1632,0,4,0,0.3966,-0.288,0,0,,,,0.0364,,,,,,,,,,,
spelad,EK,2023/24,2023-11-05,,Rakow,Zaglebie,5,0,H,,,,,,,,,,,,,,,,,,,,0.6145,0.2224,0.163,1,,,,1.63,4.31,6.25,,,,,0.3058,0,9,1,0.1035,-0.0195,0,0,,,,-0.0254,,,,,,,,,,,
spelad,EK,2023/24,2023-11-05,,Slask Wroclaw,LKS Lodz,2,1,H,,,,,,,,,,,,,,,,,,,,0.5578,0.2622,0.18,1,,,,1.75,3.9,5.5,,,,,2.2483,-1,,,,,0,0,,,,-0.0168,,,,,,,,,,,
spelad,EK,2023/24,2023-11-06,,Gornik Zabrze,Cracovia,1,0,H,,,,,,,,,,,,,,,,,,,,0.3854,0.2985,0.3161,1,,,,2.61,3.32,3.06,,,,,0.8441,1,13,-1.3846,-0.6228,-0.053,0,0,,,,-0.0129,,,,,,,,,,,
spelad,EK,2023/24,2023-11-10,,Cracovia,Slask Wroclaw,0,1,A,,,,,,,,,,,,,,,,,,,,0.4432,0.2964,0.2604,1,,,,2.29,3.36,3.75,,,,,-1.8515,-1,18,-0.6667,-0.3829,0.043,0,0,,,,-0.0412,,,,,,,,,,,
spelad,EK,2023/24,2023-11-10,,Warta Poznan,Puszcza,0,2,A,,,,,,,,,,,,,,,,,,,,0.4581,0.3118,0.2301,1,,,,2.13,3.24,4.3,,,,,0.7172,0,,,,,0,0,,,,-0.0118,,,,,,,,,,,
spelad,EK,2023/24,2023-11-11,,Korona Kielce,Jagiellonia,2,2,D,,,,,,,,,,,,,,,,,,,,0.3611,0.2765,0.3624,1,,,,2.91,3.55,2.78,,,,,-0.6096,0,14,-1.5,-0.5143,-0.0623,0,0,,,,-0.0033,,,,,,,,,,,
spelad,EK,2023/24,2023-11-11,,LKS Lodz,Piast Gliwice,3,3,D,,,,,,,,,,,,,,,,,,,,0.1837,0.264,0.5522,1,,,,5.26,3.71,1.82,,,,,-0.3056,-2,,,,,0,0,,,,0.0322,,,,,,,,,,,
spelad,EK,2023/24,2023-11-11,,Zaglebie,Widzew Lodz,1,1,D,,,,,,,,,,,,,,,,,,,,0.4104,0.2751,0.3145,1,,,,2.38,3.62,3.2,,,,,0.1145,-1,,,,,0,0,,,,0.001,,,,,,,,,,,
spelad,EK,2023/24,2023-11-12,,Legia,Lech Poznan,0,0,D,,,,,,,,,,,,,,,,,,,,0.4475,0.2794,0.2731,1,,,,2.25,3.5,3.6,,,,,-0.5855,-1,20,0.9,0.4172,-0.078,0,0,,,,-0.0323,,,,,,,,,,,
spelad,EK,2023/24,2023-11-12,,Pogon Szczecin,Rakow,1,1,D,,,,,,,,,,,,,,,,,,,,0.3712,0.2841,0.3447,1,,,,2.63,3.5,2.92,,,,,0.6109,1,8,-1.5,-0.5988,-0.0304,0,0,,,,0.0131,,,,,,,,,,,
spelad,EK,2023/24,2023-11-12,,Stal Mielec,Gornik Zabrze,2,1,H,,,,,,,,,,,,,,,,,,,,0.3093,0.2907,0.4,1,,,,3.23,3.37,2.55,,,,,-0.6727,3,6,-2,-0.5817,-0.2688,0,0,,,,0.0169,,,,,,,,,,,
spelad,EK,2023/24,2023-11-13,,Ruch Chorzow,Radomiak Radom,0,0,D,,,,,,,,,,,,,,,,,,,,0.3329,0.2857,0.3814,1,,,,3.17,3.47,2.58,,,,,-0.3252,1,,,,,0,0,,,,-0.0246,,,,,,,,,,,
spelad,EK,2023/24,2023-11-18,,Widzew Lodz,Ruch Chorzow,2,1,H,,,,,,,,,,,,,,,,,,,,0.5137,0.2683,0.218,1,,,,1.96,3.68,4.5,,,,,0.6645,2,,,,,0,0,,,,-0.0354,,,,,,,,,,,
spelad,EK,2023/24,2023-11-24,,Jagiellonia,Piast Gliwice,0,0,D,,,,,,,,,,,,,,,,,,,,0.405,0.3103,0.2847,1,,,,2.54,3.32,3.42,,,,,1.2184,0,17,-0.3529,-0.0646,-0.099,0,0,,,,-0.0358,,,,,,,,,,,
spelad,EK,2023/24,2023-11-24,,LKS Lodz,Zaglebie,0,2,A,,,,,,,,,,,,,,,,,,,,0.3575,0.2784,0.3642,1,,,,2.71,3.73,2.88,,,,,-0.3606,0,3,-1,0.0183,-0.2551,0,0,,,,0.0275,,,,,,,,,,,
spelad,EK,2023/24,2023-11-25,,Legia,Warta Poznan,2,2,D,,,,,,,,,,,,,,,,,,,,0.6636,0.2253,0.1111,1,,,,1.49,4.5,9,,,,,-0.3095,-2,6,1,0.083,-0.2622,0,0,,,,-0.0306,,,,,,,,,,,
spelad,EK,2023/24,2023-11-25,,Pogon Szczecin,Stal Mielec,2,3,A,,,,,,,,,,,,,,,,,,,,0.7505,0.1585,0.091,1,,,,1.32,6.2,11,,,,,0.459,0,6,1,0.0799,-0.2568,0,0,,,,-0.0359,,,,,,,,,,,
spelad,EK,2023/24,2023-11-25,,Rakow,Cracovia,1,1,D,,,,,,,,,,,,,,,,,,,,0.6025,0.2374,0.1601,1,,,,1.64,4.4,6.5,,,,,0.8941,-2,8,-1.125,-0.9456,0.1099,0,0,,,,-0.001,,,,,,,,,,,
spelad,EK,2023/24,2023-11-26,,Lech Poznan,Widzew Lodz,1,3,A,,,,,,,,,,,,,,,,,,,,0.6224,0.2254,0.1522,1,,,,1.6,4.6,6.37,,,,,-0.1929,6,,,,,0,0,,,,-0.0332,,,,,,,,,,,
spelad,EK,2023/24,2023-11-26,,Puszcza,Gornik Zabrze,2,1,H,,,,,,,,,,,,,,,,,,,,0.3238,0.2951,0.3811,1,,,,3.09,3.53,2.55,,,,,-0.559,2,,,,,0,0,,,,0.0091,,,,,,,,,,,
spelad,EK,2023/24,2023-11-26,,Ruch Chorzow,Korona Kielce,1,1,D,,,,,,,,,,,,,,,,,,,,0.3146,0.2817,0.4037,1,,,,3.15,3.66,2.5,,,,,-0.8256,-7,3,1,0.6514,-0.2959,0,0,,,,-0.0004,,,,,,,,,,,
spelad,EK,2023/24,2023-11-27,,Radomiak Radom,Slask Wroclaw,0,1,A,,,,,,,,,,,,,,,,,,,,0.4603,0.2956,0.2441,1,,,,2.27,3.34,3.96,,,,,-1.4698,-3,4,1.5,0.5468,0.1988,0,0,,,,-0.0606,,,,,,,,,,,
spelad,EK,2023/24,2023-12-01,,Gornik Zabrze,Pogon Szczecin,1,0,H,,,,,,,,,,,,,,,,,,,,0.3071,0.2532,0.4397,1,,,,3.22,3.9,2.41,,,,,-0.1225,-1,13,0.4615,0.3407,0.1041,0,0,,,,0.0243,,,,,,,,,,,
spelad,EK,2023/24,2023-12-01,,Warta Poznan,Jagiellonia,1,2,A,,,,,,,,,,,,,,,,,,,,0.2747,0.305,0.4204,1,,,,3.55,3.26,2.36,,,,,-0.5942,-1,6,0,-0.0217,0.0332,0,0,,,,0.0237,,,,,,,,,,,
spelad,EK,2023/24,2023-12-02,,Korona Kielce,Lech Poznan,0,1,A,,,,,,,,,,,,,,,,,,,,0.2989,0.2908,0.4103,1,,,,3.32,3.39,2.39,,,,,0.5784,0,13,-1.1538,0.0002,-0.0938,0,0,,,,-0.0056,,,,,,,,,,,
spelad,EK,2023/24,2023-12-02,,Widzew Lodz,Radomiak Radom,0,3,A,,,,,,,,,,,,,,,,,,,,0.4398,0.2854,0.2749,1,,,,2.24,3.47,3.7,,,,,0.6351,1,,,,,0,0,,,,-0.0206,,,,,,,,,,,
spelad,EK,2023/24,2023-12-03,,Cracovia,Ruch Chorzow,4,4,D,,,,,,,,,,,,,,,,,,,,0.5771,0.2529,0.17,1,,,,1.76,4.1,6.4,,,,,-0.0165,1,5,2.4,0.904,-0.0751,0,0,,,,-0.0027,,,,,,,,,,,
spelad,EK,2023/24,2023-12-03,,Slask Wroclaw,Rakow,1,1,D,,,,,,,,,,,,,,,,,,,,0.2407,0.2616,0.4976,1,,,,4.1,3.79,2,,,,,1.4456,-2,8,-1.5,-0.2924,-0.001,0,0,,,,0.0136,,,,,,,,,,,
spelad,EK,2023/24,2023-12-03,,Zaglebie,Legia,0,3,A,,,,,,,,,,,,,,,,,,,,0.2696,0.2651,0.4653,1,,,,4.09,3.7,2.1,,,,,0.8496,1,18,-1.1667,-0.0264,-0.2021,0,0,,,,-0.0008,,,,,,,,,,,
spelad,EK,2023/24,2023-12-08,,Pogon Szczecin,Warta Poznan,3,3,D,,,,,,,,,,,,,,,,,,,,0.6208,0.2319,0.1474,1,,,,1.56,4.4,7.2,,,,,0.1834,0,7,1.7143,0.3973,0.1438,0,0,,,,0.0108,,,,,,,,,,,
spelad,EK,2023/24,2023-12-08,,Ruch Chorzow,Zaglebie,2,2,D,,,,,,,,,,,,,,,,,,,,0.2853,0.271,0.4437,1,,,,3.4,3.63,2.34,,,,,-0.2047,0,6,-1,-0.1834,0.0506,0,0,,,,0.0551,,,,,,,,,,,
spelad,EK,2023/24,2023-12-09,,Cracovia,Stal Mielec,2,2,D,,,,,,,,,,,,,,,,,,,,0.578,0.2527,0.1693,1,,,,1.69,3.91,6,,,,,-0.8147,-7,7,0.4286,-0.2641,0.2849,0,0,,,,-0.0126,,,,,,,,,,,
spelad,EK,2023/24,2023-12-09,,Radomiak Radom,Gornik Zabrze,1,1,D,,,,,,,,,,,,,,,,,,,,0.456,0.2747,0.2693,1,,,,2.16,3.61,3.68,,,,,-0.2812,-1,5,0.6,0.2944,0.1091,0,0,,,,-0.0264,,,,,,,,,,,
spelad,EK,2023/24,2023-12-09,,Slask Wroclaw,Korona Kielce,0,0,D,,,,,,,,,,,,,,,,,,,,0.4302,0.2987,0.2711,1,,,,2.3,3.33,3.57,,,,,0.917,-1,14,-0.4286,-0.3899,0.1445,0,0,,,,-0.0236,,,,,,,,,,,
spelad,EK,2023/24,2023-12-10,,Jagiellonia,Rakow,4,2,H,,,,,,,,,,,,,,,,,,,,0.3437,0.2762,0.3801,1,,,,3.12,3.57,2.55,,,,,0.6637,2,9,-1.6667,-0.3872,-0.0162,0,0,,,,-0.0413,,,,,,,,,,,
spelad,EK,2023/24,2023-12-10,,Lech Poznan,Piast Gliwice,0,1,A,,,,,,,,,,,,,,,,,,,,0.5083,0.2775,0.2141,1,,,,1.98,3.6,4.6,,,,,0.5733,-7,19,1.1053,0.2711,0.0474,0,0,,,,-0.0352,,,,,,,,,,,
spelad,EK,2023/24,2023-12-10,,LKS Lodz,Legia,1,1,D,,,,,,,,,,,,,,,,,,,,0.1538,0.2158,0.6304,1,,,,6.4,4.6,1.63,,,,,0.0253,7,3,-3,-0.7412,-0.2171,0,0,,,,0.0326,,,,,,,,,,,
spelad,EK,2023/24,2023-12-11,,Puszcza,Widzew Lodz,1,0,H,,,,,,,,,,,,,,,,,,,,0.2717,0.2905,0.4377,1,,,,3.63,3.45,2.34,,,,,0.0523,6,,,,,0,0,,,,0.0172,,,,,,,,,,,
spelad,EK,2023/24,2023-12-15,,Gornik Zabrze,Warta Poznan,3,0,H,,,,,,,,,,,,,,,,,,,,0.4807,0.2859,0.2334,1,,,,2.16,3.41,4.14,,,,,0.3174,-1,7,0,-0.0214,-0.1577,0,0,,,,-0.0384,,,,,,,,,,,
spelad,EK,2023/24,2023-12-15,,Zaglebie,Slask Wroclaw,1,2,A,,,,,,,,,,,,,,,,,,,,0.4455,0.2939,0.2606,1,,,,2.25,3.33,3.79,,,,,-1.2103,1,17,0.7059,0.3218,0.0076,0,0,,,,-0.0126,,,,,,,,,,,
spelad,EK,2023/24,2023-12-16,,Puszcza,Jagiellonia,3,3,D,,,,,,,,,,,,,,,,,,,,0.2066,0.2649,0.5284,1,,,,4.81,3.8,1.93,,,,,-0.0901,-1,,,,,0,0,,,,0.0467,,,,,,,,,,,
spelad,EK,2023/24,2023-12-16,,Radomiak Radom,Lech Poznan,2,2,D,,,,,,,,,,,,,,,,,,,,0.2805,0.2969,0.4226,1,,,,3.47,3.4,2.3,,,,,0.3806,1,5,-0.6,0.0978,0.1346,0,0,,,,0.0062,,,,,,,,,,,
spelad,EK,2023/24,2023-12-16,,Widzew Lodz,Pogon Szczecin,1,2,A,,,,,,,,,,,,,,,,,,,,0.2916,0.2582,0.4503,1,,,,3.49,3.81,2.21,,,,,0.2529,-3,3,-2,-0.6067,0.0903,0,0,,,,0.0104,,,,,,,,,,,
spelad,EK,2023/24,2023-12-17,,Legia,Cracovia,2,0,H,,,,,,,,,,,,,,,,,,,,0.5989,0.2369,0.1643,1,,,,1.62,4.2,6,,,,,0.1028,-1,18,1.3333,0.1816,-0.032,0,0,,,,-0.0134,,,,,,,,,,,
spelad,EK,2023/24,2023-12-17,,LKS Lodz,Ruch Chorzow,1,1,D,,,,,,,,,,,,,,,,,,,,0.4047,0.2853,0.31,1,,,,2.42,3.47,3.15,,,,,-0.3109,-2,,,,,0,0,,,,-0.0115,,,,,,,,,,,
spelad,EK,2023/24,2023-12-17,,Rakow,Korona Kielce,1,0,H,,,,,,,,,,,,,,,,,,,,0.6514,0.2105,0.1381,1,,,,1.53,4.58,6.98,,,,,-0.3183,-1,5,-0.6,-0.6135,-0.2471,0,0,,,,-0.0447,,,,,,,,,,,
spelad,EK,2023/24,2023-12-18,,Piast Gliwice,Stal Mielec,3,0,H,,,,,,,,,,,,,,,,,,,,0.6096,0.2492,0.1412,1,,,,1.59,4.3,8.5,,,,,-0.499,-1,7,1.2857,0.2006,0.0111,0,0,,,,-0.0011,,,,,,,,,,,
spelad,EK,2023/24,2023-12-20,,Cracovia,Legia,2,0,H,,,,,,,,,,,,,,,,,,,,0.3015,0.3034,0.3951,1,,,,3.32,3.33,2.45,,,,,-0.3265,0,19,-1.4211,-0.1801,-0.0428,0,0,,,,-0.0063,,,,,,,,,,,
spelad,EK,2023/24,2024-02-09,,Ruch Chorzow,Legia,0,1,A,,,,,,,,,,,,,,,,,,,,0.1537,0.2276,0.6187,1,,,,6.5,4.24,1.6,,,,,0.1126,,5,-1.2,0.2017,-0.0055,0,0,,,,0.0308,,,,,,,,,,,
spelad,EK,2023/24,2024-02-09,,Stal Mielec,Puszcza,2,1,H,,,,,,,,,,,,,,,,,,,,0.4102,0.3093,0.2806,1,,,,2.36,3.32,3.45,,,,,-0.0148,,,,,,0,0,,,,0.0055,,,,,,,,,,,
spelad,EK,2023/24,2024-02-10,,Cracovia,Radomiak Radom,6,0,H,,,,,,,,,,,,,,,,,,,,0.4854,0.2936,0.221,1,,,,2.03,3.33,4.37,,,,,-0.3413,,5,1.8,1.155,-0.3089,0,0,,,,-0.0275,,,,,,,,,,,
spelad,EK,2023/24,2024-02-10,,Lech Poznan,Zaglebie,2,0,H,,,,,,,,,,,,,,,,,,,,0.5395,0.2638,0.1967,1,,,,1.8,4.2,5.13,,,,,0.2118,,18,-0.5,-0.6344,0.1317,0,0,,,,0.005,,,,,,,,,,,
spelad,EK,2023/24,2024-02-10,,Piast Gliwice,Gornik Zabrze,1,3,A,,,,,,,,,,,,,,,,,,,,0.5005,0.2918,0.2077,1,,,,2.01,3.35,4.65,,,,,-0.8093,,13,0.9231,0.2776,0.0952,0,0,,,,-0.0487,,,,,,,,,,,
spelad,EK,2023/24,2024-02-11,,Slask Wroclaw,Pogon Szczecin,0,1,A,,,,,,,,,,,,,,,,,,,,0.3194,0.295,0.3856,1,,,,3.03,3.35,2.63,,,,,1.23,,17,0.5294,0.4207,0.0759,0,0,,,,0.012,,,,,,,,,,,
spelad,EK,2023/24,2024-02-11,,Warta Poznan,Rakow,2,1,H,,,,,,,,,,,,,,,,,,,,0.1548,0.2508,0.5944,1,,,,6.22,3.85,1.76,,,,,0.6551,,7,-2.1429,-0.4586,0.0235,0,0,,,,0.0596,,,,,,,,,,,
spelad,EK,2023/24,2024-02-11,,Widzew Lodz,Jagiellonia,1,3,A,,,,,,,,,,,,,,,,,,,,0.3631,0.2818,0.3551,1,,,,2.75,3.45,2.73,,,,,-0.4663,,3,0,0.0358,0.0719,0,0,,,,-0.0194,,,,,,,,,,,
spelad,EK,2023/24,2024-02-12,,Korona Kielce,LKS Lodz,2,1,H,,,,,,,,,,,,,,,,,,,,0.5473,0.2562,0.1966,1,,,,1.87,3.76,5,,,,,0.4562,,4,0,0.1301,-0.2735,0,0,,,,-0.0376,,,,,,,,,,,
spelad,EK,2023/24,2024-02-16,,Radomiak Radom,Pogon Szczecin,0,4,A,,,,,,,,,,,,,,,,,,,,0.2736,0.2792,0.4472,1,,,,3.53,3.46,2.2,,,,,-0.1077,1,5,-1.2,-0.2138,-0.0694,0,0,,,,0.0323,,,,,,,,,,,
spelad,EK,2023/24,2024-02-16,,Slask Wroclaw,Stal Mielec,0,1,A,,,,,,,,,,,,,,,,,,,,0.5743,0.258,0.1678,1,,,,1.71,3.74,5.86,,,,,-0.1505,-2,7,-0.4286,-0.5335,0.2876,0,0,,,,-0.0168,,,,,,,,,,,
spelad,EK,2023/24,2024-02-17,,Jagiellonia,Lech Poznan,1,2,A,,,,,,,,,,,,,,,,,,,,0.4068,0.2839,0.3093,1,,,,2.4,3.41,3.25,,,,,0.6007,-1,20,0.45,0.5578,0.0973,0,0,,,,-0.0038,,,,,,,,,,,
spelad,EK,2023/24,2024-02-17,,Rakow,Piast Gliwice,3,1,H,,,,,,,,,,,,,,,,,,,,0.5186,0.2897,0.1918,1,,,,1.93,3.45,5.03,,,,,-0.3394,-1,9,1.3333,0.5,-0.1765,0,0,,,,-0.0306,,,,,,,,,,,
spelad,EK,2023/24,2024-02-17,,Ruch Chorzow,Warta Poznan,0,0,D,,,,,,,,,,,,,,,,,,,,0.4038,0.3177,0.2785,1,,,,2.63,3.15,3.48,,,,,-0.4791,2,,,,,0,0,,,,-0.0437,,,,,,,,,,,
spelad,EK,2023/24,2024-02-18,,Legia,Puszcza,1,1,D,,,,,,,,,,,,,,,,,,,,0.7308,0.1744,0.0948,1,,,,1.35,5.54,10.18,,,,,-0.3572,0,,,,,0,0,,,,-0.0503,,,,,,,,,,,
spelad,EK,2023/24,2024-02-18,,LKS Lodz,Widzew Lodz,0,2,A,,,,,,,,,,,,,,,,,,,,0.3229,0.28,0.3971,1,,,,3.2,3.46,2.47,,,,,-0.1076,-1,,,,,0,0,,,,-0.0345,,,,,,,,,,,
spelad,EK,2023/24,2024-02-18,,Zaglebie,Cracovia,1,1,D,,,,,,,,,,,,,,,,,,,,0.3937,0.3017,0.3046,1,,,,2.46,3.41,3.18,,,,,-0.3873,0,19,-0.6316,-0.3597,0.0794,0,0,,,,-0.0079,,,,,,,,,,,
spelad,EK,2023/24,2024-02-19,,Gornik Zabrze,Korona Kielce,3,1,H,,,,,,,,,,,,,,,,,,,,0.4764,0.2756,0.248,1,,,,2.1,3.51,3.9,,,,,0.6843,2,14,0.6429,0.2039,0.2269,0,0,,,,-0.0448,,,,,,,,,,,
spelad,EK,2023/24,2024-02-23,,Piast Gliwice,Cracovia,0,0,D,,,,,,,,,,,,,,,,,,,,0.4298,0.3202,0.2499,1,,,,2.35,3.1,3.87,,,,,-0.156,1,20,0.45,0.2057,-0.0452,0,0,,,,-0.0549,,,,,,,,,,,
spelad,EK,2023/24,2024-02-23,,Pogon Szczecin,LKS Lodz,4,2,H,,,,,,,,,,,,,,,,,,,,0.7138,0.1755,0.1106,1,,,,1.42,5.49,9,,,,,0.6876,2,3,0,-0.3565,0.0788,0,0,,,,-0.0545,,,,,,,,,,,
spelad,EK,2023/24,2024-02-24,,Jagiellonia,Ruch Chorzow,1,1,D,,,,,,,,,,,,,,,,,,,,0.6209,0.2163,0.1628,1,,,,1.56,4.45,6,,,,,0.6489,0,3,3,1.3695,-0.2777,0,0,,,,-0.0166,,,,,,,,,,,
spelad,EK,2023/24,2024-02-24,,Lech Poznan,Slask Wroclaw,0,0,D,,,,,,,,,,,,,,,,,,,,0.5001,0.2873,0.2126,1,,,,2.01,3.36,4.54,,,,,-0.3198,-1,17,0.1765,-0.3052,-0.0298,0,0,,,,-0.0624,,,,,,,,,,,
spelad,EK,2023/24,2024-02-24,,Stal Mielec,Rakow,0,0,D,,,,,,,,,,,,,,,,,,,,0.1661,0.241,0.5929,1,,,,6,4.2,1.63,,,,,1.5207,1,7,-2.5714,-0.4986,-0.069,0,0,,,,0.0001,,,,,,,,,,,
spelad,EK,2023/24,2024-02-25,,Korona Kielce,Legia,3,3,D,,,,,,,,,,,,,,,,,,,,0.2691,0.2866,0.4443,1,,,,3.65,3.47,2.18,,,,,0.027,-1,13,-1.8462,-0.2808,0.0063,0,0,,,,-0.0122,,,,,,,,,,,
spelad,EK,2023/24,2024-02-25,,Puszcza,Zaglebie,2,2,D,,,,,,,,,,,,,,,,,,,,0.2917,0.2998,0.4086,1,,,,3.4,3.35,2.37,,,,,0.9465,0,,,,,0,0,,,,-0.0105,,,,,,,,,,,
spelad,EK,2023/24,2024-02-25,,Widzew Lodz,Gornik Zabrze,3,1,H,,,,,,,,,,,,,,,,,,,,0.3999,0.2889,0.3112,1,,,,2.42,3.49,3.16,,,,,-0.7381,1,3,-2,-0.8547,0.0559,0,0,,,,0.016,,,,,,,,,,,
spelad,EK,2023/24,2024-02-26,,Warta Poznan,Radomiak Radom,0,0,D,,,,,,,,,,,,,,,,,,,,0.3573,0.3293,0.3134,1,,,,2.71,3,3.09,,,,,0.6273,-1,5,-0.6,0.0421,-0.306,0,0,,,,0.0013,,,,,,,,,,,
spelad,EK,2023/24,2024-02-28,,Stal Mielec,LKS Lodz,1,0,H,,,,,,,,,,,,,,,,,,,,0.4712,0.2909,0.2379,1,,,,2.11,3.5,4.06,,,,,1.4929,-1,,,,,0,0,,,,-0.0387,,,,,,,,,,,
spelad,EK,2023/24,2024-03-01,,Cracovia,Warta Poznan,0,1,A,,,,,,,,,,,,,,,,,,,,0.5488,0.2866,0.1646,1,,,,1.78,3.48,5.87,,,,,0.2052,3,7,-1.2857,-0.6749,-0.0233,0,0,,,,-0.0344,,,,,,,,,,,
spelad,EK,2023/24,2024-03-01,,Ruch Chorzow,Piast Gliwice,3,0,H,,,,,,,,,,,,,,,,,,,,0.2712,0.3271,0.4017,1,,,,3.57,3.1,2.47,,,,,0.0321,-1,5,-1.8,-0.7046,0.1267,0,0,,,,0.019,,,,,,,,,,,
spelad,EK,2023/24,2024-03-02,,Gornik Zabrze,Jagiellonia,2,1,H,,,,,,,,,,,,,,,,,,,,0.3964,0.2701,0.3335,1,,,,2.5,3.58,2.92,,,,,0.2233,-1,15,-0.4,-0.0474,-0.0644,0,0,,,,-0.0005,,,,,,,,,,,
spelad,EK,2023/24,2024-03-02,,Legia,Pogon Szczecin,1,1,D,,,,,,,,,,,,,,,,,,,,0.5108,0.252,0.2372,1,,,,1.97,3.83,4.07,,,,,-0.2629,-2,20,0,-0.298,-0.0589,0,0,,,,-0.0473,,,,,,,,,,,
spelad,EK,2023/24,2024-03-02,,Slask Wroclaw,Widzew Lodz,2,1,H,,,,,,,,,,,,,,,,,,,,0.4283,0.3163,0.2554,1,,,,2.31,3.14,3.79,,,,,0.1563,1,3,0,0.1512,0.0611,0,0,,,,-0.0103,,,,,,,,,,,
spelad,EK,2023/24,2024-03-03,,LKS Lodz,Puszcza,3,2,H,,,,,,,,,,,,,,,,,,,,0.4051,0.3007,0.2943,1,,,,2.39,3.42,3.29,,,,,-1.1318,-3,,,,,0,0,,,,-0.0183,,,,,,,,,,,
spelad,EK,2023/24,2024-03-03,,Rakow,Lech Poznan,4,0,H,,,,,,,,,,,,,,,,,,,,0.4694,0.2948,0.2358,1,,,,2.11,3.34,4.1,,,,,-0.4545,0,9,-0.3333,-0.0378,-0.0583,0,0,,,,-0.0241,,,,,,,,,,,
spelad,EK,2023/24,2024-03-03,,Zaglebie,Korona Kielce,1,0,H,,,,,,,,,,,,,,,,,,,,0.4548,0.2883,0.2569,1,,,,2.19,3.4,3.77,,,,,-0.1572,0,13,0.2308,-0.0693,0.0315,0,0,,,,-0.0208,,,,,,,,,,,
spelad,EK,2023/24,2024-03-04,,Radomiak Radom,Stal Mielec,2,1,H,,,,,,,,,,,,,,,,,,,,0.519,0.2798,0.2011,1,,,,1.94,3.45,4.8,,,,,-1.562,2,5,-0.6,-0.6755,0.1149,0,0,,,,-0.0493,,,,,,,,,,,
spelad,EK,2023/24,2024-03-08,,Jagiellonia,Slask Wroclaw,3,1,H,,,,,,,,,,,,,,,,,,,,0.488,0.2809,0.2311,1,,,,2.1,3.45,4.18,,,,,-0.2516,0,17,-0.5294,-0.3638,0.0731,0,0,,,,-0.0524,,,,,,,,,,,
spelad,EK,2023/24,2024-03-08,,Piast Gliwice,Radomiak Radom,2,3,A,,,,,,,,,,,,,,,,,,,,0.4696,0.3246,0.2058,1,,,,2.13,3.15,4.7,,,,,-0.1441,3,5,0,-0.162,0.2894,0,0,,,,-0.0255,,,,,,,,,,,
spelad,EK,2023/24,2024-03-09,,Gornik Zabrze,Lech Poznan,0,0,D,,,,,,,,,,,,,,,,,,,,0.3384,0.295,0.3666,1,,,,2.86,3.3,2.67,,,,,0.8926,1,14,-0.4286,0.2599,0.0385,0,0,,,,0.0018,,,,,,,,,,,
spelad,EK,2023/24,2024-03-09,,Korona Kielce,Cracovia,1,1,D,,,,,,,,,,,,,,,,,,,,0.3522,0.3228,0.325,1,,,,2.75,3.2,2.98,,,,,-0.2014,-2,11,-0.2727,0.0795,-0.1028,0,0,,,,0.0173,,,,,,,,,,,
spelad,EK,2023/24,2024-03-09,,Puszcza,Rakow,1,1,D,,,,,,,,,,,,,,,,,,,,0.1546,0.229,0.6164,1,,,,6.4,4.2,1.65,,,,,0.8444,0,,,,,0,0,,,,0.0285,,,,,,,,,,,
spelad,EK,2023/24,2024-03-10,,Pogon Szczecin,Zaglebie,0,2,A,,,,,,,,,,,,,,,,,,,,0.5639,0.2318,0.2043,1,,,,1.74,4.16,4.8,,,,,0.2692,1,18,0.1667,-0.0317,0.0009,0,0,,,,-0.0306,,,,,,,,,,,
spelad,EK,2023/24,2024-03-10,,Stal Mielec,Ruch Chorzow,3,1,H,,,,,,,,,,,,,,,,,,,,0.4178,0.2982,0.284,1,,,,2.33,3.21,3.51,,,,,0.7376,-3,,,,,0,0,,,,-0.0049,,,,,,,,,,,
spelad,EK,2023/24,2024-03-10,,Widzew Lodz,Legia,1,0,H,,,,,,,,,,,,,,,,,,,,0.2525,0.2664,0.4811,1,,,,3.83,3.63,2.08,,,,,0.0885,0,3,-2,-0.5751,0.0839,0,0,,,,0.0232,,,,,,,,,,,
spelad,EK,2023/24,2024-03-11,,Warta Poznan,LKS Lodz,0,1,A,,,,,,,,,,,,,,,,,,,,0.4923,0.2889,0.2188,1,,,,1.98,3.37,4.45,,,,,0.7816,2,,,,,0,0,,,,-0.0246,,,,,,,,,,,
spelad,EK,2023/24,2024-03-12,,Piast Gliwice,Puszcza,1,0,H,,,,,,,,,,,,,,,,,,,,0.6605,0.2187,0.1208,1,,,,1.51,4.41,8.4,,,,,-0.7223,1,,,,,0,0,,,,-0.0368,,,,,,,,,,,
spelad,EK,2023/24,2024-03-13,,Korona Kielce,Rakow,0,2,A,,,,,,,,,,,,,,,,,,,,0.1974,0.2864,0.5162,1,,,,4.89,3.41,1.95,,,,,-0.0448,0,6,0,0.613,-0.241,0,0,,,,0.0432,,,,,,,,,,,
spelad,EK,2023/24,2024-03-15,,Lech Poznan,Warta Poznan,2,0,H,,,,,,,,,,,,,,,,,,,,0.5953,0.2649,0.1398,1,,,,1.71,3.75,6.9,,,,,-0.0704,2,7,3,0.9336,-0.2363,0,0,,,,-0.0482,,,,,,,,,,,
spelad,EK,2023/24,2024-03-15,,Zaglebie,Stal Mielec,0,0,D,,,,,,,,,,,,,,,,,,,,0.5698,0.2589,0.1713,1,,,,1.73,3.75,5.62,,,,,-0.8816,0,7,0,-0.1494,-0.128,0,0,,,,-0.039,,,,,,,,,,,
spelad,EK,2023/24,2024-03-16,,Cracovia,Widzew Lodz,2,2,D,,,,,,,,,,,,,,,,,,,,0.503,0.2713,0.2257,1,,,,1.98,3.56,4.5,,,,,0.0735,1,3,-2,-1.0984,0.0353,0,0,,,,-0.0264,,,,,,,,,,,
spelad,EK,2023/24,2024-03-16,,Radomiak Radom,Jagiellonia,0,2,A,,,,,,,,,,,,,,,,,,,,0.3132,0.3043,0.3825,1,,,,3.11,3.41,2.54,,,,,0.0841,0,5,0,-0.2013,0.3193,0,0,,,,0.0162,,,,,,,,,,,
spelad,EK,2023/24,2024-03-16,,Ruch Chorzow,Gornik Zabrze,1,2,A,,,,,,,,,,,,,,,,,,,,0.3722,0.2871,0.3407,1,,,,2.61,3.37,2.94,,,,,-0.8402,-1,,,,,0,0,,,,-0.0207,,,,,,,,,,,
spelad,EK,2023/24,2024-03-16,,Slask Wroclaw,Puszcza,0,0,D,,,,,,,,,,,,,,,,,,,,0.5362,0.2727,0.1911,1,,,,1.84,3.63,5.1,,,,,-0.1439,4,,,,,0,0,,,,-0.0096,,,,,,,,,,,
spelad,EK,2023/24,2024-03-17,,Korona Kielce,Pogon Szczecin,2,2,D,,,,,,,,,,,,,,,,,,,,0.2891,0.2706,0.4403,1,,,,3.5,3.58,2.25,,,,,-0.4392,-3,12,-0.5,-0.0668,0.2298,0,0,,,,0.0194,,,,,,,,,,,
spelad,EK,2023/24,2024-03-17,,Legia,Piast Gliwice,3,1,H,,,,,,,,,,,,,,,,,,,,0.599,0.2524,0.1486,1,,,,1.69,3.83,6.6,,,,,-0.3077,2,18,0.6667,-0.0897,-0.0361,0,0,,,,-0.0444,,,,,,,,,,,
spelad,EK,2023/24,2024-03-17,,LKS Lodz,Rakow,1,1,D,,,,,,,,,,,,,,,,,,,,0.1197,0.2064,0.6739,1,,,,8.05,5,1.45,,,,,0.1065,2,4,0.75,0.7701,0,0,0,,,,0.0309,,,,,,,,,,,
spelad,EK,2023/24,2024-03-30,,Jagiellonia,LKS Lodz,6,0,H,,,,,,,,,,,,,,,,,,,,0.6986,0.1848,0.1166,1,,,,1.38,5.7,9,,,,,0.1972,1,3,2,0.8232,0.0583,0,0,,,,0.0082,,,,,,,,,,,
spelad,EK,2023/24,2024-03-30,,Piast Gliwice,Slask Wroclaw,2,2,D,,,,,,,,,,,,,,,,,,,,0.4276,0.3306,0.2417,1,,,,2.25,3,4.2,,,,,-0.4036,-1,18,0.1667,-0.003,-0.0119,0,0,,,,0.0143,,,,,,,,,,,
spelad,EK,2023/24,2024-03-30,,Pogon Szczecin,Cracovia,3,1,H,,,,,,,,,,,,,,,,,,,,0.5603,0.245,0.1947,1,,,,1.8,3.92,5.25,,,,,0.3016,-1,19,0.1579,-0.0069,0.0288,0,0,,,,-0.0511,,,,,,,,,,,
spelad,EK,2023/24,2024-03-30,,Rakow,Ruch Chorzow,1,1,D,,,,,,,,,,,,,,,,,,,,0.6696,0.1987,0.1317,1,,,,1.47,4.82,7.6,,,,,0.1314,-1,,,,,0,0,,,,-0.0392,,,,,,,,,,,
spelad,EK,2023/24,2024-04-01,,Gornik Zabrze,Legia,1,3,A,,,,,,,,,,,,,,,,,,,,0.2748,0.2779,0.4473,1,,,,3.57,3.46,2.21,,,,,1.1755,1,14,-1.0714,0.0939,-0.1666,0,0,,,,0.0218,,,,,,,,,,,
spelad,EK,2023/24,2024-04-01,,Puszcza,Radomiak Radom,1,1,D,,,,,,,,,,,,,,,,,,,,0.3181,0.304,0.3779,1,,,,3.03,3.4,2.55,,,,,-0.1053,0,,,,,0,0,,,,0.0061,,,,,,,,,,,
spelad,EK,2023/24,2024-04-01,,Stal Mielec,Lech Poznan,0,0,D,,,,,,,,,,,,,,,,,,,,0.1994,0.2709,0.5298,1,,,,4.81,3.54,1.89,,,,,0.759,0,7,0,0.7117,0.2352,0,0,,,,0.0493,,,,,,,,,,,
spelad,EK,2023/24,2024-04-01,,Widzew Lodz,Korona Kielce,3,1,H,,,,,,,,,,,,,,,,,,,,0.4665,0.2877,0.2458,1,,,,2.15,3.4,3.91,,,,,0.3711,1,3,0,-0.0643,0.0564,0,0,,,,-0.0442,,,,,,,,,,,
spelad,EK,2023/24,2024-04-02,,Warta Poznan,Zaglebie,1,1,D,,,,,,,,,,,,,,,,,,,,0.3027,0.3285,0.3688,1,,,,3.2,3.12,2.66,,,,,0.3,0,7,-0.4286,-0.0581,-0.013,0,0,,,,0.0059,,,,,,,,,,,
spelad,EK,2023/24,2024-04-05,,Cracovia,LKS Lodz,2,2,D,,,,,,,,,,,,,,,,,,,,0.6611,0.2044,0.1345,1,,,,1.48,4.75,7.17,,,,,-0.1145,0,3,-1,-0.5072,-0.2919,0,0,,,,-0.0269,,,,,,,,,,,
spelad,EK,2023/24,2024-04-05,,Radomiak Radom,Rakow,2,1,H,,,,,,,,,,,,,,,,,,,,0.2552,0.2846,0.4603,1,,,,3.8,3.41,2.13,,,,,0.2532,-2,5,-1.8,-0.4128,0.137,0,0,,,,0.0109,,,,,,,,,,,
spelad,EK,2023/24,2024-04-06,,Korona Kielce,Stal Mielec,1,0,H,,,,,,,,,,,,,,,,,,,,0.507,0.2904,0.2026,1,,,,1.97,3.43,4.91,,,,,-1.2088,0,3,-1,-0.3394,-0.2851,0,0,,,,-0.0288,,,,,,,,,,,
spelad,EK,2023/24,2024-04-06,,Ruch Chorzow,Puszcza,0,0,D,,,,,,,,,,,,,,,,,,,,0.511,0.2737,0.2154,1,,,,1.89,3.65,4.5,,,,,0.115,2,,,,,0,0,,,,-0.0073,,,,,,,,,,,
spelad,EK,2023/24,2024-04-06,,Slask Wroclaw,Warta Poznan,2,1,H,,,,,,,,,,,,,,,,,,,,0.4789,0.3167,0.2044,1,,,,2.02,3.11,5,,,,,-0.2531,3,7,0,0.1007,-0.1652,0,0,,,,-0.0145,,,,,,,,,,,
spelad,EK,2023/24,2024-04-07,,Lech Poznan,Pogon Szczecin,1,0,H,,,,,,,,,,,,,,,,,,,,0.428,0.272,0.3,1,,,,2.29,3.6,3.24,,,,,-0.419,-2,19,0.6316,0.0236,0.0971,0,0,,,,-0.0078,,,,,,,,,,,
spelad,EK,2023/24,2024-04-07,,Legia,Jagiellonia,1,1,D,,,,,,,,,,,,,,,,,,,,0.4827,0.2646,0.2528,1,,,,2.03,3.68,3.95,,,,,-0.3992,-2,19,0.1579,-0.3416,0.1569,0,0,,,,-0.0095,,,,,,,,,,,
spelad,EK,2023/24,2024-04-07,,Widzew Lodz,Piast Gliwice,1,0,H,,,,,,,,,,,,,,,,,,,,0.4109,0.3271,0.262,1,,,,2.55,3.22,3.67,,,,,1.23,-2,3,-1,-0.0749,-0.2835,0,0,,,,-0.0427,,,,,,,,,,,
spelad,EK,2023/24,2024-04-08,,Zaglebie,Gornik Zabrze,1,2,A,,,,,,,,,,,,,,,,,,,,0.4709,0.2776,0.2515,1,,,,2.15,3.56,3.82,,,,,-0.8302,-1,15,0,0.0098,-0.072,0,0,,,,-0.0399,,,,,,,,,,,
spelad,EK,2023/24,2024-04-12,,Pogon Szczecin,Ruch Chorzow,5,0,H,,,,,,,,,,,,,,,,,,,,0.647,0.2077,0.1453,1,,,,1.53,4.61,6.61,,,,,0.3814,-1,4,2.25,0.7818,-0.0271,0,0,,,,-0.0483,,,,,,,,,,,
spelad,EK,2023/24,2024-04-12,,Warta Poznan,Korona Kielce,1,0,H,,,,,,,,,,,,,,,,,,,,0.3716,0.3462,0.2822,1,,,,2.59,2.92,3.5,,,,,0.4673,0,3,2,0.8554,0.0261,0,0,,,,-0.0047,,,,,,,,,,,
spelad,EK,2023/24,2024-04-13,,Puszcza,Lech Poznan,2,1,H,,,,,,,,,,,,,,,,,,,,0.1729,0.2431,0.584,1,,,,5.55,3.95,1.71,,,,,-0.4211,1,,,,,0,0,,,,0.0391,,,,,,,,,,,
spelad,EK,2023/24,2024-04-13,,Rakow,Legia,1,1,D,,,,,,,,,,,,,,,,,,,,0.4671,0.2899,0.243,1,,,,2.16,3.41,3.96,,,,,-0.0796,2,9,-0.3333,-0.0511,-0.04,0,0,,,,-0.0477,,,,,,,,,,,
spelad,EK,2023/24,2024-04-13,,Stal Mielec,Widzew Lodz,0,0,D,,,,,,,,,,,,,,,,,,,,0.3025,0.2915,0.4059,1,,,,3.18,3.41,2.4,,,,,-0.1934,1,3,-1,-0.0429,-0.2621,0,0,,,,0.0066,,,,,,,,,,,
spelad,EK,2023/24,2024-04-14,,Gornik Zabrze,Slask Wroclaw,2,0,H,,,,,,,,,,,,,,,,,,,,0.3914,0.2981,0.3106,1,,,,2.51,3.25,3.25,,,,,1.0462,-2,15,0.8,0.3149,0.1885,0,0,,,,0.0022,,,,,,,,,,,
spelad,EK,2023/24,2024-04-14,,Jagiellonia,Cracovia,1,3,A,,,,,,,,,,,,,,,,,,,,0.5245,0.2622,0.2133,1,,,,2,3.76,4.5,,,,,0.6703,-2,17,0.8824,0.4976,-0.0445,0,0,,,,-0.0305,,,,,,,,,,,
spelad,EK,2023/24,2024-04-14,,LKS Lodz,Radomiak Radom,3,2,H,,,,,,,,,,,,,,,,,,,,0.2482,0.2691,0.4827,1,,,,3.9,3.57,2.17,,,,,-0.0116,0,,,,,0,0,,,,0.0214,,,,,,,,,,,
spelad,EK,2023/24,2024-04-15,,Piast Gliwice,Zaglebie,2,0,H,,,,,,,,,,,,,,,,,,,,0.4295,0.3186,0.2519,1,,,,2.3,3.05,3.89,,,,,-0.614,1,18,0,-0.1606,0.1654,0,0,,,,-0.0348,,,,,,,,,,,
spelad,EK,2023/24,2024-04-19,,Korona Kielce,Radomiak Radom,4,0,H,,,,,,,,,,,,,,,,,,,,0.4013,0.3087,0.2901,1,,,,2.4,3.2,3.35,,,,,-0.4976,2,3,2,1.3076,0.0558,0,0,,,,-0.0013,,,,,,,,,,,
spelad,EK,2023/24,2024-04-19,,Rakow,Gornik Zabrze,0,1,A,,,,,,,,,,,,,,,,,,,,0.6179,0.2254,0.1568,1,,,,1.55,4.25,6.5,,,,,-1.227,1,10,-0.6,-0.5094,-0.0678,0,0,,,,-0.0081,,,,,,,,,,,
spelad,EK,2023/24,2024-04-20,,Pogon Szczecin,Piast Gliwice,0,2,A,,,,,,,,,,,,,,,,,,,,0.4738,0.2863,0.2399,1,,,,2.11,3.54,4.1,,,,,0.5556,3,19,0.7895,0.2979,0.1348,0,0,,,,-0.016,,,,,,,,,,,
spelad,EK,2023/24,2024-04-20,,Ruch Chorzow,Widzew Lodz,2,3,A,,,,,,,,,,,,,,,,,,,,0.3731,0.2962,0.3308,1,,,,2.58,3.45,3.05,,,,,-1.0252,1,,,,,0,0,,,,0.0346,,,,,,,,,,,
spelad,EK,2023/24,2024-04-20,,Zaglebie,Jagiellonia,1,2,A,,,,,,,,,,,,,,,,,,,,0.3266,0.2785,0.3949,1,,,,3.03,3.72,2.47,,,,,0.0645,-1,17,0,0.1021,-0.0971,0,0,,,,-0.002,,,,,,,,,,,
spelad,EK,2023/24,2024-04-21,,Cracovia,Puszcza,0,1,A,,,,,,,,,,,,,,,,,,,,0.542,0.2702,0.1877,1,,,,1.81,3.75,5.11,,,,,-0.4747,-1,,,,,0,0,,,,-0.0311,,,,,,,,,,,
spelad,EK,2023/24,2024-04-21,,Legia,Slask Wroclaw,0,0,D,,,,,,,,,,,,,,,,,,,,0.5892,0.2646,0.1462,1,,,,1.73,3.75,6.57,,,,,-0.0599,1,16,1.3125,0.1914,-0.0634,0,0,,,,-0.0469,,,,,,,,,,,
spelad,EK,2023/24,2024-04-21,,LKS Lodz,Lech Poznan,2,3,A,,,,,,,,,,,,,,,,,,,,0.2141,0.2333,0.5525,1,,,,5,4.12,1.77,,,,,0.6455,-1,3,-3,-0.85,-0.2293,0,0,,,,-0.0017,,,,,,,,,,,
spelad,EK,2023/24,2024-04-22,,Warta Poznan,Stal Mielec,5,2,H,,,,,,,,,,,,,,,,,,,,0.4478,0.323,0.2292,1,,,,2.2,3.13,4.3,,,,,-0.2243,1,7,0.8571,0.2495,0.1188,0,0,,,,-0.0301,,,,,,,,,,,
spelad,EK,2023/24,2024-04-26,,Jagiellonia,Pogon Szczecin,2,2,D,,,,,,,,,,,,,,,,,,,,0.4983,0.2375,0.2642,1,,,,2.1,4.05,3.64,,,,,0.4502,0,18,0,0.1423,-0.0526,0,0,,,,-0.0344,,,,,,,,,,,
spelad,EK,2023/24,2024-04-26,,Piast Gliwice,Warta Poznan,2,0,H,,,,,,,,,,,,,,,,,,,,0.5029,0.3212,0.1759,1,,,,1.92,3.1,5.46,,,,,-0.3223,2,7,-0.8571,-0.733,0.115,0,0,,,,-0.0377,,,,,,,,,,,
spelad,EK,2023/24,2024-04-27,,Gornik Zabrze,LKS Lodz,4,1,H,,,,,,,,,,,,,,,,,,,,0.6309,0.2098,0.1593,1,,,,1.63,4.57,6.02,,,,,0.3075,2,4,2.25,1.0154,-0.0307,0,0,,,,-0.0433,,,,,,,,,,,
spelad,EK,2023/24,2024-04-27,,Slask Wroclaw,Ruch Chorzow,2,3,A,,,,,,,,,,,,,,,,,,,,0.5521,0.2684,0.1796,1,,,,2.05,3.6,5.38,,,,,0.3418,-1,4,-0.75,-0.5494,-0.0487,0,0,,,,-0.0669,,,,,,,,,,,
spelad,EK,2023/24,2024-04-27,,Widzew Lodz,Rakow,0,1,A,,,,,,,,,,,,,,,,,,,,0.2402,0.2669,0.4928,1,,,,4,3.62,2.05,,,,,1.4874,-1,3,-1,0.0664,0.4611,0,0,,,,0.0488,,,,,,,,,,,
spelad,EK,2023/24,2024-04-28,,Lech Poznan,Cracovia,0,0,D,,,,,,,,,,,,,,,,,,,,0.5055,0.2768,0.2178,1,,,,1.98,3.62,4.41,,,,,0.4199,0,18,0.1667,-0.2216,0.012,0,0,,,,-0.0385,,,,,,,,,,,
spelad,EK,2023/24,2024-04-28,,Radomiak Radom,Zaglebie,3,4,A,,,,,,,,,,,,,,,,,,,,0.373,0.3262,0.3007,1,,,,2.58,3.2,3.2,,,,,0.3466,1,5,0.6,0.4438,-0.2846,0,0,,,,-0.0061,,,,,,,,,,,
spelad,EK,2023/24,2024-04-28,,Stal Mielec,Legia,1,3,A,,,,,,,,,,,,,,,,,,,,0.1587,0.2317,0.6096,1,,,,6.03,4.2,1.6,,,,,0.3322,-1,7,0.8571,1.1688,-0.0778,0,0,,,,0.0304,,,,,,,,,,,
spelad,EK,2023/24,2024-04-29,,Puszcza,Korona Kielce,1,1,D,,,,,,,,,,,,,,,,,,,,0.2952,0.3135,0.3913,1,,,,3.26,3.22,2.51,,,,,0.615,-2,,,,,0,0,,,,0.0314,,,,,,,,,,,
spelad,EK,2023/24,2024-05-03,,Cracovia,Gornik Zabrze,5,0,H,,,,,,,,,,,,,,,,,,,,0.4491,0.2731,0.2778,1,,,,2.16,3.63,3.46,,,,,-1.6592,-1,13,0.9231,0.4845,-0.0543,0,0,,,,-0.0259,,,,,,,,,,,
spelad,EK,2023/24,2024-05-03,,Ruch Chorzow,Lech Poznan,2,1,H,,,,,,,,,,,,,,,,,,,,0.2686,0.2599,0.4714,1,,,,3.75,3.71,2.06,,,,,0.0728,1,4,-3,-0.6052,-0.2123,0,0,,,,0.0091,,,,,,,,,,,
spelad,EK,2023/24,2024-05-04,,LKS Lodz,Slask Wroclaw,1,2,A,,,,,,,,,,,,,,,,,,,,0.2816,0.2567,0.4617,1,,,,4,3.74,2.14,,,,,0.7972,0,3,-3,-1.0096,-0.2649,0,0,,,,-0.0109,,,,,,,,,,,
spelad,EK,2023/24,2024-05-04,,Stal Mielec,Jagiellonia,3,2,H,,,,,,,,,,,,,,,,,,,,0.1835,0.2217,0.5948,1,,,,5.22,4.4,1.67,,,,,-0.3863,-2,7,-0.4286,-0.1387,0.3094,0,0,,,,0.0298,,,,,,,,,,,
spelad,EK,2023/24,2024-05-04,,Zaglebie,Rakow,2,0,H,,,,,,,,,,,,,,,,,,,,0.23,0.2557,0.5142,1,,,,4.39,3.85,1.87,,,,,0.6723,-1,10,-1.2,-0.1468,-0.0398,0,0,,,,-0.0072,,,,,,,,,,,
spelad,EK,2023/24,2024-05-05,,Korona Kielce,Piast Gliwice,1,1,D,,,,,,,,,,,,,,,,,,,,0.3283,0.3329,0.3388,1,,,,2.93,3.05,2.84,,,,,-0.328,-3,11,-1.3636,-0.5345,0.0871,0,0,,,,0.0122,,,,,,,,,,,
spelad,EK,2023/24,2024-05-05,,Legia,Radomiak Radom,0,3,A,,,,,,,,,,,,,,,,,,,,0.6515,0.2105,0.138,1,,,,1.5,4.6,6.94,,,,,-0.0169,0,5,0.6,0.162,-0.2813,0,0,,,,-0.0314,,,,,,,,,,,
spelad,EK,2023/24,2024-05-05,,Warta Poznan,Widzew Lodz,2,1,H,,,,,,,,,,,,,,,,,,,,0.3979,0.3067,0.2954,1,,,,2.42,3.21,3.28,,,,,-0.4107,1,3,1,0.7304,-0.3074,0,0,,,,0.0068,,,,,,,,,,,
spelad,EK,2023/24,2024-05-06,,Pogon Szczecin,Puszcza,1,0,H,,,,,,,,,,,,,,,,,,,,0.6801,0.1769,0.1429,1,,,,1.45,5.42,7.5,,,,,-0.9213,3,,,,,0,0,,,,-0.0105,,,,,,,,,,,
spelad,EK,2023/24,2024-05-10,,Piast Gliwice,LKS Lodz,4,0,H,,,,,,,,,,,,,,,,,,,,0.6709,0.2063,0.1228,1,,,,1.45,4.65,8,,,,,0.1143,-1,3,2,0.5952,0.0708,0,0,,,,-0.0063,,,,,,,,,,,
spelad,EK,2023/24,2024-05-10,,Slask Wroclaw,Cracovia,4,0,H,,,,,,,,,,,,,,,,,,,,0.4185,0.3065,0.275,1,,,,2.3,3.24,3.5,,,,,-0.09,-1,18,0.6667,0.3619,0.0422,0,0,,,,-0.0016,,,,,,,,,,,
spelad,EK,2023/24,2024-05-11,,Gornik Zabrze,Stal Mielec,1,1,D,,,,,,,,,,,,,,,,,,,,0.6127,0.2239,0.1634,1,,,,1.6,4.27,5.92,,,,,0.5814,1,7,1.2857,0.516,-0.2719,0,0,,,,-0.0333,,,,,,,,,,,
spelad,EK,2023/24,2024-05-11,,Jagiellonia,Korona Kielce,3,0,H,,,,,,,,,,,,,,,,,,,,0.5961,0.2161,0.1878,1,,,,1.67,4.6,5.5,,,,,0.2282,1,14,1.2857,0.4509,0.0093,0,0,,,,-0.0068,,,,,,,,,,,
spelad,EK,2023/24,2024-05-11,,Rakow,Pogon Szczecin,2,1,H,,,,,,,,,,,,,,,,,,,,0.5613,0.2318,0.2069,1,,,,2.02,4.3,5.25,,,,,-0.4417,2,9,1.3333,0.5239,0.0526,0,0,,,,0.0026,,,,,,,,,,,
spelad,EK,2023/24,2024-05-12,,Lech Poznan,Legia,1,2,A,,,,,,,,,,,,,,,,,,,,0.4116,0.301,0.2875,1,,,,2.67,3.45,3.35,,,,,0.0191,2,19,-0.6316,-0.2636,-0.0153,0,0,,,,-0.0227,,,,,,,,,,,
spelad,EK,2023/24,2024-05-12,,Puszcza,Warta Poznan,1,0,H,,,,,,,,,,,,,,,,,,,,0.396,0.3176,0.2864,1,,,,2.79,3.15,3.36,,,,,0.386,-1,,,,,0,0,,,,-0.0251,,,,,,,,,,,
spelad,EK,2023/24,2024-05-12,,Widzew Lodz,Zaglebie,1,3,A,,,,,,,,,,,,,,,,,,,,0.4254,0.2656,0.3091,1,,,,2.33,3.82,3.34,,,,,0.4059,-1,3,0,0.0583,0.0561,0,0,,,,-0.0122,,,,,,,,,,,
spelad,EK,2023/24,2024-05-13,,Radomiak Radom,Ruch Chorzow,0,2,A,,,,,,,,,,,,,,,,,,,,0.4492,0.2754,0.2754,1,,,,2.16,3.52,3.5,,,,,0.1558,-2,,,,,0,0,,,,-0.014,,,,,,,,,,,
spelad,EK,2023/24,2024-05-17,,Gornik Zabrze,Puszcza,1,1,D,,,,,,,,,,,,,,,,,,,,0.5359,0.2423,0.2217,1,,,,1.82,4,4.85,,,,,0.0059,1,,,,,0,0,,,,-0.0057,,,,,,,,,,,
spelad,EK,2023/24,2024-05-17,,Stal Mielec,Pogon Szczecin,0,0,D,,,,,,,,,,,,,,,,,,,,0.2513,0.2243,0.5245,1,,,,4.6,4.33,1.85,,,,,0.2127,0,7,-0.4286,0.5186,-0.2428,0,0,,,,-0.0167,,,,,,,,,,,
spelad,EK,2023/24,2024-05-18,,Korona Kielce,Ruch Chorzow,2,0,H,,,,,,,,,,,,,,,,,,,,0.5448,0.2333,0.2219,1,,,,1.8,4.11,4.65,,,,,-0.4284,2,3,0,-0.0958,0.0468,0,0,,,,-0.0146,,,,,,,,,,,
spelad,EK,2023/24,2024-05-18,,Piast Gliwice,Jagiellonia,1,1,D,,,,,,,,,,,,,,,,,,,,0.3634,0.269,0.3676,1,,,,2.8,3.65,2.68,,,,,0.2952,1,17,0.1765,0.0775,-0.0433,0,0,,,,-0.0326,,,,,,,,,,,
spelad,EK,2023/24,2024-05-18,,Slask Wroclaw,Radomiak Radom,2,0,H,,,,,,,,,,,,,,,,,,,,0.5485,0.2644,0.1871,1,,,,1.75,3.8,5.3,,,,,0.4461,3,5,-0.6,-0.202,0.0999,0,0,,,,-0.0121,,,,,,,,,,,
spelad,EK,2023/24,2024-05-19,,Cracovia,Rakow,2,0,H,,,,,,,,,,,,,,,,,,,,0.2664,0.2862,0.4473,1,,,,3.61,3.52,2.19,,,,,0.5066,1,9,1,0.7742,0.1824,0,0,,,,0.0227,,,,,,,,,,,
spelad,EK,2023/24,2024-05-19,,Warta Poznan,Legia,0,1,A,,,,,,,,,,,,,,,,,,,,0.1944,0.2721,0.5335,1,,,,5.35,3.6,1.84,,,,,-0.0853,0,7,-0.8571,0.2166,-0.1141,0,0,,,,0.0241,,,,,,,,,,,
spelad,EK,2023/24,2024-05-19,,Widzew Lodz,Lech Poznan,1,1,D,,,,,,,,,,,,,,,,,,,,0.2231,0.241,0.5359,1,,,,4.4,3.98,1.84,,,,,0.4551,0,3,-1,0.1298,-0.2473,0,0,,,,0.0011,,,,,,,,,,,
spelad,EK,2023/24,2024-05-20,,Zaglebie,LKS Lodz,2,1,H,,,,,,,,,,,,,,,,,,,,0.6634,0.1942,0.1424,1,,,,1.48,4.95,6.71,,,,,0.146,-2,4,1.5,0.5848,-0.2609,0,0,,,,-0.0343,,,,,,,,,,,
spelad,EK,2023/24,2024-05-25,,Jagiellonia,Warta Poznan,3,0,H,,,,,,,,,,,,,,,,,,,,0.6913,0.1953,0.1134,1,,,,1.44,5.02,8.35,,,,,-0.2552,1,7,0.4286,0.195,-0.0152,0,0,,,,-0.0533,,,,,,,,,,,
spelad,EK,2023/24,2024-05-25,,Lech Poznan,Korona Kielce,1,2,A,,,,,,,,,,,,,,,,,,,,0.4529,0.2384,0.3088,1,,,,2.2,3.99,3.25,,,,,-0.645,-1,13,1.1538,0.1097,-0.0941,0,0,,,,-0.0201,,,,,,,,,,,
spelad,EK,2023/24,2024-05-25,,Legia,Zaglebie,2,1,H,,,,,,,,,,,,,,,,,,,,0.5817,0.2215,0.1967,1,,,,1.66,4.4,5,,,,,-0.0794,1,17,1.4118,0.3418,-0.1977,0,0,,,,-0.0242,,,,,,,,,,,
spelad,EK,2023/24,2024-05-25,,LKS Lodz,Stal Mielec,3,2,H,,,,,,,,,,,,,,,,,,,,0.409,0.259,0.332,1,,,,2.5,3.7,2.96,,,,,-0.2335,-3,,,,,0,0,,,,-0.0092,,,,,,,,,,,
spelad,EK,2023/24,2024-05-25,,Pogon Szczecin,Gornik Zabrze,1,0,H,,,,,,,,,,,,,,,,,,,,0.603,0.2006,0.1964,1,,,,1.67,4.72,5.09,,,,,-0.5536,0,13,-0.6923,-0.5445,0.0303,0,0,,,,-0.0444,,,,,,,,,,,
spelad,EK,2023/24,2024-05-25,,Puszcza,Piast Gliwice,1,0,H,,,,,,,,,,,,,,,,,,,,0.3442,0.3027,0.3531,1,,,,2.92,3.15,2.75,,,,,0.2632,1,,,,,0,0,,,,0.0036,,,,,,,,,,,
spelad,EK,2023/24,2024-05-25,,Radomiak Radom,Widzew Lodz,1,3,A,,,,,,,,,,,,,,,,,,,,0.4308,0.263,0.3062,1,,,,2.27,3.62,3.23,,,,,-0.4031,1,3,3,1.7116,-0.2924,0,0,,,,-0.0162,,,,,,,,,,,
spelad,EK,2023/24,2024-05-25,,Rakow,Slask Wroclaw,1,2,A,,,,,,,,,,,,,,,,,,,,0.4193,0.2666,0.3141,1,,,,2.38,3.71,3.1,,,,,-1.1188,-1,9,1.3333,0.1769,0.0812,0,0,,,,-0.016,,,,,,,,,,,
spelad,EK,2023/24,2024-05-25,,Ruch Chorzow,Cracovia,2,0,H,,,,,,,,,,,,,,,,,,,,0.3441,0.2685,0.3874,1,,,,2.85,3.73,2.48,,,,,0.2812,1,4,-1.5,-0.3891,0.2356,0,0,,,,-0.0084,,,,,,,,,,,
spelad,EK,2024/25,2024-07-19,17:00,Jagiellonia,Puszcza,2,0,H,,,,,,,,,,,,,,,,,,,,0.635,0.2027,0.1622,1,,,,1.51,4.75,6.5,,,,,-1.0797,,,,,,0,0,,,,0.002,,,,,,,,,,,
spelad,EK,2024/25,2024-07-19,19:30,Slask Wroclaw,Lechia Gdansk,1,1,D,,,,,,,,,,,,,,,,,,,,0.4834,0.2725,0.2441,1,,,,2.06,3.65,4,,,,,0.952,,16,-0.5625,-0.277,0.1579,-1,0,,,,-0.0174,,,,,,,,,,,
spelad,EK,2024/25,2024-07-20,13:45,GKS Katowice,Radomiak Radom,1,2,A,,,,,,,,,,,,,,,,,,,,0.3526,0.2882,0.3592,1,,,,2.75,3.4,2.72,,,,,,,,,,,1,0,,,,-0.0004,,,,,,,,,,,
spelad,EK,2024/25,2024-07-20,19:15,Legia,Zaglebie,2,0,H,,,,,,,,,,,,,,,,,,,,0.5882,0.2391,0.1727,1,,,,1.66,4.33,5.6,,,,,-0.0757,,18,1.5,0.3802,-0.1991,0,0,,,,-0.0128,,,,,,,,,,,
spelad,EK,2024/25,2024-07-20,16:30,Pogon Szczecin,Korona Kielce,3,0,H,,,,,,,,,,,,,,,,,,,,0.6093,0.2299,0.1608,1,,,,1.62,4.2,6.02,,,,,-0.6002,,13,0.4615,-0.196,0.2682,0,0,,,,-0.0213,,,,,,,,,,,
spelad,EK,2024/25,2024-07-21,13:45,Cracovia,Piast Gliwice,1,1,D,,,,,,,,,,,,,,,,,,,,0.3276,0.3221,0.3502,1,,,,2.95,3,3.17,,,,,-0.2924,,19,-0.6316,-0.2319,-0.0355,0,0,,,,0.0535,,,,,,,,,,,
spelad,EK,2024/25,2024-07-21,16:30,Lech Poznan,Gornik Zabrze,2,0,H,,,,,,,,,,,,,,,,,,,,0.5802,0.2232,0.1966,1,,,,1.88,4.59,4.87,,,,,-1.0975,,15,0.4,-0.3048,0.0829,0,0,,,,-0.0706,,,,,,,,,,,
spelad,EK,2024/25,2024-07-21,19:15,Motor Lublin,Rakow,0,2,A,,,,,,,,,,,,,,,,,,,,0.1892,0.2341,0.5767,1,,,,5.68,4.4,1.66,,,,,,,,,,,1,0,,,,-0.0261,,,,,,,,,,,
spelad,EK,2024/25,2024-07-22,18:00,Stal Mielec,Widzew Lodz,1,1,D,,,,,,,,,,,,,,,,,,,,0.345,0.279,0.376,1,,,,2.79,3.5,2.57,,,,,-0.2954,,4,-0.75,-0.082,-0.0194,0,0,,,,0.0143,,,,,,,,,,,
spelad,EK,2024/25,2024-07-26,19:30,Lechia Gdansk,Motor Lublin,0,2,A,,,,,,,,,,,,,,,,,,,,0.5254,0.2504,0.2241,1,,,,1.88,3.91,4.35,,,,,,2,,,,,0,0,,,,-0.0129,,,,,,,,,,,
spelad,EK,2024/25,2024-07-26,17:00,Puszcza,Gornik Zabrze,2,2,D,,,,,,,,,,,,,,,,,,,,0.3792,0.2875,0.3333,1,,,,2.58,3.35,3,,,,,0.7567,2,,,,,0,0,,,,0.0135,,,,,,,,,,,
spelad,EK,2024/25,2024-07-27,16:30,Radomiak Radom,Jagiellonia,2,3,A,,,,,,,,,,,,,,,,,,,,0.3332,0.2638,0.4029,1,,,,3.1,3.65,2.42,,,,,-0.4432,-1,6,-0.5,-0.3751,0.2154,0,0,,,,-0.0228,,,,,,,,,,,
spelad,EK,2024/25,2024-07-27,13:45,Stal Mielec,GKS Katowice,0,1,A,,,,,,,,,,,,,,,,,,,,0.3975,0.2871,0.3154,1,,,,2.47,3.4,3.2,,,,,,-2,,,,,-1,0,,,,0.0072,,,,,,,,,,,
spelad,EK,2024/25,2024-07-27,19:15,Widzew Lodz,Lech Poznan,2,1,H,,,,,,,,,,,,,,,,,,,,0.3278,0.2707,0.4015,1,,,,3,3.61,2.47,,,,,0.66,-1,4,-0.75,0.1198,0.0043,0,0,,,,0.0112,,,,,,,,,,,
spelad,EK,2024/25,2024-07-28,19:15,Korona Kielce,Legia,0,1,A,,,,,,,,,,,,,,,,,,,,0.2363,0.2853,0.4784,1,,,,4.2,3.4,2.05,,,,,-0.219,0,14,-1.7143,-0.2675,0.0569,0,0,,,,0.0071,,,,,,,,,,,
spelad,EK,2024/25,2024-07-28,16:30,Piast Gliwice,Slask Wroclaw,2,0,H,,,,,,,,,,,,,,,,,,,,0.5477,0.2786,0.1736,1,,,,1.8,3.5,5.9,,,,,0.0997,-2,19,0.1579,-0.0351,0.0239,0,0,,,,-0.0097,,,,,,,,,,,
spelad,EK,2024/25,2024-07-28,13:45,Zaglebie,Pogon Szczecin,2,2,D,,,,,,,,,,,,,,,,,,,,0.3082,0.2664,0.4255,1,,,,3.15,3.61,2.35,,,,,0.296,0,17,-0.1765,0.1091,-0.0364,0,0,,,,0.0211,,,,,,,,,,,
spelad,EK,2024/25,2024-07-29,18:00,Rakow,Cracovia,0,1,A,,,,,,,,,,,,,,,,,,,,0.657,0.2195,0.1235,1,,,,1.49,4.75,7.8,,,,,-0.6306,0,10,-1.2,-1.0238,0.1356,0,0,,,,-0.0189,,,,,,,,,,,
spelad,EK,2024/25,2024-08-02,19:30,Gornik Zabrze,Pogon Szczecin,1,0,H,,,,,,,,,,,,,,,,,,,,0.3037,0.2567,0.4396,1,,,,3.17,3.85,2.2,,,,,-0.0614,2,14,0.4286,0.421,0.0138,0,0,,,,0.01,,,,,,,,,,,
spelad,EK,2024/25,2024-08-02,17:00,Zaglebie,Puszcza,1,0,H,,,,,,,,,,,,,,,,,,,,0.4696,0.2637,0.2667,1,,,,2.1,3.71,3.61,,,,,-0.0086,-2,,,,,0,0,,,,-0.0244,,,,,,,,,,,
spelad,EK,2024/25,2024-08-03,13:45,GKS Katowice,Rakow,0,1,A,,,,,,,,,,,,,,,,,,,,0.2164,0.247,0.5367,1,,,,4.85,3.98,1.79,,,,,,2,,,,,1,0,,,,-0.021,,,,,,,,,,,
spelad,EK,2024/25,2024-08-03,16:30,Jagiellonia,Stal Mielec,2,0,H,,,,,,,,,,,,,,,,,,,,0.5992,0.2135,0.1873,1,,,,1.6,4.6,5.5,,,,,0.6005,0,8,0,-0.4001,0.243,0,0,,,,0.0097,,,,,,,,,,,
spelad,EK,2024/25,2024-08-03,19:15,Lech Poznan,Lechia Gdansk,3,1,H,,,,,,,,,,,,,,,,,,,,0.6707,0.1953,0.134,1,,,,1.46,5.1,7.6,,,,,-0.2806,-1,17,0.8824,0.1774,-0.139,-1,0,,,,-0.0354,,,,,,,,,,,
spelad,EK,2024/25,2024-08-04,19:15,Legia,Piast Gliwice,1,2,A,,,,,,,,,,,,,,,,,,,,0.4623,0.3043,0.2334,1,,,,2.12,3.2,4.2,,,,,0.1794,0,18,0.6667,-0.0784,-0.0388,0,0,,,,-0.0142,,,,,,,,,,,
spelad,EK,2024/25,2024-08-04,13:45,Motor Lublin,Korona Kielce,1,1,D,,,,,,,,,,,,,,,,,,,,0.4014,0.3049,0.2937,1,,,,2.49,3.2,3.28,,,,,,2,,,,,1,0,,,,-0.0254,,,,,,,,,,,
spelad,EK,2024/25,2024-08-05,18:00,Cracovia,Widzew Lodz,1,3,A,,,,,,,,,,,,,,,,,,,,0.4117,0.2937,0.2946,1,,,,2.42,3.48,3.27,,,,,-0.0283,-2,4,-1.5,-1.0189,0.2086,0,0,,,,-0.0301,,,,,,,,,,,
spelad,EK,2024/25,2024-08-09,17:00,Radomiak Radom,Gornik Zabrze,1,2,A,,,,,,,,,,,,,,,,,,,,0.4397,0.272,0.2883,1,,,,2.25,3.7,3.34,,,,,-0.2129,6,6,0.5,0.1382,0.2118,0,0,,,,-0.0181,,,,,,,,,,,
spelad,EK,2024/25,2024-08-09,19:30,Rakow,Lech Poznan,0,0,D,,,,,,,,,,,,,,,,,,,,0.5361,0.2525,0.2114,1,,,,1.79,3.89,4.82,,,,,0.4339,0,10,0,0.0957,-0.0819,0,0,,,,0.0193,,,,,,,,,,,
spelad,EK,2024/25,2024-08-10,16:30,Korona Kielce,Cracovia,0,2,A,,,,,,,,,,,,,,,,,,,,0.3872,0.3171,0.2957,1,,,,2.49,3.35,3.37,,,,,-0.2359,1,12,-0.25,0.0412,-0.0378,0,0,,,,0.0064,,,,,,,,,,,
spelad,EK,2024/25,2024-08-10,19:15,Pogon Szczecin,Stal Mielec,1,0,H,,,,,,,,,,,,,,,,,,,,0.6555,0.2002,0.1443,1,,,,1.48,5.75,6.9,,,,,0.1141,1,8,0.375,-0.341,-0.1155,0,0,,,,-0.0183,,,,,,,,,,,
spelad,EK,2024/25,2024-08-11,13:45,Lechia Gdansk,Zaglebie,1,1,D,,,,,,,,,,,,,,,,,,,,0.3803,0.289,0.3307,1,,,,2.7,3.5,2.96,,,,,-1.0833,-1,15,0.6,0.18,0.1274,1,0,,,,-0.0275,,,,,,,,,,,
spelad,EK,2024/25,2024-08-11,16:30,Puszcza,Legia,2,2,D,,,,,,,,,,,,,,,,,,,,0.2202,0.2637,0.5161,1,,,,4.65,3.7,1.88,,,,,-0.386,2,,,,,0,0,,,,-0.0065,,,,,,,,,,,
spelad,EK,2024/25,2024-08-11,19:15,Widzew Lodz,Slask Wroclaw,0,0,D,,,,,,,,,,,,,,,,,,,,0.426,0.2891,0.2849,1,,,,2.26,3.35,3.5,,,,,-0.1475,-7,4,-0.75,-0.4298,-0.0333,0,0,,,,0.0145,,,,,,,,,,,
spelad,EK,2024/25,2024-08-12,18:00,Piast Gliwice,GKS Katowice,2,2,D,,,,,,,,,,,,,,,,,,,,0.4927,0.2947,0.2126,1,,,,1.98,3.45,5,,,,,,-1,,,,,-1,0,,,,0.008,,,,,,,,,,,
spelad,EK,2024/25,2024-08-16,19:30,GKS Katowice,Motor Lublin,0,0,D,,,,,,,,,,,,,,,,,,,,0.5276,0.2481,0.2243,1,,,,1.89,3.9,4.3,,,,,,-7,,,,,0,0,,,,-0.015,,,,,,,,,,,
spelad,EK,2024/25,2024-08-16,17:00,Puszcza,Lechia Gdansk,4,1,H,,,,,,,,,,,,,,,,,,,,0.4146,0.278,0.3073,1,,,,2.4,3.48,3.25,,,,,0.4054,0,,,,,-1,0,,,,0.0131,,,,,,,,,,,
spelad,EK,2024/25,2024-08-17,13:45,Jagiellonia,Cracovia,2,4,A,,,,,,,,,,,,,,,,,,,,0.5104,0.2726,0.2171,1,,,,1.92,3.65,4.5,,,,,-0.1349,7,18,0.6667,0.368,-0.0566,0,0,,,,-0.0202,,,,,,,,,,,
spelad,EK,2024/25,2024-08-17,19:15,Pogon Szczecin,Widzew Lodz,2,0,H,,,,,,,,,,,,,,,,,,,,0.5888,0.2248,0.1864,1,,,,1.67,4.28,5.25,,,,,-0.2485,1,4,2.25,0.7351,0.0032,0,0,,,,-0.0334,,,,,,,,,,,
spelad,EK,2024/25,2024-08-17,16:30,Zaglebie,Lech Poznan,0,1,A,,,,,,,,,,,,,,,,,,,,0.2905,0.2664,0.4431,1,,,,3.31,3.61,2.21,,,,,1.144,-2,17,0,0.3019,0.1544,0,0,,,,0.0218,,,,,,,,,,,
spelad,EK,2024/25,2024-08-18,19:15,Gornik Zabrze,Rakow,0,0,D,,,,,,,,,,,,,,,,,,,,0.2645,0.2727,0.4628,1,,,,3.64,3.6,2.12,,,,,0.4408,0,11,0.8182,0.7342,-0.0821,0,0,,,,0.0142,,,,,,,,,,,
spelad,EK,2024/25,2024-08-18,16:30,Legia,Radomiak Radom,4,1,H,,,,,,,,,,,,,,,,,,,,0.5845,0.2367,0.1788,1,,,,1.67,4.05,5.36,,,,,0.7374,-2,6,0,-0.2259,-0.2695,0,0,,,,-0.0398,,,,,,,,,,,
spelad,EK,2024/25,2024-08-18,13:45,Slask Wroclaw,Korona Kielce,1,1,D,,,,,,,,,,,,,,,,,,,,0.5006,0.2957,0.2036,1,,,,2.07,3.35,4.72,,,,,0.4485,-1,13,-0.4615,-0.4158,0.1018,0,0,,,,-0.0533,,,,,,,,,,,
spelad,EK,2024/25,2024-08-19,18:00,Stal Mielec,Piast Gliwice,2,0,H,,,,,,,,,,,,,,,,,,,,0.2014,0.2999,0.4988,1,,,,4.78,3.25,2.01,,,,,-0.32,2,8,-1.5,-0.2693,-0.0215,0,0,,,,0.0309,,,,,,,,,,,
spelad,EK,2024/25,2024-08-23,19:30,Lechia Gdansk,Rakow,1,2,A,,,,,,,,,,,,,,,,,,,,0.2114,0.237,0.5516,1,,,,4.54,4.25,1.78,,,,,0.1225,2,8,-1.5,-0.2526,-0.2441,1,0,,,,0.0061,,,,,,,,,,,
spelad,EK,2024/25,2024-08-23,17:00,Widzew Lodz,Radomiak Radom,3,2,H,,,,,,,,,,,,,,,,,,,,0.435,0.2693,0.2958,1,,,,2.26,3.62,3.26,,,,,0.7249,1,4,-1.5,-0.6097,-0.2851,0,0,,,,-0.0221,,,,,,,,,,,
spelad,EK,2024/25,2024-08-24,16:30,Cracovia,Gornik Zabrze,3,2,H,,,,,,,,,,,,,,,,,,,,0.4295,0.2924,0.2781,1,,,,2.27,3.48,3.46,,,,,0.4967,1,14,1.0714,0.5484,-0.0699,0,0,,,,-0.0221,,,,,,,,,,,
spelad,EK,2024/25,2024-08-24,13:45,Motor Lublin,Puszcza,0,0,D,,,,,,,,,,,,,,,,,,,,0.4372,0.288,0.2748,1,,,,2.38,3.4,3.5,,,,,,0,,,,,1,0,,,,-0.0299,,,,,,,,,,,
spelad,EK,2024/25,2024-08-24,19:15,Piast Gliwice,Zaglebie,1,0,H,,,,,,,,,,,,,,,,,,,,0.5395,0.2751,0.1854,1,,,,1.81,3.53,5.18,,,,,-0.1975,-2,17,0.3529,0.032,0.131,0,0,,,,-0.0302,,,,,,,,,,,
spelad,EK,2024/25,2024-08-25,13:45,GKS Katowice,Jagiellonia,3,1,H,,,,,,,,,,,,,,,,,,,,0.3441,0.2611,0.3948,1,,,,2.92,3.69,2.45,,,,,-0.3669,1,,,,,1,0,,,,-0.004,,,,,,,,,,,
spelad,EK,2024/25,2024-08-25,16:30,Lech Poznan,Pogon Szczecin,2,0,H,,,,,,,,,,,,,,,,,,,,0.4009,0.2718,0.3273,1,,,,2.46,3.65,2.94,,,,,-0.2646,0,19,0.9474,0.1738,0.0984,0,0,,,,-0.0184,,,,,,,,,,,
spelad,EK,2024/25,2024-08-25,19:15,Slask Wroclaw,Legia,1,1,D,,,,,,,,,,,,,,,,,,,,0.3076,0.3009,0.3914,1,,,,3.13,3.22,2.46,,,,,-0.1957,0,16,-1.3125,-0.1278,-0.0648,0,0,,,,0.0002,,,,,,,,,,,
spelad,EK,2024/25,2024-08-26,18:00,Korona Kielce,Stal Mielec,2,1,H,,,,,,,,,,,,,,,,,,,,0.5056,0.28,0.2144,1,,,,2.02,3.43,4.48,,,,,0.1205,1,4,0,0.0426,-0.2864,0,0,,,,-0.0491,,,,,,,,,,,
spelad,EK,2024/25,2024-08-30,17:00,Rakow,Piast Gliwice,0,1,A,,,,,,,,,,,,,,,,,,,,0.4775,0.3157,0.2068,1,,,,2.05,3.23,4.64,,,,,-0.3869,1,10,1.5,0.5654,-0.1879,0,0,,,,-0.0306,,,,,,,,,,,
spelad,EK,2024/25,2024-08-30,19:30,Stal Mielec,Lech Poznan,0,2,A,,,,,,,,,,,,,,,,,,,,0.2175,0.2724,0.5101,1,,,,4.41,3.61,1.93,,,,,-0.5267,-1,8,0,0.6392,0.2969,0,0,,,,0.0265,,,,,,,,,,,
spelad,EK,2024/25,2024-08-31,13:45,Puszcza,Korona Kielce,0,0,D,,,,,,,,,,,,,,,,,,,,0.3392,0.3168,0.344,1,,,,2.84,3.2,2.97,,,,,0.0159,2,,,,,0,0,,,,0.0455,,,,,,,,,,,
spelad,EK,2024/25,2024-08-31,19:15,Radomiak Radom,Cracovia,2,1,H,,,,,,,,,,,,,,,,,,,,0.3948,0.2893,0.3159,1,,,,2.48,3.4,3.05,,,,,-1.6882,1,6,-2,-0.8646,-0.3063,0,0,,,,-0.0006,,,,,,,,,,,
spelad,EK,2024/25,2024-08-31,16:30,Zaglebie,GKS Katowice,1,0,H,,,,,,,,,,,,,,,,,,,,0.435,0.2887,0.2763,1,,,,2.24,3.35,3.48,,,,,-0.3114,1,,,,,-1,0,,,,-0.0256,,,,,,,,,,,
spelad,EK,2024/25,2024-09-01,11:15,Gornik Zabrze,Lechia Gdansk,2,3,A,,,,,,,,,,,,,,,,,,,,0.5029,0.2575,0.2395,1,,,,1.95,3.74,4.01,,,,,0.3985,-1,12,-1,-0.5557,0.2379,-1,0,,,,-0.0279,,,,,,,,,,,
spelad,EK,2024/25,2024-09-01,19:15,Jagiellonia,Widzew Lodz,1,0,H,,,,,,,,,,,,,,,,,,,,0.5114,0.2434,0.2452,1,,,,1.88,3.95,4.1,,,,,-0.4538,-2,4,0.75,0.3325,-0.0165,0,0,,,,-0.0083,,,,,,,,,,,
spelad,EK,2024/25,2024-09-01,13:45,Legia,Motor Lublin,5,2,H,,,,,,,,,,,,,,,,,,,,0.5961,0.2418,0.1621,1,,,,1.61,4.01,5.97,,,,,0.2593,-1,,,,,-1,0,,,,-0.0052,,,,,,,,,,,
spelad,EK,2024/25,2024-09-01,16:30,Pogon Szczecin,Slask Wroclaw,5,3,H,,,,,,,,,,,,,,,,,,,,0.4902,0.2529,0.2569,1,,,,2.05,3.8,3.74,,,,,-0.2534,0,17,-0.1765,-0.3151,0.0769,0,0,,,,-0.0276,,,,,,,,,,,
spelad,EK,2024/25,2024-09-13,19:30,GKS Katowice,Widzew Lodz,2,2,D,,,,,,,,,,,,,,,,,,,,0.412,0.2832,0.3048,1,,,,2.38,3.52,3.2,,,,,-0.6022,1,,,,,1,0,,,,-0.0028,,,,,,,,,,,
spelad,EK,2024/25,2024-09-13,17:00,Motor Lublin,Gornik Zabrze,1,0,H,,,,,,,,,,,,,,,,,,,,0.3777,0.2881,0.3342,1,,,,2.55,3.4,3.5,,,,,0.0638,0,,,,,1,0,,,,0.049,,,,,,,,,,,
spelad,EK,2024/25,2024-09-14,16:30,Cracovia,Pogon Szczecin,2,1,H,,,,,,,,,,,,,,,,,,,,0.3377,0.2789,0.3834,1,,,,2.87,3.6,2.51,,,,,0.19,1,18,-0.1667,-0.0007,-0.0059,0,0,,,,0.0184,,,,,,,,,,,
spelad,EK,2024/25,2024-09-14,19:15,Lech Poznan,Jagiellonia,5,0,H,,,,,,,,,,,,,,,,,,,,0.5642,0.2334,0.2024,1,,,,1.75,4.11,4.74,,,,,0.157,2,19,0,-0.4035,0.1175,0,0,,,,-0.0356,,,,,,,,,,,
spelad,EK,2024/25,2024-09-14,13:45,Lechia Gdansk,Radomiak Radom,1,0,H,,,,,,,,,,,,,,,,,,,,0.3662,0.2744,0.3594,1,,,,2.63,3.51,2.68,,,,,0.0552,-1,4,-2.25,-1.0318,-0.0316,1,0,,,,0.0049,,,,,,,,,,,
spelad,EK,2024/25,2024-09-15,13:45,Korona Kielce,Zaglebie,2,0,H,,,,,,,,,,,,,,,,,,,,0.4301,0.303,0.2669,1,,,,2.35,3.3,3.61,,,,,0.0861,0,13,-0.2308,0.0205,0.0301,0,0,,,,-0.0356,,,,,,,,,,,
spelad,EK,2024/25,2024-09-15,16:30,Legia,Rakow,0,1,A,,,,,,,,,,,,,,,,,,,,0.4028,0.3046,0.2926,1,,,,2.39,3.21,3.32,,,,,0.7511,-2,10,0.3,0.08,0.035,0,0,,,,0.0057,,,,,,,,,,,
spelad,EK,2024/25,2024-09-15,11:15,Piast Gliwice,Puszcza,1,1,D,,,,,,,,,,,,,,,,,,,,0.6,0.258,0.142,1,,,,1.61,4.04,6.76,,,,,0.1683,1,,,,,0,0,,,,-0.0165,,,,,,,,,,,
spelad,EK,2024/25,2024-09-20,19:30,Pogon Szczecin,Legia,1,0,H,,,,,,,,,,,,,,,,,,,,0.3943,0.2933,0.3124,1,,,,2.44,3.42,3.08,,,,,-0.0631,1,19,0.1579,0.3895,-0.053,0,0,,,,-0.0022,,,,,,,,,,,
spelad,EK,2024/25,2024-09-20,17:00,Radomiak Radom,Korona Kielce,4,0,H,,,,,,,,,,,,,,,,,,,,0.3839,0.3011,0.3149,1,,,,2.51,3.25,3.09,,,,,-0.4394,1,4,-2.25,-1.3173,-0.0353,0,0,,,,0.0183,,,,,,,,,,,
spelad,EK,2024/25,2024-09-21,19:15,Gornik Zabrze,GKS Katowice,3,0,H,,,,,,,,,,,,,,,,,,,,0.3849,0.3007,0.3144,1,,,,2.5,3.44,3.07,,,,,-0.0608,0,,,,,-1,0,,,,-0.0124,,,,,,,,,,,
spelad,EK,2024/25,2024-09-21,13:45,Jagiellonia,Lechia Gdansk,3,2,H,,,,,,,,,,,,,,,,,,,,0.5518,0.2264,0.2217,1,,,,1.84,4.24,4.38,,,,,0.3189,0,16,0,0.0427,-0.0224,-1,0,,,,-0.0463,,,,,,,,,,,
spelad,EK,2024/25,2024-09-21,11:15,Puszcza,Cracovia,1,2,A,,,,,,,,,,,,,,,,,,,,0.2678,0.2787,0.4535,1,,,,3.59,3.5,2.23,,,,,-0.8867,-1,,,,,0,0,,,,0.0304,,,,,,,,,,,
spelad,EK,2024/25,2024-09-21,16:30,Widzew Lodz,Piast Gliwice,1,0,H,,,,,,,,,,,,,,,,,,,,0.315,0.3213,0.3637,1,,,,3.06,3.33,2.67,,,,,-0.0231,2,4,0,0.3039,-0.2944,0,0,,,,0.019,,,,,,,,,,,
spelad,EK,2024/25,2024-09-22,16:30,Lech Poznan,Slask Wroclaw,1,0,H,,,,,,,,,,,,,,,,,,,,0.5947,0.2468,0.1585,1,,,,1.67,3.91,6.04,,,,,0.8122,-7,16,0.375,-0.2454,-0.0136,0,0,,,,-0.0414,,,,,,,,,,,
spelad,EK,2024/25,2024-09-22,13:45,Rakow,Zaglebie,5,1,H,,,,,,,,,,,,,,,,,,,,0.6213,0.2306,0.1481,1,,,,1.56,4.17,6.5,,,,,0.1515,0,11,0.8182,0.0061,-0.0594,0,0,,,,-0.0126,,,,,,,,,,,
spelad,EK,2024/25,2024-09-22,11:15,Stal Mielec,Motor Lublin,1,0,H,,,,,,,,,,,,,,,,,,,,0.387,0.3109,0.3021,1,,,,2.54,3.21,3.19,,,,,-0.6828,7,,,,,-1,0,,,,-0.0198,,,,,,,,,,,
spelad,EK,2024/25,2024-09-25,18:00,Motor Lublin,Jagiellonia,0,2,A,,,,,,,,,,,,,,,,,,,,0.372,0.2699,0.3582,1,,,,2.61,3.57,2.9,,,,,-0.2225,-1,,,,,1,0,,,,-0.0013,,,,,,,,,,,
spelad,EK,2024/25,2024-09-27,17:00,GKS Katowice,Pogon Szczecin,3,1,H,,,,,,,,,,,,,,,,,,,,0.3046,0.2696,0.4259,1,,,,3.16,3.65,2.31,,,,,-0.1135,-1,,,,,1,0,,,,0.0123,,,,,,,,,,,
spelad,EK,2024/25,2024-09-27,19:30,Lechia Gdansk,Widzew Lodz,1,1,D,,,,,,,,,,,,,,,,,,,,0.3376,0.268,0.3944,1,,,,2.85,3.7,2.5,,,,,-0.7958,0,,,,,1,0,,,,0.0159,,,,,,,,,,,
spelad,EK,2024/25,2024-09-28,19:15,Legia,Gornik Zabrze,1,1,D,,,,,,,,,,,,,,,,,,,,0.5443,0.2528,0.203,1,,,,1.82,3.8,5,,,,,-0.3957,1,15,1.2,0.1598,-0.174,0,0,,,,-0.0041,,,,,,,,,,,
spelad,EK,2024/25,2024-09-28,16:30,Motor Lublin,Slask Wroclaw,2,1,H,,,,,,,,,,,,,,,,,,,,0.3569,0.305,0.3381,1,,,,2.7,3.32,2.85,,,,,0.2422,-3,,,,,1,0,,,,0.0028,,,,,,,,,,,
spelad,EK,2024/25,2024-09-28,13:45,Rakow,Puszcza,2,0,H,,,,,,,,,,,,,,,,,,,,0.6933,0.1969,0.1098,1,,,,1.4,4.86,9.5,,,,,0.0827,-1,,,,,0,0,,,,-0.0197,,,,,,,,,,,
spelad,EK,2024/25,2024-09-29,13:45,Korona Kielce,Lech Poznan,2,3,A,,,,,,,,,,,,,,,,,,,,0.242,0.2801,0.4779,1,,,,3.97,3.49,2.06,,,,,-0.8939,2,13,-1.1538,-0.0225,-0.0903,0,0,,,,0.0233,,,,,,,,,,,
spelad,EK,2024/25,2024-09-29,16:30,Piast Gliwice,Jagiellonia,0,1,A,,,,,,,,,,,,,,,,,,,,0.5217,0.2616,0.2167,1,,,,1.87,3.67,4.43,,,,,-0.1523,4,18,0.1667,0.0532,-0.0003,0,0,,,,-0.0218,,,,,,,,,,,
spelad,EK,2024/25,2024-09-29,11:15,Zaglebie,Radomiak Radom,1,0,H,,,,,,,,,,,,,,,,,,,,0.4012,0.2832,0.3157,1,,,,2.4,3.45,3.1,,,,,-0.0071,-2,6,0,0.1626,-0.2915,0,0,,,,-0.0058,,,,,,,,,,,
spelad,EK,2024/25,2024-09-30,18:00,Cracovia,Stal Mielec,1,1,D,,,,,,,,,,,,,,,,,,,,0.5649,0.2595,0.1756,1,,,,1.77,3.84,5.47,,,,,1.1788,1,8,0.375,-0.3544,0.3427,0,0,,,,-0.0414,,,,,,,,,,,
spelad,EK,2024/25,2024-10-04,17:00,Puszcza,GKS Katowice,0,6,A,,,,,,,,,,,,,,,,,,,,0.2979,0.2979,0.4043,1,,,,3.23,3.35,2.5,,,,,-0.0291,-1,,,,,0,0,,,,0.0236,,,,,,,,,,,
spelad,EK,2024/25,2024-10-04,19:30,Widzew Lodz,Korona Kielce,0,1,A,,,,,,,,,,,,,,,,,,,,0.4927,0.2769,0.2304,1,,,,2.02,3.5,4.17,,,,,0.4457,2,4,0.75,0.28,-0.0296,0,0,,,,-0.0205,,,,,,,,,,,
spelad,EK,2024/25,2024-10-05,16:30,Gornik Zabrze,Zaglebie,0,1,A,,,,,,,,,,,,,,,,,,,,0.4473,0.2779,0.2748,1,,,,2.16,3.5,3.5,,,,,0.1138,1,16,0.1875,0.1814,-0.0849,0,0,,,,-0.0061,,,,,,,,,,,
spelad,EK,2024/25,2024-10-05,19:15,Lech Poznan,Motor Lublin,1,2,A,,,,,,,,,,,,,,,,,,,,0.6257,0.2186,0.1557,1,,,,1.57,4.4,6.15,,,,,1.19,-1,,,,,0,0,,,,-0.0326,,,,,,,,,,,
spelad,EK,2024/25,2024-10-05,13:45,Radomiak Radom,Rakow,0,2,A,,,,,,,,,,,,,,,,,,,,0.2437,0.2833,0.473,1,,,,3.95,3.43,2.09,,,,,-0.8402,-1,6,-1,-0.019,0.0667,0,0,,,,0.0207,,,,,,,,,,,
spelad,EK,2024/25,2024-10-05,11:15,Stal Mielec,Lechia Gdansk,2,1,H,,,,,,,,,,,,,,,,,,,,0.4601,0.282,0.2578,1,,,,2.25,3.45,3.73,,,,,-0.0348,-3,6,-2,-0.7963,0.067,0,0,,,,-0.026,,,,,,,,,,,
spelad,EK,2024/25,2024-10-06,19:15,Jagiellonia,Legia,1,1,D,,,,,,,,,,,,,,,,,,,,0.3704,0.2832,0.3464,1,,,,2.6,3.42,2.78,,,,,0.9514,-1,19,-0.1579,0.175,0.1561,0,0,,,,0.0048,,,,,,,,,,,
spelad,EK,2024/25,2024-10-06,16:30,Pogon Szczecin,Piast Gliwice,1,0,H,,,,,,,,,,,,,,,,,,,,0.4492,0.3004,0.2504,1,,,,2.2,3.32,3.84,,,,,0.0672,2,18,0.6667,0.1757,0.1572,0,0,,,,-0.0227,,,,,,,,,,,
spelad,EK,2024/25,2024-10-06,13:45,Slask Wroclaw,Cracovia,2,4,A,,,,,,,,,,,,,,,,,,,,0.3719,0.3048,0.3232,1,,,,2.63,3.24,2.98,,,,,-1.2991,2,19,0.7895,0.4186,0.0239,0,0,,,,-0.007,,,,,,,,,,,
spelad,EK,2024/25,2024-10-18,17:00,Korona Kielce,Piast Gliwice,0,2,A,,,,,,,,,,,,,,,,,,,,0.2872,0.3295,0.3833,1,,,,3.35,3,2.7,,,,,0.6754,2,11,-1.3636,-0.5291,0.0839,0,0,,,,0.0414,,,,,,,,,,,
spelad,EK,2024/25,2024-10-18,19:30,Lechia Gdansk,Legia,0,2,A,,,,,,,,,,,,,,,,,,,,0.2156,0.2472,0.5372,1,,,,4.7,3.92,1.84,,,,,0.2725,1,16,-1.125,-0.1609,-0.0097,0,0,,,,0.0038,,,,,,,,,,,
spelad,EK,2024/25,2024-10-19,19:15,Cracovia,Lech Poznan,0,2,A,,,,,,,,,,,,,,,,,,,,0.279,0.2952,0.4258,1,,,,3.45,3.4,2.31,,,,,0.3026,-1,17,-0.1765,0.1887,0.0886,0,0,,,,0.0366,,,,,,,,,,,
spelad,EK,2024/25,2024-10-19,13:45,Motor Lublin,Widzew Lodz,3,4,A,,,,,,,,,,,,,,,,,,,,0.3567,0.2866,0.3567,1,,,,2.7,3.4,2.85,,,,,0.405,-1,,,,,0,0,,,,0.0077,,,,,,,,,,,
spelad,EK,2024/25,2024-10-19,16:30,Zaglebie,Jagiellonia,1,3,A,,,,,,,,,,,,,,,,,,,,0.4206,0.2528,0.3265,1,,,,2.43,3.86,2.99,,,,,-0.1015,1,18,-0.1667,0.0265,-0.1072,0,0,,,,-0.0085,,,,,,,,,,,
spelad,EK,2024/25,2024-10-20,11:15,GKS Katowice,Slask Wroclaw,0,0,D,,,,,,,,,,,,,,,,,,,,0.4434,0.2916,0.2651,1,,,,2.17,3.4,3.75,,,,,0.9774,2,,,,,0,0,,,,0.0098,,,,,,,,,,,
spelad,EK,2024/25,2024-10-20,13:45,Gornik Zabrze,Stal Mielec,3,1,H,,,,,,,,,,,,,,,,,,,,0.5034,0.2627,0.2339,1,,,,1.93,3.75,4.5,,,,,-0.5303,0,8,1.125,0.3188,-0.1409,0,0,,,,0.0012,,,,,,,,,,,
spelad,EK,2024/25,2024-10-20,16:30,Rakow,Pogon Szczecin,1,0,H,,,,,,,,,,,,,,,,,,,,0.5391,0.2643,0.1966,1,,,,1.8,3.71,4.88,,,,,0.1022,1,10,1.5,0.5799,0.0241,0,0,,,,-0.0199,,,,,,,,,,,
spelad,EK,2024/25,2024-10-21,18:00,Radomiak Radom,Puszcza,2,0,H,,,,,,,,,,,,,,,,,,,,0.5447,0.2577,0.1977,1,,,,1.8,3.85,4.85,,,,,-0.3335,-1,,,,,0,0,,,,-0.0217,,,,,,,,,,,
spelad,EK,2024/25,2024-10-23,17:30,Slask Wroclaw,Stal Mielec,2,1,H,,,,,,,,,,,,,,,,,,,,0.4737,0.2828,0.2435,1,,,,2.07,3.6,3.96,,,,,-0.9334,0,8,-0.75,-0.7144,0.2194,0,0,,,,-0.0153,,,,,,,,,,,
spelad,EK,2024/25,2024-10-25,17:00,Piast Gliwice,Lechia Gdansk,3,3,D,,,,,,,,,,,,,,,,,,,,0.6101,0.2395,0.1504,1,,,,1.59,4.34,6.5,,,,,-0.1139,0,16,-0.1875,-0.0648,-0.0941,0,0,,,,-0.0083,,,,,,,,,,,
spelad,EK,2024/25,2024-10-25,19:30,Pogon Szczecin,Puszcza,2,1,H,,,,,,,,,,,,,,,,,,,,0.69,0.1914,0.1186,1,,,,1.4,5.01,8.5,,,,,0.2975,1,,,,,0,0,,,,-0.0107,,,,,,,,,,,
spelad,EK,2024/25,2024-10-26,13:45,Cracovia,Motor Lublin,6,2,H,,,,,,,,,,,,,,,,,,,,0.5305,0.2616,0.2078,1,,,,1.85,3.75,4.62,,,,,0.592,0,,,,,0,0,,,,-0.0215,,,,,,,,,,,
spelad,EK,2024/25,2024-10-26,19:15,Lech Poznan,Radomiak Radom,2,1,H,,,,,,,,,,,,,,,,,,,,0.6465,0.2098,0.1437,1,,,,1.5,4.79,6.66,,,,,1.0166,2,6,0.5,-0.2878,0.2293,0,0,,,,-0.025,,,,,,,,,,,
spelad,EK,2024/25,2024-10-26,16:30,Slask Wroclaw,Rakow,0,0,D,,,,,,,,,,,,,,,,,,,,0.194,0.2878,0.5181,1,,,,4.94,3.33,1.96,,,,,-1.1074,-3,10,-0.9,-0.0532,0.0464,0,0,,,,0.0396,,,,,,,,,,,
spelad,EK,2024/25,2024-10-27,13:45,Jagiellonia,Korona Kielce,3,1,H,,,,,,,,,,,,,,,,,,,,0.5548,0.2506,0.1947,1,,,,1.74,3.9,4.93,,,,,0.5286,-1,13,1.1538,0.3097,0.0379,0,0,,,,-0.0268,,,,,,,,,,,
spelad,EK,2024/25,2024-10-27,19:15,Legia,GKS Katowice,4,1,H,,,,,,,,,,,,,,,,,,,,0.5919,0.2344,0.1737,1,,,,1.63,4.12,5.64,,,,,-0.2481,2,,,,,0,0,,,,-0.0152,,,,,,,,,,,
spelad,EK,2024/25,2024-10-27,11:15,Stal Mielec,Zaglebie,2,2,D,,,,,,,,,,,,,,,,,,,,0.411,0.2717,0.3174,1,,,,2.38,3.54,3.03,,,,,0.2243,-4,8,0,0.2711,-0.0194,0,0,,,,-0.0079,,,,,,,,,,,
spelad,EK,2024/25,2024-10-27,16:30,Widzew Lodz,Gornik Zabrze,0,2,A,,,,,,,,,,,,,,,,,,,,0.4535,0.2612,0.2853,1,,,,2.16,3.69,3.53,,,,,0.4495,1,4,-0.75,-0.2632,-0.0303,0,0,,,,0.0001,,,,,,,,,,,
spelad,EK,2024/25,2024-11-02,16:30,Motor Lublin,Pogon Szczecin,4,2,H,,,,,,,,,,,,,,,,,,,,0.3035,0.265,0.4314,1,,,,3.17,3.81,2.29,,,,,0.0173,-1,,,,,0,0,,,,0.0209,,,,,,,,,,,
spelad,EK,2024/25,2024-11-02,19:15,Puszcza,Lech Poznan,2,0,H,,,,,,,,,,,,,,,,,,,,0.1655,0.2455,0.589,1,,,,5.83,3.91,1.64,,,,,-1.3203,1,,,,,0,0,,,,0.0137,,,,,,,,,,,
spelad,EK,2024/25,2024-11-02,13:45,Rakow,Stal Mielec,1,0,H,,,,,,,,,,,,,,,,,,,,0.6848,0.2062,0.1091,1,,,,1.42,4.79,8.79,,,,,0.7039,1,8,2.25,0.3692,0.0345,0,0,,,,-0.0358,,,,,,,,,,,
spelad,EK,2024/25,2024-11-03,13:45,Gornik Zabrze,Jagiellonia,0,2,A,,,,,,,,,,,,,,,,,,,,0.3962,0.266,0.3378,1,,,,2.43,3.7,3,,,,,-1.0891,0,15,-0.2,0.0472,-0.1317,0,0,,,,0.0053,,,,,,,,,,,
spelad,EK,2024/25,2024-11-03,16:30,Lechia Gdansk,Cracovia,1,2,A,,,,,,,,,,,,,,,,,,,,0.2871,0.2756,0.4372,1,,,,3.35,3.6,2.2,,,,,-0.5088,1,16,-0.75,-0.4154,-0.1543,0,0,,,,0.012,,,,,,,,,,,
spelad,EK,2024/25,2024-11-03,19:15,Legia,Widzew Lodz,2,1,H,,,,,,,,,,,,,,,,,,,,0.6473,0.2078,0.1449,1,,,,1.5,4.61,6.61,,,,,-0.1405,0,4,0.75,-0.059,-0.0037,0,0,,,,-0.0307,,,,,,,,,,,
spelad,EK,2024/25,2024-11-03,11:15,Radomiak Radom,Piast Gliwice,1,1,D,,,,,,,,,,,,,,,,,,,,0.3592,0.3241,0.3167,1,,,,2.78,3.13,3.04,,,,,0.0643,-1,6,0.5,0.2368,0.1871,0,0,,,,0.0003,,,,,,,,,,,
spelad,EK,2024/25,2024-11-04,17:00,GKS Katowice,Korona Kielce,1,2,A,,,,,,,,,,,,,,,,,,,,0.4338,0.291,0.2752,1,,,,2.26,3.5,3.6,,,,,0.0924,0,,,,,0,0,,,,-0.0003,,,,,,,,,,,
spelad,EK,2024/25,2024-11-04,19:30,Zaglebie,Slask Wroclaw,3,0,H,,,,,,,,,,,,,,,,,,,,0.4025,0.2997,0.2978,1,,,,2.47,3.31,3.25,,,,,0.4799,-1,17,0.3529,0.1306,0.0081,0,0,,,,-0.0145,,,,,,,,,,,
spelad,EK,2024/25,2024-11-08,17:00,Piast Gliwice,Motor Lublin,2,3,A,,,,,,,,,,,,,,,,,,,,0.4978,0.2818,0.2204,1,,,,1.96,3.5,4.4,,,,,-0.7007,-1,,,,,0,0,,,,-0.0174,,,,,,,,,,,
spelad,EK,2024/25,2024-11-08,19:30,Pogon Szczecin,Radomiak Radom,0,1,A,,,,,,,,,,,,,,,,,,,,0.4903,0.2633,0.2464,1,,,,2.03,3.85,4.1,,,,,-0.0051,1,6,1.5,0.4659,-0.1044,0,0,,,,-0.0161,,,,,,,,,,,
spelad,EK,2024/25,2024-11-09,13:45,Cracovia,GKS Katowice,3,4,A,,,,,,,,,,,,,,,,,,,,0.4977,0.2603,0.242,1,,,,1.93,3.75,4.26,,,,,0.8219,1,,,,,0,0,,,,0.0028,,,,,,,,,,,
spelad,EK,2024/25,2024-11-09,11:15,Korona Kielce,Lechia Gdansk,0,0,D,,,,,,,,,,,,,,,,,,,,0.5719,0.2528,0.1753,1,,,,1.72,3.9,5.49,,,,,0.1243,-1,10,0.6,0.5251,-0.0783,0,0,,,,-0.0409,,,,,,,,,,,
spelad,EK,2024/25,2024-11-09,19:15,Slask Wroclaw,Gornik Zabrze,0,1,A,,,,,,,,,,,,,,,,,,,,0.401,0.2925,0.3065,1,,,,2.42,3.29,3.14,,,,,-0.3752,-1,15,-0.8,-0.4881,0.1878,0,0,,,,-0.0147,,,,,,,,,,,
spelad,EK,2024/25,2024-11-09,16:30,Widzew Lodz,Zaglebie,2,0,H,,,,,,,,,,,,,,,,,,,,0.4649,0.2839,0.2513,1,,,,2.08,3.6,3.83,,,,,-0.6329,1,4,-0.75,-0.3417,-0.0243,0,0,,,,-0.0182,,,,,,,,,,,
spelad,EK,2024/25,2024-11-10,13:45,Jagiellonia,Rakow,2,2,D,,,,,,,,,,,,,,,,,,,,0.2775,0.2927,0.4299,1,,,,3.6,3.35,2.26,,,,,0.5236,-1,10,-1.2,-0.1792,-0.0422,0,0,,,,0.0091,,,,,,,,,,,
spelad,EK,2024/25,2024-11-10,16:30,Lech Poznan,Legia,5,2,H,,,,,,,,,,,,,,,,,,,,0.4453,0.2969,0.2579,1,,,,2.17,3.3,3.73,,,,,0.337,1,19,-0.6316,-0.2916,-0.0167,0,0,,,,-0.0162,,,,,,,,,,,
spelad,EK,2024/25,2024-11-10,11:15,Stal Mielec,Puszcza,2,0,H,,,,,,,,,,,,,,,,,,,,0.4856,0.2828,0.2317,1,,,,2.03,3.5,4.15,,,,,0.1371,0,,,,,0,0,,,,-0.0118,,,,,,,,,,,
spelad,EK,2024/25,2024-11-22,19:30,Jagiellonia,Slask Wroclaw,2,2,D,,,,,,,,,,,,,,,,,,,,0.5748,0.243,0.1822,1,,,,1.83,3.96,5.27,,,,,1.7159,-1,16,-0.375,-0.3502,0.0978,0,0,,,,-0.0442,,,,,,,,,,,
spelad,EK,2024/25,2024-11-22,17:00,Zaglebie,Motor Lublin,1,2,A,,,,,,,,,,,,,,,,,,,,0.4254,0.2787,0.2959,1,,,,2.27,3.6,3.42,,,,,-0.3283,-1,,,,,0,0,,,,-0.0074,,,,,,,,,,,
spelad,EK,2024/25,2024-11-23,16:30,Lech Poznan,GKS Katowice,2,0,H,,,,,,,,,,,,,,,,,,,,0.6697,0.1975,0.1328,1,,,,1.52,4.85,7.24,,,,,0.2849,-1,,,,,0,0,,,,-0.0261,,,,,,,,,,,
spelad,EK,2024/25,2024-11-23,13:45,Lechia Gdansk,Pogon Szczecin,0,3,A,,,,,,,,,,,,,,,,,,,,0.245,0.2413,0.5136,1,,,,3.93,4,1.98,,,,,0.176,-1,17,-0.5294,-0.1536,-0.0343,0,0,,,,0.0222,,,,,,,,,,,
spelad,EK,2024/25,2024-11-23,19:15,Legia,Cracovia,3,2,H,,,,,,,,,,,,,,,,,,,,0.6056,0.2257,0.1688,1,,,,1.71,4.4,5.67,,,,,-0.6943,-1,17,0.8824,-0.0165,-0.0235,0,0,,,,-0.0369,,,,,,,,,,,
spelad,EK,2024/25,2024-11-24,16:30,Gornik Zabrze,Piast Gliwice,1,0,H,,,,,,,,,,,,,,,,,,,,0.3663,0.3345,0.2992,1,,,,2.63,3.3,3.25,,,,,1.1454,-1,14,-0.6429,-0.1972,0.0676,0,0,,,,0.0081,,,,,,,,,,,
spelad,EK,2024/25,2024-11-24,11:15,Radomiak Radom,Stal Mielec,1,2,A,,,,,,,,,,,,,,,,,,,,0.4219,0.283,0.2951,1,,,,2.37,3.5,3.7,,,,,-0.1639,2,6,0,-0.3691,0.0491,0,0,,,,-0.0233,,,,,,,,,,,
spelad,EK,2024/25,2024-11-24,13:45,Rakow,Korona Kielce,1,1,D,,,,,,,,,,,,,,,,,,,,0.6177,0.2526,0.1297,1,,,,1.57,4,7.38,,,,,0.6377,-1,7,0.4286,-0.1524,-0.2475,0,0,,,,-0.0202,,,,,,,,,,,
spelad,EK,2024/25,2024-11-25,18:00,Puszcza,Widzew Lodz,2,0,H,,,,,,,,,,,,,,,,,,,,0.2789,0.2695,0.4517,1,,,,3.5,3.6,2.28,,,,,-0.329,-1,,,,,0,0,,,,0.0044,,,,,,,,,,,
spelad,EK,2024/25,2024-11-29,17:00,Cracovia,Zaglebie,1,1,D,,,,,,,,,,,,,,,,,,,,0.4955,0.2641,0.2403,1,,,,1.97,3.72,4.08,,,,,0.147,-1,17,0.7059,0.3029,0.1228,0,0,,,,-0.0055,,,,,,,,,,,
spelad,EK,2024/25,2024-11-29,19:30,Piast Gliwice,Lech Poznan,0,0,D,,,,,,,,,,,,,,,,,,,,0.2469,0.2905,0.4626,1,,,,3.94,3.28,2.16,,,,,-1.2134,-1,17,-1.0588,-0.3145,0.025,0,0,,,,0.0153,,,,,,,,,,,
spelad,EK,2024/25,2024-11-30,16:30,GKS Katowice,Lechia Gdansk,2,0,H,,,,,,,,,,,,,,,,,,,,0.5604,0.2432,0.1964,1,,,,1.71,4.3,4.88,,,,,0.6519,0,,,,,0,0,,,,-0.0064,,,,,,,,,,,
spelad,EK,2024/25,2024-11-30,13:45,Slask Wroclaw,Puszcza,0,1,A,,,,,,,,,,,,,,,,,,,,0.5007,0.2778,0.2215,1,,,,1.94,3.68,4.49,,,,,-0.3569,3,,,,,0,0,,,,-0.0227,,,,,,,,,,,
spelad,EK,2024/25,2024-11-30,19:15,Widzew Lodz,Rakow,2,3,A,,,,,,,,,,,,,,,,,,,,0.2397,0.307,0.4533,1,,,,4.01,3.38,2.17,,,,,-0.4563,-1,4,-1.5,-0.1971,0.2791,0,0,,,,0.0227,,,,,,,,,,,
spelad,EK,2024/25,2024-12-01,11:15,Korona Kielce,Gornik Zabrze,2,4,A,,,,,,,,,,,,,,,,,,,,0.3413,0.3075,0.3512,1,,,,2.82,3.22,2.81,,,,,-0.7557,0,13,-1.1538,-0.6445,0.1892,0,0,,,,0.025,,,,,,,,,,,
spelad,EK,2024/25,2024-12-01,13:45,Pogon Szczecin,Jagiellonia,1,1,D,,,,,,,,,,,,,,,,,,,,0.5107,0.2602,0.2291,1,,,,2.15,3.8,4.19,,,,,-0.9617,-1,18,0,-0.0919,-0.049,0,0,,,,-0.0393,,,,,,,,,,,
spelad,EK,2024/25,2024-12-01,16:30,Stal Mielec,Legia,2,2,D,,,,,,,,,,,,,,,,,,,,0.2537,0.2606,0.4857,1,,,,4.14,3.9,2,,,,,0.1497,-1,8,0.375,0.9342,-0.097,0,0,,,,0.0019,,,,,,,,,,,
spelad,EK,2024/25,2024-12-02,18:00,Motor Lublin,Radomiak Radom,1,0,H,,,,,,,,,,,,,,,,,,,,0.4499,0.2735,0.2766,1,,,,2.21,3.53,3.48,,,,,0.7762,2,,,,,0,0,,,,-0.0239,,,,,,,,,,,
spelad,EK,2024/25,2024-12-06,19:30,Gornik Zabrze,Lech Poznan,2,1,H,,,,,,,,,,,,,,,,,,,,0.3658,0.283,0.3512,1,,,,2.96,3.5,2.74,,,,,0.5287,-2,16,-0.5625,0.1572,0.0638,0,0,,,,-0.0179,,,,,,,,,,,
spelad,EK,2024/25,2024-12-06,17:00,Radomiak Radom,GKS Katowice,1,1,D,,,,,,,,,,,,,,,,,,,,0.4028,0.272,0.3252,1,,,,2.47,3.65,3.11,,,,,-0.7079,-2,,,,,0,0,,,,0.0056,,,,,,,,,,,
spelad,EK,2024/25,2024-12-07,13:45,Lechia Gdansk,Slask Wroclaw,1,0,H,,,,,,,,,,,,,,,,,,,,0.2945,0.2849,0.4206,1,,,,3.27,3.4,2.5,,,,,-0.0383,0,16,0.5625,0.1439,0.161,0,0,,,,0.0498,,,,,,,,,,,
spelad,EK,2024/25,2024-12-07,19:15,Rakow,Motor Lublin,2,2,D,,,,,,,,,,,,,,,,,,,,0.6425,0.2201,0.1374,1,,,,1.54,4.35,7,,,,,-0.7634,2,,,,,0,0,,,,-0.0194,,,,,,,,,,,
spelad,EK,2024/25,2024-12-07,16:30,Widzew Lodz,Stal Mielec,2,1,H,,,,,,,,,,,,,,,,,,,,0.4469,0.2745,0.2785,1,,,,2.21,3.6,3.45,,,,,-0.6936,1,5,0.6,-0.0003,0.1286,0,0,,,,-0.0121,,,,,,,,,,,
spelad,EK,2024/25,2024-12-08,11:15,Piast Gliwice,Cracovia,0,0,D,,,,,,,,,,,,,,,,,,,,0.3501,0.3156,0.3343,1,,,,2.8,3.22,2.88,,,,,-0.5878,0,19,0.6316,0.2543,-0.0373,0,0,,,,-0.0061,,,,,,,,,,,
spelad,EK,2024/25,2024-12-08,13:45,Puszcza,Jagiellonia,1,1,D,,,,,,,,,,,,,,,,,,,,0.2254,0.2469,0.5277,1,,,,4.26,3.95,1.91,,,,,-0.3889,1,3,-2,-0.5551,0.0882,0,0,,,,0.0151,,,,,,,,,,,
spelad,EK,2024/25,2024-12-08,16:30,Zaglebie,Legia,0,3,A,,,,,,,,,,,,,,,,,,,,0.2394,0.2443,0.5162,1,,,,4.01,3.93,1.91,,,,,-0.0444,2,18,-1.8333,-0.3434,-0.1973,0,0,,,,0.0149,,,,,,,,,,,
spelad,EK,2024/25,2024-12-09,18:00,Korona Kielce,Pogon Szczecin,0,0,D,,,,,,,,,,,,,,,,,,,,0.2708,0.2779,0.4513,1,,,,3.63,3.5,2.26,,,,,0.2651,0,12,-1,-0.3074,0.2342,0,0,,,,0.0084,,,,,,,,,,,
spelad,EK,2024/25,2024-12-14,16:30,Slask Wroclaw,Radomiak Radom,1,2,A,,,,,,,,,,,,,,,,,,,,0.4513,0.2861,0.2626,1,,,,2.16,3.55,4,,,,,-0.2977,-1,6,0,0.0133,0.0392,0,0,,,,0.01,,,,,,,,,,,
spelad,EK,2024/25,2025-01-31,17:00,GKS Katowice,Stal Mielec,1,0,H,,,,,,,,,,,,,,,,,,,,0.4116,0.2875,0.301,1,,,,2.35,3.57,3.22,,,,,0.2276,,,,,,0,0,,,,-0.0008,,,,,,,,,,,
spelad,EK,2024/25,2025-01-31,19:30,Lech Poznan,Widzew Lodz,4,1,H,,,,,,,,,,,,,,,,,,,,0.63,0.2196,0.1503,1,,,,1.53,4.55,6.37,,,,,0.0795,,5,0,-0.3943,-0.0507,0,0,,,,-0.0103,,,,,,,,,,,
spelad,EK,2024/25,2025-02-01,16:30,Cracovia,Rakow,0,0,D,,,,,,,,,,,,,,,,,,,,0.2623,0.3297,0.408,1,,,,3.88,3.12,2.36,,,,,-0.1516,,11,1.3636,1.0266,0.1033,0,0,,,,-0.018,,,,,,,,,,,
spelad,EK,2024/25,2025-02-01,13:45,Motor Lublin,Lechia Gdansk,1,1,D,,,,,,,,,,,,,,,,,,,,0.5565,0.2493,0.1942,1,,,,1.72,3.9,5.82,,,,,1.2582,,,,,,0,0,,,,0.0086,,,,,,,,,,,
spelad,EK,2024/25,2025-02-01,19:15,Pogon Szczecin,Zaglebie,1,0,H,,,,,,,,,,,,,,,,,,,,0.5048,0.2606,0.2345,1,,,,1.92,3.77,4.3,,,,,-0.0469,,16,0.1875,-0.0793,-0.0806,0,0,,,,-0.0022,,,,,,,,,,,
spelad,EK,2024/25,2025-02-02,11:15,Gornik Zabrze,Puszcza,1,1,D,,,,,,,,,,,,,,,,,,,,0.5914,0.2366,0.172,1,,,,1.64,4.4,5.77,,,,,0.4911,,3,-1,-0.8587,0.3917,0,0,,,,-0.0184,,,,,,,,,,,
spelad,EK,2024/25,2025-02-02,13:45,Jagiellonia,Radomiak Radom,5,0,H,,,,,,,,,,,,,,,,,,,,0.5306,0.2456,0.2238,1,,,,1.85,4.02,4.73,,,,,0.1815,,7,0.8571,0.3551,0.1469,0,0,,,,-0.0049,,,,,,,,,,,
spelad,EK,2024/25,2025-02-02,16:30,Legia,Korona Kielce,1,1,D,,,,,,,,,,,,,,,,,,,,0.6695,0.2127,0.1178,1,,,,1.47,4.65,8.23,,,,,0.3972,,14,1.7143,0.2463,0.0519,0,0,,,,-0.0212,,,,,,,,,,,
spelad,EK,2024/25,2025-02-03,18:00,Slask Wroclaw,Piast Gliwice,1,3,A,,,,,,,,,,,,,,,,,,,,0.3348,0.3257,0.3395,1,,,,2.88,3.01,3.08,,,,,-0.2174,,19,-0.3158,-0.0207,-0.0276,0,0,,,,0.0012,,,,,,,,,,,
spelad,EK,2024/25,2025-02-07,19:30,Pogon Szczecin,Gornik Zabrze,3,0,H,,,,,,,,,,,,,,,,,,,,0.5237,0.2619,0.2144,1,,,,2.16,3.71,4.75,,,,,-1.206,1,15,-0.6,-0.5109,-0.0042,0,0,,,,-0.0725,,,,,,,,,,,
spelad,EK,2024/25,2025-02-07,17:00,Stal Mielec,Jagiellonia,2,1,H,,,,,,,,,,,,,,,,,,,,0.3435,0.2748,0.3817,1,,,,2.99,3.64,2.55,,,,,-0.6434,2,9,-0.3333,0.0536,0.1923,0,0,,,,-0.0113,,,,,,,,,,,
spelad,EK,2024/25,2025-02-08,19:15,Piast Gliwice,Legia,1,0,H,,,,,,,,,,,,,,,,,,,,0.2892,0.3178,0.393,1,,,,3.33,3.14,2.56,,,,,-0.4636,-1,17,-0.3529,0.2574,-0.0927,0,0,,,,0.053,,,,,,,,,,,
spelad,EK,2024/25,2025-02-08,13:45,Radomiak Radom,Slask Wroclaw,1,1,D,,,,,,,,,,,,,,,,,,,,0.4076,0.2889,0.3035,1,,,,2.4,3.42,3.17,,,,,0.9345,1,7,0.4286,0.2302,-0.0073,0,0,,,,-0.0149,,,,,,,,,,,
spelad,EK,2024/25,2025-02-08,16:30,Rakow,GKS Katowice,1,2,A,,,,,,,,,,,,,,,,,,,,0.6241,0.2346,0.1413,1,,,,1.57,4.07,7,,,,,-0.2243,-1,,,,,0,0,,,,-0.0219,,,,,,,,,,,
spelad,EK,2024/25,2025-02-09,11:15,Korona Kielce,Motor Lublin,1,0,H,,,,,,,,,,,,,,,,,,,,0.3708,0.313,0.3161,1,,,,2.6,3.2,3.25,,,,,-0.7549,-1,,,,,0,0,,,,0.0082,,,,,,,,,,,
spelad,EK,2024/25,2025-02-09,16:30,Lechia Gdansk,Lech Poznan,1,0,H,,,,,,,,,,,,,,,,,,,,0.1634,0.2361,0.6005,1,,,,6.3,4.2,1.6,,,,,-0.3264,-1,17,-1.2353,-0.1606,-0.1327,0,0,,,,0.014,,,,,,,,,,,
spelad,EK,2024/25,2025-02-09,13:45,Widzew Lodz,Cracovia,1,1,D,,,,,,,,,,,,,,,,,,,,0.3321,0.2858,0.3822,1,,,,2.97,3.5,2.71,,,,,0.126,1,5,1.8,1.0127,0.1082,0,0,,,,0.0061,,,,,,,,,,,
spelad,EK,2024/25,2025-02-10,18:00,Puszcza,Zaglebie,1,2,A,,,,,,,,,,,,,,,,,,,,0.3077,0.3288,0.3635,1,,,,3.14,3.1,2.7,,,,,1.1136,-1,3,-2,-0.6875,0.0634,0,0,,,,0.0017,,,,,,,,,,,
spelad,EK,2024/25,2025-02-14,17:00,Cracovia,Korona Kielce,1,1,D,,,,,,,,,,,,,,,,,,,,0.4973,0.2758,0.2269,1,,,,1.95,3.6,4.23,,,,,-0.3212,0,12,0.25,0.0555,-0.0423,0,0,,,,-0.0199,,,,,,,,,,,
spelad,EK,2024/25,2025-02-14,19:30,Lech Poznan,Rakow,0,1,A,,,,,,,,,,,,,,,,,,,,0.4279,0.2962,0.2759,1,,,,2.27,3.28,3.64,,,,,0.2628,-1,11,0,-0.0022,-0.0065,0,0,,,,-0.0071,,,,,,,,,,,
spelad,EK,2024/25,2025-02-15,16:30,Gornik Zabrze,Radomiak Radom,3,2,H,,,,,,,,,,,,,,,,,,,,0.488,0.2747,0.2374,1,,,,2.05,3.61,4.05,,,,,0.7706,1,7,0,-0.0339,0.1427,0,0,,,,-0.0371,,,,,,,,,,,
spelad,EK,2024/25,2025-02-15,19:15,Legia,Puszcza,2,0,H,,,,,,,,,,,,,,,,,,,,0.729,0.169,0.102,1,,,,1.32,5.85,9.5,,,,,-0.5323,2,3,0,-1.0934,0.7799,0,0,,,,-0.0302,,,,,,,,,,,
spelad,EK,2024/25,2025-02-15,13:45,Slask Wroclaw,Widzew Lodz,3,0,H,,,,,,,,,,,,,,,,,,,,0.4736,0.2913,0.2351,1,,,,2.2,3.45,4.09,,,,,-0.7266,1,5,0.6,0.3418,0.1155,0,0,,,,-0.046,,,,,,,,,,,
spelad,EK,2024/25,2025-02-16,13:45,GKS Katowice,Piast Gliwice,0,0,D,,,,,,,,,,,,,,,,,,,,0.3232,0.3568,0.32,1,,,,2.98,3.12,3.01,,,,,0.6244,0,,,,,0,0,,,,0.0137,,,,,,,,,,,
spelad,EK,2024/25,2025-02-16,16:30,Jagiellonia,Motor Lublin,3,0,H,,,,,,,,,,,,,,,,,,,,0.5296,0.2464,0.224,1,,,,1.84,4,4.5,,,,,-0.4645,2,,,,,0,0,,,,-0.004,,,,,,,,,,,
spelad,EK,2024/25,2025-02-16,11:15,Stal Mielec,Pogon Szczecin,1,2,A,,,,,,,,,,,,,,,,,,,,0.3616,0.2924,0.346,1,,,,2.69,3.38,2.85,,,,,0.2245,0,9,-0.6667,0.3354,-0.1249,0,0,,,,0.0015,,,,,,,,,,,
spelad,EK,2024/25,2025-02-17,18:00,Zaglebie,Lechia Gdansk,1,3,A,,,,,,,,,,,,,,,,,,,,0.4947,0.258,0.2473,1,,,,1.97,3.78,4,,,,,-0.4391,-1,15,-0.4,-0.2297,0.1941,0,0,,,,-0.0196,,,,,,,,,,,
spelad,EK,2024/25,2025-02-21,17:00,Piast Gliwice,Stal Mielec,2,2,D,,,,,,,,,,,,,,,,,,,,0.4802,0.3011,0.2188,1,,,,2.06,3.3,4.39,,,,,-0.1349,0,9,1,0.0589,-0.0524,0,0,,,,-0.0214,,,,,,,,,,,
spelad,EK,2024/25,2025-02-21,19:30,Rakow,Gornik Zabrze,1,0,H,,,,,,,,,,,,,,,,,,,,0.6131,0.2356,0.1513,1,,,,1.6,4.06,6.4,,,,,-0.7564,1,12,-0.75,-0.6528,-0.0147,0,0,,,,-0.0192,,,,,,,,,,,
spelad,EK,2024/25,2025-02-22,13:45,Korona Kielce,Slask Wroclaw,2,0,H,,,,,,,,,,,,,,,,,,,,0.3505,0.316,0.3335,1,,,,2.75,3.11,2.95,,,,,1.0496,1,13,0.6923,0.4195,0.1795,0,0,,,,0.0109,,,,,,,,,,,
spelad,EK,2024/25,2025-02-22,19:15,Radomiak Radom,Legia,3,1,H,,,,,,,,,,,,,,,,,,,,0.211,0.2371,0.5519,1,,,,4.62,4.05,1.79,,,,,-0.0972,0,7,-0.4286,0.3141,-0.2648,0,0,,,,0.0146,,,,,,,,,,,
spelad,EK,2024/25,2025-02-22,16:30,Widzew Lodz,Pogon Szczecin,0,4,A,,,,,,,,,,,,,,,,,,,,0.2748,0.2672,0.458,1,,,,3.5,3.67,2.13,,,,,-0.3872,1,5,-2.4,-0.7474,-0.0424,0,0,,,,0.0247,,,,,,,,,,,
spelad,EK,2024/25,2025-02-23,13:45,Cracovia,Jagiellonia,2,2,D,,,,,,,,,,,,,,,,,,,,0.4184,0.2742,0.3074,1,,,,2.3,3.7,3.23,,,,,-0.5271,2,18,-0.3333,-0.1065,-0.0551,0,0,,,,0.0079,,,,,,,,,,,
spelad,EK,2024/25,2025-02-23,16:30,Lech Poznan,Zaglebie,3,1,H,,,,,,,,,,,,,,,,,,,,0.6214,0.2175,0.1611,1,,,,1.56,4.75,6.4,,,,,-0.1776,3,17,0,-0.4529,0.1562,0,0,,,,-0.0044,,,,,,,,,,,
spelad,EK,2024/25,2025-02-23,11:15,Lechia Gdansk,Puszcza,0,2,A,,,,,,,,,,,,,,,,,,,,0.5302,0.2566,0.2132,1,,,,1.86,3.78,4.54,,,,,-0.035,-2,,,,,0,0,,,,-0.0238,,,,,,,,,,,
spelad,EK,2024/25,2025-02-24,18:00,Motor Lublin,GKS Katowice,3,2,H,,,,,,,,,,,,,,,,,,,,0.3631,0.2805,0.3564,1,,,,2.65,3.55,2.85,,,,,0.0269,0,,,,,0,0,,,,0.0165,,,,,,,,,,,
spelad,EK,2024/25,2025-02-28,19:30,Gornik Zabrze,Cracovia,0,1,A,,,,,,,,,,,,,,,,,,,,0.4257,0.2889,0.2855,1,,,,2.38,3.34,3.4,,,,,1.3337,2,15,-1.2,-0.5217,-0.0847,0,0,,,,-0.0292,,,,,,,,,,,
spelad,EK,2024/25,2025-02-28,17:00,Radomiak Radom,Widzew Lodz,1,1,D,,,,,,,,,,,,,,,,,,,,0.4946,0.2742,0.2312,1,,,,2,3.55,4.15,,,,,0.1866,0,5,0.6,0.4845,-0.2819,0,0,,,,-0.0402,,,,,,,,,,,
spelad,EK,2024/25,2025-03-01,16:30,Pogon Szczecin,Lech Poznan,0,3,A,,,,,,,,,,,,,,,,,,,,0.4063,0.29,0.3037,1,,,,2.5,3.35,3.31,,,,,0.6428,1,18,-0.8333,-0.2461,0.1195,0,0,,,,-0.0172,,,,,,,,,,,
spelad,EK,2024/25,2025-03-01,13:45,Stal Mielec,Korona Kielce,0,1,A,,,,,,,,,,,,,,,,,,,,0.4133,0.3067,0.28,1,,,,2.33,3.25,3.65,,,,,-0.0653,1,5,-0.6,0.0104,-0.2851,0,0,,,,0.0084,,,,,,,,,,,
spelad,EK,2024/25,2025-03-01,19:15,Zaglebie,Piast Gliwice,0,1,A,,,,,,,,,,,,,,,,,,,,0.329,0.3268,0.3443,1,,,,2.93,3.05,2.8,,,,,-0.5468,-2,17,-0.7059,-0.2749,0.1299,0,0,,,,0.0003,,,,,,,,,,,
spelad,EK,2024/25,2025-03-02,16:30,Jagiellonia,GKS Katowice,1,0,H,,,,,,,,,,,,,,,,,,,,0.5136,0.2444,0.2419,1,,,,1.87,4.1,4.06,,,,,-0.6935,1,,,,,0,0,,,,-0.0103,,,,,,,,,,,
spelad,EK,2024/25,2025-03-02,13:45,Legia,Slask Wroclaw,3,1,H,,,,,,,,,,,,,,,,,,,,0.6185,0.2261,0.1554,1,,,,1.55,4.33,6.25,,,,,0.3405,0,16,1.125,0.0951,-0.0055,0,0,,,,-0.0038,,,,,,,,,,,
spelad,EK,2024/25,2025-03-02,11:15,Puszcza,Motor Lublin,0,1,A,,,,,,,,,,,,,,,,,,,,0.3679,0.2975,0.3347,1,,,,2.65,3.41,2.88,,,,,-0.0616,1,,,,,0,0,,,,0.0007,,,,,,,,,,,
spelad,EK,2024/25,2025-03-03,18:00,Rakow,Lechia Gdansk,3,1,H,,,,,,,,,,,,,,,,,,,,0.6661,0.2103,0.1236,1,,,,1.45,4.8,8,,,,,-0.5251,2,9,1.6667,0.5647,-0.2433,0,0,,,,-0.0034,,,,,,,,,,,
spelad,EK,2024/25,2025-03-07,17:00,Korona Kielce,Puszcza,2,1,H,,,,,,,,,,,,,,,,,,,,0.4985,0.2872,0.2143,1,,,,1.93,3.43,4.6,,,,,0.1529,1,3,1,0.1249,0.3661,0,0,,,,-0.0054,,,,,,,,,,,
spelad,EK,2024/25,2025-03-07,19:30,Slask Wroclaw,Pogon Szczecin,1,1,D,,,,,,,,,,,,,,,,,,,,0.2806,0.3008,0.4185,1,,,,3.5,3.28,2.38,,,,,-1.3652,-1,17,0,0.2013,0.0211,0,0,,,,0.0266,,,,,,,,,,,
spelad,EK,2024/25,2025-03-08,13:45,Cracovia,Radomiak Radom,1,2,A,,,,,,,,,,,,,,,,,,,,0.4716,0.2733,0.2552,1,,,,2.08,3.52,3.95,,,,,-0.1363,0,7,1.2857,0.8269,-0.3039,0,0,,,,-0.0159,,,,,,,,,,,
spelad,EK,2024/25,2025-03-08,19:15,Lech Poznan,Stal Mielec,3,1,H,,,,,,,,,,,,,,,,,,,,0.6225,0.2316,0.1459,1,,,,1.55,4.5,6.57,,,,,0.0557,0,9,0.3333,-0.6991,0.2337,0,0,,,,-0.0121,,,,,,,,,,,
spelad,EK,2024/25,2025-03-08,16:30,Piast Gliwice,Rakow,0,3,A,,,,,,,,,,,,,,,,,,,,0.2762,0.3361,0.3876,1,,,,3.49,2.93,2.5,,,,,0.3014,2,11,-1.0909,-0.1556,-0.1995,0,0,,,,0.0153,,,,,,,,,,,
spelad,EK,2024/25,2025-03-09,11:15,GKS Katowice,Zaglebie,1,0,H,,,,,,,,,,,,,,,,,,,,0.4928,0.2563,0.2509,1,,,,1.99,3.8,3.85,,,,,0.881,-1,,,,,0,0,,,,-0.0226,,,,,,,,,,,
spelad,EK,2024/25,2025-03-09,13:45,Lechia Gdansk,Gornik Zabrze,1,2,A,,,,,,,,,,,,,,,,,,,,0.3927,0.271,0.3364,1,,,,2.55,3.55,2.87,,,,,0.0152,-3,13,1.1538,0.4491,0.1998,0,0,,,,-0.0101,,,,,,,,,,,
spelad,EK,2024/25,2025-03-09,16:30,Widzew Lodz,Jagiellonia,0,1,A,,,,,,,,,,,,,,,,,,,,0.2963,0.2775,0.4261,1,,,,3.25,3.53,2.33,,,,,-0.5569,2,5,-1.2,-0.4486,-0.0619,0,0,,,,0.0158,,,,,,,,,,,
spelad,EK,2024/25,2025-03-10,18:00,Motor Lublin,Legia,3,3,D,,,,,,,,,,,,,,,,,,,,0.2645,0.2456,0.4899,1,,,,3.76,3.91,2,,,,,0.6762,0,,,,,0,0,,,,0.0058,,,,,,,,,,,
spelad,EK,2024/25,2025-03-14,19:30,Pogon Szczecin,Cracovia,5,2,H,,,,,,,,,,,,,,,,,,,,0.5335,0.2488,0.2177,1,,,,1.85,3.86,5.1,,,,,0.5849,1,18,0,-0.064,-0.0607,0,0,,,,-0.0176,,,,,,,,,,,
spelad,EK,2024/25,2025-03-14,17:00,Radomiak Radom,Lechia Gdansk,2,1,H,,,,,,,,,,,,,,,,,,,,0.4711,0.2692,0.2597,1,,,,2.05,3.65,3.97,,,,,0.0999,1,5,1.2,0.5802,-0.0801,0,0,,,,-0.008,,,,,,,,,,,
spelad,EK,2024/25,2025-03-15,16:30,Gornik Zabrze,Motor Lublin,4,0,H,,,,,,,,,,,,,,,,,,,,0.495,0.2581,0.2469,1,,,,2,3.73,3.89,,,,,0.0166,1,,,,,0,0,,,,-0.0294,,,,,,,,,,,
spelad,EK,2024/25,2025-03-15,13:45,Stal Mielec,Slask Wroclaw,1,4,A,,,,,,,,,,,,,,,,,,,,0.4115,0.2857,0.3028,1,,,,2.35,3.5,3.2,,,,,0.1752,-1,9,0.3333,0.3274,0.1636,0,0,,,,-0.0044,,,,,,,,,,,
spelad,EK,2024/25,2025-03-15,19:15,Widzew Lodz,GKS Katowice,1,0,H,,,,,,,,,,,,,,,,,,,,0.3822,0.2901,0.3276,1,,,,2.6,3.42,2.94,,,,,-0.8853,0,,,,,0,0,,,,-0.0067,,,,,,,,,,,
spelad,EK,2024/25,2025-03-16,19:15,Jagiellonia,Lech Poznan,2,1,H,,,,,,,,,,,,,,,,,,,,0.3591,0.275,0.3659,1,,,,2.85,3.6,2.63,,,,,0.4646,-1,19,-0.3158,0.1494,0.121,0,0,,,,-0.015,,,,,,,,,,,
spelad,EK,2024/25,2025-03-16,11:15,Puszcza,Piast Gliwice,2,1,H,,,,,,,,,,,,,,,,,,,,0.2473,0.3073,0.4454,1,,,,3.89,3.2,2.22,,,,,-0.2579,1,3,0,0.4665,0.0735,0,0,,,,0.0339,,,,,,,,,,,
spelad,EK,2024/25,2025-03-16,16:30,Rakow,Legia,3,2,H,,,,,,,,,,,,,,,,,,,,0.4692,0.2829,0.2479,1,,,,2.1,3.45,4.2,,,,,0.7366,2,11,0,0.0606,0.0042,0,0,,,,-0.0085,,,,,,,,,,,
spelad,EK,2024/25,2025-03-16,13:45,Zaglebie,Korona Kielce,1,1,D,,,,,,,,,,,,,,,,,,,,0.4856,0.2771,0.2374,1,,,,2,3.62,4.1,,,,,-1.3038,-2,13,0.2308,-0.0253,0.0297,0,0,,,,-0.0093,,,,,,,,,,,
spelad,EK,2024/25,2025-03-28,19:30,Legia,Pogon Szczecin,0,0,D,,,,,,,,,,,,,,,,,,,,0.5361,0.2375,0.2263,1,,,,1.95,4.04,4.38,,,,,-0.9321,-2,19,-0.1579,-0.3081,-0.0543,0,0,,,,-0.0399,,,,,,,,,,,
spelad,EK,2024/25,2025-03-28,17:00,Piast Gliwice,Widzew Lodz,0,2,A,,,,,,,,,,,,,,,,,,,,0.4977,0.28,0.2223,1,,,,1.99,3.43,4.5,,,,,0.2632,-1,5,-0.6,-0.2901,-0.2998,0,0,,,,-0.0064,,,,,,,,,,,
spelad,EK,2024/25,2025-03-29,13:45,Cracovia,Puszcza,3,1,H,,,,,,,,,,,,,,,,,,,,0.5478,0.2577,0.1945,1,,,,1.77,3.85,5.4,,,,,-0.4025,2,3,0,-0.4518,0.0597,0,0,,,,-0.0009,,,,,,,,,,,
spelad,EK,2024/25,2025-03-29,16:30,Lechia Gdansk,Jagiellonia,1,0,H,,,,,,,,,,,,,,,,,,,,0.3115,0.2644,0.424,1,,,,3.26,3.64,2.27,,,,,-0.355,2,16,-0.375,-0.1608,-0.0184,0,0,,,,-0.0027,,,,,,,,,,,
spelad,EK,2024/25,2025-03-29,19:15,Slask Wroclaw,Lech Poznan,3,1,H,,,,,,,,,,,,,,,,,,,,0.2599,0.2641,0.476,1,,,,4,3.64,2.1,,,,,-0.0511,1,16,-0.375,0.2588,-0.0126,0,0,,,,0.0151,,,,,,,,,,,
spelad,EK,2024/25,2025-03-30,16:30,GKS Katowice,Gornik Zabrze,2,1,H,,,,,,,,,,,,,,,,,,,,0.4314,0.278,0.2906,1,,,,2.28,3.52,3.31,,,,,-0.0961,0,,,,,0,0,,,,-0.0184,,,,,,,,,,,
spelad,EK,2024/25,2025-03-30,11:15,Korona Kielce,Radomiak Radom,1,3,A,,,,,,,,,,,,,,,,,,,,0.3978,0.3096,0.2926,1,,,,2.45,3.24,3.29,,,,,0.3143,-2,5,1.2,0.8329,-0.0885,0,0,,,,-0.0135,,,,,,,,,,,
spelad,EK,2024/25,2025-03-30,13:45,Motor Lublin,Stal Mielec,4,1,H,,,,,,,,,,,,,,,,,,,,0.4449,0.2692,0.286,1,,,,2.16,3.61,3.6,,,,,0.6546,0,,,,,0,0,,,,0.017,,,,,,,,,,,
spelad,EK,2024/25,2025-03-31,18:00,Zaglebie,Rakow,0,2,A,,,,,,,,,,,,,,,,,,,,0.2101,0.2791,0.5108,1,,,,4.57,3.55,1.95,,,,,-1.055,0,12,-1,-0.0074,-0.0737,0,0,,,,0.0297,,,,,,,,,,,
spelad,EK,2024/25,2025-04-04,17:00,Stal Mielec,Cracovia,1,1,D,,,,,,,,,,,,,,,,,,,,0.3607,0.28,0.3593,1,,,,2.67,3.45,2.9,,,,,-0.5264,-1,9,-0.3333,0.0342,0.3869,0,0,,,,0.0308,,,,,,,,,,,
spelad,EK,2024/25,2025-04-04,19:30,Widzew Lodz,Lechia Gdansk,2,0,H,,,,,,,,,,,,,,,,,,,,0.4954,0.2619,0.2427,1,,,,2.1,3.7,3.96,,,,,-0.2345,1,3,-1,-0.743,0.3898,0,0,,,,-0.0505,,,,,,,,,,,
spelad,EK,2024/25,2025-04-05,19:15,Lech Poznan,Korona Kielce,2,0,H,,,,,,,,,,,,,,,,,,,,0.5813,0.2466,0.1722,1,,,,1.67,3.92,5.6,,,,,-0.9296,1,13,1.1538,0.1585,-0.0961,0,0,,,,-0.0239,,,,,,,,,,,
spelad,EK,2024/25,2025-04-05,13:45,Radomiak Radom,Zaglebie,0,1,A,,,,,,,,,,,,,,,,,,,,0.456,0.2847,0.2593,1,,,,2.21,3.6,4.2,,,,,1.23,1,7,-0.4286,-0.0652,-0.2903,0,0,,,,-0.0091,,,,,,,,,,,
spelad,EK,2024/25,2025-04-05,16:30,Slask Wroclaw,Motor Lublin,1,1,D,,,,,,,,,,,,,,,,,,,,0.5703,0.2354,0.1943,1,,,,1.8,4.1,5.2,,,,,0.0976,1,,,,,0,0,,,,-0.0432,,,,,,,,,,,
spelad,EK,2024/25,2025-04-06,13:45,Gornik Zabrze,Legia,1,2,A,,,,,,,,,,,,,,,,,,,,0.3081,0.2576,0.4344,1,,,,3.21,3.7,2.25,,,,,0.5691,-2,16,-1.125,0.0219,-0.1164,0,0,,,,0.0032,,,,,,,,,,,
spelad,EK,2024/25,2025-04-06,11:15,Jagiellonia,Piast Gliwice,1,1,D,,,,,,,,,,,,,,,,,,,,0.4618,0.3079,0.2303,1,,,,2.14,3.35,4.44,,,,,0.5012,-1,18,-0.1667,0.0136,-0.0025,0,0,,,,-0.0287,,,,,,,,,,,
spelad,EK,2024/25,2025-04-06,16:30,Pogon Szczecin,GKS Katowice,4,0,H,,,,,,,,,,,,,,,,,,,,0.6091,0.2214,0.1696,1,,,,1.6,4.33,6,,,,,0.2495,2,,,,,0,0,,,,-0.0129,,,,,,,,,,,
spelad,EK,2024/25,2025-04-07,18:00,Puszcza,Rakow,1,1,D,,,,,,,,,,,,,,,,,,,,0.1165,0.2182,0.6652,1,,,,8.5,4.51,1.45,,,,,-0.6911,2,3,-2,-0.2232,0.1348,0,0,,,,0.0217,,,,,,,,,,,
spelad,EK,2024/25,2025-04-11,19:30,Korona Kielce,Widzew Lodz,2,1,H,,,,,,,,,,,,,,,,,,,,0.4255,0.295,0.2795,1,,,,2.3,3.35,3.44,,,,,0.3378,-1,5,0,0.2061,-0.0791,0,0,,,,-0.0292,,,,,,,,,,,
spelad,EK,2024/25,2025-04-11,17:00,Zaglebie,Gornik Zabrze,2,1,H,,,,,,,,,,,,,,,,,,,,0.3793,0.2885,0.3322,1,,,,2.54,3.4,2.94,,,,,-0.2046,1,17,0,0.0208,-0.0963,0,0,,,,0.0117,,,,,,,,,,,
spelad,EK,2024/25,2025-04-12,16:30,Cracovia,Slask Wroclaw,2,4,A,,,,,,,,,,,,,,,,,,,,0.4259,0.2798,0.2943,1,,,,2.26,3.6,3.29,,,,,-0.4346,1,18,-0.8333,-0.431,-0.0155,0,0,,,,0.0184,,,,,,,,,,,
spelad,EK,2024/25,2025-04-12,13:45,GKS Katowice,Puszcza,3,1,H,,,,,,,,,,,,,,,,,,,,0.5134,0.2689,0.2177,1,,,,1.87,3.9,4.53,,,,,0.0998,1,,,,,0,0,,,,-0.0153,,,,,,,,,,,
spelad,EK,2024/25,2025-04-12,19:15,Rakow,Radomiak Radom,2,1,H,,,,,,,,,,,,,,,,,,,,0.6688,0.2121,0.1191,1,,,,1.44,4.51,8.03,,,,,0.1199,-2,7,1.2857,0.1445,0.0167,0,0,,,,-0.0224,,,,,,,,,,,
spelad,EK,2024/25,2025-04-13,19:15,Legia,Jagiellonia,0,1,A,,,,,,,,,,,,,,,,,,,,0.4603,0.26,0.2797,1,,,,2.14,3.75,3.5,,,,,-0.5751,0,19,0,-0.4235,0.2091,0,0,,,,-0.0007,,,,,,,,,,,
spelad,EK,2024/25,2025-04-13,16:30,Motor Lublin,Lech Poznan,1,2,A,,,,,,,,,,,,,,,,,,,,0.2358,0.2454,0.5188,1,,,,4.1,3.91,1.92,,,,,0.468,0,,,,,0,0,,,,0.0274,,,,,,,,,,,
spelad,EK,2024/25,2025-04-13,13:45,Piast Gliwice,Pogon Szczecin,2,1,H,,,,,,,,,,,,,,,,,,,,0.3046,0.3008,0.3945,1,,,,3.16,3.25,2.5,,,,,-0.8124,0,18,-0.6667,-0.3457,0.1552,0,0,,,,0.0267,,,,,,,,,,,
spelad,EK,2024/25,2025-04-14,18:00,Lechia Gdansk,Stal Mielec,3,2,H,,,,,,,,,,,,,,,,,,,,0.448,0.2728,0.2792,1,,,,2.2,3.53,3.5,,,,,0.6281,0,7,1.2857,0.4744,0.0171,0,0,,,,-0.0281,,,,,,,,,,,
spelad,EK,2024/25,2025-04-19,11:15,Piast Gliwice,Korona Kielce,1,1,D,,,,,,,,,,,,,,,,,,,,0.4989,0.2783,0.2229,1,,,,1.98,3.46,4.32,,,,,-0.7666,-2,11,1.3636,0.4472,0.0808,0,0,,,,-0.0333,,,,,,,,,,,
spelad,EK,2024/25,2025-04-19,19:15,Pogon Szczecin,Rakow,1,0,H,,,,,,,,,,,,,,,,,,,,0.3096,0.2926,0.3978,1,,,,3.13,3.35,2.44,,,,,-0.6869,-1,11,-1.6364,-0.6268,-0.0021,0,0,,,,0.0152,,,,,,,,,,,
spelad,EK,2024/25,2025-04-19,13:45,Slask Wroclaw,GKS Katowice,0,2,A,,,,,,,,,,,,,,,,,,,,0.4672,0.2546,0.2782,1,,,,2.09,3.8,3.65,,,,,0.5693,0,,,,,0,0,,,,0.0078,,,,,,,,,,,
spelad,EK,2024/25,2025-04-19,16:30,Widzew Lodz,Motor Lublin,1,2,A,,,,,,,,,,,,,,,,,,,,0.467,0.2636,0.2695,1,,,,2.09,3.75,3.57,,,,,-0.1857,2,,,,,0,0,,,,-0.0297,,,,,,,,,,,
spelad,EK,2024/25,2025-04-21,13:45,Jagiellonia,Zaglebie,1,3,A,,,,,,,,,,,,,,,,,,,,0.5697,0.2405,0.1899,1,,,,1.72,4.1,5.04,,,,,0.9805,-2,17,0.3529,0.1905,-0.0942,0,0,,,,-0.0336,,,,,,,,,,,
spelad,EK,2024/25,2025-04-21,19:15,Lech Poznan,Cracovia,2,1,H,,,,,,,,,,,,,,,,,,,,0.646,0.2008,0.1532,1,,,,1.49,4.76,6.25,,,,,0.5037,-1,17,0.3529,-0.1643,0.0289,0,0,,,,-0.0137,,,,,,,,,,,
spelad,EK,2024/25,2025-04-21,16:30,Legia,Lechia Gdansk,2,1,H,,,,,,,,,,,,,,,,,,,,0.5955,0.2135,0.191,1,,,,1.61,4.5,5.67,,,,,-0.2986,1,16,1.125,0.1551,-0.0083,0,0,,,,0.0161,,,,,,,,,,,
spelad,EK,2024/25,2025-04-21,11:15,Puszcza,Radomiak Radom,2,2,D,,,,,,,,,,,,,,,,,,,,0.3176,0.2989,0.3835,1,,,,3.03,3.42,2.51,,,,,-0.4171,0,3,-1,-0.2812,0.4028,0,0,,,,0.0145,,,,,,,,,,,
spelad,EK,2024/25,2025-04-22,18:00,Stal Mielec,Gornik Zabrze,0,0,D,,,,,,,,,,,,,,,,,,,,0.3538,0.2688,0.3774,1,,,,2.8,3.58,2.58,,,,,-0.7545,-3,9,-1.3333,-0.2653,-0.1545,0,0,,,,0.0019,,,,,,,,,,,
spelad,EK,2024/25,2025-04-25,17:00,Puszcza,Pogon Szczecin,4,5,A,,,,,,,,,,,,,,,,,,,,0.2007,0.2329,0.5664,1,,,,4.77,4.25,1.71,,,,,-0.2041,-2,3,-3,-0.6681,-0.2006,0,0,,,,0.013,,,,,,,,,,,
spelad,EK,2024/25,2025-04-25,19:30,Rakow,Slask Wroclaw,3,0,H,,,,,,,,,,,,,,,,,,,,0.6061,0.2359,0.158,1,,,,1.6,4.25,6.26,,,,,0.369,0,11,0.8182,-0.0704,0.1069,0,0,,,,-0.013,,,,,,,,,,,
spelad,EK,2024/25,2025-04-26,19:15,GKS Katowice,Legia,1,3,A,,,,,,,,,,,,,,,,,,,,0.3036,0.2487,0.4477,1,,,,3.25,3.87,2.15,,,,,0.5295,2,,,,,0,0,,,,-0.0085,,,,,,,,,,,
spelad,EK,2024/25,2025-04-26,13:45,Lechia Gdansk,Piast Gliwice,3,1,H,,,,,,,,,,,,,,,,,,,,0.4115,0.3028,0.2857,1,,,,2.38,3.35,3.37,,,,,-0.1059,-2,16,0.1875,0.221,-0.0917,0,0,,,,-0.0125,,,,,,,,,,,
spelad,EK,2024/25,2025-04-26,16:30,Motor Lublin,Cracovia,0,1,A,,,,,,,,,,,,,,,,,,,,0.4411,0.262,0.2968,1,,,,2.18,3.67,3.4,,,,,0.9482,2,,,,,0,0,,,,-0.0005,,,,,,,,,,,
spelad,EK,2024/25,2025-04-27,13:45,Gornik Zabrze,Widzew Lodz,0,0,D,,,,,,,,,,,,,,,,,,,,0.466,0.2934,0.2407,1,,,,2.11,3.6,3.95,,,,,-0.3925,-3,5,1.2,0.6114,-0.0765,0,0,,,,-0.0164,,,,,,,,,,,
spelad,EK,2024/25,2025-04-27,11:15,Korona Kielce,Jagiellonia,3,1,H,,,,,,,,,,,,,,,,,,,,0.2765,0.2781,0.4454,1,,,,3.48,3.46,2.25,,,,,0.2622,2,13,-1.1538,-0.3612,0.0357,0,0,,,,0.0377,,,,,,,,,,,
spelad,EK,2024/25,2025-04-27,16:30,Radomiak Radom,Lech Poznan,2,2,D,,,,,,,,,,,,,,,,,,,,0.2698,0.2639,0.4663,1,,,,3.62,3.68,2.07,,,,,0.0212,0,7,-0.8571,-0.0414,0.1666,0,0,,,,-0.004,,,,,,,,,,,
spelad,EK,2024/25,2025-04-28,18:00,Zaglebie,Stal Mielec,2,2,D,,,,,,,,,,,,,,,,,,,,0.4626,0.2781,0.2593,1,,,,2.2,3.5,3.71,,,,,0.9572,1,9,0,-0.2486,0.0637,0,0,,,,-0.0378,,,,,,,,,,,
spelad,EK,2024/25,2025-05-03,19:15,Lech Poznan,Puszcza,8,1,H,,,,,,,,,,,,,,,,,,,,0.7301,0.1696,0.1003,1,,,,1.32,6.25,10,,,,,0.6049,-2,3,-1,-1.1424,-0.2179,0,0,,,,-0.002,,,,,,,,,,,
spelad,EK,2024/25,2025-05-03,16:30,Slask Wroclaw,Zaglebie,3,1,H,,,,,,,,,,,,,,,,,,,,0.4895,0.2518,0.2586,1,,,,2.01,3.81,3.71,,,,,0.0479,3,16,-0.75,-0.3246,-0.0369,0,0,,,,-0.0276,,,,,,,,,,,
spelad,EK,2024/25,2025-05-03,13:45,Stal Mielec,Rakow,0,2,A,,,,,,,,,,,,,,,,,,,,0.2018,0.2463,0.552,1,,,,4.76,3.9,1.77,,,,,-1.3175,-3,9,-2.3333,-0.4181,0.0077,0,0,,,,0.021,,,,,,,,,,,
spelad,EK,2024/25,2025-05-04,13:45,Cracovia,Lechia Gdansk,0,2,A,,,,,,,,,,,,,,,,,,,,0.3705,0.259,0.3705,1,,,,2.66,3.72,2.6,,,,,-0.0196,0,16,1.125,0.7145,-0.1549,0,0,,,,-0.0078,,,,,,,,,,,
spelad,EK,2024/25,2025-05-04,16:30,Jagiellonia,Gornik Zabrze,1,1,D,,,,,,,,,,,,,,,,,,,,0.5996,0.218,0.1824,1,,,,1.61,4.4,5.42,,,,,0.464,0,16,0.375,0.1868,-0.1401,0,0,,,,-0.0238,,,,,,,,,,,
spelad,EK,2024/25,2025-05-04,11:15,Piast Gliwice,Radomiak Radom,0,0,D,,,,,,,,,,,,,,,,,,,,0.3964,0.3243,0.2792,1,,,,2.43,3.05,3.5,,,,,-0.5847,1,7,-0.4286,-0.4025,0.2569,0,0,,,,0.0048,,,,,,,,,,,
spelad,EK,2024/25,2025-05-05,18:00,Korona Kielce,GKS Katowice,2,1,H,,,,,,,,,,,,,,,,,,,,0.4391,0.2747,0.2862,1,,,,2.19,3.55,3.41,,,,,0.3159,-1,,,,,0,0,,,,0.0054,,,,,,,,,,,
spelad,EK,2024/25,2025-05-09,19:30,Gornik Zabrze,Slask Wroclaw,2,0,H,,,,,,,,,,,,,,,,,,,,0.3855,0.2549,0.3596,1,,,,2.5,3.78,2.68,,,,,-0.6151,-1,16,0.9375,0.3933,0.1578,0,0,,,,-0.0105,,,,,,,,,,,
spelad,EK,2024/25,2025-05-09,17:00,Motor Lublin,Piast Gliwice,1,4,A,,,,,,,,,,,,,,,,,,,,0.3562,0.2915,0.3523,1,,,,2.7,3.3,2.8,,,,,0.859,7,,,,,0,0,,,,0.0182,,,,,,,,,,,
spelad,EK,2024/25,2025-05-10,13:45,Radomiak Radom,Pogon Szczecin,2,0,H,,,,,,,,,,,,,,,,,,,,0.3165,0.2651,0.4184,1,,,,3.15,3.65,2.3,,,,,0.0878,-7,7,-0.8571,-0.0245,-0.1271,0,0,,,,-0.0019,,,,,,,,,,,
spelad,EK,2024/25,2025-05-10,19:15,Rakow,Jagiellonia,1,2,A,,,,,,,,,,,,,,,,,,,,0.5805,0.2419,0.1777,1,,,,1.7,4,5.39,,,,,0.7427,1,11,1.0909,0.1484,0.0259,0,0,,,,-0.0442,,,,,,,,,,,
spelad,EK,2024/25,2025-05-10,16:30,Zaglebie,Widzew Lodz,2,1,H,,,,,,,,,,,,,,,,,,,,0.4494,0.2812,0.2694,1,,,,2.17,3.45,3.57,,,,,0.0544,-6,5,0,0.0852,-0.0762,0,0,,,,-0.0281,,,,,,,,,,,
spelad,EK,2024/25,2025-05-11,13:45,GKS Katowice,Cracovia,2,1,H,,,,,,,,,,,,,,,,,,,,0.4239,0.2726,0.3035,1,,,,2.27,3.65,3.29,,,,,0.6361,-1,,,,,0,0,,,,0.0003,,,,,,,,,,,
spelad,EK,2024/25,2025-05-11,11:15,Lechia Gdansk,Korona Kielce,3,2,H,,,,,,,,,,,,,,,,,,,,0.4687,0.2818,0.2496,1,,,,2.07,3.45,3.85,,,,,-0.2177,1,10,-0.3,-0.2647,0.0264,0,0,,,,-0.0177,,,,,,,,,,,
spelad,EK,2024/25,2025-05-11,16:30,Legia,Lech Poznan,0,1,A,,,,,,,,,,,,,,,,,,,,0.4731,0.2444,0.2825,1,,,,2.05,3.93,3.44,,,,,-0.0432,7,19,0.3158,0.1597,-0.0168,0,0,,,,-0.0031,,,,,,,,,,,
spelad,EK,2024/25,2025-05-12,18:00,Puszcza,Stal Mielec,2,3,A,,,,,,,,,,,,,,,,,,,,0.3722,0.286,0.3418,1,,,,2.7,3.5,2.82,,,,,0.5199,0,3,-1,-0.2048,-0.2962,0,0,,,,-0.0128,,,,,,,,,,,
spelad,EK,2024/25,2025-05-14,19:30,Pogon Szczecin,Motor Lublin,3,0,H,,,,,,,,,,,,,,,,,,,,0.6861,0.1875,0.1264,1,,,,1.41,5.1,7.8,,,,,0.3627,-1,,,,,0,0,,,,-0.006,,,,,,,,,,,
spelad,EK,2024/25,2025-05-15,19:30,Widzew Lodz,Legia,0,2,A,,,,,,,,,,,,,,,,,,,,0.2514,0.2662,0.4824,1,,,,4.12,3.67,2.02,,,,,0.2305,1,5,-1.2,-0.0784,-0.0445,0,0,,,,-0.0023,,,,,,,,,,,
spelad,EK,2024/25,2025-05-16,19:30,Slask Wroclaw,Jagiellonia,1,1,D,,,,,,,,,,,,,,,,,,,,0.2379,0.226,0.5362,1,,,,4.1,4.2,1.82,,,,,0.4087,1,16,0.5625,0.3117,0.1605,0,0,,,,0.0054,,,,,,,,,,,
spelad,EK,2024/25,2025-05-16,17:00,Stal Mielec,Radomiak Radom,2,2,D,,,,,,,,,,,,,,,,,,,,0.3842,0.2861,0.3297,1,,,,2.67,3.45,2.89,,,,,-0.7097,-2,7,0.4286,0.536,0.0017,0,0,,,,-0.0275,,,,,,,,,,,
spelad,EK,2024/25,2025-05-17,19:15,Korona Kielce,Rakow,1,1,D,,,,,,,,,,,,,,,,,,,,0.1314,0.1988,0.6698,1,,,,7.6,4.9,1.46,,,,,0.1071,-1,8,-0.375,0.3947,-0.1231,0,0,,,,0.005,,,,,,,,,,,
spelad,EK,2024/25,2025-05-17,16:30,Piast Gliwice,Gornik Zabrze,2,0,H,,,,,,,,,,,,,,,,,,,,0.458,0.2802,0.2617,1,,,,2.12,3.47,3.64,,,,,-0.0998,0,15,0.4,0.0389,0.0408,0,0,,,,-0.0173,,,,,,,,,,,
spelad,EK,2024/25,2025-05-17,13:45,Pogon Szczecin,Lechia Gdansk,3,3,D,,,,,,,,,,,,,,,,,,,,0.6397,0.2072,0.1532,1,,,,1.49,4.7,6.75,,,,,-0.2478,-3,17,0.5294,0.1639,-0.0318,0,0,,,,0.0086,,,,,,,,,,,
spelad,EK,2024/25,2025-05-18,13:45,Cracovia,Legia,3,1,H,,,,,,,,,,,,,,,,,,,,0.3415,0.2632,0.3953,1,,,,2.94,3.65,2.48,,,,,-0.3803,4,17,-0.8824,0.0565,-0.0216,0,0,,,,0.0023,,,,,,,,,,,
spelad,EK,2024/25,2025-05-18,16:30,GKS Katowice,Lech Poznan,2,2,D,,,,,,,,,,,,,,,,,,,,0.1796,0.2212,0.5992,1,,,,5.54,4.35,1.63,,,,,-0.025,0,,,,,0,0,,,,0.0074,,,,,,,,,,,
spelad,EK,2024/25,2025-05-18,11:15,Motor Lublin,Zaglebie,1,0,H,,,,,,,,,,,,,,,,,,,,0.4924,0.2521,0.2555,1,,,,2.04,3.77,4.04,,,,,-0.7116,-4,,,,,0,0,,,,-0.0211,,,,,,,,,,,
spelad,EK,2024/25,2025-05-19,18:00,Widzew Lodz,Puszcza,2,0,H,,,,,,,,,,,,,,,,,,,,0.6659,0.1974,0.1367,1,,,,1.44,4.8,8.05,,,,,0.2856,-3,3,-1,-0.6919,-0.2716,0,0,,,,-0.0006,,,,,,,,,,,
spelad,EK,2024/25,2025-05-24,16:30,Gornik Zabrze,Korona Kielce,1,1,D,,,,,,,,,,,,,,,,,,,,0.5134,0.2399,0.2467,1,,,,1.94,3.96,4.03,,,,,-0.7305,0,14,1.2857,0.5398,0.1537,0,0,,,,-0.026,,,,,,,,,,,
spelad,EK,2024/25,2025-05-24,16:30,Jagiellonia,Pogon Szczecin,1,1,D,,,,,,,,,,,,,,,,,,,,0.4488,0.2585,0.2927,1,,,,2.19,3.75,3.28,,,,,-0.503,1,17,-0.1765,0.0987,-0.0342,0,0,,,,0.0025,,,,,,,,,,,
spelad,EK,2024/25,2025-05-24,16:30,Lech Poznan,Piast Gliwice,1,0,H,,,,,,,,,,,,,,,,,,,,0.7095,0.1791,0.1114,1,,,,1.38,5.6,9,,,,,0.2102,-1,17,0.8824,0.1901,0.0813,0,0,,,,-0.0162,,,,,,,,,,,
spelad,EK,2024/25,2025-05-24,16:30,Lechia Gdansk,GKS Katowice,2,3,A,,,,,,,,,,,,,,,,,,,,0.4829,0.239,0.2781,1,,,,2.01,4.1,3.55,,,,,0.3679,1,,,,,0,0,,,,0.0114,,,,,,,,,,,
spelad,EK,2024/25,2025-05-24,16:30,Legia,Stal Mielec,2,2,D,,,,,,,,,,,,,,,,,,,,0.702,0.1733,0.1247,1,,,,1.44,5.5,7.7,,,,,0.2652,-2,9,-0.3333,-0.8239,-0.0041,0,0,,,,-0.0301,,,,,,,,,,,
spelad,EK,2024/25,2025-05-24,16:30,Puszcza,Slask Wroclaw,1,1,D,,,,,,,,,,,,,,,,,,,,0.2931,0.2423,0.4646,1,,,,3.3,4,2.05,,,,,-0.6732,-3,3,0,0.3038,0.0493,0,0,,,,-0.0089,,,,,,,,,,,
spelad,EK,2024/25,2025-05-24,16:30,Radomiak Radom,Motor Lublin,2,3,A,,,,,,,,,,,,,,,,,,,,0.4926,0.2612,0.2463,1,,,,1.99,3.75,4.05,,,,,0.0131,2,,,,,0,0,,,,-0.0233,,,,,,,,,,,
spelad,EK,2024/25,2025-05-24,16:30,Rakow,Widzew Lodz,2,1,H,,,,,,,,,,,,,,,,,,,,0.7518,0.168,0.0802,1,,,,1.29,5.8,11.81,,,,,-0.133,2,5,1.8,0.2011,0.1618,0,0,,,,-0.0391,,,,,,,,,,,
spelad,EK,2024/25,2025-05-24,16:30,Zaglebie,Cracovia,1,2,A,,,,,,,,,,,,,,,,,,,,0.3441,0.2762,0.3797,1,,,,2.77,3.55,2.56,,,,,0.4901,0,16,-0.75,-0.4227,0.087,0,0,,,,0.0175,,,,,,,,,,,
spelad,EK,2025/26,2025-07-18,17:00,Jagiellonia,Termalica B-B.,0,4,A,,,,,,,,,,,,,,,,,,,,0.5852,0.2248,0.19,1,,,,1.64,4.27,5.3,,,,,-0.3147,,3,0,-0.2785,0.0602,-1,0,,,,-0.0102,,,,,,,,,,,
spelad,EK,2025/26,2025-07-18,19:30,Lech Poznan,Cracovia,1,4,A,,,,,,,,,,,,,,,,,,,,0.5857,0.2183,0.196,1,,,,1.64,4.4,5.5,,,,,0.5767,,18,0.5,-0.1073,0.0161,0,0,,,,-0.0105,,,,,,,,,,,
spelad,EK,2025/26,2025-07-19,19:15,GKS Katowice,Rakow,0,1,A,,,,,,,,,,,,,,,,,,,,0.259,0.2722,0.4688,1,,,,3.71,3.6,2.05,,,,,0.7739,,,,,,0,0,,,,0.0311,,,,,,,,,,,
spelad,EK,2025/26,2025-07-19,13:45,Widzew Lodz,Zaglebie,1,0,H,,,,,,,,,,,,,,,,,,,,0.5142,0.2812,0.2046,1,,,,1.91,3.5,4.7,,,,,-0.7908,,6,-0.5,-0.1891,-0.1104,0,0,,,,-0.0544,,,,,,,,,,,
spelad,EK,2025/26,2025-07-19,16:30,Wisla Plock,Korona Kielce,2,0,H,,,,,,,,,,,,,,,,,,,,0.3779,0.302,0.3201,1,,,,2.55,3.3,3.01,,,,,-1.0749,,11,0.5455,0.2214,-0.1807,1,0,,,,0.0032,,,,,,,,,,,
spelad,EK,2025/26,2025-07-20,13:45,Gornik Zabrze,Lechia Gdansk,2,1,H,,,,,,,,,,,,,,,,,,,,0.4696,0.2561,0.2743,1,,,,2.14,3.76,3.51,,,,,-0.7798,,14,-0.8571,-0.4796,0.1661,0,0,,,,-0.0565,,,,,,,,,,,
spelad,EK,2025/26,2025-07-20,16:30,Motor Lublin,Arka Gdynia,1,0,H,,,,,,,,,,,,,,,,,,,,0.3609,0.267,0.3721,1,,,,2.67,3.65,2.62,,,,,-0.2294,,,,,,-1,0,,,,0.0219,,,,,,,,,,,
spelad,EK,2025/26,2025-07-20,19:15,Radomiak Radom,Pogon Szczecin,5,1,H,,,,,,,,,,,,,,,,,,,,0.3427,0.2841,0.3732,1,,,,2.81,3.4,2.6,,,,,-0.4275,,8,-0.375,0.2017,-0.1443,0,0,,,,0.0174,,,,,,,,,,,
spelad,EK,2025/26,2025-07-25,19:30,Arka Gdynia,Radomiak Radom,1,1,D,,,,,,,,,,,,,,,,,,,,0.3489,0.3009,0.3502,1,,,,2.8,3.25,2.75,,,,,0.1861,0,,,,,1,0,,,,0.0101,,,,,,,,,,,
spelad,EK,2025/26,2025-07-25,17:00,Cracovia,Termalica B-B.,2,0,H,,,,,,,,,,,,,,,,,,,,0.5034,0.2627,0.2339,1,,,,2.05,3.66,4.11,,,,,0.0256,0,5,0,-0.1498,-0.0922,-1,0,,,,-0.0822,,,,,,,,,,,
spelad,EK,2025/26,2025-07-26,19:15,Lechia Gdansk,Lech Poznan,3,4,A,,,,,,,,,,,,,,,,,,,,0.2942,0.2519,0.4539,1,,,,3.27,3.82,2.15,,,,,0.1156,-2,16,-0.9375,0.0168,-0.1862,0,0,,,,0.0182,,,,,,,,,,,
spelad,EK,2025/26,2025-07-26,13:45,Piast Gliwice,Gornik Zabrze,0,1,A,,,,,,,,,,,,,,,,,,,,0.3689,0.299,0.332,1,,,,2.61,3.4,2.9,,,,,0.3608,,16,0.5625,0.1205,0.0207,0,0,,,,-0.0006,,,,,,,,,,,
spelad,EK,2025/26,2025-07-26,16:30,Pogon Szczecin,Motor Lublin,4,1,H,,,,,,,,,,,,,,,,,,,,0.5885,0.2215,0.19,1,,,,1.65,4.33,5.1,,,,,-0.5568,0,,,,,0,0,,,,-0.0246,,,,,,,,,,,
spelad,EK,2025/26,2025-07-27,16:30,Jagiellonia,Widzew Lodz,3,2,H,,,,,,,,,,,,,,,,,,,,0.4779,0.2625,0.2596,1,,,,2.2,3.66,3.7,,,,,-0.0654,1,6,1.5,0.6661,-0.0978,0,0,,,,-0.12,,,,,,,,,,,
spelad,EK,2025/26,2025-07-27,19:15,Korona Kielce,Legia,0,2,A,,,,,,,,,,,,,,,,,,,,0.2308,0.2514,0.5178,1,,,,4.3,3.81,1.85,,,,,0.477,,12,-1.75,-0.354,0.006,0,0,,,,0.0093,,,,,,,,,,,
spelad,EK,2025/26,2025-07-27,13:45,Rakow,Wisla Plock,1,2,A,,,,,,,,,,,,,,,,,,,,0.6022,0.2468,0.151,1,,,,1.59,4.2,6.75,,,,,0.6719,0,9,1.6667,0.3717,-0.0263,-1,0,,,,0.0042,,,,,,,,,,,
spelad,EK,2025/26,2025-07-28,18:00,GKS Katowice,Zaglebie,2,2,D,,,,,,,,,,,,,,,,,,,,0.4187,0.2841,0.2972,1,,,,2.3,3.4,3.24,,,,,0.3954,0,,,,,0,0,,,,-0.0108,,,,,,,,,,,
spelad,EK,2025/26,2025-08-01,19:30,Wisla Plock,Piast Gliwice,2,0,H,,,,,,,,,,,,,,,,,,,,0.3749,0.3029,0.3222,1,,,,2.57,3.4,2.99,,,,,-0.3334,-1,12,-1,-0.2894,-0.1172,1,0,,,,0.0076,,,,,,,,,,,
spelad,EK,2025/26,2025-08-01,17:00,Zaglebie,Korona Kielce,1,1,D,,,,,,,,,,,,,,,,,,,,0.4009,0.2898,0.3094,1,,,,2.4,3.55,3.33,,,,,-0.2594,-1,13,0,-0.1914,0.1067,0,0,,,,0.0592,,,,,,,,,,,
spelad,EK,2025/26,2025-08-02,19:15,Lech Poznan,Gornik Zabrze,2,1,H,,,,,,,,,,,,,,,,,,,,0.5459,0.2522,0.2019,1,,,,1.79,3.81,4.76,,,,,-0.0117,0,17,0.3529,-0.2866,0.0434,0,0,,,,-0.0351,,,,,,,,,,,
spelad,EK,2025/26,2025-08-02,13:45,Termalica B-B.,Pogon Szczecin,1,1,D,,,,,,,,,,,,,,,,,,,,0.302,0.2661,0.432,1,,,,3.19,3.62,2.6,,,,,0.2302,1,5,-1.2,-0.0069,-0.0459,1,0,,,,0.1386,,,,,,,,,,,
spelad,EK,2025/26,2025-08-02,16:30,Widzew Lodz,GKS Katowice,3,0,H,,,,,,,,,,,,,,,,,,,,0.4881,0.2491,0.2627,1,,,,1.97,4,4.3,,,,,-0.6137,1,,,,,0,0,,,,0.1018,,,,,,,,,,,
spelad,EK,2025/26,2025-08-03,13:45,Cracovia,Lechia Gdansk,2,2,D,,,,,,,,,,,,,,,,,,,,0.5161,0.2553,0.2286,1,,,,1.95,4,4.2,,,,,0.6626,1,16,0.75,0.4813,-0.157,0,0,,,,-0.0806,,,,,,,,,,,
spelad,EK,2025/26,2025-08-03,19:15,Legia,Arka Gdynia,0,0,D,,,,,,,,,,,,,,,,,,,,0.6472,0.1983,0.1545,1,,,,1.5,4.83,6.2,,,,,-0.2914,-2,6,1.5,0.167,-0.0649,-1,0,,,,-0.0363,,,,,,,,,,,
spelad,EK,2025/26,2025-08-03,16:30,Radomiak Radom,Rakow,3,1,H,,,,,,,,,,,,,,,,,,,,0.3049,0.2868,0.4083,1,,,,3.25,3.4,2.36,,,,,0.4015,2,8,-1.5,-0.2122,-0.0119,0,0,,,,-0.0294,,,,,,,,,,,
spelad,EK,2025/26,2025-08-08,19:30,Gornik Zabrze,Termalica B-B.,0,1,A,,,,,,,,,,,,,,,,,,,,0.4711,0.2597,0.2692,1,,,,1.92,3.9,4.2,,,,,-0.1763,0,4,0.75,0.1738,-0.0164,-1,0,,,,0.0985,,,,,,,,,,,
spelad,EK,2025/26,2025-08-08,17:00,Korona Kielce,Radomiak Radom,3,0,H,,,,,,,,,,,,,,,,,,,,0.3763,0.2809,0.3428,1,,,,2.25,3.35,3.5,,,,,-0.2997,2,6,0.5,0.4436,-0.1253,0,0,,,,0.1755,,,,,,,,,,,
spelad,EK,2025/26,2025-08-09,16:30,Arka Gdynia,Pogon Szczecin,2,1,H,,,,,,,,,,,,,,,,,,,,0.3849,0.2703,0.3449,1,,,,2.66,3.66,2.7,,,,,0.2095,-1,7,-2.1429,-0.7485,0.0057,1,0,,,,-0.0674,,,,,,,,,,,
spelad,EK,2025/26,2025-08-09,19:15,Widzew Lodz,Wisla Plock,1,1,D,,,,,,,,,,,,,,,,,,,,0.462,0.2818,0.2562,1,,,,2.14,3.55,3.75,,,,,-0.1219,-1,,,,,-1,0,,,,-0.0145,,,,,,,,,,,
spelad,EK,2025/26,2025-08-10,16:30,Jagiellonia,Cracovia,5,2,H,,,,,,,,,,,,,,,,,,,,0.4928,0.2669,0.2402,1,,,,2.05,3.45,4,,,,,-1.2099,7,18,0.3333,0.2043,-0.0567,0,0,,,,-0.0643,,,,,,,,,,,
spelad,EK,2025/26,2025-08-10,19:15,Legia,GKS Katowice,3,1,H,,,,,,,,,,,,,,,,,,,,0.683,0.1781,0.139,1,,,,1.44,5.2,6.8,,,,,0.0819,-1,,,,,0,0,,,,-0.0468,,,,,,,,,,,
spelad,EK,2025/26,2025-08-11,18:00,Lechia Gdansk,Motor Lublin,3,3,D,,,,,,,,,,,,,,,,,,,,0.4151,0.266,0.3189,1,,,,2.2,4,3.05,,,,,-0.2062,-7,,,,,0,0,,,,0.0316,,,,,,,,,,,
spelad,EK,2025/26,2025-08-15,19:30,Cracovia,Widzew Lodz,1,0,H,,,,,,,,,,,,,,,,,,,,0.3881,0.2953,0.3166,1,,,,2.45,3.5,3.1,,,,,0.4166,-1,6,-1.5,-1.0061,0.2092,0,0,,,,0.0206,,,,,,,,,,,
spelad,EK,2025/26,2025-08-15,17:00,Zaglebie,Lechia Gdansk,6,2,H,,,,,,,,,,,,,,,,,,,,0.4149,0.2425,0.3426,1,,,,2.33,3.8,2.95,,,,,-0.3918,7,15,-0.4,-0.2866,0.1948,0,0,,,,0.0112,,,,,,,,,,,
spelad,EK,2025/26,2025-08-16,16:30,GKS Katowice,Arka Gdynia,4,1,H,,,,,,,,,,,,,,,,,,,,0.4094,0.2688,0.3218,1,,,,2.28,3.65,3.1,,,,,-0.3671,-1,,,,,-1,0,,,,0.0551,,,,,,,,,,,
spelad,EK,2025/26,2025-08-16,19:15,Lech Poznan,Korona Kielce,1,1,D,,,,,,,,,,,,,,,,,,,,0.5549,0.2341,0.211,1,,,,1.77,4.1,5,,,,,0.2637,6,13,1.1538,0.1851,-0.1011,0,0,,,,-0.0248,,,,,,,,,,,
spelad,EK,2025/26,2025-08-16,13:45,Motor Lublin,Piast Gliwice,0,0,D,,,,,,,,,,,,,,,,,,,,0.387,0.2885,0.3245,1,,,,2.45,3.4,2.98,,,,,0.3793,-7,,,,,0,0,,,,0.0035,,,,,,,,,,,
spelad,EK,2025/26,2025-08-17,16:30,Pogon Szczecin,Gornik Zabrze,0,3,A,,,,,,,,,,,,,,,,,,,,0.4497,0.2681,0.2822,1,,,,2.15,3.9,3.45,,,,,-0.5967,-1,16,-0.375,-0.4061,-0.0203,0,0,,,,0.0009,,,,,,,,,,,
spelad,EK,2025/26,2025-08-17,16:30,Radomiak Radom,Jagiellonia,1,2,A,,,,,,,,,,,,,,,,,,,,0.3774,0.2726,0.35,1,,,,2.57,3.8,2.7,,,,,0.3378,2,8,-1.125,-0.5539,0.0979,0,0,,,,-0.0201,,,,,,,,,,,
spelad,EK,2025/26,2025-08-17,19:15,Termalica B-B.,Rakow,2,3,A,,,,,,,,,,,,,,,,,,,,0.2508,0.269,0.4802,1,,,,4.3,3.6,1.9,,,,,0.6769,-5,,,,,1,0,,,,-0.0468,,,,,,,,,,,
spelad,EK,2025/26,2025-08-17,19:15,Wisla Plock,Legia,1,0,H,,,,,,,,,,,,,,,,,,,,0.3053,0.2672,0.4275,1,,,,3.35,3.75,2.2,,,,,0.268,1,13,-0.6923,0.2443,-0.2525,1,0,,,,-0.0296,,,,,,,,,,,
spelad,EK,2025/26,2025-08-22,17:00,Radomiak Radom,Termalica B-B.,1,1,D,,,,,,,,,,,,,,,,,,,,0.4225,0.2668,0.3107,1,,,,2.25,3.7,3.2,,,,,-0.0081,0,,,,,-1,0,,,,0.0201,,,,,,,,,,,
spelad,EK,2025/26,2025-08-22,19:30,Widzew Lodz,Pogon Szczecin,1,2,A,,,,,,,,,,,,,,,,,,,,0.485,0.2568,0.2582,1,,,,1.97,3.9,4.2,,,,,0.4085,2,6,-2.5,-0.8048,-0.0799,0,0,,,,0.0183,,,,,,,,,,,
spelad,EK,2025/26,2025-08-23,19:15,Gornik Zabrze,GKS Katowice,3,0,H,,,,,,,,,,,,,,,,,,,,0.5451,0.2393,0.2156,1,,,,1.78,4.1,4.5,,,,,0.0293,-1,,,,,0,0,,,,-0.0447,,,,,,,,,,,
spelad,EK,2025/26,2025-08-23,16:30,Korona Kielce,Motor Lublin,2,0,H,,,,,,,,,,,,,,,,,,,,0.4855,0.2655,0.249,1,,,,2,3.9,3.75,,,,,-0.3543,0,,,,,0,0,,,,-0.0507,,,,,,,,,,,
spelad,EK,2025/26,2025-08-24,16:30,Lechia Gdansk,Arka Gdynia,1,0,H,,,,,,,,,,,,,,,,,,,,0.472,0.2488,0.2791,1,,,,2.11,3.9,3.55,,,,,-0.6306,1,7,2.1429,0.8827,-0.001,-1,0,,,,-0.0206,,,,,,,,,,,
spelad,EK,2025/26,2025-08-24,13:45,Piast Gliwice,Cracovia,0,0,D,,,,,,,,,,,,,,,,,,,,0.408,0.3137,0.2783,1,,,,2.27,3.2,3.55,,,,,-0.9263,-1,18,0.5,0.1709,-0.0276,0,0,,,,0.033,,,,,,,,,,,
spelad,EK,2025/26,2025-08-25,18:00,Wisla Plock,Zaglebie,2,1,H,,,,,,,,,,,,,,,,,,,,0.4514,0.2747,0.2739,1,,,,2.14,3.65,3.6,,,,,0.7308,-2,14,0.2143,0.2311,-0.062,1,0,,,,0.0183,,,,,,,,,,,
spelad,EK,2025/26,2025-08-29,17:00,Arka Gdynia,Wisla Plock,1,0,H,,,,,,,,,,,,,,,,,,,,0.3401,0.3085,0.3513,1,,,,2.8,3.45,2.7,,,,,-0.973,1,7,-0.8571,-0.3288,0.1476,0,0,,,,0.0168,,,,,,,,,,,
spelad,EK,2025/26,2025-08-29,19:30,GKS Katowice,Radomiak Radom,3,2,H,,,,,,,,,,,,,,,,,,,,0.4353,0.265,0.2997,1,,,,2.35,3.65,3.4,,,,,0.2111,-1,,,,,0,0,,,,-0.0277,,,,,,,,,,,
spelad,EK,2025/26,2025-08-30,19:15,Gornik Zabrze,Motor Lublin,0,1,A,,,,,,,,,,,,,,,,,,,,0.6107,0.2159,0.1734,1,,,,1.58,4.4,5.4,,,,,-0.0255,0,,,,,0,0,,,,-0.0463,,,,,,,,,,,
spelad,EK,2025/26,2025-08-30,13:45,Termalica B-B.,Korona Kielce,1,3,A,,,,,,,,,,,,,,,,,,,,0.3786,0.2717,0.3497,1,,,,2.72,3.75,2.65,,,,,-0.0403,1,,,,,1,0,,,,-0.0514,,,,,,,,,,,
spelad,EK,2025/26,2025-08-30,16:30,Zaglebie,Piast Gliwice,2,2,D,,,,,,,,,,,,,,,,,,,,0.3666,0.311,0.3224,1,,,,2.66,3.25,2.8,,,,,-0.0748,-1,17,-1.0588,-0.4285,0.1267,0,0,,,,-0.0246,,,,,,,,,,,
spelad,EK,2025/26,2025-08-31,19:15,Cracovia,Legia,2,1,H,,,,,,,,,,,,,,,,,,,,0.3513,0.2697,0.379,1,,,,2.8,3.7,2.5,,,,,1.2681,-7,18,-0.6667,0.1485,-0.0351,0,0,,,,-0.0134,,,,,,,,,,,
spelad,EK,2025/26,2025-08-31,16:30,Jagiellonia,Lechia Gdansk,2,0,H,,,,,,,,,,,,,,,,,,,,0.5666,0.2243,0.2091,1,,,,1.73,4.5,4.5,,,,,0.7475,7,16,0.375,0.1559,-0.0164,0,0,,,,-0.0424,,,,,,,,,,,
spelad,EK,2025/26,2025-08-31,16:30,Lech Poznan,Widzew Lodz,2,1,H,,,,,,,,,,,,,,,,,,,,0.5243,0.2411,0.2346,1,,,,1.95,3.9,4,,,,,0.4564,6,6,0.5,-0.1802,-0.0789,0,0,,,,-0.0797,,,,,,,,,,,
spelad,EK,2025/26,2025-08-31,19:15,Pogon Szczecin,Rakow,2,0,H,,,,,,,,,,,,,,,,,,,,0.3221,0.2816,0.3963,1,,,,3.45,3.5,2.28,,,,,-0.0873,-5,12,-1.25,-0.4263,-0.0263,0,0,,,,-0.0744,,,,,,,,,,,
spelad,EK,2025/26,2025-09-12,19:30,Lech Poznan,Zaglebie,1,2,A,,,,,,,,,,,,,,,,,,,,0.5995,0.217,0.1834,1,,,,1.62,4.4,5.75,,,,,0.7843,-1,17,0.1765,-0.3473,0.0999,0,0,,,,-0.0073,,,,,,,,,,,
spelad,EK,2025/26,2025-09-12,17:00,Lechia Gdansk,GKS Katowice,2,0,H,,,,,,,,,,,,,,,,,,,,0.4183,0.2621,0.3196,1,,,,2.15,3.9,3.2,,,,,-0.7364,-2,,,,,0,0,,,,0.0462,,,,,,,,,,,
spelad,EK,2025/26,2025-09-13,13:45,Korona Kielce,Pogon Szczecin,1,0,H,,,,,,,,,,,,,,,,,,,,0.4294,0.2643,0.3063,1,,,,2.25,3.7,3.2,,,,,0.3209,1,12,-0.75,-0.2366,0.3144,0,0,,,,-0.0139,,,,,,,,,,,
spelad,EK,2025/26,2025-09-13,19:15,Piast Gliwice,Jagiellonia,1,1,D,,,,,,,,,,,,,,,,,,,,0.4046,0.2954,0.3,1,,,,2.38,3.4,3.2,,,,,-0.6733,1,17,0.1765,-0.0792,0.0702,0,0,,,,-0.0146,,,,,,,,,,,
spelad,EK,2025/26,2025-09-14,13:45,Legia,Radomiak Radom,4,1,H,,,,,,,,,,,,,,,,,,,,0.6374,0.2134,0.1492,1,,,,1.51,4.5,6,,,,,-0.0692,-2,8,0,-0.2797,-0.2614,0,0,,,,-0.041,,,,,,,,,,,
spelad,EK,2025/26,2025-09-14,11:15,Motor Lublin,Termalica B-B.,1,1,D,,,,,,,,,,,,,,,,,,,,0.4541,0.2533,0.2926,1,,,,2.08,3.75,3.4,,,,,0.4861,0,,,,,-1,0,,,,-0.0009,,,,,,,,,,,
spelad,EK,2025/26,2025-09-14,16:30,Widzew Lodz,Arka Gdynia,2,0,H,,,,,,,,,,,,,,,,,,,,0.5993,0.2422,0.1585,1,,,,1.65,4.1,5.66,,,,,-0.6298,-2,,,,,-1,0,,,,-0.0554,,,,,,,,,,,
spelad,EK,2025/26,2025-09-15,18:00,Rakow,Gornik Zabrze,0,1,A,,,,,,,,,,,,,,,,,,,,0.5116,0.2642,0.2242,1,,,,1.88,3.75,4.5,,,,,-0.7163,-1,13,-0.4615,-0.5314,-0.0316,0,0,,,,-0.0258,,,,,,,,,,,
spelad,EK,2025/26,2025-09-19,17:00,GKS Katowice,Cracovia,0,3,A,,,,,,,,,,,,,,,,,,,,0.3816,0.2879,0.3305,1,,,,2.6,3.35,2.85,,,,,-1.0849,-7,,,,,0,0,,,,-0.0371,,,,,,,,,,,
spelad,EK,2025/26,2025-09-19,19:30,Wisla Plock,Jagiellonia,0,1,A,,,,,,,,,,,,,,,,,,,,0.3414,0.2981,0.3606,1,,,,2.6,3.45,2.88,,,,,0.533,7,13,-0.2308,0.0156,0.0361,1,0,,,,0.0922,,,,,,,,,,,
spelad,EK,2025/26,2025-09-20,13:45,Arka Gdynia,Korona Kielce,0,0,D,,,,,,,,,,,,,,,,,,,,0.3415,0.2909,0.3676,1,,,,3,3.45,2.5,,,,,-0.6111,-1,7,0.4286,0.4036,0.002,1,0,,,,-0.0523,,,,,,,,,,,
spelad,EK,2025/26,2025-09-20,11:15,Radomiak Radom,Piast Gliwice,1,0,H,,,,,,,,,,,,,,,,,,,,0.3664,0.3069,0.3267,1,,,,2.6,3.4,3,,,,,0.1865,-1,8,0.375,0.1071,0.3093,0,0,,,,0.0207,,,,,,,,,,,
spelad,EK,2025/26,2025-09-20,19:15,Rakow,Legia,1,1,D,,,,,,,,,,,,,,,,,,,,0.4013,0.2776,0.3211,1,,,,2.38,3.55,3.1,,,,,-0.109,-1,12,0.25,0.1647,-0.0198,0,0,,,,-0.0057,,,,,,,,,,,
spelad,EK,2025/26,2025-09-20,16:30,Termalica B-B.,Lech Poznan,0,2,A,,,,,,,,,,,,,,,,,,,,0.2802,0.244,0.4758,1,,,,3.6,3.9,2,,,,,0.222,-2,3,-3,-0.6022,-0.2151,1,0,,,,-0.0086,,,,,,,,,,,
spelad,EK,2025/26,2025-09-21,16:30,Gornik Zabrze,Widzew Lodz,3,2,H,,,,,,,,,,,,,,,,,,,,0.4711,0.2786,0.2503,1,,,,2.05,3.65,3.75,,,,,0.7154,-1,6,1,0.3943,0.054,0,0,,,,-0.0273,,,,,,,,,,,
spelad,EK,2025/26,2025-09-21,13:45,Pogon Szczecin,Lechia Gdansk,3,4,A,,,,,,,,,,,,,,,,,,,,0.4832,0.2497,0.2671,1,,,,1.88,4,3.9,,,,,0.079,-1,16,0.75,0.1547,-0.0186,0,0,,,,0.0619,,,,,,,,,,,
spelad,EK,2025/26,2025-09-21,11:15,Zaglebie,Motor Lublin,2,2,D,,,,,,,,,,,,,,,,,,,,0.465,0.252,0.2831,1,,,,2.12,3.75,3.5,,,,,-0.432,2,,,,,0,0,,,,-0.0235,,,,,,,,,,,
spelad,EK,2025/26,2025-09-24,20:00,Legia,Jagiellonia,0,0,D,,,,,,,,,,,,,,,,,,,,0.542,0.241,0.217,1,,,,1.77,4,4.6,,,,,-0.8656,-1,18,0,-0.4261,0.1825,0,0,,,,-0.0282,,,,,,,,,,,
spelad,EK,2025/26,2025-09-24,17:45,Rakow,Lech Poznan,2,2,D,,,,,,,,,,,,,,,,,,,,0.469,0.2732,0.2578,1,,,,2.15,3.5,3.5,,,,,-0.6177,0,12,0.25,0.1644,-0.0307,0,0,,,,-0.0685,,,,,,,,,,,
spelad,EK,2025/26,2025-09-26,19:30,Wisla Plock,GKS Katowice,1,1,D,,,,,,,,,,,,,,,,,,,,0.4828,0.2583,0.259,1,,,,2,3.75,3.7,,,,,1.0838,0,,,,,1,0,,,,-0.0199,,,,,,,,,,,
spelad,EK,2025/26,2025-09-27,19:15,Cracovia,Gornik Zabrze,1,1,D,,,,,,,,,,,,,,,,,,,,0.3838,0.2983,0.3179,1,,,,2.54,3.4,2.83,,,,,0.3638,2,15,1.4,0.7706,-0.1514,0,0,,,,-0.0294,,,,,,,,,,,
spelad,EK,2025/26,2025-09-27,13:45,Korona Kielce,Lechia Gdansk,3,0,H,,,,,,,,,,,,,,,,,,,,0.4926,0.2654,0.242,1,,,,1.95,3.6,3.95,,,,,0.4393,1,10,0,0.109,-0.0785,0,0,,,,-0.0289,,,,,,,,,,,
spelad,EK,2025/26,2025-09-27,16:30,Piast Gliwice,Termalica B-B.,4,2,H,,,,,,,,,,,,,,,,,,,,0.5136,0.2676,0.2188,1,,,,1.91,3.65,4.25,,,,,-0.3769,0,5,1.2,0.4738,-0.0785,-1,0,,,,-0.0446,,,,,,,,,,,
spelad,EK,2025/26,2025-09-28,13:45,Lech Poznan,Jagiellonia,2,2,D,,,,,,,,,,,,,,,,,,,,0.4928,0.2489,0.2583,1,,,,1.95,4,3.66,,,,,-0.5987,0,19,0.1579,-0.3313,0.0694,0,0,,,,-0.0195,,,,,,,,,,,
spelad,EK,2025/26,2025-09-28,16:30,Legia,Pogon Szczecin,1,0,H,,,,,,,,,,,,,,,,,,,,0.5949,0.2202,0.1849,1,,,,1.52,5,6.1,,,,,-0.0911,-3,18,-0.5,-0.4861,0.0113,0,0,,,,0.0794,,,,,,,,,,,
spelad,EK,2025/26,2025-09-28,11:15,Widzew Lodz,Rakow,0,1,A,,,,,,,,,,,,,,,,,,,,0.3634,0.2927,0.3439,1,,,,2.75,3.4,2.64,,,,,0.1238,3,6,-2,-0.3705,0.1069,0,0,,,,-0.0476,,,,,,,,,,,
spelad,EK,2025/26,2025-09-29,19:30,Motor Lublin,Radomiak Radom,2,2,D,,,,,,,,,,,,,,,,,,,,0.4239,0.2688,0.3074,1,,,,2.25,3.6,3.15,,,,,0.3442,-1,,,,,0,0,,,,-0.0117,,,,,,,,,,,
spelad,EK,2025/26,2025-09-29,17:00,Zaglebie,Arka Gdynia,4,0,H,,,,,,,,,,,,,,,,,,,,0.4492,0.2958,0.255,1,,,,2.12,3.45,3.75,,,,,0.0181,-1,6,-1,-0.6949,0.053,-1,0,,,,-0.0192,,,,,,,,,,,
spelad,EK,2025/26,2025-10-03,17:00,Lechia Gdansk,Wisla Plock,1,1,D,,,,,,,,,,,,,,,,,,,,0.3779,0.304,0.3181,1,,,,2.5,3.3,2.98,,,,,-0.3021,-1,11,0.5455,0.167,-0.1862,-1,0,,,,0.0064,,,,,,,,,,,
spelad,EK,2025/26,2025-10-03,19:30,Pogon Szczecin,Piast Gliwice,2,1,H,,,,,,,,,,,,,,,,,,,,0.4718,0.2601,0.2681,1,,,,2.05,3.65,3.6,,,,,0.1172,-1,18,0.3333,0.0028,0.1545,0,0,,,,-0.023,,,,,,,,,,,
spelad,EK,2025/26,2025-10-04,19:15,Arka Gdynia,Cracovia,2,1,H,,,,,,,,,,,,,,,,,,,,0.2825,0.3179,0.3997,1,,,,3.25,3.05,2.52,,,,,-0.5756,-2,6,-1.5,-0.532,-0.1248,0,0,,,,0.0386,,,,,,,,,,,
spelad,EK,2025/26,2025-10-04,16:30,Radomiak Radom,Zaglebie,3,1,H,,,,,,,,,,,,,,,,,,,,0.4042,0.2804,0.3154,1,,,,2.45,3.55,2.92,,,,,-0.519,0,8,-0.75,-0.2637,-0.2896,0,0,,,,-0.0346,,,,,,,,,,,
spelad,EK,2025/26,2025-10-04,13:45,Termalica B-B.,Widzew Lodz,2,4,A,,,,,,,,,,,,,,,,,,,,0.3317,0.2658,0.4025,1,,,,2.88,3.6,2.4,,,,,0.2161,1,,,,,0,0,,,,0.0085,,,,,,,,,,,
spelad,EK,2025/26,2025-10-05,16:30,GKS Katowice,Lech Poznan,0,1,A,,,,,,,,,,,,,,,,,,,,0.3061,0.2427,0.4512,1,,,,3.2,3.85,2.2,,,,,-0.4498,2,,,,,0,0,,,,0.0105,,,,,,,,,,,
spelad,EK,2025/26,2025-10-05,19:15,Gornik Zabrze,Legia,3,1,H,,,,,,,,,,,,,,,,,,,,0.3405,0.2801,0.3794,1,,,,3,3.45,2.5,,,,,0.5141,1,16,-1.5,-0.1928,-0.1183,0,0,,,,-0.0326,,,,,,,,,,,
spelad,EK,2025/26,2025-10-05,11:15,Jagiellonia,Korona Kielce,3,1,H,,,,,,,,,,,,,,,,,,,,0.4577,0.2692,0.2731,1,,,,2.05,3.75,3.75,,,,,0.0059,-1,12,0.75,0.1333,-0.0213,0,0,,,,0.0103,,,,,,,,,,,
spelad,EK,2025/26,2025-10-05,13:45,Rakow,Motor Lublin,2,0,H,,,,,,,,,,,,,,,,,,,,0.6252,0.2121,0.1627,1,,,,1.6,4.33,5.6,,,,,-0.4452,1,,,,,0,0,,,,-0.076,,,,,,,,,,,
spelad,EK,2025/26,2025-10-17,17:00,Motor Lublin,GKS Katowice,2,5,A,,,,,,,,,,,,,,,,,,,,0.4164,0.2586,0.325,1,,,,2.33,3.75,2.9,,,,,0.1276,0,,,,,0,0,,,,-0.0222,,,,,,,,,,,
spelad,EK,2025/26,2025-10-17,19:30,Widzew Lodz,Radomiak Radom,3,2,H,,,,,,,,,,,,,,,,,,,,0.5103,0.2551,0.2346,1,,,,1.88,3.7,4.1,,,,,-0.2915,0,6,-0.5,-0.1635,-0.114,0,0,,,,-0.0258,,,,,,,,,,,
spelad,EK,2025/26,2025-10-18,19:15,Cracovia,Rakow,2,0,H,,,,,,,,,,,,,,,,,,,,0.3189,0.3107,0.3704,1,,,,2.9,3.3,2.58,,,,,0.387,1,12,1.25,0.9313,0.1505,0,0,,,,0.0023,,,,,,,,,,,
spelad,EK,2025/26,2025-10-18,16:30,Jagiellonia,Arka Gdynia,4,0,H,,,,,,,,,,,,,,,,,,,,0.5915,0.2287,0.1798,1,,,,1.67,3.95,5.6,,,,,0.776,-1,6,2,0.857,-0.2777,0,0,,,,-0.0602,,,,,,,,,,,
spelad,EK,2025/26,2025-10-18,13:45,Korona Kielce,Gornik Zabrze,1,1,D,,,,,,,,,,,,,,,,,,,,0.3646,0.3046,0.3308,1,,,,3.14,3.2,2.65,,,,,0.2244,0,15,-1.2,-0.646,0.1941,0,0,,,,-0.1188,,,,,,,,,,,
spelad,EK,2025/26,2025-10-19,13:45,Lech Poznan,Pogon Szczecin,2,2,D,,,,,,,,,,,,,,,,,,,,0.5582,0.2275,0.2143,1,,,,1.8,4.3,4.3,,,,,0.3593,-2,17,0.8824,0.2172,0.0804,0,0,,,,-0.06,,,,,,,,,,,
spelad,EK,2025/26,2025-10-19,11:15,Piast Gliwice,Lechia Gdansk,1,2,A,,,,,,,,,,,,,,,,,,,,0.4409,0.2731,0.2861,1,,,,2.38,3.55,3,,,,,-0.5902,0,16,-0.1875,-0.1205,-0.0929,0,0,,,,-0.113,,,,,,,,,,,
spelad,EK,2025/26,2025-10-19,16:30,Zaglebie,Legia,3,1,H,,,,,,,,,,,,,,,,,,,,0.2544,0.2485,0.497,1,,,,4.3,3.9,1.84,,,,,0.5086,1,17,-1.7647,-0.3118,-0.1917,0,0,,,,-0.0689,,,,,,,,,,,
spelad,EK,2025/26,2025-10-20,18:00,Wisla Plock,Termalica B-B.,3,1,H,,,,,,,,,,,,,,,,,,,,0.4922,0.2666,0.2412,1,,,,2,3.55,4,,,,,0.6445,1,3,0,-0.0782,0.054,0,0,,,,-0.0358,,,,,,,,,,,
spelad,EK,2025/26,2025-10-24,19:30,Motor Lublin,Widzew Lodz,3,0,H,,,,,,,,,,,,,,,,,,,,0.3374,0.2709,0.3918,1,,,,2.83,3.55,2.55,,,,,-0.0062,0,,,,,0,0,,,,0.012,,,,,,,,,,,
spelad,EK,2025/26,2025-10-24,17:00,Termalica B-B.,Zaglebie,1,1,D,,,,,,,,,,,,,,,,,,,,0.3887,0.2725,0.3387,1,,,,2.38,3.55,3,,,,,-1.341,-1,3,-3,-1.1263,-0.2836,0,0,,,,0.0423,,,,,,,,,,,
spelad,EK,2025/26,2025-10-25,13:45,Arka Gdynia,Piast Gliwice,2,1,H,,,,,,,,,,,,,,,,,,,,0.3521,0.3096,0.3383,1,,,,2.8,3.1,2.8,,,,,0.3333,1,6,-2,-0.8487,0.0473,0,0,,,,-0.0107,,,,,,,,,,,
spelad,EK,2025/26,2025-10-25,19:15,GKS Katowice,Korona Kielce,1,0,H,,,,,,,,,,,,,,,,,,,,0.3886,0.29,0.3214,1,,,,2.5,3.6,2.88,,,,,-0.4939,1,,,,,0,0,,,,-0.0189,,,,,,,,,,,
spelad,EK,2025/26,2025-10-25,16:30,Pogon Szczecin,Cracovia,2,1,H,,,,,,,,,,,,,,,,,,,,0.4449,0.2662,0.2889,1,,,,2.4,3.5,3,,,,,-0.4584,-1,18,0.3333,0.081,-0.0589,0,0,,,,-0.1347,,,,,,,,,,,
spelad,EK,2025/26,2025-10-26,16:30,Gornik Zabrze,Jagiellonia,2,1,H,,,,,,,,,,,,,,,,,,,,0.4615,0.2902,0.2483,1,,,,2.08,3.6,3.9,,,,,-0.1417,0,16,-0.1875,0.0201,-0.075,0,0,,,,-0.0309,,,,,,,,,,,
spelad,EK,2025/26,2025-10-26,19:15,Legia,Lech Poznan,0,0,D,,,,,,,,,,,,,,,,,,,,0.4661,0.249,0.285,1,,,,2.1,3.8,3.5,,,,,-0.585,0,18,0.1667,0.0742,0.0009,0,0,,,,-0.0279,,,,,,,,,,,
spelad,EK,2025/26,2025-10-26,13:45,Rakow,Lechia Gdansk,2,1,H,,,,,,,,,,,,,,,,,,,,0.5984,0.2269,0.1746,1,,,,1.91,3.6,4.2,,,,,-0.6325,1,10,1.8,0.5873,-0.24,0,0,,,,-0.2627,,,,,,,,,,,
spelad,EK,2025/26,2025-10-27,18:00,Radomiak Radom,Wisla Plock,1,1,D,,,,,,,,,,,,,,,,,,,,0.4102,0.2812,0.3086,1,,,,2.38,3.4,3.25,,,,,-0.3197,3,4,0,-0.2634,0.2069,0,0,,,,-0.0004,,,,,,,,,,,
spelad,EK,2025/26,2025-10-31,19:30,Piast Gliwice,Korona Kielce,0,0,D,,,,,,,,,,,,,,,,,,,,0.4084,0.3067,0.2849,0,,,,2.38,3.1,3.7,,,,,-0.9915,0,11,1.0909,0.2374,0.1729,0,0,,,,,,,,,,,,,,,
spelad,EK,2025/26,2025-10-31,17:00,Termalica B-B.,GKS Katowice,0,3,A,,,,,,,,,,,,,,,,,,,,0.3857,0.2597,0.3546,0,,,,2.48,3.7,2.66,,,,,-0.805,1,,,,,0,0,,,,,,,,,,,,,,,
spelad,EK,2025/26,2025-11-02,11:15,Gornik Zabrze,Arka Gdynia,5,1,H,,,,,,,,,,,,,,,,,,,,0.612,0.2287,0.1593,0,,,,1.53,4.2,6.5,,,,,0.4664,-1,7,0.4286,0.1427,0.007,0,0,,,,,,,,,,,,,,,
spelad,EK,2025/26,2025-11-02,16:30,Jagiellonia,Rakow,1,2,A,,,,,,,,,,,,,,,,,,,,0.4254,0.2739,0.3007,0,,,,2.28,3.5,3.2,,,,,0.774,0,12,-0.75,0.0256,0.0036,0,0,,,,,,,,,,,,,,,
spelad,EK,2025/26,2025-11-02,13:45,Lech Poznan,Motor Lublin,2,2,D,,,,,,,,,,,,,,,,,,,,0.6077,0.2119,0.1804,0,,,,1.55,4.5,5.5,,,,,0.0774,-2,,,,,0,0,,,,,,,,,,,,,,,
spelad,EK,2025/26,2025-11-02,19:15,Widzew Lodz,Legia,1,1,D,,,,,,,,,,,,,,,,,,,,0.3127,0.2737,0.4136,0,,,,3.1,3.5,2.38,,,,,0.2044,2,6,-1.5,-0.2354,-0.0815,0,0,,,,,,,,,,,,,,,
spelad,EK,2025/26,2025-11-03,19:30,Cracovia,Zaglebie,0,0,D,,,,,,,,,,,,,,,,,,,,0.5105,0.2647,0.2248,0,,,,1.85,3.6,4.4,,,,,0.1892,-1,17,0.8824,0.4091,0.0657,0,0,,,,,,,,,,,,,,,
spelad,EK,2025/26,2025-11-03,17:00,Lechia Gdansk,Radomiak Radom,1,2,A,,,,,,,,,,,,,,,,,,,,0.4595,0.2639,0.2766,0,,,,2.05,3.65,3.6,,,,,0.5655,1,6,-1.5,-0.5914,-0.1116,0,0,,,,,,,,,,,,,,,
spelad,EK,2025/26,2025-11-03,17:00,Wisla Plock,Pogon Szczecin,2,0,H,,,,,,,,,,,,,,,,,,,,0.414,0.2699,0.3161,0,,,,2.33,3.6,3.14,,,,,-0.2911,-2,11,-0.8182,-0.0172,-0.0869,0,0,,,,,,,,,,,,,,,
spelad,EK,2025/26,2025-11-07,17:00,Radomiak Radom,Cracovia,3,0,H,,,,,,,,,,,,,,,,,,,,0.3483,0.2884,0.3633,0,,,,2.8,3.45,2.7,,,,,0.0544,0,8,-0.75,-0.2125,-0.3001,0,0,,,,,,,,,,,,,,,
spelad,EK,2025/26,2025-11-07,19:30,Zaglebie,Gornik Zabrze,2,0,H,,,,,,,,,,,,,,,,,,,,0.3001,0.2759,0.424,0,,,,3.25,3.5,2.25,,,,,-0.2085,-1,17,0,0.0399,-0.0977,0,0,,,,,,,,,,,,,,,
spelad,EK,2025/26,2025-11-08,19:15,GKS Katowice,Piast Gliwice,1,3,A,,,,,,,,,,,,,,,,,,,,0.4072,0.2916,0.3011,0,,,,2.38,3.3,3.25,,,,,0.9958,0,,,,,0,0,,,,,,,,,,,,,,,
spelad,EK,2025/26,2025-11-08,13:45,Lechia Gdansk,Widzew Lodz,2,1,H,,,,,,,,,,,,,,,,,,,,0.4133,0.2711,0.3156,0,,,,2.35,3.5,3.1,,,,,0.2427,-1,4,0,0.0174,0.2269,0,0,,,,,,,,,,,,,,,
spelad,EK,2025/26,2025-11-08,16:30,Motor Lublin,Wisla Plock,1,1,D,,,,,,,,,,,,,,,,,,,,0.4064,0.2754,0.3181,0,,,,2.43,3.5,3.05,,,,,0.0629,1,,,,,0,0,,,,,,,,,,,,,,,
spelad,EK,2025/26,2025-11-09,19:15,Arka Gdynia,Lech Poznan,3,1,H,,,,,,,,,,,,,,,,,,,,0.2715,0.2715,0.457,0,,,,3.65,3.6,2.15,,,,,0.4587,0,5,0,0.2262,0.3292,0,0,,,,,,,,,,,,,,,
spelad,EK,2025/26,2025-11-09,13:45,Korona Kielce,Rakow,1,4,A,,,,,,,,,,,,,,,,,,,,0.332,0.2987,0.3692,0,,,,2.95,3.25,2.64,,,,,0.0101,2,9,-0.3333,0.3961,-0.0204,0,0,,,,,,,,,,,,,,,
spelad,EK,2025/26,2025-11-09,13:45,Legia,Termalica B-B.,1,2,A,,,,,,,,,,,,,,,,,,,,0.6893,0.1855,0.1252,0,,,,1.4,5.25,8.9,,,,,0.512,-2,3,2,0.3034,0.0952,0,0,,,,,,,,,,,,,,,
spelad,EK,2025/26,2025-11-09,16:30,Pogon Szczecin,Jagiellonia,1,2,A,,,,,,,,,,,,,,,,,,,,0.4233,0.2607,0.316,0,,,,2.28,4.1,3.1,,,,,-0.1936,-1,17,0.3529,0.0061,0.0266,0,0,,,,,,,,,,,,,,,
spelad,EK,2025/26,2025-11-21,19:30,Gornik Zabrze,Wisla Plock,1,1,D,,,,,,,,,,,,,,,,,,,,0.5673,0.2477,0.1849,0,,,,1.67,4,5.7,,,,,0.8219,1,14,-0.4286,-0.2436,0.0105,0,0,,,,,,,,,,,,,,,
spelad,EK,2025/26,2025-11-21,17:00,Termalica B-B.,Arka Gdynia,2,0,H,,,,,,,,,,,,,,,,,,,,0.4589,0.2753,0.2658,0,,,,2.12,3.45,3.7,,,,,-0.7027,0,,,,,0,0,,,,,,,,,,,,,,,
spelad,EK,2025/26,2025-11-22,13:45,Cracovia,Motor Lublin,1,2,A,,,,,,,,,,,,,,,,,,,,0.4424,0.2788,0.2788,0,,,,2.15,3.45,3.4,,,,,0.2314,1,,,,,0,0,,,,,,,,,,,,,,,
spelad,EK,2025/26,2025-11-22,19:15,Legia,Lechia Gdansk,2,2,D,,,,,,,,,,,,,,,,,,,,0.607,0.2256,0.1674,0,,,,1.55,4.33,6.2,,,,,-1.2066,-1,15,1.2,0.2273,-0.057,0,0,,,,,,,,,,,,,,,
spelad,EK,2025/26,2025-11-22,16:30,Rakow,Piast Gliwice,1,3,A,,,,,,,,,,,,,,,,,,,,0.5333,0.2788,0.1879,0,,,,1.82,3.5,5.33,,,,,0.9644,-1,12,1.25,0.4506,-0.2109,0,0,,,,,,,,,,,,,,,
spelad,EK,2025/26,2025-11-23,13:45,Lech Poznan,Radomiak Radom,4,1,H,,,,,,,,,,,,,,,,,,,,0.544,0.2382,0.2179,0,,,,1.75,4,4.7,,,,,-0.7596,-2,8,0.75,-0.1923,0.2378,0,0,,,,,,,,,,,,,,,
spelad,EK,2025/26,2025-11-23,16:30,Widzew Lodz,Korona Kielce,1,3,A,,,,,,,,,,,,,,,,,,,,0.4423,0.2814,0.2763,0,,,,2.17,3.4,3.6,,,,,0.0374,1,6,-0.5,-0.2948,-0.115,0,0,,,,,,,,,,,,,,,
spelad,EK,2025/26,2025-11-24,18:00,Pogon Szczecin,Zaglebie,5,1,H,,,,,,,,,,,,,,,,,,,,0.5393,0.2395,0.2212,0,,,,1.78,4,4.5,,,,,-1.1066,-2,16,0.5625,0.068,-0.0787,0,0,,,,,,,,,,,,,,,
spelad,EK,2025/26,2025-11-28,17:00,Piast Gliwice,Widzew Lodz,0,2,A,,,,,,,,,,,,,,,,,,,,0.4319,0.2893,0.2788,0,,,,2.25,3.25,3.5,,,,,0.4383,1,6,-1,-0.5372,-0.2965,0,0,,,,,,,,,,,,,,,
spelad,EK,2025/26,2025-11-28,19:30,Radomiak Radom,Gornik Zabrze,4,0,H,,,,,,,,,,,,,,,,,,,,0.3792,0.2844,0.3363,0,,,,2.6,3.3,2.8,,,,,0.2376,-2,8,-0.375,-0.2186,0.0905,0,0,,,,,,,,,,,,,,,
spelad,EK,2025/26,2025-11-29,19:15,GKS Katowice,Pogon Szczecin,2,0,H,,,,,,,,,,,,,,,,,,,,0.3304,0.2634,0.4061,0,,,,3,3.6,2.36,,,,,0.1064,7,,,,,0,0,,,,,,,,,,,,,,,
spelad,EK,2025/26,2025-11-29,16:30,Korona Kielce,Cracovia,0,1,A,,,,,,,,,,,,,,,,,,,,0.3898,0.3066,0.3036,0,,,,2.45,3.2,3.25,,,,,0.2478,-1,11,-0.8182,-0.293,0.0719,0,0,,,,,,,,,,,,,,,
spelad,EK,2025/26,2025-11-29,13:45,Lechia Gdansk,Termalica B-B.,5,1,H,,,,,,,,,,,,,,,,,,,,0.5693,0.2311,0.1996,0,,,,1.66,4.2,5,,,,,0.5106,-1,4,0.75,-0.0705,-0.0043,0,0,,,,,,,,,,,,,,,
spelad,EK,2025/26,2025-11-30,13:45,Arka Gdynia,Rakow,1,4,A,,,,,,,,,,,,,,,,,,,,0.2072,0.2863,0.5065,0,,,,4.9,3.33,1.88,,,,,-0.1929,1,3,-1,-0.0905,-0.2803,0,0,,,,,,,,,,,,,,,
spelad,EK,2025/26,2025-11-30,19:15,Wisla Plock,Lech Poznan,0,0,D,,,,,,,,,,,,,,,,,,,,0.3195,0.2698,0.4107,0,,,,3.05,3.6,2.3,,,,,0.2678,2,11,-1.3636,-0.1747,-0.069,0,0,,,,,,,,,,,,,,,
spelad,EK,2025/26,2025-11-30,16:30,Zaglebie,Jagiellonia,0,0,D,,,,,,,,,,,,,,,,,,,,0.2887,0.2685,0.4428,0,,,,3.4,3.6,2.18,,,,,-0.1376,-7,17,0,0.0947,-0.0914,0,0,,,,,,,,,,,,,,,
spelad,EK,2025/26,2025-12-01,18:00,Motor Lublin,Legia,1,1,D,,,,,,,,,,,,,,,,,,,,0.328,0.2709,0.4011,0,,,,3,3.5,2.4,,,,,0.9995,0,,,,,0,0,,,,,,,,,,,,,,,
spelad,EK,2025/26,2025-12-04,16:00,Wisla Plock,Cracovia,0,0,D,,,,,,,,,,,,,,,,,,,,0.3554,0.311,0.3335,0,,,,2.71,3.1,2.83,,,,,0.5847,-1,11,-0.8182,-0.2554,-0.105,0,0,,,,,,,,,,,,,,,
spelad,EK,2025/26,2025-12-05,19:30,Lechia Gdansk,Gornik Zabrze,5,2,H,,,,,,,,,,,,,,,,,,,,0.4804,0.2613,0.2584,0,,,,2.07,3.66,3.9,,,,,0.1562,-1,14,0.6429,0.3089,0.0937,0,0,,,,,,,,,,,,,,,
spelad,EK,2025/26,2025-12-06,11:15,Arka Gdynia,Motor Lublin,1,0,H,,,,,,,,,,,,,,,,,,,,0.3448,0.2913,0.3639,0,,,,2.8,3.3,2.66,,,,,0.0645,1,,,,,0,0,,,,,,,,,,,,,,,
spelad,EK,2025/26,2025-12-06,19:15,Piast Gliwice,Legia,2,0,H,,,,,,,,,,,,,,,,,,,,0.3007,0.2867,0.4126,0,,,,3.2,3.4,2.35,,,,,0.7689,3,17,0,0.402,-0.0984,0,0,,,,,,,,,,,,,,,
spelad,EK,2025/26,2025-12-06,13:45,Pogon Szczecin,Radomiak Radom,2,2,D,,,,,,,,,,,,,,,,,,,,0.453,0.2605,0.2865,0,,,,2.12,3.65,3.45,,,,,-0.6394,-1,9,0,-0.207,-0.1599,0,0,,,,,,,,,,,,,,,
spelad,EK,2025/26,2025-12-06,16:30,Zaglebie,Widzew Lodz,2,1,H,,,,,,,,,,,,,,,,,,,,0.3818,0.2884,0.3298,0,,,,2.54,3.4,2.9,,,,,0.491,-2,7,0,0.1288,-0.1348,0,0,,,,,,,,,,,,,,,
spelad,EK,2025/26,2025-12-07,13:45,Cracovia,Lech Poznan,2,2,D,,,,,,,,,,,,,,,,,,,,0.3521,0.2759,0.372,0,,,,2.75,3.4,2.6,,,,,-0.1059,-4,18,-0.1667,0.2733,0.0187,0,0,,,,,,,,,,,,,,,
spelad,EK,2025/26,2025-12-07,16:30,Rakow,GKS Katowice,1,0,H,,,,,,,,,,,,,,,,,,,,0.6061,0.2303,0.1636,0,,,,1.57,4.2,6.25,,,,,0.2858,-1,3,1,0.1192,-0.2513,0,0,,,,,,,,,,,,,,,
spelad,EK,2025/26,2025-12-07,11:15,Termalica B-B.,Jagiellonia,2,1,H,,,,,,,,,,,,,,,,,,,,0.2749,0.253,0.4722,0,,,,3.5,3.8,2,,,,,-0.3901,1,3,1,0.868,-0.2663,0,0,,,,,,,,,,,,,,,
spelad,EK,2025/26,2025-12-08,18:00,Korona Kielce,Wisla Plock,1,1,D,,,,,,,,,,,,,,,,,,,,0.4604,0.2887,0.2509,0,,,,2.14,3.3,3.95,,,,,-0.5211,5,11,-1.0909,-0.2737,-0.184,0,0,,,,,,,,,,,,,,,
spelad,EK,2025/26,2025-12-14,19:15,Legia,Piast Gliwice,0,1,A,,,,,,,,,,,,,,,,,,,,0.4821,0.2782,0.2398,0,,,,2,3.4,4.25,,,,,-1.1613,0,17,-0.3529,-0.4602,-0.0998,0,0,,,,,,,,,,,,,,,
spelad,EK,2025/26,2025-12-14,16:30,Motor Lublin,Jagiellonia,1,1,D,,,,,,,,,,,,,,,,,,,,0.3228,0.2594,0.4178,0,,,,3.1,3.75,2.6,,,,,0.0297,1,,,,,0,0,,,,,,,,,,,,,,,
spelad,EK,2025/26,2025-12-14,13:45,Rakow,Zaglebie,0,1,A,,,,,,,,,,,,,,,,,,,,0.6188,0.2364,0.1447,0,,,,1.6,4.1,7.5,,,,,0.1583,-1,13,1.1538,0.1663,-0.0895,0,0,,,,,,,,,,,,,,,
spelad,EK,2025/26,2026-01-30,17:00,Zaglebie,GKS Katowice,0,2,A,,,,,,,,,,,,,,,,,,,,0.394,0.2881,0.3179,0,,,,2.42,3.3,3.05,,,,,0.3925,,3,0,0.0738,0.057,0,0,,,,,,,,,,,,,,,
spelad,EK,2025/26,2026-01-31,13:45,Gornik Zabrze,Piast Gliwice,2,1,H,,,,,,,,,,,,,,,,,,,,0.4852,0.2899,0.2249,0,,,,2.06,3.3,4.7,,,,,-0.488,,16,-0.5625,-0.1192,0.0184,0,0,,,,,,,,,,,,,,,
spelad,EK,2025/26,2026-01-31,19:15,Lech Poznan,Lechia Gdansk,1,3,A,,,,,,,,,,,,,,,,,,,,0.521,0.2377,0.2414,0,,,,1.83,4.1,4,,,,,-0.6502,,16,1.125,0.2858,-0.2459,0,0,,,,,,,,,,,,,,,
spelad,EK,2025/26,2026-01-31,16:30,Widzew Lodz,Jagiellonia,1,3,A,,,,,,,,,,,,,,,,,,,,0.4285,0.2694,0.3021,0,,,,2.3,3.6,3.25,,,,,0.009,,7,-1.7143,-0.6358,-0.1214,0,0,,,,,,,,,,,,,,,
spelad,EK,2025/26,2026-02-01,16:30,Legia,Korona Kielce,1,2,A,,,,,,,,,,,,,,,,,,,,0.5063,0.2695,0.2242,0,,,,1.9,3.6,4.33,,,,,-0.6839,,12,2.25,0.5748,0.0085,0,0,,,,,,,,,,,,,,,
spelad,EK,2025/26,2026-02-01,11:15,Motor Lublin,Pogon Szczecin,2,1,H,,,,,,,,,,,,,,,,,,,,0.3565,0.265,0.3785,0,,,,2.66,3.6,2.55,,,,,0.1043,,3,-1,0.1554,-0.2247,0,0,,,,,,,,,,,,,,,
spelad,EK,2025/26,2026-02-01,13:45,Wisla Plock,Rakow,2,1,H,,,,,,,,,,,,,,,,,,,,0.2688,0.2964,0.4348,0,,,,3.55,3.2,2.15,,,,,0.0889,,10,-1.2,-0.0809,-0.0484,0,0,,,,,,,,,,,,,,,
spelad,EK,2025/26,2026-02-02,18:00,Termalica B-B.,Cracovia,0,1,A,,,,,,,,,,,,,,,,,,,,0.3493,0.2946,0.3561,0,,,,2.74,3.25,2.66,,,,,0.3519,,5,-0.6,0.0869,-0.2887,0,0,,,,,,,,,,,,,,,
spelad,EK,2025/26,2026-02-03,19:30,Piast Gliwice,Lech Poznan,1,0,H,,,,,,,,,,,,,,,,,,,,0.3202,0.2836,0.3961,0,,,,3.14,3.3,2.48,,,,,1.0773,0,16,-0.9375,-0.273,0.0455,0,0,,,,,,,,,,,,,,,
spelad,EK,2025/26,2026-02-06,17:00,Korona Kielce,Zaglebie,1,2,A,,,,,,,,,,,,,,,,,,,,0.5341,0.2726,0.1933,0,,,,1.78,3.5,5.33,,,,,-0.5364,-2,13,0,0.0834,0.1055,0,0,,,,,,,,,,,,,,,
spelad,EK,2025/26,2026-02-06,19:30,Lechia Gdansk,Cracovia,1,1,D,,,,,,,,,,,,,,,,,,,,0.445,0.2817,0.2733,0,,,,2.14,3.35,3.6,,,,,0.9713,2,16,-0.5625,-0.2283,-0.0923,0,0,,,,,,,,,,,,,,,
spelad,EK,2025/26,2026-02-07,13:45,Arka Gdynia,Legia,2,2,D,,,,,,,,,,,,,,,,,,,,0.2336,0.273,0.4934,0,,,,4.1,3.5,1.97,,,,,1.6969,,6,-1,0.0712,0.1088,0,0,,,,,,,,,,,,,,,
spelad,EK,2025/26,2026-02-07,19:15,Gornik Zabrze,Lech Poznan,0,1,A,,,,,,,,,,,,,,,,,,,,0.4082,0.2636,0.3283,0,,,,2.32,3.66,2.9,,,,,0.5261,3,17,-0.7059,0.0781,0.0443,0,0,,,,,,,,,,,,,,,
spelad,EK,2025/26,2026-02-07,16:30,Jagiellonia,Motor Lublin,4,1,H,,,,,,,,,,,,,,,,,,,,0.516,0.2531,0.2309,0,,,,1.85,3.75,4.5,,,,,-0.4882,1,3,2,0.7692,0.0748,0,0,,,,,,,,,,,,,,,
spelad,EK,2025/26,2026-02-08,16:30,GKS Katowice,Widzew Lodz,1,0,H,,,,,,,,,,,,,,,,,,,,0.3027,0.2815,0.4159,0,,,,3.1,3.4,2.3,,,,,1.1655,1,3,-2,-0.9432,0.0592,0,0,,,,,,,,,,,,,,,
spelad,EK,2025/26,2026-02-08,11:15,Pogon Szczecin,Termalica B-B.,1,1,D,,,,,,,,,,,,,,,,,,,,0.607,0.2146,0.1785,0,,,,1.55,4.5,5.5,,,,,-0.5339,1,5,1.8,0.3505,0.147,0,0,,,,,,,,,,,,,,,
spelad,EK,2025/26,2026-02-08,13:45,Rakow,Radomiak Radom,0,0,D,,,,,,,,,,,,,,,,,,,,0.5367,0.2608,0.2025,0,,,,1.75,3.6,4.75,,,,,-0.4009,,9,1,0.0312,-0.0424,0,0,,,,,,,,,,,,,,,
spelad,EK,2025/26,2026-02-09,18:00,Piast Gliwice,Wisla Plock,1,0,H,,,,,,,,,,,,,,,,,,,,0.4347,0.2982,0.2671,0,,,,2.2,3.2,3.66,,,,,0.4939,-2,12,0.5,0.1623,-0.1175,0,0,,,,,,,,,,,,,,,
spelad,EK,2025/26,2026-02-13,19:30,GKS Katowice,Legia,1,1,D,,,,,,,,,,,,,,,,,,,,0.2834,0.2774,0.4393,0,,,,3.33,3.4,2.18,,,,,2.2682,-1,3,-3,-0.8367,-0.2204,0,0,,,,,,,,,,,,,,,
spelad,EK,2025/26,2026-02-13,17:00,Radomiak Radom,Korona Kielce,0,2,A,,,,,,,,,,,,,,,,,,,,0.4375,0.2726,0.2898,0,,,,2.2,3.5,3.3,,,,,0.698,-2,7,-0.8571,-0.4598,-0.1476,0,0,,,,,,,,,,,,,,,
spelad,EK,2025/26,2026-02-14,13:45,Cracovia,Jagiellonia,0,0,D,,,,,,,,,,,,,,,,,,,,0.3581,0.2959,0.346,0,,,,2.75,3.3,2.8,,,,,-0.0695,1,18,-0.5,-0.1925,-0.1111,0,0,,,,,,,,,,,,,,,
spelad,EK,2025/26,2026-02-14,19:15,Wisla Plock,Widzew Lodz,0,2,A,,,,,,,,,,,,,,,,,,,,0.2982,0.2972,0.4046,0,,,,3.25,3.25,2.33,,,,,1.0723,-1,3,-1,-0.5228,0.3862,0,0,,,,,,,,,,,,,,,
spelad,EK,2025/26,2026-02-14,16:30,Zaglebie,Rakow,0,0,D,,,,,,,,,,,,,,,,,,,,0.239,0.2867,0.4743,0,,,,4.1,3.4,2,,,,,0.7875,2,14,-0.8571,0.0951,-0.1,0,0,,,,,,,,,,,,,,,
spelad,EK,2025/26,2026-02-15,16:30,Lech Poznan,Piast Gliwice,3,0,H,,,,,,,,,,,,,,,,,,,,0.503,0.2645,0.2325,0,,,,1.91,3.9,4.5,,,,,-1.5428,2,17,0.7059,0.1275,0.0262,0,0,,,,,,,,,,,,,,,
spelad,EK,2025/26,2026-02-15,11:15,Motor Lublin,Lechia Gdansk,2,3,A,,,,,,,,,,,,,,,,,,,,0.4079,0.2641,0.328,0,,,,2.38,3.7,3,,,,,-0.3322,-1,3,1,0.3119,0.4114,0,0,,,,,,,,,,,,,,,
spelad,EK,2025/26,2026-02-15,13:45,Pogon Szczecin,Arka Gdynia,1,0,H,,,,,,,,,,,,,,,,,,,,0.5678,0.2365,0.1957,0,,,,1.7,4.2,5,,,,,-0.8172,-1,6,1,0.1258,0.0604,0,0,,,,,,,,,,,,,,,
spelad,EK,2025/26,2026-02-16,18:00,Termalica B-B.,Gornik Zabrze,1,1,D,,,,,,,,,,,,,,,,,,,,0.2759,0.2694,0.4548,0,,,,3.6,3.55,2.08,,,,,0.5915,-1,4,0.75,0.7479,-0.0127,0,0,,,,,,,,,,,,,,,
spelad,EK,2025/26,2026-02-20,17:00,Piast Gliwice,Motor Lublin,1,2,A,,,,,,,,,,,,,,,,,,,,0.4312,0.2848,0.2839,0,,,,2.2,3.35,3.5,,,,,0.8571,0,3,0,-0.1285,0.0461,0,0,,,,,,,,,,,,,,,
spelad,EK,2025/26,2026-02-20,19:30,Widzew Lodz,Cracovia,0,0,D,,,,,,,,,,,,,,,,,,,,0.4571,0.294,0.2489,0,,,,2.15,3.25,4.2,,,,,-0.4195,0,7,0.8571,0.5052,0.1371,0,0,,,,,,,,,,,,,,,
spelad,EK,2025/26,2026-02-21,16:45,Gornik Zabrze,Pogon Szczecin,0,1,A,,,,,,,,,,,,,,,,,,,,0.4952,0.2573,0.2476,0,,,,1.93,3.7,4,,,,,0.0405,-1,16,0.375,0.4238,-0.0204,0,0,,,,,,,,,,,,,,,
spelad,EK,2025/26,2026-02-21,19:30,Legia,Wisla Plock,2,1,H,,,,,,,,,,,,,,,,,,,,0.5316,0.2673,0.2011,0,,,,1.78,3.6,5,,,,,-1.1358,1,12,0.5,-0.0909,-0.2518,0,0,,,,,,,,,,,,,,,
spelad,EK,2025/26,2026-02-21,14:00,Rakow,Termalica B-B.,1,0,H,,,,,,,,,,,,,,,,,,,,0.6623,0.2055,0.1323,0,,,,1.42,4.6,7,,,,,-0.7109,2,3,3,1.0142,-0.2413,0,0,,,,,,,,,,,,,,,
spelad,EK,2025/26,2026-02-22,11:15,Arka Gdynia,GKS Katowice,2,1,H,,,,,,,,,,,,,,,,,,,,0.3152,0.2951,0.3897,0,,,,3.14,3.2,2.5,,,,,-0.5544,-2,,,,,0,0,,,,,,,,,,,,,,,
spelad,EK,2025/26,2026-02-22,13:45,Jagiellonia,Radomiak Radom,1,1,D,,,,,,,,,,,,,,,,,,,,0.4966,0.2503,0.2531,0,,,,1.93,3.9,4.1,,,,,-0.2529,-1,9,1.3333,0.5918,0.0567,0,0,,,,,,,,,,,,,,,
spelad,EK,2025/26,2026-02-22,16:30,Korona Kielce,Lech Poznan,1,2,A,,,,,,,,,,,,,,,,,,,,0.3263,0.2683,0.4054,0,,,,2.9,3.5,2.38,,,,,0.2537,2,13,-0.9231,-0.0095,-0.0236,0,0,,,,,,,,,,,,,,,
spelad,EK,2025/26,2026-02-23,18:00,Lechia Gdansk,Zaglebie,0,2,A,,,,,,,,,,,,,,,,,,,,0.5422,0.2498,0.2081,0,,,,1.81,3.8,4.75,,,,,0.0369,-1,15,0,-0.0904,0.1976,0,0,,,,,,,,,,,,,,,
spelad,EK,2025/26,2026-02-27,19:30,Arka Gdynia,Lechia Gdansk,2,2,D,,,,,,,,,,,,,,,,,,,,0.2849,0.2858,0.4293,0,,,,3.4,3.33,2.23,,,,,-0.4442,1,7,-2.1429,-0.8367,0.0065,0,0,,,,,,,,,,,,,,,
spelad,EK,2025/26,2026-02-27,17:00,Cracovia,Piast Gliwice,2,3,A,,,,,,,,,,,,,,,,,,,,0.4177,0.3059,0.2764,0,,,,2.25,3.15,3.5,,,,,-0.1525,0,18,-0.3333,-0.0838,0.0269,0,0,,,,,,,,,,,,,,,
spelad,EK,2025/26,2026-02-28,19:15,GKS Katowice,Gornik Zabrze,3,1,H,,,,,,,,,,,,,,,,,,,,0.3414,0.2851,0.3735,0,,,,2.8,3.3,2.58,,,,,1.3252,-1,3,-1,-0.2341,-0.2727,0,0,,,,,,,,,,,,,,,
spelad,EK,2025/26,2026-02-28,16:30,Motor Lublin,Korona Kielce,2,0,H,,,,,,,,,,,,,,,,,,,,0.4171,0.2794,0.3035,0,,,,2.32,3.4,3.25,,,,,0.234,2,3,-2,-0.9277,0.0389,0,0,,,,,,,,,,,,,,,
spelad,EK,2025/26,2026-02-28,13:45,Pogon Szczecin,Widzew Lodz,1,0,H,,,,,,,,,,,,,,,,,,,,0.4067,0.2653,0.328,0,,,,2.32,3.75,2.9,,,,,0.3281,-1,7,2.5714,1.0395,-0.1051,0,0,,,,,,,,,,,,,,,
spelad,EK,2025/26,2026-03-01,13:45,Jagiellonia,Legia,2,2,D,,,,,,,,,,,,,,,,,,,,0.4195,0.2746,0.3059,0,,,,2.3,3.5,3.2,,,,,0.9662,-1,18,-0.1667,0.1379,0.2405,0,0,,,,,,,,,,,,,,,
spelad,EK,2025/26,2026-03-01,16:30,Lech Poznan,Rakow,4,3,H,,,,,,,,,,,,,,,,,,,,0.4334,0.2658,0.3008,0,,,,2.18,3.66,3.2,,,,,0.7071,-1,13,-0.2308,-0.127,0.0276,0,0,,,,,,,,,,,,,,,
spelad,EK,2025/26,2026-03-01,11:15,Termalica B-B.,Radomiak Radom,1,1,D,,,,,,,,,,,,,,,,,,,,0.3603,0.263,0.3767,0,,,,2.65,3.6,2.54,,,,,0.0514,1,3,0,-0.1709,0.7198,0,0,,,,,,,,,,,,,,,
spelad,EK,2025/26,2026-03-02,18:00,Zaglebie,Wisla Plock,2,0,H,,,,,,,,,,,,,,,,,,,,0.3806,0.2966,0.3228,0,,,,2.5,3.2,3,,,,,0.9215,-2,13,-0.2308,-0.1159,-0.1239,0,0,,,,,,,,,,,,,,,
spelad,EK,2025/26,2026-03-05,19:30,Radomiak Radom,Arka Gdynia,3,1,H,,,,,,,,,,,,,,,,,,,,0.5316,0.2569,0.2114,0,,,,1.78,3.8,4.7,,,,,-0.2565,-2,,,,,0,0,,,,,,,,,,,,,,,
spelad,EK,2025/26,2026-03-06,19:30,Lechia Gdansk,Jagiellonia,3,0,H,,,,,,,,,,,,,,,,,,,,0.4058,0.258,0.3362,0,,,,2.5,3.7,2.9,,,,,0.5896,2,15,-0.4,-0.1,-0.0612,0,0,,,,,,,,,,,,,,,
spelad,EK,2025/26,2026-03-07,13:45,Korona Kielce,Termalica B-B.,2,1,H,,,,,,,,,,,,,,,,,,,,0.5601,0.2382,0.2018,0,,,,1.75,4.1,5,,,,,-0.1197,1,,,,,0,0,,,,,,,,,,,,,,,
spelad,EK,2025/26,2026-03-07,16:30,Piast Gliwice,Zaglebie,1,3,A,,,,,,,,,,,,,,,,,,,,0.4795,0.2886,0.2319,0,,,,2,3.3,4.33,,,,,-0.3494,3,17,1.0588,0.2726,0.1231,0,0,,,,,,,,,,,,,,,
spelad,EK,2025/26,2026-03-07,19:15,Widzew Lodz,Lech Poznan,2,1,H,,,,,,,,,,,,,,,,,,,,0.412,0.2698,0.3182,0,,,,2.4,3.5,3.1,,,,,-0.7853,1,7,-0.8571,0.0871,-0.102,0,0,,,,,,,,,,,,,,,
spelad,EK,2025/26,2026-03-08,19:15,Legia,Cracovia,1,0,H,,,,,,,,,,,,,,,,,,,,0.5065,0.272,0.2214,0,,,,1.89,3.6,4.5,,,,,-0.8273,-2,17,0.3529,-0.1916,-0.0858,0,0,,,,,,,,,,,,,,,
spelad,EK,2025/26,2026-03-08,11:15,Motor Lublin,Gornik Zabrze,0,0,D,,,,,,,,,,,,,,,,,,,,0.326,0.2744,0.3997,0,,,,3,3.5,2.4,,,,,0.9992,0,3,1,0.948,-0.2541,0,0,,,,,,,,,,,,,,,
spelad,EK,2025/26,2026-03-08,13:45,Radomiak Radom,GKS Katowice,0,1,A,,,,,,,,,,,,,,,,,,,,0.4482,0.2656,0.2862,0,,,,2.15,3.65,3.6,,,,,-0.415,-5,3,0,-0.0034,0.0583,0,0,,,,,,,,,,,,,,,
spelad,EK,2025/26,2026-03-08,16:30,Rakow,Pogon Szczecin,2,0,H,,,,,,,,,,,,,,,,,,,,0.495,0.2602,0.2449,0,,,,1.91,3.7,4.2,,,,,-0.5836,-1,13,0.9231,0.3047,-0.046,0,0,,,,,,,,,,,,,,,
spelad,EK,2025/26,2026-03-09,18:00,Wisla Plock,Arka Gdynia,0,3,A,,,,,,,,,,,,,,,,,,,,0.4645,0.2869,0.2487,0,,,,2.05,3.33,3.95,,,,,-0.3501,3,7,0,-0.218,0.146,0,0,,,,,,,,,,,,,,,
spelad,EK,2025/26,2026-03-13,19:30,Radomiak Radom,Legia,1,1,D,,,,,,,,,,,,,,,,,,,,0.3595,0.2838,0.3567,0,,,,2.63,3.35,2.71,,,,,0.4215,0,9,-0.3333,0.4075,-0.256,0,0,,,,,,,,,,,,,,,
spelad,EK,2025/26,2026-03-13,17:00,Termalica B-B.,Motor Lublin,1,2,A,,,,,,,,,,,,,,,,,,,,0.3753,0.2598,0.3649,0,,,,2.55,3.8,2.82,,,,,-0.3235,1,,,,,0,0,,,,,,,,,,,,,,,
spelad,EK,2025/26,2026-03-14,19:15,Cracovia,Wisla Plock,1,2,A,,,,,,,,,,,,,,,,,,,,0.4914,0.2828,0.2258,0,,,,1.97,3.4,4.5,,,,,0.3268,1,11,0.5455,0.1474,-0.0162,0,0,,,,,,,,,,,,,,,
spelad,EK,2025/26,2026-03-14,16:30,GKS Katowice,Lechia Gdansk,2,0,H,,,,,,,,,,,,,,,,,,,,0.3926,0.2633,0.3441,0,,,,2.48,3.6,2.75,,,,,0.2451,-2,3,1,0.5937,-0.2481,0,0,,,,,,,,,,,,,,,
spelad,EK,2025/26,2026-03-14,13:45,Jagiellonia,Piast Gliwice,1,2,A,,,,,,,,,,,,,,,,,,,,0.5194,0.2547,0.2259,0,,,,1.85,3.75,4.75,,,,,-0.4777,1,17,-0.3529,-0.0939,0.1298,0,0,,,,,,,,,,,,,,,
spelad,EK,2025/26,2026-03-15,11:15,Arka Gdynia,Widzew Lodz,0,0,D,,,,,,,,,,,,,,,,,,,,0.278,0.294,0.428,0,,,,3.5,3.25,2.2,,,,,0.5103,-2,,,,,0,0,,,,,,,,,,,,,,,
spelad,EK,2025/26,2026-03-15,16:30,Gornik Zabrze,Rakow,3,1,H,,,,,,,,,,,,,,,,,,,,0.3982,0.292,0.3097,0,,,,2.43,3.25,3.2,,,,,-0.4238,0,14,0.6429,0.6702,-0.0483,0,0,,,,,,,,,,,,,,,
spelad,EK,2025/26,2026-03-15,13:45,Zaglebie,Lech Poznan,0,1,A,,,,,,,,,,,,,,,,,,,,0.2369,0.2582,0.505,0,,,,4.25,3.8,1.91,,,,,1.1542,0,17,0,0.3898,0.0457,0,0,,,,,,,,,,,,,,,
spelad,EK,2025/26,2026-03-16,18:00,Pogon Szczecin,Korona Kielce,2,1,H,,,,,,,,,,,,,,,,,,,,0.4419,0.2672,0.2909,0,,,,2.15,3.55,3.33,,,,,0.0629,-1,11,0.5455,-0.1048,0.1871,0,0,,,,,,,,,,,,,,,
spelad,EK,2025/26,2026-03-17,18:00,Jagiellonia,GKS Katowice,2,1,H,,,,,,,,,,,,,,,,,,,,0.5443,0.2408,0.2149,0,,,,1.77,4,4.5,,,,,-1.0697,0,,,,,0,0,,,,,,,,,,,,,,,
spelad,EK,2025/26,2026-03-20,19:30,Motor Lublin,Zaglebie,1,0,H,,,,,,,,,,,,,,,,,,,,0.4712,0.264,0.2648,0,,,,2,3.6,3.6,,,,,-0.501,2,3,2,1.0011,0.0724,0,0,,,,,,,,,,,,,,,
spelad,EK,2025/26,2026-03-20,17:00,Piast Gliwice,Radomiak Radom,3,1,H,,,,,,,,,,,,,,,,,,,,0.4268,0.2781,0.2951,0,,,,2.2,3.4,3.33,,,,,0.5818,-1,9,-0.6667,-0.5131,0.2408,0,0,,,,,,,,,,,,,,,
spelad,EK,2025/26,2026-03-21,13:45,Cracovia,GKS Katowice,1,0,H,,,,,,,,,,,,,,,,,,,,0.4131,0.2958,0.2911,0,,,,2.3,3.25,3.25,,,,,-1.2096,3,3,-1,-0.4053,-0.2736,0,0,,,,,,,,,,,,,,,
spelad,EK,2025/26,2026-03-21,19:15,Jagiellonia,Wisla Plock,1,2,A,,,,,,,,,,,,,,,,,,,,0.5921,0.2341,0.1738,0,,,,1.6,4.2,5.66,,,,,0.2093,-3,13,0.2308,-0.0598,0.0357,0,0,,,,,,,,,,,,,,,
spelad,EK,2025/26,2026-03-21,16:30,Lechia Gdansk,Pogon Szczecin,2,1,H,,,,,,,,,,,,,,,,,,,,0.373,0.2699,0.3571,0,,,,2.54,3.55,2.66,,,,,0.0398,2,16,-0.375,0.0828,-0.0156,0,0,,,,,,,,,,,,,,,
spelad,EK,2025/26,2026-03-22,11:15,Korona Kielce,Arka Gdynia,3,0,H,,,,,,,,,,,,,,,,,,,,0.4806,0.2839,0.2354,0,,,,2,3.4,4.5,,,,,-0.571,-1,7,0,-0.2052,0.1413,0,0,,,,,,,,,,,,,,,
spelad,EK,2025/26,2026-03-22,13:45,Lech Poznan,Termalica B-B.,4,1,H,,,,,,,,,,,,,,,,,,,,0.7085,0.1725,0.119,0,,,,1.38,5.75,9.7,,,,,0.6375,-2,3,3,0.994,-0.2233,0,0,,,,,,,,,,,,,,,
spelad,EK,2025/26,2026-03-22,19:15,Legia,Rakow,1,1,D,,,,,,,,,,,,,,,,,,,,0.437,0.2815,0.2815,0,,,,2.25,3.4,3.5,,,,,0.3175,2,13,-0.2308,-0.1523,0.0373,0,0,,,,,,,,,,,,,,,
spelad,EK,2025/26,2026-03-22,16:30,Widzew Lodz,Gornik Zabrze,0,0,D,,,,,,,,,,,,,,,,,,,,0.4124,0.2957,0.2919,0,,,,2.3,3.2,3.33,,,,,0.0176,0,7,-1.2857,-0.5313,0.0065,0,0,,,,,,,,,,,,,,,
spelad,EK,2025/26,2026-04-04,11:15,GKS Katowice,Wisla Plock,1,0,H,,,,,,,,,,,,,,,,,,,,0.4958,0.266,0.2382,0,,,,1.92,3.6,4,,,,,0.4019,0,,,,,0,0,,,,,,,,,,,,,,,
spelad,EK,2025/26,2026-04-04,16:30,Gornik Zabrze,Cracovia,3,0,H,,,,,,,,,,,,,,,,,,,,0.4973,0.2833,0.2194,0,,,,1.93,3.35,4.75,,,,,-0.1855,-1,15,-1.2,-0.4996,-0.0894,0,0,,,,,,,,,,,,,,,
spelad,EK,2025/26,2026-04-04,19:15,Jagiellonia,Lech Poznan,0,0,D,,,,,,,,,,,,,,,,,,,,0.3611,0.2566,0.3823,0,,,,2.66,3.75,2.55,,,,,-1.1915,1,18,0,0.3611,0.0929,0,0,,,,,,,,,,,,,,,
spelad,EK,2025/26,2026-04-04,13:45,Rakow,Widzew Lodz,1,1,D,,,,,,,,,,,,,,,,,,,,0.4505,0.2867,0.2628,0,,,,2.12,3.3,3.6,,,,,-0.0635,0,7,2.1429,0.4654,0.0498,0,0,,,,,,,,,,,,,,,
spelad,EK,2025/26,2026-04-06,19:15,Lechia Gdansk,Korona Kielce,4,2,H,,,,,,,,,,,,,,,,,,,,0.4733,0.2595,0.2671,0,,,,2,3.75,3.6,,,,,0.218,1,9,0.3333,0.1567,-0.0553,0,0,,,,,,,,,,,,,,,
spelad,EK,2025/26,2026-04-06,16:30,Pogon Szczecin,Legia,0,2,A,,,,,,,,,,,,,,,,,,,,0.379,0.271,0.35,0,,,,2.5,3.5,2.71,,,,,0.3924,1,18,0.5,0.5048,0.0149,0,0,,,,,,,,,,,,,,,
spelad,EK,2025/26,2026-04-06,13:45,Radomiak Radom,Motor Lublin,1,1,D,,,,,,,,,,,,,,,,,,,,0.4241,0.2632,0.3127,0,,,,2.25,3.6,3.25,,,,,-1.1405,0,3,-2,-1.0111,0.0655,0,0,,,,,,,,,,,,,,,
spelad,EK,2025/26,2026-04-06,11:15,Termalica B-B.,Piast Gliwice,3,2,H,,,,,,,,,,,,,,,,,,,,0.3078,0.2729,0.4193,0,,,,3.25,3.5,2.28,,,,,-1.1443,-2,5,-2.4,-0.8566,-0.0735,0,0,,,,,,,,,,,,,,,
spelad,EK,2025/26,2026-04-07,18:00,Arka Gdynia,Zaglebie,3,1,H,,,,,,,,,,,,,,,,,,,,0.3902,0.3069,0.3029,0,,,,2.5,3.15,3.2,,,,,-0.4463,-2,6,0.5,0.4738,-0.1158,0,0,,,,,,,,,,,,,,,
spelad,EK,2025/26,2026-04-10,19:30,Korona Kielce,Jagiellonia,1,1,D,,,,,,,,,,,,,,,,,,,,0.361,0.2663,0.3728,0,,,,2.63,3.66,2.6,,,,,0.4514,-2,12,-0.75,-0.1166,-0.0202,0,0,,,,,,,,,,,,,,,
spelad,EK,2025/26,2026-04-10,17:00,Wisla Plock,Lechia Gdansk,1,0,H,,,,,,,,,,,,,,,,,,,,0.3365,0.2708,0.3928,0,,,,2.9,3.6,2.5,,,,,-0.5811,2,11,-0.2727,0.0829,-0.0987,0,0,,,,,,,,,,,,,,,
spelad,EK,2025/26,2026-04-11,19:15,Legia,Gornik Zabrze,1,1,D,,,,,,,,,,,,,,,,,,,,0.4401,0.2834,0.2765,0,,,,2.15,3.4,3.5,,,,,0.5894,-2,16,1.125,0.1622,-0.1218,0,0,,,,,,,,,,,,,,,
spelad,EK,2025/26,2026-04-11,13:45,Widzew Lodz,Termalica B-B.,1,0,H,,,,,,,,,,,,,,,,,,,,0.6362,0.2166,0.1473,0,,,,1.57,4.75,7,,,,,0.0127,2,,,,,0,0,,,,,,,,,,,,,,,
spelad,EK,2025/26,2026-04-11,16:30,Zaglebie,Radomiak Radom,1,0,H,,,,,,,,,,,,,,,,,,,,0.3947,0.2817,0.3236,0,,,,2.63,3.35,3,,,,,1.1394,-1,9,0.3333,0.3555,-0.2886,0,0,,,,,,,,,,,,,,,
spelad,EK,2025/26,2026-04-12,11:15,Cracovia,Arka Gdynia,2,2,D,,,,,,,,,,,,,,,,,,,,0.5025,0.2797,0.2178,0,,,,1.91,3.4,4.75,,,,,-0.8146,3,6,0.5,0.1532,-0.1259,0,0,,,,,,,,,,,,,,,
spelad,EK,2025/26,2026-04-12,16:30,Lech Poznan,GKS Katowice,3,3,D,,,,,,,,,,,,,,,,,,,,0.6311,0.2016,0.1673,0,,,,1.52,4.75,6.5,,,,,0.4379,0,3,2,0.3928,0.1129,0,0,,,,,,,,,,,,,,,
spelad,EK,2025/26,2026-04-12,13:45,Motor Lublin,Rakow,1,1,D,,,,,,,,,,,,,,,,,,,,0.3356,0.2695,0.3949,0,,,,3,3.6,2.42,,,,,0.7607,-2,3,-2,-0.378,0.1112,0,0,,,,,,,,,,,,,,,
spelad,EK,2025/26,2026-04-13,18:00,Piast Gliwice,Pogon Szczecin,0,2,A,,,,,,,,,,,,,,,,,,,,0.4528,0.2675,0.2797,0,,,,2.1,3.6,3.5,,,,,-0.0286,0,18,-0.5,-0.2245,0.0999,0,0,,,,,,,,,,,,,,,
spelad,EK,2025/26,2026-04-17,17:00,GKS Katowice,Motor Lublin,3,2,H,,,,,,,,,,,,,,,,,,,,0.4648,0.2602,0.275,0,,,,2.06,3.65,3.5,,,,,-0.1167,0,3,0,-0.138,0.0709,0,0,,,,,,,,,,,,,,,
spelad,EK,2025/26,2026-04-17,19:30,Legia,Zaglebie,1,0,H,,,,,,,,,,,,,,,,,,,,0.583,0.2481,0.1689,0,,,,1.61,3.8,6,,,,,-0.2879,0,16,1.6875,0.4716,-0.1868,0,0,,,,,,,,,,,,,,,
spelad,EK,2025/26,2026-04-18,16:30,Gornik Zabrze,Korona Kielce,1,0,H,,,,,,,,,,,,,,,,,,,,0.4919,0.2699,0.2383,0,,,,1.91,3.5,4.2,,,,,-0.1285,-1,14,1.2857,0.4946,0.1534,0,0,,,,,,,,,,,,,,,
spelad,EK,2025/26,2026-04-18,19:15,Pogon Szczecin,Lech Poznan,1,2,A,,,,,,,,,,,,,,,,,,,,0.3153,0.2512,0.4334,0,,,,3,3.8,2.2,,,,,0.0936,-1,17,-0.7059,-0.2403,0.1419,0,0,,,,,,,,,,,,,,,
spelad,EK,2025/26,2026-04-18,13:45,Radomiak Radom,Widzew Lodz,2,1,H,,,,,,,,,,,,,,,,,,,,0.299,0.298,0.403,0,,,,3.25,3.2,2.43,,,,,-0.617,0,7,0,0.1008,-0.1341,0,0,,,,,,,,,,,,,,,
spelad,EK,2025/26,2026-04-19,16:30,Arka Gdynia,Jagiellonia,0,3,A,,,,,,,,,,,,,,,,,,,,0.2897,0.2765,0.4338,0,,,,3.35,3.5,2.18,,,,,1.1409,-2,5,-3,-1.0614,-0.2682,0,0,,,,,,,,,,,,,,,
spelad,EK,2025/26,2026-04-19,13:45,Rakow,Cracovia,4,1,H,,,,,,,,,,,,,,,,,,,,0.4996,0.2796,0.2208,0,,,,1.91,3.4,4.4,,,,,0.334,0,13,-1.3846,-1.108,0.115,0,0,,,,,,,,,,,,,,,
spelad,EK,2025/26,2026-04-19,11:15,Termalica B-B.,Wisla Plock,1,3,A,,,,,,,,,,,,,,,,,,,,0.3649,0.2717,0.3634,0,,,,2.63,3.5,2.7,,,,,-0.3341,-1,3,0,0.1434,0.0665,0,0,,,,,,,,,,,,,,,
spelad,EK,2025/26,2026-04-20,18:00,Lechia Gdansk,Piast Gliwice,1,1,D,,,,,,,,,,,,,,,,,,,,0.452,0.2572,0.2908,0,,,,2.1,3.75,3.33,,,,,0.3829,3,16,0.5625,0.4546,-0.0942,0,0,,,,,,,,,,,,,,,
spelad,EK,2025/26,2026-04-24,19:30,Jagiellonia,Gornik Zabrze,1,2,A,,,,,,,,,,,,,,,,,,,,0.4299,0.2762,0.294,0,,,,2.2,3.45,3.3,,,,,-0.4857,-1,15,0.4,0.2091,-0.0656,0,0,,,,,,,,,,,,,,,
spelad,EK,2025/26,2026-04-24,17:00,Zaglebie,Termalica B-B.,1,2,A,,,,,,,,,,,,,,,,,,,,0.5285,0.2491,0.2224,0,,,,1.8,4,4.4,,,,,0.8957,2,3,2,0.8745,0.0488,0,0,,,,,,,,,,,,,,,
spelad,EK,2025/26,2026-04-25,19:15,Cracovia,Pogon Szczecin,1,1,D,,,,,,,,,,,,,,,,,,,,0.4063,0.2997,0.294,0,,,,2.35,3.15,3.35,,,,,-0.9216,-1,18,-0.6667,-0.2049,-0.0593,0,0,,,,,,,,,,,,,,,
spelad,EK,2025/26,2026-04-25,13:45,Korona Kielce,GKS Katowice,1,1,D,,,,,,,,,,,,,,,,,,,,0.4442,0.2639,0.2919,0,,,,2.14,3.6,3.25,,,,,-1.1968,-1,3,1,0.6791,-0.2852,0,0,,,,,,,,,,,,,,,
spelad,EK,2025/26,2026-04-25,16:30,Lechia Gdansk,Rakow,1,2,A,,,,,,,,,,,,,,,,,,,,0.4053,0.269,0.3257,0,,,,2.35,3.55,3,,,,,-0.1285,-1,11,-1.9091,-0.384,-0.2388,0,0,,,,,,,,,,,,,,,
spelad,EK,2025/26,2026-04-26,16:30,Lech Poznan,Legia,4,0,H,,,,,,,,,,,,,,,,,,,,0.4774,0.2605,0.262,0,,,,1.98,3.66,3.66,,,,,0.0398,-1,18,0,-0.0101,0.0605,0,0,,,,,,,,,,,,,,,
spelad,EK,2025/26,2026-04-26,13:45,Widzew Lodz,Motor Lublin,2,0,H,,,,,,,,,,,,,,,,,,,,0.561,0.2432,0.1958,0,,,,1.73,4,5,,,,,-0.8405,-1,3,-1,-0.4891,-0.2737,0,0,,,,,,,,,,,,,,,
spelad,EK,2025/26,2026-04-26,11:15,Wisla Plock,Radomiak Radom,0,1,A,,,,,,,,,,,,,,,,,,,,0.3776,0.2865,0.336,0,,,,2.5,3.3,2.9,,,,,0.6512,-1,5,0,0.0038,0.3093,0,0,,,,,,,,,,,,,,,
spelad,EK,2025/26,2026-04-27,18:00,Piast Gliwice,Arka Gdynia,4,1,H,,,,,,,,,,,,,,,,,,,,0.5128,0.2709,0.2163,0,,,,1.88,3.5,4.75,,,,,-0.1849,-1,5,1.2,0.4212,-0.0844,0,0,,,,,,,,,,,,,,,
spelad,EK,2025/26,2026-05-01,16:30,Korona Kielce,Piast Gliwice,1,1,D,,,,,,,,,,,,,,,,,,,,0.4141,0.2812,0.3047,0,,,,2.28,3.4,3.25,,,,,-0.5646,2,11,-1.0909,-0.3439,0.1675,0,0,,,,,,,,,,,,,,,
spelad,EK,2025/26,2026-05-01,19:30,Legia,Widzew Lodz,1,0,H,,,,,,,,,,,,,,,,,,,,0.4736,0.292,0.2344,0,,,,2.02,3.3,4.33,,,,,0.2001,0,7,1.2857,0.1981,0.0339,0,0,,,,,,,,,,,,,,,
spelad,EK,2025/26,2026-05-02,19:15,Motor Lublin,Lech Poznan,0,1,A,,,,,,,,,,,,,,,,,,,,0.2299,0.2221,0.548,0,,,,4.25,4.33,1.72,,,,,-0.2005,0,3,0,0.5361,0.108,0,0,,,,,,,,,,,,,,,
spelad,EK,2025/26,2026-05-03,11:15,GKS Katowice,Termalica B-B.,5,1,H,,,,,,,,,,,,,,,,,,,,0.5936,0.2102,0.1962,0,,,,1.58,4.75,5,,,,,0.6711,-1,,,,,0,0,,,,,,,,,,,,,,,
spelad,EK,2025/26,2026-05-03,16:30,Pogon Szczecin,Wisla Plock,3,0,H,,,,,,,,,,,,,,,,,,,,0.5004,0.2625,0.2372,0,,,,1.93,3.75,4.1,,,,,-0.3256,1,11,0.2727,-0.13,-0.0868,0,0,,,,,,,,,,,,,,,
spelad,EK,2025/26,2026-05-03,13:45,Zaglebie,Cracovia,0,0,D,,,,,,,,,,,,,,,,,,,,0.3152,0.313,0.3718,0,,,,3.1,3.05,2.7,,,,,0.6571,1,16,-0.75,-0.3584,0.09,0,0,,,,,,,,,,,,,,,
spelad,EK,2025/26,2026-05-04,18:00,Radomiak Radom,Lechia Gdansk,3,1,H,,,,,,,,,,,,,,,,,,,,0.3755,0.2708,0.3537,0,,,,2.57,3.5,2.85,,,,,0.087,-1,7,1.7143,0.875,-0.1334,0,0,,,,,,,,,,,,,,,
spelad,EK,2025/26,2026-05-08,19:30,Lech Poznan,Arka Gdynia,1,1,D,,,,,,,,,,,,,,,,,,,,0.6989,0.1795,0.1216,0,,,,1.38,5.75,8.9,,,,,0.4517,-5,5,-0.6,-0.7521,0.1369,0,0,,,,,,,,,,,,,,,
spelad,EK,2025/26,2026-05-08,17:00,Rakow,Korona Kielce,2,0,H,,,,,,,,,,,,,,,,,,,,0.4971,0.2628,0.2401,0,,,,1.9,3.6,4.35,,,,,0.3652,6,10,0.6,-0.1787,-0.0483,0,0,,,,,,,,,,,,,,,
spelad,EK,2025/26,2026-05-09,19:15,Gornik Zabrze,Zaglebie,0,2,A,,,,,,,,,,,,,,,,,,,,0.5604,0.2566,0.183,0,,,,1.68,3.75,5.33,,,,,0.7765,7,16,-0.375,-0.1243,-0.1493,0,0,,,,,,,,,,,,,,,
spelad,EK,2025/26,2026-05-09,16:30,Jagiellonia,Pogon Szczecin,3,2,H,,,,,,,,,,,,,,,,,,,,0.5359,0.2368,0.2274,0,,,,1.77,4.1,4.5,,,,,-0.5307,7,17,-0.3529,-0.0029,0.0276,0,0,,,,,,,,,,,,,,,
spelad,EK,2025/26,2026-05-09,13:45,Widzew Lodz,Lechia Gdansk,3,1,H,,,,,,,,,,,,,,,,,,,,0.4417,0.2779,0.2804,0,,,,2.15,3.5,3.6,,,,,0.1842,3,5,-0.6,-0.439,0.1273,0,0,,,,,,,,,,,,,,,
spelad,EK,2025/26,2026-05-10,11:15,Piast Gliwice,GKS Katowice,0,0,D,,,,,,,,,,,,,,,,,,,,0.4502,0.2642,0.2856,0,,,,2.12,3.55,3.5,,,,,-0.4714,2,3,1,0.2384,0.3523,0,0,,,,,,,,,,,,,,,
spelad,EK,2025/26,2026-05-10,16:30,Termalica B-B.,Legia,0,1,A,,,,,,,,,,,,,,,,,,,,0.1989,0.2328,0.5683,0,,,,5,4.2,1.66,,,,,-0.5345,-2,3,0,0.6138,0.0981,0,0,,,,,,,,,,,,,,,
spelad,EK,2025/26,2026-05-10,13:45,Wisla Plock,Motor Lublin,0,4,A,,,,,,,,,,,,,,,,,,,,0.4041,0.2662,0.3297,0,,,,2.36,3.55,2.9,,,,,0.3972,-1,,,,,0,0,,,,,,,,,,,,,,,
spelad,EK,2025/26,2026-05-11,18:00,Cracovia,Radomiak Radom,0,0,D,,,,,,,,,,,,,,,,,,,,0.5091,0.2665,0.2245,0,,,,1.92,3.6,4.5,,,,,-0.6295,1,9,0.3333,0.3024,-0.2988,0,0,,,,,,,,,,,,,,,
spelad,EK,2025/26,2026-05-13,17:00,Arka Gdynia,Gornik Zabrze,0,0,D,,,,,,,,,,,,,,,,,,,,0.2523,0.2694,0.4782,0,,,,4,3.6,2,,,,,-0.2888,1,7,-1.2857,-0.4652,0.0141,0,0,,,,,,,,,,,,,,,
spelad,EK,2025/26,2026-05-13,19:30,Rakow,Jagiellonia,0,2,A,,,,,,,,,,,,,,,,,,,,0.4407,0.2715,0.2878,0,,,,2.12,3.5,3.4,,,,,0.6808,1,13,0.9231,0.1133,-0.0177,0,0,,,,,,,,,,,,,,,
spelad,EK,2025/26,2026-05-15,19:30,Korona Kielce,Widzew Lodz,1,0,H,,,,,,,,,,,,,,,,,,,,0.3774,0.3055,0.3171,0,,,,2.55,3.15,3.14,,,,,-0.5027,1,7,0.8571,0.6212,-0.1388,0,0,,,,,,,,,,,,,,,
spelad,EK,2025/26,2026-05-15,17:00,Zaglebie,Pogon Szczecin,0,1,A,,,,,,,,,,,,,,,,,,,,0.367,0.2829,0.3501,0,,,,2.65,3.4,2.83,,,,,-0.2315,0,16,-0.75,-0.0464,-0.1388,0,0,,,,,,,,,,,,,,,
spelad,EK,2025/26,2026-05-16,13:45,Motor Lublin,Cracovia,3,3,D,,,,,,,,,,,,,,,,,,,,0.3275,0.2786,0.3939,0,,,,3,3.5,2.43,,,,,0.7639,1,3,-1,-0.1953,-0.2675,0,0,,,,,,,,,,,,,,,
spelad,EK,2025/26,2026-05-16,19:15,Radomiak Radom,Lech Poznan,1,3,A,,,,,,,,,,,,,,,,,,,,0.2351,0.2333,0.5317,0,,,,4.25,4.1,1.77,,,,,-0.148,-3,9,-1,-0.1395,0.1849,0,0,,,,,,,,,,,,,,,
spelad,EK,2025/26,2026-05-16,16:30,Wisla Plock,Gornik Zabrze,0,1,A,,,,,,,,,,,,,,,,,,,,0.2433,0.2715,0.4852,0,,,,4,3.5,1.97,,,,,-0.0148,3,13,0,0.0476,0.1108,0,0,,,,,,,,,,,,,,,
spelad,EK,2025/26,2026-05-17,13:45,GKS Katowice,Jagiellonia,2,2,D,,,,,,,,,,,,,,,,,,,,0.3948,0.2584,0.3468,0,,,,2.42,3.75,2.8,,,,,0.0392,3,3,-1,-0.0497,-0.2488,0,0,,,,,,,,,,,,,,,
spelad,EK,2025/26,2026-05-17,16:30,Lechia Gdansk,Legia,1,2,A,,,,,,,,,,,,,,,,,,,,0.4302,0.2659,0.304,0,,,,2.22,3.6,3.1,,,,,-0.8497,1,15,-1,-0.0686,0.014,0,0,,,,,,,,,,,,,,,
spelad,EK,2025/26,2026-05-17,11:15,Piast Gliwice,Rakow,1,3,A,,,,,,,,,,,,,,,,,,,,0.3863,0.2858,0.3279,0,,,,2.48,3.35,3,,,,,0.0519,3,13,-0.9231,-0.0553,-0.2161,0,0,,,,,,,,,,,,,,,
spelad,EK,2025/26,2026-05-18,18:00,Arka Gdynia,Termalica B-B.,2,3,A,,,,,,,,,,,,,,,,,,,,0.5535,0.2366,0.2099,0,,,,1.71,4.2,4.6,,,,,0.0645,-3,,,,,0,0,,,,,,,,,,,,,,,
spelad,EK,2025/26,2026-05-23,16:30,Cracovia,Korona Kielce,1,1,D,,,,,,,,,,,,,,,,,,,,0.4439,0.311,0.2451,0,,,,2.14,3.13,4.2,,,,,-0.2182,-1,11,1.0909,0.4004,-0.0208,0,0,,,,,,,,,,,,,,,
spelad,EK,2025/26,2026-05-23,16:30,Gornik Zabrze,Radomiak Radom,6,2,H,,,,,,,,,,,,,,,,,,,,0.6498,0.2064,0.1438,0,,,,1.46,4.75,7,,,,,0.173,0,9,0,-0.0299,0.0488,0,0,,,,,,,,,,,,,,,
spelad,EK,2025/26,2026-05-23,16:30,Jagiellonia,Zaglebie,1,0,H,,,,,,,,,,,,,,,,,,,,0.6539,0.1999,0.1462,0,,,,1.48,5,7,,,,,0.3276,-2,16,0,-0.0349,-0.0157,0,0,,,,,,,,,,,,,,,
spelad,EK,2025/26,2026-05-23,16:30,Lech Poznan,Wisla Plock,2,2,D,,,,,,,,,,,,,,,,,,,,0.6993,0.1752,0.1255,0,,,,1.35,5.6,9,,,,,0.405,0,11,1.3636,0.2493,-0.0666,0,0,,,,,,,,,,,,,,,
spelad,EK,2025/26,2026-05-23,16:30,Legia,Motor Lublin,4,0,H,,,,,,,,,,,,,,,,,,,,0.6228,0.2095,0.1677,0,,,,1.52,4.75,6,,,,,0.6388,-1,3,1,-0.0732,0.4139,0,0,,,,,,,,,,,,,,,
spelad,EK,2025/26,2026-05-23,16:30,Pogon Szczecin,GKS Katowice,1,1,D,,,,,,,,,,,,,,,,,,,,0.3779,0.2458,0.3763,0,,,,2.5,4,2.55,,,,,-0.2844,2,3,-1,-0.6925,-0.2515,0,0,,,,,,,,,,,,,,,
spelad,EK,2025/26,2026-05-23,16:30,Rakow,Arka Gdynia,3,0,H,,,,,,,,,,,,,,,,,,,,0.7404,0.1672,0.0924,0,,,,1.27,5.75,12,,,,,0.7592,1,4,1.5,0.5766,-0.2818,0,0,,,,,,,,,,,,,,,
spelad,EK,2025/26,2026-05-23,16:30,Termalica B-B.,Lechia Gdansk,3,2,H,,,,,,,,,,,,,,,,,,,,0.2484,0.2202,0.5314,0,,,,3.9,4.75,1.76,,,,,0.8077,-1,3,-3,-0.933,-0.2496,0,0,,,,,,,,,,,,,,,
spelad,EK,2025/26,2026-05-23,16:30,Widzew Lodz,Piast Gliwice,2,1,H,,,,,,,,,,,,,,,,,,,,0.3832,0.2923,0.3245,0,,,,2.5,3.25,3,,,,,0.236,2,7,1.2857,0.9824,-0.2955,0,0,,,,,,,,,,,,,,,
spelad,EK,2026/27,2026-07-24,19:30,Pogon Szczecin,Legia,0,1,A,,,,,,,,,,,,,,,,,,,,0.3511,0.2807,0.3682,0,,,,2.8,3.4,2.55,,,,,-0.6768,,18,0.5,0.477,0.0143,0,0,,,,,,,,,,,,,,,
spelad,EK,2026/27,2026-07-24,17:00,Radomiak Radom,Wieczysta Krakow,2,1,H,,,,,,,,,,,,,,,,,,,,0.3988,0.2682,0.333,0,,,,2.48,3.6,3,,,,,,,,,,,-1,0,,,,,,,,,,,,,,,
spelad,EK,2026/27,2026-07-25,16:30,Gornik Zabrze,Slask Wroclaw,2,1,H,,,,,,,,,,,,,,,,,,,,0.5273,0.257,0.2157,0,,,,1.81,3.7,4.5,,,,,0.7236,,15,1.2,0.5802,0.0553,-1,0,,,,,,,,,,,,,,,
spelad,EK,2026/27,2026-07-25,13:45,Jagiellonia,Korona Kielce,1,0,H,,,,,,,,,,,,,,,,,,,,0.4623,0.276,0.2617,0,,,,2.08,3.4,3.9,,,,,0.7093,,12,0.5,-0.0268,0.065,0,0,,,,,,,,,,,,,,,
spelad,EK,2026/27,2026-07-25,19:15,Lech Poznan,Cracovia,0,0,D,,,,,,,,,,,,,,,,,,,,0.5999,0.2251,0.175,0,,,,1.58,4.3,6.1,,,,,0.816,,18,0,-0.36,0.0713,0,0,,,,,,,,,,,,,,,
spelad,EK,2026/27,2026-07-26,13:45,Rakow,Wisla Plock,1,2,A,,,,,,,,,,,,,,,,,,,,0.5626,0.2525,0.1849,0,,,,1.67,3.75,5.4,,,,,0.7406,,11,0.8182,-0.0281,-0.0709,0,0,,,,,,,,,,,,,,,
spelad,EK,2026/27,2026-07-26,16:30,Widzew Lodz,Motor Lublin,2,2,D,,,,,,,,,,,,,,,,,,,,0.5353,0.2557,0.209,0,,,,1.77,3.75,4.8,,,,,0.4505,,4,0,-0.0984,-0.2661,0,0,,,,,,,,,,,,,,,
spelad,EK,2026/27,2026-07-26,19:15,Wisla,GKS Katowice,2,1,H,,,,,,,,,,,,,,,,,,,,0.4644,0.2646,0.2709,0,,,,2.05,3.65,3.5,,,,,-0.9822,,,,,,1,0,,,,,,,,,,,,,,,
spelad,EK,2026/27,2026-07-27,18:00,Zaglebie,Piast Gliwice,2,0,H,,,,,,,,,,,,,,,,,,,,0.3612,0.2965,0.3422,0,,,,2.63,3.25,2.8,,,,,0.4074,,17,-0.8824,-0.2674,0.0663,0,0,,,,,,,,,,,,,,,
spelad,EK,2026/27,2026-07-31,19:30,Motor Lublin,Jagiellonia,1,2,A,,,,,,,,,,,,,,,,,,,,0.3432,0.2616,0.3952,0,,,,2.8,3.65,2.38,,,,,-0.8231,-1,4,-2.25,-0.8695,-0.0072,0,0,,,,,,,,,,,,,,,
spelad,EK,2026/27,2026-07-31,17:00,Wisla Plock,Widzew Lodz,0,0,D,,,,,,,,,,,,,,,,,,,,0.306,0.306,0.388,0,,,,3.14,3.25,2.48,,,,,0.1053,0,4,-1.5,-0.6901,0.2153,0,0,,,,,,,,,,,,,,,
spelad,EK,2026/27,2026-08-01,13:45,Piast Gliwice,Wisla,4,3,H,,,,,,,,,,,,,,,,,,,,0.3923,0.2871,0.3205,0,,,,2.43,3.3,3,,,,,-0.261,-1,8,1.5,0.5583,-0.0267,-1,0,,,,,,,,,,,,,,,
spelad,EK,2026/27,2026-08-01,16:30,Wieczysta Krakow,Lech Poznan,1,2,A,,,,,,,,,,,,,,,,,,,,0.2874,0.2532,0.4593,0,,,,3.35,3.85,2.05,,,,,,1,,,,,1,0,,,,,,,,,,,,,,,
spelad,EK,2026/27,2026-08-02,19:15,GKS Katowice,Radomiak Radom,3,1,H,,,,,,,,,,,,,,,,,,,,0.4747,0.2619,0.2634,0,,,,2,3.7,3.8,,,,,-0.4231,-2,4,0.75,0.4278,-0.0227,0,0,,,,,,,,,,,,,,,
spelad,EK,2026/27,2026-08-02,13:45,Legia,Zaglebie,3,1,H,,,,,,,,,,,,,,,,,,,,0.5666,0.2506,0.1828,0,,,,1.68,3.85,5.5,,,,,0.6979,3,16,2.0625,0.6529,-0.1859,0,0,,,,,,,,,,,,,,,
spelad,EK,2026/27,2026-08-02,16:30,Slask Wroclaw,Rakow,2,1,H,,,,,,,,,,,,,,,,,,,,0.3134,0.2739,0.4127,0,,,,3,3.6,2.3,,,,,-0.5798,1,12,-1,-0.0927,0.0784,1,0,,,,,,,,,,,,,,,
spelad,EK,2026/27,2026-08-03,18:00,Cracovia,Pogon Szczecin,0,2,A,,,,,,,,,,,,,,,,,,,,0.4145,0.2895,0.2961,0,,,,2.3,3.35,3.25,,,,,-0.6386,-1,18,-0.5,-0.1464,-0.005,0,0,,,,,,,,,,,,,,,
spelad,EK,2026/27,2026-08-07,19:30,Wisla,Wisla Plock,2,1,H,,,,,,,,,,,,,,,,,,,,0.5357,0.2462,0.2181,0,,,,1.77,3.85,4.5,,,,,-0.6719,-1,10,-0.6,-0.3607,-0.068,1,0,,,,,,,,,,,,,,,
spelad,EK,2026/27,2026-08-08,19:15,Korona Kielce,Legia,1,1,D,,,,,,,,,,,,,,,,,,,,0.3096,0.2919,0.3985,0,,,,3.05,3.3,2.35,,,,,-1.3371,7,11,-1.6364,-0.2671,0.0317,0,0,,,,,,,,,,,,,,,
spelad,EK,2026/27,2026-08-08,16:30,Pogon Szczecin,Motor Lublin,3,1,H,,,,,,,,,,,,,,,,,,,,0.483,0.2592,0.2578,0,,,,1.95,3.7,3.75,,,,,0.4931,-3,4,0,-0.2982,-0.2348,0,0,,,,,,,,,,,,,,,
spelad,EK,2026/27,2026-08-08,13:45,Radomiak Radom,Gornik Zabrze,1,3,A,,,,,,,,,,,,,,,,,,,,0.3519,0.2792,0.3689,0,,,,2.65,3.4,2.55,,,,,0.0576,-7,10,-0.3,-0.0808,0.0233,0,0,,,,,,,,,,,,,,,
spelad,EK,2026/27,2026-08-09,19:15,Jagiellonia,Widzew Lodz,0,2,A,,,,,,,,,,,,,,,,,,,,0.3694,0.2899,0.3406,0,,,,2.55,3.35,2.85,,,,,0.921,0,8,1.875,0.8906,-0.1399,0,0,,,,,,,,,,,,,,,
spelad,EK,2026/27,2026-08-09,16:30,Lech Poznan,Piast Gliwice,3,0,H,,,,,,,,,,,,,,,,,,,,0.6029,0.2141,0.1829,0,,,,1.55,4.5,5.25,,,,,0.6379,0,18,0.8333,0.1886,0.01,0,0,,,,,,,,,,,,,,,
spelad,EK,2026/27,2026-08-09,13:45,Slask Wroclaw,Cracovia,0,0,D,,,,,,,,,,,,,,,,,,,,0.3871,0.2819,0.331,0,,,,2.46,3.35,2.9,,,,,0.3693,1,14,0.8571,0.4831,-0.0097,1,0,,,,,,,,,,,,,,,
spelad,EK,2026/27,2026-08-14,19:30,Legia,Radomiak Radom,5,0,H,,,,,,,,,,,,,,,,,,,,0.6229,0.2244,0.1526,0,,,,1.5,4.25,6.8,,,,,0.6604,0,10,0.3,-0.1718,-0.1588,0,0,,,,,,,,,,,,,,,
spelad,EK,2026/27,2026-08-15,16:30,Piast Gliwice,Wieczysta Krakow,3,4,A,,,,,,,,,,,,,,,,,,,,0.4226,0.2666,0.3108,0,,,,2.25,3.6,3.1,,,,,,-7,,,,,-1,0,,,,,,,,,,,,,,,
spelad,EK,2026/27,2026-08-15,19:15,Widzew Lodz,Korona Kielce,1,2,A,,,,,,,,,,,,,,,,,,,,0.4669,0.2878,0.2453,0,,,,2,3.35,4.1,,,,,0.6234,-1,8,-1.125,-0.5792,-0.1596,0,0,,,,,,,,,,,,,,,
spelad,EK,2026/27,2026-08-15,13:45,Zaglebie,Slask Wroclaw,2,1,H,,,,,,,,,,,,,,,,,,,,0.4263,0.2837,0.29,0,,,,2.2,3.4,3.5,,,,,-0.1193,7,14,0.4286,0.2402,0.0017,-1,0,,,,,,,,,,,,,,,
spelad,EK,2026/27,2026-08-16,16:30,Cracovia,Rakow,2,1,H,,,,,,,,,,,,,,,,,,,,0.3798,0.2897,0.3305,0,,,,2.48,3.3,2.88,,,,,-0.7399,-7,14,1.0714,0.8547,0.0869,0,0,,,,,,,,,,,,,,,
spelad,EK,2026/27,2026-08-16,19:15,Gornik Zabrze,Wisla,2,1,H,,,,,,,,,,,,,,,,,,,,0.4628,0.2596,0.2777,0,,,,2.08,3.75,3.6,,,,,1.2838,-1,10,-1.2,-0.7784,-0.0552,-1,0,,,,,,,,,,,,,,,
spelad,EK,2026/27,2026-08-16,13:45,Motor Lublin,GKS Katowice,1,0,H,,,,,,,,,,,,,,,,,,,,0.4143,0.2587,0.327,0,,,,2.25,3.65,3,,,,,-0.5863,-6,4,-0.75,-0.221,-0.0118,0,0,,,,,,,,,,,,,,,
spelad,EK,2026/27,2026-08-21,19:30,Cracovia,Wieczysta Krakow,3,2,H,,,,,,,,,,,,,,,,,,,,0.432,0.2805,0.2875,0,,,,2.2,3.4,3.33,,,,,,-1,,,,,-1,0,,,,,,,,,,,,,,,
spelad,EK,2026/27,2026-08-22,13:45,Korona Kielce,Motor Lublin,1,1,D,,,,,,,,,,,,,,,,,,,,0.5137,0.2519,0.2344,0,,,,1.83,3.8,4.05,,,,,0.1195,1,4,0.75,0.3692,-0.0407,0,0,,,,,,,,,,,,,,,
spelad,EK,2026/27,2026-08-22,16:30,Piast Gliwice,Legia,1,1,D,,,,,,,,,,,,,,,,,,,,0.265,0.2696,0.4654,0,,,,3.6,3.55,2.05,,,,,-1.7229,-1,17,0.7059,0.7643,-0.0997,0,0,,,,,,,,,,,,,,,
spelad,EK,2026/27,2026-08-22,19:15,Slask Wroclaw,Widzew Lodz,3,3,D,,,,,,,,,,,,,,,,,,,,0.2955,0.2784,0.4261,0,,,,3.2,3.45,2.2,,,,,-0.0895,0,6,1,0.4994,0.0477,1,0,,,,,,,,,,,,,,,
spelad,EK,2026/27,2026-08-23,16:30,GKS Katowice,Wisla Plock,5,0,H,,,,,,,,,,,,,,,,,,,,0.4877,0.2568,0.2554,0,,,,1.93,3.75,3.75,,,,,0.2855,-7,,,,,0,0,,,,,,,,,,,,,,,
spelad,EK,2026/27,2026-08-23,19:15,Pogon Szczecin,Wisla,2,2,D,,,,,,,,,,,,,,,,,,,,0.443,0.2583,0.2987,0,,,,2.15,3.75,3.25,,,,,0.9043,7,8,1.125,0.3622,-0.1471,-1,0,,,,,,,,,,,,,,,
spelad,EK,2026/27,2026-08-23,13:45,Radomiak Radom,Zaglebie,0,0,D,,,,,,,,,,,,,,,,,,,,0.3658,0.2825,0.3518,0,,,,2.6,3.35,2.75,,,,,-0.2231,1,10,-0.6,-0.1855,-0.2879,0,0,,,,,,,,,,,,,,,
spelad,EK,2026/27,2026-08-28,19:30,Legia,Slask Wroclaw,1,1,D,,,,,,,,,,,,,,,,,,,,0.6273,0.2186,0.1542,0,,,,1.52,4.4,6.66,,,,,1.1267,0,15,1.4,0.2349,0.0088,-1,0,,,,,,,,,,,,,,,
spelad,EK,2026/27,2026-08-28,17:00,Wisla Plock,Korona Kielce,0,2,A,,,,,,,,,,,,,,,,,,,,0.3749,0.2876,0.3375,0,,,,2.55,3.35,2.85,,,,,-0.3589,-1,9,1,0.47,-0.0561,0,0,,,,,,,,,,,,,,,
spelad,EK,2026/27,2026-08-29,13:45,Motor Lublin,Piast Gliwice,0,2,A,,,,,,,,,,,,,,,,,,,,0.4056,0.2634,0.3309,0,,,,2.3,3.6,2.88,,,,,0.6978,0,4,0.75,0.5277,-0.0366,0,0,,,,,,,,,,,,,,,
spelad,EK,2026/27,2026-08-29,11:15,Radomiak Radom,Cracovia,2,1,H,,,,,,,,,,,,,,,,,,,,0.3233,0.2824,0.3943,0,,,,2.94,3.4,2.42,,,,,-0.3712,-2,10,-0.3,0.0027,-0.1955,0,0,,,,,,,,,,,,,,,
spelad,EK,2026/27,2026-08-29,16:30,Wisla,Wieczysta Krakow,2,0,H,,,,,,,,,,,,,,,,,,,,0.4897,0.2449,0.2654,0,,,,1.9,3.9,3.6,,,,,,-2,,,,,0,0,,,,,,,,,,,,,,,
spelad,EK,2026/27,2026-08-29,19:15,Zaglebie,Pogon Szczecin,0,0,D,,,,,,,,,,,,,,,,,,,,0.327,0.2834,0.3896,0,,,,3,3.35,2.45,,,,,-0.1205,0,17,-0.8824,-0.1251,-0.1473,0,0,,,,,,,,,,,,,,,
spelad,EK,2026/27,2026-08-30,16:30,Gornik Zabrze,GKS Katowice,2,3,A,,,,,,,,,,,,,,,,,,,,0.5086,0.2543,0.2372,0,,,,1.85,3.8,4.1,,,,,0.6372,7,4,0,0.0287,-0.2758,0,0,,,,,,,,,,,,,,,
spelad,EK,2026/27,2026-08-30,13:45,Rakow,Jagiellonia,2,5,A,,,,,,,,,,,,,,,,,,,,0.4579,0.2647,0.2775,0,,,,2.06,3.65,3.6,,,,,-0.559,-7,14,0.6429,-0.0086,-0.0358,0,0,,,,,,,,,,,,,,,
spelad,EK,2026/27,2026-08-30,19:15,Widzew Lodz,Lech Poznan,2,3,A,,,,,,,,,,,,,,,,,,,,0.3049,0.2636,0.4315,0,,,,3.1,3.65,2.16,,,,,-0.3218,-7,8,-0.375,0.263,-0.123,0,0,,,,,,,,,,,,,,,
spelad,EK,2026/27,2026-09-03,19:30,Lech Poznan,Jagiellonia,2,1,H,,,,,,,,,,,,,,,,,,,,0.5931,0.2133,0.1936,0,,,,1.6,4.5,5,,,,,-0.5544,0,18,0.1667,-0.3766,0.1493,0,0,,,,,,,,,,,,,,,
spelad,EK,2026/27,2026-09-03,17:00,Rakow,Gornik Zabrze,1,2,A,,,,,,,,,,,,,,,,,,,,0.3519,0.2717,0.3764,0,,,,2.7,3.5,2.5,,,,,-0.775,0,15,-0.8,-0.6619,-0.0645,0,0,,,,,,,,,,,,,,,
spelad,EK,2026/27,2026-09-04,19:30,Piast Gliwice,GKS Katowice,3,0,H,,,,,,,,,,,,,,,,,,,,0.4011,0.2576,0.3413,0,,,,2.38,3.7,2.8,,,,,-0.5611,1,4,0.75,0.0251,0.4482,0,0,,,,,,,,,,,,,,,
spelad,EK,2026/27,2026-09-05,16:30,Korona Kielce,Wisla,1,1,D,,,,,,,,,,,,,,,,,,,,0.4178,0.2699,0.3123,0,,,,2.25,3.55,3.1,,,,,0.5298,1,6,-1,-0.4534,0.0541,-1,0,,,,,,,,,,,,,,,
spelad,EK,2026/27,2026-09-05,19:15,Motor Lublin,Legia,2,3,A,,,,,,,,,,,,,,,,,,,,0.2674,0.2613,0.4714,0,,,,3.5,3.65,2,,,,,-0.8974,-1,4,-1.5,-0.4337,0.2581,0,0,,,,,,,,,,,,,,,
spelad,EK,2026/27,2026-09-05,13:45,Widzew Lodz,Radomiak Radom,0,0,D,,,,,,,,,,,,,,,,,,,,0.5696,0.2357,0.1947,0,,,,1.67,4.2,5,,,,,-0.1279,-1,8,-0.375,-0.1592,-0.1546,0,0,,,,,,,,,,,,,,,
spelad,EK,2026/27,2026-09-06,13:45,Cracovia,Gornik Zabrze,0,1,A,,,,,,,,,,,,,,,,,,,,0.3659,0.2781,0.356,0,,,,2.58,3.4,2.75,,,,,-0.8114,5,16,0.9375,0.4933,-0.1015,0,0,,,,,,,,,,,,,,,
spelad,EK,2026/27,2026-09-06,19:15,Jagiellonia,Slask Wroclaw,2,1,H,,,,,,,,,,,,,,,,,,,,0.5582,0.2289,0.2129,0,,,,1.71,4.2,4.5,,,,,0.7678,-6,15,-0.4,-0.3874,0.191,-1,0,,,,,,,,,,,,,,,
spelad,EK,2026/27,2026-09-06,16:30,Lech Poznan,Rakow,1,0,H,,,,,,,,,,,,,,,,,,,,0.5975,0.2151,0.1873,0,,,,1.58,4.5,5.25,,,,,1.1679,0,14,0,-0.0155,0.0066,0,0,,,,,,,,,,,,,,,
spelad,EK,2026/27,2026-09-07,19:30,Pogon Szczecin,Wisla Plock,1,1,D,,,,,,,,,,,,,,,,,,,,0.4236,0.2715,0.305,0,,,,2.25,3.55,3.2,,,,,0.5634,-1,12,0.5,-0.0161,-0.1014,0,0,,,,,,,,,,,,,,,
spelad,EK,2026/27,2026-09-07,17:00,Wieczysta Krakow,Zaglebie,1,1,D,,,,,,,,,,,,,,,,,,,,0.484,0.2577,0.2584,0,,,,1.95,3.75,3.75,,,,,-0.7817,0,,,,,1,0,,,,,,,,,,,,,,,
spelad,EK,2026/27,2026-09-11,17:00,Rakow,Motor Lublin,2,1,H,,,,,,,,,,,,,,,,,,,,0.4868,0.248,0.2652,0,,,,1.93,3.85,3.7,,,,,-0.2768,-1,4,1.5,0.0865,0.2661,0,0,,,,,,,,,,,,,,,
spelad,EK,2026/27,2026-09-11,19:30,Wisla,Jagiellonia,2,0,H,,,,,,,,,,,,,,,,,,,,0.426,0.2503,0.3237,0,,,,2.2,3.85,2.92,,,,,-0.5878,1,7,0,-0.0252,0.1582,1,0,,,,,,,,,,,,,,,
spelad,EK,2026/27,2026-09-12,16:30,Gornik Zabrze,Lech Poznan,2,1,H,,,,,,,,,,,,,,,,,,,,0.3312,0.2642,0.4045,0,,,,2.88,3.65,2.35,,,,,0.382,0,16,-0.9375,-0.1244,0.0575,0,0,,,,,,,,,,,,,,,
spelad,EK,2026/27,2026-09-12,13:45,Slask Wroclaw,Korona Kielce,1,2,A,,,,,,,,,,,,,,,,,,,,0.3312,0.2849,0.3839,0,,,,2.9,3.35,2.46,,,,,-0.5823,-1,10,-0.9,-0.7721,0.2141,1,0,,,,,,,,,,,,,,,
spelad,EK,2026/27,2026-09-12,19:15,Zaglebie,GKS Katowice,2,1,H,,,,,,,,,,,,,,,,,,,,0.3493,0.2756,0.3751,0,,,,2.7,3.45,2.56,,,,,-0.0764,-3,4,-0.75,-0.3122,-0.0293,0,0,,,,,,,,,,,,,,,
spelad,EK,2026/27,2026-09-13,16:30,Legia,Widzew Lodz,1,1,D,,,,,,,,,,,,,,,,,,,,0.478,0.2773,0.2447,0,,,,1.97,3.45,4,,,,,0.7522,0,8,1.5,0.3342,-0.0068,0,0,,,,,,,,,,,,,,,
spelad,EK,2026/27,2026-09-13,13:45,Pogon Szczecin,Wieczysta Krakow,2,0,H,,,,,,,,,,,,,,,,,,,,0.4205,0.2568,0.3228,0,,,,2.25,3.75,3,,,,,0.765,0,,,,,-1,0,,,,,,,,,,,,,,,
spelad,EK,2026/27,2026-09-13,11:15,Wisla Plock,Cracovia,3,1,H,,,,,,,,,,,,,,,,,,,,0.343,0.2818,0.3753,0,,,,2.75,3.45,2.5,,,,,-0.0073,-1,12,-0.25,0.0498,-0.0385,0,0,,,,,,,,,,,,,,,
spelad,EK,2026/27,2026-09-14,18:00,Radomiak Radom,Piast Gliwice,0,2,A,,,,,,,,,,,,,,,,,,,,0.3869,0.2658,0.3473,0,,,,2.45,3.55,2.75,,,,,-0.0614,-1,10,0.3,0.1287,0.1889,0,0,,,,,,,,,,,,,,,
spelad,EK,2026/27,2026-09-15,19:30,Korona Kielce,Gornik Zabrze,0,2,A,,,,,,,,,,,,,,,,,,,,0.3507,0.2862,0.3631,0,,,,2.66,3.4,2.6,,,,,-0.699,0,13,-1.6154,-0.7333,0.0318,0,0,,,,,,,,,,,,,,,
spelad,EK,2026/27,2026-09-15,17:00,Rakow,Zaglebie,2,3,A,,,,,,,,,,,,,,,,,,,,0.5324,0.2509,0.2167,0,,,,1.8,3.9,4.5,,,,,-1.1543,1,15,0.8,-0.0427,-0.0457,0,0,,,,,,,,,,,,,,,
spelad,EK,2026/27,2026-09-18,17:30,Widzew Lodz,Wieczysta Krakow,2,2,D,,,,,,,,,,,,,,,,,,,,0.4583,0.2597,0.282,0,,,,2.05,3.65,3.4,,,,,0.1687,0,,,,,-1,0,,,,,,,,,,,,,,,
spelad,EK,2026/27,2026-09-18,19:30,Wisla,Slask Wroclaw,2,1,H,,,,,,,,,,,,,,,,,,,,0.6063,0.219,0.1747,0,,,,1.55,4.33,5.5,,,,,0.6564,1,8,-1.125,-0.5213,0.1039,0,0,,,,,,,,,,,,,,,
spelad,EK,2026/27,2026-09-19,16:30,GKS Katowice,Cracovia,3,2,H,,,,,,,,,,,,,,,,,,,,0.4165,0.2664,0.3171,0,,,,2.3,3.6,3,,,,,0.2583,1,4,0,0.2169,-0.2792,0,0,,,,,,,,,,,,,,,
spelad,EK,2026/27,2026-09-19,13:45,Korona Kielce,Rakow,3,2,H,,,,,,,,,,,,,,,,,,,,0.4256,0.2683,0.306,0,,,,2.25,3.55,3.1,,,,,1.292,0,11,-0.8182,0.117,-0.0678,0,0,,,,,,,,,,,,,,,
spelad,EK,2026/27,2026-09-19,19:15,Motor Lublin,Gornik Zabrze,0,0,D,,,,,,,,,,,,,,,,,,,,0.3024,0.2735,0.4242,0,,,,3.1,3.5,2.25,,,,,-1.6522,4,4,0.75,0.648,-0.0091,0,0,,,,,,,,,,,,,,,
spelad,EK,2026/27,2026-09-20,16:30,Jagiellonia,Legia,1,3,A,,,,,,,,,,,,,,,,,,,,0.3574,0.2676,0.375,0,,,,2.65,3.6,2.54,,,,,0.1729,2,18,-0.1667,0.1315,0.2414,0,0,,,,,,,,,,,,,,,
spelad,EK,2026/27,2026-09-20,19:15,Lech Poznan,Radomiak Radom,5,1,H,,,,,,,,,,,,,,,,,,,,0.6977,0.1725,0.1298,0,,,,1.34,5.75,8,,,,,0.428,2,10,1.2,0.0763,0.1431,0,0,,,,,,,,,,,,,,,
spelad,EK,2026/27,2026-09-20,11:15,Piast Gliwice,Pogon Szczecin,1,2,A,,,,,,,,,,,,,,,,,,,,0.4052,0.2654,0.3294,0,,,,2.3,3.5,2.85,,,,,0.1906,-1,17,-0.8824,-0.421,0.0658,0,0,,,,,,,,,,,,,,,
spelad,EK,2026/27,2026-09-20,13:45,Zaglebie,Wisla Plock,0,2,A,,,,,,,,,,,,,,,,,,,,0.3804,0.2838,0.3358,0,,,,2.46,3.35,2.85,,,,,0.6018,-2,13,-0.2308,-0.1417,-0.1251,0,0,,,,,,,,,,,,,,,
kommande,EK,2026/27,2026-10-09,2026-10-09T18:30:00Z,Rakow,GKS Katowice,,,,,,,,,,,,,,,,,,,,,,,,,,,,,,,,,,,,,-1.1739,0,4,1.5,0.3273,-0.246,,,,,,,2026-10-04T09:27:32.472Z,0.4368,0.2485,0.3147,2026-10-04T09:45:17.599Z,0.4368,0.2485,0.3147,2.18,3.95,3.25
kommande,EK,2026/27,2026-10-09,2026-10-09T16:00:00Z,Wieczysta Krakow,Wisla Plock,,,,,,,,,,,,,,,,,,,,,,,,,,,,,,,,,,,,,-0.8314,2,,,,,,,,,,,,,,,,,,,,,
kommande,EK,2026/27,2026-10-10,2026-10-10T12:45:00Z,Cracovia,Zaglebie,,,,,,,,,,,,,,,,,,,,,,,,,,,,,,,,,,,,,-0.8292,1,16,0.9375,0.3254,0.1514,,,,,,,,,,,,,,,,,
kommande,EK,2026/27,2026-10-10,2026-10-10T18:15:00Z,Jagiellonia,Gornik Zabrze,,,,,,,,,,,,,,,,,,,,,,,,,,,,,,,,,,,,,-0.7655,-1,15,0,0.0183,-0.067,,,,,,,2026-10-04T09:27:32.472Z,0.3729,0.2721,0.355,2026-10-04T09:45:17.599Z,0.3729,0.2721,0.355,2.55,3.6,2.75
kommande,EK,2026/27,2026-10-10,2026-10-10T15:30:00Z,Slask Wroclaw,Lech Poznan,,,,,,,,,,,,,,,,,,,,,,,,,,,,,,,,,,,,,-0.8207,2,14,0,0.4223,0.0229,,,,,,,2026-10-04T09:27:32.472Z,0.1971,0.2178,0.5851,2026-10-04T09:45:17.599Z,0.1971,0.2178,0.5851,5,4.5,1.62
kommande,EK,2026/27,2026-10-11,2026-10-11T18:15:00Z,Legia,Wisla,,,,,,,,,,,,,,,,,,,,,,,,,,,,,,,,,,,,,-0.0301,-2,8,0.75,-0.1694,0.01,,,,,,,,,,,,,,,,,
kommande,EK,2026/27,2026-10-11,2026-10-11T12:45:00Z,Piast Gliwice,Widzew Lodz,,,,,,,,,,,,,,,,,,,,,,,,,,,,,,,,,,,,,0.808,-2,8,-1.5,-0.7593,-0.2951,,,,,,,2026-10-04T09:27:32.472Z,0.355,0.2683,0.3768,2026-10-04T09:45:17.599Z,0.355,0.2683,0.3768,2.7,3.6,2.53
kommande,EK,2026/27,2026-10-11,2026-10-11T15:30:00Z,Pogon Szczecin,Korona Kielce,,,,,,,,,,,,,,,,,,,,,,,,,,,,,,,,,,,,,-0.0491,-1,11,0.8182,0.0772,0.0979,,,,,,,2026-10-04T09:27:32.472Z,0.4268,0.2791,0.2941,2026-10-04T09:45:17.599Z,0.4268,0.2791,0.2941,2.29,3.5,3.39
kommande,EK,2026/27,2026-10-12,2026-10-12T18:30:00Z,GKS Katowice,Wieczysta Krakow,,,,,,,,,,,,,,,,,,,,,,,,,,,,,,,,,,,,,0.7399,-1,,,,,,,,,,,,,,,,,,,,,
kommande,EK,2026/27,2026-10-12,2026-10-12T16:00:00Z,Radomiak Radom,Motor Lublin,,,,,,,,,,,,,,,,,,,,,,,,,,,,,,,,,,,,,0.1299,-1,4,-1.5,-0.8922,0.2333,,,,,,,2026-10-04T09:27:32.472Z,0.3902,0.274,0.3358,2026-10-04T09:45:17.599Z,0.3902,0.274,0.3358,2.58,3.72,2.85
kommande,EK,2026/27,2026-10-16,2026-10-16T18:30:00Z,Widzew Lodz,Wisla,,,,,,,,,,,,,,,,,,,,,,,,,,,,,,,,,,,,,-0.745,0,,,,,,,,,,,,,,,,,,,,,
kommande,EK,2026/27,2026-10-16,2026-10-16T16:00:00Z,Wieczysta Krakow,Rakow,,,,,,,,,,,,,,,,,,,,,,,,,,,,,,,,,,,,,0.434,1,,,,,,,,,,,,,,,,,,,,,
kommande,EK,2026/27,2026-10-17,2026-10-17T18:15:00Z,Cracovia,Legia,,,,,,,,,,,,,,,,,,,,,,,,,,,,,,,,,,,,,-0.7755,1,17,-0.5294,0.2358,-0.143,,,,,,,,,,,,,,,,,
kommande,EK,2026/27,2026-10-17,2026-10-17T15:30:00Z,GKS Katowice,Pogon Szczecin,,,,,,,,,,,,,,,,,,,,,,,,,,,,,,,,,,,,,-0.2892,1,4,0.75,0.6143,0,,,,,,,,,,,,,,,,,
kommande,EK,2026/27,2026-10-17,2026-10-17T12:45:00Z,Motor Lublin,Slask Wroclaw,,,,,,,,,,,,,,,,,,,,,,,,,,,,,,,,,,,,,-0.2503,-1,,,,,,,,,,,,,,,,,,,,,
kommande,EK,2026/27,2026-10-18,2026-10-18T10:15:00Z,Gornik Zabrze,Piast Gliwice,,,,,,,,,,,,,,,,,,,,,,,,,,,,,,,,,,,,,0.574,1,15,-0.4,-0.1001,0.0376,,,,,,,,,,,,,,,,,
kommande,EK,2026/27,2026-10-18,2026-10-18T15:30:00Z,Lech Poznan,Korona Kielce,,,,,,,,,,,,,,,,,,,,,,,,,,,,,,,,,,,,,0.025,-1,12,1.75,0.4675,-0.0046,,,,,,,,,,,,,,,,,
kommande,EK,2026/27,2026-10-18,2026-10-18T12:45:00Z,Zaglebie,Jagiellonia,,,,,,,,,,,,,,,,,,,,,,,,,,,,,,,,,,,,,0.1523,0,16,0,0.1056,-0.0105,,,,,,,,,,,,,,,,,
kommande,EK,2026/27,2026-10-19,2026-10-19T17:00:00Z,Wisla Plock,Radomiak Radom,,,,,,,,,,,,,,,,,,,,,,,,,,,,,,,,,,,,,0.6693,0,6,-0.5,-0.2334,0.21,,,,,,,,,,,,,,,,,
kommande,EK,2026/27,2026-10-23,2026-10-23T16:00:00Z,Motor Lublin,Zaglebie,,,,,,,,,,,,,,,,,,,,,,,,,,,,,,,,,,,,,-0.8628,,4,2.25,1.0814,-0.0117,,,,,,,,,,,,,,,,,
kommande,EK,2026/27,2026-10-23,2026-10-23T18:30:00Z,Widzew Lodz,Gornik Zabrze,,,,,,,,,,,,,,,,,,,,,,,,,,,,,,,,,,,,,-1.382,,8,-1.125,-0.5315,0.0937,,,,,,,,,,,,,,,,,
kommande,EK,2026/27,2026-10-24,2026-10-24T12:45:00Z,Korona Kielce,GKS Katowice,,,,,,,,,,,,,,,,,,,,,,,,,,,,,,,,,,,,,0.3383,,4,0.75,0.3602,-0.0299,,,,,,,,,,,,,,,,,
kommande,EK,2026/27,2026-10-24,2026-10-24T10:15:00Z,Piast Gliwice,Cracovia,,,,,,,,,,,,,,,,,,,,,,,,,,,,,,,,,,,,,0.8685,,17,0.5294,0.1592,0.045,,,,,,,,,,,,,,,,,
kommande,EK,2026/27,2026-10-24,2026-10-24T15:30:00Z,Pogon Szczecin,Radomiak Radom,,,,,,,,,,,,,,,,,,,,,,,,,,,,,,,,,,,,,0.867,,10,0,-0.2482,-0.0699,,,,,,,,,,,,,,,,,
kommande,EK,2026/27,2026-10-24,2026-10-24T18:15:00Z,Wisla,Rakow,,,,,,,,,,,,,,,,,,,,,,,,,,,,,,,,,,,,,1.3053,,7,-1.7143,-0.4187,-0.1192,,,,,,,,,,,,,,,,,
kommande,EK,2026/27,2026-10-25,2026-10-25T13:45:00Z,Jagiellonia,Wisla Plock,,,,,,,,,,,,,,,,,,,,,,,,,,,,,,,,,,,,,-0.0886,,11,0,-0.15,0.0002,,,,,,,,,,,,,,,,,
kommande,EK,2026/27,2026-10-25,2026-10-25T16:30:00Z,Legia,Lech Poznan,,,,,,,,,,,,,,,,,,,,,,,,,,,,,,,,,,,,,-0.2619,,17,-0.5294,-0.3077,0.0821,,,,,,,,,,,,,,,,,
kommande,EK,2026/27,2026-10-25,2026-10-25T11:15:00Z,Slask Wroclaw,Wieczysta Krakow,,,,,,,,,,,,,,,,,,,,,,,,,,,,,,,,,,,,,0.2825,,,,,,,,,,,,,,,,,,,,,,
