status,league,season,date,kickoff,home,away,hg,ag,res,hs,as,hst,ast,xg_h,xg_a,xg_src,referee,hc,ac,hf,af,hy,ay,hr,ar,open_h,open_d,open_a,close_h,close_d,close_a,pin_close,best_open_h,best_open_d,best_open_a,best_close_h,best_close_d,best_close_a,over25_open,over25_close,luck,gap,mres,rest,h2h_n,h2h_pts,h2h_res,h2h_draw,promo,releg,miss_h,miss_a,steam,book,pre_first_at,pre_first_h,pre_first_d,pre_first_a,pre_last_at,pre_last_h,pre_last_d,pre_last_a,pre_best_h,pre_best_d,pre_best_a
spelad,GR,2017/18,2017-08-19,,Asteras Tripolis,Giannina,1,2,A,14,9,9,4,2.27,1.1733,skott,,,,,,,,,,0.544,0.2766,0.1793,0.513,0.2809,0.2061,1,1.81,3.75,5.5,,,,0.4167,,,,,,,,,,0,0,,,-0.0887,,,,,,,,,,,,
spelad,GR,2017/18,2017-08-19,,Olympiakos,Larisa,4,1,H,16,3,10,1,2.5485,0.3377,skott,,,,,,,,,,0.8,0.1367,0.0634,0.8113,0.1295,0.0593,1,1.17,7.5,17.5,,,,0.6173,,,,,,,,,,0,0,,,0.0267,,,,,,,,,,,,
spelad,GR,2017/18,2017-08-19,,Xanthi,Lamia,0,0,D,8,4,4,1,1.1141,0.3969,skott,,,,,,,,,,0.5982,0.277,0.1248,0.5541,0.2876,0.1583,1,1.67,3.52,7.81,,,,0.3547,,,,,,,,,,0,0,,,-0.1217,,,,,,,,,,,,
spelad,GR,2017/18,2017-08-20,,AEK,Panetolikos,2,0,H,11,10,5,4,1.4518,1.2325,skott,,,,,,,,,,0.7345,0.1954,0.0701,0.7409,0.1852,0.0739,1,1.36,5,13.94,,,,0.4485,,,,,,,,,,0,0,,,0.0088,,,,,,,,,,,,
spelad,GR,2017/18,2017-08-20,,Kerkyra,Panionios,0,1,A,4,10,1,4,0.3969,1.2325,skott,,,,,,,,,,0.2381,0.318,0.4438,0.2471,0.3286,0.4243,1,4.1,3.1,2.33,,,,0.3514,,,,,,,,,,0,0,,,0.0374,,,,,,,,,,,,
spelad,GR,2017/18,2017-08-20,,Levadeiakos,PAOK,0,0,D,8,17,1,6,0.6337,1.9671,skott,,,,,,,,,,0.1214,0.2315,0.6471,0.144,0.2295,0.6266,1,8.05,4.33,1.53,,,,0.4947,,,,,,,,,,0,0,,,0.0657,,,,,,,,,,,,
spelad,GR,2017/18,2017-08-20,,Platanias,Panathinaikos,1,1,D,7,5,6,2,1.3752,0.6163,skott,,,,,,,,,,0.2104,0.3025,0.4871,0.1976,0.2914,0.511,1,4.63,3.3,2.05,,,,0.3691,,,,,,,,,,0,0,,,-0.0496,,,,,,,,,,,,
spelad,GR,2017/18,2017-08-21,,Atromitos,Apollon,1,1,D,19,6,7,4,2.2457,0.9957,skott,,,,,,,,,,0.5393,0.2854,0.1753,0.4648,0.2989,0.2363,1,1.81,3.42,5.57,,,,0.3858,,,,,,,,,,0,0,,,-0.2102,,,,,,,,,,,,
spelad,GR,2017/18,2017-08-26,,Lamia,Olympiakos,0,1,A,11,7,3,3,1.1316,0.8948,skott,,,,,,,,,,0.0627,0.1474,0.7899,0.0414,0.1207,0.8379,1,19,7.6,1.2,,,,0.5413,,,,,0,,,,,0,0,,,-0.0907,,,,,,,,,,,,
spelad,GR,2017/18,2017-08-26,,Panetolikos,Atromitos,2,2,D,7,5,6,2,1.3752,0.6163,skott,,,,,,,,,,0.3871,0.3146,0.2983,0.4373,0.3208,0.242,1,2.52,3.15,3.27,,,,0.37,,,,,1,,,,,0,0,,,0.1567,,,,,,,,,,,,
spelad,GR,2017/18,2017-08-26,,Platanias,Xanthi,0,2,A,13,6,8,4,2.0506,0.9957,skott,,,,,,,,,,0.3964,0.325,0.2786,0.4577,0.3124,0.2299,1,2.46,3,3.6,,,,0.3438,,,,,-1,,,,,0,0,,,0.1712,,,,,,,,,,,,
spelad,GR,2017/18,2017-08-27,,Giannina,AEK,0,0,D,9,5,5,3,1.3334,0.7764,skott,,,,,,,,,,0.2306,0.2912,0.4782,0.2061,0.2809,0.513,1,4.23,3.4,2.04,,,,0.4278,,,,,1,,,,,0,0,,,-0.0839,,,,,,,,,,,,
spelad,GR,2017/18,2017-08-27,,Panathinaikos,Levadeiakos,0,0,D,11,13,6,5,1.612,1.5702,skott,,,,,,,,,,0.815,0.1349,0.0502,0.7986,0.1487,0.0527,1,1.2,7.35,25.7,,,,0.5253,,,,,0,,,,,0,0,,,-0.0352,,,,,,,,,,,,
spelad,GR,2017/18,2017-08-27,,Panionios,Apollon,2,0,H,10,5,8,2,1.8731,0.6163,skott,,,,,,,,,,0.5905,0.2776,0.1319,0.5855,0.2622,0.1523,1,1.73,3.6,7.39,,,,0.3657,,,,,1,,,,,0,0,,,-0.0305,,,,,,,,,,,,
spelad,GR,2017/18,2017-08-27,,PAOK,Kerkyra,3,1,H,24,5,12,3,3.3423,0.7764,skott,,,,,,,,,,0.8623,0.0988,0.0389,,,,0,1.1,10.5,34,,,,0.737,,,,,0,,,,,0,0,,,,,,,,,,,,,,,
spelad,GR,2017/18,2017-08-28,,Larisa,Asteras Tripolis,1,1,D,9,9,3,5,1.0132,1.3334,skott,,,,,,,,,,0.3327,0.3228,0.3445,0.3173,0.2899,0.3928,1,2.93,3.2,2.83,,,,0.3639,,,,,0,,,,,0,0,,,-0.0791,,,,,,,,,,,,
spelad,GR,2017/18,2017-09-09,,Asteras Tripolis,Lamia,1,3,A,18,6,9,5,2.5068,1.1559,skott,,,,,,,,,,0.6136,0.2637,0.1227,0.5581,0.2831,0.1588,1,1.64,3.7,8.5,,,,0.3479,,,,,-2,,,,,0,0,,,-0.1471,,,,,,,,,,,,
spelad,GR,2017/18,2017-09-09,,Atromitos,Giannina,0,0,D,18,8,8,3,2.3466,0.954,skott,,,,,,,,,,0.4628,0.31,0.2271,0.4973,0.2945,0.2083,1,2.14,3.15,4.3,,,,0.3529,,,,,1,,,,,0,0,,,0.0877,,,,,,,,,,,,
spelad,GR,2017/18,2017-09-09,,Xanthi,Olympiakos,1,1,D,13,10,6,3,1.7304,1.0724,skott,,,,,,,,,,0.1059,0.2302,0.664,0.1436,0.246,0.6104,1,9.22,4.25,1.47,,,,0.3985,,,,,0,,,,,0,0,,,0.1291,,,,,,,,,,,,
spelad,GR,2017/18,2017-09-10,,AEK,Larisa,4,0,H,20,1,11,0,2.9454,0.0592,skott,,,,,,,,,,0.786,0.1511,0.0629,0.8238,0.1289,0.0473,1,1.25,6.8,17,,,,0.5266,,,,,1,,,,,0,0,,,0.0912,,,,,,,,,,,,
spelad,GR,2017/18,2017-09-10,,Kerkyra,Panathinaikos,1,0,H,4,7,2,2,0.5571,0.7346,skott,,,,,,,,,,0.1315,0.2479,0.6206,0.169,0.276,0.555,1,7.41,3.93,1.63,,,,0.3974,,,,,0,,,,,0,0,,,0.1406,,,,,,,,,,,,
spelad,GR,2017/18,2017-09-10,,Levadeiakos,Platanias,1,1,D,15,7,5,4,1.6886,1.0549,skott,,,,,,,,,,0.4309,0.3141,0.2549,0.4714,0.3118,0.2168,1,2.38,3.1,3.82,,,,0.3341,,,,,-1,,,,,0,0,,,0.1191,,,,,,,,,,,,
spelad,GR,2017/18,2017-09-10,,Panionios,Panetolikos,1,1,D,4,6,3,1,0.7172,0.5153,skott,,,,,,,,,,0.5703,0.2778,0.1519,0.5186,0.2868,0.1946,1,1.75,3.51,7,,,,0.3605,,,,,-1,,,,,0,0,,,-0.146,,,,,,,,,,,,
spelad,GR,2017/18,2017-09-11,,Apollon,PAOK,0,0,D,12,13,7,6,1.8313,1.7304,skott,,,,,,,,,,0.0961,0.2121,0.6918,0.1474,0.2416,0.6109,1,10.15,4.6,1.45,,,,0.4327,,,,,0,,,,,0,0,,,0.1835,,,,,,,,,,,,
spelad,GR,2017/18,2017-09-16,,Levadeiakos,Xanthi,1,0,H,10,10,4,5,1.2325,1.3926,skott,,,,,,,,,,0.3827,0.3189,0.2984,0.3472,0.322,0.3308,1,2.55,3.06,3.4,,,,0.3381,,,,,-1,,,,,0,0,,,-0.1032,,,,,,,,,,,,
spelad,GR,2017/18,2017-09-16,,Olympiakos,Asteras Tripolis,1,1,D,12,8,3,6,1.1907,1.4344,skott,,,,,,,,,,0.7793,0.151,0.0696,0.798,0.1371,0.0649,1,1.25,6.5,15,,,,0.5933,,,,,0,,,,,0,0,,,0.042,,,,,,,,,,,,
spelad,GR,2017/18,2017-09-16,,PAOK,Panetolikos,1,0,H,11,5,8,1,1.9323,0.4561,skott,,,,,,,,,,0.8252,0.1316,0.0432,0.794,0.1469,0.0592,1,1.19,7.55,22.52,,,,0.5582,,,,,-1,,,,,0,0,,,-0.0784,,,,,,,,,,,,
spelad,GR,2017/18,2017-09-17,,Lamia,AEK,0,1,A,5,19,2,12,0.6163,3.0464,skott,,,,,,,,,,0.0629,0.21,0.7271,0.0528,0.1924,0.7548,1,15.5,5,1.36,,,,0.3753,,,,,1,,,,,0,0,,,-0.0478,,,,,,,,,,,,
spelad,GR,2017/18,2017-09-17,,Larisa,Atromitos,0,0,D,6,7,2,5,0.6754,1.2151,skott,,,,,,,,,,0.3168,0.3021,0.3811,0.3339,0.3115,0.3546,1,3.08,3.23,2.7,,,,0.3858,,,,,-1,,,,,0,0,,,0.0608,,,,,,,,,,,,
spelad,GR,2017/18,2017-09-17,,Panathinaikos,Apollon,1,0,H,12,6,6,2,1.6712,0.6754,skott,,,,,,,,,,0.7633,0.1714,0.0653,0.6759,0.2237,0.1003,1,1.29,5.7,17,,,,0.496,,,,,1,,,,,0,0,,,-0.2099,,,,,,,,,,,,
spelad,GR,2017/18,2017-09-17,,Platanias,Kerkyra,0,0,D,10,6,4,3,1.2325,0.8356,skott,,,,,,,,,,0.5677,0.2751,0.1572,0.5394,0.2914,0.1692,1,1.72,3.55,6.25,,,,0.3648,,,,,0,,,,,0,0,,,-0.0686,,,,,,,,,,,,
spelad,GR,2017/18,2017-09-18,,Giannina,Panionios,1,1,D,14,8,4,1,1.4693,0.6337,skott,,,,,,,,,,0.3767,0.3117,0.3117,0.3755,0.3321,0.2923,1,2.61,3.13,3.2,,,,0.3623,,,,,1,,,,,0,0,,,0.0171,,,,,,,,,,,,
spelad,GR,2017/18,2017-09-23,,Apollon,Platanias,0,1,A,5,5,2,3,0.6163,0.7764,skott,,,,,,,,,,0.4207,0.3169,0.2624,0.4621,0.3197,0.2181,1,2.36,3.25,3.72,,,,0.3563,,,,,0,,,,,0,0,,,0.1271,,,,,,,,,,,,
spelad,GR,2017/18,2017-09-23,,Atromitos,Lamia,3,0,H,10,7,5,1,1.3926,0.5745,skott,,,,,,,,,,0.544,0.2907,0.1653,0.5384,0.298,0.1635,1,1.81,3.35,6,,,,0.3471,,,,,0,,,,,0,0,,,-0.0093,,,,,,,,,,,,
spelad,GR,2017/18,2017-09-23,,Panetolikos,Panathinaikos,2,0,H,9,8,5,2,1.3334,0.7938,skott,,,,,,,,,,0.2648,0.3133,0.4219,0.2727,0.3287,0.3985,1,4.4,3.3,2.31,,,,0.37,,,,,1,,,,,0,0,,,0.0392,,,,,,,,,,,,
spelad,GR,2017/18,2017-09-24,,AEK,Olympiakos,3,2,H,17,6,11,3,2.7678,0.8356,skott,,,,,,,,,,0.4132,0.3,0.2868,0.4258,0.3261,0.2481,1,2.4,3.25,3.4,,,,0.3949,,,,,-1,,,,,0,0,,,0.0639,,,,,,,,,,,,
spelad,GR,2017/18,2017-09-24,,Kerkyra,Levadeiakos,1,1,D,15,6,5,2,1.6886,0.6754,skott,,,,,,,,,,0.375,0.3165,0.3085,0.4155,0.3191,0.2654,1,2.6,3.08,3.3,,,,0.3614,,,,,-1,,,,,0,0,,,0.1243,,,,,,,,,,,,
spelad,GR,2017/18,2017-09-24,,Panionios,Larisa,4,1,H,20,6,9,2,2.6251,0.6754,skott,,,,,,,,,,0.6033,0.2606,0.1361,0.6199,0.2568,0.1233,1,1.62,4,7.5,,,,0.3995,,,,,-1,,,,,0,0,,,0.046,,,,,,,,,,,,
spelad,GR,2017/18,2017-09-24,,PAOK,Giannina,1,0,H,19,4,7,2,2.2457,0.5571,skott,,,,,,,,,,0.7496,0.1756,0.0748,0.7626,0.1677,0.0697,1,1.3,5.55,15,,,,0.5173,,,,,2,,,,,0,0,,,0.0311,,,,,,,,,,,,
spelad,GR,2017/18,2017-09-25,,Xanthi,Asteras Tripolis,0,0,D,5,5,0,1,0.296,0.4561,skott,,,,,,,,,,0.452,0.3099,0.2381,0.4206,0.322,0.2574,1,2.16,3.2,4.1,,,,0.3657,,,,,0,,,,,0,0,,,-0.0822,,,,,,,,,,,,
spelad,GR,2017/18,2017-09-30,,Larisa,PAOK,1,1,D,10,7,4,4,1.2325,1.0549,skott,,,,,,,,,,0.1123,0.2235,0.6641,0.0682,0.1797,0.7521,1,9.5,4.35,1.44,,,,0.4492,,-0.1223,-0.174,-0.1813,0,,,,,0,0,,,-0.1761,,,,,,,,,,,,
spelad,GR,2017/18,2017-09-30,,Panathinaikos,Giannina,2,0,H,6,6,2,2,0.6754,0.6754,skott,,,,,,,,,,0.5704,0.258,0.1717,0.5871,0.2641,0.1488,1,1.67,3.7,6,,,,0.4427,,-0.4362,0.9404,-1.3065,1,,,,,0,0,,,0.0563,,,,,,,,,,,,
spelad,GR,2017/18,2017-09-30,,Platanias,Panetolikos,0,3,A,11,7,6,4,1.612,1.0549,skott,,,,,,,,,,0.4518,0.3088,0.2394,0.3694,0.3351,0.2955,1,2.15,3.1,4,,,,0.3472,,-0.121,0.4672,-0.2068,0,,,,,0,0,,,-0.2208,,,,,,,,,,,,
spelad,GR,2017/18,2017-10-01,,Asteras Tripolis,AEK,2,0,H,5,8,4,3,0.9365,0.954,skott,,,,,,,,,,0.1934,0.2736,0.533,0.2017,0.2961,0.5022,1,5,3.5,1.8,,,,0.4099,,-1.6645,1.4521,-1.1567,-1,,,,,0,0,,,0.0474,,,,,,,,,,,,
spelad,GR,2017/18,2017-10-01,,Kerkyra,Xanthi,0,2,A,5,9,3,5,0.7764,1.3334,skott,,,,,,,,,,0.3335,0.3218,0.3448,0.3188,0.356,0.3252,1,2.9,2.95,2.8,,,,0.3309,,0.1708,-0.0566,0.2187,1,,,,,0,0,,,-0.0098,,,,,,,,,,,,
spelad,GR,2017/18,2017-10-01,,Levadeiakos,Apollon,2,1,H,13,5,7,2,1.8905,0.6163,skott,,,,,,,,,,0.4164,0.3184,0.2652,0.4687,0.3165,0.2147,1,2.3,3,3.7,,,,0.3357,,0.776,-0.6706,0.8938,-1,,,,,0,0,,,0.1551,,,,,,,,,,,,
spelad,GR,2017/18,2017-10-01,,Olympiakos,Atromitos,0,1,A,15,5,4,1,1.5285,0.4561,skott,,,,,,,,,,0.7147,0.1851,0.1002,0.7768,0.1589,0.0643,1,1.33,5.5,10,,,,0.5416,,0.7119,-0.8203,-0.4123,-1,,,,,0,0,,,0.1603,,,,,,,,,,,,
spelad,GR,2017/18,2017-10-02,,Lamia,Panionios,1,0,H,15,16,6,10,1.8488,2.5485,skott,,,,,,,,,,0.2841,0.3186,0.3973,0.2832,0.3282,0.3886,1,3.4,2.95,2.45,,,,0.3317,,-0.3748,0.1024,-0.2236,1,,,,,0,0,,,0.0069,,,,,,,,,,,,
spelad,GR,2017/18,2017-10-14,,Atromitos,Asteras Tripolis,1,0,H,16,3,6,1,1.9079,0.3377,skott,,,,,,,,,,0.4756,0.2982,0.2262,0.4282,0.3129,0.2589,1,2.05,3.4,4.6,,,,0.3893,,0.7657,-0.9975,0.5678,0,,,,,0,0,,,-0.1276,,,,,,,,,,,,
spelad,GR,2017/18,2017-10-14,,Giannina,Platanias,3,1,H,12,10,6,4,1.6712,1.2325,skott,,,,,,,,,,0.511,0.2958,0.1933,0.5608,0.282,0.1571,1,1.91,3.4,5.25,,,,0.3719,,0.502,-1.1799,0.4325,0,,,,,0,0,,,0.1358,,,,,,,,,,,,
spelad,GR,2017/18,2017-10-14,,Panionios,Olympiakos,3,4,A,12,17,7,11,1.8313,2.7678,skott,,,,,,,,,,0.1301,0.2363,0.6336,0.1698,0.259,0.5711,1,7.5,4.4,1.6,,,,0.4524,,0.1251,0.1493,1.0139,-1,,,,,0,0,,,0.142,,,,,,,,,,,,
spelad,GR,2017/18,2017-10-15,,Apollon,Kerkyra,0,0,D,10,7,3,3,1.0724,0.8948,skott,,,,,,,,,,0.4825,0.3056,0.2119,0.5277,0.2958,0.1765,1,2.05,3.25,4.6,,,,0.3529,,-0.3216,-0.0527,-0.4762,0,,,,,0,0,,,0.1256,,,,,,,,,,,,
spelad,GR,2017/18,2017-10-15,,Panetolikos,Levadeiakos,0,1,A,24,4,11,2,3.1822,0.5571,skott,,,,,,,,,,0.5083,0.304,0.1877,0.5639,0.2733,0.1629,1,1.95,3.38,5.2,,,,0.3709,,-0.2639,-0.0859,-0.1179,1,,,,,0,0,,,0.136,,,,,,,,,,,,
spelad,GR,2017/18,2017-10-15,,PAOK,Lamia,4,0,H,13,4,5,1,1.5702,0.3969,skott,,,,,,,,,,0.8354,0.1157,0.0489,0.8048,0.1362,0.059,1,1.18,8.45,23,,,,0.5833,,-0.3994,1.0942,-0.8675,2,,,,,0,0,,,-0.0715,,,,,,,,,,,,
spelad,GR,2017/18,2017-10-15,,Xanthi,AEK,1,1,D,5,15,2,5,0.6163,1.6886,skott,,,,,,,,,,0.2121,0.3002,0.4878,0.1601,0.2859,0.554,1,4.6,3.42,2,,,,0.3666,,-0.1687,-0.5085,0.1388,0,,,,,0,0,,,-0.1702,,,,,,,,,,,,
spelad,GR,2017/18,2017-10-16,,Panathinaikos,Larisa,2,1,H,17,6,9,2,2.4476,0.6754,skott,,,,,,,,,,0.7695,0.173,0.0575,0.712,0.2038,0.0842,1,1.3,5.65,19,,,,0.4354,,0.1978,-0.3924,-0.4945,0,,,,,0,0,,,-0.1419,,,,,,,,,,,,
spelad,GR,2017/18,2017-10-21,,Kerkyra,Panetolikos,1,0,H,7,8,3,5,0.8948,1.2743,skott,,,,,,,,,,0.3014,0.3288,0.3699,0.3006,0.3193,0.3801,1,3.24,3,2.85,,,,0.3333,,0.1195,-0.0238,-0.1433,0,,,,,0,0,,,-0.0118,,,,,,,,,,,,
spelad,GR,2017/18,2017-10-21,,Lamia,Panathinaikos,1,1,D,6,9,2,5,0.6754,1.3334,skott,,,,,,,,,,0.1961,0.3143,0.4896,0.3433,0.3294,0.3272,1,5,3.3,2,,,,0.3406,,0.1453,-0.2345,0.8648,1,,,,,0,0,,,0.4569,,,,,,,,,,,,
spelad,GR,2017/18,2017-10-21,,Levadeiakos,Giannina,1,1,D,14,10,5,6,1.6294,1.5528,skott,,,,,,,,,,0.3669,0.3253,0.3078,0.3345,0.3333,0.3322,1,2.7,3.1,3.17,,,,0.3571,,0.6304,-0.5599,0.5101,-1,,,,,0,0,,,-0.0892,,,,,,,,,,,,
spelad,GR,2017/18,2017-10-22,,Apollon,Xanthi,2,0,H,8,7,7,5,1.5945,1.2151,skott,,,,,,,,,,0.3352,0.3352,0.3296,0.3551,0.3426,0.3023,1,3,3,2.96,,,,0.3294,,-0.584,0.5052,-0.8367,0,,,,,0,0,,,0.067,,,,,,,,,,,,
spelad,GR,2017/18,2017-10-22,,Asteras Tripolis,Panionios,0,1,A,13,9,7,4,1.8905,1.1733,skott,,,,,,,,,,0.4476,0.3127,0.2397,0.4388,0.3247,0.2365,1,2.25,3.2,4.07,,,,0.3788,,-0.5352,0.6303,-0.3731,0,,,,,0,0,,,-0.0142,,,,,,,,,,,,
spelad,GR,2017/18,2017-10-22,,Olympiakos,PAOK,1,0,H,5,10,2,2,0.6163,0.9122,skott,,,,,,,,,,0.4805,0.2827,0.2368,0.4665,0.291,0.2425,1,2.03,3.5,4.3,,,,0.4178,,0.0137,-0.2586,-0.3569,1,,,,,0,0,,,-0.0338,,,,,,,,,,,,
spelad,GR,2017/18,2017-10-22,,Platanias,Larisa,0,1,A,11,5,5,4,1.4518,0.9365,skott,,,,,,,,,,0.5517,0.2743,0.1741,0.5904,0.264,0.1456,1,1.8,3.56,5.61,,,,0.3939,,-0.4758,0.9081,-0.1445,2,,,,,0,0,,,0.1059,,,,,,,,,,,,
spelad,GR,2017/18,2017-10-23,,AEK,Atromitos,0,1,A,21,9,10,5,2.8445,1.3334,skott,,,,,,,,,,0.6917,0.2098,0.0985,0.6301,0.2414,0.1285,1,1.44,4.65,10.02,,,,0.4483,,-0.1399,0.4659,-0.5536,-1,,,,,0,0,,,-0.1533,,,,,,,,,,,,
spelad,GR,2017/18,2017-10-28,,Giannina,Kerkyra,2,1,H,12,5,6,1,1.6712,0.4561,skott,,,,,,,,,,0.6139,0.2682,0.1179,0.624,0.2562,0.1199,1,1.64,3.64,8.28,,,,0.3438,,-0.052,-0.1683,0.0292,0,,,,,0,0,,,0.0181,,,,,,,,,,,,
spelad,GR,2017/18,2017-10-28,,Larisa,Levadeiakos,1,0,H,16,10,4,3,1.5877,1.0724,skott,,,,,,,,,,0.3886,0.3375,0.274,0.424,0.334,0.242,1,2.75,2.95,3.56,,,,0.3479,,-0.5094,0.7716,-0.5384,-1,,,,,0,0,,,0.1029,,,,,,,,,,,,
spelad,GR,2017/18,2017-10-28,,Panathinaikos,Olympiakos,1,0,H,12,8,5,4,1.511,1.1141,skott,,,,,,,,,,0.2673,0.3068,0.426,0.2992,0.3058,0.395,1,3.65,3.2,2.4,,,,0.3939,,-0.3476,0.5617,-0.0917,1,,,,,0,0,,,0.095,,,,,,,,,,,,
spelad,GR,2017/18,2017-10-29,,Lamia,Platanias,2,0,H,12,8,6,5,1.6712,1.2743,skott,,,,,,,,,,0.3966,0.3285,0.2748,0.4355,0.3387,0.2258,1,2.46,3.1,3.55,,,,0.3333,,1.0472,-1.3727,0.8613,1,,,,,0,0,,,0.1267,,,,,,,,,,,,
spelad,GR,2017/18,2017-10-29,,Panetolikos,Apollon,1,1,D,13,3,8,2,2.0506,0.4979,skott,,,,,,,,,,0.6063,0.2711,0.1226,0.5957,0.2633,0.141,1,1.67,3.6,7.96,,,,0.3547,,-0.2045,0.391,0.2327,1,,,,,0,0,,,-0.0395,,,,,,,,,,,,
spelad,GR,2017/18,2017-10-29,,Panionios,AEK,0,1,A,5,14,1,9,0.4561,2.27,skott,,,,,,,,,,0.253,0.3032,0.4438,0.2296,0.3058,0.4646,1,3.86,3.22,2.2,,,,0.3903,,0.4404,-0.8822,0.5857,1,,,,,0,0,,,-0.0676,,,,,,,,,,,,
spelad,GR,2017/18,2017-10-29,,Xanthi,Atromitos,0,2,A,10,9,7,3,1.7129,1.0132,skott,,,,,,,,,,0.403,0.3306,0.2664,0.3982,0.3471,0.2547,1,2.45,3.1,3.66,,,,0.3365,,-0.4978,0.2747,-0.6854,1,,,,,0,0,,,0.0021,,,,,,,,,,,,
spelad,GR,2017/18,2017-10-30,,PAOK,Asteras Tripolis,2,0,H,16,4,8,1,2.2282,0.3969,skott,,,,,,,,,,0.7114,0.1985,0.0901,0.7271,0.1943,0.0787,1,1.37,5.25,12,,,,0.488,,0.6473,-0.5058,0.1807,0,,,,,0,0,,,0.0427,,,,,,,,,,,,
spelad,GR,2017/18,2017-11-04,,Asteras Tripolis,Panathinaikos,1,0,H,9,4,5,2,1.3334,0.5571,skott,,,,,,,,,,0.3075,0.3315,0.361,0.3023,0.3321,0.3657,1,3.25,3.05,2.7,,,,0.3479,,-0.6743,0.2338,-0.2216,-2,,,,,0,0,,,-0.0151,,,,,,,,,,,,
spelad,GR,2017/18,2017-11-04,,Atromitos,Panionios,0,0,D,13,8,7,3,1.8905,0.954,skott,,,,,,,,,,0.4296,0.3229,0.2475,0.4031,0.334,0.2629,1,2.27,3.2,3.94,,,,0.3413,,0.8249,-0.5658,1.0837,0,,,,,0,0,,,-0.0685,,,,,,,,,,,,
spelad,GR,2017/18,2017-11-04,,Panetolikos,Xanthi,1,3,A,11,6,7,5,1.7721,1.1559,skott,,,,,,,,,,0.4415,0.3342,0.2243,0.4691,0.3263,0.2046,1,2.3,3,4.35,,,,0.3325,,-0.3144,0.1516,-0.1507,0,,,,,0,0,,,0.0749,,,,,,,,,,,,
spelad,GR,2017/18,2017-11-05,,AEK,PAOK,1,0,H,3,4,2,1,0.4979,0.3969,skott,,,,,,,,,,0.4243,0.3069,0.2688,0.454,0.3108,0.2352,1,2.32,3.18,3.63,,,,0.3939,,-0.4699,0.9192,-0.1172,1,,,,,0,0,,,0.093,,,,,,,,,,,,
spelad,GR,2017/18,2017-11-05,,Apollon,Giannina,4,3,H,10,11,6,9,1.5528,2.0924,skott,,,,,,,,,,0.3546,0.3434,0.3019,0.3599,0.341,0.2991,1,2.75,2.95,3.24,,,,0.3325,,-0.0771,-0.1838,-0.3476,-1,,,,,0,0,,,0.0132,,,,,,,,,,,,
spelad,GR,2017/18,2017-11-05,,Kerkyra,Larisa,1,1,D,11,5,3,2,1.1316,0.6163,skott,,,,,,,,,,0.4121,0.3356,0.2523,0.435,0.3384,0.2266,1,2.38,3,3.87,,,,0.3286,,-0.1454,-0.0208,-0.0922,0,,,,,0,0,,,0.0717,,,,,,,,,,,,
spelad,GR,2017/18,2017-11-05,,Olympiakos,Platanias,5,1,H,15,7,11,5,2.6495,1.2151,skott,,,,,,,,,,0.8296,0.1252,0.0451,0.8454,0.1157,0.0389,1,1.18,7.75,23.8,,,,0.5748,,0.9853,-1.4962,0.1029,1,,,,,0,0,,,0.0378,,,,,,,,,,,,
spelad,GR,2017/18,2017-11-06,,Levadeiakos,Lamia,0,0,D,11,4,7,1,1.7721,0.3969,skott,,,,,,,,,,0.4973,0.3195,0.1832,0.4132,0.3261,0.2607,1,1.96,3.1,5.32,,,,0.3398,,0.025,-0.2343,0.0308,1,,,,,0,0,,,-0.2457,,,,,,,,,,,,
spelad,GR,2017/18,2017-11-18,,Lamia,Kerkyra,1,1,D,21,9,6,4,2.2039,1.1733,skott,,,,,,,,,,0.5132,0.3066,0.1802,0.5055,0.3039,0.1906,1,2.1,3.3,5.41,,,,0.343,,0.584,-0.5917,0.2829,-1,,,,,0,0,,,-0.0256,,,,,,,,,,,,
spelad,GR,2017/18,2017-11-18,,Larisa,Apollon,1,0,H,9,7,4,4,1.1733,1.0549,skott,,,,,,,,,,0.441,0.3154,0.2436,0.4395,0.3341,0.2264,1,2.3,3.09,4,,,,0.3538,,0.1961,0.2974,0.3615,0,,,,,0,0,,,0.0143,,,,,,,,,,,,
spelad,GR,2017/18,2017-11-18,,Olympiakos,Levadeiakos,2,1,H,21,11,10,7,2.8445,1.7721,skott,,,,,,,,,,0.8285,0.1196,0.0519,0.856,0.0976,0.0465,1,1.19,9.36,28.55,,,,0.6776,,-0.2498,-0.0162,-0.9152,1,,,,,0,0,,,0.0603,,,,,,,,,,,,
spelad,GR,2017/18,2017-11-19,,Giannina,Panetolikos,1,1,D,15,6,5,2,1.6886,0.6754,skott,,,,,,,,,,0.4737,0.2957,0.2307,0.4882,0.2986,0.2132,1,2.06,3.3,4.5,,,,0.3959,,0.323,-0.3259,0.2057,-1,,,,,0,0,,,0.0466,,,,,,,,,,,,
spelad,GR,2017/18,2017-11-19,,Panathinaikos,AEK,1,1,D,5,8,2,3,0.6163,0.954,skott,,,,,,,,,,0.4263,0.3222,0.2516,0.3167,0.3387,0.3447,1,2.5,3.2,3.88,,,,0.3438,,0.2589,-0.635,-0.1388,1,,,,,0,0,,,-0.3122,,,,,,,,,,,,
spelad,GR,2017/18,2017-11-19,,Platanias,Asteras Tripolis,0,3,A,6,10,2,5,0.6754,1.3926,skott,,,,,,,,,,0.4258,0.3229,0.2513,0.3867,0.3349,0.2784,1,2.29,3.15,3.88,,,,0.3858,,-0.3083,0.8621,-0.4552,-1,,,,,0,0,,,-0.1053,,,,,,,,,,,,
spelad,GR,2017/18,2017-11-19,,Xanthi,Panionios,2,0,H,7,8,6,3,1.3752,0.954,skott,,,,,,,,,,0.3793,0.3315,0.2892,0.3932,0.3495,0.2573,1,2.68,3.05,3.37,,,,0.3294,,-0.1549,0.5294,0.1473,0,,,,,0,0,,,0.0598,,,,,,,,,,,,
spelad,GR,2017/18,2017-11-20,,PAOK,Atromitos,2,1,H,9,4,5,1,1.3334,0.3969,skott,,,,,,,,,,0.7012,0.2225,0.0762,0.655,0.2302,0.1148,1,1.42,4.38,12.79,,,,0.4078,,-0.7917,0.764,-1.2688,-1,,,,,0,0,,,-0.1311,,,,,,,,,,,,
spelad,GR,2017/18,2017-11-25,,Apollon,Lamia,1,1,D,19,4,7,3,2.2457,0.7172,skott,,,,,,,,,,0.4353,0.3251,0.2396,0.4827,0.3283,0.189,1,2.31,3,4.2,,,,0.3333,,-0.2247,-0.2946,-0.2543,0,,,,,0,0,,,0.1454,,,,,,,,,,,,
spelad,GR,2017/18,2017-11-25,,Atromitos,Panathinaikos,1,1,D,10,11,7,5,1.7129,1.4518,skott,,,,,,,,,,0.3949,0.3471,0.258,0.447,0.3248,0.2282,1,2.53,2.9,3.78,,,,0.3255,,0.5172,-0.9405,0.91,-1,,,,,0,0,,,0.134,,,,,,,,,,,,
spelad,GR,2017/18,2017-11-25,,Giannina,Xanthi,1,1,D,7,8,3,5,0.8948,1.2743,skott,,,,,,,,,,0.4139,0.3213,0.2647,0.4816,0.3148,0.2035,1,2.43,3.04,3.69,,,,0.3529,,-0.523,0.5834,-0.3393,0,,,,,0,0,,,0.1966,,,,,,,,,,,,
spelad,GR,2017/18,2017-11-26,,Asteras Tripolis,Levadeiakos,2,0,H,16,9,7,5,2.0681,1.3334,skott,,,,,,,,,,0.4808,0.3226,0.1966,0.558,0.2774,0.1647,1,2.06,3.15,5.25,,,,0.3605,,-0.2028,0.107,0.0331,-1,,,,,0,0,,,0.1863,,,,,,,,,,,,
spelad,GR,2017/18,2017-11-26,,Kerkyra,Olympiakos,1,3,A,9,12,3,8,1.0132,1.9914,skott,,,,,,,,,,0.0666,0.1609,0.7725,0.0792,0.1657,0.7551,1,14.5,6,1.3,,,,0.5067,,-0.2992,0.2656,0.3379,0,,,,,0,0,,,0.0425,,,,,,,,,,,,
spelad,GR,2017/18,2017-11-26,,Panetolikos,Larisa,3,1,H,14,12,6,7,1.7896,1.8313,skott,,,,,,,,,,0.5416,0.307,0.1513,0.5988,0.266,0.1352,1,1.83,3.25,6.37,,,,0.37,,-1.0184,0.7685,-0.8851,-1,,,,,0,0,,,0.1306,,,,,,,,,,,,
spelad,GR,2017/18,2017-11-26,,Panionios,PAOK,2,2,D,5,21,4,8,0.9365,2.5242,skott,,,,,,,,,,0.2063,0.3107,0.483,0.1122,0.2638,0.624,1,5,3.2,2.02,,,,0.3571,,-0.1729,-0.2669,-0.1606,1,,,,,0,0,,,-0.3293,,,,,,,,,,,,
spelad,GR,2017/18,2017-11-27,,AEK,Platanias,3,0,H,27,3,12,1,3.5199,0.3377,skott,,,,,,,,,,0.7878,0.1475,0.0647,0.8285,0.1321,0.0394,1,1.2,7,19,,,,0.5646,,0.4923,-0.5533,0.6465,0,,,,,0,0,,,0.1067,,,,,,,,,,,,
spelad,GR,2017/18,2017-12-02,,Asteras Tripolis,Kerkyra,4,0,H,11,4,8,2,1.9323,0.5571,skott,,,,,,,,,,0.5712,0.2759,0.1529,0.6213,0.2501,0.1285,1,1.75,3.65,6.39,,,,0.3778,,0.5224,-0.688,0.6182,0,,,,,0,0,,,0.1246,,,,,,,,,,,,
spelad,GR,2017/18,2017-12-02,,Olympiakos,Apollon,3,1,H,19,3,13,1,3.2065,0.3377,skott,,,,,,,,,,0.838,0.1178,0.0442,0.8633,0.1023,0.0344,1,1.16,9,24.75,,,,0.6041,,0.3864,-0.1964,0.0486,-1,,,,,0,0,,,0.0604,,,,,,,,,,,,
spelad,GR,2017/18,2017-12-02,,Xanthi,PAOK,0,3,A,4,6,2,5,0.5571,1.1559,skott,,,,,,,,,,0.1577,0.2846,0.5577,0.1417,0.2884,0.57,1,6.5,3.43,1.8,,,,0.343,,0.359,-0.4257,0.5395,1,,,,,0,0,,,-0.0443,,,,,,,,,,,,
spelad,GR,2017/18,2017-12-03,,Lamia,Panetolikos,2,2,D,9,7,3,4,1.0132,1.0549,skott,,,,,,,,,,0.3654,0.3353,0.2993,0.3307,0.3352,0.3341,1,2.7,2.91,3.29,,,,0.3294,,0.579,-0.2408,0.3087,1,,,,,0,0,,,-0.1043,,,,,,,,,,,,
spelad,GR,2017/18,2017-12-03,,Larisa,Giannina,1,1,D,10,8,3,4,1.0724,1.1141,skott,,,,,,,,,,0.3939,0.3278,0.2783,0.3283,0.3272,0.3445,1,2.55,3,3.6,,,,0.3447,,0.6352,-0.3701,0.7693,-1,,,,,0,0,,,-0.1974,,,,,,,,,,,,
spelad,GR,2017/18,2017-12-03,,Levadeiakos,AEK,0,2,A,5,19,1,6,0.4561,2.0855,skott,,,,,,,,,,0.1647,0.2876,0.5477,0.1363,0.2651,0.5986,1,6,3.45,1.78,,,,0.3709,,0.2242,-1.0253,0.1597,1,,,,,0,0,,,-0.1077,,,,,,,,,,,,
spelad,GR,2017/18,2017-12-03,,Panathinaikos,Panionios,0,1,A,9,9,4,3,1.1733,1.0132,skott,,,,,,,,,,0.5906,0.2692,0.1402,0.5613,0.2822,0.1565,1,1.68,3.62,7,,,,0.3734,,0.2013,0.3345,0.1401,1,,,,,0,0,,,-0.075,,,,,,,,,,,,
spelad,GR,2017/18,2017-12-04,,Platanias,Atromitos,1,3,A,12,12,9,6,2.1516,1.6712,skott,,,,,,,,,,0.2486,0.3184,0.433,0.2814,0.3201,0.3985,1,4,3.1,2.25,,,,0.3488,,-1.4981,2.4621,-1.6019,-2,,,,,0,0,,,0.1002,,,,,,,,,,,,
spelad,GR,2017/18,2017-12-09,,Larisa,Xanthi,1,0,H,6,7,3,1,0.8356,0.5745,skott,,,,,,,,,,0.3601,0.332,0.3079,0.3199,0.3448,0.3353,1,2.79,2.95,3.2,,,,0.3341,,0.2257,-0.2978,0.2743,-1,,,,,0,0,,,-0.1079,,,,,,,,,,,,
spelad,GR,2017/18,2017-12-09,,Panetolikos,Olympiakos,1,4,A,6,8,3,6,0.8356,1.4344,skott,,,,,,,,,,0.154,0.2443,0.6017,0.1386,0.2245,0.6369,1,6.33,3.99,1.67,,,,0.4693,,-0.8401,0.4917,-0.4606,-1,,,,,0,0,,,-0.0659,,,,,,,,,,,,
spelad,GR,2017/18,2017-12-09,,Panionios,Platanias,2,1,H,7,5,2,4,0.7346,0.9365,skott,,,,,,,,,,0.6287,0.243,0.1282,0.5802,0.2663,0.1535,1,1.57,4.15,8.5,,,,0.4267,,1.1719,-2.2821,1.0628,1,,,,,0,0,,,-0.1224,,,,,,,,,,,,
spelad,GR,2017/18,2017-12-10,,Apollon,Asteras Tripolis,1,3,A,11,4,6,3,1.612,0.7172,skott,,,,,,,,,,0.3117,0.3242,0.3641,0.3396,0.3408,0.3196,1,3.13,3.05,2.75,,,,0.3571,,-0.3785,0.4788,-0.6016,0,,,,,0,0,,,0.1003,,,,,,,,,,,,
spelad,GR,2017/18,2017-12-10,,Atromitos,Levadeiakos,1,0,H,17,4,8,0,2.2874,0.2368,skott,,,,,,,,,,0.6883,0.2153,0.0964,0.6805,0.2111,0.1085,1,1.43,4.75,10.14,,,,0.4786,,1.0727,-1.0102,1.0178,-1,,,,,0,0,,,-0.0278,,,,,,,,,,,,
spelad,GR,2017/18,2017-12-10,,Giannina,Lamia,1,1,D,16,13,6,4,1.9079,1.4101,skott,,,,,,,,,,0.5588,0.2885,0.1526,0.6515,0.2437,0.1047,1,1.85,3.45,6.37,,,,0.343,,-0.6916,0.7301,-0.451,0,,,,,0,0,,,0.2333,,,,,,,,,,,,
spelad,GR,2017/18,2017-12-10,,PAOK,Panathinaikos,4,0,H,10,4,5,2,1.3926,0.5571,skott,,,,,,,,,,0.6713,0.2301,0.0985,0.6621,0.2258,0.1121,1,1.46,4.23,10.5,,,,0.4057,,-0.1569,-0.1834,-0.1442,1,,,,,0,0,,,-0.0322,,,,,,,,,,,,
spelad,GR,2017/18,2017-12-11,,AEK,Kerkyra,3,1,H,11,12,8,6,1.9323,1.6712,skott,,,,,,,,,,0.8543,0.11,0.0357,,,,0,1.12,9.6,45,,,,0.6026,,-0.1195,0.3579,0.0284,-1,,,,,0,0,,,,,,,,,,,,,,,
spelad,GR,2017/18,2017-12-16,,AEK,Apollon,0,0,D,21,2,7,0,2.3641,0.1184,skott,,,,,,,,,,0.8452,0.1143,0.0405,0.8056,0.1403,0.0542,1,1.17,8.5,34.25,,,,0.5943,,0.2078,0.251,0.1965,-1,,,,,0,0,,,-0.0928,,,,,,,,,,,,
spelad,GR,2017/18,2017-12-16,,Kerkyra,Atromitos,1,3,A,7,6,3,6,0.8948,1.316,skott,,,,,,,,,,0.2772,0.304,0.4188,0.2495,0.303,0.4475,1,3.6,3.21,2.34,,,,0.3933,,-0.8635,0.9884,-0.8188,-1,,,,,0,0,,,-0.0841,,,,,,,,,,,,
spelad,GR,2017/18,2017-12-16,,Platanias,PAOK,0,1,A,6,13,2,7,0.6754,1.8905,skott,,,,,,,,,,0.0488,0.1399,0.8113,0.0444,0.1347,0.8209,1,20,7.3,1.23,,,,0.5438,,-1.1122,2.2338,-1.0214,1,,,,,0,0,,,-0.0184,,,,,,,,,,,,
spelad,GR,2017/18,2017-12-17,,Asteras Tripolis,Panetolikos,0,0,D,12,5,5,3,1.511,0.7764,skott,,,,,,,,,,0.4735,0.2886,0.2379,0.5058,0.2958,0.1984,1,2.1,3.38,4.5,,,,0.4193,,1.3276,-2.0672,1.2815,-1,,,,,0,0,,,0.1041,,,,,,,,,,,,
spelad,GR,2017/18,2017-12-17,,Lamia,Larisa,0,2,A,13,8,7,5,1.8905,1.2743,skott,,,,,,,,,,0.3998,0.3167,0.2835,0.4278,0.3422,0.23,1,2.55,3.08,3.6,,,,0.3454,,-0.4464,0.1326,-0.6631,-1,,,,,0,0,,,0.1095,,,,,,,,,,,,
spelad,GR,2017/18,2017-12-17,,Olympiakos,Giannina,1,0,H,16,5,8,1,2.2282,0.4561,skott,,,,,,,,,,0.8431,0.1119,0.045,0.8466,0.107,0.0464,1,1.15,9.5,34,,,,0.6411,,1.044,-0.8867,0.7517,1,,,,,0,0,,,0.0058,,,,,,,,,,,,
spelad,GR,2017/18,2017-12-17,,Xanthi,Panathinaikos,1,1,D,6,11,3,6,0.8356,1.612,skott,,,,,,,,,,0.3707,0.3228,0.3066,0.3721,0.342,0.2859,1,2.63,3.1,3.24,,,,0.3389,,0.0415,-0.2755,0.1367,1,,,,,0,0,,,0.0235,,,,,,,,,,,,
spelad,GR,2017/18,2017-12-18,,Levadeiakos,Panionios,2,1,H,12,13,8,6,1.9914,1.7304,skott,,,,,,,,,,0.3251,0.3386,0.3363,0.3,0.3294,0.3707,1,3,3,2.9,,,,0.3505,,-0.8088,0.5749,-0.5678,-1,,,,,0,0,,,-0.0846,,,,,,,,,,,,
spelad,GR,2017/18,2018-01-06,,Panetolikos,AEK,1,4,A,8,6,4,3,1.1141,0.8356,skott,,,,,,,,,,0.1734,0.2719,0.5547,0.165,0.2659,0.5691,1,5.75,3.6,1.76,,,,0.4057,,-0.4651,0.14,-0.541,-1,,,,,0,0,,,-0.0314,,,,,,,,,,,,
spelad,GR,2017/18,2018-01-06,,Panionios,Kerkyra,3,1,H,14,5,8,2,2.1098,0.6163,skott,,,,,,,,,,0.5918,0.2497,0.1585,0.5326,0.2825,0.1849,1,1.69,3.91,6.16,,,,0.4368,,0.8038,-1.2442,0.4488,-2,,,,,0,0,,,-0.1448,,,,,,,,,,,,
spelad,GR,2017/18,2018-01-06,,PAOK,Levadeiakos,5,0,H,13,3,8,1,2.0506,0.3377,skott,,,,,,,,,,0.859,0.1069,0.0341,0.8713,0.0989,0.0298,1,1.19,9.16,28.68,,,,0.5917,,0.5023,-0.4388,0.3577,2,,,,,0,0,,,0.0291,,,,,,,,,,,,
spelad,GR,2017/18,2018-01-07,,Giannina,Asteras Tripolis,0,0,D,9,15,3,3,1.0132,1.3683,skott,,,,,,,,,,0.3855,0.3116,0.3029,0.422,0.3145,0.2635,1,2.53,3.13,3.22,,,,0.3903,,-0.8844,1.0938,-1.0457,0,,,,,0,0,,,0.1125,,,,,,,,,,,,
spelad,GR,2017/18,2018-01-07,,Lamia,Xanthi,0,1,A,17,9,5,2,1.807,0.853,skott,,,,,,,,,,0.3619,0.3393,0.2988,0.3695,0.3411,0.2894,1,2.7,2.93,3.29,,,,0.3294,,0.1762,-0.6157,0.0461,0,,,,,0,0,,,0.0245,,,,,,,,,,,,
spelad,GR,2017/18,2018-01-07,,Larisa,Olympiakos,0,3,A,13,7,6,4,1.7304,1.0549,skott,,,,,,,,,,0.1156,0.2116,0.6728,0.1234,0.231,0.6456,1,9.5,4.61,1.45,,,,0.4814,,0.1368,0.027,0.6382,0,,,,,0,0,,,0.0428,,,,,,,,,,,,
spelad,GR,2017/18,2018-01-07,,Panathinaikos,Platanias,2,0,H,21,5,9,2,2.6843,0.6163,skott,,,,,,,,,,0.7266,0.1936,0.0798,0.7159,0.2028,0.0813,1,1.41,5.03,12.2,,,,0.4721,,0.5669,-0.8089,0.5273,-1,,,,,0,0,,,-0.0229,,,,,,,,,,,,
spelad,GR,2017/18,2018-01-08,,Apollon,Atromitos,0,3,A,7,8,2,3,0.7346,0.954,skott,,,,,,,,,,0.2812,0.3221,0.3967,0.2827,0.324,0.3933,1,3.47,3.2,2.46,,,,0.3521,,-0.7335,0.5545,-0.6546,0,,,,,0,0,,,0.0064,,,,,,,,,,,,
spelad,GR,2017/18,2018-01-13,,Apollon,Panionios,1,1,D,7,9,5,4,1.2151,1.1733,skott,,,,,,,,,,0.3162,0.3312,0.3527,0.3014,0.3268,0.3718,1,3.1,3.05,2.77,,,,0.3488,,-0.6078,0.7209,-0.3772,-2,,,,,0,0,,,-0.0487,,,,,,,,,,,,
spelad,GR,2017/18,2018-01-13,,Levadeiakos,Panathinaikos,3,2,H,5,11,4,3,0.9365,1.1316,skott,,,,,,,,,,0.2693,0.3261,0.4046,0.211,0.3062,0.4829,1,3.62,3.1,2.45,,,,0.3471,,-0.1628,0.0913,-0.0316,1,,,,,0,0,,,-0.195,,,,,,,,,,,,
spelad,GR,2017/18,2018-01-13,,Xanthi,Platanias,3,2,H,11,10,5,3,1.4518,1.0724,skott,,,,,,,,,,0.6867,0.2257,0.0876,0.5367,0.2857,0.1776,1,1.45,4.33,11.13,,,,0.4104,,1.0113,-1.2968,0.8664,0,,,,,0,0,,,-0.3899,,,,,,,,,,,,
spelad,GR,2017/18,2018-01-14,,AEK,Giannina,3,1,H,10,4,7,2,1.7129,0.5571,skott,,,,,,,,,,0.7722,0.16,0.0678,0.7785,0.1622,0.0594,1,1.29,6.08,15,,,,0.5346,,0.9327,-0.5635,0.956,1,,,,,0,0,,,0.021,,,,,,,,,,,,
spelad,GR,2017/18,2018-01-14,,Asteras Tripolis,Larisa,3,1,H,11,11,8,7,1.9323,1.7721,skott,,,,,,,,,,0.5546,0.2829,0.1624,0.6345,0.2509,0.1146,1,1.78,3.45,6.01,,,,0.3744,,0.2021,-1.0589,0.1345,0,,,,,0,0,,,0.2076,,,,,,,,,,,,
spelad,GR,2017/18,2018-01-14,,Atromitos,Panetolikos,0,1,A,18,6,9,2,2.5068,0.6754,skott,,,,,,,,,,0.6301,0.2472,0.1227,0.577,0.277,0.146,1,1.59,3.95,7.96,,,,0.3949,,1.1134,-1.6661,1.0753,-2,,,,,0,0,,,-0.1294,,,,,,,,,,,,
spelad,GR,2017/18,2018-01-14,,Kerkyra,PAOK,0,3,A,8,17,2,7,0.7938,2.1273,skott,,,,,,,,,,0.0436,0.1284,0.828,,,,0,34,8.5,1.15,,,,0.5594,,-0.9266,1.6404,-0.7545,0,,,,,0,0,,,,,,,,,,,,,,,
spelad,GR,2017/18,2018-01-15,,Olympiakos,Lamia,2,0,H,14,5,4,3,1.4693,0.7764,skott,,,,,,,,,,0.8259,0.1252,0.0489,0.8683,0.0979,0.0338,1,1.16,8.5,26,,,,0.6203,,1.0572,-0.9878,0.5685,0,,,,,0,0,,,0.0999,,,,,,,,,,,,
spelad,GR,2017/18,2018-01-20,,Larisa,AEK,0,0,D,3,7,1,3,0.3377,0.8948,skott,,,,,,,,,,0.128,0.2491,0.6228,0.1266,0.248,0.6255,1,7.59,3.9,1.57,,,,0.3985,,-0.4864,0.8911,0.0297,0,,,,,0,0,,,-0.0055,,,,,,,,,,,,
spelad,GR,2017/18,2018-01-20,,Panathinaikos,Kerkyra,4,0,H,19,4,12,2,3.0464,0.5571,skott,,,,,,,,,,0.726,0.2014,0.0726,0.72,0.1936,0.0864,1,1.39,5,13.5,,,,0.4603,,-0.0063,-0.3291,-0.2046,1,,,,,0,0,,,-0.0258,,,,,,,,,,,,
spelad,GR,2017/18,2018-01-20,,Platanias,Levadeiakos,1,0,H,10,9,5,3,1.3926,1.0132,skott,,,,,,,,,,0.4516,0.3122,0.2362,0.4927,0.2986,0.2087,1,2.17,3.15,4.11,,,,0.3496,,-0.7395,0.6806,-0.7826,0,,,,,0,0,,,0.1097,,,,,,,,,,,,
spelad,GR,2017/18,2018-01-21,,Giannina,Atromitos,2,2,D,13,11,6,5,1.7304,1.4518,skott,,,,,,,,,,0.3428,0.3369,0.3203,0.4076,0.3223,0.2702,1,2.85,3,3.05,,,,0.3571,,-0.6743,0.5158,-0.8473,0,,,,,0,0,,,0.1796,,,,,,,,,,,,
spelad,GR,2017/18,2018-01-21,,Lamia,Asteras Tripolis,1,0,H,5,13,3,7,0.7764,1.8905,skott,,,,,,,,,,0.3333,0.3333,0.3333,0.3202,0.3393,0.3405,1,2.91,2.95,3.05,,,,0.331,,-1.4042,1.6883,-1.3921,-1,,,,,0,0,,,-0.0333,,,,,,,,,,,,
spelad,GR,2017/18,2018-01-21,,Olympiakos,Xanthi,3,0,H,19,7,11,2,2.8862,0.7346,skott,,,,,,,,,,0.8222,0.1372,0.0405,0.8257,0.1297,0.0445,1,1.22,7.01,23.73,,,,0.4894,,0.4159,-0.6539,-0.0089,-2,,,,,0,0,,,0.0031,,,,,,,,,,,,
spelad,GR,2017/18,2018-01-21,,Panetolikos,Panionios,1,1,D,7,2,4,1,1.0549,0.2785,skott,,,,,,,,,,0.3481,0.3281,0.3238,0.3995,0.3183,0.2822,1,2.79,2.97,3,,,,0.3496,,-0.2827,0.6042,-0.214,-1,,,,,0,0,,,0.1443,,,,,,,,,,,,
spelad,GR,2017/18,2018-01-21,,PAOK,Apollon,3,0,H,16,3,10,1,2.5485,0.3377,skott,,,,,,,,,,0.8816,0.0946,0.0238,0.8819,0.097,0.0211,1,1.13,10.16,40.3,,,,0.5933,,0.7681,-1.4193,0.5001,-1,,,,,0,0,,,0.0034,,,,,,,,,,,,
spelad,GR,2017/18,2018-01-27,,AEK,Lamia,2,0,H,22,5,9,2,2.7435,0.6163,skott,,,,,,,,,,0.838,0.1246,0.0374,0.8314,0.1263,0.0423,1,1.2,8.5,26,,,,0.5567,,0.6094,-0.7044,0.2874,1,,,,,0,0,,,-0.0181,,,,,,,,,,,,
spelad,GR,2017/18,2018-01-27,,Apollon,Panathinaikos,0,0,D,5,5,1,1,0.4561,0.4561,skott,,,,,,,,,,0.3468,0.3173,0.336,0.3392,0.3416,0.3191,1,2.95,3.15,2.9,,,,0.3769,,-0.1914,0.1934,-0.092,-1,,,,,0,0,,,0.0018,,,,,,,,,,,,
spelad,GR,2017/18,2018-01-27,,Kerkyra,Platanias,2,0,H,9,2,2,1,0.853,0.2785,skott,,,,,,,,,,0.3622,0.3247,0.3131,0.3911,0.3149,0.2939,1,2.75,3.15,3.1,,,,0.3709,,0.0187,0.5147,0.0267,0,,,,,0,0,,,0.077,,,,,,,,,,,,
spelad,GR,2017/18,2018-01-28,,Asteras Tripolis,Olympiakos,1,1,D,11,11,6,8,1.612,1.9323,skott,,,,,,,,,,0.1256,0.2389,0.6355,0.1555,0.2591,0.5854,1,7.74,4.07,1.62,,,,0.4093,,-0.5596,-0.0204,0.01,0,,,,,0,0,,,0.1098,,,,,,,,,,,,
spelad,GR,2017/18,2018-01-28,,Atromitos,Larisa,1,0,H,15,3,7,1,2.0089,0.3377,skott,,,,,,,,,,0.6026,0.256,0.1414,0.63,0.2533,0.1167,1,1.65,3.79,7,,,,0.3939,,0.1061,-0.7042,-0.1878,-1,,,,,0,0,,,0.0794,,,,,,,,,,,,
spelad,GR,2017/18,2018-01-28,,Panetolikos,PAOK,0,1,A,6,10,4,6,0.9957,1.5528,skott,,,,,,,,,,0.1109,0.235,0.6541,0.1133,0.2318,0.6548,1,8.73,4.3,1.56,,,,0.4409,,-0.4091,1.1808,-0.2069,0,,,,,0,0,,,0.0042,,,,,,,,,,,,
spelad,GR,2017/18,2018-01-28,,Panionios,Giannina,0,1,A,11,4,6,3,1.612,0.7172,skott,,,,,,,,,,0.5171,0.2876,0.1952,0.5111,0.3054,0.1836,1,1.97,3.45,4.98,,,,0.3823,,0.7888,-0.5157,0.7981,0,,,,,0,0,,,-0.0005,,,,,,,,,,,,
spelad,GR,2017/18,2018-01-28,,Xanthi,Levadeiakos,2,1,H,11,4,4,3,1.2917,0.7172,skott,,,,,,,,,,0.5637,0.2778,0.1584,0.5035,0.3186,0.178,1,1.8,3.5,6.12,,,,0.3719,,0.346,-0.381,0.1444,-1,,,,,0,0,,,-0.1401,,,,,,,,,,,,
spelad,GR,2017/18,2018-02-03,,Asteras Tripolis,Xanthi,1,1,D,11,7,8,6,1.9323,1.3752,skott,,,,,,,,,,0.5425,0.2865,0.171,0.552,0.2909,0.1572,1,1.84,3.41,5.68,,,,0.3648,,-0.0402,-0.7916,0.1402,0,,,,,0,0,,,0.0326,,,,,,,,,,,,
spelad,GR,2017/18,2018-02-03,,Larisa,Panionios,0,0,D,9,7,1,1,0.6929,0.5745,skott,,,,,,,,,,0.3495,0.3165,0.3339,0.3676,0.3224,0.31,1,2.78,3.07,3.1,,,,0.3373,,-0.3815,0.6966,0.0473,0,,,,,0,0,,,0.06,,,,,,,,,,,,
spelad,GR,2017/18,2018-02-03,,Panathinaikos,Panetolikos,0,0,D,9,5,2,2,0.853,0.6163,skott,,,,,,,,,,0.6263,0.2403,0.1334,0.6044,0.2514,0.1442,1,1.59,4.04,7.75,,,,0.4072,,-0.4838,0.4074,-0.4999,1,,,,,0,0,,,-0.0547,,,,,,,,,,,,
spelad,GR,2017/18,2018-02-04,,Giannina,PAOK,1,3,A,9,13,6,9,1.4936,2.2108,skott,,,,,,,,,,0.1168,0.2498,0.6334,0.0943,0.2221,0.6836,1,8.3,4.3,1.56,,,,0.3903,,-0.618,1.0262,-0.5849,0,,,,,0,0,,,-0.095,,,,,,,,,,,,
spelad,GR,2017/18,2018-02-04,,Lamia,Atromitos,1,1,D,5,11,1,5,0.4561,1.4518,skott,,,,,,,,,,0.3326,0.321,0.3464,0.2608,0.3541,0.385,1,2.9,3.02,2.76,,,,0.3349,,-0.6025,0.484,-0.5926,1,,,,,0,0,,,-0.1822,,,,,,,,,,,,
spelad,GR,2017/18,2018-02-04,,Levadeiakos,Kerkyra,2,0,H,14,14,4,3,1.4693,1.3091,skott,,,,,,,,,,0.5271,0.2828,0.1902,0.4957,0.2917,0.2126,1,1.92,3.44,5.25,,,,0.4,,0.3806,-0.7797,0.2787,-1,,,,,0,0,,,-0.0853,,,,,,,,,,,,
spelad,GR,2017/18,2018-02-04,,Olympiakos,AEK,1,2,A,11,9,7,6,1.7721,1.4936,skott,,,,,,,,,,0.5304,0.2872,0.1824,0.5367,0.2883,0.175,1,1.84,3.44,5.32,,,,0.3545,,0.4048,-0.5216,0.2158,-1,,,,,0,0,,,0.02,,,,,,,,,,,,
spelad,GR,2017/18,2018-02-05,,Platanias,Apollon,1,1,D,5,6,1,1,0.4561,0.5153,skott,,,,,,,,,,0.4477,0.3094,0.2429,0.4113,0.3214,0.2674,1,2.26,3.14,4,,,,0.3563,,-0.0047,-0.0347,-0.0101,0,,,,,0,0,,,-0.0974,,,,,,,,,,,,
spelad,GR,2017/18,2018-02-10,,Giannina,Panathinaikos,2,1,H,10,11,6,5,1.5528,1.4518,skott,,,,,,,,,,0.3974,0.3053,0.2974,0.3356,0.3368,0.3277,1,2.49,3.2,3.3,,,,0.3709,,0.4067,-0.6459,0.3648,-1,,,,,0,0,,,-0.1538,,,,,,,,,,,,
spelad,GR,2017/18,2018-02-10,,Panionios,Lamia,1,0,H,16,5,8,2,2.2282,0.6163,skott,,,,,,,,,,0.5442,0.2796,0.1762,0.5779,0.2727,0.1494,1,1.76,3.5,5.75,,,,0.3623,,0.4349,-0.409,0.2589,1,,,,,0,0,,,0.0942,,,,,,,,,,,,
spelad,GR,2017/18,2018-02-10,,Xanthi,Kerkyra,1,1,D,15,7,4,3,1.5285,0.8948,skott,,,,,,,,,,0.587,0.2596,0.1534,0.5394,0.2798,0.1808,1,1.66,3.85,6.75,,,,0.3995,,0.8547,-1.2982,0.5487,1,,,,,0,0,,,-0.1227,,,,,,,,,,,,
spelad,GR,2017/18,2018-02-11,,AEK,Asteras Tripolis,1,0,H,12,5,6,3,1.6712,0.7764,skott,,,,,,,,,,0.7139,0.2002,0.0859,0.6839,0.2158,0.1002,1,1.36,5.14,13,,,,0.4589,,0.5561,-0.0827,0.2749,-1,,,,,0,0,,,-0.0742,,,,,,,,,,,,
spelad,GR,2017/18,2018-02-11,,Apollon,Levadeiakos,1,1,D,13,8,8,3,2.0506,0.954,skott,,,,,,,,,,0.4578,0.2988,0.2434,0.5619,0.2826,0.1555,1,2.16,3.25,4.05,,,,0.3505,,-0.6839,0.4465,-0.5989,-1,,,,,0,0,,,0.2963,,,,,,,,,,,,
spelad,GR,2017/18,2018-02-11,,Atromitos,Olympiakos,2,2,D,17,7,9,4,2.4476,1.0549,skott,,,,,,,,,,0.2368,0.2834,0.4798,0.2589,0.3152,0.4258,1,4.2,3.5,2.08,,,,0.3985,,-0.2053,0.4279,0.3943,0,,,,,0,0,,,0.0981,,,,,,,,,,,,
spelad,GR,2017/18,2018-02-11,,Panetolikos,Platanias,3,0,H,9,4,4,2,1.1733,0.5571,skott,,,,,,,,,,0.594,0.2543,0.1517,0.6068,0.2682,0.125,1,1.62,3.94,6.5,,,,0.4104,,0.3214,-0.2034,0.4794,2,,,,,0,0,,,0.0524,,,,,,,,,,,,
spelad,GR,2017/18,2018-02-12,,PAOK,Larisa,3,0,H,19,3,10,1,2.7261,0.3377,skott,,,,,,,,,,0.8247,0.126,0.0493,0.8489,0.1139,0.0372,1,1.17,8.84,26,,,,0.6113,,0.9353,-1.7285,0.3946,-1,,,,,0,0,,,0.0606,,,,,,,,,,,,
spelad,GR,2017/18,2018-02-17,,Asteras Tripolis,Atromitos,0,1,A,12,7,2,3,1.0306,0.8948,skott,,,,,,,,,,0.3959,0.3255,0.2787,0.3512,0.3487,0.3001,1,2.6,3.06,3.5,,,,0.3405,,-0.0266,-0.4365,-0.3293,0,,,,,0,0,,,-0.1107,,,,,,,,,,,,
spelad,GR,2017/18,2018-02-17,,Kerkyra,Apollon,2,0,H,6,7,3,4,0.8356,1.0549,skott,,,,,,,,,,0.3824,0.3293,0.2883,0.3234,0.3477,0.3289,1,2.56,3.06,3.5,,,,0.3504,,0.1258,0.1707,0.2024,1,,,,,0,0,,,-0.1587,,,,,,,,,,,,
spelad,GR,2017/18,2018-02-17,,Lamia,PAOK,0,2,A,12,15,4,8,1.3509,2.169,skott,,,,,,,,,,0.0892,0.211,0.6998,0.064,0.173,0.763,1,12,4.65,1.4,,,,0.4156,,-1.1025,1.57,-0.7795,2,,,,,0,0,,,-0.1138,,,,,,,,,,,,
spelad,GR,2017/18,2018-02-18,,AEK,Xanthi,4,0,H,15,7,9,3,2.3292,0.8948,skott,,,,,,,,,,0.6843,0.2122,0.1035,0.7632,0.1722,0.0646,1,1.44,4.8,11,,,,0.4509,,0.256,-0.2754,0.1425,-1,,,,,0,0,,,0.1966,,,,,,,,,,,,
spelad,GR,2017/18,2018-02-18,,Levadeiakos,Panetolikos,1,2,A,7,9,2,3,0.7346,1.0132,skott,,,,,,,,,,0.3529,0.3257,0.3214,0.2881,0.3368,0.3751,1,2.75,3.06,3.1,,,,0.3529,,0.3995,-0.2876,0.2088,0,,,,,0,0,,,-0.1834,,,,,,,,,,,,
spelad,GR,2017/18,2018-02-18,,Olympiakos,Panionios,1,0,H,22,4,9,3,2.7435,0.7172,skott,,,,,,,,,,0.8012,0.1515,0.0473,0.787,0.1564,0.0566,1,1.25,6.44,20.5,,,,0.484,,0.4857,-0.9818,0.0334,-1,,,,,0,0,,,-0.0377,,,,,,,,,,,,
spelad,GR,2017/18,2018-02-18,,Platanias,Giannina,0,3,A,6,10,3,5,0.8356,1.3926,skott,,,,,,,,,,0.3664,0.3173,0.3163,0.3395,0.3348,0.3258,1,2.65,3.13,3.25,,,,0.3623,,-0.561,0.7108,-0.4771,-1,,,,,0,0,,,-0.0634,,,,,,,,,,,,
spelad,GR,2017/18,2018-02-19,,Larisa,Panathinaikos,0,1,A,4,3,1,2,0.3969,0.4979,skott,,,,,,,,,,0.3143,0.3259,0.3597,0.3456,0.3432,0.3113,1,3.1,3.02,2.8,,,,0.3365,,0.5114,-0.3959,0.6862,-2,,,,,0,0,,,0.111,,,,,,,,,,,,
spelad,GR,2017/18,2018-02-24,,Giannina,Levadeiakos,0,0,D,13,4,5,2,1.5702,0.5571,skott,,,,,,,,,,0.6217,0.2512,0.1271,0.6486,0.2361,0.1153,1,1.6,3.9,8,,,,0.3903,,0.1052,-0.5178,0.1418,0,,,,,0,0,,,0.0657,,,,,,,,,,,,
spelad,GR,2017/18,2018-02-24,,Panathinaikos,Lamia,2,0,H,14,7,6,3,1.7896,0.8948,skott,,,,,,,,,,0.6828,0.2179,0.0993,0.6973,0.2085,0.0942,1,1.45,4.45,10.5,,,,0.4241,,0.1821,-0.3056,0.1789,-2,,,,,0,0,,,0.0343,,,,,,,,,,,,
spelad,GR,2017/18,2018-02-24,,Panionios,Asteras Tripolis,0,0,D,9,12,3,6,1.0132,1.6712,skott,,,,,,,,,,0.4785,0.3113,0.2102,0.4113,0.3235,0.2652,1,2.09,3.2,4.62,,,,0.3571,,0.3478,-0.2582,0.209,-1,,,,,0,0,,,-0.1893,,,,,,,,,,,,
spelad,GR,2017/18,2018-02-25,,Larisa,Platanias,1,0,H,14,3,8,1,2.1098,0.3377,skott,,,,,,,,,,0.4978,0.2987,0.2035,0.543,0.281,0.176,1,1.98,3.4,5.5,,,,0.3893,,0.0498,-0.3262,0.321,-1,,,,,0,0,,,0.1178,,,,,,,,,,,,
spelad,GR,2017/18,2018-02-25,,Panetolikos,Kerkyra,1,0,H,5,10,3,6,0.7764,1.5528,skott,,,,,,,,,,0.6377,0.2544,0.1079,0.6233,0.2506,0.1261,1,1.6,3.85,8.98,,,,0.3734,,0.2747,-0.6542,0.4336,-1,,,,,0,0,,,-0.0469,,,,,,,,,,,,
spelad,GR,2017/18,2018-02-25,,PAOK,Olympiakos,0,3,A,,,,,,,,,,,,,,,,,0.5426,0.2917,0.1657,0.5668,0.2564,0.1769,1,1.85,3.45,5.86,,,,0.3538,,0.417,-0.6526,0.6114,1,,,,,0,0,,,0.0372,,,,,,,,,,,,
spelad,GR,2017/18,2018-02-25,,Xanthi,Apollon,2,0,H,6,7,3,0,0.8356,0.4144,skott,,,,,,,,,,0.5037,0.3019,0.1944,0.4697,0.3037,0.2266,1,1.93,3.35,5.5,,,,0.3682,,0.9151,-0.6284,0.7462,-1,,,,,0,0,,,-0.1001,,,,,,,,,,,,
spelad,GR,2017/18,2018-02-26,,Atromitos,AEK,1,1,D,8,6,4,2,1.1141,0.6754,skott,,,,,,,,,,0.2704,0.3111,0.4184,0.2219,0.3261,0.452,1,3.65,3.14,2.39,,,,0.3596,,-0.4992,0.6574,0.004,1,,,,,0,0,,,-0.1306,,,,,,,,,,,,
spelad,GR,2017/18,2018-03-03,,Atromitos,Xanthi,1,0,H,11,5,3,2,1.1316,0.6163,skott,,,,,,,,,,0.5767,0.2674,0.1559,0.6657,0.2314,0.1029,1,1.67,3.75,6.75,,,,0.3719,,-0.7916,0.4028,-0.3366,-1,,,,,0,0,,,0.2311,,,,,,,,,,,,
spelad,GR,2017/18,2018-03-03,,Kerkyra,Giannina,1,1,D,4,7,0,2,0.2368,0.7346,skott,,,,,,,,,,0.355,0.3129,0.332,0.3833,0.3201,0.2966,1,2.8,3.19,2.95,,,,0.3753,,-0.3866,0.6493,-0.259,-1,,,,,0,0,,,0.0921,,,,,,,,,,,,
spelad,GR,2017/18,2018-03-03,,Platanias,Lamia,1,2,A,6,9,3,6,0.8356,1.4936,skott,,,,,,,,,,0.3698,0.3253,0.3049,0.3265,0.3556,0.3178,1,2.65,3,3.3,,,,0.3381,,-0.0656,0.4567,-0.3354,-1,,,,,0,0,,,-0.0995,,,,,,,,,,,,
spelad,GR,2017/18,2018-03-04,,AEK,Panionios,1,0,H,16,0,11,0,2.7086,0,skott,,,,,,,,,,0.6951,0.2096,0.0953,0.7735,0.1713,0.0553,1,1.4,5,13,,,,0.4327,,0.8767,-0.9007,0.6285,-2,,,,,0,0,,,0.1968,,,,,,,,,,,,
spelad,GR,2017/18,2018-03-04,,Asteras Tripolis,PAOK,3,2,H,13,12,8,6,2.0506,1.6712,skott,,,,,,,,,,0.1323,0.2437,0.624,0.1553,0.2457,0.599,1,8.1,4.39,1.55,,,,0.4057,,-1.4212,1.6688,-0.5893,1,,,,,0,0,,,0.0711,,,,,,,,,,,,
spelad,GR,2017/18,2018-03-04,,Levadeiakos,Larisa,2,1,H,22,12,13,5,3.3841,1.511,skott,,,,,,,,,,0.3565,0.3217,0.3217,0.3695,0.3266,0.3038,1,2.75,3.05,3.1,,,,0.3488,,0.6345,-0.8473,0.394,1,,,,,0,0,,,0.0439,,,,,,,,,,,,
spelad,GR,2017/18,2018-03-04,,Olympiakos,Panathinaikos,1,1,D,8,8,4,4,1.1141,1.1141,skott,,,,,,,,,,0.6712,0.2211,0.1077,0.6539,0.2261,0.1199,1,1.45,4.7,10,,,,0.4587,,0.3592,-0.5174,0.1789,-1,,,,,0,0,,,-0.0468,,,,,,,,,,,,
spelad,GR,2017/18,2018-03-05,,Apollon,Panetolikos,2,1,H,9,7,4,3,1.1733,0.8948,skott,,,,,,,,,,0.4162,0.308,0.2758,0.4012,0.3269,0.2719,1,2.44,3.35,3.85,,,,0.3605,,-1.1955,1.5022,-1.1766,0,,,,,0,0,,,-0.0262,,,,,,,,,,,,
spelad,GR,2017/18,2018-03-10,,Larisa,Kerkyra,0,0,D,9,6,3,3,1.0132,0.8356,skott,,,,,,,,,,0.497,0.3048,0.1982,0.5035,0.3037,0.1928,1,2.03,3.29,4.89,,,,0.3479,,-0.3169,0.0153,-0.4544,-1,,,,,0,0,,,0.0184,,,,,,,,,,,,
spelad,GR,2017/18,2018-03-10,,Panathinaikos,Asteras Tripolis,1,1,D,8,8,3,5,0.954,1.2743,skott,,,,,,,,,,0.4453,0.3102,0.2445,0.4731,0.3089,0.218,1,2.25,3.25,3.97,,,,0.3838,,0.2784,-0.3717,-0.0022,0,,,,,0,0,,,0.0822,,,,,,,,,,,,
spelad,GR,2017/18,2018-03-10,,Panionios,Atromitos,2,2,D,13,12,8,7,2.0506,1.8313,skott,,,,,,,,,,0.3128,0.3254,0.3618,0.326,0.3282,0.3457,1,3.15,3.04,2.75,,,,0.3462,,0.0369,-0.7817,-0.4463,-1,,,,,0,0,,,0.0425,,,,,,,,,,,,
spelad,GR,2017/18,2018-03-11,,Lamia,Levadeiakos,1,1,D,13,5,6,3,1.7304,0.7764,skott,,,,,,,,,,0.5527,0.2878,0.1595,0.4859,0.3046,0.2094,1,1.8,3.6,6.1,,,,0.3471,,-0.1168,0.2384,-0.1641,1,,,,,0,0,,,-0.1836,,,,,,,,,,,,
spelad,GR,2017/18,2018-03-11,,PAOK,AEK,0,3,A,,,,,,,,,,,,,,,,,0.5703,0.277,0.1527,0.5065,0.2943,0.1992,1,1.75,3.75,6.35,,,,0.37,,0.0242,-0.41,-0.4984,0,,,,,0,0,,,-0.1742,,,,,,,,,,,,
spelad,GR,2017/18,2018-03-11,,Platanias,Olympiakos,0,4,A,6,7,2,5,0.6754,1.2151,skott,,,,,,,,,,0.0809,0.1618,0.7573,0.0721,0.1455,0.7824,1,13,6.25,1.3,,,,0.5781,,-0.4506,0.8522,-0.5223,1,,,,,0,0,,,-0.0427,,,,,,,,,,,,
spelad,GR,2017/18,2018-03-11,,Xanthi,Panetolikos,1,0,H,8,4,3,1,0.954,0.3969,skott,,,,,,,,,,0.4258,0.3111,0.2631,0.4129,0.3256,0.2615,1,2.3,3.25,3.75,,,,0.3769,,-0.3678,0.9199,-0.2457,2,,,,,0,0,,,-0.0242,,,,,,,,,,,,
spelad,GR,2017/18,2018-03-31,,Atromitos,PAOK,0,2,A,11,12,3,6,1.1316,1.6712,skott,,,,,,,,,,0.1662,0.2855,0.5483,0.1564,0.2763,0.5672,1,5.84,3.55,1.8,,,,0.3858,,-0.4967,0.7871,0.6794,1,,,,,0,0,,,-0.0384,,,,,,,,,,,,
spelad,GR,2017/18,2018-03-31,,Levadeiakos,Olympiakos,1,1,D,7,18,4,8,1.0549,2.3466,skott,,,,,,,,,,0.1037,0.1915,0.7048,0.0798,0.1418,0.7784,1,9.5,5.08,1.45,,,,0.516,,-0.0033,0.1566,0.2053,0,,,,,0,0,,,-0.1214,,,,,,,,,,,,
spelad,GR,2017/18,2018-03-31,,Panetolikos,Giannina,1,0,H,3,8,3,2,0.658,0.7938,skott,,,,,,,,,,0.4689,0.3043,0.2268,0.4292,0.3149,0.2559,1,2.16,3.32,4.28,,,,0.3974,,-0.0399,-0.1768,-0.3004,-7,,,,,0,0,,,-0.1086,,,,,,,,,,,,
spelad,GR,2017/18,2018-04-01,,AEK,Panathinaikos,3,0,H,12,10,9,4,2.1516,1.2325,skott,,,,,,,,,,0.6847,0.2225,0.0929,0.683,0.2271,0.0899,1,1.46,4.4,10.47,,,,0.4156,,0.4174,0.0524,0.5719,-1,,,,,0,0,,,-0.0004,,,,,,,,,,,,
spelad,GR,2017/18,2018-04-01,,Apollon,Larisa,3,0,H,11,7,6,4,1.612,1.0549,skott,,,,,,,,,,0.4734,0.3151,0.2114,0.5605,0.2795,0.16,1,2.18,3.2,4.59,,,,0.3614,,-0.1064,0.5732,0.0667,5,,,,,0,0,,,0.2256,,,,,,,,,,,,
spelad,GR,2017/18,2018-04-01,,Kerkyra,Lamia,0,0,D,10,4,4,2,1.2325,0.5571,skott,,,,,,,,,,0.411,0.3233,0.2657,0.4556,0.315,0.2294,1,2.39,3.05,3.8,,,,0.3463,,-0.0928,0.1404,0.0433,1,,,,,0,0,,,0.1255,,,,,,,,,,,,
spelad,GR,2017/18,2018-04-01,,Panionios,Xanthi,0,0,D,8,3,3,1,0.954,0.3377,skott,,,,,,,,,,0.4787,0.3105,0.2108,0.49,0.2958,0.2142,1,2.1,3.25,4.61,,,,0.3691,,-0.3909,-0.3862,-0.6067,1,,,,,0,0,,,0.0192,,,,,,,,,,,,
spelad,GR,2017/18,2018-04-02,,Asteras Tripolis,Platanias,4,0,H,20,6,13,4,3.2657,0.9957,skott,,,,,,,,,,0.7595,0.1663,0.0742,0.8064,0.1417,0.052,1,1.32,6,13,,,,0.5515,,-0.2262,-0.5816,0.4107,1,,,,,0,0,,,0.116,,,,,,,,,,,,
spelad,GR,2017/18,2018-04-04,,Giannina,Apollon,0,1,A,13,10,5,5,1.5702,1.3926,skott,,,,,,,,,,0.4731,0.2993,0.2276,0.4878,0.2969,0.2153,1,2.08,3.35,4.26,,,,0.3848,,0.2262,-0.4509,0.4231,1,,,,,0,0,,,0.0418,,,,,,,,,,,,
spelad,GR,2017/18,2018-04-14,,Lamia,Apollon,0,0,D,5,6,2,1,0.6163,0.5153,skott,,,,,,,,,,0.2215,0.5954,0.1831,,,,0,4.55,1.64,5.31,,,,0.2933,,-0.2554,-0.0154,-0.2298,3,,,,,0,0,,,,,,,,,,,,,,,
spelad,GR,2017/18,2018-04-14,,Levadeiakos,Asteras Tripolis,1,0,H,11,17,4,9,1.2917,2.4476,skott,,,,,,,,,,0.2854,0.3012,0.4134,0.2244,0.2874,0.4882,1,3.55,3.32,2.37,,,,0.3868,,0.5215,-0.5351,0.2541,2,,,,,0,0,,,-0.1969,,,,,,,,,,,,
spelad,GR,2017/18,2018-04-14,,PAOK,Panionios,3,1,H,19,8,11,6,2.8862,1.4344,skott,,,,,,,,,,0.8252,0.1261,0.0487,0.8297,0.1318,0.0385,1,1.17,8.6,29,,,,0.5711,,1.0683,-0.7054,0.1259,1,,,,,0,0,,,0.0192,,,,,,,,,,,,
spelad,GR,2017/18,2018-04-15,,Larisa,Panetolikos,4,2,H,20,6,16,4,3.7461,0.9957,skott,,,,,,,,,,0.4676,0.2986,0.2338,0.4716,0.3154,0.213,1,2.11,3.31,4.5,,,,0.3823,,-0.8947,1.0155,-0.8217,-1,,,,,0,0,,,0.0287,,,,,,,,,,,,
spelad,GR,2017/18,2018-04-15,,Panathinaikos,Atromitos,1,0,H,11,14,7,8,1.7721,2.1098,skott,,,,,,,,,,0.3401,0.3082,0.3517,0.3432,0.3373,0.3195,1,2.9,3.25,2.8,,,,0.3691,,0.0081,-0.2783,-0.3434,-1,,,,,0,0,,,0.0386,,,,,,,,,,,,
spelad,GR,2017/18,2018-04-15,,Platanias,AEK,0,1,A,2,10,2,4,0.4387,1.2325,skott,,,,,,,,,,0.0438,0.1085,0.8477,0.0314,0.1081,0.8606,1,34,10.5,1.14,,,,0.63,,-1.3865,2.031,-1.6308,-1,,,,,0,0,,,-0.0378,,,,,,,,,,,,
spelad,GR,2017/18,2018-04-15,,Xanthi,Giannina,3,0,H,11,7,8,1,1.9323,0.5745,skott,,,,,,,,,,0.4622,0.3021,0.2358,0.4925,0.307,0.2005,1,2.18,3.26,4.4,,,,0.3753,,0.2936,0.0241,0.2051,3,,,,,0,0,,,0.096,,,,,,,,,,,,
spelad,GR,2017/18,2018-04-16,,Olympiakos,Kerkyra,5,1,H,21,13,14,7,3.485,1.8905,skott,,,,,,,,,,0.8026,0.1323,0.0651,0.845,0.1096,0.0454,1,1.2,7.84,17.15,,,,0.6275,,-0.1023,-0.051,-0.4685,1,,,,,0,0,,,0.1044,,,,,,,,,,,,
spelad,GR,2017/18,2018-04-22,,AEK,Levadeiakos,2,0,H,19,7,8,3,2.4058,0.8948,skott,,,,,,,,,,0.8736,0.0951,0.0314,,,,0,1.08,13,57.05,,,,0.625,,0.2412,0.1351,0.1808,-1,,,,,0,0,,,,,,,,,,,,,,,
spelad,GR,2017/18,2018-04-22,,Apollon,Olympiakos,1,0,H,9,17,4,6,1.1733,1.9671,skott,,,,,,,,,,0.1099,0.2052,0.6849,0.1249,0.2151,0.66,1,9.55,4.74,1.44,,,,0.504,,0.0736,0.587,0.3261,2,,,,,0,0,,,0.0548,,,,,,,,,,,,
spelad,GR,2017/18,2018-04-22,,Atromitos,Platanias,4,1,H,19,2,12,2,3.0464,0.4387,skott,,,,,,,,,,0.8637,0.1042,0.0321,,,,0,1.12,11.92,46,,,,0.5938,,0.281,-0.7436,0.635,0,,,,,0,0,,,,,,,,,,,,,,,
spelad,GR,2017/18,2018-04-22,,Giannina,Larisa,0,0,D,9,4,4,1,1.1733,0.3969,skott,,,,,,,,,,0.5713,0.272,0.1566,0.5787,0.2701,0.1512,1,1.79,3.6,6.2,,,,0.4,,-0.0724,-0.1864,0.0223,0,,,,,0,0,,,0.0203,,,,,,,,,,,,
spelad,GR,2017/18,2018-04-22,,Kerkyra,Asteras Tripolis,1,3,A,4,15,4,9,0.8773,2.3292,skott,,,,,,,,,,0.2462,0.3157,0.4381,0.2562,0.3044,0.4394,1,3.95,3.17,2.3,,,,0.3657,,0.2219,0.0734,0.1242,-2,,,,,0,0,,,0.0187,,,,,,,,,,,,
spelad,GR,2017/18,2018-04-22,,Panetolikos,Lamia,1,0,H,11,3,9,1,2.0924,0.3377,skott,,,,,,,,,,0.4031,0.3271,0.2698,0.4031,0.3271,0.2698,1,2.41,3,3.6,,,,0.3381,,0.7587,-0.8196,0.3604,-1,,,,,0,0,,,0,,,,,,,,,,,,
spelad,GR,2017/18,2018-04-22,,Panionios,Panathinaikos,0,3,A,10,13,6,10,1.5528,2.3709,skott,,,,,,,,,,0.4119,0.3136,0.2746,0.4077,0.315,0.2772,1,2.45,3.2,3.54,,,,0.3829,,-0.4113,-0.1338,-0.3324,1,,,,,0,0,,,-0.011,,,,,,,,,,,,
spelad,GR,2017/18,2018-04-22,,PAOK,Xanthi,2,1,H,16,8,9,4,2.3884,1.1141,skott,,,,,,,,,,0.7831,0.1478,0.0691,,,,0,1.22,7.65,17,,,,0.5643,,0.4445,-0.5999,-0.6551,1,,,,,0,0,,,,,,,,,,,,,,,
spelad,GR,2017/18,2018-04-29,,Asteras Tripolis,Apollon,2,1,H,12,9,9,7,2.1516,1.6537,skott,,,,,,,,,,0.7712,0.1569,0.0719,,,,0,1.25,7,16,,,,0.5333,,-0.744,0.3523,-0.3991,0,,,,,0,0,,,,,,,,,,,,,,,
spelad,GR,2017/18,2018-04-29,,Kerkyra,AEK,0,0,D,1,10,1,6,0.2193,1.5528,skott,,,,,,,,,,0.0743,0.1519,0.7737,,,,0,16,7.07,1.25,,,,0.5684,,-0.9261,0.8313,-0.7056,0,,,,,0,0,,,,,,,,,,,,,,,
spelad,GR,2017/18,2018-04-29,,Lamia,Giannina,2,1,H,13,16,6,7,1.7304,2.0681,skott,,,,,,,,,,0.5102,0.2833,0.2066,0.4576,0.3244,0.218,1,1.9,3.55,6,,,,0.4354,,0.1292,-0.2429,0.0946,0,,,,,0,0,,,-0.1166,,,,,,,,,,,,
spelad,GR,2017/18,2018-04-29,,Levadeiakos,Atromitos,0,1,A,14,14,9,5,2.27,1.6294,skott,,,,,,,,,,0.2096,0.2768,0.5136,0.1982,0.2824,0.5194,1,4.95,3.59,1.89,,,,0.4021,,0.5101,-0.8531,0.4041,0,,,,,0,0,,,-0.0286,,,,,,,,,,,,
spelad,GR,2017/18,2018-04-29,,Olympiakos,Panetolikos,4,0,H,13,11,10,5,2.3709,1.4518,skott,,,,,,,,,,0.7249,0.1767,0.0984,0.7948,0.1405,0.0646,1,1.32,5.92,11,,,,0.5711,,-0.6773,0.1566,-0.6097,0,,,,,0,0,,,0.1736,,,,,,,,,,,,
spelad,GR,2017/18,2018-04-29,,Panathinaikos,PAOK,0,3,A,15,14,9,9,2.3292,2.27,skott,,,,,,,,,,0.1727,0.2557,0.5717,0.1909,0.2662,0.5429,1,6,3.9,1.7,,,,0.4278,,-0.1563,0.1265,0.8512,0,,,,,0,0,,,0.0653,,,,,,,,,,,,
spelad,GR,2017/18,2018-04-29,,Platanias,Panionios,1,2,A,9,12,3,7,1.0132,1.8313,skott,,,,,,,,,,0.1706,0.2372,0.5922,,,,0,6,4.25,1.63,,,,0.5053,,-0.2999,1.1751,-0.2647,0,,,,,0,0,,,,,,,,,,,,,,,
spelad,GR,2017/18,2018-04-29,,Xanthi,Larisa,1,0,H,11,7,5,3,1.4518,0.8948,skott,,,,,,,,,,0.7113,0.2037,0.085,,,,0,1.43,5.25,14,,,,0.4354,,0.3367,-0.6093,0.4527,0,,,,,0,0,,,,,,,,,,,,,,,
spelad,GR,2017/18,2018-05-05,,Apollon,AEK,0,1,A,5,16,2,10,0.6163,2.5485,skott,,,,,,,,,,0.1808,0.2499,0.5693,,,,0,6,4.13,1.7,,,,0.4707,,0.0285,0.1491,0.2279,0,,,,,0,0,,,,,,,,,,,,,,,
spelad,GR,2017/18,2018-05-05,,Atromitos,Kerkyra,4,0,H,21,11,11,5,3.0046,1.4518,skott,,,,,,,,,,0.8256,0.1263,0.0481,,,,0,1.16,8.5,26,,,,0.599,,0.4037,-0.2266,0.2828,0,,,,,0,0,,,,,,,,,,,,,,,
spelad,GR,2017/18,2018-05-05,,Larisa,Lamia,1,1,D,9,10,3,6,1.0132,1.5528,skott,,,,,,,,,,0.5637,0.2517,0.1845,,,,0,1.7,3.95,5.5,,,,0.4628,,-0.3422,0.4504,-0.2487,0,,,,,0,0,,,,,,,,,,,,,,,
spelad,GR,2017/18,2018-05-05,,PAOK,Platanias,3,0,H,21,2,13,1,3.3249,0.2785,skott,,,,,,,,,,0.927,0.0574,0.0156,,,,0,1.04,29,155,,,,0.8077,,1.3926,-1.8904,0.3804,0,,,,,0,0,,,,,,,,,,,,,,,
spelad,GR,2017/18,2018-05-06,,Giannina,Olympiakos,3,0,H,13,9,9,2,2.2108,0.853,skott,,,,,,,,,,0.228,0.2559,0.5161,,,,0,4.35,3.9,1.89,,,,0.528,,-0.8608,1.3329,-0.5766,0,,,,,0,0,,,,,,,,,,,,,,,
spelad,GR,2017/18,2018-05-06,,Panetolikos,Asteras Tripolis,0,2,A,2,10,0,7,0.1184,1.7129,skott,,,,,,,,,,0.2184,0.2581,0.5235,,,,0,4.75,3.9,1.89,,,,0.5027,,0.4842,-0.0317,0.0423,0,,,,,0,0,,,,,,,,,,,,,,,
spelad,GR,2017/18,2018-05-06,,Panionios,Levadeiakos,2,0,H,11,15,6,8,1.612,2.169,skott,,,,,,,,,,0.5828,0.2355,0.1816,,,,0,1.66,4.3,5.75,,,,0.536,,-0.345,0.2102,-0.6916,0,,,,,0,0,,,,,,,,,,,,,,,
spelad,GR,2017/18,2018-05-07,,Panathinaikos,Xanthi,1,2,A,12,10,6,4,1.6712,1.2325,skott,,,,,,,,,,0.3641,0.2897,0.3463,,,,0,2.7,3.42,2.85,,,,0.4509,,0.0397,0.1554,0.1072,0,,,,,0,0,,,,,,,,,,,,,,,
spelad,GR,2018/19,2018-08-25,,AEK,Giannina,2,0,H,17,8,11,2,2.7678,0.7938,skott,,,,,,,,,,0.7161,0.2072,0.0767,0.7264,0.2009,0.0727,1,1.4,4.8,12.51,,,,0.4433,,1.1791,-0.6338,0.9862,,,,,,0,0,,,0.0248,,,,,,,,,,,,
spelad,GR,2018/19,2018-08-25,,Apollon,Larisa,0,1,A,7,5,0,3,0.4144,0.7764,skott,,,,,,,,,,0.4212,0.3128,0.266,0.403,0.3405,0.2565,1,2.33,3.1,3.61,,,,0.3598,,0.7289,-0.9356,0.7825,,,,,,0,0,,,-0.027,,,,,,,,,,,,
spelad,GR,2018/19,2018-08-25,,Panetolikos,Atromitos,1,2,A,6,14,4,7,0.9957,1.9497,skott,,,,,,,,,,0.3143,0.3282,0.3575,0.2994,0.3357,0.3649,1,3.06,3.11,2.78,,,,0.3538,,0.0547,0.4613,-0.1185,,,,,,0,0,,,-0.0372,,,,,,,,,,,,
spelad,GR,2018/19,2018-08-25,,PAOK,Asteras Tripolis,1,0,H,12,10,4,4,1.3509,1.2325,skott,,,,,,,,,,0.8005,0.1445,0.055,0.738,0.18,0.0819,1,1.25,7,18,,,,0.5067,,0.4855,-0.6037,-0.8267,,,,,,0,0,,,-0.1518,,,,,,,,,,,,
spelad,GR,2018/19,2018-08-26,,Olympiakos,Levadeiakos,1,0,H,21,4,9,2,2.6843,0.5571,skott,,,,,,,,,,0.8528,0.1155,0.0317,0.8572,0.111,0.0318,1,1.18,8.34,30.44,,,,0.5812,,-0.1109,-0.6208,-0.7469,,,,,,0,0,,,0.0087,,,,,,,,,,,,
spelad,GR,2018/19,2018-08-26,,Panionios,OFI Crete,2,2,D,15,9,9,6,2.3292,1.4936,skott,,,,,,,,,,0.4687,0.2975,0.2338,0.4304,0.3134,0.2562,1,2.05,3.3,4.2,,,,0.3923,,,,,,,,,,-1,0,,,-0.099,,,,,,,,,,,,
spelad,GR,2018/19,2018-08-26,,Xanthi,Panathinaikos,0,1,A,7,9,1,4,0.5745,1.1733,skott,,,,,,,,,,0.4874,0.3029,0.2097,0.4188,0.3418,0.2394,1,2.01,3.3,4.8,,,,0.3728,,0.6835,-0.9481,0.5356,,,,,,0,0,,,-0.1671,,,,,,,,,,,,
spelad,GR,2018/19,2018-08-27,,Lamia,Aris,0,3,A,11,11,6,5,1.612,1.4518,skott,,,,,,,,,,0.3783,0.3279,0.2938,0.2601,0.3418,0.3981,1,2.54,3,3.34,,,,0.3217,,,,,,,,,,-1,0,,,-0.3407,,,,,,,,,,,,
spelad,GR,2018/19,2018-09-01,,Asteras Tripolis,AEK,0,1,A,4,6,1,3,0.3969,0.8356,skott,,,,,,,,,,0.237,0.295,0.468,0.2588,0.3205,0.4208,1,4.33,3.28,2.08,,,,0.3933,,-0.3083,-0.2235,-0.0573,0,,,,,0,0,,,0.0907,,,,,,,,,,,,
spelad,GR,2018/19,2018-09-01,,Atromitos,Xanthi,0,0,D,6,6,1,2,0.5153,0.6754,skott,,,,,,,,,,0.5347,0.2787,0.1866,0.5969,0.2649,0.1381,1,1.77,3.5,5.28,,,,0.3933,,-0.0572,0.1924,-0.0948,1,,,,,0,0,,,0.1729,,,,,,,,,,,,
spelad,GR,2018/19,2018-09-01,,Panathinaikos,Lamia,3,1,H,6,7,4,2,0.9957,0.7346,skott,,,,,,,,,,0.5674,0.2688,0.1638,0.6169,0.2611,0.122,1,1.7,3.6,7,,,,0.3979,,0.0608,0.0866,0.3112,1,,,,,0,0,,,0.1409,,,,,,,,,,,,
spelad,GR,2018/19,2018-09-02,,Aris,Larisa,2,0,H,12,7,7,5,1.8313,1.2151,skott,,,,,,,,,,0.5594,0.2691,0.1716,0.563,0.2823,0.1547,1,1.72,3.7,6.16,,,,0.3969,,,,,-2,,,,,1,0,,,0.0241,,,,,,,,,,,,
spelad,GR,2018/19,2018-09-02,,Olympiakos,Giannina,5,0,H,17,7,10,5,2.6077,1.2151,skott,,,,,,,,,,0.7349,0.1819,0.0832,0.7887,0.1525,0.0588,1,1.31,5.55,13,,,,0.4879,,0.7418,-1.0054,-0.0881,-1,,,,,0,0,,,0.1321,,,,,,,,,,,,
spelad,GR,2018/19,2018-09-02,,Panionios,PAOK,0,1,A,8,7,6,7,1.4344,1.5353,skott,,,,,,,,,,0.1467,0.241,0.6123,0.109,0.2355,0.6555,1,8,4.18,1.62,,,,0.443,,-0.8453,0.7097,-0.2147,-1,,,,,0,0,,,-0.1187,,,,,,,,,,,,
spelad,GR,2018/19,2018-09-03,,Levadeiakos,Apollon,1,0,H,16,8,6,2,1.9079,0.7938,skott,,,,,,,,,,0.409,0.313,0.278,0.4482,0.3338,0.218,1,2.35,3.06,3.62,,,,0.3639,,-0.5886,0.7575,-0.235,-1,,,,,0,0,,,0.1383,,,,,,,,,,,,
spelad,GR,2018/19,2018-09-03,,Panetolikos,OFI Crete,2,1,H,6,7,3,5,0.8356,1.2151,skott,,,,,,,,,,0.4018,0.3074,0.2908,0.3685,0.3473,0.2842,1,2.38,3.13,3.5,,,,0.3807,,,,,1,,,,,-1,0,,,-0.06,,,,,,,,,,,,
spelad,GR,2018/19,2018-09-15,,AEK,Panionios,4,0,H,24,4,14,1,3.6626,0.3969,skott,,,,,,,,,,0.7183,0.212,0.0697,0.7134,0.2073,0.0793,1,1.4,4.8,13.82,,,,0.4293,,0.7946,-0.477,0.8819,1,,,,,0,0,,,-0.0195,,,,,,,,,,,,
spelad,GR,2018/19,2018-09-15,,Apollon,Giannina,1,2,A,9,6,6,6,1.4936,1.316,skott,,,,,,,,,,0.3754,0.3325,0.2921,0.3535,0.3399,0.3066,1,2.67,3.01,3.4,,,,0.3438,,1.0146,-1.6853,0.7604,-1,,,,,0,0,,,-0.0581,,,,,,,,,,,,
spelad,GR,2018/19,2018-09-15,,OFI Crete,PAOK,1,3,A,6,8,3,3,0.8356,0.954,skott,,,,,,,,,,0.0872,0.2315,0.6813,0.1698,0.2584,0.5718,1,11.02,4.5,1.44,,,,0.4316,,,,,-1,,,,,1,0,,,0.2748,,,,,,,,,,,,
spelad,GR,2018/19,2018-09-16,,Atromitos,Lamia,1,0,H,11,10,6,5,1.612,1.3926,skott,,,,,,,,,,0.7389,0.2044,0.0568,0.6293,0.2598,0.1109,1,1.34,4.75,16.92,,,,0.3832,,0.5099,-0.7292,0.2977,0,,,,,0,0,,,-0.2732,,,,,,,,,,,,
spelad,GR,2018/19,2018-09-16,,Larisa,Panathinaikos,1,3,A,6,9,3,5,0.8356,1.3334,skott,,,,,,,,,,0.3141,0.3326,0.3533,0.3362,0.3495,0.3143,1,3.06,3.01,2.8,,,,0.3471,,-0.3611,0.3306,-0.3942,-1,,,,,0,0,,,0.0832,,,,,,,,,,,,
spelad,GR,2018/19,2018-09-16,,Olympiakos,Asteras Tripolis,2,1,H,12,8,8,4,1.9914,1.1141,skott,,,,,,,,,,0.7112,0.2034,0.0853,0.7297,0.1884,0.0819,1,1.41,5,11.25,,,,0.492,,0.3226,-0.929,-0.4525,-1,,,,,0,0,,,0.0403,,,,,,,,,,,,
spelad,GR,2018/19,2018-09-16,,Xanthi,Panetolikos,1,1,D,14,3,5,2,1.6294,0.4979,skott,,,,,,,,,,0.4644,0.3152,0.2205,0.5101,0.2937,0.1962,1,2.12,3.2,4.36,,,,0.3614,,0.2596,-0.72,0.444,2,,,,,0,0,,,0.1157,,,,,,,,,,,,
spelad,GR,2018/19,2018-09-17,,Aris,Levadeiakos,2,0,H,8,10,4,4,1.1141,1.2325,skott,,,,,,,,,,0.6072,0.2565,0.1363,0.667,0.2308,0.1021,1,1.63,3.79,7.5,,,,0.3903,,,,,1,,,,,1,0,,,0.1538,,,,,,,,,,,,
spelad,GR,2018/19,2018-09-22,,Asteras Tripolis,Apollon,2,0,H,20,6,11,2,2.9454,0.6754,skott,,,,,,,,,,0.6487,0.2315,0.1198,0.68,0.2174,0.1025,1,1.51,4.12,10,,,,0.4167,,-0.1541,0.2921,0.0736,-1,,,,,0,0,,,0.0798,,,,,,,,,,,,
spelad,GR,2018/19,2018-09-22,,Atromitos,Larisa,2,0,H,15,4,6,2,1.8488,0.5571,skott,,,,,,,,,,0.5909,0.2681,0.141,0.5924,0.2705,0.1372,1,1.65,3.7,7,,,,0.3949,,0.5811,-0.9046,0.2519,0,,,,,0,0,,,0.0068,,,,,,,,,,,,
spelad,GR,2018/19,2018-09-22,,Giannina,Aris,1,0,H,7,9,3,3,0.8948,1.0132,skott,,,,,,,,,,0.2946,0.3201,0.3853,0.3268,0.3203,0.3529,1,3.28,3.25,2.55,,,,0.3778,,,,,2,,,,,-1,0,,,0.0968,,,,,,,,,,,,
spelad,GR,2018/19,2018-09-23,,Panathinaikos,Levadeiakos,3,0,H,7,8,6,5,1.3752,1.2743,skott,,,,,,,,,,0.6016,0.2614,0.137,0.5956,0.2629,0.1415,1,1.64,3.8,7,,,,0.4109,,0.6442,-0.3659,0.4893,1,,,,,0,0,,,-0.0164,,,,,,,,,,,,
spelad,GR,2018/19,2018-09-23,,PAOK,AEK,2,0,H,12,9,4,4,1.3509,1.1733,skott,,,,,,,,,,0.5027,0.2849,0.2124,0.4913,0.3112,0.1975,1,1.94,3.5,4.83,,,,0.3614,,0.6971,-0.8222,0.253,0,,,,,0,0,,,-0.0079,,,,,,,,,,,,
spelad,GR,2018/19,2018-09-23,,Xanthi,OFI Crete,3,0,H,11,12,7,3,1.7721,1.1907,skott,,,,,,,,,,0.4547,0.306,0.2392,0.4445,0.322,0.2335,1,2.16,3.25,4.03,,,,0.3682,,,,,-1,,,,,-1,0,,,-0.0147,,,,,,,,,,,,
spelad,GR,2018/19,2018-09-24,,Panetolikos,Lamia,2,2,D,12,7,5,5,1.511,1.2151,skott,,,,,,,,,,0.5123,0.2927,0.195,0.479,0.3152,0.2059,1,1.88,3.5,5,,,,0.3848,,0.7199,-0.4578,0.4167,0,,,,,0,0,,,-0.0775,,,,,,,,,,,,
spelad,GR,2018/19,2018-09-24,,Panionios,Olympiakos,0,1,A,11,20,2,6,0.9714,2.1447,skott,,,,,,,,,,0.1317,0.2326,0.6357,0.1199,0.217,0.6631,1,7.5,4.2,1.57,,,,0.4693,,-0.2856,0.8047,0.1329,1,,,,,0,0,,,-0.051,,,,,,,,,,,,
spelad,GR,2018/19,2018-09-29,,Larisa,Panetolikos,1,0,H,7,7,2,3,0.7346,0.8948,skott,,,,,,,,,,0.3916,0.3233,0.285,0.4891,0.2943,0.2166,1,2.5,3.05,3.6,,,,0.3529,,-0.1918,0.189,0.0385,2,,,,,0,0,,,0.2632,,,,,,,,,,,,
spelad,GR,2018/19,2018-09-29,,OFI Crete,AEK,0,3,A,5,13,4,10,0.9365,2.3709,skott,,,,,,,,,,0.1636,0.3124,0.524,0.1796,0.2894,0.531,1,6.5,3.6,1.83,,,,0.3985,,,,,0,,,,,1,0,,,0.025,,,,,,,,,,,,
spelad,GR,2018/19,2018-09-29,,Panathinaikos,Giannina,2,1,H,12,6,4,4,1.3509,0.9957,skott,,,,,,,,,,0.5713,0.2704,0.1584,0.509,0.3032,0.1878,1,1.7,3.7,6.06,,,,0.4119,,0.6392,-1.1268,0.6115,-1,,,,,0,0,,,-0.1539,,,,,,,,,,,,
spelad,GR,2018/19,2018-09-30,,Apollon,Panionios,0,2,A,18,16,8,8,2.3466,2.2282,skott,,,,,,,,,,0.2918,0.3353,0.3729,0.2787,0.3222,0.3991,1,3.31,3.2,2.65,,,,0.3406,,-0.1693,-0.3975,-0.1738,2,,,,,0,0,,,-0.0524,,,,,,,,,,,,
spelad,GR,2018/19,2018-09-30,,Aris,Asteras Tripolis,2,0,H,7,5,4,0,1.0549,0.296,skott,,,,,,,,,,0.4227,0.3139,0.2633,0.4307,0.3116,0.2577,1,2.29,3.15,3.8,,,,0.37,,,,,0,,,,,1,0,,,0.0215,,,,,,,,,,,,
spelad,GR,2018/19,2018-09-30,,Levadeiakos,Atromitos,0,2,A,11,17,5,8,1.4518,2.2874,skott,,,,,,,,,,0.251,0.3245,0.4245,0.2594,0.338,0.4026,1,3.9,3.1,2.3,,,,0.3538,,-1.0531,1.4216,-0.35,-1,,,,,0,0,,,0.0389,,,,,,,,,,,,
spelad,GR,2018/19,2018-09-30,,Olympiakos,PAOK,0,1,A,20,6,6,5,2.1447,1.1559,skott,,,,,,,,,,0.4187,0.3137,0.2675,0.5199,0.2642,0.2159,1,2.33,3.3,3.7,,,,0.3878,,-0.8832,0.5365,-0.8435,-1,,,,,0,0,,,0.254,,,,,,,,,,,,
spelad,GR,2018/19,2018-10-01,,Lamia,Xanthi,0,0,D,18,9,10,4,2.6669,1.1733,skott,,,,,,,,,,0.3411,0.3423,0.3165,0.3733,0.3622,0.2645,1,2.85,2.95,3.1,,,,0.3224,,-0.695,1.057,-0.5763,-1,,,,,0,0,,,0.1164,,,,,,,,,,,,
spelad,GR,2018/19,2018-10-06,,Asteras Tripolis,Panathinaikos,1,1,D,9,9,8,7,1.8139,1.6537,skott,,,,,,,,,,0.4039,0.3026,0.2934,0.41,0.3239,0.2662,1,2.45,3.2,3.3,,,,0.3974,,-0.7032,0.8114,-0.6886,-1,,,,,0,0,,,0.0393,,,,,,,,,,,,
spelad,GR,2018/19,2018-10-06,,Panetolikos,Levadeiakos,2,1,H,10,3,4,1,1.2325,0.3377,skott,,,,,,,,,,0.4668,0.3043,0.2289,0.4846,0.3029,0.2125,1,2.1,3.2,4.35,,,,0.3709,,0.7489,-0.8279,0.2529,1,,,,,0,0,,,0.052,,,,,,,,,,,,
spelad,GR,2018/19,2018-10-06,,Panionios,Aris,1,0,H,9,14,4,5,1.1733,1.6294,skott,,,,,,,,,,0.3857,0.3203,0.294,0.3476,0.3109,0.3415,1,2.5,3.15,3.35,,,,0.3832,,-0.752,1.3095,-0.6861,0,,,,,-1,0,,,-0.1237,,,,,,,,,,,,
spelad,GR,2018/19,2018-10-07,,AEK,Olympiakos,1,1,D,9,9,5,5,1.3334,1.3334,skott,,,,,,,,,,0.3784,0.3133,0.3083,0.3882,0.3203,0.2915,1,2.6,3.15,3.15,,,,0.3995,,0.1901,0.0997,0.7363,1,,,,,0,0,,,0.0365,,,,,,,,,,,,
spelad,GR,2018/19,2018-10-07,,Atromitos,Giannina,1,0,H,11,3,9,1,2.0924,0.3377,skott,,,,,,,,,,0.5674,0.2846,0.148,0.6206,0.2512,0.1283,1,1.71,3.6,7.5,,,,0.3605,,0.9548,-1.2242,0.4666,-1,,,,,0,0,,,0.126,,,,,,,,,,,,
spelad,GR,2018/19,2018-10-07,,Lamia,OFI Crete,1,1,D,12,8,4,4,1.3509,1.1141,skott,,,,,,,,,,0.4693,0.2978,0.2329,0.399,0.3232,0.2778,1,2.15,3.23,4.25,,,,0.3521,,0.3131,-0.6164,0.4807,-2,,,,,-1,0,,,-0.1854,,,,,,,,,,,,
spelad,GR,2018/19,2018-10-07,,PAOK,Apollon,2,0,H,5,3,2,2,0.6163,0.4979,skott,,,,,,,,,,0.8487,0.1112,0.0401,0.8419,0.1137,0.0444,1,1.16,10.02,26,,,,0.6212,,1.9027,-1.4423,1.4849,0,,,,,0,0,,,-0.0178,,,,,,,,,,,,
spelad,GR,2018/19,2018-10-08,,Xanthi,Larisa,1,0,H,11,5,5,0,1.4518,0.296,skott,,,,,,,,,,0.4983,0.3112,0.1904,0.5687,0.2716,0.1598,1,1.95,3.2,5.05,,,,0.3521,,0.1987,-0.6623,0.2312,-2,,,,,0,0,,,0.1714,,,,,,,,,,,,
spelad,GR,2018/19,2018-10-20,,Apollon,AEK,0,2,A,12,15,7,6,1.8313,1.8488,skott,,,,,,,,,,0.1019,0.2226,0.6756,0.0966,0.2132,0.6902,1,9.75,4.65,1.45,,,,0.4331,,-0.9586,0.4751,-1.1276,0,,,,,0,0,,,-0.0252,,,,,,,,,,,,
spelad,GR,2018/19,2018-10-20,,Giannina,Panetolikos,0,2,A,13,9,3,5,1.2499,1.3334,skott,,,,,,,,,,0.4692,0.3123,0.2186,0.4586,0.3225,0.2189,1,2.1,3.2,4.5,,,,0.3666,,0.1135,-0.1812,0.4426,-1,,,,,0,0,,,-0.0215,,,,,,,,,,,,
spelad,GR,2018/19,2018-10-20,,Larisa,Lamia,1,2,A,10,7,4,4,1.2325,1.0549,skott,,,,,,,,,,0.4402,0.3224,0.2374,0.411,0.344,0.245,1,2.2,3.1,4.1,,,,0.3325,,0.4956,-0.5966,-0.0039,-1,,,,,0,0,,,-0.0658,,,,,,,,,,,,
spelad,GR,2018/19,2018-10-20,,Panathinaikos,Panionios,1,0,H,21,6,7,2,2.3641,0.6754,skott,,,,,,,,,,0.5229,0.2952,0.1819,0.5559,0.2679,0.1762,1,1.85,3.45,5.29,,,,0.3939,,-0.0245,0.1462,0.1715,0,,,,,0,0,,,0.0716,,,,,,,,,,,,
spelad,GR,2018/19,2018-10-21,,Aris,PAOK,1,2,A,8,12,4,6,1.1141,1.6712,skott,,,,,,,,,,0.2576,0.2983,0.444,0.2845,0.3452,0.3703,1,3.8,3.3,2.25,,,,0.3858,,-1.047,0.6579,-0.5963,1,,,,,1,0,,,0.1275,,,,,,,,,,,,
spelad,GR,2018/19,2018-10-21,,Levadeiakos,Xanthi,1,2,A,17,8,11,5,2.7678,1.2743,skott,,,,,,,,,,0.3449,0.3425,0.3126,0.3974,0.3332,0.2694,1,2.85,3,3.1,,,,0.3247,,-1.2736,1.6771,-0.7834,2,,,,,0,0,,,0.1482,,,,,,,,,,,,
spelad,GR,2018/19,2018-10-21,,OFI Crete,Olympiakos,1,0,H,8,8,2,4,0.7938,1.1141,skott,,,,,,,,,,0.1053,0.2194,0.6753,0.0999,0.1858,0.7143,1,9.04,4.5,1.5,,,,0.4787,,-0.9207,1.2637,-0.5346,0,,,,,1,0,,,-0.0498,,,,,,,,,,,,
spelad,GR,2018/19,2018-10-22,,Atromitos,Asteras Tripolis,3,2,H,10,8,6,4,1.5528,1.1141,skott,,,,,,,,,,0.4857,0.3024,0.2118,0.4821,0.3177,0.2002,1,2,3.25,4.7,,,,0.3589,,1.1743,-1.0652,0.921,-1,,,,,0,0,,,0.0044,,,,,,,,,,,,
spelad,GR,2018/19,2018-10-27,,Lamia,Levadeiakos,3,2,H,12,13,9,9,2.1516,2.2108,skott,,,,,,,,,,0.4317,0.3136,0.2547,0.4841,0.3054,0.2105,1,2.25,3.1,4,,,,0.3447,,0.3585,-0.4811,0.4139,1,,,,,0,0,,,0.149,,,,,,,,,,,,
spelad,GR,2018/19,2018-10-27,,Larisa,OFI Crete,0,0,D,8,4,3,1,0.954,0.3969,skott,,,,,,,,,,0.4443,0.3171,0.2386,0.3715,0.339,0.2894,1,2.25,3.1,4.1,,,,0.3529,,0.2192,-0.4085,-0.1457,1,,,,,-1,0,,,-0.1963,,,,,,,,,,,,
spelad,GR,2018/19,2018-10-28,,AEK,Aris,4,0,H,10,6,8,2,1.8731,0.6754,skott,,,,,,,,,,0.611,0.249,0.1401,0.6205,0.2518,0.1277,1,1.57,3.9,7.2,,,,0.3974,,0.1765,0.4336,0.4159,1,,,,,-1,0,,,0.0314,,,,,,,,,,,,
spelad,GR,2018/19,2018-10-28,,Panetolikos,Asteras Tripolis,1,1,D,4,8,3,3,0.7172,0.954,skott,,,,,,,,,,0.3387,0.3352,0.3261,0.2793,0.3252,0.3955,1,2.9,3.05,3,,,,0.3438,,0.7697,-0.7522,0.4607,2,,,,,0,0,,,-0.1883,,,,,,,,,,,,
spelad,GR,2018/19,2018-10-28,,Panionios,Atromitos,2,2,D,9,12,5,5,1.3334,1.511,skott,,,,,,,,,,0.3336,0.3257,0.3407,0.3126,0.323,0.3643,1,3,3,2.85,,,,0.3529,,-0.579,0.0736,-0.642,2,,,,,0,0,,,-0.0656,,,,,,,,,,,,
spelad,GR,2018/19,2018-10-29,,Olympiakos,Apollon,1,0,H,14,2,3,1,1.3091,0.2785,skott,,,,,,,,,,0.8608,0.1059,0.0332,0.8791,0.0917,0.0292,1,1.14,10,31,,,,0.6087,,0.7944,-0.495,0.4034,-1,,,,,0,0,,,0.0406,,,,,,,,,,,,
spelad,GR,2018/19,2018-10-29,,PAOK,Panathinaikos,2,0,H,14,3,6,1,1.7896,0.3377,skott,,,,,,,,,,0.6629,0.2257,0.1114,0.6578,0.2198,0.1225,1,1.49,4.5,8.57,,,,0.4474,,0.7428,-0.5666,0.198,-1,,,,,0,0,,,-0.0214,,,,,,,,,,,,
spelad,GR,2018/19,2018-10-29,,Xanthi,Giannina,2,1,H,9,9,3,4,1.0132,1.1733,skott,,,,,,,,,,0.4674,0.3076,0.225,0.5147,0.3081,0.1772,1,2.1,3.2,4.45,,,,0.3614,,0.4555,-0.9372,0.2611,-1,,,,,0,0,,,0.1423,,,,,,,,,,,,
spelad,GR,2018/19,2018-11-03,,Atromitos,PAOK,1,1,D,5,5,3,1,0.7764,0.4561,skott,,,,,,,,,,0.1752,0.2612,0.5636,0.1777,0.2522,0.5701,1,6.5,3.69,1.75,,,,0.4156,,-0.7936,0.9822,-0.3706,1,,,,,0,0,,,-0.0014,,,,,,,,,,,,
spelad,GR,2018/19,2018-11-03,,Levadeiakos,Larisa,1,1,D,5,2,3,1,0.7764,0.2785,skott,,,,,,,,,,0.4298,0.3264,0.2438,0.4503,0.335,0.2147,1,2.33,3.05,4.2,,,,0.3529,,-0.6533,0.6815,-0.2736,0,,,,,0,0,,,0.07,,,,,,,,,,,,
spelad,GR,2018/19,2018-11-03,,Panathinaikos,AEK,0,0,D,10,5,4,2,1.2325,0.6163,skott,,,,,,,,,,0.256,0.3046,0.4395,0.2195,0.279,0.5015,1,4,3.2,2.2,,,,0.3823,,0.4035,-0.0325,0.3736,-1,,,,,0,0,,,-0.135,,,,,,,,,,,,
spelad,GR,2018/19,2018-11-03,,Panionios,Panetolikos,3,0,H,7,11,4,4,1.0549,1.2917,skott,,,,,,,,,,0.5457,0.2833,0.1709,0.5563,0.2645,0.1792,1,1.8,3.5,5.62,,,,0.4204,,-0.247,0.1403,-0.2444,0,,,,,0,0,,,0.0127,,,,,,,,,,,,
spelad,GR,2018/19,2018-11-04,,Aris,Olympiakos,0,1,A,6,7,3,3,0.8356,0.8948,skott,,,,,,,,,,0.2384,0.3029,0.4587,0.2379,0.2899,0.4723,1,4.05,3.3,2.1,,,,0.413,,0.1203,-0.3742,0.2463,1,,,,,1,0,,,-0.0147,,,,,,,,,,,,
spelad,GR,2018/19,2018-11-04,,Giannina,Lamia,0,0,D,10,7,2,3,0.9122,0.8948,skott,,,,,,,,,,0.4759,0.3061,0.218,0.4613,0.3176,0.2212,1,2.06,3.25,4.45,,,,0.3691,,0.0823,-0.0716,-0.1544,-2,,,,,0,0,,,-0.0324,,,,,,,,,,,,
spelad,GR,2018/19,2018-11-04,,OFI Crete,Apollon,0,0,D,10,8,3,5,1.0724,1.2743,skott,,,,,,,,,,0.5476,0.273,0.1794,0.5524,0.2708,0.1767,1,1.8,3.51,6,,,,0.3868,,0.6813,-0.386,0.6,2,,,,,1,0,,,0.0125,,,,,,,,,,,,
spelad,GR,2018/19,2018-11-05,,Asteras Tripolis,Xanthi,0,1,A,20,5,11,4,2.9454,0.9365,skott,,,,,,,,,,0.5798,0.2572,0.163,0.6131,0.2413,0.1456,1,1.7,3.75,6,,,,0.4083,,-1.1732,1.219,-0.9249,1,,,,,0,0,,,0.0839,,,,,,,,,,,,
spelad,GR,2018/19,2018-11-10,,Larisa,Giannina,2,0,H,11,4,5,0,1.4518,0.2368,skott,,,,,,,,,,0.4498,0.2989,0.2513,0.4482,0.3054,0.2464,1,2.3,3.22,4.2,,,,0.3614,,-0.1974,-0.0976,-0.3347,1,,,,,0,0,,,0.0019,,,,,,,,,,,,
spelad,GR,2018/19,2018-11-10,,Levadeiakos,OFI Crete,2,1,H,9,4,4,4,1.1733,0.8773,skott,,,,,,,,,,0.4143,0.3283,0.2574,0.4566,0.3113,0.2321,1,2.38,3,3.75,,,,0.358,,-0.6313,0.6903,-0.314,1,,,,,-1,0,,,0.1099,,,,,,,,,,,,
spelad,GR,2018/19,2018-11-10,,Xanthi,Panionios,0,1,A,7,7,3,5,0.8948,1.2151,skott,,,,,,,,,,0.4474,0.3185,0.2341,0.4608,0.3082,0.231,1,2.15,3.15,4.11,,,,0.3657,,0.6063,-0.3637,0.6856,-2,,,,,0,0,,,0.0299,,,,,,,,,,,,
spelad,GR,2018/19,2018-11-11,,AEK,Atromitos,0,2,A,8,8,2,6,0.7938,1.4344,skott,,,,,,,,,,0.5972,0.2569,0.1459,0.6065,0.2447,0.1488,1,1.65,3.85,7,,,,0.4093,,-0.0942,-0.5397,-0.1884,0,,,,,0,0,,,0.0155,,,,,,,,,,,,
spelad,GR,2018/19,2018-11-11,,Lamia,Asteras Tripolis,0,0,D,5,10,2,5,0.6163,1.3926,skott,,,,,,,,,,0.2764,0.3315,0.3921,0.2678,0.3265,0.4057,1,3.49,3,2.49,,,,0.3521,,0.667,-0.5578,0.8707,1,,,,,0,0,,,-0.0307,,,,,,,,,,,,
spelad,GR,2018/19,2018-11-11,,Olympiakos,Panathinaikos,1,1,D,21,3,10,2,2.8445,0.4979,skott,,,,,,,,,,0.6633,0.2206,0.1161,0.6954,0.2033,0.1012,1,1.5,4.35,8.5,,,,0.438,,-0.4405,0.4918,-0.7523,-1,,,,,0,0,,,0.079,,,,,,,,,,,,
spelad,GR,2018/19,2018-11-11,,PAOK,Panetolikos,2,1,H,11,3,4,3,1.2917,0.658,skott,,,,,,,,,,0.8167,0.1304,0.053,0.836,0.1208,0.0432,1,1.17,8.2,23,,,,0.5822,,1.1405,-1.2135,0.5761,0,,,,,0,0,,,0.0485,,,,,,,,,,,,
spelad,GR,2018/19,2018-11-12,,Apollon,Aris,1,2,A,8,11,6,6,1.4344,1.612,skott,,,,,,,,,,0.2206,0.293,0.4863,0.2599,0.3168,0.4233,1,4.6,3.35,2,,,,0.3769,,-0.6784,0.6162,-0.3054,0,,,,,-1,0,,,0.1415,,,,,,,,,,,,
spelad,GR,2018/19,2018-11-24,,Asteras Tripolis,Larisa,2,0,H,6,3,2,1,0.6754,0.3377,skott,,,,,,,,,,0.6373,0.2648,0.0979,0.6449,0.2611,0.094,1,1.55,3.8,9.77,,,,0.3893,,-0.6261,0.6289,-0.3965,-1,,,,,0,0,,,0.0189,,,,,,,,,,,,
spelad,GR,2018/19,2018-11-24,,Panathinaikos,Apollon,5,1,H,19,11,12,3,3.0464,1.1316,skott,,,,,,,,,,0.7171,0.1987,0.0842,0.6456,0.2479,0.1064,1,1.38,4.8,13,,,,0.4421,,1.5159,-1.698,1.206,1,,,,,0,0,,,-0.1652,,,,,,,,,,,,
spelad,GR,2018/19,2018-11-24,,Panetolikos,AEK,2,1,H,6,5,3,2,0.8356,0.6163,skott,,,,,,,,,,0.146,0.2554,0.5986,0.1344,0.2397,0.6258,1,7,3.75,1.65,,,,0.3939,,-0.3243,0.7735,0.1667,0,,,,,0,0,,,-0.0504,,,,,,,,,,,,
spelad,GR,2018/19,2018-11-24,,PAOK,Xanthi,2,0,H,10,5,4,3,1.2325,0.7764,skott,,,,,,,,,,0.8026,0.1473,0.0501,0.8037,0.1421,0.0542,1,1.25,6.43,18.89,,,,0.5173,,0.3826,-0.0806,0.1781,-1,,,,,0,0,,,-0.002,,,,,,,,,,,,
spelad,GR,2018/19,2018-11-25,,Atromitos,Olympiakos,1,2,A,3,20,2,8,0.4979,2.465,skott,,,,,,,,,,0.266,0.3116,0.4224,0.2223,0.3013,0.4764,1,3.8,3.1,2.35,,,,0.3614,,0.8079,-1.0147,1.2682,0,,,,,0,0,,,-0.1414,,,,,,,,,,,,
spelad,GR,2018/19,2018-11-25,,Giannina,Levadeiakos,2,0,H,10,7,6,2,1.5528,0.7346,skott,,,,,,,,,,0.5028,0.2992,0.198,0.4482,0.3293,0.2225,1,1.95,3.3,4.85,,,,0.3563,,0.7251,-1.0201,0.3455,0,,,,,0,0,,,-0.1338,,,,,,,,,,,,
spelad,GR,2018/19,2018-11-25,,OFI Crete,Aris,1,2,A,3,11,2,7,0.4979,1.7721,skott,,,,,,,,,,0.3194,0.3469,0.3337,0.313,0.3465,0.3405,1,3.05,2.95,2.89,,,,0.3389,,-0.0596,0.2094,-0.0538,2,,,,,0,0,,,-0.0194,,,,,,,,,,,,
spelad,GR,2018/19,2018-11-26,,Panionios,Lamia,1,0,H,7,7,3,4,0.8948,1.0549,skott,,,,,,,,,,0.5539,0.2794,0.1667,0.4573,0.3178,0.2249,1,1.77,3.5,5.75,,,,0.3804,,0.6512,-0.8726,0.3235,1,,,,,0,0,,,-0.2516,,,,,,,,,,,,
spelad,GR,2018/19,2018-12-01,,Apollon,Atromitos,1,1,D,9,4,4,2,1.1733,0.5571,skott,,,,,,,,,,0.1715,0.2931,0.5354,0.186,0.2967,0.5173,1,5.8,3.35,1.8,,,,0.3413,,-1.3067,1.5374,-1.2183,1,,,,,0,0,,,0.0473,,,,,,,,,,,,
spelad,GR,2018/19,2018-12-01,,Giannina,OFI Crete,1,1,D,12,5,7,3,1.8313,0.7764,skott,,,,,,,,,,0.4714,0.3153,0.2132,0.4592,0.3307,0.2102,1,2.05,3.15,4.61,,,,0.3389,,-0.0831,-0.0786,0.0201,0,,,,,0,0,,,-0.0214,,,,,,,,,,,,
spelad,GR,2018/19,2018-12-01,,Larisa,Panionios,4,2,H,17,5,9,3,2.4476,0.7764,skott,,,,,,,,,,0.379,0.3391,0.2818,0.4088,0.3251,0.2661,1,2.65,2.95,3.43,,,,0.3381,,-1.0973,1.3996,-0.9082,2,,,,,0,0,,,0.0751,,,,,,,,,,,,
spelad,GR,2018/19,2018-12-02,,AEK,Xanthi,2,0,H,13,3,10,1,2.3709,0.3377,skott,,,,,,,,,,0.7366,0.1796,0.0838,0.7414,0.1774,0.0812,1,1.36,5.29,13,,,,0.48,,-0.9182,0.6489,-1.1472,0,,,,,0,0,,,0.0122,,,,,,,,,,,,
spelad,GR,2018/19,2018-12-02,,Aris,Panathinaikos,1,1,D,8,7,3,3,0.954,0.8948,skott,,,,,,,,,,0.389,0.3248,0.2862,0.4448,0.3169,0.2383,1,2.48,3.2,3.4,,,,0.4093,,-0.7675,1.4068,-0.6194,-1,,,,,0,0,,,0.1597,,,,,,,,,,,,
spelad,GR,2018/19,2018-12-02,,Levadeiakos,Asteras Tripolis,0,2,A,5,11,3,5,0.7764,1.4518,skott,,,,,,,,,,0.2926,0.3273,0.3801,0.2663,0.3067,0.427,1,3.4,3.05,2.6,,,,0.343,,-0.2789,0.5131,-0.178,-1,,,,,0,0,,,-0.0995,,,,,,,,,,,,
spelad,GR,2018/19,2018-12-03,,Lamia,PAOK,0,1,A,9,7,5,4,1.3334,1.0549,skott,,,,,,,,,,0.0841,0.2302,0.6857,0.1219,0.2939,0.5842,1,12,4.45,1.42,,,,0.3974,,-1.2132,1.0598,-0.5932,-2,,,,,0,0,,,0.1771,,,,,,,,,,,,
spelad,GR,2018/19,2018-12-03,,Olympiakos,Panetolikos,2,1,H,13,4,6,3,1.7304,0.7172,skott,,,,,,,,,,0.8257,0.128,0.0463,0.8314,0.1237,0.0449,1,1.19,7.75,23,,,,0.5696,,-0.1625,0.4832,-0.5898,-1,,,,,0,0,,,0.0128,,,,,,,,,,,,
spelad,GR,2018/19,2018-12-08,,AEK,Lamia,2,0,H,11,6,7,4,1.7721,0.9957,skott,,,,,,,,,,0.8093,0.143,0.0477,0.7212,0.2019,0.0769,1,1.23,6.8,21,,,,0.5093,,0.3482,-0.7415,-0.3161,1,,,,,0,0,,,-0.2053,,,,,,,,,,,,
spelad,GR,2018/19,2018-12-08,,Asteras Tripolis,Giannina,1,0,H,10,6,2,4,0.9122,0.9957,skott,,,,,,,,,,0.628,0.2411,0.1309,0.653,0.2275,0.1195,1,1.57,4.05,7.5,,,,0.4119,,0.1737,-0.0806,0.2115,-1,,,,,0,0,,,0.0614,,,,,,,,,,,,
spelad,GR,2018/19,2018-12-09,,Atromitos,Aris,4,2,H,11,6,7,5,1.7721,1.1559,skott,,,,,,,,,,0.4422,0.3209,0.2369,0.4509,0.3298,0.2193,1,2.2,3.15,4.1,,,,0.3682,,0.5686,-0.916,0.5313,1,,,,,0,0,,,0.0351,,,,,,,,,,,,
spelad,GR,2018/19,2018-12-09,,OFI Crete,Panathinaikos,3,1,H,8,6,5,3,1.2743,0.8356,skott,,,,,,,,,,0.3209,0.339,0.3402,0.2975,0.3222,0.3803,1,3.05,3.2,2.85,,,,0.3682,,-0.2147,0.2584,-0.5905,1,,,,,0,0,,,-0.0869,,,,,,,,,,,,
spelad,GR,2018/19,2018-12-09,,PAOK,Larisa,2,1,H,18,2,6,1,2.0263,0.2785,skott,,,,,,,,,,0.8033,0.1445,0.0522,0.7781,0.1636,0.0583,1,1.25,8,20,,,,0.5319,,1.2936,-1.105,0.6094,-2,,,,,0,0,,,-0.0564,,,,,,,,,,,,
spelad,GR,2018/19,2018-12-09,,Xanthi,Olympiakos,1,1,D,3,11,2,5,0.4979,1.4518,skott,,,,,,,,,,0.152,0.2739,0.5741,0.1179,0.2201,0.6619,1,6.5,3.75,1.7,,,,0.3778,,0.9229,-1.442,0.775,1,,,,,0,0,,,-0.156,,,,,,,,,,,,
spelad,GR,2018/19,2018-12-10,,Panetolikos,Apollon,2,1,H,8,11,4,4,1.1141,1.2917,skott,,,,,,,,,,0.5401,0.2922,0.1678,0.54,0.2965,0.1635,1,1.8,3.65,5.75,,,,0.3794,,0.8645,-0.9958,0.8262,-2,,,,,0,0,,,0.0041,,,,,,,,,,,,
spelad,GR,2018/19,2018-12-10,,Panionios,Levadeiakos,1,1,D,20,4,10,3,2.7853,0.7172,skott,,,,,,,,,,0.5335,0.2919,0.1746,0.5706,0.2732,0.1563,1,1.85,3.6,5.6,,,,0.4036,,1.704,-2.0389,1.4138,1,,,,,0,0,,,0.0924,,,,,,,,,,,,
spelad,GR,2018/19,2018-12-15,,Aris,Panetolikos,1,2,A,9,10,5,6,1.3334,1.5528,skott,,,,,,,,,,0.5971,0.2475,0.1554,0.6185,0.2394,0.1421,1,1.65,3.86,6.4,,,,0.4083,,-0.7789,0.8955,-0.9996,1,,,,,0,0,,,0.056,,,,,,,,,,,,
spelad,GR,2018/19,2018-12-15,,Asteras Tripolis,OFI Crete,2,1,H,23,8,14,5,3.6034,1.2743,skott,,,,,,,,,,0.6543,0.2302,0.1155,0.6206,0.2538,0.1256,1,1.5,4.25,8.5,,,,0.4156,,-0.368,0.647,-0.2914,1,,,,,0,0,,,-0.0775,,,,,,,,,,,,
spelad,GR,2018/19,2018-12-15,,Giannina,Panionios,3,1,H,9,6,4,3,1.1733,0.8356,skott,,,,,,,,,,0.4228,0.3181,0.2591,0.4552,0.2956,0.2492,1,2.34,3.15,3.72,,,,0.3479,,-1.1989,1.1354,-0.968,2,,,,,0,0,,,0.0747,,,,,,,,,,,,
spelad,GR,2018/19,2018-12-16,,Apollon,Xanthi,1,0,H,8,4,3,0,0.954,0.2368,skott,,,,,,,,,,0.3006,0.3286,0.3708,0.4093,0.3012,0.2895,1,3.17,3,2.75,,,,0.3398,,-1.6409,1.7509,-0.9245,-1,,,,,0,0,,,0.2985,,,,,,,,,,,,
spelad,GR,2018/19,2018-12-16,,Larisa,AEK,0,0,D,7,7,2,1,0.7346,0.5745,skott,,,,,,,,,,0.1548,0.2913,0.5539,0.1693,0.2822,0.5484,1,6.19,3.5,1.75,,,,0.3893,,-0.519,0.6666,0.2213,-1,,,,,0,0,,,0.0345,,,,,,,,,,,,
spelad,GR,2018/19,2018-12-16,,Olympiakos,Lamia,3,0,H,10,4,6,2,1.5528,0.5571,skott,,,,,,,,,,0.8355,0.127,0.0375,0.8385,0.1211,0.0404,1,1.18,7.5,26,,,,0.5411,,0.0232,0.4778,-0.2813,-1,,,,,0,0,,,0.003,,,,,,,,,,,,
spelad,GR,2018/19,2018-12-16,,Panathinaikos,Atromitos,1,0,H,5,2,3,0,0.7764,0.1184,skott,,,,,,,,,,0.3987,0.3133,0.288,0.4525,0.3114,0.2362,1,2.48,3.15,3.5,,,,0.3769,,-0.4761,0.2998,-0.4376,0,,,,,0,0,,,0.1594,,,,,,,,,,,,
spelad,GR,2018/19,2018-12-17,,Levadeiakos,PAOK,1,2,A,12,13,5,5,1.511,1.5702,skott,,,,,,,,,,0.0989,0.2347,0.6664,0.1208,0.2531,0.6261,1,9.64,4.25,1.45,,,,0.4156,,-1.5988,1.1905,-1.0796,-1,,,,,0,0,,,0.0843,,,,,,,,,,,,
spelad,GR,2018/19,2019-01-12,,Atromitos,Panetolikos,2,2,D,7,6,3,5,0.8948,1.1559,skott,,,,,,,,,,0.6038,0.2552,0.141,0.6324,0.2434,0.1242,1,1.64,3.7,7,,,,0.401,,-0.1556,-0.3432,-0.5622,-1,3,0,-0.1617,0.0222,0,0,,,0.0742,,,,,,,,,,,,
spelad,GR,2018/19,2019-01-12,,Larisa,Apollon,3,0,H,13,8,9,2,2.2108,0.7938,skott,,,,,,,,,,0.5029,0.3096,0.1875,0.5281,0.302,0.1699,1,1.95,3.2,5.16,,,,0.3373,,0.3704,-0.6719,0.1793,0,3,1,0.8259,-0.318,0,0,,,0.068,,,,,,,,,,,,
spelad,GR,2018/19,2019-01-12,,OFI Crete,Panionios,1,1,D,11,9,3,5,1.1316,1.3334,skott,,,,,,,,,,0.4368,0.3132,0.2499,0.4867,0.2926,0.2206,1,2.35,3.1,3.81,,,,0.37,,0.0323,-0.4639,0.0141,0,,,,,0,0,,,0.1291,,,,,,,,,,,,
spelad,GR,2018/19,2019-01-13,,Asteras Tripolis,PAOK,0,3,A,17,9,13,7,3.0881,1.6537,skott,,,,,,,,,,0.2398,0.3111,0.4491,0.2879,0.3256,0.3865,1,4.2,3.15,2.2,,,,0.3813,,-1.0552,0.8169,-0.5838,2,3,-1,0.4774,-0.2067,0,0,,,0.1587,,,,,,,,,,,,
spelad,GR,2018/19,2019-01-13,,Levadeiakos,Olympiakos,0,2,A,10,22,2,13,0.9122,3.3841,skott,,,,,,,,,,0.112,0.2181,0.6699,0.0916,0.1836,0.7247,1,11,4.45,1.45,,,,0.4204,,-0.7083,0.2549,-0.3806,-1,3,-2,0.0585,0.2165,0,0,,,-0.0957,,,,,,,,,,,,
spelad,GR,2018/19,2019-01-13,,Panathinaikos,Xanthi,2,2,D,12,5,9,4,2.1516,0.9365,skott,,,,,,,,,,0.5924,0.2588,0.1488,0.6251,0.2456,0.1294,1,1.65,3.8,7.5,,,,0.3763,,-0.4553,0.4656,-0.0605,0,3,0,0.1194,0.0088,0,0,,,0.0847,,,,,,,,,,,,
spelad,GR,2018/19,2019-01-14,,Aris,Lamia,1,0,H,4,4,2,1,0.5571,0.3969,skott,,,,,,,,,,0.6049,0.2607,0.1344,0.5752,0.2793,0.1455,1,1.67,3.7,7.5,,,,0.3823,,-0.2514,0.4032,-0.5314,1,,,,,0,0,,,-0.0705,,,,,,,,,,,,
spelad,GR,2018/19,2019-01-14,,Giannina,AEK,0,4,A,8,10,2,5,0.7938,1.3926,skott,,,,,,,,,,0.1932,0.305,0.5018,0.1981,0.3211,0.4808,1,5.5,3.3,1.9,,,,0.3512,,-0.6873,0.9731,0.018,1,3,-2,-0.2195,0.1187,0,0,,,0.0308,,,,,,,,,,,,
spelad,GR,2018/19,2019-01-19,,Apollon,Levadeiakos,0,0,D,9,6,4,2,1.1733,0.6754,skott,,,,,,,,,,0.4286,0.2955,0.2758,0.4266,0.3186,0.2548,1,2.28,3.22,3.7,,,,0.3823,,-0.1501,0.5516,0.1995,1,3,-2,-0.9724,0.0224,0,0,,,0.0169,,,,,,,,,,,,
spelad,GR,2018/19,2019-01-19,,Giannina,Olympiakos,1,2,A,5,8,2,4,0.6163,1.1141,skott,,,,,,,,,,0.1319,0.2047,0.6634,0.1187,0.2041,0.6771,1,8.5,4.6,1.46,,,,0.4331,,-0.6962,0.3525,-0.482,-1,3,-1,0.4951,-0.1718,0,0,,,-0.0402,,,,,,,,,,,,
spelad,GR,2018/19,2019-01-19,,PAOK,Panionios,3,0,H,9,3,6,2,1.4936,0.4979,skott,,,,,,,,,,0.8064,0.142,0.0516,0.7907,0.1541,0.0552,1,1.22,7,19,,,,0.5479,,1.008,-0.9614,0.4366,-1,3,2,0.0137,0.123,0,0,,,-0.035,,,,,,,,,,,,
spelad,GR,2018/19,2019-01-20,,AEK,Asteras Tripolis,3,0,H,15,6,9,1,2.3292,0.5153,skott,,,,,,,,,,0.6148,0.2508,0.1344,0.6122,0.2536,0.1342,1,1.6,3.95,7,,,,0.4342,,0.3504,-1.4682,-0.2657,-1,3,1,0.1156,-0.2775,0,0,,,-0.0051,,,,,,,,,,,,
spelad,GR,2018/19,2019-01-20,,Larisa,Aris,0,0,D,9,10,2,3,0.853,1.0724,skott,,,,,,,,,,0.3616,0.3192,0.3192,0.3854,0.3369,0.2777,1,2.7,3,3.1,,,,0.3302,,0.0501,-0.7677,0.5175,2,,,,,0,0,,,0.0892,,,,,,,,,,,,
spelad,GR,2018/19,2019-01-20,,OFI Crete,Panetolikos,3,0,H,11,2,9,1,2.0924,0.2785,skott,,,,,,,,,,0.4569,0.3147,0.2284,0.4611,0.2998,0.2391,1,2.08,3.4,4.16,,,,0.4093,,-0.2004,-0.669,-0.9591,0,,,,,0,0,,,-0.0022,,,,,,,,,,,,
spelad,GR,2018/19,2019-01-20,,Xanthi,Atromitos,2,1,H,11,7,3,5,1.1316,1.2151,skott,,,,,,,,,,0.3081,0.326,0.3659,0.2815,0.3315,0.387,1,3.2,3,2.65,,,,0.3471,,0.2115,-0.0146,0.1535,-1,3,-2,-0.587,0.0522,0,0,,,-0.0742,,,,,,,,,,,,
spelad,GR,2018/19,2019-01-21,,Lamia,Panathinaikos,1,0,H,7,4,4,1,1.0549,0.3969,skott,,,,,,,,,,0.3046,0.3369,0.3585,0.3465,0.3289,0.3245,1,3.15,3,2.7,,,,0.3373,,-0.3543,0.6932,-0.1763,-1,3,-2,-0.4925,0.067,0,0,,,0.1178,,,,,,,,,,,,
spelad,GR,2018/19,2019-01-26,,Giannina,Apollon,1,0,H,9,9,7,5,1.6537,1.3334,skott,,,,,,,,,,0.6202,0.2436,0.1362,0.5904,0.2681,0.1415,1,1.55,4,8,,,,0.3832,,0.2664,-0.3377,0.0244,0,3,-1,-0.4194,-0.3259,0,0,,,-0.0649,,,,,,,,,,,,
spelad,GR,2018/19,2019-01-26,,Panetolikos,Xanthi,0,0,D,6,4,1,2,0.5153,0.5571,skott,,,,,,,,,,0.4213,0.3228,0.2559,0.4177,0.3319,0.2504,1,2.26,3.1,3.8,,,,0.3614,,-0.1474,0.7608,0.3099,0,3,-2,-0.9087,0.0181,0,0,,,-0.0016,,,,,,,,,,,,
spelad,GR,2018/19,2019-01-26,,Panionios,AEK,0,2,A,7,7,3,3,0.8948,0.8948,skott,,,,,,,,,,0.1847,0.2739,0.5414,0.1655,0.2601,0.5744,1,5.5,3.6,1.75,,,,0.3744,,-0.0446,0.7003,0.4329,1,3,-3,-0.5923,-0.2281,0,0,,,-0.0713,,,,,,,,,,,,
spelad,GR,2018/19,2019-01-27,,Asteras Tripolis,Olympiakos,0,2,A,7,14,3,9,0.8948,2.27,skott,,,,,,,,,,0.193,0.2655,0.5415,0.1784,0.2515,0.5701,1,5.25,3.6,1.85,,,,0.4083,,-0.4922,0.6699,-0.3468,-1,3,-1,0.1695,0.4718,0,0,,,-0.0577,,,,,,,,,,,,
spelad,GR,2018/19,2019-01-27,,Lamia,Atromitos,2,1,H,10,7,4,4,1.2325,1.0549,skott,,,,,,,,,,0.2988,0.3332,0.368,0.291,0.3319,0.3771,1,3.25,3,2.6,,,,0.3447,,-0.5114,1.0266,0.0133,-1,3,-2,-0.5059,0.0293,0,0,,,-0.0246,,,,,,,,,,,,
spelad,GR,2018/19,2019-01-27,,Levadeiakos,Aris,1,0,H,6,12,3,2,0.8356,1.0306,skott,,,,,,,,,,0.2963,0.3267,0.3771,0.2801,0.321,0.3989,1,3.25,2.95,2.6,,,,0.3445,,-0.1663,-0.2241,-0.1877,1,,,,,0,0,,,-0.0541,,,,,,,,,,,,
spelad,GR,2018/19,2019-01-27,,Panathinaikos,Larisa,1,1,D,10,3,5,1,1.3926,0.3377,skott,,,,,,,,,,0.6565,0.2383,0.1052,0.6085,0.262,0.1296,1,1.51,4.2,8.92,,,,0.4119,,-0.2522,0.1551,-0.498,-1,3,3,1.3636,-0.2988,0,0,,,-0.1204,,,,,,,,,,,,
spelad,GR,2018/19,2019-01-27,,PAOK,OFI Crete,4,0,H,12,1,7,0,1.8313,0.0592,skott,,,,,,,,,,0.8397,0.1165,0.0438,0.7708,0.1674,0.0618,1,1.17,8.25,23,,,,0.5491,,1.2368,-0.6294,0.704,1,,,,,0,0,,,-0.1558,,,,,,,,,,,,
spelad,GR,2018/19,2019-01-30,,AEK,Levadeiakos,1,0,H,19,2,7,0,2.2457,0.1184,skott,,,,,,,,,,0.813,0.1385,0.0485,0.81,0.1397,0.0502,1,1.21,7,19.5,,,,0.5491,,0.2498,-0.5385,-0.1086,1,,,,,0,0,,,-0.0077,,,,,,,,,,,,
spelad,GR,2018/19,2019-01-30,,Lamia,Apollon,2,1,H,9,8,7,4,1.6537,1.1141,skott,,,,,,,,,,0.603,0.2657,0.1312,0.555,0.3018,0.1433,1,1.63,3.65,7.25,,,,0.3496,,0.3361,-0.3267,0.3989,-1,,,,,0,0,,,-0.1082,,,,,,,,,,,,
spelad,GR,2018/19,2019-01-30,,Olympiakos,Larisa,4,0,H,17,2,13,1,3.0881,0.2785,skott,,,,,,,,,,0.8265,0.1237,0.0498,0.8677,0.0974,0.0349,1,1.18,8.5,24,,,,0.5669,,0.1587,0.5648,-0.1415,0,,,,,0,0,,,0.0975,,,,,,,,,,,,
spelad,GR,2018/19,2019-01-30,,Panetolikos,Panathinaikos,0,1,A,5,4,1,3,0.4561,0.7172,skott,,,,,,,,,,0.3396,0.3336,0.3268,0.2673,0.3267,0.406,1,2.85,3,2.92,,,,0.3447,,0.5146,-0.0401,0.8018,1,,,,,0,0,,,-0.2237,,,,,,,,,,,,
spelad,GR,2018/19,2019-01-30,,Panionios,Asteras Tripolis,1,0,H,8,7,4,3,1.1141,0.8948,skott,,,,,,,,,,0.3325,0.3314,0.3361,0.3264,0.3298,0.3438,1,2.87,3.1,2.9,,,,0.401,,-0.3847,0.2681,-0.2015,1,,,,,0,0,,,-0.02,,,,,,,,,,,,
spelad,GR,2018/19,2019-01-30,,PAOK,Giannina,2,1,H,15,1,7,1,2.0089,0.2193,skott,,,,,,,,,,0.8054,0.1344,0.0602,0.8618,0.1024,0.0358,1,1.22,7.5,19,,,,0.5491,,1.3517,-1.9189,0.7299,-1,,,,,0,0,,,0.1372,,,,,,,,,,,,
spelad,GR,2018/19,2019-01-31,,OFI Crete,Atromitos,1,1,D,7,8,4,3,1.0549,0.954,skott,,,,,,,,,,0.3335,0.3234,0.3431,0.3191,0.3333,0.3476,1,2.86,3.1,2.8,,,,0.3691,,0.1005,-0.042,0.3023,0,,,,,0,0,,,-0.0335,,,,,,,,,,,,
spelad,GR,2018/19,2019-01-31,,Xanthi,Aris,0,1,A,4,8,2,6,0.5571,1.4344,skott,,,,,,,,,,0.3626,0.3288,0.3086,0.3896,0.338,0.2725,1,2.63,2.9,3.1,,,,0.3349,,-0.0134,-0.3734,0.041,1,,,,,0,0,,,0.0901,,,,,,,,,,,,
spelad,GR,2018/19,2019-02-02,,Lamia,Panetolikos,0,2,A,5,5,3,3,0.7764,0.7764,skott,,,,,,,,,,0.4297,0.3049,0.2655,0.501,0.3006,0.1983,1,2.4,3.3,3.8,,,,0.3571,,-0.4656,0.6862,-0.2191,0,3,-1,-0.4655,0.3408,0,0,,,0.2098,,,,,,,,,,,,
spelad,GR,2018/19,2019-02-02,,Olympiakos,Panionios,4,0,H,18,3,10,2,2.6669,0.4979,skott,,,,,,,,,,0.8256,0.1241,0.0503,0.8321,0.1192,0.0488,1,1.16,8.5,26,,,,0.5881,,0.7564,-1.03,0.5918,0,3,3,0.768,-0.2108,0,0,,,0.0145,,,,,,,,,,,,
spelad,GR,2018/19,2019-02-03,,AEK,PAOK,1,1,D,13,9,4,6,1.4101,1.4936,skott,,,,,,,,,,0.3745,0.2953,0.3302,0.3787,0.3296,0.2917,1,2.6,3.4,2.92,,,,0.3725,,-0.6618,0.6078,-0.4763,0,3,1,0.8438,-0.3054,0,0,,,0.0468,,,,,,,,,,,,
spelad,GR,2018/19,2019-02-03,,Apollon,Asteras Tripolis,0,2,A,6,10,1,6,0.5153,1.5528,skott,,,,,,,,,,0.1845,0.274,0.5415,0.1872,0.2964,0.5164,1,5.75,3.6,1.77,,,,0.3563,,-0.7173,0.3166,-0.3117,0,3,-3,-0.7525,-0.2384,0,0,,,0.0306,,,,,,,,,,,,
spelad,GR,2018/19,2019-02-03,,Aris,Giannina,1,0,H,13,4,6,0,1.7304,0.2368,skott,,,,,,,,,,0.5718,0.2676,0.1607,0.5798,0.2856,0.1346,1,1.66,3.7,6.5,,,,0.3596,,-0.0708,0.1527,-0.1995,-1,,,,,0,0,,,0.0423,,,,,,,,,,,,
spelad,GR,2018/19,2019-02-03,,Larisa,Atromitos,0,1,A,8,6,3,3,0.954,0.8356,skott,,,,,,,,,,0.3563,0.3106,0.3331,0.3034,0.3433,0.3534,1,2.75,3.2,2.9,,,,0.3479,,0.306,0.02,0.942,1,3,-2,-0.5329,0.0549,0,0,,,-0.1262,,,,,,,,,,,,
spelad,GR,2018/19,2019-02-03,,Levadeiakos,Panathinaikos,0,0,D,10,6,4,3,1.2325,0.8356,skott,,,,,,,,,,0.2722,0.3037,0.4241,0.2354,0.3018,0.4628,1,3.7,3.2,2.32,,,,0.3804,,0.0484,-0.3576,-0.0062,0,3,0,0.6889,0.0941,0,0,,,-0.1125,,,,,,,,,,,,
spelad,GR,2018/19,2019-02-03,,OFI Crete,Xanthi,0,0,D,11,5,6,2,1.612,0.6163,skott,,,,,,,,,,0.4268,0.2955,0.2777,0.4812,0.3145,0.2043,1,2.3,3.3,3.55,,,,0.3691,,0.1038,-0.248,0.0872,0,,,,,0,0,,,0.1821,,,,,,,,,,,,
spelad,GR,2018/19,2019-02-09,,Giannina,Panathinaikos,1,0,H,6,4,3,4,0.8356,0.8773,skott,,,,,,,,,,0.2936,0.327,0.3794,0.278,0.3315,0.3905,1,3.25,3.1,2.6,,,,0.3496,,-0.0258,-0.0275,0.1925,0,3,-1,0.0265,-0.3013,0,0,,,-0.0424,,,,,,,,,,,,
spelad,GR,2018/19,2019-02-09,,Panionios,Apollon,0,1,A,12,9,4,5,1.3509,1.3334,skott,,,,,,,,,,0.6373,0.2617,0.1011,0.6444,0.2536,0.102,1,1.57,3.9,9.27,,,,0.3813,,0.1335,0.4526,0.0133,1,3,2,0.6731,0.0296,0,0,,,0.0133,,,,,,,,,,,,
spelad,GR,2018/19,2019-02-09,,Xanthi,Lamia,0,0,D,7,6,3,3,0.8948,0.8356,skott,,,,,,,,,,0.4791,0.3035,0.2175,0.4653,0.3168,0.2179,1,2.05,3.2,4.5,,,,0.3381,,0.3069,-1.1945,-0.1372,-1,3,1,0.2284,0.3364,0,0,,,-0.028,,,,,,,,,,,,
spelad,GR,2018/19,2019-02-10,,AEK,OFI Crete,1,0,H,11,3,6,1,1.612,0.3377,skott,,,,,,,,,,0.7852,0.1584,0.0565,0.8035,0.1468,0.0497,1,1.25,6.5,19.5,,,,0.512,,0.6123,-0.6107,0.3846,0,,,,,0,0,,,0.0435,,,,,,,,,,,,
spelad,GR,2018/19,2019-02-10,,Atromitos,Levadeiakos,1,0,H,8,4,6,2,1.4344,0.5571,skott,,,,,,,,,,0.6719,0.2284,0.0997,0.6499,0.2508,0.0993,1,1.5,4.3,9.5,,,,0.3929,,0.0313,0.1832,-0.3703,0,3,3,1.1204,-0.2772,0,0,,,-0.0436,,,,,,,,,,,,
spelad,GR,2018/19,2019-02-10,,PAOK,Olympiakos,3,1,H,9,10,7,4,1.6537,1.2325,skott,,,,,,,,,,0.4172,0.2941,0.2887,0.4032,0.3109,0.2859,1,2.4,3.22,3.4,,,,0.3823,,0.4625,-0.5689,0.284,-1,3,-1,-0.2957,-0.2705,0,0,,,-0.0252,,,,,,,,,,,,
spelad,GR,2018/19,2019-02-11,,Asteras Tripolis,Aris,0,3,A,9,5,4,5,1.1733,1.0967,skott,,,,,,,,,,0.4137,0.3324,0.254,0.4648,0.3104,0.2248,1,2.3,3.1,3.73,,,,0.3571,,0.1865,0.2269,0.2348,0,,,,,0,0,,,0.1315,,,,,,,,,,,,
spelad,GR,2018/19,2019-02-11,,Panetolikos,Larisa,2,2,D,5,11,4,4,0.9365,1.2917,skott,,,,,,,,,,0.4509,0.3006,0.2485,0.4475,0.3196,0.2329,1,2.1,3.3,4.1,,,,0.3691,,0.3486,-0.0453,0.2604,1,3,-1,-0.3204,-0.2919,0,0,,,0.0087,,,,,,,,,,,,
spelad,GR,2018/19,2019-02-16,,Giannina,Atromitos,0,2,A,12,9,7,3,1.8313,1.0132,skott,,,,,,,,,,0.2925,0.3373,0.3702,0.288,0.3409,0.3711,1,3.3,2.95,2.6,,,,0.3414,,0.0471,0.1324,0.369,1,3,-1,-0.3667,0.3774,0,0,,,-0.0099,,,,,,,,,,,,
spelad,GR,2018/19,2019-02-16,,Panathinaikos,Asteras Tripolis,1,0,H,12,7,6,3,1.6712,0.8948,skott,,,,,,,,,,0.5043,0.2947,0.2011,0.493,0.3033,0.2037,1,1.91,3.3,5,,,,0.3753,,-0.0545,-0.7061,-0.1918,2,3,-1,-0.7599,0.3451,0,0,,,-0.0251,,,,,,,,,,,,
spelad,GR,2018/19,2019-02-17,,Aris,Panionios,1,1,D,11,4,5,3,1.4518,0.7172,skott,,,,,,,,,,0.5614,0.2733,0.1653,0.6047,0.2541,0.1411,1,1.75,3.6,5.8,,,,0.365,,0.727,-1.2464,0.61,-2,,,,,0,0,,,0.111,,,,,,,,,,,,
spelad,GR,2018/19,2019-02-17,,Larisa,Xanthi,1,1,D,12,4,5,2,1.511,0.5571,skott,,,,,,,,,,0.4234,0.3253,0.2513,0.4292,0.3532,0.2175,1,2.3,3,4,,,,0.3155,,-0.3234,0.3701,0.0188,-2,3,-1,0.162,-0.2733,0,0,,,0.0454,,,,,,,,,,,,
spelad,GR,2018/19,2019-02-17,,Levadeiakos,Panetolikos,1,0,H,8,3,2,1,0.7938,0.3377,skott,,,,,,,,,,0.3688,0.3224,0.3088,0.3951,0.3348,0.2701,1,2.6,3,3.2,,,,0.3438,,-0.4183,-0.2163,-0.3026,1,3,-1,0.0322,-0.3043,0,0,,,0.0913,,,,,,,,,,,,
spelad,GR,2018/19,2019-02-17,,Olympiakos,AEK,4,1,H,8,6,4,4,1.1141,0.9957,skott,,,,,,,,,,0.504,0.2964,0.1997,0.5306,0.2919,0.1775,1,1.9,3.3,5,,,,0.3734,,-0.4063,0.4381,-0.2699,0,3,-2,-1.0545,0.0218,0,0,,,0.0754,,,,,,,,,,,,
spelad,GR,2018/19,2019-02-18,,Apollon,PAOK,1,5,A,7,15,1,10,0.5745,2.4893,skott,,,,,,,,,,0.0781,0.1772,0.7447,0.1052,0.1577,0.7371,1,14,5.75,1.3,,,,0.5399,,-1.2273,1.7033,-0.7543,1,3,-2,-0.0303,0.1825,0,0,,,0.0618,,,,,,,,,,,,
spelad,GR,2018/19,2019-02-18,,OFI Crete,Lamia,1,3,A,16,9,8,6,2.2282,1.4936,skott,,,,,,,,,,0.4523,0.3352,0.2124,0.4431,0.3398,0.2171,1,2.15,3.1,4.45,,,,0.3547,,-0.0852,-0.7015,-0.1591,-1,,,,,0,0,,,-0.023,,,,,,,,,,,,
spelad,GR,2018/19,2019-02-23,,AEK,Apollon,2,1,H,13,7,6,4,1.7304,1.0549,skott,,,,,,,,,,0.8341,0.1236,0.0422,0.8428,0.1205,0.0367,1,1.17,8.25,29,,,,0.5503,,0.5425,-0.9395,0.259,1,3,2,0.0672,0.1322,0,0,,,0.0228,,,,,,,,,,,,
spelad,GR,2018/19,2019-02-23,,Asteras Tripolis,Atromitos,1,1,D,5,6,1,2,0.4561,0.6754,skott,,,,,,,,,,0.4062,0.3345,0.2593,0.4353,0.3175,0.2473,1,2.4,3,3.75,,,,0.343,,-0.7957,1.6083,-0.3779,0,3,-3,-1.1368,-0.3264,0,0,,,0.0701,,,,,,,,,,,,
spelad,GR,2018/19,2019-02-23,,Xanthi,Levadeiakos,0,1,A,5,5,2,4,0.6163,0.9365,skott,,,,,,,,,,0.5068,0.3212,0.172,0.4899,0.3222,0.1879,1,1.95,3.2,5.51,,,,0.3446,,0.0857,-0.1708,-0.3162,0,3,1,0.5718,-0.3246,0,0,,,-0.0497,,,,,,,,,,,,
spelad,GR,2018/19,2019-02-24,,Lamia,Larisa,2,1,H,11,7,5,2,1.4518,0.7346,skott,,,,,,,,,,0.4173,0.3347,0.248,0.4336,0.3366,0.2298,1,2.3,3,3.85,,,,0.343,,0.6546,-0.0619,0.5839,-1,3,0,0.1634,0.0207,0,0,,,0.0509,,,,,,,,,,,,
spelad,GR,2018/19,2019-02-24,,Panionios,Panathinaikos,2,0,H,10,4,8,2,1.8731,0.5571,skott,,,,,,,,,,0.3064,0.3417,0.3518,0.3055,0.3448,0.3498,1,3.1,3,2.7,,,,0.358,,-0.3287,0.6562,-0.1016,-1,3,-1,-0.0288,-0.2884,0,0,,,0.0002,,,,,,,,,,,,
spelad,GR,2018/19,2019-02-24,,PAOK,Aris,1,1,D,4,6,1,1,0.3969,0.5153,skott,,,,,,,,,,0.6816,0.2141,0.1044,0.7185,0.192,0.0895,1,1.43,4.7,10,,,,0.4406,,0.7884,-1.4728,0.577,-1,,,,,0,0,,,0.0889,,,,,,,,,,,,
spelad,GR,2018/19,2019-02-25,,Olympiakos,OFI Crete,5,1,H,13,4,9,2,2.2108,0.5571,skott,,,,,,,,,,0.8153,0.1328,0.0519,0.8406,0.1093,0.0501,1,1.2,8,19,,,,0.5833,,1.0638,-1.2564,0.8591,1,,,,,0,0,,,0.0523,,,,,,,,,,,,
spelad,GR,2018/19,2019-02-25,,Panetolikos,Giannina,1,0,H,5,10,5,7,1.0967,1.7129,skott,,,,,,,,,,0.4678,0.3088,0.2234,0.4419,0.3265,0.2316,1,2.15,3.1,4.23,,,,0.3455,,-0.0034,-0.3128,-0.0337,-1,3,2,1.1601,0.0213,0,0,,,-0.06,,,,,,,,,,,,
spelad,GR,2018/19,2019-03-02,,Aris,AEK,2,0,H,9,6,9,0,1.974,0.3552,skott,,,,,,,,,,0.2926,0.3511,0.3564,0.2906,0.3495,0.3599,1,3.4,2.95,2.66,,,,0.3389,,-0.3031,0.1793,0.0646,-1,,,,,0,0,,,-0.0076,,,,,,,,,,,,
spelad,GR,2018/19,2019-03-02,,Giannina,Xanthi,0,0,D,7,5,2,3,0.7346,0.7764,skott,,,,,,,,,,0.4187,0.3453,0.236,0.4481,0.3345,0.2175,1,2.3,2.85,4.25,,,,0.3039,,-0.4152,1.0848,0.004,-2,3,-2,-0.836,0.0233,0,0,,,0.0773,,,,,,,,,,,,
spelad,GR,2018/19,2019-03-03,,Asteras Tripolis,Panetolikos,3,0,H,11,11,5,5,1.4518,1.4518,skott,,,,,,,,,,0.5553,0.2607,0.184,0.6202,0.2449,0.1349,1,1.75,3.6,5.6,,,,0.3832,,-0.7979,1.3034,-0.6725,2,3,1,-0.0512,0.3736,0,0,,,0.1789,,,,,,,,,,,,
spelad,GR,2018/19,2019-03-03,,Atromitos,Panionios,3,0,H,6,4,3,1,0.8356,0.3969,skott,,,,,,,,,,0.6176,0.2435,0.139,0.6119,0.2546,0.1335,1,1.55,4.1,9,,,,0.3893,,0.3823,-0.8939,-0.1074,1,3,0,-0.4416,0.6716,0,0,,,-0.0058,,,,,,,,,,,,
spelad,GR,2018/19,2019-03-03,,Levadeiakos,Lamia,1,1,D,4,4,2,2,0.5571,0.5571,skott,,,,,,,,,,0.3968,0.3412,0.262,0.4001,0.3372,0.2627,1,2.4,2.9,3.95,,,,0.3208,,-0.1966,-0.2668,-0.1622,1,3,-1,-0.4785,0.3546,0,0,,,0.0058,,,,,,,,,,,,
spelad,GR,2018/19,2019-03-03,,OFI Crete,Larisa,0,0,D,7,2,4,0,1.0549,0.1184,skott,,,,,,,,,,0.4702,0.3059,0.224,0.5109,0.2946,0.1944,1,2.06,3.2,4.6,,,,0.3623,,-0.14,0.7125,-0.1114,-1,,,,,0,0,,,0.111,,,,,,,,,,,,
spelad,GR,2018/19,2019-03-03,,Panathinaikos,PAOK,0,2,A,9,8,3,5,1.0132,1.2743,skott,,,,,,,,,,0.2319,0.2674,0.5007,0.2273,0.3014,0.4713,1,4.5,3.52,1.95,,,,0.3964,,-0.963,1.8193,-0.9755,0,3,-3,-0.6628,-0.2373,0,0,,,0.0203,,,,,,,,,,,,
spelad,GR,2018/19,2019-03-04,,Apollon,Olympiakos,0,2,A,6,16,2,8,0.6754,2.2282,skott,,,,,,,,,,0.0729,0.1468,0.7803,0.063,0.1067,0.8303,1,23,7.25,1.21,,,,0.6343,,-0.9659,1.6127,-0.6752,2,3,-1,0.6752,-0.1364,0,0,,,-0.0699,,,,,,,,,,,,
spelad,GR,2018/19,2019-03-09,,AEK,Panathinaikos,0,0,D,9,3,4,0,1.1733,0.1776,skott,,,,,,,,,,0.5823,0.2749,0.1427,0.557,0.2921,0.1509,1,1.67,3.7,7,,,,0.4021,,0.6077,-0.304,0.5899,1,3,1,-0.1441,0.3851,0,0,,,-0.0588,,,,,,,,,,,,
spelad,GR,2018/19,2019-03-09,,Xanthi,Asteras Tripolis,0,0,D,12,4,3,2,1.1907,0.5571,skott,,,,,,,,,,0.3455,0.3584,0.2961,0.3304,0.3573,0.3122,1,2.76,2.9,3.22,,,,0.3232,,0.1909,-0.4748,0.2259,1,3,1,0.6586,0.382,0,0,,,-0.0462,,,,,,,,,,,,
spelad,GR,2018/19,2019-03-10,,Apollon,OFI Crete,0,0,D,5,15,1,5,0.4561,1.6886,skott,,,,,,,,,,0.2586,0.3073,0.4341,0.25,0.2873,0.4627,1,3.66,3.2,2.25,,,,0.4067,,0.1894,-0.4302,0.2121,-1,,,,,0,0,,,-0.0458,,,,,,,,,,,,
spelad,GR,2018/19,2019-03-10,,Lamia,Giannina,1,1,D,4,3,3,2,0.7172,0.4979,skott,,,,,,,,,,0.4525,0.3261,0.2215,0.4767,0.3275,0.1957,1,2.23,3,4.27,,,,0.3247,,0.9414,-0.574,0.9376,-1,3,1,0.5879,0.3714,0,0,,,0.0743,,,,,,,,,,,,
spelad,GR,2018/19,2019-03-10,,Larisa,Levadeiakos,2,0,H,10,4,4,1,1.2325,0.3969,skott,,,,,,,,,,0.4895,0.2952,0.2152,0.4521,0.3265,0.2214,1,2.07,3.2,4.6,,,,0.3438,,-0.7511,0.6518,-0.8909,0,3,0,0.0589,0.0015,0,0,,,-0.081,,,,,,,,,,,,
spelad,GR,2018/19,2019-03-10,,Olympiakos,Aris,4,1,H,7,5,6,1,1.3752,0.4561,skott,,,,,,,,,,0.7233,0.1757,0.1011,0.7097,0.1883,0.1019,1,1.35,5.75,11,,,,0.5491,,0.4788,-0.9281,-0.1489,-2,,,,,0,0,,,-0.0279,,,,,,,,,,,,
spelad,GR,2018/19,2019-03-10,,PAOK,Atromitos,3,0,H,7,6,4,0,1.0549,0.3552,skott,,,,,,,,,,0.6864,0.2175,0.096,0.724,0.1912,0.0848,1,1.45,4.5,9.65,,,,0.472,,0.2012,-0.5355,0.211,0,3,2,0.2882,0.0804,0,0,,,0.0863,,,,,,,,,,,,
spelad,GR,2018/19,2019-03-11,,Panetolikos,Panionios,5,0,H,13,9,6,5,1.7304,1.3334,skott,,,,,,,,,,0.4243,0.3186,0.2571,0.4034,0.3395,0.2571,1,2.25,3.05,4,,,,0.3471,,0.2444,-0.7199,-0.163,0,3,-1,-0.3965,0.3768,0,0,,,-0.0418,,,,,,,,,,,,
spelad,GR,2018/19,2019-03-16,,Asteras Tripolis,Lamia,0,0,D,5,4,3,1,0.7764,0.3969,skott,,,,,,,,,,0.5664,0.2841,0.1495,0.5743,0.2687,0.157,1,1.72,3.55,6.5,,,,0.3778,,-0.6192,0.2538,-0.8972,1,3,-2,-1.2872,0.0171,0,0,,,0.0083,,,,,,,,,,,,
spelad,GR,2018/19,2019-03-16,,Giannina,Larisa,0,0,D,13,2,5,1,1.5702,0.2785,skott,,,,,,,,,,0.5039,0.311,0.1851,0.4946,0.3198,0.1856,1,1.95,3.1,5.09,,,,0.3373,,0.0708,0.053,0.0536,0,3,-1,-0.8038,0.3658,0,0,,,-0.0191,,,,,,,,,,,,
spelad,GR,2018/19,2019-03-16,,Panetolikos,PAOK,1,2,A,2,9,2,4,0.4387,1.1733,skott,,,,,,,,,,0.1216,0.228,0.6504,0.1495,0.2382,0.6123,1,9,4.55,1.46,,,,0.4761,,-0.3844,0.6054,-0.3225,-1,3,-3,-0.3822,-0.1665,0,0,,,0.0939,,,,,,,,,,,,
spelad,GR,2018/19,2019-03-17,,Atromitos,AEK,0,1,A,5,12,5,11,1.0967,2.4719,skott,,,,,,,,,,0.3328,0.326,0.3412,0.3456,0.3444,0.31,1,3.2,2.95,2.82,,,,0.3496,,0.3502,-0.8289,0.4936,-1,3,2,1.5634,0.0626,0,0,,,0.0567,,,,,,,,,,,,
spelad,GR,2018/19,2019-03-17,,OFI Crete,Levadeiakos,2,0,H,16,3,7,1,2.0681,0.3377,skott,,,,,,,,,,0.5344,0.2912,0.1745,0.5763,0.2544,0.1693,1,1.82,3.4,5.75,,,,0.3463,,-1.108,1.5203,-1.0233,0,,,,,0,0,,,0.089,,,,,,,,,,,,
spelad,GR,2018/19,2019-03-17,,Panionios,Xanthi,1,0,H,7,5,3,2,0.8948,0.6163,skott,,,,,,,,,,0.5176,0.2925,0.1899,0.5057,0.3161,0.1783,1,1.88,3.3,5.25,,,,0.3302,,0.046,1.2731,0.3926,-2,3,0,0.0372,0.0155,0,0,,,-0.0121,,,,,,,,,,,,
spelad,GR,2018/19,2019-03-18,,Aris,Apollon,5,0,H,16,1,9,0,2.3884,0.0592,skott,,,,,,,,,,0.79,0.1567,0.0534,0.7948,0.1202,0.085,1,1.22,6.5,23,,,,0.5,,0.3384,-0.2084,0.619,0,,,,,0,0,,,-0.0218,,,,,,,,,,,,
spelad,GR,2018/19,2019-03-30,,Lamia,Panionios,1,0,H,11,3,6,0,1.612,0.1776,skott,,,,,,,,,,0.4082,0.3152,0.2766,0.3998,0.3453,0.2549,1,2.44,3.1,3.65,,,,0.37,,0.2404,-1.0987,0.1634,1,3,-1,0.0362,-0.3062,0,0,,,0.0049,,,,,,,,,,,,
spelad,GR,2018/19,2019-03-30,,Larisa,Asteras Tripolis,2,1,H,8,4,5,3,1.2743,0.7172,skott,,,,,,,,,,0.3152,0.3664,0.3184,0.294,0.3812,0.3247,1,3.1,2.83,3.1,,,,0.3454,,-0.064,0.1079,0.2828,0,3,-2,-0.4599,0.066,0,0,,,-0.0487,,,,,,,,,,,,
spelad,GR,2018/19,2019-03-30,,Levadeiakos,Giannina,0,2,A,11,8,4,4,1.2917,1.1141,skott,,,,,,,,,,0.3867,0.3313,0.282,0.3599,0.3396,0.3005,1,2.5,3.1,3.5,,,,0.3413,,0.527,-0.4422,0.393,-1,3,-1,-0.3052,0.3671,0,0,,,-0.0721,,,,,,,,,,,,
spelad,GR,2018/19,2019-03-31,,AEK,Panetolikos,4,0,H,8,1,5,0,1.2743,0.0592,skott,,,,,,,,,,0.7071,0.1967,0.0963,0.7424,0.1697,0.0879,1,1.4,4.75,10,,,,0.4787,,-0.1468,1.2067,-0.1705,-1,3,1,-0.1661,-0.2303,0,0,,,0.0791,,,,,,,,,,,,
spelad,GR,2018/19,2019-03-31,,Aris,OFI Crete,3,1,H,21,3,11,2,3.0046,0.4979,skott,,,,,,,,,,0.6184,0.2352,0.1464,0.6407,0.2278,0.1315,1,1.57,4.1,7.5,,,,0.4433,,1.0232,-1.3283,1.2307,-1,,,,,0,0,,,0.0594,,,,,,,,,,,,
spelad,GR,2018/19,2019-03-31,,Olympiakos,Atromitos,2,1,H,9,9,4,5,1.1733,1.3334,skott,,,,,,,,,,0.7196,0.1853,0.0951,0.7244,0.1794,0.0962,1,1.38,5.01,11,,,,0.5526,,-0.0163,-0.6558,0.0668,7,3,0,-0.6042,0.0749,0,0,,,0.0086,,,,,,,,,,,,
spelad,GR,2018/19,2019-03-31,,Xanthi,PAOK,1,2,A,4,12,3,6,0.7172,1.6712,skott,,,,,,,,,,0.1086,0.2139,0.6776,0.0973,0.1867,0.716,1,13,4.5,1.45,,,,0.4182,,-1.1218,0.9403,-1.106,-1,3,-3,-0.4578,-0.1928,0,0,,,-0.061,,,,,,,,,,,,
spelad,GR,2018/19,2019-04-01,,Apollon,Panathinaikos,1,3,A,3,12,1,5,0.3377,1.511,skott,,,,,,,,,,0.1222,0.2057,0.6721,0.1107,0.2595,0.6299,1,12.5,4.64,1.4,,,,0.4267,,-0.0154,0.317,0.2711,-7,3,-2,-0.4838,0.0622,0,0,,,0.0192,,,,,,,,,,,,
spelad,GR,2018/19,2019-04-06,,OFI Crete,Giannina,1,0,H,12,2,6,1,1.6712,0.2785,skott,,,,,,,,,,0.4658,0.3041,0.2301,0.5364,0.2783,0.1853,1,2.16,3.11,4.33,,,,0.3422,,-0.4555,0.6804,-0.4215,-1,,,,,0,0,,,0.1858,,,,,,,,,,,,
spelad,GR,2018/19,2019-04-06,,Panathinaikos,Aris,2,0,H,10,10,6,0,1.5528,0.5919,skott,,,,,,,,,,0.3722,0.3284,0.2994,0.3446,0.3293,0.326,1,2.55,3.05,3.3,,,,0.3648,,-0.0806,0.3096,-0.7354,-1,,,,,0,0,,,-0.0817,,,,,,,,,,,,
spelad,GR,2018/19,2019-04-06,,Panionios,Larisa,1,0,H,6,11,2,8,0.6754,1.9323,skott,,,,,,,,,,0.4935,0.3051,0.2014,0.5254,0.2922,0.1824,1,1.96,3.25,5,,,,0.3563,,-0.1217,1.0704,-0.3076,0,3,0,-0.1641,0.0319,0,0,,,0.0826,,,,,,,,,,,,
spelad,GR,2018/19,2019-04-07,,Asteras Tripolis,Levadeiakos,0,0,D,12,4,7,1,1.8313,0.3969,skott,,,,,,,,,,0.655,0.2367,0.1084,0.7187,0.196,0.0853,1,1.5,4.05,10,,,,0.3848,,0.023,-0.4501,-0.3953,0,3,1,0.2363,-0.2905,0,0,,,0.1505,,,,,,,,,,,,
spelad,GR,2018/19,2019-04-07,,Panetolikos,Olympiakos,0,5,A,4,19,2,13,0.5571,3.2065,skott,,,,,,,,,,0.1444,0.2245,0.6311,0.1424,0.2039,0.6536,1,7.5,4.3,1.55,,,,0.4881,,-0.4046,1.0473,-0.1759,0,3,-3,-0.4111,-0.1629,0,0,,,-0.0264,,,,,,,,,,,,
spelad,GR,2018/19,2019-04-07,,PAOK,Lamia,3,0,H,11,4,5,0,1.4518,0.2368,skott,,,,,,,,,,0.8371,0.1199,0.043,0.8343,0.1128,0.0529,1,1.15,8.5,28,,,,0.5881,,0.5493,-0.9059,0.205,-1,3,3,0.6469,-0.201,0,0,,,-0.0154,,,,,,,,,,,,
spelad,GR,2018/19,2019-04-07,,Xanthi,AEK,1,3,A,5,12,3,10,0.7764,2.3117,skott,,,,,,,,,,0.2133,0.3047,0.482,0.226,0.3156,0.4584,1,4.6,3.2,2.02,,,,0.3587,,-0.4867,-0.1853,-0.4428,0,3,-2,-0.1844,0.1215,0,0,,,0.049,,,,,,,,,,,,
spelad,GR,2018/19,2019-04-08,,Atromitos,Apollon,1,0,H,13,14,5,2,1.5702,1.149,skott,,,,,,,,,,0.8224,0.1231,0.0544,0.8335,0.1189,0.0476,1,1.16,8.25,23,,,,0.6266,,0.4592,-1.0479,0.3648,1,3,1,-0.0152,0.3601,0,0,,,0.0289,,,,,,,,,,,,
spelad,GR,2018/19,2019-04-14,,Apollon,Panetolikos,0,1,A,5,4,1,2,0.4561,0.5571,skott,,,,,,,,,,0.1848,0.254,0.5612,0.2163,0.2617,0.522,1,5.5,3.85,1.75,,,,0.5133,,-0.1377,0.2891,0.1981,-1,3,0,0.3321,0.0378,0,0,,,0.1021,,,,,,,,,,,,
spelad,GR,2018/19,2019-04-14,,Aris,Atromitos,0,2,A,7,3,2,2,0.7346,0.4979,skott,,,,,,,,,,0.4571,0.3004,0.2426,0.5081,0.2875,0.2043,1,2.11,3.2,4.05,,,,0.3838,,-0.2863,0.141,0.1909,2,,,,,0,0,,,0.1404,,,,,,,,,,,,
spelad,GR,2018/19,2019-04-14,,Giannina,Asteras Tripolis,0,0,D,6,5,3,2,0.8356,0.6163,skott,,,,,,,,,,0.3648,0.3351,0.3001,0.371,0.3385,0.2905,1,2.65,2.95,3.5,,,,0.3365,,0.1435,0.0186,0.6847,1,3,0,0.3114,0.059,0,0,,,0.0221,,,,,,,,,,,,
spelad,GR,2018/19,2019-04-14,,Lamia,AEK,2,2,D,6,6,3,2,0.8356,0.6754,skott,,,,,,,,,,0.2199,0.2912,0.4889,0.1916,0.284,0.5245,1,4.33,3.3,2.05,,,,0.3939,,0.1415,-0.2939,0.3434,0,3,-3,-0.3455,-0.1736,0,0,,,-0.0923,,,,,,,,,,,,
spelad,GR,2018/19,2019-04-14,,Larisa,PAOK,1,1,D,5,17,3,5,0.7764,1.807,skott,,,,,,,,,,0.13,0.2152,0.6547,0.1365,0.2308,0.6327,1,7.75,4.55,1.48,,,,0.492,,-1.0436,1.2414,-0.4856,1,3,-2,0.0172,0.1809,0,0,,,0.0349,,,,,,,,,,,,
spelad,GR,2018/19,2019-04-14,,Levadeiakos,Panionios,1,2,A,7,11,4,8,1.0549,1.9323,skott,,,,,,,,,,0.4342,0.3014,0.2644,0.3508,0.3082,0.3409,1,2.26,3.15,3.8,,,,0.3759,,-0.154,-0.2843,0.0733,-1,3,0,0.4161,0.054,0,0,,,-0.2432,,,,,,,,,,,,
spelad,GR,2018/19,2019-04-14,,Olympiakos,Xanthi,4,0,H,17,3,9,2,2.4476,0.4979,skott,,,,,,,,,,0.8421,0.1078,0.0501,0.868,0.0928,0.0392,1,1.16,9.5,34,,,,0.6529,,1.2003,-1.6514,1.0547,0,3,1,-0.63,0.468,0,0,,,0.0627,,,,,,,,,,,,
spelad,GR,2018/19,2019-04-14,,Panathinaikos,OFI Crete,1,3,A,6,9,2,6,0.6754,1.4936,skott,,,,,,,,,,0.4944,0.2844,0.2212,0.4499,0.2981,0.252,1,2,3.4,4.6,,,,0.4026,,0.5523,-0.8262,0.2013,0,,,,,0,0,,,-0.1199,,,,,,,,,,,,
spelad,GR,2018/19,2019-04-21,,AEK,Larisa,0,1,A,10,3,5,1,1.3926,0.3377,skott,,,,,,,,,,0.6388,0.2398,0.1214,0.6996,0.2055,0.0949,1,1.46,4.45,9,,,,0.4881,,0.1014,0.284,-0.1547,0,3,1,-0.5508,0.447,0,0,,,0.1482,,,,,,,,,,,,
spelad,GR,2018/19,2019-04-21,,Atromitos,Panathinaikos,2,0,H,7,4,5,1,1.2151,0.3969,skott,,,,,,,,,,0.4985,0.2804,0.2211,0.4788,0.3125,0.2088,1,1.95,3.4,4.75,,,,0.4156,,0.4916,-0.8065,0.5186,0,3,-2,-0.9938,0.0089,0,0,,,-0.027,,,,,,,,,,,,
spelad,GR,2018/19,2019-04-21,,Lamia,Olympiakos,1,3,A,8,7,4,5,1.1141,1.2151,skott,,,,,,,,,,0.1351,0.1974,0.6675,0.137,0.1836,0.6793,1,9,5,1.45,,,,0.5358,,-0.374,1.3675,0.1108,0,3,-3,-0.2288,-0.1132,0,0,,,-0.0079,,,,,,,,,,,,
spelad,GR,2018/19,2019-04-21,,OFI Crete,Asteras Tripolis,1,1,D,3,4,2,2,0.4979,0.5571,skott,,,,,,,,,,0.5345,0.2751,0.1904,0.5192,0.2867,0.1941,1,1.9,3.5,5.75,,,,0.3893,,-0.0711,0.9095,0.6084,0,,,,,0,0,,,-0.0342,,,,,,,,,,,,
spelad,GR,2018/19,2019-04-21,,Panetolikos,Aris,1,2,A,4,9,2,6,0.5571,1.4936,skott,,,,,,,,,,0.2393,0.2973,0.4634,0.2346,0.2695,0.4959,1,3.95,3.23,2.14,,,,0.4083,,0.5762,-0.2298,0.1803,0,,,,,0,0,,,-0.0419,,,,,,,,,,,,
spelad,GR,2018/19,2019-04-21,,Panionios,Giannina,2,1,H,5,5,3,1,0.7764,0.4561,skott,,,,,,,,,,0.1816,0.2458,0.5726,0.2338,0.2785,0.4877,1,6.5,3.82,1.71,,,,0.3944,,1.0029,-0.113,0.7879,0,3,-2,-1.0303,0.0223,0,0,,,0.1891,,,,,,,,,,,,
spelad,GR,2018/19,2019-04-21,,PAOK,Levadeiakos,5,0,H,16,2,9,1,2.3884,0.2785,skott,,,,,,,,,,0.8653,0.097,0.0377,0.9044,0.0702,0.0254,1,1.12,11,34,,,,0.6959,,0.5973,-1.0481,0.3724,0,3,2,0.0155,0.1395,0,0,,,0.0904,,,,,,,,,,,,
spelad,GR,2018/19,2019-04-21,,Xanthi,Apollon,2,0,H,14,5,3,3,1.3091,0.7764,skott,,,,,,,,,,0.7969,0.1444,0.0587,0.7902,0.1357,0.0741,1,1.22,7.25,18,,,,0.5567,,-0.0522,-0.3645,-0.1863,0,3,-1,-0.3774,-0.3159,0,0,,,-0.0289,,,,,,,,,,,,
spelad,GR,2018/19,2019-05-04,,Apollon,Lamia,0,3,A,9,9,4,6,1.1733,1.4936,skott,,,,,,,,,,0.297,0.2744,0.4286,0.2007,0.2447,0.5546,1,3.3,3.5,2.25,,,,0.508,,-0.4354,0.2683,-0.5663,0,3,-1,-0.5509,0.2582,0,0,,,-0.3186,,,,,,,,,,,,
spelad,GR,2018/19,2019-05-05,,Aris,Xanthi,7,2,H,17,7,14,4,3.2483,1.0549,skott,,,,,,,,,,0.6942,0.1895,0.1163,0.6949,0.2004,0.1046,1,1.39,5.25,9,,,,0.5902,,0.2978,-0.038,0.6825,0,,,,,0,0,,,0.0131,,,,,,,,,,,,
spelad,GR,2018/19,2019-05-05,,Asteras Tripolis,Panionios,3,0,H,14,9,10,6,2.4301,1.4936,skott,,,,,,,,,,0.7284,0.1786,0.093,0.6701,0.2087,0.1212,1,1.33,5.75,11.25,,,,0.5628,,-0.7969,-0.5027,-1.0815,0,3,-2,-1.0405,0.0073,0,0,,,-0.1449,,,,,,,,,,,,
spelad,GR,2018/19,2019-05-05,,Atromitos,OFI Crete,0,2,A,7,5,2,4,0.7346,0.9365,skott,,,,,,,,,,0.3413,0.3543,0.3044,0.3831,0.3261,0.2908,1,2.9,2.88,3.4,,,,0.3663,,0.4206,-0.7681,0.1801,0,,,,,0,0,,,0.0972,,,,,,,,,,,,
spelad,GR,2018/19,2019-05-05,,Giannina,PAOK,0,2,A,7,11,3,8,0.8948,1.9323,skott,,,,,,,,,,0.2837,0.2592,0.4571,0.2551,0.2306,0.5143,1,3.45,3.85,2.12,,,,0.5133,,-0.993,1.1361,-0.6654,0,3,-3,-0.3639,-0.1641,0,0,,,-0.1145,,,,,,,,,,,,
spelad,GR,2018/19,2019-05-05,,Larisa,Olympiakos,0,3,A,5,11,1,8,0.4561,1.9323,skott,,,,,,,,,,0.1377,0.2044,0.658,0.1274,0.2046,0.6681,1,7.5,4.9,1.47,,,,0.5792,,-0.5924,1.3543,-0.1038,0,3,-3,-0.3702,-0.1526,0,0,,,-0.0306,,,,,,,,,,,,
spelad,GR,2018/19,2019-05-05,,Levadeiakos,AEK,0,3,A,3,13,1,7,0.3377,1.8905,skott,,,,,,,,,,0.0764,0.145,0.7786,0.0789,0.1439,0.7772,1,14,7.5,1.24,,,,0.6488,,-0.1431,0.5547,-0.1237,0,3,-3,-0.3845,-0.1666,0,0,,,0.0066,,,,,,,,,,,,
spelad,GR,2018/19,2019-05-05,,Panathinaikos,Panetolikos,4,0,H,8,5,6,4,1.4344,0.9365,skott,,,,,,,,,,0.575,0.2417,0.1833,0.5769,0.228,0.1951,1,1.66,4.1,5.5,,,,0.5213,,-0.1956,0.0444,-0.1999,0,3,0,-0.3779,0.031,0,0,,,-0.0079,,,,,,,,,,,,
spelad,GR,2019/20,2019-08-24,,Aris,OFI Crete,1,1,D,12,6,8,2,1.9914,0.6754,skott,,,,,,,,,,0.6504,0.2433,0.1063,0.6896,0.2033,0.107,1,1.53,4,8.99,1.49,4.68,9.5,0.3939,0.4275,-0.1394,0.1494,-0.1798,,,,,,0,0,,,0.0778,-0.0448,,,,,,,,,,,
spelad,GR,2019/20,2019-08-24,,Lamia,Panathinaikos,1,1,D,5,8,2,3,0.6163,0.954,skott,,,,,,,,,,0.2287,0.3018,0.4696,0.2186,0.3144,0.467,1,4.21,3.5,2.06,4.4,3.4,2.12,0.367,0.3205,-0.1583,0.377,0.2974,,4,-0.75,0.0385,-0.032,0,0,,,-0.0174,0.0162,,,,,,,,,,,
spelad,GR,2019/20,2019-08-24,,Olympiakos,Asteras Tripolis,1,0,H,12,8,9,4,2.1516,1.1141,skott,,,,,,,,,,0.7747,0.1544,0.0708,0.786,0.1522,0.0618,1,1.25,6.5,15,1.25,6.6,16,0.5547,0.5337,0.919,-1.2822,0.9007,,4,1.5,-0.2214,0.2909,0,0,,,0.0316,-0.0284,,,,,,,,,,,
spelad,GR,2019/20,2019-08-25,,AEK,Xanthi,1,2,A,8,4,1,3,0.6337,0.7172,skott,,,,,,,,,,0.7131,0.2109,0.076,0.7443,0.1794,0.0763,1,1.4,4.53,12.58,1.34,5.6,13,0.4128,0.4819,0.2085,-0.7934,0.1872,,4,2.25,0.3745,0.0122,0,0,,,0.0619,-0.0528,,,,,,,,,,,
spelad,GR,2019/20,2019-08-25,,Atromitos,Larisa,1,1,D,12,7,6,3,1.6712,0.8948,skott,,,,,,,,,,0.577,0.2729,0.1501,0.5604,0.2843,0.1553,1,1.73,3.51,6.38,1.74,3.5,6.17,0.3825,0.3775,-0.2325,0.1831,-0.484,,4,2.25,0.7577,-0.0446,0,0,,,-0.0384,-0.0314,,,,,,,,,,,
spelad,GR,2019/20,2019-08-25,,Panionios,Volos NFC,1,2,A,5,7,2,5,0.6163,1.2151,skott,,,,,,,,,,0.3989,0.3062,0.2949,0.4883,0.2906,0.2211,1,2.45,3.14,3.27,2.4,3.31,4.35,0.367,0.3427,,,,,,,,,-1,0,,,0.2525,-0.078,,,,,,,,,,,
spelad,GR,2019/20,2019-08-25,,PAOK,Panetolikos,2,1,H,14,6,7,1,1.9497,0.5153,skott,,,,,,,,,,0.8096,0.1403,0.0501,0.8195,0.1356,0.0448,1,1.22,7.5,19.06,1.2,7.01,21.2,0.5773,0.5689,0.8381,-1.9277,0.7219,,4,3,0.6427,-0.1844,0,0,,,0.0252,-0.0484,,,,,,,,,,,
spelad,GR,2019/20,2019-08-31,,Panathinaikos,OFI Crete,1,3,A,5,9,3,4,0.7764,1.1733,skott,,,,,,,,,,0.6196,0.2356,0.1448,0.6402,0.2245,0.1353,1,1.6,4.05,7.5,1.57,4.3,7.5,0.4517,0.4805,-0.2684,0.1979,-0.5889,0,,,,,0,0,,,0.0507,-0.0493,,,,,,,,,,,
spelad,GR,2019/20,2019-08-31,,Panetolikos,Xanthi,1,2,A,6,5,2,3,0.6754,0.7764,skott,,,,,,,,,,0.4407,0.3203,0.239,0.4164,0.3317,0.2518,1,2.2,3.18,4.02,2.33,3.1,3.82,0.4046,0.3443,0.071,-0.1636,-0.1093,0,4,-1.5,-0.8278,0.1806,0,0,,,-0.0614,0.0044,,,,,,,,,,,
spelad,GR,2019/20,2019-08-31,,Volos NFC,Aris,1,0,H,9,11,4,6,1.1733,1.612,skott,,,,,,,,,,0.2635,0.3072,0.4293,0.2497,0.3052,0.4451,1,3.65,3.13,2.35,4,3.25,2.17,0.3585,0.3905,,,,-1,,,,,1,0,,,-0.0433,-0.0008,,,,,,,,,,,
spelad,GR,2019/20,2019-09-01,,Asteras Tripolis,AEK,2,3,A,4,11,2,5,0.5571,1.4518,skott,,,,,,,,,,0.3022,0.3225,0.3754,0.287,0.3072,0.4057,1,3.18,3.1,2.56,3.35,3.14,2.4,0.3747,0.3784,-0.0976,-0.0154,-0.1568,1,4,-1.5,-0.0427,-0.2715,0,0,,,-0.0606,0.0155,,,,,,,,,,,
spelad,GR,2019/20,2019-09-01,,Lamia,Atromitos,2,2,D,8,11,5,4,1.2743,1.2917,skott,,,,,,,,,,0.2497,0.3269,0.4234,0.3033,0.3152,0.3815,1,3.85,3.1,2.27,3.3,3.2,2.69,0.3413,0.3435,-0.0042,-0.0702,0.2948,1,4,-0.75,0.0693,-0.061,0,0,,,0.1492,0.0158,,,,,,,,,,,
spelad,GR,2019/20,2019-09-01,,Larisa,Olympiakos,0,1,A,4,6,1,3,0.3969,0.8356,skott,,,,,,,,,,0.0953,0.2141,0.6906,0.0948,0.2045,0.7007,1,10,4.75,1.4,10.05,4.66,1.39,0.4803,0.4819,-0.5196,1.0618,-0.0074,-1,4,-3,-0.4243,-0.1656,0,0,,,-0.0111,0.0422,,,,,,,,,,,
spelad,GR,2019/20,2019-09-01,,PAOK,Panionios,2,1,H,9,1,5,1,1.3334,0.2193,skott,,,,,,,,,,0.8292,0.1256,0.0452,0.8457,0.1167,0.0376,1,1.18,7.59,21.11,1.16,8.19,26,0.6096,0.5776,0.1836,-1.2046,0.2365,0,4,2.25,0.1287,0.0537,0,0,,,0.0407,-0.0585,,,,,,,,,,,
spelad,GR,2019/20,2019-09-14,,Atromitos,PAOK,2,3,A,8,9,2,5,0.7938,1.3334,skott,,,,,,,,,,0.1619,0.2605,0.5775,0.1588,0.2599,0.5813,1,6,3.7,1.7,6.2,3.8,1.68,0.4439,0.4249,-0.5721,0.4687,-0.5073,0,4,-2.25,-0.3879,0.0125,0,0,,,-0.01,0.0249,,,,,,,,,,,
spelad,GR,2019/20,2019-09-14,,OFI Crete,Panetolikos,3,1,H,14,3,8,2,2.1098,0.4979,skott,,,,,,,,,,0.4692,0.2933,0.2375,0.5712,0.2566,0.1723,1,2.11,3.45,4.2,1.73,3.8,6.5,0.4686,0.4322,0.9967,-1.8593,1.434,0,,,,,0,0,,,0.2691,-0.0294,,,,,,,,,,,
spelad,GR,2019/20,2019-09-14,,Olympiakos,Volos NFC,5,0,H,17,6,7,2,2.1273,0.6754,skott,,,,,,,,,,0.8599,0.1002,0.0399,0.8611,0.0989,0.04,1,1.16,9.53,26,1.15,9.66,23.91,0.6305,0.6302,,,,-1,,,,,-1,0,,,0.0023,-0.0682,,,,,,,,,,,
spelad,GR,2019/20,2019-09-15,,AEK,Lamia,2,0,H,16,2,10,1,2.5485,0.2785,skott,,,,,,,,,,0.7824,0.154,0.0636,0.7934,0.1436,0.063,1,1.26,6.2,15,1.27,6.63,15.12,0.5314,0.5311,0.0673,-0.31,-0.2279,0,4,2.25,0.175,0.0488,0,0,,,0.0225,-0.0588,,,,,,,,,,,
spelad,GR,2019/20,2019-09-15,,Aris,Panathinaikos,4,0,H,14,10,10,4,2.4301,1.2325,skott,,,,,,,,,,0.4911,0.2926,0.2163,0.5195,0.2939,0.1866,1,1.98,3.4,4.45,1.91,3.38,5.39,0.4092,0.3623,-0.442,0.382,-0.1333,0,,,,,0,0,,,0.0864,-0.0367,,,,,,,,,,,
spelad,GR,2019/20,2019-09-15,,Panionios,Larisa,1,0,H,5,8,2,5,0.6163,1.2743,skott,,,,,,,,,,0.4023,0.3132,0.2845,0.398,0.3221,0.28,1,2.39,3.15,3.5,2.48,3.1,3.7,0.3835,0.3556,0.3254,-0.0762,-0.093,0,4,0.75,0.1598,-0.0491,0,0,,,-0.0042,-0.0115,,,,,,,,,,,
spelad,GR,2019/20,2019-09-15,,Xanthi,Asteras Tripolis,2,1,H,5,11,4,6,0.9365,1.612,skott,,,,,,,,,,0.3925,0.3195,0.2879,0.3953,0.318,0.2867,1,2.45,3.1,3.4,2.46,3.1,3.4,0.3652,0.3639,0.6604,0.3382,0.8067,1,4,0.75,0.4068,0.4471,0,0,,,0.0067,-0.0019,,,,,,,,,,,
spelad,GR,2019/20,2019-09-21,,Asteras Tripolis,Atromitos,2,1,H,6,10,3,2,0.8356,0.9122,skott,,,,,,,,,,0.4391,0.3092,0.2517,0.4366,0.3202,0.2432,1,2.27,3.18,3.82,2.36,3.1,3.95,0.3738,0.3871,-0.5441,0.1477,-0.5395,-1,4,-2.25,-1.0084,-0.0742,0,0,,,0.0036,-0.016,,,,,,,,,,,
spelad,GR,2019/20,2019-09-21,,Panetolikos,AEK,0,1,A,8,16,3,7,0.954,2.0681,skott,,,,,,,,,,0.1513,0.2646,0.5841,0.1532,0.2559,0.5909,1,6.5,3.8,1.66,6.5,3.75,1.66,0.419,0.399,-0.2691,1.2969,-0.3898,1,4,-1.5,0.189,-0.2151,0,0,,,-0.0031,0.0186,,,,,,,,,,,
spelad,GR,2019/20,2019-09-21,,Volos NFC,OFI Crete,1,0,H,14,19,6,6,1.7896,2.0855,skott,,,,,,,,,,0.4055,0.2835,0.311,0.3257,0.309,0.3653,1,2.42,3.4,3.3,2.95,3.2,2.88,0.4413,0.4188,,,,0,,,,,1,0,,,-0.2139,0.038,,,,,,,,,,,
spelad,GR,2019/20,2019-09-22,,Lamia,Panionios,1,1,D,13,5,6,2,1.7304,0.6163,skott,,,,,,,,,,0.4535,0.3142,0.2322,0.4271,0.3314,0.2415,1,2.12,3.25,4.2,2.31,3.04,3.98,0.3619,0.3435,-0.6634,0.4718,-0.168,0,4,0,0.391,-0.316,0,0,,,-0.062,-0.0175,,,,,,,,,,,
spelad,GR,2019/20,2019-09-22,,Larisa,Xanthi,3,0,H,8,2,3,1,0.954,0.2785,skott,,,,,,,,,,0.4058,0.3217,0.2725,0.4741,0.3115,0.2144,1,2.43,3.1,3.53,2.15,3.25,4.5,0.3413,0.3264,-0.74,0.1607,-0.3148,0,4,-0.75,-0.0388,-0.0433,0,0,,,0.1947,-0.0285,,,,,,,,,,,
spelad,GR,2019/20,2019-09-22,,Panathinaikos,Olympiakos,1,1,D,6,5,4,2,0.9957,0.6163,skott,,,,,,,,,,0.1156,0.2302,0.6542,0.1352,0.2552,0.6096,1,8.26,4.25,1.48,9,4.1,1.57,0.4555,0.4322,-1.0602,1.8494,-0.9535,-1,3,1,0.9012,0.4216,0,0,,,0.0837,-0.0071,,,,,,,,,,,
spelad,GR,2019/20,2019-09-22,,PAOK,Aris,2,2,D,8,3,3,2,0.954,0.4979,skott,,,,,,,,,,0.6692,0.2295,0.1014,0.5946,0.2539,0.1515,1,1.48,4.33,9.44,1.64,3.8,7,0.4275,0.4141,0.8664,-0.6787,0.6486,1,,,,,0,0,,,-0.1992,-0.0244,,,,,,,,,,,
spelad,GR,2019/20,2019-09-28,,Aris,Larisa,2,3,A,17,7,10,4,2.6077,1.0549,skott,,,,,,,,,,0.5917,0.2552,0.153,0.6079,0.2579,0.1342,1,1.65,3.8,6.7,1.61,3.85,7.5,0.401,0.3921,-0.1607,0.0111,-0.4929,0,,,,,0,0,,,0.0511,-0.0293,,,,,,,,,,,
spelad,GR,2019/20,2019-09-28,,Atromitos,Panetolikos,2,0,H,8,7,4,2,1.1141,0.7346,skott,,,,,,,,,,0.5355,0.2597,0.2048,0.5871,0.2417,0.1712,1,1.85,3.69,4.75,1.68,4.1,6,0.4289,0.4385,0.3083,-0.703,0.4538,0,4,0,-0.4064,0.2058,0,0,,,0.1369,-0.0104,,,,,,,,,,,
spelad,GR,2019/20,2019-09-28,,Olympiakos,Lamia,2,0,H,13,2,6,2,1.7304,0.4387,skott,,,,,,,,,,0.8266,0.1208,0.0526,0.8487,0.1013,0.05,1,1.18,7.87,19,1.16,9.3,25,0.6106,0.6299,1.0444,-1.7411,0.4874,0,4,3,0.4511,-0.1308,0,0,,,0.0469,-0.0293,,,,,,,,,,,
spelad,GR,2019/20,2019-09-29,,AEK,PAOK,2,2,D,10,11,4,5,1.2325,1.4518,skott,,,,,,,,,,0.3906,0.2994,0.31,0.4327,0.2983,0.269,1,2.6,3.4,3.1,2.3,3.4,3.57,0.3939,0.4045,-0.3741,0.6551,-0.2782,1,4,0.75,0.5165,-0.0615,0,0,,,0.125,-0.0115,,,,,,,,,,,
spelad,GR,2019/20,2019-09-29,,OFI Crete,Asteras Tripolis,3,1,H,19,6,11,3,2.8862,0.8356,skott,,,,,,,,,,0.4488,0.2992,0.2521,0.5222,0.2662,0.2116,1,2.2,3.36,3.81,1.95,3.61,4.8,0.4352,0.4599,0.7565,-0.5669,1.0562,0,,,,,0,0,,,0.1873,-0.0332,,,,,,,,,,,
spelad,GR,2019/20,2019-09-29,,Panionios,Panathinaikos,0,1,A,3,11,1,7,0.3377,1.7721,skott,,,,,,,,,,0.2905,0.295,0.4145,0.2738,0.3172,0.409,1,3.31,3.26,2.55,3.51,3.1,2.45,0.38,0.3532,0.9366,-0.8032,0.8719,0,4,0,0.4131,-0.3025,0,0,,,-0.0279,0.0362,,,,,,,,,,,
spelad,GR,2019/20,2019-09-29,,Xanthi,Volos NFC,3,1,H,13,4,9,1,2.2108,0.3969,skott,,,,,,,,,,0.5088,0.2888,0.2024,0.445,0.3194,0.2356,1,1.91,3.5,4.75,2.2,3.26,4.33,0.3949,0.3861,,,,-1,,,,,-1,0,,,-0.1607,-0.0052,,,,,,,,,,,
spelad,GR,2019/20,2019-10-05,,Larisa,AEK,0,0,D,3,5,1,1,0.3377,0.4561,skott,,,,,,,,,,0.2245,0.2841,0.4914,0.2108,0.2875,0.5017,1,4.75,3.39,1.98,4.57,3.35,2.05,0.4056,0.3975,0.545,-0.8025,0.9012,1,4,0,0.7053,0.2838,0,0,,,-0.0378,0.0307,,,,,,,,,,,
spelad,GR,2019/20,2019-10-05,,Panathinaikos,Xanthi,0,1,A,12,4,5,1,1.511,0.3969,skott,,,,,,,,,,0.5636,0.2903,0.1461,0.6059,0.2615,0.1326,1,1.76,3.55,6.56,1.65,3.68,7.5,0.3738,0.3741,-1.0275,0.2977,-1.2031,0,4,0,-0.1906,0.1952,0,0,,,0.098,-0.0523,,,,,,,,,,,
spelad,GR,2019/20,2019-10-06,,Aris,Olympiakos,1,2,A,5,7,2,3,0.6163,0.8948,skott,,,,,,,,,,0.1588,0.211,0.6302,0.1858,0.2724,0.5418,1,6.03,4.54,1.59,5.27,3.68,1.77,0.4974,0.4473,-1.3228,1.5061,-0.7565,0,,,,,0,0,,,0.1424,0.0075,,,,,,,,,,,
spelad,GR,2019/20,2019-10-06,,Asteras Tripolis,PAOK,1,2,A,6,8,4,1,0.9957,0.6337,skott,,,,,,,,,,0.1648,0.2451,0.5901,0.1535,0.2255,0.621,1,5.8,3.9,1.69,6.5,4.24,1.6,0.4777,0.5,-0.3621,0.0564,-0.3041,0,4,-1.5,0.0607,-0.2364,0,0,,,-0.0535,0.0152,,,,,,,,,,,
spelad,GR,2019/20,2019-10-06,,OFI Crete,Panionios,4,1,H,10,4,5,2,1.3926,0.5571,skott,,,,,,,,,,0.614,0.2521,0.134,0.6682,0.2197,0.1121,1,1.59,3.9,7.15,1.5,4.35,9,0.4227,0.4536,0.1498,-0.4177,0.6398,0,,,,,0,0,,,0.1302,-0.0437,,,,,,,,,,,
spelad,GR,2019/20,2019-10-06,,Volos NFC,Atromitos,2,3,A,8,9,2,3,0.7938,1.0132,skott,,,,,,,,,,0.2835,0.3291,0.3875,0.3498,0.3196,0.3306,1,3.39,3.18,2.53,2.85,3.1,2.91,0.3894,0.4177,0.8794,0.2335,0.9345,-1,,,,,1,0,,,0.1896,-0.0143,,,,,,,,,,,
spelad,GR,2019/20,2019-10-07,,Lamia,Panetolikos,0,0,D,14,2,7,1,1.9497,0.2785,skott,,,,,,,,,,0.4408,0.3022,0.257,0.406,0.3175,0.2765,1,2.23,3.25,3.74,2.45,3.1,3.65,0.4118,0.3272,0.1635,-0.5561,0.4944,0,4,-1.5,-0.8001,0.1805,0,0,,,-0.0892,-0.0053,,,,,,,,,,,
spelad,GR,2019/20,2019-10-19,,Olympiakos,OFI Crete,2,1,H,11,7,5,5,1.4518,1.2151,skott,,,,,,,,,,0.8089,0.1376,0.0535,0.7844,0.1518,0.0638,1,1.2,7.1,17.64,1.23,6.75,15.01,0.6488,0.6706,0.4607,-0.4152,-0.2411,0,,,,,0,0,,,-0.0595,-0.043,,,,,,,,,,,
spelad,GR,2019/20,2019-10-19,,Panetolikos,Larisa,2,2,D,9,7,4,2,1.1733,0.7346,skott,,,,,,,,,,0.447,0.3121,0.2409,0.3672,0.334,0.2988,1,2.25,3.2,3.99,2.66,3.2,3.3,0.367,0.3492,-0.9544,1.0422,-1.2796,-2,4,-0.75,-0.4058,-0.0488,0,0,,,-0.2176,0.0177,,,,,,,,,,,
spelad,GR,2019/20,2019-10-20,,AEK,Volos NFC,3,2,H,12,4,7,2,1.8313,0.5571,skott,,,,,,,,,,0.79,0.1557,0.0543,0.7556,0.1766,0.0677,1,1.25,7,17.59,1.29,6,15,0.534,0.5615,-0.6455,-0.0171,-0.8474,1,,,,,-1,0,,,-0.0821,-0.0293,,,,,,,,,,,
spelad,GR,2019/20,2019-10-20,,Atromitos,Panathinaikos,0,1,A,4,10,1,5,0.3969,1.3926,skott,,,,,,,,,,0.3798,0.3151,0.3051,0.3447,0.3271,0.3282,1,2.55,3.3,3.15,2.79,3.3,3.22,0.402,0.3656,0.3805,-0.6006,0.3932,-1,4,-0.75,-0.4326,-0.0715,0,0,,,-0.0934,0.0657,,,,,,,,,,,
spelad,GR,2019/20,2019-10-20,,Panionios,Asteras Tripolis,0,1,A,10,4,6,2,1.5528,0.5571,skott,,,,,,,,,,0.3538,0.3026,0.3437,0.3458,0.3121,0.3421,1,2.72,3.2,2.87,2.78,3.2,3.1,0.4092,0.3565,0.4352,0.0819,0.1482,0,4,0.75,0.6318,-0.0467,0,0,,,-0.0144,0.0462,,,,,,,,,,,
spelad,GR,2019/20,2019-10-20,,PAOK,Lamia,3,0,H,16,2,7,0,2.0681,0.1184,skott,,,,,,,,,,0.8203,0.131,0.0487,0.8473,0.1103,0.0425,1,1.2,8.5,19.5,1.16,8.56,22.2,0.5954,0.5939,1.0306,-0.8174,0.5488,1,4,3,0.5813,-0.179,0,0,,,0.0602,-0.0618,,,,,,,,,,,
spelad,GR,2019/20,2019-10-20,,Xanthi,Aris,0,1,A,6,7,2,3,0.6754,0.8948,skott,,,,,,,,,,0.2729,0.3443,0.3827,0.2537,0.3072,0.4391,1,3.52,3.2,2.51,3.79,3.25,2.37,0.3636,0.3852,1.5352,-0.2534,1.3923,1,,,,,0,0,,,-0.0947,0.0375,,,,,,,,,,,
spelad,GR,2019/20,2019-10-26,,OFI Crete,Xanthi,2,0,H,11,4,5,2,1.4518,0.5571,skott,,,,,,,,,,0.583,0.2577,0.1593,0.637,0.2259,0.1371,1,1.7,3.9,6,1.58,4.25,7,0.4909,0.5323,-0.4324,-0.6601,-0.1598,1,,,,,0,0,,,0.1304,-0.0692,,,,,,,,,,,
spelad,GR,2019/20,2019-10-26,,Volos NFC,PAOK,0,2,A,10,9,3,5,1.0724,1.3334,skott,,,,,,,,,,0.0798,0.1402,0.7801,0.0753,0.138,0.7867,1,13,6.79,1.26,13.5,6.95,1.25,0.6051,0.6158,-0.2388,0.4843,0.001,0,,,,,1,0,,,-0.0156,0.0224,,,,,,,,,,,
spelad,GR,2019/20,2019-10-27,,Aris,Panetolikos,2,0,H,7,4,3,1,0.8948,0.3969,skott,,,,,,,,,,0.6457,0.2182,0.1361,0.6956,0.1917,0.1126,1,1.53,4.4,7.05,1.4,5,10,0.4843,0.4922,0.1888,-0.6807,0.3996,-1,,,,,0,0,,,0.1233,-0.0117,,,,,,,,,,,
spelad,GR,2019/20,2019-10-27,,Atromitos,Panionios,4,0,H,14,12,6,6,1.7896,1.6712,skott,,,,,,,,,,0.6089,0.2584,0.1328,0.6235,0.2465,0.13,1,1.64,3.9,7.2,1.6,3.9,7.34,0.4071,0.4286,0.0398,-0.1965,0.1014,0,4,0.75,-0.1038,0.44,0,0,,,0.0321,-0.0468,,,,,,,,,,,
spelad,GR,2019/20,2019-10-27,,Olympiakos,AEK,2,0,H,10,8,6,2,1.5528,0.7938,skott,,,,,,,,,,0.6157,0.2328,0.1515,0.6161,0.2335,0.1504,1,1.6,4.2,7,1.56,4.2,7,0.4934,0.4767,0.6899,-1.0112,0.3694,1,4,-0.75,-0.5118,-0.0566,0,0,,,0.0019,-0.0093,,,,,,,,,,,
spelad,GR,2019/20,2019-10-27,,Panathinaikos,Larisa,1,2,A,11,6,1,2,0.8113,0.6754,skott,,,,,,,,,,0.5571,0.2745,0.1684,0.5356,0.2888,0.1756,1,1.75,3.6,5.69,1.83,3.5,5.5,0.3869,0.3818,-0.3588,0.829,-0.342,-1,4,2.25,0.7509,-0.0396,0,0,,,-0.0501,-0.0168,,,,,,,,,,,
spelad,GR,2019/20,2019-10-28,,Asteras Tripolis,Lamia,4,1,H,9,3,4,3,1.1733,0.658,skott,,,,,,,,,,0.5239,0.282,0.1941,0.6171,0.2557,0.1272,1,1.93,3.4,4.94,1.57,4,8,0.3756,0.3921,0.2956,-0.415,0.0769,0,4,-1.5,-1.2133,0.1956,0,0,,,0.2532,-0.0274,,,,,,,,,,,
spelad,GR,2019/20,2019-11-02,,Panionios,Aris,1,1,D,5,12,4,5,0.9365,1.511,skott,,,,,,,,,,0.2228,0.2734,0.5038,0.2328,0.2716,0.4956,1,4.4,3.52,1.94,4.33,3.6,2.02,0.4118,0.426,-0.0919,0.5793,-0.2437,0,,,,,0,0,,,0.0283,0.0214,,,,,,,,,,,
spelad,GR,2019/20,2019-11-02,,Xanthi,Olympiakos,0,0,D,0,13,0,5,0,1.5702,skott,,,,,,,,,,0.0927,0.2398,0.6675,0.0929,0.235,0.672,1,11,4.4,1.43,10.42,4.3,1.45,0.4427,0.4562,-0.2374,0.7881,0.4677,1,4,-1.5,0.0689,0.3278,0,0,,,-0.004,0.0306,,,,,,,,,,,
spelad,GR,2019/20,2019-11-03,,AEK,Atromitos,3,2,H,16,6,8,4,2.2282,0.9957,skott,,,,,,,,,,0.6769,0.2159,0.1072,0.6679,0.2258,0.1064,1,1.45,4.42,13,1.44,4.5,11,0.4581,0.4715,0.0138,0.8197,-0.0003,0,4,-0.75,-0.7881,-0.0391,0,0,,,-0.0171,-0.0248,,,,,,,,,,,
spelad,GR,2019/20,2019-11-03,,Larisa,OFI Crete,3,2,H,6,8,2,3,0.6754,0.954,skott,,,,,,,,,,0.3499,0.3229,0.3273,0.4145,0.3043,0.2812,1,2.75,3.25,2.94,2.5,3.3,3.45,0.4315,0.3965,0.0702,-0.0825,-0.0868,-1,,,,,0,0,,,0.1753,-0.0243,,,,,,,,,,,
spelad,GR,2019/20,2019-11-03,,Panetolikos,Asteras Tripolis,1,1,D,5,5,2,2,0.6163,0.6163,skott,,,,,,,,,,0.3659,0.3155,0.3186,0.3928,0.3155,0.2916,1,2.7,3.5,3.02,2.45,3.15,3.3,0.3929,0.3827,-0.5868,0.6414,-0.6076,1,4,-1.5,-0.4042,0.219,0,0,,,0.0809,-0.0066,,,,,,,,,,,
spelad,GR,2019/20,2019-11-03,,PAOK,Panathinaikos,2,2,D,11,2,7,2,1.7721,0.4387,skott,,,,,,,,,,0.7372,0.1808,0.082,0.6903,0.2121,0.0976,1,1.35,5.26,11.6,1.4,4.75,9.76,0.5,0.4922,1.2928,-1.5238,0.8215,1,4,3,0.9962,-0.2533,0,0,,,-0.1095,-0.0356,,,,,,,,,,,
spelad,GR,2019/20,2019-11-04,,Lamia,Volos NFC,1,0,H,14,4,8,1,2.1098,0.3969,skott,,,,,,,,,,0.407,0.2956,0.2974,0.4387,0.2966,0.2647,1,2.4,3.25,3.25,2.4,3.24,3.63,0.3869,0.401,-0.7569,0.445,-0.6438,-2,,,,,-1,0,,,0.0961,-0.0457,,,,,,,,,,,
spelad,GR,2019/20,2019-11-09,,OFI Crete,PAOK,0,1,A,4,12,2,9,0.5571,2.1516,skott,,,,,,,,,,0.1889,0.2638,0.5473,0.2018,0.2344,0.5638,1,5.07,3.85,1.76,5,4.09,1.9,0.5573,0.5678,-0.3921,0.077,0.329,0,,,,,0,0,,,0.0092,0.029,,,,,,,,,,,
spelad,GR,2019/20,2019-11-09,,Volos NFC,Panetolikos,3,2,H,8,7,5,5,1.2743,1.2151,skott,,,,,,,,,,0.4699,0.261,0.2691,0.4178,0.306,0.2761,1,2.12,3.69,4,2.35,3.25,3.48,0.4289,0.407,0.524,-0.0664,0.5803,-1,,,,,1,0,,,-0.1112,-0.0267,,,,,,,,,,,
spelad,GR,2019/20,2019-11-10,,Aris,Asteras Tripolis,2,1,H,4,5,3,3,0.7172,0.7764,skott,,,,,,,,,,0.6373,0.2402,0.1226,0.6685,0.2213,0.1103,1,1.55,4,8,1.5,4.32,8.67,0.4555,0.4625,-0.3245,0.2764,-0.1968,1,,,,,0,0,,,0.0747,-0.0632,,,,,,,,,,,
spelad,GR,2019/20,2019-11-10,,Olympiakos,Atromitos,2,0,H,11,3,7,1,1.7721,0.3377,skott,,,,,,,,,,0.8421,0.1228,0.035,0.8306,0.13,0.0394,1,1.19,7.95,27.12,1.19,7.95,24.43,0.5729,0.609,0.5837,-0.1745,0.2659,1,4,0.75,-0.2914,0.0113,0,0,,,-0.0273,-0.0512,,,,,,,,,,,
spelad,GR,2019/20,2019-11-10,,Panathinaikos,AEK,3,2,H,11,13,6,8,1.612,2.0506,skott,,,,,,,,,,0.2995,0.3033,0.3973,0.3315,0.3111,0.3574,1,3.3,3.2,2.45,3.05,3.16,2.7,0.3879,0.3808,-0.8,0.6507,-0.6465,0,4,-0.75,-0.1169,0.4658,0,0,,,0.1039,-0.0076,,,,,,,,,,,
spelad,GR,2019/20,2019-11-10,,Xanthi,Panionios,1,2,A,8,12,3,8,0.954,1.9914,skott,,,,,,,,,,0.5105,0.29,0.1995,0.4862,0.3008,0.213,1,1.93,3.31,4.81,1.98,3.3,4.75,0.3815,0.3965,0.9124,-0.7976,0.9216,0,4,-0.75,-0.2522,-0.0674,0,0,,,-0.0621,-0.0112,,,,,,,,,,,
spelad,GR,2019/20,2019-11-11,,Larisa,Lamia,0,3,A,12,6,5,4,1.511,0.9957,skott,,,,,,,,,,0.5869,0.2695,0.1436,0.4997,0.3162,0.1841,1,1.71,3.7,6.66,1.94,3.47,6,0.3815,0.3698,1.084,-1.6354,0.8608,1,4,-0.75,-0.3946,-0.0686,0,0,,,-0.2148,0.0347,,,,,,,,,,,
spelad,GR,2019/20,2019-11-23,,Lamia,Xanthi,1,0,H,11,4,8,3,1.9323,0.7172,skott,,,,,,,,,,0.4003,0.3274,0.2722,0.4615,0.319,0.2195,1,2.45,3.13,3.5,2.19,3.13,4.75,0.3577,0.3341,-0.5673,0.6661,-0.0422,-1,4,-0.75,-0.4162,0.4231,0,0,,,0.1749,-0.0316,,,,,,,,,,,
spelad,GR,2019/20,2019-11-23,,Panionios,Olympiakos,1,1,D,7,21,6,8,1.3752,2.5242,skott,,,,,,,,,,0.053,0.1244,0.8226,0.0493,0.133,0.8177,1,26,8.45,1.16,21,7.55,1.2,0.6046,0.5769,-0.6733,1.3319,-0.1739,0,4,-3,-0.4842,-0.1879,0,0,,,-0.0025,0.027,,,,,,,,,,,
spelad,GR,2019/20,2019-11-24,,AEK,Aris,1,1,D,11,6,4,4,1.2917,0.9957,skott,,,,,,,,,,0.6177,0.2481,0.1342,0.6062,0.2556,0.1383,1,1.6,3.95,8.5,1.6,4.07,7.5,0.4791,0.4843,-0.1981,0.7777,-0.1652,0,,,,,0,0,,,-0.0271,-0.0223,,,,,,,,,,,
spelad,GR,2019/20,2019-11-24,,Asteras Tripolis,Volos NFC,0,0,D,7,5,2,1,0.7346,0.4561,skott,,,,,,,,,,0.5545,0.2649,0.1806,0.5952,0.2408,0.164,1,1.77,3.7,6.5,1.67,3.95,6.5,0.4364,0.4752,0.0575,-0.5676,0.2139,-1,,,,,0,0,,,0.0979,-0.0258,,,,,,,,,,,
spelad,GR,2019/20,2019-11-24,,Atromitos,OFI Crete,2,1,H,13,9,9,5,2.2108,1.3334,skott,,,,,,,,,,0.4933,0.28,0.2267,0.4914,0.2863,0.2222,1,1.98,3.42,4.5,2.01,3.5,4.43,0.4619,0.4856,0.2651,-0.4431,-0.059,-1,,,,,0,0,,,0.0007,-0.0362,,,,,,,,,,,
spelad,GR,2019/20,2019-11-24,,Panetolikos,Panathinaikos,0,0,D,7,8,3,4,0.8948,1.1141,skott,,,,,,,,,,0.2632,0.3002,0.4366,0.2394,0.2924,0.4682,1,3.65,3.24,2.28,4.2,3.25,2.15,0.3939,0.4158,-0.431,-0.1231,-0.7286,1,4,-0.75,0.0568,-0.0337,0,0,,,-0.0791,0.0371,,,,,,,,,,,
spelad,GR,2019/20,2019-11-24,,PAOK,Larisa,1,0,H,15,4,6,1,1.8488,0.3969,skott,,,,,,,,,,0.7808,0.1501,0.0691,0.8072,0.1324,0.0604,1,1.25,6.5,15,1.24,7.25,19,0.5838,0.5985,-0.0613,0.0834,-0.3386,2,4,1.5,-0.4309,0.328,0,0,,,0.0614,-0.0279,,,,,,,,,,,
spelad,GR,2019/20,2019-11-30,,Larisa,Volos NFC,2,1,H,17,11,9,3,2.4476,1.1316,skott,,,,,,,,,,0.4926,0.2873,0.2201,0.5949,0.2313,0.1739,1,1.98,3.4,4.75,1.8,4.09,5.75,0.4182,0.4726,0.6421,-0.4986,0.7214,0,,,,,0,0,,,0.2507,-0.1047,,,,,,,,,,,
spelad,GR,2019/20,2019-11-30,,OFI Crete,AEK,1,0,H,9,5,3,2,1.0132,0.6163,skott,,,,,,,,,,0.2758,0.3226,0.4016,0.3022,0.2994,0.3984,1,3.45,3.4,2.4,3.25,3.32,2.63,0.4383,0.4752,-0.2541,-0.4811,0.0437,0,,,,,0,0,,,0.056,0.0118,,,,,,,,,,,
spelad,GR,2019/20,2019-11-30,,Panionios,Panetolikos,3,0,H,6,6,4,1,0.9957,0.5153,skott,,,,,,,,,,0.458,0.2852,0.2568,0.3935,0.3153,0.2912,1,2.1,3.4,3.9,2.45,3.3,3.5,0.4208,0.3772,0.1816,0.2887,0.4119,1,4,0,-0.2629,0.1977,0,0,,,-0.1634,0.0057,,,,,,,,,,,
spelad,GR,2019/20,2019-12-01,,Aris,Lamia,1,1,D,18,5,8,2,2.3466,0.6163,skott,,,,,,,,,,0.7219,0.201,0.0772,0.6972,0.2204,0.0823,1,1.38,4.75,12.22,1.43,4.75,11.71,0.4319,0.4304,0.1548,-0.5858,-0.3399,-1,,,,,0,0,,,-0.0545,-0.0445,,,,,,,,,,,
spelad,GR,2019/20,2019-12-01,,Olympiakos,PAOK,1,1,D,14,5,5,2,1.6294,0.6163,skott,,,,,,,,,,0.5223,0.2724,0.2053,0.5508,0.2582,0.191,1,1.88,3.5,4.63,1.74,3.8,5.35,0.4182,0.4505,0.0309,-0.0705,-0.1913,1,4,0,0.1325,-0.2806,0,0,,,0.0713,0.0049,,,,,,,,,,,
spelad,GR,2019/20,2019-12-01,,Panathinaikos,Asteras Tripolis,1,0,H,9,10,3,4,1.0132,1.2325,skott,,,,,,,,,,0.6026,0.2536,0.1438,0.6261,0.2424,0.1315,1,1.67,3.75,6.59,1.57,3.98,7.39,0.4134,0.4194,-0.2578,0.5518,0.0541,0,4,0,-0.2655,0.183,0,0,,,0.0593,-0.0383,,,,,,,,,,,
spelad,GR,2019/20,2019-12-01,,Xanthi,Atromitos,1,0,H,5,7,4,3,0.9365,0.8948,skott,,,,,,,,,,0.3231,0.3264,0.3504,0.3103,0.3219,0.3678,1,2.95,3.1,2.79,3.1,3.1,2.79,0.3725,0.3815,-0.3175,0.6349,-0.3536,1,4,-0.75,0.0157,-0.0438,0,0,,,-0.043,0.0088,,,,,,,,,,,
spelad,GR,2019/20,2019-12-07,,AEK,Panionios,5,0,H,14,7,7,4,1.9497,1.0549,skott,,,,,,,,,,0.7774,0.1542,0.0684,0.7649,0.1668,0.0682,1,1.28,6.16,14,1.3,5.75,15,0.5238,0.5352,-0.1238,0.0729,-0.6664,0,4,3,0.8695,-0.2361,0,0,,,-0.0247,-0.0542,,,,,,,,,,,
spelad,GR,2019/20,2019-12-07,,Panetolikos,Olympiakos,0,3,A,10,11,5,6,1.3926,1.612,skott,,,,,,,,,,0.079,0.1811,0.7399,0.0846,0.1919,0.7234,1,12.01,5.45,1.33,11.21,5.08,1.36,0.5132,0.5183,-0.7679,0.6748,-0.5242,1,4,-3,-0.4661,-0.1732,0,0,,,0.0277,0.0452,,,,,,,,,,,
spelad,GR,2019/20,2019-12-07,,PAOK,Xanthi,2,0,H,18,4,11,2,2.827,0.5571,skott,,,,,,,,,,0.8351,0.1253,0.0396,0.8363,0.1255,0.0382,1,1.17,7.58,26,1.18,7.95,24.73,0.5766,0.5431,0.1588,0.0788,0.0731,0,4,3,0.6542,-0.1913,0,0,,,0.0037,-0.0613,,,,,,,,,,,
spelad,GR,2019/20,2019-12-08,,Asteras Tripolis,Larisa,1,1,D,14,7,5,3,1.6294,0.8948,skott,,,,,,,,,,0.46,0.3072,0.2328,0.5199,0.2742,0.2059,1,2.1,3.2,4.09,1.9,3.5,5,0.3504,0.391,-0.8601,0.1916,-0.7649,-1,4,0.75,-0.0435,-0.0458,0,0,,,0.1466,-0.0231,,,,,,,,,,,
spelad,GR,2019/20,2019-12-08,,Atromitos,Aris,2,2,D,8,9,3,5,0.954,1.3334,skott,,,,,,,,,,0.3635,0.3103,0.3262,0.3412,0.326,0.3328,1,2.62,3.2,3,2.8,3.1,3,0.3964,0.3518,0.471,-0.8814,0.3763,0,,,,,0,0,,,-0.0514,0.0156,,,,,,,,,,,
spelad,GR,2019/20,2019-12-08,,Lamia,OFI Crete,2,1,H,11,6,3,4,1.1316,0.9957,skott,,,,,,,,,,0.3512,0.3387,0.31,0.3282,0.3205,0.3513,1,2.71,3.15,3.1,2.9,3.1,2.97,0.3545,0.3753,0.1336,0.4811,0.2963,-1,,,,,0,0,,,-0.0872,0.0225,,,,,,,,,,,
spelad,GR,2019/20,2019-12-08,,Volos NFC,Panathinaikos,1,1,D,8,13,4,6,1.1141,1.7304,skott,,,,,,,,,,0.2352,0.3036,0.4612,0.2475,0.2786,0.474,1,4.5,3.4,2.08,4.2,3.42,2.1,0.3954,0.4158,-0.513,0.0344,-0.602,1,,,,,0,0,,,0.0118,-0.0025,,,,,,,,,,,
spelad,GR,2019/20,2019-12-14,,OFI Crete,Aris,3,1,H,13,7,9,4,2.2108,1.0549,skott,,,,,,,,,,0.3904,0.3058,0.3038,0.3362,0.3087,0.3551,1,2.55,3.2,3.11,2.87,3.25,2.85,0.4474,0.4595,-0.3007,-0.1508,-0.1501,0,3,-2,-0.4774,0.0741,0,0,,,-0.1598,0.0205,,,,,,,,,,,
spelad,GR,2019/20,2019-12-14,,Panathinaikos,Lamia,2,0,H,10,8,4,4,1.2325,1.1141,skott,,,,,,,,,,0.6192,0.2571,0.1237,0.6299,0.2376,0.1326,1,1.62,3.76,7.61,1.55,4,7.5,0.4036,0.4231,-0.3382,0.0082,-0.7809,0,5,0.6,-0.1483,0.1115,0,0,,,0.0125,-0.0266,,,,,,,,,,,
spelad,GR,2019/20,2019-12-14,,Xanthi,AEK,0,1,A,3,5,0,5,0.1776,1.0967,skott,,,,,,,,,,0.1766,0.2875,0.5359,0.1563,0.2724,0.5713,1,5.34,3.42,1.84,6.03,3.62,1.72,0.3873,0.392,0.4081,-0.4222,0.4319,0,5,-1.2,0.209,-0.0261,0,0,,,-0.076,0.0338,,,,,,,,,,,
spelad,GR,2019/20,2019-12-15,,Asteras Tripolis,Olympiakos,0,5,A,7,16,2,9,0.7346,2.3884,skott,,,,,,,,,,0.1229,0.2324,0.6447,0.1242,0.204,0.6718,1,7.66,4.2,1.55,8.5,4.7,1.48,0.463,0.4442,-0.6239,0.3141,-0.1443,-1,5,-1.8,-0.1232,0.2023,0,0,,,-0.0243,0.0323,,,,,,,,,,,
spelad,GR,2019/20,2019-12-15,,Larisa,Atromitos,1,2,A,16,3,8,2,2.2282,0.4979,skott,,,,,,,,,,0.3829,0.3111,0.306,0.3988,0.313,0.2882,1,2.52,3.18,3.1,2.52,3.24,3.4,0.401,0.4133,0.1689,0.4428,0.3209,0,5,-1.8,-0.5205,0.1074,0,0,,,0.0498,-0.0026,,,,,,,,,,,
spelad,GR,2019/20,2019-12-15,,Panetolikos,PAOK,0,3,A,3,12,1,8,0.3377,1.9914,skott,,,,,,,,,,0.0911,0.1823,0.7266,0.0991,0.181,0.7199,1,10.66,5.25,1.37,10.5,5.4,1.39,0.5199,0.5222,-1.1438,1.1007,-0.8649,0,5,-3,-0.4207,-0.1747,0,0,,,0.0228,0.0516,,,,,,,,,,,
spelad,GR,2019/20,2019-12-15,,Volos NFC,Panionios,2,1,H,12,4,6,4,1.6712,0.8773,skott,,,,,,,,,,0.4857,0.2861,0.2282,0.416,0.3086,0.2753,1,1.99,3.51,4.2,2.36,3.33,4.05,0.4208,0.4158,0.0278,-1.0701,-0.4587,-1,,,,,0,0,,,-0.1864,0.0128,,,,,,,,,,,
spelad,GR,2019/20,2019-12-18,,AEK,Asteras Tripolis,2,1,H,8,9,5,3,1.2743,1.0132,skott,,,,,,,,,,0.7102,0.2107,0.0791,0.7052,0.2075,0.0873,1,1.36,5.02,11.85,1.33,5.3,13.75,0.4709,0.5079,0.1131,-0.2823,-0.062,1,5,1.8,0.5465,-0.2786,0,0,,,-0.0183,0.0459,,,,,,,,,,,
spelad,GR,2019/20,2019-12-18,,Atromitos,Lamia,1,1,D,5,11,2,2,0.6163,0.9714,skott,,,,,,,,,,0.5402,0.2873,0.1725,0.5568,0.2809,0.1623,1,1.78,3.5,5.75,1.78,3.49,5.8,0.4083,0.398,-0.104,-0.7567,-0.6896,-1,5,0.6,-0.0986,0.0882,0,0,,,0.0436,-0.0434,,,,,,,,,,,
spelad,GR,2019/20,2019-12-18,,OFI Crete,Panathinaikos,1,1,D,7,11,1,5,0.5745,1.4518,skott,,,,,,,,,,0.3606,0.317,0.3224,0.3502,0.326,0.3238,1,2.7,3.32,2.93,2.7,3.15,3.2,0.4617,0.4267,-0.7499,0.4734,-0.3319,0,3,3,2.0336,-0.2816,0,0,,,-0.0222,0.0325,,,,,,,,,,,
spelad,GR,2019/20,2019-12-18,,Olympiakos,Larisa,4,1,H,17,2,8,1,2.2874,0.2785,skott,,,,,,,,,,0.8132,0.1375,0.0493,0.8194,0.1298,0.0508,1,1.19,7.25,19.13,1.2,7.5,21,0.5974,0.608,0.1802,-0.9358,-0.1748,0,5,3,0.6106,-0.1734,0,0,,,0.011,-0.0366,,,,,,,,,,,
spelad,GR,2019/20,2019-12-18,,Xanthi,Panetolikos,0,0,D,7,2,1,1,0.5745,0.2785,skott,,,,,,,,,,0.4586,0.3098,0.2316,0.4481,0.3173,0.2346,1,2.13,3.27,4.4,2.2,3.17,4.08,0.3838,0.3584,0.5384,-1.2991,0.1909,1,5,1.8,0.9003,0.0782,0,0,,,-0.0241,-0.0183,,,,,,,,,,,
spelad,GR,2019/20,2019-12-19,,Aris,Volos NFC,4,0,H,10,10,5,3,1.3926,1.0724,skott,,,,,,,,,,0.7224,0.1882,0.0894,0.7584,0.1599,0.0817,1,1.36,5.05,11,1.29,6,14.5,0.5303,0.5929,0.0976,0.1871,-0.139,1,,,,,0,0,,,0.0797,-0.0344,,,,,,,,,,,
spelad,GR,2019/20,2019-12-19,,Panionios,PAOK,0,2,A,5,12,3,8,0.7764,1.9914,skott,,,,,,,,,,0.0957,0.1978,0.7065,0.0913,0.1806,0.7281,1,10,5.1,1.36,11,5.59,1.35,0.5383,0.5696,-0.6854,1.0602,-0.1824,0,5,-2.4,-0.1918,0.0196,0,0,,,-0.0304,0.0211,,,,,,,,,,,
spelad,GR,2019/20,2019-12-21,,Asteras Tripolis,Xanthi,5,0,H,11,2,8,2,1.9323,0.4387,skott,,,,,,,,,,0.5582,0.2557,0.1861,0.5519,0.2666,0.1815,1,1.79,3.7,5.14,1.8,3.6,5.2,0.3964,0.3955,-0.5079,0.8076,-0.0761,0,5,-1.2,-0.9188,0.2941,0,0,,,-0.0081,-0.0457,,,,,,,,,,,
spelad,GR,2019/20,2019-12-21,,Lamia,AEK,0,0,D,6,8,3,4,0.8356,1.1141,skott,,,,,,,,,,0.1518,0.2626,0.5856,0.1839,0.2948,0.5213,1,6.65,3.8,1.62,5.72,3.68,1.86,0.4072,0.3945,0.3109,0.0817,0.9549,0,5,-2.4,-0.2456,0.0104,0,0,,,0.1285,0.0145,,,,,,,,,,,
spelad,GR,2019/20,2019-12-22,,Larisa,Panionios,2,0,H,9,3,4,1,1.1733,0.3377,skott,,,,,,,,,,0.511,0.283,0.206,0.5966,0.2345,0.1689,1,1.92,3.5,4.6,1.75,4.02,5.58,0.4256,0.4583,0.1162,-0.1025,-0.1136,1,5,-1.2,-0.321,-0.1037,0,0,,,0.2082,-0.0767,,,,,,,,,,,
spelad,GR,2019/20,2019-12-22,,Panathinaikos,Aris,0,0,D,5,8,2,5,0.6163,1.2743,skott,,,,,,,,,,0.4546,0.306,0.2394,0.4348,0.3074,0.2578,1,2.2,3.31,4,2.2,3.25,3.78,0.401,0.4194,0.1649,-0.002,0.2163,1,3,0,0.2504,0.0199,0,0,,,-0.058,-0.0009,,,,,,,,,,,
spelad,GR,2019/20,2019-12-22,,Panetolikos,OFI Crete,2,0,H,7,9,4,2,1.0549,0.853,skott,,,,,,,,,,0.3291,0.2989,0.3719,0.3664,0.302,0.3317,1,3,3.31,2.54,2.65,3.29,3.02,0.4383,0.4278,-0.5547,1.2916,-0.4939,0,3,-1,-0.0811,-0.3012,0,0,,,0.1147,-0.0033,,,,,,,,,,,
spelad,GR,2019/20,2019-12-22,,Volos NFC,Olympiakos,0,0,D,4,16,1,4,0.3969,1.5877,skott,,,,,,,,,,0.0965,0.1713,0.7322,0.0648,0.1422,0.793,1,11.5,5.47,1.3,18,7.1,1.2,0.5628,0.6357,-0.1301,0.9425,0.1424,-1,,,,,0,0,,,-0.1241,0.0024,,,,,,,,,,,
spelad,GR,2019/20,2019-12-23,,PAOK,Atromitos,5,1,H,13,6,10,2,2.3709,0.6754,skott,,,,,,,,,,0.7648,0.1592,0.076,0.7945,0.1399,0.0656,1,1.29,6,12.38,1.25,7.5,15,0.6071,0.6071,0.0739,0.4931,0.2678,-1,5,2.4,0.4995,-0.042,0,0,,,0.0697,-0.0253,,,,,,,,,,,
spelad,GR,2019/20,2020-01-04,,Aris,PAOK,4,2,H,5,12,5,5,1.0967,1.511,skott,,,,,,,,,,0.2464,0.3072,0.4463,0.2796,0.289,0.4315,1,3.9,3.32,2.13,3.5,3.27,2.26,0.3929,0.4468,-0.494,0.2438,-0.5906,1,3,-1,-0.1225,0.4029,0,0,,,0.0812,0.0027,,,,,,,,,,,
spelad,GR,2019/20,2020-01-04,,Atromitos,Asteras Tripolis,2,1,H,7,8,3,4,0.8948,1.1141,skott,,,,,,,,,,0.5277,0.2738,0.1985,0.4725,0.2981,0.2294,1,1.89,3.61,4.76,2.07,3.46,4.47,0.4145,0.4367,0.808,-0.4828,0.3017,-2,5,1.2,0.6561,-0.1234,0,0,,,-0.1414,-0.0101,,,,,,,,,,,
spelad,GR,2019/20,2020-01-04,,OFI Crete,Volos NFC,1,2,A,12,4,7,3,1.8313,0.7172,skott,,,,,,,,,,0.7007,0.2015,0.0978,0.6891,0.2051,0.1059,1,1.41,4.74,10.09,1.39,5.03,10.22,0.4841,0.5469,-0.4746,0.2158,-0.5071,0,,,,,0,0,,,-0.0314,-0.0157,,,,,,,,,,,
spelad,GR,2019/20,2020-01-05,,AEK,Panetolikos,3,1,H,14,7,9,3,2.27,0.8948,skott,,,,,,,,,,0.7749,0.1668,0.0583,0.7278,0.2028,0.0694,1,1.3,6,16.09,1.31,5.75,14,0.5252,0.4843,0.3882,-0.9188,0.0455,1,5,1.8,0.2152,-0.2233,0,0,,,-0.1054,0.0101,,,,,,,,,,,
spelad,GR,2019/20,2020-01-05,,Olympiakos,Panathinaikos,1,0,H,13,7,5,4,1.5702,1.0549,skott,,,,,,,,,,0.7216,0.1899,0.0885,0.6949,0.2013,0.1038,1,1.35,5.11,11.5,1.4,4.8,10.5,0.5106,0.5314,-0.6906,0.2572,-0.5869,0,4,-0.75,-1.2631,0.5024,0,0,,,-0.0687,-0.0203,,,,,,,,,,,
spelad,GR,2019/20,2020-01-05,,Panionios,Lamia,0,1,A,11,4,3,2,1.1316,0.5571,skott,,,,,,,,,,0.3905,0.3282,0.2813,0.3581,0.3437,0.2982,1,2.49,3.27,3.36,2.7,3.02,3.21,0.3294,0.3373,-0.4809,0.6598,-0.6477,-1,5,0,-0.0712,-0.1191,0,0,,,-0.0819,0.0118,,,,,,,,,,,
spelad,GR,2019/20,2020-01-05,,Xanthi,Larisa,2,1,H,8,7,5,4,1.2743,1.0549,skott,,,,,,,,,,0.3841,0.3304,0.2855,0.3301,0.3266,0.3433,1,2.46,3.2,3.31,3.02,3.1,2.8,0.3438,0.3287,0.0452,-0.3864,-0.3197,1,5,0,-0.1253,-0.0969,0,0,,,-0.1659,-0.0207,,,,,,,,,,,
spelad,GR,2019/20,2020-01-11,,Larisa,Aris,0,0,D,7,5,4,0,1.0549,0.296,skott,,,,,,,,,,0.2972,0.299,0.4038,0.292,0.3355,0.3725,1,3.18,3.26,2.49,3.3,3.2,2.6,0.4072,0.3271,-0.6739,1.2275,-0.4573,-1,3,0,0.3666,0.041,0,0,,,0.0211,0.0263,,,,,,,,,,,
spelad,GR,2019/20,2020-01-11,,Panetolikos,Atromitos,0,1,A,6,8,2,5,0.6754,1.2743,skott,,,,,,,,,,0.3003,0.3071,0.3925,0.2978,0.32,0.3822,1,3.3,3.25,2.44,3.2,3.2,2.56,0.4072,0.399,-0.7891,0.8597,-0.3908,-1,5,-0.6,0.0095,0.1163,0,0,,,0.0053,0.0217,,,,,,,,,,,
spelad,GR,2019/20,2020-01-11,,Volos NFC,Xanthi,1,3,A,10,7,3,3,1.0724,0.8948,skott,,,,,,,,,,0.4779,0.265,0.2571,0.4772,0.299,0.2239,1,2.09,3.57,4.37,2.1,3.4,4.66,0.399,0.3945,0.4632,-0.4506,0.8592,1,,,,,0,0,,,0.0318,0.0086,,,,,,,,,,,
spelad,GR,2019/20,2020-01-12,,Asteras Tripolis,OFI Crete,2,0,H,9,4,5,0,1.3334,0.2368,skott,,,,,,,,,,0.3973,0.3341,0.2686,0.446,0.2992,0.2548,1,2.43,3.2,3.6,2.2,3.3,4,0.4145,0.433,-0.4406,0.3887,-0.046,0,3,0,0.0381,0.0644,0,0,,,0.1112,-0.0163,,,,,,,,,,,
spelad,GR,2019/20,2020-01-12,,Lamia,Olympiakos,0,4,A,2,15,0,8,0.1184,2.169,skott,,,,,,,,,,0.1048,0.2164,0.6789,0.0932,0.2049,0.7019,1,10.06,4.77,1.42,11,4.65,1.4,0.4474,0.433,0.5171,-0.0869,1.0329,0,5,-3,-0.3065,-0.1249,0,0,,,-0.0462,0.0178,,,,,,,,,,,
spelad,GR,2019/20,2020-01-12,,Panathinaikos,Panionios,3,0,H,10,4,8,2,1.8731,0.5571,skott,,,,,,,,,,0.6887,0.2077,0.1036,0.7472,0.1663,0.0865,1,1.42,4.7,10.07,1.28,5.58,15,0.4436,0.5,0.5396,-0.9005,0.0579,0,5,0.6,0.2027,-0.3054,0,0,,,0.1341,-0.0016,,,,,,,,,,,
spelad,GR,2019/20,2020-01-12,,PAOK,AEK,1,0,H,6,4,3,0,0.8356,0.2368,skott,,,,,,,,,,0.6223,0.2227,0.1551,0.6577,0.2138,0.1285,1,1.56,4.63,6.7,1.5,4.46,7.47,0.463,0.47,0.2334,0.1519,0.5262,1,5,-0.6,-0.3851,0.0912,0,0,,,0.0975,-0.0604,,,,,,,,,,,
spelad,GR,2019/20,2020-01-18,,Panetolikos,Lamia,1,1,D,12,4,6,2,1.6712,0.5571,skott,,,,,,,,,,0.4296,0.2917,0.2788,0.4453,0.3157,0.239,1,2.38,3.24,3.42,2.19,3.12,4.2,0.3944,0.3333,-0.6818,0.6757,-0.8403,1,5,1.2,0.4663,0.2809,0,0,,,0.0712,0.0159,,,,,,,,,,,
spelad,GR,2019/20,2020-01-18,,Panionios,OFI Crete,1,2,A,7,13,2,6,0.7346,1.7304,skott,,,,,,,,,,0.3111,0.3091,0.3798,0.3045,0.2988,0.3967,1,3.14,3.22,2.5,3.3,3.24,2.46,0.4083,0.4107,-0.0432,0.2966,0.1922,0,3,-1,-0.3718,0.3914,0,0,,,-0.03,0.005,,,,,,,,,,,
spelad,GR,2019/20,2020-01-19,,AEK,Larisa,3,0,H,10,4,4,0,1.2325,0.2368,skott,,,,,,,,,,0.6794,0.2259,0.0947,0.6651,0.2271,0.1078,1,1.46,4.53,9.9,1.45,4.53,9.66,0.463,0.47,0.5806,-0.8997,0.0527,-1,5,0,-0.9499,0.3696,0,0,,,-0.0416,-0.0154,,,,,,,,,,,
spelad,GR,2019/20,2020-01-19,,Atromitos,Volos NFC,0,0,D,8,1,1,0,0.6337,0.0592,skott,,,,,,,,,,0.6243,0.2239,0.1518,0.6558,0.2112,0.133,1,1.55,4.21,7.64,1.49,4.5,7.25,0.5079,0.5,0.5295,-0.3851,0.1094,0,,,,,0,0,,,0.0818,-0.0292,,,,,,,,,,,
spelad,GR,2019/20,2020-01-19,,Olympiakos,Aris,4,2,H,9,10,8,6,1.8139,1.5528,skott,,,,,,,,,,0.8223,0.1304,0.0474,0.7702,0.1631,0.0667,1,1.22,7.19,19.79,1.25,6.68,16,0.5238,0.5696,0.0937,-0.3328,-0.0008,-1,3,3,1.026,-0.2502,0,0,,,-0.1235,-0.0122,,,,,,,,,,,
spelad,GR,2019/20,2020-01-19,,PAOK,Asteras Tripolis,3,1,H,9,3,4,1,1.1733,0.3377,skott,,,,,,,,,,0.8175,0.1255,0.057,0.8318,0.1165,0.0517,1,1.2,7.49,17.25,1.19,8.13,19,0.5866,0.5939,0.9315,-0.7302,0.5088,0,5,1.8,0.3228,-0.2342,0,0,,,0.0339,-0.0482,,,,,,,,,,,
spelad,GR,2019/20,2020-01-19,,Xanthi,Panathinaikos,0,1,A,4,9,3,7,0.7172,1.6537,skott,,,,,,,,,,0.2496,0.3185,0.4319,0.2265,0.3257,0.4477,1,4.36,3.15,2.21,4.4,3.1,2.2,0.3682,0.3551,0.2076,0.3409,0.3129,1,5,0.6,0.4644,0.1039,0,0,,,-0.0619,0.0092,,,,,,,,,,,
spelad,GR,2019/20,2020-01-22,,Larisa,Panetolikos,2,2,D,9,4,5,4,1.3334,0.8773,skott,,,,,,,,,,0.5329,0.2799,0.1872,0.539,0.2774,0.1835,1,1.83,3.54,5.25,1.82,3.58,5.5,0.4271,0.4158,0.0085,-0.1263,0.1212,-1,5,0.6,0.3176,0.0941,0,0,,,0.0158,-0.022,,,,,,,,,,,
spelad,GR,2019/20,2020-01-22,,OFI Crete,Olympiakos,0,1,A,4,5,1,3,0.3969,0.7764,skott,,,,,,,,,,0.1532,0.2756,0.5712,0.1163,0.2093,0.6744,1,6.5,3.92,1.66,9.5,4.75,1.43,0.4735,0.5274,-0.588,1.5547,-0.3405,1,3,-1,0.6371,-0.149,0,0,,,-0.1771,0.0023,,,,,,,,,,,
spelad,GR,2019/20,2020-01-22,,Panathinaikos,Atromitos,3,0,H,14,4,9,0,2.27,0.2368,skott,,,,,,,,,,0.5191,0.2916,0.1893,0.6195,0.2427,0.1379,1,1.86,3.51,5.28,1.6,4,7.5,0.3944,0.4133,-0.071,-0.285,0.1443,0,5,1.2,0.7409,-0.1226,0,0,,,0.2522,-0.0087,,,,,,,,,,,
spelad,GR,2019/20,2020-01-22,,Volos NFC,AEK,1,3,A,3,12,2,5,0.4979,1.511,skott,,,,,,,,,,0.2055,0.2556,0.5389,0.183,0.2447,0.5723,1,5.26,3.9,1.78,5.75,3.93,1.71,0.4474,0.433,-0.1971,0.8889,0.1745,0,,,,,0,0,,,-0.0783,0.0017,,,,,,,,,,,
spelad,GR,2019/20,2020-01-23,,Aris,Xanthi,1,0,H,12,3,7,1,1.8313,0.3377,skott,,,,,,,,,,0.6627,0.2262,0.1111,0.71,0.1973,0.0927,1,1.48,4.3,9.04,1.37,5,12,0.4459,0.4843,-0.4559,-0.1578,-0.4338,0,3,3,1.3116,-0.2819,0,0,,,0.113,-0.0241,,,,,,,,,,,
spelad,GR,2019/20,2020-01-23,,Asteras Tripolis,Panionios,2,0,H,7,4,4,2,1.0549,0.5571,skott,,,,,,,,,,0.6069,0.2475,0.1456,0.6034,0.2458,0.1508,1,1.63,3.88,7.02,1.59,4,7,0.4538,0.4545,-0.0193,-0.3738,0.3649,-1,5,0,-0.1358,-0.0998,0,0,,,-0.0122,-0.0035,,,,,,,,,,,
spelad,GR,2019/20,2020-01-23,,Lamia,PAOK,0,1,A,5,7,3,4,0.7764,1.0549,skott,,,,,,,,,,0.1069,0.2233,0.6698,0.0929,0.1943,0.7128,1,9,4.52,1.42,13,5.25,1.34,0.463,0.4476,-0.0701,0.3693,0.1624,1,5,-3,-0.3694,-0.1652,0,0,,,-0.071,-0.0093,,,,,,,,,,,
spelad,GR,2019/20,2020-01-25,,Larisa,Panathinaikos,0,2,A,5,10,1,5,0.4561,1.3926,skott,,,,,,,,,,0.2723,0.315,0.4127,0.2709,0.3249,0.4041,1,3.5,3.2,2.35,3.54,3.11,2.35,0.3794,0.3831,-0.7428,1.1373,-0.6617,0,5,-1.2,-0.1321,-0.0894,0,0,,,0.0058,0.0128,,,,,,,,,,,
spelad,GR,2019/20,2020-01-26,,AEK,Olympiakos,0,0,D,9,7,1,4,0.6929,1.0549,skott,,,,,,,,,,0.2649,0.2891,0.446,0.2923,0.3076,0.4001,1,3.68,3.38,2.23,3.32,3.2,2.4,0.4245,0.4158,-0.1321,0.3574,0.0243,0,5,0,0.3178,-0.092,0,0,,,0.1009,0.0048,,,,,,,,,,,
spelad,GR,2019/20,2020-01-26,,Panetolikos,Aris,2,0,H,6,10,5,6,1.1559,1.5528,skott,,,,,,,,,,0.2601,0.2666,0.4733,0.2548,0.2992,0.446,1,3.77,3.6,2.11,3.8,3.32,2.25,0.4591,0.4304,-0.4346,0.807,-0.2456,1,3,-1,0.2771,-0.2335,0,0,,,0.0169,0.046,,,,,,,,,,,
spelad,GR,2019/20,2020-01-26,,Panionios,Atromitos,1,0,H,10,4,6,1,1.5528,0.3969,skott,,,,,,,,,,0.3337,0.2794,0.387,0.3584,0.2938,0.3478,1,3.2,3.5,2.46,2.92,3.3,2.76,0.4346,0.4051,-1.3584,1.5332,-0.953,-1,5,-1.2,-0.3963,0.3027,0,0,,,0.0886,-0.0213,,,,,,,,,,,
spelad,GR,2019/20,2020-01-26,,Xanthi,OFI Crete,2,2,D,7,7,4,3,1.0549,0.8948,skott,,,,,,,,,,0.3304,0.3171,0.3526,0.2892,0.3295,0.3813,1,2.86,3.3,2.68,3.29,3,2.64,0.4072,0.3806,0.5342,-0.5437,0.4407,-1,3,0,0.2599,0.0459,0,0,,,-0.1111,0.0372,,,,,,,,,,,
spelad,GR,2019/20,2020-01-27,,Lamia,Asteras Tripolis,1,1,D,4,8,3,2,0.7172,0.7938,skott,,,,,,,,,,0.3989,0.2991,0.302,0.3733,0.3268,0.2998,1,2.41,3.25,3.29,2.58,3.04,3.41,0.3648,0.3203,0.3533,-0.0269,0.2462,0,5,0.6,0.6867,0.1054,0,0,,,-0.0489,0.0193,,,,,,,,,,,
spelad,GR,2019/20,2020-01-27,,PAOK,Volos NFC,1,0,H,13,5,3,0,1.2499,0.296,skott,,,,,,,,,,0.8871,0.0827,0.0302,0.8959,0.0717,0.0325,1,1.13,11.5,36,1.08,13.25,36,0.7047,0.7252,0.3791,-0.7726,0.0498,-1,,,,,0,0,,,0.0153,-0.0342,,,,,,,,,,,
spelad,GR,2019/20,2020-02-01,,OFI Crete,Larisa,0,0,D,14,3,5,0,1.6294,0.1776,skott,,,,,,,,,,0.5166,0.2936,0.1898,0.545,0.2694,0.1856,1,1.91,3.5,5.07,1.8,3.6,5.25,0.4219,0.4341,0.3727,-0.5088,0.2649,-1,3,-1,-0.7275,0.354,0,0,,,0.0611,-0.0128,,,,,,,,,,,
spelad,GR,2019/20,2020-02-01,,Olympiakos,Xanthi,3,1,H,10,4,6,3,1.5528,0.7172,skott,,,,,,,,,,0.8554,0.1043,0.0403,0.876,0.0911,0.0329,1,1.13,9.4,26,1.12,11,36,0.6845,0.6797,0.4058,-1.0291,0.255,0,5,1.2,-0.5676,0.4153,0,0,,,0.0485,-0.0333,,,,,,,,,,,
spelad,GR,2019/20,2020-02-01,,Volos NFC,Lamia,1,0,H,14,7,4,4,1.4693,1.0549,skott,,,,,,,,,,0.4231,0.3104,0.2665,0.4054,0.3224,0.2722,1,2.23,3.24,3.6,2.4,3.1,3.62,0.3929,0.3429,0.1924,0.1176,0.225,0,,,,,0,0,,,-0.0411,0.0019,,,,,,,,,,,
spelad,GR,2019/20,2020-02-02,,Aris,Panionios,2,0,H,21,4,11,2,3.0046,0.5571,skott,,,,,,,,,,0.6864,0.1877,0.1259,0.7016,0.1791,0.1193,1,1.4,5.01,9.66,1.35,5.5,12.92,0.4894,0.6,0.6318,-0.9747,0.4569,0,3,-1,-1.054,0.3878,0,0,,,0.037,0.0184,,,,,,,,,,,
spelad,GR,2019/20,2020-02-02,,Asteras Tripolis,Panetolikos,2,1,H,16,7,4,3,1.5877,0.8948,skott,,,,,,,,,,0.5538,0.2729,0.1734,0.5451,0.2773,0.1776,1,1.77,3.6,5.5,1.82,3.5,5.5,0.4208,0.4442,-0.2515,0.2618,-0.0097,-1,5,1.2,0.1101,0.3121,0,0,,,-0.0216,-0.0215,,,,,,,,,,,
spelad,GR,2019/20,2020-02-02,,Atromitos,AEK,0,1,A,4,7,2,4,0.5571,1.0549,skott,,,,,,,,,,0.2409,0.2961,0.463,0.2078,0.2711,0.5212,1,4.23,3.32,2.06,5.25,3.48,1.97,0.3954,0.392,0.0193,0.3877,-0.2873,0,5,0,0.5528,-0.0765,0,0,,,-0.1245,0.0247,,,,,,,,,,,
spelad,GR,2019/20,2020-02-02,,Panathinaikos,PAOK,2,0,H,5,7,4,4,0.9365,1.0549,skott,,,,,,,,,,0.2377,0.3052,0.4571,0.3111,0.3152,0.3738,1,4.02,3.28,2.12,3.56,3.14,2.58,0.3858,0.3762,-0.2517,-0.0751,0.1799,2,5,-2.4,-0.4953,-0.0451,0,0,,,0.23,-0.0318,,,,,,,,,,,
spelad,GR,2019/20,2020-02-08,,Lamia,Larisa,0,0,D,8,9,1,5,0.6337,1.3334,skott,,,,,,,,,,0.4037,0.3057,0.2906,0.375,0.3316,0.2935,1,2.55,3.11,3.25,2.59,3.1,3.3,0.3422,0.3129,0.2282,-0.3588,0.3568,0,5,1.2,0.7969,-0.1182,0,0,,,-0.0602,-0.006,,,,,,,,,,,
spelad,GR,2019/20,2020-02-08,,Panionios,Xanthi,0,0,D,7,8,3,4,0.8948,1.1141,skott,,,,,,,,,,0.4299,0.2983,0.2718,0.4298,0.2946,0.2757,1,2.3,3.3,3.6,2.31,3.26,3.6,0.4,0.384,-0.576,0.5855,-0.5285,-1,5,1.2,0.6678,-0.1141,0,0,,,-0.0041,0.0075,,,,,,,,,,,
spelad,GR,2019/20,2020-02-09,,AEK,Panathinaikos,1,0,H,5,5,3,2,0.7764,0.6163,skott,,,,,,,,,,0.491,0.2871,0.2219,0.5219,0.2722,0.2058,1,1.95,3.42,5.03,1.92,3.5,5,0.4134,0.4267,0.1277,0.0816,-0.2481,0,5,0,-0.5557,0.3104,0,0,,,0.078,-0.0023,,,,,,,,,,,
spelad,GR,2019/20,2020-02-09,,Asteras Tripolis,Aris,1,1,D,6,5,2,3,0.6754,0.7764,skott,,,,,,,,,,0.4053,0.2871,0.3076,0.3553,0.3119,0.3328,1,2.64,3.29,3.07,2.69,3.27,3.2,0.4,0.4,-0.0988,-0.2377,0.1533,0,3,-3,-1.1139,-0.2811,0,0,,,-0.1252,0.0326,,,,,,,,,,,
spelad,GR,2019/20,2020-02-09,,Atromitos,Olympiakos,0,1,A,6,12,1,4,0.5153,1.3509,skott,,,,,,,,,,0.1085,0.2007,0.6908,0.0795,0.157,0.7635,1,9.8,4.7,1.42,15,6.07,1.29,0.4894,0.5417,-0.478,0.9516,-0.4872,-1,5,-1.2,0.1744,-0.017,0,0,,,-0.1306,0.0162,,,,,,,,,,,
spelad,GR,2019/20,2020-02-09,,PAOK,OFI Crete,4,0,H,10,6,6,2,1.5528,0.6754,skott,,,,,,,,,,0.8275,0.1224,0.0501,0.8326,0.116,0.0514,1,1.19,7.71,18.83,1.18,8.5,23,0.5974,0.6194,0.9823,-0.842,0.7044,-1,3,3,0.8735,-0.22,0,0,,,0.0088,-0.0529,,,,,,,,,,,
spelad,GR,2019/20,2020-02-10,,Panetolikos,Volos NFC,1,1,D,7,10,5,3,1.2151,1.0724,skott,,,,,,,,,,0.5101,0.2704,0.2195,0.5116,0.2776,0.2108,1,1.94,3.51,4.6,1.85,3.7,4.75,0.4208,0.4169,-0.1094,-0.6156,-0.1617,-1,,,,,0,0,,,0.0117,0.0111,,,,,,,,,,,
spelad,GR,2019/20,2020-02-15,,Larisa,PAOK,1,2,A,5,8,3,2,0.7764,0.7938,skott,,,,,,,,,,0.122,0.2123,0.6656,0.1035,0.1976,0.6989,1,9.5,4.48,1.48,10.5,4.95,1.4,0.4683,0.4097,-0.771,0.7968,-0.3957,1,5,-1.8,0.0196,0.2359,0,0,,,-0.0704,0.0199,,,,,,,,,,,
spelad,GR,2019/20,2020-02-15,,Olympiakos,Panionios,4,0,H,18,9,9,1,2.5068,0.6929,skott,,,,,,,,,,0.9056,0.0689,0.0256,0.9051,0.0687,0.0262,1,1.1,13.82,41,1.11,13.97,37,0.7047,0.7109,1.0877,-1.2485,0.6859,-1,5,2.4,0.2205,0.0231,0,0,,,-0.0016,-0.0378,,,,,,,,,,,
spelad,GR,2019/20,2020-02-16,,Aris,AEK,0,1,A,7,4,1,1,0.5745,0.3969,skott,,,,,,,,,,0.3446,0.2879,0.3674,0.3621,0.3388,0.2991,1,2.9,3.31,2.6,2.7,3.1,3.18,0.4308,0.4061,-0.6135,0.9129,-0.3372,0,3,0,0.4912,0.0477,0,0,,,0.1033,0.0018,,,,,,,,,,,
spelad,GR,2019/20,2020-02-16,,Panathinaikos,Panetolikos,3,1,H,9,7,5,5,1.3334,1.2151,skott,,,,,,,,,,0.7018,0.2062,0.0919,0.7255,0.1906,0.0839,1,1.37,4.75,11,1.33,5.1,13,0.4409,0.4648,0.4113,-0.396,0.5267,1,5,0.6,-0.1579,0.1145,0,0,,,0.0553,-0.0168,,,,,,,,,,,
spelad,GR,2019/20,2020-02-16,,Volos NFC,Asteras Tripolis,0,1,A,5,11,2,5,0.6163,1.4518,skott,,,,,,,,,,0.346,0.3028,0.3512,0.3213,0.2962,0.3825,1,2.75,3.22,2.75,3,3.25,2.63,0.4109,0.4194,0.0856,0.3078,-0.0277,-1,,,,,0,0,,,-0.0807,0.0196,,,,,,,,,,,
spelad,GR,2019/20,2020-02-16,,Xanthi,Lamia,0,0,D,10,4,3,2,1.0724,0.5571,skott,,,,,,,,,,0.4522,0.3049,0.2429,0.4614,0.3196,0.219,1,2.17,3.15,4,2.15,3.1,4.4,0.3471,0.3429,0.0016,0.2686,0.2537,0,5,0,-0.201,0.2747,0,0,,,0.0425,-0.0364,,,,,,,,,,,
spelad,GR,2019/20,2020-02-17,,OFI Crete,Atromitos,1,0,H,9,5,3,3,1.0132,0.7764,skott,,,,,,,,,,0.5269,0.2542,0.2188,0.5544,0.264,0.1816,1,1.89,3.71,4.5,1.82,3.7,6,0.4447,0.4378,-0.696,0.8888,-0.4184,0,3,0,0.186,0.0181,0,0,,,0.0922,-0.0019,,,,,,,,,,,
spelad,GR,2019/20,2020-02-22,,Asteras Tripolis,Panathinaikos,1,1,D,6,5,4,3,0.9957,0.7764,skott,,,,,,,,,,0.3403,0.3081,0.3516,0.3525,0.316,0.3315,1,2.9,3.1,2.8,2.9,3.1,2.9,0.3725,0.371,-0.3341,0.742,-0.2723,0,5,-0.6,-0.0613,0.0979,0,0,,,0.0447,-0.0137,,,,,,,,,,,
spelad,GR,2019/20,2020-02-22,,Lamia,Aris,2,2,D,11,8,4,4,1.2917,1.1141,skott,,,,,,,,,,0.2219,0.3079,0.4702,0.1893,0.2829,0.5278,1,4.4,3.2,2.05,5.25,3.4,1.89,0.3286,0.351,0.2208,-0.4883,-0.04,0,3,-2,-0.4351,0.0528,0,0,,,-0.1226,0.0014,,,,,,,,,,,
spelad,GR,2019/20,2020-02-23,,AEK,OFI Crete,3,0,H,12,4,7,2,1.8313,0.5571,skott,,,,,,,,,,0.694,0.2115,0.0945,0.6565,0.2318,0.1116,1,1.48,4.7,9.91,1.48,4.23,9,0.4436,0.4648,1.2461,-1.6726,1.0869,1,3,1,0.0219,-0.2452,0,0,,,-0.092,-0.0282,,,,,,,,,,,
spelad,GR,2019/20,2020-02-23,,Atromitos,Xanthi,1,0,H,9,4,5,0,1.3334,0.2368,skott,,,,,,,,,,0.5162,0.282,0.2018,0.4637,0.3174,0.2189,1,1.91,3.37,5.25,2.15,3.2,4.33,0.3521,0.3429,-0.1259,0.3155,-0.4341,-1,5,0,-0.2627,-0.0994,0,0,,,-0.1222,-0.0274,,,,,,,,,,,
spelad,GR,2019/20,2020-02-23,,Panetolikos,Panionios,1,0,H,9,4,7,1,1.6537,0.3969,skott,,,,,,,,,,0.5086,0.2803,0.2111,0.5239,0.2542,0.2219,1,1.95,3.4,4.6,1.85,3.71,4.8,0.3899,0.4179,0.0717,-0.6027,0.1449,-1,5,-0.6,-0.1856,0.0951,0,0,,,0.0198,0.0023,,,,,,,,,,,
spelad,GR,2019/20,2020-02-23,,PAOK,Olympiakos,0,1,A,10,4,2,1,0.9122,0.3969,skott,,,,,,,,,,0.4321,0.2921,0.2759,0.4373,0.3018,0.2609,1,2.3,3.4,3.5,2.23,3.25,3.62,0.4485,0.4367,-0.2947,0.7551,-0.3822,0,5,0,0.1523,-0.0761,0,0,,,0.0254,-0.0214,,,,,,,,,,,
spelad,GR,2019/20,2020-02-23,,Volos NFC,Larisa,0,0,D,3,4,0,1,0.1776,0.3969,skott,,,,,,,,,,0.3554,0.2839,0.3608,0.3293,0.3,0.3706,1,2.75,3.36,2.75,2.9,3.19,2.75,0.4409,0.4025,0.7507,-0.667,0.6453,-1,,,,,0,0,,,-0.0619,0.0216,,,,,,,,,,,
spelad,GR,2019/20,2020-03-01,,Aris,Atromitos,1,2,A,8,6,3,1,0.954,0.5153,skott,,,,,,,,,,0.4441,0.2788,0.2771,0.5225,0.2469,0.2306,1,2.21,3.54,3.68,1.95,3.83,4.5,0.4734,0.4961,-0.1591,0.3635,-0.1525,1,3,-2,-1.0414,0.0189,0,0,,,0.2031,-0.0412,,,,,,,,,,,
spelad,GR,2019/20,2020-03-01,,Larisa,Asteras Tripolis,3,0,H,4,2,3,2,0.7172,0.4387,skott,,,,,,,,,,0.2488,0.2666,0.4846,0.3376,0.311,0.3514,1,4.1,3.78,2.1,3.3,3.36,2.71,0.4668,0.4531,-0.902,0.7813,-0.9317,-1,5,-0.6,0.093,0.1085,0,0,,,0.3109,-0.0205,,,,,,,,,,,
spelad,GR,2019/20,2020-03-01,,OFI Crete,Lamia,3,0,H,8,2,5,0,1.2743,0.1184,skott,,,,,,,,,,0.7761,0.1545,0.0694,0.7367,0.171,0.0923,1,1.23,6.5,17.5,1.38,5.55,13,0.52,0.5039,0.0583,0.7335,0.2009,-1,3,-2,-1.0667,0.0055,0,0,,,-0.1018,-0.0324,,,,,,,,,,,
spelad,GR,2019/20,2020-03-01,,Olympiakos,Panetolikos,2,0,H,12,0,6,0,1.6712,0,skott,,,,,,,,,,0.8635,0.0932,0.0434,0.8468,0.1003,0.0528,1,1.12,11.75,40,1.16,11.05,26,0.6918,0.7013,1.1605,-1.2784,0.636,0,5,3,0.639,-0.1769,0,0,,,-0.0428,-0.0289,,,,,,,,,,,
spelad,GR,2019/20,2020-03-01,,Panathinaikos,Volos NFC,4,1,H,8,5,6,1,1.4344,0.4561,skott,,,,,,,,,,0.678,0.2037,0.1183,0.7374,0.1731,0.0895,1,1.41,4.85,9,1.32,5.75,11,0.4907,0.5379,0.8487,-1.1262,0.9712,1,,,,,0,0,,,0.1478,-0.0378,,,,,,,,,,,
spelad,GR,2019/20,2020-03-01,,Panionios,AEK,1,1,D,8,21,5,12,1.2743,3.1648,skott,,,,,,,,,,0.1588,0.239,0.6022,0.1648,0.2395,0.5957,1,6.5,4.1,1.59,7.5,4.33,1.61,0.4787,0.47,-1.1279,1.4757,-1.1019,0,5,-3,-0.581,-0.2223,0,0,,,0.0186,-0.0453,,,,,,,,,,,
spelad,GR,2019/20,2020-03-01,,Xanthi,PAOK,1,1,D,4,11,1,3,0.3969,1.1316,skott,,,,,,,,,,0.0632,0.1208,0.816,0.1256,0.1904,0.6839,1,20.25,8.75,1.18,10,5.5,1.44,0.5917,0.5222,-0.7644,0.2699,-0.2236,0,5,-3,-0.4184,-0.1781,0,0,,,0.2568,-0.031,,,,,,,,,,,
spelad,GR,2019/20,2020-06-06,,Aris,OFI Crete,3,1,H,8,9,4,3,1.1141,1.0132,skott,,,,,,,,,,0.5543,0.2473,0.1984,0.5766,0.2452,0.1782,1,1.81,3.81,5.05,1.79,3.9,5.5,0.4841,0.4909,-0.6193,0.4334,-0.6822,,4,0.75,-0.041,-0.0216,0,0,,,0.0649,-0.0342,,,,,,,,,,,
spelad,GR,2019/20,2020-06-06,,Panionios,Volos NFC,1,0,H,6,9,3,3,0.8356,1.0132,skott,,,,,,,,,,0.4687,0.2697,0.2615,0.5107,0.2646,0.2247,1,2.19,3.51,3.72,2,3.61,4.5,0.4409,0.4308,-0.0765,-0.0828,-0.1488,,,,,,0,0,,,0.1209,-0.0188,,,,,,,,,,,
spelad,GR,2019/20,2020-06-07,,AEK,Panathinaikos,1,1,D,10,5,2,4,0.9122,0.9365,skott,,,,,,,,,,0.5792,0.2421,0.1788,0.511,0.2852,0.2037,1,1.69,3.95,6.06,1.94,3.59,5.22,0.4346,0.3905,0.081,0.2234,0.0004,,6,0.5,-0.2695,0.2133,0,0,,,-0.1613,0.0049,,,,,,,,,,,
spelad,GR,2019/20,2020-06-07,,Larisa,Asteras Tripolis,1,2,A,7,9,4,6,1.0549,1.4936,skott,,,,,,,,,,0.3604,0.3106,0.329,0.327,0.327,0.3459,1,2.62,3.18,3.02,2.93,3.1,2.8,0.4256,0.3597,-0.3752,-0.1069,-0.3548,,6,0,0.3569,0.0386,0,0,,,-0.0836,0.0149,,,,,,,,,,,
spelad,GR,2019/20,2020-06-07,,PAOK,Olympiakos,0,1,A,5,4,2,3,0.6163,0.7172,skott,,,,,,,,,,0.3679,0.2945,0.3376,0.317,0.3001,0.3829,1,2.58,3.26,3,3.08,3.24,2.7,0.4208,0.4081,-0.6909,0.711,-0.7518,,6,-0.5,-0.1421,-0.1137,0,0,,,-0.147,0.0234,,,,,,,,,,,
spelad,GR,2019/20,2020-06-08,,Lamia,Panetolikos,2,0,H,6,10,3,4,0.8356,1.2325,skott,,,,,,,,,,0.4044,0.2894,0.3062,0.3397,0.3421,0.3182,1,2.41,3.27,3.25,2.91,2.85,3.04,0.3929,0.3146,-0.1527,-0.0319,-0.3913,,6,-1,-0.6281,0.3481,0,0,,,-0.1414,-0.0014,,,,,,,,,,,
spelad,GR,2019/20,2020-06-13,,Atromitos,Lamia,1,1,D,5,2,3,1,0.7764,0.2785,skott,,,,,,,,,,0.5301,0.28,0.1899,0.4999,0.3012,0.1989,1,1.83,3.55,5.25,1.98,3.45,4.86,0.3954,0.3886,-0.058,0.2291,-0.0958,,6,0.5,-0.2408,0.1933,0,0,,,-0.0695,-0.0179,,,,,,,,,,,
spelad,GR,2019/20,2020-06-13,,Panathinaikos,PAOK,0,0,D,3,12,0,9,0.1776,2.1516,skott,,,,,,,,,,0.2679,0.2709,0.4612,0.2892,0.2964,0.4144,1,3.6,3.75,2.15,3.31,3.4,2.41,0.4357,0.3698,0.5252,-0.9752,0.976,0,6,-1.5,-0.1208,-0.0901,0,0,,,0.0895,0.0059,,,,,,,,,,,
spelad,GR,2019/20,2020-06-13,,Volos NFC,Xanthi,1,0,H,9,8,5,3,1.3334,0.954,skott,,,,,,,,,,0.2257,0.2605,0.5139,0.2181,0.2995,0.4825,1,4.5,3.63,1.93,4.39,3.32,2.03,0.4334,0.3775,0.1173,0.3314,0.1119,,,,,,0,0,,,0.0163,0.0184,,,,,,,,,,,
spelad,GR,2019/20,2020-06-14,,OFI Crete,AEK,0,2,A,4,11,3,6,0.7172,1.612,skott,,,,,,,,,,0.1895,0.2834,0.5272,0.1861,0.2568,0.5571,1,5.25,3.45,1.9,5.14,3.72,1.8,0.3954,0.4235,-0.9501,1.2225,-0.72,1,4,-1.5,0.0258,-0.2418,0,0,,,-0.0368,0.0464,,,,,,,,,,,
spelad,GR,2019/20,2020-06-14,,Olympiakos,Aris,3,1,H,9,7,6,4,1.4936,1.0549,skott,,,,,,,,,,0.7897,0.142,0.0683,0.7367,0.1644,0.0989,1,1.23,6.85,15.41,1.34,6.35,11,0.5818,0.6277,1.2958,-1.3119,1.0968,-1,4,3,0.9011,-0.2284,0,0,,,-0.1366,-0.0264,,,,,,,,,,,
spelad,GR,2019/20,2020-06-15,,Asteras Tripolis,Panionios,0,0,D,13,12,9,6,2.2108,1.6712,skott,,,,,,,,,,0.5107,0.2755,0.2138,0.5851,0.2466,0.1682,1,1.91,3.44,4.45,1.64,3.99,6.2,0.4319,0.433,0.2104,0.0661,0.3333,-1,6,0.5,0.0442,-0.1241,0,0,,,0.1943,-0.0052,,,,,,,,,,,
spelad,GR,2019/20,2020-06-15,,Panetolikos,Larisa,3,0,H,9,4,0,3,0.5327,0.7172,skott,,,,,,,,,,0.4782,0.2721,0.2498,0.5109,0.2662,0.2229,1,2.06,3.48,4,2,3.58,4.99,0.4346,0.4442,0.1304,0.3315,0.2855,-1,6,-0.5,-0.3145,0.1989,0,0,,,0.0923,-0.0171,,,,,,,,,,,
spelad,GR,2019/20,2020-06-20,,AEK,Aris,2,2,D,12,6,7,4,1.8313,0.9957,skott,,,,,,,,,,0.7016,0.1935,0.1049,0.6784,0.1988,0.1229,1,1.4,4.95,9.17,1.44,4.82,8.1,0.4709,0.4661,1.1635,-1.1116,1.0882,0,4,0.75,0.0368,-0.0489,0,0,,,-0.0644,-0.025,,,,,,,,,,,
spelad,GR,2019/20,2020-06-20,,PAOK,OFI Crete,3,1,H,14,4,8,2,2.1098,0.5571,skott,,,,,,,,,,0.8321,0.1085,0.0594,0.8101,0.1255,0.0645,1,1.17,9.75,18.5,1.19,7.91,18,0.6512,0.616,-0.0896,-0.4309,-0.3291,1,4,3,0.7517,-0.194,0,0,,,-0.0491,-0.0176,,,,,,,,,,,
spelad,GR,2019/20,2020-06-21,,Asteras Tripolis,Atromitos,1,1,D,9,8,4,1,1.1733,0.6337,skott,,,,,,,,,,0.4257,0.3203,0.254,0.4374,0.3139,0.2486,1,2.35,3.38,3.72,2.29,3.41,3.8,0.4,0.4051,0.2581,0.1283,0.3093,-2,6,-1.5,-0.6083,-0.1525,0,0,,,0.0289,-0.0136,,,,,,,,,,,
spelad,GR,2019/20,2020-06-21,,Olympiakos,Panathinaikos,3,0,H,6,9,4,3,0.9957,1.0132,skott,,,,,,,,,,0.6109,0.2346,0.1545,0.6986,0.1903,0.1112,1,1.66,4.04,6.5,1.42,4.95,10.5,0.4538,0.5131,0.3967,0.1196,0.2239,-1,5,0,-0.8677,0.3616,0,0,,,0.2186,-0.0206,,,,,,,,,,,
spelad,GR,2019/20,2020-06-21,,Xanthi,Panetolikos,1,1,D,11,3,5,2,1.4518,0.4979,skott,,,,,,,,,,0.4416,0.2829,0.2755,0.3751,0.3248,0.3001,1,2.29,3.35,3.73,2.56,3.15,3.45,0.4124,0.3302,-0.5219,0.2028,-0.5834,2,6,1.5,0.64,0.1789,0,0,,,-0.1575,-0.0111,,,,,,,,,,,
spelad,GR,2019/20,2020-06-22,,Lamia,Panionios,0,1,A,5,2,1,1,0.4561,0.2785,skott,,,,,,,,,,0.3675,0.2828,0.3498,0.3093,0.3175,0.3731,1,2.59,3.4,2.9,3.24,3.1,2.57,0.4512,0.3573,-0.1856,0.0763,-0.2172,2,6,0.5,0.4522,-0.1565,0,0,,,-0.1396,0.0051,,,,,,,,,,,
spelad,GR,2019/20,2020-06-22,,Larisa,Volos NFC,3,1,H,12,8,5,2,1.511,0.7938,skott,,,,,,,,,,0.4751,0.2741,0.2508,0.4662,0.3083,0.2254,1,2.07,3.46,3.9,2.12,3.38,4.25,0.4171,0.3741,-0.3509,0.087,-0.3954,-2,,,,,0,0,,,0.0076,-0.0166,,,,,,,,,,,
spelad,GR,2019/20,2020-06-24,,Xanthi,Atromitos,1,0,H,3,4,2,2,0.4979,0.5571,skott,,,,,,,,,,0.5022,0.2777,0.2201,0.4946,0.2875,0.2179,1,1.95,3.45,4.5,2.1,3.35,4.38,0.3964,0.3524,-0.4673,0.364,-0.3758,0,6,-0.5,0.1393,-0.1357,0,0,,,-0.0131,-0.0717,,,,,,,,,,,
spelad,GR,2019/20,2020-06-27,,OFI Crete,Panathinaikos,0,0,D,11,5,2,2,0.9714,0.6163,skott,,,,,,,,,,0.3811,0.274,0.3449,0.4333,0.2952,0.2715,1,2.52,3.48,2.88,2.25,3.42,3.5,0.4748,0.4557,-0.6209,1.4347,-0.3973,1,4,2.25,1.4311,-0.0427,0,0,,,0.1779,-0.0116,,,,,,,,,,,
spelad,GR,2019/20,2020-06-27,,Panionios,Xanthi,2,1,H,6,15,3,8,0.8356,2.169,skott,,,,,,,,,,0.3937,0.2934,0.3129,0.3734,0.3258,0.3009,1,2.49,3.24,3.08,2.57,3.2,3.21,0.4,0.3333,0.6934,-0.6382,0.4522,2,6,1,0.4591,0.0225,0,0,,,-0.0286,-0.0022,,,,,,,,,,,
spelad,GR,2019/20,2020-06-28,,AEK,Olympiakos,1,2,A,4,11,2,5,0.5571,1.4518,skott,,,,,,,,,,0.2425,0.2749,0.4825,0.1815,0.2697,0.5488,1,3.93,3.54,2.07,5.24,3.7,1.84,0.4709,0.4557,-0.734,1.0235,-0.4165,1,6,0,0.2341,0.0387,0,0,,,-0.1882,0.067,,,,,,,,,,,
spelad,GR,2019/20,2020-06-28,,Aris,PAOK,0,2,A,7,12,5,8,1.2151,1.9914,skott,,,,,,,,,,0.2986,0.2666,0.4348,0.2426,0.2672,0.4902,1,3.3,3.57,2.3,4,3.56,2.02,0.4854,0.4752,0.1238,-0.1094,0.2304,0,4,0,0.3762,0.23,0,0,,,-0.1674,0.0294,,,,,,,,,,,
spelad,GR,2019/20,2020-06-28,,Panetolikos,Asteras Tripolis,1,1,D,12,6,2,5,1.0306,1.1559,skott,,,,,,,,,,0.5775,0.2517,0.1708,0.6064,0.2422,0.1514,1,1.77,3.78,5.75,1.6,3.9,6.71,0.4208,0.4304,-0.2194,-0.2138,-0.2506,0,6,-1.5,-0.4868,0.2139,0,0,,,0.0773,-0.0259,,,,,,,,,,,
spelad,GR,2019/20,2020-06-29,,Atromitos,Larisa,3,0,H,19,4,10,3,2.7261,0.7172,skott,,,,,,,,,,0.5245,0.2652,0.2103,0.4582,0.3181,0.2237,1,1.86,3.62,4.65,2.11,3.3,4.36,0.4383,0.3818,-0.0004,0.1142,-0.0395,-2,6,2,0.648,0.0373,0,0,,,-0.1462,-0.0041,,,,,,,,,,,
spelad,GR,2019/20,2020-06-29,,Volos NFC,Lamia,0,0,D,8,5,3,3,0.954,0.7764,skott,,,,,,,,,,0.3297,0.357,0.3133,0.2292,0.5781,0.1927,1,2.87,3.13,3.02,4.5,2.56,5.7,0.3769,0.2702,-0.0306,0.4254,0.1325,0,,,,,0,0,,,-0.0803,0.026,,,,,,,,,,,
spelad,GR,2019/20,2020-07-01,,Olympiakos,OFI Crete,2,1,H,13,7,5,2,1.5702,0.7346,skott,,,,,,,,,,0.8195,0.1234,0.0572,0.8406,0.1091,0.0503,1,1.18,7.74,17,1.15,8.76,22,0.6222,0.6635,1.4774,-1.9782,1.084,-1,4,1.5,-0.1743,-0.1641,0,0,,,0.0492,-0.0306,,,,,,,,,,,
spelad,GR,2019/20,2020-07-01,,Panathinaikos,Aris,2,0,H,7,4,3,1,0.8948,0.3969,skott,,,,,,,,,,0.5778,0.2518,0.1703,0.5479,0.2647,0.1874,1,1.67,4,5.6,1.75,3.8,5.47,0.5,0.4843,0.5234,-0.645,0.471,1,4,0,0.0349,0.1881,0,0,,,-0.0769,-0.0123,,,,,,,,,,,
spelad,GR,2019/20,2020-07-01,,PAOK,AEK,0,2,A,5,7,1,4,0.4561,1.0549,skott,,,,,,,,,,0.4662,0.2767,0.2571,0.4375,0.2925,0.27,1,2.05,3.45,3.88,2.25,3.32,3.66,0.4245,0.4,-0.3863,0.1735,-0.3439,0,6,0,-0.1854,0.0403,0,0,,,-0.0702,0.0031,,,,,,,,,,,
spelad,GR,2019/20,2020-07-04,,Asteras Tripolis,Volos NFC,4,0,H,8,8,6,3,1.4344,0.954,skott,,,,,,,,,,0.5457,0.2553,0.199,0.5855,0.2399,0.1746,1,1.87,3.74,4.87,1.67,3.96,6.2,0.4179,0.4583,0.2044,-0.0654,0.2241,1,,,,,0,0,,,0.1041,-0.0073,,,,,,,,,,,
spelad,GR,2019/20,2020-07-04,,OFI Crete,PAOK,2,2,D,5,12,5,6,1.0967,1.6712,skott,,,,,,,,,,0.1576,0.2034,0.639,0.1271,0.1934,0.6796,1,7.02,4.68,1.5,10.23,5.15,1.39,0.5625,0.5326,0.0982,-0.0977,0.2745,0,5,-3,-0.5099,-0.1803,0,0,,,-0.1017,-0.0307,,,,,,,,,,,
spelad,GR,2019/20,2020-07-05,,Aris,AEK,1,4,A,2,16,1,10,0.2785,2.5485,skott,,,,,,,,,,0.1772,0.205,0.6178,0.1002,0.199,0.7008,1,6.5,4.64,1.6,10,4.9,1.36,0.5237,0.5079,-0.7441,0.8242,-0.8212,0,5,-0.6,0.0962,0.1211,0,0,,,-0.2369,0.0195,,,,,,,,,,,
spelad,GR,2019/20,2020-07-05,,Panathinaikos,Olympiakos,0,0,D,5,4,2,1,0.6163,0.3969,skott,,,,,,,,,,0.2035,0.2075,0.5891,0.1904,0.2289,0.5807,1,5.25,4.6,1.64,5.8,4.2,1.65,0.5625,0.4883,-0.8862,0.6082,-0.6874,0,6,-0.5,0.3344,0.2697,0,0,,,-0.0177,-0.0094,,,,,,,,,,,
spelad,GR,2019/20,2020-07-06,,Atromitos,Panetolikos,2,2,D,11,9,3,5,1.1316,1.3334,skott,,,,,,,,,,0.3425,0.3071,0.3503,0.3778,0.328,0.2942,1,2.79,3.22,2.71,2.52,3.08,3.24,0.4145,0.3601,0.0431,-0.1414,0.4219,-1,6,1,0.1508,0.0436,0,0,,,0.1267,-0.0038,,,,,,,,,,,
spelad,GR,2019/20,2020-07-06,,Lamia,Xanthi,0,0,D,0,5,0,1,0,0.4561,skott,,,,,,,,,,0.2459,0.2979,0.4562,0.2685,0.3259,0.4056,1,3.87,3.3,2.13,3.9,2.92,2.38,0.3759,0.2904,0.5042,-0.48,0.3964,-2,6,0,-0.0574,0.3423,0,0,,,0.0957,-0.0277,,,,,,,,,,,
spelad,GR,2019/20,2020-07-06,,Larisa,Panionios,0,0,D,11,5,3,1,1.1316,0.4561,skott,,,,,,,,,,0.1501,0.2477,0.6022,0.2624,0.3039,0.4337,1,7,3.97,1.57,4.01,3.3,2.3,0.4421,0.4167,-1.068,1.0054,-0.5724,-2,6,-0.5,-0.1048,-0.1255,0,0,,,0.3933,0.042,,,,,,,,,,,
spelad,GR,2019/20,2020-07-08,,AEK,OFI Crete,2,0,H,8,6,6,2,1.4344,0.6754,skott,,,,,,,,,,0.8031,0.136,0.061,0.8788,0.0866,0.0346,1,1.23,7.01,15.63,1.15,10.99,29,0.5818,0.6458,0.4452,-0.6792,0.3581,-1,5,1.8,0.3872,-0.2448,0,0,,,0.1779,-0.0527,,,,,,,,,,,
spelad,GR,2019/20,2020-07-08,,Aris,Olympiakos,2,4,A,11,14,7,8,1.7721,2.1098,skott,,,,,,,,,,0.0996,0.1685,0.7319,0.0898,0.1733,0.7369,1,15.19,6.08,1.31,11,5.6,1.36,0.6437,0.629,-1.5343,1.4193,-1.2066,0,5,-3,-0.6304,-0.2156,0,0,,,-0.0244,0.0175,,,,,,,,,,,
spelad,GR,2019/20,2020-07-08,,PAOK,Panathinaikos,0,0,D,13,5,3,2,1.2499,0.6163,skott,,,,,,,,,,0.7059,0.192,0.1021,0.653,0.2239,0.1231,1,1.41,5,10,1.49,4.6,8.05,0.4894,0.4778,-0.7473,1.0299,-0.8348,1,7,1.2857,0.1037,0.0233,0,0,,,-0.1269,-0.0183,,,,,,,,,,,
spelad,GR,2019/20,2020-07-11,,Lamia,Larisa,0,0,D,8,6,2,3,0.7938,0.8356,skott,,,,,,,,,,0.4002,0.297,0.3027,0.3232,0.4011,0.2756,1,2.38,3.63,3.25,2.92,2.88,3.66,0.3873,0.3374,0.3903,-0.4318,0.1509,0,6,1,0.588,0.0129,0,0,,,-0.1269,0.0181,,,,,,,,,,,
spelad,GR,2019/20,2020-07-11,,OFI Crete,Aris,0,1,A,10,9,4,4,1.2325,1.1733,skott,,,,,,,,,,0.5953,0.234,0.1707,0.572,0.2237,0.2043,1,1.67,4.07,5.58,1.69,4.27,4.75,0.5344,0.5975,0.0265,-0.3237,0.2084,0,5,-1.2,-0.1059,-0.0663,0,0,,,-0.0801,-0.0146,,,,,,,,,,,
spelad,GR,2019/20,2020-07-11,,Panionios,Panetolikos,0,2,A,7,7,3,5,0.8948,1.2151,skott,,,,,,,,,,0.4903,0.2912,0.2185,0.3857,0.3339,0.2804,1,2.01,3.3,4.75,2.5,3.01,3.4,0.3381,0.3226,0.8652,-0.8334,0.5354,0,6,0,-0.0779,0.0369,0,0,,,-0.2711,-0.008,,,,,,,,,,,
spelad,GR,2019/20,2020-07-11,,Volos NFC,Atromitos,2,3,A,8,5,4,4,1.1141,0.9365,skott,,,,,,,,,,0.2597,0.2678,0.4726,0.2633,0.2732,0.4634,1,3.75,3.63,2.09,3.76,3.47,2.18,0.4474,0.4531,-0.4619,1.0323,-0.5605,2,,,,,0,0,,,0.0165,0.0273,,,,,,,,,,,
spelad,GR,2019/20,2020-07-11,,Xanthi,Asteras Tripolis,1,2,A,12,7,7,2,1.8313,0.7346,skott,,,,,,,,,,0.5616,0.2665,0.1719,0.5417,0.2709,0.1874,1,1.72,3.8,6.06,1.76,3.6,5.5,0.4145,0.3753,-0.5548,0.3861,-0.6395,-2,6,0.5,0.3854,0.2007,0,0,,,-0.0553,0.011,,,,,,,,,,,
spelad,GR,2019/20,2020-07-12,,Olympiakos,PAOK,0,1,A,6,7,3,3,0.8356,0.8948,skott,,,,,,,,,,0.6021,0.228,0.1699,0.564,0.2421,0.1938,1,1.59,4.37,5.8,1.71,3.98,5,0.5409,0.5352,1.6043,-1.563,1.2118,0,7,0.8571,0.4408,-0.1404,0,0,,,-0.1002,-0.0155,,,,,,,,,,,
spelad,GR,2019/20,2020-07-12,,Panathinaikos,AEK,1,3,A,8,9,6,7,1.4344,1.6537,skott,,,,,,,,,,0.2552,0.2667,0.4781,0.141,0.2443,0.6147,1,3.73,3.57,2.04,7,4.2,1.58,0.4748,0.4494,0.0802,-0.1944,0.1959,0,7,-0.4286,0.0629,0.2849,0,0,,,-0.3649,0.0027,,,,,,,,,,,
spelad,GR,2019/20,2020-07-15,,AEK,PAOK,0,0,D,10,7,5,2,1.3926,0.7346,skott,,,,,,,,,,0.4315,0.2821,0.2864,0.4454,0.287,0.2675,1,2.29,3.4,3.35,2.23,3.3,3.64,0.4182,0.3753,0.6229,-1.0266,0.4897,0,7,0.4286,0.3954,-0.0072,0,0,,,0.0467,-0.0162,,,,,,,,,,,
spelad,GR,2019/20,2020-07-15,,Aris,Panathinaikos,0,1,A,7,15,4,4,1.0549,1.5285,skott,,,,,,,,,,0.3295,0.2765,0.394,0.336,0.2878,0.3762,1,3,3.42,2.45,3,3.52,2.58,0.4656,0.4909,0.0624,0.2886,0.0073,1,5,-0.6,-0.3437,0.0976,0,0,,,0.0309,-0.0081,,,,,,,,,,,
spelad,GR,2019/20,2020-07-15,,OFI Crete,Olympiakos,1,3,A,6,14,3,8,0.8356,2.1098,skott,,,,,,,,,,0.1628,0.2059,0.6314,0.1667,0.2097,0.6236,1,6.57,4.63,1.51,6.26,4.55,1.53,0.6046,0.5733,-1.5873,1.5481,-0.816,1,5,-1.8,0.2187,-0.1531,0,0,,,0.0156,-0.0055,,,,,,,,,,,
spelad,GR,2019/20,2020-07-18,,Asteras Tripolis,Lamia,1,1,D,7,8,3,3,0.8948,0.954,skott,,,,,,,,,,0.5997,0.2374,0.1629,0.604,0.2447,0.1512,1,1.64,4.1,6.65,1.57,4,6.55,0.4814,0.4479,0.217,-0.2077,0.2755,0,6,-0.5,-0.6978,0.2,0,0,,,0.0203,-0.018,,,,,,,,,,,
spelad,GR,2019/20,2020-07-18,,Atromitos,Panionios,0,0,D,16,1,7,1,2.0681,0.2193,skott,,,,,,,,,,0.2826,0.2766,0.4408,0.4373,0.3018,0.2609,1,3.42,3.46,2.2,2.18,3.43,3.86,0.4421,0.422,-0.2998,0.4595,0.2393,0,6,0.5,-0.1449,0.2033,0,0,,,0.4893,0.0098,,,,,,,,,,,
spelad,GR,2019/20,2020-07-18,,Larisa,Xanthi,0,0,D,8,3,3,1,0.954,0.3377,skott,,,,,,,,,,0.316,0.293,0.391,0.3049,0.3424,0.3527,1,3.08,3.36,2.48,3.12,3.12,2.72,0.3848,0.3542,0.4516,-0.3626,0.5228,0,6,-0.5,-0.0409,-0.1352,0,0,,,0.0161,0.0159,,,,,,,,,,,
spelad,GR,2019/20,2020-07-18,,Panetolikos,Volos NFC,1,0,H,7,12,3,3,0.8948,1.1907,skott,,,,,,,,,,0.5179,0.3212,0.1609,0.6402,0.2312,0.1286,1,1.88,3.2,6.15,1.51,4.2,9.6,0.4853,0.4921,0.7811,-1.4095,0.4808,0,,,,,0,0,,,0.2769,-0.0138,,,,,,,,,,,
spelad,GR,2019/20,2020-07-19,,Olympiakos,AEK,3,0,H,8,12,5,4,1.2743,1.3509,skott,,,,,,,,,,0.5522,0.25,0.1978,0.5578,0.2494,0.1928,1,1.75,3.9,5,1.75,3.9,5.15,0.5,0.5117,0.4186,-0.232,-0.0953,0,7,0.4286,-0.079,-0.0053,0,0,,,0.0163,-0.0139,,,,,,,,,,,
spelad,GR,2019/20,2020-07-19,,Panathinaikos,OFI Crete,3,2,H,6,16,5,8,1.1559,2.2282,skott,,,,,,,,,,0.6095,0.2232,0.1672,0.6142,0.2047,0.1811,1,1.57,4.45,6.6,1.56,4.65,5.36,0.5796,0.6416,0.718,-0.5622,0.7776,0,5,-1.8,-1.1326,0.1068,0,0,,,-0.0045,-0.0235,,,,,,,,,,,
spelad,GR,2019/20,2020-07-19,,PAOK,Aris,0,0,D,12,6,4,1,1.3509,0.5153,skott,,,,,,,,,,0.7978,0.1464,0.0558,0.8424,0.1051,0.0525,1,1.22,6.9,20,1.16,10.5,26,0.6061,0.7263,0.35,-0.4997,0.1448,0,5,0.6,-0.2325,0.1305,0,0,,,0.0927,0.006,,,,,,,,,,,
spelad,GR,2020/21,2020-09-11,,Aris,Lamia,3,1,H,10,6,9,2,2.0332,0.6754,skott,,,,,,,,,,0.6283,0.2454,0.1263,0.5723,0.2844,0.1433,1,1.56,4.2,7.61,1.71,3.64,6.65,0.4323,0.3643,-0.2369,0.4254,-0.0521,,4,1.5,0.0702,0.2189,0,0,,,-0.1289,-0.0175,,,,,,,,,,,
spelad,GR,2020/21,2020-09-11,,PAOK,Larisa,1,0,H,15,5,8,1,2.169,0.4561,skott,,,,,,,,,,0.7753,0.1612,0.0635,0.7562,0.1721,0.0717,1,1.27,6.05,15,1.3,5.85,13.26,0.5237,0.5222,0.3136,-0.2363,-0.1274,,6,2,-0.0953,0.1637,0,0,,,-0.0465,-0.0524,,,,,,,,,,,
spelad,GR,2020/21,2020-09-12,,OFI Crete,Panetolikos,1,1,D,3,8,2,4,0.4979,1.1141,skott,,,,,,,,,,0.5319,0.2699,0.1982,0.5161,0.2722,0.2118,1,1.81,3.65,5.06,1.85,3.7,4.98,0.4512,0.4194,-1.1974,1.2253,-0.6447,,4,0,-0.0375,-0.3014,0,0,,,-0.0453,0.0063,,,,,,,,,,,
spelad,GR,2020/21,2020-09-13,,Asteras Tripolis,Panathinaikos,1,0,H,8,8,3,5,0.954,1.2743,skott,,,,,,,,,,0.338,0.2986,0.3633,0.2415,0.3157,0.4428,1,2.85,3.24,2.65,3.96,3.14,2.3,0.4208,0.3508,-0.0137,-0.2798,-0.2344,,6,-0.5,-0.1134,0.1956,0,0,,,-0.2725,0.0283,,,,,,,,,,,
spelad,GR,2020/21,2020-09-13,,Atromitos,Volos NFC,0,2,A,5,7,2,5,0.6163,1.2151,skott,,,,,,,,,,0.5635,0.2539,0.1826,0.5685,0.2588,0.1727,1,1.71,3.81,5.67,1.72,3.8,5.68,0.4654,0.4282,0.8321,-1.3719,0.607,,3,2,0.6155,0.0653,0,0,,,0.0199,-0.0256,,,,,,,,,,,
spelad,GR,2020/21,2020-09-18,,Olympiakos,Asteras Tripolis,3,0,H,14,8,11,3,2.5903,0.954,skott,,,,,,,,,,0.7897,0.1463,0.064,0.7387,0.169,0.0923,1,1.25,7,15,1.34,6,13.43,0.5587,0.5417,0.2008,-0.2097,-0.3137,,6,2,0.0642,0.1346,0,0,,,-0.1304,-0.0408,,,,,,,,,,,
spelad,GR,2020/21,2020-09-18,,PAOK,Atromitos,1,1,D,10,6,5,1,1.3926,0.5153,skott,,,,,,,,,,0.662,0.2207,0.1174,0.69,0.2079,0.1021,1,1.5,4.54,8.36,1.45,4.75,9.33,0.4726,0.4818,0.2979,-0.0702,0.0567,2,6,2.5,0.4957,-0.0583,0,0,,,0.0715,-0.0592,,,,,,,,,,,
spelad,GR,2020/21,2020-09-19,,Panetolikos,AEK,0,2,A,2,8,0,5,0.1184,1.2743,skott,,,,,,,,,,0.1478,0.2565,0.5958,0.1657,0.2629,0.5714,1,7,3.9,1.63,7,3.8,1.72,0.4319,0.4184,0.2675,-0.4434,0.1109,,6,-2,-0.0618,-0.2199,0,0,,,0.0601,-0.0039,,,,,,,,,,,
spelad,GR,2020/21,2020-09-20,,Lamia,OFI Crete,1,2,A,11,4,3,2,1.1316,0.5571,skott,,,,,,,,,,0.3249,0.3227,0.3524,0.3655,0.3408,0.2937,1,2.95,3.13,2.72,2.93,3.1,3.26,0.3731,0.3002,0.7214,-0.7648,0.5328,1,4,0.75,0.6839,-0.0386,0,0,,,0.1398,-0.0207,,,,,,,,,,,
spelad,GR,2020/21,2020-09-20,,Volos NFC,Aris,0,1,A,4,9,1,5,0.3969,1.3334,skott,,,,,,,,,,0.2558,0.3189,0.4252,0.2656,0.3075,0.4269,1,3.75,3.34,2.25,3.6,3.3,2.35,0.4249,0.4101,-0.3603,0.4377,-0.0254,-2,,,,,0,0,,,0.0179,0.0202,,,,,,,,,,,
spelad,GR,2020/21,2020-09-26,,Olympiakos,Panetolikos,2,0,H,10,3,4,2,1.2325,0.4979,skott,,,,,,,,,,0.7884,0.1325,0.0792,0.7812,0.1446,0.0742,1,1.28,7.32,13,1.3,6.7,13.44,0.6156,0.597,0.2139,-0.0999,0.0082,1,6,3,0.5923,-0.1642,0,0,,,-0.0094,-0.0694,,,,,,,,,,,
spelad,GR,2020/21,2020-09-26,,Volos NFC,PAOK,0,0,D,5,12,3,6,0.7764,1.6712,skott,,,,,,,,,,0.0742,0.1757,0.75,0.1238,0.2425,0.6337,1,13,5.75,1.3,9.49,4.91,1.53,0.5421,0.4909,-0.1608,0.2574,0.4694,-2,,,,,0,0,,,0.2154,0.0201,,,,,,,,,,,
spelad,GR,2020/21,2020-09-27,,AEK,Lamia,3,0,H,17,8,12,7,2.928,1.5945,skott,,,,,,,,,,0.7685,0.164,0.0675,0.6747,0.2138,0.1115,1,1.3,6,14.11,1.46,4.55,9.5,0.5538,0.4308,0.721,-0.5547,0.7742,1,6,2,0.0529,0.1262,0,0,,,-0.2315,-0.0408,,,,,,,,,,,
spelad,GR,2020/21,2020-09-27,,Aris,Giannina,2,2,D,10,6,6,3,1.5528,0.8356,skott,,,,,,,,,,0.6215,0.247,0.1315,0.5242,0.2823,0.1935,1,1.62,3.9,7.24,1.86,3.5,5.05,0.4223,0.3995,0.3596,0.1873,0.7385,,,,,,-1,0,,,-0.2566,-0.0138,,,,,,,,,,,
spelad,GR,2020/21,2020-09-27,,OFI Crete,Atromitos,2,2,D,11,10,8,4,1.9323,1.2325,skott,,,,,,,,,,0.401,0.3121,0.2869,0.3881,0.3123,0.2996,1,2.4,3.25,3.5,2.57,3.2,3.45,0.416,0.3683,-0.2448,0.247,-0.1943,-2,4,0.75,0.4077,-0.0524,0,0,,,-0.0383,0.0025,,,,,,,,,,,
spelad,GR,2020/21,2020-09-28,,Larisa,Panathinaikos,1,1,D,3,6,3,2,0.658,0.6754,skott,,,,,,,,,,0.2901,0.2955,0.4144,0.2368,0.2873,0.4759,1,3.8,3.3,2.35,4.3,3.33,2.15,0.4139,0.396,-0.7303,0.7305,-0.5896,2,6,-1.5,-0.2997,-0.1287,0,0,,,-0.1681,0.0338,,,,,,,,,,,
spelad,GR,2020/21,2020-10-03,,Panetolikos,Asteras Tripolis,1,1,D,6,10,4,4,0.9957,1.2325,skott,,,,,,,,,,0.3785,0.2947,0.3268,0.3459,0.327,0.327,1,2.65,3.32,3.3,2.9,3.25,3.05,0.4386,0.3759,-0.2384,0.4125,-0.2702,-7,7,-1.2857,-0.5689,0.2916,0,0,,,-0.0654,0.007,,,,,,,,,,,
spelad,GR,2020/21,2020-10-04,,Apollon,Larisa,1,0,H,7,10,4,6,1.0549,1.5528,skott,,,,,,,,,,0.3742,0.3022,0.3236,0.3754,0.3301,0.2945,1,2.62,3.18,2.96,2.58,3.13,3.25,0.3844,0.3665,-0.1807,0.6052,-0.2605,,4,-1.5,-0.5838,-0.314,1,0,,,0.0315,0.0005,,,,,,,,,,,
spelad,GR,2020/21,2020-10-04,,Atromitos,AEK,1,0,H,9,5,6,1,1.4936,0.4561,skott,,,,,,,,,,0.2591,0.3053,0.4357,0.1598,0.2631,0.5772,1,3.75,3.4,2.2,5.96,3.72,1.75,0.3722,0.4076,-0.5834,0.5363,-0.6475,0,6,-0.5,0.3116,-0.1089,0,0,,,-0.34,0.0514,,,,,,,,,,,
spelad,GR,2020/21,2020-10-04,,Giannina,Olympiakos,1,1,D,7,10,7,3,1.5353,1.0724,skott,,,,,,,,,,0.1123,0.1933,0.6943,0.1132,0.1935,0.6933,1,9,5,1.4,9.5,5,1.4,0.555,0.5326,-0.9312,0.8979,-0.5061,-1,4,-1.5,0.2313,-0.1799,1,0,,,0.0028,0.0143,,,,,,,,,,,
spelad,GR,2020/21,2020-10-04,,Panathinaikos,Aris,0,1,A,8,6,2,3,0.7938,0.8356,skott,,,,,,,,,,0.4831,0.2907,0.2261,0.5081,0.2851,0.2068,1,2.05,3.38,4.23,2,3.5,4.75,0.4051,0.4137,0.1238,-0.304,-0.1263,-1,6,1,0.4691,0.0333,0,0,,,0.0694,-0.0249,,,,,,,,,,,
spelad,GR,2020/21,2020-10-04,,PAOK,OFI Crete,3,0,H,11,8,7,5,1.7721,1.2743,skott,,,,,,,,,,0.7815,0.149,0.0695,0.7507,0.1684,0.0809,1,1.3,6.5,13.71,1.33,5.7,13.44,0.5538,0.5455,0.1204,-0.0129,-0.1427,1,6,2.5,0.3698,-0.0158,0,0,,,-0.0729,-0.0566,,,,,,,,,,,
spelad,GR,2020/21,2020-10-05,,Lamia,Volos NFC,1,2,A,5,6,5,5,1.0967,1.1559,skott,,,,,,,,,,0.3903,0.2993,0.3104,0.3953,0.3265,0.2781,1,2.5,3.25,3.7,2.52,3.1,3.6,0.4193,0.3264,-0.0476,-0.097,-0.2641,-1,3,0,0.0307,-0.0657,0,0,,,0.0424,-0.0096,,,,,,,,,,,
spelad,GR,2020/21,2020-10-17,,Aris,Apollon,1,0,H,6,2,3,0,0.8356,0.1184,skott,,,,,,,,,,0.5972,0.2368,0.166,0.5424,0.2697,0.1879,1,1.63,4.01,6,1.8,3.55,5.3,0.4286,0.4101,0.5767,-0.8806,0.8312,0,,,,,-1,0,,,-0.1316,-0.018,,,,,,,,,,,
spelad,GR,2020/21,2020-10-17,,Olympiakos,Atromitos,4,0,H,12,7,4,1,1.3509,0.5745,skott,,,,,,,,,,0.7561,0.1638,0.0802,0.7297,0.1773,0.093,1,1.33,6,12,1.36,5.5,10.75,0.5483,0.5234,0.4295,-0.8969,-0.322,0,6,1.5,-0.0391,-0.0403,0,0,,,-0.0656,-0.0335,,,,,,,,,,,
spelad,GR,2020/21,2020-10-17,,Volos NFC,Giannina,2,1,H,10,7,4,3,1.2325,0.8948,skott,,,,,,,,,,0.4075,0.2756,0.3168,0.3728,0.3151,0.3121,1,2.45,3.46,3.25,2.68,3.1,3.19,0.4242,0.3525,0.0732,0.3336,0.3873,-1,,,,,-1,0,,,-0.0648,-0.0143,,,,,,,,,,,
spelad,GR,2020/21,2020-10-18,,AEK,PAOK,1,1,D,2,13,2,4,0.4387,1.4101,skott,,,,,,,,,,0.3332,0.3125,0.3543,0.3496,0.3384,0.312,1,2.87,3.4,2.69,2.83,3.15,3.35,0.4661,0.3881,0.2346,-0.3023,0.2797,0,8,0.375,0.2681,0.0828,0,0,,,0.075,0.0125,,,,,,,,,,,
spelad,GR,2020/21,2020-10-18,,Larisa,Asteras Tripolis,1,3,A,12,10,7,5,1.8313,1.3926,skott,,,,,,,,,,0.3678,0.339,0.2931,0.2787,0.3364,0.385,1,2.65,3.2,3.25,3.57,3.2,2.55,0.3762,0.3812,-0.8371,0.8175,-0.6085,-1,7,-0.4286,0.119,-0.0136,0,0,,,-0.2702,0.0421,,,,,,,,,,,
spelad,GR,2020/21,2020-10-18,,OFI Crete,Panathinaikos,2,2,D,8,12,5,10,1.2743,2.3117,skott,,,,,,,,,,0.2816,0.2858,0.4326,0.2626,0.295,0.4425,1,3.38,3.34,2.3,3.76,3.3,2.19,0.4267,0.3871,-0.3982,0.6308,-0.2281,0,6,1,0.7302,0.0549,0,0,,,-0.0479,0.0029,,,,,,,,,,,
spelad,GR,2020/21,2020-10-19,,Lamia,Panetolikos,0,0,D,7,3,6,1,1.3752,0.3377,skott,,,,,,,,,,0.3937,0.3402,0.2661,0.4184,0.3484,0.2331,1,2.45,3.22,3.58,2.41,3.05,4.2,0.4061,0.3115,-0.6519,0.5772,-0.5714,-2,7,-0.4286,-0.3042,0.2495,0,0,,,0.0825,-0.0103,,,,,,,,,,,
spelad,GR,2020/21,2020-10-21,,Apollon,Giannina,1,2,A,8,11,5,4,1.2743,1.2917,skott,,,,,,,,,,0.3663,0.3476,0.286,0.3162,0.3535,0.3303,1,2.6,3.1,3.33,3.09,3.04,2.95,0.3575,0.3318,-0.1331,1.026,0.0348,0,4,0,0.3858,-0.3115,0,0,,,-0.1447,0.0242,,,,,,,,,,,
spelad,GR,2020/21,2020-10-24,,Panathinaikos,Volos NFC,1,1,D,7,10,3,5,0.8948,1.3926,skott,,,,,,,,,,0.6315,0.2271,0.1414,0.6227,0.2341,0.1433,1,1.55,4.2,7,1.61,4.1,6.97,0.4778,0.4468,-0.1841,-0.0345,-0.6227,-1,,,,,0,0,,,-0.0195,-0.0487,,,,,,,,,,,
spelad,GR,2020/21,2020-10-25,,Asteras Tripolis,OFI Crete,1,0,H,4,4,3,3,0.7172,0.7172,skott,,,,,,,,,,0.4638,0.2591,0.2772,0.5331,0.2607,0.2061,1,2.13,3.67,3.5,1.86,3.75,4.63,0.4921,0.4419,1.1319,-1.4425,1.0677,0,4,0.75,0.3693,-0.0265,0,0,,,0.2098,-0.0349,,,,,,,,,,,
spelad,GR,2020/21,2020-10-25,,Giannina,AEK,0,1,A,7,8,1,5,0.5745,1.2743,skott,,,,,,,,,,0.1973,0.2572,0.5455,0.2429,0.3077,0.4493,1,5.5,3.75,1.78,4.7,3.55,2.15,0.4804,0.4184,-0.5339,0.4626,-0.2695,-3,4,-2.25,-0.3934,0.0087,1,0,,,0.1873,-0.0109,,,,,,,,,,,
spelad,GR,2020/21,2020-10-26,,Atromitos,Panetolikos,2,0,H,5,2,3,1,0.7764,0.2785,skott,,,,,,,,,,0.5327,0.2598,0.2075,0.5369,0.2861,0.177,1,1.85,3.65,4.6,1.81,3.62,5.4,0.4278,0.3837,-0.1868,0.6096,-0.0802,2,7,0.8571,0.0633,0.1334,0,0,,,0.0389,-0.0227,,,,,,,,,,,
spelad,GR,2020/21,2020-10-31,,Atromitos,Giannina,0,2,A,3,9,1,5,0.3377,1.3334,skott,,,,,,,,,,0.502,0.3173,0.1807,0.4658,0.3162,0.218,1,1.95,3.42,5.27,2.1,3.2,4.75,0.4,0.3881,0.5073,0.0834,0.6444,-1,4,1.5,0.3784,0.1978,-1,0,,,-0.1097,-0.0147,,,,,,,,,,,
spelad,GR,2020/21,2020-10-31,,Lamia,Panathinaikos,0,2,A,4,11,0,6,0.2368,1.612,skott,,,,,,,,,,0.1826,0.3379,0.4795,0.1828,0.3343,0.4829,1,5.22,3.1,2.05,5.38,3,2.08,0.3396,0.3108,-0.4955,0.4257,-0.1241,5,6,-1,-0.0753,0.0534,0,0,,,-0.0029,0.0243,,,,,,,,,,,
spelad,GR,2020/21,2020-10-31,,Olympiakos,Apollon,2,0,H,12,11,10,5,2.3117,1.4518,skott,,,,,,,,,,0.826,0.1201,0.0539,0.8414,0.1161,0.0425,1,1.21,8.5,17.69,1.16,8.75,23,0.6055,0.6075,1.2658,-2.1323,0.5907,4,4,1.5,-0.3035,-0.1289,-1,0,,,0.0422,-0.0383,,,,,,,,,,,
spelad,GR,2020/21,2020-10-31,,Volos NFC,Larisa,1,1,D,8,9,5,4,1.2743,1.1733,skott,,,,,,,,,,0.4194,0.3294,0.2512,0.4141,0.3368,0.2491,1,2.4,3.26,3.79,2.35,3.14,3.84,0.4086,0.3517,0.8144,-0.7994,0.9879,-6,3,-2,-0.6752,0.0535,0,0,,,-0.0085,-0.0205,,,,,,,,,,,
spelad,GR,2020/21,2020-11-01,,AEK,OFI Crete,2,1,H,13,6,8,3,2.0506,0.8356,skott,,,,,,,,,,0.6862,0.1969,0.1169,0.6941,0.1906,0.1154,1,1.46,5,9,1.43,5.1,9,0.5405,0.5417,0.6236,-0.7047,0.3197,0,6,2,0.3688,-0.2185,0,0,,,0.0172,-0.0331,,,,,,,,,,,
spelad,GR,2020/21,2020-11-01,,Aris,Asteras Tripolis,1,0,H,9,4,6,3,1.4936,0.7172,skott,,,,,,,,,,0.4756,0.3001,0.2243,0.382,0.3165,0.3015,1,2.02,3.3,4.66,2.55,3.24,3.28,0.3744,0.4086,-0.4312,0.7795,0.0488,7,4,2.25,0.9687,-0.0388,0,0,,,-0.2644,0.002,,,,,,,,,,,
spelad,GR,2020/21,2020-11-01,,Panetolikos,PAOK,1,3,A,4,11,2,9,0.5571,2.0924,skott,,,,,,,,,,0.1715,0.2441,0.5843,0.104,0.2111,0.6849,1,6,4,1.65,9.56,4.65,1.5,0.484,0.4609,0.1705,-0.0266,0.1889,-7,6,-3,-0.4303,-0.1757,0,0,,,-0.2356,0.0331,,,,,,,,,,,
spelad,GR,2020/21,2020-11-03,,Panathinaikos,Apollon,1,0,H,4,4,1,2,0.3969,0.5571,skott,,,,,,,,,,0.6509,0.2329,0.1162,0.6388,0.241,0.1202,1,1.51,4.33,9,1.53,4.33,9,0.404,0.3995,0.6422,-0.8651,0.1341,0,4,2.25,0.5289,-0.0182,-1,0,,,-0.0281,-0.0109,,,,,,,,,,,
spelad,GR,2020/21,2020-11-04,,Giannina,Larisa,1,2,A,7,6,3,5,0.8948,1.1559,skott,,,,,,,,,,0.5191,0.261,0.2199,0.5492,0.2819,0.1688,1,1.88,3.64,4.65,1.79,3.5,5.75,0.4205,0.3349,0.5943,-0.5094,0.3369,0,4,-0.75,-0.8038,0.4444,1,0,,,0.1113,-0.0173,,,,,,,,,,,
spelad,GR,2020/21,2020-11-07,,Giannina,Panetolikos,0,0,D,9,3,3,1,1.0132,0.3377,skott,,,,,,,,,,0.4876,0.2881,0.2243,0.5451,0.2831,0.1719,1,1.97,3.36,4.5,1.82,3.66,5.55,0.365,0.3881,-0.0967,-0.2124,0.1269,-3,4,-2.25,-1.1413,-0.0656,1,0,,,0.1673,-0.0449,,,,,,,,,,,
spelad,GR,2020/21,2020-11-07,,Panathinaikos,Atromitos,0,1,A,8,6,3,2,0.954,0.6754,skott,,,,,,,,,,0.5297,0.2772,0.1931,0.539,0.2789,0.1821,1,1.84,3.6,4.95,1.86,3.5,5.38,0.398,0.3881,0.2341,-0.6822,-0.2211,-3,6,1.5,0.7672,-0.1426,0,0,,,0.0297,-0.024,,,,,,,,,,,
spelad,GR,2020/21,2020-11-08,,Apollon,PAOK,1,3,A,5,9,1,8,0.4561,1.8139,skott,,,,,,,,,,0.0929,0.2116,0.6955,0.107,0.2221,0.6709,1,11,4.75,1.41,9.16,4.75,1.48,0.4634,0.4675,-0.4943,0.8058,-0.1259,-2,4,-2.25,-0.1411,0.0975,1,0,,,0.0528,0.0385,,,,,,,,,,,
spelad,GR,2020/21,2020-11-08,,OFI Crete,Olympiakos,0,2,A,4,9,1,6,0.3969,1.4936,skott,,,,,,,,,,0.1077,0.1906,0.7017,0.098,0.1796,0.7224,1,9.5,5.25,1.37,10,5.5,1.35,0.5431,0.5518,-1.0469,1.6435,-0.3857,-1,6,-2,0.0639,-0.1625,0,0,,,-0.04,0.0274,,,,,,,,,,,
spelad,GR,2020/21,2020-11-21,,Atromitos,Apollon,2,2,D,11,7,6,6,1.612,1.3752,skott,,,,,,,,,,0.5121,0.3147,0.1732,0.4978,0.3006,0.2016,1,1.96,3.38,5.64,2.02,3.34,5.02,0.391,0.3793,0.877,-0.6935,0.6076,1,4,1.5,0.0838,0.2404,-1,0,,,-0.057,0,,,,,,,,,,,
spelad,GR,2020/21,2020-11-21,,Lamia,Asteras Tripolis,2,2,D,6,6,4,2,0.9957,0.6754,skott,,,,,,,,,,0.2897,0.3115,0.3988,0.2922,0.3363,0.3715,1,3.52,3.1,2.45,3.52,3.04,2.63,0.3373,0.3302,-1.5371,1.4493,-1.1889,1,7,0.4286,0.4698,0.2793,0,0,,,0.0323,0.0099,,,,,,,,,,,
spelad,GR,2020/21,2020-11-21,,Olympiakos,Panathinaikos,1,0,H,6,6,3,1,0.8356,0.5153,skott,,,,,,,,,,0.6468,0.2222,0.131,0.5918,0.2603,0.1479,1,1.53,4.33,7.5,1.67,3.78,6.75,0.439,0.375,1.2971,-1.8113,1.1532,-1,7,0.4286,-0.6565,0.3413,0,0,,,-0.1271,-0.0268,,,,,,,,,,,
spelad,GR,2020/21,2020-11-22,,AEK,Larisa,4,1,H,10,1,5,1,1.3926,0.2193,skott,,,,,,,,,,0.7638,0.1616,0.0745,0.6949,0.2047,0.1003,1,1.35,6,13.25,1.39,5.2,14,0.4726,0.4456,0.6392,-0.3618,0.144,3,6,0.5,-0.662,0.2701,0,0,,,-0.1636,0.009,,,,,,,,,,,
spelad,GR,2020/21,2020-11-22,,Panetolikos,Aris,0,1,A,6,5,3,3,0.8356,0.7764,skott,,,,,,,,,,0.2967,0.3082,0.3951,0.2475,0.2965,0.456,1,3.35,3.18,2.46,3.87,3.26,2.35,0.3659,0.3716,-0.7966,0.5631,-1.0398,-6,4,0,0.6919,-0.25,0,0,,,-0.1593,0.0449,,,,,,,,,,,
spelad,GR,2020/21,2020-11-22,,PAOK,Giannina,2,1,H,15,2,7,1,2.0089,0.2785,skott,,,,,,,,,,0.761,0.1542,0.0848,0.7134,0.1913,0.0954,1,1.31,6.5,12,1.38,5,10.5,0.5521,0.526,0.1247,0.0684,-0.1055,-1,4,3,0.7027,-0.1807,-1,0,,,-0.1059,-0.0397,,,,,,,,,,,
spelad,GR,2020/21,2020-11-23,,Volos NFC,OFI Crete,1,4,A,9,12,6,7,1.4936,1.8313,skott,,,,,,,,,,0.3625,0.3357,0.3017,0.3279,0.3408,0.3313,1,2.7,3.3,3.25,2.98,3.1,3.08,0.4205,0.3995,0.363,-0.4503,0.7441,7,,,,,0,0,,,-0.0988,0.0144,,,,,,,,,,,
spelad,GR,2020/21,2020-11-25,,Asteras Tripolis,Apollon,0,0,D,10,3,3,2,1.0724,0.4979,skott,,,,,,,,,,0.6234,0.2311,0.1455,0.5225,0.2796,0.198,1,1.59,4.2,6.85,1.91,3.75,4.98,0.4416,0.3995,0.9243,-1.0584,0.4822,0,4,3,1.0317,-0.2529,-1,0,,,-0.2542,-0.0381,,,,,,,,,,,
spelad,GR,2020/21,2020-11-28,,Aris,Olympiakos,1,2,A,7,7,3,5,0.8948,1.2151,skott,,,,,,,,,,0.1634,0.2481,0.5886,0.1381,0.2431,0.6188,1,5.8,4.2,1.68,7,4.02,1.6,0.5393,0.4293,-0.1539,1.0959,0.6028,-1,6,-3,-0.5991,-0.2086,0,0,,,-0.0808,0.0197,,,,,,,,,,,
spelad,GR,2020/21,2020-11-28,,Larisa,Atromitos,0,0,D,6,5,3,2,0.8356,0.6163,skott,,,,,,,,,,0.3309,0.2969,0.3722,0.3301,0.3507,0.3191,1,2.9,3.21,2.61,2.9,2.92,3.07,0.391,0.3211,-0.8343,0.5831,-0.5316,-1,7,-2.1429,-0.7287,-0.0134,0,0,,,0.0516,0.0068,,,,,,,,,,,
spelad,GR,2020/21,2020-11-29,,Asteras Tripolis,AEK,1,2,A,4,10,1,5,0.3969,1.3926,skott,,,,,,,,,,0.2358,0.2915,0.4727,0.2008,0.2634,0.5358,1,4.03,3.38,2.09,5.08,3.62,1.97,0.4179,0.422,0.0217,-0.0407,-0.0028,-3,6,-2,-0.3014,-0.2668,0,0,,,-0.1331,0.028,,,,,,,,,,,
spelad,GR,2020/21,2020-11-29,,Lamia,PAOK,0,2,A,5,10,1,4,0.4561,1.2325,skott,,,,,,,,,,0.1025,0.222,0.6755,0.1167,0.2319,0.6514,1,9.5,4.5,1.45,9,4.43,1.49,0.4352,0.433,-0.9176,0.786,-0.7777,1,6,-3,-0.3867,-0.1701,0,0,,,0.0526,0.0145,,,,,,,,,,,
spelad,GR,2020/21,2020-11-29,,OFI Crete,Giannina,2,1,H,4,7,3,1,0.7172,0.5745,skott,,,,,,,,,,0.4345,0.2849,0.2807,0.4289,0.289,0.2821,1,2.25,3.4,3.4,2.29,3.4,3.49,0.4714,0.4597,0.2318,-0.0633,0.2556,-1,,,,,-1,0,,,-0.0126,-0.0206,,,,,,,,,,,
spelad,GR,2020/21,2020-11-29,,Panathinaikos,Panetolikos,2,1,H,5,2,5,1,1.0967,0.2785,skott,,,,,,,,,,0.6848,0.2068,0.1084,0.6981,0.2115,0.0904,1,1.45,4.9,10,1.42,4.91,10.51,0.4378,0.4508,0.0622,-0.1871,-0.134,1,6,1,-0.0261,0.0637,0,0,,,0.0445,-0.0441,,,,,,,,,,,
spelad,GR,2020/21,2020-11-30,,Apollon,Volos NFC,3,3,D,16,6,10,3,2.5485,0.8356,skott,,,,,,,,,,0.3998,0.3382,0.2621,0.4642,0.3075,0.2282,1,2.4,3.25,3.64,2.14,3.35,4.55,0.3914,0.3925,-0.534,0.3092,-0.6377,-2,,,,,1,0,,,0.1628,-0.0131,,,,,,,,,,,
spelad,GR,2020/21,2020-12-02,,Larisa,Aris,0,3,A,8,9,5,6,1.2743,1.4936,skott,,,,,,,,,,0.3296,0.3261,0.3443,0.2478,0.3309,0.4213,1,2.9,3,2.75,4,3.13,2.4,0.3794,0.3372,-1.1095,0.7806,-1.0574,0,4,0,0.2221,0.1968,0,0,,,-0.2407,0.0488,,,,,,,,,,,
spelad,GR,2020/21,2020-12-05,,Atromitos,Aris,2,2,D,5,6,3,3,0.7764,0.8356,skott,,,,,,,,,,0.3653,0.3232,0.3116,0.3423,0.3328,0.3249,1,2.61,3.13,3.12,2.89,3.07,2.98,0.3659,0.346,-0.4686,0.5967,-0.6653,4,4,2.25,1.2822,-0.0475,0,0,,,-0.0593,-0.0134,,,,,,,,,,,
spelad,GR,2020/21,2020-12-05,,Olympiakos,Volos NFC,4,1,H,15,5,7,3,2.0089,0.7764,skott,,,,,,,,,,0.8133,0.1241,0.0626,0.8325,0.1185,0.049,1,1.21,8,17,1.2,8.03,19.38,0.6253,0.6357,0.8239,-1.104,0.2796,2,,,,,0,0,,,0.0519,-0.0635,,,,,,,,,,,
spelad,GR,2020/21,2020-12-06,,AEK,Panathinaikos,1,2,A,7,7,2,4,0.7346,1.0549,skott,,,,,,,,,,0.5027,0.2661,0.2312,0.4636,0.3051,0.2312,1,2.01,3.58,4.2,2.1,3.3,4.28,0.4205,0.3558,0.7843,-0.8656,0.8368,0,8,0.75,-0.1904,0.2188,0,0,,,-0.0782,-0.0211,,,,,,,,,,,
spelad,GR,2020/21,2020-12-06,,Giannina,Lamia,2,0,H,6,3,2,1,0.6754,0.3377,skott,,,,,,,,,,0.5241,0.2884,0.1875,0.4798,0.3012,0.219,1,1.84,3.5,5.08,2.02,3.34,4.88,0.3634,0.3558,0.5371,-0.9392,0.4288,0,4,-0.75,-0.6982,0.4467,0,0,,,-0.1202,0.0014,,,,,,,,,,,
spelad,GR,2020/21,2020-12-06,,OFI Crete,Apollon,0,2,A,15,6,7,4,2.0089,0.9957,skott,,,,,,,,,,0.5138,0.2716,0.2146,0.4353,0.2965,0.2682,1,1.87,3.75,4.5,2.25,3.42,3.65,0.4674,0.4393,0.6223,-0.597,0.5291,1,,,,,-1,0,,,-0.2108,-0.0119,,,,,,,,,,,
spelad,GR,2020/21,2020-12-06,,PAOK,Asteras Tripolis,2,0,H,6,4,2,1,0.6754,0.3969,skott,,,,,,,,,,0.7407,0.1743,0.085,0.721,0.1896,0.0894,1,1.36,5.5,11.16,1.37,5.5,11,0.5366,0.5273,0.0799,-0.0003,0.2945,0,6,2,0.3337,-0.2146,0,0,,,-0.044,-0.0397,,,,,,,,,,,
spelad,GR,2020/21,2020-12-07,,Panetolikos,Larisa,2,1,H,4,10,3,6,0.7172,1.5528,skott,,,,,,,,,,0.3751,0.3503,0.2746,0.3909,0.3314,0.2776,1,2.55,3,3.66,2.65,3,3.45,0.3436,0.3388,0.1567,-0.6728,-0.1579,3,7,0,-0.0979,0.1324,0,0,,,0.0286,-0.0471,,,,,,,,,,,
spelad,GR,2020/21,2020-12-09,,Asteras Tripolis,Volos NFC,1,1,D,4,5,2,1,0.5571,0.4561,skott,,,,,,,,,,0.5457,0.2886,0.1657,0.5189,0.2712,0.2098,1,1.8,3.65,5.76,1.89,3.6,4.88,0.4205,0.4508,-0.1317,-0.227,-0.4336,-1,3,2,0.5112,0.0744,0,0,,,-0.0977,-0.0249,,,,,,,,,,,
spelad,GR,2020/21,2020-12-12,,Larisa,OFI Crete,0,1,A,5,10,1,3,0.4561,1.0724,skott,,,,,,,,,,0.3343,0.3415,0.3241,0.3861,0.3099,0.304,1,2.9,3.2,2.99,2.55,3.22,3.2,0.392,0.4112,-0.4953,0.8891,-0.306,-1,4,0.75,0.3236,0.4482,0,0,,,0.1237,-0.0096,,,,,,,,,,,
spelad,GR,2020/21,2020-12-12,,Panathinaikos,Giannina,2,0,H,8,12,6,4,1.4344,1.3509,skott,,,,,,,,,,0.6139,0.2272,0.1589,0.5546,0.2757,0.1697,1,1.63,4.2,6.25,1.75,3.9,6,0.4352,0.4101,0.2174,0.2074,0.1229,0,4,0,-0.1696,-0.3089,0,0,,,-0.1294,-0.0032,,,,,,,,,,,
spelad,GR,2020/21,2020-12-13,,Apollon,AEK,3,4,A,6,9,3,9,0.8356,1.974,skott,,,,,,,,,,0.137,0.2559,0.607,0.1116,0.2225,0.6659,1,7.1,3.86,1.65,8.54,4.45,1.47,0.4169,0.4883,-0.8063,0.7157,-0.2333,0,4,-2.25,-0.2072,0.069,0,0,,,-0.1097,0.0277,,,,,,,,,,,
spelad,GR,2020/21,2020-12-13,,Aris,PAOK,1,0,H,5,8,3,3,0.7764,0.954,skott,,,,,,,,,,0.294,0.3024,0.4036,0.2144,0.3026,0.483,1,3.3,3.25,2.37,4.56,3.28,2.06,0.392,0.3707,0.1431,0.0136,0.3581,1,6,-0.5,0.2079,0.2579,0,0,,,-0.2385,0.046,,,,,,,,,,,
spelad,GR,2020/21,2020-12-13,,Lamia,Olympiakos,0,6,A,6,11,2,9,0.6754,2.0924,skott,,,,,,,,,,0.0643,0.1715,0.7642,0.0734,0.1909,0.7356,1,17,5.86,1.26,16,5.5,1.35,0.4791,0.4727,-1.9025,2.3966,-1.234,-1,6,-3,-0.3362,-0.1383,0,0,,,0.047,0.0175,,,,,,,,,,,
spelad,GR,2020/21,2020-12-13,,Volos NFC,Panetolikos,0,0,D,14,0,5,0,1.6294,0,skott,,,,,,,,,,0.4231,0.3238,0.2532,0.4866,0.2971,0.2163,1,2.3,3.28,3.76,2.09,3.34,4.42,0.4242,0.4419,0.1071,0.2736,0.4071,-2,3,0,0.3045,0.0617,0,0,,,0.164,-0.0426,,,,,,,,,,,
spelad,GR,2020/21,2020-12-14,,Asteras Tripolis,Atromitos,2,0,H,17,2,9,1,2.4476,0.2785,skott,,,,,,,,,,0.4121,0.3249,0.263,0.397,0.338,0.265,1,2.35,3.25,3.7,2.51,3.05,3.79,0.4097,0.3302,-0.2251,-0.3221,-0.4907,-4,7,-1.2857,-0.6109,-0.0327,0,0,,,-0.0323,-0.0156,,,,,,,,,,,
spelad,GR,2020/21,2020-12-16,,AEK,Olympiakos,1,1,D,7,7,3,3,0.8948,0.8948,skott,,,,,,,,,,0.2407,0.3128,0.4464,0.2643,0.2989,0.4368,1,4.05,3.13,2.17,3.9,3.45,2.28,0.4133,0.4319,-0.5157,1.4166,-0.3264,0,8,-0.75,-0.0297,-0.0358,0,0,,,0.0567,-0.0001,,,,,,,,,,,
spelad,GR,2020/21,2020-12-19,,OFI Crete,Aris,0,3,A,10,6,1,3,0.7521,0.8356,skott,,,,,,,,,,0.3217,0.2958,0.3825,0.3001,0.3108,0.3891,1,2.97,3.25,2.55,3.24,3.3,2.6,0.398,0.3812,-0.9303,0.688,-0.909,1,6,-1.5,-0.4115,-0.0925,0,0,,,-0.05,0.0156,,,,,,,,,,,
spelad,GR,2020/21,2020-12-19,,Panetolikos,Apollon,0,1,A,5,3,3,3,0.7764,0.658,skott,,,,,,,,,,0.3844,0.3369,0.2787,0.3079,0.3224,0.3697,1,2.5,3.1,3.49,3.25,3.1,2.77,0.3831,0.3846,0.4004,-0.3328,-0.0791,0,4,0.75,0.0157,-0.0371,0,0,,,-0.244,-0.0054,,,,,,,,,,,
spelad,GR,2020/21,2020-12-20,,Olympiakos,Larisa,5,1,H,12,5,9,3,2.1516,0.7764,skott,,,,,,,,,,0.8383,0.1128,0.049,0.9021,0.0633,0.0346,1,1.19,8.5,19.48,1.09,15.18,100,0.6194,0.6842,1.5464,-2.7027,0.9359,-4,6,3,0.5775,-0.1661,0,0,,,0.1421,-0.0211,,,,,,,,,,,
spelad,GR,2020/21,2020-12-20,,PAOK,Panathinaikos,2,1,H,12,7,4,3,1.3509,0.8948,skott,,,,,,,,,,0.5846,0.2416,0.1738,0.5487,0.2867,0.1646,1,1.66,3.94,6,1.8,3.55,5.9,0.4179,0.3641,-0.1157,-0.0715,0.0087,-1,8,1.125,-0.0571,0.1174,0,0,,,-0.0627,-0.0452,,,,,,,,,,,
spelad,GR,2020/21,2020-12-21,,AEK,Volos NFC,2,2,D,10,6,5,3,1.3926,0.8356,skott,,,,,,,,,,0.7336,0.1733,0.0931,0.7102,0.1903,0.0994,1,1.38,5.5,10.16,1.4,5.7,9.6,0.5105,0.5754,0.7654,-0.7814,0.4291,-3,,,,,0,0,,,-0.053,-0.0416,,,,,,,,,,,
spelad,GR,2020/21,2020-12-21,,Giannina,Asteras Tripolis,2,2,D,6,13,2,7,0.6754,1.8905,skott,,,,,,,,,,0.3694,0.3478,0.2828,0.3731,0.3424,0.2845,1,2.65,3.18,3.37,2.65,2.9,3.82,0.39,0.3508,-0.2226,-0.0478,-0.1167,2,4,0,0.1207,0.2097,0,0,,,0.0057,0.0469,,,,,,,,,,,
spelad,GR,2020/21,2021-01-03,,Giannina,Apollon,1,3,A,6,8,2,5,0.6754,1.2743,skott,,,,,,,,,,0.476,0.3041,0.2199,0.4669,0.2973,0.2358,1,2.05,3.28,4.33,2.08,3.34,4.2,0.3753,0.397,-0.2796,0.1428,-0.463,-2,5,0.6,0.2716,-0.3199,0,0,,,-0.034,-0.0106,,,,,,,,,,,
spelad,GR,2020/21,2021-01-03,,Larisa,PAOK,1,1,D,6,14,4,8,0.9957,2.1098,skott,,,,,,,,,,0.102,0.2273,0.6707,0.093,0.2227,0.6843,1,9.34,4.4,1.48,11,4.58,1.42,0.4726,0.4444,-0.9087,1.3184,-0.658,0,7,-2.1429,-0.1139,0.1157,0,0,,,-0.0317,0.0386,,,,,,,,,,,
spelad,GR,2020/21,2021-01-03,,Olympiakos,AEK,3,0,H,7,5,3,3,0.8948,0.7764,skott,,,,,,,,,,0.6107,0.2331,0.1562,0.5163,0.2714,0.2123,1,1.61,4.22,6.5,1.91,3.8,5,0.433,0.4818,0.5562,-1.4797,0.2378,1,9,0.6667,-0.0095,0.046,0,0,,,-0.2447,0.0358,,,,,,,,,,,
spelad,GR,2020/21,2021-01-03,,Panathinaikos,Asteras Tripolis,0,0,D,3,7,1,3,0.3377,0.8948,skott,,,,,,,,,,0.5135,0.2706,0.2159,0.4236,0.311,0.2654,1,2.01,3.6,4.55,2.28,3.15,3.87,0.392,0.3782,0.9177,-0.7187,0.7288,1,7,0,-0.3053,0.1225,0,0,,,-0.2291,-0.0101,,,,,,,,,,,
spelad,GR,2020/21,2021-01-03,,Panetolikos,OFI Crete,2,1,H,6,9,4,4,0.9957,1.1733,skott,,,,,,,,,,0.3197,0.3208,0.3595,0.2921,0.3215,0.3864,1,3.02,3.18,2.7,3.35,3,2.62,0.391,0.3632,0.0409,-0.4411,-0.3152,0,5,0,0.2897,-0.0956,0,0,,,-0.082,0.0154,,,,,,,,,,,
spelad,GR,2020/21,2021-01-04,,Lamia,Aris,2,0,H,3,7,3,3,0.658,0.8948,skott,,,,,,,,,,0.1733,0.2521,0.5746,0.1718,0.2925,0.5357,1,5.47,3.8,1.73,6,3.94,1.82,0.4267,0.3812,-1.6956,2.47,-1.713,6,5,-1.8,-0.3741,0.1182,0,0,,,0.0359,0.0154,,,,,,,,,,,
spelad,GR,2020/21,2021-01-04,,Volos NFC,Atromitos,1,0,H,5,11,2,6,0.6163,1.612,skott,,,,,,,,,,0.3442,0.32,0.3358,0.367,0.3373,0.2957,1,2.92,3.2,2.85,2.7,3,3.28,0.4051,0.3632,-0.602,0.3813,-0.0606,-7,4,-0.75,0.0451,-0.0157,0,0,,,0.0857,-0.0001,,,,,,,,,,,
spelad,GR,2020/21,2021-01-06,,AEK,Panetolikos,1,0,H,10,2,6,1,1.5528,0.2785,skott,,,,,,,,,,0.8053,0.1366,0.0581,0.7425,0.1741,0.0834,1,1.22,7,19,1.34,6.14,16.4,0.5342,0.5326,-0.175,0.6419,-0.1166,0,7,2.1429,0.3875,-0.226,0,0,,,-0.1508,-0.0031,,,,,,,,,,,
spelad,GR,2020/21,2021-01-06,,Apollon,Panathinaikos,0,1,A,8,3,6,2,1.4344,0.4979,skott,,,,,,,,,,0.2868,0.2744,0.4388,0.2817,0.309,0.4093,1,3.5,3.5,2.2,3.5,3.34,2.41,0.4179,0.4137,0.0262,-0.2668,0.4059,0,5,-2.4,-0.5289,-0.0627,0,0,,,0.0193,0.0272,,,,,,,,,,,
spelad,GR,2020/21,2021-01-06,,Asteras Tripolis,Olympiakos,0,4,A,6,10,0,7,0.3552,1.7129,skott,,,,,,,,,,0.1343,0.2183,0.6474,0.1597,0.2253,0.615,1,7.5,4.5,1.5,6.67,4.23,1.66,0.4934,0.4623,-1.4547,2.2677,-0.8233,0,7,-2.1429,-0.2341,0.0912,0,0,,,0.0832,0.0133,,,,,,,,,,,
spelad,GR,2020/21,2021-01-06,,Larisa,Giannina,0,0,D,5,8,1,3,0.4561,0.954,skott,,,,,,,,,,0.3724,0.2732,0.3544,0.34,0.3317,0.3283,1,2.63,3.49,2.9,2.89,3.2,3.01,0.3831,0.346,0.0213,0.7295,0.5169,0,5,1.2,0.7298,0.2991,0,0,,,-0.0388,-0.007,,,,,,,,,,,
spelad,GR,2020/21,2021-01-07,,Aris,Volos NFC,2,0,H,9,1,5,0,1.3334,0.0592,skott,,,,,,,,,,0.6435,0.218,0.1385,0.6109,0.2431,0.1459,1,1.52,4.34,7,1.6,4.01,6.8,0.4974,0.4508,0.7178,-0.8719,0.717,0,3,1,0.1121,-0.2575,0,0,,,-0.0726,-0.0286,,,,,,,,,,,
spelad,GR,2020/21,2021-01-07,,Atromitos,PAOK,3,2,H,12,6,9,4,2.1516,0.9957,skott,,,,,,,,,,0.1844,0.2582,0.5574,0.1346,0.2294,0.6361,1,5.25,3.75,1.73,8,4.33,1.51,0.4386,0.4419,-0.4501,0.1978,-0.4906,-1,7,-2.1429,-0.3055,0.0632,0,0,,,-0.1782,-0.004,,,,,,,,,,,
spelad,GR,2020/21,2021-01-07,,OFI Crete,Lamia,2,0,H,9,6,4,4,1.1733,0.9957,skott,,,,,,,,,,0.5922,0.2345,0.1732,0.5274,0.2832,0.1894,1,1.65,4.06,5.75,1.89,3.54,5.1,0.4479,0.3925,0.2391,-0.5329,0.3169,1,5,0,-0.1606,-0.0991,0,0,,,-0.1459,-0.0365,,,,,,,,,,,
spelad,GR,2020/21,2021-01-09,,Panetolikos,Olympiakos,1,2,A,6,9,5,5,1.1559,1.3334,skott,,,,,,,,,,0.0924,0.1788,0.7289,0.0718,0.1524,0.7758,1,11,5.5,1.35,15.43,6.25,1.29,0.5474,0.5366,-0.7099,1.5782,-0.5275,0,7,-3,-0.4195,-0.1614,0,0,,,-0.088,0.031,,,,,,,,,,,
spelad,GR,2020/21,2021-01-10,,Apollon,Asteras Tripolis,0,1,A,6,3,4,2,0.9957,0.4979,skott,,,,,,,,,,0.3287,0.3368,0.3345,0.2947,0.3268,0.3785,1,2.9,2.9,3,3.28,3.2,2.57,0.39,0.404,0.7422,-1.2272,0.7259,0,5,-2.4,-0.5978,-0.0582,0,0,,,-0.1121,0.0075,,,,,,,,,,,
spelad,GR,2020/21,2021-01-10,,Atromitos,OFI Crete,0,0,D,13,6,5,4,1.5702,0.9957,skott,,,,,,,,,,0.4552,0.3161,0.2287,0.3673,0.3387,0.294,1,2.17,3.2,4.33,2.67,3,3.26,0.3797,0.3632,-0.1614,-0.0773,-0.2782,0,5,-0.6,-0.3264,0.0956,0,0,,,-0.2412,0.0043,,,,,,,,,,,
spelad,GR,2020/21,2021-01-10,,Panathinaikos,Larisa,2,0,H,8,6,7,3,1.5945,0.8356,skott,,,,,,,,,,0.6154,0.2333,0.1514,0.5783,0.2673,0.1544,1,1.61,4.08,6.58,1.7,3.75,7,0.4005,0.3525,0.9955,-1.3535,0.7288,0,7,1.2857,0.2651,-0.0085,0,0,,,-0.0772,0.0053,,,,,,,,,,,
spelad,GR,2020/21,2021-01-10,,PAOK,Volos NFC,3,1,H,12,6,7,4,1.8313,0.9957,skott,,,,,,,,,,0.8351,0.1159,0.049,0.8169,0.1298,0.0533,1,1.19,8.5,19.4,1.25,7.3,17.79,0.6194,0.5878,0.3232,-0.4604,-0.0442,0,3,2,-0.1337,0.1826,0,0,,,-0.0406,-0.0672,,,,,,,,,,,
spelad,GR,2020/21,2021-01-11,,Giannina,Aris,0,0,D,6,8,1,3,0.5153,0.954,skott,,,,,,,,,,0.2763,0.3011,0.4226,0.311,0.3303,0.3587,1,3.45,3.14,2.3,3.16,3.15,2.73,0.3766,0.3302,-0.9681,0.9281,-1.1136,1,3,0,0.3824,0.0373,0,0,,,0.1331,-0.0094,,,,,,,,,,,
spelad,GR,2020/21,2021-01-11,,Lamia,AEK,0,1,A,2,7,0,5,0.1184,1.2151,skott,,,,,,,,,,0.1076,0.2077,0.6847,0.1294,0.2399,0.6307,1,8.78,4.75,1.43,7.75,4.6,1.6,0.5509,0.4508,-0.4171,0.7921,-0.1889,-1,7,-2.1429,-0.2318,0.0776,0,0,,,0.0976,0.0219,,,,,,,,,,,
spelad,GR,2020/21,2021-01-13,,PAOK,Olympiakos,1,1,D,17,6,7,4,2.1273,0.9957,skott,,,,,,,,,,0.2919,0.3182,0.3899,0.3061,0.3061,0.3879,1,3.52,3.1,2.53,3.3,3.14,2.57,0.398,0.422,-0.627,1.7768,-0.7107,-1,8,-0.375,0.0091,-0.1531,0,0,,,0.0305,0.0075,,,,,,,,,,,
spelad,GR,2020/21,2021-01-14,,Aris,AEK,0,1,A,3,6,1,4,0.3377,0.9957,skott,,,,,,,,,,0.3179,0.3168,0.3653,0.301,0.3431,0.3559,1,3,3.1,2.63,3.22,2.97,2.77,0.3701,0.3412,0.2594,-1.1012,0.4095,0,6,-1,-0.0031,0.0678,0,0,,,-0.0242,-0.0157,,,,,,,,,,,
spelad,GR,2020/21,2021-01-14,,Atromitos,Lamia,2,1,H,7,5,2,2,0.7346,0.6163,skott,,,,,,,,,,0.595,0.233,0.172,0.4641,0.3135,0.2224,1,1.65,4.06,6.5,2.14,3.32,4.6,0.4595,0.3404,0.2105,-0.8333,0.3271,1,7,0.4286,-0.3208,0.2655,0,0,,,-0.312,-0.0068,,,,,,,,,,,
spelad,GR,2020/21,2021-01-16,,Asteras Tripolis,Panetolikos,2,0,H,14,2,8,2,2.1098,0.4387,skott,,,,,,,,,,0.5599,0.2636,0.1765,0.5479,0.2732,0.1789,1,1.78,3.7,5.56,1.84,3.49,5.65,0.371,0.3566,-0.2158,0.8309,0.0072,-1,8,1.125,0.2042,0.3392,0,0,,,-0.0263,-0.034,,,,,,,,,,,
spelad,GR,2020/21,2021-01-16,,Larisa,Apollon,0,1,A,9,7,3,3,1.0132,0.8948,skott,,,,,,,,,,0.3638,0.3491,0.2871,0.3861,0.3419,0.272,1,2.7,2.86,3.4,2.63,2.88,3.58,0.3542,0.3428,-0.6228,1.0714,-0.8457,0,5,0.6,0.4755,-0.3172,0,0,,,0.0596,-0.0402,,,,,,,,,,,
spelad,GR,2020/21,2021-01-17,,AEK,Atromitos,2,1,H,14,6,8,5,2.1098,1.1559,skott,,,,,,,,,,0.6394,0.2237,0.1369,0.6751,0.2106,0.1143,1,1.57,4.26,6.96,1.45,4.75,9.16,0.4479,0.4675,0.1806,0.3315,0.0521,0,7,0,-0.4587,-0.1309,0,0,,,0.0942,-0.0231,,,,,,,,,,,
spelad,GR,2020/21,2021-01-17,,Aris,Panathinaikos,0,1,A,13,5,7,2,1.8905,0.6163,skott,,,,,,,,,,0.416,0.3054,0.2786,0.4352,0.3313,0.2335,1,2.29,3.12,3.5,2.26,3.1,4.18,0.3486,0.3002,-0.4235,0.0957,-0.2631,-4,7,-0.4286,-0.1314,-0.0122,0,0,,,0.0834,-0.0156,,,,,,,,,,,
spelad,GR,2020/21,2021-01-17,,OFI Crete,PAOK,0,3,A,3,17,1,10,0.3377,2.6077,skott,,,,,,,,,,0.1507,0.2474,0.6019,0.1687,0.2595,0.5718,1,6.5,4,1.61,5.82,4,1.68,0.4416,0.4534,0.0503,0.2741,0.4911,3,7,-2.5714,-0.3621,-0.0376,0,0,,,0.0661,0.0091,,,,,,,,,,,
spelad,GR,2020/21,2021-01-17,,Olympiakos,Giannina,1,0,H,10,8,5,3,1.3926,0.954,skott,,,,,,,,,,0.8113,0.13,0.0587,0.7911,0.1456,0.0633,1,1.24,7.24,16.03,1.25,7,15.07,0.5688,0.5893,1.0627,-2.135,0.8306,-2,5,1.2,-0.2958,0.0174,0,0,,,-0.0451,-0.0322,,,,,,,,,,,
spelad,GR,2020/21,2021-01-17,,Volos NFC,Lamia,1,1,D,10,9,7,6,1.7129,1.4936,skott,,,,,,,,,,0.4443,0.2701,0.2855,0.4407,0.3008,0.2585,1,2.15,3.55,3.75,2.28,3.37,3.8,0.3945,0.3641,0.3877,-0.9049,0.3274,4,4,0.75,0.486,-0.1309,0,0,,,0.0199,-0.0363,,,,,,,,,,,
spelad,GR,2020/21,2021-01-23,,Apollon,Aris,0,1,A,3,8,1,6,0.3377,1.4344,skott,,,,,,,,,,0.2441,0.3131,0.4428,0.2321,0.3231,0.4448,1,3.9,3.32,2.2,4.12,3.32,2.25,0.3617,0.3632,0.3333,-0.2717,0.5848,1,3,-3,-0.7683,-0.2356,0,0,,,-0.026,0.0402,,,,,,,,,,,
spelad,GR,2020/21,2021-01-23,,Asteras Tripolis,Larisa,1,0,H,8,2,3,1,0.954,0.2785,skott,,,,,,,,,,0.5241,0.2815,0.1944,0.5782,0.271,0.1507,1,1.83,3.6,5,1.77,3.65,6.33,0.4025,0.4066,0.6941,-0.4741,0.9695,0,8,0.75,0.0964,-0.054,0,0,,,0.1519,-0.0538,,,,,,,,,,,
spelad,GR,2020/21,2021-01-23,,Panathinaikos,OFI Crete,2,0,H,8,4,5,1,1.2743,0.3969,skott,,,,,,,,,,0.6468,0.2132,0.1401,0.5579,0.2628,0.1793,1,1.5,4.47,8,1.75,4.11,6.65,0.4442,0.4456,1.2166,-1.5553,0.9707,0,7,-0.8571,-0.7618,0.1478,0,0,,,-0.217,0.0179,,,,,,,,,,,
spelad,GR,2020/21,2021-01-24,,Atromitos,Olympiakos,0,1,A,3,10,0,4,0.1776,1.2325,skott,,,,,,,,,,0.1159,0.2364,0.6477,0.108,0.2234,0.6686,1,8.22,4.55,1.48,8.81,4.51,1.46,0.5558,0.5234,-1.0307,2.0862,-0.4028,0,7,-1.7143,0.0029,-0.0599,0,0,,,-0.0367,0.0394,,,,,,,,,,,
spelad,GR,2020/21,2021-01-24,,Giannina,Volos NFC,0,1,A,7,5,1,3,0.5745,0.7764,skott,,,,,,,,,,0.4685,0.3088,0.2227,0.4952,0.2914,0.2134,1,2.09,3.3,4.28,2.08,3.44,4.6,0.391,0.404,-0.2048,-0.1168,-0.4115,0,,,,,0,0,,,0.0629,-0.0052,,,,,,,,,,,
spelad,GR,2020/21,2021-01-24,,Panetolikos,Lamia,0,0,D,10,10,4,6,1.2325,1.5528,skott,,,,,,,,,,0.4217,0.3084,0.27,0.3798,0.337,0.2832,1,2.26,3.1,3.63,2.61,3.07,3.63,0.3444,0.3333,0.5132,-1.2607,0.2896,1,8,0.375,0.0419,0.2998,0,0,,,-0.0969,-0.0081,,,,,,,,,,,
spelad,GR,2020/21,2021-01-24,,PAOK,AEK,2,2,D,7,9,5,6,1.2151,1.4936,skott,,,,,,,,,,0.4706,0.2739,0.2555,0.507,0.2763,0.2166,1,2.11,3.47,3.79,1.96,3.61,4.96,0.4341,0.4356,-0.2813,-0.5566,-0.5635,0,9,-0.3333,-0.3424,0.1471,0,0,,,0.1119,-0.0239,,,,,,,,,,,
spelad,GR,2020/21,2021-01-26,,Aris,Larisa,1,0,H,7,2,5,0,1.2151,0.1184,skott,,,,,,,,,,0.6786,0.2174,0.1039,0.689,0.2132,0.0978,1,1.44,4.51,9.45,1.45,4.5,9.97,0.4508,0.4231,0.6832,-0.6685,0.7825,0,5,0.6,-0.0541,0.0913,0,0,,,0.0268,-0.0511,,,,,,,,,,,
spelad,GR,2020/21,2021-01-26,,OFI Crete,Asteras Tripolis,0,1,A,11,5,6,4,1.612,0.9365,skott,,,,,,,,,,0.4516,0.303,0.2455,0.4469,0.3253,0.2277,1,2.22,3.24,4,2.24,3.24,4.2,0.4282,0.3725,-0.5184,0.4558,-0.8024,0,5,-1.2,-0.4501,-0.0733,0,0,,,0.0085,-0.0043,,,,,,,,,,,
spelad,GR,2020/21,2021-01-27,,AEK,Giannina,0,2,A,7,5,3,3,0.8948,0.7764,skott,,,,,,,,,,0.7393,0.1756,0.0851,0.6575,0.2297,0.1128,1,1.34,5.57,11.2,1.45,4.81,8.88,0.5157,0.4381,0.4808,0.2301,0.7438,0,5,2.4,0.5766,-0.0546,0,0,,,-0.1914,0.0128,,,,,,,,,,,
spelad,GR,2020/21,2021-01-27,,Lamia,Apollon,1,0,H,9,4,4,2,1.1733,0.5571,skott,,,,,,,,,,0.4074,0.2889,0.3036,0.367,0.3409,0.2921,1,2.37,3.32,3.43,2.65,3.1,3.29,0.3701,0.3341,-0.6481,1.2711,-0.6579,-1,4,1.5,0.4925,0.1324,0,0,,,-0.0692,0.0089,,,,,,,,,,,
spelad,GR,2020/21,2021-01-27,,Olympiakos,PAOK,3,0,H,9,4,7,4,1.6537,0.8773,skott,,,,,,,,,,0.5187,0.2492,0.2321,0.4802,0.2896,0.2303,1,1.9,3.82,4.5,2.08,3.7,4.6,0.5052,0.4086,1.0459,-1.3949,0.8384,0,9,0.3333,0.0758,-0.059,0,0,,,-0.0753,0.0062,,,,,,,,,,,
spelad,GR,2020/21,2021-01-27,,Volos NFC,Panathinaikos,0,2,A,10,5,4,4,1.2325,0.9365,skott,,,,,,,,,,0.2348,0.3268,0.4383,0.2319,0.3247,0.4434,1,4.2,3.15,2.28,4.5,3.25,2.21,0.3797,0.3683,-1.0674,1.1839,-0.6627,-1,3,-1,-0.0421,0.4381,0,0,,,-0.011,0.0193,,,,,,,,,,,
spelad,GR,2020/21,2021-01-28,,Panetolikos,Atromitos,1,1,D,7,5,4,1,1.0549,0.4561,skott,,,,,,,,,,0.3006,0.3343,0.3651,0.3294,0.3423,0.3283,1,3.25,3,2.69,3.3,3,2.96,0.4194,0.3152,0.4189,-0.5719,0.0781,0,8,-1.125,-0.2742,0.0809,0,0,,,0.0944,-0.0439,,,,,,,,,,,
spelad,GR,2020/21,2021-01-30,,Asteras Tripolis,Aris,2,1,H,5,6,2,4,0.6163,0.9957,skott,,,,,,,,,,0.3368,0.288,0.3752,0.2729,0.3247,0.4024,1,2.95,3.36,2.64,3.63,3.1,2.5,0.3778,0.3468,0.6495,-0.1358,0.8439,0,5,-2.4,-0.9881,-0.0943,0,0,,,-0.155,0.0307,,,,,,,,,,,
spelad,GR,2020/21,2021-01-30,,Larisa,Volos NFC,0,0,D,3,4,0,1,0.1776,0.3969,skott,,,,,,,,,,0.3693,0.3403,0.2905,0.3446,0.335,0.3204,1,2.68,3.22,3.28,2.88,3,3.26,0.399,0.359,-0.4195,0.1625,-0.7149,1,4,1.5,0.4452,0.2059,0,0,,,-0.0793,0.0482,,,,,,,,,,,
spelad,GR,2020/21,2021-01-30,,Panathinaikos,Lamia,0,0,D,9,4,7,2,1.6537,0.5571,skott,,,,,,,,,,0.7007,0.2107,0.0886,0.588,0.2668,0.1452,1,1.43,4.75,10.76,1.68,4,7,0.4122,0.397,1.3238,-1.9339,0.74,0,7,1.2857,0.1926,-0.002,0,0,,,-0.2821,-0.0107,,,,,,,,,,,
spelad,GR,2020/21,2021-01-31,,Apollon,Olympiakos,1,3,A,3,12,3,7,0.658,1.8313,skott,,,,,,,,,,0.0552,0.1536,0.7912,0.0926,0.1987,0.7087,1,17.24,6.65,1.22,10.28,5.1,1.4,0.5471,0.5299,-1.1319,1.5972,-0.5831,0,5,-1.8,0.2973,-0.1264,0,0,,,0.1573,0.0547,,,,,,,,,,,
spelad,GR,2020/21,2021-01-31,,Giannina,Atromitos,0,1,A,6,10,2,6,0.6754,1.5528,skott,,,,,,,,,,0.3694,0.3543,0.2763,0.3774,0.3364,0.2862,1,2.7,3,3.5,2.81,3,3.43,0.3753,0.3846,-0.1504,0.0419,-0.3301,1,5,-0.6,-0.055,0.095,0,0,,,0.0061,-0.0457,,,,,,,,,,,
spelad,GR,2020/21,2021-01-31,,OFI Crete,AEK,0,2,A,6,5,3,4,0.8356,0.9365,skott,,,,,,,,,,0.2196,0.2564,0.5241,0.2283,0.2774,0.4944,1,4.75,3.72,1.84,4.82,3.76,2.01,0.4531,0.4419,-0.2797,-0.1221,-0.3368,1,7,-2.1429,-0.2056,-0.2145,0,0,,,0.0471,0.0109,,,,,,,,,,,
spelad,GR,2020/21,2021-01-31,,PAOK,Panetolikos,5,0,H,9,4,7,0,1.6537,0.2368,skott,,,,,,,,,,0.8115,0.1296,0.0589,0.8373,0.1176,0.0451,1,1.18,8,20,1.18,8.5,21.9,0.6081,0.5964,0.08,0.2662,-0.1381,1,7,3,0.6244,-0.1808,0,0,,,0.0655,-0.0584,,,,,,,,,,,
spelad,GR,2020/21,2021-02-06,,Atromitos,Panathinaikos,2,3,A,9,6,5,5,1.3334,1.1559,skott,,,,,,,,,,0.2708,0.296,0.4332,0.2746,0.3052,0.4203,1,3.52,3.3,2.28,3.54,3.32,2.38,0.4025,0.4005,-0.9004,1.1126,-0.2589,-1,7,-0.8571,-0.2247,-0.1621,0,0,,,0.0205,0.0079,,,,,,,,,,,
spelad,GR,2020/21,2021-02-07,,AEK,Aris,0,2,A,4,7,3,4,0.7172,1.0549,skott,,,,,,,,,,0.483,0.2774,0.2397,0.4448,0.3075,0.2477,1,2.08,3.43,4,2.23,3.42,3.96,0.4169,0.39,0.8283,-0.347,0.7197,-1,7,1.2857,0.1716,0.0091,0,0,,,-0.0844,-0.0068,,,,,,,,,,,
spelad,GR,2020/21,2021-02-07,,Olympiakos,OFI Crete,3,0,H,16,7,7,2,2.0681,0.7346,skott,,,,,,,,,,0.7697,0.1429,0.0874,0.8157,0.1224,0.0619,1,1.25,7.25,12,1.22,8.25,17,0.6643,0.6571,1.6427,-2.2699,1.4162,0,7,2.1429,0.1778,-0.1649,0,0,,,0.1175,-0.0587,,,,,,,,,,,
spelad,GR,2020/21,2021-02-07,,PAOK,Apollon,2,2,D,15,5,7,2,2.0089,0.6163,skott,,,,,,,,,,0.7388,0.1587,0.1026,0.7912,0.1411,0.0678,1,1.35,6.25,9.29,1.33,7,14.43,0.6265,0.61,-0.1095,-0.2941,-0.4911,0,5,2.4,0.1879,0.0336,0,0,,,0.1396,-0.0873,,,,,,,,,,,
spelad,GR,2020/21,2021-02-07,,Volos NFC,Asteras Tripolis,0,1,A,8,7,3,2,0.954,0.7346,skott,,,,,,,,,,0.3246,0.3181,0.3574,0.3041,0.3247,0.3712,1,2.94,3.25,2.7,3.21,3.25,2.68,0.39,0.3623,-0.6442,0.2582,-0.653,0,4,-1.5,-0.4144,0.238,0,0,,,-0.0548,0.0053,,,,,,,,,,,
spelad,GR,2020/21,2021-02-08,,Panetolikos,Giannina,1,2,A,6,5,2,3,0.6754,0.7764,skott,,,,,,,,,,0.346,0.2703,0.3837,0.2894,0.3349,0.3757,1,2.85,3.52,2.6,3.4,2.92,2.72,0.4071,0.3009,-0.0906,0.6338,0.223,0,5,1.8,1.0059,0.0909,0,0,,,-0.1052,0.0029,,,,,,,,,,,
spelad,GR,2020/21,2021-02-13,,Apollon,Atromitos,2,1,H,3,13,3,5,0.658,1.5702,skott,,,,,,,,,,0.3379,0.3241,0.3379,0.3857,0.3116,0.3027,1,2.87,3.1,2.92,2.63,3.1,3.32,0.4169,0.4112,-0.3104,0.0425,-0.3817,-1,5,-1.2,-0.2404,0.3322,0,0,,,0.1308,-0.0167,,,,,,,,,,,
spelad,GR,2020/21,2021-02-13,,Asteras Tripolis,Lamia,0,0,D,7,6,2,2,0.7346,0.6754,skott,,,,,,,,,,0.4865,0.3183,0.1952,0.5046,0.3233,0.1721,1,2,3.1,5.2,2,3.2,5.75,0.3676,0.3683,1.0776,-0.2772,0.861,-7,8,-0.375,-0.7118,0.3274,0,0,,,0.0593,-0.0029,,,,,,,,,,,
spelad,GR,2020/21,2021-02-14,,Aris,Panetolikos,0,0,D,6,2,4,0,0.9957,0.1184,skott,,,,,,,,,,0.735,0.1816,0.0834,0.7057,0.2019,0.0924,1,1.36,5.5,11.45,1.39,5.25,11,0.4607,0.4393,0.1205,-0.2775,0.2721,1,5,0.6,-0.0865,-0.2593,0,0,,,-0.0675,-0.0105,,,,,,,,,,,
spelad,GR,2020/21,2021-02-14,,OFI Crete,Volos NFC,1,2,A,10,12,4,5,1.2325,1.511,skott,,,,,,,,,,0.4612,0.3125,0.2262,0.4432,0.3049,0.2519,1,2.16,3.4,4.25,2.27,3.4,4.3,0.4304,0.3995,-0.3842,0.353,-0.5691,0,3,-1,-0.6706,-0.2849,0,0,,,-0.0618,0.0049,,,,,,,,,,,
spelad,GR,2020/21,2021-02-14,,Panathinaikos,Olympiakos,2,1,H,5,13,3,5,0.7764,1.5702,skott,,,,,,,,,,0.2195,0.2829,0.4976,0.1808,0.2705,0.5487,1,4.6,3.5,1.99,5.6,3.6,1.82,0.4025,0.4137,0.2905,0.0389,0.2564,1,8,-0.75,0.1878,0.2661,0,0,,,-0.1284,0.0143,,,,,,,,,,,
spelad,GR,2020/21,2021-02-15,,Giannina,PAOK,0,2,A,1,11,1,6,0.2193,1.612,skott,,,,,,,,,,0.1308,0.2301,0.6391,0.0938,0.1981,0.7081,1,7.5,4.11,1.56,12,5.05,1.4,0.4378,0.5039,0.1299,0.1361,0.2437,-1,5,-3,-0.513,-0.1828,0,0,,,-0.1429,0.0387,,,,,,,,,,,
spelad,GR,2020/21,2021-02-15,,Larisa,AEK,2,4,A,6,13,4,5,0.9957,1.5702,skott,,,,,,,,,,0.1382,0.2399,0.6219,0.1272,0.2737,0.5991,1,6.88,4,1.56,7.5,3.87,1.61,0.4453,0.3759,-0.6841,0.1547,-0.6423,7,7,-0.8571,0.2636,0.2023,0,0,,,0.0008,0.0273,,,,,,,,,,,
spelad,GR,2020/21,2021-02-18,,Apollon,Lamia,0,1,A,9,6,4,2,1.1733,0.6754,skott,,,,,,,,,,0.3544,0.3299,0.3157,0.3601,0.3522,0.2877,1,2.69,3.05,3.2,2.75,3,3.5,0.4107,0.3349,0.1378,-0.1305,-0.0427,0,5,-1.8,-0.7434,0.0378,0,0,,,0.0394,-0.0078,,,,,,,,,,,
spelad,GR,2020/21,2021-02-20,,AEK,Asteras Tripolis,2,2,D,11,8,8,5,1.9323,1.2743,skott,,,,,,,,,,0.6868,0.2038,0.1093,0.5642,0.2563,0.1796,1,1.4,4.9,9.2,1.75,4.75,8,0.5366,0.4583,-0.785,0.5209,-0.733,-2,7,2.1429,0.6484,-0.2663,0,0,,,-0.3156,0.0084,,,,,,,,,,,
spelad,GR,2020/21,2021-02-20,,Atromitos,Larisa,1,1,D,10,9,4,6,1.2325,1.4936,skott,,,,,,,,,,0.4754,0.3371,0.1875,0.4945,0.291,0.2145,1,2.1,3.1,5.08,2.14,3.3,4.68,0.3965,0.4184,0.1341,-0.0161,0.4025,2,8,1.875,0.6109,0.0694,0,0,,,0.0114,-0.082,,,,,,,,,,,
spelad,GR,2020/21,2021-02-21,,Giannina,OFI Crete,1,0,H,5,4,2,2,0.6163,0.5571,skott,,,,,,,,,,0.3954,0.3391,0.2654,0.4426,0.323,0.2343,1,2.5,3,3.6,2.2,3.2,4.33,0.4169,0.4086,0.4439,-0.7859,0.5691,-1,3,-2,-0.8926,0.034,0,0,,,0.1256,-0.0156,,,,,,,,,,,
spelad,GR,2020/21,2021-02-21,,Olympiakos,Aris,1,1,D,8,7,4,4,1.1141,1.0549,skott,,,,,,,,,,0.623,0.2416,0.1355,0.5545,0.2855,0.16,1,1.59,4.25,7.5,1.78,3.52,6.25,0.5052,0.3915,1.0227,-1.1533,0.4863,0,7,3,0.8209,-0.2135,0,0,,,-0.1616,-0.0088,,,,,,,,,,,
spelad,GR,2020/21,2021-02-21,,PAOK,Lamia,4,0,H,17,1,10,0,2.6077,0.0592,skott,,,,,,,,,,0.8161,0.1302,0.0536,0.8852,0.0861,0.0287,1,1.22,7.5,17.81,1.11,11.11,34,0.5445,0.6308,-0.2239,0.067,-0.3692,3,7,3,0.5935,-0.1789,0,0,,,0.1631,-0.0591,,,,,,,,,,,
spelad,GR,2020/21,2021-02-21,,Volos NFC,Apollon,2,0,H,11,9,4,5,1.2917,1.3334,skott,,,,,,,,,,0.3981,0.3315,0.2703,0.388,0.3216,0.2904,1,2.5,3,3.52,2.59,3.16,3.38,0.399,0.4066,-0.1689,0.5798,0.1485,4,,,,,0,0,,,-0.0404,-0.0104,,,,,,,,,,,
spelad,GR,2020/21,2021-02-22,,Panetolikos,Panathinaikos,1,0,H,4,7,3,3,0.7172,0.8948,skott,,,,,,,,,,0.1649,0.2992,0.5359,0.2211,0.3152,0.4637,1,5.9,3.48,1.83,4.62,3.42,2.12,0.39,0.346,-1.9501,1.9382,-1.5965,0,7,-1.2857,-0.1012,0.0244,0,0,,,0.1845,-0.0207,,,,,,,,,,,
spelad,GR,2020/21,2021-02-24,,Larisa,Lamia,0,1,A,7,11,1,6,0.5745,1.612,skott,,,,,,,,,,0.3637,0.3208,0.3155,0.3657,0.3549,0.2794,1,2.71,3.2,3.12,2.7,3.2,3.52,0.4097,0.3174,-0.7433,0.52,-0.8945,1,7,-0.8571,-0.5477,0.0966,0,0,,,0.0403,-0.0223,,,,,,,,,,,
spelad,GR,2020/21,2021-02-27,,Apollon,OFI Crete,2,1,H,10,11,5,6,1.3926,1.612,skott,,,,,,,,,,0.3668,0.3323,0.3009,0.3711,0.3119,0.317,1,2.6,3.05,3.2,2.66,3.1,3.16,0.4179,0.4367,0.79,-0.9939,0.7594,0,3,1,0.6868,0.3818,0,0,,,-0.0076,-0.0011,,,,,,,,,,,
spelad,GR,2020/21,2021-02-27,,Asteras Tripolis,PAOK,2,1,H,6,10,3,6,0.8356,1.5528,skott,,,,,,,,,,0.1509,0.2339,0.6152,0.1867,0.2499,0.5634,1,6.5,4.5,1.57,6,3.9,1.74,0.4738,0.4648,1.3851,-0.6402,1.1972,1,7,-2.1429,-0.1675,-0.211,0,0,,,0.1235,-0.0179,,,,,,,,,,,
spelad,GR,2020/21,2021-02-28,,Aris,Atromitos,3,0,H,13,4,4,1,1.4101,0.3969,skott,,,,,,,,,,0.6018,0.2707,0.1275,0.6272,0.2496,0.1232,1,1.62,3.8,7.41,1.57,4,7.75,0.4107,0.4319,-0.1203,0.266,-0.0045,-1,5,-1.8,-1.0492,0.0954,0,0,,,0.0552,-0.0327,,,,,,,,,,,
spelad,GR,2020/21,2021-02-28,,Lamia,Giannina,0,0,D,3,5,2,2,0.4979,0.6163,skott,,,,,,,,,,0.3951,0.2957,0.3092,0.307,0.3446,0.3484,1,2.55,3.22,3.2,3.15,3.03,3.2,0.3412,0.3122,0.1839,0.1075,0.5223,-3,5,0,0.0096,0.2971,0,0,,,-0.2153,0.0605,,,,,,,,,,,
spelad,GR,2020/21,2021-02-28,,Larisa,Panetolikos,1,0,H,4,2,1,1,0.3969,0.2785,skott,,,,,,,,,,0.3956,0.2907,0.3137,0.3974,0.3225,0.2801,1,2.5,3.3,3.13,2.46,3.1,3.54,0.3634,0.3412,-0.4521,0.02,-0.6216,-2,8,-0.375,-0.1757,0.0744,0,0,,,0.0372,0.0062,,,,,,,,,,,
spelad,GR,2020/21,2021-02-28,,Panathinaikos,AEK,1,1,D,4,7,3,4,0.7172,1.0549,skott,,,,,,,,,,0.3531,0.2898,0.3571,0.2793,0.306,0.4147,1,2.8,3.29,2.69,3.49,3.27,2.4,0.3865,0.3925,0.8254,-1.0795,0.807,-2,9,-0.3333,0.1971,0.1606,0,0,,,-0.2053,0.0297,,,,,,,,,,,
spelad,GR,2020/21,2021-03-01,,Volos NFC,Olympiakos,1,2,A,3,8,2,5,0.4979,1.2743,skott,,,,,,,,,,0.1069,0.1965,0.6965,0.0921,0.1805,0.7274,1,9.25,5.1,1.37,11,5.5,1.33,0.5431,0.5607,-0.3738,0.7574,0.2205,0,3,-2,0.0596,0.2135,0,0,,,-0.0606,0.0305,,,,,,,,,,,
spelad,GR,2020/21,2021-03-06,,Atromitos,Asteras Tripolis,1,1,D,5,9,3,6,0.7764,1.4936,skott,,,,,,,,,,0.3036,0.3254,0.371,0.2799,0.3212,0.3989,1,3.4,3,2.62,3.6,2.98,2.62,0.399,0.3632,-1.7165,1.4161,-1.5513,-1,8,0.75,0.4215,-0.0709,0,0,,,-0.0753,0.0308,,,,,,,,,,,
spelad,GR,2020/21,2021-03-06,,Giannina,Panathinaikos,1,0,H,5,4,1,1,0.4561,0.3969,skott,,,,,,,,,,0.2818,0.3196,0.3985,0.2972,0.3244,0.3783,1,3.5,3.14,2.47,3.23,3.08,2.64,0.365,0.35,-0.6437,0.6222,-0.5311,0,5,-0.6,0.2258,-0.3022,0,0,,,0.0511,0.0297,,,,,,,,,,,
spelad,GR,2020/21,2021-03-06,,OFI Crete,Larisa,2,3,A,8,8,4,5,1.1141,1.2743,skott,,,,,,,,,,0.5302,0.2607,0.209,0.5205,0.281,0.1985,1,1.83,3.65,4.92,1.84,3.58,5.25,0.4194,0.4148,-0.6812,1.0101,-0.5964,1,5,0,-0.2618,0.2965,0,0,,,-0.0088,0.0157,,,,,,,,,,,
spelad,GR,2020/21,2021-03-07,,Olympiakos,Lamia,3,0,H,9,3,5,1,1.3334,0.3377,skott,,,,,,,,,,0.8117,0.1288,0.0596,0.8612,0.0997,0.0391,1,1.21,7.5,16.04,1.16,9.97,29,0.5882,0.6449,0.0058,-0.2809,-0.448,-1,7,3,0.4927,-0.1458,0,0,,,0.1195,-0.0401,,,,,,,,,,,
spelad,GR,2020/21,2021-03-07,,Panetolikos,Volos NFC,1,0,H,3,1,1,1,0.3377,0.2193,skott,,,,,,,,,,0.4686,0.2874,0.2439,0.4329,0.3086,0.2585,1,2.08,3.38,4.38,2.21,3.15,3.9,0.4205,0.3793,-0.1887,0.4125,-0.4478,1,4,0,-0.2612,0.222,0,0,,,-0.0862,0.0303,,,,,,,,,,,
spelad,GR,2020/21,2021-03-07,,PAOK,Aris,2,2,D,10,6,6,3,1.5528,0.8356,skott,,,,,,,,,,0.5386,0.2626,0.1987,0.5222,0.2827,0.195,1,1.8,3.8,5,1.86,3.6,5.07,0.4304,0.3778,-0.1182,-0.2916,-0.441,1,7,0,-0.6495,0.1779,0,0,,,-0.0291,0.002,,,,,,,,,,,
spelad,GR,2020/21,2021-03-08,,AEK,Apollon,2,0,H,10,2,6,0,1.5528,0.1184,skott,,,,,,,,,,0.7102,0.1834,0.1064,0.7153,0.1792,0.1056,1,1.38,5.75,9,1.36,5.75,9.96,0.5118,0.5299,-0.0114,0.1944,-0.095,-1,5,2.4,0.2665,0.0107,0,0,,,0.0109,-0.0224,,,,,,,,,,,
spelad,GR,2020/21,2021-03-10,,Lamia,Larisa,2,1,H,6,6,4,3,0.9957,0.8356,skott,,,,,,,,,,0.4483,0.3147,0.237,0.4111,0.3349,0.2541,1,2.15,3.24,4.05,2.55,3.07,3.89,0.3744,0.3079,0.4292,0.0501,0.623,-1,8,1.125,0.6205,0.0402,0,0,,,-0.0915,-0.0546,,,,,,,,,,,
spelad,GR,2020/21,2021-03-14,,Apollon,Panetolikos,1,0,H,8,9,5,4,1.2743,1.1733,skott,,,,,,,,,,0.4466,0.3291,0.2243,0.4471,0.3369,0.216,1,2.15,3.2,4.25,2.2,2.93,4.43,0.3625,0.3541,-0.083,-0.2393,-0.1953,-1,5,0,0.3308,-0.0942,0,0,,,0.0095,-0.0255,,,,,,,,,,,
spelad,GR,2020/21,2021-03-14,,Aris,OFI Crete,1,0,H,8,3,4,0,1.1141,0.1776,skott,,,,,,,,,,0.7055,0.1929,0.1015,0.6431,0.231,0.1259,1,1.4,5.03,10,1.5,4.5,11,0.4974,0.4482,1.2815,-1.5076,1.4874,-1,7,1.7143,0.6495,-0.1237,0,0,,,-0.1492,0.0113,,,,,,,,,,,
spelad,GR,2020/21,2021-03-14,,Asteras Tripolis,Giannina,0,1,A,8,8,2,1,0.7938,0.6337,skott,,,,,,,,,,0.4446,0.3386,0.2167,0.3922,0.3312,0.2766,1,2.15,3.2,4.42,2.53,3.16,4.1,0.3452,0.3326,0.4776,-0.3681,0.5571,0,5,0,-0.3035,0.2993,0,0,,,-0.1647,-0.0099,,,,,,,,,,,
spelad,GR,2020/21,2021-03-14,,Lamia,Atromitos,0,0,D,4,6,2,2,0.5571,0.6754,skott,,,,,,,,,,0.3553,0.3734,0.2713,0.3469,0.374,0.2791,1,2.75,2.81,3.51,2.77,2.9,3.43,0.3388,0.3159,0.9011,-0.4301,0.9749,-4,8,-0.75,-0.0742,0.1932,0,0,,,-0.0247,0.0117,,,,,,,,,,,
spelad,GR,2020/21,2021-03-14,,Larisa,Olympiakos,1,3,A,11,9,6,7,1.612,1.6537,skott,,,,,,,,,,0.1615,0.2319,0.6066,0.1145,0.2049,0.6806,1,6.5,4.1,1.58,10,4.68,1.47,0.4856,0.4805,-0.4364,0.686,-0.205,-3,7,-3,-0.3765,-0.1514,0,0,,,-0.1679,0.0099,,,,,,,,,,,
spelad,GR,2020/21,2021-03-14,,Panathinaikos,PAOK,2,1,H,5,12,2,3,0.6163,1.1907,skott,,,,,,,,,,0.2504,0.307,0.4426,0.2165,0.2645,0.519,1,3.81,3.22,2.21,5,3.65,1.95,0.3659,0.4086,0.8287,-0.4554,0.8081,1,9,-1.3333,-0.1403,0.0725,0,0,,,-0.1441,0.0101,,,,,,,,,,,
spelad,GR,2020/21,2021-03-14,,Volos NFC,AEK,1,0,H,8,6,3,0,0.954,0.3552,skott,,,,,,,,,,0.1928,0.2821,0.5251,0.1879,0.279,0.5331,1,5.25,3.62,1.85,5.25,3.62,1.85,0.4468,0.4675,0.0515,0.0142,0.4817,1,3,-2,-0.2207,0.1295,0,0,,,-0.0179,0.0183,,,,,,,,,,,
spelad,GR,2020/21,2021-03-20,,Apollon,Larisa,0,2,A,10,9,5,7,1.3926,1.6537,skott,,,,,,,,,,0.4506,0.2846,0.2648,0.3564,0.3412,0.3024,1,2.12,3.5,3.7,2.69,3.25,3.37,0.4133,0.3326,0.4449,-0.3747,0.2416,0,6,0,0.1751,-0.3214,0,0,,,-0.2259,0.0531,,,,,,,,,,,
spelad,GR,2020/21,2021-03-20,,Giannina,Atromitos,1,0,H,11,9,7,4,1.7721,1.1733,skott,,,,,,,,,,0.449,0.3031,0.2479,0.4735,0.2971,0.2294,1,2.23,3.3,3.84,2.2,3.3,4.58,0.392,0.375,1.3032,-1.0883,1.1551,0,6,-1,-0.2907,0.0231,0,0,,,0.0676,-0.0262,,,,,,,,,,,
spelad,GR,2020/21,2021-03-20,,Panetolikos,Lamia,0,3,A,10,5,4,3,1.2325,0.7764,skott,,,,,,,,,,0.3822,0.2974,0.3204,0.3547,0.3628,0.2825,1,2.7,3.2,3.1,2.75,3.05,3.4,0.3719,0.3101,-0.5008,0.3832,-0.5142,0,9,0.3333,-0.0157,0.3401,0,0,,,-0.017,-0.0003,,,,,,,,,,,
spelad,GR,2020/21,2021-03-20,,Volos NFC,OFI Crete,0,0,D,5,3,2,1,0.6163,0.3377,skott,,,,,,,,,,0.4018,0.3043,0.2939,0.4408,0.2881,0.271,1,2.45,3.24,3.25,2.31,3.33,3.53,0.4051,0.4393,1.0317,-0.9188,1.3535,0,4,1.5,1.2015,-0.2899,0,0,,,0.101,-0.0218,,,,,,,,,,,
spelad,GR,2020/21,2021-03-21,,Asteras Tripolis,Panathinaikos,2,2,D,11,7,7,4,1.7721,1.0549,skott,,,,,,,,,,0.3153,0.3112,0.3735,0.3305,0.326,0.3435,1,3.02,3.2,2.57,2.99,3.24,2.79,0.3625,0.3357,0.1676,-0.0935,0.2788,0,8,0,0.1466,0.1934,0,0,,,0.0602,-0.0106,,,,,,,,,,,
spelad,GR,2020/21,2021-03-21,,Olympiakos,Aris,1,0,H,3,8,1,6,0.3377,1.4344,skott,,,,,,,,,,0.565,0.2637,0.1713,0.5575,0.2716,0.1709,1,1.75,3.88,5.6,1.75,3.83,6,0.483,0.404,0.368,-0.6143,-0.0845,0,8,2.625,0.5997,-0.0975,0,0,,,-0.0145,-0.0102,,,,,,,,,,,
spelad,GR,2020/21,2021-03-21,,PAOK,AEK,3,1,H,10,7,5,4,1.3926,1.0549,skott,,,,,,,,,,0.5369,0.2596,0.2035,0.539,0.2765,0.1845,1,1.85,3.67,4.85,1.8,3.59,5.61,0.4242,0.4209,-0.5043,0.087,-0.1777,0,10,-0.3,-0.3879,0.2048,0,0,,,0.0231,-0.016,,,,,,,,,,,
spelad,GR,2020/21,2021-04-03,,Atromitos,Apollon,1,1,D,4,3,2,1,0.5571,0.3377,skott,,,,,,,,,,0.5046,0.3184,0.177,0.4181,0.3383,0.2436,1,1.9,3.2,5.37,2.36,3.02,4.2,0.3955,0.3632,-0.7506,0.5093,-0.4808,0,6,0.5,-0.2798,0.2249,0,0,,,-0.2397,-0.0066,,,,,,,,,,,
spelad,GR,2020/21,2021-04-03,,Lamia,Volos NFC,1,1,D,3,4,1,1,0.3377,0.3969,skott,,,,,,,,,,0.4976,0.2829,0.2195,0.4716,0.3118,0.2166,1,1.99,3.4,4.5,2.13,3.35,4.75,0.3955,0.3725,0.6901,-0.2744,0.4772,0,5,-0.6,-0.2994,0.0351,0,0,,,-0.0492,0.0092,,,,,,,,,,,
spelad,GR,2020/21,2021-04-03,,Larisa,Panetolikos,1,1,D,13,5,9,4,2.2108,0.9365,skott,,,,,,,,,,0.4733,0.284,0.2427,0.462,0.3036,0.2344,1,2.04,3.4,4.1,2.14,3.35,4.2,0.39,0.3412,0.1958,-0.7244,0.346,0,9,0,0.0088,0.0303,0,0,,,-0.0143,-0.0034,,,,,,,,,,,
spelad,GR,2020/21,2021-04-03,,OFI Crete,Giannina,2,1,H,6,7,5,4,1.1559,1.0549,skott,,,,,,,,,,0.4249,0.2884,0.2867,0.3894,0.3131,0.2975,1,2.31,3.3,3.41,2.55,3.2,3.24,0.4061,0.3759,-1.7482,1.3207,-1.6501,0,4,0.75,0.3874,-0.0552,0,0,,,-0.0818,-0.006,,,,,,,,,,,
spelad,GR,2020/21,2021-04-04,,AEK,Olympiakos,1,5,A,6,6,3,5,0.8356,1.1559,skott,,,,,,,,,,0.3074,0.2853,0.4073,0.2524,0.2943,0.4533,1,3.35,3.35,2.38,3.86,3.38,2.19,0.4242,0.4282,-0.7768,0.9693,-0.5011,0,10,-0.9,-0.1237,0.0143,0,0,,,-0.1561,0.0393,,,,,,,,,,,
spelad,GR,2020/21,2021-04-04,,Aris,Asteras Tripolis,2,0,H,10,7,7,1,1.7129,0.5745,skott,,,,,,,,,,0.6301,0.2288,0.1411,0.6016,0.2501,0.1483,1,1.59,4.2,7.08,1.63,4.06,6.77,0.4,0.3812,-0.5678,0.2731,-0.2805,0,6,1.5,0.6467,-0.1327,0,0,,,-0.0642,-0.0211,,,,,,,,,,,
spelad,GR,2020/21,2021-04-04,,Panathinaikos,PAOK,3,0,H,3,9,3,3,0.658,1.0132,skott,,,,,,,,,,0.2584,0.2972,0.4444,0.2297,0.2996,0.4707,1,3.97,3.28,2.2,4.25,3.28,2.1,0.39,0.4076,0.6785,-0.0604,0.5903,0,10,-0.9,0.0823,0.0388,0,0,,,-0.0838,0.0281,,,,,,,,,,,
spelad,GR,2020/21,2021-04-10,,Apollon,OFI Crete,0,0,D,7,3,3,0,0.8948,0.1776,skott,,,,,,,,,,0.3855,0.3112,0.3033,0.3094,0.3354,0.3552,1,2.5,3.2,3.22,3.16,3.14,3.02,0.3617,0.3716,0.6993,-0.335,0.6366,0,4,1.5,0.9088,0.2084,0,0,,,-0.2042,0.0455,,,,,,,,,,,
spelad,GR,2020/21,2021-04-10,,Atromitos,Larisa,0,1,A,8,5,3,3,0.954,0.7764,skott,,,,,,,,,,0.3925,0.3018,0.3057,0.3991,0.3089,0.292,1,2.45,3.2,3.2,2.7,3.18,3.29,0.391,0.3812,-0.7146,0.5002,-0.9164,0,9,1.6667,0.4569,0.1405,0,0,,,0.0268,-0.0665,,,,,,,,,,,
spelad,GR,2020/21,2021-04-10,,Volos NFC,Panetolikos,3,1,H,9,14,7,8,1.6537,2.1098,skott,,,,,,,,,,0.4231,0.2867,0.2902,0.3548,0.3421,0.3031,1,2.29,3.33,3.4,2.7,3.13,3.3,0.4051,0.3716,0.1296,-0.3034,0.3888,0,5,-0.6,-0.1855,0.1159,0,0,,,-0.1495,0.0166,,,,,,,,,,,
spelad,GR,2020/21,2021-04-11,,Aris,AEK,1,3,A,6,7,5,7,1.1559,1.5353,skott,,,,,,,,,,0.4428,0.3216,0.2356,0.4061,0.3043,0.2896,1,2.19,3.25,4.04,2.42,3.2,3.32,0.4097,0.4112,0.5113,-1.0983,1.0203,0,8,-0.75,0.0856,-0.0305,0,0,,,-0.1272,-0.0134,,,,,,,,,,,
spelad,GR,2020/21,2021-04-11,,Asteras Tripolis,PAOK,1,1,D,4,7,2,4,0.5571,1.0549,skott,,,,,,,,,,0.214,0.2563,0.5297,0.1807,0.2614,0.5579,1,4.75,3.82,1.8,5.8,3.82,1.72,0.466,0.4557,0.6522,-0.6393,0.7345,0,8,-1.5,0.1272,-0.2159,0,0,,,-0.0949,0.0083,,,,,,,,,,,
spelad,GR,2020/21,2021-04-11,,Olympiakos,Panathinaikos,3,1,H,12,5,6,2,1.6712,0.6163,skott,,,,,,,,,,0.6478,0.2102,0.142,0.6146,0.2358,0.1496,1,1.53,4.6,6.75,1.57,4.11,7.17,0.4934,0.4534,0.0436,-0.3673,-0.2973,0,9,0.3333,-0.6164,0.2065,0,0,,,-0.0739,0.0035,,,,,,,,,,,
spelad,GR,2020/21,2021-04-12,,Giannina,Lamia,1,2,A,7,7,4,5,1.0549,1.2151,skott,,,,,,,,,,0.4401,0.3108,0.2491,0.374,0.3533,0.2728,1,2.2,3.1,3.88,2.6,3.08,3.51,0.3924,0.3599,0.3399,-0.2023,0.3106,0,6,0,-0.3205,0.3568,0,0,,,-0.1558,-0.0039,,,,,,,,,,,
spelad,GR,2020/21,2021-04-17,,OFI Crete,Atromitos,1,1,D,10,6,5,5,1.3926,1.1559,skott,,,,,,,,,,0.4758,0.2628,0.2614,0.453,0.2879,0.259,1,2.03,3.82,4,2.19,3.54,3.8,0.4205,0.4571,0.2869,-0.3684,0.0889,0,6,0.5,0.1556,0.1899,0,0,,,-0.0431,-0.0109,,,,,,,,,,,
spelad,GR,2020/21,2021-04-17,,Panetolikos,Apollon,1,0,H,4,5,0,1,0.2368,0.4561,skott,,,,,,,,,,0.4995,0.2808,0.2197,0.4757,0.3094,0.2149,1,1.95,3.5,4.5,2.1,3.15,4.75,0.3404,0.3159,0.12,-0.0927,0.1338,0,6,-0.5,-0.3614,-0.1346,0,0,,,-0.0428,-0.019,,,,,,,,,,,
spelad,GR,2020/21,2021-04-17,,Volos NFC,Giannina,1,1,D,5,10,3,6,0.7764,1.5528,skott,,,,,,,,,,0.3444,0.3138,0.3419,0.3536,0.3248,0.3216,1,2.9,3.12,2.83,2.9,3.07,3.1,0.4179,0.397,0.0452,-0.3999,0.2984,2,,,,,0,0,,,0.0388,-0.0043,,,,,,,,,,,
spelad,GR,2020/21,2021-04-18,,AEK,Asteras Tripolis,3,1,H,12,4,8,3,1.9914,0.7172,skott,,,,,,,,,,0.6159,0.2229,0.1611,0.6232,0.2343,0.1425,1,1.59,4.3,6.25,1.57,4.2,7,0.4674,0.4961,0.0761,0.3106,-0.068,0,8,1.875,0.4487,-0.1401,0,0,,,0.0331,-0.0216,,,,,,,,,,,
spelad,GR,2020/21,2021-04-18,,Panathinaikos,Aris,1,2,A,2,11,2,6,0.4387,1.612,skott,,,,,,,,,,0.3665,0.3083,0.3252,0.3487,0.324,0.3273,1,2.61,3.25,2.93,2.82,3.1,3.05,0.3735,0.3372,0.6423,-0.7027,0.3175,0,8,0.75,0.3717,-0.0521,0,0,,,-0.0376,0.0039,,,,,,,,,,,
spelad,GR,2020/21,2021-04-18,,PAOK,Olympiakos,2,0,H,7,10,4,4,1.0549,1.2325,skott,,,,,,,,,,0.3987,0.2959,0.3054,0.4352,0.2849,0.2799,1,2.5,3.38,3.12,2.25,3.53,3.6,0.4557,0.4818,-1.3357,1.6494,-0.9224,0,10,-0.6,-0.1132,-0.082,0,0,,,0.0984,-0.0173,,,,,,,,,,,
spelad,GR,2020/21,2021-04-19,,Lamia,Larisa,0,0,D,8,4,3,2,0.954,0.5571,skott,,,,,,,,,,0.4033,0.3167,0.28,0.3499,0.3486,0.3015,1,2.45,2.99,3.45,2.8,3,3.18,0.3149,0.3302,0.3502,-0.3484,0.2306,-2,9,1.3333,0.7107,-0.0015,0,0,,,-0.1282,-0.0049,,,,,,,,,,,
spelad,GR,2020/21,2021-04-21,,AEK,Panathinaikos,1,1,D,9,2,5,2,1.3334,0.4387,skott,,,,,,,,,,0.4949,0.2699,0.2352,0.4711,0.2934,0.2355,1,1.93,3.58,4.4,2.03,3.38,4.31,0.4097,0.395,-0.254,0.8652,-0.0296,0,10,0.3,-0.377,0.2139,0,0,,,-0.0479,0.0066,,,,,,,,,,,
spelad,GR,2020/21,2021-04-21,,Aris,PAOK,0,1,A,7,8,3,4,0.8948,1.1141,skott,,,,,,,,,,0.3077,0.2847,0.4076,0.2756,0.2916,0.4328,1,3.3,3.36,2.5,3.89,3.3,2.3,0.4097,0.4076,0.4233,-0.296,0.8613,0,8,0,0.4292,0.2453,0,0,,,-0.0893,0.0026,,,,,,,,,,,
spelad,GR,2020/21,2021-04-21,,Olympiakos,Asteras Tripolis,1,0,H,7,7,4,1,1.0549,0.5745,skott,,,,,,,,,,0.7938,0.1394,0.0668,0.7333,0.1884,0.0783,1,1.25,7.1,15,1.35,5.5,13,0.564,0.5607,1.0557,-1.2475,0.508,0,8,2.25,0.2412,0.0517,0,0,,,-0.1324,-0.0431,,,,,,,,,,,
spelad,GR,2020/21,2021-04-24,,Atromitos,Lamia,0,0,D,3,4,1,1,0.3377,0.3969,skott,,,,,,,,,,0.387,0.35,0.263,0.3731,0.3605,0.2664,1,2.5,2.89,3.85,2.65,2.83,3.6,0.3831,0.3428,-0.9371,0.7149,-0.9928,2,9,0.6667,-0.1292,0.2413,0,0,,,-0.0311,-0.0312,,,,,,,,,,,
spelad,GR,2020/21,2021-04-24,,Giannina,Panetolikos,0,1,A,4,5,2,3,0.5571,0.7764,skott,,,,,,,,,,0.3488,0.2877,0.3635,0.2992,0.3325,0.3683,1,2.88,3.35,2.9,3.2,3.12,2.82,0.3476,0.346,0.302,-0.4937,0.3812,0,6,-1,-0.6576,0.0199,0,0,,,-0.104,0.0224,,,,,,,,,,,
spelad,GR,2020/21,2021-04-24,,Larisa,OFI Crete,0,1,A,5,6,1,4,0.4561,0.9957,skott,,,,,,,,,,0.4252,0.293,0.2818,0.36,0.328,0.312,1,2.31,3.26,3.4,2.67,3.15,3.62,0.4,0.3599,0.7228,-0.296,1.1198,-2,6,0.5,0.325,0.2003,0,0,,,-0.1604,0.0635,,,,,,,,,,,
spelad,GR,2020/21,2021-04-25,,Asteras Tripolis,Aris,1,1,D,5,10,2,3,0.6163,1.0724,skott,,,,,,,,,,0.2207,0.2462,0.533,0.2061,0.2854,0.5086,1,4.33,3.86,1.87,4.64,3.43,2,0.5172,0.4005,-0.2466,0.1805,-0.3489,0,7,-1.7143,-0.5398,-0.1495,0,0,,,-0.0049,0.0681,,,,,,,,,,,
spelad,GR,2020/21,2021-04-25,,Olympiakos,AEK,2,0,H,12,8,4,2,1.3509,0.7938,skott,,,,,,,,,,0.6389,0.2257,0.1355,0.481,0.2651,0.2539,1,1.56,4.33,7.03,2.07,3.61,4.5,0.5183,0.4753,1.2492,-1.6642,0.7668,0,11,1.0909,0.2218,-0.0138,0,0,,,-0.4342,-0.0295,,,,,,,,,,,
spelad,GR,2020/21,2021-04-25,,PAOK,Panathinaikos,0,0,D,8,3,4,0,1.1141,0.1776,skott,,,,,,,,,,0.6482,0.2227,0.1291,0.6731,0.2212,0.1057,1,1.54,4.33,7.5,1.45,4.52,10.26,0.4061,0.4508,-0.5535,1.051,-0.4268,0,11,0.5455,-0.2657,0.008,0,0,,,0.0732,-0.0133,,,,,,,,,,,
spelad,GR,2020/21,2021-04-26,,Apollon,Volos NFC,0,0,D,8,6,2,1,0.7938,0.5153,skott,,,,,,,,,,0.3665,0.3465,0.287,0.4431,0.3201,0.2369,1,2.7,3.25,3.32,2.16,3.25,4.46,0.4,0.3802,-0.5373,1.0222,-0.532,0,,,,,0,0,,,0.2033,0.0397,,,,,,,,,,,
spelad,GR,2020/21,2021-05-05,,AEK,PAOK,1,2,A,10,8,5,4,1.3926,1.1141,skott,,,,,,,,,,0.3492,0.3017,0.3492,0.3101,0.3051,0.3848,1,2.75,3.2,2.75,3.2,3.28,2.5,0.38,0.4112,-0.0928,0.3385,0.0671,0,11,0,0.091,0.161,0,0,,,-0.1138,0.0033,,,,,,,,,,,
spelad,GR,2020/21,2021-05-05,,Aris,Olympiakos,1,1,D,6,7,4,3,0.9957,0.8948,skott,,,,,,,,,,0.4502,0.2652,0.2846,0.4774,0.2833,0.2393,1,2.18,3.78,3.5,2.03,3.74,4.2,0.4553,0.4701,-1.3555,1.7442,-0.7245,0,9,-2.6667,-0.5335,-0.1169,0,0,,,0.0998,0.0257,,,,,,,,,,,
spelad,GR,2020/21,2021-05-05,,Panathinaikos,Asteras Tripolis,2,2,D,11,4,4,3,1.2917,0.7172,skott,,,,,,,,,,0.5527,0.2684,0.1789,0.5449,0.283,0.1721,1,1.75,3.6,5.75,1.79,3.48,6.07,0.4051,0.3768,0.9794,-1.1891,0.5648,0,9,0,-0.3418,0.2468,0,0,,,-0.0087,-0.0199,,,,,,,,,,,
spelad,GR,2020/21,2021-05-08,,Lamia,OFI Crete,0,2,A,5,4,2,3,0.6163,0.7172,skott,,,,,,,,,,0.1314,0.2559,0.6128,0.1454,0.2935,0.5611,1,8.25,4,1.58,6.56,3.48,1.77,0.3612,0.3541,0.4783,-0.3572,0.5928,0,6,-0.5,0.0745,-0.1298,0,0,,,0.0797,0.0481,,,,,,,,,,,
spelad,GR,2020/21,2021-05-08,,Panetolikos,Atromitos,1,3,A,8,5,3,4,0.954,0.9365,skott,,,,,,,,,,0.5063,0.3044,0.1893,0.4352,0.3336,0.2312,1,1.92,3.31,6,2.25,3,6,0.3612,0.3404,0.4946,0.0809,0.5008,0,9,-1,-0.2805,0.145,0,0,,,-0.1841,0.0403,,,,,,,,,,,
spelad,GR,2020/21,2021-05-08,,Volos NFC,Larisa,3,1,H,8,8,5,4,1.2743,1.1141,skott,,,,,,,,,,0.3705,0.2925,0.337,0.4942,0.2725,0.2332,1,2.75,3.4,2.91,2.25,3.74,4.48,0.3612,0.3768,0.0395,-0.3561,-0.0591,-2,5,-1.2,-0.5801,0.2977,0,0,,,0.3511,-0.0273,,,,,,,,,,,
spelad,GR,2020/21,2021-05-09,,Asteras Tripolis,Olympiakos,0,0,D,6,6,0,1,0.3552,0.5153,skott,,,,,,,,,,0.1963,0.2648,0.5389,0.1815,0.2467,0.5718,1,5,3.65,1.79,5.42,4.1,1.74,0.4462,0.5607,-1.4083,1.3777,-0.9956,0,9,-2.3333,-0.3074,0.025,0,0,,,-0.0624,0.0356,,,,,,,,,,,
spelad,GR,2020/21,2021-05-09,,Panathinaikos,AEK,0,1,A,4,3,2,1,0.5571,0.3377,skott,,,,,,,,,,0.3815,0.2996,0.319,0.2936,0.3009,0.4055,1,2.6,3.25,3.14,3.35,3.2,2.75,0.3899,0.4066,0.9346,-1.6431,0.6545,0,11,-0.2727,0.1482,0.2587,0,0,,,-0.2624,0.025,,,,,,,,,,,
spelad,GR,2020/21,2021-05-09,,PAOK,Aris,2,0,H,12,3,7,2,1.8313,0.4979,skott,,,,,,,,,,0.5559,0.2731,0.171,0.536,0.2857,0.1783,1,1.8,3.64,6.4,1.83,3.6,5.68,0.4171,0.422,0.5436,-0.4798,0.1539,0,9,0.3333,-0.4429,0.1856,0,0,,,-0.0471,0.0006,,,,,,,,,,,
spelad,GR,2020/21,2021-05-12,,Aris,Panathinaikos,0,0,D,19,3,7,1,2.2457,0.3377,skott,,,,,,,,,,0.4976,0.2649,0.2375,0.5492,0.2699,0.181,1,1.97,3.6,4.1,1.79,3.89,5.5,0.4323,0.4496,-0.5006,1.0464,-0.137,0,9,-0.3333,-0.0959,-0.0823,0,0,,,0.1597,0.0023,,,,,,,,,,,
spelad,GR,2020/21,2021-05-12,,Asteras Tripolis,AEK,1,1,D,8,7,4,4,1.1141,1.0549,skott,,,,,,,,,,0.2443,0.2877,0.468,0.2749,0.2832,0.4419,1,4.1,3.52,2.05,3.8,3.55,2.16,0.4656,0.5026,-0.1423,-0.5321,-0.0938,0,9,-2,-0.3479,-0.1505,0,0,,,0.0872,-0.0084,,,,,,,,,,,
spelad,GR,2020/21,2021-05-12,,Olympiakos,PAOK,1,0,H,14,4,6,1,1.7896,0.3969,skott,,,,,,,,,,0.4702,0.3156,0.2142,0.5218,0.2683,0.2099,1,2.05,3.55,4.5,1.85,3.69,5.3,0.4644,0.4974,0.18,-0.5839,0.0565,0,11,0.2727,0.0752,-0.1005,0,0,,,0.1075,0.0099,,,,,,,,,,,
spelad,GR,2020/21,2021-05-15,,Apollon,Lamia,0,1,A,9,7,3,3,1.0132,0.8948,skott,,,,,,,,,,0.4104,0.3164,0.2732,0.3739,0.3403,0.2858,1,2.35,3.4,3.65,2.6,3.22,3.5,0.4404,0.3871,-0.4708,0.6425,-0.4459,7,6,-2,-0.8582,-0.0272,0,0,,,-0.0856,-0.012,,,,,,,,,,,
spelad,GR,2020/21,2021-05-15,,Atromitos,Volos NFC,1,0,H,6,6,4,1,0.9957,0.5153,skott,,,,,,,,,,0.4867,0.2779,0.2354,0.5366,0.2753,0.1881,1,2.05,3.5,4.3,1.8,3.85,5.5,0.4908,0.5039,-0.5845,0.4273,-0.6189,0,5,0,-0.2684,-0.08,0,0,,,0.1471,0.0268,,,,,,,,,,,
spelad,GR,2020/21,2021-05-15,,OFI Crete,Panetolikos,2,2,D,5,7,4,4,0.9365,1.0549,skott,,,,,,,,,,0.6148,0.2542,0.131,0.5319,0.2667,0.2014,1,1.57,3.92,7.49,1.8,3.65,5.02,0.4242,0.4319,0.3693,-0.9734,0.221,0,6,-0.5,-0.4085,-0.1332,0,0,,,-0.2362,0.0033,,,,,,,,,,,
spelad,GR,2020/21,2021-05-16,,AEK,Aris,0,0,D,5,4,3,2,0.7764,0.5571,skott,,,,,,,,,,0.4047,0.333,0.2623,0.4146,0.304,0.2814,1,2.4,3.4,3.63,2.35,3.45,3.45,0.4595,0.4961,0.3817,-0.1467,0.3554,0,9,1,0.154,-0.0609,0,0,,,0.0007,-0.0153,,,,,,,,,,,
spelad,GR,2020/21,2021-05-16,,Larisa,Giannina,2,0,H,7,12,4,4,1.0549,1.3509,skott,,,,,,,,,,,,,0.3299,0.3115,0.3586,1,,,,2.88,3.46,2.8,,0.3925,-0.2942,0.2684,-0.2146,-7,6,1,0.5496,0.3606,0,0,,,,0.0359,,,,,,,,,,,
spelad,GR,2020/21,2021-05-16,,Panathinaikos,Olympiakos,1,4,A,9,12,5,8,1.3334,1.9914,skott,,,,,,,,,,0.1871,0.2931,0.5198,0.1865,0.2406,0.573,1,5.25,3.6,1.85,5.77,4,1.72,0.3955,0.517,-0.3925,-0.0714,-0.5927,0,10,-0.6,0.3005,0.1622,0,0,,,-0.0543,-0.0039,,,,,,,,,,,
spelad,GR,2020/21,2021-05-16,,PAOK,Asteras Tripolis,0,1,A,7,3,4,2,1.0549,0.4979,skott,,,,,,,,,,0.7212,0.1702,0.1086,0.6759,0.1988,0.1253,1,1.37,5.75,8.77,1.45,5,8,0.567,0.5417,0.52,-0.123,0.2333,0,9,1.3333,-0.025,-0.1098,0,0,,,-0.1073,-0.0127,,,,,,,,,,,
spelad,GR,2020/21,2021-05-19,,Giannina,Apollon,0,2,A,8,13,2,8,0.7938,2.0506,skott,,,,,,,,,,0.4313,0.3077,0.261,0.4313,0.3077,0.261,1,2.34,3.13,4,2.34,3.13,4,0.397,0.397,0.3804,-0.1787,0.4125,-1,6,0,-0.0567,-0.3161,0,0,,,0,-0.0275,,,,,,,,,,,
spelad,GR,2021/22,2021-09-11,,Panathinaikos,Apollon,4,0,H,9,10,6,6,1.4936,1.5528,skott,,,,,,,,,,0.6754,0.2101,0.1145,0.619,0.2495,0.1315,1,1.47,4.7,8.7,1.55,4.84,8.4,0.4648,0.4101,0.0577,-0.2553,-0.341,,6,2.5,0.7369,-0.1038,0,0,,,-0.1298,0.0073,,,,,,,,,,,
spelad,GR,2021/22,2021-09-11,,Panetolikos,Asteras Tripolis,0,0,D,3,5,1,1,0.3377,0.4561,skott,,,,,,,,,,0.3277,0.3056,0.3667,0.2879,0.3272,0.385,1,3.2,3.18,2.63,3.61,3.08,2.6,0.4293,0.3707,-0.3685,0.9518,-0.5361,,9,-1.3333,-0.573,0.2712,0,0,,,-0.0978,0.0144,,,,,,,,,,,
spelad,GR,2021/22,2021-09-12,,AEK,Ionikos,3,0,H,11,4,9,0,2.0924,0.2368,skott,,,,,,,,,,0.8134,0.1458,0.0408,0.8472,0.1237,0.0291,1,1.21,6.8,23.15,1.17,7.74,32.92,0.5066,0.5521,,,,,,,,,-1,0,,,0.0793,-0.0682,,,,,,,,,,,
spelad,GR,2021/22,2021-09-12,,Olympiakos,Atromitos,0,0,D,16,3,6,2,1.9079,0.4979,skott,,,,,,,,,,0.8314,0.1255,0.0431,0.8098,0.1406,0.0496,1,1.19,8,23,1.2,7.5,19.11,0.5381,0.5405,0.4774,-0.213,0.4619,,8,1.875,0.1462,-0.0803,0,0,,,-0.0495,-0.0298,,,,,,,,,,,
spelad,GR,2021/22,2021-09-12,,PAOK,Giannina,0,1,A,9,3,2,1,0.853,0.3377,skott,,,,,,,,,,0.8074,0.1442,0.0483,0.7994,0.1493,0.0513,1,1.23,7,21,1.23,6.75,21,0.504,0.5066,0.6633,-0.8848,0.5293,,6,3,0.6928,-0.1854,0,0,,,-0.019,-0.0251,,,,,,,,,,,
spelad,GR,2021/22,2021-09-12,,Volos NFC,Lamia,2,1,H,9,11,6,4,1.4936,1.2917,skott,,,,,,,,,,0.4824,0.2897,0.2279,0.4202,0.3303,0.2495,1,2.11,3.3,4.5,2.38,3.15,3.94,0.3865,0.3558,0.0201,-0.2073,0.022,,6,0.5,0.2266,0.144,0,0,,,-0.146,-0.014,,,,,,,,,,,
spelad,GR,2021/22,2021-09-13,,Aris,OFI Crete,0,0,D,13,0,3,0,1.2499,0,skott,,,,,,,,,,0.6739,0.2052,0.121,0.6594,0.2183,0.1224,1,1.5,4.8,9,1.5,4.35,9.5,0.4444,0.4356,-1.0402,1.1949,-0.7522,,8,1.875,0.6732,-0.1371,0,0,,,-0.0303,-0.0263,,,,,,,,,,,
spelad,GR,2021/22,2021-09-17,,Ionikos,Aris,1,0,H,1,8,1,1,0.2193,0.6337,skott,,,,,,,,,,0.1871,0.2767,0.5362,0.1976,0.2808,0.5216,1,5.1,3.52,1.85,5.1,3.5,1.85,0.3925,0.402,,,,1,,,,,1,0,,,0.0356,-0.0004,,,,,,,,,,,
spelad,GR,2021/22,2021-09-18,,Giannina,Panathinaikos,1,0,H,2,12,1,4,0.2785,1.3509,skott,,,,,,,,,,0.2851,0.2808,0.4341,0.3111,0.3204,0.3685,1,3.4,3.42,2.3,3.41,3.23,2.66,0.402,0.3846,-0.3451,1.0318,-0.0604,-1,6,0,0.4855,-0.3059,0,0,,,0.1177,-0.0207,,,,,,,,,,,
spelad,GR,2021/22,2021-09-19,,Apollon,Volos NFC,1,3,A,7,5,3,4,0.8948,0.9365,skott,,,,,,,,,,0.4323,0.2843,0.2834,0.3891,0.3278,0.2832,1,2.3,3.37,3.4,2.5,3.2,3.46,0.4046,0.389,-1.1967,1.6826,-0.7453,1,3,-1,-0.8474,0.3503,0,0,,,-0.0861,0.0035,,,,,,,,,,,
spelad,GR,2021/22,2021-09-19,,Asteras Tripolis,PAOK,0,1,A,15,6,8,4,2.169,0.9957,skott,,,,,,,,,,0.2926,0.2764,0.431,0.2549,0.2879,0.4573,1,3.6,3.47,2.23,3.86,3.41,2.2,0.4567,0.4519,-0.084,-0.0047,0.3377,1,10,-0.9,0.3639,-0.1187,0,0,,,-0.1019,0.0438,,,,,,,,,,,
spelad,GR,2021/22,2021-09-19,,Atromitos,Panetolikos,1,2,A,9,14,4,9,1.1733,2.27,skott,,,,,,,,,,0.543,0.2533,0.2036,0.5411,0.2785,0.1804,1,1.79,3.78,5.5,1.84,3.75,5.36,0.4465,0.4256,0.1928,-0.8875,0.2162,-1,10,1.2,0.3192,0.0971,0,0,,,0.0195,-0.0476,,,,,,,,,,,
spelad,GR,2021/22,2021-09-19,,Lamia,Olympiakos,1,2,A,12,6,4,2,1.3509,0.6754,skott,,,,,,,,,,0.0758,0.1688,0.7554,0.1292,0.2188,0.652,1,14.06,6.25,1.27,8,4.6,1.47,0.5486,0.5091,0.1117,-0.2569,0.2344,0,8,-3,-0.3307,-0.14,0,0,,,0.21,0.006,,,,,,,,,,,
spelad,GR,2021/22,2021-09-19,,OFI Crete,AEK,3,3,D,8,11,3,4,0.954,1.2917,skott,,,,,,,,,,0.1959,0.2466,0.5575,0.1935,0.2643,0.5421,1,5.25,3.89,1.77,5.5,3.94,1.79,0.4947,0.4818,0.7425,-0.7591,0.5117,-1,8,-2.25,-0.3002,-0.2223,0,0,,,0.0107,-0.0033,,,,,,,,,,,
spelad,GR,2021/22,2021-09-22,,AEK,Lamia,1,0,H,14,3,9,1,2.27,0.3377,skott,,,,,,,,,,0.7796,0.1505,0.0699,0.7435,0.1772,0.0793,1,1.29,6.5,14,1.33,5.5,12,0.5302,0.483,-0.0566,-0.1326,-0.3913,0,8,2.25,0.2435,0.0379,0,0,,,-0.0817,-0.052,,,,,,,,,,,
spelad,GR,2021/22,2021-09-22,,Aris,Panathinaikos,1,0,H,5,4,2,3,0.6163,0.7172,skott,,,,,,,,,,0.4506,0.2727,0.2767,0.4877,0.3063,0.206,1,2.23,3.51,3.8,2.1,3.25,4.8,0.4352,0.3549,-0.6685,0.9934,-0.5988,1,10,-0.3,-0.178,-0.001,0,0,,,0.1448,-0.0371,,,,,,,,,,,
spelad,GR,2021/22,2021-09-22,,OFI Crete,Asteras Tripolis,0,0,D,6,6,2,2,0.6754,0.6754,skott,,,,,,,,,,0.3729,0.2924,0.3347,0.3715,0.3132,0.3153,1,2.57,3.3,2.9,2.7,3.24,3.14,0.4264,0.4101,0.7748,-0.696,0.259,0,6,-1.5,-0.6528,-0.1153,0,0,,,0.0166,-0.0179,,,,,,,,,,,
spelad,GR,2021/22,2021-09-22,,Olympiakos,Apollon,4,1,H,14,3,9,2,2.27,0.4979,skott,,,,,,,,,,0.8328,0.1133,0.0539,0.8135,0.1298,0.0567,1,1.16,9,21,1.22,8.1,19,0.6554,0.601,1.3576,-1.5633,0.7537,0,6,2,-0.0299,-0.1384,0,0,,,-0.0415,-0.0323,,,,,,,,,,,
spelad,GR,2021/22,2021-09-22,,Panetolikos,PAOK,1,2,A,10,7,4,6,1.2325,1.3752,skott,,,,,,,,,,0.118,0.2288,0.6531,0.1399,0.2673,0.5928,1,8.3,4.33,1.5,7,3.88,1.65,0.4593,0.4282,0.0153,0.3223,0.4453,0,8,-3,-0.4197,-0.1729,0,0,,,0.1042,0.0248,,,,,,,,,,,
spelad,GR,2021/22,2021-09-23,,Ionikos,Giannina,0,0,D,10,6,1,5,0.7521,1.1559,skott,,,,,,,,,,0.3658,0.3086,0.3256,0.3861,0.3372,0.2767,1,2.75,3.1,2.95,2.5,3.03,3.53,0.3577,0.3492,,,,1,,,,,1,0,,,0.0894,-0.0061,,,,,,,,,,,
spelad,GR,2021/22,2021-09-23,,Volos NFC,Atromitos,3,0,H,11,4,4,0,1.2917,0.2368,skott,,,,,,,,,,0.3636,0.285,0.3515,0.469,0.2806,0.2505,1,2.62,3.4,2.87,2.2,3.42,4.18,0.4465,0.4293,0.6319,-0.5732,0.7,0,6,-0.5,0.1504,-0.1126,0,0,,,0.3118,-0.0157,,,,,,,,,,,
spelad,GR,2021/22,2021-09-26,,Asteras Tripolis,Olympiakos,0,2,A,7,8,2,4,0.7346,1.1141,skott,,,,,,,,,,0.1737,0.2443,0.5821,0.1812,0.2668,0.552,1,5.75,4,1.66,5.8,3.75,1.73,0.4413,0.397,-0.5881,0.5537,-0.1488,0,10,-2.1,-0.2558,0.0978,0,0,,,0.0452,-0.0291,,,,,,,,,,,
spelad,GR,2021/22,2021-09-26,,Lamia,Panetolikos,2,2,D,5,12,5,4,1.0967,1.3509,skott,,,,,,,,,,0.3796,0.3284,0.292,0.4289,0.322,0.2491,1,2.55,3.2,3.27,2.43,3.1,3.89,0.3719,0.3412,-0.2373,-0.1862,-0.1405,0,10,0,-0.113,0.2698,0,0,,,0.1415,-0.0228,,,,,,,,,,,
spelad,GR,2021/22,2021-09-26,,Panathinaikos,Volos NFC,5,1,H,12,11,10,6,2.3117,1.612,skott,,,,,,,,,,0.6069,0.2278,0.1653,0.5669,0.2467,0.1864,1,1.63,4.2,6.5,1.75,4.15,6,0.4427,0.4545,-1.3152,1.2423,-1.2292,1,4,1.5,0.0393,0.2474,0,0,,,-0.1011,-0.0277,,,,,,,,,,,
spelad,GR,2021/22,2021-09-26,,PAOK,AEK,2,0,H,9,5,4,3,1.1733,0.7764,skott,,,,,,,,,,0.4153,0.2878,0.2968,0.4392,0.2919,0.2689,1,2.31,3.32,3.4,2.38,3.4,3.66,0.419,0.4344,0.2921,-0.3934,-0.0088,0,12,0.25,-0.1026,0.1222,0,0,,,0.0756,-0.0383,,,,,,,,,,,
spelad,GR,2021/22,2021-09-27,,Apollon,Ionikos,0,0,D,14,5,5,2,1.6294,0.6163,skott,,,,,,,,,,0.3937,0.3061,0.3002,0.3913,0.3217,0.287,1,2.45,3.2,3.19,2.5,3.25,3.34,0.3806,0.3683,,,,1,,,,,-1,0,,,0.0084,-0.0028,,,,,,,,,,,
spelad,GR,2021/22,2021-09-27,,Atromitos,Aris,1,3,A,10,5,4,3,1.2325,0.7764,skott,,,,,,,,,,0.3027,0.2906,0.4066,0.25,0.3408,0.4092,1,3.18,3.3,2.43,3.83,3.01,2.35,0.401,0.3129,0.6284,-0.7116,0.5047,-1,6,1,0.6916,0.0379,0,0,,,-0.108,0.0184,,,,,,,,,,,
spelad,GR,2021/22,2021-09-27,,Giannina,OFI Crete,1,1,D,13,7,3,6,1.2499,1.3752,skott,,,,,,,,,,0.3776,0.3107,0.3117,0.42,0.3109,0.269,1,2.53,3.2,3.15,2.6,3.2,3.9,0.3781,0.3428,-0.5183,0.8498,-0.3374,-1,5,-1.2,-0.5069,-0.1068,0,0,,,0.1277,-0.0418,,,,,,,,,,,
spelad,GR,2021/22,2021-10-02,,Aris,Apollon,0,0,D,9,2,3,2,1.0132,0.4387,skott,,,,,,,,,,0.7059,0.1878,0.1063,0.6363,0.2435,0.1202,1,1.43,5.2,9.2,1.53,4.33,9,0.4777,0.4571,0.6146,-1.071,0.1386,0,4,3,1.0885,-0.2574,0,0,,,-0.1531,-0.0118,,,,,,,,,,,
spelad,GR,2021/22,2021-10-02,,Volos NFC,Asteras Tripolis,2,1,H,6,12,5,7,1.1559,1.8313,skott,,,,,,,,,,0.3484,0.3337,0.318,0.3511,0.3283,0.3206,1,2.8,3.2,3.01,2.88,3.13,3,0.3815,0.3768,0.7148,-0.682,0.4506,0,5,-1.8,-0.5789,0.1254,0,0,,,0.0029,-0.0128,,,,,,,,,,,
spelad,GR,2021/22,2021-10-03,,Atromitos,Giannina,1,1,D,7,5,2,3,0.7346,0.7764,skott,,,,,,,,,,0.3837,0.3067,0.3097,0.404,0.3059,0.2901,1,2.51,3.25,3.25,2.42,3.14,3.7,0.4289,0.3802,0.0804,-0.1532,0.0041,0,7,0.4286,0.0886,-0.0226,0,0,,,0.0602,0.0209,,,,,,,,,,,
spelad,GR,2021/22,2021-10-03,,Ionikos,Lamia,1,2,A,11,7,5,5,1.4518,1.2151,skott,,,,,,,,,,0.3708,0.324,0.3052,0.3572,0.3407,0.302,1,2.56,3.13,3.25,2.7,3,3.27,0.3518,0.3492,,,,-1,,,,,1,0,,,-0.0239,-0.0036,,,,,,,,,,,
spelad,GR,2021/22,2021-10-03,,OFI Crete,PAOK,1,3,A,8,12,3,7,0.954,1.8313,skott,,,,,,,,,,0.1704,0.2776,0.552,0.1235,0.2325,0.644,1,5.71,3.59,1.75,8.5,4.13,1.54,0.4046,0.4381,-0.2282,0.0244,0.0767,-1,8,-2.625,-0.4126,-0.0654,0,0,,,-0.1859,0.0324,,,,,,,,,,,
spelad,GR,2021/22,2021-10-03,,Olympiakos,Panathinaikos,0,0,D,14,3,3,1,1.3091,0.3377,skott,,,,,,,,,,0.6658,0.2082,0.126,0.6744,0.2166,0.109,1,1.5,4.6,8.5,1.47,5,10,0.4593,0.4961,0.8926,-0.3807,0.6402,0,11,0.8182,-0.3261,0.1256,0,0,,,0.0341,-0.007,,,,,,,,,,,
spelad,GR,2021/22,2021-10-03,,Panetolikos,AEK,1,3,A,17,7,9,5,2.4476,1.2151,skott,,,,,,,,,,0.1616,0.2523,0.5861,0.181,0.2831,0.5359,1,6,4,1.64,5.4,3.72,1.8,0.4555,0.433,0.2478,-0.0903,0.5652,0,8,-2.25,-0.1943,-0.2195,0,0,,,0.0891,0.0188,,,,,,,,,,,
spelad,GR,2021/22,2021-10-16,,Apollon,Asteras Tripolis,0,1,A,8,10,2,4,0.7938,1.2325,skott,,,,,,,,,,0.3267,0.2989,0.3745,0.2652,0.3256,0.4091,1,3,3.2,2.56,3.65,3.1,2.4,0.3772,0.3541,-0.1511,0.551,-0.1715,0,6,-2.5,-0.6999,-0.103,0,0,,,-0.1576,0.0283,,,,,,,,,,,
spelad,GR,2021/22,2021-10-16,,Panathinaikos,Ionikos,4,1,H,11,3,7,2,1.7721,0.4979,skott,,,,,,,,,,0.6533,0.2119,0.1348,0.6747,0.2114,0.1139,1,1.5,4.44,7.6,1.47,4.58,8.8,0.4921,0.487,-0.4014,-0.348,-0.1827,0,,,,,-1,0,,,0.0636,-0.0416,,,,,,,,,,,
spelad,GR,2021/22,2021-10-17,,AEK,Atromitos,3,0,H,10,9,4,3,1.2325,1.0132,skott,,,,,,,,,,0.7192,0.1768,0.104,0.7101,0.1907,0.0992,1,1.37,5.5,9.5,1.38,5.5,12,0.5509,0.5247,0.3175,-0.3524,0.1996,0,8,0.375,-0.3059,-0.1409,0,0,,,-0.0135,-0.0127,,,,,,,,,,,
spelad,GR,2021/22,2021-10-17,,Giannina,Olympiakos,1,2,A,7,11,1,7,0.5745,1.7721,skott,,,,,,,,,,0.1247,0.2231,0.6522,0.116,0.2479,0.6362,1,8,4.41,1.47,8.5,4.25,1.5,0.4856,0.4127,-0.3584,0.5605,-0.1822,0,6,-1.5,0.1761,-0.0098,0,0,,,-0.0015,0.0036,,,,,,,,,,,
spelad,GR,2021/22,2021-10-17,,Panetolikos,OFI Crete,1,2,A,11,13,4,8,1.2917,2.0506,skott,,,,,,,,,,0.3719,0.3109,0.3172,0.4272,0.3148,0.258,1,2.55,3.3,3.1,2.35,3.2,3.85,0.4275,0.3995,-0.6235,1.0619,-0.1073,0,7,0.4286,0.4828,-0.0094,0,0,,,0.1699,-0.034,,,,,,,,,,,
spelad,GR,2021/22,2021-10-17,,PAOK,Volos NFC,4,4,D,12,9,11,6,2.4719,1.4936,skott,,,,,,,,,,0.7171,0.1743,0.1086,0.7315,0.1683,0.1002,1,1.38,5.5,9.5,1.31,6,13,0.5445,0.5718,-0.3276,0.1165,-0.722,-1,4,2.25,0.0046,0.1045,0,0,,,0.0372,0.0252,,,,,,,,,,,
spelad,GR,2021/22,2021-10-18,,Lamia,Aris,0,1,A,5,11,3,6,0.7764,1.612,skott,,,,,,,,,,0.2396,0.3033,0.4571,0.2745,0.3161,0.4094,1,4,3.3,2.13,3.85,3.03,2.52,0.3652,0.3218,0.1013,-0.1433,0.4219,-1,6,-1,0.0536,0.0498,0,0,,,0.1176,-0.0011,,,,,,,,,,,
spelad,GR,2021/22,2021-10-23,,Apollon,Giannina,1,0,H,5,6,1,1,0.4561,0.5153,skott,,,,,,,,,,0.3204,0.327,0.3526,0.4007,0.328,0.2713,1,3,3.01,2.7,2.55,2.98,3.6,0.3559,0.3492,-0.7851,1.1308,-0.3945,1,7,0.4286,0.5923,-0.3149,0,0,,,0.2419,-0.0117,,,,,,,,,,,
spelad,GR,2021/22,2021-10-23,,Asteras Tripolis,Panathinaikos,2,1,H,8,8,4,3,1.1141,0.954,skott,,,,,,,,,,0.3434,0.2962,0.3604,0.3422,0.3374,0.3204,1,2.84,3.3,2.63,2.8,3.05,3.05,0.4275,0.3341,-0.3417,1.2472,-0.0417,0,10,0,0.1056,0.2938,0,0,,,0.0375,0.0133,,,,,,,,,,,
spelad,GR,2021/22,2021-10-23,,Atromitos,Ionikos,0,2,A,11,6,4,4,1.2917,0.9957,skott,,,,,,,,,,0.5309,0.2685,0.2006,0.5602,0.2793,0.1606,1,1.83,3.62,4.8,1.75,3.8,6.09,0.4413,0.4256,-0.1524,0.1744,-0.0327,-1,,,,,-1,0,,,0.0986,-0.0184,,,,,,,,,,,
spelad,GR,2021/22,2021-10-24,,Aris,Panetolikos,5,1,H,15,7,12,3,2.8096,0.8948,skott,,,,,,,,,,0.6544,0.2186,0.127,0.6576,0.227,0.1154,1,1.51,4.35,8,1.48,4.45,8.5,0.4364,0.4209,0.6262,-0.6867,0.1947,-1,6,0.5,-0.2919,-0.083,0,0,,,0.0179,-0.0267,,,,,,,,,,,
spelad,GR,2021/22,2021-10-24,,OFI Crete,Lamia,0,0,D,9,6,3,3,1.0132,0.8356,skott,,,,,,,,,,0.3934,0.3149,0.2917,0.4357,0.3024,0.2619,1,2.5,3.21,3.25,2.25,3.31,3.75,0.3985,0.4066,0.4424,-0.4492,0.3145,1,7,0.8571,0.1935,-0.1531,0,0,,,0.1145,-0.0231,,,,,,,,,,,
spelad,GR,2021/22,2021-10-24,,Olympiakos,PAOK,2,1,H,9,4,4,2,1.1733,0.5571,skott,,,,,,,,,,0.4888,0.2401,0.2711,0.5664,0.2517,0.1819,1,2.01,4,4.2,1.77,3.81,5.4,0.5079,0.4635,0.3658,-0.2245,0.6358,0,12,0.5,0.1661,-0.1145,0,0,,,0.2442,-0.0406,,,,,,,,,,,
spelad,GR,2021/22,2021-10-24,,Volos NFC,AEK,1,3,A,11,10,6,6,1.612,1.5528,skott,,,,,,,,,,0.2168,0.2317,0.5515,0.2156,0.2449,0.5396,1,4.75,4.07,1.8,4.43,4,1.8,0.5288,0.5619,0.4473,-0.1564,0.8405,0,4,-0.75,0.3738,0.0273,0,0,,,0.0095,0.0217,,,,,,,,,,,
spelad,GR,2021/22,2021-10-30,,Panetolikos,Olympiakos,1,2,A,4,15,2,8,0.5571,2.169,skott,,,,,,,,,,0.1263,0.2151,0.6587,0.0989,0.192,0.7091,1,8.5,4.55,1.46,9.96,5.2,1.42,0.5,0.5365,-1.1942,1.4297,-0.5111,0,8,-3,-0.413,-0.1602,0,0,,,-0.1052,0.0396,,,,,,,,,,,
spelad,GR,2021/22,2021-10-30,,PAOK,Apollon,4,1,H,12,2,8,2,1.9914,0.4387,skott,,,,,,,,,,0.8017,0.1303,0.068,0.8053,0.1373,0.0574,1,1.23,7.5,15,1.21,7.5,18.5,0.5959,0.5795,0.4056,-0.9706,-0.2667,-1,6,2,-0.0958,0.1711,0,0,,,0.0176,-0.0334,,,,,,,,,,,
spelad,GR,2021/22,2021-10-31,,AEK,Aris,2,1,H,5,17,3,9,0.7764,2.4476,skott,,,,,,,,,,0.5031,0.2679,0.229,0.5006,0.2821,0.2173,1,1.91,3.54,4.5,2,3.46,4.47,0.4491,0.4127,0.3453,-0.4171,0.0923,0,10,0.9,0.0838,0.0148,0,0,,,0.0068,-0.0339,,,,,,,,,,,
spelad,GR,2021/22,2021-10-31,,Giannina,Asteras Tripolis,1,1,D,15,9,7,3,2.0089,1.0132,skott,,,,,,,,,,0.3473,0.3258,0.3269,0.356,0.3457,0.2983,1,2.75,3.1,2.9,2.7,3.1,3.21,0.3469,0.3166,0.1949,-0.5365,-0.1781,0,6,0.5,0.31,0.1942,0,0,,,0.046,-0.0063,,,,,,,,,,,
spelad,GR,2021/22,2021-10-31,,Lamia,Atromitos,2,2,D,7,9,3,5,0.8948,1.3334,skott,,,,,,,,,,0.3868,0.318,0.2952,0.4024,0.3247,0.2729,1,2.45,3.13,3.25,2.45,3.09,3.54,0.3676,0.3599,0.4009,-1.0614,0.598,-1,10,-0.6,-0.1168,0.2811,0,0,,,0.0536,-0.0151,,,,,,,,,,,
spelad,GR,2021/22,2021-10-31,,Panathinaikos,OFI Crete,0,0,D,8,6,3,2,0.954,0.6754,skott,,,,,,,,,,0.586,0.237,0.177,0.6383,0.2281,0.1336,1,1.68,3.98,6.5,1.55,4.45,7.5,0.4646,0.4753,-0.1572,-0.3975,-0.1428,1,8,-0.375,-0.5336,0.0964,0,0,,,0.1481,-0.0334,,,,,,,,,,,
spelad,GR,2021/22,2021-11-01,,Ionikos,Volos NFC,1,1,D,10,11,5,6,1.3926,1.612,skott,,,,,,,,,,0.3594,0.2956,0.345,0.3372,0.3171,0.3457,1,2.64,3.3,2.9,2.84,3.34,2.8,0.4375,0.4137,-0.0511,0.0388,-0.3038,1,,,,,1,0,,,-0.0451,0.0088,,,,,,,,,,,
spelad,GR,2021/22,2021-11-06,,Apollon,AEK,2,2,D,5,17,4,7,0.9365,2.1273,skott,,,,,,,,,,0.1059,0.2275,0.6665,0.1218,0.243,0.6351,1,9.1,4.4,1.48,7.82,4.25,1.55,0.4881,0.4844,-1.3442,2.206,-0.6972,1,6,-2.5,-0.3137,-0.0209,0,0,,,0.0631,0.0541,,,,,,,,,,,
spelad,GR,2021/22,2021-11-06,,Giannina,Panetolikos,3,0,H,11,9,6,4,1.612,1.1733,skott,,,,,,,,,,0.5158,0.2697,0.2145,0.5108,0.2868,0.2024,1,1.9,3.6,4.75,2.05,3.55,5,0.4128,0.4209,0.6648,-0.9308,0.4536,-1,7,-1.2857,-0.7394,-0.0304,0,0,,,0.0022,-0.0342,,,,,,,,,,,
spelad,GR,2021/22,2021-11-06,,OFI Crete,Atromitos,2,0,H,11,11,6,6,1.612,1.612,skott,,,,,,,,,,0.4369,0.2953,0.2678,0.4198,0.3068,0.2735,1,2.19,3.4,3.75,2.38,3.3,3.53,0.4128,0.4184,0.7188,-1.1312,0.9397,0,7,0.4286,0.0409,0.2645,0,0,,,-0.0398,-0.0157,,,,,,,,,,,
spelad,GR,2021/22,2021-11-07,,Asteras Tripolis,Lamia,0,1,A,11,3,5,1,1.4518,0.3377,skott,,,,,,,,,,0.5245,0.2721,0.2035,0.5216,0.2993,0.1791,1,1.85,3.53,5.1,2,3.4,5.33,0.3695,0.3683,0.0252,0.449,0.208,0,9,-0.3333,-0.7257,0.3662,0,0,,,0.0187,-0.0407,,,,,,,,,,,
spelad,GR,2021/22,2021-11-07,,Olympiakos,Ionikos,1,0,H,11,6,5,2,1.4518,0.6754,skott,,,,,,,,,,0.8468,0.1074,0.0458,0.8515,0.107,0.0415,1,1.19,9.2,21,1.17,10,26,0.5703,0.6144,0.28,-0.0596,0.1142,2,,,,,-1,0,,,0.0136,-0.0328,,,,,,,,,,,
spelad,GR,2021/22,2021-11-07,,Panathinaikos,PAOK,1,3,A,9,12,4,7,1.1733,1.8313,skott,,,,,,,,,,0.321,0.2794,0.3996,0.3438,0.3208,0.3354,1,2.99,3.41,2.5,2.79,3.21,2.89,0.4529,0.4209,-0.5767,-0.1798,-0.2356,-1,12,-0.5,0.2747,0.0723,0,0,,,0.1097,0.005,,,,,,,,,,,
spelad,GR,2021/22,2021-11-07,,Volos NFC,Aris,1,2,A,10,15,5,6,1.3926,1.8488,skott,,,,,,,,,,0.2971,0.2962,0.4067,0.2749,0.2882,0.4369,1,3.4,3.42,2.35,3.61,3.47,2.25,0.4439,0.4496,0.5125,-0.235,0.6065,-1,4,-1.5,-0.0612,-0.2539,0,0,,,-0.0744,0.0192,,,,,,,,,,,
spelad,GR,2021/22,2021-11-20,,Aris,Giannina,0,5,A,10,8,6,6,1.5528,1.4344,skott,,,,,,,,,,0.6046,0.2556,0.1397,0.6111,0.2708,0.1181,1,1.6,3.83,7.5,1.6,3.83,8.07,0.3825,0.3871,0.274,0.0957,0.3158,-1,4,0,-0.4164,0.1954,0,0,,,0.0345,-0.041,,,,,,,,,,,
spelad,GR,2021/22,2021-11-20,,Ionikos,Asteras Tripolis,1,1,D,5,6,3,6,0.7764,1.316,skott,,,,,,,,,,0.2982,0.2982,0.4036,0.2691,0.3398,0.3911,1,3.4,3.23,2.48,3.58,3.1,2.45,0.361,0.3264,0.7164,-0.9184,0.4494,0,,,,,1,0,,,-0.0457,0.0166,,,,,,,,,,,
spelad,GR,2021/22,2021-11-20,,Volos NFC,OFI Crete,0,2,A,10,14,5,7,1.3926,1.9497,skott,,,,,,,,,,0.4252,0.2926,0.2822,0.4107,0.2865,0.3028,1,2.3,3.38,3.5,2.44,3.38,3.25,0.4529,0.4818,0.007,0.1247,0.0008,-1,5,1.2,0.8391,-0.0896,0,0,,,-0.0496,-0.021,,,,,,,,,,,
spelad,GR,2021/22,2021-11-21,,AEK,Olympiakos,2,3,A,13,11,6,8,1.7304,1.9323,skott,,,,,,,,,,0.3173,0.2774,0.4054,0.2958,0.3033,0.401,1,3.25,3.46,2.38,3.3,3.22,2.54,0.4856,0.4381,-0.1077,-0.4162,-0.3011,1,12,-1.25,-0.2763,-0.0347,0,0,,,-0.0385,0.0145,,,,,,,,,,,
spelad,GR,2021/22,2021-11-21,,Atromitos,PAOK,2,0,H,6,11,3,4,0.8356,1.2917,skott,,,,,,,,,,0.1317,0.2399,0.6285,0.1473,0.2465,0.6061,1,7.3,4.15,1.58,6.5,4.03,1.68,0.4934,0.4545,-1.7825,2.3702,-1.5927,1,8,-1.5,0.0285,0.0266,0,0,,,0.0536,0.0557,,,,,,,,,,,
spelad,GR,2021/22,2021-11-21,,Panetolikos,Apollon,1,0,H,8,3,5,0,1.2743,0.1776,skott,,,,,,,,,,0.3735,0.3425,0.284,0.4491,0.321,0.2299,1,2.6,3.13,3.37,2.2,3.1,4.16,0.3762,0.375,-0.4954,0.6666,-0.1863,0,7,0,-0.1292,-0.1596,0,0,,,0.2053,-0.0348,,,,,,,,,,,
spelad,GR,2021/22,2021-11-22,,Lamia,Panathinaikos,1,3,A,5,9,3,7,0.7764,1.6537,skott,,,,,,,,,,0.241,0.2969,0.4621,0.173,0.2495,0.5776,1,4,3.4,2.08,6.33,3.9,1.83,0.3825,0.3759,0.6197,-0.3688,0.5497,0,8,-1.125,-0.1296,0.0899,0,0,,,-0.2516,-0.0011,,,,,,,,,,,
spelad,GR,2021/22,2021-11-27,,Apollon,Lamia,0,0,D,9,5,4,1,1.1733,0.4561,skott,,,,,,,,,,0.3563,0.3169,0.3268,0.4007,0.3325,0.2668,1,2.69,3.22,2.95,2.66,2.92,3.89,0.4165,0.3009,-0.3814,0.6494,-0.1681,1,7,-2.1429,-0.9445,-0.0719,0,0,,,0.1489,-0.0352,,,,,,,,,,,
spelad,GR,2021/22,2021-11-27,,Asteras Tripolis,Atromitos,6,2,H,10,7,7,5,1.7129,1.2151,skott,,,,,,,,,,0.5185,0.2958,0.1857,0.4891,0.3127,0.1983,1,1.87,3.56,5.1,2,3.36,4.9,0.4352,0.3925,0.2796,-0.7332,0.2691,1,9,-0.6667,-0.3692,0.0124,0,0,,,-0.0713,-0.0175,,,,,,,,,,,
spelad,GR,2021/22,2021-11-27,,Giannina,AEK,1,2,A,9,16,3,6,1.0132,1.9079,skott,,,,,,,,,,0.2228,0.2722,0.5051,0.2628,0.2773,0.4599,1,4.6,3.6,1.91,3.75,3.55,2.14,0.4427,0.4766,-0.7661,0.0896,-0.1007,1,6,-1.5,-0.0297,-0.0838,0,0,,,0.1253,0.0058,,,,,,,,,,,
spelad,GR,2021/22,2021-11-28,,OFI Crete,Ionikos,2,1,H,8,12,4,6,1.1141,1.6712,skott,,,,,,,,,,0.5425,0.26,0.1975,0.5225,0.2863,0.1912,1,1.85,3.7,5,1.84,3.64,5.5,0.4071,0.397,0.3393,-0.1564,0.6095,0,,,,,0,0,,,-0.0338,0.0147,,,,,,,,,,,
spelad,GR,2021/22,2021-11-28,,Olympiakos,Volos NFC,2,1,H,8,8,4,1,1.1141,0.6337,skott,,,,,,,,,,0.8171,0.1224,0.0605,0.7984,0.1369,0.0647,1,1.21,7.68,17,1.21,7.27,16,0.6096,0.6247,0.9876,-0.68,0.7368,-1,4,2.25,-0.0455,0.115,0,0,,,-0.0416,-0.0139,,,,,,,,,,,
spelad,GR,2021/22,2021-11-28,,Panathinaikos,Panetolikos,2,0,H,8,2,4,1,1.1141,0.2785,skott,,,,,,,,,,0.6729,0.2052,0.1219,0.6807,0.209,0.1103,1,1.5,4.75,8,1.47,4.75,9.16,0.4934,0.5234,0.6561,-1.5344,0.297,-1,8,0.75,-0.1461,-0.0181,0,0,,,0.0272,-0.0456,,,,,,,,,,,
spelad,GR,2021/22,2021-11-28,,PAOK,Aris,0,1,A,5,9,5,5,1.0967,1.3334,skott,,,,,,,,,,0.5081,0.2597,0.2322,0.5494,0.2671,0.1835,1,1.9,3.94,4.33,1.76,3.9,5.75,0.4581,0.4308,0.0172,-0.571,-0.1318,-1,10,0.6,-0.2879,0.1385,0,0,,,0.1313,0.0126,,,,,,,,,,,
spelad,GR,2021/22,2021-12-04,,Atromitos,Apollon,4,1,H,14,7,8,4,2.1098,1.0549,skott,,,,,,,,,,0.4842,0.2827,0.2331,0.4622,0.3067,0.2311,1,2.05,3.43,5,2.11,3.27,4.7,0.4046,0.3768,-0.5388,1.2697,-0.3386,0,7,0.4286,-0.3244,0.2873,0,0,,,-0.0419,0.0059,,,,,,,,,,,
spelad,GR,2021/22,2021-12-04,,OFI Crete,Olympiakos,1,3,A,9,12,5,8,1.3334,1.9914,skott,,,,,,,,,,0.1414,0.2214,0.6372,0.1351,0.2581,0.6067,1,7.5,4.4,1.5,7.05,4.05,1.6,0.5,0.4766,-0.2962,-0.2912,0.0783,0,8,-2.25,-0.0498,-0.1596,0,0,,,0.0179,0.0387,,,,,,,,,,,
spelad,GR,2021/22,2021-12-04,,Volos NFC,Panetolikos,1,2,A,13,7,8,4,2.0506,1.0549,skott,,,,,,,,,,0.4888,0.285,0.2262,0.5741,0.2488,0.1771,1,2,3.6,4.33,1.83,3.83,5.5,0.4686,0.4961,0.1926,-0.449,0.0989,0,6,0,0.111,0.0396,0,0,,,0.2197,-0.0791,,,,,,,,,,,
spelad,GR,2021/22,2021-12-05,,AEK,Panathinaikos,1,0,H,9,9,7,4,1.6537,1.1733,skott,,,,,,,,,,0.5077,0.2631,0.2292,0.5321,0.2851,0.1828,1,1.96,3.68,5,1.93,3.58,5.22,0.4289,0.4319,0.5016,-0.1791,0.225,1,12,0.5,-0.2495,0.2121,0,0,,,0.0951,-0.0494,,,,,,,,,,,
spelad,GR,2021/22,2021-12-05,,Aris,Asteras Tripolis,1,0,H,8,7,6,4,1.4344,1.0549,skott,,,,,,,,,,0.5434,0.2641,0.1926,0.5569,0.2877,0.1554,1,1.79,3.65,5.75,1.76,3.54,6.2,0.4082,0.3793,0.4009,0.2876,0.437,-1,8,1.5,0.5018,-0.0415,0,0,,,0.0643,-0.0349,,,,,,,,,,,
spelad,GR,2021/22,2021-12-05,,Ionikos,PAOK,3,2,H,9,7,7,4,1.6537,1.0549,skott,,,,,,,,,,0.1504,0.2334,0.6162,0.1514,0.2671,0.5815,1,7.5,4.2,1.55,6.5,4.05,1.69,0.4632,0.4308,-0.2517,0.2011,0.0397,0,,,,,0,0,,,0.0367,0.0071,,,,,,,,,,,
spelad,GR,2021/22,2021-12-06,,Lamia,Giannina,0,1,A,3,7,2,5,0.4979,1.2151,skott,,,,,,,,,,0.3437,0.3162,0.34,0.2713,0.3246,0.4041,1,2.77,3.12,2.88,3.6,3.02,2.51,0.3601,0.3452,0.4883,0.2687,0.132,0,7,0.4286,0.2301,0.2554,0,0,,,-0.2089,0.0082,,,,,,,,,,,
spelad,GR,2021/22,2021-12-11,,Asteras Tripolis,AEK,0,0,D,8,1,4,1,1.1141,0.2193,skott,,,,,,,,,,0.2667,0.2802,0.4531,0.3054,0.3016,0.393,1,3.9,3.51,2.11,3.19,3.38,2.46,0.4658,0.4319,-1.1818,1.0538,-0.5777,0,10,-1.8,-0.3239,-0.0638,0,0,,,0.1374,0.0184,,,,,,,,,,,
spelad,GR,2021/22,2021-12-11,,Giannina,Volos NFC,3,2,H,8,8,4,7,1.1141,1.5945,skott,,,,,,,,,,0.4156,0.3212,0.2632,0.558,0.2643,0.1777,1,2.3,3.3,3.65,2.03,3.61,5.5,0.4118,0.4456,0.609,-1.2606,0.7069,-2,3,-2,-1.106,0.0229,0,0,,,0.3703,-0.1285,,,,,,,,,,,
spelad,GR,2021/22,2021-12-11,,Panathinaikos,Atromitos,2,0,H,7,3,7,2,1.5353,0.4979,skott,,,,,,,,,,0.661,0.2133,0.1257,0.6104,0.2467,0.143,1,1.47,4.5,7.7,1.58,4.19,6.9,0.4816,0.4635,0.3166,-1.0723,-0.0143,-1,8,1.125,0.5177,-0.18,0,0,,,-0.1186,-0.0075,,,,,,,,,,,
spelad,GR,2021/22,2021-12-11,,Panetolikos,Ionikos,2,2,D,14,12,6,7,1.7896,1.8313,skott,,,,,,,,,,0.4161,0.2965,0.2875,0.4295,0.311,0.2596,1,2.3,3.4,3.34,2.32,3.4,3.94,0.402,0.3549,-0.1131,0.6858,-0.2939,1,,,,,0,0,,,0.0547,-0.0274,,,,,,,,,,,
spelad,GR,2021/22,2021-12-12,,Olympiakos,Aris,1,0,H,8,5,3,1,0.954,0.4561,skott,,,,,,,,,,0.673,0.1915,0.1356,0.5768,0.2704,0.1528,1,1.46,5.1,7.3,1.69,4,6.23,0.5524,0.4623,0.6657,-0.7091,0.2331,1,10,2.4,0.5852,-0.0335,0,0,,,-0.2094,-0.0225,,,,,,,,,,,
spelad,GR,2021/22,2021-12-12,,PAOK,Lamia,2,1,H,10,6,7,2,1.7129,0.6754,skott,,,,,,,,,,0.8016,0.1279,0.0705,0.6485,0.2297,0.1218,1,1.2,7.6,17,1.49,4.75,9,0.5602,0.4635,-0.6068,0.5231,-0.6643,1,8,3,0.5516,-0.1673,0,0,,,-0.3574,-0.0015,,,,,,,,,,,
spelad,GR,2021/22,2021-12-14,,Asteras Tripolis,Panetolikos,1,0,H,8,9,5,5,1.2743,1.3334,skott,,,,,,,,,,0.6102,0.2532,0.1366,0.596,0.2664,0.1376,1,1.61,4.12,7,1.7,3.75,6.93,0.4482,0.3871,-0.0002,-0.6537,0.2317,0,10,1.2,0.2234,0.3113,0,0,,,-0.0295,-0.0602,,,,,,,,,,,
spelad,GR,2021/22,2021-12-15,,Atromitos,Olympiakos,0,3,A,6,6,1,3,0.5153,0.8356,skott,,,,,,,,,,0.1308,0.2125,0.6567,0.127,0.2259,0.6471,1,8,4.8,1.44,7.77,4.51,1.52,0.5158,0.4896,-1.542,1.3173,-1.0597,1,9,-1.6667,0.0204,0.0241,0,0,,,0.0021,0.0278,,,,,,,,,,,
spelad,GR,2021/22,2021-12-15,,Giannina,PAOK,0,4,A,7,8,2,5,0.7346,1.2743,skott,,,,,,,,,,0.2295,0.2687,0.5017,0.2982,0.2927,0.4091,1,4.33,3.6,1.99,3.36,3.5,2.34,0.4439,0.4456,0.6657,-1.2139,1.0089,1,7,-2.1429,-0.0497,-0.1802,0,0,,,0.2301,-0.022,,,,,,,,,,,
spelad,GR,2021/22,2021-12-15,,Lamia,Volos NFC,2,2,D,13,9,5,5,1.5702,1.3334,skott,,,,,,,,,,0.3719,0.3099,0.3182,0.3684,0.3002,0.3314,1,2.57,3.5,3.01,2.65,3.32,2.94,0.3975,0.4444,1.0184,-1.1497,0.5268,-1,7,-0.8571,-0.4717,0.0762,0,0,,,-0.0202,-0.0144,,,,,,,,,,,
spelad,GR,2021/22,2021-12-16,,Ionikos,AEK,0,1,A,9,17,4,8,1.1733,2.2874,skott,,,,,,,,,,0.1431,0.2336,0.6234,0.1039,0.2182,0.6779,1,7,4.33,1.58,10.5,4.75,1.46,0.4686,0.4393,-0.8283,0.8917,-0.0458,0,,,,,0,0,,,-0.1327,0.006,,,,,,,,,,,
spelad,GR,2021/22,2021-12-16,,OFI Crete,Aris,1,1,D,5,4,4,3,0.9365,0.7172,skott,,,,,,,,,,0.3202,0.2881,0.3917,0.2409,0.288,0.4711,1,3.04,3.5,2.44,4.09,3.4,2.25,0.4107,0.3541,0.3289,-0.874,0.2097,7,9,-1.6667,-0.4305,-0.035,0,0,,,-0.2381,0.0363,,,,,,,,,,,
spelad,GR,2021/22,2021-12-18,,Panetolikos,Atromitos,2,1,H,8,8,6,5,1.4344,1.2743,skott,,,,,,,,,,0.3528,0.3142,0.333,0.4387,0.3136,0.2478,1,2.71,3.25,2.9,2.27,3.31,3.94,0.3975,0.395,0.2564,-0.3951,0.1974,1,11,-0.8182,-0.1803,0.063,0,0,,,0.257,-0.0203,,,,,,,,,,,
spelad,GR,2021/22,2021-12-19,,Olympiakos,Lamia,1,0,H,16,3,10,2,2.5485,0.4979,skott,,,,,,,,,,0.8334,0.1179,0.0488,0.8199,0.1312,0.0489,1,1.2,8.5,21,1.21,7.58,21.9,0.5887,0.5821,1.2005,-0.4993,1.035,0,9,3,0.5101,-0.1488,0,0,,,-0.0272,-0.046,,,,,,,,,,,
spelad,GR,2021/22,2021-12-19,,Panathinaikos,Giannina,2,0,H,7,5,4,4,1.0549,0.9365,skott,,,,,,,,,,0.5791,0.2517,0.1692,0.6099,0.2497,0.1403,1,1.7,3.86,5.7,1.66,3.83,6.8,0.4253,0.4112,-0.2783,0.2284,-0.4307,4,7,-0.4286,-0.3576,-0.308,0,0,,,0.0905,-0.079,,,,,,,,,,,
spelad,GR,2021/22,2021-12-19,,PAOK,Asteras Tripolis,3,2,H,10,7,7,3,1.7129,0.8948,skott,,,,,,,,,,0.6366,0.2141,0.1493,0.5926,0.2478,0.1596,1,1.55,4.5,7,1.67,3.92,6.06,0.4684,0.4526,-0.0409,0.0025,-0.3221,-1,11,1.0909,-0.101,-0.1341,0,0,,,-0.0981,-0.0499,,,,,,,,,,,
spelad,GR,2021/22,2021-12-20,,AEK,OFI Crete,1,2,A,13,7,6,3,1.7304,0.8948,skott,,,,,,,,,,0.6967,0.1792,0.1241,0.6952,0.1882,0.1166,1,1.42,5.4,8.5,1.41,5.2,9.6,0.5419,0.5455,0.1955,-0.0458,-0.3302,0,9,2,0.3655,-0.1159,0,0,,,0.0044,0.0006,,,,,,,,,,,
spelad,GR,2021/22,2021-12-20,,Aris,Ionikos,1,0,H,13,5,7,3,1.8905,0.7764,skott,,,,,,,,,,0.6872,0.2029,0.1099,0.6752,0.2261,0.0987,1,1.47,4.8,8.8,1.46,4.3,10.54,0.4401,0.3692,0.0818,0.7259,-0.1717,0,,,,,0,0,,,-0.0128,-0.0183,,,,,,,,,,,
spelad,GR,2021/22,2022-01-04,,Asteras Tripolis,OFI Crete,1,0,H,13,4,5,3,1.5702,0.7172,skott,,,,,,,,,,0.4985,0.3078,0.1937,0.5277,0.2921,0.1802,1,1.93,3.36,5,1.93,3.45,5.3,0.3881,0.3837,-0.9784,0.5211,-1.0106,1,7,1.2857,0.6214,-0.0007,0,0,,,0.0719,-0.0186,,,,,,,,,,,
spelad,GR,2021/22,2022-01-04,,Giannina,Ionikos,1,0,H,9,5,5,1,1.3334,0.4561,skott,,,,,,,,,,0.5363,0.2901,0.1736,0.4879,0.3055,0.2065,1,1.83,3.54,5.5,1.97,3.4,4.75,0.396,0.397,0.6688,-0.4293,0.3967,1,,,,,0,0,,,-0.1297,-0.0139,,,,,,,,,,,
spelad,GR,2021/22,2022-01-05,,Apollon,Olympiakos,0,0,D,4,18,2,14,0.5571,3.3075,skott,,,,,,,,,,0.0798,0.1812,0.739,0.0595,0.1616,0.7789,1,13,5.4,1.33,18,6.5,1.25,0.5132,0.4791,-1.2349,0.769,-0.9828,,7,-2.1429,0.1014,-0.1372,0,0,,,-0.0806,0.0132,,,,,,,,,,,
spelad,GR,2021/22,2022-01-05,,Lamia,AEK,0,2,A,6,11,2,5,0.6754,1.4518,skott,,,,,,,,,,0.1603,0.2406,0.5992,0.1917,0.2852,0.5231,1,7,4,1.61,5.1,3.56,1.88,0.4529,0.4209,-0.276,-0.308,-0.1274,1,9,-2.3333,-0.2962,0.014,0,0,,,0.1389,0.0217,,,,,,,,,,,
spelad,GR,2021/22,2022-01-05,,Panathinaikos,Aris,2,0,H,11,2,6,1,1.612,0.2785,skott,,,,,,,,,,0.4405,0.3095,0.2499,0.4184,0.3327,0.2489,1,2.2,3.25,3.82,2.35,3.05,5,0.3825,0.3129,0.0497,-1.0513,-0.2404,1,11,0,0.0787,-0.0288,0,0,,,-0.0432,0.0114,,,,,,,,,,,
spelad,GR,2021/22,2022-01-08,,OFI Crete,Giannina,1,1,D,18,3,8,2,2.3466,0.4979,skott,,,,,,,,,,0.3885,0.3048,0.3068,0.406,0.327,0.2669,1,2.49,3.25,3.2,2.4,3.16,3.6,0.3949,0.3759,0.0893,-0.1609,0.1655,0,6,1,0.4917,0.0258,0,0,,,0.075,-0.0114,,,,,,,,,,,
spelad,GR,2021/22,2022-01-09,,Volos NFC,Panathinaikos,3,1,H,10,12,5,7,1.3926,1.8313,skott,,,,,,,,,,0.25,0.2879,0.4621,0.1831,0.2739,0.543,1,3.83,3.45,2.1,5.22,3.54,1.89,0.4503,0.4393,-1.4242,1.4602,-1.1205,7,5,-1.8,-0.3905,0.1486,0,0,,,-0.2147,0.0604,,,,,,,,,,,
spelad,GR,2021/22,2022-01-12,,Apollon,OFI Crete,0,3,A,5,19,2,9,0.6163,2.5659,skott,,,,,,,,,,0.3413,0.2993,0.3594,0.2835,0.3316,0.3849,1,2.78,3.25,2.85,3.38,3.02,2.78,0.3885,0.3372,-0.4838,0.3565,-0.7813,3,5,1.2,0.6744,0.2996,0,0,,,-0.141,0.0743,,,,,,,,,,,
spelad,GR,2021/22,2022-01-12,,PAOK,Panetolikos,2,0,H,13,5,11,3,2.5311,0.7764,skott,,,,,,,,,,0.757,0.1564,0.0866,0.6641,0.2065,0.1294,1,1.3,6.2,12,1.46,5,8,0.5599,0.5455,0.0611,-0.5207,-0.2892,-1,9,3,0.6328,-0.1834,0,0,,,-0.2284,-0.0105,,,,,,,,,,,
spelad,GR,2021/22,2022-01-15,,Apollon,Aris,0,0,D,5,7,2,4,0.6163,1.0549,skott,,,,,,,,,,0.21,0.2873,0.5027,0.1647,0.2839,0.5514,1,4.5,3.5,1.93,5.79,3.6,1.83,0.385,0.396,-0.2567,-0.5239,-0.2845,-7,5,-2.4,-0.5857,-0.0546,0,0,,,-0.1392,0.0614,,,,,,,,,,,
spelad,GR,2021/22,2022-01-15,,Asteras Tripolis,Volos NFC,1,0,H,11,10,7,4,1.7721,1.2325,skott,,,,,,,,,,0.5211,0.2824,0.1965,0.6263,0.2305,0.1432,1,1.86,3.59,4.8,1.78,4.21,6.8,0.4227,0.4935,0.4504,-0.4855,0.4272,5,6,1,0.1628,0.0498,0,0,,,0.2638,-0.0431,,,,,,,,,,,
spelad,GR,2021/22,2022-01-15,,Lamia,Ionikos,2,1,H,6,6,2,1,0.6754,0.5153,skott,,,,,,,,,,0.4364,0.2827,0.281,0.445,0.3277,0.2273,1,2.25,3.38,3.5,2.18,3.24,4.3,0.385,0.3468,0.337,-0.2287,-0.1235,-1,,,,,0,0,,,0.0711,-0.014,,,,,,,,,,,
spelad,GR,2021/22,2022-01-15,,PAOK,OFI Crete,3,0,H,8,7,5,3,1.2743,0.8948,skott,,,,,,,,,,0.6978,0.1907,0.1115,0.6142,0.2322,0.1536,1,1.4,5.1,9,1.55,4.54,7.6,0.4895,0.5091,-0.1323,0.0947,-0.6392,0,9,2.6667,0.5177,-0.0839,0,0,,,-0.2092,0.0371,,,,,,,,,,,
spelad,GR,2021/22,2022-01-16,,AEK,Panetolikos,1,2,A,14,2,7,2,1.9497,0.4387,skott,,,,,,,,,,0.7428,0.1607,0.0965,0.696,0.193,0.111,1,1.33,6.2,11,1.39,5.5,11,0.5381,0.5182,-0.0209,-0.1318,-0.2941,7,9,2.3333,0.4911,-0.2266,0,0,,,-0.1082,0.0034,,,,,,,,,,,
spelad,GR,2021/22,2022-01-16,,Giannina,Atromitos,1,1,D,8,5,6,3,1.4344,0.7764,skott,,,,,,,,,,0.485,0.2774,0.2376,0.5152,0.2812,0.2037,1,2,3.51,4.33,2.02,3.5,4.7,0.402,0.4271,0.8006,-1.1784,0.4972,-7,8,-0.375,-0.0797,0.067,0,0,,,0.0943,-0.0521,,,,,,,,,,,
spelad,GR,2021/22,2022-01-16,,Panathinaikos,Olympiakos,0,0,D,6,1,1,0,0.5153,0.0592,skott,,,,,,,,,,0.2276,0.2854,0.487,0.3001,0.3108,0.3891,1,4.33,3.5,1.96,3.85,3.33,2.5,0.4352,0.389,-0.6266,0.0958,-0.379,-4,12,-0.75,0.2217,0.1804,0,0,,,0.2427,0.0121,,,,,,,,,,,
spelad,GR,2021/22,2022-01-19,,Volos NFC,Apollon,1,0,H,8,5,7,2,1.5945,0.6163,skott,,,,,,,,,,0.5435,0.2535,0.2029,0.5702,0.2595,0.1703,1,1.78,3.8,4.75,1.71,3.9,5.9,0.4698,0.4635,-0.5617,0.3855,-0.2181,0,4,1.5,0.8286,0.1808,0,0,,,0.086,-0.017,,,,,,,,,,,
spelad,GR,2021/22,2022-01-22,,Ionikos,Panathinaikos,0,1,A,7,2,1,2,0.5745,0.4387,skott,,,,,,,,,,0.2073,0.2657,0.527,0.1727,0.2529,0.5744,1,4.67,3.6,1.95,5.6,3.79,1.74,0.401,0.4184,-0.7061,0.472,-0.4848,1,,,,,0,0,,,-0.1166,0.0345,,,,,,,,,,,
spelad,GR,2021/22,2022-01-22,,OFI Crete,Panetolikos,2,4,A,19,10,9,5,2.5659,1.3926,skott,,,,,,,,,,0.4891,0.2713,0.2396,0.5078,0.2833,0.2089,1,2.04,3.6,4,1.94,3.6,4.75,0.4326,0.4456,-0.5547,0.5697,-0.3257,1,8,0,-0.1753,-0.0476,0,0,,,0.0681,-0.0264,,,,,,,,,,,
spelad,GR,2021/22,2022-01-23,,Aris,Lamia,0,0,D,5,9,1,2,0.4561,0.853,skott,,,,,,,,,,0.5814,0.2778,0.1408,0.6027,0.2784,0.1189,1,1.66,3.9,6.7,2.25,3.82,8.16,0.385,0.3812,0.2635,0.627,0.1577,0,7,1.2857,0.1194,-0.0025,0,0,,,0.0645,-0.0462,,,,,,,,,,,
spelad,GR,2021/22,2022-01-23,,Atromitos,AEK,0,2,A,7,8,1,6,0.5745,1.4344,skott,,,,,,,,,,0.1925,0.2528,0.5547,0.2021,0.265,0.5329,1,5.5,3.81,1.74,4.8,3.75,1.83,0.4686,0.4818,-0.1764,0.3012,0.1529,0,9,-0.6667,0.3428,-0.1464,0,0,,,0.0411,0.0134,,,,,,,,,,,
spelad,GR,2021/22,2022-01-23,,Olympiakos,Giannina,2,0,H,8,3,4,1,1.1141,0.3377,skott,,,,,,,,,,0.7429,0.1722,0.085,0.7373,0.1749,0.0878,1,1.34,5.5,12,1.34,5.5,11.5,0.4895,0.5091,0.6004,-0.6084,0.4088,0,7,1.7143,-0.022,-0.0438,0,0,,,-0.0139,-0.0349,,,,,,,,,,,
spelad,GR,2021/22,2022-01-23,,Volos NFC,PAOK,0,4,A,7,17,5,12,1.2151,2.928,skott,,,,,,,,,,0.1969,0.2612,0.5419,0.2075,0.2622,0.5303,1,4.9,4,1.87,4.75,3.76,1.86,0.5158,0.5156,-0.6767,0.7565,-0.1723,-4,5,-1.8,0.0189,0.25,0,0,,,0.0329,0.0159,,,,,,,,,,,
spelad,GR,2021/22,2022-01-24,,Asteras Tripolis,Apollon,1,0,H,11,7,4,3,1.2917,0.8948,skott,,,,,,,,,,0.6285,0.2283,0.1433,0.6702,0.2234,0.1064,1,1.59,4.3,7.2,1.46,4.45,9.02,0.4264,0.4256,0.4232,-0.2737,0.6493,4,7,2.5714,0.8949,-0.1348,0,0,,,0.1202,-0.0306,,,,,,,,,,,
spelad,GR,2021/22,2022-01-29,,Ionikos,Atromitos,2,1,H,4,10,3,5,0.7172,1.3926,skott,,,,,,,,,,0.3554,0.3195,0.325,0.3604,0.34,0.2996,1,2.69,3.15,2.95,2.74,3.1,3.2,0.3728,0.3707,-0.4967,-0.1247,-0.2546,1,,,,,0,0,,,0.0354,-0.0123,,,,,,,,,,,
spelad,GR,2021/22,2022-01-29,,Lamia,OFI Crete,2,1,H,8,11,3,5,0.954,1.4518,skott,,,,,,,,,,0.3225,0.312,0.3656,0.3685,0.3421,0.2894,1,2.97,3.15,2.76,2.75,2.93,3.48,0.3768,0.3373,0.2933,-0.8713,-0.1415,-1,8,-0.75,-0.0463,-0.0468,0,0,,,0.1681,-0.0051,,,,,,,,,,,
spelad,GR,2021/22,2022-01-29,,Panathinaikos,Asteras Tripolis,0,1,A,8,4,2,4,0.7938,0.8773,skott,,,,,,,,,,0.5432,0.2678,0.189,0.5887,0.2694,0.1419,1,1.85,3.57,5.1,1.71,3.58,7,0.396,0.3302,-0.1431,0.2098,-0.1461,2,11,-0.2727,-0.4811,0.2364,0,0,,,0.1379,-0.0688,,,,,,,,,,,
spelad,GR,2021/22,2022-01-30,,AEK,Volos NFC,1,2,A,10,11,3,5,1.0724,1.4518,skott,,,,,,,,,,0.7074,0.1779,0.1147,0.7219,0.1788,0.0993,1,1.38,5.5,9,1.37,5.75,12,0.5662,0.567,0.6313,-0.4336,0.2735,0,5,1.2,-0.0936,-0.0271,0,0,,,0.0445,-0.0015,,,,,,,,,,,
spelad,GR,2021/22,2022-01-30,,Giannina,Apollon,2,0,H,5,9,4,6,0.9365,1.4936,skott,,,,,,,,,,0.5163,0.2872,0.1964,0.5968,0.256,0.1471,1,1.86,3.5,4.9,1.68,3.77,7.4,0.4107,0.3735,0.5347,0.3047,0.583,1,8,-0.75,-0.3855,-0.3165,0,0,,,0.2103,-0.0131,,,,,,,,,,,
spelad,GR,2021/22,2022-01-30,,Panetolikos,Aris,0,2,A,9,8,5,3,1.3334,0.954,skott,,,,,,,,,,0.2756,0.3049,0.4195,0.2089,0.3334,0.4578,1,3.5,3.2,2.35,4.75,3.06,2.16,0.3806,0.3108,0.5167,-0.7268,0.7878,1,7,-0.8571,0.2395,-0.1036,0,0,,,-0.1717,0.0186,,,,,,,,,,,
spelad,GR,2021/22,2022-01-30,,PAOK,Olympiakos,1,1,D,13,6,6,3,1.7304,0.8356,skott,,,,,,,,,,0.3554,0.2919,0.3527,0.3629,0.3281,0.309,1,2.69,3.34,2.85,2.65,3.05,3.15,0.4154,0.3295,-0.1819,-0.5839,-0.0053,0,13,-0.6923,-0.109,-0.125,0,0,,,0.0587,0.0016,,,,,,,,,,,
spelad,GR,2021/22,2022-02-02,,Apollon,PAOK,0,2,A,8,14,5,6,1.2743,1.7896,skott,,,,,,,,,,0.1212,0.2197,0.6591,0.123,0.2414,0.6356,1,8,4.5,1.5,8.25,4.2,1.53,0.4593,0.4137,-1.0645,1.3959,-0.9462,0,7,-2.1429,-0.1088,0.1271,0,0,,,0.0273,0.0155,,,,,,,,,,,
spelad,GR,2021/22,2022-02-02,,Aris,AEK,2,1,H,11,8,8,2,1.9323,0.7938,skott,,,,,,,,,,0.3291,0.3224,0.3485,0.3814,0.3267,0.2919,1,2.91,3.13,2.75,2.59,2.95,3.37,0.3738,0.3468,0.3511,-0.3997,0.2226,0,11,-1.0909,-0.1746,-0.0122,0,0,,,0.1612,-0.0008,,,,,,,,,,,
spelad,GR,2021/22,2022-02-02,,Asteras Tripolis,Giannina,2,0,H,3,7,2,4,0.4979,1.0549,skott,,,,,,,,,,0.5368,0.261,0.2023,0.5369,0.3024,0.1606,1,1.9,3.64,5,1.99,3.32,5.96,0.419,0.3349,0.246,-0.338,0.5424,1,7,-0.4286,-0.4666,0.2599,0,0,,,0.042,-0.0547,,,,,,,,,,,
spelad,GR,2021/22,2022-02-02,,OFI Crete,Panathinaikos,3,2,H,7,7,5,5,1.2151,1.2151,skott,,,,,,,,,,0.2428,0.3188,0.4384,0.2613,0.321,0.4177,1,3.95,3.29,2.3,4.05,3.2,2.32,0.3929,0.3871,-0.6488,0.8671,-0.0523,0,9,0.3333,0.4299,0.1715,0,0,,,0.0578,-0.0448,,,,,,,,,,,
spelad,GR,2021/22,2022-02-02,,Olympiakos,Panetolikos,3,1,H,16,7,8,4,2.2282,1.0549,skott,,,,,,,,,,0.776,0.1449,0.0791,0.704,0.1853,0.1108,1,1.25,6.8,13,1.4,5.27,9.4,0.5625,0.5481,-0.0833,0.1975,-0.4721,0,9,3,0.5852,-0.1638,0,0,,,-0.1757,-0.0253,,,,,,,,,,,
spelad,GR,2021/22,2022-02-02,,Volos NFC,Ionikos,1,1,D,15,8,10,6,2.4893,1.4344,skott,,,,,,,,,,0.5135,0.2747,0.2118,0.4533,0.2847,0.262,1,1.9,3.51,5,2.19,3.52,3.9,0.4301,0.4444,0.0412,0.3838,0.1391,-1,,,,,0,0,,,-0.1706,0.0015,,,,,,,,,,,
spelad,GR,2021/22,2022-02-05,,Aris,Volos NFC,0,2,A,13,2,7,2,1.8905,0.4387,skott,,,,,,,,,,0.6283,0.2207,0.151,0.6389,0.2368,0.1243,1,1.6,4.4,7,1.6,4.5,9.2,0.4842,0.4661,0.2377,-0.3876,-0.4265,0,5,1.8,0.5323,-0.2608,0,0,,,0.048,-0.0114,,,,,,,,,,,
spelad,GR,2021/22,2022-02-05,,Panetolikos,Giannina,0,1,A,6,7,1,2,0.5153,0.7346,skott,,,,,,,,,,0.3577,0.3038,0.3385,0.4126,0.2991,0.2883,1,2.8,3.22,2.82,2.65,3.23,3.4,0.3965,0.4137,0.4594,-0.9134,0.5543,0,8,0.75,0.5619,-0.0625,0,0,,,0.16,-0.0529,,,,,,,,,,,
spelad,GR,2021/22,2022-02-06,,AEK,Apollon,3,0,H,14,6,9,3,2.27,0.8356,skott,,,,,,,,,,0.7709,0.1539,0.0752,0.7382,0.1777,0.0841,1,1.29,6.4,14,1.37,5.36,12,0.5223,0.5247,0.2636,-0.3486,-0.2039,0,7,2.1429,0.1227,0.0902,0,0,,,-0.0743,-0.0691,,,,,,,,,,,
spelad,GR,2021/22,2022-02-06,,Ionikos,Olympiakos,0,3,A,8,7,6,4,1.4344,1.0549,skott,,,,,,,,,,0.1014,0.2235,0.6752,0.1019,0.2175,0.6806,1,10.5,4.75,1.39,9.6,4.5,1.46,0.4375,0.4308,-0.8057,0.2454,-0.4581,0,,,,,0,0,,,-0.0043,0.0337,,,,,,,,,,,
spelad,GR,2021/22,2022-02-06,,PAOK,Panathinaikos,2,1,H,8,3,5,2,1.2743,0.4979,skott,,,,,,,,,,0.5026,0.2771,0.2203,0.5163,0.3032,0.1805,1,1.99,3.54,4.3,1.94,3.48,5.29,0.4401,0.3837,0.775,-1.189,1.004,0,13,0.6923,-0.1916,0.042,0,0,,,0.067,-0.0388,,,,,,,,,,,
spelad,GR,2021/22,2022-02-10,,Atromitos,Lamia,3,1,H,12,6,7,3,1.8313,0.8356,skott,,,,,,,,,,0.4364,0.3232,0.2404,0.4291,0.3211,0.2498,1,2.2,3.2,4,2.38,3.12,4.05,0.3652,0.359,-0.6614,1.1853,-0.49,0,11,0.5455,-0.1624,0.3169,0,0,,,-0.0241,-0.0066,,,,,,,,,,,
spelad,GR,2021/22,2022-02-12,,Apollon,Panetolikos,0,0,D,8,9,5,5,1.2743,1.3334,skott,,,,,,,,,,0.318,0.3148,0.3673,0.3204,0.3338,0.3458,1,3,3.1,2.73,3.2,3,2.78,0.3695,0.3517,-0.7082,0.6658,-0.6247,-1,8,-0.375,0.1264,-0.1798,0,0,,,0.0263,-0.0131,,,,,,,,,,,
spelad,GR,2021/22,2022-02-12,,Asteras Tripolis,Ionikos,2,3,A,10,7,4,3,1.2325,0.8948,skott,,,,,,,,,,0.5856,0.2541,0.1603,0.5851,0.2756,0.1392,1,1.7,3.75,6.5,1.65,3.68,7.15,0.3815,0.3871,1.3769,-0.8982,1.1184,4,,,,,0,0,,,0.0202,-0.0177,,,,,,,,,,,
spelad,GR,2021/22,2022-02-13,,OFI Crete,Volos NFC,2,1,H,11,6,9,4,2.0924,0.9957,skott,,,,,,,,,,0.5212,0.2635,0.2154,0.527,0.262,0.211,1,1.94,3.66,4.5,2.03,3.75,4.75,0.4751,0.4961,-0.849,1.0461,-0.6067,3,6,-0.5,-0.3237,-0.1224,0,0,,,0.016,-0.0288,,,,,,,,,,,
spelad,GR,2021/22,2022-02-13,,Olympiakos,AEK,1,0,H,6,6,5,5,1.1559,1.1559,skott,,,,,,,,,,0.5393,0.2458,0.215,0.4955,0.2943,0.2102,1,1.86,3.86,4.65,1.99,3.54,4.7,0.4868,0.4127,0.8518,-0.8341,0.6914,0,13,1.3846,0.402,-0.0554,0,0,,,-0.0827,0.0101,,,,,,,,,,,
spelad,GR,2021/22,2022-02-13,,Panathinaikos,Lamia,2,0,H,11,2,5,2,1.4518,0.4387,skott,,,,,,,,,,0.6872,0.2042,0.1086,0.6554,0.24,0.1047,1,1.42,4.8,10,1.47,4.43,9.5,0.4326,0.3871,-0.1963,0.2394,-0.4072,4,9,1.3333,0.1484,0.0522,0,0,,,-0.0597,-0.0083,,,,,,,,,,,
spelad,GR,2021/22,2022-02-13,,PAOK,Atromitos,1,0,H,9,3,5,1,1.3334,0.3377,skott,,,,,,,,,,0.7296,0.1699,0.1005,0.7259,0.1883,0.0858,1,1.36,5.9,10.5,1.35,5.6,12,0.5276,0.5466,1.21,-1.6624,1.0692,4,9,1,-0.2785,-0.0037,0,0,,,0.0074,-0.0195,,,,,,,,,,,
spelad,GR,2021/22,2022-02-14,,Giannina,Aris,2,0,H,6,16,3,9,0.8356,2.3884,skott,,,,,,,,,,0.3088,0.328,0.3632,0.281,0.3562,0.3629,1,3.1,3.1,2.65,3.55,2.84,2.68,0.3518,0.2954,0.06,-0.1003,0.445,0,5,0.6,0.6518,0.1021,0,0,,,-0.0554,0.0012,,,,,,,,,,,
spelad,GR,2021/22,2022-02-16,,Apollon,Panathinaikos,0,3,A,5,12,1,8,0.4561,1.9914,skott,,,,,,,,,,0.1478,0.2565,0.5958,0.1374,0.2485,0.6141,1,6.6,4,1.63,7,4,1.6,0.4227,0.389,-0.4173,0.5674,-0.121,1,7,-2.5714,-0.6346,-0.1246,0,0,,,-0.0392,0.0263,,,,,,,,,,,
spelad,GR,2021/22,2022-02-16,,Atromitos,OFI Crete,2,2,D,11,4,6,3,1.612,0.7172,skott,,,,,,,,,,0.356,0.2997,0.3443,0.4126,0.2919,0.2955,1,2.66,3.32,2.91,2.56,3.4,3.32,0.4476,0.4407,-0.1075,-0.2118,-0.3592,0,8,-0.75,-0.4081,0.1931,0,0,,,0.1622,-0.0359,,,,,,,,,,,
spelad,GR,2021/22,2022-02-16,,Panetolikos,Lamia,1,0,H,11,3,8,1,1.9323,0.3377,skott,,,,,,,,,,0.4266,0.3036,0.2698,0.4922,0.3003,0.2076,1,2.28,3.2,3.6,2.18,3.2,4.75,0.3728,0.3452,0.2666,-0.3366,0.2334,1,11,0,-0.1489,0.3069,0,0,,,0.1934,-0.0583,,,,,,,,,,,
spelad,GR,2021/22,2022-02-19,,Atromitos,Asteras Tripolis,2,0,H,6,7,5,2,1.1559,0.7346,skott,,,,,,,,,,0.3199,0.3074,0.3727,0.4165,0.3182,0.2653,1,3.2,3.2,2.56,2.35,3.1,3.7,0.3965,0.3925,-1.4969,1.2244,-0.9514,-4,10,0.3,0.2304,-0.0201,0,0,,,0.3006,0.0037,,,,,,,,,,,
spelad,GR,2021/22,2022-02-19,,Ionikos,OFI Crete,0,0,D,11,12,8,8,1.9323,1.9914,skott,,,,,,,,,,0.3282,0.3282,0.3436,0.3616,0.3362,0.3023,1,2.91,3.2,2.85,2.8,3,3.17,0.3975,0.3871,0.2266,-0.6246,-0.0086,4,,,,,0,0,,,0.1081,-0.0187,,,,,,,,,,,
spelad,GR,2021/22,2022-02-19,,Panetolikos,Panathinaikos,1,0,H,4,5,2,3,0.5571,0.7764,skott,,,,,,,,,,0.2264,0.2808,0.4928,0.2795,0.326,0.3945,1,4.5,3.48,1.95,3.65,3.18,2.45,0.4154,0.4066,0.441,-0.2808,0.706,0,9,-1,0.0859,-0.0393,0,0,,,0.2045,0.0045,,,,,,,,,,,
spelad,GR,2021/22,2022-02-20,,AEK,Giannina,2,0,H,13,2,5,2,1.5702,0.4387,skott,,,,,,,,,,0.6154,0.22,0.1646,0.7008,0.2015,0.0977,1,1.65,4.33,6,1.55,5.11,11.5,0.4593,0.4896,-1.1255,0.7903,-1.2227,1,7,1.7143,0.2891,-0.1114,0,0,,,0.2376,-0.0434,,,,,,,,,,,
spelad,GR,2021/22,2022-02-20,,Aris,PAOK,0,0,D,6,6,3,2,0.8356,0.6754,skott,,,,,,,,,,0.303,0.3293,0.3676,0.3476,0.339,0.3135,1,3.14,3.2,2.6,2.94,3.1,3.07,0.3894,0.3493,-0.9925,1.4673,-1.1495,-1,11,-0.2727,0.3343,0.1016,0,0,,,0.1432,-0.0323,,,,,,,,,,,
spelad,GR,2021/22,2022-02-20,,Lamia,Apollon,1,2,A,16,14,4,4,1.5877,1.4693,skott,,,,,,,,,,0.473,0.2956,0.2313,0.4871,0.314,0.1989,1,2.04,3.23,4.25,2.07,3.2,4.8,0.3445,0.3412,0.7414,-0.9463,0.4192,0,8,1.875,0.8728,0.0205,0,0,,,0.0605,-0.0386,,,,,,,,,,,
spelad,GR,2021/22,2022-02-20,,Volos NFC,Olympiakos,0,1,A,6,18,3,10,0.8356,2.6669,skott,,,,,,,,,,0.1604,0.2254,0.6143,0.1629,0.2606,0.5765,1,7,4.3,1.55,6.1,4.05,1.69,0.5184,0.487,-0.1495,0.1441,0.4479,0,5,-2.4,-0.1218,0.0646,0,0,,,0.0428,0.0131,,,,,,,,,,,
spelad,GR,2021/22,2022-02-23,,Aris,Atromitos,3,0,H,21,1,10,1,2.8445,0.2193,skott,,,,,,,,,,0.6313,0.2213,0.1474,0.6351,0.2507,0.1142,1,1.57,4.33,6.75,1.56,4.2,9.5,0.4427,0.3985,-0.0493,0.5398,-0.3814,-1,7,-0.4286,-0.4208,-0.0162,0,0,,,0.0408,-0.0091,,,,,,,,,,,
spelad,GR,2021/22,2022-02-23,,Ionikos,Apollon,4,0,H,14,2,11,1,2.5903,0.2785,skott,,,,,,,,,,0.4777,0.2955,0.2268,0.5967,0.2532,0.1501,1,2.04,3.25,4.2,2,3.88,7.2,0.3643,0.4005,0.3952,-0.6461,0.2603,1,,,,,0,0,,,0.3147,-0.0835,,,,,,,,,,,
spelad,GR,2021/22,2022-02-23,,Lamia,Asteras Tripolis,0,2,A,8,6,4,3,1.1141,0.8356,skott,,,,,,,,,,0.3116,0.3323,0.3561,0.2867,0.3348,0.3785,1,3.1,3.11,2.75,3.4,3.05,2.67,0.3551,0.3623,-0.6201,0.4229,-0.5287,-1,10,0.6,0.5399,0.2996,0,0,,,-0.0722,0.0411,,,,,,,,,,,
spelad,GR,2021/22,2022-02-26,,Asteras Tripolis,Aris,0,2,A,12,8,1,5,0.8705,1.2743,skott,,,,,,,,,,0.3689,0.3182,0.3129,0.3316,0.351,0.3173,1,2.6,3.09,3.13,3.27,2.87,3.04,0.3559,0.3002,1.1792,-1.0796,0.8619,0,9,-1.6667,-0.4929,-0.0688,0,0,,,-0.079,-0.0262,,,,,,,,,,,
spelad,GR,2021/22,2022-02-26,,Panetolikos,Volos NFC,0,0,D,12,8,3,4,1.1907,1.1141,skott,,,,,,,,,,0.4121,0.3108,0.2771,0.4641,0.2888,0.247,1,2.33,3.47,3.45,2.3,3.45,4.2,0.4543,0.4597,0.2846,-0.1304,0.2659,1,7,0.4286,0.1881,-0.0016,0,0,,,0.1341,0.0052,,,,,,,,,,,
spelad,GR,2021/22,2022-02-27,,Olympiakos,OFI Crete,2,0,H,17,3,12,0,2.928,0.1776,skott,,,,,,,,,,0.7281,0.182,0.0899,0.7559,0.1693,0.0748,1,1.36,5.4,12,1.29,5.8,13.5,0.5144,0.5431,0.8502,-1.0877,0.2024,-1,9,2.3333,0.2885,-0.1706,0,0,,,0.0706,-0.0301,,,,,,,,,,,
spelad,GR,2021/22,2022-02-27,,Panathinaikos,AEK,3,0,H,9,6,8,3,1.8139,0.8356,skott,,,,,,,,,,0.358,0.2946,0.3475,0.3893,0.3291,0.2817,1,2.66,3.28,2.9,2.79,3.22,3.43,0.4118,0.395,-0.0399,0.1291,-0.0351,1,13,-0.6923,-0.0296,0.1738,0,0,,,0.1285,-0.0017,,,,,,,,,,,
spelad,GR,2021/22,2022-02-27,,PAOK,Ionikos,1,1,D,12,3,5,3,1.511,0.658,skott,,,,,,,,,,0.7595,0.158,0.0825,0.6525,0.2284,0.1191,1,1.31,6.2,13,1.5,4.84,8.6,0.5328,0.4974,0.5783,-0.7088,0.3455,3,,,,,0,0,,,-0.2507,-0.0073,,,,,,,,,,,
spelad,GR,2021/22,2022-02-28,,Apollon,Atromitos,0,2,A,4,7,3,4,0.7172,1.0549,skott,,,,,,,,,,0.3665,0.3004,0.3331,0.2807,0.317,0.4022,1,2.61,3.19,3.1,3.68,3.16,2.45,0.3929,0.3881,-0.2183,0.9172,-0.1379,0,8,-0.75,-0.0925,0.213,0,0,,,-0.2407,0.0152,,,,,,,,,,,
spelad,GR,2021/22,2022-02-28,,Giannina,Lamia,1,0,H,5,5,3,3,0.7764,0.7764,skott,,,,,,,,,,0.5275,0.266,0.2066,0.4851,0.3053,0.2096,1,1.87,3.59,5,1.97,3.42,4.91,0.402,0.3871,0.5788,-0.7856,0.5227,3,8,0,-0.2419,0.1829,0,0,,,-0.0877,0.0086,,,,,,,,,,,
spelad,GR,2021/22,2022-03-02,,AEK,PAOK,1,1,D,12,5,3,2,1.1907,0.6163,skott,,,,,,,,,,0.4017,0.2926,0.3058,0.4734,0.2863,0.2403,1,2.4,3.37,3.11,2.45,3.42,4.09,0.4439,0.4137,-0.8462,0.9342,-1.0388,0,13,-0.4615,-0.1025,0.0903,0,0,,,0.209,-0.0431,,,,,,,,,,,
spelad,GR,2021/22,2022-03-02,,Olympiakos,Asteras Tripolis,5,1,H,12,8,8,4,1.9914,1.1141,skott,,,,,,,,,,0.7133,0.1807,0.106,0.6964,0.2209,0.0827,1,1.37,5.5,10,1.4,4.65,12,0.4947,0.4456,0.2703,-0.487,0.2536,-1,11,2.1818,0.2415,0.0647,0,0,,,-0.0104,-0.0358,,,,,,,,,,,
spelad,GR,2021/22,2022-03-03,,Atromitos,Volos NFC,2,1,H,11,10,8,3,1.9323,1.0724,skott,,,,,,,,,,0.5302,0.2558,0.214,0.4534,0.2935,0.2531,1,1.83,3.84,4.75,2.13,3.48,3.79,0.4881,0.4381,-0.3135,0.2001,-0.2648,-2,7,0,-0.1798,-0.1366,0,0,,,-0.1927,-0.0095,,,,,,,,,,,
spelad,GR,2021/22,2022-03-06,,AEK,Asteras Tripolis,2,1,H,5,6,4,1,0.9365,0.5153,skott,,,,,,,,,,0.5573,0.2525,0.1903,0.5705,0.2647,0.1648,1,1.75,3.8,5.25,1.7,3.92,6.2,0.4619,0.443,-0.5755,-0.097,-0.5799,0,11,1.6364,0.3088,0.0055,0,0,,,0.0519,0.0075,,,,,,,,,,,
spelad,GR,2021/22,2022-03-06,,Aris,Olympiakos,2,1,H,8,5,3,2,0.954,0.6163,skott,,,,,,,,,,0.3072,0.3262,0.3665,0.2821,0.3708,0.3471,1,3.5,3.05,2.61,3.75,2.86,2.82,0.3577,0.3264,-1.0291,1.4277,-0.6233,4,11,-2.4545,-0.5678,-0.055,0,0,,,-0.0308,0.0026,,,,,,,,,,,
spelad,GR,2021/22,2022-03-06,,Atromitos,Panathinaikos,0,2,A,4,8,0,7,0.2368,1.5945,skott,,,,,,,,,,0.2281,0.3145,0.4574,0.2368,0.3009,0.4623,1,4.2,3.3,2.1,4.45,3.21,2.2,0.3825,0.4148,0.2154,0.1017,0.5716,-4,9,-1.3333,-0.3752,-0.1874,0,0,,,0.0125,0.0186,,,,,,,,,,,
spelad,GR,2021/22,2022-03-06,,Ionikos,Panetolikos,1,2,A,13,9,5,4,1.5702,1.1733,skott,,,,,,,,,,0.4079,0.3073,0.2848,0.422,0.3225,0.2555,1,2.35,3.24,3.6,2.37,3.12,3.75,0.3903,0.3793,0.1197,-0.3097,0.2986,-1,,,,,0,0,,,0.0575,-0.0377,,,,,,,,,,,
spelad,GR,2021/22,2022-03-06,,Lamia,PAOK,0,2,A,4,9,1,5,0.3969,1.3334,skott,,,,,,,,,,0.1785,0.2604,0.5611,0.1859,0.2648,0.5493,1,5.75,3.79,1.71,5.3,3.8,1.76,0.4364,0.4634,-0.8096,0.9599,-0.8032,2,9,-3,-0.4077,-0.1742,0,0,,,0.0266,0.0142,,,,,,,,,,,
spelad,GR,2021/22,2022-03-06,,OFI Crete,Apollon,2,0,H,12,2,4,1,1.3509,0.2785,skott,,,,,,,,,,0.6563,0.2224,0.1213,0.6296,0.2264,0.144,1,1.5,4.33,8.5,1.52,4.45,7.5,0.4555,0.5091,0.1334,-0.5553,0.1243,1,6,-0.5,-0.5594,0.1944,0,0,,,-0.0763,0.0023,,,,,,,,,,,
spelad,GR,2021/22,2022-03-06,,Volos NFC,Giannina,0,0,D,18,11,9,6,2.5068,1.612,skott,,,,,,,,,,0.2707,0.2845,0.4448,0.3642,0.2984,0.3373,1,3.65,3.42,2.17,3.2,3.35,2.92,0.4352,0.433,-0.4641,0.1236,-0.3285,-3,4,0.75,0.613,-0.0489,0,0,,,0.2946,-0.0457,,,,,,,,,,,
spelad,GR,2021/22,2022-03-13,,Olympiakos,Aris,2,1,H,12,8,8,4,1.9914,1.1141,skott,,,,,,,,,,0.6083,0.2501,0.1416,0.5763,0.2855,0.1382,1,1.61,3.9,6.9,1.69,3.6,6.9,0.419,0.3665,0.609,-1.1587,0.0115,0,12,2,0.4533,-0.0813,0,0,,,-0.0607,-0.0198,,,,,,,,,,,
spelad,GR,2021/22,2022-03-13,,Panathinaikos,AEK,1,1,D,2,9,2,2,0.4387,0.853,skott,,,,,,,,,,0.423,0.3008,0.2762,0.4076,0.314,0.2784,1,2.24,3.4,3.6,2.36,3.25,3.44,0.4227,0.3846,-0.0022,-0.3527,0.3224,0,14,-0.4286,0.0799,0.1379,0,0,,,-0.033,-0.0038,,,,,,,,,,,
spelad,GR,2021/22,2022-03-13,,PAOK,Giannina,1,0,H,10,7,8,1,1.8731,0.5745,skott,,,,,,,,,,0.6927,0.1963,0.1111,0.6909,0.2114,0.0977,1,1.42,4.9,10,1.41,4.85,10.05,0.5105,0.4896,-0.3467,0.2967,-0.2463,0,8,2.25,0.3862,-0.1943,0,0,,,0.0099,-0.0261,,,,,,,,,,,
spelad,GR,2021/22,2022-03-19,,Atromitos,Apollon,1,0,H,8,4,2,0,0.7938,0.2368,skott,,,,,,,,,,0.5753,0.2621,0.1627,0.5717,0.2728,0.1555,1,1.67,4,5.9,1.7,3.75,6.52,0.4128,0.4076,0.6264,-1.2606,0.6868,0,9,1,0.0569,0.1541,0,0,,,0,-0.0003,,,,,,,,,,,
spelad,GR,2021/22,2022-03-19,,OFI Crete,Ionikos,2,3,A,11,7,6,5,1.612,1.2151,skott,,,,,,,,,,0.4708,0.2903,0.239,0.4475,0.2937,0.2588,1,2.08,3.35,4,2.2,3.42,3.8,0.401,0.4482,-0.2328,0.3933,-0.3185,0,,,,,0,0,,,-0.0665,-0.0249,,,,,,,,,,,
spelad,GR,2021/22,2022-03-19,,Panetolikos,Lamia,1,2,A,9,5,4,3,1.1733,0.7764,skott,,,,,,,,,,0.4633,0.3215,0.2153,0.4617,0.3123,0.2259,1,2.07,3.3,4.4,2.2,3.25,4.3,0.3676,0.3759,0.5879,-0.4073,0.8281,0,12,0.25,-0.0345,0.2563,0,0,,,-0.0138,-0.0365,,,,,,,,,,,
spelad,GR,2021/22,2022-03-19,,Volos NFC,Asteras Tripolis,0,2,A,9,8,2,6,0.853,1.4344,skott,,,,,,,,,,0.3374,0.3048,0.3578,0.4251,0.2952,0.2797,1,2.84,3.29,2.67,2.31,3.32,3.55,0.4275,0.4209,-0.0518,-0.6812,0.2436,0,7,-1.2857,-0.2766,0.0098,0,0,,,0.2535,-0.0025,,,,,,,,,,,
spelad,GR,2021/22,2022-03-20,,AEK,PAOK,0,1,A,5,6,2,4,0.6163,0.9957,skott,,,,,,,,,,0.4684,0.2858,0.2458,0.5187,0.2673,0.214,1,2.11,3.5,4,1.88,3.6,4.75,0.4465,0.4419,-0.6423,0.4023,-0.5993,0,14,-0.4286,-0.1457,0.1348,0,0,,,0.1323,-0.013,,,,,,,,,,,
spelad,GR,2021/22,2022-03-20,,Aris,Panathinaikos,0,0,D,5,5,1,3,0.4561,0.7764,skott,,,,,,,,,,0.4288,0.3325,0.2387,0.5105,0.2993,0.1902,1,2.23,3.13,4,1.91,3.4,5.3,0.3453,0.346,-0.2117,0.9849,0.1399,0,12,-0.25,-0.1357,-0.0541,0,0,,,0.212,0.0188,,,,,,,,,,,
spelad,GR,2021/22,2022-03-20,,Giannina,Olympiakos,1,1,D,8,6,2,4,0.7938,0.9957,skott,,,,,,,,,,0.1724,0.2769,0.5506,0.1596,0.2741,0.5662,1,5.75,3.65,1.76,6.5,3.74,1.71,0.4179,0.4256,-0.1674,0.0686,-0.0954,0,8,-1.875,0.0028,-0.0602,0,0,,,-0.0413,0.0322,,,,,,,,,,,
spelad,GR,2021/22,2022-04-02,,Apollon,Panetolikos,1,0,H,3,4,2,2,0.4979,0.5571,skott,,,,,,,,,,0.3389,0.3122,0.3489,0.3337,0.313,0.3534,1,2.95,3.14,2.75,3.15,3.2,2.71,0.385,0.404,-0.2649,0.6819,-0.3403,0,9,-0.3333,0.0796,-0.0858,0,0,,,-0.015,-0.0069,,,,,,,,,,,
spelad,GR,2021/22,2022-04-02,,Asteras Tripolis,Atromitos,0,0,D,7,1,4,1,1.0549,0.2193,skott,,,,,,,,,,0.4727,0.2891,0.2381,0.4685,0.3229,0.2087,1,2.05,3.5,4.2,2.1,3.28,4.7,0.4046,0.3846,-0.3849,0.4835,-0.4905,0,11,-0.5455,-0.2924,-0.0472,0,0,,,0.021,-0.0273,,,,,,,,,,,
spelad,GR,2021/22,2022-04-02,,Ionikos,Volos NFC,2,2,D,13,13,10,7,2.3709,1.8905,skott,,,,,,,,,,0.4208,0.3015,0.2777,0.4488,0.2942,0.257,1,2.27,3.34,3.5,2.26,3.55,3.83,0.4352,0.4961,0.4292,-0.0832,0.7434,0,,,,,0,0,,,0.0767,-0.0181,,,,,,,,,,,
spelad,GR,2021/22,2022-04-02,,Lamia,OFI Crete,1,2,A,11,5,4,4,1.2917,0.9365,skott,,,,,,,,,,0.4331,0.301,0.2659,0.5363,0.2652,0.1985,1,2.25,3.27,3.6,1.95,3.6,5,0.3995,0.404,-0.5438,0.7478,-0.6925,0,9,-0.3333,0.1313,-0.0796,0,0,,,0.2738,-0.0634,,,,,,,,,,,
spelad,GR,2021/22,2022-04-03,,Aris,Giannina,0,0,D,14,2,5,0,1.6294,0.1184,skott,,,,,,,,,,0.6189,0.2437,0.1373,0.6147,0.2669,0.1184,1,1.61,3.95,7,1.6,3.72,8.1,0.3904,0.3582,-0.7222,0.9546,-0.5271,0,6,-1,-0.8691,0.0258,0,0,,,0.0106,-0.0362,,,,,,,,,,,
spelad,GR,2021/22,2022-04-03,,Olympiakos,AEK,1,1,D,11,8,3,5,1.1316,1.2743,skott,,,,,,,,,,0.5775,0.2432,0.1793,0.5154,0.2764,0.2082,1,1.68,4,5.5,1.96,3.75,4.6,0.4777,0.4545,0.8285,-0.8497,0.6592,0,14,1.5,0.4604,-0.0724,0,0,,,-0.153,-0.0508,,,,,,,,,,,
spelad,GR,2021/22,2022-04-03,,Panathinaikos,PAOK,2,1,H,9,5,5,2,1.3334,0.6163,skott,,,,,,,,,,0.3999,0.3128,0.2872,0.4272,0.3127,0.26,1,2.55,3.2,3.33,2.52,3.11,4,0.3929,0.3665,-0.4423,-0.284,-0.3057,0,14,-0.8571,0.0785,0.0174,0,0,,,0.0817,-0.0505,,,,,,,,,,,
spelad,GR,2021/22,2022-04-09,,Asteras Tripolis,Ionikos,2,3,A,10,5,4,3,1.2325,0.7764,skott,,,,,,,,,,0.4948,0.2724,0.2328,0.4893,0.2883,0.2224,1,1.98,3.5,4.33,2,3.4,4.3,0.4128,0.4076,-0.4338,0.6789,-0.6858,0,,,,,0,0,,,-0.0007,-0.018,,,,,,,,,,,
spelad,GR,2021/22,2022-04-09,,OFI Crete,Apollon,1,2,A,17,4,4,4,1.6469,0.8773,skott,,,,,,,,,,0.5336,0.2683,0.198,0.5171,0.2781,0.2048,1,1.92,3.8,5,1.9,3.6,4.75,0.4439,0.4545,0.3824,-0.9155,0.5082,0,7,0,-0.353,0.1343,0,0,,,-0.0399,-0.0294,,,,,,,,,,,
spelad,GR,2021/22,2022-04-09,,Panetolikos,Atromitos,2,3,A,8,12,3,4,0.954,1.3509,skott,,,,,,,,,,0.4066,0.3037,0.2897,0.4477,0.3152,0.2371,1,2.45,3.25,3.31,2.2,3.34,4.1,0.402,0.375,-0.5524,0.5123,-0.4842,0,12,-0.5,-0.0511,0.0316,0,0,,,0.1347,-0.0133,,,,,,,,,,,
spelad,GR,2021/22,2022-04-09,,Volos NFC,Lamia,3,0,H,12,6,9,2,2.1516,0.6754,skott,,,,,,,,,,0.2891,0.2856,0.4252,0.2601,0.3029,0.437,1,3.4,3.4,2.3,4.2,3.4,2.17,0.4338,0.396,0.4839,-1.0368,0.4631,0,8,0.75,0.3093,0.1542,0,0,,,-0.0699,-0.066,,,,,,,,,,,
spelad,GR,2021/22,2022-04-10,,AEK,Aris,1,2,A,13,12,6,6,1.7304,1.6712,skott,,,,,,,,,,0.4822,0.3078,0.21,0.5583,0.2553,0.1865,1,1.99,3.4,4.6,1.86,3.74,5.2,0.3738,0.4209,-0.0955,0.1167,-0.3518,0,12,0.75,0.071,-0.0384,0,0,,,0.1758,-0.047,,,,,,,,,,,
spelad,GR,2021/22,2022-04-10,,Giannina,Panathinaikos,0,0,D,6,10,3,3,0.8356,1.0724,skott,,,,,,,,,,0.2365,0.3022,0.4614,0.2199,0.3179,0.4622,1,4.1,3.3,2.09,4.35,3.13,2.21,0.3815,0.35,0.3957,-0.3873,0.023,0,8,0,0.4986,-0.3007,0,0,,,-0.0338,0.044,,,,,,,,,,,
spelad,GR,2021/22,2022-04-16,,Apollon,Volos NFC,1,1,D,4,8,2,2,0.5571,0.7938,skott,,,,,,,,,,0.4406,0.3075,0.2519,0.4946,0.2849,0.2205,1,2.17,3.45,3.8,2.12,3.5,4.5,0.4154,0.4282,0.7916,0.3493,0.5998,0,5,-1.8,-0.9616,0.0927,0,0,,,0.1395,-0.0445,,,,,,,,,,,
spelad,GR,2021/22,2022-04-16,,Panetolikos,Asteras Tripolis,0,0,D,6,7,3,4,0.8356,1.0549,skott,,,,,,,,,,0.3762,0.3088,0.315,0.3292,0.3172,0.3535,1,2.52,3.2,3.2,2.91,3.19,2.75,0.401,0.404,0.3723,-0.5372,0.2457,0,11,-1.3636,-0.5479,0.2588,0,0,,,-0.1325,0.005,,,,,,,,,,,
spelad,GR,2021/22,2022-04-17,,Aris,PAOK,1,0,H,14,6,6,2,1.7896,0.6754,skott,,,,,,,,,,0.3841,0.3184,0.2974,0.3615,0.3315,0.307,1,2.5,3.03,3.4,2.75,2.96,3.12,0.3286,0.3256,-0.0233,-0.1538,0.1903,-7,12,-0.25,0.2746,0.1482,0,0,,,-0.0549,-0.023,,,,,,,,,,,
spelad,GR,2021/22,2022-04-17,,Atromitos,OFI Crete,1,1,D,6,10,3,4,0.8356,1.2325,skott,,,,,,,,,,0.4641,0.2793,0.2566,0.4447,0.2897,0.2656,1,2.06,3.53,4,2.2,3.58,4,0.4503,0.4961,0.8022,-0.455,0.7232,0,9,-0.6667,-0.4216,0.2503,0,0,,,-0.0478,-0.0041,,,,,,,,,,,
spelad,GR,2021/22,2022-04-17,,Lamia,Ionikos,0,1,A,10,11,3,7,1.0724,1.7721,skott,,,,,,,,,,0.4993,0.276,0.2247,0.4533,0.297,0.2497,1,1.96,3.7,4.5,2.11,3.3,4.1,0.3975,0.395,-1.1399,1.4077,-1.5163,0,,,,,0,0,,,-0.1172,0.0078,,,,,,,,,,,
spelad,GR,2021/22,2022-04-17,,Panathinaikos,Olympiakos,1,0,H,4,4,3,2,0.7172,0.5571,skott,,,,,,,,,,0.3026,0.3026,0.3947,0.351,0.3327,0.3163,1,3.16,3.21,2.5,3.14,3.1,3.03,0.3825,0.331,-0.252,-0.1384,0.1562,-7,13,-0.6923,0.1885,0.2196,0,0,,,0.1752,-0.0786,,,,,,,,,,,
spelad,GR,2021/22,2022-04-18,,Giannina,AEK,2,3,A,5,8,2,5,0.6163,1.2743,skott,,,,,,,,,,0.1833,0.2802,0.5365,0.1894,0.2743,0.5363,1,5.25,3.54,1.85,5.25,3.52,1.9,0.4128,0.4127,0.8268,-1.2766,0.7928,0,8,-1.875,-0.2173,-0.1227,0,0,,,0.0123,0.0314,,,,,,,,,,,
spelad,GR,2021/22,2022-04-30,,OFI Crete,Panetolikos,0,1,A,10,6,4,5,1.2325,1.1559,skott,,,,,,,,,,0.4449,0.2763,0.2787,0.4804,0.2605,0.2591,1,2.16,3.49,3.5,2.16,3.75,3.7,0.4607,0.5466,-0.1853,-0.15,-0.0747,-1,9,-0.3333,-0.3565,-0.0738,0,0,,,0.0906,-0.0356,,,,,,,,,,,
spelad,GR,2021/22,2022-04-30,,Volos NFC,Atromitos,1,1,D,16,4,7,4,2.0681,0.8773,skott,,,,,,,,,,0.3945,0.2835,0.322,0.5133,0.2736,0.2131,1,2.44,3.43,3.1,1.9,3.67,4.75,0.4593,0.4792,-1.0272,0.3552,-0.6899,1,8,-0.375,0.1453,-0.1562,0,0,,,0.3466,-0.0087,,,,,,,,,,,
spelad,GR,2021/22,2022-05-01,,Olympiakos,Giannina,3,2,H,18,4,8,3,2.3466,0.7172,skott,,,,,,,,,,0.7185,0.1972,0.0843,0.7877,0.1532,0.0591,1,1.33,5.06,12,1.33,6.5,17,0.4751,0.5314,-0.044,0.3538,-0.1219,1,9,1.6667,-0.0571,0.0272,0,0,,,0.1636,-0.0377,,,,,,,,,,,
spelad,GR,2021/22,2022-05-01,,Panathinaikos,Aris,1,0,H,9,4,6,1,1.4936,0.3969,skott,,,,,,,,,,0.4522,0.3316,0.2163,0.4627,0.3349,0.2025,1,2.12,3.11,4.4,2.16,3.08,4.73,0.3271,0.3279,-0.1805,-0.0199,-0.2795,0,13,0.2308,0.1853,0.0039,0,0,,,0.0348,-0.0562,,,,,,,,,,,
spelad,GR,2021/22,2022-05-01,,PAOK,AEK,1,1,D,7,10,4,4,1.0549,1.2325,skott,,,,,,,,,,0.4174,0.3056,0.277,0.4333,0.3079,0.2588,1,2.3,3.38,3.5,2.21,3.34,3.95,0.4289,0.4076,0.3968,-0.6263,0.4525,1,15,0.6,0.1495,0.108,0,0,,,0.0501,0.0045,,,,,,,,,,,
spelad,GR,2021/22,2022-05-02,,Asteras Tripolis,Lamia,0,2,A,6,2,4,2,0.9957,0.4387,skott,,,,,,,,,,0.4902,0.2867,0.2231,0.4598,0.3178,0.2224,1,1.98,3.33,4.75,2.2,3.2,4.45,0.3885,0.3582,0.372,-0.3914,0.7276,1,11,-0.2727,-0.6242,0.242,0,0,,,-0.06,-0.043,,,,,,,,,,,
spelad,GR,2021/22,2022-05-02,,Ionikos,Apollon,5,1,H,10,16,7,10,1.7129,2.5485,skott,,,,,,,,,,0.367,0.266,0.367,0.2569,0.2677,0.4754,1,2.75,3.56,2.7,3.8,3.8,2.08,0.4301,0.4444,-0.0189,-0.5517,0.3495,-1,,,,,0,0,,,-0.3287,0.0084,,,,,,,,,,,
spelad,GR,2021/22,2022-05-04,,PAOK,Olympiakos,1,2,A,6,12,1,4,0.5153,1.3509,skott,,,,,,,,,,0.3498,0.2991,0.3511,0.4076,0.3131,0.2793,1,2.73,3.24,2.8,2.35,3.27,3.5,0.4082,0.3768,0.0603,-0.1015,0.1893,0,14,-0.6429,-0.131,-0.0681,0,0,,,0.1875,-0.001,,,,,,,,,,,
spelad,GR,2021/22,2022-05-07,,Apollon,Lamia,0,0,D,9,5,3,2,1.0132,0.6163,skott,,,,,,,,,,0.3605,0.3235,0.316,0.4392,0.329,0.2318,1,2.85,3.08,3.03,2.28,3.18,4.2,0.3559,0.35,0.2379,0.3655,0.2677,0,9,-1.3333,-0.5619,-0.0167,0,0,,,0.2416,-0.0169,,,,,,,,,,,
spelad,GR,2021/22,2022-05-07,,Atromitos,Ionikos,0,1,A,8,8,2,5,0.7938,1.2743,skott,,,,,,,,,,0.4381,0.3102,0.2517,0.4391,0.2927,0.2681,1,2.18,3.4,3.8,2.25,3.51,3.61,0.4465,0.5065,-0.003,0.5029,-0.3401,2,,,,,0,0,,,-0.0144,-0.0217,,,,,,,,,,,
spelad,GR,2021/22,2022-05-07,,Panetolikos,Volos NFC,0,0,D,15,11,6,4,1.8488,1.2917,skott,,,,,,,,,,0.4805,0.2579,0.2615,0.4576,0.2796,0.2627,1,2.01,3.7,4.2,2.09,3.73,3.99,0.4947,0.5182,0.6198,-0.3221,0.2433,0,8,0.375,0.0794,0.0875,0,0,,,-0.0471,0.024,,,,,,,,,,,
spelad,GR,2021/22,2022-05-08,,AEK,Panathinaikos,0,0,D,9,6,3,2,1.0132,0.6754,skott,,,,,,,,,,0.4428,0.318,0.2393,0.4353,0.3192,0.2455,1,2.16,3.39,4.1,2.25,3.33,3.9,0.4107,0.402,-0.7986,0.7019,-1.0569,0,15,0.4,-0.2132,0.1744,0,0,,,-0.0213,-0.0204,,,,,,,,,,,
spelad,GR,2021/22,2022-05-08,,Aris,Olympiakos,0,1,A,9,5,5,4,1.3334,0.9365,skott,,,,,,,,,,0.5509,0.273,0.1761,0.6136,0.2432,0.1432,1,1.8,3.52,5.5,1.57,4.24,7.1,0.3825,0.4909,0.1956,-0.096,0.5182,3,13,-2.0769,-0.3972,-0.0971,0,0,,,0.1582,-0.0129,,,,,,,,,,,
spelad,GR,2021/22,2022-05-08,,Giannina,PAOK,1,0,H,4,3,2,1,0.5571,0.3377,skott,,,,,,,,,,0.2149,0.2927,0.4924,0.1925,0.2858,0.5217,1,4.5,3.4,2.02,5.5,3.43,1.94,0.3939,0.3881,-0.0475,-0.3283,0.0626,3,9,-2.3333,-0.2266,-0.1962,0,0,,,-0.0741,0.0255,,,,,,,,,,,
spelad,GR,2021/22,2022-05-08,,OFI Crete,Asteras Tripolis,1,0,H,13,10,7,6,1.8905,1.5528,skott,,,,,,,,,,0.3593,0.2919,0.3488,0.4019,0.3056,0.2925,1,2.66,3.47,2.8,2.4,3.46,3.27,0.4803,0.4609,0.4072,-0.9101,0.3002,2,8,-1.5,-0.6471,-0.0372,0,0,,,0.1414,-0.0137,,,,,,,,,,,
spelad,GR,2021/22,2022-05-11,,AEK,Giannina,3,0,H,13,8,7,3,1.8905,0.954,skott,,,,,,,,,,0.7059,0.1998,0.0944,0.7835,0.1493,0.0672,1,1.37,5,10.5,1.25,7,15,0.4856,0.567,-0.3046,0.7553,-0.3961,0,9,2,0.4263,-0.1395,0,0,,,0.1823,-0.0299,,,,,,,,,,,
spelad,GR,2021/22,2022-05-11,,Olympiakos,Panathinaikos,1,2,A,16,6,9,3,2.3884,0.8356,skott,,,,,,,,,,0.4749,0.3193,0.2059,0.4708,0.3054,0.2238,1,2.03,3.3,4.7,2.1,3.3,4.4,0.3815,0.4076,-0.1608,0.2963,-0.4108,0,14,0.4286,-0.4704,0.1801,0,0,,,-0.0261,-0.0333,,,,,,,,,,,
spelad,GR,2021/22,2022-05-11,,PAOK,Aris,0,1,A,5,6,3,1,0.7764,0.5153,skott,,,,,,,,,,0.4658,0.3173,0.2169,0.4514,0.318,0.2306,1,2.1,3.25,4.4,2.24,3.2,4.15,0.3738,0.3599,0.0304,-0.1819,-0.2913,0,13,0,-0.4867,0.1113,0,0,,,-0.0425,-0.0461,,,,,,,,,,,
spelad,GR,2021/22,2022-05-14,,Aris,AEK,3,2,H,12,7,11,4,2.4719,1.0549,skott,,,,,,,,,,0.3867,0.3056,0.3076,0.3642,0.3031,0.3326,1,2.48,3.19,3.25,2.65,3.31,2.94,0.3885,0.4184,0.3073,0.0076,0.3734,0,13,-0.4615,0.138,-0.0551,0,0,,,-0.07,0.0099,,,,,,,,,,,
spelad,GR,2021/22,2022-05-14,,Olympiakos,PAOK,1,1,D,11,7,6,3,1.612,0.8948,skott,,,,,,,,,,0.4706,0.2824,0.247,0.4407,0.2829,0.2764,1,2.03,3.45,4,2.36,3.52,3.88,0.4301,0.5,0.402,0.0652,0.7571,0,15,0.8,0.3091,-0.0844,0,0,,,-0.0893,-0.0489,,,,,,,,,,,
spelad,GR,2021/22,2022-05-14,,Panathinaikos,Giannina,4,0,H,24,5,8,3,2.7018,0.7764,skott,,,,,,,,,,0.7071,0.2118,0.0811,0.8215,0.1322,0.0464,1,1.35,4.85,13,1.25,7.3,27,0.4619,0.5547,0.6883,-0.3151,0.5497,0,9,0,-0.2541,-0.1915,0,0,,,0.2634,-0.0402,,,,,,,,,,,
spelad,GR,2021/22,2022-05-14,,Volos NFC,OFI Crete,5,0,H,11,16,8,8,1.9323,2.2282,skott,,,,,,,,,,0.4286,0.2706,0.3007,0.4923,0.2653,0.2424,1,2.3,3.56,3.16,2.26,3.84,4.1,0.4947,0.5633,-0.2747,0.0469,-0.107,1,7,0,0.2545,-0.1423,0,0,,,0.1857,-0.0195,,,,,,,,,,,
spelad,GR,2021/22,2022-05-15,,Asteras Tripolis,Apollon,2,2,D,10,8,3,2,1.0724,0.7938,skott,,,,,,,,,,0.6233,0.2371,0.1396,0.6793,0.2207,0.1,1,1.55,4.2,7.5,1.51,4.4,9.68,0.4301,0.4401,-0.7355,0.3517,-0.404,-1,8,2.625,0.8788,-0.1459,0,0,,,0.1517,-0.0807,,,,,,,,,,,
spelad,GR,2021/22,2022-05-15,,Ionikos,Panetolikos,3,1,H,13,12,7,6,1.8905,1.6712,skott,,,,,,,,,,0.4482,0.2823,0.2694,0.4411,0.2973,0.2616,1,2.14,3.49,3.8,2.27,3.56,3.75,0.4724,0.4753,1.014,-1.0605,1.309,0,,,,,0,0,,,-0.0063,-0.0196,,,,,,,,,,,
spelad,GR,2021/22,2022-05-15,,Lamia,Atromitos,0,0,D,10,10,5,5,1.3926,1.3926,skott,,,,,,,,,,0.373,0.3037,0.3233,0.3413,0.3197,0.3389,1,2.63,3.35,2.96,2.85,3.36,2.86,0.439,0.4381,-0.4702,0.4174,-0.5157,0,12,-0.75,-0.2309,0.2638,0,0,,,-0.0789,0.0102,,,,,,,,,,,
spelad,GR,2021/22,2022-05-17,,AEK,Olympiakos,2,3,A,10,19,8,11,1.8731,2.8862,skott,,,,,,,,,,0.4235,0.2865,0.29,0.4022,0.2849,0.3128,1,2.31,3.55,3.3,2.4,3.46,3.1,0.487,0.4935,-0.1134,-0.4652,-0.4135,0,15,-1.4,-0.3555,-0.0194,0,0,,,-0.0653,-0.0047,,,,,,,,,,,
spelad,GR,2021/22,2022-05-17,,Giannina,Aris,0,3,A,6,7,4,3,0.9957,0.8948,skott,,,,,,,,,,0.2193,0.2978,0.4829,0.2392,0.2848,0.476,1,4.4,3.36,2,4,3.46,2.18,0.3925,0.4583,-0.2572,0.0523,-0.1759,0,7,0.8571,0.7768,0.1268,0,0,,,0.0467,0.0684,,,,,,,,,,,
spelad,GR,2021/22,2022-05-17,,PAOK,Panathinaikos,2,0,H,8,5,7,0,1.5945,0.296,skott,,,,,,,,,,0.4162,0.3245,0.2594,0.5109,0.2699,0.2191,1,2.33,3.25,3.69,1.94,3.55,4.5,0.3793,0.4393,-1.0918,0.7867,-1.5159,0,15,0.6,-0.1624,-0.0046,0,0,,,0.2298,-0.0258,,,,,,,,,,,
spelad,GR,2022/23,2022-08-19,,Volos NFC,Asteras Tripolis,3,3,D,9,12,6,4,1.4936,1.3509,skott,,,,,,,,,,0.3589,0.3072,0.3339,0.3818,0.3121,0.3061,1,2.74,3.35,2.88,2.74,3.48,3.13,0.4319,0.4308,0.6696,-1.1607,0.7769,,8,-1.5,-0.4383,-0.0283,0,0,,,0.0734,-0.0053,,,,,,,,,,,
spelad,GR,2022/23,2022-08-20,,Atromitos,OFI Crete,3,1,H,6,5,4,2,0.9957,0.6163,skott,,,,,,,,,,0.4505,0.2911,0.2585,0.4389,0.3067,0.2545,1,2.25,3.5,3.8,2.24,3.5,3.76,0.4658,0.4609,0.576,-1.1623,0.1594,,10,-0.6,-0.4418,0.2963,0,0,,,-0.0192,-0.0245,,,,,,,,,,,
spelad,GR,2022/23,2022-08-20,,Lamia,AEK,0,3,A,4,8,2,3,0.5571,0.954,skott,,,,,,,,,,0.1273,0.2326,0.6401,0.0694,0.1977,0.7329,1,8.5,4.14,1.54,17,5.39,1.33,0.4282,0.4101,0.309,0.1263,0.1756,,10,-2.4,-0.3526,-0.0159,0,0,,,-0.2087,-0.0036,,,,,,,,,,,
spelad,GR,2022/23,2022-08-20,,PAOK,Panetolikos,1,0,H,9,4,7,2,1.6537,0.5571,skott,,,,,,,,,,0.7452,0.1763,0.0784,0.6429,0.2282,0.1289,1,1.32,5.5,13,1.52,4.5,7.6,0.5273,0.5234,-0.1895,-0.2407,-0.504,,10,3,0.6496,-0.1857,0,0,,,-0.2552,-0.0145,,,,,,,,,,,
spelad,GR,2022/23,2022-08-21,,Aris,Levadeiakos,3,0,H,10,9,6,4,1.5528,1.1733,skott,,,,,,,,,,0.6822,0.2025,0.1154,0.6892,0.2011,0.1097,1,1.44,4.8,9.4,1.46,4.73,10,0.4712,0.474,0.8529,-1.0895,1.1954,,,,,,-1,0,,,0.0197,-0.0478,,,,,,,,,,,
spelad,GR,2022/23,2022-08-21,,Olympiakos,Giannina,2,0,H,12,8,4,3,1.3509,0.954,skott,,,,,,,,,,0.7606,0.1536,0.0858,0.7706,0.1574,0.072,1,1.3,6.62,12,1.31,6.77,13.28,0.5368,0.5504,0.2236,-0.1718,0.2838,,10,1.8,-0.003,0.0091,0,0,,,0.0339,-0.0652,,,,,,,,,,,
spelad,GR,2022/23,2022-08-21,,Panathinaikos,Ionikos,1,0,H,9,3,4,1,1.1733,0.3377,skott,,,,,,,,,,0.7304,0.1781,0.0915,0.7332,0.1785,0.0883,1,1.36,5.5,11,1.36,5.5,12.2,0.5249,0.5065,-0.2612,0.4199,-0.4883,,,,,,0,0,,,0.0089,-0.0309,,,,,,,,,,,
spelad,GR,2022/23,2022-08-26,,Ionikos,Levadeiakos,0,0,D,12,13,4,2,1.3509,1.0898,skott,,,,,,,,,,0.4573,0.2905,0.2522,0.4622,0.2944,0.2434,1,2.15,3.34,3.8,2.15,3.4,4.09,0.4271,0.4256,1.6187,-2.3628,1.8913,0,,,,,-1,0,,,0.0185,-0.0012,,,,,,,,,,,
spelad,GR,2022/23,2022-08-27,,AEK,Volos NFC,0,1,A,16,5,4,3,1.5877,0.7764,skott,,,,,,,,,,0.77,0.1487,0.0814,0.7518,0.1591,0.0891,1,1.26,6.6,13,1.31,6.6,13,0.5975,0.597,0.0307,0.1255,-0.4332,-1,6,0.5,-0.4688,-0.0524,0,0,,,-0.044,-0.0085,,,,,,,,,,,
spelad,GR,2022/23,2022-08-27,,Giannina,Lamia,1,1,D,12,11,3,5,1.1907,1.4518,skott,,,,,,,,,,0.4979,0.2987,0.2034,0.4657,0.3183,0.216,1,2.05,3.3,4.7,2.06,3.25,4.7,0.3768,0.359,-0.4166,0.7632,0.1103,-1,9,0.3333,-0.0773,0.1286,0,0,,,-0.0769,0.0179,,,,,,,,,,,
spelad,GR,2022/23,2022-08-28,,OFI Crete,Panathinaikos,0,2,A,4,10,1,5,0.3969,1.3926,skott,,,,,,,,,,0.2203,0.2771,0.5026,0.2322,0.2822,0.4856,1,4.8,3.47,2,4.3,3.44,2.03,0.4352,0.4308,-1.276,1.8092,-0.9925,1,10,0.6,0.5764,0.1222,0,0,,,0.0409,0.0115,,,,,,,,,,,
spelad,GR,2022/23,2022-08-28,,Panetolikos,Aris,3,1,H,9,14,3,5,1.0132,1.6294,skott,,,,,,,,,,0.2197,0.2907,0.4896,0.1854,0.2984,0.5162,1,4.75,3.32,2.05,5.31,3.38,1.9,0.4154,0.3915,-1.4077,1.2768,-1.4721,1,8,-1.125,0.0895,-0.1323,0,0,,,-0.0952,0.0197,,,,,,,,,,,
spelad,GR,2022/23,2022-08-28,,PAOK,Atromitos,2,1,H,14,6,4,4,1.4693,0.9957,skott,,,,,,,,,,0.6483,0.2181,0.1335,0.6709,0.2089,0.1201,1,1.53,4.4,7.04,1.49,4.56,8.22,0.4842,0.4935,-0.7177,0.6453,-0.8651,0,10,1.2,-0.1872,-0.0222,0,0,,,0.0586,-0.0524,,,,,,,,,,,
spelad,GR,2022/23,2022-08-29,,Asteras Tripolis,Olympiakos,0,0,D,3,16,1,1,0.3377,1.1072,skott,,,,,,,,,,0.2216,0.2652,0.5131,0.191,0.288,0.5209,1,5,3.62,1.85,6.23,3.47,1.9,0.4593,0.3802,-0.9407,0.3574,-1.0911,2,12,-2.25,-0.3198,0.0409,0,0,,,-0.069,-0.0207,,,,,,,,,,,
spelad,GR,2022/23,2022-09-03,,Lamia,Asteras Tripolis,0,0,D,12,9,4,3,1.3509,1.0132,skott,,,,,,,,,,0.305,0.3119,0.3831,0.3303,0.3226,0.3471,1,3.2,3.13,2.5,3.15,3.15,2.78,0.3802,0.3759,0.5047,-0.2509,0.4028,2,12,0.5,0.5183,0.1953,0,0,,,0.0867,-0.0157,,,,,,,,,,,
spelad,GR,2022/23,2022-09-03,,Olympiakos,Ionikos,3,1,H,12,9,3,2,1.1907,0.853,skott,,,,,,,,,,0.7927,0.1403,0.067,0.7419,0.1723,0.0858,1,1.22,7,15,1.37,7,15,0.5795,0.5644,-0.5439,1.188,-0.4604,-3,,,,,0,0,,,-0.1203,-0.0552,,,,,,,,,,,
spelad,GR,2022/23,2022-09-03,,Panathinaikos,Levadeiakos,1,0,H,11,4,3,1,1.1316,0.3969,skott,,,,,,,,,,0.8442,0.1208,0.0351,0.8213,0.1391,0.0397,1,1.19,7.9,27.21,1.2,7.5,26,0.483,0.4921,1.3278,-1.751,1.2868,-2,4,0,-0.7598,0.2451,-1,0,,,-0.0505,-0.0274,,,,,,,,,,,
spelad,GR,2022/23,2022-09-04,,AEK,Giannina,2,0,H,10,7,5,0,1.3926,0.4144,skott,,,,,,,,,,0.756,0.1653,0.0786,0.7644,0.1615,0.0742,1,1.27,6,25,1.26,6.05,20,0.5512,0.5558,0.3163,-1.3281,-0.2432,0,10,2.1,0.4337,-0.1405,0,0,,,0.0212,-0.0128,,,,,,,,,,,
spelad,GR,2022/23,2022-09-04,,Aris,PAOK,0,0,D,14,7,3,2,1.3091,0.7346,skott,,,,,,,,,,0.3732,0.317,0.3098,0.394,0.3159,0.2901,1,2.6,3.25,3.1,2.55,3.2,3.3,0.4092,0.3846,0.4087,-0.3394,0.6605,0,14,0.2143,0.4907,0.0807,0,0,,,0.0612,-0.023,,,,,,,,,,,
spelad,GR,2022/23,2022-09-04,,Atromitos,Panetolikos,1,1,D,13,5,3,1,1.2499,0.4561,skott,,,,,,,,,,0.4772,0.2962,0.2266,0.4556,0.3047,0.2398,1,2.01,3.44,4.5,2.13,3.34,4.05,0.4401,0.4246,0.3069,-0.449,0.2408,0,13,0.6923,0.1697,0.0049,0,0,,,-0.0565,-0.0114,,,,,,,,,,,
spelad,GR,2022/23,2022-09-04,,Volos NFC,OFI Crete,0,1,A,13,4,1,1,0.9297,0.3969,skott,,,,,,,,,,0.5224,0.2562,0.2214,0.5077,0.2816,0.2107,1,1.95,3.77,4.3,1.95,3.64,4.53,0.5158,0.4935,0.7719,-2.1556,0.9286,1,8,0.375,0.3799,-0.1577,0,0,,,-0.0186,-0.0326,,,,,,,,,,,
spelad,GR,2022/23,2022-09-10,,Giannina,Levadeiakos,2,1,H,15,7,7,3,2.0089,0.8948,skott,,,,,,,,,,0.4622,0.2926,0.2453,0.4621,0.2999,0.238,1,2.11,3.3,4.4,2.1,3.35,4.4,0.3881,0.3802,0.117,0.0456,0.2851,-1,4,1.5,0.3933,0.1904,-1,0,,,0.0073,-0.0065,,,,,,,,,,,
spelad,GR,2022/23,2022-09-10,,Ionikos,Atromitos,1,4,A,13,11,6,10,1.7304,2.2525,skott,,,,,,,,,,0.4032,0.297,0.2998,0.4328,0.3188,0.2484,1,2.4,3.25,3.4,2.4,3.3,3.85,0.4227,0.4184,0.7588,-0.6041,1.0078,1,3,3,1.9069,-0.304,0,0,,,0.1106,-0.029,,,,,,,,,,,
spelad,GR,2022/23,2022-09-10,,OFI Crete,Panetolikos,1,2,A,10,10,5,5,1.3926,1.3926,skott,,,,,,,,,,0.4456,0.2912,0.2632,0.4056,0.3128,0.2815,1,2.16,3.3,4,2.36,3.25,3.52,0.4148,0.4101,-0.472,1.3538,-0.3569,0,10,-0.6,-0.491,-0.0925,0,0,,,-0.0983,0.0141,,,,,,,,,,,
spelad,GR,2022/23,2022-09-11,,Asteras Tripolis,Aris,0,2,A,18,8,6,5,2.0263,1.2743,skott,,,,,,,,,,0.3132,0.3217,0.365,0.2535,0.3111,0.4355,1,3.09,3.2,2.6,3.78,3.25,2.25,0.386,0.3837,-0.8596,0.7497,-0.8713,1,10,-1.8,-0.5782,-0.0971,0,0,,,-0.19,0.0209,,,,,,,,,,,
spelad,GR,2022/23,2022-09-11,,Olympiakos,Volos NFC,1,1,D,18,5,4,1,1.7061,0.4561,skott,,,,,,,,,,0.7402,0.1747,0.0851,0.7564,0.1663,0.0772,1,1.29,6,13,1.3,6.48,14.65,0.5289,0.5391,0.2305,0.6639,0.1567,1,6,2.5,0.216,0.0104,0,0,,,0.0403,-0.0241,,,,,,,,,,,
spelad,GR,2022/23,2022-09-11,,Panathinaikos,AEK,2,1,H,12,10,5,3,1.511,1.0724,skott,,,,,,,,,,0.4212,0.3087,0.27,0.391,0.3338,0.2753,1,2.3,3.2,3.56,2.46,3.25,3.75,0.392,0.3599,0.9416,-0.2262,1.1585,1,16,-0.375,0.0329,0.2061,0,0,,,-0.0658,0.0149,,,,,,,,,,,
spelad,GR,2022/23,2022-09-12,,PAOK,Lamia,1,0,H,13,6,3,3,1.2499,0.8356,skott,,,,,,,,,,0.7937,0.1406,0.0656,0.6936,0.2005,0.1059,1,1.25,7,15,1.4,5.11,10,0.4921,0.4609,0.1839,-0.2861,-0.0286,-1,10,3,0.6325,-0.1833,0,0,,,-0.2406,-0.0157,,,,,,,,,,,
spelad,GR,2022/23,2022-09-17,,Atromitos,Lamia,0,0,D,14,9,1,3,0.9889,1.0132,skott,,,,,,,,,,0.5166,0.2778,0.2055,0.4847,0.3172,0.1981,1,1.96,3.45,5,2,3.3,5,0.4005,0.3692,0.2331,-0.6225,0.1003,2,13,0.6923,-0.0562,0.2958,0,0,,,-0.0564,0.0099,,,,,,,,,,,
spelad,GR,2022/23,2022-09-17,,Panathinaikos,Giannina,3,0,H,15,9,6,3,1.8488,1.0132,skott,,,,,,,,,,0.7542,0.175,0.0708,0.7171,0.2004,0.0826,1,1.28,5.5,17.3,1.36,5.2,17.3,0.4935,0.4661,1.0938,-1.8994,0.6079,-1,10,0.3,-0.1884,-0.1856,0,0,,,-0.0861,-0.0166,,,,,,,,,,,
spelad,GR,2022/23,2022-09-17,,Panetolikos,AEK,0,2,A,6,18,0,4,0.3552,1.7061,skott,,,,,,,,,,0.174,0.2437,0.5822,0.1845,0.2672,0.5483,1,6,3.94,1.75,5.7,3.67,1.77,0.4766,0.4393,0.6017,-0.0071,1.0768,1,10,-1.8,0.0093,-0.2232,0,0,,,0.055,0.014,,,,,,,,,,,
spelad,GR,2022/23,2022-09-18,,Aris,Olympiakos,2,1,H,12,6,3,2,1.1907,0.6754,skott,,,,,,,,,,0.2497,0.2886,0.4617,0.234,0.2874,0.4786,1,4.05,3.45,2.17,4.45,3.4,2.07,0.4227,0.4137,0.4232,-0.6713,0.2424,0,14,-2.1429,-0.5176,-0.1075,0,0,,,-0.0483,-0.0013,,,,,,,,,,,
spelad,GR,2022/23,2022-09-18,,Levadeiakos,Asteras Tripolis,1,1,D,9,12,4,5,1.1733,1.511,skott,,,,,,,,,,0.3324,0.3046,0.363,0.3112,0.3271,0.3617,1,3,3.2,2.65,3.09,3.13,2.65,0.392,0.3827,0.3108,0.0396,0.3596,1,4,-0.75,0.1776,-0.0169,1,0,,,-0.0411,0.0054,,,,,,,,,,,
spelad,GR,2022/23,2022-09-18,,OFI Crete,PAOK,1,1,D,11,15,4,5,1.2917,1.6886,skott,,,,,,,,,,0.2214,0.2687,0.5099,0.1918,0.2755,0.5326,1,4.75,3.58,1.88,5.7,3.64,1.79,0.4439,0.4344,-0.599,1.1458,-0.3125,2,10,-2.7,-0.4596,-0.0988,0,0,,,-0.0819,-0.0076,,,,,,,,,,,
spelad,GR,2022/23,2022-09-18,,Volos NFC,Ionikos,2,0,H,10,8,3,3,1.0724,0.954,skott,,,,,,,,,,0.4749,0.2821,0.243,0.4732,0.2987,0.2281,1,2.05,3.52,4.15,2.03,3.37,4.42,0.4751,0.4209,-0.2606,-0.3676,-0.3354,-1,3,0,-0.3546,0.7014,0,0,,,0.0114,0.0082,,,,,,,,,,,
spelad,GR,2022/23,2022-10-01,,Lamia,Levadeiakos,1,0,H,15,8,3,2,1.3683,0.7938,skott,,,,,,,,,,0.4368,0.3047,0.2585,0.4505,0.3164,0.233,1,2.28,3.2,3.7,2.15,3.32,4.1,0.3683,0.3665,0.3116,-0.7219,0.5633,1,4,0.75,0.0616,0.4317,-1,0,,,0.053,-0.0005,,,,,,,,,,,
spelad,GR,2022/23,2022-10-02,,Asteras Tripolis,OFI Crete,2,0,H,9,11,4,3,1.1733,1.1316,skott,,,,,,,,,,0.5078,0.2746,0.2176,0.4758,0.2998,0.2245,1,1.95,3.47,4.5,2.05,3.39,4.45,0.4143,0.403,-0.4486,-0.2585,-0.4412,0,9,1,0.4768,-0.067,0,0,,,-0.0709,-0.0124,,,,,,,,,,,
spelad,GR,2022/23,2022-10-02,,Olympiakos,Atromitos,2,0,H,15,5,7,2,2.0089,0.6163,skott,,,,,,,,,,0.7152,0.1914,0.0934,0.7167,0.1895,0.0938,1,1.34,5.5,11.3,1.37,5.1,11.3,0.5039,0.5208,-0.2374,0.7494,-0.358,-1,10,1.8,0.0432,-0.0009,0,0,,,0.0024,-0.0255,,,,,,,,,,,
spelad,GR,2022/23,2022-10-02,,PAOK,Panathinaikos,1,2,A,12,7,3,5,1.1907,1.2151,skott,,,,,,,,,,0.3649,0.326,0.309,0.4037,0.3369,0.2593,1,2.63,3.2,3.07,2.45,3.05,3.7,0.3815,0.3398,-0.7114,0.8419,-0.6534,-1,16,0.75,-0.0774,-0.0212,0,0,,,0.1274,-0.0237,,,,,,,,,,,
spelad,GR,2022/23,2022-10-02,,Volos NFC,Aris,2,0,H,9,16,4,4,1.1733,1.5877,skott,,,,,,,,,,0.2634,0.2936,0.4431,0.2195,0.2858,0.4947,1,3.75,3.4,2.21,4.4,3.61,2.12,0.4253,0.4246,-0.4952,-0.1648,-0.5112,0,6,-1,0.1721,-0.2568,0,0,,,-0.1394,0.0496,,,,,,,,,,,
spelad,GR,2022/23,2022-10-03,,AEK,Ionikos,4,1,H,27,5,8,2,2.8794,0.6163,skott,,,,,,,,,,0.7932,0.1414,0.0655,0.7846,0.1526,0.0627,1,1.21,7,17,1.23,6.5,18,0.5751,0.5495,-0.1035,-0.4633,-0.5899,1,,,,,0,0,,,-0.0144,-0.0272,,,,,,,,,,,
spelad,GR,2022/23,2022-10-03,,Giannina,Panetolikos,1,4,A,18,12,3,5,1.5459,1.511,skott,,,,,,,,,,0.4089,0.308,0.2832,0.4347,0.3156,0.2497,1,2.35,3.18,3.4,2.35,3.13,3.83,0.386,0.3683,-0.8778,1.8097,-0.6235,0,9,-0.3333,-0.2399,-0.0888,0,0,,,0.0851,-0.0466,,,,,,,,,,,
spelad,GR,2022/23,2022-10-08,,Ionikos,Lamia,1,1,D,18,6,8,3,2.3466,0.8356,skott,,,,,,,,,,0.4088,0.3056,0.2856,0.3939,0.3169,0.2892,1,2.34,3.2,3.4,2.43,3.15,3.4,0.389,0.3812,0.0685,0.2368,-0.1326,-2,3,-1,-0.156,-0.3218,0,0,,,-0.0335,0.0099,,,,,,,,,,,
spelad,GR,2022/23,2022-10-08,,Panetolikos,Volos NFC,2,3,A,7,15,5,7,1.2151,2.0089,skott,,,,,,,,,,0.437,0.3077,0.2552,0.4091,0.2973,0.2936,1,2.19,3.25,3.77,2.45,3.4,3.55,0.403,0.4456,-0.3818,0.8725,-0.339,-1,9,0.3333,-0.0019,0.1578,0,0,,,-0.0943,-0.0062,,,,,,,,,,,
spelad,GR,2022/23,2022-10-09,,Aris,AEK,0,2,A,10,17,1,7,0.7521,2.1273,skott,,,,,,,,,,0.3279,0.3018,0.3702,0.3524,0.3015,0.3461,1,2.91,3.19,2.63,3.05,3.3,2.77,0.4118,0.4456,0.5264,0.0165,0.8171,1,14,-0.2143,0.2427,-0.0728,0,0,,,0.0731,-0.0247,,,,,,,,,,,
spelad,GR,2022/23,2022-10-09,,Levadeiakos,PAOK,1,1,D,10,13,3,4,1.0724,1.4101,skott,,,,,,,,,,0.1716,0.2714,0.557,0.1745,0.2684,0.5571,1,5.6,3.8,1.72,5.46,3.75,1.8,0.4101,0.4419,-0.8346,1.0715,-0.556,1,4,-2.25,-0.1529,0.0871,1,0,,,0.0056,0.0328,,,,,,,,,,,
spelad,GR,2022/23,2022-10-09,,OFI Crete,Olympiakos,1,2,A,9,14,3,6,1.0132,1.7896,skott,,,,,,,,,,0.1352,0.23,0.6348,0.1481,0.2463,0.6056,1,8,4.3,1.53,7.25,4.15,1.6,0.4818,0.4534,-0.3526,1.1157,-0.0969,0,10,-2.4,-0.1455,-0.1704,0,0,,,0.0549,0.0074,,,,,,,,,,,
spelad,GR,2022/23,2022-10-09,,Panathinaikos,Asteras Tripolis,1,0,H,19,4,6,2,2.0855,0.5571,skott,,,,,,,,,,0.6679,0.2242,0.1079,0.6608,0.2321,0.1072,1,1.44,4.33,9.1,1.45,4.5,9.5,0.4301,0.4271,1.2031,-0.9164,1.1113,0,12,-0.5,-0.6106,0.1943,0,0,,,-0.0135,-0.0013,,,,,,,,,,,
spelad,GR,2022/23,2022-10-10,,Atromitos,Giannina,2,1,H,13,8,4,2,1.4101,0.7938,skott,,,,,,,,,,0.5272,0.272,0.2008,0.4976,0.3004,0.202,1,1.84,3.52,5.5,2,3.34,4.75,0.3975,0.3837,0.4312,-1.816,0.2979,1,9,0.3333,0.0233,0.1394,0,0,,,-0.0605,-0.0431,,,,,,,,,,,
spelad,GR,2022/23,2022-10-15,,Aris,Ionikos,2,1,H,15,9,4,6,1.5285,1.4936,skott,,,,,,,,,,0.6804,0.2117,0.1079,0.6845,0.2033,0.1122,1,1.4,4.75,8.9,1.45,5,9.2,0.4623,0.5026,0.7943,-1.2054,0.444,-1,,,,,0,0,,,0.0038,-0.0279,,,,,,,,,,,
spelad,GR,2022/23,2022-10-15,,Volos NFC,Levadeiakos,2,1,H,18,9,5,8,1.8662,1.8139,skott,,,,,,,,,,0.5336,0.2851,0.1812,0.5631,0.2673,0.1696,1,1.84,3.58,5.3,1.8,3.78,6,0.4519,0.4571,1.3783,-1.8615,1.3258,1,,,,,-1,0,,,0.0705,-0.0184,,,,,,,,,,,
spelad,GR,2022/23,2022-10-16,,AEK,Atromitos,1,0,H,26,8,13,4,3.6209,1.1141,skott,,,,,,,,,,0.7448,0.1641,0.0912,0.7493,0.1693,0.0813,1,1.31,5.9,13,1.31,6.02,12,0.5223,0.5403,-0.0661,-0.0872,-0.2969,1,10,0.9,-0.0632,-0.1583,0,0,,,0.019,-0.0464,,,,,,,,,,,
spelad,GR,2022/23,2022-10-16,,Asteras Tripolis,Panetolikos,0,0,D,8,3,0,2,0.4736,0.4979,skott,,,,,,,,,,0.5224,0.2798,0.1978,0.4846,0.2984,0.217,1,1.92,3.5,4.8,2.02,3.4,4.5,0.4118,0.389,-0.5439,0.5672,-0.5419,-1,12,1.25,0.2335,0.2942,0,0,,,-0.0947,-0.0221,,,,,,,,,,,
spelad,GR,2022/23,2022-10-16,,Giannina,OFI Crete,2,2,D,11,12,4,3,1.2917,1.1907,skott,,,,,,,,,,0.4228,0.2969,0.2802,0.4393,0.3099,0.2507,1,2.26,3.28,3.41,2.3,3.32,3.85,0.4275,0.4148,-0.107,0.2486,-0.017,-1,7,-0.8571,-0.4619,0.1183,0,0,,,0.0625,-0.0274,,,,,,,,,,,
spelad,GR,2022/23,2022-10-16,,Lamia,Panathinaikos,0,2,A,4,9,0,4,0.2368,1.1733,skott,,,,,,,,,,0.1537,0.2754,0.5709,0.184,0.3178,0.4982,1,6.5,3.55,1.67,5.4,3.2,1.98,0.3738,0.3279,-1.1605,0.7226,-0.8096,1,10,-1.5,-0.2359,0.023,0,0,,,0.1333,0.019,,,,,,,,,,,
spelad,GR,2022/23,2022-10-17,,Olympiakos,PAOK,1,2,A,17,7,3,1,1.4867,0.5745,skott,,,,,,,,,,0.5514,0.2534,0.1952,0.5358,0.2797,0.1845,1,1.8,3.76,5.5,1.84,3.5,5.34,0.4352,0.4133,0.0978,-0.1247,0.0634,0,16,0.75,0.252,-0.0343,0,0,,,-0.0203,-0.0221,,,,,,,,,,,
spelad,GR,2022/23,2022-10-22,,Atromitos,Volos NFC,0,2,A,13,8,5,4,1.5702,1.1141,skott,,,,,,,,,,0.4094,0.2921,0.2985,0.3953,0.2962,0.3086,1,2.34,3.4,3.6,2.51,3.3,3.13,0.4519,0.4534,-0.7413,0.3438,-0.6866,-1,9,0.3333,0.0194,-0.0581,0,0,,,-0.0384,-0.0079,,,,,,,,,,,
spelad,GR,2022/23,2022-10-22,,Panetolikos,Olympiakos,0,2,A,5,16,0,3,0.296,1.4275,skott,,,,,,,,,,0.155,0.2428,0.6023,0.1246,0.2242,0.6512,1,6.7,4.33,1.6,7.63,4.24,1.53,0.4661,0.4727,0.5144,-0.8728,0.7695,1,10,-3,-0.431,-0.1659,0,0,,,-0.1097,0.0449,,,,,,,,,,,
spelad,GR,2022/23,2022-10-23,,Ionikos,Giannina,2,2,D,11,12,4,6,1.2917,1.6712,skott,,,,,,,,,,0.435,0.2918,0.2733,0.5278,0.286,0.1862,1,2.2,3.3,3.65,2,3.5,5.13,0.419,0.4393,-0.3768,0.1873,-0.2215,1,,,,,0,0,,,0.2727,-0.0868,,,,,,,,,,,
spelad,GR,2022/23,2022-10-23,,Panathinaikos,Aris,1,0,H,12,5,3,1,1.1907,0.4561,skott,,,,,,,,,,0.5224,0.2789,0.1987,0.5535,0.2894,0.1571,1,1.88,3.48,5.1,1.75,3.45,6.06,0.4179,0.3492,0.8577,-0.6347,1.1107,-1,14,0.4286,0.2633,-0.0203,0,0,,,0.1037,-0.0302,,,,,,,,,,,
spelad,GR,2022/23,2022-10-23,,PAOK,Asteras Tripolis,2,2,D,19,9,6,4,2.0855,1.1733,skott,,,,,,,,,,0.6434,0.2331,0.1234,0.6986,0.215,0.0865,1,1.5,4.1,9,1.4,4.6,11,0.4439,0.4407,0.6074,-0.1401,0.3664,-1,12,1.25,-0.0114,-0.1436,0,0,,,0.1473,-0.0301,,,,,,,,,,,
spelad,GR,2022/23,2022-10-24,,Levadeiakos,AEK,0,2,A,6,15,2,4,0.6754,1.5285,skott,,,,,,,,,,0.1156,0.2169,0.6675,0.0852,0.1816,0.7332,1,9.6,4.5,1.44,11.19,5.5,1.33,0.4777,0.5429,-0.829,0.6206,-0.6338,1,4,-3,-0.3836,-0.161,1,0,,,-0.1266,0.0306,,,,,,,,,,,
spelad,GR,2022/23,2022-10-24,,OFI Crete,Lamia,0,0,D,13,13,2,5,1.0898,1.5702,skott,,,,,,,,,,0.4345,0.3017,0.2638,0.4145,0.303,0.2825,1,2.2,3.25,3.63,2.37,3.36,3.88,0.3929,0.4148,-0.1266,0.1047,-0.2789,0,10,0.6,0.1674,-0.0982,0,0,,,-0.0586,0.0089,,,,,,,,,,,
spelad,GR,2022/23,2022-10-29,,Ionikos,Panetolikos,1,1,D,15,12,2,4,1.2082,1.3509,skott,,,,,,,,,,0.4476,0.2929,0.2596,0.473,0.2922,0.2348,1,2.15,3.34,3.8,2.3,3.4,4.07,0.422,0.4246,-1.3209,1.8517,-1.1208,-1,3,0,-0.0996,0.0231,0,0,,,0.0757,-0.0353,,,,,,,,,,,
spelad,GR,2022/23,2022-10-29,,Volos NFC,Panathinaikos,1,5,A,10,14,1,7,0.7521,1.9497,skott,,,,,,,,,,0.2037,0.2755,0.5209,0.201,0.28,0.519,1,4.68,3.6,1.87,4.75,3.42,2,0.4148,0.4076,0.07,-0.4579,0.0805,1,6,-1,0.0374,0.0782,0,0,,,-0.0034,0.0327,,,,,,,,,,,
spelad,GR,2022/23,2022-10-30,,AEK,PAOK,2,0,H,16,4,6,0,1.9079,0.2368,skott,,,,,,,,,,0.5743,0.2581,0.1676,0.5646,0.2695,0.1659,1,1.7,3.75,6,1.74,3.65,5.75,0.4401,0.4148,-0.0509,0.0845,0.3261,-1,16,-0.5625,-0.2467,0.1445,0,0,,,-0.0179,-0.028,,,,,,,,,,,
spelad,GR,2022/23,2022-10-30,,Aris,OFI Crete,1,1,D,19,4,3,2,1.6051,0.5571,skott,,,,,,,,,,0.6674,0.2214,0.1112,0.6795,0.2148,0.1057,1,1.43,4.5,9,1.47,4.53,9.5,0.4427,0.4571,0.227,0.0773,0.056,1,10,1.5,0.3488,0.0397,0,0,,,0.0299,-0.0337,,,,,,,,,,,
spelad,GR,2022/23,2022-10-30,,Levadeiakos,Atromitos,2,1,H,11,11,3,1,1.1316,0.8113,skott,,,,,,,,,,0.3258,0.3203,0.3538,0.3182,0.3258,0.356,1,2.91,3.2,2.75,3.01,3.2,2.76,0.3781,0.3707,-0.3127,0.218,-0.2928,-2,4,-3,-0.7696,-0.2706,1,0,,,-0.0175,0.0031,,,,,,,,,,,
spelad,GR,2022/23,2022-10-30,,Olympiakos,Lamia,2,0,H,13,10,7,1,1.8905,0.7521,skott,,,,,,,,,,0.7882,0.1441,0.0677,0.7923,0.1456,0.0621,1,1.25,6.51,14,1.25,6.8,15.32,0.5262,0.5622,0.1001,0.0298,-0.2866,2,10,3,0.5,-0.147,0,0,,,0.0139,-0.0401,,,,,,,,,,,
spelad,GR,2022/23,2022-10-31,,Giannina,Asteras Tripolis,2,1,H,10,9,4,2,1.2325,0.853,skott,,,,,,,,,,0.3804,0.3017,0.3179,0.3384,0.3314,0.3302,1,2.55,3.2,2.98,2.88,3.05,3.05,0.385,0.3468,-0.3698,1.0474,-0.2521,0,8,0,0.0828,0.1896,0,0,,,-0.0964,0.0171,,,,,,,,,,,
spelad,GR,2022/23,2022-11-05,,Atromitos,Aris,0,0,D,6,10,2,3,0.6754,1.0724,skott,,,,,,,,,,0.278,0.2872,0.4347,0.2587,0.3001,0.4412,1,3.6,3.4,2.21,3.82,3.31,2.19,0.4076,0.4148,-0.31,-0.0726,-0.0695,0,8,0,0.3082,-0.0455,0,0,,,-0.045,0.008,,,,,,,,,,,
spelad,GR,2022/23,2022-11-05,,Lamia,Volos NFC,2,2,D,14,11,8,4,2.1098,1.2917,skott,,,,,,,,,,0.3494,0.3088,0.3419,0.3142,0.3374,0.3484,1,2.75,3.3,2.87,3.05,3.3,2.85,0.3995,0.3883,-1.0483,0.7797,-0.8553,-1,9,-1,-0.5913,0.1034,0,0,,,-0.0769,0.059,,,,,,,,,,,
spelad,GR,2022/23,2022-11-05,,OFI Crete,Ionikos,0,2,A,17,13,2,7,1.3266,1.8905,skott,,,,,,,,,,0.4409,0.2962,0.2629,0.4982,0.2839,0.2179,1,2.17,3.4,3.7,2,3.4,4.5,0.433,0.4198,0.6621,-1.1362,0.6114,-1,3,0,-0.2443,0.0279,0,0,,,0.1596,-0.0165,,,,,,,,,,,
spelad,GR,2022/23,2022-11-05,,PAOK,Giannina,2,0,H,13,3,5,0,1.5702,0.1776,skott,,,,,,,,,,0.7303,0.184,0.0858,0.696,0.2029,0.1011,1,1.35,5.2,11.07,1.46,5,9.5,0.4896,0.4909,0.3059,-0.8375,-0.2346,1,10,1.8,0.1954,-0.2052,0,0,,,-0.0839,-0.0332,,,,,,,,,,,
spelad,GR,2022/23,2022-11-06,,Asteras Tripolis,AEK,1,1,D,9,21,3,7,1.0132,2.3641,skott,,,,,,,,,,0.1651,0.2455,0.5893,0.1594,0.2413,0.5994,1,6,3.92,1.7,6.5,3.95,1.62,0.4632,0.4792,-0.7531,0.2987,-0.9428,-1,12,-1.75,-0.3513,-0.017,0,0,,,-0.0216,0.0041,,,,,,,,,,,
spelad,GR,2022/23,2022-11-06,,Panathinaikos,Olympiakos,1,1,D,6,15,2,7,0.6754,2.0089,skott,,,,,,,,,,0.4246,0.2977,0.2777,0.4349,0.3211,0.2441,1,2.45,3.3,3.5,2.3,3.23,3.92,0.4071,0.3707,0.9836,-0.8741,1.2696,1,15,-0.2,0.4058,0.1478,0,0,,,0.0542,-0.0329,,,,,,,,,,,
spelad,GR,2022/23,2022-11-06,,Panetolikos,Levadeiakos,0,0,D,12,3,1,1,0.8705,0.3377,skott,,,,,,,,,,0.4902,0.2879,0.2218,0.5028,0.2877,0.2095,1,1.99,3.5,4.6,1.92,3.44,5.1,0.422,0.4127,0.5372,-0.5318,0.3373,1,4,0,-0.0822,-0.3119,0,0,,,0.0374,-0.0055,,,,,,,,,,,
spelad,GR,2022/23,2022-11-08,,Aris,Lamia,5,0,H,18,8,8,5,2.3466,1.2743,skott,,,,,,,,,,0.6219,0.2421,0.1359,0.6573,0.2342,0.1085,1,1.55,4,7.2,1.65,4.33,9,0.4367,0.4308,0.3329,-0.1687,-0.0895,0,8,1.125,-0.0314,0.088,0,0,,,0.0981,-0.0639,,,,,,,,,,,
spelad,GR,2022/23,2022-11-09,,AEK,OFI Crete,3,0,H,26,12,10,1,3.1404,0.8705,skott,,,,,,,,,,0.7763,0.1513,0.0724,0.8019,0.1352,0.063,1,1.25,6.4,13.08,1.22,7.25,15.25,0.5914,0.6333,0.7601,-0.3324,1.0306,-1,10,1.5,0.1015,-0.1231,0,0,,,0.0606,-0.0391,,,,,,,,,,,
spelad,GR,2022/23,2022-11-09,,Atromitos,Asteras Tripolis,2,0,H,9,18,5,4,1.3334,1.7061,skott,,,,,,,,,,0.3714,0.3205,0.3081,0.4176,0.3075,0.2748,1,2.58,3.2,3.11,2.6,3.26,3.48,0.3802,0.4184,0.0734,0.0022,0.0709,1,12,0.5,0.3156,0.0132,0,0,,,0.1258,-0.0294,,,,,,,,,,,
spelad,GR,2022/23,2022-11-09,,Levadeiakos,Olympiakos,0,1,A,10,17,2,7,0.9122,2.1273,skott,,,,,,,,,,0.0956,0.1924,0.712,0.1005,0.1986,0.7009,1,10,5,1.37,10,5,1.4,0.5156,0.5195,-0.0351,-0.2376,0.0888,0,4,-2.25,-0.0708,0.1165,0,0,,,0.021,0.0228,,,,,,,,,,,
spelad,GR,2022/23,2022-11-09,,Panetolikos,Panathinaikos,0,1,A,5,14,1,5,0.4561,1.6294,skott,,,,,,,,,,0.1626,0.2494,0.5881,0.1546,0.2908,0.5546,1,5.86,3.82,1.68,6.17,3.5,1.85,0.4482,0.3582,-0.9901,0.8783,-0.9369,0,10,-0.6,0.2609,-0.068,0,0,,,0.0175,0.044,,,,,,,,,,,
spelad,GR,2022/23,2022-11-10,,Ionikos,PAOK,0,3,A,4,8,0,5,0.2368,1.2743,skott,,,,,,,,,,0.2014,0.2632,0.5354,0.189,0.2698,0.5412,1,5.25,3.7,1.78,5.25,3.7,1.82,0.4646,0.433,-0.5991,0.721,-0.2066,0,,,,,0,0,,,-0.0305,0.0255,,,,,,,,,,,
spelad,GR,2022/23,2022-11-10,,Volos NFC,Giannina,2,1,H,13,8,4,3,1.4101,0.954,skott,,,,,,,,,,0.5482,0.2521,0.1998,0.5335,0.2638,0.2027,1,1.82,3.81,4.8,1.85,3.62,4.9,0.4465,0.4818,1.2981,-1.667,1.0379,0,5,0.6,0.4122,0.1012,0,0,,,-0.0324,-0.0295,,,,,,,,,,,
spelad,GR,2022/23,2022-11-13,,Giannina,Aris,0,4,A,10,15,5,5,1.3926,1.6886,skott,,,,,,,,,,0.2302,0.2743,0.4955,0.2052,0.279,0.5158,1,4.33,3.5,1.96,4.8,3.45,1.95,0.4338,0.4184,-0.4131,0.9028,-0.1191,-2,8,0.375,0.5544,0.0754,0,0,,,-0.0704,0.0325,,,,,,,,,,,
spelad,GR,2022/23,2022-11-13,,Lamia,Panetolikos,1,3,A,13,8,3,4,1.2499,1.1141,skott,,,,,,,,,,0.4211,0.3097,0.2692,0.4413,0.3192,0.2394,1,2.27,3.25,3.57,2.21,3.22,4,0.385,0.3716,0.0033,0.753,0.1936,1,13,0,-0.0502,0.2126,0,0,,,0.0702,-0.007,,,,,,,,,,,
spelad,GR,2022/23,2022-11-13,,Olympiakos,AEK,0,0,D,8,11,2,5,0.7938,1.4518,skott,,,,,,,,,,0.4103,0.2944,0.2953,0.4073,0.3078,0.2849,1,2.35,3.32,3.35,2.35,3.35,3.37,0.4476,0.4308,-0.3631,0.3429,-0.6209,0,16,1.5,0.4624,-0.036,0,0,,,0.0044,0.0059,,,,,,,,,,,
spelad,GR,2022/23,2022-11-13,,Panathinaikos,Atromitos,2,0,H,22,4,5,0,2.103,0.2368,skott,,,,,,,,,,0.7015,0.1996,0.0989,0.7116,0.2051,0.0834,1,1.4,4.9,10,1.37,4.9,12,0.4698,0.4609,1.0207,-0.8702,1.1376,0,10,1.5,0.6376,-0.1987,0,0,,,0.0358,-0.0145,,,,,,,,,,,
spelad,GR,2022/23,2022-11-13,,PAOK,Volos NFC,3,0,H,18,7,7,2,2.1865,0.7346,skott,,,,,,,,,,0.6393,0.2237,0.137,0.6659,0.2075,0.1266,1,1.5,4.5,7.5,1.44,4.85,8.2,0.4868,0.53,-1.1326,0.6169,-1.1635,0,6,2,-0.0329,0.1646,0,0,,,0.0636,0.0001,,,,,,,,,,,
spelad,GR,2022/23,2022-11-14,,Asteras Tripolis,Ionikos,1,0,H,11,12,3,4,1.1316,1.3509,skott,,,,,,,,,,0.5362,0.2621,0.2016,0.5912,0.2615,0.1473,1,1.83,3.64,5.25,1.67,3.82,6.5,0.3949,0.4271,0.2515,-0.8178,0.0781,1,3,-2,-1.4334,0.0321,0,0,,,0.1643,-0.0442,,,,,,,,,,,
spelad,GR,2022/23,2022-11-14,,OFI Crete,Levadeiakos,2,1,H,8,2,4,1,1.1141,0.2785,skott,,,,,,,,,,0.5209,0.2823,0.1968,0.5634,0.2566,0.18,1,1.94,3.39,4.9,1.92,3.8,5.5,0.402,0.4482,-0.1587,0.2381,-0.3475,0,,,,,0,0,,,0.1018,-0.0606,,,,,,,,,,,
spelad,GR,2022/23,2022-12-21,,AEK,Lamia,3,0,H,14,4,9,0,2.27,0.2368,skott,,,,,,,,,,0.8375,0.116,0.0465,0.8035,0.1402,0.0563,1,1.17,8.4,21,1.22,8,21,0.5914,0.5696,0.5927,-0.9253,0.7921,,11,2.4545,0.3899,-0.0324,0,0,,,-0.0779,-0.0204,,,,,,,,,,,
spelad,GR,2022/23,2022-12-21,,Asteras Tripolis,Volos NFC,0,0,D,14,11,5,4,1.6294,1.2917,skott,,,,,,,,,,0.4473,0.2815,0.2712,0.4552,0.2879,0.2569,1,2.15,3.42,3.65,2.13,3.38,3.98,0.4583,0.4319,-0.7781,0.0044,-0.8372,,9,1.3333,0.3892,0.0512,0,0,,,0.0299,-0.0056,,,,,,,,,,,
spelad,GR,2022/23,2022-12-21,,Giannina,Olympiakos,2,2,D,8,13,3,7,0.954,1.8905,skott,,,,,,,,,,0.1031,0.2066,0.6903,0.1006,0.206,0.6933,1,9.24,4.7,1.45,10,4.7,1.41,0.4974,0.483,-0.7052,0.9865,-0.593,,11,-1.9091,-0.0395,-0.006,0,0,,,-0.008,0.0289,,,,,,,,,,,
spelad,GR,2022/23,2022-12-21,,Ionikos,Panathinaikos,1,1,D,9,10,2,5,0.853,1.3926,skott,,,,,,,,,,0.1199,0.2323,0.6478,0.0815,0.2097,0.7089,1,8,4.2,1.5,12,4.8,1.4,0.4456,0.4381,-1.3365,1.2886,-1.1986,,3,-3,-0.5892,-0.2143,0,0,,,-0.138,0.0286,,,,,,,,,,,
spelad,GR,2022/23,2022-12-21,,Levadeiakos,Aris,1,1,D,8,11,4,2,1.1141,0.9714,skott,,,,,,,,,,0.1784,0.2601,0.5615,0.1737,0.2666,0.5598,1,5.35,3.75,1.76,5.48,3.65,1.75,0.4456,0.4112,-0.2599,0.5958,0.1927,,3,-1,0.2571,-0.251,0,0,,,-0.0078,0.0385,,,,,,,,,,,
spelad,GR,2022/23,2022-12-22,,OFI Crete,Atromitos,0,1,A,21,3,7,3,2.3641,0.658,skott,,,,,,,,,,0.4267,0.2836,0.2897,0.4374,0.2966,0.2661,1,2.35,3.38,3.31,2.28,3.26,3.7,0.4401,0.4173,-0.2185,0.4171,-0.1511,,11,0.2727,0.035,0.2415,0,0,,,0.045,-0.0096,,,,,,,,,,,
spelad,GR,2022/23,2022-12-22,,Panetolikos,PAOK,0,2,A,9,19,1,9,0.6929,2.5659,skott,,,,,,,,,,0.1731,0.2783,0.5486,0.1528,0.2657,0.5815,1,5.6,3.62,1.8,6.3,3.8,1.66,0.4439,0.4101,-0.1572,-0.0117,0.0084,,11,-3,-0.4777,-0.1895,0,0,,,-0.0735,0.0126,,,,,,,,,,,
spelad,GR,2022/23,2022-12-28,,Atromitos,PAOK,1,1,D,8,12,2,3,0.7938,1.1907,skott,,,,,,,,,,0.1917,0.2669,0.5414,0.1515,0.2132,0.6353,1,5,3.6,1.85,6.45,4.6,1.56,0.4356,0.5714,-0.0955,0.0602,-0.2523,0,11,-1.3636,0.1386,-0.0392,0,0,,,-0.1743,0.0247,,,,,,,,,,,
spelad,GR,2022/23,2022-12-28,,Levadeiakos,Ionikos,1,0,H,11,9,6,2,1.612,0.853,skott,,,,,,,,,,0.396,0.3293,0.2746,0.3975,0.3349,0.2676,1,2.42,3.22,3.7,2.5,3.16,3.58,0.3995,0.3802,0.1785,-0.3155,0.1581,0,,,,,0,0,,,0.0099,-0.017,,,,,,,,,,,
spelad,GR,2022/23,2022-12-28,,Olympiakos,Asteras Tripolis,5,0,H,15,6,8,2,2.169,0.6754,skott,,,,,,,,,,0.7304,0.1962,0.0734,0.725,0.1806,0.0944,1,1.34,4.9,15,1.36,5.5,11,0.4482,0.5652,0.1233,0.3112,0.2276,0,13,2.0769,0.192,0.0925,0,0,,,-0.0317,-0.044,,,,,,,,,,,
spelad,GR,2022/23,2022-12-28,,Panathinaikos,OFI Crete,1,1,D,17,1,4,1,1.6469,0.2193,skott,,,,,,,,,,0.7384,0.1741,0.0875,0.7382,0.1731,0.0887,1,1.33,5.5,12,1.33,5.6,13,0.5,0.5403,0.9853,-0.9574,0.9274,1,11,-0.2727,-0.5205,0.0855,0,0,,,-0.0016,-0.016,,,,,,,,,,,
spelad,GR,2022/23,2022-12-28,,Volos NFC,AEK,0,4,A,6,19,2,7,0.6754,2.2457,skott,,,,,,,,,,0.1518,0.2249,0.6233,0.1185,0.1884,0.6931,1,8,4.3,1.56,8.8,5.25,1.38,0.526,0.5827,0.4222,-0.0847,0.0328,0,7,0,0.8144,-0.0676,0,0,,,-0.1364,0.0073,,,,,,,,,,,
spelad,GR,2022/23,2022-12-29,,Aris,Panetolikos,1,0,H,20,4,8,0,2.465,0.2368,skott,,,,,,,,,,0.6703,0.2172,0.1125,0.7567,0.1577,0.0856,1,1.45,4.4,8.5,1.3,6,12,0.4632,0.6203,0.3481,-0.7496,0.0186,1,9,0.6667,-0.1672,-0.1508,0,0,,,0.1999,-0.0229,,,,,,,,,,,
spelad,GR,2022/23,2022-12-29,,Lamia,Giannina,1,1,D,6,8,1,1,0.5153,0.6337,skott,,,,,,,,,,0.4448,0.297,0.2582,0.4668,0.3038,0.2295,1,2.18,3.25,3.8,2.15,3.2,4.5,0.4082,0.3871,-0.2242,0.5726,-0.3528,0,10,-0.3,-0.0428,0.1839,0,0,,,0.0726,0.0112,,,,,,,,,,,
spelad,GR,2022/23,2023-01-03,,Giannina,AEK,2,1,H,5,21,2,5,0.6163,2.0438,skott,,,,,,,,,,0.0897,0.1965,0.7137,0.1013,0.2095,0.6892,1,11,5,1.34,11,4.75,1.41,0.5,0.4935,-0.4654,0.748,-0.4087,-1,11,-2.1818,-0.3015,-0.1424,0,0,,,0.0477,0.0159,,,,,,,,,,,
spelad,GR,2022/23,2023-01-03,,Ionikos,Olympiakos,0,2,A,2,15,1,5,0.2785,1.6886,skott,,,,,,,,,,0.0719,0.1758,0.7523,0.0924,0.1965,0.7111,1,14,5.6,1.27,12.02,5.18,1.36,0.5262,0.5247,-0.2806,0.4234,-0.1346,0,3,-3,-0.3948,-0.1656,0,0,,,0.0821,0.0191,,,,,,,,,,,
spelad,GR,2022/23,2023-01-03,,Levadeiakos,Panathinaikos,0,1,A,14,8,4,3,1.4693,0.954,skott,,,,,,,,,,0.0641,0.1973,0.7386,0.0703,0.2091,0.7206,1,14.86,5,1.34,14,5.05,1.37,0.4381,0.4293,-0.4125,0.5239,-0.0973,0,5,-0.6,0.3602,0.1683,0,0,,,0.0304,0.0303,,,,,,,,,,,
spelad,GR,2022/23,2023-01-03,,OFI Crete,Volos NFC,0,0,D,22,12,7,3,2.4233,1.1907,skott,,,,,,,,,,0.408,0.2905,0.3015,0.4512,0.2881,0.2607,1,2.36,3.3,3.2,2.16,3.5,3.75,0.4246,0.4623,-0.6651,-0.0032,-0.4674,0,9,0,0.0343,-0.1715,0,0,,,0.1273,-0.0034,,,,,,,,,,,
spelad,GR,2022/23,2023-01-04,,Asteras Tripolis,Lamia,3,0,H,14,15,5,5,1.6294,1.6886,skott,,,,,,,,,,0.5368,0.2787,0.1845,0.5078,0.3079,0.1843,1,1.84,3.45,5.5,1.92,3.4,5.26,0.3738,0.3508,0.4663,-0.8506,0.287,1,13,-0.4615,-0.6867,0.2324,0,0,,,-0.0578,-0.0146,,,,,,,,,,,
spelad,GR,2022/23,2023-01-04,,Panetolikos,Atromitos,2,0,H,15,6,5,1,1.6886,0.5153,skott,,,,,,,,,,0.4248,0.2942,0.2811,0.4274,0.2983,0.2743,1,2.3,3.26,3.4,2.29,3.32,3.49,0.419,0.4534,-0.3062,0.2834,-0.1409,-1,14,-0.6429,-0.1639,0.0543,0,0,,,0.0121,-0.0158,,,,,,,,,,,
spelad,GR,2022/23,2023-01-04,,PAOK,Aris,1,0,H,13,6,5,0,1.5702,0.3552,skott,,,,,,,,,,0.5097,0.2765,0.2138,0.4707,0.3102,0.2191,1,1.96,3.45,4.5,2.1,3.2,4.5,0.4401,0.3674,0.1834,0.1602,0.3588,1,15,-0.2,-0.5457,0.1209,0,0,,,-0.0834,-0.0281,,,,,,,,,,,
spelad,GR,2022/23,2023-01-07,,Lamia,PAOK,0,3,A,4,13,0,3,0.2368,1.2499,skott,,,,,,,,,,0.128,0.2365,0.6355,0.1322,0.2728,0.595,1,8,4.1,1.53,7.93,3.72,1.62,0.433,0.3599,-0.9594,1.8154,-0.815,0,11,-3,-0.4555,-0.1849,0,0,,,0.049,0.0151,,,,,,,,,,,
spelad,GR,2022/23,2023-01-07,,Levadeiakos,Giannina,1,3,A,10,9,4,4,1.2325,1.1733,skott,,,,,,,,,,0.3895,0.3091,0.3013,0.3785,0.3348,0.2867,1,2.5,3.14,3.25,2.58,3.1,3.34,0.3915,0.3632,-0.2507,-0.0085,-0.1485,0,5,-1.8,-0.6697,0.0923,0,0,,,-0.0075,-0.0235,,,,,,,,,,,
spelad,GR,2022/23,2023-01-08,,AEK,Panathinaikos,1,0,H,14,6,4,1,1.4693,0.5153,skott,,,,,,,,,,0.4971,0.3086,0.1943,0.4821,0.314,0.204,1,2,3.36,4.9,2,3.1,4.95,0.3894,0.331,-0.5974,0.343,-0.1726,0,17,0.1765,-0.2931,0.1743,0,0,,,-0.0396,-0.0199,,,,,,,,,,,
spelad,GR,2022/23,2023-01-08,,Aris,Asteras Tripolis,3,0,H,13,9,5,2,1.5702,0.853,skott,,,,,,,,,,0.595,0.2374,0.1676,0.634,0.2372,0.1289,1,1.62,4.1,6,1.55,4.1,7.6,0.4352,0.4198,-0.0975,-0.6683,-0.1725,0,11,1.9091,0.7396,-0.1165,0,0,,,0.1167,-0.016,,,,,,,,,,,
spelad,GR,2022/23,2023-01-08,,Atromitos,Ionikos,2,0,H,20,7,7,4,2.3049,1.0549,skott,,,,,,,,,,0.5267,0.2757,0.1976,0.462,0.2863,0.2517,1,1.83,3.58,5,2.17,3.4,4.25,0.4253,0.4419,0.3951,-0.4114,0.1591,-1,4,-1.5,-0.7182,-0.3077,0,0,,,-0.1834,-0.0053,,,,,,,,,,,
spelad,GR,2022/23,2023-01-08,,Volos NFC,Olympiakos,0,4,A,11,17,2,10,0.9714,2.6077,skott,,,,,,,,,,0.1093,0.1989,0.6918,0.0967,0.1826,0.7207,1,11.5,4.9,1.4,11,5.25,1.34,0.5197,0.5518,0.0414,0.6739,-0.132,0,7,-2.1429,-0.108,0.128,0,0,,,-0.0541,0.0103,,,,,,,,,,,
spelad,GR,2022/23,2023-01-09,,Panetolikos,OFI Crete,0,4,A,3,14,0,6,0.1776,1.7896,skott,,,,,,,,,,0.3886,0.315,0.2963,0.3815,0.3302,0.2884,1,2.46,3.2,3.25,2.65,3.1,3.39,0.4046,0.3735,0.3306,-0.7097,0.3644,-1,11,0.8182,0.698,-0.1125,0,0,,,-0.0064,-0.0097,,,,,,,,,,,
spelad,GR,2022/23,2023-01-14,,Lamia,Atromitos,1,1,D,10,11,3,5,1.0724,1.4518,skott,,,,,,,,,,0.3765,0.3061,0.3174,0.4058,0.3182,0.276,1,2.7,3.16,3.03,2.5,3.05,3.58,0.3869,0.3827,-1.1803,2.3275,-0.9145,1,14,-0.6429,-0.2161,0.3234,0,0,,,0.0999,-0.0014,,,,,,,,,,,
spelad,GR,2022/23,2023-01-14,,PAOK,OFI Crete,0,0,D,19,4,7,1,2.2457,0.3969,skott,,,,,,,,,,0.6958,0.202,0.1022,0.7062,0.1958,0.098,1,1.4,5,10,1.36,5.1,12,0.4816,0.5,0.7012,-0.796,0.55,2,11,2.4545,0.4282,-0.0239,0,0,,,0.0251,0.0027,,,,,,,,,,,
spelad,GR,2022/23,2023-01-15,,AEK,Panetolikos,4,1,H,25,3,10,1,3.0813,0.3377,skott,,,,,,,,,,0.8331,0.1174,0.0495,0.8369,0.1162,0.0469,1,1.17,8.5,23,1.17,8.3,21,0.5934,0.6169,-0.1803,0.1386,0.1521,1,11,1.9091,0.2934,-0.2272,0,0,,,0.0103,-0.0416,,,,,,,,,,,
spelad,GR,2022/23,2023-01-15,,Asteras Tripolis,Levadeiakos,0,0,D,8,9,2,3,0.7938,1.0132,skott,,,,,,,,,,0.5752,0.2657,0.1591,0.5637,0.2761,0.1601,1,1.77,3.62,6,1.88,3.6,5.95,0.3885,0.3871,0.1694,0.1597,-0.2603,-1,5,0.6,-0.211,0.1211,0,0,,,-0.024,-0.0461,,,,,,,,,,,
spelad,GR,2022/23,2023-01-15,,Giannina,Panathinaikos,0,1,A,9,15,0,5,0.5327,1.6886,skott,,,,,,,,,,0.1203,0.2602,0.6196,0.2067,0.3311,0.4622,1,8,3.79,1.6,5.47,3.15,2.13,0.386,0.3152,0.1494,0.316,0.6187,1,11,-0.5455,0.2992,-0.1869,0,0,,,0.3301,-0.0241,,,,,,,,,,,
spelad,GR,2022/23,2023-01-15,,Olympiakos,Aris,1,0,H,9,7,5,2,1.3334,0.7346,skott,,,,,,,,,,0.6916,0.1984,0.11,0.6607,0.2332,0.1062,1,1.43,4.9,9.5,1.51,4.2,9.5,0.4803,0.4246,0.0245,0.2631,0.2084,0,15,1.8,0.4686,-0.1195,0,0,,,-0.058,-0.0463,,,,,,,,,,,
spelad,GR,2022/23,2023-01-16,,Ionikos,Volos NFC,0,1,A,12,10,8,3,1.9914,1.0724,skott,,,,,,,,,,0.3535,0.297,0.3496,0.3528,0.3105,0.3367,1,2.8,3.35,2.77,2.77,3.3,2.85,0.4439,0.4137,-0.2914,-0.4459,-0.0541,0,4,-0.75,-0.5058,0.4513,0,0,,,0.0115,-0.0043,,,,,,,,,,,
spelad,GR,2022/23,2023-01-20,,Panetolikos,Giannina,1,1,D,9,8,3,3,1.0132,0.954,skott,,,,,,,,,,0.3863,0.3225,0.2912,0.3673,0.3283,0.3044,1,2.49,3.02,3.29,2.62,3,3.15,0.3623,0.3641,-0.0842,-0.0568,-0.3258,0,10,0.6,0.4893,-0.1115,0,0,,,-0.0511,0.009,,,,,,,,,,,
spelad,GR,2022/23,2023-01-21,,Aris,Volos NFC,3,0,H,15,7,5,1,1.6886,0.5745,skott,,,,,,,,,,0.6747,0.2091,0.1162,0.6651,0.2118,0.123,1,1.45,4.6,8.19,1.51,4.5,8,0.4818,0.483,-0.0909,-1.217,-0.0485,1,7,0.4286,-0.1803,-0.2609,0,0,,,-0.0261,-0.0169,,,,,,,,,,,
spelad,GR,2022/23,2023-01-21,,OFI Crete,Asteras Tripolis,1,0,H,9,6,2,1,0.853,0.5153,skott,,,,,,,,,,0.4293,0.304,0.2667,0.4658,0.2912,0.243,1,2.27,3.2,3.59,2.24,3.4,3.93,0.3881,0.4246,-0.2788,-0.2969,0.1252,1,10,-1.2,-0.4662,-0.0903,0,0,,,0.0967,-0.0672,,,,,,,,,,,
spelad,GR,2022/23,2023-01-22,,Atromitos,Olympiakos,1,1,D,13,18,2,6,1.0898,2.0263,skott,,,,,,,,,,0.1117,0.188,0.7003,0.1131,0.2225,0.6644,1,9.5,5.2,1.4,8.7,4.75,1.43,0.5648,0.4909,0.2487,-0.031,0.2027,1,11,-1.9091,-0.0813,-0.0181,0,0,,,0.0387,0.0049,,,,,,,,,,,
spelad,GR,2022/23,2023-01-22,,Ionikos,AEK,1,2,A,9,19,3,6,1.0132,2.0855,skott,,,,,,,,,,0.073,0.1636,0.7634,0.0608,0.1559,0.7833,1,15,6.5,1.24,17,6.25,1.29,0.5421,0.5393,-0.3466,0.5874,-0.3411,-1,3,-3,-0.3606,-0.1648,0,0,,,-0.0441,0.041,,,,,,,,,,,
spelad,GR,2022/23,2023-01-22,,Levadeiakos,Lamia,0,0,D,11,5,4,0,1.2917,0.296,skott,,,,,,,,,,0.416,0.313,0.271,0.3925,0.3445,0.2631,1,2.3,3.1,3.6,2.48,3.1,3.81,0.3592,0.2907,0.1825,-1.1606,0.5484,-1,5,-1.2,-0.5977,0.282,0,0,,,-0.0391,0.0098,,,,,,,,,,,
spelad,GR,2022/23,2023-01-22,,Panathinaikos,PAOK,0,3,A,9,12,1,6,0.6929,1.6712,skott,,,,,,,,,,0.4306,0.3168,0.2526,0.383,0.3337,0.2833,1,2.25,3.1,3.79,2.52,2.92,3.65,0.3486,0.3159,-0.0396,0.3914,-0.5057,-1,17,-0.5294,0.2037,-0.0398,0,0,,,-0.1258,0.0147,,,,,,,,,,,
spelad,GR,2022/23,2023-01-28,,Giannina,Atromitos,1,1,D,11,15,4,5,1.2917,1.6886,skott,,,,,,,,,,0.4272,0.3009,0.2719,0.3818,0.3111,0.3071,1,2.24,3.2,3.66,2.51,3.2,3.3,0.3881,0.4076,-0.3863,0.5688,-0.236,2,10,-0.6,-0.2371,0.0954,0,0,,,-0.1262,0.0252,,,,,,,,,,,
spelad,GR,2022/23,2023-01-28,,Volos NFC,Panetolikos,2,3,A,7,10,4,5,1.0549,1.3926,skott,,,,,,,,,,0.4596,0.2755,0.2648,0.5372,0.2796,0.1832,1,2.1,3.55,4,1.82,3.6,5.3,0.4508,0.4534,0.1172,0.716,0.1468,-1,10,0,0.0419,0.1123,0,0,,,0.2368,-0.016,,,,,,,,,,,
spelad,GR,2022/23,2023-01-29,,AEK,Aris,3,0,H,14,6,6,3,1.7896,0.8356,skott,,,,,,,,,,0.6317,0.2377,0.1306,0.6801,0.2262,0.0937,1,1.54,4.2,7.3,1.42,4.55,11,0.4364,0.4367,-0.3379,1.1572,-0.0525,-1,15,0.4,-0.0479,-0.0881,0,0,,,0.1336,-0.0278,,,,,,,,,,,
spelad,GR,2022/23,2023-01-29,,Olympiakos,OFI Crete,2,1,H,24,3,11,3,3.1822,0.658,skott,,,,,,,,,,0.7812,0.1537,0.0651,0.7491,0.1678,0.0832,1,1.24,6.4,15,1.31,6,13,0.5486,0.5339,0.2279,-0.4511,-0.2805,-1,11,2.4545,0.3724,-0.1773,0,0,,,-0.0822,-0.019,,,,,,,,,,,
spelad,GR,2022/23,2023-01-30,,Asteras Tripolis,Panathinaikos,1,0,H,6,6,1,1,0.5153,0.5153,skott,,,,,,,,,,0.173,0.2911,0.5359,0.1879,0.3202,0.4919,1,5.6,3.4,1.88,5.1,3.15,1.97,0.3601,0.3264,-0.2159,0.2436,-0.1514,1,13,0.2308,0.3418,0.1615,0,0,,,0.0736,0.0203,,,,,,,,,,,
spelad,GR,2022/23,2023-01-30,,Lamia,Ionikos,0,2,A,14,4,2,3,1.149,0.7172,skott,,,,,,,,,,0.4612,0.2982,0.2406,0.4445,0.3196,0.2359,1,2.15,3.21,4.33,2.2,3.05,4.2,0.3695,0.3623,0.2974,0.5641,-0.0077,0,4,0.75,0.3123,-0.0706,0,0,,,-0.0288,-0.0115,,,,,,,,,,,
spelad,GR,2022/23,2023-01-30,,PAOK,Levadeiakos,3,2,H,14,4,5,3,1.6294,0.7172,skott,,,,,,,,,,0.7894,0.1465,0.0641,0.8126,0.1425,0.0448,1,1.27,6.7,15,1.2,6.9,26,0.5184,0.4714,0.964,-1.2283,0.7843,0,5,1.8,-0.1353,0.216,0,0,,,0.0658,-0.0243,,,,,,,,,,,
spelad,GR,2022/23,2023-02-04,,Ionikos,Aris,1,0,H,6,11,3,4,0.8356,1.2917,skott,,,,,,,,,,0.1889,0.284,0.5271,0.1569,0.265,0.5781,1,5.2,3.41,1.83,6.5,3.62,1.8,0.3827,0.3812,-0.6733,0.7788,-0.3715,-1,3,-1,0.3548,-0.2367,0,0,,,-0.1151,0.0607,,,,,,,,,,,
spelad,GR,2022/23,2023-02-04,,OFI Crete,Giannina,0,0,D,17,4,2,1,1.3266,0.3969,skott,,,,,,,,,,0.495,0.2786,0.2264,0.5071,0.2787,0.2142,1,2.02,3.47,4.22,2.1,3.45,4.45,0.4173,0.4381,-0.1841,-0.233,0.0406,-1,8,0.75,0.2929,0.1898,0,0,,,0.0362,-0.0819,,,,,,,,,,,
spelad,GR,2022/23,2023-02-05,,Panathinaikos,Lamia,2,0,H,16,13,4,4,1.5877,1.4101,skott,,,,,,,,,,0.7483,0.1886,0.0631,0.7229,0.2048,0.0723,1,1.34,5.07,15.25,1.33,5,14,0.422,0.4282,0.437,-0.6932,0.269,0,11,1.6364,0.3015,-0.008,0,0,,,-0.06,-0.0164,,,,,,,,,,,
spelad,GR,2022/23,2023-02-05,,Panetolikos,Asteras Tripolis,0,0,D,7,9,0,3,0.4144,1.0132,skott,,,,,,,,,,0.3387,0.3375,0.3237,0.293,0.3535,0.3535,1,2.85,3,2.99,3.29,2.84,2.81,0.3728,0.3249,0.0607,-0.4142,0.2164,2,13,-1.1538,-0.4832,0.3255,0,0,,,-0.1213,0.0324,,,,,,,,,,,
spelad,GR,2022/23,2023-02-05,,PAOK,Olympiakos,0,0,D,20,7,8,1,2.465,0.5745,skott,,,,,,,,,,0.3647,0.3171,0.3182,0.3814,0.3267,0.2919,1,2.65,3.2,3.1,2.51,3.1,3.34,0.3825,0.3717,0.1082,0.1014,0.4374,-1,17,-0.5294,-0.0774,-0.0488,0,0,,,0.0597,0.0103,,,,,,,,,,,
spelad,GR,2022/23,2023-02-06,,Levadeiakos,Volos NFC,0,3,A,10,10,1,4,0.7521,1.2325,skott,,,,,,,,,,0.3849,0.3025,0.3125,0.3848,0.3374,0.2778,1,2.47,3.3,3.25,2.49,2.97,3.47,0.3825,0.338,-0.5824,-0.0571,0.1211,-2,,,,,0,0,,,0.0346,0.0053,,,,,,,,,,,
spelad,GR,2022/23,2023-02-11,,Giannina,Ionikos,0,0,D,15,11,2,3,1.2082,1.1316,skott,,,,,,,,,,0.4851,0.2996,0.2153,0.4645,0.3077,0.2278,1,2.02,3.44,4.5,2.07,3.3,4.35,0.422,0.3837,0.4973,-0.7308,0.3498,0,3,1,0.4062,0.3571,0,0,,,-0.0539,-0.0033,,,,,,,,,,,
spelad,GR,2022/23,2023-02-12,,Aris,Panathinaikos,1,2,A,9,11,2,3,0.853,1.1316,skott,,,,,,,,,,0.315,0.3524,0.3326,0.3549,0.3484,0.2967,1,3.09,3,2.91,2.72,2.9,3.3,0.3121,0.2814,-0.1644,-0.156,0.2056,1,15,-0.6,-0.2775,-0.0382,0,0,,,0.1159,-0.0026,,,,,,,,,,,
spelad,GR,2022/23,2023-02-12,,Volos NFC,Atromitos,2,1,H,9,8,3,2,1.0132,0.7938,skott,,,,,,,,,,0.4246,0.3146,0.2608,0.4181,0.3099,0.272,1,2.29,3.4,3.69,2.44,3.3,3.52,0.4593,0.4381,-0.0743,0.5482,-0.2697,-7,10,0,0.2127,-0.0819,0,0,,,-0.0241,-0.0469,,,,,,,,,,,
spelad,GR,2022/23,2023-02-13,,AEK,Levadeiakos,3,0,H,17,1,6,0,1.9671,0.0592,skott,,,,,,,,,,0.8422,0.1162,0.0417,0.8536,0.111,0.0353,1,1.13,9,29,1.13,9.1,29,0.5969,0.608,0.8441,-1.2357,0.4794,7,5,3,0.5594,-0.1651,0,0,,,0.0293,-0.0163,,,,,,,,,,,
spelad,GR,2022/23,2023-02-13,,Asteras Tripolis,PAOK,2,2,D,9,15,6,6,1.4936,1.8488,skott,,,,,,,,,,0.2002,0.2789,0.5209,0.1592,0.2764,0.5643,1,4.9,3.5,1.89,6.03,3.61,1.72,0.392,0.3837,-0.1033,0.3727,-0.4249,0,13,-1.1538,0.1835,-0.0721,0,0,,,-0.1254,0.0205,,,,,,,,,,,
spelad,GR,2022/23,2023-02-13,,Lamia,OFI Crete,1,4,A,14,15,6,7,1.7896,2.0089,skott,,,,,,,,,,0.3634,0.3172,0.3194,0.3248,0.3293,0.3459,1,2.7,3.15,3.06,2.97,3.1,2.8,0.3762,0.3716,-0.4044,1.4695,-0.7509,-1,11,-0.5455,-0.0766,-0.0259,0,0,,,-0.1038,0.0091,,,,,,,,,,,
spelad,GR,2022/23,2023-02-13,,Olympiakos,Panetolikos,6,1,H,16,8,8,1,2.2282,0.6337,skott,,,,,,,,,,0.8465,0.1115,0.042,0.8273,0.1245,0.0481,1,1.17,9.3,25,1.19,8.2,21,0.5897,0.5722,0.1399,-0.6086,0.0723,0,11,3,0.6174,-0.1712,0,0,,,-0.0446,-0.0408,,,,,,,,,,,
spelad,GR,2022/23,2023-02-18,,Asteras Tripolis,Giannina,1,1,D,5,7,2,1,0.6163,0.5745,skott,,,,,,,,,,0.4756,0.3016,0.2228,0.4665,0.3177,0.2159,1,2.04,3.28,4.5,2.09,3.22,4.54,0.3837,0.3632,-0.3652,1.0312,-0.2483,-2,9,-0.3333,-0.389,0.1317,0,0,,,-0.0113,-0.0184,,,,,,,,,,,
spelad,GR,2022/23,2023-02-18,,Panathinaikos,Volos NFC,2,0,H,33,1,8,1,3.2345,0.2193,skott,,,,,,,,,,0.7053,0.2035,0.0912,0.7207,0.1946,0.0847,1,1.37,5.25,11,1.33,5.2,15,0.4393,0.4545,-0.108,-0.0372,-0.3348,0,7,1.2857,0.0671,0.027,0,0,,,0.0373,-0.0007,,,,,,,,,,,
spelad,GR,2022/23,2023-02-19,,Lamia,Olympiakos,0,3,A,6,19,2,8,0.6754,2.4058,skott,,,,,,,,,,0.0786,0.1942,0.7272,0.0806,0.1993,0.7202,1,13,5.3,1.31,12,5.1,1.34,0.4701,0.4727,-1.212,2.5355,-1.0746,0,11,-3,-0.351,-0.1469,0,0,,,0.0109,0.0188,,,,,,,,,,,
spelad,GR,2022/23,2023-02-19,,Panetolikos,Ionikos,1,0,H,9,13,3,3,1.0132,1.2499,skott,,,,,,,,,,0.4384,0.3188,0.2428,0.4468,0.3177,0.2355,1,2.2,3.15,3.99,2.2,3.1,4.1,0.3885,0.3846,0.2309,0.4162,0.0784,-2,4,0,0.0583,0.1942,0,0,,,0.0242,-0.0097,,,,,,,,,,,
spelad,GR,2022/23,2023-02-19,,PAOK,AEK,2,0,H,5,19,2,3,0.6163,1.6051,skott,,,,,,,,,,0.3283,0.3163,0.3554,0.3471,0.3292,0.3237,1,2.95,3.1,2.72,2.78,3.08,3,0.3762,0.3683,-0.3642,0.6184,-0.1864,0,17,0.3529,0.051,0.1202,0,0,,,0.0693,0.0117,,,,,,,,,,,
spelad,GR,2022/23,2023-02-20,,Atromitos,Levadeiakos,1,0,H,18,7,6,3,2.0263,0.8948,skott,,,,,,,,,,0.5274,0.2852,0.1873,0.5192,0.2967,0.1841,1,1.83,3.42,5.25,1.9,3.4,5.5,0.392,0.3871,0.7769,-1.3317,0.5074,1,5,1.8,0.5534,-0.2816,0,0,,,-0.0132,-0.0171,,,,,,,,,,,
spelad,GR,2022/23,2023-02-20,,OFI Crete,Aris,0,3,A,10,15,2,9,0.9122,2.3292,skott,,,,,,,,,,0.304,0.3151,0.3809,0.2782,0.318,0.4038,1,3.18,3.25,2.6,3.47,3.14,2.45,0.402,0.3759,0.617,-1.2423,0.8968,-1,11,-1.3636,-0.3106,0.1074,0,0,,,-0.0745,0.0164,,,,,,,,,,,
spelad,GR,2022/23,2023-02-24,,Volos NFC,Lamia,1,1,D,9,9,4,3,1.1733,1.0132,skott,,,,,,,,,,0.4929,0.2716,0.2355,0.4643,0.2898,0.2459,1,1.96,3.75,4.5,2.11,3.5,4.5,0.4173,0.4005,1.1407,-1.8163,0.9375,1,10,0.9,0.4008,0.1593,0,0,,,-0.0675,0.0126,,,,,,,,,,,
spelad,GR,2022/23,2023-02-25,,AEK,Asteras Tripolis,2,0,H,37,0,9,0,3.6314,0,skott,,,,,,,,,,0.822,0.1352,0.0428,0.8172,0.1347,0.0481,1,1.17,7.4,23,1.2,7.6,21,0.5431,0.5747,-0.0529,0.0833,0.0669,-1,13,1.6154,0.2601,0.0427,0,0,,,-0.0148,-0.0317,,,,,,,,,,,
spelad,GR,2022/23,2023-02-25,,Giannina,PAOK,0,0,D,6,9,3,5,0.8356,1.3334,skott,,,,,,,,,,0.1296,0.2398,0.6306,0.126,0.2346,0.6394,1,9,4.2,1.55,8,4.1,1.55,0.4356,0.4419,0.1029,-0.4022,-0.1594,1,11,-1.9091,-0.0372,-0.2049,0,0,,,-0.0158,0.0428,,,,,,,,,,,
spelad,GR,2022/23,2023-02-25,,Olympiakos,Panathinaikos,0,0,D,15,6,5,2,1.6886,0.6754,skott,,,,,,,,,,0.4728,0.3051,0.2221,0.4645,0.3288,0.2067,1,2.04,3.3,4.33,2.14,3.15,4.7,0.3549,0.3357,0.0459,-0.9549,0.1966,-1,16,0.1875,-0.5223,0.181,0,0,,,-0.0011,-0.0425,,,,,,,,,,,
spelad,GR,2022/23,2023-02-26,,Aris,Atromitos,2,1,H,15,8,6,2,1.8488,0.7938,skott,,,,,,,,,,0.6328,0.2357,0.1315,0.652,0.2283,0.1197,1,1.56,4.2,8,1.5,4.2,7.95,0.4476,0.4701,-0.1444,-0.2217,-0.3666,0,9,0,-0.3028,0.0373,0,0,,,0.0502,-0.0416,,,,,,,,,,,
spelad,GR,2022/23,2023-02-26,,Ionikos,OFI Crete,0,2,A,10,10,1,5,0.7521,1.3926,skott,,,,,,,,,,0.3248,0.3304,0.3448,0.3352,0.3364,0.3283,1,2.98,3.2,2.81,2.92,3.05,2.92,0.4071,0.3881,-0.3254,0.7397,-0.2811,1,4,0.75,0.6779,-0.05,0,0,,,0.0374,-0.012,,,,,,,,,,,
spelad,GR,2022/23,2023-02-26,,Levadeiakos,Panetolikos,0,0,D,9,5,1,1,0.6929,0.4561,skott,,,,,,,,,,0.4248,0.3076,0.2676,0.3666,0.3417,0.2917,1,2.31,3.2,3.62,2.66,3.06,3.36,0.3815,0.3549,-1.2908,0.6966,-0.9091,-1,5,0,0.332,-0.1071,0,0,,,-0.1406,0.0121,,,,,,,,,,,
spelad,GR,2022/23,2023-03-04,,Asteras Tripolis,Atromitos,1,1,D,12,13,2,4,1.0306,1.4101,skott,,,,,,,,,,0.4257,0.306,0.2683,0.3788,0.3216,0.2995,1,2.27,3.18,3.61,2.53,3.13,3.36,0.3778,0.3793,0.0097,-0.0493,-0.1697,1,13,-0.6923,-0.3906,-0.0115,0,0,,,-0.1249,0.0323,,,,,,,,,,,
spelad,GR,2022/23,2023-03-05,,Giannina,Volos NFC,0,1,A,18,6,3,2,1.5459,0.6754,skott,,,,,,,,,,0.4031,0.32,0.277,0.4808,0.3028,0.2165,1,2.39,3.26,3.5,2.2,3.4,4.6,0.4118,0.4112,-0.2148,-0.3627,-0.1141,-1,6,-1,-0.5731,0.0403,0,0,,,0.2159,-0.0212,,,,,,,,,,,
spelad,GR,2022/23,2023-03-05,,Lamia,Aris,2,1,H,7,13,4,6,1.0549,1.7304,skott,,,,,,,,,,0.2182,0.2654,0.5163,0.177,0.2717,0.5513,1,4.75,3.67,1.87,5.39,3.55,1.8,0.4593,0.4101,-0.518,1.2285,-0.5818,2,9,-1.3333,-0.1125,0.0522,0,0,,,-0.1175,0.0345,,,,,,,,,,,
spelad,GR,2022/23,2023-03-05,,OFI Crete,AEK,0,3,A,11,16,4,5,1.2917,1.7478,skott,,,,,,,,,,0.0964,0.2115,0.6921,0.1295,0.211,0.6594,1,10,4.8,1.4,8.2,4.5,1.49,0.4619,0.5417,0.5342,-1.4663,0.5704,-1,11,-1.6364,-0.0098,-0.1242,0,0,,,0.0989,0.0174,,,,,,,,,,,
spelad,GR,2022/23,2023-03-05,,Olympiakos,Levadeiakos,6,0,H,21,5,10,2,2.8445,0.6163,skott,,,,,,,,,,0.8711,0.0953,0.0336,0.8202,0.1287,0.0511,1,1.15,10,31,1.18,8.2,23,0.5887,0.5659,1.015,-1.6169,0.7429,1,5,2.4,0.1032,0.0535,0,0,,,-0.1192,-0.0141,,,,,,,,,,,
spelad,GR,2022/23,2023-03-05,,PAOK,Ionikos,6,0,H,12,3,7,0,1.8313,0.1776,skott,,,,,,,,,,0.7884,0.1548,0.0568,0.8145,0.1412,0.0443,1,1.22,6.5,19,1.2,7.2,23,0.5198,0.5157,0.3436,-0.4652,0.2212,1,3,0,-0.697,0.0782,0,0,,,0.0647,-0.0239,,,,,,,,,,,
spelad,GR,2022/23,2023-03-06,,Panathinaikos,Panetolikos,2,0,H,26,4,7,1,2.66,0.3969,skott,,,,,,,,,,0.7908,0.1484,0.0607,0.8042,0.1451,0.0507,1,1.25,7.1,17,1.25,7,19.78,0.4855,0.4808,-0.0622,-0.3366,-0.0591,1,11,0.8182,-0.0803,-0.0882,0,0,,,0.0366,-0.0512,,,,,,,,,,,
spelad,GR,2022/23,2023-03-08,,Atromitos,AEK,0,1,A,3,14,0,1,0.1776,0.9889,skott,,,,,,,,,,0.1154,0.1999,0.6847,0.0964,0.1785,0.725,1,8.7,4.9,1.43,10,5.5,1.38,0.5144,0.5544,-0.5598,0.2023,-0.3117,1,11,-1.0909,0.1637,-0.1593,0,0,,,-0.0782,0.0177,,,,,,,,,,,
spelad,GR,2022/23,2023-03-12,,AEK,Olympiakos,1,3,A,15,6,6,3,1.8488,0.8356,skott,,,,,,,,,,0.4819,0.282,0.2361,0.5115,0.2725,0.2159,1,2.05,3.47,4.1,1.9,3.7,4.54,0.4326,0.4818,0.1234,0.7288,0.2282,-3,17,-1.4118,-0.4109,0.0069,0,0,,,0.0795,-0.0175,,,,,,,,,,,
spelad,GR,2022/23,2023-03-12,,Aris,Giannina,3,1,H,23,4,10,2,2.9629,0.5571,skott,,,,,,,,,,0.6754,0.2163,0.1083,0.6892,0.205,0.1058,1,1.46,4.6,9.2,1.44,4.7,9.1,0.4301,0.487,-0.0705,0.3775,0.0345,0,9,0,-0.4294,0.036,0,0,,,0.0301,-0.0449,,,,,,,,,,,
spelad,GR,2022/23,2023-03-12,,Atromitos,Panathinaikos,0,2,A,5,16,1,6,0.4561,1.9079,skott,,,,,,,,,,0.1236,0.2331,0.6433,0.1394,0.2549,0.6057,1,8.1,4.2,1.5,7,3.88,1.61,0.4315,0.4127,-0.7289,0.0458,-0.3406,-2,11,-1.6364,-0.4403,-0.1993,0,0,,,0.0694,0.015,,,,,,,,,,,
spelad,GR,2022/23,2023-03-12,,Ionikos,Asteras Tripolis,1,0,H,8,2,4,0,1.1141,0.1184,skott,,,,,,,,,,0.4187,0.3154,0.2658,0.3499,0.3283,0.3217,1,2.32,3.13,3.68,2.97,3.02,3.05,0.3592,0.359,-0.101,0.8884,0.174,-1,4,0.75,0.8751,-0.0413,0,0,,,-0.1935,-0.0241,,,,,,,,,,,
spelad,GR,2022/23,2023-03-12,,Levadeiakos,OFI Crete,2,0,H,13,9,6,2,1.7304,0.853,skott,,,,,,,,,,0.3249,0.3131,0.3621,0.2993,0.3236,0.3771,1,2.96,3.25,2.7,3.2,3.3,2.65,0.351,0.3582,-0.8455,1.4888,-0.75,0,3,-1,-0.08,-0.2741,0,0,,,-0.0661,0.0449,,,,,,,,,,,
spelad,GR,2022/23,2023-03-12,,Panetolikos,Lamia,1,1,D,10,8,4,1,1.2325,0.6337,skott,,,,,,,,,,0.4226,0.3166,0.2608,0.4088,0.3147,0.2765,1,2.29,3.14,3.73,2.34,3.13,3.56,0.361,0.3599,0.5742,-0.5463,0.5161,-1,14,0.2143,-0.0107,0.1746,0,0,,,-0.0433,0.0195,,,,,,,,,,,
spelad,GR,2022/23,2023-03-12,,Volos NFC,PAOK,0,1,A,3,17,0,3,0.1776,1.4867,skott,,,,,,,,,,0.0979,0.1964,0.7058,0.0794,0.1821,0.7384,1,10,5,1.38,13,5.5,1.31,0.5053,0.5026,0.5776,-0.068,0.3769,0,7,-2.1429,-0.1968,0.1114,0,0,,,-0.0695,0.0164,,,,,,,,,,,
spelad,GR,2022/23,2023-03-18,,Asteras Tripolis,Panetolikos,2,1,H,13,6,5,2,1.5702,0.6754,skott,,,,,,,,,,0.4877,0.295,0.2173,0.5077,0.2892,0.2031,1,1.99,3.4,4.5,1.98,3.4,4.8,0.3793,0.396,-0.3328,-0.3906,-0.4182,0,14,1.0714,0.1168,0.3484,0,0,,,0.0541,-0.0327,,,,,,,,,,,
spelad,GR,2022/23,2023-03-18,,Atromitos,Ionikos,2,0,H,4,19,3,5,0.7172,1.9254,skott,,,,,,,,,,0.5278,0.2849,0.1873,0.4393,0.306,0.2547,1,1.98,3.42,5.1,2.2,3.22,4.1,0.4046,0.3871,-0.5118,-0.1834,-0.5765,0,5,-0.6,-0.309,-0.3034,0,0,,,-0.2444,-0.0002,,,,,,,,,,,
spelad,GR,2022/23,2023-03-18,,Lamia,Giannina,2,0,H,6,13,4,4,0.9957,1.4101,skott,,,,,,,,,,0.4039,0.3256,0.2704,0.4278,0.3327,0.2395,1,2.4,3.1,3.59,2.38,3.1,4,0.3508,0.35,0.0891,0.6573,0.1548,0,11,-0.2727,-0.1029,0.2305,0,0,,,0.0785,-0.0346,,,,,,,,,,,
spelad,GR,2022/23,2023-03-18,,OFI Crete,Levadeiakos,1,1,D,13,5,6,4,1.7304,0.9365,skott,,,,,,,,,,0.5537,0.2683,0.178,0.546,0.2852,0.1688,1,1.76,3.66,5.4,1.77,3.65,5.7,0.402,0.3802,0.4685,-0.9496,0.3125,0,4,0,-0.0981,-0.2865,0,0,,,-0.0063,-0.0272,,,,,,,,,,,
spelad,GR,2022/23,2023-03-19,,AEK,Panathinaikos,0,0,D,13,6,2,3,1.0898,0.8356,skott,,,,,,,,,,0.5103,0.2905,0.1992,0.5162,0.2894,0.1945,1,1.9,3.36,4.8,1.86,3.45,5.2,0.3762,0.389,-0.2528,0.205,-0.1069,0,18,0.3333,-0.2079,0.1472,0,0,,,0.0164,-0.013,,,,,,,,,,,
spelad,GR,2022/23,2023-03-19,,Aris,PAOK,1,2,A,8,10,2,4,0.7938,1.2325,skott,,,,,,,,,,0.2788,0.316,0.4051,0.309,0.3281,0.3629,1,3.5,3.15,2.4,3.12,3.06,2.75,0.3676,0.3541,-0.6294,1.1604,-0.5412,0,16,0,0.3378,0.094,0,0,,,0.1027,0.0149,,,,,,,,,,,
spelad,GR,2022/23,2023-03-19,,Volos NFC,Olympiakos,0,3,A,2,10,0,5,0.1184,1.3926,skott,,,,,,,,,,0.0406,0.1202,0.8392,0.0789,0.1718,0.7493,1,34,9.1,1.17,15,6.97,1.29,0.6087,0.5286,-0.0522,0.7612,-0.085,0,8,-2.25,-0.1536,0.0892,0,0,,,0.1666,-0.0032,,,,,,,,,,,
spelad,GR,2022/23,2023-04-01,,Giannina,OFI Crete,0,1,A,18,8,0,2,1.0655,0.7938,skott,,,,,,,,,,0.3578,0.3151,0.3271,0.3894,0.3247,0.2859,1,2.72,3.13,3.2,2.49,3.14,3.39,0.386,0.3812,-0.2788,0.0976,-0.2425,0,9,-0.6667,-0.4203,0.2488,0,0,,,0.1043,0.0087,,,,,,,,,,,
spelad,GR,2022/23,2023-04-01,,Ionikos,Asteras Tripolis,1,0,H,12,5,2,1,1.0306,0.4561,skott,,,,,,,,,,0.4424,0.3034,0.2542,0.4601,0.3179,0.222,1,2.65,3.2,3.85,2.65,3.15,4.5,0.3599,0.3302,-0.1509,1.126,0.2211,0,5,1.2,1.0245,-0.0987,0,0,,,0.0674,-0.0132,,,,,,,,,,,
spelad,GR,2022/23,2023-04-01,,Levadeiakos,Atromitos,1,1,D,21,6,5,2,2.0438,0.6754,skott,,,,,,,,,,0.3837,0.3151,0.3012,0.3845,0.3181,0.2974,1,2.55,3.2,3.23,2.55,3.2,3.3,0.3568,0.3558,-0.1672,0.8122,-0.0983,0,6,-2,-0.368,-0.2841,0,0,,,0.0054,-0.0009,,,,,,,,,,,
spelad,GR,2022/23,2023-04-01,,Panetolikos,Lamia,1,3,A,8,13,4,7,1.1141,1.8905,skott,,,,,,,,,,0.4127,0.3191,0.2682,0.3786,0.3182,0.3031,1,2.33,3.35,3.67,2.54,3.3,3.25,0.3683,0.3508,0.2337,-0.293,0.1834,0,15,0.2,-0.046,0.2087,0,0,,,-0.1031,0.0148,,,,,,,,,,,
spelad,GR,2022/23,2023-04-02,,Olympiakos,Aris,2,2,D,30,6,7,2,2.8968,0.6754,skott,,,,,,,,,,0.7276,0.187,0.0854,0.7427,0.1716,0.0857,1,1.32,5.3,13,1.28,6.2,13,0.4503,0.5924,1.0991,-2.2346,0.9815,0,16,1.875,0.4884,-0.1266,0,0,,,0.0298,0.0024,,,,,,,,,,,
spelad,GR,2022/23,2023-04-02,,Panathinaikos,Volos NFC,0,0,D,19,3,3,1,1.6051,0.3377,skott,,,,,,,,,,0.8114,0.1295,0.0591,0.8103,0.1299,0.0598,1,1.19,7.9,20,1.22,8,18.5,0.5395,0.567,0.0441,0.2332,0.1654,0,8,1.5,0.1391,-0.0007,0,0,,,-0.0029,-0.0296,,,,,,,,,,,
spelad,GR,2022/23,2023-04-02,,PAOK,AEK,0,1,A,12,6,2,2,1.0306,0.6754,skott,,,,,,,,,,0.3475,0.3173,0.3352,0.4002,0.3177,0.2821,1,2.8,3.15,2.9,2.6,3.16,3.5,0.385,0.3793,0.4901,-0.8686,0.3838,0,18,0.5,0.1387,0.0952,0,0,,,0.1584,-0.0258,,,,,,,,,,,
spelad,GR,2022/23,2023-04-05,,Aris,Panathinaikos,0,1,A,6,10,0,2,0.3552,0.9122,skott,,,,,,,,,,0.2873,0.3189,0.3937,0.3496,0.3373,0.3131,1,3.36,3.06,2.47,2.9,3.05,3.06,0.3364,0.3428,-0.737,0.3606,-0.7535,0,16,-0.75,-0.3485,-0.0576,0,0,,,0.2053,-0.0204,,,,,,,,,,,
spelad,GR,2022/23,2023-04-05,,Olympiakos,PAOK,3,1,H,21,4,8,4,2.5242,0.8773,skott,,,,,,,,,,0.5079,0.2902,0.2019,0.4668,0.2963,0.2369,1,1.96,3.38,4.73,2.1,3.58,4.2,0.3925,0.4209,0.2781,-1.0441,0.2076,0,18,0.5,0.1079,-0.0087,0,0,,,-0.1171,-0.0027,,,,,,,,,,,
spelad,GR,2022/23,2023-04-05,,Volos NFC,AEK,0,1,A,2,14,2,5,0.4387,1.6294,skott,,,,,,,,,,0.0702,0.1519,0.7779,0.0681,0.1509,0.7809,1,15,7,1.25,14.5,6.5,1.25,0.5659,0.602,0.5479,-1.0731,0.4942,0,8,-0.375,0.6446,-0.0827,0,0,,,-0.0071,0.0245,,,,,,,,,,,
spelad,GR,2022/23,2023-04-08,,Asteras Tripolis,Levadeiakos,0,1,A,9,9,3,4,1.0132,1.1733,skott,,,,,,,,,,0.4856,0.2989,0.2155,0.4231,0.3391,0.2379,1,1.99,3.3,4.5,2.3,2.88,4.09,0.3365,0.2803,0.1204,-1.0427,-0.1183,0,6,0.5,-0.3371,0.2215,0,0,,,-0.1474,-0.0168,,,,,,,,,,,
spelad,GR,2022/23,2023-04-08,,Atromitos,Giannina,1,1,D,15,4,7,2,2.0089,0.5571,skott,,,,,,,,,,0.4575,0.296,0.2464,0.3744,0.3072,0.3184,1,2.12,3.25,4,2.56,3.2,3.15,0.397,0.403,0.7498,-0.7951,0.5311,0,11,0.5455,0.1077,0.1494,0,0,,,-0.2382,0.0163,,,,,,,,,,,
spelad,GR,2022/23,2023-04-08,,OFI Crete,Lamia,4,1,H,13,13,7,3,1.8905,1.2499,skott,,,,,,,,,,0.4977,0.2861,0.2162,0.4582,0.2956,0.2462,1,2,3.4,4.5,2.2,3.35,3.98,0.397,0.4282,-0.2519,0.2201,-0.3521,0,12,0.75,0.23,-0.0512,0,0,,,-0.1089,-0.0372,,,,,,,,,,,
spelad,GR,2022/23,2023-04-08,,Panetolikos,Ionikos,0,1,A,6,11,1,1,0.5153,0.8113,skott,,,,,,,,,,0.3983,0.3051,0.2966,0.3527,0.3286,0.3187,1,2.44,3.15,3.21,2.76,3.02,3.13,0.3728,0.3452,0.0117,-0.6488,-0.5067,0,5,0.6,0.315,0.0919,0,0,,,-0.1134,0.0198,,,,,,,,,,,
spelad,GR,2022/23,2023-04-09,,AEK,Aris,3,1,H,18,8,7,1,2.1865,0.6337,skott,,,,,,,,,,0.6956,0.205,0.0994,0.6981,0.2031,0.0988,1,1.4,4.75,9.8,1.41,4.9,9.68,0.4777,0.5026,0.3005,0.4916,0.3329,0,16,0.5625,0.0009,-0.0967,0,0,,,0.0056,-0.04,,,,,,,,,,,
spelad,GR,2022/23,2023-04-09,,Panathinaikos,Olympiakos,2,0,H,10,12,5,4,1.3926,1.3509,skott,,,,,,,,,,0.3497,0.3224,0.3279,0.3447,0.3226,0.3327,1,2.8,3.25,2.91,2.84,3.2,2.89,0.3643,0.3492,0.0196,1.2338,0.1038,0,17,-0.1765,0.3243,0.2098,0,0,,,-0.0148,-0.0007,,,,,,,,,,,
spelad,GR,2022/23,2023-04-09,,PAOK,Volos NFC,4,2,H,19,6,8,3,2.4058,0.8356,skott,,,,,,,,,,0.8,0.1387,0.0613,0.8116,0.1326,0.0558,1,1.2,7.2,19,1.2,7.7,19.5,0.5614,0.5769,-0.1549,-0.1848,-0.2844,0,8,2.25,0.15,0.0747,0,0,,,0.0288,-0.019,,,,,,,,,,,
spelad,GR,2022/23,2023-04-22,,Giannina,Panetolikos,3,2,H,15,5,7,2,2.0089,0.6163,skott,,,,,,,,,,0.4781,0.3075,0.2144,0.5266,0.2933,0.1802,1,2.01,3.35,5,1.91,3.45,5.75,0.3871,0.396,-0.3999,-0.1331,-0.2039,0,11,-0.5455,-0.3655,-0.0403,0,0,,,0.1311,-0.0177,,,,,,,,,,,
spelad,GR,2022/23,2023-04-22,,Lamia,Atromitos,1,0,H,11,4,5,0,1.4518,0.2368,skott,,,,,,,,,,0.4412,0.2937,0.2652,0.5247,0.28,0.1953,1,2.19,3.35,3.9,1.95,3.55,5.09,0.396,0.4101,0.2834,0.2836,0.3089,0,15,-0.6,-0.2374,0.3473,0,0,,,0.237,-0.0433,,,,,,,,,,,
spelad,GR,2022/23,2023-04-22,,Levadeiakos,Ionikos,2,2,D,12,5,6,4,1.6712,0.9365,skott,,,,,,,,,,0.3978,0.3053,0.2968,0.4166,0.3259,0.2576,1,2.45,3.25,3.27,2.4,3.1,3.95,0.3925,0.3373,0.1975,-0.6699,0.092,0,,,,,0,0,,,0.0767,-0.0029,,,,,,,,,,,
spelad,GR,2022/23,2023-04-22,,OFI Crete,Asteras Tripolis,1,1,D,11,13,3,4,1.1316,1.4101,skott,,,,,,,,,,0.4919,0.2883,0.2199,0.4999,0.276,0.2241,1,2.07,3.35,4.5,2,3.5,4.26,0.389,0.4319,0.5628,-0.071,0.7794,0,11,-0.8182,-0.3046,-0.1085,0,0,,,0.0118,-0.0339,,,,,,,,,,,
spelad,GR,2022/23,2023-04-23,,Olympiakos,AEK,1,3,A,5,15,1,7,0.4561,2.0089,skott,,,,,,,,,,0.4117,0.2896,0.2987,0.3928,0.2878,0.3194,1,2.3,3.58,3.5,2.49,3.37,3.35,0.4581,0.4482,-0.3213,-0.6869,-0.0874,0,18,1.5,0.4972,-0.0086,0,0,,,-0.0586,0.0083,,,,,,,,,,,
spelad,GR,2022/23,2023-04-23,,PAOK,Panathinaikos,1,2,A,21,8,5,3,2.0438,0.954,skott,,,,,,,,,,0.4175,0.3087,0.2739,0.4308,0.3253,0.244,1,2.33,3.15,3.55,2.4,3.15,3.99,0.351,0.3452,-0.0293,-0.5175,-0.3766,0,18,0.6667,-0.0539,-0.0561,0,0,,,0.0566,-0.018,,,,,,,,,,,
spelad,GR,2022/23,2023-04-23,,Volos NFC,Aris,0,3,A,8,13,2,6,0.7938,1.7304,skott,,,,,,,,,,0.2374,0.2731,0.4895,0.1851,0.2701,0.5448,1,4.2,3.57,2.05,5.25,3.75,1.85,0.4581,0.4689,0.2375,-0.2651,0.2006,0,8,-0.75,0.3134,-0.2548,0,0,,,-0.1598,0.0414,,,,,,,,,,,
spelad,GR,2022/23,2023-04-26,,AEK,PAOK,4,0,H,20,3,9,0,2.6251,0.1776,skott,,,,,,,,,,0.5645,0.2484,0.1871,0.6383,0.2248,0.1368,1,1.75,3.93,5.25,1.53,4.6,7.59,0.4609,0.4597,0.6839,-0.099,0.734,0,19,-0.3158,-0.125,0.0735,0,0,,,0.1978,-0.014,,,,,,,,,,,
spelad,GR,2022/23,2023-04-26,,Aris,Olympiakos,2,1,H,8,18,4,5,1.1141,1.8662,skott,,,,,,,,,,0.2145,0.2751,0.5104,0.3003,0.2885,0.4111,1,4.6,3.55,1.91,4.2,3.34,2.38,0.4282,0.4456,-0.0854,0.3158,-0.1652,0,17,-1.7647,-0.3069,-0.0704,0,0,,,0.2709,-0.0111,,,,,,,,,,,
spelad,GR,2022/23,2023-04-26,,Volos NFC,Panathinaikos,0,2,A,4,18,0,7,0.2368,2.1865,skott,,,,,,,,,,0.0651,0.1685,0.7664,0.0626,0.1869,0.7505,1,15,6,1.26,17,5.75,1.29,0.5,0.4609,-0.6311,0.6897,-0.6939,0,9,-1.3333,-0.0463,0.0961,0,0,,,0.0111,0.0124,,,,,,,,,,,
spelad,GR,2022/23,2023-04-29,,Asteras Tripolis,Lamia,0,0,D,13,3,3,0,1.2499,0.1776,skott,,,,,,,,,,0.3976,0.3173,0.2852,0.3988,0.3323,0.2689,1,2.45,3.1,3.4,2.44,3.1,3.7,0.35,0.3452,-0.8552,0.2128,-1.1192,0,14,-0.2143,-0.5541,0.1938,0,0,,,0.0188,0.007,,,,,,,,,,,
spelad,GR,2022/23,2023-04-29,,Atromitos,OFI Crete,2,3,A,10,10,5,6,1.3926,1.5528,skott,,,,,,,,,,0.3645,0.3072,0.3283,0.4222,0.2967,0.2811,1,2.67,3.25,2.96,2.67,3.55,3.41,0.4209,0.5182,-0.2423,-0.3816,-0.2499,0,12,0,-0.0947,0.1966,0,0,,,0.1627,-0.0211,,,,,,,,,,,
spelad,GR,2022/23,2023-04-29,,Ionikos,Giannina,0,1,A,12,7,4,2,1.3509,0.7346,skott,,,,,,,,,,0.4336,0.2995,0.2669,0.4451,0.3255,0.2295,1,2.29,3.2,3.65,2.25,3.29,4.17,0.3915,0.3674,0.3863,0.5913,0.5444,0,4,-0.75,-0.5703,0.4409,0,0,,,0.0604,-0.0055,,,,,,,,,,,
spelad,GR,2022/23,2023-04-29,,Panetolikos,Levadeiakos,2,2,D,21,15,6,9,2.2039,2.3292,skott,,,,,,,,,,0.3754,0.3159,0.3088,0.3217,0.3577,0.3206,1,2.56,3.1,3.2,2.98,3.04,3.17,0.3582,0.3365,-0.1886,-0.3402,-0.7001,0,6,0,-0.2236,0.0205,0,0,,,-0.1192,0.0424,,,,,,,,,,,
spelad,GR,2022/23,2023-04-30,,Olympiakos,Volos NFC,5,0,H,23,5,11,3,3.123,0.7764,skott,,,,,,,,,,0.8503,0.1077,0.0419,0.8882,0.0807,0.0312,1,1.13,9.3,26,1.15,12,41,0.6209,0.7109,-0.1712,-0.3896,-0.1736,0,9,2.3333,0.1217,0.0602,0,0,,,0.0864,-0.0335,,,,,,,,,,,
spelad,GR,2022/23,2023-04-30,,Panathinaikos,AEK,0,0,D,5,17,1,2,0.4561,1.3266,skott,,,,,,,,,,0.3702,0.3149,0.3149,0.3249,0.3352,0.3399,1,2.61,3.14,3.07,2.99,3.1,2.82,0.3825,0.3558,0.3071,-0.4101,0.2685,0,19,-0.3158,0.0642,0.1769,0,0,,,-0.1156,0.0051,,,,,,,,,,,
spelad,GR,2022/23,2023-04-30,,PAOK,Aris,3,2,H,15,11,9,7,2.3292,1.7721,skott,,,,,,,,,,0.5583,0.2606,0.1811,0.5772,0.2533,0.1695,1,1.77,3.77,6,1.73,3.78,5.75,0.4364,0.4545,-0.164,0.3533,-0.1103,0,17,0.1765,-0.3132,0.0691,0,0,,,0.0495,-0.0514,,,,,,,,,,,
spelad,GR,2022/23,2023-05-03,,AEK,Olympiakos,0,0,D,15,5,5,3,1.6886,0.7764,skott,,,,,,,,,,0.5547,0.2544,0.1908,0.5774,0.2494,0.1732,1,1.76,3.83,5.25,1.71,4,5.75,0.4896,0.4935,0.2224,0.2366,0.5187,0,19,-1.2632,-0.3705,-0.0233,0,0,,,0.0629,-0.0174,,,,,,,,,,,
spelad,GR,2022/23,2023-05-03,,Aris,Volos NFC,4,2,H,13,5,8,4,2.0506,0.9365,skott,,,,,,,,,,0.7258,0.1758,0.0984,0.7912,0.1436,0.0652,1,1.33,5.6,12,1.29,7,19,0.5365,0.5867,0.4024,-1.1115,0.3087,0,9,1,0.0696,-0.2565,0,0,,,0.164,-0.0059,,,,,,,,,,,
spelad,GR,2022/23,2023-05-03,,Panathinaikos,PAOK,1,1,D,14,5,4,2,1.4693,0.6163,skott,,,,,,,,,,0.5665,0.2719,0.1616,0.5251,0.2905,0.1845,1,1.75,3.61,6,1.82,3.5,5.9,0.3793,0.3935,0.6763,-1.1466,0.7751,0,19,-0.4737,0.2065,-0.0703,0,0,,,-0.1058,0.0162,,,,,,,,,,,
spelad,GR,2022/23,2023-05-06,,Atromitos,Panetolikos,2,0,H,16,16,4,6,1.5877,1.9079,skott,,,,,,,,,,0.4732,0.2836,0.2432,0.4599,0.3027,0.2374,1,2.05,3.4,4.33,2.09,3.4,4.33,0.4308,0.4282,0.3477,-0.3747,0.362,0,15,0.4,0.0276,0.0308,0,0,,,-0.0207,0.0025,,,,,,,,,,,
spelad,GR,2022/23,2023-05-06,,Giannina,Asteras Tripolis,1,0,H,5,8,1,3,0.4561,0.954,skott,,,,,,,,,,0.3323,0.4384,0.2293,0.3323,0.4384,0.2293,1,2.72,2.62,4.45,3.14,2.15,4.2,0.2978,0.2978,0.1701,0.1841,0.2924,0,10,0.3,0.235,0.1868,0,0,,,0,-0.0327,,,,,,,,,,,
spelad,GR,2022/23,2023-05-06,,Lamia,Levadeiakos,1,1,D,10,10,4,2,1.2325,0.9122,skott,,,,,,,,,,0.4687,0.2951,0.2361,0.4533,0.3076,0.2391,1,2.06,3.35,4.2,2.16,3.35,4,0.3759,0.3541,0.7481,-1.0063,0.4139,0,6,1,0.2408,0.3443,0,0,,,-0.0339,-0.0041,,,,,,,,,,,
spelad,GR,2022/23,2023-05-06,,OFI Crete,Ionikos,2,2,D,7,19,2,8,0.7346,2.4058,skott,,,,,,,,,,0.3744,0.3072,0.3184,0.3896,0.3052,0.3052,1,2.6,3.3,3.04,2.53,3.28,3.14,0.4076,0.4393,0.558,-1.2888,0.3424,0,5,0,-0.1666,-0.1073,0,0,,,0.0436,-0.016,,,,,,,,,,,
spelad,GR,2022/23,2023-05-08,,Aris,AEK,1,2,A,7,15,2,5,0.7346,1.6886,skott,,,,,,,,,,0.1415,0.2306,0.6279,0.0872,0.1817,0.7311,1,7.1,4.33,1.52,12,5.9,1.35,0.4697,0.5599,-0.0284,-0.4317,-0.4284,0,17,-0.7059,0.0607,-0.1029,0,0,,,-0.2117,-0.0021,,,,,,,,,,,
spelad,GR,2022/23,2023-05-08,,Olympiakos,Panathinaikos,1,0,H,12,8,3,2,1.1907,0.7938,skott,,,,,,,,,,0.2505,0.2941,0.4553,0.2957,0.2984,0.4059,1,4,3.4,2.14,3.35,3.31,2.42,0.3929,0.397,-0.8268,0.535,-0.8252,0,18,0,-0.5778,0.1802,0,0,,,0.1396,-0.0095,,,,,,,,,,,
spelad,GR,2022/23,2023-05-08,,Volos NFC,PAOK,0,2,A,1,20,0,5,0.0592,1.9846,skott,,,,,,,,,,0.0907,0.187,0.7222,0.0585,0.1463,0.7953,1,12,5.25,1.33,18,7,1.21,0.5289,0.5769,-0.2468,0.4109,-0.0619,0,9,-2.3333,-0.2331,0.0517,0,0,,,-0.1376,0.0026,,,,,,,,,,,
spelad,GR,2022/23,2023-05-13,,Asteras Tripolis,Atromitos,1,1,D,6,13,2,5,0.6754,1.5702,skott,,,,,,,,,,0.4314,0.2911,0.2776,0.3364,0.3318,0.3318,1,2.24,3.4,3.52,2.85,3.3,3.35,0.404,0.3925,-0.7293,0.9646,-0.4053,0,14,-0.6429,-0.3954,0.0378,0,0,,,-0.2441,0.0132,,,,,,,,,,,
spelad,GR,2022/23,2023-05-13,,Ionikos,Lamia,2,2,D,13,11,4,6,1.4101,1.612,skott,,,,,,,,,,0.4685,0.2914,0.2401,0.4682,0.3152,0.2166,1,2.08,3.32,4.2,2.19,3.25,4.41,0.4173,0.396,-0.8839,1.6329,-0.4,0,5,0,0.2012,-0.1204,0,0,,,0.023,-0.0433,,,,,,,,,,,
spelad,GR,2022/23,2023-05-13,,Levadeiakos,Giannina,3,3,D,26,12,12,4,3.4607,1.3509,skott,,,,,,,,,,0.377,0.3171,0.3059,0.4387,0.3056,0.2557,1,2.57,3.2,3.17,2.4,3.3,3.74,0.3549,0.3837,-0.0403,0.2432,0.3321,0,6,-2,-0.8032,0.0212,0,0,,,0.1737,-0.0509,,,,,,,,,,,
spelad,GR,2022/23,2023-05-13,,Panetolikos,OFI Crete,0,2,A,17,15,4,4,1.6469,1.5285,skott,,,,,,,,,,0.3593,0.276,0.3648,0.4092,0.285,0.3059,1,2.75,3.52,2.65,2.45,3.5,3.3,0.4896,0.5,-1.0394,0.7664,-0.9411,0,12,0.5,0.5169,-0.1306,0,0,,,0.1587,0.0028,,,,,,,,,,,
spelad,GR,2022/23,2023-05-14,,AEK,Volos NFC,4,0,H,20,2,8,0,2.465,0.1184,skott,,,,,,,,,,0.927,0.0443,0.0287,0.9412,0.0377,0.021,1,1.06,25,67,1.05,29,54,0.747,0.7826,0.7076,-0.8217,0.8684,0,9,0.6667,-0.4432,-0.0903,0,0,,,0.0362,-0.043,,,,,,,,,,,
spelad,GR,2022/23,2023-05-14,,Panathinaikos,Aris,1,1,D,15,10,5,4,1.6886,1.2325,skott,,,,,,,,,,0.6905,0.2007,0.1088,0.6784,0.2106,0.1111,1,1.4,4.9,11,1.42,4.9,9.5,0.4593,0.4753,0.0988,0.3569,0.0937,0,17,0.8824,0.4836,-0.074,0,0,,,-0.0266,0.0018,,,,,,,,,,,
spelad,GR,2022/23,2023-05-14,,PAOK,Olympiakos,0,1,A,16,12,6,4,1.9079,1.3509,skott,,,,,,,,,,0.4216,0.2901,0.2883,0.5048,0.2718,0.2234,1,2.35,3.4,3.4,2.23,3.55,4.5,0.4401,0.4597,0.0962,0.2116,-0.0752,0,19,-0.6316,-0.147,-0.0238,0,0,,,0.2313,-0.0472,,,,,,,,,,,
spelad,GR,2023/24,2023-08-18,,Volos NFC,Lamia,2,2,D,8,13,4,8,1.1141,2.0506,skott,,,,,,,,,,0.3829,0.318,0.2991,0.38,0.315,0.305,1,2.53,3.14,3.21,2.56,3.15,3.2,0.3827,0.3915,-0.6991,1.2291,-0.643,,11,0.8182,0.3023,0.2094,0,0,,,-0.0116,0.0056,,,,,,,,,,,
spelad,GR,2023/24,2023-08-20,,Giannina,Kifisia,3,0,H,10,4,7,0,1.7129,0.2368,skott,,,,,,,,,,0.4238,0.3325,0.2437,0.4663,0.3093,0.2244,1,2.29,3.25,3.98,2.17,3.25,4.33,0.3985,0.3802,,,,,,,,,-1,0,,,0.1043,-0.026,,,,,,,,,,,
spelad,GR,2023/24,2023-08-20,,OFI Crete,Aris,3,2,H,13,16,4,7,1.4101,2.0681,skott,,,,,,,,,,0.387,0.2991,0.3139,0.3303,0.2956,0.3741,1,2.55,3.4,3.08,2.94,3.4,2.56,0.4698,0.4583,0.5165,-0.3555,0.3028,,12,-1.5,-0.3808,0.072,0,0,,,-0.1736,0.0004,,,,,,,,,,,
spelad,GR,2023/24,2023-08-20,,Olympiakos,Panserraikos,2,0,H,29,5,3,2,2.1971,0.6163,skott,,,,,,,,,,0.8024,0.133,0.0647,0.822,0.1315,0.0464,1,1.2,7.7,19,1.2,7.7,24,0.5725,0.5659,,,,,,,,,-1,0,,,0.0575,-0.026,,,,,,,,,,,
spelad,GR,2023/24,2023-08-20,,PAOK,Asteras Tripolis,3,0,H,13,9,6,2,1.7304,0.853,skott,,,,,,,,,,0.7392,0.1765,0.0843,0.711,0.1913,0.0977,1,1.3,5.45,13,1.34,5.52,12,0.5026,0.4909,0.366,0.0792,0.2085,,14,1.0714,-0.1727,-0.0153,0,0,,,-0.07,0.0312,,,,,,,,,,,
spelad,GR,2023/24,2023-08-25,,Panetolikos,Giannina,0,0,D,17,8,7,2,2.1273,0.7938,skott,,,,,,,,,,0.3775,0.3284,0.2941,0.3821,0.3273,0.2906,1,2.56,3.1,3.28,2.51,3.13,3.41,0.3716,0.3683,-1.3379,1.3342,-1.3818,,12,0.25,0.3024,-0.0614,0,0,,,0.0127,0.0089,,,,,,,,,,,
spelad,GR,2023/24,2023-08-26,,AEK,Panserraikos,1,1,D,29,7,10,4,3.318,1.0549,skott,,,,,,,,,,0.8341,0.1192,0.0467,0.816,0.1226,0.0614,1,1.2,8.4,23,1.2,8,19,0.5939,0.6423,,,,,,,,,-1,0,,,-0.051,-0.0243,,,,,,,,,,,
spelad,GR,2023/24,2023-08-26,,Asteras Tripolis,OFI Crete,3,0,H,12,16,4,6,1.3509,1.9079,skott,,,,,,,,,,0.4195,0.2907,0.2898,0.4112,0.3226,0.2662,1,2.32,3.32,3.34,2.4,3.15,3.6,0.4148,0.3707,-1.6169,1.83,-1.2724,0,12,0.75,0.383,-0.0391,0,0,,,0.0072,-0.0163,,,,,,,,,,,
spelad,GR,2023/24,2023-08-26,,Panathinaikos,Volos NFC,3,0,H,14,5,8,3,2.1098,0.7764,skott,,,,,,,,,,0.7381,0.1608,0.1011,0.7533,0.1536,0.0931,1,1.3,6.3,15,1.3,6.3,14,0.5247,0.567,0.7026,-1.2967,0.6031,,10,1.5,0.0114,0.0678,0,0,,,0.0385,0.0011,,,,,,,,,,,
spelad,GR,2023/24,2023-08-27,,Lamia,Aris,1,0,H,7,7,4,3,1.0549,0.8948,skott,,,,,,,,,,0.2786,0.287,0.4344,0.2624,0.31,0.4276,1,3.6,3.4,2.23,3.7,3.25,2.26,0.4401,0.3871,0.1702,0.2358,0.193,2,10,-0.9,0.1185,0.0198,0,0,,,-0.0254,0.0156,,,,,,,,,,,
spelad,GR,2023/24,2023-08-27,,Olympiakos,Atromitos,4,0,H,24,3,9,1,2.8619,0.3377,skott,,,,,,,,,,0.7355,0.1709,0.0937,0.7269,0.1856,0.0874,1,1.33,5.9,11,1.33,5.5,11,0.581,0.5455,0.0964,0.1737,0.2285,,12,1.75,-0.0102,0.0482,0,0,,,-0.0109,-0.0306,,,,,,,,,,,
spelad,GR,2023/24,2023-08-27,,PAOK,Kifisia,2,1,H,19,6,8,3,2.4058,0.8356,skott,,,,,,,,,,0.8012,0.1408,0.058,0.71,0.1954,0.0947,1,1.21,7.2,19,1.4,5,10.05,0.5777,0.5156,,,,0,,,,,-1,0,,,-0.2192,-0.043,,,,,,,,,,,
spelad,GR,2023/24,2023-09-01,,Kifisia,Atromitos,2,1,H,14,13,7,9,1.9497,2.2108,skott,,,,,,,,,,0.3632,0.3015,0.3353,0.3508,0.3109,0.3384,1,2.66,3.3,2.91,2.76,3.3,2.88,0.4308,0.4173,,,,0,,,,,1,0,,,-0.028,0.022,,,,,,,,,,,
spelad,GR,2023/24,2023-09-02,,Panserraikos,Panetolikos,1,1,D,14,8,3,4,1.3091,1.1141,skott,,,,,,,,,,0.4118,0.2954,0.2927,0.4177,0.3106,0.2717,1,2.38,3.4,3.33,2.4,3.35,3.52,0.4143,0.3812,,,,-1,,,,,1,0,,,0.0327,-0.0312,,,,,,,,,,,
spelad,GR,2023/24,2023-09-03,,Aris,Asteras Tripolis,3,2,H,10,4,6,4,1.5528,0.8773,skott,,,,,,,,,,0.6192,0.2426,0.1382,0.6066,0.254,0.1394,1,1.57,4.1,7.2,1.6,4,7.1,0.4439,0.4444,0.4094,-0.4945,0.4009,-1,12,2,0.7497,-0.1266,0,0,,,-0.0265,-0.0003,,,,,,,,,,,
spelad,GR,2023/24,2023-09-03,,Giannina,Panathinaikos,0,1,A,11,11,4,2,1.2917,0.9714,skott,,,,,,,,,,0.1529,0.2577,0.5895,0.17,0.2756,0.5544,1,6.5,3.81,1.66,5.7,3.52,1.78,0.401,0.3716,0.3503,-0.3932,0.3932,1,12,-0.75,0.195,-0.1989,0,0,,,0.0693,0.0326,,,,,,,,,,,
spelad,GR,2023/24,2023-09-03,,OFI Crete,PAOK,1,0,H,7,12,2,4,0.7346,1.3509,skott,,,,,,,,,,0.18,0.245,0.5751,0.2103,0.2473,0.5424,1,5.5,4,1.73,4.8,3.94,1.8,0.5,0.5313,0.9182,-1.1145,0.8997,1,12,-2.25,-0.3281,0.0451,0,0,,,0.0932,0.0096,,,,,,,,,,,
spelad,GR,2023/24,2023-09-03,,Olympiakos,Lamia,4,0,H,17,8,8,3,2.2874,0.954,skott,,,,,,,,,,0.7518,0.166,0.0821,0.79,0.1495,0.0605,1,1.3,6,13,1.23,6.6,17.5,0.5471,0.5469,0.2185,-0.7899,-0.0474,0,12,3,0.5098,-0.1513,0,0,,,0.0981,-0.0302,,,,,,,,,,,
spelad,GR,2023/24,2023-09-03,,Volos NFC,AEK,2,3,A,7,11,5,7,1.2151,1.7721,skott,,,,,,,,,,0.0815,0.1525,0.766,0.0766,0.1579,0.7655,1,13,6.6,1.25,15,6.5,1.26,0.5969,0.5867,-0.2111,1.0264,-0.5246,0,10,-0.9,0.4701,-0.0851,0,0,,,-0.0095,-0.0074,,,,,,,,,,,
spelad,GR,2023/24,2023-09-16,,Lamia,OFI Crete,2,2,D,7,12,2,4,0.7346,1.3509,skott,,,,,,,,,,0.3503,0.3006,0.3491,0.3834,0.3033,0.3132,1,2.77,3.25,2.78,2.5,3.4,3.2,0.4046,0.4076,-1.0118,1.4715,-0.7212,0,13,-0.9231,-0.2447,-0.07,0,0,,,0.102,0.0293,,,,,,,,,,,
spelad,GR,2023/24,2023-09-16,,Panetolikos,Panathinaikos,0,5,A,11,18,4,10,1.2917,2.6669,skott,,,,,,,,,,0.1255,0.2344,0.6401,0.1291,0.235,0.636,1,8,4.2,1.51,7.53,4.2,1.53,0.4356,0.4482,-1.2718,1.384,-0.9173,1,12,-1,0.1297,-0.093,0,0,,,0.0114,0.0294,,,,,,,,,,,
spelad,GR,2023/24,2023-09-17,,AEK,Olympiakos,1,1,D,9,7,4,3,1.1733,0.8948,skott,,,,,,,,,,0.4323,0.2826,0.2851,0.4387,0.297,0.2642,1,2.23,3.45,3.4,2.24,3.34,3.65,0.4712,0.4319,-0.5098,1.0549,-0.4171,0,20,-1.2,-0.401,0.0154,0,0,,,0.0339,-0.0224,,,,,,,,,,,
spelad,GR,2023/24,2023-09-17,,Asteras Tripolis,Giannina,2,2,D,10,7,4,6,1.2325,1.3752,skott,,,,,,,,,,0.4442,0.3082,0.2477,0.4349,0.3222,0.2429,1,2.17,3.25,3.92,2.25,3.2,4.33,0.3652,0.346,-1.2064,1.188,-0.9895,0,11,-0.5455,-0.4859,0.13,0,0,,,-0.0136,0.0126,,,,,,,,,,,
spelad,GR,2023/24,2023-09-17,,Kifisia,Panserraikos,4,4,D,19,9,6,4,2.0855,1.1733,skott,,,,,,,,,,0.4639,0.2775,0.2586,0.4313,0.3099,0.2588,1,2.11,3.52,3.77,2.33,3.3,3.75,0.4555,0.4066,,,,1,,,,,0,0,,,-0.0654,-0.0353,,,,,,,,,,,
spelad,GR,2023/24,2023-09-17,,PAOK,Aris,0,0,D,10,8,3,4,1.0724,1.1141,skott,,,,,,,,,,0.6078,0.2349,0.1573,0.5891,0.2552,0.1557,1,1.59,4.1,7,1.73,3.92,7,0.4947,0.4356,0.0747,0.2793,-0.0958,0,18,0.3333,-0.2394,0.0512,0,0,,,-0.0357,-0.0115,,,,,,,,,,,
spelad,GR,2023/24,2023-09-18,,Atromitos,Volos NFC,1,1,D,8,10,1,1,0.6337,0.7521,skott,,,,,,,,,,0.527,0.2463,0.2267,0.5284,0.2557,0.2159,1,1.83,3.98,4.5,1.84,3.79,4.5,0.4974,0.5026,-0.0725,-0.5589,-0.1584,2,11,-0.2727,-0.2212,-0.1026,0,0,,,0.0137,-0.0196,,,,,,,,,,,
spelad,GR,2023/24,2023-09-23,,OFI Crete,Atromitos,1,1,D,16,9,5,4,1.7478,1.1733,skott,,,,,,,,,,0.4568,0.2786,0.2646,0.4759,0.2873,0.2368,1,2.12,3.5,3.8,2.02,3.55,4.33,0.4663,0.4675,1.164,-0.9098,1.1704,2,13,0.2308,0.049,0.1587,0,0,,,0.0662,0.0096,,,,,,,,,,,
spelad,GR,2023/24,2023-09-23,,Panserraikos,Lamia,2,0,H,14,4,7,1,1.9497,0.3969,skott,,,,,,,,,,0.4158,0.297,0.2872,0.37,0.3238,0.3062,1,2.33,3.27,3.4,2.6,3.2,3.2,0.4112,0.3707,,,,-1,,,,,1,0,,,-0.1105,0.0238,,,,,,,,,,,
spelad,GR,2023/24,2023-09-24,,Aris,Panetolikos,3,0,H,14,5,6,3,1.7896,0.7764,skott,,,,,,,,,,0.6288,0.2323,0.1389,0.6836,0.2098,0.1066,1,1.52,4.33,7.1,1.44,4.8,9.8,0.4816,0.5039,0.4764,-1.0032,0.5274,-1,10,0.9,-0.0932,-0.1515,0,0,,,0.1419,-0.0168,,,,,,,,,,,
spelad,GR,2023/24,2023-09-24,,Giannina,PAOK,1,3,A,10,10,3,5,1.0724,1.3926,skott,,,,,,,,,,0.1746,0.2436,0.5819,0.1727,0.2487,0.5787,1,5.75,4,1.73,6,3.94,1.66,0.4593,0.4545,0.5906,-0.8043,0.8194,0,12,-1.75,-0.0018,-0.1241,0,0,,,-0.0006,0.0004,,,,,,,,,,,
spelad,GR,2023/24,2023-09-24,,Olympiakos,Kifisia,4,0,H,13,8,7,2,1.8905,0.7938,skott,,,,,,,,,,0.8177,0.1241,0.0583,0.8306,0.1188,0.0506,1,1.17,8.4,20,1.17,8.5,19,0.5995,0.629,,,,0,,,,,-1,0,,,0.0334,-0.037,,,,,,,,,,,
spelad,GR,2023/24,2023-09-24,,Volos NFC,Asteras Tripolis,1,2,A,13,16,7,6,1.8905,1.9079,skott,,,,,,,,,,0.3606,0.302,0.3375,0.3173,0.3184,0.3643,1,2.7,3.21,2.87,3.05,3.1,2.66,0.3975,0.3683,0.0234,0.7321,0.0213,-1,10,-1.2,-0.4023,0.1173,0,0,,,-0.1134,0.0092,,,,,,,,,,,
spelad,GR,2023/24,2023-09-25,,Panathinaikos,AEK,1,2,A,10,15,5,4,1.3926,1.5285,skott,,,,,,,,,,0.3999,0.3067,0.2934,0.3914,0.3154,0.2932,1,2.41,3.25,3.3,2.51,3.13,3.39,0.3985,0.375,0.3666,-0.7812,0.06,1,20,-0.3,0.0455,0.2013,0,0,,,-0.0168,-0.0092,,,,,,,,,,,
spelad,GR,2023/24,2023-09-27,,Kifisia,Lamia,1,1,D,17,8,4,4,1.6469,1.1141,skott,,,,,,,,,,0.4166,0.2877,0.2957,0.4733,0.2906,0.2361,1,2.45,3.35,3.3,2.37,3.3,4.2,0.4356,0.4148,-0.0326,0.4461,0.0008,-1,,,,,1,0,,,0.1731,-0.0342,,,,,,,,,,,
spelad,GR,2023/24,2023-09-27,,Olympiakos,Aris,4,1,H,20,7,5,1,1.9846,0.5745,skott,,,,,,,,,,0.7006,0.1965,0.1029,0.6649,0.2211,0.114,1,1.4,5.1,9.8,1.45,4.7,9.5,0.5,0.4689,0.8983,-1.2185,0.8114,0,18,1.5,0.2718,-0.0825,0,0,,,-0.0826,0.0147,,,,,,,,,,,
spelad,GR,2023/24,2023-09-27,,Panetolikos,OFI Crete,1,1,D,18,21,6,10,2.0263,2.8445,skott,,,,,,,,,,0.3263,0.2789,0.3948,0.2919,0.2901,0.418,1,3.1,3.47,2.5,3.4,3.31,2.41,0.456,0.4635,-1.4071,1.7283,-1.2968,-1,13,0.2308,0.3608,-0.1425,0,0,,,-0.0921,0.0254,,,,,,,,,,,
spelad,GR,2023/24,2023-09-27,,PAOK,Volos NFC,3,0,H,17,5,10,2,2.6077,0.6163,skott,,,,,,,,,,0.8066,0.1276,0.0659,0.8119,0.1258,0.0623,1,1.2,8.1,17,1.2,8.1,17,0.5949,0.6357,0.4983,-0.7395,0.1896,0,10,2.4,0.21,0.0319,0,0,,,0.0144,-0.0256,,,,,,,,,,,
spelad,GR,2023/24,2023-09-28,,AEK,Atromitos,2,1,H,18,5,8,2,2.3466,0.6163,skott,,,,,,,,,,0.8046,0.1317,0.0638,0.8134,0.13,0.0566,1,1.21,7.7,18,1.22,7.6,17,0.6156,0.6055,0.3316,0.0093,0.4556,-2,12,1.25,0.0498,-0.1609,0,0,,,0.0248,-0.0459,,,,,,,,,,,
spelad,GR,2023/24,2023-09-28,,Asteras Tripolis,Panathinaikos,1,4,A,9,9,4,7,1.1733,1.6537,skott,,,,,,,,,,0.1744,0.2616,0.564,0.1982,0.3046,0.4972,1,6,3.72,1.73,5.25,3.42,1.95,0.4227,0.3564,-0.1153,0.5183,0.2718,1,14,0.4286,0.4685,0.1271,0,0,,,0.1144,-0.0098,,,,,,,,,,,
spelad,GR,2023/24,2023-09-28,,Panserraikos,Giannina,3,2,H,12,6,6,3,1.6712,0.8356,skott,,,,,,,,,,0.4161,0.309,0.275,0.3956,0.3212,0.2832,1,2.3,3.2,3.52,2.45,3.2,3.41,0.386,0.3837,-0.2342,0.0157,-0.1033,1,,,,,1,0,,,-0.0492,0.01,,,,,,,,,,,
spelad,GR,2023/24,2023-10-01,,Aris,Kifisia,1,1,D,12,10,6,4,1.6712,1.2325,skott,,,,,,,,,,0.6659,0.212,0.1221,0.7037,0.1908,0.1056,1,1.55,4.7,8.5,1.54,4.98,9,0.5105,0.5581,-0.0814,-0.4975,0.0328,0,,,,,-1,0,,,0.092,-0.0953,,,,,,,,,,,
spelad,GR,2023/24,2023-10-01,,Giannina,Olympiakos,0,3,A,5,25,0,9,0.296,2.9211,skott,,,,,,,,,,0.1185,0.2106,0.6709,0.096,0.192,0.712,1,8.5,4.7,1.45,9.94,5,1.4,0.5,0.5079,-0.8437,1.0419,-0.8328,-1,12,-1.75,0.0048,0.0606,0,0,,,-0.086,0.0407,,,,,,,,,,,
spelad,GR,2023/24,2023-10-01,,Lamia,Panetolikos,1,0,H,7,13,3,1,0.8948,0.9297,skott,,,,,,,,,,0.5023,0.2836,0.2141,0.4922,0.2868,0.221,1,1.95,3.45,4.6,2.01,3.45,4.4,0.401,0.4271,0.5907,-0.9577,0.4727,0,16,0,-0.0417,0.1757,0,0,,,-0.0271,-0.0263,,,,,,,,,,,
spelad,GR,2023/24,2023-10-01,,Panathinaikos,PAOK,2,2,D,22,5,13,2,3.3841,0.6163,skott,,,,,,,,,,0.4977,0.284,0.2184,0.4558,0.3019,0.2423,1,1.94,3.41,4.5,2.12,3.3,3.97,0.4071,0.403,0.0967,-0.6464,0.0003,-1,20,-0.45,0.1529,-0.0313,0,0,,,-0.1077,-0.0129,,,,,,,,,,,
spelad,GR,2023/24,2023-10-02,,Atromitos,Asteras Tripolis,0,0,D,8,8,1,4,0.6337,1.1141,skott,,,,,,,,,,0.4412,0.3006,0.2582,0.4665,0.3036,0.2299,1,2.25,3.24,3.76,2.18,3.26,4.33,0.4066,0.4246,-0.2334,-0.0199,-0.2959,0,15,0.6,0.312,0.0798,0,0,,,0.079,-0.0314,,,,,,,,,,,
spelad,GR,2023/24,2023-10-02,,OFI Crete,AEK,2,0,H,7,14,5,4,1.2151,1.4693,skott,,,,,,,,,,0.1452,0.2148,0.64,0.1838,0.225,0.5912,1,7,4.6,1.54,6,4.33,1.67,0.5354,0.5544,0.097,-0.3344,0.2696,1,12,-1.75,-0.059,-0.1314,0,0,,,0.1259,-0.0134,,,,,,,,,,,
spelad,GR,2023/24,2023-10-08,,AEK,Panetolikos,3,0,H,23,7,9,4,2.8027,1.0549,skott,,,,,,,,,,0.9008,0.0696,0.0296,0.8948,0.0738,0.0314,1,1.08,15,46,1.1,12.97,31,0.6643,0.6805,1.0138,-1.1107,0.5944,-1,12,2,0.3,-0.218,0,0,,,-0.0138,-0.0605,,,,,,,,,,,
spelad,GR,2023/24,2023-10-08,,Panathinaikos,Atromitos,5,0,H,14,5,10,1,2.4301,0.4561,skott,,,,,,,,,,0.7705,0.1593,0.0702,0.7097,0.1925,0.0978,1,1.27,6.4,15,1.37,6.28,14.21,0.5289,0.5339,0.1891,-0.481,0.1766,1,12,1.75,0.6637,-0.2039,0,0,,,-0.1493,-0.0158,,,,,,,,,,,
spelad,GR,2023/24,2023-10-20,,Lamia,Giannina,2,1,H,15,12,7,2,2.0089,1.0306,skott,,,,,,,,,,0.4393,0.3236,0.2371,0.4333,0.3314,0.2353,1,2.23,3.14,4.1,2.22,3.13,4.1,0.3683,0.3508,0.4303,0.3142,0.3941,0,12,0,0.021,0.1836,0,0,,,-0.0103,-0.0037,,,,,,,,,,,
spelad,GR,2023/24,2023-10-21,,Aris,Panserraikos,1,0,H,20,5,6,2,2.1447,0.6163,skott,,,,,,,,,,0.6509,0.2195,0.1296,0.6393,0.2268,0.134,1,1.55,4.4,7.6,1.5,4.33,8,0.4714,0.4701,-0.5644,0.7539,-0.7813,-3,,,,,-1,0,,,-0.0276,-0.0027,,,,,,,,,,,
spelad,GR,2023/24,2023-10-21,,Panetolikos,Volos NFC,2,0,H,13,11,6,1,1.7304,0.8113,skott,,,,,,,,,,0.4549,0.2957,0.2494,0.4332,0.2964,0.2704,1,2.15,3.4,3.89,2.21,3.38,3.93,0.4381,0.4482,-0.2869,0.6659,-0.1704,-7,11,0.2727,0.0572,0.0767,0,0,,,-0.0644,0.0305,,,,,,,,,,,
spelad,GR,2023/24,2023-10-22,,Asteras Tripolis,AEK,0,3,A,4,15,1,5,0.3969,1.6886,skott,,,,,,,,,,0.1329,0.2109,0.6562,0.1312,0.2135,0.6553,1,9,4.7,1.47,7.5,4.5,1.51,0.513,0.5156,-0.0605,-0.1804,0.1296,6,14,-1.7143,-0.301,0.03,0,0,,,-0.0024,0.0249,,,,,,,,,,,
spelad,GR,2023/24,2023-10-22,,Kifisia,OFI Crete,0,0,D,8,9,2,3,0.7938,1.0132,skott,,,,,,,,,,0.3282,0.2833,0.3885,0.3128,0.2782,0.409,1,3.1,3.4,2.5,3.1,3.47,2.4,0.4792,0.5104,-0.6527,0.7747,-0.7852,1,,,,,1,0,,,-0.0514,0.0087,,,,,,,,,,,
spelad,GR,2023/24,2023-10-22,,Olympiakos,Panathinaikos,0,3,A,,,,,,,,,,,,,,,,,0.5033,0.2841,0.2126,0.4873,0.2957,0.2171,1,1.95,3.45,4.6,2.02,3.44,4.75,0.4118,0.4308,0.4726,-0.3995,0.5435,7,19,0.1579,-0.4519,0.155,0,0,,,-0.0364,-0.0086,,,,,,,,,,,
spelad,GR,2023/24,2023-10-22,,PAOK,Atromitos,2,0,H,15,6,5,3,1.6886,0.8356,skott,,,,,,,,,,0.7353,0.1724,0.0923,0.7426,0.1713,0.0862,1,1.31,5.8,13,1.33,5.9,12,0.5561,0.5681,0.5071,-1.0789,0.3151,7,12,1.25,-0.1844,0.0297,0,0,,,0.0206,-0.0224,,,,,,,,,,,
spelad,GR,2023/24,2023-10-28,,Atromitos,Panetolikos,3,2,H,10,6,5,3,1.3926,0.8356,skott,,,,,,,,,,0.5267,0.2656,0.2077,0.5483,0.2586,0.1931,1,1.85,3.65,4.75,1.89,3.76,5,0.4545,0.4766,0.0418,-0.2665,-0.3626,-1,16,0.5625,0.1082,0.0099,0,0,,,0.0577,-0.0454,,,,,,,,,,,
spelad,GR,2023/24,2023-10-28,,Volos NFC,Kifisia,2,1,H,17,9,6,2,1.9671,0.853,skott,,,,,,,,,,0.422,0.2768,0.3012,0.3523,0.2967,0.351,1,2.31,3.51,3.3,2.72,3.25,3.15,0.4635,0.4534,-0.3383,0.3292,-0.3545,1,,,,,-1,0,,,-0.1891,0.0395,,,,,,,,,,,
spelad,GR,2023/24,2023-10-29,,Aris,Giannina,2,0,H,17,2,7,0,2.1273,0.1184,skott,,,,,,,,,,0.6704,0.2119,0.1178,0.643,0.2316,0.1254,1,1.46,4.7,8.5,1.5,4.46,8.5,0.4908,0.4753,0.2634,0.2424,0.1402,-1,10,0.3,-0.3137,0.0119,0,0,,,-0.0623,0.0114,,,,,,,,,,,
spelad,GR,2023/24,2023-10-29,,Asteras Tripolis,Lamia,0,1,A,11,10,5,4,1.4518,1.2325,skott,,,,,,,,,,0.5023,0.2836,0.2141,0.5052,0.2938,0.201,1,1.99,3.41,4.5,1.95,3.35,4.8,0.402,0.4101,-0.3713,0.1835,-0.313,-2,15,-0.2,-0.5525,0.2254,0,0,,,0.0189,-0.0162,,,,,,,,,,,
spelad,GR,2023/24,2023-10-29,,Panathinaikos,Panserraikos,5,0,H,13,7,6,1,1.7304,0.5745,skott,,,,,,,,,,0.776,0.1469,0.077,0.7963,0.1404,0.0633,1,1.23,7,15,1.22,7.3,17.2,0.5777,0.5842,0.1681,-0.6891,0.2206,-1,,,,,-1,0,,,0.0544,-0.0104,,,,,,,,,,,
spelad,GR,2023/24,2023-10-30,,AEK,PAOK,2,0,H,15,4,3,2,1.3683,0.5571,skott,,,,,,,,,,0.5488,0.2524,0.1987,0.5948,0.2373,0.1678,1,1.81,3.84,5.25,1.72,4.01,6.5,0.4777,0.517,-0.277,0.98,-0.1023,0,20,-0.15,-0.0757,0.0586,0,0,,,0.1228,-0.0469,,,,,,,,,,,
spelad,GR,2023/24,2023-10-30,,OFI Crete,Olympiakos,0,2,A,4,13,0,3,0.2368,1.2499,skott,,,,,,,,,,0.1574,0.2205,0.6221,0.1882,0.2448,0.5669,1,6.5,4.5,1.57,5.5,4.25,1.72,0.5262,0.5339,-0.3201,1.419,0.1769,0,12,-2.5,-0.2136,-0.1765,0,0,,,0.1169,0.0111,,,,,,,,,,,
spelad,GR,2023/24,2023-11-04,,Kifisia,AEK,1,1,D,7,18,2,6,0.7346,2.0263,skott,,,,,,,,,,0.0669,0.117,0.8161,0.0914,0.156,0.7527,1,17,8.3,1.18,16,6.82,1.3,0.6514,0.5903,-0.7019,0.4923,-0.4638,2,,,,,1,0,,,0.1125,-0.002,,,,,,,,,,,
spelad,GR,2023/24,2023-11-04,,Lamia,Panathinaikos,1,2,A,13,9,4,6,1.4101,1.4936,skott,,,,,,,,,,0.1193,0.2109,0.6698,0.11,0.2194,0.6706,1,8.2,4.7,1.46,8.66,4.6,1.45,0.4974,0.483,0.3164,1.3851,0.0525,0,12,-1.75,-0.3042,-0.0244,0,0,,,-0.0196,0.0304,,,,,,,,,,,
spelad,GR,2023/24,2023-11-05,,Aris,Atromitos,1,3,A,16,8,5,6,1.7478,1.4344,skott,,,,,,,,,,0.6113,0.2307,0.158,0.6294,0.2312,0.1394,1,1.57,4.3,7,1.53,4.3,7.2,0.4974,0.5182,0.278,-0.2439,0.3959,-1,10,0.3,-0.1909,0.0108,0,0,,,0.0548,-0.0092,,,,,,,,,,,
spelad,GR,2023/24,2023-11-05,,Giannina,Volos NFC,1,1,D,12,11,3,2,1.1907,0.9714,skott,,,,,,,,,,0.4895,0.2795,0.231,0.4776,0.2966,0.2258,1,2,3.53,4.33,2.05,3.31,4.3,0.4264,0.4198,-0.1599,-0.2645,-0.3594,-1,7,-1.2857,-0.7405,-0.0087,0,0,,,-0.0187,-0.014,,,,,,,,,,,
spelad,GR,2023/24,2023-11-05,,Olympiakos,PAOK,2,4,A,11,10,6,5,1.612,1.3926,skott,,,,,,,,,,0.6124,0.2324,0.1552,0.6036,0.2408,0.1556,1,1.6,4.3,7,1.66,4.1,7,0.4892,0.4818,0.3147,-1.0593,0.388,0,20,0.75,0.2652,-0.0362,0,0,,,-0.018,-0.0033,,,,,,,,,,,
spelad,GR,2023/24,2023-11-05,,Panetolikos,Asteras Tripolis,0,1,A,15,4,4,3,1.5285,0.7172,skott,,,,,,,,,,0.312,0.31,0.3779,0.3142,0.3227,0.363,1,3.04,3.11,2.64,3.08,3.12,2.67,0.402,0.4127,-0.2515,0.5847,-0.0524,1,15,-1.2,-0.4941,0.3059,0,0,,,0.0193,0.0178,,,,,,,,,,,
spelad,GR,2023/24,2023-11-06,,Panserraikos,OFI Crete,2,1,H,9,15,4,3,1.1733,1.3683,skott,,,,,,,,,,0.3566,0.3021,0.3412,0.3804,0.3083,0.3113,1,2.7,3.4,2.8,2.6,3.3,3.1,0.4777,0.4623,0.2129,-0.3448,0.183,1,,,,,1,0,,,0.0776,-0.0076,,,,,,,,,,,
spelad,GR,2023/24,2023-11-11,,Atromitos,Panserraikos,1,1,D,12,7,3,2,1.1907,0.7346,skott,,,,,,,,,,0.4922,0.2842,0.2236,0.5183,0.2822,0.1995,1,1.97,3.5,4.3,1.91,3.6,4.8,0.4635,0.4675,-0.1544,0.123,-0.3754,1,,,,,-1,0,,,0.0763,-0.0322,,,,,,,,,,,
spelad,GR,2023/24,2023-11-11,,OFI Crete,Giannina,1,1,D,13,18,5,7,1.5702,2.1865,skott,,,,,,,,,,0.5599,0.2516,0.1885,0.5837,0.2572,0.1591,1,1.73,3.84,5.5,1.67,3.78,6,0.4714,0.4571,0.5729,-0.4218,0.7393,-1,10,0.9,0.3361,0.1915,0,0,,,0.0771,-0.0132,,,,,,,,,,,
spelad,GR,2023/24,2023-11-11,,Volos NFC,Aris,0,2,A,14,7,5,3,1.6294,0.8948,skott,,,,,,,,,,0.2151,0.2513,0.5336,0.2786,0.2878,0.4336,1,4.75,3.88,1.81,4.33,3.64,2.24,0.5144,0.4753,-0.4592,0.3231,-0.1745,0,10,-1.2,0.1343,-0.2452,0,0,,,0.2269,-0.0701,,,,,,,,,,,
spelad,GR,2023/24,2023-11-12,,AEK,Lamia,3,0,H,12,5,5,1,1.511,0.4561,skott,,,,,,,,,,0.7805,0.1367,0.0828,0.8541,0.1002,0.0458,1,1.23,7.4,15,1.15,10,23,0.6321,0.6774,-0.1426,-0.133,-0.2355,0,12,2.5,0.3949,-0.0414,0,0,,,0.1842,-0.0292,,,,,,,,,,,
spelad,GR,2023/24,2023-11-12,,Asteras Tripolis,Olympiakos,0,2,A,5,13,2,4,0.6163,1.4101,skott,,,,,,,,,,0.1332,0.2101,0.6567,0.1199,0.2196,0.6604,1,7.4,4.7,1.47,8.4,4.75,1.45,0.5328,0.4792,-0.3886,1.3546,-0.1142,0,14,-2.1429,-0.2973,0.073,0,0,,,-0.0303,0.0176,,,,,,,,,,,
spelad,GR,2023/24,2023-11-12,,Kifisia,Panathinaikos,0,1,A,4,14,2,6,0.5571,1.7896,skott,,,,,,,,,,0.0895,0.1572,0.7532,0.107,0.1827,0.7103,1,12,6,1.26,10,5.4,1.36,0.5908,0.5681,-0.414,1.5992,-0.5407,0,,,,,0,0,,,0.0777,0.0138,,,,,,,,,,,
spelad,GR,2023/24,2023-11-12,,PAOK,Panetolikos,2,1,H,9,8,2,2,0.853,0.7938,skott,,,,,,,,,,0.7997,0.1323,0.0679,0.8194,0.1231,0.0574,1,1.2,7.7,17,1.2,7.8,17,0.6005,0.629,0.9661,-1.7891,0.4769,0,12,3,0.6941,-0.1959,0,0,,,0.05,-0.0486,,,,,,,,,,,
spelad,GR,2023/24,2023-11-24,,OFI Crete,Volos NFC,1,1,D,16,10,6,3,1.9079,1.0724,skott,,,,,,,,,,0.5461,0.2535,0.2004,0.5489,0.2574,0.1937,1,1.78,3.84,4.8,1.76,3.86,5,0.5104,0.513,0.2386,-0.5904,-0.0514,0,10,0,-0.0333,-0.0831,0,0,,,0.0121,-0.0182,,,,,,,,,,,
spelad,GR,2023/24,2023-11-25,,Olympiakos,Panetolikos,3,1,H,9,8,4,4,1.1733,1.1141,skott,,,,,,,,,,0.8454,0.1007,0.0539,0.84,0.1076,0.0523,1,1.15,10,23,1.15,9.4,21,0.6603,0.6055,1.0003,-1.4277,0.3261,0,12,3,0.5988,-0.1673,0,0,,,-0.0092,-0.0229,,,,,,,,,,,
spelad,GR,2023/24,2023-11-25,,PAOK,Panserraikos,5,0,H,16,7,11,2,2.7086,0.7346,skott,,,,,,,,,,0.7649,0.1489,0.0862,0.7481,0.1624,0.0895,1,1.25,6.7,13,1.3,6.2,12.02,0.6203,0.597,0.5036,-1.119,-0.0182,-1,,,,,0,0,,,-0.0368,-0.0072,,,,,,,,,,,
spelad,GR,2023/24,2023-11-26,,Aris,Panathinaikos,2,0,H,8,14,4,8,1.1141,2.1098,skott,,,,,,,,,,0.2779,0.2771,0.445,0.258,0.3108,0.4312,1,3.5,3.53,2.19,3.71,3.37,2.22,0.4751,0.4393,-0.1541,0.9452,-0.4454,1,18,-0.8333,-0.3614,-0.0261,0,0,,,-0.0261,0.0162,,,,,,,,,,,
spelad,GR,2023/24,2023-11-26,,Giannina,AEK,0,1,A,8,20,4,7,1.1141,2.3049,skott,,,,,,,,,,0.1055,0.1778,0.7167,0.1027,0.1773,0.72,1,9.5,5.7,1.34,9.7,5.6,1.36,0.5773,0.5492,-0.9103,0.7365,-0.7222,1,12,-1.75,-0.0691,-0.148,0,0,,,-0.0088,0.0189,,,,,,,,,,,
spelad,GR,2023/24,2023-11-26,,Kifisia,Asteras Tripolis,1,3,A,17,5,6,4,1.9671,0.9365,skott,,,,,,,,,,0.387,0.3001,0.3129,0.3164,0.3375,0.3461,1,2.5,3.26,3.11,3.05,3.17,2.8,0.4401,0.3915,-0.3014,-0.2682,-0.1567,0,,,,,0,0,,,-0.1744,0.0187,,,,,,,,,,,
spelad,GR,2023/24,2023-11-26,,Lamia,Atromitos,3,3,D,12,11,7,6,1.8313,1.612,skott,,,,,,,,,,0.3938,0.292,0.3142,0.4045,0.3217,0.2739,1,2.46,3.4,3.15,2.4,3.34,3.66,0.4593,0.404,0.1704,-0.0254,0.1916,-1,16,-0.375,-0.151,0.3081,0,0,,,0.0617,0.0247,,,,,,,,,,,
spelad,GR,2023/24,2023-11-29,,Volos NFC,Panserraikos,1,0,H,11,11,5,4,1.4518,1.2917,skott,,,,,,,,,,0.3941,0.2929,0.313,0.4166,0.293,0.2904,1,2.48,3.4,3.07,2.35,3.5,3.3,0.4661,0.4534,-0.7599,0.2272,-0.6419,1,,,,,0,0,,,0.0676,0.0053,,,,,,,,,,,
spelad,GR,2023/24,2023-12-02,,Asteras Tripolis,Panserraikos,1,0,H,9,16,2,4,0.853,1.5877,skott,,,,,,,,,,0.4787,0.2849,0.2364,0.4688,0.3056,0.2256,1,2.03,3.41,4.2,2.11,3.3,4.3,0.4246,0.4101,0.1017,-0.4512,-0.1577,3,,,,,0,0,,,-0.0089,-0.0143,,,,,,,,,,,
spelad,GR,2023/24,2023-12-02,,Panetolikos,Kifisia,3,0,H,14,8,7,4,1.9497,1.1141,skott,,,,,,,,,,0.4351,0.2937,0.2712,0.4762,0.2857,0.2381,1,2.2,3.45,3.55,2.03,3.42,4.3,0.4571,0.4545,-0.2321,0.1692,0.0915,1,,,,,0,0,,,0.1152,-0.0042,,,,,,,,,,,
spelad,GR,2023/24,2023-12-03,,Atromitos,Giannina,1,1,D,12,9,4,3,1.3509,1.0132,skott,,,,,,,,,,0.4307,0.2889,0.2804,0.4897,0.2867,0.2236,1,2.29,3.5,3.51,2.1,3.45,4.33,0.4543,0.4356,0.7087,-0.3043,0.695,0,12,0.5,0.0628,0.1946,0,0,,,0.1746,-0.0465,,,,,,,,,,,
spelad,GR,2023/24,2023-12-03,,Panathinaikos,OFI Crete,4,0,H,16,5,9,3,2.3884,0.7764,skott,,,,,,,,,,0.765,0.1556,0.0794,0.7634,0.1578,0.0789,1,1.25,6.5,13,1.29,6.48,13.55,0.5861,0.5842,0.5719,-0.8356,0.8865,-2,12,-0.25,-0.5928,0.1473,0,0,,,-0.0028,-0.0112,,,,,,,,,,,
spelad,GR,2023/24,2023-12-03,,Volos NFC,Olympiakos,2,2,D,10,11,4,3,1.2325,1.1316,skott,,,,,,,,,,0.0737,0.1466,0.7796,0.0966,0.1815,0.7219,1,15,7,1.22,10,5.4,1.36,0.5725,0.5326,-0.7783,1.4722,-0.0982,-4,10,-2.4,-0.1811,0.0461,0,0,,,0.1034,0.0342,,,,,,,,,,,
spelad,GR,2023/24,2023-12-04,,AEK,Aris,1,0,H,17,7,4,1,1.6469,0.5745,skott,,,,,,,,,,0.6774,0.1962,0.1264,0.7432,0.173,0.0839,1,1.42,5.1,8.5,1.33,5.7,12,0.5509,0.5619,-0.2041,0.1513,-0.2147,0,18,0.8333,0.0746,-0.1073,0,0,,,0.174,-0.0386,,,,,,,,,,,
spelad,GR,2023/24,2023-12-04,,PAOK,Lamia,3,0,H,17,11,8,6,2.2874,1.612,skott,,,,,,,,,,0.779,0.1463,0.0747,0.7603,0.1582,0.0815,1,1.22,6.9,17,1.26,6.4,13.23,0.5714,0.5939,0.6542,-1.54,0.3055,1,12,3,0.6655,-0.1922,0,0,,,-0.0442,-0.0129,,,,,,,,,,,
spelad,GR,2023/24,2023-12-16,,Kifisia,Giannina,4,2,H,12,9,10,5,2.3117,1.3334,skott,,,,,,,,,,0.4008,0.3141,0.2851,0.4092,0.3099,0.2808,1,2.46,3.15,3.37,2.5,3.25,3.47,0.404,0.422,-0.0871,0.3215,0.0248,1,,,,,0,0,,,0.0211,-0.0093,,,,,,,,,,,
spelad,GR,2023/24,2023-12-17,,Aris,OFI Crete,1,0,H,17,6,7,1,2.1273,0.5153,skott,,,,,,,,,,0.5824,0.2424,0.1752,0.5268,0.257,0.2162,1,1.67,4,5.5,1.89,3.81,4.5,0.4844,0.4856,0.6175,-0.562,0.4745,-1,13,1.1538,0.176,0.0437,0,0,,,-0.1521,-0.0195,,,,,,,,,,,
spelad,GR,2023/24,2023-12-17,,Asteras Tripolis,PAOK,1,4,A,10,13,3,8,1.0724,2.0506,skott,,,,,,,,,,0.1564,0.2439,0.5997,0.1703,0.2666,0.5632,1,6.3,4,1.65,5.7,3.8,1.76,0.4503,0.4545,-0.5728,1.6003,-0.4404,2,15,-1.2,0.1432,-0.027,0,0,,,0.0643,0.0482,,,,,,,,,,,
spelad,GR,2023/24,2023-12-17,,Atromitos,Panathinaikos,3,2,H,9,12,4,4,1.1733,1.3509,skott,,,,,,,,,,0.1383,0.223,0.6387,0.1209,0.224,0.6551,1,7,4.4,1.53,8.1,4.5,1.5,0.4856,0.5065,-0.0121,0.7858,-0.3554,0,13,-1.8462,-0.4618,-0.2031,0,0,,,-0.0512,0.0193,,,,,,,,,,,
spelad,GR,2023/24,2023-12-17,,Lamia,Volos NFC,1,2,A,10,8,4,4,1.2325,1.1141,skott,,,,,,,,,,0.4993,0.2743,0.2263,0.4409,0.3018,0.2572,1,1.93,3.6,4.3,2.25,3.41,3.76,0.4491,0.4456,0.2556,-0.0684,0.2136,-1,12,-0.75,-0.4882,0.249,0,0,,,-0.1477,-0.0259,,,,,,,,,,,
spelad,GR,2023/24,2023-12-18,,Panetolikos,AEK,2,2,D,6,19,3,7,0.8356,2.2457,skott,,,,,,,,,,0.1008,0.1747,0.7244,0.0978,0.1767,0.7255,1,10,5.8,1.32,11,5.7,1.34,0.5636,0.5492,-0.9309,0.8079,-0.1647,2,13,-2.0769,-0.0887,-0.2069,0,0,,,-0.0072,0.0037,,,,,,,,,,,
spelad,GR,2023/24,2023-12-18,,Panserraikos,Olympiakos,0,1,A,5,13,2,3,0.6163,1.2499,skott,,,,,,,,,,0.1072,0.1893,0.7035,0.1089,0.195,0.6961,1,9.3,5.3,1.38,9.2,5.1,1.4,0.5316,0.5247,-0.5788,1.4562,0.1375,1,,,,,0,0,,,0.0106,0.0129,,,,,,,,,,,
spelad,GR,2023/24,2023-12-20,,Aris,Lamia,2,2,D,22,8,11,3,3.0638,0.954,skott,,,,,,,,,,0.6268,0.2252,0.1479,0.5853,0.244,0.1707,1,1.58,4.4,7,1.67,4,6,0.4935,0.487,0.429,-0.7687,0.1223,0,11,0.5455,-0.2705,-0.0102,0,0,,,-0.1057,-0.0103,,,,,,,,,,,
spelad,GR,2023/24,2023-12-20,,Volos NFC,Panathinaikos,0,3,A,3,14,0,6,0.1776,1.7896,skott,,,,,,,,,,0.113,0.1891,0.6979,0.1036,0.203,0.6934,1,8.5,5.2,1.4,9.17,5,1.5,0.5492,0.5,0.0264,0.9513,0.2624,0,11,-1.6364,-0.1113,0.0476,0,0,,,-0.0143,0.06,,,,,,,,,,,
spelad,GR,2023/24,2023-12-21,,Atromitos,Olympiakos,0,0,D,3,18,1,4,0.3377,1.7061,skott,,,,,,,,,,0.1185,0.2004,0.6811,0.1035,0.2179,0.6786,1,8.5,4.9,1.44,9.18,4.9,1.42,0.5197,0.4909,-0.1606,0.4955,0.5939,1,13,-1.8462,-0.0695,0.0303,0,0,,,-0.0276,0.0337,,,,,,,,,,,
spelad,GR,2023/24,2023-12-21,,Giannina,Panetolikos,0,0,D,11,4,3,1,1.1316,0.3969,skott,,,,,,,,,,0.4607,0.2902,0.2491,0.3895,0.3101,0.3004,1,2.15,3.35,4,2.46,3.2,3.29,0.4182,0.404,-0.0679,-0.002,-0.5716,2,13,-0.2308,-0.2379,-0.0049,0,0,,,-0.1936,0.0169,,,,,,,,,,,
spelad,GR,2023/24,2023-12-21,,Kifisia,PAOK,0,6,A,7,14,2,10,0.7346,2.4301,skott,,,,,,,,,,0.1223,0.1954,0.6823,0.1179,0.1843,0.6978,1,8.2,5.1,1.4,8.6,5.3,1.46,0.5328,0.5754,-1.2662,1.8919,-0.8215,1,,,,,0,0,,,-0.0242,0.0262,,,,,,,,,,,
spelad,GR,2023/24,2023-12-21,,OFI Crete,Asteras Tripolis,0,2,A,19,14,5,6,1.9254,1.7896,skott,,,,,,,,,,0.4682,0.2875,0.2444,0.5072,0.2756,0.2172,1,2.1,3.4,4,1.95,3.61,4.39,0.4253,0.487,-0.6156,0.2604,-0.5349,0,13,-0.9231,-0.4036,-0.061,0,0,,,0.1052,-0.0368,,,,,,,,,,,
spelad,GR,2023/24,2023-12-21,,Panserraikos,AEK,2,2,D,10,14,7,6,1.7129,1.7896,skott,,,,,,,,,,0.0856,0.168,0.7465,0.0789,0.1642,0.7568,1,11,5.75,1.32,12,6,1.3,0.5535,0.5758,-0.7578,1.3451,-0.4075,0,,,,,0,0,,,-0.0237,0.0381,,,,,,,,,,,
spelad,GR,2023/24,2024-01-03,,AEK,Volos NFC,3,0,H,10,4,4,2,1.2325,0.5571,skott,,,,,,,,,,0.8494,0.1029,0.0477,0.7842,0.1451,0.0708,1,1.13,9.25,26,1.3,7.39,15.69,0.6357,0.602,-0.0158,-0.3906,-0.6143,-1,11,1.0909,-0.3004,-0.0917,0,0,,,-0.1536,-0.0271,,,,,,,,,,,
spelad,GR,2023/24,2024-01-03,,Asteras Tripolis,Aris,3,2,H,10,8,3,3,1.0724,0.954,skott,,,,,,,,,,0.3062,0.2977,0.3961,0.265,0.3116,0.4233,1,3.3,3.3,2.42,3.78,3.4,2.26,0.4148,0.4356,0.3255,-0.2908,0.02,-1,13,-2.0769,-0.6269,-0.1364,0,0,,,-0.1097,0.0072,,,,,,,,,,,
spelad,GR,2023/24,2024-01-03,,Lamia,Olympiakos,1,0,H,14,13,7,5,1.9497,1.5702,skott,,,,,,,,,,0.1158,0.1908,0.6934,0.085,0.173,0.742,1,9.5,5,1.37,12,5.6,1.31,0.5144,0.5544,-0.388,0.5414,0.4793,1,13,-3,-0.3564,-0.1511,0,0,,,-0.1102,0.0334,,,,,,,,,,,
spelad,GR,2023/24,2024-01-03,,Panathinaikos,Giannina,2,0,H,13,7,7,3,1.8905,0.8948,skott,,,,,,,,,,0.8136,0.129,0.0574,0.8258,0.1289,0.0454,1,1.2,7.38,18,1.2,7.51,22,0.5842,0.5914,0.712,-0.8497,0.7046,1,13,0.9231,0.0852,-0.2048,0,0,,,0.0365,-0.0491,,,,,,,,,,,
spelad,GR,2023/24,2024-01-03,,PAOK,OFI Crete,4,0,H,15,14,10,7,2.4893,1.9497,skott,,,,,,,,,,0.7756,0.1434,0.0811,0.7101,0.1666,0.1233,1,1.25,6.6,12.5,1.38,6,8,0.6213,0.6682,1.6034,-2.6659,1.6323,0,13,1.8462,0.117,0.0226,0,0,,,-0.1731,-0.0315,,,,,,,,,,,
spelad,GR,2023/24,2024-01-04,,Atromitos,Kifisia,3,0,H,12,11,7,2,1.8313,0.9714,skott,,,,,,,,,,0.5194,0.2576,0.223,0.4489,0.2898,0.2613,1,1.84,3.75,4.75,2.21,3.53,4.03,0.5053,0.4792,0.7879,-1.2751,0.8786,0,,,,,0,0,,,-0.1793,-0.0165,,,,,,,,,,,
spelad,GR,2023/24,2024-01-04,,Panetolikos,Panserraikos,3,2,H,18,9,6,3,2.0263,1.0132,skott,,,,,,,,,,0.4195,0.3,0.2805,0.4002,0.3188,0.281,1,2.26,3.4,3.5,2.35,3.21,3.5,0.419,0.399,0.1001,-1.0422,0.1882,0,,,,,0,0,,,-0.0391,0.0195,,,,,,,,,,,
spelad,GR,2023/24,2024-01-07,,Aris,PAOK,2,1,H,13,9,4,2,1.4101,0.853,skott,,,,,,,,,,0.2344,0.2811,0.4844,0.2182,0.2747,0.5071,1,4.03,3.56,2,4.65,3.47,1.94,0.4646,0.4508,-0.871,2.1539,-0.6739,0,19,-0.3158,0.1929,0.0877,0,0,,,-0.0552,0.0088,,,,,,,,,,,
spelad,GR,2023/24,2024-01-07,,Giannina,Asteras Tripolis,2,1,H,14,9,5,3,1.6294,1.0132,skott,,,,,,,,,,0.385,0.3095,0.3055,0.3991,0.307,0.2938,1,2.58,3.25,3.1,2.43,3.25,3.35,0.4092,0.404,-1.4521,1.0257,-1.0889,0,12,0.5,0.322,0.1756,0,0,,,0.04,0.0081,,,,,,,,,,,
spelad,GR,2023/24,2024-01-07,,Olympiakos,AEK,1,2,A,7,10,3,3,0.8948,1.0724,skott,,,,,,,,,,0.3538,0.2963,0.3499,0.3697,0.2955,0.3348,1,2.68,3.3,2.75,2.63,3.4,2.94,0.4465,0.4766,-0.1913,0.253,-0.3732,0,21,1.1429,0.3631,0.0481,0,0,,,0.0469,0.0111,,,,,,,,,,,
spelad,GR,2023/24,2024-01-07,,Panathinaikos,Panetolikos,2,1,H,12,8,5,5,1.511,1.2743,skott,,,,,,,,,,0.804,0.1306,0.0654,0.7836,0.1465,0.0699,1,1.19,7.5,19,1.26,6.66,15,0.5861,0.5521,0.5538,-0.7469,-0.0784,1,13,1.1538,0.032,-0.1039,0,0,,,-0.0453,-0.0294,,,,,,,,,,,
spelad,GR,2023/24,2024-01-07,,Panserraikos,Kifisia,1,1,D,8,13,1,5,0.6337,1.5702,skott,,,,,,,,,,0.4615,0.2799,0.2585,0.5248,0.2581,0.2171,1,2.12,3.5,3.8,1.85,3.75,4.51,0.4724,0.5156,0.0325,-0.5942,0.2159,0,,,,,0,0,,,0.1679,-0.0171,,,,,,,,,,,
spelad,GR,2023/24,2024-01-07,,Volos NFC,Atromitos,1,2,A,7,14,4,6,1.0549,1.7896,skott,,,,,,,,,,0.3735,0.2937,0.3328,0.4239,0.31,0.2661,1,2.55,3.3,2.9,2.36,3.2,3.65,0.4763,0.4066,-0.6331,1.3004,-0.4818,1,12,0.25,0.3049,-0.0321,0,0,,,0.1676,-0.0245,,,,,,,,,,,
spelad,GR,2023/24,2024-01-08,,OFI Crete,Lamia,1,1,D,18,4,7,3,2.1865,0.7172,skott,,,,,,,,,,0.5074,0.2776,0.215,0.4804,0.27,0.2496,1,1.94,3.55,4.75,2.06,3.6,4,0.4581,0.5209,-0.6665,0.8999,-1.1459,0,14,0.8571,0.2748,-0.0152,0,0,,,-0.0887,-0.0043,,,,,,,,,,,
spelad,GR,2023/24,2024-01-13,,Atromitos,OFI Crete,1,1,D,10,12,2,4,0.9122,1.3509,skott,,,,,,,,,,0.4238,0.2851,0.2911,0.396,0.2887,0.3153,1,2.26,3.5,3.35,2.45,3.55,3.04,0.4792,0.5,1.5009,-2.1183,1.7817,1,14,-0.2143,-0.1927,0.1983,0,0,,,-0.0797,-0.0174,,,,,,,,,,,
spelad,GR,2023/24,2024-01-13,,Lamia,Panserraikos,0,2,A,9,7,3,4,1.0132,1.0549,skott,,,,,,,,,,0.4604,0.3002,0.2394,0.4329,0.3179,0.2492,1,2.13,3.3,4,2.27,3.2,3.84,0.422,0.4066,0.3449,-0.27,0.4778,-1,,,,,0,0,,,-0.0647,-0.0349,,,,,,,,,,,
spelad,GR,2023/24,2024-01-14,,AEK,Panathinaikos,2,2,D,15,8,5,2,1.6886,0.7938,skott,,,,,,,,,,0.5028,0.2805,0.2168,0.4409,0.2999,0.2593,1,1.98,3.5,4.36,2.17,3.38,4.07,0.4375,0.404,-0.0098,0.0005,-0.0285,0,21,0.4286,-0.1491,0.1767,0,0,,,-0.1663,0.0113,,,,,,,,,,,
spelad,GR,2023/24,2024-01-14,,Asteras Tripolis,Volos NFC,1,0,H,10,11,2,2,0.9122,0.9714,skott,,,,,,,,,,0.4641,0.3015,0.2344,0.425,0.3145,0.2605,1,2.04,3.4,4.33,2.3,3.21,3.79,0.4154,0.396,1.0371,-1.2503,0.6779,0,11,1.3636,0.4035,0.0777,0,0,,,-0.1045,-0.0121,,,,,,,,,,,
spelad,GR,2023/24,2024-01-14,,Kifisia,Olympiakos,2,3,A,6,13,4,9,0.9957,2.2108,skott,,,,,,,,,,0.1079,0.1812,0.711,0.0947,0.1657,0.7397,1,11,5.5,1.33,12,5.76,1.33,0.5535,0.5619,-0.3199,1.0767,0.5362,0,,,,,0,0,,,-0.0551,0.0018,,,,,,,,,,,
spelad,GR,2023/24,2024-01-14,,Panetolikos,Aris,0,4,A,13,15,4,7,1.4101,2.0089,skott,,,,,,,,,,0.354,0.3105,0.3355,0.3459,0.3248,0.3293,1,2.71,3.25,2.86,3.01,3,2.96,0.4101,0.3802,-0.5237,0.1861,-0.0664,0,11,-1.0909,0.1743,-0.1568,0,0,,,-0.01,-0.0535,,,,,,,,,,,
spelad,GR,2023/24,2024-01-14,,PAOK,Giannina,4,0,H,19,4,9,0,2.5659,0.2368,skott,,,,,,,,,,0.8008,0.136,0.0632,0.7817,0.1516,0.0667,1,1.18,7.5,17,1.26,6.24,14.19,0.6031,0.5736,1.3076,-2.5673,0.7307,0,13,1.8462,0.1943,-0.1337,0,0,,,-0.0415,-0.0614,,,,,,,,,,,
spelad,GR,2023/24,2024-01-20,,Giannina,Panserraikos,0,2,A,10,11,3,6,1.0724,1.612,skott,,,,,,,,,,0.4199,0.3213,0.2588,0.3962,0.325,0.2787,1,2.28,3.22,3.75,2.42,3.2,3.54,0.3871,0.3846,0.0585,0.1442,0.2037,-1,,,,,0,0,,,-0.0674,0.0206,,,,,,,,,,,
spelad,GR,2023/24,2024-01-20,,Lamia,Kifisia,4,1,H,11,9,6,3,1.612,1.0132,skott,,,,,,,,,,0.4779,0.3225,0.1996,0.4533,0.3008,0.2459,1,2,3.22,4.8,2.22,3.35,4,0.3293,0.4308,0.3782,-0.9676,0.2099,1,,,,,0,0,,,-0.0954,-0.0371,,,,,,,,,,,
spelad,GR,2023/24,2024-01-20,,OFI Crete,Panetolikos,1,0,H,4,7,1,2,0.3969,0.7346,skott,,,,,,,,,,0.4898,0.2966,0.2137,0.5362,0.2559,0.2079,1,1.98,3.34,4.75,1.93,3.73,4.75,0.4101,0.5208,-0.546,0.8437,-0.9122,1,14,-0.2143,-0.2416,-0.0816,0,0,,,0.0986,-0.038,,,,,,,,,,,
spelad,GR,2023/24,2024-01-21,,Aris,Olympiakos,1,2,A,3,11,1,3,0.3377,1.1316,skott,,,,,,,,,,0.2192,0.27,0.5108,0.2691,0.3051,0.4258,1,4.75,3.6,1.93,3.99,3.34,2.25,0.4619,0.4319,0.425,-0.6819,1.1428,0,19,-1.5789,-0.2089,-0.0898,0,0,,,0.1847,-0.0211,,,,,,,,,,,
spelad,GR,2023/24,2024-01-21,,Atromitos,AEK,0,5,A,9,16,3,9,1.0132,2.3884,skott,,,,,,,,,,0.1266,0.1977,0.6757,0.1329,0.202,0.6652,1,9,4.75,1.43,8.5,4.75,1.43,0.5342,0.5619,0.0504,-0.296,0.4421,1,13,-1.3846,0.0795,-0.1585,0,0,,,0.023,-0.014,,,,,,,,,,,
spelad,GR,2023/24,2024-01-21,,Panathinaikos,Asteras Tripolis,2,0,H,17,9,7,2,2.1273,0.853,skott,,,,,,,,,,0.7079,0.1804,0.1117,0.7314,0.1771,0.0915,1,1.33,5.5,12,1.3,5.4,12,0.5316,0.5326,-0.7298,0.3997,-0.8454,0,15,-0.2,-0.4756,0.0983,0,0,,,0.0671,-0.0169,,,,,,,,,,,
spelad,GR,2023/24,2024-01-21,,Volos NFC,PAOK,1,5,A,11,14,3,7,1.1316,1.9497,skott,,,,,,,,,,0.1404,0.2113,0.6483,0.1044,0.1961,0.6994,1,7,4.55,1.48,9.5,4.85,1.41,0.5471,0.5352,-0.7446,2.4563,-0.278,0,11,-2.4545,-0.2484,0.0176,0,0,,,-0.123,0.0264,,,,,,,,,,,
spelad,GR,2023/24,2024-01-27,,Kifisia,Aris,0,1,A,14,6,5,4,1.6294,0.9957,skott,,,,,,,,,,0.156,0.2351,0.6089,0.2168,0.262,0.5212,1,6.5,4.05,1.61,4.5,3.64,1.88,0.4961,0.4727,-0.8826,2.1054,-0.8188,1,,,,,0,0,,,0.2093,0.0221,,,,,,,,,,,
spelad,GR,2023/24,2024-01-27,,Panetolikos,Lamia,1,2,A,14,13,2,5,1.149,1.5702,skott,,,,,,,,,,0.451,0.3045,0.2445,0.3993,0.3112,0.2895,1,2.2,3.34,3.91,2.4,3.3,3.45,0.4137,0.4112,-0.2251,0.5159,0.0331,0,17,-0.1765,-0.182,0.1485,0,0,,,-0.1484,0.021,,,,,,,,,,,
spelad,GR,2023/24,2024-01-27,,Panserraikos,Volos NFC,2,2,D,13,5,8,4,2.0506,0.9365,skott,,,,,,,,,,0.4272,0.3009,0.2719,0.4108,0.3118,0.2774,1,2.24,3.25,3.6,2.36,3.13,3.5,0.4066,0.3716,-0.0611,-0.9832,-0.018,1,,,,,0,0,,,-0.0384,-0.0048,,,,,,,,,,,
spelad,GR,2023/24,2024-01-28,,AEK,OFI Crete,3,0,H,17,9,8,4,2.2874,1.1733,skott,,,,,,,,,,0.726,0.1585,0.1155,0.7811,0.1404,0.0785,1,1.3,6,11,1.23,7,14.23,0.6287,0.629,0.851,-1.6132,0.6503,-1,13,1.3846,0.022,-0.1386,0,0,,,0.1471,-0.006,,,,,,,,,,,
spelad,GR,2023/24,2024-01-28,,Asteras Tripolis,Atromitos,3,1,H,9,10,6,2,1.4936,0.9122,skott,,,,,,,,,,0.4552,0.2869,0.258,0.4554,0.2988,0.2458,1,2.16,3.38,3.67,2.21,3.4,3.89,0.4364,0.4356,0.5012,-0.508,0.2134,0,16,-0.5625,-0.3669,0.1183,0,0,,,0.0125,-0.0494,,,,,,,,,,,
spelad,GR,2023/24,2024-01-28,,Olympiakos,Giannina,3,1,H,16,7,8,2,2.2282,0.7346,skott,,,,,,,,,,0.776,0.1442,0.0797,0.8174,0.1288,0.0538,1,1.24,6.51,15,1.26,7.5,17.63,0.5995,0.5795,0.4867,-0.5709,-0.0718,-1,13,1.8462,-0.0087,0.0412,0,0,,,0.1086,-0.0573,,,,,,,,,,,
spelad,GR,2023/24,2024-01-28,,PAOK,Panathinaikos,2,1,H,9,10,4,5,1.1733,1.3926,skott,,,,,,,,,,0.4029,0.2835,0.3135,0.4666,0.2756,0.2578,1,2.4,3.4,3.25,2.2,3.57,3.8,0.4465,0.4909,0.4916,-2.0695,0.5142,0,21,0.4286,-0.1172,0.0034,0,0,,,0.183,-0.0395,,,,,,,,,,,
spelad,GR,2023/24,2024-02-03,,Panserraikos,Aris,1,1,D,11,9,7,5,1.7721,1.3334,skott,,,,,,,,,,0.2719,0.291,0.4371,0.2376,0.2966,0.4659,1,3.6,3.34,2.19,4.02,3.4,2.15,0.4282,0.4356,-0.3547,0.0638,-0.2058,0,,,,,0,0,,,-0.0975,0.0687,,,,,,,,,,,
spelad,GR,2023/24,2024-02-03,,Volos NFC,Panetolikos,1,1,D,9,8,6,3,1.4936,0.954,skott,,,,,,,,,,0.4126,0.2982,0.2892,0.4075,0.3235,0.269,1,2.32,3.32,3.31,2.49,3.2,3.6,0.4319,0.3641,-0.0606,0.5378,-0.0906,0,12,-0.5,-0.215,0.0456,0,0,,,0.01,-0.0409,,,,,,,,,,,
spelad,GR,2023/24,2024-02-04,,AEK,Asteras Tripolis,4,2,H,18,7,7,2,2.1865,0.7346,skott,,,,,,,,,,0.7605,0.1526,0.0869,0.7594,0.1554,0.0852,1,1.24,6.5,16,1.29,6.26,11.85,0.5851,0.5831,-0.4327,-0.2631,-0.6092,0,15,1.8,0.3077,0.0138,0,0,,,-0.0004,-0.0304,,,,,,,,,,,
spelad,GR,2023/24,2024-02-04,,Atromitos,PAOK,0,2,A,0,15,0,4,0,1.5285,skott,,,,,,,,,,0.1359,0.2073,0.6568,0.105,0.1779,0.717,1,7,4.6,1.5,9.5,5.5,1.36,0.5524,0.597,-0.4981,2.2164,-0.0621,0,13,-1.3846,0.1098,0.0142,0,0,,,-0.1221,0.0109,,,,,,,,,,,
spelad,GR,2023/24,2024-02-04,,Giannina,Lamia,1,4,A,15,12,5,8,1.6886,1.9914,skott,,,,,,,,,,0.3885,0.3398,0.2716,0.3564,0.3353,0.3083,1,2.44,3.2,3.49,2.69,3.05,3.29,0.386,0.389,-0.5489,0.9319,-0.6032,-1,13,-0.2308,-0.2686,0.144,0,0,,,-0.1009,0.0389,,,,,,,,,,,
spelad,GR,2023/24,2024-02-04,,OFI Crete,Kifisia,1,2,A,9,11,3,4,1.0132,1.2917,skott,,,,,,,,,,0.5368,0.246,0.2172,0.4776,0.2769,0.2455,1,1.79,3.88,4.75,2.08,3.68,4.33,0.5419,0.53,0.1775,-0.3144,-0.0451,-1,,,,,0,0,,,-0.1468,-0.0023,,,,,,,,,,,
spelad,GR,2023/24,2024-02-04,,Panathinaikos,Olympiakos,2,0,H,11,11,7,4,1.7721,1.2917,skott,,,,,,,,,,0.3735,0.3328,0.2937,0.402,0.3254,0.2726,1,2.54,3.25,3.23,2.58,3.1,3.51,0.4107,0.3674,0.2384,-0.8267,0.3393,0,20,0,0.3847,0.1325,0,0,,,0.0782,-0.0262,,,,,,,,,,,
spelad,GR,2023/24,2024-02-10,,Giannina,Aris,0,0,D,10,6,3,2,1.0724,0.6754,skott,,,,,,,,,,0.2084,0.2673,0.5243,0.244,0.2872,0.4688,1,4.58,3.6,1.88,4,3.4,2.27,0.4256,0.4344,-0.7259,1.3523,-0.7084,-1,11,-0.5455,0.2192,-0.0102,0,0,,,0.1267,0.018,,,,,,,,,,,
spelad,GR,2023/24,2024-02-10,,Olympiakos,OFI Crete,4,0,H,19,6,8,0,2.4058,0.3552,skott,,,,,,,,,,0.7496,0.1553,0.0951,0.7971,0.1367,0.0662,1,1.27,6.2,12,1.23,7.5,15.5,0.6222,0.6272,0.4645,-0.5868,0.2629,0,13,2.5385,0.4412,-0.1818,0,0,,,0.124,-0.0109,,,,,,,,,,,
spelad,GR,2023/24,2024-02-10,,Panetolikos,Atromitos,1,0,H,8,14,5,4,1.2743,1.4693,skott,,,,,,,,,,0.3975,0.2984,0.3041,0.4139,0.2854,0.3007,1,2.41,3.3,3.3,2.35,3.5,3.35,0.4356,0.4974,-0.7412,0.4106,-0.7465,1,17,-0.7059,-0.1605,-0.0059,0,0,,,0.0363,0.0068,,,,,,,,,,,
spelad,GR,2023/24,2024-02-11,,Kifisia,Volos NFC,0,0,D,13,5,5,3,1.5702,0.7764,skott,,,,,,,,,,0.4289,0.289,0.2821,0.3869,0.3188,0.2943,1,2.25,3.42,3.4,2.54,3.1,3.26,0.4632,0.3837,-0.0406,0.3665,0.2937,-1,,,,,0,0,,,-0.0962,-0.0047,,,,,,,,,,,
spelad,GR,2023/24,2024-02-11,,Lamia,Asteras Tripolis,2,1,H,11,13,6,6,1.612,1.7304,skott,,,,,,,,,,0.3747,0.3214,0.3039,0.4112,0.3226,0.2662,1,2.53,3.3,3.12,2.44,3.25,3.6,0.4092,0.402,0.05,-0.623,0.0715,0,16,0.375,0.4381,0.1929,0,0,,,0.1107,-0.0189,,,,,,,,,,,
spelad,GR,2023/24,2024-02-11,,Panserraikos,Panathinaikos,0,3,A,9,11,3,7,1.0132,1.7721,skott,,,,,,,,,,0.1242,0.2144,0.6614,0.1469,0.2496,0.6035,1,8,4.6,1.44,7.56,4.42,1.6,0.4816,0.4381,-0.3454,0.1716,0.1136,1,,,,,0,0,,,0.1033,0.0042,,,,,,,,,,,
spelad,GR,2023/24,2024-02-11,,PAOK,AEK,1,1,D,10,9,6,5,1.5528,1.3334,skott,,,,,,,,,,0.4156,0.2787,0.3057,0.3923,0.2875,0.3202,1,2.35,3.5,3.3,2.44,3.5,3.1,0.5079,0.5286,0.3962,-1.1329,0.4,0,21,0,-0.0189,0.0445,0,0,,,-0.061,0.0234,,,,,,,,,,,
spelad,GR,2023/24,2024-02-17,,Atromitos,Aris,0,2,A,10,9,2,4,0.9122,1.1733,skott,,,,,,,,,,0.3,0.2927,0.4073,0.2816,0.2946,0.4237,1,3.2,3.4,2.38,3.5,3.3,2.35,0.4456,0.4456,-0.196,0.7017,0.0102,0,11,0,0.3775,-0.0112,0,0,,,-0.0532,0.0055,,,,,,,,,,,
spelad,GR,2023/24,2024-02-17,,Panathinaikos,Lamia,2,2,D,27,4,7,2,2.7192,0.5571,skott,,,,,,,,,,0.7052,0.1776,0.1172,0.7011,0.1919,0.107,1,1.4,5.36,9,1.32,5.79,10.5,0.5518,0.5442,-0.2513,0.2149,-0.5,0,13,1.8462,0.3625,-0.0394,0,0,,,0.0022,0.0434,,,,,,,,,,,
spelad,GR,2023/24,2024-02-18,,AEK,Kifisia,3,0,H,24,2,10,0,3.0221,0.1184,skott,,,,,,,,,,0.8354,0.1072,0.0575,0.8492,0.1014,0.0495,1,1.14,9.5,21,1.14,9.5,21,0.6745,0.6767,1.08,-2.4659,0.5246,0,,,,,0,0,,,0.0355,-0.0289,,,,,,,,,,,
spelad,GR,2023/24,2024-02-18,,PAOK,Olympiakos,1,4,A,13,10,4,6,1.4101,1.5528,skott,,,,,,,,,,0.4345,0.3046,0.2609,0.4144,0.2955,0.2901,1,2.18,3.5,4,2.34,3.41,3.86,0.4503,0.4714,0.7377,-1.9413,0.7057,-1,21,-0.5714,-0.1089,-0.0459,0,0,,,-0.0693,0.0416,,,,,,,,,,,
spelad,GR,2023/24,2024-02-18,,Volos NFC,Giannina,1,2,A,10,13,4,6,1.2325,1.7304,skott,,,,,,,,,,0.4613,0.308,0.2307,0.4514,0.3169,0.2317,1,2.08,3.25,4.2,2.14,3.25,4.2,0.386,0.3846,-0.0566,-0.1545,-0.2654,-1,8,1.125,0.6588,0.0803,0,0,,,-0.0209,-0.006,,,,,,,,,,,
spelad,GR,2023/24,2024-02-19,,Asteras Tripolis,Panetolikos,2,2,D,20,11,6,8,2.1447,1.9323,skott,,,,,,,,,,0.4901,0.2758,0.2341,0.5356,0.2804,0.184,1,2,3.5,4.2,1.95,3.55,5.18,0.4555,0.4496,0.5676,-0.793,0.6294,-1,16,1.3125,0.2757,0.2666,0,0,,,0.141,-0.0565,,,,,,,,,,,
spelad,GR,2023/24,2024-02-19,,OFI Crete,Panserraikos,4,0,H,11,12,5,3,1.4518,1.1907,skott,,,,,,,,,,0.4748,0.2854,0.2398,0.4292,0.3019,0.2689,1,2.02,3.57,3.94,2.25,3.4,3.56,0.4712,0.4623,-0.5159,1.4218,-0.7124,1,,,,,0,0,,,-0.1202,-0.0095,,,,,,,,,,,
spelad,GR,2023/24,2024-02-24,,Lamia,AEK,1,3,A,4,14,4,7,0.8773,1.9497,skott,,,,,,,,,,0.1305,0.209,0.6605,0.0888,0.1744,0.7368,1,8,4.6,1.47,10.7,5.6,1.36,0.5417,0.6154,0.3727,-0.0578,0.5248,1,13,-2.5385,-0.3445,-0.0459,0,0,,,-0.1596,0.0644,,,,,,,,,,,
spelad,GR,2023/24,2024-02-24,,Panserraikos,Atromitos,0,0,D,12,2,2,1,1.0306,0.2785,skott,,,,,,,,,,0.3923,0.3149,0.2928,0.4665,0.2979,0.2356,1,2.44,3.25,3.27,2.09,3.4,4.06,0.402,0.4456,0.1105,-0.305,0.1382,-2,,,,,0,0,,,0.2055,-0.0164,,,,,,,,,,,
spelad,GR,2023/24,2024-02-25,,Aris,Volos NFC,2,0,H,18,2,8,2,2.3466,0.4387,skott,,,,,,,,,,0.611,0.2394,0.1496,0.6112,0.2543,0.1345,1,1.56,4.2,6.5,1.6,3.75,7.5,0.4619,0.396,1.153,-1.6162,1.049,1,11,1.3636,0.2291,-0.2491,0,0,,,0.0156,-0.0354,,,,,,,,,,,
spelad,GR,2023/24,2024-02-25,,Giannina,OFI Crete,2,2,D,7,10,4,4,1.0549,1.2325,skott,,,,,,,,,,0.3999,0.2934,0.3067,0.3816,0.3002,0.3182,1,2.45,3.4,3.09,2.51,3.35,3.05,0.4308,0.4766,-0.0035,0.2502,0.1245,1,11,-0.8182,-0.4554,0.2416,0,0,,,-0.0481,0.0058,,,,,,,,,,,
spelad,GR,2023/24,2024-02-25,,Olympiakos,Asteras Tripolis,2,1,H,25,7,11,2,3.2414,0.7346,skott,,,,,,,,,,0.7232,0.1716,0.1053,0.7963,0.1381,0.0655,1,1.3,5.75,11,1.22,7,15,0.5773,0.6357,0.0714,-0.2463,-0.096,1,15,2.2,0.2626,0.0535,0,0,,,0.1861,-0.034,,,,,,,,,,,
spelad,GR,2023/24,2024-02-25,,Panathinaikos,Kifisia,1,1,D,17,14,4,7,1.6469,1.9497,skott,,,,,,,,,,0.8089,0.1277,0.0634,0.783,0.1433,0.0737,1,1.2,7.5,17,1.25,6.61,13.5,0.6131,0.5795,0.9576,-1.354,0.4547,1,,,,,0,0,,,-0.062,-0.0476,,,,,,,,,,,
spelad,GR,2023/24,2024-02-25,,Panetolikos,PAOK,1,3,A,6,18,4,5,0.9957,1.8662,skott,,,,,,,,,,0.1213,0.1917,0.687,0.1462,0.2099,0.6439,1,8.5,5,1.38,7.5,4.9,1.48,0.5561,0.5692,-0.5741,1.3289,-0.1531,-1,13,-3,-0.4826,-0.1903,0,0,,,0.0928,-0.0283,,,,,,,,,,,
spelad,GR,2023/24,2024-02-28,,AEK,Giannina,4,2,H,18,6,6,2,2.0263,0.6754,skott,,,,,,,,,,0.8478,0.1019,0.0504,0.8779,0.0877,0.0344,1,1.13,9.32,23,1.12,10.91,27.79,0.6706,0.6842,0.631,-1.6123,0.5277,1,13,1.8462,0.2514,-0.1502,0,0,,,0.0762,-0.0441,,,,,,,,,,,
spelad,GR,2023/24,2024-02-28,,Asteras Tripolis,Kifisia,3,3,D,18,12,10,8,2.6669,1.9914,skott,,,,,,,,,,0.5489,0.25,0.2011,0.5487,0.2473,0.204,1,1.83,3.82,5.25,1.83,3.86,4.75,0.4779,0.5234,0.4082,-0.778,-0.1539,0,,,,,0,0,,,-0.0034,-0.0701,,,,,,,,,,,
spelad,GR,2023/24,2024-02-28,,Atromitos,Lamia,3,1,H,9,5,5,4,1.3334,0.9365,skott,,,,,,,,,,0.4213,0.2907,0.288,0.4367,0.2924,0.2709,1,2.27,3.32,3.33,2.24,3.4,3.53,0.4319,0.483,-0.9818,1.8167,-0.975,0,17,0.3529,-0.1563,0.3299,0,0,,,0.0479,-0.0337,,,,,,,,,,,
spelad,GR,2023/24,2024-02-28,,Panathinaikos,Aris,2,0,H,9,8,4,2,1.1733,0.7938,skott,,,,,,,,,,0.6102,0.241,0.1487,0.6271,0.2319,0.141,1,1.58,4,6.5,1.53,4.2,7,0.4571,0.4714,-0.5071,0.6091,-0.6441,0,19,0.6316,0.2827,-0.0411,0,0,,,0.0414,0.0005,,,,,,,,,,,
spelad,GR,2023/24,2024-02-28,,Panetolikos,Olympiakos,1,2,A,3,12,2,4,0.4979,1.3509,skott,,,,,,,,,,0.1343,0.1853,0.6803,0.1121,0.1795,0.7085,1,8.5,5.3,1.4,9,5.29,1.38,0.5518,0.5754,-0.8452,0.8398,-0.7411,0,13,-3,-0.4186,-0.1627,0,0,,,-0.0726,0.0236,,,,,,,,,,,
spelad,GR,2023/24,2024-02-28,,Panserraikos,PAOK,0,2,A,9,14,3,5,1.0132,1.6294,skott,,,,,,,,,,0.0619,0.1475,0.7905,0.0955,0.1897,0.7147,1,15.32,6.5,1.23,11,5.5,1.36,0.5769,0.5429,-0.4394,1.0104,-0.0465,1,,,,,0,0,,,0.143,0.0218,,,,,,,,,,,
spelad,GR,2023/24,2024-02-28,,Volos NFC,OFI Crete,3,1,H,5,8,3,2,0.7764,0.7938,skott,,,,,,,,,,0.371,0.3068,0.3223,0.3617,0.3112,0.3271,1,2.6,3.3,2.97,2.7,3.25,2.93,0.4271,0.422,-0.4525,0.2708,-0.6666,0,11,0,0.1206,-0.0081,0,0,,,-0.0234,-0.007,,,,,,,,,,,
spelad,GR,2023/24,2024-03-03,,Aris,AEK,3,3,D,4,13,4,9,0.8773,2.2108,skott,,,,,,,,,,0.1231,0.2117,0.6652,0.1198,0.2148,0.6654,1,7.62,4.5,1.47,8.5,4.5,1.5,0.4895,0.487,0.0496,0.1477,-0.0259,0,19,-0.9474,0.0087,-0.1108,0,0,,,-0.0067,0.0201,,,,,,,,,,,
spelad,GR,2023/24,2024-03-03,,Giannina,Atromitos,1,1,D,12,8,4,4,1.3509,1.1141,skott,,,,,,,,,,0.423,0.2916,0.2854,0.4685,0.295,0.2366,1,2.35,3.34,3.4,2.06,3.5,4.2,0.4503,0.4419,-0.0307,0.1308,0.1642,0,13,-0.4615,-0.2344,0.2345,0,0,,,0.1398,0.0012,,,,,,,,,,,
spelad,GR,2023/24,2024-03-03,,Kifisia,Panetolikos,2,2,D,14,11,8,4,2.1098,1.2917,skott,,,,,,,,,,0.3931,0.2942,0.3127,0.4555,0.298,0.2465,1,2.41,3.4,3.2,2.15,3.4,3.88,0.4632,0.4635,0.0105,-0.1289,0.3798,0,,,,,0,0,,,0.1909,-0.0261,,,,,,,,,,,
spelad,GR,2023/24,2024-03-03,,Lamia,PAOK,0,2,A,4,17,2,8,0.5571,2.2874,skott,,,,,,,,,,0.1192,0.1907,0.69,0.1017,0.1816,0.7167,1,9,5,1.4,10,5.5,1.33,0.5747,0.5827,-0.0897,0.1889,0.1178,0,13,-3,-0.4679,-0.1896,0,0,,,-0.0617,-0.0021,,,,,,,,,,,
spelad,GR,2023/24,2024-03-03,,OFI Crete,Panathinaikos,2,2,D,8,13,4,6,1.1141,1.7304,skott,,,,,,,,,,0.1358,0.2233,0.641,0.153,0.2238,0.6232,1,7,4.75,1.5,6.5,4.75,1.55,0.4868,0.5065,-0.3323,0.7546,-0.2083,0,13,0,0.3809,0.1238,0,0,,,0.0524,-0.003,,,,,,,,,,,
spelad,GR,2023/24,2024-03-03,,Olympiakos,Volos NFC,3,0,H,28,4,15,0,4.0595,0.2368,skott,,,,,,,,,,0.8534,0.1042,0.0424,0.8689,0.0958,0.0353,1,1.13,9.5,26,1.12,9.98,29,0.6294,0.6482,0.8577,-0.4843,1.0007,0,11,2.1818,0.0003,0.1163,0,0,,,0.0382,-0.0406,,,,,,,,,,,
spelad,GR,2023/24,2024-03-03,,Panserraikos,Asteras Tripolis,2,1,H,7,4,6,1,1.3752,0.3969,skott,,,,,,,,,,0.4308,0.2872,0.2821,0.4178,0.3008,0.2814,1,2.25,3.4,3.36,2.3,3.3,3.5,0.4301,0.4246,-0.2129,0.8693,0.2001,0,,,,,0,0,,,-0.0253,-0.0043,,,,,,,,,,,
spelad,GR,2023/24,2024-03-10,,Lamia,AEK,0,4,A,2,20,0,7,0.1184,2.3049,skott,,,,,,,,,,0.0846,0.1585,0.7568,0.0526,0.1344,0.813,1,11.09,6,1.29,18.08,7.4,1.21,0.6076,0.6324,0.1844,0.0576,0.3907,0,14,-2.5714,-0.3514,-0.0551,0,0,,,-0.1202,0.0311,,,,,,,,,,,
spelad,GR,2023/24,2024-03-10,,Olympiakos,Panathinaikos,1,3,A,13,11,4,5,1.4101,1.4518,skott,,,,,,,,,,0.4543,0.2952,0.2505,0.4572,0.2781,0.2647,1,2.15,3.42,4,2.21,3.5,3.75,0.4354,0.4934,0.4321,0.0744,0.6839,0,21,-0.1429,-0.547,0.1107,0,0,,,-0.0086,-0.0179,,,,,,,,,,,
spelad,GR,2023/24,2024-03-10,,PAOK,Aris,0,1,A,14,6,4,3,1.4693,0.8356,skott,,,,,,,,,,0.6181,0.2232,0.1587,0.6558,0.2151,0.129,1,1.55,4.33,6.5,1.5,4.75,8.38,0.5262,0.5391,0.2184,-0.0965,0.2624,0,20,0.15,-0.3564,0.0696,0,0,,,0.1051,-0.0072,,,,,,,,,,,
spelad,GR,2023/24,2024-03-16,,Asteras Tripolis,Volos NFC,0,2,A,9,10,3,4,1.0132,1.2325,skott,,,,,,,,,,0.4686,0.2862,0.2451,0.3727,0.2947,0.3326,1,2.1,3.44,4.2,2.62,3.3,3.15,0.4246,0.4356,-0.3336,0.1011,-0.1976,0,12,1.5,0.4874,0.045,0,0,,,-0.2793,0.0375,,,,,,,,,,,
spelad,GR,2023/24,2024-03-16,,Atromitos,Giannina,3,2,H,8,14,6,5,1.4344,1.6294,skott,,,,,,,,,,0.4802,0.2827,0.2371,0.4141,0.3126,0.2733,1,2.08,3.45,4.03,2.34,3.3,3.5,0.443,0.4246,0.0568,0.0737,-0.0616,0,14,0.4286,-0.0004,0.2681,0,0,,,-0.1684,-0.026,,,,,,,,,,,
spelad,GR,2023/24,2024-03-16,,Kifisia,OFI Crete,0,0,D,13,11,4,3,1.4101,1.1316,skott,,,,,,,,,,0.3449,0.2987,0.3564,0.4253,0.3028,0.2719,1,2.88,3.38,2.69,2.29,3.4,3.55,0.4635,0.4753,-0.4274,0.4488,0.0654,0,,,,,0,0,,,0.2454,-0.0197,,,,,,,,,,,
spelad,GR,2023/24,2024-03-16,,Panetolikos,Panserraikos,3,0,H,15,7,10,1,2.4893,0.5745,skott,,,,,,,,,,0.4389,0.2908,0.2703,0.4179,0.3117,0.2703,1,2.25,3.32,3.6,2.31,3.2,3.65,0.4173,0.403,0.1309,-0.9698,-0.2299,0,,,,,0,0,,,-0.042,0.0002,,,,,,,,,,,
spelad,GR,2023/24,2024-03-30,,Giannina,Panetolikos,1,1,D,10,11,4,4,1.2325,1.2917,skott,,,,,,,,,,0.4553,0.2875,0.2572,0.4214,0.3052,0.2734,1,2.09,3.5,4,2.25,3.25,3.7,0.4282,0.4136,-0.4221,0.8746,-0.3035,0,14,-0.2143,-0.2551,0.0447,0,0,,,-0.0841,0.0122,,,,,,,,,,,
spelad,GR,2023/24,2024-03-30,,OFI Crete,Atromitos,0,0,D,14,11,4,3,1.4693,1.1316,skott,,,,,,,,,,0.4667,0.2767,0.2566,0.4917,0.2902,0.2181,1,2.13,3.5,3.75,1.98,3.6,4.35,0.4896,0.4844,-0.261,0.1351,-0.167,0,15,0.2,-0.0209,0.2325,0,0,,,0.0885,-0.0192,,,,,,,,,,,
spelad,GR,2023/24,2024-03-30,,Panserraikos,Asteras Tripolis,2,0,H,7,13,3,1,0.8948,0.9297,skott,,,,,,,,,,0.4329,0.3062,0.2609,0.4593,0.3047,0.2359,1,2.25,3.32,3.65,2.15,3.3,4.03,0.4209,0.4356,-0.1452,1.1626,0.2084,0,,,,,0,0,,,0.0779,-0.0366,,,,,,,,,,,
spelad,GR,2023/24,2024-03-30,,Volos NFC,Kifisia,4,1,H,14,11,8,7,2.1098,1.7721,skott,,,,,,,,,,0.409,0.2987,0.2923,0.4158,0.3042,0.28,1,2.33,3.4,3.3,2.37,3.3,3.4,0.4319,0.4407,0.6241,-0.9902,0.0014,0,,,,,0,0,,,0.0259,-0.0168,,,,,,,,,,,
spelad,GR,2023/24,2024-03-31,,AEK,Olympiakos,1,0,H,10,11,5,7,1.3926,1.7721,skott,,,,,,,,,,0.5335,0.2511,0.2154,0.4573,0.2702,0.2725,1,1.89,3.78,5,2.21,3.62,3.75,0.5053,0.4909,0.0825,-0.6442,-0.0128,0,22,-0.9545,-0.3152,0.0325,0,0,,,-0.2097,-0.0359,,,,,,,,,,,
spelad,GR,2023/24,2024-03-31,,Aris,Lamia,3,1,H,18,9,8,2,2.3466,0.853,skott,,,,,,,,,,0.6319,0.227,0.1411,0.7069,0.1921,0.101,1,1.51,4.33,7.5,1.4,5,10,0.4803,0.5377,0.3025,-0.463,0.1419,0,12,0.5,-0.3313,0.0537,0,0,,,0.19,-0.0547,,,,,,,,,,,
spelad,GR,2023/24,2024-03-31,,Panathinaikos,PAOK,2,3,A,16,10,8,7,2.2282,1.7129,skott,,,,,,,,,,0.4427,0.2815,0.2757,0.4022,0.2863,0.3115,1,2.15,3.5,3.6,2.42,3.5,3.09,0.4686,0.4935,-0.0157,-0.4851,0.0363,0,22,-0.5455,0.0609,-0.0092,0,0,,,-0.1168,-0.0112,,,,,,,,,,,
spelad,GR,2023/24,2024-04-03,,Olympiakos,Aris,3,0,H,16,7,9,0,2.3884,0.4144,skott,,,,,,,,,,0.704,0.1883,0.1077,0.7214,0.186,0.0926,1,1.38,5.01,9,1.33,5.5,11,0.5481,0.5656,-0.5831,0.8441,-0.4904,0,20,1.65,0.3547,-0.1006,0,0,,,0.0499,-0.0201,,,,,,,,,,,
spelad,GR,2023/24,2024-04-03,,Panathinaikos,AEK,2,1,H,10,18,6,5,1.5528,1.8662,skott,,,,,,,,,,0.3378,0.2958,0.3664,0.3425,0.3062,0.3513,1,2.9,3.4,2.75,2.78,3.35,2.71,0.4609,0.4727,-0.2613,0.119,-0.286,0,22,-0.4091,-0.0298,0.2004,0,0,,,0.0244,0.0012,,,,,,,,,,,
spelad,GR,2023/24,2024-04-03,,PAOK,Lamia,3,1,H,18,6,9,1,2.5068,0.5153,skott,,,,,,,,,,0.8313,0.1154,0.0533,0.8538,0.1035,0.0427,1,1.15,8.5,21,1.12,10.5,26,0.6482,0.702,0.06,0.0997,-0.0492,0,14,3,0.6582,-0.189,0,0,,,0.0557,-0.0129,,,,,,,,,,,
spelad,GR,2023/24,2024-04-06,,Asteras Tripolis,Kifisia,1,2,A,14,10,4,7,1.4693,1.7129,skott,,,,,,,,,,0.4533,0.2859,0.2608,0.4491,0.2659,0.285,1,2.1,3.5,3.75,2.27,3.6,3.4,0.4635,0.5313,-0.4752,0.1662,-0.858,0,,,,,0,0,,,-0.0327,-0.0601,,,,,,,,,,,
spelad,GR,2023/24,2024-04-06,,Atromitos,Panserraikos,1,1,D,10,8,3,4,1.0724,1.1141,skott,,,,,,,,,,0.4124,0.3154,0.2722,0.3356,0.3114,0.353,1,2.35,3.3,3.5,2.94,3.25,2.75,0.4112,0.433,0.3373,-1.0378,0.1763,0,,,,,0,0,,,-0.2344,0.0087,,,,,,,,,,,
spelad,GR,2023/24,2024-04-06,,OFI Crete,Giannina,4,0,H,20,11,8,5,2.465,1.4518,skott,,,,,,,,,,0.4616,0.2908,0.2476,0.4873,0.2854,0.2273,1,2.1,3.5,4,2.1,3.45,4.33,0.4482,0.4496,0.1479,-0.4833,-0.0343,0,12,0.75,0.1748,0.2798,0,0,,,0.0717,-0.0459,,,,,,,,,,,
spelad,GR,2023/24,2024-04-06,,Panetolikos,Volos NFC,0,1,A,12,5,4,1,1.3509,0.4561,skott,,,,,,,,,,0.4217,0.2988,0.2795,0.4527,0.3148,0.2325,1,2.3,3.4,3.5,2.15,3.3,4.2,0.4209,0.4137,-0.3064,0.5536,0.017,0,13,0.4615,0.1464,0.0941,0,0,,,0.1091,-0.0147,,,,,,,,,,,
spelad,GR,2023/24,2024-04-07,,AEK,PAOK,2,2,D,10,8,4,4,1.2325,1.1141,skott,,,,,,,,,,0.5002,0.2612,0.2387,0.5368,0.2443,0.2189,1,1.93,3.75,4.33,1.81,4,4.75,0.5132,0.5644,-0.0761,-0.3553,0.0112,0,22,0,-0.0356,0.0748,0,0,,,0.093,-0.0019,,,,,,,,,,,
spelad,GR,2023/24,2024-04-07,,Aris,Panathinaikos,0,2,A,20,10,6,3,2.1447,1.0724,skott,,,,,,,,,,0.2123,0.271,0.5167,0.2195,0.2829,0.4976,1,4.43,3.6,1.95,4.35,3.6,2,0.4619,0.4766,0.273,0.0109,0.4997,0,20,-0.75,-0.2623,-0.0506,0,0,,,0.0335,0.0425,,,,,,,,,,,
spelad,GR,2023/24,2024-04-07,,Lamia,Olympiakos,1,5,A,9,21,3,11,1.0132,3.0046,skott,,,,,,,,,,0.0874,0.157,0.7556,0.0769,0.1443,0.7788,1,14,6,1.26,13,7,1.23,0.5861,0.6357,-0.1864,0.2701,-0.3506,0,14,-2.5714,-0.1472,-0.1527,0,0,,,-0.0442,0.0085,,,,,,,,,,,
spelad,GR,2023/24,2024-04-13,,Giannina,Asteras Tripolis,0,1,A,16,8,2,3,1.2674,0.954,skott,,,,,,,,,,0.3825,0.3113,0.3062,0.431,0.2913,0.2777,1,2.49,3.3,3.15,2.25,3.5,3.5,0.4101,0.4935,0.5054,-0.0459,0.7979,0,13,0.6923,0.4123,0.1385,0,0,,,0.1256,-0.0042,,,,,,,,,,,
spelad,GR,2023/24,2024-04-13,,Kifisia,Panetolikos,0,1,A,19,9,3,3,1.6051,1.0132,skott,,,,,,,,,,0.4306,0.2928,0.2766,0.4018,0.2921,0.3062,1,2.31,3.4,3.5,2.38,3.4,3.25,0.4508,0.4661,-0.1159,0.4501,-0.067,0,,,,,0,0,,,-0.0872,0.0151,,,,,,,,,,,
spelad,GR,2023/24,2024-04-13,,Panserraikos,OFI Crete,2,2,D,10,11,4,5,1.2325,1.4518,skott,,,,,,,,,,0.3953,0.3186,0.2861,0.3595,0.3219,0.3186,1,2.41,3.34,3.33,2.74,3.2,2.99,0.4419,0.4456,-0.228,1.2906,-0.2396,0,,,,,0,0,,,-0.1041,-0.001,,,,,,,,,,,
spelad,GR,2023/24,2024-04-13,,Volos NFC,Atromitos,2,2,D,11,13,6,6,1.612,1.7304,skott,,,,,,,,,,0.4665,0.308,0.2255,0.5049,0.2948,0.2003,1,2.07,3.42,4.33,1.92,3.55,4.9,0.4293,0.4753,0.6974,-1.0181,0.4715,0,13,0,0.1598,-0.0535,0,0,,,0.1021,0.0035,,,,,,,,,,,
spelad,GR,2023/24,2024-04-14,,AEK,Aris,2,0,H,16,4,7,2,2.0681,0.5571,skott,,,,,,,,,,0.7757,0.1471,0.0772,0.8094,0.1367,0.0539,1,1.25,6.5,15,1.22,7.2,17.56,0.5959,0.6135,-0.1309,-0.3144,-0.5241,0,20,0.9,0.0364,-0.066,0,0,,,0.0906,-0.0458,,,,,,,,,,,
spelad,GR,2023/24,2024-04-14,,Panathinaikos,Lamia,3,1,H,22,6,6,2,2.2631,0.6754,skott,,,,,,,,,,0.8418,0.1102,0.048,0.884,0.0863,0.0297,1,1.14,8.7,23,1.12,11.56,34,0.6253,0.6993,0.6941,-1.1186,0.4088,0,14,1.7143,0.2441,0.0211,0,0,,,0.1029,-0.0549,,,,,,,,,,,
spelad,GR,2023/24,2024-04-20,,Asteras Tripolis,Panetolikos,0,2,A,9,13,2,7,0.853,1.8905,skott,,,,,,,,,,0.3557,0.2925,0.3518,0.332,0.3044,0.3636,1,2.7,3.4,2.8,3.2,3.4,2.5,0.4209,0.4419,-0.3001,0.3923,-0.7268,0,17,1.2353,0.2073,0.2933,0,0,,,-0.0594,-0.0421,,,,,,,,,,,
spelad,GR,2023/24,2024-04-20,,Atromitos,Kifisia,1,2,A,14,13,3,7,1.3091,1.8905,skott,,,,,,,,,,0.3569,0.2723,0.3708,0.3493,0.2838,0.3668,1,2.74,3.6,2.57,2.85,3.5,2.6,0.5026,0.5144,0.608,-0.8284,0.3768,0,,,,,0,0,,,-0.0112,-0.0254,,,,,,,,,,,
spelad,GR,2023/24,2024-04-20,,OFI Crete,Volos NFC,2,1,H,13,8,8,4,2.0506,1.1141,skott,,,,,,,,,,0.4426,0.3236,0.2338,0.4643,0.308,0.2277,1,2.2,3.44,4.07,2.15,3.5,4.18,0.4534,0.5104,-0.7296,0.4792,-0.392,0,12,-0.25,-0.2108,-0.0333,0,0,,,0.0495,-0.0406,,,,,,,,,,,
spelad,GR,2023/24,2024-04-21,,Aris,AEK,1,2,A,11,28,4,12,1.2917,3.5791,skott,,,,,,,,,,0.1366,0.1972,0.6662,0.0964,0.1774,0.7261,1,7.5,4.75,1.47,10,5.5,1.35,0.5197,0.5417,-0.1671,0.642,0.2971,0,21,-1,0.0139,-0.0693,0,0,,,-0.1402,0.0179,,,,,,,,,,,
spelad,GR,2023/24,2024-04-21,,Lamia,Panathinaikos,0,5,A,11,17,5,10,1.4518,2.6077,skott,,,,,,,,,,0.0675,0.158,0.7744,0.0586,0.1249,0.8164,1,14,7,1.26,16.15,8.5,1.2,0.5409,0.6441,-1.1196,1.7622,-0.6863,0,15,-1.8,-0.2592,0.014,0,0,,,-0.0598,0.0324,,,,,,,,,,,
spelad,GR,2023/24,2024-04-21,,Olympiakos,PAOK,2,1,H,8,7,3,2,0.954,0.7346,skott,,,,,,,,,,0.4505,0.2667,0.2828,0.4039,0.2795,0.3166,1,2.15,3.75,3.4,2.38,3.6,3.01,0.5368,0.5466,-0.1006,-0.0547,0.1309,0,22,0.6818,0.2312,-0.0573,0,0,,,-0.1272,0.0002,,,,,,,,,,,
spelad,GR,2023/24,2024-04-21,,Panserraikos,Giannina,2,1,H,12,13,5,4,1.511,1.4101,skott,,,,,,,,,,0.4757,0.2928,0.2315,0.4784,0.2842,0.2374,1,2.1,3.45,4.11,2.04,3.65,5,0.4413,0.4319,0.343,-0.1146,0.2736,0,,,,,0,0,,,-0.0006,0.049,,,,,,,,,,,
spelad,GR,2023/24,2024-04-24,,AEK,Panathinaikos,3,0,H,16,8,7,1,2.0681,0.6337,skott,,,,,,,,,,0.5024,0.2705,0.2271,0.5455,0.26,0.1945,1,1.98,3.65,4.33,1.82,3.88,4.88,0.4961,0.5455,-0.6694,1.2264,-0.5112,0,23,0.2609,-0.2223,0.1784,0,0,,,0.1189,-0.0482,,,,,,,,,,,
spelad,GR,2023/24,2024-04-24,,Aris,Olympiakos,1,1,D,14,18,6,11,1.7896,2.827,skott,,,,,,,,,,0.1342,0.2131,0.6526,0.1355,0.1974,0.6671,1,8,4.5,1.47,7.5,5,1.51,0.5156,0.597,-0.2396,-0.0323,-0.0901,0,21,-1.7143,-0.2641,-0.1047,0,0,,,-0.0119,-0.0138,,,,,,,,,,,
spelad,GR,2023/24,2024-04-24,,Lamia,PAOK,1,1,D,10,15,4,5,1.2325,1.6886,skott,,,,,,,,,,0.0596,0.1329,0.8075,0.0717,0.1283,0.8,1,17,7.5,1.22,15,7.5,1.25,0.6203,0.6886,-0.7452,1.5596,-0.557,0,15,-3,-0.4534,-0.1833,0,0,,,0.0318,0.0073,,,,,,,,,,,
spelad,GR,2023/24,2024-04-27,,Asteras Tripolis,OFI Crete,1,1,D,8,11,3,2,0.954,0.9714,skott,,,,,,,,,,0.3383,0.3726,0.2891,0.3519,0.3641,0.284,1,2.82,3.1,3.31,2.7,2.8,3.37,0.4571,0.4476,-0.397,0.5756,-0.7496,0,14,1.0714,0.5794,-0.0763,0,0,,,0.0322,0.0144,,,,,,,,,,,
spelad,GR,2023/24,2024-04-27,,Kifisia,Giannina,2,3,A,18,12,5,4,1.8662,1.3509,skott,,,,,,,,,,0.6724,0.2097,0.1179,0.6737,0.2072,0.1191,1,1.44,4.75,8.2,1.5,4.9,7.86,0.5308,0.581,0.563,-0.405,0.8716,1,,,,,0,0,,,0.0012,-0.048,,,,,,,,,,,
spelad,GR,2023/24,2024-04-27,,Panetolikos,Atromitos,1,0,H,10,10,5,3,1.3926,1.0724,skott,,,,,,,,,,0.5384,0.2603,0.2012,0.5884,0.2368,0.1748,1,1.77,4,5,1.72,4,6,0.4661,0.5091,-0.2184,0.3003,0.0607,0,18,-0.5,-0.0697,-0.0214,0,0,,,0.1263,-0.062,,,,,,,,,,,
spelad,GR,2023/24,2024-04-27,,Volos NFC,Panserraikos,1,0,H,14,12,7,3,1.9497,1.1907,skott,,,,,,,,,,0.7407,0.1646,0.0947,0.6199,0.2289,0.1512,1,1.31,6.25,14,1.57,5,11,0.5953,0.5053,0.5282,-1.1536,0.3889,1,,,,,0,0,,,-0.298,-0.0103,,,,,,,,,,,
spelad,GR,2023/24,2024-04-28,,Olympiakos,Lamia,4,1,H,17,13,10,4,2.6077,1.4101,skott,,,,,,,,,,0.8771,0.0789,0.0441,0.8797,0.0779,0.0424,1,1.09,11.9,34,1.1,12.2,29,0.7198,0.7602,0.335,-0.8964,0.1793,0,15,2.6,0.3145,-0.1521,0,0,,,0.0071,-0.0301,,,,,,,,,,,
spelad,GR,2023/24,2024-04-28,,Panathinaikos,Aris,0,1,A,21,7,9,1,2.6843,0.5745,skott,,,,,,,,,,0.7346,0.1669,0.0985,0.7012,0.1912,0.1076,1,1.33,5.7,11,1.36,5,9,0.5893,0.5791,0.5125,-0.7115,0.0424,0,21,0.8571,0.3563,-0.0617,0,0,,,-0.0758,-0.0096,,,,,,,,,,,
spelad,GR,2023/24,2024-04-28,,PAOK,AEK,3,2,H,8,7,6,4,1.4344,1.0549,skott,,,,,,,,,,0.3209,0.2859,0.3931,0.3416,0.2862,0.3723,1,3.1,3.44,2.5,2.88,3.5,2.56,0.5,0.5182,-0.0688,0.0962,-0.2418,0,23,0,-0.0332,0.1044,0,0,,,0.0622,-0.0067,,,,,,,,,,,
spelad,GR,2023/24,2024-05-11,,Atromitos,Asteras Tripolis,0,1,A,7,11,4,5,1.0549,1.4518,skott,,,,,,,,,,0.415,0.2834,0.3016,0.4383,0.2954,0.2662,1,2.35,3.46,3.14,2.38,3.5,3.54,0.4868,0.4947,0.5165,-0.8873,0.8135,0,17,0.3529,0.1729,0.0938,0,0,,,0.082,-0.0234,,,,,,,,,,,
spelad,GR,2023/24,2024-05-11,,Giannina,Volos NFC,1,1,D,10,8,5,4,1.3926,1.1141,skott,,,,,,,,,,0.3944,0.2785,0.3271,0.4172,0.2806,0.3022,1,2.5,3.45,2.9,2.46,3.5,3.12,0.4855,0.5471,-1.4478,1.8975,-1.1703,0,9,-0.6667,-0.4361,0.0362,0,0,,,0.0705,-0.0129,,,,,,,,,,,
spelad,GR,2023/24,2024-05-11,,OFI Crete,Panetolikos,1,2,A,15,10,5,4,1.6886,1.2325,skott,,,,,,,,,,0.4542,0.2852,0.2606,0.4617,0.2646,0.2738,1,2.12,3.6,3.67,2.11,3.6,3.6,0.4855,0.5509,-0.3385,0.2104,-0.4095,0,15,0,-0.1498,-0.0932,0,0,,,0.0018,-0.0169,,,,,,,,,,,
spelad,GR,2023/24,2024-05-11,,Panserraikos,Kifisia,2,0,H,13,13,7,6,1.8905,1.7304,skott,,,,,,,,,,0.4881,0.264,0.2479,0.4689,0.2693,0.2618,1,2.02,3.75,3.8,2.04,3.78,3.6,0.5092,0.5799,0.6012,-0.6799,0.4336,0,,,,,0,0,,,-0.0523,-0.0055,,,,,,,,,,,
spelad,GR,2023/24,2024-05-12,,PAOK,Olympiakos,2,0,H,10,10,2,4,0.9122,1.2325,skott,,,,,,,,,,0.4464,0.2845,0.2691,0.4685,0.262,0.2694,1,2.2,3.65,3.5,2.2,3.75,3.53,0.5354,0.5581,0.0971,0.0947,0.0385,0,23,-0.7826,-0.2198,-0.0669,0,0,,,0.044,-0.0132,,,,,,,,,,,
spelad,GR,2023/24,2024-05-15,,Lamia,Aris,2,4,A,11,10,7,5,1.7721,1.3926,skott,,,,,,,,,,0.2492,0.2615,0.4893,0.2803,0.2468,0.4728,1,3.81,3.75,1.98,3.39,4,2.1,0.5234,0.611,-0.7404,1.6159,-0.6519,0,13,-0.6923,0.2182,0.0348,0,0,,,0.0789,0.0356,,,,,,,,,,,
spelad,GR,2023/24,2024-05-15,,Olympiakos,AEK,2,0,H,15,10,6,3,1.8488,1.0724,skott,,,,,,,,,,0.3539,0.2637,0.3824,0.3186,0.2581,0.4233,1,2.71,3.62,2.55,3,3.77,2.41,0.5718,0.596,-0.3713,0.3732,-0.2994,-7,23,0.7826,0.2231,0.0193,0,0,,,-0.1117,0.0325,,,,,,,,,,,
spelad,GR,2023/24,2024-05-15,,PAOK,Panathinaikos,4,1,H,8,5,7,4,1.5945,0.9365,skott,,,,,,,,,,0.5632,0.249,0.1877,0.554,0.2386,0.2073,1,1.72,4,5.04,1.75,4,4.66,0.5391,0.5729,-0.1009,0.3371,-0.0725,-7,23,0.6522,0.028,-0.0213,0,0,,,-0.038,-0.0203,,,,,,,,,,,
spelad,GR,2023/24,2024-05-19,,AEK,Lamia,3,0,H,21,4,6,1,2.2039,0.3969,skott,,,,,,,,,,0.895,0.0652,0.0398,0.9263,0.0425,0.0312,1,1.07,15,41,1.05,22.45,60,0.7695,0.8363,0.5769,-1.1721,0.0761,0,15,2.6,0.4079,-0.0604,0,0,,,0.0711,-0.0201,,,,,,,,,,,
spelad,GR,2023/24,2024-05-19,,Aris,PAOK,1,2,A,16,3,3,2,1.4275,0.4979,skott,,,,,,,,,,0.2062,0.2606,0.5331,0.1743,0.2218,0.6039,1,5,4.1,1.8,5.51,4.5,1.62,0.4842,0.5457,-0.304,0.2444,-0.1053,0,21,0,0.3873,0.056,0,0,,,-0.1346,0.026,,,,,,,,,,,
spelad,GR,2023/24,2024-05-19,,Panathinaikos,Olympiakos,2,2,D,11,9,6,3,1.612,1.0132,skott,,,,,,,,,,0.351,0.2713,0.3777,0.3154,0.286,0.3985,1,2.75,3.5,2.6,3.03,3.6,2.45,0.5105,0.5417,-0.0438,0.2493,-0.413,0,22,0.2727,0.5041,0.093,0,0,,,-0.0921,0.0233,,,,,,,,,,,
spelad,GR,2024/25,2024-08-17,18:00,PAOK,Panserraikos,3,2,H,19,9,10,5,2.7261,1.3334,skott,,9,1,13,6,1,3,0,0,0.8253,0.1139,0.0608,0.8011,0.1302,0.0687,1,1.17,8.3,21,1.2,7.5,15,0.6659,0.6275,0.1657,-0.307,-0.0035,,,,,,0,0,,,-0.0564,-0.0207,,,,,,,,,,,
spelad,GR,2024/25,2024-08-17,18:00,Volos NFC,Olympiakos,0,2,A,6,18,2,7,0.6754,2.1865,skott,,3,3,18,22,3,2,1,0,0.1153,0.1539,0.7308,0.0995,0.1692,0.7314,1,11,6.08,1.32,10,5.63,1.36,0.5954,0.5504,0.3813,-0.4566,0.2337,,12,-2.25,-0.1237,0.0986,0,0,,,-0.0323,0.0402,,,,,,,,,,,
spelad,GR,2024/25,2024-08-18,20:00,AEK,OFI Crete,3,0,H,18,4,5,1,1.8662,0.3969,skott,,6,1,13,12,3,2,0,0,0.7896,0.1344,0.076,0.7879,0.1382,0.0739,1,1.22,7.2,14,1.26,6.85,13,0.6379,0.6275,-0.056,0.4038,-0.3283,,14,1.5,0.0573,-0.1388,0,0,,,-0.0013,-0.0504,,,,,,,,,,,
spelad,GR,2024/25,2024-08-18,18:30,Atromitos,Aris,1,1,D,8,10,6,2,1.4344,0.9122,skott,,3,4,18,19,2,3,0,0,0.3314,0.2905,0.378,0.3315,0.3069,0.3616,1,2.9,3.4,2.5,2.88,3.3,2.66,0.4579,0.4508,-0.2562,0.1632,-0.4654,,12,-0.25,0.2511,-0.0349,0,0,,,0.0165,0.0114,,,,,,,,,,,
spelad,GR,2024/25,2024-08-18,17:00,Levadeiakos,Athens Kallithea,0,0,D,12,2,3,0,1.1907,0.1184,skott,,2,5,16,21,3,6,0,0,0.3637,0.3058,0.3305,0.4114,0.3213,0.2673,1,2.59,3.25,3.3,2.35,3.1,3.6,0.3791,0.3827,,,,,,,,,0,0,,,0.1585,-0.0056,,,,,,,,,,,
spelad,GR,2024/25,2024-08-18,18:00,Panathinaikos,Asteras Tripolis,0,1,A,14,12,2,4,1.149,1.3509,skott,,8,2,15,15,3,3,1,0,0.718,0.1785,0.1036,0.6792,0.2036,0.1172,1,1.33,5.5,10.5,1.43,4.8,8.5,0.5662,0.5182,0.3817,-0.581,0.3086,,16,0,-0.4066,0.0811,0,0,,,-0.0912,-0.0198,,,,,,,,,,,
spelad,GR,2024/25,2024-08-19,19:00,Panetolikos,Lamia,0,1,A,9,11,5,5,1.3334,1.4518,skott,,4,3,14,19,2,7,1,1,0.4416,0.2903,0.268,0.4764,0.2968,0.2268,1,2.15,3.4,3.75,2.1,3.4,4.21,0.4488,0.4444,1.1404,-1.979,0.97,,18,-0.3333,-0.2557,0.123,0,0,,,0.1106,-0.0092,,,,,,,,,,,
spelad,GR,2024/25,2024-08-24,19:30,AEK,Lamia,1,1,D,23,2,5,1,2.1622,0.2785,skott,,13,1,5,14,1,4,0,0,0.8533,0.0937,0.053,0.8691,0.0861,0.0448,1,1.13,10.02,26,1.11,11.12,29,0.7042,0.7087,0.418,-1.4788,-0.1656,1,16,2.625,0.3935,-0.0593,0,0,,,0.0398,-0.0244,,,,,,,,,,,
spelad,GR,2024/25,2024-08-24,17:30,OFI Crete,Atromitos,1,1,D,7,13,2,2,0.7346,1.0898,skott,,4,3,26,14,8,6,1,2,0.4297,0.2852,0.2852,0.3846,0.3087,0.3067,1,2.25,3.5,3.33,2.49,3.3,3.12,0.4934,0.4508,0.1817,-0.0669,0.2354,0,16,0.1875,-0.0674,0.2623,0,0,,,-0.1117,0.0135,,,,,,,,,,,
spelad,GR,2024/25,2024-08-24,18:00,Panserraikos,Aris,0,1,A,7,11,4,7,1.0549,1.7721,skott,,4,2,16,20,4,6,0,0,0.3427,0.2963,0.361,0.2162,0.3058,0.478,1,2.81,3.3,2.7,4.41,3.4,2.02,0.4529,0.422,0.3133,-0.1466,-0.0456,1,,,,,0,0,,,-0.3699,0.0326,,,,,,,,,,,
spelad,GR,2024/25,2024-08-25,17:00,Asteras Tripolis,Volos NFC,0,1,A,17,6,3,3,1.4867,0.8356,skott,,13,0,10,18,3,4,0,0,0.4608,0.2892,0.25,0.494,0.2961,0.21,1,2.15,3.44,3.76,2,3.5,4.55,0.4476,0.4419,-0.5867,1.1532,-0.3915,-1,13,1.1538,0.3412,0.0189,0,0,,,0.1064,-0.0187,,,,,,,,,,,
spelad,GR,2024/25,2024-08-25,19:00,Panathinaikos,Levadeiakos,1,0,H,16,9,5,2,1.7478,0.853,skott,,7,3,14,19,2,2,0,0,0.7821,0.1489,0.069,0.7903,0.147,0.0626,1,1.22,6.5,17,1.22,6.5,15.14,0.5617,0.5622,0.1998,-0.2964,-0.5184,0,6,1,-0.3355,0.1054,-1,0,,,0.0228,-0.0341,,,,,,,,,,,
spelad,GR,2024/25,2024-08-25,18:30,PAOK,Panetolikos,2,0,H,17,5,10,2,2.6077,0.6163,skott,,4,1,17,16,2,5,0,0,0.7753,0.1447,0.08,0.7529,0.1584,0.0887,1,1.22,6.8,15,1.27,6.8,13,0.6234,0.5945,0.3107,-0.3452,-0.1652,2,14,3,0.6862,-0.1917,0,0,,,-0.0536,0.0196,,,,,,,,,,,
spelad,GR,2024/25,2024-08-26,18:30,Olympiakos,Athens Kallithea,2,1,H,13,8,5,4,1.5702,1.1141,skott,,7,3,11,16,1,2,0,0,0.8568,0.0964,0.0469,0.8398,0.1063,0.0539,1,1.12,9.78,26,1.15,8.93,23,0.6253,0.61,,,,1,,,,,-1,0,,,-0.041,-0.0201,,,,,,,,,,,
spelad,GR,2024/25,2024-08-31,18:00,Aris,Asteras Tripolis,1,1,D,15,13,12,10,2.8096,2.3709,skott,,4,3,0,0,4,3,0,1,0.5692,0.2545,0.1762,0.5087,0.2765,0.2147,1,1.73,3.82,5.5,1.9,3.5,4.75,0.4686,0.4319,0.4607,-1.1092,0.4341,1,14,1.7143,0.5958,-0.1489,0,0,,,-0.1596,-0.0111,,,,,,,,,,,
spelad,GR,2024/25,2024-08-31,17:30,Lamia,Olympiakos,0,3,A,7,13,5,8,1.2151,2.0506,skott,,4,6,16,14,2,1,0,0,0.0838,0.1463,0.77,0.0848,0.1591,0.7562,1,13,6.6,1.24,12,6,1.29,0.6355,0.599,-0.5859,1.0613,-0.0356,2,16,-2.625,-0.1651,-0.1475,0,0,,,0.0158,0.0196,,,,,,,,,,,
spelad,GR,2024/25,2024-08-31,20:00,Panetolikos,Panserraikos,3,0,H,10,10,8,7,1.8731,1.7129,skott,,3,4,16,14,4,3,0,0,0.4863,0.2802,0.2335,0.4668,0.3239,0.2093,1,2,3.5,4.2,2.15,3.2,4.55,0.4242,0.3985,0.0651,0.3718,0.1474,-1,3,2,0.9298,0.0196,0,0,,,-0.0149,-0.0384,,,,,,,,,,,
spelad,GR,2024/25,2024-09-01,20:00,Athens Kallithea,Panathinaikos,2,2,D,16,14,7,10,2.0681,2.4301,skott,,9,3,27,7,4,2,0,0,0.1466,0.1852,0.6682,0.122,0.2046,0.6733,1,8.5,5.2,1.43,9,4.75,1.43,0.5433,0.5117,,,,-1,,,,,1,0,,,-0.0544,-0.0018,,,,,,,,,,,
spelad,GR,2024/25,2024-09-01,18:30,Atromitos,PAOK,1,2,A,5,6,3,4,0.7764,0.9957,skott,,4,2,17,16,4,3,0,0,0.1543,0.2017,0.644,0.1393,0.2134,0.6473,1,7,4.75,1.47,7,4.6,1.48,0.5751,0.5026,-1.4703,0.9887,-0.9714,1,14,-1.5,0.0667,0.0005,0,0,,,-0.0334,0.0097,,,,,,,,,,,
spelad,GR,2024/25,2024-09-01,17:00,Levadeiakos,AEK,0,3,A,9,17,5,13,1.3334,3.0881,skott,,1,6,10,14,3,3,0,0,0.1068,0.1593,0.7339,0.1244,0.1829,0.6927,1,14,6,1.3,8.5,5.19,1.39,0.5788,0.5718,-0.5025,0.5148,0.1011,-1,6,-3,-0.3647,-0.1561,1,0,,,0.0764,0.0128,,,,,,,,,,,
spelad,GR,2024/25,2024-09-01,17:30,Volos NFC,OFI Crete,1,3,A,10,5,3,3,1.0724,0.7764,skott,,7,0,26,19,3,2,0,0,0.3851,0.293,0.322,0.3813,0.3333,0.2854,1,2.65,3.32,3,2.5,3.1,3.34,0.4476,0.4209,0.8497,-0.8062,0.6432,-1,13,0,0.1491,-0.0545,0,0,,,0.0291,-0.0074,,,,,,,,,,,
spelad,GR,2024/25,2024-09-14,18:00,Asteras Tripolis,Atromitos,1,2,A,15,8,6,2,1.8488,0.7938,skott,,6,1,17,18,1,5,0,0,0.4864,0.28,0.2336,0.3759,0.3197,0.3045,1,2,3.4,4.2,2.56,3.2,3.16,0.4205,0.4095,0.8724,-0.4046,0.7841,1,18,-0.1667,-0.146,0.0722,0,0,,,-0.292,-0.0017,,,,,,,,,,,
spelad,GR,2024/25,2024-09-14,16:00,Lamia,Athens Kallithea,0,0,D,9,10,3,5,1.0132,1.3926,skott,,1,3,16,20,2,2,0,0,0.4196,0.2844,0.296,0.278,0.3144,0.4076,1,2.34,3.33,3.3,3.46,3.2,2.36,0.399,0.4228,,,,1,,,,,-1,0,,,-0.3948,0.0206,,,,,,,,,,,
spelad,GR,2024/25,2024-09-15,18:30,OFI Crete,Aris,3,2,H,10,15,7,6,1.7129,1.8488,skott,,6,7,18,18,3,2,0,0,0.3125,0.2681,0.4194,0.2592,0.2977,0.4431,1,3.1,3.56,2.35,3.71,3.4,2.2,0.4672,0.4704,-0.2284,0.4716,-0.2094,-1,14,-1.2857,-0.2687,0.0222,0,0,,,-0.1303,0.0294,,,,,,,,,,,
spelad,GR,2024/25,2024-09-15,16:30,Olympiakos,Panetolikos,0,0,D,20,7,5,0,1.9846,0.4144,skott,,8,0,7,11,0,2,0,0,0.8356,0.1063,0.0581,0.8355,0.1073,0.0573,1,1.17,9,21,1.17,8.88,20,0.614,0.6317,-0.1922,0.1601,-0.3571,0,14,3,0.5895,-0.1639,0,0,,,0.0006,-0.0433,,,,,,,,,,,
spelad,GR,2024/25,2024-09-15,14:30,Panserraikos,Levadeiakos,2,2,D,7,8,4,6,1.0549,1.4344,skott,,2,5,16,17,6,4,0,1,0.4372,0.296,0.2668,0.4044,0.3354,0.2602,1,2.2,3.3,3.8,2.4,3,3.7,0.3806,0.3645,0.3311,-0.5222,-0.0063,1,,,,,-1,0,,,-0.0589,-0.0168,,,,,,,,,,,
spelad,GR,2024/25,2024-09-15,18:30,PAOK,Panathinaikos,0,0,D,10,5,4,4,1.2325,0.9365,skott,,6,4,16,13,1,3,0,0,0.5018,0.2767,0.2215,0.4692,0.2933,0.2375,1,1.92,3.6,4.5,2.1,3.5,4.1,0.4791,0.4896,1.6877,-1.4975,1.5303,0,24,0.75,0.0726,-0.0303,0,0,,,-0.0813,-0.0042,,,,,,,,,,,
spelad,GR,2024/25,2024-09-16,18:00,AEK,Volos NFC,2,0,H,9,8,6,2,1.4936,0.7938,skott,,3,5,14,14,2,3,0,0,0.8697,0.0887,0.0416,0.8359,0.112,0.0521,1,1.11,11,34,1.16,8.83,23,0.6682,0.6403,-0.3554,0.102,-0.3127,0,12,1.25,-0.2335,-0.0961,0,0,,,-0.0779,-0.0241,,,,,,,,,,,
spelad,GR,2024/25,2024-09-21,18:00,Aris,Olympiakos,2,1,H,6,9,3,4,0.8356,1.1733,skott,,3,5,12,18,2,4,0,0,0.1689,0.2385,0.5926,0.1745,0.2554,0.5701,1,6,4.1,1.65,5.75,4,1.7,0.5182,0.4794,-0.0542,-0.112,0.178,0,22,-1.6364,-0.2341,-0.0634,0,0,,,0.0337,0.0183,,,,,,,,,,,
spelad,GR,2024/25,2024-09-21,18:30,Panetolikos,Asteras Tripolis,1,1,D,10,10,3,3,1.0724,1.0724,skott,,1,3,11,17,4,5,0,1,0.412,0.2881,0.2999,0.3088,0.3277,0.3635,1,2.32,3.4,3.3,3.12,3.1,2.75,0.4256,0.4085,0.9041,-1.2135,0.599,-1,18,-1,-0.3836,0.2601,0,0,,,-0.2702,-0.0003,,,,,,,,,,,
spelad,GR,2024/25,2024-09-21,15:00,Volos NFC,PAOK,1,4,A,4,11,3,8,0.7172,1.9323,skott,,4,5,14,17,4,1,1,0,0.1126,0.1813,0.7061,0.0996,0.2121,0.6883,1,9.5,5.5,1.35,9.66,4.75,1.39,0.5924,0.4473,-1.2428,1.1466,-0.937,-1,12,-2.5,-0.2701,-0.0002,0,0,,,-0.0083,0.0092,,,,,,,,,,,
spelad,GR,2024/25,2024-09-22,19:00,Athens Kallithea,AEK,0,0,D,10,13,2,6,0.9122,1.7304,skott,,2,13,12,19,3,5,0,0,0.1176,0.1864,0.696,0.1548,0.2199,0.6253,1,9,5.1,1.37,7,4.5,1.53,0.561,0.5438,,,,2,,,,,1,0,,,0.1451,0.0022,,,,,,,,,,,
spelad,GR,2024/25,2024-09-22,18:30,Atromitos,Lamia,4,2,H,11,3,9,2,2.0924,0.4979,skott,,6,2,15,11,1,1,0,0,0.4997,0.2754,0.2249,0.5708,0.2748,0.1544,1,1.95,3.6,4.33,1.7,3.75,6.21,0.4804,0.4961,-0.3085,-0.3144,-0.5577,0,18,0.5,-0.07,0.2953,0,0,,,0.2126,-0.0183,,,,,,,,,,,
spelad,GR,2024/25,2024-09-22,14:30,Levadeiakos,OFI Crete,1,1,D,13,3,5,3,1.5702,0.658,skott,,4,2,21,24,3,3,0,0,0.3871,0.3059,0.3069,0.3854,0.3278,0.2868,1,2.6,3.2,3.1,2.5,3.15,3.4,0.4169,0.4167,-0.9641,0.7598,-0.6465,0,5,0,0.3494,-0.0862,1,0,,,0.0168,0.0147,,,,,,,,,,,
spelad,GR,2024/25,2024-09-22,16:00,Panathinaikos,Panserraikos,3,1,H,23,15,20,11,4.5643,2.6495,skott,,7,1,8,15,1,4,0,0,0.7946,0.1385,0.0669,0.8151,0.1299,0.055,1,1.2,7,17,1.19,7.34,18,0.6106,0.6139,-0.5877,1.0927,-0.7439,0,,,,,0,0,,,0.0529,-0.04,,,,,,,,,,,
spelad,GR,2024/25,2024-09-28,18:00,Asteras Tripolis,Levadeiakos,1,1,D,8,13,5,9,1.2743,2.2108,skott,,4,3,0,0,2,3,0,0,0.5193,0.2748,0.2059,0.4785,0.3143,0.2073,1,1.86,3.5,4.75,2.02,3.2,4.64,0.4148,0.378,0.4505,-0.3523,0.2599,1,7,0,-0.5187,0.1414,-1,0,,,-0.0831,-0.0213,,,,,,,,,,,
spelad,GR,2024/25,2024-09-28,15:00,Volos NFC,Athens Kallithea,1,1,D,11,3,6,2,1.612,0.4979,skott,,6,4,18,20,2,1,0,0,0.4,0.2962,0.3038,0.362,0.3343,0.3037,1,2.4,3.3,3.2,2.75,3.1,3.17,0.4173,0.4005,0.0719,0.7362,-0.0779,1,,,,,-1,0,,,-0.0759,-0.0101,,,,,,,,,,,
spelad,GR,2024/25,2024-09-29,19:30,AEK,Panathinaikos,2,0,H,15,7,4,4,1.5285,1.0549,skott,,6,1,20,17,6,4,0,0,0.5153,0.2664,0.2183,0.4781,0.2957,0.2261,1,1.88,3.9,4.5,2.01,3.45,4.25,0.5222,0.5104,0.3504,-0.931,0.2535,0,24,0.375,-0.1671,0.1601,0,0,,,-0.0822,-0.0015,,,,,,,,,,,
spelad,GR,2024/25,2024-09-29,15:00,OFI Crete,Panetolikos,1,2,A,7,10,4,4,1.0549,1.2325,skott,,4,2,13,14,2,4,0,0,0.4999,0.2829,0.2172,0.4331,0.3091,0.2578,1,1.98,3.5,4.35,2.25,3.3,3.8,0.4588,0.4337,-0.2511,0.6075,-0.2439,-1,16,-0.1875,-0.2435,-0.1039,0,0,,,-0.1742,0.0002,,,,,,,,,,,
spelad,GR,2024/25,2024-09-29,16:00,Olympiakos,Atromitos,2,0,H,12,4,7,2,1.8313,0.5571,skott,,5,5,19,7,2,1,0,0,0.77,0.1513,0.0787,0.6381,0.2231,0.1387,1,1.26,6.21,14,1.5,4.4,7.25,0.5547,0.509,0.3049,-0.0863,0.0404,1,14,1.7143,-0.0531,0.084,0,0,,,-0.3238,-0.0051,,,,,,,,,,,
spelad,GR,2024/25,2024-09-29,18:30,PAOK,Aris,0,1,A,12,9,3,8,1.1907,1.8139,skott,,5,5,8,12,2,3,0,0,0.557,0.2524,0.1906,0.6298,0.2352,0.135,1,1.73,3.8,5,1.57,4.3,7.09,0.5052,0.522,0.6199,-0.5437,0.1973,0,22,0.1364,-0.3793,0.0434,0,0,,,0.201,-0.0447,,,,,,,,,,,
spelad,GR,2024/25,2024-09-30,18:00,Lamia,Panserraikos,1,2,A,10,12,2,8,0.9122,1.9914,skott,,6,5,9,19,1,5,1,1,0.3823,0.2717,0.346,0.3659,0.3186,0.3155,1,2.56,3.5,2.9,2.71,3.2,3.1,0.4479,0.4095,-0.039,0.6078,0.1547,0,,,,,0,0,,,-0.0023,-0.0068,,,,,,,,,,,
spelad,GR,2024/25,2024-10-05,18:00,Aris,Lamia,2,0,H,9,7,7,2,1.6537,0.7346,skott,,4,1,11,18,1,3,0,0,0.6275,0.2231,0.1494,0.6971,0.1906,0.1122,1,1.51,4.35,7,1.4,5.25,9,0.5091,0.5627,0.4606,-0.5392,0.5934,1,14,0.8571,-0.1395,0.0147,0,0,,,0.1764,-0.0173,,,,,,,,,,,
spelad,GR,2024/25,2024-10-05,16:30,Atromitos,Volos NFC,1,2,A,9,4,3,4,1.0132,0.8773,skott,,5,1,13,21,1,6,1,1,0.5079,0.2907,0.2014,0.5191,0.3001,0.1808,1,1.88,3.5,4.8,1.9,3.5,5.31,0.4271,0.4625,-0.0932,-0.4509,-0.1309,-1,14,0,-0.0913,0.0007,0,0,,,0.0429,-0.0182,,,,,,,,,,,
spelad,GR,2024/25,2024-10-05,17:30,Panetolikos,AEK,1,0,H,9,16,6,5,1.4936,1.7478,skott,,4,4,14,15,4,4,0,0,0.0988,0.1789,0.7223,0.1025,0.1842,0.7134,1,10.5,5.75,1.35,9.5,5.19,1.38,0.53,0.5412,0.5275,-0.451,0.7092,0,14,-1.9286,-0.0445,-0.1333,0,0,,,0.0162,0.0344,,,,,,,,,,,
spelad,GR,2024/25,2024-10-06,15:00,Athens Kallithea,Asteras Tripolis,1,3,A,5,9,2,6,0.6163,1.4936,skott,,1,1,14,13,2,4,1,0,0.3885,0.3077,0.3038,0.3633,0.321,0.3157,1,2.5,3.22,3.14,2.65,3.25,3.05,0.4158,0.4462,0.1042,-0.5212,-0.0236,0,,,,,1,0,,,-0.0621,0.0126,,,,,,,,,,,
spelad,GR,2024/25,2024-10-06,18:30,Levadeiakos,PAOK,0,2,A,7,7,0,5,0.4144,1.2151,skott,,3,3,10,16,5,5,0,0,0.1317,0.209,0.6593,0.1444,0.234,0.6216,1,7.5,4.51,1.5,6.95,4.09,1.57,0.5,0.4524,-1.5376,1.5276,-0.5608,1,6,-2,-0.1134,0.1562,1,0,,,0.0631,0.0086,,,,,,,,,,,
spelad,GR,2024/25,2024-10-06,18:30,Panathinaikos,Olympiakos,0,0,D,14,13,6,6,1.7896,1.7304,skott,,6,7,13,15,3,4,0,0,0.3341,0.3195,0.3463,0.3299,0.3159,0.3542,1,2.84,3.4,2.74,2.92,3.25,2.75,0.4778,0.4768,-0.5985,0.9973,-0.6003,0,23,0.2609,0.472,0.12,0,0,,,-0.0163,0.0176,,,,,,,,,,,
spelad,GR,2024/25,2024-10-06,14:00,Panserraikos,OFI Crete,2,3,A,15,13,11,9,2.6495,2.2108,skott,,7,4,14,19,3,2,0,0,0.3535,0.3056,0.3408,0.3734,0.3148,0.3118,1,2.7,3.3,2.78,2.62,3.2,3.1,0.433,0.4362,-0.2819,0.2236,0.005,-1,3,0,0.0138,0.0226,0,0,,,0.0688,0.007,,,,,,,,,,,
spelad,GR,2024/25,2024-10-19,18:00,Atromitos,Panetolikos,0,2,A,15,8,10,6,2.4893,1.4344,skott,,8,2,0,0,1,0,0,0,0.5284,0.2798,0.1918,0.4856,0.3112,0.2033,1,1.85,3.55,4.93,2.08,3.3,4.74,0.4356,0.4156,-1.008,1.0894,-1.0526,0,19,0.3158,0.0463,-0.0327,0,0,,,-0.097,-0.0278,,,,,,,,,,,
spelad,GR,2024/25,2024-10-19,18:30,Lamia,Asteras Tripolis,0,0,D,8,6,3,3,0.954,0.8356,skott,,6,5,15,15,2,3,0,0,0.2745,0.2969,0.4286,0.2841,0.3179,0.398,1,3.47,3.4,2.21,3.45,3.2,2.42,0.4407,0.405,-0.0432,0.2266,-0.2932,1,17,0.5294,0.4972,0.1626,0,0,,,0.0497,-0.0157,,,,,,,,,,,
spelad,GR,2024/25,2024-10-19,15:00,Volos NFC,Panserraikos,0,1,A,11,12,7,7,1.7721,1.8313,skott,,8,5,9,20,3,4,0,0,0.4363,0.3015,0.2622,0.4059,0.3185,0.2756,1,2.2,3.25,3.7,2.41,3.15,3.49,0.4112,0.43,0.2286,0.2256,0.2953,1,3,2,0.7415,0.0554,0,0,,,-0.0742,-0.0182,,,,,,,,,,,
spelad,GR,2024/25,2024-10-20,18:30,AEK,PAOK,1,1,D,7,4,1,2,0.5745,0.5571,skott,,5,2,8,11,2,1,0,0,0.4481,0.2848,0.2671,0.4812,0.2681,0.2506,1,2.11,3.45,3.7,2.02,3.59,3.9,0.483,0.5013,-0.658,0.2247,-0.4634,1,24,-0.125,-0.1267,0.0882,0,0,,,0.0827,-0.017,,,,,,,,,,,
spelad,GR,2024/25,2024-10-20,18:00,Aris,Athens Kallithea,2,0,H,19,4,13,2,3.2065,0.5571,skott,,10,0,8,16,0,0,0,0,0.6201,0.2293,0.1506,0.6225,0.2421,0.1354,1,1.58,4.11,6.26,1.58,4,7.08,0.4921,0.4832,0.3401,0.1766,0.637,1,,,,,-1,0,,,0.02,-0.0299,,,,,,,,,,,
spelad,GR,2024/25,2024-10-20,16:00,OFI Crete,Panathinaikos,0,1,A,8,6,4,3,1.1141,0.8356,skott,,3,4,14,17,3,3,0,0,0.195,0.233,0.572,0.2005,0.239,0.5605,1,5.5,4.1,1.68,5,4.01,1.75,0.5274,0.559,0.591,-0.6484,0.6617,0,14,0,0.3763,0.1704,0,0,,,0.0225,0.015,,,,,,,,,,,
spelad,GR,2024/25,2024-10-20,14:00,Olympiakos,Levadeiakos,2,2,D,13,3,9,2,2.2108,0.4979,skott,,7,2,11,20,1,7,0,0,0.7532,0.158,0.0888,0.8084,0.1382,0.0534,1,1.25,6.25,14,1.19,7.17,18.98,0.5699,0.5567,0.972,-1.2042,0.1597,0,6,2.5,0.1544,0.0231,-1,0,,,0.1457,-0.0241,,,,,,,,,,,
spelad,GR,2024/25,2024-10-26,15:30,Levadeiakos,Lamia,2,2,D,9,12,6,4,1.4936,1.3509,skott,,3,2,14,15,3,1,0,0,0.4749,0.3038,0.2213,0.4641,0.3257,0.2102,1,2.02,3.34,4.27,2.1,3.15,4.57,0.395,0.3531,-0.5402,0.449,-0.1671,-1,7,-0.8571,-0.505,0.394,1,0,,,-0.0104,-0.0202,,,,,,,,,,,
spelad,GR,2024/25,2024-10-26,15:00,Panetolikos,Volos NFC,0,1,A,8,15,4,4,1.1141,1.5285,skott,,2,5,14,24,7,4,1,0,0.4906,0.2861,0.2233,0.3571,0.3359,0.307,1,1.99,3.35,4.24,2.7,3.05,3.15,0.4127,0.3824,0.9772,-1.7237,0.8182,0,14,0.2143,0.0164,0.0649,0,0,,,-0.3508,0.0185,,,,,,,,,,,
spelad,GR,2024/25,2024-10-26,18:00,Panserraikos,AEK,1,0,H,3,11,2,5,0.4979,1.4518,skott,,2,11,10,10,2,3,1,0,0.1256,0.1818,0.6926,0.1135,0.1742,0.7123,1,8,5.2,1.4,8.5,5.48,1.35,0.5827,0.5894,-0.2634,0.5803,0.2508,1,,,,,0,0,,,-0.0439,0.0146,,,,,,,,,,,
spelad,GR,2024/25,2024-10-27,15:00,Asteras Tripolis,Olympiakos,1,0,H,8,19,6,7,1.4344,2.2457,skott,,3,8,12,5,4,1,0,0,0.1259,0.2089,0.6652,0.1844,0.2447,0.5709,1,8,4.5,1.44,5.6,3.92,1.71,0.5026,0.491,-0.1266,-0.0434,0.3033,1,16,-2.25,-0.3173,0.0415,0,0,,,0.2114,0.0031,,,,,,,,,,,
spelad,GR,2024/25,2024-10-27,19:30,Athens Kallithea,Atromitos,0,3,A,6,13,3,7,0.8356,1.8905,skott,,4,7,23,14,2,4,0,0,0.3437,0.3011,0.3552,0.3059,0.304,0.3901,1,2.76,3.28,2.7,3.28,3.25,2.5,0.4341,0.4625,0.2472,-0.7605,0.0197,-1,,,,,1,0,,,-0.1104,-0.0233,,,,,,,,,,,
spelad,GR,2024/25,2024-10-27,16:00,Panathinaikos,Aris,1,1,D,10,8,5,1,1.3926,0.6337,skott,,5,2,12,14,2,3,0,0,0.5418,0.2693,0.1889,0.4804,0.2929,0.2266,1,1.77,3.75,5.5,2.12,3.35,4.24,0.4817,0.4651,-0.3958,0.2947,-0.9241,0,22,0.6818,0.2358,-0.0675,0,0,,,-0.1604,-0.0702,,,,,,,,,,,
spelad,GR,2024/25,2024-10-27,19:00,PAOK,OFI Crete,1,2,A,11,9,6,5,1.612,1.3334,skott,,5,4,15,18,4,4,0,0,0.7164,0.1691,0.1145,0.756,0.1531,0.0909,1,1.31,5.75,11,1.3,6.22,12,0.609,0.6311,0.039,-0.0274,-0.1691,0,14,1.9286,0.1589,0.0091,0,0,,,0.1026,-0.0229,,,,,,,,,,,
spelad,GR,2024/25,2024-11-02,18:30,Athens Kallithea,Panetolikos,1,1,D,16,7,5,3,1.7478,0.8948,skott,,6,5,12,16,0,1,0,0,0.3889,0.3051,0.3061,0.3219,0.3474,0.3307,1,2.45,3.25,3.1,3.05,3.1,2.91,0.4107,0.3705,-1.094,1.2494,-1.2503,-1,,,,,1,0,,,-0.1586,-0.0212,,,,,,,,,,,
spelad,GR,2024/25,2024-11-02,15:00,Olympiakos,Panserraikos,2,1,H,15,5,10,2,2.4893,0.6163,skott,,8,1,8,18,0,2,0,0,0.8154,0.1308,0.0538,0.8665,0.1005,0.033,1,1.17,7.6,20,1.16,9.75,29.12,0.6281,0.6705,-0.4813,0.1859,-0.9449,-1,,,,,0,0,,,0.1228,-0.0359,,,,,,,,,,,
spelad,GR,2024/25,2024-11-03,14:30,Aris,Levadeiakos,3,1,H,10,8,7,5,1.7129,1.2743,skott,,0,5,21,16,3,4,0,0,0.6041,0.2454,0.1505,0.6841,0.2147,0.1011,1,1.57,4.3,7.5,1.46,4.5,9.47,0.4453,0.5013,1.0136,-0.6026,0.8947,-1,4,0.75,-0.2411,-0.0049,-1,0,,,0.2095,-0.0375,,,,,,,,,,,
spelad,GR,2024/25,2024-11-03,18:30,Atromitos,AEK,0,1,A,7,6,3,2,0.8948,0.6754,skott,,5,2,17,15,1,3,0,0,0.1853,0.2359,0.5788,0.1886,0.233,0.5784,1,5.8,4.1,1.63,5.3,4.12,1.67,0.5105,0.5026,0.1755,-0.0261,0.616,-1,14,-1.5,0.0309,-0.1616,0,0,,,0.007,0.0021,,,,,,,,,,,
spelad,GR,2024/25,2024-11-03,18:30,Lamia,PAOK,1,2,A,6,14,4,8,0.9957,2.1098,skott,,1,9,16,11,2,1,0,0,0.1083,0.19,0.7017,0.1118,0.1952,0.693,1,9,5.1,1.37,8.55,5,1.41,0.5366,0.5323,-0.3929,0.3905,-0.0469,1,16,-2.8125,-0.384,-0.1174,0,0,,,0.0158,0.0218,,,,,,,,,,,
spelad,GR,2024/25,2024-11-03,15:00,Volos NFC,Panathinaikos,0,1,A,9,11,2,5,0.853,1.4518,skott,,2,6,15,22,4,3,1,0,0.14,0.2241,0.6359,0.1495,0.2402,0.6103,1,7,4.25,1.53,6.41,3.99,1.63,0.4817,0.4768,-0.1147,0.3902,0.3775,1,12,-1.75,-0.1448,0.0268,0,0,,,0.0444,0.0468,,,,,,,,,,,
spelad,GR,2024/25,2024-11-04,15:30,Asteras Tripolis,OFI Crete,3,0,H,10,11,6,4,1.5528,1.2917,skott,,6,5,10,12,3,4,0,0,0.4508,0.2826,0.2667,0.4064,0.2991,0.2945,1,2.15,3.45,3.55,2.37,3.3,3.27,0.4569,0.4436,-0.7688,0.5742,-0.7314,0,15,1,0.5128,-0.0288,0,0,,,-0.1167,-0.003,,,,,,,,,,,
spelad,GR,2024/25,2024-11-09,18:00,AEK,Asteras Tripolis,3,0,H,26,2,15,0,3.9411,0.1184,skott,,6,0,21,14,0,3,0,2,0.7276,0.1738,0.0986,0.7486,0.1649,0.0865,1,1.29,5.8,13,1.3,6.25,15,0.526,0.5501,-0.2122,0.483,-0.6738,1,16,1.875,0.3238,0.0032,0,0,,,0.0541,-0.0309,,,,,,,,,,,
spelad,GR,2024/25,2024-11-09,15:00,Panetolikos,Aris,2,1,H,8,5,4,2,1.1141,0.6163,skott,,7,4,15,7,2,2,0,1,0.2576,0.2964,0.446,0.2815,0.3036,0.4149,1,4.04,3.4,2.21,3.66,3.25,2.32,0.402,0.4025,0.3171,-0.8646,0.2477,1,12,-1.25,0.0462,-0.1708,0,0,,,0.0787,0.0086,,,,,,,,,,,
spelad,GR,2024/25,2024-11-09,16:45,Panserraikos,Atromitos,2,3,A,9,5,5,4,1.3334,0.9365,skott,,3,3,22,15,4,2,0,0,0.2804,0.328,0.3916,0.2705,0.3265,0.403,1,3.38,3.34,2.42,3.56,3.2,2.39,0.4356,0.4156,0.4546,-0.2769,0.5043,1,3,0,-0.3162,0.7028,0,0,,,-0.0311,0.0054,,,,,,,,,,,
spelad,GR,2024/25,2024-11-10,14:30,Levadeiakos,Volos NFC,3,2,H,13,3,7,2,1.8905,0.4979,skott,,6,1,18,24,2,3,0,0,0.4178,0.2992,0.2831,0.3793,0.3322,0.2885,1,2.3,3.25,3.4,2.6,3.1,3.34,0.391,0.3714,-0.1739,-0.1815,-0.1616,0,,,,,0,0,,,-0.0823,0.0053,,,,,,,,,,,
spelad,GR,2024/25,2024-11-10,14:00,OFI Crete,Athens Kallithea,2,2,D,9,20,6,8,1.4936,2.465,skott,,2,7,17,17,2,2,0,0,0.493,0.2697,0.2373,0.5223,0.2746,0.2032,1,1.97,3.52,4.01,1.86,3.7,4.74,0.4468,0.4742,0.7911,-0.4472,0.9839,-2,,,,,0,0,,,0.0925,-0.023,,,,,,,,,,,
spelad,GR,2024/25,2024-11-10,17:30,Panathinaikos,Lamia,1,0,H,11,3,5,3,1.4518,0.658,skott,,7,1,15,16,3,4,0,1,0.7181,0.1656,0.1163,0.8102,0.1282,0.0617,1,1.31,6,11,1.21,7.46,15.5,0.5532,0.6225,0.6207,-0.301,0.3862,0,16,1.875,0.2565,0.0053,0,0,,,0.2387,-0.0439,,,,,,,,,,,
spelad,GR,2024/25,2024-11-10,18:30,PAOK,Olympiakos,2,3,A,11,15,5,12,1.4518,2.8096,skott,,4,5,5,10,2,1,0,0,0.3596,0.3073,0.3331,0.4355,0.3065,0.258,1,2.65,3.34,2.85,2.22,3.28,3.73,0.4569,0.4613,0.6521,-0.7591,0.459,-1,24,-0.625,-0.1551,-0.0751,0,0,,,0.2268,-0.0208,,,,,,,,,,,
spelad,GR,2024/25,2024-11-22,17:30,Athens Kallithea,Panserraikos,1,2,A,17,14,6,4,1.9671,1.4693,skott,,8,1,21,16,5,5,1,0,0.4598,0.2957,0.2445,0.433,0.3071,0.2598,1,2.12,3.42,3.93,2.24,3.25,3.7,0.4362,0.4362,-0.4999,0.4797,-0.8005,-1,,,,,0,0,,,-0.0688,-0.0149,,,,,,,,,,,
spelad,GR,2024/25,2024-11-23,17:30,Aris,Volos NFC,0,1,A,9,2,1,2,0.6929,0.4387,skott,,3,0,16,28,3,4,0,0,0.6042,0.2228,0.173,0.6307,0.224,0.1453,1,1.56,4.3,6.5,1.52,4.55,7.5,0.5,0.5,0.7272,-0.7819,0.5619,1,12,1.5,0.2861,-0.2495,0,0,,,0.0807,0.0169,,,,,,,,,,,
spelad,GR,2024/25,2024-11-23,15:00,Lamia,OFI Crete,1,1,D,10,9,3,5,1.0724,1.3334,skott,,5,6,23,16,1,2,0,0,0.3312,0.3179,0.3509,0.2628,0.3154,0.4219,1,2.86,3.3,2.7,3.66,3.3,2.51,0.4381,0.4146,-0.7353,0.249,-0.6735,0,15,-0.8,-0.2435,0.0345,0,0,,,-0.2079,0.0654,,,,,,,,,,,
spelad,GR,2024/25,2024-11-24,17:30,Asteras Tripolis,PAOK,1,2,A,5,12,4,7,0.9365,1.8313,skott,,4,4,15,15,2,1,0,0,0.1671,0.2363,0.5966,0.1552,0.2292,0.6156,1,6.25,3.99,1.63,6.5,4.19,1.56,0.4648,0.482,0.4152,-0.5252,0.7992,1,16,-1.3125,0.0856,-0.042,0,0,,,-0.043,0.0031,,,,,,,,,,,
spelad,GR,2024/25,2024-11-24,18:30,Olympiakos,AEK,4,1,H,11,6,9,3,2.0924,0.8356,skott,,2,0,13,10,3,1,0,1,0.4386,0.2845,0.277,0.4223,0.3018,0.2759,1,2.2,3.4,3.42,2.28,3.35,3.49,0.4648,0.4562,-0.5146,0.7572,-0.1531,-1,24,0.875,0.2882,0.0078,0,0,,,-0.0314,-0.0075,,,,,,,,,,,
spelad,GR,2024/25,2024-11-24,15:00,Panetolikos,Panathinaikos,1,2,A,19,16,14,12,3.3666,2.8688,skott,,2,8,2,3,4,3,1,0,0.1712,0.2536,0.5752,0.1715,0.2543,0.5741,1,5.6,3.72,1.7,5.61,3.77,1.7,0.4378,0.4462,0.4649,-0.9436,0.7778,1,14,-1.2857,0.0413,-0.1069,0,0,,,0.0017,0.0247,,,,,,,,,,,
spelad,GR,2024/25,2024-11-25,16:00,Atromitos,Levadeiakos,2,1,H,5,8,5,4,1.0967,1.1141,skott,,4,6,10,14,1,4,0,0,0.5485,0.2673,0.1843,0.4879,0.3013,0.2108,1,1.77,3.6,5.25,2.05,3.3,4.98,0.4205,0.378,0.4789,-0.4347,0.1143,1,7,1.7143,0.5289,-0.1461,0,0,,,-0.1477,0.0024,,,,,,,,,,,
spelad,GR,2024/25,2024-11-30,18:30,AEK,Aris,4,0,H,20,3,5,0,1.9846,0.1776,skott,,7,0,17,20,2,3,0,0,0.6496,0.2201,0.1303,0.6735,0.2116,0.1149,1,1.46,4.3,7.5,1.42,4.6,8.33,0.4753,0.518,-0.7155,0.8217,-0.9958,-1,22,1.0909,0.0822,-0.0743,0,0,,,0.063,-0.0177,,,,,,,,,,,
spelad,GR,2024/25,2024-11-30,17:30,Levadeiakos,Panetolikos,1,1,D,8,4,2,4,0.7938,0.8773,skott,,5,0,18,14,7,5,1,1,0.3837,0.3257,0.2907,0.4297,0.3285,0.2418,1,2.5,3.2,3.26,2.35,3.05,3.99,0.359,0.3654,-1.0182,1.1066,-0.8267,-1,7,0,0.1284,0.1093,0,0,,,0.1409,-0.0232,,,,,,,,,,,
spelad,GR,2024/25,2024-11-30,15:00,Volos NFC,Lamia,0,0,D,10,9,6,4,1.5528,1.1733,skott,,6,4,18,19,4,3,0,0,0.4757,0.2877,0.2366,0.4969,0.3074,0.1957,1,2,3.35,4.1,1.99,3.2,4.9,0.4173,0.3945,0.5925,-0.0426,0.7054,0,13,0.9231,0.369,0.2066,0,0,,,0.0834,-0.0331,,,,,,,,,,,
spelad,GR,2024/25,2024-12-01,15:00,OFI Crete,Olympiakos,0,2,A,10,13,3,5,1.0724,1.5702,skott,,4,6,17,20,2,3,0,0,0.1196,0.1952,0.6852,0.1009,0.1859,0.7132,1,8.5,4.81,1.42,9.57,5.17,1.37,0.5558,0.5501,0.2377,-0.3831,0.0542,1,14,-2.5714,-0.2649,-0.1786,0,0,,,-0.0653,0.0223,,,,,,,,,,,
spelad,GR,2024/25,2024-12-01,18:30,Panathinaikos,Atromitos,1,1,D,9,4,4,2,1.1733,0.5571,skott,,6,1,11,23,1,6,0,0,0.6473,0.2076,0.1451,0.6419,0.2169,0.1413,1,1.5,4.52,7,1.5,4.41,7.21,0.4895,0.4806,0.5914,-0.3119,0.2136,1,14,1.5,0.461,-0.2046,0,0,,,-0.007,-0.0127,,,,,,,,,,,
spelad,GR,2024/25,2024-12-01,13:30,Panserraikos,Asteras Tripolis,2,1,H,20,14,15,11,3.586,2.5903,skott,,7,5,9,13,2,1,0,0,0.3329,0.2993,0.3678,0.385,0.3319,0.2831,1,2.88,3.3,2.6,2.64,3.05,3.4,0.4267,0.4075,-0.0999,0.6475,0.288,2,3,1,0.5936,-0.3037,0,0,,,0.1888,-0.0098,,,,,,,,,,,
spelad,GR,2024/25,2024-12-01,17:00,PAOK,Athens Kallithea,2,2,D,8,9,5,4,1.2743,1.1733,skott,,7,4,12,15,1,5,0,0,0.7226,0.163,0.1144,0.7682,0.1457,0.0861,1,1.29,6.4,13,1.25,6.54,12,0.5699,0.5955,0.6063,-0.6879,0.2637,-2,,,,,0,0,,,0.1194,-0.0139,,,,,,,,,,,
spelad,GR,2024/25,2024-12-07,17:30,Aris,Atromitos,2,1,H,12,16,10,14,2.3117,3.1891,skott,,1,5,26,13,3,3,0,0,0.5166,0.2709,0.2125,0.4563,0.3167,0.2271,1,1.88,3.49,4.75,2.23,3.4,4.24,0.4256,0.4005,0.2677,-0.0424,0.1233,1,13,0.2308,-0.2297,0.0211,0,0,,,-0.1353,-0.0119,,,,,,,,,,,
spelad,GR,2024/25,2024-12-07,15:00,Olympiakos,Volos NFC,3,0,H,15,1,8,0,2.169,0.0592,skott,,5,1,16,11,0,2,0,0,0.8479,0.0985,0.0536,0.8245,0.1211,0.0544,1,1.14,9.55,23,1.18,7.9,17.57,0.629,0.607,0.001,0.1572,-0.0389,-1,13,2.3077,0.0721,0.078,0,0,,,-0.0476,-0.03,,,,,,,,,,,
spelad,GR,2024/25,2024-12-08,17:00,Asteras Tripolis,Panathinaikos,0,1,A,14,16,6,7,1.7896,2.0681,skott,,6,9,19,11,5,2,0,0,0.1799,0.2487,0.5713,0.1566,0.2367,0.6067,1,5.75,3.79,1.71,6.5,4.05,1.65,0.4378,0.4768,-0.0051,-0.8773,0.1922,0,17,0.1765,0.4502,0.0643,0,0,,,-0.0819,-0.0009,,,,,,,,,,,
spelad,GR,2024/25,2024-12-08,18:30,Lamia,Panetolikos,0,1,A,11,6,9,2,2.0924,0.6754,skott,,5,1,14,9,2,4,0,0,0.3229,0.3331,0.344,0.3722,0.3492,0.2786,1,2.94,3.2,2.76,2.8,2.8,3.7,0.3534,0.2969,-0.9634,0.5936,-1.0875,0,19,0.4737,0.2322,0.1009,0,0,,,0.1639,0.0152,,,,,,,,,,,
spelad,GR,2024/25,2024-12-08,15:00,OFI Crete,AEK,1,2,A,4,7,4,5,0.8773,1.2151,skott,,0,14,11,16,5,5,1,0,0.1336,0.2003,0.6661,0.1034,0.1725,0.724,1,7.5,4.7,1.46,9.48,5.62,1.43,0.5379,0.6055,-0.1105,0.2577,0.1999,-1,15,-1.6,0.052,-0.1387,0,0,,,-0.1183,0.0301,,,,,,,,,,,
spelad,GR,2024/25,2024-12-08,13:30,Panserraikos,PAOK,1,4,A,4,19,3,14,0.7172,3.3666,skott,,4,7,10,19,3,1,1,0,0.1109,0.1839,0.7052,0.1126,0.1897,0.6977,1,10.5,5.25,1.35,8.65,5.04,1.4,0.5558,0.5663,0.6556,-0.3182,1.4758,0,3,-3,-0.4145,-0.1608,0,0,,,0.0109,0.0308,,,,,,,,,,,
spelad,GR,2024/25,2024-12-09,15:30,Athens Kallithea,Levadeiakos,2,4,A,8,8,6,6,1.4344,1.4344,skott,,6,5,13,23,3,8,0,0,0.3802,0.3346,0.2852,0.3914,0.3286,0.2799,1,2.49,3.1,3.32,2.48,3.1,3.44,0.39,0.393,-0.1936,0.134,-0.4468,-1,,,,,0,0,,,0.0276,-0.0025,,,,,,,,,,,
spelad,GR,2024/25,2024-12-14,17:30,Atromitos,OFI Crete,0,0,D,9,2,3,0,1.0132,0.1184,skott,,4,2,17,10,2,4,0,0,0.5022,0.2713,0.2264,0.5366,0.2825,0.1809,1,1.96,3.54,4.33,1.84,3.55,5.46,0.4545,0.4716,-0.0588,-0.0553,-0.0931,1,17,-0.1765,-0.1969,0.2875,0,0,,,0.1143,-0.025,,,,,,,,,,,
spelad,GR,2024/25,2024-12-14,15:00,Lamia,AEK,0,1,A,2,11,1,3,0.2785,1.1316,skott,,2,8,15,18,2,2,0,0,0.0763,0.1614,0.7623,0.0742,0.1699,0.7559,1,13,6,1.26,12.94,5.65,1.3,0.5558,0.5232,-0.5856,0.151,0.0588,0,17,-2.4706,-0.2687,-0.002,0,0,,,0.0022,0.0454,,,,,,,,,,,
spelad,GR,2024/25,2024-12-14,18:30,Volos NFC,Asteras Tripolis,2,1,H,4,12,3,6,0.7172,1.6712,skott,,1,10,12,16,4,2,0,0,0.3633,0.3338,0.3029,0.4516,0.3133,0.2352,1,2.63,3.1,3.13,2.46,3.15,4.09,0.3762,0.3921,0.0371,0.6283,-0.0202,1,14,-0.8571,-0.1862,-0.0036,0,0,,,0.2443,-0.0706,,,,,,,,,,,
spelad,GR,2024/25,2024-12-15,13:30,Aris,Panserraikos,1,0,H,22,15,13,11,3.3841,2.6495,skott,,6,3,0,0,6,5,1,0,0.6347,0.2205,0.1447,0.5674,0.2613,0.1712,1,1.55,4.33,6.5,1.69,4.07,5.6,0.5131,0.4858,-0.1217,0.1755,-0.6255,1,3,2,0.4738,0.0569,0,0,,,-0.1611,0.0007,,,,,,,,,,,
spelad,GR,2024/25,2024-12-15,16:00,Levadeiakos,Panathinaikos,0,1,A,3,14,2,5,0.4979,1.6294,skott,,1,11,17,16,2,1,0,0,0.1252,0.2179,0.6568,0.1223,0.2217,0.656,1,8,4.5,1.45,7.83,4.32,1.5,0.4607,0.4499,-0.764,0.3985,-0.2032,-1,7,-1.2857,0.1494,0.0693,0,0,,,-0.005,0.0362,,,,,,,,,,,
spelad,GR,2024/25,2024-12-15,17:00,Panetolikos,PAOK,0,1,A,5,11,2,8,0.6163,1.9323,skott,,3,7,12,14,4,3,0,0,0.1392,0.2208,0.64,0.1582,0.2358,0.6059,1,7,4.33,1.49,6.8,4.33,1.58,0.5052,0.5065,0.5602,-0.6722,0.9902,0,15,-3,-0.4898,-0.1895,0,0,,,0.0722,-0.0189,,,,,,,,,,,
spelad,GR,2024/25,2024-12-16,18:30,Athens Kallithea,Olympiakos,1,1,D,2,8,1,3,0.2785,0.954,skott,,5,4,10,13,2,3,0,0,0.1098,0.1867,0.7036,0.091,0.1764,0.7326,1,10,5.3,1.37,11,5.5,1.32,0.517,0.5412,-0.8645,0.8849,-0.8529,-2,,,,,0,0,,,-0.0666,0.0186,,,,,,,,,,,
spelad,GR,2024/25,2024-12-21,17:00,Olympiakos,Lamia,1,0,H,17,5,5,3,1.807,0.7764,skott,,8,0,7,12,0,3,0,0,0.834,0.1125,0.0535,0.8569,0.1025,0.0405,1,1.17,8.38,21,1.14,9.36,23.88,0.5929,0.5838,0.6035,-0.087,0.3329,-2,17,2.6471,0.3279,-0.1482,0,0,,,0.0589,-0.0472,,,,,,,,,,,
spelad,GR,2024/25,2024-12-22,19:00,AEK,Levadeiakos,1,1,D,26,4,10,2,3.1404,0.5571,skott,,9,2,18,14,2,7,0,0,0.8123,0.126,0.0617,0.8036,0.1341,0.0623,1,1.19,7.5,18,1.21,7.15,17,0.5861,0.5812,0.3095,0.1412,-0.1541,1,7,3,0.552,-0.1599,0,0,,,-0.018,-0.0282,,,,,,,,,,,
spelad,GR,2024/25,2024-12-22,16:00,Panathinaikos,Athens Kallithea,1,0,H,41,3,31,2,7.3913,0.4979,skott,,17,3,17,17,5,5,0,1,0.788,0.1461,0.066,0.7972,0.1443,0.0585,1,1.22,6.6,15,1.2,7,17,0.5711,0.5873,1.5311,-1.055,0.9224,1,,,,,0,0,,,0.0259,-0.0107,,,,,,,,,,,
spelad,GR,2024/25,2024-12-22,13:30,Panserraikos,Panetolikos,0,0,D,13,11,3,4,1.2499,1.2917,skott,,4,6,12,10,3,1,0,0,0.403,0.3055,0.2914,0.3792,0.3367,0.2841,1,2.42,3.22,3.25,2.54,2.95,3.56,0.4097,0.4015,0.1499,0.2149,0.3325,0,4,-2.25,-0.95,-0.0662,0,0,,,-0.0404,0.0087,,,,,,,,,,,
spelad,GR,2024/25,2024-12-22,17:30,PAOK,Atromitos,3,0,H,12,4,7,1,1.8313,0.3969,skott,,7,6,10,15,2,4,0,1,0.6143,0.2161,0.1697,0.7193,0.1798,0.1008,1,1.53,4.5,7,1.35,5.32,11,0.4934,0.5285,0.2326,-0.1365,-0.2898,-1,15,1.6,-0.0064,-0.0138,0,0,,,0.279,-0.0114,,,,,,,,,,,
spelad,GR,2024/25,2024-12-23,13:00,Asteras Tripolis,Aris,2,1,H,17,12,12,8,2.928,1.9914,skott,,1,3,19,19,1,3,0,0,0.2787,0.3057,0.4156,0.3255,0.3255,0.3491,1,3.4,3.3,2.43,2.96,3.05,2.76,0.4278,0.3921,-0.5203,-0.3553,-0.0793,1,15,-1.6,-0.4118,-0.0907,0,0,,,0.1601,-0.0056,,,,,,,,,,,
spelad,GR,2024/25,2024-12-23,16:00,OFI Crete,Volos NFC,4,0,H,11,7,7,2,1.7721,0.7346,skott,,3,5,22,9,6,4,0,1,0.4264,0.2968,0.2768,0.4335,0.3105,0.256,1,2.22,3.4,3.65,2.22,3.29,3.76,0.4479,0.445,-0.6306,0.6091,-0.3223,0,14,0.2143,0.0414,-0.0744,0,0,,,0.0351,-0.0018,,,,,,,,,,,
spelad,GR,2024/25,2025-01-04,15:00,Athens Kallithea,Lamia,2,1,H,12,9,4,4,1.3509,1.1733,skott,,3,4,14,9,0,0,0,1,0.41,0.3065,0.2835,0.4598,0.3172,0.223,1,2.37,3.2,3.35,2.35,3.1,4.31,0.392,0.3771,-0.0039,-0.1556,-0.1026,-1,,,,,0,0,,,0.1603,-0.036,,,,,,,,,,,
spelad,GR,2024/25,2025-01-05,14:30,Aris,OFI Crete,0,2,A,10,6,2,2,0.9122,0.6754,skott,,12,2,16,15,5,3,2,0,0.5884,0.2408,0.1709,0.5542,0.2649,0.1809,1,1.63,3.95,5.6,1.73,3.9,5.6,0.4934,0.478,0.2089,0.0616,-0.3805,0,15,1,0.1215,0.0009,0,0,,,-0.0784,-0.0243,,,,,,,,,,,
spelad,GR,2024/25,2025-01-05,17:30,Atromitos,Asteras Tripolis,0,1,A,7,13,1,1,0.5745,0.9297,skott,,4,8,13,13,2,4,0,0,0.4775,0.3011,0.2214,0.4557,0.341,0.2033,1,2.02,3.4,4.27,2.15,3.1,4.73,0.3965,0.3507,0.0232,0.4041,0.0071,1,19,0.3158,0.163,0.0516,0,0,,,-0.0254,-0.0112,,,,,,,,,,,
spelad,GR,2024/25,2025-01-05,13:00,Levadeiakos,Panserraikos,1,0,H,19,6,3,0,1.6051,0.3552,skott,,5,4,10,16,5,2,1,1,0.4547,0.3101,0.2353,0.4787,0.3094,0.2119,1,2.12,3.34,4.02,2.03,3.11,4.54,0.4133,0.4177,-0.3014,0.0842,-0.2666,0,,,,,0,0,,,0.0714,-0.0259,,,,,,,,,,,
spelad,GR,2024/25,2025-01-05,18:30,Panathinaikos,PAOK,2,1,H,19,3,10,2,2.7261,0.4979,skott,,9,2,13,17,1,5,0,1,0.4306,0.3017,0.2676,0.4274,0.3024,0.2701,1,2.2,3.4,3.54,2.26,3.27,3.56,0.4442,0.4691,0.5,0.6429,0.5304,0,25,-0.72,-0.0408,-0.0009,0,0,,,-0.0089,-0.0232,,,,,,,,,,,
spelad,GR,2024/25,2025-01-05,15:00,Volos NFC,AEK,2,4,A,7,19,4,9,1.0549,2.5659,skott,,3,5,16,14,1,2,0,0,0.0977,0.1735,0.7288,0.0784,0.1715,0.7502,1,11,5.42,1.32,13,5.6,1.28,0.5419,0.522,0.3118,-0.3044,0.3434,-1,13,-1.3846,0.2837,-0.0973,0,0,,,-0.06,0.0123,,,,,,,,,,,
spelad,GR,2024/25,2025-01-06,16:00,Panetolikos,Olympiakos,0,2,A,4,18,1,6,0.3969,2.0263,skott,,0,8,11,15,3,1,1,0,0.1039,0.1983,0.6978,0.0976,0.2072,0.6952,1,9.07,4.8,1.41,9.83,5.1,1.4,0.4934,0.4625,-0.2451,-0.1865,-0.191,-1,15,-2.8,-0.3491,-0.0935,0,0,,,-0.0099,0.0357,,,,,,,,,,,
spelad,GR,2024/25,2025-01-11,18:30,Olympiakos,Aris,2,1,H,15,5,5,3,1.6886,0.7764,skott,,6,0,10,11,2,3,0,1,0.7287,0.1822,0.0892,0.7607,0.1708,0.0685,1,1.36,5.16,10.54,1.3,5.61,14,0.5156,0.5039,0.6037,-0.6393,1.1035,-1,23,1.4348,0.1991,-0.0718,0,0,,,0.0847,-0.0601,,,,,,,,,,,
spelad,GR,2024/25,2025-01-12,18:30,AEK,Athens Kallithea,2,0,H,25,6,4,1,2.1204,0.5153,skott,,9,3,14,15,2,3,1,0,0.826,0.1163,0.0577,0.8303,0.1179,0.0518,1,1.17,10,21,1.18,9,20,0.6253,0.5909,0.817,0.3261,0.3358,-1,,,,,0,0,,,0.0144,-0.0524,,,,,,,,,,,
spelad,GR,2024/25,2025-01-12,15:00,Lamia,Atromitos,0,3,A,11,8,2,5,0.9714,1.2743,skott,,6,1,15,16,2,3,0,0,0.2533,0.32,0.4267,0.2512,0.3461,0.4026,1,3.74,3.14,2.25,3.87,2.95,2.39,0.3551,0.3031,-0.5526,-0.0455,-0.2613,1,19,-0.6316,-0.2523,0.2653,0,0,,,0.02,0.001,,,,,,,,,,,
spelad,GR,2024/25,2025-01-12,14:30,Panserraikos,Panathinaikos,2,2,D,10,12,3,5,1.0724,1.511,skott,,1,6,18,12,5,2,0,1,0.1285,0.2055,0.666,0.1265,0.2086,0.6649,1,8,4.57,1.46,9.5,4.93,1.44,0.5222,0.5232,-0.9117,-0.7121,-0.6896,0,3,-3,-0.4385,-0.1733,0,0,,,-0.0029,-0.0004,,,,,,,,,,,
spelad,GR,2024/25,2025-01-12,17:30,PAOK,Volos NFC,1,2,A,17,9,4,6,1.6469,1.4936,skott,,15,3,6,11,2,2,0,0,0.7887,0.1399,0.0714,0.8259,0.1222,0.0518,1,1.24,7.5,16,1.19,8,19,0.5861,0.6129,0.1744,-0.5747,0.0726,0,13,2.5385,0.3052,-0.0165,0,0,,,0.0941,-0.0528,,,,,,,,,,,
spelad,GR,2024/25,2025-01-13,16:00,Asteras Tripolis,Panetolikos,2,0,H,9,11,4,6,1.1733,1.612,skott,,4,4,12,13,1,2,0,0,0.4513,0.3057,0.243,0.552,0.2841,0.1639,1,2.14,3.22,3.9,1.92,3.4,5.86,0.3634,0.399,-0.2184,0.0762,0.0123,1,19,0.9474,0.095,0.2818,0,0,,,0.2805,-0.0488,,,,,,,,,,,
spelad,GR,2024/25,2025-01-13,16:00,OFI Crete,Levadeiakos,0,0,D,23,11,5,3,2.1622,1.1316,skott,,3,5,10,15,2,7,0,0,0.4402,0.2886,0.2712,0.4333,0.3079,0.2588,1,2.15,3.45,3.7,2.25,3.2,3.72,0.4107,0.43,-0.118,-0.0405,-0.3072,0,6,0,-0.2506,0.0402,0,0,,,-0.0015,-0.0085,,,,,,,,,,,
spelad,GR,2024/25,2025-01-18,15:00,Athens Kallithea,Volos NFC,2,0,H,13,13,4,2,1.4101,1.0898,skott,,3,3,10,28,3,2,0,0,0.4001,0.3151,0.2848,0.3964,0.3345,0.2691,1,2.41,3.2,3.33,2.44,3,3.58,0.39,0.3886,-0.7982,-0.3244,-0.4708,0,,,,,0,0,,,0.0083,-0.0036,,,,,,,,,,,
spelad,GR,2024/25,2025-01-19,17:00,Aris,PAOK,0,0,D,12,15,2,5,1.0306,1.6886,skott,,5,3,8,15,1,1,0,0,0.2717,0.2717,0.4567,0.2229,0.2793,0.4978,1,3.7,3.48,2.17,4.5,3.44,1.98,0.4557,0.478,-0.3115,0.779,-0.2525,1,23,0,0.4239,0.0313,0,0,,,-0.1386,0.0233,,,,,,,,,,,
spelad,GR,2024/25,2025-01-19,13:00,Atromitos,Olympiakos,1,2,A,5,17,2,8,0.6163,2.2874,skott,,3,5,13,9,1,2,0,0,0.1369,0.2387,0.6244,0.1204,0.2442,0.6355,1,7,4.03,1.57,8,4.1,1.55,0.4267,0.3886,-0.4977,0.3481,-0.5267,-1,15,-1.8,-0.0715,0.0635,0,0,,,-0.0439,0.0367,,,,,,,,,,,
spelad,GR,2024/25,2025-01-19,14:30,Levadeiakos,Asteras Tripolis,1,2,A,6,10,3,3,0.8356,1.0724,skott,,2,5,16,22,1,4,0,0,0.3777,0.3214,0.301,0.332,0.3633,0.3047,1,2.51,3.1,3.19,2.9,2.8,3.16,0.3643,0.3117,0.3129,-0.373,0.2862,0,8,0,0.3381,0.2095,0,0,,,-0.0951,0.0165,,,,,,,,,,,
spelad,GR,2024/25,2025-01-19,18:30,Panathinaikos,AEK,1,0,H,5,9,2,2,0.6163,0.853,skott,,0,7,14,15,4,2,0,0,0.3331,0.3033,0.3637,0.3128,0.318,0.3692,1,2.85,3.3,2.72,3.08,3.2,2.72,0.4304,0.4156,0.3197,0.5774,0.2352,0,25,-0.48,-0.0323,0.1419,0,0,,,-0.0459,0.0113,,,,,,,,,,,
spelad,GR,2024/25,2025-01-19,14:30,Panetolikos,OFI Crete,1,0,H,10,9,4,4,1.2325,1.1733,skott,,4,4,13,14,1,6,0,0,0.3902,0.3039,0.3059,0.3274,0.3463,0.3263,1,2.45,3.28,3.15,2.94,2.91,3.08,0.422,0.3705,-0.1255,0.6008,-0.0107,0,17,0.3529,0.4398,-0.116,0,0,,,-0.146,0.0341,,,,,,,,,,,
spelad,GR,2024/25,2025-01-20,16:00,Panserraikos,Lamia,2,0,H,17,8,6,1,1.9671,0.6337,skott,,4,3,19,15,2,3,0,0,0.4827,0.2893,0.228,0.5134,0.2945,0.192,1,2.02,3.35,4.15,1.93,3.32,5,0.399,0.405,0.7803,-0.7298,0.5573,0,3,3,1.7452,-0.3201,0,0,,,0.0974,-0.0379,,,,,,,,,,,
spelad,GR,2024/25,2025-01-24,18:00,Volos NFC,Atromitos,0,1,A,9,6,2,2,0.853,0.6754,skott,,4,2,23,21,5,3,0,1,0.2936,0.3403,0.3661,0.3186,0.3461,0.3353,1,3.28,3.02,2.63,3.1,2.9,2.88,0.3303,0.3038,0.5504,0.2574,0.5414,1,15,0.2,0.2284,-0.0193,0,0,,,0.0809,0.013,,,,,,,,,,,
spelad,GR,2024/25,2025-01-25,18:00,AEK,Panetolikos,1,0,H,15,5,4,1,1.5285,0.4561,skott,,7,4,15,8,1,3,0,0,0.808,0.1304,0.0617,0.8159,0.1301,0.0541,1,1.2,7.19,19,1.22,7.34,19,0.5733,0.5641,0.1393,0.1148,-0.2041,0,15,1.6,0.011,-0.1367,0,0,,,0.0234,-0.0435,,,,,,,,,,,
spelad,GR,2024/25,2025-01-25,15:00,Asteras Tripolis,Athens Kallithea,1,0,H,15,8,5,3,1.6886,0.954,skott,,7,3,15,8,3,3,0,1,0.4977,0.284,0.2184,0.5479,0.2837,0.1685,1,1.96,3.42,4.4,1.9,3.52,5.69,0.4101,0.4085,0.1723,0.5192,0.3381,-1,,,,,0,0,,,0.1502,-0.0886,,,,,,,,,,,
spelad,GR,2024/25,2025-01-25,15:00,OFI Crete,Panserraikos,3,2,H,22,16,10,5,2.9037,1.7478,skott,,9,8,14,16,7,3,1,0,0.4591,0.308,0.2329,0.5296,0.2723,0.1981,1,2.1,3.48,4.06,1.83,3.68,4.84,0.4635,0.4832,-0.416,0.0732,-0.2514,1,4,0.75,0.4101,-0.0617,0,0,,,0.176,-0.033,,,,,,,,,,,
spelad,GR,2024/25,2025-01-26,15:00,Lamia,Aris,0,2,A,5,18,1,8,0.4561,2.3466,skott,,3,7,7,16,1,2,1,0,0.2217,0.2878,0.4905,0.2016,0.3086,0.4897,1,4.75,3.3,1.96,4.76,3.15,2.17,0.3753,0.3419,-0.6396,0.3805,-0.1364,-1,15,-1,0.0814,0.001,0,0,,,-0.0393,0.0342,,,,,,,,,,,
spelad,GR,2024/25,2025-01-26,18:30,Olympiakos,Panathinaikos,1,1,D,10,8,4,4,1.2325,1.1141,skott,,2,2,17,17,3,7,1,1,0.5222,0.278,0.1998,0.5057,0.2966,0.1977,1,1.94,3.55,4.73,2,3.32,5,0.4416,0.4075,-0.0931,-1.0086,-0.0608,0,24,-0.25,-0.5832,0.1435,0,0,,,-0.0308,-0.0241,,,,,,,,,,,
spelad,GR,2024/25,2025-01-26,17:30,PAOK,Levadeiakos,1,0,H,13,10,1,5,0.9297,1.3926,skott,,10,3,10,11,0,4,0,0,0.7241,0.1724,0.1036,0.7348,0.174,0.0912,1,1.31,5.6,13,1.34,5.5,10.5,0.5584,0.5323,-0.0378,0.3471,-0.3585,0,7,2.1429,0.092,0.1005,0,0,,,0.0338,-0.0355,,,,,,,,,,,
spelad,GR,2024/25,2025-02-01,16:00,Panathinaikos,OFI Crete,3,2,H,20,8,10,5,2.7853,1.2743,skott,,13,1,10,11,0,0,0,0,0.724,0.1749,0.1011,0.7296,0.171,0.0995,1,1.32,5.6,11,1.34,6,10.5,0.5722,0.5905,0.4118,1.0042,0.1438,-1,15,0.2,-0.4383,0.1431,0,0,,,0.0128,-0.033,,,,,,,,,,,
spelad,GR,2024/25,2025-02-01,17:30,Panserraikos,Volos NFC,1,1,D,8,13,4,5,1.1141,1.5702,skott,,4,4,14,17,6,5,0,0,0.4367,0.2925,0.2708,0.4226,0.3149,0.2625,1,2.25,3.3,3.5,2.28,3.2,3.67,0.4282,0.4337,-0.0621,-0.6765,0.0573,-1,4,-0.75,-0.134,-0.038,0,0,,,-0.02,0.006,,,,,,,,,,,
spelad,GR,2024/25,2025-02-02,15:00,Athens Kallithea,Aris,0,1,A,16,11,1,1,1.1072,0.8113,skott,,10,4,15,20,4,3,0,0,0.2337,0.2977,0.4686,0.2718,0.3134,0.4148,1,4.33,3.34,2.02,3.6,3.1,2.35,0.3965,0.3955,-0.0073,-1.0228,0.2061,1,,,,,0,0,,,0.13,0.0184,,,,,,,,,,,
spelad,GR,2024/25,2025-02-02,14:30,Levadeiakos,Olympiakos,0,1,A,7,14,3,3,0.8948,1.3091,skott,,3,6,11,9,4,1,0,0,0.1232,0.2147,0.6621,0.1069,0.2091,0.684,1,8.5,4.5,1.44,10,4.65,1.4,0.4714,0.4613,-0.4398,-0.2497,-0.0819,0,7,-2.1429,-0.052,0.1429,0,0,,,-0.0546,0.0012,,,,,,,,,,,
spelad,GR,2024/25,2025-02-02,18:30,Panetolikos,Atromitos,0,1,A,4,20,0,8,0.2368,2.465,skott,,0,5,13,21,3,2,1,0,0.3049,0.3304,0.3647,0.3277,0.3635,0.3088,1,3.3,2.97,2.63,3,2.8,3.16,0.3077,0.2794,0.1965,-0.079,0.2747,-1,20,-0.15,0.0911,-0.0467,0,0,,,0.1015,0.0049,,,,,,,,,,,
spelad,GR,2024/25,2025-02-02,17:30,PAOK,AEK,1,2,A,10,15,5,6,1.3926,1.8488,skott,,3,3,10,13,3,8,0,0,0.3593,0.2919,0.3488,0.3439,0.3147,0.3414,1,2.7,3.45,2.75,2.8,3.2,2.82,0.4505,0.4337,-0.1218,-0.2982,-0.4244,-1,25,0.12,0.0362,0.1139,0,0,,,-0.0236,0.0158,,,,,,,,,,,
spelad,GR,2024/25,2025-02-03,16:00,Asteras Tripolis,Lamia,1,0,H,11,9,3,1,1.1316,0.6929,skott,,3,4,14,20,2,4,1,1,0.5774,0.2629,0.1598,0.6352,0.2466,0.1183,1,1.71,3.75,6,1.57,4.1,8.11,0.392,0.4156,1.2074,-0.9932,1.3179,1,18,-0.5,-0.6516,0.1915,0,0,,,0.1572,-0.025,,,,,,,,,,,
spelad,GR,2024/25,2025-02-08,18:00,OFI Crete,PAOK,0,5,A,6,23,1,12,0.5153,3.2831,skott,,4,5,10,19,2,3,1,0,0.2559,0.2659,0.4782,0.1928,0.2367,0.5705,1,4,3.66,1.99,5,4.05,1.88,0.5144,0.5638,0.0296,-0.2349,0.6118,1,15,-1.6,0.0148,-0.0017,0,0,,,-0.2184,0.0257,,,,,,,,,,,
spelad,GR,2024/25,2025-02-08,15:00,Volos NFC,Panetolikos,0,1,A,13,7,1,2,0.9297,0.7346,skott,,7,1,14,12,0,0,0,0,0.398,0.3266,0.2754,0.46,0.3292,0.2108,1,2.4,3.1,3.6,2.45,2.95,4.56,0.3404,0.3372,-0.1313,0.8339,0.0083,1,15,0,0.0403,0.0382,0,0,,,0.1885,-0.0744,,,,,,,,,,,
spelad,GR,2024/25,2025-02-09,18:30,AEK,Panserraikos,5,0,H,27,10,11,4,3.3598,1.2325,skott,,10,1,13,9,2,3,0,0,0.8346,0.1112,0.0542,0.8334,0.1145,0.0521,1,1.14,8.6,22,1.16,8.5,23,0.643,0.6317,0.6084,0.3811,0.4867,-1,3,-1,-1.7722,0.513,0,0,,,-0.0002,-0.0241,,,,,,,,,,,
spelad,GR,2024/25,2025-02-09,17:30,Aris,Panathinaikos,2,0,H,13,11,6,2,1.7304,0.9714,skott,,5,7,16,8,3,1,0,0,0.2275,0.2835,0.4891,0.265,0.3054,0.4295,1,4.15,3.42,2,4.06,3.36,2.24,0.4169,0.4167,-0.2837,-0.9931,-0.4416,-1,23,-0.6522,-0.1597,-0.0339,0,0,,,0.1348,-0.042,,,,,,,,,,,
spelad,GR,2024/25,2025-02-09,15:00,Olympiakos,Asteras Tripolis,1,1,D,24,4,5,2,2.2214,0.5571,skott,,12,0,13,14,3,6,0,0,0.7371,0.1725,0.0905,0.7669,0.1641,0.069,1,1.3,5.6,12,1.36,5.84,15,0.5314,0.5168,-0.2212,0.2029,-0.6673,1,17,1.9412,0.1444,0.0247,0,0,,,0.081,-0.0434,,,,,,,,,,,
spelad,GR,2024/25,2025-02-10,16:00,Atromitos,Athens Kallithea,1,2,A,17,11,6,3,1.9671,1.1316,skott,,10,6,18,19,4,5,0,0,0.5021,0.2886,0.2093,0.4761,0.3092,0.2147,1,1.92,3.33,5,2.05,3.15,4.61,0.351,0.3639,-0.0331,0.8475,0.1003,0,,,,,0,0,,,-0.0573,-0.0142,,,,,,,,,,,
spelad,GR,2024/25,2025-02-10,16:00,Lamia,Levadeiakos,0,2,A,17,9,2,6,1.3266,1.4936,skott,,9,5,19,21,5,4,0,0,0.2771,0.3213,0.4016,0.282,0.3238,0.3942,1,3.42,3.1,2.43,3.41,3,2.51,0.3357,0.3467,-0.8341,1.2593,-0.9137,-1,8,0.75,0.1026,0.4291,0,0,,,0.0173,0.0174,,,,,,,,,,,
spelad,GR,2024/25,2025-02-15,18:00,AEK,Atromitos,2,1,H,22,7,4,3,1.9428,0.8948,skott,,6,0,11,11,3,3,0,0,0.7636,0.1608,0.0756,0.7643,0.1694,0.0663,1,1.26,5.9,15,1.25,6,16,0.5183,0.5233,0.3847,-0.2723,0.2064,1,15,1.6,0.1908,-0.1664,0,0,,,0.0109,-0.0101,,,,,,,,,,,
spelad,GR,2024/25,2025-02-15,15:00,OFI Crete,Asteras Tripolis,2,1,H,19,4,6,2,2.0855,0.5571,skott,,4,4,13,18,5,4,1,1,0.3933,0.3029,0.3038,0.4227,0.3139,0.2633,1,2.41,3.3,3.12,2.36,3.25,3.66,0.4293,0.4192,-0.7108,0.2752,-0.7979,1,16,-1.125,-0.5277,-0.0457,0,0,,,0.0993,-0.0334,,,,,,,,,,,
spelad,GR,2024/25,2025-02-16,13:00,Levadeiakos,Aris,4,1,H,13,8,6,1,1.7304,0.6337,skott,,6,3,10,15,0,0,0,0,0.2579,0.2957,0.4464,0.2524,0.2897,0.4579,1,3.71,3.25,2.2,3.85,3.32,2.14,0.3667,0.3842,-0.3478,-0.1669,-0.1948,-1,5,-1.2,0.0931,-0.0468,0,0,,,-0.0225,0.0073,,,,,,,,,,,
spelad,GR,2024/25,2025-02-16,15:00,Panathinaikos,Volos NFC,2,1,H,18,6,7,2,2.1865,0.6754,skott,,6,3,25,18,3,3,0,0,0.7335,0.1653,0.1012,0.7153,0.184,0.1007,1,1.28,5.8,15,1.35,5.21,10,0.5316,0.4987,0.5562,0.4045,0.5091,-1,13,1.8462,0.1804,0.0062,0,0,,,-0.0359,-0.0222,,,,,,,,,,,
spelad,GR,2024/25,2025-02-16,18:30,Panetolikos,Athens Kallithea,2,0,H,14,10,3,5,1.3091,1.3926,skott,,6,3,7,8,1,2,0,0,0.4033,0.3138,0.2829,0.3757,0.3363,0.288,1,2.36,3.06,3.4,2.56,3,3.45,0.3404,0.3403,-0.3471,1.0061,-0.3713,2,,,,,0,0,,,-0.0602,0.0159,,,,,,,,,,,
spelad,GR,2024/25,2025-02-16,15:00,Panserraikos,Olympiakos,0,4,A,5,20,1,10,0.4561,2.7853,skott,,0,7,8,9,0,1,0,0,0.0663,0.1516,0.7821,0.0516,0.1002,0.8482,1,17,6.75,1.2,26,9.6,1.13,0.5407,0.6506,-0.506,-0.1233,-0.2317,0,3,-3,-0.3307,-0.1423,0,0,,,-0.0955,-0.0009,,,,,,,,,,,
spelad,GR,2024/25,2025-02-16,18:00,PAOK,Lamia,7,0,H,18,5,10,1,2.6669,0.4561,skott,,8,3,11,6,1,1,0,0,0.825,0.1183,0.0567,0.8307,0.1212,0.0481,1,1.17,8,21,1.18,7.88,19.87,0.6096,0.5703,0.8356,-1.328,0.4635,2,17,2.8235,0.5146,-0.1219,0,0,,,0.0199,-0.0539,,,,,,,,,,,
spelad,GR,2024/25,2025-02-22,15:00,Athens Kallithea,OFI Crete,1,3,A,18,9,8,6,2.3466,1.4936,skott,,10,3,12,10,1,4,0,0,0.3884,0.2989,0.3127,0.3793,0.3088,0.3118,1,2.45,3.38,3.03,2.54,3.31,3.1,0.4661,0.4742,-0.0641,-0.6711,-0.2257,-1,,,,,0,0,,,-0.0171,0.0162,,,,,,,,,,,
spelad,GR,2024/25,2025-02-22,17:30,Atromitos,Panserraikos,1,0,H,15,8,5,4,1.6886,1.1141,skott,,6,4,15,6,1,1,0,0,0.5485,0.265,0.1865,0.5946,0.248,0.1574,1,1.81,3.64,5.06,1.72,3.86,6.08,0.4378,0.4562,0.0908,-0.2318,0.215,1,4,0.75,0.0762,0.4455,0,0,,,0.1211,-0.0591,,,,,,,,,,,
spelad,GR,2024/25,2025-02-22,18:00,Volos NFC,Levadeiakos,1,2,A,8,10,1,3,0.6337,1.0724,skott,,4,2,16,9,5,2,0,0,0.3979,0.3178,0.2844,0.3654,0.3293,0.3053,1,2.38,3.13,3.4,2.64,2.98,3.16,0.3634,0.3714,-0.6239,1.323,-0.8079,0,3,1,0.5584,-0.3123,0,0,,,-0.0858,0.0047,,,,,,,,,,,
spelad,GR,2024/25,2025-02-23,14:30,Aris,Panetolikos,2,1,H,23,7,10,1,2.9629,0.5745,skott,,4,6,8,12,1,3,0,0,0.6196,0.2433,0.1371,0.6681,0.2302,0.1016,1,1.57,3.9,6.87,1.46,4.2,9.5,0.4267,0.4275,-0.2803,0.457,-0.3583,0,13,0.9231,-0.0042,-0.181,0,0,,,0.1326,-0.0512,,,,,,,,,,,
spelad,GR,2024/25,2025-02-23,17:30,Asteras Tripolis,AEK,0,3,A,2,15,0,6,0.1184,1.8488,skott,,0,2,8,10,1,1,1,0,0.1318,0.2228,0.6454,0.1317,0.2223,0.646,1,7.4,4.3,1.5,7.5,4.32,1.48,0.47,0.4665,0.8412,-0.8212,0.8713,0,17,-1.9412,-0.3328,-0.0067,0,0,,,-0.0008,0.0072,,,,,,,,,,,
spelad,GR,2024/25,2025-02-23,15:00,Lamia,Panathinaikos,3,1,H,8,21,4,9,1.1141,2.6843,skott,,5,6,11,14,2,4,0,0,0.105,0.1887,0.7064,0.0689,0.156,0.7751,1,10.5,5,1.35,14,6.17,1.27,0.4921,0.5116,-1.0837,0.3725,-1.0472,0,17,-1.9412,-0.2648,-0.0026,0,0,,,-0.1409,0.0302,,,,,,,,,,,
spelad,GR,2024/25,2025-02-23,18:30,Olympiakos,PAOK,2,1,H,18,8,6,6,2.0263,1.4344,skott,,2,3,15,18,2,2,0,0,0.5816,0.2486,0.1698,0.5644,0.2512,0.1845,1,1.68,3.84,5.55,1.73,3.95,5.5,0.4648,0.4704,0.4061,1.0866,0.5445,0,25,0.72,0.2978,-0.0843,0,0,,,-0.0493,-0.0116,,,,,,,,,,,
spelad,GR,2024/25,2025-03-01,18:00,Panathinaikos,Panetolikos,2,0,H,19,10,8,2,2.4058,0.9122,skott,,5,4,21,16,3,1,0,0,0.7672,0.1611,0.0717,0.7602,0.1729,0.0668,1,1.24,6,15,1.27,5.8,14.33,0.5209,0.5039,-0.3116,1.2805,-0.312,0,15,1.4,0.1295,-0.1168,0,0,,,-0.009,-0.0255,,,,,,,,,,,
spelad,GR,2024/25,2025-03-01,15:00,Panserraikos,Athens Kallithea,2,1,H,16,12,7,5,2.0681,1.511,skott,,7,3,13,15,3,5,0,1,0.3779,0.2892,0.3328,0.3591,0.3125,0.3285,1,2.6,3.34,3.28,2.68,3.3,3.28,0.4557,0.4499,-0.1478,0.0559,-0.2564,0,,,,,0,0,,,-0.0333,0.0154,,,,,,,,,,,
spelad,GR,2024/25,2025-03-01,15:00,Volos NFC,Aris,1,1,D,8,10,4,7,1.1141,1.7129,skott,,8,4,16,16,3,3,0,0,0.2652,0.3044,0.4304,0.2653,0.3048,0.4299,1,3.7,3.24,2.21,3.63,3.17,2.27,0.3929,0.3965,-0.7584,0.1978,-0.6581,1,13,-1.1538,0.1463,-0.2476,0,0,,,0.0006,0.0171,,,,,,,,,,,
spelad,GR,2024/25,2025-03-02,18:30,AEK,Olympiakos,0,1,A,6,6,0,3,0.3552,0.8356,skott,,1,0,10,10,2,4,0,0,0.3674,0.2953,0.3373,0.3265,0.3344,0.3391,1,2.63,3.25,2.85,2.96,3,2.9,0.4169,0.3714,0.0862,-0.443,0.1768,0,25,-0.96,-0.3293,-0.0046,0,0,,,-0.0836,0.0254,,,,,,,,,,,
spelad,GR,2024/25,2025-03-02,14:30,Levadeiakos,Atromitos,1,2,A,12,7,4,3,1.3509,0.8948,skott,,7,2,13,16,2,4,0,0,0.3353,0.3341,0.3306,0.3766,0.3456,0.2778,1,2.83,3.02,2.9,2.6,2.9,3.47,0.3365,0.3318,-0.0039,-0.1195,0.3352,0,8,-1.875,-0.4516,-0.1655,0,0,,,0.1354,-0.0211,,,,,,,,,,,
spelad,GR,2024/25,2025-03-02,15:00,OFI Crete,Lamia,3,0,H,17,13,6,5,1.9671,1.5702,skott,,5,3,12,12,0,1,0,0,0.6071,0.2425,0.1503,0.6902,0.2045,0.1053,1,1.57,4,6.5,1.44,4.71,9.19,0.4569,0.4858,0.7147,-1.0777,0.8196,1,16,0.75,0.1597,0.0751,0,0,,,0.2111,-0.04,,,,,,,,,,,
spelad,GR,2024/25,2025-03-02,17:30,PAOK,Asteras Tripolis,2,0,H,13,5,4,3,1.4101,0.7764,skott,,5,6,14,15,0,3,0,0,0.7352,0.1759,0.0889,0.759,0.1657,0.0753,1,1.31,5.5,12,1.27,5.77,15,0.5302,0.5323,-1.1507,-0.1691,-1.2795,0,17,1.4118,0.0133,-0.053,0,0,,,0.0612,-0.0258,,,,,,,,,,,
spelad,GR,2024/25,2025-03-09,17:00,Aris,AEK,0,0,D,5,12,2,4,0.6163,1.3509,skott,,4,3,15,14,2,3,0,1,0.1831,0.259,0.5579,0.2122,0.2844,0.5033,1,5.5,3.95,1.72,4.9,3.5,1.91,0.4468,0.4146,-0.0654,0.4848,0.1561,1,23,-1.1739,-0.0318,-0.0802,0,0,,,0.1129,-0.0181,,,,,,,,,,,
spelad,GR,2024/25,2025-03-09,17:00,Asteras Tripolis,Panserraikos,1,2,A,11,8,2,5,0.9714,1.2743,skott,,6,1,11,11,1,4,0,0,0.5266,0.2663,0.2072,0.5155,0.2888,0.1957,1,1.8,3.64,4.75,1.88,3.4,5,0.4479,0.393,0.6783,-0.7993,0.3409,-1,4,-1.5,-0.5127,-0.3108,0,0,,,-0.0107,-0.0161,,,,,,,,,,,
spelad,GR,2024/25,2025-03-09,17:00,Athens Kallithea,PAOK,2,1,H,16,12,7,2,2.0681,1.0306,skott,,5,7,14,7,3,0,0,0,0.137,0.2019,0.6611,0.153,0.2093,0.6377,1,8.5,4.72,1.44,7.5,4.6,1.51,0.5248,0.5258,-0.3775,1.3635,0.0366,1,,,,,0,0,,,0.0554,-0.0047,,,,,,,,,,,
spelad,GR,2024/25,2025-03-09,17:00,Atromitos,Panathinaikos,1,1,D,11,14,5,6,1.4518,1.7896,skott,,2,3,23,9,3,3,0,0,0.2007,0.2772,0.5222,0.2137,0.288,0.4983,1,4.71,3.52,1.85,4.5,3.45,2.04,0.399,0.4095,0.4709,-0.9778,0.8063,-1,15,-1.4,-0.2154,-0.1387,0,0,,,0.05,0.0494,,,,,,,,,,,
spelad,GR,2024/25,2025-03-09,17:00,Lamia,Volos NFC,1,0,H,3,17,1,3,0.3377,1.4867,skott,,0,8,21,10,3,2,0,0,0.1867,0.2488,0.5645,0.1782,0.2622,0.5596,1,6.25,3.79,1.71,5.75,3.65,1.78,0.3885,0.3842,0.1663,0.8604,0.0927,-1,14,-0.8571,-0.527,0.2414,0,0,,,-0.012,0.0154,,,,,,,,,,,
spelad,GR,2024/25,2025-03-09,17:00,Olympiakos,OFI Crete,1,0,H,23,5,9,2,2.8027,0.6163,skott,,9,1,10,10,0,3,0,1,0.7925,0.1299,0.0777,0.7952,0.1359,0.0689,1,1.22,7.2,16,1.22,7.02,15,0.6339,0.6025,0.2384,0.0327,0.137,0,15,2.6,0.4588,-0.1791,0,0,,,0.0142,-0.0261,,,,,,,,,,,
spelad,GR,2024/25,2025-03-09,17:00,Panetolikos,Levadeiakos,0,0,D,19,14,5,3,1.9254,1.3091,skott,,4,4,15,10,2,3,0,0,0.4422,0.3113,0.2465,0.4029,0.3332,0.2638,1,2.17,3.3,4.2,2.39,3.01,3.65,0.3302,0.3219,0.4513,-0.3629,0.0772,1,8,0,-0.2148,0.1796,0,0,,,-0.096,0.0054,,,,,,,,,,,
spelad,GR,2024/25,2025-03-29,17:30,Asteras Tripolis,Aris,0,2,A,5,15,2,4,0.6163,1.5285,skott,,3,3,6,10,1,4,1,0,0.3129,0.3139,0.3732,0.2712,0.3275,0.4012,1,3.04,3.05,2.63,3.55,3,2.42,0.3608,0.3499,-0.1095,-0.0376,-0.3598,0,16,-1.3125,-0.2799,-0.1054,0,0,,,-0.1112,-0.0004,,,,,,,,,,,
spelad,GR,2024/25,2025-03-29,16:30,Athens Kallithea,Volos NFC,1,1,D,9,7,3,4,1.0132,1.0549,skott,,4,4,17,14,7,3,1,0,0.4213,0.3115,0.2671,0.3785,0.3362,0.2853,1,2.27,3.28,3.6,2.54,3.1,3.37,0.4055,0.4106,0.7672,-0.3307,1.025,0,,,,,0,0,,,-0.1037,0.0096,,,,,,,,,,,
spelad,GR,2024/25,2025-03-29,14:30,OFI Crete,Atromitos,1,2,A,14,13,2,5,1.149,1.5702,skott,,7,2,13,17,1,3,0,1,0.4217,0.2992,0.2791,0.4376,0.3037,0.2588,1,2.27,3.28,3.43,2.25,3.5,3.72,0.4035,0.4716,0.069,-0.2805,-0.1778,0,18,0.1667,-0.0759,0.3114,0,0,,,0.052,-0.0358,,,,,,,,,,,
spelad,GR,2024/25,2025-03-29,18:30,Panetolikos,Levadeiakos,1,2,A,5,19,2,3,0.6163,1.6051,skott,,2,4,17,12,3,1,0,0,0.3472,0.346,0.3068,0.324,0.3487,0.3273,1,2.73,2.9,3.1,2.97,2.9,3,0.3049,0.3318,0.5921,-0.6425,0.1115,0,9,0,-0.2511,0.2337,0,0,,,-0.067,0.0292,,,,,,,,,,,
spelad,GR,2024/25,2025-03-30,17:00,AEK,PAOK,2,3,A,12,8,2,3,1.0306,0.954,skott,,3,1,10,17,0,5,0,0,0.4571,0.2816,0.2614,0.5075,0.2813,0.2113,1,2.15,3.42,3.62,1.9,3.55,4.7,0.4595,0.4613,0.0853,0.7754,0.3426,0,26,0,-0.0805,0.0974,0,0,,,0.1509,-0.0067,,,,,,,,,,,
spelad,GR,2024/25,2025-03-30,19:00,Olympiakos,Panathinaikos,4,2,H,11,8,7,3,1.7721,0.954,skott,,3,0,20,18,1,3,0,1,0.5452,0.268,0.1868,0.5736,0.2603,0.166,1,1.76,3.6,5.5,1.7,3.75,5.9,0.4242,0.4362,0.4052,-0.4817,0.4994,0,25,-0.24,-0.5924,0.1659,0,0,,,0.0776,-0.0105,,,,,,,,,,,
spelad,GR,2024/25,2025-03-30,15:00,Panserraikos,Lamia,1,1,D,15,10,4,2,1.5285,0.9122,skott,,8,3,13,17,1,6,0,0,0.5054,0.2846,0.21,0.5459,0.2801,0.174,1,1.92,3.35,4.75,1.8,3.6,5.52,0.392,0.4436,0.0557,-0.2866,0.2132,0,4,3,1.6002,-0.3137,0,0,,,0.117,-0.0294,,,,,,,,,,,
spelad,GR,2024/25,2025-04-05,17:30,Aris,OFI Crete,2,0,H,20,6,9,1,2.6251,0.5153,skott,,9,2,8,14,0,1,0,0,0.5539,0.2566,0.1895,0.6744,0.2046,0.1209,1,1.75,3.75,5.75,1.45,4.7,8.5,0.4701,0.5501,0.082,0.385,0.3531,0,16,0.75,-0.0065,-0.0157,0,0,,,0.3096,-0.0153,,,,,,,,,,,
spelad,GR,2024/25,2025-04-05,18:00,Lamia,Athens Kallithea,0,2,A,4,12,1,3,0.3969,1.1907,skott,,1,4,13,14,3,3,0,0,0.2399,0.278,0.4822,0.244,0.3004,0.4556,1,4.33,3.4,2.05,3.94,3.26,2.14,0.4051,0.3896,0.6392,-0.1925,0.4405,-1,,,,,0,0,,,0.0348,0.0196,,,,,,,,,,,
spelad,GR,2024/25,2025-04-05,15:00,Levadeiakos,Panserraikos,3,0,H,21,6,11,0,3.0046,0.3552,skott,,3,5,12,13,1,8,0,0,0.5057,0.2832,0.2111,0.5524,0.267,0.1807,1,1.91,3.56,4.48,1.75,3.68,5.32,0.4456,0.4716,0.0957,-0.6567,0.5215,1,,,,,0,0,,,0.1237,-0.0257,,,,,,,,,,,
spelad,GR,2024/25,2025-04-06,19:30,Panathinaikos,AEK,3,1,H,9,22,5,5,1.3334,2.103,skott,,2,14,15,16,1,2,0,0,0.334,0.312,0.354,0.3059,0.3118,0.3823,1,2.88,3.22,2.75,3.2,3.15,2.55,0.4097,0.4085,-0.4452,1.1204,-0.4479,0,26,-0.3462,0.036,0.1242,0,0,,,-0.0847,0.0112,,,,,,,,,,,
spelad,GR,2024/25,2025-04-06,17:30,PAOK,Olympiakos,2,1,H,7,7,2,0,0.7346,0.4144,skott,,2,5,14,14,3,3,1,0,0.3719,0.3182,0.3099,0.3518,0.317,0.3312,1,2.63,3.3,3.06,2.75,3.15,2.91,0.4242,0.4239,-0.1451,-1.077,-0.3234,0,26,-0.8077,-0.2362,-0.0907,0,0,,,-0.0616,0.0011,,,,,,,,,,,
spelad,GR,2024/25,2025-04-06,15:00,Volos NFC,Panetolikos,0,0,D,13,5,3,1,1.2499,0.4561,skott,,3,2,16,23,3,3,0,0,0.4065,0.3157,0.2778,0.5077,0.3056,0.1867,1,2.4,3.11,3.5,1.9,3.25,5.2,0.3477,0.3475,-1.032,1.1631,-0.803,0,16,-0.1875,-0.069,0.0152,0,0,,,0.2935,-0.0226,,,,,,,,,,,
spelad,GR,2024/25,2025-04-07,16:00,Atromitos,Asteras Tripolis,0,1,A,16,9,6,3,1.9079,1.0132,skott,,5,1,19,13,2,4,0,0,0.4686,0.3044,0.227,0.4803,0.317,0.2027,1,2.05,3.24,4.17,2,3.3,4.74,0.3728,0.3524,0.5314,-0.2952,1.0716,0,20,0.15,0.0694,0.0319,0,0,,,0.0477,-0.0048,,,,,,,,,,,
spelad,GR,2024/25,2025-04-12,15:00,Panetolikos,Lamia,1,0,H,15,13,2,5,1.2082,1.5702,skott,,3,5,13,14,1,3,0,0,0.5193,0.2982,0.1825,0.5371,0.294,0.169,1,1.85,3.45,5.32,1.79,3.45,5.86,0.3477,0.3548,0.0905,-1.2766,-0.2322,-1,20,-0.3,-0.2257,0.0784,0,0,,,0.0489,-0.015,,,,,,,,,,,
spelad,GR,2024/25,2025-04-12,17:30,Panserraikos,Athens Kallithea,3,1,H,18,4,7,1,2.1865,0.3969,skott,,5,2,15,13,3,3,0,1,0.3822,0.2804,0.3373,0.3366,0.3095,0.3539,1,2.55,3.38,2.88,2.86,3.25,2.72,0.4689,0.4588,0.2763,0.0888,0.0017,0,,,,,0,0,,,-0.1079,0.0266,,,,,,,,,,,
spelad,GR,2024/25,2025-04-12,18:00,Volos NFC,Levadeiakos,1,0,H,8,3,4,1,1.1141,0.3377,skott,,6,1,21,19,5,3,0,0,0.5857,0.2542,0.1601,0.4833,0.3034,0.2133,1,1.61,4.2,6.5,1.99,3.45,4.75,0.4256,0.379,-1.1631,0.9151,-1.5754,-1,4,0,0.0624,-0.3166,0,0,,,-0.2579,0.0225,,,,,,,,,,,
spelad,GR,2024/25,2025-04-13,17:30,Aris,Atromitos,1,0,H,5,13,3,3,0.7764,1.2499,skott,,7,3,14,14,1,3,0,0,0.5615,0.2635,0.175,0.5638,0.2662,0.1699,1,1.79,3.67,5.39,1.7,3.7,5.64,0.4231,0.4239,0.4299,-0.3089,0.1928,2,14,0.4286,-0.1194,-0.003,0,0,,,0.0097,-0.0089,,,,,,,,,,,
spelad,GR,2024/25,2025-04-13,14:30,Asteras Tripolis,OFI Crete,2,1,H,15,3,6,2,1.8488,0.4979,skott,,9,3,16,11,3,4,0,0,0.4234,0.2918,0.2848,0.5219,0.2759,0.2022,1,2.25,3.4,3.4,1.91,3.5,4.75,0.4462,0.4742,-0.1187,0.462,-0.2032,-2,17,0.8824,0.4747,-0.0615,0,0,,,0.2796,-0.0357,,,,,,,,,,,
spelad,GR,2024/25,2025-04-13,19:00,Olympiakos,AEK,1,0,H,8,1,2,0,0.7938,0.0592,skott,,5,0,13,15,2,4,1,1,0.4842,0.2861,0.2297,0.4802,0.2964,0.2234,1,1.97,3.39,4.2,2,3.42,4.36,0.4122,0.4121,0.6317,-0.1622,0.5584,0,26,1.0385,0.3845,-0.0173,0,0,,,-0.0016,-0.0126,,,,,,,,,,,
spelad,GR,2024/25,2025-04-13,17:00,Panathinaikos,PAOK,3,1,H,10,8,5,2,1.3926,0.7938,skott,,4,3,13,19,2,5,0,0,0.4071,0.2928,0.3002,0.4225,0.3039,0.2737,1,2.35,3.3,3.25,2.28,3.25,3.52,0.466,0.4562,-0.2978,1.6633,-0.4281,0,26,-0.5769,0.0152,-0.0125,0,0,,,0.0573,-0.0074,,,,,,,,,,,
spelad,GR,2024/25,2025-04-23,18:30,Athens Kallithea,Levadeiakos,0,3,A,12,9,3,3,1.1907,1.0132,skott,,4,4,11,16,1,1,0,0,0.4945,0.2853,0.2202,0.3597,0.309,0.3313,1,1.93,3.5,4.33,2.68,3.18,3.15,0.4231,0.4135,-0.4218,0.7675,-0.6851,0,,,,,0,0,,,-0.3807,0.0343,,,,,,,,,,,
spelad,GR,2024/25,2025-04-23,16:00,Lamia,Volos NFC,1,3,A,3,17,1,5,0.3377,1.807,skott,,0,11,15,17,3,1,0,0,0.1256,0.2379,0.6365,0.0947,0.2227,0.6826,1,7.5,4.1,1.59,10.09,4.33,1.53,0.3641,0.4,0.7002,0.2563,0.8357,0,15,-0.6,-0.345,0.2078,0,0,,,-0.1078,0.0614,,,,,,,,,,,
spelad,GR,2024/25,2025-04-23,16:00,Panserraikos,Panetolikos,1,1,D,18,14,11,6,2.827,1.7896,skott,,7,5,12,8,2,1,0,1,0.4568,0.2964,0.2469,0.3959,0.3186,0.2855,1,2.19,3.22,3.83,2.43,3.15,3.37,0.3735,0.3945,-0.3623,1.2843,0.0512,0,5,-1.8,-0.8548,0.0797,0,0,,,-0.1603,-0.0101,,,,,,,,,,,
spelad,GR,2024/25,2025-04-26,18:00,Atromitos,Aris,1,1,D,19,11,6,4,2.0855,1.2917,skott,,6,5,10,13,1,3,0,0,0.3203,0.3258,0.3538,0.2416,0.3091,0.4493,1,2.96,3.25,2.68,3.98,3.4,2.22,0.3768,0.3945,-0.6969,0.3618,-0.4536,0,15,-0.6,0.0625,-0.0205,0,0,,,-0.253,0.0658,,,,,,,,,,,
spelad,GR,2024/25,2025-04-26,18:00,OFI Crete,Asteras Tripolis,0,2,A,21,17,5,9,2.0438,2.4476,skott,,7,3,10,10,3,2,0,0,0.358,0.3031,0.3388,0.3345,0.2964,0.3691,1,2.65,3.4,2.8,2.88,3.4,2.61,0.4444,0.4858,0.2117,-0.556,0.1127,0,18,-1,-0.4393,-0.0734,0,0,,,-0.0773,0.0073,,,,,,,,,,,
spelad,GR,2024/25,2025-04-27,18:00,AEK,Olympiakos,0,2,A,19,6,8,3,2.4058,0.8356,skott,,8,1,20,21,4,2,0,0,0.4067,0.317,0.2763,0.4046,0.3028,0.2927,1,2.33,3.3,3.5,2.38,3.26,3.29,0.3865,0.4085,-0.8183,0.2233,-0.9523,0,27,-1.1111,-0.3894,-0.0276,0,0,,,-0.0207,-0.0118,,,,,,,,,,,
spelad,GR,2024/25,2025-04-27,18:00,PAOK,Panathinaikos,2,1,H,14,2,8,1,2.1098,0.2785,skott,,8,2,14,13,2,2,0,0,0.4799,0.2764,0.2437,0.4765,0.2774,0.2462,1,1.99,3.48,4,2.04,3.57,3.91,0.4856,0.4742,0.268,-1.3171,0.3572,0,27,0.4444,-0.0443,-0.0233,0,0,,,-0.0094,-0.0197,,,,,,,,,,,
spelad,GR,2024/25,2025-04-28,16:00,Levadeiakos,Lamia,0,0,D,11,2,2,0,0.9714,0.1184,skott,,3,3,15,14,2,1,0,0,0.682,0.2144,0.1036,0.7301,0.1887,0.0812,1,1.41,4.39,9.08,1.35,5.2,11.78,0.443,0.5323,0.224,-1.137,0.4619,0,9,-0.3333,-0.3066,0.3454,0,0,,,0.1188,-0.0446,,,,,,,,,,,
spelad,GR,2024/25,2025-04-28,16:00,Panetolikos,Athens Kallithea,0,1,A,10,8,4,6,1.2325,1.4344,skott,,2,6,5,18,2,5,0,0,0.3467,0.3054,0.3479,0.3454,0.3234,0.3312,1,2.74,3.2,2.74,2.79,3.15,2.91,0.381,0.393,0.7882,-1.6361,0.4164,0,,,,,0,0,,,0.0143,0.0079,,,,,,,,,,,
spelad,GR,2024/25,2025-04-28,18:00,Volos NFC,Panserraikos,3,0,H,14,8,6,3,1.7896,0.954,skott,,8,4,11,21,3,6,0,0,0.5815,0.2546,0.1638,0.6855,0.2191,0.0954,1,1.67,3.75,5.75,1.42,4.4,10.06,0.4607,0.4462,-0.4372,-0.1335,-0.6506,0,5,0.6,0.1172,0.1066,0,0,,,0.2764,-0.0274,,,,,,,,,,,
spelad,GR,2024/25,2025-05-03,18:00,Asteras Tripolis,Atromitos,1,4,A,22,7,9,5,2.7435,1.2151,skott,,10,2,7,18,2,2,0,0,0.4712,0.2914,0.2374,0.4952,0.2847,0.2201,1,2.1,3.32,3.99,70,16.5,4.33,0.386,0.4101,0.2197,-0.0705,-0.263,0,21,0,0.0023,0.0153,0,0,,,0.0653,,,,,,,,,,,,
spelad,GR,2024/25,2025-05-03,18:00,OFI Crete,Aris,1,1,D,13,14,3,7,1.2499,1.9497,skott,,8,1,12,14,2,4,0,0,0.2501,0.2626,0.4873,0.2352,0.254,0.5108,1,3.8,3.6,2.05,15,3.78,12,0.5105,0.5391,-0.2321,-0.5388,-0.2528,0,17,-0.8824,-0.0124,-0.0268,0,0,,,-0.0534,,,,,,,,,,,,
spelad,GR,2024/25,2025-05-04,18:00,AEK,Panathinaikos,1,2,A,15,10,3,5,1.3683,1.3926,skott,,5,2,16,17,5,3,0,0,0.4725,0.276,0.2515,0.5022,0.2593,0.2385,1,2.06,3.48,3.85,1.93,3.72,4,0.4553,0.4883,-0.9027,0.9527,-0.7317,0,27,0.2222,-0.2083,0.1081,0,0,,,0.0724,-0.0169,,,,,,,,,,,
spelad,GR,2024/25,2025-05-04,18:00,Olympiakos,PAOK,4,2,H,10,10,4,3,1.2325,1.0724,skott,,4,4,12,12,1,0,0,0,0.3486,0.2734,0.3781,0.4219,0.2656,0.3126,1,2.71,3.5,2.6,2.43,3.74,3.05,0.4617,0.5234,0.5521,-0.0551,0.5537,0,27,0.6667,0.2663,-0.0991,0,0,,,0.2121,-0.0358,,,,,,,,,,,
spelad,GR,2024/25,2025-05-05,16:00,Athens Kallithea,Panetolikos,0,0,D,14,6,2,0,1.149,0.3552,skott,,10,4,13,17,2,2,0,0,0.4929,0.2995,0.2076,0.5188,0.3024,0.1788,1,1.95,3.5,4.62,1.86,3.4,5.31,0.392,0.389,-0.0588,0.9157,0.3061,0,3,0,0.0566,-0.0024,0,0,,,0.0805,-0.008,,,,,,,,,,,
spelad,GR,2024/25,2025-05-05,18:00,Lamia,Levadeiakos,2,3,A,7,13,3,5,0.8948,1.5702,skott,,4,4,11,25,1,3,0,0,0.1604,0.2653,0.5743,0.1476,0.2562,0.5962,1,6.09,3.75,1.67,7.11,3.99,1.6,0.4051,0.4184,0.1137,0.0872,0.0588,0,10,0.3,0.0219,0.392,0,0,,,-0.0475,-0.0033,,,,,,,,,,,
spelad,GR,2024/25,2025-05-05,16:00,Panserraikos,Volos NFC,3,0,H,19,12,6,6,2.0855,1.6712,skott,,3,4,11,10,3,5,0,1,0.6243,0.2322,0.1435,0.7516,0.1739,0.0745,1,1.53,4.06,7.8,1.25,6.5,16,0.4092,0.5145,0.1694,0.4019,0.468,0,6,-1,-0.2707,0.0523,0,0,,,0.3236,0.024,,,,,,,,,,,
spelad,GR,2024/25,2025-05-10,16:30,Aris,Asteras Tripolis,4,2,H,12,8,7,4,1.8313,1.1141,skott,,2,2,16,10,1,0,0,0,0.5656,0.2536,0.1808,0.5822,0.2452,0.1725,1,1.72,3.95,5.75,1.67,3.87,5.5,0.4686,0.5039,0.4198,-0.8878,0.377,0,17,1.4118,0.4491,-0.1185,0,0,,,0.0416,-0.0272,,,,,,,,,,,
spelad,GR,2024/25,2025-05-10,17:15,Atromitos,OFI Crete,0,0,D,11,11,4,3,1.2917,1.1316,skott,,4,4,23,17,2,1,0,0,0.4981,0.2821,0.2198,0.5276,0.2473,0.2251,1,1.95,3.54,4.33,1.83,3.9,4.25,0.4465,0.5729,0.2537,0.308,0.8068,0,19,0,-0.1221,0.2791,0,0,,,0.0538,-0.0184,,,,,,,,,,,
spelad,GR,2024/25,2025-05-10,15:00,Lamia,Panserraikos,2,1,H,13,7,2,2,1.0898,0.7346,skott,,7,5,14,21,2,3,0,0,0.1562,0.2325,0.6112,0.1875,0.2513,0.5613,1,6.5,4.1,1.57,5.75,3.95,1.69,0.4812,0.4698,-0.4315,0.272,-0.4799,0,5,-2.4,-0.9896,-0.107,0,0,,,0.1124,-0.0224,,,,,,,,,,,
spelad,GR,2024/25,2025-05-10,15:00,Levadeiakos,Athens Kallithea,4,1,H,15,9,9,2,2.3292,0.853,skott,,2,9,15,13,1,5,0,1,0.4156,0.2872,0.2972,0.3695,0.3105,0.3199,1,2.3,3.35,3.2,2.6,3.18,3.05,0.4323,0.4256,0.169,-0.5704,0.1895,0,3,2,0.9911,0.0137,0,0,,,-0.1148,0.0138,,,,,,,,,,,
spelad,GR,2024/25,2025-05-10,18:00,Panetolikos,Volos NFC,0,3,A,13,16,1,8,0.9297,2.2282,skott,,3,6,16,15,2,5,0,0,0.2057,0.2828,0.5115,0.1625,0.2144,0.6231,1,4.75,3.44,1.9,8,4.6,1.53,0.4103,0.4974,0.1903,-0.5135,-0.2027,0,17,0.1765,0.0585,0.0552,0,0,,,-0.1979,-0.0418,,,,,,,,,,,
spelad,GR,2024/25,2025-05-11,18:00,Panathinaikos,Olympiakos,0,1,A,14,9,5,6,1.6294,1.4936,skott,,8,5,6,16,2,3,0,0,0.3895,0.3038,0.3067,0.2996,0.3034,0.397,1,2.45,3.25,3.06,3.18,3.4,2.4,0.4249,0.5247,-0.7967,0.5656,-0.8387,0,26,0.1154,0.3809,0.1495,0,0,,,-0.27,0.022,,,,,,,,,,,
spelad,GR,2024/25,2025-05-11,18:00,PAOK,AEK,1,0,H,9,10,4,1,1.1733,0.7521,skott,,3,4,23,13,3,4,0,0,0.4342,0.2718,0.294,0.4646,0.2737,0.2617,1,2.25,3.53,3.3,2.12,3.57,3.64,0.4894,0.5065,1.2026,-0.9152,1.136,0,27,0.1111,0.0609,0.0834,0,0,,,0.0932,-0.0242,,,,,,,,,,,
spelad,GR,2024/25,2025-05-14,18:00,Athens Kallithea,Panserraikos,1,1,D,6,13,3,3,0.8356,1.2499,skott,,3,2,17,12,3,3,1,0,0.5363,0.2436,0.2201,0.4599,0.2792,0.2608,1,1.77,3.85,4.5,2.13,3.85,3.65,0.5132,0.5429,0.0395,0.2971,0.0355,0,3,-3,-1.4251,-0.3097,0,0,,,-0.1934,-0.0108,,,,,,,,,,,
spelad,GR,2024/25,2025-05-14,16:00,Levadeiakos,Panetolikos,1,2,A,15,10,1,2,1.0481,0.9122,skott,,8,5,12,15,5,3,0,0,0.53,0.2819,0.1881,0.5889,0.2608,0.1503,1,1.83,3.45,5,1.65,4,6.4,0.3823,0.4413,0.4592,-0.5084,0.9051,0,10,0.3,0.1826,0.1755,0,0,,,0.1557,-0.0011,,,,,,,,,,,
spelad,GR,2024/25,2025-05-14,18:00,Volos NFC,Lamia,3,0,H,18,4,6,1,2.0263,0.3969,skott,,4,0,20,15,3,2,0,0,0.7889,0.1441,0.067,0.8216,0.1299,0.0485,1,1.23,6.6,19,1.16,8,22,0.5532,0.6031,-0.2708,0.2237,-0.2323,0,16,0.75,0.1742,0.1809,0,0,,,0.0841,-0.0033,,,,,,,,,,,
spelad,GR,2024/25,2025-05-18,16:00,Lamia,Panetolikos,1,3,A,9,11,2,3,0.853,1.1316,skott,,2,4,9,13,5,3,2,0,0.2758,0.2734,0.4508,0.3869,0.3075,0.3055,1,3.6,3.43,2.2,2.55,3.2,3.3,0.4323,0.401,-0.4869,0.6615,-0.0605,0,21,0.1429,0.1022,0.0606,0,0,,,0.3676,-0.0156,,,,,,,,,,,
spelad,GR,2024/25,2025-05-18,13:00,Panserraikos,Levadeiakos,0,1,A,14,19,3,4,1.3091,1.7652,skott,,3,5,14,16,0,1,0,0,0.4593,0.2479,0.2928,0.2902,0.2649,0.4449,1,2.13,3.78,3.4,3.5,3.6,2.33,0.5383,0.5316,-0.5245,0.7009,-0.639,0,3,-2,-0.7676,0.0294,0,0,,,-0.4903,0.0429,,,,,,,,,,,
spelad,GR,2024/25,2025-05-18,18:00,Volos NFC,Athens Kallithea,0,2,A,14,9,2,5,1.149,1.3334,skott,,6,3,13,14,1,3,0,1,0.4554,0.2628,0.2817,0.5136,0.2561,0.2303,1,2.1,3.57,3.6,1.83,3.81,4.4,0.4617,0.5249,0.336,-0.7269,0.7009,0,3,-1,-0.5847,0.3317,0,0,,,0.1676,0.0218,,,,,,,,,,,
spelad,GR,2025/26,2025-08-23,18:00,Aris,Volos NFC,2,0,H,12,10,4,5,1.3509,1.3926,skott,,5,4,16,13,2,4,0,0,0.5518,0.2564,0.1918,0.5666,0.2574,0.176,1,1.7,4,5,1.72,4,5.25,0.466,0.445,0.3249,-0.3961,0.1666,,14,1.0714,0.0516,-0.1802,0,0,,,0.0453,-0.0388,,,,,,,,,,,
spelad,GR,2025/26,2025-08-23,18:00,Olympiakos,Asteras Tripolis,2,0,H,22,3,3,1,1.7827,0.3377,skott,,12,3,10,10,0,3,0,0,0.7814,0.1488,0.0698,0.7889,0.1478,0.0633,1,1.23,6.25,15,1.22,6.25,17,0.5622,0.5452,1.2599,-1.5586,1.1204,,18,1.8333,0.055,0.0697,0,0,,,0.0215,-0.031,,,,,,,,,,,
spelad,GR,2025/26,2025-08-23,20:00,Panetolikos,Atromitos,0,2,A,11,14,0,3,0.6511,1.3091,skott,,1,4,12,15,1,2,0,0,0.3068,0.3214,0.3718,0.2858,0.3321,0.3822,1,3.1,3.1,2.57,3.33,3.05,2.5,0.3744,0.3671,0.4343,-0.2208,0.0936,,21,-0.2857,0.0226,-0.0618,0,0,,,-0.0525,0.0308,,,,,,,,,,,
spelad,GR,2025/26,2025-08-24,18:15,AEK,Panserraikos,2,0,H,25,6,8,1,2.761,0.5153,skott,,9,1,10,14,1,1,0,0,0.7722,0.1483,0.0795,0.7998,0.1362,0.0641,1,1.24,6.33,13,1.23,7,15,0.6005,0.6085,-0.9188,1.0164,-0.9972,,4,0,-1.2328,0.3561,0,0,,,0.0706,-0.0532,,,,,,,,,,,
spelad,GR,2025/26,2025-08-24,19:00,PAOK,Larisa,1,0,H,19,7,7,2,2.2457,0.7346,skott,,9,2,8,12,1,2,0,0,0.7396,0.1648,0.0956,0.7535,0.16,0.0865,1,1.29,6,11.5,1.3,5.5,11,0.5648,0.5663,0.3272,0.0513,0.1314,,8,1.875,-0.161,0.1984,-1,0,,,0.0367,-0.0725,,,,,,,,,,,
spelad,GR,2025/26,2025-08-25,17:30,Levadeiakos,Kifisia,3,2,H,13,9,5,5,1.5702,1.3334,skott,,7,3,14,23,2,3,1,0,0.4903,0.2876,0.2221,0.4756,0.308,0.2164,1,1.9,3.4,4.5,2.05,3.4,4.75,0.433,0.4085,0.8391,-1.4049,0.7541,,,,,,-1,0,,,-0.0235,-0.0287,,,,,,,,,,,
spelad,GR,2025/26,2025-08-30,19:00,Aris,Panetolikos,0,2,A,18,12,8,4,2.3466,1.3509,skott,,7,2,11,16,0,6,0,0,0.6454,0.2217,0.1329,0.6547,0.2249,0.1204,1,1.49,4.33,7,1.47,4.33,8,0.4753,0.4613,0.3512,-0.5495,0.2594,0,14,1.0714,0.0508,-0.1845,0,0,,,0.0311,-0.0251,,,,,,,,,,,
spelad,GR,2025/26,2025-08-30,19:30,Larisa,Kifisia,1,1,D,15,15,4,5,1.5285,1.6886,skott,,2,5,13,14,4,5,0,0,0.4262,0.3208,0.253,0.418,0.3422,0.2398,1,2.2,3.2,3.75,2.3,2.9,4,0.4133,0.3318,0.8043,-1.2528,0.6861,1,,,,,0,0,,,-0.0031,-0.0322,,,,,,,,,,,
spelad,GR,2025/26,2025-08-30,17:30,Panserraikos,OFI Crete,0,1,A,13,14,1,6,0.9297,1.7896,skott,,3,6,12,13,2,2,0,0,0.3066,0.2762,0.4173,0.3241,0.2814,0.3945,1,3.1,3.55,2.3,3,3.55,2.45,0.4896,0.478,-0.1081,0.5873,0.2057,,5,-1.2,-0.452,-0.1038,0,0,,,0.0579,-0.0082,,,,,,,,,,,
spelad,GR,2025/26,2025-08-30,17:00,Volos NFC,Olympiakos,0,2,A,9,14,4,7,1.1733,1.9497,skott,,4,8,14,14,2,0,0,0,0.0682,0.1837,0.7481,0.0643,0.1877,0.7479,1,15,5.6,1.25,11,5,1.32,0.5,0.4858,-0.9486,0.8918,-0.7108,0,14,-2.3571,-0.1597,0.0638,0,0,,,-0.0075,0.0904,,,,,,,,,,,
spelad,GR,2025/26,2025-08-31,18:00,AEK,Asteras Tripolis,1,0,H,15,4,4,2,1.5285,0.5571,skott,,5,3,17,7,3,2,0,0,0.7492,0.1637,0.0871,0.7503,0.1659,0.0839,1,1.26,6,11,1.25,6,13,0.5725,0.5638,-0.9892,0.6507,-0.9853,-1,18,2,0.3673,-0.0187,0,0,,,0.0054,0.0054,,,,,,,,,,,
spelad,GR,2025/26,2025-08-31,20:00,Panathinaikos,Levadeiakos,1,1,D,20,7,1,1,1.344,0.5745,skott,,7,3,11,14,1,1,0,0,0.727,0.1763,0.0967,0.6933,0.1985,0.1082,1,1.32,5.6,9.5,1.4,5,8.5,0.5431,0.513,-0.0974,0.0365,-0.0672,,7,1.7143,0.1177,-0.084,0,0,,,-0.079,-0.0485,,,,,,,,,,,
spelad,GR,2025/26,2025-08-31,19:00,PAOK,Atromitos,1,0,H,26,1,5,1,2.3397,0.2193,skott,,6,1,11,18,1,6,0,1,0.6925,0.1922,0.1153,0.6937,0.1926,0.1137,1,1.37,5.1,8.5,1.38,4.8,8.5,0.5405,0.5401,0.3712,0.5844,0.0373,-1,16,1.6875,0.0354,-0.0241,0,0,,,0.0039,-0.0358,,,,,,,,,,,
spelad,GR,2025/26,2025-09-13,18:00,Atromitos,Aris,1,2,A,7,11,2,5,0.7346,1.4518,skott,,4,7,12,17,1,2,0,0,0.284,0.309,0.4071,0.3404,0.3169,0.3428,1,3.35,3.2,2.37,3.1,3.2,2.55,0.3797,0.3799,-0.4779,-0.0466,-0.0171,-1,16,-0.5625,0.0565,0.0239,0,0,,,0.1771,-0.0689,,,,,,,,,,,
spelad,GR,2025/26,2025-09-13,16:00,Olympiakos,Panserraikos,5,0,H,29,2,12,1,3.6383,0.2785,skott,,11,0,8,14,0,3,0,1,0.8621,0.0988,0.0391,0.8828,0.0856,0.0316,1,1.16,9.25,26,1.1,10.5,31,0.6432,0.6805,1.6002,-1.4007,1.4967,0,4,3,0.4436,-0.1318,0,0,,,0.0488,-0.0571,,,,,,,,,,,
spelad,GR,2025/26,2025-09-13,18:00,Panetolikos,Volos NFC,1,2,A,7,10,1,2,0.5745,0.9122,skott,,7,3,14,16,5,6,0,0,0.3535,0.3008,0.3458,0.3661,0.3096,0.3242,1,2.6,3.2,2.85,2.65,3.15,2.8,0.3881,0.3842,0.6043,-0.7178,0.4747,0,18,0,0.0163,0.0402,0,0,,,0.0468,-0.0367,,,,,,,,,,,
spelad,GR,2025/26,2025-09-14,16:00,Asteras Tripolis,Larisa,2,2,D,10,16,2,5,0.9122,1.7478,skott,,4,2,12,15,4,4,0,0,0.4896,0.2723,0.238,0.5072,0.287,0.2057,1,1.95,3.33,4.35,1.9,3.33,4.5,0.3806,0.3765,-0.0371,0.6637,0.1531,-1,8,1.125,0.2792,-0.1766,-1,0,,,0.0675,-0.0219,,,,,,,,,,,
spelad,GR,2025/26,2025-09-14,16:00,Kifisia,Panathinaikos,3,2,H,10,12,4,4,1.2325,1.3509,skott,,3,6,22,20,5,4,0,0,0.1012,0.1919,0.7069,0.1265,0.2007,0.6728,1,10,5.33,1.32,9.5,4.5,1.41,0.5389,0.491,-0.7169,1.2388,-0.4544,1,,,,,1,0,,,0.0848,-0.0144,,,,,,,,,,,
spelad,GR,2025/26,2025-09-14,18:00,Levadeiakos,AEK,0,1,A,13,19,4,6,1.4101,2.0855,skott,,2,8,9,20,2,2,0,0,0.1361,0.2232,0.6407,0.1869,0.2523,0.5607,1,7.5,4.35,1.46,5.6,4,1.68,0.4726,0.4588,1.4149,-1.8209,1.4364,0,8,-2.625,-0.2582,-0.0317,0,0,,,0.1816,-0.0216,,,,,,,,,,,
spelad,GR,2025/26,2025-09-14,19:30,OFI Crete,PAOK,1,2,A,7,14,2,4,0.7346,1.4693,skott,,5,2,10,16,2,1,0,0,0.194,0.2381,0.5679,0.1327,0.2037,0.6636,1,5.25,3.8,1.68,8,4.75,1.47,0.5379,0.559,-0.7714,-0.4801,-1.0465,1,16,-1.6875,-0.037,-0.0164,0,0,,,-0.2182,-0.0027,,,,,,,,,,,
spelad,GR,2025/26,2025-09-20,16:00,Kifisia,Aris,0,1,A,7,15,1,4,0.5745,1.5285,skott,,2,4,14,20,1,3,1,0,0.2249,0.2907,0.4844,0.2253,0.2972,0.4775,1,4.25,3.4,1.95,4.6,3.6,1.86,0.392,0.3833,-0.71,0.7058,-0.2215,-1,,,,,1,0,,,0.0077,-0.0623,,,,,,,,,,,
spelad,GR,2025/26,2025-09-20,16:00,Panserraikos,Atromitos,1,1,D,15,11,2,2,1.2082,0.9714,skott,,3,7,19,21,5,3,0,0,0.2275,0.3815,0.391,0.2756,0.3317,0.3926,1,4.2,3,2.37,3.45,3.25,2.62,0.3226,0.4228,-0.1101,0.6378,-0.392,0,5,-1.2,-0.5614,0.3068,0,0,,,0.0947,0.0512,,,,,,,,,,,
spelad,GR,2025/26,2025-09-20,18:30,PAOK,Panetolikos,0,0,D,24,3,8,2,2.7018,0.4979,skott,,12,1,10,19,1,5,0,1,0.8033,0.137,0.0597,0.8196,0.131,0.0495,1,1.18,7,19,1.15,7.5,26,0.5696,0.5515,0.1356,0.7904,0.2571,-1,15,3,0.711,-0.1954,0,0,,,0.0427,0.003,,,,,,,,,,,
spelad,GR,2025/26,2025-09-20,18:00,Volos NFC,Asteras Tripolis,2,1,H,16,11,5,4,1.7478,1.2917,skott,,7,3,16,21,3,4,0,0,0.3918,0.29,0.3182,0.4477,0.3017,0.2506,1,2.5,3.33,3,2.05,3.3,4,0.4097,0.4095,-0.1398,-0.0814,-0.0412,1,15,-0.6,-0.085,-0.0242,0,0,,,0.1792,0.0199,,,,,,,,,,,
spelad,GR,2025/26,2025-09-21,15:30,Larisa,AEK,1,1,D,14,24,3,4,1.3091,2.0612,skott,,4,6,13,15,4,0,0,0,0.1263,0.2064,0.6673,0.1366,0.2162,0.6472,1,8.5,4.75,1.4,7,4.33,1.47,0.5105,0.5065,0.5604,-1.1822,0.5767,0,7,-0.8571,0.2087,0.1816,1,0,,,0.0408,0.0215,,,,,,,,,,,
spelad,GR,2025/26,2025-09-21,16:00,Levadeiakos,OFI Crete,4,0,H,17,5,6,2,1.9671,0.6163,skott,,7,3,16,19,1,3,0,2,0.4549,0.2816,0.2635,0.4896,0.2758,0.2346,1,2.2,3.6,3.6,2,3.5,4,0.483,0.4884,0.544,-0.3239,0.5967,0,7,0,0.1683,0.1333,0,0,,,0.0984,-0.0574,,,,,,,,,,,
spelad,GR,2025/26,2025-09-21,19:00,Panathinaikos,Olympiakos,1,1,D,6,9,2,3,0.6754,1.0132,skott,,1,4,16,18,4,4,0,0,0.2702,0.2927,0.4371,0.2907,0.2998,0.4095,1,3.4,3.25,2.3,3.5,3.2,2.2,0.398,0.4373,-0.9582,0.9723,-0.9144,-1,27,0,0.3223,0.1327,0,0,,,0.0686,-0.03,,,,,,,,,,,
spelad,GR,2025/26,2025-09-27,18:30,Aris,Panserraikos,1,1,D,25,8,4,2,2.1204,0.7938,skott,,10,1,11,12,2,4,0,0,0.7015,0.1891,0.1093,0.7202,0.1846,0.0952,1,1.4,5,8,1.4,5.25,9.5,0.5581,0.5424,0.9061,-0.3768,0.8585,0,4,2.25,0.6145,-0.0226,0,0,,,0.0514,-0.0656,,,,,,,,,,,
spelad,GR,2025/26,2025-09-27,16:00,Olympiakos,Levadeiakos,3,2,H,19,6,5,4,1.9254,0.9957,skott,,10,3,13,17,2,5,0,0,0.7829,0.1484,0.0686,0.7824,0.1482,0.0694,1,1.2,6.75,15,1.24,6,15,0.5587,0.563,0.5946,-0.5973,0.3444,0,8,2.25,0.0128,0.0989,0,0,,,-0.0019,-0.0648,,,,,,,,,,,
spelad,GR,2025/26,2025-09-28,15:00,AEK,Volos NFC,1,0,H,14,3,2,1,1.149,0.3377,skott,,2,1,16,19,3,2,0,0,0.7677,0.1528,0.0796,0.7442,0.1638,0.092,1,1.25,6.5,12,1.35,5.25,10,0.5648,0.5747,-0.3719,0.3308,-0.6733,-1,14,1.5,-0.1317,-0.1026,0,0,,,-0.0593,-0.0883,,,,,,,,,,,
spelad,GR,2025/26,2025-09-28,18:30,Asteras Tripolis,PAOK,3,3,D,9,14,8,4,1.8139,1.4693,skott,,4,4,9,12,7,4,1,0,0.1446,0.2279,0.6275,0.165,0.2361,0.599,1,6.5,4,1.6,6,4.33,1.55,0.4948,0.509,-0.3869,-0.2757,-0.4019,0,18,-1.5,0.0158,-0.0593,0,0,,,0.0693,-0.0026,,,,,,,,,,,
spelad,GR,2025/26,2025-09-28,17:00,OFI Crete,Kifisia,1,3,A,6,22,3,9,0.8356,2.7435,skott,,3,6,18,20,2,6,1,0,0.4903,0.2696,0.2402,0.5059,0.2619,0.2322,1,1.95,3.5,4.1,2,3.4,4,0.4404,0.4704,0.2198,-0.1662,0.0073,-1,3,-1,-0.7778,0.3807,-1,0,,,0.0393,-0.0865,,,,,,,,,,,
spelad,GR,2025/26,2025-09-28,19:00,Panetolikos,Panathinaikos,1,2,A,8,12,1,5,0.6337,1.511,skott,,2,5,12,16,2,3,0,0,0.1228,0.2148,0.6624,0.1528,0.2319,0.6153,1,8,4.33,1.44,6.33,4,1.57,0.4416,0.4832,0.4104,-0.2317,0.5904,1,15,-1.8,-0.1611,-0.1064,0,0,,,0.1072,0.0418,,,,,,,,,,,
spelad,GR,2025/26,2025-09-29,16:00,Atromitos,Larisa,1,1,D,14,6,3,2,1.3091,0.6754,skott,,2,3,17,18,1,6,0,1,0.4801,0.2649,0.2549,0.4602,0.2987,0.2411,1,1.95,3.6,4,2.08,3.4,3.95,0.4242,0.4264,0.142,-0.4421,0.1295,1,9,1.3333,0.3313,0.0296,-1,0,,,-0.0259,0.01,,,,,,,,,,,
spelad,GR,2025/26,2025-10-04,18:30,Larisa,Volos NFC,2,5,A,15,20,5,12,1.6886,3.1056,skott,,10,2,16,21,4,3,0,0,0.3762,0.3119,0.3119,0.3948,0.3243,0.2808,1,2.5,3.25,3,2.5,3.1,3.33,0.4198,0.4095,-0.2047,-0.2761,-0.2802,-1,6,0.5,0.0733,0.2027,1,0,,,0.0682,-0.0427,,,,,,,,,,,
spelad,GR,2025/26,2025-10-04,16:00,OFI Crete,Aris,3,0,H,9,12,6,6,1.4936,1.6712,skott,,2,5,17,19,4,0,0,0,0.2399,0.2547,0.5054,0.2349,0.2647,0.5004,1,4.33,3.75,1.93,4.1,3.7,1.91,0.4974,0.4716,-0.4312,0.3346,-0.4861,-1,18,-0.8333,-0.0095,0.0161,0,0,,,-0.0049,0.0203,,,,,,,,,,,
spelad,GR,2025/26,2025-10-04,16:00,Panserraikos,Asteras Tripolis,2,1,H,10,10,2,5,0.9122,1.3926,skott,,2,4,25,18,5,4,0,0,0.3192,0.289,0.3918,0.3108,0.3128,0.3764,1,3,3.33,2.55,2.88,3.2,2.8,0.4416,0.445,0.0354,-0.3505,-0.1548,1,5,1.8,1.0836,-0.3064,0,0,,,-0.0014,0.0794,,,,,,,,,,,
spelad,GR,2025/26,2025-10-05,16:00,Kifisia,AEK,2,3,A,16,9,7,3,2.0681,1.0132,skott,,6,3,20,18,3,6,0,1,0.0828,0.1869,0.7303,0.1258,0.2088,0.6655,1,11,5.75,1.29,10,4.8,1.4,0.4948,0.491,0.029,-0.3606,0.448,0,,,,,1,0,,,0.1508,-0.03,,,,,,,,,,,
spelad,GR,2025/26,2025-10-05,16:00,Levadeiakos,Panetolikos,6,0,H,17,8,10,1,2.6077,0.6337,skott,,6,2,11,9,0,3,0,2,0.5711,0.2639,0.165,0.5705,0.264,0.1655,1,1.69,3.5,5.75,1.73,3.5,5.75,0.4025,0.4106,-0.2093,-0.0613,-0.0534,1,11,0,-0.0183,0.1358,0,0,,,-0.0017,-0.057,,,,,,,,,,,
spelad,GR,2025/26,2025-10-05,19:30,Panathinaikos,Atromitos,1,0,H,19,3,8,0,2.4058,0.1776,skott,,6,2,18,17,0,2,0,0,0.624,0.2293,0.1468,0.6835,0.1989,0.1176,1,1.48,4.5,7,1.3,5.5,10.5,0.4804,0.5323,-0.0673,0.589,-0.1454,1,16,1.3125,0.283,-0.0855,0,0,,,0.1482,0.0937,,,,,,,,,,,
spelad,GR,2025/26,2025-10-05,18:30,PAOK,Olympiakos,2,1,H,10,9,5,2,1.3926,0.853,skott,,1,3,13,14,4,3,0,0,0.3851,0.2654,0.3496,0.3622,0.3078,0.33,1,2.55,3.33,2.8,3,3.2,2.65,0.4205,0.4462,-0.8966,1.8769,-0.6474,-1,28,-0.75,-0.2041,-0.1051,0,0,,,-0.0261,-0.0757,,,,,,,,,,,
spelad,GR,2025/26,2025-10-18,17:30,Atromitos,Levadeiakos,2,2,D,7,9,4,3,1.0549,1.0132,skott,,1,5,19,11,6,0,0,0,0.3574,0.2932,0.3494,0.2953,0.3018,0.4028,1,2.6,3.3,2.8,3.25,3.33,2.3,0.4416,0.4275,-0.0184,-0.0198,-0.3864,0,9,2,0.7509,-0.1855,0,0,,,-0.1774,0.0102,,,,,,,,,,,
spelad,GR,2025/26,2025-10-18,15:00,Larisa,Olympiakos,0,2,A,4,14,2,5,0.5571,1.6294,skott,,1,6,14,21,3,1,0,0,0.0752,0.1508,0.774,0.0758,0.1506,0.7737,1,15,6,1.27,15,6.5,1.24,0.5696,0.5667,-0.7661,0.6965,-0.5404,1,7,-3,-0.4109,-0.1622,1,0,,,0.0014,0.0133,,,,,,,,,,,
spelad,GR,2025/26,2025-10-18,18:00,Panetolikos,OFI Crete,4,2,H,10,14,5,5,1.3926,1.6294,skott,,4,7,14,7,4,4,1,1,0.3315,0.3039,0.3646,0.3527,0.3242,0.3231,1,2.8,3.2,2.6,2.75,3.25,2.9,0.4242,0.4075,0.4425,-0.2911,0.516,-1,18,0.5,0.5082,-0.1288,0,0,,,0.0839,-0.0202,,,,,,,,,,,
spelad,GR,2025/26,2025-10-19,19:00,AEK,PAOK,0,2,A,13,11,5,5,1.5702,1.4518,skott,,5,3,20,14,2,1,1,0,0.3837,0.3191,0.2971,0.398,0.3057,0.2963,1,2.45,3.25,3.2,2.3,3.4,3.33,0.4674,0.487,0.1096,-0.5088,-0.2118,0,28,-0.2143,-0.177,0.0707,0,0,,,0.0292,0.0198,,,,,,,,,,,
spelad,GR,2025/26,2025-10-19,17:30,Aris,Panathinaikos,1,1,D,14,14,3,4,1.3091,1.4693,skott,,2,2,13,16,1,2,0,0,0.299,0.2907,0.4103,0.2698,0.3077,0.4225,1,3.2,3.25,2.3,4,3.33,2.14,0.4404,0.4275,0.0771,0.3202,0.1348,1,24,-0.5,-0.0739,-0.0452,0,0,,,-0.0705,-0.0506,,,,,,,,,,,
spelad,GR,2025/26,2025-10-19,14:00,Asteras Tripolis,Kifisia,2,2,D,9,9,4,6,1.1733,1.4936,skott,,3,5,14,24,6,5,0,0,0.4682,0.2875,0.2444,0.4149,0.2926,0.2926,1,2.05,3.33,4,2.28,3.25,3.3,0.4231,0.4499,-0.2819,0.3449,-0.6155,1,3,0,-0.2941,0.0497,-1,0,,,-0.1548,-0.0057,,,,,,,,,,,
spelad,GR,2025/26,2025-10-19,15:30,Volos NFC,Panserraikos,2,1,H,13,7,6,3,1.7304,0.8948,skott,,11,2,8,19,0,3,0,0,0.561,0.2474,0.1916,0.5667,0.2456,0.1878,1,1.73,3.8,5,1.68,3.8,5.25,0.5105,0.5142,0.1183,0.1484,0.3428,0,7,0.4286,0.1304,0.02,0,0,,,0.0151,-0.0243,,,,,,,,,,,
spelad,GR,2025/26,2025-10-25,15:00,Kifisia,Panetolikos,1,1,D,11,12,4,3,1.2917,1.1907,skott,,4,4,16,14,6,1,1,0,0.5073,0.2767,0.2159,0.5073,0.2767,0.2159,1,1.95,3.4,4.5,1.8,3.6,4.75,0.4416,0.4416,-0.9069,0.8724,-0.2277,-1,3,-2,-1.0539,0.0414,1,0,,,0,0.0466,,,,,,,,,,,
spelad,GR,2025/26,2025-10-25,18:00,OFI Crete,Atromitos,1,3,A,18,11,2,4,1.3858,1.2917,skott,,4,8,16,18,2,2,0,0,0.4593,0.285,0.2557,0.4593,0.285,0.2557,1,2.1,3.4,3.75,2.05,3.45,4,0.4621,0.4621,0.1543,0.4843,0.2672,0,20,0,-0.1452,0.3027,0,0,,,0,0.0315,,,,,,,,,,,
spelad,GR,2025/26,2025-10-25,17:30,Panserraikos,Larisa,0,2,A,9,20,1,7,0.6929,2.3049,skott,,1,6,17,18,2,3,1,0,0.3999,0.2788,0.3213,0.3999,0.2788,0.3213,1,2.3,3.4,3.1,2.33,3.2,3.4,0.47,0.47,-0.0212,0.0849,-0.1031,-1,,,,,-1,0,,,0,0.045,,,,,,,,,,,
spelad,GR,2025/26,2025-10-26,15:00,Levadeiakos,Aris,1,1,D,15,8,4,2,1.5285,0.7938,skott,,5,7,15,19,1,3,0,0,0.3602,0.2862,0.3535,0.3602,0.2862,0.3535,1,2.6,3.33,2.63,2.33,3.25,3.5,0.4468,0.4468,0.2835,-1.5106,0.523,1,6,-0.5,0.4031,-0.0873,0,0,,,0,0.171,,,,,,,,,,,
spelad,GR,2025/26,2025-10-26,19:00,Olympiakos,AEK,2,0,H,11,6,5,1,1.4518,0.5153,skott,,4,4,9,17,3,2,0,0,0.5282,0.2555,0.2163,0.5282,0.2555,0.2163,1,1.81,3.66,4.33,1.82,3.5,4.75,0.4843,0.4843,0.181,-0.7316,0.2796,1,27,1.3333,0.5241,-0.0268,0,0,,,0,-0.0011,,,,,,,,,,,
spelad,GR,2025/26,2025-10-26,15:30,Panathinaikos,Asteras Tripolis,2,0,H,17,3,6,0,1.9671,0.1776,skott,,6,2,17,11,3,3,0,0,0.7274,0.17,0.1027,0.7274,0.17,0.1027,1,1.29,6.33,12,1.25,6.5,13,0.5596,0.5596,0.4754,-0.0129,0.4177,0,18,0,-0.4335,0.0476,0,0,,,0,0.0838,,,,,,,,,,,
spelad,GR,2025/26,2025-10-26,17:30,PAOK,Volos NFC,3,0,H,8,2,3,1,0.954,0.2785,skott,,6,0,11,12,2,2,0,0,0.7302,0.1706,0.0992,0.7302,0.1706,0.0992,1,1.3,5.5,10,1.32,5.6,9.5,0.5861,0.5861,0.513,-0.281,0.2093,0,14,2.1429,0.0977,-0.0241,0,0,,,0,-0.0289,,,,,,,,,,,
spelad,GR,2025/26,2025-11-01,17:30,Atromitos,Kifisia,1,2,A,20,23,3,8,1.6643,2.6426,skott,,3,9,5,18,1,4,0,0,0.4164,0.2936,0.2899,0.337,0.3036,0.3594,0,2.25,3.3,3.4,2.88,3.2,2.66,0.4327,0.448,0.4292,-0.9123,-0.1557,0,3,-1,-0.4315,-0.2948,-1,0,,,-0.2283,,,,,,,,,,,,
spelad,GR,2025/26,2025-11-01,18:00,Olympiakos,Aris,2,1,H,12,12,5,4,1.511,1.3509,skott,,5,7,12,11,2,1,1,0,0.7101,0.1941,0.0958,0.7234,0.1848,0.0918,0,1.32,5.25,11,1.3,5.75,12,0.5135,0.5256,0.522,-1.1146,0.4354,0,24,1.5,0.2136,-0.0759,0,0,,,0.0307,,,,,,,,,,,,
spelad,GR,2025/26,2025-11-01,16:00,Volos NFC,Panathinaikos,1,0,H,5,15,2,4,0.6163,1.5285,skott,,0,5,16,16,5,1,0,0,0.1807,0.243,0.5762,0.1864,0.2497,0.5638,0,5.5,4.2,1.62,5.25,4,1.7,0.4933,0.4865,0.4656,-0.1145,0.8766,0,14,-1.9286,-0.2081,-0.0074,0,0,,,0.0238,,,,,,,,,,,,
spelad,GR,2025/26,2025-11-02,19:00,AEK,Panetolikos,1,0,H,18,5,3,1,1.5459,0.4561,skott,,8,2,16,12,4,2,0,0,0.7767,0.1495,0.0738,0.7676,0.1556,0.0768,0,1.21,7,16,1.22,6.5,13,0.5801,0.5838,0.1586,0.3709,-0.1037,-1,15,1.6,-0.0004,-0.133,0,0,,,-0.0209,,,,,,,,,,,,
spelad,GR,2025/26,2025-11-02,15:30,Larisa,Levadeiakos,0,2,A,15,12,5,6,1.6886,1.6712,skott,,3,11,14,12,3,4,0,0,0.2996,0.2911,0.4093,0.2605,0.2865,0.453,0,3.25,3.25,2.3,3.9,3.3,2.12,0.4388,0.4665,-0.2659,1.0027,-0.3341,1,3,0,0.0333,0.004,1,0,,,-0.1219,,,,,,,,,,,,
spelad,GR,2025/26,2025-11-02,17:30,Panserraikos,PAOK,0,5,A,7,16,1,7,0.5745,2.0681,skott,,2,4,10,7,0,0,0,0,0.0927,0.1767,0.7306,0.071,0.1464,0.7826,0,12,6,1.29,15,7,1.2,0.5827,0.6113,-0.6023,0.1493,-0.6828,1,4,-3,-0.4428,-0.168,0,0,,,-0.0953,,,,,,,,,,,,
spelad,GR,2025/26,2025-11-03,15:00,Asteras Tripolis,OFI Crete,3,0,H,21,7,7,3,2.3641,0.8948,skott,,10,1,13,11,2,4,0,1,0.4096,0.2828,0.3076,0.4335,0.2845,0.2819,0,2.28,3.35,3.1,2.25,3.35,3.6,0.4798,0.4798,-0.3088,-0.2316,-0.2664,-1,19,1.1053,0.5697,-0.0851,0,0,,,0.0734,,,,,,,,,,,,
spelad,GR,2025/26,2025-11-08,15:00,Panetolikos,Larisa,3,0,H,9,16,5,3,1.3334,1.4275,skott,,4,2,7,9,1,1,0,0,0.4209,0.2932,0.2859,0.4357,0.2882,0.2761,0,2.25,3.25,3.3,2.17,3.4,3.6,0.4199,0.4626,0.6086,-0.7808,0.3661,0,10,0,-0.0359,0.0969,-1,0,,,0.0393,,,,,,,,,,,,
spelad,GR,2025/26,2025-11-09,13:00,Aris,Asteras Tripolis,0,0,D,6,12,2,4,0.6754,1.3509,skott,,4,6,19,23,2,6,1,0,0.543,0.2622,0.1948,0.5477,0.2629,0.1893,0,1.73,3.6,5.5,1.77,3.6,5.33,0.4758,0.4545,-0.0635,0.8994,-0.0308,2,18,1.5,0.4801,-0.1255,0,0,,,0.015,,,,,,,,,,,,
spelad,GR,2025/26,2025-11-09,17:00,Atromitos,Volos NFC,0,1,A,23,5,4,4,2.002,0.9365,skott,,7,0,16,16,2,4,0,0,0.3815,0.2879,0.3306,0.3676,0.3053,0.3271,0,2.48,3.33,2.95,2.65,3.15,2.95,0.4572,0.4173,-0.8076,-0.3213,-1.2537,0,16,0,-0.093,-0.0397,0,0,,,-0.0243,,,,,,,,,,,,
spelad,GR,2025/26,2025-11-09,13:00,Kifisia,Olympiakos,1,3,A,9,18,3,8,1.0132,2.3466,skott,,1,10,14,14,5,1,1,0,0.0944,0.1811,0.7245,0.1307,0.2083,0.661,0,11,5.5,1.3,8,4.6,1.43,0.5389,0.5547,-0.6112,0.8021,0.2054,0,,,,,1,0,,,0.1362,,,,,,,,,,,,
spelad,GR,2025/26,2025-11-09,15:00,Levadeiakos,Panserraikos,5,2,H,17,8,9,2,2.4476,0.7938,skott,,6,4,6,11,1,4,0,0,0.6581,0.2118,0.1301,0.7005,0.1938,0.1057,0,1.47,4.75,9,1.38,5,10.5,0.5296,0.5467,0.0997,-1.4554,0.5024,0,4,2.25,0.9038,-0.0442,0,0,,,0.1093,,,,,,,,,,,,
spelad,GR,2025/26,2025-11-09,15:30,OFI Crete,AEK,0,1,A,4,23,0,7,0.2368,2.4824,skott,,0,6,17,16,2,2,0,0,0.1452,0.2129,0.6418,0.1256,0.1972,0.6772,0,7,4.5,1.47,8,5.25,1.42,0.552,0.5661,-0.7104,0.5154,-0.4886,-1,16,-1.6875,0.0186,-0.1408,0,0,,,-0.0745,,,,,,,,,,,,
spelad,GR,2025/26,2025-11-09,19:00,Panathinaikos,PAOK,2,1,H,6,6,3,1,0.8356,0.5153,skott,,3,5,16,16,5,3,0,0,0.3922,0.2859,0.322,0.2858,0.2841,0.4301,0,2.43,3.4,3,3.35,3.4,2.22,0.4638,0.4704,-0.9471,1.2766,-0.9162,1,28,-0.5357,0.0288,-0.0323,0,0,,,-0.3207,,,,,,,,,,,,
spelad,GR,2025/26,2025-11-22,17:30,Asteras Tripolis,Panetolikos,1,1,D,6,8,3,4,0.8356,1.1141,skott,,3,3,9,16,2,1,0,0,0.455,0.2918,0.2532,0.4808,0.294,0.2252,0,2.06,3.3,4.2,2,3.4,5,0.4415,0.4453,-0.6287,0.4353,-0.38,-1,20,1.05,0.1433,0.2535,0,0,,,0.0797,,,,,,,,,,,,
spelad,GR,2025/26,2025-11-22,18:00,Olympiakos,Atromitos,3,0,H,27,6,7,2,2.7192,0.6754,skott,,7,1,5,13,0,2,0,0,0.8134,0.1309,0.0557,0.7585,0.1632,0.0784,0,1.15,8,21,1.3,6.33,15,0.6067,0.5726,0.9142,-0.487,0.766,0,15,2.2,0.2306,0.0578,0,0,,,-0.1325,,,,,,,,,,,,
spelad,GR,2025/26,2025-11-23,19:00,AEK,Aris,1,0,H,27,6,7,3,2.7192,0.8356,skott,,10,1,13,11,3,2,0,0,0.6377,0.2279,0.1344,0.6471,0.222,0.1309,0,1.5,4.33,8,1.48,4.5,7.5,0.4744,0.4919,0.5604,-0.093,0.2789,0,24,1.125,0.0742,-0.0471,0,0,,,0.0224,,,,,,,,,,,,
spelad,GR,2025/26,2025-11-23,15:00,Panserraikos,Panathinaikos,0,3,A,10,18,2,6,0.9122,2.0263,skott,,3,8,13,7,2,1,0,0,0.1154,0.2002,0.6844,0.1314,0.2011,0.6675,0,9.5,5,1.4,8,5.1,1.43,0.5428,0.5661,0.0715,0.1758,-0.0605,0,4,-2.25,-0.2259,0.0679,0,0,,,0.049,,,,,,,,,,,,
spelad,GR,2025/26,2025-11-23,17:00,PAOK,Kifisia,3,0,H,19,6,6,2,2.0855,0.6754,skott,,8,4,9,17,1,7,0,1,0.7701,0.153,0.0769,0.7621,0.1524,0.0855,0,1.22,7,14,1.23,7,13,0.5927,0.6113,0.4987,-1.0116,-0.2234,0,,,,,0,0,,,-0.0246,,,,,,,,,,,,
spelad,GR,2025/26,2025-11-24,18:00,Larisa,OFI Crete,1,2,A,18,8,6,4,2.0263,1.1141,skott,,6,3,23,13,4,3,0,0,0.409,0.2836,0.3074,0.4195,0.2898,0.2907,0,2.33,3.4,3.25,2.35,3.3,3.4,0.4851,0.4798,-0.0702,0.2799,0.5157,1,7,0,0.0774,0.1248,0,0,,,0.0377,,,,,,,,,,,,
spelad,GR,2025/26,2025-11-24,16:00,Volos NFC,Levadeiakos,1,2,A,20,12,5,5,1.9846,1.511,skott,,2,2,17,15,3,2,0,0,0.3196,0.278,0.4024,0.3034,0.2881,0.4085,0,3,3.5,2.35,3.2,3.35,2.3,0.4757,0.4465,0.9261,0.5666,0.8331,0,5,0.6,0.2992,-0.3139,0,0,,,-0.0387,,,,,,,,,,,,
spelad,GR,2025/26,2025-11-29,17:30,Aris,Larisa,2,1,H,18,2,8,1,2.3466,0.2785,skott,,7,0,14,21,4,6,0,1,0.5877,0.2465,0.1658,0.6089,0.2382,0.153,0,1.6,4,6,1.56,4.2,6.5,0.4784,0.4852,0.2335,-0.6146,-0.097,1,6,1,0.0749,0.0405,0,0,,,0.0551,,,,,,,,,,,,
spelad,GR,2025/26,2025-11-29,17:30,Kifisia,Panserraikos,3,0,H,21,6,6,1,2.2039,0.5153,skott,,4,4,11,13,2,3,1,1,0.6029,0.232,0.1651,0.5783,0.2505,0.1712,0,1.55,4.2,6.5,1.65,3.8,6,0.5256,0.4744,-0.2865,-0.007,0.2187,0,3,-1,-0.5226,0.3876,0,0,,,-0.0554,,,,,,,,,,,,
spelad,GR,2025/26,2025-11-29,15:30,OFI Crete,Volos NFC,0,1,A,4,16,1,4,0.3969,1.5877,skott,,1,5,16,23,2,3,0,0,0.3664,0.2917,0.3418,0.3783,0.2909,0.3307,0,2.66,3.3,2.8,2.5,3.3,3.1,0.4771,0.4892,-0.6887,0.5687,-1.1991,0,15,0.4,0.1312,-0.0901,0,0,,,0.0349,,,,,,,,,,,,
spelad,GR,2025/26,2025-11-30,15:00,Atromitos,Asteras Tripolis,0,1,A,11,9,4,6,1.2917,1.4936,skott,,7,6,15,18,2,1,0,0,0.4264,0.2957,0.2778,0.4012,0.3052,0.2935,0,2.25,3.25,3.5,2.4,3.13,3.4,0.4173,0.4147,0.1145,-0.1207,-0.0884,0,21,0,0.0135,0.0167,0,0,,,-0.0661,,,,,,,,,,,,
spelad,GR,2025/26,2025-11-30,17:00,Levadeiakos,PAOK,2,3,A,13,14,5,6,1.5702,1.7896,skott,,2,5,14,14,0,2,0,1,0.2202,0.2595,0.5204,0.2428,0.2637,0.4935,0,4.5,3.8,1.82,4.1,3.8,1.91,0.4892,0.5121,0.0997,-0.4111,0.459,-1,7,-2.5714,-0.3049,-0.0344,0,0,,,0.0722,,,,,,,,,,,,
spelad,GR,2025/26,2025-11-30,19:00,Panathinaikos,AEK,2,3,A,14,7,5,4,1.6294,1.0549,skott,,5,2,18,22,4,5,1,1,0.3567,0.2986,0.3447,0.3544,0.3081,0.3375,0,2.7,3.2,2.8,2.71,3.1,2.8,0.4453,0.4339,-0.0668,-0.4807,0.2877,0,27,-0.1111,0.1859,0.074,0,0,,,0.0026,,,,,,,,,,,,
spelad,GR,2025/26,2025-11-30,15:00,Panetolikos,Olympiakos,0,1,A,7,24,2,5,0.7346,2.2214,skott,,3,9,8,11,0,0,0,0,0.0855,0.1699,0.7446,0.0851,0.1812,0.7337,0,13,5.8,1.26,12,5.6,1.28,0.5699,0.5081,-0.2837,0.0535,-0.0463,0,16,-2.8125,-0.3585,-0.1006,0,0,,,0.01,,,,,,,,,,,,
spelad,GR,2025/26,2025-12-06,15:00,Olympiakos,OFI Crete,3,0,H,32,2,12,1,3.8159,0.2785,skott,,7,0,16,8,0,2,0,0,0.8281,0.1156,0.0563,0.858,0.0994,0.0426,0,1.13,9.5,19,1.12,11,26,0.6875,0.6991,0.7484,-0.3755,0.9408,-1,16,2.625,0.4601,-0.1764,0,0,,,0.0734,,,,,,,,,,,,
spelad,GR,2025/26,2025-12-06,18:30,Volos NFC,Kifisia,1,1,D,16,21,5,9,1.7478,2.6843,skott,,8,8,13,15,4,4,0,0,0.4459,0.2879,0.2662,0.4131,0.2822,0.3047,0,2.12,3.33,3.7,2.25,3.4,3.3,0.4327,0.504,0.7873,-0.6069,0.5366,0,3,2,0.9644,0.0268,0,0,,,-0.1039,,,,,,,,,,,,
spelad,GR,2025/26,2025-12-07,19:00,AEK,Atromitos,4,1,H,17,5,9,2,2.4476,0.6163,skott,,5,0,14,14,1,3,0,0,0.7394,0.1753,0.0853,0.777,0.1539,0.0691,0,1.29,5.75,13,1.24,6.5,15,0.5389,0.5532,1.1264,0.0485,0.8655,0,15,2,0.3687,-0.1616,0,0,,,0.0914,,,,,,,,,,,,
spelad,GR,2025/26,2025-12-07,15:00,Asteras Tripolis,Levadeiakos,1,1,D,6,14,3,5,0.8356,1.6294,skott,,2,9,19,6,3,1,0,0,0.2999,0.2868,0.4134,0.2944,0.2843,0.4213,0,3.35,3.5,2.36,3.33,3.5,2.25,0.4597,0.473,-0.3584,0.8878,-0.2338,0,8,0,-0.4633,0.1987,0,0,,,-0.019,,,,,,,,,,,,
spelad,GR,2025/26,2025-12-07,15:30,Larisa,Panathinaikos,2,2,D,10,14,4,8,1.2325,2.1098,skott,,4,5,11,10,4,4,0,1,0.1389,0.2203,0.6409,0.1068,0.202,0.6912,0,7.5,4.75,1.48,10,4.8,1.38,0.5054,0.5041,-0.6569,0.6835,-0.7086,1,7,-1.2857,-0.2957,-0.0176,0,0,,,-0.1145,,,,,,,,,,,,
spelad,GR,2025/26,2025-12-07,17:30,PAOK,Aris,3,1,H,19,9,6,3,2.0855,1.0132,skott,,7,2,11,11,2,0,0,0,0.6229,0.2312,0.1458,0.6512,0.2273,0.1215,0,1.5,4.2,7,1.46,4.25,9,0.4879,0.4545,1.2054,-1.8004,1.0482,-1,24,0,-0.4684,0.06,0,0,,,0.081,,,,,,,,,,,,
spelad,GR,2025/26,2025-12-08,16:00,Panserraikos,Panetolikos,0,1,A,14,6,0,2,0.8287,0.6754,skott,,2,0,20,14,2,3,0,0,0.3532,0.299,0.3478,0.3482,0.3126,0.3392,0,2.65,3.25,2.75,2.71,3.05,2.9,0.4274,0.399,-0.1653,0.9221,-0.386,1,6,-1.5,-0.7968,0.1799,0,0,,,-0.0014,,,,,,,,,,,,
spelad,GR,2025/26,2025-12-13,18:00,Kifisia,Asteras Tripolis,0,0,D,20,9,6,3,2.1447,1.0132,skott,,6,4,17,10,1,3,0,0,0.4592,0.282,0.2588,0.4545,0.2905,0.255,0,2.01,3.4,3.75,2.08,3.3,4,0.4545,0.4468,-0.3522,0.7114,-0.0206,1,4,0,0.1407,0.2142,0,0,,,-0.0055,,,,,,,,,,,,
spelad,GR,2025/26,2025-12-13,15:00,Levadeiakos,Larisa,3,0,H,18,3,6,1,2.0263,0.3377,skott,,9,2,9,20,1,3,0,0,0.6675,0.2074,0.1251,0.6684,0.2077,0.1239,0,1.4,4.75,8,1.4,4.75,8.5,0.5323,0.5296,0.851,-1.7246,0.7792,0,4,0.75,0.3107,-0.0686,0,0,,,0.003,,,,,,,,,,,,
spelad,GR,2025/26,2025-12-13,16:00,OFI Crete,Panserraikos,3,0,H,11,8,4,3,1.2917,0.954,skott,,8,5,16,12,4,3,0,0,0.492,0.2715,0.2365,0.4911,0.2709,0.2379,0,1.93,3.6,4.33,1.95,3.55,4.25,0.5162,0.5068,0.2954,-1.1847,0.2093,2,6,1.5,0.7191,-0.1334,0,0,,,-0.0032,,,,,,,,,,,,
spelad,GR,2025/26,2025-12-14,18:00,Aris,Olympiakos,0,0,D,12,15,0,5,0.7103,1.6886,skott,,3,5,7,12,5,3,1,1,0.135,0.2294,0.6356,0.1632,0.2477,0.5891,0,7.5,4.2,1.47,6.4,4.2,1.6,0.4717,0.4651,-0.9866,0.8161,-0.9022,-1,25,-1.56,-0.1506,-0.0803,0,0,,,0.103,,,,,,,,,,,,
spelad,GR,2025/26,2025-12-14,16:00,Atromitos,PAOK,2,0,H,7,11,2,2,0.7346,0.9714,skott,,3,9,16,11,3,1,0,0,0.1363,0.2152,0.6486,0.1311,0.209,0.66,0,7,4.5,1.44,7.6,4.75,1.43,0.5202,0.5376,-1.3109,1.5947,-1.175,0,16,-1.6875,-0.0086,-0.0218,0,0,,,-0.0219,,,,,,,,,,,,
spelad,GR,2025/26,2025-12-14,19:00,Panathinaikos,Volos NFC,2,1,H,7,11,2,4,0.7346,1.2917,skott,,6,5,21,17,3,6,0,0,0.707,0.1903,0.1027,0.6946,0.1989,0.1065,0,1.34,5.33,11,1.35,5,10,0.5442,0.5175,-0.9011,0.7062,-0.9289,-1,15,1.6,0.0716,-0.0235,0,0,,,-0.0286,,,,,,,,,,,,
spelad,GR,2025/26,2025-12-14,15:30,Panetolikos,AEK,0,5,A,5,13,0,10,0.296,2.3709,skott,,2,3,13,14,2,2,0,0,0.1222,0.219,0.6587,0.1171,0.213,0.67,0,8.1,4.5,1.42,8.5,4.6,1.4,0.4744,0.4811,-0.1659,-0.4325,0.0601,-1,16,-1.6875,0.1009,-0.1344,0,0,,,-0.0216,,,,,,,,,,,,
spelad,GR,2025/26,2025-12-20,14:00,Asteras Tripolis,Aris,0,1,A,7,11,4,1,1.0549,0.8113,skott,,7,3,12,19,3,3,0,0,0.3284,0.3192,0.3524,0.3448,0.3264,0.3288,0,2.9,3,2.83,2.71,2.9,3.1,0.3872,0.354,0.3748,-0.4213,0.4078,1,19,-1.4211,-0.327,-0.0801,0,0,,,0.0565,,,,,,,,,,,,
spelad,GR,2025/26,2025-12-20,18:30,Olympiakos,Kifisia,1,1,D,29,5,6,1,2.6775,0.4561,skott,,18,1,11,18,0,5,0,1,0.8211,0.1228,0.0561,0.7735,0.1445,0.082,0,1.15,8.5,21,1.22,7,13,0.6643,0.6486,0.8581,-0.733,0.4786,-1,3,3,0.6045,-0.1643,0,0,,,-0.1209,,,,,,,,,,,,
spelad,GR,2025/26,2025-12-20,16:00,Volos NFC,Panetolikos,1,0,H,9,14,3,4,1.0132,1.4693,skott,,4,9,13,14,3,1,0,0,0.4851,0.2856,0.2292,0.488,0.2849,0.2271,0,1.96,3.3,4.5,1.97,3.33,4.4,0.4222,0.4286,-0.1021,0.5532,0.0698,0,19,0.1579,0.0369,0.0218,0,0,,,0.0079,,,,,,,,,,,,
spelad,GR,2025/26,2025-12-21,19:00,AEK,OFI Crete,2,1,H,15,12,5,3,1.6886,1.1907,skott,,5,3,20,15,4,4,0,0,0.7982,0.137,0.0648,0.8109,0.1276,0.0615,0,1.17,7.5,17,1.16,8,18,0.6154,0.6393,0.3921,0.0524,0.7422,-1,17,1.7647,0.1605,-0.1442,0,0,,,0.0289,,,,,,,,,,,,
spelad,GR,2025/26,2025-12-21,15:30,Larisa,Atromitos,0,0,D,4,9,2,0,0.5571,0.5327,skott,,1,4,19,18,2,5,0,0,0.3446,0.3054,0.3499,0.3243,0.3101,0.3656,0,2.75,3.1,2.75,3,3.1,2.63,0.4173,0.4047,-0.4354,0.776,-0.2899,1,10,-1.2,-0.327,0.0968,0,0,,,-0.0564,,,,,,,,,,,,
spelad,GR,2025/26,2025-12-21,17:30,PAOK,Panathinaikos,2,0,H,16,3,11,1,2.7086,0.3377,skott,,7,3,13,11,1,3,0,0,0.4661,0.2802,0.2537,0.5028,0.2724,0.2248,0,2,3.5,3.8,1.91,3.6,4.4,0.4558,0.4453,0.5533,-1.0653,0.3708,0,28,0.3214,-0.0809,-0.0344,0,0,,,0.1024,,,,,,,,,,,,
spelad,GR,2025/26,2025-12-22,16:00,Panserraikos,Levadeiakos,0,2,A,8,17,1,6,0.6337,1.9671,skott,,2,7,14,10,2,2,2,0,0.1748,0.2417,0.5835,0.1575,0.2376,0.6049,0,5.75,4,1.67,6.5,4.2,1.56,0.5041,0.4879,-0.8834,2.0374,-1.0968,0,5,-2.4,-0.7898,-0.0741,0,0,,,-0.0562,,,,,,,,,,,,
spelad,GR,2025/26,2026-01-10,17:30,Atromitos,Olympiakos,0,2,A,4,9,2,5,0.5571,1.3334,skott,,2,5,16,15,3,2,0,0,0.0937,0.181,0.7253,0.0944,0.1873,0.7183,0,11,5.6,1.3,11,5.25,1.3,0.527,0.5189,-0.423,-0.0053,-0.3365,-1,16,-2.25,-0.2952,0.044,0,0,,,0.0083,,,,,,,,,,,,
spelad,GR,2025/26,2026-01-10,15:00,Kifisia,Larisa,1,1,D,23,13,6,7,2.3223,1.8905,skott,,4,4,18,14,4,4,0,1,0.5693,0.247,0.1837,0.5039,0.2746,0.2215,0,1.62,4,5.3,1.85,3.6,4.33,0.4865,0.4415,0.458,-0.6444,0.4552,1,,,,,0,0,,,-0.1686,,,,,,,,,,,,
spelad,GR,2025/26,2026-01-10,17:30,Panetolikos,PAOK,0,3,A,2,23,1,8,0.2785,2.6426,skott,,5,8,14,13,3,1,0,0,0.1215,0.2089,0.6696,0.1009,0.1824,0.7167,0,8.5,4.75,1.4,10.5,5.5,1.32,0.5148,0.5623,-0.3635,0.6971,-0.0511,1,16,-2.8125,-0.4383,-0.1289,0,0,,,-0.0883,,,,,,,,,,,,
spelad,GR,2025/26,2026-01-11,17:30,Aris,AEK,1,1,D,10,8,4,2,1.2325,0.7938,skott,,7,4,14,13,3,2,0,0,0.1747,0.2601,0.5652,0.2277,0.2815,0.4908,0,6,3.8,1.67,4.5,3.4,1.95,0.4339,0.4297,-0.5955,0.151,-0.5863,1,25,-1.2,-0.0507,-0.0541,0,0,,,0.1804,,,,,,,,,,,,
spelad,GR,2025/26,2026-01-11,14:00,Levadeiakos,Volos NFC,3,1,H,14,13,6,2,1.7896,1.0898,skott,,1,3,11,16,1,3,0,0,0.5657,0.2511,0.1833,0.6071,0.2357,0.1572,0,1.65,3.8,5.33,1.58,4.2,6.5,0.4892,0.4892,-0.1154,-0.4602,-0.0992,-2,6,0,0.2599,-0.3096,0,0,,,0.1089,,,,,,,,,,,,
spelad,GR,2025/26,2026-01-11,15:30,OFI Crete,Asteras Tripolis,4,0,H,18,15,7,3,2.1865,1.3683,skott,,2,6,15,13,1,3,0,1,0.3492,0.3029,0.3479,0.3665,0.3085,0.3249,0,2.75,3.15,2.83,2.63,3.1,3.2,0.4301,0.4158,-0.0155,-0.0023,-0.3548,-1,20,-1.2,-0.5169,-0.0951,0,0,,,0.0576,,,,,,,,,,,,
spelad,GR,2025/26,2026-01-11,19:00,Panathinaikos,Panserraikos,3,0,H,19,4,10,2,2.7261,0.5571,skott,,10,1,13,12,1,5,0,1,0.8248,0.1209,0.0542,0.8082,0.1322,0.0597,0,1.14,9,21,1.18,8.5,18,0.6384,0.601,0.6727,-1.6575,0.6556,1,5,2.4,0.2857,0.0141,0,0,,,-0.0388,,,,,,,,,,,,
spelad,GR,2025/26,2026-01-17,13:30,Panserraikos,Kifisia,2,1,H,16,8,12,3,2.8688,0.954,skott,,7,3,22,17,4,3,0,0,0.257,0.2799,0.4631,0.2539,0.2855,0.4606,0,3.8,3.4,2,3.8,3.3,2.08,0.4572,0.4263,-0.4915,1.5201,-0.7737,-1,4,0,-0.0897,0.228,0,0,,,-0.0037,,,,,,,,,,,,
spelad,GR,2025/26,2026-01-18,19:00,AEK,Panathinaikos,4,0,H,12,12,5,3,1.511,1.1907,skott,,2,3,17,13,1,1,0,0,0.4644,0.2815,0.2541,0.489,0.2829,0.2281,0,2.05,3.4,3.9,1.93,3.4,4.33,0.4558,0.435,0.7483,-0.4287,0.8158,0,28,0.2143,-0.1907,0.0603,0,0,,,0.0752,,,,,,,,,,,,
spelad,GR,2025/26,2026-01-18,15:00,Larisa,Aris,1,0,H,12,7,5,1,1.511,0.5745,skott,,4,6,26,21,5,4,0,0,0.2552,0.3023,0.4425,0.2361,0.3013,0.4626,0,4,3.2,2.15,4.2,3.15,2.05,0.4026,0.3882,-0.654,0.8111,-0.6377,1,7,-1.2857,-0.1985,0.0007,0,0,,,-0.0583,,,,,,,,,,,,
spelad,GR,2025/26,2026-01-18,17:00,PAOK,OFI Crete,3,0,H,12,3,5,1,1.511,0.3377,skott,,6,0,14,8,1,3,0,0,0.8184,0.1222,0.0594,0.8054,0.1279,0.0668,0,1.15,9,18,1.17,8.5,17,0.6634,0.6683,-0.0695,0.443,0.0312,1,17,1.7647,0.0977,-0.0274,0,0,,,-0.0335,,,,,,,,,,,,
spelad,GR,2025/26,2026-01-19,16:00,Panetolikos,Levadeiakos,1,3,A,16,11,3,6,1.4275,1.612,skott,,6,5,14,13,2,2,0,0,0.213,0.2794,0.5076,0.1938,0.2625,0.5437,0,4.6,3.5,1.88,5,3.8,1.74,0.4362,0.457,-0.5713,0.8766,-0.552,1,11,0,-0.008,0.1367,0,0,,,-0.0743,,,,,,,,,,,,
spelad,GR,2025/26,2026-01-19,18:00,Volos NFC,Atromitos,0,3,A,7,15,1,9,0.5745,2.3292,skott,,3,4,15,18,6,3,0,0,0.4496,0.2925,0.2578,0.4326,0.3016,0.2658,0,2.08,3.25,3.9,2.2,3.2,3.75,0.4158,0.4121,0.8773,-0.7277,0.9247,-1,17,0.1765,0.2257,-0.0554,0,0,,,-0.0421,,,,,,,,,,,,
spelad,GR,2025/26,2026-01-24,17:30,Asteras Tripolis,AEK,0,1,A,15,9,2,2,1.2082,0.853,skott,,10,8,8,18,2,4,0,0,0.1508,0.241,0.6082,0.127,0.2125,0.6605,0,7,4,1.56,8,4.6,1.43,0.4731,0.5162,-0.8969,1.091,-0.7151,7,18,-2.3333,-0.4884,-0.0114,0,0,,,-0.0999,,,,,,,,,,,,
spelad,GR,2025/26,2026-01-24,18:00,Larisa,Panserraikos,1,0,H,16,3,8,1,2.2282,0.3377,skott,,5,1,18,13,5,4,0,1,0.5241,0.284,0.1919,0.5027,0.2977,0.1996,0,1.83,3.4,5.33,1.88,3.25,5.5,0.3897,0.3852,0.1257,-0.8588,0.1982,-1,,,,,0,0,,,-0.0505,,,,,,,,,,,,
spelad,GR,2025/26,2026-01-24,15:00,Olympiakos,Volos NFC,1,0,H,17,6,4,3,1.6469,0.8356,skott,,13,3,11,10,0,0,0,0,0.8075,0.135,0.0575,0.7781,0.1548,0.0671,0,1.17,8,21,1.21,7,17,0.6148,0.5801,0.2005,-0.0964,0.1251,7,15,2.4,0.1274,0.047,0,0,,,-0.0683,,,,,,,,,,,,
spelad,GR,2025/26,2026-01-25,14:00,Aris,Levadeiakos,2,2,D,19,8,6,2,2.0855,0.7938,skott,,7,6,17,15,6,5,0,0,0.3599,0.2989,0.3412,0.3596,0.3163,0.3241,0,2.6,3.25,2.75,2.65,3,3,0.4301,0.3852,-0.5084,0.632,-0.6645,1,7,0.4286,-0.3202,0.0271,0,0,,,0.0164,,,,,,,,,,,,
spelad,GR,2025/26,2026-01-25,17:30,Atromitos,Panathinaikos,0,0,D,11,9,4,3,1.2917,1.0132,skott,,1,2,16,17,2,2,0,0,0.1713,0.256,0.5727,0.2326,0.3021,0.4653,0,6,3.75,1.65,4.33,3.1,2.05,0.4558,0.3807,-0.418,0.2373,0.0613,-1,16,-1.5,-0.1903,-0.1402,0,0,,,0.2302,,,,,,,,,,,,
spelad,GR,2025/26,2026-01-25,16:00,OFI Crete,Panetolikos,1,0,H,14,11,5,5,1.6294,1.4518,skott,,4,5,16,13,1,3,0,1,0.466,0.286,0.2481,0.5028,0.2771,0.2201,0,2.05,3.3,4.2,1.86,3.4,4.5,0.4744,0.4731,0.4134,-1.2223,0.2511,1,19,-0.6316,-0.4276,-0.1391,0,0,,,0.1016,,,,,,,,,,,,
spelad,GR,2025/26,2026-01-31,16:00,Atromitos,OFI Crete,1,2,A,15,6,1,4,1.0481,0.9957,skott,,8,2,14,14,2,3,0,0,0.4783,0.28,0.2417,0.5246,0.2741,0.2013,0,1.98,3.4,4,1.87,3.6,5.25,0.4599,0.4519,-0.6483,0.9871,-0.3067,0,21,0.1429,-0.0573,0.2747,0,0,,,0.1329,,,,,,,,,,,,
spelad,GR,2025/26,2026-01-31,15:00,Panetolikos,Aris,0,1,A,1,22,1,7,0.2193,2.4233,skott,,1,5,12,19,1,2,1,0,0.2403,0.2914,0.4683,0.1785,0.2733,0.5482,0,4,3.3,2.02,5.75,3.6,1.71,0.411,0.3943,-0.3317,0.7012,-0.2704,0,15,-0.8,0.2857,-0.1872,0,0,,,-0.2035,,,,,,,,,,,,
spelad,GR,2025/26,2026-01-31,18:00,Volos NFC,Larisa,0,2,A,12,18,2,7,1.0306,2.1865,skott,,7,4,15,22,1,0,1,0,0.4483,0.2936,0.2581,0.4292,0.3026,0.2682,0,2.12,3.3,3.85,2.25,3.1,3.85,0.4125,0.3943,-0.1641,0.2332,-0.3185,0,7,0,0.0253,0.1274,0,0,,,-0.0483,,,,,,,,,,,,
spelad,GR,2025/26,2026-02-01,19:00,AEK,Olympiakos,1,1,D,9,11,4,6,1.1733,1.612,skott,,3,1,14,21,3,5,0,0,0.3498,0.3005,0.3498,0.3754,0.2974,0.3272,0,2.71,3.25,2.75,2.54,3.25,2.9,0.4312,0.457,0.8241,-1.4936,0.5684,0,28,-1.3929,-0.5118,-0.0349,0,0,,,0.0739,,,,,,,,,,,,
spelad,GR,2025/26,2026-02-01,14:00,Levadeiakos,Asteras Tripolis,3,1,H,10,18,4,5,1.2325,1.8662,skott,,3,6,18,22,3,4,0,0,0.5919,0.248,0.1601,0.5353,0.2684,0.1963,0,1.62,4,6.33,1.81,3.6,5.5,0.4798,0.4584,0.8895,-1.2173,0.7069,-1,9,0,0.1743,0.2562,0,0,,,-0.1495,,,,,,,,,,,,
spelad,GR,2025/26,2026-02-01,15:30,Panathinaikos,Kifisia,3,0,H,14,7,6,4,1.7896,1.0549,skott,,4,5,14,24,2,7,0,1,0.6982,0.1944,0.1074,0.6238,0.2373,0.1388,0,1.35,5,9.5,1.52,4.1,7,0.5283,0.4468,0.2609,0.1124,-0.0767,-7,3,0,-1.0084,0.1578,0,0,,,-0.1801,,,,,,,,,,,,
spelad,GR,2025/26,2026-02-01,17:30,PAOK,Panserraikos,4,1,H,13,5,6,1,1.7304,0.4561,skott,,6,1,7,8,0,0,0,0,0.8773,0.0868,0.0359,0.8487,0.1045,0.0468,0,1.08,15,31,1.14,11,29,0.6934,0.6761,0.7527,-1.376,0.6102,6,5,3,0.5898,-0.1637,0,0,,,-0.068,,,,,,,,,,,,
spelad,GR,2025/26,2026-02-04,16:30,Asteras Tripolis,Olympiakos,0,3,A,3,20,2,9,0.4979,2.6251,skott,,0,7,15,19,1,2,0,0,0.1003,0.1984,0.7013,0.0794,0.1809,0.7397,0,11,5,1.33,13,5.6,1.27,0.4932,0.4973,-0.5001,0.3898,-0.3945,0,17,-2.1176,-0.2074,-0.0292,0,0,,,-0.0803,,,,,,,,,,,,
spelad,GR,2025/26,2026-02-07,16:00,Asteras Tripolis,Volos NFC,2,0,H,9,12,2,1,0.853,0.8705,skott,,11,5,10,19,1,3,0,0,0.5151,0.2779,0.207,0.5391,0.2704,0.1905,0,1.84,3.5,4.75,1.73,3.6,5.33,0.4016,0.4377,-0.2961,0.4537,-0.0748,-4,16,0.375,0.0366,-0.0416,0,0,,,0.0645,,,,,,,,,,,,
spelad,GR,2025/26,2026-02-07,18:00,Kifisia,Atromitos,0,1,A,11,7,2,4,0.9714,1.0549,skott,,4,4,12,17,0,2,0,0,0.383,0.3033,0.3137,0.3391,0.3034,0.3575,0,2.5,3.25,3,2.83,3.2,2.66,0.4041,0.4125,-0.128,0.1116,-0.3057,-1,4,1.5,0.9493,-0.297,0,0,,,-0.1315,,,,,,,,,,,,
spelad,GR,2025/26,2026-02-07,15:00,Larisa,Panetolikos,1,4,A,11,8,2,5,0.9714,1.2743,skott,,5,2,17,19,4,2,0,0,0.5247,0.2774,0.1979,0.5086,0.2886,0.2028,0,1.84,3.4,5.25,1.9,3.4,5.1,0.4073,0.3897,0.6089,-0.7337,0.9286,0,10,0,-0.1055,0.0947,0,0,,,-0.037,,,,,,,,,,,,
spelad,GR,2025/26,2026-02-08,17:00,Aris,PAOK,0,0,D,8,13,2,4,0.7938,1.4101,skott,,4,4,12,10,4,3,0,0,0.2509,0.2889,0.4602,0.2424,0.2854,0.4722,0,3.8,3.4,2.08,4,3.4,2,0.4199,0.4335,-0.5144,0.9563,-0.2266,1,25,-0.12,0.3684,0.0485,0,0,,,-0.0291,,,,,,,,,,,,
spelad,GR,2025/26,2026-02-08,15:00,OFI Crete,Levadeiakos,3,2,H,11,9,5,4,1.4518,1.1733,skott,,3,6,17,14,1,2,0,0,0.2874,0.2958,0.4168,0.2683,0.3017,0.43,0,3.6,3.3,2.28,3.9,3.3,2.25,0.4771,0.4558,-0.0668,0.1658,0.1012,1,8,-0.375,-0.3864,0.0822,0,0,,,-0.0515,,,,,,,,,,,,
spelad,GR,2025/26,2026-02-08,19:00,Olympiakos,Panathinaikos,0,1,A,12,7,3,4,1.1907,1.0549,skott,,2,2,12,12,1,3,0,0,0.6065,0.2404,0.1531,0.6601,0.2276,0.1123,0,1.56,4.1,6.5,1.46,4.33,9,0.4717,0.4312,0.0624,0.1936,0.3952,-3,27,0.1111,-0.4194,0.17,0,0,,,0.1481,,,,,,,,,,,,
spelad,GR,2025/26,2026-02-08,14:00,Panserraikos,AEK,0,4,A,3,20,1,6,0.3377,2.1447,skott,,0,9,11,11,4,3,1,0,0.074,0.1493,0.7767,0.0778,0.1608,0.7615,0,13,7,1.21,14,6.5,1.24,0.6057,0.5623,-1.4214,2.5571,-0.9507,0,5,-0.6,0.6357,0.2577,0,0,,,0.0227,,,,,,,,,,,,
spelad,GR,2025/26,2026-02-14,17:30,Levadeiakos,Olympiakos,0,0,D,3,23,2,3,0.4979,1.8419,skott,,2,8,9,16,3,1,1,0,0.1384,0.2216,0.64,0.1449,0.2344,0.6207,0,7.5,4.5,1.47,7,4.2,1.52,0.5027,0.4665,0.8046,-1.3163,0.6691,0,8,-2.25,-0.1266,0.0926,0,0,,,0.0321,,,,,,,,,,,,
spelad,GR,2025/26,2026-02-14,15:00,Panetolikos,Asteras Tripolis,3,1,H,16,7,4,3,1.5877,0.8948,skott,,6,2,10,10,2,2,0,0,0.2781,0.304,0.4178,0.3244,0.304,0.3717,0,3.5,3.25,2.25,3.1,3.1,2.57,0.3907,0.4026,0.3018,-0.3429,0.349,0,20,-1.05,-0.4007,0.2536,0,0,,,0.1387,,,,,,,,,,,,
spelad,GR,2025/26,2026-02-14,18:00,Volos NFC,Aris,1,1,D,16,4,4,1,1.5877,0.3969,skott,,4,1,14,13,2,3,0,1,0.2362,0.2985,0.4652,0.2653,0.313,0.4216,0,4.5,3.2,2.12,3.7,3.15,2.28,0.3907,0.3817,-0.3908,0.4591,-0.6578,1,15,-1.2,0.0677,-0.1854,0,0,,,0.1019,,,,,,,,,,,,
spelad,GR,2025/26,2026-02-15,15:30,Kifisia,OFI Crete,2,2,D,25,6,10,3,3.0813,0.8356,skott,,4,2,19,19,3,2,0,0,0.4119,0.2931,0.295,0.4453,0.2828,0.2719,0,2.3,3.4,3.33,2.15,3.4,3.6,0.4811,0.4852,-1.1861,0.9854,-1.358,1,4,1.5,0.8082,0.22,0,0,,,0.0899,,,,,,,,,,,,
spelad,GR,2025/26,2026-02-15,19:00,Panathinaikos,Larisa,1,1,D,16,8,4,3,1.5877,0.954,skott,,4,1,19,15,3,2,0,0,0.698,0.1996,0.1024,0.658,0.2258,0.1162,0,1.35,5,10.5,1.46,4.35,8.9,0.4838,0.4468,0.3056,-0.5735,-0.2924,-1,8,1.125,0.1147,0.0844,0,0,,,-0.0937,,,,,,,,,,,,
spelad,GR,2025/26,2026-02-15,17:30,PAOK,AEK,0,0,D,8,12,1,1,0.6337,0.8705,skott,,7,5,12,12,4,4,0,0,0.4285,0.2813,0.2902,0.4112,0.308,0.2808,0,2.3,3.4,3.4,2.37,3.2,3.6,0.4784,0.4173,-0.4714,1.2535,-0.1611,0,28,0.4286,0.2071,0.0708,0,0,,,-0.0253,,,,,,,,,,,,
spelad,GR,2025/26,2026-02-16,16:00,Atromitos,Panserraikos,2,2,D,15,6,4,4,1.5285,0.9957,skott,,4,3,16,18,3,3,0,1,0.6313,0.2335,0.1352,0.6715,0.2201,0.1085,0,1.54,4.2,9,1.43,4.5,9.5,0.4465,0.4365,0.5662,-1.2445,0.7227,1,6,1,0.1272,0.367,0,0,,,0.1071,,,,,,,,,,,,
spelad,GR,2025/26,2026-02-21,15:00,Asteras Tripolis,Atromitos,1,2,A,15,8,4,3,1.5285,0.954,skott,,6,6,20,12,2,1,0,0,0.3908,0.3021,0.3071,0.3554,0.3099,0.3347,0,2.45,3.2,3.15,2.71,3.1,2.85,0.399,0.3852,-0.6663,1.0976,-0.8549,2,21,0.2857,0.123,0.0187,0,0,,,-0.0984,,,,,,,,,,,,
spelad,GR,2025/26,2026-02-21,15:00,Olympiakos,Panetolikos,2,0,H,27,5,9,1,3.0395,0.4561,skott,,12,4,12,13,1,2,0,0,0.8419,0.1125,0.0456,0.803,0.1384,0.0586,0,1.12,10,26,1.19,8,17,0.6511,0.5737,-0.1766,0.1733,-0.4394,0,16,2.8125,0.4437,-0.0979,0,0,,,-0.0908,,,,,,,,,,,,
spelad,GR,2025/26,2026-02-22,18:00,AEK,Levadeiakos,4,0,H,15,6,5,1,1.6886,0.5153,skott,,3,3,20,17,3,2,0,0,0.6552,0.2179,0.1269,0.646,0.2179,0.1361,0,1.43,4.6,8,1.46,4.5,7.5,0.5081,0.5041,-0.1055,-0.2067,-0.1076,-1,8,2.625,0.3056,-0.0301,0,0,,,-0.0277,,,,,,,,,,,,
spelad,GR,2025/26,2026-02-22,17:00,Aris,Kifisia,1,1,D,24,14,5,4,2.2214,1.4693,skott,,9,3,17,19,3,3,0,0,0.5309,0.2741,0.195,0.5241,0.2754,0.2005,0,1.78,3.6,5.25,1.82,3.5,5,0.4099,0.4301,0.815,-0.7278,0.71,1,3,2,0.3809,0.0833,0,0,,,-0.019,,,,,,,,,,,,
spelad,GR,2025/26,2026-02-22,16:00,Larisa,PAOK,1,1,D,6,10,2,1,0.6754,0.7521,skott,,4,5,13,12,4,0,0,0,0.1032,0.1958,0.701,0.1286,0.2393,0.6321,0,10,5.25,1.37,8,4,1.51,0.5175,0.4237,-0.0111,0.6349,0.351,0,7,-2.1429,-0.1584,0.103,0,0,,,0.1196,,,,,,,,,,,,
spelad,GR,2025/26,2026-02-22,14:00,OFI Crete,Panathinaikos,0,2,A,4,12,3,4,0.7172,1.3509,skott,,2,7,15,20,2,3,1,0,0.2406,0.273,0.4864,0.2274,0.2734,0.4992,0,4.2,3.5,1.95,4.5,3.5,1.88,0.4545,0.4519,0.4051,-0.779,0.8329,0,16,-0.375,0.2474,0.1235,0,0,,,-0.0394,,,,,,,,,,,,
spelad,GR,2025/26,2026-02-22,14:00,Panserraikos,Volos NFC,2,1,H,7,12,2,3,0.7346,1.1907,skott,,2,3,16,17,1,3,0,0,0.2142,0.2747,0.5111,0.2295,0.2912,0.4793,0,4.6,3.6,1.82,4.33,3.4,2.01,0.4199,0.3943,0.3536,0.0853,0.4171,-2,8,-0.75,-0.2327,-0.0132,0,0,,,0.0623,,,,,,,,,,,,
spelad,GR,2025/26,2026-02-28,17:30,Atromitos,Panetolikos,1,0,H,9,6,3,4,1.0132,0.9957,skott,,4,0,14,20,5,3,0,0,0.4737,0.2978,0.2285,0.5339,0.2758,0.1902,0,2.05,3.25,4.35,1.75,3.5,5.66,0.4041,0.4312,0.3318,0.0485,0.2226,0,20,0.6,0.2199,-0.1016,0,0,,,0.1589,,,,,,,,,,,,
spelad,GR,2025/26,2026-02-28,18:00,Kifisia,Levadeiakos,1,0,H,9,8,2,2,0.853,0.7938,skott,,3,5,21,16,6,2,0,0,0.2987,0.2883,0.413,0.3619,0.2952,0.3429,0,3.35,3.33,2.3,2.6,3.25,2.8,0.4587,0.448,-1.213,1.0758,-0.8644,0,,,,,0,0,,,0.1967,,,,,,,,,,,,
spelad,GR,2025/26,2026-02-28,15:00,OFI Crete,Larisa,3,0,H,9,10,4,4,1.1733,1.2325,skott,,4,7,13,20,0,4,0,0,0.3683,0.3055,0.3262,0.3975,0.3082,0.2943,0,2.62,3.2,2.95,2.6,3.13,3.5,0.4173,0.4199,0.4405,-0.7364,0.1608,0,8,0.375,0.0528,0.073,0,0,,,0.0903,,,,,,,,,,,,
spelad,GR,2025/26,2026-03-01,18:00,Panathinaikos,Aris,3,1,H,10,13,3,1,1.0724,0.9297,skott,,1,5,12,13,2,3,0,0,0.497,0.2934,0.2096,0.5228,0.2905,0.1867,0,1.9,3.25,4.75,1.81,3.25,5.5,0.3703,0.3719,0.3509,-0.3292,0.2381,0,25,0.48,0.0913,-0.0157,0,0,,,0.0745,,,,,,,,,,,,
spelad,GR,2025/26,2026-03-01,14:00,Panserraikos,Olympiakos,1,2,A,4,21,2,10,0.5571,2.8445,skott,,1,5,8,12,1,1,0,0,0.0458,0.1166,0.8376,0.0534,0.1347,0.8119,0,26,9,1.12,21,7.5,1.17,0.6183,0.5737,0.3778,0.0017,0.5873,-1,5,-3,-0.2855,-0.1226,0,0,,,0.0409,,,,,,,,,,,,
spelad,GR,2025/26,2026-03-01,17:00,PAOK,Asteras Tripolis,2,0,H,22,3,9,1,2.7435,0.3377,skott,,6,1,11,18,0,2,0,0,0.7323,0.1767,0.0911,0.7218,0.1823,0.0959,0,1.29,5.5,11,1.3,5.5,10.75,0.5561,0.5455,0.787,-1.4095,0.5401,-1,18,1.3333,-0.0486,-0.0061,0,0,,,-0.0257,,,,,,,,,,,,
spelad,GR,2025/26,2026-03-01,15:30,Volos NFC,AEK,2,2,D,6,17,4,5,0.9957,1.807,skott,,1,7,18,20,6,3,0,0,0.0976,0.1851,0.7172,0.0968,0.1907,0.7125,0,11,5.5,1.3,10.5,5.25,1.32,0.5376,0.5282,-1.3004,2.248,-1.0311,0,15,-1.6,0.1894,-0.1067,0,0,,,0.0029,,,,,,,,,,,,
spelad,GR,2025/26,2026-03-04,18:00,Kifisia,PAOK,1,4,A,7,9,4,4,1.0549,1.1733,skott,,1,2,18,22,1,2,0,0,0.1497,0.2257,0.6246,0.1215,0.2101,0.6685,0,6.5,4.5,1.52,8.5,5,1.4,0.5027,0.4866,-0.422,0.4982,-0.4575,1,3,-3,-0.4754,-0.1774,0,0,,,-0.1005,,,,,,,,,,,,
spelad,GR,2025/26,2026-03-04,16:00,Panathinaikos,OFI Crete,4,1,H,18,4,14,2,3.3075,0.5571,skott,,5,0,14,9,1,3,0,0,0.6607,0.2135,0.1258,0.682,0.2049,0.1131,0,1.42,4.75,8,1.39,5,9,0.5067,0.5121,-0.361,0.5586,-0.458,-1,17,0.5294,-0.2768,0.1001,0,0,,,0.0552,,,,,,,,,,,,
spelad,GR,2025/26,2026-03-07,16:00,AEK,Larisa,1,0,H,20,9,8,2,2.465,0.853,skott,,7,3,13,14,2,3,0,0,0.7561,0.1651,0.0787,0.79,0.1455,0.0646,0,1.25,6,13.5,1.22,7.5,17,0.5661,0.5838,0.4552,-1.8101,-0.2668,-1,7,0.8571,-0.395,0.1861,0,0,,,0.0819,,,,,,,,,,,,
spelad,GR,2025/26,2026-03-07,15:00,Aris,Atromitos,0,0,D,7,11,3,1,0.8948,0.8113,skott,,2,8,17,18,0,3,1,0,0.4794,0.2916,0.2289,0.4854,0.2953,0.2193,0,2.05,3.33,4.33,1.93,3.2,4.75,0.3897,0.3782,-0.7654,0.679,-0.7545,-1,17,0.7059,0.0217,0.0039,0,0,,,0.0214,,,,,,,,,,,,
spelad,GR,2025/26,2026-03-08,14:00,Asteras Tripolis,Panserraikos,0,1,A,8,10,0,6,0.4736,1.5528,skott,,4,2,18,16,2,4,1,0,0.6158,0.2418,0.1424,0.57,0.2585,0.1715,0,1.51,4.1,7.5,1.65,3.9,5.75,0.4403,0.4286,-0.843,0.8755,-0.949,0,6,-2,-0.888,-0.3075,0,0,,,-0.1208,,,,,,,,,,,,
spelad,GR,2025/26,2026-03-08,17:00,Levadeiakos,Panathinaikos,1,4,A,7,14,2,8,0.7346,2.1098,skott,,3,3,13,19,2,3,0,0,0.28,0.2935,0.4265,0.2932,0.3008,0.406,0,3.6,3.3,2.2,3.3,3.2,2.33,0.4199,0.4312,-0.1407,-0.1321,-0.4881,4,7,-2.1429,-0.26,0.0743,0,0,,,0.0469,,,,,,,,,,,,
spelad,GR,2025/26,2026-03-08,19:00,Olympiakos,PAOK,0,0,D,19,5,2,1,1.445,0.4561,skott,,8,3,9,11,1,1,0,0,0.4967,0.2788,0.2244,0.508,0.2763,0.2157,0,1.94,3.4,4.33,1.88,3.6,4.75,0.4211,0.4199,-0.3206,1.089,-0.1829,3,27,0.4444,0.1421,-0.1001,0,0,,,0.0314,,,,,,,,,,,,
spelad,GR,2025/26,2026-03-08,15:00,Volos NFC,OFI Crete,1,1,D,16,12,6,3,1.9079,1.1907,skott,,9,4,11,11,1,3,0,0,0.4106,0.2876,0.3018,0.4239,0.2944,0.2817,0,2.26,3.4,3.25,2.28,3.25,3.4,0.4504,0.4441,-1.552,1.4862,-1.4021,3,16,-0.1875,0.0688,-0.1027,0,0,,,0.0467,,,,,,,,,,,,
spelad,GR,2025/26,2026-03-09,16:00,Panetolikos,Kifisia,2,1,H,14,9,5,1,1.6294,0.6929,skott,,6,5,13,12,3,2,1,0,0.3988,0.2981,0.3031,0.3263,0.3097,0.364,0,2.35,3.25,3.3,2.9,3.1,2.66,0.4199,0.4162,0.3212,-0.9585,0.4336,4,4,1.5,0.7783,0.2119,0,0,,,-0.2059,,,,,,,,,,,,
spelad,GR,2025/26,2026-03-14,18:00,Larisa,Asteras Tripolis,1,1,D,15,15,4,3,1.5285,1.3683,skott,,6,5,14,16,3,2,0,0,0.3952,0.3064,0.2984,0.4855,0.295,0.2195,0,2.45,3.1,3.4,2,3.2,4.5,0.3872,0.3923,0.5602,-0.103,1.0655,1,8,-0.75,-0.0163,-0.0561,0,0,,,0.2593,,,,,,,,,,,,
spelad,GR,2025/26,2026-03-14,15:00,OFI Crete,Olympiakos,0,3,A,2,14,1,7,0.2785,1.9497,skott,,0,1,13,15,2,3,0,0,0.0825,0.1742,0.7433,0.1021,0.1839,0.714,0,13,6,1.3,10,5.33,1.31,0.552,0.5623,1.0589,-1.4649,0.9228,0,17,-2.6471,-0.2804,-0.1718,0,0,,,0.0685,,,,,,,,,,,,
spelad,GR,2025/26,2026-03-14,17:30,Panserraikos,Aris,0,0,D,13,9,5,2,1.5702,0.853,skott,,6,6,11,17,1,1,0,1,0.1673,0.2628,0.5699,0.206,0.2874,0.5065,0,6.1,3.7,1.65,5,3.4,1.88,0.4147,0.3772,0.6962,-0.3374,1.1083,-1,5,-1.8,-0.3675,0.145,0,0,,,0.1408,,,,,,,,,,,,
spelad,GR,2025/26,2026-03-15,17:30,Atromitos,AEK,2,2,D,12,14,6,6,1.6712,1.7896,skott,,1,7,20,17,2,2,0,0,0.1566,0.2398,0.6036,0.1202,0.2168,0.663,0,6.33,4,1.55,9,4.5,1.45,0.4677,0.496,-0.1067,0.7368,0.1576,0,15,-2.2,-0.2318,-0.2168,0,0,,,-0.1322,,,,,,,,,,,,
spelad,GR,2025/26,2026-03-15,14:00,Kifisia,Volos NFC,2,0,H,12,11,7,2,1.8313,0.9714,skott,,3,6,21,15,2,3,0,0,0.4327,0.2889,0.2784,0.4345,0.3006,0.265,0,2.15,3.3,3.5,2.16,3.2,3.75,0.4263,0.4278,0.3018,-0.1354,0.2222,-1,4,-1.5,-0.7924,0.1995,0,0,,,0.0169,,,,,,,,,,,,
spelad,GR,2025/26,2026-03-15,19:00,Panathinaikos,Panetolikos,0,0,D,17,11,6,3,1.9671,1.1316,skott,,5,6,10,14,0,1,0,0,0.7104,0.1913,0.0983,0.6251,0.2322,0.1426,0,1.32,5.33,10,1.51,4.2,7.3,0.5175,0.4677,0.7891,-0.7387,0.5303,1,15,2,0.4,-0.1717,0,0,,,-0.2147,,,,,,,,,,,,
spelad,GR,2025/26,2026-03-15,16:00,PAOK,Levadeiakos,3,0,H,9,3,3,1,1.0132,0.3377,skott,,9,4,15,9,2,2,0,0,0.7009,0.191,0.1081,0.7192,0.1849,0.0959,0,1.34,5.5,10,1.32,6,11,0.5337,0.5428,0.1842,-0.6987,0.2984,0,7,2.5714,0.4777,-0.058,0,0,,,0.0489,,,,,,,,,,,,
spelad,GR,2025/26,2026-03-22,17:00,AEK,Kifisia,3,0,H,12,14,5,4,1.511,1.4693,skott,,3,5,15,17,1,4,0,0,0.7954,0.1423,0.0624,0.7816,0.1463,0.0721,0,1.17,7.5,19,1.22,6.5,17.5,0.6077,0.6203,0.6041,-1.3218,0.1266,0,3,2,-0.0893,0.178,0,0,,,-0.0373,,,,,,,,,,,,
spelad,GR,2025/26,2026-03-22,17:00,Aris,OFI Crete,0,2,A,35,8,10,4,3.6732,1.1141,skott,,7,3,13,14,4,3,0,0,0.5773,0.2513,0.1714,0.5627,0.2598,0.1774,0,1.67,3.8,6.33,1.68,3.7,6,0.4677,0.4572,-0.8577,0.9394,-0.8058,0,19,0.6316,-0.0992,0.0013,0,0,,,-0.0351,,,,,,,,,,,,
spelad,GR,2025/26,2026-03-22,17:00,Asteras Tripolis,Panathinaikos,1,2,A,8,12,2,5,0.7938,1.511,skott,,2,5,13,17,1,1,0,0,0.1955,0.2827,0.5218,0.1685,0.2599,0.5717,0,5.33,3.33,1.88,6,3.7,1.66,0.3943,0.4339,-1.1143,1.3444,-1.3713,1,17,-0.3529,0.2747,0.0193,0,0,,,-0.1041,,,,,,,,,,,,
spelad,GR,2025/26,2026-03-22,17:00,Levadeiakos,Atromitos,1,0,H,10,13,3,4,1.0724,1.4101,skott,,3,4,15,27,4,3,0,0,0.4498,0.2871,0.2631,0.4546,0.2924,0.253,0,2.14,3.35,3.9,2.1,3.25,4,0.4301,0.4301,-0.4142,0.6226,-0.7307,0,9,-1.6667,-0.5625,-0.0845,0,0,,,0.0198,,,,,,,,,,,,
spelad,GR,2025/26,2026-03-22,17:00,Olympiakos,Larisa,0,0,D,35,3,7,2,3.1928,0.4979,skott,,10,0,15,10,0,3,0,0,0.7765,0.1564,0.0672,0.8528,0.107,0.0402,0,1.2,6.5,17.5,1.12,10,32,0.5547,0.6504,-0.0842,-0.133,-0.2524,0,7,3,0.5297,-0.1507,0,0,,,0.1797,,,,,,,,,,,,
spelad,GR,2025/26,2026-03-22,17:00,Panetolikos,Panserraikos,0,0,D,22,9,3,1,1.7827,0.6929,skott,,9,1,10,7,2,2,0,0,0.4962,0.2844,0.2195,0.5026,0.2876,0.2098,0,1.92,3.4,4.5,1.88,3.35,5,0.4125,0.4089,0.006,-0.6793,0.0006,-1,7,1.7143,0.7672,0.1096,0,0,,,0.0225,,,,,,,,,,,,
spelad,GR,2025/26,2026-03-22,17:00,Volos NFC,PAOK,2,1,H,9,9,3,4,1.0132,1.1733,skott,,3,6,11,9,4,0,0,0,0.0921,0.1878,0.7201,0.0899,0.1932,0.7169,0,11.5,5.33,1.3,12,5,1.31,0.5202,0.5054,-1.2551,1.7253,-0.7387,0,15,-2.2,-0.0999,-0.0339,0,0,,,-0.0013,,,,,,,,,,,,
spelad,GR,2025/26,2026-04-04,16:00,Asteras Tripolis,Larisa,3,1,H,11,11,4,4,1.2917,1.2917,skott,,4,8,15,3,1,2,0,0,0.3773,0.3098,0.3129,0.4375,0.2959,0.2666,0,2.54,3.2,3.1,2.25,3.3,3.75,0.3807,0.4136,-0.1455,0.0399,-0.5786,0,9,0.6667,0.0695,0.0284,0,0,,,0.1667,,,,,,,,,,,,
spelad,GR,2025/26,2026-04-04,14:00,Kifisia,Panserraikos,1,2,A,16,6,6,3,1.9079,0.8356,skott,,9,1,23,14,5,2,0,0,0.574,0.246,0.18,0.5838,0.2511,0.1651,0,1.62,4,5.5,1.66,4,6,0.4759,0.4468,-0.5915,0.7354,-0.6357,0,5,-0.6,-0.4441,0.1253,0,0,,,0.0344,,,,,,,,,,,,
spelad,GR,2025/26,2026-04-04,18:00,Panetolikos,Atromitos,1,1,D,9,10,3,4,1.0132,1.2325,skott,,3,10,10,19,2,2,0,0,0.331,0.3035,0.3654,0.3502,0.3163,0.3336,0,2.9,3.2,2.66,2.75,3.1,3,0.4016,0.4016,-0.0153,-0.4832,0.2931,0,21,-0.7143,-0.153,-0.1099,0,0,,,0.0702,,,,,,,,,,,,
spelad,GR,2025/26,2026-04-05,15:00,Levadeiakos,Aris,1,1,D,9,13,2,3,0.853,1.2499,skott,,4,3,15,17,1,3,0,0,0.3937,0.2966,0.3097,0.4059,0.2956,0.2985,0,2.5,3.25,3.25,2.43,3.2,3.2,0.4052,0.4327,0.523,-0.3511,0.2899,0,8,-0.375,0.2204,0.1092,0,0,,,0.0356,,,,,,,,,,,,
spelad,GR,2025/26,2026-04-05,19:00,Olympiakos,AEK,0,1,A,6,7,1,1,0.5153,0.5745,skott,,5,3,12,16,1,2,0,0,0.5272,0.2683,0.2045,0.5351,0.2707,0.1943,0,1.8,3.5,5,1.78,3.6,5.33,0.4533,0.4507,-0.7006,1.5589,-0.3623,0,28,1.5,0.6046,0.0004,0,0,,,0.0259,,,,,,,,,,,,
spelad,GR,2025/26,2026-04-05,17:00,PAOK,Panathinaikos,0,0,D,7,9,1,2,0.5745,0.853,skott,,2,4,19,15,2,1,0,0,0.5465,0.2645,0.189,0.5576,0.2628,0.1797,0,1.76,3.6,5.5,1.68,3.7,5.75,0.443,0.4495,-0.5379,0.1093,-1.0382,0,29,0.4138,-0.0361,-0.0426,0,0,,,0.0315,,,,,,,,,,,,
spelad,GR,2025/26,2026-04-05,15:00,Volos NFC,OFI Crete,1,1,D,9,15,4,6,1.1733,1.8488,skott,,3,5,18,14,4,1,0,0,0.4103,0.2816,0.3081,0.4217,0.286,0.2924,0,2.36,3.4,3.15,2.28,3.4,3.33,0.4692,0.4892,-1.2429,1.719,-0.781,0,17,-0.1765,0.0314,-0.0551,0,0,,,0.0384,,,,,,,,,,,,
spelad,GR,2025/26,2026-04-08,17:00,Atromitos,Kifisia,0,0,D,12,6,1,3,0.8705,0.8356,skott,,4,2,15,20,2,6,0,1,0.462,0.2781,0.2599,0.4029,0.2976,0.2995,0,2.05,3.5,3.75,2.45,3.2,3.7,0.4403,0.4289,0.7607,-1.1218,0.5151,0,5,-0.6,-0.197,-0.2983,0,0,,,-0.158,,,,,,,,,,,,
spelad,GR,2025/26,2026-04-08,14:00,Larisa,Panetolikos,1,2,A,13,8,4,3,1.4101,0.954,skott,,5,1,15,16,2,3,1,0,0.4292,0.2921,0.2787,0.3755,0.3075,0.317,0,2.25,3.25,3.4,2.6,3.1,3.3,0.4099,0.3949,-0.6304,0.9416,-0.8967,0,11,-0.2727,-0.2609,0.0599,0,0,,,-0.1457,,,,,,,,,,,,
spelad,GR,2025/26,2026-04-08,15:00,Panserraikos,Asteras Tripolis,0,0,D,10,4,3,1,1.0724,0.3969,skott,,6,4,16,12,2,2,0,0,0.3112,0.301,0.3877,0.3152,0.3088,0.3759,0,3.1,3.2,2.5,3.14,3.1,2.55,0.3969,0.3719,0.6635,-0.2439,1.2365,0,7,2.1429,1.3428,-0.3005,0,0,,,0.0197,,,,,,,,,,,,
spelad,GR,2025/26,2026-04-18,17:00,Aris,Volos NFC,3,2,H,22,11,9,4,2.7435,1.2917,skott,,4,5,8,16,5,5,0,0,0.5586,0.261,0.1803,0.5778,0.2566,0.1655,0,1.68,3.75,6,1.63,3.75,6.5,0.4599,0.4545,-0.1242,0.1562,-0.5187,0,16,1.125,0.0742,-0.1308,0,0,,,0.0532,,,,,,,,,,,,
spelad,GR,2025/26,2026-04-18,15:00,Atromitos,Larisa,3,2,H,10,18,4,7,1.2325,2.1865,skott,,2,4,8,13,5,1,1,0,0.4669,0.2991,0.234,0.553,0.2724,0.1745,0,2.07,3.2,4.33,1.8,3.6,6,0.3807,0.4115,0.5827,-0.4116,0.4258,0,10,0.9,0.1038,0.1911,0,0,,,0.2318,,,,,,,,,,,,
spelad,GR,2025/26,2026-04-18,14:00,Kifisia,Asteras Tripolis,0,0,D,13,3,4,0,1.4101,0.1776,skott,,4,1,10,10,1,2,0,0,0.4691,0.2876,0.2433,0.4386,0.3046,0.2568,0,2.05,3.3,4.2,2.15,3.1,3.9,0.4289,0.3897,-0.0439,0.658,0.4498,0,5,0,-0.0182,0.3132,0,0,,,-0.0744,,,,,,,,,,,,
spelad,GR,2025/26,2026-04-18,16:00,OFI Crete,Levadeiakos,2,0,H,14,12,5,6,1.6294,1.6712,skott,,3,1,14,17,1,5,0,0,0.3287,0.2938,0.3776,0.3172,0.291,0.3918,0,3,3.3,2.57,3.1,3.3,2.45,0.4692,0.4772,0.6079,-1.5401,0.6687,0,9,0,-0.1331,0.0395,0,0,,,-0.0371,,,,,,,,,,,,
spelad,GR,2025/26,2026-04-18,18:00,Panetolikos,Panserraikos,2,3,A,11,6,7,4,1.7721,0.9957,skott,,2,0,12,15,0,0,0,0,0.5193,0.2821,0.1987,0.5033,0.2908,0.2059,0,1.82,3.4,5.5,1.86,3.3,5,0.4016,0.4031,-0.2623,0.3217,-0.4238,0,8,1.5,0.5719,0.1849,0,0,,,-0.039,,,,,,,,,,,,
spelad,GR,2025/26,2026-04-19,16:00,AEK,PAOK,3,0,H,20,8,6,0,2.1447,0.4736,skott,,6,3,25,12,1,3,0,0,0.4123,0.2943,0.2934,0.4504,0.2936,0.256,0,2.43,3.25,3.4,2.12,3.2,4.1,0.443,0.443,0.2461,-0.2591,0.5801,0,28,-0.5357,-0.3586,0.1061,0,0,,,0.1137,,,,,,,,,,,,
spelad,GR,2025/26,2026-04-19,19:00,Panathinaikos,Olympiakos,0,2,A,16,7,4,3,1.5877,0.8948,skott,,3,1,9,19,4,4,0,0,0.2227,0.2863,0.491,0.2317,0.3048,0.4634,0,4.5,3.25,1.92,4.2,3.15,2.05,0.4063,0.3598,1.0294,-1.4099,1.2007,0,27,0,0.3242,0.1329,0,0,,,0.0455,,,,,,,,,,,,
spelad,GR,2025/26,2026-04-22,18:00,Asteras Tripolis,Panetolikos,2,1,H,17,6,5,5,1.807,1.1559,skott,,1,2,15,9,5,1,0,0,0.4223,0.2971,0.2806,0.4069,0.3062,0.287,0,2.28,3.25,3.6,2.32,3.13,3.6,0.411,0.4063,0.0642,-0.4233,-0.4153,0,21,0.8571,0.0725,0.227,0,0,,,-0.0371,,,,,,,,,,,,
spelad,GR,2025/26,2026-04-22,15:00,Larisa,Kifisia,1,1,D,13,14,3,4,1.2499,1.4693,skott,,8,4,17,16,1,2,0,0,0.3523,0.2982,0.3496,0.3532,0.2951,0.3518,0,2.7,3.2,2.75,2.71,3.2,2.7,0.4026,0.4248,-0.3041,-0.2308,-0.2897,0,,,,,0,0,,,-0.0005,,,,,,,,,,,,
spelad,GR,2025/26,2026-04-22,14:00,Panserraikos,Atromitos,0,4,A,8,14,1,7,0.6337,1.9497,skott,,6,7,14,8,5,1,0,0,0.3484,0.3136,0.338,0.2636,0.3061,0.4303,0,2.71,3,2.83,3.66,3.1,2.2,0.3703,0.3827,0.3504,-0.3862,0.7186,0,7,-0.8571,-0.3587,0.426,0,0,,,-0.2618,,,,,,,,,,,,
spelad,GR,2025/26,2026-04-26,16:00,Atromitos,Asteras Tripolis,2,1,H,13,13,8,4,2.0506,1.4101,skott,,5,10,11,14,1,1,0,0,0.4068,0.3048,0.2884,0.437,0.3005,0.2625,0,2.45,3.2,3.4,2.17,3.13,3.75,0.3872,0.4026,-0.0388,0.0486,0.3741,0,22,-0.1364,-0.0587,0.0038,0,0,,,0.0863,,,,,,,,,,,,
spelad,GR,2025/26,2026-04-26,14:00,Kifisia,Panetolikos,0,0,D,21,4,9,1,2.6843,0.3969,skott,,3,1,18,20,3,4,0,0,0.4537,0.2951,0.2512,0.4828,0.2963,0.2209,0,2.08,3.2,4,1.95,3.3,4.75,0.4199,0.4237,-0.5119,0.8287,-0.366,0,5,-1.8,-1.0724,0.1076,0,0,,,0.0885,,,,,,,,,,,,
spelad,GR,2025/26,2026-04-26,18:00,Larisa,Panserraikos,0,1,A,11,4,2,3,0.9714,0.7172,skott,,4,2,13,21,4,5,0,0,0.4898,0.2847,0.2255,0.5472,0.2712,0.1817,0,1.98,3.4,4.5,1.77,3.6,6.25,0.4,0.4036,-1.2322,0.8967,-1.2866,0,,,,,0,0,,,0.1586,,,,,,,,,,,,
spelad,GR,2025/26,2026-05-02,17:30,Asteras Tripolis,Atromitos,4,2,H,12,12,9,3,2.1516,1.1907,skott,,4,4,17,14,1,3,0,0,0.5401,0.2571,0.2028,0.4946,0.279,0.2265,0,1.77,4,5,1.93,3.55,4.25,0.4415,0.4162,-0.0107,-0.0308,-0.4846,0,23,0,0.0052,-0.0094,0,0,,,-0.1146,,,,,,,,,,,,
spelad,GR,2025/26,2026-05-02,15:00,Panetolikos,Kifisia,0,1,A,6,11,2,4,0.6754,1.2917,skott,,5,2,14,19,6,4,0,0,0.3638,0.3125,0.3237,0.3264,0.3288,0.3448,0,2.71,3.2,3.1,3.1,3.1,2.9,0.4151,0.4067,0.8273,-1.1632,0.4983,0,6,1.5,0.8109,0.2069,0,0,,,-0.0959,,,,,,,,,,,,
spelad,GR,2025/26,2026-05-02,15:30,Panserraikos,Larisa,1,1,D,11,6,3,3,1.1316,0.8356,skott,,5,2,4,18,2,7,0,1,0.3362,0.3007,0.363,0.3071,0.3178,0.3751,0,2.82,3.2,2.6,3.2,3,2.62,0.4041,0.3763,1.5166,-0.6669,1.6866,0,3,-1,-0.0637,-0.2826,0,0,,,-0.0703,,,,,,,,,,,,
spelad,GR,2025/26,2026-05-03,15:00,Levadeiakos,Volos NFC,5,2,H,12,12,9,7,2.1516,1.8313,skott,,3,4,15,14,2,2,0,1,0.5452,0.2565,0.1984,0.5854,0.2342,0.1805,0,1.73,3.8,5,1.6,4.2,5.66,0.4838,0.5547,0.1409,0.6593,-0.27,0,7,0.4286,0.3575,-0.2991,0,0,,,0.0983,,,,,,,,,,,,
spelad,GR,2025/26,2026-05-03,15:00,OFI Crete,Aris,0,2,A,11,11,1,3,0.8113,1.1316,skott,,3,7,8,21,2,4,0,0,0.29,0.2845,0.4255,0.3,0.2831,0.4169,0,3.4,3.4,2.25,3.2,3.4,2.3,0.448,0.5027,1.0236,-1.6187,1.017,0,20,-0.45,0.2034,-0.0117,0,0,,,0.0285,,,,,,,,,,,,
spelad,GR,2025/26,2026-05-03,19:00,Panathinaikos,AEK,0,0,D,9,14,5,4,1.3334,1.4693,skott,,2,7,13,19,1,6,1,0,0.2978,0.2893,0.4129,0.2344,0.2858,0.4798,0,3.3,3.3,2.28,4.33,3.33,2.02,0.4324,0.44,-0.2329,0.5878,0.1327,0,28,-0.2143,0.1135,0.0583,0,0,,,-0.1939,,,,,,,,,,,,
spelad,GR,2025/26,2026-05-03,17:00,PAOK,Olympiakos,3,1,H,7,17,6,5,1.3752,1.807,skott,,3,9,12,7,1,1,0,0,0.3081,0.2971,0.3948,0.3318,0.3062,0.3621,0,3.2,3.25,2.5,2.95,3.25,2.66,0.4121,0.3897,0.3952,-0.915,-0.0911,0,28,-0.4286,-0.0378,-0.0707,0,0,,,0.0801,,,,,,,,,,,,
spelad,GR,2025/26,2026-05-09,17:30,Atromitos,Panetolikos,1,2,A,10,10,3,4,1.0724,1.2325,skott,,4,3,15,17,1,3,0,0,0.4274,0.2845,0.2881,0.4806,0.2759,0.2435,0,2.2,3.5,3.3,1.96,3.45,4.25,0.4312,0.4744,0.3358,-0.1606,0.5957,0,22,0.6818,0.2365,-0.0738,0,0,,,0.151,,,,,,,,,,,,
spelad,GR,2025/26,2026-05-09,15:00,Larisa,Asteras Tripolis,1,1,D,17,9,4,3,1.6469,1.0132,skott,,6,4,12,14,3,5,0,0,0.3825,0.3014,0.3161,0.3521,0.305,0.3429,0,2.5,3.1,3,2.7,3.13,2.83,0.4052,0.4263,-1.1443,1.0535,-0.9748,0,10,-0.9,-0.1977,-0.004,0,0,,,-0.0875,,,,,,,,,,,,
spelad,GR,2025/26,2026-05-09,14:00,Panserraikos,Kifisia,1,2,A,11,11,3,4,1.1316,1.2917,skott,,6,1,11,22,2,3,0,0,0.2881,0.3004,0.4114,0.2824,0.3157,0.4019,0,3.33,3.2,2.25,3.6,3.1,2.34,0.4178,0.3797,1.106,-1.1289,0.795,0,6,1,0.6412,0.0626,0,0,,,-0.0018,,,,,,,,,,,,
spelad,GR,2025/26,2026-05-10,17:30,AEK,Panathinaikos,2,1,H,17,10,6,3,1.9671,1.0724,skott,,8,1,11,16,4,3,0,0,0.6143,0.2386,0.1471,0.646,0.2164,0.1376,0,1.55,4.2,7,1.47,4.5,7.5,0.4545,0.5108,0.4205,-0.7542,-0.0523,0,29,0.2069,-0.1909,0.081,0,0,,,0.073,,,,,,,,,,,,
spelad,GR,2025/26,2026-05-10,15:00,Aris,OFI Crete,3,1,H,15,15,5,5,1.6886,1.6886,skott,,5,5,13,9,1,1,0,0,0.5672,0.2565,0.1763,0.6014,0.2399,0.1587,0,1.66,3.75,6,1.61,4,7,0.4771,0.5161,-0.8835,1.5184,-0.733,0,21,0.5714,-0.1127,-0.0246,0,0,,,0.086,,,,,,,,,,,,
spelad,GR,2025/26,2026-05-10,17:30,Olympiakos,PAOK,1,1,D,25,8,7,2,2.6008,0.7938,skott,,5,1,7,10,1,6,0,0,0.5682,0.2546,0.1772,0.5457,0.2597,0.1946,0,1.66,3.8,6,1.77,3.8,5.2,0.4572,0.4758,-0.723,1.3645,-0.3002,0,29,0.3103,0.0567,-0.0788,0,0,,,-0.0624,,,,,,,,,,,,
spelad,GR,2025/26,2026-05-10,15:00,Volos NFC,Levadeiakos,0,3,A,9,14,2,5,0.853,1.6294,skott,,4,1,21,12,2,1,0,1,0.3571,0.2727,0.3702,0.3069,0.259,0.4341,0,2.85,3.5,2.57,3.3,3.8,2.45,0.5229,0.5927,-0.2482,-0.3062,0.1019,0,8,-0.75,-0.1481,-0.2909,0,0,,,-0.1643,,,,,,,,,,,,
spelad,GR,2025/26,2026-05-12,17:00,Asteras Tripolis,Panserraikos,1,0,H,7,4,1,2,0.5745,0.5571,skott,,11,2,18,11,4,3,1,2,0.5139,0.2763,0.2098,0.5079,0.2912,0.2009,0,1.86,3.5,5,1.84,3.3,5,0.4286,0.3791,-0.0626,-0.4487,-0.3068,0,8,-1.875,-0.9666,-0.1765,0,0,,,-0.0031,,,,,,,,,,,,
spelad,GR,2025/26,2026-05-12,17:00,Kifisia,Atromitos,0,3,A,10,10,4,5,1.2325,1.3926,skott,,5,9,13,11,0,1,0,0,0.4077,0.2827,0.3096,0.3472,0.2919,0.3609,0,2.3,3.4,3.1,2.9,3.3,3.1,0.4745,0.4758,-0.5237,1.1297,-0.0588,0,6,0.5,0.3801,-0.1315,0,0,,,-0.1723,,,,,,,,,,,,
spelad,GR,2025/26,2026-05-12,17:00,Panetolikos,Larisa,1,1,D,17,7,6,3,1.9671,0.8948,skott,,11,1,13,11,2,1,0,0,0.4126,0.2961,0.2913,0.3924,0.3048,0.3028,0,2.28,3.2,3.33,2.45,3.1,3.25,0.4211,0.4147,0.7644,-0.6615,0.4953,0,11,0.8182,0.4461,0.0606,0,0,,,-0.0518,,,,,,,,,,,,
spelad,GR,2025/26,2026-05-13,15:00,Levadeiakos,OFI Crete,3,2,H,18,10,7,3,2.1865,1.0724,skott,,5,1,18,19,4,8,0,1,0.5699,0.2344,0.1957,0.5388,0.2404,0.2207,0,1.68,4.2,5,1.77,4,4.6,0.5726,0.5838,-0.0302,0.2098,-0.2367,0,10,-0.3,-0.0624,0.0065,0,0,,,-0.0872,,,,,,,,,,,,
spelad,GR,2025/26,2026-05-13,17:30,Olympiakos,Panathinaikos,1,0,H,15,5,5,0,1.6886,0.296,skott,,5,0,19,12,2,1,0,0,0.6624,0.2171,0.1204,0.67,0.2105,0.1195,0,1.42,4.5,8.5,1.41,4.75,8.5,0.4839,0.5108,-0.2341,0.5637,-0.6188,0,28,0.1071,-0.3942,0.1173,0,0,,,0.016,,,,,,,,,,,,
spelad,GR,2025/26,2026-05-13,17:30,PAOK,AEK,1,1,D,15,13,4,4,1.5285,1.4101,skott,,8,5,11,11,3,1,0,0,0.5407,0.2589,0.2004,0.4974,0.2693,0.2334,0,1.74,3.8,5,1.9,3.5,4.25,0.4852,0.4987,-0.0087,-0.571,-0.3811,0,29,0.4138,0.2072,0.0923,0,0,,,-0.1197,,,,,,,,,,,,
spelad,GR,2025/26,2026-05-13,15:00,Volos NFC,Aris,1,2,A,7,14,2,6,0.7346,1.7896,skott,,4,2,10,11,1,1,0,0,0.256,0.2778,0.4663,0.2892,0.2736,0.4372,0,4.33,3.6,2.05,3.45,3.4,2.22,0.4626,0.5081,-0.1806,0.0888,-0.0936,0,17,-1.2353,0.009,-0.1382,0,0,,,0.0954,,,,,,,,,,,,
spelad,GR,2025/26,2026-05-16,17:00,Asteras Tripolis,Kifisia,0,0,D,25,8,4,2,2.1204,0.7938,skott,,11,2,6,19,1,5,0,0,0.5402,0.2586,0.2011,0.6065,0.2482,0.1454,0,1.73,3.75,5.25,1.57,4,7.5,0.4599,0.456,1.2455,-1.7432,0.6858,0,6,0,-0.2583,0.3769,0,0,,,0.1882,,,,,,,,,,,,
spelad,GR,2025/26,2026-05-16,17:00,Larisa,Atromitos,2,1,H,11,14,5,6,1.4518,1.7896,skott,,3,6,12,20,1,4,0,0,0.4023,0.2895,0.3082,0.4089,0.2788,0.3123,0,2.38,3.3,3.1,2.35,3.5,3.1,0.4377,0.4906,-1.2681,1.4268,-1.0746,0,11,-1.0909,-0.3405,0.149,0,0,,,0.0091,,,,,,,,,,,,
spelad,GR,2025/26,2026-05-17,17:30,AEK,Olympiakos,1,1,D,11,13,4,5,1.2917,1.5702,skott,,4,3,16,15,3,3,0,0,0.302,0.2886,0.4094,0.3312,0.2911,0.3777,0,3.2,3.3,2.35,2.95,3.3,2.55,0.4492,0.4785,1.0296,-1.2275,0.9141,0,29,-1.3448,-0.5102,-0.0089,0,0,,,0.0901,,,,,,,,,,,,
spelad,GR,2025/26,2026-05-17,15:00,Aris,Levadeiakos,3,0,H,21,5,10,1,2.8445,0.4561,skott,,11,0,23,15,2,6,0,1,0.4809,0.2673,0.2518,0.4787,0.2721,0.2491,0,1.95,3.66,3.8,2,3.6,4.33,0.5027,0.5148,-0.1713,0.2103,-0.0192,0,9,0.3333,-0.3142,0.1753,0,0,,,-0.0017,,,,,,,,,,,,
spelad,GR,2025/26,2026-05-17,15:00,OFI Crete,Volos NFC,3,1,H,20,15,4,3,1.8244,1.3683,skott,,4,3,13,12,3,2,0,0,0.4903,0.2527,0.257,0.5364,0.2338,0.2297,0,1.91,3.8,3.7,1.75,4.25,4.35,0.5573,0.6272,0.4086,-0.7708,0.487,0,18,0.1667,0.0133,-0.0124,0,0,,,0.1195,,,,,,,,,,,,
spelad,GR,2025/26,2026-05-17,17:30,Panathinaikos,PAOK,2,2,D,17,17,7,5,2.1273,1.807,skott,,10,6,12,8,2,2,0,0,0.2575,0.269,0.4735,0.2437,0.2649,0.4914,0,3.8,4,2.02,4.1,3.7,2.05,0.4584,0.5094,-0.57,0.8374,0.2404,0,29,-0.3103,0.1144,-0.008,0,0,,,-0.0455,,,,,,,,,,,,
spelad,GR,2025/26,2026-05-17,13:00,Panserraikos,Panetolikos,1,1,D,14,12,4,3,1.4693,1.1907,skott,,4,2,10,14,3,2,0,0,0.3596,0.3022,0.3382,0.5199,0.2691,0.2111,0,2.66,3.15,2.8,2.06,3.75,5.25,0.4026,0.4545,0.3156,0.1995,0.5288,0,9,-1,-0.4404,0.1321,0,0,,,0.4478,,,,,,,,,,,,
spelad,GR,2025/26,2026-05-21,16:00,Atromitos,Panserraikos,6,0,H,15,5,9,0,2.3292,0.296,skott,,3,4,15,10,0,0,0,0,0.5812,0.246,0.1728,0.708,0.1841,0.1078,0,1.67,4,6,1.37,5.75,9.7,0.4651,0.5778,0.3409,-0.9139,0.161,1,8,1.125,0.1165,0.3345,0,0,,,0.3186,,,,,,,,,,,,
spelad,GR,2025/26,2026-05-21,17:00,Kifisia,Larisa,3,2,H,21,16,10,4,2.8445,1.5877,skott,,6,2,8,12,1,1,0,0,0.4075,0.289,0.3035,0.4913,0.2695,0.2392,0,2.3,3.25,3.2,1.9,3.5,4.2,0.4453,0.4826,0.2804,0.2027,0.5258,0,3,0,-0.3994,0.6961,0,0,,,0.2319,,,,,,,,,,,,
spelad,GR,2025/26,2026-05-21,17:00,Panetolikos,Asteras Tripolis,1,2,A,19,11,7,6,2.2457,1.612,skott,,5,7,14,15,1,5,0,1,0.3966,0.2902,0.3132,0.4189,0.2836,0.2975,0,2.4,3.3,3.05,2.35,3.5,3.3,0.4427,0.4812,-0.4147,0.2432,-0.2224,-1,21,-0.8571,-0.3117,0.2247,0,0,,,0.0603,,,,,,,,,,,,
spelad,GR,2026/27,2026-08-22,18:00,AEK,Iraklis,4,0,H,24,7,11,1,3.1822,0.5745,skott,,5,2,19,17,1,0,0,0,0.7822,0.1462,0.0717,0.7778,0.153,0.0693,0,1.21,6.5,15,1.22,6.5,16,0.6272,0.5875,,,,,,,,,-1,0,,,-0.0064,,,,,,,,,,,,
spelad,GR,2026/27,2026-08-22,18:00,Kalamata,Aris,2,3,A,7,19,3,7,0.8948,2.2457,skott,,1,10,15,23,3,3,1,0,0.285,0.2979,0.4171,0.2738,0.304,0.4222,0,3.4,3.25,2.25,3.5,3.13,2.25,0.4115,0.4099,,,,,,,,,1,0,,,-0.0273,,,,,,,,,,,,
spelad,GR,2026/27,2026-08-22,19:30,Olympiakos,Atromitos,1,0,H,26,8,10,1,3.1404,0.6337,skott,,14,4,14,14,3,6,1,0,0.7431,0.1738,0.0831,0.7685,0.161,0.0705,0,1.26,5.75,13,1.23,6.25,15,0.5505,0.5493,-0.7212,1.6389,-0.7227,,16,2.4375,0.3294,-0.0105,0,0,,,0.0634,,,,,,,,,,,,
spelad,GR,2026/27,2026-08-23,17:30,OFI Crete,Volos NFC,2,0,H,9,10,2,1,0.853,0.7521,skott,,5,2,16,17,1,3,0,0,0.4417,0.2779,0.2804,0.3657,0.3007,0.3336,0,2.1,3.4,3.6,2.6,3.2,3,0.5081,0.4507,0.5967,-0.9775,0.6936,,19,0.3158,0.0735,-0.024,0,0,,,-0.2052,,,,,,,,,,,,
spelad,GR,2026/27,2026-08-23,19:30,Panetolikos,Asteras Tripolis,3,1,H,4,14,4,6,0.8773,1.7896,skott,,1,3,19,14,0,0,0,0,0.3452,0.307,0.3478,0.3231,0.31,0.367,0,2.71,3.1,2.7,2.9,3.1,2.57,0.3923,0.3878,-1.0958,0.7492,-0.9152,,22,-0.9545,-0.3675,0.2016,0,0,,,-0.0635,,,,,,,,,,,,
spelad,GR,2026/27,2026-08-23,19:00,PAOK,Levadeiakos,4,0,H,13,8,5,1,1.5702,0.6337,skott,,3,1,21,13,0,0,0,0,0.679,0.201,0.12,0.6853,0.2005,0.1142,0,1.38,4.8,9,1.4,4.8,9.5,0.5673,0.5374,-0.2416,-0.3761,-0.5991,,8,2.625,0.5002,-0.0739,0,0,,,0.0183,,,,,,,,,,,,
spelad,GR,2026/27,2026-08-29,19:30,Panetolikos,Kalamata,2,0,H,20,11,4,3,1.8244,1.1316,skott,,4,3,22,15,3,5,0,0,0.4066,0.3039,0.2895,0.4122,0.3,0.2878,0,2.3,3.1,3.4,2.3,3.2,3.4,0.3923,0.4089,,,,-1,,,,,-1,0,,,0.013,,,,,,,,,,,,
spelad,GR,2026/27,2026-08-29,17:30,Volos NFC,Iraklis,1,1,D,17,10,3,1,1.4867,0.7521,skott,,2,2,18,23,4,3,0,1,0.4927,0.2771,0.2302,0.4227,0.2955,0.2818,0,1.93,3.5,4.1,2.2,3.25,3.4,0.443,0.4252,,,,-1,,,,,-1,0,,,-0.1917,,,,,,,,,,,,
spelad,GR,2026/27,2026-08-30,17:30,Aris,OFI Crete,2,1,H,17,10,10,3,2.6077,1.0724,skott,,3,1,16,23,5,2,0,0,0.5643,0.2464,0.1893,0.5261,0.26,0.2139,0,1.65,3.9,5.25,1.8,3.7,4.75,0.5027,0.5081,-0.0829,0.9156,0.2086,1,22,0.6818,-0.0641,-0.0344,0,0,,,-0.1011,,,,,,,,,,,,
spelad,GR,2026/27,2026-08-30,19:00,Asteras Tripolis,Olympiakos,0,1,A,10,15,3,7,1.0724,2.0089,skott,,3,6,8,18,3,4,0,0,0.1002,0.1998,0.7,0.139,0.2409,0.6201,0,11,5.25,1.34,7.5,4,1.52,0.4946,0.4626,0.6579,-0.9249,0.6821,-1,18,-2.1667,-0.2191,-0.0376,0,0,,,0.1576,,,,,,,,,,,,
spelad,GR,2026/27,2026-08-30,18:15,Atromitos,PAOK,1,2,A,16,14,3,4,1.4275,1.4693,skott,,2,6,19,18,1,1,0,0,0.1911,0.2449,0.5639,0.1753,0.2333,0.5914,0,5,4,1.64,5.75,4.2,1.6,0.5174,0.5348,-0.1103,-0.3558,0.5109,1,16,-1.3125,0.1878,-0.0176,0,0,,,-0.0592,,,,,,,,,,,,
spelad,GR,2026/27,2026-08-30,19:00,Kifisia,AEK,1,1,D,14,9,3,5,1.3091,1.3334,skott,,1,2,20,14,5,2,1,0,0.1184,0.1964,0.6852,0.0948,0.186,0.7192,0,9,5,1.38,11,5.5,1.3,0.557,0.5455,-0.6186,1.409,-0.3439,,4,-2.25,-0.1571,0.0969,0,0,,,-0.0811,,,,,,,,,,,,
spelad,GR,2026/27,2026-08-31,17:30,Levadeiakos,Panathinaikos,0,2,A,8,15,2,6,0.7938,1.8488,skott,,5,5,18,19,2,4,1,0,0.1771,0.2508,0.5721,0.1543,0.2378,0.6079,0,6.25,3.8,1.65,6.5,4.1,1.55,0.5067,0.4933,0.9044,-0.5285,0.4326,,8,-2.25,-0.375,0.0274,0,0,,,-0.0813,,,,,,,,,,,,
spelad,GR,2026/27,2026-09-05,19:00,AEK,Aris,5,0,H,21,7,10,2,2.8445,0.7346,skott,,2,2,16,17,2,0,0,0,0.677,0.2035,0.1195,0.7072,0.1901,0.1027,0,1.38,4.8,8,1.3,5.2,10.25,0.5348,0.544,-0.4594,-0.1878,-0.7501,0,26,1.1538,0.0717,-0.0244,0,0,,,0.0772,,,,,,,,,,,,
spelad,GR,2026/27,2026-09-05,17:00,Volos NFC,Olympiakos,1,1,D,6,17,1,4,0.5153,1.6469,skott,,0,9,15,19,6,1,0,0,0.0855,0.1704,0.7441,0.0937,0.1839,0.7224,0,13.5,5.75,1.27,11,5.5,1.29,0.5699,0.5479,-0.7167,0.4122,-0.7646,1,16,-2.4375,-0.1858,0.0344,0,0,,,0.0383,,,,,,,,,,,,
spelad,GR,2026/27,2026-09-06,17:00,Atromitos,Kalamata,1,1,D,10,12,2,3,0.9122,1.1907,skott,,8,2,17,14,2,5,0,1,0.4978,0.2656,0.2366,0.4893,0.273,0.2377,0,1.87,3.6,4,1.93,3.5,4,0.4758,0.4706,,,,-1,,,,,-1,0,,,-0.018,,,,,,,,,,,,
spelad,GR,2026/27,2026-09-06,18:00,Levadeiakos,Panetolikos,0,2,A,17,9,0,3,1.0063,1.0132,skott,,8,2,11,18,0,3,0,0,0.5074,0.2655,0.2272,0.4685,0.286,0.2455,0,1.85,3.6,4.2,2.05,3.3,4.1,0.4731,0.4278,-0.1788,0.7514,-0.3297,-2,11,0.5455,0.0812,0.1434,0,0,,,-0.0961,,,,,,,,,,,,
spelad,GR,2026/27,2026-09-06,17:30,OFI Crete,Kifisia,2,0,H,5,16,3,3,0.7764,1.4275,skott,,1,9,12,18,2,2,0,0,0.4347,0.2844,0.2809,0.437,0.2932,0.2699,0,2.18,3.4,3.5,2.15,3.25,3.5,0.4507,0.4507,-0.0329,-0.601,-0.2673,0,5,-1.2,-0.8423,0.3195,0,0,,,0.0155,,,,,,,,,,,,
spelad,GR,2026/27,2026-09-06,19:30,Panathinaikos,PAOK,3,1,H,25,5,11,2,3.2414,0.6163,skott,,5,2,19,11,3,1,1,1,0.3856,0.2856,0.3288,0.4762,0.2727,0.2511,0,2.44,3.3,2.9,2.05,3.6,3.8,0.4692,0.5094,-0.7989,1.1316,-0.0144,-1,30,-0.3,0.1108,0.0168,0,0,,,0.2588,,,,,,,,,,,,
spelad,GR,2026/27,2026-09-07,16:00,Asteras Tripolis,Iraklis,0,2,A,14,6,5,2,1.6294,0.6754,skott,,7,4,15,12,3,3,0,0,0.4599,0.2748,0.2653,0.4645,0.2896,0.246,0,2.05,3.4,3.75,2.05,3.25,4.2,0.4587,0.4263,,,,-1,,,,,-1,0,,,0.0285,,,,,,,,,,,,
spelad,GR,2026/27,2026-09-10,19:15,Panathinaikos,Kifisia,3,1,H,17,6,8,4,2.2874,0.9957,skott,,11,1,18,14,1,4,0,1,0.7261,0.1841,0.0898,0.741,0.1692,0.0898,0,1.29,5.25,11,1.27,6,11.5,0.5362,0.5911,-0.2749,-0.364,-0.223,0,4,0.75,-0.5335,0.059,0,0,,,0.0297,,,,,,,,,,,,
spelad,GR,2026/27,2026-09-12,19:00,Iraklis,Atromitos,1,1,D,10,10,2,4,0.9122,1.2325,skott,,1,0,19,19,4,4,0,0,0.3331,0.2974,0.3694,0.3211,0.3011,0.3779,0,2.85,3.25,2.54,2.95,3.25,2.54,0.4289,0.4289,,,,-1,,,,,1,0,,,-0.0326,,,,,,,,,,,,
spelad,GR,2026/27,2026-09-12,17:00,Olympiakos,OFI Crete,0,1,A,20,13,4,4,1.8244,1.4101,skott,,8,2,12,6,1,0,0,0,0.7627,0.1541,0.0832,0.7547,0.1627,0.0826,0,1.22,6.5,12.5,1.25,6.5,14,0.6272,0.5801,-0.4605,1.2372,-0.3446,1,18,2.6667,0.4646,-0.1725,0,0,,,-0.0153,,,,,,,,,,,,
spelad,GR,2026/27,2026-09-13,17:00,Asteras Tripolis,AEK,1,1,D,13,21,5,3,1.5702,1.7235,skott,,7,5,18,11,2,1,0,0,0.119,0.2133,0.6678,0.1323,0.2177,0.65,0,8.7,4.5,1.41,7.5,4.5,1.43,0.5013,0.5188,-0.2922,1.1151,-0.2483,-2,17,-2.2941,-0.4571,0.0069,0,0,,,0.0443,,,,,,,,,,,,
spelad,GR,2026/27,2026-09-13,16:00,Kalamata,Volos NFC,3,1,H,15,11,6,5,1.8488,1.4518,skott,,6,3,16,14,2,4,0,0,0.3727,0.3024,0.3249,0.3624,0.2863,0.3513,0,2.52,3.1,2.88,2.65,3.3,2.75,0.3969,0.4611,,,,-1,,,,,1,0,,,-0.0469,,,,,,,,,,,,
spelad,GR,2026/27,2026-09-13,19:00,Kifisia,Levadeiakos,0,0,D,10,5,4,1,1.2325,0.4561,skott,,9,4,16,14,3,4,0,0,0.3942,0.2894,0.3164,0.4592,0.2883,0.2525,0,2.4,3.25,3,2.1,3.4,3.9,0.448,0.4519,0.1087,0.002,0.5215,-4,,,,,0,0,,,0.1941,,,,,,,,,,,,
spelad,GR,2026/27,2026-09-13,19:30,Panathinaikos,Panetolikos,3,0,H,27,5,9,2,3.0395,0.6163,skott,,8,2,17,9,1,2,0,0,0.7085,0.1916,0.0999,0.7747,0.1491,0.0762,0,1.32,5,10.25,1.22,7,14,0.5335,0.6103,-0.5707,0.7253,-0.4076,-4,16,1.875,0.3057,-0.113,0,0,,,0.1561,,,,,,,,,,,,
spelad,GR,2026/27,2026-09-13,19:00,PAOK,Aris,2,0,H,13,15,5,3,1.5702,1.3683,skott,,3,7,15,15,3,1,0,0,0.616,0.2224,0.1616,0.6107,0.2325,0.1568,0,1.52,4.5,6,1.55,4.2,6.5,0.5374,0.4906,-0.305,-0.9688,-1.0285,-1,26,0.1154,-0.4279,0.0742,0,0,,,-0.0059,,,,,,,,,,,,
spelad,GR,2026/27,2026-09-19,17:30,Aris,Iraklis,0,0,D,23,6,2,1,1.6817,0.5153,skott,,7,4,13,17,1,3,0,0,0.5694,0.2512,0.1794,0.5521,0.2596,0.1882,0,1.65,3.8,5.5,1.7,3.7,5.25,0.4706,0.4507,,,,-1,,,,,-1,0,,,-0.0434,,,,,,,,,,,,
spelad,GR,2026/27,2026-09-19,17:00,Atromitos,Kifisia,1,2,A,14,6,5,3,1.6294,0.8356,skott,,3,2,16,25,2,6,0,0,0.4628,0.282,0.2552,0.409,0.2936,0.2974,0,2.05,3.4,4,2.3,3.2,3.25,0.443,0.4312,-0.1333,-1.2722,-0.3704,1,7,0,0.0192,-0.1544,0,0,,,-0.1499,,,,,,,,,,,,
spelad,GR,2026/27,2026-09-20,17:30,Kalamata,Panathinaikos,0,1,A,13,14,4,5,1.4101,1.6294,skott,,3,6,15,16,3,1,0,0,0.1147,0.1982,0.6871,0.082,0.1601,0.758,0,9.5,5.33,1.35,13,6.5,1.23,0.5335,0.6077,,,,0,,,,,1,0,,,-0.1363,,,,,,,,,,,,
spelad,GR,2026/27,2026-09-20,15:00,Levadeiakos,Olympiakos,0,1,A,8,18,4,3,1.1141,1.5459,skott,,4,9,17,11,3,2,0,0,0.1168,0.2074,0.6758,0.1083,0.2075,0.6843,0,8.7,4.75,1.38,9,4.75,1.37,0.4973,0.4892,0.6635,-0.9814,0.4838,-1,7,-2.1429,-0.1563,0.1085,0,0,,,-0.0256,,,,,,,,,,,,
spelad,GR,2026/27,2026-09-20,17:00,OFI Crete,Asteras Tripolis,2,2,D,17,7,6,3,1.9671,0.8948,skott,,5,2,7,16,3,2,0,0,0.424,0.2885,0.2876,0.4062,0.3027,0.2911,0,2.2,3.3,3.4,2.3,3.1,3.35,0.4226,0.4041,0.7237,-1.0414,0.6,1,21,-1,-0.4165,-0.1053,0,0,,,-0.039,,,,,,,,,,,,
spelad,GR,2026/27,2026-09-20,19:00,Panetolikos,PAOK,1,3,A,2,16,1,5,0.2785,1.7478,skott,,7,5,12,22,4,2,0,0,0.174,0.2404,0.5856,0.135,0.2151,0.6499,0,5.6,4,1.6,7.5,4.5,1.46,0.5188,0.5401,-0.2919,0.8547,0.3566,0,16,-2.8125,-0.4329,-0.1258,0,0,,,-0.1424,,,,,,,,,,,,
spelad,GR,2026/27,2026-09-20,16:00,Volos NFC,AEK,1,2,A,12,11,4,2,1.3509,0.9714,skott,,3,5,17,17,2,3,2,0,0.1131,0.1938,0.6931,0.0932,0.1691,0.7377,0,9,5,1.35,12,6,1.28,0.5493,0.6168,-0.8293,1.7461,-0.6558,0,16,-1.5,0.21,-0.0495,0,0,,,-0.0845,,,,,,,,,,,,
kommande,GR,2026/27,2026-10-10,2026-10-10T16:30Z,AEK,OFI Crete,,,,,,,,,,,,,,,,,,,,,,,,,,,,,,,,,,,-0.0994,-0.1126,-0.4754,0,17,1.7647,0.1206,-0.1346,,,,,,,2026-09-28T19:15:08.828Z,0.7697,0.1487,0.0815,2026-10-04T12:45:48.590Z,0.7613,0.1532,0.0855,1.23,6.7,12
kommande,GR,2026/27,2026-10-10,2026-10-10T16:30Z,Asteras Tripolis,Atromitos,,,,,,,,,,,,,,,,,,,,,,,,,,,,,,,,,,,0.1942,0.9495,0.1407,-1,24,0.125,0.0566,-0.0207,,,,,,,2026-09-28T19:15:08.828Z,0.3895,0.302,0.3085,2026-10-04T12:45:48.590Z,0.3893,0.3015,0.3092,2.45,3.16,3.2
kommande,GR,2026/27,2026-10-11,2026-10-11T16:00Z,Aris,Volos NFC,,,,,,,,,,,,,,,,,,,,,,,,,,,,,,,,,,,1.08,-0.5016,1.3124,1,18,1.3333,0.2006,-0.1458,,,,,,,2026-09-28T19:15:08.828Z,0.6088,0.2163,0.1749,2026-10-04T12:45:48.590Z,0.6063,0.2417,0.152,1.5,4.5,6.57
kommande,GR,2026/27,2026-10-11,2026-10-11T14:00Z,Iraklis,Levadeiakos,,,,,,,,,,,,,,,,,,,,,,,,,,,,,,,,,,,0.7347,-1.2936,0.5203,1,,,,,,,,,,,2026-09-28T19:15:08.828Z,0.3938,0.3045,0.3018,2026-09-28T19:15:08.828Z,0.3938,0.3045,0.3018,2.4,3.01,3.52
kommande,GR,2026/27,2026-10-11,2026-10-11T14:00Z,Kifisia,Panetolikos,,,,,,,,,,,,,,,,,,,,,,,,,,,,,,,,,,,-0.3689,0.8457,-0.233,1,7,-0.8571,-0.6386,0.1304,,,,,,,2026-09-28T19:15:08.828Z,0.4629,0.2724,0.2648,2026-10-04T12:45:48.590Z,0.468,0.2833,0.2486,1.95,3.42,4.1
kommande,GR,2026/27,2026-10-11,2026-10-11T18:00Z,Olympiakos,Panathinaikos,,,,,,,,,,,,,,,,,,,,,,,,,,,,,,,,,,,-0.4509,1.0315,-0.6114,0,29,0.2069,-0.3537,0.106,,,,,,,2026-09-28T19:15:08.828Z,0.4327,0.2879,0.2794,2026-10-04T12:45:48.590Z,0.4388,0.2875,0.2737,2.15,3.35,3.6
kommande,GR,2026/27,2026-10-12,2026-10-12T15:00Z,PAOK,Kalamata,,,,,,,,,,,,,,,,,,,,,,,,,,,,,,,,,,,0.9305,-1.2055,0.353,0,,,,,,,,,,,2026-09-28T19:15:08.828Z,0.7779,0.1433,0.0788,2026-10-04T12:45:48.590Z,0.7777,0.1436,0.0788,1.21,7.47,13.3
kommande,GR,2026/27,2026-10-17,2026-10-17T16:30Z,Atromitos,AEK,,,,,,,,,,,,,,,,,,,,,,,,,,,,,,,,,,,-0.7895,0.2256,-0.3282,1,16,-2.0625,-0.1909,-0.1543,,,,,,,2026-09-28T19:15:08.828Z,0.1689,0.2531,0.5781,2026-10-04T12:45:48.590Z,0.1583,0.2447,0.597,8.3,4.3,1.4
kommande,GR,2026/27,2026-10-17,2026-10-17T14:00Z,Levadeiakos,Volos NFC,,,,,,,,,,,,,,,,,,,,,,,,,,,,,,,,,,,0.671,-0.4877,0.5515,0,9,1,0.5501,-0.2874,,,,,,,2026-09-28T19:15:08.828Z,0.4352,0.2923,0.2724,2026-09-28T19:15:08.828Z,0.4352,0.2923,0.2724,2.12,3.25,3.6
kommande,GR,2026/27,2026-10-18,2026-10-18T13:00Z,Kalamata,OFI Crete,,,,,,,,,,,,,,,,,,,,,,,,,,,,,,,,,,,-0.7863,0.7182,-0.6738,0,,,,,,,,,,,2026-09-28T19:15:08.828Z,0.388,0.301,0.311,2026-10-04T12:45:48.590Z,0.3881,0.3009,0.3111,2.45,3.1,3
kommande,GR,2026/27,2026-10-18,2026-10-18T17:00Z,Kifisia,Aris,,,,,,,,,,,,,,,,,,,,,,,,,,,,,,,,,,,-0.3869,-0.0121,-0.4701,0,4,-1.5,-0.3175,0.2437,,,,,,,2026-09-28T19:15:08.828Z,0.3231,0.2985,0.3784,2026-10-04T12:45:48.590Z,0.3236,0.2982,0.3781,2.92,3.15,2.51
kommande,GR,2026/27,2026-10-18,2026-10-18T14:30Z,Panathinaikos,Asteras Tripolis,,,,,,,,,,,,,,,,,,,,,,,,,,,,,,,,,,,0.5583,-0.7209,0.543,0,17,0.5294,-0.2265,-0.0358,,,,,,,2026-09-28T19:15:08.828Z,0.7358,0.1754,0.0888,2026-10-04T12:45:48.590Z,0.7331,0.1762,0.0907,1.26,5.4,11.3
kommande,GR,2026/27,2026-10-18,2026-10-18T14:00Z,Panetolikos,Olympiakos,,,,,,,,,,,,,,,,,,,,,,,,,,,,,,,,,,,0.3694,-1.0721,0.5483,0,16,-2.8125,-0.3445,-0.0978,,,,,,,2026-09-28T19:15:08.828Z,0.1144,0.2085,0.6771,2026-10-04T12:45:48.590Z,0.1143,0.2087,0.677,8.85,4.5,1.37
kommande,GR,2026/27,2026-10-18,2026-10-18T18:00Z,PAOK,Iraklis,,,,,,,,,,,,,,,,,,,,,,,,,,,,,,,,,,,0.0186,-0.3665,-0.1344,-1,,,,,,,,,,,2026-09-28T19:15:08.828Z,0.7362,0.1814,0.0824,2026-10-04T12:45:48.590Z,0.7351,0.1804,0.0845,1.27,5.2,12
kommande,GR,2026/27,2026-10-24,2026-10-24T17:00Z,AEK,Panetolikos,,,,,,,,,,,,,,,,,,,,,,,,,,,,,,,,,,,0.1186,-0.4136,-0.2924,,16,1.6875,0.0179,-0.1311,,,,,,,,,,,,,,,,,
kommande,GR,2026/27,2026-10-24,2026-10-24T16:30Z,Asteras Tripolis,Levadeiakos,,,,,,,,,,,,,,,,,,,,,,,,,,,,,,,,,,,-0.0857,-0.1102,0.0438,,9,0,-0.331,0.2583,,,,,,,,,,,,,,,,,
kommande,GR,2026/27,2026-10-24,2026-10-24T16:00Z,Iraklis,Kifisia,,,,,,,,,,,,,,,,,,,,,,,,,,,,,,,,,,,0.7126,-1.2676,0.2296,,,,,,,,,,,,,,,,,,,,,,
kommande,GR,2026/27,2026-10-25,2026-10-25T17:30Z,Aris,Atromitos,,,,,,,,,,,,,,,,,,,,,,,,,,,,,,,,,,,0.6888,1.0458,0.8578,,18,0.6667,-0.0213,0.0428,,,,,,,,,,,,,,,,,
kommande,GR,2026/27,2026-10-25,2026-10-25T18:00Z,OFI Crete,PAOK,,,,,,,,,,,,,,,,,,,,,,,,,,,,,,,,,,,-0.1443,0.4874,0.3208,,17,-1.7647,-0.0444,-0.0198,,,,,,,,,,,,,,,,,
kommande,GR,2026/27,2026-10-25,2026-10-25T14:00Z,Olympiakos,Kalamata,,,,,,,,,,,,,,,,,,,,,,,,,,,,,,,,,,,0.1989,0.6549,-0.0575,,,,,,,,,,,,,,,,,,,,,,
kommande,GR,2026/27,2026-10-25,2026-10-25T16:00Z,Volos NFC,Panathinaikos,,,,,,,,,,,,,,,,,,,,,,,,,,,,,,,,,,,-1.1436,1.3188,-1.1383,,16,-1.6875,-0.0775,-0.0345,,,,,,,,,,,,,,,,,
