status,league,season,date,kickoff,home,away,hg,ag,res,hs,as,hst,ast,xg_h,xg_a,xg_src,referee,hc,ac,hf,af,hy,ay,hr,ar,open_h,open_d,open_a,close_h,close_d,close_a,pin_close,best_open_h,best_open_d,best_open_a,best_close_h,best_close_d,best_close_a,over25_open,over25_close,luck,gap,mres,rest,h2h_n,h2h_pts,h2h_res,h2h_draw,promo,releg,miss_h,miss_a,steam,book,pre_first_at,pre_first_h,pre_first_d,pre_first_a,pre_last_at,pre_last_h,pre_last_d,pre_last_a,pre_best_h,pre_best_d,pre_best_a,pre_inj_at,pre_inj_h,pre_inj_a,pre_injv_h,pre_injv_a,close_src
spelad,L1,2017/18,2017-08-04,,Monaco,Toulouse,3,2,H,17,6,7,3,2.1464,0.2488,understat,,,,,,,,,,0.741,0.171,0.088,0.7577,0.1657,0.0767,1,1.35,6,11.2,,,,0.5842,,,,,,,,,,0,0,,,0.0446,,,,,,,,,,,,,,,,,,pinnacle
spelad,L1,2017/18,2017-08-05,,Lyon,Strasbourg,4,0,H,12,7,7,1,1.7278,0.2924,understat,,,,,,,,,,0.7015,0.1892,0.1092,0.7294,0.1761,0.0944,1,1.44,5.19,9,,,,0.6121,,,,,,,,,,0,0,,,0.0707,,,,,,,,,,,,,,,,,,pinnacle
spelad,L1,2017/18,2017-08-05,,Metz,Guingamp,1,3,A,6,13,4,5,0.5574,1.4574,understat,,,,,,,,,,0.3322,0.3062,0.3616,0.3243,0.2914,0.3843,1,2.96,3.25,2.78,,,,0.4427,,,,,,,,,,0,0,,,-0.0385,,,,,,,,,,,,,,,,,,pinnacle
spelad,L1,2017/18,2017-08-05,,Montpellier,Caen,1,0,H,10,8,2,1,1.4618,0.3192,understat,,,,,,,,,,0.5188,0.2755,0.2058,0.5354,0.2655,0.1991,1,1.95,3.6,4.74,,,,0.4567,,,,,,,,,,0,0,,,0.0398,,,,,,,,,,,,,,,,,,pinnacle
spelad,L1,2017/18,2017-08-05,,Paris SG,Amiens,2,0,H,16,7,5,1,2.2526,0.1903,understat,,,,,,,,,,0.8703,0.0919,0.0378,0.8979,0.0753,0.0268,1,1.17,10.97,34.25,,,,0.6973,,,,,,,,,,0,0,,,0.0663,,,,,,,,,,,,,,,,,,pinnacle
spelad,L1,2017/18,2017-08-05,,St Etienne,Nice,1,0,H,8,6,3,2,0.9437,0.5938,understat,,,,,,,,,,0.4279,0.3077,0.2644,0.3985,0.3035,0.298,1,2.33,3.25,3.75,,,,0.4092,,,,,,,,,,0,0,,,-0.0923,,,,,,,,,,,,,,,,,,pinnacle
spelad,L1,2017/18,2017-08-05,,Troyes,Rennes,1,1,D,11,16,4,4,1.3376,1.8718,understat,,,,,,,,,,0.3507,0.3107,0.3386,0.3165,0.3085,0.375,1,2.84,3.2,2.91,,,,0.4103,,,,,,,,,,0,0,,,-0.1047,,,,,,,,,,,,,,,,,,pinnacle
spelad,L1,2017/18,2017-08-06,,Angers,Bordeaux,2,2,D,9,7,5,4,1.1115,1.7792,understat,,,,,,,,,,0.3708,0.3187,0.3106,0.3919,0.312,0.296,1,2.71,3.1,3.2,,,,0.3889,,,,,,,,,,0,0,,,0.0568,,,,,,,,,,,,,,,,,,pinnacle
spelad,L1,2017/18,2017-08-06,,Lille,Nantes,3,0,H,14,9,5,4,1.9096,1.0773,understat,,,,,,,,,,0.4689,0.2978,0.2333,0.4559,0.2997,0.2444,1,2.3,3.3,4.2,,,,0.3995,,,,,,,,,,0,0,,,-0.0371,,,,,,,,,,,,,,,,,,pinnacle
spelad,L1,2017/18,2017-08-06,,Marseille,Dijon,3,0,H,18,12,5,1,2.4135,0.595,understat,,,,,,,,,,0.7006,0.189,0.1105,0.7464,0.1686,0.085,1,1.45,5.19,8.88,,,,0.5714,,,,,,,,,,0,0,,,0.1171,,,,,,,,,,,,,,,,,,pinnacle
spelad,L1,2017/18,2017-08-11,,Nice,Troyes,1,2,A,20,10,6,4,1.924,0.4329,understat,,,,,,,,,,0.641,0.2179,0.1411,0.6442,0.2171,0.1387,1,1.6,4.5,8,,,,0.5171,,,,,0,,,,,0,0,,,0.0089,,,,,,,,,,,,,,,,,,pinnacle
spelad,L1,2017/18,2017-08-11,,Rennes,Lyon,1,2,A,17,17,5,8,0.7123,1.531,understat,,,,,,,,,,0.2654,0.2661,0.4685,0.2688,0.2696,0.4616,1,3.8,3.68,2.1,,,,0.534,,,,,0,,,,,0,0,,,0.0139,,,,,,,,,,,,,,,,,,pinnacle
spelad,L1,2017/18,2017-08-12,,Amiens,Angers,0,2,A,10,12,1,6,0.7056,1.4738,understat,,,,,,,,,,0.3208,0.3126,0.3666,0.2965,0.3125,0.391,1,3.04,3.14,2.75,,,,0.3835,,,,,1,,,,,0,0,,,-0.073,,,,,,,,,,,,,,,,,,pinnacle
spelad,L1,2017/18,2017-08-12,,Bordeaux,Metz,2,0,H,12,6,5,1,2.1455,0.5251,understat,,,,,,,,,,0.6682,0.2121,0.1197,0.6799,0.1939,0.1262,1,1.5,4.6,8.5,,,,0.5561,,,,,-1,,,,,0,0,,,0.017,,,,,,,,,,,,,,,,,,pinnacle
spelad,L1,2017/18,2017-08-12,,Caen,St Etienne,0,1,A,10,6,4,4,0.7553,1.1477,understat,,,,,,,,,,0.3167,0.3167,0.3667,0.3258,0.3027,0.3715,1,3.1,3.2,2.66,,,,0.3889,,,,,0,,,,,0,0,,,0.0135,,,,,,,,,,,,,,,,,,pinnacle
spelad,L1,2017/18,2017-08-12,,Nantes,Marseille,0,1,A,14,13,3,10,1.296,1.9199,understat,,,,,,,,,,0.282,0.2844,0.4336,0.3092,0.2971,0.3937,1,3.7,3.44,2.25,,,,0.4698,,,,,0,,,,,0,0,,,0.0945,,,,,,,,,,,,,,,,,,pinnacle
spelad,L1,2017/18,2017-08-12,,Toulouse,Montpellier,1,0,H,8,14,4,1,1.7254,0.7908,understat,,,,,,,,,,0.4277,0.3116,0.2607,0.4122,0.3075,0.2803,1,2.38,3.25,3.74,,,,0.4264,,,,,1,,,,,0,0,,,-0.0506,,,,,,,,,,,,,,,,,,pinnacle
spelad,L1,2017/18,2017-08-13,,Dijon,Monaco,1,4,A,15,16,3,6,1.1526,1.822,understat,,,,,,,,,,0.1476,0.2221,0.6304,0.1393,0.2103,0.6504,1,7.1,4.5,1.6,,,,0.5897,,,,,-2,,,,,0,0,,,-0.0366,,,,,,,,,,,,,,,,,,pinnacle
spelad,L1,2017/18,2017-08-13,,Guingamp,Paris SG,0,3,A,4,21,0,8,0.0609,2.5112,understat,,,,,,,,,,0.0764,0.1624,0.7612,0.0673,0.1495,0.7832,1,15,6.5,1.3,,,,0.6121,,,,,0,,,,,0,0,,,-0.0403,,,,,,,,,,,,,,,,,,pinnacle
spelad,L1,2017/18,2017-08-13,,Strasbourg,Lille,3,0,H,22,12,9,2,3.2008,1.1121,understat,,,,,,,,,,0.2672,0.2835,0.4494,0.2648,0.273,0.4622,1,3.8,3.44,2.2,,,,0.4555,,,,,1,,,,,0,0,,,-0.0175,,,,,,,,,,,,,,,,,,pinnacle
spelad,L1,2017/18,2017-08-18,,Metz,Monaco,0,1,A,9,22,5,5,0.7995,1.9356,understat,,,,,,,,,,0.0954,0.1657,0.7389,0.1066,0.1714,0.722,1,10.3,5.93,1.35,,,,0.6506,,,,,1,,,,,0,0,,,0.0393,,,,,,,,,,,,,,,,,,pinnacle
spelad,L1,2017/18,2017-08-19,,Lyon,Bordeaux,3,3,D,8,16,5,6,0.933,0.9243,understat,,,,,,,,,,0.5849,0.2298,0.1853,0.5826,0.233,0.1843,1,1.67,4.33,5.75,,,,0.6015,,,,,1,,,,,0,0,,,-0.0035,,,,,,,,,,,,,,,,,,pinnacle
spelad,L1,2017/18,2017-08-19,,Montpellier,Strasbourg,1,1,D,16,7,5,1,1.9113,0.6392,understat,,,,,,,,,,0.5236,0.2604,0.216,0.4824,0.2914,0.2262,1,1.88,3.75,4.85,,,,0.5105,,,,,1,,,,,0,0,,,-0.0927,,,,,,,,,,,,,,,,,,pinnacle
spelad,L1,2017/18,2017-08-19,,Nice,Guingamp,2,0,H,14,13,8,1,1.4145,0.4558,understat,,,,,,,,,,0.4708,0.3026,0.2266,0.5272,0.2694,0.2034,1,2.08,3.45,4.55,,,,0.4751,,,,,2,,,,,0,0,,,0.136,,,,,,,,,,,,,,,,,,pinnacle
spelad,L1,2017/18,2017-08-19,,Rennes,Dijon,2,2,D,14,12,7,4,1.334,1.2113,understat,,,,,,,,,,0.6062,0.2416,0.1523,0.5515,0.2563,0.1921,1,1.65,4.15,6.41,,,,0.4895,,,,,2,,,,,0,0,,,-0.1491,,,,,,,,,,,,,,,,,,pinnacle
spelad,L1,2017/18,2017-08-19,,St Etienne,Amiens,3,0,H,13,16,5,1,3.1762,1.0695,understat,,,,,,,,,,0.6208,0.2431,0.1361,0.6057,0.261,0.1333,1,1.57,4.1,7.75,,,,0.4439,,,,,0,,,,,0,0,,,-0.0274,,,,,,,,,,,,,,,,,,pinnacle
spelad,L1,2017/18,2017-08-19,,Troyes,Nantes,0,1,A,8,11,1,4,0.7243,0.5659,understat,,,,,,,,,,0.3751,0.3019,0.3229,0.3757,0.3017,0.3226,1,2.7,3.23,3.1,,,,0.419,,,,,1,,,,,0,0,,,0.0016,,,,,,,,,,,,,,,,,,pinnacle
spelad,L1,2017/18,2017-08-20,,Lille,Caen,0,2,A,15,11,4,3,0.5117,1.8294,understat,,,,,,,,,,0.5876,0.2439,0.1685,0.5576,0.2523,0.1902,1,1.7,4,6,,,,0.5211,,,,,-1,,,,,0,0,,,-0.0819,,,,,,,,,,,,,,,,,,pinnacle
spelad,L1,2017/18,2017-08-20,,Marseille,Angers,1,1,D,12,11,2,4,1.1047,0.7737,understat,,,,,,,,,,0.6028,0.2399,0.1573,0.5876,0.2603,0.1521,1,1.67,4.07,6.3,,,,0.5211,,,,,0,,,,,0,0,,,-0.0253,,,,,,,,,,,,,,,,,,pinnacle
spelad,L1,2017/18,2017-08-20,,Paris SG,Toulouse,6,2,H,24,7,15,1,3.1968,0.3388,understat,,,,,,,,,,0.8879,0.0772,0.0349,0.8943,0.0806,0.0251,1,1.12,12.65,41,,,,0.7149,,,,,-1,,,,,0,0,,,0.0225,,,,,,,,,,,,,,,,,,pinnacle
spelad,L1,2017/18,2017-08-25,,Paris SG,St Etienne,3,0,H,14,12,4,2,2.3656,0.6212,understat,,,,,,,,,,0.8833,0.0817,0.035,0.8981,0.0739,0.028,1,1.13,12.5,34.25,,,,0.7625,,,,,-1,,,,,0,0,,,0.0368,,,,,,,,,,,,,,,,,,pinnacle
spelad,L1,2017/18,2017-08-26,,Amiens,Nice,3,0,H,12,12,4,3,1.3292,0.2477,understat,,,,,,,,,,0.2694,0.2991,0.4315,0.3013,0.2941,0.4046,1,3.62,3.3,2.38,,,,0.4338,,,,,0,,,,,0,0,,,0.0907,,,,,,,,,,,,,,,,,,pinnacle
spelad,L1,2017/18,2017-08-26,,Bordeaux,Troyes,2,1,H,12,5,8,2,2.7664,0.5666,understat,,,,,,,,,,0.683,0.2048,0.1123,0.6909,0.1994,0.1097,1,1.48,4.8,8.7,,,,0.5547,,,,,0,,,,,0,0,,,0.0183,,,,,,,,,,,,,,,,,,pinnacle
spelad,L1,2017/18,2017-08-26,,Caen,Metz,1,0,H,16,9,4,2,1.7164,0.8349,understat,,,,,,,,,,0.5247,0.2757,0.1996,0.5417,0.265,0.1934,1,1.87,3.6,5,,,,0.4763,,,,,-2,,,,,0,0,,,0.0401,,,,,,,,,,,,,,,,,,pinnacle
spelad,L1,2017/18,2017-08-26,,Dijon,Montpellier,2,1,H,7,11,2,2,1.2573,1.5519,understat,,,,,,,,,,0.3709,0.2974,0.3318,0.3698,0.2969,0.3333,1,2.65,3.32,2.95,,,,0.4581,,,,,0,,,,,0,0,,,-0.0037,,,,,,,,,,,,,,,,,,pinnacle
spelad,L1,2017/18,2017-08-26,,Nantes,Lyon,0,0,D,6,16,2,3,0.3189,0.8064,understat,,,,,,,,,,0.2813,0.2667,0.4519,0.2605,0.2752,0.4643,1,3.75,3.66,2.16,,,,0.5198,,,,,0,,,,,0,0,,,-0.0539,,,,,,,,,,,,,,,,,,pinnacle
spelad,L1,2017/18,2017-08-26,,Toulouse,Rennes,3,2,H,11,14,7,3,2.3966,0.9428,understat,,,,,,,,,,0.4203,0.3019,0.2778,0.43,0.2962,0.2738,1,2.35,3.28,3.51,,,,0.4139,,,,,-1,,,,,0,0,,,0.0233,,,,,,,,,,,,,,,,,,pinnacle
spelad,L1,2017/18,2017-08-27,,Angers,Lille,1,1,D,11,13,2,3,0.8615,0.8465,understat,,,,,,,,,,0.4415,0.2984,0.2602,0.458,0.297,0.245,1,2.3,3.3,3.76,,,,0.4301,,,,,0,,,,,0,0,,,0.0482,,,,,,,,,,,,,,,,,,pinnacle
spelad,L1,2017/18,2017-08-27,,Guingamp,Strasbourg,2,0,H,14,15,6,3,1.8617,0.566,understat,,,,,,,,,,0.5111,0.2838,0.2051,0.5508,0.2621,0.1871,1,2,3.5,4.76,,,,0.4517,,,,,0,,,,,0,0,,,0.0973,,,,,,,,,,,,,,,,,,pinnacle
spelad,L1,2017/18,2017-08-27,,Monaco,Marseille,6,1,H,14,10,8,3,4.5318,1.4156,understat,,,,,,,,,,0.599,0.2308,0.1701,0.617,0.22,0.163,1,1.65,4.25,5.74,,,,0.5918,,,,,2,,,,,0,0,,,0.0431,,,,,,,,,,,,,,,,,,pinnacle
spelad,L1,2017/18,2017-09-08,,Lille,Bordeaux,0,0,D,8,17,2,1,0.3523,0.9364,understat,,,,,,,,,,0.3314,0.2928,0.3758,0.3471,0.2904,0.3625,1,3,3.35,2.65,,,,0.4777,,,,,-1,,,,,0,0,,,0.0447,,,,,,,,,,,,,,,,,,pinnacle
spelad,L1,2017/18,2017-09-08,,Metz,Paris SG,1,5,A,8,23,1,12,1.2079,4.8773,understat,,,,,,,,,,0.0363,0.0961,0.8676,0.0288,0.0816,0.8897,1,27.6,10.97,1.16,,,,0.7061,,,,,-1,,,,,0,0,,,-0.0371,,,,,,,,,,,,,,,,,,pinnacle
spelad,L1,2017/18,2017-09-09,,Caen,Dijon,2,1,H,12,9,3,4,1.6751,0.5148,understat,,,,,,,,,,0.4777,0.2858,0.2365,0.515,0.2772,0.2078,1,2.08,3.5,4.12,,,,0.4789,,,,,0,,,,,0,0,,,0.1034,,,,,,,,,,,,,,,,,,pinnacle
spelad,L1,2017/18,2017-09-09,,Montpellier,Nantes,0,1,A,11,12,3,4,0.4116,0.5917,understat,,,,,,,,,,0.4282,0.3129,0.2589,0.445,0.3108,0.2442,1,2.3,3.25,3.8,,,,0.386,,,,,0,,,,,0,0,,,0.0485,,,,,,,,,,,,,,,,,,pinnacle
spelad,L1,2017/18,2017-09-09,,Nice,Monaco,4,0,H,9,11,5,1,2.9498,0.8818,understat,,,,,,,,,,0.2109,0.2519,0.5372,0.2068,0.2414,0.5519,1,4.75,3.9,1.9,,,,0.5711,,,,,1,,,,,0,0,,,-0.0229,,,,,,,,,,,,,,,,,,pinnacle
spelad,L1,2017/18,2017-09-09,,Strasbourg,Amiens,0,1,A,10,8,3,3,0.5997,0.2933,understat,,,,,,,,,,0.478,0.2893,0.2327,0.4871,0.2797,0.2331,1,2.2,3.37,4.2,,,,0.4264,,,,,-1,,,,,0,0,,,0.0179,,,,,,,,,,,,,,,,,,pinnacle
spelad,L1,2017/18,2017-09-09,,Troyes,Toulouse,0,0,D,11,7,3,0,0.7373,0.204,understat,,,,,,,,,,0.3274,0.2974,0.3752,0.3312,0.3016,0.3672,1,2.98,3.31,2.63,,,,0.4427,,,,,0,,,,,0,0,,,0.0157,,,,,,,,,,,,,,,,,,pinnacle
spelad,L1,2017/18,2017-09-10,,Lyon,Guingamp,2,1,H,12,13,4,6,0.7624,0.8344,understat,,,,,,,,,,0.7061,0.1815,0.1124,0.6723,0.2003,0.1273,1,1.42,5.45,8.67,,,,0.6296,,,,,1,,,,,0,0,,,-0.0825,,,,,,,,,,,,,,,,,,pinnacle
spelad,L1,2017/18,2017-09-10,,Marseille,Rennes,1,3,A,10,17,4,4,1.7271,2.1507,understat,,,,,,,,,,0.5731,0.2424,0.1845,0.6253,0.2201,0.1546,1,1.75,4.05,5.6,,,,0.5354,,,,,-1,,,,,0,0,,,0.1343,,,,,,,,,,,,,,,,,,pinnacle
spelad,L1,2017/18,2017-09-10,,St Etienne,Angers,1,1,D,8,15,4,6,0.6812,2.0449,understat,,,,,,,,,,0.4535,0.3076,0.239,0.4627,0.3075,0.2297,1,2.18,3.21,4.08,,,,0.3815,,,,,2,,,,,0,0,,,0.0277,,,,,,,,,,,,,,,,,,pinnacle
spelad,L1,2017/18,2017-09-15,,Toulouse,Bordeaux,0,1,A,16,14,5,4,0.9091,0.7333,understat,,,,,,,,,,0.3112,0.2998,0.389,0.3082,0.3044,0.3874,1,3.15,3.3,2.62,,,,0.4301,,0.5279,-0.3927,0.157,-1,,,,,0,0,,,-0.0044,,,,,,,,,,,,,,,,,,pinnacle
spelad,L1,2017/18,2017-09-16,,Dijon,St Etienne,0,1,A,18,16,7,6,1.8476,1.7325,understat,,,,,,,,,,0.3109,0.3032,0.3859,0.3502,0.3093,0.3405,1,3.25,3.28,2.53,,,,0.4066,,-0.729,0.8387,-0.6687,1,,,,,0,0,,,0.124,,,,,,,,,,,,,,,,,,pinnacle
spelad,L1,2017/18,2017-09-16,,Guingamp,Lille,1,0,H,20,10,4,5,1.4926,0.3765,understat,,,,,,,,,,0.4559,0.2965,0.2476,0.4733,0.2848,0.2419,1,2.27,3.4,3.94,,,,0.4593,,-0.0988,0.4064,0.6887,-2,,,,,0,0,,,0.0405,,,,,,,,,,,,,,,,,,pinnacle
spelad,L1,2017/18,2017-09-16,,Monaco,Strasbourg,3,0,H,14,10,5,1,2.7493,1.2537,understat,,,,,,,,,,0.7994,0.1345,0.0661,0.7661,0.1509,0.0831,1,1.23,7.5,15,,,,0.6714,,0.7826,-0.7282,0.4311,0,,,,,0,0,,,-0.0836,,,,,,,,,,,,,,,,,,pinnacle
spelad,L1,2017/18,2017-09-16,,Nantes,Caen,1,0,H,8,8,4,1,0.4647,0.2777,understat,,,,,,,,,,0.4901,0.2946,0.2153,0.4805,0.2952,0.2243,1,2,3.31,4.61,,,,0.3914,,0.1466,0.0507,-0.1898,0,,,,,0,0,,,-0.0282,,,,,,,,,,,,,,,,,,pinnacle
spelad,L1,2017/18,2017-09-16,,Troyes,Montpellier,0,1,A,7,9,0,3,0.6437,1.2073,understat,,,,,,,,,,0.3447,0.3106,0.3447,0.3236,0.3036,0.3728,1,2.85,3.3,2.9,,,,0.4567,,0.7793,-1.2256,0.7115,0,,,,,0,0,,,-0.0703,,,,,,,,,,,,,,,,,,pinnacle
spelad,L1,2017/18,2017-09-17,,Amiens,Marseille,0,2,A,8,22,3,6,0.7121,1.4413,understat,,,,,,,,,,0.2385,0.2811,0.4805,0.2791,0.2775,0.4433,1,4.2,3.47,2.1,,,,0.4619,,0.3412,-0.6792,0.7036,1,,,,,0,0,,,0.1185,,,,,,,,,,,,,,,,,,pinnacle
spelad,L1,2017/18,2017-09-17,,Angers,Metz,0,1,A,18,10,5,5,1.9982,1.6002,understat,,,,,,,,,,0.6386,0.2304,0.131,0.6323,0.2306,0.1371,1,1.65,4.24,7.5,,,,0.4842,,0.4231,-0.5289,0.7966,-2,,,,,0,0,,,-0.0187,,,,,,,,,,,,,,,,,,pinnacle
spelad,L1,2017/18,2017-09-17,,Paris SG,Lyon,2,0,H,14,12,5,5,1.7733,0.9286,understat,,,,,,,,,,0.8266,0.1084,0.065,0.8299,0.1053,0.0648,1,1.2,9.5,19,,,,0.7927,,-0.147,0.0212,0.0669,2,,,,,0,0,,,0.0067,,,,,,,,,,,,,,,,,,pinnacle
spelad,L1,2017/18,2017-09-17,,Rennes,Nice,0,1,A,17,6,4,3,0.8877,0.5909,understat,,,,,,,,,,0.4133,0.2828,0.3039,0.4068,0.2809,0.3122,1,2.5,3.45,3.3,,,,0.4658,,0.2674,-0.6557,0.0691,-1,,,,,0,0,,,-0.0214,,,,,,,,,,,,,,,,,,pinnacle
spelad,L1,2017/18,2017-09-22,,Lille,Monaco,0,4,A,11,12,2,7,1.039,2.5315,understat,,,,,,,,,,0.1902,0.2414,0.5684,0.1902,0.2401,0.5696,1,5.15,4.05,1.79,,,,0.5354,,-0.6084,0.244,-0.8786,0,,,,,0,0,,,-0.0011,,,,,,,,,,,,,,,,,,pinnacle
spelad,L1,2017/18,2017-09-22,,Nice,Angers,2,2,D,17,15,3,6,1.7562,1.6771,understat,,,,,,,,,,0.5353,0.2691,0.1955,0.5412,0.2736,0.1852,1,1.86,3.65,5.01,,,,0.4453,,0.2741,0.0406,0.2833,0,,,,,0,0,,,0.0221,,,,,,,,,,,,,,,,,,pinnacle
spelad,L1,2017/18,2017-09-23,,Bordeaux,Guingamp,3,1,H,21,10,8,4,3.2221,1.1758,understat,,,,,,,,,,0.5442,0.2591,0.1968,0.5729,0.2474,0.1797,1,1.83,3.76,5.6,,,,0.4868,,0.0727,-0.0146,0.0901,1,,,,,0,0,,,0.0745,,,,,,,,,,,,,,,,,,pinnacle
spelad,L1,2017/18,2017-09-23,,Caen,Amiens,1,0,H,17,2,4,0,1.7604,0.0263,understat,,,,,,,,,,0.5086,0.288,0.2034,0.4926,0.2989,0.2086,1,1.96,3.4,4.8,,,,0.4066,,-0.1073,0.0882,0.1107,1,,,,,0,0,,,-0.0371,,,,,,,,,,,,,,,,,,pinnacle
spelad,L1,2017/18,2017-09-23,,Lyon,Dijon,3,3,D,20,11,6,6,3.5055,1.6852,understat,,,,,,,,,,0.7618,0.1555,0.0826,0.715,0.1749,0.1101,1,1.31,6.5,12,,,,0.6675,,0.5384,-0.8694,0.3944,-1,,,,,0,0,,,-0.1211,,,,,,,,,,,,,,,,,,pinnacle
spelad,L1,2017/18,2017-09-23,,Metz,Troyes,0,1,A,15,9,7,2,1.0645,0.6288,understat,,,,,,,,,,0.4475,0.2852,0.2673,0.4581,0.2866,0.2553,1,2.2,3.43,4,,,,0.4672,,0.0094,0.4153,0.0726,-1,,,,,0,0,,,0.0332,,,,,,,,,,,,,,,,,,pinnacle
spelad,L1,2017/18,2017-09-23,,Montpellier,Paris SG,0,0,D,5,10,2,1,0.1569,0.6647,understat,,,,,,,,,,0.0608,0.142,0.7972,0.0662,0.1458,0.7879,1,18,7.75,1.25,,,,0.6287,,-0.8763,1.2548,-0.663,1,,,,,0,0,,,0.0202,,,,,,,,,,,,,,,,,,pinnacle
spelad,L1,2017/18,2017-09-24,,Marseille,Toulouse,2,0,H,22,8,6,1,3.1946,0.5552,understat,,,,,,,,,,0.6023,0.2351,0.1626,0.6368,0.2296,0.1336,1,1.65,4.25,6.75,,,,0.5433,,0.1143,-0.0521,-0.1679,-2,,,,,0,0,,,0.098,,,,,,,,,,,,,,,,,,pinnacle
spelad,L1,2017/18,2017-09-24,,St Etienne,Rennes,2,2,D,9,9,4,4,2.0098,1.4111,understat,,,,,,,,,,0.4519,0.2905,0.2576,0.4047,0.308,0.2872,1,2.16,3.36,4,,,,0.4249,,1.2894,-0.5798,1.2575,1,,,,,0,0,,,-0.124,,,,,,,,,,,,,,,,,,pinnacle
spelad,L1,2017/18,2017-09-24,,Strasbourg,Nantes,1,2,A,21,12,6,5,1.3886,0.5729,understat,,,,,,,,,,0.3524,0.3286,0.319,0.374,0.314,0.312,1,2.77,3.2,3.1,,,,0.3695,,-0.8993,0.7719,-0.6829,0,,,,,0,0,,,0.0501,,,,,,,,,,,,,,,,,,pinnacle
spelad,L1,2017/18,2017-09-29,,Monaco,Montpellier,1,1,D,8,15,1,3,0.9392,0.9481,understat,,,,,,,,,,0.7261,0.1744,0.0996,0.7171,0.1836,0.0992,1,1.36,5.75,11,,,,0.5923,,0.9063,-1.1301,0.5949,1,,,,,0,0,,,-0.0175,,,,,,,,,,,,,,,,,,pinnacle
spelad,L1,2017/18,2017-09-30,,Dijon,Strasbourg,1,1,D,13,7,6,1,1.5553,0.669,understat,,,,,,,,,,0.4626,0.2757,0.2617,0.4246,0.2818,0.2936,1,2.15,3.54,4,,,,0.4646,,0.3895,-0.6404,0.263,1,,,,,0,0,,,-0.108,,,,,,,,,,,,,,,,,,pinnacle
spelad,L1,2017/18,2017-09-30,,Guingamp,Toulouse,1,1,D,6,11,4,2,0.9523,0.5698,understat,,,,,,,,,,0.4972,0.2833,0.2195,0.5139,0.275,0.2111,1,2.1,3.45,4.44,,,,0.439,,-0.0021,0.0418,0.183,1,,,,,0,0,,,0.0418,,,,,,,,,,,,,,,,,,pinnacle
spelad,L1,2017/18,2017-09-30,,Nantes,Metz,1,0,H,15,9,6,1,2.2125,1.3633,understat,,,,,,,,,,0.5736,0.2628,0.1636,0.6089,0.2403,0.1508,1,1.75,3.75,6.25,,,,0.4323,,1.155,-0.6258,1.0042,-1,,,,,0,0,,,0.0834,,,,,,,,,,,,,,,,,,pinnacle
spelad,L1,2017/18,2017-09-30,,Paris SG,Bordeaux,6,2,H,11,17,9,6,2.4064,2.1961,understat,,,,,,,,,,0.8559,0.0927,0.0514,0.8504,0.1019,0.0477,1,1.16,10.52,22,,,,0.7102,,0.0608,-0.6853,-0.4789,0,,,,,0,0,,,-0.0073,,,,,,,,,,,,,,,,,,pinnacle
spelad,L1,2017/18,2017-09-30,,Rennes,Caen,0,1,A,9,10,2,3,0.6988,1.4079,understat,,,,,,,,,,0.5046,0.2864,0.209,0.5152,0.2805,0.2044,1,2,3.45,4.66,,,,0.4476,,-0.4424,-0.2665,-0.7815,-1,,,,,0,0,,,0.0258,,,,,,,,,,,,,,,,,,pinnacle
spelad,L1,2017/18,2017-10-01,,Angers,Lyon,3,3,D,15,13,4,6,0.9996,1.5737,understat,,,,,,,,,,0.2918,0.2769,0.4313,0.2777,0.2685,0.4538,1,3.4,3.52,2.3,,,,0.5237,,-0.3847,0.1162,-0.1156,1,,,,,0,0,,,-0.0508,,,,,,,,,,,,,,,,,,pinnacle
spelad,L1,2017/18,2017-10-01,,Nice,Marseille,2,4,A,19,17,10,9,2.6756,2.5674,understat,,,,,,,,,,0.4098,0.2786,0.3116,0.4017,0.2769,0.3214,1,2.42,3.5,3.2,,,,0.5289,,-0.2997,-0.1048,-0.1745,2,,,,,0,0,,,-0.0259,,,,,,,,,,,,,,,,,,pinnacle
spelad,L1,2017/18,2017-10-01,,Troyes,St Etienne,2,1,H,11,14,7,4,0.8067,1.284,understat,,,,,,,,,,0.2822,0.3041,0.4137,0.2592,0.2934,0.4474,1,3.46,3.3,2.4,,,,0.4056,,-0.4428,-0.1081,-0.5386,1,,,,,0,0,,,-0.0796,,,,,,,,,,,,,,,,,,pinnacle
spelad,L1,2017/18,2017-10-13,,Lyon,Monaco,3,2,H,22,14,7,7,1.7977,1.8652,understat,,,,,,,,,,0.4581,0.2439,0.298,0.5112,0.2326,0.2563,1,2.3,4.03,3.45,,,,0.6472,,-0.5277,0.6872,-0.312,-2,,,,,0,0,,,0.1478,,,,,,,,,,,,,,,,,,pinnacle
spelad,L1,2017/18,2017-10-14,,Caen,Angers,0,2,A,22,12,5,4,1.3146,2.0293,understat,,,,,,,,,,0.3902,0.3177,0.2921,0.3998,0.3052,0.295,1,2.6,3.15,3.34,,,,0.3899,,0.4935,0.1485,0.7625,1,,,,,0,0,,,0.0163,,,,,,,,,,,,,,,,,,pinnacle
spelad,L1,2017/18,2017-10-14,,Dijon,Paris SG,1,2,A,15,18,5,8,0.7043,2.5583,understat,,,,,,,,,,0.037,0.102,0.861,0.0466,0.102,0.8514,1,29,10,1.15,,,,0.7009,,-0.7057,1.2211,-0.288,0,,,,,0,0,,,0.0288,,,,,,,,,,,,,,,,,,pinnacle
spelad,L1,2017/18,2017-10-14,,Guingamp,Rennes,2,0,H,16,11,9,0,3.8324,0.7368,understat,,,,,,,,,,0.4515,0.2827,0.2658,0.4535,0.2775,0.2691,1,2.18,3.45,3.8,,,,0.4591,,0.3581,0.1893,0.6549,0,,,,,0,0,,,0.0005,,,,,,,,,,,,,,,,,,pinnacle
spelad,L1,2017/18,2017-10-14,,Lille,Troyes,2,2,D,16,10,6,2,1.2698,1.5358,understat,,,,,,,,,,0.6117,0.2435,0.1448,0.5723,0.2465,0.1812,1,1.65,4.02,6.76,,,,0.4684,,-0.5401,0.8003,-0.9411,7,,,,,0,0,,,-0.1153,,,,,,,,,,,,,,,,,,pinnacle
spelad,L1,2017/18,2017-10-14,,St Etienne,Metz,3,1,H,20,10,5,2,2.3384,0.3388,understat,,,,,,,,,,0.6168,0.24,0.1431,0.5876,0.2472,0.1652,1,1.58,4.33,7.33,,,,0.496,,0.7428,-0.4099,0.75,-1,,,,,0,0,,,-0.0805,,,,,,,,,,,,,,,,,,pinnacle
spelad,L1,2017/18,2017-10-14,,Toulouse,Amiens,1,0,H,16,7,6,2,1.4617,0.2401,understat,,,,,,,,,,0.5439,0.2933,0.1628,0.5258,0.2954,0.1788,1,1.85,3.5,5.98,,,,0.3924,,-0.0667,0.121,0.052,-7,,,,,0,0,,,-0.0523,,,,,,,,,,,,,,,,,,pinnacle
spelad,L1,2017/18,2017-10-15,,Bordeaux,Nantes,1,1,D,18,14,3,4,0.9966,1.1682,understat,,,,,,,,,,0.5847,0.2576,0.1577,0.5802,0.2594,0.1605,1,1.8,3.79,6.19,,,,0.4424,,-0.8231,0.9281,-0.2333,0,,,,,0,0,,,-0.0117,,,,,,,,,,,,,,,,,,pinnacle
spelad,L1,2017/18,2017-10-15,,Montpellier,Nice,2,0,H,14,15,4,8,1.391,1.9439,understat,,,,,,,,,,0.3888,0.2984,0.3128,0.3516,0.3114,0.3371,1,2.55,3.28,3.15,,,,0.4409,,-0.0373,-0.0397,0.1519,2,,,,,0,0,,,-0.0987,,,,,,,,,,,,,,,,,,pinnacle
spelad,L1,2017/18,2017-10-15,,Strasbourg,Marseille,3,3,D,19,20,9,7,2.0235,3.0641,understat,,,,,,,,,,0.2538,0.273,0.4732,0.2216,0.276,0.5024,1,4.2,3.65,2.06,,,,0.5356,,-0.8218,0.6665,-0.6697,1,,,,,0,0,,,-0.0936,,,,,,,,,,,,,,,,,,pinnacle
spelad,L1,2017/18,2017-10-20,,St Etienne,Montpellier,0,1,A,21,15,4,4,1.27,1.5216,understat,,,,,,,,,,0.4416,0.3083,0.2501,0.4517,0.3007,0.2475,1,2.25,3.25,3.92,,,,0.38,,0.3852,-0.0765,0.3245,1,,,,,0,0,,,0.0228,,,,,,,,,,,,,,,,,,pinnacle
spelad,L1,2017/18,2017-10-21,,Amiens,Bordeaux,1,0,H,13,14,4,4,1.107,0.7563,understat,,,,,,,,,,0.1657,0.2511,0.5833,0.1576,0.2511,0.5914,1,6.25,3.9,1.85,,,,0.4413,,-0.0838,-0.5914,-0.465,1,,,,,0,0,,,-0.0243,,,,,,,,,,,,,,,,,,pinnacle
spelad,L1,2017/18,2017-10-21,,Angers,Toulouse,0,1,A,14,3,4,1,1.177,0.4184,understat,,,,,,,,,,0.4852,0.2946,0.2202,0.4852,0.2841,0.2306,1,2.1,3.39,4.43,,,,0.4087,,-0.2843,-0.2622,-0.0986,0,,,,,0,0,,,-0.0104,,,,,,,,,,,,,,,,,,pinnacle
spelad,L1,2017/18,2017-10-21,,Metz,Dijon,1,2,A,15,8,5,6,0.7224,0.6947,understat,,,,,,,,,,0.3436,0.3003,0.3561,0.3631,0.2953,0.3416,1,2.84,3.35,2.85,,,,0.4723,,-0.0737,0.1002,-0.1731,0,,,,,0,0,,,0.0536,,,,,,,,,,,,,,,,,,pinnacle
spelad,L1,2017/18,2017-10-21,,Monaco,Caen,2,0,H,15,8,6,1,2.026,0.382,understat,,,,,,,,,,0.712,0.1858,0.1021,0.6997,0.1902,0.1101,1,1.4,5.5,10,,,,0.6121,,0.1003,-0.951,-0.5304,1,,,,,0,0,,,-0.0326,,,,,,,,,,,,,,,,,,pinnacle
spelad,L1,2017/18,2017-10-21,,Nantes,Guingamp,2,1,H,9,10,3,4,0.748,0.8629,understat,,,,,,,,,,0.4478,0.3099,0.2422,0.4283,0.3094,0.2623,1,2.18,3.3,4.03,,,,0.4005,,1.058,-1.0255,0.7856,-1,,,,,0,0,,,-0.059,,,,,,,,,,,,,,,,,,pinnacle
spelad,L1,2017/18,2017-10-21,,Rennes,Lille,1,0,H,9,7,6,1,0.7436,0.6052,understat,,,,,,,,,,0.4334,0.2973,0.2694,0.4563,0.2973,0.2465,1,2.3,3.3,3.7,,,,0.4439,,-0.2268,-0.3481,0.0037,0,,,,,0,0,,,0.0687,,,,,,,,,,,,,,,,,,pinnacle
spelad,L1,2017/18,2017-10-22,,Marseille,Paris SG,2,2,D,11,7,3,3,1.3144,0.3243,understat,,,,,,,,,,0.1289,0.1757,0.6953,0.1142,0.1693,0.7166,1,7.55,5.54,1.45,,,,0.7016,,-0.2724,1.0722,0.0147,-1,,,,,0,0,,,-0.0508,,,,,,,,,,,,,,,,,,pinnacle
spelad,L1,2017/18,2017-10-22,,Nice,Strasbourg,1,2,A,14,15,9,6,1.8532,1.1561,understat,,,,,,,,,,0.6054,0.2277,0.1669,0.5698,0.2533,0.1769,1,1.63,4.28,6,,,,0.5303,,0.0211,0.4574,0.0315,0,,,,,0,0,,,-0.0811,,,,,,,,,,,,,,,,,,pinnacle
spelad,L1,2017/18,2017-10-22,,Troyes,Lyon,0,5,A,9,14,3,10,0.2772,3.277,understat,,,,,,,,,,0.1693,0.2388,0.5919,0.1543,0.2257,0.62,1,5.77,4.2,1.7,,,,0.5866,,0.2745,-0.7418,0.4328,-1,,,,,0,0,,,-0.0581,,,,,,,,,,,,,,,,,,pinnacle
spelad,L1,2017/18,2017-10-27,,Paris SG,Nice,3,0,H,16,8,8,1,3.3048,0.1987,understat,,,,,,,,,,0.8446,0.101,0.0544,0.852,0.0975,0.0505,1,1.2,9.7,21.9,,,,0.7495,,0.7918,-1.4234,0.136,0,,,,,0,0,,,0.0188,,,,,,,,,,,,,,,,,,pinnacle
spelad,L1,2017/18,2017-10-28,,Bordeaux,Monaco,0,2,A,12,12,4,5,1.3796,0.8938,understat,,,,,,,,,,0.379,0.2755,0.3455,0.3814,0.2746,0.344,1,2.7,3.7,2.83,,,,0.5512,,-0.2621,1.0048,0.0238,0,,,,,0,0,,,0.0064,,,,,,,,,,,,,,,,,,pinnacle
spelad,L1,2017/18,2017-10-28,,Caen,Troyes,1,0,H,16,8,3,3,0.5856,1.1355,understat,,,,,,,,,,0.5788,0.2754,0.1458,0.5721,0.2637,0.1642,1,1.75,3.75,6.67,,,,0.445,,0.2135,0.2469,0.6164,1,,,,,0,0,,,-0.0316,,,,,,,,,,,,,,,,,,pinnacle
spelad,L1,2017/18,2017-10-28,,Dijon,Nantes,1,0,H,6,10,1,0,0.3258,1.0091,understat,,,,,,,,,,0.3669,0.3078,0.3253,0.3578,0.3054,0.3369,1,2.72,3.2,3,,,,0.4149,,-1.1906,0.3638,-1.0454,0,,,,,0,0,,,-0.0298,,,,,,,,,,,,,,,,,,pinnacle
spelad,L1,2017/18,2017-10-28,,Guingamp,Amiens,1,1,D,12,7,4,2,0.6205,0.3541,understat,,,,,,,,,,0.585,0.2584,0.1566,0.5005,0.2955,0.204,1,1.75,3.78,6.24,,,,0.4424,,-0.541,0.6882,-0.2229,0,,,,,0,0,,,-0.2163,,,,,,,,,,,,,,,,,,pinnacle
spelad,L1,2017/18,2017-10-28,,Montpellier,Rennes,0,1,A,9,7,4,2,1.0658,0.5964,understat,,,,,,,,,,0.4876,0.3057,0.2066,0.4689,0.3053,0.2258,1,2.08,3.35,4.72,,,,0.3934,,0.1671,0.2532,0.7027,1,,,,,0,0,,,-0.0567,,,,,,,,,,,,,,,,,,pinnacle
spelad,L1,2017/18,2017-10-28,,Strasbourg,Angers,2,2,D,14,5,6,2,1.6272,0.3752,understat,,,,,,,,,,0.3536,0.3088,0.3376,0.3314,0.2928,0.3758,1,2.76,3.2,2.95,,,,0.4386,,0.3288,-0.2289,0.0143,-1,,,,,0,0,,,-0.0825,,,,,,,,,,,,,,,,,,pinnacle
spelad,L1,2017/18,2017-10-29,,Lille,Marseille,0,1,A,18,10,7,3,0.6652,1.0691,understat,,,,,,,,,,0.2906,0.2697,0.4398,0.311,0.2791,0.4099,1,3.45,3.62,2.27,,,,0.5316,,-0.2995,0.1124,-0.9573,1,,,,,0,0,,,0.0708,,,,,,,,,,,,,,,,,,pinnacle
spelad,L1,2017/18,2017-10-29,,Lyon,Metz,2,0,H,12,7,4,4,1.3855,0.5068,understat,,,,,,,,,,0.8059,0.1198,0.0743,0.8286,0.1063,0.0652,1,1.22,8.14,17,,,,,,0.4369,-0.2029,0.3324,-1,,,,,0,0,,,0.0543,,,,,,,,,,,,,,,,,,pinnacle
spelad,L1,2017/18,2017-10-29,,Toulouse,St Etienne,0,0,D,11,4,4,2,0.6633,0.9622,understat,,,,,,,,,,0.4313,0.3046,0.2641,0.4099,0.311,0.2791,1,2.3,3.25,3.7,,,,0.399,,0.4002,-0.1285,0.4156,-1,,,,,0,0,,,-0.0577,,,,,,,,,,,,,,,,,,pinnacle
spelad,L1,2017/18,2017-11-03,,Rennes,Bordeaux,1,0,H,6,6,2,0,0.8166,0.3292,understat,,,,,,,,,,0.2891,0.298,0.4129,0.2973,0.2982,0.4046,1,3.43,3.27,2.5,,,,0.4175,,0.5225,-1.4844,0.2174,0,,,,,0,0,,,0.0246,,,,,,,,,,,,,,,,,,pinnacle
spelad,L1,2017/18,2017-11-04,,Angers,Paris SG,0,5,A,9,15,3,7,0.6635,2.7839,understat,,,,,,,,,,0.0723,0.1468,0.7809,0.0814,0.1432,0.7753,1,15,7.6,1.26,,,,0.669,,-0.937,0.9248,-0.2714,-1,,,,,0,0,,,0.0238,,,,,,,,,,,,,,,,,,pinnacle
spelad,L1,2017/18,2017-11-04,,Monaco,Guingamp,6,0,H,18,12,9,3,2.9499,0.2996,understat,,,,,,,,,,0.6686,0.1929,0.1385,0.6899,0.1862,0.1239,1,1.46,5.1,8,,,,0.6076,,0.6163,-1.1305,0.1297,0,,,,,0,0,,,0.0572,,,,,,,,,,,,,,,,,,pinnacle
spelad,L1,2017/18,2017-11-04,,Montpellier,Amiens,1,1,D,10,12,3,1,0.9011,0.4977,understat,,,,,,,,,,0.5451,0.2975,0.1574,0.5568,0.2874,0.1558,1,1.83,3.4,6.2,,,,0.38,,-0.2765,0.2849,-0.1215,0,,,,,0,0,,,0.025,,,,,,,,,,,,,,,,,,pinnacle
spelad,L1,2017/18,2017-11-04,,Nantes,Toulouse,2,1,H,11,10,6,3,0.9904,0.7958,understat,,,,,,,,,,0.4782,0.3231,0.1987,0.4954,0.2972,0.2074,1,2.1,3.25,5.1,,,,0.3487,,0.4713,-0.1982,0.5427,1,,,,,0,0,,,0.0256,,,,,,,,,,,,,,,,,,pinnacle
spelad,L1,2017/18,2017-11-04,,Troyes,Strasbourg,3,0,H,13,10,6,2,2.4258,0.8864,understat,,,,,,,,,,0.3533,0.2868,0.3598,0.3383,0.2844,0.3773,1,2.9,3.4,2.75,,,,0.4762,,0.3947,-0.2857,0.3898,0,,,,,0,0,,,-0.0475,,,,,,,,,,,,,,,,,,pinnacle
spelad,L1,2017/18,2017-11-05,,Marseille,Caen,5,0,H,28,11,11,3,4.0345,1.0203,understat,,,,,,,,,,0.6514,0.2211,0.1276,0.6365,0.2264,0.1371,1,1.53,4.6,7.8,,,,0.5447,,-0.2755,0.0957,-0.1552,-1,,,,,0,0,,,-0.0393,,,,,,,,,,,,,,,,,,pinnacle
spelad,L1,2017/18,2017-11-05,,Metz,Lille,0,3,A,19,14,5,7,2.4596,1.5184,understat,,,,,,,,,,0.3068,0.2983,0.3949,0.3172,0.2891,0.3936,1,3.29,3.3,2.47,,,,0.445,,0.0149,-0.1099,0.4856,0,,,,,0,0,,,0.0222,,,,,,,,,,,,,,,,,,pinnacle
spelad,L1,2017/18,2017-11-05,,Nice,Dijon,1,0,H,11,13,4,4,1.303,0.5726,understat,,,,,,,,,,0.5539,0.2545,0.1915,0.5048,0.2751,0.2201,1,1.8,3.9,5.25,,,,0.5198,,-0.8028,1.2324,-0.7291,1,,,,,0,0,,,-0.1267,,,,,,,,,,,,,,,,,,pinnacle
spelad,L1,2017/18,2017-11-05,,St Etienne,Lyon,0,5,A,13,13,2,10,0.8421,2.4378,understat,,,,,,,,,,0.2506,0.2572,0.4923,0.2794,0.281,0.4397,1,4.2,3.79,1.98,,,,0.5538,,-0.3749,0.3904,-0.3222,0,,,,,0,0,,,0.1101,,,,,,,,,,,,,,,,,,pinnacle
spelad,L1,2017/18,2017-11-17,,Amiens,Monaco,1,1,D,10,15,2,4,1.4069,0.8791,understat,,,,,,,,,,0.1749,0.2455,0.5796,0.1585,0.2359,0.6056,1,5.6,4,1.73,,,,0.5172,,0.0857,0.373,0.3811,0,,,,,0,0,,,-0.0589,,,,,,,,,,,,,,,,,,pinnacle
spelad,L1,2017/18,2017-11-17,,Lille,St Etienne,3,1,H,12,8,5,3,0.7809,1.3189,understat,,,,,,,,,,0.4517,0.3007,0.2475,0.4371,0.3004,0.2625,1,2.24,3.35,4,,,,0.4103,,0.0968,-0.6257,-0.0937,0,,,,,0,0,,,-0.0442,,,,,,,,,,,,,,,,,,pinnacle
spelad,L1,2017/18,2017-11-18,,Dijon,Troyes,3,1,H,15,11,8,4,1.4635,1.2903,understat,,,,,,,,,,0.5053,0.277,0.2177,0.5366,0.2698,0.1937,1,2,3.6,4.5,,,,0.4802,,-0.0429,-0.4608,-0.3712,-1,,,,,0,0,,,0.0866,,,,,,,,,,,,,,,,,,pinnacle
spelad,L1,2017/18,2017-11-18,,Guingamp,Angers,1,1,D,9,10,2,2,0.8547,0.3085,understat,,,,,,,,,,0.4227,0.2814,0.2959,0.4203,0.2855,0.2941,1,2.33,3.5,3.4,,,,0.4632,,0.0323,0.3927,0.1017,0,,,,,0,0,,,-0.0029,,,,,,,,,,,,,,,,,,pinnacle
spelad,L1,2017/18,2017-11-18,,Paris SG,Nantes,4,1,H,23,8,10,1,2.1523,0.8553,understat,,,,,,,,,,0.8759,0.0827,0.0414,0.86,0.0934,0.0467,1,1.12,13.28,34,,,,0.7284,,-0.4746,-0.5016,-1.0093,0,,,,,0,0,,,-0.0372,,,,,,,,,,,,,,,,,,pinnacle
spelad,L1,2017/18,2017-11-18,,Strasbourg,Rennes,2,1,H,11,13,5,4,1.4077,0.6964,understat,,,,,,,,,,0.4295,0.2982,0.2723,0.4565,0.3011,0.2424,1,2.4,3.3,3.6,,,,0.4301,,-0.8972,1.0302,-0.7579,-1,,,,,0,0,,,0.0841,,,,,,,,,,,,,,,,,,pinnacle
spelad,L1,2017/18,2017-11-18,,Toulouse,Metz,0,0,D,21,12,3,5,2.1572,0.8173,understat,,,,,,,,,,0.5639,0.2622,0.1739,0.5292,0.2789,0.1919,1,1.77,3.75,5.61,,,,0.445,,0.679,-1.0024,0.4192,1,,,,,0,0,,,-0.0875,,,,,,,,,,,,,,,,,,pinnacle
spelad,L1,2017/18,2017-11-19,,Bordeaux,Marseille,1,1,D,9,14,3,3,0.339,1.0397,understat,,,,,,,,,,0.4103,0.2864,0.3033,0.4396,0.2746,0.2858,1,2.45,3.55,3.25,,,,0.5368,,-0.6249,1.0544,-0.9984,2,,,,,0,0,,,0.076,,,,,,,,,,,,,,,,,,pinnacle
spelad,L1,2017/18,2017-11-19,,Caen,Nice,1,1,D,18,12,4,7,2.1632,1.5529,understat,,,,,,,,,,0.3668,0.3058,0.3274,0.3618,0.3103,0.3279,1,2.7,3.21,3,,,,0.4249,,0.4827,0.0826,0.3349,0,,,,,0,0,,,-0.0105,,,,,,,,,,,,,,,,,,pinnacle
spelad,L1,2017/18,2017-11-19,,Lyon,Montpellier,0,0,D,15,15,3,2,0.7381,0.7703,understat,,,,,,,,,,0.7007,0.1913,0.108,0.6318,0.2267,0.1415,1,1.44,5.2,9.25,,,,0.5788,,0.1555,-0.4464,0.0578,-1,,,,,0,0,,,-0.1713,,,,,,,,,,,,,,,,,,pinnacle
spelad,L1,2017/18,2017-11-20,,Amiens,Lille,3,0,H,8,12,4,1,1.4818,0.3931,understat,,,,,,,,,,0.3404,0.3044,0.3552,0.3404,0.3044,0.3552,1,3.06,3.27,2.76,,,,0.4205,,0.0469,0.2122,0.5624,0,,,,,0,0,,,0,,,,,,,,,,,,,,,,,,pinnacle
spelad,L1,2017/18,2017-11-24,,St Etienne,Strasbourg,2,2,D,12,10,6,4,1.2754,1.6408,understat,,,,,,,,,,0.4948,0.2752,0.23,0.4804,0.2857,0.2339,1,2.02,3.62,4.28,,,,0.4684,,-0.4475,0.7288,-0.4265,1,,,,,0,0,,,-0.0327,,,,,,,,,,,,,,,,,,pinnacle
spelad,L1,2017/18,2017-11-25,,Caen,Bordeaux,1,0,H,12,10,2,2,1.0394,1.2203,understat,,,,,,,,,,0.2887,0.3012,0.4101,0.2849,0.2979,0.4171,1,3.4,3.3,2.4,,,,0.4124,,0.3406,-0.1865,0.5688,0,,,,,0,0,,,-0.0146,,,,,,,,,,,,,,,,,,pinnacle
spelad,L1,2017/18,2017-11-25,,Dijon,Toulouse,3,1,H,13,12,5,4,1.0608,1.6815,understat,,,,,,,,,,0.4148,0.3018,0.2834,0.4338,0.3026,0.2636,1,2.35,3.25,3.46,,,,0.4349,,0.4337,-0.6756,0.3459,0,,,,,0,0,,,0.0578,,,,,,,,,,,,,,,,,,pinnacle
spelad,L1,2017/18,2017-11-25,,Metz,Amiens,0,2,A,21,11,6,2,1.2558,0.9343,understat,,,,,,,,,,0.3982,0.3088,0.293,0.3429,0.3154,0.3417,1,2.5,3.25,3.33,,,,0.4066,,-0.5704,0.9158,-0.6533,2,,,,,0,0,,,-0.1594,,,,,,,,,,,,,,,,,,pinnacle
spelad,L1,2017/18,2017-11-25,,Montpellier,Lille,3,0,H,18,10,6,4,2.1396,0.1971,understat,,,,,,,,,,0.454,0.3032,0.2428,0.4957,0.302,0.2024,1,2.22,3.25,4.02,,,,0.4015,,0.2049,-0.1684,0.9384,1,,,,,0,0,,,0.1238,,,,,,,,,,,,,,,,,,pinnacle
spelad,L1,2017/18,2017-11-25,,Rennes,Nantes,2,1,H,15,10,5,1,0.9222,1.1298,understat,,,,,,,,,,0.3794,0.3261,0.2946,0.3479,0.3326,0.3196,1,2.57,3.1,3.45,,,,0.3552,,-0.4685,-0.1899,-0.7159,0,,,,,0,0,,,-0.088,,,,,,,,,,,,,,,,,,pinnacle
spelad,L1,2017/18,2017-11-25,,Troyes,Angers,3,0,H,9,7,3,3,1.1819,0.3024,understat,,,,,,,,,,0.3078,0.2939,0.3983,0.2892,0.2944,0.4164,1,3.3,3.32,2.6,,,,0.4413,,0.3061,-0.0742,0.6477,0,,,,,0,0,,,-0.0555,,,,,,,,,,,,,,,,,,pinnacle
spelad,L1,2017/18,2017-11-26,,Marseille,Guingamp,1,0,H,21,4,7,1,1.8755,0.2662,understat,,,,,,,,,,0.6378,0.2183,0.1439,0.6866,0.1907,0.1227,1,1.57,4.5,6.8,,,,0.5825,,0.5753,-1.1769,0.9854,-1,,,,,0,0,,,0.1189,,,,,,,,,,,,,,,,,,pinnacle
spelad,L1,2017/18,2017-11-26,,Monaco,Paris SG,1,2,A,8,18,2,5,0.3796,4.4101,understat,,,,,,,,,,0.1719,0.2074,0.6208,0.1278,0.1713,0.701,1,6,4.8,1.6,,,,0.6909,,-0.1955,-0.0779,0.2362,1,,,,,0,0,,,-0.1684,,,,,,,,,,,,,,,,,,pinnacle
spelad,L1,2017/18,2017-11-26,,Nice,Lyon,0,5,A,10,11,3,7,0.2444,2.2251,understat,,,,,,,,,,0.307,0.261,0.432,0.3256,0.2745,0.4,1,3.33,3.75,2.26,,,,0.5959,,-0.3553,1.0288,-0.4749,0,,,,,0,0,,,0.0691,,,,,,,,,,,,,,,,,,pinnacle
spelad,L1,2017/18,2017-11-28,,Amiens,Dijon,2,1,H,8,16,5,6,0.875,0.8836,understat,,,,,,,,,,0.4064,0.3004,0.2932,0.392,0.3092,0.2988,1,2.42,3.26,3.35,,,,0.4238,,-0.3811,0.3371,-0.0125,0,,,,,0,0,,,-0.0343,,,,,,,,,,,,,,,,,,pinnacle
spelad,L1,2017/18,2017-11-28,,Bordeaux,St Etienne,3,0,H,12,11,6,5,1.5452,0.337,understat,,,,,,,,,,0.5425,0.2774,0.1802,0.5466,0.2681,0.1853,1,1.84,3.55,5.45,,,,0.4312,,0.0637,-0.1135,-0.1754,-1,,,,,0,0,,,0.0031,,,,,,,,,,,,,,,,,,pinnacle
spelad,L1,2017/18,2017-11-28,,Strasbourg,Caen,0,0,D,6,15,3,1,0.2232,2.234,understat,,,,,,,,,,0.4754,0.2798,0.2448,0.4848,0.2728,0.2424,1,2.1,3.5,4.2,,,,0.4593,,-0.4955,-0.1211,-0.3529,1,,,,,0,0,,,0.0213,,,,,,,,,,,,,,,,,,pinnacle
spelad,L1,2017/18,2017-11-29,,Angers,Rennes,1,2,A,10,8,4,3,0.3931,1.2621,understat,,,,,,,,,,0.4656,0.2994,0.235,0.4597,0.3032,0.2371,1,2.2,3.3,4.14,,,,0.4297,,-0.7644,1.0235,-0.6321,0,,,,,0,0,,,-0.0137,,,,,,,,,,,,,,,,,,pinnacle
spelad,L1,2017/18,2017-11-29,,Guingamp,Montpellier,0,0,D,10,6,1,4,0.4206,0.6259,understat,,,,,,,,,,0.3888,0.3128,0.2984,0.3302,0.3195,0.3503,1,2.55,3.25,3.27,,,,0.398,,-0.6296,1.1316,-0.9316,-1,,,,,0,0,,,-0.169,,,,,,,,,,,,,,,,,,pinnacle
spelad,L1,2017/18,2017-11-29,,Lyon,Lille,1,2,A,21,7,5,3,2.9532,1.1536,understat,,,,,,,,,,0.7402,0.1602,0.0996,0.7279,0.1715,0.1006,1,1.4,6.1,10,,,,0.6294,,0.1235,-1.0549,0.7242,-1,,,,,0,0,,,-0.0256,,,,,,,,,,,,,,,,,,pinnacle
spelad,L1,2017/18,2017-11-29,,Metz,Marseille,0,3,A,9,21,4,8,0.3458,2.4809,understat,,,,,,,,,,0.1563,0.2072,0.6365,0.1637,0.2128,0.6235,1,6.6,4.7,1.55,,,,0.5666,,-1.1254,1.1711,-1.5649,1,,,,,0,0,,,0.0278,,,,,,,,,,,,,,,,,,pinnacle
spelad,L1,2017/18,2017-11-29,,Nantes,Monaco,1,0,H,16,9,5,1,0.5838,0.3809,understat,,,,,,,,,,0.2476,0.2788,0.4736,0.2708,0.2817,0.4476,1,4,3.5,2.1,,,,0.4684,,0.0522,1.5097,0.3085,1,,,,,0,0,,,0.0723,,,,,,,,,,,,,,,,,,pinnacle
spelad,L1,2017/18,2017-11-29,,Paris SG,Troyes,2,0,H,19,6,6,3,1.7027,0.4469,understat,,,,,,,,,,0.9085,0.0656,0.0258,0.9296,0.0513,0.019,1,1.06,19,61,,,,0.804,,0.1494,-0.5016,-0.6922,-1,,,,,0,0,,,0.049,,,,,,,,,,,,,,,,,,pinnacle
spelad,L1,2017/18,2017-11-29,,Toulouse,Nice,1,2,A,14,8,3,4,1.8492,1.346,understat,,,,,,,,,,0.3629,0.3149,0.3222,0.3539,0.3092,0.3369,1,2.7,3.2,3.05,,,,0.4015,,0.4056,-0.8203,0.6801,1,,,,,0,0,,,-0.0327,,,,,,,,,,,,,,,,,,pinnacle
spelad,L1,2017/18,2017-12-01,,Dijon,Bordeaux,3,2,H,17,14,5,6,1.7529,1.1356,understat,,,,,,,,,,0.3214,0.2971,0.3815,0.2875,0.2935,0.419,1,3.1,3.31,2.6,,,,0.4491,,1.2047,-1.4753,1.2664,0,,,,,0,0,,,-0.1054,,,,,,,,,,,,,,,,,,pinnacle
spelad,L1,2017/18,2017-12-02,,Lille,Toulouse,1,0,H,10,10,3,3,0.6897,1.2331,understat,,,,,,,,,,0.466,0.3015,0.2325,0.4901,0.2866,0.2233,1,2.11,3.3,4.19,,,,0.4212,,0.8186,-1.1461,0.1877,0,,,,,0,0,,,0.0574,,,,,,,,,,,,,,,,,,pinnacle
spelad,L1,2017/18,2017-12-02,,Monaco,Angers,1,0,H,5,8,3,3,0.4455,0.7236,understat,,,,,,,,,,0.7009,0.1831,0.116,0.6459,0.2089,0.1452,1,1.42,5.5,8.4,,,,0.6127,,0.1858,-1.3908,0.2267,0,,,,,0,0,,,-0.1393,,,,,,,,,,,,,,,,,,pinnacle
spelad,L1,2017/18,2017-12-02,,Nice,Metz,3,1,H,15,13,7,5,2.0471,0.4251,understat,,,,,,,,,,0.6779,0.2077,0.1144,0.6485,0.2147,0.1368,1,1.45,4.7,8.75,,,,0.5251,,0.5165,-0.15,0.3243,0,,,,,0,0,,,-0.0811,,,,,,,,,,,,,,,,,,pinnacle
spelad,L1,2017/18,2017-12-02,,Rennes,Amiens,2,0,H,25,6,5,2,1.5445,0.2461,understat,,,,,,,,,,0.4902,0.3167,0.1932,0.4872,0.3103,0.2026,1,2.05,3.2,5.05,,,,0.375,,0.1484,0.1945,-0.261,-1,,,,,0,0,,,-0.0154,,,,,,,,,,,,,,,,,,pinnacle
spelad,L1,2017/18,2017-12-02,,Strasbourg,Paris SG,2,1,H,5,29,2,5,0.3881,2.2737,understat,,,,,,,,,,0.0639,0.1179,0.8183,0.0446,0.1022,0.8532,1,19,8.3,1.2,,,,0.7083,,-0.345,0.4088,-0.0547,1,,,,,0,0,,,-0.0734,,,,,,,,,,,,,,,,,,pinnacle
spelad,L1,2017/18,2017-12-02,,Troyes,Guingamp,0,1,A,14,11,3,5,1.0098,0.744,understat,,,,,,,,,,0.3624,0.2991,0.3385,0.4037,0.3,0.2964,1,2.69,3.3,2.9,,,,0.4465,,0.3917,-0.5765,0.8244,0,,,,,0,0,,,0.1247,,,,,,,,,,,,,,,,,,pinnacle
spelad,L1,2017/18,2017-12-03,,Caen,Lyon,1,2,A,19,11,4,4,0.9868,1.9807,understat,,,,,,,,,,0.2073,0.2563,0.5365,0.2247,0.2513,0.524,1,4.71,3.81,1.85,,,,0.5198,,0.0856,1.3122,0.0676,1,,,,,0,0,,,0.0474,,,,,,,,,,,,,,,,,,pinnacle
spelad,L1,2017/18,2017-12-03,,Montpellier,Marseille,1,1,D,13,6,4,2,0.9494,1.0075,understat,,,,,,,,,,0.2944,0.2874,0.4182,0.2823,0.2899,0.4278,1,3.5,3.39,2.33,,,,0.4605,,-0.1123,-0.0032,-0.3406,0,,,,,0,0,,,-0.0337,,,,,,,,,,,,,,,,,,pinnacle
spelad,L1,2017/18,2017-12-03,,St Etienne,Nantes,1,1,D,13,22,4,6,0.7849,1.4703,understat,,,,,,,,,,0.4095,0.3249,0.2656,0.4432,0.3023,0.2544,1,2.4,3.1,3.76,,,,0.3528,,-0.9203,0.9995,-1.136,1,,,,,0,0,,,0.0786,,,,,,,,,,,,,,,,,,pinnacle
spelad,L1,2017/18,2017-12-08,,Bordeaux,Strasbourg,0,3,A,12,10,2,4,0.5896,2.1709,understat,,,,,,,,,,0.5736,0.2462,0.1802,0.5909,0.2477,0.1613,1,1.75,4,5.75,,,,0.5092,,-1.202,0.924,-1.5634,1,,,,,0,0,,,0.0537,,,,,,,,,,,,,,,,,,pinnacle
spelad,L1,2017/18,2017-12-09,,Angers,Montpellier,1,1,D,13,10,4,6,1.1972,1.1652,understat,,,,,,,,,,0.3796,0.3137,0.3068,0.346,0.333,0.321,1,2.8,3.2,3.25,,,,0.3899,,-0.4276,0.9239,-0.8437,1,,,,,0,0,,,-0.0815,,,,,,,,,,,,,,,,,,pinnacle
spelad,L1,2017/18,2017-12-09,,Guingamp,Dijon,4,0,H,17,8,9,1,2.0769,0.2711,understat,,,,,,,,,,0.4579,0.2933,0.2489,0.4339,0.2884,0.2778,1,2.16,3.47,3.9,,,,0.4737,,-0.9297,1.4262,-0.7466,-1,,,,,0,0,,,-0.0769,,,,,,,,,,,,,,,,,,pinnacle
spelad,L1,2017/18,2017-12-09,,Metz,Rennes,1,1,D,13,5,6,4,1.1723,0.947,understat,,,,,,,,,,0.2585,0.3065,0.4351,0.2591,0.2977,0.4432,1,3.8,3.3,2.3,,,,0.4041,,-1.6561,1.7508,-1.7605,0,,,,,0,0,,,-0.0069,,,,,,,,,,,,,,,,,,pinnacle
spelad,L1,2017/18,2017-12-09,,Monaco,Troyes,3,2,H,19,5,6,3,1.4625,1.3917,understat,,,,,,,,,,0.7376,0.1702,0.0922,0.7533,0.1683,0.0784,1,1.35,5.81,12,,,,0.619,,0.7941,-1.6544,-0.0082,0,,,,,0,0,,,0.0453,,,,,,,,,,,,,,,,,,pinnacle
spelad,L1,2017/18,2017-12-09,,Paris SG,Lille,3,1,H,14,7,5,2,1.621,0.5092,understat,,,,,,,,,,0.8605,0.0868,0.0527,0.8821,0.0816,0.0363,1,1.17,11.2,24.75,,,,0.7545,,-0.6509,0.8694,-0.4635,0,,,,,0,0,,,0.0597,,,,,,,,,,,,,,,,,,pinnacle
spelad,L1,2017/18,2017-12-09,,Toulouse,Caen,2,0,H,10,11,3,3,1.7294,1.0503,understat,,,,,,,,,,0.4285,0.3131,0.2584,0.4263,0.3093,0.2643,1,2.35,3.23,3.79,,,,0.3756,,-0.4994,0.3066,-0.1849,1,,,,,0,0,,,-0.0101,,,,,,,,,,,,,,,,,,pinnacle
spelad,L1,2017/18,2017-12-10,,Amiens,Lyon,1,2,A,14,12,6,3,2.1928,0.9539,understat,,,,,,,,,,0.1834,0.2404,0.5762,0.1853,0.2414,0.5733,1,5.75,4.2,1.7,,,,0.5677,,0.3133,0.315,0.4565,1,,,,,0,0,,,0.0068,,,,,,,,,,,,,,,,,,pinnacle
spelad,L1,2017/18,2017-12-10,,Marseille,St Etienne,3,0,H,18,5,7,1,3.2534,0.2207,understat,,,,,,,,,,0.6306,0.2206,0.1488,0.7041,0.1904,0.1055,1,1.6,4.5,7,,,,0.5814,,0.3992,-0.9723,1.0282,0,,,,,0,0,,,0.1904,,,,,,,,,,,,,,,,,,pinnacle
spelad,L1,2017/18,2017-12-10,,Nantes,Nice,1,2,A,22,12,4,5,1.4467,0.6262,understat,,,,,,,,,,0.4416,0.305,0.2535,0.4419,0.3,0.2581,1,2.24,3.32,3.89,,,,0.3879,,-0.0286,-0.2086,0.4038,-1,,,,,0,0,,,-0.0041,,,,,,,,,,,,,,,,,,pinnacle
spelad,L1,2017/18,2017-12-15,,St Etienne,Monaco,0,4,A,5,22,3,9,0.2916,2.6047,understat,,,,,,,,,,0.2077,0.2566,0.5357,0.2008,0.2487,0.5505,1,4.77,3.82,2,,,,0.5197,,-1.2279,2.3573,-1.0053,-1,,,,,0,0,,,-0.0286,,,,,,,,,,,,,,,,,,pinnacle
spelad,L1,2017/18,2017-12-16,,Caen,Guingamp,0,0,D,11,8,2,5,0.8202,0.2337,understat,,,,,,,,,,0.4466,0.2959,0.2575,0.4049,0.3052,0.2899,1,2.21,3.4,3.78,,,,0.4326,,0.0272,0.3196,-0.0086,0,,,,,0,0,,,-0.1157,,,,,,,,,,,,,,,,,,pinnacle
spelad,L1,2017/18,2017-12-16,,Dijon,Lille,3,0,H,13,9,8,5,0.706,0.6257,understat,,,,,,,,,,0.4133,0.2965,0.2903,0.4154,0.298,0.2866,1,2.37,3.36,3.4,,,,0.4416,,-0.0054,0.2875,0.1741,0,,,,,0,0,,,0.0079,,,,,,,,,,,,,,,,,,pinnacle
spelad,L1,2017/18,2017-12-16,,Montpellier,Metz,1,3,A,9,6,3,4,0.2776,0.9355,understat,,,,,,,,,,0.6559,0.2299,0.1142,0.6581,0.2291,0.1128,1,1.5,4.43,8.62,,,,0.4581,,0.5262,-1.0407,0.6967,0,,,,,0,0,,,0.0057,,,,,,,,,,,,,,,,,,pinnacle
spelad,L1,2017/18,2017-12-16,,Rennes,Paris SG,1,4,A,14,21,2,10,2.2076,3.9433,understat,,,,,,,,,,0.0747,0.1495,0.7758,0.0634,0.131,0.8056,1,15,7,1.27,,,,0.6498,,0.7954,-0.4547,1.2453,0,,,,,0,0,,,-0.0523,,,,,,,,,,,,,,,,,,pinnacle
spelad,L1,2017/18,2017-12-16,,Strasbourg,Toulouse,2,1,H,9,11,5,3,1.7207,1.2832,understat,,,,,,,,,,0.4494,0.292,0.2587,0.4264,0.2851,0.2885,1,2.23,3.43,3.8,,,,0.4427,,1.1423,-1.2071,1.0589,1,,,,,0,0,,,-0.0757,,,,,,,,,,,,,,,,,,pinnacle
spelad,L1,2017/18,2017-12-16,,Troyes,Amiens,1,0,H,19,11,7,3,2.4758,0.5504,understat,,,,,,,,,,0.4172,0.3109,0.2719,0.3758,0.3037,0.3205,1,2.5,3.25,3.59,,,,0.3975,,-0.7524,0.8972,-0.5674,1,,,,,0,0,,,-0.1314,,,,,,,,,,,,,,,,,,pinnacle
spelad,L1,2017/18,2017-12-17,,Lyon,Marseille,2,0,H,8,19,5,5,1.3673,1.61,understat,,,,,,,,,,0.4779,0.2513,0.2708,0.4297,0.2707,0.2996,1,2.11,3.88,3.6,,,,0.6287,,0.3348,-0.9958,-0.1894,0,,,,,0,0,,,-0.1252,,,,,,,,,,,,,,,,,,pinnacle
spelad,L1,2017/18,2017-12-17,,Nantes,Angers,1,0,H,10,7,4,0,1.1363,0.2313,understat,,,,,,,,,,0.4665,0.3057,0.2278,0.5114,0.3012,0.1874,1,2.11,3.4,4.6,,,,0.3815,,0.3298,-0.2524,0.8692,-1,,,,,0,0,,,0.1302,,,,,,,,,,,,,,,,,,pinnacle
spelad,L1,2017/18,2017-12-17,,Nice,Bordeaux,1,0,H,11,10,3,1,1.8001,0.5743,understat,,,,,,,,,,0.4211,0.2916,0.2873,0.4538,0.2841,0.2621,1,2.33,3.41,3.45,,,,0.4607,,1.1405,-0.5136,1.4346,-2,,,,,0,0,,,0.0907,,,,,,,,,,,,,,,,,,pinnacle
spelad,L1,2017/18,2017-12-20,,Amiens,Nantes,0,1,A,12,14,5,5,0.8642,1.1392,understat,,,,,,,,,,0.3345,0.3192,0.3463,0.3213,0.3323,0.3464,1,2.93,3.15,2.82,,,,0.3914,,0.4684,-1.063,0.3308,1,,,,,0,0,,,-0.0264,,,,,,,,,,,,,,,,,,pinnacle
spelad,L1,2017/18,2017-12-20,,Angers,Dijon,2,1,H,24,16,11,3,2.6819,1.3176,understat,,,,,,,,,,0.432,0.3013,0.2667,0.4848,0.2847,0.2304,1,2.29,3.35,3.74,,,,0.4555,,-1.1975,1.3373,-1.2819,-1,,,,,0,0,,,0.1421,,,,,,,,,,,,,,,,,,pinnacle
spelad,L1,2017/18,2017-12-20,,Bordeaux,Montpellier,0,2,A,8,14,1,6,0.3354,0.9432,understat,,,,,,,,,,0.467,0.2967,0.2363,0.445,0.3179,0.2371,1,2.16,3.31,4.13,,,,0.4264,,-0.0992,0.1197,-0.5633,-1,,,,,0,0,,,-0.0447,,,,,,,,,,,,,,,,,,pinnacle
spelad,L1,2017/18,2017-12-20,,Guingamp,St Etienne,2,1,H,27,3,6,3,1.7984,0.344,understat,,,,,,,,,,0.4853,0.3024,0.2124,0.5085,0.2734,0.2181,1,2.02,3.38,4.65,,,,0.402,,0.5378,-1.1669,0.7715,-1,,,,,0,0,,,0.0408,,,,,,,,,,,,,,,,,,pinnacle
spelad,L1,2017/18,2017-12-20,,Lille,Nice,1,1,D,5,8,1,3,0.7559,0.2509,understat,,,,,,,,,,0.3679,0.3028,0.3294,0.3379,0.3121,0.35,1,2.7,3.32,2.99,,,,0.4569,,-0.0053,-0.3254,-0.2694,1,,,,,0,0,,,-0.0806,,,,,,,,,,,,,,,,,,pinnacle
spelad,L1,2017/18,2017-12-20,,Marseille,Troyes,3,1,H,20,8,8,3,1.632,1.2346,understat,,,,,,,,,,0.7491,0.1631,0.0877,0.7572,0.1628,0.0801,1,1.33,5.97,11.5,,,,0.6086,,0.5143,-0.4329,0.1707,-1,,,,,0,0,,,0.0237,,,,,,,,,,,,,,,,,,pinnacle
spelad,L1,2017/18,2017-12-20,,Metz,Strasbourg,3,0,H,26,7,9,2,2.0272,1.8263,understat,,,,,,,,,,0.3332,0.2914,0.3754,0.3514,0.2909,0.3578,1,3.1,3.36,2.6,,,,0.4646,,-0.9917,1.2823,-0.8865,0,,,,,0,0,,,0.0541,,,,,,,,,,,,,,,,,,pinnacle
spelad,L1,2017/18,2017-12-20,,Monaco,Rennes,2,1,H,14,8,4,2,2.052,1.1621,understat,,,,,,,,,,0.6873,0.194,0.1187,0.6774,0.1996,0.1229,1,1.45,5.2,8.6,,,,0.5872,,-0.0049,-1.2245,-0.6197,1,,,,,0,0,,,-0.0239,,,,,,,,,,,,,,,,,,pinnacle
spelad,L1,2017/18,2017-12-20,,Paris SG,Caen,3,1,H,21,9,7,4,2.4519,1.0187,understat,,,,,,,,,,0.9059,0.0677,0.0264,0.9177,0.0595,0.0228,1,1.1,14.6,51,,,,0.7602,,0.3173,-0.6559,0.1082,0,,,,,0,0,,,0.0272,,,,,,,,,,,,,,,,,,pinnacle
spelad,L1,2017/18,2017-12-20,,Toulouse,Lyon,1,2,A,17,14,5,10,2.4154,2.1821,understat,,,,,,,,,,0.2053,0.2559,0.5388,0.2357,0.2574,0.5069,1,4.75,3.9,1.87,,,,0.5521,,-1.5174,2.0025,-1.1248,1,,,,,0,0,,,0.0927,,,,,,,,,,,,,,,,,,pinnacle
spelad,L1,2017/18,2018-01-12,,Strasbourg,Guingamp,0,2,A,14,10,3,5,0.599,1.0798,understat,,,,,,,,,,0.3772,0.2981,0.3247,0.3613,0.2976,0.3411,1,2.65,3.32,3.11,,,,0.4581,,0.2839,-0.2538,0.2535,0,,,,,0,0,,,-0.0482,,,,,,,,,,,,,,,,,,pinnacle
spelad,L1,2017/18,2018-01-13,,Caen,Lille,0,1,A,15,12,7,5,1.4808,1.2005,understat,,,,,,,,,,0.3795,0.3284,0.292,0.431,0.3092,0.2598,1,2.63,3.06,3.34,,,,0.3704,,-0.9081,0.6882,-0.3833,0,,,,,0,0,,,0.1352,,,,,,,,,,,,,,,,,,pinnacle
spelad,L1,2017/18,2018-01-13,,Dijon,Metz,1,1,D,12,12,7,6,1.1013,0.7814,understat,,,,,,,,,,0.5177,0.2645,0.2178,0.4948,0.2785,0.2267,1,1.96,3.7,4.47,,,,0.5026,,0.6233,-0.8615,0.1667,0,,,,,0,0,,,-0.0548,,,,,,,,,,,,,,,,,,pinnacle
spelad,L1,2017/18,2018-01-13,,Montpellier,Monaco,0,0,D,16,13,4,6,0.6208,0.8678,understat,,,,,,,,,,0.2756,0.2869,0.4375,0.356,0.3077,0.3363,1,3.7,3.4,2.27,,,,0.4453,,-0.672,1.1948,-0.1549,0,,,,,0,0,,,0.2619,,,,,,,,,,,,,,,,,,pinnacle
spelad,L1,2017/18,2018-01-13,,Nice,Amiens,1,0,H,20,9,7,3,1.2202,0.584,understat,,,,,,,,,,0.5977,0.2454,0.1569,0.6253,0.2409,0.1338,1,1.75,4.03,6.5,,,,0.466,,0.868,0.0165,0.5303,0,,,,,0,0,,,0.0783,,,,,,,,,,,,,,,,,,pinnacle
spelad,L1,2017/18,2018-01-13,,Rennes,Marseille,0,3,A,13,18,3,5,1.4916,2.2642,understat,,,,,,,,,,0.2257,0.277,0.4974,0.2452,0.2788,0.476,1,4.4,3.57,2.2,,,,0.4724,,0.2906,-0.0381,0.273,0,,,,,0,0,,,0.0604,,,,,,,,,,,,,,,,,,pinnacle
spelad,L1,2017/18,2018-01-13,,Troyes,Bordeaux,0,1,A,8,10,3,4,1.3946,0.7091,understat,,,,,,,,,,0.2828,0.3021,0.4152,0.3283,0.3145,0.3572,1,3.45,3.28,2.6,,,,0.4227,,0.0454,0.1931,1.336,0,,,,,0,0,,,0.149,,,,,,,,,,,,,,,,,,pinnacle
spelad,L1,2017/18,2018-01-14,,Lyon,Angers,1,1,D,19,9,7,2,1.3372,1.1553,understat,,,,,,,,,,0.6586,0.2056,0.1358,0.6825,0.205,0.1124,1,1.5,4.75,7.7,,,,0.5714,,1.0243,-1.9664,1.0907,0,,,,,0,0,,,0.0711,,,,,,,,,,,,,,,,,,pinnacle
spelad,L1,2017/18,2018-01-14,,Nantes,Paris SG,0,1,A,13,20,3,3,0.7034,2.4516,understat,,,,,,,,,,0.0779,0.1582,0.7639,0.0961,0.1648,0.7391,1,13,6.5,1.29,,,,0.6066,,-0.1868,0.6405,0.3384,0,,,,,0,0,,,0.0614,,,,,,,,,,,,,,,,,,pinnacle
spelad,L1,2017/18,2018-01-14,,St Etienne,Toulouse,2,0,H,11,19,5,8,2.8412,1.0247,understat,,,,,,,,,,0.4332,0.3075,0.2593,0.4535,0.2919,0.2546,1,2.35,3.27,4,,,,0.4082,,0.7186,-0.0505,-0.0957,0,,,,,0,0,,,0.0452,,,,,,,,,,,,,,,,,,pinnacle
spelad,L1,2017/18,2018-01-16,,Bordeaux,Caen,0,2,A,13,10,5,3,0.5509,0.9493,understat,,,,,,,,,,0.5239,0.2816,0.1945,0.5576,0.2688,0.1736,1,1.91,3.52,5.11,,,,0.4378,,0.5354,-0.6538,-0.3631,0,,,,,0,0,,,0.0883,,,,,,,,,,,,,,,,,,pinnacle
spelad,L1,2017/18,2018-01-16,,Marseille,Strasbourg,2,0,H,15,4,7,2,3.9304,0.1161,understat,,,,,,,,,,0.7615,0.154,0.0845,0.7283,0.1755,0.0962,1,1.32,6.33,11.53,,,,0.6579,,-0.3832,0.1789,-0.2487,-1,,,,,0,0,,,-0.0779,,,,,,,,,,,,,,,,,,pinnacle
spelad,L1,2017/18,2018-01-16,,Monaco,Nice,2,2,D,6,9,3,5,1.2388,1.0819,understat,,,,,,,,,,0.5573,0.2526,0.1901,0.5533,0.2523,0.1944,1,1.78,4.06,5.2,,,,0.5636,,-0.4155,-0.5728,-0.6289,0,,,,,0,0,,,-0.0122,,,,,,,,,,,,,,,,,,pinnacle
spelad,L1,2017/18,2018-01-17,,Amiens,Montpellier,1,1,D,13,16,3,5,0.626,1.191,understat,,,,,,,,,,0.2574,0.324,0.4186,0.2598,0.3192,0.421,1,3.79,3.07,2.4,,,,0.3486,,0.0333,-0.1163,-0.0274,0,,,,,0,0,,,0.0024,,,,,,,,,,,,,,,,,,pinnacle
spelad,L1,2017/18,2018-01-17,,Angers,Troyes,3,1,H,12,8,5,2,1.886,0.3408,understat,,,,,,,,,,0.5275,0.278,0.1944,0.5107,0.2938,0.1955,1,1.88,3.63,5.03,,,,0.4401,,0.4161,-0.4458,-0.2982,-1,,,,,0,0,,,-0.0347,,,,,,,,,,,,,,,,,,pinnacle
spelad,L1,2017/18,2018-01-17,,Guingamp,Lyon,0,2,A,8,21,3,13,0.4822,2.1077,understat,,,,,,,,,,0.2885,0.2794,0.4321,0.2651,0.2658,0.469,1,3.4,3.51,2.3,,,,0.5249,,-0.1002,0.0514,0.3546,2,,,,,0,0,,,-0.0837,,,,,,,,,,,,,,,,,,pinnacle
spelad,L1,2017/18,2018-01-17,,Lille,Rennes,1,2,A,11,22,3,12,0.5286,1.681,understat,,,,,,,,,,0.4602,0.3002,0.2397,0.4115,0.2991,0.2894,1,2.2,3.34,4.16,,,,0.4082,,0.3904,0.0042,0.0563,0,,,,,0,0,,,-0.147,,,,,,,,,,,,,,,,,,pinnacle
spelad,L1,2017/18,2018-01-17,,Metz,St Etienne,3,0,H,19,7,12,4,2.1907,0.6805,understat,,,,,,,,,,0.3822,0.2962,0.3216,0.3885,0.2843,0.3272,1,2.62,3.33,3.03,,,,0.4491,,0.3097,-0.7883,0.7169,1,,,,,0,0,,,0.0071,,,,,,,,,,,,,,,,,,pinnacle
spelad,L1,2017/18,2018-01-17,,Paris SG,Dijon,8,0,H,23,6,14,1,4.274,0.1547,understat,,,,,,,,,,0.8963,0.0672,0.0365,0.93,0.0488,0.0212,1,1.11,14.6,38.05,,,,0.7865,,-0.1857,0.7612,-0.2087,-1,,,,,0,0,,,0.0827,,,,,,,,,,,,,,,,,,pinnacle
spelad,L1,2017/18,2018-01-17,,Toulouse,Nantes,1,1,D,15,11,3,2,1.2206,0.6418,understat,,,,,,,,,,0.3461,0.3297,0.3242,0.3508,0.3219,0.3273,1,2.86,3.08,3.01,,,,0.3686,,-0.8638,0.5768,-0.8845,0,,,,,0,0,,,0.0065,,,,,,,,,,,,,,,,,,pinnacle
spelad,L1,2017/18,2018-01-19,,Caen,Marseille,0,2,A,5,12,2,4,0.1521,2.2938,understat,,,,,,,,,,0.1987,0.2651,0.5361,0.1945,0.269,0.5365,1,4.91,3.68,1.91,,,,0.4961,,-0.6116,0.3659,-0.4174,0,,,,,0,0,,,-0.0088,,,,,,,,,,,,,,,,,,pinnacle
spelad,L1,2017/18,2018-01-20,,Amiens,Guingamp,3,1,H,13,6,6,1,1.9645,0.1756,understat,,,,,,,,,,0.3169,0.3119,0.3712,0.3547,0.3067,0.3386,1,3.2,3.22,2.63,,,,0.3939,,-0.6086,0.595,-0.7299,0,,,,,0,0,,,0.1079,,,,,,,,,,,,,,,,,,pinnacle
spelad,L1,2017/18,2018-01-20,,Montpellier,Toulouse,2,1,H,22,9,5,3,2.1075,0.7694,understat,,,,,,,,,,0.5395,0.2839,0.1766,0.5243,0.292,0.1837,1,1.82,3.52,5.75,,,,0.3894,,0.8498,-0.9474,0.5965,0,,,,,0,0,,,-0.0375,,,,,,,,,,,,,,,,,,pinnacle
spelad,L1,2017/18,2018-01-20,,Nantes,Bordeaux,0,1,A,14,9,4,3,0.5444,0.4401,understat,,,,,,,,,,0.4927,0.3011,0.2062,0.4132,0.3261,0.2607,1,2.1,3.37,4.75,,,,0.3879,,0.1871,-0.1879,1.0049,-1,,,,,0,0,,,-0.2135,,,,,,,,,,,,,,,,,,pinnacle
spelad,L1,2017/18,2018-01-20,,Rennes,Angers,1,0,H,9,9,2,3,1.0681,0.4162,understat,,,,,,,,,,0.4497,0.2975,0.2528,0.4622,0.2852,0.2527,1,2.21,3.35,3.98,,,,0.4092,,0.5161,-0.2369,0.7939,0,,,,,0,0,,,0.0252,,,,,,,,,,,,,,,,,,pinnacle
spelad,L1,2017/18,2018-01-20,,Strasbourg,Dijon,3,2,H,16,12,9,5,2.6462,1.2084,understat,,,,,,,,,,0.4829,0.2787,0.2385,0.4394,0.2819,0.2787,1,2.2,3.59,4.35,,,,0.4921,,0.0755,-0.6405,0.2533,1,,,,,0,0,,,-0.1272,,,,,,,,,,,,,,,,,,pinnacle
spelad,L1,2017/18,2018-01-20,,Troyes,Lille,1,0,H,7,9,2,1,0.6536,0.5475,understat,,,,,,,,,,0.3613,0.3058,0.3329,0.3608,0.3112,0.328,1,2.75,3.19,2.93,,,,0.3914,,-1.0472,0.7365,-0.3454,0,,,,,0,0,,,0.0039,,,,,,,,,,,,,,,,,,pinnacle
spelad,L1,2017/18,2018-01-21,,Lyon,Paris SG,2,1,H,11,11,6,3,0.5025,0.6723,understat,,,,,,,,,,0.1375,0.1854,0.6771,0.1659,0.2292,0.6049,1,7.5,5.31,1.46,,,,0.7096,,0.4522,-0.6817,0.526,0,,,,,0,0,,,0.129,,,,,,,,,,,,,,,,,,pinnacle
spelad,L1,2017/18,2018-01-21,,Monaco,Metz,3,1,H,13,3,6,2,2.4141,0.0869,understat,,,,,,,,,,0.7461,0.1564,0.0975,0.727,0.1736,0.0994,1,1.37,6.25,10.02,,,,0.6587,,0.2947,-0.4591,-0.3807,1,,,,,0,0,,,-0.0401,,,,,,,,,,,,,,,,,,pinnacle
spelad,L1,2017/18,2018-01-21,,Nice,St Etienne,1,0,H,7,9,2,2,0.2794,0.3146,understat,,,,,,,,,,0.6088,0.2454,0.1458,0.5391,0.2696,0.1913,1,1.7,4.1,6.68,,,,0.5132,,0.9257,-0.5912,1.2027,1,,,,,0,0,,,-0.1849,,,,,,,,,,,,,,,,,,pinnacle
spelad,L1,2017/18,2018-01-26,,Dijon,Rennes,2,1,H,14,13,4,4,1.4409,0.6159,understat,,,,,,,,,,0.3667,0.2861,0.3472,0.3495,0.281,0.3694,1,2.72,3.46,2.84,,,,0.5144,,-0.1943,0.1188,-0.73,0,,,,,0,0,,,-0.0566,,,,,,,,,,,,,,,,,,pinnacle
spelad,L1,2017/18,2018-01-27,,Angers,Amiens,1,0,H,16,3,7,0,1.5244,0.0631,understat,,,,,,,,,,0.509,0.29,0.2011,0.5057,0.2967,0.1976,1,1.96,3.37,5,,,,0.4082,,-0.0084,0.0365,0.0202,0,,,,,0,0,,,-0.003,,,,,,,,,,,,,,,,,,pinnacle
spelad,L1,2017/18,2018-01-27,,Guingamp,Nantes,0,3,A,6,13,0,5,0.2335,1.6695,understat,,,,,,,,,,0.4099,0.3107,0.2795,0.3522,0.3137,0.3341,1,2.5,3.2,3.49,,,,0.3835,,0.5542,-0.6746,0.3184,0,,,,,0,0,,,-0.1699,,,,,,,,,,,,,,,,,,pinnacle
spelad,L1,2017/18,2018-01-27,,Metz,Nice,2,1,H,15,13,5,5,0.6697,1.6296,understat,,,,,,,,,,0.2853,0.2922,0.4225,0.3275,0.2985,0.374,1,3.6,3.41,2.5,,,,0.4698,,-0.8211,0.0909,-0.4744,0,,,,,0,0,,,0.1329,,,,,,,,,,,,,,,,,,pinnacle
spelad,L1,2017/18,2018-01-27,,Paris SG,Montpellier,4,0,H,11,16,7,3,4.2489,0.6804,understat,,,,,,,,,,0.8426,0.113,0.0444,0.8656,0.0988,0.0356,1,1.18,9.17,22,,,,0.6675,,0.0696,-0.4077,-0.2495,-1,,,,,0,0,,,0.055,,,,,,,,,,,,,,,,,,pinnacle
spelad,L1,2017/18,2018-01-27,,St Etienne,Caen,2,1,H,12,14,4,3,0.4761,1.3828,understat,,,,,,,,,,0.474,0.3005,0.2255,0.4805,0.2861,0.2334,1,2.12,3.4,4.33,,,,0.4066,,0.3842,0.0775,-0.1979,-2,,,,,0,0,,,0.0052,,,,,,,,,,,,,,,,,,pinnacle
spelad,L1,2017/18,2018-01-27,,Toulouse,Troyes,1,0,H,20,1,7,0,1.4859,0.0469,understat,,,,,,,,,,0.469,0.2947,0.2362,0.4836,0.2908,0.2256,1,2.11,3.38,4.5,,,,0.4103,,-0.2665,-0.346,-0.4842,0,,,,,0,0,,,0.0398,,,,,,,,,,,,,,,,,,pinnacle
spelad,L1,2017/18,2018-01-28,,Bordeaux,Lyon,3,1,H,9,9,4,4,2.4246,0.702,understat,,,,,,,,,,0.2747,0.2739,0.4514,0.2731,0.2818,0.4452,1,3.68,3.6,2.19,,,,0.5223,,-0.6742,0.5339,-1.0635,1,,,,,0,0,,,0.0031,,,,,,,,,,,,,,,,,,pinnacle
spelad,L1,2017/18,2018-01-28,,Lille,Strasbourg,2,1,H,8,11,5,2,1.4433,0.8591,understat,,,,,,,,,,0.4522,0.2942,0.2537,0.4355,0.2965,0.268,1,2.2,3.39,3.85,,,,0.4401,,-0.2403,0.4209,-0.3441,0,,,,,0,0,,,-0.0476,,,,,,,,,,,,,,,,,,pinnacle
spelad,L1,2017/18,2018-01-28,,Marseille,Monaco,2,2,D,17,9,6,3,1.9814,0.683,understat,,,,,,,,,,0.4977,0.2615,0.2408,0.4973,0.2627,0.2401,1,2.1,3.78,4.1,,,,0.5651,,-0.2024,0.2588,0.3007,2,,,,,0,0,,,0,,,,,,,,,,,,,,,,,,pinnacle
spelad,L1,2017/18,2018-02-02,,Marseille,Metz,6,3,H,18,18,10,8,5.8512,1.2764,understat,,,,,,,,,,0.7676,0.1511,0.0812,0.7613,0.1547,0.084,1,1.3,6.7,13,,,,0.6579,,-0.5729,1.1741,-0.5508,-1,,,,,0,0,,,-0.0154,,,,,,,,,,,,,,,,,,pinnacle
spelad,L1,2017/18,2018-02-03,,Amiens,St Etienne,0,2,A,8,16,0,8,0.2504,2.7035,understat,,,,,,,,,,0.3803,0.3133,0.3064,0.3292,0.3164,0.3544,1,2.6,3.25,3.19,,,,0.3879,,-0.6644,0.1147,-0.2338,0,,,,,0,0,,,-0.1502,,,,,,,,,,,,,,,,,,pinnacle
spelad,L1,2017/18,2018-02-03,,Lille,Paris SG,0,3,A,10,19,3,9,0.2752,1.9536,understat,,,,,,,,,,0.0512,0.1201,0.8287,0.0432,0.1117,0.8451,1,21,8.5,1.2,,,,0.6439,,0.197,0.5054,0.3449,-1,,,,,0,0,,,-0.0325,,,,,,,,,,,,,,,,,,pinnacle
spelad,L1,2017/18,2018-02-03,,Montpellier,Angers,2,1,H,8,8,3,2,0.2857,0.9964,understat,,,,,,,,,,0.4859,0.2981,0.216,0.4688,0.3086,0.2226,1,2.09,3.39,4.6,,,,0.3704,,0.1438,-0.1243,-0.2313,0,,,,,0,0,,,-0.0409,,,,,,,,,,,,,,,,,,pinnacle
spelad,L1,2017/18,2018-02-03,,Nice,Toulouse,0,1,A,14,6,2,1,1.0734,0.2781,understat,,,,,,,,,,0.505,0.27,0.2251,0.5326,0.2785,0.1889,1,2,3.64,4.85,,,,0.4672,,1.1318,-0.6194,0.8966,0,,,,,0,0,,,0.0915,,,,,,,,,,,,,,,,,,pinnacle
spelad,L1,2017/18,2018-02-03,,Strasbourg,Bordeaux,0,2,A,9,7,0,4,0.3083,0.8382,understat,,,,,,,,,,0.2938,0.3048,0.4014,0.2992,0.3058,0.395,1,3.32,3.31,2.65,,,,0.4149,,0.1719,-0.3764,0.7986,0,,,,,0,0,,,0.0173,,,,,,,,,,,,,,,,,,pinnacle
spelad,L1,2017/18,2018-02-04,,Caen,Nantes,3,2,H,16,14,7,4,1.8896,0.6967,understat,,,,,,,,,,0.3471,0.3177,0.3352,0.3199,0.3241,0.356,1,2.92,3.2,2.91,,,,0.3619,,-0.4956,0.5031,-0.5462,0,,,,,0,0,,,-0.0754,,,,,,,,,,,,,,,,,,pinnacle
spelad,L1,2017/18,2018-02-04,,Monaco,Lyon,3,2,H,12,13,7,4,1.3752,0.9849,understat,,,,,,,,,,0.4169,0.2673,0.3157,0.3888,0.2688,0.3424,1,2.5,3.72,3.11,,,,,,-0.474,0.2793,-0.3602,0,,,,,0,0,,,-0.083,,,,,,,,,,,,,,,,,,pinnacle
spelad,L1,2017/18,2018-02-04,,Rennes,Guingamp,0,1,A,13,11,5,4,1.9199,0.6384,understat,,,,,,,,,,0.4781,0.2869,0.235,0.5439,0.2758,0.1803,1,2.07,3.6,4.2,,,,0.4555,,-0.5383,0.702,-0.2129,1,,,,,0,0,,,0.1863,,,,,,,,,,,,,,,,,,pinnacle
spelad,L1,2017/18,2018-02-09,,St Etienne,Marseille,2,2,D,7,12,3,4,1.9605,1.0382,understat,,,,,,,,,,0.2249,0.2597,0.5153,0.2506,0.2785,0.4709,1,4.4,3.85,1.94,,,,0.5381,,0.0428,-0.1484,-0.3887,-1,,,,,0,0,,,0.0957,,,,,,,,,,,,,,,,,,pinnacle
spelad,L1,2017/18,2018-02-10,,Angers,Monaco,0,4,A,11,10,1,6,0.5332,2.2604,understat,,,,,,,,,,0.3019,0.3001,0.398,0.3117,0.2965,0.3918,1,3.25,3.36,2.48,,,,0.4646,,-0.7431,0.7847,-0.3267,1,,,,,0,0,,,0.0258,,,,,,,,,,,,,,,,,,pinnacle
spelad,L1,2017/18,2018-02-10,,Bordeaux,Amiens,3,2,H,14,19,4,6,2.1994,1.1583,understat,,,,,,,,,,0.6504,0.2351,0.1145,0.6453,0.2424,0.1124,1,1.6,4.52,9,,,,0.4439,,0.9274,-0.1328,0.6116,0,,,,,0,0,,,-0.0082,,,,,,,,,,,,,,,,,,pinnacle
spelad,L1,2017/18,2018-02-10,,Dijon,Nice,3,2,H,11,14,3,5,1.8977,0.895,understat,,,,,,,,,,0.3458,0.2835,0.3708,0.3402,0.2968,0.363,1,2.82,3.51,2.78,,,,0.4934,,-0.03,0.252,-0.1129,7,,,,,0,0,,,-0.0033,,,,,,,,,,,,,,,,,,pinnacle
spelad,L1,2017/18,2018-02-10,,Guingamp,Caen,0,0,D,6,12,1,2,0.2847,0.9592,understat,,,,,,,,,,0.4622,0.2946,0.2432,0.4581,0.2948,0.247,1,2.22,3.4,4.01,,,,0.402,,1.0082,-1.011,0.4761,0,,,,,0,0,,,-0.0119,,,,,,,,,,,,,,,,,,pinnacle
spelad,L1,2017/18,2018-02-10,,Metz,Montpellier,0,1,A,12,16,5,8,0.8652,1.2132,understat,,,,,,,,,,0.2905,0.2958,0.4136,0.2811,0.2983,0.4205,1,3.38,3.36,2.5,,,,0.402,,0.3174,-1.1103,0.7145,1,,,,,0,0,,,-0.0256,,,,,,,,,,,,,,,,,,pinnacle
spelad,L1,2017/18,2018-02-10,,Toulouse,Paris SG,0,1,A,3,21,1,6,0.1432,2.0329,understat,,,,,,,,,,0.0574,0.1312,0.8114,0.0489,0.1223,0.8288,1,17,7.65,1.25,,,,0.6287,,-0.3327,0.7473,0.0165,0,,,,,0,0,,,-0.0345,,,,,,,,,,,,,,,,,,pinnacle
spelad,L1,2017/18,2018-02-11,,Lyon,Rennes,0,2,A,19,6,6,3,1.2077,0.922,understat,,,,,,,,,,0.6265,0.2177,0.1559,0.6779,0.2009,0.1213,1,1.56,4.74,7,,,,0.6076,,1.2518,-1.4784,0.7253,0,,,,,0,0,,,0.1374,,,,,,,,,,,,,,,,,,pinnacle
spelad,L1,2017/18,2018-02-11,,Nantes,Lille,2,2,D,20,7,6,4,2.1668,0.6326,understat,,,,,,,,,,0.5273,0.2844,0.1883,0.5057,0.2931,0.2012,1,1.92,3.57,5.18,,,,0.3791,,0.0306,-0.7074,0.0716,-1,,,,,0,0,,,-0.0561,,,,,,,,,,,,,,,,,,pinnacle
spelad,L1,2017/18,2018-02-11,,Strasbourg,Troyes,2,1,H,12,12,2,4,0.9565,1.6317,understat,,,,,,,,,,0.5058,0.2758,0.2184,0.5217,0.2812,0.1971,1,2.01,3.58,4.5,,,,0.4555,,0.3967,-0.3355,0.2349,-7,,,,,0,0,,,0.0531,,,,,,,,,,,,,,,,,,pinnacle
spelad,L1,2017/18,2018-02-16,,Monaco,Dijon,4,0,H,14,7,5,4,2.4195,0.303,understat,,,,,,,,,,0.734,0.1683,0.0976,0.7296,0.1734,0.097,1,1.35,6.36,11,,,,0.6627,,0.187,-0.9684,0.4596,0,,,,,0,0,,,-0.0082,,,,,,,,,,,,,,,,,,pinnacle
spelad,L1,2017/18,2018-02-17,,Amiens,Toulouse,0,0,D,6,12,1,5,0.5101,0.9378,understat,,,,,,,,,,0.36,0.3127,0.3274,0.3672,0.3225,0.3103,1,2.77,3.23,2.98,,,,0.386,,-0.1463,-0.1928,-0.4003,0,,,,,0,0,,,0.0316,,,,,,,,,,,,,,,,,,pinnacle
spelad,L1,2017/18,2018-02-17,,Angers,St Etienne,0,1,A,19,10,4,3,1.2482,0.6624,understat,,,,,,,,,,0.3808,0.3165,0.3027,0.3572,0.3156,0.3272,1,2.6,3.23,3.3,,,,0.4066,,-0.241,0.1966,-0.0447,-1,,,,,0,0,,,-0.0717,,,,,,,,,,,,,,,,,,pinnacle
spelad,L1,2017/18,2018-02-17,,Caen,Rennes,2,2,D,18,11,6,5,3.3366,1.3859,understat,,,,,,,,,,0.3919,0.304,0.304,0.3707,0.3075,0.3218,1,2.6,3.29,3.21,,,,0.4238,,-0.2951,-0.0141,-0.0742,1,,,,,0,0,,,-0.0602,,,,,,,,,,,,,,,,,,pinnacle
spelad,L1,2017/18,2018-02-17,,Montpellier,Guingamp,1,1,D,19,4,5,1,1.4495,1.0201,understat,,,,,,,,,,0.5618,0.2649,0.1733,0.5669,0.2664,0.1667,1,1.83,3.69,5.64,,,,0.4201,,-0.0034,0.1416,0.2499,0,,,,,0,0,,,0.0169,,,,,,,,,,,,,,,,,,pinnacle
spelad,L1,2017/18,2018-02-17,,Paris SG,Strasbourg,5,2,H,20,12,11,2,4.6255,0.5361,understat,,,,,,,,,,0.9079,0.0627,0.0294,0.9245,0.0571,0.0184,1,1.1,17,46,,,,0.8027,,0.1914,-0.9059,0.2435,1,,,,,0,0,,,0.0443,,,,,,,,,,,,,,,,,,pinnacle
spelad,L1,2017/18,2018-02-17,,Troyes,Metz,1,0,H,18,10,9,4,2.0565,1.4051,understat,,,,,,,,,,0.434,0.2838,0.2822,0.3756,0.2968,0.3277,1,2.32,3.56,3.5,,,,0.4529,,-1.1063,1.8876,-0.8786,-1,,,,,0,0,,,-0.1623,,,,,,,,,,,,,,,,,,pinnacle
spelad,L1,2017/18,2018-02-18,,Lille,Lyon,2,2,D,14,13,5,5,0.8947,2.0885,understat,,,,,,,,,,0.223,0.259,0.518,0.224,0.2633,0.5127,1,4.39,3.78,2,,,,0.5145,,-0.3594,0.4904,-0.1255,0,,,,,0,0,,,0.0071,,,,,,,,,,,,,,,,,,pinnacle
spelad,L1,2017/18,2018-02-18,,Marseille,Bordeaux,1,0,H,12,5,8,1,1.6272,0.1077,understat,,,,,,,,,,0.6022,0.2368,0.161,0.6097,0.2362,0.1541,1,1.7,4.2,6.06,,,,0.555,,-0.4924,0.506,-0.1881,1,,,,,0,0,,,0.0218,,,,,,,,,,,,,,,,,,pinnacle
spelad,L1,2017/18,2018-02-18,,Nice,Nantes,1,1,D,12,9,4,3,0.9471,1.1635,understat,,,,,,,,,,0.4206,0.3021,0.2772,0.4556,0.2919,0.2526,1,2.39,3.36,3.6,,,,0.3969,,-0.0422,0.3978,-0.1852,1,,,,,0,0,,,0.0945,,,,,,,,,,,,,,,,,,pinnacle
spelad,L1,2017/18,2018-02-20,,Troyes,Dijon,0,0,D,9,7,3,1,0.365,0.2798,understat,,,,,,,,,,0.3871,0.2983,0.3146,0.3679,0.3038,0.3283,1,2.6,3.37,3.1,,,,0.4751,,-0.4523,0.309,-0.1307,-1,,,,,0,0,,,-0.0519,,,,,,,,,,,,,,,,,,pinnacle
spelad,L1,2017/18,2018-02-23,,Strasbourg,Montpellier,0,0,D,11,8,3,2,0.3665,0.6173,understat,,,,,,,,,,0.2931,0.3118,0.3951,0.3087,0.3117,0.3796,1,3.35,3.27,2.65,,,,0.4005,,-0.6337,0.5376,-0.8466,0,,,,,0,0,,,0.0468,,,,,,,,,,,,,,,,,,pinnacle
spelad,L1,2017/18,2018-02-24,,Dijon,Caen,2,0,H,13,13,3,2,1.5346,0.6107,understat,,,,,,,,,,0.4154,0.2967,0.2879,0.4015,0.302,0.2965,1,2.37,3.47,3.4,,,,0.4698,,0.5324,0.0245,-0.034,-3,,,,,0,0,,,-0.0364,,,,,,,,,,,,,,,,,,pinnacle
spelad,L1,2017/18,2018-02-24,,Guingamp,Metz,2,2,D,17,5,8,2,1.7337,0.9619,understat,,,,,,,,,,0.4644,0.2843,0.2513,0.4902,0.2803,0.2295,1,2.18,3.55,4.1,,,,0.4646,,0.1877,0.6462,-0.099,0,,,,,0,0,,,0.0734,,,,,,,,,,,,,,,,,,pinnacle
spelad,L1,2017/18,2018-02-24,,Lille,Angers,1,2,A,14,14,3,9,0.965,1.8233,understat,,,,,,,,,,0.4064,0.3157,0.2779,0.3903,0.3168,0.293,1,2.43,3.26,3.59,,,,0.3879,,0.5423,-0.9953,0.08,-1,,,,,0,0,,,-0.0474,,,,,,,,,,,,,,,,,,pinnacle
spelad,L1,2017/18,2018-02-24,,Nantes,Amiens,0,1,A,27,8,4,1,1.1164,0.3976,understat,,,,,,,,,,0.5817,0.2634,0.1549,0.6063,0.2638,0.1298,1,1.75,3.79,6.5,,,,0.4165,,0.0552,0.0146,0.2929,-1,,,,,0,0,,,0.0743,,,,,,,,,,,,,,,,,,pinnacle
spelad,L1,2017/18,2018-02-24,,Rennes,Troyes,2,0,H,11,8,6,0,1.6269,0.3128,understat,,,,,,,,,,0.5668,0.2642,0.169,0.5847,0.2563,0.159,1,1.78,3.85,5.77,,,,0.4698,,0.3059,-0.4325,0.2614,3,,,,,0,0,,,0.0457,,,,,,,,,,,,,,,,,,pinnacle
spelad,L1,2017/18,2018-02-24,,Toulouse,Monaco,3,3,D,9,9,6,5,1.4221,2.2132,understat,,,,,,,,,,0.2137,0.2707,0.5156,0.1936,0.2733,0.5331,1,4.56,3.71,1.98,,,,0.4763,,-0.5444,0.6603,-0.5349,-1,,,,,0,0,,,-0.0578,,,,,,,,,,,,,,,,,,pinnacle
spelad,L1,2017/18,2018-02-25,,Bordeaux,Nice,0,0,D,23,3,6,0,1.8467,0.1545,understat,,,,,,,,,,0.4606,0.2995,0.2399,0.4972,0.2971,0.2056,1,2.19,3.4,4.07,,,,0.4375,,0.8484,-0.4371,0.8731,0,,,,,0,0,,,0.1076,,,,,,,,,,,,,,,,,,pinnacle
spelad,L1,2017/18,2018-02-25,,Lyon,St Etienne,1,1,D,9,8,5,2,0.6716,1.2879,understat,,,,,,,,,,0.6465,0.2086,0.1448,0.5993,0.2406,0.1601,1,1.6,4.95,7,,,,0.6156,,-0.3468,0.2501,-0.6569,-1,,,,,0,0,,,-0.1098,,,,,,,,,,,,,,,,,,pinnacle
spelad,L1,2017/18,2018-02-25,,Paris SG,Marseille,3,0,H,10,15,3,6,0.9712,0.9905,understat,,,,,,,,,,0.773,0.1384,0.0886,0.7718,0.1407,0.0875,1,1.31,7.23,12,,,,0.724,,-0.1828,-0.3625,-0.4412,1,,,,,0,0,,,-0.0014,,,,,,,,,,,,,,,,,,pinnacle
spelad,L1,2017/18,2018-03-02,,Monaco,Bordeaux,2,1,H,18,6,5,1,2.85,0.5229,understat,,,,,,,,,,0.5846,0.2423,0.1731,0.5774,0.2561,0.1665,1,1.69,4.14,6,,,,0.5211,,-0.3628,-0.3525,-0.2519,1,,,,,0,0,,,-0.0079,,,,,,,,,,,,,,,,,,pinnacle
spelad,L1,2017/18,2018-03-02,,Nice,Lille,2,1,H,23,12,10,5,1.7821,0.8663,understat,,,,,,,,,,0.5664,0.2699,0.1637,0.5568,0.2714,0.1718,1,1.9,3.77,6,,,,0.439,,-0.32,0.3134,-0.2516,-1,,,,,0,0,,,-0.0274,,,,,,,,,,,,,,,,,,pinnacle
spelad,L1,2017/18,2018-03-03,,Amiens,Rennes,0,2,A,14,18,3,5,1.5351,0.9847,understat,,,,,,,,,,0.2884,0.3186,0.3931,0.275,0.3079,0.4171,1,3.42,3.16,2.6,,,,0.3791,,-0.0221,-0.385,-0.2455,0,,,,,0,0,,,-0.051,,,,,,,,,,,,,,,,,,pinnacle
spelad,L1,2017/18,2018-03-03,,Angers,Guingamp,3,0,H,15,12,6,3,2.5766,0.8026,understat,,,,,,,,,,0.4846,0.2925,0.2229,0.4977,0.2903,0.212,1,2.2,3.44,4.38,,,,0.4139,,-0.6411,0.9479,0.1328,0,,,,,0,0,,,0.037,,,,,,,,,,,,,,,,,,pinnacle
spelad,L1,2017/18,2018-03-03,,Metz,Toulouse,1,1,D,12,18,1,4,1.01,1.7111,understat,,,,,,,,,,0.3429,0.3093,0.3478,0.3683,0.3031,0.3286,1,2.85,3.27,2.87,,,,0.4413,,0.066,-0.4072,-0.0903,0,,,,,0,0,,,0.0699,,,,,,,,,,,,,,,,,,pinnacle
spelad,L1,2017/18,2018-03-03,,St Etienne,Dijon,2,2,D,13,9,7,5,1.9589,1.7792,understat,,,,,,,,,,0.554,0.2614,0.1847,0.5707,0.2502,0.1791,1,1.8,3.89,5.5,,,,0.4789,,0.0557,-0.434,0.2478,-1,,,,,0,0,,,0.0391,,,,,,,,,,,,,,,,,,pinnacle
spelad,L1,2017/18,2018-03-03,,Troyes,Paris SG,0,2,A,10,20,2,13,0.2857,2.0297,understat,,,,,,,,,,0.0918,0.1646,0.7436,0.0953,0.1709,0.7338,1,12,5.92,1.34,,,,0.6061,,-0.5315,0.9577,-0.3094,1,,,,,0,0,,,0.0168,,,,,,,,,,,,,,,,,,pinnacle
spelad,L1,2017/18,2018-03-04,,Caen,Strasbourg,2,0,H,7,11,4,2,1.0826,0.8669,understat,,,,,,,,,,0.4433,0.3001,0.2566,0.4453,0.2973,0.2573,1,2.28,3.36,3.8,,,,0.4301,,-0.5944,0.7906,0.0981,-1,,,,,0,0,,,0.0034,,,,,,,,,,,,,,,,,,pinnacle
spelad,L1,2017/18,2018-03-04,,Marseille,Nantes,1,1,D,22,9,5,3,1.3884,1.1804,understat,,,,,,,,,,0.6374,0.2221,0.1405,0.6555,0.2277,0.1168,1,1.59,4.51,7,,,,0.5237,,0.6703,0.4661,0.9593,-1,,,,,0,0,,,0.06,,,,,,,,,,,,,,,,,,pinnacle
spelad,L1,2017/18,2018-03-04,,Montpellier,Lyon,1,1,D,10,19,5,4,1.0045,1.2042,understat,,,,,,,,,,0.3328,0.2964,0.3708,0.3207,0.3115,0.3679,1,3.01,3.41,2.64,,,,0.4555,,0.5509,-0.3729,0.7399,2,,,,,0,0,,,-0.0214,,,,,,,,,,,,,,,,,,pinnacle
spelad,L1,2017/18,2018-03-09,,Strasbourg,Monaco,1,3,A,29,10,5,4,1.4042,0.9971,understat,,,,,,,,,,0.1762,0.2393,0.5845,0.1821,0.2517,0.5663,1,5.62,4.15,1.75,,,,0.5509,,-0.2556,0.3425,-0.6567,-2,,,,,0,0,,,0.03,,,,,,,,,,,,,,,,,,pinnacle
spelad,L1,2017/18,2018-03-10,,Bordeaux,Angers,0,0,D,12,9,2,0,1.118,0.8897,understat,,,,,,,,,,0.5059,0.2872,0.2069,0.5197,0.2934,0.1868,1,2,3.5,4.75,,,,0.4092,,0.4719,-0.7399,0.1493,1,,,,,0,0,,,0.0477,,,,,,,,,,,,,,,,,,pinnacle
spelad,L1,2017/18,2018-03-10,,Dijon,Amiens,1,1,D,10,10,3,4,0.9625,1.0563,understat,,,,,,,,,,0.5341,0.27,0.1959,0.4585,0.2924,0.2491,1,1.91,3.72,4.99,,,,0.4453,,0.2188,0.6426,0.441,0,,,,,0,0,,,-0.2045,,,,,,,,,,,,,,,,,,pinnacle
spelad,L1,2017/18,2018-03-10,,Lille,Montpellier,1,1,D,5,13,2,4,0.6051,0.7339,understat,,,,,,,,,,0.3075,0.3206,0.3718,0.3024,0.3161,0.3815,1,3.18,3.2,2.71,,,,0.3747,,-0.4628,-0.0384,-0.6451,2,,,,,0,0,,,-0.02,,,,,,,,,,,,,,,,,,pinnacle
spelad,L1,2017/18,2018-03-10,,Nantes,Troyes,1,0,H,19,8,3,0,1.7613,0.365,understat,,,,,,,,,,0.5797,0.2611,0.1591,0.6129,0.2571,0.1299,1,1.74,3.74,6.25,,,,0.3985,,-0.5829,0.0693,-0.3704,-1,,,,,0,0,,,0.0956,,,,,,,,,,,,,,,,,,pinnacle
spelad,L1,2017/18,2018-03-10,,Paris SG,Metz,5,0,H,18,6,10,3,3.8503,0.3145,understat,,,,,,,,,,0.8731,0.0839,0.0429,0.8978,0.0572,0.045,1,1.13,14,29,,,,0.7905,,0.1224,0.008,0.1144,0,,,,,0,0,,,0.0473,,,,,,,,,,,,,,,,,,pinnacle
spelad,L1,2017/18,2018-03-10,,Rennes,St Etienne,1,1,D,18,9,7,3,1.334,1.5575,understat,,,,,,,,,,0.4166,0.3009,0.2826,0.4538,0.2948,0.2515,1,2.4,3.31,3.5,,,,0.4264,,0.4115,-0.802,0.3356,0,,,,,0,0,,,0.1055,,,,,,,,,,,,,,,,,,pinnacle
spelad,L1,2017/18,2018-03-11,,Guingamp,Nice,2,5,A,12,17,6,5,1.4993,2.252,understat,,,,,,,,,,0.3379,0.2977,0.3644,0.3331,0.3041,0.3628,1,2.93,3.35,2.78,,,,0.4301,,0.255,0.0243,-0.0956,-1,,,,,0,0,,,-0.008,,,,,,,,,,,,,,,,,,pinnacle
spelad,L1,2017/18,2018-03-11,,Lyon,Caen,1,0,H,20,6,4,1,1.6673,0.2458,understat,,,,,,,,,,0.6587,0.2083,0.133,0.6981,0.1951,0.1068,1,1.5,4.78,7.5,,,,0.5762,,-0.07,0.0165,-0.7013,0,,,,,0,0,,,0.105,,,,,,,,,,,,,,,,,,pinnacle
spelad,L1,2017/18,2018-03-11,,Toulouse,Marseille,1,2,A,9,23,4,9,1.0943,3.6653,understat,,,,,,,,,,0.2355,0.277,0.4875,0.211,0.2731,0.5159,1,4.39,3.57,2.07,,,,0.4619,,0.205,-1.1652,0.1646,1,,,,,0,0,,,-0.0773,,,,,,,,,,,,,,,,,,pinnacle
spelad,L1,2017/18,2018-03-14,,Paris SG,Angers,2,1,H,14,20,7,8,1.9662,2.0685,understat,,,,,,,,,,0.8955,0.0701,0.0344,0.8853,0.0798,0.0349,1,1.11,15.72,36.15,,,,0.7894,,0.6116,-1.0158,0.11,0,,,,,0,0,,,-0.0208,,,,,,,,,,,,,,,,,,pinnacle
spelad,L1,2017/18,2018-03-16,,Monaco,Lille,2,1,H,10,14,4,5,1.7741,0.9156,understat,,,,,,,,,,0.7611,0.1584,0.0805,0.7319,0.1754,0.0927,1,1.33,6.52,13,,,,0.6287,,0.6854,-0.6494,1.0064,1,,,,,0,0,,,-0.0707,,,,,,,,,,,,,,,,,,pinnacle
spelad,L1,2017/18,2018-03-17,,Amiens,Troyes,1,1,D,8,11,1,5,0.9646,1.6365,understat,,,,,,,,,,0.4413,0.3048,0.254,0.4083,0.3137,0.278,1,2.27,3.38,3.84,,,,0.4031,,0.0125,-0.1617,0.0635,0,,,,,0,0,,,-0.0901,,,,,,,,,,,,,,,,,,pinnacle
spelad,L1,2017/18,2018-03-17,,Angers,Caen,3,0,H,13,8,6,2,1.7386,0.5692,understat,,,,,,,,,,0.5059,0.2872,0.2069,0.4781,0.2992,0.2227,1,2.01,3.55,4.75,,,,0.4031,,-0.0442,0.2604,0.1865,-3,,,,,0,0,,,-0.0714,,,,,,,,,,,,,,,,,,pinnacle
spelad,L1,2017/18,2018-03-17,,Bordeaux,Rennes,0,2,A,9,6,2,3,0.3906,0.9178,understat,,,,,,,,,,0.4785,0.2846,0.2369,0.4596,0.2962,0.2442,1,2.14,3.5,4.2,,,,0.4401,,-0.1187,0.3564,0.1322,0,,,,,0,0,,,-0.045,,,,,,,,,,,,,,,,,,pinnacle
spelad,L1,2017/18,2018-03-17,,Montpellier,Dijon,2,2,D,18,10,11,7,2.3089,1.1113,understat,,,,,,,,,,0.587,0.2511,0.1619,0.5693,0.2575,0.1732,1,1.7,3.94,6.5,,,,0.4567,,0.1406,-0.1028,-0.1272,0,,,,,0,0,,,-0.0468,,,,,,,,,,,,,,,,,,pinnacle
spelad,L1,2017/18,2018-03-17,,Toulouse,Strasbourg,2,2,D,11,12,6,4,1.8132,0.9382,understat,,,,,,,,,,0.4779,0.2954,0.2267,0.4875,0.2868,0.2257,1,2.14,3.43,4.3,,,,0.4046,,0.2589,-0.9146,0.3708,-2,,,,,0,0,,,0.0203,,,,,,,,,,,,,,,,,,pinnacle
spelad,L1,2017/18,2018-03-18,,Marseille,Lyon,2,3,A,10,11,5,6,1.4939,1.3194,understat,,,,,,,,,,0.4975,0.2635,0.239,0.4973,0.2678,0.2349,1,2.1,3.81,4.11,,,,0.5573,,0.0808,0.5261,0.6466,0,,,,,0,0,,,0.0038,,,,,,,,,,,,,,,,,,pinnacle
spelad,L1,2017/18,2018-03-18,,Metz,Nantes,1,1,D,8,15,4,4,0.7928,1.3426,understat,,,,,,,,,,0.2702,0.302,0.4278,0.2644,0.2819,0.4537,1,3.63,3.32,2.34,,,,0.3975,,0.6237,-0.7344,0.0925,0,,,,,0,0,,,-0.0376,,,,,,,,,,,,,,,,,,pinnacle
spelad,L1,2017/18,2018-03-18,,Nice,Paris SG,1,2,A,14,19,4,7,1.0998,2.5165,understat,,,,,,,,,,0.1007,0.1697,0.7296,0.1029,0.1623,0.7348,1,10,6,1.39,,,,0.643,,-0.6631,0.5116,-0.5474,3,,,,,0,0,,,-0.0008,,,,,,,,,,,,,,,,,,pinnacle
spelad,L1,2017/18,2018-03-18,,St Etienne,Guingamp,2,0,H,16,9,6,3,1.2186,0.3755,understat,,,,,,,,,,0.5638,0.2672,0.169,0.5509,0.2679,0.1812,1,1.8,3.8,5.77,,,,0.4413,,0.1024,-0.3371,0.8644,1,,,,,0,0,,,-0.038,,,,,,,,,,,,,,,,,,pinnacle
spelad,L1,2017/18,2018-03-31,,Dijon,Marseille,1,3,A,12,11,2,5,0.4555,3.4913,understat,,,,,,,,,,0.2047,0.2405,0.5548,0.194,0.2399,0.5662,1,4.9,4.14,1.82,,,,0.5918,,0.7016,-1.1706,0.7486,1,,,,,0,0,,,-0.0328,,,,,,,,,,,,,,,,,,pinnacle
spelad,L1,2017/18,2018-04-01,,Caen,Montpellier,1,3,A,8,9,5,6,1.1927,2.1824,understat,,,,,,,,,,0.309,0.3266,0.3644,0.2913,0.3168,0.3919,1,3.21,3.1,2.72,,,,0.3704,,-0.5447,0.6938,-0.0545,0,,,,,0,0,,,-0.063,,,,,,,,,,,,,,,,,,pinnacle
spelad,L1,2017/18,2018-04-01,,Guingamp,Bordeaux,2,1,H,14,15,6,6,0.8914,2.6274,understat,,,,,,,,,,0.3241,0.3199,0.356,0.3029,0.3146,0.3825,1,3.06,3.2,2.78,,,,0.4238,,0.0106,0.4675,-0.3593,-1,,,,,0,0,,,-0.0689,,,,,,,,,,,,,,,,,,pinnacle
spelad,L1,2017/18,2018-04-01,,Lille,Amiens,0,1,A,15,10,3,2,0.7473,1.2415,understat,,,,,,,,,,0.4583,0.2976,0.2441,0.4562,0.3004,0.2434,1,2.18,3.33,4.07,,,,0.3869,,0.02,-0.0567,0.1168,1,,,,,0,0,,,-0.0037,,,,,,,,,,,,,,,,,,pinnacle
spelad,L1,2017/18,2018-04-01,,Lyon,Toulouse,2,0,H,20,10,5,6,2.7467,0.3629,understat,,,,,,,,,,0.6907,0.1917,0.1176,0.6961,0.1863,0.1176,1,1.43,5.22,9,,,,0.6015,,-0.2732,0.7251,-0.7196,-1,,,,,0,0,,,0.0109,,,,,,,,,,,,,,,,,,pinnacle
spelad,L1,2017/18,2018-04-01,,Nantes,St Etienne,0,3,A,20,15,4,8,1.7763,1.6647,understat,,,,,,,,,,0.4294,0.3114,0.2592,0.4316,0.3048,0.2636,1,2.31,3.2,3.83,,,,0.3929,,-0.8805,0.5881,-0.86,0,,,,,0,0,,,0,,,,,,,,,,,,,,,,,,pinnacle
spelad,L1,2017/18,2018-04-01,,Strasbourg,Metz,2,2,D,18,11,5,5,2.175,1.6647,understat,,,,,,,,,,0.5112,0.2597,0.2292,0.5194,0.2632,0.2175,1,1.97,3.82,4.34,,,,0.5066,,-0.338,0.6599,-0.1973,1,,,,,0,0,,,0.0281,,,,,,,,,,,,,,,,,,pinnacle
spelad,L1,2017/18,2018-04-01,,Troyes,Nice,0,2,A,11,15,3,6,0.4558,1.9783,understat,,,,,,,,,,0.2883,0.2935,0.4182,0.2423,0.2814,0.4763,1,3.44,3.38,2.36,,,,0.4529,,-0.0581,0.3869,0.0505,1,,,,,0,0,,,-0.1501,,,,,,,,,,,,,,,,,,pinnacle
spelad,L1,2017/18,2018-04-04,,Rennes,Monaco,1,1,D,20,8,7,2,1.9066,1.0588,understat,,,,,,,,,,0.281,0.2778,0.4412,0.277,0.2716,0.4514,1,3.5,3.67,2.29,,,,0.5198,,-0.2615,-0.0272,-0.3693,-1,,,,,0,0,,,-0.0182,,,,,,,,,,,,,,,,,,pinnacle
spelad,L1,2017/18,2018-04-06,,St Etienne,Paris SG,1,1,D,16,8,5,2,2.9457,1.1957,understat,,,,,,,,,,0.1125,0.175,0.7126,0.128,0.1884,0.6837,1,11,5.78,1.39,,,,0.6397,,-0.4366,0.1635,0.289,-7,,,,,0,0,,,0.0599,,,,,,,,,,,,,,,,,,pinnacle
spelad,L1,2017/18,2018-04-07,,Amiens,Caen,3,0,H,11,14,4,7,1.6517,1.4665,understat,,,,,,,,,,0.395,0.3285,0.2764,0.3836,0.3281,0.2883,1,2.49,3.13,3.53,,,,0.3661,,0.3774,-0.7129,0.1918,0,,,,,0,0,,,-0.0347,,,,,,,,,,,,,,,,,,pinnacle
spelad,L1,2017/18,2018-04-07,,Angers,Strasbourg,1,1,D,3,11,2,5,0.9072,1.4492,understat,,,,,,,,,,0.5358,0.2679,0.1962,0.509,0.2891,0.2019,1,1.88,3.72,4.97,,,,0.4593,,-0.1538,0.1205,0.4633,7,,,,,0,0,,,-0.0594,,,,,,,,,,,,,,,,,,pinnacle
spelad,L1,2017/18,2018-04-07,,Bordeaux,Lille,2,1,H,15,7,6,1,2.5505,0.6747,understat,,,,,,,,,,0.5669,0.2635,0.1696,0.5698,0.2633,0.1668,1,1.76,3.85,5.75,,,,0.4275,,-0.0861,0.4395,0.099,0,,,,,0,0,,,0.0086,,,,,,,,,,,,,,,,,,pinnacle
spelad,L1,2017/18,2018-04-07,,Guingamp,Troyes,4,0,H,15,8,10,4,2.7269,0.2669,understat,,,,,,,,,,0.5134,0.2787,0.208,0.5189,0.274,0.2071,1,1.94,3.63,4.75,,,,0.4401,,0.7019,-0.4783,0.3036,0,,,,,0,0,,,0.0119,,,,,,,,,,,,,,,,,,pinnacle
spelad,L1,2017/18,2018-04-07,,Monaco,Nantes,2,1,H,6,10,3,4,0.3359,0.3278,understat,,,,,,,,,,0.6386,0.2226,0.1388,0.595,0.2389,0.1661,1,1.57,4.5,7.04,,,,0.5381,,1.3864,-1.6463,1.2717,-3,,,,,0,0,,,-0.1145,,,,,,,,,,,,,,,,,,pinnacle
spelad,L1,2017/18,2018-04-07,,Toulouse,Dijon,0,1,A,20,8,5,3,0.7831,0.8607,understat,,,,,,,,,,0.5084,0.2742,0.2174,0.4732,0.2793,0.2474,1,1.97,3.65,4.6,,,,0.4684,,-0.2454,-0.2056,-0.2592,-1,,,,,0,0,,,-0.1004,,,,,,,,,,,,,,,,,,pinnacle
spelad,L1,2017/18,2018-04-08,,Marseille,Montpellier,0,0,D,12,6,3,2,1.1191,0.1717,understat,,,,,,,,,,0.5839,0.2372,0.1789,0.5269,0.2738,0.1993,1,1.7,4.2,6.3,,,,0.5289,,-0.452,1.2183,-0.1784,1,,,,,0,0,,,-0.1344,,,,,,,,,,,,,,,,,,pinnacle
spelad,L1,2017/18,2018-04-08,,Metz,Lyon,0,5,A,10,14,5,6,0.4366,2.7504,understat,,,,,,,,,,0.1392,0.2059,0.6549,0.1432,0.1981,0.6587,1,7.01,4.92,1.53,,,,0.619,,-0.062,-0.6183,-0.1332,0,,,,,0,0,,,0.0041,,,,,,,,,,,,,,,,,,pinnacle
spelad,L1,2017/18,2018-04-08,,Nice,Rennes,1,1,D,10,9,2,3,0.4393,0.7714,understat,,,,,,,,,,0.4952,0.2703,0.2345,0.5239,0.2591,0.217,1,2.03,3.69,4.33,,,,0.4828,,-0.3626,0.3372,-0.531,3,,,,,0,0,,,0.0748,,,,,,,,,,,,,,,,,,pinnacle
spelad,L1,2017/18,2018-04-13,,Angers,Nice,1,1,D,12,15,3,7,1.2411,0.9896,understat,,,,,,,,,,0.3856,0.2966,0.3178,0.371,0.2993,0.3297,1,2.64,3.37,3.12,,,,0.4338,,-0.4182,0.8077,0.0149,1,,,,,0,0,,,-0.0411,,,,,,,,,,,,,,,,,,pinnacle
spelad,L1,2017/18,2018-04-14,,Lille,Guingamp,2,2,D,10,6,3,3,1.5566,0.7972,understat,,,,,,,,,,0.4001,0.3032,0.2967,0.4204,0.2911,0.2885,1,2.45,3.33,3.32,,,,0.4338,,-0.3904,-0.3602,-0.4918,0,,,,,0,0,,,0.0487,,,,,,,,,,,,,,,,,,pinnacle
spelad,L1,2017/18,2018-04-14,,Lyon,Amiens,3,0,H,25,5,8,2,2.558,0.2865,understat,,,,,,,,,,0.7881,0.151,0.0609,0.8063,0.1364,0.0573,1,1.26,6.99,17,,,,0.6121,,-0.2981,0.4429,-0.4153,-1,,,,,0,0,,,0.0399,,,,,,,,,,,,,,,,,,pinnacle
spelad,L1,2017/18,2018-04-14,,Nantes,Dijon,1,1,D,15,12,2,4,1.1414,0.437,understat,,,,,,,,,,0.5639,0.2588,0.1774,0.6245,0.2292,0.1463,1,1.8,3.88,5.5,,,,0.4868,,-1.0864,1.3772,-0.7826,0,,,,,0,0,,,0.1523,,,,,,,,,,,,,,,,,,pinnacle
spelad,L1,2017/18,2018-04-14,,Rennes,Metz,1,2,A,14,7,3,6,2.0639,1.2746,understat,,,,,,,,,,0.6678,0.2115,0.1207,0.6822,0.1947,0.123,1,1.5,4.95,8.08,,,,0.5636,,0.8325,-1.3259,1.188,0,,,,,0,0,,,0.0265,,,,,,,,,,,,,,,,,,pinnacle
spelad,L1,2017/18,2018-04-14,,Strasbourg,St Etienne,0,1,A,16,5,6,1,1.4927,0.2409,understat,,,,,,,,,,0.294,0.2871,0.4189,0.3088,0.2879,0.4033,1,3.35,3.49,2.38,,,,0.4593,,-0.3318,0.4395,-0.7619,-1,,,,,0,0,,,0.0453,,,,,,,,,,,,,,,,,,pinnacle
spelad,L1,2017/18,2018-04-15,,Montpellier,Bordeaux,1,3,A,19,9,5,4,1.8512,1.5387,understat,,,,,,,,,,0.4733,0.2946,0.2321,0.4315,0.3146,0.2539,1,2.14,3.31,4.35,,,,0.3825,,0.5354,-0.7503,0.5428,-1,,,,,0,0,,,-0.1054,,,,,,,,,,,,,,,,,,pinnacle
spelad,L1,2017/18,2018-04-15,,Paris SG,Monaco,7,1,H,12,11,7,2,3.2196,1.628,understat,,,,,,,,,,0.7403,0.1599,0.0998,0.7504,0.1412,0.1084,1,1.34,6.4,10.5,,,,0.6916,,0.0482,0.1538,-0.3367,1,,,,,0,0,,,0.0117,,,,,,,,,,,,,,,,,,pinnacle
spelad,L1,2017/18,2018-04-15,,Troyes,Marseille,2,3,A,12,21,7,9,2.1441,1.3102,understat,,,,,,,,,,0.1657,0.24,0.5942,0.15,0.2167,0.6333,1,6.25,4.1,1.69,,,,0.5289,,0.2011,-0.5727,-0.124,1,,,,,0,0,,,-0.0704,,,,,,,,,,,,,,,,,,pinnacle
spelad,L1,2017/18,2018-04-20,,Dijon,Lyon,2,5,A,17,17,5,11,0.7081,2.4588,understat,,,,,,,,,,0.1221,0.1903,0.6876,0.1177,0.1812,0.7011,1,8.03,5.16,1.5,,,,0.6364,,0.0741,-0.286,-0.0022,0,,,,,0,0,,,-0.0222,,,,,,,,,,,,,,,,,,pinnacle
spelad,L1,2017/18,2018-04-20,,Nantes,Rennes,1,1,D,13,18,7,9,1.6316,0.9118,understat,,,,,,,,,,0.4219,0.3133,0.2648,0.4298,0.3087,0.2615,1,2.46,3.25,3.68,,,,0.4,,-0.8943,1.4244,-0.7634,0,,,,,0,0,,,0.0191,,,,,,,,,,,,,,,,,,pinnacle
spelad,L1,2017/18,2018-04-21,,Amiens,Strasbourg,3,1,H,7,15,5,2,0.7875,2.0248,understat,,,,,,,,,,0.3681,0.3001,0.3318,0.3609,0.3143,0.3248,1,2.65,3.36,3.15,,,,0.4212,,1.1653,-1.0058,0.9381,0,,,,,0,0,,,-0.0074,,,,,,,,,,,,,,,,,,pinnacle
spelad,L1,2017/18,2018-04-21,,Guingamp,Monaco,3,1,H,24,4,12,1,3.1776,0.1978,understat,,,,,,,,,,0.238,0.2666,0.4954,0.215,0.2428,0.5422,1,4.45,3.79,2.03,,,,0.5497,,-0.5166,-0.0397,-0.3885,1,,,,,0,0,,,-0.0929,,,,,,,,,,,,,,,,,,pinnacle
spelad,L1,2017/18,2018-04-21,,Marseille,Lille,5,1,H,19,14,8,3,3.2279,0.9274,understat,,,,,,,,,,0.7271,0.1749,0.0979,0.7267,0.1717,0.1015,1,1.37,5.84,11,,,,0.5923,,0.3931,0.9009,0.7149,-1,,,,,0,0,,,-0.0045,,,,,,,,,,,,,,,,,,pinnacle
spelad,L1,2017/18,2018-04-21,,Metz,Caen,1,1,D,15,5,3,4,0.8921,0.4718,understat,,,,,,,,,,0.4101,0.2905,0.2994,0.4114,0.2876,0.3009,1,2.41,3.47,3.35,,,,0.4711,,0.6885,-0.8718,0.5145,-7,,,,,0,0,,,0.0011,,,,,,,,,,,,,,,,,,pinnacle
spelad,L1,2017/18,2018-04-21,,Toulouse,Angers,2,0,H,14,7,8,0,2.8167,0.8127,understat,,,,,,,,,,0.4152,0.3021,0.2828,0.4197,0.3121,0.2682,1,2.43,3.34,3.7,,,,0.4066,,-0.3605,0.0399,-0.774,6,,,,,0,0,,,0.0236,,,,,,,,,,,,,,,,,,pinnacle
spelad,L1,2017/18,2018-04-22,,Bordeaux,Paris SG,0,1,A,21,10,8,2,1.0638,0.6351,understat,,,,,,,,,,0.1408,0.2096,0.6496,0.1506,0.202,0.6474,1,7,4.77,1.56,,,,0.6111,,-1.1979,1.6675,-0.6423,0,,,,,0,0,,,0.0219,,,,,,,,,,,,,,,,,,pinnacle
spelad,L1,2017/18,2018-04-22,,Nice,Montpellier,1,0,H,16,5,4,2,1.2226,0.2402,understat,,,,,,,,,,0.4851,0.2902,0.2247,0.4878,0.293,0.2192,1,2.1,3.47,4.34,,,,0.4223,,0.6962,-0.985,0.6104,2,,,,,0,0,,,0.0108,,,,,,,,,,,,,,,,,,pinnacle
spelad,L1,2017/18,2018-04-22,,St Etienne,Troyes,2,1,H,18,6,6,3,2.8783,0.993,understat,,,,,,,,,,0.6451,0.2276,0.1273,0.6288,0.2349,0.1363,1,1.56,4.52,7.65,,,,0.4974,,1.1116,-1.3114,1.3559,1,,,,,0,0,,,-0.0415,,,,,,,,,,,,,,,,,,pinnacle
spelad,L1,2017/18,2018-04-25,,Caen,Toulouse,0,0,D,9,5,0,2,0.5327,0.6163,skott,,,,,,,,,,0.3661,0.3392,0.2947,0.3241,0.3474,0.3285,1,2.65,3.05,3.31,,,,0.3731,,0.0223,0.734,-0.18,0,,,,,0,0,,,-0.1179,,,,,,,,,,,,,,,,,,pinnacle
spelad,L1,2017/18,2018-04-27,,Montpellier,St Etienne,0,1,A,25,7,5,5,1.3245,1.4833,understat,,,,,,,,,,0.3766,0.3087,0.3147,0.3915,0.3,0.3085,1,2.63,3.23,3.25,,,,0.4113,,-0.6841,0.5769,-1.0167,0,,,,,0,0,,,0.0359,,,,,,,,,,,,,,,,,,pinnacle
spelad,L1,2017/18,2018-04-28,,Bordeaux,Dijon,3,1,H,10,10,4,3,2.0076,1.3161,understat,,,,,,,,,,0.6453,0.2235,0.1312,0.64,0.2211,0.139,1,1.6,4.44,7.6,,,,0.5303,,-0.8659,1.0943,-0.6816,-2,,,,,0,0,,,-0.0186,,,,,,,,,,,,,,,,,,pinnacle
spelad,L1,2017/18,2018-04-28,,Lille,Metz,3,1,H,15,14,9,4,2.1258,0.5025,understat,,,,,,,,,,0.5384,0.2627,0.1989,0.5025,0.2649,0.2326,1,1.9,3.75,4.9,,,,0.4855,,-0.8077,0.2599,-0.8925,0,,,,,0,0,,,-0.1057,,,,,,,,,,,,,,,,,,pinnacle
spelad,L1,2017/18,2018-04-28,,Lyon,Nantes,2,0,H,25,12,11,4,3.0343,0.3094,understat,,,,,,,,,,0.7517,0.1615,0.0868,0.7582,0.1528,0.089,1,1.32,6.3,11.92,,,,0.6175,,1.2771,-1.6793,1.1792,0,,,,,0,0,,,0.0108,,,,,,,,,,,,,,,,,,pinnacle
spelad,L1,2017/18,2018-04-28,,Monaco,Amiens,0,0,D,16,7,1,1,0.5296,0.8181,understat,,,,,,,,,,0.8135,0.1305,0.0559,0.7848,0.1431,0.0721,1,1.22,7.91,21,,,,0.6321,,-0.1867,0.8418,-0.6986,0,,,,,0,0,,,-0.0736,,,,,,,,,,,,,,,,,,pinnacle
spelad,L1,2017/18,2018-04-28,,Strasbourg,Nice,1,1,D,9,11,2,7,0.673,1.1393,understat,,,,,,,,,,0.2929,0.2885,0.4186,0.2881,0.3044,0.4075,1,3.5,3.43,2.36,,,,0.4711,,-1.5247,1.8908,-1.1229,1,,,,,0,0,,,0.0016,,,,,,,,,,,,,,,,,,pinnacle
spelad,L1,2017/18,2018-04-28,,Troyes,Caen,3,1,H,5,13,3,2,1.1667,0.5709,understat,,,,,,,,,,0.4298,0.3087,0.2615,0.3855,0.3067,0.3077,1,2.31,3.28,3.73,,,,0.4103,,-0.3176,0.0202,-0.1247,3,,,,,0,0,,,-0.1346,,,,,,,,,,,,,,,,,,pinnacle
spelad,L1,2017/18,2018-04-29,,Angers,Marseille,1,1,D,14,13,6,5,1.2265,2.0167,understat,,,,,,,,,,0.2299,0.2599,0.5103,0.2029,0.253,0.5441,1,4.6,3.8,1.97,,,,0.5263,,0.1621,-0.8802,0.2929,0,,,,,0,0,,,-0.0878,,,,,,,,,,,,,,,,,,pinnacle
spelad,L1,2017/18,2018-04-29,,Paris SG,Guingamp,2,2,D,14,22,3,5,2.0126,2.2039,understat,,,,,,,,,,0.8795,0.086,0.0346,0.8796,0.0841,0.0363,1,1.11,13.5,46,,,,0.7602,,0.977,-1.7948,0.1792,-1,,,,,0,0,,,-0.0016,,,,,,,,,,,,,,,,,,pinnacle
spelad,L1,2017/18,2018-04-29,,Rennes,Toulouse,2,1,H,6,12,3,2,1.7436,0.4695,understat,,,,,,,,,,0.5108,0.2733,0.2159,0.5021,0.2815,0.2164,1,1.98,3.65,4.52,,,,0.4541,,0.4644,-0.3154,0.5423,5,,,,,0,0,,,-0.0181,,,,,,,,,,,,,,,,,,pinnacle
spelad,L1,2017/18,2018-05-04,,Amiens,Paris SG,2,2,D,12,23,5,8,0.5178,2.0562,understat,,,,,,,,,,0.0981,0.1594,0.7424,0.0953,0.152,0.7527,1,10.5,6.46,1.33,,,,0.6916,,-0.4648,0.827,0.4298,1,,,,,0,0,,,-0.016,,,,,,,,,,,,,,,,,,pinnacle
spelad,L1,2017/18,2018-05-06,,Caen,Monaco,1,2,A,16,17,5,4,1.0519,1.2167,understat,,,,,,,,,,0.2277,0.2565,0.5157,0.3147,0.2903,0.395,1,4.85,3.85,1.95,,,,0.5224,,-0.8734,0.5339,-0.4308,0,,,,,0,0,,,0.2947,,,,,,,,,,,,,,,,,,pinnacle
spelad,L1,2017/18,2018-05-06,,Dijon,Guingamp,3,1,H,19,4,9,1,2.2472,0.199,understat,,,,,,,,,,0.3626,0.2787,0.3586,0.3679,0.2642,0.3679,1,2.75,3.57,2.75,,,,0.5342,,-0.0584,-0.2927,-0.3229,1,,,,,0,0,,,0.0013,,,,,,,,,,,,,,,,,,pinnacle
spelad,L1,2017/18,2018-05-06,,Lyon,Troyes,3,0,H,17,13,5,4,1.4335,0.8276,understat,,,,,,,,,,0.8581,0.0914,0.0504,0.8453,0.0992,0.0555,1,1.15,11.1,21,,,,0.735,,0.8521,-0.7753,1.067,0,,,,,0,0,,,-0.0309,,,,,,,,,,,,,,,,,,pinnacle
spelad,L1,2017/18,2018-05-06,,Marseille,Nice,2,1,H,18,11,8,2,1.735,0.6443,understat,,,,,,,,,,0.5698,0.2342,0.196,0.5303,0.2528,0.2169,1,1.76,4.21,5.6,,,,0.5923,,-0.3764,0.6943,-0.5004,-1,,,,,0,0,,,-0.0997,,,,,,,,,,,,,,,,,,pinnacle
spelad,L1,2017/18,2018-05-06,,Metz,Angers,1,2,A,8,17,4,4,1.1878,1.6821,understat,,,,,,,,,,0.3584,0.2859,0.3558,0.3328,0.2818,0.3854,1,2.75,3.53,2.85,,,,0.4776,,0.2247,0.583,-0.0631,1,,,,,0,0,,,-0.0808,,,,,,,,,,,,,,,,,,pinnacle
spelad,L1,2017/18,2018-05-06,,Nantes,Montpellier,0,2,A,11,12,2,7,1.1237,0.4317,understat,,,,,,,,,,0.4164,0.2953,0.2883,0.4376,0.2993,0.263,1,2.42,3.35,3.42,,,,0.3934,,-0.1701,0.4001,0.0405,-1,,,,,0,0,,,0.0676,,,,,,,,,,,,,,,,,,pinnacle
spelad,L1,2017/18,2018-05-06,,Rennes,Strasbourg,2,1,H,14,7,2,3,2.3672,1.0175,understat,,,,,,,,,,0.5571,0.2532,0.1897,0.5391,0.2588,0.202,1,1.82,3.85,5.6,,,,0.504,,1.1247,-1.3893,0.855,-1,,,,,0,0,,,-0.0483,,,,,,,,,,,,,,,,,,pinnacle
spelad,L1,2017/18,2018-05-06,,St Etienne,Bordeaux,1,3,A,16,11,3,5,2.2993,3.1286,understat,,,,,,,,,,0.4804,0.277,0.2426,0.4734,0.2852,0.2414,1,2.09,3.61,4.33,,,,0.4297,,0.8913,-0.7646,1.0181,1,,,,,0,0,,,-0.0127,,,,,,,,,,,,,,,,,,pinnacle
spelad,L1,2017/18,2018-05-06,,Toulouse,Lille,2,3,A,6,17,4,8,1.0584,2.9235,understat,,,,,,,,,,0.4493,0.2893,0.2614,0.4032,0.3002,0.2966,1,2.3,3.4,3.73,,,,0.4212,,-0.0198,-0.1815,-0.04,-1,,,,,0,0,,,-0.1274,,,,,,,,,,,,,,,,,,pinnacle
spelad,L1,2017/18,2018-05-11,,Guingamp,Marseille,3,3,D,22,16,7,5,2.7552,1.9749,understat,,,,,,,,,,0.1907,0.2293,0.58,0.2007,0.2223,0.577,1,5.25,4.4,1.75,,,,0.6209,,0.0413,-0.3231,0.0995,0,,,,,0,0,,,0.023,,,,,,,,,,,,,,,,,,pinnacle
spelad,L1,2017/18,2018-05-12,,Amiens,Metz,2,0,H,9,13,2,1,1.5298,0.8145,understat,,,,,,,,,,0.5382,0.2454,0.2165,0.5448,0.239,0.2162,1,1.9,4.08,4.6,,,,0.5699,,0.6268,-1.2826,0.8186,2,,,,,0,0,,,0.0135,,,,,,,,,,,,,,,,,,pinnacle
spelad,L1,2017/18,2018-05-12,,Angers,Nantes,0,2,A,14,12,2,2,0.5975,0.9166,understat,,,,,,,,,,0.4296,0.2802,0.2902,0.408,0.2964,0.2955,1,2.39,3.55,3.36,,,,0.4644,,0.7926,-1.3735,0.7989,0,,,,,0,0,,,-0.0484,,,,,,,,,,,,,,,,,,pinnacle
spelad,L1,2017/18,2018-05-12,,Bordeaux,Toulouse,4,2,H,15,10,6,4,2.6155,0.8511,understat,,,,,,,,,,0.5356,0.2579,0.2065,0.5441,0.2654,0.1906,1,1.89,3.92,4.72,,,,0.5013,,0.3485,0.3949,0.7994,0,,,,,0,0,,,0.0329,,,,,,,,,,,,,,,,,,pinnacle
spelad,L1,2017/18,2018-05-12,,Lille,Dijon,2,1,H,13,12,3,7,2.4661,1.8324,understat,,,,,,,,,,0.6464,0.2145,0.139,0.6516,0.2088,0.1396,1,1.55,4.65,7.5,,,,0.5969,,-0.3898,0.4922,-0.3255,0,,,,,0,0,,,0.0097,,,,,,,,,,,,,,,,,,pinnacle
spelad,L1,2017/18,2018-05-12,,Monaco,St Etienne,1,0,H,18,11,5,3,2.3079,0.5635,understat,,,,,,,,,,0.5677,0.2347,0.1976,0.5606,0.2391,0.2003,1,1.74,4.33,5.5,,,,0.5825,,0.1495,0.1561,-0.7616,0,,,,,0,0,,,-0.0167,,,,,,,,,,,,,,,,,,pinnacle
spelad,L1,2017/18,2018-05-12,,Montpellier,Troyes,1,1,D,22,9,3,2,0.5898,1.1881,understat,,,,,,,,,,0.557,0.2499,0.193,0.5794,0.2483,0.1723,1,1.83,3.96,5.05,,,,0.4921,,0.3458,-0.548,0.1031,0,,,,,0,0,,,0.0655,,,,,,,,,,,,,,,,,,pinnacle
spelad,L1,2017/18,2018-05-12,,Nice,Caen,4,1,H,21,12,8,5,2.2342,0.7034,understat,,,,,,,,,,0.5979,0.2431,0.159,0.6205,0.2319,0.1476,1,1.7,4.15,6.13,,,,0.5224,,0.7128,-1.2921,0.9952,0,,,,,0,0,,,0.0564,,,,,,,,,,,,,,,,,,pinnacle
spelad,L1,2017/18,2018-05-12,,Paris SG,Rennes,0,2,A,14,10,5,2,0.6196,1.1536,understat,,,,,,,,,,0.7529,0.1513,0.0959,0.7324,0.156,0.1116,1,1.31,6.74,11.5,,,,0.7366,,0.6213,-1.1958,-0.3832,2,,,,,0,0,,,-0.0566,,,,,,,,,,,,,,,,,,pinnacle
spelad,L1,2017/18,2018-05-12,,Strasbourg,Lyon,3,2,H,9,8,4,3,0.8201,1.2637,understat,,,,,,,,,,0.1576,0.2036,0.6388,0.1798,0.211,0.6092,1,6.5,4.91,1.56,,,,0.6737,,-1.6562,1.745,-1.4252,0,,,,,0,0,,,0.074,,,,,,,,,,,,,,,,,,pinnacle
spelad,L1,2017/18,2018-05-19,,Caen,Paris SG,0,0,D,11,7,6,2,0.4425,1.0188,understat,,,,,,,,,,0.1854,0.2585,0.5561,0.2293,0.2765,0.4942,1,5.18,3.93,1.79,,,,0.6355,,-1.0615,1.79,-0.3294,0,,,,,0,0,,,0.1497,,,,,,,,,,,,,,,,,,pinnacle
spelad,L1,2017/18,2018-05-19,,Dijon,Angers,2,1,H,7,16,1,8,0.8233,1.8067,understat,,,,,,,,,,0.4213,0.2613,0.3173,0.4164,0.2644,0.3192,1,2.35,3.8,3.2,,,,0.6005,,0.1414,-0.0312,0.3284,0,,,,,0,0,,,-0.0116,,,,,,,,,,,,,,,,,,pinnacle
spelad,L1,2017/18,2018-05-19,,Lyon,Nice,3,2,H,23,11,8,4,2.1634,0.9768,understat,,,,,,,,,,0.672,0.1835,0.1446,0.6613,0.1844,0.1543,1,1.51,5.38,7,,,,0.6782,,0.3724,-0.3864,0.4023,0,,,,,0,0,,,-0.0311,,,,,,,,,,,,,,,,,,pinnacle
spelad,L1,2017/18,2018-05-19,,Marseille,Amiens,2,1,H,27,5,11,2,2.6331,0.4458,understat,,,,,,,,,,0.7727,0.1462,0.0811,0.7929,0.1199,0.0872,1,1.3,7.23,13,,,,0.6729,,-0.7639,1.0951,-0.9099,1,,,,,0,0,,,0.0343,,,,,,,,,,,,,,,,,,pinnacle
spelad,L1,2017/18,2018-05-19,,Metz,Bordeaux,0,4,A,7,15,0,7,0.3138,1.9728,understat,,,,,,,,,,0.132,0.2028,0.6653,0.1295,0.1861,0.6844,1,7.5,5.11,1.5,,,,0.6005,,-0.1921,0.1173,-0.6183,0,,,,,0,0,,,-0.0241,,,,,,,,,,,,,,,,,,pinnacle
spelad,L1,2017/18,2018-05-19,,Nantes,Strasbourg,1,0,H,9,10,2,2,0.8098,0.3427,understat,,,,,,,,,,0.5364,0.2617,0.2019,0.5455,0.2523,0.2022,1,1.9,3.83,4.84,,,,0.5263,,-0.189,0.3696,-0.366,0,,,,,0,0,,,0.0179,,,,,,,,,,,,,,,,,,pinnacle
spelad,L1,2017/18,2018-05-19,,Rennes,Montpellier,1,1,D,9,9,1,6,0.4599,0.6147,understat,,,,,,,,,,0.5158,0.2746,0.2096,0.5086,0.2814,0.21,1,2,3.67,4.65,,,,0.4749,,0.1553,0.1017,0.8635,0,,,,,0,0,,,-0.0147,,,,,,,,,,,,,,,,,,pinnacle
spelad,L1,2017/18,2018-05-19,,St Etienne,Lille,5,0,H,14,11,7,3,1.716,0.5209,understat,,,,,,,,,,0.6337,0.2178,0.1485,0.6136,0.2136,0.1728,1,1.58,4.58,6.63,,,,0.5736,,0.697,-0.8316,0.6328,0,,,,,0,0,,,-0.0643,,,,,,,,,,,,,,,,,,pinnacle
spelad,L1,2017/18,2018-05-19,,Toulouse,Guingamp,2,1,H,17,13,7,6,1.9272,0.4815,understat,,,,,,,,,,0.619,0.2243,0.1567,0.5874,0.2244,0.1882,1,1.62,4.43,6.5,,,,0.5762,,-0.5772,0.3216,-1.1092,-1,,,,,0,0,,,-0.0946,,,,,,,,,,,,,,,,,,pinnacle
spelad,L1,2017/18,2018-05-19,,Troyes,Monaco,0,3,A,12,21,4,14,0.7137,2.5671,understat,,,,,,,,,,0.1749,0.2175,0.6076,0.1974,0.2448,0.5578,1,6,4.63,1.63,,,,0.6015,,-1.0734,0.5198,-0.2007,0,,,,,0,0,,,0.0949,,,,,,,,,,,,,,,,,,pinnacle
spelad,L1,2018/19,2018-08-10,,Marseille,Toulouse,4,0,H,23,5,10,1,3.4629,0.2342,understat,,,,,,,,,,0.6636,0.2112,0.1252,0.6584,0.2151,0.1265,1,1.48,4.87,8.79,,,,0.5509,,0.4994,-0.0538,0.6206,,,,,,0,0,,,-0.0118,,,,,,,,,,,,,,,,,,pinnacle
spelad,L1,2018/19,2018-08-11,,Angers,Nimes,3,4,A,21,14,7,5,2.6244,1.2138,understat,,,,,,,,,,0.4243,0.2887,0.287,0.413,0.3094,0.2777,1,2.35,3.38,3.49,,,,0.4301,,,,,,,,,,-1,0,,,-0.0133,,,,,,,,,,,,,,,,,,pinnacle
spelad,L1,2018/19,2018-08-11,,Lille,Rennes,3,1,H,15,8,6,2,1.8816,0.4475,understat,,,,,,,,,,0.3808,0.291,0.3282,0.347,0.2946,0.3585,1,2.63,3.39,3.1,,,,0.4249,,-0.0042,0.5954,-0.2512,,,,,,0,0,,,-0.0979,,,,,,,,,,,,,,,,,,pinnacle
spelad,L1,2018/19,2018-08-11,,Montpellier,Dijon,1,2,A,16,9,7,4,1.3408,1.9482,understat,,,,,,,,,,0.5602,0.2572,0.1826,0.5607,0.2651,0.1742,1,1.78,3.82,5.75,,,,0.4465,,-0.2264,-0.0311,-0.524,,,,,,0,0,,,0.0092,,,,,,,,,,,,,,,,,,pinnacle
spelad,L1,2018/19,2018-08-11,,Nantes,Monaco,1,3,A,16,11,4,6,1.2206,2.8413,understat,,,,,,,,,,0.2982,0.2868,0.415,0.3765,0.2964,0.3272,1,3.35,3.44,2.41,,,,0.4567,,-0.952,0.6522,-0.418,,,,,,0,0,,,0.2443,,,,,,,,,,,,,,,,,,pinnacle
spelad,L1,2018/19,2018-08-11,,Nice,Reims,0,1,A,19,5,1,3,1.0326,0.2674,understat,,,,,,,,,,0.5022,0.2768,0.2209,0.5082,0.2993,0.1925,1,1.97,3.64,4.6,,,,0.4698,,,,,,,,,,-1,0,,,0.0404,,,,,,,,,,,,,,,,,,pinnacle
spelad,L1,2018/19,2018-08-11,,St Etienne,Guingamp,2,1,H,11,11,6,5,0.9348,1.3722,understat,,,,,,,,,,0.53,0.2672,0.2028,0.5299,0.2762,0.1939,1,1.9,3.76,4.81,,,,0.4672,,0.41,-0.4213,0.1451,,,,,,0,0,,,0.0087,,,,,,,,,,,,,,,,,,pinnacle
spelad,L1,2018/19,2018-08-12,,Bordeaux,Strasbourg,0,2,A,5,17,2,6,0.0854,1.3272,understat,,,,,,,,,,0.5419,0.2672,0.1909,0.49,0.2919,0.2181,1,1.85,3.8,5.2,,,,0.4567,,0.8913,-0.8928,1.0512,,,,,,0,0,,,-0.1311,,,,,,,,,,,,,,,,,,pinnacle
spelad,L1,2018/19,2018-08-12,,Lyon,Amiens,2,0,H,15,10,7,1,1.3081,0.2861,understat,,,,,,,,,,0.788,0.1439,0.0681,0.7813,0.1462,0.0725,1,1.26,7.01,15,,,,0.6305,,-0.4702,0.654,-0.5363,,,,,,0,0,,,-0.0177,,,,,,,,,,,,,,,,,,pinnacle
spelad,L1,2018/19,2018-08-12,,Paris SG,Caen,3,0,H,11,5,8,1,3.3469,0.1893,understat,,,,,,,,,,0.8668,0.0927,0.0405,0.8668,0.0927,0.0405,1,1.12,13,41,,,,0.7455,,0.6564,-1.2793,0.0761,,,,,,0,0,,,0,,,,,,,,,,,,,,,,,,pinnacle
spelad,L1,2018/19,2018-08-17,,Reims,Lyon,1,0,H,7,19,2,5,0.6773,0.978,understat,,,,,,,,,,0.1924,0.2317,0.5759,0.1851,0.2387,0.5762,1,5.2,4.23,1.74,,,,0.5535,,,,,1,,,,,1,0,,,-0.0147,,,,,,,,,,,,,,,,,,pinnacle
spelad,L1,2018/19,2018-08-18,,Amiens,Montpellier,1,2,A,11,7,2,3,1.11,0.3082,understat,,,,,,,,,,0.305,0.3089,0.3861,0.298,0.3074,0.3946,1,3.3,3.21,2.6,,,,0.3519,,0.7461,-0.9436,1.1549,-1,,,,,0,0,,,-0.0224,,,,,,,,,,,,,,,,,,pinnacle
spelad,L1,2018/19,2018-08-18,,Caen,Nice,1,1,D,13,16,4,5,1.2005,0.569,understat,,,,,,,,,,0.343,0.3016,0.3555,0.3422,0.3096,0.3483,1,2.9,3.34,3,,,,0.3879,,-0.1463,0.6752,-0.2688,-1,,,,,0,0,,,0.0056,,,,,,,,,,,,,,,,,,pinnacle
spelad,L1,2018/19,2018-08-18,,Dijon,Nantes,2,0,H,14,7,7,0,2.9598,0.2286,understat,,,,,,,,,,0.3734,0.2869,0.3397,0.3678,0.2777,0.3545,1,2.7,3.51,2.93,,,,0.4541,,0.7792,-0.4474,1.1011,0,,,,,0,0,,,-0.0259,,,,,,,,,,,,,,,,,,pinnacle
spelad,L1,2018/19,2018-08-18,,Guingamp,Paris SG,1,3,A,11,17,3,7,1.3524,2.624,understat,,,,,,,,,,0.0837,0.1507,0.7655,0.0817,0.1444,0.7738,1,13,7.03,1.29,,,,0.6436,,-0.3852,0.5794,0.8509,1,,,,,0,0,,,-0.0123,,,,,,,,,,,,,,,,,,pinnacle
spelad,L1,2018/19,2018-08-18,,Monaco,Lille,0,0,D,10,13,1,4,1.6202,0.5804,understat,,,,,,,,,,0.6366,0.2136,0.1498,0.5694,0.2404,0.1902,1,1.58,4.67,7.2,,,,0.5825,,0.4287,-0.5516,-0.058,0,,,,,0,0,,,-0.1747,,,,,,,,,,,,,,,,,,pinnacle
spelad,L1,2018/19,2018-08-18,,Rennes,Angers,1,0,H,5,7,2,0,0.3905,0.3497,understat,,,,,,,,,,0.5148,0.2804,0.2048,0.5077,0.2785,0.2138,1,1.99,3.51,4.75,,,,0.4077,,0.5753,-0.4392,0.6699,0,,,,,0,0,,,-0.0231,,,,,,,,,,,,,,,,,,pinnacle
spelad,L1,2018/19,2018-08-19,,Nimes,Marseille,3,1,H,14,10,7,5,1.6314,0.9674,understat,,,,,,,,,,0.2148,0.2373,0.5479,0.1943,0.2385,0.5672,1,4.9,4.2,1.84,,,,0.5799,,,,,-1,,,,,1,0,,,-0.0602,,,,,,,,,,,,,,,,,,pinnacle
spelad,L1,2018/19,2018-08-19,,Strasbourg,St Etienne,1,1,D,11,9,5,2,0.626,0.3296,understat,,,,,,,,,,0.353,0.2952,0.3517,0.3583,0.3045,0.3372,1,2.85,3.4,2.83,,,,0.4375,,-1.102,1.1025,-0.5131,-1,,,,,0,0,,,0.0251,,,,,,,,,,,,,,,,,,pinnacle
spelad,L1,2018/19,2018-08-19,,Toulouse,Bordeaux,2,1,H,13,15,5,8,1.2776,0.7848,understat,,,,,,,,,,0.3736,0.3057,0.3207,0.3822,0.3084,0.3094,1,2.7,3.28,3.1,,,,0.3985,,-0.7135,0.7036,-1.0888,2,,,,,0,0,,,0.0286,,,,,,,,,,,,,,,,,,pinnacle
spelad,L1,2018/19,2018-08-24,,Lyon,Strasbourg,2,0,H,22,9,10,1,1.2429,0.3936,understat,,,,,,,,,,0.7549,0.1586,0.0866,0.701,0.1914,0.1076,1,1.33,6.5,12,,,,0.6209,,0.5765,-0.6243,-0.0118,2,,,,,0,0,,,-0.1287,,,,,,,,,,,,,,,,,,pinnacle
spelad,L1,2018/19,2018-08-25,,Amiens,Reims,4,1,H,14,7,8,3,2.1831,0.7001,understat,,,,,,,,,,0.356,0.3087,0.3352,0.3381,0.3091,0.3528,1,2.85,3.25,2.94,,,,0.3835,,,,,-1,,,,,-1,0,,,-0.0534,,,,,,,,,,,,,,,,,,pinnacle
spelad,L1,2018/19,2018-08-25,,Montpellier,St Etienne,0,0,D,14,9,1,2,0.4175,0.2451,understat,,,,,,,,,,0.3932,0.3076,0.2991,0.4146,0.3054,0.28,1,2.52,3.28,3.27,,,,0.3914,,-0.7658,0.7434,-0.854,1,,,,,0,0,,,0.0619,,,,,,,,,,,,,,,,,,pinnacle
spelad,L1,2018/19,2018-08-25,,Nantes,Caen,1,1,D,16,3,3,2,1.8996,0.635,understat,,,,,,,,,,0.4925,0.2946,0.2129,0.4448,0.3215,0.2336,1,2.05,3.4,4.6,,,,0.3835,,0.1976,-0.2846,0.074,0,,,,,0,0,,,-0.116,,,,,,,,,,,,,,,,,,pinnacle
spelad,L1,2018/19,2018-08-25,,Nice,Dijon,0,4,A,16,9,3,5,1.7067,1.9423,understat,,,,,,,,,,0.5188,0.2672,0.2139,0.4671,0.3004,0.2325,1,1.95,3.74,4.56,,,,0.5119,,-0.55,-0.1298,-0.9844,0,,,,,0,0,,,-0.122,,,,,,,,,,,,,,,,,,pinnacle
spelad,L1,2018/19,2018-08-25,,Paris SG,Angers,3,1,H,13,11,5,6,2.0322,1.5059,understat,,,,,,,,,,0.9003,0.0724,0.0273,0.8785,0.0844,0.0371,1,1.09,14,51,,,,0.75,,0.8,-1.1255,0.1373,0,,,,,0,0,,,-0.0534,,,,,,,,,,,,,,,,,,pinnacle
spelad,L1,2018/19,2018-08-25,,Toulouse,Nimes,1,0,H,10,9,5,0,2.722,0.4867,understat,,,,,,,,,,0.4206,0.2696,0.3098,0.3769,0.2805,0.3425,1,2.4,3.64,3.5,,,,0.5092,,,,,0,,,,,-1,0,,,-0.1201,,,,,,,,,,,,,,,,,,pinnacle
spelad,L1,2018/19,2018-08-26,,Bordeaux,Monaco,2,1,H,14,15,6,5,2.2289,0.5573,understat,,,,,,,,,,0.3265,0.275,0.3985,0.3648,0.2873,0.3479,1,3.1,3.58,2.48,,,,0.4828,,0.1046,-0.9047,0.2948,-1,,,,,0,0,,,0.1272,,,,,,,,,,,,,,,,,,pinnacle
spelad,L1,2018/19,2018-08-26,,Lille,Guingamp,3,0,H,13,13,7,4,1.7057,0.5638,understat,,,,,,,,,,0.4763,0.272,0.2517,0.4974,0.2671,0.2355,1,2.14,3.62,3.9,,,,0.4776,,0.7093,0.2396,0.5542,0,,,,,0,0,,,0.0583,,,,,,,,,,,,,,,,,,pinnacle
spelad,L1,2018/19,2018-08-26,,Marseille,Rennes,2,2,D,8,7,3,2,1.0324,1.6759,understat,,,,,,,,,,0.6484,0.2005,0.151,0.6491,0.2117,0.1393,1,1.54,4.89,7.5,,,,0.5651,,-0.0066,-0.17,-0.1639,-1,,,,,0,0,,,0.013,,,,,,,,,,,,,,,,,,pinnacle
spelad,L1,2018/19,2018-08-31,,Lyon,Nice,0,1,A,29,8,9,1,1.9373,0.4131,understat,,,,,,,,,,0.7179,0.1782,0.104,0.6754,0.2001,0.1245,1,1.45,5.5,10,,,,0.5934,,0.6213,-0.7146,0.4377,1,,,,,0,0,,,-0.1056,,,,,,,,,,,,,,,,,,pinnacle
spelad,L1,2018/19,2018-09-01,,Angers,Lille,1,0,H,6,17,3,4,0.7629,1.5119,understat,,,,,,,,,,0.3833,0.2986,0.3181,0.3455,0.2909,0.3636,1,2.55,3.3,3.13,,,,0.4349,,-1.2349,0.6306,-1.3228,1,,,,,0,0,,,-0.1209,,,,,,,,,,,,,,,,,,pinnacle
spelad,L1,2018/19,2018-09-01,,Dijon,Caen,0,2,A,15,9,2,4,0.9049,1.2495,understat,,,,,,,,,,0.5068,0.2822,0.2109,0.5025,0.2794,0.2181,1,2,3.51,4.6,,,,0.4619,,0.7686,-0.5869,1.3934,0,,,,,0,0,,,-0.0158,,,,,,,,,,,,,,,,,,pinnacle
spelad,L1,2018/19,2018-09-01,,Guingamp,Toulouse,1,2,A,23,5,5,4,2.0533,1.0217,understat,,,,,,,,,,0.47,0.27,0.26,0.4318,0.2853,0.2829,1,2.2,3.62,3.9,,,,0.4619,,-0.6527,0.5446,-0.1531,-1,,,,,0,0,,,-0.0992,,,,,,,,,,,,,,,,,,pinnacle
spelad,L1,2018/19,2018-09-01,,Nimes,Paris SG,2,4,A,14,7,6,5,1.1751,2.5518,understat,,,,,,,,,,0.0782,0.1314,0.7904,0.0695,0.1376,0.7929,1,14,7.64,1.25,,,,0.7112,,,,,0,,,,,1,0,,,-0.0199,,,,,,,,,,,,,,,,,,pinnacle
spelad,L1,2018/19,2018-09-01,,Reims,Montpellier,0,1,A,21,9,6,3,1.0157,0.4691,understat,,,,,,,,,,0.3766,0.3057,0.3177,0.3132,0.3247,0.3621,1,2.7,3.2,3.1,,,,0.38,,,,,0,,,,,1,0,,,-0.1711,,,,,,,,,,,,,,,,,,pinnacle
spelad,L1,2018/19,2018-09-01,,Strasbourg,Nantes,2,3,A,10,14,5,5,1.4257,1.2962,understat,,,,,,,,,,0.4063,0.3135,0.2802,0.4685,0.2784,0.2531,1,2.43,3.25,3.7,,,,0.3959,,-0.0073,0.1017,0.4192,1,,,,,0,0,,,0.1515,,,,,,,,,,,,,,,,,,pinnacle
spelad,L1,2018/19,2018-09-02,,Monaco,Marseille,2,3,A,8,15,4,5,1.8588,1.8207,understat,,,,,,,,,,0.3604,0.2537,0.386,0.3241,0.2608,0.4151,1,2.8,3.85,2.7,,,,0.5751,,0.2004,-0.2533,0.1979,0,,,,,0,0,,,-0.1017,,,,,,,,,,,,,,,,,,pinnacle
spelad,L1,2018/19,2018-09-02,,Rennes,Bordeaux,2,0,H,16,8,8,1,2.6471,0.4481,understat,,,,,,,,,,0.4575,0.29,0.2525,0.4452,0.3086,0.2462,1,2.17,3.4,3.9,,,,0.4124,,0.2763,0.0279,0.1831,0,,,,,0,0,,,-0.0183,,,,,,,,,,,,,,,,,,pinnacle
spelad,L1,2018/19,2018-09-02,,St Etienne,Amiens,0,0,D,19,9,5,2,0.7374,0.3251,understat,,,,,,,,,,0.5918,0.2536,0.1545,0.592,0.2713,0.1366,1,1.71,3.87,6.32,,,,0.4476,,0.2592,0.057,-0.2421,0,,,,,0,0,,,0.0183,,,,,,,,,,,,,,,,,,pinnacle
spelad,L1,2018/19,2018-09-14,,Nice,Rennes,2,1,H,13,10,4,3,1.4329,1.0418,understat,,,,,,,,,,0.3549,0.3108,0.3343,0.3624,0.2955,0.3421,1,2.75,3.28,3,,,,0.4165,,-0.664,0.2052,-1.0272,2,,,,,0,0,,,0.0072,,,,,,,,,,,,,,,,,,pinnacle
spelad,L1,2018/19,2018-09-14,,Paris SG,St Etienne,4,0,H,16,11,9,2,2.6433,0.8923,understat,,,,,,,,,,0.7755,0.1489,0.0756,0.7747,0.1497,0.0756,1,1.29,7,14,,,,0.6296,,-0.3118,0.8044,-0.5551,1,,,,,0,0,,,-0.0016,,,,,,,,,,,,,,,,,,pinnacle
spelad,L1,2018/19,2018-09-15,,Amiens,Lille,2,3,A,8,18,4,9,1.4487,2.82,understat,,,,,,,,,,0.2878,0.3058,0.4065,0.2868,0.2946,0.4185,1,3.45,3.32,2.42,,,,0.4046,,-0.3316,-0.6355,-0.3096,-1,,,,,0,0,,,-0.0139,,,,,,,,,,,,,,,,,,pinnacle
spelad,L1,2018/19,2018-09-15,,Caen,Lyon,2,2,D,18,17,4,6,1.8236,1.0094,understat,,,,,,,,,,0.1837,0.2434,0.5728,0.1424,0.2206,0.637,1,5.75,4,1.74,,,,0.4816,,0.0186,-0.1214,0.2047,-1,,,,,0,0,,,-0.1469,,,,,,,,,,,,,,,,,,pinnacle
spelad,L1,2018/19,2018-09-15,,Dijon,Angers,1,3,A,11,13,3,6,1.2955,1.5475,understat,,,,,,,,,,0.4532,0.2768,0.2699,0.4029,0.2826,0.3145,1,2.21,3.6,3.7,,,,0.4737,,0.7949,-0.9367,0.9916,0,,,,,0,0,,,-0.1453,,,,,,,,,,,,,,,,,,pinnacle
spelad,L1,2018/19,2018-09-15,,Montpellier,Strasbourg,1,1,D,10,7,3,1,0.3441,0.7567,understat,,,,,,,,,,0.505,0.2809,0.2142,0.4556,0.3095,0.2349,1,1.99,3.5,4.6,,,,0.4154,,0.6624,-0.6462,0.0384,0,,,,,0,0,,,-0.1195,,,,,,,,,,,,,,,,,,pinnacle
spelad,L1,2018/19,2018-09-15,,Toulouse,Monaco,1,1,D,13,12,6,2,1.0473,0.4111,understat,,,,,,,,,,0.3398,0.2717,0.3885,0.395,0.2913,0.3137,1,3,3.59,2.54,,,,0.504,,0.3384,-0.0614,0.2179,1,,,,,0,0,,,0.1852,,,,,,,,,,,,,,,,,,pinnacle
spelad,L1,2018/19,2018-09-16,,Bordeaux,Nimes,3,3,D,15,14,4,5,0.9874,1.4185,understat,,,,,,,,,,0.5276,0.266,0.2064,0.547,0.2632,0.1898,1,1.91,3.7,4.73,,,,0.4868,,,,,-1,,,,,-1,0,,,0.0553,,,,,,,,,,,,,,,,,,pinnacle
spelad,L1,2018/19,2018-09-16,,Marseille,Guingamp,4,0,H,17,2,6,0,2.1049,0.1465,understat,,,,,,,,,,0.7362,0.1591,0.1047,0.7569,0.1555,0.0876,1,1.33,6.31,11,,,,0.6397,,1.0293,-0.7953,0.5,-1,,,,,0,0,,,0.0585,,,,,,,,,,,,,,,,,,pinnacle
spelad,L1,2018/19,2018-09-16,,Nantes,Reims,0,0,D,12,7,6,0,0.8223,0.4265,understat,,,,,,,,,,0.504,0.265,0.231,0.4581,0.2948,0.247,1,2.05,3.67,4.5,,,,0.4056,,,,,0,,,,,-1,0,,,-0.1076,,,,,,,,,,,,,,,,,,pinnacle
spelad,L1,2018/19,2018-09-21,,Monaco,Nimes,1,1,D,15,9,4,2,1.713,0.7767,understat,,,,,,,,,,0.5282,0.2619,0.2099,0.4737,0.272,0.2542,1,1.88,4,5.5,,,,0.5788,,-0.3181,0.6797,-0.302,1,,,,,-1,0,,,-0.1532,,,,,,,,,,,,,,,,,,pinnacle
spelad,L1,2018/19,2018-09-22,,Angers,Toulouse,0,0,D,16,7,4,0,0.6136,0.4194,understat,,,,,,,,,,0.4417,0.2892,0.2692,0.4296,0.2839,0.2864,1,2.28,3.36,3.7,,,,0.4186,,-0.6596,0.5731,-0.3741,0,,,,,0,0,,,-0.0413,,,,,,,,,,,,,,,,,,pinnacle
spelad,L1,2018/19,2018-09-22,,Lille,Nantes,2,1,H,11,11,8,4,0.7032,1.2322,understat,,,,,,,,,,0.5109,0.2689,0.2201,0.4915,0.2863,0.2222,1,1.93,3.75,4.6,,,,0.4579,,0.2734,0.2879,0.7363,1,,,,,0,0,,,-0.0409,,,,,,,,,,,,,,,,,,pinnacle
spelad,L1,2018/19,2018-09-22,,Montpellier,Nice,1,0,H,12,9,5,2,1.6721,0.312,understat,,,,,,,,,,0.417,0.3175,0.2655,0.3914,0.3214,0.2872,1,2.36,3.13,3.75,,,,0.3627,,0.6178,-0.7937,0.1774,-1,,,,,0,0,,,-0.0729,,,,,,,,,,,,,,,,,,pinnacle
spelad,L1,2018/19,2018-09-22,,Reims,Dijon,0,0,D,11,6,2,0,1.063,0.1541,understat,,,,,,,,,,0.4477,0.2824,0.2699,0.4908,0.2692,0.24,1,2.21,3.45,3.8,,,,0.4476,,0.1436,0.1193,-0.2984,-1,,,,,1,0,,,0.1161,,,,,,,,,,,,,,,,,,pinnacle
spelad,L1,2018/19,2018-09-22,,St Etienne,Caen,2,1,H,23,9,7,2,3.1223,0.3076,understat,,,,,,,,,,0.5714,0.2611,0.1675,0.6068,0.2624,0.1308,1,1.73,3.75,6.5,,,,0.4249,,0.2224,-0.34,-0.2905,1,,,,,0,0,,,0.1074,,,,,,,,,,,,,,,,,,pinnacle
spelad,L1,2018/19,2018-09-22,,Strasbourg,Amiens,3,1,H,13,8,6,3,1.0747,0.6729,understat,,,,,,,,,,0.5372,0.2843,0.1784,0.4911,0.3029,0.206,1,1.85,3.5,5.5,,,,0.4005,,-0.1548,0.5627,-0.0743,0,,,,,0,0,,,-0.1199,,,,,,,,,,,,,,,,,,pinnacle
spelad,L1,2018/19,2018-09-23,,Guingamp,Bordeaux,1,3,A,18,11,5,6,2.0592,0.8127,understat,,,,,,,,,,0.3969,0.2964,0.3067,0.3694,0.2944,0.3362,1,2.5,3.29,3.5,,,,0.4401,,-0.9878,1.353,-0.8404,0,,,,,0,0,,,-0.0843,,,,,,,,,,,,,,,,,,pinnacle
spelad,L1,2018/19,2018-09-23,,Lyon,Marseille,4,2,H,17,9,5,3,2.1766,0.7999,understat,,,,,,,,,,0.4763,0.2524,0.2714,0.5167,0.2435,0.2398,1,2.17,3.85,3.8,,,,0.602,,-0.5219,0.3474,-0.6793,1,,,,,0,0,,,0.1124,,,,,,,,,,,,,,,,,,pinnacle
spelad,L1,2018/19,2018-09-23,,Rennes,Paris SG,1,3,A,14,15,4,6,1.2921,1.573,understat,,,,,,,,,,0.1369,0.1823,0.6808,0.1118,0.1618,0.7264,1,8.5,5.34,1.43,,,,0.6209,,0.1313,0.1404,0.6813,0,,,,,0,0,,,-0.0958,,,,,,,,,,,,,,,,,,pinnacle
spelad,L1,2018/19,2018-09-25,,Monaco,Angers,0,1,A,7,6,0,3,0.6481,0.3532,understat,,,,,,,,,,0.5522,0.2538,0.194,0.5708,0.2527,0.1764,1,1.85,3.85,5.01,,,,0.5198,,0.3039,-0.535,0.2472,1,,,,,0,0,,,0.0548,,,,,,,,,,,,,,,,,,pinnacle
spelad,L1,2018/19,2018-09-25,,Nantes,Nice,1,2,A,10,12,3,5,0.8671,1.5081,understat,,,,,,,,,,0.4133,0.2947,0.292,0.4438,0.288,0.2682,1,2.4,3.31,3.4,,,,0.4264,,-0.0514,-0.0319,0.0757,0,,,,,0,0,,,0.0848,,,,,,,,,,,,,,,,,,pinnacle
spelad,L1,2018/19,2018-09-25,,Toulouse,St Etienne,2,3,A,20,14,6,8,1.0967,2.2318,understat,,,,,,,,,,0.3739,0.303,0.3231,0.4186,0.2885,0.2929,1,2.68,3.22,3.1,,,,0.4041,,0.202,0.3213,0.4613,0,,,,,0,0,,,0.1197,,,,,,,,,,,,,,,,,,pinnacle
spelad,L1,2018/19,2018-09-26,,Amiens,Rennes,2,1,H,12,15,3,2,0.7309,1.8302,understat,,,,,,,,,,0.3003,0.2913,0.4084,0.2836,0.303,0.4134,1,3.3,3.35,2.45,,,,0.4031,,-0.2806,-0.1939,-0.2923,1,,,,,0,0,,,-0.0384,,,,,,,,,,,,,,,,,,pinnacle
spelad,L1,2018/19,2018-09-26,,Bordeaux,Lille,1,0,H,7,15,3,6,0.8911,2.0108,understat,,,,,,,,,,0.3859,0.2941,0.3201,0.3511,0.3099,0.339,1,2.54,3.32,3.1,,,,0.4439,,-0.1363,-0.6353,-0.5347,-1,,,,,0,0,,,-0.0883,,,,,,,,,,,,,,,,,,pinnacle
spelad,L1,2018/19,2018-09-26,,Caen,Montpellier,2,2,D,11,16,3,6,0.8109,2.0286,understat,,,,,,,,,,0.318,0.3109,0.3712,0.3124,0.3293,0.3583,1,3.08,3.14,2.7,,,,0.3766,,-0.4997,0.0907,0.0025,0,,,,,0,0,,,0.0017,,,,,,,,,,,,,,,,,,pinnacle
spelad,L1,2018/19,2018-09-26,,Dijon,Lyon,0,3,A,30,16,6,5,1.9319,2.4656,understat,,,,,,,,,,0.1745,0.2152,0.6103,0.1787,0.225,0.5963,1,6,4.51,1.67,,,,0.5897,,0.5573,-0.5547,0.9418,1,,,,,0,0,,,0.0223,,,,,,,,,,,,,,,,,,pinnacle
spelad,L1,2018/19,2018-09-26,,Marseille,Strasbourg,3,2,H,13,9,5,5,1.279,0.8109,understat,,,,,,,,,,0.6784,0.1964,0.1252,0.6724,0.2091,0.1185,1,1.45,4.94,8,,,,0.5959,,0.1669,-0.2313,-0.4641,-1,,,,,0,0,,,-0.0054,,,,,,,,,,,,,,,,,,pinnacle
spelad,L1,2018/19,2018-09-26,,Nimes,Guingamp,0,0,D,7,9,2,3,0.9224,0.3554,understat,,,,,,,,,,0.4993,0.2529,0.2478,0.4619,0.2901,0.248,1,1.98,3.85,4.01,,,,0.5013,,1.4555,-2.2704,1.1986,2,,,,,1,0,,,-0.0751,,,,,,,,,,,,,,,,,,pinnacle
spelad,L1,2018/19,2018-09-26,,Paris SG,Reims,4,1,H,15,9,7,3,3.6527,0.3267,understat,,,,,,,,,,0.854,0.1029,0.0431,0.8445,0.1057,0.0498,1,1.14,9.5,29,,,,0.6895,,0.2767,-0.6593,-0.1936,-1,,,,,-1,0,,,-0.0259,,,,,,,,,,,,,,,,,,pinnacle
spelad,L1,2018/19,2018-09-28,,St Etienne,Monaco,2,0,H,16,20,5,7,2.0355,1.8586,understat,,,,,,,,,,0.4761,0.2781,0.2458,0.5102,0.2538,0.236,1,2.1,3.75,4.1,,,,0.5276,,0.8462,-0.3219,0.818,0,,,,,0,0,,,0.0782,,,,,,,,,,,,,,,,,,pinnacle
spelad,L1,2018/19,2018-09-29,,Angers,Guingamp,0,1,A,11,11,4,5,0.3669,1.4977,understat,,,,,,,,,,0.4536,0.3019,0.2444,0.4662,0.2944,0.2394,1,2.15,3.3,4.05,,,,0.4128,,0.7915,-1.0127,0.9565,1,,,,,0,0,,,0.0302,,,,,,,,,,,,,,,,,,pinnacle
spelad,L1,2018/19,2018-09-29,,Caen,Amiens,1,0,H,12,7,4,2,1.447,0.2471,understat,,,,,,,,,,0.4518,0.2993,0.2489,0.4204,0.3116,0.268,1,2.16,3.4,3.95,,,,0.4128,,0.2191,-0.5039,0.1427,0,,,,,0,0,,,-0.0817,,,,,,,,,,,,,,,,,,pinnacle
spelad,L1,2018/19,2018-09-29,,Lyon,Nantes,1,1,D,20,19,7,4,2.1605,1.0063,understat,,,,,,,,,,0.7351,0.1748,0.0901,0.7397,0.1645,0.0958,1,1.35,5.75,10.97,,,,0.5897,,0.3909,-0.4444,0.3132,-1,,,,,0,0,,,0.0036,,,,,,,,,,,,,,,,,,pinnacle
spelad,L1,2018/19,2018-09-29,,Nice,Paris SG,0,3,A,9,21,1,8,0.3491,3.1956,understat,,,,,,,,,,0.1128,0.1749,0.7123,0.1103,0.1663,0.7234,1,10,5.75,1.37,,,,0.6296,,-0.4403,0.8241,-0.2689,1,,,,,0,0,,,-0.0161,,,,,,,,,,,,,,,,,,pinnacle
spelad,L1,2018/19,2018-09-29,,Reims,Bordeaux,0,0,D,9,7,0,3,0.6387,0.2057,understat,,,,,,,,,,0.4049,0.2993,0.2957,0.4353,0.3047,0.26,1,2.46,3.26,3.35,,,,0.4092,,-0.4012,0.8264,-0.0004,0,,,,,1,0,,,0.0964,,,,,,,,,,,,,,,,,,pinnacle
spelad,L1,2018/19,2018-09-29,,Strasbourg,Dijon,3,0,H,7,14,5,1,0.7488,1.0504,understat,,,,,,,,,,0.5099,0.2497,0.2404,0.5104,0.2559,0.2338,1,1.95,3.9,4.2,,,,0.4763,,-0.6898,0.2683,-0.5036,0,,,,,0,0,,,0.0077,,,,,,,,,,,,,,,,,,pinnacle
spelad,L1,2018/19,2018-09-30,,Lille,Marseille,3,0,H,16,8,4,3,2.9456,0.4243,understat,,,,,,,,,,0.3374,0.2709,0.3917,0.3232,0.2863,0.3905,1,3.1,3.65,2.49,,,,0.5625,,-0.2709,0.6165,0.2815,0,,,,,0,0,,,-0.0272,,,,,,,,,,,,,,,,,,pinnacle
spelad,L1,2018/19,2018-09-30,,Montpellier,Nimes,3,0,H,19,11,6,3,2.651,0.9411,understat,,,,,,,,,,0.4992,0.2765,0.2243,0.4824,0.2971,0.2205,1,1.95,3.6,4.5,,,,0.4567,,0.0786,0.4309,-0.1234,0,,,,,-1,0,,,-0.0297,,,,,,,,,,,,,,,,,,pinnacle
spelad,L1,2018/19,2018-09-30,,Rennes,Toulouse,1,1,D,22,5,7,2,2.4522,0.2787,understat,,,,,,,,,,0.4987,0.2724,0.2288,0.5176,0.2602,0.2222,1,2.05,3.57,4.26,,,,0.4619,,-0.8066,0.5627,-0.7337,-1,,,,,0,0,,,0.0444,,,,,,,,,,,,,,,,,,pinnacle
spelad,L1,2018/19,2018-10-05,,Toulouse,Nice,1,1,D,13,11,2,2,1.1925,0.7324,understat,,,,,,,,,,0.4113,0.2859,0.3028,0.4152,0.2845,0.3003,1,2.44,3.41,3.27,,,,0.4491,,0.1781,-0.4498,0.2405,-1,,,,,0,0,,,0.0103,,,,,,,,,,,,,,,,,,pinnacle
spelad,L1,2018/19,2018-10-06,,Amiens,Dijon,1,0,H,8,10,2,3,0.301,0.3719,understat,,,,,,,,,,0.3856,0.2903,0.3241,0.4207,0.2931,0.2862,1,2.53,3.36,3.12,,,,0.4491,,0.0088,-0.6323,-0.2204,0,,,,,0,0,,,0.1081,,,,,,,,,,,,,,,,,,pinnacle
spelad,L1,2018/19,2018-10-06,,Angers,Strasbourg,2,2,D,24,9,6,4,2.1592,1.3047,understat,,,,,,,,,,0.415,0.2903,0.2947,0.4319,0.2985,0.2696,1,2.4,3.36,3.35,,,,0.4139,,0.0916,0.2815,-0.0749,0,,,,,0,0,,,0.0587,,,,,,,,,,,,,,,,,,pinnacle
spelad,L1,2018/19,2018-10-06,,Guingamp,Montpellier,1,1,D,7,11,2,5,0.7578,1.0834,understat,,,,,,,,,,0.3475,0.317,0.3355,0.3341,0.3188,0.3471,1,2.85,3.15,2.91,,,,0.402,,-1.2155,1.727,-0.7438,1,,,,,0,0,,,-0.0384,,,,,,,,,,,,,,,,,,pinnacle
spelad,L1,2018/19,2018-10-06,,Lille,St Etienne,3,1,H,12,6,5,2,0.7925,1.3337,understat,,,,,,,,,,0.487,0.2639,0.2491,0.4536,0.2763,0.2701,1,2.1,3.69,4,,,,0.4737,,-0.3062,-0.2642,0.2006,-2,,,,,0,0,,,-0.0878,,,,,,,,,,,,,,,,,,pinnacle
spelad,L1,2018/19,2018-10-06,,Nimes,Reims,0,0,D,17,9,5,2,0.7603,1.4833,understat,,,,,,,,,,0.4189,0.2931,0.2879,0.3601,0.3022,0.3377,1,2.33,3.4,3.43,,,,0.4529,,0.1004,-0.4531,0.1033,-1,,,,,0,0,,,-0.1674,,,,,,,,,,,,,,,,,,pinnacle
spelad,L1,2018/19,2018-10-07,,Bordeaux,Nantes,3,0,H,16,12,7,2,1.7543,0.7013,understat,,,,,,,,,,0.4152,0.3068,0.278,0.3885,0.3096,0.3019,1,2.38,3.25,3.6,,,,0.4212,,0.8862,-0.6756,0.5089,0,,,,,0,0,,,-0.0773,,,,,,,,,,,,,,,,,,pinnacle
spelad,L1,2018/19,2018-10-07,,Marseille,Caen,2,0,H,17,7,6,2,1.4975,0.5366,understat,,,,,,,,,,0.7233,0.1753,0.1015,0.7123,0.1807,0.1069,1,1.4,5.75,10.5,,,,0.5897,,0.1078,0.2345,-0.5275,-1,,,,,0,0,,,-0.0273,,,,,,,,,,,,,,,,,,pinnacle
spelad,L1,2018/19,2018-10-07,,Monaco,Rennes,1,2,A,8,11,2,4,0.3903,1.0166,understat,,,,,,,,,,0.4617,0.2714,0.2669,0.4594,0.2767,0.2639,1,2.2,3.6,3.75,,,,0.4947,,-0.0795,-0.3256,-0.3778,2,,,,,0,0,,,-0.0017,,,,,,,,,,,,,,,,,,pinnacle
spelad,L1,2018/19,2018-10-07,,Paris SG,Lyon,5,0,H,14,16,8,6,4.4359,1.634,understat,,,,,,,,,,0.7286,0.1589,0.1125,0.7569,0.1457,0.0975,1,1.36,6.1,9,,,,0.7083,,0.83,-0.6762,0.8894,0,,,,,0,0,,,0.0716,,,,,,,,,,,,,,,,,,pinnacle
spelad,L1,2018/19,2018-10-19,,Lyon,Nimes,2,0,H,13,23,5,6,1.7175,1.3976,understat,,,,,,,,,,0.7229,0.1699,0.1072,0.7399,0.1613,0.0988,1,1.37,5.95,10,,,,0.6682,,-0.1248,0.4302,-0.3611,-1,,,,,-1,0,,,0.0424,,,,,,,,,,,,,,,,,,pinnacle
spelad,L1,2018/19,2018-10-20,,Caen,Guingamp,0,0,D,4,7,2,2,0.6633,0.4209,understat,,,,,,,,,,0.4448,0.2934,0.2618,0.4258,0.301,0.2732,1,2.23,3.32,3.8,,,,0.3965,,0.6458,-1.5515,0.6496,-1,,,,,0,0,,,-0.0492,,,,,,,,,,,,,,,,,,pinnacle
spelad,L1,2018/19,2018-10-20,,Dijon,Lille,1,2,A,17,8,7,3,1.5183,1.9408,understat,,,,,,,,,,0.2934,0.2775,0.4291,0.2731,0.2649,0.462,1,3.55,3.6,2.27,,,,0.5053,,-0.8184,1.1883,-0.8792,0,,,,,0,0,,,-0.0736,,,,,,,,,,,,,,,,,,pinnacle
spelad,L1,2018/19,2018-10-20,,Nantes,Toulouse,4,0,H,18,5,9,2,2.7094,0.5405,understat,,,,,,,,,,0.4781,0.2811,0.2408,0.4891,0.2797,0.2312,1,2.06,3.47,4.2,,,,0.4338,,-0.7028,0.6488,-0.7903,-2,,,,,0,0,,,0.0316,,,,,,,,,,,,,,,,,,pinnacle
spelad,L1,2018/19,2018-10-20,,Paris SG,Amiens,5,0,H,16,8,8,2,2.5039,0.5735,understat,,,,,,,,,,0.8733,0.0887,0.038,0.8728,0.0823,0.0449,1,1.12,12,41,,,,0.7495,,0.621,-0.8185,0.3997,-1,,,,,0,0,,,-0.0079,,,,,,,,,,,,,,,,,,pinnacle
spelad,L1,2018/19,2018-10-20,,Reims,Angers,1,1,D,12,16,5,6,1.0337,1.6265,understat,,,,,,,,,,0.4277,0.3136,0.2587,0.4169,0.3157,0.2673,1,2.3,3.15,3.9,,,,0.361,,-0.5807,0.5684,-0.5092,0,,,,,1,0,,,-0.0302,,,,,,,,,,,,,,,,,,pinnacle
spelad,L1,2018/19,2018-10-20,,Strasbourg,Monaco,2,1,H,8,12,5,5,0.8197,1.3593,understat,,,,,,,,,,0.3722,0.277,0.3508,0.3809,0.2709,0.3482,1,2.74,3.55,2.8,,,,0.5211,,0.7953,-0.9289,1.0242,1,,,,,0,0,,,0.0199,,,,,,,,,,,,,,,,,,pinnacle
spelad,L1,2018/19,2018-10-21,,Montpellier,Bordeaux,2,0,H,13,12,4,3,1.8795,0.8241,understat,,,,,,,,,,0.4555,0.3056,0.2389,0.475,0.3052,0.2198,1,2.18,3.25,4.15,,,,0.3775,,-0.1729,0.5278,0.083,1,,,,,0,0,,,0.0581,,,,,,,,,,,,,,,,,,pinnacle
spelad,L1,2018/19,2018-10-21,,Nice,Marseille,0,1,A,14,9,3,1,0.6647,0.4773,understat,,,,,,,,,,0.2921,0.2541,0.4538,0.3187,0.268,0.4133,1,3.5,3.84,2.17,,,,0.5407,,0.1191,0.2288,0.5031,2,,,,,0,0,,,0.0938,,,,,,,,,,,,,,,,,,pinnacle
spelad,L1,2018/19,2018-10-21,,St Etienne,Rennes,1,1,D,8,15,2,5,1.7673,2.016,understat,,,,,,,,,,0.4378,0.294,0.2682,0.4049,0.2948,0.3003,1,2.3,3.4,3.75,,,,0.4619,,0.4251,-0.1563,0.0391,1,,,,,0,0,,,-0.0978,,,,,,,,,,,,,,,,,,pinnacle
spelad,L1,2018/19,2018-10-26,,Nimes,St Etienne,1,1,D,13,13,6,5,1.3247,1.2174,understat,,,,,,,,,,0.3563,0.2888,0.355,0.3565,0.2934,0.3501,1,2.8,3.4,2.8,,,,0.4723,,-0.3828,-0.4014,-0.5995,2,,,,,0,0,,,0.0054,,,,,,,,,,,,,,,,,,pinnacle
spelad,L1,2018/19,2018-10-27,,Amiens,Nantes,1,2,A,18,12,8,5,1.0369,1.6779,understat,,,,,,,,,,0.318,0.3022,0.3798,0.3253,0.3078,0.3669,1,3.12,3.23,2.6,,,,0.4,,0.671,-0.2979,0.4034,0,,,,,0,0,,,0.0276,,,,,,,,,,,,,,,,,,pinnacle
spelad,L1,2018/19,2018-10-27,,Angers,Lyon,1,2,A,14,9,4,5,1.0131,1.731,understat,,,,,,,,,,0.2388,0.2714,0.4897,0.2569,0.2774,0.4658,1,4.1,3.75,2,,,,0.5393,,0.149,-0.1187,0.5192,-1,,,,,0,0,,,0.0599,,,,,,,,,,,,,,,,,,pinnacle
spelad,L1,2018/19,2018-10-27,,Guingamp,Strasbourg,1,1,D,10,12,4,5,1.2064,1.3356,understat,,,,,,,,,,0.4236,0.2865,0.2899,0.3668,0.3058,0.3274,1,2.37,3.4,3.45,,,,0.4338,,-0.7196,1.5304,-0.5003,0,,,,,0,0,,,-0.151,,,,,,,,,,,,,,,,,,pinnacle
spelad,L1,2018/19,2018-10-27,,Lille,Caen,1,0,H,11,5,4,1,0.6135,0.2482,understat,,,,,,,,,,0.6462,0.2302,0.1236,0.5952,0.254,0.1509,1,1.55,4.35,8,,,,0.4672,,0.339,0.1141,0.4819,0,,,,,0,0,,,-0.1292,,,,,,,,,,,,,,,,,,pinnacle
spelad,L1,2018/19,2018-10-27,,Monaco,Dijon,2,2,D,12,11,5,3,1.3142,0.4761,understat,,,,,,,,,,0.569,0.2295,0.2015,0.5784,0.2358,0.1858,1,1.75,4.24,5.25,,,,0.5509,,-0.3186,-0.0561,-0.521,0,,,,,0,0,,,0.0343,,,,,,,,,,,,,,,,,,pinnacle
spelad,L1,2018/19,2018-10-27,,Toulouse,Montpellier,0,3,A,15,22,4,8,1.1339,1.6449,understat,,,,,,,,,,0.3331,0.3158,0.3511,0.3002,0.3049,0.395,1,2.95,3.2,2.85,,,,0.3676,,-0.1884,0.2183,-0.471,1,,,,,0,0,,,-0.1097,,,,,,,,,,,,,,,,,,pinnacle
spelad,L1,2018/19,2018-10-28,,Bordeaux,Nice,0,1,A,23,13,7,2,1.6782,1.1667,understat,,,,,,,,,,0.4119,0.2967,0.2914,0.4119,0.2923,0.2958,1,2.4,3.35,3.45,,,,0.4227,,0.4349,-0.9441,0.2896,0,,,,,0,0,,,-0.0044,,,,,,,,,,,,,,,,,,pinnacle
spelad,L1,2018/19,2018-10-28,,Marseille,Paris SG,0,2,A,12,11,2,5,0.4808,1.4705,understat,,,,,,,,,,0.163,0.1861,0.6509,0.1845,0.2298,0.5857,1,7,5.25,1.51,,,,0.6714,,-0.0034,0.7226,-0.3025,-1,,,,,0,0,,,0.1082,,,,,,,,,,,,,,,,,,pinnacle
spelad,L1,2018/19,2018-10-28,,Rennes,Reims,0,2,A,11,6,5,3,0.5127,0.2256,understat,,,,,,,,,,0.5592,0.2609,0.1799,0.5517,0.2823,0.166,1,1.8,3.75,5.75,,,,0.4338,,-0.1143,0.438,0.5555,-1,,,,,0,0,,,-0.0012,,,,,,,,,,,,,,,,,,pinnacle
spelad,L1,2018/19,2018-11-02,,Paris SG,Lille,2,1,H,19,6,5,2,2.3379,0.9268,understat,,,,,,,,,,0.8045,0.1255,0.0699,0.8192,0.1163,0.0645,1,1.25,8.65,16.3,,,,0.7246,,0.1325,-1.147,-0.101,-1,,,,,0,0,,,0.0347,,,,,,,,,,,,,,,,,,pinnacle
spelad,L1,2018/19,2018-11-03,,Caen,Rennes,1,2,A,12,22,3,10,1.3999,2.6165,understat,,,,,,,,,,0.2675,0.2967,0.4358,0.2725,0.2939,0.4336,1,3.75,3.3,2.5,,,,0.3879,,0.7558,-1.3399,0.5198,1,,,,,0,0,,,0.0123,,,,,,,,,,,,,,,,,,pinnacle
spelad,L1,2018/19,2018-11-03,,Dijon,Nimes,0,4,A,23,11,7,6,1.2792,2.026,understat,,,,,,,,,,0.434,0.2822,0.2838,0.3808,0.2842,0.335,1,2.33,3.5,3.44,,,,0.4828,,-0.3495,0.7541,-0.4955,-1,,,,,0,0,,,-0.1575,,,,,,,,,,,,,,,,,,pinnacle
spelad,L1,2018/19,2018-11-03,,Lyon,Bordeaux,1,1,D,6,17,2,3,0.2876,1.0882,understat,,,,,,,,,,0.6675,0.1992,0.1333,0.6871,0.2027,0.1102,1,1.55,5,7.5,,,,0.6115,,-0.2739,0.7413,-0.1716,1,,,,,0,0,,,0.0623,,,,,,,,,,,,,,,,,,pinnacle
spelad,L1,2018/19,2018-11-03,,Nice,Amiens,1,0,H,7,13,4,7,1.2418,0.7021,understat,,,,,,,,,,0.5684,0.2499,0.1817,0.5343,0.2929,0.1727,1,1.77,3.89,5.75,,,,0.439,,0.5222,-0.6695,0.7205,-1,,,,,0,0,,,-0.0592,,,,,,,,,,,,,,,,,,pinnacle
spelad,L1,2018/19,2018-11-03,,Reims,Monaco,1,0,H,8,5,4,1,1.1068,1.0264,understat,,,,,,,,,,0.3784,0.2906,0.331,0.3889,0.2846,0.3265,1,2.7,3.36,2.95,,,,0.4529,,0.7716,-0.8997,0.9322,-1,,,,,0,0,,,0.0254,,,,,,,,,,,,,,,,,,pinnacle
spelad,L1,2018/19,2018-11-03,,Strasbourg,Toulouse,1,1,D,18,5,2,2,1.1089,1.1079,understat,,,,,,,,,,0.5094,0.2595,0.2311,0.4897,0.2714,0.2388,1,2.05,3.75,4.33,,,,0.4842,,0.3059,-0.7466,0.5373,0,,,,,0,0,,,-0.0472,,,,,,,,,,,,,,,,,,pinnacle
spelad,L1,2018/19,2018-11-04,,Montpellier,Marseille,3,0,H,14,11,6,2,1.2011,1.315,understat,,,,,,,,,,0.3221,0.2967,0.3812,0.3065,0.2858,0.4078,1,3.05,3.32,2.6,,,,0.4352,,-0.0951,-0.1317,0.4846,1,,,,,0,0,,,-0.0578,,,,,,,,,,,,,,,,,,pinnacle
spelad,L1,2018/19,2018-11-04,,Nantes,Guingamp,5,0,H,19,4,10,0,2.4544,0.1604,understat,,,,,,,,,,0.5233,0.2734,0.2032,0.5476,0.2918,0.1606,1,1.91,3.6,5,,,,0.439,,0.4304,-0.8037,0.3993,0,,,,,0,0,,,0.0911,,,,,,,,,,,,,,,,,,pinnacle
spelad,L1,2018/19,2018-11-04,,St Etienne,Angers,4,3,H,18,10,9,6,2.074,1.6524,understat,,,,,,,,,,0.4875,0.2723,0.2401,0.5323,0.2752,0.1925,1,2.12,3.59,4.2,,,,0.4646,,-0.3639,0.9965,-0.1296,1,,,,,0,0,,,0.1372,,,,,,,,,,,,,,,,,,pinnacle
spelad,L1,2018/19,2018-11-09,,Lille,Strasbourg,0,0,D,22,4,8,1,1.3056,0.1371,understat,,,,,,,,,,0.5595,0.2589,0.1816,0.559,0.2694,0.1715,1,1.8,3.85,5.4,,,,0.4491,,0.2968,0.3173,0.52,1,,,,,0,0,,,0.0091,,,,,,,,,,,,,,,,,,pinnacle
spelad,L1,2018/19,2018-11-10,,Angers,Montpellier,1,0,H,10,10,3,3,1.1652,0.2685,understat,,,,,,,,,,0.3391,0.3033,0.3577,0.3412,0.3189,0.34,1,3.05,3.22,2.75,,,,0.3747,,-0.5934,0.7094,-0.8476,0,,,,,0,0,,,0.0219,,,,,,,,,,,,,,,,,,pinnacle
spelad,L1,2018/19,2018-11-10,,Guingamp,Lyon,2,4,A,9,19,2,6,1.2917,1.5073,understat,,,,,,,,,,0.1885,0.2426,0.5689,0.1925,0.251,0.5565,1,5.25,4.15,1.75,,,,0.5573,,-0.7037,1.2719,-0.176,-1,,,,,0,0,,,0.0203,,,,,,,,,,,,,,,,,,pinnacle
spelad,L1,2018/19,2018-11-10,,Nimes,Nice,0,1,A,8,13,3,8,1.0063,1.1108,understat,,,,,,,,,,0.3886,0.2852,0.3262,0.4096,0.2876,0.3028,1,2.55,3.42,3.25,,,,0.4737,,-0.7197,0.1978,-0.5442,0,,,,,0,0,,,0.0655,,,,,,,,,,,,,,,,,,pinnacle
spelad,L1,2018/19,2018-11-10,,St Etienne,Reims,2,0,H,14,14,5,3,1.3036,0.7083,understat,,,,,,,,,,0.5292,0.2618,0.209,0.5175,0.2772,0.2053,1,1.91,3.72,4.75,,,,0.4581,,0.0349,0.8048,0.1917,-1,,,,,0,0,,,-0.0197,,,,,,,,,,,,,,,,,,pinnacle
spelad,L1,2018/19,2018-11-10,,Toulouse,Amiens,0,1,A,23,7,6,2,1.4663,0.7036,understat,,,,,,,,,,0.4352,0.3056,0.2593,0.4152,0.3137,0.271,1,2.25,3.3,3.9,,,,0.4082,,-0.3909,0.1459,-0.3219,0,,,,,0,0,,,-0.0517,,,,,,,,,,,,,,,,,,pinnacle
spelad,L1,2018/19,2018-11-11,,Bordeaux,Caen,0,0,D,16,9,6,1,1.5091,0.3024,understat,,,,,,,,,,0.526,0.2666,0.2075,0.5688,0.254,0.1772,1,1.91,3.65,5,,,,0.419,,0.632,-0.5752,0.4855,0,,,,,0,0,,,0.1161,,,,,,,,,,,,,,,,,,pinnacle
spelad,L1,2018/19,2018-11-11,,Marseille,Dijon,2,0,H,16,9,3,3,2.8906,0.3047,understat,,,,,,,,,,0.7075,0.1822,0.1103,0.7345,0.1719,0.0936,1,1.38,5.4,11,,,,0.6131,,1.0096,-1.2805,0.6829,-1,,,,,0,0,,,0.0707,,,,,,,,,,,,,,,,,,pinnacle
spelad,L1,2018/19,2018-11-11,,Monaco,Paris SG,0,4,A,15,14,2,9,1.1513,3.9636,understat,,,,,,,,,,0.0966,0.1263,0.7771,0.0651,0.1156,0.8193,1,14,7.75,1.26,,,,0.709,,-1.6812,2.094,-1.6987,-1,,,,,0,0,,,-0.1053,,,,,,,,,,,,,,,,,,pinnacle
spelad,L1,2018/19,2018-11-11,,Rennes,Nantes,1,1,D,14,7,4,3,1.8816,0.1848,understat,,,,,,,,,,0.4516,0.3039,0.2445,0.4135,0.3069,0.2796,1,2.25,3.35,3.99,,,,0.4465,,-0.5329,1.3499,-0.3716,1,,,,,0,0,,,-0.1114,,,,,,,,,,,,,,,,,,pinnacle
spelad,L1,2018/19,2018-11-23,,Lyon,St Etienne,1,0,H,13,16,1,3,0.6499,1.3122,understat,,,,,,,,,,0.5951,0.2298,0.1751,0.5992,0.2379,0.1629,1,1.66,4.45,5.75,,,,0.6209,,0.2688,-0.5767,-0.2742,0,,,,,0,0,,,0.0205,,,,,,,,,,,,,,,,,,pinnacle
spelad,L1,2018/19,2018-11-24,,Caen,Monaco,0,1,A,9,10,1,4,0.7891,0.8456,understat,,,,,,,,,,0.3031,0.2985,0.3984,0.3219,0.3001,0.378,1,3.3,3.35,2.45,,,,0.4289,,0.9626,-1.4066,0.8698,0,,,,,0,0,,,0.0579,,,,,,,,,,,,,,,,,,pinnacle
spelad,L1,2018/19,2018-11-24,,Dijon,Bordeaux,0,0,D,14,11,4,0,0.8368,0.3569,understat,,,,,,,,,,0.3413,0.2862,0.3725,0.318,0.308,0.374,1,2.92,3.45,2.65,,,,0.4868,,-0.807,1.4524,-0.9254,0,,,,,0,0,,,-0.048,,,,,,,,,,,,,,,,,,pinnacle
spelad,L1,2018/19,2018-11-24,,Nantes,Angers,1,1,D,24,7,8,1,1.6322,1.0184,understat,,,,,,,,,,0.4899,0.2834,0.2267,0.4396,0.305,0.2555,1,2,3.45,4.5,,,,0.4165,,0.1679,-0.6106,0.191,-1,,,,,0,0,,,-0.1294,,,,,,,,,,,,,,,,,,pinnacle
spelad,L1,2018/19,2018-11-24,,Paris SG,Toulouse,1,0,H,9,11,2,3,1.7184,0.5577,understat,,,,,,,,,,0.8454,0.1045,0.0501,0.8549,0.1021,0.0431,1,1.18,9.5,21,,,,0.7083,,1.1249,-1.58,1.2878,-1,,,,,0,0,,,0.0259,,,,,,,,,,,,,,,,,,pinnacle
spelad,L1,2018/19,2018-11-24,,Reims,Guingamp,2,1,H,10,6,3,4,1.0748,1.2623,understat,,,,,,,,,,0.4749,0.3023,0.2228,0.4804,0.3076,0.212,1,2.06,3.3,4.56,,,,0.3738,,0.3687,-0.9074,0.2856,0,,,,,0,0,,,0.0218,,,,,,,,,,,,,,,,,,pinnacle
spelad,L1,2018/19,2018-11-24,,Strasbourg,Nimes,0,1,A,12,14,4,3,0.7265,1.1033,understat,,,,,,,,,,0.456,0.2879,0.2561,0.4336,0.302,0.2644,1,2.15,3.5,3.9,,,,0.4763,,0.8533,-0.9285,0.6521,1,,,,,0,0,,,-0.0531,,,,,,,,,,,,,,,,,,pinnacle
spelad,L1,2018/19,2018-11-25,,Amiens,Marseille,1,3,A,9,21,3,9,0.9942,1.8477,understat,,,,,,,,,,0.2144,0.2623,0.5233,0.2009,0.2808,0.5183,1,4.8,3.75,1.86,,,,0.4816,,0.1548,-0.3374,0.2445,1,,,,,0,0,,,-0.022,,,,,,,,,,,,,,,,,,pinnacle
spelad,L1,2018/19,2018-11-25,,Montpellier,Rennes,2,2,D,15,16,4,7,2.4644,1.4879,understat,,,,,,,,,,0.4276,0.3046,0.2678,0.395,0.3263,0.2787,1,2.35,3.2,3.75,,,,0.3738,,1.1773,-1.9873,0.9286,1,,,,,0,0,,,-0.0761,,,,,,,,,,,,,,,,,,pinnacle
spelad,L1,2018/19,2018-11-25,,Nice,Lille,2,0,H,11,9,4,2,0.8886,0.2976,understat,,,,,,,,,,0.3613,0.3058,0.3329,0.4018,0.3119,0.2863,1,2.85,3.3,3,,,,0.4312,,0.1051,0.0223,-0.0658,-1,,,,,0,0,,,0.1276,,,,,,,,,,,,,,,,,,pinnacle
spelad,L1,2018/19,2018-11-30,,St Etienne,Nantes,3,0,H,16,7,4,1,2.7893,0.3822,understat,,,,,,,,,,0.4597,0.2918,0.2486,0.4821,0.2798,0.2381,1,2.15,3.47,4.05,,,,0.4416,,0.0346,0.6255,0.2282,1,,,,,0,0,,,0.0553,,,,,,,,,,,,,,,,,,pinnacle
spelad,L1,2018/19,2018-12-01,,Angers,Caen,1,1,D,11,8,4,3,1.8428,0.807,understat,,,,,,,,,,0.5499,0.2582,0.192,0.4991,0.3051,0.1958,1,1.85,3.77,5.5,,,,0.4066,,0.1451,-0.0317,0.2859,0,,,,,0,0,,,-0.1054,,,,,,,,,,,,,,,,,,pinnacle
spelad,L1,2018/19,2018-12-01,,Guingamp,Nice,0,0,D,12,10,2,1,1.0441,0.6161,understat,,,,,,,,,,0.3525,0.3013,0.3462,0.319,0.3012,0.3798,1,3.1,3.26,2.85,,,,0.4175,,-0.973,1.0374,-0.9565,1,,,,,0,0,,,-0.1006,,,,,,,,,,,,,,,,,,pinnacle
spelad,L1,2018/19,2018-12-01,,Lille,Lyon,2,2,D,13,18,6,5,0.9981,2.5432,understat,,,,,,,,,,0.3499,0.2846,0.3656,0.3116,0.2786,0.4098,1,2.85,3.5,2.67,,,,0.5276,,-0.7668,0.6722,-0.0282,-2,,,,,0,0,,,-0.1207,,,,,,,,,,,,,,,,,,pinnacle
spelad,L1,2018/19,2018-12-01,,Monaco,Montpellier,1,2,A,13,15,2,3,0.7306,1.3821,understat,,,,,,,,,,0.3615,0.2862,0.3523,0.3485,0.2966,0.3549,1,2.75,3.41,2.84,,,,0.4439,,-0.9474,1.531,-1.2617,1,,,,,0,0,,,-0.0284,,,,,,,,,,,,,,,,,,pinnacle
spelad,L1,2018/19,2018-12-01,,Nimes,Amiens,3,0,H,13,9,7,2,2.0159,0.7375,understat,,,,,,,,,,0.4939,0.2804,0.2257,0.5287,0.2748,0.1965,1,2.05,3.6,4.31,,,,0.4491,,-0.56,0.0047,-0.199,1,,,,,0,0,,,0.0988,,,,,,,,,,,,,,,,,,pinnacle
spelad,L1,2018/19,2018-12-02,,Bordeaux,Paris SG,2,2,D,18,9,4,2,0.6453,1.5437,understat,,,,,,,,,,0.1089,0.1603,0.7309,0.0929,0.1686,0.7386,1,11,6.05,1.35,,,,0.6498,,-0.6551,0.7756,-0.5558,0,,,,,0,0,,,-0.0398,,,,,,,,,,,,,,,,,,pinnacle
spelad,L1,2018/19,2018-12-02,,Marseille,Reims,0,0,D,16,12,5,4,0.6825,0.5104,understat,,,,,,,,,,0.6739,0.2096,0.1165,0.6333,0.241,0.1257,1,1.45,5,8.65,,,,0.5381,,0.0305,0.5045,-0.174,-1,,,,,0,0,,,-0.0904,,,,,,,,,,,,,,,,,,pinnacle
spelad,L1,2018/19,2018-12-02,,Rennes,Strasbourg,1,4,A,12,14,2,8,0.5795,3.4777,understat,,,,,,,,,,0.5678,0.238,0.1942,0.5644,0.2555,0.1801,1,1.8,4.08,5.25,,,,0.4828,,-0.8867,1.6188,-0.1968,-1,,,,,0,0,,,0.0073,,,,,,,,,,,,,,,,,,pinnacle
spelad,L1,2018/19,2018-12-02,,Toulouse,Dijon,2,2,D,12,14,3,5,0.7946,2.0163,understat,,,,,,,,,,0.4601,0.2811,0.2587,0.4916,0.2727,0.2357,1,2.15,3.5,3.85,,,,0.4581,,0.2307,-0.7066,-0.0088,0,,,,,0,0,,,0.086,,,,,,,,,,,,,,,,,,pinnacle
spelad,L1,2018/19,2018-12-04,,Amiens,Monaco,0,2,A,15,6,2,4,0.7107,1.7718,understat,,,,,,,,,,0.3241,0.3049,0.371,0.3365,0.3021,0.3614,1,3.02,3.31,2.65,,,,0.4326,,0.7075,-0.2954,0.5497,0,,,,,0,0,,,0.0343,,,,,,,,,,,,,,,,,,pinnacle
spelad,L1,2018/19,2018-12-04,,Montpellier,Lille,0,1,A,16,13,4,6,0.8275,2.0185,understat,,,,,,,,,,0.445,0.2971,0.2578,0.4387,0.2988,0.2625,1,2.3,3.28,3.81,,,,0.402,,0.089,-0.3963,0.3104,0,,,,,0,0,,,-0.0173,,,,,,,,,,,,,,,,,,pinnacle
spelad,L1,2018/19,2018-12-04,,Nice,Angers,0,0,D,16,8,5,2,2.3224,0.255,understat,,,,,,,,,,0.4659,0.3033,0.2307,0.4778,0.3027,0.2195,1,2.1,3.35,4.4,,,,0.4118,,1.0926,-0.7899,0.9232,0,,,,,0,0,,,0.035,,,,,,,,,,,,,,,,,,pinnacle
spelad,L1,2018/19,2018-12-05,,Bordeaux,St Etienne,3,2,H,13,14,5,4,2.4942,1.9323,understat,,,,,,,,,,0.3695,0.3137,0.3168,0.3485,0.303,0.3485,1,2.64,3.2,3.1,,,,0.4128,,-0.4223,0.1571,-0.4431,-2,,,,,0,0,,,-0.0739,,,,,,,,,,,,,,,,,,pinnacle
spelad,L1,2018/19,2018-12-05,,Caen,Nimes,1,2,A,11,23,3,7,0.7832,2.5693,understat,,,,,,,,,,0.3433,0.2982,0.3585,0.333,0.3069,0.3601,1,2.86,3.3,2.75,,,,0.4364,,-0.3247,0.3685,-0.4364,0,,,,,0,0,,,-0.0222,,,,,,,,,,,,,,,,,,pinnacle
spelad,L1,2018/19,2018-12-05,,Dijon,Guingamp,2,1,H,9,21,3,9,0.2587,0.9012,understat,,,,,,,,,,0.4225,0.3041,0.2734,0.3952,0.3089,0.2958,1,2.32,3.35,3.57,,,,0.4427,,-0.4399,0.3676,-0.4304,-1,,,,,0,0,,,-0.077,,,,,,,,,,,,,,,,,,pinnacle
spelad,L1,2018/19,2018-12-05,,Lyon,Rennes,0,2,A,15,10,8,2,1.4054,1.5447,understat,,,,,,,,,,0.6266,0.2144,0.159,0.6552,0.2131,0.1317,1,1.6,4.55,6.5,,,,0.5861,,0.8909,-0.8358,0.3328,1,,,,,0,0,,,0.0843,,,,,,,,,,,,,,,,,,pinnacle
spelad,L1,2018/19,2018-12-05,,Nantes,Marseille,3,2,H,11,8,4,3,1.4777,1.0946,understat,,,,,,,,,,0.306,0.2906,0.4034,0.3343,0.2931,0.3726,1,3.2,3.4,2.43,,,,0.4646,,-0.0208,-0.8227,0.3009,2,,,,,0,0,,,0.0874,,,,,,,,,,,,,,,,,,pinnacle
spelad,L1,2018/19,2018-12-05,,Reims,Toulouse,0,1,A,22,7,7,3,1.5509,1.2521,understat,,,,,,,,,,0.5017,0.2781,0.2202,0.5403,0.2709,0.1888,1,2,3.5,4.75,,,,0.3975,,0.8178,-0.698,1.0222,0,,,,,0,0,,,0.1085,,,,,,,,,,,,,,,,,,pinnacle
spelad,L1,2018/19,2018-12-05,,Strasbourg,Paris SG,1,1,D,4,20,2,5,0.9868,2.3422,understat,,,,,,,,,,0.1152,0.1746,0.7101,0.1398,0.2136,0.6466,1,9.5,5.75,1.4,,,,0.6448,,0.0215,-0.0079,0.015,0,,,,,0,0,,,0.1125,,,,,,,,,,,,,,,,,,pinnacle
spelad,L1,2018/19,2018-12-08,,Guingamp,Amiens,1,2,A,16,11,2,3,1.1262,1.5797,understat,,,,,,,,,,0.4688,0.2991,0.2321,0.4728,0.3102,0.2169,1,2.28,3.37,4.2,,,,0.3975,,-0.7072,0.2736,-0.3493,-1,,,,,0,0,,,0.0234,,,,,,,,,,,,,,,,,,pinnacle
spelad,L1,2018/19,2018-12-08,,Rennes,Dijon,2,0,H,21,7,10,3,2.9949,0.4948,understat,,,,,,,,,,0.6311,0.2199,0.1491,0.6169,0.2374,0.1457,1,1.58,4.42,6.7,,,,0.504,,0.3417,-0.2746,0.4477,0,,,,,0,0,,,-0.0248,,,,,,,,,,,,,,,,,,pinnacle
spelad,L1,2018/19,2018-12-09,,Lille,Reims,1,1,D,12,8,3,3,1.6877,1.1863,understat,,,,,,,,,,0.5555,0.2572,0.1873,0.4755,0.3075,0.2171,1,1.81,3.78,5.75,,,,0.4056,,0.1783,-0.151,0.1513,1,,,,,0,0,,,-0.1899,,,,,,,,,,,,,,,,,,pinnacle
spelad,L1,2018/19,2018-12-09,,Strasbourg,Caen,2,2,D,10,5,4,3,1.205,0.2729,understat,,,,,,,,,,0.5494,0.2679,0.1828,0.5255,0.277,0.1976,1,1.8,3.7,5.35,,,,0.4286,,0.6494,-0.4851,0.8479,0,,,,,0,0,,,-0.0626,,,,,,,,,,,,,,,,,,pinnacle
spelad,L1,2018/19,2018-12-15,,Reims,Strasbourg,2,1,H,12,5,5,3,0.7661,0.4912,understat,,,,,,,,,,0.4276,0.3009,0.2715,0.443,0.3134,0.2436,1,2.3,3.26,3.65,,,,0.3894,,0.3161,-0.0596,0.1503,0,,,,,0,0,,,0.0587,,,,,,,,,,,,,,,,,,pinnacle
spelad,L1,2018/19,2018-12-16,,Lyon,Monaco,3,0,H,21,4,11,1,2.3216,0.0994,understat,,,,,,,,,,0.6724,0.1899,0.1377,0.7104,0.182,0.1076,1,1.5,5.25,7.5,,,,0.6244,,0.8894,-0.4913,0.4098,-1,,,,,0,0,,,0.1062,,,,,,,,,,,,,,,,,,pinnacle
spelad,L1,2018/19,2018-12-16,,Nice,St Etienne,1,1,D,23,11,7,4,2.2497,1.5451,understat,,,,,,,,,,0.4208,0.2965,0.2826,0.4334,0.3038,0.2628,1,2.33,3.4,3.65,,,,0.419,,0.6567,-0.4524,0.5085,1,,,,,0,0,,,0.0449,,,,,,,,,,,,,,,,,,pinnacle
spelad,L1,2018/19,2018-12-16,,Nimes,Lille,2,3,A,17,7,6,6,1.212,0.7992,understat,,,,,,,,,,0.3904,0.2896,0.32,0.3753,0.2984,0.3263,1,2.6,3.38,3.2,,,,0.4646,,0.0605,-0.3692,0.3499,4,,,,,0,0,,,-0.0366,,,,,,,,,,,,,,,,,,pinnacle
spelad,L1,2018/19,2018-12-18,,Caen,Toulouse,2,1,H,13,7,7,2,1.448,1.3853,understat,,,,,,,,,,0.3838,0.3115,0.3047,0.3679,0.3135,0.3186,1,2.6,3.17,3.33,,,,0.3825,,0.0141,-0.7772,-0.1805,-4,,,,,0,0,,,-0.0458,,,,,,,,,,,,,,,,,,pinnacle
spelad,L1,2018/19,2018-12-22,,Angers,Marseille,1,1,D,15,14,4,2,2.2078,1.6101,understat,,,,,,,,,,0.2687,0.2755,0.4558,0.247,0.2711,0.4818,1,3.75,3.54,2.18,,,,0.4698,,-0.4462,-0.1959,-0.1136,1,,,,,0,0,,,-0.0694,,,,,,,,,,,,,,,,,,pinnacle
spelad,L1,2018/19,2018-12-22,,Lille,Toulouse,1,2,A,17,6,5,3,1.2183,1.67,understat,,,,,,,,,,0.5784,0.2429,0.1786,0.5794,0.2363,0.1844,1,1.72,4,5.75,,,,0.4634,,0.5684,-0.6339,0.6293,2,,,,,0,0,,,-0.0038,,,,,,,,,,,,,,,,,,pinnacle
spelad,L1,2018/19,2018-12-22,,Monaco,Guingamp,0,2,A,5,9,2,3,0.5165,1.0515,understat,,,,,,,,,,0.4964,0.287,0.2167,0.4392,0.2973,0.2635,1,1.97,3.5,4.55,,,,0.4427,,0.5023,-0.5243,0.4658,-7,,,,,0,0,,,-0.1611,,,,,,,,,,,,,,,,,,pinnacle
spelad,L1,2018/19,2018-12-22,,Montpellier,Lyon,1,1,D,13,10,4,3,0.9153,0.4063,understat,,,,,,,,,,0.2768,0.2883,0.435,0.2443,0.2893,0.4664,1,3.6,3.45,2.26,,,,0.4672,,-0.2439,-0.2625,0.208,7,,,,,0,0,,,-0.0964,,,,,,,,,,,,,,,,,,pinnacle
spelad,L1,2018/19,2018-12-22,,Paris SG,Nantes,1,0,H,23,11,3,2,2.398,0.4682,understat,,,,,,,,,,0.8636,0.0958,0.0407,0.8464,0.1083,0.0453,1,1.14,10.5,29,,,,0.7207,,-0.0994,-0.073,-0.2613,0,,,,,0,0,,,-0.0388,,,,,,,,,,,,,,,,,,pinnacle
spelad,L1,2018/19,2018-12-22,,Reims,Caen,2,2,D,19,7,11,2,1.7445,0.412,understat,,,,,,,,,,0.5528,0.2828,0.1644,0.5568,0.2784,0.1649,1,1.8,3.55,5.92,,,,0.3738,,0.5869,0.0559,0.7963,3,,,,,0,0,,,0.0074,,,,,,,,,,,,,,,,,,pinnacle
spelad,L1,2018/19,2018-12-22,,Rennes,Nimes,4,0,H,13,18,7,6,3.0722,0.7164,understat,,,,,,,,,,0.5265,0.2604,0.2131,0.5549,0.2569,0.1882,1,1.88,3.8,4.67,,,,0.4947,,-0.0266,0.3662,-0.3362,7,,,,,0,0,,,0.0818,,,,,,,,,,,,,,,,,,pinnacle
spelad,L1,2018/19,2018-12-22,,St Etienne,Dijon,3,0,H,18,7,9,2,2.1981,0.7599,understat,,,,,,,,,,0.6326,0.2113,0.1561,0.6128,0.2295,0.1577,1,1.57,4.65,7,,,,0.5509,,0.1353,-0.4377,0.3398,-7,,,,,0,0,,,-0.0411,,,,,,,,,,,,,,,,,,pinnacle
spelad,L1,2018/19,2018-12-22,,Strasbourg,Nice,2,0,H,11,9,5,4,2.1672,1.5649,understat,,,,,,,,,,0.3899,0.3065,0.3036,0.4237,0.3055,0.2707,1,2.58,3.25,3.25,,,,0.4071,,-0.5972,0.0662,-0.6185,1,,,,,0,0,,,0.1007,,,,,,,,,,,,,,,,,,pinnacle
spelad,L1,2018/19,2018-12-23,,Bordeaux,Amiens,1,1,D,9,8,4,4,0.4773,0.3487,understat,,,,,,,,,,0.5998,0.2504,0.1497,0.5438,0.2977,0.1585,1,1.65,3.95,6.5,,,,0.4352,,-0.1702,-0.5858,0.2215,3,,,,,0,0,,,-0.1209,,,,,,,,,,,,,,,,,,pinnacle
spelad,L1,2018/19,2019-01-08,,Amiens,Angers,0,0,D,21,7,5,2,1.6774,0.2253,understat,,,,,,,,,,0.3034,0.3193,0.3773,0.3166,0.325,0.3585,1,3.26,3.07,2.61,,,,0.367,,0.2992,0.2358,0.0241,-1,,,,,0,0,,,0.045,,,,,,,,,,,,,,,,,,pinnacle
spelad,L1,2018/19,2019-01-08,,Nantes,Montpellier,2,0,H,16,9,5,2,1.6568,0.9543,understat,,,,,,,,,,0.3637,0.3135,0.3228,0.4001,0.317,0.283,1,2.71,3.15,3.08,,,,0.3929,,0.0655,-0.1793,0.11,0,,,,,0,0,,,0.1125,,,,,,,,,,,,,,,,,,pinnacle
spelad,L1,2018/19,2019-01-11,,Caen,Lille,1,3,A,9,12,3,7,1.2505,3.051,understat,,,,,,,,,,0.2588,0.2895,0.4517,0.2724,0.3019,0.4258,1,3.8,3.37,2.2,,,,0.3869,,0.2678,-0.7441,0.0364,0,3,-1,-0.0439,-0.2718,0,0,,,0.053,,,,,,,,,,,,,,,,,,pinnacle
spelad,L1,2018/19,2019-01-11,,Lyon,Reims,1,1,D,15,9,5,5,1.1733,1.0176,understat,,,,,,,,,,0.6678,0.2096,0.1226,0.6668,0.2173,0.1159,1,1.5,4.75,8.05,,,,0.5302,,0.267,-0.3676,-0.1788,0,,,,,0,0,,,0.0046,,,,,,,,,,,,,,,,,,pinnacle
spelad,L1,2018/19,2019-01-12,,Amiens,Paris SG,0,3,A,4,20,1,9,0.2801,2.4541,understat,,,,,,,,,,0.0555,0.1325,0.812,0.0662,0.1306,0.8032,1,19.5,8.05,1.22,,,,0.6498,,-0.3154,0.5992,-0.0399,-7,3,-2,0.0632,0.2301,0,0,,,0.03,,,,,,,,,,,,,,,,,,pinnacle
spelad,L1,2018/19,2019-01-12,,Guingamp,St Etienne,0,1,A,11,4,2,2,0.5624,0.565,understat,,,,,,,,,,0.3377,0.2967,0.3656,0.3597,0.2945,0.3457,1,3.02,3.3,2.7,,,,0.4326,,-0.7378,1.1938,-0.777,0,3,-1,-0.1561,-0.2725,0,0,,,0.0639,,,,,,,,,,,,,,,,,,pinnacle
spelad,L1,2018/19,2019-01-12,,Nice,Bordeaux,1,0,H,9,18,3,4,1.6351,1.6246,understat,,,,,,,,,,0.4374,0.3106,0.252,0.3509,0.3127,0.3364,1,2.27,3.22,3.9,,,,0.385,,0.7269,-0.4138,0.6818,1,3,2,1.0869,0.0422,0,0,,,-0.2573,,,,,,,,,,,,,,,,,,pinnacle
spelad,L1,2018/19,2019-01-13,,Dijon,Montpellier,1,1,D,13,13,7,6,0.6764,1.5442,understat,,,,,,,,,,0.2883,0.2917,0.42,0.2811,0.3039,0.4151,1,3.53,3.36,2.35,,,,0.4326,,-0.18,0.7758,-0.2596,7,3,2,1.343,0.0601,0,0,,,-0.0094,,,,,,,,,,,,,,,,,,pinnacle
spelad,L1,2018/19,2019-01-13,,Marseille,Monaco,1,1,D,14,8,3,3,1.5638,0.8451,understat,,,,,,,,,,0.602,0.2243,0.1737,0.5515,0.2415,0.207,1,1.63,4.6,6,,,,0.5711,,0.1831,-0.1359,0.0686,0,3,0,0.0102,0.0855,0,0,,,-0.1341,,,,,,,,,,,,,,,,,,pinnacle
spelad,L1,2018/19,2019-01-13,,Nantes,Rennes,0,1,A,24,6,3,1,1.3874,0.2824,understat,,,,,,,,,,0.364,0.2974,0.3387,0.346,0.303,0.351,1,2.68,3.35,2.9,,,,0.4494,,0.4219,-0.84,0.3306,-7,3,-1,-0.6783,0.3506,0,0,,,-0.0482,,,,,,,,,,,,,,,,,,pinnacle
spelad,L1,2018/19,2019-01-13,,Toulouse,Strasbourg,1,2,A,17,12,4,5,1.4955,1.5941,understat,,,,,,,,,,0.3875,0.3014,0.311,0.4244,0.3022,0.2734,1,2.55,3.25,3.2,,,,0.4143,,-0.0767,0.4625,-0.0746,0,3,-1,-0.6293,0.3856,0,0,,,0.1113,,,,,,,,,,,,,,,,,,pinnacle
spelad,L1,2018/19,2019-01-15,,Angers,Bordeaux,1,2,A,19,9,8,4,2.3051,0.399,understat,,,,,,,,,,0.3669,0.3242,0.3089,0.3724,0.3108,0.3168,1,2.68,3.12,3.16,,,,0.3797,,0.3236,-0.5704,0.126,4,,,,,0,0,,,0.0031,,,,,,,,,,,,,,,,,,pinnacle
spelad,L1,2018/19,2019-01-16,,Guingamp,Rennes,2,1,H,7,17,2,3,1.1395,1.4199,understat,,,,,,,,,,0.3253,0.2994,0.3753,0.3367,0.3042,0.359,1,3.25,3.3,2.63,,,,0.4154,,-1.3337,1.4873,-1.2454,1,,,,,0,0,,,0.0392,,,,,,,,,,,,,,,,,,pinnacle
spelad,L1,2018/19,2019-01-16,,Monaco,Nice,1,1,D,13,6,5,2,0.989,1.2539,understat,,,,,,,,,,0.4133,0.3039,0.2828,0.4349,0.2989,0.2662,1,2.38,3.35,3.48,,,,0.4253,,-0.3573,0.2638,-0.6059,-1,,,,,0,0,,,0.0598,,,,,,,,,,,,,,,,,,pinnacle
spelad,L1,2018/19,2019-01-16,,Nimes,Nantes,1,0,H,10,11,2,3,0.7959,0.5511,understat,,,,,,,,,,0.4067,0.2985,0.2949,0.4293,0.2953,0.2753,1,2.45,3.4,3.31,,,,0.4479,,0.0297,0.3979,0.1674,7,,,,,0,0,,,0.0649,,,,,,,,,,,,,,,,,,pinnacle
spelad,L1,2018/19,2019-01-16,,St Etienne,Marseille,2,1,H,11,15,5,4,1.9124,1.1536,understat,,,,,,,,,,0.4101,0.2829,0.3069,0.3874,0.2805,0.3321,1,2.41,3.55,3.18,,,,0.5184,,0.6963,-1.0266,1.0841,1,,,,,0,0,,,-0.0706,,,,,,,,,,,,,,,,,,pinnacle
spelad,L1,2018/19,2019-01-16,,Toulouse,Lyon,2,2,D,6,22,4,5,0.9124,1.6418,understat,,,,,,,,,,0.2003,0.2496,0.55,0.1859,0.2455,0.5686,1,5.25,4.1,1.8,,,,0.5197,,-0.4174,0.2929,0.2661,-2,,,,,0,0,,,-0.0474,,,,,,,,,,,,,,,,,,pinnacle
spelad,L1,2018/19,2019-01-18,,Lille,Amiens,2,1,H,17,2,3,1,2.4251,0.373,understat,,,,,,,,,,0.586,0.2573,0.1566,0.5678,0.266,0.1662,1,1.69,3.84,6.3,,,,0.4479,,0.0455,-0.3733,-0.0572,1,3,-1,-0.5297,-0.2998,0,0,,,-0.0461,,,,,,,,,,,,,,,,,,pinnacle
spelad,L1,2018/19,2019-01-19,,Monaco,Strasbourg,1,5,A,9,16,5,6,0.9182,1.6198,understat,,,,,,,,,,0.4942,0.266,0.2398,0.5079,0.2877,0.2044,1,2,3.7,4.3,,,,0.4543,,-0.0619,0.4447,-0.4559,-3,3,1,0.095,-0.2245,0,0,,,0.0628,,,,,,,,,,,,,,,,,,pinnacle
spelad,L1,2018/19,2019-01-19,,Nimes,Toulouse,0,1,A,18,11,6,4,0.8472,1.0743,understat,,,,,,,,,,0.4847,0.2655,0.2498,0.4727,0.2743,0.2529,1,2.08,3.7,3.95,,,,0.4856,,0.45,-0.1571,0.6044,0,,,,,0,0,,,-0.0271,,,,,,,,,,,,,,,,,,pinnacle
spelad,L1,2018/19,2019-01-19,,Paris SG,Guingamp,9,0,H,26,2,12,0,5.8595,0.0287,understat,,,,,,,,,,0.8933,0.0784,0.0283,0.8978,0.0745,0.0278,1,1.1,13.5,41,,,,0.75,,0.7454,-0.3887,0.4006,4,3,2,-0.2293,0.2073,0,0,,,0.0094,,,,,,,,,,,,,,,,,,pinnacle
spelad,L1,2018/19,2019-01-19,,Reims,Nice,1,1,D,10,9,2,5,1.2929,1.0655,understat,,,,,,,,,,0.445,0.3064,0.2486,0.4414,0.3147,0.2439,1,2.25,3.22,3.92,,,,0.3762,,-0.1589,0.0727,-0.274,5,,,,,0,0,,,-0.0024,,,,,,,,,,,,,,,,,,pinnacle
spelad,L1,2018/19,2019-01-20,,Angers,Nantes,1,0,H,4,13,3,4,0.1981,1.1478,understat,,,,,,,,,,0.3737,0.3096,0.3167,0.3739,0.3286,0.2975,1,2.61,3.15,3.2,,,,0.392,,-0.2216,0.1694,-0.0734,1,3,-2,-0.8184,0.0325,0,0,,,0.0196,,,,,,,,,,,,,,,,,,pinnacle
spelad,L1,2018/19,2019-01-20,,Bordeaux,Dijon,1,0,H,13,10,5,3,1.5604,0.8949,understat,,,,,,,,,,0.5616,0.2544,0.184,0.5441,0.2759,0.18,1,1.75,3.85,5.75,,,,0.4712,,0.192,-0.5647,0.3635,-2,3,0,-0.3738,0.0591,0,0,,,-0.0311,,,,,,,,,,,,,,,,,,pinnacle
spelad,L1,2018/19,2019-01-20,,Caen,Marseille,0,1,A,9,9,4,1,0.4044,1.0858,understat,,,,,,,,,,0.2222,0.2602,0.5176,0.1871,0.2665,0.5465,1,4.55,3.75,1.92,,,,0.4882,,0.5923,-1.099,0.4666,5,3,-3,-0.6639,-0.2254,0,0,,,-0.0991,,,,,,,,,,,,,,,,,,pinnacle
spelad,L1,2018/19,2019-01-20,,Rennes,Montpellier,0,0,D,16,13,1,3,0.7683,0.3396,understat,,,,,,,,,,0.4553,0.2998,0.2448,0.4597,0.2936,0.2467,1,2.15,3.4,4,,,,0.399,,0.4443,-0.3885,0.4693,-3,3,1,0.3492,0.3623,0,0,,,0.0068,,,,,,,,,,,,,,,,,,pinnacle
spelad,L1,2018/19,2019-01-20,,St Etienne,Lyon,1,2,A,15,23,9,7,3.0504,2.2364,understat,,,,,,,,,,0.3147,0.2574,0.4279,0.2677,0.2769,0.4554,1,3.2,3.79,2.35,,,,0.5584,,0.2457,-0.3699,0.906,0,3,-2,-0.5222,0.0802,0,0,,,-0.1215,,,,,,,,,,,,,,,,,,pinnacle
spelad,L1,2018/19,2019-01-23,,Nimes,Angers,3,1,H,15,11,6,4,1.7636,1.5803,understat,,,,,,,,,,0.4732,0.2936,0.2332,0.4243,0.3098,0.2659,1,2.13,3.45,4.18,,,,0.4595,,-0.0844,0.5073,0.0109,1,,,,,0,0,,,-0.1305,,,,,,,,,,,,,,,,,,pinnacle
spelad,L1,2018/19,2019-01-25,,Marseille,Lille,1,2,A,15,9,5,3,0.6072,2.0179,understat,,,,,,,,,,0.3906,0.3033,0.3061,0.4206,0.2966,0.2828,1,2.55,3.35,3.2,,,,0.4712,,-0.3477,-0.0341,-0.5692,-2,3,1,0.2272,-0.2457,0,0,,,0.0832,,,,,,,,,,,,,,,,,,pinnacle
spelad,L1,2018/19,2019-01-26,,Dijon,Monaco,2,0,H,13,18,7,5,1.4165,1.3692,understat,,,,,,,,,,0.3155,0.2817,0.4028,0.2682,0.2959,0.4359,1,3.2,3.48,2.46,,,,0.5039,,-0.1095,-0.3778,0.1288,-1,3,-2,-0.2953,0.1268,0,0,,,-0.1275,,,,,,,,,,,,,,,,,,pinnacle
spelad,L1,2018/19,2019-01-26,,Guingamp,Reims,0,1,A,6,7,2,3,0.4445,0.658,understat,,,,,,,,,,0.3855,0.3048,0.3097,0.3473,0.3242,0.3286,1,2.6,3.2,3.27,,,,0.384,,-0.348,0.6386,-0.2561,0,,,,,0,0,,,-0.0954,,,,,,,,,,,,,,,,,,pinnacle
spelad,L1,2018/19,2019-01-26,,Nice,Nimes,2,0,H,15,14,7,7,1.7217,0.6892,understat,,,,,,,,,,0.4374,0.3086,0.254,0.3844,0.318,0.2976,1,2.24,3.3,4,,,,0.4179,,-0.5061,0.2102,-0.4347,4,,,,,0,0,,,-0.1497,,,,,,,,,,,,,,,,,,pinnacle
spelad,L1,2018/19,2019-01-26,,Strasbourg,Bordeaux,1,0,H,10,11,5,1,0.541,0.576,understat,,,,,,,,,,0.3936,0.3051,0.3013,0.4223,0.3097,0.268,1,2.5,3.25,3.3,,,,0.4154,,-0.1469,-0.2553,0.3846,1,3,1,1.0395,-0.2818,0,0,,,0.0906,,,,,,,,,,,,,,,,,,pinnacle
spelad,L1,2018/19,2019-01-27,,Amiens,Lyon,0,1,A,12,18,2,11,0.6674,1.2416,understat,,,,,,,,,,0.1655,0.2158,0.6187,0.146,0.2042,0.6497,1,6.5,4.5,1.6,,,,0.5393,,-0.4227,0.6037,0.0467,2,3,-3,-0.4898,-0.1747,0,0,,,-0.07,,,,,,,,,,,,,,,,,,pinnacle
spelad,L1,2018/19,2019-01-27,,Montpellier,Caen,2,0,H,11,9,6,1,1.1966,0.283,understat,,,,,,,,,,0.5777,0.2616,0.1607,0.6231,0.2627,0.1142,1,1.72,3.75,6.25,,,,0.4097,,-0.4337,0.7935,-0.1408,0,3,2,0.7439,0.0295,0,0,,,0.1372,,,,,,,,,,,,,,,,,,pinnacle
spelad,L1,2018/19,2019-01-27,,Paris SG,Rennes,4,1,H,16,10,7,3,2.8581,0.9976,understat,,,,,,,,,,0.7922,0.1375,0.0703,0.7905,0.1368,0.0727,1,1.25,7.25,14.5,,,,0.6886,,-0.2328,0.356,-0.271,1,3,1,-0.414,-0.1496,0,0,,,-0.0058,,,,,,,,,,,,,,,,,,pinnacle
spelad,L1,2018/19,2019-01-27,,Toulouse,Angers,0,0,D,14,13,4,3,1.4622,1.3395,understat,,,,,,,,,,0.4239,0.2919,0.2842,0.3946,0.3144,0.291,1,2.35,3.34,3.5,,,,0.4179,,0.4504,-0.3958,0.6184,4,3,2,1.1032,0.04,0,0,,,-0.0652,,,,,,,,,,,,,,,,,,pinnacle
spelad,L1,2018/19,2019-01-30,,Nantes,St Etienne,1,1,D,13,10,3,4,1.654,1.8292,understat,,,,,,,,,,0.3462,0.3051,0.3487,0.3488,0.3061,0.3451,1,2.85,3.25,2.82,,,,0.4216,,-0.4191,0.4195,-0.5678,0,3,-2,-0.8864,0.0377,0,0,,,0.0087,,,,,,,,,,,,,,,,,,pinnacle
spelad,L1,2018/19,2019-02-01,,Lille,Nice,4,0,H,15,5,7,2,2.3835,0.505,understat,,,,,,,,,,0.5277,0.2742,0.198,0.5231,0.2812,0.1958,1,1.91,3.6,5.15,,,,0.4071,,0.6155,-0.2845,0.6125,1,3,-2,-0.7612,0.0349,0,0,,,-0.0071,,,,,,,,,,,,,,,,,,pinnacle
spelad,L1,2018/19,2019-02-02,,Angers,Dijon,1,0,H,12,7,5,2,1.3719,0.3595,understat,,,,,,,,,,0.4797,0.2743,0.2459,0.4774,0.2873,0.2353,1,2.05,3.55,4.15,,,,0.4543,,-0.3266,0.2662,-0.3965,-1,3,1,0.6042,-0.2772,0,0,,,0.0061,,,,,,,,,,,,,,,,,,pinnacle
spelad,L1,2018/19,2019-02-02,,Monaco,Toulouse,2,1,H,13,10,3,3,1.2542,0.8422,understat,,,,,,,,,,0.543,0.2578,0.1992,0.5563,0.2562,0.1876,1,1.81,3.8,5.25,,,,0.4908,,-0.6598,1.0662,-1.0219,1,3,1,-0.1813,0.4233,0,0,,,0.0381,,,,,,,,,,,,,,,,,,pinnacle
spelad,L1,2018/19,2019-02-02,,Reims,Marseille,2,1,H,9,13,4,5,0.6005,1.0379,understat,,,,,,,,,,0.3477,0.2997,0.3527,0.3448,0.3221,0.3331,1,2.85,3.26,2.83,,,,0.3929,,0.1081,0.1553,0.646,-1,,,,,0,0,,,0.014,,,,,,,,,,,,,,,,,,pinnacle
spelad,L1,2018/19,2019-02-02,,Rennes,Amiens,1,0,H,15,8,4,1,1.9283,0.6818,understat,,,,,,,,,,0.6062,0.2437,0.1501,0.5919,0.2561,0.1519,1,1.62,4.15,6.55,,,,0.4555,,0.5838,-0.7246,0.4487,0,3,1,0.3753,-0.3071,0,0,,,-0.0303,,,,,,,,,,,,,,,,,,pinnacle
spelad,L1,2018/19,2019-02-03,,Lyon,Paris SG,2,1,H,14,16,10,9,3.4098,1.6152,understat,,,,,,,,,,0.2546,0.2402,0.5052,0.2736,0.2604,0.466,1,4.05,4.1,1.96,,,,0.6456,,-0.0931,0.4678,-0.3015,0,3,-1,0.5117,-0.16,0,0,,,0.0772,,,,,,,,,,,,,,,,,,pinnacle
spelad,L1,2018/19,2019-02-03,,Nimes,Montpellier,1,1,D,12,11,5,4,0.4894,0.7331,understat,,,,,,,,,,0.359,0.311,0.3299,0.3742,0.3234,0.3024,1,2.72,3.26,3,,,,0.4216,,0.3316,-0.0383,0.2284,1,,,,,0,0,,,0.0579,,,,,,,,,,,,,,,,,,pinnacle
spelad,L1,2018/19,2019-02-05,,Marseille,Bordeaux,1,0,H,24,6,7,1,2.1299,0.1865,understat,,,,,,,,,,0.4063,0.3086,0.2851,0.4339,0.3051,0.261,1,2.4,3.27,3.5,,,,0.4352,,-0.8774,0.5953,-1.0584,-7,,,,,0,0,,,0.0793,,,,,,,,,,,,,,,,,,pinnacle
spelad,L1,2018/19,2019-02-08,,Dijon,Marseille,1,2,A,10,18,4,8,1.2213,1.2692,understat,,,,,,,,,,0.233,0.2625,0.5046,0.21,0.2755,0.5145,1,4.33,3.71,2,,,,0.5053,,0.5584,-0.561,0.5981,3,3,-3,-0.566,-0.1934,0,0,,,-0.0558,,,,,,,,,,,,,,,,,,pinnacle
spelad,L1,2018/19,2019-02-09,,Amiens,Caen,1,0,H,10,11,1,4,0.83,0.3855,understat,,,,,,,,,,0.4666,0.3029,0.2305,0.4222,0.3352,0.2426,1,2.15,3.25,4.23,,,,0.3772,,-0.4295,0.636,0.0052,-6,3,-1,-0.173,-0.3129,0,0,,,-0.1008,,,,,,,,,,,,,,,,,,pinnacle
spelad,L1,2018/19,2019-02-09,,Paris SG,Bordeaux,1,0,H,10,8,3,3,2.4199,0.8626,understat,,,,,,,,,,0.7744,0.1498,0.0758,0.7255,0.1797,0.0948,1,1.27,7.25,13,,,,0.6643,,-0.3346,0.0977,-0.3636,2,3,2,-0.0605,0.1759,0,0,,,-0.1167,,,,,,,,,,,,,,,,,,pinnacle
spelad,L1,2018/19,2019-02-09,,Strasbourg,Angers,1,2,A,16,8,7,3,1.1217,0.7494,understat,,,,,,,,,,0.4734,0.2982,0.2284,0.4994,0.2933,0.2072,1,2.08,3.35,4.3,,,,0.385,,0.5325,-0.7717,0.9704,7,3,0,-0.0964,0.7065,0,0,,,0.0733,,,,,,,,,,,,,,,,,,pinnacle
spelad,L1,2018/19,2019-02-10,,Guingamp,Lille,0,2,A,7,9,1,3,0.59,1.339,understat,,,,,,,,,,0.2787,0.2878,0.4335,0.2984,0.3098,0.3919,1,3.55,3.4,2.3,,,,0.4517,,-0.775,0.7319,-1.1084,6,3,0,0.055,0.0523,0,0,,,0.081,,,,,,,,,,,,,,,,,,pinnacle
spelad,L1,2018/19,2019-02-10,,Montpellier,Monaco,2,2,D,12,10,3,5,1.5952,1.6045,understat,,,,,,,,,,0.3933,0.3057,0.301,0.4046,0.3,0.2954,1,2.5,3.25,3.25,,,,0.4092,,-0.0783,-0.515,0.2753,-1,3,1,0.5939,0.404,0,0,,,0.0282,,,,,,,,,,,,,,,,,,pinnacle
spelad,L1,2018/19,2019-02-10,,Nantes,Nimes,2,4,A,15,13,4,4,1.8313,1.8532,understat,,,,,,,,,,0.4866,0.2726,0.2409,0.5202,0.271,0.2088,1,2.1,3.57,4.2,,,,0.4264,,-0.4333,-0.048,-0.1174,4,,,,,0,0,,,0.0995,,,,,,,,,,,,,,,,,,pinnacle
spelad,L1,2018/19,2019-02-10,,Nice,Lyon,1,0,H,11,23,4,5,1.5374,2.4645,understat,,,,,,,,,,0.2143,0.2212,0.5645,0.166,0.2036,0.6305,1,4.9,4.39,1.76,,,,0.5381,,-0.4677,0.5447,-0.0099,2,3,-1,0.176,-0.2197,0,0,,,-0.1627,,,,,,,,,,,,,,,,,,pinnacle
spelad,L1,2018/19,2019-02-10,,Rennes,St Etienne,3,0,H,15,15,5,3,2.7828,1.4544,understat,,,,,,,,,,0.4645,0.2732,0.2622,0.4556,0.2802,0.2642,1,2.15,3.57,3.72,,,,0.4607,,0.2935,-0.043,0.252,-3,3,0,-0.3405,0.7008,0,0,,,-0.0198,,,,,,,,,,,,,,,,,,pinnacle
spelad,L1,2018/19,2019-02-10,,Toulouse,Reims,1,1,D,9,9,3,3,0.6088,1.4187,understat,,,,,,,,,,0.3486,0.3149,0.3366,0.356,0.3241,0.3199,1,2.8,3.1,2.96,,,,0.3781,,-0.0838,-0.0066,0.0859,0,,,,,0,0,,,0.0316,,,,,,,,,,,,,,,,,,pinnacle
spelad,L1,2018/19,2019-02-13,,Caen,Nantes,0,1,A,14,13,1,4,0.4601,1.3257,understat,,,,,,,,,,0.3021,0.3059,0.3919,0.2816,0.3055,0.4129,1,3.23,3.2,2.59,,,,0.3806,,0.5468,-0.6996,-0.007,1,3,0,0.2419,0.0197,0,0,,,-0.062,,,,,,,,,,,,,,,,,,pinnacle
spelad,L1,2018/19,2019-02-13,,St Etienne,Strasbourg,2,1,H,11,9,6,2,1.7366,0.8393,understat,,,,,,,,,,0.4817,0.2726,0.2457,0.5319,0.2742,0.1939,1,2.05,3.6,4,,,,0.4672,,-0.3532,0.694,-0.4098,-1,3,1,0.1531,0.374,0,0,,,0.1522,,,,,,,,,,,,,,,,,,pinnacle
spelad,L1,2018/19,2019-02-15,,Lyon,Guingamp,2,1,H,18,14,9,3,1.5741,1.9471,understat,,,,,,,,,,0.7341,0.1654,0.1005,0.7732,0.1415,0.0853,1,1.34,6,10.85,,,,0.6432,,0.5105,-0.6959,0.4108,0,3,3,1.063,-0.2391,0,0,,,0.0934,,,,,,,,,,,,,,,,,,pinnacle
spelad,L1,2018/19,2019-02-15,,Nimes,Dijon,2,0,H,14,12,6,2,0.9472,0.8474,understat,,,,,,,,,,0.5426,0.2453,0.2121,0.4848,0.2692,0.2461,1,1.85,4,4.65,,,,0.5316,,0.0122,0.2663,0.0219,-2,,,,,0,0,,,-0.1497,,,,,,,,,,,,,,,,,,pinnacle
spelad,L1,2018/19,2019-02-16,,Angers,Nice,3,0,H,12,13,4,4,2.2679,0.4846,understat,,,,,,,,,,0.3998,0.3167,0.2835,0.4391,0.3271,0.2338,1,2.48,3.13,3.44,,,,0.3634,,-0.0793,0.0074,-0.1186,1,3,0,-0.0676,0.7081,0,0,,,0.1285,,,,,,,,,,,,,,,,,,pinnacle
spelad,L1,2018/19,2019-02-16,,Marseille,Amiens,2,0,H,16,10,5,2,1.2887,1.0545,understat,,,,,,,,,,0.6834,0.1968,0.1198,0.66,0.2283,0.1117,1,1.45,4.93,9,,,,0.5092,,-0.0135,0.1109,-0.3802,1,3,3,1.0194,-0.2261,0,0,,,-0.0385,,,,,,,,,,,,,,,,,,pinnacle
spelad,L1,2018/19,2019-02-16,,Monaco,Nantes,1,0,H,11,6,6,2,1.2079,0.21,understat,,,,,,,,,,0.5142,0.267,0.2189,0.5258,0.2732,0.201,1,1.91,3.85,4.65,,,,0.4672,,0.3785,0.2101,-0.2424,3,3,1,0.3579,-0.2723,0,0,,,0.0411,,,,,,,,,,,,,,,,,,pinnacle
spelad,L1,2018/19,2019-02-17,,Bordeaux,Toulouse,2,1,H,8,20,4,5,0.7935,1.8634,understat,,,,,,,,,,0.5099,0.2925,0.1976,0.4449,0.3133,0.2418,1,1.92,3.5,5,,,,0.3965,,0.2906,-0.3394,-0.0319,1,3,1,0.4664,-0.2927,0,0,,,-0.1743,,,,,,,,,,,,,,,,,,pinnacle
spelad,L1,2018/19,2019-02-17,,Caen,Strasbourg,0,0,D,11,15,2,3,0.5267,0.6293,understat,,,,,,,,,,0.281,0.3177,0.4013,0.304,0.3221,0.3739,1,3.5,3.13,2.46,,,,0.3643,,-0.2414,0.3241,-0.6379,0,3,1,0.499,0.3843,0,0,,,0.0734,,,,,,,,,,,,,,,,,,pinnacle
spelad,L1,2018/19,2019-02-17,,Lille,Montpellier,0,0,D,12,8,3,2,1.0471,0.654,understat,,,,,,,,,,0.5096,0.2846,0.2058,0.4969,0.3043,0.1988,1,1.95,3.47,5,,,,0.402,,0.8303,-0.4593,1.1559,0,3,0,0.2605,0.0277,0,0,,,-0.0184,,,,,,,,,,,,,,,,,,pinnacle
spelad,L1,2018/19,2019-02-17,,Reims,Rennes,2,0,H,7,10,4,1,0.6653,0.3952,understat,,,,,,,,,,0.4016,0.3088,0.2896,0.3794,0.3421,0.2786,1,2.5,3.21,3.37,,,,0.3869,,-0.0322,0.0737,-0.0313,0,,,,,0,0,,,-0.0335,,,,,,,,,,,,,,,,,,pinnacle
spelad,L1,2018/19,2019-02-17,,St Etienne,Paris SG,0,1,A,11,11,2,3,0.5654,1.2555,understat,,,,,,,,,,0.1903,0.2205,0.5893,0.1672,0.214,0.6188,1,5.6,4.45,1.68,,,,0.6219,,0.2743,0.2802,0.5897,-4,3,-2,-0.0355,0.196,0,0,,,-0.0756,,,,,,,,,,,,,,,,,,pinnacle
spelad,L1,2018/19,2019-02-20,,Bordeaux,Guingamp,0,0,D,11,13,4,1,1.3793,1.2912,understat,,,,,,,,,,0.497,0.2832,0.2199,0.4578,0.3095,0.2327,1,1.96,3.5,4.55,,,,0.4194,,0.6447,-1.2545,0.2371,-2,3,1,0.423,-0.2855,0,0,,,-0.0912,,,,,,,,,,,,,,,,,,pinnacle
spelad,L1,2018/19,2019-02-20,,Paris SG,Montpellier,5,1,H,18,15,9,7,3.8112,1.0156,understat,,,,,,,,,,0.7669,0.16,0.0731,0.7438,0.1682,0.088,1,1.29,6.15,13.25,,,,0.5918,,0.5059,-0.5497,0.2306,0,,,,,0,0,,,-0.0609,,,,,,,,,,,,,,,,,,pinnacle
spelad,L1,2018/19,2019-02-22,,Dijon,St Etienne,0,1,A,11,16,2,6,0.3228,0.9907,understat,,,,,,,,,,0.2913,0.2845,0.4242,0.2992,0.2803,0.4205,1,3.5,3.55,2.3,,,,0.4789,,-0.4575,0.0435,-0.678,2,3,-2,-0.6166,0.0703,0,0,,,0.0197,,,,,,,,,,,,,,,,,,pinnacle
spelad,L1,2018/19,2019-02-22,,Strasbourg,Lille,1,1,D,9,15,2,5,0.3901,1.1607,understat,,,,,,,,,,0.3287,0.307,0.3643,0.3392,0.3082,0.3527,1,3.03,3.23,2.73,,,,0.4092,,-0.2052,-0.2187,-0.4045,0,3,0,0.3493,0.0537,0,0,,,0.0326,,,,,,,,,,,,,,,,,,pinnacle
spelad,L1,2018/19,2019-02-23,,Amiens,Nice,1,0,H,11,7,4,0,1.669,0.204,understat,,,,,,,,,,0.3548,0.3285,0.3168,0.3548,0.3285,0.3168,1,2.8,3.03,3.08,,,,0.3453,,-0.6932,0.1997,-0.4956,0,3,-1,0.1162,-0.2759,0,0,,,0,,,,,,,,,,,,,,,,,,pinnacle
spelad,L1,2018/19,2019-02-23,,Guingamp,Angers,1,0,H,8,8,3,1,0.6199,0.3316,understat,,,,,,,,,,0.3711,0.3089,0.32,0.3629,0.3191,0.318,1,2.65,3.2,3.1,,,,0.3815,,-0.5412,0.7652,-0.5072,-4,3,0,0.1715,0.0433,0,0,,,-0.0144,,,,,,,,,,,,,,,,,,pinnacle
spelad,L1,2018/19,2019-02-23,,Paris SG,Nimes,3,0,H,21,8,7,3,3.9635,0.6555,understat,,,,,,,,,,0.7866,0.1382,0.0752,0.7998,0.1296,0.0706,1,1.25,7.15,13.5,,,,0.7061,,-0.1185,-0.3309,0.0011,-5,,,,,0,0,,,0.0311,,,,,,,,,,,,,,,,,,pinnacle
spelad,L1,2018/19,2019-02-24,,Monaco,Lyon,2,0,H,11,9,5,3,0.8284,1.4556,understat,,,,,,,,,,0.2953,0.2677,0.437,0.3298,0.2766,0.3936,1,3.4,3.75,2.25,,,,0.5784,,-0.498,0.7083,-0.3958,-1,3,-1,0.0196,-0.2278,0,0,,,0.1124,,,,,,,,,,,,,,,,,,pinnacle
spelad,L1,2018/19,2019-02-24,,Montpellier,Reims,2,4,A,19,15,4,8,1.4898,1.9761,understat,,,,,,,,,,0.4116,0.3219,0.2665,0.4391,0.3304,0.2305,1,2.38,3.2,3.7,,,,0.3381,,-0.6782,0.5201,-0.8415,-3,,,,,0,0,,,0.0911,,,,,,,,,,,,,,,,,,pinnacle
spelad,L1,2018/19,2019-02-24,,Nantes,Bordeaux,1,0,H,19,7,8,2,2.0394,0.1563,understat,,,,,,,,,,0.4852,0.2827,0.2322,0.4315,0.3306,0.2379,1,2.06,3.45,4.33,,,,0.3904,,-0.9851,1.2352,-0.4146,4,3,-2,-0.8406,0.035,0,0,,,-0.1129,,,,,,,,,,,,,,,,,,pinnacle
spelad,L1,2018/19,2019-02-24,,Rennes,Marseille,1,1,D,16,9,3,2,1.0621,0.4646,understat,,,,,,,,,,0.3401,0.2888,0.3711,0.3414,0.2915,0.3671,1,2.97,3.55,2.63,,,,0.4895,,0.0371,-0.0612,0.2562,-1,3,0,0.5574,0.0965,0,0,,,0.0067,,,,,,,,,,,,,,,,,,pinnacle
spelad,L1,2018/19,2019-02-24,,Toulouse,Caen,1,1,D,12,13,8,4,1.3774,2.1237,understat,,,,,,,,,,0.5229,0.2702,0.2069,0.5403,0.2779,0.1818,1,1.91,3.6,5,,,,0.3875,,-0.0361,0.1124,0.4051,0,3,0,-0.0635,0.0099,0,0,,,0.06,,,,,,,,,,,,,,,,,,pinnacle
spelad,L1,2018/19,2019-03-02,,Angers,Monaco,2,2,D,13,12,4,5,1.1987,1.4867,understat,,,,,,,,,,0.29,0.2935,0.4165,0.2911,0.2885,0.4204,1,3.44,3.36,2.35,,,,0.4242,,-0.1128,-0.0343,0.298,1,3,-1,0.1139,-0.2527,0,0,,,-0.0017,,,,,,,,,,,,,,,,,,pinnacle
spelad,L1,2018/19,2019-03-02,,Caen,Paris SG,1,2,A,7,25,2,7,0.707,4.0402,understat,,,,,,,,,,0.089,0.1565,0.7545,0.0759,0.1279,0.7962,1,12,6.5,1.3,,,,0.6423,,-0.8325,1.023,-0.8457,-1,3,-2,-0.1022,0.1904,0,0,,,-0.0679,,,,,,,,,,,,,,,,,,pinnacle
spelad,L1,2018/19,2019-03-02,,Reims,Amiens,2,2,D,10,8,4,2,1.2123,2.0667,understat,,,,,,,,,,0.5342,0.2877,0.1781,0.4867,0.3213,0.192,1,1.85,3.47,5.5,,,,0.3601,,0.7477,-0.7917,0.7095,-1,,,,,0,0,,,-0.109,,,,,,,,,,,,,,,,,,pinnacle
spelad,L1,2018/19,2019-03-03,,Guingamp,Nantes,0,0,D,7,9,1,3,0.815,0.9257,understat,,,,,,,,,,0.3333,0.3191,0.3475,0.3082,0.3428,0.349,1,2.93,3.12,2.85,,,,0.3728,,0.5663,-0.2334,0.3354,1,3,-3,-1.08,-0.305,0,0,,,-0.0516,,,,,,,,,,,,,,,,,,pinnacle
spelad,L1,2018/19,2019-03-03,,Lille,Dijon,1,0,H,14,6,1,1,0.7554,0.2795,understat,,,,,,,,,,0.6425,0.2195,0.138,0.6019,0.2346,0.1634,1,1.55,4.42,7.5,,,,0.5079,,0.4973,-0.3306,0.9607,0,3,1,0.3425,-0.2572,0,0,,,-0.1066,,,,,,,,,,,,,,,,,,pinnacle
spelad,L1,2018/19,2019-03-03,,Lyon,Toulouse,5,1,H,21,5,10,2,3.7814,0.4459,understat,,,,,,,,,,0.7444,0.1635,0.0921,0.7684,0.1522,0.0794,1,1.35,6,11.5,,,,0.6305,,0.4548,0.2497,0.2498,0,3,2,0.332,0.1036,0,0,,,0.0607,,,,,,,,,,,,,,,,,,pinnacle
spelad,L1,2018/19,2019-03-03,,Marseille,St Etienne,2,0,H,12,7,7,2,2.5842,0.2267,understat,,,,,,,,,,0.541,0.2523,0.2067,0.5183,0.2684,0.2132,1,1.85,3.9,4.75,,,,0.5197,,0.061,-0.465,-0.3366,-2,3,0,-0.4236,0.0835,0,0,,,-0.0518,,,,,,,,,,,,,,,,,,pinnacle
spelad,L1,2018/19,2019-03-03,,Nice,Strasbourg,1,0,H,9,10,2,1,1.3761,0.3878,understat,,,,,,,,,,0.403,0.3208,0.2763,0.3936,0.3275,0.2789,1,2.45,3.07,3.6,,,,0.3494,,-0.0419,0.6065,-0.1579,-1,3,-2,-1.2024,0.0456,0,0,,,-0.0214,,,,,,,,,,,,,,,,,,pinnacle
spelad,L1,2018/19,2019-03-05,,Bordeaux,Montpellier,1,2,A,15,8,4,5,1.2022,2.0768,understat,,,,,,,,,,0.3856,0.3178,0.2966,0.395,0.323,0.282,1,2.6,3.07,3.38,,,,0.3486,,0.7177,-1.0604,0.2786,0,3,-1,-0.2313,-0.3126,0,0,,,0.0333,,,,,,,,,,,,,,,,,,pinnacle
spelad,L1,2018/19,2019-03-09,,Amiens,Nimes,2,1,H,21,14,6,2,2.3083,0.7565,understat,,,,,,,,,,0.3728,0.296,0.3311,0.3696,0.2975,0.333,1,2.62,3.35,3.1,,,,0.4107,,-0.7918,0.9681,-0.3032,-7,,,,,0,0,,,-0.0084,,,,,,,,,,,,,,,,,,pinnacle
spelad,L1,2018/19,2019-03-09,,Dijon,Reims,1,1,D,5,26,1,5,0.8295,2.8713,understat,,,,,,,,,,0.3168,0.3049,0.3782,0.3399,0.2947,0.3654,1,3.13,3.25,2.6,,,,0.3929,,-1.054,0.8313,-1.1794,-1,,,,,0,0,,,0.059,,,,,,,,,,,,,,,,,,pinnacle
spelad,L1,2018/19,2019-03-09,,Monaco,Bordeaux,1,1,D,16,9,9,3,0.7623,1.566,understat,,,,,,,,,,0.5893,0.231,0.1797,0.5564,0.2697,0.1739,1,1.7,4.21,5.75,,,,0.4961,,0.1187,0.7007,0.3326,3,3,1,0.4581,-0.2727,0,0,,,-0.06,,,,,,,,,,,,,,,,,,pinnacle
spelad,L1,2018/19,2019-03-09,,Strasbourg,Lyon,2,2,D,17,21,7,8,0.5904,3.3638,understat,,,,,,,,,,0.219,0.2437,0.5373,0.2373,0.2637,0.499,1,4.75,4,1.88,,,,0.5276,,0.0133,-0.7772,0.0148,0,3,-1,0.4253,-0.1928,0,0,,,0.0749,,,,,,,,,,,,,,,,,,pinnacle
spelad,L1,2018/19,2019-03-10,,Marseille,Nice,1,0,H,12,6,6,1,0.6677,0.5064,understat,,,,,,,,,,0.6293,0.2163,0.1543,0.635,0.2208,0.1442,1,1.57,4.5,7,,,,0.4789,,0.0795,-0.1638,0.0455,0,3,3,1.4691,-0.2659,0,0,,,0.0216,,,,,,,,,,,,,,,,,,pinnacle
spelad,L1,2018/19,2019-03-10,,Montpellier,Angers,2,2,D,8,12,4,6,1.1312,1.0937,understat,,,,,,,,,,0.4599,0.2964,0.2437,0.4829,0.2965,0.2207,1,2.2,3.29,4.15,,,,0.3719,,-0.4069,0.416,-0.45,-3,3,0,-0.1166,0.0132,0,0,,,0.069,,,,,,,,,,,,,,,,,,pinnacle
spelad,L1,2018/19,2019-03-10,,Rennes,Caen,3,1,H,11,6,6,1,1.893,0.1794,understat,,,,,,,,,,0.6002,0.25,0.1498,0.6552,0.2194,0.1254,1,1.65,4,7,,,,0.4326,,0.5194,0.1301,0.6551,6,3,0,-0.2312,0.0394,0,0,,,0.1343,,,,,,,,,,,,,,,,,,pinnacle
spelad,L1,2018/19,2019-03-10,,St Etienne,Lille,0,1,A,7,14,1,8,0.31,1.5667,understat,,,,,,,,,,0.3982,0.2921,0.3097,0.3629,0.3004,0.3367,1,2.5,3.39,3.2,,,,0.4607,,-0.4546,0.5508,-0.8427,0,3,-1,-0.4097,-0.2634,0,0,,,-0.0975,,,,,,,,,,,,,,,,,,pinnacle
spelad,L1,2018/19,2019-03-10,,Toulouse,Guingamp,1,0,H,19,4,4,0,1.6201,0.5087,understat,,,,,,,,,,0.4257,0.3028,0.2715,0.4432,0.2919,0.2649,1,2.3,3.3,3.7,,,,0.3875,,-0.13,-0.5003,-0.2188,0,3,2,0.9904,0.0718,0,0,,,0.0415,,,,,,,,,,,,,,,,,,pinnacle
spelad,L1,2018/19,2019-03-12,,Dijon,Paris SG,0,4,A,9,16,2,7,0.3375,2.7588,understat,,,,,,,,,,0.077,0.132,0.791,0.0712,0.1257,0.8031,1,15,7.8,1.22,,,,0.6907,,-0.7519,0.4319,-0.7792,-7,,,,,0,0,,,-0.0237,,,,,,,,,,,,,,,,,,pinnacle
spelad,L1,2018/19,2019-03-15,,Lille,Monaco,0,1,A,12,12,3,8,1.8246,2.0212,understat,,,,,,,,,,0.4682,0.2815,0.2503,0.4873,0.285,0.2277,1,2.13,3.48,4.1,,,,0.4531,,0.2057,-0.3176,1.0212,-1,3,-2,-0.3584,0.1147,0,0,,,0.0609,,,,,,,,,,,,,,,,,,pinnacle
spelad,L1,2018/19,2019-03-15,,Nice,Toulouse,1,1,D,10,18,2,3,0.6891,1.0592,understat,,,,,,,,,,0.4414,0.3039,0.2547,0.4221,0.3086,0.2693,1,2.22,3.25,4,,,,0.4097,,0.3304,-0.0811,0.267,0,3,0,-0.1272,0.0426,0,0,,,-0.0533,,,,,,,,,,,,,,,,,,pinnacle
spelad,L1,2018/19,2019-03-16,,Angers,Amiens,0,0,D,11,8,3,4,1.4162,0.5137,understat,,,,,,,,,,0.4581,0.304,0.238,0.4297,0.3157,0.2547,1,2.15,3.26,4.25,,,,0.3695,,0.202,-0.3381,0.0016,-1,3,2,0.7668,0.0219,0,0,,,-0.0735,,,,,,,,,,,,,,,,,,pinnacle
spelad,L1,2018/19,2019-03-16,,Caen,St Etienne,0,5,A,2,13,1,7,0.0268,2.3696,understat,,,,,,,,,,0.274,0.3038,0.4222,0.2878,0.3107,0.4015,1,3.7,3.26,2.32,,,,0.4036,,-0.2448,-0.2787,-0.217,0,3,-3,-0.9738,-0.2837,0,0,,,0.0484,,,,,,,,,,,,,,,,,,pinnacle
spelad,L1,2018/19,2019-03-16,,Guingamp,Dijon,1,0,H,14,12,2,4,1.2064,0.4158,understat,,,,,,,,,,0.4355,0.3078,0.2567,0.4578,0.3038,0.2384,1,2.25,3.21,4,,,,0.3728,,-0.0658,0.5347,0.0834,2,3,-1,-0.3848,-0.2872,0,0,,,0.0629,,,,,,,,,,,,,,,,,,pinnacle
spelad,L1,2018/19,2019-03-16,,Nimes,Strasbourg,2,2,D,15,6,4,2,2.3597,0.5486,understat,,,,,,,,,,0.4087,0.2907,0.3006,0.4014,0.2938,0.3048,1,2.46,3.36,3.3,,,,0.4404,,0.1911,0.1538,0.1055,0,,,,,0,0,,,-0.0189,,,,,,,,,,,,,,,,,,pinnacle
spelad,L1,2018/19,2019-03-17,,Bordeaux,Rennes,1,1,D,14,10,4,3,1.5215,0.8361,understat,,,,,,,,,,0.3612,0.3116,0.3272,0.3629,0.2994,0.3377,1,2.71,3.16,2.99,,,,0.385,,0.0385,-0.7332,-0.4468,1,3,-3,-1.4114,-0.301,0,0,,,-0.0072,,,,,,,,,,,,,,,,,,pinnacle
spelad,L1,2018/19,2019-03-17,,Lyon,Montpellier,3,2,H,23,10,13,4,2.6239,0.7396,understat,,,,,,,,,,0.664,0.202,0.1341,0.6541,0.2068,0.1391,1,1.5,4.9,8.5,,,,0.5846,,0.1374,0.3075,0.2077,1,3,0,-0.7419,0.7242,0,0,,,-0.0248,,,,,,,,,,,,,,,,,,pinnacle
spelad,L1,2018/19,2019-03-17,,Paris SG,Marseille,3,1,H,8,3,6,2,1.2355,0.189,understat,,,,,,,,,,0.7433,0.1584,0.0983,0.765,0.1454,0.0896,1,1.31,6.3,10.5,,,,0.6721,,-0.051,-0.0003,0.0353,-2,3,2,0.0794,0.1534,0,0,,,0.0522,,,,,,,,,,,,,,,,,,pinnacle
spelad,L1,2018/19,2019-03-17,,Reims,Nantes,1,0,H,10,7,2,1,0.5685,0.2903,understat,,,,,,,,,,0.4375,0.3097,0.2528,0.4206,0.3098,0.2696,1,2.25,3.18,4,,,,0.361,,0.9929,-1.0765,0.9623,-6,,,,,0,0,,,-0.0506,,,,,,,,,,,,,,,,,,pinnacle
spelad,L1,2018/19,2019-03-29,,Rennes,Lyon,0,1,A,12,18,2,5,1.342,1.9168,understat,,,,,,,,,,0.2607,0.2566,0.4827,0.2215,0.25,0.5285,1,4,3.9,2.1,,,,0.5795,,0.0317,-0.6306,-0.0078,0,3,1,1.2503,-0.2278,0,0,,,-0.1242,,,,,,,,,,,,,,,,,,pinnacle
spelad,L1,2018/19,2019-03-30,,Marseille,Angers,2,2,D,11,14,5,4,0.9699,2.185,understat,,,,,,,,,,0.6338,0.2298,0.1364,0.6464,0.2303,0.1234,1,1.56,4.25,7.5,,,,0.4764,,0.3472,0.1185,0.0941,-1,3,0,-0.875,0.7385,0,0,,,0.0381,,,,,,,,,,,,,,,,,,pinnacle
spelad,L1,2018/19,2019-03-31,,Amiens,Bordeaux,0,0,D,12,5,3,0,0.6632,0.5436,understat,,,,,,,,,,0.3576,0.3212,0.3212,0.3695,0.3178,0.3127,1,2.75,3.1,3.1,,,,0.361,,0.1186,0.6387,0.7899,1,3,0,0.6411,0.0696,0,0,,,0.0323,,,,,,,,,,,,,,,,,,pinnacle
spelad,L1,2018/19,2019-03-31,,Dijon,Nice,0,1,A,14,12,1,6,0.6165,0.7626,understat,,,,,,,,,,0.3757,0.3141,0.3101,0.4276,0.2946,0.2778,1,2.7,3.2,3.2,,,,0.3772,,-0.8279,0.3758,-0.9246,-1,3,1,0.9165,-0.2908,0,0,,,0.1362,,,,,,,,,,,,,,,,,,pinnacle
spelad,L1,2018/19,2019-03-31,,Monaco,Caen,0,1,A,24,7,6,2,1.5847,0.6148,understat,,,,,,,,,,0.7259,0.186,0.0881,0.6761,0.2158,0.108,1,1.4,5.5,11,,,,0.5288,,0.9104,-0.7006,0.9642,1,3,3,1.2671,-0.2602,0,0,,,-0.1194,,,,,,,,,,,,,,,,,,pinnacle
spelad,L1,2018/19,2019-03-31,,Nantes,Lille,2,3,A,8,10,2,3,1.8751,2.627,understat,,,,,,,,,,0.3189,0.3128,0.3683,0.3485,0.3078,0.3436,1,3.06,3.2,2.71,,,,0.3806,,-0.701,0.8248,-0.9024,-2,3,-2,-0.932,0.0403,0,0,,,0.0839,,,,,,,,,,,,,,,,,,pinnacle
spelad,L1,2018/19,2019-03-31,,Toulouse,Paris SG,0,1,A,9,10,3,4,1.1462,1.2176,understat,,,,,,,,,,0.0954,0.16,0.7446,0.1334,0.1976,0.669,1,11.5,6.55,1.31,,,,0.6423,,-0.7773,0.5016,-0.6587,2,3,-3,-0.2187,-0.1017,0,0,,,0.1517,,,,,,,,,,,,,,,,,,pinnacle
spelad,L1,2018/19,2019-04-01,,St Etienne,Nimes,2,1,H,14,15,9,6,2.2043,1.6628,understat,,,,,,,,,,0.5368,0.2524,0.2108,0.5425,0.2597,0.1978,1,1.82,3.92,4.85,,,,0.5302,,-0.2694,0.3088,-0.1697,0,,,,,0,0,,,0.0244,,,,,,,,,,,,,,,,,,pinnacle
spelad,L1,2018/19,2019-04-03,,Montpellier,Guingamp,2,0,H,17,8,7,3,2.2162,0.4898,understat,,,,,,,,,,0.5369,0.2769,0.1862,0.515,0.2914,0.1935,1,1.85,3.6,5.25,,,,0.4118,,0.0243,-0.074,-0.106,-1,3,0,-0.5659,0.6984,0,0,,,-0.0511,,,,,,,,,,,,,,,,,,pinnacle
spelad,L1,2018/19,2019-04-03,,Strasbourg,Reims,4,0,H,13,10,9,3,2.4694,0.997,understat,,,,,,,,,,0.3669,0.3089,0.3242,0.3311,0.3151,0.3539,1,2.75,3.2,3.4,,,,0.3772,,-0.6606,-0.0761,-1.2682,1,,,,,0,0,,,-0.1013,,,,,,,,,,,,,,,,,,pinnacle
spelad,L1,2018/19,2019-04-05,,Bordeaux,Marseille,2,0,H,7,20,7,5,1.5346,1.5251,understat,,,,,,,,,,0.267,0.29,0.443,0.2717,0.2947,0.4336,1,3.7,3.42,2.23,,,,0.4341,,-0.8726,0.1484,-0.7778,-1,3,-2,-0.7934,0.0614,0,0,,,0.0189,,,,,,,,,,,,,,,,,,pinnacle
spelad,L1,2018/19,2019-04-06,,Amiens,St Etienne,2,2,D,5,26,4,6,1.1614,2.0023,understat,,,,,,,,,,0.3265,0.3079,0.3656,0.2778,0.3037,0.4185,1,3.07,3.17,2.67,,,,0.4,,-0.2174,0.5294,0.2276,1,3,-2,-0.5487,0.0504,0,0,,,-0.1502,,,,,,,,,,,,,,,,,,pinnacle
spelad,L1,2018/19,2019-04-06,,Angers,Rennes,3,3,D,17,7,9,5,1.9736,2.1258,understat,,,,,,,,,,0.3424,0.304,0.3536,0.3421,0.2982,0.3598,1,2.87,3.25,2.85,,,,0.4036,,0.0931,-0.196,0.3827,-1,3,-3,-1.2151,-0.2889,0,0,,,-0.0068,,,,,,,,,,,,,,,,,,pinnacle
spelad,L1,2018/19,2019-04-06,,Guingamp,Monaco,1,1,D,11,18,2,5,0.5075,2.006,understat,,,,,,,,,,0.2543,0.2969,0.4488,0.2506,0.2918,0.4576,1,3.89,3.4,2.2,,,,0.4169,,-0.5409,0.5279,-0.3741,-3,3,1,1.1555,-0.2421,0,0,,,-0.0162,,,,,,,,,,,,,,,,,,pinnacle
spelad,L1,2018/19,2019-04-06,,Lyon,Dijon,1,3,A,27,8,6,4,3.7882,1.1788,understat,,,,,,,,,,0.7859,0.1389,0.0752,0.8031,0.1308,0.0661,1,1.26,7.25,15,,,,0.679,,0.567,0.2795,0.9686,2,3,2,0.1272,0.1396,0,0,,,0.0433,,,,,,,,,,,,,,,,,,pinnacle
spelad,L1,2018/19,2019-04-06,,Nimes,Caen,2,0,H,12,5,7,1,1.0838,0.1878,understat,,,,,,,,,,0.5741,0.2494,0.1764,0.5212,0.2678,0.211,1,1.75,3.95,5.55,,,,0.4686,,0.0018,-0.2149,0.0837,-1,,,,,0,0,,,-0.1404,,,,,,,,,,,,,,,,,,pinnacle
spelad,L1,2018/19,2019-04-07,,Nice,Montpellier,1,0,H,15,16,5,4,1.3882,0.5851,understat,,,,,,,,,,0.3484,0.3231,0.3285,0.3078,0.3199,0.3724,1,2.8,3.1,3.02,,,,0.3568,,0.409,-0.0651,0.2659,3,3,-1,-0.4206,-0.3086,0,0,,,-0.1252,,,,,,,,,,,,,,,,,,pinnacle
spelad,L1,2018/19,2019-04-07,,Paris SG,Strasbourg,2,2,D,21,9,6,4,2.6815,0.6202,understat,,,,,,,,,,0.8451,0.1009,0.0541,0.7816,0.1379,0.0805,1,1.15,11,25,,,,0.7554,,0.7544,0.5646,1.0027,3,3,0,-1.2153,0.209,0,0,,,-0.1533,,,,,,,,,,,,,,,,,,pinnacle
spelad,L1,2018/19,2019-04-07,,Reims,Lille,1,1,D,10,11,3,4,1.2538,0.9223,understat,,,,,,,,,,0.3299,0.315,0.3551,0.3576,0.3149,0.3276,1,3.12,3.11,2.75,,,,0.3772,,0.2018,0.1304,-0.0412,-3,,,,,0,0,,,0.0828,,,,,,,,,,,,,,,,,,pinnacle
spelad,L1,2018/19,2019-04-07,,Toulouse,Nantes,1,0,H,14,19,5,1,2.9172,0.7499,understat,,,,,,,,,,0.3783,0.3128,0.3089,0.3862,0.3141,0.2997,1,2.6,3.19,3.22,,,,0.3894,,-0.1061,-0.0573,0.0271,0,3,-2,-0.7557,0.0337,0,0,,,0.0249,,,,,,,,,,,,,,,,,,pinnacle
spelad,L1,2018/19,2019-04-09,,Nimes,Rennes,3,1,H,19,8,8,3,1.4484,0.8168,understat,,,,,,,,,,0.3472,0.2819,0.3709,0.3524,0.2914,0.3562,1,2.81,3.47,2.7,,,,0.4974,,0.2431,-0.5405,0.1344,0,,,,,0,0,,,0.0251,,,,,,,,,,,,,,,,,,pinnacle
spelad,L1,2018/19,2019-04-12,,Dijon,Amiens,0,0,D,18,4,5,1,1.3176,0.2058,understat,,,,,,,,,,0.3983,0.3078,0.2939,0.3906,0.308,0.3014,1,2.47,3.23,3.43,,,,0.3875,,-0.2428,-0.3388,-0.8732,0,3,-2,-1.0084,0.0351,0,0,,,-0.0228,,,,,,,,,,,,,,,,,,pinnacle
spelad,L1,2018/19,2019-04-12,,Nantes,Lyon,2,1,H,14,11,5,4,1.0726,1.1691,understat,,,,,,,,,,0.2324,0.2577,0.5099,0.2297,0.2536,0.5167,1,4.3,4,1.92,,,,0.5431,,0.1295,-0.9646,-0.022,-1,3,-1,0.0239,0.4692,0,0,,,-0.0124,,,,,,,,,,,,,,,,,,pinnacle
spelad,L1,2018/19,2019-04-13,,Caen,Angers,0,1,A,8,13,2,5,0.5153,1.2044,understat,,,,,,,,,,0.3069,0.3178,0.3753,0.2769,0.3135,0.4096,1,3.18,3.11,2.7,,,,0.371,,0.1389,0.095,-0.4114,0,3,-2,-0.7881,0.0302,0,0,,,-0.0941,,,,,,,,,,,,,,,,,,pinnacle
spelad,L1,2018/19,2019-04-13,,Marseille,Nimes,2,1,H,14,8,4,3,1.2573,0.9983,understat,,,,,,,,,,0.6141,0.218,0.1679,0.691,0.1982,0.1108,1,1.62,4.5,6.2,,,,0.5784,,0.1923,0.3591,-0.3449,4,,,,,0,0,,,0.2108,,,,,,,,,,,,,,,,,,pinnacle
spelad,L1,2018/19,2019-04-13,,Monaco,Reims,0,0,D,27,10,6,3,1.6214,0.5686,understat,,,,,,,,,,0.5015,0.2861,0.2124,0.5256,0.2739,0.2005,1,1.95,3.55,4.72,,,,0.4242,,-0.0652,-0.1702,-0.1718,1,,,,,0,0,,,0.0602,,,,,,,,,,,,,,,,,,pinnacle
spelad,L1,2018/19,2019-04-13,,Strasbourg,Guingamp,3,3,D,11,15,6,5,1.6802,2.271,understat,,,,,,,,,,0.4822,0.297,0.2209,0.499,0.2804,0.2206,1,2.15,3.4,4.41,,,,0.3885,,0.1941,-1.0805,-0.1127,-1,3,-2,-0.8309,0.0448,0,0,,,0.0338,,,,,,,,,,,,,,,,,,pinnacle
spelad,L1,2018/19,2019-04-14,,Lille,Paris SG,5,1,H,15,10,6,5,1.9865,1.2792,understat,,,,,,,,,,0.2136,0.2435,0.5429,0.1862,0.2486,0.5652,1,4.71,4.05,1.81,,,,0.5784,,-0.2225,0.0177,-0.0253,0,3,-3,-0.2472,-0.1032,0,0,,,-0.077,,,,,,,,,,,,,,,,,,pinnacle
spelad,L1,2018/19,2019-04-14,,Montpellier,Toulouse,2,1,H,16,6,5,2,2.0244,0.2144,understat,,,,,,,,,,0.5099,0.2864,0.2037,0.505,0.2809,0.2142,1,1.91,3.5,4.91,,,,0.4143,,0.1637,-0.3099,-0.1579,0,3,1,0.4989,-0.3015,0,0,,,-0.0203,,,,,,,,,,,,,,,,,,pinnacle
spelad,L1,2018/19,2019-04-14,,Rennes,Nice,0,0,D,14,7,7,2,1.0621,0.4825,understat,,,,,,,,,,0.5259,0.2756,0.1985,0.4961,0.2868,0.217,1,1.91,3.6,5,,,,0.4169,,-0.8197,0.4249,-0.7717,-2,3,-2,-0.9111,0.0548,0,0,,,-0.078,,,,,,,,,,,,,,,,,,pinnacle
spelad,L1,2018/19,2019-04-14,,St Etienne,Bordeaux,3,0,H,14,5,6,1,2.1307,0.64,understat,,,,,,,,,,0.5495,0.258,0.1926,0.622,0.2338,0.1442,1,1.8,3.8,5.31,,,,0.4698,,0.1006,0.0433,0.2552,-1,3,-3,-1.2926,-0.2854,0,0,,,0.1935,,,,,,,,,,,,,,,,,,pinnacle
spelad,L1,2018/19,2019-04-17,,Nantes,Paris SG,3,2,H,15,9,8,6,1.9884,0.6059,understat,,,,,,,,,,0.2153,0.2285,0.5562,0.2545,0.2678,0.4778,1,4.75,4.4,1.76,,,,0.6278,,-0.1304,-0.4703,-0.0014,2,3,-3,-0.3102,-0.1222,0,0,,,0.1567,,,,,,,,,,,,,,,,,,pinnacle
spelad,L1,2018/19,2019-04-19,,Dijon,Rennes,3,2,H,12,10,10,4,1.0751,0.8682,understat,,,,,,,,,,0.3429,0.2926,0.3646,0.3389,0.2871,0.374,1,2.91,3.35,2.7,,,,0.4555,,0.3774,-0.7403,0.182,2,3,0,0.3877,0.0751,0,0,,,-0.0172,,,,,,,,,,,,,,,,,,pinnacle
spelad,L1,2018/19,2019-04-19,,Lyon,Angers,2,1,H,24,11,11,3,2.8898,0.448,understat,,,,,,,,,,0.7363,0.1701,0.0936,0.729,0.171,0.1001,1,1.35,6.05,10.5,,,,0.62,,-0.1767,1.088,-0.5469,1,3,1,-0.1857,0.4164,0,0,,,-0.021,,,,,,,,,,,,,,,,,,pinnacle
spelad,L1,2018/19,2019-04-20,,Guingamp,Marseille,1,3,A,9,15,3,6,0.9925,2.3887,understat,,,,,,,,,,0.2285,0.2749,0.4966,0.2287,0.2792,0.4921,1,4.5,3.6,1.96,,,,0.4315,,-0.3296,-0.0011,0.087,0,3,-2,-0.2672,0.1438,0,0,,,0.005,,,,,,,,,,,,,,,,,,pinnacle
spelad,L1,2018/19,2019-04-20,,Nice,Caen,0,1,A,21,7,8,2,2.4317,0.337,understat,,,,,,,,,,0.5314,0.2947,0.174,0.5893,0.2739,0.1368,1,1.85,3.48,5.6,,,,0.3643,,0.2861,-0.1401,0.4269,-1,3,1,0.0861,0.3827,0,0,,,0.1531,,,,,,,,,,,,,,,,,,pinnacle
spelad,L1,2018/19,2019-04-20,,Nimes,Bordeaux,2,1,H,8,11,2,2,1.2151,1.2133,understat,,,,,,,,,,0.4434,0.2929,0.2636,0.4794,0.2659,0.2547,1,2.21,3.42,3.75,,,,0.4442,,0.2028,-0.3051,0.3779,1,,,,,0,0,,,0.0808,,,,,,,,,,,,,,,,,,pinnacle
spelad,L1,2018/19,2019-04-20,,Strasbourg,Montpellier,1,3,A,6,20,1,7,0.2966,2.3259,understat,,,,,,,,,,0.3656,0.2967,0.3377,0.3277,0.308,0.3643,1,2.7,3.29,3.03,,,,0.4264,,0.3779,-1.6125,0.0131,1,3,0,-0.074,0.6958,0,0,,,-0.1024,,,,,,,,,,,,,,,,,,pinnacle
spelad,L1,2018/19,2019-04-21,,Nantes,Amiens,3,2,H,10,8,4,4,1.3111,0.4935,understat,,,,,,,,,,0.4916,0.3081,0.2003,0.4783,0.3049,0.2168,1,2.05,3.35,5,,,,0.3762,,-0.0155,-0.1021,-0.1794,-5,3,1,0.3791,-0.3013,0,0,,,-0.0433,,,,,,,,,,,,,,,,,,pinnacle
spelad,L1,2018/19,2019-04-21,,Paris SG,Monaco,3,1,H,10,15,5,4,2.5463,0.927,understat,,,,,,,,,,0.6412,0.1936,0.1652,0.7458,0.1522,0.1021,1,1.55,5.05,6.5,,,,0.6675,,0.0748,0.4474,-0.2526,-4,3,3,0.5867,-0.1427,0,0,,,0.2724,,,,,,,,,,,,,,,,,,pinnacle
spelad,L1,2018/19,2019-04-21,,Reims,St Etienne,0,2,A,8,14,1,3,0.598,1.7424,understat,,,,,,,,,,0.371,0.3059,0.3231,0.3539,0.2997,0.3464,1,2.7,3.2,3.11,,,,0.3939,,0.1438,0.4311,0.0913,1,,,,,0,0,,,-0.0575,,,,,,,,,,,,,,,,,,pinnacle
spelad,L1,2018/19,2019-04-21,,Toulouse,Lille,0,0,D,10,16,2,4,0.5093,1.0789,understat,,,,,,,,,,0.2769,0.2841,0.439,0.283,0.2888,0.4282,1,3.75,3.43,2.26,,,,0.4416,,-0.5425,0.741,-0.5447,0,3,-1,-0.0852,-0.2744,0,0,,,0.023,,,,,,,,,,,,,,,,,,pinnacle
spelad,L1,2018/19,2019-04-26,,Bordeaux,Lyon,2,3,A,10,18,2,5,0.9198,2.4407,understat,,,,,,,,,,0.1976,0.2337,0.5686,0.1847,0.2323,0.5829,1,5.25,4.2,1.73,,,,0.5584,,0.2561,-1.4018,0.0735,-1,3,1,0.8599,0.4275,0,0,,,-0.0401,,,,,,,,,,,,,,,,,,pinnacle
spelad,L1,2018/19,2019-04-28,,Amiens,Strasbourg,0,0,D,8,7,1,1,0.4959,0.33,understat,,,,,,,,,,0.4542,0.2782,0.2676,0.3918,0.3126,0.2956,1,2.2,3.51,3.8,,,,0.4315,,-0.2666,1.2338,0.3654,-1,3,1,0.901,-0.299,0,0,,,-0.153,,,,,,,,,,,,,,,,,,pinnacle
spelad,L1,2018/19,2019-04-28,,Angers,Reims,1,1,D,10,5,5,4,0.6915,0.2847,understat,,,,,,,,,,0.3681,0.3057,0.3262,0.4149,0.2991,0.286,1,2.7,3.23,3.01,,,,0.401,,-0.3869,-0.1269,-0.0212,2,,,,,0,0,,,0.134,,,,,,,,,,,,,,,,,,pinnacle
spelad,L1,2018/19,2019-04-28,,Caen,Dijon,1,0,H,14,12,2,3,1.3218,0.5639,understat,,,,,,,,,,0.3388,0.3012,0.3601,0.3042,0.3129,0.3829,1,2.9,3.24,2.8,,,,0.401,,0.2176,0.1092,0.1088,-1,3,1,0.6842,-0.2862,0,0,,,-0.0921,,,,,,,,,,,,,,,,,,pinnacle
spelad,L1,2018/19,2019-04-28,,Lille,Nimes,5,0,H,14,8,8,3,2.4414,0.9157,understat,,,,,,,,,,0.6473,0.2102,0.1426,0.6781,0.2141,0.1079,1,1.55,4.62,7,,,,0.5393,,0.2221,-0.0845,0.3653,-1,,,,,0,0,,,0.0963,,,,,,,,,,,,,,,,,,pinnacle
spelad,L1,2018/19,2019-04-28,,Marseille,Nantes,1,2,A,17,14,2,6,1.4298,1.4101,understat,,,,,,,,,,0.6412,0.2166,0.1422,0.6424,0.2141,0.1435,1,1.55,4.47,7.5,,,,0.4908,,0.2062,-0.0743,-0.2668,1,3,0,-0.3611,0.0607,0,0,,,0.001,,,,,,,,,,,,,,,,,,pinnacle
spelad,L1,2018/19,2019-04-28,,Nice,Guingamp,3,0,H,15,14,5,3,2.4726,0.5533,understat,,,,,,,,,,0.4556,0.3145,0.2299,0.4242,0.3178,0.2581,1,2.14,3.25,4.24,,,,0.3762,,-0.1273,0.3287,0.112,0,3,2,0.772,0.0418,0,0,,,-0.091,,,,,,,,,,,,,,,,,,pinnacle
spelad,L1,2018/19,2019-04-28,,St Etienne,Toulouse,2,0,H,14,12,7,3,1.9809,1.557,understat,,,,,,,,,,0.6462,0.208,0.1458,0.6467,0.222,0.1313,1,1.55,4.66,7,,,,0.5366,,0.4202,-0.8378,0.4899,0,3,2,1.0107,0.0362,0,0,,,0.0155,,,,,,,,,,,,,,,,,,pinnacle
spelad,L1,2018/19,2019-04-30,,Montpellier,Paris SG,3,2,H,15,8,9,3,2.0117,1.6171,understat,,,,,,,,,,0.2474,0.2487,0.5039,0.1985,0.2373,0.5642,1,4.33,3.95,1.95,,,,0.5784,,-0.0925,-0.2699,0.4447,1,3,-2,0.0059,0.1957,0,0,,,-0.1583,,,,,,,,,,,,,,,,,,pinnacle
spelad,L1,2018/19,2019-05-01,,Rennes,Monaco,2,2,D,10,16,4,5,1.7907,0.9697,understat,,,,,,,,,,0.307,0.261,0.432,0.2893,0.2754,0.4353,1,3.5,3.74,2.3,,,,0.4908,,-0.3534,0.2486,-0.3386,2,3,0,0.4202,0.084,0,0,,,-0.0387,,,,,,,,,,,,,,,,,,pinnacle
spelad,L1,2018/19,2019-05-03,,Strasbourg,Marseille,1,1,D,7,13,4,2,1.2918,1.7959,understat,,,,,,,,,,0.2462,0.2664,0.4874,0.2615,0.2827,0.4558,1,4.19,3.7,2.05,,,,0.5157,,0.0982,-1.3588,-0.0009,0,3,-2,-0.3232,0.1131,0,0,,,0.0623,,,,,,,,,,,,,,,,,,pinnacle
spelad,L1,2018/19,2019-05-04,,Bordeaux,Angers,0,1,A,10,9,2,1,0.4418,0.7365,understat,,,,,,,,,,0.4003,0.3169,0.2828,0.3798,0.3022,0.318,1,2.45,3.2,3.5,,,,0.4216,,-0.1005,0.1496,-0.2911,2,3,1,0.2287,0.3613,0,0,,,-0.0762,,,,,,,,,,,,,,,,,,pinnacle
spelad,L1,2018/19,2019-05-04,,Guingamp,Caen,0,0,D,10,1,1,0,0.3806,0.0263,understat,,,,,,,,,,0.51,0.2721,0.2179,0.5102,0.2918,0.1981,1,1.93,3.58,4.76,,,,0.3738,,-0.701,0.4876,-0.6658,0,3,0,-0.3215,0.6997,0,0,,,0.0202,,,,,,,,,,,,,,,,,,pinnacle
spelad,L1,2018/19,2019-05-04,,Paris SG,Nice,1,1,D,17,8,5,2,2.563,1.0714,understat,,,,,,,,,,0.7705,0.1458,0.0837,0.8245,0.1068,0.0687,1,1.28,7.1,16,,,,0.735,,-0.1425,0.1119,-0.9937,-2,3,3,0.5477,-0.142,0,0,,,0.1229,,,,,,,,,,,,,,,,,,pinnacle
spelad,L1,2018/19,2019-05-04,,Reims,Nimes,0,3,A,8,15,2,5,0.3712,1.8397,understat,,,,,,,,,,0.489,0.2837,0.2273,0.4867,0.2838,0.2296,1,2.01,3.55,4.28,,,,0.4842,,-0.0111,0.0323,-0.4128,0,,,,,0,0,,,-0.0068,,,,,,,,,,,,,,,,,,pinnacle
spelad,L1,2018/19,2019-05-05,,Lyon,Lille,2,2,D,20,13,8,6,1.6705,1.9098,understat,,,,,,,,,,0.5745,0.2328,0.1926,0.6269,0.2067,0.1664,1,1.73,4.25,5.1,,,,0.6131,,-0.699,2.0597,-0.6928,2,3,-1,-1.2216,0.4289,0,0,,,0.131,,,,,,,,,,,,,,,,,,pinnacle
spelad,L1,2018/19,2019-05-05,,Monaco,St Etienne,2,3,A,13,8,5,3,2.4424,0.724,understat,,,,,,,,,,0.413,0.2565,0.3304,0.4518,0.2568,0.2913,1,2.47,3.8,3,,,,0.5419,,-0.8256,1.199,-0.9245,-3,3,1,0.4057,-0.2472,0,0,,,0.1167,,,,,,,,,,,,,,,,,,pinnacle
spelad,L1,2018/19,2019-05-05,,Montpellier,Amiens,1,1,D,13,4,4,1,0.5573,0.1849,understat,,,,,,,,,,0.5549,0.2569,0.1882,0.5423,0.2773,0.1804,1,1.8,3.8,5.5,,,,0.4453,,0.3756,0.0208,0.7201,-2,3,1,-0.0104,0.362,0,0,,,-0.0175,,,,,,,,,,,,,,,,,,pinnacle
spelad,L1,2018/19,2019-05-05,,Nantes,Dijon,3,0,H,22,8,5,3,1.7432,0.3505,understat,,,,,,,,,,0.5077,0.2708,0.2215,0.4868,0.2727,0.2404,1,1.95,3.6,4.5,,,,0.4543,,0.201,0.1807,0.549,0,3,-2,-1.2533,0.0626,0,0,,,-0.0606,,,,,,,,,,,,,,,,,,pinnacle
spelad,L1,2018/19,2019-05-05,,Toulouse,Rennes,2,2,D,19,11,4,3,1.7182,1.9313,understat,,,,,,,,,,0.4199,0.284,0.2961,0.4295,0.2794,0.2911,1,2.4,3.45,3.3,,,,0.4777,,0.3465,0.0338,0.5752,3,3,0,0.1854,0.054,0,0,,,0.0243,,,,,,,,,,,,,,,,,,pinnacle
spelad,L1,2018/19,2019-05-10,,St Etienne,Montpellier,0,1,A,16,11,5,4,0.7688,1.5402,understat,,,,,,,,,,0.555,0.2523,0.1927,0.541,0.2569,0.202,1,1.8,4.05,5.05,,,,0.5558,,0.6265,-1.1092,0.4367,0,3,0,-0.0089,0.0313,0,0,,,-0.0373,,,,,,,,,,,,,,,,,,pinnacle
spelad,L1,2018/19,2019-05-11,,Amiens,Toulouse,0,0,D,19,7,3,2,0.7356,0.3572,understat,,,,,,,,,,0.4081,0.3187,0.2732,0.4397,0.3041,0.2562,1,2.4,3.2,3.63,,,,0.385,,0.312,-0.5961,-0.0587,0,3,0,0.2057,0.0228,0,0,,,0.0802,,,,,,,,,,,,,,,,,,pinnacle
spelad,L1,2018/19,2019-05-11,,Angers,Paris SG,1,2,A,14,9,4,4,2.0263,1.2106,understat,,,,,,,,,,0.1728,0.2088,0.6184,0.1653,0.2138,0.6209,1,6.5,4.75,1.6,,,,0.6375,,0.149,-0.6161,1.0464,0,3,-3,-0.2558,-0.1025,0,0,,,-0.0174,,,,,,,,,,,,,,,,,,pinnacle
spelad,L1,2018/19,2019-05-11,,Caen,Reims,3,2,H,14,15,10,4,1.0647,1.6328,understat,,,,,,,,,,0.3755,0.3232,0.3013,0.3306,0.3284,0.341,1,2.6,3.18,3.3,,,,0.3652,,0.8047,-0.8012,0.8393,0,,,,,0,0,,,-0.1294,,,,,,,,,,,,,,,,,,pinnacle
spelad,L1,2018/19,2019-05-11,,Dijon,Strasbourg,2,1,H,13,17,6,8,1.2944,2.2098,understat,,,,,,,,,,0.4845,0.2683,0.2472,0.4731,0.2677,0.2592,1,2.05,3.65,4,,,,0.4698,,-0.3469,1.333,-0.1622,-2,3,-2,-0.8769,0.0601,0,0,,,-0.0349,,,,,,,,,,,,,,,,,,pinnacle
spelad,L1,2018/19,2019-05-11,,Nice,Nantes,1,1,D,8,13,2,3,1.8569,2.4763,understat,,,,,,,,,,0.3713,0.3032,0.3255,0.3655,0.3059,0.3286,1,2.63,3.29,3.16,,,,0.4326,,-0.445,0.3852,-0.3382,1,3,2,1.0581,0.04,0,0,,,-0.0146,,,,,,,,,,,,,,,,,,pinnacle
spelad,L1,2018/19,2019-05-11,,Nimes,Monaco,1,0,H,12,12,4,5,1.5884,0.6185,understat,,,,,,,,,,0.2811,0.2587,0.4601,0.2521,0.2463,0.5016,1,3.55,3.9,2.13,,,,0.5758,,0.7075,-0.4637,1.1303,1,,,,,0,0,,,-0.0995,,,,,,,,,,,,,,,,,,pinnacle
spelad,L1,2018/19,2019-05-12,,Lille,Bordeaux,1,0,H,6,5,4,1,0.9785,0.56,understat,,,,,,,,,,0.6814,0.1983,0.1203,0.6218,0.2395,0.1388,1,1.45,5,8.5,,,,0.5747,,0.5959,-0.9436,0.8052,-1,3,-2,-0.8074,0.0454,0,0,,,-0.1377,,,,,,,,,,,,,,,,,,pinnacle
spelad,L1,2018/19,2019-05-12,,Marseille,Lyon,0,3,A,17,15,6,5,1.2122,1.6209,understat,,,,,,,,,,0.3208,0.2438,0.4354,0.3308,0.2522,0.417,1,3.13,4,2.26,,,,0.6131,,0.4233,-1.1991,-0.0734,2,3,-3,-1.2974,-0.2606,0,0,,,0.0383,,,,,,,,,,,,,,,,,,pinnacle
spelad,L1,2018/19,2019-05-12,,Rennes,Guingamp,1,1,D,7,23,4,9,1.2366,3.0185,understat,,,,,,,,,,0.4875,0.2559,0.2566,0.5325,0.2424,0.2251,1,2.04,3.81,4.05,,,,0.5105,,-0.5134,0.3229,-0.2429,-1,3,-3,-1.4578,-0.2858,0,0,,,0.1216,,,,,,,,,,,,,,,,,,pinnacle
spelad,L1,2018/19,2019-05-18,,Bordeaux,Reims,0,1,A,13,9,4,2,0.5994,1.7622,understat,,,,,,,,,,0.408,0.2991,0.2928,0.4357,0.2931,0.2711,1,2.4,3.3,3.36,,,,0.4175,,-0.2267,-0.348,0.1863,-1,,,,,0,0,,,0.0772,,,,,,,,,,,,,,,,,,pinnacle
spelad,L1,2018/19,2019-05-18,,Guingamp,Nimes,2,2,D,18,21,9,4,2.2466,2.282,understat,,,,,,,,,,0.3631,0.2654,0.3714,0.4184,0.2731,0.3085,1,2.8,3.68,2.65,,,,0.5419,,-0.603,0.417,-1.069,-1,,,,,0,0,,,0.1735,,,,,,,,,,,,,,,,,,pinnacle
spelad,L1,2018/19,2019-05-18,,Lille,Angers,5,0,H,18,13,12,3,2.707,1.4112,understat,,,,,,,,,,0.622,0.2262,0.1518,0.5927,0.2359,0.1714,1,1.6,4.35,7,,,,0.5263,,0.5516,-1.0057,0.2787,-1,3,-2,-0.9671,0.0318,0,0,,,-0.0782,,,,,,,,,,,,,,,,,,pinnacle
spelad,L1,2018/19,2019-05-18,,Lyon,Caen,4,0,H,16,7,8,2,3.314,0.227,understat,,,,,,,,,,0.8008,0.1315,0.0678,0.7737,0.1465,0.0797,1,1.23,7.65,15,,,,0.6767,,-0.8916,1.0568,-0.6754,-1,3,2,0.2519,0.111,0,0,,,-0.0661,,,,,,,,,,,,,,,,,,pinnacle
spelad,L1,2018/19,2019-05-18,,Monaco,Amiens,2,0,H,10,9,3,3,0.8536,0.9201,understat,,,,,,,,,,0.5962,0.2429,0.1609,0.6033,0.241,0.1557,1,1.7,4,6.1,,,,0.4698,,-0.6908,1.0509,-0.4238,0,3,1,-0.3122,0.4396,0,0,,,0.0195,,,,,,,,,,,,,,,,,,pinnacle
spelad,L1,2018/19,2019-05-18,,Montpellier,Nantes,1,1,D,16,10,2,2,0.5071,0.7305,understat,,,,,,,,,,0.5209,0.251,0.2281,0.5124,0.2653,0.2223,1,1.88,3.9,4.4,,,,0.5302,,-0.2051,0.405,-0.0931,1,3,-1,-0.3001,-0.309,0,0,,,-0.011,,,,,,,,,,,,,,,,,,pinnacle
spelad,L1,2018/19,2019-05-18,,Paris SG,Dijon,4,0,H,17,13,7,3,3.6021,0.5847,understat,,,,,,,,,,0.7439,0.1535,0.1026,0.804,0.1193,0.0768,1,1.32,6.5,12,,,,0.6937,,-0.3832,0.9046,-0.8071,0,3,3,0.3234,-0.0922,0,0,,,0.1459,,,,,,,,,,,,,,,,,,pinnacle
spelad,L1,2018/19,2019-05-18,,St Etienne,Nice,3,0,H,11,19,5,5,2.0833,0.868,understat,,,,,,,,,,0.6069,0.2269,0.1663,0.5883,0.2339,0.1778,1,1.63,4.36,6,,,,0.5433,,0.5308,-0.826,0.3322,1,3,0,0.1884,0.0411,0,0,,,-0.0486,,,,,,,,,,,,,,,,,,pinnacle
spelad,L1,2018/19,2019-05-18,,Strasbourg,Rennes,0,2,A,19,11,6,6,1.6196,0.9134,understat,,,,,,,,,,0.4219,0.2627,0.3154,0.4319,0.2696,0.2985,1,2.38,3.75,3.25,,,,0.5471,,0.6367,-1.0432,0.587,1,3,1,0.8895,-0.2718,0,0,,,0.0369,,,,,,,,,,,,,,,,,,pinnacle
spelad,L1,2018/19,2019-05-18,,Toulouse,Marseille,2,5,A,19,21,5,8,1.9512,2.3178,understat,,,,,,,,,,0.2943,0.2784,0.4273,0.302,0.2811,0.4169,1,3.4,3.55,2.32,,,,0.5013,,-0.0556,-0.3035,0.4671,1,3,-3,-0.7105,-0.2393,0,0,,,0.0258,,,,,,,,,,,,,,,,,,pinnacle
spelad,L1,2018/19,2019-05-24,,Amiens,Guingamp,2,1,H,19,16,9,4,2.9567,1.2187,understat,,,,,,,,,,0.6255,0.2365,0.1381,0.6187,0.2346,0.1467,1,1.57,4.4,7.6,,,,0.4789,,0.1335,-0.3204,0.1018,0,3,2,1.2536,0.0292,0,0,,,-0.0222,,,,,,,,,,,,,,,,,,pinnacle
spelad,L1,2018/19,2019-05-24,,Angers,St Etienne,1,1,D,14,15,5,4,1.6773,1.2003,understat,,,,,,,,,,0.374,0.259,0.367,0.4538,0.2515,0.2948,1,2.7,3.77,2.69,,,,0.5959,,-1.0278,1.5456,-0.5176,0,3,-2,-0.7455,0.0339,0,0,,,0.2317,,,,,,,,,,,,,,,,,,pinnacle
spelad,L1,2018/19,2019-05-24,,Caen,Bordeaux,0,1,A,14,12,1,5,1.0044,1.7141,understat,,,,,,,,,,0.5533,0.2653,0.1813,0.4627,0.3032,0.2341,1,1.79,3.7,5.4,,,,0.4326,,1.3157,-0.7377,1.3075,0,3,2,1.424,0.0598,0,0,,,-0.234,,,,,,,,,,,,,,,,,,pinnacle
spelad,L1,2018/19,2019-05-24,,Dijon,Toulouse,2,1,H,12,13,6,3,1.0448,0.3975,understat,,,,,,,,,,0.638,0.2046,0.1574,0.661,0.1847,0.1542,1,1.55,4.74,6.5,,,,0.6185,,0.7544,-0.8568,0.4241,0,3,2,1.1315,0.0485,0,0,,,0.0493,,,,,,,,,,,,,,,,,,pinnacle
spelad,L1,2018/19,2019-05-24,,Marseille,Montpellier,1,0,H,10,14,3,4,1.3547,0.4848,understat,,,,,,,,,,0.5105,0.2408,0.2487,0.5165,0.2529,0.2306,1,1.92,4.2,4.1,,,,0.6115,,-0.3609,0.1043,-1.0608,0,3,-1,-0.9789,0.3835,0,0,,,0.0301,,,,,,,,,,,,,,,,,,pinnacle
spelad,L1,2018/19,2019-05-24,,Nantes,Strasbourg,0,1,A,21,5,1,1,1.401,0.8852,understat,,,,,,,,,,0.5686,0.2326,0.1988,0.4849,0.262,0.2531,1,1.75,4.25,5.5,,,,0.5835,,0.8642,-0.3238,1.2631,0,3,3,1.6078,-0.2816,0,0,,,-0.2217,,,,,,,,,,,,,,,,,,pinnacle
spelad,L1,2018/19,2019-05-24,,Nice,Monaco,2,0,H,8,11,2,4,1.2553,1.4711,understat,,,,,,,,,,0.2948,0.2772,0.428,0.2856,0.2815,0.4329,1,3.5,3.55,2.3,,,,0.4855,,0.8255,-0.5882,1.2237,0,3,1,0.7351,0.4025,0,0,,,-0.0233,,,,,,,,,,,,,,,,,,pinnacle
spelad,L1,2018/19,2019-05-24,,Nimes,Lyon,2,3,A,17,19,8,8,1.6161,1.4558,understat,,,,,,,,,,0.2997,0.2364,0.4639,0.2518,0.2215,0.5267,1,3.4,4.32,2.11,,,,0.7429,,0.4488,-0.5352,0.9313,0,,,,,0,0,,,-0.1587,,,,,,,,,,,,,,,,,,pinnacle
spelad,L1,2018/19,2019-05-24,,Reims,Paris SG,3,1,H,10,13,6,2,0.8638,1.4158,understat,,,,,,,,,,0.1667,0.1874,0.6459,0.1467,0.1714,0.6819,1,6.5,5.3,1.5,,,,0.7058,,-0.0248,0.2035,0.2845,0,,,,,0,0,,,-0.0761,,,,,,,,,,,,,,,,,,pinnacle
spelad,L1,2018/19,2019-05-24,,Rennes,Lille,3,1,H,13,14,8,7,2.0989,1.0264,understat,,,,,,,,,,0.3696,0.2508,0.3796,0.4167,0.2593,0.324,1,2.8,3.9,2.62,,,,0.6131,,-0.7558,1.2829,-1.1416,0,3,1,0.5989,-0.297,0,0,,,0.15,,,,,,,,,,,,,,,,,,pinnacle
spelad,L1,2019/20,2019-08-09,,Monaco,Lyon,0,3,A,7,13,1,3,0.5632,0.833,understat,,,,,,,,,,0.3289,0.2718,0.3993,0.2888,0.2667,0.4445,1,3,3.6,2.52,3.5,3.66,2.36,0.5103,0.5308,-0.7136,0.2805,-0.7508,,4,0,0.4482,-0.24,0,0,,,-0.1253,-0.0042,,,,,,,,,,,,,,,,,pinnacle
spelad,L1,2019/20,2019-08-10,,Angers,Bordeaux,3,1,H,14,8,4,3,1.524,1.2951,understat,,,,,,,,,,0.415,0.2952,0.2899,0.4624,0.2997,0.238,1,2.47,3.29,3.37,2.14,3.3,4.2,0.3931,0.3628,0.0246,0.3705,0.2607,,4,0,-0.0065,0.1954,0,0,,,0.1466,-0.0113,,,,,,,,,,,,,,,,,pinnacle
spelad,L1,2019/20,2019-08-10,,Brest,Toulouse,1,1,D,16,13,5,3,2.3297,1.4278,understat,,,,,,,,,,0.4016,0.2918,0.3066,0.4626,0.2824,0.255,1,2.46,3.42,3.22,2.16,3.48,3.92,0.4478,0.4641,,,,,,,,,1,0,,,0.1736,-0.0128,,,,,,,,,,,,,,,,,pinnacle
spelad,L1,2019/20,2019-08-10,,Dijon,St Etienne,1,2,A,15,12,7,4,2.1513,0.9165,understat,,,,,,,,,,0.2632,0.2807,0.456,0.253,0.28,0.4671,1,4,3.46,2.2,3.92,3.48,2.14,0.4667,0.4756,0.05,0.5156,-0.0584,,4,-2.25,-0.757,-0.0173,0,0,,,-0.0315,0.0094,,,,,,,,,,,,,,,,,pinnacle
spelad,L1,2019/20,2019-08-10,,Marseille,Reims,0,2,A,10,8,2,5,0.8746,1.2983,understat,,,,,,,,,,0.5868,0.2535,0.1598,0.5443,0.2858,0.17,1,1.71,3.85,6.4,1.8,3.7,6.15,0.4718,0.449,0.0003,0.1949,-0.0497,,,,,,0,0,,,-0.0952,0.0094,,,,,,,,,,,,,,,,,pinnacle
spelad,L1,2019/20,2019-08-10,,Montpellier,Rennes,0,1,A,24,9,5,3,2.5616,1.1703,understat,,,,,,,,,,0.4185,0.296,0.2855,0.424,0.2978,0.2782,1,2.37,3.35,3.5,2.36,3.37,3.88,0.415,0.415,0.2365,0.2652,0.5467,,4,-0.75,-0.5421,0.4484,0,0,,,0.0184,-0.0013,,,,,,,,,,,,,,,,,pinnacle
spelad,L1,2019/20,2019-08-10,,Nice,Amiens,2,1,H,17,8,6,2,1.8683,0.6041,understat,,,,,,,,,,0.4413,0.3225,0.2362,0.4111,0.3223,0.2665,1,2.24,3.1,4.15,2.38,3.08,3.8,0.3578,0.3474,0.2701,-0.3139,0.5749,,4,0,-0.1999,-0.2891,0,0,,,-0.0907,0.0017,,,,,,,,,,,,,,,,,pinnacle
spelad,L1,2019/20,2019-08-11,,Lille,Nantes,2,1,H,13,13,3,3,1.2063,0.5183,understat,,,,,,,,,,0.489,0.3099,0.2011,0.4016,0.3207,0.2777,1,2,3.33,4.85,2.42,3.2,3.64,0.3941,0.3951,-0.1009,-1.0604,-0.4938,,4,2.25,1.0841,-0.0467,0,0,,,-0.2515,0.0195,,,,,,,,,,,,,,,,,pinnacle
spelad,L1,2019/20,2019-08-11,,Paris SG,Nimes,3,0,H,12,5,5,1,3.616,0.3054,understat,,,,,,,,,,0.8769,0.0895,0.0337,0.8944,0.0745,0.0311,1,1.13,11.25,31,1.1,13.75,51,0.7206,0.7729,-0.4183,0.3622,-1.5123,,,,,,0,0,,,0.0376,-0.0205,,,,,,,,,,,,,,,,,pinnacle
spelad,L1,2019/20,2019-08-11,,Strasbourg,Metz,1,1,D,13,7,2,3,1.6086,0.2522,understat,,,,,,,,,,0.4693,0.2944,0.2364,0.4167,0.3237,0.2596,1,2.1,3.37,4.15,2.35,3.26,3.92,0.4125,0.3372,0.0016,-0.6951,-0.0015,,,,,,-1,0,,,-0.1284,0.0299,,,,,,,,,,,,,,,,,pinnacle
spelad,L1,2019/20,2019-08-16,,Lyon,Angers,6,0,H,11,10,9,3,1.4952,0.3477,understat,,,,,,,,,,0.6415,0.2148,0.1437,0.6413,0.211,0.1477,1,1.55,4.65,7.2,1.53,4.75,7.5,0.5955,0.5885,0.5254,-0.8437,0.2462,1,4,1.5,0.0212,0.2695,0,0,,,-0.0044,0.0093,,,,,,,,,,,,,,,,,pinnacle
spelad,L1,2019/20,2019-08-17,,Amiens,Lille,1,0,H,8,10,3,1,1.0725,0.2933,understat,,,,,,,,,,0.2941,0.3081,0.3978,0.2941,0.3081,0.3978,1,3.45,3.24,2.45,3.45,3.28,2.47,0.3753,0.3907,-0.6758,1.4264,-0.9759,1,4,0,0.431,-0.2914,0,0,,,0,-0.0149,,,,,,,,,,,,,,,,,pinnacle
spelad,L1,2019/20,2019-08-17,,Bordeaux,Montpellier,1,1,D,13,10,4,4,0.7859,0.6834,understat,,,,,,,,,,0.3481,0.3238,0.3281,0.3666,0.3249,0.3084,1,2.85,3.16,3.03,2.73,3.05,3.25,0.3702,0.3538,-0.5795,0.2395,-1.0108,0,4,-1.5,-0.5505,-0.3152,0,0,,,0.0567,-0.0063,,,,,,,,,,,,,,,,,pinnacle
spelad,L1,2019/20,2019-08-17,,Metz,Monaco,3,0,H,18,12,10,6,3.1122,0.7596,understat,,,,,,,,,,0.3183,0.3082,0.3734,0.3043,0.3043,0.3914,1,3.1,3.24,2.69,3.19,3.28,2.6,0.3873,0.3975,0.5753,-0.2214,0.5621,-2,,,,,1,0,,,-0.0461,0.0177,,,,,,,,,,,,,,,,,pinnacle
spelad,L1,2019/20,2019-08-17,,Nantes,Marseille,0,0,D,13,9,6,2,0.3331,1.3403,understat,,,,,,,,,,0.3704,0.3071,0.3224,0.384,0.3046,0.3114,1,2.75,3.34,3.01,2.59,3.32,3.17,0.449,0.4293,-0.0195,-0.1674,0.634,-1,4,0.75,0.8141,-0.008,0,0,,,0.0382,-0.0028,,,,,,,,,,,,,,,,,pinnacle
spelad,L1,2019/20,2019-08-17,,Nimes,Nice,1,2,A,18,6,5,3,1.2622,2.0001,understat,,,,,,,,,,0.4514,0.2813,0.2673,0.4602,0.2815,0.2583,1,2.3,3.54,3.63,2.15,3.5,3.9,0.4604,0.4453,-0.098,0.423,0.082,-1,,,,,0,0,,,0.0268,-0.003,,,,,,,,,,,,,,,,,pinnacle
spelad,L1,2019/20,2019-08-17,,Toulouse,Dijon,1,0,H,18,18,7,5,1.62,1.21,understat,,,,,,,,,,0.4808,0.2783,0.241,0.4814,0.2779,0.2407,1,2.1,3.58,4.1,2.07,3.58,4.2,0.4427,0.4667,-0.4051,-0.1785,-0.4646,0,4,-2.25,-1.0468,-0.0098,0,0,,,0.0016,-0.0069,,,,,,,,,,,,,,,,,pinnacle
spelad,L1,2019/20,2019-08-18,,Reims,Strasbourg,0,0,D,11,4,1,1,0.3377,0.5601,understat,,,,,,,,,,0.4691,0.3025,0.2285,0.4577,0.314,0.2283,1,2.09,3.4,4.25,2.15,3.28,4.25,0.3931,0.3587,0.6923,-0.5802,0.6923,1,,,,,0,0,,,-0.0226,-0.0069,,,,,,,,,,,,,,,,,pinnacle
spelad,L1,2019/20,2019-08-18,,Rennes,Paris SG,2,1,H,11,9,4,2,1.1859,0.8449,understat,,,,,,,,,,0.1276,0.1722,0.7001,0.1163,0.1842,0.6995,1,9.5,5.75,1.42,9,5.5,1.4,0.6635,0.6059,0.4977,-0.8497,0.882,1,4,-1.5,0.334,-0.1464,0,0,,,-0.022,0.0113,,,,,,,,,,,,,,,,,pinnacle
spelad,L1,2019/20,2019-08-18,,St Etienne,Brest,1,1,D,19,9,5,4,2.2156,0.5011,understat,,,,,,,,,,0.5942,0.2427,0.1631,0.5915,0.2481,0.1604,1,1.67,4,6,1.67,4.05,6.8,0.5296,0.5296,,,,0,,,,,-1,0,,,-0.0026,-0.0121,,,,,,,,,,,,,,,,,pinnacle
spelad,L1,2019/20,2019-08-24,,Amiens,Nantes,1,2,A,3,25,1,6,0.3771,2.0807,understat,,,,,,,,,,0.3511,0.3147,0.3342,0.3386,0.3228,0.3386,1,2.85,3.12,2.95,2.92,3.18,2.99,0.3498,0.3466,-0.2273,0.4775,-0.291,0,4,-1.5,-0.2972,-0.3022,0,0,,,-0.0294,0,,,,,,,,,,,,,,,,,pinnacle
spelad,L1,2019/20,2019-08-24,,Angers,Metz,3,0,H,15,4,5,2,2.1038,0.1473,understat,,,,,,,,,,0.4458,0.3037,0.2505,0.4475,0.3073,0.2452,1,2.2,3.29,4.3,2.22,3.3,4.1,0.3897,0.3466,-0.1976,0.7753,-0.0718,1,,,,,-1,0,,,0.0086,-0.0034,,,,,,,,,,,,,,,,,pinnacle
spelad,L1,2019/20,2019-08-24,,Brest,Reims,1,0,H,8,10,4,2,0.5282,0.792,understat,,,,,,,,,,0.3583,0.3102,0.3314,0.3601,0.3136,0.3263,1,2.77,3.24,2.94,2.77,3.16,3.06,0.3941,0.3975,,,,0,,,,,1,0,,,0.0087,-0.004,,,,,,,,,,,,,,,,,pinnacle
spelad,L1,2019/20,2019-08-24,,Dijon,Bordeaux,0,2,A,10,10,1,3,0.2349,0.6262,understat,,,,,,,,,,0.3582,0.2889,0.353,0.3239,0.3135,0.3626,1,2.74,3.36,2.86,3.1,3.25,2.77,0.4232,0.3711,0.6369,-0.0736,0.4945,0,4,-0.75,0.032,-0.0246,0,0,,,-0.0781,0.0066,,,,,,,,,,,,,,,,,pinnacle
spelad,L1,2019/20,2019-08-25,,Monaco,Nimes,2,2,D,16,14,6,4,2.4013,2.2406,understat,,,,,,,,,,0.5941,0.2289,0.177,0.5803,0.2454,0.1743,1,1.66,4.3,6,1.68,4.1,6.5,0.5231,0.5051,-0.5359,0.4717,-1.1779,0,,,,,0,0,,,-0.0247,0.0026,,,,,,,,,,,,,,,,,pinnacle
spelad,L1,2019/20,2019-08-25,,Paris SG,Toulouse,4,0,H,21,3,11,0,4.7078,0.6998,understat,,,,,,,,,,0.8667,0.0908,0.0425,0.8817,0.0806,0.0377,1,1.13,11.25,41,1.13,12.5,34,0.7835,0.7853,-0.0578,0.0663,-0.4708,-1,4,3,0.4391,-0.1256,0,0,,,0.0347,-0.0257,,,,,,,,,,,,,,,,,pinnacle
spelad,L1,2019/20,2019-08-25,,Strasbourg,Rennes,0,2,A,19,7,3,4,1.6213,0.4961,understat,,,,,,,,,,0.3561,0.3076,0.3363,0.3383,0.3073,0.3544,1,2.85,3.28,2.92,3.2,3.2,2.9,0.3985,0.408,-1.0859,1.328,-0.9847,0,4,0,0.2758,-0.2713,0,0,,,-0.0535,0.0101,,,,,,,,,,,,,,,,,pinnacle
spelad,L1,2019/20,2019-08-27,,Montpellier,Lyon,1,0,H,19,14,5,4,1.8919,1.0429,understat,,,,,,,,,,0.2627,0.27,0.4673,0.244,0.2667,0.4892,1,3.75,3.6,2.12,4.68,3.7,1.99,0.5064,0.5051,-0.8994,1.5359,-0.5793,-1,4,-0.75,-0.1428,0.4914,0,0,,,-0.0593,-0.0126,,,,,,,,,,,,,,,,,pinnacle
spelad,L1,2019/20,2019-08-28,,Lille,St Etienne,3,0,H,16,9,7,4,2.6633,0.8,understat,,,,,,,,,,0.4273,0.2787,0.2939,0.4495,0.2831,0.2675,1,2.3,3.54,3.45,2.19,3.48,4.06,0.4821,0.4692,-0.5405,0.1986,-0.3193,1,4,1.5,0.9272,-0.2726,0,0,,,0.0708,-0.0068,,,,,,,,,,,,,,,,,pinnacle
spelad,L1,2019/20,2019-08-28,,Nice,Marseille,1,2,A,12,12,3,5,1.7393,1.647,understat,,,,,,,,,,0.3134,0.298,0.3886,0.2721,0.2962,0.4317,1,3.1,3.44,2.53,3.64,3.29,2.38,0.4487,0.3796,0.4387,-0.4822,0.8022,0,4,-3,-1.0657,-0.2546,0,0,,,-0.1257,0.018,,,,,,,,,,,,,,,,,pinnacle
spelad,L1,2019/20,2019-08-30,,Metz,Paris SG,0,2,A,7,10,2,4,0.3606,2.0119,understat,,,,,,,,,,0.127,0.2011,0.6719,0.1479,0.2148,0.6373,1,8.2,4.85,1.46,7.5,4.6,1.53,0.5345,0.5396,0.0163,0.1425,0.3139,1,,,,,1,0,,,0.0764,-0.0108,,,,,,,,,,,,,,,,,pinnacle
spelad,L1,2019/20,2019-08-31,,Angers,Dijon,2,0,H,12,5,3,2,1.4192,0.7365,understat,,,,,,,,,,0.5665,0.2465,0.187,0.5703,0.2499,0.1799,1,1.75,3.93,5.5,1.71,3.94,6.75,0.4453,0.449,0.1163,0.3424,0.6401,0,4,1.5,0.7733,-0.2798,0,0,,,0.0147,-0.0003,,,,,,,,,,,,,,,,,pinnacle
spelad,L1,2019/20,2019-08-31,,Lyon,Bordeaux,1,1,D,10,18,3,6,1.0051,0.9622,understat,,,,,,,,,,0.6968,0.1907,0.1125,0.6241,0.2371,0.1388,1,1.43,5.2,8.8,1.6,4.3,7,0.599,0.5231,0.911,-1.5491,0.7524,-3,4,0,-0.7108,0.2625,0,0,,,-0.1717,-0.0219,,,,,,,,,,,,,,,,,pinnacle
spelad,L1,2019/20,2019-08-31,,Nantes,Montpellier,1,0,H,14,8,7,1,0.8252,0.7673,understat,,,,,,,,,,0.4238,0.3161,0.2602,0.3677,0.3151,0.3172,1,2.3,3.22,3.8,2.64,3.14,3.25,0.3907,0.3829,-0.031,-0.2304,-0.0127,3,4,0.75,0.4738,-0.0481,0,0,,,-0.1692,0.0269,,,,,,,,,,,,,,,,,pinnacle
spelad,L1,2019/20,2019-08-31,,Nimes,Brest,3,0,H,21,7,8,3,2.334,0.8598,understat,,,,,,,,,,0.4606,0.285,0.2544,0.4864,0.282,0.2316,1,2.16,3.46,4.2,2.14,3.47,4.25,0.5077,0.4897,,,,-1,,,,,-1,0,,,0.0744,-0.0261,,,,,,,,,,,,,,,,,pinnacle
spelad,L1,2019/20,2019-08-31,,Toulouse,Amiens,2,0,H,13,10,4,1,1.2889,0.2733,understat,,,,,,,,,,0.4475,0.3016,0.2509,0.4188,0.3075,0.2737,1,2.2,3.3,4.2,2.38,3.34,3.61,0.3941,0.4416,-0.0467,0.0853,-0.0844,-1,4,0,-0.1895,0.191,0,0,,,-0.0802,-0.0202,,,,,,,,,,,,,,,,,pinnacle
spelad,L1,2019/20,2019-09-01,,Marseille,St Etienne,1,0,H,9,12,2,3,0.8456,0.5244,understat,,,,,,,,,,0.4844,0.2727,0.2428,0.5277,0.2766,0.1957,1,2.05,3.65,4.05,1.91,3.8,4.96,0.5,0.4833,-0.7179,1.0693,-0.3777,0,4,0.75,-0.0235,-0.0045,0,0,,,0.1335,-0.0281,,,,,,,,,,,,,,,,,pinnacle
spelad,L1,2019/20,2019-09-01,,Reims,Lille,2,0,H,12,11,5,3,2.0061,1.6602,understat,,,,,,,,,,0.3292,0.3227,0.3481,0.3258,0.3237,0.3505,1,2.98,3.13,2.8,3.08,3.1,2.78,0.3458,0.3466,-0.257,0.9487,-0.2229,4,,,,,0,0,,,-0.0092,-0.0108,,,,,,,,,,,,,,,,,pinnacle
spelad,L1,2019/20,2019-09-01,,Rennes,Nice,1,2,A,11,11,3,7,0.5922,1.6865,understat,,,,,,,,,,0.5633,0.2699,0.1668,0.5568,0.2647,0.1784,1,1.76,3.7,5.85,1.8,3.7,5.5,0.4055,0.4744,0.7294,-1.0036,0.3861,3,4,-1.5,-0.8771,0.2194,0,0,,,-0.0247,-0.039,,,,,,,,,,,,,,,,,pinnacle
spelad,L1,2019/20,2019-09-01,,Strasbourg,Monaco,2,2,D,14,16,5,6,1.3435,2.8767,understat,,,,,,,,,,0.36,0.299,0.341,0.3872,0.2972,0.3156,1,2.72,3.32,2.9,2.75,3.34,3.1,0.4304,0.459,-0.1776,0.1906,0.6725,0,4,0,0.6219,-0.2403,0,0,,,0.08,-0.024,,,,,,,,,,,,,,,,,pinnacle
spelad,L1,2019/20,2019-09-13,,Amiens,Lyon,2,2,D,11,12,2,6,0.3849,1.7974,understat,,,,,,,,,,0.1875,0.2576,0.5549,0.225,0.2738,0.5011,1,5.45,3.95,1.8,4.5,3.6,1.98,0.4949,0.4936,-0.6966,1.8624,-0.4476,0,4,-3,-0.5279,-0.1821,0,0,,,0.1289,0.0184,,,,,,,,,,,,,,,,,pinnacle
spelad,L1,2019/20,2019-09-13,,Lille,Angers,2,1,H,13,8,4,4,1.4409,0.6638,understat,,,,,,,,,,0.4895,0.2925,0.2179,0.5041,0.2862,0.2097,1,2.03,3.4,4.5,2,3.5,4.7,0.4329,0.4304,0.024,-1.0881,-0.2262,-1,4,-0.75,-0.4788,-0.0351,0,0,,,0.0375,-0.0204,,,,,,,,,,,,,,,,,pinnacle
spelad,L1,2019/20,2019-09-14,,Bordeaux,Metz,2,0,H,15,15,6,3,1.5152,0.9447,understat,,,,,,,,,,0.5294,0.2721,0.1985,0.4667,0.3121,0.2211,1,1.91,3.56,4.95,2.12,3.36,5.7,0.3786,0.338,0.0173,-0.3551,0.3162,-1,,,,,-1,0,,,-0.1479,0.0168,,,,,,,,,,,,,,,,,pinnacle
spelad,L1,2019/20,2019-09-14,,Brest,Rennes,0,0,D,10,9,2,2,0.3881,0.4246,understat,,,,,,,,,,0.2941,0.3033,0.4027,0.2978,0.3043,0.3979,1,3.4,3.3,2.44,3.33,3.28,2.46,0.4515,0.4552,,,,1,,,,,1,0,,,0.0122,0.0025,,,,,,,,,,,,,,,,,pinnacle
spelad,L1,2019/20,2019-09-14,,Dijon,Nimes,0,0,D,16,7,2,3,0.7897,0.3421,understat,,,,,,,,,,0.3516,0.2821,0.3662,0.3394,0.2872,0.3734,1,2.85,3.5,2.68,2.97,3.44,2.65,0.4974,0.4846,-0.1594,1.0217,-0.7277,0,,,,,0,0,,,-0.0316,0.0014,,,,,,,,,,,,,,,,,pinnacle
spelad,L1,2019/20,2019-09-14,,Montpellier,Nice,2,1,H,17,13,8,5,2.2208,1.0548,understat,,,,,,,,,,0.504,0.2904,0.2056,0.4838,0.2778,0.2383,1,2.15,3.5,4.75,2.05,3.53,4.45,0.3863,0.4615,-0.7207,0.5605,-0.9318,1,4,0,0.1877,-0.3114,0,0,,,-0.0731,0.0139,,,,,,,,,,,,,,,,,pinnacle
spelad,L1,2019/20,2019-09-14,,Paris SG,Strasbourg,1,0,H,16,6,7,3,0.8393,0.5614,understat,,,,,,,,,,0.7995,0.1283,0.0721,0.825,0.112,0.063,1,1.22,7.7,17,1.21,8.74,21,0.662,0.6903,0.5718,-0.4873,-0.0306,2,4,0,-1.2822,0.3723,0,0,,,0.0602,-0.0225,,,,,,,,,,,,,,,,,pinnacle
spelad,L1,2019/20,2019-09-15,,Monaco,Marseille,3,4,A,12,13,8,6,2.4774,1.7387,understat,,,,,,,,,,0.403,0.2632,0.3338,0.4699,0.2643,0.2658,1,2.6,3.69,3,2.3,3.82,3.75,0.5103,0.5179,-0.9213,0.8531,-1.1249,0,4,0,-0.0374,0.2538,0,0,,,0.2018,-0.0204,,,,,,,,,,,,,,,,,pinnacle
spelad,L1,2019/20,2019-09-15,,Nantes,Reims,1,0,H,8,9,4,1,0.2503,0.693,understat,,,,,,,,,,0.4416,0.326,0.2324,0.4316,0.3142,0.2542,1,2.25,3.1,4.25,2.29,3.17,3.95,0.3489,0.3711,-0.3023,0.162,-0.2689,1,,,,,0,0,,,-0.0418,-0.007,,,,,,,,,,,,,,,,,pinnacle
spelad,L1,2019/20,2019-09-15,,St Etienne,Toulouse,2,2,D,14,10,4,7,1.0677,1.9334,understat,,,,,,,,,,0.5803,0.2341,0.1856,0.5944,0.2307,0.1749,1,1.71,4.2,5.75,1.7,4.34,6,0.5077,0.5768,0.2421,-0.4208,-0.0995,-1,4,2.25,0.9675,-0.0284,0,0,,,0.039,-0.0083,,,,,,,,,,,,,,,,,pinnacle
spelad,L1,2019/20,2019-09-20,,Strasbourg,Nantes,2,1,H,17,10,5,3,1.8722,0.5535,understat,,,,,,,,,,0.3739,0.3156,0.3106,0.4033,0.3166,0.2801,1,2.65,3.11,3.17,2.42,3.13,3.86,0.3678,0.3578,-0.9398,0.8771,-0.5463,1,4,-1.5,-0.5,-0.2767,0,0,,,0.0893,0.0199,,,,,,,,,,,,,,,,,pinnacle
spelad,L1,2019/20,2019-09-21,,Bordeaux,Brest,2,2,D,18,13,5,3,1.5644,1.3845,understat,,,,,,,,,,0.5507,0.273,0.1762,0.5424,0.2774,0.1801,1,1.85,3.65,5.5,1.86,3.58,5.85,0.4365,0.4304,-0.1537,-0.0174,0.1852,0,,,,,-1,0,,,-0.0205,-0.0284,,,,,,,,,,,,,,,,,pinnacle
spelad,L1,2019/20,2019-09-21,,Marseille,Montpellier,1,1,D,24,3,5,2,1.0841,0.1043,understat,,,,,,,,,,0.4816,0.2957,0.2226,0.4789,0.2928,0.2282,1,2.04,3.4,4.47,2.13,3.35,4.45,0.434,0.4185,0.6939,-0.5028,0.3971,-1,4,0,-0.4348,0.2244,0,0,,,-0.011,-0.0265,,,,,,,,,,,,,,,,,pinnacle
spelad,L1,2019/20,2019-09-21,,Metz,Amiens,1,2,A,13,9,4,5,1.4788,1.645,understat,,,,,,,,,,0.4652,0.3097,0.2251,0.4171,0.3272,0.2557,1,2.17,3.2,4.32,2.36,3.17,4,0.3514,0.3645,-0.1901,0.4229,-0.1986,-1,,,,,1,0,,,-0.127,0.0161,,,,,,,,,,,,,,,,,pinnacle
spelad,L1,2019/20,2019-09-21,,Nice,Dijon,2,1,H,16,13,6,7,1.0846,1.1091,understat,,,,,,,,,,0.5482,0.2608,0.191,0.546,0.2793,0.1748,1,1.81,3.8,5.75,1.81,3.7,5.9,0.4578,0.4578,0.5337,-0.6176,0.8497,0,4,0,-0.0013,-0.2917,0,0,,,0.0118,-0.0216,,,,,,,,,,,,,,,,,pinnacle
spelad,L1,2019/20,2019-09-21,,Nimes,Toulouse,1,0,H,19,9,4,2,1.6278,0.8443,understat,,,,,,,,,,0.4716,0.276,0.2524,0.4651,0.2649,0.27,1,2.09,3.6,3.92,2.16,3.7,3.86,0.4949,0.5547,-0.1051,-0.2508,-0.0919,1,,,,,0,0,,,-0.0307,-0.0188,,,,,,,,,,,,,,,,,pinnacle
spelad,L1,2019/20,2019-09-21,,Reims,Monaco,0,0,D,16,12,4,4,1.3516,0.7181,understat,,,,,,,,,,0.3609,0.2996,0.3395,0.3823,0.2907,0.327,1,2.69,3.32,2.94,2.73,3.38,3.01,0.4257,0.4552,0.7351,-1.0696,1.4595,0,,,,,0,0,,,0.0553,-0.0072,,,,,,,,,,,,,,,,,pinnacle
spelad,L1,2019/20,2019-09-22,,Angers,St Etienne,4,1,H,14,6,5,2,1.9275,0.7942,understat,,,,,,,,,,0.4418,0.2955,0.2627,0.4563,0.2945,0.2492,1,2.22,3.4,3.8,2.2,3.44,3.98,0.4667,0.491,-0.156,1.068,0.4678,2,4,-1.5,-0.7124,0.2126,0,0,,,0.0424,-0.0071,,,,,,,,,,,,,,,,,pinnacle
spelad,L1,2019/20,2019-09-22,,Lyon,Paris SG,0,1,A,12,21,0,7,0.3731,1.2571,understat,,,,,,,,,,0.2505,0.2325,0.517,0.2496,0.2434,0.507,1,4,4.25,1.9,3.94,4.34,1.94,0.6674,0.628,0.1378,-1.2877,0.397,1,4,0,0.8635,-0.1851,0,0,,,0.0082,0.0118,,,,,,,,,,,,,,,,,pinnacle
spelad,L1,2019/20,2019-09-22,,Rennes,Lille,1,1,D,11,15,3,6,0.6457,1.1093,understat,,,,,,,,,,0.3739,0.3136,0.3126,0.3292,0.3112,0.3596,1,2.6,3.2,3.17,3.01,3.17,2.77,0.402,0.4377,0.8115,-1.0617,0.5248,-1,4,1.5,0.8218,-0.2876,0,0,,,-0.1365,-0.0042,,,,,,,,,,,,,,,,,pinnacle
spelad,L1,2019/20,2019-09-24,,Dijon,Marseille,0,0,D,18,9,6,2,1.7444,1.3166,understat,,,,,,,,,,0.2591,0.2784,0.4626,0.2858,0.2918,0.4224,1,3.9,3.55,2.25,3.9,3.6,2.35,0.4731,0.4515,-1.2649,1.3203,-1.1258,0,4,-3,-0.6509,-0.214,0,0,,,0.0936,-0.0321,,,,,,,,,,,,,,,,,pinnacle
spelad,L1,2019/20,2019-09-24,,Monaco,Nice,3,1,H,17,10,5,3,2.3996,0.61,understat,,,,,,,,,,0.4837,0.2708,0.2455,0.5046,0.2625,0.233,1,2.1,3.72,4.1,2.1,3.95,4.64,0.5205,0.5499,-0.9969,0.8449,-1.5098,0,4,-1.5,-1.2483,0.2315,0,0,,,0.0543,0.0215,,,,,,,,,,,,,,,,,pinnacle
spelad,L1,2019/20,2019-09-25,,Amiens,Bordeaux,1,3,A,11,15,3,6,1.3307,0.6627,understat,,,,,,,,,,0.3764,0.3173,0.3063,0.3548,0.3285,0.3167,1,2.63,3.14,3.25,2.82,3.1,3.1,0.3474,0.3578,0.0344,0.2294,-0.1132,0,4,0,0.3743,0.2228,0,0,,,-0.0534,0.0001,,,,,,,,,,,,,,,,,pinnacle
spelad,L1,2019/20,2019-09-25,,Brest,Lyon,2,2,D,13,11,5,5,0.5074,1.129,understat,,,,,,,,,,0.2057,0.2397,0.5547,0.2108,0.2412,0.5479,1,4.8,4.05,1.85,5.05,4.15,1.8,0.5333,0.5955,0.001,0.8639,0.1129,1,,,,,1,0,,,0.0171,0.0171,,,,,,,,,,,,,,,,,pinnacle
spelad,L1,2019/20,2019-09-25,,Lille,Strasbourg,2,0,H,12,5,5,1,3.0216,0.235,understat,,,,,,,,,,0.5309,0.2729,0.1963,0.5357,0.2771,0.1872,1,1.88,3.6,5.1,1.85,3.6,5.8,0.4268,0.4293,0.5226,-0.939,0.1626,-2,4,0,-0.3938,0.2132,0,0,,,0.0188,-0.0124,,,,,,,,,,,,,,,,,pinnacle
spelad,L1,2019/20,2019-09-25,,Montpellier,Nimes,1,0,H,12,15,4,3,0.5799,0.7199,understat,,,,,,,,,,0.5037,0.2649,0.2315,0.4534,0.2985,0.2481,1,1.97,3.7,4.4,2.16,3.5,4.24,0.4641,0.4365,-0.0792,0.422,-0.1196,0,,,,,0,0,,,-0.1173,0.0318,,,,,,,,,,,,,,,,,pinnacle
spelad,L1,2019/20,2019-09-25,,Nantes,Rennes,1,0,H,8,6,2,2,1.4297,1.057,understat,,,,,,,,,,0.4169,0.3055,0.2776,0.3733,0.329,0.2977,1,2.37,3.36,3.5,2.6,3.18,3.5,0.3931,0.3873,-0.8969,1.1718,-0.7924,2,4,-1.5,-0.844,0.1872,0,0,,,-0.1075,0.0224,,,,,,,,,,,,,,,,,pinnacle
spelad,L1,2019/20,2019-09-25,,Paris SG,Reims,0,2,A,12,13,3,2,0.5308,1.1746,understat,,,,,,,,,,0.827,0.1181,0.0549,0.7508,0.1661,0.0831,1,1.18,8.5,23,1.32,6.5,15,0.7066,0.5945,-0.1132,0.4828,-0.7105,-1,,,,,0,0,,,-0.1808,-0.0168,,,,,,,,,,,,,,,,,pinnacle
spelad,L1,2019/20,2019-09-25,,St Etienne,Metz,0,1,A,15,12,3,1,0.8105,0.5328,understat,,,,,,,,,,0.5365,0.2625,0.201,0.484,0.2844,0.2316,1,1.84,3.75,5.05,2.04,3.52,4.78,0.4718,0.5,0.3381,-0.6554,0.1492,-1,,,,,-1,0,,,-0.1356,-0.0028,,,,,,,,,,,,,,,,,pinnacle
spelad,L1,2019/20,2019-09-25,,Toulouse,Angers,0,2,A,6,22,1,6,0.2275,1.3573,understat,,,,,,,,,,0.3518,0.3015,0.3467,0.357,0.3035,0.3395,1,2.77,3.42,2.85,2.81,3.32,2.93,0.449,0.4377,-0.3303,-0.2093,-0.2874,1,4,1.5,0.7028,0.2014,0,0,,,0.0177,-0.0116,,,,,,,,,,,,,,,,,pinnacle
spelad,L1,2019/20,2019-09-28,,Angers,Amiens,1,1,D,23,8,6,4,0.9034,1.0426,understat,,,,,,,,,,0.5633,0.2752,0.1615,0.5795,0.2651,0.1553,1,1.77,3.6,6.15,1.71,3.7,6.55,0.4135,0.4125,0.2592,-0.284,0.6052,0,4,1.5,0.4239,0.1875,0,0,,,0.0386,-0.0231,,,,,,,,,,,,,,,,,pinnacle
spelad,L1,2019/20,2019-09-28,,Bordeaux,Paris SG,0,1,A,4,21,1,7,0.1047,2.8345,understat,,,,,,,,,,0.1655,0.2008,0.6338,0.1234,0.1919,0.6846,1,6.45,4.83,1.55,7.89,5.4,1.48,0.59,0.5779,0.491,-0.9606,1.0607,0,4,-2.25,-0.2025,0.087,0,0,,,-0.1349,0.0355,,,,,,,,,,,,,,,,,pinnacle
spelad,L1,2019/20,2019-09-28,,Lyon,Nantes,0,1,A,14,11,7,2,0.9629,0.5157,understat,,,,,,,,,,0.616,0.2347,0.1492,0.6375,0.2187,0.1438,1,1.6,4.2,7,1.6,4.5,7.7,0.5051,0.5584,-0.4038,-0.5741,-0.4671,0,4,0,-0.8207,0.2885,0,0,,,0.0485,-0.0423,,,,,,,,,,,,,,,,,pinnacle
spelad,L1,2019/20,2019-09-28,,Metz,Toulouse,2,2,D,13,15,3,6,1.5265,0.8203,understat,,,,,,,,,,0.4562,0.2927,0.2511,0.4542,0.2893,0.2565,1,2.2,3.35,3.9,2.21,3.4,3.86,0.4329,0.4329,0.0805,0.3618,-0.0937,0,,,,,1,0,,,-0.0094,-0.0164,,,,,,,,,,,,,,,,,pinnacle
spelad,L1,2019/20,2019-09-28,,Monaco,Brest,4,1,H,21,5,13,1,3.7785,0.3953,understat,,,,,,,,,,0.6384,0.2161,0.1455,0.686,0.19,0.124,1,1.57,4.55,7.5,1.55,5.19,9.6,0.5804,0.6214,-0.8367,1.2211,-0.8166,1,,,,,-1,0,,,0.1166,-0.0236,,,,,,,,,,,,,,,,,pinnacle
spelad,L1,2019/20,2019-09-28,,Nice,Lille,1,1,D,12,11,5,6,1.0706,1.3557,understat,,,,,,,,,,0.3223,0.3032,0.3746,0.3113,0.3093,0.3794,1,3.02,3.34,2.65,3.18,3.3,2.56,0.4578,0.459,0.5082,-0.5485,0.6004,1,4,0.75,0.3276,-0.0441,0,0,,,-0.0268,-0.004,,,,,,,,,,,,,,,,,pinnacle
spelad,L1,2019/20,2019-09-28,,Reims,Dijon,1,2,A,18,11,2,4,0.7841,1.4154,understat,,,,,,,,,,0.5427,0.28,0.1773,0.5642,0.2673,0.1685,1,1.82,3.55,5.75,1.75,3.7,5.9,0.409,0.409,1.047,-1.4149,1.2402,-1,,,,,0,0,,,0.0517,-0.0149,,,,,,,,,,,,,,,,,pinnacle
spelad,L1,2019/20,2019-09-29,,Marseille,Rennes,1,1,D,17,12,5,2,0.6745,0.6822,understat,,,,,,,,,,0.4814,0.2755,0.2431,0.4865,0.2812,0.2322,1,2.03,3.6,4.2,2.05,3.64,4.25,0.449,0.4427,-0.3314,0.8116,-0.1577,1,4,0,-0.5886,0.2495,0,0,,,0.0211,-0.0146,,,,,,,,,,,,,,,,,pinnacle
spelad,L1,2019/20,2019-09-29,,Nimes,St Etienne,0,1,A,22,6,8,4,1.7116,0.8564,understat,,,,,,,,,,0.4101,0.2833,0.3066,0.3811,0.2981,0.3208,1,2.38,3.64,3.25,2.6,3.41,3.33,0.5167,0.4872,0.0406,-0.3995,0.5193,0,,,,,0,0,,,-0.0721,0.0261,,,,,,,,,,,,,,,,,pinnacle
spelad,L1,2019/20,2019-09-29,,Strasbourg,Montpellier,1,0,H,8,11,3,3,0.3909,1.2813,understat,,,,,,,,,,0.3886,0.3144,0.2971,0.4206,0.3175,0.2619,1,2.6,3.24,3.3,2.36,3.28,3.76,0.3897,0.3628,-0.2619,0.0816,-0.0807,0,4,-0.75,-0.3783,0.4448,0,0,,,0.0993,-0.0198,,,,,,,,,,,,,,,,,pinnacle
spelad,L1,2019/20,2019-10-04,,Amiens,Marseille,3,1,H,11,13,5,4,2.9072,0.4379,understat,,,,,,,,,,0.2943,0.2925,0.4132,0.3038,0.286,0.4102,1,3.5,3.35,2.4,3.3,3.48,2.4,0.4115,0.4692,-0.2389,0.0923,-0.156,1,4,-3,-0.7358,-0.2266,0,0,,,0.0221,0.0045,,,,,,,,,,,,,,,,,pinnacle
spelad,L1,2019/20,2019-10-05,,Brest,Metz,2,0,H,7,12,3,4,1.0904,0.5377,understat,,,,,,,,,,0.387,0.2935,0.3195,0.3582,0.2987,0.343,1,2.52,3.38,3.1,2.74,3.34,3.1,0.4278,0.4268,0.1797,-0.3565,0.1231,0,,,,,0,0,,,-0.081,0.0237,,,,,,,,,,,,,,,,,pinnacle
spelad,L1,2019/20,2019-10-05,,Dijon,Strasbourg,1,0,H,8,15,3,2,1.1872,0.7806,understat,,,,,,,,,,0.3484,0.3187,0.3329,0.3073,0.3383,0.3544,1,2.79,3.3,2.92,3.19,3.1,2.8,0.4055,0.3619,-0.5975,0.7184,-0.3182,1,4,-0.75,-0.3294,-0.0218,0,0,,,-0.1037,0.0137,,,,,,,,,,,,,,,,,pinnacle
spelad,L1,2019/20,2019-10-05,,Montpellier,Monaco,3,1,H,17,14,10,4,2.7464,1.3635,understat,,,,,,,,,,0.3281,0.2925,0.3794,0.3036,0.2849,0.4116,1,3,3.42,2.63,3.26,3.48,2.38,0.5026,0.5179,0.3326,-0.4166,0.5322,-1,4,0.75,0.317,0.478,0,0,,,-0.0813,0.0006,,,,,,,,,,,,,,,,,pinnacle
spelad,L1,2019/20,2019-10-05,,Nantes,Nice,1,0,H,14,6,5,2,1.3377,0.2692,understat,,,,,,,,,,0.4839,0.2795,0.2366,0.4605,0.2953,0.2441,1,2.09,3.54,4.15,2.17,3.42,4.02,0.4257,0.4185,0.6447,-0.5866,0.3009,0,4,-1.5,-0.8965,0.2036,0,0,,,-0.0542,-0.0236,,,,,,,,,,,,,,,,,pinnacle
spelad,L1,2019/20,2019-10-05,,Paris SG,Angers,4,0,H,15,10,8,2,3.3508,0.4884,understat,,,,,,,,,,0.8049,0.1271,0.0681,0.8269,0.1177,0.0554,1,1.22,7.85,15.5,1.22,8.33,19,0.7019,0.6839,-0.1982,0.6012,-0.6316,0,4,3,0.4996,-0.1303,0,0,,,0.0569,-0.0463,,,,,,,,,,,,,,,,,pinnacle
spelad,L1,2019/20,2019-10-05,,Toulouse,Bordeaux,1,3,A,15,10,4,4,0.846,1.0799,understat,,,,,,,,,,0.3693,0.3133,0.3174,0.3827,0.3096,0.3076,1,2.65,3.25,3.1,2.61,3.3,3.34,0.434,0.4501,-0.261,0.5234,-0.23,0,4,-1.5,-0.3899,-0.2979,0,0,,,0.0366,-0.0051,,,,,,,,,,,,,,,,,pinnacle
spelad,L1,2019/20,2019-10-06,,Lille,Nimes,2,2,D,18,14,7,4,2.5721,1.7619,understat,,,,,,,,,,0.5903,0.2414,0.1683,0.6048,0.2413,0.1539,1,1.69,4.1,6.5,1.63,4.06,6.65,0.5371,0.5256,0.3211,0.1428,0.4172,1,,,,,0,0,,,0.0436,-0.0241,,,,,,,,,,,,,,,,,pinnacle
spelad,L1,2019/20,2019-10-06,,Rennes,Reims,0,1,A,18,13,3,7,1.0115,1.8906,understat,,,,,,,,,,0.4391,0.3042,0.2567,0.3825,0.3196,0.298,1,2.21,3.3,3.9,2.56,3.16,3.46,0.3863,0.3636,0.6365,-0.6202,0.1248,-1,,,,,0,0,,,-0.1545,0.0111,,,,,,,,,,,,,,,,,pinnacle
spelad,L1,2019/20,2019-10-06,,St Etienne,Lyon,1,0,H,6,6,4,2,0.7021,0.3626,understat,,,,,,,,,,0.277,0.2621,0.4609,0.231,0.2827,0.4863,1,3.55,3.85,2.15,4.3,3.72,2.03,0.6161,0.4756,0.4009,0.6888,0.2073,-1,4,-2.25,-0.6617,-0.0091,0,0,,,-0.1175,0.017,,,,,,,,,,,,,,,,,pinnacle
spelad,L1,2019/20,2019-10-18,,Nice,Paris SG,1,4,A,10,24,2,10,0.7305,3.3813,understat,,,,,,,,,,0.1215,0.2077,0.6708,0.1116,0.1892,0.6992,1,8.5,4.8,1.47,9.8,5.25,1.45,0.5598,0.5815,-0.1304,-0.2298,0.2048,0,4,-2.25,-0.1325,0.1168,0,0,,,-0.0484,0.005,,,,,,,,,,,,,,,,,pinnacle
spelad,L1,2019/20,2019-10-19,,Angers,Brest,0,1,A,29,6,6,1,1.4977,0.2407,understat,,,,,,,,,,0.5903,0.2575,0.1522,0.5956,0.2535,0.151,1,1.68,3.85,6.55,1.66,3.95,6.7,0.4667,0.4974,-0.1841,0.6372,0.059,0,,,,,-1,0,,,0.0118,-0.0138,,,,,,,,,,,,,,,,,pinnacle
spelad,L1,2019/20,2019-10-19,,Lyon,Dijon,0,0,D,24,6,10,1,1.859,0.358,understat,,,,,,,,,,0.711,0.1739,0.1151,0.7115,0.1816,0.1069,1,1.4,5.56,10,1.45,5.44,9.6,0.628,0.598,-0.3652,-0.6069,-1.0175,-1,4,0.75,-0.5396,0.072,0,0,,,0.0093,-0.0444,,,,,,,,,,,,,,,,,pinnacle
spelad,L1,2019/20,2019-10-19,,Metz,Nantes,1,0,H,10,9,2,2,0.7667,0.428,understat,,,,,,,,,,0.3522,0.3126,0.3352,0.3903,0.3135,0.2963,1,2.82,3.14,2.9,2.6,3.15,3.4,0.3578,0.3839,-1.3308,1.1121,-1.3346,0,,,,,1,0,,,0.115,-0.0179,,,,,,,,,,,,,,,,,pinnacle
spelad,L1,2019/20,2019-10-19,,Nimes,Amiens,1,1,D,11,13,3,5,0.3173,0.9414,understat,,,,,,,,,,0.4761,0.2823,0.2416,0.4136,0.2919,0.2945,1,2.1,3.44,4.1,2.4,3.48,3.4,0.4641,0.4329,-0.3589,-0.1242,-0.4255,-2,,,,,0,0,,,-0.1779,-0.0013,,,,,,,,,,,,,,,,,pinnacle
spelad,L1,2019/20,2019-10-19,,Reims,Montpellier,1,0,H,12,9,5,0,0.9256,0.5948,understat,,,,,,,,,,0.4355,0.3281,0.2363,0.4223,0.3349,0.2428,1,2.27,3.1,4.2,2.35,3.04,4.04,0.3498,0.328,-0.383,0.0434,-0.4005,-1,,,,,0,0,,,-0.033,-0.0131,,,,,,,,,,,,,,,,,pinnacle
spelad,L1,2019/20,2019-10-19,,Toulouse,Lille,2,1,H,17,9,6,2,2.6316,0.7177,understat,,,,,,,,,,0.2766,0.2881,0.4353,0.2873,0.296,0.4167,1,3.6,3.43,2.25,3.5,3.36,2.38,0.468,0.4552,0.1257,-0.1789,-0.0146,1,4,-0.75,-0.0983,-0.028,0,0,,,0.04,0.0055,,,,,,,,,,,,,,,,,pinnacle
spelad,L1,2019/20,2019-10-20,,Bordeaux,St Etienne,0,1,A,12,6,6,3,0.8988,0.8691,understat,,,,,,,,,,0.4207,0.291,0.2884,0.3937,0.3117,0.2947,1,2.35,3.36,3.5,2.55,3.2,3.33,0.4196,0.4185,0.7796,-1.532,0.9788,1,4,1.5,1.017,-0.2725,0,0,,,-0.0603,-0.0191,,,,,,,,,,,,,,,,,pinnacle
spelad,L1,2019/20,2019-10-20,,Marseille,Strasbourg,2,0,H,11,10,6,2,1.5975,0.3237,understat,,,,,,,,,,0.5274,0.2805,0.1922,0.5305,0.2766,0.193,1,1.9,3.6,5.05,1.85,3.6,5.3,0.449,0.4329,0.4392,-0.3999,0.2662,1,4,1.5,-0.005,0.2642,0,0,,,0.0053,-0.0107,,,,,,,,,,,,,,,,,pinnacle
spelad,L1,2019/20,2019-10-20,,Monaco,Rennes,3,2,H,14,10,5,3,1.7268,1.3218,understat,,,,,,,,,,0.5355,0.2492,0.2154,0.5601,0.2441,0.1958,1,1.9,3.92,4.7,1.8,4.06,5.3,0.5051,0.5485,-0.5531,0.9733,-0.362,1,4,0,-0.5234,0.2442,0,0,,,0.069,-0.0043,,,,,,,,,,,,,,,,,pinnacle
spelad,L1,2019/20,2019-10-25,,Nantes,Monaco,0,1,A,15,7,4,2,1.4655,0.9041,understat,,,,,,,,,,0.3271,0.3007,0.3722,0.3292,0.2791,0.3916,1,3,3.4,2.7,3.2,3.51,2.55,0.459,0.4821,1.1361,-0.7923,1.1429,1,4,-1.5,-0.2832,-0.2725,0,0,,,-0.0151,-0.0214,,,,,,,,,,,,,,,,,pinnacle
spelad,L1,2019/20,2019-10-26,,Brest,Dijon,2,0,H,15,14,7,5,2.1011,0.9505,understat,,,,,,,,,,0.3965,0.3045,0.2989,0.4047,0.2908,0.3045,1,2.45,3.36,3.4,2.48,3.4,3.3,0.4232,0.4821,0.7693,-0.8783,0.3708,0,,,,,0,0,,,0.0108,0.0008,,,,,,,,,,,,,,,,,pinnacle
spelad,L1,2019/20,2019-10-26,,Lille,Bordeaux,3,0,H,11,5,3,1,1.5667,0.294,understat,,,,,,,,,,0.5449,0.2559,0.1992,0.5073,0.2832,0.2095,1,1.9,3.79,4.87,1.95,3.68,4.75,0.4641,0.4257,-0.7299,1.2202,-0.6114,1,4,-0.75,-0.3818,-0.0258,0,0,,,-0.0854,-0.0122,,,,,,,,,,,,,,,,,pinnacle
spelad,L1,2019/20,2019-10-26,,Lyon,Metz,2,0,H,18,16,7,3,1.9373,0.5481,understat,,,,,,,,,,0.6749,0.2071,0.118,0.6713,0.2083,0.1204,1,1.48,4.7,8.6,1.48,4.8,9.4,0.5371,0.5359,-0.8695,0.2603,-0.9986,0,,,,,0,0,,,-0.0096,-0.0178,,,,,,,,,,,,,,,,,pinnacle
spelad,L1,2019/20,2019-10-26,,Montpellier,Angers,0,0,D,14,13,3,6,0.8544,1.0949,understat,,,,,,,,,,0.4184,0.3082,0.2734,0.4333,0.2986,0.2681,1,2.34,3.25,3.65,2.3,3.28,3.8,0.3941,0.4065,0.1559,0.2999,0.2307,0,4,0,-0.2737,0.1858,0,0,,,0.0351,-0.0064,,,,,,,,,,,,,,,,,pinnacle
spelad,L1,2019/20,2019-10-26,,Reims,Nimes,0,0,D,10,7,3,1,0.3277,0.4092,understat,,,,,,,,,,0.5198,0.2834,0.1968,0.5864,0.2573,0.1563,1,1.9,3.55,4.95,1.75,3.85,6.5,0.4207,0.4578,0.1813,0.0872,0.3748,0,,,,,0,0,,,0.1736,-0.023,,,,,,,,,,,,,,,,,pinnacle
spelad,L1,2019/20,2019-10-26,,Strasbourg,Nice,1,0,H,20,9,6,5,2.0098,0.9376,understat,,,,,,,,,,0.4921,0.2961,0.2118,0.5044,0.288,0.2076,1,2.03,3.36,4.6,2.02,3.55,4.95,0.4293,0.4232,-0.0594,0.1342,-0.0881,-2,4,0.75,0.5766,-0.0477,0,0,,,0.0289,-0.0087,,,,,,,,,,,,,,,,,pinnacle
spelad,L1,2019/20,2019-10-27,,Paris SG,Marseille,4,0,H,11,5,7,1,3.2293,0.5448,understat,,,,,,,,,,0.7804,0.1436,0.0761,0.7981,0.1243,0.0776,1,1.26,7.15,13.25,1.23,8,15,0.6874,0.7269,-0.1269,0.5727,0.0216,2,4,2.25,0.1994,0.0787,0,0,,,0.0339,-0.007,,,,,,,,,,,,,,,,,pinnacle
spelad,L1,2019/20,2019-10-27,,Rennes,Toulouse,3,2,H,14,15,6,5,2.2054,0.9847,understat,,,,,,,,,,0.4861,0.2964,0.2175,0.5215,0.26,0.2185,1,2.04,3.43,4.5,1.91,3.8,5.05,0.4329,0.5256,0.0294,-0.6537,-0.4955,-1,4,0,-0.2178,0.2207,0,0,,,0.0698,-0.0146,,,,,,,,,,,,,,,,,pinnacle
spelad,L1,2019/20,2019-10-27,,St Etienne,Amiens,2,2,D,15,11,1,5,0.6159,2.0097,understat,,,,,,,,,,0.5163,0.275,0.2087,0.4149,0.2987,0.2864,1,1.95,3.65,4.7,2.37,3.33,3.6,0.4629,0.4268,0.4361,-0.1733,-0.0207,-1,4,1.5,0.234,0.2119,0,0,,,-0.2805,0.0114,,,,,,,,,,,,,,,,,pinnacle
spelad,L1,2019/20,2019-11-01,,Dijon,Paris SG,2,1,H,10,20,6,4,0.8226,3.0457,understat,,,,,,,,,,0.0711,0.1295,0.7995,0.0851,0.1415,0.7734,1,17.25,8,1.23,15,7.2,1.27,0.6889,0.6954,-0.5286,0.3133,-0.1551,1,4,-3,-0.2608,-0.0989,0,0,,,0.0541,-0.0092,,,,,,,,,,,,,,,,,pinnacle
spelad,L1,2019/20,2019-11-02,,Amiens,Brest,1,0,H,6,14,2,3,1.37,0.7341,understat,,,,,,,,,,0.5507,0.2479,0.2015,0.6048,0.2425,0.1526,1,1.8,3.95,5,1.7,4.1,6.44,0.4872,0.4872,-0.8015,1.0352,-0.3517,-1,,,,,0,0,,,0.1572,-0.0425,,,,,,,,,,,,,,,,,pinnacle
spelad,L1,2019/20,2019-11-02,,Angers,Strasbourg,1,0,H,9,8,5,3,0.9857,1.3729,understat,,,,,,,,,,0.4693,0.3124,0.2183,0.4416,0.3074,0.251,1,2.11,3.3,4.45,2.25,3.21,4.32,0.3916,0.3985,-0.3836,0.1803,-0.0662,0,4,0.75,0.0636,0.4566,0,0,,,-0.0882,0.0042,,,,,,,,,,,,,,,,,pinnacle
spelad,L1,2019/20,2019-11-02,,Marseille,Lille,2,1,H,11,6,1,2,0.6585,0.6991,understat,,,,,,,,,,0.422,0.295,0.283,0.4518,0.3017,0.2465,1,2.33,3.4,3.5,2.25,3.36,4.15,0.4541,0.4055,0.484,-0.3611,0.2013,-1,4,0,-0.2192,-0.2584,0,0,,,0.096,0.0027,,,,,,,,,,,,,,,,,pinnacle
spelad,L1,2019/20,2019-11-02,,Metz,Montpellier,2,2,D,11,12,4,4,1.1422,0.6574,understat,,,,,,,,,,0.3479,0.3043,0.3479,0.2903,0.3297,0.3799,1,2.8,3.22,2.91,3.4,3.1,2.7,0.3897,0.3364,-0.1332,0.3434,-0.3291,0,,,,,0,0,,,-0.1471,0.0205,,,,,,,,,,,,,,,,,pinnacle
spelad,L1,2019/20,2019-11-02,,Toulouse,Lyon,2,3,A,12,21,5,8,1.3666,1.6269,understat,,,,,,,,,,0.2155,0.2545,0.5299,0.2081,0.2377,0.5542,1,5,3.92,1.84,5.25,4.2,1.8,0.5573,0.5779,0.5063,-0.3087,0.852,-1,4,-2.25,-0.4243,0.0396,0,0,,,-0.039,-0.0081,,,,,,,,,,,,,,,,,pinnacle
spelad,L1,2019/20,2019-11-03,,Bordeaux,Nantes,2,0,H,10,9,7,2,0.8289,0.793,understat,,,,,,,,,,0.4096,0.3162,0.2742,0.3751,0.335,0.29,1,2.38,3.16,3.75,2.63,3.07,3.6,0.3341,0.3411,-0.3251,-0.2766,-0.4149,-1,4,0.75,0.3431,-0.0564,0,0,,,-0.0848,0.0143,,,,,,,,,,,,,,,,,pinnacle
spelad,L1,2019/20,2019-11-03,,Nice,Reims,2,0,H,12,11,6,3,0.6945,0.7323,understat,,,,,,,,,,0.3613,0.3136,0.3251,0.3363,0.3239,0.3398,1,2.73,3.17,3,3.02,3.16,3.04,0.3711,0.366,-0.1918,0.0593,-0.5443,0,,,,,0,0,,,-0.0649,-0.0051,,,,,,,,,,,,,,,,,pinnacle
spelad,L1,2019/20,2019-11-03,,St Etienne,Monaco,1,0,H,12,11,5,2,1.5145,1.1539,understat,,,,,,,,,,0.3305,0.2745,0.395,0.3142,0.2814,0.4045,1,2.94,3.74,2.5,3.15,3.58,2.5,0.5623,0.5256,0.2788,-0.4067,-0.0649,-2,4,0,0.3484,-0.2496,0,0,,,-0.0422,0.0016,,,,,,,,,,,,,,,,,pinnacle
spelad,L1,2019/20,2019-11-08,,Nice,Bordeaux,1,1,D,10,10,5,4,1.5547,1.7373,understat,,,,,,,,,,0.3923,0.3138,0.2939,0.4417,0.3065,0.2517,1,2.52,3.19,3.34,2.38,3.23,4,0.3941,0.3931,-0.426,0.4407,-0.5444,0,4,2.25,1.2238,-0.0466,0,0,,,0.141,-0.0128,,,,,,,,,,,,,,,,,pinnacle
spelad,L1,2019/20,2019-11-09,,Brest,Paris SG,1,2,A,17,18,4,8,1.1349,2.5447,understat,,,,,,,,,,0.0905,0.1336,0.7759,0.0835,0.1414,0.7751,1,15,7.5,1.25,13.5,6.9,1.3,0.669,0.6331,0.4303,-1.01,0.6431,-1,,,,,0,0,,,-0.0133,0.0136,,,,,,,,,,,,,,,,,pinnacle
spelad,L1,2019/20,2019-11-09,,Lille,Metz,0,0,D,13,4,5,1,1.6581,0.1388,understat,,,,,,,,,,0.6044,0.237,0.1585,0.6294,0.246,0.1246,1,1.63,4.15,7,1.6,4.1,8.3,0.4365,0.4196,-0.0086,-0.3814,0.0998,0,,,,,0,0,,,0.0839,-0.0313,,,,,,,,,,,,,,,,,pinnacle
spelad,L1,2019/20,2019-11-09,,Monaco,Dijon,1,0,H,18,15,7,3,2.0124,1.2266,understat,,,,,,,,,,0.6808,0.1965,0.1227,0.681,0.1889,0.1301,1,1.44,5.05,8.5,1.5,5.2,8.5,0.6204,0.6471,-0.2215,0.4143,-0.621,-2,4,0.75,-0.2746,0.0212,0,0,,,-0.0071,-0.0258,,,,,,,,,,,,,,,,,pinnacle
spelad,L1,2019/20,2019-11-09,,Reims,Angers,0,0,D,9,13,2,2,0.4502,0.6765,understat,,,,,,,,,,0.4135,0.3196,0.2669,0.3641,0.3262,0.3096,1,2.4,3.16,3.75,2.78,3.09,3.5,0.338,0.3514,-0.1054,0.3325,-0.0127,-1,,,,,0,0,,,-0.1414,0.0028,,,,,,,,,,,,,,,,,pinnacle
spelad,L1,2019/20,2019-11-09,,Strasbourg,Nimes,4,1,H,20,10,10,4,3.344,0.7289,understat,,,,,,,,,,0.5049,0.29,0.2051,0.5194,0.284,0.1966,1,1.95,3.52,4.8,1.93,3.7,5.3,0.4242,0.4268,0.1506,0.2113,-0.0137,-7,,,,,0,0,,,0.0376,-0.0083,,,,,,,,,,,,,,,,,pinnacle
spelad,L1,2019/20,2019-11-10,,Marseille,Lyon,2,1,H,10,11,4,4,1.1601,1.0987,understat,,,,,,,,,,0.3611,0.2752,0.3638,0.3963,0.2822,0.3215,1,2.83,3.55,2.75,2.65,3.58,3.1,0.5141,0.5077,0.9026,-0.8154,0.8095,0,4,-3,-1.2842,-0.2585,0,0,,,0.1127,0.005,,,,,,,,,,,,,,,,,pinnacle
spelad,L1,2019/20,2019-11-10,,Montpellier,Toulouse,3,0,H,8,6,3,2,1.4204,0.2518,understat,,,,,,,,,,0.5421,0.2695,0.1884,0.5311,0.2677,0.2012,1,1.83,3.7,5.25,1.85,3.67,5,0.4541,0.4692,0.6885,-0.6477,0.6077,0,4,1.5,0.6753,-0.2963,0,0,,,-0.0348,-0.0119,,,,,,,,,,,,,,,,,pinnacle
spelad,L1,2019/20,2019-11-10,,Nantes,St Etienne,2,3,A,9,11,6,4,0.9328,0.8531,understat,,,,,,,,,,0.4586,0.3019,0.2395,0.5162,0.2765,0.2074,1,2.19,3.3,4.2,1.92,3.6,4.75,0.3863,0.4278,-0.408,0.4649,-0.153,0,4,-1.5,-0.7529,0.2017,0,0,,,0.1473,-0.0165,,,,,,,,,,,,,,,,,pinnacle
spelad,L1,2019/20,2019-11-10,,Rennes,Amiens,3,1,H,22,13,11,6,3.4053,0.4734,understat,,,,,,,,,,0.4597,0.2836,0.2566,0.4601,0.2898,0.2502,1,2.2,3.42,4,2.17,3.4,4.14,0.4365,0.4329,-0.2973,-0.2042,-1.0374,6,4,1.5,0.5235,-0.2943,0,0,,,0.0071,-0.0057,,,,,,,,,,,,,,,,,pinnacle
spelad,L1,2019/20,2019-11-22,,Paris SG,Lille,2,0,H,11,13,4,8,2.6812,0.7472,understat,,,,,,,,,,0.755,0.1566,0.0883,0.7339,0.1679,0.0982,1,1.3,6.44,12.5,1.33,6.1,11.5,0.6589,0.6511,0.4796,0.1921,0.3179,0,4,1.5,-0.2233,-0.1396,0,0,,,-0.052,0.0053,,,,,,,,,,,,,,,,,pinnacle
spelad,L1,2019/20,2019-11-23,,Amiens,Strasbourg,0,4,A,5,17,0,9,0.2057,2.6717,understat,,,,,,,,,,0.3841,0.3197,0.2963,0.403,0.3113,0.2857,1,2.55,3.17,3.31,2.55,3.2,3.45,0.3985,0.3941,-0.3491,0.3911,0.1323,-1,4,0.75,0.5538,-0.0524,0,0,,,0.0485,-0.0178,,,,,,,,,,,,,,,,,pinnacle
spelad,L1,2019/20,2019-11-23,,Angers,Nimes,1,0,H,21,10,7,2,1.132,0.5694,understat,,,,,,,,,,0.5734,0.2517,0.1749,0.5282,0.2619,0.2099,1,1.76,3.9,5.55,1.94,3.71,5.25,0.468,0.4744,0.2731,-0.2206,0.3855,0,,,,,0,0,,,-0.1254,-0.0064,,,,,,,,,,,,,,,,,pinnacle
spelad,L1,2019/20,2019-11-23,,Brest,Nantes,1,1,D,13,11,4,4,0.5653,1.5042,understat,,,,,,,,,,0.329,0.3033,0.3677,0.3595,0.2987,0.3418,1,3.01,3.24,2.72,2.9,3.3,2.92,0.4242,0.4268,0.5921,-1.0907,0.6876,1,,,,,0,0,,,0.0869,-0.0061,,,,,,,,,,,,,,,,,pinnacle
spelad,L1,2019/20,2019-11-23,,Dijon,Rennes,2,1,H,16,11,6,4,0.6149,0.6726,understat,,,,,,,,,,0.336,0.289,0.3749,0.3292,0.3016,0.3692,1,3,3.4,2.62,3.12,3.36,2.7,0.449,0.4552,0.5863,-0.6558,0.7651,1,4,0.75,0.7148,-0.0155,0,0,,,-0.008,-0.0011,,,,,,,,,,,,,,,,,pinnacle
spelad,L1,2019/20,2019-11-23,,Lyon,Nice,2,1,H,9,17,4,7,1.1725,2.3243,understat,,,,,,,,,,0.6573,0.2157,0.127,0.6136,0.2198,0.1666,1,1.5,4.75,8,1.6,4.48,6.65,0.5635,0.5758,-0.7354,0.8807,-0.6108,-2,4,0,-0.4909,-0.2156,0,0,,,-0.1271,-0.0065,,,,,,,,,,,,,,,,,pinnacle
spelad,L1,2019/20,2019-11-23,,Metz,Reims,1,1,D,9,18,2,6,0.9043,1.5333,understat,,,,,,,,,,0.3422,0.3295,0.3283,0.293,0.3343,0.3727,1,2.92,3.03,3,3.34,3.02,2.88,0.3273,0.3372,-0.0598,0.0048,-0.1256,0,,,,,0,0,,,-0.1428,0.0327,,,,,,,,,,,,,,,,,pinnacle
spelad,L1,2019/20,2019-11-24,,Bordeaux,Monaco,2,1,H,17,11,6,3,1.4834,1.4337,understat,,,,,,,,,,0.2825,0.2677,0.4499,0.2883,0.2661,0.4456,1,3.5,3.63,2.31,3.94,3.7,2.25,0.5167,0.5371,-0.1402,-0.4292,-0.123,1,4,-0.75,-0.0869,-0.0219,0,0,,,0.0158,-0.0063,,,,,,,,,,,,,,,,,pinnacle
spelad,L1,2019/20,2019-11-24,,St Etienne,Montpellier,0,0,D,9,8,2,2,0.4824,1.3382,understat,,,,,,,,,,0.4168,0.2943,0.289,0.3461,0.3127,0.3412,1,2.41,3.34,3.36,2.82,3.33,3.17,0.4115,0.3829,0.7437,-0.0975,0.6314,0,4,-0.75,-0.4767,-0.0408,0,0,,,-0.1936,0.0228,,,,,,,,,,,,,,,,,pinnacle
spelad,L1,2019/20,2019-11-24,,Toulouse,Marseille,0,2,A,10,14,3,7,0.896,1.9619,understat,,,,,,,,,,0.2988,0.2807,0.4205,0.2816,0.2706,0.4477,1,3.5,3.6,2.31,3.92,3.65,2.2,0.4821,0.5219,-0.7648,0.8407,-0.6092,0,4,-3,-0.8296,-0.2497,0,0,,,-0.0617,-0.0046,,,,,,,,,,,,,,,,,pinnacle
spelad,L1,2019/20,2019-11-29,,Marseille,Brest,2,1,H,34,4,10,1,4.5273,0.6926,understat,,,,,,,,,,0.6846,0.2028,0.1126,0.692,0.1989,0.1091,1,1.45,4.85,9,1.45,5,9.05,0.5282,0.5609,0.0694,0.4143,-0.1617,-1,,,,,0,0,,,0.0183,-0.0361,,,,,,,,,,,,,,,,,pinnacle
spelad,L1,2019/20,2019-11-30,,Lille,Dijon,1,0,H,19,8,5,0,1.7125,0.6401,understat,,,,,,,,,,0.6501,0.2242,0.1256,0.6857,0.2048,0.1095,1,1.59,4.33,7.71,1.5,5,8.95,0.5,0.5256,-1.1828,0.8899,-1.2779,1,4,1.5,0.4968,-0.2516,0,0,,,0.0873,-0.0463,,,,,,,,,,,,,,,,,pinnacle
spelad,L1,2019/20,2019-11-30,,Montpellier,Amiens,4,2,H,20,6,10,2,1.3519,0.9897,understat,,,,,,,,,,0.541,0.2728,0.1862,0.5584,0.2699,0.1717,1,1.86,3.59,5.3,1.78,3.7,6.1,0.4115,0.4257,0.3102,-0.8038,0.2483,-1,4,0.75,-0.2338,0.4522,0,0,,,0.0494,0.0025,,,,,,,,,,,,,,,,,pinnacle
spelad,L1,2019/20,2019-11-30,,Nice,Angers,3,1,H,10,10,7,4,1.1102,0.3897,understat,,,,,,,,,,0.3655,0.3147,0.3198,0.4336,0.2943,0.2721,1,2.71,3.18,3.1,2.35,3.32,3.7,0.3916,0.4391,-0.3355,-0.1203,-0.4831,0,4,-0.75,-0.7375,0.4493,0,0,,,0.1839,-0.0069,,,,,,,,,,,,,,,,,pinnacle
spelad,L1,2019/20,2019-11-30,,Nimes,Metz,1,1,D,14,10,3,4,0.4677,0.6058,understat,,,,,,,,,,0.4792,0.287,0.2338,0.4645,0.2987,0.2368,1,2.13,3.45,4.25,2.25,3.36,4.15,0.416,0.3985,-0.5751,0.3858,-0.4781,0,,,,,0,0,,,-0.0323,-0.0302,,,,,,,,,,,,,,,,,pinnacle
spelad,L1,2019/20,2019-11-30,,Reims,Bordeaux,1,1,D,19,5,6,1,1.1624,0.2146,understat,,,,,,,,,,0.4677,0.3108,0.2216,0.4261,0.326,0.2478,1,2.11,3.25,4.4,2.3,3.2,4.2,0.3372,0.338,-0.5226,0.84,-0.4114,1,,,,,0,0,,,-0.1093,0.008,,,,,,,,,,,,,,,,,pinnacle
spelad,L1,2019/20,2019-11-30,,Strasbourg,Lyon,1,2,A,9,8,2,4,0.4229,0.8199,understat,,,,,,,,,,0.3472,0.2955,0.3574,0.3978,0.2941,0.3081,1,2.94,3.45,2.77,2.64,3.34,3.2,0.4821,0.4501,0.3077,-0.4354,0.7446,0,4,-0.75,0.3251,0.0394,0,0,,,0.1505,-0.025,,,,,,,,,,,,,,,,,pinnacle
spelad,L1,2019/20,2019-12-01,,Nantes,Toulouse,2,1,H,21,7,8,3,2.8767,1.0119,understat,,,,,,,,,,0.5314,0.2794,0.1892,0.5506,0.2722,0.1772,1,1.85,3.68,5.2,1.78,3.7,5.8,0.4464,0.4667,0.2121,-0.2411,0.5268,1,4,0.75,0.2382,-0.0532,0,0,,,0.0505,-0.0155,,,,,,,,,,,,,,,,,pinnacle
spelad,L1,2019/20,2019-12-01,,Rennes,St Etienne,2,1,H,14,5,5,1,1.4895,0.6818,understat,,,,,,,,,,0.4869,0.2839,0.2291,0.4889,0.2939,0.2172,1,2.02,3.55,4.25,2.09,3.46,4.48,0.4391,0.4242,-1.404,1.1667,-1.1895,1,4,0.75,0.0829,0.4556,0,0,,,0.0159,-0.0231,,,,,,,,,,,,,,,,,pinnacle
spelad,L1,2019/20,2019-12-03,,Angers,Marseille,0,2,A,9,10,2,4,0.7828,2.0957,understat,,,,,,,,,,0.3259,0.3006,0.3735,0.3113,0.297,0.3917,1,3.03,3.39,2.62,3.3,3.34,2.5,0.449,0.415,-0.7215,0.3929,-0.7219,-1,4,0,0.2023,0.7463,0,0,,,-0.0473,-0.008,,,,,,,,,,,,,,,,,pinnacle
spelad,L1,2019/20,2019-12-03,,Bordeaux,Nimes,6,0,H,12,7,8,1,2.0996,0.1928,understat,,,,,,,,,,0.5048,0.2816,0.2136,0.477,0.2913,0.2317,1,1.96,3.49,4.65,2.05,3.43,4.66,0.4196,0.4221,0.9336,-0.8431,0.8728,0,,,,,0,0,,,-0.0736,0.0007,,,,,,,,,,,,,,,,,pinnacle
spelad,L1,2019/20,2019-12-03,,Brest,Strasbourg,5,0,H,11,9,8,3,2.2351,0.7757,understat,,,,,,,,,,0.2768,0.2989,0.4243,0.2899,0.2934,0.4168,1,3.55,3.32,2.35,3.45,3.36,2.38,0.4135,0.4501,0.4388,-1.0411,0.2567,1,,,,,0,0,,,0.0336,-0.011,,,,,,,,,,,,,,,,,pinnacle
spelad,L1,2019/20,2019-12-03,,Lyon,Lille,0,1,A,11,8,3,2,0.5861,0.9652,understat,,,,,,,,,,0.4795,0.2734,0.2471,0.4743,0.277,0.2487,1,2.07,3.62,4.15,2.1,3.55,4.2,0.5,0.4629,0.4775,-0.0888,0.2397,0,4,-0.75,-1.188,0.52,0,0,,,-0.012,-0.002,,,,,,,,,,,,,,,,,pinnacle
spelad,L1,2019/20,2019-12-04,,Dijon,Montpellier,2,2,D,18,18,2,6,1.2998,1.2769,understat,,,,,,,,,,0.3111,0.3141,0.3748,0.3226,0.3269,0.3505,1,3.21,3.22,2.6,3.09,3.18,2.83,0.3711,0.3796,0.8302,-0.5446,0.7543,0,4,1.5,0.9704,0.2191,0,0,,,0.0472,0.0115,,,,,,,,,,,,,,,,,pinnacle
spelad,L1,2019/20,2019-12-04,,Metz,Rennes,0,1,A,20,12,4,2,0.7321,1.1301,understat,,,,,,,,,,0.3133,0.3133,0.3735,0.3125,0.3262,0.3613,1,3.13,3.2,2.62,3.14,3.16,2.71,0.3669,0.3628,0.1729,-0.3489,0.0108,1,,,,,0,0,,,0.0107,0.001,,,,,,,,,,,,,,,,,pinnacle
spelad,L1,2019/20,2019-12-04,,Paris SG,Nantes,2,0,H,10,11,6,4,2.0423,0.4718,understat,,,,,,,,,,0.8337,0.1179,0.0483,0.8517,0.1045,0.0437,1,1.19,8.5,23,1.15,10,26,0.6542,0.7158,0.2484,-0.2301,-0.0366,7,4,1.5,-0.101,-0.1586,0,0,,,0.0406,-0.0226,,,,,,,,,,,,,,,,,pinnacle
spelad,L1,2019/20,2019-12-04,,St Etienne,Nice,4,1,H,15,16,7,4,3.1578,1.4179,understat,,,,,,,,,,0.4031,0.2874,0.3094,0.4643,0.2862,0.2495,1,2.43,3.42,3.25,2.15,3.5,3.96,0.4391,0.449,1.2006,-0.7371,1.0738,-1,4,0.75,0.3916,-0.0277,0,0,,,0.1823,-0.0164,,,,,,,,,,,,,,,,,pinnacle
spelad,L1,2019/20,2019-12-04,,Toulouse,Monaco,1,2,A,14,18,3,7,1.5955,3.5634,understat,,,,,,,,,,0.2463,0.2469,0.5067,0.242,0.2616,0.4964,1,4.2,3.95,1.95,4.36,3.85,1.97,0.5732,0.585,-0.7544,0.5481,-0.6238,-7,4,-1.5,-0.3862,0.2534,0,0,,,0.0018,0.0072,,,,,,,,,,,,,,,,,pinnacle
spelad,L1,2019/20,2019-12-06,,Lille,Brest,1,0,H,16,6,10,0,2.5374,0.2619,understat,,,,,,,,,,0.705,0.1894,0.1056,0.7218,0.1755,0.1027,1,1.44,5.18,9.8,1.4,5.7,9.7,0.5422,0.5955,-0.7083,1.52,-0.8233,0,,,,,0,0,,,0.0364,-0.0413,,,,,,,,,,,,,,,,,pinnacle
spelad,L1,2019/20,2019-12-06,,Nimes,Lyon,0,4,A,6,22,2,8,0.4559,2.6805,understat,,,,,,,,,,0.2157,0.2278,0.5565,0.1847,0.2494,0.5659,1,5,4.3,1.81,5.65,4.2,1.73,0.5536,0.5064,-0.5648,0.708,-0.4302,0,,,,,0,0,,,-0.0714,0.0081,,,,,,,,,,,,,,,,,pinnacle
spelad,L1,2019/20,2019-12-07,,Monaco,Amiens,3,0,H,20,5,8,2,2.6453,0.5013,understat,,,,,,,,,,0.6671,0.1999,0.1331,0.6769,0.2051,0.118,1,1.5,4.9,7.45,1.48,5.05,8.3,0.599,0.6049,0.5922,-0.4144,0.1798,-4,4,1.5,0.0031,0.2695,0,0,,,0.0346,-0.0366,,,,,,,,,,,,,,,,,pinnacle
spelad,L1,2019/20,2019-12-07,,Montpellier,Paris SG,1,3,A,6,14,1,5,0.4471,0.7825,understat,,,,,,,,,,0.1458,0.2056,0.6486,0.146,0.1857,0.6684,1,7.5,4.75,1.51,7,5.22,1.48,0.5875,0.6171,0.011,-0.6718,-0.03,0,4,-0.75,0.5463,0.0875,0,0,,,-0.0194,0.017,,,,,,,,,,,,,,,,,pinnacle
spelad,L1,2019/20,2019-12-07,,Nice,Metz,4,1,H,14,18,5,3,1.5197,0.9389,understat,,,,,,,,,,0.5418,0.2709,0.1872,0.5361,0.271,0.1929,1,1.83,3.71,5.2,1.85,3.71,5.29,0.4655,0.4293,-0.0278,-0.0441,-0.011,0,,,,,0,0,,,-0.0172,-0.018,,,,,,,,,,,,,,,,,pinnacle
spelad,L1,2019/20,2019-12-07,,Rennes,Angers,2,1,H,8,12,3,1,1.2861,0.9297,understat,,,,,,,,,,0.4519,0.3065,0.2417,0.4381,0.3011,0.2608,1,2.2,3.34,4.02,2.25,3.3,4.2,0.4135,0.4115,0.1951,-0.233,0.5189,-1,4,2.25,1.0337,-0.0412,0,0,,,-0.0466,0.0176,,,,,,,,,,,,,,,,,pinnacle
spelad,L1,2019/20,2019-12-07,,Strasbourg,Toulouse,4,2,H,18,14,7,9,2.8251,2.1204,understat,,,,,,,,,,0.5734,0.2369,0.1896,0.5579,0.2521,0.19,1,1.73,4.09,5.4,1.78,3.91,5.35,0.4974,0.4846,0.194,0.109,0.3764,1,4,1.5,0.6522,0.2136,0,0,,,-0.0314,-0.0224,,,,,,,,,,,,,,,,,pinnacle
spelad,L1,2019/20,2019-12-08,,Marseille,Bordeaux,3,1,H,25,3,6,2,2.048,0.1582,understat,,,,,,,,,,0.6018,0.2227,0.1755,0.5737,0.2558,0.1704,1,1.67,4.35,5.75,1.71,4,6.45,0.5026,0.4641,0.2764,0.767,0.2314,0,4,0.75,0.1501,-0.0276,0,0,,,-0.0509,0.0007,,,,,,,,,,,,,,,,,pinnacle
spelad,L1,2019/20,2019-12-08,,Nantes,Dijon,1,0,H,17,5,6,1,0.9829,0.6413,understat,,,,,,,,,,0.5385,0.2498,0.2116,0.5946,0.2423,0.1632,1,1.85,3.88,4.8,1.7,4.05,6.9,0.4453,0.4641,-1.164,1.6162,-0.95,0,4,-0.75,-0.6233,-0.0213,0,0,,,0.1606,-0.0271,,,,,,,,,,,,,,,,,pinnacle
spelad,L1,2019/20,2019-12-08,,Reims,St Etienne,3,1,H,10,11,3,4,1.2589,0.5113,understat,,,,,,,,,,0.4834,0.2875,0.2292,0.4417,0.3104,0.2479,1,2.1,3.4,4.4,2.29,3.18,4,0.372,0.3474,-1.1144,1.2015,-1.2247,4,,,,,0,0,,,-0.1021,-0.0248,,,,,,,,,,,,,,,,,pinnacle
spelad,L1,2019/20,2019-12-13,,Lille,Montpellier,2,1,H,14,10,9,4,1.9309,1.5333,understat,,,,,,,,,,0.5516,0.2603,0.1881,0.5305,0.2766,0.193,1,1.8,3.73,5.39,1.89,3.6,5.25,0.434,0.402,0.1246,0.2174,0.2076,1,4,0,-0.0034,0.1947,0,0,,,-0.0471,-0.0043,,,,,,,,,,,,,,,,,pinnacle
spelad,L1,2019/20,2019-12-14,,Amiens,Dijon,1,1,D,6,10,2,5,0.2892,0.6406,understat,,,,,,,,,,0.4743,0.2868,0.2389,0.4536,0.2805,0.2659,1,2.09,3.45,4.1,2.2,3.46,3.84,0.4464,0.4615,-0.4731,1.1661,-0.3701,1,4,1.5,0.6769,0.1993,0,0,,,-0.0685,-0.0018,,,,,,,,,,,,,,,,,pinnacle
spelad,L1,2019/20,2019-12-14,,Angers,Monaco,0,0,D,10,7,5,2,0.8701,0.3838,understat,,,,,,,,,,0.2945,0.2793,0.4262,0.3262,0.2818,0.392,1,3.3,3.62,2.35,3.2,3.58,2.49,0.5459,0.5485,-0.6335,0.4452,-0.5109,0,4,-0.75,0.045,-0.0117,0,0,,,0.0977,-0.0077,,,,,,,,,,,,,,,,,pinnacle
spelad,L1,2019/20,2019-12-14,,Brest,Nice,0,0,D,16,15,4,7,2.5326,1.1352,understat,,,,,,,,,,0.3557,0.2899,0.3544,0.3807,0.2822,0.3371,1,2.74,3.51,2.77,2.58,3.5,2.92,0.5026,0.5282,0.3231,-1.1889,0.3468,1,,,,,0,0,,,0.0673,-0.0014,,,,,,,,,,,,,,,,,pinnacle
spelad,L1,2019/20,2019-12-14,,Metz,Marseille,1,1,D,6,16,3,5,1.0184,1.6923,understat,,,,,,,,,,0.2083,0.2495,0.5422,0.2063,0.2768,0.5169,1,4.8,3.9,1.85,4.85,3.7,1.93,0.4453,0.4268,-0.9346,0.2165,-1.1899,1,,,,,0,0,,,0.0214,0.0139,,,,,,,,,,,,,,,,,pinnacle
spelad,L1,2019/20,2019-12-14,,Nimes,Nantes,0,1,A,16,10,4,5,0.8487,1.3185,understat,,,,,,,,,,0.2849,0.298,0.417,0.253,0.2952,0.4518,1,3.44,3.34,2.47,3.94,3.36,2.2,0.4065,0.4045,0.3998,-0.2052,-0.0251,2,,,,,0,0,,,-0.0987,0.0045,,,,,,,,,,,,,,,,,pinnacle
spelad,L1,2019/20,2019-12-14,,Toulouse,Reims,0,1,A,9,10,5,4,0.6691,1.4422,understat,,,,,,,,,,0.2954,0.2981,0.4066,0.2899,0.2916,0.4185,1,3.35,3.34,2.48,3.5,3.36,2.36,0.4135,0.4171,-0.5616,0.2996,-0.6562,1,,,,,0,0,,,-0.023,-0.0073,,,,,,,,,,,,,,,,,pinnacle
spelad,L1,2019/20,2019-12-15,,Bordeaux,Strasbourg,0,1,A,13,7,3,4,1.2859,0.5273,understat,,,,,,,,,,0.4265,0.3011,0.2724,0.4312,0.308,0.2608,1,2.32,3.3,3.6,2.38,3.3,3.8,0.402,0.3839,0.3017,-1.0026,0.1336,-1,4,-1.5,-0.8467,-0.2888,0,0,,,0.0209,-0.0235,,,,,,,,,,,,,,,,,pinnacle
spelad,L1,2019/20,2019-12-15,,Lyon,Rennes,0,1,A,10,12,3,6,0.5292,0.9394,understat,,,,,,,,,,0.5702,0.2486,0.1812,0.5843,0.2419,0.1738,1,1.74,4.05,5.35,1.7,4.06,5.9,0.5154,0.5256,0.1035,-0.5386,-0.2029,1,4,0,-0.4757,-0.2334,0,0,,,0.0355,-0.0321,,,,,,,,,,,,,,,,,pinnacle
spelad,L1,2019/20,2019-12-15,,St Etienne,Paris SG,0,4,A,11,21,2,13,0.9613,3.6064,understat,,,,,,,,,,0.1287,0.1758,0.6955,0.0868,0.1479,0.7653,1,8.5,5.5,1.42,12,7,1.35,0.618,0.6445,0.4059,-0.4355,0.3327,-1,4,-2.25,-0.2055,0.0935,0,0,,,-0.1537,0.0161,,,,,,,,,,,,,,,,,pinnacle
spelad,L1,2019/20,2019-12-21,,Dijon,Metz,2,2,D,19,9,5,3,1.0894,1.251,understat,,,,,,,,,,0.4544,0.3006,0.245,0.4317,0.309,0.2593,1,2.18,3.32,3.98,2.29,3.28,3.85,0.3805,0.3951,0.3641,-0.4612,0.4393,0,,,,,0,0,,,-0.0596,-0.0028,,,,,,,,,,,,,,,,,pinnacle
spelad,L1,2019/20,2019-12-21,,Marseille,Nimes,3,1,H,19,12,9,5,1.9736,1.1497,understat,,,,,,,,,,0.7486,0.1607,0.0907,0.6913,0.1955,0.1132,1,1.36,6.2,11.75,1.44,5.2,10,0.591,0.5804,0.9122,-0.6784,1.4888,0,,,,,0,0,,,-0.1372,-0.0253,,,,,,,,,,,,,,,,,pinnacle
spelad,L1,2019/20,2019-12-21,,Monaco,Lille,5,1,H,15,9,6,4,3.5594,0.649,understat,,,,,,,,,,0.452,0.2643,0.2837,0.4376,0.2694,0.293,1,2.17,3.68,3.6,2.4,3.65,3.5,0.5179,0.5385,0.239,-0.2723,-0.152,-1,4,2.25,0.6908,0.0148,0,0,,,-0.0383,-0.0201,,,,,,,,,,,,,,,,,pinnacle
spelad,L1,2019/20,2019-12-21,,Montpellier,Brest,4,0,H,17,17,6,4,2.2249,0.7518,understat,,,,,,,,,,0.6116,0.2471,0.1413,0.6199,0.2436,0.1366,1,1.62,4.16,6.85,1.65,4.3,7.55,0.4641,0.4692,-0.0579,0.8742,-0.1871,1,,,,,0,0,,,0.0212,-0.0105,,,,,,,,,,,,,,,,,pinnacle
spelad,L1,2019/20,2019-12-21,,Nantes,Angers,1,2,A,9,13,1,7,0.2804,1.0728,understat,,,,,,,,,,0.4478,0.311,0.2412,0.4442,0.3144,0.2415,1,2.19,3.22,4.05,2.21,3.19,4.1,0.3669,0.3702,-0.2007,0.4889,0.0081,0,4,0.75,0.2842,-0.0578,0,0,,,-0.0075,-0.0096,,,,,,,,,,,,,,,,,pinnacle
spelad,L1,2019/20,2019-12-21,,Nice,Toulouse,3,0,H,15,8,5,0,1.9184,0.3427,understat,,,,,,,,,,0.576,0.2277,0.1963,0.5261,0.2588,0.2151,1,1.74,4.25,5.29,1.89,4.13,4.55,0.551,0.5385,0.8219,-0.8688,1.0177,0,4,0,-0.2391,0.2048,0,0,,,-0.1187,-0.0126,,,,,,,,,,,,,,,,,pinnacle
spelad,L1,2019/20,2019-12-21,,Paris SG,Amiens,4,1,H,22,8,10,3,4.8635,0.3506,understat,,,,,,,,,,0.8919,0.0772,0.0309,0.9226,0.0575,0.0199,1,1.09,13.75,39,1.07,18,60,0.7846,0.8192,0.5324,-0.7432,0.6923,-1,4,2.25,-0.1051,0.14,0,0,,,0.0724,-0.0244,,,,,,,,,,,,,,,,,pinnacle
spelad,L1,2019/20,2019-12-21,,Reims,Lyon,1,1,D,12,15,3,4,1.2272,1.5936,understat,,,,,,,,,,0.336,0.3183,0.3456,0.3284,0.3219,0.3497,1,2.93,3.15,2.81,3,3.17,2.81,0.3882,0.3873,-0.3558,0.6112,-0.0412,1,,,,,0,0,,,-0.0194,-0.0007,,,,,,,,,,,,,,,,,pinnacle
spelad,L1,2019/20,2019-12-21,,Rennes,Bordeaux,1,0,H,12,13,5,2,1.079,0.5407,understat,,,,,,,,,,0.4754,0.2921,0.2326,0.4924,0.2836,0.224,1,2.13,3.43,4.2,2.01,3.48,4.5,0.41,0.4125,0.3364,0.6193,0.68,0,4,2.25,1.2061,-0.0506,0,0,,,0.0426,-0.0059,,,,,,,,,,,,,,,,,pinnacle
spelad,L1,2019/20,2019-12-21,,Strasbourg,St Etienne,2,1,H,5,6,3,1,0.5014,1.461,understat,,,,,,,,,,0.4604,0.2948,0.2448,0.4677,0.2979,0.2344,1,2.13,3.41,3.95,2.15,3.48,4.15,0.4278,0.4221,-0.122,0.3824,0.148,0,4,-1.5,-0.6093,0.2119,0,0,,,0.0249,-0.0105,,,,,,,,,,,,,,,,,pinnacle
spelad,L1,2019/20,2020-01-10,,Rennes,Marseille,0,1,A,9,10,2,4,0.4946,0.8313,understat,,,,,,,,,,0.3623,0.3131,0.3246,0.3678,0.314,0.3182,1,2.72,3.3,3.03,2.7,3.3,3.13,0.4268,0.4416,0.0258,0.1373,0.1686,0,5,0,0.2757,0.3433,0,0,,,0.0174,-0.0078,,,,,,,,,,,,,,,,,pinnacle
spelad,L1,2019/20,2020-01-11,,Amiens,Montpellier,1,2,A,7,11,3,4,1.0233,0.8464,understat,,,,,,,,,,0.2652,0.2988,0.436,0.3054,0.3195,0.3752,1,3.69,3.28,2.36,3.2,3.17,2.6,0.3839,0.3669,-0.1313,0.7052,-0.5382,0,5,-1.2,-0.3317,0.3078,0,0,,,0.1412,0.0045,,,,,,,,,,,,,,,,,pinnacle
spelad,L1,2019/20,2020-01-11,,Angers,Nice,1,1,D,16,8,9,2,1.1211,1.1211,understat,,,,,,,,,,0.4897,0.2686,0.2418,0.5338,0.2662,0.2,1,2.02,3.61,4.34,1.87,3.85,5.05,0.4552,0.4578,-0.1942,0.8275,-0.2668,0,5,0,0.0084,0.3006,0,0,,,0.13,0.0029,,,,,,,,,,,,,,,,,pinnacle
spelad,L1,2019/20,2020-01-11,,Bordeaux,Lyon,1,2,A,5,22,2,6,0.7144,2.4306,understat,,,,,,,,,,0.2923,0.2906,0.4171,0.2686,0.2939,0.4375,1,3.56,3.4,2.33,4.12,3.38,2.25,0.4391,0.4304,-0.1231,-0.336,0.2087,0,5,0,0.4279,0.3626,0,0,,,-0.0679,-0.0258,,,,,,,,,,,,,,,,,pinnacle
spelad,L1,2019/20,2020-01-11,,Metz,Strasbourg,1,0,H,9,14,4,3,1.0071,1.1674,understat,,,,,,,,,,0.312,0.3257,0.3623,0.3291,0.3348,0.336,1,3.11,3.14,2.68,2.97,3.06,2.95,0.3595,0.328,-0.7547,0.2981,-0.665,0,3,1,0.5457,0.3741,0,0,,,0.0605,0,,,,,,,,,,,,,,,,,pinnacle
spelad,L1,2019/20,2020-01-11,,Nimes,Reims,2,0,H,13,6,4,2,1.6303,0.5043,understat,,,,,,,,,,0.2789,0.3162,0.4049,0.3403,0.3332,0.3265,1,3.56,3.16,2.43,2.93,3.16,2.96,0.3555,0.3466,-0.2955,0.8599,-0.5297,0,3,1,0.6396,0.3856,0,0,,,0.2012,-0.0081,,,,,,,,,,,,,,,,,pinnacle
spelad,L1,2019/20,2020-01-11,,Toulouse,Brest,2,5,A,12,15,5,9,1.4516,1.9539,understat,,,,,,,,,,0.4245,0.283,0.2924,0.4158,0.2824,0.3018,1,2.3,3.55,3.42,2.35,3.5,3.3,0.5051,0.5359,-0.3835,1.1663,-0.726,0,,,,,0,0,,,-0.0269,-0.0037,,,,,,,,,,,,,,,,,pinnacle
spelad,L1,2019/20,2020-01-12,,Dijon,Lille,1,0,H,15,12,7,6,1.2161,0.5865,understat,,,,,,,,,,0.2266,0.2787,0.4948,0.2538,0.2922,0.454,1,4.35,3.5,2.05,4.26,3.45,2.14,0.4329,0.4293,0.016,-0.8885,0.0966,0,5,-1.8,-0.3028,-0.2422,0,0,,,0.0952,-0.0086,,,,,,,,,,,,,,,,,pinnacle
spelad,L1,2019/20,2020-01-12,,Paris SG,Monaco,3,3,D,13,16,6,6,2.7633,1.9188,understat,,,,,,,,,,0.7839,0.1275,0.0886,0.8425,0.1008,0.0568,1,1.24,7.85,13.43,1.2,10,18.5,0.7811,0.8084,-0.0858,0.2456,-0.1408,0,4,3,0.5926,-0.1451,0,0,,,0.1489,-0.0233,,,,,,,,,,,,,,,,,pinnacle
spelad,L1,2019/20,2020-01-12,,St Etienne,Nantes,0,2,A,10,11,1,4,0.3801,1.2151,understat,,,,,,,,,,0.3682,0.3154,0.3164,0.3809,0.3121,0.3071,1,2.63,3.16,3.17,2.63,3.1,3.47,0.3669,0.3762,0.2219,-0.4214,0.4095,0,5,1.8,0.8613,0.1061,0,0,,,0.0347,0.0163,,,,,,,,,,,,,,,,,pinnacle
spelad,L1,2019/20,2020-01-15,,Amiens,Reims,1,1,D,6,6,3,1,0.9888,0.3388,understat,,,,,,,,,,0.3395,0.3258,0.3348,0.3481,0.3337,0.3183,1,3.05,3.06,2.94,2.8,2.98,3.2,0.3333,0.3177,0.0081,-0.0465,-0.4168,0,,,,,0,0,,,0.0337,0.01,,,,,,,,,,,,,,,,,pinnacle
spelad,L1,2019/20,2020-01-15,,Monaco,Paris SG,1,4,A,13,17,4,12,1.137,3.5582,understat,,,,,,,,,,0.164,0.1879,0.6481,0.2202,0.1938,0.586,1,6.72,5.3,1.51,5.5,5,1.67,0.7312,0.7197,-0.0234,-0.426,0.3024,0,5,-2.4,-0.2123,0.0638,0,0,,,0.1747,-0.0329,,,,,,,,,,,,,,,,,pinnacle
spelad,L1,2019/20,2020-01-15,,Nimes,Rennes,0,1,A,6,8,1,2,0.1902,0.6665,understat,,,,,,,,,,0.2854,0.3081,0.4065,0.2763,0.3013,0.4224,1,3.4,3.31,2.4,4.08,3.33,2.3,0.4242,0.3966,-0.8664,0.9027,-1.298,-1,,,,,0,0,,,-0.034,-0.0125,,,,,,,,,,,,,,,,,pinnacle
spelad,L1,2019/20,2020-01-24,,Nice,Rennes,1,1,D,23,21,4,5,2.0408,2.0128,understat,,,,,,,,,,0.353,0.3192,0.3278,0.3544,0.3121,0.3336,1,2.8,3.23,3.01,2.99,3.22,2.98,0.4196,0.4416,-0.6576,-0.2498,-0.644,4,5,1.8,0.9662,0.1226,0,0,,,-0.003,-0.0181,,,,,,,,,,,,,,,,,pinnacle
spelad,L1,2019/20,2020-01-25,,Brest,Amiens,2,1,H,10,8,3,3,0.8059,1.0017,understat,,,,,,,,,,0.4548,0.2791,0.2661,0.4723,0.2682,0.2596,1,2.15,3.55,3.8,2.08,3.73,3.85,0.449,0.5077,0.4615,-1.3289,0.8837,4,,,,,0,0,,,0.0416,-0.005,,,,,,,,,,,,,,,,,pinnacle
spelad,L1,2019/20,2020-01-25,,Marseille,Angers,0,0,D,9,4,2,0,0.3421,0.1625,understat,,,,,,,,,,0.5315,0.2545,0.214,0.4802,0.2803,0.2395,1,1.86,3.9,4.75,2.1,3.56,4.4,0.4692,0.4416,0.9104,-0.4599,1.1899,1,5,0.6,-0.4533,0.5377,0,0,,,-0.1281,-0.005,,,,,,,,,,,,,,,,,pinnacle
spelad,L1,2019/20,2020-01-25,,Monaco,Strasbourg,1,3,A,12,11,3,7,1.0629,1.1416,understat,,,,,,,,,,0.5964,0.2317,0.1719,0.6087,0.2396,0.1517,1,1.7,4.32,5.71,1.65,4.2,6.38,0.5696,0.5609,-0.3187,0.0793,-0.1106,-4,5,0,-0.3541,-0.0517,0,0,,,0.0449,-0.0403,,,,,,,,,,,,,,,,,pinnacle
spelad,L1,2019/20,2020-01-25,,Montpellier,Dijon,2,1,H,16,6,5,2,1.8422,0.4356,understat,,,,,,,,,,0.5786,0.2536,0.1678,0.5937,0.2567,0.1496,1,1.7,4,6.05,1.75,4,6.6,0.4427,0.4655,0.2496,-0.4572,0.202,1,5,-1.2,-1.0274,0.3099,0,0,,,0.0484,-0.0372,,,,,,,,,,,,,,,,,pinnacle
spelad,L1,2019/20,2020-01-25,,Reims,Metz,0,1,A,16,7,2,4,0.6362,0.9498,understat,,,,,,,,,,0.4923,0.3069,0.2008,0.4798,0.3319,0.1882,1,2,3.23,5.2,2.05,3.1,5.2,0.3221,0.2934,-0.0156,0.0488,-0.0382,-4,,,,,0,0,,,-0.0123,-0.005,,,,,,,,,,,,,,,,,pinnacle
spelad,L1,2019/20,2020-01-25,,St Etienne,Nimes,2,1,H,13,12,6,4,2.1352,0.6905,understat,,,,,,,,,,0.5322,0.2661,0.2018,0.5623,0.2545,0.1832,1,1.82,3.86,5,1.77,3.95,5.4,0.4515,0.4541,0.1905,-0.5994,0.3319,3,3,2,0.8362,0.0496,0,0,,,0.0789,-0.0342,,,,,,,,,,,,,,,,,pinnacle
spelad,L1,2019/20,2020-01-26,,Lille,Paris SG,0,2,A,9,12,2,5,0.3847,2.0343,understat,,,,,,,,,,0.1527,0.1976,0.6497,0.1606,0.2022,0.6372,1,7,5.1,1.49,7.8,4.95,1.52,0.6462,0.6015,-0.2933,0.5621,-0.2946,3,5,-1.8,0.1978,-0.1452,0,0,,,0.0284,-0.0138,,,,,,,,,,,,,,,,,pinnacle
spelad,L1,2019/20,2020-01-26,,Lyon,Toulouse,3,0,H,13,10,5,4,1.201,0.3271,understat,,,,,,,,,,0.7432,0.1586,0.0982,0.7834,0.1432,0.0734,1,1.31,6.1,11,1.26,7,13.12,0.6589,0.6779,0.7568,-0.9594,1.0063,0,5,2.4,0.5277,-0.0158,0,0,,,0.1052,-0.0225,,,,,,,,,,,,,,,,,pinnacle
spelad,L1,2019/20,2020-01-26,,Nantes,Bordeaux,0,1,A,7,11,0,2,0.2011,0.7504,understat,,,,,,,,,,0.5101,0.285,0.2049,0.4729,0.3087,0.2183,1,1.98,3.4,4.8,2.17,3.33,4.74,0.3619,0.3744,0.2832,0.6701,0.3179,-1,5,-1.2,-0.4704,-0.1121,0,0,,,-0.0878,0.0107,,,,,,,,,,,,,,,,,pinnacle
spelad,L1,2019/20,2020-01-31,,Rennes,Nantes,3,2,H,13,8,9,5,2.2189,0.8764,understat,,,,,,,,,,0.475,0.3057,0.2193,0.4968,0.2953,0.2079,1,2.1,3.26,4.83,2,3.38,5,0.372,0.372,0.5931,-0.3645,0.7699,2,5,0.6,0.281,0.084,0,0,,,0.0548,-0.0018,,,,,,,,,,,,,,,,,pinnacle
spelad,L1,2019/20,2020-02-01,,Amiens,Toulouse,0,0,D,9,12,4,1,0.8031,0.6734,understat,,,,,,,,,,0.4721,0.2889,0.239,0.4637,0.2946,0.2417,1,2.08,3.52,4.05,2.15,3.41,4.15,0.4416,0.4268,0.0296,-0.1857,0.1756,1,5,-0.6,-0.2269,0.0913,0,0,,,-0.0195,-0.0046,,,,,,,,,,,,,,,,,pinnacle
spelad,L1,2019/20,2020-02-01,,Angers,Reims,1,4,A,15,12,4,4,1.2661,1.73,understat,,,,,,,,,,0.4419,0.3237,0.2344,0.4831,0.3103,0.2066,1,2.2,3.1,4.25,2.18,3.18,4.9,0.3091,0.3341,0.0079,0.2038,0.0603,0,3,0,-0.3056,0.6863,0,0,,,0.1101,-0.0274,,,,,,,,,,,,,,,,,pinnacle
spelad,L1,2019/20,2020-02-01,,Dijon,Brest,3,0,H,12,19,5,4,1.3021,1.3115,understat,,,,,,,,,,0.4627,0.2716,0.2657,0.4615,0.2685,0.27,1,2.12,3.6,3.8,2.12,3.61,3.8,0.4872,0.532,-0.3282,0.9154,-0.2237,0,,,,,0,0,,,-0.0066,0,,,,,,,,,,,,,,,,,pinnacle
spelad,L1,2019/20,2020-02-01,,Nimes,Monaco,3,1,H,22,6,8,4,1.7267,0.7328,understat,,,,,,,,,,0.2134,0.228,0.5587,0.2482,0.2396,0.5122,1,4.75,4.25,1.77,4.55,4.34,1.93,0.5779,0.5722,-0.1806,0.6875,-0.4424,0,3,1,0.7315,0.4121,0,0,,,0.1162,-0.0452,,,,,,,,,,,,,,,,,pinnacle
spelad,L1,2019/20,2020-02-01,,Paris SG,Montpellier,5,0,H,20,6,9,2,2.8933,0.1636,understat,,,,,,,,,,0.8413,0.1157,0.0431,0.8728,0.0901,0.037,1,1.16,9.2,23,1.15,12,29,0.6773,0.7524,0.2564,-0.0315,0.0677,-1,5,1.2,-0.3452,0.0328,0,0,,,0.0691,-0.0348,,,,,,,,,,,,,,,,,pinnacle
spelad,L1,2019/20,2020-02-01,,Strasbourg,Lille,1,2,A,13,9,3,4,1.0525,1.5698,understat,,,,,,,,,,0.361,0.3269,0.3121,0.362,0.3201,0.3179,1,2.76,3.08,3.1,2.9,3.09,3.1,0.3711,0.3546,0.324,-0.6457,0.4361,1,5,-0.6,-0.0233,0.1152,0,0,,,-0.0039,-0.0169,,,,,,,,,,,,,,,,,pinnacle
spelad,L1,2019/20,2020-02-02,,Bordeaux,Marseille,0,0,D,12,16,3,4,1.1518,0.4136,understat,,,,,,,,,,0.2865,0.2979,0.4156,0.2722,0.32,0.4078,1,3.55,3.3,2.38,3.92,3.21,2.37,0.4125,0.3762,-0.4157,-0.6181,-0.6108,-1,5,-1.2,-0.2514,-0.0733,0,0,,,-0.0207,-0.019,,,,,,,,,,,,,,,,,pinnacle
spelad,L1,2019/20,2020-02-02,,Metz,St Etienne,3,1,H,10,17,6,7,0.8825,2.4587,understat,,,,,,,,,,0.3623,0.3236,0.3141,0.3149,0.319,0.3661,1,2.71,3.05,3.1,3.2,3.07,2.9,0.3628,0.3619,0.4101,-0.5103,0.5372,0,3,1,0.9427,-0.272,0,0,,,-0.147,0.0111,,,,,,,,,,,,,,,,,pinnacle
spelad,L1,2019/20,2020-02-02,,Nice,Lyon,2,1,H,12,14,7,7,1.5509,1.559,understat,,,,,,,,,,0.2739,0.2656,0.4604,0.2452,0.249,0.5058,1,3.63,3.7,2.17,4.1,3.9,2.1,0.5459,0.5459,-0.3893,0.1603,-0.0261,2,5,-0.6,0.4214,-0.2165,0,0,,,-0.1027,0.0283,,,,,,,,,,,,,,,,,pinnacle
spelad,L1,2019/20,2020-02-04,,Lille,Rennes,1,0,H,14,11,3,4,0.9487,0.3912,understat,,,,,,,,,,0.4636,0.2892,0.2472,0.4876,0.2888,0.2236,1,2.13,3.47,4.22,2.06,3.5,4.6,0.4185,0.4242,-0.2642,0.4119,-0.5776,-1,5,-1.2,-0.5054,-0.0923,0,0,,,0.0716,-0.0057,,,,,,,,,,,,,,,,,pinnacle
spelad,L1,2019/20,2020-02-04,,Monaco,Angers,1,0,H,6,16,3,4,0.2753,1.077,understat,,,,,,,,,,0.4798,0.2678,0.2524,0.587,0.2334,0.1797,1,2.04,3.62,4.1,1.7,4.2,5.9,0.5282,0.5623,0.3394,-0.506,0.4195,0,5,0.6,-0.1182,0.1343,0,0,,,0.287,-0.0116,,,,,,,,,,,,,,,,,pinnacle
spelad,L1,2019/20,2020-02-04,,Nantes,Paris SG,1,2,A,15,19,5,7,2.7831,3.6563,understat,,,,,,,,,,0.1047,0.1751,0.7202,0.1028,0.1668,0.7304,1,10,5.75,1.35,11,6,1.33,0.6059,0.6289,-0.1046,0.4435,-0.2301,1,5,-1.8,0.1605,-0.1477,0,0,,,-0.014,-0.0049,,,,,,,,,,,,,,,,,pinnacle
spelad,L1,2019/20,2020-02-05,,Brest,Bordeaux,1,1,D,17,13,3,5,1.8183,1.0902,understat,,,,,,,,,,0.3829,0.2953,0.3218,0.3594,0.2877,0.3529,1,2.61,3.32,3.02,2.84,3.4,2.85,0.434,0.4629,0.36,-0.1589,0.3893,1,,,,,0,0,,,-0.078,-0.0159,,,,,,,,,,,,,,,,,pinnacle
spelad,L1,2019/20,2020-02-05,,Lyon,Amiens,0,0,D,10,7,3,2,0.4145,0.2445,understat,,,,,,,,,,0.7306,0.1809,0.0884,0.6706,0.2113,0.1181,1,1.35,5.5,11,1.45,4.84,8.5,0.5671,0.5371,0.6054,-0.6231,0.5439,-1,5,2.4,0.4126,-0.0004,0,0,,,-0.1497,-0.013,,,,,,,,,,,,,,,,,pinnacle
spelad,L1,2019/20,2020-02-05,,Montpellier,Metz,1,1,D,12,18,7,8,0.5081,1.5095,understat,,,,,,,,,,0.5554,0.2859,0.1587,0.5867,0.266,0.1473,1,1.77,3.45,6.25,1.7,3.65,6.65,0.3951,0.3941,-0.1169,0.2945,-0.1253,1,3,0,-0.4109,0.0476,0,0,,,0.0739,-0.04,,,,,,,,,,,,,,,,,pinnacle
spelad,L1,2019/20,2020-02-05,,Nimes,Dijon,2,0,H,11,10,5,3,1.4396,0.5003,understat,,,,,,,,,,0.4149,0.2939,0.2912,0.4299,0.2922,0.2779,1,2.4,3.37,3.33,2.44,3.35,3.6,0.4232,0.4196,-0.1616,1.0952,-0.2497,0,3,2,0.86,0.0531,0,0,,,0.0431,-0.0016,,,,,,,,,,,,,,,,,pinnacle
spelad,L1,2019/20,2020-02-05,,Reims,Nice,1,1,D,15,5,4,4,1.036,0.9293,understat,,,,,,,,,,0.4396,0.308,0.2525,0.5094,0.2898,0.2008,1,2.23,3.24,3.85,2.15,3.5,4.9,0.3762,0.3941,-0.3381,0.4646,-0.4414,1,3,0,0.047,0.0207,0,0,,,0.1914,-0.0161,,,,,,,,,,,,,,,,,pinnacle
spelad,L1,2019/20,2020-02-05,,St Etienne,Marseille,0,2,A,11,5,3,3,0.4536,0.5316,understat,,,,,,,,,,0.3133,0.2916,0.3951,0.3533,0.2997,0.347,1,3.1,3.34,2.52,2.97,3.32,2.82,0.4416,0.408,-1.0356,1.0465,-0.9435,0,5,-1.2,-0.1504,-0.0589,0,0,,,0.1282,-0.0531,,,,,,,,,,,,,,,,,pinnacle
spelad,L1,2019/20,2020-02-05,,Toulouse,Strasbourg,0,1,A,12,15,1,6,0.9917,1.636,understat,,,,,,,,,,0.2732,0.31,0.4168,0.2839,0.3006,0.4155,1,3.54,3.2,2.39,3.8,3.26,2.35,0.4135,0.4402,-1.0662,0.8445,-0.925,0,5,-1.8,-0.857,0.1205,0,0,,,0.0228,-0.0088,,,,,,,,,,,,,,,,,pinnacle
spelad,L1,2019/20,2020-02-07,,Angers,Lille,0,2,A,9,12,1,4,0.5077,1.6634,understat,,,,,,,,,,0.3258,0.3172,0.357,0.3325,0.3131,0.3544,1,3,3.15,2.74,3.1,3.18,2.75,0.3687,0.3702,-1.1218,0.6038,-0.9085,0,5,0,0.2281,-0.0853,0,0,,,0.0161,-0.0042,,,,,,,,,,,,,,,,,pinnacle
spelad,L1,2019/20,2020-02-08,,Amiens,Monaco,1,2,A,8,12,1,6,0.4364,1.2809,understat,,,,,,,,,,0.2497,0.2684,0.482,0.3069,0.2818,0.4113,1,3.95,3.7,2.01,3.48,3.68,2.35,0.4897,0.4781,-0.6761,0.4433,-0.374,-1,5,-1.8,-0.3299,0.1746,0,0,,,0.185,-0.0122,,,,,,,,,,,,,,,,,pinnacle
spelad,L1,2019/20,2020-02-08,,Dijon,Nantes,3,3,D,17,8,4,2,1.3388,0.5718,understat,,,,,,,,,,0.3683,0.3056,0.3261,0.3505,0.3171,0.3324,1,2.76,3.29,2.97,2.76,3.3,3.05,0.3995,0.4055,-0.1068,-0.0467,0.0834,-1,5,0,0.3693,-0.0655,0,0,,,-0.0419,0.0192,,,,,,,,,,,,,,,,,pinnacle
spelad,L1,2019/20,2020-02-08,,Marseille,Toulouse,1,0,H,12,10,3,3,0.7288,1.7893,understat,,,,,,,,,,0.732,0.1786,0.0894,0.6865,0.2051,0.1084,1,1.35,5.55,11,1.42,5.5,9.65,0.5459,0.5231,1.2319,-1.409,1.4401,0,5,3,1.1407,-0.2539,0,0,,,-0.11,-0.0012,,,,,,,,,,,,,,,,,pinnacle
spelad,L1,2019/20,2020-02-08,,Metz,Bordeaux,1,2,A,11,15,4,5,0.6726,2.1181,understat,,,,,,,,,,0.3724,0.3143,0.3133,0.3444,0.3173,0.3384,1,2.65,3.2,3.09,3.01,3.1,3.06,0.3474,0.3466,0.6206,0.1258,0.6633,0,3,-3,-0.7075,-0.2307,0,0,,,-0.081,0.0184,,,,,,,,,,,,,,,,,pinnacle
spelad,L1,2019/20,2020-02-08,,Nice,Nimes,1,3,A,6,10,3,5,0.7041,1.7192,understat,,,,,,,,,,0.4967,0.2676,0.2357,0.4752,0.262,0.2627,1,2.06,3.65,4.2,2.06,3.84,4.5,0.4769,0.4949,0.3624,-0.711,0.2606,0,3,3,1.7589,-0.2957,0,0,,,-0.0701,0.0227,,,,,,,,,,,,,,,,,pinnacle
spelad,L1,2019/20,2020-02-08,,Rennes,Brest,0,0,D,17,8,2,3,0.8294,0.3985,understat,,,,,,,,,,0.6302,0.2191,0.1507,0.6145,0.2406,0.1449,1,1.6,4.45,6.63,1.65,4.15,7.1,0.5359,0.5231,0.5055,0.0062,0.3572,1,,,,,0,0,,,-0.0256,-0.0234,,,,,,,,,,,,,,,,,pinnacle
spelad,L1,2019/20,2020-02-09,,Montpellier,St Etienne,1,0,H,8,17,3,5,0.5523,1.0588,understat,,,,,,,,,,0.4323,0.3045,0.2632,0.4825,0.293,0.2245,1,2.25,3.31,3.8,2.15,3.4,4.6,0.3916,0.3863,0.8516,-1.2748,0.5806,0,5,0.6,0.3467,0.1049,0,0,,,0.139,-0.0374,,,,,,,,,,,,,,,,,pinnacle
spelad,L1,2019/20,2020-02-09,,Paris SG,Lyon,4,2,H,16,7,5,2,1.7391,0.8744,understat,,,,,,,,,,0.7532,0.1452,0.1016,0.7119,0.1723,0.1158,1,1.31,6.7,11,1.38,6,9.15,0.7654,0.7094,0.728,-0.4448,0.8602,1,5,0.6,-0.2956,-0.1968,0,0,,,-0.0968,-0.0084,,,,,,,,,,,,,,,,,pinnacle
spelad,L1,2019/20,2020-02-09,,Strasbourg,Reims,3,0,H,12,5,5,0,2.9421,0.5168,understat,,,,,,,,,,0.4301,0.328,0.2419,0.4606,0.3161,0.2234,1,2.28,3.14,4.08,2.25,3.1,4.7,0.3221,0.345,0.5103,0.1572,0.4199,0,3,0,0.2162,0.0192,0,0,,,0.0795,-0.0117,,,,,,,,,,,,,,,,,pinnacle
spelad,L1,2019/20,2020-02-14,,Monaco,Montpellier,1,0,H,16,13,2,2,1.9344,0.9829,understat,,,,,,,,,,0.5439,0.2589,0.1972,0.572,0.2411,0.187,1,1.85,3.8,5,1.79,4.02,5.2,0.5154,0.5371,-0.2416,0.0495,-0.3106,1,5,-1.2,-0.94,0.3254,0,0,,,0.0663,-0.0454,,,,,,,,,,,,,,,,,pinnacle
spelad,L1,2019/20,2020-02-15,,Amiens,Paris SG,4,4,D,11,15,5,10,1.514,3.4517,understat,,,,,,,,,,0.1115,0.1587,0.7298,0.1566,0.219,0.6244,1,9.5,6.2,1.35,7.5,4.84,1.55,0.6674,0.6049,-0.9879,0.5915,-0.9418,1,5,-2.4,-0.0513,0.1005,0,0,,,0.1956,-0.0118,,,,,,,,,,,,,,,,,pinnacle
spelad,L1,2019/20,2020-02-15,,Bordeaux,Dijon,2,2,D,11,6,2,3,1.6682,0.9483,understat,,,,,,,,,,0.5225,0.2826,0.1949,0.535,0.2751,0.1899,1,1.88,3.52,5,1.85,3.7,5.15,0.4125,0.4293,-0.1653,0.3412,-0.1103,0,5,1.2,0.3138,-0.0824,0,0,,,0.0301,-0.0172,,,,,,,,,,,,,,,,,pinnacle
spelad,L1,2019/20,2020-02-15,,Nantes,Metz,0,0,D,18,7,7,2,1.1267,0.2968,understat,,,,,,,,,,0.4995,0.2982,0.2023,0.5125,0.3065,0.181,1,1.97,3.4,4.8,1.92,3.4,5.65,0.3777,0.3678,-0.2228,0.0353,-0.5775,0,3,0,-0.3041,0.0548,0,0,,,0.0472,-0.0044,,,,,,,,,,,,,,,,,pinnacle
spelad,L1,2019/20,2020-02-15,,Nimes,Angers,1,0,H,11,10,2,0,0.9773,0.4805,understat,,,,,,,,,,0.3505,0.3101,0.3394,0.3423,0.2962,0.3615,1,2.81,3.2,2.86,2.9,3.32,2.74,0.3931,0.4377,0.6616,-1.0082,0.9497,-1,3,1,0.7944,-0.2937,0,0,,,-0.0384,-0.0047,,,,,,,,,,,,,,,,,pinnacle
spelad,L1,2019/20,2020-02-15,,Toulouse,Nice,0,2,A,19,14,5,4,2.3667,1.4771,understat,,,,,,,,,,0.384,0.2741,0.3419,0.4154,0.2822,0.3024,1,2.65,3.55,2.91,2.5,3.6,3.25,0.5141,0.5179,-1.1468,1.9,-1.0834,0,5,-0.6,-0.1534,0.1121,0,0,,,0.1023,-0.0083,,,,,,,,,,,,,,,,,pinnacle
spelad,L1,2019/20,2020-02-16,,Brest,St Etienne,3,2,H,10,11,3,4,1.7751,1.6407,understat,,,,,,,,,,0.3416,0.3003,0.3581,0.3561,0.3166,0.3273,1,2.9,3.3,2.71,2.78,3.28,2.96,0.4692,0.449,0.9295,-1.3649,0.8812,1,,,,,0,0,,,0.0598,-0.0107,,,,,,,,,,,,,,,,,pinnacle
spelad,L1,2019/20,2020-02-16,,Lille,Marseille,1,2,A,13,5,3,2,1.1242,1.5147,understat,,,,,,,,,,0.4302,0.2916,0.2782,0.4569,0.3114,0.2317,1,2.28,3.36,3.6,2.2,3.15,4.2,0.401,0.3678,-0.293,0.8163,-0.1107,1,5,-0.6,0.1738,-0.2671,0,0,,,0.0997,-0.0274,,,,,,,,,,,,,,,,,pinnacle
spelad,L1,2019/20,2020-02-16,,Lyon,Strasbourg,1,1,D,5,7,2,1,1.2249,1.3789,understat,,,,,,,,,,0.5554,0.273,0.1716,0.5821,0.2605,0.1574,1,1.76,3.95,5.75,1.77,3.84,6.15,0.4821,0.4578,-1.0918,0.7883,-1.1895,0,5,1.2,0.0647,-0.0273,0,0,,,0.0678,-0.0324,,,,,,,,,,,,,,,,,pinnacle
spelad,L1,2019/20,2020-02-16,,Reims,Rennes,1,0,H,11,4,3,2,1.2999,0.1377,understat,,,,,,,,,,0.3545,0.3292,0.3163,0.3346,0.3504,0.315,1,2.77,3.03,3.12,2.92,2.88,3.14,0.3133,0.3077,-0.1784,-0.2267,-0.5387,-1,3,3,1.842,-0.3146,0,0,,,-0.0385,0.014,,,,,,,,,,,,,,,,,pinnacle
spelad,L1,2019/20,2020-02-21,,Metz,Lyon,0,2,A,7,12,0,6,0.1351,1.5696,understat,,,,,,,,,,0.2184,0.2819,0.4998,0.2207,0.2745,0.5047,1,4.6,3.55,1.97,4.8,3.7,1.95,0.4065,0.4242,0.8679,-0.9894,1.2011,1,3,-3,-0.4996,-0.1709,0,0,,,-0.0002,-0.0058,,,,,,,,,,,,,,,,,pinnacle
spelad,L1,2019/20,2020-02-21,,Nice,Brest,2,2,D,19,9,6,3,1.8628,0.6267,understat,,,,,,,,,,0.4823,0.2592,0.2585,0.4748,0.2569,0.2683,1,2.02,3.75,4,2.07,3.94,3.85,0.5573,0.5573,0.2672,-1.0606,0.0411,1,,,,,0,0,,,-0.0248,0.0083,,,,,,,,,,,,,,,,,pinnacle
spelad,L1,2019/20,2020-02-22,,Angers,Montpellier,1,0,H,12,10,8,2,1.2796,0.775,understat,,,,,,,,,,0.3904,0.3154,0.2943,0.3795,0.3142,0.3063,1,2.58,3.16,3.29,2.75,3.12,3.2,0.3578,0.372,-1.0308,1.0836,-0.7722,-1,5,0,0.0498,0.2889,0,0,,,-0.0337,-0.0205,,,,,,,,,,,,,,,,,pinnacle
spelad,L1,2019/20,2020-02-22,,Dijon,Monaco,1,1,D,12,17,2,6,1.5862,2.2089,understat,,,,,,,,,,0.2466,0.2663,0.4871,0.2519,0.2532,0.4948,1,4.2,3.7,2.05,3.9,3.85,2.05,0.5422,0.584,-0.2884,-0.2569,-0.0522,-1,5,-1.2,0.0869,-0.0208,0,0,,,0.0028,0.0134,,,,,,,,,,,,,,,,,pinnacle
spelad,L1,2019/20,2020-02-22,,Lille,Toulouse,3,0,H,18,7,9,1,2.6435,0.2915,understat,,,,,,,,,,0.7011,0.1947,0.1043,0.7321,0.181,0.0869,1,1.43,5.05,10,1.36,5.5,11.5,0.5256,0.5333,1.2664,-1.4254,0.9688,-1,5,0,-0.2082,-0.0816,0,0,,,0.0794,-0.0247,,,,,,,,,,,,,,,,,pinnacle
spelad,L1,2019/20,2020-02-22,,Marseille,Nantes,1,3,A,16,8,5,4,0.804,0.721,understat,,,,,,,,,,0.5463,0.2747,0.1791,0.5053,0.2879,0.2069,1,1.8,3.75,5.5,1.93,3.64,5.25,0.4055,0.3848,1.0502,-0.6408,0.9462,-1,5,-0.6,-0.6926,0.1327,0,0,,,-0.1098,0.0095,,,,,,,,,,,,,,,,,pinnacle
spelad,L1,2019/20,2020-02-22,,Strasbourg,Amiens,0,0,D,15,3,3,1,0.638,0.0632,understat,,,,,,,,,,0.5564,0.2616,0.182,0.5147,0.2846,0.2007,1,1.8,3.75,5.5,1.92,3.7,5.25,0.4135,0.4185,1.1609,-0.5575,1.2134,-1,5,0,-0.0348,-0.1042,0,0,,,-0.1022,0.0195,,,,,,,,,,,,,,,,,pinnacle
spelad,L1,2019/20,2020-02-23,,Paris SG,Bordeaux,4,3,H,23,12,9,7,5.5815,1.8912,understat,,,,,,,,,,0.8456,0.107,0.0474,0.8605,0.0904,0.0491,1,1.16,9.4,23,1.15,11,25,0.7091,0.7754,0.5488,-0.2994,0.2913,0,5,2.4,0.2433,0.0312,0,0,,,0.0282,-0.0143,,,,,,,,,,,,,,,,,pinnacle
spelad,L1,2019/20,2020-02-23,,Rennes,Nimes,2,1,H,26,9,8,2,2.4294,0.3864,understat,,,,,,,,,,0.5588,0.277,0.1641,0.6147,0.2567,0.1287,1,1.74,3.81,6.25,1.64,3.8,7.6,0.4552,0.4464,-0.3414,0.4847,-0.9276,-1,3,1,0.3833,-0.2832,0,0,,,0.1471,-0.0423,,,,,,,,,,,,,,,,,pinnacle
spelad,L1,2019/20,2020-02-23,,St Etienne,Reims,1,1,D,7,12,4,2,0.6386,0.9953,understat,,,,,,,,,,0.4129,0.3157,0.2714,0.4013,0.3192,0.2795,1,2.35,3.18,3.7,2.48,3.19,3.63,0.3514,0.3333,-1.0937,1.7429,-0.6349,0,3,1,0.5924,-0.2958,0,0,,,-0.0313,-0.0046,,,,,,,,,,,,,,,,,pinnacle
spelad,L1,2019/20,2020-02-28,,Nimes,Marseille,2,3,A,16,13,6,4,2.4154,1.9713,understat,,,,,,,,,,0.2932,0.2862,0.4206,0.2787,0.2836,0.4376,1,3.47,3.4,2.35,3.65,3.43,2.24,0.4125,0.4115,-0.3786,-0.0608,0.2934,-1,3,-1,0.3709,-0.2108,0,0,,,-0.0459,-0.0034,,,,,,,,,,,,,,,,,pinnacle
spelad,L1,2019/20,2020-02-29,,Amiens,Metz,0,1,A,12,13,5,6,0.9014,0.8526,understat,,,,,,,,,,0.4566,0.3044,0.239,0.4565,0.3152,0.2283,1,2.16,3.32,4.1,2.16,3.26,4.33,0.3506,0.3341,-0.9717,0.6994,-0.9094,-1,3,3,1.5639,-0.2939,0,0,,,0.0106,0.0025,,,,,,,,,,,,,,,,,pinnacle
spelad,L1,2019/20,2020-02-29,,Brest,Angers,0,1,A,16,6,4,2,0.9293,0.3247,understat,,,,,,,,,,0.3625,0.2978,0.3396,0.3681,0.3026,0.3293,1,2.7,3.32,2.92,2.65,3.3,3.09,0.4365,0.4515,0.636,-0.5956,0.6861,1,,,,,0,0,,,0.0215,0.0106,,,,,,,,,,,,,,,,,pinnacle
spelad,L1,2019/20,2020-02-29,,Monaco,Reims,1,1,D,19,16,7,8,1.9738,1.15,understat,,,,,,,,,,0.5715,0.2542,0.1743,0.51,0.2761,0.2139,1,1.74,3.95,5.54,1.91,3.68,4.75,0.4744,0.4629,0.2413,0.213,0.0558,1,3,-1,-0.7955,0.3836,0,0,,,-0.1625,0.0144,,,,,,,,,,,,,,,,,pinnacle
spelad,L1,2019/20,2020-02-29,,Montpellier,Strasbourg,3,0,H,23,15,11,7,3.8018,0.8515,understat,,,,,,,,,,0.4086,0.3074,0.284,0.378,0.3215,0.3005,1,2.38,3.25,3.55,2.62,3.19,3.24,0.3744,0.3628,0.2687,-0.0689,-0.2048,0,5,0,-0.2739,0.2924,0,0,,,-0.0777,0.0019,,,,,,,,,,,,,,,,,pinnacle
spelad,L1,2019/20,2020-02-29,,Paris SG,Dijon,4,0,H,23,9,11,3,4.5714,0.3037,understat,,,,,,,,,,0.8535,0.0983,0.0481,0.8777,0.0809,0.0414,1,1.15,10.5,22,1.14,13,26,0.7747,0.8235,0.1184,0.5592,0.0665,-1,5,1.8,-0.2046,-0.1074,0,0,,,0.055,-0.033,,,,,,,,,,,,,,,,,pinnacle
spelad,L1,2019/20,2020-02-29,,Toulouse,Rennes,0,2,A,15,11,2,4,0.8175,1.2091,understat,,,,,,,,,,0.2705,0.2705,0.459,0.26,0.2879,0.452,1,3.65,3.6,2.13,4.2,3.6,2.16,0.4604,0.4464,-0.8126,1.208,-0.6182,1,5,-0.6,-0.1854,0.1245,0,0,,,-0.014,-0.0064,,,,,,,,,,,,,,,,,pinnacle
spelad,L1,2019/20,2020-03-01,,Bordeaux,Nice,1,1,D,12,9,4,4,2.0222,0.407,understat,,,,,,,,,,0.4943,0.2647,0.241,0.5023,0.2701,0.2276,1,2,3.66,4.33,2.03,3.7,4.3,0.4872,0.491,-0.3448,0.12,-0.3048,-2,5,-1.8,-0.9542,0.1014,0,0,,,0.0295,-0.0156,,,,,,,,,,,,,,,,,pinnacle
spelad,L1,2019/20,2020-03-01,,Lyon,St Etienne,2,0,H,16,8,9,4,2.9225,0.3784,understat,,,,,,,,,,0.5857,0.2392,0.1751,0.5682,0.2618,0.1701,1,1.7,4.06,5.52,1.73,3.85,6,0.5128,0.4329,0.9036,-1.3166,0.6483,2,5,1.2,0.1883,-0.0638,0,0,,,-0.03,0.0008,,,,,,,,,,,,,,,,,pinnacle
spelad,L1,2019/20,2020-03-01,,Nantes,Lille,0,1,A,6,15,3,5,0.2602,2.0192,understat,,,,,,,,,,0.3101,0.3193,0.3707,0.3314,0.3372,0.3314,1,3.12,3.13,2.7,3.15,3.1,2.92,0.3777,0.3529,-0.2653,-0.3431,-0.2651,0,5,-2.4,-1.0606,-0.1015,0,0,,,0.0819,-0.0296,,,,,,,,,,,,,,,,,pinnacle
spelad,L1,2019/20,2020-03-06,,Marseille,Amiens,2,2,D,13,12,6,3,1.067,1.8752,understat,,,,,,,,,,0.6182,0.2313,0.1505,0.6197,0.2307,0.1496,1,1.62,4.2,6.6,1.6,4.2,6.6,0.459,0.468,1.3871,-0.709,1.0742,1,5,1.8,0.4666,-0.2385,0,0,,,0.0036,-0.0253,,,,,,,,,,,,,,,,,pinnacle
spelad,L1,2019/20,2020-03-07,,Angers,Nantes,2,0,H,7,15,3,4,0.7178,1.1609,understat,,,,,,,,,,0.4029,0.3109,0.2861,0.3692,0.3246,0.3061,1,2.45,3.2,3.54,2.7,3.06,3.3,0.3529,0.3489,-0.0828,0.8894,-0.135,1,5,0,0.2111,-0.1091,0,0,,,-0.0874,-0.0118,,,,,,,,,,,,,,,,,pinnacle
spelad,L1,2019/20,2020-03-07,,Dijon,Toulouse,2,1,H,15,6,3,2,0.8847,1.0072,understat,,,,,,,,,,0.5124,0.266,0.2216,0.5265,0.2577,0.2158,1,1.96,3.7,4.53,1.9,3.76,4.88,0.4744,0.4769,1.1072,-1.9532,0.9585,0,5,1.2,0.6453,-0.0634,0,0,,,0.0342,-0.0086,,,,,,,,,,,,,,,,,pinnacle
spelad,L1,2019/20,2020-03-07,,Metz,Nimes,2,1,H,14,16,5,7,1.4062,1.5729,understat,,,,,,,,,,0.3933,0.3091,0.2977,0.3999,0.3163,0.2838,1,2.47,3.24,3.45,2.46,3.26,3.45,0.3645,0.3678,0.6239,-0.3882,0.2886,-1,,,,,0,0,,,0.0272,-0.004,,,,,,,,,,,,,,,,,pinnacle
spelad,L1,2019/20,2020-03-07,,Nice,Monaco,2,1,H,12,14,5,4,1.6351,1.305,understat,,,,,,,,,,0.2836,0.2559,0.4605,0.2868,0.255,0.4581,1,3.5,3.86,2.18,3.47,3.86,2.25,0.5885,0.6015,0.1373,-0.7897,0.5097,-1,5,0.6,0.6211,0.1327,0,0,,,0.0089,0.019,,,,,,,,,,,,,,,,,pinnacle
spelad,L1,2019/20,2020-03-07,,Reims,Brest,1,0,H,12,12,3,4,1.3317,1.1942,understat,,,,,,,,,,0.52,0.2755,0.2045,0.4791,0.2942,0.2267,1,1.9,3.65,5,2.15,3.48,4.5,0.3796,0.3873,-0.1297,-0.1549,-0.2972,0,,,,,0,0,,,-0.1039,-0.012,,,,,,,,,,,,,,,,,pinnacle
spelad,L1,2019/20,2020-03-08,,Lille,Lyon,1,0,H,13,9,3,2,1.3593,1.1425,understat,,,,,,,,,,0.456,0.2778,0.2663,0.4373,0.2965,0.2662,1,2.21,3.48,3.68,2.35,3.35,3.74,0.4515,0.4293,0.2772,-0.132,0.405,0,5,1.2,0.9299,0.3606,0,0,,,-0.0372,-0.0145,,,,,,,,,,,,,,,,,pinnacle
spelad,L1,2019/20,2020-03-08,,Rennes,Montpellier,5,0,H,16,11,9,1,3.1838,0.9407,understat,,,,,,,,,,0.4504,0.3007,0.2489,0.4174,0.3165,0.2661,1,2.15,3.43,3.99,2.4,3.28,4.08,0.3995,0.3951,-0.2366,0.0563,-0.1012,0,5,1.2,0.4485,0.2991,0,0,,,-0.083,0.0084,,,,,,,,,,,,,,,,,pinnacle
spelad,L1,2019/20,2020-03-08,,St Etienne,Bordeaux,1,1,D,11,9,4,2,0.7117,0.9245,understat,,,,,,,,,,0.4263,0.2915,0.2822,0.4151,0.3004,0.2845,1,2.4,3.38,3.5,2.35,3.36,3.57,0.4171,0.4055,-0.5935,1.2057,-0.8699,0,5,-0.6,-0.2347,-0.2803,0,0,,,-0.0248,0.0188,,,,,,,,,,,,,,,,,pinnacle
spelad,L1,2020/21,2020-08-21,,Bordeaux,Nantes,0,0,D,5,6,1,1,0.6001,0.1878,understat,,,,,,,,,,0.3901,0.3193,0.2905,0.3559,0.3247,0.3194,1,2.59,3.13,3.38,2.8,3.08,3.25,0.3326,0.3356,0.1635,-0.0046,0.7419,,6,1.5,0.8248,-0.1449,0,0,,,-0.0973,0.0096,,,,,,,,,,,,,,,,,pinnacle
spelad,L1,2020/21,2020-08-22,,Dijon,Angers,0,1,A,9,12,1,4,0.7397,2.0221,understat,,,,,,,,,,0.3466,0.3129,0.3405,0.2881,0.3153,0.3967,1,2.86,3.22,2.92,3.46,3.17,2.53,0.3848,0.3555,0.0511,-0.6605,0.081,,5,-1.8,-0.5527,-0.2738,0,0,,,-0.1732,-0.0012,,,,,,,,,,,,,,,,,pinnacle
spelad,L1,2020/21,2020-08-22,,Lille,Rennes,1,1,D,5,16,1,3,0.401,1.2952,understat,,,,,,,,,,0.4207,0.3005,0.2788,0.5055,0.2797,0.2147,1,2.38,3.34,3.6,1.97,3.55,4.7,0.409,0.416,0.4148,0.1018,0.5833,,6,-0.5,-0.2131,-0.1251,0,0,,,0.2338,-0.0084,,,,,,,,,,,,,,,,,pinnacle
spelad,L1,2020/21,2020-08-23,,Lorient,Strasbourg,3,1,H,10,7,7,1,3.0721,0.3268,understat,,,,,,,,,,0.3695,0.3035,0.327,0.395,0.3072,0.2978,1,2.75,3.32,3.05,2.54,3.3,3.26,0.408,0.3839,,,,,,,,,1,0,,,0.0803,-0.0119,,,,,,,,,,,,,,,,,pinnacle
spelad,L1,2020/21,2020-08-23,,Monaco,Reims,2,2,D,22,9,5,3,2.6762,1.8326,understat,,,,,,,,,,0.4969,0.2745,0.2285,0.4976,0.2829,0.2195,1,2,3.65,4.5,1.98,3.64,4.71,0.4171,0.4045,-0.2258,0.6717,-0.6019,,4,-0.75,-0.7981,0.4687,0,0,,,0.0103,-0.0098,,,,,,,,,,,,,,,,,pinnacle
spelad,L1,2020/21,2020-08-23,,Nice,Lens,2,1,H,4,17,2,4,0.1805,3.0361,understat,,,,,,,,,,0.4728,0.2885,0.2387,0.48,0.2869,0.2331,1,2.12,3.54,4.25,2.06,3.45,4.55,0.4453,0.4304,,,,,,,,,-1,0,,,0.0201,-0.0117,,,,,,,,,,,,,,,,,pinnacle
spelad,L1,2020/21,2020-08-23,,Nimes,Brest,4,0,H,12,10,5,3,2.146,0.468,understat,,,,,,,,,,0.4228,0.2856,0.2916,0.4116,0.2862,0.3023,1,2.35,3.48,3.46,2.4,3.5,3.47,0.459,0.4744,0.1983,-0.6135,0.4949,,,,,,0,0,,,-0.033,0.0121,,,,,,,,,,,,,,,,,pinnacle
spelad,L1,2020/21,2020-08-28,,Lyon,Dijon,4,1,H,27,6,12,2,3.9715,0.2157,understat,,,,,,,,,,0.7359,0.1697,0.0944,0.7729,0.1529,0.0743,1,1.35,6.05,11.75,1.3,6.45,13.5,0.5779,0.6044,-0.4495,0.624,-0.3295,,5,0.6,-0.6949,0.2213,0,0,,,0.0942,-0.0426,,,,,,,,,,,,,,,,,pinnacle
spelad,L1,2020/21,2020-08-29,,Rennes,Montpellier,2,1,H,16,11,7,3,1.7872,0.4918,understat,,,,,,,,,,0.4658,0.2913,0.2429,0.5184,0.2716,0.2101,1,2.1,3.48,4.15,1.91,3.66,5.15,0.408,0.4232,-0.1529,-0.5993,0.2811,,6,1.5,0.6123,0.1965,0,0,,,0.1379,0.0001,,,,,,,,,,,,,,,,,pinnacle
spelad,L1,2020/21,2020-08-29,,Strasbourg,Nice,0,2,A,6,3,0,2,0.2279,1.2089,understat,,,,,,,,,,0.4224,0.2875,0.2901,0.461,0.2842,0.2549,1,2.31,3.52,3.5,2.25,3.6,3.9,0.4604,0.4453,-0.7648,0.6985,-0.5125,0,5,1.2,0.701,-0.0957,0,0,,,0.1123,-0.019,,,,,,,,,,,,,,,,,pinnacle
spelad,L1,2020/21,2020-08-30,,Angers,Bordeaux,0,2,A,12,7,2,7,0.5115,2.2853,understat,,,,,,,,,,0.415,0.3076,0.2774,0.4286,0.3162,0.2551,1,2.4,3.25,3.6,2.35,3.16,3.9,0.366,0.3442,0.7073,0.0874,0.294,-1,5,0.6,0.2575,0.0964,0,0,,,0.0496,-0.0147,,,,,,,,,,,,,,,,,pinnacle
spelad,L1,2020/21,2020-08-30,,Brest,Marseille,2,3,A,19,7,4,4,2.1259,1.3239,understat,,,,,,,,,,0.2832,0.2614,0.4553,0.2651,0.2985,0.4364,1,3.56,3.85,2.18,4.65,3.8,2.33,0.5289,0.4035,-1.1865,1.4142,-0.5968,,,,,,0,0,,,-0.0172,-0.0015,,,,,,,,,,,,,,,,,pinnacle
spelad,L1,2020/21,2020-08-30,,Metz,Monaco,0,1,A,14,3,4,2,0.6261,0.1893,understat,,,,,,,,,,0.2537,0.2678,0.4785,0.2419,0.2581,0.5001,1,3.98,3.65,2.1,4.34,3.88,1.98,0.4872,0.5051,0.7297,-1.0184,0.9589,,3,-1,0.2733,-0.2164,0,0,,,-0.0452,-0.0001,,,,,,,,,,,,,,,,,pinnacle
spelad,L1,2020/21,2020-08-30,,Nantes,Nimes,2,1,H,8,17,5,9,2.1555,0.8749,understat,,,,,,,,,,0.4857,0.2956,0.2187,0.5011,0.2878,0.2111,1,2.03,3.44,4.72,2.02,3.54,5.1,0.4045,0.438,-0.451,0.4182,-1.1159,2,3,-1,-0.5345,-0.2872,0,0,,,0.0382,-0.0032,,,,,,,,,,,,,,,,,pinnacle
spelad,L1,2020/21,2020-08-30,,Reims,Lille,0,1,A,4,10,0,3,0.2066,0.9068,understat,,,,,,,,,,0.3135,0.3219,0.3646,0.3002,0.3334,0.3664,1,3.15,3.16,2.71,3.3,3.06,2.74,0.3702,0.3349,-0.2866,-0.1424,-0.33,-1,3,1,0.4509,0.3513,0,0,,,-0.0285,0.0102,,,,,,,,,,,,,,,,,pinnacle
spelad,L1,2020/21,2020-08-30,,St Etienne,Lorient,2,0,H,13,6,5,1,1.3936,0.2149,understat,,,,,,,,,,0.4188,0.2937,0.2875,0.4169,0.2973,0.2858,1,2.36,3.46,3.55,2.4,3.35,3.5,0.4257,0.4354,,,,,,,,,-1,0,,,-0.002,-0.0056,,,,,,,,,,,,,,,,,pinnacle
spelad,L1,2020/21,2020-09-10,,Lens,Paris SG,1,0,H,7,8,3,1,1.7175,0.3442,understat,,,,,,,,,,0.203,0.2391,0.5579,0.2003,0.2666,0.5331,1,5.6,4.25,1.73,5.15,3.95,1.83,0.509,0.4677,,,,,,,,,1,0,,,0.0195,0.0011,,,,,,,,,,,,,,,,,pinnacle
spelad,L1,2020/21,2020-09-11,,Bordeaux,Lyon,0,0,D,5,20,0,3,0.2311,1.7973,understat,,,,,,,,,,0.2155,0.2686,0.5158,0.2373,0.2787,0.484,1,4.75,3.65,2.01,4.5,3.6,2.07,0.4629,0.4629,0.0901,-0.4895,0.4546,-2,6,-0.5,0.1733,0.2532,0,0,,,0.0754,-0.0038,,,,,,,,,,,,,,,,,pinnacle
spelad,L1,2020/21,2020-09-12,,Montpellier,Nice,3,1,H,20,9,13,1,1.6993,0.3767,understat,,,,,,,,,,0.4327,0.2906,0.2766,0.4633,0.2867,0.25,1,2.26,3.48,3.68,2.15,3.52,3.96,0.4365,0.4175,-0.7054,1.3316,-0.8975,0,5,0.6,0.4043,-0.3047,0,0,,,0.0877,-0.0086,,,,,,,,,,,,,,,,,pinnacle
spelad,L1,2020/21,2020-09-12,,St Etienne,Strasbourg,2,0,H,10,14,4,7,1.7611,1.3021,understat,,,,,,,,,,0.4437,0.2901,0.2662,0.4502,0.2934,0.2564,1,2.24,3.48,3.75,2.22,3.45,4.13,0.4115,0.4246,-0.5642,0.6664,-0.266,-1,5,0.6,0.1176,0.11,0,0,,,0.0228,-0.0108,,,,,,,,,,,,,,,,,pinnacle
spelad,L1,2020/21,2020-09-13,,Angers,Reims,1,0,H,20,7,7,2,2.1487,0.3248,understat,,,,,,,,,,0.4019,0.3178,0.2803,0.4462,0.3172,0.2366,1,2.51,3.08,3.58,2.19,3.16,4.47,0.3341,0.3395,0.2484,0.0181,0.1743,0,4,-0.75,-0.6691,0.4372,0,0,,,0.1323,0.0063,,,,,,,,,,,,,,,,,pinnacle
spelad,L1,2020/21,2020-09-13,,Dijon,Brest,0,2,A,7,19,3,5,0.2963,2.1969,understat,,,,,,,,,,0.3761,0.3025,0.3215,0.3507,0.2895,0.3598,1,2.61,3.3,3.15,2.94,3.46,2.77,0.4416,0.5,0.4691,-0.8412,0.1513,2,,,,,0,0,,,-0.089,-0.0184,,,,,,,,,,,,,,,,,pinnacle
spelad,L1,2020/21,2020-09-13,,Lille,Metz,1,0,H,16,5,6,1,0.8145,0.7367,understat,,,,,,,,,,0.62,0.2436,0.1364,0.6215,0.2575,0.1211,1,1.61,4.06,7.7,1.61,3.87,8.2,0.4282,0.3619,0.2266,0.19,0.4065,0,3,2,0.5411,0.0667,0,0,,,0.0184,-0.0292,,,,,,,,,,,,,,,,,pinnacle
spelad,L1,2020/21,2020-09-13,,Lorient,Lens,2,3,A,6,12,3,6,0.9197,1.9875,understat,,,,,,,,,,0.4422,0.2853,0.2725,0.4234,0.3057,0.2709,1,2.23,3.55,3.75,2.35,3.39,3.64,0.4268,0.414,,,,7,,,,,0,0,,,-0.036,-0.018,,,,,,,,,,,,,,,,,pinnacle
spelad,L1,2020/21,2020-09-13,,Monaco,Nantes,2,1,H,18,7,5,2,2.2704,1.1089,understat,,,,,,,,,,0.498,0.2668,0.2352,0.52,0.2716,0.2084,1,2.01,3.75,4.33,1.91,3.79,4.8,0.4974,0.4808,0.4897,-0.0177,0.252,0,5,1.8,0.7538,-0.2738,0,0,,,0.0706,-0.0186,,,,,,,,,,,,,,,,,pinnacle
spelad,L1,2020/21,2020-09-13,,Nimes,Rennes,2,4,A,17,10,9,6,1.0084,2.0941,understat,,,,,,,,,,0.2834,0.2902,0.4264,0.2939,0.2966,0.4095,1,3.5,3.42,2.4,3.47,3.52,2.41,0.4282,0.4416,-0.0398,-0.2703,0.1345,-1,4,-1.5,-0.2358,-0.2766,0,0,,,0.0378,-0.0083,,,,,,,,,,,,,,,,,pinnacle
spelad,L1,2020/21,2020-09-13,,Paris SG,Marseille,0,1,A,14,5,4,2,2.2218,0.5028,understat,,,,,,,,,,0.5668,0.2107,0.2225,0.6912,0.1769,0.1319,1,1.73,5.2,5,1.43,5.6,8.5,0.6441,0.6274,-0.8382,0.9926,-0.4475,-7,5,2.4,0.2558,0.0381,0,0,,,0.3394,0.0046,,,,,,,,,,,,,,,,,pinnacle
spelad,L1,2020/21,2020-09-15,,Montpellier,Lyon,2,1,H,10,19,3,7,1.7517,2.1705,understat,,,,,,,,,,0.2471,0.278,0.475,0.2736,0.2699,0.4565,1,4,3.52,2.13,4.1,3.67,2.23,0.4757,0.4974,0.5146,-0.5581,0.1065,-1,5,0,0.286,0.3398,0,0,,,0.0716,0.0038,,,,,,,,,,,,,,,,,pinnacle
spelad,L1,2020/21,2020-09-16,,Paris SG,Metz,1,0,H,20,7,8,1,2.4236,0.9808,understat,,,,,,,,,,0.7388,0.1487,0.1125,0.7694,0.1573,0.0732,1,1.3,7,11.75,1.29,6.5,14.5,0.6529,0.5496,-0.0398,0.4093,-0.3755,0,3,3,0.4574,-0.1179,0,0,,,0.1005,-0.0228,,,,,,,,,,,,,,,,,pinnacle
spelad,L1,2020/21,2020-09-17,,Marseille,St Etienne,0,2,A,13,12,2,5,2.6538,1.0294,understat,,,,,,,,,,0.4753,0.2835,0.2412,0.5243,0.2778,0.1978,1,2.09,3.5,4.33,1.89,3.65,5.22,0.4515,0.4221,1.6544,-1.2626,1.1719,-1,6,1.5,0.4509,-0.099,0,0,,,0.1414,-0.0149,,,,,,,,,,,,,,,,,pinnacle
spelad,L1,2020/21,2020-09-18,,Lyon,Nimes,0,0,D,16,10,3,3,1.6253,0.7148,understat,,,,,,,,,,0.7344,0.1678,0.0978,0.7679,0.1491,0.083,1,1.4,6.05,11.5,1.4,7.1,13.5,0.6274,0.6581,-0.3095,0.8866,-0.2868,-2,3,3,0.9567,-0.2107,0,0,,,0.0817,-0.0235,,,,,,,,,,,,,,,,,pinnacle
spelad,L1,2020/21,2020-09-19,,Lens,Bordeaux,2,1,H,19,7,5,3,3.0233,0.3592,understat,,,,,,,,,,0.4048,0.3131,0.2821,0.4132,0.32,0.2668,1,2.45,3.25,3.55,2.46,3.25,3.67,0.3975,0.366,,,,-2,,,,,1,0,,,0.032,-0.0376,,,,,,,,,,,,,,,,,pinnacle
spelad,L1,2020/21,2020-09-19,,Rennes,Monaco,2,1,H,14,14,3,2,0.8575,0.8169,understat,,,,,,,,,,0.4186,0.2819,0.2994,0.4059,0.2835,0.3105,1,2.45,3.56,3.3,2.45,3.61,3.3,0.5231,0.5333,0.035,-0.5324,0.3803,0,5,-0.6,0.0571,0.1465,0,0,,,-0.0366,-0.003,,,,,,,,,,,,,,,,,pinnacle
spelad,L1,2020/21,2020-09-20,,Brest,Lorient,3,2,H,14,9,6,4,1.212,1.4995,understat,,,,,,,,,,0.403,0.2967,0.3004,0.4094,0.2878,0.3029,1,2.47,3.45,3.26,2.44,3.5,3.41,0.4615,0.4974,,,,0,,,,,-1,0,,,0.0102,0.0005,,,,,,,,,,,,,,,,,pinnacle
spelad,L1,2020/21,2020-09-20,,Marseille,Lille,1,1,D,11,14,2,7,0.8651,1.4947,understat,,,,,,,,,,0.4055,0.2964,0.2982,0.3961,0.3048,0.2992,1,2.48,3.32,3.38,2.53,3.4,3.3,0.3951,0.4282,0.2219,-0.0891,-0.2582,-4,6,1,0.4099,-0.2745,0,0,,,-0.0198,-0.0088,,,,,,,,,,,,,,,,,pinnacle
spelad,L1,2020/21,2020-09-20,,Metz,Reims,2,1,H,14,10,4,4,1.7128,1.1824,understat,,,,,,,,,,0.3594,0.3357,0.305,0.3251,0.3398,0.3351,1,2.75,3.05,3.22,3.02,2.99,3.1,0.3288,0.3318,-0.1429,0.1189,-0.0355,-3,,,,,0,0,,,-0.0987,0.021,,,,,,,,,,,,,,,,,pinnacle
spelad,L1,2020/21,2020-09-20,,Montpellier,Angers,4,1,H,14,14,9,3,1.944,0.7723,understat,,,,,,,,,,0.4519,0.2861,0.2621,0.4817,0.2876,0.2306,1,2.25,3.44,3.8,2.05,3.52,4.65,0.4185,0.4104,-0.3277,0.152,-0.1731,-2,6,-0.5,-0.4877,0.1884,0,0,,,0.0912,0.0034,,,,,,,,,,,,,,,,,pinnacle
spelad,L1,2020/21,2020-09-20,,Nantes,St Etienne,2,2,D,15,6,3,4,1.3358,1.0374,understat,,,,,,,,,,0.4132,0.2939,0.293,0.4324,0.29,0.2776,1,2.4,3.4,3.44,2.34,3.54,3.68,0.3931,0.4453,-0.228,0.5124,-0.3053,4,6,-1,-0.5117,0.0364,0,0,,,0.0538,-0.0138,,,,,,,,,,,,,,,,,pinnacle
spelad,L1,2020/21,2020-09-20,,Nice,Paris SG,0,3,A,14,14,5,6,0.9305,3.3276,understat,,,,,,,,,,0.126,0.199,0.675,0.1029,0.1628,0.7343,1,8.5,5.05,1.46,11.5,6.3,1.35,0.5371,0.6307,0.7923,-1.6966,0.7858,4,5,-2.4,-0.2108,0.0556,0,0,,,-0.1055,-0.0026,,,,,,,,,,,,,,,,,pinnacle
spelad,L1,2020/21,2020-09-20,,Strasbourg,Dijon,1,0,H,17,6,6,2,2.381,0.4878,understat,,,,,,,,,,0.5689,0.2499,0.1811,0.6062,0.2346,0.1592,1,1.76,4,5.55,1.65,4.33,6.4,0.4604,0.5026,-0.218,0.5709,-0.0997,1,5,0,0.0007,-0.0851,0,0,,,0.0964,-0.0285,,,,,,,,,,,,,,,,,pinnacle
spelad,L1,2020/21,2020-09-25,,Lille,Nantes,2,0,H,12,12,4,6,2.0939,0.6603,understat,,,,,,,,,,0.5719,0.257,0.1711,0.5721,0.2537,0.1742,1,1.75,3.85,6.2,1.73,4,6.11,0.4196,0.4453,0.6074,-0.2482,0.6665,0,6,2.5,1.2466,-0.1408,0,0,,,-0.0028,0.0023,,,,,,,,,,,,,,,,,pinnacle
spelad,L1,2020/21,2020-09-26,,Marseille,Metz,1,1,D,17,14,3,3,0.8644,1.1071,understat,,,,,,,,,,0.5765,0.2618,0.1617,0.6021,0.2508,0.1471,1,1.71,3.85,6.45,1.65,4.2,7.18,0.4232,0.4745,0.4002,-0.159,-0.0527,0,3,2,0.2169,0.1186,0,0,,,0.0658,-0.0151,,,,,,,,,,,,,,,,,pinnacle
spelad,L1,2020/21,2020-09-26,,St Etienne,Rennes,0,3,A,6,10,4,6,0.2004,1.3717,understat,,,,,,,,,,0.3304,0.3044,0.3653,0.2937,0.3038,0.4025,1,2.95,3.28,2.8,3.35,3.35,2.5,0.434,0.4694,-0.1641,-0.2955,-0.6174,-1,5,-1.2,-0.6198,0.3057,0,0,,,-0.1105,0.0302,,,,,,,,,,,,,,,,,pinnacle
spelad,L1,2020/21,2020-09-27,,Angers,Brest,3,2,H,12,14,5,6,1.1175,2.3641,understat,,,,,,,,,,0.4562,0.2939,0.2499,0.4443,0.2944,0.2613,1,2.16,3.4,4,2.24,3.46,3.84,0.434,0.4783,0.7557,-0.4977,0.4626,0,,,,,0,0,,,-0.0352,0.0008,,,,,,,,,,,,,,,,,pinnacle
spelad,L1,2020/21,2020-09-27,,Bordeaux,Nice,0,0,D,18,13,5,2,1.1794,0.6453,understat,,,,,,,,,,0.4377,0.3023,0.26,0.4593,0.2886,0.2521,1,2.27,3.4,3.72,2.64,3.54,4,0.4055,0.4578,-1.0742,0.5433,-0.8013,1,6,-1.5,-0.9247,0.2062,0,0,,,0.0511,-0.002,,,,,,,,,,,,,,,,,pinnacle
spelad,L1,2020/21,2020-09-27,,Dijon,Montpellier,2,2,D,15,14,6,5,1.6091,2.3122,understat,,,,,,,,,,0.218,0.256,0.526,0.1897,0.2519,0.5584,1,4.5,3.82,1.91,5.2,4,1.8,0.4974,0.4974,-0.0573,-0.4495,-0.5623,0,6,0.5,0.4803,0.2155,0,0,,,-0.0889,0.0257,,,,,,,,,,,,,,,,,pinnacle
spelad,L1,2020/21,2020-09-27,,Lorient,Lyon,1,1,D,4,19,2,6,0.2998,0.8188,understat,,,,,,,,,,0.1759,0.2278,0.5962,0.1896,0.2325,0.5779,1,5.75,4.35,1.68,5.15,4.2,1.76,0.5422,0.5459,,,,-2,,,,,1,0,,,0.0458,0.0482,,,,,,,,,,,,,,,,,pinnacle
spelad,L1,2020/21,2020-09-27,,Monaco,Strasbourg,3,2,H,11,11,5,5,1.5631,1.4065,understat,,,,,,,,,,0.5148,0.2652,0.22,0.5613,0.2544,0.1843,1,1.92,3.79,4.6,1.78,3.95,5.72,0.5167,0.5281,0.2023,-0.0395,0.2193,1,6,-0.5,-0.6393,-0.083,0,0,,,0.1287,-0.0172,,,,,,,,,,,,,,,,,pinnacle
spelad,L1,2020/21,2020-09-27,,Nimes,Lens,1,1,D,13,15,4,6,0.3706,1.372,understat,,,,,,,,,,0.3507,0.2907,0.3585,0.2741,0.293,0.433,1,2.76,3.52,2.8,3.6,3.54,2.3,0.4744,0.4757,,,,1,,,,,-1,0,,,-0.2277,0.0066,,,,,,,,,,,,,,,,,pinnacle
spelad,L1,2020/21,2020-09-27,,Reims,Paris SG,0,2,A,8,21,3,7,0.2088,3.9363,understat,,,,,,,,,,0.085,0.1529,0.7621,0.066,0.1301,0.804,1,13,6.9,1.28,17.75,8,1.22,0.6331,0.6831,0.1732,-1.0014,0.2531,0,3,1,1.5726,-0.1477,0,0,,,-0.0799,0.0188,,,,,,,,,,,,,,,,,pinnacle
spelad,L1,2020/21,2020-10-02,,Paris SG,Angers,6,1,H,18,8,12,2,2.9145,0.9438,understat,,,,,,,,,,0.8836,0.082,0.0344,0.8816,0.0805,0.0379,1,1.15,12.5,29,1.15,13.75,34,0.7858,0.8013,-1.324,1.5547,-1.1778,0,5,3,0.48,-0.1278,0,0,,,-0.0076,-0.0074,,,,,,,,,,,,,,,,,pinnacle
spelad,L1,2020/21,2020-10-03,,Lens,St Etienne,2,0,H,13,2,5,1,2.1339,0.0933,understat,,,,,,,,,,0.4701,0.2786,0.2514,0.5252,0.2669,0.2079,1,2.12,3.58,4.2,1.9,3.88,4.75,0.4365,0.4936,-0.8855,2.0887,0.5518,-1,,,,,1,0,,,0.1538,-0.0179,,,,,,,,,,,,,,,,,pinnacle
spelad,L1,2020/21,2020-10-03,,Nice,Nantes,2,1,H,18,11,7,1,1.9654,1.1353,understat,,,,,,,,,,0.3898,0.2947,0.3156,0.4289,0.2826,0.2885,1,2.52,3.38,3.11,2.3,3.55,3.41,0.4257,0.4668,0.6104,-0.6688,0.5923,-2,5,0.6,0.3488,0.1038,0,0,,,0.1054,-0.0112,,,,,,,,,,,,,,,,,pinnacle
spelad,L1,2020/21,2020-10-04,,Bordeaux,Dijon,3,0,H,17,5,7,1,1.5007,0.2378,understat,,,,,,,,,,0.5701,0.248,0.1819,0.5819,0.2469,0.1712,1,1.77,4,5.5,1.7,4.14,5.72,0.4629,0.5217,-0.3862,0.147,0.1327,0,6,1,0.1148,0.0522,0,0,,,0.0343,-0.0282,,,,,,,,,,,,,,,,,pinnacle
spelad,L1,2020/21,2020-10-04,,Brest,Monaco,1,0,H,7,21,5,2,0.7324,1.5319,understat,,,,,,,,,,0.3156,0.2554,0.429,0.3275,0.2661,0.4064,1,3.2,3.83,2.3,3.06,3.95,2.41,0.5646,0.6445,-0.5623,0.5517,-0.1251,0,,,,,0,0,,,0.0466,0.0103,,,,,,,,,,,,,,,,,pinnacle
spelad,L1,2020/21,2020-10-04,,Lyon,Marseille,1,1,D,24,4,3,1,3.1433,0.3769,understat,,,,,,,,,,0.564,0.2476,0.1884,0.531,0.2518,0.2171,1,1.75,4.1,5.35,1.86,3.9,5.44,0.5026,0.5115,-1.0245,0.9838,-0.255,-1,5,1.8,0.9848,-0.2633,0,0,,,-0.0947,0.0075,,,,,,,,,,,,,,,,,pinnacle
spelad,L1,2020/21,2020-10-04,,Metz,Lorient,3,1,H,16,10,8,4,1.6005,0.8537,understat,,,,,,,,,,0.4271,0.2827,0.2902,0.415,0.2986,0.2864,1,2.37,3.46,3.45,2.43,3.28,3.47,0.4035,0.4069,0.4983,-0.4486,0.7639,1,,,,,-1,0,,,-0.0203,-0.0302,,,,,,,,,,,,,,,,,pinnacle
spelad,L1,2020/21,2020-10-04,,Montpellier,Nimes,0,1,A,12,8,2,1,0.6864,0.5888,understat,,,,,,,,,,0.5769,0.2526,0.1705,0.5543,0.2637,0.182,1,1.74,4,5.72,1.77,4,5.5,0.5217,0.5192,0.5657,0.2148,0.6165,0,3,2,0.7888,0.027,0,0,,,-0.0568,-0.0078,,,,,,,,,,,,,,,,,pinnacle
spelad,L1,2020/21,2020-10-04,,Rennes,Reims,2,2,D,18,9,3,4,2.0936,1.0506,understat,,,,,,,,,,0.5915,0.2496,0.1589,0.5336,0.2814,0.185,1,1.72,4,6.14,1.87,3.67,5.5,0.4318,0.4318,0.7529,-0.235,1.5101,1,4,-3,-1.4694,-0.3236,0,0,,,-0.1417,-0.0063,,,,,,,,,,,,,,,,,pinnacle
spelad,L1,2020/21,2020-10-04,,Strasbourg,Lille,0,3,A,14,12,3,6,0.8448,1.9569,understat,,,,,,,,,,0.2889,0.2907,0.4204,0.2455,0.2979,0.4566,1,3.5,3.41,2.34,4.1,3.34,2.25,0.42,0.3759,-1.1474,0.8819,-1.4668,-2,6,-1,-0.2537,0.0426,0,0,,,-0.1231,0.0084,,,,,,,,,,,,,,,,,pinnacle
spelad,L1,2020/21,2020-10-16,,Dijon,Rennes,1,1,D,12,12,4,3,1.1059,0.7694,understat,,,,,,,,,,0.185,0.2405,0.5745,0.1888,0.2314,0.5798,1,5.28,4.18,1.73,5.74,4.27,1.7,0.5166,0.5359,-0.4446,0.4559,-1.3562,0,5,1.2,0.9141,-0.0727,0,0,,,0.0023,0.0059,,,,,,,,,,,,,,,,,pinnacle
spelad,L1,2020/21,2020-10-16,,Nimes,Paris SG,0,4,A,5,30,2,11,0.1382,4.1232,understat,,,,,,,,,,0.135,0.183,0.6819,0.1065,0.1715,0.7219,1,8.3,5.35,1.45,10,5.9,1.4,0.6143,0.6271,-0.1014,-0.7411,0.1712,-2,3,-3,-0.2851,-0.1139,0,0,,,-0.097,0.0201,,,,,,,,,,,,,,,,,pinnacle
spelad,L1,2020/21,2020-10-17,,Marseille,Bordeaux,3,1,H,6,8,4,4,0.9776,0.5081,understat,,,,,,,,,,0.4681,0.2811,0.2508,0.4547,0.2867,0.2586,1,2.13,3.6,4.05,2.3,3.62,3.82,0.4515,0.4257,0.8617,-0.546,0.1256,0,6,1,0.18,0.0523,0,0,,,-0.0345,-0.0365,,,,,,,,,,,,,,,,,pinnacle
spelad,L1,2020/21,2020-10-17,,Reims,Lorient,1,3,A,6,14,3,4,0.2733,2.8104,understat,,,,,,,,,,0.4551,0.2804,0.2645,0.4523,0.2807,0.2669,1,2.2,3.5,3.75,2.22,3.53,3.78,0.4318,0.4354,0.5181,-1.2561,0.2679,0,,,,,-1,0,,,-0.0081,-0.0015,,,,,,,,,,,,,,,,,pinnacle
spelad,L1,2020/21,2020-10-18,,Angers,Metz,1,1,D,7,7,2,3,1.0912,1.1636,understat,,,,,,,,,,0.4772,0.2836,0.2392,0.4654,0.2909,0.2437,1,2.18,3.5,4.2,2.15,3.45,4.09,0.4175,0.4025,0.5838,0.2094,-0.0298,2,3,1,0.2616,-0.2732,0,0,,,-0.0282,-0.0209,,,,,,,,,,,,,,,,,pinnacle
spelad,L1,2020/21,2020-10-18,,Lille,Lens,4,0,H,17,7,6,2,2.9026,0.255,understat,,,,,,,,,,0.5146,0.2621,0.2232,0.479,0.2979,0.2231,1,1.97,3.78,4.5,2.06,3.47,4.55,0.4504,0.4035,1.0278,-1.6628,0.0197,-1,,,,,-1,0,,,-0.0711,0.0016,,,,,,,,,,,,,,,,,pinnacle
spelad,L1,2020/21,2020-10-18,,Monaco,Montpellier,1,1,D,21,3,7,2,1.8019,0.1091,understat,,,,,,,,,,0.6462,0.1951,0.1587,0.4958,0.2505,0.2537,1,1.54,5.02,6.75,1.99,4,4.49,0.586,0.5819,-0.2686,0.3362,-0.4517,0,6,-0.5,-0.6095,0.231,0,0,,,-0.3958,0.0167,,,,,,,,,,,,,,,,,pinnacle
spelad,L1,2020/21,2020-10-18,,Nantes,Brest,3,1,H,12,14,8,5,1.9056,0.8393,understat,,,,,,,,,,0.4508,0.268,0.2811,0.4196,0.2777,0.3027,1,2.22,3.65,3.5,2.33,3.65,3.37,0.4859,0.532,-0.0695,-0.4032,-0.5221,1,,,,,0,0,,,-0.0841,0.0228,,,,,,,,,,,,,,,,,pinnacle
spelad,L1,2020/21,2020-10-18,,St Etienne,Nice,1,3,A,11,11,4,5,0.7142,2.5244,understat,,,,,,,,,,0.4047,0.2977,0.2977,0.3329,0.3059,0.3612,1,2.43,3.5,3.35,2.94,3.4,2.75,0.4552,0.5128,-0.3424,0.1662,-0.4516,0,5,1.2,0.5774,-0.0794,0,0,,,-0.207,-0.0012,,,,,,,,,,,,,,,,,pinnacle
spelad,L1,2020/21,2020-10-18,,Strasbourg,Lyon,2,3,A,20,14,9,8,1.9259,4.165,understat,,,,,,,,,,0.269,0.2818,0.4492,0.195,0.2531,0.5519,1,3.7,3.54,2.26,5.51,3.86,1.88,0.4726,0.5115,0.4113,-0.4,-0.2137,0,6,-1,0.0134,0.1005,0,0,,,-0.2508,0.0237,,,,,,,,,,,,,,,,,pinnacle
spelad,L1,2020/21,2020-10-23,,Rennes,Angers,1,2,A,11,10,1,4,1.2168,1.2051,understat,,,,,,,,,,0.4657,0.2885,0.2457,0.4267,0.2908,0.2824,1,2.15,3.5,4.07,2.35,3.37,3.75,0.4232,0.438,-0.2007,-0.7489,0.3717,2,5,2.4,1.1038,-0.0932,0,0,,,-0.1147,-0.0078,,,,,,,,,,,,,,,,,pinnacle
spelad,L1,2020/21,2020-10-24,,Lorient,Marseille,0,1,A,13,15,3,3,0.8466,0.8804,understat,,,,,,,,,,0.321,0.2966,0.3824,0.3412,0.3211,0.3377,1,3.11,3.46,2.57,2.93,3.4,2.9,0.4442,0.4566,-0.9895,1.4389,-0.3055,0,,,,,1,0,,,0.0852,0.0024,,,,,,,,,,,,,,,,,pinnacle
spelad,L1,2020/21,2020-10-24,,Paris SG,Dijon,4,0,H,20,16,9,3,4.0889,1.4918,understat,,,,,,,,,,0.9054,0.0655,0.0291,0.8789,0.0799,0.0412,1,1.07,21,49,1.13,13.5,34,0.8244,0.8026,-0.0587,0.3401,0.1949,0,6,2,-0.1228,-0.103,0,0,,,-0.0651,-0.0033,,,,,,,,,,,,,,,,,pinnacle
spelad,L1,2020/21,2020-10-25,,Bordeaux,Nimes,2,0,H,20,8,6,4,1.9273,0.7123,understat,,,,,,,,,,0.4976,0.265,0.2373,0.5427,0.2584,0.1989,1,2.03,3.68,4.2,1.84,3.82,4.95,0.4566,0.5,-0.169,0.1265,-0.1073,-1,3,0,-0.2189,0.0599,0,0,,,0.1284,-0.0262,,,,,,,,,,,,,,,,,pinnacle
spelad,L1,2020/21,2020-10-25,,Brest,Strasbourg,0,3,A,14,7,4,5,0.7328,1.293,understat,,,,,,,,,,0.435,0.2523,0.3127,0.4129,0.2764,0.3107,1,2.31,3.88,3.22,2.43,3.82,3.2,0.5192,0.5718,0.2512,0.0913,0.7785,0,,,,,0,0,,,-0.0422,-0.0183,,,,,,,,,,,,,,,,,pinnacle
spelad,L1,2020/21,2020-10-25,,Lyon,Monaco,4,1,H,15,18,6,5,3.4324,1.8935,understat,,,,,,,,,,0.5744,0.2209,0.2047,0.5272,0.2444,0.2284,1,1.77,4.6,4.9,1.87,4.2,4.5,0.6137,0.6137,-0.6263,0.764,-0.3422,0,5,0.6,0.1134,-0.2453,0,0,,,-0.1181,0.0001,,,,,,,,,,,,,,,,,pinnacle
spelad,L1,2020/21,2020-10-25,,Metz,St Etienne,2,0,H,6,10,3,0,0.3309,0.6314,understat,,,,,,,,,,0.4092,0.2794,0.3114,0.4445,0.2954,0.2601,1,2.48,3.5,3.2,2.2,3.45,4.09,0.4329,0.4268,-0.4496,0.4827,0.2552,0,4,1.5,1.1412,-0.2837,0,0,,,0.122,0.0112,,,,,,,,,,,,,,,,,pinnacle
spelad,L1,2020/21,2020-10-25,,Montpellier,Reims,0,4,A,5,24,1,9,0.1391,4.3332,understat,,,,,,,,,,0.4399,0.2885,0.2716,0.4973,0.2788,0.2238,1,2.17,3.5,4.2,1.98,3.65,4.58,0.4055,0.4524,0.1762,0.4641,0.4624,-1,3,-1,-0.374,-0.33,0,0,,,0.1625,-0.0014,,,,,,,,,,,,,,,,,pinnacle
spelad,L1,2020/21,2020-10-25,,Nice,Lille,1,1,D,8,12,3,4,0.8663,0.8905,understat,,,,,,,,,,0.2834,0.2762,0.4404,0.2384,0.2678,0.4937,1,3.54,3.56,2.34,4.27,3.76,2.02,0.4529,0.491,0.079,0.1148,0.0163,0,5,0.6,0.2135,0.1028,0,0,,,-0.1432,-0.0016,,,,,,,,,,,,,,,,,pinnacle
spelad,L1,2020/21,2020-10-31,,Nantes,Paris SG,0,3,A,6,13,1,4,1.6313,2.7254,understat,,,,,,,,,,0.125,0.1885,0.6865,0.1514,0.19,0.6586,1,8.4,5.25,1.47,8.09,5.44,1.49,0.6232,0.6589,-0.2361,0.3481,-0.1241,6,6,-2,0.0546,-0.1509,0,0,,,0.0806,-0.0191,,,,,,,,,,,,,,,,,pinnacle
spelad,L1,2020/21,2020-10-31,,Rennes,Brest,2,1,H,24,9,8,4,1.4029,1.0394,understat,,,,,,,,,,0.4792,0.2656,0.2552,0.5187,0.2469,0.2344,1,2.06,3.82,4.03,1.95,4,4.26,0.5422,0.5573,0.2471,-0.9191,0.4359,2,,,,,0,0,,,0.0999,-0.0307,,,,,,,,,,,,,,,,,pinnacle
spelad,L1,2020/21,2020-11-01,,Angers,Nice,0,3,A,11,12,5,5,0.3952,2.7804,understat,,,,,,,,,,0.4293,0.2854,0.2854,0.3991,0.2876,0.3134,1,2.31,3.46,3.47,2.5,3.42,3.2,0.4629,0.4808,-0.111,0.9215,-0.2648,2,6,0,-0.1376,0.3728,0,0,,,-0.0885,0.0058,,,,,,,,,,,,,,,,,pinnacle
spelad,L1,2020/21,2020-11-01,,Dijon,Lorient,0,0,D,11,9,2,1,0.3771,1.1488,understat,,,,,,,,,,0.2998,0.2715,0.4287,0.3045,0.2686,0.4269,1,3.26,3.6,2.37,3.34,3.65,2.4,0.4949,0.5281,0.2031,-0.5103,-0.1734,0,,,,,-1,0,,,0.0112,0.0067,,,,,,,,,,,,,,,,,pinnacle
spelad,L1,2020/21,2020-11-01,,Lille,Lyon,1,1,D,15,8,6,1,0.4447,0.421,understat,,,,,,,,,,0.3458,0.293,0.3611,0.3397,0.2965,0.3637,1,2.85,3.48,2.75,2.89,3.56,2.71,0.5026,0.5333,1.1002,-1.623,0.8957,0,6,1.5,1.0068,0.2511,0,0,,,-0.0148,0.0018,,,,,,,,,,,,,,,,,pinnacle
spelad,L1,2020/21,2020-11-01,,Monaco,Bordeaux,4,0,H,17,5,6,0,3.9375,0.2047,understat,,,,,,,,,,0.5086,0.2479,0.2435,0.5446,0.2378,0.2176,1,1.97,4,4.2,1.91,4.11,5,0.5371,0.5422,-0.2356,1.0174,-0.3098,0,5,0,-0.2335,-0.0708,0,0,,,0.0979,-0.0263,,,,,,,,,,,,,,,,,pinnacle
spelad,L1,2020/21,2020-11-01,,Nimes,Metz,0,1,A,16,8,2,5,0.7837,0.8592,understat,,,,,,,,,,0.3788,0.29,0.3313,0.3167,0.3262,0.3571,1,2.63,3.4,3.07,3.09,3.19,2.77,0.438,0.3801,0.1432,-0.2632,-0.2633,0,,,,,0,0,,,-0.15,0.0026,,,,,,,,,,,,,,,,,pinnacle
spelad,L1,2020/21,2020-11-01,,Reims,Strasbourg,2,1,H,12,9,4,3,0.9113,1.4226,understat,,,,,,,,,,0.4115,0.2814,0.307,0.3574,0.3129,0.3297,1,2.43,3.48,3.25,2.77,3.38,2.97,0.4329,0.4282,0.0877,-0.7215,0.0715,0,4,-0.75,-0.4231,-0.0646,0,0,,,-0.1309,-0.0113,,,,,,,,,,,,,,,,,pinnacle
spelad,L1,2020/21,2020-11-01,,St Etienne,Montpellier,0,1,A,8,10,0,2,0.4845,0.9374,understat,,,,,,,,,,0.3982,0.2775,0.3243,0.365,0.2894,0.3456,1,2.47,3.64,3.06,2.7,3.6,2.9,0.4872,0.4936,0.0471,0.2874,0.1745,0,6,-1,-0.5374,0.0385,0,0,,,-0.0877,0.0065,,,,,,,,,,,,,,,,,pinnacle
spelad,L1,2020/21,2020-11-06,,Strasbourg,Marseille,0,1,A,9,1,2,1,0.3242,0.042,understat,,,,,,,,,,0.327,0.3027,0.3703,0.3778,0.3136,0.3086,1,3.25,3.3,2.64,2.77,3.2,3.24,0.4069,0.3844,-1.2752,1.3811,-0.938,-7,5,-1.8,-0.3785,0.156,0,0,,,0.1632,-0.0244,,,,,,,,,,,,,,,,,pinnacle
spelad,L1,2020/21,2020-11-07,,Bordeaux,Montpellier,0,2,A,9,9,1,3,0.4746,1.5944,understat,,,,,,,,,,0.4037,0.2891,0.3072,0.3533,0.3116,0.3351,1,2.5,3.48,3.35,2.77,3.39,3.1,0.4578,0.4257,-0.3013,0.1139,-0.1536,0,5,-1.2,-0.5254,-0.1171,0,0,,,-0.1288,0.0215,,,,,,,,,,,,,,,,,pinnacle
spelad,L1,2020/21,2020-11-07,,Paris SG,Rennes,3,0,H,9,16,6,3,1.0254,0.8556,understat,,,,,,,,,,0.6689,0.195,0.1361,0.6397,0.2042,0.1561,1,1.48,5.4,7.8,1.52,5.1,8,0.611,0.594,-0.2498,0.0324,-0.2472,0,5,0.6,-0.6066,-0.154,0,0,,,-0.0783,0.0213,,,,,,,,,,,,,,,,,pinnacle
spelad,L1,2020/21,2020-11-08,,Brest,Lille,3,2,H,12,22,8,7,1.4726,2.9706,understat,,,,,,,,,,0.2569,0.2668,0.4763,0.2092,0.248,0.5428,1,3.98,3.72,2.12,5.21,3.95,1.89,0.5179,0.5448,-0.6607,1.1529,-0.7203,1,,,,,0,0,,,-0.162,0.006,,,,,,,,,,,,,,,,,pinnacle
spelad,L1,2020/21,2020-11-08,,Lens,Reims,4,4,D,14,8,5,6,2.0412,1.03,understat,,,,,,,,,,0.4449,0.2913,0.2638,0.4403,0.2926,0.2671,1,2.22,3.44,3.8,2.28,3.45,3.79,0.415,0.4257,-0.3109,1.7785,0.7989,7,,,,,1,0,,,-0.0124,-0.0078,,,,,,,,,,,,,,,,,pinnacle
spelad,L1,2020/21,2020-11-08,,Lorient,Nantes,0,2,A,18,16,4,4,1.7763,1.4658,understat,,,,,,,,,,0.3916,0.2967,0.3118,0.3354,0.3149,0.3497,1,2.55,3.4,3.15,2.96,3.31,2.98,0.4329,0.4232,-0.48,0.417,-0.3999,-1,,,,,1,0,,,-0.1504,0.0233,,,,,,,,,,,,,,,,,pinnacle
spelad,L1,2020/21,2020-11-08,,Lyon,St Etienne,2,1,H,18,16,6,4,3.3054,1.4695,understat,,,,,,,,,,0.7162,0.1697,0.1141,0.7488,0.1658,0.0854,1,1.41,5.75,8.75,1.33,6.1,12,0.5815,0.6307,-0.7067,0.9466,-0.1598,0,6,1.5,0.3292,-0.0968,0,0,,,0.0938,-0.0332,,,,,,,,,,,,,,,,,pinnacle
spelad,L1,2020/21,2020-11-08,,Metz,Dijon,1,1,D,14,14,4,6,2.5238,2.433,understat,,,,,,,,,,0.5517,0.253,0.1953,0.4569,0.2884,0.2546,1,1.83,3.86,5.01,2.2,3.46,4,0.4529,0.4504,0.6161,-0.5757,1.0747,0,3,-1,-0.4767,0.3724,0,0,,,-0.2489,-0.0065,,,,,,,,,,,,,,,,,pinnacle
spelad,L1,2020/21,2020-11-08,,Nice,Monaco,1,2,A,8,15,4,8,0.7827,1.8783,understat,,,,,,,,,,0.3009,0.2546,0.4445,0.2648,0.2538,0.4814,1,3.38,3.85,2.25,3.8,3.98,2.12,0.5779,0.6112,0.3223,-0.5998,0.6245,0,6,1,0.8317,0.0681,0,0,,,-0.109,0.011,,,,,,,,,,,,,,,,,pinnacle
spelad,L1,2020/21,2020-11-08,,Nimes,Angers,1,5,A,11,15,4,8,1.6665,2.0395,understat,,,,,,,,,,0.3139,0.2897,0.3964,0.323,0.3077,0.3693,1,3.15,3.4,2.63,3.03,3.36,2.68,0.4354,0.438,-0.4061,-0.4804,-0.2095,0,4,1.5,1.015,-0.2943,0,0,,,0.0454,0.0102,,,,,,,,,,,,,,,,,pinnacle
spelad,L1,2020/21,2020-11-20,,Monaco,Paris SG,3,2,H,15,9,5,4,3.2824,2.0165,understat,,,,,,,,,,0.1798,0.1874,0.6328,0.16,0.1883,0.6517,1,5.95,5.3,1.63,6.65,5.3,1.61,0.7007,0.6952,-0.8732,1.5844,-0.5332,-1,6,-2.5,-0.3193,0.0209,0,0,,,-0.0585,0.0303,,,,,,,,,,,,,,,,,pinnacle
spelad,L1,2020/21,2020-11-20,,Rennes,Bordeaux,0,1,A,14,6,2,3,1.9505,0.3124,understat,,,,,,,,,,0.5327,0.2746,0.1927,0.4657,0.2835,0.2508,1,1.87,3.68,5.35,2.12,3.55,4.54,0.4257,0.4329,0.1556,0.3437,0.568,0,5,2.4,1.2127,-0.0972,0,0,,,-0.1921,0.0237,,,,,,,,,,,,,,,,,pinnacle
spelad,L1,2020/21,2020-11-21,,Brest,St Etienne,4,1,H,10,17,5,1,1.066,1.088,understat,,,,,,,,,,0.4442,0.2641,0.2917,0.4175,0.28,0.3025,1,2.25,3.8,3.52,2.35,3.68,3.26,0.5459,0.5707,0.4533,0.0631,0.8147,0,,,,,0,0,,,-0.0641,-0.0014,,,,,,,,,,,,,,,,,pinnacle
spelad,L1,2020/21,2020-11-22,,Angers,Lyon,0,1,A,20,5,8,2,0.9488,1.1201,understat,,,,,,,,,,0.188,0.2268,0.5853,0.2364,0.2497,0.5139,1,5.35,4.31,1.7,4.63,4,1.91,0.5558,0.5496,0.9458,-0.8583,0.6569,0,5,-1.8,-0.3634,0.1734,0,0,,,0.1683,-0.0095,,,,,,,,,,,,,,,,,pinnacle
spelad,L1,2020/21,2020-11-22,,Dijon,Lens,0,1,A,10,6,2,2,0.6721,1.2801,understat,,,,,,,,,,0.275,0.2781,0.447,0.2178,0.2489,0.5332,1,3.6,3.72,2.23,4.61,3.94,1.92,0.5166,0.5217,0.1324,-1.0311,-0.7906,0,,,,,-1,0,,,-0.2006,0.0196,,,,,,,,,,,,,,,,,pinnacle
spelad,L1,2020/21,2020-11-22,,Lille,Lorient,4,0,H,31,7,13,2,3.3722,0.4623,understat,,,,,,,,,,0.6127,0.237,0.1503,0.5876,0.2379,0.1745,1,1.65,4.14,7,1.66,4.16,6.21,0.4808,0.5141,0.7906,-1.0116,0.7988,0,,,,,0,0,,,-0.0743,0.0034,,,,,,,,,,,,,,,,,pinnacle
spelad,L1,2020/21,2020-11-22,,Montpellier,Strasbourg,4,3,H,21,9,9,5,2.6555,3.3921,understat,,,,,,,,,,0.4568,0.2738,0.2693,0.4917,0.2947,0.2136,1,2.16,3.6,3.74,2,3.54,4.58,0.449,0.414,1.0511,-1.1301,0.7062,-1,6,0.5,0.0292,0.1901,0,0,,,0.1254,-0.0066,,,,,,,,,,,,,,,,,pinnacle
spelad,L1,2020/21,2020-11-22,,Nantes,Metz,1,1,D,17,10,5,4,1.4884,1.3033,understat,,,,,,,,,,0.4256,0.2939,0.2805,0.4345,0.2999,0.2656,1,2.33,3.34,3.55,2.3,3.42,3.71,0.3966,0.4365,-0.499,0.6,-0.6386,0,4,0,-0.4391,0.2145,0,0,,,0.0326,-0.013,,,,,,,,,,,,,,,,,pinnacle
spelad,L1,2020/21,2020-11-22,,Reims,Nimes,0,1,A,16,6,6,5,1.054,0.9553,understat,,,,,,,,,,0.5141,0.2571,0.2288,0.5288,0.2595,0.2117,1,2.02,3.8,4.5,1.87,3.8,4.68,0.4694,0.4897,0.2926,-1.1558,0.2247,0,4,-1.5,-1.097,0.2059,0,0,,,0.0463,-0.0162,,,,,,,,,,,,,,,,,pinnacle
spelad,L1,2020/21,2020-11-25,,Lens,Nantes,1,1,D,7,11,1,3,0.8758,2.167,understat,,,,,,,,,,0.4857,0.2697,0.2447,0.4235,0.2921,0.2844,1,2.05,3.65,4.1,2.34,3.4,3.6,0.4478,0.4354,0.2763,0.6748,0.8934,0,,,,,1,0,,,-0.164,-0.0088,,,,,,,,,,,,,,,,,pinnacle
spelad,L1,2020/21,2020-11-27,,Strasbourg,Rennes,1,1,D,6,21,3,7,0.8029,1.9948,understat,,,,,,,,,,0.3068,0.3002,0.393,0.3087,0.2983,0.393,1,3.24,3.32,2.54,3.29,3.4,2.74,0.4821,0.4796,-0.4113,0.0893,-0.2541,-2,5,-0.6,-0.0438,-0.2785,0,0,,,0.0038,0.0042,,,,,,,,,,,,,,,,,pinnacle
spelad,L1,2020/21,2020-11-28,,Marseille,Nantes,3,1,H,15,6,9,2,2.7459,0.3223,understat,,,,,,,,,,0.4513,0.2889,0.2598,0.4959,0.2775,0.2266,1,2.19,3.51,4,2.05,3.54,4.37,0.415,0.4442,0.9958,-0.9606,0.588,7,6,-1,-0.8778,0.0626,0,0,,,0.1222,-0.0285,,,,,,,,,,,,,,,,,pinnacle
spelad,L1,2020/21,2020-11-28,,Paris SG,Bordeaux,2,2,D,16,18,9,4,2.5296,1.1368,understat,,,,,,,,,,0.8093,0.1226,0.0681,0.8028,0.1268,0.0703,1,1.23,8.5,18,1.23,8.68,17.5,0.7197,0.7146,0.2013,-0.589,0.3633,0,6,2.5,0.2574,0.0109,0,0,,,-0.0152,-0.0122,,,,,,,,,,,,,,,,,pinnacle
spelad,L1,2020/21,2020-11-29,,Lens,Angers,1,3,A,13,18,5,7,1.3761,2.6274,understat,,,,,,,,,,0.4502,0.2807,0.2691,0.4422,0.2944,0.2634,1,2.23,3.56,3.71,2.23,3.46,3.84,0.4552,0.4566,-0.2359,0.5138,0.2976,-3,,,,,0,0,,,-0.0102,-0.0077,,,,,,,,,,,,,,,,,pinnacle
spelad,L1,2020/21,2020-11-29,,Lorient,Montpellier,0,1,A,8,16,2,3,0.3435,1.4712,understat,,,,,,,,,,0.287,0.2741,0.4389,0.2562,0.2711,0.4727,1,3.47,3.64,2.31,4.08,3.75,2.07,0.4949,0.5128,-1.1746,1.597,-0.679,0,,,,,0,0,,,-0.0955,-0.0179,,,,,,,,,,,,,,,,,pinnacle
spelad,L1,2020/21,2020-11-29,,Lyon,Reims,3,0,H,14,10,4,2,1.9664,0.3346,understat,,,,,,,,,,0.6972,0.1849,0.1179,0.7019,0.1858,0.1123,1,1.43,5.5,8.5,1.45,5.3,8.69,0.5825,0.5875,-0.0082,1.0031,0.229,0,3,-1,-1.1853,0.4074,0,0,,,0.0149,-0.046,,,,,,,,,,,,,,,,,pinnacle
spelad,L1,2020/21,2020-11-29,,Metz,Brest,0,2,A,15,10,6,3,0.705,1.323,understat,,,,,,,,,,0.4147,0.2878,0.2975,0.3977,0.2965,0.3058,1,2.36,3.52,3.34,2.51,3.55,3.27,0.491,0.5026,0.1468,-0.2971,0.4433,-1,,,,,0,0,,,-0.0422,-0.0196,,,,,,,,,,,,,,,,,pinnacle
spelad,L1,2020/21,2020-11-29,,Monaco,Nimes,3,0,H,18,6,5,2,3.4358,0.2087,understat,,,,,,,,,,0.7177,0.1728,0.1095,0.711,0.173,0.1161,1,1.43,5.75,9,1.38,5.75,9.73,0.6316,0.6331,-0.4038,0.49,0.0716,2,4,-1.5,-1.3017,0.2492,0,0,,,-0.02,-0.0123,,,,,,,,,,,,,,,,,pinnacle
spelad,L1,2020/21,2020-11-29,,Nice,Dijon,1,3,A,24,9,7,4,2.4046,0.9801,understat,,,,,,,,,,0.5306,0.259,0.2104,0.5202,0.247,0.2328,1,1.94,3.84,4.65,1.89,4,4.5,0.5077,0.562,0.3633,-0.2197,0.5826,7,5,0.6,0.2156,-0.2892,0,0,,,-0.0433,-0.0006,,,,,,,,,,,,,,,,,pinnacle
spelad,L1,2020/21,2020-11-29,,St Etienne,Lille,1,1,D,7,9,5,2,0.9824,0.3919,understat,,,,,,,,,,0.1924,0.2534,0.5542,0.2713,0.2907,0.438,1,5.15,3.92,1.81,4.06,3.42,2.26,0.4936,0.4365,-0.4874,1.0543,-1.132,1,5,-1.8,-0.7407,-0.2747,0,0,,,0.2741,-0.0191,,,,,,,,,,,,,,,,,pinnacle
spelad,L1,2020/21,2020-12-04,,Nimes,Marseille,0,2,A,7,17,0,4,0.3846,2.1688,understat,,,,,,,,,,0.1825,0.2511,0.5664,0.1881,0.2477,0.5642,1,5.5,4,1.78,5.61,3.96,1.78,0.4808,0.4936,-0.3807,0.6621,-0.3683,-1,4,-1.5,-0.0018,-0.229,0,0,,,0.0135,0.0069,,,,,,,,,,,,,,,,,pinnacle
spelad,L1,2020/21,2020-12-05,,Montpellier,Paris SG,1,3,A,17,13,2,6,1.9812,2.127,understat,,,,,,,,,,0.1472,0.1979,0.6549,0.2182,0.2475,0.5343,1,7.2,5,1.5,4.93,4.33,1.84,0.618,0.592,0.2054,0.4008,0.1938,-1,6,-1.5,0.2267,0.0123,0,0,,,0.2627,-0.0082,,,,,,,,,,,,,,,,,pinnacle
spelad,L1,2020/21,2020-12-05,,Rennes,Lens,0,2,A,10,6,4,4,0.5038,0.9279,understat,,,,,,,,,,0.4632,0.2769,0.2599,0.4616,0.2711,0.2674,1,2.12,3.64,3.83,2.15,3.61,3.81,0.4783,0.5141,-0.5422,0.2222,-0.3702,2,,,,,0,0,,,-0.0107,-0.0202,,,,,,,,,,,,,,,,,pinnacle
spelad,L1,2020/21,2020-12-06,,Angers,Lorient,2,0,H,10,12,3,3,1.9135,0.3351,understat,,,,,,,,,,0.5197,0.2551,0.2251,0.5461,0.2532,0.2007,1,1.95,3.83,4.42,1.87,3.86,4.9,0.4859,0.4834,1.1322,-1.1894,0.9333,0,,,,,0,0,,,0.0771,-0.0222,,,,,,,,,,,,,,,,,pinnacle
spelad,L1,2020/21,2020-12-06,,Bordeaux,Brest,1,0,H,21,8,6,3,2.3655,0.1709,understat,,,,,,,,,,0.4509,0.2788,0.2703,0.44,0.2752,0.2848,1,2.19,3.64,3.65,2.26,3.62,3.45,0.4885,0.5359,-0.0407,-0.112,-0.2054,1,,,,,0,0,,,-0.0363,-0.0119,,,,,,,,,,,,,,,,,pinnacle
spelad,L1,2020/21,2020-12-06,,Dijon,St Etienne,0,0,D,6,7,1,2,0.2358,0.675,understat,,,,,,,,,,0.3189,0.275,0.4062,0.2684,0.2663,0.4653,1,3.08,3.62,2.51,3.75,3.72,2.15,0.5064,0.5269,0.7936,-1.0905,0.9861,0,5,-2.4,-0.8134,-0.0699,0,0,,,-0.1599,0.0002,,,,,,,,,,,,,,,,,pinnacle
spelad,L1,2020/21,2020-12-06,,Lille,Monaco,2,1,H,10,8,5,3,1.3875,0.669,understat,,,,,,,,,,0.4029,0.2675,0.3296,0.3652,0.2853,0.3495,1,2.58,3.75,3.04,2.77,3.82,2.9,0.5496,0.5522,0.0059,-0.9216,-0.2855,0,5,-2.4,-0.7941,-0.0421,0,0,,,-0.0953,0.012,,,,,,,,,,,,,,,,,pinnacle
spelad,L1,2020/21,2020-12-06,,Metz,Lyon,1,3,A,12,18,5,5,1.2421,1.8112,understat,,,,,,,,,,0.1707,0.2134,0.6159,0.1407,0.2039,0.6554,1,6,4.56,1.64,7,4.87,1.51,0.5371,0.5595,0.1044,-0.5692,-0.0127,0,4,-3,-0.6089,-0.1968,0,0,,,-0.0995,0.0175,,,,,,,,,,,,,,,,,pinnacle
spelad,L1,2020/21,2020-12-06,,Nantes,Strasbourg,0,4,A,14,13,2,9,0.6335,3.1975,understat,,,,,,,,,,0.4463,0.2671,0.2866,0.4235,0.2836,0.2929,1,2.26,3.67,3.51,2.33,3.5,3.4,0.4834,0.4821,0.565,-0.2425,0.4527,-1,5,0.6,0.39,-0.2847,0,0,,,-0.0519,-0.0028,,,,,,,,,,,,,,,,,pinnacle
spelad,L1,2020/21,2020-12-06,,Reims,Nice,0,0,D,11,12,2,4,0.5115,0.5708,understat,,,,,,,,,,0.3792,0.2811,0.3397,0.3927,0.3008,0.3065,1,2.59,3.56,2.95,2.51,3.46,3.22,0.4796,0.4416,0.2633,-0.696,-0.2572,0,4,0,-0.1693,0.1931,0,0,,,0.0601,0.0022,,,,,,,,,,,,,,,,,pinnacle
spelad,L1,2020/21,2020-12-11,,St Etienne,Angers,0,0,D,14,8,3,3,1.158,0.7518,understat,,,,,,,,,,0.3978,0.2845,0.3177,0.3931,0.2922,0.3147,1,2.53,3.5,3.09,2.52,3.46,3.12,0.4719,0.4641,-1.1081,0.9527,-1.2721,0,5,0.6,0.1914,0.1112,0,0,,,-0.0064,0.0018,,,,,,,,,,,,,,,,,pinnacle
spelad,L1,2020/21,2020-12-12,,Lens,Montpellier,2,3,A,14,10,4,7,1.3886,1.6172,understat,,,,,,,,,,0.3734,0.2938,0.3328,0.3792,0.3001,0.3207,1,2.64,3.42,2.97,2.69,3.42,3.05,0.4719,0.4541,-0.3355,0.3583,-0.1759,0,,,,,0,0,,,0.0235,-0.0146,,,,,,,,,,,,,,,,,pinnacle
spelad,L1,2020/21,2020-12-12,,Marseille,Monaco,2,1,H,5,9,2,4,1.5275,1.7077,understat,,,,,,,,,,0.3362,0.271,0.3929,0.2754,0.2762,0.4484,1,2.92,3.7,2.61,3.58,3.69,2.25,0.5371,0.5064,1.2049,-1.5958,0.5809,2,5,0.6,0.2146,0.1501,0,0,,,-0.1771,0.019,,,,,,,,,,,,,,,,,pinnacle
spelad,L1,2020/21,2020-12-13,,Brest,Reims,2,1,H,10,10,6,4,2.9736,0.5551,understat,,,,,,,,,,0.4213,0.2825,0.2962,0.3805,0.2936,0.3259,1,2.37,3.55,3.3,2.61,3.35,3.09,0.5115,0.4974,0.5096,-0.5482,0.3874,0,,,,,0,0,,,-0.1114,0.0174,,,,,,,,,,,,,,,,,pinnacle
spelad,L1,2020/21,2020-12-13,,Lille,Bordeaux,2,1,H,15,4,5,3,1.3458,0.8041,understat,,,,,,,,,,0.5551,0.2669,0.178,0.6095,0.2488,0.1417,1,1.79,3.78,5.75,1.67,4,7,0.4343,0.4257,-0.4337,0.003,-0.1447,0,5,0,-0.0664,-0.0773,0,0,,,0.145,-0.059,,,,,,,,,,,,,,,,,pinnacle
spelad,L1,2020/21,2020-12-13,,Lorient,Nimes,3,0,H,13,6,5,2,2.8206,0.5629,understat,,,,,,,,,,0.4405,0.2794,0.2802,0.4935,0.2699,0.2366,1,2.26,3.56,3.5,2.05,3.69,4.15,0.4821,0.4885,-0.6957,0.5098,-0.5217,-2,,,,,0,0,,,0.1497,-0.0346,,,,,,,,,,,,,,,,,pinnacle
spelad,L1,2020/21,2020-12-13,,Nantes,Dijon,1,1,D,17,13,6,4,1.8818,1.0251,understat,,,,,,,,,,0.5573,0.2391,0.2036,0.5425,0.2625,0.1949,1,1.82,4.08,5,1.81,3.92,5.16,0.5026,0.4731,-0.1702,0.2722,-0.2546,0,6,0,-0.3056,0.0593,0,0,,,-0.0209,-0.0116,,,,,,,,,,,,,,,,,pinnacle
spelad,L1,2020/21,2020-12-13,,Nice,Rennes,0,1,A,11,16,3,6,0.7915,1.2598,understat,,,,,,,,,,0.3187,0.2852,0.3961,0.3029,0.3057,0.3914,1,3.08,3.5,2.49,3.27,3.38,2.51,0.4578,0.4293,0.6727,-0.9328,1.0528,-1,6,1.5,0.7426,0.2168,0,0,,,-0.0268,-0.0035,,,,,,,,,,,,,,,,,pinnacle
spelad,L1,2020/21,2020-12-13,,Paris SG,Lyon,0,1,A,7,8,1,5,0.3101,0.8336,understat,,,,,,,,,,0.5996,0.2049,0.1955,0.614,0.1997,0.1863,1,1.66,4.9,5.15,1.62,5,5.56,0.6853,0.6972,-0.0386,-1.2049,-0.4956,1,6,1,-0.131,-0.1927,0,0,,,0.038,-0.0062,,,,,,,,,,,,,,,,,pinnacle
spelad,L1,2020/21,2020-12-13,,Strasbourg,Metz,2,2,D,18,6,4,3,0.7888,1.7189,understat,,,,,,,,,,0.4836,0.2752,0.2412,0.4986,0.2753,0.2262,1,2.08,3.56,4.09,1.98,3.65,4.46,0.4416,0.4694,-0.7511,0.2248,-0.461,0,4,-1.5,-1.0255,0.1969,0,0,,,0.0449,-0.005,,,,,,,,,,,,,,,,,pinnacle
spelad,L1,2020/21,2020-12-16,,Angers,Strasbourg,0,2,A,8,7,2,3,0.2151,0.5109,understat,,,,,,,,,,0.4324,0.2776,0.29,0.3947,0.2975,0.3078,1,2.29,3.52,3.5,2.51,3.4,3.21,0.4604,0.4453,0.7582,-0.2672,0.624,2,5,1.2,0.3245,0.3038,0,0,,,-0.0933,-0.0014,,,,,,,,,,,,,,,,,pinnacle
spelad,L1,2020/21,2020-12-16,,Bordeaux,St Etienne,1,2,A,11,19,3,8,0.5526,2.1875,understat,,,,,,,,,,0.4307,0.2892,0.2801,0.4043,0.2965,0.2992,1,2.28,3.53,3.6,2.5,3.45,3.3,0.4402,0.4617,1.0859,-0.8931,0.9698,-2,6,0.5,0.4036,-0.117,0,0,,,-0.0718,-0.0119,,,,,,,,,,,,,,,,,pinnacle
spelad,L1,2020/21,2020-12-16,,Dijon,Lille,0,2,A,6,10,1,5,0.1718,1.1031,understat,,,,,,,,,,0.1501,0.2255,0.6244,0.1309,0.2064,0.6627,1,6.7,4.33,1.6,8.24,4.8,1.5,0.4897,0.5179,0.0914,-0.2781,-0.0329,0,6,-1,0.072,-0.2506,0,0,,,-0.0766,0.0017,,,,,,,,,,,,,,,,,pinnacle
spelad,L1,2020/21,2020-12-16,,Lyon,Brest,2,2,D,28,8,11,2,3.2997,1.2814,understat,,,,,,,,,,0.7364,0.1612,0.1024,0.7581,0.1526,0.0893,1,1.39,6.03,9.5,1.29,7.26,11.25,0.6597,0.6938,0.4716,-0.1058,0.6614,0,,,,,0,0,,,0.0567,-0.0185,,,,,,,,,,,,,,,,,pinnacle
spelad,L1,2020/21,2020-12-16,,Monaco,Lens,0,3,A,7,8,1,4,0.9285,0.9631,understat,,,,,,,,,,0.5821,0.2243,0.1936,0.5924,0.2279,0.1797,1,1.73,4.36,5.25,1.65,4.52,6.01,0.586,0.5931,-0.3235,0.534,0.225,0,,,,,0,0,,,0.0347,0.0001,,,,,,,,,,,,,,,,,pinnacle
spelad,L1,2020/21,2020-12-16,,Montpellier,Metz,0,2,A,14,9,3,5,0.8925,1.6383,understat,,,,,,,,,,0.5744,0.2447,0.1808,0.5704,0.2567,0.1729,1,1.76,4,5.5,1.75,4.11,5.64,0.4629,0.4656,0.7572,-0.5421,0.6031,1,4,0,-0.5647,0.2192,0,0,,,-0.0002,-0.0128,,,,,,,,,,,,,,,,,pinnacle
spelad,L1,2020/21,2020-12-16,,Nimes,Nice,0,2,A,15,14,4,6,0.994,1.979,understat,,,,,,,,,,0.2815,0.2684,0.4501,0.2448,0.2619,0.4933,1,3.47,3.64,2.24,4.1,3.87,2,0.4923,0.5,0.0788,0.2578,-0.5808,0,4,-1.5,-0.61,-0.2873,0,0,,,-0.1166,-0.0026,,,,,,,,,,,,,,,,,pinnacle
spelad,L1,2020/21,2020-12-16,,Paris SG,Lorient,2,0,H,24,8,8,3,2.8005,1.3025,understat,,,,,,,,,,0.8266,0.1172,0.0562,0.8236,0.1141,0.0623,1,1.17,9.6,22,1.21,9.22,19,0.7161,0.7191,0.7545,-1.454,0.0987,0,,,,,0,0,,,-0.0122,-0.0242,,,,,,,,,,,,,,,,,pinnacle
spelad,L1,2020/21,2020-12-16,,Reims,Nantes,3,2,H,13,18,4,7,1.7412,2.0826,understat,,,,,,,,,,0.3854,0.2957,0.3189,0.4026,0.2983,0.2992,1,2.54,3.36,3.2,2.47,3.37,3.27,0.4293,0.4035,0.1366,-0.4854,-0.0613,0,3,0,0.1052,0.027,0,0,,,0.0541,-0.0286,,,,,,,,,,,,,,,,,pinnacle
spelad,L1,2020/21,2020-12-16,,Rennes,Marseille,2,1,H,15,8,5,1,1.1685,1.2424,understat,,,,,,,,,,0.3839,0.2931,0.3231,0.4505,0.3133,0.2361,1,2.6,3.44,3.08,2.37,3.25,4.14,0.4416,0.3922,-1.6103,1.9379,-1.5398,-1,6,-0.5,-0.0065,0.2338,0,0,,,0.2202,-0.0873,,,,,,,,,,,,,,,,,pinnacle
spelad,L1,2020/21,2020-12-19,,Marseille,Reims,1,1,D,12,2,6,1,1.5057,0.3631,understat,,,,,,,,,,0.5429,0.2663,0.1909,0.5187,0.2818,0.1994,1,1.83,3.82,5.22,1.93,3.54,4.98,0.4629,0.4354,0.6416,-0.4704,0.8871,0,3,-2,-1.4603,0.0504,0,0,,,-0.0569,-0.0319,,,,,,,,,,,,,,,,,pinnacle
spelad,L1,2020/21,2020-12-19,,Metz,Lens,2,0,H,12,17,4,3,1.1604,1.1453,understat,,,,,,,,,,0.305,0.2871,0.4079,0.286,0.3047,0.4093,1,3.21,3.44,2.55,3.42,3.24,2.45,0.4453,0.3956,-0.0321,0.1888,0.2829,0,,,,,0,0,,,-0.0393,0.0262,,,,,,,,,,,,,,,,,pinnacle
spelad,L1,2020/21,2020-12-19,,Nice,Lyon,1,4,A,8,13,1,9,0.762,3.1134,understat,,,,,,,,,,0.1632,0.2229,0.6139,0.1538,0.2129,0.6333,1,6.5,4.5,1.64,6.75,4.8,1.54,0.5707,0.6357,-0.8862,0.6014,-0.571,0,6,0,0.687,-0.2219,0,0,,,-0.0382,0.0135,,,,,,,,,,,,,,,,,pinnacle
spelad,L1,2020/21,2020-12-20,,Brest,Montpellier,2,2,D,17,10,7,4,2.1689,0.5222,understat,,,,,,,,,,0.3125,0.2748,0.4127,0.3609,0.2946,0.3444,1,3.13,3.68,2.4,2.82,3.52,2.84,0.5471,0.5064,-0.0228,-0.5908,0.1166,0,,,,,0,0,,,0.1652,-0.0206,,,,,,,,,,,,,,,,,pinnacle
spelad,L1,2020/21,2020-12-20,,Dijon,Monaco,0,1,A,11,13,1,6,1.1767,1.127,understat,,,,,,,,,,0.1638,0.2114,0.6248,0.1392,0.2016,0.6592,1,6.5,4.68,1.6,7.54,5.08,1.5,0.6034,0.6223,0.4056,-1.1161,0.0787,0,6,-1,0.0709,0.1071,0,0,,,-0.0837,0.0073,,,,,,,,,,,,,,,,,pinnacle
spelad,L1,2020/21,2020-12-20,,Lille,Paris SG,0,0,D,8,8,3,1,0.3944,0.5524,understat,,,,,,,,,,0.2709,0.2484,0.4806,0.271,0.2812,0.4478,1,4,3.92,2.03,3.68,3.6,2.23,0.567,0.4884,-0.2138,0.7436,0.3703,0,6,-2,0.0508,-0.1547,0,0,,,0.0328,0.0066,,,,,,,,,,,,,,,,,pinnacle
spelad,L1,2020/21,2020-12-20,,Lorient,Rennes,0,3,A,11,15,2,4,1.0355,1.0005,understat,,,,,,,,,,0.238,0.2666,0.4954,0.2239,0.2727,0.5033,1,4.1,3.72,2.02,4.45,3.65,1.97,0.4731,0.4442,-0.2881,-0.2267,-0.3647,0,,,,,0,0,,,-0.0361,0.0184,,,,,,,,,,,,,,,,,pinnacle
spelad,L1,2020/21,2020-12-20,,Nantes,Angers,1,1,D,9,12,2,6,0.5731,0.9421,understat,,,,,,,,,,0.388,0.285,0.327,0.3625,0.3068,0.3307,1,2.56,3.5,3.03,2.7,3.36,3.15,0.4629,0.408,-0.7216,0.9187,-0.8329,0,6,-0.5,-0.2922,-0.145,0,0,,,-0.0546,0.0225,,,,,,,,,,,,,,,,,pinnacle
spelad,L1,2020/21,2020-12-20,,St Etienne,Nimes,2,2,D,18,9,9,4,2.9447,1.5056,understat,,,,,,,,,,0.6127,0.225,0.1624,0.6373,0.2191,0.1436,1,1.64,4.4,6.5,1.53,4.75,8.1,0.5154,0.5584,-0.4168,0.1401,0.1388,0,4,2.25,0.8918,-0.0264,0,0,,,0.068,0.0197,,,,,,,,,,,,,,,,,pinnacle
spelad,L1,2020/21,2020-12-20,,Strasbourg,Bordeaux,0,2,A,10,11,3,6,1.0111,1.3097,understat,,,,,,,,,,0.4367,0.2869,0.2764,0.4408,0.2904,0.2688,1,2.25,3.5,3.6,2.22,3.37,3.84,0.438,0.4694,-0.446,-0.0652,0.0037,0,5,1.8,1.2903,-0.2926,0,0,,,0.0156,-0.0019,,,,,,,,,,,,,,,,,pinnacle
spelad,L1,2020/21,2020-12-23,,Angers,Marseille,2,1,H,9,9,2,3,0.7804,1.4976,understat,,,,,,,,,,0.3175,0.2945,0.388,0.3115,0.3249,0.3636,1,3.18,3.38,2.58,3.16,3.08,2.73,0.4232,0.357,-0.6385,0.106,-0.87,-1,6,-0.5,-0.0701,0.568,0,0,,,0.0125,0.0039,,,,,,,,,,,,,,,,,pinnacle
spelad,L1,2020/21,2020-12-23,,Bordeaux,Reims,1,3,A,9,10,3,5,1.2121,1.3033,understat,,,,,,,,,,0.4235,0.2938,0.2827,0.4128,0.3011,0.2861,1,2.32,3.4,3.58,2.4,3.4,3.65,0.4175,0.4354,0.0559,0.0563,0.3091,-1,3,-1,-0.5849,0.3587,0,0,,,-0.0247,-0.0004,,,,,,,,,,,,,,,,,pinnacle
spelad,L1,2020/21,2020-12-23,,Lens,Brest,2,1,H,11,10,4,3,2.0261,1.1765,understat,,,,,,,,,,0.4813,0.2531,0.2655,0.4546,0.2678,0.2777,1,2.07,3.9,3.8,2.18,3.81,3.6,0.5396,0.5471,-0.3976,0.5881,-0.6902,1,,,,,0,0,,,-0.0657,0.0025,,,,,,,,,,,,,,,,,pinnacle
spelad,L1,2020/21,2020-12-23,,Lyon,Nantes,3,0,H,22,18,11,4,3.9821,1.1039,understat,,,,,,,,,,0.7427,0.157,0.1004,0.7591,0.1516,0.0893,1,1.33,6.5,12,1.3,6.5,12,0.622,0.637,0.8441,-0.4912,1.0942,1,5,-0.6,-1.0828,0.187,0,0,,,0.044,-0.0285,,,,,,,,,,,,,,,,,pinnacle
spelad,L1,2020/21,2020-12-23,,Monaco,St Etienne,2,2,D,2,18,2,6,0.6804,1.9722,understat,,,,,,,,,,0.5918,0.2347,0.1734,0.5764,0.2429,0.1807,1,1.68,4.38,5.64,1.7,4.35,5.7,0.5779,0.5743,0.7191,-0.318,0.6092,0,5,-0.6,-0.378,-0.256,0,0,,,-0.0382,0.0199,,,,,,,,,,,,,,,,,pinnacle
spelad,L1,2020/21,2020-12-23,,Montpellier,Lille,2,3,A,17,9,6,7,1.1905,1.7044,understat,,,,,,,,,,0.278,0.2772,0.4448,0.2392,0.2764,0.4844,1,3.6,3.56,2.3,4.09,3.54,2.14,0.4416,0.4478,0.4563,-0.1526,0.3727,0,5,-0.6,-0.3241,0.1005,0,0,,,-0.1171,0.0412,,,,,,,,,,,,,,,,,pinnacle
spelad,L1,2020/21,2020-12-23,,Nice,Lorient,2,2,D,3,24,3,6,0.6567,2.1345,understat,,,,,,,,,,0.5056,0.2575,0.2369,0.4906,0.2712,0.2381,1,1.94,3.79,4.33,2,3.65,4.25,0.4808,0.4566,0.2057,-0.5433,0.3256,1,,,,,0,0,,,-0.0313,-0.0098,,,,,,,,,,,,,,,,,pinnacle
spelad,L1,2020/21,2020-12-23,,Nimes,Dijon,1,3,A,8,14,1,4,0.9587,1.6007,understat,,,,,,,,,,0.3624,0.2764,0.3611,0.3836,0.286,0.3304,1,2.72,3.65,2.8,2.6,3.52,2.98,0.5026,0.491,-0.2168,0.854,-0.3984,0,4,2.25,0.9996,-0.0332,0,0,,,0.0729,-0.0124,,,,,,,,,,,,,,,,,pinnacle
spelad,L1,2020/21,2020-12-23,,Paris SG,Strasbourg,4,0,H,17,8,8,2,3.1162,0.4172,understat,,,,,,,,,,0.745,0.1605,0.0945,0.7238,0.1745,0.1017,1,1.35,6.32,10.5,1.35,6,10.3,0.6573,0.6331,0.6694,-0.7875,-0.0492,0,5,0.6,-0.9431,0.2754,0,0,,,-0.0496,0.0011,,,,,,,,,,,,,,,,,pinnacle
spelad,L1,2020/21,2020-12-23,,Rennes,Metz,1,0,H,11,9,6,4,0.663,0.8349,understat,,,,,,,,,,0.6096,0.2295,0.1609,0.6097,0.2451,0.1452,1,1.66,4.25,6.5,1.63,4.15,7,0.4515,0.4282,-0.0616,0.4342,-0.2569,-1,3,0,-0.4263,0.0605,0,0,,,0.0161,-0.0142,,,,,,,,,,,,,,,,,pinnacle
spelad,L1,2020/21,2021-01-06,,Brest,Nice,2,0,H,10,12,6,6,1.133,1.3739,understat,,,,,,,,,,0.4291,0.2602,0.3106,0.3963,0.2719,0.3318,1,2.32,3.77,3.18,2.49,3.77,3.08,0.5646,0.551,0.79,-1.045,0.9491,0,,,,,0,0,,,-0.0869,0.0099,,,,,,,,,,,,,,,,,pinnacle
spelad,L1,2020/21,2021-01-06,,Lille,Angers,1,2,A,7,7,2,3,0.2853,0.413,understat,,,,,,,,,,0.6095,0.2367,0.1538,0.516,0.2877,0.1962,1,1.66,4.12,6.5,1.91,3.41,5.4,0.4416,0.408,0.0493,0.298,-0.0414,0,6,0.5,0.1517,-0.1233,0,0,,,-0.2293,0.0023,,,,,,,,,,,,,,,,,pinnacle
spelad,L1,2020/21,2021-01-06,,Lorient,Monaco,2,5,A,11,16,5,9,0.6123,2.8177,understat,,,,,,,,,,0.2168,0.2368,0.5464,0.2212,0.2445,0.5343,1,4.58,4.13,1.83,4.73,4.06,1.85,0.551,0.5422,-0.7501,0.6616,-0.3969,0,,,,,0,0,,,0.0208,0.0007,,,,,,,,,,,,,,,,,pinnacle
spelad,L1,2020/21,2021-01-06,,Lyon,Lens,3,2,H,11,10,6,2,1.8231,0.9472,understat,,,,,,,,,,0.6593,0.1955,0.1452,0.6331,0.2119,0.155,1,1.5,5,7.08,1.54,4.95,6.8,0.6,0.5906,0.2766,0.1062,0.5102,0,,,,,0,0,,,-0.0622,-0.0016,,,,,,,,,,,,,,,,,pinnacle
spelad,L1,2020/21,2021-01-06,,Marseille,Montpellier,3,1,H,18,13,8,5,2.5238,1.179,understat,,,,,,,,,,0.4615,0.2741,0.2644,0.4367,0.3066,0.2567,1,2.15,3.59,3.89,2.29,3.4,3.81,0.4578,0.4104,-0.0717,0.2532,0.3217,0,5,0,-0.4938,0.321,0,0,,,-0.042,-0.008,,,,,,,,,,,,,,,,,pinnacle
spelad,L1,2020/21,2021-01-06,,Metz,Bordeaux,0,0,D,9,12,3,3,0.7175,0.6675,understat,,,,,,,,,,0.3585,0.3087,0.3328,0.3411,0.3189,0.34,1,2.75,3.22,2.96,2.88,3.16,2.99,0.4,0.3619,-0.4851,0.4383,-0.0355,0,4,-3,-0.8682,-0.2523,0,0,,,-0.0417,0.0125,,,,,,,,,,,,,,,,,pinnacle
spelad,L1,2020/21,2021-01-06,,Nantes,Rennes,0,0,D,7,8,2,0,0.6007,0.4907,understat,,,,,,,,,,0.2655,0.2737,0.4608,0.2495,0.2779,0.4726,1,3.8,3.7,2.22,3.97,3.6,2.1,0.4221,0.4442,-0.6974,0.252,-0.834,0,6,-1,-0.4573,0.0207,0,0,,,-0.0436,0.0045,,,,,,,,,,,,,,,,,pinnacle
spelad,L1,2020/21,2021-01-06,,Reims,Dijon,0,0,D,9,8,3,0,0.8783,0.1257,understat,,,,,,,,,,0.5252,0.2591,0.2157,0.5037,0.2816,0.2147,1,1.9,3.78,4.61,1.95,3.64,4.66,0.4719,0.4354,0.1358,-0.0945,-0.3054,0,3,-1,-1.0308,0.3896,0,0,,,-0.0422,0.0019,,,,,,,,,,,,,,,,,pinnacle
spelad,L1,2020/21,2021-01-06,,St Etienne,Paris SG,1,1,D,11,10,5,4,1.2999,1.395,understat,,,,,,,,,,0.1213,0.1791,0.6996,0.0817,0.1512,0.7671,1,8.7,5.5,1.42,13,6.5,1.32,0.6405,0.6355,-0.8507,1.4642,0.1615,0,5,-2.4,-0.2461,0.0452,0,0,,,-0.1465,0.0276,,,,,,,,,,,,,,,,,pinnacle
spelad,L1,2020/21,2021-01-06,,Strasbourg,Nimes,5,0,H,21,6,12,2,4.6476,0.8268,understat,,,,,,,,,,0.6163,0.2291,0.1546,0.6453,0.2205,0.1342,1,1.64,4.28,6.35,1.54,4.9,8.6,0.5192,0.5282,-0.0903,-0.4293,0.2142,0,3,0,-0.2177,0.0401,0,0,,,0.0784,-0.0093,,,,,,,,,,,,,,,,,pinnacle
spelad,L1,2020/21,2021-01-09,,Bordeaux,Lorient,2,1,H,16,12,6,4,1.6123,1.0673,understat,,,,,,,,,,0.478,0.2731,0.2489,0.4653,0.2849,0.2499,1,2.11,3.6,4,2.23,3.5,4.15,0.4256,0.4453,0.7579,-1.1633,0.6773,0,,,,,0,0,,,-0.0263,-0.0173,,,,,,,,,,,,,,,,,pinnacle
spelad,L1,2020/21,2021-01-09,,Dijon,Marseille,0,0,D,5,11,0,4,0.4888,1.802,understat,,,,,,,,,,0.2193,0.2843,0.4964,0.22,0.2713,0.5087,1,4.6,3.6,2.01,4.9,3.86,1.94,0.4668,0.4745,0.0791,-0.6681,-0.2811,0,5,-2.4,-0.5506,-0.0295,0,0,,,-0.0109,-0.0024,,,,,,,,,,,,,,,,,pinnacle
spelad,L1,2020/21,2021-01-09,,Lens,Strasbourg,0,1,A,11,10,2,4,0.5753,1.5777,understat,,,,,,,,,,0.4096,0.2766,0.3138,0.3991,0.2981,0.3027,1,2.42,3.58,3.32,2.45,3.43,3.23,0.4783,0.4655,0.0998,-0.0814,-0.0924,0,,,,,0,0,,,-0.01,-0.0096,,,,,,,,,,,,,,,,,pinnacle
spelad,L1,2020/21,2021-01-09,,Metz,Nice,1,1,D,16,11,5,4,1.2556,1.4808,understat,,,,,,,,,,0.365,0.3,0.335,0.3242,0.3022,0.3737,1,2.72,3.29,3.03,3.02,3.25,2.84,0.415,0.4221,0.2891,-0.347,0.8237,0,3,-1,0.0814,-0.2614,0,0,,,-0.1203,0.0301,,,,,,,,,,,,,,,,,pinnacle
spelad,L1,2020/21,2021-01-09,,Monaco,Angers,3,0,H,14,6,5,2,2.308,0.6894,understat,,,,,,,,,,0.5609,0.2645,0.1746,0.5694,0.249,0.1816,1,1.79,4.04,5.59,1.73,4,5.72,0.532,0.5281,-0.3071,0.381,-0.6057,0,6,1,0.0691,0.073,0,0,,,0.0098,-0.019,,,,,,,,,,,,,,,,,pinnacle
spelad,L1,2020/21,2021-01-09,,Montpellier,Nantes,1,1,D,8,12,6,3,0.9055,1.3107,understat,,,,,,,,,,0.4887,0.2663,0.245,0.4307,0.2801,0.2892,1,2.07,3.78,4.04,2.3,3.6,3.56,0.4949,0.5064,0.7096,-0.5177,0.5741,0,5,-1.2,-0.5939,-0.1015,0,0,,,-0.1604,-0.0014,,,,,,,,,,,,,,,,,pinnacle
spelad,L1,2020/21,2021-01-09,,Nimes,Lille,0,1,A,7,10,0,2,0.3451,1.0142,understat,,,,,,,,,,0.1255,0.2097,0.6648,0.1404,0.2348,0.6247,1,8.13,4.8,1.5,8.89,4.65,1.56,0.5281,0.5051,-0.5114,0.6258,-0.7495,0,3,-2,-0.5549,0.0821,0,0,,,0.07,-0.0404,,,,,,,,,,,,,,,,,pinnacle
spelad,L1,2020/21,2021-01-09,,Paris SG,Brest,3,0,H,22,12,11,2,2.9138,0.5469,understat,,,,,,,,,,0.8273,0.1097,0.063,0.8288,0.1073,0.0639,1,1.2,9,17.03,1.21,9.05,18,0.7627,0.7698,-0.521,0.6052,-1.2385,0,,,,,0,0,,,0.0021,-0.0171,,,,,,,,,,,,,,,,,pinnacle
spelad,L1,2020/21,2021-01-09,,Reims,St Etienne,3,1,H,7,14,3,6,1.7054,1.2891,understat,,,,,,,,,,0.3253,0.32,0.3547,0.3374,0.3067,0.3558,1,3.01,3.16,2.85,2.91,3.19,2.99,0.3684,0.4069,0.7945,-1.2974,-0.0656,0,4,-0.75,-0.2619,-0.0516,0,0,,,0.0232,0.0368,,,,,,,,,,,,,,,,,pinnacle
spelad,L1,2020/21,2021-01-09,,Rennes,Lyon,2,2,D,14,13,6,4,1.1489,1.1162,understat,,,,,,,,,,0.2902,0.2694,0.4405,0.2527,0.2608,0.4865,1,3.55,3.63,2.26,4.09,3.84,2.02,0.509,0.5383,-0.3904,0.308,-0.6775,0,5,0.6,1.0146,-0.2351,0,0,,,-0.121,-0.0047,,,,,,,,,,,,,,,,,pinnacle
spelad,L1,2020/21,2021-01-15,,Montpellier,Monaco,2,3,A,9,16,3,5,0.552,2.888,understat,,,,,,,,,,0.2852,0.2741,0.4407,0.2954,0.2794,0.4252,1,3.5,3.75,2.24,3.51,3.59,2.32,0.5396,0.5281,-0.0897,0.1772,-0.0713,0,7,0.4286,0.3227,0.3051,0,0,,,0.0359,-0.007,,,,,,,,,,,,,,,,,pinnacle
spelad,L1,2020/21,2021-01-16,,Angers,Paris SG,0,1,A,11,12,4,3,0.9372,1.4866,understat,,,,,,,,,,0.1078,0.1746,0.7176,0.0887,0.1465,0.7648,1,9.5,5.75,1.4,13.5,7.1,1.32,0.6088,0.669,0.3968,0.1821,0.8883,0,6,-3,-0.3259,-0.1199,0,0,,,-0.0855,0.0054,,,,,,,,,,,,,,,,,pinnacle
spelad,L1,2020/21,2021-01-16,,Marseille,Nimes,1,2,A,14,8,6,5,2.1628,1.5878,understat,,,,,,,,,,0.6809,0.2024,0.1166,0.6491,0.2159,0.135,1,1.47,5.1,8.45,1.5,4.77,7.6,0.5459,0.5459,0.0405,0.0555,0.8972,0,5,1.8,0.3965,-0.2327,0,0,,,-0.0821,-0.013,,,,,,,,,,,,,,,,,pinnacle
spelad,L1,2020/21,2021-01-17,,Brest,Rennes,1,2,A,14,7,4,4,1.9495,1.4995,understat,,,,,,,,,,0.2892,0.2685,0.4423,0.3049,0.2821,0.413,1,3.41,3.72,2.24,3.3,3.51,2.41,0.5371,0.4949,-0.3362,0.0168,0.0515,0,3,-1,-0.2743,0.4027,0,0,,,0.0608,0.0051,,,,,,,,,,,,,,,,,pinnacle
spelad,L1,2020/21,2021-01-17,,Lille,Reims,2,1,H,16,8,8,4,1.3799,0.265,understat,,,,,,,,,,0.5907,0.2538,0.1555,0.5741,0.2638,0.1621,1,1.7,4,6.27,1.73,3.84,6.02,0.4416,0.4211,0.1457,0.3539,0.113,0,4,0,-0.2098,0.1801,0,0,,,-0.0399,-0.0298,,,,,,,,,,,,,,,,,pinnacle
spelad,L1,2020/21,2021-01-17,,Lyon,Metz,0,1,A,23,17,5,3,1.6386,1.4255,understat,,,,,,,,,,0.7618,0.158,0.0802,0.7027,0.19,0.1072,1,1.33,6.25,12.16,1.4,5.51,9.53,0.6078,0.5635,0.6525,-0.4606,0.4106,0,5,3,0.8106,-0.1982,0,0,,,-0.1451,-0.012,,,,,,,,,,,,,,,,,pinnacle
spelad,L1,2020/21,2021-01-17,,Nantes,Lens,1,1,D,10,8,2,1,1.1598,1.3564,understat,,,,,,,,,,0.3852,0.282,0.3328,0.3447,0.2967,0.3586,1,2.63,3.48,2.95,2.84,3.4,2.75,0.4629,0.4478,-0.4378,0.5679,-0.5438,0,,,,,0,0,,,-0.1068,0.0125,,,,,,,,,,,,,,,,,pinnacle
spelad,L1,2020/21,2021-01-17,,Nice,Bordeaux,0,3,A,10,17,1,9,0.4699,3.613,understat,,,,,,,,,,0.4109,0.2981,0.291,0.4078,0.2966,0.2957,1,2.5,3.38,3.37,2.47,3.36,3.38,0.4211,0.4416,-0.604,0.6638,-0.79,0,7,1.2857,0.6094,0.2784,0,0,,,-0.0108,-0.0082,,,,,,,,,,,,,,,,,pinnacle
spelad,L1,2020/21,2021-01-17,,Strasbourg,St Etienne,1,0,H,15,8,3,3,2.6099,1.2515,understat,,,,,,,,,,0.4862,0.2761,0.2378,0.5735,0.2456,0.1809,1,2.1,3.6,4.34,1.72,4.15,5.77,0.4667,0.4897,0.9539,-1.2158,0.5357,0,6,-1,-0.3668,0.0427,0,0,,,0.2316,0.0083,,,,,,,,,,,,,,,,,pinnacle
spelad,L1,2020/21,2021-01-20,,Marseille,Lens,0,1,A,4,13,1,4,0.1187,1.55,understat,,,,,,,,,,0.4607,0.2856,0.2537,0.4421,0.2917,0.2662,1,2.15,3.62,4.09,2.21,3.57,4.01,0.4629,0.4529,-0.5027,0.7984,-0.2386,1,,,,,0,0,,,-0.0497,0.0044,,,,,,,,,,,,,,,,,pinnacle
spelad,L1,2020/21,2021-01-22,,Paris SG,Montpellier,4,0,H,26,5,8,1,4.9092,0.1581,understat,,,,,,,,,,0.8316,0.116,0.0525,0.8385,0.1108,0.0507,1,1.2,8.9,19.75,1.18,9.6,20.5,0.7128,0.7369,0.57,-0.5127,0.5418,-1,7,1.7143,-0.0407,-0.0248,0,0,,,0.0158,-0.0293,,,,,,,,,,,,,,,,,pinnacle
spelad,L1,2020/21,2021-01-23,,Lens,Nice,0,1,A,13,7,3,2,1.189,0.5473,understat,,,,,,,,,,0.4748,0.286,0.2392,0.4486,0.2885,0.2629,1,2.15,3.48,4.38,2.18,3.56,4.11,0.4668,0.4668,0.1263,-0.0849,0.6001,-3,,,,,0,0,,,-0.0762,0.0137,,,,,,,,,,,,,,,,,pinnacle
spelad,L1,2020/21,2021-01-23,,Monaco,Marseille,3,1,H,8,5,6,1,1.8755,0.4625,understat,,,,,,,,,,0.5482,0.234,0.2178,0.5453,0.2509,0.2038,1,1.81,4.2,4.75,1.79,4.15,5.07,0.5396,0.5422,0.6476,-0.4136,0.3877,5,6,-1,-0.5742,0.0791,0,0,,,0.0083,0.0139,,,,,,,,,,,,,,,,,pinnacle
spelad,L1,2020/21,2021-01-24,,Bordeaux,Angers,2,1,H,7,15,3,7,1.1096,1.7136,understat,,,,,,,,,,0.3982,0.3005,0.3014,0.3653,0.3179,0.3168,1,2.51,3.28,3.41,2.69,3.22,3.15,0.3768,0.3854,-0.139,0.047,0.0791,-1,6,0,0.0249,0.0276,0,0,,,-0.0812,0.0074,,,,,,,,,,,,,,,,,pinnacle
spelad,L1,2020/21,2021-01-24,,Dijon,Strasbourg,1,1,D,5,15,3,2,0.8028,2.7928,understat,,,,,,,,,,0.2594,0.2658,0.4748,0.2622,0.2851,0.4527,1,3.86,3.72,2.12,3.96,3.58,2.19,0.4453,0.4641,0.0457,-0.5175,-0.2052,7,6,-0.5,-0.0483,-0.11,0,0,,,0.0275,0.0031,,,,,,,,,,,,,,,,,pinnacle
spelad,L1,2020/21,2021-01-24,,Metz,Nantes,2,0,H,14,8,4,0,0.8339,0.24,understat,,,,,,,,,,0.394,0.2997,0.3063,0.3546,0.3068,0.3386,1,2.67,3.29,3.25,2.77,3.26,3.12,0.3811,0.4211,0.5884,-0.6,1.204,0,5,0,0.1603,0.3116,0,0,,,-0.1111,0.0186,,,,,,,,,,,,,,,,,pinnacle
spelad,L1,2020/21,2021-01-24,,Reims,Brest,1,0,H,12,17,2,1,1.1881,1.0194,understat,,,,,,,,,,0.4011,0.2749,0.324,0.3834,0.2884,0.3281,1,2.46,3.58,3.1,2.6,3.56,3.01,0.4885,0.4541,0.6182,-0.8327,0.2828,0,3,-1,-0.4318,-0.3005,0,0,,,-0.0393,-0.0124,,,,,,,,,,,,,,,,,pinnacle
spelad,L1,2020/21,2021-01-24,,Rennes,Lille,0,1,A,11,9,2,4,0.5503,0.796,understat,,,,,,,,,,0.3446,0.3107,0.3446,0.3076,0.3261,0.3664,1,2.9,3.19,2.86,3.18,3.08,2.78,0.3922,0.3619,0.2226,-0.4959,-0.0607,0,7,0.4286,0.3007,-0.0043,0,0,,,-0.0958,0.0129,,,,,,,,,,,,,,,,,pinnacle
spelad,L1,2020/21,2021-01-24,,St Etienne,Lyon,0,5,A,3,19,0,12,0.2226,2.1987,understat,,,,,,,,,,0.1221,0.1974,0.6805,0.1328,0.2139,0.6533,1,9.3,5.03,1.45,8.71,4.75,1.51,0.5779,0.5522,-0.7808,0.6181,-0.3469,0,7,-1.7143,-0.2595,-0.1067,0,0,,,0.0486,0.0069,,,,,,,,,,,,,,,,,pinnacle
spelad,L1,2020/21,2021-01-27,,Lorient,Dijon,3,2,H,14,7,5,2,0.896,1.6704,understat,,,,,,,,,,0.4416,0.2776,0.2808,0.4332,0.2822,0.2846,1,2.25,3.56,3.48,2.29,3.52,3.52,0.4653,0.4783,-0.7873,1.3009,-0.5595,7,,,,,0,0,,,-0.0206,-0.0029,,,,,,,,,,,,,,,,,pinnacle
spelad,L1,2020/21,2021-01-29,,Lyon,Bordeaux,2,1,H,10,12,4,2,1.3005,0.7314,understat,,,,,,,,,,0.728,0.1673,0.1047,0.6975,0.1857,0.1168,1,1.37,6.25,10,1.43,5.6,8.75,0.6667,0.6364,-0.2357,0.0924,-0.1993,0,7,0.4286,-0.47,0.3201,0,0,,,-0.0731,-0.0128,,,,,,,,,,,,,,,,,pinnacle
spelad,L1,2020/21,2021-01-30,,Montpellier,Lens,1,2,A,17,11,7,2,1.0381,1.0705,understat,,,,,,,,,,0.325,0.2973,0.3777,0.305,0.2985,0.3964,1,3.02,3.56,2.65,3.27,3.43,2.67,0.4566,0.4329,0.1429,-0.4719,-0.5536,1,,,,,0,0,,,-0.0586,0.0092,,,,,,,,,,,,,,,,,pinnacle
spelad,L1,2020/21,2021-01-31,,Angers,Nimes,3,1,H,12,8,5,4,1.5946,0.9424,understat,,,,,,,,,,0.5847,0.2393,0.1759,0.5639,0.2581,0.178,1,1.76,4.2,5.7,1.74,4,6,0.5,0.4821,-0.0191,0.0858,0.2684,-7,5,-0.6,-0.2597,-0.297,0,0,,,-0.0437,0.0045,,,,,,,,,,,,,,,,,pinnacle
spelad,L1,2020/21,2021-01-31,,Brest,Metz,2,4,A,10,15,5,6,1.8688,1.5056,understat,,,,,,,,,,0.4466,0.281,0.2724,0.4838,0.2857,0.2305,1,2.34,3.52,3.59,2.02,3.62,4.37,0.4578,0.4641,-0.6648,0.7253,-0.9364,0,,,,,0,0,,,0.1164,0.016,,,,,,,,,,,,,,,,,pinnacle
spelad,L1,2020/21,2021-01-31,,Lille,Dijon,1,0,H,14,11,2,3,1.9082,0.3709,understat,,,,,,,,,,0.7061,0.1972,0.0967,0.7258,0.1838,0.0904,1,1.4,5.11,10.44,1.37,5.38,11.5,0.5026,0.5,0.7969,0.0136,0.6195,3,7,1.2857,0.2681,-0.2442,0,0,,,0.0457,-0.0325,,,,,,,,,,,,,,,,,pinnacle
spelad,L1,2020/21,2021-01-31,,Lorient,Paris SG,3,2,H,16,14,5,3,1.5606,2.6418,understat,,,,,,,,,,0.0707,0.1124,0.817,0.0636,0.101,0.8355,1,19,9.2,1.19,19,9.91,1.19,0.7191,0.7485,-0.4311,0.6969,0.0437,-5,,,,,0,0,,,-0.0326,0.0101,,,,,,,,,,,,,,,,,pinnacle
spelad,L1,2020/21,2021-01-31,,Nantes,Monaco,1,2,A,9,14,3,5,1.2393,1.5244,understat,,,,,,,,,,0.2276,0.2388,0.5336,0.1969,0.2535,0.5497,1,4.38,4.1,1.88,5.2,4.17,1.78,0.5281,0.4974,-0.7644,0.4123,-0.7129,-1,6,-2,-0.5495,-0.2735,0,0,,,-0.0776,-0.0015,,,,,,,,,,,,,,,,,pinnacle
spelad,L1,2020/21,2021-01-31,,Nice,St Etienne,0,1,A,7,10,2,1,0.4358,1.5875,understat,,,,,,,,,,0.4407,0.2673,0.292,0.3738,0.2897,0.3365,1,2.25,3.7,3.41,2.62,3.8,3.17,0.4719,0.4859,0.6245,-1.0697,-0.1136,1,6,-0.5,-0.1466,-0.1171,0,0,,,-0.1783,0.0382,,,,,,,,,,,,,,,,,pinnacle
spelad,L1,2020/21,2021-01-31,,Strasbourg,Reims,0,1,A,12,10,2,5,0.9951,1.317,understat,,,,,,,,,,0.459,0.2936,0.2475,0.4545,0.2961,0.2493,1,2.16,3.35,4.18,2.2,3.42,4.1,0.4365,0.4257,-0.5218,1.141,-0.2424,0,5,0,0.1297,-0.1143,0,0,,,-0.0106,-0.0106,,,,,,,,,,,,,,,,,pinnacle
spelad,L1,2020/21,2021-02-03,,Bordeaux,Lille,0,3,A,10,11,4,6,0.7463,1.9993,understat,,,,,,,,,,0.236,0.3044,0.4596,0.2395,0.2997,0.4608,1,4.15,3.28,2.18,4.11,3.33,2.74,0.3856,0.3931,-0.3526,-0.0861,-0.1954,2,6,-0.5,0.0074,-0.1059,0,0,,,0.0056,0.0194,,,,,,,,,,,,,,,,,pinnacle
spelad,L1,2020/21,2021-02-03,,Dijon,Lyon,0,1,A,14,16,2,8,0.998,2.2636,understat,,,,,,,,,,0.1185,0.189,0.6925,0.0999,0.1554,0.7447,1,10.27,5.5,1.39,11,6.39,1.33,0.6005,0.6713,-0.1896,-0.1135,-0.0581,-2,6,-1,0.3321,0.159,0,0,,,-0.0892,0.0081,,,,,,,,,,,,,,,,,pinnacle
spelad,L1,2020/21,2021-02-03,,Lens,Marseille,2,2,D,21,11,3,4,1.5319,1.3201,understat,,,,,,,,,,0.3861,0.302,0.3119,0.3934,0.3014,0.3052,1,2.56,3.36,3.13,2.59,3.36,3.4,0.3881,0.4442,0.6942,-0.383,0.8014,-7,,,,,0,0,,,0.0214,0.003,,,,,,,,,,,,,,,,,pinnacle
spelad,L1,2020/21,2021-02-03,,Metz,Montpellier,1,1,D,17,15,6,4,0.902,1.0275,understat,,,,,,,,,,0.3711,0.317,0.3119,0.352,0.3106,0.3374,1,2.69,3.26,3.1,2.8,3.18,3,0.422,0.4221,1.1271,-0.8061,2.0607,-1,5,0.6,0.7213,0.124,0,0,,,-0.0638,0.0094,,,,,,,,,,,,,,,,,pinnacle
spelad,L1,2020/21,2021-02-03,,Monaco,Nice,2,1,H,15,5,6,2,2.7347,0.4267,understat,,,,,,,,,,0.6352,0.2049,0.1599,0.6492,0.2094,0.1413,1,1.56,4.8,7,1.51,4.95,7.2,0.6005,0.5779,0.4496,-0.0254,0.8191,0,7,-0.4286,-0.5852,0.0221,0,0,,,0.0465,-0.016,,,,,,,,,,,,,,,,,pinnacle
spelad,L1,2020/21,2021-02-03,,Paris SG,Nimes,3,0,H,14,19,6,6,1.6919,1.735,understat,,,,,,,,,,0.8819,0.08,0.0381,0.8384,0.1013,0.0603,1,1.1,15,36,1.16,10.3,21.23,0.7934,0.7538,0.157,-0.345,0.0598,0,4,3,0.4649,-0.1283,0,0,,,-0.1092,-0.0061,,,,,,,,,,,,,,,,,pinnacle
spelad,L1,2020/21,2021-02-03,,Reims,Angers,0,0,D,10,6,2,2,0.5569,0.252,understat,,,,,,,,,,0.3587,0.311,0.3303,0.3719,0.3125,0.3155,1,2.77,3.15,3.13,2.7,3.13,3.15,0.359,0.382,0.8028,-1.0525,0.8064,0,5,0,-0.0199,0.2863,0,0,,,0.0411,-0.005,,,,,,,,,,,,,,,,,pinnacle
spelad,L1,2020/21,2021-02-03,,Rennes,Lorient,1,1,D,10,12,6,3,1.0345,0.6206,understat,,,,,,,,,,0.5954,0.2268,0.1777,0.5733,0.2505,0.1762,1,1.67,4.33,6.2,1.7,3.98,6.13,0.4974,0.4578,0.8307,-1.0315,0.289,7,,,,,0,0,,,-0.0428,0.0056,,,,,,,,,,,,,,,,,pinnacle
spelad,L1,2020/21,2021-02-03,,St Etienne,Nantes,1,1,D,14,13,8,6,1.5036,1.2549,understat,,,,,,,,,,0.4532,0.3016,0.2452,0.4724,0.2818,0.2457,1,2.19,3.36,4.05,2.13,3.5,4.01,0.4319,0.4552,0.2093,0.5172,0.6376,0,7,0.8571,0.3898,0.1326,0,0,,,0.038,-0.0179,,,,,,,,,,,,,,,,,pinnacle
spelad,L1,2020/21,2021-02-03,,Strasbourg,Brest,2,2,D,9,3,4,2,0.6101,0.7107,understat,,,,,,,,,,0.4392,0.2849,0.2759,0.558,0.2556,0.1864,1,2.24,3.55,3.7,1.78,3.98,5.4,0.526,0.5026,0.5167,0.0415,0.615,0,,,,,0,0,,,0.3272,-0.0085,,,,,,,,,,,,,,,,,pinnacle
spelad,L1,2020/21,2021-02-06,,Lens,Rennes,0,0,D,10,10,3,1,1.0901,0.5494,understat,,,,,,,,,,0.3494,0.2974,0.3532,0.3375,0.3178,0.3447,1,2.83,3.32,2.78,2.93,3.27,2.86,0.4069,0.401,-0.7366,0.8906,-0.2368,0,,,,,0,0,,,-0.0152,-0.0031,,,,,,,,,,,,,,,,,pinnacle
spelad,L1,2020/21,2021-02-06,,Lorient,Reims,1,0,H,10,13,4,3,1.1175,0.7799,understat,,,,,,,,,,0.3763,0.3019,0.3218,0.3349,0.3056,0.3595,1,2.65,3.36,3.06,2.97,3.32,2.74,0.415,0.4246,-0.5637,0.8996,-0.5018,0,,,,,0,0,,,-0.1205,-0.0186,,,,,,,,,,,,,,,,,pinnacle
spelad,L1,2020/21,2021-02-06,,Lyon,Strasbourg,3,0,H,16,8,8,1,1.5965,0.242,understat,,,,,,,,,,0.6685,0.1937,0.1379,0.7071,0.1787,0.1141,1,1.5,5.05,7.25,1.38,5.9,9.8,0.6078,0.6199,0.5675,-0.9569,0.3926,0,7,1.2857,0.0582,0.05,0,0,,,0.101,0.0076,,,,,,,,,,,,,,,,,pinnacle
spelad,L1,2020/21,2021-02-07,,Brest,Bordeaux,2,1,H,24,8,6,4,2.036,0.6355,understat,,,,,,,,,,0.3682,0.2986,0.3332,0.3351,0.2886,0.3763,1,2.68,3.33,3,2.92,3.65,2.9,0.4757,0.5217,-0.9302,0.5644,-0.9315,0,3,-1,-0.4378,0.3866,0,0,,,-0.1095,0.0239,,,,,,,,,,,,,,,,,pinnacle
spelad,L1,2020/21,2021-02-07,,Marseille,Paris SG,0,2,A,12,9,4,2,0.4261,1.2305,understat,,,,,,,,,,0.1231,0.1821,0.6947,0.1289,0.1983,0.6728,1,8,5.5,1.44,8.51,5.3,1.45,0.6398,0.5965,-0.8732,0.9224,-0.5275,0,6,-1.5,0.1596,0.0023,0,0,,,0.0334,-0.0008,,,,,,,,,,,,,,,,,pinnacle
spelad,L1,2020/21,2021-02-07,,Montpellier,Dijon,4,2,H,25,13,11,5,5.6055,1.3173,understat,,,,,,,,,,0.546,0.2627,0.1913,0.5589,0.2527,0.1884,1,1.82,4,5.2,1.77,3.89,5.25,0.4859,0.5064,-0.1987,0.186,-0.6331,0,7,-0.4286,-0.7288,0.2916,0,0,,,0.0285,-0.0232,,,,,,,,,,,,,,,,,pinnacle
spelad,L1,2020/21,2021-02-07,,Nantes,Lille,0,2,A,6,14,1,3,0.4003,1.7948,understat,,,,,,,,,,0.2063,0.265,0.5286,0.2067,0.2842,0.5091,1,4.84,3.73,1.89,4.84,3.68,1.93,0.4282,0.3975,-1.0491,0.4869,-1.0352,0,7,-2.5714,-1.0587,-0.1569,0,0,,,0.0202,0.0044,,,,,,,,,,,,,,,,,pinnacle
spelad,L1,2020/21,2021-02-07,,Nice,Angers,3,0,H,11,10,2,3,1.309,0.6204,understat,,,,,,,,,,0.3471,0.3107,0.3422,0.3282,0.3056,0.3663,1,2.84,3.28,2.89,3.05,3.25,2.7,0.4293,0.4405,-0.2155,-0.1463,-0.8289,0,7,0.4286,0.0516,0.2785,0,0,,,-0.0619,-0.0054,,,,,,,,,,,,,,,,,pinnacle
spelad,L1,2020/21,2021-02-07,,Nimes,Monaco,3,4,A,9,11,4,5,1.5402,1.2458,understat,,,,,,,,,,0.1149,0.2032,0.682,0.1422,0.2127,0.6451,1,8.55,5.25,1.43,7.5,4.92,1.51,0.6146,0.6146,-1.0621,1.0544,-1.075,0,5,0.6,0.7378,0.1647,0,0,,,0.0915,-0.0019,,,,,,,,,,,,,,,,,pinnacle
spelad,L1,2020/21,2021-02-07,,St Etienne,Metz,1,0,H,12,10,3,0,0.5602,0.3274,understat,,,,,,,,,,0.4445,0.3028,0.2527,0.4109,0.3065,0.2826,1,2.22,3.38,3.89,2.45,3.28,3.49,0.4318,0.4318,-1.0683,1.6727,-1.0499,0,5,-1.8,-0.9011,-0.2861,0,0,,,-0.0972,-0.0234,,,,,,,,,,,,,,,,,pinnacle
spelad,L1,2020/21,2021-02-13,,Lyon,Montpellier,1,2,A,24,12,8,5,3.9436,1.7572,understat,,,,,,,,,,0.7047,0.1724,0.1229,0.6908,0.1807,0.1285,1,1.43,5.75,8.5,1.44,5.53,8,0.6542,0.6534,0.759,-0.7413,0.7296,1,6,-0.5,-0.7948,0.2382,0,0,,,-0.0333,-0.0234,,,,,,,,,,,,,,,,,pinnacle
spelad,L1,2020/21,2021-02-13,,Paris SG,Nice,2,1,H,17,13,4,5,2.4731,1.0503,understat,,,,,,,,,,0.7902,0.1332,0.0767,0.734,0.1624,0.1035,1,1.23,8,16.5,1.36,6.2,9.9,0.6944,0.662,0.1537,0.1089,0.1831,0,6,2.5,0.235,0.0192,0,0,,,-0.1392,-0.0256,,,,,,,,,,,,,,,,,pinnacle
spelad,L1,2020/21,2021-02-13,,Reims,Lens,1,1,D,9,17,6,6,0.6791,3.1568,understat,,,,,,,,,,0.315,0.3181,0.3669,0.3068,0.3167,0.3764,1,3.2,3.15,2.68,3.24,3.13,2.64,0.4115,0.3975,0.7079,-0.6966,0.6566,0,,,,,0,0,,,-0.0259,-0.0001,,,,,,,,,,,,,,,,,pinnacle
spelad,L1,2020/21,2021-02-14,,Angers,Nantes,1,3,A,8,7,3,3,1.7208,1.7536,understat,,,,,,,,,,0.4198,0.3207,0.2595,0.4426,0.3176,0.2398,1,2.4,3.15,3.77,2.24,3.21,4.11,0.3956,0.3768,0.634,-0.1766,0.5988,0,7,0.4286,0.3321,-0.0253,0,0,,,0.0653,-0.0127,,,,,,,,,,,,,,,,,pinnacle
spelad,L1,2020/21,2021-02-14,,Bordeaux,Marseille,0,0,D,18,5,1,1,1.9046,0.4179,understat,,,,,,,,,,0.3678,0.2852,0.3469,0.3613,0.2976,0.3411,1,2.76,3.46,2.86,2.73,3.42,3.05,0.4453,0.4307,0.7058,-0.4212,0.7684,0,7,-1.2857,-0.3509,0.0038,0,0,,,-0.0073,0.0219,,,,,,,,,,,,,,,,,pinnacle
spelad,L1,2020/21,2021-02-14,,Dijon,Nimes,0,2,A,10,8,3,4,0.467,1.9077,understat,,,,,,,,,,0.3807,0.2796,0.3397,0.3736,0.3012,0.3252,1,2.6,3.62,2.93,2.7,3.47,3.01,0.5115,0.4783,0.3875,-1.5337,0.0788,0,5,-1.2,-0.4285,-0.0838,0,0,,,0.0003,-0.0173,,,,,,,,,,,,,,,,,pinnacle
spelad,L1,2020/21,2021-02-14,,Lille,Brest,0,0,D,14,3,0,1,0.6251,0.0884,understat,,,,,,,,,,0.6385,0.2205,0.141,0.599,0.2405,0.1606,1,1.58,4.5,7,1.65,4.06,7.25,0.491,0.4936,1.1256,-0.761,1.0294,0,,,,,0,0,,,-0.0987,-0.0092,,,,,,,,,,,,,,,,,pinnacle
spelad,L1,2020/21,2021-02-14,,Metz,Strasbourg,1,2,A,14,12,3,2,1.4661,1.3967,understat,,,,,,,,,,0.3158,0.323,0.3612,0.3123,0.3269,0.3607,1,3.12,3.1,2.74,3.13,3.19,2.8,0.4035,0.3473,0.3621,-1.0049,0.4855,-1,5,1.2,0.6722,0.3024,0,0,,,-0.0064,0.0162,,,,,,,,,,,,,,,,,pinnacle
spelad,L1,2020/21,2021-02-14,,Monaco,Lorient,2,2,D,12,5,4,2,1.9386,1.4394,understat,,,,,,,,,,0.6971,0.1845,0.1184,0.6851,0.193,0.1219,1,1.42,5.5,8.25,1.46,5.21,7.98,0.6112,0.5965,0.5378,-0.5313,0.4263,-1,,,,,0,0,,,-0.0275,-0.0438,,,,,,,,,,,,,,,,,pinnacle
spelad,L1,2020/21,2021-02-14,,Rennes,St Etienne,0,2,A,13,6,2,3,0.7972,0.3472,understat,,,,,,,,,,0.5028,0.2709,0.2263,0.5057,0.2765,0.2178,1,1.99,3.6,4.36,1.95,3.58,4.51,0.4293,0.4175,0.6254,-1.2732,-0.0212,1,6,1.5,0.5099,0.2041,0,0,,,0.0143,-0.016,,,,,,,,,,,,,,,,,pinnacle
spelad,L1,2020/21,2021-02-17,,Marseille,Nice,3,2,H,8,10,4,4,0.6483,1.2083,understat,,,,,,,,,,0.4142,0.2841,0.3017,0.3824,0.3098,0.3078,1,2.38,3.55,3.58,2.58,3.35,3.48,0.4655,0.4282,-0.3789,0.6748,-0.3856,-1,5,3,1.338,-0.2629,0,0,,,-0.0697,-0.0042,,,,,,,,,,,,,,,,,pinnacle
spelad,L1,2020/21,2021-02-19,,Brest,Lyon,2,3,A,19,17,7,7,1.46,3.4748,understat,,,,,,,,,,0.1581,0.2041,0.6377,0.158,0.2058,0.6362,1,6.65,5.05,1.55,7.32,4.96,1.56,0.6916,0.6765,-0.2621,0.4492,0.0909,-1,,,,,0,0,,,0.0013,0.008,,,,,,,,,,,,,,,,,pinnacle
spelad,L1,2020/21,2021-02-20,,Nantes,Marseille,1,1,D,6,7,1,3,0.7793,0.5643,understat,,,,,,,,,,0.3286,0.3004,0.371,0.3883,0.3106,0.3011,1,2.98,3.32,2.68,2.64,3.23,3.27,0.4221,0.3956,-0.0253,-0.019,0.4236,3,7,0.4286,0.562,0.014,0,0,,,0.1892,-0.0346,,,,,,,,,,,,,,,,,pinnacle
spelad,L1,2020/21,2021-02-20,,St Etienne,Reims,1,1,D,18,4,8,2,1.977,0.3547,understat,,,,,,,,,,0.4307,0.3174,0.252,0.4508,0.3028,0.2464,1,2.36,3.11,4,2.26,3.31,4.02,0.4035,0.4055,-0.0365,0.6629,0.0944,-1,5,0,-0.024,-0.1026,0,0,,,0.0458,-0.0381,,,,,,,,,,,,,,,,,pinnacle
spelad,L1,2020/21,2021-02-21,,Lens,Dijon,2,1,H,11,12,4,4,1.2975,0.8865,understat,,,,,,,,,,0.6342,0.2331,0.1327,0.6416,0.2268,0.1316,1,1.59,4.29,7.42,1.53,4.43,7.73,0.509,0.5115,-0.2376,1.1679,0.3595,1,,,,,0,0,,,0.0159,-0.0234,,,,,,,,,,,,,,,,,pinnacle
spelad,L1,2020/21,2021-02-21,,Lorient,Lille,1,4,A,8,16,3,7,0.2316,1.0467,understat,,,,,,,,,,0.2178,0.282,0.5003,0.1909,0.2788,0.5303,1,4.54,3.5,1.97,5.51,3.59,1.86,0.4257,0.408,-0.045,-0.1659,0.0998,0,,,,,0,0,,,-0.0836,-0.0005,,,,,,,,,,,,,,,,,pinnacle
spelad,L1,2020/21,2021-02-21,,Montpellier,Rennes,2,1,H,12,14,7,5,2.8681,1.421,understat,,,,,,,,,,0.3197,0.2843,0.396,0.2946,0.2911,0.4144,1,3.16,3.56,2.5,3.33,3.4,2.46,0.4694,0.4478,0.0273,-0.2526,0.1956,1,7,-1.7143,-0.8221,0.1296,0,0,,,-0.0686,0.0112,,,,,,,,,,,,,,,,,pinnacle
spelad,L1,2020/21,2021-02-21,,Nice,Metz,1,2,A,12,11,3,4,1.0476,1.4334,understat,,,,,,,,,,0.4128,0.2844,0.3029,0.4503,0.2998,0.2499,1,2.41,3.58,3.28,2.33,3.41,3.91,0.4175,0.4069,-0.2491,-0.0934,-0.6,-3,4,0.75,0.0292,-0.0216,0,0,,,0.1281,-0.0273,,,,,,,,,,,,,,,,,pinnacle
spelad,L1,2020/21,2021-02-21,,Nimes,Bordeaux,2,0,H,8,11,3,4,0.3642,0.7918,understat,,,,,,,,,,0.305,0.2675,0.4275,0.3108,0.2863,0.4029,1,3.26,3.7,2.35,3.36,3.55,2.43,0.4859,0.4629,-0.3596,0.6401,-0.1697,0,4,-0.75,-0.0945,-0.0197,0,0,,,0.0363,-0.0155,,,,,,,,,,,,,,,,,pinnacle
spelad,L1,2020/21,2021-02-21,,Paris SG,Monaco,0,2,A,10,5,1,3,0.9538,1.0566,understat,,,,,,,,,,0.5991,0.2204,0.1805,0.578,0.2412,0.1809,1,1.69,4.59,5.5,1.7,4.35,6.05,0.6757,0.5825,-0.2862,-0.0429,-0.9021,1,7,1.7143,-0.0504,-0.009,0,0,,,-0.0426,0.002,,,,,,,,,,,,,,,,,pinnacle
spelad,L1,2020/21,2021-02-21,,Strasbourg,Angers,0,0,D,16,7,2,3,1.4189,0.3251,understat,,,,,,,,,,0.4165,0.3039,0.2796,0.42,0.3097,0.2703,1,2.36,3.23,3.56,2.35,3.19,3.65,0.4232,0.3922,0.36,-0.358,0.5148,0,6,-0.5,-0.227,0.2036,0,0,,,0.0164,-0.0144,,,,,,,,,,,,,,,,,pinnacle
spelad,L1,2020/21,2021-02-24,,Nimes,Lorient,1,0,H,7,11,2,3,0.9147,0.3945,understat,,,,,,,,,,0.3251,0.2956,0.3793,0.2886,0.2726,0.4388,1,3.01,3.62,2.58,3.44,3.6,2.4,0.4719,0.509,-0.4784,0.5788,-0.0992,0,,,,,0,0,,,-0.1324,0.0196,,,,,,,,,,,,,,,,,pinnacle
spelad,L1,2020/21,2021-02-26,,Rennes,Nice,1,2,A,17,14,5,7,0.752,1.6621,understat,,,,,,,,,,0.5278,0.2758,0.1964,0.5243,0.2802,0.1954,1,1.88,3.54,5.15,1.91,3.51,5.17,0.4405,0.4282,-0.2021,0.6135,-0.2307,0,7,-0.8571,-0.6052,0.1422,0,0,,,-0.0059,-0.015,,,,,,,,,,,,,,,,,pinnacle
spelad,L1,2020/21,2021-02-27,,Bordeaux,Metz,1,2,A,8,15,1,5,0.9785,1.8407,understat,,,,,,,,,,0.3751,0.3199,0.305,0.3974,0.3133,0.2892,1,2.61,3.2,3.41,2.53,3.21,3.45,0.382,0.3863,-0.6061,0.9858,-0.6447,0,5,2.4,0.8287,-0.0657,0,0,,,0.0604,-0.0216,,,,,,,,,,,,,,,,,pinnacle
spelad,L1,2020/21,2021-02-27,,Dijon,Paris SG,0,4,A,5,7,1,5,0.2497,2.1218,understat,,,,,,,,,,0.0759,0.1375,0.7866,0.0835,0.1522,0.7644,1,17,8,1.23,14.72,6.85,1.28,0.6713,0.632,-0.65,-0.4127,-0.4337,0,7,-2.1429,0.1645,-0.0997,0,0,,,0.0373,-0.0071,,,,,,,,,,,,,,,,,pinnacle
spelad,L1,2020/21,2021-02-28,,Angers,Lens,2,2,D,6,14,3,4,1.716,1.0798,understat,,,,,,,,,,0.3271,0.3186,0.3543,0.2984,0.3178,0.3838,1,3.01,3.2,2.78,3.31,3.16,2.61,0.4035,0.401,-0.2266,0.1281,-0.7325,0,,,,,0,0,,,-0.0869,0.0285,,,,,,,,,,,,,,,,,pinnacle
spelad,L1,2020/21,2021-02-28,,Lille,Strasbourg,1,1,D,14,10,5,3,0.8663,0.9654,understat,,,,,,,,,,0.5519,0.2591,0.189,0.5707,0.2796,0.1497,1,1.85,3.79,5.2,1.77,3.68,6.52,0.4307,0.4,0.8063,-1.129,0.8279,0,7,1.2857,0.3713,-0.006,0,0,,,0.0768,-0.0226,,,,,,,,,,,,,,,,,pinnacle
spelad,L1,2020/21,2021-02-28,,Lorient,St Etienne,2,1,H,11,9,3,2,0.8586,1.0187,understat,,,,,,,,,,0.3021,0.2984,0.3995,0.3281,0.3084,0.3635,1,3.25,3.36,2.51,3,3.36,2.7,0.4668,0.4232,0.3517,-0.6708,0.2376,-4,,,,,0,0,,,0.088,-0.0109,,,,,,,,,,,,,,,,,pinnacle
spelad,L1,2020/21,2021-02-28,,Marseille,Lyon,1,1,D,12,11,2,1,1.3564,0.5818,understat,,,,,,,,,,0.2005,0.2286,0.5709,0.1848,0.2238,0.5914,1,5.2,4.33,1.74,5.5,4.87,1.74,0.5646,0.6078,-0.027,-0.1367,-0.3637,-1,6,-1.5,-0.5852,-0.0947,0,0,,,-0.0518,0.0046,,,,,,,,,,,,,,,,,pinnacle
spelad,L1,2020/21,2021-02-28,,Monaco,Brest,2,0,H,15,7,9,1,2.1923,0.4297,understat,,,,,,,,,,0.6667,0.1908,0.1425,0.681,0.194,0.125,1,1.52,5.1,6.86,1.49,5.25,8.28,0.6357,0.599,1.3334,-0.8699,1.2972,-2,,,,,0,0,,,0.0462,-0.0459,,,,,,,,,,,,,,,,,pinnacle
spelad,L1,2020/21,2021-02-28,,Nimes,Nantes,1,1,D,8,8,4,1,0.4743,1.4886,understat,,,,,,,,,,0.3019,0.2819,0.4162,0.3048,0.2992,0.3961,1,3.27,3.48,2.47,3.39,3.42,2.52,0.4504,0.4329,0.4508,0.0051,0.932,-4,4,0,0.386,-0.2873,0,0,,,0.0259,0.0054,,,,,,,,,,,,,,,,,pinnacle
spelad,L1,2020/21,2021-02-28,,Reims,Montpellier,0,0,D,9,9,2,3,0.3384,0.3226,understat,,,,,,,,,,0.3328,0.3126,0.3545,0.3572,0.303,0.3398,1,2.98,3.24,2.85,2.78,3.25,2.9,0.4529,0.4668,0.2571,-0.5613,0.0704,1,4,1.5,1.0404,-0.3172,0,0,,,0.0634,-0.0034,,,,,,,,,,,,,,,,,pinnacle
spelad,L1,2020/21,2021-03-03,,Bordeaux,Paris SG,0,1,A,11,12,2,3,0.8087,1.2782,understat,,,,,,,,,,0.1235,0.2144,0.6621,0.1373,0.2294,0.6332,1,8,4.8,1.5,7.11,4.5,1.57,0.5496,0.509,-0.6965,0.7542,-0.2073,0,7,-2.1429,-0.1354,0.1341,0,0,,,0.0566,0.0215,,,,,,,,,,,,,,,,,pinnacle
spelad,L1,2020/21,2021-03-03,,Brest,Dijon,3,1,H,10,10,3,2,1.5629,0.7161,understat,,,,,,,,,,0.5702,0.2419,0.1879,0.5449,0.2527,0.2024,1,1.76,4.2,5.19,1.8,3.96,4.93,0.5434,0.5217,-0.0644,0.4828,0.262,-1,3,1,0.6826,-0.2829,0,0,,,-0.065,-0.015,,,,,,,,,,,,,,,,,pinnacle
spelad,L1,2020/21,2021-03-03,,Lille,Marseille,2,0,H,23,3,8,1,2.2299,0.0998,understat,,,,,,,,,,0.5554,0.2649,0.1797,0.5398,0.2752,0.185,1,1.83,3.74,5.59,1.85,3.78,6,0.3863,0.4257,0.5167,-0.3568,0.8609,0,7,-0.8571,-0.145,-0.1359,0,0,,,-0.0366,-0.024,,,,,,,,,,,,,,,,,pinnacle
spelad,L1,2020/21,2021-03-03,,Lyon,Rennes,1,0,H,15,12,7,1,1.9426,0.5912,understat,,,,,,,,,,0.6059,0.2301,0.164,0.5618,0.2513,0.1869,1,1.65,4.42,6,1.78,4.11,5.67,0.5815,0.532,0.4029,-0.1873,0.5608,-2,6,-0.5,-0.7697,-0.0727,0,0,,,-0.1112,-0.0136,,,,,,,,,,,,,,,,,pinnacle
spelad,L1,2020/21,2021-03-03,,Metz,Angers,0,1,A,15,8,1,4,0.6886,1.0704,understat,,,,,,,,,,0.3707,0.3157,0.3136,0.3559,0.3252,0.3188,1,2.69,3.22,3.17,2.75,3.2,3.18,0.3619,0.345,1.059,-1.0308,1.4248,1,4,-0.75,0.0032,-0.0276,0,0,,,-0.0347,0.0143,,,,,,,,,,,,,,,,,pinnacle
spelad,L1,2020/21,2021-03-03,,Montpellier,Lorient,1,1,D,10,14,4,6,0.6465,2.0525,understat,,,,,,,,,,0.4678,0.2762,0.256,0.4956,0.272,0.2325,1,2.09,3.76,3.92,2.01,3.72,4.2,0.5064,0.5026,-0.5824,0.3082,-0.4628,0,,,,,0,0,,,0.079,-0.0236,,,,,,,,,,,,,,,,,pinnacle
spelad,L1,2020/21,2021-03-03,,Nantes,Reims,1,2,A,12,4,5,2,1.4264,0.6185,understat,,,,,,,,,,0.3808,0.3262,0.293,0.369,0.3292,0.3018,1,2.59,3.06,3.4,2.66,3.07,3.34,0.357,0.3593,-0.5972,0.7855,-0.3402,0,4,-0.75,-0.3981,-0.0543,0,0,,,-0.0324,0.0002,,,,,,,,,,,,,,,,,pinnacle
spelad,L1,2020/21,2021-03-03,,Nice,Nimes,2,1,H,10,22,4,7,1.5067,2.3786,understat,,,,,,,,,,0.5519,0.2454,0.2027,0.5182,0.2784,0.2034,1,1.81,4.02,5,1.92,3.88,4.82,0.5243,0.4515,-0.2955,-0.4226,-0.6816,2,5,1.8,0.9694,-0.2822,0,0,,,-0.0681,-0.0147,,,,,,,,,,,,,,,,,pinnacle
spelad,L1,2020/21,2021-03-03,,St Etienne,Lens,2,3,A,19,9,4,5,1.7313,1.9727,understat,,,,,,,,,,0.342,0.2903,0.3677,0.3329,0.3059,0.3612,1,2.86,3.55,2.68,2.94,3.39,2.85,0.4293,0.4115,0.1676,-0.0599,0.0212,0,,,,,0,0,,,-0.0116,0.0115,,,,,,,,,,,,,,,,,pinnacle
spelad,L1,2020/21,2021-03-03,,Strasbourg,Monaco,1,0,H,17,5,2,1,0.7513,0.7298,understat,,,,,,,,,,0.236,0.2525,0.5115,0.2191,0.2499,0.531,1,4.22,3.92,1.92,4.71,3.95,1.85,0.5064,0.5026,-1.0373,0.7853,-1.0636,0,7,0,0.5038,-0.1075,0,0,,,-0.0533,0.01,,,,,,,,,,,,,,,,,pinnacle
spelad,L1,2020/21,2021-03-10,,Marseille,Rennes,1,0,H,9,10,2,2,0.7513,0.5961,understat,,,,,,,,,,0.3263,0.3178,0.3559,0.3341,0.3021,0.3639,1,3,3.17,2.78,2.95,3.42,2.78,0.3811,0.4416,0.4365,-0.2457,0.7276,0,7,0,-0.3408,0.1556,0,0,,,0.0076,0.0096,,,,,,,,,,,,,,,,,pinnacle
spelad,L1,2020/21,2021-03-12,,Reims,Lyon,1,1,D,14,17,5,6,0.7343,1.5348,understat,,,,,,,,,,0.1334,0.2035,0.6631,0.151,0.2154,0.6336,1,7.72,4.79,1.54,7.5,4.71,1.54,0.5471,0.5595,0.3132,-0.6722,0.1575,0,4,0,0.4528,0.2591,0,0,,,0.0649,-0.0101,,,,,,,,,,,,,,,,,pinnacle
spelad,L1,2020/21,2021-03-13,,Angers,St Etienne,0,1,A,4,7,1,3,0.2265,0.8723,understat,,,,,,,,,,0.368,0.3078,0.3241,0.3836,0.3125,0.3038,1,2.66,3.46,3.15,2.55,3.3,3.47,0.3844,0.3863,-0.1438,-0.0742,-0.338,0,6,-0.5,-0.2915,0.2106,0,0,,,0.0516,0.0546,,,,,,,,,,,,,,,,,pinnacle
spelad,L1,2020/21,2021-03-13,,Marseille,Brest,3,1,H,12,6,6,1,1.7215,0.4092,understat,,,,,,,,,,0.4763,0.2889,0.2347,0.484,0.2859,0.2301,1,2.1,3.59,4.4,2.02,3.75,4.3,0.4974,0.4719,0.5126,-0.4633,0.2838,-7,,,,,0,0,,,0.0201,-0.0139,,,,,,,,,,,,,,,,,pinnacle
spelad,L1,2020/21,2021-03-14,,Dijon,Bordeaux,1,3,A,13,10,3,6,0.9693,1.5005,understat,,,,,,,,,,0.2684,0.2792,0.4524,0.2805,0.2994,0.4201,1,3.68,3.62,2.16,3.6,3.48,2.35,0.4629,0.4221,-0.0813,-0.2054,-0.0951,0,7,-1.2857,-0.2518,0.0094,0,0,,,0.0563,-0.0132,,,,,,,,,,,,,,,,,pinnacle
spelad,L1,2020/21,2021-03-14,,Lens,Metz,2,2,D,16,7,6,4,2.3753,1.4608,understat,,,,,,,,,,0.5066,0.2818,0.2116,0.4858,0.2986,0.2156,1,1.97,3.6,4.65,2.04,3.6,4.53,0.4211,0.3966,-0.2542,0.5141,-0.3293,0,,,,,0,0,,,-0.0455,-0.0084,,,,,,,,,,,,,,,,,pinnacle
spelad,L1,2020/21,2021-03-14,,Lorient,Nice,1,1,D,17,6,7,2,2.3105,0.5116,understat,,,,,,,,,,0.3736,0.2829,0.3435,0.3821,0.2929,0.325,1,2.63,3.5,2.96,2.56,3.44,3.2,0.4668,0.4897,0.3261,0.4044,0.5936,0,,,,,0,0,,,0.0355,0.0268,,,,,,,,,,,,,,,,,pinnacle
spelad,L1,2020/21,2021-03-14,,Monaco,Lille,0,0,D,8,5,4,2,0.6149,0.1637,understat,,,,,,,,,,0.3886,0.3129,0.2986,0.3917,0.3032,0.3051,1,2.53,3.3,3.28,2.54,3.27,3.25,0.4318,0.4257,0.0874,0.2802,-0.1416,0,6,1.5,0.4745,-0.0826,0,0,,,-0.0003,-0.0155,,,,,,,,,,,,,,,,,pinnacle
spelad,L1,2020/21,2021-03-14,,Nimes,Montpellier,1,1,D,12,12,7,5,1.8316,1.5637,understat,,,,,,,,,,0.2883,0.2613,0.4504,0.2312,0.271,0.4978,1,3.41,3.76,2.2,4.55,3.75,1.99,0.5371,0.5051,-0.4424,0.5759,0.0126,0,4,-0.75,-0.0643,-0.0457,0,0,,,-0.1616,0.0132,,,,,,,,,,,,,,,,,pinnacle
spelad,L1,2020/21,2021-03-14,,Paris SG,Nantes,1,2,A,11,8,5,5,0.8829,1.1577,understat,,,,,,,,,,0.8208,0.1261,0.0531,0.7821,0.149,0.0689,1,1.22,7.75,19,1.25,6.89,17.7,0.6015,0.6229,0.8058,-0.6615,0.3181,0,7,2.1429,0.2018,-0.1565,0,0,,,-0.093,-0.0135,,,,,,,,,,,,,,,,,pinnacle
spelad,L1,2020/21,2021-03-14,,Rennes,Strasbourg,1,0,H,11,6,2,1,1.0312,0.5896,understat,,,,,,,,,,0.4466,0.2877,0.2658,0.4607,0.2907,0.2485,1,2.28,3.4,3.8,2.15,3.4,3.94,0.4185,0.4257,-0.6169,-0.018,-1.1986,-7,6,0.5,0.189,-0.1151,0,0,,,0.0455,-0.0311,,,,,,,,,,,,,,,,,pinnacle
spelad,L1,2020/21,2021-03-19,,St Etienne,Monaco,0,4,A,9,15,3,4,0.4503,2.4331,understat,,,,,,,,,,0.2042,0.2615,0.5344,0.2168,0.2843,0.4989,1,4.8,3.8,1.88,4.7,3.63,1.99,0.4617,0.4354,-0.2705,0.1596,0.0935,1,6,0.5,0.5641,-0.0871,0,0,,,0.0608,0.0071,,,,,,,,,,,,,,,,,pinnacle
spelad,L1,2020/21,2021-03-20,,Metz,Rennes,1,3,A,14,9,2,5,0.6856,2.2674,understat,,,,,,,,,,0.2755,0.3066,0.4179,0.2565,0.3054,0.4382,1,3.55,3.2,2.44,4.08,3.25,2.36,0.3811,0.3801,0.5911,-0.4502,1.1313,0,4,-0.75,0.1042,-0.0159,0,0,,,-0.0583,-0.0032,,,,,,,,,,,,,,,,,pinnacle
spelad,L1,2020/21,2021-03-20,,Nice,Marseille,3,0,H,17,7,7,2,2.7496,0.3043,understat,,,,,,,,,,0.323,0.2948,0.3823,0.2788,0.2957,0.4255,1,3.1,3.52,2.6,3.89,3.71,2.36,0.4453,0.4808,-0.2355,-0.3344,-0.2526,-1,6,-3,-1.1014,-0.2707,0,0,,,-0.1315,0.0255,,,,,,,,,,,,,,,,,pinnacle
spelad,L1,2020/21,2021-03-21,,Brest,Angers,0,0,D,11,15,2,5,0.4802,0.7579,understat,,,,,,,,,,0.3694,0.3117,0.3189,0.4043,0.2983,0.2974,1,2.67,3.26,3.07,2.59,3.28,3.29,0.4566,0.4617,-0.0811,-0.1024,0.2072,0,3,-1,-0.0639,-0.2835,0,0,,,0.0913,-0.0363,,,,,,,,,,,,,,,,,pinnacle
spelad,L1,2020/21,2021-03-21,,Dijon,Reims,0,1,A,10,9,4,2,0.7921,1.3424,understat,,,,,,,,,,0.2695,0.2819,0.4487,0.2622,0.2973,0.4405,1,3.75,3.47,2.27,3.75,3.45,2.25,0.415,0.3844,-1.0032,1.1513,-0.9702,-2,4,0.75,0.4995,0.4718,0,0,,,-0.0064,0.0136,,,,,,,,,,,,,,,,,pinnacle
spelad,L1,2020/21,2021-03-21,,Lille,Nimes,1,2,A,15,10,4,4,0.7874,0.8042,understat,,,,,,,,,,0.7329,0.186,0.081,0.7127,0.1933,0.094,1,1.36,5.25,12.03,1.37,5.5,12,0.491,0.4936,0.4326,-0.735,-0.0306,0,4,2.25,0.5774,0.0028,0,0,,,-0.0534,0.0009,,,,,,,,,,,,,,,,,pinnacle
spelad,L1,2020/21,2021-03-21,,Lyon,Paris SG,2,4,A,8,14,7,9,0.613,1.6505,understat,,,,,,,,,,0.325,0.2458,0.4291,0.2964,0.2508,0.4528,1,3.01,4.13,2.33,3.54,4.07,2.19,0.6146,0.6,0.0236,0.5673,0.433,2,7,-0.4286,0.5976,-0.1937,0,0,,,-0.081,0.0057,,,,,,,,,,,,,,,,,pinnacle
spelad,L1,2020/21,2021-03-21,,Montpellier,Bordeaux,3,1,H,23,13,9,3,2.2412,1.3985,understat,,,,,,,,,,0.447,0.2913,0.2617,0.4215,0.2991,0.2794,1,2.26,3.36,3.84,2.32,3.75,3.72,0.4846,0.4936,0.9454,-0.7424,0.9378,0,6,1.5,0.8159,-0.1496,0,0,,,-0.0686,0.0252,,,,,,,,,,,,,,,,,pinnacle
spelad,L1,2020/21,2021-03-21,,Nantes,Lorient,1,1,D,8,15,3,3,1.3906,0.8546,understat,,,,,,,,,,0.4093,0.3047,0.286,0.4012,0.3199,0.2789,1,2.4,3.34,3.42,2.45,3.22,3.6,0.401,0.3693,-0.1597,-0.2147,-0.0961,0,,,,,0,0,,,-0.009,0.0159,,,,,,,,,,,,,,,,,pinnacle
spelad,L1,2020/21,2021-03-21,,Strasbourg,Lens,1,2,A,17,12,5,4,2.1137,1.5536,understat,,,,,,,,,,0.3519,0.2803,0.3678,0.3587,0.3013,0.34,1,2.83,3.5,2.75,2.95,3.48,2.88,0.4541,0.4045,-0.1943,0.0917,-0.2812,0,,,,,0,0,,,0.0413,-0.0187,,,,,,,,,,,,,,,,,pinnacle
spelad,L1,2020/21,2021-04-03,,Lens,Lyon,1,1,D,10,15,4,6,0.6723,2.1081,understat,,,,,,,,,,0.2337,0.2412,0.5251,0.206,0.2276,0.5664,1,4.35,4.1,1.9,4.9,4.35,1.76,0.5718,0.6,0.233,-0.445,0.4878,0,,,,,0,0,,,-0.0967,0.0211,,,,,,,,,,,,,,,,,pinnacle
spelad,L1,2020/21,2021-04-03,,Monaco,Metz,4,0,H,15,6,6,1,2.5,0.3565,understat,,,,,,,,,,0.653,0.2072,0.1398,0.6261,0.2293,0.1447,1,1.5,5.25,7.5,1.58,4.42,7.13,0.5429,0.4757,0.4449,-0.4113,0.469,1,4,1.5,0.2678,-0.2268,0,0,,,-0.0587,-0.0239,,,,,,,,,,,,,,,,,pinnacle
spelad,L1,2020/21,2021-04-03,,Paris SG,Lille,0,1,A,16,3,3,3,1.0567,0.5528,understat,,,,,,,,,,0.5771,0.2482,0.1748,0.5706,0.2464,0.1831,1,1.74,4,5.7,1.75,4.1,5.84,0.4936,0.5026,0.3843,-0.1721,-0.0019,0,7,1.7143,-0.0002,-0.0299,0,0,,,-0.0213,-0.0082,,,,,,,,,,,,,,,,,pinnacle
spelad,L1,2020/21,2021-04-04,,Angers,Montpellier,1,1,D,14,8,4,3,0.9954,1.7517,understat,,,,,,,,,,0.356,0.2931,0.3509,0.3521,0.3021,0.3458,1,2.77,3.42,2.92,2.88,3.44,2.85,0.4442,0.4529,-0.8288,0.8378,-1.022,0,7,0,0.1166,0.1204,0,0,,,-0.0028,-0.0235,,,,,,,,,,,,,,,,,pinnacle
spelad,L1,2020/21,2021-04-04,,Bordeaux,Strasbourg,2,3,A,14,12,6,5,1.5929,2.2842,understat,,,,,,,,,,0.3351,0.3077,0.3571,0.3409,0.302,0.3571,1,2.94,3.34,2.75,2.94,3.29,2.78,0.415,0.4354,-0.5103,0.3511,-0.7096,0,6,-1,-0.5142,-0.2923,0,0,,,0.0116,-0.0048,,,,,,,,,,,,,,,,,pinnacle
spelad,L1,2020/21,2021-04-04,,Lorient,Brest,1,0,H,13,5,4,1,1.7611,0.2316,understat,,,,,,,,,,0.3961,0.2788,0.3251,0.4232,0.285,0.2918,1,2.48,3.65,3.08,2.37,3.5,3.45,0.5064,0.477,-0.1801,0.571,0.0359,0,,,,,0,0,,,0.0873,-0.0226,,,,,,,,,,,,,,,,,pinnacle
spelad,L1,2020/21,2021-04-04,,Marseille,Dijon,2,0,H,16,4,3,1,1.535,0.1248,understat,,,,,,,,,,0.6432,0.2222,0.1347,0.6463,0.2145,0.1392,1,1.56,4.61,8.25,1.55,4.6,7.5,0.5166,0.532,1.0928,-0.9236,1.0736,1,6,2,0.3505,0.0968,0,0,,,0.0017,-0.0282,,,,,,,,,,,,,,,,,pinnacle
spelad,L1,2020/21,2021-04-04,,Nantes,Nice,1,2,A,18,17,6,8,1.3688,2.3731,understat,,,,,,,,,,0.3852,0.2853,0.3295,0.4077,0.2921,0.3002,1,2.6,3.5,3,2.5,3.37,3.26,0.4783,0.4566,-0.4491,0.7641,-0.3114,-1,6,-1,-0.5685,0.0394,0,0,,,0.0743,-0.0277,,,,,,,,,,,,,,,,,pinnacle
spelad,L1,2020/21,2021-04-04,,Nimes,St Etienne,0,2,A,14,15,3,5,1.5611,2.2104,understat,,,,,,,,,,0.2943,0.2808,0.4249,0.3013,0.2855,0.4132,1,3.4,3.56,2.35,3.43,3.5,2.38,0.4566,0.4694,0.2865,-0.5332,0.7338,-2,5,-1.8,-0.6223,0.135,0,0,,,0.0256,-0.012,,,,,,,,,,,,,,,,,pinnacle
spelad,L1,2020/21,2021-04-04,,Reims,Rennes,2,2,D,9,19,4,8,1.034,2.065,understat,,,,,,,,,,0.258,0.3055,0.4365,0.2525,0.3112,0.4363,1,3.82,3.43,2.25,4.22,3.3,2.27,0.3922,0.4045,0.7455,-0.9055,0.7554,-1,5,2.4,1.4671,-0.1151,0,0,,,-0.0107,-0.0005,,,,,,,,,,,,,,,,,pinnacle
spelad,L1,2020/21,2021-04-09,,Metz,Lille,0,2,A,18,9,7,6,1.9621,0.5558,understat,,,,,,,,,,0.1503,0.2577,0.592,0.1591,0.2682,0.5727,1,6.8,3.79,1.7,6.97,3.88,1.7,0.3888,0.3922,-0.4279,0.7822,-0.3469,0,4,-2.25,-0.611,-0.0144,0,0,,,0.0369,-0.011,,,,,,,,,,,,,,,,,pinnacle
spelad,L1,2020/21,2021-04-10,,Montpellier,Marseille,3,3,D,20,13,7,8,2.1576,1.9416,understat,,,,,,,,,,0.3708,0.2821,0.3471,0.3838,0.2764,0.3398,1,2.71,3.58,2.82,2.69,3.54,2.99,0.4846,0.5255,0.0476,0.0195,0.2035,0,6,-0.5,-0.0355,0.2164,0,0,,,0.0333,-0.0137,,,,,,,,,,,,,,,,,pinnacle
spelad,L1,2020/21,2021-04-10,,Strasbourg,Paris SG,1,4,A,9,16,3,7,0.9459,2.1849,understat,,,,,,,,,,0.2112,0.2333,0.5555,0.1772,0.2347,0.5881,1,4.65,4.19,1.8,5.52,4.27,1.73,0.5434,0.5371,-0.0434,0.3585,0.5338,-1,6,-1,0.4765,0.2005,0,0,,,-0.1006,0.0515,,,,,,,,,,,,,,,,,pinnacle
spelad,L1,2020/21,2021-04-11,,Brest,Nimes,1,1,D,22,5,4,3,1.9856,0.804,understat,,,,,,,,,,0.4703,0.2595,0.2702,0.501,0.2492,0.2498,1,2.12,3.77,3.7,2.01,3.92,4.07,0.5243,0.5434,-0.2676,-0.0266,-0.8043,0,,,,,0,0,,,0.0817,-0.0206,,,,,,,,,,,,,,,,,pinnacle
spelad,L1,2020/21,2021-04-11,,Lens,Lorient,4,1,H,14,17,6,6,3.3596,1.9479,understat,,,,,,,,,,0.4766,0.2662,0.2571,0.4165,0.2904,0.2931,1,2.13,3.68,3.96,2.38,3.59,3.45,0.4578,0.4504,0.4836,-0.6563,0.2128,1,,,,,0,0,,,-0.1562,0.0141,,,,,,,,,,,,,,,,,pinnacle
spelad,L1,2020/21,2021-04-11,,Lyon,Angers,3,0,H,16,11,6,3,2.8494,1.0216,understat,,,,,,,,,,0.6946,0.1881,0.1173,0.7375,0.167,0.0955,1,1.44,5.25,8.5,1.37,6,11.2,0.5682,0.585,-0.1052,0.2816,-0.0135,1,6,2,0.3598,0.1029,0,0,,,0.1075,-0.0269,,,,,,,,,,,,,,,,,pinnacle
spelad,L1,2020/21,2021-04-11,,Monaco,Dijon,3,0,H,16,6,10,1,3.8829,0.684,understat,,,,,,,,,,0.813,0.1253,0.0617,0.8146,0.121,0.0644,1,1.22,7.75,17,1.21,8.81,18.7,0.6411,0.669,0.8521,-1.2529,1.1693,1,7,1.2857,-0.0353,0.063,0,0,,,0.0005,-0.0158,,,,,,,,,,,,,,,,,pinnacle
spelad,L1,2020/21,2021-04-11,,Nice,Reims,0,0,D,13,10,2,1,0.5156,0.4515,understat,,,,,,,,,,0.4251,0.3018,0.2731,0.4545,0.2917,0.2538,1,2.4,3.35,3.74,2.22,3.4,3.92,0.4365,0.4655,-0.3128,0.6188,0.2474,0,5,0,-0.0631,0.2943,0,0,,,0.0781,-0.0231,,,,,,,,,,,,,,,,,pinnacle
spelad,L1,2020/21,2021-04-11,,Rennes,Nantes,1,0,H,14,4,4,2,0.7334,0.2246,understat,,,,,,,,,,0.5366,0.2556,0.2078,0.498,0.2765,0.2254,1,1.9,3.82,4.84,1.98,3.67,4.43,0.4211,0.4293,-0.1644,0.1449,-0.5706,0,7,0.8571,0.2748,0.1209,0,0,,,-0.0947,-0.0051,,,,,,,,,,,,,,,,,pinnacle
spelad,L1,2020/21,2021-04-11,,St Etienne,Bordeaux,4,1,H,17,10,7,2,3.283,1.5225,understat,,,,,,,,,,0.3994,0.3295,0.2711,0.4525,0.3007,0.2468,1,2.47,3.24,3.61,2.28,3.3,3.98,0.4293,0.4541,0.942,-0.4429,1.1189,0,7,0,0.0124,-0.1427,0,0,,,0.1304,-0.0301,,,,,,,,,,,,,,,,,pinnacle
spelad,L1,2020/21,2021-04-16,,Lille,Montpellier,1,1,D,20,10,9,4,1.2267,0.9148,understat,,,,,,,,,,0.5852,0.2443,0.1705,0.6129,0.2337,0.1535,1,1.7,4.05,6,1.65,4.2,6.79,0.4974,0.509,0.0718,-0.1727,-0.2759,1,6,1,0.3982,0.0376,0,0,,,0.0725,-0.0271,,,,,,,,,,,,,,,,,pinnacle
spelad,L1,2020/21,2021-04-17,,Angers,Rennes,0,3,A,10,9,3,3,0.4535,1.4232,understat,,,,,,,,,,0.2608,0.2928,0.4465,0.1961,0.2612,0.5427,1,3.78,3.38,2.29,5.13,3.75,1.87,0.3888,0.4453,-0.1177,0.28,-0.0563,0,6,-1.5,-0.5319,-0.1262,0,0,,,-0.2254,0.0139,,,,,,,,,,,,,,,,,pinnacle
spelad,L1,2020/21,2021-04-17,,Marseille,Lorient,3,2,H,13,12,5,6,2.4433,1.4738,understat,,,,,,,,,,0.4462,0.2824,0.2714,0.4793,0.2731,0.2475,1,2.19,3.66,3.8,2.09,3.7,4.12,0.4821,0.4897,0.4675,-0.9557,0.2671,1,,,,,0,0,,,0.0902,-0.0173,,,,,,,,,,,,,,,,,pinnacle
spelad,L1,2020/21,2021-04-18,,Bordeaux,Monaco,0,3,A,7,13,2,6,0.9273,1.871,understat,,,,,,,,,,0.1778,0.2353,0.5869,0.1504,0.2326,0.6169,1,5.85,4.14,1.72,6.79,4.35,1.61,0.5141,0.5459,-0.8093,1.2125,-1.0054,0,6,-0.5,0.1051,-0.0986,0,0,,,-0.0848,0.0213,,,,,,,,,,,,,,,,,pinnacle
spelad,L1,2020/21,2021-04-18,,Brest,Lens,1,1,D,7,8,5,2,0.3917,1.0649,understat,,,,,,,,,,0.3419,0.2919,0.3662,0.3363,0.2829,0.3808,1,2.95,3.41,2.67,2.95,3.61,2.58,0.5179,0.5345,-0.63,0.2213,-0.9174,0,,,,,0,0,,,-0.0257,-0.0035,,,,,,,,,,,,,,,,,pinnacle
spelad,L1,2020/21,2021-04-18,,Dijon,Nice,2,0,H,9,10,3,2,1.4174,0.7185,understat,,,,,,,,,,0.2082,0.2422,0.5497,0.2004,0.2408,0.5588,1,4.9,4.04,1.83,5,4.07,1.81,0.5192,0.532,-0.8371,1.1014,-1.2057,0,6,0,0.4038,-0.2822,0,0,,,-0.0247,0.0165,,,,,,,,,,,,,,,,,pinnacle
spelad,L1,2020/21,2021-04-18,,Nantes,Lyon,1,2,A,12,11,3,4,1.2194,1.8128,understat,,,,,,,,,,0.1611,0.2181,0.6208,0.1416,0.2001,0.6583,1,6.75,4.54,1.6,7.25,4.9,1.51,0.5707,0.6044,0.0239,-0.5546,0.3852,0,6,0,0.6766,0.1306,0,0,,,-0.0765,0.0053,,,,,,,,,,,,,,,,,pinnacle
spelad,L1,2020/21,2021-04-18,,Nimes,Strasbourg,1,1,D,5,7,1,3,1.6316,1.0454,understat,,,,,,,,,,0.2707,0.2684,0.4609,0.2541,0.2687,0.4772,1,3.79,3.71,2.15,3.91,3.65,2.16,0.4949,0.4872,0.3387,-0.664,0.2601,-1,4,-0.75,-0.0225,-0.0251,0,0,,,-0.0494,0.0225,,,,,,,,,,,,,,,,,pinnacle
spelad,L1,2020/21,2021-04-18,,Paris SG,St Etienne,3,2,H,17,7,5,5,2.0497,1.2657,understat,,,,,,,,,,0.732,0.1681,0.0999,0.7363,0.1601,0.1036,1,1.36,5.79,10.5,1.34,6.2,10.8,0.5965,0.6697,-0.0815,-0.1245,-0.5431,1,6,2,-0.0747,0.1792,0,0,,,0.0048,-0.0111,,,,,,,,,,,,,,,,,pinnacle
spelad,L1,2020/21,2021-04-18,,Reims,Metz,0,0,D,15,11,6,2,0.7319,0.8384,understat,,,,,,,,,,0.3912,0.3115,0.2973,0.3583,0.3135,0.3282,1,2.52,3.27,3.36,2.73,3.24,3.18,0.366,0.4069,0.98,-1.7424,0.5023,-2,3,-2,-1.1897,-0.002,0,0,,,-0.0968,0.0326,,,,,,,,,,,,,,,,,pinnacle
spelad,L1,2020/21,2021-04-23,,Reims,Marseille,1,3,A,10,11,1,6,0.7046,2.3737,understat,,,,,,,,,,0.2575,0.2788,0.4637,0.2566,0.2801,0.4633,1,3.8,3.64,2.15,4.15,3.59,2.15,0.4604,0.468,0.2068,-0.587,-0.0082,-1,4,1.5,1.0874,0.2173,0,0,,,-0.0014,-0.0101,,,,,,,,,,,,,,,,,pinnacle
spelad,L1,2020/21,2021-04-24,,Metz,Paris SG,1,3,A,8,19,3,8,0.6498,2.7068,understat,,,,,,,,,,0.0868,0.1767,0.7365,0.0646,0.1372,0.7982,1,12,5.92,1.34,17.75,7.6,1.26,0.585,0.6469,-0.2874,0.7763,0.2037,0,4,-3,-0.3489,-0.1277,0,0,,,-0.1061,0.0134,,,,,,,,,,,,,,,,,pinnacle
spelad,L1,2020/21,2021-04-24,,St Etienne,Brest,1,2,A,6,12,3,7,1.1223,0.9205,understat,,,,,,,,,,0.4631,0.2722,0.2648,0.4449,0.287,0.2681,1,2.14,3.66,3.8,2.2,3.63,3.95,0.4949,0.4872,-0.1043,0.5465,0.4571,0,3,-2,-1.1695,0.0518,0,0,,,-0.0397,0.0314,,,,,,,,,,,,,,,,,pinnacle
spelad,L1,2020/21,2021-04-25,,Angers,Monaco,0,1,A,4,10,0,3,0.1003,1.3531,understat,,,,,,,,,,0.1512,0.1986,0.6502,0.1165,0.2072,0.6763,1,7,4.91,1.54,9.78,5.02,1.47,0.5308,0.4949,-0.4,1.0548,-0.7565,1,7,-1.2857,-0.2353,0.027,0,0,,,-0.0956,-0.0034,,,,,,,,,,,,,,,,,pinnacle
spelad,L1,2020/21,2021-04-25,,Lens,Nimes,2,1,H,7,16,4,2,0.7125,1.455,understat,,,,,,,,,,0.555,0.2661,0.1789,0.5114,0.2744,0.2142,1,1.8,4.02,5.5,1.92,3.75,5.25,0.5051,0.5051,0.6184,-0.6748,0.2501,0,,,,,0,0,,,-0.1224,0.0063,,,,,,,,,,,,,,,,,pinnacle
spelad,L1,2020/21,2021-04-25,,Lorient,Bordeaux,4,1,H,13,13,7,7,2.1034,0.69,understat,,,,,,,,,,0.4634,0.2679,0.2686,0.4161,0.2902,0.2937,1,2.19,3.65,3.69,2.35,3.51,3.47,0.4731,0.4578,0.3273,-0.2815,0.6503,1,,,,,0,0,,,-0.1196,0.0132,,,,,,,,,,,,,,,,,pinnacle
spelad,L1,2020/21,2021-04-25,,Lyon,Lille,2,3,A,7,16,2,7,0.9455,1.8746,understat,,,,,,,,,,0.474,0.2697,0.2563,0.4744,0.2769,0.2487,1,2.23,3.63,3.82,2.12,3.88,3.96,0.4706,0.4821,-0.4259,1.054,-0.2033,-2,7,-1.2857,-1.1336,0.3157,0,0,,,0.0085,-0.016,,,,,,,,,,,,,,,,,pinnacle
spelad,L1,2020/21,2021-04-25,,Nice,Montpellier,3,1,H,18,14,8,3,2.3767,1.7303,understat,,,,,,,,,,0.3543,0.2794,0.3663,0.3468,0.2755,0.3776,1,2.88,3.52,2.69,2.9,3.86,2.63,0.5371,0.5789,0.2847,-0.074,0.1913,-2,6,-1,-0.2558,-0.3017,0,0,,,-0.0263,-0.0038,,,,,,,,,,,,,,,,,pinnacle
spelad,L1,2020/21,2021-04-25,,Rennes,Dijon,5,1,H,25,4,12,1,4.1669,1.0304,understat,,,,,,,,,,0.7179,0.1825,0.0996,0.7155,0.1786,0.1059,1,1.39,5.5,10.22,1.4,5.5,9.59,0.523,0.5825,0.4896,-0.8452,0.4082,1,6,-1,-0.8629,0.0675,0,0,,,-0.0109,-0.0227,,,,,,,,,,,,,,,,,pinnacle
spelad,L1,2020/21,2021-04-25,,Strasbourg,Nantes,1,2,A,12,7,4,5,1.3987,1.0928,understat,,,,,,,,,,0.4411,0.2774,0.2814,0.4549,0.2835,0.2615,1,2.25,3.53,3.62,2.25,3.48,3.79,0.4104,0.4365,0.4297,-0.0678,0.364,0,6,0,0.2185,-0.2845,0,0,,,0.0475,-0.0378,,,,,,,,,,,,,,,,,pinnacle
spelad,L1,2020/21,2021-04-30,,Marseille,Strasbourg,1,1,D,8,8,4,5,1.1322,0.2563,understat,,,,,,,,,,0.5141,0.2598,0.2261,0.5224,0.2729,0.2048,1,1.93,3.8,4.35,1.89,3.86,4.97,0.4974,0.4329,0.7837,-0.7108,0.6578,2,6,2,0.4788,0.0778,0,0,,,0.0378,-0.0072,,,,,,,,,,,,,,,,,pinnacle
spelad,L1,2020/21,2021-05-01,,Lille,Nice,2,0,H,12,0,4,0,0.6846,0,understat,,,,,,,,,,0.683,0.206,0.111,0.6643,0.2132,0.1225,1,1.48,4.78,8.8,1.5,4.88,8.46,0.5154,0.5217,-0.138,0.0242,-0.5166,0,6,-0.5,-0.3884,0.2077,0,0,,,-0.0489,-0.0099,,,,,,,,,,,,,,,,,pinnacle
spelad,L1,2020/21,2021-05-01,,Paris SG,Lens,2,1,H,14,15,6,3,1.3776,1.515,understat,,,,,,,,,,0.7154,0.1737,0.1108,0.7048,0.1828,0.1123,1,1.38,5.85,9.4,1.42,5.65,9,0.6316,0.6223,-0.3863,0.3528,-0.4977,1,,,,,0,0,,,-0.0227,-0.0214,,,,,,,,,,,,,,,,,pinnacle
spelad,L1,2020/21,2021-05-02,,Bordeaux,Rennes,1,0,H,9,9,4,2,0.5889,0.7524,understat,,,,,,,,,,0.2062,0.2457,0.548,0.1869,0.2391,0.5739,1,4.84,4,1.83,5.25,4.1,1.77,0.4885,0.5371,-0.7404,1.0481,-1.1202,0,6,-1.5,-0.6023,-0.1282,0,0,,,-0.0645,0.0315,,,,,,,,,,,,,,,,,pinnacle
spelad,L1,2020/21,2021-05-02,,Brest,Nantes,1,4,A,16,12,7,6,1.6352,2.6184,understat,,,,,,,,,,0.3494,0.2787,0.3719,0.3782,0.2864,0.3354,1,2.81,3.53,2.71,2.68,3.45,2.92,0.4731,0.4834,0.4905,-0.4936,-0.0345,1,,,,,0,0,,,0.0941,-0.0166,,,,,,,,,,,,,,,,,pinnacle
spelad,L1,2020/21,2021-05-02,,Dijon,Metz,1,5,A,10,14,4,6,1.2483,1.8335,understat,,,,,,,,,,0.252,0.291,0.4569,0.2871,0.3032,0.4097,1,3.91,3.56,2.15,3.69,3.46,2.39,0.4453,0.4578,0.1386,-0.0179,-0.0174,-1,4,0.75,0.0651,0.4572,0,0,,,0.1175,-0.0219,,,,,,,,,,,,,,,,,pinnacle
spelad,L1,2020/21,2021-05-02,,Lorient,Angers,2,0,H,13,9,4,2,2.4149,0.5842,understat,,,,,,,,,,0.5198,0.2571,0.2231,0.4653,0.2952,0.2395,1,1.98,3.81,4.55,2.1,3.67,4.45,0.4467,0.4541,0.082,-0.0966,0.5288,0,,,,,0,0,,,-0.1253,0.043,,,,,,,,,,,,,,,,,pinnacle
spelad,L1,2020/21,2021-05-02,,Monaco,Lyon,2,3,A,12,17,4,5,2.1191,0.8407,understat,,,,,,,,,,0.4164,0.2638,0.3198,0.3751,0.2597,0.3653,1,2.41,3.75,3.15,2.68,3.8,2.8,0.5955,0.6044,0.2453,-0.6942,0.7551,0,6,-1,-0.045,-0.2452,0,0,,,-0.1282,0.0072,,,,,,,,,,,,,,,,,pinnacle
spelad,L1,2020/21,2021-05-02,,Montpellier,St Etienne,1,2,A,13,19,2,7,1.0197,2.2619,understat,,,,,,,,,,0.3927,0.2835,0.3238,0.3155,0.277,0.4075,1,2.52,3.49,3.1,3.11,3.64,2.47,0.5422,0.5732,0.1273,-0.4053,-0.1426,-1,7,1.2857,0.6667,-0.0083,0,0,,,-0.2382,0.0271,,,,,,,,,,,,,,,,,pinnacle
spelad,L1,2020/21,2021-05-02,,Nimes,Reims,2,2,D,18,12,7,7,2.4228,0.6515,understat,,,,,,,,,,0.4217,0.2836,0.2947,0.3914,0.3029,0.3057,1,2.32,3.5,3.55,2.5,3.47,3.5,0.4529,0.4405,-0.8222,0.8191,-0.2777,-2,5,1.8,1.134,0.1128,0,0,,,-0.0718,0.0523,,,,,,,,,,,,,,,,,pinnacle
spelad,L1,2020/21,2021-05-07,,Lens,Lille,0,3,A,11,11,5,6,1.3812,1.2449,understat,,,,,,,,,,0.2252,0.2737,0.5011,0.2268,0.2769,0.4962,1,4.6,3.57,1.99,4.52,3.6,2.02,0.4453,0.4504,-0.1959,0.1203,0.1152,0,,,,,0,0,,,0.0082,0.0164,,,,,,,,,,,,,,,,,pinnacle
spelad,L1,2020/21,2021-05-08,,Lyon,Lorient,4,1,H,25,8,11,2,4.6427,0.612,understat,,,,,,,,,,0.6875,0.1845,0.1279,0.6978,0.1767,0.1256,1,1.45,5.4,7.85,1.44,5.53,7.78,0.6613,0.6651,0.4853,-0.4122,-0.2744,0,,,,,0,0,,,0.0229,-0.029,,,,,,,,,,,,,,,,,pinnacle
spelad,L1,2020/21,2021-05-08,,Nantes,Bordeaux,3,0,H,11,10,3,2,1.7162,0.7213,understat,,,,,,,,,,0.4748,0.2819,0.2433,0.4958,0.2744,0.2298,1,2.1,3.58,4.05,2.02,3.64,4.35,0.4529,0.4719,0.0852,-0.6322,0.4488,0,7,-1.2857,-0.6232,-0.0277,0,0,,,0.0555,-0.0333,,,,,,,,,,,,,,,,,pinnacle
spelad,L1,2020/21,2021-05-09,,Angers,Dijon,3,0,H,11,5,4,1,1.7198,0.2674,understat,,,,,,,,,,0.5216,0.2665,0.2118,0.6054,0.2329,0.1617,1,1.9,3.82,4.64,1.74,4.2,6.19,0.4744,0.5308,0.2126,-0.5079,0.0458,0,6,2,0.9379,-0.2807,0,0,,,0.2177,-0.0328,,,,,,,,,,,,,,,,,pinnacle
spelad,L1,2020/21,2021-05-09,,Metz,Nimes,0,3,A,11,10,2,5,0.6806,2.0798,understat,,,,,,,,,,0.3456,0.2709,0.3835,0.3374,0.292,0.3706,1,2.94,3.63,2.56,2.9,3.53,2.68,0.4834,0.4694,0.2717,-0.4258,-0.2552,0,3,2,1.0258,0.0196,0,0,,,-0.0035,-0.0017,,,,,,,,,,,,,,,,,pinnacle
spelad,L1,2020/21,2021-05-09,,Nice,Brest,3,2,H,14,9,5,2,2.957,1.0262,understat,,,,,,,,,,0.3944,0.2827,0.3228,0.3929,0.2787,0.3283,1,2.53,3.5,3.2,2.54,3.53,3.06,0.5359,0.5547,0.4206,-0.3681,0.6496,1,3,-1,-0.7474,0.3963,0,0,,,-0.0085,0.006,,,,,,,,,,,,,,,,,pinnacle
spelad,L1,2020/21,2021-05-09,,Reims,Monaco,0,1,A,8,7,2,2,0.4324,1.059,understat,,,,,,,,,,0.1118,0.194,0.6942,0.1305,0.2185,0.651,1,9.5,5.01,1.45,8.7,5,1.5,0.5308,0.4859,0.6612,-0.4912,0.1471,0,5,0.6,0.2753,0.5184,0,0,,,0.0806,-0.0238,,,,,,,,,,,,,,,,,pinnacle
spelad,L1,2020/21,2021-05-09,,Rennes,Paris SG,1,1,D,19,12,10,4,0.9467,1.5454,understat,,,,,,,,,,0.182,0.2331,0.5849,0.1576,0.2161,0.6263,1,6,4.33,1.7,7.47,4.65,1.6,0.5644,0.585,-0.3436,0.1249,0.1421,-1,6,-1,0.5217,-0.1623,0,0,,,-0.0901,0.0053,,,,,,,,,,,,,,,,,pinnacle
spelad,L1,2020/21,2021-05-09,,St Etienne,Marseille,1,0,H,18,15,5,4,1.4107,1.9283,understat,,,,,,,,,,0.2901,0.2552,0.4547,0.2883,0.2753,0.4363,1,3.54,3.85,2.21,3.39,3.88,2.31,0.509,0.5026,-0.3711,0.3451,-0.2442,-2,7,-0.8571,0.0025,-0.1246,0,0,,,0.0148,0.0281,,,,,,,,,,,,,,,,,pinnacle
spelad,L1,2020/21,2021-05-09,,Strasbourg,Montpellier,2,3,A,18,6,7,3,1.9728,0.7169,understat,,,,,,,,,,0.5729,0.2136,0.2136,0.5996,0.2201,0.1803,1,1.75,4.6,4.75,1.71,4.6,5.5,0.5707,0.5768,0.031,0.437,0.1855,2,7,-0.8571,-0.3216,0.1208,0,0,,,0.0867,-0.0446,,,,,,,,,,,,,,,,,pinnacle
spelad,L1,2020/21,2021-05-16,,Bordeaux,Lens,3,0,H,11,14,4,4,2.807,1.1255,understat,,,,,,,,,,0.2639,0.2624,0.4737,0.29,0.28,0.4299,1,3.78,3.76,2.12,3.66,3.96,2.35,0.491,0.5064,-0.2622,0.7734,-0.5635,-1,,,,,0,0,,,0.0961,0.0054,,,,,,,,,,,,,,,,,pinnacle
spelad,L1,2020/21,2021-05-16,,Dijon,Nantes,0,4,A,10,16,1,4,0.9884,2.58,understat,,,,,,,,,,0.1076,0.2036,0.6888,0.1235,0.1957,0.6808,1,9.1,4.9,1.45,8.8,5.1,1.45,0.5398,0.5612,-0.5978,1.4322,-0.9121,-1,7,0,0.2329,0.1561,0,0,,,0.0398,0.0022,,,,,,,,,,,,,,,,,pinnacle
spelad,L1,2020/21,2021-05-16,,Lille,St Etienne,0,0,D,14,8,3,1,0.9007,0.3321,understat,,,,,,,,,,0.7097,0.1964,0.0939,0.7169,0.1864,0.0966,1,1.42,5.1,11,1.4,5.3,11,0.5115,0.5371,0.4488,-0.9755,-0.1655,2,6,1.5,0.7454,-0.1107,0,0,,,0.0119,-0.0175,,,,,,,,,,,,,,,,,pinnacle
spelad,L1,2020/21,2021-05-16,,Lorient,Metz,2,1,H,6,3,2,1,1.4277,0.0662,understat,,,,,,,,,,0.5888,0.2417,0.1695,0.5886,0.2484,0.163,1,1.68,4.18,6.06,1.7,4.5,6,0.5064,0.4796,0.1896,-0.2972,0.4719,1,,,,,0,0,,,0.0063,-0.0216,,,,,,,,,,,,,,,,,pinnacle
spelad,L1,2020/21,2021-05-16,,Marseille,Angers,3,2,H,16,11,11,5,2.9306,1.8429,understat,,,,,,,,,,0.6485,0.2162,0.1353,0.6805,0.1978,0.1216,1,1.54,4.6,8,1.51,4.92,8.81,0.4885,0.5333,0.2442,-0.0442,0.5463,0,7,0,-0.629,0.4404,0,0,,,0.0777,-0.0525,,,,,,,,,,,,,,,,,pinnacle
spelad,L1,2020/21,2021-05-16,,Monaco,Rennes,2,1,H,11,9,3,2,1.5121,0.3184,understat,,,,,,,,,,0.5647,0.241,0.1943,0.5366,0.2523,0.2111,1,1.74,4.1,5.55,1.87,4.42,4.8,0.5064,0.5496,-0.1336,-0.0445,-0.0325,0,6,0,-0.3722,0.0748,0,0,,,-0.0731,-0.0022,,,,,,,,,,,,,,,,,pinnacle
spelad,L1,2020/21,2021-05-16,,Montpellier,Brest,0,0,D,4,22,2,9,0.4081,1.967,understat,,,,,,,,,,0.41,0.2442,0.3458,0.3868,0.2522,0.361,1,2.42,4,2.99,2.57,3.95,3.01,0.6137,0.639,0.163,-0.2728,0.5357,0,,,,,0,0,,,-0.0615,0.0177,,,,,,,,,,,,,,,,,pinnacle
spelad,L1,2020/21,2021-05-16,,Nice,Strasbourg,0,2,A,7,11,3,5,0.7482,2.2656,understat,,,,,,,,,,0.273,0.2641,0.4628,0.2978,0.2907,0.4114,1,3.61,3.78,2.21,3.38,3.75,2.4,0.5115,0.5179,0.9433,-0.7203,1.1611,0,6,-0.5,-0.1792,-0.1271,0,0,,,0.1011,0.0032,,,,,,,,,,,,,,,,,pinnacle
spelad,L1,2020/21,2021-05-16,,Nimes,Lyon,2,5,A,8,21,4,13,0.8543,2.8414,understat,,,,,,,,,,0.1253,0.1782,0.6964,0.1071,0.1515,0.7414,1,8.25,5.7,1.41,9.5,6.61,1.36,0.6727,0.6682,-0.4576,0.1887,0.3258,-1,4,-2.25,-0.409,0.0547,0,0,,,-0.0814,0.0152,,,,,,,,,,,,,,,,,pinnacle
spelad,L1,2020/21,2021-05-16,,Paris SG,Reims,4,0,H,28,2,10,0,4.7363,0.0517,understat,,,,,,,,,,0.8594,0.0939,0.0466,0.8691,0.0885,0.0424,1,1.14,11,33.44,1.17,11,27,0.7022,0.7022,0.0869,0.2908,-0.0846,0,4,0,-0.9542,-0.1433,0,0,,,0.0237,-0.0262,,,,,,,,,,,,,,,,,pinnacle
spelad,L1,2020/21,2021-05-23,,Angers,Lille,1,2,A,10,5,4,2,0.737,1.5619,understat,,,,,,,,,,0.0919,0.1912,0.7169,0.123,0.1916,0.6854,1,11,5.25,1.41,11,5.25,1.44,0.5396,0.5595,-1.0156,1.0718,-0.6896,0,7,0,0.2791,-0.1468,0,0,,,0.0938,-0.0109,,,,,,,,,,,,,,,,,pinnacle
spelad,L1,2020/21,2021-05-23,,Brest,Paris SG,0,2,A,6,9,5,4,0.5747,2.0167,understat,,,,,,,,,,0.094,0.1431,0.7629,0.0993,0.12,0.7807,1,13,7.08,1.29,13.1,8.21,1.26,0.6256,0.6256,-0.589,0.2971,-0.6589,0,,,,,0,0,,,-0.0072,-0.016,,,,,,,,,,,,,,,,,pinnacle
spelad,L1,2020/21,2021-05-23,,Lens,Monaco,0,0,D,4,19,1,3,0.2384,1.308,understat,,,,,,,,,,0.1839,0.2167,0.5994,0.1754,0.2111,0.6134,1,5.55,4.55,1.67,5.85,4.7,1.63,0.6274,0.6316,-0.1387,0.4148,-0.4746,0,,,,,0,0,,,-0.031,0.0071,,,,,,,,,,,,,,,,,pinnacle
spelad,L1,2020/21,2021-05-23,,Lyon,Nice,2,3,A,12,14,6,6,1.3281,1.4737,understat,,,,,,,,,,0.7993,0.1328,0.0679,0.8041,0.1188,0.0772,1,1.25,7.8,15.16,1.25,8.4,13,0.6144,0.6144,0.1548,-0.445,-0.2359,0,7,0.4286,-0.2719,-0.2206,0,0,,,0.0003,-0.0267,,,,,,,,,,,,,,,,,pinnacle
spelad,L1,2020/21,2021-05-23,,Metz,Marseille,1,1,D,10,9,3,2,1.0894,1.1502,understat,,,,,,,,,,0.2715,0.2678,0.4607,0.2335,0.2502,0.5163,1,3.63,3.82,2.2,4.39,3.92,1.99,0.562,0.5682,-0.4111,0.2108,-0.4525,0,4,-1.5,-0.1746,0.2762,0,0,,,-0.1318,0.0179,,,,,,,,,,,,,,,,,pinnacle
spelad,L1,2020/21,2021-05-23,,Nantes,Montpellier,1,2,A,15,8,5,5,1.4112,1.7075,understat,,,,,,,,,,0.645,0.1979,0.1571,0.618,0.224,0.158,1,1.57,5,7,1.62,4.6,6.2,0.6307,0.6122,0.0337,-0.3883,0.2317,0,6,1,0.5549,0.0354,0,0,,,-0.0548,-0.0298,,,,,,,,,,,,,,,,,pinnacle
spelad,L1,2020/21,2021-05-23,,Reims,Bordeaux,1,2,A,10,12,3,5,1.1982,1.2381,understat,,,,,,,,,,0.3723,0.3351,0.2927,0.3678,0.2983,0.3339,1,2.65,3.1,3.4,2.75,3.32,3.18,0.415,0.5051,0.2927,-1.1593,0.1309,0,4,1.5,0.6298,0.1938,0,0,,,-0.0502,-0.0062,,,,,,,,,,,,,,,,,pinnacle
spelad,L1,2020/21,2021-05-23,,Rennes,Nimes,2,0,H,13,9,6,2,1.3327,0.3576,understat,,,,,,,,,,0.7331,0.164,0.1028,0.7829,0.1406,0.0765,1,1.36,6.2,9.7,1.28,7,14,0.628,0.6337,0.3641,-0.6374,0.0256,0,5,1.8,0.7048,-0.2806,0,0,,,0.1259,-0.0333,,,,,,,,,,,,,,,,,pinnacle
spelad,L1,2020/21,2021-05-23,,St Etienne,Dijon,0,1,A,19,10,5,2,1.4605,1.3803,understat,,,,,,,,,,0.7432,0.1663,0.0905,0.7488,0.1618,0.0894,1,1.33,6,11.5,1.3,6.29,11.8,0.6322,0.6355,0.5782,-1.0966,0.8113,0,6,2,0.6257,0.0641,0,0,,,0.0123,-0.0101,,,,,,,,,,,,,,,,,pinnacle
spelad,L1,2020/21,2021-05-23,,Strasbourg,Lorient,1,1,D,6,7,2,1,0.324,0.5219,understat,,,,,,,,,,0.3352,0.4673,0.1976,0.3555,0.4158,0.2288,1,2.9,2.2,5.1,2.97,2.37,5,0.3529,0.342,-0.5618,0.6803,-0.7003,0,,,,,0,0,,,0.0094,-0.0084,,,,,,,,,,,,,,,,,pinnacle
spelad,L1,2021/22,2021-08-06,,Monaco,Nantes,1,1,D,15,5,3,1,1.769,0.2397,understat,,,,,,,,,,0.6459,0.2111,0.143,0.6772,0.2019,0.1208,1,1.54,4.71,7,1.53,5,8.84,0.5682,0.5243,-0.019,0.7308,0.2588,,7,2.1429,0.8621,-0.2706,0,0,,,0.0849,-0.0169,,,,,,,,,,,,,,,,,pinnacle
spelad,L1,2021/22,2021-08-07,,Lyon,Brest,1,1,D,17,13,4,8,1.1752,1.0197,understat,,,,,,,,,,0.7236,0.1642,0.1122,0.7111,0.1755,0.1134,1,1.37,6.4,9.39,1.42,5.75,9,0.7026,0.6502,0.5199,-0.4323,0.3775,,3,1,-0.4755,0.4668,0,0,,,-0.0264,-0.0203,,,,,,,,,,,,,,,,,pinnacle
spelad,L1,2021/22,2021-08-07,,Troyes,Paris SG,1,2,A,15,12,7,3,0.6182,1.4865,understat,,,,,,,,,,0.0823,0.1605,0.7572,0.1021,0.1744,0.7235,1,13,6.3,1.31,10.7,5.9,1.42,0.6049,0.592,-0.7718,0.8161,-0.3922,,,,,,1,0,,,0.0731,0.0148,,,,,,,,,,,,,,,,,pinnacle
spelad,L1,2021/22,2021-08-08,,Bordeaux,Clermont,0,2,A,10,19,6,10,0.5105,2.9565,understat,,,,,,,,,,0.4596,0.2821,0.2583,0.364,0.3041,0.3319,1,2.15,3.58,4,2.76,3.42,3.19,0.4478,0.4293,,,,,,,,,-1,0,,,-0.2648,0.0118,,,,,,,,,,,,,,,,,pinnacle
spelad,L1,2021/22,2021-08-08,,Metz,Lille,3,3,D,12,18,5,7,1.0206,1.6225,understat,,,,,,,,,,0.1682,0.2836,0.5481,0.1825,0.286,0.5315,1,5.9,3.77,1.82,5.6,3.46,1.92,0.4035,0.3768,-1.3921,1.4754,-1.0161,,5,-2.4,-0.6379,-0.0651,0,0,,,0.0451,0.0328,,,,,,,,,,,,,,,,,pinnacle
spelad,L1,2021/22,2021-08-08,,Montpellier,Marseille,2,3,A,8,21,1,7,0.7647,2.158,understat,,,,,,,,,,0.3137,0.2734,0.4129,0.2679,0.2643,0.4678,1,3.2,3.74,2.38,3.95,3.79,2.23,0.5026,0.5422,0.188,-0.5152,0.041,,7,-0.4286,-0.0915,0.2888,0,0,,,-0.1465,0.0125,,,,,,,,,,,,,,,,,pinnacle
spelad,L1,2021/22,2021-08-08,,Nice,Reims,0,0,D,12,5,2,0,1.0995,0.1584,understat,,,,,,,,,,0.5191,0.2582,0.2228,0.5365,0.2728,0.1907,1,1.93,3.78,4.46,1.85,3.7,5.3,0.4667,0.4115,0.5409,0.4854,0.9192,,6,0,-0.1618,0.3633,0,0,,,0.067,-0.0292,,,,,,,,,,,,,,,,,pinnacle
spelad,L1,2021/22,2021-08-08,,Rennes,Lens,1,1,D,10,11,2,6,0.5984,2.1364,understat,,,,,,,,,,0.4749,0.271,0.2541,0.5073,0.2661,0.2266,1,2.08,3.69,4.13,1.99,3.81,4.43,0.4859,0.4859,0.0769,-0.4296,0.0967,,,,,,0,0,,,0.0923,-0.0228,,,,,,,,,,,,,,,,,pinnacle
spelad,L1,2021/22,2021-08-08,,St Etienne,Lorient,1,1,D,20,12,3,3,1.858,0.836,understat,,,,,,,,,,0.431,0.2688,0.3001,0.4408,0.2828,0.2764,1,2.3,3.66,3.3,2.31,3.59,3.78,0.5026,0.4416,0.1176,-0.2322,-0.0201,,,,,,0,0,,,0.0432,-0.0154,,,,,,,,,,,,,,,,,pinnacle
spelad,L1,2021/22,2021-08-08,,Strasbourg,Angers,0,2,A,7,9,1,2,0.267,1.4162,understat,,,,,,,,,,0.4863,0.2753,0.2384,0.4701,0.2867,0.2432,1,2.06,3.58,4.12,2.11,3.5,4.1,0.4354,0.443,0.0711,0.2461,0.1254,,7,-0.4286,-0.276,0.2731,0,0,,,-0.0373,-0.0169,,,,,,,,,,,,,,,,,pinnacle
spelad,L1,2021/22,2021-08-13,,Lorient,Monaco,1,0,H,2,12,2,3,0.7795,0.8654,understat,,,,,,,,,,0.2267,0.2722,0.5011,0.2285,0.2711,0.5004,1,4.42,3.75,1.98,4.5,3.85,1.98,0.491,0.4796,0.1432,-0.5904,0.0489,-2,,,,,0,0,,,0.0043,0.0003,,,,,,,,,,,,,,,,,pinnacle
spelad,L1,2021/22,2021-08-14,,Lille,Nice,0,4,A,11,11,2,7,0.7686,2.3369,understat,,,,,,,,,,0.5282,0.2707,0.2011,0.5167,0.279,0.2043,1,1.92,3.68,5.1,1.97,3.51,4.9,0.4478,0.4504,0.6354,-1.1811,0.2281,0,7,0,-0.2195,0.1476,0,0,,,-0.0263,-0.0264,,,,,,,,,,,,,,,,,pinnacle
spelad,L1,2021/22,2021-08-14,,Paris SG,Strasbourg,4,2,H,11,8,6,2,2.9003,0.5701,understat,,,,,,,,,,0.8037,0.1256,0.0707,0.7838,0.1382,0.078,1,1.23,7.9,15,1.25,7.5,13.47,0.6925,0.6509,1.1087,-0.8118,1.1162,1,7,1.2857,-0.4373,0.1383,0,0,,,-0.0472,-0.0131,,,,,,,,,,,,,,,,,pinnacle
spelad,L1,2021/22,2021-08-15,,Angers,Lyon,3,0,H,13,8,6,3,1.6418,0.9771,understat,,,,,,,,,,0.2232,0.2566,0.5201,0.2182,0.2546,0.5272,1,4.75,3.9,1.88,4.9,3.83,1.9,0.5359,0.5408,-0.5605,0.4458,0.0041,-1,7,-2.1429,-0.4614,0.0643,0,0,,,-0.0172,0.0122,,,,,,,,,,,,,,,,,pinnacle
spelad,L1,2021/22,2021-08-15,,Brest,Rennes,1,1,D,10,6,5,2,2.2991,1.3215,understat,,,,,,,,,,0.3112,0.2849,0.4038,0.2652,0.2921,0.4427,1,3.2,3.55,2.47,3.89,3.52,2.23,0.5204,0.4757,-0.5588,0.9914,-0.2863,1,4,-1.5,-0.505,0.2315,0,0,,,-0.131,0.0155,,,,,,,,,,,,,,,,,pinnacle
spelad,L1,2021/22,2021-08-15,,Clermont,Troyes,2,0,H,18,6,8,1,1.4431,0.696,understat,,,,,,,,,,0.468,0.2725,0.2595,0.5062,0.2633,0.2304,1,2.14,3.61,3.83,2,3.75,4.39,0.4504,0.4974,,,,-1,,,,,0,0,,,0.1054,-0.0138,,,,,,,,,,,,,,,,,pinnacle
spelad,L1,2021/22,2021-08-15,,Lens,St Etienne,2,2,D,22,12,7,7,1.1447,0.8517,understat,,,,,,,,,,0.4659,0.271,0.263,0.466,0.2764,0.2575,1,2.13,3.66,3.8,2.11,3.69,3.93,0.4834,0.4936,-0.1189,0.3708,-0.078,0,,,,,0,0,,,0.0057,-0.0137,,,,,,,,,,,,,,,,,pinnacle
spelad,L1,2021/22,2021-08-15,,Marseille,Bordeaux,2,2,D,10,8,2,2,1.0527,0.3183,understat,,,,,,,,,,0.6292,0.2182,0.1526,0.6516,0.2134,0.135,1,1.6,4.6,6.5,1.56,4.61,7.76,0.5192,0.5269,-0.1807,-0.0802,0.0873,0,8,1.125,0.2636,0.0912,0,0,,,0.0624,-0.0205,,,,,,,,,,,,,,,,,pinnacle
spelad,L1,2021/22,2021-08-15,,Nantes,Metz,2,0,H,11,10,7,5,1.7221,0.8853,understat,,,,,,,,,,0.415,0.2995,0.2855,0.4572,0.2912,0.2515,1,2.41,3.36,3.51,2.2,3.38,4.13,0.4115,0.4257,0.6438,-1.0352,0.5189,2,6,-0.5,-0.6137,0.2085,0,0,,,0.1185,-0.0246,,,,,,,,,,,,,,,,,pinnacle
spelad,L1,2021/22,2021-08-15,,Reims,Montpellier,3,3,D,19,15,9,5,1.3076,1.9999,understat,,,,,,,,,,0.3556,0.3037,0.3407,0.382,0.2963,0.3217,1,2.78,3.34,2.9,2.63,3.75,3.08,0.4566,0.4821,-0.4335,0.2491,-0.5113,0,5,1.2,0.7574,-0.1144,0,0,,,0.0718,-0.0202,,,,,,,,,,,,,,,,,pinnacle
spelad,L1,2021/22,2021-08-20,,Brest,Paris SG,2,4,A,11,16,3,8,1.2487,1.515,understat,,,,,,,,,,0.0867,0.1561,0.7572,0.1007,0.1673,0.732,1,12.5,6.55,1.32,10.7,6,1.38,0.6644,0.6348,-0.8656,0.3153,-0.5173,-1,3,-3,-0.3696,-0.1229,0,0,,,0.0532,0.0171,,,,,,,,,,,,,,,,,pinnacle
spelad,L1,2021/22,2021-08-21,,Monaco,Lens,0,2,A,9,4,2,2,0.242,0.5986,understat,,,,,,,,,,0.5454,0.259,0.1956,0.5492,0.2572,0.1936,1,1.85,3.9,4.99,1.82,3.92,5.35,0.5281,0.509,0.0967,-0.163,0.1054,2,,,,,0,0,,,0.0096,-0.0024,,,,,,,,,,,,,,,,,pinnacle
spelad,L1,2021/22,2021-08-21,,St Etienne,Lille,1,1,D,10,8,2,6,0.4768,1.1966,understat,,,,,,,,,,0.3164,0.2972,0.3864,0.3066,0.3037,0.3897,1,3.2,3.32,2.53,3.43,3.27,2.51,0.4318,0.4329,-0.5122,0.2708,-0.1137,-1,7,-1.2857,-0.4692,0.0213,0,0,,,-0.0228,-0.0136,,,,,,,,,,,,,,,,,pinnacle
spelad,L1,2021/22,2021-08-22,,Bordeaux,Angers,1,1,D,14,6,5,3,0.6031,1.013,understat,,,,,,,,,,0.3387,0.2948,0.3666,0.2839,0.308,0.4081,1,2.91,3.5,2.68,3.47,3.28,2.45,0.4416,0.4104,0.344,0.4657,0.0543,0,7,0.4286,0.2479,-0.0217,0,0,,,-0.1511,0.0143,,,,,,,,,,,,,,,,,pinnacle
spelad,L1,2021/22,2021-08-22,,Lyon,Clermont,3,3,D,21,17,9,5,3.3186,1.8209,understat,,,,,,,,,,0.605,0.2271,0.1679,0.6026,0.2189,0.1785,1,1.65,4.5,5.9,1.65,4.62,5.52,0.5825,0.6069,,,,0,,,,,-1,0,,,-0.0153,-0.0282,,,,,,,,,,,,,,,,,pinnacle
spelad,L1,2021/22,2021-08-22,,Metz,Reims,1,1,D,10,12,4,3,0.67,1.1836,understat,,,,,,,,,,0.4088,0.3257,0.2655,0.4197,0.3094,0.2709,1,2.47,3.2,3.68,2.47,3.27,3.63,0.401,0.3777,0.0323,0.1133,0.2675,0,4,1.5,0.8192,0.1701,0,0,,,0.0164,-0.026,,,,,,,,,,,,,,,,,pinnacle
spelad,L1,2021/22,2021-08-22,,Montpellier,Lorient,3,1,H,32,5,11,4,3.6488,0.4623,understat,,,,,,,,,,0.433,0.2921,0.2749,0.4311,0.2845,0.2845,1,2.37,3.43,3.66,2.27,3.6,3.6,0.5269,0.5682,-0.1411,0.1106,-0.4429,-2,,,,,0,0,,,-0.0134,0.0032,,,,,,,,,,,,,,,,,pinnacle
spelad,L1,2021/22,2021-08-22,,Rennes,Nantes,1,0,H,14,4,5,1,0.8696,0.2642,understat,,,,,,,,,,0.5196,0.2633,0.2171,0.591,0.2494,0.1596,1,1.93,3.78,4.58,1.77,3.91,6.12,0.4719,0.4354,-0.3963,0.4069,-0.7946,0,8,1.125,0.3941,0.0713,0,0,,,0.2003,-0.0562,,,,,,,,,,,,,,,,,pinnacle
spelad,L1,2021/22,2021-08-22,,Strasbourg,Troyes,1,1,D,14,10,4,6,2.9546,1.145,understat,,,,,,,,,,0.4605,0.2872,0.2523,0.489,0.2724,0.2385,1,2.15,3.58,4.03,2.05,3.65,4.23,0.4529,0.4783,0.1765,-0.391,-0.4067,1,,,,,-1,0,,,0.0707,-0.0267,,,,,,,,,,,,,,,,,pinnacle
spelad,L1,2021/22,2021-08-27,,Nantes,Lyon,0,1,A,18,12,5,5,1.3539,1.4413,understat,,,,,,,,,,0.2015,0.2379,0.5606,0.2092,0.2449,0.5459,1,4.9,4.15,1.8,4.93,4.15,1.83,0.5558,0.5533,0.7346,-1.498,1.2512,0,7,-0.4286,0.4907,0.0834,0,0,,,0.0301,-0.0003,,,,,,,,,,,,,,,,,pinnacle
spelad,L1,2021/22,2021-08-28,,Marseille,St Etienne,3,1,H,19,11,5,7,2.737,1.2278,understat,,,,,,,,,,0.562,0.2463,0.1917,0.5777,0.2435,0.1788,1,1.81,4.02,5.1,1.76,4.12,5.65,0.5141,0.5308,0.0113,0.3576,0.1679,6,8,0.375,-0.0912,-0.1434,0,0,,,0.0444,-0.0274,,,,,,,,,,,,,,,,,pinnacle
spelad,L1,2021/22,2021-08-28,,Nice,Bordeaux,4,0,H,11,13,5,4,2.5277,0.8675,understat,,,,,,,,,,0.5803,0.2437,0.176,0.523,0.2658,0.2112,1,1.7,4.25,5.7,1.89,4.05,5,0.5026,0.491,-0.2582,0.2215,0.1224,7,8,0.75,0.3432,0.2065,0,0,,,-0.1499,0.0007,,,,,,,,,,,,,,,,,pinnacle
spelad,L1,2021/22,2021-08-29,,Angers,Rennes,2,0,H,16,7,4,2,2.6318,1.2874,understat,,,,,,,,,,0.3274,0.2975,0.3751,0.325,0.3166,0.3584,1,3.01,3.43,2.62,3.04,3.27,2.75,0.4318,0.4094,-0.209,0.0134,0.4475,0,7,-1.7143,-0.5773,-0.1454,0,0,,,0.012,0.0083,,,,,,,,,,,,,,,,,pinnacle
spelad,L1,2021/22,2021-08-29,,Clermont,Metz,2,2,D,16,12,4,4,1.6452,1.9027,understat,,,,,,,,,,0.5389,0.2553,0.2058,0.5848,0.2435,0.1716,1,1.86,3.87,4.9,1.69,4.08,6,0.4578,0.4949,,,,0,,,,,1,0,,,0.126,-0.0177,,,,,,,,,,,,,,,,,pinnacle
spelad,L1,2021/22,2021-08-29,,Lens,Lorient,2,2,D,19,15,9,7,1.1394,1.2163,understat,,,,,,,,,,0.5519,0.2591,0.189,0.6023,0.2334,0.1643,1,1.86,3.85,5.2,1.66,4.25,6.25,0.5064,0.557,-0.5602,1.0611,-0.4932,1,,,,,0,0,,,0.1255,-0.0192,,,,,,,,,,,,,,,,,pinnacle
spelad,L1,2021/22,2021-08-29,,Lille,Montpellier,2,1,H,15,6,4,3,2.4641,0.7193,understat,,,,,,,,,,0.5674,0.2502,0.1824,0.5853,0.2367,0.178,1,1.77,4.05,5.4,1.68,4.3,6.2,0.5471,0.5595,0.0193,0.1932,-0.1689,1,7,0.8571,0.1881,0.1417,0,0,,,0.0402,0.0072,,,,,,,,,,,,,,,,,pinnacle
spelad,L1,2021/22,2021-08-29,,Reims,Paris SG,0,2,A,11,12,4,3,0.8266,1.8246,understat,,,,,,,,,,0.0623,0.1225,0.8152,0.0642,0.1258,0.8101,1,17,8.33,1.2,17,8.17,1.22,0.696,0.7063,-0.8831,-0.0027,-0.8283,-2,5,-0.6,0.8349,-0.1323,0,0,,,0.009,0.0101,,,,,,,,,,,,,,,,,pinnacle
spelad,L1,2021/22,2021-08-29,,Strasbourg,Brest,3,1,H,11,11,5,5,1.2271,0.5926,understat,,,,,,,,,,0.474,0.2872,0.2388,0.4868,0.2733,0.2398,1,2.15,3.55,4.1,2.06,3.65,4.1,0.5217,0.5547,-0.1261,-0.0276,-0.4711,-2,3,0,-0.2272,0.0582,0,0,,,0.0245,-0.0168,,,,,,,,,,,,,,,,,pinnacle
spelad,L1,2021/22,2021-08-29,,Troyes,Monaco,1,2,A,12,7,3,4,0.5893,1.7407,understat,,,,,,,,,,0.2201,0.26,0.5199,0.209,0.2689,0.522,1,4.5,3.84,1.91,5.63,3.95,1.88,0.5026,0.4936,0.285,-0.7819,0.4023,-1,,,,,1,0,,,-0.0243,-0.0245,,,,,,,,,,,,,,,,,pinnacle
spelad,L1,2021/22,2021-09-10,,Lorient,Lille,2,1,H,14,9,7,3,1.0846,1.5181,understat,,,,,,,,,,0.278,0.2965,0.4255,0.2656,0.2962,0.4383,1,3.6,3.42,2.34,3.78,3.47,2.25,0.4566,0.4293,0.0904,-0.5372,0.4298,0,,,,,0,0,,,-0.0376,0.0085,,,,,,,,,,,,,,,,,pinnacle
spelad,L1,2021/22,2021-09-11,,Monaco,Marseille,0,2,A,7,13,0,5,0.8907,1.3606,understat,,,,,,,,,,0.4703,0.2602,0.2695,0.5271,0.2636,0.2093,1,2.14,3.79,3.72,2.12,3.94,4.9,0.5179,0.5026,-0.4318,0.5913,-0.5338,-1,7,-0.4286,-0.3331,0.0319,0,0,,,0.1739,-0.0216,,,,,,,,,,,,,,,,,pinnacle
spelad,L1,2021/22,2021-09-11,,Paris SG,Clermont,4,0,H,13,14,7,2,2.5058,1.0353,understat,,,,,,,,,,0.7677,0.1518,0.0805,0.737,0.1665,0.0965,1,1.32,6.5,13,1.36,6,11,0.6493,0.6088,,,,0,,,,,-1,0,,,-0.0774,-0.0325,,,,,,,,,,,,,,,,,pinnacle
spelad,L1,2021/22,2021-09-12,,Bordeaux,Lens,2,3,A,11,12,3,5,1.0081,3.1245,understat,,,,,,,,,,0.2945,0.2709,0.4346,0.3075,0.2834,0.4091,1,3.35,3.62,2.34,3.27,3.57,2.44,0.4821,0.491,0.863,-0.6651,0.6245,1,,,,,0,0,,,0.0514,-0.0036,,,,,,,,,,,,,,,,,pinnacle
spelad,L1,2021/22,2021-09-12,,Brest,Angers,1,1,D,12,8,6,2,1.4798,0.9983,understat,,,,,,,,,,0.3651,0.2804,0.3545,0.3639,0.3088,0.3274,1,2.7,3.54,2.79,2.7,3.44,3,0.4834,0.4293,-0.8872,1.4809,-1.0709,0,4,-0.75,-0.1757,-0.0372,0,0,,,0.0247,-0.0132,,,,,,,,,,,,,,,,,pinnacle
spelad,L1,2021/22,2021-09-12,,Lyon,Strasbourg,3,1,H,14,12,7,4,1.6993,2.0448,understat,,,,,,,,,,0.636,0.2125,0.1516,0.6104,0.2266,0.163,1,1.6,4.75,6.6,1.62,4.63,6.45,0.6156,0.5931,0.361,0.0007,-0.0163,2,8,1.5,0.1384,0.0214,0,0,,,-0.0627,0.0077,,,,,,,,,,,,,,,,,pinnacle
spelad,L1,2021/22,2021-09-12,,Metz,Troyes,0,2,A,16,10,2,5,0.7813,0.8672,understat,,,,,,,,,,0.4168,0.2873,0.2959,0.3991,0.2954,0.3055,1,2.35,3.41,3.48,2.59,3.42,3.21,0.4354,0.4529,0.1798,-0.5112,-0.01,0,,,,,-1,0,,,-0.0451,-0.0241,,,,,,,,,,,,,,,,,pinnacle
spelad,L1,2021/22,2021-09-12,,Montpellier,St Etienne,2,0,H,11,14,4,2,1.0897,0.8616,understat,,,,,,,,,,0.3678,0.2725,0.3597,0.3761,0.2747,0.3492,1,2.67,3.66,2.86,2.62,3.69,2.98,0.5459,0.5657,0.2698,-0.4695,0.3011,-1,8,0.75,0.4304,-0.0419,0,0,,,0.027,0.0044,,,,,,,,,,,,,,,,,pinnacle
spelad,L1,2021/22,2021-09-12,,Nantes,Nice,0,2,A,19,9,7,3,2.1566,2.4528,understat,,,,,,,,,,0.2809,0.2884,0.4307,0.3321,0.3024,0.3655,1,3.52,3.51,2.35,3.08,3.37,2.7,0.4515,0.4343,-0.1621,-0.4753,-0.5876,1,7,-1.2857,-0.7038,-0.008,0,0,,,0.1674,-0.0188,,,,,,,,,,,,,,,,,pinnacle
spelad,L1,2021/22,2021-09-12,,Rennes,Reims,0,2,A,9,7,1,3,0.8055,0.8711,understat,,,,,,,,,,0.5708,0.266,0.1632,0.5543,0.2748,0.1709,1,1.72,3.8,6.08,1.8,3.55,6,0.4529,0.4115,0.328,-0.2085,-0.084,0,6,-2,-1.23,0.0188,0,0,,,-0.0406,-0.0253,,,,,,,,,,,,,,,,,pinnacle
spelad,L1,2021/22,2021-09-17,,Strasbourg,Metz,3,0,H,10,15,6,5,2.0472,0.6124,understat,,,,,,,,,,0.5145,0.273,0.2125,0.5196,0.2744,0.2061,1,2,3.66,4.6,1.99,3.69,4.74,0.4416,0.4318,-0.0597,0.186,0.1758,0,6,-0.5,-0.547,0.1975,0,0,,,0.0166,-0.0504,,,,,,,,,,,,,,,,,pinnacle
spelad,L1,2021/22,2021-09-18,,Lens,Lille,1,0,H,13,6,4,2,0.4866,1.2099,understat,,,,,,,,,,0.3823,0.287,0.3307,0.3747,0.2937,0.3315,1,2.64,3.5,2.99,2.65,3.5,3.07,0.4566,0.4859,-0.0579,0.178,0.3578,-2,,,,,0,0,,,-0.0161,0.0049,,,,,,,,,,,,,,,,,pinnacle
spelad,L1,2021/22,2021-09-18,,St Etienne,Bordeaux,1,2,A,12,13,5,3,1.7537,2.3678,understat,,,,,,,,,,0.4965,0.2771,0.2264,0.5039,0.2708,0.2253,1,2.03,3.66,4.32,1.96,3.8,4.55,0.468,0.4949,-0.3541,0.2383,-0.2889,0,8,0.375,0.1786,-0.1624,0,0,,,0.016,-0.0005,,,,,,,,,,,,,,,,,pinnacle
spelad,L1,2021/22,2021-09-19,,Angers,Nantes,1,4,A,10,8,5,4,0.609,2.5989,understat,,,,,,,,,,0.4505,0.2909,0.2586,0.4424,0.3094,0.2482,1,2.17,3.56,3.96,2.21,3.4,4.1,0.4318,0.3897,0.2637,-0.2478,0.749,0,8,0,0.0849,-0.0618,0,0,,,-0.0057,0.0203,,,,,,,,,,,,,,,,,pinnacle
spelad,L1,2021/22,2021-09-19,,Clermont,Brest,1,1,D,7,5,4,1,0.7923,0.6572,understat,,,,,,,,,,0.5221,0.2459,0.2319,0.5114,0.2626,0.2261,1,1.94,3.97,4.34,1.91,3.9,4.53,0.5422,0.5345,0.9641,-0.7051,0.7773,1,,,,,1,0,,,-0.0157,0.0104,,,,,,,,,,,,,,,,,pinnacle
spelad,L1,2021/22,2021-09-19,,Marseille,Rennes,2,0,H,17,13,6,2,2.2135,1.0611,understat,,,,,,,,,,0.4957,0.269,0.2353,0.4938,0.2723,0.2339,1,2.04,3.66,4.2,2,3.67,4.4,0.4694,0.4731,-0.0888,0.4733,0.5821,1,8,0.375,-0.0862,0.0984,0,0,,,-0.0024,-0.0046,,,,,,,,,,,,,,,,,pinnacle
spelad,L1,2021/22,2021-09-19,,Nice,Monaco,2,2,D,12,8,3,3,1.9446,2.5911,understat,,,,,,,,,,0.3524,0.2873,0.3602,0.2968,0.295,0.4081,1,2.88,3.61,2.73,3.3,3.47,2.45,0.4757,0.4719,0.7487,-1.3113,1.3869,-1,8,0,0.4135,-0.0068,0,0,,,-0.1592,0.0295,,,,,,,,,,,,,,,,,pinnacle
spelad,L1,2021/22,2021-09-19,,Paris SG,Lyon,2,1,H,14,12,5,5,2.2297,0.8228,understat,,,,,,,,,,0.7119,0.1735,0.1146,0.7453,0.15,0.1047,1,1.39,6,9,1.37,6.5,10.4,0.6636,0.71,0.5241,-0.743,0.738,1,8,0.75,-0.1796,-0.2008,0,0,,,0.0767,-0.0217,,,,,,,,,,,,,,,,,pinnacle
spelad,L1,2021/22,2021-09-19,,Reims,Lorient,0,0,D,10,6,2,3,0.9779,0.1746,understat,,,,,,,,,,0.4314,0.2822,0.2864,0.4219,0.3107,0.2674,1,2.32,3.5,3.49,2.33,3.4,3.66,0.4416,0.3966,-0.6118,0.4648,-0.5059,-2,,,,,0,0,,,-0.0002,0.002,,,,,,,,,,,,,,,,,pinnacle
spelad,L1,2021/22,2021-09-19,,Troyes,Montpellier,1,1,D,8,6,3,2,0.489,0.2498,understat,,,,,,,,,,0.3793,0.2749,0.3458,0.3902,0.2822,0.3276,1,2.65,3.72,2.83,2.55,3.64,3.16,0.5422,0.5779,-0.8097,0.8998,-0.8059,0,,,,,1,0,,,0.04,0.0052,,,,,,,,,,,,,,,,,pinnacle
spelad,L1,2021/22,2021-09-22,,Angers,Marseille,0,0,D,9,6,1,1,0.4702,0.4942,understat,,,,,,,,,,0.27,0.2776,0.4524,0.2904,0.2966,0.413,1,3.75,3.62,2.23,3.46,3.34,2.47,0.4694,0.4405,-0.1943,-0.3427,-0.09,0,8,-0.375,0.0946,0.3607,0,0,,,0.0804,0.0279,,,,,,,,,,,,,,,,,pinnacle
spelad,L1,2021/22,2021-09-22,,Lens,Strasbourg,0,1,A,17,6,4,1,2.684,1.0954,understat,,,,,,,,,,0.4795,0.2658,0.2547,0.4471,0.2854,0.2675,1,2.08,3.76,3.9,2.2,3.67,3.84,0.5026,0.4719,0.3856,-0.164,0.2955,-1,,,,,0,0,,,-0.0776,0.0018,,,,,,,,,,,,,,,,,pinnacle
spelad,L1,2021/22,2021-09-22,,Lille,Reims,2,1,H,7,11,4,5,1.1853,1.1754,understat,,,,,,,,,,0.5646,0.2591,0.1763,0.5348,0.287,0.1783,1,1.75,3.85,5.6,1.83,3.63,5.77,0.4354,0.3811,-0.4152,1.1277,-0.6188,1,5,0.6,0.0349,0.0914,0,0,,,-0.0616,0.0077,,,,,,,,,,,,,,,,,pinnacle
spelad,L1,2021/22,2021-09-22,,Lorient,Nice,1,0,H,8,13,1,1,0.6194,2.1692,understat,,,,,,,,,,0.2953,0.2761,0.4287,0.271,0.274,0.455,1,3.35,3.55,2.32,3.83,3.6,2.37,0.4731,0.4885,0.1052,0.0909,-0.3837,0,,,,,0,0,,,-0.0749,0.0188,,,,,,,,,,,,,,,,,pinnacle
spelad,L1,2021/22,2021-09-22,,Lyon,Troyes,3,1,H,15,12,8,7,2.4723,0.9439,understat,,,,,,,,,,0.6863,0.1853,0.1284,0.7428,0.1619,0.0953,1,1.45,5.4,8.5,1.43,6.25,11,0.6274,0.6502,0.1564,0.0839,-0.362,0,,,,,-1,0,,,0.146,-0.0198,,,,,,,,,,,,,,,,,pinnacle
spelad,L1,2021/22,2021-09-22,,Metz,Paris SG,1,2,A,6,15,2,5,0.7614,1.1472,understat,,,,,,,,,,0.0921,0.146,0.762,0.0901,0.1428,0.7671,1,13,7,1.3,13.4,6.94,1.31,0.6597,0.6493,-1.1927,0.9869,-1.0755,2,5,-3,-0.3453,-0.1296,0,0,,,-0.0092,-0.0039,,,,,,,,,,,,,,,,,pinnacle
spelad,L1,2021/22,2021-09-22,,Monaco,St Etienne,3,1,H,14,9,6,3,1.7383,0.3255,understat,,,,,,,,,,0.6381,0.2194,0.1425,0.6583,0.2113,0.1304,1,1.57,4.6,6.9,1.53,4.93,8.75,0.5192,0.585,-0.0303,0.5851,0.0779,-1,7,0,-0.2347,-0.1153,0,0,,,0.0524,-0.0072,,,,,,,,,,,,,,,,,pinnacle
spelad,L1,2021/22,2021-09-22,,Montpellier,Bordeaux,3,3,D,15,15,6,7,1.6848,1.269,understat,,,,,,,,,,0.4844,0.2561,0.2595,0.4655,0.2614,0.2731,1,2.04,3.86,3.81,2.21,4.1,3.62,0.5547,0.5789,-0.1069,-0.0627,0.0275,-1,7,1.7143,0.9046,-0.1709,0,0,,,-0.0512,-0.0133,,,,,,,,,,,,,,,,,pinnacle
spelad,L1,2021/22,2021-09-22,,Nantes,Brest,3,1,H,14,10,6,2,1.6641,0.5636,understat,,,,,,,,,,0.4486,0.2835,0.2679,0.461,0.2858,0.2532,1,2.2,3.58,3.67,2.15,3.61,3.99,0.4796,0.4578,0.5567,-1.0976,0.2078,0,3,2,0.9489,0.0457,0,0,,,0.0396,-0.0079,,,,,,,,,,,,,,,,,pinnacle
spelad,L1,2021/22,2021-09-22,,Rennes,Clermont,6,0,H,21,4,10,1,3.1502,0.3799,understat,,,,,,,,,,0.4796,0.2695,0.2509,0.4765,0.2799,0.2436,1,2.09,3.72,3.91,2.2,3.6,4.41,0.4821,0.5,-0.1271,-0.1035,-0.7908,0,,,,,-1,0,,,0.0011,-0.0166,,,,,,,,,,,,,,,,,pinnacle
spelad,L1,2021/22,2021-09-25,,Lyon,Lorient,1,1,D,12,12,2,5,0.8432,0.535,understat,,,,,,,,,,0.7069,0.1844,0.1086,0.7475,0.1572,0.0953,1,1.41,5.4,9,1.39,6.35,10.4,0.6034,0.6868,-0.7799,1.064,-1.1462,0,,,,,0,0,,,0.0945,-0.0292,,,,,,,,,,,,,,,,,pinnacle
spelad,L1,2021/22,2021-09-25,,Paris SG,Montpellier,2,0,H,16,10,5,4,2.5839,0.2746,understat,,,,,,,,,,0.7896,0.1366,0.0739,0.8516,0.0959,0.0525,1,1.26,8.25,15,1.2,11.75,24,0.7191,0.7229,0.8206,-0.5342,0.2848,0,8,1.875,0.0111,-0.0355,0,0,,,0.1454,-0.0074,,,,,,,,,,,,,,,,,pinnacle
spelad,L1,2021/22,2021-09-25,,St Etienne,Nice,0,3,A,11,14,6,9,0.6634,3.1765,understat,,,,,,,,,,0.2924,0.2799,0.4277,0.2793,0.2723,0.4484,1,3.35,3.5,2.32,3.6,3.64,2.3,0.5051,0.5308,-0.7191,1.041,-1.4258,0,7,0.8571,0.469,-0.1418,0,0,,,-0.0469,0.009,,,,,,,,,,,,,,,,,pinnacle
spelad,L1,2021/22,2021-09-25,,Strasbourg,Lille,1,2,A,10,16,3,7,0.4957,2.586,understat,,,,,,,,,,0.3447,0.294,0.3613,0.3041,0.3119,0.384,1,2.9,3.44,2.74,3.49,3.25,2.7,0.4478,0.4055,0.3916,-0.9414,0.444,0,8,-1.125,-0.2857,0.0848,0,0,,,-0.104,-0.0079,,,,,,,,,,,,,,,,,pinnacle
spelad,L1,2021/22,2021-09-26,,Bordeaux,Rennes,1,1,D,10,18,3,8,0.602,1.7812,understat,,,,,,,,,,0.2833,0.2663,0.4504,0.2399,0.2757,0.4845,1,3.5,3.68,2.3,4.08,3.61,2.3,0.477,0.4641,0.2165,0.1998,0.4158,0,7,-0.8571,-0.2019,-0.1441,0,0,,,-0.1209,0.0319,,,,,,,,,,,,,,,,,pinnacle
spelad,L1,2021/22,2021-09-26,,Brest,Metz,1,2,A,11,6,2,4,1.668,0.6686,understat,,,,,,,,,,0.472,0.2768,0.2512,0.4722,0.2785,0.2493,1,2.1,3.64,3.89,2.12,3.6,3.98,0.4719,0.4834,-0.1097,0.1734,0.1356,0,3,1,0.5586,-0.2937,0,0,,,0.0022,-0.0219,,,,,,,,,,,,,,,,,pinnacle
spelad,L1,2021/22,2021-09-26,,Clermont,Monaco,1,3,A,12,6,4,3,1.3094,1.7919,understat,,,,,,,,,,0.2609,0.2666,0.4726,0.2351,0.2581,0.5068,1,3.85,3.76,2.11,4.67,3.9,2.05,0.5192,0.5522,0.7093,-0.4076,0.7795,0,,,,,1,0,,,-0.0857,0.0164,,,,,,,,,,,,,,,,,pinnacle
spelad,L1,2021/22,2021-09-26,,Marseille,Lens,2,3,A,14,14,4,5,2.0196,2.4899,understat,,,,,,,,,,0.5449,0.254,0.2011,0.5608,0.2464,0.1928,1,1.84,4.05,5,1.83,4,5.6,0.5141,0.5281,0.3686,-0.3239,0.22,0,,,,,0,0,,,0.04,-0.031,,,,,,,,,,,,,,,,,pinnacle
spelad,L1,2021/22,2021-09-26,,Reims,Nantes,3,1,H,9,11,5,2,1.2307,0.7685,understat,,,,,,,,,,0.368,0.3012,0.3307,0.3508,0.3251,0.3241,1,2.7,3.3,2.96,2.8,3.16,3.05,0.3931,0.3811,-0.201,0.1986,-0.1734,0,5,1.2,0.715,-0.1093,0,0,,,-0.0278,0.0008,,,,,,,,,,,,,,,,,pinnacle
spelad,L1,2021/22,2021-09-26,,Troyes,Angers,1,1,D,6,17,3,6,1.2597,1.285,understat,,,,,,,,,,0.343,0.2989,0.3581,0.3386,0.3002,0.3611,1,2.86,3.4,2.89,2.89,3.38,2.9,0.414,0.4541,-0.2656,0.2649,-0.6079,0,,,,,1,0,,,-0.0118,0.0222,,,,,,,,,,,,,,,,,pinnacle
spelad,L1,2021/22,2021-10-01,,Lens,Reims,2,0,H,13,3,7,0,2.364,0.0864,understat,,,,,,,,,,0.5386,0.2739,0.1875,0.4888,0.2834,0.2279,1,1.88,3.92,5.2,2.08,3.64,4.65,0.4442,0.4719,0.1708,0.4199,0.3014,0,,,,,0,0,,,-0.1401,-0.0131,,,,,,,,,,,,,,,,,pinnacle
spelad,L1,2021/22,2021-10-02,,Montpellier,Strasbourg,1,1,D,12,6,4,3,1.0571,0.2939,understat,,,,,,,,,,0.3978,0.2726,0.3295,0.3765,0.2939,0.3296,1,2.5,3.77,3,2.72,3.48,3,0.5448,0.5,-0.1562,0.0962,0.0183,0,8,1.125,0.4555,0.0782,0,0,,,-0.0428,0.0022,,,,,,,,,,,,,,,,,pinnacle
spelad,L1,2021/22,2021-10-02,,Nice,Brest,2,1,H,20,6,9,2,4.3678,0.3152,understat,,,,,,,,,,0.6176,0.2135,0.1688,0.638,0.2136,0.1484,1,1.62,4.6,5.9,1.63,4.6,6.58,0.5693,0.5693,0.9787,-1.5173,1.2933,1,4,0,-0.1749,0.2276,0,0,,,0.0613,-0.0488,,,,,,,,,,,,,,,,,pinnacle
spelad,L1,2021/22,2021-10-03,,Angers,Metz,3,2,H,18,2,5,2,2.8138,0.8952,understat,,,,,,,,,,0.4886,0.2883,0.2231,0.5035,0.2882,0.2083,1,2.04,3.52,4.4,1.98,3.48,4.7,0.414,0.4115,0.3499,-0.6627,0.6003,0,5,1.2,0.3632,-0.0872,0,0,,,0.0447,-0.0207,,,,,,,,,,,,,,,,,pinnacle
spelad,L1,2021/22,2021-10-03,,Lille,Marseille,2,0,H,12,10,5,3,3.5231,0.5636,understat,,,,,,,,,,0.3883,0.293,0.3187,0.4291,0.2992,0.2717,1,2.54,3.52,3.1,2.34,3.46,3.68,0.4566,0.4453,-0.5106,1.1101,-0.4636,1,8,-0.375,0.0113,-0.1533,0,0,,,0.1285,-0.0028,,,,,,,,,,,,,,,,,pinnacle
spelad,L1,2021/22,2021-10-03,,Lorient,Clermont,1,1,D,6,8,1,4,0.5852,0.7747,understat,,,,,,,,,,0.3855,0.2871,0.3274,0.3913,0.2827,0.326,1,2.54,3.62,3.01,2.58,3.53,3,0.5026,0.5064,0.8933,-1.6452,0.7991,1,,,,,-1,0,,,0.013,-0.0227,,,,,,,,,,,,,,,,,pinnacle
spelad,L1,2021/22,2021-10-03,,Monaco,Bordeaux,3,0,H,12,4,4,1,1.7267,0.5748,understat,,,,,,,,,,0.6981,0.188,0.1139,0.7049,0.1849,0.1102,1,1.45,5.35,9,1.4,5.6,9.2,0.5825,0.6044,-0.4513,0.8537,-0.3466,0,7,0.8571,0.1253,-0.1178,0,0,,,0.0173,-0.0099,,,,,,,,,,,,,,,,,pinnacle
spelad,L1,2021/22,2021-10-03,,Nantes,Troyes,2,0,H,8,15,4,4,1.7104,1.6469,understat,,,,,,,,,,0.5463,0.2601,0.1936,0.539,0.2644,0.1967,1,1.87,3.78,5.07,1.85,3.88,5.19,0.4629,0.477,0.0173,0.219,0.3252,0,,,,,-1,0,,,-0.0177,-0.0175,,,,,,,,,,,,,,,,,pinnacle
spelad,L1,2021/22,2021-10-03,,Rennes,Paris SG,2,0,H,12,13,4,0,0.8782,1.3978,understat,,,,,,,,,,0.1723,0.2014,0.6263,0.1437,0.1959,0.6604,1,5.75,4.9,1.61,7.56,5.26,1.48,0.5931,0.6462,-1.08,0.4302,-1.0701,-1,7,-0.8571,0.4917,-0.0272,0,0,,,-0.0913,-0.0054,,,,,,,,,,,,,,,,,pinnacle
spelad,L1,2021/22,2021-10-03,,St Etienne,Lyon,1,1,D,18,15,6,5,2.4783,1.3481,understat,,,,,,,,,,0.2082,0.2422,0.5497,0.2163,0.2345,0.5493,1,4.7,4.28,1.85,4.84,4.33,1.82,0.6103,0.6396,-0.5999,0.4465,-0.3887,0,8,-1.875,-0.3036,-0.1201,0,0,,,0.0167,0.0028,,,,,,,,,,,,,,,,,pinnacle
spelad,L1,2021/22,2021-10-15,,Paris SG,Angers,2,1,H,13,7,2,2,2.49,1.159,understat,,,,,,,,,,0.7099,0.1788,0.1113,0.7155,0.1795,0.105,1,1.39,5.75,9.75,1.56,5.55,10,0.6088,0.5931,0.4023,-0.1476,-0.0541,0,7,3,0.462,-0.1237,0,0,,,0.0174,-0.0253,,,,,,,,,,,,,,,,,pinnacle
spelad,L1,2021/22,2021-10-16,,Clermont,Lille,1,0,H,9,9,3,2,0.4032,0.6071,understat,,,,,,,,,,0.3001,0.2819,0.418,0.303,0.2975,0.3995,1,3.31,3.56,2.36,3.29,3.54,2.45,0.4757,0.4821,0.0781,-0.4399,-0.3608,0,,,,,1,0,,,0.0245,0.0113,,,,,,,,,,,,,,,,,pinnacle
spelad,L1,2021/22,2021-10-16,,Lyon,Monaco,2,0,H,14,9,8,3,2.8171,0.5149,understat,,,,,,,,,,0.4325,0.262,0.3055,0.4637,0.274,0.2623,1,2.35,3.86,3.25,2.12,3.8,3.92,0.585,0.5779,0.2015,-0.2788,-0.0998,0,7,1.2857,0.4837,-0.2472,0,0,,,0.1055,0.0041,,,,,,,,,,,,,,,,,pinnacle
spelad,L1,2021/22,2021-10-17,,Bordeaux,Nantes,1,1,D,8,13,1,7,0.6738,1.2789,understat,,,,,,,,,,0.3372,0.3085,0.3543,0.3482,0.2895,0.3624,1,2.9,3.46,2.76,2.84,3.38,2.84,0.449,0.5204,0.101,0.0508,-0.2447,0,8,0.75,0.449,-0.0586,0,0,,,0.0139,0.0258,,,,,,,,,,,,,,,,,pinnacle
spelad,L1,2021/22,2021-10-17,,Brest,Reims,1,1,D,9,13,4,2,0.5081,1.0395,understat,,,,,,,,,,0.4059,0.3029,0.2912,0.4217,0.302,0.2764,1,2.42,3.25,3.41,2.32,3.26,3.67,0.4318,0.4307,-0.6957,0.6753,-0.7347,-1,4,0,0.231,-0.2975,0,0,,,0.0463,0.0018,,,,,,,,,,,,,,,,,pinnacle
spelad,L1,2021/22,2021-10-17,,Marseille,Lorient,4,1,H,16,15,6,7,1.7082,2.0925,understat,,,,,,,,,,0.633,0.2251,0.1419,0.6265,0.2236,0.1499,1,1.58,4.54,6.87,1.61,4.4,6.79,0.5533,0.5496,-0.6043,0.6667,-0.5029,0,,,,,0,0,,,-0.021,-0.0254,,,,,,,,,,,,,,,,,pinnacle
spelad,L1,2021/22,2021-10-17,,Metz,Rennes,0,3,A,9,21,2,8,0.9735,3.3602,understat,,,,,,,,,,0.2054,0.2716,0.5229,0.1807,0.2421,0.5773,1,4.76,3.71,1.92,5.75,4.14,1.7,0.4453,0.5217,-0.2314,0.5734,-0.2623,0,5,-1.2,-0.1316,-0.0738,0,0,,,-0.1039,-0.0029,,,,,,,,,,,,,,,,,pinnacle
spelad,L1,2021/22,2021-10-17,,Montpellier,Lens,1,0,H,15,19,6,5,1.6249,1.1903,understat,,,,,,,,,,0.3142,0.2769,0.4089,0.3387,0.2789,0.3824,1,3.2,3.7,2.41,3,3.55,2.56,0.5646,0.5459,-0.4907,-0.0387,-0.6162,-1,,,,,0,0,,,0.0755,-0.0047,,,,,,,,,,,,,,,,,pinnacle
spelad,L1,2021/22,2021-10-17,,Strasbourg,St Etienne,5,1,H,12,4,6,2,2.7105,0.931,understat,,,,,,,,,,0.4484,0.2909,0.2607,0.4425,0.2851,0.2724,1,2.19,3.56,3.75,2.28,3.5,3.63,0.5103,0.5051,0.6883,-0.9235,0.8456,1,7,-0.4286,-0.1667,0.0015,0,0,,,-0.0235,-0.0127,,,,,,,,,,,,,,,,,pinnacle
spelad,L1,2021/22,2021-10-17,,Troyes,Nice,1,0,H,8,11,3,3,1.4221,0.5133,understat,,,,,,,,,,0.222,0.264,0.5141,0.23,0.2635,0.5065,1,4.4,3.9,1.92,4.4,3.82,1.95,0.5243,0.523,-0.1969,0.1331,-0.818,-1,,,,,1,0,,,0.0236,0.008,,,,,,,,,,,,,,,,,pinnacle
spelad,L1,2021/22,2021-10-22,,St Etienne,Angers,2,2,D,17,4,6,2,1.5039,0.675,understat,,,,,,,,,,0.3307,0.2913,0.378,0.3095,0.2929,0.3976,1,2.98,3.4,2.63,3.26,3.4,2.61,0.4859,0.5,-0.4757,0.6852,-0.7763,-2,7,0.8571,0.3231,0.1359,0,0,,,-0.062,0.012,,,,,,,,,,,,,,,,,pinnacle
spelad,L1,2021/22,2021-10-23,,Lille,Brest,1,1,D,13,13,3,5,1.6786,1.1416,understat,,,,,,,,,,0.6289,0.2236,0.1475,0.6464,0.2208,0.1328,1,1.62,4.36,6.61,1.67,4.45,8.3,0.5051,0.5269,0.2956,0.5155,0.7459,1,3,0,-0.7515,0.112,0,0,,,0.0496,-0.0098,,,,,,,,,,,,,,,,,pinnacle
spelad,L1,2021/22,2021-10-23,,Nantes,Clermont,2,1,H,8,4,4,1,1.0712,0.7359,understat,,,,,,,,,,0.4289,0.2818,0.2893,0.4311,0.2853,0.2836,1,2.3,3.64,3.4,2.32,3.64,3.59,0.4757,0.4442,-0.1898,-0.4168,0.2837,-1,,,,,0,0,,,0.0101,-0.0035,,,,,,,,,,,,,,,,,pinnacle
spelad,L1,2021/22,2021-10-24,,Lens,Metz,4,1,H,11,9,5,4,2.3716,0.7901,understat,,,,,,,,,,0.5909,0.2487,0.1604,0.6771,0.2101,0.1127,1,1.69,4.2,6.08,1.49,4.7,8.65,0.5154,0.5217,0.4621,-0.1197,0.9268,0,,,,,0,0,,,0.2201,-0.0427,,,,,,,,,,,,,,,,,pinnacle
spelad,L1,2021/22,2021-10-24,,Lorient,Bordeaux,1,1,D,14,11,4,5,1.7837,1.0648,understat,,,,,,,,,,0.4697,0.2791,0.2512,0.4365,0.2927,0.2708,1,2.12,3.6,3.95,2.25,3.46,3.81,0.4694,0.4566,0.292,-0.3856,0.4259,0,,,,,0,0,,,-0.0862,0.0119,,,,,,,,,,,,,,,,,pinnacle
spelad,L1,2021/22,2021-10-24,,Marseille,Paris SG,0,0,D,15,10,1,4,1.292,2.0521,understat,,,,,,,,,,0.182,0.2197,0.5984,0.1775,0.2086,0.6139,1,5.36,4.6,1.69,6.06,4.98,1.67,0.6088,0.6445,-0.2969,-0.4514,-0.1489,-2,7,-1.7143,0.0533,-0.0264,0,0,,,-0.0245,-0.0104,,,,,,,,,,,,,,,,,pinnacle
spelad,L1,2021/22,2021-10-24,,Monaco,Montpellier,3,1,H,14,12,4,3,2.1186,1.1684,understat,,,,,,,,,,0.6512,0.2074,0.1414,0.6602,0.1994,0.1404,1,1.52,5,7.19,1.5,4.9,7.63,0.5875,0.6146,-0.0134,0.1227,-0.4729,1,8,0,-0.3687,0.232,0,0,,,0.0189,-0.0185,,,,,,,,,,,,,,,,,pinnacle
spelad,L1,2021/22,2021-10-24,,Nice,Lyon,3,2,H,17,13,7,8,1.9964,1.4173,understat,,,,,,,,,,0.3734,0.2748,0.3519,0.3263,0.2675,0.4062,1,2.7,3.87,2.82,3.23,3.69,2.55,0.5815,0.592,-0.2901,0.1555,0.4113,-1,8,0,0.7622,-0.2079,0,0,,,-0.1484,0.0146,,,,,,,,,,,,,,,,,pinnacle
spelad,L1,2021/22,2021-10-24,,Reims,Troyes,1,2,A,18,7,5,4,1.0218,0.6751,understat,,,,,,,,,,0.4255,0.3107,0.2638,0.4148,0.3178,0.2674,1,2.35,3.42,3.74,2.45,3.08,3.66,0.4175,0.3759,-0.204,0.1793,0.0024,0,,,,,0,0,,,-0.0252,-0.0293,,,,,,,,,,,,,,,,,pinnacle
spelad,L1,2021/22,2021-10-24,,Rennes,Strasbourg,1,0,H,17,8,3,2,1.3577,1.0259,understat,,,,,,,,,,0.531,0.2538,0.2152,0.5812,0.2536,0.1652,1,1.91,3.85,4.54,1.71,4.05,6.43,0.4974,0.491,-0.2551,0.4122,-0.267,0,7,0.8571,0.3516,-0.1402,0,0,,,0.1504,-0.0236,,,,,,,,,,,,,,,,,pinnacle
spelad,L1,2021/22,2021-10-27,,Nice,Marseille,1,1,D,11,7,3,1,1.505,0.3415,understat,,,,,,,,,,0.3887,0.2815,0.3298,0.3262,0.303,0.3707,1,2.54,3.62,2.97,3.29,3.48,2.68,0.5051,0.4541,-0.3272,0.9393,0.1514,0,7,-2.1429,-0.6773,-0.2743,0,0,,,-0.1658,-0.0026,,,,,,,,,,,,,,,,,pinnacle
spelad,L1,2021/22,2021-10-29,,Paris SG,Lille,2,1,H,17,11,6,3,2.3097,1.8334,understat,,,,,,,,,,0.7159,0.1786,0.1055,0.7007,0.1899,0.1094,1,1.4,5.45,9.5,1.42,5.5,9,0.5875,0.6122,0.6591,-0.8151,0.0652,-1,8,1.125,-0.2449,-0.057,0,0,,,-0.0343,-0.0161,,,,,,,,,,,,,,,,,pinnacle
spelad,L1,2021/22,2021-10-30,,Lyon,Lens,2,1,H,13,18,4,10,2.0294,2.1297,understat,,,,,,,,,,0.5716,0.2247,0.2036,0.6173,0.2139,0.1688,1,1.73,4.45,5,1.6,4.85,6.11,0.6199,0.6573,0.1481,-0.6294,-0.4237,0,,,,,0,0,,,0.1263,-0.0019,,,,,,,,,,,,,,,,,pinnacle
spelad,L1,2021/22,2021-10-30,,Metz,St Etienne,1,1,D,9,10,4,3,0.3826,0.2818,understat,,,,,,,,,,0.365,0.2819,0.3531,0.3547,0.2931,0.3522,1,2.73,3.54,2.81,2.77,3.48,2.84,0.4821,0.509,0.4651,-0.5547,0.497,-2,6,1,0.7969,-0.2895,0,0,,,-0.0196,0.0036,,,,,,,,,,,,,,,,,pinnacle
spelad,L1,2021/22,2021-10-31,,Angers,Nice,1,2,A,3,14,2,5,1.212,0.8974,understat,,,,,,,,,,0.3261,0.2811,0.3928,0.299,0.3018,0.3991,1,3.04,3.48,2.57,3.27,3.34,2.49,0.4641,0.4405,0.1556,-0.4957,-0.2837,5,8,-0.75,-0.4643,0.2054,0,0,,,-0.0603,0.0165,,,,,,,,,,,,,,,,,pinnacle
spelad,L1,2021/22,2021-10-31,,Bordeaux,Reims,3,2,H,17,12,7,8,1.9485,1.814,understat,,,,,,,,,,0.3777,0.3047,0.3176,0.3599,0.3049,0.3352,1,2.6,3.35,3.11,2.76,3.4,3,0.408,0.438,0.3865,-0.1447,-0.0676,0,5,-0.6,-0.3189,0.0954,0,0,,,-0.0533,0.0098,,,,,,,,,,,,,,,,,pinnacle
spelad,L1,2021/22,2021-10-31,,Brest,Monaco,2,0,H,7,5,3,2,1.7712,0.5073,understat,,,,,,,,,,0.2144,0.2426,0.5431,0.2239,0.2569,0.5192,1,4.6,4.03,1.82,4.85,4.1,1.88,0.5269,0.5522,-0.8645,0.4333,-0.7768,1,3,-1,0.2067,-0.2167,0,0,,,0.0429,-0.0144,,,,,,,,,,,,,,,,,pinnacle
spelad,L1,2021/22,2021-10-31,,Clermont,Marseille,0,1,A,12,9,1,4,0.7439,1.2458,understat,,,,,,,,,,0.3283,0.2623,0.4094,0.2672,0.2694,0.4634,1,3.03,3.75,2.42,3.77,3.84,2.15,0.5281,0.5345,-0.6359,1.862,-0.5432,4,,,,,0,0,,,-0.1764,0.0193,,,,,,,,,,,,,,,,,pinnacle
spelad,L1,2021/22,2021-10-31,,Montpellier,Nantes,2,0,H,19,12,10,1,1.4717,0.8566,understat,,,,,,,,,,0.4142,0.2715,0.3143,0.42,0.2921,0.2878,1,2.45,3.66,3.2,2.33,3.58,3.46,0.5204,0.4731,-0.0154,-0.2063,-0.2077,-1,7,-0.4286,-0.1771,-0.0017,0,0,,,0.0381,0.0299,,,,,,,,,,,,,,,,,pinnacle
spelad,L1,2021/22,2021-10-31,,Strasbourg,Lorient,4,0,H,15,5,6,0,3.0943,0.6662,understat,,,,,,,,,,0.4817,0.281,0.2373,0.5201,0.2731,0.2067,1,2.07,3.66,4.17,1.95,3.68,4.75,0.4694,0.4719,0.0474,-0.6844,-0.0057,0,,,,,0,0,,,0.1075,-0.0306,,,,,,,,,,,,,,,,,pinnacle
spelad,L1,2021/22,2021-10-31,,Troyes,Rennes,2,2,D,14,13,5,5,1.8001,1.5135,understat,,,,,,,,,,0.2544,0.2669,0.4788,0.2336,0.2604,0.506,1,4.16,3.73,2.05,4.23,3.82,1.97,0.4821,0.4859,0.121,0.1916,0.2609,0,,,,,0,0,,,-0.0687,0.0128,,,,,,,,,,,,,,,,,pinnacle
spelad,L1,2021/22,2021-11-05,,Lens,Troyes,4,0,H,28,14,12,6,3.1681,0.5375,understat,,,,,,,,,,0.5982,0.2305,0.1714,0.5981,0.2413,0.1606,1,1.69,4.34,5.7,1.65,4.34,6.07,0.5635,0.5296,-0.1308,0.3025,-0.0249,1,,,,,0,0,,,0.0106,-0.0248,,,,,,,,,,,,,,,,,pinnacle
spelad,L1,2021/22,2021-11-06,,Bordeaux,Paris SG,2,3,A,18,9,6,5,1.5757,1.2399,understat,,,,,,,,,,0.1045,0.1641,0.7315,0.0947,0.1535,0.7518,1,10,6.15,1.35,12,7.09,1.31,0.6573,0.678,-0.0428,-0.5123,0.142,-2,8,-2.25,-0.1987,0.0887,0,0,,,-0.0399,0.0024,,,,,,,,,,,,,,,,,pinnacle
spelad,L1,2021/22,2021-11-06,,Lille,Angers,1,1,D,11,9,6,5,1.7449,1.1506,understat,,,,,,,,,,0.5465,0.2703,0.1832,0.6091,0.24,0.1509,1,1.85,3.76,5.4,1.65,4.15,6.49,0.4478,0.5,-0.2814,0.6097,0.1802,2,8,0.375,-0.0217,-0.1524,0,0,,,0.1575,-0.0425,,,,,,,,,,,,,,,,,pinnacle
spelad,L1,2021/22,2021-11-07,,Lorient,Brest,1,2,A,9,16,3,5,1.1696,2.3499,understat,,,,,,,,,,0.387,0.294,0.3189,0.3753,0.296,0.3287,1,2.56,3.47,3.1,2.61,3.5,3.16,0.4974,0.4731,0.6005,0.2503,0.4367,0,,,,,0,0,,,-0.0332,0.0269,,,,,,,,,,,,,,,,,pinnacle
spelad,L1,2021/22,2021-11-07,,Marseille,Metz,0,0,D,15,12,3,4,1.6693,1.3605,understat,,,,,,,,,,0.688,0.189,0.123,0.6901,0.1912,0.1187,1,1.45,5.2,8,1.43,5.15,9,0.5768,0.585,0.623,-1.2959,0.397,-1,5,1.2,-0.2411,0.3709,0,0,,,0.0087,-0.0218,,,,,,,,,,,,,,,,,pinnacle
spelad,L1,2021/22,2021-11-07,,Nantes,Strasbourg,2,2,D,20,17,6,6,2.2628,1.9245,understat,,,,,,,,,,0.4045,0.2887,0.3068,0.3765,0.3078,0.3157,1,2.52,3.43,3.2,2.65,3.3,3.2,0.4442,0.42,-0.1447,0.9384,-0.1215,0,7,0.4286,0.3325,-0.2843,0,0,,,-0.0649,-0.0041,,,,,,,,,,,,,,,,,pinnacle
spelad,L1,2021/22,2021-11-07,,Nice,Montpellier,0,1,A,22,8,6,2,1.6362,0.642,understat,,,,,,,,,,0.6204,0.2108,0.1688,0.641,0.2056,0.1534,1,1.65,4.7,6,1.53,4.86,7.23,0.586,0.5815,-0.2703,0.7538,-0.1137,0,7,-0.4286,0.0213,-0.298,0,0,,,0.0566,-0.0089,,,,,,,,,,,,,,,,,pinnacle
spelad,L1,2021/22,2021-11-07,,Reims,Monaco,0,0,D,11,12,4,3,0.3371,0.9739,understat,,,,,,,,,,0.2335,0.2869,0.4796,0.2174,0.2871,0.4955,1,4.26,3.68,2.06,4.6,3.6,2.02,0.4504,0.4115,-0.5718,0.3974,0.0188,0,6,0,0.1277,0.3956,0,0,,,-0.0481,0.0045,,,,,,,,,,,,,,,,,pinnacle
spelad,L1,2021/22,2021-11-07,,Rennes,Lyon,4,1,H,25,6,12,4,3.9797,0.9531,understat,,,,,,,,,,0.3627,0.272,0.3654,0.3768,0.2721,0.3511,1,2.75,3.7,2.72,2.78,3.7,2.86,0.5896,0.5789,-0.2379,0.1334,0.2106,-1,7,0,0.606,-0.0982,0,0,,,0.0425,-0.0133,,,,,,,,,,,,,,,,,pinnacle
spelad,L1,2021/22,2021-11-07,,St Etienne,Clermont,3,2,H,18,9,4,4,2.0562,1.3034,understat,,,,,,,,,,0.379,0.2851,0.336,0.3882,0.2869,0.325,1,2.6,3.7,2.98,2.54,3.66,3.1,0.5308,0.5485,-0.3297,-0.0312,-0.3091,1,,,,,0,0,,,0.0294,0.0032,,,,,,,,,,,,,,,,,pinnacle
spelad,L1,2021/22,2021-11-19,,Monaco,Lille,2,2,D,17,15,8,8,0.9383,2.1649,understat,,,,,,,,,,0.4465,0.2928,0.2608,0.47,0.2892,0.2408,1,2.25,3.4,3.82,2.16,3.46,4.4,0.4329,0.4504,0.6409,-1.1159,0.1073,-1,7,1.2857,0.3384,0.0287,0,0,,,0.067,-0.0118,,,,,,,,,,,,,,,,,pinnacle
spelad,L1,2021/22,2021-11-20,,Paris SG,Nantes,3,1,H,14,12,7,6,1.2673,0.9988,understat,,,,,,,,,,0.7868,0.1405,0.0728,0.8152,0.126,0.0588,1,1.29,7.1,14,1.21,8.2,17,0.6396,0.714,0.3556,0.3123,-0.2857,1,8,1.5,-0.1354,-0.1556,0,0,,,0.0708,-0.0252,,,,,,,,,,,,,,,,,pinnacle
spelad,L1,2021/22,2021-11-20,,Rennes,Montpellier,2,0,H,30,4,7,2,3.9966,0.2987,understat,,,,,,,,,,0.6375,0.2084,0.1541,0.6684,0.202,0.1296,1,1.58,4.71,6.5,1.5,5.03,7.53,0.5768,0.6112,0.0024,-0.375,0.1928,0,8,1.125,0.4141,0.0771,0,0,,,0.0862,-0.0336,,,,,,,,,,,,,,,,,pinnacle
spelad,L1,2021/22,2021-11-21,,Angers,Lorient,1,0,H,8,10,4,3,1.4621,0.4207,understat,,,,,,,,,,0.4985,0.29,0.2115,0.5514,0.2561,0.1925,1,1.96,3.68,4.62,1.85,3.83,5.25,0.4185,0.4783,-0.2203,-0.0192,-0.1461,1,,,,,0,0,,,0.1247,-0.0385,,,,,,,,,,,,,,,,,pinnacle
spelad,L1,2021/22,2021-11-21,,Brest,Lens,4,0,H,13,14,5,5,1.4449,1.7144,understat,,,,,,,,,,0.2929,0.2665,0.4406,0.2681,0.2756,0.4563,1,3.34,3.67,2.3,3.67,3.57,2.36,0.5255,0.5026,-0.1385,-0.1755,-0.3368,-2,,,,,0,0,,,-0.0653,0.0359,,,,,,,,,,,,,,,,,pinnacle
spelad,L1,2021/22,2021-11-21,,Clermont,Nice,1,2,A,18,9,6,4,0.7797,0.6176,understat,,,,,,,,,,0.2836,0.2718,0.4447,0.2903,0.271,0.4387,1,3.46,3.97,2.2,3.52,3.62,2.29,0.4808,0.5269,-0.042,-0.1689,-0.548,0,,,,,0,0,,,0.0194,0.0184,,,,,,,,,,,,,,,,,pinnacle
spelad,L1,2021/22,2021-11-21,,Metz,Bordeaux,3,3,D,20,19,9,5,1.3267,2.6818,understat,,,,,,,,,,0.3973,0.2953,0.3074,0.4113,0.2948,0.2939,1,2.52,3.51,3.2,2.42,3.6,3.37,0.4566,0.4541,-0.2558,0.259,-0.4604,-1,6,-1.5,-0.3327,-0.1069,0,0,,,0.0413,0.0051,,,,,,,,,,,,,,,,,pinnacle
spelad,L1,2021/22,2021-11-21,,Strasbourg,Reims,1,1,D,21,10,3,3,2.0252,1.2589,understat,,,,,,,,,,0.4816,0.2884,0.23,0.4882,0.2959,0.216,1,2.08,3.42,4.3,2.07,3.39,4.78,0.4,0.4025,0.9429,-1.4443,0.8509,0,6,-0.5,-0.1685,-0.1446,0,0,,,0.0272,-0.0147,,,,,,,,,,,,,,,,,pinnacle
spelad,L1,2021/22,2021-11-21,,Troyes,St Etienne,0,1,A,15,14,3,4,1.1909,1.2403,understat,,,,,,,,,,0.4129,0.2887,0.2984,0.4062,0.2888,0.305,1,2.45,3.66,3.3,2.42,3.6,3.27,0.5064,0.5166,0.3177,-0.3064,0.5843,2,,,,,0,0,,,-0.02,0.007,,,,,,,,,,,,,,,,,pinnacle
spelad,L1,2021/22,2021-11-26,,Lens,Angers,2,2,D,9,12,4,5,1.6026,2.0018,understat,,,,,,,,,,0.5369,0.2715,0.1916,0.5642,0.2516,0.1842,1,1.89,3.74,5.23,1.8,3.95,5.3,0.449,0.509,-0.3299,0.6203,-0.0171,0,,,,,0,0,,,0.062,-0.0439,,,,,,,,,,,,,,,,,pinnacle
spelad,L1,2021/22,2021-11-27,,Lille,Nantes,1,1,D,10,7,3,3,1.468,0.359,understat,,,,,,,,,,0.5905,0.24,0.1695,0.5672,0.2554,0.1774,1,1.7,4.06,5.8,1.75,3.99,5.77,0.4821,0.5026,-0.2897,0.381,-0.0621,1,8,2.625,1.2122,-0.1728,0,0,,,-0.0546,-0.0139,,,,,,,,,,,,,,,,,pinnacle
spelad,L1,2021/22,2021-11-27,,Nice,Metz,0,1,A,20,4,2,1,1.3496,0.5266,understat,,,,,,,,,,0.6817,0.1973,0.1209,0.7051,0.1929,0.102,1,1.48,4.94,8.1,1.41,5.2,9.61,0.5522,0.5434,0.1883,0.594,0.4808,0,5,0,-0.3067,-0.0772,0,0,,,0.0657,-0.0235,,,,,,,,,,,,,,,,,pinnacle
spelad,L1,2021/22,2021-11-28,,Bordeaux,Brest,1,2,A,16,14,4,4,1.4572,2.2659,understat,,,,,,,,,,0.3994,0.2788,0.3219,0.4267,0.2816,0.2917,1,2.49,3.7,3.04,2.38,3.58,3.41,0.5383,0.5103,-0.2617,0.8502,-0.2692,0,4,0,-0.316,0.2178,0,0,,,0.0848,-0.0225,,,,,,,,,,,,,,,,,pinnacle
spelad,L1,2021/22,2021-11-28,,Lorient,Rennes,0,2,A,6,11,0,5,0.634,0.9892,understat,,,,,,,,,,0.2104,0.2411,0.5485,0.1936,0.2489,0.5575,1,4.75,4.11,1.81,5.51,4,1.78,0.5281,0.5166,-0.5871,0.8525,-1.1233,-1,,,,,0,0,,,-0.0427,0.0103,,,,,,,,,,,,,,,,,pinnacle
spelad,L1,2021/22,2021-11-28,,Marseille,Troyes,1,0,H,14,5,4,2,1.1532,0.1459,understat,,,,,,,,,,0.6287,0.2146,0.1567,0.6726,0.2011,0.1263,1,1.6,4.6,6.25,1.51,5,8.86,0.562,0.585,0.3651,-1.1818,-0.3594,7,,,,,0,0,,,0.1181,-0.0173,,,,,,,,,,,,,,,,,pinnacle
spelad,L1,2021/22,2021-11-28,,Monaco,Strasbourg,1,1,D,8,7,3,4,1.5822,0.9451,understat,,,,,,,,,,0.5802,0.2272,0.1926,0.5388,0.2559,0.2053,1,1.72,4.4,5.5,1.84,4.01,5.25,0.523,0.5141,0.1454,0.2475,-0.2484,2,8,-0.375,-0.5772,-0.1253,0,0,,,-0.0955,0.0014,,,,,,,,,,,,,,,,,pinnacle
spelad,L1,2021/22,2021-11-28,,Montpellier,Lyon,0,1,A,15,11,6,3,1.0218,1.1788,understat,,,,,,,,,,0.2282,0.22,0.5518,0.2343,0.2282,0.5375,1,4.5,4.5,1.82,4.42,4.5,1.86,0.6289,0.6422,0.196,-0.2023,0.7025,-7,7,0.8571,0.8247,0.1783,0,0,,,0.0264,-0.0057,,,,,,,,,,,,,,,,,pinnacle
spelad,L1,2021/22,2021-11-28,,Reims,Clermont,1,0,H,12,4,3,0,0.7076,0.27,understat,,,,,,,,,,0.3897,0.3056,0.3047,0.4314,0.2958,0.2728,1,2.55,3.36,3.21,2.38,3.38,3.84,0.4115,0.4264,0.0753,-0.7237,0.2499,0,,,,,0,0,,,0.1154,-0.0208,,,,,,,,,,,,,,,,,pinnacle
spelad,L1,2021/22,2021-11-28,,St Etienne,Paris SG,1,3,A,8,15,4,8,0.97,3.435,understat,,,,,,,,,,0.1146,0.1733,0.7121,0.1041,0.1497,0.7462,1,9.8,6.1,1.37,11.3,6.69,1.34,0.6486,0.6967,-0.6199,0.53,-0.0005,-1,7,-2.1429,-0.1568,0.1307,0,0,,,-0.0552,-0.0056,,,,,,,,,,,,,,,,,pinnacle
spelad,L1,2021/22,2021-12-01,,Angers,Monaco,1,3,A,9,14,3,8,1.033,3.5055,understat,,,,,,,,,,0.2945,0.2893,0.4161,0.2816,0.2899,0.4285,1,3.34,3.48,2.38,3.5,3.44,2.36,0.449,0.4578,-0.3306,0.6099,0.3388,2,8,-1.5,-0.2754,-0.0023,0,0,,,-0.0384,0.0198,,,,,,,,,,,,,,,,,pinnacle
spelad,L1,2021/22,2021-12-01,,Brest,St Etienne,1,0,H,8,13,3,3,1.892,0.4568,understat,,,,,,,,,,0.4615,0.2644,0.2741,0.484,0.2614,0.2546,1,2.19,3.76,3.6,2.06,3.8,3.99,0.5396,0.5646,0.3639,-1.2551,0.5996,0,4,2.25,1.3155,-0.0329,0,0,,,0.0644,-0.0149,,,,,,,,,,,,,,,,,pinnacle
spelad,L1,2021/22,2021-12-01,,Clermont,Lens,2,2,D,19,9,7,2,1.8054,0.5684,understat,,,,,,,,,,0.347,0.2631,0.3899,0.3168,0.2837,0.3995,1,2.85,3.75,2.56,3.35,3.68,2.5,0.5396,0.5269,-0.3916,0.1427,-0.6961,-2,,,,,0,0,,,-0.0702,-0.0098,,,,,,,,,,,,,,,,,pinnacle
spelad,L1,2021/22,2021-12-01,,Lyon,Reims,1,2,A,14,8,6,4,2.8505,1.0535,understat,,,,,,,,,,0.654,0.2056,0.1404,0.6406,0.2169,0.1426,1,1.54,5,7,1.56,4.9,7.3,0.5779,0.5333,0.4477,-0.1879,-0.0293,0,5,0,-0.7927,0.3642,0,0,,,-0.029,-0.0239,,,,,,,,,,,,,,,,,pinnacle
spelad,L1,2021/22,2021-12-01,,Metz,Montpellier,1,3,A,20,10,7,7,1.4754,1.4119,understat,,,,,,,,,,0.3656,0.2832,0.3512,0.3498,0.2979,0.3523,1,2.72,3.58,2.8,2.82,3.5,2.8,0.4974,0.4796,0.2065,-0.1221,-0.1089,1,6,0.5,0.54,0.2183,0,0,,,-0.0327,0.0134,,,,,,,,,,,,,,,,,pinnacle
spelad,L1,2021/22,2021-12-01,,Nantes,Marseille,0,1,A,3,15,1,5,0.1741,1.6372,understat,,,,,,,,,,0.2974,0.2828,0.4199,0.3075,0.2981,0.3943,1,3.29,3.62,2.35,3.3,3.54,2.51,0.491,0.4566,-0.4514,0.9759,0.0783,1,8,0.375,0.4323,0.0984,0,0,,,0.0459,-0.0079,,,,,,,,,,,,,,,,,pinnacle
spelad,L1,2021/22,2021-12-01,,Paris SG,Nice,0,0,D,22,4,5,2,1.6179,0.9575,understat,,,,,,,,,,0.6766,0.1828,0.1406,0.6868,0.1901,0.1231,1,1.47,5.45,7.5,1.43,5.6,8.5,0.6307,0.6223,0.5611,-0.5541,0.1371,-1,7,2.5714,0.2922,-0.0068,0,0,,,0.0378,0.0007,,,,,,,,,,,,,,,,,pinnacle
spelad,L1,2021/22,2021-12-01,,Rennes,Lille,1,2,A,10,6,2,2,0.7995,0.7081,understat,,,,,,,,,,0.47,0.2679,0.2621,0.479,0.2761,0.2449,1,2.12,3.7,3.85,2.1,3.68,4.2,0.5,0.4936,1.2577,-1.2591,1.078,-1,8,0,0.107,-0.0445,0,0,,,0.0352,0.003,,,,,,,,,,,,,,,,,pinnacle
spelad,L1,2021/22,2021-12-01,,Strasbourg,Bordeaux,5,2,H,19,13,6,2,3.4313,1.488,understat,,,,,,,,,,0.5608,0.2351,0.2041,0.5304,0.2522,0.2174,1,1.79,4.2,4.8,1.86,4,4.62,0.5333,0.5547,0.1268,-0.8185,0.1151,0,7,1.2857,0.9236,-0.2936,0,0,,,-0.0739,0,,,,,,,,,,,,,,,,,pinnacle
spelad,L1,2021/22,2021-12-01,,Troyes,Lorient,2,0,H,10,9,3,3,1.1218,0.4337,understat,,,,,,,,,,0.4043,0.2956,0.3001,0.4288,0.2981,0.2731,1,2.45,3.46,3.27,2.37,3.37,3.58,0.4453,0.4578,0.4842,-0.441,0.6422,0,,,,,0,0,,,0.0761,-0.024,,,,,,,,,,,,,,,,,pinnacle
spelad,L1,2021/22,2021-12-04,,Lens,Paris SG,1,1,D,18,13,7,6,0.8244,2.2913,understat,,,,,,,,,,0.2017,0.2174,0.581,0.1919,0.2242,0.5839,1,5.25,4.5,1.7,5.58,4.46,1.71,0.6069,0.592,-0.6303,0.0804,-0.0974,0,,,,,0,0,,,-0.0223,0.007,,,,,,,,,,,,,,,,,pinnacle
spelad,L1,2021/22,2021-12-04,,Lille,Troyes,2,1,H,13,7,4,3,1.7941,0.29,understat,,,,,,,,,,0.6685,0.2051,0.1264,0.6165,0.2364,0.1471,1,1.52,4.8,8,1.63,4.41,7,0.5281,0.491,-0.5735,0.4096,-0.4403,0,,,,,0,0,,,-0.1248,-0.0161,,,,,,,,,,,,,,,,,pinnacle
spelad,L1,2021/22,2021-12-04,,Marseille,Brest,1,2,A,16,9,4,4,1.9228,1.5539,understat,,,,,,,,,,0.5991,0.2266,0.1744,0.5728,0.2264,0.2008,1,1.65,4.53,6,1.7,4.55,6.43,0.5657,0.5573,-0.1259,0.3395,-0.7487,0,3,3,1.1265,-0.2611,0,0,,,-0.079,0.1005,,,,,,,,,,,,,,,,,pinnacle
spelad,L1,2021/22,2021-12-05,,Bordeaux,Lyon,2,2,D,12,19,5,5,2.6009,1.8467,understat,,,,,,,,,,0.2049,0.2247,0.5704,0.2087,0.2331,0.5582,1,5,4.5,1.72,5.19,4.33,1.77,0.6289,0.6355,-0.3255,0.3586,0.1731,0,8,-0.75,0.0642,0.2568,0,0,,,0.0198,-0.0059,,,,,,,,,,,,,,,,,pinnacle
spelad,L1,2021/22,2021-12-05,,Lorient,Nantes,0,1,A,17,5,2,1,0.6197,0.2689,understat,,,,,,,,,,0.3283,0.3146,0.3571,0.3533,0.3116,0.3351,1,3.02,3.34,2.74,2.83,3.27,3.16,0.4232,0.4289,-0.6955,1.0418,-0.761,0,,,,,0,0,,,0.0718,0.004,,,,,,,,,,,,,,,,,pinnacle
spelad,L1,2021/22,2021-12-05,,Monaco,Metz,4,0,H,8,6,5,0,1.9142,0.5477,understat,,,,,,,,,,0.7026,0.1878,0.1096,0.6967,0.1924,0.111,1,1.41,5.3,9.52,1.44,5.1,9.31,0.5584,0.5754,0.0832,-0.2169,-0.0939,0,5,1.8,0.3928,-0.2273,0,0,,,-0.0132,-0.0259,,,,,,,,,,,,,,,,,pinnacle
spelad,L1,2021/22,2021-12-05,,Montpellier,Clermont,1,0,H,8,10,2,3,0.8559,0.3942,understat,,,,,,,,,,0.4492,0.2661,0.2847,0.4794,0.2717,0.2489,1,2.19,3.82,3.44,2.11,3.69,3.97,0.5533,0.5255,1.0537,-1.0508,1.1241,0,,,,,0,0,,,0.0963,-0.0212,,,,,,,,,,,,,,,,,pinnacle
spelad,L1,2021/22,2021-12-05,,Nice,Strasbourg,0,3,A,12,15,5,5,1.3682,2.7263,understat,,,,,,,,,,0.5122,0.268,0.2198,0.5027,0.2811,0.2162,1,1.92,3.86,4.52,1.98,3.68,4.9,0.509,0.4834,-0.0977,0.8334,-0.3981,0,7,-0.8571,-0.3228,-0.1505,0,0,,,-0.0153,-0.0014,,,,,,,,,,,,,,,,,pinnacle
spelad,L1,2021/22,2021-12-05,,Reims,Angers,1,2,A,5,13,2,4,1.3427,1.7715,understat,,,,,,,,,,0.3951,0.3192,0.2857,0.4196,0.3238,0.2566,1,2.53,3.15,3.43,2.45,3.17,4.13,0.361,0.3553,0.2315,-0.3429,0.0539,0,6,0,-0.0879,0.3531,0,0,,,0.0781,-0.0087,,,,,,,,,,,,,,,,,pinnacle
spelad,L1,2021/22,2021-12-05,,St Etienne,Rennes,0,5,A,12,18,2,10,0.3579,3.1151,understat,,,,,,,,,,0.2271,0.2523,0.5206,0.2408,0.2679,0.4913,1,4.35,3.96,1.89,4.47,3.8,2,0.523,0.5345,-0.573,0.6122,-0.6348,0,7,-0.8571,-0.3163,0.1354,0,0,,,0.0568,0.001,,,,,,,,,,,,,,,,,pinnacle
spelad,L1,2021/22,2021-12-10,,Nantes,Lens,3,2,H,15,4,5,2,1.4367,0.8407,understat,,,,,,,,,,0.3485,0.2967,0.3548,0.3486,0.3052,0.3462,1,2.86,3.4,2.76,3.01,3.34,2.89,0.4318,0.4185,0.3181,0.0535,0.3899,-1,,,,,0,0,,,0.0089,-0.0051,,,,,,,,,,,,,,,,,pinnacle
spelad,L1,2021/22,2021-12-11,,Brest,Montpellier,0,4,A,17,9,6,4,0.6914,1.6765,understat,,,,,,,,,,0.4634,0.2635,0.2731,0.4408,0.2796,0.2796,1,2.18,3.84,3.6,2.27,3.7,3.51,0.532,0.5179,0.1833,-0.0835,0.5681,1,3,-1,-0.4553,0.4032,0,0,,,-0.0516,-0.0067,,,,,,,,,,,,,,,,,pinnacle
spelad,L1,2021/22,2021-12-11,,Reims,St Etienne,2,0,H,17,4,6,0,2.7175,0.1194,understat,,,,,,,,,,0.4448,0.2983,0.2568,0.4131,0.3118,0.275,1,2.25,3.4,3.88,2.38,3.44,3.75,0.4115,0.4293,-0.1257,-0.5676,0.0127,0,6,0,0.0985,0.0307,0,0,,,-0.0815,0.0225,,,,,,,,,,,,,,,,,pinnacle
spelad,L1,2021/22,2021-12-12,,Angers,Clermont,0,1,A,12,17,3,3,1.5268,1.7067,understat,,,,,,,,,,0.4684,0.2813,0.2504,0.4749,0.2894,0.2357,1,2.12,3.6,3.92,2.06,3.56,4.24,0.4578,0.4629,0.5825,-0.5936,0.6712,0,,,,,0,0,,,0.0276,-0.0061,,,,,,,,,,,,,,,,,pinnacle
spelad,L1,2021/22,2021-12-12,,Lille,Lyon,0,0,D,14,13,2,2,2.156,0.4221,understat,,,,,,,,,,0.4144,0.2629,0.3227,0.4653,0.2707,0.2641,1,2.47,3.8,3.05,2.18,3.69,3.75,0.5657,0.5333,-0.5411,0.6176,0.1256,1,8,1.5,0.9628,0.2416,0,0,,,0.1605,-0.0159,,,,,,,,,,,,,,,,,pinnacle
spelad,L1,2021/22,2021-12-12,,Metz,Lorient,4,1,H,5,17,3,6,1.1423,1.7068,understat,,,,,,,,,,0.384,0.3032,0.3128,0.4066,0.3052,0.2882,1,2.55,3.4,3.2,2.61,3.22,3.43,0.4453,0.4318,0.8516,-0.8023,0.8257,0,,,,,0,0,,,0.0698,-0.0433,,,,,,,,,,,,,,,,,pinnacle
spelad,L1,2021/22,2021-12-12,,Paris SG,Monaco,2,0,H,9,13,2,3,1.9029,0.8155,understat,,,,,,,,,,0.6632,0.1915,0.1453,0.6643,0.1911,0.1447,1,1.49,5.14,7.5,1.51,5.26,7.75,0.6316,0.6413,0.3583,0.3528,0.2494,1,8,1.125,-0.291,-0.038,0,0,,,0.0028,-0.0054,,,,,,,,,,,,,,,,,pinnacle
spelad,L1,2021/22,2021-12-12,,Rennes,Nice,1,2,A,20,7,8,3,1.6077,1.8035,understat,,,,,,,,,,0.5031,0.2582,0.2386,0.5062,0.2677,0.2261,1,2,3.86,4.1,1.95,3.85,4.5,0.5103,0.5026,0.3961,-0.7131,0.7081,0,8,-1.125,-0.7612,0.0894,0,0,,,0.0186,-0.0092,,,,,,,,,,,,,,,,,pinnacle
spelad,L1,2021/22,2021-12-12,,Strasbourg,Marseille,0,2,A,11,8,3,3,1.7897,0.7089,understat,,,,,,,,,,0.3858,0.2865,0.3277,0.42,0.2887,0.2913,1,2.57,3.56,3,2.4,3.5,3.36,0.4936,0.4949,-0.3068,-0.2968,0.3712,-1,7,-1.7143,-0.4609,0.1705,0,0,,,0.105,-0.0241,,,,,,,,,,,,,,,,,pinnacle
spelad,L1,2021/22,2021-12-12,,Troyes,Bordeaux,1,2,A,21,8,3,4,1.2692,1.1399,understat,,,,,,,,,,0.4273,0.278,0.2947,0.4257,0.2838,0.2905,1,2.3,3.72,3.33,2.3,3.6,3.63,0.5333,0.532,0.5436,-0.3948,0.4569,1,,,,,0,0,,,0.001,0.0321,,,,,,,,,,,,,,,,,pinnacle
spelad,L1,2021/22,2021-12-22,,Bordeaux,Lille,2,3,A,12,12,3,3,1.0092,1.2312,understat,,,,,,,,,,0.2212,0.2427,0.5361,0.2525,0.2662,0.4813,1,4.55,4.1,1.87,4.33,3.88,2.06,0.5422,0.5496,0.3172,-0.3947,0.2366,0,7,-0.8571,-0.1391,-0.1335,0,0,,,0.1172,-0.0096,,,,,,,,,,,,,,,,,pinnacle
spelad,L1,2021/22,2021-12-22,,Lorient,Paris SG,1,1,D,17,17,5,4,1.4767,2.1993,understat,,,,,,,,,,0.1166,0.1785,0.7049,0.1472,0.2139,0.6389,1,8.5,5.5,1.4,7.9,4.9,1.56,0.6122,0.5682,-1.3132,1.3865,-1.0147,0,,,,,0,0,,,0.1271,-0.0007,,,,,,,,,,,,,,,,,pinnacle
spelad,L1,2021/22,2021-12-22,,Lyon,Metz,1,1,D,18,6,6,2,2.7903,0.3539,understat,,,,,,,,,,0.7118,0.1729,0.1153,0.7175,0.1784,0.1041,1,1.4,5.7,9,1.42,5.52,10.8,0.6502,0.5885,-0.1398,-0.0128,-0.4518,0,6,2,0.2924,-0.1969,0,0,,,0.0224,-0.0185,,,,,,,,,,,,,,,,,pinnacle
spelad,L1,2021/22,2021-12-22,,Marseille,Reims,1,1,D,14,7,5,2,1.7053,1.0569,understat,,,,,,,,,,0.581,0.2509,0.168,0.6461,0.2212,0.1327,1,1.74,3.92,6.1,1.61,4.41,7.35,0.4416,0.5128,0.3766,-0.2467,0.1549,-1,5,-0.6,-0.7778,0.1178,0,0,,,0.1653,-0.0854,,,,,,,,,,,,,,,,,pinnacle
spelad,L1,2021/22,2021-12-22,,Monaco,Rennes,2,1,H,11,16,3,6,1.6282,1.2949,understat,,,,,,,,,,0.4296,0.2699,0.3005,0.4292,0.2812,0.2895,1,2.32,3.64,3.4,2.34,3.58,3.4,0.5179,0.5026,-0.1167,-0.0366,-0.4093,0,7,0.4286,-0.1565,0.0281,0,0,,,0.0101,-0.0028,,,,,,,,,,,,,,,,,pinnacle
spelad,L1,2021/22,2021-12-22,,Montpellier,Angers,4,1,H,9,13,6,6,0.9988,0.747,understat,,,,,,,,,,0.4389,0.2922,0.2689,0.484,0.277,0.239,1,2.27,3.47,3.67,2.1,3.65,4.1,0.4885,0.4974,0.8311,-1.1136,0.9363,1,8,0,-0.2498,0.1926,0,0,,,0.12,-0.0231,,,,,,,,,,,,,,,,,pinnacle
spelad,L1,2021/22,2021-12-22,,Nice,Lens,2,1,H,9,8,3,4,0.8662,1.7223,understat,,,,,,,,,,0.4569,0.281,0.2621,0.4749,0.2703,0.2548,1,2.17,3.55,3.75,2.06,3.76,3.9,0.5166,0.5371,0.1883,0.3498,0.2641,-2,,,,,0,0,,,0.0434,-0.0035,,,,,,,,,,,,,,,,,pinnacle
spelad,L1,2021/22,2021-12-22,,St Etienne,Nantes,0,1,A,13,8,6,3,1.0075,0.7913,understat,,,,,,,,,,0.368,0.2862,0.3459,0.3974,0.3036,0.299,1,2.75,3.5,2.89,2.65,3.38,3.27,0.4783,0.4253,-0.1874,0.1015,-0.3363,-1,8,0.75,0.2537,0.2058,0,0,,,0.1058,-0.0375,,,,,,,,,,,,,,,,,pinnacle
spelad,L1,2021/22,2021-12-22,,Troyes,Brest,1,1,D,15,8,4,2,1.0592,0.6611,understat,,,,,,,,,,0.3764,0.293,0.3306,0.3832,0.3016,0.3152,1,2.6,3.62,3,2.6,3.38,3.14,0.5064,0.4478,-0.9553,0.5048,-1.4381,-1,,,,,0,0,,,0.029,-0.0018,,,,,,,,,,,,,,,,,pinnacle
spelad,L1,2021/22,2022-01-07,,Bordeaux,Marseille,0,1,A,6,18,2,6,0.4131,2.1562,understat,,,,,,,,,,0.1787,0.2188,0.6024,0.1859,0.2342,0.5799,1,6.05,4.7,1.64,5.29,4.4,1.75,0.6088,0.5965,-0.6694,0.6778,-0.15,0,9,-1,-0.2729,0.1684,0,0,,,0.0369,0.0431,,,,,,,,,,,,,,,,,pinnacle
spelad,L1,2021/22,2022-01-08,,Lens,Rennes,1,0,H,11,5,4,0,0.58,0.3282,understat,,,,,,,,,,0.3447,0.2789,0.3765,0.3732,0.2801,0.3467,1,3.02,3.62,2.61,2.75,3.6,2.82,0.5166,0.5459,-0.3516,0.3806,-0.5381,0,3,1,0.5502,0.3817,0,0,,,0.0868,-0.0141,,,,,,,,,,,,,,,,,pinnacle
spelad,L1,2021/22,2022-01-09,,Brest,Nice,0,3,A,26,9,10,4,1.6174,1.4495,understat,,,,,,,,,,0.3231,0.2838,0.3932,0.3572,0.2895,0.3533,1,3.05,3.6,2.49,2.95,3.5,2.77,0.4949,0.4783,0.45,-0.3744,1.0843,0,5,-0.6,-0.1739,0.1393,0,0,,,0.108,-0.0321,,,,,,,,,,,,,,,,,pinnacle
spelad,L1,2021/22,2022-01-09,,Clermont,Reims,0,0,D,12,7,7,2,0.7629,0.8085,understat,,,,,,,,,,0.3977,0.3058,0.2965,0.3916,0.3118,0.2967,1,2.49,3.26,3.5,2.53,3.22,3.47,0.3777,0.3931,-0.9784,0.9332,-0.974,7,,,,,0,0,,,-0.0125,0.0129,,,,,,,,,,,,,,,,,pinnacle
spelad,L1,2021/22,2022-01-09,,Lyon,Paris SG,1,1,D,11,15,4,3,1.036,1.1287,understat,,,,,,,,,,0.2592,0.2319,0.5089,0.3065,0.2651,0.4283,1,3.92,4.35,1.95,3.35,3.94,2.34,0.6361,0.5865,-0.5588,0.2981,-0.6196,0,9,-1,0.2866,-0.1952,0,0,,,0.1752,0.0017,,,,,,,,,,,,,,,,,pinnacle
spelad,L1,2021/22,2022-01-09,,Metz,Strasbourg,0,2,A,7,19,1,7,0.2706,3.7038,understat,,,,,,,,,,0.1985,0.2516,0.5499,0.1984,0.2521,0.5495,1,5,4,1.87,5.15,4.03,1.8,0.5,0.5064,0.6753,-0.4949,0.1215,-7,7,0,0.1721,0.1301,0,0,,,0.0001,0.0067,,,,,,,,,,,,,,,,,pinnacle
spelad,L1,2021/22,2022-01-09,,Nantes,Monaco,0,0,D,8,9,4,1,0.365,0.6948,understat,,,,,,,,,,0.2633,0.2995,0.4372,0.2339,0.2868,0.4793,1,3.72,3.48,2.29,4.45,3.5,2.05,0.438,0.4354,0.3343,0.0054,0.4299,0,8,-1.875,-0.4632,-0.137,0,0,,,-0.1008,0.0091,,,,,,,,,,,,,,,,,pinnacle
spelad,L1,2021/22,2022-01-14,,Nice,Nantes,2,1,H,13,11,5,3,2.2769,0.3966,understat,,,,,,,,,,0.5642,0.2596,0.1762,0.5454,0.2597,0.1949,1,1.77,3.92,5.6,1.8,3.9,5.5,0.4541,0.5141,-0.1279,0.0764,-0.3448,0,8,1.5,0.8229,-0.0448,0,0,,,-0.0562,-0.0008,,,,,,,,,,,,,,,,,pinnacle
spelad,L1,2021/22,2022-01-15,,Paris SG,Brest,2,0,H,20,6,9,3,2.7095,0.7246,understat,,,,,,,,,,0.7791,0.1422,0.0787,0.769,0.1491,0.0819,1,1.27,7.5,14.43,1.31,6.8,13.75,0.6913,0.6605,-0.3605,-0.1428,-0.8986,0,4,3,0.5285,-0.134,0,0,,,-0.0235,-0.0294,,,,,,,,,,,,,,,,,pinnacle
spelad,L1,2021/22,2022-01-15,,St Etienne,Lens,1,2,A,13,14,4,4,0.9509,0.7469,understat,,,,,,,,,,0.2489,0.2683,0.4829,0.2265,0.2529,0.5206,1,4,3.72,2.1,4.33,3.88,1.96,0.5013,0.5306,0.2577,-0.0809,0.0712,7,3,-2,-0.7481,0.0503,0,0,,,-0.0824,0.0177,,,,,,,,,,,,,,,,,pinnacle
spelad,L1,2021/22,2022-01-16,,Lorient,Angers,0,0,D,14,5,4,0,0.4806,0.5547,understat,,,,,,,,,,0.3968,0.3016,0.3016,0.4631,0.2857,0.2512,1,2.5,3.42,3.26,2.38,3.46,4,0.4362,0.4069,-0.4912,0.6018,-0.7188,0,3,-1,-0.1267,-0.2682,0,0,,,0.183,-0.0578,,,,,,,,,,,,,,,,,pinnacle
spelad,L1,2021/22,2022-01-16,,Marseille,Lille,1,1,D,22,5,7,4,1.6274,0.9669,understat,,,,,,,,,,0.4208,0.2758,0.3034,0.4243,0.2891,0.2866,1,2.43,3.57,3.28,2.35,3.56,3.54,0.4716,0.491,0.548,-0.4827,0.1457,-7,9,0,0.0024,-0.1695,0,0,,,0.0238,0.0003,,,,,,,,,,,,,,,,,pinnacle
spelad,L1,2021/22,2022-01-16,,Monaco,Clermont,4,0,H,20,6,10,1,4.2588,0.2489,understat,,,,,,,,,,0.6589,0.2025,0.1386,0.6408,0.2244,0.1347,1,1.53,4.8,7.11,1.53,4.7,7.6,0.545,0.5128,0.6179,-0.6147,0.5253,0,,,,,0,0,,,-0.0322,0.002,,,,,,,,,,,,,,,,,pinnacle
spelad,L1,2021/22,2022-01-16,,Reims,Metz,0,1,A,14,17,2,5,0.6519,0.7134,understat,,,,,,,,,,0.551,0.2599,0.1891,0.5556,0.2778,0.1666,1,1.85,3.76,5.25,1.82,3.7,5.96,0.4203,0.4045,-0.0427,0.2535,0.2797,0,5,-1.2,-0.8159,0.2742,0,0,,,0.0317,-0.0444,,,,,,,,,,,,,,,,,pinnacle
spelad,L1,2021/22,2022-01-16,,Rennes,Bordeaux,6,0,H,19,5,11,1,4.0784,0.4126,understat,,,,,,,,,,0.6843,0.1957,0.12,0.6789,0.1928,0.1283,1,1.46,5.2,8.2,1.46,5.15,7.75,0.6201,0.6316,0.2465,-0.3064,0.2085,-1,8,0.75,0.2116,-0.0355,0,0,,,-0.0191,-0.0234,,,,,,,,,,,,,,,,,pinnacle
spelad,L1,2021/22,2022-01-16,,Strasbourg,Montpellier,3,1,H,19,9,8,5,1.4597,1.0292,understat,,,,,,,,,,0.4669,0.2801,0.253,0.4616,0.2828,0.2555,1,2.13,3.8,3.92,2.12,3.57,3.97,0.5323,0.4974,-1.0873,1.5791,-0.6614,-7,9,-1,-0.5058,0.148,0,0,,,-0.013,0.0166,,,,,,,,,,,,,,,,,pinnacle
spelad,L1,2021/22,2022-01-16,,Troyes,Lyon,0,1,A,6,19,2,8,0.4853,3.0267,understat,,,,,,,,,,0.1959,0.2361,0.568,0.2098,0.2514,0.5389,1,5.5,4.2,1.8,5,4.02,1.85,0.5424,0.5584,-0.4005,0.2035,-0.0237,7,3,-3,-0.4674,-0.1623,0,0,,,0.0569,0.014,,,,,,,,,,,,,,,,,pinnacle
spelad,L1,2021/22,2022-01-19,,Clermont,Strasbourg,0,2,A,7,15,1,5,0.3484,1.749,understat,,,,,,,,,,0.3055,0.266,0.4285,0.2685,0.302,0.4295,1,3.24,3.69,2.36,3.84,3.55,2.28,0.4961,0.4104,-0.4958,0.3543,-0.888,0,,,,,0,0,,,-0.0751,-0.0021,,,,,,,,,,,,,,,,,pinnacle
spelad,L1,2021/22,2022-01-19,,Lille,Lorient,3,1,H,13,18,5,5,1.5863,1.218,understat,,,,,,,,,,0.6414,0.2148,0.1438,0.6328,0.2261,0.141,1,1.57,4.6,6.9,1.6,4.4,7,0.5232,0.4949,0.7313,-0.527,1.052,0,3,1,0.1729,-0.2709,0,0,,,-0.0144,-0.0234,,,,,,,,,,,,,,,,,pinnacle
spelad,L1,2021/22,2022-01-19,,Montpellier,Troyes,0,1,A,11,13,2,5,0.5751,0.5485,understat,,,,,,,,,,0.5516,0.2309,0.2174,0.5667,0.2455,0.1878,1,1.81,4.3,4.7,1.76,4,5.2,0.5206,0.5115,1.1081,-1.2659,1.352,0,3,1,0.1088,0.3886,0,0,,,0.0597,-0.0312,,,,,,,,,,,,,,,,,pinnacle
spelad,L1,2021/22,2022-01-21,,Lyon,St Etienne,1,0,H,11,4,4,1,2.1901,0.243,understat,,,,,,,,,,0.6874,0.1854,0.1271,0.6925,0.1889,0.1186,1,1.43,5.5,8.5,1.44,5.33,8.7,0.6186,0.6103,-0.1062,0.1697,-0.1201,-1,9,1.6667,0.2786,-0.0217,0,0,,,0.0186,-0.016,,,,,,,,,,,,,,,,,pinnacle
spelad,L1,2021/22,2022-01-22,,Brest,Lille,2,0,H,9,17,3,5,1.2939,1.375,understat,,,,,,,,,,0.2924,0.2616,0.446,0.3002,0.287,0.4129,1,3.4,3.8,2.25,3.4,3.5,2.37,0.509,0.4974,0.1835,-0.0008,0.0415,4,4,0,0.5749,0.2788,0,0,,,0.0487,-0.0203,,,,,,,,,,,,,,,,,pinnacle
spelad,L1,2021/22,2022-01-22,,Lens,Marseille,0,2,A,9,10,3,7,0.6181,1.3549,understat,,,,,,,,,,0.3798,0.2668,0.3534,0.3865,0.281,0.3326,1,2.66,3.7,2.85,2.63,3.67,2.98,0.5142,0.509,-0.0841,0.0444,-0.3374,1,3,2,1.201,0.0535,0,0,,,0.0342,-0.005,,,,,,,,,,,,,,,,,pinnacle
spelad,L1,2021/22,2022-01-23,,Angers,Troyes,2,1,H,10,11,3,6,2.2972,1.6368,understat,,,,,,,,,,0.4715,0.3098,0.2187,0.465,0.3042,0.2308,1,2.15,3.3,4.5,2.15,3.25,4.59,0.4005,0.3844,0.0172,0.5448,0.2086,3,3,0,-0.2511,0.0372,0,0,,,-0.0252,-0.0138,,,,,,,,,,,,,,,,,pinnacle
spelad,L1,2021/22,2022-01-23,,Bordeaux,Strasbourg,4,3,H,13,18,6,6,1.6539,1.4904,understat,,,,,,,,,,0.2415,0.2555,0.503,0.2177,0.2373,0.5449,1,4.1,3.94,2.02,4.6,4.11,1.83,0.5725,0.5718,-0.49,0.6027,-0.9922,3,8,-1.5,-0.6643,-0.2885,0,0,,,-0.0894,0.0129,,,,,,,,,,,,,,,,,pinnacle
spelad,L1,2021/22,2022-01-23,,Clermont,Rennes,2,1,H,12,13,4,4,1.0984,2.4911,understat,,,,,,,,,,0.2355,0.2508,0.5137,0.2083,0.2578,0.5339,1,4.25,4,1.94,4.75,3.87,1.84,0.5116,0.4936,-0.0794,0.5546,-0.2073,-3,,,,,0,0,,,-0.0747,0.0148,,,,,,,,,,,,,,,,,pinnacle
spelad,L1,2021/22,2022-01-23,,Metz,Nice,0,2,A,8,7,1,6,0.2339,1.9467,understat,,,,,,,,,,0.19,0.2553,0.5547,0.1913,0.2656,0.5431,1,5.25,4,1.81,5.69,3.77,1.83,0.5311,0.5026,-0.0032,-0.4435,-0.0513,-2,6,0.5,0.7368,-0.0965,0,0,,,0.0142,-0.0003,,,,,,,,,,,,,,,,,pinnacle
spelad,L1,2021/22,2022-01-23,,Montpellier,Monaco,3,2,H,15,17,7,7,2.2292,1.2425,understat,,,,,,,,,,0.2551,0.2778,0.4671,0.2279,0.2694,0.5027,1,3.85,3.75,2.18,4.45,3.75,1.99,0.5013,0.5026,0.1018,-0.5573,0.0082,-3,9,-0.3333,0.0525,0.1841,0,0,,,-0.0901,0.0165,,,,,,,,,,,,,,,,,pinnacle
spelad,L1,2021/22,2022-01-23,,Nantes,Lorient,4,2,H,12,15,8,6,1.4026,2.0314,understat,,,,,,,,,,0.4515,0.3087,0.2398,0.4203,0.3129,0.2668,1,2.21,3.3,4.28,2.33,3.2,3.84,0.398,0.4035,1.3655,-1.5859,1.1612,5,3,2,0.9318,0.0179,0,0,,,-0.0895,0.0038,,,,,,,,,,,,,,,,,pinnacle
spelad,L1,2021/22,2022-01-23,,Paris SG,Reims,4,0,H,22,7,8,3,2.9534,0.3445,understat,,,,,,,,,,0.8012,0.1362,0.0627,0.7888,0.1497,0.0615,1,1.25,7.5,17.51,1.27,6.75,17,0.606,0.5804,-0.1933,0.4211,-0.4286,1,6,1,-0.5114,-0.1312,0,0,,,-0.0236,-0.0229,,,,,,,,,,,,,,,,,pinnacle
spelad,L1,2021/22,2022-01-26,,Angers,St Etienne,0,1,A,7,8,4,5,0.3541,0.3524,understat,,,,,,,,,,0.4417,0.2812,0.2772,0.4345,0.3027,0.2628,1,2.25,3.5,3.62,2.25,3.46,3.75,0.4203,0.4115,0.2933,0.1791,0.6753,-2,8,-0.75,-0.4623,0.2073,0,0,,,0,-0.0035,,,,,,,,,,,,,,,,,pinnacle
spelad,L1,2021/22,2022-02-01,,Lyon,Marseille,2,1,H,12,9,4,1,1.5519,1.122,understat,,,,,,,,,,0.3386,0.2921,0.3693,0.333,0.2976,0.3694,1,2.9,3.48,2.7,3.05,3.4,2.65,0.4641,0.4604,-0.4368,0.5938,-0.6023,1,7,1.2857,0.4402,0.0297,0,0,,,-0.0114,-0.0162,,,,,,,,,,,,,,,,,pinnacle
spelad,L1,2021/22,2022-02-04,,Marseille,Angers,5,2,H,18,4,8,2,2.3472,0.6869,understat,,,,,,,,,,0.645,0.2308,0.1242,0.6569,0.2245,0.1186,1,1.54,4.38,7.84,1.57,4.45,8.2,0.4655,0.4987,0.3074,-0.4437,0.3896,-6,9,0.3333,-0.4642,0.3987,0,0,,,0.0295,-0.0656,,,,,,,,,,,,,,,,,pinnacle
spelad,L1,2021/22,2022-02-05,,Monaco,Lyon,2,0,H,10,19,6,5,2.2897,1.3068,understat,,,,,,,,,,0.4857,0.2619,0.2524,0.4506,0.277,0.2724,1,2.06,3.85,3.9,2.22,3.8,3.76,0.5476,0.5371,0.1751,-0.687,0.1853,7,8,-1.5,-0.3395,-0.2506,0,0,,,-0.0902,-0.0046,,,,,,,,,,,,,,,,,pinnacle
spelad,L1,2021/22,2022-02-05,,St Etienne,Montpellier,3,1,H,27,3,8,2,2.1229,0.6984,understat,,,,,,,,,,0.3442,0.308,0.3479,0.3961,0.2982,0.3057,1,2.85,3.48,2.8,2.5,3.46,3.26,0.4845,0.4453,-0.6477,0.7694,-1.1109,-3,9,-1,-0.4923,-0.0678,0,0,,,0.146,0.006,,,,,,,,,,,,,,,,,pinnacle
spelad,L1,2021/22,2022-02-06,,Lille,Paris SG,1,5,A,10,18,5,7,0.8638,3.0381,understat,,,,,,,,,,0.237,0.2525,0.5104,0.1766,0.2346,0.5887,1,4.5,3.92,1.95,5.87,4.3,1.83,0.5412,0.5536,0.3051,0.0222,0.4027,1,9,-1.3333,0.2108,-0.0718,0,0,,,-0.1991,0.0475,,,,,,,,,,,,,,,,,pinnacle
spelad,L1,2021/22,2022-02-06,,Lorient,Lens,2,0,H,8,8,3,0,1.5701,0.3922,understat,,,,,,,,,,0.2794,0.277,0.4435,0.2802,0.2982,0.4216,1,3.5,3.64,2.25,3.49,3.45,2.45,0.4935,0.4668,-1.0796,1.6085,-0.5402,-1,3,-2,-0.8239,0.0568,0,0,,,0.0235,0.034,,,,,,,,,,,,,,,,,pinnacle
spelad,L1,2021/22,2022-02-06,,Nice,Clermont,0,1,A,7,14,3,5,0.6985,1.2993,understat,,,,,,,,,,0.6172,0.2224,0.1605,0.5822,0.2489,0.1689,1,1.65,4.5,6.2,1.7,4.19,5.8,0.5258,0.5064,0.4399,-0.2624,0.5037,0,,,,,0,0,,,-0.0784,-0.025,,,,,,,,,,,,,,,,,pinnacle
spelad,L1,2021/22,2022-02-06,,Reims,Bordeaux,5,0,H,16,6,7,0,2.0599,0.1206,understat,,,,,,,,,,0.4464,0.2808,0.2729,0.5059,0.266,0.2281,1,2.2,3.6,3.81,2.1,3.69,4.28,0.4742,0.5064,0.2232,-0.3586,0.287,0,6,0,-0.0322,0.0286,0,0,,,0.1637,-0.0558,,,,,,,,,,,,,,,,,pinnacle
spelad,L1,2021/22,2022-02-06,,Rennes,Brest,2,0,H,19,5,8,1,2.7754,0.2207,understat,,,,,,,,,,0.6466,0.2054,0.148,0.6508,0.2122,0.1369,1,1.56,4.8,7.2,1.52,4.7,7.85,0.559,0.5345,-1.0065,-0.389,-1.0288,-1,5,1.2,0.0947,0.3268,0,0,,,0.0196,-0.012,,,,,,,,,,,,,,,,,pinnacle
spelad,L1,2021/22,2022-02-06,,Strasbourg,Nantes,1,0,H,13,10,3,2,1.3282,0.2618,understat,,,,,,,,,,0.5433,0.2473,0.2093,0.5035,0.2823,0.2142,1,1.86,4,4.8,1.95,3.76,4.9,0.482,0.4694,-0.8512,1.0285,-0.1177,0,8,-0.375,-0.074,-0.1623,0,0,,,-0.0845,0.0064,,,,,,,,,,,,,,,,,pinnacle
spelad,L1,2021/22,2022-02-06,,Troyes,Metz,0,0,D,9,6,2,0,0.4351,0.5668,understat,,,,,,,,,,0.4908,0.2762,0.233,0.433,0.3068,0.2603,1,2.07,3.6,4.2,2.34,3.37,3.77,0.445,0.4035,-0.7254,0.3359,-0.5861,0,3,3,1.7707,-0.2929,0,0,,,-0.1429,-0.0143,,,,,,,,,,,,,,,,,pinnacle
spelad,L1,2021/22,2022-02-11,,Paris SG,Rennes,1,0,H,12,13,1,1,0.7978,0.5897,understat,,,,,,,,,,0.632,0.2098,0.1583,0.6241,0.2131,0.1628,1,1.69,4.8,6.55,1.7,4.65,6.5,0.5896,0.6156,0.6478,-0.3603,0.4876,0,8,0.375,-0.6786,-0.0483,0,0,,,-0.0203,-0.019,,,,,,,,,,,,,,,,,pinnacle
spelad,L1,2021/22,2022-02-12,,Lyon,Nice,2,0,H,12,1,8,1,2.7521,0.0805,understat,,,,,,,,,,0.4939,0.2573,0.2488,0.5328,0.2519,0.2152,1,2,3.88,4.05,1.88,4.2,4.65,0.5485,0.5558,-0.6247,0.8307,-0.4857,1,9,-0.3333,-0.6578,-0.2145,0,0,,,0.1115,-0.0146,,,,,,,,,,,,,,,,,pinnacle
spelad,L1,2021/22,2022-02-12,,Montpellier,Lille,0,1,A,16,16,5,7,0.7409,1.5129,understat,,,,,,,,,,0.3098,0.2789,0.4113,0.3001,0.2973,0.4026,1,3.18,3.64,2.38,3.33,3.4,2.48,0.5051,0.4578,0.1826,-0.8987,0.2452,1,8,-1.125,-0.385,0.0944,0,0,,,-0.0107,0.0284,,,,,,,,,,,,,,,,,pinnacle
spelad,L1,2021/22,2022-02-13,,Angers,Strasbourg,0,1,A,9,8,2,2,0.2587,0.3354,understat,,,,,,,,,,0.3067,0.2787,0.4146,0.3029,0.2929,0.4042,1,3.25,3.52,2.38,3.29,3.39,2.47,0.4641,0.4246,-0.3866,0.5064,-0.9644,2,8,0.75,0.2505,0.2031,0,0,,,0.0027,0.005,,,,,,,,,,,,,,,,,pinnacle
spelad,L1,2021/22,2022-02-13,,Brest,Troyes,5,1,H,12,5,5,2,2.7684,0.7907,understat,,,,,,,,,,0.4911,0.2816,0.2273,0.489,0.2747,0.2362,1,2.02,3.66,4.33,2.05,3.66,4.3,0.4566,0.4936,0.3108,0.6099,0.3261,0,,,,,0,0,,,-0.0131,-0.0179,,,,,,,,,,,,,,,,,pinnacle
spelad,L1,2021/22,2022-02-13,,Clermont,St Etienne,1,2,A,9,6,3,3,0.8343,1.1863,understat,,,,,,,,,,0.4182,0.2974,0.2844,0.39,0.3078,0.3021,1,2.35,3.48,3.45,2.53,3.38,3.39,0.4504,0.4478,0.4583,-0.2998,0.6992,-1,,,,,0,0,,,-0.074,0.0062,,,,,,,,,,,,,,,,,pinnacle
spelad,L1,2021/22,2022-02-13,,Lens,Bordeaux,3,2,H,9,10,7,4,2.1863,0.758,understat,,,,,,,,,,0.6512,0.2039,0.1449,0.6285,0.2146,0.1569,1,1.54,5.08,7.13,1.63,4.61,6.22,0.6078,0.6069,-0.0098,-0.6982,-0.3406,0,3,1,0.4533,-0.2945,0,0,,,-0.0572,-0.0601,,,,,,,,,,,,,,,,,pinnacle
spelad,L1,2021/22,2022-02-13,,Metz,Marseille,1,2,A,11,13,4,5,0.7924,2.3185,understat,,,,,,,,,,0.165,0.2499,0.5851,0.1727,0.2464,0.5809,1,5.92,4.1,1.72,5.79,4.07,1.73,0.5051,0.4859,0.2016,-0.1955,0.0303,-2,6,-1,-0.0327,0.4439,0,0,,,0.0196,0.0128,,,,,,,,,,,,,,,,,pinnacle
spelad,L1,2021/22,2022-02-13,,Monaco,Lorient,0,0,D,15,5,4,1,1.3138,0.1327,understat,,,,,,,,,,0.6966,0.192,0.1115,0.7031,0.1862,0.1107,1,1.44,5.2,9,1.42,5.58,8.84,0.5308,0.5935,0.9968,-1.431,0.8201,1,3,0,-0.6227,0.0972,0,0,,,0.0139,-0.0298,,,,,,,,,,,,,,,,,pinnacle
spelad,L1,2021/22,2022-02-13,,Nantes,Reims,1,0,H,11,7,3,4,0.6607,0.6133,understat,,,,,,,,,,0.4363,0.3112,0.2525,0.4306,0.3045,0.2649,1,2.26,3.25,3.88,2.3,3.3,3.76,0.3897,0.382,0.7307,-0.5472,0.2802,0,6,-1.5,-0.721,-0.1452,0,0,,,-0.0237,-0.012,,,,,,,,,,,,,,,,,pinnacle
spelad,L1,2021/22,2022-02-18,,Lille,Metz,0,0,D,13,7,1,0,1.1887,0.2792,understat,,,,,,,,,,0.6206,0.2518,0.1277,0.6128,0.2467,0.1406,1,1.69,4.18,8,1.69,4.18,7.5,0.4783,0.4629,-0.1765,1.0866,0.0408,1,6,2,0.4391,0.0647,0,0,,,-0.0285,0.0034,,,,,,,,,,,,,,,,,pinnacle
spelad,L1,2021/22,2022-02-19,,Lens,Lyon,1,1,D,12,10,6,2,0.6559,1.184,understat,,,,,,,,,,0.3316,0.2771,0.3913,0.3068,0.2696,0.4236,1,2.97,3.7,2.55,3.25,3.7,2.39,0.5282,0.5718,0.0395,-0.3578,-0.4428,-1,3,-2,-0.4142,0.1155,0,0,,,-0.082,0.0178,,,,,,,,,,,,,,,,,pinnacle
spelad,L1,2021/22,2022-02-19,,Nantes,Paris SG,3,1,H,13,16,7,9,2.5959,3.6535,understat,,,,,,,,,,0.1499,0.2051,0.6451,0.0936,0.1714,0.735,1,7,4.85,1.54,11.75,6.25,1.48,0.585,0.6304,0.8733,-0.6468,0.6378,-2,9,-1.6667,0.225,-0.1523,0,0,,,-0.2023,0.0537,,,,,,,,,,,,,,,,,pinnacle
spelad,L1,2021/22,2022-02-20,,Bordeaux,Monaco,1,1,D,11,13,3,4,0.8547,0.9519,understat,,,,,,,,,,0.1713,0.2464,0.5823,0.1661,0.2468,0.5872,1,5.75,4.3,1.72,5.87,4.4,1.8,0.5965,0.5371,0.0425,0.7076,0.0145,0,8,-1.125,-0.0711,-0.1262,0,0,,,-0.0154,0.0229,,,,,,,,,,,,,,,,,pinnacle
spelad,L1,2021/22,2022-02-20,,Lorient,Montpellier,0,1,A,16,6,3,5,0.6238,0.3761,understat,,,,,,,,,,0.3995,0.2975,0.303,0.4012,0.2966,0.3021,1,2.45,3.5,3.23,2.55,3.3,3.25,0.4604,0.4478,-0.7574,1.1614,-0.4217,-1,3,-2,-0.7156,0.0575,0,0,,,0.0043,-0.0339,,,,,,,,,,,,,,,,,pinnacle
spelad,L1,2021/22,2022-02-20,,Marseille,Clermont,0,2,A,18,4,4,3,1.0237,0.7698,understat,,,,,,,,,,0.6646,0.2079,0.1275,0.6815,0.2052,0.1133,1,1.51,4.8,8,1.57,5,8.6,0.5359,0.598,0.0121,-0.0817,0.2034,0,,,,,0,0,,,0.048,-0.1036,,,,,,,,,,,,,,,,,pinnacle
spelad,L1,2021/22,2022-02-20,,Nice,Angers,1,0,H,9,11,5,2,1.2997,0.9833,understat,,,,,,,,,,0.5616,0.2685,0.1699,0.5267,0.2786,0.1947,1,1.78,3.85,5.8,1.89,3.7,5.5,0.477,0.4757,0.951,-1.2327,0.683,1,9,1,0.3968,0.1491,0,0,,,-0.0946,-0.0003,,,,,,,,,,,,,,,,,pinnacle
spelad,L1,2021/22,2022-02-20,,Reims,Brest,1,1,D,8,15,2,4,0.5401,1.6946,understat,,,,,,,,,,0.4043,0.301,0.2947,0.3988,0.3015,0.2997,1,2.42,3.46,3.33,2.45,3.25,3.5,0.4354,0.4185,-0.6131,0.1269,-0.3913,0,5,0,0.0269,-0.0984,0,0,,,-0.016,0.0365,,,,,,,,,,,,,,,,,pinnacle
spelad,L1,2021/22,2022-02-20,,Rennes,Troyes,4,1,H,17,4,8,1,3.2623,0.7622,understat,,,,,,,,,,0.7132,0.195,0.0918,0.7104,0.2015,0.0881,1,1.39,5.2,11,1.37,5.66,12,0.5459,0.541,-0.465,0.087,0.0015,2,3,1,-0.074,0.3916,0,0,,,-0.0017,0.0229,,,,,,,,,,,,,,,,,pinnacle
spelad,L1,2021/22,2022-02-20,,St Etienne,Strasbourg,2,2,D,9,8,4,4,1.2897,1.5165,understat,,,,,,,,,,0.3199,0.2805,0.3996,0.2976,0.3012,0.4012,1,3.1,3.56,2.45,3.3,3.44,2.47,0.4949,0.4416,-0.2053,0.0262,-0.6355,0,8,0,0.0067,-0.0343,0,0,,,-0.0464,0.0132,,,,,,,,,,,,,,,,,pinnacle
spelad,L1,2021/22,2022-02-25,,Montpellier,Rennes,2,4,A,12,11,5,9,1.1699,1.8199,understat,,,,,,,,,,0.2038,0.2569,0.5393,0.1899,0.2459,0.5642,1,4.8,3.85,1.89,5.14,4.2,1.88,0.5064,0.5192,0.9655,-0.8436,0.7666,0,9,-1.3333,-0.5022,0.0461,0,0,,,-0.0527,0.0462,,,,,,,,,,,,,,,,,pinnacle
spelad,L1,2021/22,2022-02-26,,Paris SG,St Etienne,3,1,H,21,13,8,6,2.8199,0.642,understat,,,,,,,,,,0.8177,0.1161,0.0662,0.8355,0.1065,0.058,1,1.19,8.8,20,1.17,9.6,21,0.7063,0.714,0.02,0.0642,-0.1504,1,8,2.25,0.0993,0.0956,0,0,,,0.0439,-0.0025,,,,,,,,,,,,,,,,,pinnacle
spelad,L1,2021/22,2022-02-26,,Strasbourg,Nice,0,0,D,17,3,6,0,1.0309,0.1487,understat,,,,,,,,,,0.4406,0.2877,0.2717,0.4727,0.2938,0.2335,1,2.27,3.64,3.6,2.12,3.5,4.3,0.4821,0.4467,-0.7646,1.0928,-0.3562,0,8,1.125,0.6729,-0.1668,0,0,,,0.1023,-0.0191,,,,,,,,,,,,,,,,,pinnacle
spelad,L1,2021/22,2022-02-27,,Angers,Lens,1,2,A,13,8,4,2,0.6012,0.6888,understat,,,,,,,,,,0.3154,0.3114,0.3732,0.2887,0.293,0.4183,1,3.12,3.46,2.65,3.41,3.35,2.45,0.4478,0.4641,-0.6669,0.6197,-0.4764,-1,3,1,0.6328,0.3788,0,0,,,-0.0985,0.0242,,,,,,,,,,,,,,,,,pinnacle
spelad,L1,2021/22,2022-02-27,,Brest,Lorient,0,1,A,4,17,0,8,0.2104,2.1689,understat,,,,,,,,,,0.4679,0.2919,0.2403,0.435,0.2939,0.2711,1,2.13,3.6,4.1,2.25,3.4,3.8,0.4694,0.4694,0.413,-0.4971,0.1328,0,3,1,0.6805,-0.2896,0,0,,,-0.0966,-0.0024,,,,,,,,,,,,,,,,,pinnacle
spelad,L1,2021/22,2022-02-27,,Clermont,Bordeaux,1,1,D,9,10,3,3,0.5526,0.8942,understat,,,,,,,,,,0.4989,0.2608,0.2403,0.4935,0.2808,0.2257,1,2,3.82,4.1,2.01,3.55,4.33,0.5204,0.4629,0.5572,-0.9516,0.6174,0,,,,,0,0,,,0.0038,-0.0105,,,,,,,,,,,,,,,,,pinnacle
spelad,L1,2021/22,2022-02-27,,Lyon,Lille,0,1,A,20,6,8,2,1.4866,0.7351,understat,,,,,,,,,,0.5345,0.2574,0.2081,0.5523,0.2546,0.1932,1,1.85,4,4.8,1.88,3.97,5.06,0.5243,0.5471,-0.1324,0.4034,0.2623,-1,9,-1.3333,-1.0776,0.2958,0,0,,,0.0505,-0.0442,,,,,,,,,,,,,,,,,pinnacle
spelad,L1,2021/22,2022-02-27,,Metz,Nantes,0,0,D,8,12,0,3,0.2639,0.6121,understat,,,,,,,,,,0.3038,0.3125,0.3836,0.3052,0.332,0.3628,1,3.22,3.3,2.6,3.21,3.05,2.75,0.4025,0.3529,-0.5474,0.0183,-0.6336,1,7,0,0.1979,0.1371,0,0,,,0.0235,0.0293,,,,,,,,,,,,,,,,,pinnacle
spelad,L1,2021/22,2022-02-27,,Monaco,Reims,1,2,A,18,12,5,7,1.7487,1.6699,understat,,,,,,,,,,0.6769,0.2142,0.1089,0.6685,0.2145,0.117,1,1.53,4.6,9,1.46,4.78,8.9,0.491,0.5243,0.0839,0.2248,-0.093,0,7,0,-0.559,0.4409,0,0,,,-0.0249,-0.0034,,,,,,,,,,,,,,,,,pinnacle
spelad,L1,2021/22,2022-02-27,,Troyes,Marseille,1,1,D,9,8,3,3,2.0065,1.0164,understat,,,,,,,,,,0.2023,0.2425,0.5552,0.2079,0.264,0.5281,1,4.9,4.1,1.81,5.25,3.95,1.85,0.5,0.4719,-0.1178,-0.1387,-0.3674,0,3,-3,-0.5499,-0.1935,0,0,,,0.0382,-0.0133,,,,,,,,,,,,,,,,,pinnacle
spelad,L1,2021/22,2022-03-04,,Lorient,Lyon,1,4,A,15,15,6,7,1.2624,2.6113,understat,,,,,,,,,,0.2157,0.2619,0.5224,0.1951,0.2476,0.5574,1,4.7,3.91,1.95,5.25,4.02,1.92,0.4949,0.5347,-0.1541,-0.2659,-0.0432,0,3,-1,0.0674,0.4779,0,0,,,-0.0761,0.0329,,,,,,,,,,,,,,,,,pinnacle
spelad,L1,2021/22,2022-03-05,,Lens,Brest,0,1,A,20,5,6,3,1.8307,0.3721,understat,,,,,,,,,,0.5678,0.2454,0.1867,0.6331,0.2167,0.1502,1,1.87,4.18,5.3,1.87,4.5,6.5,0.5396,0.5547,0.4599,0.3318,0.2831,0,3,0,-0.2338,0.0579,0,0,,,0.167,-0.0511,,,,,,,,,,,,,,,,,pinnacle
spelad,L1,2021/22,2022-03-05,,Nice,Paris SG,1,0,H,11,8,6,2,1.2053,0.6527,understat,,,,,,,,,,0.2292,0.2429,0.5279,0.1965,0.2388,0.5646,1,4.33,4.2,1.9,5.31,4.25,1.77,0.5646,0.5635,0.7214,-0.787,0.5184,0,8,-2.25,-0.1947,0.0953,0,0,,,-0.1022,0.0063,,,,,,,,,,,,,,,,,pinnacle
spelad,L1,2021/22,2022-03-06,,Bordeaux,Troyes,0,2,A,10,10,3,2,0.8844,2.3042,understat,,,,,,,,,,0.4313,0.2782,0.2905,0.4741,0.2906,0.2353,1,2.35,3.58,3.37,2.11,3.6,4.18,0.4578,0.4529,0.0302,0.3574,0.0572,0,3,3,1.3955,-0.2659,0,0,,,0.1407,-0.0173,,,,,,,,,,,,,,,,,pinnacle
spelad,L1,2021/22,2022-03-06,,Lille,Clermont,4,0,H,15,9,8,1,2.0408,0.4779,understat,,,,,,,,,,0.5573,0.2724,0.1702,0.5882,0.2611,0.1507,1,1.78,3.9,5.95,1.82,3.87,6.5,0.4731,0.4405,-0.0383,0.4953,-0.0066,0,,,,,0,0,,,0.0813,-0.0445,,,,,,,,,,,,,,,,,pinnacle
spelad,L1,2021/22,2022-03-06,,Marseille,Monaco,0,1,A,13,5,2,3,0.8654,0.6944,understat,,,,,,,,,,0.4132,0.3013,0.2855,0.3694,0.2846,0.3459,1,2.42,3.4,3.45,2.68,3.46,3.25,0.4949,0.5333,0.2163,0.0168,0.3585,0,8,0.75,0.5271,-0.005,0,0,,,-0.1479,0.0207,,,,,,,,,,,,,,,,,pinnacle
spelad,L1,2021/22,2022-03-06,,Nantes,Montpellier,2,0,H,16,6,5,1,1.5593,0.2004,understat,,,,,,,,,,0.4571,0.2946,0.2483,0.4797,0.2974,0.2229,1,2.18,3.58,4,2.04,3.47,4.4,0.4578,0.4504,0.799,-1.1905,0.7634,-2,8,0,0.0119,-0.038,0,0,,,0.0705,-0.0057,,,,,,,,,,,,,,,,,pinnacle
spelad,L1,2021/22,2022-03-06,,Reims,Strasbourg,1,1,D,8,17,1,6,0.9099,0.7445,understat,,,,,,,,,,0.2672,0.3095,0.4233,0.2446,0.3166,0.4388,1,3.66,3.25,2.42,4.05,3.1,2.34,0.4246,0.3643,-0.27,-0.371,-0.4375,-1,7,0.4286,0.2764,-0.0233,0,0,,,-0.0606,0.0254,,,,,,,,,,,,,,,,,pinnacle
spelad,L1,2021/22,2022-03-06,,Rennes,Angers,2,0,H,15,7,4,2,2.3906,0.3168,understat,,,,,,,,,,0.6967,0.2036,0.0997,0.6743,0.2162,0.1095,1,1.44,5,9.8,1.45,4.9,9.25,0.5371,0.523,0.2227,-0.7967,0.4307,2,8,1.125,0.4584,-0.1668,0,0,,,-0.0544,0.0029,,,,,,,,,,,,,,,,,pinnacle
spelad,L1,2021/22,2022-03-06,,St Etienne,Metz,1,0,H,13,5,5,2,1.3206,0.3132,understat,,,,,,,,,,0.501,0.2899,0.2092,0.5165,0.2976,0.1859,1,2.04,3.4,4.8,1.93,3.3,5.25,0.4478,0.3956,-0.2046,0.627,0.1855,1,7,-0.8571,-0.4849,-0.1471,0,0,,,0.0543,-0.0241,,,,,,,,,,,,,,,,,pinnacle
spelad,L1,2021/22,2022-03-11,,Lille,St Etienne,0,0,D,10,11,2,3,1.248,0.4868,understat,,,,,,,,,,0.5675,0.2576,0.1749,0.5552,0.2677,0.177,1,1.79,3.96,5.72,1.77,3.8,6.1,0.4885,0.4541,-0.0035,0.0591,-0.3029,0,8,1.125,0.3328,0.1057,0,0,,,-0.0267,0.0156,,,,,,,,,,,,,,,,,pinnacle
spelad,L1,2021/22,2022-03-12,,Montpellier,Nice,0,0,D,24,8,7,0,2.4909,0.7572,understat,,,,,,,,,,0.3036,0.2785,0.4178,0.2909,0.2785,0.4306,1,3.22,3.56,2.42,3.51,3.68,2.28,0.4885,0.5141,-0.8472,1.1238,-0.9538,-1,8,0.75,0.5338,-0.2864,0,0,,,-0.0382,-0.0024,,,,,,,,,,,,,,,,,pinnacle
spelad,L1,2021/22,2022-03-12,,Troyes,Nantes,1,0,H,11,6,2,1,1.1861,0.4909,understat,,,,,,,,,,0.3147,0.3059,0.3794,0.3127,0.3078,0.3794,1,3.14,3.36,2.58,3.22,3.32,2.65,0.401,0.3941,-0.6817,1.0975,-0.511,0,3,-3,-0.9767,-0.2744,0,0,,,-0.004,0.0074,,,,,,,,,,,,,,,,,pinnacle
spelad,L1,2021/22,2022-03-13,,Angers,Reims,0,1,A,20,10,7,3,1.8822,1.5239,understat,,,,,,,,,,0.4024,0.3304,0.2672,0.396,0.3361,0.268,1,2.45,3.1,3.74,2.48,2.98,3.72,0.3759,0.3545,-0.4263,0.7903,-0.5269,0,7,0.4286,0.045,0.2564,0,0,,,-0.0137,0.0031,,,,,,,,,,,,,,,,,pinnacle
spelad,L1,2021/22,2022-03-13,,Brest,Marseille,1,4,A,8,13,2,7,0.4249,1.9453,understat,,,,,,,,,,0.2704,0.2846,0.445,0.2399,0.279,0.4811,1,3.81,3.55,2.24,4.24,3.6,2.06,0.5115,0.509,0.4662,-0.6658,0.5184,1,4,-1.5,-0.1062,-0.2524,0,0,,,-0.0971,0.0172,,,,,,,,,,,,,,,,,pinnacle
spelad,L1,2021/22,2022-03-13,,Clermont,Lorient,0,2,A,10,9,1,6,1.2708,1.3967,understat,,,,,,,,,,0.4107,0.3237,0.2656,0.4275,0.3128,0.2597,1,2.42,3.2,3.73,2.35,3.24,3.9,0.415,0.4354,0.881,-0.9692,0.3329,-2,,,,,0,0,,,0.0396,-0.0049,,,,,,,,,,,,,,,,,pinnacle
spelad,L1,2021/22,2022-03-13,,Lyon,Rennes,2,4,A,11,10,2,7,1.1852,1.2793,understat,,,,,,,,,,0.466,0.2674,0.2666,0.48,0.2655,0.2544,1,2.2,3.75,3.67,2.11,3.87,3.87,0.5422,0.5743,0.194,0.4823,0.2549,2,8,-0.375,-0.61,-0.1199,0,0,,,0.0403,-0.022,,,,,,,,,,,,,,,,,pinnacle
spelad,L1,2021/22,2022-03-13,,Metz,Lens,0,0,D,6,11,3,0,0.6964,0.822,understat,,,,,,,,,,0.2457,0.2679,0.4864,0.1885,0.2589,0.5527,1,4.02,3.65,2.1,5.25,3.91,1.78,0.4343,0.4808,-0.2082,-0.6654,-0.1146,-1,3,0,0.4479,0.0622,0,0,,,-0.1806,0.0109,,,,,,,,,,,,,,,,,pinnacle
spelad,L1,2021/22,2022-03-13,,Paris SG,Bordeaux,3,0,H,12,15,5,5,2.0539,0.7565,understat,,,,,,,,,,0.8327,0.1168,0.0504,0.857,0.0968,0.0461,1,1.17,9.5,22,1.17,11,23,0.6932,0.7278,0.1181,-0.5575,0.0976,1,9,2.3333,0.1634,0.0618,0,0,,,0.0529,-0.0186,,,,,,,,,,,,,,,,,pinnacle
spelad,L1,2021/22,2022-03-13,,Strasbourg,Monaco,1,0,H,11,5,3,0,0.8346,0.6955,understat,,,,,,,,,,0.3749,0.3001,0.325,0.3471,0.3118,0.3411,1,2.69,3.3,3.15,2.9,3.25,2.95,0.4641,0.4478,0.374,-0.221,0.6057,0,9,0.3333,0.6386,-0.0287,0,0,,,-0.0715,0.0102,,,,,,,,,,,,,,,,,pinnacle
spelad,L1,2021/22,2022-03-18,,St Etienne,Troyes,1,1,D,10,8,3,4,1.2127,1.0612,understat,,,,,,,,,,0.5054,0.2763,0.2182,0.5096,0.2878,0.2026,1,2.05,3.58,4.52,2.04,3.52,4.83,0.42,0.4115,0.4302,-0.7674,0.3168,1,3,1,0.3464,-0.2723,0,0,,,0.024,-0.0265,,,,,,,,,,,,,,,,,pinnacle
spelad,L1,2021/22,2022-03-19,,Lens,Clermont,3,1,H,20,10,7,3,1.0672,1.7505,understat,,,,,,,,,,0.568,0.2585,0.1735,0.5458,0.2619,0.1923,1,1.74,4,5.75,1.81,3.88,5.47,0.4834,0.4885,-0.2644,0.2853,-0.4812,0,,,,,0,0,,,-0.0632,-0.011,,,,,,,,,,,,,,,,,pinnacle
spelad,L1,2021/22,2022-03-19,,Nantes,Lille,0,1,A,11,12,3,4,0.5311,1.5848,understat,,,,,,,,,,0.3241,0.3251,0.3508,0.3612,0.3137,0.3252,1,3.11,3.1,2.81,2.86,3.15,3.1,0.4035,0.4257,0.3439,-0.8879,0.2254,-1,9,-2.3333,-0.9003,-0.0709,0,0,,,0.0998,-0.0158,,,,,,,,,,,,,,,,,pinnacle
spelad,L1,2021/22,2022-03-20,,Angers,Brest,1,0,H,9,16,3,2,1.2018,0.5626,understat,,,,,,,,,,0.4329,0.302,0.2651,0.396,0.3155,0.2885,1,2.32,3.35,3.71,2.48,3.2,3.6,0.4629,0.4104,-1.0271,1.404,-0.9706,0,5,0.6,0.1122,0.1085,0,0,,,-0.0972,0.0008,,,,,,,,,,,,,,,,,pinnacle
spelad,L1,2021/22,2022-03-20,,Bordeaux,Montpellier,0,2,A,32,7,10,2,2.6097,0.7084,understat,,,,,,,,,,0.3819,0.2701,0.348,0.384,0.2863,0.3297,1,2.56,3.7,2.94,2.62,3.62,3.01,0.509,0.5128,0.1347,0.2954,0.0866,-1,8,-1.5,-0.652,-0.0572,0,0,,,0.0224,0.0002,,,,,,,,,,,,,,,,,pinnacle
spelad,L1,2021/22,2022-03-20,,Lorient,Strasbourg,0,0,D,9,13,2,4,0.4101,1.3387,understat,,,,,,,,,,0.2712,0.2879,0.4409,0.2662,0.3042,0.4296,1,3.61,3.48,2.3,3.68,3.37,2.29,0.4416,0.4025,-0.422,0.5972,0.0015,0,3,0,0.1708,0.0013,0,0,,,0.0014,0.0169,,,,,,,,,,,,,,,,,pinnacle
spelad,L1,2021/22,2022-03-20,,Marseille,Nice,2,1,H,13,9,6,3,1.5881,1.6911,understat,,,,,,,,,,0.4428,0.2861,0.2711,0.5003,0.2764,0.2233,1,2.24,3.6,3.64,2.11,3.62,4.64,0.4453,0.4821,-0.5626,0.3593,-0.3933,-1,8,1.875,0.7807,-0.1529,0,0,,,0.1629,-0.0137,,,,,,,,,,,,,,,,,pinnacle
spelad,L1,2021/22,2022-03-20,,Monaco,Paris SG,3,0,H,13,13,8,6,2.4996,1.5062,understat,,,,,,,,,,0.2593,0.2469,0.4938,0.2609,0.2548,0.4843,1,3.8,4.1,2.01,4.01,3.89,2.09,0.5779,0.5779,-0.419,0.3871,-0.3858,0,9,-1.3333,0.223,-0.055,0,0,,,0.0126,0.0047,,,,,,,,,,,,,,,,,pinnacle
spelad,L1,2021/22,2022-03-20,,Reims,Lyon,0,0,D,5,10,2,2,0.5463,1.595,understat,,,,,,,,,,0.2246,0.2585,0.5169,0.2188,0.2665,0.5147,1,4.4,3.84,1.94,4.5,3.76,1.93,0.4834,0.491,0.4043,-0.9756,0.2711,0,6,0.5,0.7497,0.2674,0,0,,,-0.0094,0.0232,,,,,,,,,,,,,,,,,pinnacle
spelad,L1,2021/22,2022-03-20,,Rennes,Metz,6,1,H,21,2,8,1,3.3969,0.6854,understat,,,,,,,,,,0.7503,0.1745,0.0752,0.766,0.1611,0.073,1,1.33,5.8,13,1.29,6.2,14.5,0.5359,0.566,0.0335,0.0199,0.4463,0,6,1.5,0.3422,-0.1019,0,0,,,0.0334,-0.0217,,,,,,,,,,,,,,,,,pinnacle
spelad,L1,2021/22,2022-04-02,,Lille,Bordeaux,0,0,D,22,2,6,0,3.1751,0.1139,understat,,,,,,,,,,0.643,0.2125,0.1446,0.6603,0.2152,0.1245,1,1.56,4.7,7,1.61,4.75,7.9,0.5422,0.5459,0.5697,-0.8762,0.5816,1,8,1.125,0.3998,-0.1501,0,0,,,0.0547,-0.0394,,,,,,,,,,,,,,,,,pinnacle
spelad,L1,2021/22,2022-04-02,,Nice,Rennes,1,1,D,10,13,3,4,1.0623,0.8963,understat,,,,,,,,,,0.304,0.2813,0.4148,0.3366,0.2924,0.371,1,3.32,3.52,2.46,3.05,3.48,2.67,0.4885,0.4846,0.1274,-0.1215,-0.4077,0,9,1.3333,0.8254,0.0497,0,0,,,0.109,-0.0092,,,,,,,,,,,,,,,,,pinnacle
spelad,L1,2021/22,2022-04-03,,Clermont,Nantes,2,3,A,12,9,4,4,0.919,1.9559,understat,,,,,,,,,,0.3678,0.3136,0.3187,0.3573,0.3098,0.333,1,2.7,3.38,3.07,2.8,3.3,3.11,0.4035,0.4221,-0.3737,1.1253,-0.1278,0,,,,,0,0,,,-0.0353,0.0187,,,,,,,,,,,,,,,,,pinnacle
spelad,L1,2021/22,2022-04-03,,Lyon,Angers,3,2,H,15,7,5,4,1.5802,1.6771,understat,,,,,,,,,,0.6813,0.198,0.1207,0.7024,0.1899,0.1076,1,1.44,5.12,8.5,1.43,5.3,9.2,0.5584,0.5931,0.2757,-0.1354,0.4816,0,8,1.5,0.1179,0.0245,0,0,,,0.0553,-0.0289,,,,,,,,,,,,,,,,,pinnacle
spelad,L1,2021/22,2022-04-03,,Metz,Monaco,1,2,A,17,14,4,4,0.7044,2.1555,understat,,,,,,,,,,0.1491,0.2378,0.6131,0.1241,0.2328,0.6432,1,6.7,4.28,1.6,8.39,4.48,1.52,0.4821,0.4783,-0.0381,0.2192,-0.0052,0,6,-2,-0.2254,-0.2215,0,0,,,-0.08,0.0048,,,,,,,,,,,,,,,,,pinnacle
spelad,L1,2021/22,2022-04-03,,Montpellier,Brest,1,2,A,9,12,3,6,1.2649,0.7033,understat,,,,,,,,,,0.4678,0.2693,0.2628,0.4771,0.2695,0.2534,1,2.14,3.66,3.76,2.16,3.65,3.86,0.5282,0.5115,-0.0571,0.5558,0.0527,0,4,1.5,0.5095,0.2325,0,0,,,0.0281,-0.0374,,,,,,,,,,,,,,,,,pinnacle
spelad,L1,2021/22,2022-04-03,,Paris SG,Lorient,5,1,H,15,11,7,4,1.9632,0.8419,understat,,,,,,,,,,0.811,0.1245,0.0645,0.8218,0.1212,0.057,1,1.23,8.15,17,1.2,8.9,19,0.6932,0.7146,0.0076,-0.2127,-0.6868,0,3,0,-1.1076,0.1903,0,0,,,0.0289,-0.0126,,,,,,,,,,,,,,,,,pinnacle
spelad,L1,2021/22,2022-04-03,,St Etienne,Marseille,2,4,A,5,15,2,9,0.208,3.7391,understat,,,,,,,,,,0.2651,0.2756,0.4593,0.2822,0.308,0.4098,1,3.72,3.62,2.16,3.62,3.27,2.55,0.4655,0.4175,0.5346,-0.3551,0.8565,2,9,-0.6667,0.1219,-0.1545,0,0,,,0.0838,-0.0041,,,,,,,,,,,,,,,,,pinnacle
spelad,L1,2021/22,2022-04-03,,Strasbourg,Lens,1,0,H,13,13,3,2,2.6615,1.224,understat,,,,,,,,,,0.4527,0.2851,0.2622,0.4635,0.2851,0.2514,1,2.2,3.46,3.73,2.27,3.51,3.89,0.4604,0.4719,-0.0655,0.0021,0.3509,-1,3,1,0.7761,-0.295,0,0,,,0.0323,-0.0356,,,,,,,,,,,,,,,,,pinnacle
spelad,L1,2021/22,2022-04-03,,Troyes,Reims,1,0,H,19,10,5,4,1.1721,0.4805,understat,,,,,,,,,,0.3768,0.3181,0.3052,0.3624,0.3317,0.3058,1,2.64,3.2,3.21,2.75,3.1,3.28,0.3693,0.3426,-0.4989,0.9845,-0.3355,2,,,,,0,0,,,-0.0293,0.008,,,,,,,,,,,,,,,,,pinnacle
spelad,L1,2021/22,2022-04-08,,Lorient,St Etienne,6,2,H,18,13,12,4,4.1419,1.1741,understat,,,,,,,,,,0.4347,0.3125,0.2528,0.4527,0.3046,0.2426,1,2.3,3.34,3.88,2.25,3.26,4.03,0.3786,0.4211,-0.1681,0.7115,0.151,0,3,0,0.1469,0.0372,0,0,,,0.0461,-0.0248,,,,,,,,,,,,,,,,,pinnacle
spelad,L1,2021/22,2022-04-09,,Clermont,Paris SG,1,6,A,10,17,4,10,1.0286,3.5738,understat,,,,,,,,,,0.1192,0.1688,0.712,0.0817,0.1539,0.7644,1,10,5.82,1.38,13,7.12,1.32,0.6316,0.6728,-0.3334,0.7651,0.1127,0,,,,,0,0,,,-0.1275,0.0149,,,,,,,,,,,,,,,,,pinnacle
spelad,L1,2021/22,2022-04-09,,Reims,Rennes,2,3,A,15,14,7,8,2.5661,1.1266,understat,,,,,,,,,,0.2058,0.2581,0.5361,0.1848,0.2723,0.543,1,4.75,3.79,1.91,5.29,3.84,1.86,0.449,0.4416,-0.0642,-0.1856,-0.2548,-1,7,2.1429,1.3542,-0.0231,0,0,,,-0.0491,0.039,,,,,,,,,,,,,,,,,pinnacle
spelad,L1,2021/22,2022-04-10,,Angers,Lille,1,1,D,13,17,3,3,0.6799,0.8989,understat,,,,,,,,,,0.2828,0.3077,0.4094,0.2442,0.3015,0.4543,1,3.48,3.32,2.43,4,3.35,2.17,0.3966,0.4045,-0.8046,0.4606,-0.9069,-1,9,-0.3333,0.1889,-0.051,0,0,,,-0.1221,0.0142,,,,,,,,,,,,,,,,,pinnacle
spelad,L1,2021/22,2022-04-10,,Bordeaux,Metz,3,1,H,12,9,7,2,2.2897,0.3352,understat,,,,,,,,,,0.4914,0.2786,0.2301,0.5064,0.2793,0.2143,1,2.05,3.62,4.46,2,3.55,4.56,0.4405,0.4416,-0.3057,0.7434,-0.2351,1,7,1.2857,0.3516,0.0091,0,0,,,0.0458,-0.0251,,,,,,,,,,,,,,,,,pinnacle
spelad,L1,2021/22,2022-04-10,,Brest,Nantes,1,1,D,12,12,6,5,1.256,0.7786,understat,,,,,,,,,,0.365,0.3,0.335,0.3531,0.3037,0.3432,1,2.68,3.4,2.98,2.81,3.34,2.85,0.4391,0.4442,-0.043,-0.0599,-0.2199,0,4,-2.25,-1.0073,-0.0371,0,0,,,-0.032,-0.0041,,,,,,,,,,,,,,,,,pinnacle
spelad,L1,2021/22,2022-04-10,,Lens,Nice,3,0,H,6,16,3,6,0.7902,1.3837,understat,,,,,,,,,,0.4113,0.2837,0.305,0.3944,0.3009,0.3047,1,2.44,3.6,3.27,2.56,3.67,3.25,0.4731,0.4566,-0.0303,0.2529,-0.1224,-1,3,-3,-1.2184,-0.2819,0,0,,,-0.0336,-0.0187,,,,,,,,,,,,,,,,,pinnacle
spelad,L1,2021/22,2022-04-10,,Marseille,Montpellier,2,0,H,11,6,5,2,2.8108,0.4778,understat,,,,,,,,,,0.6295,0.2193,0.1513,0.6591,0.2037,0.1372,1,1.59,4.5,6.5,1.61,4.89,7.23,0.5422,0.6,0.2645,-0.0464,0.4766,0,8,0.75,-0.0061,0.2197,0,0,,,0.0734,-0.0235,,,,,,,,,,,,,,,,,pinnacle
spelad,L1,2021/22,2022-04-10,,Monaco,Troyes,2,1,H,11,8,3,1,0.4419,0.9675,understat,,,,,,,,,,0.7203,0.1808,0.0989,0.7159,0.1855,0.0986,1,1.39,5.45,10,1.39,6,10,0.5371,0.5671,-0.0862,-0.3202,-0.4388,0,3,3,0.9395,-0.2273,0,0,,,-0.0086,-0.0309,,,,,,,,,,,,,,,,,pinnacle
spelad,L1,2021/22,2022-04-10,,Strasbourg,Lyon,1,1,D,15,13,4,3,1.4538,2.101,understat,,,,,,,,,,0.3867,0.2771,0.3362,0.3899,0.287,0.323,1,2.6,3.7,2.96,2.67,3.46,3.04,0.509,0.5141,0.6466,-0.4479,0.795,0,9,-1.6667,-0.2216,-0.0061,0,0,,,0.0197,-0.023,,,,,,,,,,,,,,,,,pinnacle
spelad,L1,2021/22,2022-04-15,,Rennes,Monaco,2,3,A,13,12,4,4,2.2787,2.9582,understat,,,,,,,,,,0.459,0.2694,0.2716,0.4576,0.2626,0.2798,1,2.17,3.85,3.66,2.23,3.85,3.72,0.5282,0.5975,0.4398,-0.8437,0.7135,1,8,-0.75,-0.0314,-0.0106,0,0,,,-0.011,0.0006,,,,,,,,,,,,,,,,,pinnacle
spelad,L1,2021/22,2022-04-16,,Lille,Lens,1,2,A,17,11,5,7,0.6629,1.1512,understat,,,,,,,,,,0.4725,0.2755,0.2521,0.5031,0.2781,0.2188,1,2.1,3.62,3.96,2.05,3.67,4.46,0.4668,0.4783,-0.3606,0.7163,0.2201,0,3,1,0.4037,-0.2895,0,0,,,0.0945,-0.0268,,,,,,,,,,,,,,,,,pinnacle
spelad,L1,2021/22,2022-04-16,,St Etienne,Brest,2,1,H,11,7,4,3,1.8446,0.4884,understat,,,,,,,,,,0.4346,0.2859,0.2794,0.4327,0.2919,0.2754,1,2.35,3.5,3.5,2.3,3.5,3.74,0.4566,0.4731,-0.0799,0.1718,-0.1947,2,5,-2.4,-1.2311,-0.0786,0,0,,,0,-0.0043,,,,,,,,,,,,,,,,,pinnacle
spelad,L1,2021/22,2022-04-17,,Lyon,Bordeaux,6,1,H,15,17,9,5,2.4938,1.8639,understat,,,,,,,,,,0.7381,0.1646,0.0973,0.7005,0.1787,0.1208,1,1.34,6.2,11,1.4,5.51,9,0.6445,0.6502,0.0588,0.1139,-0.0163,0,9,0.6667,-0.3862,0.3135,0,0,,,-0.0986,-0.0135,,,,,,,,,,,,,,,,,pinnacle
spelad,L1,2021/22,2022-04-17,,Metz,Clermont,1,1,D,4,26,2,4,0.4044,2.7405,understat,,,,,,,,,,0.3448,0.3041,0.351,0.3387,0.3167,0.3446,1,2.84,3.36,2.8,2.96,3.38,2.88,0.4175,0.3912,0.2577,-0.9374,0.1806,-1,,,,,0,0,,,-0.006,-0.001,,,,,,,,,,,,,,,,,pinnacle
spelad,L1,2021/22,2022-04-17,,Montpellier,Reims,0,0,D,14,15,3,9,0.9094,1.1945,understat,,,,,,,,,,0.4343,0.3183,0.2474,0.4043,0.2974,0.2983,1,2.31,3.25,3.96,2.44,3.4,3.35,0.438,0.5026,-0.0694,0.1009,-0.3217,-1,6,-1,-0.5795,0.022,0,0,,,-0.1109,-0.0081,,,,,,,,,,,,,,,,,pinnacle
spelad,L1,2021/22,2022-04-17,,Nantes,Angers,1,1,D,24,10,7,3,3.4012,0.4172,understat,,,,,,,,,,0.4915,0.274,0.2345,0.4749,0.2877,0.2374,1,2.03,3.58,4.33,2.06,3.5,4.3,0.4282,0.4211,1.1254,-1.1017,0.9565,0,9,0.3333,0.1957,-0.0893,0,0,,,-0.0361,0.0008,,,,,,,,,,,,,,,,,pinnacle
spelad,L1,2021/22,2022-04-17,,Nice,Lorient,2,1,H,15,6,2,1,2.1994,0.2504,understat,,,,,,,,,,0.5549,0.2584,0.1867,0.5886,0.2439,0.1675,1,1.79,3.9,5.3,1.71,4.54,5.9,0.4629,0.5271,-0.0654,-0.1595,-0.4381,-2,3,-1,-0.8833,0.3873,0,0,,,0.0867,-0.0309,,,,,,,,,,,,,,,,,pinnacle
spelad,L1,2021/22,2022-04-17,,Paris SG,Marseille,2,1,H,7,3,3,1,1.3902,0.3048,understat,,,,,,,,,,0.7067,0.1659,0.1275,0.6779,0.1794,0.1427,1,1.4,5.9,9,1.59,5.65,7.6,0.6705,0.6712,-0.0363,-0.5476,-0.5899,1,8,1.5,-0.1548,0.0758,0,0,,,-0.0729,0.0007,,,,,,,,,,,,,,,,,pinnacle
spelad,L1,2021/22,2022-04-17,,Troyes,Strasbourg,1,1,D,11,12,3,4,1.3267,1.8313,understat,,,,,,,,,,0.2441,0.2854,0.4706,0.2361,0.3007,0.4632,1,4.01,3.52,2.12,4.28,3.35,2.13,0.4293,0.4104,-0.2364,0.4769,0.2573,0,3,0,0.2801,0.054,0,0,,,-0.0087,0.0168,,,,,,,,,,,,,,,,,pinnacle
spelad,L1,2021/22,2022-04-20,,Angers,Paris SG,0,3,A,8,15,1,8,0.3957,1.4184,understat,,,,,,,,,,0.1265,0.1874,0.6861,0.1487,0.2104,0.6409,1,8.5,5.5,1.43,7,4.9,1.53,0.6,0.5931,-0.4183,0.2094,0.0504,0,8,-3,-0.3578,-0.1307,0,0,,,0.0896,0.0041,,,,,,,,,,,,,,,,,pinnacle
spelad,L1,2021/22,2022-04-20,,Bordeaux,St Etienne,2,2,D,11,9,7,2,0.9278,0.8582,understat,,,,,,,,,,0.404,0.2785,0.3174,0.3958,0.2826,0.3216,1,2.47,3.62,3.1,2.5,3.6,3.05,0.4974,0.5345,-0.5893,1.1052,-0.1629,-1,9,0,0.2138,-0.1745,0,0,,,-0.0205,0.0036,,,,,,,,,,,,,,,,,pinnacle
spelad,L1,2021/22,2022-04-20,,Brest,Lyon,2,1,H,9,18,3,5,1.1528,2.6306,understat,,,,,,,,,,0.211,0.2309,0.5581,0.2285,0.2295,0.542,1,4.63,4.33,1.8,4.5,4.59,1.84,0.5754,0.6044,0.3718,-0.0782,0.1955,1,4,-0.75,0.1276,0.5562,0,0,,,0.0512,-0.0103,,,,,,,,,,,,,,,,,pinnacle
spelad,L1,2021/22,2022-04-20,,Lens,Montpellier,2,0,H,12,9,5,4,0.9888,0.2167,understat,,,,,,,,,,0.543,0.2559,0.2011,0.6623,0.2144,0.1232,1,1.8,4,5.2,1.51,4.7,8.4,0.5558,0.5595,0.4931,-0.7002,0.3888,1,3,-1,-0.4505,-0.2925,0,0,,,0.3165,-0.0293,,,,,,,,,,,,,,,,,pinnacle
spelad,L1,2021/22,2022-04-20,,Lorient,Metz,1,0,H,15,20,5,5,1.2504,1.6998,understat,,,,,,,,,,0.546,0.2593,0.1947,0.6343,0.2304,0.1353,1,1.84,3.78,5.02,1.65,4.37,7.22,0.4529,0.5,-0.0081,0.4745,0.5624,0,3,-1,-0.4473,-0.2841,0,0,,,0.236,-0.0539,,,,,,,,,,,,,,,,,pinnacle
spelad,L1,2021/22,2022-04-20,,Marseille,Nantes,3,2,H,19,4,5,3,3.1185,0.6071,understat,,,,,,,,,,0.5921,0.2377,0.1702,0.6206,0.2282,0.1513,1,1.68,4.2,5.9,1.61,4.5,6.5,0.4936,0.5371,-0.0482,0.2734,-0.1887,0,9,0,-0.303,0.0544,0,0,,,0.0758,-0.0291,,,,,,,,,,,,,,,,,pinnacle
spelad,L1,2021/22,2022-04-20,,Monaco,Nice,1,0,H,17,15,7,2,2.0698,0.7624,understat,,,,,,,,,,0.519,0.2541,0.2269,0.5396,0.2591,0.2014,1,1.93,3.9,4.47,1.88,3.9,4.87,0.5269,0.5115,0.4475,-0.5751,0.1505,2,9,0,-0.4192,0.0722,0,0,,,0.0667,-0.0218,,,,,,,,,,,,,,,,,pinnacle
spelad,L1,2021/22,2022-04-20,,Reims,Lille,2,1,H,10,20,4,5,0.7271,0.9449,understat,,,,,,,,,,0.2532,0.3026,0.4442,0.3252,0.3188,0.3559,1,3.89,3.36,2.23,3.25,3.26,2.8,0.3897,0.3844,0.2586,-0.3462,0.2963,-1,6,-1,-0.2422,0.0283,0,0,,,0.2323,-0.0076,,,,,,,,,,,,,,,,,pinnacle
spelad,L1,2021/22,2022-04-20,,Strasbourg,Rennes,2,1,H,13,10,5,3,2.6206,0.8512,understat,,,,,,,,,,0.3748,0.2771,0.3481,0.3706,0.2886,0.3409,1,2.7,3.58,2.82,2.65,3.51,3.01,0.5,0.4834,-0.7728,1.1952,-0.5848,-2,8,-1.125,-0.2786,-0.1544,0,0,,,-0.0012,0.0028,,,,,,,,,,,,,,,,,pinnacle
spelad,L1,2021/22,2022-04-20,,Troyes,Clermont,0,1,A,16,3,3,1,0.9961,0.4111,understat,,,,,,,,,,0.4147,0.287,0.2984,0.4057,0.2999,0.2945,1,2.38,3.45,3.3,2.41,3.48,3.55,0.4405,0.4656,0.4896,-0.9984,1.023,0,,,,,0,0,,,-0.0141,0.022,,,,,,,,,,,,,,,,,pinnacle
spelad,L1,2021/22,2022-04-23,,Lyon,Montpellier,5,2,H,27,11,13,7,3.389,2.0242,understat,,,,,,,,,,0.715,0.1659,0.119,0.6928,0.1766,0.1306,1,1.37,5.9,9,1.41,6,8.2,0.6712,0.6853,-0.0916,-0.1602,-0.0522,0,8,-0.375,-0.7328,0.1275,0,0,,,-0.0561,0.014,,,,,,,,,,,,,,,,,pinnacle
spelad,L1,2021/22,2022-04-23,,Paris SG,Lens,1,1,D,18,8,7,3,2.1826,0.6663,understat,,,,,,,,,,0.7457,0.1576,0.0967,0.7695,0.1409,0.0896,1,1.33,6.4,11,1.31,7.4,12.5,0.6697,0.7216,-0.278,0.0608,-0.3952,0,3,0,-0.713,0.1088,0,0,,,0.0546,-0.0109,,,,,,,,,,,,,,,,,pinnacle
spelad,L1,2021/22,2022-04-23,,St Etienne,Monaco,1,4,A,8,12,4,6,0.9717,3.2849,understat,,,,,,,,,,0.2208,0.2516,0.5276,0.202,0.2274,0.5706,1,4.5,3.98,1.87,4.9,4.29,1.82,0.5217,0.6069,-0.5815,0.1666,-0.6722,0,8,-0.375,0.2309,-0.1273,0,0,,,-0.0806,0.0398,,,,,,,,,,,,,,,,,pinnacle
spelad,L1,2021/22,2022-04-24,,Clermont,Angers,2,2,D,12,9,6,5,1.74,1.3986,understat,,,,,,,,,,0.4254,0.2974,0.2772,0.4468,0.2983,0.2548,1,2.32,3.4,3.56,2.2,3.46,4.14,0.4416,0.4246,-0.1056,1.0143,-0.1611,0,,,,,0,0,,,0.0652,-0.0016,,,,,,,,,,,,,,,,,pinnacle
spelad,L1,2021/22,2022-04-24,,Lille,Strasbourg,1,0,H,11,11,3,3,0.3541,0.5191,understat,,,,,,,,,,0.4133,0.2898,0.2968,0.3534,0.3078,0.3387,1,2.41,3.46,3.4,2.9,3.28,2.97,0.4442,0.4211,-0.2522,-0.0266,-0.3254,0,9,1.3333,0.3493,0.0407,0,0,,,-0.1617,-0.0125,,,,,,,,,,,,,,,,,pinnacle
spelad,L1,2021/22,2022-04-24,,Metz,Brest,0,1,A,10,16,0,3,0.3871,1.9328,understat,,,,,,,,,,0.3293,0.3057,0.365,0.3595,0.2963,0.3443,1,3.15,3.41,2.7,2.75,3.38,2.88,0.4293,0.4808,-0.8683,0.7512,-0.6164,0,4,0,0.2947,-0.2899,0,0,,,0.0809,-0.0005,,,,,,,,,,,,,,,,,pinnacle
spelad,L1,2021/22,2022-04-24,,Nantes,Bordeaux,5,3,H,15,20,6,7,2.5449,2.6115,understat,,,,,,,,,,0.534,0.2572,0.2088,0.4508,0.2673,0.2819,1,1.85,3.96,4.75,2.18,3.74,3.62,0.5115,0.5485,0.2348,-0.8586,0.0883,0,9,-0.6667,-0.3889,0.0269,0,0,,,-0.2395,0.002,,,,,,,,,,,,,,,,,pinnacle
spelad,L1,2021/22,2022-04-24,,Nice,Troyes,1,0,H,18,9,3,3,2.3618,0.4656,understat,,,,,,,,,,0.5958,0.2389,0.1653,0.6508,0.2194,0.1298,1,1.67,4.16,6,1.51,4.81,7.6,0.4796,0.5269,0.0466,0.0237,-0.5347,0,3,-1,-0.881,-0.254,0,0,,,0.1456,-0.0136,,,,,,,,,,,,,,,,,pinnacle
spelad,L1,2021/22,2022-04-24,,Reims,Marseille,0,1,A,10,14,3,3,0.6618,0.4581,understat,,,,,,,,,,0.2365,0.2916,0.4719,0.2257,0.2808,0.4935,1,4.13,3.56,2.09,4.48,3.55,2.09,0.4354,0.45,0.0522,-0.2992,0.1144,0,6,0.5,0.6134,0.228,0,0,,,-0.0433,0.0196,,,,,,,,,,,,,,,,,pinnacle
spelad,L1,2021/22,2022-04-24,,Rennes,Lorient,5,0,H,10,12,7,2,1.7453,0.5339,understat,,,,,,,,,,0.6781,0.1961,0.1258,0.707,0.1851,0.1078,1,1.48,5.06,8,1.4,6.1,10,0.5779,0.6078,0.1401,-0.9725,-0.2437,0,3,2,0.4419,0.0759,0,0,,,0.0759,-0.0068,,,,,,,,,,,,,,,,,pinnacle
spelad,L1,2021/22,2022-04-29,,Strasbourg,Paris SG,3,3,D,14,14,2,6,1.626,1.9495,understat,,,,,,,,,,0.2587,0.2475,0.4938,0.2728,0.2598,0.4674,1,3.84,3.97,2.16,4,3.88,2.2,0.5779,0.5779,-0.1304,0.8862,0.3764,-1,8,-1.5,0.2151,0.1037,0,0,,,0.0548,-0.0158,,,,,,,,,,,,,,,,,pinnacle
spelad,L1,2021/22,2022-04-30,,Lens,Nantes,2,2,D,20,13,5,5,1.809,1.258,understat,,,,,,,,,,0.5914,0.2374,0.1712,0.591,0.2311,0.1779,1,1.71,4.11,5.7,1.69,4.31,5.6,0.5217,0.5789,0.4625,-0.7452,0.2793,1,3,-1,-0.7596,0.3687,0,0,,,-0.0076,-0.0227,,,,,,,,,,,,,,,,,pinnacle
spelad,L1,2021/22,2022-04-30,,Rennes,St Etienne,2,0,H,13,8,3,3,1.2938,0.5686,understat,,,,,,,,,,0.7291,0.1667,0.1042,0.7347,0.1688,0.0966,1,1.36,6,10.45,1.36,6.74,11.5,0.6307,0.6486,0.408,-1.3545,0.3792,-1,8,1.125,0.3155,0.085,0,0,,,0.0187,0.0009,,,,,,,,,,,,,,,,,pinnacle
spelad,L1,2021/22,2022-05-01,,Bordeaux,Nice,0,1,A,5,14,1,3,0.1816,2.5433,understat,,,,,,,,,,0.2527,0.2747,0.4725,0.2973,0.2717,0.4309,1,3.87,3.76,2.08,3.66,3.68,2.27,0.5345,0.5448,-0.4368,0.6706,-0.4988,0,9,-1,-0.5886,0.154,0,0,,,0.1308,0.0064,,,,,,,,,,,,,,,,,pinnacle
spelad,L1,2021/22,2022-05-01,,Brest,Clermont,2,0,H,8,16,4,7,1.3151,0.9939,understat,,,,,,,,,,0.4217,0.2819,0.2964,0.3321,0.2995,0.3684,1,2.35,3.52,3.53,3,3.45,2.75,0.4885,0.4731,1.2326,-1.812,1.0623,0,,,,,0,0,,,-0.2511,0.02,,,,,,,,,,,,,,,,,pinnacle
spelad,L1,2021/22,2022-05-01,,Lorient,Reims,1,2,A,20,12,8,2,1.7374,1.4008,understat,,,,,,,,,,0.4185,0.2977,0.2838,0.4384,0.2971,0.2645,1,2.34,3.35,3.45,2.27,3.45,3.78,0.4175,0.43,0.437,0.1635,0.1579,0,3,2,1.1651,0.0343,0,0,,,0.0592,-0.003,,,,,,,,,,,,,,,,,pinnacle
spelad,L1,2021/22,2022-05-01,,Marseille,Lyon,0,3,A,9,12,2,5,1.257,2.7386,understat,,,,,,,,,,0.4161,0.2643,0.3196,0.3993,0.2775,0.3232,1,2.38,3.78,3.17,2.5,3.75,3.12,0.5825,0.5945,0.4662,0.4186,0.7888,-1,8,-1.5,-0.5869,-0.0112,0,0,,,-0.0371,0.0008,,,,,,,,,,,,,,,,,pinnacle
spelad,L1,2021/22,2022-05-01,,Monaco,Angers,2,0,H,15,11,7,5,2.2194,0.6144,understat,,,,,,,,,,0.7075,0.1839,0.1086,0.7291,0.1745,0.0964,1,1.42,5.4,9,1.35,5.83,11,0.5779,0.6044,1.1398,-0.5681,1.2161,1,9,1.6667,0.4051,-0.0342,0,0,,,0.0553,-0.0145,,,,,,,,,,,,,,,,,pinnacle
spelad,L1,2021/22,2022-05-01,,Montpellier,Metz,2,2,D,18,17,6,5,1.996,1.3311,understat,,,,,,,,,,0.5545,0.2422,0.2033,0.5274,0.2534,0.2192,1,1.81,4.1,5,1.85,4.11,4.55,0.5243,0.5646,0.0401,0.2453,0.1948,1,7,0,-0.4149,0.1445,0,0,,,-0.0702,-0.0071,,,,,,,,,,,,,,,,,pinnacle
spelad,L1,2021/22,2022-05-01,,Troyes,Lille,3,0,H,9,10,5,1,2.9963,0.5984,understat,,,,,,,,,,0.2578,0.2961,0.4461,0.2766,0.294,0.4294,1,3.93,3.4,2.25,3.58,3.44,2.38,0.4318,0.4604,0.1401,-0.2322,0.5597,0,3,0,0.3795,0.0686,0,0,,,0.0543,0.0087,,,,,,,,,,,,,,,,,pinnacle
spelad,L1,2021/22,2022-05-06,,Lille,Monaco,1,2,A,15,9,5,3,0.9556,0.2971,understat,,,,,,,,,,0.2475,0.2587,0.4938,0.2532,0.2606,0.4862,1,4.08,3.96,2.08,4.14,3.92,2.12,0.5308,0.5281,-1.1283,1.0721,-1.3824,0,8,-1.125,-0.3227,0.114,0,0,,,0.0189,0.0211,,,,,,,,,,,,,,,,,pinnacle
spelad,L1,2021/22,2022-05-07,,Brest,Strasbourg,0,1,A,7,14,2,5,0.7741,2.1945,understat,,,,,,,,,,0.1982,0.2337,0.5681,0.2454,0.2639,0.4907,1,5,4.2,1.8,4.4,4.03,2.06,0.5051,0.5281,0.5629,-0.648,0.2926,-2,4,-0.75,-0.1214,-0.0247,0,0,,,0.1717,-0.005,,,,,,,,,,,,,,,,,pinnacle
spelad,L1,2021/22,2022-05-08,,Angers,Bordeaux,4,1,H,13,7,8,3,2.3967,0.702,understat,,,,,,,,,,0.4587,0.2706,0.2706,0.3916,0.2854,0.3231,1,2.19,3.62,3.65,2.5,3.6,3.25,0.4897,0.5141,0.302,-0.8399,0.1989,0,8,-0.375,-0.2644,0.0675,0,0,,,-0.1867,0.0107,,,,,,,,,,,,,,,,,pinnacle
spelad,L1,2021/22,2022-05-08,,Clermont,Montpellier,2,1,H,12,10,4,2,1.8119,1.1104,understat,,,,,,,,,,0.5096,0.2335,0.2568,0.5845,0.2381,0.1775,1,1.94,4.2,4.1,1.69,4.3,5.5,0.5595,0.562,-0.2796,0.9303,-0.1939,0,,,,,0,0,,,0.229,-0.0073,,,,,,,,,,,,,,,,,pinnacle
spelad,L1,2021/22,2022-05-08,,Lorient,Marseille,0,3,A,7,9,0,6,0.2187,2.4306,understat,,,,,,,,,,0.2485,0.2454,0.5061,0.26,0.2723,0.4677,1,4.14,4,1.95,3.94,3.74,2.09,0.532,0.4949,-0.3369,0.0936,-0.4998,0,3,-3,-1.0113,-0.2726,0,0,,,0.0613,-0.0125,,,,,,,,,,,,,,,,,pinnacle
spelad,L1,2021/22,2022-05-08,,Metz,Lyon,3,2,H,15,17,8,5,1.9568,2.4582,understat,,,,,,,,,,0.1274,0.1855,0.6871,0.1077,0.1619,0.7304,1,8.11,5.35,1.45,9.5,6.6,1.33,0.6232,0.7128,-0.2018,0.2751,-0.4099,0,7,-1.7143,-0.0092,-0.0514,0,0,,,-0.0826,0.0005,,,,,,,,,,,,,,,,,pinnacle
spelad,L1,2021/22,2022-05-08,,Paris SG,Troyes,2,2,D,17,9,7,3,2.0022,1.9555,understat,,,,,,,,,,0.8249,0.1203,0.0548,0.8275,0.1142,0.0583,1,1.21,8.3,19,1.18,9.5,18,0.675,0.7185,0.3273,-0.6781,-0.4458,2,3,3,0.4808,-0.1322,0,0,,,0.0017,-0.009,,,,,,,,,,,,,,,,,pinnacle
spelad,L1,2021/22,2022-05-08,,Reims,Lens,1,2,A,7,21,2,5,0.3456,1.3136,understat,,,,,,,,,,0.2953,0.2761,0.4287,0.2866,0.2849,0.4286,1,3.45,3.55,2.3,3.59,3.56,2.28,0.4641,0.4719,-0.5324,1.0711,-0.098,-1,3,-1,-0.4327,0.3691,0,0,,,-0.0173,-0.0011,,,,,,,,,,,,,,,,,pinnacle
spelad,L1,2021/22,2022-05-11,,Nantes,Rennes,2,1,H,9,17,3,5,1.2379,1.5373,understat,,,,,,,,,,0.1928,0.2286,0.5785,0.1673,0.2126,0.6201,1,5.25,4.33,1.75,6.2,4.9,1.57,0.5495,0.6241,-0.6542,1.3722,-0.3555,0,9,-1.3333,-0.4946,0.0356,0,0,,,-0.0927,-0.0006,,,,,,,,,,,,,,,,,pinnacle
spelad,L1,2021/22,2022-05-11,,Nice,St Etienne,4,2,H,14,12,7,6,1.2773,1.9078,understat,,,,,,,,,,0.6067,0.2264,0.1669,0.63,0.227,0.1431,1,1.64,4.4,6,1.63,4.55,7.14,0.5105,0.5471,-0.1796,0.6111,0.2861,-1,8,-0.375,-0.1135,-0.1581,0,0,,,0.0705,0.0045,,,,,,,,,,,,,,,,,pinnacle
spelad,L1,2021/22,2022-05-14,,Bordeaux,Lorient,0,0,D,14,13,1,2,1.0391,0.6052,understat,,,,,,,,,,0.3989,0.2596,0.3415,0.3958,0.2881,0.3161,1,2.5,3.82,2.92,2.47,3.55,3.12,0.6093,0.5026,-0.5028,0.3515,-0.2822,0,3,0,0.0143,0.0441,0,0,,,0.0192,-0.0068,,,,,,,,,,,,,,,,,pinnacle
spelad,L1,2021/22,2022-05-14,,Lyon,Nantes,3,2,H,17,17,6,6,3.1289,1.2836,understat,,,,,,,,,,0.6696,0.1815,0.1489,0.6383,0.1944,0.1673,1,1.48,5.5,7,1.52,5.41,6.5,0.6938,0.7173,-0.368,-0.0008,-0.4778,3,8,0.75,-0.3626,0.0423,0,0,,,-0.081,0.0268,,,,,,,,,,,,,,,,,pinnacle
spelad,L1,2021/22,2022-05-14,,Metz,Angers,1,0,H,7,11,2,4,0.742,0.6095,understat,,,,,,,,,,0.4888,0.2546,0.2566,0.4052,0.2739,0.3209,1,2.03,3.92,4.1,2.41,3.76,3.51,0.5347,0.5462,-0.0255,0.0032,-0.3692,0,6,-1.5,-0.3822,-0.1207,0,0,,,-0.2315,0.0466,,,,,,,,,,,,,,,,,pinnacle
spelad,L1,2021/22,2022-05-14,,Monaco,Brest,4,2,H,25,10,9,5,3.8454,1.9945,understat,,,,,,,,,,0.7799,0.1426,0.0774,0.7948,0.1338,0.0714,1,1.28,7.1,13.56,1.26,7.66,15,0.6713,0.689,0.6676,-0.0905,0.7124,1,4,0,-0.4462,-0.2268,0,0,,,0.0359,-0.0312,,,,,,,,,,,,,,,,,pinnacle
spelad,L1,2021/22,2022-05-14,,Montpellier,Paris SG,0,4,A,10,15,3,9,0.2926,2.5793,understat,,,,,,,,,,0.135,0.1647,0.7004,0.115,0.1436,0.7414,1,8,6,1.41,9.35,7,1.33,0.7197,0.7197,-0.2911,0.5252,-0.1331,0,9,-2,-0.0065,-0.0422,0,0,,,-0.081,-0.0118,,,,,,,,,,,,,,,,,pinnacle
spelad,L1,2021/22,2022-05-14,,Nice,Lille,1,3,A,16,9,6,5,0.9858,2.5206,understat,,,,,,,,,,0.5742,0.2257,0.2001,0.5667,0.2335,0.1998,1,1.78,4.33,5.25,1.76,4.32,5,0.5536,0.5865,0.3776,-0.1284,0.6381,-5,8,0.375,0.3264,0.0943,0,0,,,-0.0148,-0.0134,,,,,,,,,,,,,,,,,pinnacle
spelad,L1,2021/22,2022-05-14,,Rennes,Marseille,2,0,H,12,8,4,0,1.1964,0.2981,understat,,,,,,,,,,0.4794,0.2457,0.2749,0.4956,0.2668,0.2376,1,2.1,3.98,3.74,2.04,3.83,4.39,0.566,0.5282,-0.2869,-1.3526,-0.9198,-3,9,-0.6667,-0.119,0.0572,0,0,,,0.0699,-0.0045,,,,,,,,,,,,,,,,,pinnacle
spelad,L1,2021/22,2022-05-14,,St Etienne,Reims,1,2,A,16,17,7,7,1.6338,2.1296,understat,,,,,,,,,,0.5545,0.235,0.2105,0.4748,0.275,0.2502,1,1.82,4.2,5.25,2.08,3.68,4.06,0.5335,0.4961,-0.2151,0.4832,-0.3889,-3,7,-0.4286,-0.2732,-0.0183,0,0,,,-0.1991,0.0023,,,,,,,,,,,,,,,,,pinnacle
spelad,L1,2021/22,2022-05-14,,Strasbourg,Clermont,1,0,H,11,11,6,3,0.6357,0.4006,understat,,,,,,,,,,0.6591,0.2035,0.1374,0.6743,0.199,0.1268,1,1.52,4.8,7.3,1.48,4.88,8.5,0.5587,0.5244,0.2004,-0.5399,0.4042,1,,,,,0,0,,,0.0411,-0.0113,,,,,,,,,,,,,,,,,pinnacle
spelad,L1,2021/22,2022-05-14,,Troyes,Lens,1,3,A,6,15,2,9,0.1983,0.8564,understat,,,,,,,,,,0.2955,0.2545,0.45,0.2549,0.2618,0.4832,1,3.55,3.83,2.19,3.92,3.76,2.05,0.5436,0.5296,-1.1989,1.2565,-0.4751,0,,,,,0,0,,,-0.1143,0.0002,,,,,,,,,,,,,,,,,pinnacle
spelad,L1,2021/22,2022-05-21,,Angers,Montpellier,2,0,H,19,14,3,1,2.2649,1.2975,understat,,,,,,,,,,0.4788,0.2442,0.2769,0.4612,0.2623,0.2765,1,2.1,4.02,3.65,2.18,3.84,3.7,0.5804,0.5747,0.3719,-0.8746,0.5808,0,9,-0.3333,-0.0595,0.1404,0,0,,,-0.0348,-0.0026,,,,,,,,,,,,,,,,,pinnacle
spelad,L1,2021/22,2022-05-21,,Brest,Bordeaux,2,4,A,11,15,7,7,1.2197,3.433,understat,,,,,,,,,,0.5007,0.228,0.2713,0.5806,0.214,0.2054,1,2.01,4.3,3.7,1.69,4.87,5,0.6396,0.6581,0.8685,-1.1375,1.0008,0,5,0.6,0.4472,0.1179,0,0,,,0.2257,0.0065,,,,,,,,,,,,,,,,,pinnacle
spelad,L1,2021/22,2022-05-21,,Clermont,Lyon,1,2,A,18,21,3,5,2.3146,2.4705,understat,,,,,,,,,,0.2439,0.2284,0.5276,0.2606,0.2304,0.509,1,4,4.38,1.88,3.77,4.3,1.97,0.6605,0.6932,-0.3379,1.1006,-0.2844,0,,,,,0,0,,,0.0521,0.0254,,,,,,,,,,,,,,,,,pinnacle
spelad,L1,2021/22,2022-05-21,,Lens,Monaco,2,2,D,28,12,10,5,1.5479,2.0639,understat,,,,,,,,,,0.2883,0.2399,0.4717,0.2899,0.2492,0.4609,1,3.45,4.15,2.16,3.51,4.08,2.17,0.6214,0.6241,-0.4414,-0.5166,-0.2927,0,3,2,1.5526,0.1013,0,0,,,0.014,0.0165,,,,,,,,,,,,,,,,,pinnacle
spelad,L1,2021/22,2022-05-21,,Lille,Rennes,2,2,D,13,13,4,3,1.7131,1.1368,understat,,,,,,,,,,0.2319,0.237,0.531,0.2654,0.2557,0.4788,1,4.4,4.36,1.85,3.88,3.95,2.1,0.5945,0.5945,-0.7753,1.6951,-0.2599,0,9,0.3333,0.1654,-0.0702,0,0,,,0.1192,0.0015,,,,,,,,,,,,,,,,,pinnacle
spelad,L1,2021/22,2022-05-21,,Lorient,Troyes,1,1,D,17,8,6,3,1.147,0.5976,understat,,,,,,,,,,0.4546,0.2658,0.2796,0.44,0.2679,0.292,1,2.26,3.8,3.48,2.28,3.7,3.46,0.5573,0.555,0.331,0.3541,-0.3462,0,,,,,0,0,,,-0.0416,-0.0228,,,,,,,,,,,,,,,,,pinnacle
spelad,L1,2021/22,2022-05-21,,Marseille,Strasbourg,4,0,H,17,10,11,4,2.1035,1.4588,understat,,,,,,,,,,0.4791,0.2702,0.2507,0.4431,0.2923,0.2646,1,2.13,3.8,3.89,2.28,3.36,3.86,0.5587,0.4641,-0.0022,0.2947,0.0345,0,8,1.875,0.4838,0.1131,0,0,,,-0.0861,-0.0154,,,,,,,,,,,,,,,,,pinnacle
spelad,L1,2021/22,2022-05-21,,Nantes,St Etienne,1,1,D,12,13,5,3,1.8491,1.7872,understat,,,,,,,,,,0.3701,0.2681,0.3618,0.3883,0.2718,0.3398,1,2.75,3.82,2.7,2.65,3.81,3,0.6108,0.5965,0.7184,-1.0768,0.9801,0,9,-0.3333,-0.2085,0.1492,0,0,,,0.0586,0.0017,,,,,,,,,,,,,,,,,pinnacle
spelad,L1,2021/22,2022-05-21,,Paris SG,Metz,5,0,H,27,4,12,1,5.5667,0.6932,understat,,,,,,,,,,0.804,0.111,0.0849,0.8501,0.0958,0.0541,1,1.22,9.2,13.95,1.2,12.4,25,0.713,0.713,-0.0731,-0.2726,-0.0874,0,6,3,0.4884,-0.1318,0,0,,,0.1229,-0.0032,,,,,,,,,,,,,,,,,pinnacle
spelad,L1,2021/22,2022-05-21,,Reims,Nice,2,3,A,5,17,4,6,0.6651,1.8828,understat,,,,,,,,,,0.2313,0.2435,0.5252,0.2406,0.2611,0.4983,1,4.3,4.02,1.9,4.25,3.88,1.96,0.5711,0.5547,-0.039,-0.4104,0.1745,0,7,0,-0.1506,0.4153,0,0,,,0.0453,0.0032,,,,,,,,,,,,,,,,,pinnacle
spelad,L1,2022/23,2022-08-05,,Lyon,Ajaccio,2,1,H,11,8,6,4,1.8568,1.1385,understat,,,,,,,,,,0.733,0.1763,0.0907,0.7048,0.1832,0.1121,1,1.36,5.7,11,1.38,5.7,10,0.5707,0.5718,,,,,,,,,-1,0,,,-0.0778,0.0179,,,,,,,,,,,,,,,,,pinnacle
spelad,L1,2022/23,2022-08-06,,Clermont,Paris SG,0,5,A,7,18,1,12,0.1949,4.1189,understat,,,,,,,,,,0.0983,0.1427,0.759,0.0729,0.1435,0.7835,1,11.5,7,1.3,14.5,7.4,1.29,0.6831,0.6628,-0.3535,1.3546,-0.1305,,,,,,0,0,,,-0.0753,0.017,,,,,,,,,,,,,,,,,pinnacle
spelad,L1,2022/23,2022-08-06,,Strasbourg,Monaco,1,2,A,11,24,7,11,1.3912,2.4797,understat,,,,,,,,,,0.3704,0.2876,0.3419,0.4057,0.2931,0.3012,1,2.7,3.56,2.92,2.62,3.52,3.28,0.4719,0.4578,-1.0092,1.0489,-0.8139,,10,0.6,0.7395,-0.057,0,0,,,0.1113,-0.0337,,,,,,,,,,,,,,,,,pinnacle
spelad,L1,2022/23,2022-08-07,,Angers,Nantes,0,0,D,16,14,6,4,1.9161,1.1472,understat,,,,,,,,,,0.3469,0.2974,0.3557,0.3039,0.2983,0.3978,1,2.84,3.3,2.82,3.29,3.35,2.5,0.4354,0.4354,-0.0596,0.1329,-0.075,,10,-0.3,-0.0958,-0.0092,0,0,,,-0.1281,0.0077,,,,,,,,,,,,,,,,,pinnacle
spelad,L1,2022/23,2022-08-07,,Lens,Brest,3,2,H,17,6,7,4,3.3168,1.0423,understat,,,,,,,,,,0.6104,0.2123,0.1773,0.6018,0.2305,0.1678,1,1.6,4.7,6,1.65,4.3,5.9,0.5743,0.523,0.5405,-0.5268,0.7362,,4,-0.75,-0.7044,-0.0107,0,0,,,-0.0079,-0.0226,,,,,,,,,,,,,,,,,pinnacle
spelad,L1,2022/23,2022-08-07,,Lille,Auxerre,4,1,H,16,10,7,2,1.2999,0.7699,understat,,,,,,,,,,0.5648,0.2413,0.1939,0.5991,0.2342,0.1667,1,1.78,4.1,5.04,1.69,4.29,6,0.5281,0.5064,,,,,,,,,-1,0,,,0.0958,-0.0368,,,,,,,,,,,,,,,,,pinnacle
spelad,L1,2022/23,2022-08-07,,Marseille,Reims,4,1,H,16,16,6,6,2.7702,0.6761,understat,,,,,,,,,,0.607,0.2384,0.1546,0.5876,0.2482,0.1642,1,1.63,4.33,6.53,1.68,4.34,6.2,0.491,0.4808,0.3508,-0.2065,0.1403,,7,0,-0.5442,0.1553,0,0,,,-0.0484,0.0045,,,,,,,,,,,,,,,,,pinnacle
spelad,L1,2022/23,2022-08-07,,Montpellier,Troyes,3,2,H,17,15,6,10,1.5776,1.8427,understat,,,,,,,,,,0.4426,0.2771,0.2803,0.4349,0.3048,0.2603,1,2.25,3.58,3.49,2.25,3.3,4.04,0.4974,0.4282,0.0105,0.5126,-0.5331,,4,0,-0.4048,0.2301,0,0,,,0.0046,0.0265,,,,,,,,,,,,,,,,,pinnacle
spelad,L1,2022/23,2022-08-07,,Rennes,Lorient,0,1,A,21,8,6,2,1.4048,0.7057,understat,,,,,,,,,,0.7181,0.1756,0.1063,0.6373,0.2049,0.1578,1,1.37,5.6,10,1.53,5,7.82,0.5896,0.5308,0.3887,-1.3661,0.0618,,4,2.25,0.5048,0.0107,0,0,,,-0.213,0.0255,,,,,,,,,,,,,,,,,pinnacle
spelad,L1,2022/23,2022-08-07,,Toulouse,Nice,1,1,D,6,11,4,4,1.8544,0.6994,understat,,,,,,,,,,0.334,0.2853,0.3807,0.3795,0.2985,0.322,1,2.97,3.64,2.57,2.68,3.44,3.04,0.5154,0.4846,-1.1743,0.767,-0.9222,,6,-1,-0.3826,0.0464,1,0,,,0.1497,-0.0084,,,,,,,,,,,,,,,,,pinnacle
spelad,L1,2022/23,2022-08-12,,Nantes,Lille,1,1,D,10,16,1,5,2.0799,2.5344,understat,,,,,,,,,,0.3134,0.2859,0.4007,0.3054,0.2874,0.4072,1,3.15,3.52,2.48,3.33,3.46,2.41,0.4859,0.4641,0.2593,-0.5579,0.2429,0,10,-2.4,-0.95,-0.0952,0,0,,,-0.0225,-0.0073,,,,,,,,,,,,,,,,,pinnacle
spelad,L1,2022/23,2022-08-13,,Monaco,Rennes,1,1,D,12,24,4,8,2.3952,2.0249,understat,,,,,,,,,,0.4428,0.2659,0.2913,0.4531,0.2681,0.2788,1,2.24,3.8,3.48,2.19,3.76,3.8,0.5422,0.5522,1.0761,0.2367,1.6144,1,9,1,0.2482,-0.0386,0,0,,,0.033,0.0152,,,,,,,,,,,,,,,,,pinnacle
spelad,L1,2022/23,2022-08-13,,Paris SG,Montpellier,5,2,H,20,7,10,4,3.3388,0.7785,understat,,,,,,,,,,0.878,0.0838,0.0381,0.9102,0.0604,0.0294,1,1.11,14,31,1.08,21,43,0.777,0.8213,0.2835,-0.9929,0.3621,1,10,2.1,0.1071,-0.0524,0,0,,,0.0732,-0.0121,,,,,,,,,,,,,,,,,pinnacle
spelad,L1,2022/23,2022-08-14,,Ajaccio,Lens,0,0,D,9,12,2,3,0.7073,1.0275,understat,,,,,,,,,,0.2954,0.2972,0.4074,0.2852,0.3038,0.411,1,3.35,3.37,2.46,3.57,3.26,2.4,0.4293,0.4035,,,,2,,,,,1,0,,,-0.024,0.008,,,,,,,,,,,,,,,,,pinnacle
spelad,L1,2022/23,2022-08-14,,Auxerre,Angers,2,2,D,11,11,4,2,0.8987,1.6552,understat,,,,,,,,,,0.4235,0.3077,0.2688,0.3994,0.2948,0.3058,1,2.31,3.48,3.65,2.5,3.4,3.49,0.4504,0.4783,,,,0,,,,,1,0,,,-0.0853,-0.0102,,,,,,,,,,,,,,,,,pinnacle
spelad,L1,2022/23,2022-08-14,,Brest,Marseille,1,1,D,17,5,5,2,1.6413,1.3096,understat,,,,,,,,,,0.2348,0.2429,0.5223,0.2533,0.2628,0.484,1,4.24,4.1,1.9,4.13,3.83,2.08,0.5584,0.5422,-0.0612,-0.4399,-0.3092,0,5,-1.8,-0.2848,-0.2578,0,0,,,0.0753,0.0007,,,,,,,,,,,,,,,,,pinnacle
spelad,L1,2022/23,2022-08-14,,Nice,Strasbourg,1,1,D,13,9,3,5,1.5102,1.5721,understat,,,,,,,,,,0.4405,0.2902,0.2694,0.4234,0.2955,0.2811,1,2.24,3.58,3.64,2.33,3.48,3.95,0.4578,0.4629,0.5582,-0.6551,0.4209,-1,9,-1,-0.4492,-0.0698,0,0,,,-0.0458,0.0191,,,,,,,,,,,,,,,,,pinnacle
spelad,L1,2022/23,2022-08-14,,Reims,Clermont,2,4,A,9,10,6,5,2.6544,1.567,understat,,,,,,,,,,0.4489,0.3021,0.249,0.4766,0.2988,0.2246,1,2.21,3.5,3.93,2.09,3.42,4.4,0.4354,0.4211,0.4909,-0.7509,0.3867,-1,,,,,0,0,,,0.0798,-0.0127,,,,,,,,,,,,,,,,,pinnacle
spelad,L1,2022/23,2022-08-14,,Troyes,Toulouse,0,3,A,12,10,2,4,0.9254,2.0768,understat,,,,,,,,,,0.3557,0.286,0.3583,0.3231,0.2975,0.3794,1,2.76,3.46,2.76,3.1,3.4,2.63,0.4541,0.4552,0.5807,-1.0146,0.5348,0,,,,,-1,0,,,-0.0864,-0.0011,,,,,,,,,,,,,,,,,pinnacle
spelad,L1,2022/23,2022-08-19,,Lyon,Troyes,4,1,H,16,4,8,1,3.546,0.9483,understat,,,,,,,,,,0.7433,0.1561,0.1006,0.7463,0.1495,0.1042,1,1.33,6.4,11,1.33,6.5,10.42,0.642,0.672,0.9126,-0.9714,0.6133,7,4,3,0.7553,-0.1845,0,0,,,0.0025,-0.0202,,,,,,,,,,,,,,,,,pinnacle
spelad,L1,2022/23,2022-08-20,,Marseille,Nantes,2,1,H,16,12,5,3,1.7165,2.3583,understat,,,,,,,,,,0.6065,0.2234,0.1701,0.5957,0.2324,0.1718,1,1.62,4.4,5.8,1.7,4.3,5.8,0.5396,0.5496,0.0784,0.6228,0.1601,-2,10,0.3,-0.1817,0.0261,0,0,,,-0.0232,-0.0271,,,,,,,,,,,,,,,,,pinnacle
spelad,L1,2022/23,2022-08-20,,Monaco,Lens,1,4,A,12,14,5,6,2.2789,2.4581,understat,,,,,,,,,,0.5491,0.2384,0.2125,0.5254,0.2431,0.2316,1,1.83,4.25,4.6,1.91,4.1,4.56,0.5646,0.5754,0.2555,0.1101,0.2146,1,4,-1.5,-1.3983,0.2636,0,0,,,-0.0666,0.0039,,,,,,,,,,,,,,,,,pinnacle
spelad,L1,2022/23,2022-08-21,,Angers,Brest,1,3,A,7,11,5,7,1.053,2.2269,understat,,,,,,,,,,0.4095,0.2984,0.2921,0.3866,0.3,0.3135,1,2.39,3.45,3.35,2.53,3.4,3.36,0.491,0.4783,-0.5488,0.8905,-0.1685,0,6,1,0.3429,0.0378,0,0,,,-0.0672,0.0192,,,,,,,,,,,,,,,,,pinnacle
spelad,L1,2022/23,2022-08-21,,Clermont,Nice,1,0,H,7,13,2,4,0.7123,1.6314,understat,,,,,,,,,,0.2677,0.2714,0.4609,0.2558,0.2875,0.4567,1,3.75,3.61,2.12,3.82,3.52,2.24,0.4796,0.4731,-0.1285,0.1185,0.0115,0,,,,,0,0,,,-0.0195,0.0187,,,,,,,,,,,,,,,,,pinnacle
spelad,L1,2022/23,2022-08-21,,Lille,Paris SG,1,7,A,16,16,10,9,1.5034,4.3704,understat,,,,,,,,,,0.1504,0.2033,0.6463,0.1281,0.1648,0.7071,1,7,4.95,1.55,9,6,1.4,0.6025,0.6636,-0.0708,0.4819,0.1697,1,10,-1.5,0.1133,-0.088,0,0,,,-0.1054,-0.0026,,,,,,,,,,,,,,,,,pinnacle
spelad,L1,2022/23,2022-08-21,,Montpellier,Auxerre,1,2,A,13,7,7,2,0.603,1.2919,understat,,,,,,,,,,0.4629,0.2604,0.2767,0.4966,0.2688,0.2346,1,2.2,3.75,3.55,2,3.72,4.37,0.5179,0.5396,,,,1,,,,,-1,0,,,0.1095,-0.0196,,,,,,,,,,,,,,,,,pinnacle
spelad,L1,2022/23,2022-08-21,,Rennes,Ajaccio,2,1,H,16,10,7,3,0.9798,1.4427,understat,,,,,,,,,,0.6826,0.2086,0.1088,0.6448,0.2286,0.1266,1,1.45,4.8,9.1,1.53,4.42,8,0.4936,0.4629,,,,1,,,,,-1,0,,,-0.0934,-0.0215,,,,,,,,,,,,,,,,,pinnacle
spelad,L1,2022/23,2022-08-21,,Strasbourg,Reims,1,1,D,12,12,3,6,1.4462,2.0351,understat,,,,,,,,,,0.5307,0.2774,0.1919,0.5452,0.2638,0.191,1,1.86,3.65,5.1,1.8,3.8,5.4,0.4416,0.4808,-0.133,0.3303,-0.0663,0,8,-0.375,-0.3005,0.065,0,0,,,0.0299,-0.0141,,,,,,,,,,,,,,,,,pinnacle
spelad,L1,2022/23,2022-08-21,,Toulouse,Lorient,2,2,D,16,14,8,4,2.4802,2.9657,understat,,,,,,,,,,0.477,0.2754,0.2476,0.5288,0.2595,0.2117,1,2.07,3.62,3.97,1.98,3.8,4.62,0.4783,0.5026,-1.083,0.7575,-0.3678,-7,,,,,1,0,,,0.1394,-0.0508,,,,,,,,,,,,,,,,,pinnacle
spelad,L1,2022/23,2022-08-26,,Ajaccio,Lille,1,3,A,13,7,2,4,0.5131,1.8055,understat,,,,,,,,,,0.2688,0.3058,0.4254,0.3096,0.3096,0.3807,1,3.65,3.32,2.34,3.54,3.29,2.57,0.4,0.399,,,,0,,,,,1,0,,,0.1264,-0.036,,,,,,,,,,,,,,,,,pinnacle
spelad,L1,2022/23,2022-08-27,,Auxerre,Strasbourg,1,0,H,7,14,3,4,0.7701,1.6553,understat,,,,,,,,,,0.2578,0.2792,0.4631,0.2705,0.2774,0.4521,1,3.79,3.76,2.13,3.74,3.7,2.23,0.5166,0.5166,,,,0,,,,,1,0,,,0.0364,0.0134,,,,,,,,,,,,,,,,,pinnacle
spelad,L1,2022/23,2022-08-27,,Lens,Rennes,2,1,H,17,12,4,6,1.1584,0.8882,understat,,,,,,,,,,0.376,0.2785,0.3455,0.4221,0.2766,0.3013,1,2.64,3.76,2.83,2.62,3.62,3.3,0.5584,0.5434,0.2443,0.1869,0.7822,1,4,1.5,0.8127,0.2162,0,0,,,0.1363,-0.0323,,,,,,,,,,,,,,,,,pinnacle
spelad,L1,2022/23,2022-08-28,,Brest,Montpellier,0,7,A,6,14,0,8,0.1631,2.2067,understat,,,,,,,,,,0.5033,0.2675,0.2292,0.4982,0.2705,0.2314,1,1.97,4,4.26,1.99,3.7,4.22,0.5558,0.5128,0.396,-1.0271,0.6683,0,5,-0.6,-0.1995,0.1321,0,0,,,-0.0124,-0.0133,,,,,,,,,,,,,,,,,pinnacle
spelad,L1,2022/23,2022-08-28,,Lorient,Clermont,2,1,H,22,9,9,2,3.4663,0.4325,understat,,,,,,,,,,0.4744,0.2776,0.248,0.4914,0.2818,0.2269,1,2.11,3.66,3.94,2.06,3.58,4.31,0.4757,0.4629,-0.1425,0.4956,-0.2109,0,,,,,0,0,,,0.0551,-0.0302,,,,,,,,,,,,,,,,,pinnacle
spelad,L1,2022/23,2022-08-28,,Nantes,Toulouse,3,1,H,16,9,8,3,1.8036,0.5314,understat,,,,,,,,,,0.401,0.2894,0.3096,0.3993,0.282,0.3187,1,2.48,3.45,3.19,2.48,3.55,3.24,0.5026,0.5179,0.9761,-1.429,0.6896,1,5,1.2,0.4057,-0.097,-1,0,,,-0.0123,0.0037,,,,,,,,,,,,,,,,,pinnacle
spelad,L1,2022/23,2022-08-28,,Nice,Marseille,0,3,A,16,13,2,4,0.7972,1.4143,understat,,,,,,,,,,0.3437,0.2767,0.3796,0.3363,0.2845,0.3793,1,2.88,3.62,2.66,3.1,3.7,2.64,0.4949,0.5179,-0.4365,0.8273,-0.3465,-1,9,-2,-0.6632,-0.1666,0,0,,,-0.0145,0.0063,,,,,,,,,,,,,,,,,pinnacle
spelad,L1,2022/23,2022-08-28,,Paris SG,Monaco,1,1,D,18,4,5,3,2.7156,0.2378,understat,,,,,,,,,,0.808,0.1161,0.0759,0.7896,0.1295,0.0809,1,1.22,8.7,16.5,1.28,8,12,0.7149,0.7149,-0.4399,-0.6885,-0.435,-1,10,0.9,-0.3219,-0.075,0,0,,,-0.0418,-0.0283,,,,,,,,,,,,,,,,,pinnacle
spelad,L1,2022/23,2022-08-28,,Reims,Lyon,1,1,D,8,18,5,5,0.8891,1.3705,understat,,,,,,,,,,0.2275,0.2363,0.5362,0.2341,0.2369,0.529,1,4.59,4.22,1.82,4.46,4.13,1.85,0.586,0.585,-0.5055,0.4521,-0.4056,-2,7,0.4286,0.6536,0.3339,0,0,,,0.0205,-0.0049,,,,,,,,,,,,,,,,,pinnacle
spelad,L1,2022/23,2022-08-28,,Troyes,Angers,3,1,H,25,7,11,3,2.2319,1.0011,understat,,,,,,,,,,0.3916,0.2863,0.3221,0.4293,0.2957,0.275,1,2.6,3.48,3.04,2.52,3.38,3.56,0.4617,0.4541,-0.0935,0.2286,-0.1569,2,4,-0.75,-0.0887,-0.0482,0,0,,,0.1225,-0.0746,,,,,,,,,,,,,,,,,pinnacle
spelad,L1,2022/23,2022-08-31,,Angers,Reims,2,4,A,10,11,3,5,1.4342,2.3524,understat,,,,,,,,,,0.3681,0.2967,0.3353,0.2977,0.2941,0.4081,1,2.66,3.35,3.02,3.29,3.43,2.51,0.4467,0.4694,-0.2552,-0.0036,-0.165,0,8,0,-0.1511,0.1824,0,0,,,-0.2135,0.0204,,,,,,,,,,,,,,,,,pinnacle
spelad,L1,2022/23,2022-08-31,,Lens,Lorient,5,2,H,15,10,8,3,3.0112,1.4489,understat,,,,,,,,,,0.6248,0.218,0.1572,0.5546,0.2555,0.1899,1,1.58,4.5,6.5,1.76,4.38,6.2,0.5522,0.5154,0.6626,-1.2679,0.7335,1,4,0.75,0.1846,-0.0319,0,0,,,-0.1731,0.002,,,,,,,,,,,,,,,,,pinnacle
spelad,L1,2022/23,2022-08-31,,Lille,Nice,1,2,A,18,3,6,2,0.9364,1.5437,understat,,,,,,,,,,0.4674,0.2714,0.2612,0.4547,0.2825,0.2628,1,2.1,3.8,3.8,2.15,3.66,4,0.4872,0.4859,-0.1025,0.0353,0.3904,2,9,0,-0.1332,0.0578,0,0,,,-0.0271,0.0252,,,,,,,,,,,,,,,,,pinnacle
spelad,L1,2022/23,2022-08-31,,Lyon,Auxerre,2,1,H,20,6,8,2,3.3391,0.4114,understat,,,,,,,,,,0.7448,0.1513,0.1039,0.7473,0.1492,0.1035,1,1.33,6.71,11.26,1.33,6.9,11.26,0.6911,0.6824,,,,-1,,,,,-1,0,,,0.0054,0.0063,,,,,,,,,,,,,,,,,pinnacle
spelad,L1,2022/23,2022-08-31,,Marseille,Clermont,1,0,H,21,3,7,0,2.5088,0.1641,understat,,,,,,,,,,0.6975,0.186,0.1165,0.7005,0.1817,0.1179,1,1.41,5.3,8.7,1.39,6,10,0.586,0.5965,0.2222,-0.4763,0.3026,0,,,,,0,0,,,0.0046,0.0116,,,,,,,,,,,,,,,,,pinnacle
spelad,L1,2022/23,2022-08-31,,Monaco,Troyes,2,4,A,8,19,6,11,1.6946,2.6843,understat,,,,,,,,,,0.7107,0.1751,0.1141,0.7367,0.1682,0.0951,1,1.39,5.6,9.09,1.36,6.06,10.5,0.618,0.6502,0.6335,-0.4719,0.2169,0,4,3,0.8713,-0.2169,0,0,,,0.071,-0.0262,,,,,,,,,,,,,,,,,pinnacle
spelad,L1,2022/23,2022-08-31,,Montpellier,Ajaccio,2,0,H,9,15,4,0,1.8241,0.8942,understat,,,,,,,,,,0.455,0.2869,0.2581,0.4268,0.3054,0.2678,1,2.15,3.54,3.79,2.31,3.29,3.95,0.4416,0.4025,,,,-2,,,,,-1,0,,,-0.0661,0.0253,,,,,,,,,,,,,,,,,pinnacle
spelad,L1,2022/23,2022-08-31,,Rennes,Brest,3,1,H,16,7,9,2,1.4425,0.266,understat,,,,,,,,,,0.6456,0.1977,0.1567,0.6166,0.2229,0.1605,1,1.53,5,7,1.58,4.68,6.91,0.5815,0.5422,-0.0583,-0.2602,-0.137,1,6,1.5,0.2181,0.237,0,0,,,-0.0617,0.0146,,,,,,,,,,,,,,,,,pinnacle
spelad,L1,2022/23,2022-08-31,,Strasbourg,Nantes,1,1,D,5,12,2,3,0.2604,0.5822,understat,,,,,,,,,,0.5055,0.2595,0.2351,0.4589,0.2777,0.2635,1,2,3.79,4.2,2.19,3.6,3.85,0.5064,0.5026,-0.2514,0.8625,-0.5961,1,9,0,0.0683,-0.1756,0,0,,,-0.1216,-0.0007,,,,,,,,,,,,,,,,,pinnacle
spelad,L1,2022/23,2022-08-31,,Toulouse,Paris SG,0,3,A,14,20,7,13,0.5826,3.9357,understat,,,,,,,,,,0.0881,0.1347,0.7772,0.0944,0.1408,0.7648,1,13,7.6,1.26,11.5,7.4,1.31,0.7041,0.7167,-0.5081,1.1822,-0.4447,0,5,-3,-0.2896,-0.1166,1,0,,,0.025,0.0017,,,,,,,,,,,,,,,,,pinnacle
spelad,L1,2022/23,2022-09-03,,Auxerre,Marseille,0,2,A,8,15,2,7,0.623,1.5445,understat,,,,,,,,,,0.2,0.2358,0.5642,0.217,0.255,0.5279,1,5,4.2,1.77,4.5,4.18,1.9,0.5558,0.5308,-0.0933,0.3878,-0.2088,0,,,,,1,0,,,0.0703,0.0345,,,,,,,,,,,,,,,,,pinnacle
spelad,L1,2022/23,2022-09-03,,Lyon,Angers,5,0,H,16,8,9,3,1.4094,0.685,understat,,,,,,,,,,0.7402,0.1568,0.103,0.7387,0.1574,0.1039,1,1.35,6.3,10.5,1.35,6.5,10.5,0.6597,0.6787,0.7307,-0.1278,0.6456,0,9,1.6667,0.1829,0.0006,0,0,,,-0.004,-0.0092,,,,,,,,,,,,,,,,,pinnacle
spelad,L1,2022/23,2022-09-03,,Nantes,Paris SG,0,3,A,10,19,1,7,0.4141,3.4988,understat,,,,,,,,,,0.1052,0.1561,0.7387,0.0798,0.1378,0.7824,1,11.5,6.6,1.32,12.5,7.2,1.28,0.678,0.7041,-0.0075,0.1925,0.1596,0,10,-1.2,0.4573,-0.1542,0,0,,,-0.0945,0.0289,,,,,,,,,,,,,,,,,pinnacle
spelad,L1,2022/23,2022-09-04,,Ajaccio,Lorient,0,1,A,16,7,3,4,0.5204,0.509,understat,,,,,,,,,,0.387,0.3012,0.3118,0.3976,0.3105,0.2919,1,2.6,3.43,3.17,2.62,3.22,3.4,0.4211,0.4015,-0.611,0.0782,-0.6465,0,,,,,1,0,,,0.041,-0.0154,,,,,,,,,,,,,,,,,pinnacle
spelad,L1,2022/23,2022-09-04,,Brest,Strasbourg,1,1,D,11,10,2,3,0.7269,2.653,understat,,,,,,,,,,0.341,0.2854,0.3736,0.3821,0.2929,0.325,1,2.97,3.61,2.62,2.65,3.46,3.01,0.4949,0.4834,-0.0379,-0.054,-0.1112,0,5,-1.2,-0.2971,-0.0725,0,0,,,0.1307,-0.0202,,,,,,,,,,,,,,,,,pinnacle
spelad,L1,2022/23,2022-09-04,,Clermont,Toulouse,2,0,H,12,14,3,4,1.5073,1.4484,understat,,,,,,,,,,0.3136,0.2965,0.3898,0.2968,0.2881,0.4151,1,3.14,3.53,2.54,3.4,3.66,2.36,0.5,0.5189,0.8373,-1.0716,0.6656,0,,,,,-1,0,,,-0.0588,-0.0066,,,,,,,,,,,,,,,,,pinnacle
spelad,L1,2022/23,2022-09-04,,Montpellier,Lille,1,3,A,4,26,2,7,0.4603,1.2823,understat,,,,,,,,,,0.2879,0.2589,0.4532,0.2587,0.2573,0.484,1,3.45,3.85,2.2,3.93,3.92,2.06,0.5558,0.5635,0.2486,-0.7586,-0.0406,0,9,-1.3333,-0.4752,0.0509,0,0,,,-0.0893,0.0212,,,,,,,,,,,,,,,,,pinnacle
spelad,L1,2022/23,2022-09-04,,Nice,Monaco,0,1,A,12,14,5,2,1.1289,1.1664,understat,,,,,,,,,,0.3473,0.2626,0.3902,0.3139,0.2864,0.3997,1,2.93,3.78,2.55,3.24,3.7,2.57,0.5359,0.5026,-0.0999,0.028,-0.0494,0,10,-0.3,0.226,0.0391,0,0,,,-0.0763,0.0355,,,,,,,,,,,,,,,,,pinnacle
spelad,L1,2022/23,2022-09-04,,Reims,Lens,1,1,D,17,20,4,4,1.7585,2.234,understat,,,,,,,,,,0.303,0.2734,0.4237,0.3052,0.2815,0.4133,1,3.35,3.79,2.32,3.45,3.54,2.37,0.5192,0.5,-0.9124,0.9516,-1.0679,0,4,-1.5,-0.6106,0.2056,0,0,,,0.0147,-0.0131,,,,,,,,,,,,,,,,,pinnacle
spelad,L1,2022/23,2022-09-04,,Troyes,Rennes,1,1,D,9,19,1,6,0.5648,2.6104,understat,,,,,,,,,,0.2306,0.2494,0.52,0.2387,0.249,0.5123,1,4.64,4.12,1.88,4.4,4,1.93,0.5281,0.5693,-0.0363,0.3861,0.4807,0,4,-1.5,-0.3546,0.2433,0,0,,,0.0239,-0.0006,,,,,,,,,,,,,,,,,pinnacle
spelad,L1,2022/23,2022-09-07,,Lorient,Lyon,3,1,H,11,15,6,7,1.4876,2.2982,understat,,,,,,,,,,0.2106,0.2211,0.5682,0.2244,0.2363,0.5393,1,4.9,4.5,1.74,4.73,4.3,1.81,0.5975,0.5825,-0.0873,0.3997,0.1596,-1,4,-1.5,-0.1576,0.2965,0,0,,,0.0565,-0.0061,,,,,,,,,,,,,,,,,pinnacle
spelad,L1,2022/23,2022-09-09,,Lens,Troyes,1,0,H,12,7,3,2,1.448,0.6744,understat,,,,,,,,,,0.6413,0.2052,0.1535,0.6285,0.2073,0.1643,1,1.55,4.8,6.56,1.55,5.1,7.1,0.599,0.6044,0.5438,-0.6575,0.7078,0,,,,,0,0,,,-0.0364,0.024,,,,,,,,,,,,,,,,,pinnacle
spelad,L1,2022/23,2022-09-10,,Marseille,Lille,2,1,H,14,7,7,3,2.2574,0.7749,understat,,,,,,,,,,0.481,0.2705,0.2485,0.4496,0.2764,0.274,1,2.06,3.76,4,2.23,3.66,3.68,0.532,0.5422,0.5328,-0.8732,0.2365,1,10,0,-0.054,-0.0815,0,0,,,-0.0885,-0.0107,,,,,,,,,,,,,,,,,pinnacle
spelad,L1,2022/23,2022-09-10,,Paris SG,Brest,1,0,H,13,6,4,3,2.0127,1.3444,understat,,,,,,,,,,0.892,0.0724,0.0356,0.8926,0.0733,0.0341,1,1.1,16,36,1.1,14,31,0.793,0.805,0.1213,-0.6992,0.7757,1,5,3,0.5316,-0.137,0,0,,,0.0027,-0.0285,,,,,,,,,,,,,,,,,pinnacle
spelad,L1,2022/23,2022-09-11,,Ajaccio,Nice,0,1,A,9,12,3,3,0.4278,1.0495,understat,,,,,,,,,,0.2876,0.3196,0.3928,0.2774,0.3179,0.4047,1,3.4,3.26,2.49,3.53,3.15,2.46,0.3844,0.3777,-0.5279,0.16,-0.385,0,,,,,1,0,,,-0.0324,0.0206,,,,,,,,,,,,,,,,,pinnacle
spelad,L1,2022/23,2022-09-11,,Angers,Montpellier,2,1,H,11,7,5,2,2.9134,1.0264,understat,,,,,,,,,,0.4008,0.2573,0.3419,0.3884,0.2765,0.3352,1,2.51,3.82,2.93,2.6,3.66,2.97,0.5646,0.5371,-0.6626,1.3662,-0.6076,1,10,0,0.0818,0.1001,0,0,,,-0.018,0.0026,,,,,,,,,,,,,,,,,pinnacle
spelad,L1,2022/23,2022-09-11,,Lorient,Nantes,3,2,H,13,9,5,4,1.3031,0.5866,understat,,,,,,,,,,0.4485,0.3027,0.2488,0.3886,0.2995,0.3119,1,2.21,3.4,3.93,2.52,3.31,3.41,0.4655,0.4731,0.8577,-0.0741,0.9284,-4,4,-2.25,-0.9906,-0.0648,0,0,,,-0.1829,0.0153,,,,,,,,,,,,,,,,,pinnacle
spelad,L1,2022/23,2022-09-11,,Monaco,Lyon,2,1,H,11,20,4,6,1.6491,2.2812,understat,,,,,,,,,,0.3837,0.263,0.3532,0.3738,0.2713,0.3549,1,2.6,3.75,2.86,2.78,3.68,2.8,0.6069,0.585,-0.2122,0.1194,-0.3793,3,9,-1,-0.1494,-0.2535,0,0,,,-0.0214,-0.0103,,,,,,,,,,,,,,,,,pinnacle
spelad,L1,2022/23,2022-09-11,,Rennes,Auxerre,5,0,H,12,7,9,3,3.7342,0.4388,understat,,,,,,,,,,0.6801,0.1914,0.1285,0.678,0.1953,0.1268,1,1.47,5.1,8,1.45,5.25,8,0.5896,0.5825,-0.4358,0.2395,-0.458,-1,,,,,-1,0,,,-0.0026,-0.0054,,,,,,,,,,,,,,,,,pinnacle
spelad,L1,2022/23,2022-09-11,,Strasbourg,Clermont,0,0,D,12,10,4,4,2.6047,0.9594,understat,,,,,,,,,,0.5734,0.2599,0.1666,0.559,0.2602,0.1808,1,1.72,4.06,5.96,1.78,3.88,5.96,0.4936,0.4897,-0.9402,1.6381,-0.9693,0,,,,,0,0,,,-0.043,-0.0082,,,,,,,,,,,,,,,,,pinnacle
spelad,L1,2022/23,2022-09-11,,Toulouse,Reims,1,0,H,14,11,3,1,2.111,0.4614,understat,,,,,,,,,,0.4166,0.2813,0.3021,0.3903,0.2775,0.3321,1,2.35,3.7,3.27,2.51,3.57,3.21,0.5204,0.5359,-0.4387,0.2558,-0.6147,0,3,0,0.2031,0.0378,1,0,,,-0.0824,0.0093,,,,,,,,,,,,,,,,,pinnacle
spelad,L1,2022/23,2022-09-16,,Auxerre,Lorient,1,3,A,17,12,5,8,2.2732,3.4895,understat,,,,,,,,,,0.3482,0.2895,0.3624,0.3562,0.2915,0.3523,1,2.81,3.5,2.75,2.85,3.55,2.78,0.4949,0.5,-0.4185,0.2155,-0.8521,0,,,,,1,0,,,0.026,-0.03,,,,,,,,,,,,,,,,,pinnacle
spelad,L1,2022/23,2022-09-17,,Lille,Toulouse,2,1,H,10,14,4,5,1.1675,0.8823,understat,,,,,,,,,,0.5458,0.2366,0.2176,0.5549,0.2442,0.2009,1,1.82,4.2,4.5,1.77,4.1,5.14,0.5789,0.5779,0.387,-0.3988,0.2774,1,6,0.5,-0.0697,-0.0982,-1,0,,,0.0348,-0.0163,,,,,,,,,,,,,,,,,pinnacle
spelad,L1,2022/23,2022-09-17,,Montpellier,Strasbourg,2,1,H,10,8,4,2,1.8232,0.6174,understat,,,,,,,,,,0.384,0.2712,0.3448,0.384,0.2778,0.3382,1,2.72,3.62,2.88,2.6,3.59,2.9,0.5217,0.491,0.8802,-1.6364,0.8317,0,10,0.6,0.2171,0.1049,0,0,,,0.0066,-0.0075,,,,,,,,,,,,,,,,,pinnacle
spelad,L1,2022/23,2022-09-18,,Brest,Ajaccio,0,1,A,8,6,4,4,0.7213,0.5119,understat,,,,,,,,,,0.4593,0.3038,0.2369,0.4546,0.3143,0.2311,1,2.13,3.42,4.13,2.22,3.33,4.23,0.4104,0.3786,0.6802,-0.3806,0.3937,1,,,,,-1,0,,,-0.0035,-0.0385,,,,,,,,,,,,,,,,,pinnacle
spelad,L1,2022/23,2022-09-18,,Clermont,Troyes,1,3,A,14,9,2,4,1.2597,1.3715,understat,,,,,,,,,,0.4147,0.287,0.2984,0.406,0.2974,0.2965,1,2.36,3.59,3.3,2.43,3.47,3.47,0.4936,0.4629,0.685,-1.1774,0.3474,-2,,,,,0,0,,,-0.0154,-0.002,,,,,,,,,,,,,,,,,pinnacle
spelad,L1,2022/23,2022-09-18,,Lyon,Paris SG,0,1,A,12,15,3,8,0.8928,1.5263,understat,,,,,,,,,,0.2157,0.1994,0.585,0.186,0.1904,0.6236,1,4.9,4.9,1.68,5.5,5.45,1.57,0.6809,0.7152,-0.1004,0.4049,-0.2293,-1,10,-0.9,0.2395,-0.1022,0,0,,,-0.0979,-0.0008,,,,,,,,,,,,,,,,,pinnacle
spelad,L1,2022/23,2022-09-18,,Marseille,Rennes,1,1,D,15,12,4,4,1.0586,0.8581,understat,,,,,,,,,,0.463,0.2729,0.2641,0.4724,0.2709,0.2567,1,2.11,3.88,3.71,2.15,3.64,3.87,0.5345,0.5345,1.061,-0.9257,1.2261,1,10,0.3,-0.0423,0.0248,0,0,,,0.0262,-0.0227,,,,,,,,,,,,,,,,,pinnacle
spelad,L1,2022/23,2022-09-18,,Nantes,Lens,0,0,D,12,8,4,2,0.7777,0.9673,understat,,,,,,,,,,0.2972,0.2701,0.4327,0.2547,0.2636,0.4817,1,3.3,3.66,2.4,3.84,3.83,2.1,0.5308,0.5459,-0.8634,0.4917,-0.9169,-2,4,0.75,0.352,0.4688,0,0,,,-0.1342,0.034,,,,,,,,,,,,,,,,,pinnacle
spelad,L1,2022/23,2022-09-18,,Nice,Angers,0,1,A,18,16,5,3,0.9691,2.0792,understat,,,,,,,,,,0.5845,0.2387,0.1768,0.5879,0.2363,0.1758,1,1.7,4.2,5.79,1.71,4.15,5.61,0.5115,0.5471,0.265,-0.6048,0.1723,0,10,1.2,0.4713,0.1063,0,0,,,0.0077,-0.0426,,,,,,,,,,,,,,,,,pinnacle
spelad,L1,2022/23,2022-09-18,,Reims,Monaco,0,3,A,9,20,2,11,0.3023,2.0653,understat,,,,,,,,,,0.305,0.2675,0.4275,0.3024,0.2691,0.4285,1,3.3,3.67,2.3,3.53,3.69,2.28,0.5547,0.5496,-0.6261,0.2428,-0.4142,0,8,0.375,0.4077,0.359,0,0,,,-0.006,-0.0173,,,,,,,,,,,,,,,,,pinnacle
spelad,L1,2022/23,2022-09-30,,Angers,Marseille,0,3,A,16,15,5,7,1.2922,2.3782,understat,,,,,,,,,,0.21,0.2455,0.5445,0.221,0.2511,0.5279,1,4.7,3.98,1.85,4.8,4.1,1.86,0.5345,0.5296,-1.0195,1.7236,-0.7827,0,10,-0.6,0.0009,0.3364,0,0,,,0.0384,-0.0043,,,,,,,,,,,,,,,,,pinnacle
spelad,L1,2022/23,2022-10-01,,Paris SG,Nice,2,1,H,12,4,4,1,0.7533,0.6851,understat,,,,,,,,,,0.8203,0.1151,0.0646,0.7883,0.1341,0.0776,1,1.19,9.2,19.25,1.24,7.7,15.25,0.7134,0.6787,0.5508,-0.6997,0.7262,0,9,1.6667,-0.1264,0.0582,0,0,,,-0.0769,-0.0055,,,,,,,,,,,,,,,,,pinnacle
spelad,L1,2022/23,2022-10-01,,Strasbourg,Rennes,1,3,A,9,17,3,7,1.1509,2.242,understat,,,,,,,,,,0.3169,0.2751,0.408,0.2831,0.2775,0.4394,1,3.1,3.64,2.4,3.5,3.69,2.26,0.5064,0.5,-0.5526,0.5501,-0.705,1,9,-0.6667,-0.0699,-0.1693,0,0,,,-0.099,0.0137,,,,,,,,,,,,,,,,,pinnacle
spelad,L1,2022/23,2022-10-02,,Ajaccio,Clermont,1,3,A,12,7,3,3,1.283,1.2925,understat,,,,,,,,,,0.4329,0.3048,0.2623,0.3944,0.3261,0.2795,1,2.34,3.34,3.73,2.69,3.19,3.51,0.3897,0.3561,-1.1335,1.5486,-0.8639,0,,,,,1,0,,,-0.0941,-0.0228,,,,,,,,,,,,,,,,,pinnacle
spelad,L1,2022/23,2022-10-02,,Auxerre,Brest,1,1,D,11,9,3,2,1.2112,0.687,understat,,,,,,,,,,0.3485,0.2847,0.3668,0.3068,0.2904,0.4028,1,2.81,3.66,2.7,3.3,3.42,2.48,0.5255,0.4783,0.4133,-0.3087,0.3961,2,,,,,1,0,,,-0.1194,-0.011,,,,,,,,,,,,,,,,,pinnacle
spelad,L1,2022/23,2022-10-02,,Lens,Lyon,1,0,H,21,4,6,0,2.993,0.0812,understat,,,,,,,,,,0.3807,0.2528,0.3665,0.4174,0.2654,0.3171,1,2.7,3.96,2.74,2.45,3.89,3.13,0.6025,0.5825,0.7421,-0.6517,0.8647,0,4,-1.5,-0.3581,0.2692,0,0,,,0.1227,-0.0165,,,,,,,,,,,,,,,,,pinnacle
spelad,L1,2022/23,2022-10-02,,Lorient,Lille,2,1,H,7,20,4,4,0.5127,1.8319,understat,,,,,,,,,,0.3337,0.2672,0.3991,0.3133,0.2777,0.409,1,2.96,3.76,2.45,3.2,3.63,2.44,0.5584,0.5192,0.6271,-0.1323,1.1051,1,4,-1.5,-0.0888,-0.2597,0,0,,,-0.0507,-0.0028,,,,,,,,,,,,,,,,,pinnacle
spelad,L1,2022/23,2022-10-02,,Monaco,Nantes,4,1,H,10,7,6,2,2.183,0.4061,understat,,,,,,,,,,0.6164,0.2094,0.1742,0.6806,0.1864,0.133,1,1.6,4.7,6,1.48,5.34,8,0.5825,0.6189,0.7294,-0.2551,0.4756,0,9,1.6667,0.453,-0.0425,0,0,,,0.1697,-0.0235,,,,,,,,,,,,,,,,,pinnacle
spelad,L1,2022/23,2022-10-02,,Toulouse,Montpellier,4,2,H,12,23,6,6,1.9266,1.7348,understat,,,,,,,,,,0.507,0.2471,0.2459,0.4891,0.2521,0.2588,1,1.98,3.96,4.1,2.06,4,3.78,0.5707,0.5718,-0.5867,1.0681,-0.5496,0,5,-1.8,-0.4774,-0.2906,1,0,,,-0.0488,-0.0153,,,,,,,,,,,,,,,,,pinnacle
spelad,L1,2022/23,2022-10-02,,Troyes,Reims,2,2,D,19,5,6,2,1.7434,1.4905,understat,,,,,,,,,,0.3779,0.287,0.3352,0.3498,0.3004,0.3498,1,2.61,3.58,2.92,2.81,3.42,2.93,0.5026,0.4808,0.4591,-0.6377,0.7135,0,,,,,0,0,,,-0.0708,0.0031,,,,,,,,,,,,,,,,,pinnacle
spelad,L1,2022/23,2022-10-07,,Lyon,Toulouse,1,1,D,19,5,8,2,1.7418,0.5829,understat,,,,,,,,,,0.6448,0.1963,0.1588,0.6695,0.1878,0.1426,1,1.53,5.05,6.3,1.48,5.3,6.9,0.6628,0.6846,-0.4142,0.1363,-0.455,0,6,2.5,0.5242,-0.0371,-1,0,,,0.0656,-0.0208,,,,,,,,,,,,,,,,,pinnacle
spelad,L1,2022/23,2022-10-08,,Marseille,Ajaccio,1,2,A,10,6,2,1,1.6631,0.1642,understat,,,,,,,,,,0.7021,0.2081,0.0899,0.6286,0.2376,0.1338,1,1.41,5.2,11,1.57,4.54,9.22,0.509,0.4504,1.2395,-1.3015,1.3573,2,,,,,-1,0,,,-0.191,-0.0024,,,,,,,,,,,,,,,,,pinnacle
spelad,L1,2022/23,2022-10-08,,Reims,Paris SG,0,0,D,24,11,4,3,1.9185,1.0661,understat,,,,,,,,,,0.1293,0.179,0.6917,0.1007,0.1677,0.7315,1,8.5,5.6,1.45,10,5.85,1.39,0.6486,0.6088,-0.7592,0.5324,-0.6516,-1,7,-1.2857,0.5031,-0.1339,0,0,,,-0.0971,0.03,,,,,,,,,,,,,,,,,pinnacle
spelad,L1,2022/23,2022-10-09,,Angers,Strasbourg,2,3,A,14,15,8,7,2.0883,2.8831,understat,,,,,,,,,,0.3637,0.2869,0.3494,0.3556,0.2902,0.3543,1,2.72,3.54,2.81,2.8,3.52,2.76,0.4897,0.4834,0.41,0.6637,0.6728,1,9,0.3333,0.0892,0.148,0,0,,,-0.0211,-0.0108,,,,,,,,,,,,,,,,,pinnacle
spelad,L1,2022/23,2022-10-09,,Brest,Lorient,1,2,A,12,14,4,5,0.9976,1.1411,understat,,,,,,,,,,0.416,0.2785,0.3055,0.4214,0.285,0.2936,1,2.42,3.64,3.2,2.42,3.57,3.37,0.509,0.5026,-1.1814,0.9535,-1.6151,0,4,0,0.1107,-0.2907,0,0,,,0.0227,-0.0134,,,,,,,,,,,,,,,,,pinnacle
spelad,L1,2022/23,2022-10-09,,Clermont,Auxerre,2,1,H,10,14,6,5,1.417,1.0082,understat,,,,,,,,,,0.4503,0.2849,0.2648,0.4329,0.2938,0.2733,1,2.17,3.62,3.69,2.28,3.45,3.58,0.468,0.4566,0.7069,-1.4105,0.61,0,,,,,-1,0,,,-0.0433,-0.0182,,,,,,,,,,,,,,,,,pinnacle
spelad,L1,2022/23,2022-10-09,,Lille,Lens,1,0,H,12,10,6,3,2.3767,1.0454,understat,,,,,,,,,,0.3927,0.2724,0.3349,0.352,0.2895,0.3585,1,2.51,3.94,2.95,2.88,3.49,2.79,0.5434,0.4783,-0.5889,0.6917,-0.8251,0,4,0,-0.1441,-0.2867,0,0,,,-0.105,0.0116,,,,,,,,,,,,,,,,,pinnacle
spelad,L1,2022/23,2022-10-09,,Montpellier,Monaco,0,2,A,11,11,1,7,0.5648,1.4354,understat,,,,,,,,,,0.2614,0.2322,0.5065,0.2264,0.2404,0.5332,1,3.88,4.21,1.98,4.35,4.45,1.86,0.6156,0.6078,-0.494,0.0451,-0.1716,0,10,0,0.252,0.1387,0,0,,,-0.0967,0.0115,,,,,,,,,,,,,,,,,pinnacle
spelad,L1,2022/23,2022-10-09,,Nice,Troyes,3,2,H,14,17,6,6,2.697,1.6458,understat,,,,,,,,,,0.5483,0.2589,0.1929,0.5196,0.2752,0.2052,1,1.79,4,5.06,1.89,3.6,5.19,0.4936,0.4541,-0.7623,1.0295,-0.8433,1,4,0,-0.4537,-0.2453,0,0,,,-0.0697,-0.011,,,,,,,,,,,,,,,,,pinnacle
spelad,L1,2022/23,2022-10-09,,Rennes,Nantes,3,0,H,14,8,4,3,2.8581,0.4398,understat,,,,,,,,,,0.642,0.2063,0.1518,0.643,0.2125,0.1446,1,1.55,4.8,6.5,1.54,4.65,7,0.5718,0.5707,0.4865,-0.5886,0.444,1,10,0.9,0.2058,0.0108,0,0,,,0.0092,-0.013,,,,,,,,,,,,,,,,,pinnacle
spelad,L1,2022/23,2022-10-14,,Strasbourg,Lille,0,3,A,12,10,1,7,0.3664,2.591,understat,,,,,,,,,,0.3078,0.2862,0.4061,0.2936,0.2794,0.427,1,3.18,3.56,2.45,3.5,3.55,2.39,0.4808,0.5051,-0.6006,0.2438,-0.7438,0,10,-1.5,-0.4834,0.0059,0,0,,,-0.0491,0.0157,,,,,,,,,,,,,,,,,pinnacle
spelad,L1,2022/23,2022-10-15,,Lens,Montpellier,1,0,H,17,8,5,1,2.3105,0.3054,understat,,,,,,,,,,0.6832,0.1912,0.1256,0.6558,0.2007,0.1435,1,1.47,5.3,7.85,1.5,5,7.7,0.6078,0.58,0.6177,-0.086,0.6746,0,4,0,-0.1382,-0.273,0,0,,,-0.0727,0.0005,,,,,,,,,,,,,,,,,pinnacle
spelad,L1,2022/23,2022-10-15,,Lorient,Reims,0,0,D,10,7,3,2,1.0513,0.3665,understat,,,,,,,,,,0.4179,0.2885,0.2937,0.3928,0.2843,0.3228,1,2.34,3.7,3.4,2.49,3.45,3.2,0.5154,0.5064,1.3947,-0.5413,1.4859,-1,4,0.75,0.4707,-0.0485,0,0,,,-0.0793,0.0185,,,,,,,,,,,,,,,,,pinnacle
spelad,L1,2022/23,2022-10-16,,Auxerre,Nice,1,1,D,11,9,3,2,0.5277,1.6717,understat,,,,,,,,,,0.2677,0.2737,0.4587,0.2646,0.279,0.4563,1,3.71,3.64,2.16,3.9,3.57,2.15,0.4796,0.4592,0.3235,-0.601,0.1619,0,,,,,0,0,,,-0.0037,0.0044,,,,,,,,,,,,,,,,,pinnacle
spelad,L1,2022/23,2022-10-16,,Monaco,Clermont,1,1,D,6,21,4,7,1.0052,2.4992,understat,,,,,,,,,,0.7064,0.1985,0.0951,0.7127,0.1775,0.1098,1,1.4,5.4,10.25,1.45,5.8,9,0.5906,0.6502,-0.1996,0.5933,-0.1581,0,,,,,0,0,,,-0.0021,-0.0187,,,,,,,,,,,,,,,,,pinnacle
spelad,L1,2022/23,2022-10-16,,Nantes,Brest,4,1,H,17,11,6,2,3.4567,0.597,understat,,,,,,,,,,0.4325,0.2989,0.2685,0.4372,0.2814,0.2814,1,2.26,3.56,3.68,2.3,3.52,3.69,0.4578,0.4949,-0.0574,-0.2314,0.3604,0,5,1.8,0.7689,0.1095,0,0,,,-0.0035,-0.0241,,,,,,,,,,,,,,,,,pinnacle
spelad,L1,2022/23,2022-10-16,,Paris SG,Marseille,1,0,H,23,18,8,7,2.9987,0.7846,understat,,,,,,,,,,0.7155,0.1701,0.1143,0.6864,0.1867,0.1269,1,1.37,6.05,9.4,1.47,5.4,8.1,0.6526,0.6372,0.0199,-0.0261,-0.4429,0,9,1.6667,-0.0502,0.0475,0,0,,,-0.0709,-0.0222,,,,,,,,,,,,,,,,,pinnacle
spelad,L1,2022/23,2022-10-16,,Rennes,Lyon,3,2,H,14,7,5,5,1.7045,1.541,understat,,,,,,,,,,0.4128,0.2725,0.3146,0.4506,0.2601,0.2893,1,2.37,3.82,3.12,2.36,3.9,3.4,0.562,0.5931,0.8055,-0.6371,1.0914,-2,9,0.6667,0.8679,-0.1361,0,0,,,0.1009,-0.0155,,,,,,,,,,,,,,,,,pinnacle
spelad,L1,2022/23,2022-10-16,,Toulouse,Angers,3,2,H,14,13,7,6,2.4653,1.5054,understat,,,,,,,,,,0.5204,0.2369,0.2428,0.5224,0.2461,0.2315,1,1.94,4.13,4.2,1.9,4,4.41,0.5558,0.5707,0.314,-1.2301,0.1301,2,5,0.6,0.2874,0.1004,0,0,,,0.0154,-0.0189,,,,,,,,,,,,,,,,,pinnacle
spelad,L1,2022/23,2022-10-16,,Troyes,Ajaccio,1,1,D,9,15,2,7,0.4344,1.8363,understat,,,,,,,,,,0.4345,0.3174,0.2481,0.4203,0.3129,0.2668,1,2.32,3.42,3.95,2.33,3.27,3.8,0.401,0.399,0.4394,-0.9744,0.7716,-1,,,,,0,0,,,-0.0471,-0.0026,,,,,,,,,,,,,,,,,pinnacle
spelad,L1,2022/23,2022-10-21,,Ajaccio,Paris SG,0,3,A,8,11,1,6,0.3016,2.9066,understat,,,,,,,,,,0.0825,0.1739,0.7436,0.0838,0.1727,0.7435,1,12,5.8,1.32,13,6.27,1.31,0.5584,0.5693,-0.5833,0.1505,-0.3665,0,,,,,0,0,,,0.0028,-0.0081,,,,,,,,,,,,,,,,,pinnacle
spelad,L1,2022/23,2022-10-22,,Marseille,Lens,0,1,A,13,12,3,4,1.9996,0.6127,understat,,,,,,,,,,0.4426,0.274,0.2835,0.4325,0.2825,0.285,1,2.27,3.74,3.79,2.3,3.6,3.56,0.5,0.4936,-0.1569,-0.365,-0.0684,-1,4,-0.75,-0.5106,-0.0301,0,0,,,-0.0216,-0.0015,,,,,,,,,,,,,,,,,pinnacle
spelad,L1,2022/23,2022-10-22,,Montpellier,Lyon,1,2,A,10,21,4,10,0.8071,2.7849,understat,,,,,,,,,,0.2396,0.2361,0.5243,0.2629,0.2622,0.4748,1,4.1,4.24,1.88,4.1,3.9,2.08,0.6034,0.5459,0.5676,-0.7678,0.7962,1,9,0,0.4749,0.0937,0,0,,,0.0961,-0.0132,,,,,,,,,,,,,,,,,pinnacle
spelad,L1,2022/23,2022-10-23,,Angers,Rennes,1,2,A,7,14,2,5,0.9384,2.445,understat,,,,,,,,,,0.2185,0.2418,0.5397,0.1726,0.2181,0.6093,1,4.5,4.1,1.85,5.75,4.5,1.66,0.5584,0.5825,-0.532,1.4454,-0.692,0,9,-1.3333,-0.3197,-0.1723,0,0,,,-0.1616,0.02,,,,,,,,,,,,,,,,,pinnacle
spelad,L1,2022/23,2022-10-23,,Clermont,Brest,1,3,A,14,19,4,11,0.7029,2.7301,understat,,,,,,,,,,0.4146,0.2844,0.301,0.4496,0.2861,0.2644,1,2.42,3.5,3.3,2.31,3.63,3.76,0.4808,0.4846,0.757,-1.504,1.3347,0,,,,,0,0,,,0.1066,-0.013,,,,,,,,,,,,,,,,,pinnacle
spelad,L1,2022/23,2022-10-23,,Lille,Monaco,4,3,H,20,9,7,6,2.4971,1.7647,understat,,,,,,,,,,0.3962,0.2617,0.3422,0.3611,0.2711,0.3679,1,2.49,3.88,2.96,2.71,3.8,3.07,0.5754,0.5682,-0.671,1.0413,-0.0823,2,9,-1.3333,-0.4002,0.0724,0,0,,,-0.0959,0.0757,,,,,,,,,,,,,,,,,pinnacle
spelad,L1,2022/23,2022-10-23,,Nice,Nantes,1,1,D,11,11,5,4,1.3415,1.2774,understat,,,,,,,,,,0.5113,0.2668,0.2219,0.4544,0.2925,0.2531,1,1.91,3.75,4.51,2.15,3.5,4.1,0.4694,0.4529,-0.1019,0.4155,-0.1201,0,9,1.6667,0.8541,-0.0687,0,0,,,-0.1449,0.0146,,,,,,,,,,,,,,,,,pinnacle
spelad,L1,2022/23,2022-10-23,,Reims,Auxerre,2,1,H,19,10,10,2,2.4837,0.4721,understat,,,,,,,,,,0.5191,0.2555,0.2254,0.5202,0.2601,0.2198,1,1.9,3.85,4.5,1.91,3.8,4.45,0.4974,0.4949,0.0413,-0.1578,0.2013,1,,,,,0,0,,,0.0077,-0.024,,,,,,,,,,,,,,,,,pinnacle
spelad,L1,2022/23,2022-10-23,,Toulouse,Strasbourg,2,2,D,17,11,6,5,1.8658,1.6324,understat,,,,,,,,,,0.4289,0.2665,0.3046,0.4307,0.2739,0.2954,1,2.28,3.74,3.42,2.3,3.68,3.35,0.5269,0.5408,0.6873,-0.7169,0.7233,-2,6,-2,-0.9063,0.0503,0,0,,,0.0129,-0.0032,,,,,,,,,,,,,,,,,pinnacle
spelad,L1,2022/23,2022-10-23,,Troyes,Lorient,2,2,D,13,21,4,5,1.1391,1.538,understat,,,,,,,,,,0.3964,0.275,0.3286,0.3766,0.288,0.3354,1,2.5,3.61,3,2.63,3.52,3.05,0.523,0.5128,-0.7322,-0.0931,-0.7653,-1,,,,,0,0,,,-0.0463,0.0067,,,,,,,,,,,,,,,,,pinnacle
spelad,L1,2022/23,2022-10-28,,Lens,Toulouse,3,0,H,13,9,8,0,2.6441,0.8459,understat,,,,,,,,,,0.6176,0.2121,0.1703,0.5669,0.2384,0.1946,1,1.61,4.6,5.75,1.75,4.41,5.56,0.6069,0.5682,0.3313,-0.1224,0.3171,1,,,,,0,0,,,-0.1256,-0.0166,,,,,,,,,,,,,,,,,pinnacle
spelad,L1,2022/23,2022-10-29,,Paris SG,Troyes,4,3,H,19,16,11,5,2.6797,1.6018,understat,,,,,,,,,,0.8839,0.0813,0.0348,0.8907,0.0719,0.0373,1,1.11,12.5,31,1.13,13.5,29,0.7195,0.7195,0.4512,0.6364,0.1618,2,4,2.25,-0.0386,0.1223,0,0,,,0.0111,-0.0263,,,,,,,,,,,,,,,,,pinnacle
spelad,L1,2022/23,2022-10-29,,Strasbourg,Marseille,2,2,D,12,13,5,5,0.8907,1.9387,understat,,,,,,,,,,0.3164,0.2746,0.409,0.263,0.2733,0.4637,1,3.09,3.7,2.46,3.85,3.6,2.26,0.509,0.5,-0.0746,0.1978,-0.4264,-1,9,-2,-0.6513,0.0681,0,0,,,-0.1614,0.0294,,,,,,,,,,,,,,,,,pinnacle
spelad,L1,2022/23,2022-10-30,,Auxerre,Ajaccio,1,0,H,18,5,5,1,0.9258,0.5002,understat,,,,,,,,,,0.3637,0.3145,0.3218,0.3488,0.3121,0.3391,1,2.69,3.28,3.13,2.81,3.28,3,0.3854,0.3931,-0.2972,-0.2425,-0.5203,-2,,,,,0,0,,,-0.0471,0.0031,,,,,,,,,,,,,,,,,pinnacle
spelad,L1,2022/23,2022-10-30,,Brest,Reims,0,0,D,12,11,4,3,1.5479,0.983,understat,,,,,,,,,,0.3646,0.28,0.3554,0.3483,0.2781,0.3736,1,2.68,3.55,2.84,3,3.54,2.74,0.5026,0.5217,-0.3727,0.1228,-0.5239,0,6,0,0.0261,0.0344,0,0,,,-0.0508,0.0018,,,,,,,,,,,,,,,,,pinnacle
spelad,L1,2022/23,2022-10-30,,Lorient,Nice,1,2,A,14,16,8,5,1.2878,2.1985,understat,,,,,,,,,,0.3793,0.282,0.3386,0.3497,0.2994,0.3509,1,2.58,3.5,2.98,2.8,3.37,2.97,0.4604,0.4343,1.2384,-1.1567,1.2857,0,4,0,0.1855,0.2295,0,0,,,-0.0716,0.0177,,,,,,,,,,,,,,,,,pinnacle
spelad,L1,2022/23,2022-10-30,,Lyon,Lille,1,0,H,6,15,3,5,1.1935,1.6212,understat,,,,,,,,,,0.4753,0.2504,0.2743,0.4939,0.2521,0.254,1,2.11,4.05,3.62,2.1,3.98,4.05,0.601,0.601,-0.8119,0.2463,-1.0515,1,10,-1.5,-1.1609,0.2408,0,0,,,0.0575,-0.0375,,,,,,,,,,,,,,,,,pinnacle
spelad,L1,2022/23,2022-10-30,,Monaco,Angers,2,0,H,8,8,5,4,1.9399,0.437,understat,,,,,,,,,,0.7,0.1759,0.1241,0.6651,0.1909,0.144,1,1.43,5.53,8,1.49,5.61,8.66,0.6366,0.6445,0.9298,-1.8009,0.4049,0,10,1.8,0.4284,-0.0482,0,0,,,-0.0897,-0.0092,,,,,,,,,,,,,,,,,pinnacle
spelad,L1,2022/23,2022-10-30,,Nantes,Clermont,1,1,D,13,10,4,6,1.9517,0.714,understat,,,,,,,,,,0.477,0.2636,0.2594,0.491,0.2641,0.2449,1,2.06,3.75,3.77,2.08,3.79,4.1,0.5064,0.5052,-0.5346,0.7612,-0.4567,0,,,,,0,0,,,0.0425,-0.0014,,,,,,,,,,,,,,,,,pinnacle
spelad,L1,2022/23,2022-10-30,,Rennes,Montpellier,3,0,H,14,8,3,3,1.5388,0.9753,understat,,,,,,,,,,0.7217,0.1721,0.1061,0.7165,0.1707,0.1128,1,1.39,5.66,9.7,1.4,5.8,9.27,0.6265,0.6486,0.5709,-0.3606,1.0547,-1,10,1.5,0.5167,0.0169,0,0,,,-0.017,-0.0367,,,,,,,,,,,,,,,,,pinnacle
spelad,L1,2022/23,2022-11-04,,Troyes,Auxerre,1,1,D,21,13,6,2,1.9377,1.458,understat,,,,,,,,,,0.4938,0.2671,0.2391,0.4626,0.2683,0.2691,1,2.02,3.7,4.16,2.12,3.65,3.85,0.5192,0.5192,0.218,-0.9171,0.2811,1,,,,,0,0,,,-0.0925,0.0075,,,,,,,,,,,,,,,,,pinnacle
spelad,L1,2022/23,2022-11-05,,Ajaccio,Strasbourg,4,2,H,12,9,7,5,3.6873,0.6701,understat,,,,,,,,,,0.3387,0.304,0.3573,0.308,0.3211,0.371,1,2.89,3.32,2.77,3.27,3.18,2.69,0.4104,0.3693,0.2336,-0.19,0.2104,-1,,,,,0,0,,,-0.0752,0.0063,,,,,,,,,,,,,,,,,pinnacle
spelad,L1,2022/23,2022-11-05,,Angers,Lens,1,2,A,6,12,3,4,0.8292,2.18,understat,,,,,,,,,,0.1943,0.2385,0.5672,0.173,0.2457,0.5812,1,5.1,4.18,1.74,6.5,4.3,1.67,0.5422,0.4974,-0.7219,0.9984,-0.5993,-2,4,0,0.1848,0.2108,0,0,,,-0.0567,-0.0058,,,,,,,,,,,,,,,,,pinnacle
spelad,L1,2022/23,2022-11-06,,Clermont,Montpellier,1,1,D,16,7,7,3,3.8842,1.2226,understat,,,,,,,,,,0.3977,0.2772,0.3251,0.3806,0.2786,0.3408,1,2.46,3.76,3.01,2.57,3.54,3.13,0.5269,0.5064,0.8105,-0.9924,0.9363,0,,,,,0,0,,,-0.0501,0.0244,,,,,,,,,,,,,,,,,pinnacle
spelad,L1,2022/23,2022-11-06,,Lille,Rennes,1,1,D,19,3,7,2,2.7286,0.8009,understat,,,,,,,,,,0.3978,0.2681,0.334,0.4744,0.273,0.2525,1,2.55,3.82,2.93,2.28,3.75,3.9,0.5558,0.5115,-0.3557,0.597,-0.2155,0,10,0.3,0.1437,0.0112,0,0,,,0.2347,-0.0386,,,,,,,,,,,,,,,,,pinnacle
spelad,L1,2022/23,2022-11-06,,Lorient,Paris SG,1,2,A,9,15,2,8,0.8125,2.3568,understat,,,,,,,,,,0.0923,0.1465,0.7613,0.1077,0.1686,0.7236,1,12,6.8,1.29,9.25,6,1.37,0.6896,0.6853,-0.0306,-0.5475,0.5425,-1,4,-0.75,0.6149,0.1125,0,0,,,0.0686,0.0226,,,,,,,,,,,,,,,,,pinnacle
spelad,L1,2022/23,2022-11-06,,Marseille,Lyon,1,0,H,6,11,2,4,1.0727,0.6321,understat,,,,,,,,,,0.4288,0.2723,0.2989,0.4596,0.2672,0.2732,1,2.3,3.75,3.35,2.25,3.76,3.72,0.5471,0.5422,0.0761,-0.2541,0.3723,1,9,-1.6667,-0.6856,-0.0408,0,0,,,0.0875,-0.0097,,,,,,,,,,,,,,,,,pinnacle
spelad,L1,2022/23,2022-11-06,,Nice,Brest,1,0,H,14,12,9,2,0.8135,1.083,understat,,,,,,,,,,0.5268,0.2551,0.218,0.5201,0.2621,0.2178,1,1.9,3.9,4.5,1.89,3.83,4.52,0.4936,0.4885,0.2257,0.237,0.4065,0,6,1,0.3039,0.0678,0,0,,,-0.0132,-0.0133,,,,,,,,,,,,,,,,,pinnacle
spelad,L1,2022/23,2022-11-06,,Reims,Nantes,1,0,H,22,15,9,5,3.7095,0.5068,understat,,,,,,,,,,0.4589,0.2761,0.2649,0.4386,0.2827,0.2787,1,2.15,3.66,3.7,2.25,3.62,3.54,0.4949,0.4808,0.2068,-0.2968,0.0393,0,7,0.8571,0.5855,-0.168,0,0,,,-0.0544,-0.0062,,,,,,,,,,,,,,,,,pinnacle
spelad,L1,2022/23,2022-11-06,,Toulouse,Monaco,0,2,A,13,24,5,10,0.5696,2.0318,understat,,,,,,,,,,0.3038,0.2495,0.4467,0.3017,0.2519,0.4464,1,3.26,3.96,2.2,3.34,3.94,2.3,0.6069,0.6044,-0.6816,1.2052,-0.4985,2,5,-1.8,-0.5065,0.1504,0,0,,,-0.0039,0.0271,,,,,,,,,,,,,,,,,pinnacle
spelad,L1,2022/23,2022-11-11,,Lyon,Nice,1,1,D,9,13,3,3,1.1563,1.7108,understat,,,,,,,,,,0.5448,0.2432,0.212,0.5457,0.2557,0.1985,1,1.85,4.1,4.7,1.83,3.96,5.1,0.5345,0.4949,-0.6615,0.231,-0.7402,0,10,0,-0.4771,-0.2183,0,0,,,0.0153,-0.0018,,,,,,,,,,,,,,,,,pinnacle
spelad,L1,2022/23,2022-11-12,,Lens,Clermont,2,1,H,16,5,3,2,1.4242,0.2131,understat,,,,,,,,,,0.6831,0.1942,0.1227,0.6595,0.2145,0.1259,1,1.47,5.03,8,1.5,4.77,8.15,0.5693,0.5115,0.6135,-0.1551,0.5897,1,,,,,0,0,,,-0.0504,-0.0073,,,,,,,,,,,,,,,,,pinnacle
spelad,L1,2022/23,2022-11-12,,Rennes,Toulouse,2,1,H,16,10,8,4,1.9479,1.1168,understat,,,,,,,,,,0.6337,0.2063,0.16,0.5978,0.2266,0.1756,1,1.58,4.8,6.17,1.64,4.5,5.8,0.6034,0.5896,0.5442,-1.0525,0.6217,0,6,1,0.2767,0.0558,0,0,,,-0.0874,0.0014,,,,,,,,,,,,,,,,,pinnacle
spelad,L1,2022/23,2022-11-13,,Brest,Troyes,2,1,H,15,8,5,2,2.2114,0.4443,understat,,,,,,,,,,0.4611,0.2628,0.2761,0.4723,0.2656,0.2621,1,2.14,3.9,3.54,2.23,3.7,3.73,0.5584,0.5459,-0.4989,0.8418,-0.2982,-2,,,,,0,0,,,0.0364,-0.0495,,,,,,,,,,,,,,,,,pinnacle
spelad,L1,2022/23,2022-11-13,,Lille,Angers,1,0,H,9,8,4,2,1.0761,0.4481,understat,,,,,,,,,,0.739,0.1682,0.0928,0.7471,0.163,0.0899,1,1.36,5.8,11,1.35,6.5,13,0.5965,0.6161,0.0632,0.1212,0.3822,-1,10,0.3,-0.1905,0.0239,0,0,,,0.0191,0.0123,,,,,,,,,,,,,,,,,pinnacle
spelad,L1,2022/23,2022-11-13,,Monaco,Marseille,2,3,A,11,11,6,3,1.5266,2.7143,understat,,,,,,,,,,0.4111,0.2616,0.3273,0.4044,0.2726,0.323,1,2.41,3.8,3.13,2.45,3.65,3.15,0.5646,0.5522,1.0362,-1.3016,0.7808,0,9,-0.3333,-0.2777,-0.0361,0,0,,,-0.0092,0.0062,,,,,,,,,,,,,,,,,pinnacle
spelad,L1,2022/23,2022-11-13,,Montpellier,Reims,1,1,D,16,17,8,4,2.0746,2.1264,understat,,,,,,,,,,0.3779,0.2726,0.3495,0.3297,0.2923,0.378,1,2.59,3.66,2.85,2.97,3.44,2.77,0.5269,0.4821,-0.2017,-0.3879,-0.4764,0,7,-0.8571,-0.5696,0.1192,0,0,,,-0.1249,0.0284,,,,,,,,,,,,,,,,,pinnacle
spelad,L1,2022/23,2022-11-13,,Nantes,Ajaccio,2,2,D,15,13,5,4,0.9827,2.4087,understat,,,,,,,,,,0.4816,0.2884,0.23,0.4464,0.3036,0.25,1,2.07,3.55,4.25,2.19,3.28,4.45,0.4282,0.3975,-0.3927,-0.165,-0.5721,-1,,,,,0,0,,,-0.0904,0.0031,,,,,,,,,,,,,,,,,pinnacle
spelad,L1,2022/23,2022-11-13,,Paris SG,Auxerre,5,0,H,9,9,6,3,2.2232,0.6029,understat,,,,,,,,,,0.8667,0.0929,0.0405,0.854,0.0974,0.0487,1,1.13,12.5,26,1.15,12.7,22,0.7171,0.7203,0.9935,-0.1794,0.66,-2,,,,,0,0,,,-0.0336,0.0007,,,,,,,,,,,,,,,,,pinnacle
spelad,L1,2022/23,2022-11-13,,Strasbourg,Lorient,1,1,D,20,6,4,2,1.8488,0.8775,understat,,,,,,,,,,0.4486,0.2679,0.2835,0.4043,0.2893,0.3064,1,2.23,3.8,3.5,2.54,3.52,3.24,0.5383,0.4936,-0.6279,0.5292,-1.0914,1,4,0,-0.2773,0.1749,0,0,,,-0.1115,-0.0088,,,,,,,,,,,,,,,,,pinnacle
spelad,L1,2022/23,2022-12-28,,Ajaccio,Angers,1,0,H,11,14,3,4,1.6857,2.1345,understat,,,,,,,,,,0.477,0.2834,0.2396,0.4344,0.2918,0.2738,1,2.08,3.52,4.21,2.44,3.45,3.65,0.4282,0.4405,0.4828,0.1019,0.7762,,,,,,0,0,,,-0.1192,-0.0392,,,,,,,,,,,,,,,,,pinnacle
spelad,L1,2022/23,2022-12-28,,Auxerre,Monaco,2,3,A,11,6,6,3,1.3299,1.3606,understat,,,,,,,,,,0.2164,0.2433,0.5403,0.17,0.2275,0.6025,1,4.6,4.2,1.82,5.74,4.3,1.73,0.5522,0.5718,-0.4492,1.0134,-0.4723,,,,,,0,0,,,-0.1548,0.0931,,,,,,,,,,,,,,,,,pinnacle
spelad,L1,2022/23,2022-12-28,,Brest,Lyon,2,4,A,17,17,5,10,1.1351,3.185,understat,,,,,,,,,,0.2641,0.2499,0.4861,0.2966,0.2704,0.4331,1,3.82,3.94,2.04,3.63,3.71,2.26,0.5522,0.5396,-0.272,0.5382,0.1047,,5,0,0.5191,0.3991,0,0,,,0.1181,-0.0163,,,,,,,,,,,,,,,,,pinnacle
spelad,L1,2022/23,2022-12-28,,Clermont,Lille,0,2,A,9,14,3,3,0.5111,1.7934,understat,,,,,,,,,,0.2172,0.2545,0.5283,0.2121,0.2786,0.5093,1,4.5,4,1.87,4.81,3.77,1.92,0.5179,0.4808,-0.1254,-0.2362,-0.4547,,,,,,0,0,,,0.0089,0.0093,,,,,,,,,,,,,,,,,pinnacle
spelad,L1,2022/23,2022-12-28,,Paris SG,Strasbourg,2,1,H,9,10,6,3,2.1176,1.1354,understat,,,,,,,,,,0.7972,0.1356,0.0672,0.7875,0.1364,0.0761,1,1.25,7.4,15,1.24,7.6,16.1,0.6974,0.7088,0.9289,-0.5044,0.8471,,9,1.3333,-0.3569,0.1744,0,0,,,-0.0282,0.0121,,,,,,,,,,,,,,,,,pinnacle
spelad,L1,2022/23,2022-12-28,,Troyes,Nantes,0,0,D,6,19,2,5,0.2026,1.7073,understat,,,,,,,,,,0.3929,0.2733,0.3339,0.354,0.2814,0.3646,1,2.5,3.74,3,2.85,3.57,2.67,0.5269,0.5204,0.0568,-0.3591,0.0114,,4,-1.5,-0.2941,-0.2828,0,0,,,-0.1085,-0.0088,,,,,,,,,,,,,,,,,pinnacle
spelad,L1,2022/23,2022-12-29,,Lorient,Montpellier,0,2,A,12,14,4,6,1.1323,1.9994,understat,,,,,,,,,,0.4764,0.2604,0.2632,0.5273,0.2495,0.2232,1,2.08,3.87,3.76,1.98,3.91,4.37,0.5434,0.5558,0.6039,-0.6482,0.7017,,4,-2.25,-0.9118,-0.031,0,0,,,0.1418,-0.071,,,,,,,,,,,,,,,,,pinnacle
spelad,L1,2022/23,2022-12-29,,Marseille,Toulouse,6,1,H,13,10,7,6,3.908,1.7307,understat,,,,,,,,,,0.6329,0.2096,0.1575,0.6913,0.1832,0.1255,1,1.54,4.9,7,1.45,5.5,7.8,0.585,0.6413,-0.3758,0.3481,-0.0065,,6,3,1.0732,-0.2458,0,0,,,0.1488,-0.0204,,,,,,,,,,,,,,,,,pinnacle
spelad,L1,2022/23,2022-12-29,,Nice,Lens,0,0,D,9,10,5,2,1.1957,1.1799,understat,,,,,,,,,,0.301,0.3197,0.3792,0.3181,0.3081,0.3739,1,3.35,3.15,2.63,3.22,3.28,2.63,0.4343,0.4566,-0.5334,0.191,-0.5639,,4,1.5,0.8214,-0.2866,0,0,,,0.0393,-0.0011,,,,,,,,,,,,,,,,,pinnacle
spelad,L1,2022/23,2022-12-29,,Reims,Rennes,3,1,H,10,11,4,5,1.3724,1.567,understat,,,,,,,,,,0.2812,0.2878,0.431,0.3011,0.2788,0.42,1,3.55,3.67,2.3,3.67,3.55,2.41,0.5154,0.5371,-0.8999,1.3009,-0.7108,,8,1.5,1.0816,-0.0543,0,0,,,0.0509,0.002,,,,,,,,,,,,,,,,,pinnacle
spelad,L1,2022/23,2023-01-01,,Angers,Lorient,1,2,A,14,10,6,5,2.1746,0.4402,understat,,,,,,,,,,0.3469,0.2725,0.3806,0.3736,0.2888,0.3376,1,2.98,3.74,2.6,2.74,3.5,2.9,0.509,0.4949,-0.8937,0.7507,-0.7326,1,4,0.75,0.2863,-0.0226,0,0,,,0.0966,0.0024,,,,,,,,,,,,,,,,,pinnacle
spelad,L1,2022/23,2023-01-01,,Lens,Paris SG,3,1,H,10,16,4,6,1.7982,1.9776,understat,,,,,,,,,,0.2953,0.2761,0.4287,0.2572,0.273,0.4698,1,3.4,3.76,2.29,4.02,3.68,2.14,0.5595,0.5077,-0.2109,0.4104,0.3766,-1,4,0,0.6007,0.2964,0,0,,,-0.1174,0.0078,,,,,,,,,,,,,,,,,pinnacle
spelad,L1,2022/23,2023-01-01,,Lyon,Clermont,0,1,A,13,13,2,3,0.7362,1.2056,understat,,,,,,,,,,0.6242,0.2188,0.157,0.5958,0.2372,0.167,1,1.56,5.05,7.4,1.64,4.8,6.54,0.586,0.5547,0.0259,-0.1409,-0.2107,0,,,,,0,0,,,-0.0667,0.0285,,,,,,,,,,,,,,,,,pinnacle
spelad,L1,2022/23,2023-01-01,,Monaco,Brest,1,0,H,17,13,5,6,1.1136,0.9841,understat,,,,,,,,,,0.6262,0.2096,0.1642,0.6367,0.2104,0.1529,1,1.56,5,6.5,1.53,5,6.5,0.6146,0.6,0.7643,-1.1028,0.4097,0,5,0.6,-0.2606,-0.2082,0,0,,,0.0322,-0.0047,,,,,,,,,,,,,,,,,pinnacle
spelad,L1,2022/23,2023-01-01,,Nantes,Auxerre,1,0,H,10,14,3,6,0.8708,0.9408,understat,,,,,,,,,,0.5145,0.2753,0.2102,0.5199,0.2761,0.204,1,2.05,3.6,4.68,1.99,3.69,5.15,0.4949,0.4719,-0.0908,-0.1925,-0.1273,0,,,,,0,0,,,0.017,-0.0339,,,,,,,,,,,,,,,,,pinnacle
spelad,L1,2022/23,2023-01-01,,Toulouse,Ajaccio,2,0,H,11,1,4,0,1.3352,0.0445,understat,,,,,,,,,,0.4786,0.2889,0.2325,0.4545,0.2883,0.2572,1,2.1,3.63,4.22,2.21,3.59,3.97,0.4834,0.477,0.0528,-0.1124,-0.3872,-1,,,,,0,0,,,-0.0729,-0.0168,,,,,,,,,,,,,,,,,pinnacle
spelad,L1,2022/23,2023-01-02,,Lille,Reims,1,1,D,14,9,5,6,2.6897,1.236,understat,,,,,,,,,,0.5732,0.2354,0.1914,0.5956,0.2348,0.1696,1,1.72,4.3,5.37,1.7,4.25,6,0.5422,0.5308,-0.2876,0.4315,-0.0234,1,7,0.4286,-0.0148,-0.0213,0,0,,,0.0667,-0.0184,,,,,,,,,,,,,,,,,pinnacle
spelad,L1,2022/23,2023-01-02,,Montpellier,Marseille,1,2,A,8,18,1,9,1.1093,1.3399,understat,,,,,,,,,,0.2215,0.2388,0.5397,0.1773,0.2305,0.5922,1,4.5,4.2,1.85,5.68,4.27,1.69,0.5718,0.5595,0.0207,-0.0083,-0.3407,0,9,-1,-0.2582,0.1727,0,0,,,-0.1409,0.0223,,,,,,,,,,,,,,,,,pinnacle
spelad,L1,2022/23,2023-01-02,,Rennes,Nice,2,1,H,20,7,5,3,1.7818,0.396,understat,,,,,,,,,,0.5308,0.2473,0.222,0.5252,0.2619,0.2128,1,1.9,4,4.65,1.94,3.79,4.75,0.5166,0.4808,0.6158,-0.6952,0.311,0,10,-1.2,-0.8281,0.1155,0,0,,,-0.002,-0.0241,,,,,,,,,,,,,,,,,pinnacle
spelad,L1,2022/23,2023-01-02,,Strasbourg,Troyes,2,3,A,17,9,7,5,1.1533,1.3278,understat,,,,,,,,,,0.5229,0.2513,0.2258,0.5091,0.2642,0.2268,1,1.88,4,4.4,1.97,3.85,4.38,0.5179,0.4885,0.0456,0.4548,0.163,0,4,0,-0.4231,0.2153,0,0,,,-0.0285,-0.0126,,,,,,,,,,,,,,,,,pinnacle
spelad,L1,2022/23,2023-01-11,,Ajaccio,Reims,0,1,A,11,9,1,3,0.8129,1.1627,understat,,,,,,,,,,0.3078,0.3021,0.39,0.2861,0.3096,0.4043,1,3.19,3.34,2.55,3.6,3.23,2.45,0.4104,0.4025,-0.1057,0.2945,-0.1958,1,,,,,0,0,,,-0.0578,0.0047,,,,,,,,,,,,,,,,,pinnacle
spelad,L1,2022/23,2023-01-11,,Auxerre,Toulouse,0,5,A,19,9,4,7,1.1986,2.3279,understat,,,,,,,,,,0.3456,0.2868,0.3676,0.3186,0.2885,0.3928,1,2.83,3.62,2.78,3.26,3.5,2.5,0.5141,0.5051,-0.2685,-0.032,-0.1837,0,,,,,0,0,,,-0.0791,0.0039,,,,,,,,,,,,,,,,,pinnacle
spelad,L1,2022/23,2023-01-11,,Brest,Lille,0,0,D,5,11,0,4,0.5671,0.9527,understat,,,,,,,,,,0.2415,0.2644,0.4941,0.2151,0.2598,0.5251,1,4.1,3.84,2,4.6,3.9,1.9,0.5154,0.5051,-0.5367,0.1798,-0.7876,1,5,0.6,0.8224,0.1656,0,0,,,-0.0839,0.0169,,,,,,,,,,,,,,,,,pinnacle
spelad,L1,2022/23,2023-01-11,,Clermont,Rennes,2,1,H,11,9,5,2,1.9266,0.9006,understat,,,,,,,,,,0.238,0.2666,0.4954,0.2243,0.2794,0.4964,1,4.2,3.86,1.98,4.38,3.54,2.02,0.5064,0.4629,-0.7116,0.6425,-0.4815,1,,,,,0,0,,,-0.0285,0.0241,,,,,,,,,,,,,,,,,pinnacle
spelad,L1,2022/23,2023-01-11,,Lorient,Monaco,2,2,D,8,16,6,4,1.4074,1.616,understat,,,,,,,,,,0.2465,0.2503,0.5032,0.2186,0.2474,0.534,1,4.05,3.98,1.99,4.65,4.15,1.84,0.5595,0.5707,-0.4231,0.3272,-0.2695,0,4,0,0.5146,0.2763,0,0,,,-0.0866,-0.0008,,,,,,,,,,,,,,,,,pinnacle
spelad,L1,2022/23,2023-01-11,,Nantes,Lyon,0,0,D,13,10,5,6,1.2382,0.7163,understat,,,,,,,,,,0.2883,0.2849,0.4268,0.2591,0.2713,0.4696,1,3.53,3.5,2.37,3.92,3.8,2.1,0.5179,0.5434,0.0646,-0.4637,0.1648,0,9,-1,0.2073,0.016,0,0,,,-0.1012,0.0082,,,,,,,,,,,,,,,,,pinnacle
spelad,L1,2022/23,2023-01-11,,Nice,Montpellier,6,1,H,16,4,10,2,3.4766,0.2263,understat,,,,,,,,,,0.5287,0.2622,0.209,0.52,0.2656,0.2144,1,1.86,3.9,4.7,1.89,3.74,4.73,0.5,0.4949,0.3623,0.1974,0.5061,0,9,-0.6667,-0.2833,-0.1744,0,0,,,-0.0229,-0.0187,,,,,,,,,,,,,,,,,pinnacle
spelad,L1,2022/23,2023-01-11,,Paris SG,Angers,2,0,H,9,6,6,0,1.6627,0.3414,understat,,,,,,,,,,0.8591,0.0907,0.0501,0.8081,0.1293,0.0626,1,1.14,12,23,1.2,8.7,17,0.7587,0.6875,1.3692,-0.6337,0.9301,0,9,3,0.5305,-0.1395,0,0,,,-0.1145,0.0103,,,,,,,,,,,,,,,,,pinnacle
spelad,L1,2022/23,2023-01-11,,Strasbourg,Lens,2,2,D,9,15,6,8,1.1547,1.5001,understat,,,,,,,,,,0.2541,0.2687,0.4772,0.2494,0.2936,0.4569,1,3.86,3.72,2.07,4.01,3.6,2.2,0.4885,0.4405,-0.9823,0.5793,-1.1952,-1,4,1.5,0.9132,-0.2925,0,0,,,0.011,0.0043,,,,,,,,,,,,,,,,,pinnacle
spelad,L1,2022/23,2023-01-11,,Troyes,Marseille,0,2,A,5,13,1,4,0.2076,2.6517,understat,,,,,,,,,,0.1937,0.2331,0.5732,0.1794,0.2406,0.58,1,5.1,4.2,1.74,5.67,4.15,1.7,0.5522,0.5345,0.2254,-0.6629,-0.2469,0,4,-2.25,-0.3844,0.0388,0,0,,,-0.0354,0.0177,,,,,,,,,,,,,,,,,pinnacle
spelad,L1,2022/23,2023-01-14,,Lens,Auxerre,1,0,H,10,6,2,1,1.695,0.1716,understat,,,,,,,,,,0.7072,0.1917,0.1011,0.7177,0.1824,0.0999,1,1.42,5.1,10,1.36,5.6,10.75,0.5345,0.5657,1.0259,-1.244,1.1217,0,,,,,0,0,,,0.0223,0.0008,,,,,,,,,,,,,,,,,pinnacle
spelad,L1,2022/23,2023-01-14,,Lyon,Strasbourg,1,2,A,28,8,7,6,2.4685,1.1548,understat,,,,,,,,,,0.5991,0.223,0.1779,0.5917,0.233,0.1753,1,1.65,4.4,5.75,1.65,4.35,6.03,0.5682,0.5359,0.417,0.0631,0.4643,0,10,1.5,0.1794,0.0658,0,0,,,-0.0123,0.0009,,,,,,,,,,,,,,,,,pinnacle
spelad,L1,2022/23,2023-01-14,,Marseille,Lorient,3,1,H,16,11,8,3,2.0348,0.4916,understat,,,,,,,,,,0.6915,0.1861,0.1225,0.6667,0.1962,0.1371,1,1.44,5.3,8,1.46,5.3,8,0.601,0.5975,0.2481,0.1067,0.7372,0,4,3,1.2941,-0.2725,0,0,,,-0.0642,0.0102,,,,,,,,,,,,,,,,,pinnacle
spelad,L1,2022/23,2023-01-15,,Angers,Clermont,1,2,A,5,10,1,6,0.3947,2.1061,understat,,,,,,,,,,0.3946,0.2726,0.3328,0.4057,0.299,0.2954,1,2.5,3.61,2.97,2.44,3.46,3.35,0.4859,0.4442,-0.7853,0.2526,-0.9473,0,,,,,0,0,,,0.0596,-0.017,,,,,,,,,,,,,,,,,pinnacle
spelad,L1,2022/23,2023-01-15,,Lille,Troyes,5,1,H,23,10,13,2,4.3068,0.9815,understat,,,,,,,,,,0.687,0.1865,0.1265,0.6473,0.2187,0.1341,1,1.46,5.3,8,1.51,4.74,7.6,0.5955,0.5595,-0.2842,1.0003,0.4072,0,4,-0.75,-0.7316,-0.022,0,0,,,-0.0869,0.0031,,,,,,,,,,,,,,,,,pinnacle
spelad,L1,2022/23,2023-01-15,,Monaco,Ajaccio,7,1,H,11,5,8,2,4.1671,0.2156,understat,,,,,,,,,,0.6805,0.199,0.1204,0.6931,0.2066,0.1002,1,1.47,5,8.3,1.43,4.94,9.75,0.5547,0.5051,0.6884,-1.1007,0.0038,0,,,,,0,0,,,0.0454,-0.022,,,,,,,,,,,,,,,,,pinnacle
spelad,L1,2022/23,2023-01-15,,Montpellier,Nantes,0,3,A,11,12,5,7,1.1085,0.9036,understat,,,,,,,,,,0.3733,0.2786,0.3481,0.3943,0.2991,0.3066,1,2.63,3.68,2.81,2.6,3.5,3.3,0.5192,0.4578,0.0014,0.0956,-0.2451,0,9,-0.3333,-0.0842,-0.0668,0,0,,,0.0836,-0.0165,,,,,,,,,,,,,,,,,pinnacle
spelad,L1,2022/23,2023-01-15,,Reims,Nice,0,0,D,13,6,2,4,0.9754,0.6706,understat,,,,,,,,,,0.3867,0.2903,0.3229,0.3917,0.3004,0.3079,1,2.53,3.46,3.03,2.59,3.35,3.18,0.4604,0.4541,0.5114,-0.0708,0.4215,0,8,-0.375,-0.2546,0.3307,0,0,,,0.0249,-0.0331,,,,,,,,,,,,,,,,,pinnacle
spelad,L1,2022/23,2023-01-15,,Rennes,Paris SG,1,0,H,8,8,6,1,1.0626,0.6031,understat,,,,,,,,,,0.1773,0.2053,0.6173,0.1809,0.2356,0.5835,1,5.85,4.85,1.6,5.77,4.4,1.71,0.6146,0.5646,0.0571,-0.2317,-0.0059,0,9,-0.6667,0.5681,-0.0666,0,0,,,0.0409,0.0059,,,,,,,,,,,,,,,,,pinnacle
spelad,L1,2022/23,2023-01-15,,Toulouse,Brest,1,1,D,16,17,7,5,1.5476,0.7546,understat,,,,,,,,,,0.4814,0.27,0.2487,0.5245,0.2567,0.2187,1,2.07,3.7,3.96,1.9,3.95,4.56,0.5396,0.5459,0.3709,-0.3574,0.1337,0,,,,,0,0,,,0.1162,-0.0223,,,,,,,,,,,,,,,,,pinnacle
spelad,L1,2022/23,2023-01-27,,Lorient,Rennes,2,1,H,4,19,4,6,0.9891,1.9418,understat,,,,,,,,,,0.2381,0.2712,0.4906,0.2301,0.2928,0.4771,1,4.1,3.64,2.03,4.35,3.57,2.08,0.4897,0.4211,-0.4919,-0.046,-0.7058,1,5,-1.2,0.0519,-0.0324,0,0,,,-0.0025,0.0228,,,,,,,,,,,,,,,,,pinnacle
spelad,L1,2022/23,2023-01-28,,Marseille,Monaco,1,1,D,22,11,6,4,1.772,1.5519,understat,,,,,,,,,,0.4615,0.2582,0.2803,0.4792,0.258,0.2628,1,2.16,3.88,3.55,2.1,3.9,3.93,0.5459,0.5707,-0.0518,0.5116,0.4194,1,10,0.6,0.4582,-0.0597,0,0,,,0.053,-0.0097,,,,,,,,,,,,,,,,,pinnacle
spelad,L1,2022/23,2023-01-28,,Troyes,Lens,1,1,D,6,21,1,5,0.9373,2.4345,understat,,,,,,,,,,0.1876,0.242,0.5704,0.1593,0.2248,0.616,1,5.3,4.1,1.72,6.11,4.33,1.63,0.5115,0.532,-0.7323,0.1862,-1.033,-1,3,-3,-0.8166,-0.2368,0,0,,,-0.1021,0.0169,,,,,,,,,,,,,,,,,pinnacle
spelad,L1,2022/23,2023-01-29,,Ajaccio,Lyon,0,2,A,16,8,5,2,1.446,2.0273,understat,,,,,,,,,,0.1981,0.2625,0.5395,0.1948,0.2709,0.5343,1,5,3.82,1.91,5.15,3.7,1.88,0.4731,0.4529,-0.0683,0.4305,0.1625,-1,,,,,0,0,,,-0.0014,0.0229,,,,,,,,,,,,,,,,,pinnacle
spelad,L1,2022/23,2023-01-29,,Auxerre,Montpellier,0,2,A,16,4,5,3,1.7852,0.7869,understat,,,,,,,,,,0.3898,0.2852,0.325,0.4011,0.293,0.3059,1,2.52,3.6,3.01,2.53,3.42,3.23,0.4821,0.4694,-0.0679,0.4205,0.0332,1,,,,,0,0,,,0.0419,0.0006,,,,,,,,,,,,,,,,,pinnacle
spelad,L1,2022/23,2023-01-29,,Brest,Angers,4,0,H,9,8,7,1,1.6208,1.0014,understat,,,,,,,,,,0.4531,0.2788,0.2681,0.4443,0.2944,0.2613,1,2.2,3.66,3.66,2.22,3.4,3.81,0.4859,0.4504,0.5542,-0.2364,0.9081,0,7,-0.4286,-0.075,-0.0104,0,0,,,-0.0108,-0.015,,,,,,,,,,,,,,,,,pinnacle
spelad,L1,2022/23,2023-01-29,,Clermont,Nantes,0,0,D,9,4,0,0,0.6392,0.1246,understat,,,,,,,,,,0.4007,0.2928,0.3065,0.3765,0.3118,0.3118,1,2.48,3.45,3.19,2.6,3.2,3.33,0.4529,0.4175,0.0257,0.8517,0.324,0,3,-2,-0.8388,0.0469,0,0,,,-0.0537,0.0265,,,,,,,,,,,,,,,,,pinnacle
spelad,L1,2022/23,2023-01-29,,Nice,Lille,1,0,H,12,16,6,7,1.3887,2.0697,understat,,,,,,,,,,0.3285,0.2922,0.3794,0.3096,0.2974,0.393,1,2.98,3.48,2.58,3.37,3.34,2.49,0.4641,0.4478,0.34,-0.7909,0.1748,0,10,0.3,0.2607,0.0238,0,0,,,-0.0512,-0.01,,,,,,,,,,,,,,,,,pinnacle
spelad,L1,2022/23,2023-01-29,,Paris SG,Reims,1,1,D,12,17,5,4,1.9947,1.6335,understat,,,,,,,,,,0.77,0.1425,0.0876,0.7811,0.1446,0.0744,1,1.27,7,13,1.26,7.5,15,0.6429,0.6682,-0.1755,0.0204,-0.7124,0,8,1.125,-0.4934,-0.0131,0,0,,,0.0353,0.0002,,,,,,,,,,,,,,,,,pinnacle
spelad,L1,2022/23,2023-01-29,,Strasbourg,Toulouse,1,2,A,11,10,2,3,0.8999,2.0502,understat,,,,,,,,,,0.41,0.2808,0.3092,0.4024,0.2802,0.3175,1,2.39,3.6,3.25,2.5,3.5,3.12,0.5396,0.5243,0.1546,-0.5401,-0.0385,1,7,1.7143,0.7108,0.1468,0,0,,,-0.0236,-0.025,,,,,,,,,,,,,,,,,pinnacle
spelad,L1,2022/23,2023-02-01,,Angers,Ajaccio,1,2,A,6,9,2,4,0.4138,1.1872,understat,,,,,,,,,,0.4182,0.3107,0.2711,0.4107,0.3133,0.2761,1,2.34,3.36,3.61,2.41,3.23,3.57,0.3956,0.3702,-0.6414,0.2068,-0.6802,0,,,,,0,0,,,-0.0201,0.0001,,,,,,,,,,,,,,,,,pinnacle
spelad,L1,2022/23,2023-02-01,,Lens,Nice,0,1,A,9,14,4,6,0.3968,2.165,understat,,,,,,,,,,0.5581,0.2669,0.175,0.5342,0.2834,0.1824,1,1.78,3.8,5.65,1.85,3.68,5.5,0.4641,0.4293,-0.1806,0.5551,-0.1505,1,5,-1.2,-0.5138,-0.0909,0,0,,,-0.0551,0.002,,,,,,,,,,,,,,,,,pinnacle
spelad,L1,2022/23,2023-02-01,,Lille,Clermont,0,0,D,22,13,5,5,1.7519,1.536,understat,,,,,,,,,,0.6431,0.2172,0.1396,0.6166,0.2412,0.1422,1,1.53,4.6,7,1.59,4.31,7.5,0.523,0.4936,-0.565,0.3074,-0.7714,0,3,1,0.2239,-0.2791,0,0,,,-0.0556,-0.0036,,,,,,,,,,,,,,,,,pinnacle
spelad,L1,2022/23,2023-02-01,,Lyon,Brest,0,0,D,28,8,8,1,2.2988,0.509,understat,,,,,,,,,,0.6321,0.2067,0.1612,0.6298,0.2145,0.1557,1,1.56,4.8,6.5,1.56,5,7.05,0.5815,0.5707,0.2186,0.0835,-0.3343,0,6,0.5,-0.5267,0.2875,0,0,,,0.0008,0.0058,,,,,,,,,,,,,,,,,pinnacle
spelad,L1,2022/23,2023-02-01,,Monaco,Auxerre,3,2,H,16,11,6,3,1.9772,1.1306,understat,,,,,,,,,,0.7226,0.1714,0.1059,0.7059,0.1873,0.1068,1,1.36,5.8,10,1.39,5.67,10,0.6122,0.601,1.0024,-1.9791,0.7408,1,,,,,0,0,,,-0.0344,0.0085,,,,,,,,,,,,,,,,,pinnacle
spelad,L1,2022/23,2023-02-01,,Montpellier,Paris SG,1,3,A,6,19,3,8,0.2701,4.0011,understat,,,,,,,,,,0.114,0.1598,0.7262,0.1027,0.1584,0.7388,1,10,6.2,1.35,9.7,6.31,1.33,0.6573,0.6589,-0.1193,0.2111,0.3222,0,11,-2.1818,-0.0632,-0.0531,0,0,,,-0.035,0.0079,,,,,,,,,,,,,,,,,pinnacle
spelad,L1,2022/23,2023-02-01,,Nantes,Marseille,0,2,A,12,13,2,4,1.403,1.9432,understat,,,,,,,,,,0.2073,0.2522,0.5405,0.1871,0.255,0.558,1,4.75,3.92,1.85,5.6,3.94,1.75,0.4974,0.4821,-0.3588,-0.3057,-0.6919,-1,11,-0.5455,0.0734,0.0026,0,0,,,-0.0579,0.0072,,,,,,,,,,,,,,,,,pinnacle
spelad,L1,2022/23,2023-02-01,,Reims,Lorient,4,2,H,31,12,9,5,3.6138,0.7068,understat,,,,,,,,,,0.5222,0.2618,0.216,0.5331,0.2567,0.2102,1,1.88,3.86,4.52,1.85,3.9,4.77,0.4974,0.5192,0.0323,0.2584,0.62,-2,5,-0.6,-0.3883,0.1043,0,0,,,0.0276,-0.0098,,,,,,,,,,,,,,,,,pinnacle
spelad,L1,2022/23,2023-02-01,,Rennes,Strasbourg,3,0,H,6,3,3,0,1.2565,0.1414,understat,,,,,,,,,,0.6175,0.2274,0.1551,0.618,0.2393,0.1427,1,1.6,4.4,6.5,1.64,4.3,7.25,0.5077,0.4834,0.2527,0.3117,0.4281,2,10,0.9,0.3557,-0.1801,0,0,,,0.0133,-0.015,,,,,,,,,,,,,,,,,pinnacle
spelad,L1,2022/23,2023-02-01,,Toulouse,Troyes,4,1,H,13,11,6,3,2.9493,1.2545,understat,,,,,,,,,,0.5496,0.2369,0.2136,0.591,0.2268,0.1823,1,1.81,4.23,4.6,1.69,4.46,5.35,0.58,0.5789,-0.1601,0.6321,0.226,-1,3,2,0.8065,0.0367,0,0,,,0.1141,-0.0296,,,,,,,,,,,,,,,,,pinnacle
spelad,L1,2022/23,2023-02-04,,Paris SG,Toulouse,2,1,H,22,14,5,5,1.8043,0.7288,understat,,,,,,,,,,0.7052,0.1729,0.122,0.6832,0.183,0.1338,1,1.42,5.7,8.1,1.43,5.7,8.3,0.6534,0.6422,-0.0441,0.3366,-0.6164,0,6,3,0.4326,-0.1206,0,0,,,-0.0559,0.012,,,,,,,,,,,,,,,,,pinnacle
spelad,L1,2022/23,2023-02-04,,Rennes,Lille,1,3,A,10,15,6,6,2.1874,2.3524,understat,,,,,,,,,,0.4144,0.2819,0.3037,0.3994,0.2939,0.3067,1,2.44,3.6,3.3,2.52,3.44,3.32,0.4757,0.4504,0.4561,-0.4893,0.3376,0,11,-0.2727,-0.1436,0.0763,0,0,,,-0.033,0.0005,,,,,,,,,,,,,,,,,pinnacle
spelad,L1,2022/23,2023-02-04,,Troyes,Lyon,1,3,A,8,10,2,6,0.6999,1.3071,understat,,,,,,,,,,0.2098,0.2295,0.5607,0.1789,0.2256,0.5956,1,4.7,4.3,1.77,5.6,4.5,1.69,0.5707,0.5547,0.5627,-0.6659,0.421,0,5,-3,-0.549,-0.1775,0,0,,,-0.0967,0.0085,,,,,,,,,,,,,,,,,pinnacle
spelad,L1,2022/23,2023-02-05,,Ajaccio,Nantes,0,2,A,8,7,2,3,0.2234,1.5685,understat,,,,,,,,,,0.3359,0.3163,0.3478,0.3749,0.3295,0.2956,1,2.93,3.24,2.85,2.79,3.04,3.31,0.3811,0.3426,-0.1768,1.3157,0.2097,0,,,,,0,0,,,0.1303,-0.0331,,,,,,,,,,,,,,,,,pinnacle
spelad,L1,2022/23,2023-02-05,,Auxerre,Reims,0,0,D,12,8,3,4,0.6104,0.4061,understat,,,,,,,,,,0.2733,0.2717,0.455,0.2412,0.2654,0.4934,1,3.61,3.65,2.18,4.18,3.72,2,0.4655,0.4859,-1.249,1.579,-1.4379,0,,,,,0,0,,,-0.1025,0.0085,,,,,,,,,,,,,,,,,pinnacle
spelad,L1,2022/23,2023-02-05,,Brest,Lens,1,1,D,16,20,3,7,2.1704,2.2647,understat,,,,,,,,,,0.209,0.2576,0.5334,0.2075,0.2613,0.5312,1,4.75,3.85,1.89,4.71,3.79,1.9,0.4846,0.4808,-0.2221,-0.432,0.0077,0,5,0,0.4253,-0.0547,0,0,,,-0.0008,0.0256,,,,,,,,,,,,,,,,,pinnacle
spelad,L1,2022/23,2023-02-05,,Clermont,Monaco,0,2,A,8,14,3,5,0.2768,1.4663,understat,,,,,,,,,,0.233,0.2548,0.5123,0.2114,0.2605,0.528,1,4.22,4.1,1.91,4.75,3.81,1.87,0.5192,0.5026,-0.534,1.0566,0.2258,0,3,-2,-0.3664,0.1133,0,0,,,-0.0588,0.0095,,,,,,,,,,,,,,,,,pinnacle
spelad,L1,2022/23,2023-02-05,,Lorient,Angers,0,0,D,13,13,2,5,0.6875,0.5848,understat,,,,,,,,,,0.5139,0.2682,0.2179,0.4748,0.2795,0.2457,1,1.99,3.82,4.5,2.07,3.64,4.36,0.4846,0.4897,1.3598,-1.6885,0.9953,0,5,0,0.1287,-0.0758,0,0,,,-0.1059,0.0069,,,,,,,,,,,,,,,,,pinnacle
spelad,L1,2022/23,2023-02-05,,Marseille,Nice,1,3,A,22,14,5,8,2.6107,1.4814,understat,,,,,,,,,,0.5644,0.2504,0.1853,0.5772,0.2451,0.1777,1,1.76,4.2,5.4,1.71,4.07,5.75,0.4834,0.4859,0.3794,-0.1455,0.2487,0,10,2.1,0.9046,-0.1784,0,0,,,0.0333,-0.0208,,,,,,,,,,,,,,,,,pinnacle
spelad,L1,2022/23,2023-02-05,,Strasbourg,Montpellier,2,0,H,6,11,2,0,1.5163,0.6137,understat,,,,,,,,,,0.4532,0.2905,0.2563,0.4526,0.2935,0.2539,1,2.19,3.45,3.85,2.17,3.45,4.2,0.4885,0.4655,-0.3692,0.3406,-0.4645,0,11,-0.8182,-0.4102,0.0701,0,0,,,0.001,0.0192,,,,,,,,,,,,,,,,,pinnacle
spelad,L1,2022/23,2023-02-10,,Nice,Ajaccio,3,0,H,11,6,3,3,0.5685,0.2646,understat,,,,,,,,,,0.6071,0.25,0.1429,0.5872,0.2678,0.145,1,1.63,3.98,7,1.66,3.85,7.18,0.415,0.3735,0.5503,-1.393,0.992,0,,,,,0,0,,,-0.042,0.0009,,,,,,,,,,,,,,,,,pinnacle
spelad,L1,2022/23,2023-02-11,,Clermont,Marseille,0,2,A,9,17,4,5,1.0899,2.1094,understat,,,,,,,,,,0.1747,0.2519,0.5734,0.1728,0.2538,0.5734,1,5.7,4,1.74,5.67,3.98,1.74,0.4872,0.4731,-0.2857,0.4188,-0.0129,0,3,-1,0.2829,-0.2187,0,0,,,-0.0037,0.0138,,,,,,,,,,,,,,,,,pinnacle
spelad,L1,2022/23,2023-02-11,,Monaco,Paris SG,3,1,H,19,7,9,2,3.8036,0.9329,understat,,,,,,,,,,0.365,0.2687,0.3663,0.3961,0.282,0.3219,1,2.73,3.76,2.72,2.5,3.57,3.16,0.5682,0.5154,0.4133,-0.7329,0.5629,-1,11,-0.8182,0.4179,0.0109,0,0,,,0.1068,0.0118,,,,,,,,,,,,,,,,,pinnacle
spelad,L1,2022/23,2023-02-12,,Angers,Auxerre,1,1,D,10,15,5,4,0.4458,2.4871,understat,,,,,,,,,,0.4271,0.2818,0.2911,0.4095,0.2913,0.2993,1,2.35,3.53,3.38,2.48,3.47,3.27,0.4617,0.4416,0.0048,-0.5119,-0.23,0,,,,,0,0,,,-0.0434,-0.0314,,,,,,,,,,,,,,,,,pinnacle
spelad,L1,2022/23,2023-02-12,,Lille,Strasbourg,2,0,H,14,5,10,0,3.6543,0.1743,understat,,,,,,,,,,0.6548,0.2163,0.1289,0.6717,0.1996,0.1287,1,1.52,4.64,7.7,1.49,5.3,7.64,0.5396,0.5754,0.0499,0.043,0.157,1,11,1.6364,0.565,-0.0201,0,0,,,0.0341,-0.0228,,,,,,,,,,,,,,,,,pinnacle
spelad,L1,2022/23,2023-02-12,,Lyon,Lens,2,1,H,11,14,5,4,1.5289,1.3082,understat,,,,,,,,,,0.4029,0.2782,0.3189,0.3776,0.2964,0.326,1,2.45,3.64,3.07,2.6,3.39,3.14,0.4974,0.4318,-0.1854,0.136,-0.2106,1,5,0.6,-0.1723,0.1623,0,0,,,-0.0577,0.0044,,,,,,,,,,,,,,,,,pinnacle
spelad,L1,2022/23,2023-02-12,,Montpellier,Brest,3,0,H,16,10,7,2,3.9491,0.4686,understat,,,,,,,,,,0.4058,0.2885,0.3056,0.4081,0.2986,0.2933,1,2.46,3.58,3.2,2.41,3.5,3.34,0.4834,0.4442,-0.1359,0.7204,-0.3205,0,6,1,0.3954,0.065,0,0,,,0.0169,-0.0088,,,,,,,,,,,,,,,,,pinnacle
spelad,L1,2022/23,2023-02-12,,Nantes,Lorient,1,0,H,13,9,6,5,1.6417,1.6303,understat,,,,,,,,,,0.4768,0.2745,0.2487,0.4866,0.2771,0.2363,1,2.07,3.64,3.97,2.09,3.65,4.14,0.4731,0.4834,-0.1839,0.2122,0.3782,0,5,1.2,0.5973,-0.1118,0,0,,,0.0322,-0.0083,,,,,,,,,,,,,,,,,pinnacle
spelad,L1,2022/23,2023-02-12,,Reims,Troyes,4,0,H,20,7,10,2,2.1065,0.5696,understat,,,,,,,,,,0.6175,0.2188,0.1637,0.6309,0.2149,0.1542,1,1.6,4.6,6.2,1.59,4.7,6.34,0.551,0.5558,0.246,-0.2418,0.7073,-1,3,-2,-1.0537,0.0167,0,0,,,0.0361,-0.0149,,,,,,,,,,,,,,,,,pinnacle
spelad,L1,2022/23,2023-02-12,,Toulouse,Rennes,3,1,H,13,13,7,4,2.713,1.1965,understat,,,,,,,,,,0.3094,0.2762,0.4143,0.3313,0.29,0.3788,1,3.2,3.58,2.41,3.12,3.65,2.6,0.5471,0.5179,0.2451,-0.7217,0.5217,0,7,-1.2857,-0.3926,0.0155,0,0,,,0.0792,-0.014,,,,,,,,,,,,,,,,,pinnacle
spelad,L1,2022/23,2023-02-17,,Auxerre,Lyon,2,1,H,8,6,3,4,1.3478,0.7189,understat,,,,,,,,,,0.2362,0.265,0.4989,0.227,0.2609,0.5122,1,4.2,3.75,1.98,4.5,3.9,1.94,0.5026,0.4859,-1.0822,1.2766,-0.6041,0,,,,,0,0,,,-0.0317,0.0044,,,,,,,,,,,,,,,,,pinnacle
spelad,L1,2022/23,2023-02-18,,Nice,Reims,0,0,D,16,10,1,2,1.5326,1.2872,understat,,,,,,,,,,0.4509,0.2861,0.263,0.4552,0.2845,0.2603,1,2.2,3.45,3.75,2.16,3.55,3.94,0.4604,0.4936,0.2282,-0.3809,0.2404,2,9,0.3333,-0.0926,0.3717,0,0,,,0.0114,-0.006,,,,,,,,,,,,,,,,,pinnacle
spelad,L1,2022/23,2023-02-18,,Strasbourg,Angers,2,1,H,18,10,5,3,1.9496,1.0497,understat,,,,,,,,,,0.519,0.268,0.213,0.5057,0.2862,0.2081,1,1.95,3.71,4.7,1.95,3.53,4.75,0.4655,0.4221,0.7558,-1.0341,0.7709,0,10,0,-0.0487,0.1042,0,0,,,-0.0216,-0.0103,,,,,,,,,,,,,,,,,pinnacle
spelad,L1,2022/23,2023-02-19,,Brest,Monaco,1,2,A,13,10,3,3,0.7675,1.6107,understat,,,,,,,,,,0.2107,0.2444,0.5449,0.2281,0.2555,0.5164,1,4.7,4.03,1.83,4.71,4,1.89,0.5255,0.5282,-0.579,-0.2638,-0.7577,-1,6,-1,0.2791,-0.2085,0,0,,,0.0632,-0.0313,,,,,,,,,,,,,,,,,pinnacle
spelad,L1,2022/23,2023-02-19,,Lens,Nantes,3,1,H,19,6,6,3,3.1303,0.2365,understat,,,,,,,,,,0.6416,0.2201,0.1383,0.651,0.2255,0.1235,1,1.56,4.5,7.1,1.55,4.4,8,0.5064,0.4731,-0.599,0.4028,-1.0084,0,5,-0.6,-0.7983,0.5223,0,0,,,0.0338,-0.0226,,,,,,,,,,,,,,,,,pinnacle
spelad,L1,2022/23,2023-02-19,,Lorient,Ajaccio,3,0,H,10,12,6,3,2.4364,0.5929,understat,,,,,,,,,,0.4637,0.2965,0.2398,0.474,0.2968,0.2292,1,2.14,3.4,4.1,2.14,3.46,4.4,0.4069,0.3811,0.286,-1.203,0.16,-2,,,,,0,0,,,0.0312,-0.0304,,,,,,,,,,,,,,,,,pinnacle
spelad,L1,2022/23,2023-02-19,,Paris SG,Lille,4,3,H,12,16,10,7,2.096,3.2077,understat,,,,,,,,,,0.5913,0.2253,0.1834,0.57,0.2277,0.2022,1,1.68,4.6,5.5,1.72,4.4,5.63,0.5931,0.6289,0.1212,0.1665,-0.5305,1,11,1.6364,0.042,-0.095,0,0,,,-0.0614,0.0149,,,,,,,,,,,,,,,,,pinnacle
spelad,L1,2022/23,2023-02-19,,Rennes,Clermont,2,0,H,18,7,6,3,1.6726,0.8658,understat,,,,,,,,,,0.6102,0.237,0.1528,0.6099,0.2434,0.1467,1,1.61,4.2,6.5,1.63,4.1,6.9,0.4808,0.4731,-0.4319,0.1732,-0.8865,-1,3,-1,-0.7791,-0.2724,0,0,,,0.0054,-0.0217,,,,,,,,,,,,,,,,,pinnacle
spelad,L1,2022/23,2023-02-19,,Toulouse,Marseille,2,3,A,15,15,6,7,2.0982,1.218,understat,,,,,,,,,,0.2506,0.2506,0.4987,0.2629,0.2601,0.477,1,3.92,3.99,1.99,4.22,3.85,2.06,0.5682,0.5595,-0.1079,0.0022,0.3009,-1,7,-3,-0.7891,-0.2368,0,0,,,0.0462,-0.0293,,,,,,,,,,,,,,,,,pinnacle
spelad,L1,2022/23,2023-02-19,,Troyes,Montpellier,0,1,A,4,19,2,7,0.0857,1.0848,understat,,,,,,,,,,0.3349,0.2946,0.3705,0.285,0.299,0.416,1,2.92,3.62,2.67,3.43,3.4,2.39,0.5051,0.4578,0.0606,0.0156,-0.2845,0,5,-0.6,-0.0774,0.1231,0,0,,,-0.1454,0.0219,,,,,,,,,,,,,,,,,pinnacle
spelad,L1,2022/23,2023-02-24,,Lille,Brest,2,1,H,18,3,4,0,0.7722,0.2024,understat,,,,,,,,,,0.7069,0.1845,0.1087,0.7178,0.1804,0.1018,1,1.39,5.6,9.5,1.39,5.7,11,0.5865,0.585,-0.4862,1.3393,-0.1312,0,6,-0.5,-0.9625,0.2614,0,0,,,0.0287,0.0072,,,,,,,,,,,,,,,,,pinnacle
spelad,L1,2022/23,2023-02-25,,Angers,Lyon,1,3,A,11,7,2,5,1.1351,1.8182,understat,,,,,,,,,,0.1928,0.2456,0.5617,0.2055,0.2582,0.5363,1,5.25,4,1.75,4.96,4.08,1.85,0.509,0.4936,-0.4569,0.4216,-0.423,-1,10,-1.8,-0.2121,-0.0152,0,0,,,0.0508,0.0162,,,,,,,,,,,,,,,,,pinnacle
spelad,L1,2022/23,2023-02-25,,Montpellier,Lens,1,1,D,8,19,3,6,0.6453,1.5354,understat,,,,,,,,,,0.2123,0.2626,0.5251,0.2125,0.2687,0.5188,1,4.7,3.76,1.88,4.9,3.85,1.88,0.4872,0.4566,0.1461,0.1732,0.2944,0,5,-0.6,0.2027,-0.2585,0,0,,,0.0066,-0.0204,,,,,,,,,,,,,,,,,pinnacle
spelad,L1,2022/23,2023-02-26,,Ajaccio,Troyes,2,1,H,14,11,6,5,3.9452,1.4038,understat,,,,,,,,,,0.4271,0.3028,0.2702,0.4682,0.3058,0.226,1,2.31,3.29,3.66,2.17,3.27,4.33,0.3922,0.3759,-0.3053,0.7547,-0.3074,0,,,,,0,0,,,0.1265,-0.0289,,,,,,,,,,,,,,,,,pinnacle
spelad,L1,2022/23,2023-02-26,,Clermont,Strasbourg,1,1,D,11,12,4,6,1.7477,0.9201,understat,,,,,,,,,,0.3694,0.3021,0.3285,0.3272,0.3294,0.3433,1,2.67,3.35,3,2.99,3.06,2.85,0.4318,0.3513,-0.2737,0.7833,0.4315,-1,3,-2,-0.4964,0.0796,0,0,,,-0.0991,0.0085,,,,,,,,,,,,,,,,,pinnacle
spelad,L1,2022/23,2023-02-26,,Lorient,Auxerre,0,1,A,18,9,4,1,1.0497,1.2094,understat,,,,,,,,,,0.4615,0.2733,0.2652,0.4218,0.293,0.2853,1,2.17,3.62,3.72,2.32,3.5,3.86,0.5026,0.4529,1.1291,-1.8568,0.5809,-2,,,,,0,0,,,-0.0996,0.0273,,,,,,,,,,,,,,,,,pinnacle
spelad,L1,2022/23,2023-02-26,,Marseille,Paris SG,0,3,A,19,12,6,7,2.2899,3.7335,understat,,,,,,,,,,0.348,0.2608,0.3912,0.3049,0.2733,0.4218,1,2.84,3.98,2.53,3.42,3.75,2.44,0.592,0.5671,0.458,-0.3725,0.8816,0,10,-1.8,-0.0543,0.0241,0,0,,,-0.117,0.0399,,,,,,,,,,,,,,,,,pinnacle
spelad,L1,2022/23,2023-02-26,,Monaco,Nice,0,3,A,15,12,4,7,0.6888,1.7956,understat,,,,,,,,,,0.4741,0.2676,0.2584,0.4673,0.2823,0.2504,1,2.09,3.71,3.82,2.12,3.67,3.9,0.5064,0.4617,-0.1543,0.719,-0.1578,-1,11,0.5455,-0.1033,0.0095,0,0,,,-0.0056,-0.0248,,,,,,,,,,,,,,,,,pinnacle
spelad,L1,2022/23,2023-02-26,,Nantes,Rennes,0,1,A,20,11,7,3,2.4247,0.9863,understat,,,,,,,,,,0.2747,0.2868,0.4385,0.2649,0.3026,0.4325,1,3.61,3.55,2.25,3.92,3.35,2.26,0.4541,0.4115,0.6348,-0.7946,0.6847,0,11,-1.0909,-0.2556,-0.0095,0,0,,,-0.0136,0.0082,,,,,,,,,,,,,,,,,pinnacle
spelad,L1,2022/23,2023-02-26,,Reims,Toulouse,3,0,H,18,13,6,6,2.1745,0.5229,understat,,,,,,,,,,0.4528,0.2771,0.2702,0.46,0.2752,0.2648,1,2.18,3.65,3.68,2.2,3.75,3.75,0.5595,0.5471,0.164,-0.0682,-0.2231,1,4,-0.75,-0.4991,-0.041,0,0,,,0.0198,-0.021,,,,,,,,,,,,,,,,,pinnacle
spelad,L1,2022/23,2023-03-03,,Nice,Auxerre,1,1,D,17,3,5,1,1.7392,0.4431,understat,,,,,,,,,,0.5847,0.2528,0.1626,0.599,0.251,0.15,1,1.68,3.95,6.2,1.7,3.91,6.55,0.4527,0.4453,1.2328,-2.2467,1.1752,0,,,,,0,0,,,0.0413,-0.0628,,,,,,,,,,,,,,,,,pinnacle
spelad,L1,2022/23,2023-03-04,,Lens,Lille,1,1,D,10,11,1,6,0.6166,1.9008,understat,,,,,,,,,,0.4039,0.2821,0.314,0.39,0.2805,0.3296,1,2.49,3.54,3.17,2.53,3.58,3.05,0.4884,0.5051,-0.2869,0.1651,-0.6164,-1,5,-0.6,0.0716,-0.2872,0,0,,,-0.0434,0.0078,,,,,,,,,,,,,,,,,pinnacle
spelad,L1,2022/23,2023-03-04,,Paris SG,Nantes,4,2,H,17,8,11,5,1.1091,0.2387,understat,,,,,,,,,,0.7299,0.1648,0.1053,0.7621,0.1621,0.0758,1,1.34,6.2,10.5,1.29,6.5,13.07,0.6204,0.6144,0.3409,-0.0841,-0.2978,0,11,1.3636,-0.2287,-0.1527,0,0,,,0.0939,-0.0132,,,,,,,,,,,,,,,,,pinnacle
spelad,L1,2022/23,2023-03-05,,Lyon,Lorient,0,0,D,17,11,5,1,2.5407,0.8879,understat,,,,,,,,,,0.621,0.2153,0.1637,0.6111,0.2212,0.1677,1,1.58,4.7,6.4,1.64,4.46,6,0.5561,0.5595,0.215,0.1102,0.072,1,5,0.6,-0.4819,0.1899,0,0,,,-0.024,-0.0209,,,,,,,,,,,,,,,,,pinnacle
spelad,L1,2022/23,2023-03-05,,Montpellier,Angers,5,0,H,15,10,8,4,3.4155,0.9557,understat,,,,,,,,,,0.5506,0.2598,0.1896,0.55,0.2632,0.1868,1,1.82,3.82,5.2,1.84,3.72,5.24,0.4602,0.4566,0.5994,-0.2419,0.9598,0,11,-0.2727,-0.2819,0.0659,0,0,,,0.0016,-0.0347,,,,,,,,,,,,,,,,,pinnacle
spelad,L1,2022/23,2023-03-05,,Reims,Ajaccio,1,0,H,12,5,3,1,0.4095,0.3699,understat,,,,,,,,,,0.6065,0.2444,0.1491,0.634,0.2319,0.1341,1,1.67,4,6.6,1.57,4.21,7.64,0.459,0.477,0.5165,-1.7501,0.8411,0,,,,,0,0,,,0.0699,-0.0375,,,,,,,,,,,,,,,,,pinnacle
spelad,L1,2022/23,2023-03-05,,Rennes,Marseille,0,1,A,13,11,2,4,1.035,1.4528,understat,,,,,,,,,,0.3424,0.2747,0.3829,0.3244,0.2807,0.395,1,2.89,3.74,2.59,3.25,3.6,2.5,0.5193,0.4936,-0.1333,-0.2981,-0.2905,0,11,-0.2727,0.0122,0.0888,0,0,,,-0.0483,-0.0128,,,,,,,,,,,,,,,,,pinnacle
spelad,L1,2022/23,2023-03-05,,Strasbourg,Brest,0,1,A,17,8,4,1,0.9836,0.5851,understat,,,,,,,,,,0.4808,0.2943,0.2248,0.4751,0.2957,0.2292,1,2.11,3.45,4.4,2.07,3.4,4.35,0.4538,0.4416,0.3897,0.2384,0.2824,-2,6,1,0.2634,0.0574,0,0,,,-0.0158,-0.0123,,,,,,,,,,,,,,,,,pinnacle
spelad,L1,2022/23,2023-03-05,,Toulouse,Clermont,0,1,A,9,12,0,3,1.0251,0.6477,understat,,,,,,,,,,0.5366,0.2523,0.2111,0.5841,0.2385,0.1774,1,1.84,3.96,4.75,1.7,4.15,5.5,0.5256,0.5371,0.24,-0.8014,0.174,0,,,,,0,0,,,0.1288,-0.0292,,,,,,,,,,,,,,,,,pinnacle
spelad,L1,2022/23,2023-03-05,,Troyes,Monaco,2,2,D,13,17,6,4,0.8794,2.8163,understat,,,,,,,,,,0.1605,0.2016,0.6379,0.1442,0.1999,0.656,1,6.3,5,1.55,7.09,4.99,1.51,0.5935,0.6,-0.5411,0.3463,-1.0203,0,5,-1.8,-0.0143,-0.2071,0,0,,,-0.0508,0.0094,,,,,,,,,,,,,,,,,pinnacle
spelad,L1,2022/23,2023-03-10,,Lille,Lyon,3,3,D,8,6,6,5,2.3529,1.0584,understat,,,,,,,,,,0.5034,0.2537,0.2429,0.5337,0.2454,0.221,1,2.05,3.91,4.15,1.91,4.1,4.42,0.5707,0.5789,-0.2155,0.3267,0.194,1,11,1.0909,0.7443,0.196,0,0,,,0.0825,-0.0209,,,,,,,,,,,,,,,,,pinnacle
spelad,L1,2022/23,2023-03-11,,Auxerre,Rennes,0,0,D,12,7,0,2,0.9611,0.6909,understat,,,,,,,,,,0.242,0.2788,0.4792,0.244,0.2878,0.4682,1,4.1,3.6,2.04,4.15,3.45,2.14,0.4564,0.4343,-0.322,0.4463,0.2481,2,,,,,0,0,,,0.0151,0.0129,,,,,,,,,,,,,,,,,pinnacle
spelad,L1,2022/23,2023-03-11,,Brest,Paris SG,1,2,A,7,17,2,8,0.751,2.6613,understat,,,,,,,,,,0.1347,0.1917,0.6736,0.1123,0.1717,0.716,1,7.5,5.2,1.46,9.42,5.67,1.46,0.597,0.6405,-0.1275,-0.5487,0.1951,-1,6,-3,-0.3581,-0.1264,0,0,,,-0.0872,0.0282,,,,,,,,,,,,,,,,,pinnacle
spelad,L1,2022/23,2023-03-12,,Ajaccio,Montpellier,0,1,A,7,12,1,4,0.192,1.2741,understat,,,,,,,,,,0.3181,0.3032,0.3787,0.2885,0.3155,0.396,1,3.1,3.27,2.62,3.68,3.15,2.48,0.403,0.3602,-0.5098,1.7034,-0.6108,0,,,,,0,0,,,-0.0764,-0.0022,,,,,,,,,,,,,,,,,pinnacle
spelad,L1,2022/23,2023-03-12,,Angers,Toulouse,0,2,A,13,8,2,5,1.0206,1.5693,understat,,,,,,,,,,0.2562,0.2596,0.4843,0.2539,0.2693,0.4768,1,3.84,3.8,2.05,4.13,3.68,2.05,0.5462,0.5115,-0.0336,0.128,-0.7806,0,6,-1,-0.4799,0.0427,0,0,,,0.0029,-0.0107,,,,,,,,,,,,,,,,,pinnacle
spelad,L1,2022/23,2023-03-12,,Clermont,Lens,0,4,A,9,13,6,6,1.8609,2.005,understat,,,,,,,,,,0.2001,0.2726,0.5274,0.1683,0.2471,0.5846,1,4.9,3.69,1.89,5.88,4,1.71,0.434,0.4897,0.2031,0.1024,0.7689,-1,3,-2,-0.5551,0.0799,0,0,,,-0.1207,0.0232,,,,,,,,,,,,,,,,,pinnacle
spelad,L1,2022/23,2023-03-12,,Lorient,Troyes,2,0,H,16,9,6,2,1.7914,0.4923,understat,,,,,,,,,,0.5432,0.2499,0.2069,0.5554,0.2475,0.1971,1,1.81,4,4.75,1.82,3.95,5.18,0.5296,0.5308,0.1774,-0.5177,0.3922,0,3,-1,-0.6665,0.382,0,0,,,0.0343,-0.0352,,,,,,,,,,,,,,,,,pinnacle
spelad,L1,2022/23,2023-03-12,,Marseille,Strasbourg,2,2,D,7,24,4,9,1.6797,2.2222,understat,,,,,,,,,,0.687,0.1957,0.1173,0.6921,0.1975,0.1104,1,1.45,5.1,8.26,1.46,4.95,8.84,0.5487,0.5434,0.1618,0.279,0.2398,0,10,1.8,0.4584,0.1339,0,0,,,0.017,-0.044,,,,,,,,,,,,,,,,,pinnacle
spelad,L1,2022/23,2023-03-12,,Monaco,Reims,0,1,A,14,17,3,8,0.9804,1.8188,understat,,,,,,,,,,0.5255,0.2505,0.224,0.5012,0.2599,0.2389,1,1.88,4,4.4,1.96,3.95,4.46,0.5561,0.5544,-0.1596,0.7103,-0.1503,0,9,0,-0.5208,0.2892,0,0,,,-0.0636,0.0025,,,,,,,,,,,,,,,,,pinnacle
spelad,L1,2022/23,2023-03-12,,Nantes,Nice,2,2,D,10,16,3,8,1.751,1.5184,understat,,,,,,,,,,0.3223,0.3033,0.3744,0.3301,0.3093,0.3606,1,3.06,3.29,2.62,3.12,3.27,2.71,0.4146,0.408,-0.5915,0.7707,-0.6872,-1,10,-1.5,-0.7121,0.009,0,0,,,0.0294,-0.0048,,,,,,,,,,,,,,,,,pinnacle
spelad,L1,2022/23,2023-03-17,,Lyon,Nantes,1,1,D,11,11,6,5,1.6219,1.0626,understat,,,,,,,,,,0.5991,0.2342,0.1667,0.5887,0.2346,0.1766,1,1.65,4.4,6,1.65,4.4,6.3,0.5522,0.5522,0.4606,-0.5746,0.1691,2,10,0.9,-0.269,0.0873,0,0,,,-0.0308,0.0229,,,,,,,,,,,,,,,,,pinnacle
spelad,L1,2022/23,2023-03-18,,Lens,Angers,3,0,H,12,3,6,1,1.649,0.5893,understat,,,,,,,,,,0.7732,0.1534,0.0733,0.7817,0.1377,0.0806,1,1.27,6.6,14,1.25,7.9,14.5,0.594,0.6508,0.252,-1.0782,0.2821,0,5,0.6,-0.1144,0.1195,0,0,,,0.0097,0.0103,,,,,,,,,,,,,,,,,pinnacle
spelad,L1,2022/23,2023-03-18,,Toulouse,Lille,0,2,A,16,18,4,5,2.0525,1.9647,understat,,,,,,,,,,0.2955,0.2627,0.4418,0.2687,0.2495,0.4818,1,3.4,3.84,2.24,3.8,3.95,2.07,0.5747,0.6146,0.3616,-0.5452,0.2963,-2,7,-0.8571,0.0229,-0.119,0,0,,,-0.0935,0.0135,,,,,,,,,,,,,,,,,pinnacle
spelad,L1,2022/23,2023-03-19,,Ajaccio,Monaco,0,2,A,10,8,1,4,0.4096,1.456,understat,,,,,,,,,,0.1745,0.2547,0.5708,0.1469,0.2461,0.6069,1,5.6,3.89,1.76,7.2,4,1.62,0.4564,0.4515,-0.353,0.5747,-0.3222,0,,,,,0,0,,,-0.0913,0.0101,,,,,,,,,,,,,,,,,pinnacle
spelad,L1,2022/23,2023-03-19,,Montpellier,Clermont,2,1,H,23,16,9,8,3.0198,1.4059,understat,,,,,,,,,,0.516,0.2665,0.2175,0.5305,0.2682,0.2013,1,1.93,3.7,4.5,1.87,3.76,5,0.4464,0.4416,0.9047,-1.6362,0.896,0,3,0,0.0728,0.0705,0,0,,,0.0453,-0.0174,,,,,,,,,,,,,,,,,pinnacle
spelad,L1,2022/23,2023-03-19,,Nice,Lorient,1,1,D,16,9,1,3,1.2167,0.8831,understat,,,,,,,,,,0.5676,0.2482,0.1842,0.5882,0.246,0.1658,1,1.74,4,5.5,1.67,4.1,6,0.4859,0.4719,0.5204,-0.3605,0.811,0,5,0.6,-0.0024,0.1237,0,0,,,0.0597,-0.0108,,,,,,,,,,,,,,,,,pinnacle
spelad,L1,2022/23,2023-03-19,,Paris SG,Rennes,0,2,A,17,10,8,3,1.7098,1.9004,understat,,,,,,,,,,0.6537,0.1951,0.1512,0.6537,0.1996,0.1467,1,1.51,5.2,6.95,1.54,5.05,6.85,0.6161,0.6088,0.6889,-0.2071,0.7209,0,10,0.3,-0.65,-0.0835,0,0,,,0.0044,-0.0271,,,,,,,,,,,,,,,,,pinnacle
spelad,L1,2022/23,2023-03-19,,Reims,Marseille,1,2,A,19,12,6,5,1.9178,1.392,understat,,,,,,,,,,0.3214,0.2728,0.4058,0.3134,0.2842,0.4024,1,3.06,3.66,2.46,3.19,3.55,2.43,0.5179,0.5192,0.1836,-0.5372,0.7857,0,8,-0.375,0.2477,0.1049,0,0,,,-0.0126,0.0202,,,,,,,,,,,,,,,,,pinnacle
spelad,L1,2022/23,2023-03-19,,Strasbourg,Auxerre,2,0,H,13,8,6,1,2.8827,0.9454,understat,,,,,,,,,,0.4748,0.2837,0.2415,0.484,0.2901,0.2258,1,2.08,3.62,4.1,2.07,3.4,4.34,0.4501,0.4115,0.124,-0.3737,-0.4763,-1,,,,,0,0,,,0.0343,-0.023,,,,,,,,,,,,,,,,,pinnacle
spelad,L1,2022/23,2023-03-19,,Troyes,Brest,2,2,D,15,9,5,2,1.0018,1.1602,understat,,,,,,,,,,0.3309,0.2845,0.3846,0.3106,0.2965,0.3929,1,3,3.54,2.58,3.18,3.42,2.54,0.4781,0.4566,-0.4568,1.0443,-0.6546,-1,3,-2,-0.8289,0.0527,0,0,,,-0.049,0.0147,,,,,,,,,,,,,,,,,pinnacle
spelad,L1,2022/23,2023-03-31,,Marseille,Montpellier,1,1,D,13,9,2,3,1.434,0.8497,understat,,,,,,,,,,0.6548,0.2058,0.1394,0.6179,0.2229,0.1593,1,1.5,4.9,7.5,1.58,4.7,6.75,0.5685,0.5558,0.3054,0.0753,-0.4019,0,10,1.2,0.1763,0.1323,0,0,,,-0.0937,0.0193,,,,,,,,,,,,,,,,,pinnacle
spelad,L1,2022/23,2023-04-01,,Auxerre,Troyes,1,0,H,13,14,5,2,1.1656,1.1723,understat,,,,,,,,,,0.5116,0.27,0.2184,0.5118,0.2793,0.2089,1,1.94,3.74,4.5,1.99,3.64,4.83,0.4744,0.4318,0.2623,-0.2502,0.9482,0,,,,,0,0,,,0.01,-0.0303,,,,,,,,,,,,,,,,,pinnacle
spelad,L1,2022/23,2023-04-01,,Rennes,Lens,0,1,A,10,12,3,4,1.2101,1.4486,understat,,,,,,,,,,0.3672,0.2913,0.3414,0.3105,0.3105,0.3791,1,2.68,3.56,2.88,3.15,3.4,2.85,0.4871,0.414,0.3274,0.0619,0.4603,-1,5,-1.8,-1.0593,0.1177,0,0,,,-0.1511,0.031,,,,,,,,,,,,,,,,,pinnacle
spelad,L1,2022/23,2023-04-02,,Angers,Nice,1,1,D,13,12,6,3,0.96,1.2,understat,,,,,,,,,,0.1528,0.2453,0.6019,0.163,0.2453,0.5917,1,6.75,4.02,1.65,6.75,3.98,1.7,0.4464,0.4719,-0.7685,1.3424,-1.2912,1,11,-0.8182,-0.3218,0.0752,0,0,,,0.0305,0.0223,,,,,,,,,,,,,,,,,pinnacle
spelad,L1,2022/23,2023-04-02,,Brest,Toulouse,3,1,H,17,8,7,3,1.4717,1.7794,understat,,,,,,,,,,0.3414,0.2756,0.383,0.3547,0.2773,0.368,1,2.91,3.64,2.56,2.93,3.56,2.7,0.5167,0.5255,0.4073,-0.9133,0.0745,-1,3,1,0.4097,0.3928,0,0,,,0.0416,-0.0111,,,,,,,,,,,,,,,,,pinnacle
spelad,L1,2022/23,2023-04-02,,Clermont,Ajaccio,2,1,H,14,3,6,2,2.1364,0.412,understat,,,,,,,,,,0.4581,0.3016,0.2404,0.4725,0.3186,0.209,1,2.2,3.38,4.1,2.2,3.2,4.9,0.3907,0.3333,-0.0947,-0.2742,0.0964,0,,,,,0,0,,,0.0602,-0.0083,,,,,,,,,,,,,,,,,pinnacle
spelad,L1,2022/23,2023-04-02,,Lille,Lorient,3,1,H,20,2,7,1,1.9618,0.0957,understat,,,,,,,,,,0.7026,0.1802,0.1172,0.7005,0.1761,0.1235,1,1.42,5.6,8.7,1.44,5.9,8.5,0.6127,0.6381,0.1329,0.6066,0.3421,1,5,0.6,-0.0221,-0.2633,0,0,,,-0.0104,-0.0095,,,,,,,,,,,,,,,,,pinnacle
spelad,L1,2022/23,2023-04-02,,Monaco,Strasbourg,4,3,H,9,13,7,6,1.4013,1.5562,understat,,,,,,,,,,0.6334,0.213,0.1536,0.6245,0.2184,0.1571,1,1.56,4.7,6.5,1.61,4.5,6.27,0.5561,0.557,0.1439,0.3163,-0.006,0,11,-0.2727,-0.4565,-0.0784,0,0,,,-0.0215,-0.0393,,,,,,,,,,,,,,,,,pinnacle
spelad,L1,2022/23,2023-04-02,,Nantes,Reims,0,3,A,12,14,6,9,1.3735,2.0051,understat,,,,,,,,,,0.3111,0.2848,0.4041,0.2628,0.2825,0.4547,1,3.18,3.47,2.44,3.73,3.54,2.4,0.459,0.4731,-0.5656,0.6393,-0.519,2,8,-1.125,-0.5051,-0.1823,0,0,,,-0.1473,0.0375,,,,,,,,,,,,,,,,,pinnacle
spelad,L1,2022/23,2023-04-02,,Paris SG,Lyon,0,1,A,16,10,5,3,1.2237,2.1485,understat,,,,,,,,,,0.6629,0.183,0.1541,0.6707,0.1852,0.1441,1,1.48,5.5,7.3,1.46,5.6,7.6,0.6388,0.6659,0.5332,-0.0915,0.3641,-2,11,1.0909,-0.0395,-0.1102,0,0,,,0.0256,0.0084,,,,,,,,,,,,,,,,,pinnacle
spelad,L1,2022/23,2023-04-07,,Lens,Strasbourg,2,1,H,13,13,9,3,1.3167,0.58,understat,,,,,,,,,,0.6225,0.2243,0.1532,0.6241,0.2286,0.1473,1,1.59,4.4,7,1.57,4.44,7,0.509,0.5051,0.3701,-0.589,-0.0542,1,5,-1.2,-0.6294,-0.0927,0,0,,,0.0091,-0.0081,,,,,,,,,,,,,,,,,pinnacle
spelad,L1,2022/23,2023-04-08,,Angers,Lille,1,0,H,7,15,5,5,1.0391,1.0696,understat,,,,,,,,,,0.1158,0.1904,0.6938,0.1157,0.18,0.7043,1,8.5,5.3,1.45,8.5,5.4,1.41,0.5711,0.5896,-0.4624,0.4102,-0.9506,0,11,-0.5455,0.1121,0.0069,0,0,,,-0.0106,0.0225,,,,,,,,,,,,,,,,,pinnacle
spelad,L1,2022/23,2023-04-08,,Nice,Paris SG,0,2,A,21,13,7,4,1.2226,1.2493,understat,,,,,,,,,,0.2472,0.2387,0.5141,0.2236,0.2579,0.5185,1,4.1,4.22,1.92,4.53,3.92,1.96,0.5623,0.5359,-0.2179,-0.3798,0.2652,0,10,-1.8,0.0247,0.039,0,0,,,-0.0517,0.0242,,,,,,,,,,,,,,,,,pinnacle
spelad,L1,2022/23,2023-04-09,,Ajaccio,Auxerre,0,3,A,9,11,2,4,0.9827,0.925,understat,,,,,,,,,,0.336,0.3281,0.336,0.3333,0.3475,0.3192,1,2.95,3.05,2.93,2.94,2.89,3.25,0.3395,0.2854,-0.6954,1.0115,-1.191,-1,,,,,0,0,,,0.0115,0.0108,,,,,,,,,,,,,,,,,pinnacle
spelad,L1,2022/23,2023-04-09,,Lorient,Marseille,0,0,D,9,13,5,2,0.6372,0.7829,understat,,,,,,,,,,0.193,0.2233,0.5837,0.1617,0.2161,0.6222,1,5.1,4.5,1.69,6.04,4.52,1.6,0.5829,0.5743,-0.5347,-0.1921,-0.0947,-2,5,-3,-0.9387,-0.2573,0,0,,,-0.1011,0.0256,,,,,,,,,,,,,,,,,pinnacle
spelad,L1,2022/23,2023-04-09,,Lyon,Rennes,3,1,H,11,11,3,3,1.2378,1.0637,understat,,,,,,,,,,0.4379,0.2754,0.2867,0.433,0.2757,0.2913,1,2.24,3.65,3.45,2.26,3.88,3.5,0.5026,0.5282,0.1913,-0.0283,0.4665,-1,10,-0.9,-0.7714,-0.1485,0,0,,,-0.0142,0.0056,,,,,,,,,,,,,,,,,pinnacle
spelad,L1,2022/23,2023-04-09,,Montpellier,Toulouse,1,2,A,16,15,8,8,1.7932,2.2063,understat,,,,,,,,,,0.4692,0.2516,0.2791,0.4884,0.2524,0.2591,1,2.14,3.94,3.55,2.02,3.94,3.93,0.5373,0.5558,1.0145,-1.0916,1.2632,2,6,1,0.4686,-0.2842,0,0,,,0.0584,-0.0077,,,,,,,,,,,,,,,,,pinnacle
spelad,L1,2022/23,2023-04-09,,Nantes,Monaco,2,2,D,9,16,2,10,0.974,1.6694,understat,,,,,,,,,,0.2525,0.2565,0.491,0.2482,0.2514,0.5003,1,4,3.88,1.99,4.39,3.92,2.03,0.5256,0.5718,-0.4891,0.1607,-0.1596,0,10,-1.8,-0.4279,-0.0569,0,0,,,-0.0178,0.0209,,,,,,,,,,,,,,,,,pinnacle
spelad,L1,2022/23,2023-04-09,,Reims,Brest,1,1,D,22,12,7,5,3.2653,1.1113,understat,,,,,,,,,,0.5925,0.2325,0.1751,0.588,0.2404,0.1716,1,1.66,4.3,5.75,1.68,4.2,5.96,0.5335,0.5154,0.27,-0.2225,0.5301,0,7,0,-0.1089,0.1327,0,0,,,-0.0054,-0.0046,,,,,,,,,,,,,,,,,pinnacle
spelad,L1,2022/23,2023-04-09,,Troyes,Clermont,0,2,A,9,12,3,4,0.4883,1.8611,understat,,,,,,,,,,0.3438,0.2862,0.37,0.326,0.2964,0.3776,1,2.89,3.45,2.7,3.14,3.37,2.59,0.4692,0.449,-0.1504,-0.5592,-0.5488,1,3,-1,-0.2195,-0.2869,0,0,,,-0.0433,-0.0028,,,,,,,,,,,,,,,,,pinnacle
spelad,L1,2022/23,2023-04-14,,Toulouse,Lyon,1,2,A,13,14,6,3,1.5169,2.988,understat,,,,,,,,,,0.2754,0.248,0.4766,0.2778,0.2579,0.4643,1,3.56,3.97,2.15,3.55,3.93,2.15,0.5935,0.5646,-0.7745,1.1485,-0.5387,0,7,-2.1429,-0.3626,0.0843,0,0,,,0.017,0.0143,,,,,,,,,,,,,,,,,pinnacle
spelad,L1,2022/23,2023-04-15,,Paris SG,Lens,3,1,H,15,14,7,7,1.394,1.4346,understat,,,,,,,,,,0.5642,0.2267,0.2091,0.554,0.2327,0.2133,1,1.75,4.5,4.85,1.82,4.25,4.84,0.6005,0.5975,0.057,0.0869,-0.3629,-1,5,-0.6,-1.0542,0.1825,0,0,,,-0.0246,-0.0158,,,,,,,,,,,,,,,,,pinnacle
spelad,L1,2022/23,2023-04-15,,Rennes,Reims,3,0,H,23,5,8,1,3.2182,0.3439,understat,,,,,,,,,,0.4336,0.2721,0.2943,0.4306,0.2802,0.2892,1,2.29,3.67,3.35,2.29,3.68,3.54,0.5155,0.5077,-0.1253,0.2262,-0.6578,0,9,-1.6667,-1.0842,-0.0792,0,0,,,-0.0008,0,,,,,,,,,,,,,,,,,pinnacle
spelad,L1,2022/23,2023-04-16,,Auxerre,Nantes,2,1,H,13,17,7,7,2.6513,1.2828,understat,,,,,,,,,,0.38,0.3179,0.3021,0.3434,0.3272,0.3294,1,2.59,3.2,3.26,2.95,3.1,3.02,0.3951,0.3527,0.8411,-0.9037,0.9829,0,,,,,0,0,,,-0.1004,0.0037,,,,,,,,,,,,,,,,,pinnacle
spelad,L1,2022/23,2023-04-16,,Brest,Nice,1,0,H,14,12,3,6,0.9563,0.6562,understat,,,,,,,,,,0.2986,0.2941,0.4073,0.3726,0.3062,0.3213,1,3.32,3.38,2.41,2.66,3.28,3.1,0.4388,0.4232,0.5334,-0.7215,0.3055,-1,7,-1.2857,-0.4494,0.0207,0,0,,,0.2339,0.0098,,,,,,,,,,,,,,,,,pinnacle
spelad,L1,2022/23,2023-04-16,,Clermont,Angers,2,1,H,12,7,5,4,2.0177,0.3279,understat,,,,,,,,,,0.5279,0.2632,0.2089,0.5118,0.2793,0.2089,1,1.87,3.85,4.7,1.92,3.73,4.7,0.4936,0.4318,0.0213,0.1157,0.4342,-1,3,2,1.0598,0.0378,0,0,,,-0.0321,-0.0063,,,,,,,,,,,,,,,,,pinnacle
spelad,L1,2022/23,2023-04-16,,Lille,Montpellier,2,1,H,17,4,7,1,2.3174,0.5151,understat,,,,,,,,,,0.6262,0.2078,0.1659,0.6334,0.2144,0.1522,1,1.57,4.75,6.2,1.59,4.7,6.5,0.6005,0.5584,-0.5629,0.8501,-0.7616,1,10,1.5,0.511,0.0201,0,0,,,0.0281,-0.0273,,,,,,,,,,,,,,,,,pinnacle
spelad,L1,2022/23,2023-04-16,,Marseille,Troyes,3,1,H,28,4,6,2,3.7509,0.4056,understat,,,,,,,,,,0.7909,0.1344,0.0747,0.7945,0.135,0.0705,1,1.24,7.7,15,1.25,7.9,15,0.6444,0.628,0.9372,-0.5484,0.8065,0,5,2.4,0.4803,-0.017,0,0,,,0.0114,-0.013,,,,,,,,,,,,,,,,,pinnacle
spelad,L1,2022/23,2023-04-16,,Monaco,Lorient,3,1,H,11,7,7,4,2.672,1.0337,understat,,,,,,,,,,0.6858,0.1778,0.1364,0.7344,0.1604,0.1052,1,1.44,5.5,8,1.36,6.3,9.6,0.6518,0.6613,0.1839,0.6649,-0.1137,0,5,0,-0.8026,0.3716,0,0,,,0.1282,-0.0205,,,,,,,,,,,,,,,,,pinnacle
spelad,L1,2022/23,2023-04-16,,Strasbourg,Ajaccio,3,1,H,12,8,6,1,1.5918,0.4789,understat,,,,,,,,,,0.5431,0.2802,0.1768,0.5668,0.2762,0.157,1,1.83,3.56,5.7,1.75,3.62,6.3,0.3882,0.3634,0.2295,-1.0838,0.5116,2,,,,,0,0,,,0.0672,-0.0217,,,,,,,,,,,,,,,,,pinnacle
spelad,L1,2022/23,2023-04-21,,Angers,Paris SG,1,2,A,16,10,4,4,1.2841,1.7506,understat,,,,,,,,,,0.0669,0.1226,0.8104,0.0501,0.106,0.8439,1,17,8.3,1.27,22,9.7,1.27,0.6773,0.7028,-1.0158,1.4257,-0.4845,-1,10,-3,-0.3836,-0.1385,0,0,,,-0.0671,0.0147,,,,,,,,,,,,,,,,,pinnacle
spelad,L1,2022/23,2023-04-22,,Auxerre,Lille,1,1,D,8,14,4,6,1.0782,3.0894,understat,,,,,,,,,,0.1992,0.2463,0.5545,0.165,0.2392,0.5958,1,5,4.1,1.78,6.09,4.41,1.74,0.5,0.5,1.0639,-1.2177,1.0509,0,,,,,0,0,,,-0.1099,0.0061,,,,,,,,,,,,,,,,,pinnacle
spelad,L1,2022/23,2023-04-22,,Lens,Monaco,3,0,H,21,11,8,4,3.5267,1.5335,understat,,,,,,,,,,0.454,0.2684,0.2776,0.4611,0.262,0.2769,1,2.18,3.74,3.55,2.2,3.75,3.64,0.5309,0.5779,0.3296,-0.7926,0.542,1,5,1.8,1.3202,0.1623,0,0,,,0.0148,-0.0219,,,,,,,,,,,,,,,,,pinnacle
spelad,L1,2022/23,2023-04-23,,Ajaccio,Brest,0,0,D,3,10,2,2,0.1936,0.4515,understat,,,,,,,,,,0.2829,0.3099,0.4072,0.3035,0.3132,0.3833,1,3.47,3.18,2.5,3.5,3.13,2.61,0.3687,0.3759,-0.9884,1.8094,-1.0405,0,,,,,0,0,,,0.0652,-0.0048,,,,,,,,,,,,,,,,,pinnacle
spelad,L1,2022/23,2023-04-23,,Lorient,Toulouse,0,1,A,9,13,1,4,0.5069,1.2551,understat,,,,,,,,,,0.4065,0.2619,0.3316,0.3774,0.2809,0.3418,1,2.44,3.75,3,2.62,3.65,3.05,0.5473,0.5282,0.5702,-1.1432,0.6231,-2,,,,,0,0,,,-0.0684,0.0089,,,,,,,,,,,,,,,,,pinnacle
spelad,L1,2022/23,2023-04-23,,Lyon,Marseille,1,2,A,7,14,2,7,1.4571,2.2151,understat,,,,,,,,,,0.3815,0.2608,0.3577,0.367,0.2753,0.3577,1,2.6,3.85,2.8,2.7,3.65,2.82,0.5649,0.5308,-0.1968,-0.0699,0.2895,2,10,1.2,0.5451,-0.0634,0,0,,,-0.0289,0.005,,,,,,,,,,,,,,,,,pinnacle
spelad,L1,2022/23,2023-04-23,,Montpellier,Rennes,1,0,H,11,16,2,4,0.7481,1.3278,understat,,,,,,,,,,0.2949,0.2764,0.4287,0.2844,0.2903,0.4253,1,3.33,3.57,2.31,3.44,3.44,2.37,0.5,0.4541,-0.0086,-0.1084,0.1754,-1,11,-1.6364,-0.5313,-0.0002,0,0,,,-0.0177,0.0447,,,,,,,,,,,,,,,,,pinnacle
spelad,L1,2022/23,2023-04-23,,Nantes,Troyes,2,2,D,19,9,9,4,1.9844,1.7244,understat,,,,,,,,,,0.5785,0.2436,0.178,0.6494,0.2113,0.1393,1,1.7,4.18,5.7,1.57,4.64,7.2,0.509,0.5595,-0.2708,0.7873,0.1043,0,5,1.2,0.3864,-0.0825,0,0,,,0.1806,-0.029,,,,,,,,,,,,,,,,,pinnacle
spelad,L1,2022/23,2023-04-23,,Nice,Clermont,1,2,A,15,9,5,3,1.5228,0.9174,understat,,,,,,,,,,0.5302,0.2673,0.2026,0.5678,0.259,0.1732,1,1.85,3.76,5,1.9,3.85,5.95,0.4501,0.4846,-0.5951,-0.2512,-0.9979,0,3,-1,-0.7467,-0.2691,0,0,,,0.1046,-0.032,,,,,,,,,,,,,,,,,pinnacle
spelad,L1,2022/23,2023-04-23,,Reims,Strasbourg,0,2,A,15,9,5,3,1.1318,1.3335,understat,,,,,,,,,,0.498,0.2555,0.2465,0.4168,0.2873,0.2959,1,2,3.86,4,2.35,3.8,3.95,0.5026,0.4731,0.3871,-0.3451,0.2047,1,9,0.3333,0.2275,0.1396,0,0,,,-0.2118,0.0569,,,,,,,,,,,,,,,,,pinnacle
spelad,L1,2022/23,2023-04-28,,Strasbourg,Lyon,1,2,A,11,7,3,4,1.1316,1.0549,skott,,,,,,,,,,0.3507,0.2828,0.3665,0.3583,0.2835,0.3583,1,2.8,3.5,2.71,2.81,3.6,2.79,0.4936,0.4872,-0.4305,0.1713,-0.2266,0,11,-1.0909,-0.0191,0.0386,0,0,,,0.0233,-0.0041,,,,,,,,,,,,,,,,,pinnacle
spelad,L1,2022/23,2023-04-29,,Lille,Ajaccio,3,0,H,10,2,5,0,1.5585,0.3604,understat,,,,,,,,,,0.8029,0.1411,0.056,0.7637,0.1617,0.0746,1,1.24,7,18,1.31,6.9,15,0.57,0.5522,0.2988,-0.3206,0.4526,1,,,,,0,0,,,-0.0969,-0.0114,,,,,,,,,,,,,,,,,pinnacle
spelad,L1,2022/23,2023-04-30,,Clermont,Reims,1,0,H,6,13,2,2,1.1284,0.4833,understat,,,,,,,,,,0.3099,0.2812,0.4089,0.2938,0.2695,0.4367,1,3.16,3.66,2.4,3.33,3.68,2.4,0.4756,0.523,0.3556,0.1386,0.7328,0,3,0,0.1422,0.0312,0,0,,,-0.0601,0.0199,,,,,,,,,,,,,,,,,pinnacle
spelad,L1,2022/23,2023-04-30,,Marseille,Auxerre,2,1,H,26,11,4,3,3.5693,0.4565,understat,,,,,,,,,,0.7248,0.1753,0.0999,0.744,0.1635,0.0925,1,1.34,6,11,1.34,6,11.5,0.5536,0.5931,-0.417,1.0312,-0.6745,-1,,,,,0,0,,,0.0459,-0.0196,,,,,,,,,,,,,,,,,pinnacle
spelad,L1,2022/23,2023-04-30,,Monaco,Montpellier,0,4,A,7,19,4,9,1.3521,2.1106,understat,,,,,,,,,,0.641,0.2008,0.1582,0.6144,0.2124,0.1732,1,1.54,5,6.5,1.59,4.9,6.5,0.6059,0.6044,-0.483,1.0421,-0.9459,1,11,0.2727,-0.2498,0.1043,0,0,,,-0.0683,0.0273,,,,,,,,,,,,,,,,,pinnacle
spelad,L1,2022/23,2023-04-30,,Paris SG,Lorient,1,3,A,13,14,4,7,1.7628,3.2671,understat,,,,,,,,,,0.8035,0.1217,0.0747,0.8163,0.1143,0.0694,1,1.22,8.7,15.25,1.2,9.5,16.75,0.7096,0.7227,0.8222,-0.3991,0.3832,2,5,1.2,-0.4497,0.0562,0,0,,,0.031,-0.0161,,,,,,,,,,,,,,,,,pinnacle
spelad,L1,2022/23,2023-04-30,,Rennes,Angers,4,2,H,13,4,4,2,2.5114,1.2702,understat,,,,,,,,,,0.7399,0.175,0.0852,0.7401,0.167,0.0929,1,1.33,5.8,11.38,1.33,6,12,0.5462,0.5941,0.1828,-0.7146,0.1021,-2,10,1.5,0.5382,-0.1769,0,0,,,-0.0074,-0.0067,,,,,,,,,,,,,,,,,pinnacle
spelad,L1,2022/23,2023-04-30,,Troyes,Nice,0,1,A,9,29,6,13,0.625,3.6534,understat,,,,,,,,,,0.2042,0.2436,0.5522,0.1874,0.2347,0.5778,1,4.9,4.1,1.79,5.25,4.2,1.74,0.5244,0.5459,0.4225,-0.8662,0.2282,0,5,-0.6,0.3811,-0.2513,0,0,,,-0.0591,0.022,,,,,,,,,,,,,,,,,pinnacle
spelad,L1,2022/23,2023-05-02,,Toulouse,Lens,0,1,A,9,11,2,3,0.3967,1.3598,understat,,,,,,,,,,0.1829,0.2167,0.6005,0.1903,0.2156,0.5941,1,5.6,4.6,1.64,5.25,4.6,1.69,0.6069,0.6322,-0.7079,1.3177,-0.5998,-1,,,,,0,0,,,0.0213,0.0131,,,,,,,,,,,,,,,,,pinnacle
spelad,L1,2022/23,2023-05-03,,Brest,Nantes,2,0,H,8,13,4,5,0.7941,0.7259,understat,,,,,,,,,,0.4267,0.2837,0.2896,0.387,0.3099,0.3031,1,2.31,3.6,3.41,2.59,3.45,3.3,0.4807,0.4045,1.154,-1.4287,1.0821,0,6,-2,-0.9197,0.0444,0,0,,,-0.093,-0.0031,,,,,,,,,,,,,,,,,pinnacle
spelad,L1,2022/23,2023-05-06,,Lens,Marseille,2,1,H,9,14,3,3,1.3356,1.2747,understat,,,,,,,,,,0.4089,0.2711,0.3201,0.3958,0.2793,0.3248,1,2.41,3.74,3.14,2.49,3.6,3.22,0.5167,0.5141,0.2549,-1.0505,0.3317,-2,5,1.2,0.8051,-0.0806,0,0,,,-0.0308,0.0043,,,,,,,,,,,,,,,,,pinnacle
spelad,L1,2022/23,2023-05-06,,Nice,Rennes,2,1,H,11,14,4,4,1.3342,1.062,understat,,,,,,,,,,0.3673,0.2923,0.3404,0.3694,0.2773,0.3534,1,2.7,3.38,2.91,2.67,3.55,2.95,0.4641,0.5333,-0.4803,0.7699,-0.6371,0,11,0.8182,0.566,0.0812,0,0,,,-0.0089,0.0229,,,,,,,,,,,,,,,,,pinnacle
spelad,L1,2022/23,2023-05-06,,Reims,Lille,1,0,H,14,11,4,5,2.0745,1.4276,understat,,,,,,,,,,0.2786,0.2493,0.472,0.2583,0.2583,0.4834,1,3.55,3.99,2.11,3.91,3.89,2.09,0.5649,0.5471,0.0822,0.0086,-0.1595,-1,8,-0.375,0.0636,0.077,0,0,,,-0.052,0.0049,,,,,,,,,,,,,,,,,pinnacle
spelad,L1,2022/23,2023-05-07,,Ajaccio,Toulouse,0,0,D,4,15,2,5,0.2113,2.5274,understat,,,,,,,,,,0.274,0.2819,0.4441,0.2485,0.2728,0.4787,1,3.61,3.55,2.24,4.1,3.68,2.06,0.4413,0.4552,-0.3294,0.4435,-0.6013,3,,,,,0,0,,,-0.0856,-0.0009,,,,,,,,,,,,,,,,,pinnacle
spelad,L1,2022/23,2023-05-07,,Angers,Monaco,1,2,A,10,14,3,6,1.4172,1.5849,understat,,,,,,,,,,0.1577,0.1968,0.6455,0.1796,0.2221,0.5983,1,6.5,5.1,1.52,6.3,4.5,1.63,0.6214,0.5646,-0.1475,0.0865,0.4063,0,11,-1.9091,-0.4023,-0.0612,0,0,,,0.091,-0.0251,,,,,,,,,,,,,,,,,pinnacle
spelad,L1,2022/23,2023-05-07,,Auxerre,Clermont,1,1,D,11,9,4,4,1.577,1.8207,understat,,,,,,,,,,0.3958,0.2941,0.3101,0.3946,0.2948,0.3107,1,2.51,3.45,3.19,2.58,3.48,3.2,0.434,0.4405,-0.0935,-1.1843,-0.6296,0,,,,,0,0,,,-0.003,-0.0078,,,,,,,,,,,,,,,,,pinnacle
spelad,L1,2022/23,2023-05-07,,Lorient,Brest,2,1,H,6,15,3,2,1.2305,1.4223,understat,,,,,,,,,,0.4038,0.2813,0.3149,0.371,0.308,0.3211,1,2.45,3.57,3.11,2.64,3.38,3.13,0.4897,0.415,-0.7234,0.8006,-0.4274,3,5,0.6,0.5108,-0.2895,0,0,,,-0.0718,0.005,,,,,,,,,,,,,,,,,pinnacle
spelad,L1,2022/23,2023-05-07,,Lyon,Montpellier,5,4,H,16,12,8,6,3.6955,2.3084,understat,,,,,,,,,,0.5714,0.2228,0.2058,0.5682,0.2221,0.2097,1,1.72,4.5,5,1.72,4.5,4.9,0.5768,0.5961,-0.1644,0.7648,-0.2875,2,10,0.3,-0.3804,0.0581,0,0,,,-0.0104,0.0053,,,,,,,,,,,,,,,,,pinnacle
spelad,L1,2022/23,2023-05-07,,Nantes,Strasbourg,0,2,A,13,8,5,6,0.816,1.9483,understat,,,,,,,,,,0.338,0.2905,0.3715,0.342,0.3125,0.3456,1,2.94,3.5,2.64,2.94,3.38,2.83,0.4744,0.3956,-0.1592,0.3264,-0.6691,-5,10,0,0.0897,-0.0858,0,0,,,0.0339,0.0004,,,,,,,,,,,,,,,,,pinnacle
spelad,L1,2022/23,2023-05-07,,Troyes,Paris SG,1,3,A,7,31,3,12,0.6151,4.3052,understat,,,,,,,,,,0.1209,0.1544,0.7247,0.0896,0.1406,0.7699,1,9.5,6.5,1.35,12,7.2,1.29,0.6787,0.7173,-0.7091,-0.126,-0.0772,0,5,-2.4,-0.1038,0.0834,0,0,,,-0.1079,0.0067,,,,,,,,,,,,,,,,,pinnacle
spelad,L1,2022/23,2023-05-12,,Lens,Reims,2,1,H,8,17,6,3,1.3547,1.8083,understat,,,,,,,,,,0.6296,0.2072,0.1632,0.6058,0.2172,0.177,1,1.55,4.8,6.35,1.61,4.8,6.1,0.5975,0.5975,1.0589,-1.2298,1.0169,0,5,1.2,0.2197,0.3082,0,0,,,-0.0615,0.0216,,,,,,,,,,,,,,,,,pinnacle
spelad,L1,2022/23,2023-05-13,,Paris SG,Ajaccio,5,0,H,16,7,9,2,2.3157,0.3136,understat,,,,,,,,,,0.8683,0.0922,0.0395,0.886,0.0798,0.0342,1,1.13,11,31,1.11,12.5,33,0.6825,0.6998,0.6689,-0.3608,0.3123,0,,,,,0,0,,,0.0406,-0.0266,,,,,,,,,,,,,,,,,pinnacle
spelad,L1,2022/23,2023-05-13,,Strasbourg,Nice,2,0,H,12,9,3,4,1.6707,0.3606,understat,,,,,,,,,,0.3968,0.2885,0.3146,0.3799,0.288,0.3321,1,2.48,3.45,3.2,2.63,3.46,2.96,0.4564,0.4885,0.4085,-0.8123,0.9308,-1,10,0.9,0.4533,0.0076,0,0,,,-0.0513,0.0051,,,,,,,,,,,,,,,,,pinnacle
spelad,L1,2022/23,2023-05-14,,Brest,Auxerre,1,0,H,15,10,10,2,1.633,0.7307,understat,,,,,,,,,,0.4518,0.2926,0.2556,0.5087,0.2848,0.2065,1,2.2,3.4,3.87,2.04,3.55,4.73,0.4315,0.4257,-0.1047,0.1669,-0.0739,0,,,,,0,0,,,0.163,-0.0322,,,,,,,,,,,,,,,,,pinnacle
spelad,L1,2022/23,2023-05-14,,Clermont,Lyon,2,1,H,9,15,6,4,1.7383,1.9049,understat,,,,,,,,,,0.2307,0.2386,0.5307,0.2497,0.2497,0.5006,1,4.33,4.2,1.86,4.4,4,1.96,0.5473,0.5718,-0.2824,0.6156,0.0817,0,3,0,0.4984,0.1045,0,0,,,0.0681,-0.0013,,,,,,,,,,,,,,,,,pinnacle
spelad,L1,2022/23,2023-05-14,,Marseille,Angers,3,1,H,14,4,6,1,2.9915,0.5594,understat,,,,,,,,,,0.8045,0.1289,0.0666,0.8431,0.1082,0.0487,1,1.22,8.1,17,1.18,9.91,21,0.6485,0.6938,0.5355,-0.0924,0.0751,1,11,0.8182,-0.2007,0.283,0,0,,,0.0951,-0.0283,,,,,,,,,,,,,,,,,pinnacle
spelad,L1,2022/23,2023-05-14,,Monaco,Lille,0,0,D,8,10,1,4,0.6903,1.2934,understat,,,,,,,,,,0.3453,0.2589,0.3958,0.3351,0.2589,0.406,1,2.88,3.94,2.5,3.04,3.84,2.57,0.5768,0.5779,0.4217,0.0418,0.0264,-1,10,0.9,0.1576,0.038,0,0,,,-0.0305,0.0157,,,,,,,,,,,,,,,,,pinnacle
spelad,L1,2022/23,2023-05-14,,Montpellier,Lorient,1,1,D,15,11,4,3,1.204,0.5824,understat,,,,,,,,,,0.5201,0.2456,0.2343,0.5015,0.2651,0.2333,1,1.9,4,4.2,1.99,3.85,4.3,0.5473,0.5,0.114,-0.3989,0.0447,0,5,2.4,1.1704,-0.0747,0,0,,,-0.036,-0.0117,,,,,,,,,,,,,,,,,pinnacle
spelad,L1,2022/23,2023-05-14,,Rennes,Troyes,4,0,H,26,4,9,0,3.7582,0.2633,understat,,,,,,,,,,0.7709,0.1458,0.0833,0.821,0.1146,0.0644,1,1.27,7.1,13,1.22,8.5,17,0.6353,0.7252,0.0292,0.6348,0.3554,1,5,1.2,-0.0682,0.3449,0,0,,,0.119,-0.0138,,,,,,,,,,,,,,,,,pinnacle
spelad,L1,2022/23,2023-05-14,,Toulouse,Nantes,0,0,D,14,8,6,1,1.2458,0.6219,understat,,,,,,,,,,0.4589,0.2608,0.2803,0.4327,0.2709,0.2964,1,2.18,3.82,3.5,2.26,3.85,3.34,0.5359,0.5371,0.274,-0.0062,0.7631,0,6,-1.5,-0.4636,-0.1279,0,0,,,-0.0683,-0.0069,,,,,,,,,,,,,,,,,pinnacle
spelad,L1,2022/23,2023-05-19,,Lyon,Monaco,3,1,H,22,16,11,9,2.4093,1.4657,understat,,,,,,,,,,0.4042,0.2376,0.3582,0.4112,0.2381,0.3507,1,2.49,4.1,2.8,2.43,4.11,2.94,0.6501,0.655,0.0321,-0.1487,0.5559,0,10,0.6,0.2291,-0.2553,0,0,,,0.0213,-0.0067,,,,,,,,,,,,,,,,,pinnacle
spelad,L1,2022/23,2023-05-20,,Lille,Marseille,2,1,H,12,8,3,3,1.8603,1.1992,understat,,,,,,,,,,0.3894,0.2617,0.3489,0.3469,0.274,0.3791,1,2.53,3.76,2.86,2.93,3.63,2.75,0.5623,0.5396,-0.3262,-0.3769,-0.4051,0,11,-0.2727,0.0233,-0.0992,0,0,,,-0.1153,0.0194,,,,,,,,,,,,,,,,,pinnacle
spelad,L1,2022/23,2023-05-20,,Nantes,Montpellier,0,3,A,13,13,3,6,0.7513,1.7036,understat,,,,,,,,,,0.4403,0.271,0.2887,0.439,0.2797,0.2813,1,2.23,3.69,3.41,2.28,3.75,3.92,0.5064,0.4859,-0.5967,0.9941,-0.9473,0,10,0.6,0.314,-0.09,0,0,,,0.0049,0.0377,,,,,,,,,,,,,,,,,pinnacle
spelad,L1,2022/23,2023-05-21,,Ajaccio,Rennes,0,5,A,2,13,0,7,0.0632,2.0936,understat,,,,,,,,,,0.1261,0.2237,0.6501,0.1222,0.2111,0.6667,1,7.8,4.5,1.54,8.5,4.8,1.48,0.4718,0.4961,0.0034,0.588,-0.5082,1,,,,,0,0,,,-0.0244,-0.0076,,,,,,,,,,,,,,,,,pinnacle
spelad,L1,2022/23,2023-05-21,,Auxerre,Paris SG,1,2,A,14,15,7,4,0.6962,1.8466,understat,,,,,,,,,,0.1219,0.1744,0.7038,0.1064,0.1677,0.7259,1,8.5,5.7,1.4,9.5,5.8,1.4,0.6093,0.6223,0.1156,-0.5535,0.6815,-1,,,,,0,0,,,-0.053,0.0216,,,,,,,,,,,,,,,,,pinnacle
spelad,L1,2022/23,2023-05-21,,Brest,Clermont,2,1,H,10,8,3,2,1.1433,0.3631,understat,,,,,,,,,,0.4632,0.2717,0.2651,0.4718,0.279,0.2491,1,2.15,3.66,3.77,2.15,3.64,3.92,0.4718,0.4604,-0.1834,-0.3591,-0.6256,0,3,2,1.2281,0.0506,0,0,,,0.0331,-0.0179,,,,,,,,,,,,,,,,,pinnacle
spelad,L1,2022/23,2023-05-21,,Lorient,Lens,1,3,A,13,15,5,7,1.3742,2.3087,understat,,,,,,,,,,0.1768,0.2241,0.5991,0.1873,0.2429,0.5697,1,5.6,4.4,1.66,5.25,4.3,1.73,0.5462,0.5166,-0.749,0.29,-0.5675,-2,5,-1.2,-0.2872,-0.0766,0,0,,,0.0505,0.0118,,,,,,,,,,,,,,,,,pinnacle
spelad,L1,2022/23,2023-05-21,,Nice,Toulouse,0,0,D,21,7,7,4,2.7813,0.9646,understat,,,,,,,,,,0.5118,0.2468,0.2413,0.4768,0.2431,0.2801,1,1.95,4,4.2,2.05,4.1,3.75,0.5524,0.6146,0.04,0.0975,-0.3627,1,7,0.8571,0.2504,0.14,0,0,,,-0.1089,0.0203,,,,,,,,,,,,,,,,,pinnacle
spelad,L1,2022/23,2023-05-21,,Reims,Angers,2,2,D,11,7,5,3,1.7427,0.7009,understat,,,,,,,,,,0.6862,0.1868,0.127,0.7136,0.1685,0.1179,1,1.45,5.5,7.8,1.38,6.21,8.6,0.598,0.6735,-0.2317,0.3773,-0.4572,2,9,0.3333,0.1368,0.1294,0,0,,,0.0638,-0.0094,,,,,,,,,,,,,,,,,pinnacle
spelad,L1,2022/23,2023-05-21,,Troyes,Strasbourg,1,1,D,8,16,3,5,0.7066,2.3002,understat,,,,,,,,,,0.1689,0.2185,0.6126,0.124,0.1926,0.6835,1,5.9,4.6,1.64,8.5,5.29,1.47,0.5573,0.5865,-0.4303,-0.1916,-1.0636,-1,5,0.6,0.5774,0.1194,0,0,,,-0.1608,0.0137,,,,,,,,,,,,,,,,,pinnacle
spelad,L1,2022/23,2023-05-27,,Angers,Troyes,2,1,H,18,5,5,3,0.7758,0.2349,understat,,,,,,,,,,0.4838,0.2526,0.2636,0.5583,0.2244,0.2173,1,2.08,3.92,3.72,1.8,4.5,4.47,0.5623,0.6509,0.0219,0.4336,0.4784,0,5,0,-0.1146,-0.0977,0,0,,,0.1952,-0.0201,,,,,,,,,,,,,,,,,pinnacle
spelad,L1,2022/23,2023-05-27,,Clermont,Lorient,2,0,H,18,6,7,1,1.3467,0.9985,understat,,,,,,,,,,0.4463,0.2796,0.2741,0.4183,0.2904,0.2913,1,2.24,3.64,3.56,2.34,3.61,3.65,0.5,0.4668,0.6367,-0.1543,0.9361,0,3,-2,-0.9395,0.0409,0,0,,,-0.0733,0.0298,,,,,,,,,,,,,,,,,pinnacle
spelad,L1,2022/23,2023-05-27,,Lens,Ajaccio,3,0,H,12,6,3,0,2.2967,0.1881,understat,,,,,,,,,,0.8568,0.1031,0.0401,0.8389,0.1179,0.0432,1,1.15,10,29,1.19,9.1,25,0.6104,0.5848,1.1824,-1.4877,1.4887,0,,,,,0,0,,,-0.0389,-0.0275,,,,,,,,,,,,,,,,,pinnacle
spelad,L1,2022/23,2023-05-27,,Lille,Nantes,2,1,H,9,8,2,3,2.1639,1.0893,understat,,,,,,,,,,0.6644,0.1996,0.136,0.6734,0.1991,0.1274,1,1.5,5.1,7.5,1.48,5,8,0.5685,0.5522,0.3426,-0.4078,0.7739,0,11,2.1818,0.9039,-0.0218,0,0,,,0.0267,-0.0208,,,,,,,,,,,,,,,,,pinnacle
spelad,L1,2022/23,2023-05-27,,Lyon,Reims,3,0,H,23,10,7,1,3.2201,0.506,understat,,,,,,,,,,0.6073,0.2121,0.1806,0.5696,0.2055,0.2249,1,1.66,4.75,5.38,1.72,4.9,4.59,0.6253,0.7197,1.076,-0.7467,1.2849,2,8,-0.375,-0.9671,0.3876,0,0,,,-0.1197,0.0043,,,,,,,,,,,,,,,,,pinnacle
spelad,L1,2022/23,2023-05-27,,Marseille,Brest,1,2,A,10,15,4,5,0.9689,1.5307,understat,,,,,,,,,,0.7008,0.1755,0.1237,0.7471,0.157,0.0959,1,1.42,5.51,9,1.35,6.31,12,0.603,0.6348,-0.8909,1.4521,-0.9367,1,6,1.5,0.333,-0.0919,0,0,,,0.1202,-0.0132,,,,,,,,,,,,,,,,,pinnacle
spelad,L1,2022/23,2023-05-27,,Montpellier,Nice,2,3,A,14,23,8,15,1.6161,4.5949,understat,,,,,,,,,,0.3909,0.2781,0.331,0.3996,0.2675,0.333,1,2.55,3.7,2.96,2.45,3.69,2.99,0.5373,0.5595,0.7534,-1.97,0.8479,1,10,0.3,0.3211,-0.1835,0,0,,,0.0155,0.0031,,,,,,,,,,,,,,,,,pinnacle
spelad,L1,2022/23,2023-05-27,,Rennes,Monaco,2,0,H,12,11,6,3,0.7598,0.3775,understat,,,,,,,,,,0.4587,0.2519,0.2894,0.4939,0.254,0.2521,1,2.17,4,3.41,2.02,4,4.1,0.6049,0.6078,-0.5976,-0.314,0.1105,-2,10,-0.9,-0.1991,0.0385,0,0,,,0.1078,-0.0068,,,,,,,,,,,,,,,,,pinnacle
spelad,L1,2022/23,2023-05-27,,Strasbourg,Paris SG,1,1,D,17,7,5,2,1.3364,1.1606,understat,,,,,,,,,,0.1877,0.2253,0.587,0.2206,0.2328,0.5466,1,5.16,4.5,1.72,4.88,4.4,1.81,0.6143,0.6289,-0.704,0.6224,0.3437,0,10,-1.5,0.1278,0.1434,0,0,,,0.1062,0.0133,,,,,,,,,,,,,,,,,pinnacle
spelad,L1,2022/23,2023-05-27,,Toulouse,Auxerre,1,1,D,10,16,3,2,1.2167,0.6535,understat,,,,,,,,,,0.4342,0.2629,0.303,0.4655,0.2462,0.2883,1,2.29,3.74,3.32,2.15,4.1,3.55,0.5335,0.6088,-0.6884,1.2843,-0.4293,0,,,,,0,0,,,0.0772,-0.017,,,,,,,,,,,,,,,,,pinnacle
spelad,L1,2022/23,2023-06-03,,Ajaccio,Marseille,1,0,H,3,17,1,5,0.1294,1.2243,understat,,,,,,,,,,0.1141,0.1736,0.7123,0.1348,0.2092,0.6559,1,9,6,1.38,8.56,5.14,1.5,0.6104,0.5436,-0.0292,0.5652,-0.0855,0,,,,,0,0,,,0.0979,-0.0255,,,,,,,,,,,,,,,,,pinnacle
spelad,L1,2022/23,2023-06-03,,Auxerre,Lens,1,3,A,17,15,5,7,2.0342,3.1998,understat,,,,,,,,,,0.3481,0.2601,0.3918,0.3088,0.2621,0.4291,1,2.94,3.81,2.52,3.3,3.84,2.3,0.5412,0.5536,-0.568,-0.5071,-0.6392,0,,,,,0,0,,,-0.1158,0.0011,,,,,,,,,,,,,,,,,pinnacle
spelad,L1,2022/23,2023-06-03,,Brest,Rennes,1,2,A,14,12,5,3,1.226,1.5749,understat,,,,,,,,,,0.167,0.2151,0.6178,0.1938,0.2317,0.5745,1,6,4.7,1.62,5.01,4.33,1.77,0.5797,0.5793,0.7773,-0.281,0.7753,0,7,-1.7143,-0.4907,0.1713,0,0,,,0.0968,0.0193,,,,,,,,,,,,,,,,,pinnacle
spelad,L1,2022/23,2023-06-03,,Lorient,Strasbourg,2,1,H,5,15,3,7,0.4899,0.8517,understat,,,,,,,,,,0.3205,0.2711,0.4084,0.315,0.2689,0.416,1,3.12,3.72,2.41,3.26,3.73,2.36,0.5601,0.5573,-0.056,0.2512,-0.2716,0,5,0,0.0402,0.2821,0,0,,,-0.0185,0.0032,,,,,,,,,,,,,,,,,pinnacle
spelad,L1,2022/23,2023-06-03,,Monaco,Toulouse,1,2,A,19,22,7,8,2.1529,2.6669,understat,,,,,,,,,,0.6553,0.1828,0.1619,0.6989,0.1601,0.141,1,1.52,5.5,6.5,1.42,6.5,8,0.6483,0.7261,-0.0124,0.6759,-0.5785,0,6,2,0.5316,0.0834,0,0,,,0.1082,-0.0103,,,,,,,,,,,,,,,,,pinnacle
spelad,L1,2022/23,2023-06-03,,Nantes,Angers,1,0,H,11,5,7,1,1.0607,0.1902,understat,,,,,,,,,,0.6939,0.181,0.1251,0.6166,0.2171,0.1663,1,1.4,5.6,9,1.58,4.75,6.5,0.607,0.5804,-0.4918,0.6091,-1.0993,0,11,0.2727,0.0507,0.0554,0,0,,,-0.1959,0.0352,,,,,,,,,,,,,,,,,pinnacle
spelad,L1,2022/23,2023-06-03,,Nice,Lyon,3,1,H,16,16,6,7,2.3054,1.6831,understat,,,,,,,,,,0.4053,0.2386,0.3561,0.3985,0.236,0.3655,1,2.43,4.2,2.84,2.71,4.35,2.72,0.654,0.6993,-0.9804,1.5053,-0.8393,0,11,0,0.6456,-0.1308,0,0,,,-0.023,-0.0266,,,,,,,,,,,,,,,,,pinnacle
spelad,L1,2022/23,2023-06-03,,Paris SG,Clermont,2,3,A,16,12,6,5,2.2351,2.9791,understat,,,,,,,,,,0.7748,0.1355,0.0897,0.7295,0.1514,0.119,1,1.26,7.8,12.5,1.33,7.3,10,0.7329,0.7186,-0.1499,-0.1415,-1.043,0,3,3,0.5604,-0.1546,0,0,,,-0.1198,0.0342,,,,,,,,,,,,,,,,,pinnacle
spelad,L1,2022/23,2023-06-03,,Reims,Montpellier,1,3,A,11,16,5,8,1.8412,2.2192,understat,,,,,,,,,,0.4719,0.2419,0.2862,0.5224,0.2239,0.2537,1,2.09,4.14,3.47,1.88,4.5,4,0.6483,0.6839,-0.7625,1.9612,-0.8457,0,8,0.75,0.3408,0.1928,0,0,,,0.1335,0.0068,,,,,,,,,,,,,,,,,pinnacle
spelad,L1,2022/23,2023-06-03,,Troyes,Lille,1,1,D,8,18,3,7,0.2418,1.6962,understat,,,,,,,,,,0.0881,0.1283,0.7836,0.0664,0.1094,0.8243,1,13.5,8.1,1.25,17,10,1.19,0.7026,0.7277,-0.0073,-1.0075,-0.1998,0,5,0,0.4788,-0.0614,0,0,,,-0.0842,0.004,,,,,,,,,,,,,,,,,pinnacle
spelad,L1,2023/24,2023-08-11,,Nice,Lille,1,1,D,8,12,3,5,1.1214,1.5344,understat,,,,,,,,,,0.3721,0.282,0.3458,0.3915,0.2812,0.3273,1,2.7,3.62,2.86,2.62,3.56,2.99,0.5051,0.509,-0.0074,0.4445,0.2068,,11,0.5455,0.3983,-0.0054,0,0,,,0.0572,-0.0217,,,,,,,,,,,,,,,,,pinnacle
spelad,L1,2023/24,2023-08-12,,Marseille,Reims,2,1,H,14,11,4,4,1.5127,0.9934,understat,,,,,,,,,,0.5612,0.2403,0.1985,0.4868,0.263,0.2502,1,1.75,4.2,5,2.01,3.94,4.7,0.5347,0.5243,0.1681,0.1413,0.3609,,9,0.6667,-0.1458,0.0616,0,0,,,-0.2005,0.0462,,,,,,,,,,,,,,,,,pinnacle
spelad,L1,2023/24,2023-08-12,,Paris SG,Lorient,0,0,D,20,4,4,0,1.3617,0.1363,understat,,,,,,,,,,0.716,0.1687,0.1153,0.6742,0.2018,0.124,1,1.4,6.2,9.5,1.44,5.1,8.5,0.6331,0.532,0.1037,-0.3519,-0.6326,,6,0.5,-0.802,0.0278,0,0,,,-0.0922,0.0147,,,,,,,,,,,,,,,,,pinnacle
spelad,L1,2023/24,2023-08-13,,Brest,Lens,3,2,H,15,10,8,2,2.9193,0.96,understat,,,,,,,,,,0.2426,0.2687,0.4888,0.2626,0.2934,0.444,1,4.1,3.75,2.05,3.92,3.4,2.24,0.4744,0.415,-0.3587,0.3626,-0.1549,,6,0,0.3738,0.0776,0,0,,,0.0848,0.0064,,,,,,,,,,,,,,,,,pinnacle
spelad,L1,2023/24,2023-08-13,,Clermont,Monaco,2,4,A,15,14,7,8,1.9798,3.4043,understat,,,,,,,,,,0.2633,0.2557,0.481,0.3199,0.2773,0.4028,1,3.74,4,2.12,3.28,3.62,2.47,0.5536,0.532,1.1034,-1.1866,2.0376,,4,-2.25,-0.4985,0.0199,0,0,,,0.1913,0.0032,,,,,,,,,,,,,,,,,pinnacle
spelad,L1,2023/24,2023-08-13,,Montpellier,Le Havre,2,2,D,15,12,5,4,1.2977,1.2496,understat,,,,,,,,,,0.4764,0.2801,0.2436,0.5641,0.2555,0.1804,1,2.04,3.65,4.3,1.82,4,5.5,0.4501,0.4529,,,,,,,,,-1,0,,,0.2387,-0.0264,,,,,,,,,,,,,,,,,pinnacle
spelad,L1,2023/24,2023-08-13,,Nantes,Toulouse,1,2,A,9,9,4,5,1.0703,2.0604,understat,,,,,,,,,,0.3656,0.2895,0.3449,0.3165,0.281,0.4025,1,2.7,3.54,2.86,3.14,3.52,2.44,0.4744,0.5026,-0.2295,0.4245,-0.8333,,7,1.2857,0.4841,-0.0054,0,0,,,-0.1558,0.0104,,,,,,,,,,,,,,,,,pinnacle
spelad,L1,2023/24,2023-08-13,,Rennes,Metz,5,1,H,29,9,14,3,4.6797,0.5618,understat,,,,,,,,,,0.6822,0.1911,0.1268,0.5777,0.2319,0.1903,1,1.46,5.2,8,1.7,4.33,5.6,0.5524,0.5558,-0.08,-0.0033,0.2584,,7,1.7143,0.3706,-0.1103,-1,0,,,-0.2724,0.0121,,,,,,,,,,,,,,,,,pinnacle
spelad,L1,2023/24,2023-08-13,,Strasbourg,Lyon,2,1,H,8,23,2,7,1.1618,2.0539,understat,,,,,,,,,,0.373,0.2742,0.3527,0.3832,0.2715,0.3453,1,2.67,3.85,2.76,2.68,3.75,2.83,0.555,0.5671,-0.2961,-0.1576,-0.0199,,12,-1.25,-0.1307,0.0118,0,0,,,0.0279,-0.0043,,,,,,,,,,,,,,,,,pinnacle
spelad,L1,2023/24,2023-08-18,,Metz,Marseille,2,2,D,10,22,5,5,0.3609,1.4935,understat,,,,,,,,,,0.1967,0.2362,0.5671,0.2009,0.2442,0.5549,1,5,4.24,1.75,5.14,4.2,1.77,0.5682,0.5471,0.5872,-1.2613,0.5068,-1,7,-1.2857,-0.1373,0.3453,1,0,,,0.0208,0.0118,,,,,,,,,,,,,,,,,pinnacle
spelad,L1,2023/24,2023-08-19,,Lyon,Montpellier,1,4,A,7,14,3,8,0.6416,1.9181,understat,,,,,,,,,,0.564,0.2283,0.2077,0.5062,0.2394,0.2544,1,1.77,4.35,4.75,1.94,4.25,4,0.604,0.6331,-0.5876,1.6042,-0.5525,0,11,0.5455,-0.2482,0.0327,0,0,,,-0.1624,0.0044,,,,,,,,,,,,,,,,,pinnacle
spelad,L1,2023/24,2023-08-19,,Toulouse,Paris SG,1,1,D,8,16,2,3,1.1599,2.0042,understat,,,,,,,,,,0.1938,0.2284,0.5778,0.2018,0.239,0.5591,1,5.25,4.45,1.72,5,4.3,1.78,0.597,0.5815,0.0711,0.1082,1.0004,-1,7,-3,-0.3509,-0.1296,0,0,,,0.0349,0.0152,,,,,,,,,,,,,,,,,pinnacle
spelad,L1,2023/24,2023-08-20,,Le Havre,Brest,1,2,A,18,10,7,5,0.867,1.6047,understat,,,,,,,,,,0.3451,0.3023,0.3526,0.3319,0.3221,0.346,1,2.84,3.39,2.81,3.02,3.14,2.83,0.4253,0.366,,,,0,,,,,1,0,,,-0.0198,-0.0037,,,,,,,,,,,,,,,,,pinnacle
spelad,L1,2023/24,2023-08-20,,Lens,Rennes,1,1,D,15,10,4,5,1.3445,1.626,understat,,,,,,,,,,0.4022,0.2575,0.3403,0.3992,0.277,0.3238,1,2.5,3.81,2.91,2.45,3.6,3.11,0.5623,0.5051,0.7233,-0.3888,0.4787,0,6,2,1.0434,0.0463,0,0,,,0.0104,0.0096,,,,,,,,,,,,,,,,,pinnacle
spelad,L1,2023/24,2023-08-20,,Lille,Nantes,2,0,H,18,14,8,4,3.239,1.2716,understat,,,,,,,,,,0.6766,0.1951,0.1283,0.6632,0.1989,0.1379,1,1.47,5.1,8,1.48,5.25,8.5,0.5663,0.5829,0.1466,-0.1901,0.5385,2,12,2.25,0.8936,-0.0365,0,0,,,-0.0364,0.0178,,,,,,,,,,,,,,,,,pinnacle
spelad,L1,2023/24,2023-08-20,,Lorient,Nice,1,1,D,9,21,2,8,0.7508,2.4265,understat,,,,,,,,,,0.2789,0.2766,0.4445,0.2878,0.2921,0.42,1,3.58,3.62,2.25,3.59,3.5,2.35,0.4884,0.4478,0.3881,-0.941,0.1936,-1,6,-0.5,-0.0583,0.2288,0,0,,,0.0423,0.0045,,,,,,,,,,,,,,,,,pinnacle
spelad,L1,2023/24,2023-08-20,,Monaco,Strasbourg,3,0,H,9,4,4,1,1.3095,0.5526,understat,,,,,,,,,,0.5279,0.2369,0.2352,0.5431,0.2306,0.2263,1,1.87,4.2,4.33,1.85,4.33,4.4,0.5758,0.6069,-0.2663,0.8047,-1.0108,0,12,0,-0.3428,-0.0901,0,0,,,0.0393,-0.0156,,,,,,,,,,,,,,,,,pinnacle
spelad,L1,2023/24,2023-08-20,,Reims,Clermont,2,0,H,8,11,4,4,2.4148,0.3996,understat,,,,,,,,,,0.5026,0.2608,0.2366,0.5197,0.2612,0.2191,1,1.96,4,4.2,1.95,3.86,4.46,0.5373,0.5115,-1.4338,1.335,-1.8027,1,4,-0.75,-0.525,-0.044,0,0,,,0.0517,-0.0322,,,,,,,,,,,,,,,,,pinnacle
spelad,L1,2023/24,2023-08-25,,Nantes,Monaco,3,3,D,3,27,3,10,0.9068,4.9581,understat,,,,,,,,,,0.2,0.2557,0.5443,0.2228,0.2582,0.5191,1,4.9,4.02,1.83,5,4.1,1.91,0.5547,0.5754,-0.4129,0.2393,-0.3207,0,11,-1.6364,-0.3887,0.0163,0,0,,,0.0707,-0.0069,,,,,,,,,,,,,,,,,pinnacle
spelad,L1,2023/24,2023-08-26,,Marseille,Brest,2,0,H,15,18,6,7,3.509,1.728,understat,,,,,,,,,,0.6331,0.2162,0.1507,0.64,0.2129,0.1472,1,1.57,4.6,6.7,1.54,4.6,7,0.5513,0.5657,-1.1064,0.8944,-1.7449,2,7,0.8571,-0.0572,-0.1012,0,0,,,0.0172,-0.0081,,,,,,,,,,,,,,,,,pinnacle
spelad,L1,2023/24,2023-08-26,,Paris SG,Lens,3,1,H,17,12,7,4,1.8671,0.4871,understat,,,,,,,,,,0.5949,0.2271,0.1779,0.5877,0.2272,0.1852,1,1.67,4.45,5.75,1.68,4.66,5.75,0.5711,0.5896,-1.1265,0.9937,-1.3393,1,6,0,-0.6943,0.1133,0,0,,,-0.0218,0.0091,,,,,,,,,,,,,,,,,pinnacle
spelad,L1,2023/24,2023-08-27,,Clermont,Metz,0,1,A,16,10,4,5,0.5406,0.7915,understat,,,,,,,,,,0.5031,0.2535,0.2434,0.503,0.263,0.234,1,1.95,3.95,4.14,2.06,3.71,4.2,0.5256,0.4974,0.1768,0.1061,0.3991,-2,,,,,-1,0,,,0.0091,-0.0292,,,,,,,,,,,,,,,,,pinnacle
spelad,L1,2023/24,2023-08-27,,Lorient,Lille,4,1,H,9,18,6,7,1.745,1.4513,understat,,,,,,,,,,0.2534,0.2588,0.4877,0.2391,0.2644,0.4965,1,4,3.85,2.01,4.1,3.72,2,0.5193,0.4936,0.5557,-0.5724,0.5731,0,6,-1,0.1468,-0.2488,0,0,,,-0.0373,0.0095,,,,,,,,,,,,,,,,,pinnacle
spelad,L1,2023/24,2023-08-27,,Montpellier,Reims,1,3,A,19,12,3,6,1.4217,1.8496,understat,,,,,,,,,,0.4034,0.2746,0.3219,0.4271,0.2702,0.3028,1,2.44,3.71,3.06,2.35,3.65,3.48,0.5524,0.5635,0.7786,-1.904,1.0372,1,9,-0.3333,-0.2504,0.1465,0,0,,,0.0664,-0.0115,,,,,,,,,,,,,,,,,pinnacle
spelad,L1,2023/24,2023-08-27,,Nice,Lyon,0,0,D,21,6,4,1,1.8233,0.2555,understat,,,,,,,,,,0.4608,0.2565,0.2826,0.4767,0.2634,0.2599,1,2.17,3.85,3.52,2.1,3.87,3.9,0.5758,0.5682,0.1337,0.1929,0.4754,-1,12,0.25,0.7226,-0.1395,0,0,,,0.0545,0.0003,,,,,,,,,,,,,,,,,pinnacle
spelad,L1,2023/24,2023-08-27,,Rennes,Le Havre,2,2,D,22,7,8,3,3.4973,0.4148,understat,,,,,,,,,,0.6731,0.2036,0.1233,0.6302,0.2235,0.1462,1,1.49,4.9,8.1,1.57,4.75,7.5,0.5296,0.5128,,,,0,,,,,-1,0,,,-0.1086,0.0011,,,,,,,,,,,,,,,,,pinnacle
spelad,L1,2023/24,2023-08-27,,Strasbourg,Toulouse,2,0,H,11,7,3,1,2.85,0.3087,understat,,,,,,,,,,0.448,0.2592,0.2928,0.4506,0.2793,0.2701,1,2.21,3.83,3.44,2.22,3.5,3.62,0.5296,0.4731,-0.1232,0.3273,-0.1767,-1,8,1.125,0.4361,0.0935,0,0,,,0.0279,-0.0157,,,,,,,,,,,,,,,,,pinnacle
spelad,L1,2023/24,2023-09-01,,Nantes,Marseille,1,1,D,10,26,2,9,0.6216,2.7787,understat,,,,,,,,,,0.1957,0.242,0.5623,0.1674,0.2284,0.6042,1,5,4.2,1.77,5.81,4.45,1.65,0.5485,0.5584,0.3765,-0.8247,0.1412,1,12,-0.75,-0.0007,-0.0189,0,0,,,-0.0985,0.0163,,,,,,,,,,,,,,,,,pinnacle
spelad,L1,2023/24,2023-09-02,,Brest,Rennes,0,0,D,13,6,2,3,1.5847,0.2483,understat,,,,,,,,,,0.2889,0.2645,0.4466,0.268,0.2748,0.4572,1,3.45,3.81,2.22,3.86,3.65,2.14,0.5536,0.5115,0.2415,0.4421,0.5019,1,8,-1.875,-0.531,0.1209,0,0,,,-0.0523,0.0016,,,,,,,,,,,,,,,,,pinnacle
spelad,L1,2023/24,2023-09-02,,Monaco,Lens,3,0,H,11,12,6,1,1.2494,0.6124,understat,,,,,,,,,,0.4607,0.2474,0.2919,0.4813,0.248,0.2707,1,2.16,3.99,3.4,2.08,4,3.79,0.6005,0.592,-0.7458,1.0953,-0.5599,1,6,-2,-1.4175,0.0916,0,0,,,0.0625,-0.003,,,,,,,,,,,,,,,,,pinnacle
spelad,L1,2023/24,2023-09-03,,Le Havre,Lorient,3,0,H,17,9,6,2,1.7003,0.6756,understat,,,,,,,,,,0.3392,0.312,0.3489,0.3653,0.3168,0.3179,1,2.94,3.36,2.81,2.7,3.4,3.25,0.4207,0.401,,,,0,,,,,1,0,,,0.0833,0.0047,,,,,,,,,,,,,,,,,pinnacle
spelad,L1,2023/24,2023-09-03,,Lille,Montpellier,1,0,H,15,9,6,5,1.3391,0.7934,understat,,,,,,,,,,0.5312,0.2287,0.24,0.5098,0.2497,0.2405,1,1.85,4.33,4.33,2.08,3.92,4.07,0.6005,0.5718,-0.253,1.3437,-0.3512,0,11,1.6364,0.545,-0.0012,0,0,,,-0.0433,-0.0382,,,,,,,,,,,,,,,,,pinnacle
spelad,L1,2023/24,2023-09-03,,Lyon,Paris SG,1,4,A,19,22,8,8,2.4426,4.9195,understat,,,,,,,,,,0.1676,0.1937,0.6386,0.196,0.2219,0.5821,1,6,5.25,1.56,5.9,4.7,1.69,0.6697,0.6088,-0.0735,0.408,0.0465,-1,12,-0.75,0.3357,-0.1164,0,0,,,0.1132,-0.0189,,,,,,,,,,,,,,,,,pinnacle
spelad,L1,2023/24,2023-09-03,,Metz,Reims,2,2,D,12,12,4,2,1.1476,0.8595,understat,,,,,,,,,,0.237,0.2606,0.5023,0.2025,0.249,0.5484,1,4.2,3.87,1.98,4.82,4,1.9,0.5179,0.5371,0.8885,-1.0533,0.5802,0,6,1.5,0.8218,0.1822,1,0,,,-0.1151,0.0312,,,,,,,,,,,,,,,,,pinnacle
spelad,L1,2023/24,2023-09-03,,Nice,Strasbourg,2,0,H,16,4,6,0,2.2881,0.1585,understat,,,,,,,,,,0.49,0.271,0.239,0.5269,0.2793,0.1938,1,2.01,3.77,4.2,1.97,3.55,5.03,0.4859,0.4405,-0.176,0.343,-0.1686,0,11,-1.0909,-0.5357,-0.0193,0,0,,,0.119,-0.045,,,,,,,,,,,,,,,,,pinnacle
spelad,L1,2023/24,2023-09-03,,Toulouse,Clermont,2,2,D,9,15,5,3,0.6411,1.4043,understat,,,,,,,,,,0.4816,0.2637,0.2547,0.4276,0.2766,0.2958,1,2.05,3.81,3.95,2.29,3.57,3.51,0.5141,0.4859,-0.1928,0.1383,0.0279,0,,,,,0,0,,,-0.1493,0.009,,,,,,,,,,,,,,,,,pinnacle
spelad,L1,2023/24,2023-09-15,,Paris SG,Nice,2,3,A,12,14,3,8,1.2193,1.9499,understat,,,,,,,,,,0.6229,0.2113,0.1658,0.5905,0.2185,0.191,1,1.59,4.75,6.25,1.66,4.7,6,0.5955,0.6223,0.228,-0.9885,-0.3972,0,11,1.9091,0.05,0.012,0,0,,,-0.0901,0.0423,,,,,,,,,,,,,,,,,pinnacle
spelad,L1,2023/24,2023-09-16,,Lens,Metz,0,1,A,31,2,10,2,1.6119,0.6296,understat,,,,,,,,,,0.6378,0.2098,0.1524,0.6352,0.2155,0.1493,1,1.54,4.75,7,1.55,4.8,7,0.5696,0.5696,-0.2978,0.2645,-0.6872,1,4,0,-0.6118,0.2319,-1,0,,,-0.002,-0.0074,,,,,,,,,,,,,,,,,pinnacle
spelad,L1,2023/24,2023-09-16,,Rennes,Lille,2,2,D,7,10,4,6,0.4277,1.609,understat,,,,,,,,,,0.448,0.2635,0.2885,0.461,0.2795,0.2594,1,2.18,3.81,3.47,2.18,3.7,3.75,0.5473,0.4884,0.2034,-1.0029,0.2655,1,12,-0.5,-0.256,0.0454,0,0,,,0.0551,-0.0445,,,,,,,,,,,,,,,,,pinnacle
spelad,L1,2023/24,2023-09-17,,Clermont,Nantes,0,1,A,16,8,3,5,1.2642,0.8663,understat,,,,,,,,,,0.477,0.2703,0.2527,0.5187,0.2566,0.2247,1,2.06,3.69,3.95,1.95,3.89,4.4,0.4781,0.4821,0.0844,0.5205,0.4669,-2,4,-1.5,-0.7394,0.2073,0,0,,,0.1115,-0.0106,,,,,,,,,,,,,,,,,pinnacle
spelad,L1,2023/24,2023-09-17,,Lorient,Monaco,2,2,D,10,20,3,7,0.6607,1.5406,understat,,,,,,,,,,0.2359,0.2442,0.5198,0.2047,0.233,0.5623,1,4.2,4.08,1.92,5.2,4.33,1.75,0.5829,0.5965,0.4617,-0.5406,0.3181,-1,6,-0.5,0.2798,0.2829,0,0,,,-0.105,0.0059,,,,,,,,,,,,,,,,,pinnacle
spelad,L1,2023/24,2023-09-17,,Lyon,Le Havre,0,0,D,23,7,7,0,1.8331,1.2517,understat,,,,,,,,,,0.5699,0.2291,0.201,0.5604,0.2361,0.2036,1,1.74,4.33,5,1.75,4.33,5.2,0.5722,0.5682,,,,0,,,,,-1,0,,,-0.0217,0.0082,,,,,,,,,,,,,,,,,pinnacle
spelad,L1,2023/24,2023-09-17,,Marseille,Toulouse,0,0,D,24,10,6,3,1.1685,0.8823,understat,,,,,,,,,,0.6473,0.1994,0.1534,0.674,0.1918,0.1342,1,1.54,5,6.5,1.48,5.2,7.5,0.6118,0.601,-0.7644,1.146,-0.8212,2,8,3,1.0613,-0.2397,0,0,,,0.0726,-0.0275,,,,,,,,,,,,,,,,,pinnacle
spelad,L1,2023/24,2023-09-17,,Reims,Brest,1,2,A,13,18,7,7,1.9744,1.5607,understat,,,,,,,,,,0.5111,0.2697,0.2192,0.4816,0.2716,0.2469,1,1.93,3.93,4.5,2.06,3.75,4.4,0.5244,0.5269,-0.66,0.1114,-1.3372,-1,8,0,-0.2208,0.211,0,0,,,-0.0867,0.0094,,,,,,,,,,,,,,,,,pinnacle
spelad,L1,2023/24,2023-09-17,,Strasbourg,Montpellier,2,2,D,14,11,7,4,2.2723,1.036,understat,,,,,,,,,,0.4072,0.2696,0.3233,0.3134,0.2883,0.3982,1,2.42,3.69,3.09,3.1,3.53,2.6,0.5219,0.4808,-0.1057,0.985,-0.0109,0,12,-0.5,-0.2637,0.0398,0,0,,,-0.2624,0.0319,,,,,,,,,,,,,,,,,pinnacle
spelad,L1,2023/24,2023-09-22,,Monaco,Nice,0,1,A,9,13,3,7,1.8014,1.1014,understat,,,,,,,,,,0.4326,0.2697,0.2977,0.3982,0.2698,0.332,1,2.26,3.8,3.37,2.46,3.74,3.12,0.551,0.5558,-0.1754,-0.2749,-0.8258,-2,12,0.25,-0.235,-0.0148,0,0,,,-0.1033,0.0243,,,,,,,,,,,,,,,,,pinnacle
spelad,L1,2023/24,2023-09-23,,Brest,Lyon,1,0,H,27,6,11,3,2.5451,0.2541,understat,,,,,,,,,,0.3785,0.2651,0.3564,0.3586,0.2854,0.356,1,2.61,3.75,2.77,2.89,3.58,2.75,0.5747,0.5192,0.6808,-0.2945,1.4269,0,7,-0.4286,0.2505,0.3586,0,0,,,-0.0395,-0.0004,,,,,,,,,,,,,,,,,pinnacle
spelad,L1,2023/24,2023-09-23,,Nantes,Lorient,5,3,H,19,10,9,7,2.5291,1.5967,understat,,,,,,,,,,0.3956,0.2821,0.3223,0.4147,0.2887,0.2966,1,2.48,3.5,3.09,2.4,3.44,3.5,0.4897,0.4694,-0.0668,-0.3204,-0.208,0,6,1.5,0.7083,-0.1393,0,0,,,0.0638,-0.0075,,,,,,,,,,,,,,,,,pinnacle
spelad,L1,2023/24,2023-09-24,,Le Havre,Clermont,2,1,H,9,11,3,4,1.0173,0.7161,understat,,,,,,,,,,0.3925,0.2986,0.309,0.3822,0.3177,0.3001,1,2.51,3.35,3.19,2.58,3.25,3.3,0.4388,0.3726,0.4624,-1.3078,0.5658,0,,,,,1,0,,,-0.0117,-0.0017,,,,,,,,,,,,,,,,,pinnacle
spelad,L1,2023/24,2023-09-24,,Lens,Toulouse,2,1,H,27,7,7,2,3.0878,0.6494,understat,,,,,,,,,,0.5638,0.2395,0.1967,0.6728,0.2063,0.1209,1,1.75,4.2,5,1.52,4.73,8.07,0.541,0.5333,-0.4696,0.6397,-0.6643,1,,,,,0,0,,,0.2938,-0.0493,,,,,,,,,,,,,,,,,pinnacle
spelad,L1,2023/24,2023-09-24,,Metz,Strasbourg,0,1,A,13,4,1,1,1.0381,0.4561,understat,,,,,,,,,,0.3232,0.3012,0.3756,0.335,0.3067,0.3583,1,3.04,3.4,2.61,3.23,3.33,2.73,0.4402,0.4282,1.2762,-1.3833,1.1673,1,8,-0.375,0.0446,0.0823,1,0,,,0.0409,-0.0527,,,,,,,,,,,,,,,,,pinnacle
spelad,L1,2023/24,2023-09-24,,Montpellier,Rennes,0,0,D,13,18,4,6,1.3823,0.9336,understat,,,,,,,,,,0.3601,0.2731,0.3669,0.3499,0.273,0.3771,1,2.73,3.67,2.68,2.94,3.61,2.69,0.5499,0.532,-0.147,-0.2824,-0.124,-1,12,-1.25,-0.3323,-0.0244,0,0,,,-0.0306,0.0046,,,,,,,,,,,,,,,,,pinnacle
spelad,L1,2023/24,2023-09-24,,Paris SG,Marseille,4,0,H,15,6,5,0,2.0022,0.5687,understat,,,,,,,,,,0.5916,0.22,0.1884,0.6263,0.2138,0.1599,1,1.72,4.66,5.3,1.58,4.95,6.8,0.628,0.6088,0.4078,-0.5402,0.2949,2,11,1.9091,0.1603,-0.003,0,0,,,0.0979,0.011,,,,,,,,,,,,,,,,,pinnacle
spelad,L1,2023/24,2023-09-26,,Lille,Reims,1,2,A,14,4,3,4,1.4177,1.2182,understat,,,,,,,,,,0.4967,0.2569,0.2465,0.5145,0.2488,0.2367,1,2,3.87,4.1,2,3.93,4.15,0.5255,0.5522,0.3646,0.2506,0.6807,1,9,0,-0.3148,0.0398,0,0,,,0.0454,-0.0331,,,,,,,,,,,,,,,,,pinnacle
spelad,L1,2023/24,2023-09-29,,Strasbourg,Lens,0,1,A,8,9,2,2,0.305,1.5223,understat,,,,,,,,,,0.2637,0.2796,0.4568,0.2409,0.2748,0.4843,1,3.72,3.64,2.27,4.08,3.58,2.1,0.4756,0.4578,0.3388,-0.1853,0.5785,0,6,0.5,0.4901,-0.1154,0,0,,,-0.0729,0.0196,,,,,,,,,,,,,,,,,pinnacle
spelad,L1,2023/24,2023-09-30,,Clermont,Paris SG,0,0,D,12,21,3,10,1.1601,2.9912,understat,,,,,,,,,,0.138,0.2018,0.6602,0.1107,0.1816,0.7077,1,7.5,5,1.51,9,5.5,1.48,0.5935,0.599,-0.0822,0.444,0.1523,0,4,-1.5,0.3185,-0.1538,0,0,,,-0.1023,0.033,,,,,,,,,,,,,,,,,pinnacle
spelad,L1,2023/24,2023-09-30,,Monaco,Marseille,3,2,H,10,8,7,4,1.5165,0.9088,understat,,,,,,,,,,0.4399,0.2505,0.3096,0.3903,0.2585,0.3512,1,2.28,4,3.18,2.57,3.9,2.93,0.6127,0.6078,0.1847,-0.5528,0.473,2,11,-0.5455,-0.3665,0.0132,0,0,,,-0.1406,0.0083,,,,,,,,,,,,,,,,,pinnacle
spelad,L1,2023/24,2023-10-01,,Le Havre,Lille,0,2,A,5,16,0,6,1.0583,1.3869,understat,,,,,,,,,,0.2383,0.2827,0.479,0.2008,0.2602,0.5391,1,4.2,3.68,2.06,4.9,3.75,1.88,0.4653,0.4694,0.7415,-1.8384,0.7461,2,,,,,1,0,,,-0.1352,0.0354,,,,,,,,,,,,,,,,,pinnacle
spelad,L1,2023/24,2023-10-01,,Lorient,Montpellier,0,3,A,14,14,3,8,0.7999,2.7704,understat,,,,,,,,,,0.33,0.2711,0.3989,0.302,0.2764,0.4217,1,3,3.72,2.47,3.24,3.63,2.4,0.5335,0.509,0.4011,0.1104,0.293,1,6,-2,-0.9073,0.0602,0,0,,,-0.0788,0.0097,,,,,,,,,,,,,,,,,pinnacle
spelad,L1,2023/24,2023-10-01,,Nice,Brest,0,0,D,12,7,1,2,1.0329,0.153,understat,,,,,,,,,,0.5398,0.253,0.2072,0.5277,0.2667,0.2055,1,1.82,3.95,4.8,1.85,3.95,5.1,0.5,0.4668,0.0355,-0.0939,-0.1889,1,8,0.75,0.2164,-0.0202,0,0,,,-0.0225,0.008,,,,,,,,,,,,,,,,,pinnacle
spelad,L1,2023/24,2023-10-01,,Reims,Lyon,2,0,H,8,11,3,6,1.996,0.3899,understat,,,,,,,,,,0.463,0.2552,0.2818,0.5066,0.252,0.2414,1,2.14,3.95,3.52,2.07,3.94,4.05,0.5722,0.5707,0.4287,-0.2744,0.6478,-3,9,0,0.4173,0.3217,0,0,,,0.1276,-0.0237,,,,,,,,,,,,,,,,,pinnacle
spelad,L1,2023/24,2023-10-01,,Rennes,Nantes,3,1,H,16,10,5,3,2.3169,0.903,understat,,,,,,,,,,0.6323,0.2112,0.1565,0.5773,0.2431,0.1796,1,1.56,4.7,6.5,1.71,4.33,6.12,0.5768,0.5115,-0.2501,0.8852,-0.265,-1,12,1.25,0.3597,-0.0339,0,0,,,-0.133,0.0151,,,,,,,,,,,,,,,,,pinnacle
spelad,L1,2023/24,2023-10-01,,Toulouse,Metz,3,0,H,15,8,10,3,2.3397,0.5985,understat,,,,,,,,,,0.4567,0.2804,0.2629,0.5227,0.262,0.2153,1,2.22,3.64,3.75,1.97,3.73,4.54,0.4884,0.491,-0.251,-0.1191,-0.2721,0,3,0,-0.4047,0.7096,-1,0,,,0.1795,-0.0449,,,,,,,,,,,,,,,,,pinnacle
spelad,L1,2023/24,2023-10-06,,Strasbourg,Nantes,1,2,A,11,16,3,7,0.9448,2.2419,understat,,,,,,,,,,0.4237,0.3021,0.2742,0.4129,0.3107,0.2764,1,2.31,3.4,3.7,2.4,3.36,3.62,0.4221,0.42,-0.4115,1.2171,-0.2668,2,11,0.2727,0.1465,-0.1064,0,0,,,-0.0239,-0.0291,,,,,,,,,,,,,,,,,pinnacle
spelad,L1,2023/24,2023-10-07,,Metz,Nice,0,1,A,10,7,3,4,0.2636,1.5152,understat,,,,,,,,,,0.1892,0.2477,0.5631,0.1519,0.2357,0.6124,1,5.2,4,1.78,6.5,4.2,1.68,0.491,0.4808,0.0874,-0.1524,-0.3391,0,7,0,0.5116,-0.1207,1,0,,,-0.1238,0.0233,,,,,,,,,,,,,,,,,pinnacle
spelad,L1,2023/24,2023-10-07,,Reims,Monaco,1,3,A,11,11,4,4,1.9979,1.7474,understat,,,,,,,,,,0.3629,0.2687,0.3684,0.3581,0.26,0.3819,1,2.8,3.91,2.66,2.92,3.84,2.71,0.59,0.6156,0.2043,-0.1831,0.0973,-1,10,0.3,0.4108,0.2343,0,0,,,-0.0231,0.0086,,,,,,,,,,,,,,,,,pinnacle
spelad,L1,2023/24,2023-10-08,,Brest,Toulouse,1,1,D,13,9,2,3,1.6136,1.239,understat,,,,,,,,,,0.5257,0.2601,0.2142,0.564,0.2502,0.1858,1,1.87,3.85,4.7,1.77,3.95,5.5,0.4871,0.4719,-0.1879,0.9411,0.2893,0,4,1.5,0.7219,0.2253,0,0,,,0.1049,-0.0041,,,,,,,,,,,,,,,,,pinnacle
spelad,L1,2023/24,2023-10-08,,Lens,Lille,1,1,D,14,8,5,3,2.5838,1.3429,understat,,,,,,,,,,0.4288,0.2797,0.2914,0.3931,0.2907,0.3162,1,2.29,3.64,3.41,2.47,3.49,3.18,0.4936,0.4604,0.1086,-0.0312,-0.0339,2,6,-0.5,-0.0154,-0.1194,0,0,,,-0.0963,0.006,,,,,,,,,,,,,,,,,pinnacle
spelad,L1,2023/24,2023-10-08,,Lyon,Lorient,3,3,D,9,6,6,5,1.3787,1.0785,understat,,,,,,,,,,0.568,0.2392,0.1927,0.5436,0.2476,0.2088,1,1.74,4.27,5.2,1.81,4.2,4.9,0.5612,0.5646,-0.9534,0.9262,-1.1368,0,6,0.5,-0.5773,0.2881,0,0,,,-0.0649,0.0041,,,,,,,,,,,,,,,,,pinnacle
spelad,L1,2023/24,2023-10-08,,Marseille,Le Havre,3,0,H,14,7,6,1,3.0069,0.1314,understat,,,,,,,,,,0.6556,0.2096,0.1348,0.656,0.2106,0.1334,1,1.54,4.75,7.2,1.54,4.9,7.5,0.5536,0.5547,-0.7602,1.6273,-0.8841,1,,,,,-1,0,,,0.0022,-0.018,,,,,,,,,,,,,,,,,pinnacle
spelad,L1,2023/24,2023-10-08,,Rennes,Paris SG,1,3,A,14,17,4,7,1.3444,3.1309,understat,,,,,,,,,,0.2691,0.2706,0.4604,0.2317,0.2439,0.5244,1,3.8,3.8,2.16,4.59,4.05,1.98,0.541,0.5906,0.5725,-0.1798,0.6069,-1,11,0,0.8814,-0.094,0,0,,,-0.1388,0.0116,,,,,,,,,,,,,,,,,pinnacle
spelad,L1,2023/24,2023-10-20,,Le Havre,Lens,0,0,D,14,13,5,7,1.8447,1.9629,understat,,,,,,,,,,0.2095,0.2712,0.5193,0.207,0.2677,0.5253,1,4.85,3.66,1.9,4.8,3.65,1.95,0.4478,0.4504,0.6047,-1.3686,0.689,0,,,,,1,0,,,-0.011,0.0202,,,,,,,,,,,,,,,,,pinnacle
spelad,L1,2023/24,2023-10-21,,Nice,Marseille,1,0,H,10,9,2,1,0.8287,1.003,understat,,,,,,,,,,0.3878,0.3023,0.31,0.4126,0.2928,0.2946,1,2.53,3.4,3.23,2.43,3.4,3.43,0.468,0.4629,0.3451,-0.4485,0.7078,1,11,-1.6364,-0.4582,-0.1845,0,0,,,0.0651,-0.0118,,,,,,,,,,,,,,,,,pinnacle
spelad,L1,2023/24,2023-10-21,,Paris SG,Strasbourg,3,0,H,8,7,4,1,2.5187,0.2242,understat,,,,,,,,,,0.7784,0.1393,0.0824,0.7959,0.1295,0.0747,1,1.25,7.1,13.2,1.22,8.2,17,0.6682,0.6501,-0.4191,0.043,-0.1655,-2,11,1.3636,-0.3258,0.2001,0,0,,,0.0426,0.0155,,,,,,,,,,,,,,,,,pinnacle
spelad,L1,2023/24,2023-10-22,,Lille,Brest,1,0,H,6,9,4,1,2.1917,0.6253,understat,,,,,,,,,,0.5333,0.2666,0.2001,0.5122,0.2756,0.2122,1,1.84,3.88,5,1.91,3.7,5,0.491,0.4783,-0.3475,0.0596,-0.8223,0,7,0,-0.7299,0.1983,0,0,,,-0.0542,0.0148,,,,,,,,,,,,,,,,,pinnacle
spelad,L1,2023/24,2023-10-22,,Lorient,Rennes,2,1,H,5,20,4,6,0.5947,0.9408,understat,,,,,,,,,,0.2413,0.256,0.5027,0.2273,0.254,0.5187,1,4.11,3.93,1.95,4.33,3.9,1.98,0.5321,0.5064,0.2223,-0.3572,0.1115,0,6,-0.5,0.3794,-0.0758,0,0,,,-0.0441,0.0125,,,,,,,,,,,,,,,,,pinnacle
spelad,L1,2023/24,2023-10-22,,Lyon,Clermont,1,2,A,25,12,6,5,1.7359,1.2899,understat,,,,,,,,,,0.5366,0.2381,0.2253,0.5035,0.2683,0.2282,1,1.84,4.1,4.5,1.96,3.78,4.47,0.5473,0.5051,-0.0196,0.0592,-0.4874,-7,4,-0.75,-0.8901,0.016,0,0,,,-0.0691,0.0035,,,,,,,,,,,,,,,,,pinnacle
spelad,L1,2023/24,2023-10-22,,Monaco,Metz,2,1,H,27,8,13,4,1.9731,0.7205,understat,,,,,,,,,,0.7127,0.1686,0.1188,0.7348,0.1606,0.1046,1,1.37,6,8.65,1.35,6.1,9.9,0.6581,0.6735,0.0466,-0.0111,0.3717,0,7,2.1429,0.5027,-0.2231,-1,0,,,0.0584,-0.0137,,,,,,,,,,,,,,,,,pinnacle
spelad,L1,2023/24,2023-10-22,,Nantes,Montpellier,2,0,H,14,11,5,6,1.7494,0.4959,understat,,,,,,,,,,0.321,0.2687,0.4104,0.3098,0.2682,0.422,1,3.03,3.76,2.45,3.2,3.68,2.41,0.5473,0.5434,0.4729,-0.5825,0.2399,-5,11,0.2727,0.1403,-0.1073,0,0,,,-0.034,0.0222,,,,,,,,,,,,,,,,,pinnacle
spelad,L1,2023/24,2023-10-22,,Toulouse,Reims,1,1,D,11,15,5,4,0.9008,0.9658,understat,,,,,,,,,,0.3308,0.2802,0.389,0.3582,0.2876,0.3543,1,3.03,3.68,2.52,2.89,3.52,2.76,0.5205,0.4949,0.1853,-0.7779,-0.0119,-1,5,0,0.2182,-0.0879,0,0,,,0.0895,-0.0151,,,,,,,,,,,,,,,,,pinnacle
spelad,L1,2023/24,2023-10-27,,Clermont,Nice,0,1,A,8,11,3,5,0.2987,2.1587,understat,,,,,,,,,,0.2193,0.2835,0.4972,0.2552,0.3048,0.44,1,4.5,3.58,2,4.46,3.43,2.21,0.4211,0.4035,-0.6682,-0.0586,-1.2465,-1,4,1.5,1.3172,-0.2666,0,0,,,0.1289,-0.0457,,,,,,,,,,,,,,,,,pinnacle
spelad,L1,2023/24,2023-10-28,,Lens,Nantes,4,0,H,11,11,7,1,4.3292,1.2185,understat,,,,,,,,,,0.606,0.2224,0.1716,0.5954,0.2294,0.1752,1,1.62,4.5,6,1.69,4.33,6,0.5424,0.5508,-1.1543,2.0254,-1.2314,2,6,0,-0.5284,0.3976,0,0,,,-0.0248,0,,,,,,,,,,,,,,,,,pinnacle
spelad,L1,2023/24,2023-10-28,,Reims,Lorient,1,0,H,12,9,5,1,0.9815,0.4122,understat,,,,,,,,,,0.5816,0.2291,0.1893,0.5515,0.2445,0.2039,1,1.7,4.33,5.3,1.81,4.2,5,0.5575,0.5371,-0.2227,0.3908,0.1751,0,6,0,-0.1329,0.0441,0,0,,,-0.0747,-0.0027,,,,,,,,,,,,,,,,,pinnacle
spelad,L1,2023/24,2023-10-29,,Brest,Paris SG,2,3,A,20,17,5,10,1.6823,2.0985,understat,,,,,,,,,,0.1602,0.2096,0.6302,0.1762,0.2207,0.6031,1,6.3,4.7,1.59,7,4.75,1.61,0.5844,0.5707,0.1225,0.2228,0.299,-1,7,-3,-0.3796,-0.1329,0,0,,,0.0593,-0.0353,,,,,,,,,,,,,,,,,pinnacle
spelad,L1,2023/24,2023-10-29,,Lille,Monaco,2,0,H,7,16,5,6,0.6676,0.9017,understat,,,,,,,,,,0.4157,0.2546,0.3297,0.3888,0.2627,0.3484,1,2.36,4,3.06,2.58,3.85,2.95,0.5995,0.5885,-0.1343,0.3274,-0.3186,0,11,-0.8182,-0.2212,0.1019,0,0,,,-0.0724,0.0057,,,,,,,,,,,,,,,,,pinnacle
spelad,L1,2023/24,2023-10-29,,Metz,Le Havre,0,0,D,9,12,3,1,0.4699,0.8905,understat,,,,,,,,,,0.3728,0.2985,0.3287,0.3299,0.3149,0.3552,1,2.66,3.35,3,3.03,3.21,2.75,0.434,0.3975,-0.0403,0.3948,0.0435,-2,,,,,0,0,,,-0.1123,0.006,,,,,,,,,,,,,,,,,pinnacle
spelad,L1,2023/24,2023-10-29,,Montpellier,Toulouse,3,0,H,19,16,6,5,3.2823,0.8778,understat,,,,,,,,,,0.5397,0.2459,0.2144,0.5167,0.2543,0.2291,1,1.82,4.05,4.63,1.9,4,4.5,0.5398,0.5269,-0.2526,0.6065,-0.2122,0,7,0.4286,0.1563,-0.2796,0,0,,,-0.0607,0.0117,,,,,,,,,,,,,,,,,pinnacle
spelad,L1,2023/24,2023-10-29,,Rennes,Strasbourg,1,1,D,20,11,3,3,1.1103,1.0212,understat,,,,,,,,,,0.6053,0.2311,0.1636,0.6474,0.2168,0.1358,1,1.65,4.3,6,1.52,4.75,8,0.5116,0.5141,-0.2287,-0.1412,-0.361,-1,11,1.0909,0.4058,-0.1855,0,0,,,0.112,0.0066,,,,,,,,,,,,,,,,,pinnacle
spelad,L1,2023/24,2023-11-03,,Paris SG,Montpellier,3,0,H,21,7,10,2,1.2318,0.5838,understat,,,,,,,,,,0.7632,0.1423,0.0946,0.7655,0.1421,0.0924,1,1.28,7.2,11.5,1.28,7.22,11.6,0.7082,0.7223,0.4056,-0.2186,0.3126,0,12,2.25,0.1587,-0.0619,0,0,,,0.0069,-0.0006,,,,,,,,,,,,,,,,,pinnacle
spelad,L1,2023/24,2023-11-04,,Lorient,Lens,0,0,D,7,14,2,7,0.5219,0.7078,understat,,,,,,,,,,0.2041,0.2444,0.5516,0.2149,0.2684,0.5167,1,5.05,4,1.78,4.85,3.77,1.9,0.5129,0.4668,0.5449,-0.9775,0.2649,0,6,-1.5,-0.3735,-0.1044,0,0,,,0.0565,-0.0021,,,,,,,,,,,,,,,,,pinnacle
spelad,L1,2023/24,2023-11-04,,Marseille,Lille,0,0,D,8,10,3,1,0.7518,0.3262,understat,,,,,,,,,,0.438,0.2696,0.2924,0.5039,0.2629,0.2332,1,2.28,3.72,3.44,2.02,3.8,4.35,0.5167,0.4923,-0.8575,0.9141,-0.7395,7,12,0,-0.0481,-0.1138,0,0,,,0.1911,-0.0064,,,,,,,,,,,,,,,,,pinnacle
spelad,L1,2023/24,2023-11-05,,Lyon,Metz,1,1,D,15,10,4,5,1.8478,0.6672,understat,,,,,,,,,,0.5773,0.2387,0.184,0.5809,0.2462,0.1729,1,1.7,4.2,5.5,1.69,4.2,5.82,0.5462,0.5141,-0.4978,0.3296,-1.1675,7,8,1.125,-0.2412,-0.0652,0,0,,,0.0181,0.0024,,,,,,,,,,,,,,,,,pinnacle
spelad,L1,2023/24,2023-11-05,,Monaco,Brest,2,0,H,12,15,6,1,1.1167,0.7369,understat,,,,,,,,,,0.549,0.2334,0.2176,0.5446,0.2442,0.2112,1,1.79,4.3,4.75,1.85,4.07,4.81,0.5793,0.5459,0.0322,0.3959,0.0242,0,7,1.2857,0.1103,-0.2152,0,0,,,-0.0023,-0.0158,,,,,,,,,,,,,,,,,pinnacle
spelad,L1,2023/24,2023-11-05,,Nantes,Reims,0,1,A,17,7,4,4,1.547,1.7428,understat,,,,,,,,,,0.3237,0.3025,0.3737,0.3322,0.2949,0.3729,1,3.05,3.4,2.64,2.97,3.42,2.65,0.4513,0.4694,0.5303,-0.9366,0.5136,0,9,-1.3333,-0.568,-0.1935,0,0,,,0.0177,0.0044,,,,,,,,,,,,,,,,,pinnacle
spelad,L1,2023/24,2023-11-05,,Nice,Rennes,2,0,H,16,11,4,4,2.2862,0.4848,understat,,,,,,,,,,0.4538,0.2877,0.2585,0.452,0.2909,0.2571,1,2.17,3.5,3.84,2.17,3.48,3.88,0.4564,0.4307,0.7996,-0.0792,1.6277,2,12,1,0.6534,0.0513,0,0,,,-0.0023,0.0013,,,,,,,,,,,,,,,,,pinnacle
spelad,L1,2023/24,2023-11-05,,Strasbourg,Clermont,0,0,D,18,10,5,2,1.5597,1.0516,understat,,,,,,,,,,0.3999,0.2996,0.3005,0.4176,0.3012,0.2812,1,2.46,3.35,3.3,2.46,3.28,3.46,0.4253,0.4175,0.3059,0.0889,0.4744,-2,4,1.5,0.2228,0.2274,0,0,,,0.0547,-0.0294,,,,,,,,,,,,,,,,,pinnacle
spelad,L1,2023/24,2023-11-05,,Toulouse,Le Havre,1,2,A,17,15,5,7,2.3173,1.2106,understat,,,,,,,,,,0.4478,0.2887,0.2635,0.4769,0.2828,0.2402,1,2.21,3.48,3.76,2.13,3.52,4.1,0.4564,0.4453,-0.18,0.0135,-0.4532,0,,,,,0,0,,,0.0816,-0.0042,,,,,,,,,,,,,,,,,pinnacle
spelad,L1,2023/24,2023-11-10,,Montpellier,Nice,0,0,D,9,15,1,4,0.6513,0.6204,understat,,,,,,,,,,0.2682,0.2856,0.4462,0.2638,0.2897,0.4465,1,3.7,3.45,2.21,3.87,3.45,2.22,0.4694,0.4655,-1.0796,0.4917,-1.4981,2,11,0,0.1586,-0.1912,0,0,,,-0.0092,0.0099,,,,,,,,,,,,,,,,,pinnacle
spelad,L1,2023/24,2023-11-11,,Le Havre,Monaco,0,0,D,9,10,5,4,1.1263,0.9684,understat,,,,,,,,,,0.2143,0.2441,0.5417,0.2022,0.2402,0.5577,1,4.6,4.1,1.82,5,4.22,1.76,0.5436,0.5522,0.0584,-0.2131,0.1241,0,,,,,0,0,,,-0.0402,0.005,,,,,,,,,,,,,,,,,pinnacle
spelad,L1,2023/24,2023-11-11,,Reims,Paris SG,0,3,A,19,14,6,6,1.544,2.6404,understat,,,,,,,,,,0.1764,0.2215,0.6021,0.1951,0.2233,0.5816,1,5.7,4.5,1.64,5.5,4.4,1.67,0.5935,0.6069,-0.146,0.6821,-0.0225,-2,9,-1,0.5205,0.0834,0,0,,,0.0577,-0.0168,,,,,,,,,,,,,,,,,pinnacle
spelad,L1,2023/24,2023-11-12,,Clermont,Lorient,1,0,H,17,10,6,3,1.4055,0.5847,understat,,,,,,,,,,0.4442,0.2891,0.2668,0.421,0.2947,0.2843,1,2.22,3.5,3.8,2.31,3.4,3.63,0.4464,0.4453,-0.2318,-0.3534,-0.1989,-1,4,-0.75,-0.341,-0.0419,0,0,,,-0.064,0.0169,,,,,,,,,,,,,,,,,pinnacle
spelad,L1,2023/24,2023-11-12,,Lens,Marseille,1,0,H,14,8,3,2,1.2197,0.7237,understat,,,,,,,,,,0.4262,0.2733,0.3005,0.4191,0.2835,0.2974,1,2.36,3.65,3.32,2.46,3.53,3.39,0.5167,0.4974,0.1599,-0.0002,0.2802,0,6,1.5,0.9264,-0.1137,0,0,,,-0.0111,-0.0144,,,,,,,,,,,,,,,,,pinnacle
spelad,L1,2023/24,2023-11-12,,Lille,Toulouse,1,1,D,13,2,6,1,2.6899,0.4168,understat,,,,,,,,,,0.606,0.2225,0.1715,0.614,0.2251,0.1609,1,1.62,4.5,6,1.6,4.46,7,0.5335,0.5217,0.6455,-0.1994,0.6785,1,8,1.125,0.2473,-0.1353,0,0,,,0.0266,0.0065,,,,,,,,,,,,,,,,,pinnacle
spelad,L1,2023/24,2023-11-12,,Metz,Nantes,3,1,H,9,16,4,3,0.941,1.7539,understat,,,,,,,,,,0.3185,0.2988,0.3827,0.2804,0.3003,0.4194,1,3.06,3.45,2.6,3.52,3.4,2.43,0.4704,0.4478,-0.528,0.2292,-0.7019,0,8,0,0.1422,0.2035,0,0,,,-0.1129,0.0191,,,,,,,,,,,,,,,,,pinnacle
spelad,L1,2023/24,2023-11-12,,Rennes,Lyon,0,1,A,8,12,2,5,0.6803,2.0797,understat,,,,,,,,,,0.5508,0.234,0.2152,0.5157,0.2473,0.237,1,1.78,4.2,4.71,1.96,4.1,4.32,0.5722,0.5459,0.4306,-0.409,0.2609,0,11,0.5455,0.7318,-0.1601,0,0,,,-0.0922,-0.0146,,,,,,,,,,,,,,,,,pinnacle
spelad,L1,2023/24,2023-11-24,,Paris SG,Monaco,5,2,H,16,14,11,7,2.6132,1.5201,understat,,,,,,,,,,0.6421,0.1889,0.169,0.6542,0.1873,0.1585,1,1.52,5.4,6.66,1.5,5.4,6.66,0.7063,0.7214,0.2902,-0.8588,0.1906,0,12,0.5,-0.4971,-0.0135,0,0,,,0.0347,-0.0124,,,,,,,,,,,,,,,,,pinnacle
spelad,L1,2023/24,2023-11-25,,Clermont,Lens,0,3,A,13,16,4,10,1.843,2.5322,understat,,,,,,,,,,0.2487,0.2748,0.4765,0.2414,0.2771,0.4815,1,3.97,3.66,2.06,4.1,3.58,2.07,0.4641,0.4719,0.1175,-0.7193,-0.084,0,4,-2.25,-0.6043,-0.0018,0,0,,,-0.0196,0.0235,,,,,,,,,,,,,,,,,pinnacle
spelad,L1,2023/24,2023-11-25,,Strasbourg,Marseille,1,1,D,15,16,7,3,1.1821,1.3667,understat,,,,,,,,,,0.2451,0.2697,0.4852,0.2269,0.2646,0.5085,1,4.1,3.7,2.03,4.34,3.72,1.97,0.4653,0.491,0.6448,-0.9058,0.502,7,11,-1.6364,-0.4957,0.1947,0,0,,,-0.0596,0.0242,,,,,,,,,,,,,,,,,pinnacle
spelad,L1,2023/24,2023-11-26,,Lorient,Metz,2,3,A,11,14,5,5,1.3741,1.8537,understat,,,,,,,,,,0.4828,0.2799,0.2373,0.463,0.2902,0.2468,1,2.05,3.62,4.2,2.15,3.45,4,0.4464,0.4246,-0.3213,0.5069,-0.3344,0,4,0,-0.1188,-0.2707,0,0,,,-0.0492,0.0067,,,,,,,,,,,,,,,,,pinnacle
spelad,L1,2023/24,2023-11-26,,Lyon,Lille,0,2,A,11,15,5,8,1.7115,1.7068,understat,,,,,,,,,,0.3125,0.2953,0.3922,0.3224,0.272,0.4057,1,3.13,3.6,2.5,3.11,3.58,2.48,0.4961,0.5459,-0.5521,0.4857,-0.8029,0,12,-1,-0.8543,0.2425,0,0,,,0.0063,0.0148,,,,,,,,,,,,,,,,,pinnacle
spelad,L1,2023/24,2023-11-26,,Montpellier,Brest,1,3,A,17,17,5,5,2.199,2.3859,understat,,,,,,,,,,0.4188,0.2854,0.2958,0.4159,0.2829,0.3013,1,2.37,3.6,3.35,2.35,3.47,3.54,0.491,0.4885,-0.0055,-0.1468,-0.1675,-5,7,1.2857,0.5499,0.0131,0,0,,,-0.0113,0.0192,,,,,,,,,,,,,,,,,pinnacle
spelad,L1,2023/24,2023-11-26,,Nantes,Le Havre,0,0,D,19,6,3,0,1.7526,0.2257,understat,,,,,,,,,,0.467,0.2786,0.2544,0.4866,0.2897,0.2237,1,2.13,3.6,3.93,2.07,3.47,4.7,0.4602,0.3975,-0.0465,0.4135,0.0895,-1,,,,,0,0,,,0.0699,-0.0235,,,,,,,,,,,,,,,,,pinnacle
spelad,L1,2023/24,2023-11-26,,Nice,Toulouse,1,0,H,8,19,3,3,1.0013,1.2718,understat,,,,,,,,,,0.6328,0.2301,0.137,0.6342,0.2262,0.1396,1,1.56,4.33,7.53,1.58,4.4,7.53,0.468,0.491,0.8798,0.2015,1.1393,2,8,0.75,0.1349,0.2171,0,0,,,0.0001,-0.0097,,,,,,,,,,,,,,,,,pinnacle
spelad,L1,2023/24,2023-11-26,,Rennes,Reims,3,1,H,10,15,5,5,1.9351,2.2493,understat,,,,,,,,,,0.483,0.2661,0.2509,0.4566,0.2687,0.2747,1,2.03,3.78,3.99,2.18,3.7,3.6,0.4974,0.5359,-0.3542,-0.4466,-1.0692,-1,10,-1.2,-0.833,-0.0993,0,0,,,-0.0766,-0.0152,,,,,,,,,,,,,,,,,pinnacle
spelad,L1,2023/24,2023-11-29,,Montpellier,Clermont,1,1,D,32,5,10,1,2.5147,0.5487,understat,,,,,,,,,,0.495,0.2637,0.2413,0.5005,0.2705,0.229,1,2,3.73,4.17,1.96,3.8,4.58,0.491,0.4808,-0.2231,0.3684,-0.0556,-1,4,0.75,0.3397,-0.0141,0,0,,,0.0234,0.008,,,,,,,,,,,,,,,,,pinnacle
spelad,L1,2023/24,2023-12-01,,Reims,Strasbourg,2,1,H,13,10,4,3,1.9321,1.83,understat,,,,,,,,,,0.5519,0.251,0.197,0.5581,0.2529,0.1889,1,1.79,4.05,5.1,1.78,3.93,5.2,0.5192,0.509,0.265,0.4531,0.5006,-1,10,0,0.051,0.0969,0,0,,,0.0205,-0.0122,,,,,,,,,,,,,,,,,pinnacle
spelad,L1,2023/24,2023-12-02,,Lens,Lyon,3,2,H,10,12,7,7,2.6602,3.0278,understat,,,,,,,,,,0.5669,0.2328,0.2004,0.557,0.2501,0.193,1,1.77,4.3,5.1,1.8,4.1,5.4,0.541,0.5243,0.9046,-0.6898,1.216,1,6,-1,-0.2041,0.0859,0,0,,,-0.0124,-0.0078,,,,,,,,,,,,,,,,,pinnacle
spelad,L1,2023/24,2023-12-02,,Nantes,Nice,1,0,H,13,13,4,6,1.1822,1.2317,understat,,,,,,,,,,0.2399,0.2861,0.474,0.2551,0.2991,0.4458,1,4.1,3.52,2.08,4.08,3.37,2.24,0.434,0.4175,-1.0952,0.9356,-0.7822,0,11,-1.3636,-0.6746,0.0709,0,0,,,0.0585,-0.0019,,,,,,,,,,,,,,,,,pinnacle
spelad,L1,2023/24,2023-12-03,,Brest,Clermont,3,0,H,12,10,7,1,1.3023,0.6051,understat,,,,,,,,,,0.5363,0.2547,0.209,0.564,0.2533,0.1827,1,1.86,3.91,4.8,1.79,3.92,5.4,0.4795,0.4757,-0.1062,0.3721,0.1864,3,4,2.25,1.2474,-0.0318,0,0,,,0.0816,-0.0388,,,,,,,,,,,,,,,,,pinnacle
spelad,L1,2023/24,2023-12-03,,Le Havre,Paris SG,0,2,A,22,9,7,5,1.8554,1.7621,understat,,,,,,,,,,0.101,0.1638,0.7352,0.1104,0.1733,0.7163,1,11,6.2,1.34,10.29,6.07,1.4,0.6204,0.6298,-0.386,0.7906,-0.3374,-2,,,,,0,0,,,0.0378,0.012,,,,,,,,,,,,,,,,,pinnacle
spelad,L1,2023/24,2023-12-03,,Lille,Metz,2,0,H,16,7,6,4,3.0439,1.8584,understat,,,,,,,,,,0.6646,0.1999,0.1355,0.6729,0.2027,0.1244,1,1.49,5.07,8.56,1.48,5,9,0.5448,0.5269,0.2552,-0.1175,0.2447,0,7,1.7143,0.2214,0.1631,0,0,,,0.0278,0.0049,,,,,,,,,,,,,,,,,pinnacle
spelad,L1,2023/24,2023-12-03,,Marseille,Rennes,2,0,H,5,10,2,0,0.914,0.4838,understat,,,,,,,,,,0.5035,0.2518,0.2447,0.5028,0.2527,0.2444,1,2.03,3.93,4.1,2,3.84,4.3,0.5244,0.5077,-0.5662,0.9138,-0.1915,1,12,0.5,0.0353,0.058,0,0,,,-0.0011,-0.0115,,,,,,,,,,,,,,,,,pinnacle
spelad,L1,2023/24,2023-12-03,,Monaco,Montpellier,2,0,H,27,9,9,4,2.4601,1.1856,understat,,,,,,,,,,0.5809,0.2157,0.2034,0.6017,0.2148,0.1835,1,1.7,4.6,5,1.68,4.52,5.5,0.628,0.6256,0.6221,-0.5074,0.3224,5,12,0,-0.4002,0.0779,0,0,,,0.0617,-0.0171,,,,,,,,,,,,,,,,,pinnacle
spelad,L1,2023/24,2023-12-03,,Toulouse,Lorient,1,1,D,11,11,6,5,1.1035,0.6458,understat,,,,,,,,,,0.476,0.2737,0.2503,0.4836,0.2793,0.2371,1,2.08,3.62,4,2.08,3.57,4.44,0.491,0.491,-0.1313,-0.3541,0.1488,0,,,,,0,0,,,0.0285,-0.0094,,,,,,,,,,,,,,,,,pinnacle
spelad,L1,2023/24,2023-12-06,,Marseille,Lyon,3,0,H,12,6,5,1,1.8271,0.2357,understat,,,,,,,,,,0.5643,0.2449,0.1907,0.4908,0.2626,0.2466,1,1.74,4.17,5.2,2,3.97,4.61,0.5335,0.5635,0.3314,-0.2811,0.2675,-1,11,-0.8182,-0.2877,-0.0827,0,0,,,-0.2031,0.0341,,,,,,,,,,,,,,,,,pinnacle
spelad,L1,2023/24,2023-12-07,,Brest,Strasbourg,1,1,D,13,9,3,5,0.9934,1.2684,understat,,,,,,,,,,0.5279,0.2625,0.2096,0.5086,0.2817,0.2096,1,2.01,3.8,4.7,2.01,3.75,5.18,0.4627,0.4402,0.2188,-0.1793,0.4209,-2,7,-0.4286,0.0131,0.007,0,0,,,-0.0386,0.0254,,,,,,,,,,,,,,,,,pinnacle
spelad,L1,2023/24,2023-12-08,,Montpellier,Lens,0,0,D,18,13,4,5,1.3489,1.613,understat,,,,,,,,,,0.2787,0.2771,0.4442,0.2636,0.271,0.4654,1,3.62,3.68,2.22,3.75,3.83,2.22,0.4897,0.4961,-0.9391,1.1648,-0.7986,-1,6,-0.5,0.1846,-0.0936,0,0,,,-0.0515,0.0113,,,,,,,,,,,,,,,,,pinnacle
spelad,L1,2023/24,2023-12-09,,Paris SG,Nantes,2,1,H,16,10,6,4,2.1563,0.4838,understat,,,,,,,,,,0.7832,0.1327,0.084,0.7531,0.1525,0.0944,1,1.26,7.6,13,1.32,7.07,12,0.6818,0.6765,0.9962,-1.631,0.4987,-1,12,1.5,-0.1637,-0.1535,0,0,,,-0.0707,-0.0087,,,,,,,,,,,,,,,,,pinnacle
spelad,L1,2023/24,2023-12-09,,Rennes,Monaco,1,2,A,15,12,5,5,2.1462,1.0973,understat,,,,,,,,,,0.374,0.2604,0.3656,0.3403,0.2704,0.3893,1,2.66,3.8,2.75,2.89,3.71,2.63,0.5696,0.5718,-0.6542,0.1087,-1.0478,0,11,-0.5455,-0.0661,0.0119,0,0,,,-0.0912,0.0314,,,,,,,,,,,,,,,,,pinnacle
spelad,L1,2023/24,2023-12-10,,Clermont,Lille,0,0,D,16,12,5,3,1.1121,0.6354,understat,,,,,,,,,,0.1901,0.2582,0.5518,0.2196,0.271,0.5094,1,5.25,3.91,1.8,4.9,3.72,2.03,0.4679,0.5,-0.4074,0.4219,-0.4877,0,4,-0.75,0.1244,-0.0196,0,0,,,0.1015,0.0063,,,,,,,,,,,,,,,,,pinnacle
spelad,L1,2023/24,2023-12-10,,Lorient,Marseille,2,4,A,15,18,9,8,2.0181,2.8872,understat,,,,,,,,,,0.2109,0.2555,0.5336,0.1913,0.2545,0.5542,1,4.75,3.91,1.87,5.5,3.99,1.77,0.4974,0.4808,0.1696,0.0365,-0.0844,3,6,-2.5,-0.7325,-0.0837,0,0,,,-0.0598,0.0106,,,,,,,,,,,,,,,,,pinnacle
spelad,L1,2023/24,2023-12-10,,Lyon,Toulouse,3,0,H,15,16,7,6,3.1385,1.6021,understat,,,,,,,,,,0.4842,0.2617,0.2541,0.5504,0.2363,0.2134,1,2.05,3.85,3.9,1.92,4.1,4.75,0.5373,0.5682,-0.3343,1.0052,-0.3642,-3,8,2.25,0.4122,0.0415,0,0,,,0.1732,-0.0182,,,,,,,,,,,,,,,,,pinnacle
spelad,L1,2023/24,2023-12-10,,Metz,Brest,0,1,A,6,4,3,3,0.6321,0.2198,understat,,,,,,,,,,0.2721,0.2935,0.4344,0.2638,0.2996,0.4366,1,3.59,3.52,2.28,3.85,3.4,2.27,0.4326,0.4154,0.258,-0.0133,0.3017,4,5,-0.6,-0.0392,-0.2911,0,0,,,-0.0187,0.0016,,,,,,,,,,,,,,,,,pinnacle
spelad,L1,2023/24,2023-12-10,,Nice,Reims,2,1,H,15,9,5,2,1.2751,1.1331,understat,,,,,,,,,,0.5104,0.2733,0.2163,0.4886,0.2868,0.2246,1,1.95,3.7,4.6,2,3.56,4.5,0.4552,0.4307,0.2513,-0.455,0.1848,-1,10,0.3,-0.1483,0.4061,0,0,,,-0.0519,0.0009,,,,,,,,,,,,,,,,,pinnacle
spelad,L1,2023/24,2023-12-10,,Strasbourg,Le Havre,2,1,H,12,15,3,3,1.5088,1.6221,understat,,,,,,,,,,0.4476,0.2912,0.2613,0.4058,0.3102,0.284,1,2.2,3.44,3.75,2.45,3.3,3.64,0.4065,0.3902,-0.3955,0.1103,-0.4621,-4,,,,,0,0,,,-0.1061,0.0023,,,,,,,,,,,,,,,,,pinnacle
spelad,L1,2023/24,2023-12-15,,Monaco,Lyon,0,1,A,19,5,4,2,1.4027,0.7393,understat,,,,,,,,,,0.5522,0.2303,0.2174,0.5452,0.2367,0.2181,1,1.79,4.4,4.9,1.82,4.33,4.75,0.6059,0.598,1.2067,-1.1316,0.8214,1,11,-0.8182,-0.0934,-0.2537,0,0,,,-0.0147,-0.0046,,,,,,,,,,,,,,,,,pinnacle
spelad,L1,2023/24,2023-12-16,,Le Havre,Nice,3,1,H,9,13,5,6,1.9256,1.6414,understat,,,,,,,,,,0.2168,0.2948,0.4884,0.2337,0.3183,0.448,1,4.6,3.45,2.05,4.37,3.3,2.19,0.3805,0.3434,-0.8318,0.1911,-0.6669,0,,,,,0,0,,,0.0742,-0.0039,,,,,,,,,,,,,,,,,pinnacle
spelad,L1,2023/24,2023-12-16,,Lens,Reims,2,0,H,7,14,2,3,1.2677,0.8761,understat,,,,,,,,,,0.5131,0.2572,0.2297,0.4035,0.2877,0.3087,1,1.91,3.93,4.33,2.42,3.7,4,0.5256,0.4885,0.4183,-1.0651,0.3485,2,6,1.5,0.344,0.2206,0,0,,,-0.2982,0.0191,,,,,,,,,,,,,,,,,pinnacle
spelad,L1,2023/24,2023-12-17,,Lille,Paris SG,1,1,D,15,10,3,2,1.9078,1.3932,understat,,,,,,,,,,0.2347,0.2382,0.5271,0.2464,0.2452,0.5084,1,4.25,4.1,1.92,4.51,4.1,1.96,0.5758,0.6044,-0.4676,0.5911,-0.4206,-1,12,-1.75,-0.0209,-0.1061,0,0,,,0.0422,0.0063,,,,,,,,,,,,,,,,,pinnacle
spelad,L1,2023/24,2023-12-17,,Lorient,Strasbourg,1,2,A,7,12,1,9,1.1712,1.7612,understat,,,,,,,,,,0.3725,0.298,0.3294,0.399,0.3042,0.2968,1,2.65,3.42,3.05,2.56,3.3,3.28,0.4439,0.4343,0.048,-0.0914,-0.1176,0,6,0.5,0.3312,0.1902,0,0,,,0.0855,-0.0347,,,,,,,,,,,,,,,,,pinnacle
spelad,L1,2023/24,2023-12-17,,Marseille,Clermont,2,1,H,15,5,6,2,2.6265,0.1313,understat,,,,,,,,,,0.6752,0.2016,0.1232,0.6507,0.2204,0.1289,1,1.47,5,8.3,1.53,4.65,7.52,0.5387,0.4974,-0.1616,-0.2595,-0.0116,0,4,1.5,0.2084,-0.2275,0,0,,,-0.0548,-0.0097,,,,,,,,,,,,,,,,,pinnacle
spelad,L1,2023/24,2023-12-17,,Metz,Montpellier,0,1,A,19,6,4,3,0.8501,0.7662,understat,,,,,,,,,,0.2944,0.2917,0.4139,0.2936,0.2963,0.4101,1,3.38,3.4,2.39,3.38,3.33,2.38,0.4602,0.4442,0.6779,-1.2483,0.6117,-2,8,0,0.2477,0.2198,0,0,,,0.0023,0.0002,,,,,,,,,,,,,,,,,pinnacle
spelad,L1,2023/24,2023-12-17,,Nantes,Brest,0,2,A,12,14,4,8,1.3896,1.8065,understat,,,,,,,,,,0.3621,0.2939,0.3441,0.3425,0.3088,0.3487,1,2.71,3.43,2.9,2.84,3.32,2.98,0.4464,0.4318,-0.4257,0.9566,0.1048,1,7,1.2857,0.5761,-0.0062,0,0,,,-0.0437,0.0179,,,,,,,,,,,,,,,,,pinnacle
spelad,L1,2023/24,2023-12-17,,Toulouse,Rennes,0,0,D,15,11,6,4,0.686,1.0817,understat,,,,,,,,,,0.2969,0.2711,0.432,0.2834,0.2902,0.4264,1,3.31,3.68,2.3,3.47,3.5,2.39,0.5193,0.4668,-0.0356,0.0537,0.362,-1,8,-0.75,-0.129,-0.0227,0,0,,,-0.0212,0.0169,,,,,,,,,,,,,,,,,pinnacle
spelad,L1,2023/24,2023-12-20,,Brest,Lorient,4,0,H,12,7,7,3,1.5914,0.4567,understat,,,,,,,,,,0.5992,0.2376,0.1632,0.5577,0.2666,0.1758,1,1.66,4.2,6,1.75,3.9,5.6,0.4936,0.4757,0.7541,-0.8038,0.8012,0,6,-1,-0.3963,-0.2926,0,0,,,-0.0956,0.0017,,,,,,,,,,,,,,,,,pinnacle
spelad,L1,2023/24,2023-12-20,,Clermont,Rennes,1,3,A,14,25,6,11,0.7562,2.3174,understat,,,,,,,,,,0.2813,0.2847,0.434,0.2988,0.3053,0.3959,1,3.51,3.54,2.29,3.31,3.4,2.6,0.468,0.408,0.4344,-0.3566,0.6551,0,4,0,0.6177,-0.2651,0,0,,,0.0729,0.0105,,,,,,,,,,,,,,,,,pinnacle
spelad,L1,2023/24,2023-12-20,,Lyon,Nantes,1,0,H,8,7,7,0,2.1113,0.3516,understat,,,,,,,,,,0.5663,0.2292,0.2044,0.5005,0.2705,0.229,1,1.85,4.33,5,1.94,3.83,4.75,0.5436,0.4821,0.1853,-0.0585,0.2267,2,11,0.8182,-0.3355,0.1489,0,0,,,-0.1563,0.0423,,,,,,,,,,,,,,,,,pinnacle
spelad,L1,2023/24,2023-12-20,,Montpellier,Marseille,1,1,D,12,17,6,4,1.5109,1.2026,understat,,,,,,,,,,0.2674,0.2696,0.4631,0.2402,0.2658,0.4939,1,3.7,3.81,2.14,4.1,3.72,2.1,0.5244,0.5077,-0.2804,0.6587,-0.1823,0,11,-1.0909,-0.2534,0.191,0,0,,,-0.085,0.0159,,,,,,,,,,,,,,,,,pinnacle
spelad,L1,2023/24,2023-12-20,,Nice,Lens,2,0,H,14,10,5,3,2.9579,0.5394,understat,,,,,,,,,,0.4133,0.3031,0.2836,0.4144,0.3025,0.2831,1,2.43,3.3,3.51,2.42,3.33,3.59,0.4181,0.4354,-0.1514,0.7756,-0.1981,0,6,1.5,0.8655,-0.123,0,0,,,0.0028,0.0058,,,,,,,,,,,,,,,,,pinnacle
spelad,L1,2023/24,2023-12-20,,Paris SG,Metz,3,1,H,13,3,5,1,2.182,0.1491,understat,,,,,,,,,,0.8371,0.1062,0.0567,0.8622,0.0942,0.0436,1,1.17,10,21,1.17,10.25,23,0.6982,0.6904,0.9296,-0.9389,0.494,0,7,3,0.4692,-0.1267,0,0,,,0.0634,-0.0382,,,,,,,,,,,,,,,,,pinnacle
spelad,L1,2023/24,2023-12-20,,Reims,Le Havre,1,0,H,22,4,7,1,1.4252,0.4596,understat,,,,,,,,,,0.571,0.2462,0.1828,0.5485,0.2542,0.1973,1,1.75,4.1,5.4,1.78,4,5.08,0.4923,0.4936,-0.1069,0.7874,-0.3625,0,,,,,0,0,,,-0.0596,0.0014,,,,,,,,,,,,,,,,,pinnacle
spelad,L1,2023/24,2023-12-20,,Strasbourg,Lille,2,1,H,9,9,2,2,0.8053,0.8824,understat,,,,,,,,,,0.2411,0.2708,0.4882,0.2494,0.2763,0.4744,1,4.1,3.69,2.04,3.9,3.6,2.13,0.4667,0.4757,-0.4119,0.3989,-0.1456,0,12,-1.75,-0.5483,-0.035,0,0,,,0.0304,0.0311,,,,,,,,,,,,,,,,,pinnacle
spelad,L1,2023/24,2023-12-20,,Toulouse,Monaco,1,2,A,20,12,5,4,1.5893,2.2663,understat,,,,,,,,,,0.2241,0.2452,0.5307,0.2478,0.2435,0.5087,1,4.4,4.22,1.85,4.2,4.12,1.94,0.5747,0.6069,-0.7036,0.207,-0.5824,-2,7,-1.2857,-0.1818,0.0486,0,0,,,0.0695,-0.0132,,,,,,,,,,,,,,,,,pinnacle
spelad,L1,2023/24,2024-01-12,,Marseille,Strasbourg,1,1,D,8,18,2,4,1.5694,1.1498,understat,,,,,,,,,,0.5986,0.2418,0.1595,0.5808,0.25,0.1693,1,1.64,4.2,6.5,1.67,4.1,6,0.4604,0.459,-0.0862,-0.0769,-0.4341,0,12,1.5,0.21,0.2398,0,0,,,-0.0455,0.0082,,,,,,,,,,,,,,,,,pinnacle
spelad,L1,2023/24,2024-01-13,,Monaco,Reims,1,3,A,9,12,5,5,1.0259,1.9159,understat,,,,,,,,,,0.5476,0.2362,0.2161,0.5681,0.2324,0.1995,1,1.81,4.22,4.6,1.72,4.31,5,0.5819,0.5865,0.1055,-0.4485,-0.0808,0,11,0,-0.4415,0.1893,0,0,,,0.0576,-0.003,,,,,,,,,,,,,,,,,pinnacle
spelad,L1,2023/24,2024-01-13,,Rennes,Nice,2,0,H,15,9,5,2,1.8251,0.8056,understat,,,,,,,,,,0.3985,0.2961,0.3054,0.3939,0.3031,0.3031,1,2.44,3.37,3.23,2.52,3.34,3.49,0.41,0.4185,-0.5277,-0.067,-0.7959,0,13,-1.1538,-0.7322,0.025,0,0,,,-0.0068,0.0028,,,,,,,,,,,,,,,,,pinnacle
spelad,L1,2023/24,2024-01-14,,Brest,Montpellier,2,0,H,26,9,9,4,4.3472,0.4626,understat,,,,,,,,,,0.5133,0.2644,0.2223,0.5331,0.2644,0.2026,1,1.92,3.8,4.42,1.84,3.8,5,0.4884,0.4719,1.037,-1.7369,0.8341,0,8,-0.75,-0.2659,-0.0239,0,0,,,0.0594,-0.0052,,,,,,,,,,,,,,,,,pinnacle
spelad,L1,2023/24,2024-01-14,,Le Havre,Lyon,3,1,H,14,9,7,2,1.4729,0.8734,understat,,,,,,,,,,0.2965,0.2938,0.4096,0.3049,0.3107,0.3844,1,3.3,3.4,2.41,3.43,3.26,2.55,0.4513,0.414,0.003,-0.6904,-0.1444,0,,,,,0,0,,,0.0419,-0.0117,,,,,,,,,,,,,,,,,pinnacle
spelad,L1,2023/24,2024-01-14,,Lens,Paris SG,0,2,A,17,15,5,7,2.6822,1.8038,understat,,,,,,,,,,0.2536,0.238,0.5085,0.2538,0.2578,0.4884,1,3.96,4.1,1.95,4.11,4.1,2.02,0.5945,0.5718,-0.2842,0.25,-0.0704,0,7,-0.4286,0.3861,0.0647,0,0,,,0.0205,0.0127,,,,,,,,,,,,,,,,,pinnacle
spelad,L1,2023/24,2024-01-14,,Lille,Lorient,3,0,H,24,1,10,0,3.0555,0.1227,understat,,,,,,,,,,0.6963,0.1907,0.113,0.7516,0.1672,0.0812,1,1.43,5.2,9,1.33,6.3,13,0.5524,0.5359,0.7647,-0.873,0.8823,0,7,0.4286,-0.1631,-0.251,0,0,,,0.1425,-0.0083,,,,,,,,,,,,,,,,,pinnacle
spelad,L1,2023/24,2024-01-14,,Metz,Toulouse,0,1,A,14,4,2,2,0.559,0.9522,understat,,,,,,,,,,0.3061,0.3203,0.3735,0.3246,0.3121,0.3633,1,3.2,3.25,2.62,3.14,3.29,2.7,0.4065,0.4025,0.6726,-0.6506,0.8039,0,4,-0.75,-0.4556,0.4667,0,0,,,0.0471,-0.0128,,,,,,,,,,,,,,,,,pinnacle
spelad,L1,2023/24,2024-01-14,,Nantes,Clermont,1,2,A,20,15,9,6,1.6389,1.2216,understat,,,,,,,,,,0.4836,0.2811,0.2353,0.5003,0.2681,0.2316,1,2.04,3.6,4.21,1.96,3.72,4.33,0.4326,0.4949,-0.4414,0.4693,-0.3684,0,5,1.8,0.8396,0.1145,0,0,,,0.0371,-0.0064,,,,,,,,,,,,,,,,,pinnacle
spelad,L1,2023/24,2024-01-26,,Lyon,Rennes,2,3,A,12,11,6,5,0.965,1.3747,understat,,,,,,,,,,0.3782,0.289,0.3327,0.3715,0.2846,0.3439,1,2.6,3.5,2.95,2.62,3.49,3.06,0.4737,0.4846,0.1284,0.5167,0.4095,-1,12,-0.25,-0.3539,-0.1673,0,0,,,-0.0247,0.0259,,,,,,,,,,,,,,,,,pinnacle
spelad,L1,2023/24,2024-01-27,,Marseille,Monaco,2,2,D,22,6,9,5,3.4623,0.3722,understat,,,,,,,,,,0.395,0.263,0.342,0.409,0.2697,0.3213,1,2.48,3.85,2.88,2.46,3.73,3.03,0.5587,0.5595,-0.1356,-0.2024,0.15,1,12,0.25,0.2146,-0.0095,0,0,,,0.0487,-0.0289,,,,,,,,,,,,,,,,,pinnacle
spelad,L1,2023/24,2024-01-27,,Nice,Metz,1,0,H,15,2,9,1,1.9747,0.1198,understat,,,,,,,,,,0.682,0.2104,0.1076,0.6683,0.228,0.1036,1,1.47,4.7,10,1.52,4.33,9.7,0.4538,0.4045,0.2259,0.3044,0.0097,1,8,0.375,-0.2262,-0.1351,0,0,,,-0.0234,-0.0276,,,,,,,,,,,,,,,,,pinnacle
spelad,L1,2023/24,2024-01-28,,Clermont,Strasbourg,1,1,D,14,6,6,2,1.5305,1.3165,understat,,,,,,,,,,0.3418,0.2958,0.3623,0.3089,0.2922,0.3988,1,2.88,3.37,2.71,3.28,3.4,2.45,0.4242,0.4604,-0.1614,0.2494,-0.5356,-2,5,-1.2,-0.3891,0.3216,0,0,,,-0.1023,-0.0056,,,,,,,,,,,,,,,,,pinnacle
spelad,L1,2023/24,2024-01-28,,Lorient,Le Havre,3,3,D,13,14,6,5,1.6338,1.3573,understat,,,,,,,,,,0.3223,0.31,0.3677,0.2996,0.3171,0.3833,1,3.07,3.29,2.65,3.34,3.14,2.61,0.3926,0.361,-0.7563,0.9851,-1.212,0,,,,,0,0,,,-0.0612,0.0111,,,,,,,,,,,,,,,,,pinnacle
spelad,L1,2023/24,2024-01-28,,Montpellier,Lille,0,0,D,12,12,7,0,1.3772,0.6227,understat,,,,,,,,,,0.2457,0.269,0.4853,0.254,0.2804,0.4655,1,3.99,3.73,2.04,4.15,3.68,2.09,0.4871,0.4731,-0.2638,0.1919,-0.2438,0,12,-1.75,-0.5794,-0.0219,0,0,,,0.0364,-0.0176,,,,,,,,,,,,,,,,,pinnacle
spelad,L1,2023/24,2024-01-28,,Paris SG,Brest,2,2,D,10,9,4,6,1.898,1.0735,understat,,,,,,,,,,0.6861,0.1763,0.1376,0.6691,0.1956,0.1353,1,1.44,5.6,7.75,1.46,5.32,8,0.6108,0.6059,0.2247,-0.5246,-0.235,0,8,3,0.5696,-0.1438,0,0,,,-0.0318,0.0065,,,,,,,,,,,,,,,,,pinnacle
spelad,L1,2023/24,2024-01-28,,Reims,Nantes,0,0,D,10,7,1,5,1.2138,1.4098,understat,,,,,,,,,,0.5282,0.2571,0.2148,0.4903,0.2774,0.2323,1,1.89,3.88,4.6,2.1,3.65,4.36,0.5141,0.4783,0.8396,-0.2281,1.0019,1,10,1.5,0.8439,-0.2036,0,0,,,-0.0931,-0.0429,,,,,,,,,,,,,,,,,pinnacle
spelad,L1,2023/24,2024-01-28,,Toulouse,Lens,0,2,A,13,13,4,5,2.4207,1.1707,understat,,,,,,,,,,0.2732,0.2664,0.4605,0.2622,0.2702,0.4676,1,3.67,3.7,2.14,3.72,3.7,2.22,0.4884,0.509,-0.7941,0.6533,-0.608,0,3,-3,-0.7259,-0.2201,0,0,,,-0.0291,0.0244,,,,,,,,,,,,,,,,,pinnacle
spelad,L1,2023/24,2024-02-02,,Strasbourg,Paris SG,1,2,A,20,9,8,5,2.5786,1.9065,understat,,,,,,,,,,0.1471,0.2077,0.6452,0.1607,0.2193,0.62,1,7,4.82,1.53,6.55,4.75,1.57,0.591,0.591,-0.4219,0.6902,0.195,0,12,-1.5,0.0858,0.1726,0,0,,,0.0524,-0.0068,,,,,,,,,,,,,,,,,pinnacle
spelad,L1,2023/24,2024-02-03,,Nantes,Lens,0,1,A,7,12,2,4,0.7119,1.6384,understat,,,,,,,,,,0.2786,0.2878,0.4336,0.2607,0.2827,0.4566,1,3.51,3.56,2.26,3.83,3.5,2.17,0.468,0.4719,-1.368,1.4214,-1.0815,0,7,-0.4286,0.0042,0.3081,0,0,,,-0.0588,0.0117,,,,,,,,,,,,,,,,,pinnacle
spelad,L1,2023/24,2024-02-03,,Rennes,Montpellier,2,1,H,9,17,3,9,2.211,0.7979,understat,,,,,,,,,,0.5911,0.2356,0.1733,0.6296,0.2276,0.1428,1,1.67,4.25,5.75,1.57,4.34,6.9,0.5183,0.4974,0.515,-0.3805,0.498,2,13,1.1538,0.2982,0.0334,0,0,,,0.1075,-0.0101,,,,,,,,,,,,,,,,,pinnacle
spelad,L1,2023/24,2024-02-04,,Brest,Nice,0,0,D,17,13,2,1,0.8758,0.6729,understat,,,,,,,,,,0.3856,0.3072,0.3072,0.3269,0.343,0.3302,1,2.57,3.26,3.2,2.98,3.05,3.05,0.3882,0.3126,0.8176,-1.5064,1.0615,-1,9,-0.6667,-0.1614,0.0636,0,0,,,-0.1404,0.0247,,,,,,,,,,,,,,,,,pinnacle
spelad,L1,2023/24,2024-02-04,,Lille,Clermont,4,0,H,23,4,13,3,2.4424,0.8113,understat,,,,,,,,,,0.6785,0.2003,0.1212,0.6735,0.2042,0.1223,1,1.45,5,9,1.46,5.1,8.5,0.5244,0.5179,0.0431,-0.1397,0.0401,0,5,0.6,-0.2437,0.1301,0,0,,,-0.0111,-0.0057,,,,,,,,,,,,,,,,,pinnacle
spelad,L1,2023/24,2024-02-04,,Lyon,Marseille,1,0,H,12,8,7,1,1.9216,0.5114,understat,,,,,,,,,,0.3326,0.2864,0.381,0.333,0.2902,0.3768,1,2.98,3.5,2.58,2.92,3.44,2.69,0.5026,0.4834,-0.2349,0.454,-0.359,1,12,0.5,0.256,-0.0977,0,0,,,0.0049,0.0141,,,,,,,,,,,,,,,,,pinnacle
spelad,L1,2023/24,2024-02-04,,Metz,Lorient,1,2,A,10,12,3,4,0.823,1.3724,understat,,,,,,,,,,0.4244,0.3112,0.2644,0.463,0.3077,0.2293,1,2.31,3.34,3.73,2.28,3.26,4.5,0.3839,0.3693,0.3916,-0.6619,0.6877,1,5,0.6,0.7055,-0.2746,0,0,,,0.1122,-0.0058,,,,,,,,,,,,,,,,,pinnacle
spelad,L1,2023/24,2024-02-04,,Monaco,Le Havre,1,1,D,17,3,5,0,1.4852,0.1492,understat,,,,,,,,,,0.6469,0.2114,0.1417,0.6094,0.2291,0.1615,1,1.53,4.7,7,1.62,4.4,6.13,0.5462,0.5485,0.2965,-0.018,-0.3518,1,,,,,0,0,,,-0.0947,-0.0148,,,,,,,,,,,,,,,,,pinnacle
spelad,L1,2023/24,2024-02-04,,Reims,Toulouse,2,3,A,17,9,5,4,2.0242,1.7417,understat,,,,,,,,,,0.5358,0.2586,0.2056,0.5261,0.2637,0.2102,1,1.83,3.95,4.8,1.9,3.8,4.76,0.4936,0.4949,0.3129,0.1196,0.2579,0,6,0,-0.167,0.0455,0,0,,,-0.024,-0.0088,,,,,,,,,,,,,,,,,pinnacle
spelad,L1,2023/24,2024-02-09,,Marseille,Metz,1,1,D,18,7,6,3,2.3945,0.9552,understat,,,,,,,,,,0.6769,0.2086,0.1145,0.6806,0.2058,0.1136,1,1.47,4.8,9.5,1.45,4.87,9,0.4757,0.5077,0.6186,-0.3478,0.6723,0,8,1.125,-0.2956,0.3966,0,0,,,0.0086,-0.0207,,,,,,,,,,,,,,,,,pinnacle
spelad,L1,2023/24,2024-02-10,,Lens,Strasbourg,3,1,H,10,19,6,5,1.9196,1.667,understat,,,,,,,,,,0.5776,0.2525,0.1698,0.5708,0.2475,0.1817,1,1.71,4.1,5.8,1.73,4.1,5.8,0.4781,0.5026,0.5343,-0.6871,0.015,-1,7,0,-0.1394,-0.1381,0,0,,,-0.0256,-0.0037,,,,,,,,,,,,,,,,,pinnacle
spelad,L1,2023/24,2024-02-10,,Paris SG,Lille,3,1,H,16,10,8,3,2.431,1.4827,understat,,,,,,,,,,0.5923,0.2256,0.1822,0.5307,0.2618,0.2075,1,1.66,4.4,5.5,1.91,4.14,5.05,0.5601,0.5026,0.6262,-0.3301,0.2721,2,13,1.6154,0.058,-0.0399,0,0,,,-0.1485,-0.0167,,,,,,,,,,,,,,,,,pinnacle
spelad,L1,2023/24,2024-02-11,,Clermont,Brest,1,1,D,7,15,2,9,1.1972,1.3569,understat,,,,,,,,,,0.2539,0.2854,0.4607,0.2567,0.2887,0.4546,1,3.93,3.56,2.11,4.15,3.52,2.2,0.4377,0.4365,-0.6982,1.0122,-0.8507,0,5,-2.4,-1.1328,-0.0761,0,0,,,0.0116,-0.0035,,,,,,,,,,,,,,,,,pinnacle
spelad,L1,2023/24,2024-02-11,,Le Havre,Rennes,0,1,A,13,11,5,2,1.374,1.1867,understat,,,,,,,,,,0.2642,0.2861,0.4497,0.2383,0.292,0.4697,1,3.75,3.5,2.22,4.1,3.46,2.15,0.4278,0.4175,-0.1943,-0.3898,-0.3754,-1,,,,,0,0,,,-0.0717,0.033,,,,,,,,,,,,,,,,,pinnacle
spelad,L1,2023/24,2024-02-11,,Lorient,Reims,2,0,H,17,23,5,6,2.2903,1.1701,understat,,,,,,,,,,0.2594,0.271,0.4696,0.2327,0.2608,0.5066,1,3.75,3.73,2.1,4.41,3.82,2,0.4936,0.5115,-0.0941,0.0671,-0.2375,0,7,-0.4286,-0.0462,0.0029,0,0,,,-0.0903,0.0053,,,,,,,,,,,,,,,,,pinnacle
spelad,L1,2023/24,2024-02-11,,Montpellier,Lyon,1,2,A,15,19,8,5,1.781,1.2978,understat,,,,,,,,,,0.3124,0.284,0.4036,0.3476,0.2905,0.3618,1,3.19,3.48,2.42,2.97,3.4,2.69,0.4795,0.4834,-0.3738,-0.3377,-0.3936,1,12,-0.25,0.3641,0.01,0,0,,,0.1121,-0.0167,,,,,,,,,,,,,,,,,pinnacle
spelad,L1,2023/24,2024-02-11,,Nice,Monaco,2,3,A,15,9,5,5,2.1646,2.0648,understat,,,,,,,,,,0.4065,0.2854,0.3081,0.4007,0.3052,0.2941,1,2.42,3.52,3.19,2.46,3.37,3.39,0.4756,0.415,0.0372,0.3573,0.1857,0,13,0,0.364,-0.0344,0,0,,,0.0023,0.0039,,,,,,,,,,,,,,,,,pinnacle
spelad,L1,2023/24,2024-02-11,,Toulouse,Nantes,1,2,A,16,5,3,2,0.8933,0.498,understat,,,,,,,,,,0.4398,0.2813,0.2789,0.4613,0.2805,0.2582,1,2.26,3.52,3.5,2.21,3.5,3.81,0.4602,0.4783,0.1907,0.2706,0.4524,-1,8,-0.75,-0.2299,-0.0399,0,0,,,0.0636,-0.018,,,,,,,,,,,,,,,,,pinnacle
spelad,L1,2023/24,2024-02-16,,Lyon,Nice,1,0,H,9,20,1,6,0.8015,0.6855,understat,,,,,,,,,,0.3594,0.3082,0.3324,0.3473,0.2965,0.3562,1,2.75,3.25,2.98,2.83,3.31,2.79,0.4175,0.4318,0.7991,-0.6374,0.8503,0,13,-0.2308,-0.5415,-0.0721,0,0,,,-0.048,0.0079,,,,,,,,,,,,,,,,,pinnacle
spelad,L1,2023/24,2024-02-17,,Lille,Le Havre,3,0,H,17,6,8,2,4.2331,0.2967,understat,,,,,,,,,,0.6327,0.2301,0.1372,0.6423,0.2271,0.1305,1,1.57,4.33,7.01,1.51,4.5,8,0.4576,0.4527,0.1236,-0.1922,-0.2459,1,,,,,0,0,,,0.0258,0.0024,,,,,,,,,,,,,,,,,pinnacle
spelad,L1,2023/24,2024-02-17,,Nantes,Paris SG,0,2,A,12,12,7,2,2.1363,1.719,understat,,,,,,,,,,0.1507,0.2022,0.6472,0.1229,0.2131,0.664,1,6.6,4.82,1.53,7.89,5.18,1.51,0.6074,0.5243,-0.9494,0.7591,-0.5766,-1,13,-1.6154,0.2593,-0.1534,0,0,,,-0.0725,0.0443,,,,,,,,,,,,,,,,,pinnacle
spelad,L1,2023/24,2024-02-18,,Brest,Marseille,1,0,H,15,9,5,2,1.799,0.4962,understat,,,,,,,,,,0.3749,0.2994,0.3257,0.3907,0.2966,0.3128,1,2.63,3.29,3.1,2.61,3.33,3.17,0.4476,0.4757,0.7459,-0.9874,0.6971,-2,8,-1.125,0.0568,-0.1152,0,0,,,0.0444,-0.0088,,,,,,,,,,,,,,,,,pinnacle
spelad,L1,2023/24,2024-02-18,,Monaco,Toulouse,1,2,A,22,14,5,7,1.6953,1.5778,understat,,,,,,,,,,0.6336,0.2062,0.1602,0.603,0.2279,0.1691,1,1.57,4.8,6.5,1.65,4.53,6.1,0.596,0.5359,0.7312,-0.9728,0.2795,0,8,1.5,0.2704,0.0121,0,0,,,-0.07,0.0037,,,,,,,,,,,,,,,,,pinnacle
spelad,L1,2023/24,2024-02-18,,Montpellier,Metz,3,0,H,21,14,7,4,3.0469,0.9294,understat,,,,,,,,,,0.5428,0.2632,0.194,0.581,0.2494,0.1696,1,1.84,3.76,5,1.72,4.06,5.95,0.4377,0.4566,0.3539,-0.3019,0.4866,-2,9,0.3333,-0.2518,0.1624,0,0,,,0.1008,-0.0118,,,,,,,,,,,,,,,,,pinnacle
spelad,L1,2023/24,2024-02-18,,Reims,Lens,1,1,D,11,9,2,1,1.0409,1.4598,understat,,,,,,,,,,0.352,0.2934,0.3546,0.4365,0.2923,0.2712,1,2.84,3.46,2.76,2.48,3.46,3.61,0.4807,0.4694,-0.8205,0.9642,-0.7075,-1,7,-1.7143,-0.6574,0.148,0,0,,,0.2524,-0.0196,,,,,,,,,,,,,,,,,pinnacle
spelad,L1,2023/24,2024-02-18,,Rennes,Clermont,3,1,H,16,14,8,5,4.2718,0.7554,understat,,,,,,,,,,0.6326,0.2181,0.1493,0.6142,0.2305,0.1553,1,1.54,4.61,6.75,1.64,4.21,6.25,0.5335,0.5051,0.4096,-0.1873,0.6742,0,5,0.6,0.0193,-0.2731,0,0,,,-0.0428,-0.0325,,,,,,,,,,,,,,,,,pinnacle
spelad,L1,2023/24,2024-02-18,,Strasbourg,Lorient,1,3,A,18,13,4,6,1.7191,2.1373,understat,,,,,,,,,,0.5612,0.2507,0.1881,0.5594,0.2581,0.1826,1,1.76,3.97,5.2,1.75,3.95,5.5,0.4884,0.4615,0.2148,-0.3127,0.4122,1,7,0,-0.189,0.1196,0,0,,,0.002,-0.0041,,,,,,,,,,,,,,,,,pinnacle
spelad,L1,2023/24,2024-02-23,,Metz,Lyon,1,2,A,15,11,4,5,1.7699,1.2567,understat,,,,,,,,,,0.2258,0.2828,0.4914,0.226,0.2808,0.4932,1,4.33,3.56,2.03,4.41,3.64,2.04,0.4282,0.4629,-1.3678,0.5553,-1.6128,-2,9,-1,0.2984,0.0258,0,0,,,-0.0014,0.0197,,,,,,,,,,,,,,,,,pinnacle
spelad,L1,2023/24,2024-02-24,,Lorient,Nantes,0,1,A,6,7,1,6,0.6209,0.3318,understat,,,,,,,,,,0.3708,0.3034,0.3258,0.3141,0.3171,0.3688,1,2.65,3.42,3,3.1,3.25,2.88,0.4351,0.3912,0.5833,-0.1278,0.833,-1,7,-1.7143,-0.656,-0.1607,0,0,,,-0.1564,0.0438,,,,,,,,,,,,,,,,,pinnacle
spelad,L1,2023/24,2024-02-24,,Strasbourg,Brest,0,3,A,6,15,2,8,0.1472,1.7563,understat,,,,,,,,,,0.3217,0.3016,0.3767,0.3576,0.3011,0.3413,1,3.1,3.4,2.58,2.85,3.29,2.9,0.4278,0.4354,-0.5167,0.7378,-0.5762,0,8,0.375,-0.0064,0.0959,0,0,,,0.1073,-0.0066,,,,,,,,,,,,,,,,,pinnacle
spelad,L1,2023/24,2024-02-25,,Le Havre,Reims,1,2,A,18,16,4,5,1.7185,3.1699,understat,,,,,,,,,,0.3207,0.2935,0.3858,0.2863,0.2905,0.4232,1,3.1,3.45,2.51,3.58,3.47,2.38,0.4351,0.4719,0.3077,-0.7749,0.4773,1,,,,,0,0,,,-0.1062,-0.0091,,,,,,,,,,,,,,,,,pinnacle
spelad,L1,2023/24,2024-02-25,,Lens,Monaco,2,3,A,20,15,10,9,2.863,2.3304,understat,,,,,,,,,,0.3902,0.2726,0.3372,0.4262,0.273,0.3008,1,2.49,3.75,2.98,2.4,3.6,3.23,0.5347,0.5434,0.2882,-0.2752,0.6006,0,7,1.2857,0.9851,0.0431,0,0,,,0.1083,-0.041,,,,,,,,,,,,,,,,,pinnacle
spelad,L1,2023/24,2024-02-25,,Marseille,Montpellier,4,1,H,16,9,6,4,2.9118,1.0955,understat,,,,,,,,,,0.5575,0.2436,0.1989,0.5706,0.2407,0.1887,1,1.75,4.1,5.02,1.74,4.12,5.14,0.5297,0.5536,-0.2157,0.7843,-0.4698,0,12,1,-0.0051,0.2362,0,0,,,0.0362,-0.0148,,,,,,,,,,,,,,,,,pinnacle
spelad,L1,2023/24,2024-02-25,,Nice,Clermont,0,0,D,23,13,4,5,1.9703,2.4629,understat,,,,,,,,,,0.6546,0.2233,0.1221,0.6604,0.2138,0.1258,1,1.52,4.4,8,1.48,4.87,9,0.4613,0.509,-0.2128,0.7479,-0.1706,2,5,-0.6,-0.5655,-0.2742,0,0,,,0.008,0.019,,,,,,,,,,,,,,,,,pinnacle
spelad,L1,2023/24,2024-02-25,,Paris SG,Rennes,1,1,D,15,3,3,1,1.887,0.9824,understat,,,,,,,,,,0.6545,0.2069,0.1386,0.724,0.1699,0.106,1,1.5,4.92,7.1,1.37,5.9,9.15,0.5915,0.6757,0.4863,-1.0227,-0.3602,1,12,0.25,-0.6232,-0.1065,0,0,,,0.1717,-0.0178,,,,,,,,,,,,,,,,,pinnacle
spelad,L1,2023/24,2024-02-25,,Toulouse,Lille,3,1,H,14,12,4,2,1.9582,0.5994,understat,,,,,,,,,,0.2374,0.267,0.4956,0.2533,0.2836,0.4632,1,4.21,3.77,1.97,4.2,3.55,2.13,0.4859,0.4757,0.145,0.3896,0.3861,-1,9,-1,-0.067,-0.0342,0,0,,,0.0641,-0.02,,,,,,,,,,,,,,,,,pinnacle
spelad,L1,2023/24,2024-03-01,,Monaco,Paris SG,0,0,D,14,14,6,7,2.442,1.8472,understat,,,,,,,,,,0.2774,0.2477,0.4749,0.2784,0.2358,0.4858,1,3.6,4,2.1,3.49,4.2,2.16,0.6265,0.6808,-0.6512,0.7442,-0.4265,0,13,-0.6923,0.4203,-0.0268,0,0,,,-0.0088,0.03,,,,,,,,,,,,,,,,,pinnacle
spelad,L1,2023/24,2024-03-02,,Clermont,Marseille,1,5,A,7,17,2,11,0.7372,3.0686,understat,,,,,,,,,,0.2299,0.2645,0.5055,0.1759,0.233,0.5911,1,4.3,3.86,1.95,5.51,4.3,1.67,0.5116,0.5768,0.41,-0.6642,0.4196,0,5,-1.8,-0.1062,-0.2261,0,0,,,-0.1935,0.0233,,,,,,,,,,,,,,,,,pinnacle
spelad,L1,2023/24,2024-03-02,,Reims,Lille,0,1,A,8,8,3,3,0.5337,1.0826,understat,,,,,,,,,,0.3486,0.2911,0.3603,0.3322,0.2846,0.3832,1,2.86,3.45,2.72,3.06,3.5,2.66,0.4961,0.5154,0.1896,0.1791,0.1552,0,10,0.3,0.4517,0.0109,0,0,,,-0.0558,0.0056,,,,,,,,,,,,,,,,,pinnacle
spelad,L1,2023/24,2024-03-03,,Brest,Le Havre,1,0,H,8,11,4,2,1.2486,0.4273,understat,,,,,,,,,,0.5995,0.2468,0.1537,0.5984,0.2565,0.1451,1,1.66,4.06,6.5,1.66,3.95,6.91,0.4613,0.416,0.2972,0.0976,0.8147,1,,,,,0,0,,,0.0064,-0.0125,,,,,,,,,,,,,,,,,pinnacle
spelad,L1,2023/24,2024-03-03,,Lyon,Lens,0,3,A,13,18,4,8,2.1323,3.3527,understat,,,,,,,,,,0.3687,0.2912,0.3402,0.3657,0.293,0.3413,1,2.67,3.45,2.89,2.7,3.4,2.94,0.4961,0.4936,0.6383,-0.0144,0.6652,2,7,0.4286,-0.0171,0.0379,0,0,,,-0.007,0.008,,,,,,,,,,,,,,,,,pinnacle
spelad,L1,2023/24,2024-03-03,,Montpellier,Strasbourg,2,2,D,21,12,7,4,1.554,1.6159,understat,,,,,,,,,,0.4735,0.2736,0.2529,0.4769,0.2651,0.258,1,2.09,3.62,4,2.08,3.75,3.87,0.4897,0.5396,-0.036,-0.6007,0.0067,-1,13,0.4615,0.1695,0.0915,0,0,,,0.0016,-0.0092,,,,,,,,,,,,,,,,,pinnacle
spelad,L1,2023/24,2024-03-03,,Nantes,Metz,0,2,A,9,13,2,4,0.9627,2.3645,understat,,,,,,,,,,0.5426,0.2698,0.1876,0.5148,0.2872,0.1979,1,1.84,3.64,5.2,1.93,3.45,5.1,0.4075,0.3777,0.4367,0.0041,0.5031,-1,9,-0.3333,-0.4804,0.1475,0,0,,,-0.066,-0.0079,,,,,,,,,,,,,,,,,pinnacle
spelad,L1,2023/24,2024-03-03,,Rennes,Lorient,1,2,A,22,12,6,6,1.4879,1.9457,understat,,,,,,,,,,0.6657,0.2103,0.1241,0.6474,0.2158,0.1368,1,1.49,4.76,8,1.52,4.7,8,0.5284,0.5281,0.6714,-0.4716,0.7124,-1,7,0,-0.5188,-0.1013,0,0,,,-0.0492,-0.0117,,,,,,,,,,,,,,,,,pinnacle
spelad,L1,2023/24,2024-03-03,,Toulouse,Nice,2,1,H,17,9,6,6,1.5007,1.9118,understat,,,,,,,,,,0.2836,0.3031,0.4133,0.2743,0.303,0.4227,1,3.5,3.33,2.37,3.59,3.26,2.35,0.409,0.4185,0.609,-0.5416,1.1413,0,9,-1,-0.3845,0.1678,0,0,,,-0.0279,0.026,,,,,,,,,,,,,,,,,pinnacle
spelad,L1,2023/24,2024-03-08,,Nice,Montpellier,1,2,A,19,7,5,2,1.5102,1.6699,understat,,,,,,,,,,0.5396,0.2478,0.2126,0.5367,0.2478,0.2154,1,1.83,3.98,4.84,1.81,3.98,4.8,0.509,0.5179,-0.0558,0.5582,-0.1972,0,12,0,-0.0226,-0.116,0,0,,,-0.0087,0.0073,,,,,,,,,,,,,,,,,pinnacle
spelad,L1,2023/24,2024-03-09,,Lens,Brest,1,0,H,6,9,2,3,0.7515,0.5225,understat,,,,,,,,,,0.471,0.284,0.2451,0.4354,0.3038,0.2608,1,2.13,3.5,3.95,2.25,3.3,3.92,0.4351,0.414,-0.1198,0.0338,-0.5256,0,7,-0.4286,-0.6191,0.0246,0,0,,,-0.0869,0.0056,,,,,,,,,,,,,,,,,pinnacle
spelad,L1,2023/24,2024-03-09,,Lorient,Lyon,0,2,A,9,13,0,6,0.2792,2.3792,understat,,,,,,,,,,0.2906,0.2813,0.4281,0.2745,0.2817,0.4438,1,3.4,3.59,2.29,3.66,3.5,2.21,0.4936,0.4936,-0.2079,-0.002,0.3404,0,7,-0.4286,0.2659,0.3544,0,0,,,-0.0477,-0.0003,,,,,,,,,,,,,,,,,pinnacle
spelad,L1,2023/24,2024-03-10,,Le Havre,Toulouse,1,0,H,12,5,4,0,1.2502,0.2123,understat,,,,,,,,,,0.3455,0.3014,0.3531,0.3267,0.3141,0.3592,1,2.86,3.4,2.76,3.15,3.25,2.71,0.4278,0.4,-0.5585,-0.3637,-1.1012,0,,,,,0,0,,,-0.0438,0.0011,,,,,,,,,,,,,,,,,pinnacle
spelad,L1,2023/24,2024-03-10,,Lille,Rennes,2,2,D,15,11,8,3,2.4764,1.2112,understat,,,,,,,,,,0.4718,0.2763,0.2519,0.5062,0.2753,0.2184,1,2.09,3.67,3.88,1.98,3.59,4.45,0.4821,0.4504,-0.6482,0.2118,-0.9173,1,13,0.4615,0.1899,0.0974,0,0,,,0.1023,-0.0294,,,,,,,,,,,,,,,,,pinnacle
spelad,L1,2023/24,2024-03-10,,Marseille,Nantes,2,0,H,12,10,4,3,2.0366,0.6512,understat,,,,,,,,,,0.6469,0.2156,0.1375,0.6437,0.226,0.1303,1,1.53,4.6,7.3,1.53,4.4,8,0.5244,0.4745,-0.3109,-0.0229,-0.1801,1,13,0.6923,-0.062,0.042,0,0,,,0.0008,-0.0059,,,,,,,,,,,,,,,,,pinnacle
spelad,L1,2023/24,2024-03-10,,Metz,Clermont,1,0,H,11,13,2,6,1.828,0.6248,understat,,,,,,,,,,0.4242,0.2913,0.2845,0.4373,0.296,0.2667,1,2.34,3.47,3.41,2.23,3.4,3.69,0.4476,0.4282,-0.2874,-0.1952,-0.2287,-1,3,1,0.6479,0.3922,0,0,,,0.044,0.0008,,,,,,,,,,,,,,,,,pinnacle
spelad,L1,2023/24,2024-03-10,,Paris SG,Reims,2,2,D,19,8,6,3,1.5352,1.5189,understat,,,,,,,,,,0.6892,0.177,0.1338,0.6512,0.1988,0.15,1,1.43,5.6,7.75,1.52,5,6.81,0.6485,0.6059,0.7452,-1.0197,0.3455,1,10,1.2,-0.4403,0.0527,0,0,,,-0.0921,-0.0171,,,,,,,,,,,,,,,,,pinnacle
spelad,L1,2023/24,2024-03-10,,Strasbourg,Monaco,0,1,A,8,17,1,6,0.2681,1.3284,understat,,,,,,,,,,0.2763,0.2519,0.4718,0.2797,0.2502,0.4702,1,3.63,3.96,2.06,3.59,3.9,2.12,0.5685,0.6054,-0.5782,0.8288,-0.3307,-2,13,-0.2308,0.3296,-0.1009,0,0,,,0.0083,0.0058,,,,,,,,,,,,,,,,,pinnacle
spelad,L1,2023/24,2024-03-15,,Toulouse,Lyon,2,3,A,13,18,5,6,2.0594,1.4978,understat,,,,,,,,,,0.335,0.2969,0.3681,0.3414,0.3022,0.3564,1,2.97,3.35,2.69,2.88,3.35,2.77,0.4718,0.4821,-0.0674,-0.1064,0.2895,-1,9,-2.3333,-0.5007,0.0106,0,0,,,0.0245,-0.0014,,,,,,,,,,,,,,,,,pinnacle
spelad,L1,2023/24,2024-03-16,,Lens,Nice,1,3,A,20,7,4,3,1.3631,1.8069,understat,,,,,,,,,,0.4804,0.2823,0.2373,0.4881,0.2807,0.2312,1,2.06,3.6,4.1,2.08,3.56,4.44,0.4439,0.4641,1.1505,-1.0208,1.5483,-1,7,-1.7143,-0.801,-0.1486,0,0,,,0.0213,-0.0258,,,,,,,,,,,,,,,,,pinnacle
spelad,L1,2023/24,2024-03-16,,Nantes,Strasbourg,1,3,A,11,11,2,6,0.7092,1.8875,understat,,,,,,,,,,0.4267,0.2892,0.2841,0.4546,0.2939,0.2514,1,2.33,3.47,3.45,2.22,3.4,4.21,0.4476,0.4246,0.5137,-0.391,0.4827,0,12,0,0.1183,-0.1234,0,0,,,0.0885,0.0057,,,,,,,,,,,,,,,,,pinnacle
spelad,L1,2023/24,2024-03-17,,Brest,Lille,1,1,D,16,13,4,8,1.4278,0.8459,understat,,,,,,,,,,0.3726,0.3066,0.3208,0.3759,0.3245,0.2996,1,2.66,3.24,3.06,2.64,3.1,3.25,0.403,0.3602,0.0716,0.0843,0.4864,1,8,-0.375,0.3511,0.1391,0,0,,,0.0278,-0.0005,,,,,,,,,,,,,,,,,pinnacle
spelad,L1,2023/24,2024-03-17,,Clermont,Le Havre,2,1,H,9,14,4,5,1.1789,1.1388,understat,,,,,,,,,,0.3548,0.3124,0.3328,0.3439,0.311,0.3451,1,2.75,3.36,2.95,2.91,3.32,2.84,0.4125,0.4104,-0.0648,0.5555,-0.0987,0,,,,,0,0,,,-0.034,-0.0043,,,,,,,,,,,,,,,,,pinnacle
spelad,L1,2023/24,2024-03-17,,Monaco,Lorient,2,2,D,23,11,8,6,3.4326,0.7529,understat,,,,,,,,,,0.723,0.1681,0.1089,0.7085,0.1712,0.1203,1,1.37,5.8,9.25,1.4,5.7,8.5,0.6229,0.6565,-0.2083,0.0522,-0.7477,-1,7,0.4286,-0.6138,0.3521,0,0,,,-0.0403,-0.0124,,,,,,,,,,,,,,,,,pinnacle
spelad,L1,2023/24,2024-03-17,,Montpellier,Paris SG,2,6,A,12,16,7,9,2.5178,2.243,understat,,,,,,,,,,0.1712,0.2,0.6288,0.1368,0.1842,0.679,1,6,4.9,1.57,7.1,5.42,1.47,0.6411,0.669,-0.8276,0.776,-0.1301,2,13,-2.3077,-0.1216,-0.068,0,0,,,-0.1191,0.0256,,,,,,,,,,,,,,,,,pinnacle
spelad,L1,2023/24,2024-03-17,,Reims,Metz,2,1,H,17,12,7,4,1.58,1.1241,understat,,,,,,,,,,0.6099,0.2345,0.1557,0.5514,0.2514,0.1972,1,1.62,4.25,6.5,1.8,3.9,5.1,0.4833,0.5,0.0353,0.07,-0.1275,0,7,-1.2857,-0.9883,0.2635,0,0,,,-0.1586,-0.0192,,,,,,,,,,,,,,,,,pinnacle
spelad,L1,2023/24,2024-03-17,,Rennes,Marseille,2,0,H,7,8,4,1,1.5921,0.7404,understat,,,,,,,,,,0.3855,0.2773,0.3372,0.3592,0.2789,0.3619,1,2.55,3.65,2.88,2.79,3.6,2.74,0.5167,0.5296,0.9163,-0.4032,0.905,0,13,-0.6923,-0.162,0.0341,0,0,,,-0.0774,-0.0154,,,,,,,,,,,,,,,,,pinnacle
spelad,L1,2023/24,2024-03-29,,Lille,Lens,2,1,H,15,9,6,3,1.6025,0.7417,understat,,,,,,,,,,0.4604,0.2866,0.253,0.4406,0.2941,0.2653,1,2.14,3.5,3.9,2.21,3.45,3.78,0.4504,0.4467,-0.5077,0.4815,-0.5563,-1,7,0.4286,0.0814,-0.001,0,0,,,-0.052,0.0018,,,,,,,,,,,,,,,,,pinnacle
spelad,L1,2023/24,2024-03-30,,Lyon,Reims,1,1,D,16,17,3,5,2.1253,1.4853,understat,,,,,,,,,,0.4561,0.262,0.2819,0.4673,0.2656,0.2671,1,2.17,3.78,3.5,2.09,3.75,3.76,0.541,0.5743,1.0239,-0.5564,1.2288,2,10,-0.3,-0.7627,0.2643,0,0,,,0.0374,-0.0121,,,,,,,,,,,,,,,,,pinnacle
spelad,L1,2023/24,2024-03-30,,Metz,Monaco,2,5,A,13,17,7,7,1.7628,2.8624,understat,,,,,,,,,,0.1794,0.2224,0.5982,0.1756,0.2248,0.5995,1,5.5,4.4,1.67,5.53,4.33,1.67,0.5601,0.5804,-0.2776,0.0794,-0.139,0,8,-2.25,-0.304,-0.2153,0,0,,,-0.0088,0.0209,,,,,,,,,,,,,,,,,pinnacle
spelad,L1,2023/24,2024-03-31,,Clermont,Toulouse,0,3,A,15,11,5,5,0.8973,2.3031,understat,,,,,,,,,,0.3007,0.2908,0.4085,0.2451,0.278,0.4769,1,3.25,3.4,2.44,4.01,3.65,2.08,0.468,0.4846,-0.1658,0.0235,-0.5122,-2,3,2,1.2956,0.0656,0,0,,,-0.1796,0.023,,,,,,,,,,,,,,,,,pinnacle
spelad,L1,2023/24,2024-03-31,,Le Havre,Montpellier,0,2,A,14,14,3,5,0.6907,1.8185,understat,,,,,,,,,,0.3741,0.2883,0.3376,0.3331,0.304,0.3629,1,2.64,3.5,2.93,2.92,3.3,2.8,0.4692,0.4529,0.0656,-0.7669,-0.2841,0,,,,,0,0,,,-0.1073,0.0232,,,,,,,,,,,,,,,,,pinnacle
spelad,L1,2023/24,2024-03-31,,Lorient,Brest,0,1,A,11,10,5,2,1.4114,0.4299,understat,,,,,,,,,,0.2404,0.2859,0.4737,0.2374,0.3013,0.4613,1,4.2,3.57,2.06,4.22,3.35,2.11,0.4268,0.3931,0.4802,-0.5366,0.5578,0,7,0.4286,0.477,-0.2889,0,0,,,0.0064,0.0028,,,,,,,,,,,,,,,,,pinnacle
spelad,L1,2023/24,2024-03-31,,Marseille,Paris SG,0,2,A,22,8,10,3,1.0258,1.7397,understat,,,,,,,,,,0.2872,0.2475,0.4653,0.2583,0.261,0.4807,1,3.47,3.98,2.12,3.89,3.85,2.02,0.5935,0.5547,-0.9148,1.2204,-0.2663,0,12,-2,-0.202,-0.0205,0,0,,,-0.0733,0.0132,,,,,,,,,,,,,,,,,pinnacle
spelad,L1,2023/24,2024-03-31,,Nice,Nantes,1,2,A,12,13,3,4,1.211,1.7938,understat,,,,,,,,,,0.5482,0.268,0.1838,0.5306,0.2873,0.1822,1,1.81,3.73,5.5,1.92,3.46,5.33,0.4242,0.4,-0.4579,0.1002,-0.3539,0,12,1,0.417,0.0401,0,0,,,-0.0337,-0.0274,,,,,,,,,,,,,,,,,pinnacle
spelad,L1,2023/24,2024-03-31,,Strasbourg,Rennes,2,0,H,14,12,7,0,2.4577,0.9133,understat,,,,,,,,,,0.3081,0.282,0.4099,0.2983,0.2843,0.4174,1,3.23,3.55,2.41,3.26,3.57,2.38,0.5064,0.4834,-1.1506,0.9978,-1.1661,1,12,-1,-0.1707,-0.1048,0,0,,,-0.027,0.0197,,,,,,,,,,,,,,,,,pinnacle
spelad,L1,2023/24,2024-04-05,,Lille,Marseille,3,1,H,14,13,6,4,1.9474,0.85,understat,,,,,,,,,,0.467,0.2832,0.2497,0.4955,0.2743,0.2301,1,2.16,3.52,3.9,2,3.65,4.28,0.4629,0.477,0.3321,0.0824,0.552,2,13,0,0.1523,-0.0483,0,0,,,0.0765,0.0041,,,,,,,,,,,,,,,,,pinnacle
spelad,L1,2023/24,2024-04-06,,Lens,Le Havre,1,1,D,18,11,8,3,1.0314,1.5478,understat,,,,,,,,,,0.6223,0.2302,0.1475,0.6501,0.2206,0.1293,1,1.59,4.33,7,1.52,4.5,7.8,0.4833,0.4859,0.5177,-0.1546,0.6366,2,,,,,0,0,,,0.0737,-0.0192,,,,,,,,,,,,,,,,,pinnacle
spelad,L1,2023/24,2024-04-06,,Paris SG,Clermont,1,1,D,23,6,7,3,2.5738,0.2814,understat,,,,,,,,,,0.812,0.1193,0.0686,0.7299,0.1677,0.1024,1,1.21,8.55,17,1.37,6.3,11,0.7137,0.6171,0.9567,-1.7076,0.4849,0,5,1.2,-0.3927,0.0406,0,0,,,-0.198,-0.0124,,,,,,,,,,,,,,,,,pinnacle
spelad,L1,2023/24,2024-04-07,,Brest,Metz,4,3,H,24,8,10,6,4.5164,2.0804,understat,,,,,,,,,,0.6302,0.2346,0.1352,0.6423,0.2309,0.1268,1,1.58,4.2,7.5,1.52,4.3,8,0.445,0.4515,0.5811,-0.6237,0.4999,-1,6,1,0.507,-0.2925,0,0,,,0.0327,-0.007,,,,,,,,,,,,,,,,,pinnacle
spelad,L1,2023/24,2024-04-07,,Monaco,Rennes,1,0,H,16,12,5,7,1.6049,1.6645,understat,,,,,,,,,,0.528,0.2386,0.2334,0.5342,0.2298,0.236,1,1.89,4.2,4.2,1.93,4.32,4.3,0.6074,0.6413,-0.3196,0.3542,-0.0186,1,12,0.75,0.1798,-0.0116,0,0,,,0.0098,-0.0066,,,,,,,,,,,,,,,,,pinnacle
spelad,L1,2023/24,2024-04-07,,Montpellier,Lorient,2,0,H,13,19,5,5,2.6893,1.7483,understat,,,,,,,,,,0.5362,0.2475,0.2164,0.5308,0.2428,0.2264,1,1.85,4.04,4.5,1.85,4.1,4.3,0.5524,0.599,-0.4354,0.8544,-0.6336,0,7,2.1429,0.9344,0.0121,0,0,,,-0.0208,-0.0217,,,,,,,,,,,,,,,,,pinnacle
spelad,L1,2023/24,2024-04-07,,Nantes,Lyon,1,3,A,14,19,6,10,1.1032,2.9099,understat,,,,,,,,,,0.2932,0.2932,0.4135,0.2763,0.2895,0.4342,1,3.32,3.52,2.37,3.71,3.38,2.25,0.4538,0.4529,-0.6965,0.492,-0.9074,-1,12,-1,0.0913,0.114,0,0,,,-0.0545,-0.0009,,,,,,,,,,,,,,,,,pinnacle
spelad,L1,2023/24,2024-04-07,,Reims,Nice,0,0,D,10,18,3,3,0.5376,1.9215,understat,,,,,,,,,,0.3829,0.3037,0.3135,0.3567,0.3005,0.3428,1,2.55,3.4,3.1,2.9,3.3,2.97,0.4653,0.4529,0.5109,-0.1194,0.6246,1,11,-0.5455,-0.3216,0.3431,0,0,,,-0.0818,0.0071,,,,,,,,,,,,,,,,,pinnacle
spelad,L1,2023/24,2024-04-07,,Toulouse,Strasbourg,0,0,D,11,8,2,1,0.8251,0.5821,understat,,,,,,,,,,0.4653,0.2765,0.2581,0.4343,0.2878,0.2779,1,2.11,3.75,3.76,2.24,3.58,3.59,0.5026,0.4757,0.8425,-1.0305,0.9087,0,9,-1.3333,-0.5918,0.052,0,0,,,-0.082,0.0198,,,,,,,,,,,,,,,,,pinnacle
spelad,L1,2023/24,2024-04-12,,Metz,Lens,2,1,H,11,17,5,2,0.8027,1.9093,understat,,,,,,,,,,0.1914,0.2476,0.561,0.1523,0.2276,0.6201,1,5.25,3.99,1.78,6.5,4.25,1.63,0.5,0.5141,-0.2722,0.3422,0.1989,-1,5,0.6,0.7712,0.1424,0,0,,,-0.1373,0.0289,,,,,,,,,,,,,,,,,pinnacle
spelad,L1,2023/24,2024-04-13,,Rennes,Toulouse,1,2,A,19,10,4,3,0.8778,0.7839,understat,,,,,,,,,,0.5342,0.2551,0.2107,0.5225,0.2606,0.2169,1,1.87,3.91,4.7,1.88,3.81,4.75,0.5116,0.4885,-0.0221,0.0838,-0.3244,0,9,0.6667,0.0716,0.0587,0,0,,,-0.0297,-0.0082,,,,,,,,,,,,,,,,,pinnacle
spelad,L1,2023/24,2024-04-13,,Strasbourg,Reims,3,1,H,13,8,6,2,2.3051,0.7391,understat,,,,,,,,,,0.3666,0.2915,0.342,0.3831,0.2904,0.3265,1,2.68,3.45,2.86,2.56,3.46,2.98,0.4807,0.4936,-0.3468,0.5528,-0.0456,0,11,-0.2727,-0.209,0.0651,0,0,,,0.0484,0.0034,,,,,,,,,,,,,,,,,pinnacle
spelad,L1,2023/24,2024-04-14,,Clermont,Montpellier,1,1,D,10,14,2,6,1.369,1.7142,understat,,,,,,,,,,0.2871,0.265,0.4479,0.2934,0.2598,0.4468,1,3.45,3.71,2.24,3.39,3.75,2.21,0.5398,0.5885,0.0085,-0.5753,-0.4361,1,5,-0.6,-0.2519,0.1346,0,0,,,0.0137,0.0058,,,,,,,,,,,,,,,,,pinnacle
spelad,L1,2023/24,2024-04-14,,Le Havre,Nantes,0,1,A,10,12,1,4,1.6031,0.7562,understat,,,,,,,,,,0.368,0.3237,0.3083,0.3924,0.3222,0.2854,1,2.67,3.19,3.19,2.54,3.03,3.41,0.3786,0.3474,-0.7878,0.1027,-0.4875,1,,,,,0,0,,,0.0716,-0.0162,,,,,,,,,,,,,,,,,pinnacle
spelad,L1,2023/24,2024-04-14,,Lyon,Brest,4,3,H,16,22,8,7,1.8478,1.7183,understat,,,,,,,,,,0.4242,0.2922,0.2836,0.4786,0.2816,0.2399,1,2.32,3.44,3.47,2.15,3.46,4.05,0.468,0.4719,0.4979,-0.352,0.3462,0,8,0,-0.7022,0.2781,0,0,,,0.1525,-0.054,,,,,,,,,,,,,,,,,pinnacle
spelad,L1,2023/24,2024-04-19,,Nice,Lorient,3,0,H,19,9,10,4,2.513,0.5617,understat,,,,,,,,,,0.6166,0.2272,0.1561,0.6168,0.2257,0.1575,1,1.62,4.35,6.5,1.59,4.41,6.5,0.509,0.5179,-0.7883,0.6802,-1.307,0,7,0.4286,-0.225,0.2972,0,0,,,-0.0009,-0.0016,,,,,,,,,,,,,,,,,pinnacle
spelad,L1,2023/24,2024-04-20,,Lens,Clermont,1,0,H,17,8,4,1,2.8071,0.6173,understat,,,,,,,,,,0.6868,0.2012,0.1121,0.7072,0.191,0.1018,1,1.44,5.04,9,1.43,5.2,9.59,0.5513,0.5707,-0.4871,0.531,-0.4453,2,5,2.4,0.7406,-0.0569,0,0,,,0.0512,-0.0359,,,,,,,,,,,,,,,,,pinnacle
spelad,L1,2023/24,2024-04-20,,Nantes,Rennes,0,3,A,6,14,4,5,0.1594,2.3816,understat,,,,,,,,,,0.3114,0.2934,0.3952,0.2976,0.3051,0.3973,1,3.19,3.4,2.48,3.27,3.34,2.6,0.4564,0.4175,0.5492,-0.0322,0.3833,-1,13,-1.3846,-0.3609,-0.05,0,0,,,-0.0295,0.0268,,,,,,,,,,,,,,,,,pinnacle
spelad,L1,2023/24,2024-04-21,,Brest,Monaco,0,2,A,12,8,2,3,0.641,1.3068,understat,,,,,,,,,,0.3548,0.2824,0.3628,0.3602,0.2835,0.3562,1,2.81,3.56,2.69,2.73,3.57,2.8,0.541,0.5345,-0.1425,0.1939,0.0071,-7,8,-1.5,-0.0179,-0.2189,0,0,,,0.0173,0.0179,,,,,,,,,,,,,,,,,pinnacle
spelad,L1,2023/24,2024-04-21,,Le Havre,Metz,0,1,A,16,9,4,2,0.6494,1.5016,understat,,,,,,,,,,0.432,0.3043,0.2637,0.4322,0.3078,0.26,1,2.27,3.3,3.73,2.3,3.21,3.81,0.402,0.3768,-0.5945,0.2652,-0.8019,-2,,,,,0,0,,,0.0041,-0.005,,,,,,,,,,,,,,,,,pinnacle
spelad,L1,2023/24,2024-04-21,,Lille,Strasbourg,1,0,H,6,8,2,2,1.2631,0.9487,understat,,,,,,,,,,0.5946,0.2367,0.1687,0.6035,0.2417,0.1547,1,1.66,4.19,6,1.63,4.1,6.28,0.5,0.4859,0.1279,0.0999,0.0859,7,13,1.3846,0.4077,-0.0536,0,0,,,0.0318,-0.0132,,,,,,,,,,,,,,,,,pinnacle
spelad,L1,2023/24,2024-04-21,,Paris SG,Lyon,4,1,H,14,16,6,6,3.0913,0.6672,understat,,,,,,,,,,0.6414,0.1901,0.1685,0.603,0.2088,0.1882,1,1.53,5.3,6.25,1.65,5,6,0.637,0.6557,-0.4664,-0.4886,-0.8848,7,13,0.9231,-0.123,-0.1246,0,0,,,-0.0963,0.0029,,,,,,,,,,,,,,,,,pinnacle
spelad,L1,2023/24,2024-04-21,,Reims,Montpellier,1,2,A,22,12,4,5,1.3194,1.3557,understat,,,,,,,,,,0.4832,0.2619,0.255,0.4348,0.2618,0.3034,1,2.04,3.9,3.87,2.26,3.84,3.4,0.5598,0.5941,-0.0099,-0.4693,-0.4866,1,10,0.6,0.2757,0.1048,0,0,,,-0.1452,0.0031,,,,,,,,,,,,,,,,,pinnacle
spelad,L1,2023/24,2024-04-21,,Toulouse,Marseille,2,2,D,10,11,3,3,0.6547,1.0651,understat,,,,,,,,,,0.3396,0.2978,0.3625,0.3578,0.2896,0.3526,1,2.89,3.48,2.72,2.78,3.4,2.8,0.4845,0.4796,0.7997,-0.6372,1.1412,-7,9,-2.6667,-0.6852,-0.1233,0,0,,,0.0462,0.002,,,,,,,,,,,,,,,,,pinnacle
spelad,L1,2023/24,2024-04-24,,Lorient,Paris SG,1,4,A,11,15,6,7,1.0363,1.9781,understat,,,,,,,,,,0.1243,0.1767,0.699,0.1447,0.1885,0.6668,1,8,5.6,1.43,7.4,5.5,1.5,0.6394,0.6565,-0.4509,0.8013,0.0913,2,7,-0.4286,0.7245,0.1379,0,0,,,0.0731,0.0002,,,,,,,,,,,,,,,,,pinnacle
spelad,L1,2023/24,2024-04-24,,Marseille,Nice,2,2,D,11,10,4,4,1.7766,1.2879,understat,,,,,,,,,,0.4267,0.2807,0.2926,0.4325,0.2949,0.2726,1,2.28,3.57,3.4,2.38,3.35,3.65,0.4718,0.4185,0.3749,-0.2327,0.3981,-2,12,1.25,0.4911,-0.1935,0,0,,,0.0317,-0.0211,,,,,,,,,,,,,,,,,pinnacle
spelad,L1,2023/24,2024-04-24,,Monaco,Lille,1,0,H,19,13,7,4,2.2153,1.2823,understat,,,,,,,,,,0.4176,0.2669,0.3156,0.3987,0.2607,0.3405,1,2.34,3.81,3.15,2.5,3.85,2.93,0.5561,0.5657,-0.0586,-0.1821,0.0324,0,12,0.5,0.0003,0.0716,0,0,,,-0.0627,0.0058,,,,,,,,,,,,,,,,,pinnacle
spelad,L1,2023/24,2024-04-26,,Montpellier,Nantes,1,1,D,8,15,1,5,0.6796,1.708,understat,,,,,,,,,,0.477,0.2703,0.2527,0.4699,0.2755,0.2546,1,2.08,3.7,3.88,2.11,3.7,3.82,0.4974,0.4859,-0.1324,0.3193,0.6084,-1,12,-0.5,-0.1582,-0.1207,0,0,,,-0.0161,-0.0031,,,,,,,,,,,,,,,,,pinnacle
spelad,L1,2023/24,2024-04-27,,Paris SG,Le Havre,3,3,D,17,6,4,4,2.2583,1.2127,understat,,,,,,,,,,0.7208,0.1756,0.1036,0.7295,0.1656,0.1049,1,1.36,5.75,10,1.36,6.21,9.27,0.5854,0.6509,0.8882,-1.2107,0.6026,-3,,,,,0,0,,,0.0163,-0.0248,,,,,,,,,,,,,,,,,pinnacle
spelad,L1,2023/24,2024-04-28,,Clermont,Reims,4,1,H,12,10,6,3,2.5681,0.8752,understat,,,,,,,,,,0.2714,0.2684,0.4601,0.2763,0.256,0.4677,1,3.75,3.65,2.14,3.55,3.8,2.13,0.5141,0.5896,0.0332,-0.1189,0.0942,1,5,0,0.2715,-0.0874,0,0,,,0.0023,0.0153,,,,,,,,,,,,,,,,,pinnacle
spelad,L1,2023/24,2024-04-28,,Lorient,Toulouse,1,2,A,15,14,5,5,1.3574,2.2347,understat,,,,,,,,,,0.36,0.284,0.356,0.3955,0.278,0.3265,1,2.78,3.52,2.75,2.6,3.62,3.03,0.4756,0.5064,-0.7702,0.9373,-0.7897,-3,3,-1,-0.4328,0.3934,0,0,,,0.1006,-0.0191,,,,,,,,,,,,,,,,,pinnacle
spelad,L1,2023/24,2024-04-28,,Lyon,Monaco,3,2,H,15,13,4,5,2.6414,2.0461,understat,,,,,,,,,,0.3709,0.2554,0.3737,0.43,0.2394,0.3306,1,2.67,3.85,2.65,2.39,4.1,2.94,0.6238,0.7041,-0.0664,0.1895,-0.377,3,12,1,0.494,-0.2523,0,0,,,0.1615,-0.0398,,,,,,,,,,,,,,,,,pinnacle
spelad,L1,2023/24,2024-04-28,,Marseille,Lens,2,1,H,13,18,6,5,1.7734,1.2515,understat,,,,,,,,,,0.3855,0.2749,0.3395,0.4342,0.2763,0.2895,1,2.58,3.59,2.9,2.28,3.77,3.36,0.4974,0.532,0.099,-0.336,0.308,-4,7,-1.7143,-0.8645,-0.138,0,0,,,0.1474,-0.0109,,,,,,,,,,,,,,,,,pinnacle
spelad,L1,2023/24,2024-04-28,,Metz,Lille,1,2,A,5,14,2,4,1.2818,0.8821,understat,,,,,,,,,,0.2043,0.2465,0.5491,0.1753,0.2433,0.5814,1,4.8,3.98,1.81,6.03,4.07,1.68,0.4961,0.4974,-0.1605,0.0824,0.4262,3,8,-1.875,-0.4084,0.1174,0,0,,,-0.0904,-0.0042,,,,,,,,,,,,,,,,,pinnacle
spelad,L1,2023/24,2024-04-28,,Rennes,Brest,4,5,A,21,10,7,5,2.3421,2.187,understat,,,,,,,,,,0.4242,0.2853,0.2905,0.4399,0.2906,0.2695,1,2.3,3.5,3.4,2.25,3.4,3.6,0.4552,0.4416,-0.3831,-0.2984,-0.4511,1,9,1.6667,0.2927,0.188,0,0,,,0.0522,-0.0154,,,,,,,,,,,,,,,,,pinnacle
spelad,L1,2023/24,2024-04-28,,Strasbourg,Nice,1,3,A,13,8,5,4,1.0423,1.898,understat,,,,,,,,,,0.2989,0.3008,0.4002,0.2762,0.2955,0.4283,1,3.27,3.47,2.44,3.62,3.4,2.37,0.4439,0.4354,0.4267,-0.0428,0.7498,3,12,0.75,0.437,-0.0409,0,0,,,-0.0735,0.0182,,,,,,,,,,,,,,,,,pinnacle
spelad,L1,2023/24,2024-05-03,,Lens,Lorient,2,0,H,18,11,6,5,2.3024,0.4598,understat,,,,,,,,,,0.6685,0.1914,0.1401,0.6611,0.1951,0.1438,1,1.46,5.2,7.5,1.47,5.1,7.5,0.6127,0.6112,0.1239,-0.0682,-0.0617,0,7,1.2857,0.2926,0.0151,0,0,,,-0.0184,0.0065,,,,,,,,,,,,,,,,,pinnacle
spelad,L1,2023/24,2024-05-03,,Toulouse,Montpellier,1,2,A,15,5,5,3,1.9861,0.6604,understat,,,,,,,,,,0.4626,0.255,0.2824,0.4768,0.2567,0.2665,1,2.13,4,3.45,2.07,3.9,3.67,0.6015,0.5885,-0.022,-0.3325,-0.1007,-2,8,-0.75,-0.0097,-0.2765,0,0,,,0.0444,-0.0168,,,,,,,,,,,,,,,,,pinnacle
spelad,L1,2023/24,2024-05-04,,Brest,Nantes,0,0,D,9,9,2,1,0.6211,1.336,understat,,,,,,,,,,0.554,0.2591,0.1868,0.5586,0.2641,0.1774,1,1.8,3.81,5.25,1.76,3.81,5.7,0.445,0.4416,0.2025,-0.0114,0.4471,-2,8,-0.75,-0.293,-0.0441,0,0,,,0.0185,-0.0087,,,,,,,,,,,,,,,,,pinnacle
spelad,L1,2023/24,2024-05-04,,Le Havre,Strasbourg,3,1,H,15,5,7,3,2.5631,0.6318,understat,,,,,,,,,,0.3971,0.2954,0.3076,0.373,0.311,0.316,1,2.47,3.36,3.25,2.66,3.3,3.08,0.41,0.4125,-0.5357,0.4546,-0.7602,1,,,,,0,0,,,-0.0567,-0.0129,,,,,,,,,,,,,,,,,pinnacle
spelad,L1,2023/24,2024-05-04,,Metz,Rennes,2,3,A,7,21,4,9,0.8292,2.0182,understat,,,,,,,,,,0.2771,0.2579,0.465,0.2459,0.2611,0.493,1,3.7,3.82,2.12,4,3.72,2.06,0.5167,0.5115,0.653,-0.1695,1.2022,0,8,-1.875,-0.3281,-0.1255,0,0,,,-0.0905,0.0293,,,,,,,,,,,,,,,,,pinnacle
spelad,L1,2023/24,2024-05-04,,Monaco,Clermont,4,1,H,23,9,8,1,3.4451,1.0153,understat,,,,,,,,,,0.7323,0.1532,0.1145,0.7395,0.1493,0.1113,1,1.33,6.5,9.5,1.33,6.7,9,0.6933,0.7206,0.1173,0.3016,0.4356,0,5,2.4,0.6857,-0.0396,0,0,,,0.0176,-0.0205,,,,,,,,,,,,,,,,,pinnacle
spelad,L1,2023/24,2024-05-06,,Lille,Lyon,3,4,A,8,11,5,7,1.1245,2.4298,understat,,,,,,,,,,0.5036,0.2485,0.2479,0.4609,0.2573,0.2819,1,1.96,3.95,4,2.11,3.85,3.51,0.5524,0.5906,0.087,-0.3617,-0.062,0,13,1.1538,0.6809,0.203,0,0,,,-0.1193,0.0012,,,,,,,,,,,,,,,,,pinnacle
spelad,L1,2023/24,2024-05-10,,Brest,Reims,1,1,D,16,8,5,2,1.3475,0.4322,understat,,,,,,,,,,0.5711,0.2421,0.1867,0.5926,0.2314,0.1761,1,1.72,4.24,5.3,1.66,4.4,5.7,0.5499,0.5722,0.3194,0.0713,0.4978,-6,9,0.3333,0.2296,0.1574,0,0,,,0.0535,-0.0117,,,,,,,,,,,,,,,,,pinnacle
spelad,L1,2023/24,2024-05-10,,Nice,Le Havre,1,0,H,13,12,6,3,1.9364,0.4278,understat,,,,,,,,,,0.6168,0.2295,0.1537,0.6142,0.2356,0.1502,1,1.6,4.35,6.75,1.58,4.25,6.75,0.491,0.4783,0.1825,-0.4315,0.0232,6,,,,,0,0,,,-0.0017,0.001,,,,,,,,,,,,,,,,,pinnacle
spelad,L1,2023/24,2024-05-12,,Clermont,Lyon,0,1,A,18,6,5,2,1.1765,0.3897,understat,,,,,,,,,,0.1737,0.2013,0.6249,0.1929,0.2201,0.587,1,5.7,4.9,1.6,5.3,4.65,1.69,0.6705,0.6735,-0.5485,-0.3405,-0.8455,2,5,1.2,1.1087,-0.0409,0,0,,,0.0764,0.0013,,,,,,,,,,,,,,,,,pinnacle
spelad,L1,2023/24,2024-05-12,,Marseille,Lorient,3,1,H,13,14,4,3,3.9691,1.0861,understat,,,,,,,,,,0.6555,0.1991,0.1453,0.6415,0.2057,0.1528,1,1.49,5.2,7.14,1.52,5.1,7.44,0.6152,0.5945,0.4312,-0.2716,0.6172,5,7,2.5714,0.8543,-0.1081,0,0,,,-0.0355,0.0233,,,,,,,,,,,,,,,,,pinnacle
spelad,L1,2023/24,2024-05-12,,Montpellier,Monaco,0,2,A,14,19,3,9,1.1295,2.3159,understat,,,,,,,,,,0.2462,0.2265,0.5273,0.2262,0.2109,0.5629,1,3.99,4.4,1.88,4.49,4.7,1.75,0.6847,0.7167,0.3018,-0.0854,0.2489,1,13,-0.2308,0.2387,0.0554,0,0,,,-0.0755,0.0092,,,,,,,,,,,,,,,,,pinnacle
spelad,L1,2023/24,2024-05-12,,Nantes,Lille,1,2,A,9,12,5,3,0.8104,1.409,understat,,,,,,,,,,0.24,0.274,0.486,0.1882,0.2503,0.5614,1,4.1,3.65,2.03,5.26,3.88,1.85,0.4538,0.4731,-0.3764,0.5711,-0.1353,2,13,-2.3077,-0.8383,-0.049,0,0,,,-0.1789,0.0445,,,,,,,,,,,,,,,,,pinnacle
spelad,L1,2023/24,2024-05-12,,Paris SG,Toulouse,1,3,A,15,18,3,5,1.5041,1.7109,understat,,,,,,,,,,0.6988,0.1618,0.1394,0.7096,0.1645,0.1259,1,1.43,6,7.48,1.39,6.01,8.5,0.6911,0.7208,0.3084,-0.7884,-0.0565,6,8,2.625,0.3058,-0.0182,0,0,,,0.035,-0.0053,,,,,,,,,,,,,,,,,pinnacle
spelad,L1,2023/24,2024-05-12,,Rennes,Lens,1,1,D,16,8,6,4,2.1522,0.4105,understat,,,,,,,,,,0.3857,0.2697,0.3446,0.4231,0.2659,0.3109,1,2.58,3.65,2.86,2.32,3.7,3.18,0.509,0.5696,0.0337,-0.4078,0.3628,-1,7,-1.7143,-0.9695,0.143,0,0,,,0.1084,-0.0058,,,,,,,,,,,,,,,,,pinnacle
spelad,L1,2023/24,2024-05-12,,Strasbourg,Metz,2,1,H,10,11,2,2,1.3873,0.8969,understat,,,,,,,,,,0.442,0.2602,0.2978,0.446,0.2739,0.2802,1,2.29,3.75,3.29,2.18,3.71,3.52,0.5,0.4974,-0.0243,-0.0355,-0.0766,0,9,0.6667,0.0669,0.0391,0,0,,,0.0256,0.0099,,,,,,,,,,,,,,,,,pinnacle
spelad,L1,2023/24,2024-05-15,,Nice,Paris SG,1,2,A,12,11,4,4,1.9552,1.445,understat,,,,,,,,,,0.3972,0.2517,0.3511,0.4652,0.2579,0.277,1,2.54,3.9,2.8,2.17,3.9,3.51,0.6005,0.5696,-0.0115,0.245,0.4251,2,12,-1.5,0.1272,-0.0072,0,0,,,0.2101,-0.0305,,,,,,,,,,,,,,,,,pinnacle
spelad,L1,2023/24,2024-05-15,,Reims,Marseille,1,0,H,10,19,3,3,0.8793,1.8126,understat,,,,,,,,,,0.2932,0.2629,0.4439,0.2363,0.2416,0.5221,1,3.4,3.79,2.26,4.23,4.02,1.92,0.5758,0.586,0.1148,-0.6026,-0.2594,2,10,-0.9,-0.0256,0.0292,0,0,,,-0.1921,0.0148,,,,,,,,,,,,,,,,,pinnacle
spelad,L1,2023/24,2024-05-19,,Le Havre,Marseille,1,2,A,13,22,6,7,2.3234,2.3213,understat,,,,,,,,,,0.217,0.2549,0.5281,0.2157,0.2446,0.5397,1,4.6,3.95,1.85,4.87,4.1,1.79,0.5232,0.5487,-0.1228,-0.4817,-0.017,5,,,,,0,0,,,-0.0143,-0.0212,,,,,,,,,,,,,,,,,pinnacle
spelad,L1,2023/24,2024-05-19,,Lens,Montpellier,2,2,D,27,11,13,2,5.3856,1.1152,understat,,,,,,,,,,0.6702,0.1857,0.1441,0.7337,0.1574,0.1089,1,1.48,5.4,6.9,1.44,6.5,10,0.6682,0.6996,-0.8698,0.4837,-1.2128,0,7,0.4286,-0.1733,0.024,0,0,,,0.1623,-0.0228,,,,,,,,,,,,,,,,,pinnacle
spelad,L1,2023/24,2024-05-19,,Lille,Nice,2,2,D,12,10,3,4,1.5994,1.3291,understat,,,,,,,,,,0.5821,0.2337,0.1841,0.6386,0.2157,0.1457,1,1.7,4.2,5.6,1.55,4.6,7,0.5368,0.5736,0.7073,-0.4914,0.1483,3,12,-0.5,-0.382,0.0549,0,0,,,0.1514,0.0021,,,,,,,,,,,,,,,,,pinnacle
spelad,L1,2023/24,2024-05-19,,Lorient,Clermont,5,0,H,32,9,10,4,4.9201,0.7372,understat,,,,,,,,,,0.5816,0.2176,0.2008,0.5887,0.215,0.1962,1,1.71,4.5,4.9,1.68,4.6,5.21,0.6368,0.6573,-0.5684,0.626,-0.8387,0,5,0,0.0768,-0.0925,0,0,,,0.0187,-0.0091,,,,,,,,,,,,,,,,,pinnacle
spelad,L1,2023/24,2024-05-19,,Lyon,Strasbourg,2,1,H,15,10,6,4,3.2669,1.1254,understat,,,,,,,,,,0.6849,0.1837,0.1314,0.7132,0.1716,0.1152,1,1.45,5.5,7.7,1.35,6.2,9.77,0.6773,0.6636,0.807,-0.3413,0.4693,0,13,0.9231,0.0092,-0.01,0,0,,,0.0727,0.0293,,,,,,,,,,,,,,,,,pinnacle
spelad,L1,2023/24,2024-05-19,,Metz,Paris SG,0,2,A,10,20,2,8,1.2072,2.9288,understat,,,,,,,,,,0.1833,0.2174,0.5993,0.2156,0.2459,0.5385,1,5.5,4.71,1.66,4.74,4.2,1.81,0.6643,0.6195,-0.565,0.6311,-0.2045,3,8,-3,-0.3279,-0.1226,0,0,,,0.1254,0.0071,,,,,,,,,,,,,,,,,pinnacle
spelad,L1,2023/24,2024-05-19,,Monaco,Nantes,4,0,H,10,6,6,3,1.853,0.8858,understat,,,,,,,,,,0.6775,0.1792,0.1432,0.6106,0.201,0.1884,1,1.45,5.6,7.5,1.58,5.3,6,0.6825,0.6847,0.5133,-0.5417,0.6471,0,12,1.5,0.2734,0.0768,0,0,,,-0.1791,0.042,,,,,,,,,,,,,,,,,pinnacle
spelad,L1,2023/24,2024-05-19,,Reims,Rennes,2,1,H,6,15,4,5,1.3902,1.2565,understat,,,,,,,,,,0.338,0.2721,0.39,0.3072,0.2608,0.432,1,2.88,3.71,2.53,3.16,3.75,2.42,0.6,0.6311,0.7918,-0.8101,0.0617,-3,11,0.8182,0.7482,-0.1147,0,0,,,-0.1036,0.0513,,,,,,,,,,,,,,,,,pinnacle
spelad,L1,2023/24,2024-05-19,,Toulouse,Brest,0,3,A,8,12,2,6,0.9842,1.029,understat,,,,,,,,,,0.2504,0.2435,0.5061,0.3348,0.2553,0.41,1,4.02,4,1.94,3.25,3.8,2.38,0.5725,0.5865,-0.036,-0.2713,0.5402,-2,5,-1.2,-0.7193,0.3302,0,0,,,0.2649,-0.0274,,,,,,,,,,,,,,,,,pinnacle
spelad,L1,2024/25,2024-08-16,19:45,Le Havre,Paris SG,1,4,A,5,14,2,9,0.197,2.9098,understat,,2,8,9,9,3,0,0,0,0.1233,0.1957,0.6809,0.1236,0.2025,0.674,1,8,5.06,1.46,7.8,5,1.46,0.5885,0.566,-0.7886,0.4175,-0.5798,,,,,,0,0,0,0,0.0074,0.0209,,,,,,,,,,,,,,,,,pinnacle
spelad,L1,2024/25,2024-08-17,16:00,Brest,Marseille,1,5,A,7,7,5,5,1.5148,2.965,understat,,5,0,10,8,4,1,0,0,0.3271,0.2873,0.3857,0.2948,0.2913,0.414,1,3,3.65,2.55,3.4,3.45,2.42,0.5155,0.4719,0.626,-0.8343,0.3225,,9,-0.6667,0.2207,-0.1353,0,0,0,0,-0.0928,0.0211,,,,,,,,,,,,,,,,,pinnacle
spelad,L1,2024/25,2024-08-17,20:00,Monaco,St Etienne,1,0,H,13,7,6,4,2.7844,0.4841,understat,,5,4,13,14,1,1,0,0,0.6383,0.2077,0.154,0.702,0.1746,0.1234,1,1.54,4.9,6.5,1.4,5.7,8.75,0.6064,0.6659,1.2797,-1.8408,1.3266,,9,0.6667,0.0258,-0.1384,-1,0,0,0,0.158,0.0096,,,,,,,,,,,,,,,,,pinnacle
spelad,L1,2024/25,2024-08-17,18:00,Reims,Lille,0,2,A,2,21,0,6,0.0759,2.3171,understat,,0,8,6,13,2,2,1,0,0.2878,0.2861,0.426,0.3212,0.2986,0.3802,1,3.6,3.63,2.29,3.03,3.4,2.66,0.4936,0.4416,-0.2563,0.0579,-0.3025,,11,0,0.2941,-0.016,0,0,0,0,0.1126,0.0292,,,,,,,,,,,,,,,,,pinnacle
spelad,L1,2024/25,2024-08-18,16:00,Angers,Lens,0,1,A,4,10,3,5,0.2978,1.0408,understat,,7,3,6,10,1,0,0,0,0.1707,0.2439,0.5854,0.1418,0.2402,0.618,1,5.75,4.15,1.7,7.42,4.1,1.61,0.5116,0.4808,0.1933,-0.7671,0.4726,,6,-1,-0.0675,0.0766,1,0,0,0,-0.0902,0.0203,,,,,,,,,,,,,,,,,pinnacle
spelad,L1,2024/25,2024-08-18,14:00,Auxerre,Nice,2,1,H,16,9,7,2,3.0325,0.5806,understat,,3,5,11,17,0,0,0,0,0.3006,0.3044,0.3951,0.3242,0.2803,0.3954,1,3.28,3.41,2.47,3.06,3.49,2.57,0.434,0.5026,0.1397,-0.5811,-0.1676,,,,,,1,0,0,0,0.047,0.002,,,,,,,,,,,,,,,,,pinnacle
spelad,L1,2024/25,2024-08-18,16:00,Montpellier,Strasbourg,1,1,D,7,11,5,4,1.447,1.1048,understat,,6,4,20,18,4,3,0,0,0.4565,0.2889,0.2547,0.4626,0.2676,0.2698,1,2.14,3.69,3.86,2.12,3.65,3.81,0.4859,0.5646,0.7614,-1.0595,0.4804,,14,0.4286,0.1077,0.1374,0,0,0,0,-0.003,-0.0065,,,,,,,,,,,,,,,,,pinnacle
spelad,L1,2024/25,2024-08-18,19:45,Rennes,Lyon,3,0,H,22,16,8,2,2.5741,2.2007,understat,,7,7,13,12,2,1,0,0,0.3919,0.2864,0.3216,0.4144,0.2823,0.3034,1,2.47,3.76,3.1,2.44,3.58,3.21,0.5231,0.5,-1.574,0.797,-1.4458,,13,0.4615,0.6107,-0.1764,0,0,0,0,0.0631,-0.0153,,,,,,,,,,,,,,,,,pinnacle
spelad,L1,2024/25,2024-08-18,16:00,Toulouse,Nantes,0,0,D,7,6,3,2,1.5094,0.5138,understat,,10,5,10,8,1,3,0,0,0.4588,0.2942,0.247,0.4582,0.2908,0.251,1,2.13,3.5,4,2.13,3.43,4.1,0.4242,0.4478,0.2293,-0.4219,0.4281,,9,-1,-0.3893,-0.0666,0,0,0,0,-0.0053,-0.0022,,,,,,,,,,,,,,,,,pinnacle
spelad,L1,2024/25,2024-08-23,19:45,Paris SG,Montpellier,6,0,H,21,6,10,3,4.937,0.773,understat,,10,2,9,16,1,4,0,0,0.772,0.1391,0.0889,0.7847,0.135,0.0803,1,1.26,7.8,13.2,1.24,7.25,12.5,0.7206,0.705,-0.5352,1.071,-0.2511,2,14,2.3571,0.2318,-0.0763,0,0,0,0,0.034,-0.0055,,,,,,,,,,,,,,,,,pinnacle
spelad,L1,2024/25,2024-08-24,18:00,Lille,Angers,2,0,H,11,5,6,2,1.258,0.737,understat,,3,2,9,17,1,2,0,0,0.6976,0.1966,0.1058,0.7123,0.1953,0.0924,1,1.39,5.13,10.1,1.39,5.3,11,0.4842,0.4719,0.8256,-0.4618,0.4115,1,12,0.25,-0.3002,-0.0086,-1,0,0,0,0.0427,-0.0131,,,,,,,,,,,,,,,,,pinnacle
spelad,L1,2024/25,2024-08-24,16:00,Lyon,Monaco,0,2,A,2,15,1,4,0.0145,2.6092,understat,,0,6,10,7,0,0,0,1,0.3695,0.2596,0.3709,0.3486,0.2608,0.3906,1,2.62,4.02,2.7,2.85,3.87,2.61,0.6295,0.628,0.0353,0.8208,-0.0933,-1,13,1.1538,0.5691,-0.2513,0,0,0,0,-0.0615,0.0108,,,,,,,,,,,,,,,,,pinnacle
spelad,L1,2024/25,2024-08-24,20:00,St Etienne,Le Havre,0,2,A,18,14,5,5,1.4883,2.2336,understat,,2,4,11,9,3,3,0,0,0.4586,0.2805,0.2608,0.4773,0.2847,0.238,1,2.14,3.56,3.78,2.11,3.45,4.2,0.4501,0.4354,0.0596,0.2304,-0.0684,-1,,,,,1,0,0,0,0.06,-0.0118,,,,,,,,,,,,,,,,,pinnacle
spelad,L1,2024/25,2024-08-25,14:00,Lens,Brest,2,0,H,22,10,11,2,4.0193,0.6956,understat,,5,2,8,6,0,0,1,0,0.5337,0.2604,0.206,0.5108,0.2726,0.2166,1,1.84,3.85,4.9,1.93,3.6,4.6,0.4807,0.4604,-0.3235,0.3864,-0.2892,-1,8,0,-0.3679,-0.0165,0,0,0,0,-0.0565,-0.0064,,,,,,,,,,,,,,,,,pinnacle
spelad,L1,2024/25,2024-08-25,19:45,Marseille,Reims,2,2,D,16,12,10,3,2.9402,1.012,understat,,2,4,10,13,1,1,0,0,0.6188,0.2159,0.1653,0.7097,0.18,0.1103,1,1.59,4.61,6,1.38,5.64,9,0.589,0.6103,-0.2813,0.4029,0.4002,0,11,0.5455,-0.1676,0.0046,0,0,0,0,0.2368,-0.0045,,,,,,,,,,,,,,,,,pinnacle
spelad,L1,2024/25,2024-08-25,16:00,Nantes,Auxerre,2,0,H,8,10,6,3,1.5254,0.8763,understat,,3,12,9,6,0,0,0,1,0.4171,0.2915,0.2915,0.3661,0.2873,0.3466,1,2.38,3.54,3.33,2.66,3.47,3.32,0.4579,0.4885,-0.0213,0.7505,-0.0447,0,,,,,-1,0,0,0,-0.1571,0.0631,,,,,,,,,,,,,,,,,pinnacle
spelad,L1,2024/25,2024-08-25,16:00,Nice,Toulouse,1,1,D,10,15,4,3,1.2373,0.9466,understat,,4,4,11,21,4,1,0,0,0.5144,0.274,0.2116,0.4509,0.3044,0.2447,1,1.9,3.77,4.7,2.16,3.6,4.2,0.4639,0.3931,-0.0633,-0.5125,-0.209,0,10,0.6,0.0379,0.1207,0,0,0,0,-0.1601,0.0148,,,,,,,,,,,,,,,,,pinnacle
spelad,L1,2024/25,2024-08-25,16:00,Strasbourg,Rennes,3,1,H,9,13,5,5,1.5888,1.4031,understat,,2,5,7,19,2,4,0,0,0.3032,0.2763,0.4205,0.2872,0.2986,0.4142,1,3.27,3.69,2.32,3.4,3.4,2.35,0.5256,0.4416,0.4482,-0.4341,0.1718,0,13,-0.6923,-0.0175,-0.1186,0,0,0,0,-0.0258,0.0065,,,,,,,,,,,,,,,,,pinnacle
spelad,L1,2024/25,2024-08-30,19:45,Lyon,Strasbourg,4,3,H,22,14,13,7,3.2275,2.447,understat,,9,2,10,6,3,2,0,0,0.514,0.2536,0.2324,0.4592,0.2674,0.2734,1,1.97,3.88,4.4,2.12,3.76,3.85,0.5536,0.551,0.544,0.417,0.2476,1,14,1.0714,0.0578,-0.0216,0,0,0,0,-0.1507,0.0277,,,,,,,,,,,,,,,,,pinnacle
spelad,L1,2024/25,2024-08-31,16:00,Brest,St Etienne,4,0,H,17,3,7,0,3.607,0.2566,understat,,7,2,12,28,0,5,0,0,0.5221,0.2522,0.2257,0.5507,0.2479,0.2015,1,1.88,3.96,4.56,1.77,4.16,5.2,0.4639,0.5115,0.6614,-0.6748,0.4313,-1,6,1.5,0.905,-0.1142,-1,0,0,0,0.0813,-0.004,,,,,,,,,,,,,,,,,pinnacle
spelad,L1,2024/25,2024-08-31,18:00,Montpellier,Nantes,1,3,A,11,10,5,5,0.746,1.6944,understat,,8,3,11,13,2,2,0,0,0.4124,0.2867,0.3009,0.4216,0.2759,0.3025,1,2.38,3.56,3.3,2.31,3.61,3.27,0.4744,0.5243,0.4208,-0.8767,0.038,2,13,-0.4615,-0.1987,-0.0557,0,0,0,0,0.017,0.0024,,,,,,,,,,,,,,,,,pinnacle
spelad,L1,2024/25,2024-08-31,20:00,Toulouse,Marseille,1,3,A,4,11,2,5,0.4854,1.2982,understat,,2,3,10,12,4,2,1,0,0.2361,0.2582,0.5056,0.308,0.2689,0.4232,1,4.2,3.92,1.95,3.25,3.8,2.31,0.5373,0.5558,0.0339,0.119,0.1798,0,10,-2.4,-0.653,-0.0399,0,0,0,0,0.2262,-0.0107,,,,,,,,,,,,,,,,,pinnacle
spelad,L1,2024/25,2024-09-01,16:00,Angers,Nice,1,4,A,12,12,7,9,1.332,2.5341,understat,,4,7,14,13,6,4,0,1,0.2302,0.2887,0.4811,0.2152,0.2897,0.4951,1,4.33,3.52,2.03,4.62,3.45,2.06,0.41,0.4069,-0.2743,0.4523,-0.1825,1,12,-0.75,-0.2729,0.1318,1,0,0,0,-0.0442,0.0192,,,,,,,,,,,,,,,,,pinnacle
spelad,L1,2024/25,2024-09-01,16:00,Le Havre,Auxerre,3,1,H,21,7,8,2,2.8366,0.7435,understat,,2,2,10,15,1,5,0,1,0.3447,0.2953,0.36,0.3286,0.2974,0.374,1,2.85,3.42,2.7,2.96,3.37,2.71,0.4402,0.4578,0.0338,-0.0323,0.2534,1,,,,,-1,0,0,0,-0.0462,0.0234,,,,,,,,,,,,,,,,,pinnacle
spelad,L1,2024/25,2024-09-01,19:45,Lille,Paris SG,1,3,A,10,10,4,7,1.5756,3.2414,understat,,3,1,7,5,3,2,0,0,0.2237,0.2578,0.5184,0.2143,0.2464,0.5393,1,4.4,4.02,1.93,4.6,4.1,1.84,0.5462,0.5671,0.242,0.0018,-0.1602,-1,14,-1.7143,-0.08,-0.0557,0,0,0,0,-0.0398,0.0125,,,,,,,,,,,,,,,,,pinnacle
spelad,L1,2024/25,2024-09-01,14:00,Monaco,Lens,1,1,D,14,12,3,4,0.9056,1.913,understat,,7,7,11,21,1,4,0,0,0.5106,0.2498,0.2396,0.4676,0.2622,0.2702,1,1.93,4.08,4.1,2.08,3.87,3.97,0.5959,0.5682,0.7576,-1.3413,1.0158,1,8,-0.75,-0.6716,0.0036,0,0,0,0,-0.1165,0.0343,,,,,,,,,,,,,,,,,pinnacle
spelad,L1,2024/25,2024-09-01,16:00,Reims,Rennes,2,1,H,11,13,7,5,2.0095,1.0262,understat,,3,5,9,12,2,1,0,0,0.3191,0.2851,0.3958,0.2892,0.2769,0.4339,1,3.08,3.69,2.47,3.39,3.57,2.34,0.533,0.5243,0.8368,-0.8294,0.2092,0,12,1,0.8373,-0.1269,0,0,0,0,-0.0977,0.0278,,,,,,,,,,,,,,,,,pinnacle
spelad,L1,2024/25,2024-09-13,19:45,St Etienne,Lille,1,0,H,10,17,5,4,1.1774,2.7318,understat,,2,7,12,10,1,1,0,0,0.1846,0.255,0.5604,0.1788,0.2631,0.5581,1,5.5,3.83,1.86,5.57,3.86,1.75,0.5039,0.4961,-0.9481,1.0389,-0.802,1,9,-1,-0.3674,0.1753,1,0,0,0.0455,-0.0094,0.0094,,,,,,,,,,,,,,,,,pinnacle
spelad,L1,2024/25,2024-09-14,18:00,Auxerre,Monaco,0,3,A,13,19,3,9,0.4194,3.3767,understat,,1,6,13,16,3,0,0,0,0.239,0.2528,0.5083,0.2122,0.2418,0.546,1,4.1,4.07,1.94,4.81,4.2,1.87,0.6311,0.6099,-0.7829,0.7344,-1.1004,0,,,,,1,0,0,0.0852,-0.0913,0.0309,,,,,,,,,,,,,,,,,pinnacle
spelad,L1,2024/25,2024-09-14,16:00,Marseille,Nice,2,0,H,10,12,5,4,1.0269,1.7204,understat,,1,2,18,4,5,2,1,0,0.5491,0.242,0.2089,0.5159,0.2672,0.217,1,1.81,4.09,4.7,1.94,3.7,4.57,0.5538,0.4885,0.1388,0.3575,0.3278,1,13,1.1538,0.4077,-0.1244,0,0,0.0332,0.1174,-0.0745,-0.0187,,,,,,,,,,,,,,,,,pinnacle
spelad,L1,2024/25,2024-09-14,20:00,Paris SG,Brest,3,1,H,22,5,9,3,2.9125,1.0093,understat,,9,1,7,13,2,3,0,0,0.7456,0.1549,0.0995,0.7484,0.1593,0.0923,1,1.32,6.5,10.5,1.31,6.4,11,0.6612,0.662,0.1927,-0.1833,0.4414,-1,9,2.6667,0.3727,-0.0385,0,0,0,0,0.0129,-0.0189,,,,,,,,,,,,,,,,,pinnacle
spelad,L1,2024/25,2024-09-15,19:45,Lens,Lyon,0,0,D,12,8,5,3,0.6236,0.529,understat,,5,8,12,11,0,0,0,0,0.5169,0.253,0.23,0.5336,0.2452,0.2212,1,1.92,3.95,4.4,1.84,4.15,4.4,0.5652,0.6156,-0.7171,0.5587,-0.2904,-2,8,0,0.1922,-0.0035,0,0,0.0864,0.0351,0.0421,-0.012,,,,,,,,,,,,,,,,,pinnacle
spelad,L1,2024/25,2024-09-15,16:00,Nantes,Reims,1,2,A,18,11,6,4,1.4333,0.5492,understat,,6,3,14,5,3,1,0,0,0.3963,0.2858,0.3179,0.3864,0.2996,0.3141,1,2.49,3.47,3.1,2.52,3.35,3.18,0.4884,0.4478,-0.635,0.7734,-0.149,1,11,-1.3636,-0.5798,-0.1194,0,0,0.0595,0,-0.0162,0.0227,,,,,,,,,,,,,,,,,pinnacle
spelad,L1,2024/25,2024-09-15,14:00,Rennes,Montpellier,3,0,H,11,12,6,4,1.2687,0.3103,understat,,3,4,10,7,1,3,0,0,0.5887,0.2253,0.186,0.6724,0.1877,0.1399,1,1.68,4.4,5.5,1.47,5.21,7.37,0.5833,0.6565,-0.8699,0.8654,-0.3407,-1,14,1.2857,0.34,0.0148,0,0,0,0.0333,0.2134,-0.012,,,,,,,,,,,,,,,,,pinnacle
spelad,L1,2024/25,2024-09-15,16:00,Strasbourg,Angers,1,1,D,10,12,5,2,2.4792,0.8551,understat,,6,9,11,14,4,1,0,0,0.568,0.2513,0.1808,0.5922,0.2386,0.1692,1,1.76,3.99,5.5,1.67,4.18,6,0.4961,0.5026,0.2224,-0.5316,0.0854,2,11,0.2727,0.0645,0.0687,-1,0,0,0,0.06,-0.0159,,,,,,,,,,,,,,,,,pinnacle
spelad,L1,2024/25,2024-09-15,16:00,Toulouse,Le Havre,2,0,H,15,5,7,3,1.8674,0.1505,understat,,6,5,10,11,1,1,0,0,0.5203,0.2594,0.2203,0.5024,0.2762,0.2214,1,1.87,3.85,4.7,1.97,3.65,4.5,0.4742,0.4442,-0.3287,0.7743,-0.3823,1,,,,,0,0,0,0,-0.0369,-0.0049,,,,,,,,,,,,,,,,,pinnacle
spelad,L1,2024/25,2024-09-20,19:45,Nice,St Etienne,8,0,H,18,8,12,2,4.5001,0.3355,understat,,3,2,7,13,0,1,0,0,0.6248,0.2279,0.1474,0.6521,0.2183,0.1296,1,1.59,4.4,6.7,1.52,4.55,7.52,0.509,0.5192,0.1111,-0.2573,0.4046,-1,9,0,-0.0028,-0.1658,-1,0,0.0826,0.0317,0.0725,-0.0207,,,,,,,,,,,,,,,,,pinnacle
spelad,L1,2024/25,2024-09-21,16:00,Lille,Strasbourg,3,3,D,15,12,7,9,2.3021,3.0201,understat,,9,5,16,12,2,2,0,0,0.5551,0.2489,0.1959,0.6219,0.2175,0.1606,1,1.78,4.04,5.2,1.59,4.5,6.1,0.5193,0.5573,0.2328,0.0707,0.0701,2,14,1.5,0.4463,-0.067,0,0,0.0607,0,0.1688,-0.0284,,,,,,,,,,,,,,,,,pinnacle
spelad,L1,2024/25,2024-09-21,20:00,Reims,Paris SG,1,1,D,8,11,1,4,0.7603,1.9028,understat,,3,5,11,6,2,1,0,0,0.1393,0.1922,0.6685,0.1258,0.1882,0.686,1,7.1,5.2,1.49,7.8,5.4,1.43,0.6271,0.6429,0.6733,-0.6217,0.3586,-1,11,-1.0909,0.3843,0.1208,0,0,0,0.1307,-0.0446,0.0123,,,,,,,,,,,,,,,,,pinnacle
spelad,L1,2024/25,2024-09-21,18:00,Rennes,Lens,1,1,D,11,10,6,2,1.3464,0.8533,understat,,4,3,16,20,2,4,0,0,0.3968,0.2899,0.3133,0.4071,0.278,0.3149,1,2.47,3.5,3.14,2.48,3.58,3.12,0.4627,0.5026,-0.1618,-0.4879,-0.3243,0,8,-1.5,-0.9153,0.2169,0,0,0,0.0788,0.0191,-0.017,,,,,,,,,,,,,,,,,pinnacle
spelad,L1,2024/25,2024-09-22,16:00,Angers,Nantes,1,1,D,4,9,1,3,0.8249,1.2859,understat,,3,6,13,16,1,4,0,0,0.2918,0.3028,0.4054,0.305,0.3089,0.3861,1,3.37,3.39,2.4,3.38,3.36,2.52,0.4171,0.4069,0.2649,-0.4446,-0.2154,0,12,-0.5,-0.157,0.0327,1,0,0,0.0421,0.0456,-0.0226,,,,,,,,,,,,,,,,,pinnacle
spelad,L1,2024/25,2024-09-22,16:00,Brest,Toulouse,2,0,H,9,10,5,1,0.709,2.3505,understat,,4,3,15,18,1,1,0,0,0.4478,0.271,0.2812,0.3323,0.3071,0.3606,1,2.17,3.7,3.56,2.93,3.4,3,0.4859,0.4304,0.4789,-1.0263,-0.0676,1,6,1.5,0.5767,0.2326,0,0,0,0,-0.3105,0.0297,,,,,,,,,,,,,,,,,pinnacle
spelad,L1,2024/25,2024-09-22,19:45,Lyon,Marseille,2,3,A,18,6,9,5,3.8927,0.6756,understat,,10,3,13,7,4,3,0,1,0.3157,0.2471,0.4372,0.3386,0.2648,0.3966,1,3.12,4,2.29,2.96,3.85,2.47,0.6152,0.585,0.1236,0.5174,-0.0501,-1,13,0.6923,0.3679,-0.1125,0,0,0.0318,0,0.0862,-0.0066,,,,,,,,,,,,,,,,,pinnacle
spelad,L1,2024/25,2024-09-22,14:00,Monaco,Le Havre,3,1,H,14,9,4,2,1.8402,0.5805,understat,,6,4,10,17,1,3,0,0,0.6973,0.184,0.1187,0.6772,0.1993,0.1235,1,1.4,5.5,8.55,1.46,5,8.5,0.597,0.5758,0.2502,-0.2443,0.1868,1,,,,,0,0,0.0419,0,-0.0451,-0.0129,,,,,,,,,,,,,,,,,pinnacle
spelad,L1,2024/25,2024-09-22,16:00,Montpellier,Auxerre,3,2,H,14,11,5,6,1.784,1.4259,understat,,11,5,13,20,3,4,0,0,0.4048,0.2871,0.3081,0.4725,0.2623,0.2652,1,2.4,3.75,3.3,2.3,3.71,3.75,0.5436,0.5906,0.5193,-0.5638,0.2844,-1,,,,,-1,0,0,0,0.1782,-0.0619,,,,,,,,,,,,,,,,,pinnacle
spelad,L1,2024/25,2024-09-27,18:00,Auxerre,Brest,3,0,H,15,8,4,4,2.9504,0.7261,understat,,2,3,13,16,2,0,0,0,0.3404,0.288,0.3716,0.313,0.288,0.399,1,2.9,3.45,2.63,3.17,3.45,2.51,0.5077,0.5051,-0.7157,1.1547,-0.5688,0,,,,,1,0,0,0,-0.0821,0.0132,,,,,,,,,,,,,,,,,pinnacle
spelad,L1,2024/25,2024-09-27,20:00,Paris SG,Rennes,3,1,H,22,13,7,5,3.2241,2.0265,understat,,6,4,9,11,1,3,0,0,0.706,0.1825,0.1116,0.6765,0.197,0.1265,1,1.41,5.4,8.67,1.45,5.4,8.4,0.6025,0.5935,0.5396,-0.2325,0.5887,0,13,0.2308,-0.6785,-0.0345,0,0,0.2011,0,-0.0738,0.0043,,,,,,,,,,,,,,,,,pinnacle
spelad,L1,2024/25,2024-09-28,18:00,Le Havre,Lille,0,3,A,7,18,4,10,0.489,3.5706,understat,,1,5,11,9,2,1,0,0,0.2056,0.2605,0.5339,0.22,0.2748,0.5052,1,4.75,3.83,1.84,4.5,3.64,1.97,0.4692,0.4668,0.1085,0.0097,0.6268,-1,,,,,0,0,0,0.072,0.0574,0.0157,,,,,,,,,,,,,,,,,pinnacle
spelad,L1,2024/25,2024-09-28,16:00,Lens,Nice,0,0,D,22,15,7,4,2.0642,0.9614,understat,,11,4,16,7,4,2,1,0,0.4648,0.2827,0.2524,0.5008,0.2808,0.2183,1,2.1,3.63,3.9,1.97,3.56,4.5,0.4552,0.4566,0.2632,0.8,0.2,-1,8,-1.875,-0.919,-0.1651,0,0,0,0,0.1061,-0.0112,,,,,,,,,,,,,,,,,pinnacle
spelad,L1,2024/25,2024-09-28,20:00,Monaco,Montpellier,2,1,H,21,9,7,4,3.4571,0.7689,understat,,6,2,17,17,4,3,0,1,0.7178,0.1688,0.1134,0.7464,0.1548,0.0989,1,1.37,6.01,9.15,1.3,7,11,0.6659,0.7212,0.2442,-0.3949,0.8125,0,14,0.4286,-0.1945,0.0364,0,0,0,0,0.0717,0.0236,,,,,,,,,,,,,,,,,pinnacle
spelad,L1,2024/25,2024-09-29,16:00,Angers,Reims,1,3,A,14,21,3,10,1.0828,4.1812,understat,,5,4,7,11,0,3,0,0,0.2694,0.2949,0.4357,0.2574,0.2984,0.4442,1,3.63,3.37,2.27,3.82,3.32,2.22,0.4501,0.449,-1.1369,1.1256,-1.0705,-1,10,-0.3,-0.1918,0.1996,1,0,0.0831,0,-0.0326,0.0129,,,,,,,,,,,,,,,,,pinnacle
spelad,L1,2024/25,2024-09-29,16:00,Nantes,St Etienne,2,2,D,16,5,3,3,2.6156,1.0242,understat,,8,4,11,12,2,2,1,0,0.543,0.2605,0.1965,0.5458,0.2619,0.1924,1,1.84,3.84,5,1.82,3.84,5.3,0.4744,0.4578,-0.0862,-0.2327,0.5314,-2,10,-0.3,-0.2314,0.2071,-1,0,0.1187,0,0.0096,-0.0044,,,,,,,,,,,,,,,,,pinnacle
spelad,L1,2024/25,2024-09-29,19:45,Strasbourg,Marseille,1,0,H,14,10,6,3,1.6746,0.7824,understat,,8,3,17,7,2,1,0,0,0.2715,0.2524,0.4761,0.3059,0.2636,0.4304,1,3.63,4,2.08,3.32,3.83,2.26,0.5995,0.5779,-0.8163,0.716,-0.6219,1,13,-1.3846,-0.3966,0.279,0,0,0,0,0.1145,-0.0207,,,,,,,,,,,,,,,,,pinnacle
spelad,L1,2024/25,2024-09-29,14:00,Toulouse,Lyon,1,2,A,10,4,4,1,0.7166,0.7308,understat,,3,4,12,15,2,2,0,0,0.3874,0.2728,0.3398,0.4006,0.2727,0.3267,1,2.53,3.69,2.9,2.5,3.6,3.05,0.5347,0.5595,-0.8284,0.3929,-0.4787,0,10,-2.4,-0.5832,-0.0207,0,0,0,0,0.0396,-0.0048,,,,,,,,,,,,,,,,,pinnacle
spelad,L1,2024/25,2024-10-04,19:45,Marseille,Angers,1,1,D,13,8,4,3,0.8968,1.1944,understat,,9,3,12,9,4,0,1,1,0.7756,0.1459,0.0784,0.7565,0.1557,0.0878,1,1.26,7.01,14,1.29,6.5,13,0.6262,0.6176,0.6991,-0.9627,0.6066,0,12,1,-0.1538,0.2504,-1,0,0,0.06,-0.0476,-0.0089,,,,,,,,,,,,,,,,,pinnacle
spelad,L1,2024/25,2024-10-05,18:00,Lille,Toulouse,2,1,H,10,9,3,3,1.3775,1.4365,understat,,4,6,13,8,3,2,0,0,0.5517,0.2402,0.2081,0.5427,0.255,0.2024,1,1.79,4.1,4.76,1.87,4,4.84,0.5282,0.4974,0.5552,-0.8144,0.226,1,10,0.6,-0.0762,-0.0591,0,0,0,0,-0.0124,-0.0182,,,,,,,,,,,,,,,,,pinnacle
spelad,L1,2024/25,2024-10-05,20:00,Rennes,Monaco,1,2,A,14,5,3,2,0.6403,0.4987,understat,,10,4,9,16,2,4,0,0,0.3521,0.2653,0.3827,0.3526,0.2788,0.3686,1,2.77,3.83,2.58,3.06,3.56,2.64,0.5865,0.5434,-1.0025,0.39,-1.2753,1,13,-0.9231,-0.2274,-0.0284,0,0,0,0,0.0151,-0.0626,,,,,,,,,,,,,,,,,pinnacle
spelad,L1,2024/25,2024-10-05,16:00,St Etienne,Auxerre,3,1,H,13,11,5,3,2.4511,0.7196,understat,,5,4,13,10,3,1,0,0,0.3466,0.2787,0.3748,0.3022,0.294,0.4038,1,2.84,3.63,2.65,3.23,3.6,2.42,0.5064,0.491,0.3301,-0.2692,-0.1109,-2,,,,,0,0,0,0,-0.1177,0.0215,,,,,,,,,,,,,,,,,pinnacle
spelad,L1,2024/25,2024-10-06,16:00,Brest,Le Havre,2,0,H,8,14,3,0,0.8904,2.1191,understat,,1,9,19,11,4,0,1,1,0.5279,0.2721,0.2,0.526,0.2711,0.2029,1,1.88,3.72,4.9,1.92,3.69,4.8,0.4413,0.438,0.3594,-0.5991,0.0201,1,,,,,0,0,0.0502,0,-0.0067,-0.0134,,,,,,,,,,,,,,,,,pinnacle
spelad,L1,2024/25,2024-10-06,14:00,Lyon,Nantes,2,0,H,17,11,6,6,2.4332,0.7659,understat,,6,9,10,5,1,2,0,0,0.5384,0.244,0.2176,0.5768,0.2393,0.1839,1,1.85,4.04,4.75,1.8,4.1,5.77,0.5487,0.5671,0.584,0.0414,0.2676,0,13,1.1538,-0.0811,0.0829,0,0,0,0.0592,0.1105,-0.0365,,,,,,,,,,,,,,,,,pinnacle
spelad,L1,2024/25,2024-10-06,19:45,Nice,Paris SG,1,1,D,9,19,3,9,0.3265,0.8223,understat,,5,15,7,9,1,2,0,0,0.1902,0.2393,0.5706,0.1739,0.2247,0.6015,1,5.2,4.25,1.74,5.64,4.45,1.62,0.5638,0.5935,-0.9228,0.0048,-0.9785,-1,13,-1.6154,-0.0097,-0.0265,0,0,0,0.0687,-0.0636,0.0108,,,,,,,,,,,,,,,,,pinnacle
spelad,L1,2024/25,2024-10-06,16:00,Reims,Montpellier,4,2,H,18,10,5,3,3.7151,0.8741,understat,,4,4,15,13,3,5,0,0,0.5329,0.2417,0.2254,0.5811,0.2316,0.1873,1,1.86,4.12,4.4,1.71,4.25,5.25,0.59,0.6044,1.0984,-0.7998,1.3994,-1,11,0.2727,0.1082,0.0715,0,0,0,0,0.1344,-0.0199,,,,,,,,,,,,,,,,,pinnacle
spelad,L1,2024/25,2024-10-06,16:00,Strasbourg,Lens,2,2,D,8,12,5,5,1.3114,1.4301,understat,,3,5,15,18,2,4,0,0,0.3242,0.2785,0.3973,0.3603,0.282,0.3577,1,3.02,3.65,2.5,2.87,3.53,2.72,0.509,0.5154,0.3125,-0.8327,0.5039,-1,8,-0.375,0.1438,-0.1518,0,0,0,0.0433,0.1119,-0.0276,,,,,,,,,,,,,,,,,pinnacle
spelad,L1,2024/25,2024-10-18,19:45,Monaco,Lille,0,0,D,14,3,4,1,1.1914,0.1638,understat,,6,1,13,14,1,5,1,0,0.5006,0.259,0.2404,0.4562,0.2677,0.2761,1,2.03,3.87,4.1,2.15,3.76,3.93,0.562,0.5754,0.6252,-0.3259,0.8982,0,13,0.6923,0.119,0.046,0,0,0.1649,0,-0.1245,0.0302,,,,,,,,,,,,,,,,,pinnacle
spelad,L1,2024/25,2024-10-19,16:00,Brest,Rennes,1,1,D,12,6,2,4,1.4257,1.1445,understat,,2,4,18,15,2,2,0,0,0.3239,0.3008,0.3754,0.3563,0.3012,0.3425,1,3.05,3.42,2.59,2.73,3.35,2.85,0.4795,0.4529,1.1417,-1.1053,0.7827,-1,10,-1.2,-0.2426,0.1402,0,0,0.0437,0,0.0977,-0.0013,,,,,,,,,,,,,,,,,pinnacle
spelad,L1,2024/25,2024-10-19,20:00,Paris SG,Strasbourg,4,2,H,18,16,10,8,4.6698,2.2204,understat,,5,5,10,12,2,2,0,0,0.7593,0.1434,0.0973,0.7412,0.1554,0.1034,1,1.29,6.9,11,1.33,6.75,11,0.7091,0.7161,0.3642,-0.1292,0.2194,0,13,1.6154,-0.1677,0.1425,0,0,0.0758,0,-0.0422,0.0075,,,,,,,,,,,,,,,,,pinnacle
spelad,L1,2024/25,2024-10-19,18:00,St Etienne,Lens,0,2,A,15,13,1,5,0.7827,1.3559,understat,,2,7,12,16,1,2,0,0,0.1819,0.251,0.5671,0.164,0.2216,0.6144,1,5.5,4.02,1.76,6.06,4.5,1.58,0.5026,0.5649,0.6664,-0.9006,0.2108,1,4,-2.25,-0.7942,-0.0255,1,0,0,0.037,-0.0832,-0.0056,,,,,,,,,,,,,,,,,pinnacle
spelad,L1,2024/25,2024-10-20,16:00,Auxerre,Reims,2,1,H,10,15,8,3,2.8638,1.2287,understat,,5,9,6,10,2,3,0,0,0.3481,0.2797,0.3722,0.2886,0.2732,0.4381,1,2.78,3.73,2.65,3.45,3.56,2.3,0.5524,0.5547,-1.16,0.9826,-1.418,1,,,,,1,0,0,0,-0.1849,0.0206,,,,,,,,,,,,,,,,,pinnacle
spelad,L1,2024/25,2024-10-20,14:00,Le Havre,Lyon,0,4,A,7,16,1,8,0.3603,2.7668,understat,,4,6,17,11,3,4,0,0,0.2489,0.2705,0.4805,0.1998,0.2465,0.5537,1,3.89,3.87,2.02,5.12,4.1,1.75,0.5398,0.5779,-0.341,-0.1825,-0.2755,0,,,,,0,0,0,0,-0.1715,0.0018,,,,,,,,,,,,,,,,,pinnacle
spelad,L1,2024/25,2024-10-20,19:45,Montpellier,Marseille,0,5,A,13,21,5,10,1.7568,3.8811,understat,,3,2,11,18,1,3,1,0,0.2211,0.2392,0.5398,0.2144,0.2361,0.5495,1,4.5,4.29,1.81,4.82,4.25,1.79,0.6133,0.6256,-0.7752,0.9676,-0.6368,-2,13,-1.1538,-0.2754,0.1995,0,0,0,0.1143,-0.0232,-0.0128,,,,,,,,,,,,,,,,,pinnacle
spelad,L1,2024/25,2024-10-20,16:00,Nantes,Nice,1,1,D,11,13,7,7,0.8323,0.7769,understat,,4,8,10,11,2,1,0,0,0.2969,0.3063,0.3967,0.3314,0.3064,0.3622,1,3.26,3.39,2.48,2.97,3.35,2.72,0.4232,0.4476,-0.172,1.2343,-0.0836,0,13,-0.6923,-0.2553,0.0149,0,0,0,0.0585,0.1035,-0.0014,,,,,,,,,,,,,,,,,pinnacle
spelad,L1,2024/25,2024-10-20,16:00,Toulouse,Angers,1,1,D,18,8,6,4,2.4378,1.473,understat,,8,2,11,9,2,4,0,0,0.6019,0.2438,0.1543,0.6516,0.2212,0.1272,1,1.64,4.09,6.5,1.53,4.5,8.3,0.4564,0.4936,-0.5955,1.1841,-0.302,-1,7,1.2857,0.5605,-0.0019,-1,0,0,0.0643,0.1265,-0.0225,,,,,,,,,,,,,,,,,pinnacle
spelad,L1,2024/25,2024-10-25,19:45,Rennes,Le Havre,1,0,H,20,5,4,1,1.8415,0.2723,understat,,14,0,10,7,2,4,0,1,0.6512,0.222,0.1268,0.6336,0.2276,0.1389,1,1.52,4.56,7.8,1.56,4.7,8.1,0.5,0.5115,-0.1459,-0.6964,-0.3207,1,,,,,0,0,0,0.0608,-0.0472,0.0088,,,,,,,,,,,,,,,,,pinnacle
spelad,L1,2024/25,2024-10-26,16:00,Angers,St Etienne,4,2,H,13,19,8,7,3.2678,1.33,understat,,2,3,10,13,1,3,0,0,0.3903,0.3034,0.3063,0.425,0.2862,0.2888,1,2.5,3.47,3.18,2.31,3.57,3.47,0.4501,0.4859,-0.4652,-0.2211,-0.2329,-1,9,-1,-0.5894,0.1506,0,0,0.0503,0,0.0869,-0.0033,,,,,,,,,,,,,,,,,pinnacle
spelad,L1,2024/25,2024-10-26,20:00,Lens,Lille,0,2,A,11,11,4,3,0.8653,1.4764,understat,,8,2,16,14,4,4,0,0,0.4067,0.2889,0.3044,0.4627,0.2875,0.2498,1,2.39,3.56,3.23,2.2,3.47,3.89,0.4807,0.4602,-0.1862,0.3178,0.0259,-1,8,-0.75,-0.2065,-0.0377,0,0,0.0611,0.0648,0.1666,-0.0315,,,,,,,,,,,,,,,,,pinnacle
spelad,L1,2024/25,2024-10-26,18:00,Reims,Brest,1,2,A,11,13,3,4,1.4491,1.6409,understat,,7,3,15,11,3,2,0,0,0.4404,0.2729,0.2867,0.5112,0.2744,0.2144,1,2.23,3.73,3.41,1.95,3.65,4.6,0.5244,0.4731,0.1518,0.1539,0.5654,-1,10,-0.3,-0.3242,0.2185,0,0,0.0764,0.0359,0.2138,-0.0152,,,,,,,,,,,,,,,,,pinnacle
spelad,L1,2024/25,2024-10-27,14:00,Lyon,Auxerre,2,2,D,12,17,8,4,2.2118,1.0609,understat,,5,4,7,14,0,4,0,0,0.6463,0.1969,0.1568,0.6644,0.1913,0.1443,1,1.55,5,6.2,1.49,5.44,6.8,0.6549,0.6705,0.1257,-0.0624,0.293,0,,,,,-1,0,0.0501,0,0.0487,-0.008,,,,,,,,,,,,,,,,,pinnacle
spelad,L1,2024/25,2024-10-27,19:45,Marseille,Paris SG,0,3,A,5,19,1,8,0.278,4.0422,understat,,1,2,4,7,1,0,1,0,0.2546,0.2389,0.5065,0.2346,0.2404,0.525,1,3.9,4.19,1.99,4.21,4.1,1.89,0.6329,0.6274,0.4659,-1.3145,0.0436,-1,13,-2.0769,-0.2662,-0.039,0,0,0.059,0.0594,-0.0585,0.0118,,,,,,,,,,,,,,,,,pinnacle
spelad,L1,2024/25,2024-10-27,16:00,Montpellier,Toulouse,0,3,A,9,15,2,6,0.2414,2.8871,understat,,1,3,8,20,1,2,1,0,0.2995,0.2628,0.4377,0.2827,0.2628,0.4544,1,3.26,3.79,2.28,3.44,3.8,2.21,0.5524,0.58,0.7559,-0.4105,0.1998,0,9,1,0.4704,-0.2743,0,0,0,0,-0.0503,0.0207,,,,,,,,,,,,,,,,,pinnacle
spelad,L1,2024/25,2024-10-27,16:00,Nice,Monaco,2,1,H,17,11,9,5,1.7944,0.7967,understat,,6,6,16,11,2,5,0,1,0.2891,0.2767,0.4343,0.2405,0.2612,0.4983,1,3.36,3.73,2.28,4.26,3.81,1.97,0.5256,0.5422,-0.5149,-0.9293,-0.7703,-2,14,-0.2143,0.2304,-0.0538,0,0,0.0543,0.2635,-0.1612,0.0109,,,,,,,,,,,,,,,,,pinnacle
spelad,L1,2024/25,2024-10-27,16:00,Strasbourg,Nantes,3,1,H,9,8,5,6,1.9968,0.7619,understat,,5,4,15,17,2,3,0,0,0.5145,0.2621,0.2234,0.4859,0.2777,0.2364,1,1.92,3.88,4.33,2.06,3.6,4.2,0.5129,0.4949,0.1021,-0.1497,0.185,1,13,0.2308,0.1549,-0.1366,0,0,0.1785,0.0449,-0.0703,-0.0108,,,,,,,,,,,,,,,,,pinnacle
spelad,L1,2024/25,2024-11-01,20:00,Lille,Lyon,1,1,D,14,14,2,3,1.6724,1.5801,understat,,4,9,12,10,3,1,0,0,0.4324,0.2636,0.304,0.4267,0.2594,0.3138,1,2.26,3.89,3.3,2.28,3.84,3.23,0.5885,0.6025,0.2852,-0.5312,-0.0741,1,14,0.8571,0.5152,0.1701,0,0,0.0582,0.0431,-0.0211,0.0041,,,,,,,,,,,,,,,,,pinnacle
spelad,L1,2024/25,2024-11-01,18:00,Monaco,Angers,0,1,A,11,10,3,3,1.4753,0.5,understat,,4,4,16,12,1,1,0,0,0.7963,0.1286,0.075,0.7631,0.1446,0.0923,1,1.23,7.7,14.5,1.29,7.3,14,0.6728,0.6974,0.3521,0.1271,0.3315,-1,12,2,0.5068,-0.0746,-1,0,0.2488,0.0337,-0.0836,0.0193,,,,,,,,,,,,,,,,,pinnacle
spelad,L1,2024/25,2024-11-02,18:00,Brest,Nice,0,1,A,16,12,6,3,1.0202,1.9209,understat,,6,2,9,4,0,2,0,0,0.3573,0.3054,0.3373,0.3192,0.3091,0.3716,1,2.75,3.31,2.87,3.08,3.2,2.65,0.4351,0.4175,0.6708,-0.524,0.0498,1,10,-0.6,-0.1777,0.1229,0,0,0,0.0449,-0.1103,0.0054,,,,,,,,,,,,,,,,,pinnacle
spelad,L1,2024/25,2024-11-02,16:00,Paris SG,Lens,1,0,H,18,13,8,2,2.7693,0.8034,understat,,7,4,3,20,1,5,0,1,0.674,0.1924,0.1337,0.6832,0.1913,0.1255,1,1.47,5.2,7.3,1.46,5.4,8.3,0.6195,0.6247,0.4675,-0.4167,0.5464,-1,8,0.75,-0.2348,0.0244,0,0,0.0498,0.0567,0.0266,-0.0198,,,,,,,,,,,,,,,,,pinnacle
spelad,L1,2024/25,2024-11-02,20:00,St Etienne,Strasbourg,2,0,H,13,9,3,3,2.8274,0.4512,understat,,2,3,9,4,2,1,0,0,0.2569,0.2528,0.4903,0.3747,0.2836,0.3417,1,3.83,3.96,2.02,3.75,3.78,2.75,0.5763,0.5316,0.1992,0.4386,-0.3967,1,9,0,-0.0156,0.0472,1,0,0,0.1557,0.3842,-0.2686,,,,,,,,,,,,,,,,,pinnacle
spelad,L1,2024/25,2024-11-03,16:00,Auxerre,Rennes,4,0,H,16,7,8,4,2.399,0.7019,understat,,3,8,11,15,0,2,0,0,0.2758,0.2697,0.4545,0.2753,0.2707,0.4541,1,3.6,3.66,2.15,3.54,3.7,2.18,0.5373,0.5408,0.284,-0.1994,0.2519,-2,,,,,1,0,0,0,-0.0006,0.0127,,,,,,,,,,,,,,,,,pinnacle
spelad,L1,2024/25,2024-11-03,16:00,Le Havre,Montpellier,1,0,H,12,15,4,1,1.7998,0.7227,understat,,2,10,11,13,2,1,0,0,0.425,0.2875,0.2875,0.4231,0.2949,0.2821,1,2.29,3.56,3.37,2.3,3.5,3.45,0.5116,0.4719,-0.1144,-0.1194,0.4178,2,,,,,0,0,0.0587,0.2089,0.0017,-0.0013,,,,,,,,,,,,,,,,,pinnacle
spelad,L1,2024/25,2024-11-03,19:45,Nantes,Marseille,1,2,A,7,9,3,4,1.259,0.8762,understat,,2,5,16,6,1,1,0,0,0.2586,0.2764,0.465,0.2749,0.2829,0.4423,1,3.95,3.63,2.08,3.86,3.52,2.2,0.4936,0.5026,-0.9438,1.5858,-0.1933,0,14,-0.8571,-0.0254,0.0228,0,0,0.1214,0,0.0552,-0.0051,,,,,,,,,,,,,,,,,pinnacle
spelad,L1,2024/25,2024-11-03,14:00,Toulouse,Reims,1,0,H,13,13,6,2,0.9101,0.8187,understat,,6,7,16,15,0,3,0,0,0.4564,0.2749,0.2688,0.5037,0.2708,0.2255,1,2.15,3.65,3.75,1.97,3.68,4.47,0.5,0.477,-1.1592,1.2211,-0.8848,-1,7,0.4286,0.4049,0.0013,0,0,0,0.0677,0.1378,-0.0035,,,,,,,,,,,,,,,,,pinnacle
spelad,L1,2024/25,2024-11-08,19:45,Marseille,Auxerre,1,3,A,19,10,5,6,2.0283,2.0947,understat,,5,3,13,16,3,2,0,0,0.6904,0.181,0.1285,0.6684,0.1915,0.1401,1,1.44,5.4,7.8,1.5,5.1,7,0.6364,0.6265,0.9496,-1.322,0.2152,0,,,,,0,0,0,0.066,-0.0556,-0.0212,,,,,,,,,,,,,,,,,pinnacle
spelad,L1,2024/25,2024-11-09,20:00,Angers,Paris SG,2,4,A,10,26,3,12,1.2148,4.381,understat,,6,8,5,16,0,3,0,0,0.0831,0.1452,0.7717,0.0845,0.1605,0.7549,1,13,7.02,1.27,13,6.7,1.3,0.6604,0.6344,0.0591,-0.8343,0.0282,1,11,-3,-0.372,-0.1356,0,0,0.032,0,0.0195,0,,,,,,,,,,,,,,,,,pinnacle
spelad,L1,2024/25,2024-11-09,18:00,Lens,Nantes,3,2,H,15,9,3,3,3.7471,1.4989,understat,,6,1,14,8,2,0,0,0,0.5991,0.2399,0.161,0.5981,0.2517,0.1502,1,1.65,4.12,6.2,1.69,3.92,6.45,0.4692,0.4515,0.388,-0.5743,0.0758,1,8,0.75,-0.1048,0.2342,0,0,0.0531,0.1058,0.0089,-0.0502,,,,,,,,,,,,,,,,,pinnacle
spelad,L1,2024/25,2024-11-09,16:00,Strasbourg,Monaco,1,3,A,5,19,2,8,0.7712,3.4257,understat,,1,2,16,18,5,2,0,0,0.2618,0.2647,0.4735,0.2403,0.2645,0.4952,1,3.77,4.08,2.08,4.04,3.8,2.02,0.6015,0.5682,-0.2107,-0.1272,0.0656,-1,14,-0.4286,0.2283,-0.1116,0,0,0.1513,0.171,-0.0648,0.0418,,,,,,,,,,,,,,,,,pinnacle
spelad,L1,2024/25,2024-11-10,16:00,Le Havre,Reims,0,3,A,10,18,3,7,1.5104,2.6995,understat,,8,7,10,17,1,4,0,0,0.2825,0.2999,0.4176,0.2724,0.3048,0.4228,1,3.43,3.52,2.33,3.7,3.25,2.4,0.4552,0.4257,-0.4305,0.6734,-0.4701,0,,,,,0,0,0,0,-0.0253,0.018,,,,,,,,,,,,,,,,,pinnacle
spelad,L1,2024/25,2024-11-10,19:45,Lyon,St Etienne,1,0,H,17,10,7,6,2.2865,0.7031,understat,,7,6,11,13,3,2,0,0,0.7086,0.1679,0.1235,0.7275,0.1649,0.1076,1,1.37,5.99,8.7,1.35,6.01,9.3,0.6713,0.6831,-0.3586,0.0142,0.0278,1,10,1.8,0.3241,-0.0384,0,0,0.0392,0,0.0537,-0.0066,,,,,,,,,,,,,,,,,pinnacle
spelad,L1,2024/25,2024-11-10,16:00,Montpellier,Brest,3,1,H,14,19,8,6,3.0376,1.8867,understat,,3,7,18,13,5,1,0,0,0.2835,0.277,0.4395,0.3259,0.3036,0.3705,1,3.41,3.75,2.23,3.04,3.35,2.63,0.5296,0.4453,-0.7563,1.2687,-0.9594,-1,9,0.3333,0.1608,-0.0506,0,0,0.1902,0,0.1537,0.0057,,,,,,,,,,,,,,,,,pinnacle
spelad,L1,2024/25,2024-11-10,14:00,Nice,Lille,2,2,D,17,13,5,6,1.9298,2.1956,understat,,6,2,12,9,2,2,0,0,0.3799,0.2972,0.3229,0.4108,0.2941,0.295,1,2.57,3.46,3.01,2.4,3.37,3.36,0.4552,0.4694,0.1372,-0.4456,0.6133,-1,13,0.4615,0.3286,0.111,0,0,0.0388,0.0414,0.0897,-0.0125,,,,,,,,,,,,,,,,,pinnacle
spelad,L1,2024/25,2024-11-10,16:00,Rennes,Toulouse,0,2,A,7,9,1,2,0.3128,1.3156,understat,,5,3,16,16,3,1,0,0,0.4318,0.287,0.2812,0.4141,0.2837,0.3022,1,2.24,3.54,3.5,2.41,3.5,3.31,0.4602,0.4745,0.1957,-0.4112,-0.25,0,10,0.3,-0.1183,0.0267,0,0,0,0,-0.0565,-0.0013,,,,,,,,,,,,,,,,,pinnacle
spelad,L1,2024/25,2024-11-22,18:00,Monaco,Brest,3,2,H,10,12,4,4,2.5578,1.3868,understat,,2,8,7,12,2,2,0,0,0.6326,0.2195,0.148,0.6053,0.2311,0.1636,1,1.57,4.55,6.6,1.6,4.4,6.59,0.5448,0.5296,-0.5053,1.1249,0.0723,1,9,1.6667,0.3935,-0.226,0,0,0.2212,0,-0.0702,0.0179,,,,,,,,,,,,,,,,,pinnacle
spelad,L1,2024/25,2024-11-22,20:00,Paris SG,Toulouse,3,0,H,17,11,8,2,1.6322,1.8416,understat,,7,5,11,14,1,2,0,0,0.7076,0.1769,0.1155,0.697,0.1775,0.1255,1,1.43,5.67,8.89,1.44,5.66,8.31,0.6405,0.6743,0.5232,-0.0029,0.1895,1,9,2,0.017,-0.0345,0,0,0.0464,0,-0.031,-0.0247,,,,,,,,,,,,,,,,,pinnacle
spelad,L1,2024/25,2024-11-23,16:00,Lens,Marseille,1,3,A,16,7,7,4,2.1723,1.3789,understat,,6,0,17,9,3,3,0,0,0.4193,0.2752,0.3055,0.4139,0.2886,0.2975,1,2.38,3.6,3.23,2.37,3.55,3.31,0.5448,0.5064,-0.8328,1.4071,-0.2095,-1,8,1.125,0.7341,-0.1553,0,0,0.0407,0,-0.0027,0.0013,,,,,,,,,,,,,,,,,pinnacle
spelad,L1,2024/25,2024-11-23,20:00,Reims,Lyon,1,1,D,14,13,6,7,1.173,1.9268,understat,,4,2,11,13,2,0,0,0,0.3384,0.2567,0.4049,0.3098,0.2572,0.4329,1,2.94,3.83,2.48,3.29,3.83,2.33,0.598,0.6189,0.2918,-0.5836,-0.0347,0,11,0.2727,0.447,0.3071,0,0,0,0.0344,-0.0851,0.0003,,,,,,,,,,,,,,,,,pinnacle
spelad,L1,2024/25,2024-11-23,18:00,St Etienne,Montpellier,1,0,H,11,11,4,3,1.273,0.8628,understat,,5,11,19,11,3,5,0,0,0.407,0.2816,0.3114,0.394,0.2879,0.318,1,2.42,3.6,3.13,2.47,3.43,3.19,0.5587,0.5192,0.222,-0.0589,0.5921,0,10,-0.6,-0.2917,-0.0908,0,0,0,0.2107,-0.0325,0.0178,,,,,,,,,,,,,,,,,pinnacle
spelad,L1,2024/25,2024-11-24,16:00,Auxerre,Angers,1,0,H,10,10,6,5,0.6831,1.1415,understat,,2,2,13,7,4,1,0,0,0.5361,0.2594,0.2045,0.5466,0.256,0.1974,1,1.89,3.98,4.75,1.84,3.88,5.13,0.5373,0.5308,-0.0932,0.3099,0.1649,1,,,,,0,0,0.0556,0,0.0281,-0.0144,,,,,,,,,,,,,,,,,pinnacle
spelad,L1,2024/25,2024-11-24,14:00,Lille,Rennes,1,0,H,5,4,2,1,0.6415,0.1781,understat,,3,3,19,16,3,2,0,0,0.5,0.2718,0.2281,0.4982,0.2849,0.2169,1,1.98,3.6,4.54,1.95,3.69,4.6,0.5116,0.4453,0.3786,-0.6479,0.5859,0,14,0.4286,0.1196,0.1422,0,0,0.1193,0,0.0077,0.0159,,,,,,,,,,,,,,,,,pinnacle
spelad,L1,2024/25,2024-11-24,16:00,Nantes,Le Havre,0,2,A,18,7,4,5,0.8469,0.9771,understat,,9,2,14,12,2,1,0,0,0.5057,0.2963,0.1979,0.4998,0.2938,0.2063,1,2,3.46,4.92,1.98,3.47,5.13,0.3995,0.3966,-0.5078,-0.2323,-0.2766,1,,,,,0,0,0.0916,0,-0.0202,-0.0033,,,,,,,,,,,,,,,,,pinnacle
spelad,L1,2024/25,2024-11-24,19:45,Nice,Strasbourg,2,1,H,15,10,5,3,2.0383,0.5242,understat,,4,7,16,8,2,0,0,0,0.5303,0.2567,0.213,0.5361,0.2501,0.2137,1,1.87,3.98,4.75,1.82,4,4.82,0.5347,0.5682,0.211,-0.3792,0.4566,-1,13,-0.4615,-0.2564,-0.0605,0,0,0.1683,0.144,0.011,0.0096,,,,,,,,,,,,,,,,,pinnacle
spelad,L1,2024/25,2024-11-29,19:45,Reims,Lens,0,2,A,16,11,3,6,0.5893,1.4079,understat,,3,1,14,12,1,2,0,0,0.3,0.2928,0.4072,0.2977,0.2923,0.41,1,3.29,3.41,2.4,3.26,3.46,2.38,0.4859,0.4871,0.235,-0.5566,0.3714,0,8,-1.5,-0.6504,0.218,0,0,0,0.0356,-0.0074,0.0071,,,,,,,,,,,,,,,,,pinnacle
spelad,L1,2024/25,2024-11-30,18:00,Brest,Strasbourg,3,1,H,11,12,8,4,2.9042,0.9303,understat,,4,3,15,8,3,2,0,0,0.4282,0.2749,0.2969,0.4561,0.2849,0.259,1,2.29,3.64,3.3,2.2,3.5,3.75,0.5064,0.4859,0.4691,-0.447,0.0376,2,9,0,0.1066,0.0518,0,0,0,0.1392,0.0935,-0.0248,,,,,,,,,,,,,,,,,pinnacle
spelad,L1,2024/25,2024-11-30,20:00,Paris SG,Nantes,1,1,D,24,5,10,2,3.8584,0.7427,understat,,9,3,3,6,0,0,0,0,0.79,0.1311,0.0789,0.8309,0.115,0.0541,1,1.23,7.8,14.7,1.21,8.38,18.5,0.6728,0.6667,1.1375,-0.5297,1.1771,2,14,1.7143,-0.0415,-0.1577,0,0,0.0435,0.0853,0.1068,-0.038,,,,,,,,,,,,,,,,,pinnacle
spelad,L1,2024/25,2024-11-30,16:00,Rennes,St Etienne,5,0,H,18,2,9,0,3.0181,0.1684,understat,,6,1,14,12,0,1,0,1,0.6426,0.2095,0.1478,0.6098,0.2336,0.1566,1,1.52,4.75,7,1.67,4.45,6.2,0.5387,0.4821,-0.6429,0.4867,-1.0107,-1,9,1.3333,0.3502,0.0568,0,0,0,0.0406,-0.0745,-0.015,,,,,,,,,,,,,,,,,pinnacle
spelad,L1,2024/25,2024-12-01,16:00,Le Havre,Angers,0,1,A,5,12,1,3,0.3226,2.1037,understat,,2,4,8,10,2,0,0,0,0.4084,0.3174,0.2742,0.4144,0.3151,0.2705,1,2.37,3.44,3.53,2.47,3.14,3.6,0.4278,0.4045,-0.2602,1.1127,-0.489,0,,,,,0,0,0,0,0.0156,-0.0406,,,,,,,,,,,,,,,,,pinnacle
spelad,L1,2024/25,2024-12-01,16:00,Lyon,Nice,4,1,H,16,16,8,7,2.8847,2.0362,understat,,5,4,11,11,1,2,0,0,0.501,0.2498,0.2492,0.5681,0.2291,0.2028,1,1.99,3.98,3.88,1.83,4.33,4.8,0.5793,0.6298,-0.5612,1.1305,-0.4572,1,14,0,-0.3841,-0.0882,0,0,0,0.1459,0.1806,-0.0342,,,,,,,,,,,,,,,,,pinnacle
spelad,L1,2024/25,2024-12-01,19:45,Marseille,Monaco,2,1,H,9,7,4,4,1.6563,0.9586,understat,,5,3,15,16,0,1,0,0,0.3639,0.2638,0.3723,0.3674,0.2774,0.3553,1,2.74,3.75,2.66,2.71,3.6,2.75,0.6005,0.5609,0.6315,-1.7408,-0.0773,-1,13,0.2308,0.1598,0.0474,0,0,0,0.0989,0.0239,-0.0054,,,,,,,,,,,,,,,,,pinnacle
spelad,L1,2024/25,2024-12-01,14:00,Montpellier,Lille,2,2,D,11,13,5,4,1.2824,2.0649,understat,,7,2,9,21,4,5,1,1,0.2156,0.2624,0.522,0.2147,0.2679,0.5174,1,4.5,3.99,1.92,5.16,3.88,1.88,0.555,0.5192,-0.5246,0.5016,-0.7739,1,13,-1.6154,-0.5381,0.0351,0,0,0.1945,0.0801,0.0029,-0.0276,,,,,,,,,,,,,,,,,pinnacle
spelad,L1,2024/25,2024-12-01,16:00,Toulouse,Auxerre,2,0,H,12,4,7,0,2.7862,0.1296,understat,,6,2,14,12,0,0,0,0,0.5575,0.2512,0.1914,0.5783,0.2485,0.1732,1,1.78,4.1,5.25,1.72,3.95,5.7,0.5398,0.5359,-1.1206,1.7095,-0.987,2,,,,,0,0,0,0,0.0599,-0.0216,,,,,,,,,,,,,,,,,pinnacle
spelad,L1,2024/25,2024-12-06,20:00,Auxerre,Paris SG,0,0,D,6,25,2,11,0.3415,3.0454,understat,,3,15,8,7,2,1,0,0,0.1077,0.162,0.7303,0.0984,0.1603,0.7412,1,9.3,6.2,1.33,10.5,6.3,1.33,0.6918,0.681,0.4186,-1.29,0.6406,-1,,,,,0,0,0.0522,0.0376,-0.0295,0.0026,,,,,,,,,,,,,,,,,pinnacle
spelad,L1,2024/25,2024-12-06,18:00,Lille,Brest,3,1,H,10,7,6,3,3.0104,0.7404,understat,,2,1,13,16,1,1,0,0,0.5784,0.2544,0.1672,0.588,0.258,0.154,1,1.77,3.92,6,1.77,3.82,6.3,0.459,0.477,0.2323,-0.0702,0.5693,-1,9,0.3333,-0.4605,0.1987,0,0,0.0713,0,0.0324,-0.0444,,,,,,,,,,,,,,,,,pinnacle
spelad,L1,2024/25,2024-12-07,20:00,Angers,Lyon,0,3,A,10,16,2,10,0.5054,2.027,understat,,2,7,13,13,0,2,0,0,0.1955,0.2273,0.5772,0.1836,0.2279,0.5885,1,5,4.4,1.7,5.56,4.4,1.7,0.5995,0.591,-0.1523,-0.0078,0.111,0,11,-1.9091,-0.2723,-0.0373,0,0,0,0,-0.0352,0.0076,,,,,,,,,,,,,,,,,pinnacle
spelad,L1,2024/25,2024-12-07,16:00,Monaco,Toulouse,2,0,H,19,6,5,3,2.8043,0.2325,understat,,2,3,15,16,2,2,0,0,0.5632,0.2378,0.199,0.5134,0.2615,0.2251,1,1.74,4.16,5,1.92,4,4.5,0.5612,0.5385,0.1079,0.008,-0.3871,0,9,1,0.014,-0.0146,0,0,0.0395,0,-0.1258,-0.0113,,,,,,,,,,,,,,,,,pinnacle
spelad,L1,2024/25,2024-12-07,18:00,Nice,Le Havre,2,1,H,17,12,5,2,2.276,1.4288,understat,,5,8,10,10,3,2,0,0,0.5928,0.2478,0.1594,0.5998,0.2435,0.1567,1,1.65,4,6.25,1.62,4.1,6.5,0.4859,0.5064,0.3754,-0.3456,0.7196,0,,,,,0,0,0.2271,0.1193,0.0167,-0.0044,,,,,,,,,,,,,,,,,pinnacle
spelad,L1,2024/25,2024-12-08,14:00,Lens,Montpellier,2,0,H,18,7,4,4,1.1027,1.5182,understat,,6,3,15,7,2,3,0,0,0.7196,0.1773,0.1031,0.6857,0.2006,0.1137,1,1.39,5.6,9.35,1.43,5,8.7,0.6074,0.5671,-0.0309,0.437,0.2833,2,8,0.375,-0.3215,0.1263,0,0,0,0.0532,-0.0785,-0.0111,,,,,,,,,,,,,,,,,pinnacle
spelad,L1,2024/25,2024-12-08,16:00,Nantes,Rennes,1,0,H,14,5,2,3,1.7097,0.2859,understat,,5,4,15,9,1,1,0,1,0.3065,0.3075,0.3859,0.2939,0.32,0.3861,1,3.16,3.25,2.54,3.72,3.2,2.52,0.4304,0.3735,-0.2156,-0.2856,-0.1664,0,14,-1.5,-0.4207,-0.0682,0,0,0,0,-0.0254,-0.0206,,,,,,,,,,,,,,,,,pinnacle
spelad,L1,2024/25,2024-12-08,19:45,St Etienne,Marseille,0,2,A,3,21,2,10,0.1668,2.9851,understat,,0,9,13,10,1,1,0,0,0.1884,0.2363,0.5753,0.1617,0.2282,0.6101,1,5.5,4.2,1.7,6.64,4.41,1.67,0.5524,0.5524,-0.3457,0.9196,0.2752,1,10,-0.9,-0.0058,-0.1699,0,0,0.162,0,-0.0882,0.0063,,,,,,,,,,,,,,,,,pinnacle
spelad,L1,2024/25,2024-12-08,16:00,Strasbourg,Reims,0,0,D,7,11,2,3,1.0949,1.2846,understat,,3,2,13,16,1,2,0,0,0.3966,0.2765,0.3269,0.3895,0.2815,0.329,1,2.45,3.55,3.05,2.6,3.55,3.02,0.5487,0.5308,0.24,-0.5747,-0.0123,-1,12,0,-0.0615,0.0355,0,0,0,0.0546,-0.0162,-0.0162,,,,,,,,,,,,,,,,,pinnacle
spelad,L1,2024/25,2024-12-13,19:45,Toulouse,St Etienne,2,1,H,11,3,4,2,1.7325,0.3883,understat,,2,3,16,15,3,4,0,0,0.6968,0.1933,0.1099,0.6643,0.2136,0.122,1,1.42,5.21,9,1.48,5,8.62,0.5584,0.5347,-0.1708,0.1628,0.0923,1,5,-1.8,-0.7024,0.1312,0,0,0,0.1596,-0.0769,0.0209,,,,,,,,,,,,,,,,,pinnacle
spelad,L1,2024/25,2024-12-14,18:00,Auxerre,Lens,2,2,D,10,16,3,5,0.5103,1.7377,understat,,3,5,10,10,3,1,0,0,0.2383,0.2756,0.4861,0.2018,0.2528,0.5454,1,4.16,3.73,1.99,4.81,3.97,2.05,0.5141,0.5345,0.557,-1.1078,0.7404,2,,,,,0,0,0.0509,0.0324,-0.1322,0.036,,,,,,,,,,,,,,,,,pinnacle
spelad,L1,2024/25,2024-12-14,16:00,Marseille,Lille,1,1,D,9,10,3,5,1.2152,1.2401,understat,,3,8,14,9,1,3,1,0,0.4439,0.2765,0.2797,0.4631,0.2763,0.2607,1,2.21,3.6,3.5,2.25,3.57,3.73,0.5193,0.5051,0.1515,-0.3828,-0.1654,-2,14,-0.2143,-0.1654,-0.0645,0,0,0.0514,0.0613,0.0573,-0.0221,,,,,,,,,,,,,,,,,pinnacle
spelad,L1,2024/25,2024-12-14,20:00,Reims,Monaco,0,0,D,8,14,0,3,1.5207,1.3291,understat,,1,4,15,22,1,3,0,0,0.2535,0.266,0.4805,0.2801,0.2859,0.434,1,3.81,3.8,2.08,3.68,3.7,2.25,0.5573,0.5204,-0.1707,-0.3543,-0.2973,-1,12,0.25,0.4119,0.1542,0,0,0.0504,0.0348,0.0998,0.016,,,,,,,,,,,,,,,,,pinnacle
spelad,L1,2024/25,2024-12-15,16:00,Brest,Nantes,4,1,H,13,16,8,7,2.201,1.3991,understat,,0,5,10,14,3,3,0,0,0.4538,0.2911,0.255,0.4176,0.3129,0.2695,1,2.17,3.47,3.95,2.47,3.4,3.8,0.4146,0.3796,0.5557,-0.4675,0.4059,2,9,-0.6667,-0.3648,0.0426,0,0,0,0,-0.0869,0.0001,,,,,,,,,,,,,,,,,pinnacle
spelad,L1,2024/25,2024-12-15,16:00,Le Havre,Strasbourg,0,3,A,11,9,1,5,1.5833,1.3917,understat,,3,2,11,7,0,1,0,0,0.3034,0.3063,0.3903,0.2746,0.3047,0.4208,1,3.19,3.44,2.55,3.55,3.3,2.5,0.4807,0.4578,-0.093,0.8356,0.2526,1,,,,,0,0,0.1054,0,-0.0882,0.0206,,,,,,,,,,,,,,,,,pinnacle
spelad,L1,2024/25,2024-12-15,14:00,Montpellier,Nice,2,2,D,20,18,8,6,2.4512,1.5519,understat,,9,4,15,13,1,2,0,0,0.3271,0.2728,0.4001,0.3403,0.2575,0.4022,1,3.06,3.6,2.46,3.3,3.85,2.42,0.5487,0.6088,-0.6874,0.2615,-1.0113,-1,13,0.2308,0.2899,-0.1262,0,0,0.0471,0.2062,0.0243,-0.0358,,,,,,,,,,,,,,,,,pinnacle
spelad,L1,2024/25,2024-12-15,19:45,Paris SG,Lyon,3,1,H,13,7,6,3,2.5962,1.2395,understat,,4,3,7,8,2,3,0,0,0.684,0.1725,0.1435,0.6984,0.1669,0.1347,1,1.44,6,6.92,1.43,6,8,0.714,0.7063,-0.2553,1.2015,-0.3822,1,14,1.0714,-0.0441,-0.1306,0,0,0.1352,0,0.0377,-0.0082,,,,,,,,,,,,,,,,,pinnacle
spelad,L1,2024/25,2024-12-15,16:00,Rennes,Angers,2,0,H,7,3,4,0,0.6272,0.3918,understat,,2,1,18,12,3,1,0,0,0.5881,0.2423,0.1695,0.5836,0.2549,0.1615,1,1.69,4.09,5.69,1.67,4.2,6.14,0.491,0.4639,-0.4592,0.3556,-1.2821,-1,11,1.6364,0.545,-0.176,0,0,0,0,-0.001,0.007,,,,,,,,,,,,,,,,,pinnacle
spelad,L1,2024/25,2024-12-18,20:00,Monaco,Paris SG,2,4,A,15,17,5,12,3.1019,2.4065,understat,,1,9,11,11,2,0,0,0,0.2387,0.2524,0.5088,0.2195,0.2372,0.5433,1,4.05,4.06,1.93,4.62,4.1,1.9,0.6099,0.6161,-0.534,-0.0999,-0.6216,1,14,-0.6429,0.3852,0.0297,0,0,0.1446,0.1806,-0.0728,0.0185,,,,,,,,,,,,,,,,,pinnacle
spelad,L1,2024/25,2025-01-03,20:00,Nice,Rennes,3,2,H,9,10,6,5,1.5194,1.5045,understat,,3,3,11,14,3,3,1,0,0.4383,0.2845,0.2772,0.4021,0.2994,0.2985,1,2.25,3.52,3.51,2.42,3.32,3.38,0.4936,0.4478,0.3016,0.1756,0.8211,0,14,0.8571,0.5701,0.0015,0,0,0.1091,0,-0.0937,-0.0023,,,,,,,,,,,,,,,,,pinnacle
spelad,L1,2024/25,2025-01-04,18:00,Lille,Nantes,1,1,D,13,6,3,2,1.1342,1.0728,understat,,2,0,6,10,1,2,0,0,0.6385,0.2186,0.1428,0.6387,0.2279,0.1334,1,1.59,4.41,6.75,1.58,4.47,7.28,0.491,0.4885,0.6165,-0.4811,0.745,1,14,2.3571,0.9,-0.0634,0,0,0.1153,0,0.0099,-0.03,,,,,,,,,,,,,,,,,pinnacle
spelad,L1,2024/25,2025-01-04,20:00,Lyon,Montpellier,1,0,H,12,16,2,6,1.0773,1.5559,understat,,3,5,8,10,1,2,0,0,0.7197,0.166,0.1143,0.7116,0.1683,0.1201,1,1.37,5.89,8.9,1.38,6.22,8.5,0.6847,0.7052,0.4442,-0.9513,0.5866,0,13,0.4615,-0.2204,-0.0131,0,0,0,0.0397,-0.022,-0.0148,,,,,,,,,,,,,,,,,pinnacle
spelad,L1,2024/25,2025-01-04,16:00,St Etienne,Reims,3,1,H,14,11,4,1,3.1864,1.2761,understat,,6,9,19,10,2,1,0,0,0.2695,0.2846,0.4459,0.2718,0.2797,0.4485,1,3.6,3.63,2.17,3.79,3.56,2.19,0.4807,0.5204,0.3648,0.2,0.4319,1,8,-0.75,-0.4514,-0.0504,0,0,0.1623,0,0.0021,0.0006,,,,,,,,,,,,,,,,,pinnacle
spelad,L1,2024/25,2025-01-05,14:00,Angers,Brest,2,0,H,7,12,2,4,1.9012,0.6089,understat,,2,4,14,11,2,1,0,0,0.2888,0.2941,0.4171,0.2829,0.3099,0.4072,1,3.37,3.39,2.4,3.65,3.42,2.39,0.434,0.399,0.0366,0.4447,0.3923,0,8,0,-0.0601,-0.0459,0,0,0.0558,0,-0.002,-0.0081,,,,,,,,,,,,,,,,,pinnacle
spelad,L1,2024/25,2025-01-05,14:00,Lens,Toulouse,0,1,A,14,8,1,4,1.3289,2.1923,understat,,7,1,20,12,5,2,1,0,0.4883,0.2693,0.2423,0.4812,0.2746,0.2442,1,1.99,3.73,4.33,2.07,3.58,4.16,0.4692,0.5,-0.0749,-0.2094,-0.5123,-1,4,3,1.0412,-0.2326,0,0,0,0.0923,-0.0162,-0.0179,,,,,,,,,,,,,,,,,pinnacle
spelad,L1,2024/25,2025-01-05,19:45,Marseille,Le Havre,5,1,H,15,4,9,1,3.1749,0.8853,understat,,4,0,12,6,1,0,0,0,0.7393,0.1666,0.0941,0.7359,0.1769,0.0871,1,1.34,6,11,1.34,5.74,11.5,0.5854,0.5422,0.718,-1.1246,0.6962,1,,,,,0,0,0,0.093,0.0003,-0.0148,,,,,,,,,,,,,,,,,pinnacle
spelad,L1,2024/25,2025-01-05,14:00,Strasbourg,Auxerre,3,1,H,11,14,4,7,2.8972,1.7605,understat,,4,3,10,13,1,2,0,0,0.5136,0.2548,0.2316,0.5255,0.2499,0.2245,1,1.91,4.06,4.2,1.88,3.99,4.4,0.5649,0.584,-0.7306,0.5855,-1.252,-1,,,,,0,0,0,0.0462,0.0308,-0.0062,,,,,,,,,,,,,,,,,pinnacle
spelad,L1,2024/25,2025-01-10,20:05,Auxerre,Lille,0,0,D,13,13,3,5,0.6014,1.5183,understat,,6,10,7,8,0,4,1,0,0.1939,0.2575,0.5486,0.1935,0.2669,0.5396,1,4.98,3.93,1.8,5.15,3.77,1.8,0.5321,0.4936,0.5825,-1.2677,0.4182,-1,,,,,0,0,0.0406,0.0539,0.0082,0.0005,,,,,,,,,,,,,,,,,pinnacle
spelad,L1,2024/25,2025-01-10,18:00,Nantes,Monaco,2,2,D,10,15,4,7,1.4118,3.4879,understat,,3,11,17,14,3,0,0,0,0.1952,0.2496,0.5552,0.2534,0.294,0.4526,1,5.02,3.93,1.78,4.93,3.85,2.15,0.5116,0.4515,0.0643,-0.4958,0.0996,-7,13,-1.6154,-0.3822,0.0554,0,0,0,0.0565,0.2191,-0.0289,,,,,,,,,,,,,,,,,pinnacle
spelad,L1,2024/25,2025-01-11,16:00,Brest,Lyon,2,1,H,11,10,6,3,1.2896,1.4009,understat,,4,7,10,10,1,2,0,0,0.3103,0.2689,0.4209,0.2627,0.2809,0.4564,1,3.2,3.75,2.3,3.7,3.67,2.27,0.5587,0.5217,-0.1852,0.0315,-0.2128,-1,9,-0.3333,0.2657,0.2159,0,0,0.0584,0,-0.1306,0.0279,,,,,,,,,,,,,,,,,pinnacle
spelad,L1,2024/25,2025-01-11,18:00,Reims,Nice,2,4,A,12,15,3,10,0.9509,3.22,understat,,6,3,12,7,4,2,0,0,0.3555,0.2836,0.3609,0.3322,0.2949,0.3729,1,2.79,3.6,2.72,2.98,3.4,2.61,0.5321,0.5064,-0.9866,0.0679,-1.2598,-1,12,-0.5,-0.3257,0.3728,0,0,0,0.0594,-0.0588,-0.0001,,,,,,,,,,,,,,,,,pinnacle
spelad,L1,2024/25,2025-01-11,20:05,Rennes,Marseille,1,2,A,5,13,4,7,1.7657,2.4925,understat,,2,3,11,13,2,2,0,0,0.3124,0.2891,0.3985,0.2968,0.2924,0.4108,1,3.15,3.44,2.46,3.49,3.33,2.37,0.4936,0.4655,-0.6641,0.6598,-0.8181,2,14,-0.4286,-0.033,0.0118,0,0,0,0,-0.0434,-0.0073,,,,,,,,,,,,,,,,,pinnacle
spelad,L1,2024/25,2025-01-12,14:00,Le Havre,Lens,1,2,A,8,25,4,7,1.8422,3.1079,understat,,3,8,11,14,2,2,0,0,0.1596,0.2524,0.5879,0.1467,0.2359,0.6175,1,6.04,3.93,1.71,6.61,4.2,1.6,0.468,0.5026,0.0163,0.1864,0.1406,0,,,,,0,0,0,0,-0.0555,0.0211,,,,,,,,,,,,,,,,,pinnacle
spelad,L1,2024/25,2025-01-12,16:15,Montpellier,Angers,1,3,A,8,21,3,8,1.4466,3.4686,understat,,3,3,11,15,6,2,2,0,0.4523,0.2789,0.2688,0.4648,0.2874,0.2478,1,2.17,3.6,3.6,2.16,3.57,3.92,0.4974,0.4731,-0.7265,0.3072,-0.9985,1,12,0,-0.1679,0.0385,0,0,0.0358,0.0482,0.0461,-0.0302,,,,,,,,,,,,,,,,,pinnacle
spelad,L1,2024/25,2025-01-12,19:45,Paris SG,St Etienne,2,1,H,25,8,9,3,5.0706,0.41,understat,,7,3,16,11,1,2,0,0,0.8777,0.0765,0.0458,0.866,0.09,0.044,1,1.11,13.9,31,1.12,12.83,23,0.7715,0.7886,0.1503,0.2505,0.0923,7,9,2.3333,0.1313,0.0732,0,0,0.0885,0.1255,-0.0216,-0.007,,,,,,,,,,,,,,,,,pinnacle
spelad,L1,2024/25,2025-01-12,16:15,Toulouse,Strasbourg,1,2,A,19,8,5,2,1.1928,1.8278,understat,,3,2,12,14,1,4,0,0,0.5452,0.2455,0.2093,0.484,0.2804,0.2356,1,1.82,3.98,4.66,2.08,3.72,4.32,0.5335,0.4949,0.1088,0.9713,0.9425,0,10,-1.2,-0.5916,0.118,0,0,0.0821,0.0562,-0.1485,-0.0054,,,,,,,,,,,,,,,,,pinnacle
spelad,L1,2024/25,2025-01-17,20:05,Lille,Nice,2,1,H,11,11,4,3,1.2922,2.9044,understat,,7,7,13,13,1,3,0,0,0.4635,0.2797,0.2568,0.4934,0.2785,0.2282,1,2.11,3.73,3.95,2.23,3.6,4.26,0.4949,0.4821,-0.7156,0.1681,-0.7945,1,14,-0.4286,-0.4211,0.1535,0,0,0,0.051,0.0884,-0.0371,,,,,,,,,,,,,,,,,pinnacle
spelad,L1,2024/25,2025-01-17,18:00,Montpellier,Monaco,2,1,H,12,26,4,11,2.6065,1.7496,understat,,4,16,7,9,1,2,0,0,0.1728,0.2108,0.6164,0.1807,0.223,0.5964,1,5.6,4.71,1.62,5.38,4.5,1.64,0.642,0.637,-0.056,-0.5753,-0.137,-2,15,-0.6,0.1175,0.0236,0,0,0.0327,0.0495,0.0358,0.0148,,,,,,,,,,,,,,,,,pinnacle
spelad,L1,2024/25,2025-01-18,16:00,Lens,Paris SG,1,2,A,10,9,5,7,1.349,1.573,understat,,6,1,12,8,2,2,0,0,0.2102,0.2255,0.5643,0.24,0.2564,0.5036,1,4.6,4.45,1.77,4.1,4.19,1.93,0.6329,0.5885,-0.2298,-0.4944,-0.2345,0,9,-1,0.124,0.0004,0,0,0,0.153,0.1202,0.0065,,,,,,,,,,,,,,,,,pinnacle
spelad,L1,2024/25,2025-01-18,20:05,Lyon,Toulouse,0,0,D,11,13,3,4,0.6191,1.3661,understat,,8,5,8,8,1,0,0,0,0.5139,0.2458,0.2403,0.5426,0.2434,0.2139,1,1.9,4.06,4.25,1.92,4,4.54,0.5649,0.5635,-0.0837,-0.5088,-0.3953,1,11,2.4545,0.7078,-0.0436,0,0,0,0.0773,0.0839,-0.04,,,,,,,,,,,,,,,,,pinnacle
spelad,L1,2024/25,2025-01-18,18:00,Rennes,Brest,1,2,A,22,10,9,3,1.9268,1.8732,understat,,4,4,13,11,2,3,0,0,0.4698,0.2864,0.2438,0.4784,0.2979,0.2238,1,2.07,3.58,4.2,2.05,3.52,4.34,0.4315,0.3873,-0.3718,0.3596,-0.6345,0,11,1.0909,0.0632,0.191,0,0,0,0.0542,0.0371,-0.0121,,,,,,,,,,,,,,,,,pinnacle
spelad,L1,2024/25,2025-01-19,16:15,Angers,Auxerre,2,0,H,12,10,4,4,1.2176,0.4621,understat,,4,2,9,10,2,1,0,1,0.3854,0.2985,0.3161,0.4128,0.2998,0.2874,1,2.51,3.52,3.06,2.36,3.36,3.48,0.4692,0.4453,-0.5127,1.499,0.1174,-2,3,-1,-0.5267,0.386,0,0,0.1385,0.0389,0.0836,0.0003,,,,,,,,,,,,,,,,,pinnacle
spelad,L1,2024/25,2025-01-19,19:45,Marseille,Strasbourg,1,1,D,18,7,3,3,3.2908,0.8549,understat,,9,3,13,14,3,3,0,0,0.6091,0.2153,0.1756,0.6033,0.2233,0.1734,1,1.64,4.51,5.6,1.63,4.58,5.6,0.596,0.599,0.3513,0.2992,0.6347,1,14,1.0714,-0.0019,0.2403,0,0,0,0.051,-0.0095,-0.014,,,,,,,,,,,,,,,,,pinnacle
spelad,L1,2024/25,2025-01-19,16:15,Reims,Le Havre,1,1,D,11,7,3,2,1.4909,1.2945,understat,,6,6,9,8,2,2,0,0,0.5876,0.2385,0.1739,0.5776,0.2527,0.1697,1,1.7,4.06,5.54,1.69,3.98,5.72,0.4859,0.4719,-0.081,-0.5374,-0.2614,1,3,3,1.3223,-0.2832,0,0,0,0.082,-0.0156,-0.0146,,,,,,,,,,,,,,,,,pinnacle
spelad,L1,2024/25,2025-01-19,14:00,St Etienne,Nantes,1,1,D,12,8,2,4,0.8361,1.3603,understat,,7,7,9,11,2,1,0,0,0.3754,0.2952,0.3294,0.3141,0.2933,0.3926,1,2.63,3.35,2.97,3.1,3.38,2.55,0.4476,0.4668,0.4652,-0.3666,0.5258,-2,11,0.2727,0.0367,0.2554,0,0,0.1218,0,-0.1857,0.0158,,,,,,,,,,,,,,,,,pinnacle
spelad,L1,2024/25,2025-01-24,19:45,Auxerre,St Etienne,1,1,D,11,8,5,3,0.5828,1.1913,understat,,3,4,15,13,2,0,0,0,0.4936,0.2614,0.245,0.4938,0.2717,0.2344,1,2.09,3.89,4.25,2.06,3.69,4.15,0.5345,0.5,0.3388,-0.2911,0.1231,0,,,,,0,0,0.0377,0.1148,0.0109,-0.0209,,,,,,,,,,,,,,,,,pinnacle
spelad,L1,2024/25,2025-01-25,16:00,Monaco,Rennes,3,2,H,20,14,10,5,3.4738,1.8521,understat,,4,2,12,16,3,3,0,0,0.5522,0.2404,0.2074,0.5614,0.2529,0.1857,1,1.78,4.14,5,1.73,4.08,5.4,0.555,0.5115,0.0086,0.8645,0.5037,1,14,1.0714,0.3529,-0.0463,0,0,0.0465,0,0.04,0.0009,,,,,,,,,,,,,,,,,pinnacle
spelad,L1,2024/25,2025-01-25,20:05,Paris SG,Reims,1,1,D,18,6,7,3,1.7963,0.6134,understat,,8,1,13,13,2,2,0,0,0.7682,0.1398,0.092,0.8025,0.1173,0.0802,1,1.27,7,12.3,1.22,8.76,15,0.6667,0.7115,0.6113,0.5384,0.7465,1,12,1,-0.5668,0.1783,0,0,0.1281,0,0.0802,0.0006,,,,,,,,,,,,,,,,,pinnacle
spelad,L1,2024/25,2025-01-25,18:00,Strasbourg,Lille,2,1,H,11,15,7,6,1.197,1.9547,understat,,6,7,10,9,4,2,0,0,0.3384,0.2821,0.3795,0.3233,0.2995,0.3772,1,2.95,3.56,2.6,3.15,3.41,2.58,0.509,0.468,0.3157,-0.9201,0.1418,-2,15,-1.4,-0.334,-0.0104,0,0,0.1294,0,-0.0278,-0.0294,,,,,,,,,,,,,,,,,pinnacle
spelad,L1,2024/25,2025-01-26,14:00,Le Havre,Brest,0,1,A,11,17,1,9,0.6962,2.3828,understat,,6,6,12,14,2,3,0,0,0.2862,0.3091,0.4047,0.2818,0.2973,0.4209,1,3.45,3.27,2.4,3.52,3.33,2.35,0.3985,0.4478,-0.731,0.8782,-0.7082,-1,3,-3,-0.9632,-0.2832,0,0,0.0753,0,-0.0249,0.0079,,,,,,,,,,,,,,,,,pinnacle
spelad,L1,2024/25,2025-01-26,16:15,Lens,Angers,1,0,H,16,2,4,0,2.0112,0.0814,understat,,4,4,16,10,1,1,0,0,0.6675,0.2015,0.131,0.6462,0.2183,0.1356,1,1.51,4.77,7.5,1.54,4.63,7.69,0.5347,0.5333,-0.0309,0.058,-0.6742,1,7,1.2857,0.1216,0.0314,0,0,0,0.1294,-0.0473,-0.0171,,,,,,,,,,,,,,,,,pinnacle
spelad,L1,2024/25,2025-01-26,16:15,Nantes,Lyon,1,1,D,7,15,5,4,1.6298,1.6176,understat,,4,8,14,11,3,1,0,0,0.2837,0.2725,0.4438,0.2271,0.2572,0.5157,1,3.5,3.65,2.21,4.33,3.78,1.93,0.5321,0.5345,-0.4098,0.1598,-0.128,-1,14,-1.2857,-0.0582,0.0599,0,0,0.1658,0.0731,-0.1852,0.0169,,,,,,,,,,,,,,,,,pinnacle
spelad,L1,2024/25,2025-01-26,19:45,Nice,Marseille,2,0,H,14,18,5,6,2.1099,1.1116,understat,,6,12,12,9,1,1,0,0,0.3314,0.2688,0.3998,0.3538,0.2845,0.3617,1,3.05,3.67,2.5,2.77,3.5,2.73,0.5635,0.5179,-0.1623,0.395,-0.0235,2,14,-1.2857,-0.3287,-0.1346,0,0,0.0802,0,0.083,0.007,,,,,,,,,,,,,,,,,pinnacle
spelad,L1,2024/25,2025-01-26,16:15,Toulouse,Montpellier,1,2,A,15,6,6,4,1.3426,0.9399,understat,,6,2,9,15,1,2,0,0,0.5876,0.2362,0.1762,0.5711,0.2433,0.1856,1,1.67,4.35,5.8,1.74,4.07,5.3,0.555,0.5385,0.349,0.0038,0.3418,-1,10,-0.6,-0.0391,-0.2731,0,0,0.0724,0,-0.0426,-0.012,,,,,,,,,,,,,,,,,pinnacle
spelad,L1,2024/25,2025-01-31,19:45,Montpellier,Lens,0,2,A,14,19,2,5,1.1112,3.21,understat,,4,5,12,17,4,3,0,0,0.2131,0.2572,0.5298,0.221,0.2574,0.5216,1,4.55,3.85,1.89,4.39,3.77,1.9,0.5347,0.5499,-0.2037,0.0626,0.1736,0,9,-0.6667,0.1133,0.09,0,0,0,0,0.024,0.0135,,,,,,,,,,,,,,,,,pinnacle
spelad,L1,2024/25,2025-02-01,16:00,Brest,Paris SG,2,5,A,14,14,7,7,0.6365,3.949,understat,,4,7,9,12,1,0,0,0,0.1401,0.1951,0.6648,0.1091,0.1693,0.7215,1,6.88,5.02,1.49,9.2,5.94,1.4,0.6143,0.6613,0.334,-0.8468,0.6974,-1,10,-2.7,-0.3444,-0.0506,0,0,0,0.0531,-0.1187,0.0135,,,,,,,,,,,,,,,,,pinnacle
spelad,L1,2024/25,2025-02-01,20:05,Lille,St Etienne,4,1,H,29,9,13,2,2.7482,2.1034,understat,,7,1,11,12,1,1,0,1,0.6817,0.1962,0.1221,0.6415,0.2211,0.1374,1,1.45,4.94,8.5,1.55,4.65,7.5,0.5282,0.5373,-0.1205,0.4916,-0.2381,-1,10,0.6,-0.0208,0.1315,0,0,0,0.1059,-0.0957,-0.0085,,,,,,,,,,,,,,,,,pinnacle
spelad,L1,2024/25,2025-02-01,18:00,Monaco,Auxerre,4,2,H,11,12,6,7,2.0775,1.6376,understat,,5,4,17,15,2,2,0,0,0.7121,0.1689,0.119,0.7023,0.1734,0.1243,1,1.37,5.84,8.6,1.43,5.62,8.5,0.6525,0.6605,-0.6794,1.4817,-0.0765,-1,3,3,0.9268,-0.2189,0,0,0.0413,0.0362,-0.0247,-0.0482,,,,,,,,,,,,,,,,,pinnacle
spelad,L1,2024/25,2025-02-02,16:15,Angers,Le Havre,1,1,D,17,13,2,5,1.7733,2.1925,understat,,4,2,8,19,2,4,1,1,0.4815,0.288,0.2304,0.5209,0.2831,0.196,1,2.04,3.52,4.2,1.92,3.61,4.97,0.4146,0.4045,0.303,0.1709,0.9358,0,,,,,0,0,0.0754,0.072,0.1132,-0.0091,,,,,,,,,,,,,,,,,pinnacle
spelad,L1,2024/25,2025-02-02,19:45,Marseille,Lyon,3,2,H,20,10,11,4,3.6197,1.8381,understat,,6,2,13,10,4,1,0,0,0.4672,0.2572,0.2755,0.4635,0.2638,0.2727,1,2.08,3.98,3.52,2.12,3.81,3.61,0.5995,0.5646,0.2122,0.3139,0.6358,0,14,-0.4286,-0.1268,-0.1234,0,0,0.0716,0.0684,-0.0045,-0.0071,,,,,,,,,,,,,,,,,pinnacle
spelad,L1,2024/25,2025-02-02,16:15,Reims,Nantes,1,2,A,13,11,2,6,0.9609,1.4165,understat,,9,3,14,10,3,3,1,0,0.4416,0.2828,0.2756,0.4248,0.3012,0.274,1,2.25,3.56,3.54,2.3,3.33,3.63,0.4602,0.4185,-0.1159,-0.0165,-0.5677,1,12,1.5,0.7874,-0.1344,0,0,0.0522,0.1509,-0.0322,0.0008,,,,,,,,,,,,,,,,,pinnacle
spelad,L1,2024/25,2025-02-02,16:15,Rennes,Strasbourg,1,0,H,13,7,3,3,0.7633,0.9944,understat,,6,2,14,10,3,3,0,0,0.4603,0.2778,0.262,0.4977,0.2781,0.2242,1,2.14,3.67,3.71,2.08,3.55,4.33,0.4974,0.4731,-1.2041,0.8973,-1.2007,0,14,0.4286,0.0162,-0.1314,0,0,0,0.1222,0.1127,-0.0489,,,,,,,,,,,,,,,,,pinnacle
spelad,L1,2024/25,2025-02-02,14:00,Toulouse,Nice,1,1,D,15,13,4,3,0.8546,1.5134,understat,,7,2,20,20,2,2,0,0,0.3795,0.288,0.3325,0.313,0.2897,0.3973,1,2.62,3.42,2.93,3.19,3.37,2.65,0.5,0.5039,-0.6163,0.4386,-0.7289,0,11,-0.5455,-0.1477,0.173,0,0,0.0679,0.1353,-0.1977,0.0162,,,,,,,,,,,,,,,,,pinnacle
spelad,L1,2024/25,2025-02-07,18:00,Nantes,Brest,0,2,A,15,10,2,6,1.4511,2.4977,understat,,12,4,15,13,3,2,0,0,0.3886,0.3043,0.3072,0.382,0.3061,0.312,1,2.51,3.42,3.23,2.67,3.21,3.21,0.4278,0.4185,-0.4679,0.1173,-0.2813,-1,10,0.3,0.1778,0.0071,0,0,0.0753,0.1237,-0.018,-0.0023,,,,,,,,,,,,,,,,,pinnacle
spelad,L1,2024/25,2025-02-07,20:05,Paris SG,Monaco,4,1,H,16,9,7,3,3.1396,0.9247,understat,,1,1,9,11,1,0,0,0,0.6878,0.1732,0.139,0.6688,0.177,0.1542,1,1.44,5.72,7.3,1.48,5.62,7.16,0.7212,0.7197,0.3341,0.2753,0.2594,0,15,0.8,-0.3117,0.0119,0,0,0,0.0387,-0.0532,0.0011,,,,,,,,,,,,,,,,,pinnacle
spelad,L1,2024/25,2025-02-08,18:00,Lille,Le Havre,1,2,A,14,14,5,6,1.7698,1.6535,understat,,8,10,16,8,2,1,0,0,0.7095,0.1863,0.1042,0.779,0.1459,0.0751,1,1.37,5.5,10.3,1.28,6.69,14.5,0.527,0.6099,0.5797,-0.5873,0.5031,1,3,3,1.0593,-0.254,0,0,0.0413,0.0631,0.168,-0.0078,,,,,,,,,,,,,,,,,pinnacle
spelad,L1,2024/25,2025-02-08,16:00,Nice,Lens,2,0,H,16,12,8,3,3.3735,1.0249,understat,,7,3,6,19,1,4,0,1,0.4035,0.2831,0.3134,0.3987,0.2748,0.3265,1,2.42,3.67,3.11,2.48,3.57,3.05,0.5116,0.5396,-0.1504,0.3519,0.172,-2,9,1.6667,0.9708,-0.0669,0,0,0.1227,0,-0.0226,-0.0005,,,,,,,,,,,,,,,,,pinnacle
spelad,L1,2024/25,2025-02-08,20:05,St Etienne,Rennes,0,2,A,9,21,3,9,0.4621,4.0699,understat,,2,4,13,6,1,5,0,0,0.2752,0.2883,0.4364,0.3148,0.2764,0.4088,1,3.52,3.56,2.27,3.61,3.59,2.38,0.4667,0.5115,-0.0745,0.4446,0.2602,1,10,-1.5,-0.4366,0.0278,0,0,0,0,0.1069,-0.0253,,,,,,,,,,,,,,,,,pinnacle
spelad,L1,2024/25,2025-02-09,19:45,Angers,Marseille,0,2,A,5,18,0,10,0.3674,2.8758,understat,,1,7,10,8,1,2,0,0,0.174,0.2338,0.5923,0.1659,0.2303,0.6038,1,5.6,4.25,1.67,6,4.33,1.64,0.5244,0.5482,0.0129,-0.2477,0.1534,0,13,-0.9231,-0.0445,0.2961,0,0,0.0388,0.0623,-0.0276,0.0171,,,,,,,,,,,,,,,,,pinnacle
spelad,L1,2024/25,2025-02-09,16:15,Auxerre,Toulouse,2,2,D,9,7,3,3,0.7168,1.1627,understat,,3,5,11,9,1,1,0,0,0.3134,0.2831,0.4035,0.3252,0.2964,0.3783,1,3.2,3.58,2.4,3.09,3.4,2.58,0.4807,0.4578,0.0824,-0.5742,-0.2971,1,3,-2,-0.7079,0.0723,0,0,0,0.1056,0.0488,-0.0065,,,,,,,,,,,,,,,,,pinnacle
spelad,L1,2024/25,2025-02-09,14:00,Lyon,Reims,4,0,H,15,9,9,2,3.2498,0.3079,understat,,6,6,10,12,0,0,0,0,0.6295,0.2028,0.1678,0.6332,0.212,0.1548,1,1.56,4.82,6,1.57,4.8,6.4,0.6204,0.599,0.5671,-0.7295,0.5259,0,12,-0.25,-0.7376,0.3434,0,0,0,0.0497,0.0206,-0.0144,,,,,,,,,,,,,,,,,pinnacle
spelad,L1,2024/25,2025-02-09,16:15,Strasbourg,Montpellier,2,0,H,22,11,6,2,3.1721,1.9822,understat,,6,2,12,12,1,4,0,0,0.5304,0.2419,0.2277,0.5846,0.2284,0.187,1,1.85,4.1,4.5,1.76,4.25,5.27,0.5575,0.5696,0.8267,-1.2363,0.4465,-2,15,-0.4,-0.2339,0.1771,0,0,0.1167,0.1104,0.1492,-0.0373,,,,,,,,,,,,,,,,,pinnacle
spelad,L1,2024/25,2025-02-14,19:45,Brest,Auxerre,2,2,D,18,11,6,6,1.9749,1.4865,understat,,6,4,9,12,2,2,0,0,0.4249,0.2931,0.282,0.4519,0.2833,0.2648,1,2.34,3.38,3.6,2.31,3.43,3.69,0.4668,0.5051,0.7502,-0.2838,1.083,2,3,0,-0.2649,0.0456,0,0,0.1106,0.0335,0.0714,-0.0396,,,,,,,,,,,,,,,,,pinnacle
spelad,L1,2024/25,2025-02-15,16:00,Marseille,St Etienne,5,1,H,28,7,14,2,5.9424,1.0312,understat,,14,3,14,9,1,1,0,0,0.752,0.1521,0.0959,0.7815,0.1358,0.0828,1,1.3,6.6,11,1.25,7.48,12.5,0.654,0.6927,0.2488,0.9523,0.4929,-1,11,1.0909,0.2453,-0.1752,0,0,0,0.0904,0.0719,-0.0123,,,,,,,,,,,,,,,,,pinnacle
spelad,L1,2024/25,2025-02-15,18:00,Monaco,Nantes,7,1,H,22,6,11,2,5.1478,1.3661,understat,,9,1,18,9,1,1,0,1,0.6168,0.2167,0.1665,0.6379,0.209,0.1532,1,1.59,4.6,6.05,1.57,4.9,6.5,0.5854,0.6025,-0.1961,0.4639,-0.352,0,14,1.5,0.2569,0.1019,0,0,0.0574,0.0698,0.0554,-0.0147,,,,,,,,,,,,,,,,,pinnacle
spelad,L1,2024/25,2025-02-15,20:05,Toulouse,Paris SG,0,1,A,14,20,4,6,1.1962,2.9328,understat,,5,2,9,6,2,0,0,0,0.1532,0.2009,0.6459,0.162,0.2172,0.6209,1,6.5,4.92,1.53,6.5,4.75,1.58,0.622,0.5965,-0.571,-0.1278,-0.5468,-2,10,-2.1,-0.0397,-0.0488,0,0,0.2205,0,0.0424,0.0081,,,,,,,,,,,,,,,,,pinnacle
spelad,L1,2024/25,2025-02-16,16:15,Le Havre,Nice,1,3,A,14,9,4,3,0.5558,1.2228,understat,,6,2,14,16,2,2,0,1,0.1794,0.2402,0.5804,0.1695,0.2326,0.5979,1,5.4,4.14,1.71,5.8,4.2,1.64,0.5167,0.5359,-0.5928,0.2949,-0.8019,0,3,-1,0.1935,-0.2658,0,0,0.0576,0.0302,-0.0374,0.0157,,,,,,,,,,,,,,,,,pinnacle
spelad,L1,2024/25,2025-02-16,16:15,Lens,Strasbourg,0,2,A,7,13,0,5,0.2656,1.9785,understat,,7,3,12,15,4,2,1,0,0.5428,0.2391,0.2181,0.5191,0.2515,0.2295,1,1.81,4.1,4.75,1.93,3.86,4.39,0.5524,0.5573,-0.7452,1.1315,-0.9232,1,9,0.3333,-0.0323,-0.0552,0,0,0,0,-0.0588,-0.01,,,,,,,,,,,,,,,,,pinnacle
spelad,L1,2024/25,2025-02-16,14:00,Montpellier,Lyon,1,4,A,11,9,4,6,1.3389,1.5908,understat,,7,4,14,12,3,1,0,0,0.1921,0.2173,0.5906,0.1722,0.2076,0.6202,1,5.1,4.6,1.7,5.62,4.86,1.6,0.637,0.6518,-0.3511,0.9673,0.2602,0,14,-0.6429,0.1791,-0.0242,0,0,0.1002,0,-0.0696,0.0157,,,,,,,,,,,,,,,,,pinnacle
spelad,L1,2024/25,2025-02-16,16:15,Reims,Angers,0,1,A,16,10,4,3,2.0673,2.4315,understat,,1,4,13,6,2,1,0,0,0.4764,0.2812,0.2424,0.498,0.2899,0.212,1,2.04,3.71,4.1,1.99,3.51,4.58,0.4769,0.408,-0.4363,0.1703,-0.9328,0,11,0.5455,0.1174,0.1544,0,0,0,0.038,0.0736,-0.007,,,,,,,,,,,,,,,,,pinnacle
spelad,L1,2024/25,2025-02-16,19:45,Rennes,Lille,0,2,A,4,18,0,7,0.4171,3.0198,understat,,4,8,9,18,2,1,1,0,0.3571,0.2871,0.3558,0.3144,0.3065,0.3792,1,2.76,3.41,2.86,3.17,3.2,2.65,0.4807,0.4185,-0.0352,0.0873,0.0312,0,15,-0.6,-0.3067,0.1137,0,0,0,0.1372,-0.1089,0.0111,,,,,,,,,,,,,,,,,pinnacle
spelad,L1,2024/25,2025-02-21,19:45,Rennes,Reims,1,0,H,26,3,5,0,3.0636,0.1603,understat,,9,2,15,7,1,2,0,2,0.4442,0.2795,0.2763,0.4361,0.2844,0.2795,1,2.2,3.7,3.75,2.35,3.5,3.51,0.4859,0.4808,0.3284,-0.1956,0.6216,0,13,-1.1538,-0.7772,-0.1384,0,0,0,0,-0.0192,-0.0162,,,,,,,,,,,,,,,,,pinnacle
spelad,L1,2024/25,2025-02-22,20:05,Auxerre,Marseille,3,0,H,9,8,5,2,1.9661,1.2219,understat,,2,5,9,13,1,3,0,1,0.1637,0.2143,0.622,0.1657,0.219,0.6153,1,6,4.61,1.59,6.1,4.5,1.59,0.596,0.5815,-0.2457,-0.4562,-0.6608,1,3,-1,0.3471,-0.2034,0,0,0.0306,0,0.0108,0.005,,,,,,,,,,,,,,,,,pinnacle
spelad,L1,2024/25,2025-02-22,16:00,Lille,Monaco,2,1,H,9,13,6,3,1.0496,2.7801,understat,,1,6,11,18,4,2,0,0,0.4419,0.2547,0.3034,0.3926,0.2728,0.3346,1,2.21,3.91,3.3,2.51,3.77,3.3,0.589,0.5635,0.1323,-0.3549,-0.0279,-1,14,-0.6429,-0.16,0.095,0,0,0.1879,0.0488,-0.1298,0.0378,,,,,,,,,,,,,,,,,pinnacle
spelad,L1,2024/25,2025-02-22,18:00,St Etienne,Angers,3,3,D,19,13,8,4,1.7003,3.1805,understat,,4,3,13,16,3,0,0,0,0.395,0.2978,0.3072,0.3844,0.286,0.3296,1,2.47,3.52,3.18,2.54,3.52,3.1,0.459,0.4974,-0.516,-0.1894,-0.7193,1,10,0.6,0.2796,0.1069,0,0,0.0851,0.1134,-0.0437,0.0028,,,,,,,,,,,,,,,,,pinnacle
spelad,L1,2024/25,2025-02-23,16:15,Le Havre,Toulouse,1,4,A,11,11,3,5,1.0425,2.6078,understat,,5,3,11,13,0,2,1,0,0.2403,0.2768,0.483,0.2548,0.2905,0.4547,1,4.1,3.67,2.02,4.1,3.5,2.16,0.459,0.4175,-0.0137,0.3271,0.1276,-1,3,1,0.9207,-0.291,0,0,0,0.2089,0.0572,-0.0111,,,,,,,,,,,,,,,,,pinnacle
spelad,L1,2024/25,2025-02-23,19:45,Lyon,Paris SG,2,3,A,14,15,7,8,1.7618,2.7458,understat,,5,4,12,8,1,1,0,0,0.2151,0.2246,0.5603,0.1622,0.2028,0.635,1,4.5,4.55,1.77,6.2,4.9,1.56,0.6667,0.6743,-0.4687,-0.758,-0.8444,-1,15,-1.2,0.125,-0.133,0,0,0.0355,0,-0.1805,0.0059,,,,,,,,,,,,,,,,,pinnacle
spelad,L1,2024/25,2025-02-23,14:00,Nantes,Lens,3,1,H,17,14,8,4,4.2527,2.0619,understat,,2,11,13,18,2,4,0,1,0.2623,0.2789,0.4587,0.2671,0.2911,0.4419,1,3.75,3.65,2.13,3.73,3.47,2.23,0.4718,0.4529,0.0829,-0.0186,0.2821,1,9,-1,-0.1931,0.1802,0,0,0.0471,0,0.0264,0.0089,,,,,,,,,,,,,,,,,pinnacle
spelad,L1,2024/25,2025-02-23,16:15,Nice,Montpellier,2,0,H,16,13,6,1,2.1412,0.9168,understat,,8,5,17,15,1,1,0,0,0.6973,0.1792,0.1235,0.7187,0.1761,0.1052,1,1.4,5.58,8.2,1.36,5.7,9.3,0.6411,0.6137,0.5123,-0.575,0.7271,0,14,-0.2143,-0.1852,-0.0641,0,0,0,0.0942,0.0611,-0.0138,,,,,,,,,,,,,,,,,pinnacle
spelad,L1,2024/25,2025-02-23,16:15,Strasbourg,Brest,0,0,D,3,12,1,2,0.7853,0.499,understat,,1,8,12,12,3,1,0,0,0.4831,0.2626,0.2543,0.4324,0.2913,0.2764,1,2.04,3.83,3.8,2.28,3.48,3.65,0.5347,0.4668,0.246,-0.5917,0.3508,-2,10,-0.3,-0.2487,0.0181,0,0,0,0.1019,-0.1236,0.011,,,,,,,,,,,,,,,,,pinnacle
spelad,L1,2024/25,2025-02-28,19:45,Monaco,Reims,3,0,H,23,9,9,5,4.0107,0.723,understat,,7,2,7,7,0,0,0,0,0.7029,0.1806,0.1164,0.7023,0.1832,0.1146,1,1.42,5.64,8.4,1.39,5.6,9.2,0.6469,0.6549,-0.1287,0.7631,0.7004,-1,13,-0.2308,-0.5678,0.1973,0,0,0.0451,0,0.0006,-0.0061,,,,,,,,,,,,,,,,,pinnacle
spelad,L1,2024/25,2025-03-01,18:00,Lens,Le Havre,3,4,A,20,8,7,4,2.0269,1.7313,understat,,9,2,12,11,2,2,0,0,0.6969,0.1912,0.112,0.6862,0.1995,0.1144,1,1.43,5.3,9.5,1.45,5,9.5,0.5674,0.5308,0.0795,-0.0847,-0.4231,0,3,1,-0.3676,0.4253,0,0,0.1711,0,-0.0238,-0.0094,,,,,,,,,,,,,,,,,pinnacle
spelad,L1,2024/25,2025-03-01,20:05,Paris SG,Lille,4,1,H,26,6,11,2,3.5985,0.8727,understat,,9,3,6,10,0,1,0,0,0.6936,0.1799,0.1265,0.7161,0.178,0.1059,1,1.44,5.5,7.9,1.4,5.7,9.5,0.6435,0.6118,0.3794,0.6079,0.6488,-1,15,1.8,0.2024,-0.0684,0,0,0,0.1151,0.0656,-0.0118,,,,,,,,,,,,,,,,,pinnacle
spelad,L1,2024/25,2025-03-01,16:00,St Etienne,Nice,1,3,A,12,16,3,9,1.019,2.4137,understat,,3,4,10,11,2,1,0,0,0.2011,0.2288,0.57,0.1876,0.2341,0.5783,1,5,4.35,1.73,5.5,4.3,1.68,0.5915,0.5804,-0.4343,-0.6379,-0.9583,1,10,-0.3,0.091,-0.171,0,0,0.0774,0,-0.0354,-0.0007,,,,,,,,,,,,,,,,,pinnacle
spelad,L1,2024/25,2025-03-02,16:15,Angers,Toulouse,0,4,A,5,19,1,13,0.3638,4.4365,understat,,4,9,13,9,3,3,0,0,0.2932,0.295,0.4118,0.2379,0.2966,0.4655,1,3.37,3.33,2.39,4.1,3.38,2.11,0.41,0.4035,0.6269,-0.3672,0.809,1,8,-1.125,-0.4392,0.0957,0,0,0.0981,0.2808,-0.1644,0.011,,,,,,,,,,,,,,,,,pinnacle
spelad,L1,2024/25,2025-03-02,16:15,Auxerre,Strasbourg,0,1,A,14,6,5,3,2.0927,1.5256,understat,,5,3,10,10,1,3,0,1,0.3381,0.2886,0.3733,0.3071,0.2889,0.404,1,2.9,3.52,2.6,3.18,3.46,2.51,0.5244,0.509,-0.6919,0.4942,-1.0013,1,3,-1,0.0067,-0.2725,0,0,0,0,-0.0926,0.0224,,,,,,,,,,,,,,,,,pinnacle
spelad,L1,2024/25,2025-03-02,14:00,Lyon,Brest,2,1,H,10,15,4,5,1.5447,1.8928,understat,,2,5,16,12,2,1,0,0,0.5748,0.2305,0.1947,0.5588,0.236,0.2051,1,1.7,4.35,5.25,1.77,4.2,5,0.5674,0.5945,-0.3827,-0.483,-0.869,0,10,0,-0.5985,0.1662,0,0,0.0332,0.1808,-0.0424,0,,,,,,,,,,,,,,,,,pinnacle
spelad,L1,2024/25,2025-03-02,19:45,Marseille,Nantes,2,0,H,21,8,5,2,2.6173,0.8381,understat,,3,2,14,15,1,2,0,0,0.6828,0.1827,0.1345,0.7216,0.173,0.1054,1,1.42,5.3,8.3,1.36,5.64,9.17,0.5995,0.6078,-0.064,0.5867,-0.1407,1,15,1,0.0951,0.0024,0,0,0,0.0386,0.1065,-0.026,,,,,,,,,,,,,,,,,pinnacle
spelad,L1,2024/25,2025-03-02,16:15,Montpellier,Rennes,0,4,A,16,15,5,9,1.603,2.496,understat,,6,5,15,15,2,1,0,0,0.2673,0.2741,0.4586,0.2465,0.2751,0.4784,1,3.65,3.65,2.14,3.99,3.68,2.12,0.5244,0.5,0.0333,0.0973,0.167,-2,15,-1.4,-0.3716,0.0013,0,0,0,0,-0.0614,0.0128,,,,,,,,,,,,,,,,,pinnacle
spelad,L1,2024/25,2025-03-07,19:45,Toulouse,Monaco,1,1,D,8,13,3,3,1.2539,2.8576,understat,,3,5,16,17,1,3,0,0,0.2848,0.2668,0.4484,0.2945,0.2754,0.4301,1,3.4,3.83,2.22,3.43,3.72,2.29,0.555,0.5347,-0.1828,-0.3328,-0.1344,-2,10,-1.2,-0.0932,-0.0393,0,0,0.2375,0.0405,0.0377,0.0042,,,,,,,,,,,,,,,,,pinnacle
spelad,L1,2024/25,2025-03-08,18:00,Lille,Montpellier,1,0,H,18,10,8,3,1.7771,0.3059,understat,,7,1,11,12,2,3,0,0,0.6829,0.1877,0.1294,0.6812,0.1974,0.1214,1,1.45,5.2,8.5,1.46,5.2,8.6,0.5865,0.5743,0.4058,-1.1005,0.1366,1,14,1.5,0.4085,0.0849,0,0,0.0961,0,0.0047,-0.0118,,,,,,,,,,,,,,,,,pinnacle
spelad,L1,2024/25,2025-03-08,20:05,Marseille,Lens,0,1,A,15,3,6,2,1.1894,1.2399,understat,,7,0,15,12,3,1,0,0,0.6283,0.209,0.1627,0.6409,0.2151,0.144,1,1.56,4.8,6.2,1.57,4.7,6.8,0.5985,0.5685,0.2297,0.5359,0.6844,-1,9,-0.6667,-0.3124,-0.1701,0,0,0.0444,0.2768,0.0438,-0.0162,,,,,,,,,,,,,,,,,pinnacle
spelad,L1,2024/25,2025-03-08,16:00,Rennes,Paris SG,1,4,A,13,19,3,9,2.1092,3.3983,understat,,3,2,11,6,2,3,0,0,0.2094,0.239,0.5516,0.1969,0.2301,0.5731,1,4.8,4.29,1.76,5.25,4.32,1.75,0.5674,0.6346,-0.3905,-0.5958,-0.4427,-1,14,-0.4286,0.6208,-0.0461,0,0,0,0,-0.0466,0.0089,,,,,,,,,,,,,,,,,pinnacle
spelad,L1,2024/25,2025-03-09,14:00,Brest,Angers,2,0,H,19,7,7,1,4.5361,0.4892,understat,,6,6,14,8,1,1,0,0,0.552,0.2536,0.1944,0.5744,0.2588,0.1668,1,1.8,3.92,5,1.74,3.91,5.82,0.4884,0.491,0.1437,0.1393,0.3789,0,9,-0.3333,-0.0759,-0.0753,0,0,0.1668,0,0.0722,-0.0206,,,,,,,,,,,,,,,,,pinnacle
spelad,L1,2024/25,2025-03-09,16:15,Le Havre,St Etienne,1,1,D,13,12,7,3,2.1548,1.3916,understat,,5,6,9,17,2,3,0,0,0.407,0.2744,0.3186,0.3923,0.2845,0.3232,1,2.4,3.74,3.1,2.48,3.53,3.3,0.5256,0.5026,0.2952,0.5302,0.7182,0,,,,,0,0,0,0.0537,-0.034,0.0396,,,,,,,,,,,,,,,,,pinnacle
spelad,L1,2024/25,2025-03-09,16:15,Nantes,Strasbourg,0,1,A,11,9,2,1,0.6613,1.1702,understat,,3,9,12,17,1,1,0,0,0.3652,0.2915,0.3432,0.3225,0.2864,0.3911,1,2.68,3.52,2.83,3.1,3.5,2.54,0.4692,0.5115,-0.6737,0.9006,-0.7909,0,14,-0.4286,-0.0876,-0.1466,0,0,0,0.1089,-0.1334,0.0011,,,,,,,,,,,,,,,,,pinnacle
spelad,L1,2024/25,2025-03-09,19:45,Nice,Lyon,0,2,A,18,8,4,5,1.5059,0.7802,understat,,9,2,12,11,1,2,0,0,0.4675,0.2659,0.2666,0.4499,0.2692,0.2809,1,2.09,3.96,3.65,2.23,3.65,3.68,0.589,0.5459,0.1457,0.7177,1.0234,1,15,-0.2,0.385,-0.0976,0,0,0,0,-0.0495,0.0035,,,,,,,,,,,,,,,,,pinnacle
spelad,L1,2024/25,2025-03-09,16:15,Reims,Auxerre,0,2,A,18,13,4,9,1.8371,1.8761,understat,,6,12,9,13,1,1,0,0,0.3812,0.297,0.3217,0.3727,0.2975,0.3298,1,2.55,3.52,3.01,2.61,3.37,3.2,0.473,0.4796,-0.1163,-0.1081,-0.717,2,3,0,-0.3846,0.0671,0,0,0,0,-0.0251,0.0291,,,,,,,,,,,,,,,,,pinnacle
spelad,L1,2024/25,2025-03-14,19:45,Nice,Auxerre,1,1,D,20,10,6,4,2.2914,0.6061,understat,,7,3,14,18,1,3,1,0,0.5993,0.2314,0.1693,0.6091,0.2295,0.1614,1,1.66,4.35,6,1.67,4.3,6,0.5487,0.5385,-0.0035,0.5022,0.352,0,3,-1,-1.0542,0.3966,0,0,0,0,0.0274,-0.0341,,,,,,,,,,,,,,,,,pinnacle
spelad,L1,2024/25,2025-03-15,18:00,Angers,Monaco,0,2,A,6,16,2,5,0.4978,2.0355,understat,,0,9,12,11,1,2,0,0,0.1364,0.1937,0.6699,0.1211,0.1862,0.6928,1,7.25,5.12,1.48,8.5,5.4,1.44,0.6238,0.6331,0.3665,-0.8463,0.0521,-2,13,-1.6154,-0.2006,-0.08,0,0,0,0.0857,-0.0536,0.0104,,,,,,,,,,,,,,,,,pinnacle
spelad,L1,2024/25,2025-03-15,20:05,Lens,Rennes,1,0,H,9,12,4,5,0.6438,0.6536,understat,,5,4,17,14,1,1,0,0,0.4622,0.276,0.2618,0.4737,0.2798,0.2465,1,2.15,3.6,3.85,2.1,3.5,4,0.5,0.4694,-0.2077,0.1482,-0.5437,0,9,1.3333,0.596,0.273,0,0,0.1111,0.207,0.0383,-0.0126,,,,,,,,,,,,,,,,,pinnacle
spelad,L1,2024/25,2025-03-15,16:00,Nantes,Lille,1,0,H,10,13,3,4,2.0099,2.4504,understat,,3,5,9,15,2,3,1,0,0.2658,0.2863,0.4479,0.2254,0.2816,0.4931,1,3.69,3.46,2.2,4.54,3.48,2.03,0.4538,0.449,-0.6242,0.9428,-0.2549,-1,15,-2.2,-0.756,-0.0077,0,0,0,0.0335,-0.126,0.021,,,,,,,,,,,,,,,,,pinnacle
spelad,L1,2024/25,2025-03-16,16:15,Brest,Reims,0,0,D,11,12,0,2,0.338,0.9853,understat,,4,4,9,13,1,3,1,0,0.5702,0.2434,0.1864,0.5772,0.2559,0.1669,1,1.75,3.99,5.38,1.75,3.87,6,0.5129,0.4745,0.6166,0.1178,1.448,0,11,0.5455,0.2854,0.1737,0,0,0.2327,0,0.0335,-0.0176,,,,,,,,,,,,,,,,,pinnacle
spelad,L1,2024/25,2025-03-16,14:00,Lyon,Le Havre,4,2,H,16,14,7,5,3.5866,1.5611,understat,,4,1,20,12,2,3,0,0,0.704,0.1747,0.1213,0.7592,0.1499,0.0908,1,1.4,5.6,9,1.3,6.63,11,0.6176,0.6636,0.502,-1.2575,-0.0881,0,3,0,-0.4296,0.0689,0,0,0,0.0489,0.141,-0.0155,,,,,,,,,,,,,,,,,pinnacle
spelad,L1,2024/25,2025-03-16,16:15,Montpellier,St Etienne,0,2,A,13,11,3,6,1.3387,1.1379,understat,,4,6,4,7,1,3,0,1,0.4301,0.2567,0.3132,0.423,0.2601,0.3169,1,2.29,3.83,3.25,2.42,3.74,3.19,0.566,0.5789,0.1179,0.8803,0.484,1,11,0.2727,0.2348,-0.1087,0,0,0,0.1183,-0.018,-0.0379,,,,,,,,,,,,,,,,,pinnacle
spelad,L1,2024/25,2025-03-16,19:45,Paris SG,Marseille,3,1,H,16,11,5,2,2.6086,0.7343,understat,,5,5,7,9,1,0,0,0,0.6742,0.1782,0.1476,0.7231,0.1702,0.1066,1,1.5,5.41,6.6,1.37,6,9.2,0.6868,0.6411,0.849,-1.2442,0.9808,0,14,2.1429,0.368,-0.0534,0,0,0,0.1003,0.139,-0.0236,,,,,,,,,,,,,,,,,pinnacle
spelad,L1,2024/25,2025-03-16,16:15,Strasbourg,Toulouse,2,1,H,10,11,3,7,1.9874,1.3969,understat,,4,3,10,14,0,2,0,0,0.4132,0.2819,0.305,0.3704,0.2925,0.3371,1,2.41,3.5,3.26,2.73,3.35,2.94,0.4538,0.4578,0.9796,-0.5083,0.9096,-2,11,1.3636,0.6135,0.0818,0,0,0.1042,0.1457,-0.1176,-0.0094,,,,,,,,,,,,,,,,,pinnacle
spelad,L1,2024/25,2025-03-28,19:45,Strasbourg,Lyon,4,2,H,14,16,7,11,1.7755,2.8716,understat,,6,5,12,15,2,2,0,0,0.3457,0.2609,0.3934,0.3593,0.269,0.3717,1,2.85,3.83,2.5,2.85,3.71,2.62,0.5722,0.5718,0.1891,0.6034,0.6391,0,15,-1.2,-0.1063,-0.0379,0,0,0.097,0.0605,0.0491,-0.0083,,,,,,,,,,,,,,,,,pinnacle
spelad,L1,2024/25,2025-03-29,20:05,Monaco,Nice,2,1,H,17,9,6,4,2.5261,0.6015,understat,,7,4,17,14,2,4,0,1,0.5016,0.2495,0.2489,0.5064,0.2559,0.2377,1,1.96,3.95,3.95,1.95,3.98,4.25,0.5865,0.5789,-0.0921,0.0106,-0.1343,-1,15,0,-0.2819,-0.0676,0,0,0.0458,0.0422,0.0207,0.0031,,,,,,,,,,,,,,,,,pinnacle
spelad,L1,2024/25,2025-03-29,16:00,Reims,Marseille,3,1,H,7,20,5,8,1.0555,1.0789,understat,,0,12,6,9,0,0,0,0,0.1674,0.2271,0.6055,0.1757,0.2436,0.5807,1,5.75,4.43,1.63,5.78,4.14,1.69,0.5513,0.5347,-0.3536,-0.605,-0.455,0,12,-0.5,0.1902,0.0725,0,0,0.1079,0.0983,0.0413,0.0123,,,,,,,,,,,,,,,,,pinnacle
spelad,L1,2024/25,2025-03-29,18:00,St Etienne,Paris SG,1,6,A,11,22,2,10,1.2764,3.9602,understat,,3,6,9,12,2,0,0,0,0.0572,0.0994,0.8433,0.0923,0.138,0.7696,1,19,10.4,1.16,13,7.5,1.27,0.7774,0.7597,-0.4417,-0.3393,-0.7587,0,10,-2.4,-0.2062,0.0569,0,0,0.0646,0.0565,0.1439,-0.0087,,,,,,,,,,,,,,,,,pinnacle
spelad,L1,2024/25,2025-03-30,16:15,Angers,Rennes,0,3,A,9,14,4,6,1.0485,1.6338,understat,,6,5,10,16,1,0,0,0,0.2265,0.2724,0.5011,0.2388,0.2963,0.465,1,4.38,3.7,1.95,4.07,3.49,2.15,0.4859,0.4541,-0.1362,-0.4175,-0.5303,0,12,-1.75,-0.3998,-0.1826,0,0,0,0.1997,0.0607,0.0325,,,,,,,,,,,,,,,,,pinnacle
spelad,L1,2024/25,2025-03-30,16:15,Auxerre,Montpellier,1,0,H,21,12,6,1,2.1168,0.457,understat,,10,6,14,14,3,1,0,0,0.5451,0.2474,0.2075,0.5217,0.2521,0.2262,1,1.82,4.02,4.9,1.86,4,4.8,0.5398,0.5473,0.5582,-1.4983,0.6569,2,3,-1,-0.1756,-0.2747,0,0,0,0.0731,-0.0655,0.0156,,,,,,,,,,,,,,,,,pinnacle
spelad,L1,2024/25,2025-03-30,16:15,Le Havre,Nantes,3,2,H,16,7,5,2,4.0138,1.0659,understat,,3,4,16,9,1,2,0,0,0.3091,0.2845,0.4064,0.3048,0.2983,0.3969,1,3.19,3.4,2.5,3.23,3.32,2.51,0.4501,0.4221,-0.1697,-0.1595,-0.079,-1,3,0,0.209,0.0314,0,0,0.0456,0,0.0011,0.0174,,,,,,,,,,,,,,,,,pinnacle
spelad,L1,2024/25,2025-03-30,19:45,Lille,Lens,1,0,H,11,5,5,2,1.9549,0.5964,understat,,6,2,13,15,1,3,0,0,0.4757,0.2735,0.2508,0.4653,0.286,0.2487,1,2.1,3.68,3.86,2.11,3.5,4.28,0.4744,0.4629,-0.2585,0.058,-0.0234,0,9,1,0.4352,-0.0654,0,0,0.0774,0.0464,-0.0187,0.0248,,,,,,,,,,,,,,,,,pinnacle
spelad,L1,2024/25,2025-03-30,14:00,Toulouse,Brest,2,4,A,17,10,4,5,2.4417,1.9912,understat,,10,3,10,18,0,5,0,0,0.4791,0.2855,0.2355,0.4771,0.2838,0.2391,1,2.08,3.45,4.11,2.1,3.49,4.07,0.4513,0.4656,-0.2613,-0.5592,-0.4064,0,7,-1.7143,-0.8921,0.1555,0,0,0.139,0.1503,-0.0076,-0.0273,,,,,,,,,,,,,,,,,pinnacle
spelad,L1,2024/25,2025-04-04,19:45,Nice,Nantes,1,2,A,21,8,9,4,2.1792,0.9451,understat,,11,2,9,14,1,1,0,0,0.6365,0.2169,0.1466,0.6437,0.2136,0.1426,1,1.56,4.54,7,1.53,4.52,7.17,0.5422,0.5623,-0.3153,0.2048,-0.0499,1,14,0.6429,0.1951,0.0634,0,0,0.1219,0,0.0184,0.0006,,,,,,,,,,,,,,,,,pinnacle
spelad,L1,2024/25,2025-04-05,18:00,Brest,Monaco,2,1,H,13,10,4,3,0.907,1.7548,understat,,2,9,13,16,3,2,0,0,0.2435,0.2557,0.5008,0.2128,0.25,0.5372,1,4.02,3.88,2,4.63,3.95,1.85,0.5804,0.6127,0.2273,-0.3572,-0.0133,-1,10,-1.8,-0.2229,-0.2266,0,0,0.0548,0.0432,-0.0978,0.0193,,,,,,,,,,,,,,,,,pinnacle
spelad,L1,2024/25,2025-04-05,20:05,Lyon,Lille,2,1,H,10,10,4,4,1.754,0.6569,understat,,1,3,15,14,3,2,0,0,0.419,0.2688,0.3122,0.421,0.2779,0.3011,1,2.36,3.65,3.25,2.36,3.61,3.25,0.5499,0.5371,0.1007,-0.5877,0.1144,2,15,-0.8,-0.653,0.2081,0,0,0.0556,0.0437,0.0152,-0.0176,,,,,,,,,,,,,,,,,pinnacle
spelad,L1,2024/25,2025-04-05,16:00,Paris SG,Angers,1,0,H,20,5,6,0,1.6438,0.2804,understat,,5,1,7,12,0,3,0,0,0.8401,0.1004,0.0595,0.8535,0.099,0.0475,1,1.15,11.3,22,1.15,10,21,0.7183,0.7183,0.7789,-0.6066,1.1674,1,12,3,0.5132,-0.1376,0,0,0.0525,0,0.0389,-0.0236,,,,,,,,,,,,,,,,,pinnacle
spelad,L1,2024/25,2025-04-06,14:00,Lens,St Etienne,1,0,H,20,8,5,3,2.5042,1.6923,understat,,6,3,14,20,3,2,0,0,0.621,0.2111,0.168,0.6064,0.219,0.1745,1,1.66,4.63,6,1.64,4.45,5.9,0.5995,0.6171,0.0744,0.0639,-0.0982,-1,5,2.4,0.8428,-0.0648,0,0,0,0.1052,-0.0356,-0.0239,,,,,,,,,,,,,,,,,pinnacle
spelad,L1,2024/25,2025-04-06,19:45,Marseille,Toulouse,3,2,H,9,8,4,3,1.1322,1.3062,understat,,5,1,11,15,2,3,0,0,0.5455,0.2469,0.2076,0.5524,0.2441,0.2035,1,1.8,4.06,4.9,1.75,4.11,5.02,0.5297,0.5638,0.0468,1.0487,-0.1629,1,11,2.4545,0.7628,-0.0608,0,0,0.0545,0.1281,0.018,-0.0037,,,,,,,,,,,,,,,,,pinnacle
spelad,L1,2024/25,2025-04-06,16:15,Montpellier,Le Havre,0,2,A,14,13,6,4,0.9561,1.7298,understat,,5,2,15,7,1,1,1,0,0.3952,0.2743,0.3305,0.3775,0.2831,0.3394,1,2.5,3.63,3,2.58,3.45,2.93,0.5064,0.5064,-0.8365,0.6189,-1.4105,0,3,0,-0.1605,0.0486,0,0,0.0708,0.0386,-0.0443,0.0032,,,,,,,,,,,,,,,,,pinnacle
spelad,L1,2024/25,2025-04-06,16:15,Reims,Strasbourg,0,1,A,14,13,7,4,0.8911,2.8031,understat,,4,7,11,9,2,2,1,1,0.2781,0.2781,0.4439,0.274,0.2756,0.4504,1,3.5,3.65,2.21,3.8,3.66,2.19,0.4871,0.5026,-1.1429,0.722,-1.557,-1,13,0,0.0034,0.088,0,0,0.103,0,-0.0146,0.0002,,,,,,,,,,,,,,,,,pinnacle
spelad,L1,2024/25,2025-04-06,16:15,Rennes,Auxerre,0,1,A,18,11,5,3,1.0643,1.106,understat,,8,5,10,5,0,0,0,0,0.517,0.2571,0.2259,0.5066,0.2608,0.2327,1,1.9,3.81,4.5,1.95,3.75,4.38,0.5064,0.551,0.1577,0.2407,0.0353,0,3,0,-0.5181,0.0821,0,0,0.1168,0.1634,-0.0277,0.0022,,,,,,,,,,,,,,,,,pinnacle
spelad,L1,2024/25,2025-04-11,19:45,Lens,Reims,0,2,A,37,10,14,2,2.7192,1.4486,understat,,9,2,9,7,1,0,0,0,0.626,0.2294,0.1446,0.6029,0.2385,0.1586,1,1.58,4.38,6.71,1.62,4.2,6.17,0.5308,0.5459,0.4739,-0.0798,0.0993,0,9,1.6667,0.5486,0.1613,0,0,0,0.099,-0.0602,-0.0069,,,,,,,,,,,,,,,,,pinnacle
spelad,L1,2024/25,2025-04-12,16:00,Monaco,Marseille,3,0,H,15,8,10,4,2.9152,0.8777,understat,,4,4,6,18,2,1,0,0,0.4758,0.2458,0.2784,0.503,0.2374,0.2596,1,2.08,4,3.51,1.94,4.1,3.83,0.6329,0.6493,-0.3966,0.015,0.3305,1,14,-0.4286,-0.2884,0.0242,0,0,0,0.0649,0.0732,-0.0113,,,,,,,,,,,,,,,,,pinnacle
spelad,L1,2024/25,2025-04-12,20:05,Strasbourg,Nice,2,2,D,11,23,4,6,0.789,1.8383,understat,,2,9,5,8,1,2,0,0,0.384,0.2765,0.3395,0.33,0.2822,0.3878,1,2.65,3.53,2.86,2.95,3.5,2.55,0.5256,0.5371,1.3343,-1.1022,1.4675,-2,14,0.2143,0.2306,-0.0741,0,0,0,0.0753,-0.1563,0.0174,,,,,,,,,,,,,,,,,pinnacle
spelad,L1,2024/25,2025-04-12,18:00,Toulouse,Lille,1,2,A,10,6,5,3,0.982,0.5997,understat,,4,2,15,11,1,2,0,0,0.3305,0.2998,0.3696,0.2943,0.2998,0.4059,1,2.96,3.44,2.62,3.41,3.33,2.43,0.4413,0.4541,-0.5294,-0.0823,-0.2221,-1,11,-0.8182,0.0447,-0.0769,0,0,0.1228,0.0428,-0.1087,0.0184,,,,,,,,,,,,,,,,,pinnacle
spelad,L1,2024/25,2025-04-13,16:15,Angers,Montpellier,2,0,H,10,4,4,1,1.771,0.4525,understat,,6,1,12,13,0,2,0,0,0.4972,0.2586,0.2442,0.5028,0.2726,0.2246,1,2,3.76,4.1,2.02,3.56,4.32,0.509,0.4796,0.6083,-1.1259,0.6194,1,13,0.2308,0.2709,0.0134,0,0,0,0.0527,0.0307,-0.0411,,,,,,,,,,,,,,,,,pinnacle
spelad,L1,2024/25,2025-04-13,19:45,Auxerre,Lyon,1,3,A,14,13,3,7,1.004,3.118,understat,,3,6,11,9,3,1,0,0,0.2675,0.2568,0.4757,0.2208,0.2471,0.5321,1,3.61,4,2.07,4.41,3.95,1.86,0.5925,0.6171,-0.0715,-0.1153,0.1492,-1,3,0,0.6581,0.1329,0,0,0.1555,0.0529,-0.1498,0.0296,,,,,,,,,,,,,,,,,pinnacle
spelad,L1,2024/25,2025-04-13,16:15,Le Havre,Rennes,1,5,A,11,10,2,6,0.718,3.7219,understat,,4,3,16,11,2,3,0,0,0.2687,0.2772,0.4541,0.253,0.2776,0.4694,1,3.75,3.56,2.15,4.02,3.5,2.14,0.4871,0.4859,0.3969,0.0937,0.6574,0,3,-2,-0.4378,0.0856,0,0,0,0.1124,-0.0466,0.02,,,,,,,,,,,,,,,,,pinnacle
spelad,L1,2024/25,2025-04-13,14:00,St Etienne,Brest,3,3,D,9,14,4,6,1.0233,2.0138,understat,,7,9,21,18,2,4,0,0,0.2791,0.2618,0.4591,0.2661,0.253,0.4809,1,3.6,3.77,2.14,3.81,3.85,2.07,0.5587,0.592,-0.3683,-0.1939,-0.8439,-1,7,-1.7143,-0.7997,-0.1333,0,0,0.0972,0.0532,-0.0478,0.0099,,,,,,,,,,,,,,,,,pinnacle
spelad,L1,2024/25,2025-04-18,19:45,Rennes,Nantes,2,1,H,19,4,5,1,2.5299,0.7023,understat,,10,2,24,13,3,5,0,1,0.5268,0.2599,0.2133,0.5171,0.2664,0.2165,1,1.87,3.79,4.75,1.9,3.78,5.25,0.4833,0.5154,-0.3914,0.0012,-0.0632,-7,15,1.2,0.3577,-0.085,0,0,0,0,-0.0226,0.0174,,,,,,,,,,,,,,,,,pinnacle
spelad,L1,2024/25,2025-04-19,20:05,Marseille,Montpellier,5,1,H,18,6,8,1,3.8223,0.3041,understat,,7,2,11,11,2,2,0,0,0.7881,0.1315,0.0804,0.8321,0.1104,0.0574,1,1.23,7.5,15,1.18,9.59,20,0.6804,0.7244,0.5659,-0.4719,0.275,1,14,1.2857,0.1501,0.1684,0,0,0.1067,0.0516,0.1111,0.0002,,,,,,,,,,,,,,,,,pinnacle
spelad,L1,2024/25,2025-04-19,18:00,Monaco,Strasbourg,0,0,D,12,5,4,2,0.9699,0.3402,understat,,3,2,18,10,3,3,0,0,0.6134,0.2011,0.1856,0.6433,0.199,0.1577,1,1.62,4.79,5.5,1.55,4.88,6.4,0.6581,0.6651,-1.3564,1.1816,-0.9705,0,15,0.6,-0.0256,-0.1218,0,0,0,0,0.0876,-0.0213,,,,,,,,,,,,,,,,,pinnacle
spelad,L1,2024/25,2025-04-19,16:00,Paris SG,Le Havre,2,1,H,18,9,11,1,3.1923,0.7093,understat,,7,3,7,10,0,0,0,0,0.8509,0.085,0.0641,0.8301,0.1041,0.0658,1,1.15,11.31,20,1.21,9.25,16,0.7639,0.7583,0.5931,-1.007,0.46,7,3,2,0.0331,0.1529,0,0,0,0.0352,-0.0431,-0.0348,,,,,,,,,,,,,,,,,pinnacle
spelad,L1,2024/25,2025-04-20,16:15,Brest,Lens,1,3,A,11,17,5,9,1.054,2.9855,understat,,7,6,11,11,0,0,1,0,0.4064,0.2845,0.3091,0.3845,0.2912,0.3243,1,2.45,3.45,3.15,2.53,3.4,3.05,0.509,0.5115,0.2,-0.3143,0.7479,-2,9,-0.3333,0.2392,-0.0449,0,0,0,0,-0.0591,0.0082,,,,,,,,,,,,,,,,,pinnacle
spelad,L1,2024/25,2025-04-20,14:00,Lille,Auxerre,3,1,H,15,7,9,3,2.9705,0.2809,understat,,8,4,8,13,1,2,0,0,0.6387,0.2172,0.1441,0.7179,0.1798,0.1023,1,1.55,4.49,7,1.38,5.39,9.47,0.5141,0.5804,0.0337,0.5216,-0.2603,1,3,1,-0.3147,0.4199,0,0,0.042,0.1488,0.2002,-0.0333,,,,,,,,,,,,,,,,,pinnacle
spelad,L1,2024/25,2025-04-20,16:15,Nice,Angers,2,1,H,22,5,8,2,2.7257,0.2786,understat,,4,2,10,8,1,1,0,0,0.6973,0.188,0.1147,0.6941,0.1909,0.115,1,1.42,5.16,8.5,1.43,5.1,8.7,0.5487,0.5536,-0.4007,0.4374,-0.376,1,13,0.9231,0.2244,0.0994,0,0,0.0653,0,-0.0068,-0.0086,,,,,,,,,,,,,,,,,pinnacle
spelad,L1,2024/25,2025-04-20,16:15,Reims,Toulouse,1,0,H,8,18,2,6,0.6595,1.3273,understat,,0,9,11,12,1,0,0,1,0.2886,0.2912,0.4203,0.2437,0.2701,0.4862,1,3.4,3.59,2.32,3.99,3.6,2.15,0.4744,0.5217,0.6166,-0.8584,0.2597,1,8,-0.75,-0.4739,-0.0327,0,0,0.0931,0,-0.1556,0.0797,,,,,,,,,,,,,,,,,pinnacle
spelad,L1,2024/25,2025-04-20,19:45,St Etienne,Lyon,2,1,H,18,14,6,2,1.7465,0.6323,understat,,8,6,12,13,3,4,0,0,0.1981,0.2102,0.5918,0.1921,0.2165,0.5914,1,5.25,4.64,1.68,5.1,4.5,1.64,0.6651,0.6518,-0.5136,0.0296,-0.7895,0,11,-1.9091,-0.304,-0.0499,0,0,0,0,-0.0117,0.006,,,,,,,,,,,,,,,,,pinnacle
spelad,L1,2024/25,2025-04-22,19:45,Nantes,Paris SG,1,1,D,8,10,2,5,0.5209,2.3055,understat,,4,4,5,9,2,0,0,0,0.138,0.179,0.6831,0.1276,0.1757,0.6967,1,7.4,5.5,1.45,7.59,5.6,1.41,0.6469,0.6674,-0.2842,-0.1836,-0.5005,1,15,-1.6,0.2341,-0.0882,0,0,0.0989,0,-0.0344,0.0216,,,,,,,,,,,,,,,,,pinnacle
spelad,L1,2024/25,2025-04-25,19:45,Paris SG,Nice,1,3,A,32,7,13,3,4.507,1.63,understat,,17,0,9,11,3,1,0,0,0.5614,0.2158,0.2228,0.631,0.1978,0.1712,1,1.76,4.53,4.6,1.6,4.9,6.17,0.6605,0.6697,0.9775,-0.956,0.89,-2,14,1.5,-0.0398,0.0308,0,0,0,0.0914,0.1908,-0.0093,,,,,,,,,,,,,,,,,pinnacle
spelad,L1,2024/25,2025-04-26,18:00,Le Havre,Monaco,1,1,D,9,19,3,7,0.8078,3.2895,understat,,3,6,12,13,1,0,0,0,0.137,0.1837,0.6793,0.1195,0.1832,0.6973,1,7.3,5.25,1.46,8.7,5.34,1.41,0.6604,0.6329,0.6903,-0.686,0.4469,0,3,-1,-0.0433,0.4438,0,0,0.0343,0.0407,-0.053,0.0157,,,,,,,,,,,,,,,,,pinnacle
spelad,L1,2024/25,2025-04-26,20:05,Lyon,Rennes,4,1,H,14,10,8,4,2.2588,0.7816,understat,,7,2,12,9,0,0,0,0,0.54,0.2346,0.2253,0.5914,0.2209,0.1876,1,1.83,4.28,4.5,1.7,4.64,5.17,0.6074,0.6329,0.333,-0.0914,-0.0978,-2,14,-0.6429,-0.4885,-0.1839,0,0,0,0,0.1405,-0.0272,,,,,,,,,,,,,,,,,pinnacle
spelad,L1,2024/25,2025-04-26,16:00,Strasbourg,St Etienne,3,1,H,18,17,7,6,2.8346,2.2201,understat,,5,8,10,7,1,0,0,0,0.5836,0.2149,0.2015,0.6223,0.2065,0.1712,1,1.67,4.58,5.25,1.57,4.7,5.7,0.6186,0.6388,0.7231,-0.4792,0.729,1,10,-0.3,-0.1593,0.0141,0,0,0,0,0.1076,-0.0062,,,,,,,,,,,,,,,,,pinnacle
spelad,L1,2024/25,2025-04-27,14:00,Angers,Lille,0,2,A,6,9,3,5,0.917,2.226,understat,,7,2,17,10,1,5,0,1,0.155,0.2359,0.6091,0.1283,0.2158,0.656,1,6.5,4.23,1.63,7.67,4.5,1.49,0.4821,0.5141,-0.7522,0.0902,-0.6878,0,13,-0.4615,0.2487,-0.023,0,0,0,0.0384,-0.1003,0.0178,,,,,,,,,,,,,,,,,pinnacle
spelad,L1,2024/25,2025-04-27,16:15,Lens,Auxerre,0,4,A,16,12,5,8,2.3146,2.3841,understat,,8,1,12,13,4,4,1,0,0.5982,0.2235,0.1784,0.6121,0.2159,0.1721,1,1.63,4.46,5.66,1.59,4.5,5.9,0.5747,0.6049,-0.3616,0.9048,-0.6881,0,3,2,0.4088,0.1009,0,0,0,0.147,0.034,-0.0023,,,,,,,,,,,,,,,,,pinnacle
spelad,L1,2024/25,2025-04-27,19:45,Marseille,Brest,4,1,H,11,9,7,4,1.1257,2.0091,understat,,4,3,14,16,1,4,0,0,0.642,0.1994,0.1586,0.7117,0.175,0.1133,1,1.54,4.85,6.5,1.4,5.6,8.54,0.6195,0.6461,-0.4033,0.6523,-0.8212,1,10,0.9,0.0699,-0.1509,0,0,0.0913,0,0.1847,-0.0354,,,,,,,,,,,,,,,,,pinnacle
spelad,L1,2024/25,2025-04-27,16:15,Montpellier,Reims,0,0,D,12,8,2,3,0.9497,1.0371,understat,,5,5,17,13,3,3,0,0,0.2169,0.2487,0.5344,0.2293,0.2546,0.516,1,4.53,4.02,1.83,4.43,3.87,1.9,0.5297,0.555,-1.0493,1.8498,-1.2208,1,12,-0.5,-0.2309,0.0462,0,0,0,0.0905,0.0433,0.0099,,,,,,,,,,,,,,,,,pinnacle
spelad,L1,2024/25,2025-04-27,16:15,Nantes,Toulouse,0,0,D,11,6,3,3,1.3376,0.411,understat,,3,5,13,11,2,3,0,1,0.326,0.2943,0.3797,0.3213,0.31,0.3687,1,3.11,3.35,2.55,3.03,3.25,2.74,0.4744,0.4221,1.2426,-1.4313,0.8617,-2,10,0.9,0.4059,0.011,0,0,0.0968,0.1157,0.0015,0.0229,,,,,,,,,,,,,,,,,pinnacle
spelad,L1,2024/25,2025-05-02,19:45,Nice,Reims,1,0,H,8,16,2,3,1.2118,0.8762,understat,,5,3,14,21,2,2,0,0,0.6821,0.1877,0.1302,0.6999,0.1829,0.1172,1,1.45,5.2,7.5,1.4,5.28,8.7,0.618,0.6204,-0.7567,1.0251,-0.6379,2,13,0.6923,0.0786,0.3214,0,0,0.049,0,0.0485,-0.0182,,,,,,,,,,,,,,,,,pinnacle
spelad,L1,2024/25,2025-05-03,20:05,St Etienne,Monaco,1,3,A,11,12,1,6,1.1696,1.8441,understat,,6,5,15,12,0,0,0,0,0.1404,0.1737,0.6859,0.1529,0.1843,0.6628,1,7,5.56,1.45,6.5,5.5,1.5,0.7206,0.7134,0.4848,-0.712,0.2405,0,10,-0.9,0.0469,-0.142,0,0,0,0.0379,0.0481,0.011,,,,,,,,,,,,,,,,,pinnacle
spelad,L1,2024/25,2025-05-03,16:00,Strasbourg,Paris SG,2,1,H,9,20,2,4,1.4206,2.3593,understat,,6,2,14,13,1,2,0,0,0.3928,0.2312,0.376,0.4085,0.2539,0.3376,1,2.61,4.18,2.72,2.45,3.92,2.88,0.6565,0.642,1.2297,-1.4747,1.0397,-1,14,-1.7143,-0.0098,0.1212,0,0,0,0.3479,0.0698,-0.0154,,,,,,,,,,,,,,,,,pinnacle
spelad,L1,2024/25,2025-05-03,18:00,Toulouse,Rennes,2,1,H,9,15,3,6,1.0139,1.5774,understat,,6,5,7,15,2,2,0,0,0.4454,0.2777,0.2769,0.4445,0.2742,0.2813,1,2.21,3.56,3.6,2.21,3.58,3.46,0.491,0.5558,-0.744,0.6394,-0.843,-1,11,0,0.2478,-0.0015,0,0,0.1652,0,-0.0062,-0.0042,,,,,,,,,,,,,,,,,pinnacle
spelad,L1,2024/25,2025-05-04,16:15,Auxerre,Le Havre,1,2,A,4,11,1,5,0.3228,1.3029,understat,,0,9,11,10,2,1,0,0,0.4481,0.2681,0.2838,0.3975,0.2713,0.3312,1,2.18,3.76,3.5,2.5,3.59,2.95,0.5296,0.5536,0.1862,-0.5383,0.0881,-1,,,,,0,0,0.1329,0,-0.1486,-0.0099,,,,,,,,,,,,,,,,,pinnacle
spelad,L1,2024/25,2025-05-04,16:15,Brest,Montpellier,1,0,H,16,6,5,1,1.3419,0.4138,understat,,4,6,14,18,1,2,0,0,0.7027,0.1793,0.118,0.7169,0.1722,0.1109,1,1.4,5.46,8.6,1.4,5.71,8.94,0.6099,0.6204,0.5301,-0.3859,0.9072,0,10,-0.6,-0.2406,-0.0759,0,0,0,0,0.0355,-0.0313,,,,,,,,,,,,,,,,,pinnacle
spelad,L1,2024/25,2025-05-04,19:45,Lille,Marseille,1,1,D,5,13,1,6,0.6827,1.4257,understat,,2,5,9,8,2,2,0,0,0.4085,0.2822,0.3093,0.3992,0.2865,0.3142,1,2.42,3.48,3.17,2.47,3.45,3.1,0.5167,0.5166,0.0771,0.3453,0.5488,0,15,0.2,0.2107,-0.0119,0,0,0.036,0.0876,-0.0234,-0.0019,,,,,,,,,,,,,,,,,pinnacle
spelad,L1,2024/25,2025-05-04,16:15,Lyon,Lens,1,2,A,18,8,4,3,1.1801,0.9528,understat,,8,2,8,12,2,3,0,0,0.6213,0.2071,0.1717,0.6721,0.1843,0.1436,1,1.58,4.79,5.81,1.48,5.3,6.8,0.6295,0.6743,0.5739,-1.0375,0.6042,1,9,0,-0.1576,0.0808,0,0,0,0.0335,0.1297,-0.0233,,,,,,,,,,,,,,,,,pinnacle
spelad,L1,2024/25,2025-05-04,14:00,Nantes,Angers,0,1,A,8,14,3,2,0.1413,0.728,understat,,4,6,12,16,2,3,0,0,0.5038,0.2845,0.2117,0.4836,0.2945,0.2219,1,1.95,3.71,4.75,2.02,3.46,4.38,0.4476,0.4391,0.4655,-0.6941,0.4888,0,13,0.4615,0.0787,0.0834,0,0,0.0508,0,-0.0508,-0.0033,,,,,,,,,,,,,,,,,pinnacle
spelad,L1,2024/25,2025-05-10,20:00,Angers,Strasbourg,2,1,H,5,15,2,3,1.3306,0.7101,understat,,2,6,6,10,2,2,0,0,0.225,0.256,0.519,0.2143,0.254,0.5317,1,4.6,3.91,1.87,4.54,3.83,1.85,0.5233,0.5192,-1.2483,0.838,-1.1383,-1,12,-0.25,-0.1009,0.1264,0,0,0,0,-0.0342,0.0216,,,,,,,,,,,,,,,,,pinnacle
spelad,L1,2024/25,2025-05-10,20:00,Auxerre,Nantes,1,1,D,9,7,3,2,0.6245,0.8234,understat,,7,3,15,16,3,1,0,0,0.3365,0.2667,0.3968,0.3388,0.2956,0.3656,1,3,3.59,2.51,2.87,3.39,2.66,0.5065,0.4653,0.4126,-0.2819,0.6833,0,3,-1,-0.1909,-0.2969,0,0,0,0,0.0359,0.0015,,,,,,,,,,,,,,,,,pinnacle
spelad,L1,2024/25,2025-05-10,20:00,Brest,Lille,2,0,H,12,18,4,2,1.8859,1.8448,understat,,3,7,6,14,1,1,0,0,0.2093,0.2489,0.5418,0.1954,0.2334,0.5712,1,4.74,4,1.82,5,4.16,1.74,0.53,0.5722,-0.0384,0.2407,0.0683,0,10,-0.6,0.1637,0.153,0,0,0,0,-0.0572,0.0132,,,,,,,,,,,,,,,,,pinnacle
spelad,L1,2024/25,2025-05-10,20:00,Le Havre,Marseille,1,3,A,10,22,4,5,1.103,2.1613,understat,,2,9,12,12,2,2,0,0,0.1614,0.2083,0.6304,0.148,0.2109,0.6411,1,6.5,4.85,1.57,6.54,4.75,1.56,0.6055,0.5819,0.195,-0.0993,0.8918,0,3,-3,-0.6469,-0.2107,0,0,0,0.0832,-0.0374,0.0228,,,,,,,,,,,,,,,,,pinnacle
spelad,L1,2024/25,2025-05-10,20:00,Monaco,Lyon,2,0,H,11,9,5,4,1.4866,0.3904,understat,,3,5,16,18,2,4,0,0,0.5198,0.2265,0.2537,0.5245,0.2241,0.2514,1,1.88,4.4,4,1.86,4.42,4,0.6682,0.6925,-0.4608,0.5675,-0.162,1,14,-0.8571,-0.1831,-0.252,0,0,0.0365,0,0.0117,-0.0025,,,,,,,,,,,,,,,,,pinnacle
spelad,L1,2024/25,2025-05-10,20:00,Montpellier,Paris SG,1,4,A,9,10,4,8,0.5945,1.7822,understat,,5,4,14,11,1,1,0,0,0.1007,0.1354,0.7639,0.1463,0.1727,0.681,1,12,8,1.3,7,5.85,1.43,0.7329,0.7284,-0.1786,-0.3562,-0.5625,-1,15,-2.4,-0.1701,-0.0803,0,0,0,0.3031,0.1741,-0.0067,,,,,,,,,,,,,,,,,pinnacle
spelad,L1,2024/25,2025-05-10,20:00,Reims,St Etienne,0,2,A,19,9,3,4,1.1227,0.7106,understat,,4,5,13,12,1,0,0,0,0.4623,0.2567,0.2809,0.4363,0.2733,0.2904,1,2.14,3.8,3.51,2.23,3.75,3.41,0.563,0.5347,0.2875,-0.7361,0.217,1,9,0.3333,0.2655,-0.0758,0,0,0,0,-0.0616,0.0296,,,,,,,,,,,,,,,,,pinnacle
spelad,L1,2024/25,2025-05-10,20:00,Rennes,Nice,2,0,H,10,14,4,6,2.0674,1.2346,understat,,1,5,5,13,1,1,0,0,0.2621,0.255,0.4829,0.3013,0.2482,0.4505,1,3.8,3.94,2.05,3.25,3.94,2.21,0.5644,0.6313,-0.1396,0.1883,0.0982,-1,15,-1,-0.6132,-0.0185,0,0,0,0,0.1108,0.0034,,,,,,,,,,,,,,,,,pinnacle
spelad,L1,2024/25,2025-05-10,20:00,Toulouse,Lens,1,1,D,9,12,6,2,1.1241,0.7664,understat,,2,1,17,12,2,5,0,0,0.4194,0.2736,0.3071,0.4233,0.2735,0.3033,1,2.35,3.65,3.2,2.3,3.6,3.31,0.53,0.5347,-0.9686,-0.0511,-1.1963,1,5,-1.8,-0.2483,-0.241,0,0,0.0494,0.0326,0.0116,0.0045,,,,,,,,,,,,,,,,,pinnacle
spelad,L1,2024/25,2025-05-17,20:00,Lens,Monaco,4,0,H,15,6,5,4,2.4905,0.4812,understat,,5,4,14,9,1,1,0,1,0.2371,0.2432,0.5196,0.3602,0.2507,0.3891,1,4.17,4.12,1.88,2.7,3.92,2.5,0.6341,0.6728,0.2642,0.2202,0.0111,0,9,0.6667,0.5857,0.0851,0,0,0.1426,0.148,0.3768,-0.0012,,,,,,,,,,,,,,,,,pinnacle
spelad,L1,2024/25,2025-05-17,20:00,Lille,Reims,2,1,H,21,5,5,2,2.3162,0.0983,understat,,10,3,11,7,0,1,0,0,0.6839,0.1934,0.1227,0.7038,0.1879,0.1083,1,1.43,5.06,8.5,1.4,5.17,9.5,0.557,0.5561,-0.1658,0.6996,-0.4787,0,12,0.25,-0.1249,-0.0395,0,0,0.0525,0,0.0544,-0.0094,,,,,,,,,,,,,,,,,pinnacle
spelad,L1,2024/25,2025-05-17,20:00,Lyon,Angers,2,0,H,21,13,4,3,3.7582,0.5566,understat,,8,8,10,13,1,3,0,0,0.7446,0.1503,0.1051,0.8186,0.1196,0.0618,1,1.3,6.49,11,1.18,8.68,15.63,0.6813,0.765,-0.2992,0.4429,-0.5979,0,12,2,0.3677,-0.0531,0,0,0.0343,0.2268,0.1914,-0.0129,,,,,,,,,,,,,,,,,pinnacle
spelad,L1,2024/25,2025-05-17,20:00,Marseille,Rennes,4,2,H,17,9,10,3,4.0656,1.4032,understat,,5,5,8,12,3,3,0,0,0.5389,0.2353,0.2258,0.6067,0.2138,0.1794,1,1.86,4.23,4.2,1.63,4.65,5.44,0.635,0.6597,0.4681,-0.4913,-0.2031,0,15,0.6,0.1182,-0.0085,0,0,0.0791,0,0.1821,-0.0338,,,,,,,,,,,,,,,,,pinnacle
spelad,L1,2024/25,2025-05-17,20:00,Nantes,Montpellier,3,0,H,18,9,6,0,3.0066,0.6028,understat,,7,2,14,9,3,1,0,0,0.6238,0.2185,0.1578,0.6173,0.2347,0.148,1,1.54,4.6,6.05,1.59,4.45,6.55,0.5518,0.5281,0.8396,-1.5529,0.7737,0,14,0.6429,0.366,-0.0714,0,0,0,0.1739,-0.0031,-0.0166,,,,,,,,,,,,,,,,,pinnacle
spelad,L1,2024/25,2025-05-17,20:00,Nice,Brest,6,0,H,18,10,9,1,5.0223,0.689,understat,,5,2,13,12,0,5,0,0,0.6473,0.1952,0.1575,0.6413,0.2005,0.1582,1,1.53,5,6.75,1.54,4.9,6.25,0.6375,0.6437,-0.6188,0.3939,-0.726,0,11,0.8182,0.193,0.0836,0,0,0.1067,0.0418,-0.0127,-0.028,,,,,,,,,,,,,,,,,pinnacle
spelad,L1,2024/25,2025-05-17,20:00,Paris SG,Auxerre,3,1,H,21,7,9,2,3.7197,0.9013,understat,,5,2,10,9,1,2,0,0,0.7982,0.1186,0.0832,0.8532,0.0969,0.0499,1,1.21,8.4,14.5,1.14,10.76,22.2,0.7429,0.7804,-0.7986,1.6362,-0.5607,0,3,2,-0.1295,0.1915,0,0,0,0.1658,0.1434,-0.0062,,,,,,,,,,,,,,,,,pinnacle
spelad,L1,2024/25,2025-05-17,20:00,St Etienne,Toulouse,2,3,A,18,17,7,9,1.327,3.8222,understat,,7,6,10,7,3,2,0,0,0.4777,0.2324,0.2898,0.3951,0.2565,0.3484,1,2.7,4.43,3.34,2.46,3.91,3.01,0.6308,0.5995,0.9327,-0.6532,1.204,0,6,1,0.3794,0.0737,0,0,0.1716,0.0576,-0.2237,0.0442,,,,,,,,,,,,,,,,,pinnacle
spelad,L1,2024/25,2025-05-17,20:00,Strasbourg,Le Havre,2,3,A,6,10,4,5,1.7441,2.4953,understat,,4,3,18,8,2,0,1,0,0.6025,0.1971,0.2004,0.6302,0.1937,0.1761,1,1.6,4.9,5.41,1.57,5.1,6,0.6388,0.6824,0.7161,-0.7333,0.2516,0,3,1,0.5487,-0.3086,0,0,0.1936,0,0.0796,-0.0108,,,,,,,,,,,,,,,,,pinnacle
spelad,L1,2025/26,2025-08-15,19:45,Rennes,Marseille,1,0,H,12,24,5,2,1.3142,2.073,understat,,1,12,8,11,2,3,1,0,0.2672,0.2717,0.461,0.2435,0.2633,0.4932,1,3.55,3.6,2.1,3.9,3.75,1.97,0.5115,0.5192,-0.4488,0.2152,0.0545,,16,-0.75,-0.1498,-0.0213,0,0,0,0,-0.0796,0.0139,,,,,,,,,,,,,,,,,pinnacle
spelad,L1,2025/26,2025-08-16,16:00,Lens,Lyon,0,1,A,18,11,5,3,1.8745,1.615,understat,,13,8,13,20,2,3,0,0,0.4123,0.2669,0.3208,0.4038,0.2696,0.3266,1,2.33,3.6,3,2.54,3.6,2.9,0.5747,0.5646,0.2925,-0.2491,0.4931,,10,0.3,0.3076,0.0543,0,0,0,0,-0.0227,-0.049,,,,,,,,,,,,,,,,,pinnacle
spelad,L1,2025/26,2025-08-16,18:00,Monaco,Le Havre,3,1,H,13,9,3,4,1.8805,0.4275,understat,,5,4,5,14,0,1,0,0,0.7169,0.1712,0.1118,0.779,0.1423,0.0788,1,1.36,5.5,8.5,1.23,7,13,0.622,0.6596,-0.5988,0.7821,-0.8924,,4,0.75,-0.6191,0.5371,0,0,0,0,0.1571,0.0002,,,,,,,,,,,,,,,,,pinnacle
spelad,L1,2025/26,2025-08-16,20:05,Nice,Toulouse,0,1,A,13,10,2,2,0.9555,0.5695,understat,,9,4,12,13,2,3,0,0,0.4568,0.2807,0.2625,0.4525,0.2895,0.258,1,2.15,3.4,3.66,2,3.5,4.2,0.4795,0.4731,0.5539,-1.0341,0.3499,,12,0.5,-0.0633,0.2178,0,0,0,0,-0.0043,0.0759,,,,,,,,,,,,,,,,,pinnacle
spelad,L1,2025/26,2025-08-17,16:15,Angers,Paris FC,1,0,H,8,17,2,7,0.8214,0.7113,understat,,3,7,14,10,2,1,1,0,0.3522,0.3055,0.3423,0.3006,0.2815,0.418,1,2.71,3.2,2.8,3.13,3.4,2.4,0.4253,0.5064,,,,,,,,,-1,0,0,0,-0.179,0.036,,,,,,,,,,,,,,,,,pinnacle
spelad,L1,2025/26,2025-08-17,16:15,Auxerre,Lorient,1,0,H,7,14,3,3,1.4925,1.8452,understat,,4,5,18,14,3,2,0,0,0.4036,0.2799,0.3165,0.3941,0.2959,0.31,1,2.4,3.5,3.05,2.55,3.25,3,0.509,0.4629,0.9653,-1.3446,0.8832,,,,,,-1,0,0,0,-0.0124,-0.0494,,,,,,,,,,,,,,,,,pinnacle
spelad,L1,2025/26,2025-08-17,14:00,Brest,Lille,3,3,D,18,10,5,6,1.4957,1.8422,understat,,2,2,11,13,2,1,0,0,0.288,0.2781,0.4339,0.3593,0.3014,0.3393,1,3.33,3.5,2.2,2.55,3.3,3.13,0.5026,0.4501,0.1098,-0.1289,0.2832,,11,-0.2727,0.347,0.1179,0,0,0,0,0.2373,0.0647,,,,,,,,,,,,,,,,,pinnacle
spelad,L1,2025/26,2025-08-17,16:15,Metz,Strasbourg,0,1,A,2,9,0,4,0.1845,0.731,understat,,3,3,16,13,2,2,0,0,0.2995,0.278,0.4225,0.2763,0.2755,0.4482,1,3.2,3.45,2.3,4,3.6,2.05,0.5064,0.5115,-0.8265,0.846,-0.3133,,10,-0.9,-0.2069,0.0078,1,0,0,0,-0.0722,-0.0526,,,,,,,,,,,,,,,,,pinnacle
spelad,L1,2025/26,2025-08-17,19:45,Nantes,Paris SG,0,1,A,6,18,0,4,0.1244,1.3568,understat,,2,7,6,6,1,1,0,0,0.1168,0.1686,0.7146,0.0866,0.1475,0.7658,1,8.5,5.75,1.36,14,7.5,1.25,0.6485,0.6361,0.4974,-1.6235,0.1367,,16,-1.5,0.2471,-0.0311,0,0,0,0,-0.1116,-0.0369,,,,,,,,,,,,,,,,,pinnacle
spelad,L1,2025/26,2025-08-22,19:45,Paris SG,Angers,1,0,H,21,3,4,0,2.0878,0.1769,understat,,12,0,3,9,0,0,0,0,0.8869,0.0773,0.0358,0.8868,0.0775,0.0357,1,1.1,12,31,1.08,13,41,0.7525,0.754,-0.8201,1.7963,-0.9613,0,13,3,0.4999,-0.1347,0,0,0,0,0,0.0079,,,,,,,,,,,,,,,,,pinnacle
spelad,L1,2025/26,2025-08-23,20:05,Lyon,Metz,3,0,H,13,11,8,2,2.3548,0.5049,understat,,4,3,13,15,0,2,0,0,0.6871,0.1853,0.1276,0.6791,0.1878,0.133,1,1.42,5,7.5,1.44,5.25,7.5,0.6195,0.6247,0.3778,0.2357,0.2361,1,10,1.2,-0.1679,-0.0049,-1,0,0,0,-0.0214,-0.0046,,,,,,,,,,,,,,,,,pinnacle
spelad,L1,2025/26,2025-08-23,16:00,Marseille,Paris FC,5,2,H,12,8,7,4,3.337,1.0546,understat,,5,2,9,12,1,0,0,0,0.6933,0.1875,0.1193,0.6811,0.19,0.1289,1,1.4,5,8.5,1.44,5.1,8,0.5793,0.5945,,,,2,,,,,-1,0,0,0,-0.0341,-0.0097,,,,,,,,,,,,,,,,,pinnacle
spelad,L1,2025/26,2025-08-23,18:00,Nice,Auxerre,3,1,H,16,12,6,8,2.6628,2.2441,understat,,5,4,10,15,2,2,0,1,0.573,0.2337,0.1933,0.5252,0.255,0.2198,1,1.67,4.33,5,1.88,3.9,4.5,0.5398,0.5026,-0.6105,1.0147,-0.4551,1,4,-0.75,-1.0549,0.49,0,0,0,0,-0.1222,-0.0063,,,,,,,,,,,,,,,,,pinnacle
spelad,L1,2025/26,2025-08-24,16:15,Le Havre,Lens,1,2,A,18,6,6,3,2.0398,1.291,understat,,7,0,17,16,3,1,0,0,0.2418,0.2636,0.4947,0.2198,0.2633,0.5168,1,3.8,3.75,1.96,4.65,3.85,1.88,0.5179,0.5308,0.4197,-0.9504,0.3514,0,4,0,0.5711,0.2691,0,0,0,0,-0.066,0.0044,,,,,,,,,,,,,,,,,pinnacle
spelad,L1,2025/26,2025-08-24,19:45,Lille,Monaco,1,0,H,18,6,1,1,2.4109,1.5221,understat,,8,3,7,14,1,2,0,0,0.3113,0.266,0.4228,0.2763,0.2672,0.4566,1,3.1,3.6,2.35,3.35,3.7,2.2,0.5696,0.58,0.3141,-0.239,0.2017,-1,15,-0.4,-0.0461,0.0705,0,0,0,0,-0.1038,0.0449,,,,,,,,,,,,,,,,,pinnacle
spelad,L1,2025/26,2025-08-24,14:00,Lorient,Rennes,4,0,H,22,5,7,1,3.4466,0.0728,understat,,3,2,18,7,6,0,0,2,0.3406,0.2931,0.3664,0.3472,0.2902,0.3627,1,2.83,3.4,2.6,2.8,3.4,2.6,0.4833,0.4846,-0.6196,0.4764,-0.8901,-2,8,0.375,0.8393,-0.1156,1,0,0,0,0.0168,-0.0185,,,,,,,,,,,,,,,,,pinnacle
spelad,L1,2025/26,2025-08-24,16:15,Strasbourg,Nantes,1,0,H,15,9,4,2,1.8174,0.4254,understat,,7,6,11,9,2,2,0,0,0.542,0.2643,0.1937,0.5427,0.2661,0.1912,1,1.8,3.75,5,1.8,3.75,5.4,0.5064,0.4731,0.4364,0.0275,0.168,0,15,0.6,0.3213,-0.156,0,0,0,0,0.0039,-0.0117,,,,,,,,,,,,,,,,,pinnacle
spelad,L1,2025/26,2025-08-24,16:15,Toulouse,Brest,2,0,H,6,16,3,2,1.3243,0.7501,understat,,3,9,14,10,0,1,0,0,0.4583,0.2709,0.2709,0.4282,0.2859,0.2859,1,2.15,3.6,3.55,2.3,3.45,3.33,0.4974,0.477,-0.2264,-0.0229,-0.1197,1,8,-1.875,-0.995,0.1006,0,0,0,0,-0.0752,-0.0069,,,,,,,,,,,,,,,,,pinnacle
spelad,L1,2025/26,2025-08-29,19:45,Lens,Brest,3,1,H,30,9,10,2,4.4205,0.9634,understat,,15,1,7,12,1,3,0,1,0.517,0.2538,0.2292,0.4915,0.2602,0.2483,1,1.88,3.8,4.2,2,3.85,4.1,0.5281,0.5573,0.2365,-0.3238,0.401,0,10,0.6,-0.0012,-0.0696,0,0,0,0,-0.07,0.0097,,,,,,,,,,,,,,,,,pinnacle
spelad,L1,2025/26,2025-08-30,16:00,Lorient,Lille,1,7,A,6,20,2,11,1.1603,3.7026,understat,,3,8,14,18,3,3,0,0,0.2811,0.2671,0.4518,0.2854,0.2695,0.4451,1,3.4,3.55,2.15,3.33,3.55,2.21,0.5155,0.5051,-0.8156,0.141,-0.6793,0,8,-0.75,0.311,-0.2405,1,0,0,0,0.0153,0.0124,,,,,,,,,,,,,,,,,pinnacle
spelad,L1,2025/26,2025-08-30,18:00,Nantes,Auxerre,1,0,H,4,14,3,4,0.4181,1.11,understat,,3,9,13,11,1,3,0,0,0.4149,0.2956,0.2894,0.4021,0.3013,0.2967,1,2.36,3.4,3.4,2.6,3.3,3.1,0.4351,0.4232,-0.4017,0.4011,-0.3345,-1,4,0.75,0.2677,-0.0465,0,0,0,0.1218,-0.0329,-0.0772,,,,,,,,,,,,,,,,,pinnacle
spelad,L1,2025/26,2025-08-30,20:05,Toulouse,Paris SG,3,6,A,14,13,6,8,2.3301,2.4961,understat,,5,7,7,11,1,0,0,0,0.114,0.1762,0.7099,0.1097,0.1722,0.7181,1,9,5.4,1.37,9,6,1.35,0.6074,0.6137,0.6826,-1.329,0.6073,-2,10,-2.1,-0.0944,-0.0624,0,0,0,0,-0.0169,0.0037,,,,,,,,,,,,,,,,,pinnacle
spelad,L1,2025/26,2025-08-31,14:00,Angers,Rennes,1,1,D,10,15,7,7,1.5862,1.7376,understat,,1,7,9,11,2,2,0,0,0.2786,0.2739,0.4476,0.2257,0.2702,0.5041,1,3.5,3.5,2.15,4.75,3.75,1.84,0.4667,0.4668,0.2695,-0.6485,0.4043,2,13,-1.8462,-0.447,-0.1913,0,0,0,0,-0.1623,-0.0395,,,,,,,,,,,,,,,,,pinnacle
spelad,L1,2025/26,2025-08-31,16:15,Le Havre,Nice,3,1,H,12,7,8,3,1.7555,0.7156,understat,,0,5,13,16,1,4,0,0,0.2657,0.2694,0.4649,0.2802,0.2716,0.4481,1,3.6,3.75,2.1,3.4,3.65,2.3,0.5155,0.5115,-0.3635,0.4675,-0.1136,-1,4,-1.5,-0.0401,-0.2575,0,0,0,0,0.0459,0.0394,,,,,,,,,,,,,,,,,pinnacle
spelad,L1,2025/26,2025-08-31,19:45,Lyon,Marseille,1,0,H,17,5,5,2,3.1573,0.8969,understat,,9,4,16,11,2,2,0,1,0.3532,0.2581,0.3887,0.3237,0.2781,0.3983,1,2.75,3.9,2.5,3,3.6,2.45,0.6186,0.5487,-0.001,0.1622,-0.094,0,15,0.2,0.1614,-0.1327,0,0,0,0,-0.0687,0.0212,,,,,,,,,,,,,,,,,pinnacle
spelad,L1,2025/26,2025-08-31,16:15,Monaco,Strasbourg,3,2,H,12,12,4,4,2.3555,1.7732,understat,,6,5,13,12,2,1,0,1,0.6178,0.2113,0.1709,0.6266,0.2045,0.1689,1,1.57,4.6,6,1.5,5.25,7,0.596,0.6103,-0.5654,0.7388,-0.3388,0,16,0.5625,-0.0946,-0.0641,0,0,0,0.3004,0.0196,0.0993,,,,,,,,,,,,,,,,,pinnacle
spelad,L1,2025/26,2025-08-31,16:15,Paris FC,Metz,3,2,H,24,14,9,2,3.399,1.6248,understat,,14,6,4,8,1,1,0,1,0.525,0.2569,0.2181,0.551,0.2461,0.2029,1,1.85,3.75,4.33,1.77,4,4.75,0.4936,0.5166,,,,0,,,,,0,0,0,0,0.0671,-0.0202,,,,,,,,,,,,,,,,,pinnacle
spelad,L1,2025/26,2025-09-12,19:45,Marseille,Lorient,4,0,H,15,4,8,1,2.8337,0.1874,understat,,10,0,18,5,3,2,0,1,0.6958,0.1743,0.13,0.7103,0.1707,0.119,1,1.4,5.5,8,1.37,5.5,9,0.6437,0.6534,0.6211,-1.1179,0.4099,-1,8,2.625,0.8563,-0.1203,-1,0,0,0.0445,0.0402,-0.0158,,,,,,,,,,,,,,,,,pinnacle
spelad,L1,2025/26,2025-09-13,20:05,Auxerre,Monaco,1,2,A,9,13,2,3,0.9042,1.6265,understat,,5,8,12,19,3,6,1,0,0.1863,0.2117,0.602,0.1951,0.2086,0.5962,1,5.5,4.5,1.62,5.25,4.75,1.6,0.6238,0.6644,-0.118,-0.7145,0.1459,1,4,-3,-0.6675,-0.2075,0,0,0.0808,0,0.0234,-0.0201,,,,,,,,,,,,,,,,,pinnacle
spelad,L1,2025/26,2025-09-13,16:00,Nice,Nantes,1,0,H,19,14,8,3,2.3465,0.7759,understat,,7,4,16,13,2,0,0,0,0.5634,0.2477,0.1889,0.6147,0.226,0.1593,1,1.7,4,5.3,1.58,4.3,6.5,0.5064,0.5499,0.3045,-0.0839,0.2158,-1,15,0.4,0.0391,0.0449,0,0,0,0,0.1323,-0.0141,,,,,,,,,,,,,,,,,pinnacle
spelad,L1,2025/26,2025-09-14,16:15,Brest,Paris FC,1,2,A,23,7,8,4,2.6052,1.8501,understat,,6,1,11,10,0,2,0,1,0.4187,0.2642,0.3171,0.3848,0.2806,0.3346,1,2.28,3.6,3.35,2.72,3.45,2.75,0.5487,0.5296,,,,2,,,,,-1,0,0,0,-0.0852,-0.0702,,,,,,,,,,,,,,,,,pinnacle
spelad,L1,2025/26,2025-09-14,14:00,Lille,Toulouse,2,1,H,20,9,5,4,2.4212,1.1568,understat,,7,6,12,10,2,3,0,1,0.5418,0.2405,0.2177,0.5156,0.2685,0.2159,1,1.8,4,4.5,1.88,3.7,4.35,0.5309,0.4834,-0.1566,-0.2303,-0.0669,0,12,1,0.1531,-0.0955,0,0,0,0,-0.0506,-0.0159,,,,,,,,,,,,,,,,,pinnacle
spelad,L1,2025/26,2025-09-14,16:15,Metz,Angers,1,1,D,9,11,5,4,1.7627,1.9818,understat,,4,3,10,7,0,1,0,0,0.4117,0.2914,0.2968,0.4366,0.2906,0.2727,1,2.38,3.45,3.45,2.28,3.4,3.35,0.4602,0.459,-0.8662,0.9229,-1.0994,0,7,-0.8571,-0.1118,-0.1426,1,0,0,0,0.0738,-0.0525,,,,,,,,,,,,,,,,,pinnacle
spelad,L1,2025/26,2025-09-14,16:15,Paris SG,Lens,2,0,H,14,11,6,3,1.0582,1.2242,understat,,4,3,10,8,1,2,0,0,0.7229,0.161,0.1161,0.7171,0.1635,0.1194,1,1.35,6.25,9.5,1.38,6,8.5,0.698,0.7097,-0.5676,0.5827,-0.8162,-1,10,1.2,0.0113,-0.0253,0,0,0.226,0.047,-0.0148,-0.0277,,,,,,,,,,,,,,,,,pinnacle
spelad,L1,2025/26,2025-09-14,19:45,Rennes,Lyon,3,1,H,23,8,5,5,2.2092,1.7381,understat,,5,4,18,13,2,2,0,1,0.357,0.268,0.375,0.397,0.2755,0.3275,1,2.75,3.6,2.57,2.7,3.55,2.8,0.541,0.5646,-0.0436,0.0696,-0.0393,0,14,0.6429,0.6933,-0.1805,0,0,0,0,0.1275,-0.0561,,,,,,,,,,,,,,,,,pinnacle
spelad,L1,2025/26,2025-09-14,16:15,Strasbourg,Le Havre,1,0,H,9,10,7,1,1.4335,0.5248,understat,,4,3,8,16,2,2,1,0,0.5874,0.2256,0.187,0.5305,0.2528,0.2167,1,1.63,4.25,5.6,1.85,3.8,4.6,0.5347,0.5115,0.2702,-0.1266,-0.4356,0,4,0,-0.1095,-0.2799,0,0,0.2795,0,-0.1434,-0.0107,,,,,,,,,,,,,,,,,pinnacle
spelad,L1,2025/26,2025-09-19,19:45,Lyon,Angers,1,0,H,16,10,5,2,2.2048,0.6774,understat,,7,4,16,10,2,2,0,0,0.6538,0.2076,0.1387,0.6618,0.2047,0.1335,1,1.48,4.75,7.5,1.48,4.7,7.5,0.5361,0.5359,-0.2132,0.6533,-0.4431,0,13,2.0769,0.372,-0.0583,0,0,0,0,0.0213,-0.0163,,,,,,,,,,,,,,,,,pinnacle
spelad,L1,2025/26,2025-09-20,18:00,Brest,Nice,4,1,H,11,21,5,4,2.0738,2.2639,understat,,2,7,17,11,1,3,0,0,0.3521,0.2697,0.3782,0.3001,0.2657,0.4341,1,2.75,3.7,2.6,3.1,3.65,2.37,0.5561,0.5671,-0.7013,1.2003,-0.4268,-1,12,-1,-0.3099,0.06,0,0,0.0724,0,-0.1598,0.0555,,,,,,,,,,,,,,,,,pinnacle
spelad,L1,2025/26,2025-09-20,20:05,Lens,Lille,3,0,H,15,17,6,3,3.8174,1.8989,understat,,4,10,17,11,1,3,0,0,0.4028,0.277,0.3201,0.4196,0.2742,0.3061,1,2.54,3.5,2.9,2.25,3.5,3.2,0.5398,0.5308,-0.1947,0.588,-0.1229,0,10,-1.2,-0.436,-0.0875,0,0,0.0447,0.0329,0.0476,0.0082,,,,,,,,,,,,,,,,,pinnacle
spelad,L1,2025/26,2025-09-20,16:00,Nantes,Rennes,2,2,D,16,8,4,4,2.6563,1.4404,understat,,4,4,14,18,3,1,0,0,0.2623,0.2789,0.4587,0.2729,0.2816,0.4456,1,3.5,3.5,2.16,4.1,3.6,2.05,0.4756,0.4817,-0.2865,-0.0864,-0.3162,1,16,-1.3125,-0.3129,-0.0963,0,0,0,0,0.0342,-0.0876,,,,,,,,,,,,,,,,,pinnacle
spelad,L1,2025/26,2025-09-21,16:15,Auxerre,Toulouse,1,0,H,6,13,1,3,0.8834,1.5096,understat,,3,4,12,20,1,6,1,0,0.3473,0.2964,0.3563,0.2704,0.3081,0.4215,1,2.75,3.4,2.75,3.5,3.35,2.3,0.4653,0.4211,-0.621,-0.2313,-0.6515,1,4,-1.5,-0.5989,0.2301,0,0,0.0626,0,-0.219,0.031,,,,,,,,,,,,,,,,,pinnacle
spelad,L1,2025/26,2025-09-21,16:15,Le Havre,Lorient,1,1,D,13,8,2,4,2.234,1.2699,understat,,6,2,20,15,3,6,0,0,0.4187,0.2771,0.3042,0.4544,0.2903,0.2553,1,2.35,3.5,3.2,2.17,3.4,3.85,0.4974,0.4318,0.4021,-0.5625,0.8058,-2,,,,,-1,0,0,0.1079,0.1204,-0.013,,,,,,,,,,,,,,,,,pinnacle
spelad,L1,2025/26,2025-09-21,16:15,Monaco,Metz,5,2,H,16,8,6,3,3.497,1.913,understat,,4,5,15,6,1,0,0,0,0.7523,0.1459,0.1019,0.7282,0.1633,0.1085,1,1.29,6.5,11,1.34,6,9,0.6899,0.6581,0.9868,-0.1872,0.8826,1,8,2.25,0.5585,-0.222,-1,0,0.0495,0,-0.0547,-0.0107,,,,,,,,,,,,,,,,,pinnacle
spelad,L1,2025/26,2025-09-21,14:00,Paris FC,Strasbourg,2,3,A,18,8,6,4,1.9014,2.4646,understat,,4,2,11,10,1,5,0,0,0.3954,0.2816,0.3229,0.4071,0.278,0.3149,1,2.5,3.6,3,2.4,3.55,3,0.5398,0.5359,,,,0,,,,,1,0,0,0.0893,0.0314,-0.0248,,,,,,,,,,,,,,,,,pinnacle
spelad,L1,2025/26,2025-09-22,22:00,Marseille,Paris SG,1,0,H,9,12,2,5,1.7774,0.9196,understat,,5,3,16,7,3,0,0,0,0.2591,0.2428,0.4981,0.2274,0.2374,0.5352,1,3.7,4.1,1.95,4.2,3.95,1.88,0.6143,0.5815,0.0307,-0.8697,0.0745,2,15,-2.2,-0.3263,-0.0612,0,0,0,0.2525,-0.1004,0.035,,,,,,,,,,,,,,,,,pinnacle
spelad,L1,2025/26,2025-09-26,19:45,Strasbourg,Marseille,1,2,A,9,16,1,9,1.0976,2.0026,understat,,5,4,13,15,2,4,0,0,0.2587,0.2573,0.484,0.2868,0.2693,0.4439,1,3.6,3.75,2.02,3.3,3.65,2.25,0.541,0.541,0.4069,-0.0288,0.0453,1,15,-1,-0.2054,0.276,0,0,0.0765,0,0.0962,0.0229,,,,,,,,,,,,,,,,,pinnacle
spelad,L1,2025/26,2025-09-27,16:00,Lorient,Monaco,3,1,H,19,5,8,2,2.0936,0.894,understat,,2,4,10,11,2,3,0,1,0.1828,0.2214,0.5958,0.2397,0.2452,0.5151,1,5.5,4.5,1.63,4.1,4.1,2.08,0.6099,0.585,-0.8539,0.7271,-0.4506,0,8,-0.375,0.2875,0.4117,1,0,0.0533,0.1033,0.1945,0.0277,,,,,,,,,,,,,,,,,pinnacle
spelad,L1,2025/26,2025-09-27,20:05,Paris SG,Auxerre,2,0,H,15,12,8,3,2.1167,0.7313,understat,,5,5,17,10,1,2,0,0,0.8307,0.1044,0.0649,0.819,0.1149,0.0661,1,1.17,8.5,17.5,1.23,7,15,0.7238,0.6913,0.4538,-0.293,0.2142,-1,4,2.25,-0.0113,0.1194,0,0,0.3019,0.0511,-0.0245,-0.0876,,,,,,,,,,,,,,,,,pinnacle
spelad,L1,2025/26,2025-09-27,18:00,Toulouse,Nantes,2,2,D,20,12,7,2,1.9857,1.8303,understat,,1,4,18,12,2,3,0,0,0.5675,0.2539,0.1787,0.5253,0.2692,0.2055,1,1.73,3.75,5.5,1.73,3.75,6.33,0.4524,0.4641,0.2719,0.416,0.5883,-1,11,-0.8182,-0.4168,0.0727,0,0,0,0,-0.1111,0.0902,,,,,,,,,,,,,,,,,pinnacle
spelad,L1,2025/26,2025-09-28,16:15,Angers,Brest,0,2,A,11,7,2,3,0.5018,1.3419,understat,,11,4,13,13,1,1,0,0,0.3143,0.2823,0.4034,0.2931,0.3129,0.394,1,3.2,3.4,2.4,3.4,3.2,2.4,0.4833,0.3985,0.1473,-0.2598,0.5945,1,10,0,0.0602,-0.0936,0,0,0,0.065,-0.033,0.0068,,,,,,,,,,,,,,,,,pinnacle
spelad,L1,2025/26,2025-09-28,16:15,Lille,Lyon,0,1,A,14,5,3,2,1.6527,0.6426,understat,,3,4,20,24,4,4,1,0,0.428,0.2771,0.2949,0.4137,0.2746,0.3116,1,2.3,3.65,3.2,2.36,3.5,3.2,0.5398,0.551,-0.0106,-0.4603,0.0209,-1,16,0.5625,0.3432,0.1777,0,0,0.0314,0,-0.0452,0.0077,,,,,,,,,,,,,,,,,pinnacle
spelad,L1,2025/26,2025-09-28,16:15,Metz,Le Havre,0,0,D,7,11,0,2,0.3994,0.3959,understat,,4,6,16,16,2,2,0,0,0.3622,0.2795,0.3582,0.3618,0.2905,0.3476,1,2.7,3.5,2.75,2.63,3.4,2.8,0.4821,0.4885,-0.3749,-0.0548,-1.1286,0,,,,,1,0,0,0,0.0098,0.0116,,,,,,,,,,,,,,,,,pinnacle
spelad,L1,2025/26,2025-09-28,14:00,Nice,Paris FC,1,1,D,11,13,5,3,1.37,1.4944,understat,,5,5,14,14,1,1,0,0,0.5139,0.2421,0.244,0.5094,0.2527,0.2379,1,1.9,4,4,2.12,3.8,3.8,0.596,0.5646,-0.1555,0.2075,-0.1833,1,,,,,-1,0,0.1322,0,-0.0029,-0.1357,,,,,,,,,,,,,,,,,pinnacle
spelad,L1,2025/26,2025-09-28,19:45,Rennes,Lens,0,0,D,14,13,2,2,1.5744,1.5193,understat,,8,4,16,9,3,2,0,1,0.381,0.2696,0.3494,0.3728,0.2733,0.3538,1,2.5,3.6,2.9,2.68,3.7,2.65,0.5536,0.5595,-0.0059,-0.3086,-0.6309,0,10,-1.5,-0.8841,0.2177,0,0,0,0.0398,-0.0209,-0.018,,,,,,,,,,,,,,,,,pinnacle
spelad,L1,2025/26,2025-10-03,19:45,Paris FC,Lorient,2,0,H,10,8,2,3,1.8369,0.8559,understat,,1,5,19,10,0,2,0,0,0.5432,0.2429,0.2139,0.5571,0.2454,0.1974,1,1.75,4,4.75,1.8,3.9,4.75,0.551,0.5396,0.0612,-0.0612,-0.2673,-1,,,,,0,0,0,0.0748,0.0444,-0.0591,,,,,,,,,,,,,,,,,pinnacle
spelad,L1,2025/26,2025-10-04,20:05,Auxerre,Lens,1,2,A,18,7,2,4,1.2742,0.471,understat,,2,2,10,21,3,7,0,1,0.2549,0.2496,0.4954,0.27,0.2627,0.4673,1,3.85,3.8,2,3.6,3.8,2.05,0.5244,0.5345,-0.123,0.0651,-0.4294,1,4,-0.75,0.1847,0.0217,0,0,0,0.0391,0.0583,-0.0031,,,,,,,,,,,,,,,,,pinnacle
spelad,L1,2025/26,2025-10-04,18:00,Brest,Nantes,0,0,D,17,6,5,0,1.4455,0.4899,understat,,12,3,11,12,2,1,0,0,0.5143,0.2571,0.2286,0.4913,0.2732,0.2355,1,1.91,3.75,4.1,1.95,3.65,4.2,0.5039,0.4694,0.2134,-0.1302,0.1006,-1,11,0,-0.0083,-0.0214,0,0,0.0617,0.0429,-0.053,0.0159,,,,,,,,,,,,,,,,,pinnacle
spelad,L1,2025/26,2025-10-04,16:00,Metz,Marseille,0,3,A,4,21,1,9,0.1529,2.6772,understat,,4,4,8,7,0,0,0,0,0.1542,0.2043,0.6415,0.1483,0.2122,0.6395,1,7,5,1.49,6.25,4.6,1.57,0.5915,0.591,-0.787,0.6134,-1.1974,-2,9,-1,-0.0394,0.4408,1,0,0,0,-0.0097,0.0532,,,,,,,,,,,,,,,,,pinnacle
spelad,L1,2025/26,2025-10-05,16:15,Le Havre,Rennes,2,2,D,10,9,2,3,1.981,1.2129,understat,,3,4,13,9,1,2,0,0,0.3143,0.2907,0.3951,0.2938,0.2869,0.4192,1,3.15,3.45,2.4,3.33,3.55,2.3,0.4756,0.4885,-0.7881,1.0726,-0.1432,0,4,-2.25,-0.5875,-0.0052,0,0,0,0,-0.065,0.0205,,,,,,,,,,,,,,,,,pinnacle
spelad,L1,2025/26,2025-10-05,19:45,Lille,Paris SG,1,1,D,9,17,3,5,0.6475,1.7121,understat,,3,5,11,12,1,1,0,0,0.2159,0.2419,0.5422,0.2274,0.2477,0.5249,1,4.5,4.1,1.78,3.6,3.7,2.1,0.5538,0.5707,-0.9145,1.0792,-0.2098,-1,16,-1.875,-0.1565,-0.0753,0,0,0,0.2887,0.0403,0.1663,,,,,,,,,,,,,,,,,pinnacle
spelad,L1,2025/26,2025-10-05,14:00,Lyon,Toulouse,1,2,A,13,14,3,4,1.4221,1.3653,understat,,8,5,13,17,1,3,0,0,0.4948,0.2533,0.2519,0.486,0.2723,0.2418,1,1.95,3.8,4.1,2.05,3.5,3.9,0.5296,0.4859,0.684,-0.2987,0.5474,-1,12,2.25,0.5762,0.0231,0,0,0.0504,0,-0.0075,-0.027,,,,,,,,,,,,,,,,,pinnacle
spelad,L1,2025/26,2025-10-05,16:15,Monaco,Nice,2,2,D,20,9,6,2,2.4556,1.1312,understat,,6,7,10,9,1,3,0,1,0.4932,0.2564,0.2504,0.4739,0.257,0.2691,1,1.92,4,3.9,1.96,3.8,3.8,0.6,0.6167,0.7049,-0.5702,0.4606,1,15,0.4,-0.0738,-0.0685,0,0,0.1327,0.1115,-0.0573,0.0408,,,,,,,,,,,,,,,,,pinnacle
spelad,L1,2025/26,2025-10-05,16:15,Strasbourg,Angers,5,0,H,18,5,12,1,4.2783,0.2946,understat,,2,5,12,11,2,2,0,0,0.5642,0.2474,0.1884,0.5454,0.2568,0.1977,1,1.7,3.9,5.5,1.75,3.8,5.33,0.4653,0.4653,-0.0169,0.4042,-0.2415,2,13,0,-0.1658,0.0972,0,0,0.2616,0,-0.0468,0.0066,,,,,,,,,,,,,,,,,pinnacle
spelad,L1,2025/26,2025-10-17,19:45,Paris SG,Strasbourg,3,3,D,21,12,9,7,2.8566,1.9208,understat,,4,1,12,15,2,1,0,0,0.7365,0.1655,0.098,0.6936,0.185,0.1214,1,1.33,6,10,1.44,5.4,8,0.654,0.6517,0.2658,-0.2002,-0.2899,0,15,1.4,-0.1884,0.0962,0,0,0.1784,0.2244,-0.109,-0.0384,,,,,,,,,,,,,,,,,pinnacle
spelad,L1,2025/26,2025-10-18,18:00,Angers,Monaco,1,1,D,16,11,3,4,1.581,1.6517,understat,,10,3,15,14,2,2,0,0,0.1814,0.2277,0.5909,0.185,0.2402,0.5748,1,5.5,4.3,1.63,5.6,4.2,1.65,0.5747,0.5308,-0.2033,-0.3568,0.132,0,14,-1.7143,-0.2255,-0.0876,0,0,0.0756,0.0946,0.0233,-0.0241,,,,,,,,,,,,,,,,,pinnacle
spelad,L1,2025/26,2025-10-18,20:05,Marseille,Le Havre,6,2,H,18,8,11,3,4.2044,0.353,understat,,2,1,17,13,2,1,0,1,0.7246,0.1642,0.1113,0.708,0.182,0.11,1,1.33,5.5,9.5,1.37,5.5,10,0.5865,0.5829,0.5186,-0.5663,0.3448,1,4,3,0.8597,-0.2108,0,0,0,0,-0.0317,0.0221,,,,,,,,,,,,,,,,,pinnacle
spelad,L1,2025/26,2025-10-18,16:00,Nice,Lyon,3,2,H,5,29,4,7,1.1637,2.8987,understat,,1,16,10,11,1,2,0,0,0.3815,0.2737,0.3448,0.392,0.2739,0.3341,1,2.5,3.65,2.8,2.4,3.65,3.2,0.5373,0.5371,-0.6202,0.0318,-0.8768,0,16,-0.375,0.2597,-0.1083,0,0,0.1851,0.0443,0.0318,0.09,,,,,,,,,,,,,,,,,pinnacle
spelad,L1,2025/26,2025-10-19,14:00,Lens,Paris FC,2,1,H,11,9,3,3,1.9802,0.584,understat,,11,3,11,8,2,2,0,0,0.511,0.2476,0.2414,0.5267,0.253,0.2203,1,1.91,3.95,4,1.82,4,4.33,0.5747,0.5718,0.2156,-0.2487,0.5271,-1,,,,,-1,0,0.0385,0,0.0527,-0.007,,,,,,,,,,,,,,,,,pinnacle
spelad,L1,2025/26,2025-10-19,16:15,Lorient,Brest,3,3,D,12,8,7,4,1.5878,1.568,understat,,5,2,13,16,3,2,0,0,0.3799,0.2729,0.3472,0.3576,0.2886,0.3537,1,2.5,3.5,3,2.8,3.3,2.71,0.4961,0.491,0.0014,0.5407,0.3745,1,8,0,0.2907,-0.2904,1,0,0.0683,0.0568,-0.051,-0.0273,,,,,,,,,,,,,,,,,pinnacle
spelad,L1,2025/26,2025-10-19,19:45,Nantes,Lille,0,2,A,8,23,3,5,0.7726,2.7603,understat,,5,9,12,15,1,4,0,0,0.2122,0.2496,0.5382,0.1918,0.2526,0.5556,1,4.5,3.8,1.83,5.5,4,1.67,0.5116,0.5115,0.0722,-0.4581,-0.2172,1,15,-1.8,-0.551,-0.0065,0,0,0.0419,0,-0.0583,-0.0542,,,,,,,,,,,,,,,,,pinnacle
spelad,L1,2025/26,2025-10-19,16:15,Rennes,Auxerre,2,2,D,19,7,7,4,1.9359,1.6663,understat,,6,2,11,15,1,3,0,0,0.5359,0.2512,0.2129,0.5315,0.2553,0.2133,1,1.8,3.85,4.75,1.88,3.75,4.4,0.5219,0.5371,0.6636,-0.9091,0.0252,-1,4,-0.75,-0.8337,-0.0036,0,0,0,0.0356,-0.0092,-0.044,,,,,,,,,,,,,,,,,pinnacle
spelad,L1,2025/26,2025-10-19,16:15,Toulouse,Metz,4,0,H,16,2,7,2,2.7304,0.1191,understat,,5,1,14,11,2,1,0,1,0.5978,0.2336,0.1686,0.6086,0.2338,0.1576,1,1.61,4.2,6,1.55,4.4,6.5,0.5064,0.5064,0.5639,-0.1008,1.0991,-1,5,1.2,0.3108,0.3109,-1,0,0,0,0.0326,0.0251,,,,,,,,,,,,,,,,,pinnacle
spelad,L1,2025/26,2025-10-24,19:45,Paris FC,Nantes,1,2,A,14,11,3,3,0.9513,0.9168,understat,,8,2,10,13,3,2,0,0,0.5808,0.2366,0.1827,0.6135,0.2324,0.1541,1,1.67,4.1,5.4,1.61,4.2,6,0.5422,0.5321,0.0608,0.3178,0.0825,0,,,,,1,0,0,0.0403,0.0939,-0.0401,,,,,,,,,,,,,,,,,pinnacle
spelad,L1,2025/26,2025-10-25,16:00,Brest,Paris SG,0,3,A,8,18,2,8,1.8926,2.9245,understat,,2,7,10,10,1,1,0,0,0.1086,0.1719,0.7195,0.1175,0.1783,0.7042,1,9,5.75,1.35,9.5,5.66,1.35,0.6485,0.6518,-0.5,0.0365,-0.0492,-2,11,-2.7273,-0.3583,-0.0614,0,0,0.1187,0.0483,0.0332,-0.0133,,,,,,,,,,,,,,,,,pinnacle
spelad,L1,2025/26,2025-10-25,20:05,Lens,Marseille,2,1,H,8,17,5,3,1.876,0.7655,understat,,4,8,12,9,3,2,0,0,0.3432,0.2681,0.3887,0.3745,0.279,0.3465,1,2.85,3.7,2.5,2.6,3.6,2.75,0.5561,0.562,0.2191,0.3781,0.0989,-1,10,0.9,0.6695,-0.1746,0,0,0.0362,0,0.1048,-0.0069,,,,,,,,,,,,,,,,,pinnacle
spelad,L1,2025/26,2025-10-25,18:00,Monaco,Toulouse,1,0,H,14,10,5,2,3.3728,0.5841,understat,,2,5,15,18,3,4,0,0,0.5165,0.2396,0.2439,0.4499,0.2677,0.2825,1,1.86,4.1,4.25,2.2,3.7,3.6,0.5915,0.5722,-0.0088,0.0693,-0.5566,1,10,0.9,0.0198,0.0497,0,0,0.1803,0,-0.1718,0.0091,,,,,,,,,,,,,,,,,pinnacle
spelad,L1,2025/26,2025-10-26,16:15,Angers,Lorient,2,0,H,7,23,4,4,1.304,2.0021,understat,,1,6,14,6,1,0,0,0,0.3678,0.3032,0.329,0.3528,0.3204,0.3268,1,2.75,3.25,2.9,2.83,3.15,2.83,0.41,0.3863,0.1322,-0.6209,-0.0545,1,6,0,-0.0468,0.0569,-1,0,0.0701,0.1616,-0.0277,-0.0249,,,,,,,,,,,,,,,,,pinnacle
spelad,L1,2025/26,2025-10-26,16:15,Auxerre,Le Havre,0,1,A,14,9,3,4,0.5639,1.5221,understat,,13,5,21,12,2,2,0,0,0.4479,0.2804,0.2717,0.4527,0.2871,0.2602,1,2.15,3.5,3.5,2.1,3.5,3.75,0.4641,0.4541,0.169,-0.073,0.1507,-1,,,,,0,0,0,0,0.0211,-0.0017,,,,,,,,,,,,,,,,,pinnacle
spelad,L1,2025/26,2025-10-26,14:00,Lille,Metz,6,1,H,23,10,12,4,3.8505,1.0148,understat,,7,8,18,12,3,2,0,0,0.7236,0.1734,0.103,0.782,0.1427,0.0753,1,1.33,5.6,9.5,1.26,6.5,13,0.597,0.6525,0.3754,-0.6047,0.9977,0,9,2,0.3712,0.0773,-1,0,0,0,0.1445,-0.0353,,,,,,,,,,,,,,,,,pinnacle
spelad,L1,2025/26,2025-10-26,19:45,Lyon,Strasbourg,2,1,H,8,7,3,2,1.1457,0.7982,understat,,4,2,15,19,0,4,0,1,0.4584,0.2579,0.2837,0.4976,0.2567,0.2457,1,2.1,3.75,3.4,1.95,3.8,3.9,0.5635,0.5657,-0.1872,0.5897,-0.3154,-1,15,0.8,0.0096,-0.0441,0,0,0.0353,0.1618,0.1164,-0.0184,,,,,,,,,,,,,,,,,pinnacle
spelad,L1,2025/26,2025-10-26,16:15,Rennes,Nice,1,2,A,19,8,7,3,1.5443,0.8873,understat,,7,3,13,22,5,2,0,0,0.4395,0.2657,0.2948,0.4607,0.2693,0.27,1,2.25,3.75,3.25,2.1,3.75,3.66,0.5573,0.5623,0.1895,-0.5639,0.1252,-1,15,-0.6,-0.3899,-0.0163,0,0,0,0.1328,0.0671,-0.0078,,,,,,,,,,,,,,,,,pinnacle
spelad,L1,2025/26,2025-10-29,18:00,Le Havre,Brest,1,0,H,13,8,3,2,0.5561,0.3703,understat,,5,1,12,11,1,3,0,0,0.3783,0.2865,0.3351,0.3268,0.3111,0.362,1,2.6,3.4,2.9,2.9,3.15,2.7,0.4884,0.4125,-0.0369,0.3047,0.2749,-1,4,-3,-1.0081,-0.2867,0,0,0.1084,0.1062,-0.13,0.0092,,,,,,,,,,,,,,,,,pinnacle
spelad,L1,2025/26,2025-10-29,18:00,Lorient,Paris SG,1,1,D,5,15,2,8,0.1929,1.2881,understat,,0,8,5,13,0,2,0,0,0.0889,0.1501,0.7611,0.0998,0.1491,0.7511,1,11,6.5,1.26,11,6.5,1.3,0.6596,0.654,-0.6081,1.3359,0.0835,-1,8,-0.75,0.5561,0.0971,1,0,0.0869,0.0446,0.0319,-0.0093,,,,,,,,,,,,,,,,,pinnacle
spelad,L1,2025/26,2025-10-29,20:05,Marseille,Angers,2,2,D,11,12,6,6,1.5883,0.9969,understat,,1,5,11,7,2,1,0,0,0.7847,0.1396,0.0757,0.7818,0.142,0.0761,1,1.25,6.5,15,1.25,6.5,13,0.5975,0.601,0.3273,-0.2925,0.5973,1,13,1.1538,-0.0992,0.2215,0,0,0,0.0601,-0.0062,-0.0301,,,,,,,,,,,,,,,,,pinnacle
spelad,L1,2025/26,2025-10-29,18:00,Metz,Lens,2,0,H,16,10,7,2,3.1193,1.2377,understat,,2,5,15,15,3,2,1,0,0.1514,0.2111,0.6375,0.1494,0.2031,0.6475,1,6.5,4.5,1.52,7,4.8,1.5,0.5663,0.6059,-0.9513,0.7704,-1.4751,-1,6,1,1.0286,0.0808,1,0,0,0,-0.014,0.0024,,,,,,,,,,,,,,,,,pinnacle
spelad,L1,2025/26,2025-10-29,20:05,Nantes,Monaco,3,5,A,18,19,5,9,2.1261,4.1021,understat,,1,3,13,17,3,5,0,0,0.1942,0.2413,0.5645,0.1986,0.2368,0.5646,1,5.1,4.2,1.7,4.9,4.2,1.73,0.57,0.5598,0.1614,-0.6944,0.3223,1,15,-1.6,-0.3794,0.0811,0,0,0.0402,0.1234,0.0086,0.0118,,,,,,,,,,,,,,,,,pinnacle
spelad,L1,2025/26,2025-10-29,18:00,Nice,Lille,2,0,H,8,21,4,4,1.7446,0.6611,understat,,2,13,11,10,3,3,0,0,0.3152,0.2749,0.41,0.2416,0.2392,0.5193,1,3.1,3.6,2.38,4,3.9,1.91,0.5487,0.6059,0.4479,0.0941,-0.2371,0,15,0.2,0.1855,0.1247,0,0,0.2115,0,-0.2565,0.0296,,,,,,,,,,,,,,,,,pinnacle
spelad,L1,2025/26,2025-10-29,20:05,Paris FC,Lyon,3,3,D,11,7,3,4,0.5815,1.2187,understat,,4,2,18,16,6,2,1,1,0.3584,0.268,0.3736,0.3513,0.2773,0.3714,1,2.75,3.65,2.54,2.8,3.6,2.6,0.5587,0.5448,-0.0641,-0.4223,-0.4052,2,,,,,1,0,0,0.0325,-0.0119,0.0027,,,,,,,,,,,,,,,,,pinnacle
spelad,L1,2025/26,2025-10-29,20:05,Strasbourg,Auxerre,3,0,H,18,6,9,1,4.1081,0.6869,understat,,4,3,11,16,1,1,0,0,0.5486,0.2396,0.2118,0.5851,0.2363,0.1785,1,1.75,4.1,4.9,1.74,4,5,0.5361,0.5217,0.6759,-0.6297,0.8384,0,4,1.5,0.5742,-0.2766,0,0,0.2391,0,0.1062,-0.0626,,,,,,,,,,,,,,,,,pinnacle
spelad,L1,2025/26,2025-10-29,20:05,Toulouse,Rennes,2,2,D,15,11,4,5,1.6213,1.261,understat,,5,8,9,12,2,3,0,0,0.4379,0.2741,0.288,0.4843,0.2674,0.2483,1,2.2,3.55,3.4,2.02,3.6,3.8,0.5,0.509,0.0291,-0.0694,0.5131,1,11,0,0.2458,0.0005,0,0,0,0.0501,0.1325,-0.0164,,,,,,,,,,,,,,,,,pinnacle
spelad,L1,2025/26,2025-11-01,20:05,Auxerre,Marseille,0,1,A,9,6,4,2,1.0946,0.698,understat,,3,3,12,14,3,4,1,1,0.1946,0.2321,0.5733,0.1909,0.2432,0.566,1,5.1,4.1,1.7,5.5,4.1,1.68,0.5711,0.5359,-0.6356,0.6384,-0.6581,0,4,0,0.8313,-0.2073,0,0,0,0,0,-0.0271,,,,,,,,,,,,,,,,,pinnacle
spelad,L1,2025/26,2025-11-01,18:00,Monaco,Paris FC,0,1,A,10,9,1,1,0.8209,1.1805,understat,,3,2,10,12,3,2,0,0,0.5739,0.2147,0.2114,0.5796,0.2272,0.1932,1,1.7,4.5,4.6,1.7,4.4,4.9,0.6533,0.6059,0.19,0.4108,0.3091,0,,,,,0,0,0.0759,0,0.0297,-0.0343,,,,,,,,,,,,,,,,,pinnacle
spelad,L1,2025/26,2025-11-01,16:00,Paris SG,Nice,1,0,H,28,5,8,2,1.8865,0.3867,understat,,11,1,12,5,3,1,0,0,0.7623,0.1429,0.0948,0.813,0.1215,0.0655,1,1.26,6.5,11,1.17,8.5,17,0.6942,0.7011,-0.3772,-0.2885,-0.6556,0,14,1.0714,-0.2139,0.0236,0,0,0.0794,0.1981,0.1308,0.0224,,,,,,,,,,,,,,,,,pinnacle
spelad,L1,2025/26,2025-11-02,19:45,Brest,Lyon,0,0,D,13,4,3,2,1.6394,0.1439,understat,,12,2,19,6,1,0,0,1,0.3061,0.2733,0.4206,0.2731,0.291,0.4359,1,3.2,3.65,2.26,3.5,3.4,2.2,0.5309,0.4719,-0.2227,-0.6771,-0.384,0,11,-0.2727,0.3155,0.1297,0,0,0.0706,0.03,-0.0815,0.0128,,,,,,,,,,,,,,,,,pinnacle
spelad,L1,2025/26,2025-11-02,16:15,Lens,Lorient,3,0,H,9,12,6,3,3.2147,1.9837,understat,,7,6,8,10,2,2,0,0,0.6509,0.2117,0.1374,0.6086,0.2235,0.168,1,1.49,4.8,7,1.57,4.35,6.1,0.5612,0.5758,0.5374,-0.5475,0.6815,0,8,1.5,0.3588,-0.0112,0,0,0.033,0.0832,-0.1152,0.0052,,,,,,,,,,,,,,,,,pinnacle
spelad,L1,2025/26,2025-11-02,16:15,Lille,Angers,1,0,H,15,6,4,1,2.2089,0.2775,understat,,9,2,10,10,1,0,0,0,0.7533,0.1613,0.0854,0.7091,0.1789,0.112,1,1.31,6,11,1.37,5.25,9,0.5711,0.5804,-0.0667,-0.0978,-0.0019,0,13,0.6923,-0.1605,-0.0937,0,0,0,0,-0.1151,-0.0212,,,,,,,,,,,,,,,,,pinnacle
spelad,L1,2025/26,2025-11-02,16:15,Nantes,Metz,0,2,A,16,14,4,7,1.076,1.3625,understat,,8,5,8,8,1,3,0,0,0.5034,0.2591,0.2375,0.4544,0.2694,0.2762,1,1.95,3.7,4.35,2.12,3.6,3.5,0.5,0.5396,0.3863,-0.9365,0.3964,0,9,-1,-0.7876,0.1423,0,0,0.0362,0,-0.1368,-0.005,,,,,,,,,,,,,,,,,pinnacle
spelad,L1,2025/26,2025-11-02,14:00,Rennes,Strasbourg,4,1,H,13,20,6,2,3.0688,2.0882,understat,,6,5,15,9,1,1,0,0,0.412,0.2631,0.3249,0.3441,0.2814,0.3745,1,2.38,3.65,3,2.75,3.6,2.6,0.566,0.5558,-0.1712,-0.1058,-0.7477,0,15,0.6,0.0971,-0.1412,0,0,0.0478,0.2083,-0.1855,0.0158,,,,,,,,,,,,,,,,,pinnacle
spelad,L1,2025/26,2025-11-02,16:15,Toulouse,Le Havre,0,0,D,18,9,2,3,1.0785,1.073,understat,,10,2,12,14,1,2,0,0,0.5419,0.2579,0.2001,0.545,0.2622,0.1929,1,1.81,3.9,5,1.74,3.8,5.25,0.4781,0.4541,-0.4765,0.0406,-0.7107,0,4,0,-0.1359,-0.2909,0,0,0,0.1025,0.0133,0.013,,,,,,,,,,,,,,,,,pinnacle
spelad,L1,2025/26,2025-11-07,19:45,Paris FC,Rennes,0,1,A,19,10,4,3,2.2285,1.3673,understat,,8,9,9,13,4,2,0,0,0.4285,0.2694,0.3021,0.4144,0.2705,0.3151,1,2.25,3.6,3.2,2.28,3.65,3.2,0.5347,0.5561,0.1578,0.1324,0.1321,1,,,,,0,0,0,0,-0.0413,0.0289,,,,,,,,,,,,,,,,,pinnacle
spelad,L1,2025/26,2025-11-08,18:00,Le Havre,Nantes,1,1,D,17,5,4,2,0.9848,0.3539,understat,,8,3,15,13,3,3,0,0,0.5061,0.2818,0.212,0.5109,0.2855,0.2035,1,1.95,3.4,4.5,1.91,3.4,4.8,0.4304,0.443,0.155,0.1072,0.3608,0,4,0.75,0.6035,-0.051,0,0,0.0926,0.0345,0.0181,-0.0129,,,,,,,,,,,,,,,,,pinnacle
spelad,L1,2025/26,2025-11-08,16:00,Marseille,Brest,3,0,H,19,4,7,2,3.0906,0.6958,understat,,6,2,12,10,0,1,0,0,0.6551,0.2062,0.1388,0.6496,0.2012,0.1491,1,1.48,4.8,7,1.51,4.8,7,0.5711,0.6059,0.895,-0.7187,0.6531,1,11,1.0909,0.1263,-0.1531,0,0,0.1,0.0669,-0.0213,-0.0087,,,,,,,,,,,,,,,,,pinnacle
spelad,L1,2025/26,2025-11-08,20:05,Monaco,Lens,1,4,A,16,20,6,12,2.4076,3.2393,understat,,5,4,15,19,1,2,1,0,0.4603,0.2511,0.2886,0.4809,0.253,0.2661,1,2.12,4,3.35,2,3.9,3.55,0.6186,0.6214,-0.4511,0.603,-0.601,1,10,-0.9,-0.7456,0.0516,0,0,0.041,0.0301,0.0635,-0.0172,,,,,,,,,,,,,,,,,pinnacle
spelad,L1,2025/26,2025-11-09,16:15,Angers,Auxerre,2,0,H,9,12,5,5,1.1514,0.5896,understat,,3,3,19,14,2,2,0,0,0.3695,0.3045,0.326,0.3721,0.3135,0.3145,1,2.66,3.33,2.9,2.6,3.13,3.1,0.4125,0.3873,0.4696,-0.5301,0.3265,-1,4,0,-0.0296,0.2145,0,0,0,0,0.0166,-0.004,,,,,,,,,,,,,,,,,pinnacle
spelad,L1,2025/26,2025-11-09,14:00,Lorient,Toulouse,1,1,D,10,6,2,2,1.27,1.1521,understat,,6,4,6,18,0,4,0,0,0.3234,0.2913,0.3853,0.2986,0.3024,0.399,1,3.1,3.35,2.45,3.1,3.3,2.4,0.4501,0.4329,-0.0029,0.7939,0.2374,0,4,-1.5,-0.6907,0.2256,0,0,0.0573,0,-0.0633,0.0277,,,,,,,,,,,,,,,,,pinnacle
spelad,L1,2025/26,2025-11-09,19:45,Lyon,Paris SG,2,3,A,9,9,2,4,0.7126,1.6987,understat,,5,5,10,8,5,2,1,0,0.2286,0.2412,0.5301,0.1627,0.2334,0.6039,1,4.25,4,1.83,6,4.2,1.6,0.5808,0.5359,-0.0877,0.4173,0.2085,-1,15,-1.2,0.099,-0.1395,0,0,0,0.1864,-0.2057,0.0038,,,,,,,,,,,,,,,,,pinnacle
spelad,L1,2025/26,2025-11-09,16:15,Metz,Nice,2,1,H,9,11,2,4,1.3298,0.785,understat,,6,3,12,19,2,4,0,0,0.2887,0.2593,0.452,0.3178,0.2649,0.4173,1,3.5,3.8,2.15,3.1,3.75,2.33,0.5536,0.5657,-0.4816,0.8617,-0.3315,-1,9,-0.6667,0.2612,-0.1454,0,0,0,0.0411,0.0927,-0.0102,,,,,,,,,,,,,,,,,pinnacle
spelad,L1,2025/26,2025-11-09,16:15,Strasbourg,Lille,2,0,H,5,7,2,4,0.7682,0.48,understat,,1,4,9,20,4,3,0,1,0.3611,0.2609,0.378,0.3501,0.2652,0.3847,1,2.8,3.66,2.55,2.75,3.75,2.55,0.5561,0.584,0.0779,-0.1569,0.367,0,15,-1.4,-0.3474,-0.0122,0,0,0.1544,0,-0.0287,0.0107,,,,,,,,,,,,,,,,,pinnacle
spelad,L1,2025/26,2025-11-21,19:45,Nice,Marseille,1,5,A,15,13,7,11,1.3613,3.0916,understat,,8,6,9,10,2,2,0,0,0.2463,0.261,0.4927,0.2571,0.2619,0.481,1,3.8,3.9,1.95,3.8,3.75,2,0.5436,0.5646,-0.0812,-0.1537,-0.3609,-1,14,-0.8571,-0.1047,-0.1351,0,0,0.1045,0.1333,0.0331,0,,,,,,,,,,,,,,,,,pinnacle
spelad,L1,2025/26,2025-11-22,16:00,Lens,Strasbourg,1,0,H,13,7,5,1,2.2242,0.4003,understat,,3,1,13,13,2,3,1,1,0.4609,0.2609,0.2782,0.4444,0.2652,0.2905,1,2.05,3.8,3.5,2.15,3.75,3.4,0.5804,0.5779,0.7043,-0.6674,0.4357,1,10,0,-0.2099,-0.0748,0,0,0.0526,0.1265,-0.0455,0.0162,,,,,,,,,,,,,,,,,pinnacle
spelad,L1,2025/26,2025-11-22,20:05,Paris SG,Le Havre,3,0,H,31,12,11,4,4.1158,1.2857,understat,,6,4,10,8,2,1,0,0,0.8283,0.1059,0.0657,0.7958,0.1323,0.0719,1,1.2,8.5,17,1.23,7,13,0.6401,0.621,0.0136,-0.0632,-0.5145,-1,4,2.25,0.1262,0.0886,0,0,0.1818,0.0849,-0.0712,-0.0397,,,,,,,,,,,,,,,,,pinnacle
spelad,L1,2025/26,2025-11-22,18:00,Rennes,Monaco,4,1,H,17,13,9,3,3.067,1.6082,understat,,4,6,3,13,0,1,0,1,0.357,0.2546,0.3885,0.3941,0.2631,0.3428,1,2.7,3.8,2.5,2.5,3.9,2.8,0.6143,0.6214,0.3904,-1.1995,0.4242,1,15,-1.2,-0.3402,-0.0601,0,0,0.041,0,0.1201,-0.0208,,,,,,,,,,,,,,,,,pinnacle
spelad,L1,2025/26,2025-11-23,14:00,Auxerre,Lyon,0,0,D,12,16,5,7,1.512,1.2761,understat,,7,11,10,11,1,3,0,0,0.2503,0.2737,0.476,0.2394,0.2746,0.486,1,3.9,3.55,2.02,4,3.5,2,0.4859,0.4757,-0.4736,0.2707,-0.3779,0,4,-0.75,0.2662,0.0379,0,0,0,0,-0.0318,0.0171,,,,,,,,,,,,,,,,,pinnacle
spelad,L1,2025/26,2025-11-23,16:15,Brest,Metz,3,2,H,20,7,7,3,3.3682,1.0286,understat,,6,2,11,8,2,3,0,0,0.522,0.2535,0.2246,0.5248,0.2535,0.2217,1,1.83,3.8,4.5,1.94,3.8,4.5,0.5256,0.5448,-0.5469,-0.2115,-0.485,1,7,1.2857,0.5549,-0.2837,0,0,0.0572,0.1861,0.0086,-0.0048,,,,,,,,,,,,,,,,,pinnacle
spelad,L1,2025/26,2025-11-23,19:45,Lille,Paris FC,4,2,H,17,6,10,3,4.1447,1.5033,understat,,9,4,9,12,1,2,0,0,0.5952,0.2222,0.1826,0.5708,0.2408,0.1884,1,1.65,4.25,5.5,1.71,4,5.1,0.5663,0.5448,0.0096,0.3308,-0.0685,-2,,,,,0,0,0.101,0.115,-0.0546,-0.0073,,,,,,,,,,,,,,,,,pinnacle
spelad,L1,2025/26,2025-11-23,16:15,Nantes,Lorient,1,1,D,9,7,1,1,0.9155,0.3522,understat,,1,1,17,17,1,1,0,0,0.3653,0.2774,0.3573,0.3142,0.2865,0.3992,1,2.63,3.4,2.8,3,3.35,2.45,0.4744,0.4821,0.181,-0.3219,0.0057,1,8,1.875,0.9116,-0.1802,0,0,0.0518,0.0476,-0.1442,0.0174,,,,,,,,,,,,,,,,,pinnacle
spelad,L1,2025/26,2025-11-23,16:15,Toulouse,Angers,0,1,A,25,6,6,2,1.8538,0.3241,understat,,11,1,15,15,1,3,0,0,0.5953,0.2429,0.1618,0.573,0.2582,0.1687,1,1.63,3.9,6,1.7,3.8,5.75,0.4613,0.4329,-0.4196,0.2345,-0.4463,0,8,1.125,0.2538,0.0941,0,0,0,0,-0.0514,-0.0124,,,,,,,,,,,,,,,,,pinnacle
spelad,L1,2025/26,2025-11-28,19:45,Metz,Rennes,0,1,A,16,9,5,2,1.3135,0.9801,understat,,6,3,9,8,0,0,0,0,0.2425,0.2443,0.5132,0.2582,0.2464,0.4954,1,4,4,1.93,3.75,3.9,1.96,0.5768,0.604,0.1311,0.6217,0.1788,-1,9,-2,-0.4026,-0.1406,0,0,0.1682,0.0371,0.0493,0.0047,,,,,,,,,,,,,,,,,pinnacle
spelad,L1,2025/26,2025-11-29,20:05,Marseille,Toulouse,2,2,D,20,6,5,4,1.6277,1.0939,understat,,9,1,7,10,2,1,0,0,0.5944,0.2309,0.1747,0.5755,0.2393,0.1852,1,1.63,4.2,6,1.7,4.1,5.5,0.5284,0.5536,0.6845,-0.4011,0.809,2,11,2.4545,0.7845,-0.0621,0,0,0.1231,0,-0.0482,-0.0041,,,,,,,,,,,,,,,,,pinnacle
spelad,L1,2025/26,2025-11-29,16:00,Monaco,Paris SG,1,0,H,10,17,5,4,0.6379,1.4768,understat,,4,4,10,13,3,1,1,0,0.1887,0.2097,0.6016,0.2091,0.2191,0.5717,1,5.25,4.7,1.6,4.6,4.4,1.7,0.6612,0.6751,-0.5538,0.9351,-0.682,0,15,-0.8,0.2942,0.0115,0,0,0.0701,0.1224,0.0707,0.012,,,,,,,,,,,,,,,,,pinnacle
spelad,L1,2025/26,2025-11-29,18:00,Paris FC,Auxerre,1,1,D,11,11,2,3,1.8089,1.1514,understat,,4,3,11,17,2,1,0,0,0.5311,0.2537,0.2153,0.5107,0.2688,0.2205,1,1.84,3.85,4.5,1.95,3.65,4.25,0.5116,0.4859,0.5687,-0.6442,0.4295,0,,,,,0,0,0.1041,0,-0.046,-0.0275,,,,,,,,,,,,,,,,,pinnacle
spelad,L1,2025/26,2025-11-30,16:15,Angers,Lens,1,2,A,7,17,5,6,1.1064,1.9634,understat,,2,8,7,11,1,1,0,0,0.2021,0.249,0.5489,0.1772,0.2516,0.5712,1,4.75,3.9,1.78,5.33,4,1.73,0.5116,0.5347,-0.1324,-0.2171,-0.277,-1,8,-1.5,-0.212,0.0002,0,0,0,0.0954,-0.0721,0.0525,,,,,,,,,,,,,,,,,pinnacle
spelad,L1,2025/26,2025-11-30,16:15,Le Havre,Lille,0,1,A,14,8,7,2,0.8677,1.3502,understat,,6,2,15,13,1,3,0,1,0.2243,0.2613,0.5143,0.2089,0.2557,0.5354,1,4.35,3.7,1.87,4.75,3.75,1.84,0.4974,0.5064,0.1886,-0.2647,0.3687,1,4,-1.5,0.0532,-0.227,0,0,0,0.0902,-0.0521,0.0126,,,,,,,,,,,,,,,,,pinnacle
spelad,L1,2025/26,2025-11-30,16:15,Lorient,Nice,3,1,H,18,9,7,2,3.4926,1.3285,understat,,3,7,7,11,1,2,0,0,0.3947,0.2861,0.3192,0.3983,0.2809,0.3208,1,2.5,3.4,3,2.4,3.5,3,0.5205,0.532,-0.777,0.9621,-0.3896,-2,8,-0.75,-0.1505,0.2318,0,0,0.1152,0.0622,0.0056,-0.0046,,,,,,,,,,,,,,,,,pinnacle
spelad,L1,2025/26,2025-11-30,19:45,Lyon,Nantes,3,0,H,20,6,8,2,2.1878,0.3849,understat,,7,0,14,9,1,2,0,1,0.6656,0.1998,0.1346,0.6803,0.1971,0.1226,1,1.5,4.75,7.3,1.4,4.9,8.5,0.5638,0.551,-0.0187,0.064,-0.1789,0,14,1.2857,-0.0115,0.0612,0,0,0,0.0494,0.0414,0.0095,,,,,,,,,,,,,,,,,pinnacle
spelad,L1,2025/26,2025-11-30,14:00,Strasbourg,Brest,1,2,A,14,7,6,4,1.1461,1.0064,understat,,5,0,12,14,0,3,0,0,0.5281,0.2523,0.2196,0.5262,0.2502,0.2236,1,1.87,3.75,4.33,1.85,3.9,4.4,0.5524,0.5635,0.2988,-0.9123,0.0865,1,11,-0.2727,-0.2796,0.0809,0,0,0.1825,0.0442,-0.0077,0.0035,,,,,,,,,,,,,,,,,pinnacle
spelad,L1,2025/26,2025-12-05,18:00,Brest,Monaco,1,0,H,12,10,4,2,1.1377,0.485,understat,,2,3,17,15,2,4,1,0,0.2817,0.2466,0.4717,0.2738,0.2544,0.4718,1,3.4,3.9,2.08,3.5,3.9,2.1,0.6298,0.6093,-0.2299,0.0435,0.1822,-1,11,-1.3636,-0.0107,-0.2287,0,0,0,0.2595,-0.0159,0.0254,,,,,,,,,,,,,,,,,pinnacle
spelad,L1,2025/26,2025-12-05,20:00,Lille,Marseille,1,0,H,5,6,2,2,0.5723,0.9028,understat,,2,5,9,11,1,1,0,0,0.4071,0.2718,0.3211,0.4022,0.2797,0.3181,1,2.45,3.6,2.94,2.38,3.6,3,0.5471,0.5459,0.0589,0.5405,0.0411,-1,15,0.4,0.2592,0.0542,0,0,0.088,0.0903,-0.0068,-0.0059,,,,,,,,,,,,,,,,,pinnacle
spelad,L1,2025/26,2025-12-06,16:00,Nantes,Lens,1,2,A,10,20,4,6,1.1817,3.264,understat,,1,12,8,13,2,0,0,0,0.1936,0.2358,0.5706,0.1869,0.2478,0.5652,1,5.1,4,1.7,5,4,1.71,0.5513,0.5371,-1.0009,0.6655,-1.1185,0,10,-0.6,0.017,0.1331,0,0,0.0484,0.0428,-0.008,0.0172,,,,,,,,,,,,,,,,,pinnacle
spelad,L1,2025/26,2025-12-06,20:05,Paris SG,Rennes,5,0,H,20,6,9,2,2.3264,0.1535,understat,,8,6,9,5,0,3,0,1,0.7339,0.1548,0.1113,0.7401,0.1525,0.1074,1,1.3,6.5,10,1.3,6.5,9.5,0.6796,0.7137,-0.7264,1.1549,-0.7595,-1,15,0.6,-0.4664,-0.0583,0,0,0.154,0.036,0.0163,0.0045,,,,,,,,,,,,,,,,,pinnacle
spelad,L1,2025/26,2025-12-06,18:00,Toulouse,Strasbourg,1,0,H,6,3,3,0,0.641,0.0919,understat,,1,2,21,13,3,3,0,0,0.3751,0.283,0.342,0.3674,0.2933,0.3393,1,2.54,3.45,2.88,2.6,3.4,2.9,0.4961,0.4668,-0.0075,-0.2169,-0.1185,1,12,-1.5,-0.7461,0.0506,0,0,0.1262,0.1774,-0.0126,0.0146,,,,,,,,,,,,,,,,,pinnacle
spelad,L1,2025/26,2025-12-07,16:15,Auxerre,Metz,3,1,H,14,5,7,3,2.2237,0.3465,understat,,5,3,10,12,2,1,0,0,0.4811,0.2747,0.2442,0.4722,0.2764,0.2514,1,2.02,3.5,3.85,2.05,3.55,3.85,0.4769,0.4834,-0.8652,0.229,-0.9677,-1,,,,,0,0,0.0858,0,-0.0249,-0.0013,,,,,,,,,,,,,,,,,pinnacle
spelad,L1,2025/26,2025-12-07,16:15,Le Havre,Paris FC,0,0,D,13,13,2,2,1.9337,1.2524,understat,,7,2,10,13,0,2,0,0,0.3559,0.2934,0.3507,0.3278,0.3005,0.3716,1,2.8,3.4,2.75,2.9,3.3,2.63,0.4704,0.4501,0.1823,0.1443,0.5291,-1,,,,,0,0,0,0,-0.077,0.0288,,,,,,,,,,,,,,,,,pinnacle
spelad,L1,2025/26,2025-12-07,19:45,Lorient,Lyon,1,0,H,14,7,6,4,2.4864,0.4751,understat,,1,7,12,21,2,2,0,1,0.2916,0.2704,0.438,0.2545,0.2802,0.4652,1,3.2,3.6,2.25,3.75,3.4,2.1,0.5141,0.4538,0.0068,0.4084,0.2005,0,8,-0.75,0.0945,0.2749,0,0,0.0927,0.042,-0.1013,0.0129,,,,,,,,,,,,,,,,,pinnacle
spelad,L1,2025/26,2025-12-07,14:00,Nice,Angers,0,1,A,13,8,3,4,1.3821,1.3372,understat,,4,1,11,9,1,1,1,0,0.4782,0.2669,0.2549,0.5394,0.2575,0.2031,1,2,3.75,3.9,1.84,3.8,4.75,0.5116,0.4974,-0.1209,0.316,-0.3477,0,13,1.1538,0.3494,0.0288,0,0,0,0,0.174,-0.0274,,,,,,,,,,,,,,,,,pinnacle
spelad,L1,2025/26,2025-12-12,19:45,Angers,Nantes,4,1,H,20,7,9,4,3.0466,0.2653,understat,,6,3,17,13,1,2,0,0,0.4443,0.2976,0.2581,0.4422,0.3012,0.2567,1,2.15,3.2,3.75,2.2,3.25,3.7,0.401,0.4025,0.9853,-1.2405,1.1979,-1,14,-0.2143,-0.0049,0.0564,0,0,0.0425,0.0456,-0.0029,-0.0147,,,,,,,,,,,,,,,,,pinnacle
spelad,L1,2025/26,2025-12-13,18:00,Metz,Paris SG,2,3,A,9,14,5,9,0.3637,1.9477,understat,,4,4,10,10,2,1,0,0,0.089,0.1398,0.7712,0.0909,0.1423,0.7668,1,11.5,6.5,1.27,11,6.5,1.29,0.6899,0.6933,0.203,0.249,0.4224,-1,8,-3,-0.4185,-0.1432,0,0,0,0.0824,0.0081,0.0144,,,,,,,,,,,,,,,,,pinnacle
spelad,L1,2025/26,2025-12-13,20:05,Paris FC,Toulouse,0,3,A,9,7,2,4,0.3664,2.0377,understat,,7,4,12,14,3,1,0,0,0.3903,0.2924,0.3173,0.3504,0.3054,0.3442,1,2.5,3.4,3,2.75,3.25,2.75,0.4744,0.4416,-0.1013,0.2426,-0.2752,-1,,,,,0,0,0.0393,0.1235,-0.1066,-0.0098,,,,,,,,,,,,,,,,,pinnacle
spelad,L1,2025/26,2025-12-13,16:00,Rennes,Brest,3,1,H,9,14,5,7,1.589,0.8726,understat,,5,7,16,22,2,3,0,0,0.5246,0.2456,0.2298,0.5164,0.2502,0.2334,1,1.85,3.8,4.2,1.89,3.8,4.2,0.5561,0.5408,0.4987,-0.8847,0.1458,-1,12,0.75,-0.0864,0.1502,0,0,0,0,-0.0199,-0.011,,,,,,,,,,,,,,,,,pinnacle
spelad,L1,2025/26,2025-12-14,16:15,Auxerre,Lille,3,4,A,18,8,8,5,2.5086,0.7335,understat,,10,3,21,10,5,2,2,2,0.2163,0.2566,0.5271,0.2208,0.2808,0.4983,1,4.55,3.8,1.83,4.5,3.75,1.96,0.5,0.4427,-0.8617,0.1831,-0.7211,-2,4,-1.5,-0.2006,0.27,0,0,0.0729,0.0884,0.0379,0.0189,,,,,,,,,,,,,,,,,pinnacle
spelad,L1,2025/26,2025-12-14,16:15,Lens,Nice,2,0,H,15,8,5,4,1.9162,0.7334,understat,,2,5,17,13,0,2,0,0,0.6471,0.2043,0.1486,0.6211,0.2084,0.1706,1,1.5,4.75,6.33,1.57,4.8,6.1,0.6295,0.6253,0.449,0.0817,0.9364,1,10,-1.8,-0.9389,-0.0877,0,0,0,0.0423,-0.0741,0.0005,,,,,,,,,,,,,,,,,pinnacle
spelad,L1,2025/26,2025-12-14,14:00,Lyon,Le Havre,1,0,H,18,10,4,4,2.9604,1.4446,understat,,5,4,14,18,2,4,0,0,0.6017,0.2337,0.1646,0.5921,0.2363,0.1716,1,1.6,4.1,6.4,1.66,4.2,5.75,0.4974,0.5217,-0.1147,-0.3116,-0.5424,0,4,0.75,-0.1791,0.0142,0,0,0.0424,0,-0.0262,-0.0169,,,,,,,,,,,,,,,,,pinnacle
spelad,L1,2025/26,2025-12-14,19:45,Marseille,Monaco,1,0,H,18,18,8,7,2.0247,1.9496,understat,,3,7,11,11,2,1,0,0,0.5006,0.2458,0.2536,0.4655,0.268,0.2665,1,1.91,4.2,3.8,2.05,4,3.6,0.6326,0.5587,0.015,-0.8461,0.2342,0,14,0.4286,0.2422,0.023,0,0,0.0505,0.2237,-0.0832,0.0036,,,,,,,,,,,,,,,,,pinnacle
spelad,L1,2025/26,2025-12-14,16:15,Strasbourg,Lorient,0,0,D,12,10,2,2,0.9118,0.4159,understat,,11,3,6,3,1,0,0,0,0.5517,0.2438,0.2045,0.5339,0.2557,0.2103,1,1.74,4,4.75,1.84,3.8,4.5,0.5256,0.5115,-0.1214,-0.3637,-0.5614,1,8,-0.375,-0.4074,0.0724,0,0,0.0642,0.0952,-0.0413,-0.0019,,,,,,,,,,,,,,,,,pinnacle
spelad,L1,2025/26,2026-01-02,19:45,Toulouse,Lens,0,3,A,8,16,2,7,0.4697,2.6777,understat,,2,8,16,16,2,3,1,0,0.3688,0.2907,0.3405,0.3772,0.2985,0.3244,1,2.6,3.4,2.83,2.6,3.25,2.9,0.4808,0.4478,-0.9583,0.1798,-1.0638,1,6,-1.5,-0.2975,-0.0797,0,0,0.0366,0,0.0327,-0.0091,,,,,,,,,,,,,,,,,pinnacle
spelad,L1,2025/26,2026-01-03,20:05,Lille,Rennes,0,2,A,13,18,3,4,1.0611,1.4974,understat,,4,7,4,14,1,1,1,0,0.5108,0.2631,0.2261,0.5503,0.2471,0.2026,1,1.91,3.75,4.33,1.77,4,4.75,0.566,0.5707,0.0553,0.1661,-0.3054,-1,15,1,0.3659,0.1131,0,0,0,0,0.1024,-0.0182,,,,,,,,,,,,,,,,,pinnacle
spelad,L1,2025/26,2026-01-03,16:00,Monaco,Lyon,1,3,A,6,13,2,9,0.8,1.9554,understat,,7,2,14,12,2,3,1,0,0.4631,0.2488,0.2881,0.4586,0.262,0.2794,1,2.1,3.8,3.55,2.1,3.8,3.5,0.5985,0.5743,-0.3701,1.1217,-0.2455,0,14,-0.4286,-0.0257,-0.2514,0,0,0.2063,0,-0.0004,-0.0137,,,,,,,,,,,,,,,,,pinnacle
spelad,L1,2025/26,2026-01-03,18:00,Nice,Strasbourg,1,1,D,19,8,6,5,2.3947,1.3873,understat,,5,7,12,12,1,2,0,0,0.3555,0.274,0.3705,0.283,0.2765,0.4405,1,2.75,3.45,2.6,3.35,3.5,2.3,0.5309,0.5308,0.272,-0.1618,0.2612,0,14,0,-0.0482,-0.0047,0,0,0.1085,0.1401,-0.2151,0.0521,,,,,,,,,,,,,,,,,pinnacle
spelad,L1,2025/26,2026-01-04,16:15,Brest,Auxerre,2,0,H,11,10,4,1,1.544,0.8355,understat,,7,6,16,9,3,2,0,0,0.4933,0.2904,0.2163,0.4842,0.2879,0.2279,1,1.98,3.5,4.5,2,3.4,4.33,0.4744,0.4405,0.5714,0.1666,0.6984,1,4,0,-0.3584,0.2134,0,0,0,0,-0.0299,0.0064,,,,,,,,,,,,,,,,,pinnacle
spelad,L1,2025/26,2026-01-04,16:15,Le Havre,Angers,2,1,H,11,9,6,3,1.5488,0.731,understat,,6,6,15,8,1,1,0,0,0.4645,0.2858,0.2497,0.3938,0.2965,0.3097,1,2.1,3.35,3.8,2.4,3.33,3.2,0.4289,0.4343,-1.0222,1.2415,-0.9435,-2,,,,,0,0,0,0.0366,-0.2016,0.008,,,,,,,,,,,,,,,,,pinnacle
spelad,L1,2025/26,2026-01-04,16:15,Lorient,Metz,1,1,D,16,8,5,2,1.5541,0.3649,understat,,4,4,9,8,1,2,0,0,0.5336,0.2522,0.2142,0.528,0.257,0.2149,1,1.84,3.8,4.75,1.94,3.7,4.35,0.5141,0.509,-0.209,0.5245,-0.1056,-1,6,0,-0.025,-0.2801,0,0,0.15,0.153,-0.012,-0.0359,,,,,,,,,,,,,,,,,pinnacle
spelad,L1,2025/26,2026-01-04,14:00,Marseille,Nantes,0,2,A,11,15,4,9,1.1414,3.168,understat,,6,3,17,20,2,3,2,0,0.7767,0.1405,0.0828,0.7586,0.1501,0.0913,1,1.25,6.5,13,1.28,6.5,12,0.6416,0.6682,0.2899,-0.4775,0.283,-2,15,1,0.0378,0.0107,0,0,0.0467,0.0744,-0.0447,-0.007,,,,,,,,,,,,,,,,,pinnacle
spelad,L1,2025/26,2026-01-04,19:45,Paris SG,Paris FC,2,1,H,20,6,6,3,1.5872,0.9383,understat,,7,1,7,4,1,0,0,0,0.7952,0.1474,0.0574,0.8437,0.0992,0.0571,1,1.2,7.5,17,1.15,10,20,0.6971,0.7221,0.4666,-0.4053,0.6918,0,,,,,0,0,0.1167,0.1347,0.0974,-0.0019,,,,,,,,,,,,,,,,,pinnacle
spelad,L1,2025/26,2026-01-16,18:00,Monaco,Lorient,1,3,A,14,14,7,4,1.3132,1.1714,understat,,4,3,16,9,1,0,0,0,0.5709,0.227,0.2021,0.5941,0.2255,0.1804,0,1.68,4.33,4.9,1.65,4.33,5,0.6097,0.5964,-0.2407,0.3134,-0.9999,1,9,0,-0.8204,0.3387,0,0,0.0369,0.1382,0.0682,-0.0383,,,,,,,,,,,,,,,,,betfair
spelad,L1,2025/26,2026-01-16,20:00,Paris SG,Lille,3,0,H,13,7,7,4,1.2928,0.68,understat,,4,2,14,6,0,1,0,0,0.718,0.1704,0.1116,0.762,0.1512,0.0868,0,1.35,5.75,9,1.29,6.4,10.5,0.6512,0.6729,-0.413,-0.0608,-0.0513,-1,16,1.6875,0.1634,-0.0232,0,0,0.1494,0.0349,0.1127,-0.0519,,,,,,,,,,,,,,,,,betfair
spelad,L1,2025/26,2026-01-17,20:05,Angers,Marseille,2,5,A,7,23,3,11,1.0374,3.9112,understat,,6,2,9,8,1,1,0,0,0.1707,0.2389,0.5904,0.1649,0.2355,0.5996,0,5.75,4.1,1.62,6,4.2,1.61,0.5067,0.536,0.35,-0.4577,0.8738,0,14,-1.0714,-0.0686,0.2669,0,0,0,0,-0.0208,0.0051,,,,,,,,,,,,,,,,,betfair
spelad,L1,2025/26,2026-01-17,16:00,Lens,Auxerre,1,0,H,19,5,7,0,2.6182,0.393,understat,,1,5,19,20,2,5,0,0,0.6603,0.2102,0.1295,0.6488,0.2206,0.1306,0,1.44,4.6,8.1,1.52,4.6,7.5,0.5529,0.5438,1.3714,-1.2001,1.285,2,5,1.2,0.1019,-0.0352,0,0,0,0,-0.0241,-0.0198,,,,,,,,,,,,,,,,,betfair
spelad,L1,2025/26,2026-01-17,18:00,Toulouse,Nice,5,1,H,22,15,10,6,1.7735,1.4191,understat,,6,7,12,17,1,2,0,0,0.4879,0.2669,0.2452,0.4827,0.2687,0.2486,0,2,3.6,4.1,2,3.5,4,0.5053,0.4987,0.2716,-0.3447,0.3429,1,12,0,0.1211,0.2194,0,0,0.1766,0.0618,-0.0138,0.0003,,,,,,,,,,,,,,,,,betfair
spelad,L1,2025/26,2026-01-18,19:45,Lyon,Brest,2,1,H,19,5,6,2,2.6289,1.1632,understat,,5,0,18,9,2,0,0,1,0.5795,0.2335,0.187,0.5774,0.2483,0.1742,0,1.67,4.2,5.5,1.7,4,5.5,0.5426,0.508,0.0015,-0.7972,-0.4749,1,12,0.25,-0.458,0.178,0,0,0,0,0.0087,-0.0148,,,,,,,,,,,,,,,,,betfair
spelad,L1,2025/26,2026-01-18,16:15,Nantes,Paris FC,1,2,A,5,10,1,3,0.4117,0.7389,understat,,1,2,16,14,1,3,0,0,0.3144,0.2919,0.3937,0.3529,0.3062,0.3408,0,3.15,3.25,2.5,2.75,3.25,2.85,0.472,0.4628,0.0169,0.054,0.1052,0,,,,,0,0,0.1504,0.1273,0.1299,0.0077,,,,,,,,,,,,,,,,,betfair
spelad,L1,2025/26,2026-01-18,16:15,Rennes,Le Havre,1,1,D,19,7,7,4,2.5472,0.5387,understat,,10,6,18,14,1,4,0,0,0.5715,0.2403,0.1882,0.6044,0.2266,0.169,0,1.68,4,5.4,1.62,4.33,5.5,0.5227,0.5844,1.1824,-0.9522,1.1056,1,5,1.8,0.3652,0.1385,0,0,0,0,0.0849,-0.037,,,,,,,,,,,,,,,,,betfair
spelad,L1,2025/26,2026-01-18,14:00,Strasbourg,Metz,2,1,H,14,9,6,2,1.019,0.9843,understat,,4,1,12,12,2,3,0,0,0.6163,0.2158,0.1679,0.6822,0.1992,0.1186,0,1.55,4.5,6,1.44,4.8,7.5,0.587,0.5759,-0.4396,0.6159,-0.8987,1,10,1.5,0.4735,0.0094,0,0,0.0766,0.148,0.1812,-0.0509,,,,,,,,,,,,,,,,,betfair
spelad,L1,2025/26,2026-01-23,19:00,Auxerre,Paris SG,0,1,A,8,16,0,8,0.353,2.1954,understat,,2,7,10,12,0,1,0,0,0.0983,0.1688,0.7329,0.0999,0.1816,0.7185,0,11,6,1.31,9.5,5.25,1.38,0.6127,0.5907,-1.1513,0.9948,-0.6592,-1,5,-2.4,-0.1491,0.0726,0,0,0,0.0938,0.0176,0.0497,,,,,,,,,,,,,,,,,betfair
spelad,L1,2025/26,2026-01-24,18:00,Le Havre,Monaco,0,0,D,7,10,1,2,0.1716,0.5625,understat,,5,6,9,20,0,3,0,0,0.277,0.2524,0.4706,0.2194,0.2468,0.5337,0,3.5,3.8,2.05,4.4,4,1.83,0.5669,0.5907,0.3158,-0.9353,1.0058,-2,5,-1.2,-0.0101,0.4012,0,0,0,0,-0.1784,0.0253,,,,,,,,,,,,,,,,,betfair
spelad,L1,2025/26,2026-01-24,20:05,Marseille,Lens,3,1,H,10,7,5,2,1.0724,1.0029,understat,,2,2,18,16,0,3,0,0,0.4705,0.2565,0.273,0.4668,0.2505,0.2827,0,2.05,3.75,3.6,2.16,3.8,3.4,0.5818,0.6231,-0.4507,-0.1158,-1.1254,0,11,-1.0909,-0.5698,-0.1841,0,0,0.0395,0,-0.0172,-0.0337,,,,,,,,,,,,,,,,,betfair
spelad,L1,2025/26,2026-01-24,16:00,Rennes,Lorient,0,2,A,22,6,5,4,1.8824,1.1036,understat,,9,3,18,7,2,0,0,0,0.5034,0.2608,0.2358,0.5318,0.2652,0.203,0,1.91,3.75,4.1,1.81,3.85,4.6,0.5187,0.5213,0.7651,-0.7272,0.5685,-2,9,-0.6667,-0.7964,-0.135,0,0,0,0.0808,0.0898,-0.0059,,,,,,,,,,,,,,,,,betfair
spelad,L1,2025/26,2026-01-25,16:15,Brest,Toulouse,0,2,A,13,8,5,5,0.9883,0.6843,understat,,3,2,16,16,2,3,0,0,0.343,0.309,0.3481,0.3059,0.3313,0.3628,0,2.9,3.2,2.8,3.14,3,2.66,0.4471,0.3838,0.186,0.5287,0.5005,-1,9,1.3333,0.668,0.0577,0,0,0.052,0.1569,-0.0889,0.0233,,,,,,,,,,,,,,,,,betfair
spelad,L1,2025/26,2026-01-25,19:45,Lille,Strasbourg,1,4,A,20,15,6,6,1.7409,3.5651,understat,,8,1,11,13,2,2,0,0,0.4677,0.2658,0.2665,0.3734,0.301,0.3256,0,2.05,3.6,3.65,2.54,3.3,2.95,0.528,0.4562,0.5736,0.3769,0.8232,2,16,1.125,0.2484,-0.028,0,0,0.0343,0,-0.2478,0.0177,,,,,,,,,,,,,,,,,betfair
spelad,L1,2025/26,2026-01-25,16:15,Metz,Lyon,2,5,A,15,13,6,10,1.1833,3.3412,understat,,6,4,10,5,1,0,0,0,0.2062,0.2431,0.5507,0.1659,0.252,0.5821,0,4.75,4,1.74,5.33,3.8,1.69,0.5517,0.488,-0.3918,0.1162,-0.1372,0,10,-1.2,0.1442,-0.013,0,0,0,0.0542,-0.112,0.0471,,,,,,,,,,,,,,,,,betfair
spelad,L1,2025/26,2026-01-25,14:00,Nantes,Nice,1,4,A,20,7,5,4,1.9858,1.6112,understat,,4,2,11,15,2,3,0,0,0.3249,0.2752,0.3999,0.3513,0.2871,0.3616,0,2.95,3.6,2.42,2.8,3.4,2.63,0.5333,0.5134,0.4344,-0.7372,0.6069,-1,15,-0.4,-0.0226,0.0499,0,0,0.1264,0.0942,0.0911,-0.0128,,,,,,,,,,,,,,,,,betfair
spelad,L1,2025/26,2026-01-25,16:15,Paris FC,Angers,0,0,D,8,7,1,1,0.7591,0.3427,understat,,2,1,14,7,1,1,0,0,0.5151,0.2766,0.2083,0.5094,0.2879,0.2027,0,1.87,3.5,5,1.91,3.4,4.75,0.4601,0.4293,-0.6368,0.9093,-0.6695,-1,,,,,0,0,0.0872,0,-0.0058,-0.023,,,,,,,,,,,,,,,,,betfair
spelad,L1,2025/26,2026-01-30,19:45,Lens,Le Havre,1,0,H,15,8,3,2,1.6037,0.4071,understat,,4,3,20,10,1,2,0,0,0.6794,0.1913,0.1293,0.6828,0.2021,0.1151,0,1.41,5,8,1.46,4.8,7.5,0.599,0.5567,0.6508,0.2799,1.1291,0,5,0.6,-0.4349,0.1626,0,0,0,0,0.0211,-0.0585,,,,,,,,,,,,,,,,,betfair
spelad,L1,2025/26,2026-01-31,18:00,Lorient,Nantes,2,1,H,5,10,4,2,0.777,1.2018,understat,,1,4,12,18,4,5,0,0,0.5141,0.2689,0.2171,0.5062,0.277,0.2168,0,1.86,3.65,4.5,1.91,3.6,4.5,0.4628,0.4574,0.866,-0.9797,1.1412,1,9,-1.6667,-0.704,-0.0809,0,0,0.0765,0.0411,-0.0154,-0.0053,,,,,,,,,,,,,,,,,betfair
spelad,L1,2025/26,2026-01-31,20:05,Monaco,Rennes,4,0,H,14,8,6,4,2.2852,0.428,understat,,5,2,15,9,1,2,0,0,0.4728,0.2444,0.2828,0.4923,0.2425,0.2652,0,2.05,4,3.5,2,4,3.65,0.6361,0.6413,-1.0039,0.8111,-1.5802,0,15,0.8,0.2629,-0.0643,0,0,0,0,0.0566,-0.0115,,,,,,,,,,,,,,,,,betfair
spelad,L1,2025/26,2026-01-31,16:00,Paris FC,Marseille,2,2,D,9,18,4,4,1.8205,2.7112,understat,,4,4,12,15,1,4,0,0,0.2477,0.2544,0.498,0.2067,0.2481,0.5452,0,4,3.8,1.92,4.5,4,1.81,0.5503,0.5541,-0.6705,0.8298,-0.6847,-1,,,,,0,0,0,0.0378,-0.1291,0.0397,,,,,,,,,,,,,,,,,betfair
spelad,L1,2025/26,2026-02-01,16:15,Angers,Metz,1,0,H,17,5,7,0,1.3468,0.3979,understat,,4,3,11,11,2,2,0,1,0.4484,0.2823,0.2693,0.4432,0.292,0.2648,0,2.12,3.4,3.6,2.2,3.3,3.75,0.4574,0.4497,0.8139,-0.6115,0.9358,0,7,1.2857,0.5427,-0.0083,0,0,0,0,-0.0058,-0.0118,,,,,,,,,,,,,,,,,betfair
spelad,L1,2025/26,2026-02-01,14:00,Lyon,Lille,1,0,H,4,11,2,4,0.617,0.3907,understat,,2,7,15,11,1,4,0,0,0.4965,0.2585,0.245,0.432,0.2799,0.288,0,1.95,3.75,4.1,2.28,3.5,3.3,0.5307,0.5107,-0.0647,-0.7491,0.3459,0,16,-0.1875,-0.2618,0.1713,0,0,0.1599,0,-0.1719,-0.0304,,,,,,,,,,,,,,,,,betfair
spelad,L1,2025/26,2026-02-01,16:15,Nice,Brest,2,2,D,15,12,7,2,1.2009,1.8351,understat,,6,5,15,21,5,3,0,0,0.4485,0.2798,0.2717,0.4181,0.2803,0.3016,0,2.15,3.5,3.75,2.33,3.4,3.3,0.5241,0.5307,-0.6713,0.4267,-1.0896,0,13,0.6923,0.1101,0.0349,0,0,0.0326,0.0511,-0.0906,-0.0019,,,,,,,,,,,,,,,,,betfair
spelad,L1,2025/26,2026-02-01,19:45,Strasbourg,Paris SG,1,2,A,9,13,4,4,1.9712,1.1649,understat,,5,6,8,6,1,0,0,1,0.1868,0.2196,0.5936,0.1838,0.2255,0.5907,0,5.5,4.5,1.62,5.25,4.35,1.66,0.6152,0.6081,-0.2709,-0.1392,-0.4815,-2,15,-1.6,-0.062,0.1573,0,0,0,0,-0.0032,0.0179,,,,,,,,,,,,,,,,,betfair
spelad,L1,2025/26,2026-02-01,16:15,Toulouse,Auxerre,0,0,D,12,8,4,2,0.8046,0.8714,understat,,5,4,12,13,1,2,0,0,0.5415,0.2684,0.19,0.5388,0.2731,0.1881,0,1.78,3.6,5.2,1.8,3.55,5.1,0.4267,0.4219,0.8451,-0.994,0.6638,-2,5,0.6,-0.0194,0.1224,0,0,0.0311,0,-0.0035,-0.0125,,,,,,,,,,,,,,,,,betfair
spelad,L1,2025/26,2026-02-06,19:45,Metz,Lille,0,0,D,6,16,2,1,0.6754,1.1072,skott,,1,6,12,9,1,1,0,0,0.1651,0.2266,0.6083,0.1506,0.2161,0.6332,0,6,4.3,1.58,6.5,4.4,1.55,0.5411,0.5239,-0.8921,-0.2146,-0.7157,0,9,-2,-0.3516,0.0936,0,0,,,-0.0539,0.0127,,,,,,,,,,,,,,,,,betfair
spelad,L1,2025/26,2026-02-07,18:00,Brest,Lorient,2,0,H,11,13,5,2,2.0513,0.7206,understat,,7,7,11,10,2,0,0,0,0.4216,0.299,0.2794,0.4032,0.3052,0.2917,0,2.28,3.25,3.6,2.38,3.2,3.5,0.4562,0.4383,-0.6631,0.9197,-0.569,-1,9,0,-0.0391,-0.1791,0,0,0.0481,0,-0.0492,0.0117,,,,,,,,,,,,,,,,,betfair
spelad,L1,2025/26,2026-02-07,16:00,Lens,Rennes,3,1,H,10,14,3,1,1.0113,1.336,understat,,4,4,13,17,4,2,1,0,0.5314,0.2455,0.2232,0.6103,0.2211,0.1686,0,1.8,4,4.5,1.62,4.5,5.8,0.5917,0.6259,0.2275,-0.0661,0.6099,1,11,1.3636,0.5753,0.264,0,0,0,0.0453,0.2125,-0.027,,,,,,,,,,,,,,,,,betfair
spelad,L1,2025/26,2026-02-07,20:05,Nantes,Lyon,0,1,A,13,10,2,3,0.7957,0.99,understat,,5,4,13,11,4,2,0,1,0.1926,0.2522,0.5551,0.1909,0.2578,0.5514,0,5.1,4,1.73,5.2,3.8,1.75,0.4987,0.5013,-1.2268,1.2898,-1.0521,1,15,-1.4,-0.084,0.044,0,0,0.047,0.1914,0.0002,0.0102,,,,,,,,,,,,,,,,,betfair
spelad,L1,2025/26,2026-02-08,16:15,Angers,Toulouse,1,0,H,12,12,4,5,1.1709,0.692,understat,,3,5,11,16,3,2,0,0,0.2733,0.3024,0.4242,0.2515,0.301,0.4475,0,3.65,3.2,2.28,4,3.25,2.2,0.3985,0.4046,0.2022,0.1498,0.3058,0,9,-0.6667,-0.0609,0.055,0,0,0.0633,0,-0.0669,0.0023,,,,,,,,,,,,,,,,,betfair
spelad,L1,2025/26,2026-02-08,16:15,Auxerre,Paris FC,0,0,D,12,8,2,4,1.2739,0.7582,understat,,7,4,8,12,1,4,0,0,0.3801,0.2941,0.3258,0.3786,0.2961,0.3252,0,2.55,3.3,2.9,2.55,3.3,3,0.4433,0.4368,-0.3312,0.2067,0.15,-1,,,,,0,0,0,0.0802,-0.0024,0.0025,,,,,,,,,,,,,,,,,betfair
spelad,L1,2025/26,2026-02-08,16:15,Le Havre,Strasbourg,2,1,H,15,10,7,3,0.8568,0.5129,understat,,9,3,15,12,2,1,0,1,0.2396,0.27,0.4905,0.2204,0.2576,0.522,0,4.1,3.6,1.97,4.3,3.75,1.86,0.4853,0.512,0.1543,-0.2307,0.3879,2,5,-0.6,0.1309,-0.2745,0,0,0.032,0,-0.0699,0.0123,,,,,,,,,,,,,,,,,betfair
spelad,L1,2025/26,2026-02-08,14:00,Nice,Monaco,0,0,D,13,10,3,2,0.4559,0.8273,understat,,8,6,10,11,2,2,0,0,0.3112,0.2491,0.4397,0.2878,0.2482,0.464,0,3.1,4,2.16,3.4,4,2.12,0.6328,0.6275,-0.0496,0.3004,0.0212,-1,15,-0.4,0.1271,-0.0689,0,0,0.0315,0.0573,-0.071,0.0057,,,,,,,,,,,,,,,,,betfair
spelad,L1,2025/26,2026-02-08,19:45,Paris SG,Marseille,5,0,H,22,9,7,3,4.6308,0.9061,understat,,5,2,11,18,2,2,0,0,0.6714,0.1859,0.1427,0.6769,0.1809,0.1422,0,1.43,5.33,7,1.48,5,6.5,0.6619,0.669,0.45,-0.2192,0.3615,-1,15,2,0.3526,-0.1324,0,0,0.05,0,0.0116,-0.0606,,,,,,,,,,,,,,,,,betfair
spelad,L1,2025/26,2026-02-13,20:05,Monaco,Nantes,3,1,H,12,13,6,2,2.2019,1.0066,understat,,9,3,15,8,5,2,1,0,0.6449,0.2037,0.1513,0.6588,0.203,0.1382,0,1.5,4.8,7,1.46,5,7,0.6187,0.6231,0.3618,-0.6998,-0.0131,-1,15,2,0.4778,0.0841,0,0,0.0553,0.1335,0.0409,-0.0049,,,,,,,,,,,,,,,,,betfair
spelad,L1,2025/26,2026-02-13,18:00,Rennes,Paris SG,3,1,H,13,22,4,7,1.802,4.176,understat,,5,8,10,9,0,0,0,0,0.1441,0.1858,0.6701,0.1423,0.1845,0.6732,0,7,5.25,1.43,8,5.75,1.38,0.6783,0.708,-0.6418,1.6604,-0.3954,1,15,-0.6,0.5145,-0.0598,0,0,0.0427,0.1066,-0.0066,-0.0617,,,,,,,,,,,,,,,,,betfair
spelad,L1,2025/26,2026-02-14,18:00,Lille,Brest,1,1,D,20,11,5,4,1.7743,0.842,understat,,13,1,6,12,0,1,0,0,0.542,0.2487,0.2093,0.609,0.2309,0.1601,0,1.78,4,5,1.62,4.25,6,0.508,0.5107,0.0863,0.1751,-0.7135,1,12,0.25,-0.4527,0.1663,0,0,0.0367,0.0437,0.1832,-0.0312,,,,,,,,,,,,,,,,,betfair
spelad,L1,2025/26,2026-02-14,16:00,Marseille,Strasbourg,2,2,D,10,12,6,4,1.6154,2.3915,understat,,5,5,11,10,4,2,0,0,0.5635,0.2304,0.2061,0.483,0.2551,0.2618,0,1.7,4.2,4.75,2.05,4,4,0.587,0.577,0.3687,-0.0473,0.2817,0,14,1.0714,0.0345,0.2373,0,0,0,0,-0.2168,0.028,,,,,,,,,,,,,,,,,betfair
spelad,L1,2025/26,2026-02-14,20:05,Paris FC,Lens,0,5,A,11,17,6,6,0.3993,3.5016,understat,,3,5,13,9,2,1,0,0,0.2361,0.2626,0.5013,0.2361,0.268,0.4959,0,4.2,3.66,1.91,4.1,3.6,2,0.5187,0.5053,-0.7116,-0.0455,-1.0385,-1,,,,,0,0,0.1203,0,0.0054,0.0274,,,,,,,,,,,,,,,,,betfair
spelad,L1,2025/26,2026-02-15,14:00,Le Havre,Toulouse,2,1,H,5,25,2,9,0.9777,3.1234,understat,,1,10,7,16,1,4,1,0,0.2858,0.2976,0.4166,0.2688,0.3061,0.4251,0,3.4,3.25,2.3,3.5,3.25,2.32,0.4282,0.4156,-0.3944,0.5332,-0.109,0,5,0,0.3733,-0.0852,0,0,0.0303,0,-0.0424,0.0381,,,,,,,,,,,,,,,,,betfair
spelad,L1,2025/26,2026-02-15,16:15,Lorient,Angers,2,0,H,8,10,2,3,1.4393,0.406,understat,,3,2,7,8,0,0,0,0,0.4859,0.3015,0.2126,0.4779,0.3012,0.2209,0,1.96,3.2,5,2.05,3.2,4.5,0.4141,0.4119,0.3585,-0.2509,0.3678,1,7,-0.4286,-0.1945,0.003,0,0,0,0.0574,-0.0242,0.0043,,,,,,,,,,,,,,,,,betfair
spelad,L1,2025/26,2026-02-15,19:45,Lyon,Nice,2,0,H,9,10,2,3,1.9974,1.3048,understat,,8,5,16,12,3,1,0,0,0.59,0.2316,0.1784,0.5019,0.2615,0.2366,0,1.65,4.2,5.8,1.91,3.85,4.33,0.5556,0.5476,1.1034,-0.808,1.3129,1,16,0,-0.3266,-0.1082,0,0,0.1779,0,-0.2345,0.0312,,,,,,,,,,,,,,,,,betfair
spelad,L1,2025/26,2026-02-15,16:15,Metz,Auxerre,1,3,A,13,14,4,3,0.7536,1.0583,understat,,4,3,13,12,2,3,0,0,0.3373,0.3168,0.346,0.3056,0.3153,0.3791,0,2.9,3.1,2.83,3.2,3.1,2.55,0.4304,0.4383,0.0517,-0.0864,-0.3157,2,,,,,0,0,0.053,0,-0.0964,0.0071,,,,,,,,,,,,,,,,,betfair
spelad,L1,2025/26,2026-02-20,19:45,Brest,Marseille,2,0,H,12,17,4,4,1.3341,1.3575,understat,,3,2,10,17,1,4,0,0,0.2528,0.2562,0.491,0.2365,0.2515,0.512,0,3.85,3.8,1.95,3.9,3.85,1.9,0.5567,0.5681,-0.1372,0.1004,0.5009,0,12,-1.25,-0.0294,-0.1571,0,0,0.0999,0,-0.0536,0.0311,,,,,,,,,,,,,,,,,betfair
spelad,L1,2025/26,2026-02-21,16:00,Lens,Monaco,2,3,A,18,10,7,5,1.8283,2.34,understat,,7,2,13,12,2,1,0,0,0.575,0.2226,0.2024,0.5363,0.248,0.2157,0,1.67,4.33,5,1.78,4.2,4.75,0.6395,0.6036,0.9778,-0.4338,1.52,-1,11,1.0909,0.8081,0.0239,0,0,0,0.1521,-0.0906,0.0175,,,,,,,,,,,,,,,,,betfair
spelad,L1,2025/26,2026-02-21,20:05,Paris SG,Metz,3,0,H,17,3,7,0,2.4145,0.0591,understat,,4,1,9,15,0,2,0,0,0.832,0.1054,0.0626,0.8654,0.0948,0.0398,0,1.15,10,19,1.15,9.5,18,0.752,0.7204,0.8803,-0.5398,0.8756,2,9,3,0.5611,-0.1431,0,0,0.1545,0.1772,0.0895,-0.0808,,,,,,,,,,,,,,,,,betfair
spelad,L1,2025/26,2026-02-21,18:00,Toulouse,Paris FC,1,1,D,23,5,10,2,2.6776,0.6878,understat,,12,3,13,7,1,5,0,0,0.4925,0.2853,0.2223,0.4796,0.2906,0.2298,0,1.96,3.4,4.5,2.05,3.4,4.1,0.4267,0.4331,0.1897,-0.5713,0.3612,-1,,,,,0,0,0.1172,0.2048,-0.0332,-0.0249,,,,,,,,,,,,,,,,,betfair
spelad,L1,2025/26,2026-02-22,16:15,Angers,Lille,0,1,A,6,14,2,5,0.2404,2.7426,understat,,1,7,14,11,3,1,0,0,0.2272,0.2721,0.5006,0.1994,0.2589,0.5417,0,4.33,3.6,1.92,4.75,3.6,1.85,0.4654,0.4509,0.4066,-0.517,1.0404,-1,14,-0.8571,0.1992,-0.0998,0,0,0,0.0347,-0.0968,0.0319,,,,,,,,,,,,,,,,,betfair
spelad,L1,2025/26,2026-02-22,14:00,Auxerre,Rennes,0,3,A,11,12,2,7,0.7,1.106,understat,,4,5,17,22,1,4,0,0,0.3219,0.2813,0.3969,0.3216,0.289,0.3894,0,3,3.4,2.4,3,3.4,2.5,0.504,0.5027,-0.3227,-0.5121,-0.1272,-2,5,0.6,0.6908,0.1461,0,0,0,0.0396,0.0069,0.0196,,,,,,,,,,,,,,,,,betfair
spelad,L1,2025/26,2026-02-22,16:15,Nantes,Le Havre,2,0,H,9,6,2,1,1.7075,0.7533,understat,,5,6,17,13,4,3,0,0,0.3901,0.2926,0.3174,0.3913,0.2881,0.3206,0,2.48,3.3,3.05,2.5,3.4,3.05,0.4497,0.4433,-1.2595,1.5825,-1.0818,2,5,-0.6,-0.4213,0.1021,0,0,0.0855,0,-0.0008,0.0064,,,,,,,,,,,,,,,,,betfair
spelad,L1,2025/26,2026-02-22,16:15,Nice,Lorient,3,3,D,8,17,4,5,2.7465,1.977,understat,,3,7,15,4,2,3,0,0,0.4527,0.2708,0.2764,0.4437,0.2723,0.284,0,2.12,3.6,3.55,2.2,3.5,3.4,0.5187,0.488,-1.0797,1.0476,-1.3252,0,9,0.3333,-0.2105,0.1749,0,0,0.1252,0,-0.0255,-0.0104,,,,,,,,,,,,,,,,,betfair
spelad,L1,2025/26,2026-02-22,19:45,Strasbourg,Lyon,3,1,H,13,4,7,2,2.229,0.4273,understat,,4,2,11,12,1,2,0,0,0.4007,0.2702,0.329,0.4313,0.2681,0.3006,0,2.4,3.6,2.9,2.35,3.55,3.2,0.5307,0.5333,-1.1854,0.705,-1.2386,1,16,-0.9375,-0.0297,-0.0574,0,0,0.0585,0.1226,0.0895,-0.0455,,,,,,,,,,,,,,,,,betfair
spelad,L1,2025/26,2026-02-27,19:45,Strasbourg,Lens,1,1,D,8,25,5,5,0.8747,2.0381,understat,,2,8,9,8,2,2,0,0,0.4209,0.2652,0.3139,0.4282,0.2614,0.3104,0,2.32,3.66,3.1,2.28,3.65,3.1,0.5781,0.5503,-0.4283,0.2974,-0.4573,-1,11,-0.2727,0.1555,-0.0921,0,0,0.0531,0.038,0.018,-0.0117,,,,,,,,,,,,,,,,,betfair
spelad,L1,2025/26,2026-02-28,20:05,Le Havre,Paris SG,0,1,A,10,22,2,9,0.6828,4.0363,understat,,3,3,12,10,3,0,0,0,0.1018,0.1616,0.7366,0.09,0.1597,0.7502,0,10,6.25,1.31,10,6,1.33,0.6594,0.6187,0.0799,-0.6732,0.1569,-1,5,-2.4,-0.2415,0.0445,0,0,0,0.1869,-0.0372,0.0374,,,,,,,,,,,,,,,,,betfair
spelad,L1,2025/26,2026-02-28,18:00,Monaco,Angers,2,0,H,10,6,4,2,1.6708,0.6094,understat,,5,2,9,10,0,3,0,0,0.6289,0.2139,0.1572,0.6767,0.199,0.1243,0,1.52,4.7,6.5,1.44,4.8,7.5,0.562,0.5907,-0.3574,0.334,-0.3772,1,13,1.3846,0.0797,0.003,0,0,0.1429,0,0.1286,-0.0298,,,,,,,,,,,,,,,,,betfair
spelad,L1,2025/26,2026-02-28,16:00,Rennes,Toulouse,1,0,H,10,9,2,2,0.7091,0.6684,understat,,6,1,9,13,1,3,0,0,0.4722,0.271,0.2568,0.4809,0.2714,0.2477,0,2.02,3.6,3.8,2.02,3.7,3.8,0.5094,0.5253,0.3311,0.042,0.545,-1,12,0,-0.2268,0.0615,0,0,0.0378,0.1033,0.0266,-0.0167,,,,,,,,,,,,,,,,,betfair
spelad,L1,2025/26,2026-03-01,16:15,Lille,Nantes,1,0,H,9,3,3,1,0.4957,0.171,understat,,4,1,11,15,3,1,0,0,0.6461,0.2159,0.138,0.6365,0.2257,0.1379,0,1.48,4.75,7.5,1.52,4.33,7,0.536,0.508,0.2843,-0.0363,-0.3337,0,15,2,0.6227,-0.0705,0,0,0.0318,0.1211,-0.0193,-0.0158,,,,,,,,,,,,,,,,,betfair
spelad,L1,2025/26,2026-03-01,16:15,Lorient,Auxerre,2,2,D,15,10,5,3,1.0277,1.9667,understat,,3,7,11,10,1,3,0,0,0.4598,0.2899,0.2503,0.4561,0.3013,0.2425,0,2.1,3.3,3.9,2.1,3.3,4,0.4267,0.4234,1.1918,-1.2749,0.9726,0,3,-1,-0.3776,-0.2934,0,0,0,0,0.0003,-0.0145,,,,,,,,,,,,,,,,,betfair
spelad,L1,2025/26,2026-03-01,19:45,Marseille,Lyon,3,2,H,18,12,7,6,1.7876,1.7852,understat,,8,1,16,8,3,2,0,0,0.4846,0.2563,0.2591,0.4927,0.2585,0.2488,0,2,3.8,3.85,1.95,3.75,3.8,0.562,0.5346,-0.7644,0.4748,-1.2802,2,15,-0.2,-0.0489,-0.1332,0,0,0,0.257,0.0264,-0.0092,,,,,,,,,,,,,,,,,betfair
spelad,L1,2025/26,2026-03-01,16:15,Metz,Brest,0,1,A,24,6,6,1,1.5837,0.9632,understat,,12,4,14,11,2,1,0,1,0.2758,0.2782,0.446,0.2551,0.2843,0.4606,0,3.6,3.45,2.15,3.8,3.4,2.14,0.492,0.4761,-0.4107,0.3942,-0.7174,-1,8,-1.5,-0.3521,-0.28,0,0,0.1765,0.0962,-0.056,0.023,,,,,,,,,,,,,,,,,betfair
spelad,L1,2025/26,2026-03-01,14:00,Paris FC,Nice,1,0,H,16,11,6,3,1.3017,1.263,understat,,8,6,7,8,6,3,1,0,0.3963,0.28,0.3236,0.389,0.2845,0.3265,0,2.4,3.45,3,2.5,3.5,3,0.5013,0.5187,0.3411,-0.4053,0.0731,1,,,,,0,0,0.1566,0.1382,-0.0175,-0.0098,,,,,,,,,,,,,,,,,betfair
spelad,L1,2025/26,2026-03-06,19:45,Paris SG,Monaco,1,3,A,20,11,6,6,1.2218,1.7529,understat,,7,3,12,6,1,3,0,0,0.7014,0.1693,0.1293,0.7122,0.1662,0.1216,0,1.38,5.75,8,1.4,5.75,8,0.7118,0.7044,0.3732,0.2164,0.2797,0,16,0.5625,-0.4074,-0.0029,0,0,0.0383,0.0437,0.0294,-0.0432,,,,,,,,,,,,,,,,,betfair
spelad,L1,2025/26,2026-03-07,18:00,Auxerre,Strasbourg,0,0,D,10,13,4,5,1.0323,1.2732,understat,,5,4,10,11,1,2,0,0,0.2665,0.2817,0.4518,0.2712,0.2828,0.4459,0,3.75,3.45,2.14,3.6,3.4,2.28,0.4813,0.472,-0.3382,0.3645,-0.2749,-2,5,-1.8,-0.3925,-0.2685,0,0,0,0.1059,0.0154,0.0263,,,,,,,,,,,,,,,,,betfair
spelad,L1,2025/26,2026-03-07,16:00,Nantes,Angers,0,1,A,13,11,3,4,0.6117,0.8532,understat,,3,4,14,19,1,1,0,0,0.4304,0.2965,0.2731,0.4289,0.3159,0.2552,0,2.25,3.25,3.6,2.28,3.1,3.75,0.4104,0.363,-0.6711,0.877,-0.0856,-1,14,-0.2143,-0.2112,0.0564,0,0,0.1383,0,0.015,-0.0075,,,,,,,,,,,,,,,,,betfair
spelad,L1,2025/26,2026-03-07,20:05,Toulouse,Marseille,0,1,A,12,10,2,3,1.2871,1.3226,understat,,4,2,15,14,2,3,0,0,0.3193,0.2704,0.4103,0.2869,0.2712,0.4419,0,3.15,3.6,2.38,3.3,3.7,2.2,0.516,0.5491,-0.5257,0.1324,-0.1993,1,12,-2.25,-0.6452,0.0065,0,0,0.0618,0,-0.0963,0.0309,,,,,,,,,,,,,,,,,betfair
spelad,L1,2025/26,2026-03-08,16:15,Brest,Le Havre,2,0,H,11,14,2,0,1.2646,1.1029,understat,,1,3,15,17,3,1,0,0,0.4985,0.268,0.2335,0.5088,0.2756,0.2157,0,1.93,3.65,4.2,1.95,3.4,4.33,0.4733,0.4346,-0.2164,0.4779,0.0721,-1,5,1.8,0.7564,-0.2916,0,0,0,0.0506,0.0384,-0.0368,,,,,,,,,,,,,,,,,betfair
spelad,L1,2025/26,2026-03-08,14:00,Lens,Metz,3,0,H,24,5,7,0,2.2211,0.2508,understat,,6,4,12,17,0,3,0,0,0.7429,0.1631,0.094,0.7709,0.1462,0.0829,0,1.29,6,11,1.29,6.5,11,0.637,0.6587,0.5979,-0.5261,0.8515,2,7,-1.2857,-1.2574,0.0402,0,0,0.1649,0,0.067,-0.0562,,,,,,,,,,,,,,,,,betfair
spelad,L1,2025/26,2026-03-08,16:15,Lille,Lorient,1,1,D,12,9,2,5,0.8501,0.9293,understat,,5,1,14,13,4,1,0,0,0.6033,0.2338,0.1629,0.6236,0.2306,0.1458,0,1.6,4.2,6.33,1.6,4.35,6.5,0.5121,0.5053,-1.0849,1.9067,-1.1351,0,9,1,0.0924,-0.2438,0,0,0.0325,0.135,0.0577,-0.0168,,,,,,,,,,,,,,,,,betfair
spelad,L1,2025/26,2026-03-08,19:45,Lyon,Paris FC,1,1,D,14,14,4,4,1.9252,2.3258,understat,,8,2,7,9,2,0,0,0,0.5698,0.2421,0.188,0.503,0.2805,0.2165,0,1.7,4,5.4,1.91,4,5.6,0.5214,0.4601,0.3242,-0.0683,0.5568,0,,,,,0,0,0.272,0.2896,-0.1622,0.0341,,,,,,,,,,,,,,,,,betfair
spelad,L1,2025/26,2026-03-08,16:15,Nice,Rennes,0,4,A,14,12,2,6,2.6849,1.8714,understat,,7,1,9,8,2,1,0,0,0.3412,0.2626,0.3962,0.3556,0.2728,0.3716,0,2.95,3.75,2.45,2.7,3.6,2.62,0.5722,0.5632,-0.6079,0.4434,-0.7117,-1,16,0.75,0.5009,-0.0321,0,0,0.1268,0.0367,0.0534,0.0138,,,,,,,,,,,,,,,,,betfair
spelad,L1,2025/26,2026-03-13,19:45,Marseille,Auxerre,1,0,H,16,8,3,3,1.129,0.293,understat,,9,2,12,17,4,2,0,0,0.6649,0.197,0.1381,0.6831,0.2035,0.1133,0,1.45,5,7.5,1.45,4.75,7.5,0.599,0.545,0.6511,-0.0896,0.2742,0,5,0.6,-0.2874,-0.2145,0,0,0,0,0.0611,-0.0632,,,,,,,,,,,,,,,,,betfair
spelad,L1,2025/26,2026-03-14,18:00,Angers,Nice,0,2,A,11,12,1,8,0.8892,1.6013,understat,,7,6,10,13,1,3,0,0,0.3135,0.2956,0.3909,0.2882,0.3108,0.401,0,3.14,3.3,2.5,3.33,3.13,2.4,0.4667,0.4171,0.797,-1.0419,0.8042,1,14,-0.8571,-0.1988,0.0084,0,0,0.0347,0.1285,-0.0606,0.0137,,,,,,,,,,,,,,,,,betfair
spelad,L1,2025/26,2026-03-14,16:00,Lorient,Lens,2,1,H,6,20,3,6,2.3735,1.0122,understat,,1,10,6,11,2,3,0,0,0.2316,0.2599,0.5085,0.1811,0.243,0.5759,0,4.25,3.7,1.9,5.33,4.2,1.7,0.5227,0.5411,0.7444,-1.003,0.5023,0,9,-1.6667,-0.3898,-0.0348,0,0,0.1297,0.1554,-0.1683,0.0211,,,,,,,,,,,,,,,,,betfair
spelad,L1,2025/26,2026-03-14,20:05,Monaco,Brest,2,0,H,10,13,4,1,2.8135,1.561,understat,,3,8,9,8,2,1,0,0,0.5688,0.2315,0.1997,0.6076,0.2317,0.1607,0,1.7,4.2,5,1.62,4.2,5.5,0.5796,0.5759,-0.1536,0.209,-0.0238,2,12,1,0.0802,-0.2308,0,0,0.0368,0,0.1166,-0.046,,,,,,,,,,,,,,,,,betfair
spelad,L1,2025/26,2026-03-15,16:15,Le Havre,Lyon,0,0,D,12,13,4,4,0.6401,1.1383,understat,,2,2,7,16,1,3,1,0,0.2542,0.2769,0.4689,0.2648,0.2878,0.4473,0,3.85,3.5,2.05,3.6,3.4,2.2,0.4574,0.4628,-0.1638,-0.4249,-0.2027,0,5,-1.2,-0.0183,-0.0359,0,0,0.0474,0.2548,0.0427,0.0186,,,,,,,,,,,,,,,,,betfair
spelad,L1,2025/26,2026-03-15,16:15,Metz,Toulouse,3,4,A,17,19,8,6,1.6262,1.7426,understat,,4,4,10,13,0,3,0,0,0.2431,0.2829,0.4739,0.2315,0.2804,0.488,0,4,3.4,2,4,3.4,2,0.438,0.4383,-0.126,0.6066,-0.1029,-1,4,-2.25,-0.8881,-0.0243,0,0,0.0967,0.0597,-0.0373,0.025,,,,,,,,,,,,,,,,,betfair
spelad,L1,2025/26,2026-03-15,19:45,Rennes,Lille,1,2,A,12,8,4,3,1.5463,1.3508,understat,,5,2,16,7,2,5,0,0,0.4208,0.2797,0.2994,0.4281,0.2798,0.2921,0,2.25,3.4,3.33,2.25,3.4,3.4,0.5214,0.48,0.6294,-1.2418,0.8044,0,15,-1,-0.4581,0.1166,0,0,0,0.1828,0.0219,0.0081,,,,,,,,,,,,,,,,,betfair
spelad,L1,2025/26,2026-03-15,14:00,Strasbourg,Paris FC,0,0,D,12,11,3,2,1.2022,0.6164,understat,,12,4,11,17,1,0,0,0,0.539,0.2486,0.2124,0.5787,0.237,0.1843,0,1.78,4,4.75,1.7,4.2,5,0.528,0.5476,-0.4306,0.2866,-0.1588,1,,,,,0,0,0.1017,0.1982,0.1075,-0.0277,,,,,,,,,,,,,,,,,betfair
spelad,L1,2025/26,2026-03-20,19:45,Lens,Angers,5,1,H,26,16,9,5,4.3393,1.1519,understat,,7,3,7,5,0,0,0,0,0.7719,0.1497,0.0783,0.8016,0.1343,0.0641,0,1.25,6.5,13,1.23,7,15,0.6187,0.6404,-0.3141,-0.2223,-0.4266,0,9,1.6667,0.3032,-0.0278,0,0,0.1505,0.249,0.0735,-0.0431,,,,,,,,,,,,,,,,,betfair
spelad,L1,2025/26,2026-03-21,18:00,Auxerre,Brest,3,0,H,11,9,7,2,2.0573,0.8823,understat,,6,3,10,14,0,4,1,0,0.4068,0.2942,0.2989,0.4133,0.3149,0.2718,0,2.38,3.25,3.25,2.33,3.2,3.5,0.4331,0.4057,-0.7377,0.6124,-0.6654,1,5,-0.6,-0.0783,0.1131,0,0,0,0.1163,0.0402,-0.0087,,,,,,,,,,,,,,,,,betfair
spelad,L1,2025/26,2026-03-21,20:05,Nice,Paris SG,0,4,A,6,17,1,10,0.1766,4.0444,understat,,2,5,12,5,0,1,1,0,0.1237,0.1739,0.7023,0.1337,0.1979,0.6684,0,8,5.66,1.36,6.6,5,1.48,0.6821,0.6206,-0.3505,-0.0927,-0.1398,-7,14,-1.0714,0.2013,0.0265,0,0,0.0816,0.1599,0.0538,0.0409,,,,,,,,,,,,,,,,,betfair
spelad,L1,2025/26,2026-03-21,16:00,Toulouse,Lorient,1,0,H,12,7,4,2,1.4846,0.4777,understat,,1,4,9,10,2,3,0,0,0.479,0.2965,0.2245,0.5275,0.2808,0.1917,0,2.05,3.3,4.5,1.85,3.5,5.1,0.4406,0.4613,-1.1724,1.2619,-1.1651,-1,5,1.2,0.2722,0.32,0,0,0.0568,0.1178,0.1298,-0.0204,,,,,,,,,,,,,,,,,betfair
spelad,L1,2025/26,2026-03-22,14:00,Lyon,Monaco,1,2,A,15,21,4,7,1.1072,3.4997,understat,,2,6,11,19,1,3,1,0,0.3461,0.2678,0.3861,0.3588,0.2771,0.3641,0,2.8,3.6,2.5,2.71,3.6,2.6,0.5529,0.5718,-0.2894,0.4242,-0.7189,-1,14,0.8571,0.5054,-0.2509,0,0,0.0547,0.0329,0.0475,-0.0106,,,,,,,,,,,,,,,,,betfair
spelad,L1,2025/26,2026-03-22,16:15,Marseille,Lille,1,2,A,14,11,3,4,1.0293,1.6111,understat,,6,4,8,6,1,3,0,0,0.4896,0.2569,0.2534,0.5094,0.2649,0.2257,0,1.95,3.75,3.8,1.9,3.75,4.2,0.536,0.5253,0.4491,-0.4386,0.3495,2,16,-0.5625,-0.371,0.0334,0,0,0,0.1619,0.0672,-0.0172,,,,,,,,,,,,,,,,,betfair
spelad,L1,2025/26,2026-03-22,19:45,Nantes,Strasbourg,2,3,A,14,13,9,9,1.9147,2.8391,understat,,3,6,15,17,3,3,0,0,0.2686,0.2663,0.4651,0.2621,0.2767,0.4612,0,3.6,3.66,2.05,3.66,3.5,2.15,0.492,0.4973,-0.4466,0.7428,-0.5206,7,15,-1,-0.3379,-0.1528,0,0,0.1739,0.0939,-0.0091,0.033,,,,,,,,,,,,,,,,,betfair
spelad,L1,2025/26,2026-03-22,16:15,Paris FC,Le Havre,3,2,H,15,20,4,6,2.4263,1.7439,understat,,9,5,9,13,0,1,1,0,0.4697,0.293,0.2372,0.4446,0.3064,0.249,0,2.05,3.3,4.33,2.2,3.4,4,0.4521,0.4524,-0.0749,0.266,-0.1144,0,,,,,0,0,0.1926,0.0457,-0.062,-0.0013,,,,,,,,,,,,,,,,,betfair
spelad,L1,2025/26,2026-03-22,16:15,Rennes,Metz,0,0,D,25,7,8,2,1.7055,0.3149,understat,,8,2,13,13,1,3,0,0,0.6982,0.1853,0.1165,0.7502,0.1597,0.09,0,1.38,5.5,9.2,1.32,6,10,0.6051,0.6152,0.9768,-1.3293,0.8762,0,9,2.3333,0.7537,-0.246,0,0,0,0.0626,0.1305,-0.0554,,,,,,,,,,,,,,,,,betfair
spelad,L1,2025/26,2026-04-03,19:45,Paris SG,Toulouse,3,1,H,17,5,7,1,1.7337,0.1026,understat,,5,2,4,13,0,1,0,0,0.7591,0.1526,0.0884,0.7532,0.1604,0.0865,0,1.26,6.75,11.5,1.31,6.1,10.5,0.6587,0.6578,0.6538,-0.1821,0.53,0,10,2.1,0.1851,-0.0674,0,0,0.1507,0.0518,-0.0098,-0.0367,,,,,,,,,,,,,,,,,betfair
spelad,L1,2025/26,2026-04-04,18:00,Brest,Rennes,3,4,A,10,15,4,7,1.8945,2.7958,understat,,3,7,13,11,2,4,0,0,0.3042,0.2731,0.4226,0.2851,0.2811,0.4338,0,3.15,3.6,2.25,3.3,3.5,2.38,0.5094,0.4879,0.1566,0.2263,0.2783,1,13,-0.9231,-0.132,0.1194,0,0,0.1456,0.1023,-0.0495,0.0315,,,,,,,,,,,,,,,,,betfair
spelad,L1,2025/26,2026-04-04,20:05,Lille,Lens,3,0,H,13,5,7,1,3.8217,0.4127,understat,,3,3,9,13,3,2,0,0,0.3626,0.2818,0.3557,0.3311,0.2838,0.385,0,2.66,3.4,2.7,2.9,3.5,2.48,0.5187,0.5241,0.126,0.7312,0.1925,-2,11,0.8182,0.3675,-0.1045,0,0,0,0,-0.0922,-0.0031,,,,,,,,,,,,,,,,,betfair
spelad,L1,2025/26,2026-04-04,16:00,Strasbourg,Nice,3,1,H,16,8,6,3,2.7089,0.3544,understat,,4,10,7,15,0,2,0,0,0.5169,0.2549,0.2282,0.4953,0.254,0.2508,0,1.85,3.75,4.5,1.96,3.8,3.75,0.5529,0.5844,0.0797,-0.3828,0.2418,-1,15,0,0.0095,0.0438,0,0,0.1261,0,-0.0658,-0.0208,,,,,,,,,,,,,,,,,betfair
spelad,L1,2025/26,2026-04-05,14:00,Angers,Lyon,0,0,D,7,11,1,2,0.3535,0.5224,understat,,3,7,14,13,3,0,0,0,0.2037,0.271,0.5253,0.1658,0.2313,0.6029,0,5,3.6,1.83,5.75,4.2,1.63,0.4406,0.5267,-0.0018,0.5198,0.3186,2,12,-2.5,-0.42,-0.2074,0,0,0.1831,0.0839,-0.1534,0.0282,,,,,,,,,,,,,,,,,betfair
spelad,L1,2025/26,2026-04-05,16:15,Le Havre,Auxerre,1,1,D,10,12,3,2,0.7112,2.4082,understat,,5,5,16,21,2,2,0,0,0.3757,0.3018,0.3226,0.3845,0.3149,0.3006,0,2.6,3.2,3,2.45,3.13,3.33,0.4204,0.3964,0.2633,-0.5208,-0.1397,-1,3,3,1.7947,-0.2853,0,0,0.0893,0,0.0396,0.0102,,,,,,,,,,,,,,,,,betfair
spelad,L1,2025/26,2026-04-05,16:15,Lorient,Paris FC,1,1,D,10,7,3,5,1.1655,1.3988,understat,,5,6,8,6,1,2,0,0,0.4207,0.2883,0.291,0.3919,0.2971,0.311,0,2.28,3.4,3.33,2.4,3.3,3.2,0.4483,0.4562,-0.0894,-0.0043,0.0116,1,,,,,0,0,0,0,-0.0778,0.0161,,,,,,,,,,,,,,,,,betfair
spelad,L1,2025/26,2026-04-05,16:15,Metz,Nantes,0,0,D,19,6,5,2,2.3189,0.3893,understat,,6,3,14,10,2,1,0,1,0.3255,0.2901,0.3844,0.3327,0.2893,0.378,0,3,3.3,2.55,2.88,3.4,2.55,0.4395,0.4574,0.3165,-0.3464,0.1792,0,9,1.3333,0.865,0.0326,0,0,0.0585,0.1936,0.0208,0.0024,,,,,,,,,,,,,,,,,betfair
spelad,L1,2025/26,2026-04-05,19:45,Monaco,Marseille,2,1,H,7,19,3,9,1.6774,3.1079,understat,,0,8,14,9,2,2,0,0,0.4366,0.2581,0.3053,0.4571,0.2622,0.2807,0,2.18,3.75,3.2,2.1,3.8,3.5,0.6117,0.6142,0.5852,-0.8165,1.468,0,14,-0.6429,-0.3427,-0.0488,0,0,0.0304,0,0.0656,-0.0011,,,,,,,,,,,,,,,,,betfair
spelad,L1,2025/26,2026-04-10,20:05,Marseille,Metz,3,1,H,18,6,9,2,3.3164,0.5351,understat,,7,4,12,8,1,2,0,0,0.7705,0.1471,0.0825,0.7825,0.138,0.0795,0,1.25,7,12.5,1.28,7,11.5,0.6776,0.7216,0.6361,-0.342,0.0835,0,8,0.75,-0.5277,0.5153,0,0,0,0.0388,0.027,-0.0557,,,,,,,,,,,,,,,,,betfair
spelad,L1,2025/26,2026-04-10,18:00,Paris FC,Monaco,4,1,H,12,19,6,5,2.9534,1.7647,understat,,1,11,5,6,1,0,0,0,0.2542,0.2508,0.495,0.2492,0.2524,0.4984,0,3.9,3.9,1.95,4,3.75,1.95,0.5829,0.577,-0.6218,0.4095,-0.9673,0,,,,,0,0,0,0,-0.0134,0.004,,,,,,,,,,,,,,,,,betfair
spelad,L1,2025/26,2026-04-11,18:00,Auxerre,Nantes,0,0,D,5,13,0,4,0.797,1.4471,understat,,3,2,20,15,0,4,0,0,0.47,0.2878,0.2423,0.501,0.2834,0.2156,0,2.1,3.33,4.1,2,3.4,4.33,0.4145,0.4193,0.2581,0.0724,0.6234,0,5,-1.2,-0.4152,-0.0975,0,0,0,0.1587,0.0887,-0.0292,,,,,,,,,,,,,,,,,betfair
spelad,L1,2025/26,2026-04-11,20:05,Rennes,Angers,2,1,H,15,6,7,4,1.0997,1.1946,understat,,11,3,9,15,0,2,0,0,0.6841,0.1986,0.1173,0.72,0.1807,0.0994,0,1.42,5,8.5,1.4,5.25,9.5,0.5696,0.5796,0.4951,-1.123,0.5383,1,12,1.5,0.3501,-0.0974,0,0,0.0778,0.0459,0.0897,-0.0434,,,,,,,,,,,,,,,,,betfair
spelad,L1,2025/26,2026-04-12,19:45,Lyon,Lorient,2,0,H,11,12,5,6,1.8488,1.5749,understat,,4,6,17,14,4,1,0,0,0.5599,0.25,0.1901,0.5948,0.231,0.1743,0,1.73,3.8,5.25,1.73,4.2,5.4,0.5013,0.5503,-0.0982,-0.0297,-0.5218,0,9,0.3333,-0.5146,0.2132,0,0,0.207,0.0464,0.0855,-0.0411,,,,,,,,,,,,,,,,,betfair
spelad,L1,2025/26,2026-04-12,16:15,Nice,Le Havre,1,1,D,15,11,5,6,2.1477,2.1262,understat,,5,2,20,14,1,1,0,0,0.4922,0.2851,0.2227,0.514,0.2876,0.1984,0,1.95,3.45,4.75,1.95,3.4,4.6,0.484,0.4853,-0.6934,1.3899,-0.5214,1,5,0.6,-0.0851,-0.2603,0,0,0,0.0398,0.0679,-0.0458,,,,,,,,,,,,,,,,,betfair
spelad,L1,2025/26,2026-04-12,16:15,Toulouse,Lille,0,4,A,9,15,1,9,1.4651,2.0878,understat,,4,2,13,12,2,0,1,0,0.3053,0.2938,0.4009,0.2693,0.2974,0.4332,0,3.2,3.3,2.4,3.4,3.25,2.3,0.4368,0.4357,-1.0287,0.7707,-1.0573,1,12,-1,-0.0543,-0.094,0,0,0,0,-0.1043,0.0518,,,,,,,,,,,,,,,,,betfair
spelad,L1,2025/26,2026-04-17,19:45,Lens,Toulouse,3,2,H,41,5,13,2,3.9839,0.5785,understat,,14,1,9,15,1,1,0,1,0.6346,0.2134,0.152,0.6461,0.2117,0.1422,0,1.6,4.5,6.5,1.6,4.5,6.33,0.5681,0.5755,0.6567,-1.889,0.1657,7,7,1.7143,0.5703,-0.111,0,0,0,0,0.0329,-0.0556,,,,,,,,,,,,,,,,,betfair
spelad,L1,2025/26,2026-04-18,18:00,Angers,Le Havre,1,1,D,11,16,5,8,0.9611,1.5457,understat,,4,3,15,20,1,3,0,1,0.3361,0.3114,0.3525,0.279,0.3248,0.3962,0,2.9,3.1,2.75,3.4,3.1,2.6,0.4041,0.3804,-0.2779,0.8982,0.0022,1,3,0,-0.066,0.0351,0,0,0.0429,0,-0.1577,0.0308,,,,,,,,,,,,,,,,,betfair
spelad,L1,2025/26,2026-04-18,20:05,Lille,Nice,0,0,D,9,5,2,1,0.4134,0.1714,understat,,5,3,9,10,3,1,0,0,0.6241,0.2256,0.1503,0.6487,0.2126,0.1387,0,1.6,4.33,6.5,1.6,4.75,6.5,0.5307,0.5733,1.1501,-1.1581,1.497,0,14,-0.2143,-0.3813,0.0868,0,0,0,0,0.0606,-0.0532,,,,,,,,,,,,,,,,,betfair
spelad,L1,2025/26,2026-04-18,16:00,Lorient,Marseille,2,0,H,11,16,4,2,1.2863,2.1307,understat,,1,7,6,10,0,3,0,0,0.2196,0.2429,0.5375,0.1982,0.2154,0.5864,0,4.5,4,1.91,4.8,4.5,1.91,0.5658,0.6379,-0.0684,-0.4375,0.2994,-2,9,-2.6667,-0.7128,-0.1259,0,0,0.0436,0,-0.0916,0.0378,,,,,,,,,,,,,,,,,betfair
spelad,L1,2025/26,2026-04-19,16:15,Metz,Paris FC,1,3,A,13,15,6,7,1.4845,1.9728,understat,,6,5,9,8,2,2,0,0,0.2785,0.2728,0.4486,0.3061,0.2688,0.4251,0,3.55,3.5,2.2,3.2,3.6,2.3,0.5107,0.5654,-1.125,1.0957,-0.9952,0,,,,,0,0,0,0,0.0786,0.0038,,,,,,,,,,,,,,,,,betfair
spelad,L1,2025/26,2026-04-19,14:00,Monaco,Auxerre,2,2,D,15,12,6,7,1.9424,0.7451,understat,,11,3,19,8,2,3,0,0,0.6083,0.2241,0.1676,0.6029,0.2313,0.1658,0,1.57,4.33,6.25,1.62,4.33,5.75,0.5541,0.5781,1.1257,-0.5822,1.0367,1,5,3,0.9005,-0.2077,0,0,0,0,-0.0091,-0.0266,,,,,,,,,,,,,,,,,betfair
spelad,L1,2025/26,2026-04-19,16:15,Nantes,Brest,1,1,D,17,4,4,2,0.9703,0.6311,understat,,11,0,13,17,2,2,1,0,0.3997,0.2896,0.3107,0.3995,0.2957,0.3048,0,2.38,3.3,3.14,2.5,3.3,3.1,0.4471,0.4383,-0.9731,0.6509,-0.8667,-7,12,0,0.0289,0.0409,0,0,0.2888,0.1362,0.0054,-0.012,,,,,,,,,,,,,,,,,betfair
spelad,L1,2025/26,2026-04-19,19:45,Paris SG,Lyon,1,2,A,23,6,6,5,3.2045,1.2036,understat,,13,5,10,8,5,1,0,0,0.7304,0.164,0.1056,0.7308,0.1657,0.1035,0,1.32,6,9.5,1.35,5.75,9,0.6627,0.6513,0.0687,0.8666,0.4162,7,15,1.6,0.2404,-0.1398,0,0,0.1151,0.1956,0.003,-0.036,,,,,,,,,,,,,,,,,betfair
spelad,L1,2025/26,2026-04-19,16:15,Strasbourg,Rennes,0,3,A,9,26,1,9,0.9442,3.253,understat,,2,9,10,12,0,1,0,0,0.3642,0.26,0.3759,0.2368,0.2368,0.5263,0,2.66,3.75,2.6,4,4.25,2.6,0.5658,0.6196,-1.0594,1.5656,-0.7372,7,15,-1,-0.1381,-0.1399,0,0,0.2347,0,-0.4051,0.054,,,,,,,,,,,,,,,,,betfair
spelad,L1,2025/26,2026-04-22,18:00,Paris SG,Nantes,3,0,H,14,11,6,4,2.2645,0.6722,understat,,7,6,11,8,2,1,0,0,0.7988,0.1284,0.0728,0.8181,0.1186,0.0632,0,1.21,8,14,1.18,9.5,18,0.7115,0.7127,-0.1775,1.056,-0.0711,0,15,1.4,-0.2563,-0.0258,0,0,0.1039,0.1928,0.0482,,,,,,,,,,,,,,,,,,snitt
spelad,L1,2025/26,2026-04-24,19:45,Brest,Lens,3,3,D,6,25,3,7,0.3098,3.2458,understat,,0,6,7,11,3,3,0,0,0.1725,0.2231,0.6044,0.164,0.224,0.612,0,5.75,4.33,1.6,6,4.3,1.57,0.577,0.5594,0.6271,-0.4536,0.504,-2,11,-0.8182,-0.027,-0.0869,0,0,0.102,0.0467,-0.0247,,,,,,,,,,,,,,,,,,snitt
spelad,L1,2025/26,2026-04-25,18:00,Angers,Paris SG,0,3,A,6,17,1,10,0.9774,3.003,understat,,5,4,9,3,0,2,0,1,0.0875,0.1571,0.7553,0.0848,0.1534,0.7618,0,13,6.25,1.29,13,6.5,1.28,0.63,0.6309,0.311,-0.9405,0.3476,4,12,-3,-0.3634,-0.1338,0,0,0.0409,0.1986,-0.012,,,,,,,,,,,,,,,,,,snitt
spelad,L1,2025/26,2026-04-25,14:00,Lyon,Auxerre,3,2,H,12,9,6,2,2.1633,0.8833,understat,,6,3,11,15,1,2,0,0,0.5715,0.2432,0.1852,0.5811,0.2369,0.182,0,1.67,4,5.33,1.65,4.1,5.5,0.5107,0.5413,0.4295,-0.7672,-0.1587,0,5,0.6,-0.3898,0.1754,0,0,0.0371,0,0.0223,,,,,,,,,,,,,,,,,,snitt
spelad,L1,2025/26,2026-04-25,20:05,Toulouse,Monaco,2,2,D,18,8,5,5,2.153,1.3462,understat,,4,2,17,10,3,2,0,0,0.2806,0.2559,0.4635,0.2176,0.2339,0.5485,0,3.55,3.8,2.05,4.5,4.2,1.75,0.562,0.6051,-1.0288,0.7563,-1.1434,2,10,-1.2,-0.1956,-0.0497,0,0,0,0,-0.211,,,,,,,,,,,,,,,,,,snitt
spelad,L1,2025/26,2026-04-26,16:15,Le Havre,Metz,4,4,D,14,12,5,5,2.65,1.8871,understat,,6,4,12,12,3,1,0,0,0.5754,0.2447,0.1799,0.5966,0.2236,0.1798,0,1.68,4,5.6,1.6,4.4,5.6,0.4973,0.577,0.2559,-0.779,-0.086,1,3,-1,-0.7728,0.3623,0,0,0,0.0535,0.0427,,,,,,,,,,,,,,,,,,snitt
spelad,L1,2025/26,2026-04-26,14:00,Lorient,Strasbourg,2,3,A,14,11,6,5,2.5708,1.9887,understat,,9,7,9,16,1,2,0,0,0.4455,0.2653,0.2892,0.449,0.2601,0.2909,0,2.15,3.6,3.35,2.15,3.75,3.3,0.5294,0.5567,0.1226,-0.4798,0.1186,1,9,0.3333,0.3104,0.147,0,0,0,0.1129,0.0051,,,,,,,,,,,,,,,,,,snitt
spelad,L1,2025/26,2026-04-26,19:45,Marseille,Nice,1,1,D,24,5,6,2,2.8284,1.4149,understat,,7,1,14,7,4,1,0,0,0.6428,0.1992,0.158,0.5519,0.2363,0.2118,0,1.5,5,6.5,1.76,4,4.75,0.6545,0.5733,0.18,0.1948,0.1317,0,15,1,0.3101,-0.1436,0,0,0,0,-0.2357,,,,,,,,,,,,,,,,,,snitt
spelad,L1,2025/26,2026-04-26,16:15,Paris FC,Lille,0,1,A,7,10,2,4,1.1242,1.76,understat,,7,3,12,10,6,3,1,0,0.2447,0.2634,0.4919,0.2029,0.2446,0.5525,0,4,3.6,1.95,4.75,4,1.75,0.508,0.5491,-0.067,-0.3689,-0.0393,-1,,,,,0,0,0,0,-0.1442,,,,,,,,,,,,,,,,,,snitt
spelad,L1,2025/26,2026-04-26,16:15,Rennes,Nantes,2,1,H,14,24,5,8,1.556,2.5169,understat,,6,8,15,15,3,2,0,0,0.6656,0.2017,0.1327,0.6471,0.2085,0.1444,0,1.44,4.8,7.5,1.48,4.6,7,0.5833,0.5781,1.0649,-1.0746,0.9564,3,15,1.2,0.2933,-0.0788,0,0,0.0578,0.0718,-0.0485,,,,,,,,,,,,,,,,,,snitt
spelad,L1,2025/26,2026-05-02,18:00,Metz,Monaco,1,2,A,13,15,1,3,1.1478,1.5888,understat,,5,9,10,15,0,2,0,0,0.1433,0.1846,0.6721,0.1313,0.1655,0.7031,0,7.1,5.5,1.44,7.5,6,1.4,0.6829,0.7371,-1.188,0.7539,-0.8724,-1,8,-2.25,-0.3387,-0.2207,0,0,0.0485,0,-0.0549,,,,,,,,,,,,,,,,,,snitt
spelad,L1,2025/26,2026-05-02,14:00,Nantes,Marseille,3,0,H,17,16,6,8,3.0718,1.5516,understat,,7,8,12,11,1,3,0,0,0.2094,0.2359,0.5547,0.2594,0.2451,0.4955,0,4.75,4.1,1.73,3.8,4,2,0.5748,0.599,-0.5313,-0.228,-0.4084,0,15,-0.8,0.0951,-0.0508,0,0,0,0.0553,0.1592,,,,,,,,,,,,,,,,,,snitt
spelad,L1,2025/26,2026-05-02,20:05,Nice,Lens,1,1,D,9,16,2,4,1.3386,1.5524,understat,,7,8,11,10,2,3,0,1,0.2266,0.2352,0.5383,0.2061,0.2255,0.5684,0,4.33,4.2,1.8,4.8,4.33,1.71,0.6015,0.6142,0.2046,-0.2188,0.2018,-2,11,1.3636,0.8678,-0.0987,0,0,0,0.0432,-0.071,,,,,,,,,,,,,,,,,,snitt
spelad,L1,2025/26,2026-05-02,16:00,Paris SG,Lorient,2,2,D,24,5,6,3,2.9841,1.2774,understat,,12,2,9,7,1,1,0,0,0.7259,0.1652,0.1089,0.7061,0.1717,0.1223,0,1.32,5.75,9.5,1.36,6,8.5,0.6729,0.6667,-0.0427,0.4463,-0.2217,1,9,0.6667,-0.7364,0.1808,0,0,0.1872,0.0739,-0.0532,,,,,,,,,,,,,,,,,,snitt
spelad,L1,2025/26,2026-05-03,16:15,Auxerre,Angers,3,1,H,19,9,10,3,2.5499,2.1678,understat,,4,6,12,2,2,4,0,1,0.5559,0.2631,0.181,0.5459,0.2572,0.1968,0,1.73,3.7,5.6,1.8,3.8,5.1,0.4304,0.472,-0.0425,-0.6237,0.0243,0,5,-0.6,-0.3994,0.1089,0,0,0,0,-0.0359,,,,,,,,,,,,,,,,,,snitt
spelad,L1,2025/26,2026-05-03,14:00,Lille,Le Havre,1,1,D,22,2,10,2,1.9163,0.3343,understat,,14,5,9,15,2,3,0,0,0.6716,0.2084,0.12,0.6923,0.198,0.1097,0,1.44,4.75,8.5,1.4,4.8,9.5,0.5121,0.5187,1.2462,-0.549,1.387,0,5,1.8,0.3666,-0.2327,0,0,0,0,0.0516,,,,,,,,,,,,,,,,,,snitt
spelad,L1,2025/26,2026-05-03,19:45,Lyon,Rennes,4,2,H,16,8,9,5,2.6657,1.065,understat,,7,5,10,14,0,3,0,0,0.4303,0.2589,0.3108,0.4558,0.2485,0.2957,0,2.2,3.7,3.1,2.1,3.8,3.25,0.5646,0.6158,-0.5588,0.3071,-0.5406,1,14,-0.6429,-0.4431,-0.1858,0,0,0.0351,0.0523,0.0662,,,,,,,,,,,,,,,,,,snitt
spelad,L1,2025/26,2026-05-03,16:15,Paris FC,Brest,4,0,H,17,10,8,1,2.8609,0.7331,understat,,7,3,10,8,2,1,0,0,0.4643,0.2713,0.2644,0.5092,0.2499,0.2409,0,2.05,3.5,3.8,1.9,3.8,4.2,0.4933,0.5594,-0.0775,0.2371,0.487,-2,,,,,0,0,0,0,0.1134,,,,,,,,,,,,,,,,,,snitt
spelad,L1,2025/26,2026-05-03,16:15,Strasbourg,Toulouse,1,2,A,9,16,4,6,0.4053,1.6767,understat,,8,3,7,15,1,3,0,0,0.3645,0.2681,0.3674,0.3151,0.2689,0.416,0,2.66,3.6,2.6,3,3.6,2.3,0.5241,0.5333,0.6136,-0.5427,0.5778,-1,11,1.0909,0.5057,-0.0103,0,0,0.1078,0,-0.1473,,,,,,,,,,,,,,,,,,snitt
spelad,L1,2025/26,2026-05-08,19:45,Lens,Nantes,1,0,H,14,15,5,3,0.7191,1.0672,understat,,8,3,15,15,2,1,0,0,0.6536,0.1951,0.1512,0.663,0.195,0.1421,0,1.48,5,6.75,1.48,5,6.5,0.6404,0.6275,0.1286,0.2905,-0.1568,0,11,0.8182,-0.0404,0.0985,0,0,0,0,0.0278,-0.0327,,,,,,,,,,,,,,,,,betfair
spelad,L1,2025/26,2026-05-10,20:00,Angers,Strasbourg,1,1,D,11,15,4,6,0.7937,1.8195,understat,,0,2,16,13,2,2,0,0,0.329,0.2813,0.3896,0.3443,0.2774,0.3783,0,3,3.4,2.5,2.7,3.5,2.6,0.4906,0.5346,-0.5219,0.687,-0.1718,0,12,-0.25,0.1065,-0.0343,0,0,0,0.0686,0.042,0.0242,,,,,,,,,,,,,,,,,betfair
spelad,L1,2025/26,2026-05-10,20:00,Auxerre,Nice,2,1,H,12,10,4,6,0.8662,2.0701,understat,,10,1,15,9,1,0,0,0,0.3952,0.2776,0.3272,0.3974,0.2922,0.3104,0,2.45,3.5,3,2.4,3.4,3.14,0.4987,0.484,0.1391,-0.6757,0.2535,-1,5,0,0.269,0.341,0,0,0,0,0.0212,0.0102,,,,,,,,,,,,,,,,,betfair
spelad,L1,2025/26,2026-05-10,20:00,Le Havre,Marseille,0,1,A,10,8,2,3,1.2331,1.0347,understat,,3,0,20,22,4,2,0,0,0.2724,0.2524,0.4752,0.2428,0.252,0.5052,0,3.6,3.8,2,3.8,3.9,1.95,0.5759,0.5954,0.1334,-1.0669,0.1709,-1,5,-3,-0.6215,-0.205,0,0,0,0.0532,-0.0892,0.043,,,,,,,,,,,,,,,,,betfair
spelad,L1,2025/26,2026-05-10,20:00,Metz,Lorient,0,4,A,8,14,2,7,0.7303,1.7675,understat,,7,4,8,8,2,2,0,0,0.3031,0.26,0.4369,0.3195,0.2713,0.4092,0,3.2,3.75,2.2,2.92,3.75,2.37,0.5556,0.577,-0.5085,0.5027,-0.5601,0,7,0,0.2755,-0.1339,0,0,0,0.0707,0.0603,0.0145,,,,,,,,,,,,,,,,,betfair
spelad,L1,2025/26,2026-05-10,20:00,Monaco,Lille,0,1,A,7,7,3,2,0.3089,0.4004,understat,,5,2,13,10,1,3,0,0,0.4078,0.2541,0.3381,0.3659,0.2654,0.3686,0,2.38,3.8,2.83,2.63,3.7,2.6,0.5833,0.5781,0.1289,0.1987,-0.14,1,14,-0.2143,-0.2631,0.0861,0,0,0,0,-0.1143,0.0065,,,,,,,,,,,,,,,,,betfair
spelad,L1,2025/26,2026-05-10,20:00,Paris SG,Brest,1,0,H,23,3,6,2,1.608,0.1233,understat,,13,2,5,12,0,0,0,0,0.8047,0.1258,0.0695,0.8092,0.1244,0.0664,0,1.19,8,16,1.23,7.5,15,0.7067,0.7418,-0.5807,0.9797,-0.2062,1,12,2.75,0.4438,-0.0711,0,0,0.0418,0.0509,0.0121,-0.0554,,,,,,,,,,,,,,,,,betfair
spelad,L1,2025/26,2026-05-10,20:00,Rennes,Paris FC,2,1,H,14,11,5,1,1.5314,1.5935,understat,,8,2,13,11,0,2,0,0,0.6261,0.2064,0.1675,0.6228,0.1993,0.1779,0,1.53,4.75,5.75,1.57,4.8,5.33,0.6318,0.6729,0.2552,-0.0717,-0.4526,0,,,,,0,0,0,0,-0.0171,-0.0308,,,,,,,,,,,,,,,,,betfair
spelad,L1,2025/26,2026-05-10,20:00,Toulouse,Lyon,2,1,H,14,18,6,3,1.8711,1.5695,understat,,7,8,20,9,6,2,1,0,0.2174,0.2467,0.5359,0.2267,0.2591,0.5142,0,4.5,4,1.8,4.1,3.9,1.91,0.5308,0.5579,-0.5371,1.0599,-0.1757,0,11,-1.6364,-0.3351,0.0408,0,0,0,0,0.0404,0.0333,,,,,,,,,,,,,,,,,betfair
spelad,L1,2025/26,2026-05-13,18:00,Brest,Strasbourg,1,2,A,21,10,6,5,2.6465,1.6916,understat,,5,4,10,11,0,1,0,0,0.3472,0.2682,0.3846,0.288,0.2685,0.4435,0,2.8,3.6,2.5,3.75,3.7,2.15,0.5387,0.5556,-0.0839,-0.253,-0.413,0,12,0.5,0.3554,0.0533,0,0,0.0507,0,-0.1775,-0.0024,,,,,,,,,,,,,,,,,betfair
spelad,L1,2025/26,2026-05-13,20:00,Lens,Paris SG,0,2,A,25,10,10,3,3.039,0.9439,understat,,6,3,9,3,0,1,0,0,0.2828,0.2387,0.4786,0.2887,0.2371,0.4742,0,3.5,4,2.05,3.25,4.2,2.05,0.6395,0.6881,0.2915,-0.2729,0.0507,2,11,-1.3636,-0.0347,-0.0379,0,0,0,0.0399,0.0161,0.0368,,,,,,,,,,,,,,,,,betfair
spelad,L1,2025/26,2026-05-17,20:00,Brest,Angers,1,1,D,18,8,5,2,2.3872,1.0642,understat,,6,3,9,8,1,1,0,0,0.5203,0.2559,0.2239,0.4826,0.2773,0.2401,0,1.85,3.8,4.35,2,3.5,4,0.5201,0.484,-0.0237,-0.1588,-0.2372,-3,11,0.2727,0.1673,-0.1136,0,0,0.0758,0.1265,-0.0916,-0.0055,,,,,,,,,,,,,,,,,betfair
spelad,L1,2025/26,2026-05-17,20:00,Lille,Auxerre,0,2,A,12,7,3,4,1.2245,0.6158,understat,,4,2,9,16,3,2,0,0,0.6859,0.1956,0.1185,0.6802,0.1986,0.1211,0,1.4,5,8.5,1.48,4.8,7.5,0.5556,0.5529,0.352,0.2353,0.6641,0,5,1.8,0.1893,0.1598,0,0,0.0406,0.0407,-0.0139,-0.0498,,,,,,,,,,,,,,,,,betfair
spelad,L1,2025/26,2026-05-17,20:00,Lorient,Le Havre,0,2,A,12,7,2,4,1.2694,1.2877,understat,,5,1,11,11,2,1,0,0,0.365,0.2714,0.3636,0.4142,0.28,0.3058,0,2.7,3.6,2.63,2.38,3.6,3,0.508,0.5187,0.4688,-0.3936,0.7747,0,3,-1,-0.5141,0.3586,0,0,0.0644,0,0.156,-0.0278,,,,,,,,,,,,,,,,,betfair
spelad,L1,2025/26,2026-05-17,20:00,Lyon,Lens,0,4,A,16,14,4,4,1.1236,2.0157,understat,,20,8,10,11,1,4,0,0,0.5384,0.2311,0.2305,0.6232,0.1955,0.1813,0,1.8,4.25,4.45,1.57,4.8,5.5,0.6041,0.637,0.738,-1.4491,0.683,3,11,0,-0.1698,0.0248,0,0,0.0319,0.0837,0.2189,-0.0194,,,,,,,,,,,,,,,,,betfair
spelad,L1,2025/26,2026-05-17,20:00,Marseille,Rennes,3,1,H,27,27,11,6,3.9015,2.207,understat,,4,11,11,10,3,1,0,0,0.468,0.2524,0.2797,0.5262,0.2313,0.2426,0,2.05,3.8,3.55,1.91,4.33,4,0.6051,0.7058,-0.9354,1.241,-0.7419,0,15,0.6,0.1199,-0.007,0,0,0.0659,0,0.1535,-0.0453,,,,,,,,,,,,,,,,,betfair
spelad,L1,2025/26,2026-05-17,20:00,Nantes,Toulouse,0,0,D,2,2,1,1,0.084,0.319,understat,,2,2,3,5,0,0,0,0,0.3695,0.2653,0.3652,0.3258,0.2799,0.3943,0,2.6,3.66,2.6,3,3.5,2.5,0.5413,0.5239,-0.8957,0.191,-0.6739,2,10,0.6,0.2987,0.1149,0,0,0.0407,0.1695,-0.1166,0.0321,,,,,,,,,,,,,,,,,betfair
spelad,L1,2025/26,2026-05-17,20:00,Nice,Metz,0,0,D,22,16,4,4,1.216,0.8368,understat,,10,4,11,15,2,1,0,0,0.6963,0.1833,0.1204,0.7634,0.1504,0.0863,0,1.37,5.33,8.5,1.29,6.5,10.5,0.6051,0.6404,0.4757,-0.7582,0.2864,0,8,0.375,-0.2474,-0.1325,0,0,0,0,0.1682,-0.0622,,,,,,,,,,,,,,,,,betfair
spelad,L1,2025/26,2026-05-17,20:00,Paris FC,Paris SG,2,1,H,17,9,9,2,2.3286,0.8639,understat,,3,3,8,9,2,1,0,0,0.1811,0.2054,0.6135,0.1553,0.1949,0.6497,0,5.75,4.7,1.58,6,5,1.5,0.6745,0.6904,0.0105,-0.3316,0.4908,3,,,,,0,0,0.1028,0.1442,-0.0877,0.0318,,,,,,,,,,,,,,,,,betfair
spelad,L1,2025/26,2026-05-17,20:00,Strasbourg,Monaco,5,4,H,15,21,7,8,2.1154,1.4473,understat,,4,6,7,11,1,2,0,0,0.325,0.2427,0.4323,0.2835,0.2205,0.4961,0,2.9,4,2.2,3.33,4.33,2,0.6562,0.7112,0.0928,-0.249,0.3354,-3,15,-0.4,0.2017,-0.0552,0,0,0.222,0.0309,-0.1468,0.0305,,,,,,,,,,,,,,,,,betfair
spelad,L1,2026/27,2026-08-21,19:45,Marseille,Strasbourg,4,0,H,14,5,8,2,2.3522,0.193,understat,,3,4,6,12,1,2,0,1,0.5475,0.2325,0.22,0.5534,0.2358,0.2108,0,1.75,4.2,4.33,1.75,4.2,4.4,0.6196,0.6196,-1.09,1.251,-1.2227,,15,1,-0.0148,0.2712,0,0,0,0,0.0211,-0.0291,,,,,,,,,,,,,,,,,betfair
spelad,L1,2026/27,2026-08-22,19:45,Le Mans,Brest,2,2,D,8,26,5,7,0.7682,2.6274,understat,,1,10,14,12,1,1,0,0,0.374,0.2769,0.349,0.3753,0.2852,0.3395,0,2.58,3.5,2.75,2.58,3.4,2.8,0.508,0.492,,,,,,,,,1,0,0,0,0.0119,0.0005,,,,,,,,,,,,,,,,,betfair
spelad,L1,2026/27,2026-08-22,16:15,Lens,Auxerre,5,2,H,12,10,9,4,5.1177,1.706,understat,,4,7,6,21,1,1,0,1,0.6042,0.2214,0.1744,0.6652,0.2109,0.1239,0,1.58,4.5,6,1.5,4.8,7.5,0.5755,0.5681,-0.8348,1.5823,-0.6418,,6,1.5,0.2238,-0.0661,0,0,0,0,0.1725,-0.0315,,,,,,,,,,,,,,,,,betfair
spelad,L1,2026/27,2026-08-22,19:45,Nice,Lorient,0,0,D,14,10,1,2,1.0888,1.98,understat,,9,3,15,8,1,0,0,0,0.4464,0.2686,0.285,0.3975,0.2967,0.3058,0,2.15,3.6,3.4,2.4,3.3,3.2,0.5187,0.4536,-0.2047,0.3721,-0.423,,10,0.3,-0.2498,0.2302,0,0,0,0,-0.1186,0.0155,,,,,,,,,,,,,,,,,betfair
spelad,L1,2026/27,2026-08-22,19:45,Toulouse,Lyon,0,2,A,17,11,2,3,2.1562,0.7578,understat,,6,5,15,15,1,2,0,0,0.3368,0.2762,0.3869,0.4222,0.2847,0.2931,0,2.98,3.6,2.5,2.3,3.5,3.2,0.528,0.5107,-0.3008,0.5283,0.3145,,12,-1.25,-0.1355,0.0158,0,0,0,0,0.2647,-0.0183,,,,,,,,,,,,,,,,,betfair
spelad,L1,2026/27,2026-08-22,19:45,Troyes,Paris FC,0,0,D,9,10,2,1,0.3397,1.5465,understat,,6,2,8,14,2,1,0,0,0.3165,0.2708,0.4127,0.276,0.2723,0.4517,0,3.1,3.6,2.32,3.5,3.6,2.15,0.5556,0.5399,-0.2457,-0.5024,-0.9749,,,,,,1,0,0,0,-0.1199,0.0241,,,,,,,,,,,,,,,,,betfair
spelad,L1,2026/27,2026-08-23,14:00,Angers,Lille,0,2,A,20,11,2,8,1.8576,1.2146,understat,,8,3,11,13,2,2,0,0,0.1919,0.2538,0.5542,0.1919,0.2627,0.5454,0,5.1,3.8,1.73,5,3.6,1.81,0.4813,0.4589,-0.5391,0.203,-0.6871,,14,-1.2857,0.0091,-0.0956,0,0,0,0,0.0088,0.0297,,,,,,,,,,,,,,,,,betfair
spelad,L1,2026/27,2026-08-23,16:15,Le Havre,Monaco,0,1,A,15,15,4,7,0.6623,1.6556,understat,,7,4,13,12,3,2,0,0,0.2564,0.2444,0.4992,0.231,0.2722,0.4968,0,3.75,4,1.97,4.2,3.6,2,0.5959,0.5027,-0.2178,-0.533,0.1725,,6,-1,0.0074,0.4599,0,0,0,0,-0.0484,0.0284,,,,,,,,,,,,,,,,,betfair
spelad,L1,2026/27,2026-08-23,19:45,Rennes,Paris SG,2,2,D,9,19,3,5,0.87,2.17,football-data,,0,10,7,6,2,2,0,0,0.1719,0.2046,0.6235,0.1463,0.199,0.6547,0,6,4.75,1.54,6.5,5,1.5,0.6627,0.6635,0.5001,-0.0868,0.4968,,15,-0.6,0.5065,-0.0617,0,0,,,-0.0823,0.0305,,,,,,,,,,,,,,,,,betfair
spelad,L1,2026/27,2026-08-28,19:45,Lille,Paris SG,2,2,D,9,18,4,4,1.1627,1.7814,understat,,0,5,11,7,2,1,0,0,0.1964,0.2447,0.5589,0.1958,0.2496,0.5546,0,5,4,1.73,4.85,4,1.75,0.5399,0.5681,0.4605,-0.2502,0.8074,0,16,-1.6875,-0.1509,-0.0256,0,0,0,0,0.003,0.0411,,,,,,,,,,,,,,,,,betfair
spelad,L1,2026/27,2026-08-29,19:45,Auxerre,Angers,1,3,A,20,15,7,6,1.7651,1.7777,understat,,7,10,16,6,3,2,0,0,0.4869,0.2708,0.2422,0.4334,0.2995,0.2671,0,1.98,3.5,4.1,2.2,3.4,3.5,0.4733,0.4562,1.04,-1.3126,0.7166,1,6,0,-0.1486,0.0479,0,0,0,0,-0.1319,-0.0061,,,,,,,,,,,,,,,,,betfair
spelad,L1,2026/27,2026-08-29,19:45,Brest,Toulouse,2,2,D,26,6,7,2,3.6482,1.3088,understat,,7,2,19,18,2,3,0,0,0.358,0.2825,0.3594,0.3839,0.2913,0.3248,0,2.68,3.4,2.68,2.5,3.45,2.92,0.4813,0.4947,-0.302,-0.2507,-0.4999,0,10,0.9,0.4763,0.0188,0,0,0,0,0.0864,0.0028,,,,,,,,,,,,,,,,,betfair
spelad,L1,2026/27,2026-08-29,19:45,Lorient,Troyes,1,2,A,15,11,6,2,1.0216,1.6815,understat,,2,5,9,11,0,0,0,0,0.5084,0.2673,0.2243,0.4931,0.2806,0.2264,0,1.9,3.6,4.5,1.95,3.4,4.3,0.4693,0.4331,-0.2978,0.7129,0.0719,0,4,0,-0.2283,0.2246,-1,0,0,0,-0.0327,-0.0139,,,,,,,,,,,,,,,,,betfair
spelad,L1,2026/27,2026-08-29,19:45,Lyon,Le Havre,1,1,D,16,12,5,4,2.3093,1.104,understat,,5,5,7,16,0,2,0,0,0.6461,0.2115,0.1424,0.6822,0.1992,0.1186,0,1.5,4.7,7.75,1.44,5,7.5,0.5503,0.5643,0.854,-0.1925,0.5488,1,6,1,-0.0598,0.0888,0,0,0,0,0.096,-0.0393,,,,,,,,,,,,,,,,,betfair
spelad,L1,2026/27,2026-08-29,16:15,Strasbourg,Lens,2,1,H,16,17,7,7,1.8592,2.9502,understat,,3,6,10,11,2,2,0,0,0.2765,0.264,0.4595,0.2377,0.2528,0.5095,0,3.55,3.7,2.1,3.9,3.9,1.88,0.577,0.6071,0.6064,-0.6781,0.3535,1,12,-0.25,0.0971,-0.0229,0,0,0,0,-0.1275,0.0286,,,,,,,,,,,,,,,,,betfair
spelad,L1,2026/27,2026-08-30,19:45,Monaco,Marseille,2,0,H,11,13,5,2,1.6096,1.2531,understat,,5,7,9,10,4,0,0,0,0.3935,0.2545,0.3521,0.4298,0.277,0.2933,0,2.5,3.8,2.75,2.25,3.8,3.2,0.6061,0.5515,0.4046,-0.6449,-0.2185,-2,15,-0.4,-0.2288,-0.063,0,0,0,0,0.1314,-0.0099,,,,,,,,,,,,,,,,,betfair
spelad,L1,2026/27,2026-08-30,14:00,Paris FC,Nice,3,0,H,15,15,4,4,3.0188,0.5896,understat,,2,4,7,7,0,1,0,0,0.4527,0.2848,0.2625,0.4834,0.2818,0.2348,0,2.18,3.4,3.8,1.98,3.5,4.3,0.4574,0.4747,0.2892,-0.1692,1.1134,0,,,,,0,0,0,0,0.0891,-0.0001,,,,,,,,,,,,,,,,,betfair
spelad,L1,2026/27,2026-08-30,16:15,Rennes,Le Mans,3,2,H,22,12,8,5,3.6405,2.7239,understat,,8,6,15,15,3,2,0,1,0.6587,0.2003,0.1411,0.7092,0.1805,0.1103,0,1.47,5,7,1.39,5.5,9,0.6061,0.6294,,,,-1,,,,,-1,0,0,0,0.1318,-0.0316,,,,,,,,,,,,,,,,,betfair
spelad,L1,2026/27,2026-09-03,19:45,Toulouse,Lille,0,1,A,24,10,10,6,2.9702,1.0441,understat,,6,2,16,9,1,0,0,0,0.2775,0.2826,0.4399,0.2482,0.2836,0.4682,0,3.5,3.4,2.2,3.9,3.5,2.05,0.464,0.5,-0.5458,0.7656,-0.1358,-1,12,-1,-0.0206,-0.0938,0,0,0,0,-0.0871,0.0111,,,,,,,,,,,,,,,,,betfair
spelad,L1,2026/27,2026-09-04,18:00,Lyon,Auxerre,3,1,H,21,8,7,3,2.8819,0.9079,understat,,9,5,11,8,2,2,0,0,0.664,0.2036,0.1324,0.6849,0.191,0.1241,0,1.46,4.8,8.3,1.46,5.25,7.5,0.5829,0.6488,0.0833,0.4686,0.1322,0,6,1,-0.1548,0.1067,0,0,0,0,0.0502,-0.0282,,,,,,,,,,,,,,,,,betfair
spelad,L1,2026/27,2026-09-04,20:05,Paris SG,Monaco,1,2,A,23,4,10,2,2.5236,0.6015,understat,,6,0,9,11,1,1,0,0,0.7043,0.1688,0.1269,0.7211,0.1658,0.1131,0,1.4,5.75,8,1.34,6,9,0.6966,0.7016,0.1031,-0.5081,0.076,2,16,0.1875,-0.5893,-0.0045,0,0,0,0,0.0473,-0.0131,,,,,,,,,,,,,,,,,betfair
spelad,L1,2026/27,2026-09-05,19:45,Le Havre,Brest,1,2,A,18,19,4,9,1.6108,3.0118,understat,,5,5,15,18,1,1,1,0,0.3622,0.2904,0.3474,0.3256,0.301,0.3734,0,2.7,3.4,2.75,2.9,3.3,2.64,0.4574,0.4565,0.5294,-0.9784,0.3989,0,6,-2,-0.5411,-0.2889,0,0,0,0,-0.099,0.0081,,,,,,,,,,,,,,,,,betfair
spelad,L1,2026/27,2026-09-05,16:15,Lens,Lorient,0,1,A,17,8,6,3,1.1005,1.034,understat,,8,0,18,6,4,1,1,0,0.6434,0.2092,0.1474,0.6318,0.217,0.1512,0,1.5,4.75,7,1.54,4.5,6.25,0.5792,0.5807,-0.072,1.0862,0.1937,0,10,1.2,0.185,-0.0556,0,0,0,0.0332,-0.0272,-0.0278,,,,,,,,,,,,,,,,,betfair
spelad,L1,2026/27,2026-09-05,19:45,Nice,Le Mans,1,1,D,8,8,2,3,1.2469,1.1785,understat,,5,2,4,11,2,2,0,0,0.5141,0.2592,0.2267,0.5773,0.2422,0.1805,0,1.88,3.75,4.4,1.73,4.1,5.25,0.5094,0.5579,,,,0,,,,,-1,0,0,0,0.1725,-0.0235,,,,,,,,,,,,,,,,,betfair
spelad,L1,2026/27,2026-09-06,16:15,Angers,Rennes,1,2,A,19,17,3,5,1.8672,2.372,understat,,12,6,10,15,1,1,0,0,0.247,0.2497,0.5033,0.2033,0.2372,0.5596,0,4,3.9,1.9,4.5,4.1,1.79,0.5696,0.6127,-1.1007,0.8622,-0.4661,1,12,-1.5,-0.216,-0.0893,0,0,0,0.0629,-0.1437,0.0265,,,,,,,,,,,,,,,,,betfair
spelad,L1,2026/27,2026-09-06,19:45,Marseille,Paris FC,2,3,A,14,18,5,7,1.7232,3.3781,understat,,5,4,10,12,0,2,0,0,0.5336,0.2419,0.2245,0.5024,0.255,0.2426,0,1.8,4,4.33,1.91,3.9,4,0.5822,0.5733,-0.2287,0.9357,-0.9732,0,,,,,0,0,0,0,-0.0806,-0.0013,,,,,,,,,,,,,,,,,betfair
spelad,L1,2026/27,2026-09-06,14:00,Troyes,Strasbourg,2,6,A,27,19,6,12,2.6473,3.5158,understat,,11,0,6,16,1,1,0,0,0.3107,0.2792,0.4102,0.3374,0.2814,0.3812,0,3.2,3.5,2.35,2.94,3.5,2.5,0.504,0.5399,-0.4356,-0.5845,-0.3891,0,4,0.75,0.6235,0.4925,1,0,0,0,0.0824,0.0041,,,,,,,,,,,,,,,,,betfair
spelad,L1,2026/27,2026-09-11,19:45,Rennes,Marseille,1,0,H,20,13,7,5,2.319,1.3066,understat,,3,5,15,13,1,4,0,0,0.4486,0.2461,0.3054,0.4785,0.2488,0.2727,0,2.28,4,3.2,2.08,4,3.5,0.6284,0.6355,1.059,-1.0337,0.8751,0,15,-0.8,-0.2015,-0.075,0,0,0.0553,0,0.0926,-0.0077,,,,,,,,,,,,,,,,,betfair
spelad,L1,2026/27,2026-09-12,19:45,Auxerre,Nice,1,0,H,11,12,7,4,1.6975,0.6018,understat,,3,8,9,7,1,1,0,0,0.3701,0.2831,0.3468,0.3216,0.289,0.3894,0,2.63,3.4,2.78,2.9,3.4,2.62,0.4906,0.4947,0.8411,-0.846,0.7824,1,6,0.5,0.4768,0.2355,0,0,0,0,-0.1395,0.0193,,,,,,,,,,,,,,,,,betfair
spelad,L1,2026/27,2026-09-12,19:45,Le Havre,Angers,0,0,D,15,9,6,1,1.0262,0.4814,understat,,4,6,15,13,1,1,0,0,0.3807,0.2918,0.3275,0.3639,0.2849,0.3511,0,2.55,3.4,3.05,2.6,3.5,2.76,0.4601,0.5241,0.0384,-0.4284,-0.0648,1,4,0,-0.1051,0.1951,0,0,0,0,-0.0572,0.0033,,,,,,,,,,,,,,,,,betfair
spelad,L1,2026/27,2026-09-12,19:45,Lorient,Toulouse,2,2,D,10,13,3,4,0.6893,1.3359,understat,,4,3,8,18,1,0,0,0,0.3662,0.2841,0.3498,0.4029,0.2896,0.3075,0,2.68,3.4,2.75,2.45,3.5,3.1,0.492,0.5173,0.451,-0.7475,0.2084,-2,6,-1.5,-0.6362,0.2199,0,0,0,0,0.1158,-0.0068,,,,,,,,,,,,,,,,,betfair
spelad,L1,2026/27,2026-09-12,19:45,Paris FC,Lyon,0,0,D,6,5,4,1,0.5766,0.4028,understat,,4,3,19,13,2,1,0,0,0.3581,0.2621,0.3798,0.3783,0.27,0.3517,0,3.25,3.75,2.6,2.58,3.7,2.7,0.5707,0.5792,-0.496,0.1664,0.4604,-2,,,,,0,0,0,0,0.0686,-0.0023,,,,,,,,,,,,,,,,,betfair
spelad,L1,2026/27,2026-09-12,16:15,Strasbourg,Monaco,1,1,D,13,12,2,3,0.6748,0.7666,understat,,2,7,9,10,1,1,0,0,0.3114,0.2526,0.436,0.3049,0.2643,0.4308,0,3.1,4,2.2,3.1,3.75,2.25,0.6061,0.599,0.466,-0.3745,0.6764,-2,16,-0.1875,0.3096,-0.0655,0,0,0,0,-0.0079,0.0189,,,,,,,,,,,,,,,,,betfair
spelad,L1,2026/27,2026-09-13,19:45,Brest,Paris SG,0,1,A,16,15,4,7,1.2424,1.3341,understat,,3,2,13,7,1,2,0,0,0.0947,0.1587,0.7466,0.0712,0.1312,0.7976,0,12.5,6.5,1.29,12,7.5,1.26,0.6714,0.7328,-0.2793,0.6038,0.4316,-1,13,-2.7692,-0.3689,-0.0752,0,0,0,0,-0.0981,0.0576,,,,,,,,,,,,,,,,,betfair
spelad,L1,2026/27,2026-09-13,16:15,Le Mans,Lens,2,2,D,13,16,5,6,2.1556,1.8755,understat,,3,9,17,11,2,3,0,0,0.1963,0.2329,0.5708,0.1866,0.2248,0.5887,0,5.1,4.2,1.67,5.2,4.5,1.65,0.5722,0.6455,,,,0,,,,,1,0,0,0,-0.0372,0.0239,,,,,,,,,,,,,,,,,betfair
spelad,L1,2026/27,2026-09-13,14:00,Lille,Troyes,2,0,H,13,8,6,1,2.0521,0.3527,understat,,2,5,11,20,1,0,0,0,0.6733,0.1995,0.1272,0.6505,0.2073,0.1422,0,1.42,5,7.9,1.5,4.8,6.5,0.562,0.6142,0.3436,-0.1048,0.0562,3,4,0.75,-0.3527,0.0354,-1,0,0,0,-0.0606,-0.0413,,,,,,,,,,,,,,,,,betfair
spelad,L1,2026/27,2026-09-18,19:45,Monaco,Lens,2,1,H,9,12,6,4,1.536,1.4614,understat,,2,8,13,11,1,1,0,0,0.4696,0.2544,0.276,0.5204,0.2485,0.2311,0,2.05,3.75,3.6,1.83,4.2,4.3,0.5891,0.6309,0.8924,-0.9685,0.5539,1,12,-0.75,-0.5872,0.0012,0,0,0.1157,0.0336,0.1464,-0.0066,,,,,,,,,,,,,,,,,betfair
spelad,L1,2026/27,2026-09-19,19:45,Angers,Troyes,2,0,H,12,19,3,3,2.3881,1.1639,understat,,2,11,14,15,3,2,0,0,0.4282,0.2833,0.2885,0.4571,0.2807,0.2622,0,2.25,3.4,3.4,2.1,3.6,3.8,0.4733,0.5399,-0.3549,0.131,-0.2055,1,4,0.75,0.2243,-0.0311,-1,0,0,0.0513,0.0841,0.0047,,,,,,,,,,,,,,,,,betfair
spelad,L1,2026/27,2026-09-19,19:45,Le Mans,Lorient,2,1,H,11,9,7,2,0.9592,1.0732,understat,,1,3,15,15,3,3,0,0,0.3559,0.2771,0.367,0.3212,0.3017,0.3771,0,2.7,3.5,2.66,2.9,3.3,2.6,0.5294,0.4667,,,,-1,,,,,1,0,0.0401,0.0616,-0.0795,0.0146,,,,,,,,,,,,,,,,,betfair
spelad,L1,2026/27,2026-09-19,19:45,Lyon,Rennes,4,0,H,15,13,9,4,3.605,1.1578,understat,,3,8,13,14,4,2,0,0,0.4468,0.251,0.3022,0.4489,0.2622,0.2889,0,2.15,3.8,3.2,2.15,3.9,3.25,0.6162,0.6127,-0.6478,0.6848,-0.4481,-1,15,-0.4,-0.3212,-0.19,0,0,0,0.0344,0.0176,-0.0056,,,,,,,,,,,,,,,,,betfair
spelad,L1,2026/27,2026-09-19,16:15,Paris FC,Strasbourg,2,1,H,17,5,7,1,0.9072,0.2302,understat,,3,0,17,12,3,2,0,0,0.4688,0.2555,0.2758,0.5319,0.2518,0.2162,0,2.05,3.75,3.6,1.83,4,4.33,0.5807,0.6026,-0.8112,0.8112,-0.0047,0,,,,,0,0,0,0.0326,0.1858,-0.027,,,,,,,,,,,,,,,,,betfair
spelad,L1,2026/27,2026-09-19,19:45,Toulouse,Le Havre,3,2,H,14,18,5,7,2.8299,2.1552,understat,,6,7,17,15,3,1,0,0,0.5483,0.2487,0.203,0.5767,0.2362,0.1872,0,1.8,3.9,5,1.69,4.2,5,0.5241,0.5807,-0.276,0.988,0.2538,0,6,-0.5,-0.5037,-0.122,0,0,0.0928,0.1028,0.0725,-0.0196,,,,,,,,,,,,,,,,,betfair
spelad,L1,2026/27,2026-09-20,14:00,Auxerre,Brest,2,1,H,11,8,4,2,0.7696,0.3041,understat,,8,3,19,13,1,1,0,0,0.3356,0.2676,0.3968,0.3171,0.2736,0.4093,0,2.96,3.6,2.45,3,3.7,2.35,0.5321,0.5707,1.4011,-1.8983,0.7428,1,6,0,0.1756,0.0418,0,0,0.0756,0.1375,-0.0497,0.0168,,,,,,,,,,,,,,,,,betfair
spelad,L1,2026/27,2026-09-20,19:45,Marseille,Paris SG,1,2,A,12,31,4,10,1.8658,4.6728,understat,,3,7,9,3,2,1,1,0,0.1395,0.181,0.6795,0.1278,0.1846,0.6876,0,7.8,5.5,1.43,7,5.5,1.44,0.6888,0.6895,0.0209,-0.1299,0.3116,2,15,-2,-0.2338,-0.1351,0,0,0,0.051,-0.0315,0.048,,,,,,,,,,,,,,,,,betfair
spelad,L1,2026/27,2026-09-20,16:15,Nice,Lille,2,1,H,10,21,4,8,1.9323,1.9332,understat,,3,7,16,9,3,1,0,0,0.2692,0.2716,0.4592,0.2761,0.2761,0.4478,0,3.7,3.6,2.08,3.3,3.6,2.25,0.5013,0.5503,-1.0594,0.5223,-1.1145,1,15,0.2,0.2996,0.1335,0,0,0.0813,0.0826,0.0253,0.0635,,,,,,,,,,,,,,,,,betfair
kommande,L1,2026/27,2026-10-09,2026-10-09T18:45:00Z,Lens,Lyon,,,,,,,,,,,,,,,,,,,,,,,,,,,,,,,,,,,-0.623,0.549,-0.3734,1,12,0.25,0.3213,0.0065,,,,,,,2026-09-28T19:15:08.828Z,0.4357,0.2547,0.3096,2026-10-05T17:54:01.713Z,0.3979,0.2552,0.3469,2.48,3.9,2.92,2026-10-04T09:27:34.347Z,5,1,0.2533,0.0079,
kommande,L1,2026/27,2026-10-10,2026-10-10T18:45:00Z,Brest,Angers,,,,,,,,,,,,,,,,,,,,,,,,,,,,,,,,,,,-0.8491,1.217,-0.4079,-1,12,0.25,0.0929,-0.0439,,,,,,,2026-09-28T19:15:08.828Z,0.4995,0.2534,0.2471,2026-10-05T17:54:01.713Z,0.4877,0.2555,0.2568,2.04,3.85,3.95,2026-10-04T09:27:34.347Z,4,0,0.1716,0,
kommande,L1,2026/27,2026-10-10,2026-10-10T15:15:00Z,Lille,Le Havre,,,,,,,,,,,,,,,,,,,,,,,,,,,,,,,,,,,0.5326,0.1112,0.1987,-1,6,1.5,0.0931,-0.0603,,,,,,,2026-09-28T19:15:08.828Z,0.6526,0.209,0.1384,2026-10-05T17:54:01.713Z,0.6543,0.2056,0.14,1.49,5,7.5,2026-10-04T09:27:34.347Z,3,3,0.1182,0.0657,
kommande,L1,2026/27,2026-10-10,2026-10-10T18:45:00Z,Lorient,Paris FC,,,,,,,,,,,,,,,,,,,,,,,,,,,,,,,,,,,-0.2103,-0.3565,-0.9212,0,,,,,,,,,,,2026-09-28T19:15:08.828Z,0.3153,0.2783,0.4063,2026-10-05T17:54:01.713Z,0.3135,0.2804,0.4061,3.18,3.6,2.43,2026-10-04T09:27:34.347Z,4,3,0.0776,0.1968,
kommande,L1,2026/27,2026-10-10,2026-10-10T18:45:00Z,Monaco,Toulouse,,,,,,,,,,,,,,,,,,,,,,,,,,,,,,,,,,,0.9198,-1.1049,0.2994,1,10,1.2,0.1806,-0.044,,,,,,,2026-09-28T19:15:08.828Z,0.5587,0.236,0.2053,2026-10-05T17:54:01.713Z,0.5747,0.2278,0.1974,1.75,4.4,5.25,2026-10-04T09:27:34.347Z,2,1,0.0534,0.0404,
kommande,L1,2026/27,2026-10-10,2026-10-10T18:45:00Z,Paris SG,Le Mans,,,,,,,,,,,,,,,,,,,,,,,,,,,,,,,,,,,-0.0778,0.7437,-0.6904,-1,,,,,,,,,,,2026-09-28T19:43:49.787Z,0.8674,0.0868,0.0458,2026-10-05T17:54:01.713Z,0.8822,0.0782,0.0396,1.1,16.5,34,2026-10-04T09:27:34.347Z,3,3,0.1369,0.1004,
kommande,L1,2026/27,2026-10-11,2026-10-11T13:00:00Z,Nice,Strasbourg,,,,,,,,,,,,,,,,,,,,,,,,,,,,,,,,,,,-0.8752,0.679,-1.1373,-1,15,-0.2,-0.0853,-0.0195,,,,,,,2026-09-28T19:15:08.828Z,0.4259,0.264,0.3101,2026-10-05T17:54:01.713Z,0.4166,0.2636,0.3198,2.42,3.85,3.15,2026-10-04T09:27:34.347Z,4,3,0.14,0.163,
kommande,L1,2026/27,2026-10-11,2026-10-11T15:15:00Z,Rennes,Auxerre,,,,,,,,,,,,,,,,,,,,,,,,,,,,,,,,,,,-0.2485,0.5746,-0.584,1,6,0,-0.4403,0.0735,,,,,,,2026-09-28T19:15:08.828Z,0.6507,0.1979,0.1514,2026-10-05T17:54:01.713Z,0.6605,0.1937,0.1458,1.48,5.14,7.5,2026-10-04T09:27:34.347Z,0,4,0,0.0612,
kommande,L1,2026/27,2026-10-11,2026-10-11T18:45:00Z,Troyes,Marseille,,,,,,,,,,,,,,,,,,,,,,,,,,,,,,,,,,,0.0974,0.346,0.2443,1,4,-2.25,-0.3983,0.0398,,,,,,,2026-09-28T19:15:08.828Z,0.2546,0.246,0.4994,2026-10-05T17:54:01.713Z,0.2476,0.2442,0.5083,4.03,4.2,1.94,2026-10-04T09:27:34.347Z,4,4,0.1651,0.1881,
kommande,L1,2026/27,2026-10-16,2026-10-16T18:45:00Z,Le Mans,Toulouse,,,,,,,,,,,,,,,,,,,,,,,,,,,,,,,,,,,0.3443,-1.0499,0.1166,0,,,,,,,,,,,2026-09-28T19:15:08.828Z,0.307,0.2713,0.4217,2026-10-05T17:54:01.713Z,0.3064,0.2731,0.4205,3.3,3.57,2.34,2026-10-04T09:27:34.347Z,3,1,0.1004,0.0404,
kommande,L1,2026/27,2026-10-17,2026-10-17T18:45:00Z,Lille,Brest,,,,,,,,,,,,,,,,,,,,,,,,,,,,,,,,,,,1.2142,-1.3801,0.3884,0,13,0.2308,-0.4993,0.2126,,,,,,,2026-09-28T19:15:08.828Z,0.5867,0.2282,0.1852,2026-10-05T17:54:01.713Z,0.5863,0.2282,0.1855,1.66,4.37,5.42,2026-10-04T09:27:34.347Z,3,4,0.1182,0.1716,
kommande,L1,2026/27,2026-10-17,2026-10-17T15:15:00Z,Strasbourg,Paris SG,,,,,,,,,,,,,,,,,,,,,,,,,,,,,,,,,,,0.5452,-0.7595,1.014,1,15,-1.6,-0.1063,0.1461,,,,,,,2026-09-28T19:43:49.787Z,0.1598,0.1854,0.6547,2026-10-05T17:54:01.713Z,0.1528,0.1809,0.6663,6.8,5.7,1.46,2026-10-04T09:27:34.347Z,3,3,0.163,0.1369,
kommande,L1,2026/27,2026-10-17,2026-10-17T18:45:00Z,Troyes,Lens,,,,,,,,,,,,,,,,,,,,,,,,,,,,,,,,,,,0.5222,-0.4727,0.2819,-1,4,-2.25,-0.5381,0.0162,,,,,,,2026-09-28T19:15:08.828Z,0.2381,0.2424,0.5196,2026-10-05T17:54:01.713Z,0.2484,0.2401,0.5115,4.3,4.1,1.87,2026-10-04T09:27:34.347Z,4,5,0.1651,0.2533,
kommande,L1,2026/27,2026-10-18,2026-10-18T13:00:00Z,Angers,Marseille,,,,,,,,,,,,,,,,,,,,,,,,,,,,,,,,,,,-0.0181,0.2244,0.3533,1,14,-1.2857,-0.1306,0.1967,,,,,,,2026-09-28T19:15:08.828Z,0.308,0.2592,0.4328,2026-10-05T17:54:01.713Z,0.3092,0.2636,0.4272,3.25,3.76,2.28,2026-10-04T09:27:34.347Z,0,4,0,0.1881,
kommande,L1,2026/27,2026-10-18,2026-10-18T15:15:00Z,Le Havre,Auxerre,,,,,,,,,,,,,,,,,,,,,,,,,,,,,,,,,,,-1.0173,0.2716,-0.939,1,4,2.25,1.2289,-0.0427,,,,,,,2026-09-28T19:15:08.828Z,0.3931,0.2788,0.3281,2026-10-05T17:54:01.713Z,0.3905,0.2805,0.329,2.52,3.51,3,2026-10-04T09:27:34.347Z,3,4,0.0657,0.0612,
kommande,L1,2026/27,2026-10-18,2026-10-18T15:15:00Z,Lorient,Monaco,,,,,,,,,,,,,,,,,,,,,,,,,,,,,,,,,,,-0.8537,0.3336,-0.5736,-1,10,0.3,0.6569,0.2823,,,,,,,2026-09-28T19:15:08.828Z,0.271,0.274,0.455,2026-10-05T17:54:01.713Z,0.2735,0.2774,0.4491,3.75,3.58,2.17,2026-10-04T09:27:34.347Z,4,2,0.0776,0.0534,
kommande,L1,2026/27,2026-10-18,2026-10-18T18:45:00Z,Lyon,Nice,,,,,,,,,,,,,,,,,,,,,,,,,,,,,,,,,,,0.4271,-0.1949,0.5559,1,15,0.2,-0.1732,-0.1073,,,,,,,2026-09-28T19:15:08.828Z,0.5673,0.2378,0.1949,2026-10-05T17:54:01.713Z,0.5565,0.2404,0.2032,1.71,4.2,5.24,2026-10-04T09:27:34.347Z,1,4,0.0079,0.14,
kommande,L1,2026/27,2026-10-18,2026-10-18T15:15:00Z,Paris FC,Rennes,,,,,,,,,,,,,,,,,,,,,,,,,,,,,,,,,,,-0.4721,0.1834,0.6338,0,,,,,,,,,,,2026-09-28T19:15:08.828Z,0.4166,0.2735,0.3099,2026-10-05T17:54:01.713Z,0.4168,0.2749,0.3084,2.37,3.6,3.29,2026-10-04T09:27:34.347Z,3,0,0.1968,0,
kommande,L1,2026/27,2026-10-23,,Brest,Nice,,,,,,,,,,,,,,,,,,,,,,,,,,,,,,,,,,,-0.6383,0.9768,0.1655,,14,-0.6429,-0.1478,0.0838,,,,,,,,,,,,,,,,,,2026-10-04T09:27:34.347Z,4,4,0.1716,0.14,
kommande,L1,2026/27,2026-10-24,,Lens,Paris FC,,,,,,,,,,,,,,,,,,,,,,,,,,,,,,,,,,,-0.5358,0.3822,-1.1616,,,,,,,,,,,,,,,,,,,,,,,2026-10-04T09:27:34.347Z,5,3,0.2533,0.1968,
kommande,L1,2026/27,2026-10-24,,Toulouse,Troyes,,,,,,,,,,,,,,,,,,,,,,,,,,,,,,,,,,,-0.2629,0.5053,0.2328,,,,,,,,,,,,,,,,,,,,,,,2026-10-04T09:27:34.347Z,1,4,0.0404,0.1651,
kommande,L1,2026/27,2026-10-25,,Angers,Lorient,,,,,,,,,,,,,,,,,,,,,,,,,,,,,,,,,,,0.0812,0.1444,0.1505,,8,0,0.047,-0.035,,,,,,,,,,,,,,,,,,2026-10-04T09:27:34.347Z,0,4,0,0.0776,
kommande,L1,2026/27,2026-10-25,,Auxerre,Le Mans,,,,,,,,,,,,,,,,,,,,,,,,,,,,,,,,,,,0.6528,-0.1228,0.4805,,,,,,,,,,,,,,,,,,,,,,,2026-10-04T09:27:34.347Z,4,3,0.0612,0.1004,
kommande,L1,2026/27,2026-10-25,,Marseille,Le Havre,,,,,,,,,,,,,,,,,,,,,,,,,,,,,,,,,,,0.1857,0.0499,-0.1352,,6,3,0.8941,-0.2128,,,,,,,,,,,,,,,,,,2026-10-04T09:27:34.347Z,4,3,0.1881,0.0657,
kommande,L1,2026/27,2026-10-25,,Monaco,Lille,,,,,,,,,,,,,,,,,,,,,,,,,,,,,,,,,,,0.4074,-0.3149,0.4426,,14,-0.4286,-0.2927,0.0129,,,,,,,,,,,,,,,,,,2026-10-04T09:27:34.347Z,2,3,0.0534,0.1182,
kommande,L1,2026/27,2026-10-25,,Paris SG,Lyon,,,,,,,,,,,,,,,,,,,,,,,,,,,,,,,,,,,-0.0971,0.2754,-0.4326,,15,1.2,0.0443,-0.1411,,,,,,,,,,,,,,,,,,2026-10-04T09:27:34.347Z,3,1,0.1369,0.0079,
kommande,L1,2026/27,2026-10-25,,Rennes,Strasbourg,,,,,,,,,,,,,,,,,,,,,,,,,,,,,,,,,,,-0.0631,0.4676,-0.427,,15,1,0.2821,-0.1384,,,,,,,,,,,,,,,,,,2026-10-04T09:27:34.347Z,0,3,0,0.163,
kommande,L1,2026/27,2026-10-30,,Le Havre,Paris SG,,,,,,,,,,,,,,,,,,,,,,,,,,,,,,,,,,,-0.2867,-0.5949,0.2319,,6,-2.5,-0.2729,0.0104,,,,,,,,,,,,,,,,,,2026-10-04T09:27:34.347Z,3,3,0.0657,0.1369,
kommande,L1,2026/27,2026-10-30,,Lille,Lens,,,,,,,,,,,,,,,,,,,,,,,,,,,,,,,,,,,0.7717,-0.7574,0.3714,,12,1,0.4804,-0.1194,,,,,,,,,,,,,,,,,,2026-10-04T09:27:34.347Z,3,5,0.1182,0.2533,
kommande,L1,2026/27,2026-10-31,,Lorient,Brest,,,,,,,,,,,,,,,,,,,,,,,,,,,,,,,,,,,0.7679,-1.3614,0.2574,,10,-0.3,0.0784,-0.1917,,,,,,,,,,,,,,,,,,2026-10-04T09:27:34.347Z,4,4,0.0776,0.1716,
kommande,L1,2026/27,2026-10-31,,Lyon,Angers,,,,,,,,,,,,,,,,,,,,,,,,,,,,,,,,,,,0.2163,0.0453,-0.0175,,12,2.25,0.4303,-0.1202,,,,,,,,,,,,,,,,,,2026-10-04T09:27:34.347Z,1,0,0.0079,0,
kommande,L1,2026/27,2026-10-31,,Nice,Rennes,,,,,,,,,,,,,,,,,,,,,,,,,,,,,,,,,,,-0.8121,0.2114,-0.7102,,15,0.4,0.3925,-0.0822,,,,,,,,,,,,,,,,,,2026-10-04T09:27:34.347Z,4,0,0.14,0,
kommande,L1,2026/27,2026-10-31,,Troyes,Le Mans,,,,,,,,,,,,,,,,,,,,,,,,,,,,,,,,,,,-0.0814,0.5446,-0.3493,,,,,,,,,,,,,,,,,,,,,,,2026-10-04T09:27:34.347Z,4,3,0.1651,0.1004,
kommande,L1,2026/27,2026-11-01,,Marseille,Toulouse,,,,,,,,,,,,,,,,,,,,,,,,,,,,,,,,,,,0.1655,-0.8513,-0.4771,,11,2.1818,0.6435,0.0268,,,,,,,,,,,,,,,,,,2026-10-04T09:27:34.347Z,4,1,0.1881,0.0404,
kommande,L1,2026/27,2026-11-01,,Paris FC,Monaco,,,,,,,,,,,,,,,,,,,,,,,,,,,,,,,,,,,-0.6433,0.6901,0.3476,,,,,,,,,,,,,,,,,,,,,,,2026-10-04T09:27:34.347Z,3,2,0.1968,0.0534,
kommande,L1,2026/27,2026-11-01,,Strasbourg,Auxerre,,,,,,,,,,,,,,,,,,,,,,,,,,,,,,,,,,,-0.1854,0.107,-0.1569,,6,1.5,0.4474,-0.1043,,,,,,,,,,,,,,,,,,2026-10-04T09:27:34.347Z,3,4,0.163,0.0612,
kommande,L1,2026/27,2026-11-06,,Toulouse,Strasbourg,,,,,,,,,,,,,,,,,,,,,,,,,,,,,,,,,,,-0.8117,1.0657,-0.4402,,11,-0.8182,-0.3616,-0.101,,,,,,,,,,,,,,,,,,2026-10-04T09:27:34.347Z,1,3,0.0404,0.163,
kommande,L1,2026/27,2026-11-07,,Auxerre,Paris FC,,,,,,,,,,,,,,,,,,,,,,,,,,,,,,,,,,,0.7206,-0.758,-0.0499,,,,,,,,,,,,,,,,,,,,,,,2026-10-04T09:27:34.347Z,4,3,0.0612,0.1968,
kommande,L1,2026/27,2026-11-07,,Paris SG,Troyes,,,,,,,,,,,,,,,,,,,,,,,,,,,,,,,,,,,0.0036,0.199,-0.3411,,4,2.25,-0.034,0.1247,,,,,,,,,,,,,,,,,,2026-10-04T09:27:34.347Z,3,4,0.1369,0.1651,
kommande,L1,2026/27,2026-11-08,,Angers,Nice,,,,,,,,,,,,,,,,,,,,,,,,,,,,,,,,,,,0.2108,-0.2402,0.5733,,14,-1.0714,-0.2533,-0.0639,,,,,,,,,,,,,,,,,,2026-10-04T09:27:34.347Z,0,4,0,0.14,
kommande,L1,2026/27,2026-11-08,,Brest,Lyon,,,,,,,,,,,,,,,,,,,,,,,,,,,,,,,,,,,-1.0654,1.1718,-0.3904,,13,-0.4615,0.1992,0.1452,,,,,,,,,,,,,,,,,,2026-10-04T09:27:34.347Z,4,1,0.1716,0.0079,
kommande,L1,2026/27,2026-11-08,,Le Havre,Lorient,,,,,,,,,,,,,,,,,,,,,,,,,,,,,,,,,,,-0.0864,-0.1299,-0.0677,,4,1.5,0.5673,0.1989,,,,,,,,,,,,,,,,,,2026-10-04T09:27:34.347Z,3,4,0.0657,0.0776,
kommande,L1,2026/27,2026-11-08,,Le Mans,Monaco,,,,,,,,,,,,,,,,,,,,,,,,,,,,,,,,,,,-0.5755,0.0549,-0.1828,,,,,,,,,,,,,,,,,,,,,,,2026-10-04T09:27:34.347Z,3,2,0.1004,0.0534,
kommande,L1,2026/27,2026-11-08,,Lens,Marseille,,,,,,,,,,,,,,,,,,,,,,,,,,,,,,,,,,,-0.4248,0.8187,-0.0375,,12,0.75,0.5995,-0.1896,,,,,,,,,,,,,,,,,,2026-10-04T09:27:34.347Z,5,4,0.2533,0.1881,
kommande,L1,2026/27,2026-11-08,,Rennes,Lille,,,,,,,,,,,,,,,,,,,,,,,,,,,,,,,,,,,0.2362,0.1918,0.1563,,15,-1,-0.4711,0.1175,,,,,,,,,,,,,,,,,,2026-10-04T09:27:34.347Z,0,3,0,0.1182,
kommande,L1,2026/27,2026-11-20,,Troyes,Le Havre,,,,,,,,,,,,,,,,,,,,,,,,,,,,,,,,,,,0.2832,0.3959,0.1092,,,,,,,,,,,,,,,,,,,,,,,2026-10-04T09:27:34.347Z,4,3,0.1651,0.0657,
kommande,L1,2026/27,2026-11-21,,Lens,Toulouse,,,,,,,,,,,,,,,,,,,,,,,,,,,,,,,,,,,-0.2593,-0.0326,-0.5146,,8,1.875,0.6052,-0.1236,,,,,,,,,,,,,,,,,,2026-10-04T09:27:34.347Z,5,1,0.2533,0.0404,
kommande,L1,2026/27,2026-11-21,,Lille,Lyon,,,,,,,,,,,,,,,,,,,,,,,,,,,,,,,,,,,0.1488,-0.2084,-0.002,,16,0,0.015,0.1078,,,,,,,,,,,,,,,,,,2026-10-04T09:27:34.347Z,3,1,0.1182,0.0079,
kommande,L1,2026/27,2026-11-21,,Monaco,Auxerre,,,,,,,,,,,,,,,,,,,,,,,,,,,,,,,,,,,-0.0773,0.0679,-0.2977,,6,2.5,0.5771,-0.045,,,,,,,,,,,,,,,,,,2026-10-04T09:27:34.347Z,2,4,0.0534,0.0612,
kommande,L1,2026/27,2026-11-21,,Nice,Paris SG,,,,,,,,,,,,,,,,,,,,,,,,,,,,,,,,,,,-0.33,-0.0805,-0.1233,,14,-1.0714,0.194,0.0243,,,,,,,,,,,,,,,,,,2026-10-04T09:27:34.347Z,4,3,0.14,0.1369,
kommande,L1,2026/27,2026-11-21,,Strasbourg,Brest,,,,,,,,,,,,,,,,,,,,,,,,,,,,,,,,,,,1.5135,-1.6559,0.9718,,13,-0.2308,-0.2695,0.0285,,,,,,,,,,,,,,,,,,2026-10-04T09:27:34.347Z,3,4,0.163,0.1716,
kommande,L1,2026/27,2026-11-22,,Lorient,Rennes,,,,,,,,,,,,,,,,,,,,,,,,,,,,,,,,,,,-0.6825,-0.1731,-0.2873,,10,0.9,1.0509,-0.148,,,,,,,,,,,,,,,,,,2026-10-04T09:27:34.347Z,4,0,0.0776,0,
kommande,L1,2026/27,2026-11-22,,Marseille,Le Mans,,,,,,,,,,,,,,,,,,,,,,,,,,,,,,,,,,,-0.1788,0.1987,-0.5937,,,,,,,,,,,,,,,,,,,,,,,2026-10-04T09:27:34.347Z,4,3,0.1881,0.1004,
kommande,L1,2026/27,2026-11-22,,Paris FC,Angers,,,,,,,,,,,,,,,,,,,,,,,,,,,,,,,,,,,0.1291,0.2121,0.7707,,,,,,,,,,,,,,,,,,,,,,,2026-10-04T09:27:34.347Z,3,0,0.1968,0,
kommande,L1,2026/27,2026-11-27,,Brest,Paris FC,,,,,,,,,,,,,,,,,,,,,,,,,,,,,,,,,,,-0.9783,1.0049,-1.1786,,,,,,,,,,,,,,,,,,,,,,,2026-10-04T09:27:34.347Z,4,3,0.1716,0.1968,
kommande,L1,2026/27,2026-11-28,,Angers,Lens,,,,,,,,,,,,,,,,,,,,,,,,,,,,,,,,,,,0.4067,-0.5943,0.3908,,10,-1.8,-0.2806,-0.0385,,,,,,,,,,,,,,,,,,2026-10-04T09:27:34.347Z,0,5,0,0.2533,
kommande,L1,2026/27,2026-11-28,,Le Havre,Strasbourg,,,,,,,,,,,,,,,,,,,,,,,,,,,,,,,,,,,-0.8319,0.1646,-0.7821,,6,0,0.456,-0.2717,,,,,,,,,,,,,,,,,,2026-10-04T09:27:34.347Z,3,3,0.0657,0.163,
kommande,L1,2026/27,2026-11-28,,Le Mans,Lille,,,,,,,,,,,,,,,,,,,,,,,,,,,,,,,,,,,-0.1681,-0.2599,0.2598,,,,,,,,,,,,,,,,,,,,,,,2026-10-04T09:27:34.347Z,3,3,0.1004,0.1182,
kommande,L1,2026/27,2026-11-28,,Nice,Troyes,,,,,,,,,,,,,,,,,,,,,,,,,,,,,,,,,,,-0.3264,0.1186,-0.4644,,4,1.5,0.3107,-0.2482,,,,,,,,,,,,,,,,,,2026-10-04T09:27:34.347Z,4,4,0.14,0.1651,
kommande,L1,2026/27,2026-11-28,,Paris SG,Lorient,,,,,,,,,,,,,,,,,,,,,,,,,,,,,,,,,,,0.2003,0.465,-0.2996,,10,0.6,-0.7917,0.2456,,,,,,,,,,,,,,,,,,2026-10-04T09:27:34.347Z,3,4,0.1369,0.0776,
kommande,L1,2026/27,2026-11-29,,Auxerre,Marseille,,,,,,,,,,,,,,,,,,,,,,,,,,,,,,,,,,,0.8316,-0.3215,1.0742,,6,-1,0.3276,-0.2126,,,,,,,,,,,,,,,,,,2026-10-04T09:27:34.347Z,4,4,0.0612,0.1881,
kommande,L1,2026/27,2026-11-29,,Lyon,Monaco,,,,,,,,,,,,,,,,,,,,,,,,,,,,,,,,,,,-0.5562,0.5232,-0.4406,,15,0.6,0.3815,-0.2527,,,,,,,,,,,,,,,,,,2026-10-04T09:27:34.347Z,1,2,0.0079,0.0534,
kommande,L1,2026/27,2026-11-29,,Toulouse,Rennes,,,,,,,,,,,,,,,,,,,,,,,,,,,,,,,,,,,-0.7487,0.5981,-0.0131,,11,0,0.1661,0.0008,,,,,,,,,,,,,,,,,,2026-10-04T09:27:34.347Z,1,0,0.0404,0,
kommande,L1,2026/27,2026-12-05,,Lens,Le Havre,,,,,,,,,,,,,,,,,,,,,,,,,,,,,,,,,,,-0.2391,0.8686,-0.1727,,6,1,-0.2375,0.1018,,,,,,,,,,,,,,,,,,2026-10-04T09:27:34.347Z,5,3,0.2533,0.0657,
kommande,L1,2026/27,2026-12-05,,Lille,Auxerre,,,,,,,,,,,,,,,,,,,,,,,,,,,,,,,,,,,-0.4847,0.3828,-0.7403,,6,1,-0.2155,0.1001,,,,,,,,,,,,,,,,,,2026-10-04T09:27:34.347Z,3,4,0.1182,0.0612,
kommande,L1,2026/27,2026-12-05,,Marseille,Nice,,,,,,,,,,,,,,,,,,,,,,,,,,,,,,,,,,,0.2289,-0.4646,0.22,,14,0.6429,0.0794,-0.0621,,,,,,,,,,,,,,,,,,2026-10-04T09:27:34.347Z,4,4,0.1881,0.14,
kommande,L1,2026/27,2026-12-05,,Monaco,Angers,,,,,,,,,,,,,,,,,,,,,,,,,,,,,,,,,,,0.7725,-0.478,0.4232,,13,1.8462,0.2902,0.0071,,,,,,,,,,,,,,,,,,2026-10-04T09:27:34.347Z,2,0,0.0534,0,
kommande,L1,2026/27,2026-12-05,,Paris FC,Le Mans,,,,,,,,,,,,,,,,,,,,,,,,,,,,,,,,,,,-0.0678,0.6352,0.5304,,,,,,,,,,,,,,,,,,,,,,,2026-10-04T09:27:34.347Z,3,3,0.1968,0.1004,
kommande,L1,2026/27,2026-12-05,,Rennes,Brest,,,,,,,,,,,,,,,,,,,,,,,,,,,,,,,,,,,1.4504,-1.1883,0.5448,,14,1.0714,0.1129,0.0908,,,,,,,,,,,,,,,,,,2026-10-04T09:27:34.347Z,0,4,0,0.1716,
kommande,L1,2026/27,2026-12-05,,Strasbourg,Lorient,,,,,,,,,,,,,,,,,,,,,,,,,,,,,,,,,,,0.7455,-0.2945,0.7144,,10,0,-0.225,0.1063,,,,,,,,,,,,,,,,,,2026-10-04T09:27:34.347Z,3,4,0.163,0.0776,
kommande,L1,2026/27,2026-12-05,,Toulouse,Paris SG,,,,,,,,,,,,,,,,,,,,,,,,,,,,,,,,,,,-0.2665,0.3062,0.5739,,10,-2.1,-0.1365,-0.0733,,,,,,,,,,,,,,,,,,2026-10-04T09:27:34.347Z,1,3,0.0404,0.1369,
kommande,L1,2026/27,2026-12-05,,Troyes,Lyon,,,,,,,,,,,,,,,,,,,,,,,,,,,,,,,,,,,-0.1007,0.0763,-0.0915,,4,-3,-0.6382,-0.1971,,,,,,,,,,,,,,,,,,2026-10-04T09:27:34.347Z,4,1,0.1651,0.0079,
kommande,L1,2026/27,2026-12-12,,Angers,Strasbourg,,,,,,,,,,,,,,,,,,,,,,,,,,,,,,,,,,,-0.6643,0.4388,-0.5639,,12,-0.25,0.1302,-0.0326,,,,,,,,,,,,,,,,,,2026-10-04T09:27:34.347Z,0,3,0,0.163,
kommande,L1,2026/27,2026-12-12,,Auxerre,Toulouse,,,,,,,,,,,,,,,,,,,,,,,,,,,,,,,,,,,0.9971,-1.1727,0.5971,,6,-0.5,-0.0587,0.2232,,,,,,,,,,,,,,,,,,2026-10-04T09:27:34.347Z,4,1,0.0612,0.0404,
kommande,L1,2026/27,2026-12-12,,Brest,Troyes,,,,,,,,,,,,,,,,,,,,,,,,,,,,,,,,,,,-0.9647,1.0954,-0.2989,,4,1.5,0.4633,0.2154,,,,,,,,,,,,,,,,,,2026-10-04T09:27:34.347Z,4,4,0.1716,0.1651,
kommande,L1,2026/27,2026-12-12,,Le Havre,Le Mans,,,,,,,,,,,,,,,,,,,,,,,,,,,,,,,,,,,-0.3646,0.1488,-0.4585,,,,,,,,,,,,,,,,,,,,,,,2026-10-04T09:27:34.347Z,3,3,0.0657,0.1004,
kommande,L1,2026/27,2026-12-12,,Lorient,Lille,,,,,,,,,,,,,,,,,,,,,,,,,,,,,,,,,,,-0.4462,0.0188,-0.131,,10,-0.9,0.1695,-0.1424,,,,,,,,,,,,,,,,,,2026-10-04T09:27:34.347Z,4,3,0.0776,0.1182,
kommande,L1,2026/27,2026-12-12,,Nice,Lens,,,,,,,,,,,,,,,,,,,,,,,,,,,,,,,,,,,0.1959,-0.3541,-0.1825,,12,1.25,0.8085,-0.0259,,,,,,,,,,,,,,,,,,2026-10-04T09:27:34.347Z,4,5,0.14,0.2533,
kommande,L1,2026/27,2026-12-12,,Paris SG,Paris FC,,,,,,,,,,,,,,,,,,,,,,,,,,,,,,,,,,,-0.01,0.1085,-1.2208,,,,,,,,,,,,,,,,,,,,,,,2026-10-04T09:27:34.347Z,3,3,0.1369,0.1968,
kommande,L1,2026/27,2026-12-12,,Rennes,Monaco,,,,,,,,,,,,,,,,,,,,,,,,,,,,,,,,,,,-0.1712,0.5067,-0.2863,,14,-1.2857,-0.4176,-0.1185,,,,,,,,,,,,,,,,,,2026-10-04T09:27:34.347Z,0,2,0,0.0534,
kommande,L1,2026/27,2026-12-13,,Lyon,Marseille,,,,,,,,,,,,,,,,,,,,,,,,,,,,,,,,,,,0.1982,0.2696,0.3358,,14,-0.4286,-0.1077,-0.1247,,,,,,,,,,,,,,,,,,2026-10-04T09:27:34.347Z,1,4,0.0079,0.1881,
kommande,L1,2026/27,2027-01-02,,Brest,Marseille,,,,,,,,,,,,,,,,,,,,,,,,,,,,,,,,,,,-0.8672,1.4414,-0.0546,,13,-0.9231,0.1297,-0.1644,,,,,,,,,,,,,,,,,,2026-10-04T09:27:34.347Z,4,4,0.1716,0.1881,
kommande,L1,2026/27,2027-01-02,,Le Mans,Lyon,,,,,,,,,,,,,,,,,,,,,,,,,,,,,,,,,,,-0.0193,-0.4683,0.2578,,,,,,,,,,,,,,,,,,,,,,,2026-10-04T09:27:34.347Z,3,1,0.1004,0.0079,
kommande,L1,2026/27,2027-01-02,,Lille,Strasbourg,,,,,,,,,,,,,,,,,,,,,,,,,,,,,,,,,,,-0.2993,0.2757,-0.5834,,15,0.8,0.1402,-0.0788,,,,,,,,,,,,,,,,,,2026-10-04T09:27:34.347Z,3,3,0.1182,0.163,
kommande,L1,2026/27,2027-01-02,,Lorient,Auxerre,,,,,,,,,,,,,,,,,,,,,,,,,,,,,,,,,,,-0.9309,0.4015,-0.8713,,4,-0.75,-0.4506,-0.0454,,,,,,,,,,,,,,,,,,2026-10-04T09:27:34.347Z,4,4,0.0776,0.0612,
kommande,L1,2026/27,2027-01-02,,Monaco,Nice,,,,,,,,,,,,,,,,,,,,,,,,,,,,,,,,,,,0.9833,-0.7182,0.9965,,16,0.375,-0.0946,-0.0176,,,,,,,,,,,,,,,,,,2026-10-04T09:27:34.347Z,2,4,0.0534,0.14,
kommande,L1,2026/27,2027-01-02,,Paris FC,Le Havre,,,,,,,,,,,,,,,,,,,,,,,,,,,,,,,,,,,0.2967,0.4864,0.9889,,,,,,,,,,,,,,,,,,,,,,,2026-10-04T09:27:34.347Z,3,3,0.1968,0.0657,
kommande,L1,2026/27,2027-01-02,,Toulouse,Angers,,,,,,,,,,,,,,,,,,,,,,,,,,,,,,,,,,,-0.1474,0.6269,0.1238,,8,0,-0.3595,-0.0263,,,,,,,,,,,,,,,,,,2026-10-04T09:27:34.347Z,1,0,0.0404,0,
kommande,L1,2026/27,2027-01-02,,Troyes,Rennes,,,,,,,,,,,,,,,,,,,,,,,,,,,,,,,,,,,-0.4857,0.0929,-0.2459,,4,-1.5,-0.1749,0.2936,,,,,,,,,,,,,,,,,,2026-10-04T09:27:34.347Z,4,0,0.1651,0,
kommande,L1,2026/27,2027-01-03,,Lens,Paris SG,,,,,,,,,,,,,,,,,,,,,,,,,,,,,,,,,,,-0.5258,0.2737,0.0592,,12,-1.5,-0.1238,-0.0545,,,,,,,,,,,,,,,,,,2026-10-04T09:27:34.347Z,5,3,0.2533,0.1369,
kommande,L1,2026/27,2027-01-16,,Angers,Paris SG,,,,,,,,,,,,,,,,,,,,,,,,,,,,,,,,,,,-0.1191,-0.3206,0.4501,,12,-3,-0.381,-0.1395,,,,,,,,,,,,,,,,,,2026-10-04T09:27:34.347Z,0,3,0,0.1369,
kommande,L1,2026/27,2027-01-16,,Auxerre,Troyes,,,,,,,,,,,,,,,,,,,,,,,,,,,,,,,,,,,0.7342,-0.6675,0.8298,,,,,,,,,,,,,,,,,,,,,,,2026-10-04T09:27:34.347Z,4,4,0.0612,0.1651,
kommande,L1,2026/27,2027-01-16,,Lyon,Lorient,,,,,,,,,,,,,,,,,,,,,,,,,,,,,,,,,,,0.2975,0.1896,0.133,,10,0.6,-0.3647,0.1688,,,,,,,,,,,,,,,,,,2026-10-04T09:27:34.347Z,1,4,0.0079,0.0776,
kommande,L1,2026/27,2027-01-16,,Marseille,Lille,,,,,,,,,,,,,,,,,,,,,,,,,,,,,,,,,,,-0.3469,-0.0613,-0.3339,,15,-0.8,-0.4613,0.0485,,,,,,,,,,,,,,,,,,2026-10-04T09:27:34.347Z,4,3,0.1881,0.1182,
kommande,L1,2026/27,2027-01-16,,Monaco,Brest,,,,,,,,,,,,,,,,,,,,,,,,,,,,,,,,,,,1.6216,-1.695,0.831,,13,1.1538,0.1468,-0.2309,,,,,,,,,,,,,,,,,,2026-10-04T09:27:34.347Z,2,4,0.0534,0.1716,
kommande,L1,2026/27,2027-01-16,,Nice,Le Havre,,,,,,,,,,,,,,,,,,,,,,,,,,,,,,,,,,,-0.0432,0.5144,-0.3552,,6,0.5,-0.2092,-0.0982,,,,,,,,,,,,,,,,,,2026-10-04T09:27:34.347Z,4,3,0.14,0.0657,
kommande,L1,2026/27,2027-01-16,,Paris FC,Toulouse,,,,,,,,,,,,,,,,,,,,,,,,,,,,,,,,,,,0.2765,-0.4148,0.647,,,,,,,,,,,,,,,,,,,,,,,2026-10-04T09:27:34.347Z,3,1,0.1968,0.0404,
kommande,L1,2026/27,2027-01-16,,Rennes,Lens,,,,,,,,,,,,,,,,,,,,,,,,,,,,,,,,,,,1.008,-0.5656,0.5277,,12,-1.5,-0.8299,0.2236,,,,,,,,,,,,,,,,,,2026-10-04T09:27:34.347Z,0,5,0,0.2533,
kommande,L1,2026/27,2027-01-16,,Strasbourg,Le Mans,,,,,,,,,,,,,,,,,,,,,,,,,,,,,,,,,,,0.4674,-0.0158,0.3236,,,,,,,,,,,,,,,,,,,,,,,2026-10-04T09:27:34.347Z,3,3,0.163,0.1004,
kommande,L1,2026/27,2027-01-23,,Le Havre,Rennes,,,,,,,,,,,,,,,,,,,,,,,,,,,,,,,,,,,-0.7689,-0.303,-0.355,,6,-1.5,-0.3754,0.2443,,,,,,,,,,,,,,,,,,2026-10-04T09:27:34.347Z,3,0,0.0657,0,
kommande,L1,2026/27,2027-01-23,,Le Mans,Angers,,,,,,,,,,,,,,,,,,,,,,,,,,,,,,,,,,,0.1969,-0.423,0.2403,,,,,,,,,,,,,,,,,,,,,,,2026-10-04T09:27:34.347Z,3,0,0.1004,0,
kommande,L1,2026/27,2027-01-23,,Lens,Brest,,,,,,,,,,,,,,,,,,,,,,,,,,,,,,,,,,,0.4424,-0.6227,0.0171,,12,0.75,0.0161,-0.015,,,,,,,,,,,,,,,,,,2026-10-04T09:27:34.347Z,5,4,0.2533,0.1716,
kommande,L1,2026/27,2027-01-23,,Lille,Paris FC,,,,,,,,,,,,,,,,,,,,,,,,,,,,,,,,,,,0.2359,-0.3752,-0.7902,,,,,,,,,,,,,,,,,,,,,,,2026-10-04T09:27:34.347Z,3,3,0.1182,0.1968,
kommande,L1,2026/27,2027-01-23,,Lorient,Marseille,,,,,,,,,,,,,,,,,,,,,,,,,,,,,,,,,,,-0.0993,0.08,0.2029,,10,-2.1,-0.4225,-0.1349,,,,,,,,,,,,,,,,,,2026-10-04T09:27:34.347Z,4,4,0.0776,0.1881,
kommande,L1,2026/27,2027-01-23,,Paris SG,Auxerre,,,,,,,,,,,,,,,,,,,,,,,,,,,,,,,,,,,-0.7306,0.8665,-1.1709,,6,2.5,0.1743,0.0302,,,,,,,,,,,,,,,,,,2026-10-04T09:27:34.347Z,3,4,0.1369,0.0612,
kommande,L1,2026/27,2027-01-23,,Strasbourg,Lyon,,,,,,,,,,,,,,,,,,,,,,,,,,,,,,,,,,,0.4481,-0.4841,0.5814,,15,-0.8,-0.0516,-0.0523,,,,,,,,,,,,,,,,,,2026-10-04T09:27:34.347Z,3,1,0.163,0.0079,
kommande,L1,2026/27,2027-01-23,,Toulouse,Nice,,,,,,,,,,,,,,,,,,,,,,,,,,,,,,,,,,,0.0634,0.3867,0.6971,,11,0,0.1011,0.1752,,,,,,,,,,,,,,,,,,2026-10-04T09:27:34.347Z,1,4,0.0404,0.14,
kommande,L1,2026/27,2027-01-23,,Troyes,Monaco,,,,,,,,,,,,,,,,,,,,,,,,,,,,,,,,,,,-0.6569,0.5996,-0.5321,,4,-0.75,0.3842,0.0444,,,,,,,,,,,,,,,,,,2026-10-04T09:27:34.347Z,4,2,0.1651,0.0534,
kommande,L1,2026/27,2027-01-30,,Angers,Le Havre,,,,,,,,,,,,,,,,,,,,,,,,,,,,,,,,,,,0.1676,0.2743,0.2181,,5,0,-0.1396,0.2991,,,,,,,,,,,,,,,,,,2026-10-04T09:27:34.347Z,0,3,0,0.0657,
kommande,L1,2026/27,2027-01-30,,Brest,Strasbourg,,,,,,,,,,,,,,,,,,,,,,,,,,,,,,,,,,,-1.5135,1.6559,-0.9718,,13,0.2308,0.2409,0.0285,,,,,,,,,,,,,,,,,,2026-10-04T09:27:34.347Z,4,3,0.1716,0.163,
kommande,L1,2026/27,2027-01-30,,Le Mans,Nice,,,,,,,,,,,,,,,,,,,,,,,,,,,,,,,,,,,0.4078,-0.6632,0.8137,,,,,,,,,,,,,,,,,,,,,,,2026-10-04T09:27:34.347Z,3,4,0.1004,0.14,
kommande,L1,2026/27,2027-01-30,,Lyon,Lille,,,,,,,,,,,,,,,,,,,,,,,,,,,,,,,,,,,-0.1488,0.2084,0.002,,15,0,-0.0971,0.0668,,,,,,,,,,,,,,,,,,2026-10-04T09:27:34.347Z,1,3,0.0079,0.1182,
kommande,L1,2026/27,2027-01-30,,Marseille,Troyes,,,,,,,,,,,,,,,,,,,,,,,,,,,,,,,,,,,-0.0974,-0.346,-0.2443,,4,2.25,0.3585,0.0398,,,,,,,,,,,,,,,,,,2026-10-04T09:27:34.347Z,4,4,0.1881,0.1651,
kommande,L1,2026/27,2027-01-30,,Monaco,Paris SG,,,,,,,,,,,,,,,,,,,,,,,,,,,,,,,,,,,0.6533,-0.7986,0.8732,,16,0.1875,0.7692,-0.0076,,,,,,,,,,,,,,,,,,2026-10-04T09:27:34.347Z,2,3,0.0534,0.1369,
kommande,L1,2026/27,2027-01-30,,Paris FC,Auxerre,,,,,,,,,,,,,,,,,,,,,,,,,,,,,,,,,,,-0.7206,0.758,0.0499,,,,,,,,,,,,,,,,,,,,,,,2026-10-04T09:27:34.347Z,3,4,0.1968,0.0612,
kommande,L1,2026/27,2027-01-30,,Rennes,Lorient,,,,,,,,,,,,,,,,,,,,,,,,,,,,,,,,,,,0.6825,0.1731,0.2873,,10,-0.9,-0.9029,-0.148,,,,,,,,,,,,,,,,,,2026-10-04T09:27:34.347Z,0,4,0,0.0776,
kommande,L1,2026/27,2027-01-30,,Toulouse,Lens,,,,,,,,,,,,,,,,,,,,,,,,,,,,,,,,,,,0.2593,0.0326,0.5146,,8,-1.875,-0.4816,-0.1236,,,,,,,,,,,,,,,,,,2026-10-04T09:27:34.347Z,1,5,0.0404,0.2533,
kommande,L1,2026/27,2027-02-06,,Auxerre,Monaco,,,,,,,,,,,,,,,,,,,,,,,,,,,,,,,,,,,0.0773,-0.0679,0.2977,,6,-2.5,-0.5321,-0.045,,,,,,,,,,,,,,,,,,2026-10-04T09:27:34.347Z,4,2,0.0612,0.0534,
kommande,L1,2026/27,2027-02-06,,Le Havre,Toulouse,,,,,,,,,,,,,,,,,,,,,,,,,,,,,,,,,,,-0.0202,-0.9012,-0.3419,,7,0,0.4223,-0.1383,,,,,,,,,,,,,,,,,,2026-10-04T09:27:34.347Z,3,1,0.0657,0.0404,
kommande,L1,2026/27,2027-02-06,,Lens,Angers,,,,,,,,,,,,,,,,,,,,,,,,,,,,,,,,,,,-0.4067,0.5943,-0.3908,,10,1.8,0.319,-0.0385,,,,,,,,,,,,,,,,,,2026-10-04T09:27:34.347Z,5,0,0.2533,0,
kommande,L1,2026/27,2027-02-06,,Lorient,Le Mans,,,,,,,,,,,,,,,,,,,,,,,,,,,,,,,,,,,-0.2782,0.2787,-0.3908,,,,,,,,,,,,,,,,,,,,,,,2026-10-04T09:27:34.347Z,4,3,0.0776,0.1004,
kommande,L1,2026/27,2027-02-06,,Nice,Brest,,,,,,,,,,,,,,,,,,,,,,,,,,,,,,,,,,,0.6383,-0.9768,-0.1655,,14,0.6429,0.064,0.0838,,,,,,,,,,,,,,,,,,2026-10-04T09:27:34.347Z,4,4,0.14,0.1716,
kommande,L1,2026/27,2027-02-06,,Rennes,Lyon,,,,,,,,,,,,,,,,,,,,,,,,,,,,,,,,,,,0.385,-0.0165,0.1544,,15,0,0.2765,-0.1932,,,,,,,,,,,,,,,,,,2026-10-04T09:27:34.347Z,0,1,0,0.0079,
kommande,L1,2026/27,2027-02-06,,Strasbourg,Paris FC,,,,,,,,,,,,,,,,,,,,,,,,,,,,,,,,,,,0.5352,-0.651,-0.2068,,3,0,-0.0321,0.0777,,,,,,,,,,,,,,,,,,2026-10-04T09:27:34.347Z,3,3,0.163,0.1968,
kommande,L1,2026/27,2027-02-06,,Troyes,Lille,,,,,,,,,,,,,,,,,,,,,,,,,,,,,,,,,,,-0.2495,0.2847,-0.0895,,5,-1.2,0.1271,-0.0132,,,,,,,,,,,,,,,,,,2026-10-04T09:27:34.347Z,4,3,0.1651,0.1182,
kommande,L1,2026/27,2027-02-07,,Paris SG,Marseille,,,,,,,,,,,,,,,,,,,,,,,,,,,,,,,,,,,0.101,0.545,-0.0968,,15,2,0.3515,-0.1321,,,,,,,,,,,,,,,,,,2026-10-04T09:27:34.347Z,3,4,0.1369,0.1881,
kommande,L1,2026/27,2027-02-13,,Auxerre,Strasbourg,,,,,,,,,,,,,,,,,,,,,,,,,,,,,,,,,,,0.1854,-0.107,0.1569,,6,-1.5,-0.3431,-0.1043,,,,,,,,,,,,,,,,,,2026-10-04T09:27:34.347Z,4,3,0.0612,0.163,
kommande,L1,2026/27,2027-02-13,,Brest,Rennes,,,,,,,,,,,,,,,,,,,,,,,,,,,,,,,,,,,-1.4504,1.1883,-0.5448,,14,-1.0714,-0.2037,0.0908,,,,,,,,,,,,,,,,,,2026-10-04T09:27:34.347Z,4,0,0.1716,0,
kommande,L1,2026/27,2027-02-13,,Le Mans,Paris SG,,,,,,,,,,,,,,,,,,,,,,,,,,,,,,,,,,,0.0778,-0.7437,0.6904,,,,,,,,,,,,,,,,,,,,,,,2026-10-04T09:27:34.347Z,3,3,0.1004,0.1369,
kommande,L1,2026/27,2027-02-13,,Lille,Nice,,,,,,,,,,,,,,,,,,,,,,,,,,,,,,,,,,,0.5759,-0.4033,0.5539,,14,-0.4286,-0.5782,0.1657,,,,,,,,,,,,,,,,,,2026-10-04T09:27:34.347Z,3,4,0.1182,0.14,
kommande,L1,2026/27,2027-02-13,,Lorient,Le Havre,,,,,,,,,,,,,,,,,,,,,,,,,,,,,,,,,,,0.0864,0.1299,0.0677,,4,-1.5,-0.7662,0.1989,,,,,,,,,,,,,,,,,,2026-10-04T09:27:34.347Z,4,3,0.0776,0.0657,
kommande,L1,2026/27,2027-02-13,,Lyon,Lens,,,,,,,,,,,,,,,,,,,,,,,,,,,,,,,,,,,0.623,-0.549,0.3734,,12,-0.25,-0.3278,0.0065,,,,,,,,,,,,,,,,,,2026-10-04T09:27:34.347Z,1,5,0.0079,0.2533,
kommande,L1,2026/27,2027-02-13,,Marseille,Angers,,,,,,,,,,,,,,,,,,,,,,,,,,,,,,,,,,,0.0181,-0.2244,-0.3533,,13,1.3846,-0.0161,0.1558,,,,,,,,,,,,,,,,,,2026-10-04T09:27:34.347Z,4,0,0.1881,0,
kommande,L1,2026/27,2027-02-13,,Paris FC,Troyes,,,,,,,,,,,,,,,,,,,,,,,,,,,,,,,,,,,0.0136,0.0905,0.8797,,,,,,,,,,,,,,,,,,,,,,,2026-10-04T09:27:34.347Z,3,4,0.1968,0.1651,
kommande,L1,2026/27,2027-02-13,,Toulouse,Monaco,,,,,,,,,,,,,,,,,,,,,,,,,,,,,,,,,,,-0.9198,1.1049,-0.2994,,9,-1,-0.0609,-0.0204,,,,,,,,,,,,,,,,,,2026-10-04T09:27:34.347Z,1,2,0.0404,0.0534,
kommande,L1,2026/27,2027-02-20,,Angers,Paris FC,,,,,,,,,,,,,,,,,,,,,,,,,,,,,,,,,,,-0.1291,-0.2121,-0.7707,,,,,,,,,,,,,,,,,,,,,,,2026-10-04T09:27:34.347Z,0,3,0,0.1968,
kommande,L1,2026/27,2027-02-20,,Le Havre,Lyon,,,,,,,,,,,,,,,,,,,,,,,,,,,,,,,,,,,-0.3839,-0.3195,-0.2007,,7,-0.8571,0.0388,0.1905,,,,,,,,,,,,,,,,,,2026-10-04T09:27:34.347Z,3,1,0.0657,0.0079,
kommande,L1,2026/27,2027-02-20,,Lens,Troyes,,,,,,,,,,,,,,,,,,,,,,,,,,,,,,,,,,,-0.5222,0.4727,-0.2819,,4,2.25,0.5219,0.0162,,,,,,,,,,,,,,,,,,2026-10-04T09:27:34.347Z,5,4,0.2533,0.1651,
kommande,L1,2026/27,2027-02-20,,Lille,Lorient,,,,,,,,,,,,,,,,,,,,,,,,,,,,,,,,,,,0.4462,-0.0188,0.131,,10,0.9,-0.027,-0.1424,,,,,,,,,,,,,,,,,,2026-10-04T09:27:34.347Z,3,4,0.1182,0.0776,
kommande,L1,2026/27,2027-02-20,,Monaco,Le Mans,,,,,,,,,,,,,,,,,,,,,,,,,,,,,,,,,,,0.5755,-0.0549,0.1828,,,,,,,,,,,,,,,,,,,,,,,2026-10-04T09:27:34.347Z,2,3,0.0534,0.1004,
kommande,L1,2026/27,2027-02-20,,Nice,Auxerre,,,,,,,,,,,,,,,,,,,,,,,,,,,,,,,,,,,-1.0605,0.786,-1.2942,,7,-0.8571,-0.8187,0.1606,,,,,,,,,,,,,,,,,,2026-10-04T09:27:34.347Z,4,4,0.14,0.0612,
kommande,L1,2026/27,2027-02-20,,Paris SG,Brest,,,,,,,,,,,,,,,,,,,,,,,,,,,,,,,,,,,0.9683,-0.8964,-0.0422,,14,2.7857,0.4464,-0.0792,,,,,,,,,,,,,,,,,,2026-10-04T09:27:34.347Z,3,4,0.1369,0.1716,
kommande,L1,2026/27,2027-02-20,,Rennes,Toulouse,,,,,,,,,,,,,,,,,,,,,,,,,,,,,,,,,,,0.7487,-0.5981,0.0131,,11,0,-0.1669,0.0008,,,,,,,,,,,,,,,,,,2026-10-04T09:27:34.347Z,0,1,0,0.0404,
kommande,L1,2026/27,2027-02-20,,Strasbourg,Marseille,,,,,,,,,,,,,,,,,,,,,,,,,,,,,,,,,,,0.6462,-0.2145,0.9173,,15,-1,-0.2766,0.2694,,,,,,,,,,,,,,,,,,2026-10-04T09:27:34.347Z,3,4,0.163,0.1881,
kommande,L1,2026/27,2027-02-27,,Auxerre,Lille,,,,,,,,,,,,,,,,,,,,,,,,,,,,,,,,,,,0.4847,-0.3828,0.7403,,6,-1,0.1154,0.1001,,,,,,,,,,,,,,,,,,2026-10-04T09:27:34.347Z,4,3,0.0612,0.1182,
kommande,L1,2026/27,2027-02-27,,Brest,Monaco,,,,,,,,,,,,,,,,,,,,,,,,,,,,,,,,,,,-1.6216,1.695,-0.831,,13,-1.1538,0.0841,-0.2309,,,,,,,,,,,,,,,,,,2026-10-04T09:27:34.347Z,4,2,0.1716,0.0534,
kommande,L1,2026/27,2027-02-27,,Le Mans,Paris FC,,,,,,,,,,,,,,,,,,,,,,,,,,,,,,,,,,,0.0678,-0.6352,-0.5304,,,,,,,,,,,,,,,,,,,,,,,2026-10-04T09:27:34.347Z,3,3,0.1004,0.1968,
kommande,L1,2026/27,2027-02-27,,Lorient,Angers,,,,,,,,,,,,,,,,,,,,,,,,,,,,,,,,,,,-0.0812,-0.1444,-0.1505,,8,0,-0.012,-0.035,,,,,,,,,,,,,,,,,,2026-10-04T09:27:34.347Z,4,0,0.0776,0,
kommande,L1,2026/27,2027-02-27,,Lyon,Toulouse,,,,,,,,,,,,,,,,,,,,,,,,,,,,,,,,,,,0.3637,-0.5816,-0.1412,,12,1.5,0.3519,-0.0708,,,,,,,,,,,,,,,,,,2026-10-04T09:27:34.347Z,1,1,0.0079,0.0404,
kommande,L1,2026/27,2027-02-27,,Marseille,Rennes,,,,,,,,,,,,,,,,,,,,,,,,,,,,,,,,,,,-0.5832,-0.2531,-0.4902,,15,0.6,0.2316,-0.1388,,,,,,,,,,,,,,,,,,2026-10-04T09:27:34.347Z,4,0,0.1881,0,
kommande,L1,2026/27,2027-02-27,,Strasbourg,Le Havre,,,,,,,,,,,,,,,,,,,,,,,,,,,,,,,,,,,0.8319,-0.1646,0.7821,,6,0,-0.1843,-0.2717,,,,,,,,,,,,,,,,,,2026-10-04T09:27:34.347Z,3,3,0.163,0.0657,
kommande,L1,2026/27,2027-02-27,,Troyes,Nice,,,,,,,,,,,,,,,,,,,,,,,,,,,,,,,,,,,0.3264,-0.1186,0.4644,,4,-1.5,-0.0626,-0.2482,,,,,,,,,,,,,,,,,,2026-10-04T09:27:34.347Z,4,4,0.1651,0.14,
kommande,L1,2026/27,2027-02-28,,Paris SG,Lens,,,,,,,,,,,,,,,,,,,,,,,,,,,,,,,,,,,0.5258,-0.2737,-0.0592,,12,1.5,0.1782,-0.0545,,,,,,,,,,,,,,,,,,2026-10-04T09:27:34.347Z,3,5,0.1369,0.2533,
kommande,L1,2026/27,2027-03-06,,Angers,Auxerre,,,,,,,,,,,,,,,,,,,,,,,,,,,,,,,,,,,-0.8497,0.5459,-0.7208,,7,0.4286,0.3577,-0.0017,,,,,,,,,,,,,,,,,,2026-10-04T09:27:34.347Z,0,4,0,0.0612,
kommande,L1,2026/27,2027-03-06,,Le Havre,Nice,,,,,,,,,,,,,,,,,,,,,,,,,,,,,,,,,,,0.0432,-0.5144,0.3552,,6,-0.5,0.3074,-0.0982,,,,,,,,,,,,,,,,,,2026-10-04T09:27:34.347Z,3,4,0.0657,0.14,
kommande,L1,2026/27,2027-03-06,,Lens,Strasbourg,,,,,,,,,,,,,,,,,,,,,,,,,,,,,,,,,,,-1.071,1.0331,-0.9548,,13,0,-0.2055,-0.0406,,,,,,,,,,,,,,,,,,2026-10-04T09:27:34.347Z,5,3,0.2533,0.163,
kommande,L1,2026/27,2027-03-06,,Lille,Marseille,,,,,,,,,,,,,,,,,,,,,,,,,,,,,,,,,,,0.3469,0.0613,0.3339,,14,0.6429,0.3098,0.0731,,,,,,,,,,,,,,,,,,2026-10-04T09:27:34.347Z,3,4,0.1182,0.1881,
kommande,L1,2026/27,2027-03-06,,Monaco,Lyon,,,,,,,,,,,,,,,,,,,,,,,,,,,,,,,,,,,0.5562,-0.5232,0.4406,,13,-0.6923,-0.2432,-0.2563,,,,,,,,,,,,,,,,,,2026-10-04T09:27:34.347Z,2,1,0.0534,0.0079,
kommande,L1,2026/27,2027-03-06,,Paris FC,Brest,,,,,,,,,,,,,,,,,,,,,,,,,,,,,,,,,,,0.9783,-1.0049,1.1786,,,,,,,,,,,,,,,,,,,,,,,2026-10-04T09:27:34.347Z,3,4,0.1968,0.1716,
kommande,L1,2026/27,2027-03-06,,Paris SG,Rennes,,,,,,,,,,,,,,,,,,,,,,,,,,,,,,,,,,,-0.4821,0.2919,-0.587,,14,0.2143,-0.6418,0.0125,,,,,,,,,,,,,,,,,,2026-10-04T09:27:34.347Z,3,0,0.1369,0,
kommande,L1,2026/27,2027-03-06,,Toulouse,Le Mans,,,,,,,,,,,,,,,,,,,,,,,,,,,,,,,,,,,-0.3443,1.0499,-0.1166,,,,,,,,,,,,,,,,,,,,,,,2026-10-04T09:27:34.347Z,1,3,0.0404,0.1004,
kommande,L1,2026/27,2027-03-06,,Troyes,Lorient,,,,,,,,,,,,,,,,,,,,,,,,,,,,,,,,,,,0.1968,0.2659,0.0415,,5,0.6,0.411,0.1236,,,,,,,,,,,,,,,,,,2026-10-04T09:27:34.347Z,4,4,0.1651,0.0776,
kommande,L1,2026/27,2027-03-13,,Auxerre,Paris SG,,,,,,,,,,,,,,,,,,,,,,,,,,,,,,,,,,,0.7306,-0.8665,1.1709,,6,-2.5,-0.2045,0.0302,,,,,,,,,,,,,,,,,,2026-10-04T09:27:34.347Z,4,3,0.0612,0.1369,
kommande,L1,2026/27,2027-03-13,,Brest,Lille,,,,,,,,,,,,,,,,,,,,,,,,,,,,,,,,,,,-1.2142,1.3801,-0.3884,,13,-0.2308,0.2866,0.2126,,,,,,,,,,,,,,,,,,2026-10-04T09:27:34.347Z,4,3,0.1716,0.1182,
kommande,L1,2026/27,2027-03-13,,Le Havre,Lens,,,,,,,,,,,,,,,,,,,,,,,,,,,,,,,,,,,0.2391,-0.8686,0.1727,,6,-1,0.1357,0.1018,,,,,,,,,,,,,,,,,,2026-10-04T09:27:34.347Z,3,5,0.0657,0.2533,
kommande,L1,2026/27,2027-03-13,,Le Mans,Rennes,,,,,,,,,,,,,,,,,,,,,,,,,,,,,,,,,,,-0.4043,-0.4518,0.1035,,,,,,,,,,,,,,,,,,,,,,,2026-10-04T09:27:34.347Z,3,0,0.1004,0,
kommande,L1,2026/27,2027-03-13,,Lyon,Troyes,,,,,,,,,,,,,,,,,,,,,,,,,,,,,,,,,,,0.1007,-0.0763,0.0915,,4,3,0.8353,-0.1971,,,,,,,,,,,,,,,,,,2026-10-04T09:27:34.347Z,1,4,0.0079,0.1651,
kommande,L1,2026/27,2027-03-13,,Marseille,Monaco,,,,,,,,,,,,,,,,,,,,,,,,,,,,,,,,,,,-0.7543,0.2536,-0.7765,,14,0,0.1873,-0.1229,,,,,,,,,,,,,,,,,,2026-10-04T09:27:34.347Z,4,2,0.1881,0.0534,
kommande,L1,2026/27,2027-03-13,,Nice,Toulouse,,,,,,,,,,,,,,,,,,,,,,,,,,,,,,,,,,,-0.0634,-0.3867,-0.6971,,11,0,-0.2763,0.1752,,,,,,,,,,,,,,,,,,2026-10-04T09:27:34.347Z,4,1,0.14,0.0404,
kommande,L1,2026/27,2027-03-13,,Paris FC,Lorient,,,,,,,,,,,,,,,,,,,,,,,,,,,,,,,,,,,0.2103,0.3565,0.9212,,,,,,,,,,,,,,,,,,,,,,,2026-10-04T09:27:34.347Z,3,4,0.1968,0.0776,
kommande,L1,2026/27,2027-03-13,,Strasbourg,Angers,,,,,,,,,,,,,,,,,,,,,,,,,,,,,,,,,,,0.6643,-0.4388,0.5639,,11,0.5455,0.0564,-0.0089,,,,,,,,,,,,,,,,,,2026-10-04T09:27:34.347Z,3,0,0.163,0,
kommande,L1,2026/27,2027-03-20,,Angers,Le Mans,,,,,,,,,,,,,,,,,,,,,,,,,,,,,,,,,,,-0.1969,0.423,-0.2403,,,,,,,,,,,,,,,,,,,,,,,2026-10-04T09:27:34.347Z,0,3,0,0.1004,
kommande,L1,2026/27,2027-03-20,,Lens,Lille,,,,,,,,,,,,,,,,,,,,,,,,,,,,,,,,,,,-0.7717,0.7574,-0.3714,,12,-1,-0.361,-0.1194,,,,,,,,,,,,,,,,,,2026-10-04T09:27:34.347Z,5,3,0.2533,0.1182,
kommande,L1,2026/27,2027-03-20,,Lorient,Nice,,,,,,,,,,,,,,,,,,,,,,,,,,,,,,,,,,,0.1296,-0.3845,0.4229,,11,-0.2727,-0.0016,0.2732,,,,,,,,,,,,,,,,,,2026-10-04T09:27:34.347Z,4,4,0.0776,0.14,
kommande,L1,2026/27,2027-03-20,,Monaco,Le Havre,,,,,,,,,,,,,,,,,,,,,,,,,,,,,,,,,,,0.9401,-0.2037,0.6413,,7,1.2857,-0.2237,0.3553,,,,,,,,,,,,,,,,,,2026-10-04T09:27:34.347Z,2,3,0.0534,0.0657,
kommande,L1,2026/27,2027-03-20,,Paris SG,Strasbourg,,,,,,,,,,,,,,,,,,,,,,,,,,,,,,,,,,,-0.5452,0.7595,-1.014,,14,1.7143,0.0398,0.1004,,,,,,,,,,,,,,,,,,2026-10-04T09:27:34.347Z,3,3,0.1369,0.163,
kommande,L1,2026/27,2027-03-20,,Rennes,Paris FC,,,,,,,,,,,,,,,,,,,,,,,,,,,,,,,,,,,0.4721,-0.1834,-0.6338,,,,,,,,,,,,,,,,,,,,,,,2026-10-04T09:27:34.347Z,0,3,0,0.1968,
kommande,L1,2026/27,2027-03-20,,Toulouse,Brest,,,,,,,,,,,,,,,,,,,,,,,,,,,,,,,,,,,0.7017,-0.5901,0.5317,,11,-0.8182,-0.4742,0.0815,,,,,,,,,,,,,,,,,,2026-10-04T09:27:34.347Z,1,4,0.0404,0.1716,
kommande,L1,2026/27,2027-03-20,,Troyes,Auxerre,,,,,,,,,,,,,,,,,,,,,,,,,,,,,,,,,,,-0.7342,0.6675,-0.8298,,,,,,,,,,,,,,,,,,,,,,,2026-10-04T09:27:34.347Z,4,4,0.1651,0.0612,
kommande,L1,2026/27,2027-03-21,,Marseille,Lyon,,,,,,,,,,,,,,,,,,,,,,,,,,,,,,,,,,,-0.1982,-0.2696,-0.3358,,14,0.4286,0.2324,-0.1247,,,,,,,,,,,,,,,,,,2026-10-04T09:27:34.347Z,4,1,0.1881,0.0079,
kommande,L1,2026/27,2027-04-03,,Angers,Monaco,,,,,,,,,,,,,,,,,,,,,,,,,,,,,,,,,,,-0.7725,0.478,-0.4232,,12,-2,-0.3086,-0.0516,,,,,,,,,,,,,,,,,,2026-10-04T09:27:34.347Z,0,2,0,0.0534,
kommande,L1,2026/27,2027-04-03,,Auxerre,Lens,,,,,,,,,,,,,,,,,,,,,,,,,,,,,,,,,,,1.2564,-1.1402,1.1117,,7,-1.7143,-0.2184,-0.0868,,,,,,,,,,,,,,,,,,2026-10-04T09:27:34.347Z,4,5,0.0612,0.2533,
kommande,L1,2026/27,2027-04-03,,Brest,Lorient,,,,,,,,,,,,,,,,,,,,,,,,,,,,,,,,,,,-0.7679,1.3614,-0.2574,,10,0.3,0.1133,-0.1917,,,,,,,,,,,,,,,,,,2026-10-04T09:27:34.347Z,4,4,0.1716,0.0776,
kommande,L1,2026/27,2027-04-03,,Le Havre,Troyes,,,,,,,,,,,,,,,,,,,,,,,,,,,,,,,,,,,-0.2832,-0.3959,-0.1092,,,,,,,,,,,,,,,,,,,,,,,2026-10-04T09:27:34.347Z,3,4,0.0657,0.1651,
kommande,L1,2026/27,2027-04-03,,Le Mans,Marseille,,,,,,,,,,,,,,,,,,,,,,,,,,,,,,,,,,,0.1788,-0.1987,0.5937,,,,,,,,,,,,,,,,,,,,,,,2026-10-04T09:27:34.347Z,3,4,0.1004,0.1881,
kommande,L1,2026/27,2027-04-03,,Lille,Rennes,,,,,,,,,,,,,,,,,,,,,,,,,,,,,,,,,,,-0.2362,-0.1918,-0.1563,,15,1,0.3535,0.1175,,,,,,,,,,,,,,,,,,2026-10-04T09:27:34.347Z,3,0,0.1182,0,
kommande,L1,2026/27,2027-04-03,,Nice,Lyon,,,,,,,,,,,,,,,,,,,,,,,,,,,,,,,,,,,-0.4271,0.1949,-0.5559,,14,-0.4286,0.1363,-0.1004,,,,,,,,,,,,,,,,,,2026-10-04T09:27:34.347Z,4,1,0.14,0.0079,
kommande,L1,2026/27,2027-04-03,,Paris FC,Paris SG,,,,,,,,,,,,,,,,,,,,,,,,,,,,,,,,,,,0.01,-0.1085,1.2208,,,,,,,,,,,,,,,,,,,,,,,2026-10-04T09:27:34.347Z,3,3,0.1968,0.1369,
kommande,L1,2026/27,2027-04-03,,Strasbourg,Toulouse,,,,,,,,,,,,,,,,,,,,,,,,,,,,,,,,,,,0.8117,-1.0657,0.4402,,10,0.6,0.3211,-0.0809,,,,,,,,,,,,,,,,,,2026-10-04T09:27:34.347Z,3,1,0.163,0.0404,
kommande,L1,2026/27,2027-04-10,,Le Mans,Auxerre,,,,,,,,,,,,,,,,,,,,,,,,,,,,,,,,,,,-0.6528,0.1228,-0.4805,,,,,,,,,,,,,,,,,,,,,,,2026-10-04T09:27:34.347Z,3,4,0.1004,0.0612,
kommande,L1,2026/27,2027-04-10,,Lille,Toulouse,,,,,,,,,,,,,,,,,,,,,,,,,,,,,,,,,,,0.5124,-0.79,-0.1432,,12,1.5,0.3882,-0.0977,,,,,,,,,,,,,,,,,,2026-10-04T09:27:34.347Z,3,1,0.1182,0.0404,
kommande,L1,2026/27,2027-04-10,,Lorient,Lens,,,,,,,,,,,,,,,,,,,,,,,,,,,,,,,,,,,0.3255,-0.7386,0.2404,,11,-0.8182,0.0941,-0.0703,,,,,,,,,,,,,,,,,,2026-10-04T09:27:34.347Z,4,5,0.0776,0.2533,
kommande,L1,2026/27,2027-04-10,,Lyon,Strasbourg,,,,,,,,,,,,,,,,,,,,,,,,,,,,,,,,,,,-0.4481,0.4841,-0.5814,,14,0.8571,0.1656,-0.1086,,,,,,,,,,,,,,,,,,2026-10-04T09:27:34.347Z,1,3,0.0079,0.163,
kommande,L1,2026/27,2027-04-10,,Marseille,Brest,,,,,,,,,,,,,,,,,,,,,,,,,,,,,,,,,,,0.8672,-1.4414,0.0546,,13,0.9231,0.0347,-0.1644,,,,,,,,,,,,,,,,,,2026-10-04T09:27:34.347Z,4,4,0.1881,0.1716,
kommande,L1,2026/27,2027-04-10,,Monaco,Rennes,,,,,,,,,,,,,,,,,,,,,,,,,,,,,,,,,,,0.1712,-0.5067,0.2863,,14,1.2857,0.5361,-0.1185,,,,,,,,,,,,,,,,,,2026-10-04T09:27:34.347Z,2,0,0.0534,0,
kommande,L1,2026/27,2027-04-10,,Nice,Paris FC,,,,,,,,,,,,,,,,,,,,,,,,,,,,,,,,,,,-0.34,0.0281,-1.3441,,3,-2,-1.0104,0.0603,,,,,,,,,,,,,,,,,,2026-10-04T09:27:34.347Z,4,3,0.14,0.1968,
kommande,L1,2026/27,2027-04-10,,Paris SG,Le Havre,,,,,,,,,,,,,,,,,,,,,,,,,,,,,,,,,,,0.2867,0.5949,-0.2319,,6,2.5,0.2624,0.0104,,,,,,,,,,,,,,,,,,2026-10-04T09:27:34.347Z,3,3,0.1369,0.0657,
kommande,L1,2026/27,2027-04-10,,Troyes,Angers,,,,,,,,,,,,,,,,,,,,,,,,,,,,,,,,,,,0.1155,0.1216,-0.109,,5,-1.2,-0.368,-0.081,,,,,,,,,,,,,,,,,,2026-10-04T09:27:34.347Z,4,0,0.1651,0,
kommande,L1,2026/27,2027-04-17,,Angers,Lyon,,,,,,,,,,,,,,,,,,,,,,,,,,,,,,,,,,,-0.2163,-0.0453,0.0175,,12,-2.25,-0.3101,-0.1202,,,,,,,,,,,,,,,,,,2026-10-04T09:27:34.347Z,0,1,0,0.0079,
kommande,L1,2026/27,2027-04-17,,Auxerre,Lorient,,,,,,,,,,,,,,,,,,,,,,,,,,,,,,,,,,,0.9309,-0.4015,0.8713,,4,0.75,0.496,-0.0454,,,,,,,,,,,,,,,,,,2026-10-04T09:27:34.347Z,4,4,0.0612,0.0776,
kommande,L1,2026/27,2027-04-17,,Brest,Le Mans,,,,,,,,,,,,,,,,,,,,,,,,,,,,,,,,,,,-1.0461,1.6401,-0.6482,,,,,,,,,,,,,,,,,,,,,,,2026-10-04T09:27:34.347Z,4,3,0.1716,0.1004,
kommande,L1,2026/27,2027-04-17,,Le Havre,Marseille,,,,,,,,,,,,,,,,,,,,,,,,,,,,,,,,,,,-0.1857,-0.0499,0.1352,,6,-3,-0.6813,-0.2128,,,,,,,,,,,,,,,,,,2026-10-04T09:27:34.347Z,3,4,0.0657,0.1881,
kommande,L1,2026/27,2027-04-17,,Lens,Nice,,,,,,,,,,,,,,,,,,,,,,,,,,,,,,,,,,,-0.1959,0.3541,0.1825,,12,-1.25,-0.7826,-0.0259,,,,,,,,,,,,,,,,,,2026-10-04T09:27:34.347Z,5,4,0.2533,0.14,
kommande,L1,2026/27,2027-04-17,,Monaco,Strasbourg,,,,,,,,,,,,,,,,,,,,,,,,,,,,,,,,,,,0.1081,-0.0391,-0.1408,,15,0.6,-0.0891,0.0164,,,,,,,,,,,,,,,,,,2026-10-04T09:27:34.347Z,2,3,0.0534,0.163,
kommande,L1,2026/27,2027-04-17,,Paris SG,Lille,,,,,,,,,,,,,,,,,,,,,,,,,,,,,,,,,,,-0.2459,0.4838,-0.4306,,15,1.8,0.2286,0.047,,,,,,,,,,,,,,,,,,2026-10-04T09:27:34.347Z,3,3,0.1369,0.1182,
kommande,L1,2026/27,2027-04-17,,Rennes,Troyes,,,,,,,,,,,,,,,,,,,,,,,,,,,,,,,,,,,0.4857,-0.0929,0.2459,,4,1.5,-0.1187,0.2936,,,,,,,,,,,,,,,,,,2026-10-04T09:27:34.347Z,0,4,0,0.1651,
kommande,L1,2026/27,2027-04-17,,Toulouse,Paris FC,,,,,,,,,,,,,,,,,,,,,,,,,,,,,,,,,,,-0.2765,0.4148,-0.647,,,,,,,,,,,,,,,,,,,,,,,2026-10-04T09:27:34.347Z,1,3,0.0404,0.1968,
kommande,L1,2026/27,2027-04-24,,Le Mans,Le Havre,,,,,,,,,,,,,,,,,,,,,,,,,,,,,,,,,,,0.3646,-0.1488,0.4585,,,,,,,,,,,,,,,,,,,,,,,2026-10-04T09:27:34.347Z,3,3,0.1004,0.0657,
kommande,L1,2026/27,2027-04-24,,Lille,Monaco,,,,,,,,,,,,,,,,,,,,,,,,,,,,,,,,,,,-0.4074,0.3149,-0.4426,,13,0.6923,0.4357,0.0358,,,,,,,,,,,,,,,,,,2026-10-04T09:27:34.347Z,3,2,0.1182,0.0534,
kommande,L1,2026/27,2027-04-24,,Lorient,Paris SG,,,,,,,,,,,,,,,,,,,,,,,,,,,,,,,,,,,-0.2003,-0.465,0.2996,,10,-0.6,0.5462,0.2456,,,,,,,,,,,,,,,,,,2026-10-04T09:27:34.347Z,4,3,0.0776,0.1369,
kommande,L1,2026/27,2027-04-24,,Lyon,Brest,,,,,,,,,,,,,,,,,,,,,,,,,,,,,,,,,,,1.0654,-1.1718,0.3904,,13,0.4615,-0.3444,0.1452,,,,,,,,,,,,,,,,,,2026-10-04T09:27:34.347Z,1,4,0.0079,0.1716,
kommande,L1,2026/27,2027-04-24,,Marseille,Auxerre,,,,,,,,,,,,,,,,,,,,,,,,,,,,,,,,,,,-0.8316,0.3215,-1.0742,,6,1,-0.115,-0.2126,,,,,,,,,,,,,,,,,,2026-10-04T09:27:34.347Z,4,4,0.1881,0.0612,
kommande,L1,2026/27,2027-04-24,,Nice,Angers,,,,,,,,,,,,,,,,,,,,,,,,,,,,,,,,,,,-0.2108,0.2402,-0.5733,,12,1.5,0.5171,-0.1054,,,,,,,,,,,,,,,,,,2026-10-04T09:27:34.347Z,4,0,0.14,0,
kommande,L1,2026/27,2027-04-24,,Paris FC,Lens,,,,,,,,,,,,,,,,,,,,,,,,,,,,,,,,,,,0.5358,-0.3822,1.1616,,,,,,,,,,,,,,,,,,,,,,,2026-10-04T09:27:34.347Z,3,5,0.1968,0.2533,
kommande,L1,2026/27,2027-04-24,,Strasbourg,Rennes,,,,,,,,,,,,,,,,,,,,,,,,,,,,,,,,,,,0.0631,-0.4676,0.427,,14,-1.2857,-0.3113,-0.1301,,,,,,,,,,,,,,,,,,2026-10-04T09:27:34.347Z,3,0,0.163,0,
kommande,L1,2026/27,2027-04-24,,Troyes,Toulouse,,,,,,,,,,,,,,,,,,,,,,,,,,,,,,,,,,,0.2629,-0.5053,-0.2328,,,,,,,,,,,,,,,,,,,,,,,2026-10-04T09:27:34.347Z,4,1,0.1651,0.0404,
kommande,L1,2026/27,2027-05-01,,Auxerre,Lyon,,,,,,,,,,,,,,,,,,,,,,,,,,,,,,,,,,,0.6334,-0.5911,0.7383,,7,-1.2857,-0.0392,0.0641,,,,,,,,,,,,,,,,,,2026-10-04T09:27:34.347Z,4,1,0.0612,0.0079,
kommande,L1,2026/27,2027-05-01,,Le Havre,Paris FC,,,,,,,,,,,,,,,,,,,,,,,,,,,,,,,,,,,-0.2967,-0.4864,-0.9889,,,,,,,,,,,,,,,,,,,,,,,2026-10-04T09:27:34.347Z,3,3,0.0657,0.1968,
kommande,L1,2026/27,2027-05-01,,Lens,Le Mans,,,,,,,,,,,,,,,,,,,,,,,,,,,,,,,,,,,-0.6036,1.0173,-0.6312,,,,,,,,,,,,,,,,,,,,,,,2026-10-04T09:27:34.347Z,5,3,0.2533,0.1004,
kommande,L1,2026/27,2027-05-01,,Monaco,Lorient,,,,,,,,,,,,,,,,,,,,,,,,,,,,,,,,,,,0.8537,-0.3336,0.5736,,10,-0.3,-0.9392,0.2823,,,,,,,,,,,,,,,,,,2026-10-04T09:27:34.347Z,2,4,0.0534,0.0776,
kommande,L1,2026/27,2027-05-01,,Paris SG,Angers,,,,,,,,,,,,,,,,,,,,,,,,,,,,,,,,,,,0.1191,0.3206,-0.4501,,12,3,0.5206,-0.1395,,,,,,,,,,,,,,,,,,2026-10-04T09:27:34.347Z,3,0,0.1369,0,
kommande,L1,2026/27,2027-05-01,,Rennes,Nice,,,,,,,,,,,,,,,,,,,,,,,,,,,,,,,,,,,0.8121,-0.2114,0.7102,,14,-0.4286,-0.2772,-0.139,,,,,,,,,,,,,,,,,,2026-10-04T09:27:34.347Z,0,4,0,0.14,
kommande,L1,2026/27,2027-05-01,,Strasbourg,Lille,,,,,,,,,,,,,,,,,,,,,,,,,,,,,,,,,,,0.2993,-0.2757,0.5834,,14,-0.8571,-0.0425,-0.1339,,,,,,,,,,,,,,,,,,2026-10-04T09:27:34.347Z,3,3,0.163,0.1182,
kommande,L1,2026/27,2027-05-01,,Toulouse,Marseille,,,,,,,,,,,,,,,,,,,,,,,,,,,,,,,,,,,-0.1655,0.8513,0.4771,,11,-2.1818,-0.6703,0.0268,,,,,,,,,,,,,,,,,,2026-10-04T09:27:34.347Z,1,4,0.0404,0.1881,
kommande,L1,2026/27,2027-05-01,,Troyes,Brest,,,,,,,,,,,,,,,,,,,,,,,,,,,,,,,,,,,0.9647,-1.0954,0.2989,,4,-1.5,-0.6787,0.2154,,,,,,,,,,,,,,,,,,2026-10-04T09:27:34.347Z,4,4,0.1651,0.1716,
kommande,L1,2026/27,2027-05-08,,Angers,Toulouse,,,,,,,,,,,,,,,,,,,,,,,,,,,,,,,,,,,0.1474,-0.6269,-0.1238,,7,0,0.4676,-0.128,,,,,,,,,,,,,,,,,,2026-10-04T09:27:34.347Z,0,1,0,0.0404,
kommande,L1,2026/27,2027-05-08,,Brest,Auxerre,,,,,,,,,,,,,,,,,,,,,,,,,,,,,,,,,,,-1.6988,1.7629,-1.1287,,7,-0.4286,-0.4009,-0.0033,,,,,,,,,,,,,,,,,,2026-10-04T09:27:34.347Z,4,4,0.1716,0.0612,
kommande,L1,2026/27,2027-05-08,,Le Mans,Troyes,,,,,,,,,,,,,,,,,,,,,,,,,,,,,,,,,,,0.0814,-0.5446,0.3493,,,,,,,,,,,,,,,,,,,,,,,2026-10-04T09:27:34.347Z,3,4,0.1004,0.1651,
kommande,L1,2026/27,2027-05-08,,Lens,Monaco,,,,,,,,,,,,,,,,,,,,,,,,,,,,,,,,,,,-1.1791,1.0723,-0.814,,13,0.4615,0.4684,-0.018,,,,,,,,,,,,,,,,,,2026-10-04T09:27:34.347Z,5,2,0.2533,0.0534,
kommande,L1,2026/27,2027-05-08,,Lorient,Strasbourg,,,,,,,,,,,,,,,,,,,,,,,,,,,,,,,,,,,-0.7455,0.2945,-0.7144,,10,0,0.1186,0.1063,,,,,,,,,,,,,,,,,,2026-10-04T09:27:34.347Z,4,3,0.0776,0.163,
kommande,L1,2026/27,2027-05-08,,Nice,Marseille,,,,,,,,,,,,,,,,,,,,,,,,,,,,,,,,,,,-0.2289,0.4646,-0.22,,13,-0.4615,0.0316,-0.0499,,,,,,,,,,,,,,,,,,2026-10-04T09:27:34.347Z,4,4,0.14,0.1881,
kommande,L1,2026/27,2027-05-08,,Paris FC,Lille,,,,,,,,,,,,,,,,,,,,,,,,,,,,,,,,,,,-0.2359,0.3752,0.7902,,,,,,,,,,,,,,,,,,,,,,,2026-10-04T09:27:34.347Z,3,3,0.1968,0.1182,
kommande,L1,2026/27,2027-05-08,,Rennes,Le Havre,,,,,,,,,,,,,,,,,,,,,,,,,,,,,,,,,,,0.7689,0.303,0.355,,6,1.5,0.1311,0.2443,,,,,,,,,,,,,,,,,,2026-10-04T09:27:34.347Z,0,3,0,0.0657,
kommande,L1,2026/27,2027-05-09,,Lyon,Paris SG,,,,,,,,,,,,,,,,,,,,,,,,,,,,,,,,,,,0.0971,-0.2754,0.4326,,14,-1.5,-0.0333,-0.1326,,,,,,,,,,,,,,,,,,2026-10-04T09:27:34.347Z,1,3,0.0079,0.1369,
kommande,L1,2026/27,2027-05-16,,Auxerre,Rennes,,,,,,,,,,,,,,,,,,,,,,,,,,,,,,,,,,,0.2485,-0.5746,0.584,,6,0,0.3667,0.0735,,,,,,,,,,,,,,,,,,2026-10-04T09:27:34.347Z,4,0,0.0612,0,
kommande,L1,2026/27,2027-05-16,,Brest,Le Havre,,,,,,,,,,,,,,,,,,,,,,,,,,,,,,,,,,,-0.6815,1.4913,-0.1897,,7,2.1429,0.937,-0.2907,,,,,,,,,,,,,,,,,,2026-10-04T09:27:34.347Z,4,3,0.1716,0.0657,
kommande,L1,2026/27,2027-05-16,,Lille,Angers,,,,,,,,,,,,,,,,,,,,,,,,,,,,,,,,,,,0.365,-0.1631,-0.0194,,14,1.7143,0.2638,-0.0936,,,,,,,,,,,,,,,,,,2026-10-04T09:27:34.347Z,3,0,0.1182,0,
kommande,L1,2026/27,2027-05-16,,Lyon,Le Mans,,,,,,,,,,,,,,,,,,,,,,,,,,,,,,,,,,,0.0193,0.4683,-0.2578,,,,,,,,,,,,,,,,,,,,,,,2026-10-04T09:27:34.347Z,1,3,0.0079,0.1004,
kommande,L1,2026/27,2027-05-16,,Marseille,Lens,,,,,,,,,,,,,,,,,,,,,,,,,,,,,,,,,,,0.4248,-0.8187,0.0375,,12,-0.75,-0.4099,-0.1896,,,,,,,,,,,,,,,,,,2026-10-04T09:27:34.347Z,4,5,0.1881,0.2533,
kommande,L1,2026/27,2027-05-16,,Monaco,Paris FC,,,,,,,,,,,,,,,,,,,,,,,,,,,,,,,,,,,0.6433,-0.6901,-0.3476,,,,,,,,,,,,,,,,,,,,,,,2026-10-04T09:27:34.347Z,2,3,0.0534,0.1968,
kommande,L1,2026/27,2027-05-16,,Paris SG,Nice,,,,,,,,,,,,,,,,,,,,,,,,,,,,,,,,,,,0.33,0.0805,0.1233,,13,1.1538,-0.1135,-0.0426,,,,,,,,,,,,,,,,,,2026-10-04T09:27:34.347Z,3,4,0.1369,0.14,
kommande,L1,2026/27,2027-05-16,,Strasbourg,Troyes,,,,,,,,,,,,,,,,,,,,,,,,,,,,,,,,,,,0.5488,-0.5604,0.6729,,5,0,-0.5778,0.3378,,,,,,,,,,,,,,,,,,2026-10-04T09:27:34.347Z,3,4,0.163,0.1651,
kommande,L1,2026/27,2027-05-16,,Toulouse,Lorient,,,,,,,,,,,,,,,,,,,,,,,,,,,,,,,,,,,-0.0662,0.7712,0.2742,,7,1.2857,0.3266,0.2899,,,,,,,,,,,,,,,,,,2026-10-04T09:27:34.347Z,1,4,0.0404,0.0776,
kommande,L1,2026/27,2027-05-22,,Angers,Brest,,,,,,,,,,,,,,,,,,,,,,,,,,,,,,,,,,,0.8491,-1.217,0.4079,,12,-0.25,-0.049,-0.0439,,,,,,,,,,,,,,,,,,2026-10-04T09:27:34.347Z,0,4,0,0.1716,
kommande,L1,2026/27,2027-05-22,,Le Havre,Lille,,,,,,,,,,,,,,,,,,,,,,,,,,,,,,,,,,,-0.5326,-0.1112,-0.1987,,6,-1.5,-0.0328,-0.0603,,,,,,,,,,,,,,,,,,2026-10-04T09:27:34.347Z,3,3,0.0657,0.1182,
kommande,L1,2026/27,2027-05-22,,Le Mans,Strasbourg,,,,,,,,,,,,,,,,,,,,,,,,,,,,,,,,,,,-0.4674,0.0158,-0.3236,,,,,,,,,,,,,,,,,,,,,,,2026-10-04T09:27:34.347Z,3,3,0.1004,0.163,
kommande,L1,2026/27,2027-05-22,,Lens,Rennes,,,,,,,,,,,,,,,,,,,,,,,,,,,,,,,,,,,-1.008,0.5656,-0.5277,,12,1.5,0.6064,0.2236,,,,,,,,,,,,,,,,,,2026-10-04T09:27:34.347Z,5,0,0.2533,0,
kommande,L1,2026/27,2027-05-22,,Lorient,Lyon,,,,,,,,,,,,,,,,,,,,,,,,,,,,,,,,,,,-0.2975,-0.1896,-0.133,,10,-0.6,0.1959,0.1688,,,,,,,,,,,,,,,,,,2026-10-04T09:27:34.347Z,4,1,0.0776,0.0079,
kommande,L1,2026/27,2027-05-22,,Nice,Monaco,,,,,,,,,,,,,,,,,,,,,,,,,,,,,,,,,,,-0.9833,0.7182,-0.9965,,15,-0.4,0.1261,-0.0655,,,,,,,,,,,,,,,,,,2026-10-04T09:27:34.347Z,4,2,0.14,0.0534,
kommande,L1,2026/27,2027-05-22,,Paris FC,Marseille,,,,,,,,,,,,,,,,,,,,,,,,,,,,,,,,,,,0.111,0.4365,1.124,,3,0,0.524,0.1023,,,,,,,,,,,,,,,,,,2026-10-04T09:27:34.347Z,3,4,0.1968,0.1881,
kommande,L1,2026/27,2027-05-22,,Toulouse,Auxerre,,,,,,,,,,,,,,,,,,,,,,,,,,,,,,,,,,,-0.9971,1.1727,-0.5971,,6,0.5,-0.1644,0.2232,,,,,,,,,,,,,,,,,,2026-10-04T09:27:34.347Z,1,4,0.0404,0.0612,
kommande,L1,2026/27,2027-05-22,,Troyes,Paris SG,,,,,,,,,,,,,,,,,,,,,,,,,,,,,,,,,,,-0.0036,-0.199,0.3411,,4,-2.25,-0.0907,0.1247,,,,,,,,,,,,,,,,,,2026-10-04T09:27:34.347Z,4,3,0.1651,0.1369,
kommande,L1,2026/27,2027-05-29,,Auxerre,Le Havre,,,,,,,,,,,,,,,,,,,,,,,,,,,,,,,,,,,1.0173,-0.2716,0.939,,4,-2.25,-1.1863,-0.0427,,,,,,,,,,,,,,,,,,2026-10-04T09:27:34.347Z,4,3,0.0612,0.0657,
kommande,L1,2026/27,2027-05-29,,Brest,Lens,,,,,,,,,,,,,,,,,,,,,,,,,,,,,,,,,,,-0.4424,0.6227,-0.0171,,12,-0.75,-0.0011,-0.015,,,,,,,,,,,,,,,,,,2026-10-04T09:27:34.347Z,4,5,0.1716,0.2533,
kommande,L1,2026/27,2027-05-29,,Lille,Le Mans,,,,,,,,,,,,,,,,,,,,,,,,,,,,,,,,,,,0.1681,0.2599,-0.2598,,,,,,,,,,,,,,,,,,,,,,,2026-10-04T09:27:34.347Z,3,3,0.1182,0.1004,
kommande,L1,2026/27,2027-05-29,,Lyon,Paris FC,,,,,,,,,,,,,,,,,,,,,,,,,,,,,,,,,,,0.0871,-0.1669,-0.7882,,3,0,-0.502,0.7241,,,,,,,,,,,,,,,,,,2026-10-04T09:27:34.347Z,1,3,0.0079,0.1968,
kommande,L1,2026/27,2027-05-29,,Marseille,Lorient,,,,,,,,,,,,,,,,,,,,,,,,,,,,,,,,,,,0.0993,-0.08,-0.2029,,10,2.1,0.5574,-0.1349,,,,,,,,,,,,,,,,,,2026-10-04T09:27:34.347Z,4,4,0.1881,0.0776,
kommande,L1,2026/27,2027-05-29,,Monaco,Troyes,,,,,,,,,,,,,,,,,,,,,,,,,,,,,,,,,,,0.6569,-0.5996,0.5321,,4,0.75,-0.4286,0.0444,,,,,,,,,,,,,,,,,,2026-10-04T09:27:34.347Z,2,4,0.0534,0.1651,
kommande,L1,2026/27,2027-05-29,,Paris SG,Toulouse,,,,,,,,,,,,,,,,,,,,,,,,,,,,,,,,,,,0.2665,-0.3062,-0.5739,,9,2,0.1447,-0.0595,,,,,,,,,,,,,,,,,,2026-10-04T09:27:34.347Z,3,1,0.1369,0.0404,
kommande,L1,2026/27,2027-05-29,,Rennes,Angers,,,,,,,,,,,,,,,,,,,,,,,,,,,,,,,,,,,0.6013,0.0287,0.1369,,12,1.75,0.427,-0.1675,,,,,,,,,,,,,,,,,,2026-10-04T09:27:34.347Z,0,0,0,0,
kommande,L1,2026/27,2027-05-29,,Strasbourg,Nice,,,,,,,,,,,,,,,,,,,,,,,,,,,,,,,,,,,0.8752,-0.679,1.1373,,13,0.2308,0.101,0.0262,,,,,,,,,,,,,,,,,,2026-10-04T09:27:34.347Z,3,4,0.163,0.14,
