status,league,season,date,kickoff,home,away,hg,ag,res,hs,as,hst,ast,xg_h,xg_a,xg_src,referee,hc,ac,hf,af,hy,ay,hr,ar,open_h,open_d,open_a,close_h,close_d,close_a,pin_close,best_open_h,best_open_d,best_open_a,best_close_h,best_close_d,best_close_a,over25_open,over25_close,luck,gap,mres,rest,h2h_n,h2h_pts,h2h_res,h2h_draw,promo,releg,miss_h,miss_a,steam,book,pre_first_at,pre_first_h,pre_first_d,pre_first_a,pre_last_at,pre_last_h,pre_last_d,pre_last_a,pre_best_h,pre_best_d,pre_best_a
spelad,NO,2012,2012-03-23,,Molde,Stromsgodset,2,1,H,,,,,,,,,,,,,,,,,,,,0.5572,0.2534,0.1893,1,,,,1.76,4.09,6.5,,,,,,,,,,,0,0,,,,0.0459,,,,,,,,,,,
spelad,NO,2012,2012-03-24,,Honefoss,Lillestrom,0,0,D,,,,,,,,,,,,,,,,,,,,0.3798,0.28,0.3402,1,,,,2.6,3.5,2.88,,,,,,,,,,,0,0,,,,-0.0038,,,,,,,,,,,
spelad,NO,2012,2012-03-25,,Odd,Sogndal,0,4,A,,,,,,,,,,,,,,,,,,,,0.6027,0.2447,0.1526,1,,,,1.62,4,6.4,,,,,,,,,,,0,0,,,,-0.0364,,,,,,,,,,,
spelad,NO,2012,2012-03-25,,Rosenborg,Brann,3,1,H,,,,,,,,,,,,,,,,,,,,0.6392,0.1937,0.1672,1,,,,1.58,5.05,6,,,,,,,,,,,0,0,,,,-0.0518,,,,,,,,,,,
spelad,NO,2012,2012-03-25,,Stabaek,Aalesund,0,0,D,,,,,,,,,,,,,,,,,,,,0.3484,0.2821,0.3694,1,,,,2.81,3.47,2.65,,,,,,,,,,,0,0,,,,0.0087,,,,,,,,,,,
spelad,NO,2012,2012-03-25,,Tromso,Fredrikstad,1,0,H,,,,,,,,,,,,,,,,,,,,0.6195,0.237,0.1435,1,,,,1.7,4.13,6.82,,,,,,,,,,,0,0,,,,-0.1119,,,,,,,,,,,
spelad,NO,2012,2012-03-25,,Valerenga,Haugesund,2,1,H,,,,,,,,,,,,,,,,,,,,0.5218,0.2673,0.211,1,,,,1.88,3.9,4.84,,,,,,,,,,,0,0,,,,0.0296,,,,,,,,,,,
spelad,NO,2012,2012-03-26,,Sandnes,Viking,2,2,D,,,,,,,,,,,,,,,,,,,,0.3199,0.287,0.3931,1,,,,3.06,3.41,2.54,,,,,,,,,,,0,0,,,,0.0227,,,,,,,,,,,
spelad,NO,2012,2012-03-30,,Brann,Sandnes,3,1,H,,,,,,,,,,,,,,,,,,,,0.5827,0.2393,0.178,1,,,,1.68,4.09,6,,,,,,1,,,,,0,0,,,,-0.0154,,,,,,,,,,,
spelad,NO,2012,2012-03-31,,Stromsgodset,Valerenga,3,2,H,,,,,,,,,,,,,,,,,,,,0.4712,0.2715,0.2573,1,,,,2.35,3.61,3.81,,,,,,2,,,,,0,0,,,,-0.09,,,,,,,,,,,
spelad,NO,2012,2012-04-01,,Fredrikstad,Stabaek,5,1,H,,,,,,,,,,,,,,,,,,,,0.4901,0.2573,0.2526,1,,,,2,3.81,4.15,,,,,,0,,,,,0,0,,,,-0.0174,,,,,,,,,,,
spelad,NO,2012,2012-04-01,,Haugesund,Molde,2,0,H,,,,,,,,,,,,,,,,,,,,0.4173,0.2694,0.3133,1,,,,2.4,3.64,3.21,,,,,,-2,,,,,0,0,,,,0.0095,,,,,,,,,,,
spelad,NO,2012,2012-04-01,,Lillestrom,Rosenborg,2,2,D,,,,,,,,,,,,,,,,,,,,0.2972,0.2818,0.4209,1,,,,3.43,3.6,2.33,,,,,,1,,,,,0,0,,,,-0.0203,,,,,,,,,,,
spelad,NO,2012,2012-04-01,,Sogndal,Honefoss,0,0,D,,,,,,,,,,,,,,,,,,,,0.4786,0.2889,0.2325,1,,,,2.04,3.6,4.2,,,,,,-1,,,,,0,0,,,,-0.0287,,,,,,,,,,,
spelad,NO,2012,2012-04-01,,Viking,Odd,1,0,H,,,,,,,,,,,,,,,,,,,,0.5461,0.2519,0.202,1,,,,1.85,3.88,5.25,,,,,,-1,,,,,0,0,,,,-0.0556,,,,,,,,,,,
spelad,NO,2012,2012-04-02,,Aalesund,Tromso,0,0,D,,,,,,,,,,,,,,,,,,,,0.4506,0.2778,0.2716,1,,,,2.29,3.52,3.6,,,,,,0,,,,,0,0,,,,-0.0566,,,,,,,,,,,
spelad,NO,2012,2012-04-09,,Honefoss,Fredrikstad,1,1,D,,,,,,,,,,,,,,,,,,,,0.4249,0.2704,0.3048,1,,,,2.31,3.63,3.45,,,,,,0,,,,,0,0,,,,0.0114,,,,,,,,,,,
spelad,NO,2012,2012-04-09,,Molde,Brann,2,1,H,,,,,,,,,,,,,,,,,,,,0.6293,0.2148,0.1558,1,,,,1.57,4.69,6.3,,,,,,-2,,,,,0,0,,,,-0.0527,,,,,,,,,,,
spelad,NO,2012,2012-04-09,,Odd,Lillestrom,2,0,H,,,,,,,,,,,,,,,,,,,,0.4103,0.2724,0.3173,1,,,,2.39,3.6,3.3,,,,,,0,,,,,0,0,,,,0.0144,,,,,,,,,,,
spelad,NO,2012,2012-04-09,,Rosenborg,Sogndal,0,0,D,,,,,,,,,,,,,,,,,,,,0.7349,0.1761,0.0889,1,,,,1.35,5.55,11,,,,,,0,,,,,0,0,,,,-0.0506,,,,,,,,,,,
spelad,NO,2012,2012-04-09,,Sandnes,Aalesund,1,1,D,,,,,,,,,,,,,,,,,,,,0.383,0.2858,0.3312,1,,,,2.7,3.43,2.96,,,,,,3,,,,,0,0,,,,-0.0472,,,,,,,,,,,
spelad,NO,2012,2012-04-09,,Stromsgodset,Haugesund,3,3,D,,,,,,,,,,,,,,,,,,,,0.5049,0.2591,0.236,1,,,,2,3.9,4.15,,,,,,1,,,,,0,0,,,,-0.0501,,,,,,,,,,,
spelad,NO,2012,2012-04-09,,Tromso,Stabaek,3,0,H,,,,,,,,,,,,,,,,,,,,0.6767,0.2027,0.1205,1,,,,1.45,4.84,8.5,,,,,,-1,,,,,0,0,,,,-0.0353,,,,,,,,,,,
spelad,NO,2012,2012-04-10,,Valerenga,Viking,1,0,H,,,,,,,,,,,,,,,,,,,,0.4804,0.2776,0.242,1,,,,2.08,3.57,4.05,,,,,,1,,,,,0,0,,,,-0.0016,,,,,,,,,,,
spelad,NO,2012,2012-04-13,,Fredrikstad,Rosenborg,1,2,A,,,,,,,,,,,,,,,,,,,,0.3311,0.2572,0.4117,1,,,,3.22,3.81,2.38,,,,,,0,,,,,0,0,,,,-0.0517,,,,,,,,,,,
spelad,NO,2012,2012-04-15,,Aalesund,Odd,2,1,H,,,,,,,,,,,,,,,,,,,,0.5229,0.2622,0.2149,1,,,,1.87,3.73,4.87,,,,,,0,,,,,0,0,,,,-0.0242,,,,,,,,,,,
spelad,NO,2012,2012-04-15,,Brann,Stromsgodset,1,2,A,,,,,,,,,,,,,,,,,,,,0.4513,0.2767,0.272,1,,,,2.2,3.6,3.8,,,,,,0,,,,,0,0,,,,-0.013,,,,,,,,,,,
spelad,NO,2012,2012-04-15,,Lillestrom,Valerenga,1,1,D,,,,,,,,,,,,,,,,,,,,0.435,0.278,0.287,1,,,,2.29,3.53,3.41,,,,,,1,,,,,0,0,,,,-0.0341,,,,,,,,,,,
spelad,NO,2012,2012-04-15,,Sogndal,Haugesund,1,1,D,,,,,,,,,,,,,,,,,,,,0.3656,0.2832,0.3512,1,,,,2.68,3.46,2.85,,,,,,0,,,,,0,0,,,,0.0096,,,,,,,,,,,
spelad,NO,2012,2012-04-15,,Tromso,Sandnes,3,1,H,,,,,,,,,,,,,,,,,,,,0.7086,0.1873,0.104,1,,,,1.44,5.22,9.4,,,,,,0,,,,,0,0,,,,-0.0893,,,,,,,,,,,
spelad,NO,2012,2012-04-16,,Stabaek,Honefoss,0,2,A,,,,,,,,,,,,,,,,,,,,0.4188,0.273,0.3082,1,,,,2.34,3.6,3.33,,,,,,0,,,,,0,0,,,,-0.0009,,,,,,,,,,,
spelad,NO,2012,2012-04-16,,Viking,Molde,1,0,H,,,,,,,,,,,,,,,,,,,,0.4353,0.2775,0.2872,1,,,,2.29,3.6,3.41,,,,,,-1,,,,,0,0,,,,-0.056,,,,,,,,,,,
spelad,NO,2012,2012-04-20,,Valerenga,Sogndal,0,2,A,,,,,,,,,,,,,,,,,,,,0.529,0.2696,0.2014,1,,,,1.85,3.75,5.5,,,,,,0,,,,,0,0,,,,0.0407,,,,,,,,,,,
spelad,NO,2012,2012-04-21,,Haugesund,Brann,2,1,H,,,,,,,,,,,,,,,,,,,,0.6037,0.2253,0.171,1,,,,1.67,4.34,5.72,,,,,,0,,,,,0,0,,,,-0.0689,,,,,,,,,,,
spelad,NO,2012,2012-04-22,,Honefoss,Aalesund,3,1,H,,,,,,,,,,,,,,,,,,,,0.419,0.2901,0.2909,1,,,,2.45,3.38,3.37,,,,,,-1,,,,,0,0,,,,-0.0624,,,,,,,,,,,
spelad,NO,2012,2012-04-22,,Odd,Fredrikstad,1,1,D,,,,,,,,,,,,,,,,,,,,0.4789,0.2744,0.2467,1,,,,2.08,3.6,3.96,,,,,,-2,,,,,0,0,,,,-0.0327,,,,,,,,,,,
spelad,NO,2012,2012-04-22,,Rosenborg,Tromso,3,0,H,,,,,,,,,,,,,,,,,,,,0.5624,0.2453,0.1923,1,,,,1.74,4.4,5.5,,,,,,2,,,,,0,0,,,,0.02,,,,,,,,,,,
spelad,NO,2012,2012-04-22,,Sandnes,Stabaek,2,1,H,,,,,,,,,,,,,,,,,,,,0.4792,0.258,0.2628,1,,,,2.04,3.79,4,,,,,,1,,,,,0,0,,,,0.0184,,,,,,,,,,,
spelad,NO,2012,2012-04-22,,Stromsgodset,Viking,1,0,H,,,,,,,,,,,,,,,,,,,,0.5351,0.2654,0.1995,1,,,,1.85,4.2,4.91,,,,,,1,,,,,0,0,,,,-0.0477,,,,,,,,,,,
spelad,NO,2012,2012-04-23,,Molde,Lillestrom,3,2,H,,,,,,,,,,,,,,,,,,,,0.6322,0.2217,0.146,1,,,,1.58,4.42,6.71,,,,,,-1,,,,,0,0,,,,-0.0548,,,,,,,,,,,
spelad,NO,2012,2012-04-27,,Aalesund,Rosenborg,2,2,D,,,,,,,,,,,,,,,,,,,,0.3168,0.2837,0.3995,1,,,,3.3,3.53,2.45,,,,,-0.5663,0,,,,,0,0,,,,-0.0312,,,,,,,,,,,
spelad,NO,2012,2012-04-28,,Fredrikstad,Sandnes,3,4,A,,,,,,,,,,,,,,,,,,,,0.569,0.249,0.1819,1,,,,1.74,3.95,5.4,,,,,-0.039,0,,,,,0,0,,,,-0.0323,,,,,,,,,,,
spelad,NO,2012,2012-04-28,,Lillestrom,Stromsgodset,0,1,A,,,,,,,,,,,,,,,,,,,,0.3869,0.2945,0.3186,1,,,,2.54,3.5,3.3,,,,,-1.1395,-1,,,,,0,0,,,,0.0211,,,,,,,,,,,
spelad,NO,2012,2012-04-28,,Sogndal,Molde,2,1,H,,,,,,,,,,,,,,,,,,,,0.3181,0.3052,0.3768,1,,,,3.1,3.35,2.6,,,,,0.6742,3,,,,,0,0,,,,0.0062,,,,,,,,,,,
spelad,NO,2012,2012-04-28,,Stabaek,Odd,0,2,A,,,,,,,,,,,,,,,,,,,,0.3434,0.2652,0.3914,1,,,,2.85,3.69,2.6,,,,,-0.2902,0,,,,,0,0,,,,0.0173,,,,,,,,,,,
spelad,NO,2012,2012-04-28,,Tromso,Honefoss,0,0,D,,,,,,,,,,,,,,,,,,,,0.661,0.2095,0.1296,1,,,,1.49,4.67,8,,,,,-0.1722,0,,,,,0,0,,,,-0.0135,,,,,,,,,,,
spelad,NO,2012,2012-04-28,,Viking,Haugesund,0,2,A,,,,,,,,,,,,,,,,,,,,0.4851,0.2649,0.25,1,,,,2.04,3.7,3.94,,,,,-0.2091,-1,,,,,0,0,,,,-0.0337,,,,,,,,,,,
spelad,NO,2012,2012-04-29,,Brann,Valerenga,1,2,A,,,,,,,,,,,,,,,,,,,,0.4621,0.2752,0.2627,1,,,,2.12,3.57,3.75,,,,,-0.4287,-1,,,,,0,0,,,,-0.019,,,,,,,,,,,
spelad,NO,2012,2012-05-04,,Rosenborg,Stabaek,3,1,H,,,,,,,,,,,,,,,,,,,,0.8181,0.1236,0.0583,1,,,,1.21,7.94,16.85,,,,,1.139,1,,,,,0,0,,,,-0.0807,,,,,,,,,,,
spelad,NO,2012,2012-05-05,,Odd,Tromso,2,2,D,,,,,,,,,,,,,,,,,,,,0.4101,0.2817,0.3082,1,,,,2.5,3.48,3.18,,,,,-0.2871,0,,,,,0,0,,,,-0.0419,,,,,,,,,,,
spelad,NO,2012,2012-05-06,,Haugesund,Lillestrom,1,1,D,,,,,,,,,,,,,,,,,,,,0.5766,0.2345,0.1889,1,,,,1.7,4.23,5.55,,,,,1.27,0,,,,,0,0,,,,0.0015,,,,,,,,,,,
spelad,NO,2012,2012-05-06,,Molde,Aalesund,2,1,H,,,,,,,,,,,,,,,,,,,,0.5564,0.2564,0.1872,1,,,,1.79,3.85,5.5,,,,,0.0995,-1,,,,,0,0,,,,-0.0077,,,,,,,,,,,
spelad,NO,2012,2012-05-06,,Sandnes,Honefoss,1,0,H,,,,,,,,,,,,,,,,,,,,0.439,0.2789,0.2821,1,,,,2.29,3.51,3.47,,,,,-0.1919,0,,,,,0,0,,,,-0.0261,,,,,,,,,,,
spelad,NO,2012,2012-05-06,,Stromsgodset,Sogndal,3,0,H,,,,,,,,,,,,,,,,,,,,0.5938,0.2431,0.163,1,,,,1.67,4.03,6.01,,,,,-0.1852,0,,,,,0,0,,,,-0.0395,,,,,,,,,,,
spelad,NO,2012,2012-05-06,,Valerenga,Fredrikstad,3,2,H,,,,,,,,,,,,,,,,,,,,0.4915,0.2608,0.2476,1,,,,1.99,3.75,4.4,,,,,0.6912,-1,,,,,0,0,,,,0.0433,,,,,,,,,,,
spelad,NO,2012,2012-05-07,,Brann,Viking,0,0,D,,,,,,,,,,,,,,,,,,,,0.4131,0.2838,0.3031,1,,,,2.4,3.45,3.23,,,,,-0.478,-1,,,,,0,0,,,,-0.0052,,,,,,,,,,,
spelad,NO,2012,2012-05-12,,Stabaek,Molde,0,5,A,,,,,,,,,,,,,,,,,,,,0.2618,0.2675,0.4707,1,,,,4,3.66,2.08,,,,,-0.8886,2,,,,,0,0,,,,-0.0058,,,,,,,,,,,
spelad,NO,2012,2012-05-12,,Tromso,Valerenga,3,1,H,,,,,,,,,,,,,,,,,,,,0.5692,0.2418,0.189,1,,,,1.72,4.05,5.62,,,,,-0.3666,1,,,,,0,0,,,,-0.0083,,,,,,,,,,,
spelad,NO,2012,2012-05-13,,Aalesund,Stromsgodset,3,1,H,,,,,,,,,,,,,,,,,,,,0.3684,0.3006,0.331,1,,,,2.66,3.4,3.1,,,,,-1.1181,0,,,,,0,0,,,,0.0209,,,,,,,,,,,
spelad,NO,2012,2012-05-13,,Fredrikstad,Haugesund,0,0,D,,,,,,,,,,,,,,,,,,,,0.3703,0.2741,0.3556,1,,,,2.65,3.58,2.77,,,,,-0.8662,0,,,,,0,0,,,,0.0051,,,,,,,,,,,
spelad,NO,2012,2012-05-13,,Honefoss,Odd,1,4,A,,,,,,,,,,,,,,,,,,,,0.4171,0.2971,0.2858,1,,,,2.38,3.33,3.43,,,,,0.5093,-1,,,,,0,0,,,,-0.0144,,,,,,,,,,,
spelad,NO,2012,2012-05-13,,Lillestrom,Brann,3,4,A,,,,,,,,,,,,,,,,,,,,0.4917,0.2555,0.2528,1,,,,2.04,3.85,3.87,,,,,0.103,1,,,,,0,0,,,,-0.042,,,,,,,,,,,
spelad,NO,2012,2012-05-13,,Sandnes,Rosenborg,1,1,D,,,,,,,,,,,,,,,,,,,,0.2343,0.2661,0.4996,1,,,,4.4,3.85,1.96,,,,,0.2117,-2,,,,,0,0,,,,-0.0155,,,,,,,,,,,
spelad,NO,2012,2012-05-13,,Sogndal,Viking,1,2,A,,,,,,,,,,,,,,,,,,,,0.38,0.3026,0.3173,1,,,,2.58,3.3,3.2,,,,,0.9436,1,,,,,0,0,,,,0.0265,,,,,,,,,,,
spelad,NO,2012,2012-05-16,,Brann,Sogndal,5,0,H,,,,,,,,,,,,,,,,,,,,0.5629,0.2443,0.1928,1,,,,1.8,4.03,5.12,,,,,-0.7968,0,,,,,0,0,,,,-0.0572,,,,,,,,,,,
spelad,NO,2012,2012-05-16,,Haugesund,Aalesund,4,2,H,,,,,,,,,,,,,,,,,,,,0.5434,0.2602,0.1964,1,,,,1.8,4.2,5.04,,,,,0.3337,0,,,,,0,0,,,,-0.0024,,,,,,,,,,,
spelad,NO,2012,2012-05-16,,Molde,Fredrikstad,2,0,H,,,,,,,,,,,,,,,,,,,,0.6931,0.1951,0.1118,1,,,,1.45,5.2,8.74,,,,,0.7068,1,,,,,0,0,,,,-0.0423,,,,,,,,,,,
spelad,NO,2012,2012-05-16,,Odd,Sandnes,2,2,D,,,,,,,,,,,,,,,,,,,,0.5836,0.2351,0.1812,1,,,,1.68,4.2,5.45,,,,,-0.3911,0,,,,,0,0,,,,-0.0203,,,,,,,,,,,
spelad,NO,2012,2012-05-16,,Rosenborg,Honefoss,0,1,A,,,,,,,,,,,,,,,,,,,,0.7539,0.1583,0.0877,1,,,,1.32,6.19,11.17,,,,,0.085,0,,,,,0,0,,,,-0.0554,,,,,,,,,,,
spelad,NO,2012,2012-05-16,,Stromsgodset,Tromso,2,0,H,,,,,,,,,,,,,,,,,,,,0.4702,0.2771,0.2527,1,,,,2.12,3.55,3.87,,,,,0.3865,-1,,,,,0,0,,,,-0.0247,,,,,,,,,,,
spelad,NO,2012,2012-05-16,,Viking,Lillestrom,1,2,A,,,,,,,,,,,,,,,,,,,,0.5696,0.248,0.1824,1,,,,1.75,4.01,5.37,,,,,0.7441,0,,,,,0,0,,,,-0.0544,,,,,,,,,,,
spelad,NO,2012,2012-05-19,,Fredrikstad,Stromsgodset,2,3,A,,,,,,,,,,,,,,,,,,,,0.318,0.2855,0.3965,1,,,,3.08,3.53,2.5,,,,,-1.2967,0,,,,,0,0,,,,0.0294,,,,,,,,,,,
spelad,NO,2012,2012-05-19,,Honefoss,Valerenga,1,0,H,,,,,,,,,,,,,,,,,,,,0.4235,0.2688,0.3077,1,,,,2.4,3.64,3.25,,,,,0.1536,-4,,,,,0,0,,,,-0.0366,,,,,,,,,,,
spelad,NO,2012,2012-05-20,,Aalesund,Brann,2,0,H,,,,,,,,,,,,,,,,,,,,0.5022,0.2479,0.2498,1,,,,2,3.95,3.92,,,,,-0.005,0,,,,,0,0,,,,-0.0451,,,,,,,,,,,
spelad,NO,2012,2012-05-20,,Lillestrom,Sogndal,1,0,H,,,,,,,,,,,,,,,,,,,,0.5328,0.2445,0.2228,1,,,,1.85,4.01,4.8,,,,,-0.468,0,,,,,0,0,,,,-0.0303,,,,,,,,,,,
spelad,NO,2012,2012-05-20,,Rosenborg,Odd,0,0,D,,,,,,,,,,,,,,,,,,,,0.6584,0.2074,0.1342,1,,,,1.51,4.78,8.02,,,,,-0.4406,0,,,,,0,0,,,,-0.0147,,,,,,,,,,,
spelad,NO,2012,2012-05-20,,Sandnes,Molde,0,2,A,,,,,,,,,,,,,,,,,,,,0.3246,0.2785,0.3969,1,,,,3.4,3.52,2.49,,,,,0.2929,0,,,,,0,0,,,,-0.046,,,,,,,,,,,
spelad,NO,2012,2012-05-20,,Stabaek,Haugesund,0,2,A,,,,,,,,,,,,,,,,,,,,0.2201,0.2448,0.5351,1,,,,4.58,4,1.85,,,,,-1.3822,4,,,,,0,0,,,,0.0214,,,,,,,,,,,
spelad,NO,2012,2012-05-20,,Tromso,Viking,5,1,H,,,,,,,,,,,,,,,,,,,,0.5229,0.2723,0.2048,1,,,,1.88,3.75,4.8,,,,,0.0777,0,,,,,0,0,,,,-0.0044,,,,,,,,,,,
spelad,NO,2012,2012-05-23,,Brann,Fredrikstad,2,0,H,,,,,,,,,,,,,,,,,,,,0.5846,0.2338,0.1815,1,,,,1.7,4.47,5.5,,,,,0.423,-1,,,,,0,0,,,,-0.0271,,,,,,,,,,,
spelad,NO,2012,2012-05-23,,Sogndal,Sandnes,0,0,D,,,,,,,,,,,,,,,,,,,,0.4441,0.2921,0.2638,1,,,,2.24,3.55,3.9,,,,,-0.3557,0,,,,,0,0,,,,0.0055,,,,,,,,,,,
spelad,NO,2012,2012-05-23,,Stromsgodset,Odd,1,0,H,,,,,,,,,,,,,,,,,,,,0.6054,0.2346,0.16,1,,,,1.64,4.18,6.15,,,,,0.5443,1,,,,,0,0,,,,-0.0481,,,,,,,,,,,
spelad,NO,2012,2012-05-23,,Valerenga,Rosenborg,0,0,D,,,,,,,,,,,,,,,,,,,,0.3595,0.277,0.3635,1,,,,2.8,3.6,2.69,,,,,0.3346,1,,,,,0,0,,,,-0.0368,,,,,,,,,,,
spelad,NO,2012,2012-05-23,,Viking,Stabaek,1,0,H,,,,,,,,,,,,,,,,,,,,0.6397,0.2276,0.1326,1,,,,1.53,4.75,8.5,,,,,0.5306,0,,,,,0,0,,,,0.0159,,,,,,,,,,,
spelad,NO,2012,2012-05-24,,Haugesund,Honefoss,1,1,D,,,,,,,,,,,,,,,,,,,,0.6356,0.2266,0.1379,1,,,,1.57,4.32,7.1,,,,,-0.1098,-1,,,,,0,0,,,,-0.0662,,,,,,,,,,,
spelad,NO,2012,2012-05-24,,Lillestrom,Aalesund,0,0,D,,,,,,,,,,,,,,,,,,,,0.4086,0.2859,0.3055,1,,,,2.4,3.46,3.4,,,,,-0.3446,0,,,,,0,0,,,,0.0599,,,,,,,,,,,
spelad,NO,2012,2012-05-24,,Molde,Tromso,3,2,H,,,,,,,,,,,,,,,,,,,,0.529,0.2667,0.2043,1,,,,1.85,3.79,4.79,,,,,0.431,0,,,,,0,0,,,,-0.0019,,,,,,,,,,,
spelad,NO,2012,2012-05-28,,Honefoss,Molde,1,1,D,,,,,,,,,,,,,,,,,,,,0.288,0.269,0.443,1,,,,3.4,3.65,2.29,,,,,0.1597,0,,,,,0,0,,,,0.0428,,,,,,,,,,,
spelad,NO,2012,2012-05-28,,Sandnes,Haugesund,0,2,A,,,,,,,,,,,,,,,,,,,,0.3015,0.2707,0.4279,1,,,,3.25,3.63,2.4,,,,,0.1122,1,,,,,0,0,,,,0.0375,,,,,,,,,,,
spelad,NO,2012,2012-05-28,,Stabaek,Lillestrom,4,1,H,,,,,,,,,,,,,,,,,,,,0.3537,0.2848,0.3615,1,,,,3.12,3.44,2.71,,,,,-0.7422,1,,,,,0,0,,,,-0.0364,,,,,,,,,,,
spelad,NO,2012,2012-05-28,,Tromso,Brann,2,0,H,,,,,,,,,,,,,,,,,,,,0.6096,0.2167,0.1737,1,,,,1.65,4.55,5.75,,,,,0.0308,-1,,,,,0,0,,,,-0.0424,,,,,,,,,,,
spelad,NO,2012,2012-05-29,,Fredrikstad,Viking,3,0,H,,,,,,,,,,,,,,,,,,,,0.3511,0.2751,0.3738,1,,,,2.86,3.56,2.62,,,,,-0.6941,0,,,,,0,0,,,,-0.025,,,,,,,,,,,
spelad,NO,2012,2012-06-24,,Aalesund,Sogndal,2,2,D,,,,,,,,,,,,,,,,,,,,0.5541,0.2629,0.183,1,,,,1.77,3.84,5.83,,,,,0.2237,,,,,,0,0,,,,0.0216,,,,,,,,,,,
spelad,NO,2012,2012-06-24,,Rosenborg,Stromsgodset,3,3,D,,,,,,,,,,,,,,,,,,,,0.5827,0.2276,0.1897,1,,,,1.73,4.32,5.25,,,,,-1.3093,,,,,,0,0,,,,-0.0403,,,,,,,,,,,
spelad,NO,2012,2012-06-24,,Valerenga,Stabaek,1,2,A,,,,,,,,,,,,,,,,,,,,0.6453,0.2052,0.1495,1,,,,1.57,4.79,6.56,,,,,0.6537,,,,,,0,0,,,,-0.0506,,,,,,,,,,,
spelad,NO,2012,2012-06-29,,Sogndal,Fredrikstad,1,3,A,,,,,,,,,,,,,,,,,,,,0.4517,0.2761,0.2723,1,,,,2.17,3.59,3.6,,,,,0.4695,,,,,,0,0,,,,0.0024,,,,,,,,,,,
spelad,NO,2012,2012-06-30,,Brann,Stabaek,2,1,H,,,,,,,,,,,,,,,,,,,,0.6654,0.2021,0.1325,1,,,,1.5,5,7.47,,,,,0.0788,,,,,,0,0,,,,-0.0604,,,,,,,,,,,
spelad,NO,2012,2012-06-30,,Haugesund,Tromso,1,1,D,,,,,,,,,,,,,,,,,,,,0.4809,0.2637,0.2555,1,,,,2.1,3.72,4.2,,,,,0.6484,,,,,,0,0,,,,-0.0034,,,,,,,,,,,
spelad,NO,2012,2012-06-30,,Lillestrom,Sandnes,1,3,A,,,,,,,,,,,,,,,,,,,,0.4903,0.2694,0.2403,1,,,,2.04,3.65,4.33,,,,,-0.6026,,,,,,0,0,,,,-0.0141,,,,,,,,,,,
spelad,NO,2012,2012-06-30,,Molde,Odd,3,1,H,,,,,,,,,,,,,,,,,,,,0.6856,0.1969,0.1176,1,,,,1.45,4.98,9.35,,,,,0.585,,,,,,0,0,,,,-0.0516,,,,,,,,,,,
spelad,NO,2012,2012-06-30,,Stromsgodset,Honefoss,4,0,H,,,,,,,,,,,,,,,,,,,,0.6488,0.2134,0.1378,1,,,,1.56,4.59,7.2,,,,,0.3879,,,,,,0,0,,,,-0.0427,,,,,,,,,,,
spelad,NO,2012,2012-06-30,,Viking,Rosenborg,1,4,A,,,,,,,,,,,,,,,,,,,,0.3635,0.2689,0.3676,1,,,,2.74,3.65,2.79,,,,,0.0356,,,,,,0,0,,,,-0.0101,,,,,,,,,,,
spelad,NO,2012,2012-07-02,,Valerenga,Aalesund,0,0,D,,,,,,,,,,,,,,,,,,,,0.4399,0.2728,0.2873,1,,,,2.24,3.64,3.7,,,,,-0.2424,0,,,,,0,0,,,,0.0193,,,,,,,,,,,
spelad,NO,2012,2012-07-07,,Honefoss,Brann,2,1,H,,,,,,,,,,,,,,,,,,,,0.3891,0.2693,0.3416,1,,,,2.6,3.64,3,,,,,0.0525,0,,,,,0,0,,,,0.0186,,,,,,,,,,,
spelad,NO,2012,2012-07-07,,Tromso,Sogndal,1,1,D,,,,,,,,,,,,,,,,,,,,0.6865,0.1971,0.1163,1,,,,1.47,5,9,,,,,0.5072,-1,,,,,0,0,,,,-0.0202,,,,,,,,,,,
spelad,NO,2012,2012-07-08,,Aalesund,Viking,1,1,D,,,,,,,,,,,,,,,,,,,,0.5088,0.2705,0.2207,1,,,,2,3.75,4.45,,,,,0.5738,-2,,,,,0,0,,,,-0.0541,,,,,,,,,,,
spelad,NO,2012,2012-07-08,,Odd,Haugesund,2,1,H,,,,,,,,,,,,,,,,,,,,0.3322,0.2865,0.3813,1,,,,2.95,3.56,2.7,,,,,-0.2778,0,,,,,0,0,,,,0.0566,,,,,,,,,,,
spelad,NO,2012,2012-07-08,,Rosenborg,Molde,1,0,H,,,,,,,,,,,,,,,,,,,,0.4189,0.27,0.3111,1,,,,2.34,3.68,3.4,,,,,-1.0816,0,,,,,0,0,,,,0.0343,,,,,,,,,,,
spelad,NO,2012,2012-07-08,,Sandnes,Valerenga,0,2,A,,,,,,,,,,,,,,,,,,,,0.4458,0.281,0.2732,1,,,,2.23,3.6,3.59,,,,,0.8882,2,,,,,0,0,,,,-0.0241,,,,,,,,,,,
spelad,NO,2012,2012-07-08,,Stabaek,Stromsgodset,1,2,A,,,,,,,,,,,,,,,,,,,,0.2033,0.2462,0.5505,1,,,,4.82,4.2,1.8,,,,,-0.8797,0,,,,,0,0,,,,0.018,,,,,,,,,,,
spelad,NO,2012,2012-07-09,,Fredrikstad,Lillestrom,3,4,A,,,,,,,,,,,,,,,,,,,,0.5452,0.2405,0.2143,1,,,,1.85,4.13,4.75,,,,,0.1165,1,,,,,0,0,,,,-0.0351,,,,,,,,,,,
spelad,NO,2012,2012-07-11,,Odd,Valerenga,2,3,A,,,,,,,,,,,,,,,,,,,,0.4378,0.2747,0.2876,1,,,,2.37,3.57,3.42,,,,,0.3425,0,,,,,0,0,,,,-0.0078,,,,,,,,,,,
spelad,NO,2012,2012-07-13,,Lillestrom,Tromso,4,2,H,,,,,,,,,,,,,,,,,,,,0.2852,0.271,0.4439,1,,,,3.44,3.62,2.27,,,,,0.0712,-2,,,,,0,0,,,,0.0302,,,,,,,,,,,
spelad,NO,2012,2012-07-14,,Valerenga,Molde,1,2,A,,,,,,,,,,,,,,,,,,,,0.3149,0.2589,0.4262,1,,,,3.2,3.77,2.31,,,,,-0.6007,-3,,,,,0,0,,,,-0.0182,,,,,,,,,,,
spelad,NO,2012,2012-07-15,,Aalesund,Fredrikstad,3,0,H,,,,,,,,,,,,,,,,,,,,0.6451,0.2204,0.1345,1,,,,1.65,4.45,7.29,,,,,0.1684,1,,,,,0,0,,,,-0.0878,,,,,,,,,,,
spelad,NO,2012,2012-07-15,,Brann,Odd,6,2,H,,,,,,,,,,,,,,,,,,,,0.5414,0.2432,0.2154,1,,,,1.85,4.03,4.55,,,,,0.214,4,,,,,0,0,,,,-0.0568,,,,,,,,,,,
spelad,NO,2012,2012-07-15,,Haugesund,Rosenborg,0,1,A,,,,,,,,,,,,,,,,,,,,0.41,0.2677,0.3223,1,,,,2.43,3.7,3.11,,,,,0.1646,0,,,,,0,0,,,,-0.0042,,,,,,,,,,,
spelad,NO,2012,2012-07-15,,Sogndal,Stabaek,3,1,H,,,,,,,,,,,,,,,,,,,,0.4951,0.2628,0.2421,1,,,,2.1,3.75,4.34,,,,,-0.6483,1,,,,,0,0,,,,0.0197,,,,,,,,,,,
spelad,NO,2012,2012-07-15,,Viking,Honefoss,2,1,H,,,,,,,,,,,,,,,,,,,,0.5903,0.2408,0.1689,1,,,,1.7,4.09,5.8,,,,,-0.7069,-1,,,,,0,0,,,,-0.0668,,,,,,,,,,,
spelad,NO,2012,2012-07-16,,Stromsgodset,Sandnes,2,1,H,,,,,,,,,,,,,,,,,,,,0.7375,0.168,0.0945,1,,,,1.35,5.84,11,,,,,0.7597,0,,,,,0,0,,,,-0.0483,,,,,,,,,,,
spelad,NO,2012,2012-07-20,,Haugesund,Sogndal,0,0,D,,,,,,,,,,,,,,,,,,,,0.6159,0.2315,0.1525,1,,,,1.62,4.23,7,,,,,0.2671,0,,,,,0,0,,,,-0.0069,,,,,,,,,,,
spelad,NO,2012,2012-07-21,,Molde,Viking,1,2,A,,,,,,,,,,,,,,,,,,,,0.6461,0.214,0.1399,1,,,,1.54,4.76,7.75,,,,,0.8844,1,,,,,0,0,,,,-0.0046,,,,,,,,,,,
spelad,NO,2012,2012-07-22,,Brann,Aalesund,2,1,H,,,,,,,,,,,,,,,,,,,,0.467,0.2643,0.2687,1,,,,2.1,3.71,4,,,,,0.2743,0,,,,,0,0,,,,0.0272,,,,,,,,,,,
spelad,NO,2012,2012-07-22,,Fredrikstad,Honefoss,0,2,A,,,,,,,,,,,,,,,,,,,,0.5001,0.2642,0.2356,1,,,,2.04,3.71,4.16,,,,,-0.5952,0,,,,,0,0,,,,-0.0703,,,,,,,,,,,
spelad,NO,2012,2012-07-22,,Odd,Stromsgodset,2,1,H,,,,,,,,,,,,,,,,,,,,0.3384,0.2657,0.3959,1,,,,3,3.68,2.5,,,,,-0.7541,1,,,,,0,0,,,,-0.0154,,,,,,,,,,,
spelad,NO,2012,2012-07-22,,Stabaek,Valerenga,1,3,A,,,,,,,,,,,,,,,,,,,,0.2915,0.2633,0.4452,1,,,,3.42,3.75,2.2,,,,,0.1879,-1,,,,,0,0,,,,0.0048,,,,,,,,,,,
spelad,NO,2012,2012-07-23,,Rosenborg,Lillestrom,1,1,D,,,,,,,,,,,,,,,,,,,,0.6945,0.1823,0.1232,1,,,,1.44,5.39,8.75,,,,,-0.3555,-2,,,,,0,0,,,,-0.0418,,,,,,,,,,,
spelad,NO,2012,2012-07-27,,Stromsgodset,Fredrikstad,5,0,H,,,,,,,,,,,,,,,,,,,,0.7374,0.1706,0.0921,1,,,,1.35,5.75,11,,,,,1.0416,0,,,,,0,0,,,,-0.0549,,,,,,,,,,,
spelad,NO,2012,2012-07-28,,Lillestrom,Molde,1,1,D,,,,,,,,,,,,,,,,,,,,0.2684,0.2707,0.4609,1,,,,3.75,3.68,2.2,,,,,0.3152,-2,,,,,0,0,,,,0.0159,,,,,,,,,,,
spelad,NO,2012,2012-07-29,,Aalesund,Stabaek,3,1,H,,,,,,,,,,,,,,,,,,,,0.7193,0.187,0.0937,1,,,,1.4,5.23,10.44,,,,,-0.0971,0,,,,,0,0,,,,-0.0865,,,,,,,,,,,
spelad,NO,2012,2012-07-29,,Honefoss,Haugesund,3,2,H,,,,,,,,,,,,,,,,,,,,0.3775,0.2805,0.342,1,,,,2.6,3.5,2.92,,,,,1.0782,-2,,,,,0,0,,,,-0.0137,,,,,,,,,,,
spelad,NO,2012,2012-07-29,,Sogndal,Odd,0,1,A,,,,,,,,,,,,,,,,,,,,0.4057,0.2859,0.3084,1,,,,2.48,3.42,3.2,,,,,-0.1106,2,,,,,0,0,,,,-0.0087,,,,,,,,,,,
spelad,NO,2012,2012-07-29,,Tromso,Rosenborg,1,1,D,,,,,,,,,,,,,,,,,,,,0.4685,0.2632,0.2683,1,,,,2.2,3.72,3.65,,,,,-0.037,7,,,,,0,0,,,,-0.0431,,,,,,,,,,,
spelad,NO,2012,2012-07-29,,Viking,Sandnes,3,0,H,,,,,,,,,,,,,,,,,,,,0.6251,0.2267,0.1482,1,,,,1.6,4.33,6.62,,,,,0.1244,-5,,,,,0,0,,,,-0.0525,,,,,,,,,,,
spelad,NO,2012,2012-07-30,,Valerenga,Brann,1,1,D,,,,,,,,,,,,,,,,,,,,0.4414,0.2599,0.2987,1,,,,2.23,3.8,3.5,,,,,-0.33,0,,,,,0,0,,,,0.015,,,,,,,,,,,
spelad,NO,2012,2012-08-03,,Haugesund,Valerenga,4,2,H,,,,,,,,,,,,,,,,,,,,0.5628,0.2448,0.1924,1,,,,1.8,4.2,5.28,,,,,-0.6055,1,,,,,0,0,,,,-0.0455,,,,,,,,,,,
spelad,NO,2012,2012-08-04,,Honefoss,Stromsgodset,1,1,D,,,,,,,,,,,,,,,,,,,,0.2826,0.2547,0.4626,1,,,,3.47,3.85,2.22,,,,,0.1361,-2,,,,,0,0,,,,0.0173,,,,,,,,,,,
spelad,NO,2012,2012-08-04,,Molde,Sogndal,2,1,H,,,,,,,,,,,,,,,,,,,,0.675,0.2039,0.1211,1,,,,1.53,5,9,,,,,0.3431,1,,,,,0,0,,,,-0.034,,,,,,,,,,,
spelad,NO,2012,2012-08-05,,Fredrikstad,Tromso,2,0,H,,,,,,,,,,,,,,,,,,,,0.3252,0.2617,0.413,1,,,,3.15,3.74,2.4,,,,,0.0261,2,,,,,0,0,,,,-0.0106,,,,,,,,,,,
spelad,NO,2012,2012-08-05,,Odd,Viking,1,4,A,,,,,,,,,,,,,,,,,,,,0.471,0.2791,0.2499,1,,,,2.15,3.58,3.92,,,,,0.0429,0,,,,,0,0,,,,-0.0516,,,,,,,,,,,
spelad,NO,2012,2012-08-05,,Rosenborg,Aalesund,3,0,H,,,,,,,,,,,,,,,,,,,,0.584,0.2459,0.17,1,,,,1.76,4.5,5.77,,,,,0.174,0,,,,,0,0,,,,-0.0395,,,,,,,,,,,
spelad,NO,2012,2012-08-05,,Sandnes,Lillestrom,0,1,A,,,,,,,,,,,,,,,,,,,,0.3891,0.2739,0.337,1,,,,2.6,3.65,2.97,,,,,-0.615,-1,,,,,0,0,,,,-0.0141,,,,,,,,,,,
spelad,NO,2012,2012-08-06,,Stabaek,Brann,0,4,A,,,,,,,,,,,,,,,,,,,,0.2442,0.2485,0.5073,1,,,,4.01,3.94,1.98,,,,,-0.2215,1,,,,,0,0,,,,0.0322,,,,,,,,,,,
spelad,NO,2012,2012-08-10,,Valerenga,Odd,3,1,H,,,,,,,,,,,,,,,,,,,,0.4517,0.2723,0.2761,1,,,,2.25,3.6,3.7,,,,,0.0036,2,,,,,0,0,,,,-0.0174,,,,,,,,,,,
spelad,NO,2012,2012-08-11,,Brann,Haugesund,3,2,H,,,,,,,,,,,,,,,,,,,,0.4852,0.252,0.2628,1,,,,2.04,3.89,3.9,,,,,0.9955,-3,,,,,0,0,,,,0.0003,,,,,,,,,,,
spelad,NO,2012,2012-08-12,,Aalesund,Molde,0,1,A,,,,,,,,,,,,,,,,,,,,0.3188,0.272,0.4092,1,,,,3.08,3.61,2.5,,,,,-0.2381,-1,,,,,0,0,,,,0.0361,,,,,,,,,,,
spelad,NO,2012,2012-08-12,,Lillestrom,Honefoss,2,2,D,,,,,,,,,,,,,,,,,,,,0.5087,0.2646,0.2267,1,,,,2,3.71,4.36,,,,,-0.1841,-1,,,,,0,0,,,,-0.0423,,,,,,,,,,,
spelad,NO,2012,2012-08-12,,Sogndal,Rosenborg,0,3,A,,,,,,,,,,,,,,,,,,,,0.2545,0.2768,0.4688,1,,,,3.9,3.6,2.12,,,,,-0.6641,1,,,,,0,0,,,,0.0012,,,,,,,,,,,
spelad,NO,2012,2012-08-12,,Stabaek,Sandnes,2,1,H,,,,,,,,,,,,,,,,,,,,0.4082,0.2737,0.3181,1,,,,2.45,3.58,3.15,,,,,0.4566,-1,,,,,0,0,,,,-0.0267,,,,,,,,,,,
spelad,NO,2012,2012-08-12,,Tromso,Stromsgodset,4,0,H,,,,,,,,,,,,,,,,,,,,0.4245,0.2802,0.2954,1,,,,2.31,3.54,3.32,,,,,-0.7576,-1,,,,,0,0,,,,-0.0195,,,,,,,,,,,
spelad,NO,2012,2012-08-12,,Viking,Fredrikstad,3,0,H,,,,,,,,,,,,,,,,,,,,0.6583,0.2109,0.1308,1,,,,1.5,4.65,7.5,,,,,0.5671,0,,,,,0,0,,,,-0.0432,,,,,,,,,,,
spelad,NO,2012,2012-08-24,,Odd,Brann,1,0,H,,,,,,,,,,,,,,,,,,,,0.3918,0.2623,0.3459,1,,,,2.6,4.09,2.82,,,,,-0.5247,1,,,,,0,0,,,,-0.044,,,,,,,,,,,
spelad,NO,2012,2012-08-25,,Stromsgodset,Lillestrom,3,3,D,,,,,,,,,,,,,,,,,,,,0.6793,0.1903,0.1304,1,,,,1.45,5.3,7.5,,,,,-0.2571,0,,,,,0,0,,,,-0.0443,,,,,,,,,,,
spelad,NO,2012,2012-08-26,,Haugesund,Stabaek,4,1,H,,,,,,,,,,,,,,,,,,,,0.6835,0.1855,0.131,1,,,,1.45,5.3,8.19,,,,,-0.4205,1,,,,,0,0,,,,-0.0137,,,,,,,,,,,
spelad,NO,2012,2012-08-26,,Honefoss,Tromso,0,1,A,,,,,,,,,,,,,,,,,,,,0.3549,0.2781,0.367,1,,,,2.75,3.51,2.8,,,,,0.8953,0,,,,,0,0,,,,0.0222,,,,,,,,,,,
spelad,NO,2012,2012-08-26,,Molde,Valerenga,2,0,H,,,,,,,,,,,,,,,,,,,,0.6753,0.1941,0.1305,1,,,,1.55,5.09,7.49,,,,,-0.4326,-2,,,,,0,0,,,,-0.0713,,,,,,,,,,,
spelad,NO,2012,2012-08-26,,Rosenborg,Viking,1,1,D,,,,,,,,,,,,,,,,,,,,0.611,0.23,0.159,1,,,,1.62,4.36,6.15,,,,,0.0659,0,,,,,0,0,,,,-0.0461,,,,,,,,,,,
spelad,NO,2012,2012-08-26,,Sandnes,Sogndal,3,1,H,,,,,,,,,,,,,,,,,,,,0.4577,0.2802,0.2621,1,,,,2.29,3.48,3.72,,,,,-0.2653,0,,,,,0,0,,,,-0.0599,,,,,,,,,,,
spelad,NO,2012,2012-08-27,,Fredrikstad,Aalesund,1,3,A,,,,,,,,,,,,,,,,,,,,0.3385,0.2763,0.3851,1,,,,2.89,3.55,2.63,,,,,0.4299,0,,,,,0,0,,,,0.0338,,,,,,,,,,,
spelad,NO,2012,2012-08-31,,Valerenga,Sandnes,4,0,H,,,,,,,,,,,,,,,,,,,,0.5764,0.2303,0.1933,1,,,,1.7,4.23,5.4,,,,,0.8213,0,,,,,0,0,,,,-0.0054,,,,,,,,,,,
spelad,NO,2012,2012-09-01,,Lillestrom,Fredrikstad,1,2,A,,,,,,,,,,,,,,,,,,,,0.5513,0.2535,0.1952,1,,,,1.78,4.2,5.4,,,,,0.8627,2,,,,,0,0,,,,0.0074,,,,,,,,,,,
spelad,NO,2012,2012-09-02,,Aalesund,Honefoss,2,0,H,,,,,,,,,,,,,,,,,,,,0.576,0.2386,0.1854,1,,,,1.69,4.09,5.7,,,,,-0.4167,-1,,,,,0,0,,,,-0.0033,,,,,,,,,,,
spelad,NO,2012,2012-09-02,,Brann,Molde,4,1,H,,,,,,,,,,,,,,,,,,,,0.2986,0.2726,0.4288,1,,,,3.26,3.74,2.4,,,,,0.2237,2,,,,,0,0,,,,0.0695,,,,,,,,,,,
spelad,NO,2012,2012-09-02,,Haugesund,Odd,0,1,A,,,,,,,,,,,,,,,,,,,,0.5883,0.2261,0.1857,1,,,,1.7,4.32,5.35,,,,,-0.8434,-2,,,,,0,0,,,,-0.0424,,,,,,,,,,,
spelad,NO,2012,2012-09-02,,Sogndal,Stromsgodset,1,1,D,,,,,,,,,,,,,,,,,,,,0.289,0.2729,0.4381,1,,,,3.7,3.6,2.29,,,,,-0.31,-1,,,,,0,0,,,,0.0019,,,,,,,,,,,
spelad,NO,2012,2012-09-02,,Viking,Tromso,0,1,A,,,,,,,,,,,,,,,,,,,,0.4779,0.2826,0.2395,1,,,,2.08,3.55,4.07,,,,,0.8845,0,,,,,0,0,,,,-0.0164,,,,,,,,,,,
spelad,NO,2012,2012-09-03,,Stabaek,Rosenborg,0,2,A,,,,,,,,,,,,,,,,,,,,0.1481,0.2045,0.6474,1,,,,7.1,5.2,1.53,,,,,-1.1122,0,,,,,0,0,,,,0.028,,,,,,,,,,,
spelad,NO,2012,2012-09-14,,Stromsgodset,Aalesund,4,0,H,,,,,,,,,,,,,,,,,,,,0.6389,0.2158,0.1453,1,,,,1.6,4.53,6.73,,,,,-0.3735,0,,,,,0,0,,,,-0.071,,,,,,,,,,,
spelad,NO,2012,2012-09-15,,Molde,Haugesund,1,0,H,,,,,,,,,,,,,,,,,,,,0.6256,0.2112,0.1632,1,,,,1.56,4.75,7.2,,,,,0.6825,0,,,,,0,0,,,,0.0113,,,,,,,,,,,
spelad,NO,2012,2012-09-16,,Fredrikstad,Sogndal,2,1,H,,,,,,,,,,,,,,,,,,,,0.4642,0.2731,0.2628,1,,,,2.12,3.65,4.15,,,,,-0.0478,1,,,,,0,0,,,,0.0112,,,,,,,,,,,
spelad,NO,2012,2012-09-16,,Honefoss,Viking,2,2,D,,,,,,,,,,,,,,,,,,,,0.2901,0.2753,0.4346,1,,,,3.5,3.52,2.4,,,,,-0.4295,0,,,,,0,0,,,,0.0588,,,,,,,,,,,
spelad,NO,2012,2012-09-16,,Odd,Stabaek,1,2,A,,,,,,,,,,,,,,,,,,,,0.6709,0.1985,0.1306,1,,,,1.45,5,8,,,,,0.7719,1,,,,,0,0,,,,-0.044,,,,,,,,,,,
spelad,NO,2012,2012-09-16,,Rosenborg,Valerenga,3,0,H,,,,,,,,,,,,,,,,,,,,0.6691,0.1994,0.1315,1,,,,1.5,4.9,7.6,,,,,0.1916,-3,,,,,0,0,,,,-0.0417,,,,,,,,,,,
spelad,NO,2012,2012-09-16,,Sandnes,Brann,3,3,D,,,,,,,,,,,,,,,,,,,,0.339,0.2749,0.3861,1,,,,3.15,3.67,2.52,,,,,-0.8668,2,,,,,0,0,,,,-0.0641,,,,,,,,,,,
spelad,NO,2012,2012-09-17,,Tromso,Lillestrom,5,1,H,,,,,,,,,,,,,,,,,,,,0.676,0.2042,0.1198,1,,,,1.5,4.8,8.25,,,,,-0.4738,-1,,,,,0,0,,,,-0.0834,,,,,,,,,,,
spelad,NO,2012,2012-09-21,,Viking,Stromsgodset,3,2,H,,,,,,,,,,,,,,,,,,,,0.3772,0.28,0.3428,1,,,,2.59,3.6,3.3,,,,,1.0012,-2,,,,,0,0,,,,0.0266,,,,,,,,,,,
spelad,NO,2012,2012-09-22,,Aalesund,Lillestrom,1,2,A,,,,,,,,,,,,,,,,,,,,0.6087,0.2303,0.161,1,,,,1.67,4.23,6.05,,,,,-0.0904,3,,,,,0,0,,,,-0.0816,,,,,,,,,,,
spelad,NO,2012,2012-09-23,,Brann,Rosenborg,2,1,H,,,,,,,,,,,,,,,,,,,,0.3555,0.2611,0.3834,1,,,,2.75,3.75,2.6,,,,,0.1997,0,,,,,0,0,,,,-0.0034,,,,,,,,,,,
spelad,NO,2012,2012-09-23,,Haugesund,Sandnes,3,2,H,,,,,,,,,,,,,,,,,,,,0.5878,0.2329,0.1794,1,,,,1.66,4.5,6,,,,,-0.0773,1,,,,,0,0,,,,0.0162,,,,,,,,,,,
spelad,NO,2012,2012-09-23,,Odd,Molde,0,0,D,,,,,,,,,,,,,,,,,,,,0.3374,0.2818,0.3809,1,,,,3.1,3.6,2.58,,,,,0.0416,-1,,,,,0,0,,,,-0.0426,,,,,,,,,,,
spelad,NO,2012,2012-09-23,,Sogndal,Tromso,1,0,H,,,,,,,,,,,,,,,,,,,,0.2766,0.2855,0.4379,1,,,,3.6,3.45,2.31,,,,,-0.5776,1,,,,,0,0,,,,0.0341,,,,,,,,,,,
spelad,NO,2012,2012-09-23,,Stabaek,Fredrikstad,0,1,A,,,,,,,,,,,,,,,,,,,,0.3919,0.2681,0.34,1,,,,2.8,3.7,2.87,,,,,-0.1774,0,,,,,0,0,,,,-0.0581,,,,,,,,,,,
spelad,NO,2012,2012-09-24,,Valerenga,Honefoss,3,2,H,,,,,,,,,,,,,,,,,,,,0.628,0.2172,0.1548,1,,,,1.6,4.55,6.5,,,,,-0.064,0,,,,,0,0,,,,-0.0328,,,,,,,,,,,
spelad,NO,2012,2012-09-28,,Rosenborg,Haugesund,5,2,H,,,,,,,,,,,,,,,,,,,,0.6836,0.1906,0.1258,1,,,,1.45,5.13,8.25,,,,,0.4301,0,,,,,0,0,,,,-0.0284,,,,,,,,,,,
spelad,NO,2012,2012-09-29,,Lillestrom,Viking,0,0,D,,,,,,,,,,,,,,,,,,,,0.3837,0.2707,0.3456,1,,,,2.6,3.6,2.82,,,,,-0.5132,-1,,,,,0,0,,,,-0.0006,,,,,,,,,,,
spelad,NO,2012,2012-09-30,,Honefoss,Sogndal,0,0,D,,,,,,,,,,,,,,,,,,,,0.4374,0.2894,0.2732,1,,,,2.25,3.5,3.75,,,,,0.4732,-1,,,,,0,0,,,,-0.0096,,,,,,,,,,,
spelad,NO,2012,2012-09-30,,Molde,Stabaek,4,3,H,,,,,,,,,,,,,,,,,,,,0.8294,0.1172,0.0533,1,,,,1.44,8.35,19,,,,,0.0652,0,,,,,0,0,,,,-0.0915,,,,,,,,,,,
spelad,NO,2012,2012-09-30,,Sandnes,Odd,0,0,D,,,,,,,,,,,,,,,,,,,,0.4436,0.2711,0.2853,1,,,,2.5,3.6,3.42,,,,,-0.7885,0,,,,,0,0,,,,-0.0839,,,,,,,,,,,
spelad,NO,2012,2012-09-30,,Stromsgodset,Brann,2,0,H,,,,,,,,,,,,,,,,,,,,0.6641,0.1899,0.1459,1,,,,1.5,5.4,7.3,,,,,-1.2966,2,,,,,0,0,,,,-0.028,,,,,,,,,,,
spelad,NO,2012,2012-09-30,,Tromso,Aalesund,1,0,H,,,,,,,,,,,,,,,,,,,,0.6648,0.2167,0.1185,1,,,,1.55,4.51,8.25,,,,,0.3711,-1,,,,,0,0,,,,-0.0744,,,,,,,,,,,
spelad,NO,2012,2012-10-01,,Fredrikstad,Valerenga,1,2,A,,,,,,,,,,,,,,,,,,,,0.4535,0.2691,0.2775,1,,,,2.29,3.68,3.53,,,,,0.092,1,,,,,0,0,,,,-0.0463,,,,,,,,,,,
spelad,NO,2012,2012-10-05,,Valerenga,Stromsgodset,1,1,D,,,,,,,,,,,,,,,,,,,,0.2802,0.2621,0.4577,1,,,,3.48,3.75,2.2,,,,,0.6569,-1,,,,,0,0,,,,0.0245,,,,,,,,,,,
spelad,NO,2012,2012-10-06,,Viking,Aalesund,1,1,D,,,,,,,,,,,,,,,,,,,,0.5445,0.2585,0.1969,1,,,,1.82,3.95,5,,,,,0.6213,1,,,,,0,0,,,,-0.0105,,,,,,,,,,,
spelad,NO,2012,2012-10-07,,Haugesund,Fredrikstad,1,0,H,,,,,,,,,,,,,,,,,,,,0.5216,0.2527,0.2258,1,,,,1.87,4,5,,,,,-0.7213,3,,,,,0,0,,,,0.0322,,,,,,,,,,,
spelad,NO,2012,2012-10-07,,Molde,Sandnes,3,2,H,,,,,,,,,,,,,,,,,,,,0.735,0.1724,0.0926,1,,,,1.34,6.8,12,,,,,0.7738,0,,,,,0,0,,,,-0.0213,,,,,,,,,,,
spelad,NO,2012,2012-10-07,,Odd,Rosenborg,0,1,A,,,,,,,,,,,,,,,,,,,,0.3068,0.271,0.4223,1,,,,3.3,3.7,2.33,,,,,-0.2548,-2,,,,,0,0,,,,-0.0117,,,,,,,,,,,
spelad,NO,2012,2012-10-07,,Sogndal,Lillestrom,1,0,H,,,,,,,,,,,,,,,,,,,,0.4343,0.2792,0.2865,1,,,,2.25,3.55,3.65,,,,,-0.5329,-1,,,,,0,0,,,,-0.0061,,,,,,,,,,,
spelad,NO,2012,2012-10-07,,Stabaek,Tromso,0,1,A,,,,,,,,,,,,,,,,,,,,0.1554,0.2289,0.6157,1,,,,6.26,4.25,1.67,,,,,-0.4175,0,,,,,0,0,,,,0.0673,,,,,,,,,,,
spelad,NO,2012,2012-10-08,,Brann,Honefoss,3,2,H,,,,,,,,,,,,,,,,,,,,0.6056,0.2206,0.1738,1,,,,1.61,4.55,6.25,,,,,0.692,0,,,,,0,0,,,,-0.0056,,,,,,,,,,,
spelad,NO,2012,2012-10-19,,Rosenborg,Sandnes,2,0,H,,,,,,,,,,,,,,,,,,,,0.7625,0.1523,0.0852,1,,,,1.29,6.7,12,,,,,0.9949,0,,,,,0,0,,,,-0.0252,,,,,,,,,,,
spelad,NO,2012,2012-10-20,,Lillestrom,Odd,1,1,D,,,,,,,,,,,,,,,,,,,,0.4113,0.2753,0.3134,1,,,,2.37,3.56,3.5,,,,,0.3043,0,,,,,0,0,,,,0.0347,,,,,,,,,,,
spelad,NO,2012,2012-10-21,,Aalesund,Valerenga,3,1,H,,,,,,,,,,,,,,,,,,,,0.4974,0.2545,0.2481,1,,,,2,3.83,4,,,,,-0.7023,-1,,,,,0,0,,,,-0.0379,,,,,,,,,,,
spelad,NO,2012,2012-10-21,,Honefoss,Stabaek,0,0,D,,,,,,,,,,,,,,,,,,,,0.6292,0.2093,0.1615,1,,,,1.57,4.8,6.75,,,,,-0.4554,-1,,,,,0,0,,,,-0.0196,,,,,,,,,,,
spelad,NO,2012,2012-10-21,,Stromsgodset,Molde,1,1,D,,,,,,,,,,,,,,,,,,,,0.5203,0.2333,0.2463,1,,,,2,4.17,4.01,,,,,-0.86,2,,,,,0,0,,,,-0.0585,,,,,,,,,,,
spelad,NO,2012,2012-10-21,,Tromso,Haugesund,2,0,H,,,,,,,,,,,,,,,,,,,,0.6714,0.2085,0.1202,1,,,,1.45,4.8,8.1,,,,,0.5912,0,,,,,0,0,,,,-0.02,,,,,,,,,,,
spelad,NO,2012,2012-10-21,,Viking,Sogndal,2,1,H,,,,,,,,,,,,,,,,,,,,0.5841,0.2439,0.172,1,,,,1.68,4,6,,,,,0.2317,1,,,,,0,0,,,,-0.0153,,,,,,,,,,,
spelad,NO,2012,2012-10-22,,Fredrikstad,Brann,3,4,A,,,,,,,,,,,,,,,,,,,,0.4418,0.2574,0.3008,1,,,,2.25,4.25,3.26,,,,,-0.264,1,,,,,0,0,,,,-0.0226,,,,,,,,,,,
spelad,NO,2012,2012-10-26,,Haugesund,Stromsgodset,2,3,A,,,,,,,,,,,,,,,,,,,,0.3245,0.2542,0.4214,1,,,,3,3.85,2.38,,,,,0.2645,0,,,,,0,0,,,,0.0033,,,,,,,,,,,
spelad,NO,2012,2012-10-27,,Sandnes,Fredrikstad,5,1,H,,,,,,,,,,,,,,,,,,,,0.4726,0.2719,0.2555,1,,,,2.12,3.7,4,,,,,-0.298,3,,,,,0,0,,,,-0.0272,,,,,,,,,,,
spelad,NO,2012,2012-10-28,,Molde,Rosenborg,2,0,H,,,,,,,,,,,,,,,,,,,,0.4623,0.2629,0.2748,1,,,,2.15,3.75,3.8,,,,,-0.127,-2,,,,,0,0,,,,-0.0148,,,,,,,,,,,
spelad,NO,2012,2012-10-28,,Odd,Honefoss,4,0,H,,,,,,,,,,,,,,,,,,,,0.5807,0.2345,0.1848,1,,,,1.75,4.16,5.28,,,,,0.4988,1,,,,,0,0,,,,-0.0577,,,,,,,,,,,
spelad,NO,2012,2012-10-28,,Sogndal,Aalesund,1,1,D,,,,,,,,,,,,,,,,,,,,0.4013,0.2911,0.3076,1,,,,2.43,3.45,3.82,,,,,-0.0464,0,,,,,0,0,,,,0.0461,,,,,,,,,,,
spelad,NO,2012,2012-10-28,,Stabaek,Viking,0,1,A,,,,,,,,,,,,,,,,,,,,0.252,0.258,0.49,1,,,,4.4,3.8,2,,,,,0.0462,0,,,,,0,0,,,,-0.032,,,,,,,,,,,
spelad,NO,2012,2012-10-28,,Valerenga,Tromso,1,0,H,,,,,,,,,,,,,,,,,,,,0.3129,0.2749,0.4123,1,,,,3.13,3.56,2.45,,,,,-0.4745,0,,,,,0,0,,,,0.0273,,,,,,,,,,,
spelad,NO,2012,2012-10-29,,Brann,Lillestrom,2,3,A,,,,,,,,,,,,,,,,,,,,0.5689,0.2268,0.2044,1,,,,1.73,4.4,5.25,,,,,0.9831,-2,,,,,0,0,,,,0.0197,,,,,,,,,,,
spelad,NO,2012,2012-11-02,,Fredrikstad,Odd,4,2,H,,,,,,,,,,,,,,,,,,,,0.4348,0.2618,0.3034,1,,,,2.29,3.72,3.3,,,,,-0.2536,1,,,,,0,0,,,,-0.0147,,,,,,,,,,,
spelad,NO,2012,2012-11-03,,Tromso,Molde,1,1,D,,,,,,,,,,,,,,,,,,,,0.4496,0.2756,0.2748,1,,,,2.29,3.6,3.55,,,,,0.208,0,,,,,0,0,,,,-0.0803,,,,,,,,,,,
spelad,NO,2012,2012-11-04,,Aalesund,Haugesund,2,2,D,,,,,,,,,,,,,,,,,,,,0.4516,0.273,0.2754,1,,,,2.14,3.65,3.87,,,,,0.3272,-2,,,,,0,0,,,,0.0463,,,,,,,,,,,
spelad,NO,2012,2012-11-04,,Honefoss,Sandnes,1,1,D,,,,,,,,,,,,,,,,,,,,0.4164,0.2892,0.2944,1,,,,2.4,3.5,3.5,,,,,-0.6898,-1,,,,,0,0,,,,-0.0006,,,,,,,,,,,
spelad,NO,2012,2012-11-04,,Lillestrom,Stabaek,6,0,H,,,,,,,,,,,,,,,,,,,,0.6549,0.2054,0.1396,1,,,,1.49,5,8,,,,,0.2832,-1,,,,,0,0,,,,0.0168,,,,,,,,,,,
spelad,NO,2012,2012-11-04,,Stromsgodset,Rosenborg,2,1,H,,,,,,,,,,,,,,,,,,,,0.4926,0.2445,0.2629,1,,,,2,4,3.72,,,,,-0.2815,2,,,,,0,0,,,,-0.0323,,,,,,,,,,,
spelad,NO,2012,2012-11-04,,Viking,Brann,2,1,H,,,,,,,,,,,,,,,,,,,,0.5947,0.2202,0.1851,1,,,,1.7,5.25,5.28,,,,,-0.1688,1,,,,,0,0,,,,-0.0525,,,,,,,,,,,
spelad,NO,2012,2012-11-05,,Sogndal,Valerenga,1,0,H,,,,,,,,,,,,,,,,,,,,0.4642,0.2738,0.262,1,,,,2.15,3.65,3.72,,,,,-0.4591,0,,,,,0,0,,,,-0.0186,,,,,,,,,,,
spelad,NO,2012,2012-11-07,,Sandnes,Tromso,5,1,H,,,,,,,,,,,,,,,,,,,,0.4157,0.2799,0.3043,1,,,,2.6,3.55,3.21,,,,,-0.4646,-1,,,,,0,0,,,,-0.0664,,,,,,,,,,,
spelad,NO,2012,2012-11-11,,Brann,Tromso,0,2,A,,,,,,,,,,,,,,,,,,,,0.4154,0.2624,0.3222,1,,,,2.4,3.8,3.15,,,,,0.5259,3,,,,,0,0,,,,0.0007,,,,,,,,,,,
spelad,NO,2012,2012-11-11,,Haugesund,Viking,1,0,H,,,,,,,,,,,,,,,,,,,,0.4288,0.2797,0.2914,1,,,,2.27,3.7,3.4,,,,,-0.5417,0,,,,,0,0,,,,-0.0152,,,,,,,,,,,
spelad,NO,2012,2012-11-11,,Molde,Honefoss,1,0,H,,,,,,,,,,,,,,,,,,,,0.7906,0.143,0.0664,1,,,,1.25,6.83,15,,,,,0.8267,1,,,,,0,0,,,,-0.0824,,,,,,,,,,,
spelad,NO,2012,2012-11-11,,Odd,Aalesund,3,0,H,,,,,,,,,,,,,,,,,,,,0.5707,0.2416,0.1877,1,,,,1.8,4.09,5.5,,,,,-0.0358,2,,,,,0,0,,,,-0.061,,,,,,,,,,,
spelad,NO,2012,2012-11-11,,Rosenborg,Fredrikstad,0,1,A,,,,,,,,,,,,,,,,,,,,0.6981,0.1671,0.1348,1,,,,1.4,5.85,9,,,,,-0.0706,-2,,,,,0,0,,,,-0.0062,,,,,,,,,,,
spelad,NO,2012,2012-11-11,,Sandnes,Stromsgodset,2,1,H,,,,,,,,,,,,,,,,,,,,0.3181,0.2659,0.416,1,,,,3.4,3.8,2.34,,,,,-0.1289,-3,,,,,0,0,,,,-0.0347,,,,,,,,,,,
spelad,NO,2012,2012-11-11,,Stabaek,Sogndal,2,1,H,,,,,,,,,,,,,,,,,,,,0.2663,0.2738,0.4598,1,,,,4.3,3.65,2.12,,,,,-0.5073,1,,,,,0,0,,,,-0.0678,,,,,,,,,,,
spelad,NO,2012,2012-11-11,,Valerenga,Lillestrom,1,2,A,,,,,,,,,,,,,,,,,,,,0.425,0.2689,0.3061,1,,,,2.31,3.7,3.4,,,,,0.2667,-1,,,,,0,0,,,,0.0248,,,,,,,,,,,
spelad,NO,2012,2012-11-18,,Aalesund,Sandnes,3,1,H,,,,,,,,,,,,,,,,,,,,0.3723,0.2554,0.3723,1,,,,2.8,3.9,2.62,,,,,-0.7103,0,,,,,0,0,,,,-0.0396,,,,,,,,,,,
spelad,NO,2012,2012-11-18,,Fredrikstad,Molde,0,2,A,,,,,,,,,,,,,,,,,,,,0.4371,0.2267,0.3361,1,,,,2.35,4.3,3,,,,,-0.1925,0,,,,,0,0,,,,-0.0424,,,,,,,,,,,
spelad,NO,2012,2012-11-18,,Honefoss,Rosenborg,1,4,A,,,,,,,,,,,,,,,,,,,,0.3401,0.2757,0.3842,1,,,,2.87,3.8,2.58,,,,,-0.3398,0,,,,,0,0,,,,0.0093,,,,,,,,,,,
spelad,NO,2012,2012-11-18,,Lillestrom,Haugesund,0,0,D,,,,,,,,,,,,,,,,,,,,0.4782,0.2581,0.2637,1,,,,2.09,3.85,3.75,,,,,0.5,0,,,,,0,0,,,,-0.0111,,,,,,,,,,,
spelad,NO,2012,2012-11-18,,Sogndal,Brann,2,0,H,,,,,,,,,,,,,,,,,,,,0.6166,0.2175,0.166,1,,,,1.67,4.48,5.87,,,,,0.1701,0,,,,,0,0,,,,-0.0794,,,,,,,,,,,
spelad,NO,2012,2012-11-18,,Stromsgodset,Stabaek,3,1,H,,,,,,,,,,,,,,,,,,,,0.798,0.127,0.075,0,,,,1.21,8.56,15.46,,,,,-0.0495,0,,,,,0,0,,,,,,,,,,,,,,,
spelad,NO,2012,2012-11-18,,Tromso,Odd,0,1,A,,,,,,,,,,,,,,,,,,,,0.6291,0.2167,0.1543,1,,,,1.62,4.5,6.5,,,,,0.3093,0,,,,,0,0,,,,-0.0452,,,,,,,,,,,
spelad,NO,2012,2012-11-18,,Viking,Valerenga,2,1,H,,,,,,,,,,,,,,,,,,,,0.6136,0.2168,0.1697,1,,,,1.7,4.55,5.8,,,,,0.2053,0,,,,,0,0,,,,-0.072,,,,,,,,,,,
spelad,NO,2012,2012-11-21,,Ull/Kisa,Sandnes,0,4,A,,,,,,,,,,,,,,,,,,,,0.276,0.2398,0.4843,1,,,,3.9,4.04,2.04,,,,,,,,,,,0,0,,,,-0.0257,,,,,,,,,,,
spelad,NO,2012,2012-11-24,,Sandnes,Ull/Kisa,3,1,H,,,,,,,,,,,,,,,,,,,,0.7545,0.157,0.0885,1,,,,1.29,6.2,11,,,,,,0,,,,,0,0,,,,-0.033,,,,,,,,,,,
spelad,NO,2013,2013-03-15,,Viking,Molde,2,1,H,,,,,,,,,,,,,,,,,,,,0.3774,0.2969,0.3257,1,,,,2.75,3.45,2.99,,,,,-0.084,,,,,,0,0,,,,-0.0493,,,,,,,,,,,
spelad,NO,2013,2013-03-16,,Aalesund,Haugesund,3,0,H,,,,,,,,,,,,,,,,,,,,0.4627,0.2735,0.2639,1,,,,2.11,3.57,3.86,,,,,-0.2939,,,,,,0,0,,,,-0.0301,,,,,,,,,,,
spelad,NO,2013,2013-03-16,,Brann,Valerenga,3,1,H,,,,,,,,,,,,,,,,,,,,0.4689,0.2724,0.2587,1,,,,2.25,3.6,3.8,,,,,-0.1548,,,,,,0,0,,,,-0.0614,,,,,,,,,,,
spelad,NO,2013,2013-03-17,,Lillestrom,Sarpsborg 08,2,2,D,,,,,,,,,,,,,,,,,,,,0.4787,0.269,0.2523,1,,,,2.06,3.75,4.33,,,,,,,,,,,-1,0,,,,0.0392,,,,,,,,,,,
spelad,NO,2013,2013-03-17,,Odd,Rosenborg,0,1,A,,,,,,,,,,,,,,,,,,,,0.3117,0.2836,0.4048,1,,,,3.13,3.53,2.45,,,,,0.3539,,,,,,0,0,,,,0.0075,,,,,,,,,,,
spelad,NO,2013,2013-03-17,,Sogndal,Tromso,2,2,D,,,,,,,,,,,,,,,,,,,,0.3422,0.2938,0.364,1,,,,2.85,3.4,2.75,,,,,0.4654,,,,,,0,0,,,,0.0189,,,,,,,,,,,
spelad,NO,2013,2013-03-17,,Start,Honefoss,3,2,H,,,,,,,,,,,,,,,,,,,,0.5637,0.2432,0.1931,1,,,,1.85,4.01,5.09,,,,,,,,,,,1,0,,,,-0.0614,,,,,,,,,,,
spelad,NO,2013,2013-03-17,,Stromsgodset,Sandnes,2,0,H,,,,,,,,,,,,,,,,,,,,0.6604,0.2102,0.1294,1,,,,1.49,4.65,8,,,,,-0.5866,,,,,,0,0,,,,-0.026,,,,,,,,,,,
spelad,NO,2013,2013-04-01,,Rosenborg,Brann,4,0,H,,,,,,,,,,,,,,,,,,,,0.6623,0.1943,0.1434,1,,,,1.53,5.01,7,,,,,0.3637,-1,,,,,0,0,,,,-0.0445,,,,,,,,,,,
spelad,NO,2013,2013-04-01,,Sandnes,Aalesund,0,1,A,,,,,,,,,,,,,,,,,,,,0.4211,0.2787,0.3002,1,,,,2.4,3.49,3.3,,,,,0.2694,-1,,,,,0,0,,,,-0.043,,,,,,,,,,,
spelad,NO,2013,2013-04-01,,Sarpsborg 08,Viking,2,1,H,,,,,,,,,,,,,,,,,,,,0.3594,0.2825,0.3581,1,,,,2.72,3.51,2.8,,,,,,-2,,,,,1,0,,,,0.0207,,,,,,,,,,,
spelad,NO,2013,2013-04-01,,Tromso,Odd,2,1,H,,,,,,,,,,,,,,,,,,,,0.573,0.2543,0.1727,1,,,,1.73,3.9,6,,,,,-0.3515,0,,,,,0,0,,,,-0.018,,,,,,,,,,,
spelad,NO,2013,2013-04-01,,Valerenga,Sogndal,1,0,H,,,,,,,,,,,,,,,,,,,,0.5513,0.2508,0.1979,1,,,,1.77,3.95,6.4,,,,,-0.2676,1,,,,,0,0,,,,0.0408,,,,,,,,,,,
spelad,NO,2013,2013-04-02,,Honefoss,Stromsgodset,2,0,H,,,,,,,,,,,,,,,,,,,,0.2394,0.2584,0.5022,1,,,,4.09,3.79,2.1,,,,,-1.0187,0,,,,,0,0,,,,0.0415,,,,,,,,,,,
spelad,NO,2013,2013-04-02,,Molde,Lillestrom,1,2,A,,,,,,,,,,,,,,,,,,,,0.6505,0.2121,0.1374,1,,,,1.54,4.65,7.15,,,,,0.242,2,,,,,0,0,,,,-0.0429,,,,,,,,,,,
spelad,NO,2013,2013-04-05,,Odd,Valerenga,2,0,H,,,,,,,,,,,,,,,,,,,,0.4679,0.2726,0.2595,1,,,,2.15,3.65,3.75,,,,,0.3022,0,,,,,0,0,,,,-0.0424,,,,,,,,,,,
spelad,NO,2013,2013-04-06,,Brann,Molde,1,0,H,,,,,,,,,,,,,,,,,,,,0.3704,0.2619,0.3677,1,,,,2.7,3.72,2.72,,,,,-0.2683,1,,,,,0,0,,,,0.0017,,,,,,,,,,,
spelad,NO,2013,2013-04-06,,Start,Tromso,2,2,D,,,,,,,,,,,,,,,,,,,,0.4532,0.2692,0.2776,1,,,,2.25,3.62,3.75,,,,,,7,,,,,1,0,,,,-0.0457,,,,,,,,,,,
spelad,NO,2013,2013-04-07,,Aalesund,Honefoss,4,3,H,,,,,,,,,,,,,,,,,,,,0.6141,0.2297,0.1562,1,,,,1.6,4.25,6.7,,,,,1.0185,1,,,,,0,0,,,,-0.0074,,,,,,,,,,,
spelad,NO,2013,2013-04-07,,Lillestrom,Viking,0,1,A,,,,,,,,,,,,,,,,,,,,0.3976,0.284,0.3184,1,,,,2.45,3.45,3.14,,,,,0.2189,-1,,,,,0,0,,,,0.0241,,,,,,,,,,,
spelad,NO,2013,2013-04-07,,Sandnes,Haugesund,1,1,D,,,,,,,,,,,,,,,,,,,,0.4081,0.2803,0.3116,1,,,,2.4,3.48,3.2,,,,,0.302,-7,,,,,0,0,,,,-0.0044,,,,,,,,,,,
spelad,NO,2013,2013-04-07,,Sogndal,Rosenborg,0,4,A,,,,,,,,,,,,,,,,,,,,0.1931,0.256,0.5509,1,,,,5.05,3.81,1.8,,,,,-0.2402,0,,,,,0,0,,,,0.0396,,,,,,,,,,,
spelad,NO,2013,2013-04-07,,Stromsgodset,Sarpsborg 08,1,1,D,,,,,,,,,,,,,,,,,,,,0.6447,0.2103,0.1451,1,,,,1.53,4.8,7.8,,,,,,-1,,,,,-1,0,,,,-0.0243,,,,,,,,,,,
spelad,NO,2013,2013-04-12,,Rosenborg,Start,1,1,D,,,,,,,,,,,,,,,,,,,,0.7233,0.1759,0.1008,1,,,,1.35,5.6,10.35,,,,,,-1,,,,,-1,0,,,,-0.0153,,,,,,,,,,,
spelad,NO,2013,2013-04-13,,Molde,Sogndal,1,2,A,,,,,,,,,,,,,,,,,,,,0.6644,0.2128,0.1228,1,,,,1.48,4.75,9,,,,,0.1709,1,,,,,0,0,,,,-0.0089,,,,,,,,,,,
spelad,NO,2013,2013-04-13,,Valerenga,Stromsgodset,0,3,A,,,,,,,,,,,,,,,,,,,,0.3151,0.2774,0.4074,1,,,,3.1,3.57,2.63,,,,,-0.297,2,,,,,0,0,,,,0.0556,,,,,,,,,,,
spelad,NO,2013,2013-04-14,,Honefoss,Haugesund,0,1,A,,,,,,,,,,,,,,,,,,,,0.3832,0.2846,0.3322,1,,,,2.62,3.42,2.95,,,,,-0.3689,0,,,,,0,0,,,,-0.0023,,,,,,,,,,,
spelad,NO,2013,2013-04-14,,Lillestrom,Brann,2,0,H,,,,,,,,,,,,,,,,,,,,0.4474,0.2658,0.2869,1,,,,2.18,3.7,3.6,,,,,0.5705,-1,,,,,0,0,,,,0.0137,,,,,,,,,,,
spelad,NO,2013,2013-04-14,,Sarpsborg 08,Aalesund,0,2,A,,,,,,,,,,,,,,,,,,,,0.4324,0.2764,0.2913,1,,,,2.29,3.6,3.34,,,,,,0,,,,,1,0,,,,-0.0434,,,,,,,,,,,
spelad,NO,2013,2013-04-14,,Tromso,Sandnes,0,1,A,,,,,,,,,,,,,,,,,,,,0.6071,0.2402,0.1527,1,,,,1.64,4.09,6.53,,,,,-0.5306,1,,,,,0,0,,,,-0.0292,,,,,,,,,,,
spelad,NO,2013,2013-04-14,,Viking,Odd,1,0,H,,,,,,,,,,,,,,,,,,,,0.5545,0.2638,0.1817,1,,,,1.85,3.8,5.37,,,,,0.3374,-2,,,,,0,0,,,,-0.0752,,,,,,,,,,,
spelad,NO,2013,2013-04-19,,Start,Valerenga,1,0,H,,,,,,,,,,,,,,,,,,,,0.5182,0.237,0.2448,1,,,,1.88,4.11,4.7,,,,,,1,,,,,1,0,,,,0.0119,,,,,,,,,,,
spelad,NO,2013,2013-04-20,,Brann,Viking,2,0,H,,,,,,,,,,,,,,,,,,,,0.3784,0.279,0.3426,1,,,,2.58,3.51,3,,,,,-1.1049,0,,,,,0,0,,,,0.0275,,,,,,,,,,,
spelad,NO,2013,2013-04-20,,Odd,Molde,1,1,D,,,,,,,,,,,,,,,,,,,,0.4219,0.2707,0.3074,1,,,,2.5,3.6,3.17,,,,,0.6562,-1,,,,,0,0,,,,-0.0824,,,,,,,,,,,
spelad,NO,2013,2013-04-21,,Aalesund,Tromso,0,0,D,,,,,,,,,,,,,,,,,,,,0.4253,0.284,0.2907,1,,,,2.33,3.5,3.75,,,,,1.1988,0,,,,,0,0,,,,0.0359,,,,,,,,,,,
spelad,NO,2013,2013-04-21,,Haugesund,Rosenborg,3,1,H,,,,,,,,,,,,,,,,,,,,0.3009,0.2826,0.4166,1,,,,3.4,3.5,2.38,,,,,0.084,-2,,,,,0,0,,,,-0.0189,,,,,,,,,,,
spelad,NO,2013,2013-04-21,,Sandnes,Honefoss,1,1,D,,,,,,,,,,,,,,,,,,,,0.5333,0.2568,0.2099,1,,,,1.85,3.8,4.8,,,,,0.731,0,,,,,0,0,,,,-0.025,,,,,,,,,,,
spelad,NO,2013,2013-04-21,,Sogndal,Sarpsborg 08,0,0,D,,,,,,,,,,,,,,,,,,,,0.4474,0.2755,0.2771,1,,,,2.22,3.54,3.52,,,,,,1,,,,,-1,0,,,,-0.0286,,,,,,,,,,,
spelad,NO,2013,2013-04-21,,Stromsgodset,Lillestrom,1,0,H,,,,,,,,,,,,,,,,,,,,0.6709,0.1985,0.1306,1,,,,1.51,4.9,7.45,,,,,-0.5714,1,,,,,0,0,,,,-0.0783,,,,,,,,,,,
spelad,NO,2013,2013-04-24,,Haugesund,Start,3,2,H,,,,,,,,,,,,,,,,,,,,0.4872,0.2557,0.2571,1,,,,2.02,3.81,4,,,,,,-2,,,,,-1,0,,,,-0.008,,,,,,,,,,,
spelad,NO,2013,2013-04-26,,Brann,Odd,2,0,H,,,,,,,,,,,,,,,,,,,,0.524,0.2461,0.2299,1,,,,1.91,4,4.4,,,,,-0.0499,0,,,,,0,0,,,,-0.0248,,,,,,,,,,,
spelad,NO,2013,2013-04-27,,Lillestrom,Start,3,2,H,,,,,,,,,,,,,,,,,,,,0.4466,0.2724,0.281,1,,,,2.2,3.75,3.6,,,,,0.1402,3,,,,,-1,0,,,,-0.005,,,,,,,,,,,
spelad,NO,2013,2013-04-27,,Valerenga,Aalesund,2,1,H,,,,,,,,,,,,,,,,,,,,0.3865,0.2799,0.3336,1,,,,2.52,3.48,3.1,,,,,-1.5126,2,,,,,0,0,,,,0.01,,,,,,,,,,,
spelad,NO,2013,2013-04-28,,Molde,Stromsgodset,1,2,A,,,,,,,,,,,,,,,,,,,,0.4645,0.2615,0.274,1,,,,2.2,3.73,3.6,,,,,-0.6853,1,,,,,0,0,,,,-0.0262,,,,,,,,,,,
spelad,NO,2013,2013-04-28,,Rosenborg,Sandnes,0,1,A,,,,,,,,,,,,,,,,,,,,0.716,0.182,0.102,1,,,,1.38,5.75,11.5,,,,,-0.0629,0,,,,,0,0,,,,-0.0022,,,,,,,,,,,
spelad,NO,2013,2013-04-28,,Sarpsborg 08,Honefoss,1,1,D,,,,,,,,,,,,,,,,,,,,0.5397,0.2511,0.2092,1,,,,1.86,3.89,4.75,,,,,0.4319,0,,,,,1,0,,,,-0.0373,,,,,,,,,,,
spelad,NO,2013,2013-04-28,,Tromso,Haugesund,2,1,H,,,,,,,,,,,,,,,,,,,,0.5395,0.2459,0.2146,1,,,,1.82,3.97,4.8,,,,,-1.0033,3,,,,,0,0,,,,-0.0225,,,,,,,,,,,
spelad,NO,2013,2013-04-28,,Viking,Sogndal,4,1,H,,,,,,,,,,,,,,,,,,,,0.5848,0.2485,0.1667,1,,,,1.7,3.95,6.17,,,,,0.2639,1,,,,,0,0,,,,-0.0223,,,,,,,,,,,
spelad,NO,2013,2013-05-04,,Aalesund,Rosenborg,2,2,D,,,,,,,,,,,,,,,,,,,,0.3235,0.276,0.4004,1,,,,3.2,3.54,2.5,,,,,0.9257,1,,,,,0,0,,,,0.0059,,,,,,,,,,,
spelad,NO,2013,2013-05-04,,Sandnes,Valerenga,1,2,A,,,,,,,,,,,,,,,,,,,,0.4535,0.276,0.2705,1,,,,2.19,3.6,3.75,,,,,0.8883,-1,,,,,0,0,,,,-0.0071,,,,,,,,,,,
spelad,NO,2013,2013-05-05,,Haugesund,Sarpsborg 08,0,1,A,,,,,,,,,,,,,,,,,,,,0.5808,0.2351,0.1841,1,,,,1.75,4.15,5.35,,,,,0.601,0,,,,,-1,0,,,,-0.0455,,,,,,,,,,,
spelad,NO,2013,2013-05-05,,Honefoss,Tromso,1,1,D,,,,,,,,,,,,,,,,,,,,0.3135,0.2769,0.4096,1,,,,3.11,3.58,2.45,,,,,-0.1824,0,,,,,0,0,,,,0.0353,,,,,,,,,,,
spelad,NO,2013,2013-05-05,,Odd,Lillestrom,2,1,H,,,,,,,,,,,,,,,,,,,,0.4901,0.2566,0.2533,1,,,,2.1,3.8,3.85,,,,,-0.3856,1,,,,,0,0,,,,-0.0663,,,,,,,,,,,
spelad,NO,2013,2013-05-05,,Sogndal,Brann,3,1,H,,,,,,,,,,,,,,,,,,,,0.3902,0.2836,0.3262,1,,,,2.5,3.47,3.13,,,,,-0.4261,-2,,,,,0,0,,,,0.0095,,,,,,,,,,,
spelad,NO,2013,2013-05-05,,Stromsgodset,Viking,3,1,H,,,,,,,,,,,,,,,,,,,,0.538,0.2653,0.1967,1,,,,1.81,3.9,5.8,,,,,-0.182,0,,,,,0,0,,,,0.057,,,,,,,,,,,
spelad,NO,2013,2013-05-06,,Start,Molde,1,1,D,,,,,,,,,,,,,,,,,,,,0.4293,0.2634,0.3074,1,,,,2.35,3.75,3.17,,,,,0.8299,1,,,,,1,0,,,,-0.0289,,,,,,,,,,,
spelad,NO,2013,2013-05-08,,Rosenborg,Tromso,2,1,H,,,,,,,,,,,,,,,,,,,,0.5738,0.2445,0.1817,1,,,,1.77,4,5.5,,,,,0.3063,1,,,,,0,0,,,,-0.0104,,,,,,,,,,,
spelad,NO,2013,2013-05-08,,Valerenga,Honefoss,1,2,A,,,,,,,,,,,,,,,,,,,,0.5096,0.2644,0.226,1,,,,2,3.7,4.33,,,,,0.2198,1,,,,,0,0,,,,-0.0308,,,,,,,,,,,
spelad,NO,2013,2013-05-09,,Brann,Start,2,0,H,,,,,,,,,,,,,,,,,,,,0.4224,0.2718,0.3059,1,,,,2.31,3.75,3.86,,,,,0.3236,1,,,,,-1,0,,,,0.0694,,,,,,,,,,,
spelad,NO,2013,2013-05-09,,Lillestrom,Sogndal,2,2,D,,,,,,,,,,,,,,,,,,,,0.5239,0.267,0.2091,1,,,,1.88,3.66,4.7,,,,,-0.1071,0,,,,,0,0,,,,-0.0276,,,,,,,,,,,
spelad,NO,2013,2013-05-09,,Molde,Aalesund,4,1,H,,,,,,,,,,,,,,,,,,,,0.5325,0.2571,0.2105,1,,,,1.87,3.9,4.63,,,,,-1.5943,-2,,,,,0,0,,,,-0.0458,,,,,,,,,,,
spelad,NO,2013,2013-05-09,,Odd,Stromsgodset,1,1,D,,,,,,,,,,,,,,,,,,,,0.2981,0.2686,0.4333,1,,,,3.36,3.63,2.4,,,,,-0.3824,0,,,,,0,0,,,,0.0382,,,,,,,,,,,
spelad,NO,2013,2013-05-09,,Sarpsborg 08,Sandnes,3,2,H,,,,,,,,,,,,,,,,,,,,0.4298,0.271,0.2993,1,,,,2.27,3.6,3.75,,,,,0.201,-1,,,,,1,0,,,,0.0517,,,,,,,,,,,
spelad,NO,2013,2013-05-09,,Viking,Haugesund,0,0,D,,,,,,,,,,,,,,,,,,,,0.4923,0.2761,0.2315,1,,,,1.98,3.65,4.75,,,,,0.2756,0,,,,,0,0,,,,0.0601,,,,,,,,,,,
spelad,NO,2013,2013-05-12,,Haugesund,Valerenga,1,0,H,,,,,,,,,,,,,,,,,,,,0.5607,0.2374,0.202,1,,,,1.82,4.11,4.83,,,,,0.2771,-1,,,,,0,0,,,,-0.067,,,,,,,,,,,
spelad,NO,2013,2013-05-12,,Sandnes,Molde,0,0,D,,,,,,,,,,,,,,,,,,,,0.3306,0.2614,0.408,1,,,,3.2,3.73,2.39,,,,,0.8004,0,,,,,0,0,,,,-0.0364,,,,,,,,,,,
spelad,NO,2013,2013-05-12,,Sogndal,Odd,2,0,H,,,,,,,,,,,,,,,,,,,,0.3867,0.298,0.3153,1,,,,2.52,3.45,3.3,,,,,0.3177,0,,,,,0,0,,,,0.0561,,,,,,,,,,,
spelad,NO,2013,2013-05-12,,Start,Viking,1,2,A,,,,,,,,,,,,,,,,,,,,0.4214,0.2773,0.3013,1,,,,2.34,3.51,3.4,,,,,-0.3557,0,,,,,1,0,,,,0.0107,,,,,,,,,,,
spelad,NO,2013,2013-05-12,,Stromsgodset,Brann,2,0,H,,,,,,,,,,,,,,,,,,,,0.6808,0.1967,0.1225,1,,,,1.5,4.95,8.5,,,,,-0.1882,0,,,,,0,0,,,,-0.0591,,,,,,,,,,,
spelad,NO,2013,2013-05-12,,Tromso,Sarpsborg 08,5,0,H,,,,,,,,,,,,,,,,,,,,0.6377,0.2248,0.1374,1,,,,1.55,4.34,7.4,,,,,-0.6135,1,,,,,-1,0,,,,-0.0526,,,,,,,,,,,
spelad,NO,2013,2013-05-13,,Aalesund,Lillestrom,7,1,H,,,,,,,,,,,,,,,,,,,,0.5952,0.2355,0.1693,1,,,,1.7,4.17,5.8,,,,,0.3041,0,,,,,0,0,,,,-0.0547,,,,,,,,,,,
spelad,NO,2013,2013-05-13,,Honefoss,Rosenborg,1,2,A,,,,,,,,,,,,,,,,,,,,0.254,0.2482,0.4977,1,,,,4.15,3.95,2.02,,,,,0.2979,0,,,,,0,0,,,,-0.0012,,,,,,,,,,,
spelad,NO,2013,2013-05-16,,Brann,Aalesund,2,0,H,,,,,,,,,,,,,,,,,,,,0.4543,0.2778,0.2679,1,,,,2.2,3.65,3.63,,,,,-0.0405,1,,,,,0,0,,,,-0.0323,,,,,,,,,,,
spelad,NO,2013,2013-05-16,,Lillestrom,Sandnes,2,2,D,,,,,,,,,,,,,,,,,,,,0.4393,0.2852,0.2755,1,,,,2.25,3.5,3.54,,,,,0.2047,-1,,,,,0,0,,,,-0.0216,,,,,,,,,,,
spelad,NO,2013,2013-05-16,,Molde,Haugesund,1,5,A,,,,,,,,,,,,,,,,,,,,0.6012,0.2248,0.1741,1,,,,1.65,4.4,6,,,,,-1.244,0,,,,,0,0,,,,-0.0273,,,,,,,,,,,
spelad,NO,2013,2013-05-16,,Odd,Start,0,1,A,,,,,,,,,,,,,,,,,,,,0.4433,0.2819,0.2748,1,,,,2.22,3.55,3.6,,,,,0.3074,0,,,,,-1,0,,,,-0.0059,,,,,,,,,,,
spelad,NO,2013,2013-05-16,,Rosenborg,Sarpsborg 08,4,2,H,,,,,,,,,,,,,,,,,,,,0.7783,0.1497,0.0721,1,,,,1.3,7,17,,,,,-0.4927,-1,,,,,-1,0,,,,-0.0321,,,,,,,,,,,
spelad,NO,2013,2013-05-16,,Stromsgodset,Sogndal,3,1,H,,,,,,,,,,,,,,,,,,,,0.7156,0.1819,0.1024,1,,,,1.37,5.4,11,,,,,0.0054,0,,,,,0,0,,,,-0.0183,,,,,,,,,,,
spelad,NO,2013,2013-05-16,,Valerenga,Tromso,2,0,H,,,,,,,,,,,,,,,,,,,,0.3765,0.2778,0.3458,1,,,,2.63,3.51,2.92,,,,,-0.0904,0,,,,,0,0,,,,-0.0096,,,,,,,,,,,
spelad,NO,2013,2013-05-16,,Viking,Honefoss,0,0,D,,,,,,,,,,,,,,,,,,,,0.6599,0.2035,0.1366,1,,,,1.55,4.8,7.5,,,,,0.0527,1,,,,,0,0,,,,-0.0504,,,,,,,,,,,
spelad,NO,2013,2013-05-20,,Aalesund,Odd,2,0,H,,,,,,,,,,,,,,,,,,,,0.5439,0.2549,0.2012,1,,,,1.8,4.05,5,,,,,0.3004,0,,,,,0,0,,,,-0.0139,,,,,,,,,,,
spelad,NO,2013,2013-05-20,,Haugesund,Sogndal,0,1,A,,,,,,,,,,,,,,,,,,,,0.6173,0.2212,0.1615,1,,,,1.62,4.41,6.15,,,,,0.2988,0,,,,,0,0,,,,-0.024,,,,,,,,,,,
spelad,NO,2013,2013-05-20,,Honefoss,Lillestrom,1,0,H,,,,,,,,,,,,,,,,,,,,0.4385,0.2674,0.2941,1,,,,2.25,3.64,3.4,,,,,0.226,0,,,,,0,0,,,,-0.0152,,,,,,,,,,,
spelad,NO,2013,2013-05-20,,Rosenborg,Molde,0,0,D,,,,,,,,,,,,,,,,,,,,0.6451,0.209,0.1458,1,,,,1.57,4.7,6.68,,,,,0.6483,0,,,,,0,0,,,,-0.0682,,,,,,,,,,,
spelad,NO,2013,2013-05-20,,Start,Stromsgodset,0,6,A,,,,,,,,,,,,,,,,,,,,0.307,0.2704,0.4226,1,,,,3.22,3.65,2.4,,,,,-0.8557,0,,,,,0,0,,,,0.0158,,,,,,,,,,,
spelad,NO,2013,2013-05-20,,Tromso,Brann,2,0,H,,,,,,,,,,,,,,,,,,,,0.6305,0.2201,0.1494,1,,,,1.6,4.44,6.54,,,,,-0.8993,0,,,,,0,0,,,,-0.0443,,,,,,,,,,,
spelad,NO,2013,2013-05-21,,Sandnes,Viking,0,1,A,,,,,,,,,,,,,,,,,,,,0.3101,0.2849,0.405,1,,,,3.25,3.44,2.6,,,,,-0.1585,0,,,,,0,0,,,,0.0391,,,,,,,,,,,
spelad,NO,2013,2013-05-21,,Sarpsborg 08,Valerenga,3,3,D,,,,,,,,,,,,,,,,,,,,0.3828,0.2792,0.3379,1,,,,2.58,3.58,3.05,,,,,0.1587,0,,,,,0,0,,,,0.0219,,,,,,,,,,,
spelad,NO,2013,2013-05-24,,Stromsgodset,Aalesund,2,1,H,,,,,,,,,,,,,,,,,,,,0.6182,0.222,0.1599,1,,,,1.58,4.5,6.75,,,,,0.9708,0,,,,,0,0,,,,0.0024,,,,,,,,,,,
spelad,NO,2013,2013-05-25,,Molde,Honefoss,4,0,H,,,,,,,,,,,,,,,,,,,,0.658,0.2095,0.1325,1,,,,1.5,4.75,7.5,,,,,-0.8361,0,,,,,0,0,,,,-0.0184,,,,,,,,,,,
spelad,NO,2013,2013-05-25,,Valerenga,Rosenborg,1,2,A,,,,,,,,,,,,,,,,,,,,0.2416,0.2616,0.4967,1,,,,4.15,3.8,2,,,,,0.4955,-1,,,,,0,0,,,,0.0304,,,,,,,,,,,
spelad,NO,2013,2013-05-26,,Brann,Sarpsborg 08,3,1,H,,,,,,,,,,,,,,,,,,,,0.6317,0.2242,0.1441,1,,,,1.58,4.4,7,,,,,0.2869,1,,,,,0,0,,,,-0.0491,,,,,,,,,,,
spelad,NO,2013,2013-05-26,,Lillestrom,Haugesund,3,0,H,,,,,,,,,,,,,,,,,,,,0.4338,0.2631,0.3031,1,,,,2.5,3.71,3.3,,,,,-0.4602,0,,,,,0,0,,,,-0.0741,,,,,,,,,,,
spelad,NO,2013,2013-05-26,,Odd,Sandnes,3,0,H,,,,,,,,,,,,,,,,,,,,0.5152,0.2583,0.2265,1,,,,1.98,3.77,4.3,,,,,-0.5571,1,,,,,0,0,,,,-0.0507,,,,,,,,,,,
spelad,NO,2013,2013-05-26,,Sogndal,Start,1,1,D,,,,,,,,,,,,,,,,,,,,0.3864,0.2766,0.3369,1,,,,2.52,3.52,3.2,,,,,1.1956,0,,,,,0,0,,,,0.0416,,,,,,,,,,,
spelad,NO,2013,2013-05-26,,Viking,Tromso,2,1,H,,,,,,,,,,,,,,,,,,,,0.4922,0.2833,0.2245,1,,,,2.04,3.55,4.34,,,,,0.404,-1,,,,,0,0,,,,-0.0463,,,,,,,,,,,
spelad,NO,2013,2013-06-22,,Rosenborg,Stromsgodset,1,0,H,,,,,,,,,,,,,,,,,,,,0.5412,0.2407,0.2182,1,,,,1.84,4.09,4.59,,,,,-1.0629,-1,,,,,0,0,,,,-0.0283,,,,,,,,,,,
spelad,NO,2013,2013-06-22,,Sarpsborg 08,Start,2,1,H,,,,,,,,,,,,,,,,,,,,0.4584,0.2637,0.2779,1,,,,2.22,3.72,3.53,,,,,0.6997,0,,,,,0,0,,,,-0.0541,,,,,,,,,,,
spelad,NO,2013,2013-06-22,,Valerenga,Molde,3,3,D,,,,,,,,,,,,,,,,,,,,0.3572,0.2736,0.3692,1,,,,2.8,3.62,2.66,,,,,0.3013,0,,,,,0,0,,,,-0.021,,,,,,,,,,,
spelad,NO,2013,2013-06-23,,Aalesund,Viking,2,1,H,,,,,,,,,,,,,,,,,,,,0.4422,0.273,0.2849,1,,,,2.29,3.58,3.45,,,,,-0.5155,2,,,,,0,0,,,,-0.0216,,,,,,,,,,,
spelad,NO,2013,2013-06-23,,Haugesund,Brann,2,1,H,,,,,,,,,,,,,,,,,,,,0.4978,0.2748,0.2274,1,,,,2,3.6,4.65,,,,,-0.6801,0,,,,,0,0,,,,-0.0279,,,,,,,,,,,
spelad,NO,2013,2013-06-23,,Honefoss,Odd,1,1,D,,,,,,,,,,,,,,,,,,,,0.3754,0.2821,0.3425,1,,,,2.62,3.46,3.01,,,,,0.6428,1,,,,,0,0,,,,0.0376,,,,,,,,,,,
spelad,NO,2013,2013-06-23,,Sandnes,Sogndal,1,3,A,,,,,,,,,,,,,,,,,,,,0.4872,0.2692,0.2436,1,,,,2.06,3.62,4.15,,,,,-0.858,0,,,,,0,0,,,,-0.0365,,,,,,,,,,,
spelad,NO,2013,2013-06-23,,Tromso,Lillestrom,2,0,H,,,,,,,,,,,,,,,,,,,,0.6448,0.2112,0.144,1,,,,1.55,4.61,7.6,,,,,0.1601,0,,,,,0,0,,,,-0.0474,,,,,,,,,,,
spelad,NO,2013,2013-06-29,,Brann,Sandnes,6,1,H,,,,,,,,,,,,,,,,,,,,0.5557,0.2462,0.1981,1,,,,1.76,4.09,5.7,,,,,0.7466,0,,,,,0,0,,,,0.014,,,,,,,,,,,
spelad,NO,2013,2013-06-29,,Molde,Sarpsborg 08,3,1,H,,,,,,,,,,,,,,,,,,,,0.6924,0.1845,0.1231,1,,,,1.45,5.29,7.93,,,,,-0.5595,0,,,,,0,0,,,,-0.0448,,,,,,,,,,,
spelad,NO,2013,2013-06-29,,Sogndal,Honefoss,1,1,D,,,,,,,,,,,,,,,,,,,,0.4614,0.2667,0.2719,1,,,,2.11,3.75,4.33,,,,,0.5093,0,,,,,0,0,,,,0.0796,,,,,,,,,,,
spelad,NO,2013,2013-06-29,,Stromsgodset,Tromso,3,1,H,,,,,,,,,,,,,,,,,,,,0.6101,0.2297,0.1603,1,,,,1.62,4.3,6.2,,,,,0.6522,1,,,,,0,0,,,,-0.0392,,,,,,,,,,,
spelad,NO,2013,2013-06-30,,Lillestrom,Valerenga,0,1,A,,,,,,,,,,,,,,,,,,,,0.4259,0.2615,0.3126,1,,,,2.31,3.73,3.36,,,,,-0.372,-1,,,,,0,0,,,,-0.0074,,,,,,,,,,,
spelad,NO,2013,2013-06-30,,Odd,Haugesund,4,0,H,,,,,,,,,,,,,,,,,,,,0.5095,0.263,0.2275,1,,,,2,3.75,4.3,,,,,-0.1419,0,,,,,0,0,,,,-0.0463,,,,,,,,,,,
spelad,NO,2013,2013-06-30,,Start,Aalesund,2,2,D,,,,,,,,,,,,,,,,,,,,0.4478,0.2765,0.2757,1,,,,2.29,3.7,3.54,,,,,-0.5467,1,,,,,0,0,,,,-0.0382,,,,,,,,,,,
spelad,NO,2013,2013-06-30,,Viking,Rosenborg,0,0,D,,,,,,,,,,,,,,,,,,,,0.3586,0.2827,0.3586,1,,,,2.85,3.48,2.75,,,,,0.0496,-1,,,,,0,0,,,,-0.0088,,,,,,,,,,,
spelad,NO,2013,2013-07-06,,Aalesund,Sogndal,2,2,D,,,,,,,,,,,,,,,,,,,,0.6155,0.2241,0.1605,1,,,,1.6,4.34,6.2,,,,,-0.6801,-1,,,,,0,0,,,,-0.0412,,,,,,,,,,,
spelad,NO,2013,2013-07-06,,Haugesund,Stromsgodset,2,1,H,,,,,,,,,,,,,,,,,,,,0.2751,0.246,0.4788,1,,,,4.05,3.97,2.04,,,,,-0.7485,-1,,,,,0,0,,,,-0.034,,,,,,,,,,,
spelad,NO,2013,2013-07-07,,Rosenborg,Lillestrom,1,0,H,,,,,,,,,,,,,,,,,,,,0.7471,0.1605,0.0923,1,,,,1.33,6.05,10.52,,,,,1.0388,0,,,,,0,0,,,,-0.0486,,,,,,,,,,,
spelad,NO,2013,2013-07-07,,Sandnes,Start,3,1,H,,,,,,,,,,,,,,,,,,,,0.403,0.2709,0.3261,1,,,,2.46,3.6,3.1,,,,,-0.4138,1,,,,,0,0,,,,0.0122,,,,,,,,,,,
spelad,NO,2013,2013-07-07,,Sarpsborg 08,Odd,0,1,A,,,,,,,,,,,,,,,,,,,,0.3914,0.2727,0.3359,1,,,,2.5,3.56,3,,,,,0.3602,1,,,,,0,0,,,,0.0008,,,,,,,,,,,
spelad,NO,2013,2013-07-07,,Tromso,Molde,2,3,A,,,,,,,,,,,,,,,,,,,,0.4452,0.2719,0.283,1,,,,2.25,3.6,3.43,,,,,-0.2058,0,,,,,0,0,,,,-0.0253,,,,,,,,,,,
spelad,NO,2013,2013-07-07,,Valerenga,Viking,2,2,D,,,,,,,,,,,,,,,,,,,,0.3669,0.2845,0.3486,1,,,,2.7,3.5,2.85,,,,,0.0955,0,,,,,0,0,,,,0.0105,,,,,,,,,,,
spelad,NO,2013,2013-07-08,,Honefoss,Brann,1,1,D,,,,,,,,,,,,,,,,,,,,0.3596,0.2582,0.3822,1,,,,2.76,3.76,2.7,,,,,0.025,0,,,,,0,0,,,,0.0045,,,,,,,,,,,
spelad,NO,2013,2013-07-12,,Honefoss,Valerenga,1,2,A,,,,,,,,,,,,,,,,,,,,0.3587,0.2718,0.3696,1,,,,2.75,3.61,2.7,,,,,0.3337,-1,3,1,0.9456,-0.2502,0,0,,,,0.0148,,,,,,,,,,,
spelad,NO,2013,2013-07-13,,Molde,Viking,1,1,D,,,,,,,,,,,,,,,,,,,,0.4697,0.2684,0.2619,1,,,,2.09,3.7,4.4,,,,,0.154,0,3,-3,-1.5218,-0.2628,0,0,,,,0.0617,,,,,,,,,,,
spelad,NO,2013,2013-07-13,,Start,Brann,3,3,D,,,,,,,,,,,,,,,,,,,,0.4286,0.2534,0.318,1,,,,2.38,3.84,3.3,,,,,-0.9344,1,,,,,0,0,,,,-0.021,,,,,,,,,,,
spelad,NO,2013,2013-07-14,,Haugesund,Aalesund,1,2,A,,,,,,,,,,,,,,,,,,,,0.4398,0.2697,0.2906,1,,,,2.22,3.62,3.5,,,,,0.3356,0,3,0,-0.0182,0.0645,0,0,,,,-0.0045,,,,,,,,,,,
spelad,NO,2013,2013-07-14,,Rosenborg,Odd,3,2,H,,,,,,,,,,,,,,,,,,,,0.6551,0.2164,0.1284,1,,,,1.5,4.8,9,,,,,0.5437,0,3,2,0.5939,0.0794,0,0,,,,-0.0051,,,,,,,,,,,
spelad,NO,2013,2013-07-14,,Sandnes,Stromsgodset,2,1,H,,,,,,,,,,,,,,,,,,,,0.27,0.2326,0.4973,1,,,,4.84,4.19,1.96,,,,,-0.7936,-1,3,-1,0.2433,-0.2147,0,0,,,,-0.0865,,,,,,,,,,,
spelad,NO,2013,2013-07-14,,Sarpsborg 08,Lillestrom,0,1,A,,,,,,,,,,,,,,,,,,,,0.3836,0.2721,0.3443,1,,,,2.72,3.58,3.1,,,,,0.404,0,,,,,0,0,,,,0.0036,,,,,,,,,,,
spelad,NO,2013,2013-07-14,,Tromso,Sogndal,2,2,D,,,,,,,,,,,,,,,,,,,,0.6243,0.2223,0.1534,1,,,,1.57,4.4,6.8,,,,,-0.9294,-1,3,-1,-1.0805,0.4079,0,0,,,,-0.017,,,,,,,,,,,
spelad,NO,2013,2013-07-27,,Aalesund,Sandnes,2,3,A,,,,,,,,,,,,,,,,,,,,0.5979,0.2315,0.1707,1,,,,1.63,4.34,6.4,,,,,0.5007,0,3,2,1.0563,0.06,0,0,,,,0.0132,,,,,,,,,,,
spelad,NO,2013,2013-07-27,,Lillestrom,Molde,2,0,H,,,,,,,,,,,,,,,,,,,,0.3546,0.2802,0.3652,1,,,,2.76,3.52,2.7,,,,,-0.2751,-1,3,0,0.5466,0.0985,0,0,,,,-0.0114,,,,,,,,,,,
spelad,NO,2013,2013-07-28,,Brann,Rosenborg,1,4,A,,,,,,,,,,,,,,,,,,,,0.3294,0.2693,0.4012,1,,,,3.05,3.62,2.5,,,,,-0.4433,1,3,-1,0.1176,-0.2164,0,0,,,,0.0134,,,,,,,,,,,
spelad,NO,2013,2013-07-28,,Odd,Tromso,3,1,H,,,,,,,,,,,,,,,,,,,,0.4448,0.2729,0.2823,1,,,,2.19,3.57,4.3,,,,,0.3223,0,3,0,0.3454,0.0824,0,0,,,,0.0545,,,,,,,,,,,
spelad,NO,2013,2013-07-28,,Sogndal,Haugesund,1,1,D,,,,,,,,,,,,,,,,,,,,0.4007,0.2831,0.3162,1,,,,2.45,3.45,3.2,,,,,0.5198,0,3,1,0.7417,0.4214,0,0,,,,0.0131,,,,,,,,,,,
spelad,NO,2013,2013-07-28,,Stromsgodset,Honefoss,6,1,H,,,,,,,,,,,,,,,,,,,,0.7405,0.1668,0.0927,1,,,,1.36,5.86,10.55,,,,,0.3055,-2,3,0,-0.5224,0.0911,0,0,,,,-0.0699,,,,,,,,,,,
spelad,NO,2013,2013-07-28,,Viking,Start,3,0,H,,,,,,,,,,,,,,,,,,,,0.6453,0.2141,0.1406,1,,,,1.55,4.7,7.4,,,,,0.7672,0,,,,,0,0,,,,-0.0495,,,,,,,,,,,
spelad,NO,2013,2013-07-29,,Valerenga,Sarpsborg 08,5,3,H,,,,,,,,,,,,,,,,,,,,0.6161,0.2158,0.1681,1,,,,1.58,4.7,6.5,,,,,0.7887,2,,,,,0,0,,,,-0.0091,,,,,,,,,,,
spelad,NO,2013,2013-08-03,,Molde,Brann,2,0,H,,,,,,,,,,,,,,,,,,,,0.6261,0.2114,0.1625,1,,,,1.67,4.65,6.13,,,,,-0.0633,1,3,-1,-0.6756,-0.2498,0,0,,,,-0.0731,,,,,,,,,,,
spelad,NO,2013,2013-08-03,,Start,Odd,0,1,A,,,,,,,,,,,,,,,,,,,,0.383,0.2756,0.3414,1,,,,2.62,3.58,3,,,,,-0.7327,0,,,,,0,0,,,,-0.0059,,,,,,,,,,,
spelad,NO,2013,2013-08-03,,Viking,Lillestrom,2,2,D,,,,,,,,,,,,,,,,,,,,0.5534,0.2618,0.1848,1,,,,1.78,4,6.1,,,,,0.0154,-1,3,0,-0.1678,0.0658,0,0,,,,0.0602,,,,,,,,,,,
spelad,NO,2013,2013-08-04,,Haugesund,Sandnes,3,1,H,,,,,,,,,,,,,,,,,,,,0.4774,0.2728,0.2497,1,,,,2.12,3.75,4.33,,,,,-0.187,-1,3,2,0.7448,0.0721,0,0,,,,-0.0046,,,,,,,,,,,
spelad,NO,2013,2013-08-04,,Honefoss,Aalesund,2,5,A,,,,,,,,,,,,,,,,,,,,0.3284,0.2702,0.4014,1,,,,3,3.65,2.48,,,,,-0.1017,-1,3,-1,-0.0134,-0.2528,0,0,,,,0.0105,,,,,,,,,,,
spelad,NO,2013,2013-08-04,,Rosenborg,Sogndal,2,0,H,,,,,,,,,,,,,,,,,,,,0.7659,0.1569,0.0772,1,,,,1.3,6.2,12.6,,,,,0.1868,0,3,2,0.3424,0.0971,0,0,,,,-0.0534,,,,,,,,,,,
spelad,NO,2013,2013-08-04,,Sarpsborg 08,Stromsgodset,2,4,A,,,,,,,,,,,,,,,,,,,,0.2481,0.2621,0.4899,1,,,,4.09,3.8,2.02,,,,,-0.5674,-1,,,,,0,0,,,,-0.0049,,,,,,,,,,,
spelad,NO,2013,2013-08-04,,Tromso,Valerenga,2,2,D,,,,,,,,,,,,,,,,,,,,0.5385,0.2343,0.2272,1,,,,1.87,4.16,4.4,,,,,-1.1252,1,3,-1,-0.5921,-0.2648,0,0,,,,-0.0331,,,,,,,,,,,
spelad,NO,2013,2013-08-09,,Brann,Lillestrom,1,1,D,,,,,,,,,,,,,,,,,,,,0.4662,0.2455,0.2883,1,,,,2.16,4.4,3.6,,,,,-0.4284,0,3,-1,-0.3579,-0.2493,0,0,,,,0.0076,,,,,,,,,,,
spelad,NO,2013,2013-08-10,,Odd,Viking,1,1,D,,,,,,,,,,,,,,,,,,,,0.3767,0.2845,0.3388,1,,,,2.59,3.45,3.3,,,,,0.5812,0,3,-3,-1.1196,-0.2649,0,0,,,,0.0795,,,,,,,,,,,
spelad,NO,2013,2013-08-10,,Sogndal,Molde,1,2,A,,,,,,,,,,,,,,,,,,,,0.3218,0.2818,0.3964,1,,,,3.3,3.52,2.46,,,,,0.0853,-1,3,1,1.1974,-0.2406,0,0,,,,-0.038,,,,,,,,,,,
spelad,NO,2013,2013-08-11,,Aalesund,Sarpsborg 08,3,1,H,,,,,,,,,,,,,,,,,,,,0.6868,0.195,0.1182,1,,,,1.44,5,8.3,,,,,0.8588,0,,,,,0,0,,,,-0.0505,,,,,,,,,,,
spelad,NO,2013,2013-08-11,,Haugesund,Honefoss,1,0,H,,,,,,,,,,,,,,,,,,,,0.6252,0.2182,0.1566,1,,,,1.6,4.47,6.6,,,,,0.1887,0,3,0,-0.2403,0.0695,0,0,,,,-0.0233,,,,,,,,,,,
spelad,NO,2013,2013-08-11,,Sandnes,Tromso,2,1,H,,,,,,,,,,,,,,,,,,,,0.439,0.2833,0.2777,1,,,,2.29,3.65,3.51,,,,,0.5731,0,3,1,1.0917,-0.2358,0,0,,,,-0.0335,,,,,,,,,,,
spelad,NO,2013,2013-08-11,,Stromsgodset,Rosenborg,2,2,D,,,,,,,,,,,,,,,,,,,,0.4455,0.2658,0.2887,1,,,,2.29,3.67,3.46,,,,,-0.4333,0,3,0,0.1953,0.0957,0,0,,,,-0.0265,,,,,,,,,,,
spelad,NO,2013,2013-08-11,,Valerenga,Start,1,3,A,,,,,,,,,,,,,,,,,,,,0.607,0.2181,0.1748,1,,,,1.65,4.55,5.78,,,,,1.1845,-1,,,,,0,0,,,,-0.0075,,,,,,,,,,,
spelad,NO,2013,2013-08-17,,Molde,Odd,1,1,D,,,,,,,,,,,,,,,,,,,,0.6266,0.2182,0.1552,1,,,,1.65,4.59,6.8,,,,,-0.3065,0,3,1,0.043,0.4169,0,0,,,,-0.0435,,,,,,,,,,,
spelad,NO,2013,2013-08-17,,Rosenborg,Valerenga,0,0,D,,,,,,,,,,,,,,,,,,,,0.6978,0.1829,0.1193,1,,,,1.55,5.4,8.3,,,,,0.5872,0,3,2,0.558,0.0873,0,0,,,,-0.0531,,,,,,,,,,,
spelad,NO,2013,2013-08-18,,Honefoss,Sandnes,0,1,A,,,,,,,,,,,,,,,,,,,,0.4132,0.265,0.3218,1,,,,2.5,3.68,3.03,,,,,-0.9717,0,3,-1,-0.5167,0.3917,0,0,,,,-0.039,,,,,,,,,,,
spelad,NO,2013,2013-08-18,,Sarpsborg 08,Sogndal,0,1,A,,,,,,,,,,,,,,,,,,,,0.465,0.269,0.2661,1,,,,2.2,3.65,3.75,,,,,-0.5499,-1,,,,,0,0,,,,-0.0197,,,,,,,,,,,
spelad,NO,2013,2013-08-18,,Start,Haugesund,1,2,A,,,,,,,,,,,,,,,,,,,,0.4261,0.2561,0.3178,1,,,,2.29,3.81,3.35,,,,,-0.6274,0,,,,,0,0,,,,0.0201,,,,,,,,,,,
spelad,NO,2013,2013-08-18,,Tromso,Aalesund,1,2,A,,,,,,,,,,,,,,,,,,,,0.4923,0.2538,0.2538,1,,,,2.04,3.9,4,,,,,-1.0288,0,3,1,0.18,0.4072,0,0,,,,-0.0205,,,,,,,,,,,
spelad,NO,2013,2013-08-18,,Viking,Brann,3,2,H,,,,,,,,,,,,,,,,,,,,0.5926,0.2328,0.1746,1,,,,1.65,4.3,5.7,,,,,0.1499,-1,3,0,-0.1681,0.0724,0,0,,,,-0.0168,,,,,,,,,,,
spelad,NO,2013,2013-08-19,,Lillestrom,Stromsgodset,1,1,D,,,,,,,,,,,,,,,,,,,,0.3222,0.2557,0.4221,1,,,,3.15,3.78,2.4,,,,,0.4251,2,3,-2,-0.5423,0.1055,0,0,,,,-0.0106,,,,,,,,,,,
spelad,NO,2013,2013-08-24,,Odd,Brann,1,3,A,,,,,,,,,,,,,,,,,,,,0.5391,0.2421,0.2188,1,,,,1.83,4.03,4.7,,,,,1.1064,1,3,-1,-0.0876,-0.2505,0,0,,,,-0.0033,,,,,,,,,,,
spelad,NO,2013,2013-08-24,,Sogndal,Viking,1,0,H,,,,,,,,,,,,,,,,,,,,0.2646,0.2855,0.4499,1,,,,3.69,3.5,2.4,,,,,0.3784,0,3,-3,-0.9838,-0.265,0,0,,,,0.0803,,,,,,,,,,,
spelad,NO,2013,2013-08-25,,Aalesund,Start,1,1,D,,,,,,,,,,,,,,,,,,,,0.5879,0.2269,0.1852,1,,,,1.66,4.5,6.5,,,,,1.1448,0,,,,,0,0,,,,0.052,,,,,,,,,,,
spelad,NO,2013,2013-08-25,,Haugesund,Tromso,1,0,H,,,,,,,,,,,,,,,,,,,,0.5084,0.2624,0.2292,1,,,,1.92,3.8,4.33,,,,,1.4701,0,3,-2,-0.7217,0.094,0,0,,,,-0.0098,,,,,,,,,,,
spelad,NO,2013,2013-08-25,,Honefoss,Sarpsborg 08,3,1,H,,,,,,,,,,,,,,,,,,,,0.3667,0.2811,0.3522,1,,,,2.66,3.47,3.1,,,,,-0.0082,0,,,,,0,0,,,,0.0288,,,,,,,,,,,
spelad,NO,2013,2013-08-25,,Sandnes,Rosenborg,2,3,A,,,,,,,,,,,,,,,,,,,,0.2894,0.2771,0.4335,1,,,,3.7,3.6,2.4,,,,,0.3065,-1,3,0,0.7117,0.1332,0,0,,,,0.016,,,,,,,,,,,
spelad,NO,2013,2013-08-25,,Stromsgodset,Molde,5,2,H,,,,,,,,,,,,,,,,,,,,0.5219,0.2589,0.2193,1,,,,1.88,3.91,4.5,,,,,-0.5164,-2,3,0,0.1002,0.0839,0,0,,,,0.004,,,,,,,,,,,
spelad,NO,2013,2013-08-25,,Valerenga,Lillestrom,1,1,D,,,,,,,,,,,,,,,,,,,,0.423,0.2707,0.3063,1,,,,2.33,3.65,3.3,,,,,0.1935,2,3,0,0.0392,0.0639,0,0,,,,-0.0095,,,,,,,,,,,
spelad,NO,2013,2013-08-30,,Brann,Sogndal,1,0,H,,,,,,,,,,,,,,,,,,,,0.5667,0.2395,0.1938,1,,,,1.74,4.12,5.03,,,,,-0.3094,0,3,-1,-0.3036,-0.2484,0,0,,,,-0.0223,,,,,,,,,,,
spelad,NO,2013,2013-08-31,,Lillestrom,Odd,1,0,H,,,,,,,,,,,,,,,,,,,,0.4587,0.2849,0.2564,1,,,,2.13,3.6,3.85,,,,,-0.3032,-1,3,-2,-0.9167,0.0652,0,0,,,,0.0138,,,,,,,,,,,
spelad,NO,2013,2013-08-31,,Rosenborg,Aalesund,2,1,H,,,,,,,,,,,,,,,,,,,,0.6426,0.1954,0.162,1,,,,1.58,5,6.3,,,,,0.1526,0,3,1,0.0141,0.3981,0,0,,,,-0.0544,,,,,,,,,,,
spelad,NO,2013,2013-09-01,,Molde,Valerenga,4,0,H,,,,,,,,,,,,,,,,,,,,0.6385,0.207,0.1546,1,,,,1.65,4.72,6.32,,,,,-0.1183,0,3,2,0.6203,0.0911,0,0,,,,-0.065,,,,,,,,,,,
spelad,NO,2013,2013-09-01,,Sarpsborg 08,Haugesund,2,1,H,,,,,,,,,,,,,,,,,,,,0.387,0.2709,0.3422,1,,,,2.65,3.61,2.9,,,,,-1.6334,0,,,,,0,0,,,,-0.028,,,,,,,,,,,
spelad,NO,2013,2013-09-01,,Start,Sandnes,7,0,H,,,,,,,,,,,,,,,,,,,,0.476,0.2588,0.2652,1,,,,2.15,3.77,3.68,,,,,-1.178,0,,,,,0,0,,,,-0.0487,,,,,,,,,,,
spelad,NO,2013,2013-09-01,,Tromso,Honefoss,1,1,D,,,,,,,,,,,,,,,,,,,,0.7008,0.1891,0.1101,1,,,,1.53,5.15,8.85,,,,,-0.6423,0,3,1,-0.0257,0.4118,0,0,,,,-0.0675,,,,,,,,,,,
spelad,NO,2013,2013-09-01,,Viking,Stromsgodset,1,0,H,,,,,,,,,,,,,,,,,,,,0.4297,0.2665,0.3038,1,,,,2.35,3.66,3.25,,,,,-0.1532,1,3,-1,-0.0436,-0.2702,0,0,,,,-0.0193,,,,,,,,,,,
spelad,NO,2013,2013-09-13,,Aalesund,Molde,1,3,A,,,,,,,,,,,,,,,,,,,,0.3459,0.286,0.3681,1,,,,2.98,3.5,2.65,,,,,0.0272,1,3,-3,-0.9783,-0.2618,0,0,,,,-0.01,,,,,,,,,,,
spelad,NO,2013,2013-09-14,,Haugesund,Viking,1,1,D,,,,,,,,,,,,,,,,,,,,0.3281,0.2777,0.3942,1,,,,3.1,3.52,2.7,,,,,0.4966,0,3,2,1.1494,0.0598,0,0,,,,0.0223,,,,,,,,,,,
spelad,NO,2013,2013-09-14,,Sogndal,Lillestrom,1,2,A,,,,,,,,,,,,,,,,,,,,0.3878,0.2682,0.344,1,,,,2.58,3.63,2.98,,,,,-0.2988,1,3,0,0.2036,0.0698,0,0,,,,0.0064,,,,,,,,,,,
spelad,NO,2013,2013-09-15,,Honefoss,Start,0,1,A,,,,,,,,,,,,,,,,,,,,0.3009,0.277,0.4221,1,,,,3.25,3.6,2.6,,,,,-0.2353,0,,,,,0,0,,,,0.0476,,,,,,,,,,,
spelad,NO,2013,2013-09-15,,Sandnes,Sarpsborg 08,2,0,H,,,,,,,,,,,,,,,,,,,,0.4874,0.2671,0.2455,1,,,,2,3.76,4.1,,,,,1.5326,0,,,,,0,0,,,,0.028,,,,,,,,,,,
spelad,NO,2013,2013-09-15,,Stromsgodset,Odd,3,1,H,,,,,,,,,,,,,,,,,,,,0.6129,0.2225,0.1646,1,,,,1.6,4.7,6.5,,,,,-0.4816,-1,3,0,-0.3576,0.077,0,0,,,,-0.0035,,,,,,,,,,,
spelad,NO,2013,2013-09-15,,Tromso,Rosenborg,1,0,H,,,,,,,,,,,,,,,,,,,,0.3461,0.2742,0.3798,1,,,,3,3.6,2.58,,,,,-1.7676,-1,3,-2,-0.7601,0.0823,0,0,,,,-0.0244,,,,,,,,,,,
spelad,NO,2013,2013-09-15,,Valerenga,Brann,4,3,H,,,,,,,,,,,,,,,,,,,,0.4431,0.2685,0.2884,1,,,,2.24,3.85,3.7,,,,,0.034,-2,3,0,0.1014,0.0642,0,0,,,,0.0308,,,,,,,,,,,
spelad,NO,2013,2013-09-20,,Rosenborg,Haugesund,1,1,D,,,,,,,,,,,,,,,,,,,,0.683,0.1969,0.1201,1,,,,1.45,5.1,8.13,,,,,0.068,-1,3,1,0.3305,-0.2469,0,0,,,,-0.0477,,,,,,,,,,,
spelad,NO,2013,2013-09-21,,Brann,Stromsgodset,1,1,D,,,,,,,,,,,,,,,,,,,,0.3511,0.2617,0.3873,1,,,,2.95,3.8,2.53,,,,,-0.188,0,3,-3,-0.9408,-0.2211,0,0,,,,-0.0344,,,,,,,,,,,
spelad,NO,2013,2013-09-21,,Lillestrom,Honefoss,1,2,A,,,,,,,,,,,,,,,,,,,,0.6411,0.2175,0.1414,1,,,,1.56,4.6,7,,,,,1.2965,1,3,-1,-0.747,0.396,0,0,,,,-0.0285,,,,,,,,,,,
spelad,NO,2013,2013-09-22,,Molde,Sandnes,4,1,H,,,,,,,,,,,,,,,,,,,,0.7349,0.1709,0.0943,1,,,,1.36,5.75,11,,,,,-0.5717,2,3,2,0.556,0.0959,0,0,,,,-0.0473,,,,,,,,,,,
spelad,NO,2013,2013-09-22,,Odd,Aalesund,5,1,H,,,,,,,,,,,,,,,,,,,,0.4414,0.2725,0.2861,1,,,,2.22,3.7,3.75,,,,,-0.2912,-2,3,-1,-0.2397,-0.2529,0,0,,,,0.0389,,,,,,,,,,,
spelad,NO,2013,2013-09-22,,Sarpsborg 08,Tromso,3,0,H,,,,,,,,,,,,,,,,,,,,0.425,0.2845,0.2905,1,,,,2.5,3.51,3.35,,,,,0.0412,0,,,,,0,0,,,,-0.0867,,,,,,,,,,,
spelad,NO,2013,2013-09-22,,Start,Sogndal,2,0,H,,,,,,,,,,,,,,,,,,,,0.564,0.2409,0.1951,1,,,,1.8,4.05,5,,,,,0.1641,-1,,,,,0,0,,,,-0.0487,,,,,,,,,,,
spelad,NO,2013,2013-09-22,,Viking,Valerenga,1,0,H,,,,,,,,,,,,,,,,,,,,0.6449,0.214,0.1411,1,,,,1.55,4.65,7,,,,,-0.1675,1,3,0,-0.1304,0.0737,0,0,,,,-0.0407,,,,,,,,,,,
spelad,NO,2013,2013-09-27,,Sogndal,Stromsgodset,0,5,A,,,,,,,,,,,,,,,,,,,,0.2333,0.2481,0.5186,1,,,,4.3,3.93,2,,,,,-0.3268,-1,3,-2,-0.4538,0.1007,0,0,,,,0.0444,,,,,,,,,,,
spelad,NO,2013,2013-09-28,,Aalesund,Brann,0,0,D,,,,,,,,,,,,,,,,,,,,0.5337,0.2348,0.2315,1,,,,1.86,4.2,4.4,,,,,-0.0316,-1,3,-1,-0.3021,-0.2634,0,0,,,,-0.0333,,,,,,,,,,,
spelad,NO,2013,2013-09-28,,Honefoss,Viking,2,2,D,,,,,,,,,,,,,,,,,,,,0.2688,0.2796,0.4517,1,,,,4.05,3.6,2.18,,,,,-0.179,1,3,-1,-0.1689,0.4268,0,0,,,,-0.0512,,,,,,,,,,,
spelad,NO,2013,2013-09-29,,Haugesund,Molde,1,1,D,,,,,,,,,,,,,,,,,,,,0.3508,0.2826,0.3666,1,,,,2.8,3.53,2.66,,,,,0.2119,2,3,1,1.0103,-0.2351,0,0,,,,-0.0071,,,,,,,,,,,
spelad,NO,2013,2013-09-29,,Sandnes,Lillestrom,1,1,D,,,,,,,,,,,,,,,,,,,,0.3948,0.2643,0.341,1,,,,2.47,3.69,3.2,,,,,0.1007,-1,3,0,0.1522,0.0572,0,0,,,,0.0498,,,,,,,,,,,
spelad,NO,2013,2013-09-29,,Sarpsborg 08,Rosenborg,1,2,A,,,,,,,,,,,,,,,,,,,,0.2836,0.2635,0.4529,1,,,,4,3.75,2.12,,,,,-0.4471,-2,,,,,0,0,,,,-0.0655,,,,,,,,,,,
spelad,NO,2013,2013-09-29,,Tromso,Start,2,3,A,,,,,,,,,,,,,,,,,,,,0.5273,0.2514,0.2212,1,,,,1.85,4.05,4.9,,,,,-1.1555,0,,,,,0,0,,,,0.0058,,,,,,,,,,,
spelad,NO,2013,2013-09-29,,Valerenga,Odd,1,2,A,,,,,,,,,,,,,,,,,,,,0.4225,0.2617,0.3158,1,,,,2.31,3.73,3.35,,,,,-0.2217,0,3,1,0.7281,-0.2732,0,0,,,,0.0273,,,,,,,,,,,
spelad,NO,2013,2013-10-04,,Brann,Haugesund,0,1,A,,,,,,,,,,,,,,,,,,,,0.4779,0.2589,0.2632,1,,,,2.05,3.88,4.2,,,,,-0.5085,1,3,-1,-0.1343,-0.2507,0,0,,,,0.0177,,,,,,,,,,,
spelad,NO,2013,2013-10-05,,Stromsgodset,Valerenga,2,1,H,,,,,,,,,,,,,,,,,,,,0.749,0.1594,0.0917,1,,,,1.36,6.11,11,,,,,0.6654,2,3,2,0.7266,0.063,0,0,,,,-0.0919,,,,,,,,,,,
spelad,NO,2013,2013-10-05,,Viking,Sandnes,1,1,D,,,,,,,,,,,,,,,,,,,,0.6517,0.2084,0.1399,1,,,,1.55,4.75,7.5,,,,,-0.123,1,3,2,0.644,0.0671,0,0,,,,-0.0447,,,,,,,,,,,
spelad,NO,2013,2013-10-06,,Lillestrom,Aalesund,1,1,D,,,,,,,,,,,,,,,,,,,,0.5056,0.2535,0.2409,1,,,,2.1,3.85,4.2,,,,,0.1225,-1,3,0,0.3439,0.0828,0,0,,,,-0.0636,,,,,,,,,,,
spelad,NO,2013,2013-10-06,,Molde,Tromso,1,0,H,,,,,,,,,,,,,,,,,,,,0.6728,0.1963,0.1309,1,,,,1.45,5.1,7.7,,,,,1.2993,0,3,2,0.9752,0.062,0,0,,,,-0.0389,,,,,,,,,,,
spelad,NO,2013,2013-10-06,,Odd,Sogndal,0,0,D,,,,,,,,,,,,,,,,,,,,0.6183,0.2261,0.1556,1,,,,1.62,4.33,6.29,,,,,0.3719,-2,3,-1,-0.5027,-0.2762,0,0,,,,-0.0567,,,,,,,,,,,
spelad,NO,2013,2013-10-06,,Rosenborg,Honefoss,0,0,D,,,,,,,,,,,,,,,,,,,,0.7667,0.1521,0.0811,1,,,,1.29,6.7,13,,,,,0.0514,-1,3,1,0.1367,-0.2274,0,0,,,,-0.0283,,,,,,,,,,,
spelad,NO,2013,2013-10-06,,Start,Sarpsborg 08,1,1,D,,,,,,,,,,,,,,,,,,,,0.5803,0.2216,0.1981,1,,,,1.68,4.4,5.5,,,,,1.138,0,,,,,0,0,,,,-0.0082,,,,,,,,,,,
spelad,NO,2013,2013-10-18,,Sarpsborg 08,Brann,3,2,H,,,,,,,,,,,,,,,,,,,,0.4786,0.251,0.2704,1,,,,2.2,3.9,3.61,,,,,-0.1459,-2,,,,,0,0,,,,-0.0559,,,,,,,,,,,
spelad,NO,2013,2013-10-19,,Start,Rosenborg,0,1,A,,,,,,,,,,,,,,,,,,,,0.3122,0.2751,0.4127,1,,,,3.35,3.6,2.36,,,,,0.9679,0,,,,,0,0,,,,-0.0431,,,,,,,,,,,
spelad,NO,2013,2013-10-19,,Tromso,Viking,4,3,H,,,,,,,,,,,,,,,,,,,,0.4591,0.2821,0.2588,1,,,,2.3,3.5,3.76,,,,,-0.7588,-1,3,1,0.7336,-0.2794,0,0,,,,-0.0666,,,,,,,,,,,
spelad,NO,2013,2013-10-20,,Aalesund,Stromsgodset,0,1,A,,,,,,,,,,,,,,,,,,,,0.2816,0.2499,0.4685,1,,,,3.5,4,2.25,,,,,-0.4235,-1,3,-1,0.0804,-0.2461,0,0,,,,0.0423,,,,,,,,,,,
spelad,NO,2013,2013-10-20,,Haugesund,Lillestrom,3,2,H,,,,,,,,,,,,,,,,,,,,0.4922,0.2641,0.2437,1,,,,2.04,3.75,4.25,,,,,0.6363,2,3,-1,-0.7286,0.4148,0,0,,,,0.0038,,,,,,,,,,,
spelad,NO,2013,2013-10-20,,Honefoss,Molde,0,1,A,,,,,,,,,,,,,,,,,,,,0.2301,0.2508,0.519,1,,,,4.24,3.89,1.93,,,,,-0.1781,0,3,-2,-0.3607,0.1262,0,0,,,,0.0271,,,,,,,,,,,
spelad,NO,2013,2013-10-20,,Sandnes,Odd,2,4,A,,,,,,,,,,,,,,,,,,,,0.3827,0.2796,0.3377,1,,,,2.56,3.5,2.95,,,,,0.4157,1,3,-1,-0.4395,0.4118,0,0,,,,0.0175,,,,,,,,,,,
spelad,NO,2013,2013-10-20,,Sogndal,Valerenga,1,2,A,,,,,,,,,,,,,,,,,,,,0.3812,0.2913,0.3275,1,,,,2.6,3.45,3.25,,,,,0.3595,-1,3,1,0.8718,-0.2647,0,0,,,,0.0447,,,,,,,,,,,
spelad,NO,2013,2013-10-25,,Viking,Aalesund,1,3,A,,,,,,,,,,,,,,,,,,,,0.5843,0.2467,0.1691,1,,,,1.7,4.1,6.2,,,,,0.2977,1,3,-1,-0.6508,0.3993,0,0,,,,-0.0056,,,,,,,,,,,
spelad,NO,2013,2013-10-26,,Molde,Rosenborg,1,0,H,,,,,,,,,,,,,,,,,,,,0.4546,0.2655,0.2799,1,,,,2.22,3.75,3.55,,,,,0.3645,-1,3,0,0.1667,0.086,0,0,,,,-0.0261,,,,,,,,,,,
spelad,NO,2013,2013-10-26,,Valerenga,Haugesund,1,2,A,,,,,,,,,,,,,,,,,,,,0.4118,0.2703,0.3179,1,,,,2.42,3.7,3.1,,,,,-0.6232,0,3,-1,-0.166,-0.2498,0,0,,,,-0.0227,,,,,,,,,,,
spelad,NO,2013,2013-10-27,,Brann,Honefoss,0,0,D,,,,,,,,,,,,,,,,,,,,0.5548,0.2353,0.21,1,,,,1.8,4.15,4.71,,,,,-0.3847,2,3,0,-0.2455,0.084,0,0,,,,-0.041,,,,,,,,,,,
spelad,NO,2013,2013-10-27,,Lillestrom,Tromso,3,2,H,,,,,,,,,,,,,,,,,,,,0.4315,0.2747,0.2938,1,,,,2.3,3.65,3.75,,,,,0.3695,-1,3,-1,0.2222,-0.2288,0,0,,,,0.0422,,,,,,,,,,,
spelad,NO,2013,2013-10-27,,Odd,Sarpsborg 08,2,2,D,,,,,,,,,,,,,,,,,,,,0.5329,0.2414,0.2257,1,,,,1.85,4.05,4.4,,,,,0.14,-2,,,,,0,0,,,,-0.0155,,,,,,,,,,,
spelad,NO,2013,2013-10-27,,Sogndal,Sandnes,2,1,H,,,,,,,,,,,,,,,,,,,,0.4133,0.2938,0.2929,1,,,,2.36,3.65,3.33,,,,,-0.0229,0,3,0,0.1031,0.0529,0,0,,,,0.013,,,,,,,,,,,
spelad,NO,2013,2013-10-27,,Stromsgodset,Start,1,0,H,,,,,,,,,,,,,,,,,,,,0.7444,0.1639,0.0917,1,,,,1.36,5.95,10.64,,,,,0.0868,-1,,,,,0,0,,,,-0.0804,,,,,,,,,,,
spelad,NO,2013,2013-11-03,,Aalesund,Valerenga,1,0,H,,,,,,,,,,,,,,,,,,,,0.5511,0.2391,0.2098,1,,,,1.81,4.15,4.75,,,,,-0.1999,1,3,0,-0.054,0.0643,0,0,,,,-0.0456,,,,,,,,,,,
spelad,NO,2013,2013-11-03,,Haugesund,Odd,3,1,H,,,,,,,,,,,,,,,,,,,,0.5275,0.2502,0.2223,1,,,,1.85,4.1,4.6,,,,,0.6746,1,3,-3,-1.4556,-0.2585,0,0,,,,0.0095,,,,,,,,,,,
spelad,NO,2013,2013-11-03,,Honefoss,Sogndal,3,1,H,,,,,,,,,,,,,,,,,,,,0.5239,0.2591,0.217,1,,,,1.91,3.76,4.51,,,,,0.5947,0,3,0,-0.2234,0.7183,0,0,,,,-0.05,,,,,,,,,,,
spelad,NO,2013,2013-11-03,,Rosenborg,Viking,2,1,H,,,,,,,,,,,,,,,,,,,,0.6815,0.1969,0.1217,1,,,,1.53,4.95,8.5,,,,,0.5754,-1,3,1,0.0689,0.4061,0,0,,,,-0.063,,,,,,,,,,,
spelad,NO,2013,2013-11-03,,Sandnes,Brann,3,1,H,,,,,,,,,,,,,,,,,,,,0.4955,0.2496,0.2549,1,,,,2,3.91,4.15,,,,,-0.2736,0,3,-2,-0.6352,0.0799,0,0,,,,-0.0058,,,,,,,,,,,
spelad,NO,2013,2013-11-03,,Sarpsborg 08,Molde,1,0,H,,,,,,,,,,,,,,,,,,,,0.2853,0.2588,0.4559,1,,,,3.5,3.77,2.22,,,,,-0.5036,-1,,,,,0,0,,,,0.017,,,,,,,,,,,
spelad,NO,2013,2013-11-03,,Start,Lillestrom,1,0,H,,,,,,,,,,,,,,,,,,,,0.5339,0.2455,0.2206,1,,,,1.95,3.98,4.43,,,,,0.43,0,,,,,0,0,,,,-0.0899,,,,,,,,,,,
spelad,NO,2013,2013-11-03,,Tromso,Stromsgodset,0,0,D,,,,,,,,,,,,,,,,,,,,0.2643,0.2622,0.4735,1,,,,3.69,3.75,2.15,,,,,-1.0247,0,3,-1,-0.0998,-0.2623,0,0,,,,0.0386,,,,,,,,,,,
spelad,NO,2013,2013-11-10,,Brann,Tromso,4,1,H,,,,,,,,,,,,,,,,,,,,0.3627,0.2357,0.4016,1,,,,2.82,4.3,2.45,,,,,-0.2416,0,3,-3,-0.9716,-0.2331,0,0,,,,-0.0325,,,,,,,,,,,
spelad,NO,2013,2013-11-10,,Lillestrom,Rosenborg,0,3,A,,,,,,,,,,,,,,,,,,,,0.1947,0.2247,0.5806,1,,,,5.3,4.35,1.73,,,,,0.0107,0,3,-1,-0.0543,0.4584,0,0,,,,0.0191,,,,,,,,,,,
spelad,NO,2013,2013-11-10,,Molde,Start,0,1,A,,,,,,,,,,,,,,,,,,,,0.7018,0.1834,0.1148,1,,,,1.45,5.5,9,,,,,-0.0013,0,,,,,0,0,,,,-0.06,,,,,,,,,,,
spelad,NO,2013,2013-11-10,,Odd,Honefoss,3,2,H,,,,,,,,,,,,,,,,,,,,0.5082,0.2323,0.2595,1,,,,2,4.2,3.8,,,,,-0.281,0,3,2,0.8531,0.0621,0,0,,,,-0.0323,,,,,,,,,,,
spelad,NO,2013,2013-11-10,,Sogndal,Aalesund,1,2,A,,,,,,,,,,,,,,,,,,,,0.3361,0.2875,0.3763,1,,,,2.9,3.5,2.75,,,,,-0.3636,0,3,0,-0.0041,0.7406,0,0,,,,0.0279,,,,,,,,,,,
spelad,NO,2013,2013-11-10,,Stromsgodset,Haugesund,4,0,H,,,,,,,,,,,,,,,,,,,,0.7428,0.1472,0.11,1,,,,1.34,6.61,10,,,,,-0.2888,0,3,0,-0.3248,0.0802,0,0,,,,-0.0408,,,,,,,,,,,
spelad,NO,2013,2013-11-10,,Valerenga,Sandnes,2,0,H,,,,,,,,,,,,,,,,,,,,0.4313,0.291,0.2777,1,,,,2.3,3.6,3.51,,,,,-0.1084,0,3,3,1.6174,-0.2624,0,0,,,,0.0003,,,,,,,,,,,
spelad,NO,2013,2013-11-10,,Viking,Sarpsborg 08,2,1,H,,,,,,,,,,,,,,,,,,,,0.4313,0.2532,0.3155,1,,,,2.26,3.95,3.25,,,,,-0.9922,0,,,,,0,0,,,,0.0171,,,,,,,,,,,
spelad,NO,2013,2013-11-13,,Sarpsborg 08,Ranheim,1,0,H,,,,,,,,,,,,,,,,,,,,0.5604,0.239,0.2006,1,,,,1.74,4.2,5.7,,,,,,,,,,,-1,0,,,,0.0355,,,,,,,,,,,
spelad,NO,2013,2013-11-16,,Ranheim,Sarpsborg 08,0,2,A,,,,,,,,,,,,,,,,,,,,0.3724,0.2623,0.3654,1,,,,2.85,3.72,2.67,,,,,,0,,,,,1,0,,,,-0.0587,,,,,,,,,,,
spelad,NO,2014,2014-03-28,,Molde,Valerenga,2,0,H,,,,,,,,,,,,,,,,,,,,0.6428,0.2083,0.1489,1,,,,1.56,4.69,6.56,,,,,0.2145,,4,2.25,0.6846,0.0166,0,0,,,,-0.0603,,,,,,,,,,,
spelad,NO,2014,2014-03-29,,Haugesund,Lillestrom,1,1,D,,,,,,,,,,,,,,,,,,,,0.5385,0.2572,0.2043,1,,,,1.91,3.79,4.77,,,,,1.0377,,4,0,-0.2317,0.245,0,0,,,,-0.0795,,,,,,,,,,,
spelad,NO,2014,2014-03-29,,Rosenborg,Viking,2,2,D,,,,,,,,,,,,,,,,,,,,0.587,0.2406,0.1725,1,,,,1.68,4.2,5.65,,,,,0.3768,,4,1.5,0.2413,0.2554,0,0,,,,-0.0283,,,,,,,,,,,
spelad,NO,2014,2014-03-30,,Bodo/Glimt,Aalesund,1,1,D,,,,,,,,,,,,,,,,,,,,0.4624,0.2733,0.2644,1,,,,2.17,3.6,3.8,,,,,,,,,,,1,0,,,,-0.0215,,,,,,,,,,,
spelad,NO,2014,2014-03-30,,Sandnes,Odd,1,1,D,,,,,,,,,,,,,,,,,,,,0.3524,0.2805,0.367,1,,,,2.77,3.5,2.8,,,,,-0.5387,,4,-1.5,-0.6865,0.239,0,0,,,,0.0283,,,,,,,,,,,
spelad,NO,2014,2014-03-30,,Sarpsborg 08,Brann,3,0,H,,,,,,,,,,,,,,,,,,,,0.4012,0.2716,0.3272,1,,,,2.45,3.65,3.04,,,,,1.0302,,,,,,0,0,,,,-0.0008,,,,,,,,,,,
spelad,NO,2014,2014-03-30,,Stabaek,Sogndal,3,0,H,,,,,,,,,,,,,,,,,,,,0.398,0.2973,0.3047,1,,,,2.6,3.4,3.5,,,,,0.3626,,,,,,1,0,,,,0.0341,,,,,,,,,,,
spelad,NO,2014,2014-03-30,,Stromsgodset,Start,4,2,H,,,,,,,,,,,,,,,,,,,,0.6295,0.2163,0.1541,1,,,,1.57,4.75,7,,,,,-0.1783,,,,,,0,0,,,,-0.0092,,,,,,,,,,,
spelad,NO,2014,2014-04-04,,Viking,Stromsgodset,0,0,D,,,,,,,,,,,,,,,,,,,,0.4263,0.2696,0.3041,1,,,,2.38,3.62,3.25,,,,,-0.8778,1,4,0,0.3284,-0.2693,0,0,,,,-0.0438,,,,,,,,,,,
spelad,NO,2014,2014-04-05,,Aalesund,Rosenborg,1,1,D,,,,,,,,,,,,,,,,,,,,0.3608,0.2784,0.3608,1,,,,3,3.55,2.71,,,,,0.2476,-1,4,-1.5,-0.4795,0.2497,0,0,,,,-0.0546,,,,,,,,,,,
spelad,NO,2014,2014-04-05,,Odd,Molde,2,1,H,,,,,,,,,,,,,,,,,,,,0.3351,0.2779,0.387,1,,,,2.95,3.55,2.7,,,,,0.2983,-2,4,-0.75,-0.2659,0.5081,0,0,,,,0.0324,,,,,,,,,,,
spelad,NO,2014,2014-04-06,,Brann,Stabaek,1,2,A,,,,,,,,,,,,,,,,,,,,0.6205,0.2086,0.1709,1,,,,1.65,4.75,6.25,,,,,-0.6587,0,,,,,-1,0,,,,-0.0482,,,,,,,,,,,
spelad,NO,2014,2014-04-06,,Lillestrom,Sandnes,4,1,H,,,,,,,,,,,,,,,,,,,,0.5846,0.2347,0.1808,1,,,,1.73,4.18,5.5,,,,,-0.1275,1,4,0,-0.2288,0.2268,0,0,,,,-0.0406,,,,,,,,,,,
spelad,NO,2014,2014-04-06,,Sogndal,Sarpsborg 08,1,1,D,,,,,,,,,,,,,,,,,,,,0.3351,0.2794,0.3855,1,,,,2.91,3.6,2.8,,,,,-1.4205,0,,,,,0,0,,,,0.0549,,,,,,,,,,,
spelad,NO,2014,2014-04-06,,Start,Haugesund,3,1,H,,,,,,,,,,,,,,,,,,,,0.5201,0.2566,0.2232,1,,,,2.02,3.81,4.38,,,,,-0.1783,-1,,,,,0,0,,,,-0.0761,,,,,,,,,,,
spelad,NO,2014,2014-04-06,,Valerenga,Bodo/Glimt,3,1,H,,,,,,,,,,,,,,,,,,,,0.4354,0.2786,0.286,1,,,,2.25,3.65,3.75,,,,,,2,,,,,-1,0,,,,0.0284,,,,,,,,,,,
spelad,NO,2014,2014-04-11,,Sandnes,Brann,1,1,D,,,,,,,,,,,,,,,,,,,,0.3796,0.2644,0.356,1,,,,2.66,3.69,2.75,,,,,0.3241,0,4,-0.75,-0.1604,-0.0025,0,0,,,,-0.0105,,,,,,,,,,,
spelad,NO,2014,2014-04-12,,Haugesund,Valerenga,1,1,D,,,,,,,,,,,,,,,,,,,,0.4782,0.2717,0.2501,1,,,,2.09,3.7,4.3,,,,,0.4974,0,4,1.5,0.7558,-0.2549,0,0,,,,0.0183,,,,,,,,,,,
spelad,NO,2014,2014-04-12,,Lillestrom,Viking,0,1,A,,,,,,,,,,,,,,,,,,,,0.3836,0.2768,0.3395,1,,,,2.58,3.52,2.9,,,,,0.3844,-2,4,0,0.1224,0.2339,0,0,,,,0.0022,,,,,,,,,,,
spelad,NO,2014,2014-04-13,,Bodo/Glimt,Sogndal,4,2,H,,,,,,,,,,,,,,,,,,,,0.62,0.2345,0.1455,1,,,,1.67,4.15,6.69,,,,,,0,,,,,1,0,,,,-0.0711,,,,,,,,,,,
spelad,NO,2014,2014-04-13,,Rosenborg,Odd,2,0,H,,,,,,,,,,,,,,,,,,,,0.5274,0.2568,0.2159,1,,,,1.86,3.9,5,,,,,-0.3126,0,4,2.25,0.65,0.0054,0,0,,,,0.0343,,,,,,,,,,,
spelad,NO,2014,2014-04-13,,Sarpsborg 08,Start,1,1,D,,,,,,,,,,,,,,,,,,,,0.4621,0.2708,0.2671,1,,,,2.25,3.7,3.65,,,,,0.2862,0,,,,,0,0,,,,-0.0583,,,,,,,,,,,
spelad,NO,2014,2014-04-13,,Stabaek,Molde,0,2,A,,,,,,,,,,,,,,,,,,,,0.176,0.2246,0.5994,1,,,,5.9,4.35,1.7,,,,,0.6076,-1,,,,,1,0,,,,0.0244,,,,,,,,,,,
spelad,NO,2014,2014-04-13,,Stromsgodset,Aalesund,2,0,H,,,,,,,,,,,,,,,,,,,,0.6022,0.229,0.1688,1,,,,1.67,4.3,6,,,,,0.2237,1,4,1.5,0.4605,-0.2471,0,0,,,,-0.0318,,,,,,,,,,,
spelad,NO,2014,2014-04-21,,Aalesund,Start,1,2,A,,,,,,,,,,,,,,,,,,,,0.4757,0.2621,0.2621,1,,,,2.1,3.72,3.9,,,,,0.1574,0,,,,,0,0,,,,-0.002,,,,,,,,,,,
spelad,NO,2014,2014-04-21,,Bodo/Glimt,Rosenborg,2,2,D,,,,,,,,,,,,,,,,,,,,0.4019,0.2759,0.3223,1,,,,2.7,3.6,3.03,,,,,,0,,,,,1,0,,,,-0.0508,,,,,,,,,,,
spelad,NO,2014,2014-04-21,,Brann,Lillestrom,2,0,H,,,,,,,,,,,,,,,,,,,,0.4709,0.262,0.2671,1,,,,2.1,3.72,3.8,,,,,-0.5389,1,4,-0.75,-0.4295,0.0016,0,0,,,,-0.0053,,,,,,,,,,,
spelad,NO,2014,2014-04-21,,Molde,Sarpsborg 08,5,1,H,,,,,,,,,,,,,,,,,,,,0.7065,0.1857,0.1077,1,,,,1.38,5.42,10,,,,,-0.5108,0,,,,,0,0,,,,-0.0039,,,,,,,,,,,
spelad,NO,2014,2014-04-21,,Odd,Stabaek,2,1,H,,,,,,,,,,,,,,,,,,,,0.6917,0.192,0.1163,1,,,,1.44,5.1,8.5,,,,,-0.3418,0,,,,,-1,0,,,,-0.0562,,,,,,,,,,,
spelad,NO,2014,2014-04-21,,Sogndal,Stromsgodset,1,3,A,,,,,,,,,,,,,,,,,,,,0.1662,0.2343,0.5995,1,,,,5.88,4.2,1.67,,,,,-1.0244,0,4,-2.25,-0.5773,0.0135,0,0,,,,0.0492,,,,,,,,,,,
spelad,NO,2014,2014-04-21,,Valerenga,Sandnes,3,0,H,,,,,,,,,,,,,,,,,,,,0.599,0.2297,0.1713,1,,,,1.68,4.25,5.7,,,,,0.5847,-1,4,3,1.5668,-0.2696,0,0,,,,-0.0639,,,,,,,,,,,
spelad,NO,2014,2014-04-21,,Viking,Haugesund,2,0,H,,,,,,,,,,,,,,,,,,,,0.5728,0.2434,0.1837,1,,,,1.7,4,5.75,,,,,-0.638,0,4,-1.5,-1.0219,0.2254,0,0,,,,0.0095,,,,,,,,,,,
spelad,NO,2014,2014-04-27,,Haugesund,Sogndal,0,3,A,,,,,,,,,,,,,,,,,,,,0.5909,0.2378,0.1713,1,,,,1.66,4.2,6,,,,,0.6875,0,4,-0.75,-0.9302,0.4953,0,0,,,,-0.0033,,,,,,,,,,,
spelad,NO,2014,2014-04-27,,Rosenborg,Brann,5,2,H,,,,,,,,,,,,,,,,,,,,0.6025,0.2184,0.1791,1,,,,1.62,4.47,5.8,,,,,0.6701,0,4,1.5,0.4558,-0.2296,0,0,,,,0.0047,,,,,,,,,,,
spelad,NO,2014,2014-04-27,,Sandnes,Molde,1,3,A,,,,,,,,,,,,,,,,,,,,0.1658,0.2276,0.6066,1,,,,5.9,4.29,1.65,,,,,-0.5582,0,4,-2.25,-0.6023,0.0292,0,0,,,,0.0344,,,,,,,,,,,
spelad,NO,2014,2014-04-27,,Stabaek,Bodo/Glimt,2,1,H,,,,,,,,,,,,,,,,,,,,0.3508,0.2755,0.3737,1,,,,2.88,3.65,2.7,,,,,,0,,,,,0,0,,,,-0.0045,,,,,,,,,,,
spelad,NO,2014,2014-04-27,,Start,Viking,0,2,A,,,,,,,,,,,,,,,,,,,,0.4098,0.2725,0.3177,1,,,,2.48,3.6,3.07,,,,,0.5111,0,,,,,0,0,,,,-0.0304,,,,,,,,,,,
spelad,NO,2014,2014-04-27,,Stromsgodset,Odd,2,1,H,,,,,,,,,,,,,,,,,,,,0.5545,0.2434,0.2021,1,,,,1.81,4.01,5.2,,,,,0.2721,0,4,0.75,-0.0335,0.0021,0,0,,,,-0.0086,,,,,,,,,,,
spelad,NO,2014,2014-04-28,,Lillestrom,Aalesund,0,0,D,,,,,,,,,,,,,,,,,,,,0.4536,0.2709,0.2755,1,,,,2.16,3.6,3.7,,,,,-0.4525,0,4,0,0.0653,0.2487,0,0,,,,0.0109,,,,,,,,,,,
spelad,NO,2014,2014-04-28,,Sarpsborg 08,Valerenga,3,0,H,,,,,,,,,,,,,,,,,,,,0.4239,0.2686,0.3075,1,,,,2.35,3.65,3.19,,,,,0.1064,0,,,,,0,0,,,,-0.0105,,,,,,,,,,,
spelad,NO,2014,2014-04-30,,Brann,Haugesund,1,3,A,,,,,,,,,,,,,,,,,,,,0.5874,0.2289,0.1836,1,,,,1.91,4.26,5.31,,,,,-0.06,0,4,-1.5,-0.5239,-0.2527,0,0,,,,-0.0781,,,,,,,,,,,
spelad,NO,2014,2014-04-30,,Sandnes,Stabaek,2,1,H,,,,,,,,,,,,,,,,,,,,0.4355,0.2675,0.297,1,,,,2.26,3.7,3.3,,,,,-1.142,0,,,,,-1,0,,,,-0.0073,,,,,,,,,,,
spelad,NO,2014,2014-05-01,,Aalesund,Viking,1,2,A,,,,,,,,,,,,,,,,,,,,0.3611,0.2723,0.3665,1,,,,2.75,3.6,2.86,,,,,-0.1393,-1,4,1.5,0.7501,0.2378,0,0,,,,0.0325,,,,,,,,,,,
spelad,NO,2014,2014-05-01,,Bodo/Glimt,Lillestrom,1,2,A,,,,,,,,,,,,,,,,,,,,0.4546,0.2708,0.2746,1,,,,2.15,3.71,3.75,,,,,-0.2706,1,,,,,1,0,,,,0.0143,,,,,,,,,,,
spelad,NO,2014,2014-05-01,,Molde,Start,2,0,H,,,,,,,,,,,,,,,,,,,,0.6758,0.1923,0.1319,1,,,,1.52,5.06,7.5,,,,,-0.5704,0,,,,,0,0,,,,-0.0691,,,,,,,,,,,
spelad,NO,2014,2014-05-01,,Odd,Sarpsborg 08,2,0,H,,,,,,,,,,,,,,,,,,,,0.6241,0.2149,0.1609,1,,,,1.6,4.55,6.5,,,,,-0.3881,1,,,,,0,0,,,,-0.0183,,,,,,,,,,,
spelad,NO,2014,2014-05-01,,Sogndal,Rosenborg,1,2,A,,,,,,,,,,,,,,,,,,,,0.211,0.2413,0.5477,1,,,,5.2,4.15,1.78,,,,,-0.3261,0,4,-2.25,-0.4267,0.0336,0,0,,,,-0.0181,,,,,,,,,,,
spelad,NO,2014,2014-05-01,,Valerenga,Stromsgodset,3,0,H,,,,,,,,,,,,,,,,,,,,0.2895,0.2547,0.4558,1,,,,3.6,3.86,2.14,,,,,-0.5901,-1,4,-2.25,-0.7008,0.0074,0,0,,,,-0.024,,,,,,,,,,,
spelad,NO,2014,2014-05-04,,Haugesund,Aalesund,1,2,A,,,,,,,,,,,,,,,,,,,,0.5,0.2532,0.2468,1,,,,2.1,3.85,4.1,,,,,-0.0982,1,4,-0.75,-0.4109,-0.0191,0,0,,,,-0.0326,,,,,,,,,,,
spelad,NO,2014,2014-05-04,,Lillestrom,Sogndal,2,0,H,,,,,,,,,,,,,,,,,,,,0.598,0.2315,0.1704,1,,,,1.63,4.45,6.7,,,,,0.2426,0,4,0.75,0.2199,-0.0147,0,0,,,,0.035,,,,,,,,,,,
spelad,NO,2014,2014-05-04,,Rosenborg,Molde,0,2,A,,,,,,,,,,,,,,,,,,,,0.378,0.2786,0.3434,1,,,,2.58,3.5,3.1,,,,,0.5655,0,4,-0.75,-0.4658,-0.0019,0,0,,,,0.0337,,,,,,,,,,,
spelad,NO,2014,2014-05-04,,Sarpsborg 08,Sandnes,2,1,H,,,,,,,,,,,,,,,,,,,,0.6138,0.2193,0.1668,1,,,,1.67,4.45,6,,,,,0.6034,-1,,,,,0,0,,,,-0.0459,,,,,,,,,,,
spelad,NO,2014,2014-05-04,,Start,Brann,1,1,D,,,,,,,,,,,,,,,,,,,,0.5551,0.2348,0.2101,1,,,,1.83,4.25,5,,,,,1.0418,-1,,,,,0,0,,,,-0.0312,,,,,,,,,,,
spelad,NO,2014,2014-05-04,,Stromsgodset,Bodo/Glimt,2,0,H,,,,,,,,,,,,,,,,,,,,0.7156,0.1819,0.1024,1,,,,1.41,5.35,9.5,,,,,0.9912,0,,,,,-1,0,,,,-0.0852,,,,,,,,,,,
spelad,NO,2014,2014-05-05,,Stabaek,Valerenga,0,3,A,,,,,,,,,,,,,,,,,,,,0.3285,0.2717,0.3998,1,,,,3.1,3.6,2.5,,,,,0.2049,1,,,,,1,0,,,,0.0227,,,,,,,,,,,
spelad,NO,2014,2014-05-05,,Viking,Odd,1,1,D,,,,,,,,,,,,,,,,,,,,0.5443,0.2584,0.1972,1,,,,1.81,3.9,5.1,,,,,0.6471,0,4,2.25,0.9632,-0.0198,0,0,,,,-0.0198,,,,,,,,,,,
spelad,NO,2014,2014-05-10,,Aalesund,Brann,0,1,A,,,,,,,,,,,,,,,,,,,,0.5111,0.2387,0.2503,1,,,,2,4.15,4.05,,,,,0.3189,0,4,-0.75,-0.4356,-0.0062,0,0,,,,-0.0327,,,,,,,,,,,
spelad,NO,2014,2014-05-10,,Bodo/Glimt,Haugesund,2,1,H,,,,,,,,,,,,,,,,,,,,0.5385,0.2449,0.2166,1,,,,1.9,4.1,4.65,,,,,-0.034,0,,,,,1,0,,,,-0.0412,,,,,,,,,,,
spelad,NO,2014,2014-05-11,,Molde,Stromsgodset,2,2,D,,,,,,,,,,,,,,,,,,,,0.5534,0.2287,0.2179,1,,,,1.8,4.26,4.85,,,,,-0.1474,0,4,-0.75,-0.3673,-0.0018,0,0,,,,-0.0169,,,,,,,,,,,
spelad,NO,2014,2014-05-11,,Odd,Lillestrom,0,2,A,,,,,,,,,,,,,,,,,,,,0.5669,0.2349,0.1982,1,,,,1.8,4.15,5.25,,,,,0.3162,-1,4,0.75,0.3751,-0.0223,0,0,,,,-0.0276,,,,,,,,,,,
spelad,NO,2014,2014-05-11,,Sogndal,Start,2,1,H,,,,,,,,,,,,,,,,,,,,0.3598,0.2723,0.3679,1,,,,3.1,3.58,2.67,,,,,-0.6789,0,,,,,0,0,,,,-0.0403,,,,,,,,,,,
spelad,NO,2014,2014-05-11,,Stabaek,Sarpsborg 08,3,2,H,,,,,,,,,,,,,,,,,,,,0.3058,0.2488,0.4454,1,,,,3.2,3.92,2.34,,,,,-0.2334,-1,,,,,1,0,,,,0.0179,,,,,,,,,,,
spelad,NO,2014,2014-05-11,,Valerenga,Viking,1,1,D,,,,,,,,,,,,,,,,,,,,0.3778,0.2599,0.3623,1,,,,2.75,3.75,2.7,,,,,-0.1324,0,4,-0.75,-0.1168,0.0018,0,0,,,,-0.0473,,,,,,,,,,,
spelad,NO,2014,2014-05-12,,Sandnes,Rosenborg,0,2,A,,,,,,,,,,,,,,,,,,,,0.2586,0.2586,0.4828,1,,,,4.5,4,2.03,,,,,-0.5839,0,4,-0.75,0.2475,0.0306,0,0,,,,-0.0227,,,,,,,,,,,
spelad,NO,2014,2014-05-16,,Aalesund,Sogndal,2,2,D,,,,,,,,,,,,,,,,,,,,0.4876,0.2716,0.2408,1,,,,2.06,3.89,4.2,,,,,-0.4312,1,4,0.75,-0.1565,0.4836,0,0,,,,-0.0098,,,,,,,,,,,
spelad,NO,2014,2014-05-16,,Brann,Bodo/Glimt,1,2,A,,,,,,,,,,,,,,,,,,,,0.5454,0.2249,0.2297,1,,,,1.81,4.34,4.75,,,,,0.1027,0,,,,,-1,0,,,,0.0027,,,,,,,,,,,
spelad,NO,2014,2014-05-16,,Haugesund,Odd,1,2,A,,,,,,,,,,,,,,,,,,,,0.3032,0.2862,0.4106,1,,,,3.21,3.5,2.42,,,,,-0.6474,1,4,-1.5,-0.7999,-0.2564,0,0,,,,0.033,,,,,,,,,,,
spelad,NO,2014,2014-05-16,,Lillestrom,Molde,1,2,A,,,,,,,,,,,,,,,,,,,,0.2637,0.2534,0.4829,1,,,,4.06,3.9,2.02,,,,,-0.0703,0,4,0.75,0.824,0.0038,0,0,,,,-0.0288,,,,,,,,,,,
spelad,NO,2014,2014-05-16,,Rosenborg,Stabaek,1,3,A,,,,,,,,,,,,,,,,,,,,0.7325,0.1602,0.1073,1,,,,1.36,6.12,9.5,,,,,-0.2573,-1,,,,,-1,0,,,,-0.045,,,,,,,,,,,
spelad,NO,2014,2014-05-16,,Start,Valerenga,2,2,D,,,,,,,,,,,,,,,,,,,,0.4316,0.2587,0.3097,1,,,,2.3,3.77,3.3,,,,,-0.6894,0,,,,,0,0,,,,-0.0146,,,,,,,,,,,
spelad,NO,2014,2014-05-16,,Stromsgodset,Sarpsborg 08,4,1,H,,,,,,,,,,,,,,,,,,,,0.6361,0.2003,0.1636,1,,,,1.53,5,7,,,,,0.3581,0,,,,,0,0,,,,0.0266,,,,,,,,,,,
spelad,NO,2014,2014-05-16,,Viking,Sandnes,2,2,D,,,,,,,,,,,,,,,,,,,,0.7272,0.1713,0.1015,1,,,,1.35,5.85,11,,,,,0.9894,1,4,1.5,0.1921,0.2482,0,0,,,,-0.0171,,,,,,,,,,,
spelad,NO,2014,2014-05-19,,Sarpsborg 08,Rosenborg,1,1,D,,,,,,,,,,,,,,,,,,,,0.3403,0.2704,0.3893,1,,,,3.13,3.65,2.5,,,,,-0.2933,0,,,,,0,0,,,,-0.0286,,,,,,,,,,,
spelad,NO,2014,2014-05-19,,Valerenga,Lillestrom,2,2,D,,,,,,,,,,,,,,,,,,,,0.495,0.2636,0.2414,1,,,,2,3.75,4.25,,,,,0.2631,0,4,0,-0.1055,0.2302,0,0,,,,-0.0287,,,,,,,,,,,
spelad,NO,2014,2014-05-20,,Bodo/Glimt,Start,2,1,H,,,,,,,,,,,,,,,,,,,,0.4285,0.2737,0.2979,1,,,,2.36,3.6,3.28,,,,,0.1062,0,,,,,1,0,,,,-0.0342,,,,,,,,,,,
spelad,NO,2014,2014-05-20,,Molde,Viking,1,0,H,,,,,,,,,,,,,,,,,,,,0.6112,0.2323,0.1565,1,,,,1.66,4.32,6.25,,,,,0.1326,0,4,-2.25,-1.3107,-0.0142,0,0,,,,-0.0602,,,,,,,,,,,
spelad,NO,2014,2014-05-20,,Odd,Aalesund,2,1,H,,,,,,,,,,,,,,,,,,,,0.6139,0.2198,0.1663,1,,,,1.59,4.61,6.93,,,,,0.7554,0,4,0,0.171,-0.2578,0,0,,,,0.0473,,,,,,,,,,,
spelad,NO,2014,2014-05-20,,Sandnes,Haugesund,0,0,D,,,,,,,,,,,,,,,,,,,,0.3653,0.2787,0.356,1,,,,2.7,3.6,2.8,,,,,0.451,0,4,-2.25,-0.8682,-0.0142,0,0,,,,0.0276,,,,,,,,,,,
spelad,NO,2014,2014-05-20,,Sogndal,Brann,2,1,H,,,,,,,,,,,,,,,,,,,,0.4064,0.2717,0.3219,1,,,,2.4,3.7,3.35,,,,,0.5171,0,4,0,0.2088,-0.2462,0,0,,,,0.0251,,,,,,,,,,,
spelad,NO,2014,2014-05-20,,Stabaek,Stromsgodset,2,1,H,,,,,,,,,,,,,,,,,,,,0.2476,0.2445,0.508,1,,,,4.5,4,1.95,,,,,0.2116,0,,,,,1,0,,,,-0.0193,,,,,,,,,,,
spelad,NO,2014,2014-05-23,,Haugesund,Molde,1,1,D,,,,,,,,,,,,,,,,,,,,0.2158,0.2482,0.536,1,,,,4.8,4.1,1.82,,,,,-1.49,0,4,0.75,0.674,0.003,0,0,,,,-0.009,,,,,,,,,,,
spelad,NO,2014,2014-05-24,,Lillestrom,Stabaek,5,1,H,,,,,,,,,,,,,,,,,,,,0.5992,0.2137,0.1871,1,,,,1.67,4.58,5.5,,,,,-0.429,1,,,,,0,0,,,,-0.0362,,,,,,,,,,,
spelad,NO,2014,2014-05-24,,Stromsgodset,Rosenborg,1,1,D,,,,,,,,,,,,,,,,,,,,0.5086,0.2435,0.2479,1,,,,1.93,4.01,4.2,,,,,0.1527,-1,4,0,-0.0041,0.2553,0,0,,,,0.011,,,,,,,,,,,
spelad,NO,2014,2014-05-25,,Aalesund,Sarpsborg 08,0,0,D,,,,,,,,,,,,,,,,,,,,0.38,0.2736,0.3464,1,,,,2.61,3.6,2.9,,,,,-0.383,-1,,,,,0,0,,,,0.0159,,,,,,,,,,,
spelad,NO,2014,2014-05-25,,Brann,Valerenga,2,3,A,,,,,,,,,,,,,,,,,,,,0.4622,0.256,0.2819,1,,,,2.35,3.81,3.6,,,,,-0.5679,-1,4,-0.75,-0.4076,-0.019,0,0,,,,-0.0555,,,,,,,,,,,
spelad,NO,2014,2014-05-25,,Sogndal,Sandnes,1,0,H,,,,,,,,,,,,,,,,,,,,0.5063,0.2571,0.2366,1,,,,1.93,3.85,4.5,,,,,0.5551,0,4,0.75,0.4439,-0.0338,0,0,,,,0.0086,,,,,,,,,,,
spelad,NO,2014,2014-05-25,,Start,Odd,0,1,A,,,,,,,,,,,,,,,,,,,,0.3597,0.2738,0.3665,1,,,,2.75,3.56,2.7,,,,,-0.5917,0,,,,,0,0,,,,0.0015,,,,,,,,,,,
spelad,NO,2014,2014-05-25,,Viking,Bodo/Glimt,2,3,A,,,,,,,,,,,,,,,,,,,,0.5922,0.2343,0.1735,1,,,,1.66,4.3,6.5,,,,,0.1603,0,,,,,0,0,,,,0.022,,,,,,,,,,,
spelad,NO,2014,2014-06-09,,Molde,Brann,4,2,H,,,,,,,,,,,,,,,,,,,,0.7608,0.1498,0.0893,1,,,,1.35,6.55,11.17,,,,,1.0778,2,4,0,-0.2791,-0.2402,0,0,,,,-0.0405,,,,,,,,,,,
spelad,NO,2014,2014-06-09,,Odd,Sogndal,0,0,D,,,,,,,,,,,,,,,,,,,,0.6255,0.2243,0.1501,1,,,,1.63,4.35,6.5,,,,,-0.1535,0,4,-0.75,-0.6473,-0.0137,0,0,,,,-0.0582,,,,,,,,,,,
spelad,NO,2014,2014-06-09,,Rosenborg,Lillestrom,3,1,H,,,,,,,,,,,,,,,,,,,,0.5062,0.2538,0.24,1,,,,1.95,3.86,4.07,,,,,-0.546,0,4,1.5,-0.0447,0.2876,0,0,,,,-0.0232,,,,,,,,,,,
spelad,NO,2014,2014-06-09,,Sandnes,Bodo/Glimt,1,0,H,,,,,,,,,,,,,,,,,,,,0.3512,0.279,0.3698,1,,,,2.96,3.6,2.64,,,,,-0.6905,0,,,,,0,0,,,,-0.0322,,,,,,,,,,,
spelad,NO,2014,2014-06-09,,Sarpsborg 08,Viking,1,1,D,,,,,,,,,,,,,,,,,,,,0.3785,0.2728,0.3487,1,,,,2.6,3.58,2.82,,,,,-0.1031,0,,,,,0,0,,,,-0.0132,,,,,,,,,,,
spelad,NO,2014,2014-06-09,,Stabaek,Start,1,2,A,,,,,,,,,,,,,,,,,,,,0.3487,0.2653,0.3859,1,,,,2.82,3.68,2.68,,,,,1.2242,1,,,,,0,0,,,,0.0206,,,,,,,,,,,
spelad,NO,2014,2014-06-09,,Stromsgodset,Haugesund,2,1,H,,,,,,,,,,,,,,,,,,,,0.6503,0.2007,0.1489,1,,,,1.55,4.95,7.5,,,,,0.5314,-1,4,0.75,-0.0876,0.0234,0,0,,,,-0.0239,,,,,,,,,,,
spelad,NO,2014,2014-06-09,,Valerenga,Aalesund,3,0,H,,,,,,,,,,,,,,,,,,,,0.6107,0.2148,0.1745,1,,,,1.65,4.6,5.65,,,,,1.0664,0,4,-0.75,-0.2248,-0.0116,0,0,,,,-0.0413,,,,,,,,,,,
spelad,NO,2014,2014-06-12,,Aalesund,Sandnes,3,0,H,,,,,,,,,,,,,,,,,,,,0.5385,0.2506,0.211,1,,,,1.9,3.89,4.62,,,,,-0.4526,0,4,0.75,0.286,-0.0128,0,0,,,,-0.0356,,,,,,,,,,,
spelad,NO,2014,2014-06-12,,Bodo/Glimt,Molde,1,1,D,,,,,,,,,,,,,,,,,,,,0.2361,0.2507,0.5132,1,,,,4.3,3.95,1.93,,,,,-0.3095,0,,,,,0,0,,,,0.0042,,,,,,,,,,,
spelad,NO,2014,2014-06-12,,Brann,Odd,0,1,A,,,,,,,,,,,,,,,,,,,,0.353,0.2605,0.3866,1,,,,2.85,3.9,2.6,,,,,-0.873,0,4,1.5,0.779,-0.2484,0,0,,,,-0.0111,,,,,,,,,,,
spelad,NO,2014,2014-06-12,,Haugesund,Sarpsborg 08,4,0,H,,,,,,,,,,,,,,,,,,,,0.4715,0.2596,0.2689,1,,,,2.1,3.76,3.75,,,,,-0.3671,0,,,,,0,0,,,,-0.0167,,,,,,,,,,,
spelad,NO,2014,2014-06-12,,Lillestrom,Stromsgodset,3,0,H,,,,,,,,,,,,,,,,,,,,0.419,0.272,0.309,1,,,,2.4,3.63,3.16,,,,,0.4925,0,4,-1.5,-0.4623,0.2652,0,0,,,,-0.0424,,,,,,,,,,,
spelad,NO,2014,2014-06-12,,Sogndal,Valerenga,2,0,H,,,,,,,,,,,,,,,,,,,,0.3679,0.2762,0.3559,1,,,,2.79,3.6,2.74,,,,,0.2009,0,4,0,0.2951,-0.2714,0,0,,,,-0.0256,,,,,,,,,,,
spelad,NO,2014,2014-06-12,,Start,Rosenborg,2,4,A,,,,,,,,,,,,,,,,,,,,0.3889,0.2757,0.3354,1,,,,2.71,3.6,2.91,,,,,-0.7847,0,,,,,0,0,,,,-0.0553,,,,,,,,,,,
spelad,NO,2014,2014-06-12,,Viking,Stabaek,4,1,H,,,,,,,,,,,,,,,,,,,,0.7228,0.1682,0.109,1,,,,1.42,5.8,9,,,,,-0.7194,0,,,,,0,0,,,,-0.0793,,,,,,,,,,,
spelad,NO,2014,2014-07-05,,Molde,Sogndal,3,0,H,,,,,,,,,,,,,,,,,,,,0.7706,0.1501,0.0793,1,,,,1.27,6.5,13,,,,,-0.2475,0,4,0,-0.3353,-0.2509,0,0,,,,-0.0444,,,,,,,,,,,
spelad,NO,2014,2014-07-06,,Rosenborg,Haugesund,5,3,H,,,,,,,,,,,,,,,,,,,,0.6449,0.1967,0.1583,1,,,,1.55,4.95,7,,,,,0.2932,0,4,0.75,-0.0635,0.0156,0,0,,,,-0.0358,,,,,,,,,,,
spelad,NO,2014,2014-07-06,,Sarpsborg 08,Bodo/Glimt,2,1,H,,,,,,,,,,,,,,,,,,,,0.4601,0.2643,0.2755,1,,,,2.13,3.75,3.75,,,,,-0.9441,0,,,,,0,0,,,,0.0163,,,,,,,,,,,
spelad,NO,2014,2014-07-06,,Stabaek,Aalesund,0,2,A,,,,,,,,,,,,,,,,,,,,0.3964,0.2763,0.3273,1,,,,2.5,3.7,3.1,,,,,0.4949,0,,,,,0,0,,,,0.0239,,,,,,,,,,,
spelad,NO,2014,2014-07-06,,Start,Lillestrom,3,1,H,,,,,,,,,,,,,,,,,,,,0.442,0.2698,0.2882,1,,,,2.3,3.65,3.39,,,,,-1.4134,0,,,,,0,0,,,,-0.0423,,,,,,,,,,,
spelad,NO,2014,2014-07-06,,Stromsgodset,Sandnes,1,0,H,,,,,,,,,,,,,,,,,,,,0.7396,0.1627,0.0976,1,,,,1.36,6,10,,,,,-0.3086,0,4,0,-0.4526,-0.2192,0,0,,,,-0.0541,,,,,,,,,,,
spelad,NO,2014,2014-07-06,,Viking,Brann,0,2,A,,,,,,,,,,,,,,,,,,,,0.6781,0.1907,0.1312,1,,,,1.45,5.12,7.5,,,,,0.3741,0,4,0.75,0.1213,-0.0039,0,0,,,,-0.0454,,,,,,,,,,,
spelad,NO,2014,2014-07-07,,Odd,Valerenga,2,2,D,,,,,,,,,,,,,,,,,,,,0.5999,0.2258,0.1743,1,,,,1.8,4.33,5.61,,,,,0.0086,0,4,0,0.1065,-0.2703,0,0,,,,-0.0498,,,,,,,,,,,
spelad,NO,2014,2014-07-11,,Aalesund,Molde,0,1,A,,,,,,,,,,,,,,,,,,,,0.1995,0.2367,0.5638,1,,,,5.5,4.2,1.75,,,,,-0.2485,-1,4,-3,-1.0647,-0.2679,0,0,,,,0.0056,,,,,,,,,,,
spelad,NO,2014,2014-07-12,,Bodo/Glimt,Odd,0,3,A,,,,,,,,,,,,,,,,,,,,0.333,0.2622,0.4048,1,,,,3,3.72,2.5,,,,,0.2836,1,,,,,0,0,,,,0.0055,,,,,,,,,,,
spelad,NO,2014,2014-07-12,,Brann,Stromsgodset,0,1,A,,,,,,,,,,,,,,,,,,,,0.3709,0.2567,0.3723,1,,,,2.8,3.9,2.75,,,,,-0.1659,0,4,-2.25,-0.7843,0.0188,0,0,,,,-0.0089,,,,,,,,,,,
spelad,NO,2014,2014-07-12,,Lillestrom,Sarpsborg 08,0,0,D,,,,,,,,,,,,,,,,,,,,0.5697,0.2429,0.1873,1,,,,2.3,4.2,6,,,,,0.5655,0,,,,,0,0,,,,-0.0303,,,,,,,,,,,
spelad,NO,2014,2014-07-12,,Sandnes,Start,1,2,A,,,,,,,,,,,,,,,,,,,,0.3331,0.2765,0.3904,1,,,,2.93,3.65,2.57,,,,,0.196,0,,,,,0,0,,,,0.0094,,,,,,,,,,,
spelad,NO,2014,2014-07-12,,Sogndal,Viking,0,0,D,,,,,,,,,,,,,,,,,,,,0.2941,0.2674,0.4385,1,,,,3.55,3.64,2.3,,,,,1.5483,1,4,-1.5,-0.2576,-0.2701,0,0,,,,0.027,,,,,,,,,,,
spelad,NO,2014,2014-07-13,,Haugesund,Stabaek,2,0,H,,,,,,,,,,,,,,,,,,,,0.5917,0.2292,0.1791,1,,,,1.83,4.26,5.5,,,,,-0.6424,0,,,,,0,0,,,,-0.0742,,,,,,,,,,,
spelad,NO,2014,2014-07-13,,Valerenga,Rosenborg,2,2,D,,,,,,,,,,,,,,,,,,,,0.3575,0.2522,0.3904,1,,,,2.82,3.87,2.7,,,,,0.1308,-1,4,-1.5,-0.3692,0.2698,0,0,,,,0.0136,,,,,,,,,,,
spelad,NO,2014,2014-07-18,,Stabaek,Brann,1,1,D,,,,,,,,,,,,,,,,,,,,0.3514,0.2684,0.3802,1,,,,2.9,3.75,2.57,,,,,0.6215,-1,3,-1,0.2327,-0.2197,0,0,,,,-0.0283,,,,,,,,,,,
spelad,NO,2014,2014-07-19,,Start,Bodo/Glimt,2,1,H,,,,,,,,,,,,,,,,,,,,0.5479,0.2432,0.2088,1,,,,1.8,4.01,4.75,,,,,-0.5713,0,,,,,0,0,,,,-0.0214,,,,,,,,,,,
spelad,NO,2014,2014-07-19,,Stromsgodset,Valerenga,0,2,A,,,,,,,,,,,,,,,,,,,,0.5836,0.2256,0.1907,1,,,,1.85,4.33,5.11,,,,,0.0325,1,5,1.2,0.2303,-0.045,0,0,,,,-0.0769,,,,,,,,,,,
spelad,NO,2014,2014-07-20,,Molde,Sandnes,3,1,H,,,,,,,,,,,,,,,,,,,,0.8127,0.1297,0.0576,1,,,,1.2,8.5,18.11,,,,,0.5842,1,5,2.4,0.649,-0.0222,0,0,,,,-0.0344,,,,,,,,,,,
spelad,NO,2014,2014-07-20,,Odd,Haugesund,0,0,D,,,,,,,,,,,,,,,,,,,,0.6507,0.2122,0.1371,1,,,,1.53,4.6,7.12,,,,,0.5524,1,5,1.8,1.1414,-0.2624,0,0,,,,-0.0522,,,,,,,,,,,
spelad,NO,2014,2014-07-20,,Rosenborg,Sogndal,1,0,H,,,,,,,,,,,,,,,,,,,,0.6832,0.1935,0.1234,1,,,,1.46,5.05,7.92,,,,,-0.4868,-1,5,2.4,0.5376,-0.0214,0,0,,,,-0.0487,,,,,,,,,,,
spelad,NO,2014,2014-07-20,,Viking,Lillestrom,0,0,D,,,,,,,,,,,,,,,,,,,,0.545,0.247,0.208,1,,,,1.83,3.95,4.75,,,,,-0.9267,0,5,0.6,0.0559,0.1317,0,0,,,,-0.0369,,,,,,,,,,,
spelad,NO,2014,2014-07-22,,Sarpsborg 08,Aalesund,3,2,H,,,,,,,,,,,,,,,,,,,,0.4134,0.2779,0.3087,1,,,,2.46,3.51,3.3,,,,,-0.0585,-1,3,-2,-0.8119,0.085,0,0,,,,0.0192,,,,,,,,,,,
spelad,NO,2014,2014-07-26,,Aalesund,Lillestrom,1,1,D,,,,,,,,,,,,,,,,,,,,0.4521,0.2751,0.2728,1,,,,2.25,3.65,3.58,,,,,-0.0331,-2,5,0,-0.2707,0.3448,0,0,,,,-0.0398,,,,,,,,,,,
spelad,NO,2014,2014-07-26,,Sandnes,Stromsgodset,1,3,A,,,,,,,,,,,,,,,,,,,,0.2757,0.2638,0.4604,1,,,,3.54,3.7,2.21,,,,,-0.0423,-1,5,-0.6,0.4463,-0.2079,0,0,,,,0.0213,,,,,,,,,,,
spelad,NO,2014,2014-07-27,,Bodo/Glimt,Sarpsborg 08,3,4,A,,,,,,,,,,,,,,,,,,,,0.4827,0.2586,0.2586,1,,,,2.07,3.9,4.1,,,,,0.1175,3,,,,,0,0,,,,-0.0082,,,,,,,,,,,
spelad,NO,2014,2014-07-27,,Brann,Viking,0,1,A,,,,,,,,,,,,,,,,,,,,0.3422,0.2709,0.387,1,,,,3.05,3.6,2.6,,,,,0.1962,2,5,0,0.3892,-0.0413,0,0,,,,-0.0152,,,,,,,,,,,
spelad,NO,2014,2014-07-27,,Haugesund,Start,5,1,H,,,,,,,,,,,,,,,,,,,,0.4029,0.2731,0.3239,1,,,,2.42,3.58,3.1,,,,,-0.1487,-1,3,1,0.7156,-0.2562,0,0,,,,0.0056,,,,,,,,,,,
spelad,NO,2014,2014-07-27,,Molde,Rosenborg,3,1,H,,,,,,,,,,,,,,,,,,,,0.6059,0.2279,0.1662,1,,,,1.65,4.33,5.87,,,,,0.2288,0,5,1.2,0.7124,-0.0572,0,0,,,,-0.0505,,,,,,,,,,,
spelad,NO,2014,2014-07-27,,Sogndal,Odd,1,3,A,,,,,,,,,,,,,,,,,,,,0.2955,0.2877,0.4168,1,,,,3.5,3.55,2.38,,,,,-0.0346,0,5,0.6,0.5938,0.1442,0,0,,,,-0.0327,,,,,,,,,,,
spelad,NO,2014,2014-07-29,,Valerenga,Stabaek,3,2,H,,,,,,,,,,,,,,,,,,,,0.6759,0.1908,0.1333,1,,,,1.45,5.3,7.5,,,,,0.4133,-1,3,1,0.263,-0.2467,0,0,,,,-0.0405,,,,,,,,,,,
spelad,NO,2014,2014-08-01,,Lillestrom,Brann,4,3,H,,,,,,,,,,,,,,,,,,,,0.5325,0.2382,0.2293,1,,,,1.9,4.09,4.6,,,,,0.5906,1,5,0,0.1296,-0.0511,0,0,,,,-0.0279,,,,,,,,,,,
spelad,NO,2014,2014-08-02,,Stromsgodset,Sogndal,1,1,D,,,,,,,,,,,,,,,,,,,,0.6739,0.1935,0.1326,1,,,,1.45,5.05,8.03,,,,,-0.4586,1,5,2.4,0.6445,-0.0361,0,0,,,,-0.0199,,,,,,,,,,,
spelad,NO,2014,2014-08-02,,Viking,Valerenga,5,5,D,,,,,,,,,,,,,,,,,,,,0.5278,0.2347,0.2376,1,,,,1.85,4.17,4.5,,,,,-1.0199,2,5,0.6,0.0227,0.1494,0,0,,,,0.0044,,,,,,,,,,,
spelad,NO,2014,2014-08-03,,Aalesund,Bodo/Glimt,2,1,H,,,,,,,,,,,,,,,,,,,,0.5334,0.2422,0.2244,1,,,,1.85,4.05,4.5,,,,,0.1156,1,,,,,0,0,,,,-0.0186,,,,,,,,,,,
spelad,NO,2014,2014-08-03,,Odd,Sandnes,3,1,H,,,,,,,,,,,,,,,,,,,,0.7021,0.1877,0.1103,1,,,,1.42,5.2,9.75,,,,,0.9403,-1,5,1.2,0.2817,0.3351,0,0,,,,-0.0407,,,,,,,,,,,
spelad,NO,2014,2014-08-03,,Sarpsborg 08,Haugesund,0,2,A,,,,,,,,,,,,,,,,,,,,0.4539,0.2582,0.2879,1,,,,2.25,3.78,3.5,,,,,0.0331,0,3,1,0.9049,-0.2552,0,0,,,,-0.0336,,,,,,,,,,,
spelad,NO,2014,2014-08-03,,Stabaek,Rosenborg,4,1,H,,,,,,,,,,,,,,,,,,,,0.3082,0.2633,0.4285,1,,,,3.45,3.75,2.28,,,,,-0.8388,-2,3,-1,0.5235,-0.1628,0,0,,,,-0.0363,,,,,,,,,,,
spelad,NO,2014,2014-08-03,,Start,Molde,1,1,D,,,,,,,,,,,,,,,,,,,,0.2911,0.2657,0.4432,1,,,,3.4,3.67,2.21,,,,,-0.3016,0,3,0,0.4444,0.1203,0,0,,,,-0.0075,,,,,,,,,,,
spelad,NO,2014,2014-08-08,,Brann,Aalesund,1,0,H,,,,,,,,,,,,,,,,,,,,0.4767,0.2546,0.2687,1,,,,2.15,3.82,3.65,,,,,-0.6471,2,5,1.2,0.7555,-0.0527,0,0,,,,-0.0296,,,,,,,,,,,
spelad,NO,2014,2014-08-09,,Odd,Stromsgodset,1,0,H,,,,,,,,,,,,,,,,,,,,0.4874,0.2607,0.2519,1,,,,2.1,3.75,4,,,,,0.54,-1,5,-1.2,-0.1449,-0.047,0,0,,,,-0.0224,,,,,,,,,,,
spelad,NO,2014,2014-08-09,,Valerenga,Sarpsborg 08,2,2,D,,,,,,,,,,,,,,,,,,,,0.6017,0.2147,0.1836,1,,,,1.69,4.55,6.03,,,,,0.36,1,3,0,-0.1828,0.0788,0,0,,,,-0.0119,,,,,,,,,,,
spelad,NO,2014,2014-08-10,,Haugesund,Viking,1,1,D,,,,,,,,,,,,,,,,,,,,0.3598,0.2778,0.3624,1,,,,2.8,3.56,2.7,,,,,1.1856,-1,5,0.6,0.4783,0.1316,0,0,,,,-0.0052,,,,,,,,,,,
spelad,NO,2014,2014-08-10,,Molde,Stabaek,2,2,D,,,,,,,,,,,,,,,,,,,,0.7798,0.1354,0.0848,1,,,,1.26,7.3,13.02,,,,,0.6547,0,3,3,0.8974,-0.2031,0,0,,,,-0.0222,,,,,,,,,,,
spelad,NO,2014,2014-08-10,,Rosenborg,Start,3,2,H,,,,,,,,,,,,,,,,,,,,0.5993,0.2147,0.1861,1,,,,1.8,4.8,5.75,,,,,0.0523,0,3,2,0.6197,0.0911,0,0,,,,-0.0507,,,,,,,,,,,
spelad,NO,2014,2014-08-10,,Sandnes,Lillestrom,0,0,D,,,,,,,,,,,,,,,,,,,,0.2819,0.2601,0.458,1,,,,3.46,3.75,2.4,,,,,-0.5532,-2,5,-0.6,-0.1538,0.1345,0,0,,,,0.0378,,,,,,,,,,,
spelad,NO,2014,2014-08-10,,Sogndal,Bodo/Glimt,0,1,A,,,,,,,,,,,,,,,,,,,,0.4078,0.2809,0.3114,1,,,,2.41,3.55,3.43,,,,,0.7811,1,,,,,0,0,,,,0.0191,,,,,,,,,,,
spelad,NO,2014,2014-08-15,,Start,Stromsgodset,2,3,A,,,,,,,,,,,,,,,,,,,,0.3474,0.2727,0.3799,1,,,,2.82,3.6,2.75,,,,,0.3758,-1,3,-3,-0.7697,-0.2169,0,0,,,,0.0215,,,,,,,,,,,
spelad,NO,2014,2014-08-16,,Aalesund,Haugesund,3,0,H,,,,,,,,,,,,,,,,,,,,0.4624,0.2718,0.2658,1,,,,2.17,3.6,3.67,,,,,-0.6067,2,5,1.2,0.7452,-0.0659,0,0,,,,-0.0305,,,,,,,,,,,
spelad,NO,2014,2014-08-16,,Viking,Sogndal,4,2,H,,,,,,,,,,,,,,,,,,,,0.5869,0.2359,0.1771,1,,,,1.69,4.35,6.8,,,,,-0.1918,0,5,1.2,0.3056,-0.0696,0,0,,,,0.0347,,,,,,,,,,,
spelad,NO,2014,2014-08-17,,Bodo/Glimt,Sandnes,1,1,D,,,,,,,,,,,,,,,,,,,,0.6066,0.2235,0.1699,1,,,,1.67,4.37,5.8,,,,,-0.3051,0,,,,,0,0,,,,-0.0646,,,,,,,,,,,
spelad,NO,2014,2014-08-17,,Brann,Rosenborg,3,1,H,,,,,,,,,,,,,,,,,,,,0.3508,0.256,0.3932,1,,,,3.05,3.81,2.48,,,,,-0.6086,2,5,-1.8,-0.3321,-0.2274,0,0,,,,-0.0502,,,,,,,,,,,
spelad,NO,2014,2014-08-17,,Lillestrom,Valerenga,2,1,H,,,,,,,,,,,,,,,,,,,,0.4141,0.2688,0.317,1,,,,2.38,3.7,3.3,,,,,-0.322,-1,5,0,-0.0973,0.3315,0,0,,,,0.0224,,,,,,,,,,,
spelad,NO,2014,2014-08-17,,Sarpsborg 08,Molde,0,2,A,,,,,,,,,,,,,,,,,,,,0.1861,0.2216,0.5923,1,,,,5.75,4.5,1.75,,,,,0.1793,1,3,-1,0.2742,-0.2097,0,0,,,,-0.0223,,,,,,,,,,,
spelad,NO,2014,2014-08-17,,Stabaek,Odd,1,3,A,,,,,,,,,,,,,,,,,,,,0.2645,0.2617,0.4738,1,,,,3.8,3.73,2.07,,,,,-0.7235,-1,3,-1,0.1912,-0.2186,0,0,,,,-0.0016,,,,,,,,,,,
spelad,NO,2014,2014-08-22,,Sandnes,Viking,2,2,D,,,,,,,,,,,,,,,,,,,,0.2779,0.2725,0.4496,1,,,,3.55,3.6,2.2,,,,,-0.341,-1,5,-1.2,-0.2474,0.3643,0,0,,,,0.003,,,,,,,,,,,
spelad,NO,2014,2014-08-23,,Stromsgodset,Stabaek,2,3,A,,,,,,,,,,,,,,,,,,,,0.645,0.1979,0.1571,1,,,,1.55,4.92,7,,,,,0.2567,2,3,1,-0.0624,-0.2059,0,0,,,,-0.0314,,,,,,,,,,,
spelad,NO,2014,2014-08-23,,Valerenga,Brann,3,3,D,,,,,,,,,,,,,,,,,,,,0.5417,0.2283,0.23,1,,,,1.81,4.33,4.6,,,,,-0.0902,0,5,1.2,0.721,-0.0664,0,0,,,,-0.0073,,,,,,,,,,,
spelad,NO,2014,2014-08-24,,Haugesund,Bodo/Glimt,1,2,A,,,,,,,,,,,,,,,,,,,,0.5437,0.2452,0.2111,1,,,,1.91,3.97,4.75,,,,,1.1322,1,,,,,0,0,,,,-0.0609,,,,,,,,,,,
spelad,NO,2014,2014-08-24,,Molde,Aalesund,5,0,H,,,,,,,,,,,,,,,,,,,,0.7178,0.1707,0.1116,1,,,,1.38,5.72,9,,,,,-0.0632,-1,5,3,1.2804,-0.2616,0,0,,,,-0.0399,,,,,,,,,,,
spelad,NO,2014,2014-08-24,,Odd,Start,4,1,H,,,,,,,,,,,,,,,,,,,,0.6551,0.2072,0.1377,1,,,,1.55,4.8,8,,,,,0.815,-2,3,1,0.5717,-0.2771,0,0,,,,-0.0419,,,,,,,,,,,
spelad,NO,2014,2014-08-24,,Rosenborg,Sarpsborg 08,2,0,H,,,,,,,,,,,,,,,,,,,,0.682,0.1742,0.1438,1,,,,1.45,5.6,7.38,,,,,-0.1962,0,3,2,0.485,0.1055,0,0,,,,-0.04,,,,,,,,,,,
spelad,NO,2014,2014-08-24,,Sogndal,Lillestrom,0,1,A,,,,,,,,,,,,,,,,,,,,0.3508,0.2826,0.3666,1,,,,2.8,3.48,2.98,,,,,-0.4947,1,5,-1.2,-0.3127,-0.0581,0,0,,,,0.0387,,,,,,,,,,,
spelad,NO,2014,2014-08-30,,Aalesund,Stromsgodset,2,0,H,,,,,,,,,,,,,,,,,,,,0.3198,0.2651,0.4151,1,,,,3.1,3.74,2.45,,,,,0.1447,-1,5,-1.8,-0.3178,-0.2434,0,0,,,,0.0195,,,,,,,,,,,
spelad,NO,2014,2014-08-30,,Bodo/Glimt,Valerenga,4,3,H,,,,,,,,,,,,,,,,,,,,0.4836,0.2442,0.2721,1,,,,2.1,4.05,3.75,,,,,-0.3564,-1,,,,,0,0,,,,-0.0343,,,,,,,,,,,
spelad,NO,2014,2014-08-30,,Sarpsborg 08,Odd,2,2,D,,,,,,,,,,,,,,,,,,,,0.2563,0.2675,0.4763,1,,,,4.35,3.7,2.07,,,,,-0.3371,0,3,-2,-0.6878,0.0903,0,0,,,,0.0001,,,,,,,,,,,
spelad,NO,2014,2014-08-31,,Brann,Molde,0,1,A,,,,,,,,,,,,,,,,,,,,0.2244,0.2478,0.5278,1,,,,4.5,4.2,1.86,,,,,-0.1377,1,5,-0.6,0.3319,-0.2221,0,0,,,,0.0038,,,,,,,,,,,
spelad,NO,2014,2014-08-31,,Lillestrom,Haugesund,2,0,H,,,,,,,,,,,,,,,,,,,,0.4463,0.2725,0.2812,1,,,,2.19,3.75,3.65,,,,,0.099,0,5,0,0.0153,0.3446,0,0,,,,0.0126,,,,,,,,,,,
spelad,NO,2014,2014-08-31,,Stabaek,Sandnes,1,1,D,,,,,,,,,,,,,,,,,,,,0.5474,0.2365,0.2161,1,,,,1.83,4.15,5,,,,,0.5176,-1,3,-1,-0.2344,-0.2664,0,0,,,,-0.0208,,,,,,,,,,,
spelad,NO,2014,2014-08-31,,Start,Sogndal,3,2,H,,,,,,,,,,,,,,,,,,,,0.5022,0.2578,0.24,1,,,,1.96,3.8,4.1,,,,,0.6813,0,3,0,-0.1988,0.07,0,0,,,,-0.0148,,,,,,,,,,,
spelad,NO,2014,2014-08-31,,Viking,Rosenborg,1,2,A,,,,,,,,,,,,,,,,,,,,0.4167,0.2573,0.3261,1,,,,2.4,3.9,2.99,,,,,-0.2727,2,5,-1.2,-0.349,0.3562,0,0,,,,-0.0369,,,,,,,,,,,
spelad,NO,2014,2014-09-12,,Rosenborg,Bodo/Glimt,3,1,H,,,,,,,,,,,,,,,,,,,,0.6135,0.2098,0.1767,1,,,,1.59,4.75,6,,,,,0.0925,-1,,,,,0,0,,,,0.0062,,,,,,,,,,,
spelad,NO,2014,2014-09-13,,Odd,Viking,4,1,H,,,,,,,,,,,,,,,,,,,,0.5846,0.2347,0.1808,1,,,,1.7,4.16,5.53,,,,,0.9321,1,5,-1.8,-0.7247,0.1325,0,0,,,,-0.0343,,,,,,,,,,,
spelad,NO,2014,2014-09-13,,Stromsgodset,Brann,1,4,A,,,,,,,,,,,,,,,,,,,,0.5993,0.2215,0.1792,1,,,,1.7,4.5,5.5,,,,,-0.181,1,5,2.4,0.9377,-0.0363,0,0,,,,-0.0323,,,,,,,,,,,
spelad,NO,2014,2014-09-14,,Molde,Lillestrom,3,2,H,,,,,,,,,,,,,,,,,,,,0.7238,0.1773,0.0988,1,,,,1.38,5.7,10,,,,,-0.1093,0,5,0,-0.4027,-0.0476,0,0,,,,-0.0412,,,,,,,,,,,
spelad,NO,2014,2014-09-14,,Sandnes,Sarpsborg 08,0,2,A,,,,,,,,,,,,,,,,,,,,0.4152,0.2741,0.3107,1,,,,2.45,3.6,3.14,,,,,-0.4816,-1,3,-1,-0.2059,-0.2525,0,0,,,,-0.0418,,,,,,,,,,,
spelad,NO,2014,2014-09-14,,Sogndal,Aalesund,1,1,D,,,,,,,,,,,,,,,,,,,,0.4138,0.2839,0.3023,1,,,,2.4,3.44,3.25,,,,,-0.7626,-1,5,-0.6,-0.2604,0.5325,0,0,,,,-0.0101,,,,,,,,,,,
spelad,NO,2014,2014-09-14,,Start,Stabaek,2,3,A,,,,,,,,,,,,,,,,,,,,0.5325,0.2365,0.2309,1,,,,1.94,4.12,4.45,,,,,-0.1663,0,,,,,0,0,,,,-0.0063,,,,,,,,,,,
spelad,NO,2014,2014-09-14,,Valerenga,Haugesund,4,1,H,,,,,,,,,,,,,,,,,,,,0.4688,0.2526,0.2786,1,,,,2.11,4.05,3.85,,,,,-0.224,1,5,-1.2,-0.4051,-0.0583,0,0,,,,0.032,,,,,,,,,,,
spelad,NO,2014,2014-09-19,,Brann,Sandnes,1,1,D,,,,,,,,,,,,,,,,,,,,0.6922,0.1791,0.1288,1,,,,1.47,5.45,8,,,,,0.6297,1,5,0.6,0.0639,0.1451,0,0,,,,-0.0506,,,,,,,,,,,
spelad,NO,2014,2014-09-20,,Bodo/Glimt,Stromsgodset,0,4,A,,,,,,,,,,,,,,,,,,,,0.378,0.2608,0.3612,1,,,,2.6,3.74,2.81,,,,,0.858,1,,,,,0,0,,,,0.0109,,,,,,,,,,,
spelad,NO,2014,2014-09-20,,Valerenga,Molde,0,2,A,,,,,,,,,,,,,,,,,,,,0.2357,0.238,0.5262,1,,,,4.13,4.1,1.95,,,,,-0.3238,0,5,-2.4,-0.692,-0.0284,0,0,,,,0.0443,,,,,,,,,,,
spelad,NO,2014,2014-09-21,,Aalesund,Stabaek,3,0,H,,,,,,,,,,,,,,,,,,,,0.5546,0.2428,0.2025,1,,,,1.88,4.15,4.85,,,,,-0.4118,0,3,2,0.6689,0.0848,0,0,,,,-0.058,,,,,,,,,,,
spelad,NO,2014,2014-09-21,,Haugesund,Rosenborg,2,1,H,,,,,,,,,,,,,,,,,,,,0.3668,0.2595,0.3738,1,,,,2.76,3.76,2.66,,,,,-0.4078,-2,5,-1.2,-0.096,-0.0269,0,0,,,,-0.0189,,,,,,,,,,,
spelad,NO,2014,2014-09-21,,Lillestrom,Odd,2,0,H,,,,,,,,,,,,,,,,,,,,0.3155,0.2702,0.4144,1,,,,3.1,3.62,2.5,,,,,-0.0192,-1,5,0,0.1519,-0.0648,0,0,,,,0.0011,,,,,,,,,,,
spelad,NO,2014,2014-09-21,,Sarpsborg 08,Sogndal,3,1,H,,,,,,,,,,,,,,,,,,,,0.4766,0.2729,0.2505,1,,,,2.05,3.7,4,,,,,1.109,0,3,-1,-0.7355,0.392,0,0,,,,-0.0097,,,,,,,,,,,
spelad,NO,2014,2014-09-21,,Viking,Start,0,1,A,,,,,,,,,,,,,,,,,,,,0.5571,0.2372,0.2057,1,,,,1.78,4.15,5,,,,,0.1473,1,3,3,1.481,-0.2546,0,0,,,,-0.0193,,,,,,,,,,,
spelad,NO,2014,2014-09-26,,Sandnes,Valerenga,2,1,H,,,,,,,,,,,,,,,,,,,,0.2987,0.2492,0.4522,1,,,,3.5,4.1,2.2,,,,,0.0499,1,5,-3,-1.1865,-0.2616,0,0,,,,-0.0155,,,,,,,,,,,
spelad,NO,2014,2014-09-27,,Molde,Bodo/Glimt,2,1,H,,,,,,,,,,,,,,,,,,,,0.7742,0.1445,0.0813,1,,,,1.3,6.75,12,,,,,0.5192,0,,,,,0,0,,,,-0.0481,,,,,,,,,,,
spelad,NO,2014,2014-09-27,,Sogndal,Haugesund,4,1,H,,,,,,,,,,,,,,,,,,,,0.3829,0.2906,0.3265,1,,,,2.6,3.45,3.02,,,,,-0.8036,0,5,1.2,0.7976,0.3486,0,0,,,,-0.0213,,,,,,,,,,,
spelad,NO,2014,2014-09-27,,Stromsgodset,Viking,2,1,H,,,,,,,,,,,,,,,,,,,,0.5833,0.2219,0.1948,1,,,,1.75,4.39,5.75,,,,,0.0162,1,5,0,-0.0837,-0.0694,0,0,,,,-0.0174,,,,,,,,,,,
spelad,NO,2014,2014-09-28,,Odd,Brann,4,0,H,,,,,,,,,,,,,,,,,,,,0.5994,0.2246,0.176,1,,,,1.67,4.41,5.55,,,,,0.4328,-2,5,-0.6,-0.1085,-0.2508,0,0,,,,-0.0474,,,,,,,,,,,
spelad,NO,2014,2014-09-28,,Rosenborg,Aalesund,3,0,H,,,,,,,,,,,,,,,,,,,,0.6586,0.1989,0.1425,1,,,,1.53,4.91,7.1,,,,,-0.4487,0,5,1.2,0.1116,0.3441,0,0,,,,-0.0426,,,,,,,,,,,
spelad,NO,2014,2014-09-28,,Stabaek,Lillestrom,2,0,H,,,,,,,,,,,,,,,,,,,,0.3585,0.2664,0.3751,1,,,,2.88,3.66,2.63,,,,,-0.3491,0,3,-1,0.085,-0.2347,0,0,,,,-0.0253,,,,,,,,,,,
spelad,NO,2014,2014-09-28,,Start,Sarpsborg 08,3,1,H,,,,,,,,,,,,,,,,,,,,0.5442,0.2485,0.2073,1,,,,1.88,4,4.7,,,,,-0.5993,0,3,-1,-0.7107,0.4146,0,0,,,,-0.0608,,,,,,,,,,,
spelad,NO,2014,2014-10-03,,Lillestrom,Rosenborg,0,2,A,,,,,,,,,,,,,,,,,,,,0.364,0.268,0.3681,1,,,,2.78,3.75,2.75,,,,,0.5002,0,5,-1.8,-0.3891,0.1794,0,0,,,,0.0026,,,,,,,,,,,
spelad,NO,2014,2014-10-04,,Aalesund,Odd,2,2,D,,,,,,,,,,,,,,,,,,,,0.2993,0.271,0.4298,1,,,,3.3,3.6,2.32,,,,,-0.1154,0,5,-0.6,-0.0743,-0.2502,0,0,,,,0.0118,,,,,,,,,,,
spelad,NO,2014,2014-10-04,,Viking,Molde,1,2,A,,,,,,,,,,,,,,,,,,,,0.217,0.2505,0.5325,1,,,,4.5,3.9,1.85,,,,,-1.118,0,5,1.2,0.9196,-0.0578,0,0,,,,0.0098,,,,,,,,,,,
spelad,NO,2014,2014-10-05,,Bodo/Glimt,Stabaek,1,1,D,,,,,,,,,,,,,,,,,,,,0.5359,0.2232,0.2408,1,,,,1.87,4.37,4.33,,,,,-0.621,1,,,,,0,0,,,,-0.0211,,,,,,,,,,,
spelad,NO,2014,2014-10-05,,Brann,Start,1,2,A,,,,,,,,,,,,,,,,,,,,0.5695,0.2254,0.205,1,,,,1.75,4.35,5,,,,,0.2069,0,3,1,0.4629,0.4133,0,0,,,,-0.0383,,,,,,,,,,,
spelad,NO,2014,2014-10-05,,Haugesund,Sandnes,2,0,H,,,,,,,,,,,,,,,,,,,,0.6209,0.2241,0.155,1,,,,1.62,4.35,6.3,,,,,-0.46,-1,5,1.8,0.6365,0.1329,0,0,,,,-0.0319,,,,,,,,,,,
spelad,NO,2014,2014-10-05,,Sarpsborg 08,Stromsgodset,0,0,D,,,,,,,,,,,,,,,,,,,,0.2375,0.2542,0.5083,1,,,,4.11,3.9,2,,,,,0.3795,-1,3,-2,-0.4476,0.1091,0,0,,,,0.0491,,,,,,,,,,,
spelad,NO,2014,2014-10-05,,Valerenga,Sogndal,2,1,H,,,,,,,,,,,,,,,,,,,,0.5797,0.2297,0.1906,1,,,,1.8,4.25,5.2,,,,,-0.1433,1,5,-0.6,-0.2877,-0.2724,0,0,,,,-0.0527,,,,,,,,,,,
spelad,NO,2014,2014-10-17,,Brann,Sarpsborg 08,1,2,A,,,,,,,,,,,,,,,,,,,,0.6288,0.2101,0.1611,1,,,,1.65,4.64,6.05,,,,,-0.0751,0,3,-1,-0.4782,-0.2489,0,0,,,,-0.0885,,,,,,,,,,,
spelad,NO,2014,2014-10-18,,Molde,Haugesund,1,2,A,,,,,,,,,,,,,,,,,,,,0.683,0.1815,0.1355,1,,,,1.43,5.6,8.2,,,,,1.1394,1,5,-0.6,-0.7128,0.1527,0,0,,,,0.0164,,,,,,,,,,,
spelad,NO,2014,2014-10-18,,Start,Aalesund,1,2,A,,,,,,,,,,,,,,,,,,,,0.4617,0.2662,0.2721,1,,,,2.11,3.85,3.8,,,,,0.0574,-1,3,1,0.5164,0.4115,0,0,,,,0.0021,,,,,,,,,,,
spelad,NO,2014,2014-10-19,,Odd,Bodo/Glimt,4,3,H,,,,,,,,,,,,,,,,,,,,0.6931,0.1803,0.1266,1,,,,1.47,5.42,8,,,,,0.2283,1,,,,,0,0,,,,-0.0542,,,,,,,,,,,
spelad,NO,2014,2014-10-19,,Rosenborg,Valerenga,3,2,H,,,,,,,,,,,,,,,,,,,,0.6003,0.2244,0.1753,1,,,,1.65,4.42,5.8,,,,,1.0563,2,5,1.2,-0.0051,0.3654,0,0,,,,-0.0089,,,,,,,,,,,
spelad,NO,2014,2014-10-19,,Sandnes,Sogndal,1,0,H,,,,,,,,,,,,,,,,,,,,0.4113,0.2859,0.3028,1,,,,2.4,3.45,3.22,,,,,0.7032,0,5,-1.2,-0.5214,-0.0785,0,0,,,,-0.0189,,,,,,,,,,,
spelad,NO,2014,2014-10-19,,Stabaek,Viking,1,1,D,,,,,,,,,,,,,,,,,,,,0.3914,0.2641,0.3444,1,,,,2.49,3.74,3.04,,,,,1.2279,-1,3,-3,-0.7116,-0.2179,0,0,,,,0.0432,,,,,,,,,,,
spelad,NO,2014,2014-10-19,,Stromsgodset,Lillestrom,2,1,H,,,,,,,,,,,,,,,,,,,,0.6222,0.2161,0.1617,1,,,,1.65,4.52,6.1,,,,,-0.7007,-2,5,0.6,-0.0821,0.1578,0,0,,,,-0.0523,,,,,,,,,,,
spelad,NO,2014,2014-10-24,,Valerenga,Odd,1,2,A,,,,,,,,,,,,,,,,,,,,0.332,0.2562,0.4118,1,,,,3.1,3.86,2.42,,,,,-0.7709,0,5,0,0.1813,-0.0614,0,0,,,,-0.0153,,,,,,,,,,,
spelad,NO,2014,2014-10-25,,Haugesund,Stromsgodset,3,2,H,,,,,,,,,,,,,,,,,,,,0.3292,0.2648,0.406,1,,,,3,3.7,2.47,,,,,-0.0252,1,5,-1.2,-0.0782,-0.0214,0,0,,,,0.0102,,,,,,,,,,,
spelad,NO,2014,2014-10-26,,Bodo/Glimt,Brann,2,1,H,,,,,,,,,,,,,,,,,,,,0.4626,0.2562,0.2813,1,,,,2.2,3.91,3.47,,,,,0.1768,-2,,,,,0,0,,,,-0.0364,,,,,,,,,,,
spelad,NO,2014,2014-10-26,,Lillestrom,Start,4,1,H,,,,,,,,,,,,,,,,,,,,0.4923,0.2572,0.2506,1,,,,2.04,3.9,4.5,,,,,0.1391,-1,3,-1,-0.2179,-0.2626,0,0,,,,0.0239,,,,,,,,,,,
spelad,NO,2014,2014-10-26,,Rosenborg,Sandnes,3,1,H,,,,,,,,,,,,,,,,,,,,0.743,0.1475,0.1095,1,,,,1.32,6.7,10,,,,,0.2836,0,5,1.2,0.0361,-0.0272,0,0,,,,-0.0214,,,,,,,,,,,
spelad,NO,2014,2014-10-26,,Sarpsborg 08,Stabaek,1,1,D,,,,,,,,,,,,,,,,,,,,0.4906,0.2497,0.2597,1,,,,2.1,3.91,3.76,,,,,0.031,2,,,,,0,0,,,,-0.0421,,,,,,,,,,,
spelad,NO,2014,2014-10-26,,Sogndal,Molde,0,1,A,,,,,,,,,,,,,,,,,,,,0.2344,0.2396,0.5259,1,,,,4.5,4.15,1.91,,,,,-1.15,-1,5,-0.6,0.3914,-0.2307,0,0,,,,-0.0032,,,,,,,,,,,
spelad,NO,2014,2014-10-26,,Viking,Aalesund,1,2,A,,,,,,,,,,,,,,,,,,,,0.476,0.2623,0.2616,1,,,,2.11,3.85,4,,,,,-1.3065,-1,5,-0.6,-0.4648,0.1358,0,0,,,,-0.002,,,,,,,,,,,
spelad,NO,2014,2014-11-02,,Aalesund,Valerenga,4,1,H,,,,,,,,,,,,,,,,,,,,0.5552,0.2267,0.2181,1,,,,1.9,4.65,4.6,,,,,1.1679,-2,5,0,0.0415,-0.0522,0,0,,,,-0.0515,,,,,,,,,,,
spelad,NO,2014,2014-11-02,,Brann,Sogndal,2,1,H,,,,,,,,,,,,,,,,,,,,0.5336,0.2429,0.2235,1,,,,1.85,4.02,4.5,,,,,-0.0622,0,5,-0.6,-0.2175,-0.2513,0,0,,,,-0.0308,,,,,,,,,,,
spelad,NO,2014,2014-11-02,,Lillestrom,Bodo/Glimt,4,0,H,,,,,,,,,,,,,,,,,,,,0.6388,0.2058,0.1554,1,,,,1.62,5,6.29,,,,,0.1576,0,,,,,0,0,,,,-0.058,,,,,,,,,,,
spelad,NO,2014,2014-11-02,,Odd,Rosenborg,0,1,A,,,,,,,,,,,,,,,,,,,,0.4626,0.2569,0.2805,1,,,,2.12,3.85,3.55,,,,,-0.4837,2,5,-2.4,-0.7052,-0.047,0,0,,,,-0.0174,,,,,,,,,,,
spelad,NO,2014,2014-11-02,,Stabaek,Haugesund,0,1,A,,,,,,,,,,,,,,,,,,,,0.3872,0.263,0.3498,1,,,,2.55,3.8,3,,,,,0.3194,-1,3,-3,-0.75,-0.2198,0,0,,,,0.0317,,,,,,,,,,,
spelad,NO,2014,2014-11-02,,Start,Sandnes,3,3,D,,,,,,,,,,,,,,,,,,,,0.4921,0.2325,0.2754,1,,,,2.05,4.17,3.7,,,,,0.0564,0,3,1,0.5387,-0.2687,0,0,,,,-0.0303,,,,,,,,,,,
spelad,NO,2014,2014-11-02,,Stromsgodset,Molde,2,0,H,,,,,,,,,,,,,,,,,,,,0.42,0.2605,0.3195,1,,,,2.5,3.78,3.16,,,,,-1.08,1,5,0.6,0.3188,0.1528,0,0,,,,-0.0343,,,,,,,,,,,
spelad,NO,2014,2014-11-02,,Viking,Sarpsborg 08,1,0,H,,,,,,,,,,,,,,,,,,,,0.5692,0.228,0.2028,1,,,,1.8,4.33,5.2,,,,,-1.4634,0,3,0,-0.0743,0.0638,0,0,,,,-0.0342,,,,,,,,,,,
spelad,NO,2014,2014-11-09,,Bodo/Glimt,Viking,3,2,H,,,,,,,,,,,,,,,,,,,,0.4417,0.2589,0.2994,1,,,,2.3,3.77,3.26,,,,,0.6124,0,,,,,0,0,,,,-0.0298,,,,,,,,,,,
spelad,NO,2014,2014-11-09,,Haugesund,Brann,2,3,A,,,,,,,,,,,,,,,,,,,,0.3994,0.2476,0.353,1,,,,2.5,3.92,2.94,,,,,1.1986,0,5,1.8,1.0653,-0.248,0,0,,,,0.0095,,,,,,,,,,,
spelad,NO,2014,2014-11-09,,Molde,Odd,2,0,H,,,,,,,,,,,,,,,,,,,,0.5361,0.2391,0.2248,1,,,,1.9,4.08,4.41,,,,,0.3248,0,5,0,-0.4816,0.3509,0,0,,,,-0.0181,,,,,,,,,,,
spelad,NO,2014,2014-11-09,,Rosenborg,Stromsgodset,4,1,H,,,,,,,,,,,,,,,,,,,,0.6751,0.1848,0.1401,1,,,,1.53,5.26,7.5,,,,,0.9997,0,5,0,-0.1984,0.3556,0,0,,,,-0.0517,,,,,,,,,,,
spelad,NO,2014,2014-11-09,,Sandnes,Aalesund,1,2,A,,,,,,,,,,,,,,,,,,,,0.2817,0.2606,0.4576,1,,,,3.5,3.75,2.25,,,,,-0.7149,0,5,-1.2,-0.3952,-0.0604,0,0,,,,0.0325,,,,,,,,,,,
spelad,NO,2014,2014-11-09,,Sarpsborg 08,Lillestrom,3,2,H,,,,,,,,,,,,,,,,,,,,0.422,0.2656,0.3124,1,,,,2.4,3.75,3.15,,,,,0.1972,0,3,-1,-0.4179,0.4053,0,0,,,,-0.032,,,,,,,,,,,
spelad,NO,2014,2014-11-09,,Sogndal,Stabaek,0,2,A,,,,,,,,,,,,,,,,,,,,0.6638,0.1915,0.1447,1,,,,1.5,5.3,7.25,,,,,-0.6226,0,3,-1,-0.5376,-0.278,0,0,,,,-0.0413,,,,,,,,,,,
spelad,NO,2014,2014-11-09,,Valerenga,Start,1,0,H,,,,,,,,,,,,,,,,,,,,0.6067,0.2048,0.1886,1,,,,1.65,4.85,5.5,,,,,-0.6974,0,3,-2,-1.0661,0.0954,0,0,,,,-0.034,,,,,,,,,,,
spelad,NO,2014,2014-11-23,,Brann,Mjondalen,1,1,D,,,,,,,,,,,,,,,,,,,,0.5132,0.26,0.2268,1,,,,1.94,4.3,5.75,,,,,,,,,,,-1,0,,,,0.0305,,,,,,,,,,,
spelad,NO,2014,2014-11-26,,Mjondalen,Brann,3,0,H,,,,,,,,,,,,,,,,,,,,0.4581,0.2489,0.293,1,,,,2.3,3.92,3.5,,,,,,0,,,,,1,0,,,,-0.0597,,,,,,,,,,,
spelad,NO,2015,2015-04-06,,Mjondalen,Viking,1,0,H,,,,,,,,,,,,,,,,,,,,0.4099,0.2702,0.3199,1,,,,2.65,3.65,3.1,,,,,,,,,,,0,0,,,,-0.0406,,,,,,,,,,,
spelad,NO,2015,2015-04-06,,Rosenborg,Aalesund,5,0,H,,,,,,,,,,,,,,,,,,,,0.6636,0.2024,0.134,1,,,,1.53,5,7.6,,,,,-0.0175,,6,1.5,0.2306,0.2536,0,0,,,,-0.0433,,,,,,,,,,,
spelad,NO,2015,2015-04-06,,Sandefjord,Bodo/Glimt,3,1,H,,,,,,,,,,,,,,,,,,,,0.5064,0.2592,0.2344,1,,,,2.1,3.77,4.27,,,,,,,,,,,1,0,,,,-0.0505,,,,,,,,,,,
spelad,NO,2015,2015-04-06,,Stabaek,Haugesund,1,1,D,,,,,,,,,,,,,,,,,,,,0.375,0.2818,0.3433,1,,,,2.69,3.55,2.84,,,,,-0.1476,,4,-3,-0.9187,-0.2306,0,0,,,,-0.0143,,,,,,,,,,,
spelad,NO,2015,2015-04-06,,Tromso,Sarpsborg 08,0,1,A,,,,,,,,,,,,,,,,,,,,0.5617,0.2456,0.1928,1,,,,1.77,4,5.2,,,,,-0.9591,,,,,,1,0,,,,-0.0417,,,,,,,,,,,
spelad,NO,2015,2015-04-06,,Valerenga,Stromsgodset,3,1,H,,,,,,,,,,,,,,,,,,,,0.382,0.2713,0.3467,1,,,,2.64,3.66,3,,,,,-0.2852,,6,-0.5,0.2127,-0.0751,0,0,,,,0.0091,,,,,,,,,,,
spelad,NO,2015,2015-04-07,,Lillestrom,Start,1,1,D,,,,,,,,,,,,,,,,,,,,0.5949,0.2386,0.1665,1,,,,1.73,4.3,5.86,,,,,-0.0816,,4,0,0.1531,-0.2612,0,0,,,,-0.0784,,,,,,,,,,,
spelad,NO,2015,2015-04-07,,Molde,Odd,1,2,A,,,,,,,,,,,,,,,,,,,,0.5992,0.2309,0.1699,1,,,,1.65,4.25,6,,,,,0.3499,,6,0.5,-0.2092,0.2526,0,0,,,,-0.0329,,,,,,,,,,,
spelad,NO,2015,2015-04-10,,Sarpsborg 08,Valerenga,1,1,D,,,,,,,,,,,,,,,,,,,,0.3931,0.2786,0.3283,1,,,,2.62,3.6,2.97,,,,,0.8374,0,4,0,0.1366,0.2554,0,0,,,,-0.0171,,,,,,,,,,,
spelad,NO,2015,2015-04-11,,Bodo/Glimt,Molde,1,3,A,,,,,,,,,,,,,,,,,,,,0.1719,0.233,0.5952,1,,,,5.68,4.22,1.7,,,,,-0.2202,1,,,,,0,0,,,,0.0358,,,,,,,,,,,
spelad,NO,2015,2015-04-11,,Stromsgodset,Mjondalen,1,1,D,,,,,,,,,,,,,,,,,,,,0.6035,0.2247,0.1718,1,,,,1.62,4.75,7.25,,,,,,0,,,,,0,0,,,,0.05,,,,,,,,,,,
spelad,NO,2015,2015-04-12,,Aalesund,Lillestrom,1,1,D,,,,,,,,,,,,,,,,,,,,0.4876,0.2643,0.2481,1,,,,2.1,3.73,3.93,,,,,0.9737,1,6,0,-0.3308,0.4081,0,0,,,,-0.0537,,,,,,,,,,,
spelad,NO,2015,2015-04-12,,Haugesund,Rosenborg,0,6,A,,,,,,,,,,,,,,,,,,,,0.314,0.2705,0.4155,1,,,,3.3,3.7,2.38,,,,,-0.0995,0,6,-0.5,0.1934,-0.0657,0,0,,,,-0.0183,,,,,,,,,,,
spelad,NO,2015,2015-04-12,,Odd,Stabaek,2,0,H,,,,,,,,,,,,,,,,,,,,0.7262,0.1716,0.1022,1,,,,1.38,5.8,10,,,,,-0.0105,-1,4,1.5,0.3497,-0.2294,0,0,,,,-0.0364,,,,,,,,,,,
spelad,NO,2015,2015-04-12,,Start,Sandefjord,2,1,H,,,,,,,,,,,,,,,,,,,,0.4478,0.2655,0.2867,1,,,,2.32,3.66,3.39,,,,,,-1,,,,,-1,0,,,,-0.0428,,,,,,,,,,,
spelad,NO,2015,2015-04-12,,Viking,Tromso,3,1,H,,,,,,,,,,,,,,,,,,,,0.5106,0.2717,0.2177,1,,,,1.98,3.64,4.6,,,,,-0.0134,0,4,-1.5,-0.6053,-0.2801,-1,0,,,,-0.0214,,,,,,,,,,,
spelad,NO,2015,2015-04-17,,Valerenga,Haugesund,2,0,H,,,,,,,,,,,,,,,,,,,,0.5082,0.2508,0.2409,1,,,,1.95,4.05,4.85,,,,,-0.4605,2,6,-0.5,-0.1141,-0.0907,0,0,,,,0.0624,,,,,,,,,,,
spelad,NO,2015,2015-04-18,,Mjondalen,Start,1,1,D,,,,,,,,,,,,,,,,,,,,0.4834,0.2668,0.2498,1,,,,2.04,3.76,4.05,,,,,,1,,,,,0,0,,,,-0.0257,,,,,,,,,,,
spelad,NO,2015,2015-04-18,,Rosenborg,Stromsgodset,1,1,D,,,,,,,,,,,,,,,,,,,,0.6734,0.1993,0.1273,1,,,,1.52,5,7.67,,,,,1.3526,-1,6,0.5,-0.0337,0.2655,0,0,,,,-0.0671,,,,,,,,,,,
spelad,NO,2015,2015-04-19,,Bodo/Glimt,Odd,2,4,A,,,,,,,,,,,,,,,,,,,,0.3059,0.2681,0.4261,1,,,,3.72,3.75,2.36,,,,,-0.5509,1,,,,,0,0,,,,-0.0315,,,,,,,,,,,
spelad,NO,2015,2015-04-19,,Molde,Aalesund,5,1,H,,,,,,,,,,,,,,,,,,,,0.7553,0.1551,0.0896,1,,,,1.33,6.28,11,,,,,-0.5868,1,6,3,1.1797,-0.2465,0,0,,,,-0.0545,,,,,,,,,,,
spelad,NO,2015,2015-04-19,,Sandefjord,Sarpsborg 08,1,0,H,,,,,,,,,,,,,,,,,,,,0.4379,0.2782,0.2839,1,,,,2.31,3.51,3.49,,,,,,-2,,,,,1,0,,,,-0.0222,,,,,,,,,,,
spelad,NO,2015,2015-04-19,,Stabaek,Viking,1,0,H,,,,,,,,,,,,,,,,,,,,0.3562,0.2741,0.3697,1,,,,2.75,3.6,2.69,,,,,0.6415,0,4,-2.25,-0.6433,0.0205,0,0,,,,0.0055,,,,,,,,,,,
spelad,NO,2015,2015-04-19,,Tromso,Lillestrom,1,1,D,,,,,,,,,,,,,,,,,,,,0.5054,0.2709,0.2237,1,,,,2.05,3.65,4.36,,,,,-0.3806,0,4,0,-0.2841,-0.2403,1,0,,,,-0.0662,,,,,,,,,,,
spelad,NO,2015,2015-04-24,,Start,Valerenga,2,3,A,,,,,,,,,,,,,,,,,,,,0.3949,0.2665,0.3387,1,,,,2.66,3.7,2.88,,,,,-0.2512,-1,4,0.75,0.5354,0.0203,0,0,,,,-0.0407,,,,,,,,,,,
spelad,NO,2015,2015-04-25,,Odd,Mjondalen,2,2,D,,,,,,,,,,,,,,,,,,,,0.7089,0.1839,0.1072,1,,,,1.4,5.6,10,,,,,-0.0592,-1,,,,,0,0,,,,-0.0322,,,,,,,,,,,
spelad,NO,2015,2015-04-25,,Viking,Rosenborg,1,4,A,,,,,,,,,,,,,,,,,,,,0.2579,0.262,0.4801,1,,,,4,3.77,2.12,,,,,-1.4233,-1,6,-1.5,-0.542,0.2539,0,0,,,,0.0415,,,,,,,,,,,
spelad,NO,2015,2015-04-26,,Aalesund,Tromso,0,2,A,,,,,,,,,,,,,,,,,,,,0.4577,0.27,0.2723,1,,,,2.18,3.61,3.9,,,,,1.2453,0,4,0,0.0558,0.2419,-1,0,,,,-0.0082,,,,,,,,,,,
spelad,NO,2015,2015-04-26,,Haugesund,Molde,0,0,D,,,,,,,,,,,,,,,,,,,,0.2014,0.253,0.5456,1,,,,5.1,4,1.8,,,,,0.4059,2,6,1,0.8687,0.097,0,0,,,,0.0077,,,,,,,,,,,
spelad,NO,2015,2015-04-26,,Lillestrom,Stabaek,0,2,A,,,,,,,,,,,,,,,,,,,,0.4808,0.2589,0.2603,1,,,,2.05,3.95,4.25,,,,,-0.4255,0,4,0,-0.2356,-0.2426,0,0,,,,0.0344,,,,,,,,,,,
spelad,NO,2015,2015-04-26,,Sarpsborg 08,Bodo/Glimt,2,2,D,,,,,,,,,,,,,,,,,,,,0.5567,0.246,0.1972,1,,,,1.85,3.96,4.94,,,,,0.6283,0,,,,,0,0,,,,-0.0562,,,,,,,,,,,
spelad,NO,2015,2015-04-26,,Stromsgodset,Sandefjord,3,2,H,,,,,,,,,,,,,,,,,,,,0.6375,0.2153,0.1471,1,,,,1.57,4.6,6.8,,,,,,1,,,,,-1,0,,,,-0.0336,,,,,,,,,,,
spelad,NO,2015,2015-04-29,,Molde,Stromsgodset,3,1,H,,,,,,,,,,,,,,,,,,,,0.6223,0.2143,0.1634,1,,,,1.57,4.7,7.5,,,,,-0.2157,0,6,-1,-0.5962,0.0839,0,0,,,,0.0157,,,,,,,,,,,
spelad,NO,2015,2015-04-29,,Sarpsborg 08,Odd,2,0,H,,,,,,,,,,,,,,,,,,,,0.3136,0.2748,0.4116,1,,,,3.25,3.55,2.44,,,,,-0.1067,-1,4,-1.5,-0.5249,0.2509,0,0,,,,-0.0221,,,,,,,,,,,
spelad,NO,2015,2015-04-30,,Bodo/Glimt,Haugesund,1,2,A,,,,,,,,,,,,,,,,,,,,0.4118,0.2703,0.3179,1,,,,2.37,3.61,3.17,,,,,-0.4051,0,,,,,0,0,,,,0.0088,,,,,,,,,,,
spelad,NO,2015,2015-04-30,,Mjondalen,Lillestrom,1,4,A,,,,,,,,,,,,,,,,,,,,0.4175,0.2856,0.2969,1,,,,2.35,3.5,3.4,,,,,0.8001,1,,,,,0,0,,,,0.0148,,,,,,,,,,,
spelad,NO,2015,2015-04-30,,Rosenborg,Start,3,2,H,,,,,,,,,,,,,,,,,,,,0.7885,0.1285,0.0831,1,,,,1.25,7.7,13.95,,,,,1.3264,-1,4,2.25,0.7116,0.0146,0,0,,,,-0.0297,,,,,,,,,,,
spelad,NO,2015,2015-04-30,,Sandefjord,Viking,1,2,A,,,,,,,,,,,,,,,,,,,,0.3796,0.2695,0.3509,1,,,,2.62,3.62,3.05,,,,,,-1,,,,,1,0,,,,0.014,,,,,,,,,,,
spelad,NO,2015,2015-04-30,,Tromso,Stabaek,0,2,A,,,,,,,,,,,,,,,,,,,,0.5115,0.2612,0.2272,1,,,,1.93,3.75,4.4,,,,,-0.7819,0,,,,,1,0,,,,-0.0126,,,,,,,,,,,
spelad,NO,2015,2015-04-30,,Valerenga,Aalesund,1,2,A,,,,,,,,,,,,,,,,,,,,0.6416,0.2097,0.1487,1,,,,1.6,4.9,6.9,,,,,-0.0742,2,6,-0.5,-0.1379,-0.0813,0,0,,,,-0.0291,,,,,,,,,,,
spelad,NO,2015,2015-05-02,,Stromsgodset,Sarpsborg 08,1,1,D,,,,,,,,,,,,,,,,,,,,0.6135,0.2192,0.1673,1,,,,1.59,4.45,7,,,,,-0.4669,0,4,1.5,0.059,0.2683,0,0,,,,-0.0016,,,,,,,,,,,
spelad,NO,2015,2015-05-03,,Aalesund,Bodo/Glimt,2,0,H,,,,,,,,,,,,,,,,,,,,0.5302,0.2439,0.2258,1,,,,1.85,4,4.6,,,,,0.6891,0,,,,,0,0,,,,-0.0053,,,,,,,,,,,
spelad,NO,2015,2015-05-03,,Haugesund,Sandefjord,2,1,H,,,,,,,,,,,,,,,,,,,,0.5332,0.2495,0.2173,1,,,,1.86,3.95,5,,,,,0.2885,0,,,,,-1,0,,,,-0.0214,,,,,,,,,,,
spelad,NO,2015,2015-05-03,,Lillestrom,Valerenga,1,1,D,,,,,,,,,,,,,,,,,,,,0.3655,0.2718,0.3627,1,,,,2.67,3.65,3,,,,,-0.11,0,6,0.5,0.167,0.2314,0,0,,,,0.0272,,,,,,,,,,,
spelad,NO,2015,2015-05-03,,Odd,Rosenborg,1,2,A,,,,,,,,,,,,,,,,,,,,0.2903,0.2643,0.4454,1,,,,3.62,4,2.38,,,,,-0.712,1,6,-2.5,-0.8618,-0.082,0,0,,,,0.0124,,,,,,,,,,,
spelad,NO,2015,2015-05-03,,Stabaek,Mjondalen,1,0,H,,,,,,,,,,,,,,,,,,,,0.5252,0.2598,0.215,1,,,,1.92,3.8,4.6,,,,,0.5087,0,,,,,0,0,,,,-0.027,,,,,,,,,,,
spelad,NO,2015,2015-05-03,,Start,Tromso,3,1,H,,,,,,,,,,,,,,,,,,,,0.4622,0.2771,0.2608,1,,,,2.18,3.6,4,,,,,0.4371,0,,,,,-1,0,,,,-0.021,,,,,,,,,,,
spelad,NO,2015,2015-05-04,,Viking,Molde,2,1,H,,,,,,,,,,,,,,,,,,,,0.2501,0.2622,0.4877,1,,,,4.5,3.75,2.02,,,,,-0.4043,-1,6,0.5,0.6161,-0.0899,0,0,,,,-0.0099,,,,,,,,,,,
spelad,NO,2015,2015-05-09,,Mjondalen,Tromso,4,3,H,,,,,,,,,,,,,,,,,,,,0.3914,0.2901,0.3185,1,,,,2.7,3.46,3.3,,,,,0.8264,0,,,,,-1,0,,,,0.0157,,,,,,,,,,,
spelad,NO,2015,2015-05-09,,Rosenborg,Lillestrom,3,0,H,,,,,,,,,,,,,,,,,,,,0.7954,0.1308,0.0738,1,,,,1.25,7.84,13.6,,,,,1.0638,0,6,2,0.4461,0.1048,0,0,,,,-0.046,,,,,,,,,,,
spelad,NO,2015,2015-05-09,,Valerenga,Stabaek,0,2,A,,,,,,,,,,,,,,,,,,,,0.5364,0.2422,0.2214,1,,,,1.87,4.1,5,,,,,-0.6304,0,4,1.5,0.3926,-0.2328,0,0,,,,-0.0047,,,,,,,,,,,
spelad,NO,2015,2015-05-10,,Bodo/Glimt,Stromsgodset,3,5,A,,,,,,,,,,,,,,,,,,,,0.2705,0.2556,0.474,1,,,,3.65,3.82,2.2,,,,,-0.309,-1,,,,,0,0,,,,0.0425,,,,,,,,,,,
spelad,NO,2015,2015-05-10,,Molde,Start,4,0,H,,,,,,,,,,,,,,,,,,,,0.7864,0.1397,0.0739,1,,,,1.27,7.3,17,,,,,-0.237,-1,4,0,-0.5724,0.2738,0,0,,,,-0.0345,,,,,,,,,,,
spelad,NO,2015,2015-05-10,,Sandefjord,Aalesund,1,3,A,,,,,,,,,,,,,,,,,,,,0.4236,0.2776,0.2988,1,,,,2.32,3.55,3.36,,,,,-0.5669,0,,,,,1,0,,,,0.001,,,,,,,,,,,
spelad,NO,2015,2015-05-10,,Sarpsborg 08,Haugesund,3,0,H,,,,,,,,,,,,,,,,,,,,0.4807,0.2703,0.2489,1,,,,2.1,3.63,3.92,,,,,0.1942,1,4,0,0.2737,-0.2559,0,0,,,,-0.0371,,,,,,,,,,,
spelad,NO,2015,2015-05-10,,Viking,Odd,1,1,D,,,,,,,,,,,,,,,,,,,,0.4388,0.2605,0.3007,1,,,,2.37,3.74,3.31,,,,,0.4089,-1,6,1,0.3641,0.0713,0,0,,,,-0.0321,,,,,,,,,,,
spelad,NO,2015,2015-05-12,,Mjondalen,Rosenborg,3,2,H,,,,,,,,,,,,,,,,,,,,0.151,0.2065,0.6426,1,,,,8,4.8,1.52,,,,,-0.4424,0,,,,,0,0,,,,-0.0185,,,,,,,,,,,
spelad,NO,2015,2015-05-12,,Tromso,Valerenga,4,5,A,,,,,,,,,,,,,,,,,,,,0.4536,0.277,0.2694,1,,,,2.3,3.6,3.62,,,,,-1.0201,0,4,-0.75,-0.6565,-0.0072,1,0,,,,-0.0509,,,,,,,,,,,
spelad,NO,2015,2015-05-13,,Aalesund,Sarpsborg 08,2,2,D,,,,,,,,,,,,,,,,,,,,0.4687,0.262,0.2693,1,,,,2.12,3.72,3.75,,,,,-0.1484,0,4,0.75,0.2442,-0.0057,0,0,,,,-0.0112,,,,,,,,,,,
spelad,NO,2015,2015-05-13,,Haugesund,Viking,0,2,A,,,,,,,,,,,,,,,,,,,,0.3419,0.2833,0.3748,1,,,,2.86,3.52,2.8,,,,,-0.1712,0,6,0.5,0.3391,0.2301,0,0,,,,0.0252,,,,,,,,,,,
spelad,NO,2015,2015-05-13,,Lillestrom,Molde,2,1,H,,,,,,,,,,,,,,,,,,,,0.1898,0.2397,0.5705,1,,,,5.75,4.1,1.73,,,,,-0.283,1,6,-0.5,0.2963,-0.0692,0,0,,,,0.0095,,,,,,,,,,,
spelad,NO,2015,2015-05-13,,Odd,Stromsgodset,2,0,H,,,,,,,,,,,,,,,,,,,,0.4499,0.2542,0.2958,1,,,,2.19,3.86,3.42,,,,,0.1792,0,6,-0.5,0.0921,-0.0826,0,0,,,,-0.0111,,,,,,,,,,,
spelad,NO,2015,2015-05-13,,Stabaek,Sandefjord,4,0,H,,,,,,,,,,,,,,,,,,,,0.5579,0.237,0.2051,1,,,,1.8,4.2,5,,,,,1.7329,1,,,,,-1,0,,,,-0.0299,,,,,,,,,,,
spelad,NO,2015,2015-05-13,,Start,Bodo/Glimt,1,1,D,,,,,,,,,,,,,,,,,,,,0.5394,0.2319,0.2287,1,,,,1.83,4.25,4.5,,,,,0.6031,0,,,,,0,0,,,,-0.0221,,,,,,,,,,,
spelad,NO,2015,2015-05-16,,Bodo/Glimt,Tromso,1,0,H,,,,,,,,,,,,,,,,,,,,0.3653,0.2827,0.3521,1,,,,2.7,3.53,3,,,,,0.1652,-1,,,,,-1,0,,,,0.0211,,,,,,,,,,,
spelad,NO,2015,2015-05-16,,Molde,Stabaek,3,3,D,,,,,,,,,,,,,,,,,,,,0.7093,0.1767,0.1141,1,,,,1.44,5.5,10,,,,,-1.594,0,4,2.25,0.3043,0.0638,0,0,,,,-0.0475,,,,,,,,,,,
spelad,NO,2015,2015-05-16,,Odd,Haugesund,0,0,D,,,,,,,,,,,,,,,,,,,,0.6732,0.1972,0.1296,1,,,,1.5,4.95,8.5,,,,,0.4244,0,6,1.5,0.7571,-0.0874,0,0,,,,-0.0476,,,,,,,,,,,
spelad,NO,2015,2015-05-16,,Rosenborg,Sandefjord,5,1,H,,,,,,,,,,,,,,,,,,,,0.8513,0.1009,0.0478,1,,,,1.16,9.7,25.3,,,,,0.8107,1,,,,,-1,0,,,,-0.0574,,,,,,,,,,,
spelad,NO,2015,2015-05-16,,Sarpsborg 08,Lillestrom,1,3,A,,,,,,,,,,,,,,,,,,,,0.5046,0.2646,0.2309,1,,,,2,3.8,4.24,,,,,0.2918,0,4,0,0.0537,0.2376,0,0,,,,-0.0444,,,,,,,,,,,
spelad,NO,2015,2015-05-16,,Stromsgodset,Aalesund,3,1,H,,,,,,,,,,,,,,,,,,,,0.6549,0.2037,0.1414,1,,,,1.57,4.82,7,,,,,-0.4885,0,6,1,0.216,-0.2471,0,0,,,,-0.0619,,,,,,,,,,,
spelad,NO,2015,2015-05-16,,Valerenga,Mjondalen,4,2,H,,,,,,,,,,,,,,,,,,,,0.5643,0.2416,0.1941,1,,,,1.82,4.2,5.03,,,,,-0.1426,0,,,,,0,0,,,,-0.0517,,,,,,,,,,,
spelad,NO,2015,2015-05-16,,Viking,Start,1,0,H,,,,,,,,,,,,,,,,,,,,0.7192,0.171,0.1098,1,,,,1.44,5.72,8.91,,,,,0.2869,0,4,1.5,0.6337,-0.2503,0,0,,,,-0.0626,,,,,,,,,,,
spelad,NO,2015,2015-05-22,,Mjondalen,Molde,0,3,A,,,,,,,,,,,,,,,,,,,,0.2461,0.2383,0.5156,1,,,,5,4.1,1.91,,,,,0.4422,0,,,,,0,0,,,,-0.0357,,,,,,,,,,,
spelad,NO,2015,2015-05-24,,Haugesund,Stromsgodset,4,0,H,,,,,,,,,,,,,,,,,,,,0.3175,0.2642,0.4183,1,,,,3.22,3.7,2.35,,,,,-0.0666,0,6,-0.5,0.2261,-0.062,0,0,,,,-0.0108,,,,,,,,,,,
spelad,NO,2015,2015-05-25,,Aalesund,Viking,0,4,A,,,,,,,,,,,,,,,,,,,,0.3556,0.2608,0.3835,1,,,,2.77,3.75,2.67,,,,,-0.3605,0,6,1,0.5996,0.0694,0,0,,,,0.0029,,,,,,,,,,,
spelad,NO,2015,2015-05-25,,Lillestrom,Bodo/Glimt,3,0,H,,,,,,,,,,,,,,,,,,,,0.5604,0.2344,0.2053,1,,,,1.78,4.25,5,,,,,0.9059,0,,,,,0,0,,,,-0.0085,,,,,,,,,,,
spelad,NO,2015,2015-05-25,,Sandefjord,Valerenga,0,3,A,,,,,,,,,,,,,,,,,,,,0.2915,0.2584,0.4501,1,,,,3.42,4.1,2.25,,,,,-0.8302,0,,,,,1,0,,,,0.0198,,,,,,,,,,,
spelad,NO,2015,2015-05-25,,Stabaek,Rosenborg,2,3,A,,,,,,,,,,,,,,,,,,,,0.2324,0.2341,0.5335,1,,,,4.5,4.17,1.85,,,,,0.983,0,4,0,0.8457,-0.1879,0,0,,,,-0.011,,,,,,,,,,,
spelad,NO,2015,2015-05-25,,Start,Sarpsborg 08,1,2,A,,,,,,,,,,,,,,,,,,,,0.3852,0.2776,0.3372,1,,,,2.56,3.51,3,,,,,0.0215,0,4,0,-0.2533,0.2489,0,0,,,,0.0219,,,,,,,,,,,
spelad,NO,2015,2015-05-25,,Tromso,Odd,2,2,D,,,,,,,,,,,,,,,,,,,,0.3062,0.2799,0.4139,1,,,,3.19,3.6,2.38,,,,,-0.6301,0,4,-0.75,-0.6008,-0.0064,1,0,,,,0.0291,,,,,,,,,,,
spelad,NO,2015,2015-05-29,,Odd,Aalesund,1,1,D,,,,,,,,,,,,,,,,,,,,0.6376,0.1936,0.1688,1,,,,1.59,5.04,7,,,,,-0.4564,0,6,0.5,0.1771,-0.087,0,0,,,,-0.02,,,,,,,,,,,
spelad,NO,2015,2015-05-30,,Haugesund,Start,0,2,A,,,,,,,,,,,,,,,,,,,,0.5518,0.2504,0.1977,1,,,,1.82,3.9,5,,,,,0.7026,1,4,1.5,0.9162,-0.2604,0,0,,,,-0.0302,,,,,,,,,,,
spelad,NO,2015,2015-05-30,,Molde,Sandefjord,6,1,H,,,,,,,,,,,,,,,,,,,,0.8174,0.1204,0.0622,1,,,,1.22,8.23,16.75,,,,,0.3349,3,,,,,0,0,,,,-0.0516,,,,,,,,,,,
spelad,NO,2015,2015-05-31,,Bodo/Glimt,Mjondalen,5,1,H,,,,,,,,,,,,,,,,,,,,0.4757,0.2593,0.265,1,,,,2.15,3.84,3.68,,,,,-0.3843,-3,,,,,0,0,,,,-0.0315,,,,,,,,,,,
spelad,NO,2015,2015-05-31,,Rosenborg,Tromso,1,1,D,,,,,,,,,,,,,,,,,,,,0.7788,0.1509,0.0703,1,,,,1.27,7.1,14,,,,,0.9992,0,4,0.75,0.155,-0.0068,0,0,,,,-0.027,,,,,,,,,,,
spelad,NO,2015,2015-05-31,,Sarpsborg 08,Stabaek,0,1,A,,,,,,,,,,,,,,,,,,,,0.4508,0.268,0.2811,1,,,,2.3,3.66,3.48,,,,,-1.0506,0,,,,,0,0,,,,-0.0342,,,,,,,,,,,
spelad,NO,2015,2015-05-31,,Stromsgodset,Lillestrom,2,0,H,,,,,,,,,,,,,,,,,,,,0.5707,0.2318,0.1975,1,,,,1.76,4.33,5,,,,,-0.7198,1,6,1,0.0845,0.0955,0,0,,,,-0.0195,,,,,,,,,,,
spelad,NO,2015,2015-05-31,,Viking,Valerenga,3,4,A,,,,,,,,,,,,,,,,,,,,0.5022,0.2578,0.24,1,,,,1.97,3.9,4.4,,,,,0.1943,0,6,0.5,-0.1174,0.2521,0,0,,,,0.0049,,,,,,,,,,,
spelad,NO,2015,2015-06-05,,Tromso,Molde,2,0,H,,,,,,,,,,,,,,,,,,,,0.1928,0.2368,0.5705,1,,,,5.1,4.15,1.82,,,,,-0.2395,-1,4,-2.25,-0.9251,-0.0026,0,0,,,,0.0487,,,,,,,,,,,
spelad,NO,2015,2015-06-06,,Sandefjord,Odd,0,1,A,,,,,,,,,,,,,,,,,,,,0.2101,0.2412,0.5488,1,,,,4.88,4.06,1.79,,,,,-0.1856,-1,,,,,0,0,,,,0.0109,,,,,,,,,,,
spelad,NO,2015,2015-06-06,,Valerenga,Rosenborg,1,2,A,,,,,,,,,,,,,,,,,,,,0.273,0.2456,0.4814,1,,,,4,4,2.05,,,,,0.2737,0,6,-1.5,-0.4253,0.2671,0,0,,,,-0.0377,,,,,,,,,,,
spelad,NO,2015,2015-06-07,,Aalesund,Haugesund,2,1,H,,,,,,,,,,,,,,,,,,,,0.478,0.2739,0.2481,1,,,,2.1,3.75,3.96,,,,,0.0417,1,6,1.5,0.8445,-0.1002,0,0,,,,-0.0418,,,,,,,,,,,
spelad,NO,2015,2015-06-07,,Lillestrom,Viking,2,1,H,,,,,,,,,,,,,,,,,,,,0.3715,0.2797,0.3488,1,,,,2.62,3.7,2.91,,,,,-0.0306,0,6,-0.5,-0.1348,0.2353,0,0,,,,0.005,,,,,,,,,,,
spelad,NO,2015,2015-06-07,,Mjondalen,Sarpsborg 08,1,1,D,,,,,,,,,,,,,,,,,,,,0.3667,0.2787,0.3547,1,,,,2.67,3.5,2.85,,,,,-0.2004,0,,,,,0,0,,,,0.0278,,,,,,,,,,,
spelad,NO,2015,2015-06-07,,Stabaek,Bodo/Glimt,3,2,H,,,,,,,,,,,,,,,,,,,,0.613,0.2123,0.1747,1,,,,1.59,4.8,7.1,,,,,1.371,0,,,,,0,0,,,,0.0078,,,,,,,,,,,
spelad,NO,2015,2015-06-07,,Start,Stromsgodset,0,1,A,,,,,,,,,,,,,,,,,,,,0.3018,0.2572,0.441,1,,,,3.4,3.8,2.23,,,,,-0.1423,1,4,-3,-0.906,-0.2308,0,0,,,,-0.0012,,,,,,,,,,,
spelad,NO,2015,2015-06-19,,Odd,Start,3,3,D,,,,,,,,,,,,,,,,,,,,0.7238,0.1748,0.1014,1,,,,1.38,5.7,9.64,,,,,-0.2439,1,4,1.5,0.6357,-0.2596,0,0,,,,-0.0434,,,,,,,,,,,
spelad,NO,2015,2015-06-20,,Molde,Valerenga,0,0,D,,,,,,,,,,,,,,,,,,,,0.6835,0.1879,0.1286,1,,,,1.47,5.35,7.75,,,,,-0.6063,1,6,2.5,0.7975,-0.0633,0,0,,,,-0.0407,,,,,,,,,,,
spelad,NO,2015,2015-06-20,,Sandefjord,Lillestrom,0,0,D,,,,,,,,,,,,,,,,,,,,0.2973,0.2731,0.4296,1,,,,3.36,3.65,2.28,,,,,-1.8086,1,,,,,0,0,,,,0.0059,,,,,,,,,,,
spelad,NO,2015,2015-06-21,,Aalesund,Stabaek,1,1,D,,,,,,,,,,,,,,,,,,,,0.3918,0.2521,0.3561,1,,,,2.55,3.87,2.82,,,,,-0.561,0,4,2.25,0.775,0.0029,0,0,,,,-0.0041,,,,,,,,,,,
spelad,NO,2015,2015-06-21,,Bodo/Glimt,Viking,0,3,A,,,,,,,,,,,,,,,,,,,,0.2889,0.2549,0.4562,1,,,,3.48,3.86,2.3,,,,,-0.7391,0,,,,,0,0,,,,0.0239,,,,,,,,,,,
spelad,NO,2015,2015-06-21,,Haugesund,Mjondalen,1,1,D,,,,,,,,,,,,,,,,,,,,0.5483,0.2471,0.2046,1,,,,1.82,3.98,4.77,,,,,0.2092,0,,,,,0,0,,,,-0.034,,,,,,,,,,,
spelad,NO,2015,2015-06-21,,Sarpsborg 08,Rosenborg,0,2,A,,,,,,,,,,,,,,,,,,,,0.1769,0.2348,0.5883,1,,,,5.8,4.4,1.73,,,,,-0.0423,-1,4,-2.25,-0.5943,0.0356,0,0,,,,0.0281,,,,,,,,,,,
spelad,NO,2015,2015-06-21,,Stromsgodset,Tromso,2,1,H,,,,,,,,,,,,,,,,,,,,0.6363,0.2071,0.1565,1,,,,1.57,4.7,6.22,,,,,0.5822,-2,4,0.75,0.1009,-0.0123,0,0,,,,-0.0492,,,,,,,,,,,
spelad,NO,2015,2015-06-27,,Rosenborg,Molde,1,1,D,,,,,,,,,,,,,,,,,,,,0.5131,0.245,0.2419,1,,,,1.9,4.1,4.5,,,,,1.0133,-1,6,-1.5,-0.6671,-0.0857,0,0,,,,0.0225,,,,,,,,,,,
spelad,NO,2015,2015-06-27,,Stabaek,Stromsgodset,3,2,H,,,,,,,,,,,,,,,,,,,,0.4223,0.268,0.3097,1,,,,2.33,3.9,3.25,,,,,0.5776,0,4,0,0.7839,-0.2039,0,0,,,,0.0083,,,,,,,,,,,
spelad,NO,2015,2015-06-27,,Start,Aalesund,3,1,H,,,,,,,,,,,,,,,,,,,,0.4336,0.2644,0.302,1,,,,2.4,3.69,3.3,,,,,-0.2282,2,4,0,-0.0255,0.2421,0,0,,,,-0.0176,,,,,,,,,,,
spelad,NO,2015,2015-06-28,,Lillestrom,Odd,1,1,D,,,,,,,,,,,,,,,,,,,,0.3587,0.2688,0.3724,1,,,,2.76,3.63,2.75,,,,,0.9747,-1,6,0.5,0.4238,-0.0991,0,0,,,,0.0131,,,,,,,,,,,
spelad,NO,2015,2015-06-28,,Mjondalen,Sandefjord,2,2,D,,,,,,,,,,,,,,,,,,,,0.5163,0.2409,0.2427,1,,,,1.92,4.15,4.3,,,,,0.7375,-1,,,,,0,0,,,,-0.015,,,,,,,,,,,
spelad,NO,2015,2015-06-28,,Tromso,Haugesund,2,0,H,,,,,,,,,,,,,,,,,,,,0.4883,0.2676,0.2441,1,,,,2.04,3.8,4.3,,,,,-0.0674,0,4,0.75,0.2333,0.0049,0,0,,,,0.0172,,,,,,,,,,,
spelad,NO,2015,2015-06-28,,Valerenga,Bodo/Glimt,1,2,A,,,,,,,,,,,,,,,,,,,,0.6586,0.193,0.1484,1,,,,1.49,5.25,7.25,,,,,0.6529,1,,,,,0,0,,,,-0.0153,,,,,,,,,,,
spelad,NO,2015,2015-06-28,,Viking,Sarpsborg 08,3,1,H,,,,,,,,,,,,,,,,,,,,0.6416,0.2102,0.1482,1,,,,1.6,4.7,7,,,,,0.606,0,4,0.75,0.2103,-0.0091,0,0,,,,-0.0305,,,,,,,,,,,
spelad,NO,2015,2015-07-03,,Sarpsborg 08,Molde,1,4,A,,,,,,,,,,,,,,,,,,,,0.2246,0.2456,0.5298,1,,,,4.8,4,1.87,,,,,0.2545,-1,4,-1.5,0.0106,-0.2127,0,0,,,,-0.0114,,,,,,,,,,,
spelad,NO,2015,2015-07-04,,Haugesund,Lillestrom,3,3,D,,,,,,,,,,,,,,,,,,,,0.4282,0.2705,0.3013,1,,,,2.33,3.61,3.34,,,,,-1.2232,0,6,-0.5,-0.4859,0.2417,0,0,,,,-0.0211,,,,,,,,,,,
spelad,NO,2015,2015-07-04,,Start,Stabaek,4,1,H,,,,,,,,,,,,,,,,,,,,0.314,0.2632,0.4228,1,,,,3.48,3.8,2.31,,,,,-0.8637,0,,,,,0,0,,,,-0.0517,,,,,,,,,,,
spelad,NO,2015,2015-07-05,,Aalesund,Mjondalen,4,2,H,,,,,,,,,,,,,,,,,,,,0.4203,0.2701,0.3096,1,,,,2.32,3.65,3.8,,,,,-0.0995,1,,,,,0,0,,,,0.0404,,,,,,,,,,,
spelad,NO,2015,2015-07-05,,Bodo/Glimt,Rosenborg,1,0,H,,,,,,,,,,,,,,,,,,,,0.15,0.2031,0.6469,1,,,,7.1,5.1,1.51,,,,,0.2132,-1,,,,,0,0,,,,0.0066,,,,,,,,,,,
spelad,NO,2015,2015-07-05,,Odd,Valerenga,1,2,A,,,,,,,,,,,,,,,,,,,,0.5672,0.2296,0.2032,1,,,,1.89,4.25,5.2,,,,,-0.4958,0,6,0.5,0.1515,-0.0939,0,0,,,,-0.0373,,,,,,,,,,,
spelad,NO,2015,2015-07-05,,Sandefjord,Tromso,1,1,D,,,,,,,,,,,,,,,,,,,,0.3451,0.272,0.3829,1,,,,2.85,3.63,2.6,,,,,-0.5104,0,,,,,0,0,,,,0.0076,,,,,,,,,,,
spelad,NO,2015,2015-07-05,,Stromsgodset,Viking,4,1,H,,,,,,,,,,,,,,,,,,,,0.4974,0.2513,0.2513,1,,,,2.02,3.9,3.9,,,,,-0.0963,1,6,0.5,0.1016,-0.0948,0,0,,,,-0.0349,,,,,,,,,,,
spelad,NO,2015,2015-07-10,,Molde,Haugesund,0,1,A,,,,,,,,,,,,,,,,,,,,0.7484,0.1669,0.0847,1,,,,1.33,6.5,14.5,,,,,0.1097,1,7,-0.8571,-0.9549,0.1899,0,0,,,,-0.0381,,,,,,,,,,,
spelad,NO,2015,2015-07-11,,Valerenga,Sandefjord,2,0,H,,,,,,,,,,,,,,,,,,,,0.6601,0.1994,0.1406,1,,,,1.53,4.9,7.1,,,,,1.1996,0,,,,,0,0,,,,-0.0488,,,,,,,,,,,
spelad,NO,2015,2015-07-11,,Viking,Aalesund,4,1,H,,,,,,,,,,,,,,,,,,,,0.5994,0.221,0.1796,1,,,,1.65,4.5,6,,,,,0.3948,0,7,-0.4286,-0.3465,0.0223,0,0,,,,0.0111,,,,,,,,,,,
spelad,NO,2015,2015-07-12,,Lillestrom,Stromsgodset,1,2,A,,,,,,,,,,,,,,,,,,,,0.3496,0.2852,0.3653,1,,,,2.8,3.65,2.85,,,,,0.4286,1,7,-1.2857,-0.272,0.0487,0,0,,,,0.0517,,,,,,,,,,,
spelad,NO,2015,2015-07-12,,Mjondalen,Bodo/Glimt,1,2,A,,,,,,,,,,,,,,,,,,,,0.5131,0.2431,0.2437,1,,,,1.95,4.01,4,,,,,-0.97,0,,,,,0,0,,,,-0.0255,,,,,,,,,,,
spelad,NO,2015,2015-07-12,,Rosenborg,Odd,3,0,H,,,,,,,,,,,,,,,,,,,,0.6642,0.1953,0.1405,1,,,,1.53,5,6.95,,,,,0.1589,0,7,2.5714,1.0089,-0.108,0,0,,,,-0.0627,,,,,,,,,,,
spelad,NO,2015,2015-07-12,,Stabaek,Sarpsborg 08,0,0,D,,,,,,,,,,,,,,,,,,,,0.5984,0.2268,0.1748,1,,,,1.65,4.3,5.66,,,,,0.9412,-1,3,2,1.2312,0.0778,0,0,,,,-0.033,,,,,,,,,,,
spelad,NO,2015,2015-07-12,,Tromso,Start,2,1,H,,,,,,,,,,,,,,,,,,,,0.5385,0.2425,0.219,1,,,,1.86,4.02,4.5,,,,,-0.2679,-1,3,-2,-0.9983,0.0674,0,0,,,,-0.0269,,,,,,,,,,,
spelad,NO,2015,2015-07-18,,Molde,Bodo/Glimt,1,2,A,,,,,,,,,,,,,,,,,,,,0.7981,0.124,0.0779,1,,,,1.27,7.85,15,,,,,-1.3785,2,3,2,0.2413,0.1239,0,0,,,,-0.0451,,,,,,,,,,,
spelad,NO,2015,2015-07-24,,Start,Viking,0,3,A,,,,,,,,,,,,,,,,,,,,0.3547,0.2687,0.3766,1,,,,2.95,3.65,2.62,,,,,0.0657,-1,5,-1.8,-0.4068,-0.2344,0,0,,,,-0.0159,,,,,,,,,,,
spelad,NO,2015,2015-07-25,,Haugesund,Stabaek,2,2,D,,,,,,,,,,,,,,,,,,,,0.3824,0.2694,0.3482,1,,,,2.59,3.72,2.81,,,,,-0.1967,2,5,2.4,0.8571,-0.0408,0,0,,,,-0.0016,,,,,,,,,,,
spelad,NO,2015,2015-07-26,,Bodo/Glimt,Aalesund,1,0,H,,,,,,,,,,,,,,,,,,,,0.4511,0.2598,0.2891,1,,,,2.3,3.8,3.4,,,,,1.1543,-7,3,-2,-0.8324,0.0802,0,0,,,,-0.0529,,,,,,,,,,,
spelad,NO,2015,2015-07-26,,Odd,Tromso,3,2,H,,,,,,,,,,,,,,,,,,,,0.6089,0.2303,0.1608,1,,,,1.65,4.3,6.06,,,,,-1.0763,0,5,0.6,0.3814,0.1389,0,0,,,,-0.049,,,,,,,,,,,
spelad,NO,2015,2015-07-26,,Sandefjord,Rosenborg,1,2,A,,,,,,,,,,,,,,,,,,,,0.1147,0.1675,0.7178,1,,,,8.51,5.83,1.4,,,,,-0.4795,1,,,,,0,0,,,,0.0363,,,,,,,,,,,
spelad,NO,2015,2015-07-26,,Sarpsborg 08,Mjondalen,2,2,D,,,,,,,,,,,,,,,,,,,,0.4826,0.2642,0.2532,1,,,,2.06,3.8,4.3,,,,,0.343,0,,,,,0,0,,,,0.0136,,,,,,,,,,,
spelad,NO,2015,2015-07-27,,Valerenga,Lillestrom,2,0,H,,,,,,,,,,,,,,,,,,,,0.5219,0.249,0.2291,1,,,,1.87,4.1,4.55,,,,,0.3949,1,7,-0.4286,-0.3929,0.3024,0,0,,,,-0.0169,,,,,,,,,,,
spelad,NO,2015,2015-07-31,,Viking,Haugesund,0,1,A,,,,,,,,,,,,,,,,,,,,0.5837,0.231,0.1853,1,,,,1.69,4.33,5.52,,,,,0.4677,1,7,0,-0.2604,0.1567,0,0,,,,-0.0065,,,,,,,,,,,
spelad,NO,2015,2015-08-01,,Stabaek,Valerenga,2,0,H,,,,,,,,,,,,,,,,,,,,0.4438,0.2604,0.2959,1,,,,2.21,3.75,3.6,,,,,-0.5737,2,5,-0.6,0.2908,-0.2347,0,0,,,,0.0036,,,,,,,,,,,
spelad,NO,2015,2015-08-02,,Aalesund,Start,2,0,H,,,,,,,,,,,,,,,,,,,,0.4907,0.2583,0.251,1,,,,2.01,3.95,3.9,,,,,-0.3538,-2,5,-0.6,-0.4073,0.1408,0,0,,,,-0.0137,,,,,,,,,,,
spelad,NO,2015,2015-08-02,,Lillestrom,Sandefjord,3,2,H,,,,,,,,,,,,,,,,,,,,0.58,0.2315,0.1885,1,,,,1.71,4.35,5.6,,,,,0.3,-1,,,,,0,0,,,,-0.0012,,,,,,,,,,,
spelad,NO,2015,2015-08-02,,Mjondalen,Odd,3,6,A,,,,,,,,,,,,,,,,,,,,0.3068,0.2595,0.4337,1,,,,3.2,3.76,2.34,,,,,-0.2766,0,,,,,0,0,,,,0.0224,,,,,,,,,,,
spelad,NO,2015,2015-08-02,,Rosenborg,Sarpsborg 08,3,2,H,,,,,,,,,,,,,,,,,,,,0.8096,0.1268,0.0636,1,,,,1.25,7.7,15.28,,,,,0.4509,0,5,2.4,0.647,-0.0185,0,0,,,,-0.07,,,,,,,,,,,
spelad,NO,2015,2015-08-02,,Tromso,Stromsgodset,0,6,A,,,,,,,,,,,,,,,,,,,,0.368,0.2694,0.3626,1,,,,2.65,3.7,2.75,,,,,-0.1408,-7,5,-1.2,-0.2063,-0.0512,0,0,,,,0.0012,,,,,,,,,,,
spelad,NO,2015,2015-08-07,,Sandefjord,Mjondalen,2,1,H,,,,,,,,,,,,,,,,,,,,0.4048,0.2622,0.333,1,,,,2.44,3.78,3.1,,,,,0.34,0,,,,,0,0,,,,-0.0018,,,,,,,,,,,
spelad,NO,2015,2015-08-07,,Valerenga,Tromso,1,0,H,,,,,,,,,,,,,,,,,,,,0.5976,0.2204,0.1821,1,,,,1.71,4.55,5.8,,,,,0.0231,1,5,1.2,0.9139,-0.0611,0,0,,,,-0.0534,,,,,,,,,,,
spelad,NO,2015,2015-08-08,,Sarpsborg 08,Viking,0,2,A,,,,,,,,,,,,,,,,,,,,0.3485,0.2703,0.3812,1,,,,2.82,3.61,2.75,,,,,-0.4787,-2,5,-1.2,-0.2919,-0.0493,0,0,,,,0.034,,,,,,,,,,,
spelad,NO,2015,2015-08-09,,Bodo/Glimt,Start,5,1,H,,,,,,,,,,,,,,,,,,,,0.5239,0.2412,0.2348,1,,,,1.98,4.04,4.2,,,,,1.0898,7,3,0,0.2177,0.0837,0,0,,,,-0.0548,,,,,,,,,,,
spelad,NO,2015,2015-08-09,,Haugesund,Aalesund,3,1,H,,,,,,,,,,,,,,,,,,,,0.4412,0.2642,0.2946,1,,,,2.22,3.75,3.7,,,,,-0.2302,2,7,-1.7143,-0.7834,-0.125,0,0,,,,0.024,,,,,,,,,,,
spelad,NO,2015,2015-08-09,,Lillestrom,Rosenborg,0,5,A,,,,,,,,,,,,,,,,,,,,0.1547,0.2073,0.638,1,,,,6.5,4.71,1.62,,,,,-0.1715,0,7,-2.1429,-0.5225,0.0711,0,0,,,,0.0549,,,,,,,,,,,
spelad,NO,2015,2015-08-09,,Odd,Molde,2,2,D,,,,,,,,,,,,,,,,,,,,0.3088,0.2688,0.4224,1,,,,3.21,3.64,2.5,,,,,0.4236,-7,7,0,0.2856,0.1835,0,0,,,,0.0393,,,,,,,,,,,
spelad,NO,2015,2015-08-09,,Stromsgodset,Stabaek,0,2,A,,,,,,,,,,,,,,,,,,,,0.5108,0.2501,0.2391,1,,,,1.93,3.9,4.3,,,,,0.3299,-1,5,-0.6,-0.7034,-0.2167,0,0,,,,-0.0043,,,,,,,,,,,
spelad,NO,2015,2015-08-14,,Aalesund,Stromsgodset,2,1,H,,,,,,,,,,,,,,,,,,,,0.3242,0.2588,0.417,1,,,,3.05,3.8,2.38,,,,,-0.6876,0,7,-1.2857,-0.0631,-0.2409,0,0,,,,0.0036,,,,,,,,,,,
spelad,NO,2015,2015-08-15,,Molde,Sarpsborg 08,0,0,D,,,,,,,,,,,,,,,,,,,,0.7022,0.1755,0.1223,1,,,,1.4,5.6,10.5,,,,,-0.2815,-1,5,1.8,0.3946,-0.2192,0,0,,,,0.0027,,,,,,,,,,,
spelad,NO,2015,2015-08-15,,Viking,Bodo/Glimt,2,1,H,,,,,,,,,,,,,,,,,,,,0.6333,0.2049,0.1617,1,,,,1.6,4.76,6.03,,,,,-0.9995,1,3,-1,-0.5972,-0.2494,0,0,,,,-0.0391,,,,,,,,,,,
spelad,NO,2015,2015-08-16,,Mjondalen,Haugesund,2,1,H,,,,,,,,,,,,,,,,,,,,0.3854,0.26,0.3546,1,,,,2.53,3.75,3,,,,,-1.0998,2,,,,,0,0,,,,0.0391,,,,,,,,,,,
spelad,NO,2015,2015-08-16,,Rosenborg,Valerenga,2,0,H,,,,,,,,,,,,,,,,,,,,0.7354,0.1617,0.103,1,,,,1.38,6.05,10,,,,,0.1248,-2,7,1.7143,0.3228,0.1938,0,0,,,,-0.0321,,,,,,,,,,,
spelad,NO,2015,2015-08-16,,Stabaek,Lillestrom,3,2,H,,,,,,,,,,,,,,,,,,,,0.6622,0.2003,0.1375,1,,,,1.57,4.86,7.4,,,,,0.5069,0,5,0.6,0.7746,-0.2459,0,0,,,,-0.0567,,,,,,,,,,,
spelad,NO,2015,2015-08-16,,Start,Odd,0,4,A,,,,,,,,,,,,,,,,,,,,0.263,0.2541,0.483,1,,,,3.8,3.9,2.07,,,,,-0.0776,0,5,-1.2,-0.1966,-0.0427,0,0,,,,0.0177,,,,,,,,,,,
spelad,NO,2015,2015-08-16,,Tromso,Sandefjord,1,1,D,,,,,,,,,,,,,,,,,,,,0.6065,0.224,0.1695,1,,,,1.7,4.5,5.76,,,,,0.2954,0,,,,,0,0,,,,-0.0358,,,,,,,,,,,
spelad,NO,2015,2015-08-21,,Lillestrom,Tromso,1,0,H,,,,,,,,,,,,,,,,,,,,0.4881,0.2536,0.2583,1,,,,2.03,3.86,3.86,,,,,-0.1279,0,5,0,0.4311,-0.0464,0,0,,,,-0.0161,,,,,,,,,,,
spelad,NO,2015,2015-08-22,,Sandefjord,Stabaek,2,4,A,,,,,,,,,,,,,,,,,,,,0.1971,0.2357,0.5672,1,,,,4.95,4.25,1.76,,,,,-0.3889,0,,,,,0,0,,,,0.0397,,,,,,,,,,,
spelad,NO,2015,2015-08-23,,Haugesund,Bodo/Glimt,2,4,A,,,,,,,,,,,,,,,,,,,,0.4688,0.2566,0.2747,1,,,,2.08,3.96,3.85,,,,,-1.0152,-1,3,-1,-0.3317,-0.2535,0,0,,,,0.0246,,,,,,,,,,,
spelad,NO,2015,2015-08-23,,Odd,Viking,1,0,H,,,,,,,,,,,,,,,,,,,,0.4475,0.256,0.2965,1,,,,2.25,3.9,3.48,,,,,-0.6392,-1,7,-0.8571,-0.3964,0.1667,0,0,,,,-0.0196,,,,,,,,,,,
spelad,NO,2015,2015-08-23,,Rosenborg,Mjondalen,1,0,H,,,,,,,,,,,,,,,,,,,,0.8243,0.1138,0.062,1,,,,1.2,8.95,18,,,,,0.754,0,,,,,0,0,,,,-0.0442,,,,,,,,,,,
spelad,NO,2015,2015-08-23,,Sarpsborg 08,Aalesund,3,1,H,,,,,,,,,,,,,,,,,,,,0.4828,0.2665,0.2507,1,,,,2.05,3.8,3.95,,,,,-0.4816,-1,5,-0.6,-0.2047,0.143,0,0,,,,-0.0082,,,,,,,,,,,
spelad,NO,2015,2015-08-23,,Stromsgodset,Start,2,1,H,,,,,,,,,,,,,,,,,,,,0.6949,0.1871,0.1181,1,,,,1.41,5.35,10,,,,,0.4768,2,5,3,1.1934,-0.2361,0,0,,,,-0.0155,,,,,,,,,,,
spelad,NO,2015,2015-08-23,,Valerenga,Molde,0,1,A,,,,,,,,,,,,,,,,,,,,0.3838,0.2656,0.3506,1,,,,2.75,3.7,2.78,,,,,1.3166,-1,7,-2.1429,-0.5684,0.0617,0,0,,,,-0.0583,,,,,,,,,,,
spelad,NO,2015,2015-08-28,,Aalesund,Valerenga,2,0,H,,,,,,,,,,,,,,,,,,,,0.3711,0.2765,0.3524,1,,,,2.63,3.65,2.77,,,,,-0.0832,0,7,0.8571,0.5228,-0.0996,0,0,,,,-0.0018,,,,,,,,,,,
spelad,NO,2015,2015-08-29,,Viking,Sandefjord,2,0,H,,,,,,,,,,,,,,,,,,,,0.7325,0.1637,0.1038,1,,,,1.33,6.1,11.5,,,,,0.3797,-1,,,,,0,0,,,,-0.0175,,,,,,,,,,,
spelad,NO,2015,2015-08-30,,Bodo/Glimt,Sarpsborg 08,3,1,H,,,,,,,,,,,,,,,,,,,,0.4711,0.2494,0.2794,1,,,,2.1,3.91,3.68,,,,,1.8885,0,3,-2,-0.8785,0.077,0,0,,,,-0.0076,,,,,,,,,,,
spelad,NO,2015,2015-08-30,,Mjondalen,Stromsgodset,2,4,A,,,,,,,,,,,,,,,,,,,,0.2605,0.2461,0.4934,1,,,,3.98,4.09,2,,,,,-0.8242,0,,,,,0,0,,,,0.006,,,,,,,,,,,
spelad,NO,2015,2015-08-30,,Molde,Lillestrom,2,2,D,,,,,,,,,,,,,,,,,,,,0.6789,0.1963,0.1248,1,,,,1.54,5,8,,,,,-0.4183,-2,7,0,-0.4734,-0.0936,0,0,,,,-0.036,,,,,,,,,,,
spelad,NO,2015,2015-08-30,,Stabaek,Odd,1,2,A,,,,,,,,,,,,,,,,,,,,0.4875,0.2559,0.2566,1,,,,2.06,3.95,3.95,,,,,0.2453,1,5,-1.8,-0.192,-0.2178,0,0,,,,-0.0241,,,,,,,,,,,
spelad,NO,2015,2015-08-30,,Start,Haugesund,1,3,A,,,,,,,,,,,,,,,,,,,,0.4047,0.2755,0.3198,1,,,,2.41,3.65,3.16,,,,,-0.4738,0,5,-0.6,-0.0934,-0.2584,0,0,,,,-0.0144,,,,,,,,,,,
spelad,NO,2015,2015-08-30,,Tromso,Rosenborg,1,1,D,,,,,,,,,,,,,,,,,,,,0.207,0.2545,0.5385,1,,,,5,4,1.83,,,,,-0.4834,2,5,-0.6,0.0091,0.1644,0,0,,,,0.013,,,,,,,,,,,
spelad,NO,2015,2015-09-11,,Stromsgodset,Haugesund,5,0,H,,,,,,,,,,,,,,,,,,,,0.69,0.1808,0.1292,1,,,,1.48,5.38,8,,,,,-0.2475,0,7,0,-0.3577,-0.0909,0,0,,,,-0.0556,,,,,,,,,,,
spelad,NO,2015,2015-09-12,,Sandefjord,Molde,2,4,A,,,,,,,,,,,,,,,,,,,,0.1572,0.2097,0.6331,1,,,,7.3,4.65,1.55,,,,,0.4196,1,,,,,0,0,,,,0.002,,,,,,,,,,,
spelad,NO,2015,2015-09-13,,Lillestrom,Aalesund,3,1,H,,,,,,,,,,,,,,,,,,,,0.4877,0.2629,0.2494,1,,,,2,3.8,4.1,,,,,-0.3816,-2,7,0,-0.0675,0.4549,0,0,,,,-0.0043,,,,,,,,,,,
spelad,NO,2015,2015-09-13,,Odd,Bodo/Glimt,2,1,H,,,,,,,,,,,,,,,,,,,,0.688,0.1843,0.1277,1,,,,1.5,5.3,7.65,,,,,-0.9804,0,3,3,1.2392,-0.2369,0,0,,,,-0.0639,,,,,,,,,,,
spelad,NO,2015,2015-09-13,,Rosenborg,Stabaek,1,0,H,,,,,,,,,,,,,,,,,,,,0.6952,0.1799,0.1249,1,,,,1.41,5.5,8.5,,,,,0.0144,0,5,0.6,-0.2931,-0.1972,0,0,,,,-0.026,,,,,,,,,,,
spelad,NO,2015,2015-09-13,,Sarpsborg 08,Start,3,1,H,,,,,,,,,,,,,,,,,,,,0.5838,0.2231,0.1931,1,,,,1.79,4.37,5.4,,,,,0.3884,0,5,0.6,0.3457,0.1436,0,0,,,,-0.0302,,,,,,,,,,,
spelad,NO,2015,2015-09-13,,Tromso,Mjondalen,0,0,D,,,,,,,,,,,,,,,,,,,,0.5443,0.2564,0.1993,1,,,,1.84,3.9,4.89,,,,,0.1389,0,,,,,0,0,,,,-0.0202,,,,,,,,,,,
spelad,NO,2015,2015-09-13,,Valerenga,Viking,2,4,A,,,,,,,,,,,,,,,,,,,,0.4245,0.2704,0.3051,1,,,,2.42,3.61,3.3,,,,,-0.0981,1,7,0,0.1735,0.1792,0,0,,,,-0.0209,,,,,,,,,,,
spelad,NO,2015,2015-09-18,,Viking,Stromsgodset,1,1,D,,,,,,,,,,,,,,,,,,,,0.4046,0.252,0.3434,1,,,,2.43,3.9,3.13,,,,,0.0514,-2,7,-0.8571,-0.1495,-0.1171,0,0,,,,0.0296,,,,,,,,,,,
spelad,NO,2015,2015-09-19,,Stabaek,Tromso,2,1,H,,,,,,,,,,,,,,,,,,,,0.5671,0.2488,0.184,1,,,,1.79,4,5.7,,,,,0.7818,0,3,-1,0.2659,-0.231,0,0,,,,-0.0367,,,,,,,,,,,
spelad,NO,2015,2015-09-19,,Start,Lillestrom,0,0,D,,,,,,,,,,,,,,,,,,,,0.4063,0.2686,0.3251,1,,,,2.62,3.63,3.1,,,,,-1.0656,0,5,0,0.1389,-0.0567,0,0,,,,-0.0351,,,,,,,,,,,
spelad,NO,2015,2015-09-20,,Aalesund,Odd,1,3,A,,,,,,,,,,,,,,,,,,,,0.302,0.2587,0.4393,1,,,,3.4,3.9,2.29,,,,,-0.9264,0,7,-0.4286,-0.0343,0.0406,0,0,,,,0.0039,,,,,,,,,,,
spelad,NO,2015,2015-09-20,,Bodo/Glimt,Sandefjord,2,1,H,,,,,,,,,,,,,,,,,,,,0.5946,0.2196,0.1857,1,,,,1.67,4.5,5.5,,,,,1.4204,-1,,,,,0,0,,,,-0.0203,,,,,,,,,,,
spelad,NO,2015,2015-09-20,,Haugesund,Sarpsborg 08,1,1,D,,,,,,,,,,,,,,,,,,,,0.4081,0.2679,0.324,1,,,,2.47,3.64,3.3,,,,,0.5518,2,5,-0.6,-0.2176,-0.2588,0,0,,,,0.0043,,,,,,,,,,,
spelad,NO,2015,2015-09-20,,Mjondalen,Valerenga,0,1,A,,,,,,,,,,,,,,,,,,,,0.3509,0.271,0.3781,1,,,,2.86,3.62,2.61,,,,,-0.1156,0,,,,,0,0,,,,-0.0094,,,,,,,,,,,
spelad,NO,2015,2015-09-20,,Molde,Rosenborg,1,0,H,,,,,,,,,,,,,,,,,,,,0.4222,0.258,0.3198,1,,,,2.5,3.78,3.15,,,,,-0.9959,1,7,1.2857,0.6494,0.0344,0,0,,,,-0.0247,,,,,,,,,,,
spelad,NO,2015,2015-09-23,,Stromsgodset,Molde,1,0,H,,,,,,,,,,,,,,,,,,,,0.4228,0.2632,0.314,1,,,,2.35,3.77,3.18,,,,,0.7964,2,7,0.4286,0.3384,0.0413,0,0,,,,-0.0284,,,,,,,,,,,
spelad,NO,2015,2015-09-25,,Valerenga,Start,1,1,D,,,,,,,,,,,,,,,,,,,,0.6137,0.2212,0.1651,1,,,,1.6,4.55,6.5,,,,,0.6885,-1,5,0,-0.1011,-0.037,0,0,,,,0.0073,,,,,,,,,,,
spelad,NO,2015,2015-09-26,,Lillestrom,Mjondalen,3,0,H,,,,,,,,,,,,,,,,,,,,0.4514,0.2731,0.2754,1,,,,2.16,3.75,3.94,,,,,0.617,1,,,,,0,0,,,,0.0394,,,,,,,,,,,
spelad,NO,2015,2015-09-26,,Stromsgodset,Bodo/Glimt,3,1,H,,,,,,,,,,,,,,,,,,,,0.7056,0.1682,0.1263,1,,,,1.4,5.79,8.5,,,,,-0.7404,-3,3,3,1.2164,-0.2328,0,0,,,,-0.0235,,,,,,,,,,,
spelad,NO,2015,2015-09-27,,Odd,Sarpsborg 08,1,1,D,,,,,,,,,,,,,,,,,,,,0.6457,0.212,0.1423,1,,,,1.52,4.75,7,,,,,1.2425,0,5,0.6,-0.0827,0.1457,0,0,,,,-0.0165,,,,,,,,,,,
spelad,NO,2015,2015-09-27,,Rosenborg,Viking,2,0,H,,,,,,,,,,,,,,,,,,,,0.6881,0.189,0.1229,1,,,,1.47,5.2,8.1,,,,,-0.1559,-2,7,1.7143,0.4323,0.1802,0,0,,,,-0.0535,,,,,,,,,,,
spelad,NO,2015,2015-09-27,,Sandefjord,Haugesund,0,1,A,,,,,,,,,,,,,,,,,,,,0.387,0.2635,0.3495,1,,,,2.55,3.7,2.88,,,,,-0.4006,0,,,,,0,0,,,,0.0091,,,,,,,,,,,
spelad,NO,2015,2015-09-27,,Stabaek,Molde,1,0,H,,,,,,,,,,,,,,,,,,,,0.3753,0.2711,0.3536,1,,,,2.6,3.62,2.84,,,,,0.8131,4,5,-1.8,-0.1983,0.2157,0,0,,,,0.0034,,,,,,,,,,,
spelad,NO,2015,2015-09-27,,Tromso,Aalesund,1,1,D,,,,,,,,,,,,,,,,,,,,0.5389,0.2482,0.213,1,,,,1.85,3.95,4.75,,,,,-0.7087,1,5,0.6,0.1445,0.1395,0,0,,,,-0.0267,,,,,,,,,,,
spelad,NO,2015,2015-10-02,,Bodo/Glimt,Valerenga,1,1,D,,,,,,,,,,,,,,,,,,,,0.3995,0.2585,0.342,1,,,,2.48,3.77,3,,,,,1.177,-1,3,1,0.8434,-0.2386,0,0,,,,0.0001,,,,,,,,,,,
spelad,NO,2015,2015-10-03,,Mjondalen,Stabaek,1,4,A,,,,,,,,,,,,,,,,,,,,0.2337,0.2506,0.5157,1,,,,4.2,3.89,2.1,,,,,-1.2698,1,,,,,0,0,,,,0.0547,,,,,,,,,,,
spelad,NO,2015,2015-10-03,,Sarpsborg 08,Stromsgodset,1,6,A,,,,,,,,,,,,,,,,,,,,0.2492,0.2486,0.5022,1,,,,4.1,3.92,2,,,,,-0.1491,-1,5,-1.2,-0.2061,0.3708,0,0,,,,0.009,,,,,,,,,,,
spelad,NO,2015,2015-10-04,,Aalesund,Sandefjord,2,1,H,,,,,,,,,,,,,,,,,,,,0.6264,0.2148,0.1589,1,,,,1.62,4.7,6.8,,,,,0.4512,0,,,,,0,0,,,,-0.0299,,,,,,,,,,,
spelad,NO,2015,2015-10-04,,Haugesund,Odd,1,2,A,,,,,,,,,,,,,,,,,,,,0.2136,0.2381,0.5484,1,,,,4.65,4.2,1.9,,,,,-0.489,0,7,-1.2857,-0.515,0.0398,0,0,,,,0.0278,,,,,,,,,,,
spelad,NO,2015,2015-10-04,,Molde,Tromso,4,0,H,,,,,,,,,,,,,,,,,,,,0.6376,0.2112,0.1512,1,,,,1.55,4.65,7,,,,,0.6379,0,5,1.2,0.3526,-0.0494,0,0,,,,-0.0037,,,,,,,,,,,
spelad,NO,2015,2015-10-04,,Start,Rosenborg,0,4,A,,,,,,,,,,,,,,,,,,,,0.1438,0.2009,0.6553,1,,,,7,4.9,1.51,,,,,-0.975,2,5,-2.4,-0.6565,-0.014,0,0,,,,0.0167,,,,,,,,,,,
spelad,NO,2015,2015-10-04,,Viking,Lillestrom,1,0,H,,,,,,,,,,,,,,,,,,,,0.6338,0.2113,0.1549,1,,,,1.6,4.62,6.3,,,,,-0.3844,-1,7,0,-0.2756,0.1617,0,0,,,,-0.0468,,,,,,,,,,,
spelad,NO,2015,2015-10-16,,Stromsgodset,Odd,2,1,H,,,,,,,,,,,,,,,,,,,,0.5086,0.246,0.2454,1,,,,1.95,4.05,4,,,,,-0.2791,1,7,0,-0.1713,-0.1071,0,0,,,,-0.0299,,,,,,,,,,,
spelad,NO,2015,2015-10-17,,Sandefjord,Start,4,1,H,,,,,,,,,,,,,,,,,,,,0.344,0.2605,0.3955,1,,,,3,3.75,2.75,,,,,0.3216,0,,,,,0,0,,,,0.02,,,,,,,,,,,
spelad,NO,2015,2015-10-17,,Stabaek,Aalesund,1,4,A,,,,,,,,,,,,,,,,,,,,0.6831,0.1934,0.1235,1,,,,1.47,5.05,7.91,,,,,0.6793,1,5,-1.8,-0.6864,0.1519,0,0,,,,-0.0562,,,,,,,,,,,
spelad,NO,2015,2015-10-18,,Lillestrom,Haugesund,2,0,H,,,,,,,,,,,,,,,,,,,,0.5663,0.237,0.1968,1,,,,1.87,4.2,5,,,,,0.2768,0,7,0.4286,0.1844,0.3114,0,0,,,,-0.0509,,,,,,,,,,,
spelad,NO,2015,2015-10-18,,Molde,Mjondalen,3,1,H,,,,,,,,,,,,,,,,,,,,0.7442,0.1658,0.09,1,,,,1.32,6,11.8,,,,,0.5133,-1,,,,,0,0,,,,-0.0282,,,,,,,,,,,
spelad,NO,2015,2015-10-18,,Rosenborg,Bodo/Glimt,1,1,D,,,,,,,,,,,,,,,,,,,,0.7968,0.1254,0.0778,1,,,,1.27,7.75,15,,,,,-0.1284,-2,3,0,-0.4789,0.1038,0,0,,,,-0.0387,,,,,,,,,,,
spelad,NO,2015,2015-10-18,,Tromso,Viking,3,1,H,,,,,,,,,,,,,,,,,,,,0.3484,0.2644,0.3872,1,,,,2.86,3.69,2.7,,,,,-1.1983,0,5,0.6,0.5234,-0.2784,0,0,,,,0.0228,,,,,,,,,,,
spelad,NO,2015,2015-10-18,,Valerenga,Sarpsborg 08,3,1,H,,,,,,,,,,,,,,,,,,,,0.5672,0.2357,0.1971,1,,,,1.87,4.15,4.95,,,,,-0.3774,1,5,0,-0.3663,0.3486,0,0,,,,-0.0636,,,,,,,,,,,
spelad,NO,2015,2015-10-23,,Start,Mjondalen,1,1,D,,,,,,,,,,,,,,,,,,,,0.3997,0.2795,0.3208,1,,,,2.44,3.65,3.4,,,,,-0.3439,1,,,,,0,0,,,,0.0374,,,,,,,,,,,
spelad,NO,2015,2015-10-24,,Haugesund,Valerenga,0,1,A,,,,,,,,,,,,,,,,,,,,0.3135,0.2607,0.4258,1,,,,3.22,3.74,2.32,,,,,0.1443,0,7,0,0.0364,-0.1136,0,0,,,,-0.011,,,,,,,,,,,
spelad,NO,2015,2015-10-24,,Sarpsborg 08,Tromso,1,0,H,,,,,,,,,,,,,,,,,,,,0.4057,0.2822,0.3121,1,,,,2.46,3.6,3.15,,,,,0.4319,0,3,1,0.9932,-0.2516,0,0,,,,0.0163,,,,,,,,,,,
spelad,NO,2015,2015-10-25,,Aalesund,Molde,1,2,A,,,,,,,,,,,,,,,,,,,,0.2084,0.2258,0.5658,1,,,,4.67,4.32,1.9,,,,,0.2354,1,7,-3,-0.8604,-0.2334,0,0,,,,0.0491,,,,,,,,,,,
spelad,NO,2015,2015-10-25,,Bodo/Glimt,Lillestrom,0,3,A,,,,,,,,,,,,,,,,,,,,0.4515,0.265,0.2835,1,,,,2.16,3.75,3.85,,,,,-0.1571,0,3,-3,-1.0523,-0.237,0,0,,,,0.025,,,,,,,,,,,
spelad,NO,2015,2015-10-25,,Odd,Sandefjord,4,3,H,,,,,,,,,,,,,,,,,,,,0.7847,0.139,0.0763,1,,,,1.25,7.08,13,,,,,1.0918,1,,,,,0,0,,,,-0.0398,,,,,,,,,,,
spelad,NO,2015,2015-10-25,,Stromsgodset,Rosenborg,3,3,D,,,,,,,,,,,,,,,,,,,,0.4688,0.2494,0.2818,1,,,,2.24,4.02,3.5,,,,,0.9211,2,7,-0.4286,-0.1389,0.342,0,0,,,,-0.0398,,,,,,,,,,,
spelad,NO,2015,2015-10-25,,Viking,Stabaek,2,1,H,,,,,,,,,,,,,,,,,,,,0.4413,0.2567,0.302,1,,,,2.29,3.8,3.35,,,,,-0.0718,-1,5,1.2,0.2216,-0.0384,0,0,,,,-0.0046,,,,,,,,,,,
spelad,NO,2015,2015-11-01,,Lillestrom,Sarpsborg 08,3,1,H,,,,,,,,,,,,,,,,,,,,0.5334,0.2497,0.2169,1,,,,1.89,3.95,4.5,,,,,0.6707,-1,5,0.6,0.1756,0.1371,0,0,,,,-0.033,,,,,,,,,,,
spelad,NO,2015,2015-11-01,,Mjondalen,Aalesund,1,2,A,,,,,,,,,,,,,,,,,,,,0.5198,0.2389,0.2413,1,,,,1.88,4.18,4.2,,,,,-0.7818,2,,,,,0,0,,,,-0.0098,,,,,,,,,,,
spelad,NO,2015,2015-11-01,,Molde,Viking,4,1,H,,,,,,,,,,,,,,,,,,,,0.5885,0.2161,0.1954,1,,,,1.77,4.52,5.01,,,,,-0.0017,0,7,-0.8571,-0.6974,-0.1145,0,0,,,,-0.0263,,,,,,,,,,,
spelad,NO,2015,2015-11-01,,Rosenborg,Haugesund,4,3,H,,,,,,,,,,,,,,,,,,,,0.7987,0.1249,0.0764,1,,,,1.25,7.8,15,,,,,0.1509,-1,7,0.8571,0.1023,-0.0949,0,0,,,,-0.0515,,,,,,,,,,,
spelad,NO,2015,2015-11-01,,Sandefjord,Stromsgodset,1,2,A,,,,,,,,,,,,,,,,,,,,0.1122,0.177,0.7108,1,,,,9.5,5.6,1.39,,,,,-1.1598,0,,,,,0,0,,,,0.0215,,,,,,,,,,,
spelad,NO,2015,2015-11-01,,Stabaek,Start,3,2,H,,,,,,,,,,,,,,,,,,,,0.6595,0.1964,0.1442,1,,,,1.51,5.2,7,,,,,0.6043,-2,3,-1,-0.2575,-0.255,0,0,,,,-0.0182,,,,,,,,,,,
spelad,NO,2015,2015-11-01,,Tromso,Bodo/Glimt,3,1,H,,,,,,,,,,,,,,,,,,,,0.6294,0.2125,0.1581,1,,,,1.62,4.59,6.17,,,,,-0.6694,1,,,,,0,0,,,,-0.0583,,,,,,,,,,,
spelad,NO,2015,2015-11-01,,Valerenga,Odd,2,2,D,,,,,,,,,,,,,,,,,,,,0.3434,0.252,0.4046,1,,,,3,3.87,2.5,,,,,-0.8207,1,7,0,0.2593,-0.1132,0,0,,,,-0.0219,,,,,,,,,,,
spelad,NO,2015,2015-11-08,,Aalesund,Rosenborg,0,1,A,,,,,,,,,,,,,,,,,,,,0.3276,0.2347,0.4378,1,,,,3.8,4.16,2.3,,,,,0.6225,0,7,-1.7143,-0.5014,0.1885,0,0,,,,-0.0096,,,,,,,,,,,
spelad,NO,2015,2015-11-08,,Bodo/Glimt,Stabaek,6,1,H,,,,,,,,,,,,,,,,,,,,0.2659,0.2509,0.4832,1,,,,3.68,4.05,2.02,,,,,0.0119,0,3,-2,-0.988,0.0963,0,0,,,,0.0195,,,,,,,,,,,
spelad,NO,2015,2015-11-08,,Haugesund,Tromso,0,1,A,,,,,,,,,,,,,,,,,,,,0.4795,0.261,0.2596,1,,,,2.3,3.79,3.75,,,,,0.1069,0,5,-1.2,-0.3905,-0.0496,0,0,,,,-0.0615,,,,,,,,,,,
spelad,NO,2015,2015-11-08,,Odd,Lillestrom,5,0,H,,,,,,,,,,,,,,,,,,,,0.7004,0.1796,0.12,1,,,,1.5,5.42,8.11,,,,,-0.3848,0,7,-0.4286,-0.3335,0.0196,0,0,,,,-0.0477,,,,,,,,,,,
spelad,NO,2015,2015-11-08,,Sarpsborg 08,Sandefjord,2,1,H,,,,,,,,,,,,,,,,,,,,0.6174,0.2158,0.1668,1,,,,1.6,4.55,6,,,,,0.2574,0,,,,,0,0,,,,-0.0281,,,,,,,,,,,
spelad,NO,2015,2015-11-08,,Start,Molde,0,3,A,,,,,,,,,,,,,,,,,,,,0.2348,0.2166,0.5487,1,,,,4.45,4.51,1.8,,,,,-1.1356,0,5,-0.6,0.1666,0.1911,0,0,,,,-0.0013,,,,,,,,,,,
spelad,NO,2015,2015-11-08,,Stromsgodset,Valerenga,2,2,D,,,,,,,,,,,,,,,,,,,,0.703,0.1679,0.1291,1,,,,1.45,5.82,8.8,,,,,0.6932,0,7,0,-0.3052,-0.1031,0,0,,,,-0.0254,,,,,,,,,,,
spelad,NO,2015,2015-11-08,,Viking,Mjondalen,3,1,H,,,,,,,,,,,,,,,,,,,,0.6128,0.1969,0.1903,1,,,,1.67,4.96,5.3,,,,,1.0301,0,,,,,0,0,,,,-0.0297,,,,,,,,,,,
spelad,NO,2015,2015-11-21,,Jerv,Start,1,1,D,,,,,,,,,,,,,,,,,,,,0.4644,0.281,0.2546,1,,,,2.25,3.6,3.83,,,,,,,,,,,1,0,,,,-0.0389,,,,,,,,,,,
spelad,NO,2015,2015-11-25,,Start,Jerv,3,1,H,,,,,,,,,,,,,,,,,,,,0.368,0.2885,0.3434,1,,,,2.72,3.4,3,,,,,,0,,,,,-1,0,,,,0.0154,,,,,,,,,,,
spelad,NO,2016,2016-03-11,,Aalesund,Stabaek,1,0,H,,,,,,,,,,,,,,,,,,,,0.4759,0.2501,0.274,1,,,,2.11,3.9,3.7,,,,,0.2785,,6,2,0.8514,0.0944,0,0,,,,-0.0272,,,,,,,,,,,
spelad,NO,2016,2016-03-12,,Odd,Rosenborg,1,0,H,,,,,,,,,,,,,,,,,,,,0.364,0.2651,0.3709,1,,,,2.91,3.68,2.69,,,,,0.0629,,8,-2.625,-0.8653,-0.119,0,0,,,,-0.0131,,,,,,,,,,,
spelad,NO,2016,2016-03-13,,Bodo/Glimt,Sogndal,2,0,H,,,,,,,,,,,,,,,,,,,,0.4313,0.2785,0.2901,1,,,,2.27,3.56,3.52,,,,,0.7169,,,,,,-1,0,,,,-0.0047,,,,,,,,,,,
spelad,NO,2016,2016-03-13,,Molde,Tromso,1,1,D,,,,,,,,,,,,,,,,,,,,0.6787,0.2007,0.1207,1,,,,1.45,4.97,8.5,,,,,0.4421,,6,1.5,0.4398,-0.0764,0,0,,,,-0.0115,,,,,,,,,,,
spelad,NO,2016,2016-03-13,,Sarpsborg 08,Haugesund,0,1,A,,,,,,,,,,,,,,,,,,,,0.4779,0.2715,0.2506,1,,,,2.13,3.59,3.89,,,,,0.6486,,6,0.5,0.357,-0.0937,0,0,,,,-0.043,,,,,,,,,,,
spelad,NO,2016,2016-03-13,,Start,Lillestrom,1,1,D,,,,,,,,,,,,,,,,,,,,0.2924,0.2774,0.4302,1,,,,3.34,3.6,2.33,,,,,-0.9435,,6,0,0.0345,0.0746,0,0,,,,0.0145,,,,,,,,,,,
spelad,NO,2016,2016-03-13,,Stromsgodset,Brann,2,2,D,,,,,,,,,,,,,,,,,,,,0.6107,0.2278,0.1615,1,,,,1.65,4.35,6.05,,,,,1.0117,,6,1.5,0.4448,-0.0672,-1,0,,,,-0.0444,,,,,,,,,,,
spelad,NO,2016,2016-03-14,,Valerenga,Viking,0,2,A,,,,,,,,,,,,,,,,,,,,0.4064,0.2869,0.3067,1,,,,2.4,3.5,3.21,,,,,-0.0553,,8,-0.375,-0.0412,0.123,0,0,,,,-0.0004,,,,,,,,,,,
spelad,NO,2016,2016-03-18,,Tromso,Start,0,0,D,,,,,,,,,,,,,,,,,,,,0.6169,0.2343,0.1488,1,,,,1.63,4.16,7,,,,,0.5173,0,4,-0.75,-0.4632,-0.01,0,0,,,,-0.0374,,,,,,,,,,,
spelad,NO,2016,2016-03-19,,Haugesund,Aalesund,3,0,H,,,,,,,,,,,,,,,,,,,,0.4352,0.2746,0.2902,1,,,,2.27,3.55,3.56,,,,,-0.6713,-2,8,-1.125,-0.509,-0.1424,0,0,,,,-0.0096,,,,,,,,,,,
spelad,NO,2016,2016-03-19,,Rosenborg,Stromsgodset,1,0,H,,,,,,,,,,,,,,,,,,,,0.5911,0.2322,0.1767,1,,,,1.66,4.4,6.4,,,,,-0.3812,1,8,0.375,-0.1895,0.393,0,0,,,,0.0014,,,,,,,,,,,
spelad,NO,2016,2016-03-20,,Brann,Odd,0,0,D,,,,,,,,,,,,,,,,,,,,0.2879,0.2765,0.4357,1,,,,3.4,3.55,2.3,,,,,-0.8416,-1,6,0,0.174,-0.2465,1,0,,,,0.0179,,,,,,,,,,,
spelad,NO,2016,2016-03-20,,Lillestrom,Bodo/Glimt,1,1,D,,,,,,,,,,,,,,,,,,,,0.5193,0.2562,0.2244,1,,,,1.88,3.88,5.1,,,,,0.2172,0,4,3,1.4381,-0.244,0,0,,,,0.0204,,,,,,,,,,,
spelad,NO,2016,2016-03-20,,Sogndal,Valerenga,1,0,H,,,,,,,,,,,,,,,,,,,,0.3885,0.2876,0.3239,1,,,,2.65,3.55,3.01,,,,,-1.0096,1,6,0,0.3332,-0.2652,1,0,,,,-0.0357,,,,,,,,,,,
spelad,NO,2016,2016-03-20,,Stabaek,Molde,1,2,A,,,,,,,,,,,,,,,,,,,,0.2438,0.2636,0.4926,1,,,,4.05,3.7,2,,,,,-0.3043,2,6,-1,0.1019,0.1346,0,0,,,,0.0037,,,,,,,,,,,
spelad,NO,2016,2016-03-20,,Viking,Sarpsborg 08,0,0,D,,,,,,,,,,,,,,,,,,,,0.5921,0.2442,0.1636,1,,,,1.65,4.15,6.2,,,,,0.4609,-1,6,1.5,0.5487,-0.0862,0,0,,,,-0.0051,,,,,,,,,,,
spelad,NO,2016,2016-04-01,,Molde,Lillestrom,4,2,H,,,,,,,,,,,,,,,,,,,,0.6915,0.1879,0.1207,1,,,,1.5,5.25,8.5,,,,,0.0659,0,8,0,-0.5683,0.0186,0,0,,,,-0.0493,,,,,,,,,,,
spelad,NO,2016,2016-04-02,,Start,Viking,0,1,A,,,,,,,,,,,,,,,,,,,,0.2286,0.2631,0.5083,1,,,,4.33,3.78,2,,,,,-0.3757,2,6,-2,-0.5611,-0.2401,0,0,,,,0.0262,,,,,,,,,,,
spelad,NO,2016,2016-04-02,,Valerenga,Rosenborg,0,2,A,,,,,,,,,,,,,,,,,,,,0.2155,0.2569,0.5276,1,,,,4.53,3.8,1.92,,,,,-0.3677,-1,8,-1.875,-0.5108,0.1494,0,0,,,,0.0422,,,,,,,,,,,
spelad,NO,2016,2016-04-03,,Aalesund,Brann,1,2,A,,,,,,,,,,,,,,,,,,,,0.3841,0.2895,0.3263,1,,,,2.55,3.5,3.3,,,,,0.716,1,6,-1.5,-0.7625,-0.0864,-1,0,,,,0.029,,,,,,,,,,,
spelad,NO,2016,2016-04-03,,Bodo/Glimt,Stabaek,3,1,H,,,,,,,,,,,,,,,,,,,,0.3765,0.2778,0.3458,1,,,,2.6,3.6,3.2,,,,,0.5403,0,4,-0.75,-0.2532,0.0095,0,0,,,,0.0428,,,,,,,,,,,
spelad,NO,2016,2016-04-03,,Odd,Tromso,0,0,D,,,,,,,,,,,,,,,,,,,,0.6956,0.1959,0.1084,1,,,,1.5,4.97,11,,,,,-0.0436,-2,6,1,0.475,0.0774,0,0,,,,-0.0513,,,,,,,,,,,
spelad,NO,2016,2016-04-03,,Sarpsborg 08,Sogndal,0,0,D,,,,,,,,,,,,,,,,,,,,0.4372,0.281,0.2818,1,,,,2.27,3.58,3.7,,,,,0.3382,0,4,0,-0.2273,0.2258,-1,0,,,,0.0009,,,,,,,,,,,
spelad,NO,2016,2016-04-03,,Stromsgodset,Haugesund,2,0,H,,,,,,,,,,,,,,,,,,,,0.6212,0.2192,0.1596,1,,,,1.59,4.45,7,,,,,0,0,8,0.375,-0.2193,-0.1021,0,0,,,,-0.004,,,,,,,,,,,
spelad,NO,2016,2016-04-08,,Sogndal,Haugesund,1,0,H,,,,,,,,,,,,,,,,,,,,0.419,0.2897,0.2914,1,,,,2.33,3.45,3.65,,,,,-0.4376,0,6,1.5,0.9248,0.2421,1,0,,,,0.0254,,,,,,,,,,,
spelad,NO,2016,2016-04-09,,Lillestrom,Sarpsborg 08,4,0,H,,,,,,,,,,,,,,,,,,,,0.5191,0.2631,0.2178,1,,,,1.9,3.95,4.7,,,,,0.4094,2,6,1,0.338,0.0727,0,0,,,,-0.0231,,,,,,,,,,,
spelad,NO,2016,2016-04-09,,Stabaek,Valerenga,2,1,H,,,,,,,,,,,,,,,,,,,,0.4357,0.2773,0.287,1,,,,2.24,3.64,3.55,,,,,-0.6493,-1,6,0,0.4771,-0.2389,0,0,,,,-0.0028,,,,,,,,,,,
spelad,NO,2016,2016-04-10,,Brann,Bodo/Glimt,1,0,H,,,,,,,,,,,,,,,,,,,,0.5085,0.2618,0.2297,1,,,,1.93,3.9,4.55,,,,,-0.1523,0,,,,,1,0,,,,0.0026,,,,,,,,,,,
spelad,NO,2016,2016-04-10,,Rosenborg,Aalesund,1,0,H,,,,,,,,,,,,,,,,,,,,0.8141,0.1199,0.066,1,,,,1.2,8.15,18.5,,,,,-0.0145,1,8,1.875,0.4553,0.1356,0,0,,,,-0.0207,,,,,,,,,,,
spelad,NO,2016,2016-04-10,,Start,Molde,1,1,D,,,,,,,,,,,,,,,,,,,,0.1449,0.225,0.6301,1,,,,6.85,4.4,1.57,,,,,-0.84,-1,6,-1,-0.0146,0.1232,0,0,,,,0.0217,,,,,,,,,,,
spelad,NO,2016,2016-04-10,,Tromso,Stromsgodset,2,0,H,,,,,,,,,,,,,,,,,,,,0.2868,0.2778,0.4354,1,,,,3.4,3.51,2.34,,,,,0.2715,0,6,-1.5,-0.4008,-0.0876,0,0,,,,0.0313,,,,,,,,,,,
spelad,NO,2016,2016-04-10,,Viking,Odd,0,2,A,,,,,,,,,,,,,,,,,,,,0.3872,0.282,0.3308,1,,,,2.55,3.56,2.95,,,,,0.2944,1,8,0.375,0.0577,0.1139,0,0,,,,-0.0124,,,,,,,,,,,
spelad,NO,2016,2016-04-15,,Haugesund,Lillestrom,2,2,D,,,,,,,,,,,,,,,,,,,,0.3678,0.2841,0.3481,1,,,,2.65,3.43,3.1,,,,,-0.6693,1,8,-0.75,-0.5372,0.2429,0,0,,,,0.0397,,,,,,,,,,,
spelad,NO,2016,2016-04-16,,Rosenborg,Brann,3,0,H,,,,,,,,,,,,,,,,,,,,0.7238,0.181,0.0952,1,,,,1.4,5.5,10.26,,,,,-0.3099,0,6,1,0.2269,-0.2321,-1,0,,,,-0.0417,,,,,,,,,,,
spelad,NO,2016,2016-04-16,,Stromsgodset,Sogndal,2,1,H,,,,,,,,,,,,,,,,,,,,0.6369,0.2215,0.1416,1,,,,1.59,4.4,7.12,,,,,0.1257,-2,6,2,0.3346,0.1044,-1,0,,,,-0.0386,,,,,,,,,,,
spelad,NO,2016,2016-04-17,,Aalesund,Viking,1,2,A,,,,,,,,,,,,,,,,,,,,0.2903,0.2643,0.4454,1,,,,3.6,3.69,2.25,,,,,0.0157,0,8,0,0.1888,-0.0082,0,0,,,,0.0037,,,,,,,,,,,
spelad,NO,2016,2016-04-17,,Bodo/Glimt,Molde,1,2,A,,,,,,,,,,,,,,,,,,,,0.2272,0.2599,0.5129,1,,,,4.75,3.9,1.91,,,,,-0.1316,0,4,-0.75,0.3866,0.062,0,0,,,,-0.0222,,,,,,,,,,,
spelad,NO,2016,2016-04-17,,Odd,Start,3,0,H,,,,,,,,,,,,,,,,,,,,0.7549,0.1639,0.0812,1,,,,1.3,6.2,13.5,,,,,0.214,0,6,1.5,0.4156,-0.0779,0,0,,,,-0.0249,,,,,,,,,,,
spelad,NO,2016,2016-04-17,,Sarpsborg 08,Stabaek,1,1,D,,,,,,,,,,,,,,,,,,,,0.3824,0.2802,0.3374,1,,,,2.59,3.48,3.1,,,,,0.5003,0,4,-1.5,-0.9196,0.2517,0,0,,,,0.0068,,,,,,,,,,,
spelad,NO,2016,2016-04-17,,Valerenga,Tromso,4,0,H,,,,,,,,,,,,,,,,,,,,0.5134,0.268,0.2187,1,,,,1.97,3.65,4.58,,,,,-0.893,1,6,1.5,0.9261,-0.0877,0,0,,,,-0.0172,,,,,,,,,,,
spelad,NO,2016,2016-04-20,,Bodo/Glimt,Haugesund,3,4,A,,,,,,,,,,,,,,,,,,,,0.4492,0.2723,0.2785,1,,,,2.17,3.58,3.75,,,,,0.3689,-2,4,1.5,0.9187,-0.2542,0,0,,,,0.0057,,,,,,,,,,,
spelad,NO,2016,2016-04-20,,Sogndal,Odd,0,1,A,,,,,,,,,,,,,,,,,,,,0.2132,0.2675,0.5193,1,,,,4.58,3.68,1.95,,,,,-0.7243,1,6,0,0.2991,0.0722,1,0,,,,0.0512,,,,,,,,,,,
spelad,NO,2016,2016-04-20,,Stabaek,Stromsgodset,0,1,A,,,,,,,,,,,,,,,,,,,,0.3637,0.2656,0.3706,1,,,,2.92,3.67,2.67,,,,,-0.1792,-1,6,1,1.1055,-0.2223,0,0,,,,-0.0407,,,,,,,,,,,
spelad,NO,2016,2016-04-20,,Viking,Brann,0,1,A,,,,,,,,,,,,,,,,,,,,0.5673,0.2489,0.1838,1,,,,1.8,3.92,5.31,,,,,0.1413,-1,6,0.5,-0.0286,-0.0796,-1,0,,,,-0.0422,,,,,,,,,,,
spelad,NO,2016,2016-04-21,,Lillestrom,Aalesund,1,1,D,,,,,,,,,,,,,,,,,,,,0.5996,0.2305,0.17,1,,,,1.7,4.3,6,,,,,0.5204,2,8,0.375,0.1002,0.3652,0,0,,,,-0.0497,,,,,,,,,,,
spelad,NO,2016,2016-04-21,,Molde,Valerenga,4,0,H,,,,,,,,,,,,,,,,,,,,0.6089,0.2155,0.1755,1,,,,1.61,4.52,7,,,,,0.7586,0,8,2.25,0.6537,0.0208,0,0,,,,-0.0144,,,,,,,,,,,
spelad,NO,2016,2016-04-21,,Start,Sarpsborg 08,1,4,A,,,,,,,,,,,,,,,,,,,,0.3197,0.2964,0.3839,1,,,,3.05,3.32,2.75,,,,,0.2044,0,6,-1,-0.5414,0.0824,0,0,,,,0.0317,,,,,,,,,,,
spelad,NO,2016,2016-04-21,,Tromso,Rosenborg,1,2,A,,,,,,,,,,,,,,,,,,,,0.1589,0.2391,0.6021,1,,,,6.3,4.1,1.64,,,,,-0.1611,-1,6,-0.5,0.0283,0.2612,0,0,,,,0.0321,,,,,,,,,,,
spelad,NO,2016,2016-04-23,,Brann,Sogndal,2,0,H,,,,,,,,,,,,,,,,,,,,0.478,0.2794,0.2426,1,,,,2.04,3.64,4.75,,,,,0.7277,0,6,0,0.0114,-0.2499,0,0,,,,0.042,,,,,,,,,,,
spelad,NO,2016,2016-04-23,,Stromsgodset,Bodo/Glimt,2,0,H,,,,,,,,,,,,,,,,,,,,0.6595,0.1996,0.1409,1,,,,1.48,5,7.5,,,,,-0.1785,0,4,3,1.0911,-0.2166,0,0,,,,-0.0149,,,,,,,,,,,
spelad,NO,2016,2016-04-24,,Aalesund,Tromso,6,0,H,,,,,,,,,,,,,,,,,,,,0.448,0.2815,0.2705,1,,,,2.22,3.55,3.68,,,,,-0.5689,0,6,-0.5,-0.2178,0.2416,0,0,,,,-0.0305,,,,,,,,,,,
spelad,NO,2016,2016-04-24,,Odd,Lillestrom,1,3,A,,,,,,,,,,,,,,,,,,,,0.6287,0.2156,0.1557,1,,,,1.55,4.52,8,,,,,0.6252,1,8,0,-0.2019,-0.0053,0,0,,,,0.0024,,,,,,,,,,,
spelad,NO,2016,2016-04-24,,Rosenborg,Viking,4,0,H,,,,,,,,,,,,,,,,,,,,0.6914,0.1839,0.1247,1,,,,1.45,5.3,8.7,,,,,0.5746,-1,8,1.875,0.4716,0.1341,0,0,,,,-0.0313,,,,,,,,,,,
spelad,NO,2016,2016-04-24,,Sarpsborg 08,Molde,4,0,H,,,,,,,,,,,,,,,,,,,,0.2186,0.26,0.5214,1,,,,4.75,3.85,1.9,,,,,-0.7191,0,6,-1.5,-0.0699,-0.0453,0,0,,,,0.0073,,,,,,,,,,,
spelad,NO,2016,2016-04-24,,Valerenga,Start,2,0,H,,,,,,,,,,,,,,,,,,,,0.6327,0.2194,0.1479,1,,,,1.57,4.5,7,,,,,-0.4563,0,6,0,-0.2613,0.0989,0,0,,,,-0.0124,,,,,,,,,,,
spelad,NO,2016,2016-04-25,,Haugesund,Stabaek,3,1,H,,,,,,,,,,,,,,,,,,,,0.4115,0.2779,0.3106,1,,,,2.4,3.51,3.26,,,,,0.6846,0,6,2,0.6449,0.0877,0,0,,,,-0.0201,,,,,,,,,,,
spelad,NO,2016,2016-04-30,,Lillestrom,Valerenga,2,0,H,,,,,,,,,,,,,,,,,,,,0.4412,0.277,0.2818,1,,,,2.24,3.53,3.6,,,,,0.3372,0,8,0,-0.0378,0.2335,0,0,,,,-0.0135,,,,,,,,,,,
spelad,NO,2016,2016-04-30,,Molde,Aalesund,1,0,H,,,,,,,,,,,,,,,,,,,,0.684,0.1933,0.1227,1,,,,1.43,5.3,8.5,,,,,0.4272,0,8,3,1.0917,-0.2325,0,0,,,,-0.0099,,,,,,,,,,,
spelad,NO,2016,2016-05-01,,Sogndal,Rosenborg,1,1,D,,,,,,,,,,,,,,,,,,,,0.1302,0.21,0.6598,1,,,,7.8,4.8,1.55,,,,,-1.0036,1,6,-2.5,-0.5241,-0.0501,1,0,,,,0.0342,,,,,,,,,,,
spelad,NO,2016,2016-05-01,,Stabaek,Odd,1,2,A,,,,,,,,,,,,,,,,,,,,0.2412,0.2591,0.4997,1,,,,4.04,3.76,2.06,,,,,-1.049,-1,6,-2,-0.4464,-0.2242,0,0,,,,0.0482,,,,,,,,,,,
spelad,NO,2016,2016-05-01,,Start,Stromsgodset,2,2,D,,,,,,,,,,,,,,,,,,,,0.1897,0.2367,0.5736,1,,,,5.6,4.2,1.7,,,,,-0.0886,-1,6,-3,-0.888,-0.2279,0,0,,,,-0.0002,,,,,,,,,,,
spelad,NO,2016,2016-05-01,,Tromso,Brann,1,0,H,,,,,,,,,,,,,,,,,,,,0.3903,0.2887,0.321,1,,,,2.54,3.45,3.05,,,,,-0.5079,-1,4,1.5,0.5434,-0.2337,-1,0,,,,-0.0053,,,,,,,,,,,
spelad,NO,2016,2016-05-01,,Viking,Haugesund,3,2,H,,,,,,,,,,,,,,,,,,,,0.5059,0.2611,0.233,1,,,,1.97,3.78,4.4,,,,,-0.3039,1,8,-0.375,-0.4756,0.1083,0,0,,,,-0.0048,,,,,,,,,,,
spelad,NO,2016,2016-05-02,,Bodo/Glimt,Sarpsborg 08,0,2,A,,,,,,,,,,,,,,,,,,,,0.3995,0.2746,0.326,1,,,,2.44,3.55,3.17,,,,,-0.0354,1,4,-0.75,-0.3246,-0.0046,0,0,,,,0.0124,,,,,,,,,,,
spelad,NO,2016,2016-05-07,,Brann,Start,1,0,H,,,,,,,,,,,,,,,,,,,,0.5953,0.2423,0.1624,1,,,,1.65,4.1,6.35,,,,,0.9294,0,4,0,-0.1363,0.2536,1,0,,,,-0.019,,,,,,,,,,,
spelad,NO,2016,2016-05-07,,Stromsgodset,Lillestrom,3,1,H,,,,,,,,,,,,,,,,,,,,0.5611,0.2405,0.1984,1,,,,1.74,4.21,5.15,,,,,-0.2176,-1,8,1.5,0.3978,0.007,0,0,,,,-0.0161,,,,,,,,,,,
spelad,NO,2016,2016-05-07,,Viking,Tromso,2,0,H,,,,,,,,,,,,,,,,,,,,0.5915,0.2363,0.1721,1,,,,1.67,4.13,6.5,,,,,0.019,0,6,-1,-0.4418,-0.2761,0,0,,,,-0.0113,,,,,,,,,,,
spelad,NO,2016,2016-05-08,,Aalesund,Sogndal,1,4,A,,,,,,,,,,,,,,,,,,,,0.5,0.2679,0.2321,1,,,,2.07,3.64,4.2,,,,,-0.1512,1,6,0.5,-0.2586,0.5631,-1,0,,,,-0.053,,,,,,,,,,,
spelad,NO,2016,2016-05-08,,Haugesund,Molde,3,3,D,,,,,,,,,,,,,,,,,,,,0.2426,0.2622,0.4951,1,,,,4.1,3.76,1.97,,,,,0.3541,-1,8,1.125,0.9918,0.1453,0,0,,,,0.0175,,,,,,,,,,,
spelad,NO,2016,2016-05-08,,Odd,Bodo/Glimt,2,1,H,,,,,,,,,,,,,,,,,,,,0.7937,0.1365,0.0697,1,,,,1.25,7.15,15,,,,,0.6131,1,4,3,1.1173,-0.2237,0,0,,,,-0.0306,,,,,,,,,,,
spelad,NO,2016,2016-05-08,,Rosenborg,Stabaek,3,1,H,,,,,,,,,,,,,,,,,,,,0.7815,0.1469,0.0716,1,,,,1.25,6.9,13.95,,,,,1.0222,0,6,1,-0.1218,-0.1943,0,0,,,,-0.043,,,,,,,,,,,
spelad,NO,2016,2016-05-08,,Valerenga,Sarpsborg 08,3,0,H,,,,,,,,,,,,,,,,,,,,0.4875,0.2566,0.2559,1,,,,2.06,3.8,3.9,,,,,-0.8255,2,6,0.5,-0.1282,0.2512,0,0,,,,-0.0325,,,,,,,,,,,
spelad,NO,2016,2016-05-11,,Bodo/Glimt,Valerenga,0,0,D,,,,,,,,,,,,,,,,,,,,0.3327,0.2678,0.3995,1,,,,2.97,3.67,2.5,,,,,-0.3099,0,4,0.75,0.5183,0.0064,0,0,,,,0.0089,,,,,,,,,,,
spelad,NO,2016,2016-05-11,,Haugesund,Odd,3,1,H,,,,,,,,,,,,,,,,,,,,0.3001,0.2795,0.4204,1,,,,3.35,3.55,2.39,,,,,0.0465,0,8,-1.5,-0.5604,0.0051,0,0,,,,-0.0091,,,,,,,,,,,
spelad,NO,2016,2016-05-11,,Lillestrom,Brann,1,0,H,,,,,,,,,,,,,,,,,,,,0.4764,0.2705,0.253,1,,,,2.05,3.61,4.3,,,,,-0.5256,0,6,0.5,0.3021,-0.0823,-1,0,,,,0.0085,,,,,,,,,,,
spelad,NO,2016,2016-05-11,,Molde,Stromsgodset,4,2,H,,,,,,,,,,,,,,,,,,,,0.5301,0.2482,0.2217,1,,,,1.84,3.93,4.9,,,,,-0.0973,-1,8,-0.75,-0.483,0.0033,0,0,,,,-0.0193,,,,,,,,,,,
spelad,NO,2016,2016-05-12,,Sarpsborg 08,Aalesund,1,0,H,,,,,,,,,,,,,,,,,,,,0.5481,0.2439,0.208,1,,,,1.9,4.02,5.1,,,,,0.9278,0,6,0,0.0436,0.0748,0,0,,,,-0.0422,,,,,,,,,,,
spelad,NO,2016,2016-05-12,,Sogndal,Tromso,0,0,D,,,,,,,,,,,,,,,,,,,,0.5393,0.2638,0.1968,1,,,,1.9,3.75,5.1,,,,,0.4298,-1,4,0.75,0.5839,0.5003,1,0,,,,-0.042,,,,,,,,,,,
spelad,NO,2016,2016-05-12,,Stabaek,Viking,1,0,H,,,,,,,,,,,,,,,,,,,,0.3413,0.2862,0.3725,1,,,,2.86,3.48,2.65,,,,,-0.6183,-1,6,-1.5,-0.3464,-0.0748,0,0,,,,0.0104,,,,,,,,,,,
spelad,NO,2016,2016-05-12,,Start,Rosenborg,0,2,A,,,,,,,,,,,,,,,,,,,,0.1044,0.1775,0.718,1,,,,9.78,6.15,1.37,,,,,-0.9258,1,6,-2.5,-0.6525,-0.0451,0,0,,,,0.0202,,,,,,,,,,,
spelad,NO,2016,2016-05-16,,Aalesund,Start,1,1,D,,,,,,,,,,,,,,,,,,,,0.5801,0.2299,0.19,1,,,,1.75,4.3,5.5,,,,,-0.0622,0,6,0,-0.1278,0.0743,0,0,,,,-0.0179,,,,,,,,,,,
spelad,NO,2016,2016-05-16,,Brann,Stabaek,1,0,H,,,,,,,,,,,,,,,,,,,,0.4734,0.2665,0.2601,1,,,,2.06,3.66,4.2,,,,,0.8834,1,4,0.75,-0.1119,0.0181,0,0,,,,0.012,,,,,,,,,,,
spelad,NO,2016,2016-05-16,,Odd,Molde,2,0,H,,,,,,,,,,,,,,,,,,,,0.4203,0.2499,0.3298,1,,,,2.35,3.8,3.15,,,,,-0.1069,0,8,0,0.2255,0.252,0,0,,,,0.0052,,,,,,,,,,,
spelad,NO,2016,2016-05-16,,Rosenborg,Lillestrom,2,1,H,,,,,,,,,,,,,,,,,,,,0.7816,0.1452,0.0732,1,,,,1.26,6.8,13.5,,,,,0.0595,-1,8,2.25,0.5048,0.0363,0,0,,,,-0.0442,,,,,,,,,,,
spelad,NO,2016,2016-05-16,,Stromsgodset,Sarpsborg 08,4,0,H,,,,,,,,,,,,,,,,,,,,0.588,0.2319,0.1801,1,,,,1.68,4.35,5.5,,,,,-0.2105,1,6,1.5,0.0702,0.2676,0,0,,,,-0.0365,,,,,,,,,,,
spelad,NO,2016,2016-05-16,,Tromso,Bodo/Glimt,1,2,A,,,,,,,,,,,,,,,,,,,,0.4536,0.2724,0.274,1,,,,2.2,3.62,3.7,,,,,0.6459,-1,,,,,0,0,,,,-0.0218,,,,,,,,,,,
spelad,NO,2016,2016-05-16,,Valerenga,Haugesund,0,1,A,,,,,,,,,,,,,,,,,,,,0.5323,0.2336,0.2341,1,,,,2,4.17,4.2,,,,,-0.3772,0,8,0.375,0.2502,-0.132,0,0,,,,-0.0716,,,,,,,,,,,
spelad,NO,2016,2016-05-16,,Viking,Sogndal,0,0,D,,,,,,,,,,,,,,,,,,,,0.5495,0.2528,0.1976,1,,,,1.75,3.95,5.4,,,,,-0.1068,0,6,1.5,0.4219,-0.0973,0,0,,,,0.0167,,,,,,,,,,,
spelad,NO,2016,2016-05-20,,Sarpsborg 08,Odd,0,0,D,,,,,,,,,,,,,,,,,,,,0.326,0.2746,0.3995,1,,,,3.3,3.55,2.45,,,,,0.0391,0,6,-0.5,0.0076,0.2528,0,0,,,,-0.025,,,,,,,,,,,
spelad,NO,2016,2016-05-21,,Molde,Brann,2,0,H,,,,,,,,,,,,,,,,,,,,0.5978,0.2337,0.1686,1,,,,1.67,4.4,6.5,,,,,-0.6359,0,6,1,0.1034,-0.2264,0,0,,,,-0.035,,,,,,,,,,,
spelad,NO,2016,2016-05-21,,Stabaek,Tromso,0,3,A,,,,,,,,,,,,,,,,,,,,0.5216,0.2622,0.2163,1,,,,1.88,3.9,4.9,,,,,-0.0717,0,4,0,0.4619,-0.2354,0,0,,,,-0.0054,,,,,,,,,,,
spelad,NO,2016,2016-05-22,,Bodo/Glimt,Aalesund,0,1,A,,,,,,,,,,,,,,,,,,,,0.5459,0.2431,0.211,1,,,,1.81,4.1,5,,,,,-0.0408,0,4,-0.75,-0.2775,-0.0048,0,0,,,,-0.0231,,,,,,,,,,,
spelad,NO,2016,2016-05-22,,Haugesund,Rosenborg,1,1,D,,,,,,,,,,,,,,,,,,,,0.2459,0.2497,0.5045,1,,,,4.6,3.9,1.97,,,,,0.1854,0,8,-1.125,-0.0508,-0.0987,0,0,,,,-0.0079,,,,,,,,,,,
spelad,NO,2016,2016-05-22,,Lillestrom,Viking,1,2,A,,,,,,,,,,,,,,,,,,,,0.3825,0.2811,0.3364,1,,,,2.56,3.53,3.2,,,,,0.7858,0,8,-0.375,0.0151,0.1151,0,0,,,,0.0176,,,,,,,,,,,
spelad,NO,2016,2016-05-22,,Sogndal,Start,2,2,D,,,,,,,,,,,,,,,,,,,,0.5676,0.2447,0.1877,1,,,,1.78,4,5.6,,,,,0.4265,0,4,-0.75,-0.1479,-0.0119,0,0,,,,-0.0326,,,,,,,,,,,
spelad,NO,2016,2016-05-22,,Stromsgodset,Valerenga,3,2,H,,,,,,,,,,,,,,,,,,,,0.6626,0.1996,0.1378,1,,,,1.55,5.2,7.75,,,,,0.4853,0,8,0,-0.4267,0.0138,0,0,,,,-0.0376,,,,,,,,,,,
spelad,NO,2016,2016-05-28,,Rosenborg,Molde,3,1,H,,,,,,,,,,,,,,,,,,,,0.5915,0.2233,0.1852,1,,,,1.7,4.37,5.5,,,,,0.1052,-1,8,-1.5,-0.7505,-0.0021,0,0,,,,-0.0219,,,,,,,,,,,
spelad,NO,2016,2016-05-28,,Tromso,Sarpsborg 08,1,2,A,,,,,,,,,,,,,,,,,,,,0.4109,0.2799,0.3092,1,,,,2.41,3.48,3.28,,,,,-0.6703,-1,4,-1.5,-0.8608,-0.2593,0,0,,,,-0.0167,,,,,,,,,,,
spelad,NO,2016,2016-05-29,,Aalesund,Valerenga,2,2,D,,,,,,,,,,,,,,,,,,,,0.3377,0.2719,0.3904,1,,,,2.94,3.61,2.7,,,,,-0.0157,0,8,1.125,0.6587,-0.1218,0,0,,,,0.0035,,,,,,,,,,,
spelad,NO,2016,2016-05-29,,Brann,Haugesund,1,0,H,,,,,,,,,,,,,,,,,,,,0.4711,0.2763,0.2526,1,,,,2.22,3.53,3.86,,,,,-0.4569,1,6,-1,-0.3989,-0.2479,0,0,,,,-0.0506,,,,,,,,,,,
spelad,NO,2016,2016-05-29,,Odd,Stromsgodset,2,1,H,,,,,,,,,,,,,,,,,,,,0.4239,0.2723,0.3037,1,,,,2.3,3.75,3.55,,,,,-0.4363,2,8,-0.375,0.1208,-0.1245,0,0,,,,0.0427,,,,,,,,,,,
spelad,NO,2016,2016-05-29,,Sogndal,Lillestrom,2,2,D,,,,,,,,,,,,,,,,,,,,0.5088,0.2662,0.2251,1,,,,2,3.72,4.34,,,,,-0.3538,0,6,-1.5,-0.4831,-0.0955,0,0,,,,-0.0346,,,,,,,,,,,
spelad,NO,2016,2016-05-29,,Start,Stabaek,0,5,A,,,,,,,,,,,,,,,,,,,,0.3693,0.285,0.3457,1,,,,2.64,3.45,2.88,,,,,0.3034,-1,4,0,0.2271,-0.2404,0,0,,,,0.0218,,,,,,,,,,,
spelad,NO,2016,2016-05-29,,Viking,Bodo/Glimt,2,0,H,,,,,,,,,,,,,,,,,,,,0.6874,0.1952,0.1173,1,,,,1.55,5,8.32,,,,,0.7186,0,4,0,-0.2241,-0.2383,0,0,,,,-0.0684,,,,,,,,,,,
spelad,NO,2016,2016-07-01,,Lillestrom,Tromso,2,4,A,,,,,,,,,,,,,,,,,,,,0.4978,0.263,0.2392,1,,,,1.98,3.76,4.36,,,,,0.4187,,6,0.5,0.5729,-0.0809,0,0,,,,0.0005,,,,,,,,,,,
spelad,NO,2016,2016-07-02,,Bodo/Glimt,Rosenborg,0,0,D,,,,,,,,,,,,,,,,,,,,0.1427,0.2024,0.6549,1,,,,7.33,5.15,1.49,,,,,-0.9103,,4,0,0.4417,0.2965,0,0,,,,0.0105,,,,,,,,,,,
spelad,NO,2016,2016-07-02,,Haugesund,Start,2,1,H,,,,,,,,,,,,,,,,,,,,0.6506,0.2122,0.1373,1,,,,1.51,5,7.55,,,,,1.1547,,6,1,0.5873,-0.2613,0,0,,,,-0.0267,,,,,,,,,,,
spelad,NO,2016,2016-07-03,,Molde,Viking,0,1,A,,,,,,,,,,,,,,,,,,,,0.5494,0.2421,0.2085,1,,,,1.78,4.25,5.45,,,,,-0.074,,8,-0.375,-0.483,-0.1272,0,0,,,,0.0324,,,,,,,,,,,
spelad,NO,2016,2016-07-03,,Sarpsborg 08,Brann,1,0,H,,,,,,,,,,,,,,,,,,,,0.4758,0.2803,0.2439,1,,,,2.1,3.5,4.4,,,,,0.2722,,4,1.5,1.122,-0.2392,0,0,,,,-0.0235,,,,,,,,,,,
spelad,NO,2016,2016-07-03,,Stabaek,Sogndal,0,1,A,,,,,,,,,,,,,,,,,,,,0.4353,0.2762,0.2885,1,,,,2.28,3.62,3.58,,,,,-0.1837,,4,1.5,1.2053,-0.2564,0,0,,,,-0.0044,,,,,,,,,,,
spelad,NO,2016,2016-07-03,,Valerenga,Odd,0,1,A,,,,,,,,,,,,,,,,,,,,0.3332,0.2667,0.4001,1,,,,3.14,3.66,2.49,,,,,-0.5978,,8,0,0.1916,-0.0056,0,0,,,,0.0005,,,,,,,,,,,
spelad,NO,2016,2016-07-04,,Stromsgodset,Aalesund,4,2,H,,,,,,,,,,,,,,,,,,,,0.7122,0.1736,0.1142,1,,,,1.42,5.62,8.54,,,,,0.3722,,8,0.75,0.0772,-0.2431,0,0,,,,-0.0627,,,,,,,,,,,
spelad,NO,2016,2016-07-08,,Start,Bodo/Glimt,1,4,A,,,,,,,,,,,,,,,,,,,,0.3695,0.2732,0.3573,1,,,,2.64,3.67,2.82,,,,,-0.0568,0,4,-0.75,-0.4625,0.0025,0,0,,,,0.0159,,,,,,,,,,,
spelad,NO,2016,2016-07-09,,Brann,Valerenga,4,1,H,,,,,,,,,,,,,,,,,,,,0.4372,0.2778,0.2851,1,,,,2.3,3.52,3.66,,,,,0.5534,0,6,-1,-0.5319,0.0733,0,0,,,,-0.0192,,,,,,,,,,,
spelad,NO,2016,2016-07-09,,Rosenborg,Sarpsborg 08,5,2,H,,,,,,,,,,,,,,,,,,,,0.7511,0.1588,0.0901,1,,,,1.35,6.2,11.5,,,,,-0.7085,1,6,2.5,0.6133,-0.0366,0,0,,,,-0.0619,,,,,,,,,,,
spelad,NO,2016,2016-07-09,,Sogndal,Molde,4,3,H,,,,,,,,,,,,,,,,,,,,0.3253,0.278,0.3967,1,,,,3.02,3.6,2.55,,,,,0.5512,0,6,-1,0.169,-0.2322,0,0,,,,0.0079,,,,,,,,,,,
spelad,NO,2016,2016-07-09,,Tromso,Haugesund,2,2,D,,,,,,,,,,,,,,,,,,,,0.3837,0.262,0.3544,1,,,,2.54,3.72,3.32,,,,,-0.4292,1,6,1.5,0.6935,-0.0848,0,0,,,,0.0404,,,,,,,,,,,
spelad,NO,2016,2016-07-09,,Viking,Stromsgodset,0,1,A,,,,,,,,,,,,,,,,,,,,0.3919,0.2772,0.3308,1,,,,2.52,3.65,3,,,,,0.3227,1,8,-0.75,-0.189,-0.009,0,0,,,,0.0049,,,,,,,,,,,
spelad,NO,2016,2016-07-10,,Lillestrom,Stabaek,1,2,A,,,,,,,,,,,,,,,,,,,,0.4692,0.2582,0.2726,1,,,,2.14,3.87,3.8,,,,,0.5415,2,6,-1,-0.5428,-0.2383,0,0,,,,-0.0054,,,,,,,,,,,
spelad,NO,2016,2016-07-10,,Odd,Aalesund,4,1,H,,,,,,,,,,,,,,,,,,,,0.7397,0.1641,0.0962,1,,,,1.35,6.5,10.5,,,,,0.4447,1,8,0.75,0.1724,0.0032,0,0,,,,-0.0497,,,,,,,,,,,
spelad,NO,2016,2016-07-15,,Valerenga,Sogndal,1,1,D,,,,,,,,,,,,,,,,,,,,0.4712,0.2755,0.2533,1,,,,2.17,3.62,3.87,,,,,-1.1457,0,7,-0.4286,-0.2381,-0.2684,0,0,,,,-0.0513,,,,,,,,,,,
spelad,NO,2016,2016-07-16,,Aalesund,Rosenborg,1,1,D,,,,,,,,,,,,,,,,,,,,0.1272,0.1952,0.6776,1,,,,8.4,5.1,1.48,,,,,-0.4319,-1,9,-2,-0.5606,0.1072,0,0,,,,0.0134,,,,,,,,,,,
spelad,NO,2016,2016-07-16,,Haugesund,Viking,4,1,H,,,,,,,,,,,,,,,,,,,,0.4432,0.2701,0.2868,1,,,,2.37,3.62,3.4,,,,,-0.0767,0,9,0,0.2198,0.0672,0,0,,,,-0.0422,,,,,,,,,,,
spelad,NO,2016,2016-07-17,,Bodo/Glimt,Odd,2,1,H,,,,,,,,,,,,,,,,,,,,0.2478,0.2478,0.5045,1,,,,3.93,3.93,2,,,,,-0.6735,2,5,-3,-0.784,-0.2063,0,0,,,,0.0261,,,,,,,,,,,
spelad,NO,2016,2016-07-17,,Molde,Start,2,2,D,,,,,,,,,,,,,,,,,,,,0.7605,0.1565,0.0831,1,,,,1.31,6.34,11.72,,,,,0.0997,-1,7,0.8571,-0.2523,0.2163,0,0,,,,-0.0619,,,,,,,,,,,
spelad,NO,2016,2016-07-17,,Sarpsborg 08,Lillestrom,3,0,H,,,,,,,,,,,,,,,,,,,,0.5536,0.24,0.2064,1,,,,1.8,4.06,5,,,,,0.8449,1,7,-1.2857,-0.483,0.0247,0,0,,,,-0.0178,,,,,,,,,,,
spelad,NO,2016,2016-07-17,,Stabaek,Brann,1,1,D,,,,,,,,,,,,,,,,,,,,0.4018,0.295,0.3032,1,,,,2.47,3.42,3.4,,,,,-0.1852,-1,5,-1.2,-0.1343,-0.0388,0,0,,,,0.0041,,,,,,,,,,,
spelad,NO,2016,2016-07-17,,Stromsgodset,Tromso,1,0,H,,,,,,,,,,,,,,,,,,,,0.6261,0.222,0.1519,1,,,,1.58,4.55,6.8,,,,,0.097,0,7,0.8571,0.1924,-0.1148,0,0,,,,-0.0318,,,,,,,,,,,
spelad,NO,2016,2016-07-22,,Brann,Aalesund,6,0,H,,,,,,,,,,,,,,,,,,,,0.6595,0.2131,0.1274,1,,,,1.55,4.8,7.66,,,,,0.5417,-1,7,1.7143,0.9749,-0.1154,0,0,,,,-0.0636,,,,,,,,,,,
spelad,NO,2016,2016-07-23,,Molde,Sarpsborg 08,0,1,A,,,,,,,,,,,,,,,,,,,,0.5541,0.2361,0.2097,1,,,,1.8,4.34,4.7,,,,,-1.0307,0,7,0.8571,-0.1619,-0.076,0,0,,,,-0.0352,,,,,,,,,,,
spelad,NO,2016,2016-07-23,,Rosenborg,Haugesund,6,0,H,,,,,,,,,,,,,,,,,,,,0.673,0.1967,0.1303,1,,,,1.52,4.96,7.49,,,,,-0.5832,0,9,1,0.048,-0.0043,0,0,,,,-0.0568,,,,,,,,,,,
spelad,NO,2016,2016-07-24,,Lillestrom,Stromsgodset,2,0,H,,,,,,,,,,,,,,,,,,,,0.2408,0.2539,0.5053,1,,,,4.05,3.97,2.06,,,,,-1.2085,0,9,-1.6667,-0.4526,-0.0205,0,0,,,,0.0461,,,,,,,,,,,
spelad,NO,2016,2016-07-24,,Odd,Viking,2,2,D,,,,,,,,,,,,,,,,,,,,0.5953,0.2364,0.1683,1,,,,1.78,4.17,6,,,,,0.1397,-1,9,0,0.0392,0.0699,0,0,,,,-0.0674,,,,,,,,,,,
spelad,NO,2016,2016-07-24,,Sogndal,Bodo/Glimt,2,2,D,,,,,,,,,,,,,,,,,,,,0.5452,0.2477,0.2072,1,,,,1.85,3.94,4.76,,,,,0.0297,2,3,-3,-1.108,-0.2646,0,0,,,,-0.0295,,,,,,,,,,,
spelad,NO,2016,2016-07-24,,Start,Valerenga,2,4,A,,,,,,,,,,,,,,,,,,,,0.3229,0.2709,0.4063,1,,,,3.15,3.6,2.42,,,,,0.191,-2,7,-0.4286,0.0444,0.0534,0,0,,,,-0.0113,,,,,,,,,,,
spelad,NO,2016,2016-07-24,,Tromso,Stabaek,2,2,D,,,,,,,,,,,,,,,,,,,,0.4591,0.2655,0.2755,1,,,,2.16,3.68,3.97,,,,,-0.0887,0,5,0.6,0.2367,-0.2408,0,0,,,,0.0251,,,,,,,,,,,
spelad,NO,2016,2016-07-29,,Sarpsborg 08,Start,1,0,H,,,,,,,,,,,,,,,,,,,,0.6671,0.198,0.1349,1,,,,1.47,4.95,8.4,,,,,1.2649,1,7,1.2857,0.6151,0.0283,0,0,,,,-0.008,,,,,,,,,,,
spelad,NO,2016,2016-07-31,,Aalesund,Lillestrom,2,0,H,,,,,,,,,,,,,,,,,,,,0.378,0.2762,0.3458,1,,,,2.6,3.77,2.88,,,,,0.194,2,9,-0.3333,-0.3849,0.4101,0,0,,,,-0.0028,,,,,,,,,,,
spelad,NO,2016,2016-07-31,,Bodo/Glimt,Tromso,0,3,A,,,,,,,,,,,,,,,,,,,,0.483,0.2595,0.2575,1,,,,2.2,3.81,3.79,,,,,0.5002,0,3,1,0.9468,-0.2559,0,0,,,,-0.0377,,,,,,,,,,,
spelad,NO,2016,2016-07-31,,Haugesund,Sogndal,0,1,A,,,,,,,,,,,,,,,,,,,,0.4536,0.2732,0.2732,1,,,,2.2,3.7,3.77,,,,,0.496,1,7,-1.7143,-1.1665,0.1661,0,0,,,,-0.0195,,,,,,,,,,,
spelad,NO,2016,2016-07-31,,Odd,Brann,1,3,A,,,,,,,,,,,,,,,,,,,,0.5181,0.2728,0.209,1,,,,1.88,3.77,5.4,,,,,-0.1949,-2,7,0,-0.0212,-0.1079,0,0,,,,0.0047,,,,,,,,,,,
spelad,NO,2016,2016-07-31,,Stromsgodset,Stabaek,2,2,D,,,,,,,,,,,,,,,,,,,,0.6267,0.2227,0.1506,1,,,,1.59,4.4,6.61,,,,,0.1282,0,7,-0.4286,-0.5253,-0.2285,0,0,,,,-0.0403,,,,,,,,,,,
spelad,NO,2016,2016-08-01,,Valerenga,Molde,3,0,H,,,,,,,,,,,,,,,,,,,,0.3695,0.2637,0.3668,1,,,,2.77,3.7,2.72,,,,,0.206,-1,9,-2.3333,-0.682,-0.0054,0,0,,,,-0.0071,,,,,,,,,,,
spelad,NO,2016,2016-08-05,,Tromso,Aalesund,1,2,A,,,,,,,,,,,,,,,,,,,,0.5617,0.2401,0.1982,1,,,,1.78,4.2,5,,,,,-0.015,0,7,0,-0.1765,0.1669,0,0,,,,-0.0376,,,,,,,,,,,
spelad,NO,2016,2016-08-06,,Lillestrom,Rosenborg,3,4,A,,,,,,,,,,,,,,,,,,,,0.1598,0.2163,0.6239,1,,,,6.5,4.5,1.65,,,,,-0.7126,-7,9,-2.3333,-0.5215,0.0162,0,0,,,,0.0276,,,,,,,,,,,
spelad,NO,2016,2016-08-06,,Molde,Bodo/Glimt,3,2,H,,,,,,,,,,,,,,,,,,,,0.6837,0.1866,0.1297,1,,,,1.5,5.45,8.5,,,,,-1.3797,-1,5,1.2,-0.1186,-0.0024,0,0,,,,-0.034,,,,,,,,,,,
spelad,NO,2016,2016-08-07,,Brann,Stromsgodset,1,0,H,,,,,,,,,,,,,,,,,,,,0.4411,0.2746,0.2842,1,,,,2.3,3.58,3.45,,,,,0.4883,0,7,-1.2857,-0.2826,0.0527,0,0,,,,-0.0382,,,,,,,,,,,
spelad,NO,2016,2016-08-07,,Sarpsborg 08,Valerenga,0,2,A,,,,,,,,,,,,,,,,,,,,0.3981,0.2811,0.3208,1,,,,2.45,3.6,3.42,,,,,1.0628,3,7,-0.8571,-0.2518,0.1787,0,0,,,,0.048,,,,,,,,,,,
spelad,NO,2016,2016-08-07,,Sogndal,Viking,1,2,A,,,,,,,,,,,,,,,,,,,,0.4221,0.2876,0.2902,1,,,,2.31,3.5,3.62,,,,,0.3816,-7,7,-1.2857,-0.2562,0.0233,0,0,,,,0.0174,,,,,,,,,,,
spelad,NO,2016,2016-08-07,,Stabaek,Haugesund,0,1,A,,,,,,,,,,,,,,,,,,,,0.4473,0.2642,0.2885,1,,,,2.22,3.72,3.47,,,,,-0.2316,0,7,-2.1429,-0.8008,0.0355,0,0,,,,-0.0064,,,,,,,,,,,
spelad,NO,2016,2016-08-07,,Start,Odd,1,2,A,,,,,,,,,,,,,,,,,,,,0.1936,0.2302,0.5762,1,,,,5.5,4.23,1.7,,,,,-0.5332,2,7,-1.7143,-0.3476,-0.0902,0,0,,,,0.0104,,,,,,,,,,,
spelad,NO,2016,2016-08-11,,Viking,Rosenborg,0,2,A,,,,,,,,,,,,,,,,,,,,0.1876,0.2273,0.5852,1,,,,5.5,4.36,1.76,,,,,0.3203,-1,9,-2,-0.6004,0.0987,0,0,,,,0.0318,,,,,,,,,,,
spelad,NO,2016,2016-08-13,,Bodo/Glimt,Lillestrom,1,1,D,,,,,,,,,,,,,,,,,,,,0.4455,0.2561,0.2984,1,,,,2.19,3.95,3.68,,,,,0.6362,0,5,-2.4,-0.9412,-0.0464,0,0,,,,0.0503,,,,,,,,,,,
spelad,NO,2016,2016-08-13,,Valerenga,Brann,3,2,H,,,,,,,,,,,,,,,,,,,,0.4379,0.279,0.2831,1,,,,2.39,3.55,3.49,,,,,-0.5407,0,7,0.4286,0.2312,0.0231,0,0,,,,-0.0296,,,,,,,,,,,
spelad,NO,2016,2016-08-14,,Aalesund,Molde,0,2,A,,,,,,,,,,,,,,,,,,,,0.2656,0.2493,0.485,1,,,,3.67,3.97,2.06,,,,,1.4444,1,9,-3,-0.8262,-0.2281,0,0,,,,0.0182,,,,,,,,,,,
spelad,NO,2016,2016-08-14,,Haugesund,Tromso,2,1,H,,,,,,,,,,,,,,,,,,,,0.5381,0.251,0.2108,1,,,,1.86,3.9,4.75,,,,,-0.0459,-2,7,-1.2857,-0.5682,0.0327,0,0,,,,-0.0359,,,,,,,,,,,
spelad,NO,2016,2016-08-14,,Odd,Sarpsborg 08,0,0,D,,,,,,,,,,,,,,,,,,,,0.5704,0.242,0.1876,1,,,,1.76,4.1,5.35,,,,,-0.6749,0,7,0.4286,-0.2908,0.3203,0,0,,,,-0.0219,,,,,,,,,,,
spelad,NO,2016,2016-08-14,,Rosenborg,Sogndal,3,1,H,,,,,,,,,,,,,,,,,,,,0.7207,0.1822,0.0971,1,,,,1.36,5.75,10.9,,,,,-0.0192,-4,7,2.1429,0.3223,0.0699,0,0,,,,-0.0233,,,,,,,,,,,
spelad,NO,2016,2016-08-14,,Stromsgodset,Start,1,1,D,,,,,,,,,,,,,,,,,,,,0.7261,0.1725,0.1014,1,,,,1.35,6,9.91,,,,,0.5268,0,7,2.5714,0.8197,-0.0863,0,0,,,,-0.0345,,,,,,,,,,,
spelad,NO,2016,2016-08-14,,Viking,Stabaek,2,2,D,,,,,,,,,,,,,,,,,,,,0.5274,0.2508,0.2218,1,,,,1.88,3.89,4.66,,,,,0.6239,-4,7,0.8571,0.1605,-0.105,0,0,,,,-0.0115,,,,,,,,,,,
spelad,NO,2016,2016-08-19,,Valerenga,Bodo/Glimt,1,1,D,,,,,,,,,,,,,,,,,,,,0.6454,0.1985,0.1562,1,,,,1.54,4.95,7.5,,,,,0.2538,0,5,-0.6,-0.513,0.1516,0,0,,,,-0.0132,,,,,,,,,,,
spelad,NO,2016,2016-08-20,,Lillestrom,Haugesund,1,1,D,,,,,,,,,,,,,,,,,,,,0.3921,0.2781,0.3298,1,,,,2.49,3.66,3,,,,,-0.7525,1,9,0.6667,0.2252,0.2954,0,0,,,,0.0042,,,,,,,,,,,
spelad,NO,2016,2016-08-21,,Brann,Rosenborg,1,1,D,,,,,,,,,,,,,,,,,,,,0.3047,0.2731,0.4221,1,,,,3.55,3.68,2.31,,,,,0.2653,1,7,-1.2857,-0.0622,-0.2248,0,0,,,,-0.0063,,,,,,,,,,,
spelad,NO,2016,2016-08-21,,Molde,Odd,4,2,H,,,,,,,,,,,,,,,,,,,,0.4779,0.2621,0.26,1,,,,2.08,3.85,3.76,,,,,-0.7329,0,9,-0.3333,-0.5621,0.1962,0,0,,,,-0.025,,,,,,,,,,,
spelad,NO,2016,2016-08-21,,Sarpsborg 08,Stromsgodset,1,0,H,,,,,,,,,,,,,,,,,,,,0.403,0.2794,0.3176,1,,,,2.46,3.62,3.12,,,,,1.0781,0,7,-1.7143,-0.3998,0.1962,0,0,,,,-0.0001,,,,,,,,,,,
spelad,NO,2016,2016-08-21,,Stabaek,Aalesund,3,0,H,,,,,,,,,,,,,,,,,,,,0.5601,0.2326,0.2073,1,,,,1.78,4.19,4.8,,,,,-0.1315,0,7,-2.1429,-0.9638,0.0452,0,0,,,,-0.0436,,,,,,,,,,,
spelad,NO,2016,2016-08-21,,Start,Sogndal,1,1,D,,,,,,,,,,,,,,,,,,,,0.2983,0.2702,0.4316,1,,,,3.34,3.61,2.31,,,,,-0.8384,0,5,0.6,0.1663,0.1415,0,0,,,,0.0061,,,,,,,,,,,
spelad,NO,2016,2016-08-21,,Tromso,Viking,2,1,H,,,,,,,,,,,,,,,,,,,,0.3932,0.2739,0.3328,1,,,,2.55,3.62,3.02,,,,,-0.3545,0,7,0.4286,0.5078,-0.2704,0,0,,,,-0.0117,,,,,,,,,,,
spelad,NO,2016,2016-08-26,,Aalesund,Sarpsborg 08,2,2,D,,,,,,,,,,,,,,,,,,,,0.2833,0.2634,0.4533,1,,,,3.44,3.7,2.32,,,,,-0.552,0,7,-0.4286,-0.2254,0.0292,0,0,,,,0.0816,,,,,,,,,,,
spelad,NO,2016,2016-08-27,,Haugesund,Brann,3,2,H,,,,,,,,,,,,,,,,,,,,0.421,0.2775,0.3015,1,,,,2.5,3.52,3.26,,,,,-0.0953,1,7,0.4286,0.4067,-0.252,0,0,,,,-0.044,,,,,,,,,,,
spelad,NO,2016,2016-08-27,,Stromsgodset,Molde,0,2,A,,,,,,,,,,,,,,,,,,,,0.3695,0.268,0.3626,1,,,,2.66,3.65,2.89,,,,,0.1792,0,9,0.3333,0.3249,-0.0247,0,0,,,,0.0288,,,,,,,,,,,
spelad,NO,2016,2016-08-28,,Bodo/Glimt,Start,2,0,H,,,,,,,,,,,,,,,,,,,,0.5804,0.23,0.1897,1,,,,1.73,4.25,5.2,,,,,0.6658,2,5,1.2,0.699,-0.0526,0,0,,,,-0.0414,,,,,,,,,,,
spelad,NO,2016,2016-08-28,,Odd,Valerenga,1,2,A,,,,,,,,,,,,,,,,,,,,0.5619,0.2373,0.2008,1,,,,1.81,4.16,4.87,,,,,-0.6867,-2,9,0.3333,0.005,-0.0346,0,0,,,,-0.0474,,,,,,,,,,,
spelad,NO,2016,2016-08-28,,Rosenborg,Tromso,3,1,H,,,,,,,,,,,,,,,,,,,,0.768,0.1494,0.0827,1,,,,1.29,6.7,12.88,,,,,0.0038,0,7,0.8571,-0.1118,0.1898,0,0,,,,-0.0354,,,,,,,,,,,
spelad,NO,2016,2016-08-28,,Sogndal,Stabaek,1,1,D,,,,,,,,,,,,,,,,,,,,0.4473,0.2826,0.2701,1,,,,2.18,3.59,3.75,,,,,0.2951,0,5,-0.6,-0.3875,-0.2603,0,0,,,,0.0114,,,,,,,,,,,
spelad,NO,2016,2016-08-28,,Viking,Lillestrom,2,2,D,,,,,,,,,,,,,,,,,,,,0.5085,0.2697,0.2219,1,,,,1.92,3.86,4.8,,,,,0.4533,-1,9,0.6667,0.0743,0.0711,0,0,,,,0.043,,,,,,,,,,,
spelad,NO,2016,2016-09-09,,Start,Aalesund,1,4,A,,,,,,,,,,,,,,,,,,,,0.4203,0.2642,0.3155,1,,,,2.38,3.82,3.1,,,,,-0.6246,-2,7,0,0.0745,0.1737,0,0,,,,-0.0235,,,,,,,,,,,
spelad,NO,2016,2016-09-10,,Brann,Viking,0,0,D,,,,,,,,,,,,,,,,,,,,0.4282,0.2846,0.2872,1,,,,2.35,3.58,3.48,,,,,0.8991,1,7,0,0.4069,-0.1037,0,0,,,,0.0008,,,,,,,,,,,
spelad,NO,2016,2016-09-10,,Valerenga,Stromsgodset,1,1,D,,,,,,,,,,,,,,,,,,,,0.5083,0.2582,0.2335,1,,,,2,3.97,4.25,,,,,1.3544,-1,9,-0.3333,0.2989,-0.0099,0,0,,,,-0.0291,,,,,,,,,,,
spelad,NO,2016,2016-09-11,,Lillestrom,Odd,2,4,A,,,,,,,,,,,,,,,,,,,,0.2991,0.2732,0.4277,1,,,,3.26,3.67,2.4,,,,,0.4774,0,9,0.3333,0.4417,-0.0287,0,0,,,,0.0298,,,,,,,,,,,
spelad,NO,2016,2016-09-11,,Molde,Haugesund,0,0,D,,,,,,,,,,,,,,,,,,,,0.539,0.2397,0.2212,1,,,,1.82,4.1,4.8,,,,,-0.5266,0,9,-1,-1.0938,0.2111,0,0,,,,0.0056,,,,,,,,,,,
spelad,NO,2016,2016-09-11,,Sarpsborg 08,Bodo/Glimt,1,2,A,,,,,,,,,,,,,,,,,,,,0.5845,0.2324,0.1831,1,,,,1.69,4.2,5.65,,,,,0.1168,2,5,1.2,0.6129,-0.0586,0,0,,,,-0.0155,,,,,,,,,,,
spelad,NO,2016,2016-09-11,,Stabaek,Rosenborg,0,2,A,,,,,,,,,,,,,,,,,,,,0.1854,0.2339,0.5806,1,,,,5.5,4.2,1.7,,,,,-0.2009,0,7,-1.2857,0.2193,-0.1875,0,0,,,,0.0015,,,,,,,,,,,
spelad,NO,2016,2016-09-11,,Tromso,Sogndal,2,0,H,,,,,,,,,,,,,,,,,,,,0.4371,0.2936,0.2693,1,,,,2.24,3.5,3.62,,,,,-0.1178,0,5,-0.6,-0.8382,0.5475,0,0,,,,-0.013,,,,,,,,,,,
spelad,NO,2016,2016-09-16,,Haugesund,Valerenga,1,1,D,,,,,,,,,,,,,,,,,,,,0.4471,0.2824,0.2705,1,,,,2.2,3.7,3.57,,,,,-0.2979,-1,9,0,0.1242,-0.1433,0,0,,,,-0.027,,,,,,,,,,,
spelad,NO,2016,2016-09-17,,Tromso,Lillestrom,2,1,H,,,,,,,,,,,,,,,,,,,,0.522,0.2562,0.2218,1,,,,1.9,4.06,4.5,,,,,0.3674,0,7,0,-0.1332,-0.1069,0,0,,,,-0.0141,,,,,,,,,,,
spelad,NO,2016,2016-09-17,,Viking,Molde,1,0,H,,,,,,,,,,,,,,,,,,,,0.3739,0.2764,0.3497,1,,,,2.85,3.57,2.79,,,,,-0.2895,1,9,0.6667,0.7793,-0.14,0,0,,,,-0.0416,,,,,,,,,,,
spelad,NO,2016,2016-09-18,,Aalesund,Stromsgodset,4,2,H,,,,,,,,,,,,,,,,,,,,0.299,0.2559,0.4451,1,,,,3.42,3.81,2.27,,,,,1.297,1,9,-1,0.0901,-0.2354,0,0,,,,-0.0087,,,,,,,,,,,
spelad,NO,2016,2016-09-18,,Bodo/Glimt,Brann,1,3,A,,,,,,,,,,,,,,,,,,,,0.3509,0.2852,0.3639,1,,,,2.9,3.5,2.7,,,,,0.2255,-1,3,1,0.8304,-0.2476,0,0,,,,-0.015,,,,,,,,,,,
spelad,NO,2016,2016-09-18,,Odd,Stabaek,0,1,A,,,,,,,,,,,,,,,,,,,,0.5902,0.2308,0.179,1,,,,1.65,4.26,6.2,,,,,-0.5574,0,7,2.1429,0.7521,-0.2292,0,0,,,,-0.0035,,,,,,,,,,,
spelad,NO,2016,2016-09-18,,Rosenborg,Start,2,0,H,,,,,,,,,,,,,,,,,,,,0.8682,0.0899,0.0419,1,,,,1.13,11,28.72,,,,,0.8996,-2,7,2.5714,0.6935,-0.0641,0,0,,,,-0.039,,,,,,,,,,,
spelad,NO,2016,2016-09-18,,Sogndal,Sarpsborg 08,3,0,H,,,,,,,,,,,,,,,,,,,,0.417,0.3002,0.2828,1,,,,2.36,3.48,3.45,,,,,-0.6233,0,5,0,-0.0241,0.3244,0,0,,,,-0.0162,,,,,,,,,,,
spelad,NO,2016,2016-09-24,,Molde,Rosenborg,1,3,A,,,,,,,,,,,,,,,,,,,,0.2868,0.2533,0.4599,1,,,,3.5,3.85,2.2,,,,,-0.6431,1,9,1,0.5825,-0.0267,0,0,,,,0.0113,,,,,,,,,,,
spelad,NO,2016,2016-09-24,,Sarpsborg 08,Viking,1,0,H,,,,,,,,,,,,,,,,,,,,0.4031,0.293,0.3039,1,,,,2.42,3.52,3.5,,,,,-0.0571,-1,7,-1.2857,-0.3587,0.0341,0,0,,,,0.0477,,,,,,,,,,,
spelad,NO,2016,2016-09-25,,Brann,Tromso,1,0,H,,,,,,,,,,,,,,,,,,,,0.5909,0.2396,0.1696,1,,,,1.65,4.07,6.5,,,,,0.0785,-1,5,-1.8,-0.4981,-0.2447,0,0,,,,-0.0065,,,,,,,,,,,
spelad,NO,2016,2016-09-25,,Lillestrom,Sogndal,1,2,A,,,,,,,,,,,,,,,,,,,,0.4495,0.2694,0.2811,1,,,,2.24,3.67,3.77,,,,,-0.0967,1,7,1.2857,0.5043,0.023,0,0,,,,0.0127,,,,,,,,,,,
spelad,NO,2016,2016-09-25,,Start,Haugesund,1,0,H,,,,,,,,,,,,,,,,,,,,0.2357,0.2561,0.5082,1,,,,5,4,1.93,,,,,-0.7853,-2,7,-1.2857,-0.3686,-0.2542,0,0,,,,-0.0344,,,,,,,,,,,
spelad,NO,2016,2016-09-25,,Stromsgodset,Odd,1,1,D,,,,,,,,,,,,,,,,,,,,0.4047,0.2724,0.3229,1,,,,2.47,3.62,3.05,,,,,-0.4031,0,9,0,-0.1283,-0.1409,0,0,,,,-0.0179,,,,,,,,,,,
spelad,NO,2016,2016-09-25,,Valerenga,Aalesund,0,1,A,,,,,,,,,,,,,,,,,,,,0.6021,0.2172,0.1806,1,,,,1.65,4.49,6,,,,,0.2086,2,9,-1,-0.5265,-0.0273,0,0,,,,0.0044,,,,,,,,,,,
spelad,NO,2016,2016-09-26,,Stabaek,Bodo/Glimt,1,0,H,,,,,,,,,,,,,,,,,,,,0.4734,0.2679,0.2587,1,,,,2.08,3.75,3.87,,,,,0.2064,0,5,0,-0.0681,-0.0479,0,0,,,,0.0008,,,,,,,,,,,
spelad,NO,2016,2016-09-30,,Bodo/Glimt,Stromsgodset,4,2,H,,,,,,,,,,,,,,,,,,,,0.3644,0.2766,0.359,1,,,,2.7,3.67,2.75,,,,,0.8184,-1,5,-3,-0.824,-0.2132,0,0,,,,0.0078,,,,,,,,,,,
spelad,NO,2016,2016-10-01,,Sogndal,Brann,0,0,D,,,,,,,,,,,,,,,,,,,,0.3375,0.2929,0.3695,1,,,,3.02,3.33,2.7,,,,,-0.2651,0,7,-0.4286,0.0605,-0.2541,0,0,,,,0.0066,,,,,,,,,,,
spelad,NO,2016,2016-10-01,,Stabaek,Lillestrom,1,2,A,,,,,,,,,,,,,,,,,,,,0.422,0.2954,0.2826,1,,,,2.42,3.6,3.7,,,,,1.1015,-1,7,1.2857,0.9443,-0.2411,0,0,,,,0.0067,,,,,,,,,,,
spelad,NO,2016,2016-10-02,,Aalesund,Odd,1,0,H,,,,,,,,,,,,,,,,,,,,0.2802,0.2664,0.4535,1,,,,3.5,3.7,2.26,,,,,1.6402,0,9,-1,-0.2064,-0.0154,0,0,,,,0.0259,,,,,,,,,,,
spelad,NO,2016,2016-10-02,,Haugesund,Sarpsborg 08,1,1,D,,,,,,,,,,,,,,,,,,,,0.5239,0.2605,0.2156,1,,,,2,3.74,4.6,,,,,0.1853,-1,7,0,0.0566,-0.1191,0,0,,,,-0.0599,,,,,,,,,,,
spelad,NO,2016,2016-10-02,,Rosenborg,Valerenga,3,1,H,,,,,,,,,,,,,,,,,,,,0.6906,0.1787,0.1307,1,,,,1.42,5.45,8.12,,,,,0.2965,1,9,2,0.4502,0.1043,0,0,,,,-0.0243,,,,,,,,,,,
spelad,NO,2016,2016-10-02,,Tromso,Molde,0,2,A,,,,,,,,,,,,,,,,,,,,0.3764,0.2851,0.3385,1,,,,2.7,3.52,2.96,,,,,0.2234,-1,7,-1.2857,-0.249,0.0487,0,0,,,,0.0006,,,,,,,,,,,
spelad,NO,2016,2016-10-02,,Viking,Start,2,0,H,,,,,,,,,,,,,,,,,,,,0.6733,0.2042,0.1225,1,,,,1.46,4.95,8.25,,,,,-0.005,1,7,2.1429,0.8599,-0.2434,0,0,,,,-0.0281,,,,,,,,,,,
spelad,NO,2016,2016-10-14,,Stromsgodset,Viking,1,1,D,,,,,,,,,,,,,,,,,,,,0.4924,0.2686,0.239,1,,,,2,3.68,4.15,,,,,-0.7267,2,9,1,0.3683,-0.0388,0,0,,,,-0.0322,,,,,,,,,,,
spelad,NO,2016,2016-10-15,,Aalesund,Bodo/Glimt,1,0,H,,,,,,,,,,,,,,,,,,,,0.4149,0.2686,0.3165,1,,,,2.37,3.77,3.2,,,,,0.7826,-2,5,1.2,0.6506,-0.0525,0,0,,,,-0.0078,,,,,,,,,,,
spelad,NO,2016,2016-10-15,,Sarpsborg 08,Rosenborg,2,2,D,,,,,,,,,,,,,,,,,,,,0.2004,0.229,0.5706,1,,,,5.25,4.33,1.78,,,,,-0.8827,0,7,-2.5714,-0.5556,-0.054,0,0,,,,0.0052,,,,,,,,,,,
spelad,NO,2016,2016-10-16,,Brann,Lillestrom,1,2,A,,,,,,,,,,,,,,,,,,,,0.5614,0.2557,0.1829,1,,,,1.75,4.4,6,,,,,0.4543,0,7,-0.8571,-0.3355,-0.1092,0,0,,,,0.019,,,,,,,,,,,
spelad,NO,2016,2016-10-16,,Molde,Sogndal,0,0,D,,,,,,,,,,,,,,,,,,,,0.6201,0.2248,0.155,1,,,,1.6,4.36,6.8,,,,,0.5872,-1,7,0.4286,-0.1555,-0.2388,0,0,,,,-0.0164,,,,,,,,,,,
spelad,NO,2016,2016-10-16,,Odd,Haugesund,2,1,H,,,,,,,,,,,,,,,,,,,,0.4853,0.2658,0.2489,1,,,,2.06,3.67,4.2,,,,,-0.7949,0,9,1,0.3225,-0.0265,0,0,,,,-0.0044,,,,,,,,,,,
spelad,NO,2016,2016-10-16,,Start,Tromso,2,1,H,,,,,,,,,,,,,,,,,,,,0.2506,0.2545,0.4949,1,,,,4.05,3.84,2.02,,,,,-0.0347,0,5,0.6,0.4424,0.1451,0,0,,,,0.0199,,,,,,,,,,,
spelad,NO,2016,2016-10-16,,Valerenga,Stabaek,1,1,D,,,,,,,,,,,,,,,,,,,,0.5298,0.2606,0.2096,1,,,,1.87,3.9,4.75,,,,,0.0067,-1,7,-0.4286,-0.3667,-0.2444,0,0,,,,-0.0174,,,,,,,,,,,
spelad,NO,2016,2016-10-21,,Viking,Aalesund,2,3,A,,,,,,,,,,,,,,,,,,,,0.5451,0.2446,0.2103,1,,,,1.9,4.16,4.64,,,,,-1.1377,1,9,0.3333,-0.005,-0.0366,0,0,,,,-0.0577,,,,,,,,,,,
spelad,NO,2016,2016-10-22,,Brann,Molde,2,1,H,,,,,,,,,,,,,,,,,,,,0.384,0.292,0.324,1,,,,2.56,3.4,3.17,,,,,-0.5449,0,7,-1.2857,-0.0002,-0.2274,0,0,,,,0.026,,,,,,,,,,,
spelad,NO,2016,2016-10-22,,Stabaek,Sarpsborg 08,1,2,A,,,,,,,,,,,,,,,,,,,,0.4241,0.274,0.302,1,,,,2.36,3.64,3.45,,,,,0.3339,-1,5,1.2,0.4759,0.3453,0,0,,,,0.0108,,,,,,,,,,,
spelad,NO,2016,2016-10-23,,Haugesund,Bodo/Glimt,2,1,H,,,,,,,,,,,,,,,,,,,,0.5604,0.2316,0.2079,1,,,,1.74,4.26,5.65,,,,,-0.3555,-1,5,-0.6,-0.1531,-0.2579,0,0,,,,0.0034,,,,,,,,,,,
spelad,NO,2016,2016-10-23,,Lillestrom,Start,1,1,D,,,,,,,,,,,,,,,,,,,,0.6582,0.1988,0.143,1,,,,1.48,5,8.5,,,,,-0.1845,0,7,0,-0.1747,0.1672,0,0,,,,0.0175,,,,,,,,,,,
spelad,NO,2016,2016-10-23,,Rosenborg,Odd,1,2,A,,,,,,,,,,,,,,,,,,,,0.6382,0.2056,0.1562,1,,,,1.55,4.86,7,,,,,1.0292,1,9,2,0.7218,-0.1352,0,0,,,,-0.0061,,,,,,,,,,,
spelad,NO,2016,2016-10-23,,Sogndal,Stromsgodset,0,1,A,,,,,,,,,,,,,,,,,,,,0.3628,0.2797,0.3575,1,,,,2.69,3.49,3,,,,,1.084,-2,7,-2.1429,-0.4686,0.0578,0,0,,,,0.0316,,,,,,,,,,,
spelad,NO,2016,2016-10-23,,Tromso,Valerenga,0,3,A,,,,,,,,,,,,,,,,,,,,0.3932,0.2762,0.3306,1,,,,2.5,3.57,3.12,,,,,0.1031,0,7,-1.7143,-0.8506,-0.1134,0,0,,,,0.0097,,,,,,,,,,,
spelad,NO,2016,2016-10-30,,Aalesund,Haugesund,3,3,D,,,,,,,,,,,,,,,,,,,,0.3534,0.2533,0.3933,1,,,,2.9,3.99,2.54,,,,,1.5359,2,9,0.6667,0.4518,-0.1571,0,0,,,,-0.0145,,,,,,,,,,,
spelad,NO,2016,2016-10-30,,Bodo/Glimt,Viking,0,2,A,,,,,,,,,,,,,,,,,,,,0.5488,0.2272,0.224,1,,,,1.85,4.36,5,,,,,0.4576,-2,5,-0.6,0.2605,-0.2297,0,0,,,,-0.0077,,,,,,,,,,,
spelad,NO,2016,2016-10-30,,Molde,Stabaek,3,0,H,,,,,,,,,,,,,,,,,,,,0.6261,0.201,0.1729,1,,,,1.56,4.86,6.4,,,,,-0.2186,0,7,1.2857,-0.0229,0.0777,0,0,,,,0.0045,,,,,,,,,,,
spelad,NO,2016,2016-10-30,,Odd,Sogndal,3,1,H,,,,,,,,,,,,,,,,,,,,0.6359,0.2092,0.1549,1,,,,1.56,4.65,6.74,,,,,-0.1836,0,7,0.4286,-0.1505,0.0237,0,0,,,,-0.029,,,,,,,,,,,
spelad,NO,2016,2016-10-30,,Sarpsborg 08,Tromso,2,2,D,,,,,,,,,,,,,,,,,,,,0.4975,0.2593,0.2432,1,,,,2,3.85,4.5,,,,,0.3712,1,5,1.8,1.2546,-0.2634,0,0,,,,0.0071,,,,,,,,,,,
spelad,NO,2016,2016-10-30,,Start,Brann,1,2,A,,,,,,,,,,,,,,,,,,,,0.1865,0.2362,0.5773,1,,,,5.45,4.15,1.72,,,,,0.1549,-1,5,-0.6,-0.2398,0.1545,0,0,,,,0.0069,,,,,,,,,,,
spelad,NO,2016,2016-10-30,,Stromsgodset,Rosenborg,2,0,H,,,,,,,,,,,,,,,,,,,,0.2477,0.244,0.5083,1,,,,3.94,4.1,2.04,,,,,-0.6861,0,9,-0.6667,-0.2656,0.3236,0,0,,,,0.0372,,,,,,,,,,,
spelad,NO,2016,2016-10-30,,Valerenga,Lillestrom,1,1,D,,,,,,,,,,,,,,,,,,,,0.4997,0.2699,0.2304,1,,,,2,3.77,4.23,,,,,-0.0429,0,9,-0.3333,-0.2986,0.1767,0,0,,,,-0.0407,,,,,,,,,,,
spelad,NO,2016,2016-11-06,,Brann,Sarpsborg 08,2,1,H,,,,,,,,,,,,,,,,,,,,0.5133,0.2567,0.23,1,,,,1.94,4,4.56,,,,,0.2544,0,5,-1.8,-0.9086,-0.2474,0,0,,,,-0.0053,,,,,,,,,,,
spelad,NO,2016,2016-11-06,,Haugesund,Stromsgodset,1,1,D,,,,,,,,,,,,,,,,,,,,0.4453,0.2601,0.2946,1,,,,2.2,4,3.55,,,,,-0.0235,0,9,-0.6667,0.2082,-0.1151,0,0,,,,0.0109,,,,,,,,,,,
spelad,NO,2016,2016-11-06,,Lillestrom,Molde,1,0,H,,,,,,,,,,,,,,,,,,,,0.2876,0.2526,0.4599,1,,,,3.52,3.92,2.25,,,,,0.0817,0,9,-0.3333,0.4276,-0.0044,0,0,,,,0.0109,,,,,,,,,,,
spelad,NO,2016,2016-11-06,,Rosenborg,Bodo/Glimt,2,1,H,,,,,,,,,,,,,,,,,,,,0.6823,0.1742,0.1435,1,,,,1.49,5.6,7.5,,,,,0.0768,0,5,0,-0.8239,0.3967,0,0,,,,-0.023,,,,,,,,,,,
spelad,NO,2016,2016-11-06,,Sogndal,Aalesund,2,4,A,,,,,,,,,,,,,,,,,,,,0.4924,0.2456,0.2621,1,,,,2.1,3.97,3.8,,,,,-1.4228,0,7,0,0.0298,0.4444,0,0,,,,-0.0474,,,,,,,,,,,
spelad,NO,2016,2016-11-06,,Stabaek,Start,3,0,H,,,,,,,,,,,,,,,,,,,,0.6178,0.2021,0.1801,1,,,,1.58,5,6.4,,,,,-0.1939,0,5,0.6,0.3462,-0.2493,0,0,,,,0.0211,,,,,,,,,,,
spelad,NO,2016,2016-11-06,,Tromso,Odd,3,1,H,,,,,,,,,,,,,,,,,,,,0.3653,0.2694,0.3653,1,,,,2.68,3.64,2.92,,,,,-0.4136,0,7,-0.8571,-0.4051,0.1812,0,0,,,,0.0338,,,,,,,,,,,
spelad,NO,2016,2016-11-06,,Viking,Valerenga,0,2,A,,,,,,,,,,,,,,,,,,,,0.4827,0.2586,0.2586,1,,,,2.09,3.97,3.9,,,,,0.2082,0,9,0.6667,0.1265,0.0775,0,0,,,,-0.0304,,,,,,,,,,,
spelad,NO,2016,2016-11-30,,Jerv,Stabaek,1,0,H,,,,,,,,,,,,,,,,,,,,0.3982,0.2921,0.3097,1,,,,2.62,3.4,3.2,,,,,,,,,,,0,0,,,,0.0089,,,,,,,,,,,
spelad,NO,2016,2016-12-04,,Stabaek,Jerv,2,0,H,,,,,,,,,,,,,,,,,,,,0.5281,0.2467,0.2251,1,,,,1.86,3.96,4.6,,,,,,0,,,,,0,0,,,,-0.0104,,,,,,,,,,,
spelad,NO,2017,2017-04-01,,Kristiansund,Molde,0,1,A,,,,,,,,,,,,,,,,,,,,0.2506,0.2851,0.4643,1,,,,3.97,3.52,2.19,,,,,,,,,,,1,0,,,,0.0265,,,,,,,,,,,
spelad,NO,2017,2017-04-02,,Lillestrom,Sandefjord,2,1,H,,,,,,,,,,,,,,,,,,,,0.5795,0.2318,0.1887,1,,,,1.75,4.2,5.75,,,,,0.5696,,,,,,-1,0,,,,-0.0212,,,,,,,,,,,
spelad,NO,2017,2017-04-02,,Rosenborg,Odd,3,0,H,,,,,,,,,,,,,,,,,,,,0.6553,0.2064,0.1383,1,,,,1.55,4.73,7.53,,,,,-0.1626,,10,1.5,0.4376,-0.1422,0,0,,,,-0.0568,,,,,,,,,,,
spelad,NO,2017,2017-04-02,,Sarpsborg 08,Sogndal,3,1,H,,,,,,,,,,,,,,,,,,,,0.5442,0.2647,0.191,1,,,,1.83,3.68,5.35,,,,,0.0341,,6,-0.5,-0.4417,0.2203,0,0,,,,-0.037,,,,,,,,,,,
spelad,NO,2017,2017-04-02,,Stabaek,Aalesund,3,1,H,,,,,,,,,,,,,,,,,,,,0.3446,0.2982,0.3572,1,,,,2.83,3.36,2.9,,,,,-1.8186,,8,-1.5,-0.7074,0.0104,0,0,,,,0.0288,,,,,,,,,,,
spelad,NO,2017,2017-04-02,,Stromsgodset,Haugesund,3,1,H,,,,,,,,,,,,,,,,,,,,0.5536,0.2454,0.2009,1,,,,1.8,3.97,5.35,,,,,0.4344,,10,0.6,-0.0981,-0.0296,0,0,,,,-0.0167,,,,,,,,,,,
spelad,NO,2017,2017-04-02,,Tromso,Brann,1,1,D,,,,,,,,,,,,,,,,,,,,0.3963,0.3,0.3037,1,,,,2.47,3.25,3.3,,,,,-0.5788,,6,1,0.4943,-0.2439,0,0,,,,0.0144,,,,,,,,,,,
spelad,NO,2017,2017-04-03,,Valerenga,Viking,1,0,H,,,,,,,,,,,,,,,,,,,,0.5214,0.2693,0.2092,1,,,,1.95,3.71,4.75,,,,,-0.1186,,10,-0.3,0.013,0.0439,0,0,,,,-0.0274,,,,,,,,,,,
spelad,NO,2017,2017-04-05,,Aalesund,Sarpsborg 08,1,3,A,,,,,,,,,,,,,,,,,,,,0.3586,0.2827,0.3586,1,,,,2.72,3.6,2.75,,,,,1.0052,0,8,-0.375,-0.2114,0.1177,0,0,,,,0.0055,,,,,,,,,,,
spelad,NO,2017,2017-04-05,,Molde,Lillestrom,2,1,H,,,,,,,,,,,,,,,,,,,,0.6097,0.2279,0.1623,1,,,,1.62,4.5,6.3,,,,,-0.7214,1,10,0,-0.5441,-0.0292,0,0,,,,-0.0299,,,,,,,,,,,
spelad,NO,2017,2017-04-05,,Odd,Kristiansund,2,0,H,,,,,,,,,,,,,,,,,,,,0.6407,0.2169,0.1424,1,,,,1.55,4.75,7.2,,,,,,-1,,,,,-1,0,,,,-0.0268,,,,,,,,,,,
spelad,NO,2017,2017-04-05,,Sandefjord,Rosenborg,0,3,A,,,,,,,,,,,,,,,,,,,,0.1059,0.1828,0.7113,1,,,,10,5.6,1.38,,,,,-0.3474,0,,,,,1,0,,,,0.0166,,,,,,,,,,,
spelad,NO,2017,2017-04-05,,Sogndal,Stabaek,4,1,H,,,,,,,,,,,,,,,,,,,,0.4513,0.2859,0.2628,1,,,,2.21,3.45,3.8,,,,,-0.0132,0,6,-0.5,-0.427,-0.0974,0,0,,,,-0.0068,,,,,,,,,,,
spelad,NO,2017,2017-04-06,,Brann,Stromsgodset,3,0,H,,,,,,,,,,,,,,,,,,,,0.4429,0.2857,0.2714,1,,,,2.3,3.45,3.59,,,,,0.4271,0,8,-0.75,-0.072,0.0118,0,0,,,,-0.0524,,,,,,,,,,,
spelad,NO,2017,2017-04-06,,Haugesund,Valerenga,4,3,H,,,,,,,,,,,,,,,,,,,,0.3798,0.2813,0.3389,1,,,,2.63,3.5,2.9,,,,,-0.6995,1,10,0,0.0494,-0.0572,0,0,,,,-0.0106,,,,,,,,,,,
spelad,NO,2017,2017-04-06,,Viking,Tromso,1,2,A,,,,,,,,,,,,,,,,,,,,0.4885,0.2848,0.2267,1,,,,2.04,3.68,4.31,,,,,0.2284,-1,8,-0.75,-0.3668,-0.2708,0,0,,,,-0.0217,,,,,,,,,,,
spelad,NO,2017,2017-04-08,,Rosenborg,Molde,2,1,H,,,,,,,,,,,,,,,,,,,,0.697,0.191,0.112,1,,,,1.47,5.3,9,,,,,-0.0267,0,10,-0.6,-0.3635,-0.0494,0,0,,,,-0.0311,,,,,,,,,,,
spelad,NO,2017,2017-04-09,,Lillestrom,Haugesund,0,2,A,,,,,,,,,,,,,,,,,,,,0.4602,0.2666,0.2733,1,,,,2.16,3.68,3.6,,,,,0.792,1,10,0.6,0.1572,0.3381,0,0,,,,-0.0233,,,,,,,,,,,
spelad,NO,2017,2017-04-09,,Sarpsborg 08,Viking,3,0,H,,,,,,,,,,,,,,,,,,,,0.5301,0.2546,0.2153,1,,,,1.84,3.85,5,,,,,1.1467,1,8,-0.75,-0.1266,-0.0068,0,0,,,,0.0123,,,,,,,,,,,
spelad,NO,2017,2017-04-09,,Stabaek,Odd,2,0,H,,,,,,,,,,,,,,,,,,,,0.2586,0.2793,0.4621,1,,,,3.77,3.6,2.14,,,,,-0.2704,0,8,-1.5,-0.1786,-0.2294,0,0,,,,0.027,,,,,,,,,,,
spelad,NO,2017,2017-04-09,,Stromsgodset,Aalesund,1,1,D,,,,,,,,,,,,,,,,,,,,0.6508,0.2013,0.1479,1,,,,1.55,4.85,7,,,,,-0.7184,-1,10,0.6,-0.0284,-0.2374,0,0,,,,-0.0386,,,,,,,,,,,
spelad,NO,2017,2017-04-09,,Tromso,Sogndal,3,0,H,,,,,,,,,,,,,,,,,,,,0.4788,0.2713,0.2498,1,,,,2.1,3.6,4.33,,,,,-0.1018,-1,6,0,-0.466,0.4073,0,0,,,,-0.0222,,,,,,,,,,,
spelad,NO,2017,2017-04-09,,Valerenga,Sandefjord,1,2,A,,,,,,,,,,,,,,,,,,,,0.6984,0.1848,0.1168,1,,,,1.48,5.29,9,,,,,0.3321,-1,,,,,-1,0,,,,-0.0535,,,,,,,,,,,
spelad,NO,2017,2017-04-10,,Kristiansund,Brann,1,0,H,,,,,,,,,,,,,,,,,,,,0.2452,0.2788,0.476,1,,,,4.05,3.5,2.1,,,,,,1,,,,,1,0,,,,0.0256,,,,,,,,,,,
spelad,NO,2017,2017-04-17,,Aalesund,Lillestrom,3,1,H,,,,,,,,,,,,,,,,,,,,0.3899,0.2693,0.3408,1,,,,2.55,3.74,2.91,,,,,0.1644,0,10,0,-0.1874,0.3415,0,0,,,,-0.0076,,,,,,,,,,,
spelad,NO,2017,2017-04-17,,Brann,Haugesund,3,1,H,,,,,,,,,,,,,,,,,,,,0.5739,0.2534,0.1727,1,,,,1.82,3.85,5.65,,,,,0.0075,-1,8,-0.75,-0.2831,-0.2552,0,0,,,,-0.0819,,,,,,,,,,,
spelad,NO,2017,2017-04-17,,Molde,Valerenga,4,0,H,,,,,,,,,,,,,,,,,,,,0.5802,0.2419,0.1779,1,,,,1.77,4.16,5.94,,,,,0.16,1,10,1.8,0.4823,-0.0313,0,0,,,,-0.0238,,,,,,,,,,,
spelad,NO,2017,2017-04-17,,Odd,Tromso,1,0,H,,,,,,,,,,,,,,,,,,,,0.595,0.2323,0.1727,1,,,,1.69,4.2,5.65,,,,,0.0243,0,8,0.375,0.0253,0.1249,0,0,,,,-0.0425,,,,,,,,,,,
spelad,NO,2017,2017-04-17,,Sandefjord,Kristiansund,2,0,H,,,,,,,,,,,,,,,,,,,,0.4414,0.3058,0.2527,1,,,,2.25,3.5,3.86,,,,,,1,,,,,0,0,,,,-0.0084,,,,,,,,,,,
spelad,NO,2017,2017-04-17,,Sogndal,Stromsgodset,1,1,D,,,,,,,,,,,,,,,,,,,,0.3432,0.2715,0.3853,1,,,,2.99,3.59,2.55,,,,,-0.5645,0,8,-2.25,-0.581,0.0156,0,0,,,,-0.0108,,,,,,,,,,,
spelad,NO,2017,2017-04-17,,Stabaek,Sarpsborg 08,3,0,H,,,,,,,,,,,,,,,,,,,,0.3228,0.2793,0.3979,1,,,,3.16,3.5,2.45,,,,,-0.3898,0,6,0.5,0.1389,0.2421,0,0,,,,-0.0027,,,,,,,,,,,
spelad,NO,2017,2017-04-17,,Viking,Rosenborg,0,1,A,,,,,,,,,,,,,,,,,,,,0.1365,0.2173,0.6462,1,,,,8,4.49,1.58,,,,,-0.3964,-1,10,-2.1,-0.6193,0.0661,0,0,,,,0.0361,,,,,,,,,,,
spelad,NO,2017,2017-04-22,,Stromsgodset,Sandefjord,1,0,H,,,,,,,,,,,,,,,,,,,,0.6712,0.1954,0.1333,1,,,,1.45,5.1,8.6,,,,,-0.1828,0,,,,,-1,0,,,,-0.0067,,,,,,,,,,,
spelad,NO,2017,2017-04-23,,Lillestrom,Brann,0,2,A,,,,,,,,,,,,,,,,,,,,0.3605,0.2882,0.3514,1,,,,2.71,3.45,2.96,,,,,-0.2528,0,8,1.125,0.6635,-0.1275,0,0,,,,0.0307,,,,,,,,,,,
spelad,NO,2017,2017-04-23,,Rosenborg,Aalesund,0,0,D,,,,,,,,,,,,,,,,,,,,0.8208,0.1134,0.0658,1,,,,1.2,8.61,17.62,,,,,-0.6789,0,10,1.8,0.2852,0.177,0,0,,,,-0.0352,,,,,,,,,,,
spelad,NO,2017,2017-04-23,,Sarpsborg 08,Kristiansund,5,1,H,,,,,,,,,,,,,,,,,,,,0.6414,0.2201,0.1385,1,,,,1.57,4.45,7.1,,,,,,0,,,,,-1,0,,,,-0.0476,,,,,,,,,,,
spelad,NO,2017,2017-04-23,,Tromso,Stabaek,0,3,A,,,,,,,,,,,,,,,,,,,,0.519,0.2541,0.2269,1,,,,1.9,3.89,4.34,,,,,-0.4906,0,6,0.5,0.0901,-0.0782,0,0,,,,-0.0245,,,,,,,,,,,
spelad,NO,2017,2017-04-23,,Valerenga,Sogndal,3,0,H,,,,,,,,,,,,,,,,,,,,0.5548,0.2504,0.1949,1,,,,1.79,4.05,5.01,,,,,0.3932,0,8,-0.375,-0.2945,-0.1443,0,0,,,,-0.0268,,,,,,,,,,,
spelad,NO,2017,2017-04-23,,Viking,Odd,3,0,H,,,,,,,,,,,,,,,,,,,,0.3902,0.2836,0.3262,1,,,,2.7,3.44,2.99,,,,,-1.0406,0,10,0,-0.0723,0.1393,0,0,,,,-0.0312,,,,,,,,,,,
spelad,NO,2017,2017-04-24,,Haugesund,Molde,0,0,D,,,,,,,,,,,,,,,,,,,,0.3017,0.2745,0.4237,1,,,,3.25,3.56,2.35,,,,,0.153,0,10,0.9,0.8041,0.266,0,0,,,,0.0147,,,,,,,,,,,
spelad,NO,2017,2017-04-29,,Brann,Viking,1,1,D,,,,,,,,,,,,,,,,,,,,0.5441,0.2668,0.1891,1,,,,1.81,3.7,5.35,,,,,1.2571,0,8,0,0.2849,-0.0014,0,0,,,,-0.0187,,,,,,,,,,,
spelad,NO,2017,2017-04-30,,Aalesund,Tromso,3,1,H,,,,,,,,,,,,,,,,,,,,0.4151,0.2651,0.3198,1,,,,2.38,3.68,3.25,,,,,0.3986,0,8,0.375,0.2791,0.116,0,0,,,,0.003,,,,,,,,,,,
spelad,NO,2017,2017-04-30,,Kristiansund,Stromsgodset,2,0,H,,,,,,,,,,,,,,,,,,,,0.2468,0.2801,0.4732,1,,,,3.98,3.6,2.06,,,,,-0.619,-1,,,,,1,0,,,,0.0177,,,,,,,,,,,
spelad,NO,2017,2017-04-30,,Odd,Valerenga,2,1,H,,,,,,,,,,,,,,,,,,,,0.4476,0.2828,0.2696,1,,,,2.18,3.68,3.8,,,,,-0.0861,0,10,0,-0.1878,-0.0549,0,0,,,,0.0241,,,,,,,,,,,
spelad,NO,2017,2017-04-30,,Sandefjord,Molde,3,3,D,,,,,,,,,,,,,,,,,,,,0.2121,0.2688,0.519,1,,,,4.75,3.75,1.88,,,,,0.0136,2,,,,,1,0,,,,0.0155,,,,,,,,,,,
spelad,NO,2017,2017-04-30,,Sogndal,Lillestrom,0,1,A,,,,,,,,,,,,,,,,,,,,0.3809,0.2818,0.3374,1,,,,2.62,3.48,2.89,,,,,-0.2695,0,8,-0.75,-0.2255,-0.0136,0,0,,,,-0.0119,,,,,,,,,,,
spelad,NO,2017,2017-04-30,,Stabaek,Haugesund,0,3,A,,,,,,,,,,,,,,,,,,,,0.4875,0.2532,0.2593,1,,,,2.05,3.85,3.87,,,,,0.6871,1,8,-2.25,-0.9014,-0.002,0,0,,,,-0.024,,,,,,,,,,,
spelad,NO,2017,2017-05-01,,Sarpsborg 08,Rosenborg,1,2,A,,,,,,,,,,,,,,,,,,,,0.2514,0.268,0.4806,1,,,,3.96,3.66,2.07,,,,,0.627,0,8,-2.25,-0.4649,0.0491,0,0,,,,0.0138,,,,,,,,,,,
spelad,NO,2017,2017-05-06,,Molde,Aalesund,0,1,A,,,,,,,,,,,,,,,,,,,,0.6132,0.2201,0.1667,1,,,,1.62,4.5,6.45,,,,,-0.2936,0,10,3,1.0784,-0.2302,0,0,,,,-0.0208,,,,,,,,,,,
spelad,NO,2017,2017-05-07,,Haugesund,Sogndal,0,0,D,,,,,,,,,,,,,,,,,,,,0.5728,0.2381,0.1891,1,,,,1.73,4.09,5.6,,,,,1.0111,0,8,-1.875,-1.2249,0.1112,0,0,,,,-0.0219,,,,,,,,,,,
spelad,NO,2017,2017-05-07,,Rosenborg,Brann,2,1,H,,,,,,,,,,,,,,,,,,,,0.6326,0.2224,0.145,1,,,,1.57,4.45,7.25,,,,,-0.2111,-2,8,1.125,0.1837,-0.1059,0,0,,,,-0.0318,,,,,,,,,,,
spelad,NO,2017,2017-05-07,,Stromsgodset,Sarpsborg 08,1,1,D,,,,,,,,,,,,,,,,,,,,0.4414,0.2717,0.2869,1,,,,2.28,3.64,3.58,,,,,-0.1485,1,8,1.125,0.0241,0.1368,0,0,,,,-0.0024,,,,,,,,,,,
spelad,NO,2017,2017-05-07,,Tromso,Kristiansund,1,1,D,,,,,,,,,,,,,,,,,,,,0.6205,0.226,0.1534,1,,,,1.64,4.31,6.51,,,,,-0.0102,0,,,,,-1,0,,,,-0.0321,,,,,,,,,,,
spelad,NO,2017,2017-05-07,,Valerenga,Stabaek,1,1,D,,,,,,,,,,,,,,,,,,,,0.5051,0.2512,0.2437,1,,,,1.93,4,4.4,,,,,-0.8231,0,8,-0.375,-0.4271,-0.1214,0,0,,,,0.0117,,,,,,,,,,,
spelad,NO,2017,2017-05-07,,Viking,Sandefjord,0,2,A,,,,,,,,,,,,,,,,,,,,0.6165,0.2359,0.1476,1,,,,1.66,4.15,6.6,,,,,-0.3594,1,,,,,-1,0,,,,-0.0463,,,,,,,,,,,
spelad,NO,2017,2017-05-08,,Lillestrom,Odd,0,1,A,,,,,,,,,,,,,,,,,,,,0.4202,0.2761,0.3037,1,,,,2.4,3.54,3.3,,,,,0.0562,0,10,0,0.2805,-0.0531,0,0,,,,-0.016,,,,,,,,,,,
spelad,NO,2017,2017-05-12,,Aalesund,Valerenga,0,1,A,,,,,,,,,,,,,,,,,,,,0.405,0.2596,0.3354,1,,,,2.43,3.84,3,,,,,0.9511,1,10,1.2,0.7225,-0.0463,0,0,,,,-0.0038,,,,,,,,,,,
spelad,NO,2017,2017-05-13,,Brann,Molde,4,1,H,,,,,,,,,,,,,,,,,,,,0.4754,0.2785,0.2461,1,,,,2.09,3.52,3.96,,,,,0.5132,-1,8,-0.75,0.1944,-0.2355,0,0,,,,-0.0292,,,,,,,,,,,
spelad,NO,2017,2017-05-13,,Kristiansund,Lillestrom,1,1,D,,,,,,,,,,,,,,,,,,,,0.2929,0.3106,0.3965,1,,,,3.34,3.35,2.47,,,,,0.3708,1,,,,,1,0,,,,0.0069,,,,,,,,,,,
spelad,NO,2017,2017-05-13,,Odd,Stromsgodset,2,0,H,,,,,,,,,,,,,,,,,,,,0.4335,0.2894,0.2771,1,,,,2.26,3.42,3.52,,,,,0.419,-1,10,0,0.2181,-0.054,0,0,,,,-0.013,,,,,,,,,,,
spelad,NO,2017,2017-05-13,,Sandefjord,Haugesund,2,0,H,,,,,,,,,,,,,,,,,,,,0.3681,0.286,0.3459,1,,,,2.76,3.45,2.82,,,,,0.1914,0,,,,,1,0,,,,-0.0133,,,,,,,,,,,
spelad,NO,2017,2017-05-13,,Sarpsborg 08,Tromso,1,1,D,,,,,,,,,,,,,,,,,,,,0.618,0.2165,0.1655,1,,,,1.59,4.55,6.2,,,,,0.1976,0,6,1.5,0.9202,-0.0961,0,0,,,,-0.0203,,,,,,,,,,,
spelad,NO,2017,2017-05-13,,Sogndal,Viking,4,0,H,,,,,,,,,,,,,,,,,,,,0.2747,0.2919,0.4334,1,,,,3.55,3.34,2.45,,,,,0.2085,0,8,-1.5,-0.4184,-0.0155,0,0,,,,0.0496,,,,,,,,,,,
spelad,NO,2017,2017-05-13,,Stabaek,Rosenborg,0,0,D,,,,,,,,,,,,,,,,,,,,0.2224,0.2511,0.5265,1,,,,5,3.95,1.91,,,,,0.1726,0,8,-1.5,0.0931,-0.1933,0,0,,,,-0.0061,,,,,,,,,,,
spelad,NO,2017,2017-05-16,,Brann,Sandefjord,5,0,H,,,,,,,,,,,,,,,,,,,,0.6603,0.2167,0.1231,1,,,,1.5,4.55,8.15,,,,,-0.5097,0,,,,,-1,0,,,,-0.0312,,,,,,,,,,,
spelad,NO,2017,2017-05-16,,Haugesund,Odd,0,2,A,,,,,,,,,,,,,,,,,,,,0.3932,0.2902,0.3166,1,,,,2.52,3.5,3.08,,,,,-0.1887,0,10,-1.2,-0.3676,-0.0505,0,0,,,,-0.0241,,,,,,,,,,,
spelad,NO,2017,2017-05-16,,Lillestrom,Sarpsborg 08,1,2,A,,,,,,,,,,,,,,,,,,,,0.3963,0.2851,0.3186,1,,,,2.47,3.5,3.24,,,,,-0.6726,0,8,0.75,0.2935,-0.0084,0,0,,,,-0.0059,,,,,,,,,,,
spelad,NO,2017,2017-05-16,,Molde,Sogndal,1,2,A,,,,,,,,,,,,,,,,,,,,0.6424,0.2229,0.1347,1,,,,1.55,4.38,7.25,,,,,-0.0891,0,8,0.375,-0.2717,-0.112,0,0,,,,-0.0408,,,,,,,,,,,
spelad,NO,2017,2017-05-16,,Rosenborg,Tromso,1,2,A,,,,,,,,,,,,,,,,,,,,0.7446,0.161,0.0944,1,,,,1.31,6.2,12,,,,,0.5731,0,8,1.125,-0.0295,0.1474,0,0,,,,-0.0131,,,,,,,,,,,
spelad,NO,2017,2017-05-16,,Stromsgodset,Stabaek,1,2,A,,,,,,,,,,,,,,,,,,,,0.4599,0.2678,0.2723,1,,,,2.13,3.73,3.75,,,,,-1.1191,0,8,-0.375,-0.5975,-0.1028,0,0,,,,-0.004,,,,,,,,,,,
spelad,NO,2017,2017-05-16,,Valerenga,Kristiansund,1,0,H,,,,,,,,,,,,,,,,,,,,0.6468,0.2166,0.1366,1,,,,1.54,4.52,7.5,,,,,-0.3668,1,,,,,-1,0,,,,-0.0185,,,,,,,,,,,
spelad,NO,2017,2017-05-16,,Viking,Aalesund,1,2,A,,,,,,,,,,,,,,,,,,,,0.5811,0.2275,0.1914,1,,,,1.85,4.35,5.3,,,,,-1.039,-1,10,0,-0.1925,-0.0574,0,0,,,,-0.0475,,,,,,,,,,,
spelad,NO,2017,2017-05-20,,Rosenborg,Lillestrom,1,1,D,,,,,,,,,,,,,,,,,,,,0.7059,0.1859,0.1082,1,,,,1.4,5.4,10,,,,,0.8053,0,10,2.4,0.546,-0.0071,0,0,,,,-0.0348,,,,,,,,,,,
spelad,NO,2017,2017-05-20,,Sogndal,Brann,2,3,A,,,,,,,,,,,,,,,,,,,,0.2794,0.2929,0.4277,1,,,,3.7,3.46,2.31,,,,,-0.084,0,8,-0.375,0.0148,-0.134,0,0,,,,-0.0241,,,,,,,,,,,
spelad,NO,2017,2017-05-21,,Aalesund,Sandefjord,2,0,H,,,,,,,,,,,,,,,,,,,,0.5369,0.2474,0.2157,1,,,,1.84,3.95,4.55,,,,,-0.0549,0,,,,,-1,0,,,,-0.0086,,,,,,,,,,,
spelad,NO,2017,2017-05-21,,Kristiansund,Haugesund,3,2,H,,,,,,,,,,,,,,,,,,,,0.3562,0.3108,0.3331,1,,,,2.8,3.4,2.94,,,,,0.0449,0,,,,,1,0,,,,-0.0092,,,,,,,,,,,
spelad,NO,2017,2017-05-21,,Odd,Molde,1,2,A,,,,,,,,,,,,,,,,,,,,0.4353,0.2762,0.2885,1,,,,2.25,3.62,3.52,,,,,1.3048,0,10,0,0.2251,0.1504,0,0,,,,-0.0058,,,,,,,,,,,
spelad,NO,2017,2017-05-21,,Sarpsborg 08,Valerenga,2,0,H,,,,,,,,,,,,,,,,,,,,0.5024,0.2599,0.2377,1,,,,1.98,3.88,4.2,,,,,0.5328,0,8,-1.125,-0.4048,0.1212,0,0,,,,-0.0032,,,,,,,,,,,
spelad,NO,2017,2017-05-21,,Tromso,Stromsgodset,1,1,D,,,,,,,,,,,,,,,,,,,,0.408,0.2794,0.3126,1,,,,2.41,3.5,3.25,,,,,1.0312,0,8,-1.125,-0.1526,-0.1282,0,0,,,,0.0073,,,,,,,,,,,
spelad,NO,2017,2017-05-22,,Stabaek,Viking,1,1,D,,,,,,,,,,,,,,,,,,,,0.4877,0.2702,0.2421,1,,,,2.01,3.7,4.4,,,,,1.5252,0,8,-0.75,-0.0381,0.0018,0,0,,,,-0.0099,,,,,,,,,,,
spelad,NO,2017,2017-05-27,,Sandefjord,Odd,0,0,D,,,,,,,,,,,,,,,,,,,,0.2432,0.2811,0.4757,1,,,,4.01,3.47,2.2,,,,,0.3693,0,,,,,0,0,,,,0.0289,,,,,,,,,,,
spelad,NO,2017,2017-05-28,,Brann,Aalesund,1,1,D,,,,,,,,,,,,,,,,,,,,0.6208,0.2235,0.1557,1,,,,1.58,4.5,7,,,,,-0.6624,1,8,1.875,0.9541,-0.1276,0,0,,,,-0.0107,,,,,,,,,,,
spelad,NO,2017,2017-05-28,,Haugesund,Sarpsborg 08,0,0,D,,,,,,,,,,,,,,,,,,,,0.3726,0.275,0.3524,1,,,,2.8,3.56,2.77,,,,,-0.4292,0,8,0,-0.0545,-0.0118,0,0,,,,-0.0201,,,,,,,,,,,
spelad,NO,2017,2017-05-28,,Kristiansund,Sogndal,1,1,D,,,,,,,,,,,,,,,,,,,,0.408,0.2982,0.2937,1,,,,2.45,3.36,3.38,,,,,0.4557,-1,,,,,0,0,,,,-0.0029,,,,,,,,,,,
spelad,NO,2017,2017-05-28,,Lillestrom,Tromso,4,1,H,,,,,,,,,,,,,,,,,,,,0.5088,0.264,0.2272,1,,,,1.95,3.75,4.33,,,,,-0.5477,1,8,-0.375,0.0949,-0.1256,0,0,,,,-0.0286,,,,,,,,,,,
spelad,NO,2017,2017-05-28,,Molde,Stabaek,3,1,H,,,,,,,,,,,,,,,,,,,,0.5082,0.2616,0.2301,1,,,,1.94,3.82,4.25,,,,,-1.1972,1,8,1.5,0.095,0.0429,0,0,,,,-0.0198,,,,,,,,,,,
spelad,NO,2017,2017-05-28,,Valerenga,Rosenborg,1,1,D,,,,,,,,,,,,,,,,,,,,0.2264,0.2547,0.5189,1,,,,4.6,3.98,1.93,,,,,0.0186,-1,10,-2.1,-0.5561,0.076,0,0,,,,0.014,,,,,,,,,,,
spelad,NO,2017,2017-05-29,,Stromsgodset,Viking,4,2,H,,,,,,,,,,,,,,,,,,,,0.5081,0.2651,0.2269,1,,,,1.96,3.68,4.45,,,,,-0.0763,1,10,0.9,0.2569,0.0382,0,0,,,,-0.0251,,,,,,,,,,,
spelad,NO,2017,2017-06-03,,Stabaek,Lillestrom,2,4,A,,,,,,,,,,,,,,,,,,,,0.4048,0.2795,0.3157,1,,,,2.42,3.53,3.2,,,,,0.6497,0,8,0.75,0.6311,-0.2479,0,0,,,,0.0042,,,,,,,,,,,
spelad,NO,2017,2017-06-03,,Tromso,Valerenga,2,4,A,,,,,,,,,,,,,,,,,,,,0.3424,0.278,0.3797,1,,,,2.85,3.55,2.9,,,,,-0.4503,0,8,-1.875,-0.9263,-0.1338,0,0,,,,0.0363,,,,,,,,,,,
spelad,NO,2017,2017-06-04,,Aalesund,Haugesund,0,1,A,,,,,,,,,,,,,,,,,,,,0.4878,0.2568,0.2554,1,,,,2,3.85,4.2,,,,,1.5787,0,10,0.6,0.3753,-0.0667,0,0,,,,0.0134,,,,,,,,,,,
spelad,NO,2017,2017-06-04,,Odd,Brann,0,0,D,,,,,,,,,,,,,,,,,,,,0.3998,0.2886,0.3116,1,,,,2.48,3.4,3.13,,,,,0.0282,1,8,-0.375,-0.247,-0.1285,0,0,,,,-0.0242,,,,,,,,,,,
spelad,NO,2017,2017-06-04,,Rosenborg,Stromsgodset,3,1,H,,,,,,,,,,,,,,,,,,,,0.6732,0.2042,0.1226,1,,,,1.5,4.85,7.96,,,,,-0.0245,1,10,0.3,-0.2291,0.2668,0,0,,,,-0.0506,,,,,,,,,,,
spelad,NO,2017,2017-06-04,,Sarpsborg 08,Molde,1,0,H,,,,,,,,,,,,,,,,,,,,0.5112,0.259,0.2298,1,,,,1.92,3.85,4.55,,,,,0.2908,0,8,-0.375,0.4749,-0.096,0,0,,,,-0.0052,,,,,,,,,,,
spelad,NO,2017,2017-06-04,,Sogndal,Sandefjord,3,2,H,,,,,,,,,,,,,,,,,,,,0.4453,0.2911,0.2636,1,,,,2.2,3.38,3.84,,,,,-0.3411,-1,,,,,0,0,,,,-0.0042,,,,,,,,,,,
spelad,NO,2017,2017-06-04,,Viking,Kristiansund,2,1,H,,,,,,,,,,,,,,,,,,,,0.5394,0.2576,0.203,1,,,,1.87,3.88,5.15,,,,,-0.7977,-1,,,,,0,0,,,,-0.0107,,,,,,,,,,,
spelad,NO,2017,2017-06-17,,Kristiansund,Aalesund,1,1,D,,,,,,,,,,,,,,,,,,,,0.3272,0.2964,0.3765,1,,,,3,3.35,2.7,,,,,-0.4799,0,,,,,0,0,,,,0.0227,,,,,,,,,,,
spelad,NO,2017,2017-06-18,,Haugesund,Rosenborg,1,0,H,,,,,,,,,,,,,,,,,,,,0.2359,0.2619,0.5022,1,,,,4.35,3.8,1.95,,,,,0.2854,0,10,-1.2,-0.0981,-0.0236,0,0,,,,0.0004,,,,,,,,,,,
spelad,NO,2017,2017-06-18,,Lillestrom,Viking,1,0,H,,,,,,,,,,,,,,,,,,,,0.588,0.2302,0.1818,1,,,,1.75,4.25,5.65,,,,,0.5066,1,10,-0.6,-0.1243,0.137,0,0,,,,-0.0294,,,,,,,,,,,
spelad,NO,2017,2017-06-18,,Molde,Tromso,3,0,H,,,,,,,,,,,,,,,,,,,,0.6248,0.2114,0.1638,1,,,,1.63,4.61,6,,,,,-0.055,-1,8,1.5,0.3877,0.007,0,0,,,,-0.0605,,,,,,,,,,,
spelad,NO,2017,2017-06-18,,Sandefjord,Sarpsborg 08,1,0,H,,,,,,,,,,,,,,,,,,,,0.2439,0.2732,0.4829,1,,,,4.15,3.6,2.06,,,,,-0.205,0,,,,,0,0,,,,0.0153,,,,,,,,,,,
spelad,NO,2017,2017-06-18,,Sogndal,Odd,0,0,D,,,,,,,,,,,,,,,,,,,,0.2834,0.2754,0.4412,1,,,,3.55,3.6,2.25,,,,,-0.0077,0,8,-0.75,0.0267,-0.0054,0,0,,,,0.0036,,,,,,,,,,,
spelad,NO,2017,2017-06-18,,Valerenga,Stromsgodset,1,1,D,,,,,,,,,,,,,,,,,,,,0.4319,0.2742,0.294,1,,,,2.35,3.6,3.35,,,,,0.7915,1,10,-0.3,0.1907,0.0652,0,0,,,,-0.0154,,,,,,,,,,,
spelad,NO,2017,2017-06-19,,Brann,Stabaek,5,0,H,,,,,,,,,,,,,,,,,,,,0.557,0.2449,0.1981,1,,,,1.77,4.1,5.5,,,,,0.3911,-1,6,1,0.1102,0.0852,0,0,,,,0.0084,,,,,,,,,,,
spelad,NO,2017,2017-06-24,,Valerenga,Lillestrom,3,1,H,,,,,,,,,,,,,,,,,,,,0.4499,0.2797,0.2704,1,,,,2.25,3.62,3.68,,,,,-0.231,0,10,-0.3,-0.3457,0.2321,0,0,,,,-0.0291,,,,,,,,,,,
spelad,NO,2017,2017-06-25,,Aalesund,Odd,5,1,H,,,,,,,,,,,,,,,,,,,,0.368,0.2885,0.3434,1,,,,2.7,3.5,2.98,,,,,0.1023,1,10,-0.6,0.0035,-0.0405,0,0,,,,0.0161,,,,,,,,,,,
spelad,NO,2017,2017-06-25,,Rosenborg,Sogndal,3,0,H,,,,,,,,,,,,,,,,,,,,0.7741,0.1586,0.0673,1,,,,1.27,6.37,14.5,,,,,-0.8908,0,8,2.25,0.3639,0.0384,0,0,,,,-0.0438,,,,,,,,,,,
spelad,NO,2017,2017-06-25,,Sarpsborg 08,Brann,1,1,D,,,,,,,,,,,,,,,,,,,,0.4136,0.2976,0.2888,1,,,,2.42,3.4,3.4,,,,,-0.2275,1,6,1,0.8056,-0.249,0,0,,,,-0.0075,,,,,,,,,,,
spelad,NO,2017,2017-06-25,,Stabaek,Kristiansund,1,4,A,,,,,,,,,,,,,,,,,,,,0.551,0.2615,0.1875,1,,,,1.8,3.95,5.7,,,,,-0.6439,-2,,,,,0,0,,,,-0.0098,,,,,,,,,,,
spelad,NO,2017,2017-06-25,,Tromso,Sandefjord,1,1,D,,,,,,,,,,,,,,,,,,,,0.5276,0.2589,0.2136,1,,,,1.91,3.8,4.65,,,,,-0.7968,0,,,,,0,0,,,,-0.0358,,,,,,,,,,,
spelad,NO,2017,2017-06-25,,Viking,Haugesund,1,1,D,,,,,,,,,,,,,,,,,,,,0.3814,0.283,0.3355,1,,,,2.56,3.58,3.15,,,,,-0.8249,0,10,-0.3,-0.3714,0.0335,0,0,,,,0.0333,,,,,,,,,,,
spelad,NO,2017,2017-06-26,,Stromsgodset,Molde,1,1,D,,,,,,,,,,,,,,,,,,,,0.4132,0.2732,0.3136,1,,,,2.38,3.7,3.25,,,,,-0.2229,0,10,0,0.1548,-0.049,0,0,,,,0.0099,,,,,,,,,,,
spelad,NO,2017,2017-07-01,,Lillestrom,Stromsgodset,2,0,H,,,,,,,,,,,,,,,,,,,,0.4732,0.2552,0.2716,1,,,,2.09,3.94,3.85,,,,,0.436,2,10,-1.2,-0.205,-0.0439,0,0,,,,0.0054,,,,,,,,,,,
spelad,NO,2017,2017-07-01,,Sogndal,Aalesund,1,0,H,,,,,,,,,,,,,,,,,,,,0.3327,0.2678,0.3995,1,,,,3.1,3.65,2.5,,,,,0.014,0,8,-0.375,-0.1893,0.3582,0,0,,,,0.0007,,,,,,,,,,,
spelad,NO,2017,2017-07-02,,Brann,Valerenga,0,0,D,,,,,,,,,,,,,,,,,,,,0.5124,0.2535,0.234,1,,,,1.95,3.9,4.5,,,,,-0.1016,-1,8,-0.75,-0.3636,-0.0146,0,0,,,,-0.0081,,,,,,,,,,,
spelad,NO,2017,2017-07-02,,Haugesund,Tromso,2,0,H,,,,,,,,,,,,,,,,,,,,0.5456,0.2479,0.2065,1,,,,1.9,4.1,4.85,,,,,0.101,0,8,-0.75,-0.3553,-0.0028,0,0,,,,-0.0367,,,,,,,,,,,
spelad,NO,2017,2017-07-02,,Molde,Viking,3,2,H,,,,,,,,,,,,,,,,,,,,0.5843,0.2386,0.1771,1,,,,1.71,4.32,6.3,,,,,0.5333,-1,10,-0.9,-0.708,-0.1536,0,0,,,,-0.0306,,,,,,,,,,,
spelad,NO,2017,2017-07-02,,Odd,Sarpsborg 08,0,0,D,,,,,,,,,,,,,,,,,,,,0.3723,0.2878,0.3399,1,,,,2.68,3.45,2.95,,,,,-0.0146,0,8,0.375,-0.3736,0.375,0,0,,,,0.018,,,,,,,,,,,
spelad,NO,2017,2017-07-02,,Sandefjord,Stabaek,1,2,A,,,,,,,,,,,,,,,,,,,,0.3768,0.2772,0.346,1,,,,2.65,3.65,2.95,,,,,0.9215,0,,,,,0,0,,,,0.0099,,,,,,,,,,,
spelad,NO,2017,2017-07-03,,Kristiansund,Rosenborg,3,3,D,,,,,,,,,,,,,,,,,,,,0.1724,0.2612,0.5664,1,,,,5.65,3.96,1.74,,,,,0.8202,0,,,,,0,0,,,,0.0355,,,,,,,,,,,
spelad,NO,2017,2017-07-08,,Aalesund,Molde,0,3,A,,,,,,,,,,,,,,,,,,,,0.3813,0.2726,0.3461,1,,,,2.6,3.65,2.9,,,,,-0.062,1,11,-2.4545,-0.5638,-0.2293,0,0,,,,-0.0006,,,,,,,,,,,
spelad,NO,2017,2017-07-08,,Rosenborg,Sandefjord,5,1,H,,,,,,,,,,,,,,,,,,,,0.7844,0.1441,0.0715,1,,,,1.25,6.81,14.5,,,,,-0.8124,-1,3,3,0.5692,-0.1504,0,0,,,,-0.0514,,,,,,,,,,,
spelad,NO,2017,2017-07-09,,Stabaek,Brann,2,0,H,,,,,,,,,,,,,,,,,,,,0.3447,0.2666,0.3887,1,,,,2.95,3.74,2.55,,,,,-0.5741,0,7,-1.2857,-0.2873,0.038,0,0,,,,-0.0175,,,,,,,,,,,
spelad,NO,2017,2017-07-09,,Stromsgodset,Kristiansund,4,2,H,,,,,,,,,,,,,,,,,,,,0.5928,0.2397,0.1675,1,,,,1.69,4.2,5.84,,,,,-0.7026,2,,,,,0,0,,,,-0.0282,,,,,,,,,,,
spelad,NO,2017,2017-07-09,,Viking,Sogndal,1,1,D,,,,,,,,,,,,,,,,,,,,0.5265,0.259,0.2145,1,,,,1.91,3.85,4.7,,,,,-1.3651,-1,9,1,0.2088,-0.0463,0,0,,,,-0.0368,,,,,,,,,,,
spelad,NO,2017,2017-07-10,,Sarpsborg 08,Lillestrom,3,3,D,,,,,,,,,,,,,,,,,,,,0.507,0.2555,0.2375,1,,,,1.94,3.95,4.35,,,,,-0.3137,-1,9,-0.3333,-0.058,-0.0391,0,0,,,,-0.0072,,,,,,,,,,,
spelad,NO,2017,2017-07-15,,Lillestrom,Stabaek,2,2,D,,,,,,,,,,,,,,,,,,,,0.5383,0.2303,0.2314,1,,,,1.87,4.35,4.35,,,,,0.488,-1,9,-0.3333,-0.1436,-0.2514,0,0,,,,-0.0266,,,,,,,,,,,
spelad,NO,2017,2017-07-15,,Sogndal,Rosenborg,0,3,A,,,,,,,,,,,,,,,,,,,,0.1647,0.2299,0.6054,1,,,,5.92,4.3,1.67,,,,,1.1527,-1,9,-2.3333,-0.3977,0.0165,0,0,,,,0.05,,,,,,,,,,,
spelad,NO,2017,2017-07-16,,Brann,Sarpsborg 08,0,1,A,,,,,,,,,,,,,,,,,,,,0.4044,0.2901,0.3055,1,,,,2.55,3.5,3.3,,,,,-0.1136,1,7,-0.8571,-0.5005,-0.113,0,0,,,,-0.0325,,,,,,,,,,,
spelad,NO,2017,2017-07-16,,Haugesund,Aalesund,2,0,H,,,,,,,,,,,,,,,,,,,,0.4782,0.2779,0.2439,1,,,,2.14,3.65,4,,,,,0.0136,6,11,-0.2727,-0.1008,-0.084,0,0,,,,-0.0419,,,,,,,,,,,
spelad,NO,2017,2017-07-16,,Molde,Stromsgodset,0,0,D,,,,,,,,,,,,,,,,,,,,0.5449,0.2527,0.2024,1,,,,1.82,4.1,5,,,,,0.6693,1,11,0,-0.1156,0.0215,0,0,,,,-0.0184,,,,,,,,,,,
spelad,NO,2017,2017-07-16,,Odd,Viking,0,2,A,,,,,,,,,,,,,,,,,,,,0.5659,0.2561,0.1779,1,,,,1.78,4.05,5.5,,,,,0.3336,7,11,-0.2727,-0.1756,0.1008,0,0,,,,-0.0439,,,,,,,,,,,
spelad,NO,2017,2017-07-16,,Sandefjord,Tromso,3,0,H,,,,,,,,,,,,,,,,,,,,0.3639,0.2903,0.3458,1,,,,2.73,3.5,3,,,,,0.01,-6,3,0,0.0202,0.7484,0,0,,,,0.0227,,,,,,,,,,,
spelad,NO,2017,2017-07-17,,Kristiansund,Valerenga,1,1,D,,,,,,,,,,,,,,,,,,,,0.2801,0.2809,0.439,1,,,,3.48,3.5,2.35,,,,,-0.3895,-7,,,,,0,0,,,,0.0467,,,,,,,,,,,
spelad,NO,2017,2017-08-05,,Rosenborg,Kristiansund,4,1,H,,,,,,,,,,,,,,,,,,,,0.7438,0.1698,0.0865,1,,,,1.32,6.25,11.5,,,,,-0.4475,2,,,,,0,0,,,,-0.0309,,,,,,,,,,,
spelad,NO,2017,2017-08-06,,Aalesund,Brann,3,3,D,,,,,,,,,,,,,,,,,,,,0.3547,0.2787,0.3667,1,,,,2.8,3.55,2.75,,,,,-0.036,0,9,-1.6667,-0.7003,-0.0271,0,0,,,,0.0061,,,,,,,,,,,
spelad,NO,2017,2017-08-06,,Odd,Sogndal,2,1,H,,,,,,,,,,,,,,,,,,,,0.5446,0.2715,0.1839,1,,,,1.83,3.7,5.3,,,,,-0.7473,-1,9,0.6667,-0.0855,0.0757,0,0,,,,-0.0293,,,,,,,,,,,
spelad,NO,2017,2017-08-06,,Sarpsborg 08,Haugesund,2,1,H,,,,,,,,,,,,,,,,,,,,0.5509,0.25,0.199,1,,,,1.8,3.95,5.05,,,,,-0.2989,0,9,0,0.0219,0.0701,0,0,,,,-0.0189,,,,,,,,,,,
spelad,NO,2017,2017-08-06,,Stabaek,Sandefjord,1,3,A,,,,,,,,,,,,,,,,,,,,0.5475,0.2461,0.2065,1,,,,1.84,4,4.8,,,,,-0.3043,1,3,3,1.2789,-0.25,0,0,,,,-0.034,,,,,,,,,,,
spelad,NO,2017,2017-08-06,,Tromso,Molde,1,2,A,,,,,,,,,,,,,,,,,,,,0.3385,0.2746,0.3869,1,,,,3.05,3.7,2.55,,,,,-1.0715,0,9,-1.6667,-0.4289,-0.0173,0,0,,,,-0.017,,,,,,,,,,,
spelad,NO,2017,2017-08-06,,Viking,Lillestrom,2,2,D,,,,,,,,,,,,,,,,,,,,0.4275,0.2753,0.2972,1,,,,2.5,3.6,3.28,,,,,-0.5398,-1,11,0.2727,-0.082,0.1036,0,0,,,,-0.0631,,,,,,,,,,,
spelad,NO,2017,2017-08-07,,Stromsgodset,Valerenga,2,0,H,,,,,,,,,,,,,,,,,,,,0.4429,0.2857,0.2714,1,,,,2.4,3.55,3.59,,,,,-0.2452,1,11,0.2727,-0.2469,0.1253,0,0,,,,-0.0568,,,,,,,,,,,
spelad,NO,2017,2017-08-11,,Sandefjord,Sogndal,2,1,H,,,,,,,,,,,,,,,,,,,,0.4719,0.2807,0.2473,1,,,,2.15,3.6,4,,,,,0.2497,0,,,,,0,0,,,,-0.0336,,,,,,,,,,,
spelad,NO,2017,2017-08-12,,Molde,Rosenborg,1,2,A,,,,,,,,,,,,,,,,,,,,0.3635,0.2729,0.3635,1,,,,2.9,3.65,2.7,,,,,0.5663,-1,11,0.2727,0.3274,-0.0622,0,0,,,,-0.0412,,,,,,,,,,,
spelad,NO,2017,2017-08-13,,Aalesund,Viking,1,1,D,,,,,,,,,,,,,,,,,,,,0.422,0.2635,0.3145,1,,,,2.32,3.7,3.45,,,,,-0.4355,0,11,0.2727,0.4271,-0.0729,0,0,,,,0.0141,,,,,,,,,,,
spelad,NO,2017,2017-08-13,,Brann,Odd,2,0,H,,,,,,,,,,,,,,,,,,,,0.4876,0.2802,0.2322,1,,,,2.05,3.65,4.61,,,,,0.1832,0,9,0.3333,0.3089,-0.0352,0,0,,,,-0.0238,,,,,,,,,,,
spelad,NO,2017,2017-08-13,,Haugesund,Stabaek,2,2,D,,,,,,,,,,,,,,,,,,,,0.4923,0.2634,0.2443,1,,,,2.1,3.9,3.99,,,,,0.8999,0,9,2.3333,1.0218,-0.0299,0,0,,,,-0.044,,,,,,,,,,,
spelad,NO,2017,2017-08-13,,Kristiansund,Sarpsborg 08,2,2,D,,,,,,,,,,,,,,,,,,,,0.2307,0.2688,0.5005,1,,,,4.3,3.65,2.03,,,,,-0.1229,1,,,,,0,0,,,,0.0206,,,,,,,,,,,
spelad,NO,2017,2017-08-13,,Stromsgodset,Lillestrom,3,1,H,,,,,,,,,,,,,,,,,,,,0.4883,0.2632,0.2485,1,,,,2.14,3.8,3.95,,,,,-0.2294,-1,11,0.8182,0.129,-0.0631,0,0,,,,-0.044,,,,,,,,,,,
spelad,NO,2017,2017-08-14,,Valerenga,Tromso,0,0,D,,,,,,,,,,,,,,,,,,,,0.5796,0.2335,0.1869,1,,,,1.71,4.3,5.6,,,,,0.9509,-1,9,2,1.1182,-0.1498,0,0,,,,-0.0102,,,,,,,,,,,
spelad,NO,2017,2017-08-19,,Lillestrom,Valerenga,2,1,H,,,,,,,,,,,,,,,,,,,,0.4536,0.2694,0.277,1,,,,2.2,3.65,3.6,,,,,0.15,1,11,0,0.0041,0.1856,0,0,,,,-0.0206,,,,,,,,,,,
spelad,NO,2017,2017-08-20,,Odd,Sandefjord,1,0,H,,,,,,,,,,,,,,,,,,,,0.5441,0.2668,0.1891,1,,,,1.91,3.65,5.15,,,,,-1.2073,-2,3,2,0.3037,0.1129,0,0,,,,-0.0736,,,,,,,,,,,
spelad,NO,2017,2017-08-20,,Rosenborg,Haugesund,0,1,A,,,,,,,,,,,,,,,,,,,,0.6599,0.2035,0.1366,1,,,,1.52,4.85,7.52,,,,,-0.2353,1,11,0.8182,-0.0502,-0.0452,0,0,,,,-0.0375,,,,,,,,,,,
spelad,NO,2017,2017-08-20,,Sogndal,Kristiansund,2,0,H,,,,,,,,,,,,,,,,,,,,0.4371,0.2884,0.2746,1,,,,2.3,3.55,3.8,,,,,0.0186,2,,,,,0,0,,,,0.0005,,,,,,,,,,,
spelad,NO,2017,2017-08-20,,Stabaek,Molde,3,2,H,,,,,,,,,,,,,,,,,,,,0.3388,0.2725,0.3887,1,,,,3.05,3.7,2.65,,,,,-0.5545,-1,9,-1.6667,-0.2283,0.009,0,0,,,,-0.0109,,,,,,,,,,,
spelad,NO,2017,2017-08-20,,Tromso,Aalesund,3,2,H,,,,,,,,,,,,,,,,,,,,0.495,0.26,0.245,1,,,,2.1,3.8,4,,,,,-0.2214,-1,9,-0.6667,-0.4872,0.0737,0,0,,,,-0.0429,,,,,,,,,,,
spelad,NO,2017,2017-08-20,,Viking,Brann,2,4,A,,,,,,,,,,,,,,,,,,,,0.3623,0.2884,0.3493,1,,,,2.9,3.5,2.79,,,,,0.2388,0,9,0,-0.2336,0.0803,0,0,,,,-0.0337,,,,,,,,,,,
spelad,NO,2017,2017-08-21,,Sarpsborg 08,Stromsgodset,0,0,D,,,,,,,,,,,,,,,,,,,,0.5268,0.2486,0.2246,1,,,,1.91,3.92,4.75,,,,,-0.1857,0,9,-1,-0.1577,0.2025,0,0,,,,-0.0124,,,,,,,,,,,
spelad,NO,2017,2017-09-09,,Brann,Sogndal,2,1,H,,,,,,,,,,,,,,,,,,,,0.5944,0.2474,0.1582,1,,,,1.68,4.2,6.16,,,,,-0.0551,0,9,0.6667,0.2642,-0.1516,0,0,,,,-0.0437,,,,,,,,,,,
spelad,NO,2017,2017-09-10,,Aalesund,Stabaek,1,1,D,,,,,,,,,,,,,,,,,,,,0.3918,0.2658,0.3423,1,,,,2.53,3.75,3.1,,,,,-0.6388,0,9,1,0.4674,-0.0239,0,0,,,,0.0193,,,,,,,,,,,
spelad,NO,2017,2017-09-10,,Haugesund,Lillestrom,1,1,D,,,,,,,,,,,,,,,,,,,,0.4098,0.2725,0.3177,1,,,,2.45,3.6,3.2,,,,,0.7873,-1,11,-0.2727,-0.2763,0.2831,0,0,,,,-0.0029,,,,,,,,,,,
spelad,NO,2017,2017-09-10,,Kristiansund,Tromso,4,1,H,,,,,,,,,,,,,,,,,,,,0.4133,0.274,0.3127,1,,,,2.4,3.65,3.25,,,,,0.5785,0,,,,,0,0,,,,0,,,,,,,,,,,
spelad,NO,2017,2017-09-10,,Sandefjord,Viking,3,1,H,,,,,,,,,,,,,,,,,,,,0.4515,0.2827,0.2658,1,,,,2.2,3.6,3.79,,,,,0.9116,0,3,-1,0.146,-0.223,0,0,,,,-0.0114,,,,,,,,,,,
spelad,NO,2017,2017-09-10,,Stromsgodset,Rosenborg,0,2,A,,,,,,,,,,,,,,,,,,,,0.3066,0.2621,0.4314,1,,,,3.41,3.8,2.31,,,,,0.3525,-1,11,-0.5455,-0.0863,0.224,0,0,,,,-0.0156,,,,,,,,,,,
spelad,NO,2017,2017-09-10,,Valerenga,Sarpsborg 08,1,2,A,,,,,,,,,,,,,,,,,,,,0.3778,0.285,0.3372,1,,,,2.65,3.5,2.95,,,,,0.0888,2,9,0.6667,0.1439,0.0789,0,0,,,,-0.0036,,,,,,,,,,,
spelad,NO,2017,2017-09-11,,Molde,Odd,2,1,H,,,,,,,,,,,,,,,,,,,,0.5028,0.2615,0.2356,1,,,,1.97,4,4.95,,,,,0.6023,0,11,0.2727,-0.1724,0.1116,0,0,,,,0.0458,,,,,,,,,,,
spelad,NO,2017,2017-09-16,,Stabaek,Stromsgodset,0,2,A,,,,,,,,,,,,,,,,,,,,0.3272,0.2716,0.4012,1,,,,3.25,3.65,2.5,,,,,-0.0018,0,9,0.6667,0.8352,-0.1211,0,0,,,,-0.0106,,,,,,,,,,,
spelad,NO,2017,2017-09-17,,Lillestrom,Kristiansund,0,0,D,,,,,,,,,,,,,,,,,,,,0.6015,0.232,0.1666,1,,,,1.67,4.3,6,,,,,-0.266,0,,,,,0,0,,,,-0.0346,,,,,,,,,,,
spelad,NO,2017,2017-09-17,,Rosenborg,Valerenga,3,0,H,,,,,,,,,,,,,,,,,,,,0.6914,0.2027,0.106,1,,,,1.49,4.89,9.2,,,,,0.8568,0,11,1.9091,0.3627,0.1368,0,0,,,,-0.0705,,,,,,,,,,,
spelad,NO,2017,2017-09-17,,Sandefjord,Brann,0,1,A,,,,,,,,,,,,,,,,,,,,0.3288,0.3014,0.3699,1,,,,3,3.45,2.7,,,,,0.5373,-1,,,,,0,0,,,,-0.0053,,,,,,,,,,,
spelad,NO,2017,2017-09-17,,Sogndal,Haugesund,0,1,A,,,,,,,,,,,,,,,,,,,,0.4045,0.285,0.3105,1,,,,2.62,3.5,3.2,,,,,-0.6077,1,9,1.6667,1.0116,0.1835,0,0,,,,-0.0451,,,,,,,,,,,
spelad,NO,2017,2017-09-17,,Tromso,Sarpsborg 08,5,0,H,,,,,,,,,,,,,,,,,,,,0.3669,0.2757,0.3575,1,,,,2.68,3.6,2.99,,,,,-0.7691,0,7,-1.2857,-0.6654,0.0296,0,0,,,,0.0335,,,,,,,,,,,
spelad,NO,2017,2017-09-17,,Viking,Molde,2,3,A,,,,,,,,,,,,,,,,,,,,0.3056,0.2723,0.422,1,,,,3.4,3.7,2.35,,,,,-0.5793,1,11,0.5455,0.7133,-0.1614,0,0,,,,-0.0096,,,,,,,,,,,
spelad,NO,2017,2017-09-18,,Odd,Aalesund,3,2,H,,,,,,,,,,,,,,,,,,,,0.5664,0.2473,0.1863,1,,,,1.77,4.03,5.35,,,,,0.071,-1,11,0.2727,-0.0863,-0.063,0,0,,,,-0.04,,,,,,,,,,,
spelad,NO,2017,2017-09-21,,Tromso,Odd,2,2,D,,,,,,,,,,,,,,,,,,,,0.4733,0.2559,0.2708,1,,,,2.11,3.9,3.75,,,,,-0.0101,1,9,-0.6667,-0.2168,0.0852,0,0,,,,-0.0215,,,,,,,,,,,
spelad,NO,2017,2017-09-23,,Haugesund,Viking,2,1,H,,,,,,,,,,,,,,,,,,,,0.4973,0.2678,0.2349,1,,,,2,3.8,4.59,,,,,1.0002,0,11,0.2727,0.2808,0.0956,0,0,,,,0.0095,,,,,,,,,,,
spelad,NO,2017,2017-09-24,,Aalesund,Sogndal,0,1,A,,,,,,,,,,,,,,,,,,,,0.4202,0.2834,0.2963,1,,,,2.36,3.55,3.6,,,,,-0.6811,-1,9,0,-0.313,0.2886,0,0,,,,0.0228,,,,,,,,,,,
spelad,NO,2017,2017-09-24,,Kristiansund,Stabaek,1,0,H,,,,,,,,,,,,,,,,,,,,0.3964,0.2818,0.3218,1,,,,2.5,3.65,3.05,,,,,-0.2662,-1,,,,,0,0,,,,-0.0059,,,,,,,,,,,
spelad,NO,2017,2017-09-24,,Lillestrom,Rosenborg,0,3,A,,,,,,,,,,,,,,,,,,,,0.2614,0.2629,0.4757,1,,,,3.82,3.8,2.09,,,,,-0.4088,0,11,-2.1818,-0.4455,0.0676,0,0,,,,0.0046,,,,,,,,,,,
spelad,NO,2017,2017-09-24,,Molde,Sandefjord,3,1,H,,,,,,,,,,,,,,,,,,,,0.5584,0.2519,0.1897,1,,,,1.81,4.05,5.15,,,,,0.0916,0,3,2,0.1642,0.1337,0,0,,,,-0.0335,,,,,,,,,,,
spelad,NO,2017,2017-09-24,,Stromsgodset,Tromso,2,1,H,,,,,,,,,,,,,,,,,,,,0.5444,0.2461,0.2096,1,,,,1.83,4.05,5.25,,,,,0.6774,5,9,1,0.2255,-0.0339,0,0,,,,-0.0074,,,,,,,,,,,
spelad,NO,2017,2017-09-24,,Valerenga,Brann,2,1,H,,,,,,,,,,,,,,,,,,,,0.3482,0.2893,0.3625,1,,,,2.84,3.5,2.95,,,,,-0.7085,0,9,0.6667,0.3411,0.0699,0,0,,,,0.0352,,,,,,,,,,,
spelad,NO,2017,2017-09-25,,Sarpsborg 08,Odd,2,1,H,,,,,,,,,,,,,,,,,,,,0.5448,0.2594,0.1958,1,,,,1.83,3.92,5.1,,,,,0.2107,4,9,-0.3333,-0.0354,0.4125,0,0,,,,-0.0356,,,,,,,,,,,
spelad,NO,2017,2017-09-29,,Brann,Kristiansund,0,4,A,,,,,,,,,,,,,,,,,,,,0.5545,0.2645,0.1811,1,,,,1.8,3.95,5.6,,,,,-0.0163,0,,,,,0,0,,,,-0.0134,,,,,,,,,,,
spelad,NO,2017,2017-09-30,,Stabaek,Valerenga,4,2,H,,,,,,,,,,,,,,,,,,,,0.4014,0.2819,0.3167,1,,,,2.55,3.6,3.15,,,,,0.3509,0,9,0.3333,0.4896,-0.0248,0,0,,,,-0.019,,,,,,,,,,,
spelad,NO,2017,2017-10-01,,Odd,Haugesund,1,0,H,,,,,,,,,,,,,,,,,,,,0.4848,0.2685,0.2467,1,,,,2.19,3.65,4.2,,,,,-0.9111,-2,11,1.3636,0.54,-0.0723,0,0,,,,-0.0316,,,,,,,,,,,
spelad,NO,2017,2017-10-01,,Rosenborg,Sarpsborg 08,1,1,D,,,,,,,,,,,,,,,,,,,,0.6101,0.233,0.1569,1,,,,1.74,4.33,6.45,,,,,0.3762,1,9,2.3333,0.513,0.0139,0,0,,,,-0.0469,,,,,,,,,,,
spelad,NO,2017,2017-10-01,,Sandefjord,Aalesund,2,0,H,,,,,,,,,,,,,,,,,,,,0.4241,0.2803,0.2956,1,,,,2.34,3.59,3.84,,,,,1.2753,0,3,-3,-1.0447,-0.2466,0,0,,,,0.0242,,,,,,,,,,,
spelad,NO,2017,2017-10-01,,Sogndal,Molde,2,2,D,,,,,,,,,,,,,,,,,,,,0.293,0.2733,0.4337,1,,,,3.4,3.65,2.3,,,,,-0.5992,0,9,0,0.6048,-0.1244,0,0,,,,0.0066,,,,,,,,,,,
spelad,NO,2017,2017-10-01,,Tromso,Lillestrom,2,1,H,,,,,,,,,,,,,,,,,,,,0.4561,0.2674,0.2765,1,,,,2.27,3.7,3.75,,,,,0.079,0,9,0,-0.0778,-0.141,0,0,,,,-0.0537,,,,,,,,,,,
spelad,NO,2017,2017-10-01,,Viking,Stromsgodset,0,1,A,,,,,,,,,,,,,,,,,,,,0.3472,0.2733,0.3796,1,,,,3.14,3.65,2.57,,,,,-1.1664,1,11,-1.0909,-0.3542,0.0106,0,0,,,,-0.0481,,,,,,,,,,,
spelad,NO,2017,2017-10-12,,Valerenga,Haugesund,3,0,H,,,,,,,,,,,,,,,,,,,,0.4622,0.2763,0.2615,1,,,,2.21,3.65,3.8,,,,,-1.1095,1,11,-0.2727,-0.111,-0.0775,0,0,,,,-0.0346,,,,,,,,,,,
spelad,NO,2017,2017-10-14,,Stromsgodset,Odd,1,0,H,,,,,,,,,,,,,,,,,,,,0.4925,0.2709,0.2367,1,,,,2.05,3.65,4.15,,,,,0.5327,0,11,-0.2727,-0.2511,-0.0754,0,0,,,,-0.0372,,,,,,,,,,,
spelad,NO,2017,2017-10-14,,Tromso,Rosenborg,0,3,A,,,,,,,,,,,,,,,,,,,,0.2507,0.2567,0.4926,1,,,,3.89,3.9,2.11,,,,,-0.3779,0,9,-0.6667,0.1792,0.1131,0,0,,,,0.047,,,,,,,,,,,
spelad,NO,2017,2017-10-15,,Haugesund,Sandefjord,2,0,H,,,,,,,,,,,,,,,,,,,,0.5276,0.2682,0.2042,1,,,,1.9,3.75,5,,,,,-0.4589,-7,3,1,0.5051,-0.2664,0,0,,,,-0.0225,,,,,,,,,,,
spelad,NO,2017,2017-10-15,,Kristiansund,Viking,0,2,A,,,,,,,,,,,,,,,,,,,,0.5023,0.2571,0.2406,1,,,,2.05,3.79,4.15,,,,,1.0424,2,,,,,0,0,,,,-0.0361,,,,,,,,,,,
spelad,NO,2017,2017-10-15,,Lillestrom,Sogndal,1,0,H,,,,,,,,,,,,,,,,,,,,0.5398,0.2531,0.207,1,,,,1.83,3.9,4.8,,,,,-0.2927,0,9,1,0.402,-0.0434,0,0,,,,-0.0289,,,,,,,,,,,
spelad,NO,2017,2017-10-15,,Molde,Brann,1,0,H,,,,,,,,,,,,,,,,,,,,0.4877,0.2615,0.2508,1,,,,2.05,3.9,4.06,,,,,0.0966,-2,9,0.3333,-0.0764,-0.2403,0,0,,,,0.0063,,,,,,,,,,,
spelad,NO,2017,2017-10-15,,Valerenga,Aalesund,5,1,H,,,,,,,,,,,,,,,,,,,,0.5112,0.2542,0.2346,1,,,,1.91,4.05,4.75,,,,,0.4369,-7,11,-0.8182,-0.4571,-0.0657,0,0,,,,0.0257,,,,,,,,,,,
spelad,NO,2017,2017-10-16,,Sarpsborg 08,Stabaek,2,2,D,,,,,,,,,,,,,,,,,,,,0.5806,0.235,0.1844,1,,,,1.71,4.2,5.75,,,,,0.5533,-1,7,-0.8571,-0.5369,0.1676,0,0,,,,-0.0217,,,,,,,,,,,
spelad,NO,2017,2017-10-21,,Aalesund,Kristiansund,1,1,D,,,,,,,,,,,,,,,,,,,,0.4827,0.2586,0.2586,1,,,,2.11,3.8,3.8,,,,,-1.1242,0,,,,,0,0,,,,-0.031,,,,,,,,,,,
spelad,NO,2017,2017-10-22,,Brann,Rosenborg,0,3,A,,,,,,,,,,,,,,,,,,,,0.3137,0.271,0.4152,1,,,,3.11,3.6,2.52,,,,,-0.3687,-1,9,-1.3333,-0.1422,-0.1188,0,0,,,,0.0479,,,,,,,,,,,
spelad,NO,2017,2017-10-22,,Molde,Haugesund,1,0,H,,,,,,,,,,,,,,,,,,,,0.5614,0.2412,0.1974,1,,,,1.77,4.11,5.2,,,,,-0.0025,0,11,-0.8182,-1.0224,0.3078,0,0,,,,-0.0241,,,,,,,,,,,
spelad,NO,2017,2017-10-22,,Sandefjord,Stromsgodset,1,2,A,,,,,,,,,,,,,,,,,,,,0.3067,0.2835,0.4098,1,,,,3.23,3.5,2.56,,,,,-0.5768,-1,3,-3,-0.5886,-0.1959,0,0,,,,0.0452,,,,,,,,,,,
spelad,NO,2017,2017-10-22,,Sogndal,Sarpsborg 08,3,3,D,,,,,,,,,,,,,,,,,,,,0.3126,0.2973,0.3901,1,,,,3.12,3.45,2.55,,,,,-0.268,1,7,0,0.0701,0.151,0,0,,,,0.0148,,,,,,,,,,,
spelad,NO,2017,2017-10-22,,Stabaek,Tromso,1,2,A,,,,,,,,,,,,,,,,,,,,0.4167,0.2573,0.3261,1,,,,2.4,3.9,3.15,,,,,-0.2398,-2,7,0,0.2848,-0.1033,0,0,,,,0.0053,,,,,,,,,,,
spelad,NO,2017,2017-10-22,,Viking,Valerenga,1,7,A,,,,,,,,,,,,,,,,,,,,0.3721,0.2746,0.3532,1,,,,2.7,3.6,2.85,,,,,-0.4559,0,11,0,-0.1332,0.0154,0,0,,,,0.0063,,,,,,,,,,,
spelad,NO,2017,2017-10-23,,Odd,Lillestrom,1,0,H,,,,,,,,,,,,,,,,,,,,0.4955,0.2653,0.2392,1,,,,2.05,3.75,4.08,,,,,0.2093,1,11,0.2727,-0.0419,-0.0734,0,0,,,,-0.0348,,,,,,,,,,,
spelad,NO,2017,2017-10-28,,Haugesund,Brann,2,3,A,,,,,,,,,,,,,,,,,,,,0.3809,0.2885,0.3306,1,,,,2.65,3.45,3.05,,,,,0.4008,0,9,0.3333,0.3927,-0.255,0,0,,,,0.0027,,,,,,,,,,,
spelad,NO,2017,2017-10-29,,Kristiansund,Odd,2,2,D,,,,,,,,,,,,,,,,,,,,0.4012,0.277,0.3218,1,,,,2.45,3.55,3.25,,,,,0.0986,2,,,,,0,0,,,,0.0111,,,,,,,,,,,
spelad,NO,2017,2017-10-29,,Rosenborg,Stabaek,0,0,D,,,,,,,,,,,,,,,,,,,,0.7543,0.1532,0.0925,1,,,,1.32,6.5,11,,,,,0.6845,0,9,1.3333,-0.0032,-0.0886,0,0,,,,-0.0567,,,,,,,,,,,
spelad,NO,2017,2017-10-29,,Sarpsborg 08,Sandefjord,5,0,H,,,,,,,,,,,,,,,,,,,,0.6293,0.2285,0.1422,1,,,,1.6,4.35,7,,,,,-0.0465,0,3,-1,-0.64,-0.2558,0,0,,,,-0.0374,,,,,,,,,,,
spelad,NO,2017,2017-10-29,,Stromsgodset,Sogndal,4,1,H,,,,,,,,,,,,,,,,,,,,0.61,0.2223,0.1677,1,,,,1.62,4.4,6.33,,,,,1.0522,0,9,2,0.4551,0.0948,0,0,,,,-0.0093,,,,,,,,,,,
spelad,NO,2017,2017-10-29,,Tromso,Viking,3,0,H,,,,,,,,,,,,,,,,,,,,0.6506,0.196,0.1534,1,,,,1.52,5.1,7,,,,,0.9681,0,9,1,0.7929,-0.2724,0,0,,,,-0.0204,,,,,,,,,,,
spelad,NO,2017,2017-10-29,,Valerenga,Molde,1,2,A,,,,,,,,,,,,,,,,,,,,0.3916,0.2686,0.3398,1,,,,2.55,3.67,3.05,,,,,-0.141,0,11,-1.9091,-0.4805,-0.0504,0,0,,,,0.0152,,,,,,,,,,,
spelad,NO,2017,2017-10-30,,Lillestrom,Aalesund,4,0,H,,,,,,,,,,,,,,,,,,,,0.5693,0.234,0.1967,1,,,,1.77,4.16,5.1,,,,,0.5309,-2,11,-0.2727,-0.2575,0.286,0,0,,,,-0.0364,,,,,,,,,,,
spelad,NO,2017,2017-11-03,,Sandefjord,Valerenga,2,0,H,,,,,,,,,,,,,,,,,,,,0.3653,0.2787,0.356,1,,,,2.73,3.65,2.75,,,,,-0.5174,0,3,-1,0.2369,-0.2142,0,0,,,,-0.0014,,,,,,,,,,,
spelad,NO,2017,2017-11-04,,Molde,Kristiansund,0,1,A,,,,,,,,,,,,,,,,,,,,0.5612,0.2454,0.1934,1,,,,1.77,4.05,5.55,,,,,0.4661,0,,,,,0,0,,,,-0.0122,,,,,,,,,,,
spelad,NO,2017,2017-11-05,,Aalesund,Rosenborg,2,1,H,,,,,,,,,,,,,,,,,,,,0.275,0.2624,0.4626,1,,,,3.75,3.86,2.15,,,,,-1.1257,-1,11,-1.6364,-0.3575,0.2415,0,0,,,,0.0013,,,,,,,,,,,
spelad,NO,2017,2017-11-05,,Brann,Lillestrom,2,0,H,,,,,,,,,,,,,,,,,,,,0.4927,0.2622,0.2451,1,,,,2.05,3.85,4.1,,,,,0.1556,2,9,-0.6667,-0.2923,-0.1453,0,0,,,,-0.0148,,,,,,,,,,,
spelad,NO,2017,2017-11-05,,Haugesund,Stromsgodset,1,3,A,,,,,,,,,,,,,,,,,,,,0.3534,0.2771,0.3695,1,,,,2.79,3.56,2.75,,,,,-0.9349,1,11,-0.8182,0.039,-0.0492,0,0,,,,0.0202,,,,,,,,,,,
spelad,NO,2017,2017-11-05,,Odd,Stabaek,0,5,A,,,,,,,,,,,,,,,,,,,,0.4981,0.249,0.2529,1,,,,1.96,3.95,4.1,,,,,0.0958,0,9,1,0.1776,-0.2349,0,0,,,,0.0006,,,,,,,,,,,
spelad,NO,2017,2017-11-05,,Sogndal,Tromso,0,2,A,,,,,,,,,,,,,,,,,,,,0.3766,0.2835,0.3399,1,,,,2.61,3.55,3,,,,,-0.3516,0,7,-0.4286,-0.0955,0.3103,0,0,,,,0.0099,,,,,,,,,,,
spelad,NO,2017,2017-11-05,,Viking,Sarpsborg 08,2,1,H,,,,,,,,,,,,,,,,,,,,0.1907,0.2281,0.5812,1,,,,5.6,4.3,1.7,,,,,-0.7907,0,9,0.3333,0.0185,-0.0343,0,0,,,,-0.0011,,,,,,,,,,,
spelad,NO,2017,2017-11-19,,Kristiansund,Sandefjord,3,2,H,,,,,,,,,,,,,,,,,,,,0.5112,0.2727,0.216,1,,,,1.96,3.75,4.52,,,,,0.723,-1,,,,,0,0,,,,-0.0406,,,,,,,,,,,
spelad,NO,2017,2017-11-19,,Lillestrom,Molde,0,1,A,,,,,,,,,,,,,,,,,,,,0.3947,0.277,0.3283,1,,,,2.5,3.7,3.1,,,,,-1.0655,-1,11,-0.2727,0.4562,-0.0473,0,0,,,,0.0015,,,,,,,,,,,
spelad,NO,2017,2017-11-19,,Rosenborg,Viking,2,0,H,,,,,,,,,,,,,,,,,,,,0.7774,0.1396,0.083,0,,,,1.26,7.45,13.35,,,,,0.5599,0,11,2.1818,0.5796,0.0404,0,0,,,,,,,,,,,,,,,
spelad,NO,2017,2017-11-19,,Sarpsborg 08,Aalesund,1,0,H,,,,,,,,,,,,,,,,,,,,0.6504,0.1991,0.1505,1,,,,1.52,4.95,7,,,,,0.47,0,9,0.6667,0.2657,0.0732,0,0,,,,-0.0229,,,,,,,,,,,
spelad,NO,2017,2017-11-19,,Stabaek,Sogndal,1,1,D,,,,,,,,,,,,,,,,,,,,0.5109,0.2458,0.2433,1,,,,2.05,4.06,4.4,,,,,0.4725,0,7,0,0.296,-0.1243,0,0,,,,-0.0124,,,,,,,,,,,
spelad,NO,2017,2017-11-19,,Stromsgodset,Brann,2,1,H,,,,,,,,,,,,,,,,,,,,0.5053,0.2533,0.2414,1,,,,1.95,3.9,4.3,,,,,1.0432,0,9,0.3333,-0.0687,-0.0213,0,0,,,,0.0011,,,,,,,,,,,
spelad,NO,2017,2017-11-19,,Tromso,Haugesund,2,0,H,,,,,,,,,,,,,,,,,,,,0.5705,0.2301,0.1995,1,,,,1.83,4.27,5.01,,,,,0.7801,0,9,0.3333,0.2219,-0.03,0,0,,,,-0.0794,,,,,,,,,,,
spelad,NO,2017,2017-11-19,,Valerenga,Odd,2,0,H,,,,,,,,,,,,,,,,,,,,0.5195,0.2485,0.232,1,,,,1.92,3.95,4.5,,,,,0.2052,2,11,-0.2727,0.1214,-0.0756,0,0,,,,-0.0251,,,,,,,,,,,
spelad,NO,2017,2017-11-26,,Aalesund,Stromsgodset,4,3,H,,,,,,,,,,,,,,,,,,,,0.2877,0.2566,0.4557,1,,,,3.55,3.9,2.18,,,,,-1.9387,0,11,-0.5455,0.2739,-0.1432,0,0,,,,-0.0037,,,,,,,,,,,
spelad,NO,2017,2017-11-26,,Brann,Tromso,2,2,D,,,,,,,,,,,,,,,,,,,,0.4536,0.2587,0.2877,1,,,,2.18,3.9,3.6,,,,,-0.7646,0,7,-0.8571,-0.2448,-0.109,0,0,,,,0.0079,,,,,,,,,,,
spelad,NO,2017,2017-11-26,,Haugesund,Kristiansund,2,3,A,,,,,,,,,,,,,,,,,,,,0.5021,0.2543,0.2435,1,,,,2.05,3.9,4.05,,,,,-1.1486,0,,,,,0,0,,,,-0.0399,,,,,,,,,,,
spelad,NO,2017,2017-11-26,,Molde,Sarpsborg 08,2,2,D,,,,,,,,,,,,,,,,,,,,0.375,0.2818,0.3433,1,,,,2.65,3.65,3,,,,,0.9324,0,9,0,-0.4422,-0.1141,0,0,,,,0.0111,,,,,,,,,,,
spelad,NO,2017,2017-11-26,,Odd,Rosenborg,1,0,H,,,,,,,,,,,,,,,,,,,,0.2732,0.2488,0.478,1,,,,3.85,3.92,2.05,,,,,-0.4352,0,11,-1.6364,-0.325,-0.1481,0,0,,,,-0.0127,,,,,,,,,,,
spelad,NO,2017,2017-11-26,,Sandefjord,Lillestrom,1,3,A,,,,,,,,,,,,,,,,,,,,0.3638,0.2724,0.3638,1,,,,2.7,3.65,2.85,,,,,0.2176,0,3,-2,-0.5866,0.0879,0,0,,,,0.0139,,,,,,,,,,,
spelad,NO,2017,2017-11-26,,Sogndal,Valerenga,5,2,H,,,,,,,,,,,,,,,,,,,,0.5453,0.2416,0.2131,1,,,,1.87,4.05,4.58,,,,,-0.7624,0,9,0,0.2973,-0.1561,0,0,,,,-0.0419,,,,,,,,,,,
spelad,NO,2017,2017-11-26,,Viking,Stabaek,2,0,H,,,,,,,,,,,,,,,,,,,,0.3421,0.2533,0.4046,1,,,,2.95,3.86,2.5,,,,,-0.1491,0,9,0.6667,0.0327,0.0827,0,0,,,,-0.0046,,,,,,,,,,,
spelad,NO,2017,2017-11-29,,Sogndal,Ranheim,1,0,H,,,,,,,,,,,,,,,,,,,,0.603,0.2467,0.1503,1,,,,1.64,4.25,6.5,,,,,,,,,,,-1,0,,,,-0.0186,,,,,,,,,,,
spelad,NO,2017,2017-12-02,,Ranheim,Sogndal,1,0,H,,,,,,,,,,,,,,,,,,,,0.3781,0.2878,0.3341,1,,,,2.63,3.55,2.92,,,,,,0,,,,,1,0,,,,-0.0127,,,,,,,,,,,
spelad,NO,2018,2018-03-11,,Bodo/Glimt,Lillestrom,3,1,H,,,,,,,,,,,,,,,,,,,,0.3977,0.2734,0.3289,1,,,,2.44,3.56,3.3,,,,,-0.1651,,6,-2,-0.8831,0.0853,1,0,,,,0.0572,,,,,,,,,,,
spelad,NO,2018,2018-03-11,,Molde,Sandefjord,5,0,H,,,,,,,,,,,,,,,,,,,,0.6816,0.1981,0.1203,1,,,,1.46,5,8.3,,,,,0.8419,,4,2.25,0.3914,0.0373,0,0,,,,-0.0354,,,,,,,,,,,
spelad,NO,2018,2018-03-11,,Odd,Haugesund,1,2,A,,,,,,,,,,,,,,,,,,,,0.5099,0.2808,0.2093,1,,,,1.94,3.5,4.75,,,,,0.8513,,12,1.5,0.6015,-0.0886,0,0,,,,-0.0106,,,,,,,,,,,
spelad,NO,2018,2018-03-11,,Sarpsborg 08,Rosenborg,1,0,H,,,,,,,,,,,,,,,,,,,,0.3102,0.2951,0.3947,1,,,,3.3,3.32,2.47,,,,,0.0792,,10,-2.1,-0.4445,0.0892,0,0,,,,-0.0093,,,,,,,,,,,
spelad,NO,2018,2018-03-11,,Start,Tromso,4,1,H,,,,,,,,,,,,,,,,,,,,0.4011,0.2889,0.3101,1,,,,2.5,3.38,3.18,,,,,-0.5224,,6,1,0.701,0.0785,1,0,,,,-0.0039,,,,,,,,,,,
spelad,NO,2018,2018-03-11,,Stromsgodset,Stabaek,2,2,D,,,,,,,,,,,,,,,,,,,,0.5852,0.2369,0.1779,1,,,,1.75,4.14,5.75,,,,,1.0412,,10,-0.3,-0.4902,-0.1361,0,0,,,,-0.051,,,,,,,,,,,
spelad,NO,2018,2018-03-12,,Kristiansund,Valerenga,0,1,A,,,,,,,,,,,,,,,,,,,,0.3719,0.2765,0.3516,1,,,,2.85,3.52,2.87,,,,,0.7901,,,,,,0,0,,,,-0.0268,,,,,,,,,,,
spelad,NO,2018,2018-03-17,,Lillestrom,Sarpsborg 08,2,2,D,,,,,,,,,,,,,,,,,,,,0.3676,0.2932,0.3393,1,,,,2.7,3.35,2.92,,,,,-0.2567,0,10,0.3,0.0906,0.0392,0,0,,,,-0.0069,,,,,,,,,,,
spelad,NO,2018,2018-03-17,,Rosenborg,Kristiansund,2,2,D,,,,,,,,,,,,,,,,,,,,0.7806,0.1549,0.0645,1,,,,1.29,6.7,15.5,,,,,-0.9899,1,,,,,0,0,,,,-0.0315,,,,,,,,,,,
spelad,NO,2018,2018-03-18,,Brann,Bodo/Glimt,2,0,H,,,,,,,,,,,,,,,,,,,,0.5296,0.2738,0.1966,1,,,,1.9,3.75,4.93,,,,,-0.0473,,4,0,-0.0313,-0.257,-1,0,,,,-0.0406,,,,,,,,,,,
spelad,NO,2018,2018-03-18,,Haugesund,Molde,0,1,A,,,,,,,,,,,,,,,,,,,,0.3142,0.296,0.3899,1,,,,3.15,3.4,2.51,,,,,-0.9573,0,12,0.5,0.5857,0.2621,0,0,,,,0.0014,,,,,,,,,,,
spelad,NO,2018,2018-03-18,,Valerenga,Odd,2,1,H,,,,,,,,,,,,,,,,,,,,0.4949,0.2779,0.2272,1,,,,2,3.6,4.27,,,,,0.5837,-1,12,0,0.2107,-0.09,0,0,,,,-0.0286,,,,,,,,,,,
spelad,NO,2018,2018-04-02,,Bodo/Glimt,Haugesund,0,3,A,,,,,,,,,,,,,,,,,,,,0.5171,0.2558,0.2271,1,,,,1.91,3.86,4.45,,,,,0.1117,0,6,0,0.1999,-0.2535,1,0,,,,-0.0143,,,,,,,,,,,
spelad,NO,2018,2018-04-02,,Kristiansund,Lillestrom,2,1,H,,,,,,,,,,,,,,,,,,,,0.3472,0.2902,0.3627,1,,,,2.87,3.45,2.75,,,,,0.4549,0,,,,,0,0,,,,0.0011,,,,,,,,,,,
spelad,NO,2018,2018-04-02,,Molde,Tromso,2,1,H,,,,,,,,,,,,,,,,,,,,0.6335,0.2254,0.1411,1,,,,1.57,4.4,6.94,,,,,0.1711,-7,10,1.8,0.5581,-0.043,0,0,,,,-0.0448,,,,,,,,,,,
spelad,NO,2018,2018-04-02,,Odd,Rosenborg,1,1,D,,,,,,,,,,,,,,,,,,,,0.2735,0.2872,0.4393,1,,,,4,3.55,2.27,,,,,0.1184,-1,12,-1.25,-0.137,-0.1565,0,0,,,,-0.003,,,,,,,,,,,
spelad,NO,2018,2018-04-02,,Ranheim,Stabaek,4,1,H,,,,,,,,,,,,,,,,,,,,0.303,0.2679,0.4291,1,,,,3.3,3.7,2.4,,,,,,,,,,,0,0,,,,0.0086,,,,,,,,,,,
spelad,NO,2018,2018-04-02,,Sarpsborg 08,Valerenga,3,0,H,,,,,,,,,,,,,,,,,,,,0.443,0.2837,0.2733,1,,,,2.25,3.6,3.85,,,,,-0.4796,1,10,-0.3,-0.0302,0.0425,0,0,,,,0.0116,,,,,,,,,,,
spelad,NO,2018,2018-04-02,,Start,Sandefjord,1,4,A,,,,,,,,,,,,,,,,,,,,0.5844,0.2469,0.1687,1,,,,1.7,4,6.1,,,,,0.7619,0,,,,,1,0,,,,-0.022,,,,,,,,,,,
spelad,NO,2018,2018-04-02,,Stromsgodset,Brann,1,1,D,,,,,,,,,,,,,,,,,,,,0.4752,0.2663,0.2585,1,,,,2.12,3.7,3.9,,,,,0.8922,7,10,0.6,0.0613,-0.0445,0,0,,,,-0.0157,,,,,,,,,,,
spelad,NO,2018,2018-04-07,,Valerenga,Stromsgodset,1,4,A,,,,,,,,,,,,,,,,,,,,0.48,0.2586,0.2614,1,,,,2.1,3.75,3.8,,,,,-0.2792,0,12,-0.5,0.0198,0.091,0,0,,,,-0.0228,,,,,,,,,,,
spelad,NO,2018,2018-04-08,,Brann,Kristiansund,1,0,H,,,,,,,,,,,,,,,,,,,,0.5783,0.2557,0.1661,1,,,,1.7,3.9,6.1,,,,,-0.693,0,,,,,0,0,,,,-0.0118,,,,,,,,,,,
spelad,NO,2018,2018-04-08,,Haugesund,Sarpsborg 08,1,1,D,,,,,,,,,,,,,,,,,,,,0.344,0.294,0.362,1,,,,2.91,3.35,2.76,,,,,-0.6385,0,10,-0.3,-0.1676,0.0381,0,0,,,,-0.0012,,,,,,,,,,,
spelad,NO,2018,2018-04-08,,Odd,Bodo/Glimt,1,0,H,,,,,,,,,,,,,,,,,,,,0.4534,0.2756,0.271,1,,,,2.2,3.6,3.7,,,,,0.1789,0,6,2,0.5317,-0.2132,-1,0,,,,-0.0053,,,,,,,,,,,
spelad,NO,2018,2018-04-08,,Rosenborg,Molde,4,0,H,,,,,,,,,,,,,,,,,,,,0.5367,0.2625,0.2008,1,,,,1.9,3.83,4.86,,,,,-1.4592,0,12,0,-0.1067,-0.0798,0,0,,,,-0.0374,,,,,,,,,,,
spelad,NO,2018,2018-04-08,,Sandefjord,Stabaek,1,1,D,,,,,,,,,,,,,,,,,,,,0.3479,0.2638,0.3883,1,,,,2.87,3.68,2.62,,,,,0.0743,0,4,-1.5,-0.2381,-0.249,0,0,,,,0.0036,,,,,,,,,,,
spelad,NO,2018,2018-04-08,,Tromso,Ranheim,4,0,H,,,,,,,,,,,,,,,,,,,,0.5819,0.2308,0.1872,1,,,,1.7,4.21,5.5,,,,,0.2001,0,,,,,0,0,,,,-0.0112,,,,,,,,,,,
spelad,NO,2018,2018-04-09,,Lillestrom,Start,1,0,H,,,,,,,,,,,,,,,,,,,,0.5035,0.2578,0.2388,1,,,,1.98,3.8,4.25,,,,,-0.6978,0,8,0,-0.2995,0.2465,-1,0,,,,-0.0223,,,,,,,,,,,
spelad,NO,2018,2018-04-11,,Sandefjord,Ranheim,1,2,A,,,,,,,,,,,,,,,,,,,,0.4763,0.2808,0.2429,1,,,,2.07,3.6,4.23,,,,,-0.0906,0,,,,,0,0,,,,0.0129,,,,,,,,,,,
spelad,NO,2018,2018-04-11,,Tromso,Stromsgodset,3,1,H,,,,,,,,,,,,,,,,,,,,0.4042,0.2725,0.3233,1,,,,2.47,3.6,3.2,,,,,0.0596,-1,10,-1.2,-0.2599,-0.0551,0,0,,,,0.0063,,,,,,,,,,,
spelad,NO,2018,2018-04-14,,Start,Valerenga,1,6,A,,,,,,,,,,,,,,,,,,,,0.3731,0.2741,0.3528,1,,,,2.72,3.6,2.75,,,,,0.1455,-2,8,-0.75,-0.116,0.0129,1,0,,,,-0.0149,,,,,,,,,,,
spelad,NO,2018,2018-04-15,,Molde,Lillestrom,2,1,H,,,,,,,,,,,,,,,,,,,,0.5816,0.2369,0.1815,1,,,,1.75,4.15,5.35,,,,,0.6228,1,12,0.5,-0.23,-0.0664,0,0,,,,-0.0502,,,,,,,,,,,
spelad,NO,2018,2018-04-15,,Ranheim,Haugesund,4,2,H,,,,,,,,,,,,,,,,,,,,0.3371,0.2822,0.3807,1,,,,3,3.5,2.6,,,,,0.5862,-3,,,,,0,0,,,,-0.0025,,,,,,,,,,,
spelad,NO,2018,2018-04-15,,Sandefjord,Kristiansund,3,3,D,,,,,,,,,,,,,,,,,,,,0.3534,0.3115,0.3351,1,,,,2.8,3.3,2.9,,,,,-0.84,-3,,,,,0,0,,,,0.0095,,,,,,,,,,,
spelad,NO,2018,2018-04-15,,Sarpsborg 08,Brann,1,2,A,,,,,,,,,,,,,,,,,,,,0.4186,0.2911,0.2903,1,,,,2.46,3.45,3.54,,,,,-0.0443,0,8,1.125,0.7611,-0.1352,0,0,,,,0.0194,,,,,,,,,,,
spelad,NO,2018,2018-04-15,,Stabaek,Tromso,1,1,D,,,,,,,,,,,,,,,,,,,,0.462,0.2615,0.2764,1,,,,2.19,3.75,3.65,,,,,-0.8878,3,8,-0.375,0.0608,-0.1226,0,0,,,,-0.0257,,,,,,,,,,,
spelad,NO,2018,2018-04-15,,Stromsgodset,Odd,3,0,H,,,,,,,,,,,,,,,,,,,,0.5107,0.2615,0.2278,1,,,,1.95,3.75,4.5,,,,,0.4639,-3,12,0,-0.1258,-0.0917,0,0,,,,-0.0114,,,,,,,,,,,
spelad,NO,2018,2018-04-16,,Bodo/Glimt,Rosenborg,0,1,A,,,,,,,,,,,,,,,,,,,,0.1925,0.2468,0.5607,1,,,,5.25,4.05,1.76,,,,,-0.0129,0,6,-0.5,0.2553,0.3015,1,0,,,,0.0223,,,,,,,,,,,
spelad,NO,2018,2018-04-21,,Brann,Stabaek,3,0,H,,,,,,,,,,,,,,,,,,,,0.5578,0.2534,0.1888,1,,,,1.78,3.85,5.5,,,,,0.9265,0,8,0.75,0.0391,-0.0001,0,0,,,,-0.0323,,,,,,,,,,,
spelad,NO,2018,2018-04-22,,Haugesund,Stromsgodset,1,0,H,,,,,,,,,,,,,,,,,,,,0.4028,0.2758,0.3214,1,,,,2.47,3.55,3.1,,,,,-0.5275,0,12,-1,-0.0757,-0.0682,0,0,,,,-0.015,,,,,,,,,,,
spelad,NO,2018,2018-04-22,,Kristiansund,Bodo/Glimt,1,1,D,,,,,,,,,,,,,,,,,,,,0.3946,0.283,0.3225,1,,,,2.5,3.45,3.42,,,,,1.453,1,,,,,-1,0,,,,0.0089,,,,,,,,,,,
spelad,NO,2018,2018-04-22,,Lillestrom,Ranheim,0,1,A,,,,,,,,,,,,,,,,,,,,0.6263,0.2138,0.1599,1,,,,1.65,4.54,6.25,,,,,-0.8493,0,,,,,0,0,,,,-0.0377,,,,,,,,,,,
spelad,NO,2018,2018-04-22,,Rosenborg,Start,2,0,H,,,,,,,,,,,,,,,,,,,,0.751,0.1628,0.0861,1,,,,1.3,6.62,12.5,,,,,-0.2694,-2,8,2.625,0.645,-0.0673,-1,0,,,,-0.0102,,,,,,,,,,,
spelad,NO,2018,2018-04-22,,Tromso,Sandefjord,4,1,H,,,,,,,,,,,,,,,,,,,,0.6783,0.2034,0.1183,1,,,,1.5,4.77,8.2,,,,,0.5717,0,4,-0.75,-0.9084,0.4887,0,0,,,,-0.0548,,,,,,,,,,,
spelad,NO,2018,2018-04-22,,Valerenga,Molde,0,0,D,,,,,,,,,,,,,,,,,,,,0.483,0.2575,0.2596,1,,,,2.15,3.77,3.9,,,,,-0.2481,1,12,-2,-0.5608,-0.0686,0,0,,,,-0.0229,,,,,,,,,,,
spelad,NO,2018,2018-04-23,,Odd,Sarpsborg 08,3,1,H,,,,,,,,,,,,,,,,,,,,0.3558,0.2998,0.3444,1,,,,2.9,3.3,2.85,,,,,-0.3381,0,10,0,-0.424,0.3453,0,0,,,,-0.0094,,,,,,,,,,,
spelad,NO,2018,2018-04-25,,Ranheim,Brann,0,2,A,,,,,,,,,,,,,,,,,,,,0.3026,0.284,0.4134,1,,,,3.28,3.46,2.45,,,,,0.232,-1,,,,,0,0,,,,0.0126,,,,,,,,,,,
spelad,NO,2018,2018-04-25,,Stabaek,Start,1,1,D,,,,,,,,,,,,,,,,,,,,0.5704,0.2309,0.1987,1,,,,1.85,4.25,5.25,,,,,0.1215,1,6,1,0.4459,-0.2414,-1,0,,,,-0.0355,,,,,,,,,,,
spelad,NO,2018,2018-04-28,,Ranheim,Valerenga,2,2,D,,,,,,,,,,,,,,,,,,,,0.2777,0.2723,0.45,1,,,,3.58,3.6,2.4,,,,,0.6682,-3,,,,,0,0,,,,0.0334,,,,,,,,,,,
spelad,NO,2018,2018-04-29,,Molde,Odd,0,1,A,,,,,,,,,,,,,,,,,,,,0.5741,0.2494,0.1764,1,,,,1.74,4.05,5.7,,,,,0.5566,1,12,0.5,-0.0556,0.0805,0,0,,,,-0.0267,,,,,,,,,,,
spelad,NO,2018,2018-04-29,,Sandefjord,Brann,0,1,A,,,,,,,,,,,,,,,,,,,,0.2131,0.2895,0.4973,1,,,,4.78,3.68,1.95,,,,,-1.0549,3,,,,,0,0,,,,-0.0153,,,,,,,,,,,
spelad,NO,2018,2018-04-29,,Sarpsborg 08,Bodo/Glimt,0,0,D,,,,,,,,,,,,,,,,,,,,0.5166,0.2597,0.2238,1,,,,1.92,3.8,4.85,,,,,0.7384,-1,6,0.5,0.1797,-0.0876,-1,0,,,,-0.0052,,,,,,,,,,,
spelad,NO,2018,2018-04-29,,Start,Haugesund,0,1,A,,,,,,,,,,,,,,,,,,,,0.3568,0.2863,0.3568,1,,,,2.75,3.45,2.75,,,,,-0.5923,-3,8,-0.75,-0.068,-0.2545,1,0,,,,-0.0053,,,,,,,,,,,
spelad,NO,2018,2018-04-29,,Stromsgodset,Rosenborg,0,1,A,,,,,,,,,,,,,,,,,,,,0.2887,0.2763,0.435,1,,,,3.36,3.55,2.37,,,,,0.0696,0,12,-0.75,-0.1776,0.1835,0,0,,,,0.0393,,,,,,,,,,,
spelad,NO,2018,2018-04-29,,Tromso,Kristiansund,0,0,D,,,,,,,,,,,,,,,,,,,,0.5891,0.2406,0.1702,1,,,,1.73,4.15,5.81,,,,,-0.0401,0,,,,,0,0,,,,-0.0313,,,,,,,,,,,
spelad,NO,2018,2018-04-30,,Stabaek,Lillestrom,3,2,H,,,,,,,,,,,,,,,,,,,,0.4138,0.2645,0.3217,1,,,,2.5,3.68,3.15,,,,,-0.2385,-3,10,0.3,0.363,-0.1493,0,0,,,,-0.0463,,,,,,,,,,,
spelad,NO,2018,2018-05-05,,Rosenborg,Ranheim,1,1,D,,,,,,,,,,,,,,,,,,,,0.7641,0.1591,0.0768,1,,,,1.32,6.7,12.63,,,,,-1.0471,-1,,,,,0,0,,,,-0.0611,,,,,,,,,,,
spelad,NO,2018,2018-05-06,,Bodo/Glimt,Stromsgodset,2,2,D,,,,,,,,,,,,,,,,,,,,0.4303,0.2554,0.3143,1,,,,2.34,3.79,3.22,,,,,-0.0083,0,6,-2,-0.415,-0.2238,1,0,,,,-0.0092,,,,,,,,,,,
spelad,NO,2018,2018-05-06,,Brann,Tromso,3,0,H,,,,,,,,,,,,,,,,,,,,0.5747,0.2508,0.1746,1,,,,1.73,3.94,5.9,,,,,0.8599,0,8,-0.75,-0.2917,-0.0027,0,0,,,,-0.0112,,,,,,,,,,,
spelad,NO,2018,2018-05-06,,Kristiansund,Stabaek,1,0,H,,,,,,,,,,,,,,,,,,,,0.4319,0.2695,0.2986,1,,,,2.3,3.6,3.58,,,,,0.7239,1,,,,,0,0,,,,0.0239,,,,,,,,,,,
spelad,NO,2018,2018-05-06,,Lillestrom,Sandefjord,1,0,H,,,,,,,,,,,,,,,,,,,,0.6677,0.1988,0.1335,1,,,,1.5,4.95,8.7,,,,,-0.0897,-1,4,2.25,0.7831,-0.0022,0,0,,,,0.0076,,,,,,,,,,,
spelad,NO,2018,2018-05-06,,Odd,Start,3,0,H,,,,,,,,,,,,,,,,,,,,0.5293,0.2713,0.1993,1,,,,1.87,3.8,5,,,,,1.0668,0,8,1.875,0.5132,-0.1077,-1,0,,,,-0.0239,,,,,,,,,,,
spelad,NO,2018,2018-05-06,,Valerenga,Haugesund,2,2,D,,,,,,,,,,,,,,,,,,,,0.5359,0.2462,0.218,1,,,,2.08,3.94,4.45,,,,,-0.3753,1,12,0,0.0097,-0.0941,0,0,,,,-0.1062,,,,,,,,,,,
spelad,NO,2018,2018-05-07,,Sarpsborg 08,Molde,2,2,D,,,,,,,,,,,,,,,,,,,,0.4124,0.2809,0.3067,1,,,,2.45,3.6,3.28,,,,,-0.3043,0,10,0,0.4695,-0.0309,0,0,,,,0,,,,,,,,,,,
spelad,NO,2018,2018-05-12,,Sandefjord,Valerenga,0,1,A,,,,,,,,,,,,,,,,,,,,0.233,0.27,0.497,1,,,,4.32,3.65,1.97,,,,,-0.297,0,4,0,0.584,-0.2303,0,0,,,,0.0015,,,,,,,,,,,
spelad,NO,2018,2018-05-12,,Start,Brann,0,1,A,,,,,,,,,,,,,,,,,,,,0.262,0.2723,0.4657,1,,,,4.26,3.68,2.12,,,,,-1.7588,0,6,-1,-0.3324,0.0893,1,0,,,,-0.011,,,,,,,,,,,
spelad,NO,2018,2018-05-13,,Haugesund,Kristiansund,3,2,H,,,,,,,,,,,,,,,,,,,,0.5326,0.2754,0.192,1,,,,1.88,3.6,5.05,,,,,0.4188,0,,,,,0,0,,,,-0.0255,,,,,,,,,,,
spelad,NO,2018,2018-05-13,,Molde,Bodo/Glimt,1,2,A,,,,,,,,,,,,,,,,,,,,0.5522,0.2404,0.2074,1,,,,1.81,4.05,4.75,,,,,0.6109,-1,6,1.5,0.0282,-0.0331,-1,0,,,,-0.0199,,,,,,,,,,,
spelad,NO,2018,2018-05-13,,Ranheim,Odd,3,1,H,,,,,,,,,,,,,,,,,,,,0.3728,0.281,0.3462,1,,,,2.65,3.5,2.95,,,,,0.4763,1,,,,,0,0,,,,0.0087,,,,,,,,,,,
spelad,NO,2018,2018-05-13,,Stabaek,Rosenborg,0,1,A,,,,,,,,,,,,,,,,,,,,0.2117,0.2418,0.5465,1,,,,4.75,4.05,1.83,,,,,-0.3755,-1,10,-1.2,0.1396,0.0049,0,0,,,,0.0097,,,,,,,,,,,
spelad,NO,2018,2018-05-13,,Stromsgodset,Sarpsborg 08,1,2,A,,,,,,,,,,,,,,,,,,,,0.4638,0.292,0.2442,1,,,,2.14,3.7,3.98,,,,,-0.0759,1,10,0.9,-0.0325,0.2574,0,0,,,,-0.01,,,,,,,,,,,
spelad,NO,2018,2018-05-13,,Tromso,Lillestrom,1,2,A,,,,,,,,,,,,,,,,,,,,0.4341,0.297,0.2689,1,,,,2.27,3.9,3.6,,,,,0.5834,0,10,0.3,0.0665,-0.1536,0,0,,,,-0.0012,,,,,,,,,,,
spelad,NO,2018,2018-05-16,,Bodo/Glimt,Tromso,0,1,A,,,,,,,,,,,,,,,,,,,,0.5219,0.2414,0.2367,1,,,,1.91,4.05,4.5,,,,,-0.294,0,4,0,0.2829,-0.2568,1,0,,,,-0.0107,,,,,,,,,,,
spelad,NO,2018,2018-05-16,,Brann,Haugesund,1,1,D,,,,,,,,,,,,,,,,,,,,0.5461,0.2723,0.1817,1,,,,1.83,3.7,5.35,,,,,0.6837,1,10,0,0.048,-0.2583,0,0,,,,-0.0378,,,,,,,,,,,
spelad,NO,2018,2018-05-16,,Kristiansund,Ranheim,1,3,A,,,,,,,,,,,,,,,,,,,,0.4061,0.2947,0.2992,1,,,,2.48,3.5,3.3,,,,,-0.5637,0,,,,,0,0,,,,-0.0078,,,,,,,,,,,
spelad,NO,2018,2018-05-16,,Molde,Stromsgodset,2,0,H,,,,,,,,,,,,,,,,,,,,0.4529,0.267,0.2801,1,,,,2.2,3.7,3.7,,,,,0.1864,0,12,0,-0.1799,0.082,0,0,,,,-0.0011,,,,,,,,,,,
spelad,NO,2018,2018-05-16,,Odd,Sandefjord,5,0,H,,,,,,,,,,,,,,,,,,,,0.6218,0.2456,0.1327,1,,,,1.61,4,7.31,,,,,0.7781,-1,4,2.25,0.503,0.018,0,0,,,,-0.0431,,,,,,,,,,,
spelad,NO,2018,2018-05-16,,Rosenborg,Lillestrom,3,0,H,,,,,,,,,,,,,,,,,,,,0.6574,0.2312,0.1113,1,,,,1.48,4.8,9.1,,,,,0.4648,0,12,2.25,0.4556,0.04,0,0,,,,0.0013,,,,,,,,,,,
spelad,NO,2018,2018-05-16,,Sarpsborg 08,Start,4,0,H,,,,,,,,,,,,,,,,,,,,0.6185,0.2314,0.1501,1,,,,1.58,4.35,7,,,,,0.7956,-1,8,1.5,0.6383,0,-1,0,,,,-0.0145,,,,,,,,,,,
spelad,NO,2018,2018-05-16,,Valerenga,Stabaek,1,0,H,,,,,,,,,,,,,,,,,,,,0.5875,0.2198,0.1927,1,,,,1.69,4.46,5.25,,,,,0.5126,1,10,-0.6,-0.5416,-0.0505,0,0,,,,-0.018,,,,,,,,,,,
spelad,NO,2018,2018-05-21,,Haugesund,Rosenborg,1,2,A,,,,,,,,,,,,,,,,,,,,0.2673,0.2888,0.4439,1,,,,3.62,3.4,2.33,,,,,0.1026,0,12,-0.5,0.2863,-0.0584,0,0,,,,0.0427,,,,,,,,,,,
spelad,NO,2018,2018-05-21,,Kristiansund,Stromsgodset,4,0,H,,,,,,,,,,,,,,,,,,,,0.3131,0.2854,0.4015,1,,,,3.13,3.5,2.52,,,,,0.3626,0,,,,,0,0,,,,0.0144,,,,,,,,,,,
spelad,NO,2018,2018-05-21,,Lillestrom,Brann,1,1,D,,,,,,,,,,,,,,,,,,,,0.3122,0.2846,0.4032,1,,,,3.15,3.45,2.5,,,,,-1.2727,0,10,0.3,0.2941,-0.157,0,0,,,,0.0178,,,,,,,,,,,
spelad,NO,2018,2018-05-21,,Ranheim,Molde,3,1,H,,,,,,,,,,,,,,,,,,,,0.2952,0.2646,0.4402,1,,,,3.4,3.7,2.25,,,,,1.3036,0,,,,,0,0,,,,0.0027,,,,,,,,,,,
spelad,NO,2018,2018-05-21,,Sandefjord,Sarpsborg 08,0,1,A,,,,,,,,,,,,,,,,,,,,0.2109,0.2742,0.5149,1,,,,4.6,3.6,1.95,,,,,-0.722,0,4,0,0.508,-0.2489,0,0,,,,0.0263,,,,,,,,,,,
spelad,NO,2018,2018-05-21,,Stabaek,Odd,2,1,H,,,,,,,,,,,,,,,,,,,,0.3874,0.2728,0.3398,1,,,,2.55,3.56,2.95,,,,,-1.1325,0,10,-0.6,0.2508,-0.2363,0,0,,,,0.0002,,,,,,,,,,,
spelad,NO,2018,2018-05-21,,Start,Bodo/Glimt,1,0,H,,,,,,,,,,,,,,,,,,,,0.3408,0.2689,0.3903,1,,,,2.95,3.62,2.52,,,,,-0.3081,0,6,-1.5,-0.6718,-0.0822,0,0,,,,-0.0119,,,,,,,,,,,
spelad,NO,2018,2018-05-21,,Tromso,Valerenga,3,0,H,,,,,,,,,,,,,,,,,,,,0.4069,0.266,0.3271,1,,,,2.4,3.68,3.15,,,,,0.3671,0,10,-1.8,-0.8509,-0.0582,0,0,,,,0.0083,,,,,,,,,,,
spelad,NO,2018,2018-05-26,,Valerenga,Lillestrom,1,0,H,,,,,,,,,,,,,,,,,,,,0.4839,0.2601,0.256,1,,,,2.1,3.76,3.85,,,,,-0.0301,0,12,-0.25,-0.2656,0.1476,0,0,,,,-0.0312,,,,,,,,,,,
spelad,NO,2018,2018-05-27,,Bodo/Glimt,Ranheim,4,0,H,,,,,,,,,,,,,,,,,,,,0.5755,0.2243,0.2002,1,,,,1.75,4.4,5,,,,,-1.5417,0,,,,,0,0,,,,-0.027,,,,,,,,,,,
spelad,NO,2018,2018-05-27,,Haugesund,Tromso,1,0,H,,,,,,,,,,,,,,,,,,,,0.5532,0.2426,0.2042,1,,,,1.85,4,4.9,,,,,-0.0798,0,10,-0.6,-0.2556,-0.05,0,0,,,,-0.0397,,,,,,,,,,,
spelad,NO,2018,2018-05-27,,Molde,Start,3,1,H,,,,,,,,,,,,,,,,,,,,0.6458,0.2052,0.149,1,,,,1.5,5,7.5,,,,,-0.0331,0,8,0.75,-0.4005,0.2947,0,0,,,,0.014,,,,,,,,,,,
spelad,NO,2018,2018-05-27,,Odd,Kristiansund,1,2,A,,,,,,,,,,,,,,,,,,,,0.4729,0.2835,0.2436,1,,,,2.08,3.6,4.04,,,,,0.5168,0,,,,,0,0,,,,-0.0011,,,,,,,,,,,
spelad,NO,2018,2018-05-27,,Rosenborg,Brann,1,2,A,,,,,,,,,,,,,,,,,,,,0.5488,0.2752,0.176,1,,,,1.78,3.75,5.94,,,,,-0.064,0,10,1.5,0.3833,-0.134,0,0,,,,0.0033,,,,,,,,,,,
spelad,NO,2018,2018-05-27,,Stromsgodset,Sandefjord,2,0,H,,,,,,,,,,,,,,,,,,,,0.7106,0.1796,0.1098,1,,,,1.42,5.5,10.5,,,,,-0.0263,0,4,3,0.9602,-0.2178,0,0,,,,-0.0053,,,,,,,,,,,
spelad,NO,2018,2018-05-28,,Sarpsborg 08,Stabaek,4,2,H,,,,,,,,,,,,,,,,,,,,0.5352,0.2556,0.2092,1,,,,1.85,4,5.1,,,,,0.2091,0,8,-0.75,-0.5919,0.2423,0,0,,,,0.0018,,,,,,,,,,,
spelad,NO,2018,2018-06-09,,Kristiansund,Molde,1,0,H,,,,,,,,,,,,,,,,,,,,0.3388,0.2737,0.3875,1,,,,2.91,3.58,2.55,,,,,0.5922,0,,,,,0,0,,,,-0.0015,,,,,,,,,,,
spelad,NO,2018,2018-06-10,,Brann,Valerenga,0,0,D,,,,,,,,,,,,,,,,,,,,0.5256,0.2724,0.2019,1,,,,1.91,3.7,5.2,,,,,0.6416,-1,10,-0.9,-0.5076,0.034,0,0,,,,-0.0305,,,,,,,,,,,
spelad,NO,2018,2018-06-10,,Lillestrom,Odd,0,0,D,,,,,,,,,,,,,,,,,,,,0.4649,0.2686,0.2664,1,,,,2.13,3.61,3.7,,,,,-0.4811,1,12,-0.5,0.0238,-0.0894,0,0,,,,0.0004,,,,,,,,,,,
spelad,NO,2018,2018-06-10,,Ranheim,Sarpsborg 08,2,1,H,,,,,,,,,,,,,,,,,,,,0.308,0.2716,0.4204,1,,,,3.16,3.56,2.45,,,,,0.6315,1,,,,,0,0,,,,0.0211,,,,,,,,,,,
spelad,NO,2018,2018-06-10,,Sandefjord,Haugesund,0,2,A,,,,,,,,,,,,,,,,,,,,0.2594,0.2968,0.4438,1,,,,3.9,3.5,2.21,,,,,-1.0797,0,4,-1.5,-0.3992,-0.2668,0,0,,,,0.01,,,,,,,,,,,
spelad,NO,2018,2018-06-10,,Stabaek,Bodo/Glimt,0,0,D,,,,,,,,,,,,,,,,,,,,0.4614,0.2485,0.2901,1,,,,2.21,4,3.45,,,,,-0.1018,-1,6,0.5,0.1619,-0.0846,0,0,,,,-0.0215,,,,,,,,,,,
spelad,NO,2018,2018-06-10,,Start,Stromsgodset,1,1,D,,,,,,,,,,,,,,,,,,,,0.2542,0.2452,0.5006,1,,,,4.2,3.96,1.95,,,,,0.2261,0,8,-2.25,-0.5763,0.0279,0,0,,,,-0.0105,,,,,,,,,,,
spelad,NO,2018,2018-06-11,,Tromso,Rosenborg,2,1,H,,,,,,,,,,,,,,,,,,,,0.2529,0.2815,0.4656,1,,,,3.9,3.6,2.18,,,,,-0.375,0,10,-0.9,0.0604,0.0761,0,0,,,,0.0196,,,,,,,,,,,
spelad,NO,2018,2018-06-23,,Molde,Stabaek,3,0,H,,,,,,,,,,,,,,,,,,,,0.5715,0.2391,0.1894,1,,,,1.73,4.3,5.1,,,,,-0.3321,1,10,1.2,0.0535,-0.0191,0,0,,,,-0.0256,,,,,,,,,,,
spelad,NO,2018,2018-06-24,,Bodo/Glimt,Sandefjord,1,1,D,,,,,,,,,,,,,,,,,,,,0.664,0.2067,0.1293,1,,,,1.48,4.75,7.5,,,,,0.6604,0,,,,,0,0,,,,-0.0253,,,,,,,,,,,
spelad,NO,2018,2018-06-24,,Haugesund,Lillestrom,2,2,D,,,,,,,,,,,,,,,,,,,,0.4567,0.2751,0.2682,1,,,,2.16,3.8,3.9,,,,,1.1316,0,12,-0.25,-0.2951,0.3201,0,0,,,,0.0104,,,,,,,,,,,
spelad,NO,2018,2018-06-24,,Rosenborg,Valerenga,3,0,H,,,,,,,,,,,,,,,,,,,,0.6001,0.2458,0.1541,1,,,,1.65,4.2,6.4,,,,,0.0011,-1,12,2,0.3927,0.1085,0,0,,,,-0.0383,,,,,,,,,,,
spelad,NO,2018,2018-06-24,,Sarpsborg 08,Tromso,2,3,A,,,,,,,,,,,,,,,,,,,,0.5541,0.2467,0.1991,1,,,,1.79,3.95,5,,,,,-0.1289,1,8,0.75,0.3878,-0.0086,0,0,,,,-0.0225,,,,,,,,,,,
spelad,NO,2018,2018-06-24,,Start,Kristiansund,2,0,H,,,,,,,,,,,,,,,,,,,,0.3842,0.2952,0.3206,1,,,,2.78,3.4,3.05,,,,,-0.8835,-1,,,,,0,0,,,,-0.0102,,,,,,,,,,,
spelad,NO,2018,2018-06-24,,Stromsgodset,Ranheim,3,0,H,,,,,,,,,,,,,,,,,,,,0.6237,0.2139,0.1625,1,,,,1.58,4.52,6.3,,,,,-1.5588,0,,,,,0,0,,,,-0.0161,,,,,,,,,,,
spelad,NO,2018,2018-06-25,,Odd,Brann,0,1,A,,,,,,,,,,,,,,,,,,,,0.3533,0.296,0.3507,1,,,,2.8,3.35,2.85,,,,,-0.4364,0,10,-0.6,-0.344,-0.0597,0,0,,,,0.0112,,,,,,,,,,,
spelad,NO,2018,2018-06-30,,Valerenga,Bodo/Glimt,2,2,D,,,,,,,,,,,,,,,,,,,,0.4442,0.2815,0.2743,1,,,,2.2,3.5,3.7,,,,,0.2613,0,6,-0.5,-0.6166,0.2599,0,0,,,,0.0124,,,,,,,,,,,
spelad,NO,2018,2018-07-01,,Brann,Molde,0,4,A,,,,,,,,,,,,,,,,,,,,0.4792,0.2898,0.231,1,,,,2.08,3.6,4.36,,,,,1.1228,-2,10,-0.6,0.1836,-0.2424,0,0,,,,-0.0112,,,,,,,,,,,
spelad,NO,2018,2018-07-01,,Kristiansund,Sarpsborg 08,1,1,D,,,,,,,,,,,,,,,,,,,,0.3601,0.2824,0.3575,1,,,,2.85,3.45,2.75,,,,,0.3868,0,,,,,0,0,,,,-0.0175,,,,,,,,,,,
spelad,NO,2018,2018-07-01,,Ranheim,Start,2,0,H,,,,,,,,,,,,,,,,,,,,0.4841,0.2689,0.247,1,,,,2,3.78,4.1,,,,,0.9258,0,,,,,0,0,,,,0.0096,,,,,,,,,,,
spelad,NO,2018,2018-07-01,,Sandefjord,Rosenborg,0,1,A,,,,,,,,,,,,,,,,,,,,0.13,0.2289,0.6412,1,,,,7.5,4.4,1.52,,,,,-0.7303,0,4,-3,-0.4037,-0.1488,0,0,,,,0.0247,,,,,,,,,,,
spelad,NO,2018,2018-07-01,,Stabaek,Haugesund,2,1,H,,,,,,,,,,,,,,,,,,,,0.3971,0.264,0.3388,1,,,,2.65,3.67,2.86,,,,,-0.7363,1,10,-2.1,-0.8923,0.0468,0,0,,,,-0.0252,,,,,,,,,,,
spelad,NO,2018,2018-07-01,,Tromso,Odd,2,1,H,,,,,,,,,,,,,,,,,,,,0.468,0.2729,0.259,1,,,,2.11,3.6,3.95,,,,,0.6159,1,10,-0.6,-0.2627,0.1511,0,0,,,,-0.0174,,,,,,,,,,,
spelad,NO,2018,2018-07-02,,Lillestrom,Stromsgodset,1,1,D,,,,,,,,,,,,,,,,,,,,0.3735,0.2615,0.365,1,,,,2.8,3.7,2.65,,,,,0.459,0,12,-1,-0.1445,-0.0797,0,0,,,,-0.0212,,,,,,,,,,,
spelad,NO,2018,2018-07-07,,Rosenborg,Tromso,2,1,H,,,,,,,,,,,,,,,,,,,,0.6581,0.2169,0.125,1,,,,1.51,4.6,7.74,,,,,-0.7159,0,11,0.5455,-0.2767,0.0436,0,0,,,,-0.0396,,,,,,,,,,,
spelad,NO,2018,2018-07-08,,Bodo/Glimt,Brann,2,2,D,,,,,,,,,,,,,,,,,,,,0.3396,0.2881,0.3723,1,,,,2.9,3.41,2.65,,,,,-0.5315,1,5,-0.6,0.058,-0.2604,0,0,,,,-0.008,,,,,,,,,,,
spelad,NO,2018,2018-07-08,,Haugesund,Sandefjord,4,2,H,,,,,,,,,,,,,,,,,,,,0.645,0.2371,0.1178,1,,,,1.55,4.3,8.4,,,,,0.7223,0,5,1.8,0.8072,-0.2728,0,0,,,,-0.0275,,,,,,,,,,,
spelad,NO,2018,2018-07-08,,Molde,Valerenga,5,1,H,,,,,,,,,,,,,,,,,,,,0.5696,0.2439,0.1866,1,,,,1.77,4.15,5.19,,,,,-0.0084,-1,13,1.8462,0.5782,-0.0062,0,0,,,,-0.0477,,,,,,,,,,,
spelad,NO,2018,2018-07-08,,Odd,Lillestrom,3,1,H,,,,,,,,,,,,,,,,,,,,0.4739,0.2641,0.262,1,,,,2.1,3.72,4,,,,,-0.5641,1,13,0.4615,0.0554,-0.0263,0,0,,,,-0.0017,,,,,,,,,,,
spelad,NO,2018,2018-07-08,,Sarpsborg 08,Ranheim,4,1,H,,,,,,,,,,,,,,,,,,,,0.6011,0.2355,0.1635,1,,,,1.65,4.33,5.92,,,,,-0.8165,0,3,1,0.3962,-0.2576,0,0,,,,-0.041,,,,,,,,,,,
spelad,NO,2018,2018-07-08,,Start,Stabaek,2,1,H,,,,,,,,,,,,,,,,,,,,0.3873,0.2705,0.3422,1,,,,2.55,3.6,2.95,,,,,0.1294,0,7,-0.8571,-0.1505,-0.0971,0,0,,,,-0.0061,,,,,,,,,,,
spelad,NO,2018,2018-07-09,,Stromsgodset,Kristiansund,2,3,A,,,,,,,,,,,,,,,,,,,,0.6132,0.2237,0.1631,1,,,,1.59,4.44,6,,,,,-0.8626,-1,3,-1,-0.7358,-0.2684,0,0,,,,-0.0212,,,,,,,,,,,
spelad,NO,2018,2018-08-04,,Ranheim,Rosenborg,1,3,A,,,,,,,,,,,,,,,,,,,,0.187,0.2411,0.572,1,,,,5.17,4.01,1.87,,,,,0.473,-1,,,,,0,0,,,,0.0859,,,,,,,,,,,
spelad,NO,2018,2018-08-05,,Kristiansund,Odd,1,1,D,,,,,,,,,,,,,,,,,,,,0.4135,0.2773,0.3092,1,,,,2.38,3.54,3.34,,,,,1.0448,-1,3,0,0.287,0.0742,0,0,,,,0.0054,,,,,,,,,,,
spelad,NO,2018,2018-08-05,,Lillestrom,Molde,2,2,D,,,,,,,,,,,,,,,,,,,,0.3032,0.2593,0.4376,1,,,,3.35,3.8,2.28,,,,,-0.4397,0,13,-0.6923,0.2135,-0.0795,0,0,,,,-0.0024,,,,,,,,,,,
spelad,NO,2018,2018-08-05,,Stabaek,Sarpsborg 08,1,3,A,,,,,,,,,,,,,,,,,,,,0.3385,0.2774,0.3841,1,,,,2.9,3.5,2.68,,,,,-0.5698,0,9,0.3333,0.2127,0.1869,0,0,,,,0.0178,,,,,,,,,,,
spelad,NO,2018,2018-08-05,,Stromsgodset,Bodo/Glimt,4,0,H,,,,,,,,,,,,,,,,,,,,0.6022,0.2244,0.1734,1,,,,1.64,4.42,6,,,,,-0.5068,-1,7,1.7143,0.5192,-0.0854,0,0,,,,-0.0124,,,,,,,,,,,
spelad,NO,2018,2018-08-05,,Tromso,Haugesund,1,2,A,,,,,,,,,,,,,,,,,,,,0.4742,0.2615,0.2643,1,,,,2.1,3.7,3.85,,,,,0.5455,1,11,0.2727,0.2001,-0.0675,0,0,,,,-0.0229,,,,,,,,,,,
spelad,NO,2018,2018-08-05,,Valerenga,Sandefjord,2,2,D,,,,,,,,,,,,,,,,,,,,0.6247,0.2273,0.148,1,,,,1.59,4.5,7.5,,,,,0.6501,0,5,0.6,-0.0352,-0.2382,0,0,,,,-0.015,,,,,,,,,,,
spelad,NO,2018,2018-08-06,,Brann,Start,4,1,H,,,,,,,,,,,,,,,,,,,,0.7076,0.1947,0.0977,1,,,,1.41,5,9.92,,,,,-0.0782,0,7,1.2857,0.3984,0.0377,0,0,,,,-0.0456,,,,,,,,,,,
spelad,NO,2018,2018-08-10,,Sandefjord,Tromso,1,0,H,,,,,,,,,,,,,,,,,,,,0.3175,0.2791,0.4035,1,,,,3.19,3.6,2.5,,,,,-1.1849,0,5,0,0.2241,0.3503,0,0,,,,-0.0029,,,,,,,,,,,
spelad,NO,2018,2018-08-12,,Bodo/Glimt,Kristiansund,3,0,H,,,,,,,,,,,,,,,,,,,,0.5118,0.2499,0.2383,1,,,,1.92,3.99,4.1,,,,,-1.0974,0,,,,,0,0,,,,-0.0205,,,,,,,,,,,
spelad,NO,2018,2018-08-12,,Molde,Brann,5,1,H,,,,,,,,,,,,,,,,,,,,0.486,0.2628,0.2512,1,,,,2.15,3.76,3.85,,,,,0.3255,1,11,0.8182,0.2368,-0.2467,0,0,,,,-0.0529,,,,,,,,,,,
spelad,NO,2018,2018-08-12,,Odd,Stromsgodset,2,2,D,,,,,,,,,,,,,,,,,,,,0.3984,0.2667,0.335,1,,,,2.5,3.72,2.93,,,,,-0.0348,0,13,-0.2308,0.1281,-0.1048,0,0,,,,-0.0138,,,,,,,,,,,
spelad,NO,2018,2018-08-12,,Rosenborg,Stabaek,1,1,D,,,,,,,,,,,,,,,,,,,,0.7346,0.1735,0.0919,1,,,,1.34,5.81,11,,,,,0.6038,1,11,1.3636,-0.0297,-0.0175,0,0,,,,-0.0395,,,,,,,,,,,
spelad,NO,2018,2018-08-12,,Sarpsborg 08,Lillestrom,2,0,H,,,,,,,,,,,,,,,,,,,,0.4613,0.2618,0.2768,1,,,,2.15,3.74,3.7,,,,,0.7658,0,11,-0.2727,-0.1463,0.0999,0,0,,,,-0.0155,,,,,,,,,,,
spelad,NO,2018,2018-08-12,,Start,Ranheim,0,0,D,,,,,,,,,,,,,,,,,,,,0.472,0.2615,0.2665,1,,,,2.2,3.7,3.63,,,,,-0.2122,-2,,,,,0,0,,,,-0.048,,,,,,,,,,,
spelad,NO,2018,2018-08-13,,Haugesund,Valerenga,1,0,H,,,,,,,,,,,,,,,,,,,,0.4964,0.2482,0.2554,1,,,,2.06,3.95,4,,,,,0.557,0,13,0,0.0856,-0.0289,0,0,,,,-0.0062,,,,,,,,,,,
spelad,NO,2018,2018-08-19,,Brann,Sarpsborg 08,2,0,H,,,,,,,,,,,,,,,,,,,,0.5531,0.256,0.1909,1,,,,1.82,4,5.2,,,,,-0.2962,0,9,-0.6667,-0.3521,-0.1525,0,0,,,,-0.0131,,,,,,,,,,,
spelad,NO,2018,2018-08-19,,Kristiansund,Rosenborg,0,2,A,,,,,,,,,,,,,,,,,,,,0.1652,0.2299,0.6049,1,,,,5.89,4.23,1.69,,,,,0.575,0,3,-1,0.148,0.4714,0,0,,,,0.0356,,,,,,,,,,,
spelad,NO,2018,2018-08-19,,Lillestrom,Haugesund,1,1,D,,,,,,,,,,,,,,,,,,,,0.4634,0.2653,0.2713,1,,,,2.21,3.65,3.75,,,,,-1.0218,1,13,0.2308,-0.0293,0.3513,0,0,,,,-0.0304,,,,,,,,,,,
spelad,NO,2018,2018-08-19,,Ranheim,Sandefjord,1,1,D,,,,,,,,,,,,,,,,,,,,0.4787,0.2701,0.2512,1,,,,2.08,3.6,3.9,,,,,0.377,-2,,,,,0,0,,,,-0.0223,,,,,,,,,,,
spelad,NO,2018,2018-08-19,,Stabaek,Molde,3,1,H,,,,,,,,,,,,,,,,,,,,0.3327,0.2588,0.4085,1,,,,3.2,3.75,2.42,,,,,-0.4884,0,11,-1.3636,-0.1047,-0.0391,0,0,,,,-0.0406,,,,,,,,,,,
spelad,NO,2018,2018-08-19,,Stromsgodset,Start,1,1,D,,,,,,,,,,,,,,,,,,,,0.6873,0.1867,0.126,1,,,,1.41,5.25,9,,,,,-0.5435,0,9,2,0.4045,0.1087,0,0,,,,0.0082,,,,,,,,,,,
spelad,NO,2018,2018-08-19,,Valerenga,Tromso,3,0,H,,,,,,,,,,,,,,,,,,,,0.4891,0.247,0.2639,1,,,,2.03,3.92,3.8,,,,,-0.8013,-3,11,1.3636,0.7131,-0.0771,0,0,,,,-0.0116,,,,,,,,,,,
spelad,NO,2018,2018-08-20,,Bodo/Glimt,Odd,1,1,D,,,,,,,,,,,,,,,,,,,,0.499,0.2515,0.2495,1,,,,2,3.94,4,,,,,0.3964,0,7,-2.1429,-0.4285,-0.2221,0,0,,,,-0.0149,,,,,,,,,,,
spelad,NO,2018,2018-08-25,,Tromso,Bodo/Glimt,1,2,A,,,,,,,,,,,,,,,,,,,,0.4252,0.27,0.3048,1,,,,2.31,3.65,3.36,,,,,0.0922,1,5,0.6,0.3888,-0.2537,0,0,,,,0.0031,,,,,,,,,,,
spelad,NO,2018,2018-08-26,,Haugesund,Stabaek,2,0,H,,,,,,,,,,,,,,,,,,,,0.4839,0.2567,0.2594,1,,,,2.06,4,3.85,,,,,0.6969,0,11,1.6364,0.6523,0.0185,0,0,,,,-0.0083,,,,,,,,,,,
spelad,NO,2018,2018-08-26,,Molde,Ranheim,2,3,A,,,,,,,,,,,,,,,,,,,,0.698,0.2021,0.0998,1,,,,1.42,5.13,9.72,,,,,0.4366,0,,,,,0,0,,,,-0.0297,,,,,,,,,,,
spelad,NO,2018,2018-08-26,,Rosenborg,Stromsgodset,4,3,H,,,,,,,,,,,,,,,,,,,,0.6682,0.2158,0.116,1,,,,1.49,4.9,8.35,,,,,0.2181,0,13,0.9231,0.1037,0.1481,0,0,,,,-0.0277,,,,,,,,,,,
spelad,NO,2018,2018-08-26,,Sandefjord,Lillestrom,1,3,A,,,,,,,,,,,,,,,,,,,,0.3084,0.2705,0.4211,1,,,,3.2,3.58,2.55,,,,,0.6007,0,5,-2.4,-0.7446,-0.0415,0,0,,,,0.0323,,,,,,,,,,,
spelad,NO,2018,2018-08-26,,Sarpsborg 08,Kristiansund,1,2,A,,,,,,,,,,,,,,,,,,,,0.4635,0.276,0.2604,1,,,,2.16,3.6,3.81,,,,,-0.2195,0,3,1,-0.0898,0.4096,0,0,,,,-0.0125,,,,,,,,,,,
spelad,NO,2018,2018-08-26,,Valerenga,Brann,2,0,H,,,,,,,,,,,,,,,,,,,,0.3853,0.2768,0.338,1,,,,2.62,3.58,2.94,,,,,-0.3955,0,11,0.8182,0.4416,0.0971,0,0,,,,0.0053,,,,,,,,,,,
spelad,NO,2018,2018-08-27,,Start,Odd,0,1,A,,,,,,,,,,,,,,,,,,,,0.3209,0.2867,0.3924,1,,,,3.05,3.53,2.64,,,,,0.531,1,9,-2,-0.4571,-0.1259,0,0,,,,0.0134,,,,,,,,,,,
spelad,NO,2018,2018-09-01,,Stabaek,Sandefjord,3,3,D,,,,,,,,,,,,,,,,,,,,0.5619,0.2504,0.1877,1,,,,1.77,4.05,5.6,,,,,-0.0281,0,5,1.2,0.3039,-0.0519,0,0,,,,-0.0256,,,,,,,,,,,
spelad,NO,2018,2018-09-01,,Stromsgodset,Tromso,2,4,A,,,,,,,,,,,,,,,,,,,,0.5933,0.2259,0.1808,1,,,,1.64,4.4,5.75,,,,,-0.3069,-1,11,0.8182,0.1734,-0.0749,0,0,,,,-0.0056,,,,,,,,,,,
spelad,NO,2018,2018-09-02,,Bodo/Glimt,Sarpsborg 08,3,1,H,,,,,,,,,,,,,,,,,,,,0.4681,0.2714,0.2605,1,,,,2.15,3.58,3.75,,,,,0.2768,1,7,-0.4286,-0.0691,0.0307,0,0,,,,-0.0177,,,,,,,,,,,
spelad,NO,2018,2018-09-02,,Brann,Ranheim,1,0,H,,,,,,,,,,,,,,,,,,,,0.6494,0.2343,0.1163,1,,,,1.55,4.4,8.32,,,,,-0.5569,0,,,,,0,0,,,,-0.0398,,,,,,,,,,,
spelad,NO,2018,2018-09-02,,Kristiansund,Start,1,1,D,,,,,,,,,,,,,,,,,,,,0.4862,0.2688,0.245,1,,,,2.1,3.6,4.1,,,,,0.2487,1,,,,,0,0,,,,-0.0199,,,,,,,,,,,
spelad,NO,2018,2018-09-02,,Lillestrom,Valerenga,0,1,A,,,,,,,,,,,,,,,,,,,,0.4137,0.2689,0.3174,1,,,,2.45,3.6,3.1,,,,,-0.1699,0,13,0,0.0298,0.1163,0,0,,,,-0.0212,,,,,,,,,,,
spelad,NO,2018,2018-09-02,,Odd,Molde,1,1,D,,,,,,,,,,,,,,,,,,,,0.3124,0.2646,0.4229,1,,,,3.18,3.66,2.55,,,,,0.0136,-1,13,-0.2308,0.1479,0.0551,0,0,,,,0.0516,,,,,,,,,,,
spelad,NO,2018,2018-09-02,,Rosenborg,Haugesund,1,0,H,,,,,,,,,,,,,,,,,,,,0.6292,0.2312,0.1396,1,,,,1.57,4.45,6.94,,,,,-0.2952,0,13,0.6923,-0.1043,-0.0761,0,0,,,,-0.0254,,,,,,,,,,,
spelad,NO,2018,2018-09-15,,Haugesund,Brann,1,3,A,,,,,,,,,,,,,,,,,,,,0.326,0.2943,0.3797,1,,,,2.98,3.4,2.7,,,,,0.3594,0,11,0,0.2078,-0.1687,0,0,,,,0.0285,,,,,,,,,,,
spelad,NO,2018,2018-09-16,,Ranheim,Stromsgodset,1,1,D,,,,,,,,,,,,,,,,,,,,0.3181,0.2637,0.4182,1,,,,3.08,3.75,2.4,,,,,0.6029,-1,,,,,0,0,,,,0.0145,,,,,,,,,,,
spelad,NO,2018,2018-09-16,,Sandefjord,Bodo/Glimt,1,1,D,,,,,,,,,,,,,,,,,,,,0.2817,0.2738,0.4445,1,,,,3.6,3.62,2.22,,,,,-0.1238,1,3,0,0.2834,0.1048,0,0,,,,-0.002,,,,,,,,,,,
spelad,NO,2018,2018-09-16,,Sarpsborg 08,Odd,1,2,A,,,,,,,,,,,,,,,,,,,,0.4882,0.2731,0.2387,1,,,,2.06,3.65,4.1,,,,,-0.1878,0,11,-0.2727,-0.0496,0.2867,0,0,,,,-0.014,,,,,,,,,,,
spelad,NO,2018,2018-09-16,,Start,Lillestrom,3,0,H,,,,,,,,,,,,,,,,,,,,0.3324,0.2837,0.3839,1,,,,3.01,3.45,2.75,,,,,0.4498,0,9,-0.3333,-0.0611,0.1904,0,0,,,,0.0387,,,,,,,,,,,
spelad,NO,2018,2018-09-16,,Tromso,Stabaek,0,0,D,,,,,,,,,,,,,,,,,,,,0.474,0.2648,0.2612,1,,,,2.08,3.85,3.8,,,,,0.1114,0,9,0.3333,0.0448,-0.0269,0,0,,,,-0.0028,,,,,,,,,,,
spelad,NO,2018,2018-09-16,,Valerenga,Rosenborg,2,3,A,,,,,,,,,,,,,,,,,,,,0.2894,0.2678,0.4427,1,,,,3.35,3.7,2.24,,,,,-0.5627,0,13,-2.0769,-0.5172,0.0813,0,0,,,,0.019,,,,,,,,,,,
spelad,NO,2018,2018-09-17,,Molde,Kristiansund,3,2,H,,,,,,,,,,,,,,,,,,,,0.6722,0.2132,0.1146,1,,,,1.48,4.75,8.45,,,,,0.1037,0,3,-1,-0.6811,-0.268,0,0,,,,-0.0379,,,,,,,,,,,
spelad,NO,2018,2018-09-22,,Odd,Valerenga,3,2,H,,,,,,,,,,,,,,,,,,,,0.3699,0.2712,0.3589,1,,,,2.66,3.62,3,,,,,0.3725,0,13,-0.2308,-0.1852,-0.1045,0,0,,,,0.012,,,,,,,,,,,
spelad,NO,2018,2018-09-23,,Bodo/Glimt,Start,1,2,A,,,,,,,,,,,,,,,,,,,,0.5846,0.2382,0.1773,1,,,,1.7,4.05,5.75,,,,,0.1936,0,7,0.8571,0.4406,-0.1089,0,0,,,,-0.0114,,,,,,,,,,,
spelad,NO,2018,2018-09-23,,Brann,Sandefjord,1,1,D,,,,,,,,,,,,,,,,,,,,0.6879,0.2126,0.0995,1,,,,1.46,4.75,9.68,,,,,-0.003,1,3,3,1.2033,-0.2692,0,0,,,,-0.0654,,,,,,,,,,,
spelad,NO,2018,2018-09-23,,Kristiansund,Haugesund,2,1,H,,,,,,,,,,,,,,,,,,,,0.3727,0.275,0.3523,1,,,,2.71,3.51,2.79,,,,,-0.2089,-2,3,1,0.9282,-0.2802,0,0,,,,-0.0166,,,,,,,,,,,
spelad,NO,2018,2018-09-23,,Rosenborg,Sarpsborg 08,3,1,H,,,,,,,,,,,,,,,,,,,,0.61,0.2591,0.1309,1,,,,1.6,4.2,7.4,,,,,0.8872,0,11,1.6364,0.1886,0.0543,0,0,,,,-0.017,,,,,,,,,,,
spelad,NO,2018,2018-09-23,,Stabaek,Ranheim,3,2,H,,,,,,,,,,,,,,,,,,,,0.5325,0.2523,0.2152,1,,,,1.87,4,4.55,,,,,-0.1815,0,,,,,0,0,,,,-0.0327,,,,,,,,,,,
spelad,NO,2018,2018-09-23,,Stromsgodset,Molde,1,2,A,,,,,,,,,,,,,,,,,,,,0.3696,0.2636,0.3668,1,,,,2.7,3.66,2.71,,,,,-0.7858,1,13,-0.2308,0.0052,0.0552,0,0,,,,-0.0032,,,,,,,,,,,
spelad,NO,2018,2018-09-24,,Lillestrom,Tromso,1,0,H,,,,,,,,,,,,,,,,,,,,0.5529,0.2282,0.2189,1,,,,1.88,4.3,4.46,,,,,-0.1682,0,11,0,0.2516,-0.1667,0,0,,,,-0.0671,,,,,,,,,,,
spelad,NO,2018,2018-09-29,,Sandefjord,Odd,1,1,D,,,,,,,,,,,,,,,,,,,,0.3101,0.2872,0.4027,1,,,,3.17,3.4,2.43,,,,,-0.596,-1,5,-2.4,-0.5455,-0.0347,0,0,,,,0.0101,,,,,,,,,,,
spelad,NO,2018,2018-09-30,,Haugesund,Bodo/Glimt,1,0,H,,,,,,,,,,,,,,,,,,,,0.4703,0.2699,0.2598,1,,,,2.1,3.66,3.79,,,,,0.2549,0,7,0.4286,0.3406,-0.2538,0,0,,,,-0.016,,,,,,,,,,,
spelad,NO,2018,2018-09-30,,Lillestrom,Stabaek,3,2,H,,,,,,,,,,,,,,,,,,,,0.5093,0.2547,0.236,1,,,,2.02,3.82,4.1,,,,,-0.2709,-1,11,-0.5455,-0.3061,-0.1598,0,0,,,,-0.0617,,,,,,,,,,,
spelad,NO,2018,2018-09-30,,Molde,Rosenborg,1,0,H,,,,,,,,,,,,,,,,,,,,0.435,0.258,0.307,1,,,,2.48,3.76,3.2,,,,,-0.6949,0,13,-0.2308,0.1056,-0.0938,0,0,,,,-0.0516,,,,,,,,,,,
spelad,NO,2018,2018-09-30,,Ranheim,Kristiansund,2,1,H,,,,,,,,,,,,,,,,,,,,0.4442,0.2751,0.2807,1,,,,2.25,3.53,3.5,,,,,-0.48,0,,,,,0,0,,,,-0.0136,,,,,,,,,,,
spelad,NO,2018,2018-09-30,,Sarpsborg 08,Stromsgodset,0,1,A,,,,,,,,,,,,,,,,,,,,0.5097,0.2458,0.2445,1,,,,2.04,3.94,4.05,,,,,0.6278,0,11,-0.5455,-0.0248,0.2074,0,0,,,,-0.022,,,,,,,,,,,
spelad,NO,2018,2018-09-30,,Valerenga,Start,3,2,H,,,,,,,,,,,,,,,,,,,,0.6103,0.2335,0.1563,1,,,,1.61,4.25,6.5,,,,,-0.5381,1,9,1,0.277,-0.019,0,0,,,,-0.0256,,,,,,,,,,,
spelad,NO,2018,2018-10-01,,Tromso,Brann,2,1,H,,,,,,,,,,,,,,,,,,,,0.3222,0.2836,0.3942,1,,,,3.05,3.44,2.52,,,,,-0.7316,-1,9,0.3333,0.1756,-0.0303,0,0,,,,0.0047,,,,,,,,,,,
spelad,NO,2018,2018-10-06,,Stabaek,Valerenga,1,1,D,,,,,,,,,,,,,,,,,,,,0.3562,0.2684,0.3755,1,,,,2.8,3.61,2.6,,,,,-0.2249,0,11,0.2727,0.4657,-0.0659,0,0,,,,-0.0066,,,,,,,,,,,
spelad,NO,2018,2018-10-06,,Stromsgodset,Haugesund,0,1,A,,,,,,,,,,,,,,,,,,,,0.5516,0.2494,0.199,1,,,,1.84,3.97,4.85,,,,,-0.6845,0,13,0.6923,0.0374,-0.0842,0,0,,,,-0.0318,,,,,,,,,,,
spelad,NO,2018,2018-10-07,,Bodo/Glimt,Molde,0,1,A,,,,,,,,,,,,,,,,,,,,0.2913,0.2717,0.437,1,,,,3.4,3.65,2.25,,,,,-0.1279,0,7,-0.8571,0.3095,-0.0627,0,0,,,,0.0021,,,,,,,,,,,
spelad,NO,2018,2018-10-07,,Brann,Lillestrom,1,1,D,,,,,,,,,,,,,,,,,,,,0.5546,0.2573,0.1881,1,,,,1.77,3.9,5.13,,,,,0.0208,-1,11,-0.2727,-0.1695,-0.0777,0,0,,,,-0.0213,,,,,,,,,,,
spelad,NO,2018,2018-10-07,,Kristiansund,Tromso,5,1,H,,,,,,,,,,,,,,,,,,,,0.4025,0.2795,0.318,1,,,,2.45,3.55,3.1,,,,,0.286,1,3,1,0.6828,0.4198,0,0,,,,0.0118,,,,,,,,,,,
spelad,NO,2018,2018-10-07,,Odd,Ranheim,2,0,H,,,,,,,,,,,,,,,,,,,,0.5649,0.2496,0.1854,1,,,,1.8,4,5.25,,,,,0.3975,1,,,,,0,0,,,,-0.0201,,,,,,,,,,,
spelad,NO,2018,2018-10-07,,Rosenborg,Sandefjord,1,1,D,,,,,,,,,,,,,,,,,,,,0.6914,0.1888,0.1198,1,,,,1.42,5.2,8.79,,,,,0.2751,-1,5,3,0.6116,-0.1648,0,0,,,,-0.0343,,,,,,,,,,,
spelad,NO,2018,2018-10-07,,Start,Sarpsborg 08,1,0,H,,,,,,,,,,,,,,,,,,,,0.3531,0.2873,0.3596,1,,,,2.75,3.41,2.85,,,,,0.7565,0,9,-1.6667,-0.6432,-0.0257,0,0,,,,0.0272,,,,,,,,,,,
spelad,NO,2018,2018-10-20,,Molde,Sarpsborg 08,2,2,D,,,,,,,,,,,,,,,,,,,,0.6336,0.2298,0.1366,1,,,,1.56,4.54,7.2,,,,,1.2438,0,11,0,-0.417,0.0373,0,0,,,,-0.011,,,,,,,,,,,
spelad,NO,2018,2018-10-20,,Sandefjord,Stromsgodset,2,1,H,,,,,,,,,,,,,,,,,,,,0.2751,0.2638,0.4611,1,,,,3.52,3.7,2.2,,,,,0.9005,-1,5,-3,-0.6957,-0.2102,0,0,,,,0.0269,,,,,,,,,,,
spelad,NO,2018,2018-10-21,,Haugesund,Odd,2,0,H,,,,,,,,,,,,,,,,,,,,0.4663,0.2771,0.2566,1,,,,2.1,3.6,3.87,,,,,-0.2961,1,13,-1.1538,-0.3125,-0.1034,0,0,,,,-0.0031,,,,,,,,,,,
spelad,NO,2018,2018-10-21,,Lillestrom,Rosenborg,0,0,D,,,,,,,,,,,,,,,,,,,,0.3325,0.2822,0.3853,1,,,,3.1,3.5,2.55,,,,,-0.2287,0,13,-2.3077,-0.501,0.0192,0,0,,,,-0.0095,,,,,,,,,,,
spelad,NO,2018,2018-10-21,,Ranheim,Bodo/Glimt,0,0,D,,,,,,,,,,,,,,,,,,,,0.3106,0.2605,0.4288,1,,,,3.15,3.72,2.5,,,,,0.2258,0,,,,,0,0,,,,0.0429,,,,,,,,,,,
spelad,NO,2018,2018-10-21,,Stabaek,Brann,1,2,A,,,,,,,,,,,,,,,,,,,,0.3149,0.274,0.411,1,,,,3.08,3.55,2.45,,,,,0.3283,1,9,-1,-0.1257,-0.0282,0,0,,,,0.0115,,,,,,,,,,,
spelad,NO,2018,2018-10-21,,Tromso,Start,1,2,A,,,,,,,,,,,,,,,,,,,,0.4259,0.2798,0.2943,1,,,,2.35,3.5,3.6,,,,,-0.7878,0,7,-1.2857,-0.8423,0.026,0,0,,,,-0.0014,,,,,,,,,,,
spelad,NO,2018,2018-10-21,,Valerenga,Kristiansund,0,2,A,,,,,,,,,,,,,,,,,,,,0.6188,0.2224,0.1588,1,,,,1.6,4.65,6.25,,,,,0.0879,1,3,2,0.6378,0.0753,0,0,,,,-0.0171,,,,,,,,,,,
spelad,NO,2018,2018-10-27,,Stromsgodset,Valerenga,2,0,H,,,,,,,,,,,,,,,,,,,,0.4526,0.2618,0.2857,1,,,,2.18,3.8,3.5,,,,,-0.9812,1,13,0.6923,0.0482,0.0641,0,0,,,,-0.007,,,,,,,,,,,
spelad,NO,2018,2018-10-28,,Bodo/Glimt,Stabaek,1,1,D,,,,,,,,,,,,,,,,,,,,0.5315,0.243,0.2255,1,,,,1.9,4.02,4.5,,,,,-0.1631,0,7,-0.4286,-0.0832,0.0348,0,0,,,,-0.0212,,,,,,,,,,,
spelad,NO,2018,2018-10-28,,Brann,Rosenborg,1,2,A,,,,,,,,,,,,,,,,,,,,0.3567,0.2772,0.3661,1,,,,2.78,3.5,2.82,,,,,-0.2555,0,11,-1.0909,-0.0269,-0.1469,0,0,,,,0.023,,,,,,,,,,,
spelad,NO,2018,2018-10-28,,Kristiansund,Sandefjord,3,2,H,,,,,,,,,,,,,,,,,,,,0.5291,0.2409,0.23,1,,,,1.95,4.02,4.34,,,,,0.3443,-1,3,0,-0.0624,0.0366,0,0,,,,-0.0281,,,,,,,,,,,
spelad,NO,2018,2018-10-28,,Odd,Tromso,1,0,H,,,,,,,,,,,,,,,,,,,,0.5255,0.2387,0.2358,1,,,,1.87,4.05,4.5,,,,,0.9304,0,11,0.2727,0.006,0.1125,0,0,,,,-0.0058,,,,,,,,,,,
spelad,NO,2018,2018-10-28,,Ranheim,Lillestrom,3,2,H,,,,,,,,,,,,,,,,,,,,0.3224,0.2749,0.4027,1,,,,3.1,3.6,2.45,,,,,0.0491,0,,,,,0,0,,,,0.005,,,,,,,,,,,
spelad,NO,2018,2018-10-28,,Sarpsborg 08,Haugesund,2,1,H,,,,,,,,,,,,,,,,,,,,0.4819,0.2841,0.234,1,,,,2.1,3.52,4.25,,,,,-1.4342,1,11,0.2727,0.0832,0.0988,0,0,,,,-0.0255,,,,,,,,,,,
spelad,NO,2018,2018-10-29,,Start,Molde,1,3,A,,,,,,,,,,,,,,,,,,,,0.1983,0.2488,0.553,1,,,,5.05,4.1,1.77,,,,,0.763,-1,9,-1,0.0216,0.2391,0,0,,,,0.0151,,,,,,,,,,,
spelad,NO,2018,2018-11-03,,Stabaek,Kristiansund,0,1,A,,,,,,,,,,,,,,,,,,,,0.5637,0.2392,0.1971,1,,,,1.78,4.05,5.1,,,,,-1.1802,0,3,-3,-1.4423,-0.2709,0,0,,,,-0.0233,,,,,,,,,,,
spelad,NO,2018,2018-11-04,,Brann,Stromsgodset,3,1,H,,,,,,,,,,,,,,,,,,,,0.5459,0.2597,0.1944,1,,,,1.79,4,5.1,,,,,0.2732,-1,11,-0.5455,-0.0191,0.0263,0,0,,,,-0.006,,,,,,,,,,,
spelad,NO,2018,2018-11-04,,Haugesund,Ranheim,2,0,H,,,,,,,,,,,,,,,,,,,,0.5879,0.2253,0.1868,1,,,,1.66,4.3,5.7,,,,,-0.1379,0,,,,,0,0,,,,-0.0024,,,,,,,,,,,
spelad,NO,2018,2018-11-04,,Rosenborg,Odd,3,1,H,,,,,,,,,,,,,,,,,,,,0.6768,0.2036,0.1195,1,,,,1.45,4.9,8.4,,,,,-0.3677,0,13,1.1538,0.2243,-0.0896,0,0,,,,-0.0171,,,,,,,,,,,
spelad,NO,2018,2018-11-04,,Sandefjord,Start,4,1,H,,,,,,,,,,,,,,,,,,,,0.338,0.274,0.388,1,,,,2.9,3.54,2.6,,,,,-0.5082,1,3,1,0.943,-0.2576,0,0,,,,0.0008,,,,,,,,,,,
spelad,NO,2018,2018-11-04,,Tromso,Molde,2,4,A,,,,,,,,,,,,,,,,,,,,0.2529,0.2555,0.4916,1,,,,4.25,4,2,,,,,-0.6582,1,11,-1.9091,-0.5272,-0.0596,0,0,,,,0.0004,,,,,,,,,,,
spelad,NO,2018,2018-11-04,,Valerenga,Sarpsborg 08,0,0,D,,,,,,,,,,,,,,,,,,,,0.4659,0.273,0.2612,1,,,,2.13,3.65,3.75,,,,,0.6032,1,11,0,-0.1115,0.0128,0,0,,,,-0.0119,,,,,,,,,,,
spelad,NO,2018,2018-11-05,,Lillestrom,Bodo/Glimt,1,1,D,,,,,,,,,,,,,,,,,,,,0.4726,0.2858,0.2416,1,,,,2.14,3.45,4.01,,,,,0.2882,0,7,1.2857,0.5038,0.0341,0,0,,,,-0.046,,,,,,,,,,,
spelad,NO,2018,2018-11-11,,Bodo/Glimt,Valerenga,1,1,D,,,,,,,,,,,,,,,,,,,,0.5605,0.2247,0.2147,1,,,,1.8,4.32,5,,,,,-0.1041,-1,7,0.4286,0.2908,0.3254,0,0,,,,-0.0129,,,,,,,,,,,
spelad,NO,2018,2018-11-11,,Kristiansund,Brann,3,1,H,,,,,,,,,,,,,,,,,,,,0.2826,0.2492,0.4682,1,,,,3.5,3.89,2.15,,,,,0.799,1,3,1,1.1414,-0.2663,0,0,,,,0.014,,,,,,,,,,,
spelad,NO,2018,2018-11-11,,Molde,Haugesund,2,0,H,,,,,,,,,,,,,,,,,,,,0.6324,0.2256,0.142,1,,,,1.53,4.55,7,,,,,0.5489,0,13,-0.2308,-0.6645,0.2191,0,0,,,,0.0028,,,,,,,,,,,
spelad,NO,2018,2018-11-11,,Odd,Stabaek,0,3,A,,,,,,,,,,,,,,,,,,,,0.4728,0.2511,0.2761,1,,,,2.15,3.9,3.59,,,,,0.9708,-1,11,0.2727,-0.1307,-0.2396,0,0,,,,-0.0239,,,,,,,,,,,
spelad,NO,2018,2018-11-11,,Ranheim,Tromso,1,2,A,,,,,,,,,,,,,,,,,,,,0.429,0.2531,0.3179,1,,,,2.3,3.83,3.2,,,,,0.2511,0,,,,,0,0,,,,-0.011,,,,,,,,,,,
spelad,NO,2018,2018-11-11,,Sarpsborg 08,Sandefjord,1,1,D,,,,,,,,,,,,,,,,,,,,0.5524,0.2491,0.1985,1,,,,1.75,4.15,5.07,,,,,-1.0616,0,5,0.6,0.029,-0.254,0,0,,,,-0.0068,,,,,,,,,,,
spelad,NO,2018,2018-11-11,,Start,Rosenborg,0,1,A,,,,,,,,,,,,,,,,,,,,0.2105,0.2699,0.5195,1,,,,4.75,3.63,1.9,,,,,0.2182,0,9,-2.6667,-0.5603,-0.0779,0,0,,,,0.0215,,,,,,,,,,,
spelad,NO,2018,2018-11-11,,Stromsgodset,Lillestrom,2,2,D,,,,,,,,,,,,,,,,,,,,0.4568,0.2807,0.2625,1,,,,2.15,3.65,3.75,,,,,-0.2484,1,13,0.9231,0.1795,-0.0168,0,0,,,,-0.0055,,,,,,,,,,,
spelad,NO,2018,2018-11-24,,Brann,Odd,1,0,H,,,,,,,,,,,,,,,,,,,,0.6064,0.2318,0.1618,1,,,,1.64,4.2,6,,,,,-0.5749,0,11,0.8182,0.5172,-0.0812,0,0,,,,-0.0293,,,,,,,,,,,
spelad,NO,2018,2018-11-24,,Haugesund,Start,3,1,H,,,,,,,,,,,,,,,,,,,,0.4305,0.2611,0.3085,1,,,,2.35,3.71,3.18,,,,,-0.2486,0,9,1,0.4692,-0.258,0,0,,,,-0.0226,,,,,,,,,,,
spelad,NO,2018,2018-11-24,,Lillestrom,Kristiansund,2,0,H,,,,,,,,,,,,,,,,,,,,0.6125,0.2104,0.1771,1,,,,1.59,4.6,5.75,,,,,-1.3065,0,3,-1,-0.9716,0.3891,0,0,,,,0.0006,,,,,,,,,,,
spelad,NO,2018,2018-11-24,,Rosenborg,Bodo/Glimt,1,1,D,,,,,,,,,,,,,,,,,,,,0.5525,0.2671,0.1804,1,,,,1.75,3.83,5.5,,,,,1.2615,0,7,0.8571,-0.3242,0.2232,0,0,,,,-0.0131,,,,,,,,,,,
spelad,NO,2018,2018-11-24,,Sandefjord,Molde,1,3,A,,,,,,,,,,,,,,,,,,,,0.168,0.203,0.629,1,,,,6.25,4.8,1.57,,,,,-0.4897,0,5,-2.4,-0.4548,-0.0098,0,0,,,,-0.0098,,,,,,,,,,,
spelad,NO,2018,2018-11-24,,Stabaek,Stromsgodset,2,2,D,,,,,,,,,,,,,,,,,,,,0.4027,0.2749,0.3224,1,,,,2.41,3.62,3.1,,,,,0.2736,0,11,0.2727,0.5903,-0.0544,0,0,,,,0.0085,,,,,,,,,,,
spelad,NO,2018,2018-11-24,,Tromso,Sarpsborg 08,0,2,A,,,,,,,,,,,,,,,,,,,,0.3854,0.2639,0.3506,1,,,,2.53,3.68,3.05,,,,,0.2604,0,9,-0.3333,-0.0976,-0.035,0,0,,,,0.021,,,,,,,,,,,
spelad,NO,2018,2018-11-24,,Valerenga,Ranheim,2,1,H,,,,,,,,,,,,,,,,,,,,0.595,0.2211,0.1839,1,,,,1.65,4.55,5.47,,,,,-0.5488,0,,,,,0,0,,,,-0.0187,,,,,,,,,,,
spelad,NO,2018,2018-12-09,,Aalesund,Stabaek,1,1,D,,,,,,,,,,,,,,,,,,,,0.4162,0.2628,0.3211,1,,,,2.45,3.69,3.2,,,,,-0.0347,,10,0.9,0.3765,0.0519,0,0,,,,0.0068,,,,,,,,,,,
spelad,NO,2019,2019-03-30,,Odd,Brann,3,2,H,,,,,,,,,,,,,,,,,,,,0.4178,0.2955,0.2867,1,,,,2.55,3.28,3.38,,,,,0.3111,,12,-1,-0.4594,-0.0937,0,0,,,,-0.0634,,,,,,,,,,,
spelad,NO,2019,2019-03-30,,Valerenga,Mjondalen,2,0,H,,,,,,,,,,,,,,,,,,,,0.5921,0.2389,0.169,1,,,,1.69,4.05,5.71,,,,,0.3654,,,,,,-1,0,,,,-0.0367,,,,,,,,,,,
spelad,NO,2019,2019-03-31,,Bodo/Glimt,Rosenborg,2,0,H,,,,,,,,,,,,,,,,,,,,0.3264,0.2843,0.3893,1,,,,3.05,3.58,2.49,,,,,-0.8706,,8,-0.75,0.1124,0.2869,0,0,,,,-0.0206,,,,,,,,,,,
spelad,NO,2019,2019-03-31,,Ranheim,Tromso,1,2,A,,,,,,,,,,,,,,,,,,,,0.4115,0.2831,0.3054,1,,,,2.4,3.5,3.2,,,,,0.2086,,,,,,0,0,,,,-0.0197,,,,,,,,,,,
spelad,NO,2019,2019-03-31,,Sarpsborg 08,Molde,1,1,D,,,,,,,,,,,,,,,,,,,,0.3674,0.2787,0.354,1,,,,2.71,3.48,2.8,,,,,-1.1188,,12,0,0.3781,0.0984,0,0,,,,-0.0148,,,,,,,,,,,
spelad,NO,2019,2019-03-31,,Stromsgodset,Haugesund,3,2,H,,,,,,,,,,,,,,,,,,,,0.4706,0.2877,0.2417,1,,,,2.07,3.55,4.01,,,,,-0.9431,,14,0.4286,-0.1013,-0.096,0,0,,,,-0.007,,,,,,,,,,,
spelad,NO,2019,2019-03-31,,Viking,Kristiansund,2,0,H,,,,,,,,,,,,,,,,,,,,0.4638,0.2692,0.267,1,,,,2.2,3.67,3.65,,,,,-0.9486,,,,,,1,0,,,,-0.034,,,,,,,,,,,
spelad,NO,2019,2019-04-01,,Stabaek,Lillestrom,1,1,D,,,,,,,,,,,,,,,,,,,,0.3371,0.2881,0.3748,1,,,,2.91,3.5,2.9,,,,,-0.5104,,12,0.25,0.3468,-0.1677,0,0,,,,0.0211,,,,,,,,,,,
spelad,NO,2019,2019-04-06,,Mjondalen,Bodo/Glimt,4,5,A,,,,,,,,,,,,,,,,,,,,0.3312,0.2837,0.3851,1,,,,2.98,3.5,2.55,,,,,-0.5996,1,,,,,1,0,,,,-0.0006,,,,,,,,,,,
spelad,NO,2019,2019-04-07,,Brann,Stromsgodset,1,1,D,,,,,,,,,,,,,,,,,,,,0.5697,0.2419,0.1884,1,,,,1.73,4.1,5.25,,,,,-0.3018,1,12,-0.25,0.0744,0.0024,0,0,,,,-0.0267,,,,,,,,,,,
spelad,NO,2019,2019-04-07,,Haugesund,Sarpsborg 08,1,1,D,,,,,,,,,,,,,,,,,,,,0.3517,0.2806,0.3677,1,,,,2.85,3.46,2.74,,,,,0.7218,0,12,-0.5,-0.249,0.0669,0,0,,,,-0.0156,,,,,,,,,,,
spelad,NO,2019,2019-04-07,,Kristiansund,Valerenga,2,0,H,,,,,,,,,,,,,,,,,,,,0.3078,0.2724,0.4198,1,,,,3.2,3.56,2.6,,,,,0.9184,-1,4,-0.75,0.0404,0.0009,0,0,,,,0.0141,,,,,,,,,,,
spelad,NO,2019,2019-04-07,,Lillestrom,Ranheim,2,1,H,,,,,,,,,,,,,,,,,,,,0.5774,0.2447,0.1779,1,,,,1.74,4,5.5,,,,,0.2332,-1,,,,,0,0,,,,-0.0236,,,,,,,,,,,
spelad,NO,2019,2019-04-07,,Molde,Stabaek,3,0,H,,,,,,,,,,,,,,,,,,,,0.7062,0.1734,0.1205,1,,,,1.38,5.54,10,,,,,1.0032,1,12,1,0.0081,-0.0574,0,0,,,,0.0129,,,,,,,,,,,
spelad,NO,2019,2019-04-07,,Tromso,Viking,0,2,A,,,,,,,,,,,,,,,,,,,,0.4446,0.2678,0.2876,1,,,,2.18,3.68,3.75,,,,,-0.5447,0,10,1.2,0.7988,-0.2647,-1,0,,,,0.0352,,,,,,,,,,,
spelad,NO,2019,2019-04-08,,Rosenborg,Odd,1,1,D,,,,,,,,,,,,,,,,,,,,0.5335,0.2589,0.2077,1,,,,1.96,3.73,4.9,,,,,-0.1119,-1,14,1.2857,0.263,-0.0977,0,0,,,,-0.0605,,,,,,,,,,,
spelad,NO,2019,2019-04-10,,Brann,Kristiansund,2,1,H,,,,,,,,,,,,,,,,,,,,0.6325,0.2273,0.1402,1,,,,1.55,4.43,7,,,,,-1.4419,0,4,-1.5,-1.0698,-0.262,0,0,,,,-0.0295,,,,,,,,,,,
spelad,NO,2019,2019-04-10,,Molde,Valerenga,4,1,H,,,,,,,,,,,,,,,,,,,,0.6805,0.1915,0.1279,1,,,,1.45,5.15,9.5,,,,,1.0611,0,14,1.9286,0.6117,-0.0232,0,0,,,,-0.0276,,,,,,,,,,,
spelad,NO,2019,2019-04-12,,Stromsgodset,Mjondalen,2,3,A,,,,,,,,,,,,,,,,,,,,0.5422,0.2494,0.2084,1,,,,1.82,4.2,5.25,,,,,0.6131,-1,,,,,-1,0,,,,0.0088,,,,,,,,,,,
spelad,NO,2019,2019-04-13,,Viking,Brann,2,1,H,,,,,,,,,,,,,,,,,,,,0.3001,0.2692,0.4307,1,,,,3.4,3.6,2.29,,,,,0.9253,3,10,-0.3,-0.3478,0.0434,1,0,,,,-0.0012,,,,,,,,,,,
spelad,NO,2019,2019-04-14,,Bodo/Glimt,Molde,3,2,H,,,,,,,,,,,,,,,,,,,,0.3263,0.2578,0.4159,1,,,,3.03,3.8,2.41,,,,,-0.5139,4,8,-1.125,0.1276,-0.0888,0,0,,,,0.0049,,,,,,,,,,,
spelad,NO,2019,2019-04-14,,Odd,Kristiansund,2,0,H,,,,,,,,,,,,,,,,,,,,0.5946,0.2451,0.1603,1,,,,1.66,4.1,6.01,,,,,-0.8845,2,4,0,-0.3221,0.2363,0,0,,,,-0.0305,,,,,,,,,,,
spelad,NO,2019,2019-04-14,,Ranheim,Haugesund,0,2,A,,,,,,,,,,,,,,,,,,,,0.3371,0.3034,0.3596,1,,,,2.88,3.33,2.85,,,,,-0.9481,0,,,,,0,0,,,,0.0148,,,,,,,,,,,
spelad,NO,2019,2019-04-14,,Sarpsborg 08,Lillestrom,1,0,H,,,,,,,,,,,,,,,,,,,,0.5178,0.2646,0.2176,1,,,,1.87,3.73,4.75,,,,,0.1268,0,12,0,-0.0213,0.0698,0,0,,,,0.0099,,,,,,,,,,,
spelad,NO,2019,2019-04-14,,Stabaek,Rosenborg,3,1,H,,,,,,,,,,,,,,,,,,,,0.2612,0.2982,0.4405,1,,,,3.9,3.4,2.21,,,,,-0.1645,1,12,-1.25,0.0891,0.0528,0,0,,,,-0.0036,,,,,,,,,,,
spelad,NO,2019,2019-04-14,,Valerenga,Tromso,4,1,H,,,,,,,,,,,,,,,,,,,,0.6053,0.2223,0.1725,1,,,,1.63,4.4,5.75,,,,,0.0392,-3,12,1.5,0.7608,-0.0912,0,0,,,,-0.0225,,,,,,,,,,,
spelad,NO,2019,2019-04-22,,Bodo/Glimt,Sarpsborg 08,1,1,D,,,,,,,,,,,,,,,,,,,,0.431,0.2795,0.2895,1,,,,2.35,3.55,3.35,,,,,0.0227,0,8,0,0.105,-0.0071,0,0,,,,-0.0241,,,,,,,,,,,
spelad,NO,2019,2019-04-22,,Brann,Valerenga,1,1,D,,,,,,,,,,,,,,,,,,,,0.5777,0.2364,0.1859,1,,,,1.7,4.14,5.5,,,,,-0.3648,1,12,-1,-0.6014,0.0659,0,0,,,,-0.0099,,,,,,,,,,,
spelad,NO,2019,2019-04-22,,Haugesund,Stabaek,3,0,H,,,,,,,,,,,,,,,,,,,,0.57,0.2458,0.1842,1,,,,1.75,3.97,6,,,,,0.2461,0,12,1.75,0.7056,-0.0044,0,0,,,,-0.0353,,,,,,,,,,,
spelad,NO,2019,2019-04-22,,Kristiansund,Ranheim,0,0,D,,,,,,,,,,,,,,,,,,,,0.5436,0.2581,0.1983,1,,,,1.82,3.75,5,,,,,1.1258,0,,,,,0,0,,,,-0.0135,,,,,,,,,,,
spelad,NO,2019,2019-04-22,,Lillestrom,Molde,0,2,A,,,,,,,,,,,,,,,,,,,,0.302,0.2671,0.4309,1,,,,3.25,3.63,2.3,,,,,-0.7084,0,14,-0.6429,0.1862,-0.0209,0,0,,,,0.0157,,,,,,,,,,,
spelad,NO,2019,2019-04-22,,Mjondalen,Tromso,1,1,D,,,,,,,,,,,,,,,,,,,,0.4504,0.2697,0.2799,1,,,,2.2,3.62,3.6,,,,,-0.051,2,,,,,1,0,,,,-0.0067,,,,,,,,,,,
spelad,NO,2019,2019-04-22,,Rosenborg,Stromsgodset,0,0,D,,,,,,,,,,,,,,,,,,,,0.5983,0.2396,0.1622,1,,,,1.67,4.22,5.94,,,,,0.0816,-2,14,1.0714,0.152,0.1221,0,0,,,,-0.0505,,,,,,,,,,,
spelad,NO,2019,2019-04-23,,Odd,Viking,1,0,H,,,,,,,,,,,,,,,,,,,,0.5905,0.2244,0.1851,1,,,,1.67,4.35,5.6,,,,,-0.8493,-1,12,-0.5,-0.3238,0.0711,-1,0,,,,-0.0121,,,,,,,,,,,
spelad,NO,2019,2019-04-27,,Sarpsborg 08,Mjondalen,1,1,D,,,,,,,,,,,,,,,,,,,,0.6635,0.2038,0.1327,1,,,,1.48,4.72,8.5,,,,,0.753,0,,,,,-1,0,,,,-0.0266,,,,,,,,,,,
spelad,NO,2019,2019-04-28,,Lillestrom,Haugesund,1,0,H,,,,,,,,,,,,,,,,,,,,0.3745,0.3022,0.3233,1,,,,2.62,3.22,3.2,,,,,-0.6146,0,14,0.2143,-0.074,0.3787,0,0,,,,0.0126,,,,,,,,,,,
spelad,NO,2019,2019-04-28,,Molde,Rosenborg,3,0,H,,,,,,,,,,,,,,,,,,,,0.5023,0.2486,0.2492,1,,,,2,3.9,4.15,,,,,0.8068,0,14,0,0.2007,-0.1056,0,0,,,,-0.0185,,,,,,,,,,,
spelad,NO,2019,2019-04-28,,Ranheim,Viking,5,2,H,,,,,,,,,,,,,,,,,,,,0.337,0.2897,0.3733,1,,,,2.97,3.38,2.65,,,,,-1.4924,1,,,,,-1,0,,,,0.0041,,,,,,,,,,,
spelad,NO,2019,2019-04-28,,Stabaek,Bodo/Glimt,2,0,H,,,,,,,,,,,,,,,,,,,,0.2877,0.2656,0.4467,1,,,,3.4,3.65,2.27,,,,,-0.4198,0,8,0.375,0.0524,0.1251,0,0,,,,0.0107,,,,,,,,,,,
spelad,NO,2019,2019-04-28,,Stromsgodset,Kristiansund,2,3,A,,,,,,,,,,,,,,,,,,,,0.5342,0.2538,0.212,1,,,,1.85,3.9,4.56,,,,,-0.2833,0,4,-1.5,-1.0677,-0.2572,0,0,,,,-0.0242,,,,,,,,,,,
spelad,NO,2019,2019-04-28,,Tromso,Brann,1,2,A,,,,,,,,,,,,,,,,,,,,0.2742,0.2757,0.4501,1,,,,3.6,3.51,2.25,,,,,0.141,0,10,0.6,0.333,-0.0556,0,0,,,,0.0234,,,,,,,,,,,
spelad,NO,2019,2019-04-29,,Valerenga,Odd,1,0,H,,,,,,,,,,,,,,,,,,,,0.4092,0.2886,0.3021,1,,,,2.4,3.48,3.35,,,,,-0.1601,1,14,0,0.1727,-0.1164,0,0,,,,0.0068,,,,,,,,,,,
spelad,NO,2019,2019-05-04,,Mjondalen,Stabaek,1,0,H,,,,,,,,,,,,,,,,,,,,0.4682,0.2685,0.2634,1,,,,2.12,3.7,3.74,,,,,-0.7872,1,,,,,1,0,,,,-0.0148,,,,,,,,,,,
spelad,NO,2019,2019-05-05,,Bodo/Glimt,Lillestrom,4,0,H,,,,,,,,,,,,,,,,,,,,0.5988,0.2263,0.175,1,,,,1.62,4.4,5.75,,,,,0.2353,0,8,-1.125,-0.472,0.1191,0,0,,,,-0.015,,,,,,,,,,,
spelad,NO,2019,2019-05-05,,Brann,Ranheim,0,1,A,,,,,,,,,,,,,,,,,,,,0.6965,0.1962,0.1073,1,,,,1.4,5.15,9.2,,,,,0.2212,0,,,,,0,0,,,,-0.0191,,,,,,,,,,,
spelad,NO,2019,2019-05-05,,Haugesund,Molde,1,2,A,,,,,,,,,,,,,,,,,,,,0.3464,0.293,0.3606,1,,,,3,3.4,2.7,,,,,-0.2816,0,14,0,0.367,0.1874,0,0,,,,-0.0155,,,,,,,,,,,
spelad,NO,2019,2019-05-05,,Kristiansund,Tromso,1,0,H,,,,,,,,,,,,,,,,,,,,0.525,0.2529,0.2221,1,,,,1.92,3.82,4.5,,,,,0.5165,0,4,1.5,0.8904,0.245,0,0,,,,-0.0289,,,,,,,,,,,
spelad,NO,2019,2019-05-05,,Odd,Stromsgodset,2,1,H,,,,,,,,,,,,,,,,,,,,0.5314,0.2628,0.2058,1,,,,1.83,3.78,4.75,,,,,0.3877,-1,14,-0.2143,0.086,-0.0449,0,0,,,,-0.0113,,,,,,,,,,,
spelad,NO,2019,2019-05-05,,Rosenborg,Sarpsborg 08,1,0,H,,,,,,,,,,,,,,,,,,,,0.4307,0.3038,0.2655,1,,,,2.3,3.22,3.7,,,,,-0.5932,-1,12,1.75,0.2488,0.0281,0,0,,,,-0.0197,,,,,,,,,,,
spelad,NO,2019,2019-05-06,,Viking,Valerenga,1,1,D,,,,,,,,,,,,,,,,,,,,0.3537,0.2677,0.3786,1,,,,2.9,3.69,2.6,,,,,0.4659,1,12,-0.25,-0.2381,-0.0088,1,0,,,,-0.0345,,,,,,,,,,,
spelad,NO,2019,2019-05-11,,Lillestrom,Rosenborg,1,1,D,,,,,,,,,,,,,,,,,,,,0.3018,0.2841,0.414,1,,,,3.3,3.41,2.4,,,,,0.5673,0,14,-2.1429,-0.4852,0.0691,0,0,,,,-0.0014,,,,,,,,,,,
spelad,NO,2019,2019-05-12,,Haugesund,Bodo/Glimt,1,1,D,,,,,,,,,,,,,,,,,,,,0.4568,0.272,0.2712,1,,,,2.2,3.62,3.6,,,,,-0.455,0,8,0.75,0.4629,-0.2558,0,0,,,,-0.0202,,,,,,,,,,,
spelad,NO,2019,2019-05-12,,Molde,Mjondalen,1,0,H,,,,,,,,,,,,,,,,,,,,0.727,0.1751,0.0979,1,,,,1.35,5.9,11,,,,,0.7761,-1,,,,,-1,0,,,,-0.0222,,,,,,,,,,,
spelad,NO,2019,2019-05-12,,Ranheim,Valerenga,1,5,A,,,,,,,,,,,,,,,,,,,,0.2967,0.287,0.4163,1,,,,3.3,3.45,2.38,,,,,-0.4644,1,,,,,0,0,,,,-0.0054,,,,,,,,,,,
spelad,NO,2019,2019-05-12,,Sarpsborg 08,Kristiansund,0,1,A,,,,,,,,,,,,,,,,,,,,0.5919,0.2443,0.1638,1,,,,1.66,4.12,6,,,,,-0.2823,0,4,0,-0.484,0.2382,0,0,,,,-0.0148,,,,,,,,,,,
spelad,NO,2019,2019-05-12,,Stabaek,Brann,0,1,A,,,,,,,,,,,,,,,,,,,,0.2315,0.2673,0.5013,1,,,,4.22,3.62,2.05,,,,,0.5144,1,10,-1.2,-0.2351,-0.0528,0,0,,,,0.0261,,,,,,,,,,,
spelad,NO,2019,2019-05-12,,Tromso,Odd,1,2,A,,,,,,,,,,,,,,,,,,,,0.3108,0.2886,0.4007,1,,,,3.13,3.4,2.45,,,,,-0.425,0,12,-0.5,-0.1875,0.0833,0,0,,,,0.0056,,,,,,,,,,,
spelad,NO,2019,2019-05-13,,Stromsgodset,Viking,0,0,D,,,,,,,,,,,,,,,,,,,,0.4956,0.2459,0.2584,1,,,,2,3.95,3.85,,,,,-0.9489,1,12,1.25,0.4473,-0.013,-1,0,,,,-0.0163,,,,,,,,,,,
spelad,NO,2019,2019-05-16,,Brann,Sarpsborg 08,2,1,H,,,,,,,,,,,,,,,,,,,,0.4988,0.2871,0.2141,1,,,,1.97,3.6,4.7,,,,,-0.1356,0,10,-0.3,-0.2084,-0.1629,0,0,,,,-0.0098,,,,,,,,,,,
spelad,NO,2019,2019-05-16,,Kristiansund,Molde,3,2,H,,,,,,,,,,,,,,,,,,,,0.2849,0.2808,0.4344,1,,,,3.6,3.62,2.25,,,,,-0.0707,0,4,0,0.5727,-0.2543,0,0,,,,-0.0069,,,,,,,,,,,
spelad,NO,2019,2019-05-16,,Mjondalen,Lillestrom,2,2,D,,,,,,,,,,,,,,,,,,,,0.4505,0.2728,0.2767,1,,,,2.29,3.65,3.5,,,,,-0.017,-1,,,,,1,0,,,,-0.037,,,,,,,,,,,
spelad,NO,2019,2019-05-16,,Odd,Ranheim,1,0,H,,,,,,,,,,,,,,,,,,,,0.6855,0.2128,0.1018,1,,,,1.45,4.95,9.43,,,,,0.6896,0,,,,,0,0,,,,-0.0335,,,,,,,,,,,
spelad,NO,2019,2019-05-16,,Rosenborg,Haugesund,0,2,A,,,,,,,,,,,,,,,,,,,,0.5037,0.287,0.2093,1,,,,1.97,3.63,4.62,,,,,-0.6904,1,14,0.8571,-0.0339,-0.0872,0,0,,,,-0.0272,,,,,,,,,,,
spelad,NO,2019,2019-05-16,,Tromso,Bodo/Glimt,1,2,A,,,,,,,,,,,,,,,,,,,,0.2675,0.2555,0.477,1,,,,3.9,3.8,2.15,,,,,-1.1593,0,6,0,0.0664,-0.2564,0,0,,,,-0.0079,,,,,,,,,,,
spelad,NO,2019,2019-05-16,,Valerenga,Stromsgodset,2,0,H,,,,,,,,,,,,,,,,,,,,0.5558,0.2353,0.2089,1,,,,1.76,4.25,5.6,,,,,0.8012,1,14,-0.8571,-0.1843,0.0409,0,0,,,,0.0228,,,,,,,,,,,
spelad,NO,2019,2019-05-16,,Viking,Stabaek,3,0,H,,,,,,,,,,,,,,,,,,,,0.5773,0.2329,0.1898,1,,,,1.78,4.15,5.08,,,,,0.5387,-1,10,0.9,0.2014,0.0491,1,0,,,,-0.0417,,,,,,,,,,,
spelad,NO,2019,2019-05-19,,Bodo/Glimt,Brann,1,2,A,,,,,,,,,,,,,,,,,,,,0.3674,0.2787,0.354,1,,,,2.75,3.52,2.83,,,,,0.7701,0,6,-0.5,-0.0029,-0.0983,0,0,,,,0.0034,,,,,,,,,,,
spelad,NO,2019,2019-05-19,,Haugesund,Kristiansund,0,0,D,,,,,,,,,,,,,,,,,,,,0.5675,0.2448,0.1877,1,,,,1.75,4,5.25,,,,,-0.8501,0,4,-1.5,-0.819,-0.2789,0,0,,,,-0.0351,,,,,,,,,,,
spelad,NO,2019,2019-05-19,,Lillestrom,Odd,0,3,A,,,,,,,,,,,,,,,,,,,,0.2556,0.2875,0.4569,1,,,,3.79,3.44,2.25,,,,,-0.8353,0,14,-0.6429,-0.102,-0.0433,0,0,,,,0.0652,,,,,,,,,,,
spelad,NO,2019,2019-05-19,,Rosenborg,Mjondalen,3,2,H,,,,,,,,,,,,,,,,,,,,0.5805,0.2465,0.173,1,,,,1.7,4,5.75,,,,,-0.8744,0,,,,,-1,0,,,,-0.0121,,,,,,,,,,,
spelad,NO,2019,2019-05-19,,Sarpsborg 08,Ranheim,1,3,A,,,,,,,,,,,,,,,,,,,,0.663,0.2156,0.1214,1,,,,1.49,4.67,8.5,,,,,-0.4996,0,4,1.5,0.5375,-0.2521,0,0,,,,-0.0253,,,,,,,,,,,
spelad,NO,2019,2019-05-19,,Stromsgodset,Tromso,3,1,H,,,,,,,,,,,,,,,,,,,,0.4958,0.2794,0.2248,1,,,,2,3.65,4.4,,,,,0.0633,0,12,0.5,-0.0082,-0.0874,0,0,,,,-0.0151,,,,,,,,,,,
spelad,NO,2019,2019-05-20,,Molde,Viking,5,1,H,,,,,,,,,,,,,,,,,,,,0.6948,0.188,0.1172,1,,,,1.41,5.25,8.9,,,,,-0.0244,0,12,-0.25,-0.3841,-0.1706,-1,0,,,,-0.034,,,,,,,,,,,
spelad,NO,2019,2019-05-25,,Valerenga,Lillestrom,0,3,A,,,,,,,,,,,,,,,,,,,,0.6377,0.2159,0.1463,1,,,,1.54,4.63,6.58,,,,,0.5367,3,14,0.2143,-0.0085,0.0888,0,0,,,,-0.0205,,,,,,,,,,,
spelad,NO,2019,2019-05-26,,Brann,Rosenborg,0,1,A,,,,,,,,,,,,,,,,,,,,0.5637,0.253,0.1833,1,,,,1.8,3.85,5.4,,,,,0.7444,0,12,-1.25,-0.1369,-0.1577,0,0,,,,-0.0237,,,,,,,,,,,
spelad,NO,2019,2019-05-26,,Mjondalen,Haugesund,1,4,A,,,,,,,,,,,,,,,,,,,,0.3281,0.297,0.3749,1,,,,2.96,3.44,2.6,,,,,-0.0155,0,,,,,1,0,,,,0.0139,,,,,,,,,,,
spelad,NO,2019,2019-05-26,,Ranheim,Stromsgodset,1,0,H,,,,,,,,,,,,,,,,,,,,0.4181,0.274,0.3079,1,,,,2.35,3.55,3.2,,,,,0.9335,0,,,,,0,0,,,,-0.0149,,,,,,,,,,,
spelad,NO,2019,2019-05-26,,Tromso,Molde,2,1,H,,,,,,,,,,,,,,,,,,,,0.1862,0.2329,0.5809,1,,,,5.2,4.3,1.69,,,,,-1.3825,1,12,-2,-0.5678,-0.0759,0,0,,,,0.0182,,,,,,,,,,,
spelad,NO,2019,2019-06-15,,Haugesund,Brann,1,1,D,,,,,,,,,,,,,,,,,,,,0.3127,0.2946,0.3928,1,,,,3.1,3.3,2.58,,,,,0.4267,0,12,-0.25,0.0845,-0.1791,0,0,,,,0.0183,,,,,,,,,,,
spelad,NO,2019,2019-06-16,,Bodo/Glimt,Stromsgodset,2,0,H,,,,,,,,,,,,,,,,,,,,0.6547,0.194,0.1513,1,,,,1.54,4.96,7,,,,,0.9835,7,8,-1.875,-0.4726,-0.1028,0,0,,,,-0.0397,,,,,,,,,,,
spelad,NO,2019,2019-06-16,,Lillestrom,Viking,0,2,A,,,,,,,,,,,,,,,,,,,,0.4289,0.2608,0.3103,1,,,,2.31,3.7,3.26,,,,,-0.2407,-5,12,-0.25,-0.0337,0.1554,-1,0,,,,0,,,,,,,,,,,
spelad,NO,2019,2019-06-16,,Mjondalen,Kristiansund,1,1,D,,,,,,,,,,,,,,,,,,,,0.3591,0.2909,0.35,1,,,,2.71,3.45,2.8,,,,,-0.6563,-7,,,,,0,0,,,,-0.0021,,,,,,,,,,,
spelad,NO,2019,2019-06-16,,Molde,Ranheim,2,0,H,,,,,,,,,,,,,,,,,,,,0.7422,0.1686,0.0892,1,,,,1.3,6.25,11.25,,,,,-0.5742,0,,,,,0,0,,,,-0.0135,,,,,,,,,,,
spelad,NO,2019,2019-06-16,,Rosenborg,Valerenga,3,0,H,,,,,,,,,,,,,,,,,,,,0.4986,0.2733,0.2281,1,,,,1.96,3.65,4.24,,,,,-0.4333,-1,14,2.1429,0.5051,0.0563,0,0,,,,-0.0191,,,,,,,,,,,
spelad,NO,2019,2019-06-16,,Sarpsborg 08,Odd,2,0,H,,,,,,,,,,,,,,,,,,,,0.3551,0.3037,0.3413,1,,,,2.77,3.3,2.84,,,,,-1.5527,0,12,-0.5,-0.1903,0.24,0,0,,,,-0.0008,,,,,,,,,,,
spelad,NO,2019,2019-06-17,,Stabaek,Tromso,0,1,A,,,,,,,,,,,,,,,,,,,,0.4353,0.2745,0.2902,1,,,,2.3,3.55,3.52,,,,,0.4031,,10,-0.3,-0.0209,0.0493,0,0,,,,-0.0154,,,,,,,,,,,
spelad,NO,2019,2019-06-22,,Stromsgodset,Molde,0,4,A,,,,,,,,,,,,,,,,,,,,0.2577,0.2504,0.4919,1,,,,3.85,3.9,2.01,,,,,-0.9246,0,14,-0.4286,-0.0932,0.0324,0,0,,,,0.0098,,,,,,,,,,,
spelad,NO,2019,2019-06-23,,Brann,Lillestrom,1,0,H,,,,,,,,,,,,,,,,,,,,0.7114,0.1847,0.1039,1,,,,1.38,5.3,10.5,,,,,0.0882,1,12,-0.25,-0.2322,-0.0094,0,0,,,,-0.0202,,,,,,,,,,,
spelad,NO,2019,2019-06-23,,Kristiansund,Stabaek,0,1,A,,,,,,,,,,,,,,,,,,,,0.6031,0.2276,0.1693,1,,,,1.62,4.35,6.15,,,,,0.9492,1,4,3,1.8273,-0.263,0,0,,,,-0.0182,,,,,,,,,,,
spelad,NO,2019,2019-06-23,,Odd,Haugesund,3,1,H,,,,,,,,,,,,,,,,,,,,0.5223,0.2785,0.1992,1,,,,1.88,3.8,5,,,,,0.4871,-1,14,0.8571,0.3114,-0.1158,0,0,,,,0.0044,,,,,,,,,,,
spelad,NO,2019,2019-06-23,,Ranheim,Mjondalen,1,1,D,,,,,,,,,,,,,,,,,,,,0.4132,0.2779,0.3089,1,,,,2.38,3.6,3.15,,,,,1.0616,0,,,,,0,0,,,,-0.0162,,,,,,,,,,,
spelad,NO,2019,2019-06-23,,Tromso,Rosenborg,1,0,H,,,,,,,,,,,,,,,,,,,,0.2354,0.288,0.4766,1,,,,4.11,3.48,2.07,,,,,-0.3482,-1,12,-0.75,0.1643,0.0219,0,0,,,,0.0344,,,,,,,,,,,
spelad,NO,2019,2019-06-23,,Valerenga,Sarpsborg 08,1,1,D,,,,,,,,,,,,,,,,,,,,0.4394,0.2746,0.286,1,,,,2.22,3.55,3.4,,,,,0.8133,0,12,0,-0.1581,0.0724,0,0,,,,-0.0112,,,,,,,,,,,
spelad,NO,2019,2019-06-23,,Viking,Bodo/Glimt,3,4,A,,,,,,,,,,,,,,,,,,,,0.3288,0.2685,0.4027,1,,,,3,3.7,2.5,,,,,0.043,0,6,1,0.3244,-0.2292,0,0,,,,0.0198,,,,,,,,,,,
spelad,NO,2019,2019-06-29,,Rosenborg,Kristiansund,1,0,H,,,,,,,,,,,,,,,,,,,,0.6154,0.2325,0.1521,1,,,,1.62,4.16,6.45,,,,,-0.4413,0,4,1.5,-0.2257,0.2961,0,0,,,,-0.0423,,,,,,,,,,,
spelad,NO,2019,2019-06-30,,Bodo/Glimt,Odd,3,0,H,,,,,,,,,,,,,,,,,,,,0.4075,0.2849,0.3076,1,,,,2.4,3.48,3.28,,,,,-0.4187,0,8,-1.875,-0.4685,-0.1008,0,0,,,,0.0188,,,,,,,,,,,
spelad,NO,2019,2019-06-30,,Haugesund,Valerenga,1,4,A,,,,,,,,,,,,,,,,,,,,0.3931,0.293,0.3139,1,,,,2.46,3.4,3.2,,,,,-0.2259,0,14,0.2143,0.1697,-0.0445,0,0,,,,0.0119,,,,,,,,,,,
spelad,NO,2019,2019-06-30,,Lillestrom,Tromso,4,0,H,,,,,,,,,,,,,,,,,,,,0.4473,0.285,0.2677,1,,,,2.25,3.4,3.75,,,,,-0.1302,0,12,0.25,0.3234,-0.1718,0,0,,,,-0.0084,,,,,,,,,,,
spelad,NO,2019,2019-06-30,,Mjondalen,Viking,1,1,D,,,,,,,,,,,,,,,,,,,,0.4165,0.2503,0.3332,1,,,,2.45,3.86,2.98,,,,,-0.0622,0,,,,,0,0,,,,-0.0247,,,,,,,,,,,
spelad,NO,2019,2019-06-30,,Molde,Brann,1,1,D,,,,,,,,,,,,,,,,,,,,0.472,0.2644,0.2636,1,,,,2.09,3.85,3.75,,,,,0.138,1,12,1,0.3237,-0.2481,0,0,,,,-0.0087,,,,,,,,,,,
spelad,NO,2019,2019-06-30,,Stabaek,Ranheim,0,0,D,,,,,,,,,,,,,,,,,,,,0.3544,0.295,0.3506,1,,,,2.75,3.32,2.82,,,,,-0.5715,0,,,,,0,0,,,,0.014,,,,,,,,,,,
spelad,NO,2019,2019-07-01,,Sarpsborg 08,Stromsgodset,2,2,D,,,,,,,,,,,,,,,,,,,,0.5944,0.2354,0.1701,1,,,,1.74,4.15,6.05,,,,,-0.0164,-1,12,-0.75,-0.1707,0.1697,0,0,,,,-0.0599,,,,,,,,,,,
spelad,NO,2019,2019-07-04,,Ranheim,Rosenborg,2,3,A,,,,,,,,,,,,,,,,,,,,0.2346,0.2633,0.5021,1,,,,4.5,3.68,1.97,,,,,0.0819,-1,,,,,0,0,,,,0.0166,,,,,,,,,,,
spelad,NO,2019,2019-07-05,,Brann,Mjondalen,0,0,D,,,,,,,,,,,,,,,,,,,,0.6329,0.2274,0.1396,1,,,,1.57,4.38,6.89,,,,,0.3642,0,,,,,0,0,,,,-0.0412,,,,,,,,,,,
spelad,NO,2019,2019-07-05,,Kristiansund,Lillestrom,5,2,H,,,,,,,,,,,,,,,,,,,,0.4838,0.2725,0.2437,1,,,,2.05,3.6,3.97,,,,,0.62,1,4,0,0.2514,0.2392,0,0,,,,-0.0207,,,,,,,,,,,
spelad,NO,2019,2019-07-05,,Odd,Molde,2,2,D,,,,,,,,,,,,,,,,,,,,0.4046,0.2709,0.3245,1,,,,2.5,3.57,3.12,,,,,0.1892,0,14,-0.2143,0.1229,0.1037,0,0,,,,0.0018,,,,,,,,,,,
spelad,NO,2019,2019-07-05,,Stromsgodset,Stabaek,0,2,A,,,,,,,,,,,,,,,,,,,,0.5216,0.2566,0.2218,1,,,,1.9,3.76,4.4,,,,,-0.3042,-1,12,-0.25,-0.5114,0.0106,0,0,,,,-0.0205,,,,,,,,,,,
spelad,NO,2019,2019-07-05,,Tromso,Sarpsborg 08,2,0,H,,,,,,,,,,,,,,,,,,,,0.2921,0.2819,0.426,1,,,,3.37,3.45,2.35,,,,,0.9748,1,10,-0.6,-0.2298,-0.0579,0,0,,,,0.0092,,,,,,,,,,,
spelad,NO,2019,2019-07-05,,Valerenga,Bodo/Glimt,6,0,H,,,,,,,,,,,,,,,,,,,,0.3821,0.2599,0.358,1,,,,2.54,3.77,2.8,,,,,-0.1687,0,8,-0.375,-0.5228,0.3816,0,0,,,,0.0139,,,,,,,,,,,
spelad,NO,2019,2019-07-05,,Viking,Haugesund,0,0,D,,,,,,,,,,,,,,,,,,,,0.4713,0.2611,0.2676,1,,,,2.08,3.9,3.8,,,,,0.1099,0,12,-0.5,-0.4261,0.0653,0,0,,,,-0.0159,,,,,,,,,,,
spelad,NO,2019,2019-07-10,,Odd,Stabaek,2,1,H,,,,,,,,,,,,,,,,,,,,0.6669,0.2111,0.122,1,,,,1.5,4.75,8.5,,,,,0.1759,0,12,0,-0.2589,-0.2406,0,0,,,,-0.0385,,,,,,,,,,,
spelad,NO,2019,2019-07-13,,Bodo/Glimt,Ranheim,5,1,H,,,,,,,,,,,,,,,,,,,,0.6337,0.2165,0.1498,1,,,,1.55,4.62,6.5,,,,,0.4274,-1,,,,,0,0,,,,-0.0187,,,,,,,,,,,
spelad,NO,2019,2019-07-13,,Rosenborg,Viking,5,1,H,,,,,,,,,,,,,,,,,,,,0.6758,0.195,0.1292,1,,,,1.47,4.95,8,,,,,0.3469,1,12,2.25,0.5753,0.0254,0,0,,,,-0.0289,,,,,,,,,,,
spelad,NO,2019,2019-07-14,,Haugesund,Tromso,5,1,H,,,,,,,,,,,,,,,,,,,,0.5144,0.2811,0.2045,1,,,,1.91,3.65,4.75,,,,,-0.5202,0,12,0,0.0406,-0.0837,0,0,,,,-0.0057,,,,,,,,,,,
spelad,NO,2019,2019-07-14,,Lillestrom,Stromsgodset,2,1,H,,,,,,,,,,,,,,,,,,,,0.4962,0.2734,0.2304,1,,,,1.98,3.7,4.35,,,,,0.5152,0,14,-0.8571,-0.156,0.0358,0,0,,,,0.0039,,,,,,,,,,,
spelad,NO,2019,2019-07-14,,Mjondalen,Odd,2,0,H,,,,,,,,,,,,,,,,,,,,0.2625,0.2841,0.4535,1,,,,4,3.57,2.15,,,,,-0.7955,5,,,,,0,0,,,,0.0057,,,,,,,,,,,
spelad,NO,2019,2019-07-15,,Stabaek,Sarpsborg 08,3,3,D,,,,,,,,,,,,,,,,,,,,0.301,0.2808,0.4182,1,,,,3.3,3.52,2.42,,,,,0.7923,-5,10,0,0.0621,0.1405,0,0,,,,0.0017,,,,,,,,,,,
spelad,NO,2019,2019-07-21,,Brann,Stabaek,2,1,H,,,,,,,,,,,,,,,,,,,,0.6458,0.2143,0.1399,1,,,,1.53,4.55,7.15,,,,,0.1635,7,11,1.3636,0.3734,-0.0723,0,0,,,,-0.0163,,,,,,,,,,,
spelad,NO,2019,2019-07-21,,Molde,Sarpsborg 08,2,1,H,,,,,,,,,,,,,,,,,,,,0.6419,0.2098,0.1484,1,,,,1.53,4.8,6.5,,,,,0.692,7,13,0,-0.466,0.1463,0,0,,,,-0.033,,,,,,,,,,,
spelad,NO,2019,2019-08-03,,Odd,Lillestrom,2,1,H,,,,,,,,,,,,,,,,,,,,0.5918,0.2436,0.1646,1,,,,1.63,4.1,6,,,,,-0.175,0,15,0.8,0.225,-0.0595,0,0,,,,-0.0106,,,,,,,,,,,
spelad,NO,2019,2019-08-03,,Sarpsborg 08,Rosenborg,1,1,D,,,,,,,,,,,,,,,,,,,,0.3147,0.2893,0.396,1,,,,3.2,3.36,2.46,,,,,-1.1572,-7,13,-1.8462,-0.3403,0.0026,0,0,,,,-0.0107,,,,,,,,,,,
spelad,NO,2019,2019-08-04,,Ranheim,Brann,0,3,A,,,,,,,,,,,,,,,,,,,,0.2591,0.2762,0.4647,1,,,,3.75,3.5,2.15,,,,,-0.0458,7,3,-1,0.2356,-0.2382,0,0,,,,0.0198,,,,,,,,,,,
spelad,NO,2019,2019-08-04,,Stabaek,Haugesund,1,1,D,,,,,,,,,,,,,,,,,,,,0.3403,0.2851,0.3746,1,,,,2.89,3.4,2.69,,,,,-0.13,-7,13,-1.8462,-0.7086,-0.023,0,0,,,,0.0094,,,,,,,,,,,
spelad,NO,2019,2019-08-04,,Tromso,Mjondalen,2,2,D,,,,,,,,,,,,,,,,,,,,0.4007,0.2857,0.3136,1,,,,2.47,3.6,3.1,,,,,0.6722,0,3,-1,-0.7481,0.3946,0,0,,,,-0.0141,,,,,,,,,,,
spelad,NO,2019,2019-08-04,,Valerenga,Kristiansund,1,1,D,,,,,,,,,,,,,,,,,,,,0.5952,0.2269,0.1779,1,,,,1.68,4.3,6,,,,,-0.2332,0,5,0,-0.3394,-0.0538,0,0,,,,-0.0268,,,,,,,,,,,
spelad,NO,2019,2019-08-04,,Viking,Molde,0,2,A,,,,,,,,,,,,,,,,,,,,0.2521,0.2343,0.5136,1,,,,3.95,4.15,1.9,,,,,0.0667,7,13,0,0.4706,-0.1719,0,0,,,,0.0121,,,,,,,,,,,
spelad,NO,2019,2019-08-05,,Stromsgodset,Bodo/Glimt,1,3,A,,,,,,,,,,,,,,,,,,,,0.2752,0.2604,0.4644,1,,,,3.8,3.88,2.15,,,,,-1.0354,-1,9,1.3333,0.4395,-0.1129,0,0,,,,-0.0078,,,,,,,,,,,
spelad,NO,2019,2019-08-10,,Rosenborg,Tromso,5,2,H,,,,,,,,,,,,,,,,,,,,0.6633,0.1991,0.1376,1,,,,1.5,4.83,7.2,,,,,0.086,1,13,0.4615,-0.3041,-0.0019,0,0,,,,-0.035,,,,,,,,,,,
spelad,NO,2019,2019-08-11,,Bodo/Glimt,Viking,2,1,H,,,,,,,,,,,,,,,,,,,,0.6198,0.2198,0.1604,1,,,,1.57,4.62,6.05,,,,,0.7668,-1,7,-0.4286,0.136,-0.2348,0,0,,,,-0.0141,,,,,,,,,,,
spelad,NO,2019,2019-08-11,,Haugesund,Ranheim,0,1,A,,,,,,,,,,,,,,,,,,,,0.5744,0.2371,0.1885,1,,,,1.75,4.07,5.3,,,,,-0.144,0,3,1,0.4016,-0.2703,0,0,,,,-0.0403,,,,,,,,,,,
spelad,NO,2019,2019-08-11,,Kristiansund,Odd,1,1,D,,,,,,,,,,,,,,,,,,,,0.3032,0.287,0.4098,1,,,,3.2,3.45,2.5,,,,,0.3961,-1,5,-0.6,-0.0766,0.14,0,0,,,,0.0207,,,,,,,,,,,
spelad,NO,2019,2019-08-11,,Stromsgodset,Valerenga,3,2,H,,,,,,,,,,,,,,,,,,,,0.3201,0.2685,0.4114,1,,,,3.03,3.75,2.45,,,,,-0.8102,-1,15,0.6,0.0764,0.0224,0,0,,,,0.0041,,,,,,,,,,,
spelad,NO,2019,2019-08-12,,Lillestrom,Mjondalen,3,2,H,,,,,,,,,,,,,,,,,,,,0.4198,0.2849,0.2953,1,,,,2.35,3.43,3.3,,,,,0.1475,1,3,2,1.0311,0.0561,0,0,,,,-0.0027,,,,,,,,,,,
spelad,NO,2019,2019-08-14,,Kristiansund,Bodo/Glimt,1,2,A,,,,,,,,,,,,,,,,,,,,0.37,0.2542,0.3758,1,,,,2.75,3.8,2.65,,,,,-0.4979,0,,,,,0,0,,,,-0.0183,,,,,,,,,,,
spelad,NO,2019,2019-08-14,,Stabaek,Valerenga,1,1,D,,,,,,,,,,,,,,,,,,,,0.2939,0.2686,0.4375,1,,,,3.55,3.62,2.26,,,,,0.3052,7,12,0.25,0.3988,0.0006,0,0,,,,0.0141,,,,,,,,,,,
spelad,NO,2019,2019-08-14,,Viking,Sarpsborg 08,2,1,H,,,,,,,,,,,,,,,,,,,,0.3084,0.2682,0.4234,1,,,,3.25,3.65,2.39,,,,,0.1904,-7,10,0.6,0.2366,-0.0537,0,0,,,,0.0301,,,,,,,,,,,
spelad,NO,2019,2019-08-17,,Odd,Rosenborg,1,1,D,,,,,,,,,,,,,,,,,,,,0.4646,0.2785,0.257,1,,,,2.2,3.52,3.83,,,,,-0.9038,-1,15,-1.2,-0.1463,-0.0418,0,0,,,,-0.0447,,,,,,,,,,,
spelad,NO,2019,2019-08-18,,Mjondalen,Brann,2,1,H,,,,,,,,,,,,,,,,,,,,0.25,0.2587,0.4912,1,,,,4.1,3.75,2.05,,,,,-0.2986,-7,3,1,0.5967,0.4212,0,0,,,,0.0104,,,,,,,,,,,
spelad,NO,2019,2019-08-18,,Ranheim,Molde,2,3,A,,,,,,,,,,,,,,,,,,,,0.2425,0.2401,0.5174,1,,,,4.15,4.05,1.91,,,,,-0.2642,-7,3,1,1.3039,-0.2118,0,0,,,,0.01,,,,,,,,,,,
spelad,NO,2019,2019-08-18,,Stabaek,Kristiansund,2,0,H,,,,,,,,,,,,,,,,,,,,0.4184,0.2777,0.3039,1,,,,2.32,3.65,3.6,,,,,0.6316,0,5,-1.8,-0.7985,-0.2559,0,0,,,,0.0365,,,,,,,,,,,
spelad,NO,2019,2019-08-18,,Tromso,Lillestrom,1,1,D,,,,,,,,,,,,,,,,,,,,0.4009,0.2833,0.3157,1,,,,2.48,3.58,3.1,,,,,0.2753,2,13,-0.4615,-0.2237,-0.1805,0,0,,,,0.003,,,,,,,,,,,
spelad,NO,2019,2019-08-18,,Valerenga,Haugesund,1,2,A,,,,,,,,,,,,,,,,,,,,0.5467,0.2442,0.2092,1,,,,1.8,4.05,4.75,,,,,-0.1446,-3,15,0,0.0009,-0.0611,0,0,,,,-0.0198,,,,,,,,,,,
spelad,NO,2019,2019-08-18,,Viking,Stromsgodset,4,0,H,,,,,,,,,,,,,,,,,,,,0.4883,0.2531,0.2585,1,,,,2.05,3.95,3.85,,,,,0.4846,-3,13,-1.1538,-0.4025,0.046,0,0,,,,-0.0162,,,,,,,,,,,
spelad,NO,2019,2019-08-19,,Sarpsborg 08,Bodo/Glimt,1,1,D,,,,,,,,,,,,,,,,,,,,0.4185,0.2634,0.318,1,,,,2.35,3.7,3.15,,,,,-1.4167,0,9,0,-0.1035,0.0738,0,0,,,,0.0073,,,,,,,,,,,
spelad,NO,2019,2019-08-24,,Rosenborg,Stabaek,3,2,H,,,,,,,,,,,,,,,,,,,,0.6969,0.1983,0.1048,1,,,,1.43,5.05,10,,,,,0.1739,1,13,0.9231,-0.2557,0.0258,0,0,,,,-0.0214,,,,,,,,,,,
spelad,NO,2019,2019-08-25,,Brann,Tromso,2,3,A,,,,,,,,,,,,,,,,,,,,0.6998,0.1779,0.1223,1,,,,1.42,5.39,9,,,,,-0.5757,0,11,-0.2727,-0.1273,-0.0756,0,0,,,,-0.0234,,,,,,,,,,,
spelad,NO,2019,2019-08-25,,Haugesund,Lillestrom,0,2,A,,,,,,,,,,,,,,,,,,,,0.5484,0.2488,0.2028,1,,,,1.85,3.88,5,,,,,-0.2201,0,15,-0.4,-0.3692,0.3333,0,0,,,,-0.0198,,,,,,,,,,,
spelad,NO,2019,2019-08-25,,Kristiansund,Mjondalen,4,0,H,,,,,,,,,,,,,,,,,,,,0.4318,0.2804,0.2879,1,,,,2.24,3.64,3.8,,,,,-0.7631,0,,,,,0,0,,,,0.0618,,,,,,,,,,,
spelad,NO,2019,2019-08-25,,Molde,Odd,2,2,D,,,,,,,,,,,,,,,,,,,,0.5329,0.2417,0.2254,1,,,,1.9,3.99,4.5,,,,,0.4846,-1,15,0.2,-0.2278,0.1454,0,0,,,,-0.0231,,,,,,,,,,,
spelad,NO,2019,2019-08-25,,Stromsgodset,Sarpsborg 08,2,1,H,,,,,,,,,,,,,,,,,,,,0.3376,0.2926,0.3699,1,,,,2.98,3.4,2.65,,,,,0.2057,1,13,0.6923,0.0205,0.2154,0,0,,,,-0.0043,,,,,,,,,,,
spelad,NO,2019,2019-08-25,,Viking,Ranheim,2,2,D,,,,,,,,,,,,,,,,,,,,0.5421,0.2325,0.2254,1,,,,1.87,4.15,4.6,,,,,0.174,0,,,,,0,0,,,,-0.0249,,,,,,,,,,,
spelad,NO,2019,2019-08-26,,Bodo/Glimt,Valerenga,4,0,H,,,,,,,,,,,,,,,,,,,,0.5504,0.2321,0.2174,1,,,,1.84,4.15,4.75,,,,,1.1755,-1,9,0,-0.0227,0.3104,0,0,,,,-0.0272,,,,,,,,,,,
spelad,NO,2019,2019-08-30,,Odd,Bodo/Glimt,3,1,H,,,,,,,,,,,,,,,,,,,,0.439,0.2639,0.2972,1,,,,2.35,3.7,3.25,,,,,-1.0624,1,9,1.3333,0.3719,-0.1212,0,0,,,,-0.0143,,,,,,,,,,,
spelad,NO,2019,2019-08-31,,Stabaek,Stromsgodset,2,1,H,,,,,,,,,,,,,,,,,,,,0.502,0.2611,0.2369,1,,,,2.05,3.75,4.2,,,,,0.4232,1,13,0.4615,0.6222,-0.01,0,0,,,,-0.0348,,,,,,,,,,,
spelad,NO,2019,2019-09-01,,Lillestrom,Brann,1,3,A,,,,,,,,,,,,,,,,,,,,0.3334,0.2975,0.3691,1,,,,2.9,3.48,2.7,,,,,0.8183,0,13,0,0.1848,-0.0228,0,0,,,,-0.0022,,,,,,,,,,,
spelad,NO,2019,2019-09-01,,Mjondalen,Molde,1,3,A,,,,,,,,,,,,,,,,,,,,0.307,0.2763,0.4168,1,,,,3.4,3.78,2.32,,,,,-0.2979,0,3,-3,-0.6271,-0.1931,0,0,,,,-0.035,,,,,,,,,,,
spelad,NO,2019,2019-09-01,,Ranheim,Kristiansund,1,2,A,,,,,,,,,,,,,,,,,,,,0.4096,0.2786,0.3118,1,,,,2.4,3.54,3.2,,,,,0.0383,0,3,2,1.1157,0.0574,0,0,,,,0.0055,,,,,,,,,,,
spelad,NO,2019,2019-09-01,,Sarpsborg 08,Viking,2,2,D,,,,,,,,,,,,,,,,,,,,0.5471,0.2413,0.2116,1,,,,1.85,4.05,4.75,,,,,-0.8116,0,11,-0.8182,-0.3062,-0.0732,0,0,,,,-0.0175,,,,,,,,,,,
spelad,NO,2019,2019-09-01,,Tromso,Haugesund,2,2,D,,,,,,,,,,,,,,,,,,,,0.3554,0.2852,0.3594,1,,,,2.73,3.5,2.85,,,,,0.7633,0,13,-0.2308,-0.0291,-0.0989,0,0,,,,0.0215,,,,,,,,,,,
spelad,NO,2019,2019-09-01,,Valerenga,Rosenborg,1,1,D,,,,,,,,,,,,,,,,,,,,0.2711,0.2567,0.4721,1,,,,3.65,3.85,2.05,,,,,-0.6632,-2,15,-2.2,-0.5878,0.0344,0,0,,,,0.0072,,,,,,,,,,,
spelad,NO,2019,2019-09-14,,Rosenborg,Lillestrom,3,1,H,,,,,,,,,,,,,,,,,,,,0.6941,0.1943,0.1116,1,,,,1.43,5,8.58,,,,,0.0389,0,15,2,0.3533,0.1122,0,0,,,,-0.0378,,,,,,,,,,,
spelad,NO,2019,2019-09-15,,Bodo/Glimt,Stabaek,3,3,D,,,,,,,,,,,,,,,,,,,,0.6208,0.2177,0.1615,1,,,,1.57,4.55,6,,,,,0.3552,1,9,-0.6667,-0.3362,0.0817,0,0,,,,-0.0074,,,,,,,,,,,
spelad,NO,2019,2019-09-15,,Haugesund,Mjondalen,0,0,D,,,,,,,,,,,,,,,,,,,,0.5327,0.2544,0.2129,1,,,,1.85,3.79,4.75,,,,,-0.3618,0,3,0,-0.2125,0.0653,0,0,,,,-0.0071,,,,,,,,,,,
spelad,NO,2019,2019-09-15,,Kristiansund,Brann,1,0,H,,,,,,,,,,,,,,,,,,,,0.3276,0.2964,0.376,1,,,,2.98,3.5,2.65,,,,,0.2529,0,5,0.6,0.9359,-0.2551,0,0,,,,0.0012,,,,,,,,,,,
spelad,NO,2019,2019-09-15,,Molde,Tromso,3,0,H,,,,,,,,,,,,,,,,,,,,0.7733,0.1429,0.0838,1,,,,1.26,7,12,,,,,0.4878,0,13,1.6154,0.4422,-0.088,0,0,,,,-0.0214,,,,,,,,,,,
spelad,NO,2019,2019-09-15,,Stromsgodset,Ranheim,1,0,H,,,,,,,,,,,,,,,,,,,,0.4814,0.2718,0.2468,1,,,,2.06,3.72,3.95,,,,,0.1334,1,3,0,-0.267,0.0828,0,0,,,,-0.0138,,,,,,,,,,,
spelad,NO,2019,2019-09-15,,Viking,Odd,2,0,H,,,,,,,,,,,,,,,,,,,,0.3634,0.2677,0.3689,1,,,,2.73,3.61,2.75,,,,,-0.0685,-2,13,0.2308,0.1733,0.0484,0,0,,,,0.0018,,,,,,,,,,,
spelad,NO,2019,2019-09-16,,Sarpsborg 08,Valerenga,1,0,H,,,,,,,,,,,,,,,,,,,,0.4258,0.2634,0.3108,1,,,,2.35,3.67,3.11,,,,,-0.5937,0,13,0,0.0689,0.1226,0,0,,,,-0.0184,,,,,,,,,,,
spelad,NO,2019,2019-09-21,,Brann,Haugesund,0,0,D,,,,,,,,,,,,,,,,,,,,0.4574,0.2872,0.2553,1,,,,2.15,3.5,3.9,,,,,-0.0754,0,13,0.2308,0.051,-0.1111,0,0,,,,-0.0036,,,,,,,,,,,
spelad,NO,2019,2019-09-22,,Lillestrom,Kristiansund,1,1,D,,,,,,,,,,,,,,,,,,,,0.4512,0.2682,0.2807,1,,,,2.32,3.6,3.5,,,,,-0.3323,1,5,-0.6,-0.5932,0.1369,0,0,,,,-0.0264,,,,,,,,,,,
spelad,NO,2019,2019-09-22,,Mjondalen,Rosenborg,1,2,A,,,,,,,,,,,,,,,,,,,,0.2278,0.2502,0.522,1,,,,4.75,3.9,1.92,,,,,-0.3014,-1,3,-1,0.4252,-0.1889,0,0,,,,0.0135,,,,,,,,,,,
spelad,NO,2019,2019-09-22,,Odd,Sarpsborg 08,3,0,H,,,,,,,,,,,,,,,,,,,,0.4509,0.2757,0.2734,1,,,,2.23,3.55,3.95,,,,,0.4212,1,13,0.2308,-0.148,0.1982,0,0,,,,0.0172,,,,,,,,,,,
spelad,NO,2019,2019-09-22,,Ranheim,Bodo/Glimt,1,1,D,,,,,,,,,,,,,,,,,,,,0.3016,0.2494,0.4489,1,,,,3.25,3.91,2.19,,,,,-0.9146,0,3,-2,-0.5611,0.0996,0,0,,,,0.0033,,,,,,,,,,,
spelad,NO,2019,2019-09-22,,Tromso,Stromsgodset,0,1,A,,,,,,,,,,,,,,,,,,,,0.4492,0.2668,0.284,1,,,,2.2,3.7,3.5,,,,,0.2741,0,13,-0.6923,0.0149,-0.1022,0,0,,,,-0.0194,,,,,,,,,,,
spelad,NO,2019,2019-09-22,,Valerenga,Viking,0,4,A,,,,,,,,,,,,,,,,,,,,0.5595,0.2233,0.2172,1,,,,1.84,4.4,4.75,,,,,-0.9073,-1,13,0.2308,0.1968,0.0482,0,0,,,,-0.0418,,,,,,,,,,,
spelad,NO,2019,2019-09-23,,Stabaek,Molde,1,2,A,,,,,,,,,,,,,,,,,,,,0.2908,0.256,0.4532,1,,,,3.4,3.85,2.17,,,,,-0.2914,0,13,-1.1538,0.0044,-0.0663,0,0,,,,-0.002,,,,,,,,,,,
spelad,NO,2019,2019-09-28,,Rosenborg,Brann,0,0,D,,,,,,,,,,,,,,,,,,,,0.6357,0.2291,0.1352,1,,,,1.54,4.4,7.5,,,,,0.8067,-1,13,1.3846,0.441,-0.1651,0,0,,,,-0.0123,,,,,,,,,,,
spelad,NO,2019,2019-09-29,,Bodo/Glimt,Tromso,4,0,H,,,,,,,,,,,,,,,,,,,,0.6638,0.1977,0.1385,1,,,,1.5,5.1,7.5,,,,,0.5423,0,7,0.4286,0.3505,-0.2563,0,0,,,,-0.0067,,,,,,,,,,,
spelad,NO,2019,2019-09-29,,Kristiansund,Haugesund,2,2,D,,,,,,,,,,,,,,,,,,,,0.4391,0.2833,0.2776,1,,,,2.28,3.5,3.48,,,,,0.5673,-1,5,1.2,0.9167,-0.0721,0,0,,,,-0.0188,,,,,,,,,,,
spelad,NO,2019,2019-09-29,,Molde,Lillestrom,2,1,H,,,,,,,,,,,,,,,,,,,,0.6424,0.2132,0.1445,1,,,,1.53,4.85,7.45,,,,,0.5235,-1,15,0.8,-0.0582,-0.0373,0,0,,,,-0.0188,,,,,,,,,,,
spelad,NO,2019,2019-09-29,,Sarpsborg 08,Stabaek,0,0,D,,,,,,,,,,,,,,,,,,,,0.4863,0.2711,0.2426,1,,,,2.04,3.72,4.15,,,,,-0.6417,1,11,0,-0.2329,0.1931,0,0,,,,0.0005,,,,,,,,,,,
spelad,NO,2019,2019-09-29,,Stromsgodset,Odd,2,3,A,,,,,,,,,,,,,,,,,,,,0.3296,0.2697,0.4007,1,,,,3.1,3.64,2.48,,,,,0.3667,0,15,0,-0.097,-0.0595,0,0,,,,-0.0095,,,,,,,,,,,
spelad,NO,2019,2019-09-29,,Valerenga,Ranheim,1,1,D,,,,,,,,,,,,,,,,,,,,0.563,0.2348,0.2022,1,,,,1.73,4.1,4.8,,,,,-0.745,0,3,2,0.6119,0.0732,0,0,,,,-0.012,,,,,,,,,,,
spelad,NO,2019,2019-09-30,,Viking,Mjondalen,4,1,H,,,,,,,,,,,,,,,,,,,,0.4787,0.2572,0.2642,1,,,,2.07,3.9,3.8,,,,,0.6343,0,3,0,-0.1717,0.0942,0,0,,,,0.0049,,,,,,,,,,,
spelad,NO,2019,2019-10-04,,Mjondalen,Stromsgodset,1,1,D,,,,,,,,,,,,,,,,,,,,0.3961,0.286,0.3179,1,,,,2.55,3.58,3.05,,,,,-0.7387,-1,3,0,0.4525,0.0933,0,0,,,,0.0066,,,,,,,,,,,
spelad,NO,2019,2019-10-05,,Odd,Valerenga,1,1,D,,,,,,,,,,,,,,,,,,,,0.5333,0.2488,0.2179,1,,,,1.84,4,4.6,,,,,1.4703,0,15,-0.2,-0.1322,-0.1279,0,0,,,,-0.008,,,,,,,,,,,
spelad,NO,2019,2019-10-06,,Brann,Molde,0,0,D,,,,,,,,,,,,,,,,,,,,0.3406,0.2771,0.3823,1,,,,2.88,3.55,2.6,,,,,-1.0833,1,13,-0.9231,-0.0741,-0.1724,0,0,,,,-0.0071,,,,,,,,,,,
spelad,NO,2019,2019-10-06,,Haugesund,Rosenborg,2,1,H,,,,,,,,,,,,,,,,,,,,0.293,0.2811,0.4259,1,,,,3.3,3.45,2.33,,,,,-0.5767,-1,15,-0.6,0.252,-0.1005,0,0,,,,0.0156,,,,,,,,,,,
spelad,NO,2019,2019-10-06,,Lillestrom,Bodo/Glimt,0,0,D,,,,,,,,,,,,,,,,,,,,0.3196,0.2533,0.4271,1,,,,3.25,3.81,2.32,,,,,-0.2353,0,9,0.6667,0.2302,0.0807,0,0,,,,-0.0123,,,,,,,,,,,
spelad,NO,2019,2019-10-06,,Ranheim,Sarpsborg 08,0,2,A,,,,,,,,,,,,,,,,,,,,0.3592,0.2842,0.3566,1,,,,2.79,3.45,2.77,,,,,0.3368,0,5,-0.6,0.2557,-0.2448,0,0,,,,-0.0066,,,,,,,,,,,
spelad,NO,2019,2019-10-06,,Stabaek,Viking,0,0,D,,,,,,,,,,,,,,,,,,,,0.3975,0.2562,0.3462,1,,,,2.54,3.8,2.8,,,,,-0.7281,1,11,-1.0909,-0.3007,0.0234,0,0,,,,-0.0065,,,,,,,,,,,
spelad,NO,2019,2019-10-06,,Tromso,Kristiansund,5,0,H,,,,,,,,,,,,,,,,,,,,0.3838,0.2732,0.343,1,,,,2.6,3.55,2.86,,,,,-0.4467,0,5,-1.8,-1.0921,0.1454,0,0,,,,-0.009,,,,,,,,,,,
spelad,NO,2019,2019-10-19,,Kristiansund,Rosenborg,2,2,D,,,,,,,,,,,,,,,,,,,,0.2438,0.2547,0.5015,1,,,,4.1,3.8,2.04,,,,,0.0441,0,5,-1.8,-0.1941,0.1904,0,0,,,,0.0126,,,,,,,,,,,
spelad,NO,2019,2019-10-19,,Valerenga,Stabaek,0,2,A,,,,,,,,,,,,,,,,,,,,0.5276,0.2534,0.2189,1,,,,1.88,3.88,4.5,,,,,-1.0128,1,13,-0.2308,-0.4134,0.0568,0,0,,,,-0.0182,,,,,,,,,,,
spelad,NO,2019,2019-10-20,,Molde,Haugesund,3,1,H,,,,,,,,,,,,,,,,,,,,0.6338,0.2145,0.1517,1,,,,1.56,4.55,6.5,,,,,0.8368,0,15,0.2,-0.409,0.1553,0,0,,,,-0.03,,,,,,,,,,,
spelad,NO,2019,2019-10-20,,Ranheim,Odd,4,1,H,,,,,,,,,,,,,,,,,,,,0.3009,0.2736,0.4255,1,,,,3.3,3.6,2.32,,,,,-0.4432,-1,3,-1,0.0922,-0.2478,0,0,,,,-0.0119,,,,,,,,,,,
spelad,NO,2019,2019-10-20,,Sarpsborg 08,Brann,1,1,D,,,,,,,,,,,,,,,,,,,,0.4375,0.2895,0.2731,1,,,,2.32,3.5,3.6,,,,,0.0049,0,11,0,0.253,-0.1742,0,0,,,,-0.0118,,,,,,,,,,,
spelad,NO,2019,2019-10-20,,Stromsgodset,Lillestrom,1,1,D,,,,,,,,,,,,,,,,,,,,0.4932,0.2634,0.2435,1,,,,2.05,3.75,3.97,,,,,0.384,2,15,0.6,0.0479,0.0152,0,0,,,,-0.0337,,,,,,,,,,,
spelad,NO,2019,2019-10-20,,Viking,Tromso,2,1,H,,,,,,,,,,,,,,,,,,,,0.6298,0.2122,0.158,1,,,,1.58,4.6,6.1,,,,,0.8967,0,11,-0.8182,-0.3156,-0.265,0,0,,,,-0.0186,,,,,,,,,,,
spelad,NO,2019,2019-10-21,,Bodo/Glimt,Mjondalen,0,0,D,,,,,,,,,,,,,,,,,,,,0.7074,0.1756,0.117,1,,,,1.38,5.75,8.5,,,,,0.4791,-2,3,3,1.6334,-0.2621,0,0,,,,-0.0169,,,,,,,,,,,
spelad,NO,2019,2019-10-26,,Lillestrom,Valerenga,0,0,D,,,,,,,,,,,,,,,,,,,,0.3189,0.2834,0.3977,1,,,,3.05,3.41,2.6,,,,,0.9012,-1,15,0,0.0815,0.0684,0,0,,,,0.0185,,,,,,,,,,,
spelad,NO,2019,2019-10-27,,Haugesund,Stromsgodset,2,2,D,,,,,,,,,,,,,,,,,,,,0.4275,0.285,0.2875,1,,,,2.38,3.5,3.6,,,,,-0.0749,0,15,-0.6,0.1166,-0.1088,0,0,,,,-0.015,,,,,,,,,,,
spelad,NO,2019,2019-10-27,,Kristiansund,Viking,4,2,H,,,,,,,,,,,,,,,,,,,,0.5453,0.2407,0.214,1,,,,1.95,4.01,4.6,,,,,-0.5602,1,3,-3,-1.2336,-0.2613,0,0,,,,-0.0514,,,,,,,,,,,
spelad,NO,2019,2019-10-27,,Mjondalen,Sarpsborg 08,0,0,D,,,,,,,,,,,,,,,,,,,,0.3211,0.286,0.3929,1,,,,3.01,3.4,2.55,,,,,-0.0126,-1,3,0,-0.0015,0.7511,0,0,,,,0.0116,,,,,,,,,,,
spelad,NO,2019,2019-10-27,,Rosenborg,Molde,3,1,H,,,,,,,,,,,,,,,,,,,,0.5194,0.249,0.2317,1,,,,2,3.88,4.33,,,,,-0.8301,1,15,-0.2,-0.1552,-0.1151,0,0,,,,-0.0111,,,,,,,,,,,
spelad,NO,2019,2019-10-27,,Stabaek,Odd,0,0,D,,,,,,,,,,,,,,,,,,,,0.354,0.2785,0.3675,1,,,,2.8,3.47,2.72,,,,,0.3804,1,13,-0.2308,0.4167,-0.2383,0,0,,,,0.0035,,,,,,,,,,,
spelad,NO,2019,2019-10-27,,Tromso,Ranheim,4,2,H,,,,,,,,,,,,,,,,,,,,0.4166,0.2685,0.3149,1,,,,2.37,3.63,3.15,,,,,0.3519,0,3,3,1.5391,-0.2557,0,0,,,,-0.0051,,,,,,,,,,,
spelad,NO,2019,2019-10-28,,Brann,Bodo/Glimt,1,1,D,,,,,,,,,,,,,,,,,,,,0.362,0.2746,0.3634,1,,,,2.7,3.55,2.8,,,,,-0.1983,1,7,0.8571,0.3238,-0.1241,0,0,,,,0.0042,,,,,,,,,,,
spelad,NO,2019,2019-11-01,,Stromsgodset,Rosenborg,3,3,D,,,,,,,,,,,,,,,,,,,,0.2745,0.2633,0.4623,1,,,,3.6,3.67,2.17,,,,,0.227,0,15,-1,-0.2376,0.1647,0,0,,,,0.0178,,,,,,,,,,,
spelad,NO,2019,2019-11-02,,Molde,Kristiansund,2,0,H,,,,,,,,,,,,,,,,,,,,0.6844,0.1829,0.1327,1,,,,1.48,5.25,7.98,,,,,-0.1406,0,5,-0.6,-0.5714,-0.2596,0,0,,,,-0.0359,,,,,,,,,,,
spelad,NO,2019,2019-11-03,,Bodo/Glimt,Haugesund,2,2,D,,,,,,,,,,,,,,,,,,,,0.704,0.1863,0.1098,1,,,,1.41,5.3,8.75,,,,,-0.0531,-1,9,-0.6667,-0.1936,-0.1465,0,0,,,,-0.0401,,,,,,,,,,,
spelad,NO,2019,2019-11-03,,Ranheim,Stabaek,0,2,A,,,,,,,,,,,,,,,,,,,,0.3992,0.2722,0.3286,1,,,,2.55,3.55,3,,,,,-0.5459,0,3,0,0.1928,0.0616,0,0,,,,-0.0227,,,,,,,,,,,
spelad,NO,2019,2019-11-03,,Sarpsborg 08,Tromso,3,2,H,,,,,,,,,,,,,,,,,,,,0.6314,0.2186,0.15,1,,,,1.62,4.5,7,,,,,-0.4906,0,11,0.2727,0.1198,-0.0783,0,0,,,,-0.0402,,,,,,,,,,,
spelad,NO,2019,2019-11-03,,Valerenga,Brann,1,0,H,,,,,,,,,,,,,,,,,,,,0.4785,0.273,0.2485,1,,,,2.12,3.56,3.9,,,,,-0.5028,2,13,0.9231,0.5101,0.1196,0,0,,,,-0.017,,,,,,,,,,,
spelad,NO,2019,2019-11-03,,Viking,Lillestrom,3,0,H,,,,,,,,,,,,,,,,,,,,0.5695,0.2336,0.1968,1,,,,1.74,4.35,5,,,,,0.6823,-1,13,0.4615,0.0268,0.1233,0,0,,,,-0.0207,,,,,,,,,,,
spelad,NO,2019,2019-11-04,,Odd,Mjondalen,3,2,H,,,,,,,,,,,,,,,,,,,,0.5665,0.2603,0.1732,1,,,,1.72,4,6.05,,,,,0.5893,0,3,0,-0.5052,0.0908,0,0,,,,-0.0106,,,,,,,,,,,
spelad,NO,2019,2019-11-08,,Brann,Odd,1,0,H,,,,,,,,,,,,,,,,,,,,0.369,0.2894,0.3416,1,,,,2.7,3.4,2.95,,,,,-0.3894,1,13,0.6923,0.4217,-0.1092,0,0,,,,-0.008,,,,,,,,,,,
spelad,NO,2019,2019-11-09,,Haugesund,Viking,1,0,H,,,,,,,,,,,,,,,,,,,,0.4513,0.2596,0.2891,1,,,,2.17,3.8,3.6,,,,,-0.7843,0,13,0.4615,0.3281,0.1172,0,0,,,,0.0006,,,,,,,,,,,
spelad,NO,2019,2019-11-10,,Kristiansund,Sarpsborg 08,4,0,H,,,,,,,,,,,,,,,,,,,,0.3466,0.2771,0.3763,1,,,,2.86,3.5,2.73,,,,,0.2291,1,5,0.6,0.6495,0.1417,0,0,,,,0.0047,,,,,,,,,,,
spelad,NO,2019,2019-11-10,,Lillestrom,Stabaek,1,3,A,,,,,,,,,,,,,,,,,,,,0.3847,0.3018,0.3135,1,,,,2.55,3.3,3.15,,,,,-0.9764,0,13,-0.2308,-0.1971,-0.1,0,0,,,,0.002,,,,,,,,,,,
spelad,NO,2019,2019-11-10,,Mjondalen,Ranheim,3,1,H,,,,,,,,,,,,,,,,,,,,0.5146,0.2573,0.2282,1,,,,1.95,3.76,4.6,,,,,0.0791,-1,,,,,0,0,,,,-0.0201,,,,,,,,,,,
spelad,NO,2019,2019-11-10,,Molde,Stromsgodset,4,0,H,,,,,,,,,,,,,,,,,,,,0.6017,0.2343,0.164,1,,,,1.64,4.5,6,,,,,0.6021,-1,15,0.6,0.1417,0.0135,0,0,,,,-0.0233,,,,,,,,,,,
spelad,NO,2019,2019-11-10,,Rosenborg,Bodo/Glimt,3,2,H,,,,,,,,,,,,,,,,,,,,0.6177,0.2012,0.1811,1,,,,1.72,4.8,5.6,,,,,0.4798,2,9,0.3333,-0.5163,0.2234,0,0,,,,-0.033,,,,,,,,,,,
spelad,NO,2019,2019-11-10,,Tromso,Valerenga,0,0,D,,,,,,,,,,,,,,,,,,,,0.4311,0.2502,0.3187,1,,,,2.35,3.86,3.13,,,,,0.468,0,13,-1.6154,-0.675,-0.1013,0,0,,,,-0.0214,,,,,,,,,,,
spelad,NO,2019,2019-11-24,,Bodo/Glimt,Kristiansund,3,0,H,,,,,,,,,,,,,,,,,,,,0.6852,0.1863,0.1286,1,,,,1.43,5.3,8.5,,,,,-0.8816,0,3,2,0.8609,0.071,0,0,,,,-0.0298,,,,,,,,,,,
spelad,NO,2019,2019-11-24,,Odd,Tromso,2,1,H,,,,,,,,,,,,,,,,,,,,0.6575,0.203,0.1395,1,,,,1.5,4.8,7.37,,,,,-0.0082,2,13,0.6923,0.2124,0.0547,0,0,,,,-0.0238,,,,,,,,,,,
spelad,NO,2019,2019-11-24,,Ranheim,Lillestrom,2,1,H,,,,,,,,,,,,,,,,,,,,0.418,0.2783,0.3037,1,,,,2.39,3.5,3.4,,,,,0.0441,0,3,1,1.0953,-0.2445,0,0,,,,0.0082,,,,,,,,,,,
spelad,NO,2019,2019-11-24,,Sarpsborg 08,Haugesund,1,1,D,,,,,,,,,,,,,,,,,,,,0.5623,0.251,0.1867,1,,,,1.75,3.9,5.3,,,,,-0.2197,-1,13,0.4615,0.1385,0.1171,0,0,,,,-0.0222,,,,,,,,,,,
spelad,NO,2019,2019-11-24,,Stabaek,Mjondalen,4,2,H,,,,,,,,,,,,,,,,,,,,0.4203,0.2708,0.3089,1,,,,2.33,3.61,3.2,,,,,0.7098,0,3,1,0.4361,-0.2596,0,0,,,,-0.0126,,,,,,,,,,,
spelad,NO,2019,2019-11-24,,Stromsgodset,Brann,6,0,H,,,,,,,,,,,,,,,,,,,,0.5472,0.242,0.2108,1,,,,1.92,4,4.75,,,,,0.2332,-2,13,0.2308,-0.0561,0.0606,0,0,,,,-0.0284,,,,,,,,,,,
spelad,NO,2019,2019-11-24,,Valerenga,Molde,2,4,A,,,,,,,,,,,,,,,,,,,,0.4073,0.2689,0.3239,1,,,,2.67,3.7,2.98,,,,,-1.1467,0,15,-2,-0.5876,-0.0344,0,0,,,,-0.0679,,,,,,,,,,,
spelad,NO,2019,2019-11-24,,Viking,Rosenborg,2,2,D,,,,,,,,,,,,,,,,,,,,0.2745,0.2563,0.4691,1,,,,3.73,3.95,2.1,,,,,0.598,1,13,-2.3077,-0.5993,0.0084,0,0,,,,0.0048,,,,,,,,,,,
spelad,NO,2019,2019-12-01,,Brann,Viking,1,5,A,,,,,,,,,,,,,,,,,,,,0.5449,0.2358,0.2192,1,,,,1.79,4.18,4.7,,,,,-0.5444,0,11,0,0.1348,0.015,0,0,,,,0.0027,,,,,,,,,,,
spelad,NO,2019,2019-12-01,,Haugesund,Odd,4,1,H,,,,,,,,,,,,,,,,,,,,0.3603,0.2935,0.3461,1,,,,2.95,3.35,2.79,,,,,0.2279,0,15,-1,-0.241,-0.1267,0,0,,,,-0.0473,,,,,,,,,,,
spelad,NO,2019,2019-12-01,,Kristiansund,Stromsgodset,1,2,A,,,,,,,,,,,,,,,,,,,,0.3477,0.2656,0.3867,1,,,,2.9,3.75,2.55,,,,,-0.0177,0,5,1.8,1.482,-0.2565,0,0,,,,-0.0184,,,,,,,,,,,
spelad,NO,2019,2019-12-01,,Lillestrom,Sarpsborg 08,0,0,D,,,,,,,,,,,,,,,,,,,,0.3732,0.3108,0.3159,1,,,,2.6,3.15,3.12,,,,,-0.3101,0,13,-0.2308,-0.1153,0.0441,0,0,,,,0.004,,,,,,,,,,,
spelad,NO,2019,2019-12-01,,Mjondalen,Valerenga,1,0,H,,,,,,,,,,,,,,,,,,,,0.5383,0.2344,0.2273,1,,,,1.83,4.12,4.33,,,,,0.3043,0,3,-3,-0.9645,-0.2505,0,0,,,,-0.0277,,,,,,,,,,,
spelad,NO,2019,2019-12-01,,Molde,Bodo/Glimt,4,2,H,,,,,,,,,,,,,,,,,,,,0.5142,0.2307,0.2551,1,,,,1.95,4.21,4.1,,,,,1.0639,0,9,0.6667,-0.2018,-0.1076,0,0,,,,-0.0154,,,,,,,,,,,
spelad,NO,2019,2019-12-01,,Rosenborg,Ranheim,3,2,H,,,,,,,,,,,,,,,,,,,,0.6908,0.1544,0.1549,1,,,,1.44,6.25,7.5,,,,,0.0307,0,3,2,0.2741,0.1122,0,0,,,,0.0139,,,,,,,,,,,
spelad,NO,2019,2019-12-01,,Tromso,Stabaek,1,1,D,,,,,,,,,,,,,,,,,,,,0.5674,0.2264,0.2061,1,,,,1.76,4.26,4.95,,,,,-0.8539,0,11,0.5455,0.1428,0.0199,0,0,,,,-0.0234,,,,,,,,,,,
spelad,NO,2019,2019-12-07,,Start,Lillestrom,2,1,H,,,,,,,,,,,,,,,,,,,,0.4518,0.2811,0.2671,1,,,,2.3,3.45,3.85,,,,,0.7052,,10,0,0.1169,0.143,0,0,,,,-0.017,,,,,,,,,,,
spelad,NO,2019,2019-12-11,,Lillestrom,Start,4,3,H,,,,,,,,,,,,,,,,,,,,0.4064,0.2913,0.3023,1,,,,2.41,3.5,3.2,,,,,-0.6513,0,11,-0.2727,-0.3347,0.1045,0,0,,,,0.0046,,,,,,,,,,,
spelad,NO,2020,2020-06-16,,Aalesund,Molde,1,4,A,,,,,,,,,,,,,,,,,,,,0.265,0.2665,0.4685,1,,,,3.85,3.88,2.07,,,,,-0.7639,,11,-2.4545,-0.6182,-0.2308,1,0,,,,-0.0227,,,,,,,,,,,
spelad,NO,2020,2020-06-16,,Odd,Sandefjord,1,2,A,,,,,,,,,,,,,,,,,,,,0.5283,0.2564,0.2153,1,,,,1.9,4.05,4.75,,,,,-0.6121,,6,2,0.401,0.0899,-1,0,,,,-0.0064,,,,,,,,,,,
spelad,NO,2020,2020-06-16,,Rosenborg,Kristiansund,0,0,D,,,,,,,,,,,,,,,,,,,,0.5946,0.2423,0.1632,1,,,,1.67,4.1,5.94,,,,,-0.039,,6,1.5,-0.1235,0.2829,0,0,,,,-0.0326,,,,,,,,,,,
spelad,NO,2020,2020-06-16,,Sarpsborg 08,Valerenga,0,1,A,,,,,,,,,,,,,,,,,,,,0.4025,0.2905,0.307,1,,,,2.5,3.5,3.25,,,,,0.3243,,14,0.2143,0.1682,0.095,0,0,,,,-0.0235,,,,,,,,,,,
spelad,NO,2020,2020-06-16,,Stabaek,Mjondalen,0,0,D,,,,,,,,,,,,,,,,,,,,0.4841,0.2865,0.2294,1,,,,2.04,3.7,4.22,,,,,0.919,,4,1.5,0.6941,-0.2624,0,0,,,,-0.0068,,,,,,,,,,,
spelad,NO,2020,2020-06-16,,Viking,Bodo/Glimt,2,4,A,,,,,,,,,,,,,,,,,,,,0.4316,0.2668,0.3016,1,,,,2.35,3.75,3.22,,,,,0.8314,,8,0,-0.0011,-0.233,0,0,,,,-0.0087,,,,,,,,,,,
spelad,NO,2020,2020-06-17,,Haugesund,Brann,1,2,A,,,,,,,,,,,,,,,,,,,,0.4009,0.2931,0.306,1,,,,2.48,3.45,3.25,,,,,0.8418,,13,-0.4615,-0.0181,-0.0389,0,0,,,,0.007,,,,,,,,,,,
spelad,NO,2020,2020-06-17,,Start,Stromsgodset,2,2,D,,,,,,,,,,,,,,,,,,,,0.3632,0.2694,0.3674,1,,,,2.75,3.65,2.64,,,,,-0.0253,,10,-1.8,-0.4183,0.1791,0,0,,,,-0.0234,,,,,,,,,,,
spelad,NO,2020,2020-06-20,,Mjondalen,Sarpsborg 08,1,0,H,,,,,,,,,,,,,,,,,,,,0.2865,0.3054,0.4081,1,,,,3.5,3.29,2.48,,,,,0.3476,0,4,0,-0.0634,0.7418,0,0,,,,-0.0021,,,,,,,,,,,
spelad,NO,2020,2020-06-20,,Molde,Rosenborg,1,0,H,,,,,,,,,,,,,,,,,,,,0.4326,0.2684,0.299,1,,,,2.28,3.63,3.35,,,,,0.9126,0,16,0,0.1944,-0.1235,0,0,,,,-0.0046,,,,,,,,,,,
spelad,NO,2020,2020-06-21,,Bodo/Glimt,Haugesund,6,1,H,,,,,,,,,,,,,,,,,,,,0.5595,0.2355,0.2051,1,,,,1.77,4.2,4.93,,,,,-0.6802,1,10,-0.6,-0.304,-0.0505,0,0,,,,-0.0062,,,,,,,,,,,
spelad,NO,2020,2020-06-21,,Brann,Viking,3,0,H,,,,,,,,,,,,,,,,,,,,0.4796,0.2556,0.2647,1,,,,2.12,3.79,3.85,,,,,-0.1569,-1,11,-0.2727,0.0123,-0.0716,0,0,,,,-0.0152,,,,,,,,,,,
spelad,NO,2020,2020-06-21,,Kristiansund,Aalesund,7,2,H,,,,,,,,,,,,,,,,,,,,0.4182,0.2896,0.2922,1,,,,2.43,3.51,3.45,,,,,0.0305,0,,,,,-1,0,,,,-0.0262,,,,,,,,,,,
spelad,NO,2020,2020-06-21,,Sandefjord,Start,2,2,D,,,,,,,,,,,,,,,,,,,,0.4196,0.2785,0.3019,1,,,,2.46,3.55,3.25,,,,,0.8998,1,4,1.5,1.1353,-0.2617,1,0,,,,-0.0127,,,,,,,,,,,
spelad,NO,2020,2020-06-21,,Stromsgodset,Odd,1,0,H,,,,,,,,,,,,,,,,,,,,0.3835,0.2725,0.344,1,,,,2.53,3.56,2.92,,,,,0.7223,-1,15,-0.4,-0.2442,-0.0618,0,0,,,,0.0053,,,,,,,,,,,
spelad,NO,2020,2020-06-21,,Valerenga,Stabaek,2,2,D,,,,,,,,,,,,,,,,,,,,0.4277,0.2925,0.2798,1,,,,2.28,3.4,3.7,,,,,-0.9291,0,14,-0.4286,-0.515,0.0347,0,0,,,,0.023,,,,,,,,,,,
spelad,NO,2020,2020-06-24,,Aalesund,Brann,2,2,D,,,,,,,,,,,,,,,,,,,,0.3006,0.2781,0.4213,1,,,,3.3,3.62,2.35,,,,,-0.1991,0,9,-2,-0.8767,0.0806,1,0,,,,-0.0029,,,,,,,,,,,
spelad,NO,2020,2020-06-24,,Haugesund,Kristiansund,2,2,D,,,,,,,,,,,,,,,,,,,,0.3941,0.2882,0.3176,1,,,,2.45,3.4,3.2,,,,,-0.2476,0,6,-1,-0.7232,0.0594,0,0,,,,0.015,,,,,,,,,,,
spelad,NO,2020,2020-06-24,,Odd,Valerenga,4,1,H,,,,,,,,,,,,,,,,,,,,0.3803,0.2945,0.3252,1,,,,2.65,3.44,3.1,,,,,-0.4296,0,16,-0.1875,-0.177,-0.0729,0,0,,,,0.0084,,,,,,,,,,,
spelad,NO,2020,2020-06-24,,Stabaek,Sandefjord,2,0,H,,,,,,,,,,,,,,,,,,,,0.4707,0.2863,0.243,1,,,,2.1,3.5,4.05,,,,,0.2311,0,6,1,0.0972,0.0816,-1,0,,,,-0.0065,,,,,,,,,,,
spelad,NO,2020,2020-06-24,,Start,Molde,2,3,A,,,,,,,,,,,,,,,,,,,,0.1648,0.2154,0.6198,1,,,,6.38,4.55,1.56,,,,,-1.52,-1,10,-1.2,-0.0649,0.1903,0,0,,,,0.0018,,,,,,,,,,,
spelad,NO,2020,2020-06-24,,Viking,Mjondalen,1,1,D,,,,,,,,,,,,,,,,,,,,0.4421,0.2826,0.2753,1,,,,2.3,3.6,3.6,,,,,-0.3869,-1,4,0.75,0.1979,0.0064,0,0,,,,-0.0105,,,,,,,,,,,
spelad,NO,2020,2020-06-25,,Rosenborg,Bodo/Glimt,2,3,A,,,,,,,,,,,,,,,,,,,,0.4408,0.2595,0.2998,1,,,,2.3,3.75,3.4,,,,,-0.0405,1,10,0.6,-0.3701,0.181,0,0,,,,0.0031,,,,,,,,,,,
spelad,NO,2020,2020-06-25,,Sarpsborg 08,Stromsgodset,2,3,A,,,,,,,,,,,,,,,,,,,,0.475,0.2686,0.2564,1,,,,2.08,3.6,3.8,,,,,-1.0003,1,14,-0.8571,-0.3192,0.1792,0,0,,,,-0.0165,,,,,,,,,,,
spelad,NO,2020,2020-06-27,,Start,Odd,0,5,A,,,,,,,,,,,,,,,,,,,,0.3785,0.2666,0.3549,1,,,,2.66,3.65,2.8,,,,,-0.2338,0,10,-2.1,-0.5363,-0.142,0,0,,,,-0.0111,,,,,,,,,,,
spelad,NO,2020,2020-06-27,,Valerenga,Viking,2,1,H,,,,,,,,,,,,,,,,,,,,0.4707,0.2567,0.2726,1,,,,2.15,3.85,3.54,,,,,0.0363,0,13,-0.2308,-0.048,0.0524,0,0,,,,-0.0169,,,,,,,,,,,
spelad,NO,2020,2020-06-28,,Bodo/Glimt,Sarpsborg 08,2,1,H,,,,,,,,,,,,,,,,,,,,0.6086,0.2317,0.1597,1,,,,1.61,4.5,6.1,,,,,1.1265,0,10,0,0.005,0.1401,0,0,,,,-0.0251,,,,,,,,,,,
spelad,NO,2020,2020-06-28,,Brann,Rosenborg,1,2,A,,,,,,,,,,,,,,,,,,,,0.3959,0.28,0.3241,1,,,,2.6,3.45,3.09,,,,,0.2758,1,13,-1.1538,-0.1943,-0.0909,0,0,,,,-0.0154,,,,,,,,,,,
spelad,NO,2020,2020-06-28,,Mjondalen,Kristiansund,1,2,A,,,,,,,,,,,,,,,,,,,,0.37,0.29,0.34,1,,,,2.84,3.4,2.84,,,,,0.0059,0,,,,,0,0,,,,-0.025,,,,,,,,,,,
spelad,NO,2020,2020-06-28,,Molde,Stabaek,4,1,H,,,,,,,,,,,,,,,,,,,,0.6224,0.2168,0.1608,1,,,,1.58,4.5,6.18,,,,,0.28,0,13,1.1538,0.0669,-0.0655,0,0,,,,-0.0131,,,,,,,,,,,
spelad,NO,2020,2020-06-28,,Sandefjord,Haugesund,0,1,A,,,,,,,,,,,,,,,,,,,,0.2942,0.2863,0.4195,1,,,,3.3,3.4,2.38,,,,,0.2981,0,6,-2,-0.5438,-0.2669,1,0,,,,0.0086,,,,,,,,,,,
spelad,NO,2020,2020-06-28,,Stromsgodset,Aalesund,1,1,D,,,,,,,,,,,,,,,,,,,,0.4886,0.2513,0.2601,1,,,,2.05,3.88,3.81,,,,,0.6873,-1,11,0.5455,-0.1607,-0.1392,-1,0,,,,-0.0235,,,,,,,,,,,
spelad,NO,2020,2020-07-01,,Aalesund,Mjondalen,1,3,A,,,,,,,,,,,,,,,,,,,,0.333,0.2807,0.3863,1,,,,2.96,3.44,2.6,,,,,-0.0665,0,,,,,1,0,,,,-0.0046,,,,,,,,,,,
spelad,NO,2020,2020-07-01,,Haugesund,Start,1,0,H,,,,,,,,,,,,,,,,,,,,0.5375,0.2448,0.2177,1,,,,1.83,4,4.59,,,,,0.8627,-1,10,1.2,0.567,-0.2583,0,0,,,,-0.0093,,,,,,,,,,,
spelad,NO,2020,2020-07-01,,Odd,Bodo/Glimt,0,4,A,,,,,,,,,,,,,,,,,,,,0.2998,0.2554,0.4448,1,,,,3.3,3.8,2.2,,,,,-0.514,1,10,1.5,0.4766,-0.1355,0,0,,,,-0.0031,,,,,,,,,,,
spelad,NO,2020,2020-07-01,,Rosenborg,Valerenga,1,1,D,,,,,,,,,,,,,,,,,,,,0.5408,0.2526,0.2066,1,,,,1.82,3.95,4.9,,,,,-0.1966,-1,15,2.2,0.5331,0.0357,0,0,,,,0.0063,,,,,,,,,,,
spelad,NO,2020,2020-07-01,,Stabaek,Stromsgodset,2,0,H,,,,,,,,,,,,,,,,,,,,0.4911,0.2595,0.2494,1,,,,2.05,3.75,4,,,,,0.0658,0,14,0.6429,0.6658,-0.0279,0,0,,,,-0.0079,,,,,,,,,,,
spelad,NO,2020,2020-07-01,,Viking,Sandefjord,2,0,H,,,,,,,,,,,,,,,,,,,,0.5733,0.2256,0.2011,1,,,,1.7,4.27,5.5,,,,,-0.2429,1,4,0,-0.2122,-0.2379,-1,0,,,,0.0131,,,,,,,,,,,
spelad,NO,2020,2020-07-02,,Kristiansund,Molde,2,2,D,,,,,,,,,,,,,,,,,,,,0.2538,0.2399,0.5063,1,,,,4.18,4.1,1.96,,,,,-0.8649,0,6,0,0.5957,-0.2468,0,0,,,,0.0056,,,,,,,,,,,
spelad,NO,2020,2020-07-02,,Sarpsborg 08,Brann,0,1,A,,,,,,,,,,,,,,,,,,,,0.3618,0.2945,0.3437,1,,,,2.75,3.29,2.81,,,,,-0.759,0,12,0,0.1818,-0.1004,0,0,,,,-0.0262,,,,,,,,,,,
spelad,NO,2020,2020-07-04,,Start,Viking,1,1,D,,,,,,,,,,,,,,,,,,,,0.3676,0.2619,0.3705,1,,,,2.76,3.75,2.63,,,,,-0.2792,0,8,-2.25,-0.6109,-0.2385,0,0,,,,-0.0251,,,,,,,,,,,
spelad,NO,2020,2020-07-04,,Valerenga,Aalesund,2,2,D,,,,,,,,,,,,,,,,,,,,0.5859,0.2242,0.1899,1,,,,1.66,4.45,5.65,,,,,0.2236,0,11,-0.5455,-0.293,-0.1549,-1,0,,,,-0.0084,,,,,,,,,,,
spelad,NO,2020,2020-07-05,,Bodo/Glimt,Brann,5,0,H,,,,,,,,,,,,,,,,,,,,0.6352,0.1909,0.1739,1,,,,1.65,5.07,6.2,,,,,0.5636,1,8,-0.75,-0.2203,-0.0179,0,0,,,,-0.0131,,,,,,,,,,,
spelad,NO,2020,2020-07-05,,Molde,Mjondalen,2,1,H,,,,,,,,,,,,,,,,,,,,0.6657,0.1947,0.1396,1,,,,1.48,5.1,7.76,,,,,0.5908,-1,4,3,0.9835,-0.2139,0,0,,,,-0.0095,,,,,,,,,,,
spelad,NO,2020,2020-07-05,,Odd,Haugesund,0,0,D,,,,,,,,,,,,,,,,,,,,0.3808,0.2896,0.3296,1,,,,2.62,3.36,3,,,,,-0.7338,0,16,0.75,0.2614,-0.1371,0,0,,,,0.0023,,,,,,,,,,,
spelad,NO,2020,2020-07-05,,Sandefjord,Sarpsborg 08,0,3,A,,,,,,,,,,,,,,,,,,,,0.2686,0.2988,0.4326,1,,,,3.56,3.35,2.3,,,,,1.1403,1,6,-0.5,0.2134,-0.0865,1,0,,,,0.0088,,,,,,,,,,,
spelad,NO,2020,2020-07-05,,Stabaek,Rosenborg,0,3,A,,,,,,,,,,,,,,,,,,,,0.3106,0.2789,0.4105,1,,,,3.3,3.55,2.36,,,,,0.7782,0,13,-0.9231,0.2134,0.0201,0,0,,,,-0.0065,,,,,,,,,,,
spelad,NO,2020,2020-07-05,,Stromsgodset,Kristiansund,2,2,D,,,,,,,,,,,,,,,,,,,,0.3501,0.2583,0.3917,1,,,,2.88,3.71,2.55,,,,,0.0542,1,6,-1,-0.7588,-0.2581,0,0,,,,-0.0153,,,,,,,,,,,
spelad,NO,2020,2020-07-11,,Haugesund,Molde,0,3,A,,,,,,,,,,,,,,,,,,,,0.2445,0.2496,0.5059,1,,,,4.14,3.9,1.93,,,,,-0.7902,0,15,-0.6,0.1105,0.159,0,0,,,,-0.0055,,,,,,,,,,,
spelad,NO,2020,2020-07-11,,Rosenborg,Stromsgodset,3,0,H,,,,,,,,,,,,,,,,,,,,0.7149,0.1814,0.1037,1,,,,1.37,5.4,9.3,,,,,-0.6409,0,15,1,0.0946,0.1623,0,0,,,,-0.0424,,,,,,,,,,,
spelad,NO,2020,2020-07-12,,Aalesund,Bodo/Glimt,1,6,A,,,,,,,,,,,,,,,,,,,,0.1534,0.1771,0.6696,1,,,,7,5.7,1.43,,,,,-1.2397,1,6,1.5,0.79,-0.0885,1,0,,,,-0.02,,,,,,,,,,,
spelad,NO,2020,2020-07-12,,Brann,Sandefjord,3,1,H,,,,,,,,,,,,,,,,,,,,0.6145,0.2301,0.1554,1,,,,1.58,4.25,6.4,,,,,0.3012,0,4,2.25,0.5834,-0.005,-1,0,,,,-0.0144,,,,,,,,,,,
spelad,NO,2020,2020-07-12,,Kristiansund,Stabaek,1,2,A,,,,,,,,,,,,,,,,,,,,0.5606,0.2371,0.2023,1,,,,1.76,4.2,4.75,,,,,-0.0693,0,6,1,0.6805,-0.2595,0,0,,,,-0.023,,,,,,,,,,,
spelad,NO,2020,2020-07-12,,Mjondalen,Valerenga,0,1,A,,,,,,,,,,,,,,,,,,,,0.3379,0.2871,0.375,1,,,,2.88,3.39,2.67,,,,,0.4049,-1,4,-1.5,-0.4357,-0.2465,0,0,,,,-0.0036,,,,,,,,,,,
spelad,NO,2020,2020-07-12,,Sarpsborg 08,Start,1,0,H,,,,,,,,,,,,,,,,,,,,0.5999,0.244,0.1561,1,,,,1.65,4.2,6.35,,,,,-0.3566,-1,10,1.2,0.4653,-0.0518,0,0,,,,-0.0075,,,,,,,,,,,
spelad,NO,2020,2020-07-12,,Viking,Odd,1,2,A,,,,,,,,,,,,,,,,,,,,0.4286,0.2569,0.3144,1,,,,2.3,3.75,3.31,,,,,0.0524,1,13,0.2308,0.2143,0.0471,0,0,,,,0.0093,,,,,,,,,,,
spelad,NO,2020,2020-07-15,,Bodo/Glimt,Kristiansund,2,1,H,,,,,,,,,,,,,,,,,,,,0.7512,0.1443,0.1045,1,,,,1.28,7,10.5,,,,,1.0399,0,4,2.25,0.8352,0.0067,0,0,,,,0.0109,,,,,,,,,,,
spelad,NO,2020,2020-07-15,,Molde,Viking,5,0,H,,,,,,,,,,,,,,,,,,,,0.7226,0.1592,0.1182,1,,,,1.33,6.45,9.6,,,,,1.2702,1,13,0.4615,-0.1168,-0.1686,0,0,,,,0.0078,,,,,,,,,,,
spelad,NO,2020,2020-07-15,,Odd,Brann,1,0,H,,,,,,,,,,,,,,,,,,,,0.3585,0.2909,0.3506,1,,,,2.75,3.54,2.73,,,,,-0.2666,0,13,-0.6923,-0.3452,-0.1128,0,0,,,,-0.0119,,,,,,,,,,,
spelad,NO,2020,2020-07-15,,Sandefjord,Aalesund,1,0,H,,,,,,,,,,,,,,,,,,,,0.358,0.27,0.3719,1,,,,2.8,3.56,2.58,,,,,0.0876,0,4,-1.5,-0.4217,-0.255,0,0,,,,-0.0095,,,,,,,,,,,
spelad,NO,2020,2020-07-15,,Stromsgodset,Mjondalen,2,1,H,,,,,,,,,,,,,,,,,,,,0.3515,0.2779,0.3706,1,,,,2.75,3.72,2.65,,,,,0.1335,1,4,0,-0.4693,0.2485,0,0,,,,0.0149,,,,,,,,,,,
spelad,NO,2020,2020-07-15,,Valerenga,Haugesund,1,0,H,,,,,,,,,,,,,,,,,,,,0.3885,0.295,0.3165,1,,,,2.51,3.59,3.2,,,,,0.1183,-1,15,-0.4,-0.2025,-0.0596,0,0,,,,0.0016,,,,,,,,,,,
spelad,NO,2020,2020-07-16,,Stabaek,Sarpsborg 08,1,1,D,,,,,,,,,,,,,,,,,,,,0.3399,0.3101,0.3499,1,,,,2.95,3.25,2.75,,,,,0.8513,0,12,0,0.0366,0.2378,0,0,,,,-0.0052,,,,,,,,,,,
spelad,NO,2020,2020-07-16,,Start,Rosenborg,0,0,D,,,,,,,,,,,,,,,,,,,,0.1964,0.2284,0.5751,1,,,,5.8,4.5,1.67,,,,,-0.7331,-1,10,-2.7,-0.5944,-0.0971,0,0,,,,-0.0126,,,,,,,,,,,
spelad,NO,2020,2020-07-18,,Haugesund,Viking,0,2,A,,,,,,,,,,,,,,,,,,,,0.4447,0.2724,0.2829,1,,,,2.25,3.56,3.45,,,,,0.3681,0,13,0.4615,0.2821,0.1176,0,0,,,,-0.003,,,,,,,,,,,
spelad,NO,2020,2020-07-18,,Mjondalen,Bodo/Glimt,2,3,A,,,,,,,,,,,,,,,,,,,,0.1406,0.192,0.6674,1,,,,7.6,5.25,1.48,,,,,-1.3525,0,4,-2.25,-0.9102,0.0096,0,0,,,,0.0034,,,,,,,,,,,
spelad,NO,2020,2020-07-19,,Aalesund,Stabaek,1,3,A,,,,,,,,,,,,,,,,,,,,0.3937,0.2718,0.3345,1,,,,2.55,3.6,2.94,,,,,-0.8937,1,10,0.9,0.3644,0.0539,1,0,,,,-0.0073,,,,,,,,,,,
spelad,NO,2020,2020-07-19,,Brann,Start,1,1,D,,,,,,,,,,,,,,,,,,,,0.5615,0.2404,0.198,1,,,,1.73,4,5,,,,,0.7597,1,8,1.5,0.4339,0.0086,0,0,,,,-0.0153,,,,,,,,,,,
spelad,NO,2020,2020-07-19,,Kristiansund,Valerenga,0,0,D,,,,,,,,,,,,,,,,,,,,0.4808,0.26,0.2593,1,,,,2.2,3.85,3.7,,,,,-0.3981,0,6,0,0.3675,0.0841,0,0,,,,-0.0402,,,,,,,,,,,
spelad,NO,2020,2020-07-19,,Rosenborg,Sandefjord,2,1,H,,,,,,,,,,,,,,,,,,,,0.6751,0.1971,0.1278,1,,,,1.44,5.05,8.03,,,,,-0.0117,-1,6,2.5,0.2991,-0.0022,-1,0,,,,-0.0153,,,,,,,,,,,
spelad,NO,2020,2020-07-19,,Sarpsborg 08,Odd,2,0,H,,,,,,,,,,,,,,,,,,,,0.4571,0.2818,0.261,1,,,,2.17,3.56,3.76,,,,,-0.8433,-1,14,-0.4286,-0.1249,0.1643,0,0,,,,-0.0083,,,,,,,,,,,
spelad,NO,2020,2020-07-19,,Stromsgodset,Molde,0,4,A,,,,,,,,,,,,,,,,,,,,0.1804,0.2165,0.603,1,,,,5.75,4.8,1.59,,,,,-0.5311,0,15,-0.6,-0.1489,0.0148,0,0,,,,-0.003,,,,,,,,,,,
spelad,NO,2020,2020-07-25,,Brann,Kristiansund,1,1,D,,,,,,,,,,,,,,,,,,,,0.4465,0.264,0.2895,1,,,,2.24,3.85,3.45,,,,,-0.0594,0,6,-1,-0.8048,-0.262,0,0,,,,-0.0129,,,,,,,,,,,
spelad,NO,2020,2020-07-25,,Odd,Aalesund,3,2,H,,,,,,,,,,,,,,,,,,,,0.531,0.2451,0.2239,1,,,,1.83,4.05,5.1,,,,,1.0797,0,11,0.8182,0.0919,-0.0617,-1,0,,,,-0.0014,,,,,,,,,,,
spelad,NO,2020,2020-07-26,,Bodo/Glimt,Molde,3,1,H,,,,,,,,,,,,,,,,,,,,0.5333,0.22,0.2467,1,,,,1.89,4.45,4,,,,,0.2751,1,10,-0.9,0.1789,-0.1199,0,0,,,,-0.0078,,,,,,,,,,,
spelad,NO,2020,2020-07-26,,Haugesund,Rosenborg,1,0,H,,,,,,,,,,,,,,,,,,,,0.3308,0.2987,0.3705,1,,,,3.09,3.35,2.72,,,,,-0.3685,1,15,-0.2,0.4745,-0.1014,0,0,,,,-0.0095,,,,,,,,,,,
spelad,NO,2020,2020-07-26,,Sandefjord,Mjondalen,1,0,H,,,,,,,,,,,,,,,,,,,,0.3087,0.2991,0.3922,1,,,,3.22,3.4,2.54,,,,,-0.2806,-1,,,,,1,0,,,,0.0046,,,,,,,,,,,
spelad,NO,2020,2020-07-26,,Start,Stabaek,0,0,D,,,,,,,,,,,,,,,,,,,,0.3444,0.2712,0.3845,1,,,,2.92,3.65,2.61,,,,,-1.0001,0,8,-0.375,0.0642,-0.1187,0,0,,,,0.0093,,,,,,,,,,,
spelad,NO,2020,2020-07-26,,Valerenga,Stromsgodset,2,0,H,,,,,,,,,,,,,,,,,,,,0.4526,0.269,0.2784,1,,,,2.15,3.75,3.92,,,,,-0.0253,0,15,-0.6,-0.1295,0.0226,0,0,,,,0.0193,,,,,,,,,,,
spelad,NO,2020,2020-07-26,,Viking,Sarpsborg 08,3,0,H,,,,,,,,,,,,,,,,,,,,0.3888,0.278,0.3332,1,,,,2.67,3.5,2.95,,,,,-0.0328,1,12,0.75,0.3581,-0.0039,0,0,,,,-0.0106,,,,,,,,,,,
spelad,NO,2020,2020-07-29,,Aalesund,Start,3,2,H,,,,,,,,,,,,,,,,,,,,0.4154,0.2754,0.3092,1,,,,2.44,3.55,3.3,,,,,-0.2043,1,8,0.375,0.0065,0.1189,0,0,,,,0.0034,,,,,,,,,,,
spelad,NO,2020,2020-07-29,,Kristiansund,Sandefjord,3,1,H,,,,,,,,,,,,,,,,,,,,0.6287,0.2152,0.1561,1,,,,1.57,4.62,6.95,,,,,-0.0292,1,4,0.75,0.2461,-0.0327,0,0,,,,0.0064,,,,,,,,,,,
spelad,NO,2020,2020-07-29,,Mjondalen,Odd,0,2,A,,,,,,,,,,,,,,,,,,,,0.3101,0.2834,0.4065,1,,,,3.24,3.45,2.53,,,,,-1.3148,-1,4,-0.75,0.1158,0.0031,0,0,,,,0.0189,,,,,,,,,,,
spelad,NO,2020,2020-07-29,,Molde,Valerenga,4,1,H,,,,,,,,,,,,,,,,,,,,0.5495,0.2439,0.2065,1,,,,1.76,4.3,5.15,,,,,0.0177,0,15,2,0.6419,-0.0351,0,0,,,,0.034,,,,,,,,,,,
spelad,NO,2020,2020-07-29,,Sarpsborg 08,Haugesund,0,0,D,,,,,,,,,,,,,,,,,,,,0.405,0.3044,0.2905,1,,,,2.39,3.36,3.52,,,,,-0.1799,0,14,0.4286,0.0617,0.1622,0,0,,,,0.0204,,,,,,,,,,,
spelad,NO,2020,2020-07-29,,Stromsgodset,Brann,3,1,H,,,,,,,,,,,,,,,,,,,,0.3299,0.2665,0.4036,1,,,,3.06,3.78,2.52,,,,,0.2793,-1,13,0.2308,-0.1169,0.0632,0,0,,,,-0.0118,,,,,,,,,,,
spelad,NO,2020,2020-07-30,,Rosenborg,Viking,3,0,H,,,,,,,,,,,,,,,,,,,,0.4789,0.2514,0.2698,1,,,,2.11,3.95,3.88,,,,,-0.0635,0,13,2.0769,0.4146,0.0863,0,0,,,,-0.0104,,,,,,,,,,,
spelad,NO,2020,2020-07-30,,Stabaek,Bodo/Glimt,2,2,D,,,,,,,,,,,,,,,,,,,,0.2008,0.2213,0.578,1,,,,5,4.6,1.72,,,,,-0.5893,0,10,0.6,0.2589,0.1518,0,0,,,,0.0305,,,,,,,,,,,
spelad,NO,2020,2020-08-01,,Brann,Valerenga,1,2,A,,,,,,,,,,,,,,,,,,,,0.4687,0.2829,0.2484,1,,,,2.2,3.64,3.94,,,,,-1.0005,0,12,-1,-0.6155,0.068,0,0,,,,-0.0281,,,,,,,,,,,
spelad,NO,2020,2020-08-01,,Sandefjord,Molde,2,1,H,,,,,,,,,,,,,,,,,,,,0.1911,0.2309,0.578,1,,,,5.6,4.3,1.7,,,,,-0.7031,0,6,-2.5,-0.4968,-0.042,0,0,,,,0.0078,,,,,,,,,,,
spelad,NO,2020,2020-08-02,,Bodo/Glimt,Stromsgodset,3,2,H,,,,,,,,,,,,,,,,,,,,0.8064,0.1236,0.07,1,,,,1.22,8.7,17,,,,,0.8349,-1,10,-0.9,-0.1592,-0.1277,0,0,,,,-0.0171,,,,,,,,,,,
spelad,NO,2020,2020-08-02,,Haugesund,Stabaek,3,1,H,,,,,,,,,,,,,,,,,,,,0.4783,0.2725,0.2491,1,,,,2.18,3.54,3.86,,,,,-0.3302,1,13,1.6154,0.6117,0.0508,0,0,,,,-0.0516,,,,,,,,,,,
spelad,NO,2020,2020-08-02,,Odd,Rosenborg,2,1,H,,,,,,,,,,,,,,,,,,,,0.4052,0.2813,0.3135,1,,,,2.51,3.5,3.28,,,,,0.2935,1,15,-1.2,-0.2172,-0.0466,0,0,,,,0.0002,,,,,,,,,,,
spelad,NO,2020,2020-08-02,,Sarpsborg 08,Aalesund,4,0,H,,,,,,,,,,,,,,,,,,,,0.6002,0.241,0.1588,1,,,,1.66,4.35,6.01,,,,,0.4348,0,10,0.9,0.3241,0.0459,0,0,,,,-0.0242,,,,,,,,,,,
spelad,NO,2020,2020-08-02,,Start,Mjondalen,3,0,H,,,,,,,,,,,,,,,,,,,,0.4548,0.2769,0.2683,1,,,,2.25,3.55,3.76,,,,,0.2387,0,,,,,0,0,,,,-0.014,,,,,,,,,,,
spelad,NO,2020,2020-08-02,,Viking,Kristiansund,1,2,A,,,,,,,,,,,,,,,,,,,,0.5114,0.2356,0.253,1,,,,2,4.06,4.1,,,,,0.1227,-1,4,1.5,0.9005,-0.2562,0,0,,,,-0.023,,,,,,,,,,,
spelad,NO,2020,2020-08-05,,Molde,Start,5,0,H,,,,,,,,,,,,,,,,,,,,0.7331,0.1678,0.0992,1,,,,1.33,6.55,10.75,,,,,0.361,1,11,1.3636,-0.0299,0.1535,0,0,,,,-0.0219,,,,,,,,,,,
spelad,NO,2020,2020-08-08,,Valerenga,Bodo/Glimt,2,2,D,,,,,,,,,,,,,,,,,,,,0.2569,0.2348,0.5083,1,,,,4.15,4.22,1.94,,,,,-0.0626,1,10,-0.3,-0.3473,0.2561,0,0,,,,-0.0082,,,,,,,,,,,
spelad,NO,2020,2020-08-09,,Aalesund,Viking,2,2,D,,,,,,,,,,,,,,,,,,,,0.2418,0.2406,0.5176,1,,,,4.3,4.28,1.92,,,,,-0.4917,0,11,0.2727,0.4514,-0.0722,0,0,,,,0.0163,,,,,,,,,,,
spelad,NO,2020,2020-08-09,,Kristiansund,Start,3,2,H,,,,,,,,,,,,,,,,,,,,0.6183,0.2135,0.1682,1,,,,1.63,4.5,6.2,,,,,0.0752,3,,,,,0,0,,,,-0.0209,,,,,,,,,,,
spelad,NO,2020,2020-08-09,,Mjondalen,Haugesund,1,0,H,,,,,,,,,,,,,,,,,,,,0.3476,0.3073,0.3451,1,,,,2.94,3.35,2.83,,,,,-0.748,0,4,0,0.1372,0.2354,0,0,,,,-0.0246,,,,,,,,,,,
spelad,NO,2020,2020-08-09,,Rosenborg,Sarpsborg 08,5,1,H,,,,,,,,,,,,,,,,,,,,0.5033,0.2804,0.2163,1,,,,1.98,3.72,4.5,,,,,-0.167,0,14,1.7143,0.2794,0.0532,0,0,,,,-0.0133,,,,,,,,,,,
spelad,NO,2020,2020-08-09,,Stabaek,Odd,0,1,A,,,,,,,,,,,,,,,,,,,,0.3344,0.289,0.3766,1,,,,3.08,3.38,2.62,,,,,-0.3256,0,13,0,0.4901,-0.1624,0,0,,,,-0.0156,,,,,,,,,,,
spelad,NO,2020,2020-08-09,,Stromsgodset,Sandefjord,3,4,A,,,,,,,,,,,,,,,,,,,,0.5745,0.2276,0.1979,1,,,,1.76,4.3,5.25,,,,,-0.2907,-1,6,2,0.4804,-0.2191,0,0,,,,-0.0265,,,,,,,,,,,
spelad,NO,2020,2020-08-10,,Molde,Brann,1,2,A,,,,,,,,,,,,,,,,,,,,0.6107,0.2146,0.1748,1,,,,1.58,4.88,6.3,,,,,0.8317,-4,13,0.6923,0.1448,-0.1003,0,0,,,,0.018,,,,,,,,,,,
spelad,NO,2020,2020-08-15,,Sarpsborg 08,Molde,2,1,H,,,,,,,,,,,,,,,,,,,,0.2657,0.2374,0.4969,1,,,,4,4.1,1.98,,,,,0.2411,1,14,-0.2143,0.2501,0.1209,0,0,,,,0.0016,,,,,,,,,,,
spelad,NO,2020,2020-08-16,,Brann,Mjondalen,0,1,A,,,,,,,,,,,,,,,,,,,,0.5755,0.2449,0.1796,1,,,,1.7,4.33,5.95,,,,,0.3095,-1,4,-1.5,-1.1965,0.2512,0,0,,,,0.0017,,,,,,,,,,,
spelad,NO,2020,2020-08-16,,Haugesund,Stromsgodset,2,3,A,,,,,,,,,,,,,,,,,,,,0.4814,0.2729,0.2456,1,,,,2.07,3.69,4.05,,,,,-0.1367,0,15,-0.6,0.0766,-0.1105,0,0,,,,-0.0007,,,,,,,,,,,
spelad,NO,2020,2020-08-16,,Odd,Kristiansund,2,1,H,,,,,,,,,,,,,,,,,,,,0.4909,0.2637,0.2454,1,,,,2.06,3.7,4.05,,,,,0.9361,0,6,0.5,-0.139,0.2355,0,0,,,,-0.0103,,,,,,,,,,,
spelad,NO,2020,2020-08-16,,Rosenborg,Aalesund,3,2,H,,,,,,,,,,,,,,,,,,,,0.7034,0.1765,0.1201,1,,,,1.4,6.25,9,,,,,0.6585,0,10,1.2,-0.0894,0.1923,0,0,,,,-0.0073,,,,,,,,,,,
spelad,NO,2020,2020-08-16,,Sandefjord,Bodo/Glimt,1,2,A,,,,,,,,,,,,,,,,,,,,0.1857,0.219,0.5953,1,,,,5.4,5,1.65,,,,,0.2116,-1,4,0,0.1828,0.2602,0,0,,,,0.0052,,,,,,,,,,,
spelad,NO,2020,2020-08-16,,Viking,Stabaek,3,3,D,,,,,,,,,,,,,,,,,,,,0.5419,0.2517,0.2064,1,,,,1.82,4.2,4.75,,,,,-0.2999,0,11,0.8182,0.1729,0.1117,0,0,,,,-0.0088,,,,,,,,,,,
spelad,NO,2020,2020-08-17,,Start,Valerenga,2,1,H,,,,,,,,,,,,,,,,,,,,0.3262,0.2836,0.3901,1,,,,3.12,3.7,2.65,,,,,-0.7851,-1,10,-1.2,-0.3024,-0.0404,0,0,,,,0.008,,,,,,,,,,,
spelad,NO,2020,2020-08-22,,Aalesund,Haugesund,1,3,A,,,,,,,,,,,,,,,,,,,,0.3365,0.2827,0.3807,1,,,,3,3.6,2.6,,,,,-0.0082,0,11,0.2727,0.1702,-0.0856,0,0,,,,-0.0097,,,,,,,,,,,
spelad,NO,2020,2020-08-22,,Bodo/Glimt,Start,6,0,H,,,,,,,,,,,,,,,,,,,,0.7665,0.1461,0.0874,1,,,,1.28,7.4,12.5,,,,,0.2983,1,8,0.375,0.1366,-0.125,0,0,,,,0.0047,,,,,,,,,,,
spelad,NO,2020,2020-08-22,,Kristiansund,Sarpsborg 08,4,1,H,,,,,,,,,,,,,,,,,,,,0.4593,0.2654,0.2753,1,,,,2.2,3.85,3.54,,,,,-0.3145,-1,6,1,0.8218,0.0719,0,0,,,,-0.0239,,,,,,,,,,,
spelad,NO,2020,2020-08-22,,Mjondalen,Rosenborg,0,2,A,,,,,,,,,,,,,,,,,,,,0.2532,0.2866,0.4602,1,,,,3.9,3.74,2.14,,,,,-0.5387,0,4,-1.5,0.0855,-0.2042,0,0,,,,0.0079,,,,,,,,,,,
spelad,NO,2020,2020-08-22,,Molde,Odd,2,0,H,,,,,,,,,,,,,,,,,,,,0.5714,0.2339,0.1947,1,,,,1.74,4.35,5.05,,,,,-1.5859,1,15,0,-0.3336,0.2091,0,0,,,,-0.0234,,,,,,,,,,,
spelad,NO,2020,2020-08-22,,Stromsgodset,Viking,0,2,A,,,,,,,,,,,,,,,,,,,,0.3918,0.2542,0.354,1,,,,2.55,3.94,2.82,,,,,0.4857,0,13,0.6923,0.1905,0.0469,0,0,,,,0.0046,,,,,,,,,,,
spelad,NO,2020,2020-08-22,,Valerenga,Sandefjord,2,1,H,,,,,,,,,,,,,,,,,,,,0.615,0.2238,0.1613,1,,,,1.64,4.3,6.25,,,,,-0.1196,-1,6,0.5,-0.2129,-0.0698,0,0,,,,-0.0378,,,,,,,,,,,
spelad,NO,2020,2020-08-24,,Stabaek,Brann,0,2,A,,,,,,,,,,,,,,,,,,,,0.3517,0.2886,0.3597,1,,,,2.85,3.55,2.77,,,,,0.7426,0,10,-1.2,-0.2365,-0.0559,0,0,,,,-0.0149,,,,,,,,,,,
spelad,NO,2020,2020-08-29,,Brann,Stromsgodset,1,1,D,,,,,,,,,,,,,,,,,,,,0.5428,0.2567,0.2004,1,,,,1.8,4.37,4.8,,,,,-0.4926,-2,14,-0.4286,-0.0557,0.0397,0,0,,,,-0.0024,,,,,,,,,,,
spelad,NO,2020,2020-08-29,,Haugesund,Valerenga,2,1,H,,,,,,,,,,,,,,,,,,,,0.3686,0.3068,0.3246,1,,,,2.65,3.42,3.06,,,,,-0.6207,0,15,0,0.108,-0.0629,0,0,,,,0.0198,,,,,,,,,,,
spelad,NO,2020,2020-08-30,,Odd,Mjondalen,6,1,H,,,,,,,,,,,,,,,,,,,,0.5837,0.2484,0.1678,1,,,,1.68,4.05,6.45,,,,,1.214,0,5,1.2,0.2043,-0.0542,0,0,,,,-0.0111,,,,,,,,,,,
spelad,NO,2020,2020-08-30,,Rosenborg,Stabaek,2,2,D,,,,,,,,,,,,,,,,,,,,0.6301,0.2033,0.1666,1,,,,1.53,4.95,7.2,,,,,0.5175,2,14,1.0714,-0.1104,-0.0013,0,0,,,,0.0309,,,,,,,,,,,
spelad,NO,2020,2020-08-30,,Sandefjord,Kristiansund,0,2,A,,,,,,,,,,,,,,,,,,,,0.3236,0.2832,0.3932,1,,,,3.08,3.63,2.54,,,,,0.2697,0,5,-1.2,-0.3074,-0.0692,0,0,,,,0.0084,,,,,,,,,,,
spelad,NO,2020,2020-08-30,,Sarpsborg 08,Bodo/Glimt,0,3,A,,,,,,,,,,,,,,,,,,,,0.2682,0.241,0.4908,1,,,,4.21,4.33,2,,,,,-0.3483,0,11,-0.2727,-0.1965,0.1063,0,0,,,,-0.0021,,,,,,,,,,,
spelad,NO,2020,2020-08-30,,Start,Aalesund,1,0,H,,,,,,,,,,,,,,,,,,,,0.4225,0.2542,0.3233,1,,,,2.35,3.9,3.32,,,,,0.619,0,9,-0.6667,-0.2452,0.0751,0,0,,,,0.0159,,,,,,,,,,,
spelad,NO,2020,2020-08-30,,Viking,Molde,3,2,H,,,,,,,,,,,,,,,,,,,,0.299,0.2395,0.4615,1,,,,3.32,4.15,2.16,,,,,0.3795,0,13,-0.9231,0.0638,-0.1644,0,0,,,,0.0036,,,,,,,,,,,
spelad,NO,2020,2020-09-12,,Kristiansund,Viking,3,5,A,,,,,,,,,,,,,,,,,,,,0.488,0.2252,0.2867,1,,,,2.05,4.29,3.5,,,,,0.3018,0,5,-0.6,-0.1144,-0.252,0,0,,,,-0.0069,,,,,,,,,,,
spelad,NO,2020,2020-09-12,,Stabaek,Haugesund,2,1,H,,,,,,,,,,,,,,,,,,,,0.3651,0.3091,0.3258,1,,,,2.68,3.3,3,,,,,-0.3844,-1,13,-1.6154,-0.6965,0.0441,0,0,,,,0.0055,,,,,,,,,,,
spelad,NO,2020,2020-09-13,,Aalesund,Sarpsborg 08,0,1,A,,,,,,,,,,,,,,,,,,,,0.3737,0.2718,0.3545,1,,,,2.76,3.6,2.8,,,,,-0.5044,0,11,-1.0909,-0.4016,0.0199,0,0,,,,-0.0096,,,,,,,,,,,
spelad,NO,2020,2020-09-13,,Bodo/Glimt,Odd,6,1,H,,,,,,,,,,,,,,,,,,,,0.6244,0.2033,0.1723,1,,,,1.57,5,5.75,,,,,-0.32,0,11,-1.0909,-0.1819,-0.1464,0,0,,,,-0.0152,,,,,,,,,,,
spelad,NO,2020,2020-09-13,,Mjondalen,Sandefjord,0,2,A,,,,,,,,,,,,,,,,,,,,0.398,0.308,0.294,1,,,,2.45,3.44,3.4,,,,,-0.5581,0,3,-2,-1.1756,0.0659,0,0,,,,-0.0102,,,,,,,,,,,
spelad,NO,2020,2020-09-13,,Stromsgodset,Rosenborg,3,3,D,,,,,,,,,,,,,,,,,,,,0.2497,0.2334,0.5168,1,,,,3.88,4.14,1.91,,,,,-0.415,1,16,-1.125,-0.2716,0.1408,0,0,,,,0.016,,,,,,,,,,,
spelad,NO,2020,2020-09-13,,Valerenga,Brann,5,1,H,,,,,,,,,,,,,,,,,,,,0.5222,0.2415,0.2362,1,,,,1.91,4,4.5,,,,,0.5367,0,13,1.1538,0.6571,0.041,0,0,,,,-0.0236,,,,,,,,,,,
spelad,NO,2020,2020-09-19,,Sarpsborg 08,Mjondalen,2,0,H,,,,,,,,,,,,,,,,,,,,0.5139,0.2801,0.206,1,,,,1.92,3.75,4.71,,,,,0.3663,0,5,-0.6,-0.8487,0.5324,0,0,,,,-0.0122,,,,,,,,,,,
spelad,NO,2020,2020-09-19,,Valerenga,Molde,2,1,H,,,,,,,,,,,,,,,,,,,,0.4413,0.2428,0.3158,1,,,,2.21,4,3.22,,,,,0.9245,-7,15,-2,-0.6253,-0.0384,0,0,,,,0.0061,,,,,,,,,,,
spelad,NO,2020,2020-09-20,,Brann,Bodo/Glimt,1,3,A,,,,,,,,,,,,,,,,,,,,0.1999,0.2077,0.5924,1,,,,5.75,4.86,1.63,,,,,-0.9207,0,9,0.3333,0.1326,-0.0371,0,0,,,,-0.0265,,,,,,,,,,,
spelad,NO,2020,2020-09-20,,Odd,Stabaek,2,0,H,,,,,,,,,,,,,,,,,,,,0.5667,0.2367,0.1966,1,,,,1.74,4.2,5.03,,,,,1.044,-1,13,0.4615,-0.036,-0.1694,0,0,,,,-0.0132,,,,,,,,,,,
spelad,NO,2020,2020-09-20,,Rosenborg,Haugesund,2,1,H,,,,,,,,,,,,,,,,,,,,0.5056,0.2617,0.2327,1,,,,1.96,3.9,4.64,,,,,-0.1979,-1,16,0,-0.4379,-0.1138,0,0,,,,0.0075,,,,,,,,,,,
spelad,NO,2020,2020-09-20,,Sandefjord,Stromsgodset,0,0,D,,,,,,,,,,,,,,,,,,,,0.3507,0.2934,0.3559,1,,,,2.78,3.5,2.72,,,,,0.6829,0,7,-1.2857,0.0873,-0.2203,0,0,,,,0.0052,,,,,,,,,,,
spelad,NO,2020,2020-09-20,,Start,Kristiansund,1,2,A,,,,,,,,,,,,,,,,,,,,0.341,0.2604,0.3986,1,,,,3.05,3.75,2.47,,,,,-0.304,7,3,0,0.2768,0.0742,0,0,,,,-0.0157,,,,,,,,,,,
spelad,NO,2020,2020-09-20,,Viking,Aalesund,5,2,H,,,,,,,,,,,,,,,,,,,,0.7023,0.1734,0.1243,1,,,,1.38,5.95,9.2,,,,,0.8855,1,12,-0.25,-0.4136,-0.0029,0,0,,,,-0.0041,,,,,,,,,,,
spelad,NO,2020,2020-09-26,,Molde,Sandefjord,0,1,A,,,,,,,,,,,,,,,,,,,,0.7042,0.1723,0.1235,1,,,,1.4,5.71,8.5,,,,,-1.0224,1,7,1.7143,0.1811,-0.069,0,0,,,,-0.0271,,,,,,,,,,,
spelad,NO,2020,2020-09-26,,Stromsgodset,Sarpsborg 08,0,0,D,,,,,,,,,,,,,,,,,,,,0.4136,0.2681,0.3183,1,,,,2.4,3.72,3.1,,,,,-0.2954,-1,15,1,0.2615,0.1493,0,0,,,,-0.0022,,,,,,,,,,,
spelad,NO,2020,2020-09-27,,Aalesund,Rosenborg,1,2,A,,,,,,,,,,,,,,,,,,,,0.2167,0.2323,0.551,1,,,,5.23,4.45,1.81,,,,,-0.8609,0,11,-1.3636,-0.1424,0.1588,0,0,,,,-0.0281,,,,,,,,,,,
spelad,NO,2020,2020-09-27,,Bodo/Glimt,Valerenga,2,0,H,,,,,,,,,,,,,,,,,,,,0.5913,0.2132,0.1955,1,,,,1.7,4.86,5.15,,,,,0.199,-1,11,0.2727,0.0139,0.3024,0,0,,,,-0.0331,,,,,,,,,,,
spelad,NO,2020,2020-09-27,,Haugesund,Odd,4,4,D,,,,,,,,,,,,,,,,,,,,0.3751,0.283,0.342,1,,,,2.61,3.55,2.87,,,,,-0.9247,0,15,-0.4,0.0769,-0.0647,0,0,,,,-0.0053,,,,,,,,,,,
spelad,NO,2020,2020-09-27,,Kristiansund,Brann,1,1,D,,,,,,,,,,,,,,,,,,,,0.5081,0.2245,0.2674,1,,,,1.94,4.3,4,,,,,1.184,0,7,0.8571,0.8954,-0.1194,0,0,,,,0.0208,,,,,,,,,,,
spelad,NO,2020,2020-09-27,,Mjondalen,Viking,1,2,A,,,,,,,,,,,,,,,,,,,,0.2966,0.2558,0.4476,1,,,,3.4,3.78,2.18,,,,,-0.5385,1,5,-0.6,-0.1852,0.1486,0,0,,,,-0.007,,,,,,,,,,,
spelad,NO,2020,2020-09-27,,Stabaek,Start,2,0,H,,,,,,,,,,,,,,,,,,,,0.5013,0.2622,0.2365,1,,,,2.04,3.78,4.15,,,,,-0.3476,0,9,0.3333,0.0013,-0.0246,0,0,,,,-0.0163,,,,,,,,,,,
spelad,NO,2020,2020-10-03,,Sarpsborg 08,Stabaek,4,0,H,,,,,,,,,,,,,,,,,,,,0.5166,0.2556,0.2278,1,,,,1.95,3.99,4.5,,,,,0.463,1,13,0,-0.2809,0.2725,0,0,,,,-0.023,,,,,,,,,,,
spelad,NO,2020,2020-10-03,,Valerenga,Mjondalen,4,1,H,,,,,,,,,,,,,,,,,,,,0.6928,0.1892,0.118,1,,,,1.4,5.4,9,,,,,0.5685,0,5,1.8,0.8633,-0.2546,0,0,,,,0.0071,,,,,,,,,,,
spelad,NO,2020,2020-10-04,,Aalesund,Kristiansund,1,2,A,,,,,,,,,,,,,,,,,,,,0.258,0.2407,0.5013,1,,,,3.75,4.15,1.98,,,,,-1.3119,0,3,-1,-0.7663,0.3851,0,0,,,,0.0228,,,,,,,,,,,
spelad,NO,2020,2020-10-04,,Bodo/Glimt,Sandefjord,2,1,H,,,,,,,,,,,,,,,,,,,,0.7605,0.1486,0.0909,1,,,,1.28,6.89,12.04,,,,,-0.0092,-1,5,0.6,-0.1554,0.1643,0,0,,,,-0.0147,,,,,,,,,,,
spelad,NO,2020,2020-10-04,,Brann,Molde,1,2,A,,,,,,,,,,,,,,,,,,,,0.3172,0.245,0.4378,1,,,,3.05,4.04,2.69,,,,,0.8396,-1,13,-0.6923,-0.0115,-0.0958,0,0,,,,0.0184,,,,,,,,,,,
spelad,NO,2020,2020-10-04,,Rosenborg,Odd,4,1,H,,,,,,,,,,,,,,,,,,,,0.5386,0.2351,0.2263,1,,,,1.83,4.2,4.4,,,,,-0.259,0,16,0.9375,0.1709,-0.0612,0,0,,,,-0.0226,,,,,,,,,,,
spelad,NO,2020,2020-10-04,,Start,Haugesund,5,1,H,,,,,,,,,,,,,,,,,,,,0.3329,0.2857,0.3814,1,,,,3,3.5,2.6,,,,,0.2484,0,11,-1.3636,-0.3622,-0.2571,0,0,,,,-0.0032,,,,,,,,,,,
spelad,NO,2020,2020-10-04,,Viking,Stromsgodset,2,2,D,,,,,,,,,,,,,,,,,,,,0.5145,0.2303,0.2552,1,,,,1.93,4.37,3.93,,,,,0.8221,-1,13,-0.6923,-0.2301,0.0489,0,0,,,,-0.0277,,,,,,,,,,,
spelad,NO,2020,2020-10-17,,Mjondalen,Brann,2,0,H,,,,,,,,,,,,,,,,,,,,0.3151,0.2607,0.4242,1,,,,3.25,3.75,2.36,,,,,-0.0096,1,5,1.8,1.1995,0.152,0,0,,,,0.0096,,,,,,,,,,,
spelad,NO,2020,2020-10-17,,Molde,Bodo/Glimt,4,2,H,,,,,,,,,,,,,,,,,,,,0.5704,0.206,0.2237,1,,,,1.71,4.78,4.55,,,,,-1.4182,0,11,0.5455,-0.1409,-0.129,0,0,,,,-0.0062,,,,,,,,,,,
spelad,NO,2020,2020-10-18,,Haugesund,Sarpsborg 08,2,0,H,,,,,,,,,,,,,,,,,,,,0.4118,0.2923,0.2959,1,,,,2.4,3.5,3.27,,,,,-0.8369,-1,15,-0.4,-0.2207,0.1978,0,0,,,,0.0152,,,,,,,,,,,
spelad,NO,2020,2020-10-18,,Kristiansund,Rosenborg,0,0,D,,,,,,,,,,,,,,,,,,,,0.2814,0.2554,0.4632,1,,,,3.44,3.9,2.14,,,,,-0.2096,0,7,-1.2857,-0.0983,0.3507,0,0,,,,0.0103,,,,,,,,,,,
spelad,NO,2020,2020-10-18,,Sandefjord,Valerenga,0,3,A,,,,,,,,,,,,,,,,,,,,0.2294,0.2596,0.511,1,,,,4.33,3.75,1.97,,,,,0.274,-1,7,-0.8571,0.1412,-0.0918,0,0,,,,0.0221,,,,,,,,,,,
spelad,NO,2020,2020-10-18,,Stabaek,Aalesund,4,0,H,,,,,,,,,,,,,,,,,,,,0.5269,0.2524,0.2207,1,,,,1.88,4,4.37,,,,,0.7136,1,10,-0.3,-0.199,0.0454,0,0,,,,-0.0206,,,,,,,,,,,
spelad,NO,2020,2020-10-18,,Stromsgodset,Start,1,1,D,,,,,,,,,,,,,,,,,,,,0.5184,0.2369,0.2447,1,,,,1.9,4.2,4.01,,,,,-0.3977,0,11,1.6364,0.1836,0.2293,0,0,,,,-0.0171,,,,,,,,,,,
spelad,NO,2020,2020-10-24,,Brann,Stabaek,1,1,D,,,,,,,,,,,,,,,,,,,,0.4716,0.2627,0.2656,1,,,,2.14,3.76,3.64,,,,,-0.8815,1,11,1.3636,0.4142,-0.077,0,0,,,,-0.0169,,,,,,,,,,,
spelad,NO,2020,2020-10-24,,Start,Sandefjord,0,1,A,,,,,,,,,,,,,,,,,,,,0.4903,0.2736,0.2361,1,,,,1.98,3.75,4.12,,,,,0.2205,0,5,-1.2,-0.7357,-0.0651,0,0,,,,-0.0018,,,,,,,,,,,
spelad,NO,2020,2020-10-25,,Aalesund,Odd,0,3,A,,,,,,,,,,,,,,,,,,,,0.2569,0.2373,0.5057,1,,,,3.93,4.24,1.95,,,,,-1.2439,-7,12,-1,-0.1041,-0.077,0,0,,,,-0.0149,,,,,,,,,,,
spelad,NO,2020,2020-10-25,,Bodo/Glimt,Mjondalen,2,0,H,,,,,,,,,,,,,,,,,,,,0.7576,0.1534,0.089,1,,,,1.3,6.76,11,,,,,0.9197,0,5,2.4,0.8817,-0.0308,0,0,,,,-0.0323,,,,,,,,,,,
spelad,NO,2020,2020-10-25,,Molde,Stromsgodset,2,1,H,,,,,,,,,,,,,,,,,,,,0.7398,0.1551,0.1051,1,,,,1.34,6.5,11.25,,,,,-0.545,1,15,0.8,0.1972,-0.0507,0,0,,,,-0.0125,,,,,,,,,,,
spelad,NO,2020,2020-10-25,,Sarpsborg 08,Rosenborg,1,2,A,,,,,,,,,,,,,,,,,,,,0.2659,0.2839,0.4502,1,,,,3.64,3.58,2.2,,,,,-0.0683,0,15,-1.8,-0.3724,0.0309,0,0,,,,0.025,,,,,,,,,,,
spelad,NO,2020,2020-10-25,,Valerenga,Kristiansund,1,1,D,,,,,,,,,,,,,,,,,,,,0.5877,0.2156,0.1967,1,,,,1.66,4.54,5.5,,,,,-0.0242,0,7,0,-0.3925,0.1778,0,0,,,,0.0107,,,,,,,,,,,
spelad,NO,2020,2020-10-27,,Viking,Haugesund,0,1,A,,,,,,,,,,,,,,,,,,,,0.4133,0.2643,0.3224,1,,,,2.35,3.7,3.08,,,,,0.7881,7,14,-0.2143,-0.2369,0.0897,0,0,,,,-0.006,,,,,,,,,,,
spelad,NO,2020,2020-10-31,,Haugesund,Aalesund,0,1,A,,,,,,,,,,,,,,,,,,,,0.6589,0.2042,0.1368,1,,,,1.5,4.8,7.03,,,,,1.3243,-2,12,0,0.0537,-0.1021,0,0,,,,-0.0311,,,,,,,,,,,
spelad,NO,2020,2020-10-31,,Odd,Sarpsborg 08,1,1,D,,,,,,,,,,,,,,,,,,,,0.5302,0.2449,0.2249,1,,,,1.98,3.95,4.48,,,,,0.2995,0,15,0.2,-0.1078,0.1346,0,0,,,,-0.0229,,,,,,,,,,,
spelad,NO,2020,2020-11-01,,Kristiansund,Bodo/Glimt,2,3,A,,,,,,,,,,,,,,,,,,,,0.2869,0.2297,0.4834,1,,,,3.4,4.33,2.19,,,,,-0.2137,0,5,-2.4,-0.7651,-0.0235,0,0,,,,0.0136,,,,,,,,,,,
spelad,NO,2020,2020-11-01,,Mjondalen,Molde,1,3,A,,,,,,,,,,,,,,,,,,,,0.2043,0.2404,0.5553,1,,,,5,4.35,1.77,,,,,-0.236,0,5,-3,-0.7384,-0.21,0,0,,,,0.0105,,,,,,,,,,,
spelad,NO,2020,2020-11-01,,Rosenborg,Start,1,0,H,,,,,,,,,,,,,,,,,,,,0.7167,0.1772,0.1061,1,,,,1.4,5.5,9.05,,,,,0.3886,-1,11,2.4545,0.5419,-0.0181,0,0,,,,-0.0526,,,,,,,,,,,
spelad,NO,2020,2020-11-01,,Sandefjord,Brann,3,3,D,,,,,,,,,,,,,,,,,,,,0.2962,0.2882,0.4156,1,,,,3.27,3.5,2.46,,,,,0.8817,0,5,-2.4,-0.602,-0.05,0,0,,,,0.0253,,,,,,,,,,,
spelad,NO,2020,2020-11-01,,Stabaek,Viking,1,1,D,,,,,,,,,,,,,,,,,,,,0.4628,0.2467,0.2905,1,,,,2.15,4,3.4,,,,,-0.4129,3,11,-0.5455,-0.1807,0.2032,0,0,,,,-0.0123,,,,,,,,,,,
spelad,NO,2020,2020-11-01,,Stromsgodset,Valerenga,0,2,A,,,,,,,,,,,,,,,,,,,,0.3173,0.2408,0.4419,1,,,,3.18,4.05,2.35,,,,,-0.7294,0,15,0.4,0.0756,-0.0445,0,0,,,,0.0249,,,,,,,,,,,
spelad,NO,2020,2020-11-04,,Odd,Viking,3,0,H,,,,,,,,,,,,,,,,,,,,0.5671,0.2247,0.2082,1,,,,1.78,4.5,4.7,,,,,-0.6843,1,13,0.2308,0.0072,0.0488,0,0,,,,-0.0099,,,,,,,,,,,
spelad,NO,2020,2020-11-07,,Brann,Haugesund,1,2,A,,,,,,,,,,,,,,,,,,,,0.4417,0.2687,0.2896,1,,,,2.24,3.61,3.4,,,,,-0.6469,-1,13,0.4615,0.0953,-0.0421,0,0,,,,-0.0174,,,,,,,,,,,
spelad,NO,2020,2020-11-07,,Mjondalen,Stromsgodset,3,0,H,,,,,,,,,,,,,,,,,,,,0.3182,0.2788,0.403,1,,,,3.05,3.56,2.48,,,,,-0.1448,0,5,-0.6,-0.1013,0.1432,0,0,,,,0.0164,,,,,,,,,,,
spelad,NO,2020,2020-11-08,,Bodo/Glimt,Aalesund,7,0,H,,,,,,,,,,,,,,,,,,,,0.829,0.1058,0.0652,1,,,,1.17,9.5,20,,,,,1.3029,-1,7,-0.8571,-0.485,-0.1011,0,0,,,,-0.0045,,,,,,,,,,,
spelad,NO,2020,2020-11-08,,Molde,Kristiansund,2,2,D,,,,,,,,,,,,,,,,,,,,0.6437,0.1991,0.1572,1,,,,1.54,5,6.4,,,,,-0.0883,0,7,0,-0.4074,-0.103,0,0,,,,-0.0234,,,,,,,,,,,
spelad,NO,2020,2020-11-08,,Sandefjord,Stabaek,0,0,D,,,,,,,,,,,,,,,,,,,,0.3004,0.2967,0.403,1,,,,3.25,3.4,2.48,,,,,0.1633,0,7,-1.2857,-0.2984,0.0291,0,0,,,,0.0167,,,,,,,,,,,
spelad,NO,2020,2020-11-08,,Start,Sarpsborg 08,3,2,H,,,,,,,,,,,,,,,,,,,,0.351,0.2792,0.3698,1,,,,2.81,3.54,2.62,,,,,-0.2835,-1,11,-1.3636,-0.4407,-0.0693,0,0,,,,-0.006,,,,,,,,,,,
spelad,NO,2020,2020-11-08,,Valerenga,Odd,2,0,H,,,,,,,,,,,,,,,,,,,,0.5193,0.2373,0.2433,1,,,,1.91,4.07,4.01,,,,,0.1669,3,15,-0.4,-0.0338,-0.0609,0,0,,,,-0.0218,,,,,,,,,,,
spelad,NO,2020,2020-11-08,,Viking,Rosenborg,3,0,H,,,,,,,,,,,,,,,,,,,,0.2312,0.2211,0.5477,1,,,,4.33,4.38,1.8,,,,,-0.0434,-3,13,-2.3077,-0.605,0.0077,0,0,,,,0.0146,,,,,,,,,,,
spelad,NO,2020,2020-11-21,,Aalesund,Valerenga,1,1,D,,,,,,,,,,,,,,,,,,,,0.1149,0.1724,0.7126,1,,,,9.45,5.8,1.38,,,,,-1.1374,0,11,0.2727,0.3527,-0.0613,0,0,,,,0.0176,,,,,,,,,,,
spelad,NO,2020,2020-11-21,,Stabaek,Molde,0,3,A,,,,,,,,,,,,,,,,,,,,0.2634,0.2557,0.4809,1,,,,3.96,3.89,2.06,,,,,0.377,0,13,-1.1538,-0.0339,-0.0731,0,0,,,,0.0052,,,,,,,,,,,
spelad,NO,2020,2020-11-22,,Haugesund,Sandefjord,3,2,H,,,,,,,,,,,,,,,,,,,,0.5383,0.2745,0.1871,1,,,,1.82,3.7,5.15,,,,,-0.6697,1,7,2.1429,0.9027,-0.2696,0,0,,,,-0.0239,,,,,,,,,,,
spelad,NO,2020,2020-11-22,,Kristiansund,Mjondalen,1,0,H,,,,,,,,,,,,,,,,,,,,0.5636,0.2459,0.1905,1,,,,1.73,4.1,5.1,,,,,0.1871,-1,3,2,0.9245,0.0462,0,0,,,,-0.0126,,,,,,,,,,,
spelad,NO,2020,2020-11-22,,Odd,Start,1,2,A,,,,,,,,,,,,,,,,,,,,0.5779,0.2271,0.195,1,,,,1.67,4.5,5.2,,,,,-0.0948,0,11,2.1818,0.7683,-0.1533,0,0,,,,0.01,,,,,,,,,,,
spelad,NO,2020,2020-11-22,,Sarpsborg 08,Viking,1,2,A,,,,,,,,,,,,,,,,,,,,0.4337,0.2724,0.2939,1,,,,2.24,3.73,3.4,,,,,-0.3289,0,13,-0.9231,-0.4252,-0.025,0,0,,,,0.008,,,,,,,,,,,
spelad,NO,2020,2020-11-22,,Stromsgodset,Bodo/Glimt,1,2,A,,,,,,,,,,,,,,,,,,,,0.2636,0.2259,0.5105,1,,,,3.94,4.57,1.91,,,,,-1.2171,1,11,0.5455,0.2305,-0.1273,0,0,,,,-0.0281,,,,,,,,,,,
spelad,NO,2020,2020-11-24,,Rosenborg,Brann,2,3,A,,,,,,,,,,,,,,,,,,,,0.5909,0.2304,0.1787,1,,,,1.67,4.33,5.5,,,,,1.1939,-1,13,1.6154,0.5282,-0.0923,0,0,,,,-0.0223,,,,,,,,,,,
spelad,NO,2020,2020-11-28,,Brann,Aalesund,3,1,H,,,,,,,,,,,,,,,,,,,,0.7446,0.165,0.0904,1,,,,1.37,6,10.63,,,,,-0.2923,-3,9,1.6667,0.5877,0.1901,0,0,,,,-0.0413,,,,,,,,,,,
spelad,NO,2020,2020-11-28,,Viking,Start,4,1,H,,,,,,,,,,,,,,,,,,,,0.4458,0.2566,0.2976,1,,,,2.2,4.05,3.56,,,,,0.2127,0,9,2,0.7135,-0.13,0,0,,,,0.0108,,,,,,,,,,,
spelad,NO,2020,2020-11-29,,Bodo/Glimt,Rosenborg,5,1,H,,,,,,,,,,,,,,,,,,,,0.4379,0.2438,0.3183,1,,,,2.25,4.13,3.25,,,,,0.5317,2,11,-0.2727,0.3393,0.1409,0,0,,,,0.0076,,,,,,,,,,,
spelad,NO,2020,2020-11-29,,Kristiansund,Stromsgodset,2,1,H,,,,,,,,,,,,,,,,,,,,0.488,0.2459,0.2662,1,,,,2.03,4.1,3.76,,,,,1.0341,0,7,0.8571,0.8097,-0.1152,0,0,,,,-0.0083,,,,,,,,,,,
spelad,NO,2020,2020-11-29,,Mjondalen,Stabaek,0,1,A,,,,,,,,,,,,,,,,,,,,0.3518,0.3052,0.343,1,,,,2.76,3.4,2.92,,,,,0.0617,-1,5,-1.2,-0.3403,-0.0672,0,0,,,,0.0066,,,,,,,,,,,
spelad,NO,2020,2020-11-29,,Molde,Haugesund,3,1,H,,,,,,,,,,,,,,,,,,,,0.6788,0.1916,0.1296,1,,,,1.46,5.15,7.5,,,,,-0.0369,1,15,0.6,-0.2481,0.1564,0,0,,,,-0.0296,,,,,,,,,,,
spelad,NO,2020,2020-11-29,,Valerenga,Sarpsborg 08,1,1,D,,,,,,,,,,,,,,,,,,,,0.6169,0.2248,0.1583,1,,,,1.62,4.33,6.1,,,,,0.7395,1,15,0,-0.1265,0.0693,0,0,,,,-0.0391,,,,,,,,,,,
spelad,NO,2020,2020-12-02,,Aalesund,Sandefjord,0,1,A,,,,,,,,,,,,,,,,,,,,0.3302,0.2733,0.3965,1,,,,3.3,3.65,2.46,,,,,-0.4049,-6,5,0.6,0.2642,-0.258,0,0,,,,-0.0407,,,,,,,,,,,
spelad,NO,2020,2020-12-02,,Haugesund,Mjondalen,1,1,D,,,,,,,,,,,,,,,,,,,,0.4537,0.2893,0.257,1,,,,2.15,3.63,3.88,,,,,0.3992,0,5,-0.6,-0.5665,0.1268,0,0,,,,0.0065,,,,,,,,,,,
spelad,NO,2020,2020-12-02,,Sarpsborg 08,Kristiansund,1,1,D,,,,,,,,,,,,,,,,,,,,0.3494,0.2881,0.3625,1,,,,2.77,3.53,2.85,,,,,-0.7581,0,7,-1.2857,-0.9219,0.0237,0,0,,,,0.0193,,,,,,,,,,,
spelad,NO,2020,2020-12-02,,Stabaek,Valerenga,1,1,D,,,,,,,,,,,,,,,,,,,,0.2632,0.2632,0.4735,1,,,,3.67,3.78,2.12,,,,,0.0584,0,13,0.4615,0.4142,0.1278,0,0,,,,0.0221,,,,,,,,,,,
spelad,NO,2020,2020-12-02,,Start,Bodo/Glimt,1,1,D,,,,,,,,,,,,,,,,,,,,0.2585,0.2188,0.5227,1,,,,4.05,4.6,1.86,,,,,-0.5566,1,9,-0.6667,-0.0556,-0.1274,0,0,,,,-0.0407,,,,,,,,,,,
spelad,NO,2020,2020-12-02,,Viking,Brann,2,0,H,,,,,,,,,,,,,,,,,,,,0.4627,0.237,0.3003,1,,,,2.1,4.27,3.46,,,,,0.7777,0,11,-0.2727,-0.1266,-0.0748,0,0,,,,0.0261,,,,,,,,,,,
spelad,NO,2020,2020-12-06,,Bodo/Glimt,Stabaek,5,2,H,,,,,,,,,,,,,,,,,,,,0.7581,0.1423,0.0996,1,,,,1.33,6.71,10.5,,,,,0.5373,0,11,-0.5455,-0.4601,0.2088,0,0,,,,-0.0398,,,,,,,,,,,
spelad,NO,2020,2020-12-06,,Brann,Sarpsborg 08,1,1,D,,,,,,,,,,,,,,,,,,,,0.5107,0.2689,0.2204,1,,,,1.96,3.62,4.44,,,,,0.0181,0,13,0.2308,0.0537,-0.1154,0,0,,,,-0.0265,,,,,,,,,,,
spelad,NO,2020,2020-12-06,,Mjondalen,Start,1,0,H,,,,,,,,,,,,,,,,,,,,0.3586,0.2704,0.371,1,,,,2.74,3.6,2.72,,,,,-0.3388,0,3,-1,-0.6803,0.3923,0,0,,,,0.0002,,,,,,,,,,,
spelad,NO,2020,2020-12-06,,Molde,Aalesund,2,1,H,,,,,,,,,,,,,,,,,,,,0.8505,0.0943,0.0552,1,,,,1.15,11,26,,,,,0.6216,3,11,2.4545,0.8333,-0.2303,0,0,,,,-0.0054,,,,,,,,,,,
spelad,NO,2020,2020-12-06,,Sandefjord,Viking,2,2,D,,,,,,,,,,,,,,,,,,,,0.3768,0.2632,0.36,1,,,,2.65,3.7,2.72,,,,,-0.0042,0,5,-0.6,0.1944,-0.2355,0,0,,,,-0.0043,,,,,,,,,,,
spelad,NO,2020,2020-12-06,,Stromsgodset,Haugesund,2,2,D,,,,,,,,,,,,,,,,,,,,0.4969,0.2404,0.2627,1,,,,2,4.02,3.84,,,,,-0.9852,3,15,0.6,0.0678,-0.1118,0,0,,,,-0.0243,,,,,,,,,,,
spelad,NO,2020,2020-12-07,,Valerenga,Rosenborg,1,0,H,,,,,,,,,,,,,,,,,,,,0.4051,0.2806,0.3143,1,,,,2.4,3.64,3.17,,,,,0.2423,-3,15,-2,-0.5207,0.0988,0,0,,,,-0.0009,,,,,,,,,,,
spelad,NO,2020,2020-12-09,,Aalesund,Stromsgodset,1,4,A,,,,,,,,,,,,,,,,,,,,0.182,0.2111,0.6068,1,,,,5.5,4.75,1.66,,,,,0.677,0,11,-0.2727,0.3563,-0.0516,0,0,,,,0.0032,,,,,,,,,,,
spelad,NO,2020,2020-12-09,,Haugesund,Bodo/Glimt,0,4,A,,,,,,,,,,,,,,,,,,,,0.2219,0.215,0.5632,1,,,,4.5,4.53,1.72,,,,,-0.1415,0,11,0.2727,0.245,-0.0673,0,0,,,,-0.0044,,,,,,,,,,,
spelad,NO,2020,2020-12-09,,Kristiansund,Odd,4,3,H,,,,,,,,,,,,,,,,,,,,0.5435,0.232,0.2245,1,,,,1.82,4.25,4.55,,,,,0.5213,-7,7,-0.8571,-0.2256,0.1642,0,0,,,,0.0074,,,,,,,,,,,
spelad,NO,2020,2020-12-09,,Sarpsborg 08,Sandefjord,0,0,D,,,,,,,,,,,,,,,,,,,,0.4418,0.3193,0.2389,1,,,,2.21,3.23,4.22,,,,,-0.7114,0,7,0.8571,0.0917,-0.1168,0,0,,,,0.0106,,,,,,,,,,,
spelad,NO,2020,2020-12-09,,Start,Brann,1,1,D,,,,,,,,,,,,,,,,,,,,0.4582,0.2671,0.2747,1,,,,2.11,3.95,3.65,,,,,0.3202,0,9,-1.3333,-0.375,0.0921,0,0,,,,0.0142,,,,,,,,,,,
spelad,NO,2020,2020-12-10,,Rosenborg,Mjondalen,1,0,H,,,,,,,,,,,,,,,,,,,,0.6698,0.2035,0.1267,1,,,,1.5,5,8,,,,,-0.6812,-1,5,1.8,0.3615,-0.2207,0,0,,,,-0.0005,,,,,,,,,,,
spelad,NO,2020,2020-12-10,,Viking,Valerenga,2,2,D,,,,,,,,,,,,,,,,,,,,0.3418,0.25,0.4082,1,,,,2.96,3.9,2.42,,,,,0.3245,1,13,-0.2308,-0.1595,0.0493,0,0,,,,0.0095,,,,,,,,,,,
spelad,NO,2020,2020-12-13,,Rosenborg,Molde,3,1,H,,,,,,,,,,,,,,,,,,,,0.4645,0.2497,0.2858,1,,,,2.16,4,3.45,,,,,-1.2063,-4,15,-0.2,-0.1791,-0.1141,0,0,,,,-0.0046,,,,,,,,,,,
spelad,NO,2020,2020-12-13,,Sandefjord,Odd,1,1,D,,,,,,,,,,,,,,,,,,,,0.2337,0.2501,0.5162,1,,,,4.13,4,2.05,,,,,0.5675,0,7,-1.2857,-0.1211,0.0404,0,0,,,,0.0422,,,,,,,,,,,
spelad,NO,2020,2020-12-13,,Stabaek,Kristiansund,2,2,D,,,,,,,,,,,,,,,,,,,,0.3023,0.2733,0.4243,1,,,,3.4,3.6,2.31,,,,,-0.2946,3,7,-0.4286,-0.0528,-0.2563,0,0,,,,-0.0011,,,,,,,,,,,
spelad,NO,2020,2020-12-16,,Odd,Molde,1,4,A,,,,,,,,,,,,,,,,,,,,0.3677,0.2486,0.3837,1,,,,2.65,3.96,2.6,,,,,-0.8818,0,15,-0.2,0.0895,0.1456,0,0,,,,-0.0048,,,,,,,,,,,
spelad,NO,2020,2020-12-19,,Bodo/Glimt,Viking,3,0,H,,,,,,,,,,,,,,,,,,,,0.7605,0.1304,0.1091,1,,,,1.28,7.5,10,,,,,0.0941,1,9,0.3333,0.4113,-0.2367,0,0,,,,-0.0012,,,,,,,,,,,
spelad,NO,2020,2020-12-19,,Molde,Sarpsborg 08,5,0,H,,,,,,,,,,,,,,,,,,,,0.7425,0.1557,0.1018,1,,,,1.39,6.5,12,,,,,1.0105,-7,15,0,-0.4615,0.097,0,0,,,,-0.0235,,,,,,,,,,,
spelad,NO,2020,2020-12-19,,Odd,Stromsgodset,1,3,A,,,,,,,,,,,,,,,,,,,,0.3315,0.2384,0.4302,1,,,,2.98,4.06,2.4,,,,,0.1584,-7,15,0,0.1044,-0.0622,0,0,,,,0.0455,,,,,,,,,,,
spelad,NO,2020,2020-12-22,,Brann,Odd,2,1,H,,,,,,,,,,,,,,,,,,,,0.5064,0.2342,0.2593,1,,,,2.02,4.2,3.8,,,,,0.622,7,13,0.6923,0.4547,-0.115,0,0,,,,-0.0258,,,,,,,,,,,
spelad,NO,2020,2020-12-22,,Kristiansund,Haugesund,1,3,A,,,,,,,,,,,,,,,,,,,,0.6166,0.2069,0.1765,1,,,,1.58,4.8,5.75,,,,,0.1977,-4,7,0.8571,0.5345,0.1526,0,0,,,,-0.0094,,,,,,,,,,,
spelad,NO,2020,2020-12-22,,Mjondalen,Aalesund,3,0,H,,,,,,,,,,,,,,,,,,,,0.7533,0.1495,0.0972,1,,,,1.29,6.6,11,,,,,0.0604,-1,3,-1,-0.4789,-0.2633,0,0,,,,-0.0146,,,,,,,,,,,
spelad,NO,2020,2020-12-22,,Sandefjord,Rosenborg,0,0,D,,,,,,,,,,,,,,,,,,,,0.1658,0.2456,0.5886,1,,,,6.55,4.2,1.66,,,,,0.5089,0,7,-2.5714,-0.3375,-0.03,0,0,,,,0.0015,,,,,,,,,,,
spelad,NO,2020,2020-12-22,,Stromsgodset,Stabaek,0,4,A,,,,,,,,,,,,,,,,,,,,0.4018,0.2421,0.356,1,,,,2.45,4,3.26,,,,,-0.2811,-6,13,-1.3846,-0.8861,-0.0213,0,0,,,,0.0202,,,,,,,,,,,
spelad,NO,2020,2020-12-22,,Valerenga,Start,4,0,H,,,,,,,,,,,,,,,,,,,,0.5815,0.2378,0.1808,1,,,,1.71,4.4,5.57,,,,,0.1466,-1,11,0.8182,0.1795,-0.0625,0,0,,,,-0.0209,,,,,,,,,,,
spelad,NO,2021,2021-05-09,,Bodo/Glimt,Tromso,3,0,H,,,,,,,,,,,,,,,,,,,,0.6544,0.1953,0.1504,1,,,,1.57,5,6.7,,,,,0.8622,,8,0.75,0.408,-0.249,-1,0,,,,-0.0197,,,,,,,,,,,
spelad,NO,2021,2021-05-09,,Molde,Kristiansund,2,0,H,,,,,,,,,,,,,,,,,,,,0.6864,0.1844,0.1292,1,,,,1.49,5.25,8,,,,,0.4688,,8,0,-0.4978,0.01,0,0,,,,-0.0539,,,,,,,,,,,
spelad,NO,2021,2021-05-09,,Valerenga,Rosenborg,1,1,D,,,,,,,,,,,,,,,,,,,,0.4546,0.2601,0.2853,1,,,,2.5,3.75,3.5,,,,,0.7625,,16,-1.6875,-0.3941,0.0751,0,0,,,,-0.0153,,,,,,,,,,,
spelad,NO,2021,2021-05-09,,Viking,Brann,3,1,H,,,,,,,,,,,,,,,,,,,,0.4587,0.2475,0.2938,1,,,,2.15,3.95,3.58,,,,,0.608,,11,0.2727,0.1172,-0.071,0,0,,,,0.0183,,,,,,,,,,,
spelad,NO,2021,2021-05-12,,Brann,Valerenga,0,3,A,,,,,,,,,,,,,,,,,,,,0.2976,0.2739,0.4285,1,,,,3.3,3.65,2.27,,,,,-0.0288,0,13,-1.6154,-0.8728,0.0434,0,0,,,,-0.0023,,,,,,,,,,,
spelad,NO,2021,2021-05-12,,Kristiansund,Bodo/Glimt,0,2,A,,,,,,,,,,,,,,,,,,,,0.2684,0.2706,0.461,1,,,,3.65,3.75,2.13,,,,,-0.6431,0,6,-2.5,-0.8193,-0.0579,0,0,,,,0.0157,,,,,,,,,,,
spelad,NO,2021,2021-05-13,,Rosenborg,Viking,5,0,H,,,,,,,,,,,,,,,,,,,,0.6066,0.2186,0.1749,1,,,,1.66,4.5,5.56,,,,,-1.5356,0,14,1.9286,0.4215,-0.0086,0,0,,,,-0.0376,,,,,,,,,,,
spelad,NO,2021,2021-05-13,,Tromso,Molde,3,3,D,,,,,,,,,,,,,,,,,,,,0.2195,0.2588,0.5217,1,,,,4.5,3.9,1.88,,,,,-0.5252,0,12,-1.75,-0.2913,-0.1454,1,0,,,,0.0065,,,,,,,,,,,
spelad,NO,2021,2021-05-16,,Bodo/Glimt,Rosenborg,2,2,D,,,,,,,,,,,,,,,,,,,,0.4573,0.258,0.2847,1,,,,2.3,3.82,3.45,,,,,1.1001,1,12,0,0.4312,0.1089,0,0,,,,-0.0099,,,,,,,,,,,
spelad,NO,2021,2021-05-16,,Molde,Brann,4,0,H,,,,,,,,,,,,,,,,,,,,0.7319,0.1647,0.1033,1,,,,1.35,6.2,10.2,,,,,0.4643,-1,13,1.1538,0.3232,-0.0945,0,0,,,,-0.0027,,,,,,,,,,,
spelad,NO,2021,2021-05-16,,Sandefjord,Mjondalen,0,3,A,,,,,,,,,,,,,,,,,,,,0.3538,0.3086,0.3377,1,,,,2.75,3.45,3.05,,,,,-0.0166,,4,2.25,1.2848,-0.0276,0,0,,,,0.0175,,,,,,,,,,,
spelad,NO,2021,2021-05-16,,Sarpsborg 08,Haugesund,0,0,D,,,,,,,,,,,,,,,,,,,,0.3937,0.2941,0.3122,1,,,,2.57,3.6,3.14,,,,,-0.6087,,15,0,-0.2033,0.194,0,0,,,,-0.0108,,,,,,,,,,,
spelad,NO,2021,2021-05-16,,Stromsgodset,Lillestrom,3,1,H,,,,,,,,,,,,,,,,,,,,0.3481,0.2795,0.3723,1,,,,2.81,3.61,2.75,,,,,-0.0943,,13,0.2308,-0.1027,0.0498,-1,0,,,,0.0117,,,,,,,,,,,
spelad,NO,2021,2021-05-16,,Valerenga,Kristiansund,1,2,A,,,,,,,,,,,,,,,,,,,,0.6366,0.2256,0.1378,1,,,,1.57,4.5,7.5,,,,,0.1163,0,8,0,-0.4658,0.2536,0,0,,,,-0.0242,,,,,,,,,,,
spelad,NO,2021,2021-05-16,,Viking,Tromso,0,1,A,,,,,,,,,,,,,,,,,,,,0.4968,0.2516,0.2516,1,,,,2.04,4.1,3.89,,,,,0.8393,0,10,0,0.003,-0.2573,-1,0,,,,-0.0193,,,,,,,,,,,
spelad,NO,2021,2021-05-19,,Stabaek,Odd,2,2,D,,,,,,,,,,,,,,,,,,,,0.4346,0.2695,0.2959,1,,,,2.45,3.7,3.7,,,,,0.9562,,14,-0.6429,0.1316,-0.1742,0,0,,,,0.0064,,,,,,,,,,,
spelad,NO,2021,2021-05-20,,Rosenborg,Brann,3,2,H,,,,,,,,,,,,,,,,,,,,0.6667,0.1985,0.1348,1,,,,1.46,5,7.3,,,,,0.2996,0,13,1.1538,0.3111,-0.0951,0,0,,,,-0.0067,,,,,,,,,,,
spelad,NO,2021,2021-05-24,,Brann,Bodo/Glimt,1,2,A,,,,,,,,,,,,,,,,,,,,0.2119,0.2252,0.5629,1,,,,4.7,4.34,1.75,,,,,-1.0797,-4,10,0,0.0386,-0.0542,0,0,,,,0.0118,,,,,,,,,,,
spelad,NO,2021,2021-05-24,,Haugesund,Stabaek,0,0,D,,,,,,,,,,,,,,,,,,,,0.4809,0.2744,0.2447,1,,,,2.05,3.65,4.07,,,,,0.2887,3,14,1.2857,0.5139,0.0189,0,0,,,,-0.0205,,,,,,,,,,,
spelad,NO,2021,2021-05-24,,Kristiansund,Stromsgodset,1,0,H,,,,,,,,,,,,,,,,,,,,0.4833,0.2676,0.2491,1,,,,2.05,3.87,3.95,,,,,0.2218,0,8,1.125,0.8697,-0.1316,0,0,,,,-0.0152,,,,,,,,,,,
spelad,NO,2021,2021-05-24,,Lillestrom,Viking,1,3,A,,,,,,,,,,,,,,,,,,,,0.4329,0.2683,0.2988,1,,,,2.27,3.65,3.3,,,,,-0.7157,0,11,-0.8182,-0.2802,0.1066,1,0,,,,-0.004,,,,,,,,,,,
spelad,NO,2021,2021-05-24,,Mjondalen,Valerenga,1,1,D,,,,,,,,,,,,,,,,,,,,0.1954,0.2465,0.5581,1,,,,5.09,4.15,1.78,,,,,0.4873,0,6,-2,-0.5978,-0.2437,0,0,,,,0.0139,,,,,,,,,,,
spelad,NO,2021,2021-05-24,,Odd,Sarpsborg 08,1,1,D,,,,,,,,,,,,,,,,,,,,0.4192,0.2956,0.2852,1,,,,2.4,3.44,3.41,,,,,-0.4846,-3,16,0.1875,-0.1533,0.1734,0,0,,,,-0.0135,,,,,,,,,,,
spelad,NO,2021,2021-05-24,,Rosenborg,Molde,2,3,A,,,,,,,,,,,,,,,,,,,,0.3699,0.2629,0.3671,1,,,,2.72,3.75,2.7,,,,,-0.1704,-4,15,0,-0.0124,-0.1834,0,0,,,,0.0074,,,,,,,,,,,
spelad,NO,2021,2021-05-24,,Tromso,Sandefjord,1,3,A,,,,,,,,,,,,,,,,,,,,0.5881,0.2469,0.165,1,,,,1.68,4,6.16,,,,,0.1424,0,6,-0.5,-0.7269,0.2454,1,0,,,,-0.0323,,,,,,,,,,,
spelad,NO,2021,2021-05-27,,Bodo/Glimt,Haugesund,2,0,H,,,,,,,,,,,,,,,,,,,,0.6584,0.2042,0.1375,1,,,,1.48,5,7.5,,,,,0.4797,0,12,0,-0.0716,-0.0796,0,0,,,,0.0032,,,,,,,,,,,
spelad,NO,2021,2021-05-27,,Lillestrom,Odd,1,0,H,,,,,,,,,,,,,,,,,,,,0.3954,0.2939,0.3108,1,,,,2.51,3.52,3.15,,,,,0.1895,0,13,-0.6923,-0.0361,-0.1025,1,0,,,,-0.0066,,,,,,,,,,,
spelad,NO,2021,2021-05-27,,Molde,Valerenga,2,3,A,,,,,,,,,,,,,,,,,,,,0.548,0.2315,0.2205,1,,,,1.83,4.25,4.42,,,,,0.5685,0,16,1.6875,0.5478,-0.0512,0,0,,,,-0.0292,,,,,,,,,,,
spelad,NO,2021,2021-05-27,,Sandefjord,Rosenborg,1,2,A,,,,,,,,,,,,,,,,,,,,0.2099,0.273,0.517,1,,,,5,3.85,1.92,,,,,0.0213,0,8,-2.25,-0.2632,0.068,0,0,,,,0.0178,,,,,,,,,,,
spelad,NO,2021,2021-05-27,,Sarpsborg 08,Kristiansund,0,1,A,,,,,,,,,,,,,,,,,,,,0.4426,0.2898,0.2675,1,,,,2.3,3.42,3.75,,,,,-0.4283,0,8,-1.125,-0.8487,0.1097,0,0,,,,-0.0352,,,,,,,,,,,
spelad,NO,2021,2021-05-27,,Stabaek,Brann,2,0,H,,,,,,,,,,,,,,,,,,,,0.4071,0.2749,0.318,1,,,,2.5,3.79,3.13,,,,,0.6167,0,12,-1.25,-0.3141,-0.0092,0,0,,,,0.0029,,,,,,,,,,,
spelad,NO,2021,2021-05-27,,Stromsgodset,Tromso,1,1,D,,,,,,,,,,,,,,,,,,,,0.4592,0.2562,0.2846,1,,,,2.25,3.8,3.5,,,,,0.2756,0,12,1,0.2392,-0.0865,-1,0,,,,-0.0213,,,,,,,,,,,
spelad,NO,2021,2021-05-27,,Viking,Mjondalen,2,1,H,,,,,,,,,,,,,,,,,,,,0.5331,0.2488,0.2181,1,,,,1.85,4,4.6,,,,,-0.0304,0,6,1,0.2641,0.0812,0,0,,,,-0.0068,,,,,,,,,,,
spelad,NO,2021,2021-05-30,,Brann,Stromsgodset,3,0,H,,,,,,,,,,,,,,,,,,,,0.4584,0.2648,0.2769,1,,,,2.23,3.75,3.61,,,,,-0.4439,0,13,0,-0.0364,0.1297,0,0,,,,-0.0216,,,,,,,,,,,
spelad,NO,2021,2021-05-30,,Haugesund,Viking,4,2,H,,,,,,,,,,,,,,,,,,,,0.4481,0.2724,0.2794,1,,,,2.33,3.67,3.48,,,,,-0.2803,0,13,0.2308,0.182,0.0421,0,0,,,,-0.0282,,,,,,,,,,,
spelad,NO,2021,2021-05-30,,Kristiansund,Lillestrom,1,0,H,,,,,,,,,,,,,,,,,,,,0.4695,0.2685,0.262,1,,,,2.11,3.7,3.75,,,,,0.8187,0,6,0.5,0.362,0.236,-1,0,,,,-0.0006,,,,,,,,,,,
spelad,NO,2021,2021-05-30,,Mjondalen,Molde,0,0,D,,,,,,,,,,,,,,,,,,,,0.2008,0.2406,0.5586,1,,,,5,4.24,1.76,,,,,-0.0324,0,6,-3,-0.7575,-0.2151,0,0,,,,0.0036,,,,,,,,,,,
spelad,NO,2021,2021-05-30,,Odd,Bodo/Glimt,1,0,H,,,,,,,,,,,,,,,,,,,,0.2562,0.2509,0.4929,1,,,,3.83,4,2,,,,,-1.6212,0,12,0.75,0.2409,-0.1511,0,0,,,,-0.0033,,,,,,,,,,,
spelad,NO,2021,2021-05-30,,Rosenborg,Stabaek,4,2,H,,,,,,,,,,,,,,,,,,,,0.673,0.1942,0.1328,1,,,,1.46,5,7.64,,,,,-0.2399,0,14,0.8571,-0.2494,0.0702,0,0,,,,-0.0157,,,,,,,,,,,
spelad,NO,2021,2021-05-30,,Tromso,Sarpsborg 08,0,2,A,,,,,,,,,,,,,,,,,,,,0.4811,0.2842,0.2347,1,,,,2.06,3.55,4.19,,,,,0.0663,0,11,-0.8182,-0.1806,-0.0777,1,0,,,,-0.0232,,,,,,,,,,,
spelad,NO,2021,2021-05-30,,Valerenga,Sandefjord,3,1,H,,,,,,,,,,,,,,,,,,,,0.7024,0.1853,0.1123,1,,,,1.39,5.27,9.5,,,,,0.0646,0,8,1.125,0.1077,-0.1127,0,0,,,,-0.0222,,,,,,,,,,,
spelad,NO,2021,2021-06-12,,Kristiansund,Odd,2,0,H,,,,,,,,,,,,,,,,,,,,0.4836,0.2715,0.2449,1,,,,2.1,3.65,4,,,,,0.8718,0,8,-0.375,-0.0552,0.1147,0,0,,,,-0.021,,,,,,,,,,,
spelad,NO,2021,2021-06-12,,Sandefjord,Molde,1,3,A,,,,,,,,,,,,,,,,,,,,0.2127,0.2513,0.536,1,,,,4.56,4.1,1.83,,,,,-0.2867,0,8,-1.125,0.209,-0.0819,0,0,,,,0.0162,,,,,,,,,,,
spelad,NO,2021,2021-06-13,,Bodo/Glimt,Mjondalen,2,0,H,,,,,,,,,,,,,,,,,,,,0.7275,0.1671,0.1054,1,,,,1.36,6,9.21,,,,,0.0899,0,6,2.5,0.8304,-0.0512,0,0,,,,-0.0281,,,,,,,,,,,
spelad,NO,2021,2021-06-13,,Lillestrom,Haugesund,2,1,H,,,,,,,,,,,,,,,,,,,,0.343,0.2908,0.3662,1,,,,2.87,3.4,2.7,,,,,-0.5292,0,13,0.4615,0.1338,0.2697,1,0,,,,0.0181,,,,,,,,,,,
spelad,NO,2021,2021-06-13,,Sarpsborg 08,Brann,0,0,D,,,,,,,,,,,,,,,,,,,,0.4195,0.2976,0.2829,1,,,,2.37,3.5,3.44,,,,,0.1564,0,13,0,0.1176,-0.0419,0,0,,,,-0.0196,,,,,,,,,,,
spelad,NO,2021,2021-06-13,,Stromsgodset,Rosenborg,2,1,H,,,,,,,,,,,,,,,,,,,,0.3059,0.25,0.4441,1,,,,3.25,3.9,2.23,,,,,-0.2401,0,16,-1.3125,-0.3504,0.204,0,0,,,,0.0001,,,,,,,,,,,
spelad,NO,2021,2021-06-13,,Viking,Valerenga,4,1,H,,,,,,,,,,,,,,,,,,,,0.3401,0.258,0.4019,1,,,,2.95,3.77,2.46,,,,,-0.1355,0,14,-0.2143,-0.1678,0.0994,0,0,,,,0.0013,,,,,,,,,,,
spelad,NO,2021,2021-06-14,,Stabaek,Tromso,0,3,A,,,,,,,,,,,,,,,,,,,,0.4214,0.2889,0.2897,1,,,,2.36,3.4,3.36,,,,,0.6643,0,10,0,-0.0375,0.1424,-1,0,,,,-0.0178,,,,,,,,,,,
spelad,NO,2021,2021-06-16,,Bodo/Glimt,Stromsgodset,7,2,H,,,,,,,,,,,,,,,,,,,,0.7003,0.1777,0.122,1,,,,1.4,5.75,8,,,,,0.1522,0,12,-0.25,0.0089,-0.1355,0,0,,,,-0.0193,,,,,,,,,,,
spelad,NO,2021,2021-06-16,,Molde,Sarpsborg 08,4,1,H,,,,,,,,,,,,,,,,,,,,0.6821,0.1965,0.1214,1,,,,1.44,5,8.2,,,,,0.3747,1,16,0.1875,-0.3941,0.0812,0,0,,,,-0.0167,,,,,,,,,,,
spelad,NO,2021,2021-06-16,,Valerenga,Odd,1,1,D,,,,,,,,,,,,,,,,,,,,0.5989,0.2327,0.1684,1,,,,1.65,4.25,5.78,,,,,0.586,-1,15,0,0.1166,-0.0586,0,0,,,,-0.0332,,,,,,,,,,,
spelad,NO,2021,2021-06-19,,Sandefjord,Viking,3,0,H,,,,,,,,,,,,,,,,,,,,0.3202,0.2674,0.4124,1,,,,3.12,3.76,2.4,,,,,-0.3986,1,6,-0.5,0.0964,-0.0734,0,0,,,,0.0163,,,,,,,,,,,
spelad,NO,2021,2021-06-20,,Brann,Odd,1,3,A,,,,,,,,,,,,,,,,,,,,0.4721,0.2607,0.2672,1,,,,2.18,3.75,3.64,,,,,-0.163,3,13,0.6923,0.4596,-0.1141,0,0,,,,-0.0284,,,,,,,,,,,
spelad,NO,2021,2021-06-20,,Haugesund,Kristiansund,3,0,H,,,,,,,,,,,,,,,,,,,,0.484,0.2672,0.2488,1,,,,2.23,3.67,4,,,,,-0.5829,-1,8,-0.375,-0.3183,0.1077,0,0,,,,-0.0488,,,,,,,,,,,
spelad,NO,2021,2021-06-20,,Mjondalen,Stromsgodset,1,1,D,,,,,,,,,,,,,,,,,,,,0.4173,0.277,0.3057,1,,,,2.46,3.6,3.26,,,,,0.2541,3,6,0,0.21,0.0729,0,0,,,,-0.0122,,,,,,,,,,,
spelad,NO,2021,2021-06-20,,Molde,Stabaek,2,1,H,,,,,,,,,,,,,,,,,,,,0.7284,0.1682,0.1034,1,,,,1.36,6,10,,,,,0.1836,-2,14,1.2857,0.1923,-0.0862,0,0,,,,-0.031,,,,,,,,,,,
spelad,NO,2021,2021-06-20,,Rosenborg,Sarpsborg 08,0,1,A,,,,,,,,,,,,,,,,,,,,0.6538,0.2189,0.1273,1,,,,1.54,4.43,7.6,,,,,0.3747,3,15,1.8,0.3981,0.022,0,0,,,,-0.0422,,,,,,,,,,,
spelad,NO,2021,2021-06-20,,Tromso,Lillestrom,1,2,A,,,,,,,,,,,,,,,,,,,,0.4677,0.2756,0.2567,1,,,,2.17,3.6,3.79,,,,,-0.0831,-1,12,-0.5,-0.2133,-0.0962,0,0,,,,-0.0223,,,,,,,,,,,
spelad,NO,2021,2021-06-20,,Valerenga,Bodo/Glimt,1,1,D,,,,,,,,,,,,,,,,,,,,0.4058,0.2536,0.3405,1,,,,2.5,3.84,2.95,,,,,-0.6281,0,12,-0.5,-0.3565,0.2594,0,0,,,,-0.0025,,,,,,,,,,,
spelad,NO,2021,2021-06-24,,Bodo/Glimt,Molde,0,2,A,,,,,,,,,,,,,,,,,,,,0.4961,0.2338,0.2701,1,,,,2.05,4.25,3.69,,,,,0.0983,0,12,-0.75,0.1743,-0.1354,0,0,,,,-0.0187,,,,,,,,,,,
spelad,NO,2021,2021-06-24,,Haugesund,Brann,1,0,H,,,,,,,,,,,,,,,,,,,,0.574,0.2315,0.1944,1,,,,1.75,4.2,5.25,,,,,0.7363,0,13,-0.4615,-0.0047,-0.0416,0,0,,,,-0.0138,,,,,,,,,,,
spelad,NO,2021,2021-06-24,,Kristiansund,Mjondalen,1,1,D,,,,,,,,,,,,,,,,,,,,0.5217,0.2637,0.2147,1,,,,1.9,3.82,4.63,,,,,0.6744,0,4,2.25,0.9591,-0.0268,0,0,,,,-0.0198,,,,,,,,,,,
spelad,NO,2021,2021-06-24,,Odd,Tromso,3,0,H,,,,,,,,,,,,,,,,,,,,0.4746,0.2828,0.2426,1,,,,2.08,3.58,4.01,,,,,0.3101,0,11,1.0909,0.2317,0.0237,-1,0,,,,0.0015,,,,,,,,,,,
spelad,NO,2021,2021-06-24,,Stabaek,Valerenga,0,2,A,,,,,,,,,,,,,,,,,,,,0.2676,0.2698,0.4626,1,,,,3.8,3.76,2.1,,,,,0.1966,0,14,0.4286,0.3808,0.1713,0,0,,,,-0.0036,,,,,,,,,,,
spelad,NO,2021,2021-06-24,,Stromsgodset,Sandefjord,4,0,H,,,,,,,,,,,,,,,,,,,,0.5576,0.2278,0.2147,1,,,,1.85,4.26,4.63,,,,,-0.259,-1,8,1.125,0.0713,-0.1045,0,0,,,,-0.0232,,,,,,,,,,,
spelad,NO,2021,2021-06-25,,Lillestrom,Rosenborg,2,0,H,,,,,,,,,,,,,,,,,,,,0.3515,0.2798,0.3688,1,,,,2.9,3.5,2.66,,,,,0.3831,0,14,-2.3571,-0.5561,-0.0034,1,0,,,,-0.0046,,,,,,,,,,,
spelad,NO,2021,2021-06-25,,Sarpsborg 08,Viking,1,2,A,,,,,,,,,,,,,,,,,,,,0.4787,0.267,0.2544,1,,,,2.22,3.64,3.94,,,,,-0.0495,-1,13,-1.3846,-0.6724,-0.0242,0,0,,,,-0.0239,,,,,,,,,,,
spelad,NO,2021,2021-06-27,,Bodo/Glimt,Stabaek,4,1,H,,,,,,,,,,,,,,,,,,,,0.8254,0.1102,0.0643,1,,,,1.21,8.91,17,,,,,0.0008,0,12,-0.25,-0.3731,0.1795,0,0,,,,-0.0265,,,,,,,,,,,
spelad,NO,2021,2021-06-30,,Brann,Lillestrom,1,1,D,,,,,,,,,,,,,,,,,,,,0.4087,0.2702,0.3211,1,,,,2.51,3.6,3.06,,,,,-1.0922,1,11,0.5455,0.0513,0.014,-1,0,,,,-0.0256,,,,,,,,,,,
spelad,NO,2021,2021-06-30,,Molde,Stromsgodset,3,0,H,,,,,,,,,,,,,,,,,,,,0.7572,0.1455,0.0973,1,,,,1.32,7,11,,,,,0.3572,0,15,1.2,0.3492,-0.0436,0,0,,,,-0.0139,,,,,,,,,,,
spelad,NO,2021,2021-06-30,,Rosenborg,Haugesund,0,0,D,,,,,,,,,,,,,,,,,,,,0.5672,0.2348,0.1979,1,,,,1.8,4.2,5.1,,,,,-0.8612,-1,15,0.2,-0.3341,-0.1073,0,0,,,,-0.0482,,,,,,,,,,,
spelad,NO,2021,2021-06-30,,Sandefjord,Bodo/Glimt,1,0,H,,,,,,,,,,,,,,,,,,,,0.2451,0.2508,0.5041,1,,,,5.25,4.05,1.96,,,,,-0.0293,3,6,-1,-0.0777,0.1122,0,0,,,,0.0008,,,,,,,,,,,
spelad,NO,2021,2021-06-30,,Tromso,Kristiansund,0,0,D,,,,,,,,,,,,,,,,,,,,0.4612,0.2765,0.2623,1,,,,2.3,3.54,3.78,,,,,-0.9817,0,6,-1,-0.6475,0.0756,1,0,,,,-0.0224,,,,,,,,,,,
spelad,NO,2021,2021-06-30,,Viking,Stabaek,3,3,D,,,,,,,,,,,,,,,,,,,,0.6343,0.2047,0.1609,1,,,,1.59,4.78,6.03,,,,,0.582,2,12,0.5,-0.0305,0.2491,0,0,,,,-0.0347,,,,,,,,,,,
spelad,NO,2021,2021-07-01,,Mjondalen,Odd,1,2,A,,,,,,,,,,,,,,,,,,,,0.3603,0.2922,0.3475,1,,,,2.8,3.5,2.9,,,,,-0.2201,0,6,-1.5,-0.2504,-0.0866,0,0,,,,-0.0093,,,,,,,,,,,
spelad,NO,2021,2021-07-01,,Valerenga,Sarpsborg 08,4,1,H,,,,,,,,,,,,,,,,,,,,0.6635,0.2061,0.1304,1,,,,1.54,4.75,7.7,,,,,-0.1513,1,15,0,-0.1786,0.0729,0,0,,,,-0.0198,,,,,,,,,,,
spelad,NO,2021,2021-07-03,,Bodo/Glimt,Viking,2,2,D,,,,,,,,,,,,,,,,,,,,0.7247,0.1537,0.1215,1,,,,1.48,6.4,9.5,,,,,-0.5122,0,10,0.6,0.4289,-0.2261,0,0,,,,-0.0107,,,,,,,,,,,
spelad,NO,2021,2021-07-04,,Haugesund,Tromso,3,0,H,,,,,,,,,,,,,,,,,,,,0.5138,0.2751,0.2111,1,,,,1.91,3.9,4.6,,,,,0.5363,0,11,0.8182,0.315,-0.0775,0,0,,,,-0.0212,,,,,,,,,,,
spelad,NO,2021,2021-07-04,,Lillestrom,Mjondalen,2,1,H,,,,,,,,,,,,,,,,,,,,0.5648,0.2543,0.1809,1,,,,2,3.82,5.38,,,,,0.4703,1,4,2.25,1.1372,-0.0291,1,0,,,,-0.0469,,,,,,,,,,,
spelad,NO,2021,2021-07-04,,Odd,Rosenborg,2,2,D,,,,,,,,,,,,,,,,,,,,0.3687,0.2734,0.3579,1,,,,2.7,3.56,2.72,,,,,1.1309,-1,15,-0.8,-0.0172,-0.044,0,0,,,,-0.0118,,,,,,,,,,,
spelad,NO,2021,2021-07-04,,Sarpsborg 08,Molde,1,0,H,,,,,,,,,,,,,,,,,,,,0.1984,0.2408,0.5608,1,,,,5,4.1,1.75,,,,,-0.5878,-1,16,-0.1875,0.3125,0.0804,0,0,,,,0.0194,,,,,,,,,,,
spelad,NO,2021,2021-07-04,,Stabaek,Sandefjord,0,2,A,,,,,,,,,,,,,,,,,,,,0.4267,0.2673,0.306,1,,,,2.35,3.7,3.45,,,,,-0.46,0,8,1.125,0.1724,0.1134,0,0,,,,-0.0228,,,,,,,,,,,
spelad,NO,2021,2021-07-04,,Stromsgodset,Valerenga,1,1,D,,,,,,,,,,,,,,,,,,,,0.236,0.2298,0.5342,1,,,,4.2,4.23,2.1,,,,,-0.2579,1,15,0,-0.104,-0.042,0,0,,,,0.026,,,,,,,,,,,
spelad,NO,2021,2021-07-05,,Kristiansund,Brann,3,2,H,,,,,,,,,,,,,,,,,,,,0.4566,0.2607,0.2827,1,,,,2.17,3.8,3.65,,,,,1.3391,0,8,0.75,0.6899,-0.0075,0,0,,,,-0.0101,,,,,,,,,,,
spelad,NO,2021,2021-07-10,,Brann,Tromso,1,1,D,,,,,,,,,,,,,,,,,,,,0.4563,0.273,0.2707,1,,,,2.15,3.75,3.79,,,,,0.1615,-1,9,0.3333,-0.0848,-0.0345,0,0,,,,-0.0067,,,,,,,,,,,
spelad,NO,2021,2021-07-10,,Mjondalen,Haugesund,3,0,H,,,,,,,,,,,,,,,,,,,,0.3199,0.3158,0.3643,1,,,,3.27,3.25,2.74,,,,,-0.7513,0,6,0.5,0.3564,0.2241,0,0,,,,-0.0598,,,,,,,,,,,
spelad,NO,2021,2021-07-10,,Rosenborg,Kristiansund,1,0,H,,,,,,,,,,,,,,,,,,,,0.6075,0.2189,0.1736,1,,,,1.6,4.5,5.6,,,,,-1.3871,1,8,1.125,-0.3015,0.3999,0,0,,,,-0.0167,,,,,,,,,,,
spelad,NO,2021,2021-07-10,,Sandefjord,Sarpsborg 08,2,0,H,,,,,,,,,,,,,,,,,,,,0.4038,0.3099,0.2862,1,,,,2.43,3.37,3.6,,,,,0.3916,0,8,-0.75,0.0175,-0.0171,0,0,,,,0.0083,,,,,,,,,,,
spelad,NO,2021,2021-07-10,,Viking,Stromsgodset,1,1,D,,,,,,,,,,,,,,,,,,,,0.561,0.2138,0.2252,1,,,,1.76,4.54,4.55,,,,,0.4185,1,13,-0.4615,-0.2238,0.1285,0,0,,,,-0.0107,,,,,,,,,,,
spelad,NO,2021,2021-07-11,,Molde,Odd,5,0,H,,,,,,,,,,,,,,,,,,,,0.7409,0.1648,0.0943,1,,,,1.33,6,10.3,,,,,-0.5199,0,15,0.4,-0.1156,0.0804,0,0,,,,-0.0363,,,,,,,,,,,
spelad,NO,2021,2021-07-11,,Valerenga,Lillestrom,2,2,D,,,,,,,,,,,,,,,,,,,,0.5709,0.2402,0.1888,1,,,,1.72,4.2,5.39,,,,,-0.4816,0,13,0,-0.2187,0.1194,-1,0,,,,-0.0039,,,,,,,,,,,
spelad,NO,2021,2021-07-17,,Odd,Viking,3,2,H,,,,,,,,,,,,,,,,,,,,0.5063,0.2365,0.2572,1,,,,2.01,4.11,3.86,,,,,0.5751,-1,13,0.6923,0.152,0.0518,0,0,,,,-0.0132,,,,,,,,,,,
spelad,NO,2021,2021-07-17,,Sarpsborg 08,Bodo/Glimt,2,2,D,,,,,,,,,,,,,,,,,,,,0.2655,0.2825,0.452,1,,,,3.75,3.44,2.2,,,,,0.8778,-7,12,-0.5,-0.2673,0.0773,0,0,,,,0.0153,,,,,,,,,,,
spelad,NO,2021,2021-07-18,,Brann,Mjondalen,1,1,D,,,,,,,,,,,,,,,,,,,,0.4527,0.2905,0.2568,1,,,,2.15,3.57,4.03,,,,,-0.3303,0,6,-2,-1.3818,0.0832,0,0,,,,0.0243,,,,,,,,,,,
spelad,NO,2021,2021-07-18,,Haugesund,Valerenga,3,1,H,,,,,,,,,,,,,,,,,,,,0.35,0.2772,0.3728,1,,,,2.9,3.6,2.62,,,,,0.4433,1,15,0,0.1418,-0.0675,0,0,,,,-0.0118,,,,,,,,,,,
spelad,NO,2021,2021-07-18,,Kristiansund,Sandefjord,2,0,H,,,,,,,,,,,,,,,,,,,,0.5391,0.2476,0.2133,1,,,,1.84,4,4.68,,,,,-0.0826,0,6,1.5,0.5701,-0.1049,0,0,,,,-0.0235,,,,,,,,,,,
spelad,NO,2021,2021-07-18,,Lillestrom,Molde,1,1,D,,,,,,,,,,,,,,,,,,,,0.2487,0.2449,0.5064,1,,,,4.2,3.98,2,,,,,0.4901,0,13,-1.1538,-0.0656,-0.0822,0,0,,,,-0.0054,,,,,,,,,,,
spelad,NO,2021,2021-07-18,,Stromsgodset,Stabaek,2,1,H,,,,,,,,,,,,,,,,,,,,0.5662,0.2186,0.2152,1,,,,1.76,4.44,4.65,,,,,0.5707,-6,14,-1.5,-0.9262,-0.0371,0,0,,,,-0.0283,,,,,,,,,,,
spelad,NO,2021,2021-07-18,,Tromso,Rosenborg,1,3,A,,,,,,,,,,,,,,,,,,,,0.3939,0.2922,0.3139,1,,,,2.56,3.36,3.14,,,,,-0.1035,0,11,-0.2727,0.5133,-0.0428,0,0,,,,-0.005,,,,,,,,,,,
spelad,NO,2021,2021-07-21,,Sandefjord,Haugesund,1,1,D,,,,,,,,,,,,,,,,,,,,0.3384,0.2883,0.3734,1,,,,2.95,3.4,2.66,,,,,-0.0039,0,8,-2.25,-0.6584,-0.2703,0,0,,,,-0.0112,,,,,,,,,,,
spelad,NO,2021,2021-07-21,,Sarpsborg 08,Mjondalen,1,1,D,,,,,,,,,,,,,,,,,,,,0.4784,0.3054,0.2163,1,,,,2.07,3.3,4.5,,,,,0.146,1,6,0,-0.5109,0.397,0,0,,,,-0.0105,,,,,,,,,,,
spelad,NO,2021,2021-07-21,,Stabaek,Lillestrom,2,3,A,,,,,,,,,,,,,,,,,,,,0.2866,0.2776,0.4357,1,,,,3.5,3.6,2.3,,,,,-1.4207,0,12,0.5,0.3825,-0.0927,0,0,,,,-0.0027,,,,,,,,,,,
spelad,NO,2021,2021-07-21,,Stromsgodset,Odd,3,0,H,,,,,,,,,,,,,,,,,,,,0.4669,0.2516,0.2815,1,,,,2.15,3.87,3.55,,,,,-0.1947,-1,15,0.2,0.0938,-0.1269,0,0,,,,-0.0205,,,,,,,,,,,
spelad,NO,2021,2021-07-28,,Haugesund,Stromsgodset,2,1,H,,,,,,,,,,,,,,,,,,,,0.5867,0.2246,0.1887,1,,,,1.79,4.33,5.34,,,,,-0.0474,0,15,-0.8,-0.0865,-0.0447,0,0,,,,-0.016,,,,,,,,,,,
spelad,NO,2021,2021-07-28,,Lillestrom,Sarpsborg 08,2,0,H,,,,,,,,,,,,,,,,,,,,0.5259,0.2772,0.1969,1,,,,1.88,3.6,5.17,,,,,1.0027,0,12,-0.5,-0.2433,0.0669,0,0,,,,-0.0163,,,,,,,,,,,
spelad,NO,2021,2021-07-28,,Mjondalen,Stabaek,1,2,A,,,,,,,,,,,,,,,,,,,,0.4906,0.2713,0.2381,1,,,,2.01,3.63,4.23,,,,,0.6579,0,6,-1.5,-0.5104,-0.1069,0,0,,,,-0.0055,,,,,,,,,,,
spelad,NO,2021,2021-07-28,,Odd,Sandefjord,2,3,A,,,,,,,,,,,,,,,,,,,,0.4766,0.2747,0.2487,1,,,,2.08,3.62,3.91,,,,,0.044,0,8,1.125,-0.0292,0.1291,0,0,,,,-0.0157,,,,,,,,,,,
spelad,NO,2021,2021-08-08,,Mjondalen,Tromso,2,3,A,,,,,,,,,,,,,,,,,,,,0.376,0.3005,0.3235,1,,,,2.7,3.37,3.05,,,,,0.3828,-7,4,0.75,0.2085,0.4745,0,0,,,,-0.0102,,,,,,,,,,,
spelad,NO,2021,2021-08-08,,Molde,Haugesund,5,4,H,,,,,,,,,,,,,,,,,,,,0.626,0.2109,0.1631,1,,,,1.57,4.65,6.18,,,,,-0.1931,7,15,1,-0.0614,0.1586,0,0,,,,-0.0293,,,,,,,,,,,
spelad,NO,2021,2021-08-08,,Sandefjord,Lillestrom,1,1,D,,,,,,,,,,,,,,,,,,,,0.3359,0.3006,0.3635,1,,,,2.9,3.4,2.75,,,,,-0.0256,0,6,-2.5,-0.8198,-0.0797,0,0,,,,0.0117,,,,,,,,,,,
spelad,NO,2021,2021-08-08,,Stabaek,Sarpsborg 08,3,1,H,,,,,,,,,,,,,,,,,,,,0.3956,0.2994,0.305,1,,,,2.6,3.26,3.23,,,,,-0.3104,0,14,-0.2143,-0.0593,0.2348,0,0,,,,-0.013,,,,,,,,,,,
spelad,NO,2021,2021-08-08,,Viking,Kristiansund,3,2,H,,,,,,,,,,,,,,,,,,,,0.5041,0.2426,0.2533,1,,,,2,4.01,3.96,,,,,-0.4893,1,6,1,0.6245,-0.2476,0,0,,,,-0.0264,,,,,,,,,,,
spelad,NO,2021,2021-08-14,,Kristiansund,Stabaek,5,1,H,,,,,,,,,,,,,,,,,,,,0.5946,0.2249,0.1805,1,,,,1.83,4.33,6,,,,,0.1523,0,8,0.375,0.2022,-0.1335,0,0,,,,-0.0797,,,,,,,,,,,
spelad,NO,2021,2021-08-14,,Sarpsborg 08,Stromsgodset,1,0,H,,,,,,,,,,,,,,,,,,,,0.4607,0.2693,0.27,1,,,,2.25,3.76,3.75,,,,,-0.8109,-7,14,-0.8571,-0.4096,0.1746,0,0,,,,-0.0115,,,,,,,,,,,
spelad,NO,2021,2021-08-15,,Brann,Sandefjord,3,2,H,,,,,,,,,,,,,,,,,,,,0.461,0.2725,0.2665,1,,,,2.14,3.61,3.72,,,,,-1.1362,7,6,2,0.4542,0.0769,0,0,,,,-0.0098,,,,,,,,,,,
spelad,NO,2021,2021-08-15,,Lillestrom,Bodo/Glimt,0,1,A,,,,,,,,,,,,,,,,,,,,0.3712,0.2714,0.3575,1,,,,2.7,3.7,2.71,,,,,1.0996,-7,10,0.6,0.186,0.1473,0,0,,,,-0.0227,,,,,,,,,,,
spelad,NO,2021,2021-08-15,,Mjondalen,Rosenborg,1,2,A,,,,,,,,,,,,,,,,,,,,0.2612,0.2761,0.4627,1,,,,3.8,3.61,2.11,,,,,-0.0774,-7,6,-2,-0.2147,-0.2178,0,0,,,,0.0062,,,,,,,,,,,
spelad,NO,2021,2021-08-15,,Odd,Haugesund,4,2,H,,,,,,,,,,,,,,,,,,,,0.3633,0.2735,0.3633,1,,,,2.82,3.65,2.68,,,,,-0.0074,7,15,0.2,-0.1134,0.0006,0,0,,,,-0.0355,,,,,,,,,,,
spelad,NO,2021,2021-08-15,,Tromso,Valerenga,1,1,D,,,,,,,,,,,,,,,,,,,,0.4381,0.2724,0.2895,1,,,,2.28,3.6,3.4,,,,,0.2192,-7,10,-1.8,-0.6692,-0.0539,0,0,,,,-0.027,,,,,,,,,,,
spelad,NO,2021,2021-08-15,,Viking,Molde,3,2,H,,,,,,,,,,,,,,,,,,,,0.3574,0.2506,0.392,1,,,,2.75,4,2.5,,,,,-0.2347,0,12,-1,0.0981,-0.2343,0,0,,,,0.0055,,,,,,,,,,,
spelad,NO,2021,2021-08-21,,Stabaek,Mjondalen,1,1,D,,,,,,,,,,,,,,,,,,,,0.4007,0.3015,0.2978,1,,,,2.5,3.43,3.27,,,,,0.4893,1,7,1.7143,0.8168,-0.1304,0,0,,,,-0.0111,,,,,,,,,,,
spelad,NO,2021,2021-08-21,,Stromsgodset,Brann,3,1,H,,,,,,,,,,,,,,,,,,,,0.5176,0.2445,0.2379,1,,,,1.95,4.04,4.09,,,,,0.6981,1,14,-0.2143,-0.1649,0.1015,0,0,,,,-0.042,,,,,,,,,,,
spelad,NO,2021,2021-08-22,,Bodo/Glimt,Kristiansund,3,0,H,,,,,,,,,,,,,,,,,,,,0.6715,0.1911,0.1374,1,,,,1.45,5.3,7.15,,,,,-0.348,-1,7,2.5714,0.9442,-0.0883,0,0,,,,-0.0103,,,,,,,,,,,
spelad,NO,2021,2021-08-22,,Haugesund,Lillestrom,0,3,A,,,,,,,,,,,,,,,,,,,,0.4605,0.2858,0.2537,1,,,,2.15,3.59,3.84,,,,,-0.2053,0,14,-0.6429,-0.4739,0.2297,0,0,,,,-0.0134,,,,,,,,,,,
spelad,NO,2021,2021-08-22,,Rosenborg,Odd,5,0,H,,,,,,,,,,,,,,,,,,,,0.581,0.231,0.188,1,,,,1.72,4.25,5.25,,,,,-0.573,0,15,0.6,-0.0164,0.0189,0,0,,,,-0.0234,,,,,,,,,,,
spelad,NO,2021,2021-08-22,,Sandefjord,Tromso,1,1,D,,,,,,,,,,,,,,,,,,,,0.4529,0.2766,0.2705,1,,,,2.25,3.65,3.67,,,,,1.1738,0,7,0.8571,0.7353,0.1751,0,0,,,,-0.011,,,,,,,,,,,
spelad,NO,2021,2021-08-22,,Valerenga,Viking,1,1,D,,,,,,,,,,,,,,,,,,,,0.5917,0.2195,0.1888,1,,,,1.7,4.53,5.23,,,,,-0.4416,0,14,0,-0.0086,0.0299,0,0,,,,-0.022,,,,,,,,,,,
spelad,NO,2021,2021-08-28,,Brann,Haugesund,1,3,A,,,,,,,,,,,,,,,,,,,,0.366,0.2774,0.3566,1,,,,2.7,3.55,2.78,,,,,-0.4156,1,14,0.2143,-0.0152,-0.0552,0,0,,,,0.003,,,,,,,,,,,
spelad,NO,2021,2021-08-28,,Mjondalen,Lillestrom,1,2,A,,,,,,,,,,,,,,,,,,,,0.2687,0.2788,0.4525,1,,,,3.62,3.5,2.25,,,,,-0.9381,1,5,-2.4,-1.0459,-0.0741,0,0,,,,0.0169,,,,,,,,,,,
spelad,NO,2021,2021-08-29,,Kristiansund,Molde,2,0,H,,,,,,,,,,,,,,,,,,,,0.3107,0.2431,0.4461,1,,,,3.75,4.05,2.23,,,,,-0.0421,-7,9,-0.3333,0.37,-0.0116,0,0,,,,-0.0034,,,,,,,,,,,
spelad,NO,2021,2021-08-29,,Odd,Stromsgodset,0,1,A,,,,,,,,,,,,,,,,,,,,0.4697,0.2572,0.2731,1,,,,2.1,3.81,3.6,,,,,-0.1719,-1,16,-0.375,-0.0375,-0.1347,0,0,,,,-0.0236,,,,,,,,,,,
spelad,NO,2021,2021-08-29,,Sarpsborg 08,Sandefjord,5,0,H,,,,,,,,,,,,,,,,,,,,0.4441,0.2827,0.2732,1,,,,2.28,3.5,3.8,,,,,-0.4027,7,9,0.3333,-0.1302,-0.0497,0,0,,,,-0.019,,,,,,,,,,,
spelad,NO,2021,2021-08-29,,Tromso,Bodo/Glimt,2,3,A,,,,,,,,,,,,,,,,,,,,0.2643,0.268,0.4677,1,,,,3.73,3.78,2.12,,,,,-0.0277,0,9,-1,-0.2132,-0.243,0,0,,,,0.0112,,,,,,,,,,,
spelad,NO,2021,2021-08-29,,Valerenga,Stabaek,3,1,H,,,,,,,,,,,,,,,,,,,,0.7172,0.1741,0.1087,1,,,,1.38,5.67,11,,,,,-0.2079,-1,15,-0.2,-0.4258,0.1419,0,0,,,,-0.0172,,,,,,,,,,,
spelad,NO,2021,2021-08-29,,Viking,Rosenborg,2,1,H,,,,,,,,,,,,,,,,,,,,0.4216,0.2611,0.3173,1,,,,2.36,3.75,3.1,,,,,0.2923,0,14,-2.1429,-0.4403,-0.0754,0,0,,,,-0.013,,,,,,,,,,,
spelad,NO,2021,2021-09-11,,Lillestrom,Brann,2,3,A,,,,,,,,,,,,,,,,,,,,0.5813,0.2334,0.1853,1,,,,1.7,4.2,5.24,,,,,1.1254,0,11,-0.5455,-0.0764,0.0117,0,0,,,,-0.0194,,,,,,,,,,,
spelad,NO,2021,2021-09-11,,Stabaek,Viking,1,3,A,,,,,,,,,,,,,,,,,,,,0.2983,0.2657,0.436,1,,,,3.3,3.77,2.3,,,,,-0.4838,0,13,-0.4615,-0.1777,0.2911,0,0,,,,0.0251,,,,,,,,,,,
spelad,NO,2021,2021-09-12,,Bodo/Glimt,Odd,1,1,D,,,,,,,,,,,,,,,,,,,,0.783,0.1305,0.0865,1,,,,1.29,7.38,13,,,,,0.2437,0,13,-0.9231,-0.2159,-0.1588,0,0,,,,-0.045,,,,,,,,,,,
spelad,NO,2021,2021-09-12,,Haugesund,Sarpsborg 08,2,1,H,,,,,,,,,,,,,,,,,,,,0.506,0.2824,0.2116,1,,,,2,3.61,4.59,,,,,-0.2542,1,15,0.2,0.0804,0.2591,0,0,,,,-0.0363,,,,,,,,,,,
spelad,NO,2021,2021-09-12,,Molde,Mjondalen,4,0,H,,,,,,,,,,,,,,,,,,,,0.7785,0.1369,0.0845,1,,,,1.28,7.4,13,,,,,0.2711,-1,7,2.5714,0.7027,-0.0759,0,0,,,,-0.0134,,,,,,,,,,,
spelad,NO,2021,2021-09-12,,Rosenborg,Tromso,3,2,H,,,,,,,,,,,,,,,,,,,,0.5991,0.23,0.1709,1,,,,1.65,4.33,5.87,,,,,0.5423,0,12,0.5,-0.2841,-0.0636,0,0,,,,-0.0265,,,,,,,,,,,
spelad,NO,2021,2021-09-12,,Sandefjord,Valerenga,3,0,H,,,,,,,,,,,,,,,,,,,,0.2949,0.2688,0.4363,1,,,,3.4,3.64,2.3,,,,,0.0807,0,9,-1.3333,-0.0536,-0.1208,0,0,,,,0.0111,,,,,,,,,,,
spelad,NO,2021,2021-09-12,,Stromsgodset,Kristiansund,1,2,A,,,,,,,,,,,,,,,,,,,,0.4176,0.2602,0.3222,1,,,,2.35,3.85,3.11,,,,,0.1185,0,9,-1.3333,-0.7689,-0.1467,0,0,,,,-0.0096,,,,,,,,,,,
spelad,NO,2021,2021-09-18,,Kristiansund,Haugesund,3,2,H,,,,,,,,,,,,,,,,,,,,0.4724,0.2609,0.2666,1,,,,2.07,3.95,4.05,,,,,0.4183,0,9,0,0.0746,0.066,0,0,,,,0.0088,,,,,,,,,,,
spelad,NO,2021,2021-09-18,,Odd,Lillestrom,2,3,A,,,,,,,,,,,,,,,,,,,,0.423,0.256,0.3211,1,,,,2.5,3.84,3.1,,,,,-0.5439,-1,13,0.6923,0.1254,-0.1032,0,0,,,,-0.0112,,,,,,,,,,,
spelad,NO,2021,2021-09-19,,Mjondalen,Sandefjord,1,1,D,,,,,,,,,,,,,,,,,,,,0.3685,0.2828,0.3487,1,,,,2.75,3.6,2.82,,,,,-0.6792,0,5,-1.2,-0.6701,-0.0838,0,0,,,,-0.0043,,,,,,,,,,,
spelad,NO,2021,2021-09-19,,Sarpsborg 08,Rosenborg,1,3,A,,,,,,,,,,,,,,,,,,,,0.3414,0.2913,0.3672,1,,,,3.05,3.41,2.7,,,,,-0.7272,0,16,-1.5,-0.2439,0.0069,0,0,,,,-0.007,,,,,,,,,,,
spelad,NO,2021,2021-09-19,,Tromso,Brann,1,1,D,,,,,,,,,,,,,,,,,,,,0.4813,0.2559,0.2628,1,,,,2.1,3.88,3.75,,,,,-0.1929,-1,10,-0.3,0.0988,0.0416,0,0,,,,-0.0209,,,,,,,,,,,
spelad,NO,2021,2021-09-19,,Valerenga,Molde,1,1,D,,,,,,,,,,,,,,,,,,,,0.3412,0.2519,0.4069,1,,,,2.85,3.96,2.44,,,,,-0.1694,0,15,-1.4,-0.3216,-0.1046,0,0,,,,0.0122,,,,,,,,,,,
spelad,NO,2021,2021-09-19,,Viking,Bodo/Glimt,1,3,A,,,,,,,,,,,,,,,,,,,,0.3306,0.2505,0.4189,1,,,,2.99,4.15,2.36,,,,,0.7037,1,11,-0.5455,-0.1406,-0.1286,0,0,,,,0.0076,,,,,,,,,,,
spelad,NO,2021,2021-09-25,,Lillestrom,Tromso,1,2,A,,,,,,,,,,,,,,,,,,,,0.5681,0.2411,0.1909,1,,,,1.78,4.03,5.09,,,,,0.8642,1,12,1,0.5259,-0.1016,0,0,,,,-0.0476,,,,,,,,,,,
spelad,NO,2021,2021-09-25,,Stromsgodset,Sarpsborg 08,5,0,H,,,,,,,,,,,,,,,,,,,,0.4695,0.2692,0.2613,1,,,,2.2,3.74,3.72,,,,,0.5857,7,15,0.6,0.1474,0.145,0,0,,,,-0.0295,,,,,,,,,,,
spelad,NO,2021,2021-09-26,,Bodo/Glimt,Valerenga,1,0,H,,,,,,,,,,,,,,,,,,,,0.6903,0.178,0.1317,1,,,,1.42,5.5,7.5,,,,,0.6948,0,13,0.4615,0.0685,0.2969,0,0,,,,-0.024,,,,,,,,,,,
spelad,NO,2021,2021-09-26,,Brann,Kristiansund,3,1,H,,,,,,,,,,,,,,,,,,,,0.4606,0.2518,0.2876,1,,,,2.3,3.9,3.44,,,,,-0.7403,-1,9,-1,-0.7297,-0.0357,0,0,,,,-0.0354,,,,,,,,,,,
spelad,NO,2021,2021-09-26,,Haugesund,Odd,1,3,A,,,,,,,,,,,,,,,,,,,,0.5611,0.2367,0.2022,1,,,,1.75,4.3,5,,,,,0.2454,0,16,-0.375,0.0205,-0.0165,0,0,,,,-0.0069,,,,,,,,,,,
spelad,NO,2021,2021-09-26,,Molde,Viking,2,2,D,,,,,,,,,,,,,,,,,,,,0.696,0.1731,0.1309,1,,,,1.42,5.85,7.5,,,,,-0.8758,0,13,0.6923,0.016,-0.2356,0,0,,,,-0.0148,,,,,,,,,,,
spelad,NO,2021,2021-09-26,,Rosenborg,Mjondalen,3,1,H,,,,,,,,,,,,,,,,,,,,0.7404,0.1664,0.0933,1,,,,1.36,6,11,,,,,1.5438,0,7,2.1429,0.5615,-0.2261,0,0,,,,-0.0247,,,,,,,,,,,
spelad,NO,2021,2021-09-26,,Sandefjord,Stabaek,0,3,A,,,,,,,,,,,,,,,,,,,,0.5819,0.2287,0.1894,1,,,,1.69,4.25,5.13,,,,,0.185,-7,9,-0.6667,-0.0524,0.0711,0,0,,,,-0.0207,,,,,,,,,,,
spelad,NO,2021,2021-09-29,,Stabaek,Stromsgodset,0,0,D,,,,,,,,,,,,,,,,,,,,0.2936,0.2436,0.4628,1,,,,3.46,4,2.2,,,,,-0.2291,-1,15,1.2,0.8415,-0.0492,0,0,,,,0.0155,,,,,,,,,,,
spelad,NO,2021,2021-10-02,,Sarpsborg 08,Lillestrom,2,1,H,,,,,,,,,,,,,,,,,,,,0.4481,0.26,0.292,1,,,,2.49,3.75,3.52,,,,,-0.4899,0,13,0.2308,0.096,0.0405,0,0,,,,-0.0181,,,,,,,,,,,
spelad,NO,2021,2021-10-02,,Viking,Sandefjord,2,1,H,,,,,,,,,,,,,,,,,,,,0.6075,0.2155,0.177,1,,,,1.67,4.6,5.75,,,,,0.727,0,7,0,-0.2346,-0.1011,0,0,,,,-0.0128,,,,,,,,,,,
spelad,NO,2021,2021-10-03,,Kristiansund,Rosenborg,1,0,H,,,,,,,,,,,,,,,,,,,,0.3956,0.2688,0.3356,1,,,,2.5,3.79,2.92,,,,,-0.3425,0,9,-1.3333,-0.1697,0.3312,0,0,,,,-0.0062,,,,,,,,,,,
spelad,NO,2021,2021-10-03,,Mjondalen,Brann,1,1,D,,,,,,,,,,,,,,,,,,,,0.3101,0.272,0.4179,1,,,,3.32,3.65,2.34,,,,,-0.9987,0,7,1.7143,1.1044,0.1727,0,0,,,,-0.0164,,,,,,,,,,,
spelad,NO,2021,2021-10-03,,Odd,Molde,1,3,A,,,,,,,,,,,,,,,,,,,,0.2704,0.2404,0.4892,1,,,,3.74,4.2,2,,,,,0.1339,0,15,-0.6,-0.0158,0.0173,0,0,,,,-0.0012,,,,,,,,,,,
spelad,NO,2021,2021-10-03,,Stabaek,Bodo/Glimt,0,3,A,,,,,,,,,,,,,,,,,,,,0.138,0.2064,0.6556,1,,,,7.5,4.9,1.48,,,,,0.0124,-3,13,0,0.1554,0.1572,0,0,,,,-0.0095,,,,,,,,,,,
spelad,NO,2021,2021-10-03,,Tromso,Haugesund,2,0,H,,,,,,,,,,,,,,,,,,,,0.461,0.2795,0.2594,1,,,,2.15,3.6,3.85,,,,,0.2633,1,11,-0.8182,-0.2337,-0.0786,0,0,,,,-0.018,,,,,,,,,,,
spelad,NO,2021,2021-10-03,,Valerenga,Stromsgodset,3,0,H,,,,,,,,,,,,,,,,,,,,0.5337,0.241,0.2253,1,,,,1.83,4.2,4.6,,,,,-0.8771,3,16,0,0.0849,0.0087,0,0,,,,0.0163,,,,,,,,,,,
spelad,NO,2021,2021-10-16,,Lillestrom,Kristiansund,0,0,D,,,,,,,,,,,,,,,,,,,,0.4548,0.2703,0.2749,1,,,,2.16,3.8,3.55,,,,,-0.809,1,7,-0.8571,-0.6632,0.1639,0,0,,,,-0.0136,,,,,,,,,,,
spelad,NO,2021,2021-10-16,,Molde,Tromso,3,0,H,,,,,,,,,,,,,,,,,,,,0.7118,0.1687,0.1195,1,,,,1.38,6,8.3,,,,,-0.6062,0,11,1.3636,0.1592,-0.0487,0,0,,,,-0.0187,,,,,,,,,,,
spelad,NO,2021,2021-10-17,,Bodo/Glimt,Sarpsborg 08,2,1,H,,,,,,,,,,,,,,,,,,,,0.7554,0.1527,0.0919,1,,,,1.33,6.35,10.55,,,,,0.7464,-1,13,0.4615,0.1262,0.1266,0,0,,,,-0.0668,,,,,,,,,,,
spelad,NO,2021,2021-10-17,,Brann,Stabaek,1,1,D,,,,,,,,,,,,,,,,,,,,0.6685,0.2049,0.1265,1,,,,1.47,5,8,,,,,0.166,0,13,0.9231,0.2039,-0.0296,0,0,,,,-0.0037,,,,,,,,,,,
spelad,NO,2021,2021-10-17,,Haugesund,Mjondalen,7,0,H,,,,,,,,,,,,,,,,,,,,0.5955,0.2408,0.1637,1,,,,1.66,4.1,6,,,,,0.0348,0,7,-0.8571,-0.6988,0.147,0,0,,,,-0.0219,,,,,,,,,,,
spelad,NO,2021,2021-10-17,,Rosenborg,Valerenga,2,2,D,,,,,,,,,,,,,,,,,,,,0.5035,0.2485,0.2479,1,,,,2.05,4,3.97,,,,,0.9946,0,15,1.6,0.3344,0.0924,0,0,,,,-0.0079,,,,,,,,,,,
spelad,NO,2021,2021-10-17,,Sandefjord,Odd,0,0,D,,,,,,,,,,,,,,,,,,,,0.409,0.2719,0.3191,1,,,,2.5,3.65,3.08,,,,,-0.2478,1,9,-0.6667,0.1312,0.0842,0,0,,,,-0.0357,,,,,,,,,,,
spelad,NO,2021,2021-10-17,,Stromsgodset,Viking,0,1,A,,,,,,,,,,,,,,,,,,,,0.4019,0.2431,0.355,1,,,,2.5,4.1,2.74,,,,,-0.8343,-1,13,0.6923,0.1944,0.2095,0,0,,,,-0.0129,,,,,,,,,,,
spelad,NO,2021,2021-10-23,,Stabaek,Molde,0,3,A,,,,,,,,,,,,,,,,,,,,0.1634,0.2022,0.6344,1,,,,6.5,4.95,1.55,,,,,0.0323,-1,15,-1.4,-0.131,-0.0916,0,0,,,,-0.0027,,,,,,,,,,,
spelad,NO,2021,2021-10-23,,Viking,Lillestrom,5,1,H,,,,,,,,,,,,,,,,,,,,0.5886,0.2163,0.195,1,,,,1.65,4.53,5.5,,,,,1.0772,-1,11,1.0909,0.4242,0.0151,0,0,,,,-0.0037,,,,,,,,,,,
spelad,NO,2021,2021-10-24,,Kristiansund,Sarpsborg 08,1,3,A,,,,,,,,,,,,,,,,,,,,0.5113,0.2517,0.237,1,,,,1.95,4,4.4,,,,,0.8053,1,9,1.3333,0.8688,0.0653,0,0,,,,-0.0077,,,,,,,,,,,
spelad,NO,2021,2021-10-24,,Odd,Brann,3,3,D,,,,,,,,,,,,,,,,,,,,0.3476,0.2631,0.3893,1,,,,3,3.76,2.6,,,,,-0.2089,0,13,-0.2308,-0.0535,-0.1155,0,0,,,,-0.0219,,,,,,,,,,,
spelad,NO,2021,2021-10-24,,Rosenborg,Sandefjord,4,1,H,,,,,,,,,,,,,,,,,,,,0.6855,0.1899,0.1246,1,,,,1.43,5.25,8.5,,,,,0.8523,0,9,2.3333,0.3041,0.0301,0,0,,,,-0.0198,,,,,,,,,,,
spelad,NO,2021,2021-10-24,,Stromsgodset,Bodo/Glimt,1,1,D,,,,,,,,,,,,,,,,,,,,0.2354,0.2136,0.551,1,,,,4.3,4.7,1.78,,,,,-0.8867,0,13,0,0.075,-0.1388,0,0,,,,-0.0071,,,,,,,,,,,
spelad,NO,2021,2021-10-24,,Tromso,Mjondalen,1,0,H,,,,,,,,,,,,,,,,,,,,0.6377,0.2178,0.1445,1,,,,1.6,4.5,7.6,,,,,0.5396,1,5,0,-0.2007,0.3195,0,0,,,,-0.0089,,,,,,,,,,,
spelad,NO,2021,2021-10-24,,Valerenga,Haugesund,2,1,H,,,,,,,,,,,,,,,,,,,,0.5278,0.2453,0.2269,1,,,,1.88,4,4.35,,,,,0.1903,0,16,-0.1875,-0.1568,-0.0806,0,0,,,,-0.0205,,,,,,,,,,,
spelad,NO,2021,2021-10-27,,Haugesund,Rosenborg,0,0,D,,,,,,,,,,,,,,,,,,,,0.3602,0.2643,0.3755,1,,,,2.9,3.8,2.65,,,,,-0.5663,0,15,-0.2,0.4233,-0.1098,0,0,,,,-0.0105,,,,,,,,,,,
spelad,NO,2021,2021-10-27,,Lillestrom,Stabaek,3,0,H,,,,,,,,,,,,,,,,,,,,0.6215,0.2229,0.1556,1,,,,1.6,4.5,6.7,,,,,-0.0517,0,13,-0.2308,-0.1587,-0.1069,0,0,,,,-0.0141,,,,,,,,,,,
spelad,NO,2021,2021-10-27,,Mjondalen,Kristiansund,5,0,H,,,,,,,,,,,,,,,,,,,,0.2928,0.2592,0.448,1,,,,3.6,3.81,2.18,,,,,-0.8695,0,5,-1.8,-0.7274,0.1258,0,0,,,,-0.0075,,,,,,,,,,,
spelad,NO,2021,2021-10-27,,Molde,Bodo/Glimt,0,2,A,,,,,,,,,,,,,,,,,,,,0.5037,0.2293,0.2671,1,,,,1.96,4.25,3.76,,,,,-0.5951,1,13,0.9231,0.1146,-0.143,0,0,,,,-0.0215,,,,,,,,,,,
spelad,NO,2021,2021-10-27,,Sandefjord,Stromsgodset,2,0,H,,,,,,,,,,,,,,,,,,,,0.436,0.2693,0.2946,1,,,,2.23,3.77,3.4,,,,,-0.5026,0,9,-1.3333,-0.0673,-0.1182,0,0,,,,0.013,,,,,,,,,,,
spelad,NO,2021,2021-10-27,,Tromso,Odd,2,0,H,,,,,,,,,,,,,,,,,,,,0.5033,0.2654,0.2313,1,,,,1.96,3.77,4.33,,,,,0.5101,0,11,-1.0909,-0.2455,0.0227,0,0,,,,-0.0085,,,,,,,,,,,
spelad,NO,2021,2021-10-28,,Brann,Viking,0,2,A,,,,,,,,,,,,,,,,,,,,0.4174,0.2425,0.3401,1,,,,2.42,4.03,2.88,,,,,-0.8683,-1,11,-0.2727,-0.08,-0.0723,0,0,,,,-0.0221,,,,,,,,,,,
spelad,NO,2021,2021-10-28,,Sarpsborg 08,Valerenga,2,1,H,,,,,,,,,,,,,,,,,,,,0.4325,0.2813,0.2862,1,,,,2.4,3.53,3.41,,,,,0.3578,0,15,0,0.1139,0.0736,0,0,,,,-0.0299,,,,,,,,,,,
spelad,NO,2021,2021-10-30,,Kristiansund,Tromso,1,1,D,,,,,,,,,,,,,,,,,,,,0.4525,0.2622,0.2853,1,,,,2.2,3.77,3.5,,,,,-0.0901,0,7,0.8571,0.4811,0.1682,0,0,,,,-0.0154,,,,,,,,,,,
spelad,NO,2021,2021-10-30,,Rosenborg,Lillestrom,1,3,A,,,,,,,,,,,,,,,,,,,,0.5887,0.2324,0.1789,1,,,,1.68,4.46,5.75,,,,,0.3431,0,14,1.9286,0.4178,-0.0119,0,0,,,,-0.0104,,,,,,,,,,,
spelad,NO,2021,2021-10-31,,Bodo/Glimt,Sandefjord,1,0,H,,,,,,,,,,,,,,,,,,,,0.7906,0.1372,0.0722,1,,,,1.24,7.3,13.5,,,,,0.8187,0,7,0.4286,-0.2815,0.0603,0,0,,,,-0.0271,,,,,,,,,,,
spelad,NO,2021,2021-10-31,,Odd,Mjondalen,2,2,D,,,,,,,,,,,,,,,,,,,,0.5781,0.2269,0.195,1,,,,1.7,4.33,5,,,,,-0.1172,0,7,1.7143,0.5268,-0.116,0,0,,,,-0.0127,,,,,,,,,,,
spelad,NO,2021,2021-10-31,,Stabaek,Haugesund,2,1,H,,,,,,,,,,,,,,,,,,,,0.3453,0.2941,0.3606,1,,,,3.05,3.47,2.7,,,,,0.0394,0,15,-1.2,-0.4978,0.066,0,0,,,,-0.0333,,,,,,,,,,,
spelad,NO,2021,2021-10-31,,Stromsgodset,Molde,6,0,H,,,,,,,,,,,,,,,,,,,,0.2057,0.2057,0.5885,1,,,,5,4.75,1.67,,,,,-0.0866,0,15,-1.6,-0.4131,-0.0361,0,0,,,,-0.0063,,,,,,,,,,,
spelad,NO,2021,2021-10-31,,Valerenga,Brann,1,0,H,,,,,,,,,,,,,,,,,,,,0.4857,0.2453,0.2691,1,,,,2.04,3.99,3.75,,,,,0.1187,0,13,1.6154,0.8324,0.043,0,0,,,,-0.0044,,,,,,,,,,,
spelad,NO,2021,2021-10-31,,Viking,Sarpsborg 08,1,2,A,,,,,,,,,,,,,,,,,,,,0.6135,0.2112,0.1753,1,,,,1.61,4.6,5.75,,,,,0.622,0,14,1.5,0.7875,-0.0415,0,0,,,,-0.0141,,,,,,,,,,,
spelad,NO,2021,2021-11-06,,Brann,Rosenborg,2,2,D,,,,,,,,,,,,,,,,,,,,0.4383,0.2547,0.307,1,,,,2.4,3.84,3.29,,,,,-0.0879,-1,13,-1.1538,-0.1657,-0.0896,0,0,,,,-0.0334,,,,,,,,,,,
spelad,NO,2021,2021-11-06,,Sarpsborg 08,Stabaek,4,1,H,,,,,,,,,,,,,,,,,,,,0.5971,0.2397,0.1631,1,,,,1.68,4.11,6.04,,,,,0.3002,0,15,0,-0.2448,0.1992,0,0,,,,-0.0431,,,,,,,,,,,
spelad,NO,2021,2021-11-07,,Haugesund,Bodo/Glimt,2,2,D,,,,,,,,,,,,,,,,,,,,0.2577,0.2612,0.481,1,,,,3.85,3.93,2.04,,,,,-1.0349,0,13,-0.2308,0.0921,-0.0892,0,0,,,,-0.0027,,,,,,,,,,,
spelad,NO,2021,2021-11-07,,Lillestrom,Valerenga,0,0,D,,,,,,,,,,,,,,,,,,,,0.4794,0.2568,0.2638,1,,,,2.19,3.79,3.75,,,,,-0.2048,1,13,0,0.1288,0.1217,0,0,,,,-0.0259,,,,,,,,,,,
spelad,NO,2021,2021-11-07,,Mjondalen,Viking,0,1,A,,,,,,,,,,,,,,,,,,,,0.2604,0.2363,0.5033,1,,,,3.8,4.11,1.97,,,,,-0.5919,0,7,-1.2857,-0.4249,0.034,0,0,,,,0.0072,,,,,,,,,,,
spelad,NO,2021,2021-11-07,,Molde,Sandefjord,3,1,H,,,,,,,,,,,,,,,,,,,,0.7989,0.1267,0.0744,1,,,,1.22,8.25,17,,,,,-0.1048,0,9,1.3333,0.0137,-0.1007,0,0,,,,-0.0087,,,,,,,,,,,
spelad,NO,2021,2021-11-07,,Odd,Kristiansund,2,4,A,,,,,,,,,,,,,,,,,,,,0.4612,0.2508,0.2879,1,,,,2.3,4,3.4,,,,,-0.2109,-1,9,0,-0.1646,0.0718,0,0,,,,-0.0259,,,,,,,,,,,
spelad,NO,2021,2021-11-07,,Tromso,Stromsgodset,1,1,D,,,,,,,,,,,,,,,,,,,,0.5917,0.2322,0.1761,1,,,,1.75,4.26,5.87,,,,,0.7018,1,11,-0.8182,-0.1069,-0.073,0,0,,,,-0.0287,,,,,,,,,,,
spelad,NO,2021,2021-11-20,,Stromsgodset,Mjondalen,1,2,A,,,,,,,,,,,,,,,,,,,,0.5913,0.224,0.1847,1,,,,1.7,4.5,5.5,,,,,0.1319,0,7,0,-0.2702,0.1657,0,0,,,,-0.0179,,,,,,,,,,,
spelad,NO,2021,2021-11-20,,Viking,Haugesund,1,1,D,,,,,,,,,,,,,,,,,,,,0.6638,0.1986,0.1377,1,,,,1.5,5,7.04,,,,,1.1938,0,13,-0.4615,-0.2741,-0.0344,0,0,,,,-0.0316,,,,,,,,,,,
spelad,NO,2021,2021-11-21,,Bodo/Glimt,Lillestrom,2,0,H,,,,,,,,,,,,,,,,,,,,0.6595,0.1975,0.143,1,,,,1.49,5.2,7.25,,,,,0.6037,0,11,-0.2727,-0.1524,0.1092,0,0,,,,-0.0131,,,,,,,,,,,
spelad,NO,2021,2021-11-21,,Molde,Rosenborg,4,1,H,,,,,,,,,,,,,,,,,,,,0.6426,0.1899,0.1676,1,,,,1.51,5.5,7.5,,,,,-0.0574,-1,15,0,0.2135,-0.1833,0,0,,,,0.0439,,,,,,,,,,,
spelad,NO,2021,2021-11-21,,Sandefjord,Brann,2,2,D,,,,,,,,,,,,,,,,,,,,0.3198,0.2664,0.4138,1,,,,3.1,3.65,2.4,,,,,0.0711,-1,7,-2.1429,-0.6084,0.027,0,0,,,,0.0035,,,,,,,,,,,
spelad,NO,2021,2021-11-21,,Sarpsborg 08,Odd,1,1,D,,,,,,,,,,,,,,,,,,,,0.5778,0.2333,0.1889,1,,,,1.91,4.16,5.18,,,,,1.2249,1,15,0,0.0595,0.1995,0,0,,,,-0.0761,,,,,,,,,,,
spelad,NO,2021,2021-11-21,,Stabaek,Kristiansund,3,0,H,,,,,,,,,,,,,,,,,,,,0.3588,0.2701,0.3711,1,,,,3.08,3.75,2.66,,,,,0.2374,1,9,-0.6667,-0.1463,-0.1436,0,0,,,,-0.0545,,,,,,,,,,,
spelad,NO,2021,2021-11-21,,Valerenga,Tromso,1,1,D,,,,,,,,,,,,,,,,,,,,0.5506,0.2524,0.197,1,,,,1.83,3.87,5.1,,,,,-0.2083,0,11,1.6364,0.6445,0.0172,0,0,,,,-0.027,,,,,,,,,,,
spelad,NO,2021,2021-11-27,,Lillestrom,Stromsgodset,4,1,H,,,,,,,,,,,,,,,,,,,,0.655,0.2007,0.1443,1,,,,1.55,4.84,7,,,,,0.1196,-1,13,-0.4615,-0.0374,-0.0289,0,0,,,,-0.045,,,,,,,,,,,
spelad,NO,2021,2021-11-27,,Odd,Valerenga,1,2,A,,,,,,,,,,,,,,,,,,,,0.3525,0.2748,0.3727,1,,,,2.76,3.7,2.8,,,,,-0.4693,0,15,-0.2,-0.1599,0.01,0,0,,,,0.0264,,,,,,,,,,,
spelad,NO,2021,2021-11-28,,Brann,Molde,0,1,A,,,,,,,,,,,,,,,,,,,,0.3332,0.242,0.4248,1,,,,3,4.05,2.55,,,,,-0.4618,0,13,-1.1538,-0.2115,-0.0909,0,0,,,,0.0208,,,,,,,,,,,
spelad,NO,2021,2021-11-28,,Haugesund,Sandefjord,1,2,A,,,,,,,,,,,,,,,,,,,,0.4861,0.2762,0.2377,1,,,,2.04,3.75,4.25,,,,,-0.1259,1,9,2,0.7801,-0.1612,0,0,,,,-0.0081,,,,,,,,,,,
spelad,NO,2021,2021-11-28,,Kristiansund,Viking,2,3,A,,,,,,,,,,,,,,,,,,,,0.3413,0.25,0.4087,1,,,,2.9,3.95,2.4,,,,,-0.8784,-1,7,-1.2857,-0.4663,-0.2469,0,0,,,,-0.0016,,,,,,,,,,,
spelad,NO,2021,2021-11-28,,Mjondalen,Sarpsborg 08,1,3,A,,,,,,,,,,,,,,,,,,,,0.3016,0.2874,0.411,1,,,,3.3,3.5,2.43,,,,,-0.5518,1,7,0,0.1042,0.4395,0,0,,,,0.008,,,,,,,,,,,
spelad,NO,2021,2021-11-28,,Rosenborg,Bodo/Glimt,0,0,D,,,,,,,,,,,,,,,,,,,,0.3156,0.2708,0.4136,1,,,,3.12,3.8,2.38,,,,,-0.9749,0,13,0,-0.5072,0.1576,0,0,,,,0.0082,,,,,,,,,,,
spelad,NO,2021,2021-11-28,,Tromso,Stabaek,0,0,D,,,,,,,,,,,,,,,,,,,,0.5814,0.2471,0.1715,1,,,,1.7,3.94,6,,,,,0.4048,0,11,0.2727,0.0721,0.1032,0,0,,,,-0.028,,,,,,,,,,,
spelad,NO,2021,2021-12-05,,Bodo/Glimt,Brann,2,2,D,,,,,,,,,,,,,,,,,,,,0.7174,0.1614,0.1212,1,,,,1.36,6,9.5,,,,,1.2054,0,11,0.2727,0.1129,-0.0697,0,0,,,,-0.0029,,,,,,,,,,,
spelad,NO,2021,2021-12-05,,Molde,Lillestrom,3,3,D,,,,,,,,,,,,,,,,,,,,0.6456,0.1956,0.1588,1,,,,1.53,5,7,,,,,0.2412,-1,13,1.3846,0.1949,-0.0026,0,0,,,,-0.0088,,,,,,,,,,,
spelad,NO,2021,2021-12-05,,Sandefjord,Kristiansund,3,2,H,,,,,,,,,,,,,,,,,,,,0.434,0.2565,0.3096,1,,,,2.5,3.79,3.2,,,,,0.5032,0,7,-1.7143,-0.5255,-0.1253,0,0,,,,-0.0245,,,,,,,,,,,
spelad,NO,2021,2021-12-05,,Sarpsborg 08,Tromso,0,1,A,,,,,,,,,,,,,,,,,,,,0.481,0.2832,0.2358,1,,,,2.05,3.6,4.25,,,,,0.9033,0,11,0.8182,0.3103,-0.0777,0,0,,,,-0.0166,,,,,,,,,,,
spelad,NO,2021,2021-12-05,,Stabaek,Rosenborg,1,3,A,,,,,,,,,,,,,,,,,,,,0.2948,0.271,0.4343,1,,,,3.38,3.6,2.3,,,,,0.7502,0,15,-1,0.1277,0.0526,0,0,,,,0.0135,,,,,,,,,,,
spelad,NO,2021,2021-12-05,,Stromsgodset,Haugesund,0,0,D,,,,,,,,,,,,,,,,,,,,0.4265,0.2526,0.3209,1,,,,2.45,3.92,3.05,,,,,0.0573,1,15,0.4,0.0369,-0.0499,0,0,,,,-0.018,,,,,,,,,,,
spelad,NO,2021,2021-12-05,,Valerenga,Mjondalen,2,0,H,,,,,,,,,,,,,,,,,,,,0.6035,0.2188,0.1776,1,,,,1.62,4.5,6,,,,,0.334,1,7,1.7143,0.5898,-0.1013,0,0,,,,-0.0088,,,,,,,,,,,
spelad,NO,2021,2021-12-05,,Viking,Odd,3,1,H,,,,,,,,,,,,,,,,,,,,0.5893,0.2326,0.1781,1,,,,1.67,5,5.75,,,,,1.4024,-1,13,-0.9231,-0.2583,-0.0214,0,0,,,,-0.0025,,,,,,,,,,,
spelad,NO,2021,2021-12-12,,Brann,Sarpsborg 08,2,1,H,,,,,,,,,,,,,,,,,,,,0.7119,0.1816,0.1065,1,,,,1.47,5.5,9.14,,,,,-1.3852,0,13,0.2308,-0.0052,0.0315,0,0,,,,-0.0788,,,,,,,,,,,
spelad,NO,2021,2021-12-12,,Haugesund,Molde,1,2,A,,,,,,,,,,,,,,,,,,,,0.2487,0.2256,0.5257,1,,,,4.2,4.75,1.85,,,,,-0.3574,0,15,-1.2,-0.1216,0.0968,0,0,,,,0.0058,,,,,,,,,,,
spelad,NO,2021,2021-12-12,,Kristiansund,Valerenga,2,1,H,,,,,,,,,,,,,,,,,,,,0.3259,0.2536,0.4205,1,,,,3,3.94,2.65,,,,,-1.1278,0,9,0.3333,0.4509,0.2004,0,0,,,,0.0153,,,,,,,,,,,
spelad,NO,2021,2021-12-12,,Lillestrom,Sandefjord,2,0,H,,,,,,,,,,,,,,,,,,,,0.6689,0.1872,0.1439,1,,,,1.45,5.26,7.3,,,,,-0.1668,0,7,2.1429,0.7151,0.0316,0,0,,,,0.008,,,,,,,,,,,
spelad,NO,2021,2021-12-12,,Mjondalen,Bodo/Glimt,0,3,A,,,,,,,,,,,,,,,,,,,,0.1611,0.2221,0.6168,1,,,,6.95,5.5,1.59,,,,,-0.0677,0,7,-2.5714,-0.7369,-0.0678,0,0,,,,0.0076,,,,,,,,,,,
spelad,NO,2021,2021-12-12,,Odd,Stabaek,3,1,H,,,,,,,,,,,,,,,,,,,,0.4034,0.2671,0.3295,1,,,,2.42,3.81,3.11,,,,,-0.8375,0,15,0.6,0.0292,-0.1139,0,0,,,,0.0324,,,,,,,,,,,
spelad,NO,2021,2021-12-12,,Rosenborg,Stromsgodset,2,2,D,,,,,,,,,,,,,,,,,,,,0.6682,0.193,0.1388,1,,,,1.46,5.1,9.5,,,,,0.1518,0,15,1,-0.0163,0.168,0,0,,,,0.0014,,,,,,,,,,,
spelad,NO,2021,2021-12-12,,Tromso,Viking,0,2,A,,,,,,,,,,,,,,,,,,,,0.4268,0.2602,0.3129,1,,,,2.3,4,3.2,,,,,-0.4209,0,9,0.3333,0.4614,-0.251,0,0,,,,0.0003,,,,,,,,,,,
spelad,NO,2021,2021-12-15,,Brann,Jerv,1,1,D,,,,,,,,,,,,,,,,,,,,0.6089,0.2234,0.1677,1,,,,1.67,4.36,6,,,,,,,,,,,-1,0,,,,-0.031,,,,,,,,,,,
spelad,NO,2022,2022-04-02,,HamKam,Lillestrom,2,2,D,,,,,,,,,,,,,,,,,,,,0.3553,0.2995,0.3452,1,,,,2.85,3.44,2.82,,,,,,,,,,,1,0,,,,-0.0029,,,,,,,,,,,
spelad,NO,2022,2022-04-02,,Molde,Valerenga,1,0,H,,,,,,,,,,,,,,,,,,,,0.5334,0.247,0.2196,1,,,,1.83,4.4,4.7,,,,,-0.1686,,15,1.2,0.3371,-0.0409,0,0,,,,-0.0117,,,,,,,,,,,
spelad,NO,2022,2022-04-03,,Aalesund,Kristiansund,1,0,H,,,,,,,,,,,,,,,,,,,,0.4437,0.2627,0.2936,1,,,,2.23,3.79,3.35,,,,,0.4507,,4,-1.5,-0.8284,0.2287,1,0,,,,-0.0084,,,,,,,,,,,
spelad,NO,2022,2022-04-03,,Bodo/Glimt,Rosenborg,2,2,D,,,,,,,,,,,,,,,,,,,,0.6605,0.2124,0.1271,1,,,,1.48,5.1,7.65,,,,,0.4136,,14,0,0.2881,0.1984,0,0,,,,-0.0281,,,,,,,,,,,
spelad,NO,2022,2022-04-03,,Haugesund,Sandefjord,1,3,A,,,,,,,,,,,,,,,,,,,,0.4829,0.2797,0.2373,1,,,,2.05,3.55,4.2,,,,,-0.9972,,10,1.5,0.5286,-0.1727,0,0,,,,-0.0142,,,,,,,,,,,
spelad,NO,2022,2022-04-03,,Jerv,Stromsgodset,1,0,H,,,,,,,,,,,,,,,,,,,,0.2879,0.2871,0.425,1,,,,3.38,3.52,2.3,,,,,-0.047,,,,,,0,0,,,,0.0012,,,,,,,,,,,
spelad,NO,2022,2022-04-03,,Odd,Tromso,2,0,H,,,,,,,,,,,,,,,,,,,,0.4229,0.2993,0.2779,1,,,,2.35,3.3,3.55,,,,,-0.6049,,12,0.75,0.1242,-0.0013,0,0,,,,-0.017,,,,,,,,,,,
spelad,NO,2022,2022-04-03,,Sarpsborg 08,Viking,0,1,A,,,,,,,,,,,,,,,,,,,,0.4039,0.2781,0.3181,1,,,,2.42,3.6,3.1,,,,,-0.0145,,14,-1.0714,-0.4987,-0.0385,0,0,,,,0.0077,,,,,,,,,,,
spelad,NO,2022,2022-04-09,,Lillestrom,Jerv,4,0,H,,,,,,,,,,,,,,,,,,,,0.6924,0.1916,0.1161,1,,,,1.43,5.25,9.5,,,,,0.3118,1,,,,,0,0,,,,-0.0278,,,,,,,,,,,
spelad,NO,2022,2022-04-10,,Kristiansund,Sarpsborg 08,2,3,A,,,,,,,,,,,,,,,,,,,,0.4127,0.2839,0.3034,1,,,,2.36,3.5,3.27,,,,,-0.6255,0,10,0.9,0.6034,0.0336,0,0,,,,0.0014,,,,,,,,,,,
spelad,NO,2022,2022-04-10,,Rosenborg,Odd,1,0,H,,,,,,,,,,,,,,,,,,,,0.592,0.234,0.174,1,,,,1.68,4.2,5.6,,,,,-0.0426,0,16,0.75,0.0487,0.0032,0,0,,,,-0.0381,,,,,,,,,,,
spelad,NO,2022,2022-04-10,,Sandefjord,Bodo/Glimt,1,2,A,,,,,,,,,,,,,,,,,,,,0.2004,0.2607,0.5389,1,,,,5,4.5,1.8,,,,,0.6058,0,8,-0.75,0.1493,0.0356,0,0,,,,0.0105,,,,,,,,,,,
spelad,NO,2022,2022-04-10,,Stromsgodset,Molde,1,3,A,,,,,,,,,,,,,,,,,,,,0.3632,0.2638,0.373,1,,,,2.81,3.85,2.61,,,,,-0.4276,-1,16,-1.3125,-0.2512,-0.0467,0,0,,,,-0.011,,,,,,,,,,,
spelad,NO,2022,2022-04-10,,Tromso,HamKam,2,1,H,,,,,,,,,,,,,,,,,,,,0.5245,0.2637,0.2119,1,,,,1.86,3.68,4.75,,,,,,-1,,,,,-1,0,,,,-0.0172,,,,,,,,,,,
spelad,NO,2022,2022-04-10,,Valerenga,Haugesund,2,1,H,,,,,,,,,,,,,,,,,,,,0.5781,0.2386,0.1833,1,,,,1.7,4.2,5.3,,,,,0.6724,1,16,0.1875,0.0105,-0.0791,0,0,,,,-0.0264,,,,,,,,,,,
spelad,NO,2022,2022-04-10,,Viking,Aalesund,1,0,H,,,,,,,,,,,,,,,,,,,,0.6738,0.1862,0.14,1,,,,1.45,5.3,7.5,,,,,0.9265,0,10,0.6,-0.0225,-0.043,-1,0,,,,-0.0085,,,,,,,,,,,
spelad,NO,2022,2022-04-18,,Aalesund,Tromso,2,2,D,,,,,,,,,,,,,,,,,,,,0.4365,0.2805,0.283,1,,,,2.3,3.48,3.44,,,,,-0.0518,0,6,0.5,0.4174,-0.0941,1,0,,,,-0.0124,,,,,,,,,,,
spelad,NO,2022,2022-04-18,,Bodo/Glimt,Valerenga,5,1,H,,,,,,,,,,,,,,,,,,,,0.6303,0.2201,0.1496,1,,,,1.58,4.75,7,,,,,-0.2359,0,13,0.9231,0.2137,0.3046,0,0,,,,-0.0376,,,,,,,,,,,
spelad,NO,2022,2022-04-18,,HamKam,Sandefjord,3,0,H,,,,,,,,,,,,,,,,,,,,0.5161,0.254,0.2299,1,,,,1.92,3.83,4.33,,,,,,0,,,,,1,0,,,,-0.0079,,,,,,,,,,,
spelad,NO,2022,2022-04-18,,Haugesund,Stromsgodset,0,1,A,,,,,,,,,,,,,,,,,,,,0.4122,0.2912,0.2966,1,,,,2.51,3.6,3.28,,,,,-0.3986,0,16,-0.375,-0.0013,0,0,0,,,,-0.0168,,,,,,,,,,,
spelad,NO,2022,2022-04-18,,Jerv,Kristiansund,1,0,H,,,,,,,,,,,,,,,,,,,,0.3378,0.2895,0.3727,1,,,,3.05,3.52,2.63,,,,,0.4601,1,,,,,0,0,,,,-0.0136,,,,,,,,,,,
spelad,NO,2022,2022-04-18,,Molde,Lillestrom,1,2,A,,,,,,,,,,,,,,,,,,,,0.6171,0.2093,0.1736,1,,,,1.57,4.75,5.95,,,,,0.054,-1,14,1.2857,0.1001,0.0551,0,0,,,,0.0082,,,,,,,,,,,
spelad,NO,2022,2022-04-18,,Odd,Viking,2,1,H,,,,,,,,,,,,,,,,,,,,0.2795,0.2702,0.4503,1,,,,3.65,3.75,2.16,,,,,-0.8991,0,14,0.6429,0.2049,-0.0365,0,0,,,,-0.0185,,,,,,,,,,,
spelad,NO,2022,2022-04-18,,Sarpsborg 08,Rosenborg,1,1,D,,,,,,,,,,,,,,,,,,,,0.4083,0.2842,0.3075,1,,,,2.51,3.6,3.16,,,,,0.4116,0,16,-1.5,-0.2565,0.0052,0,0,,,,-0.045,,,,,,,,,,,
spelad,NO,2022,2022-04-23,,Odd,Aalesund,2,3,A,,,,,,,,,,,,,,,,,,,,0.4699,0.2658,0.2643,1,,,,2.08,3.78,3.82,,,,,0.4381,0,10,1.2,0.1827,-0.0392,-1,0,,,,0.0004,,,,,,,,,,,
spelad,NO,2022,2022-04-23,,Stromsgodset,Sandefjord,0,5,A,,,,,,,,,,,,,,,,,,,,0.5895,0.2349,0.1756,1,,,,1.66,4.2,6,,,,,-0.7613,0,10,0.9,0.0516,-0.1333,0,0,,,,-0.0165,,,,,,,,,,,
spelad,NO,2022,2022-04-24,,Kristiansund,HamKam,2,2,D,,,,,,,,,,,,,,,,,,,,0.4214,0.2734,0.3052,1,,,,2.31,3.66,3.21,,,,,,0,,,,,-1,0,,,,0.0033,,,,,,,,,,,
spelad,NO,2022,2022-04-24,,Lillestrom,Haugesund,1,0,H,,,,,,,,,,,,,,,,,,,,0.595,0.2354,0.1696,1,,,,1.65,4.75,6,,,,,1.2407,0,13,1.1538,0.4799,0.1885,0,0,,,,0.0009,,,,,,,,,,,
spelad,NO,2022,2022-04-24,,Rosenborg,Molde,0,0,D,,,,,,,,,,,,,,,,,,,,0.4301,0.2671,0.3028,1,,,,2.43,3.79,3.21,,,,,-0.4106,0,16,-0.1875,-0.0716,-0.1837,0,0,,,,-0.0528,,,,,,,,,,,
spelad,NO,2022,2022-04-24,,Tromso,Sarpsborg 08,2,5,A,,,,,,,,,,,,,,,,,,,,0.5063,0.2671,0.2266,1,,,,2,3.66,4.33,,,,,-0.0668,0,12,-0.5,-0.0458,-0.0948,0,0,,,,-0.0197,,,,,,,,,,,
spelad,NO,2022,2022-04-24,,Valerenga,Jerv,1,0,H,,,,,,,,,,,,,,,,,,,,0.7361,0.1655,0.0983,1,,,,1.36,6.25,11,,,,,-0.2895,0,,,,,0,0,,,,-0.0171,,,,,,,,,,,
spelad,NO,2022,2022-04-24,,Viking,Bodo/Glimt,2,0,H,,,,,,,,,,,,,,,,,,,,0.4207,0.2531,0.3261,1,,,,2.65,3.85,3.01,,,,,0.661,0,12,-0.75,-0.2324,-0.1388,0,0,,,,-0.0159,,,,,,,,,,,
spelad,NO,2022,2022-04-28,,Lillestrom,Aalesund,2,0,H,,,,,,,,,,,,,,,,,,,,0.5332,0.2616,0.2052,1,,,,1.83,4.04,4.9,,,,,0.6948,-1,7,0,-0.2006,0.1697,-1,0,,,,0.0122,,,,,,,,,,,
spelad,NO,2022,2022-04-30,,Viking,Haugesund,5,1,H,,,,,,,,,,,,,,,,,,,,0.6549,0.1982,0.1469,1,,,,1.5,5.36,8.12,,,,,1.61,0,13,-0.6923,-0.4455,0.046,0,0,,,,-0.019,,,,,,,,,,,
spelad,NO,2022,2022-05-07,,Molde,Viking,3,4,A,,,,,,,,,,,,,,,,,,,,0.4504,0.2574,0.2922,1,,,,2.25,4.2,3.54,,,,,-0.5775,6,14,0.6429,-0.0752,-0.1597,0,0,,,,0.0041,,,,,,,,,,,
spelad,NO,2022,2022-05-07,,Sarpsborg 08,Odd,1,0,H,,,,,,,,,,,,,,,,,,,,0.5357,0.2512,0.2131,1,,,,1.81,4.1,4.95,,,,,-0.0463,-1,15,0.2,0.0416,0.2649,0,0,,,,0.013,,,,,,,,,,,
spelad,NO,2022,2022-05-08,,Bodo/Glimt,Lillestrom,1,1,D,,,,,,,,,,,,,,,,,,,,0.5414,0.2537,0.2049,1,,,,1.8,4.5,4.79,,,,,-0.905,4,11,0.2727,0.0711,0.1159,0,0,,,,-0.0021,,,,,,,,,,,
spelad,NO,2022,2022-05-08,,HamKam,Aalesund,0,0,D,,,,,,,,,,,,,,,,,,,,0.4033,0.2801,0.3166,1,,,,2.41,3.71,3.36,,,,,,4,,,,,0,0,,,,0.0029,,,,,,,,,,,
spelad,NO,2022,2022-05-08,,Haugesund,Kristiansund,2,0,H,,,,,,,,,,,,,,,,,,,,0.4804,0.2702,0.2494,1,,,,2.05,3.75,3.91,,,,,-0.2081,-6,10,-0.3,-0.2326,0.0333,0,0,,,,-0.028,,,,,,,,,,,
spelad,NO,2022,2022-05-08,,Jerv,Tromso,1,1,D,,,,,,,,,,,,,,,,,,,,0.2871,0.2821,0.4307,1,,,,3.5,3.51,2.26,,,,,0.5429,0,,,,,0,0,,,,-0.0038,,,,,,,,,,,
spelad,NO,2022,2022-05-08,,Sandefjord,Valerenga,1,3,A,,,,,,,,,,,,,,,,,,,,0.3657,0.2687,0.3657,1,,,,2.7,3.67,2.7,,,,,0.6015,1,10,-0.9,0.1365,-0.1356,0,0,,,,0.0009,,,,,,,,,,,
spelad,NO,2022,2022-05-08,,Stromsgodset,Rosenborg,3,0,H,,,,,,,,,,,,,,,,,,,,0.3191,0.2854,0.3956,1,,,,3.05,3.66,2.54,,,,,-0.7279,1,16,-0.9375,-0.1179,0.208,0,0,,,,0.0441,,,,,,,,,,,
spelad,NO,2022,2022-05-11,,Molde,Odd,3,0,H,,,,,,,,,,,,,,,,,,,,0.6825,0.1853,0.1322,1,,,,1.42,5.55,8.5,,,,,0.1311,0,15,1,0.1805,0.0198,0,0,,,,0.002,,,,,,,,,,,
spelad,NO,2022,2022-05-12,,Tromso,Valerenga,1,0,H,,,,,,,,,,,,,,,,,,,,0.4531,0.2604,0.2865,1,,,,2.25,3.74,3.42,,,,,-0.7197,0,12,-1.5,-0.5935,0.078,0,0,,,,-0.0215,,,,,,,,,,,
spelad,NO,2022,2022-05-12,,Viking,Stromsgodset,0,0,D,,,,,,,,,,,,,,,,,,,,0.7073,0.1755,0.1172,1,,,,1.4,5.75,8.6,,,,,1.2556,1,13,-0.4615,-0.2316,0.1346,0,0,,,,-0.017,,,,,,,,,,,
spelad,NO,2022,2022-05-16,,Aalesund,Molde,0,2,A,,,,,,,,,,,,,,,,,,,,0.3244,0.2734,0.4022,1,,,,3.05,3.75,2.42,,,,,0.011,3,10,-2.4,-0.4681,-0.2084,1,0,,,,-0.023,,,,,,,,,,,
spelad,NO,2022,2022-05-16,,Bodo/Glimt,Tromso,1,1,D,,,,,,,,,,,,,,,,,,,,0.5778,0.2489,0.1733,1,,,,1.68,4.33,5.85,,,,,-0.1973,4,10,1.2,0.5435,-0.2455,0,0,,,,-0.0022,,,,,,,,,,,
spelad,NO,2022,2022-05-16,,Kristiansund,Stromsgodset,0,3,A,,,,,,,,,,,,,,,,,,,,0.4402,0.2702,0.2895,1,,,,2.3,3.75,3.36,,,,,-0.6636,4,10,1.5,1.0014,-0.158,0,0,,,,-0.0451,,,,,,,,,,,
spelad,NO,2022,2022-05-16,,Lillestrom,Sarpsborg 08,1,0,H,,,,,,,,,,,,,,,,,,,,0.4544,0.2716,0.2739,1,,,,2.15,3.75,3.63,,,,,0.4745,-1,14,-0.4286,-0.2079,0.019,0,0,,,,-0.0068,,,,,,,,,,,
spelad,NO,2022,2022-05-16,,Odd,Haugesund,0,4,A,,,,,,,,,,,,,,,,,,,,0.4841,0.2644,0.2514,1,,,,2.05,3.8,3.87,,,,,0.6877,-3,15,0.6,0.1019,0.0024,0,0,,,,-0.0295,,,,,,,,,,,
spelad,NO,2022,2022-05-16,,Rosenborg,Sandefjord,3,0,H,,,,,,,,,,,,,,,,,,,,0.7075,0.1709,0.1216,1,,,,1.4,5.67,10,,,,,-0.5922,0,10,2.4,0.3491,0.0081,0,0,,,,-0.0052,,,,,,,,,,,
spelad,NO,2022,2022-05-16,,Valerenga,HamKam,1,1,D,,,,,,,,,,,,,,,,,,,,0.5889,0.237,0.1741,1,,,,1.7,4.33,5.58,,,,,0.1552,-4,,,,,-1,0,,,,-0.0456,,,,,,,,,,,
spelad,NO,2022,2022-05-16,,Viking,Jerv,3,0,H,,,,,,,,,,,,,,,,,,,,0.8311,0.1141,0.0548,1,,,,1.17,9,21,,,,,0.2954,-4,,,,,0,0,,,,-0.0086,,,,,,,,,,,
spelad,NO,2022,2022-05-21,,Molde,Kristiansund,2,1,H,,,,,,,,,,,,,,,,,,,,0.7402,0.1515,0.1082,1,,,,1.33,6.5,10,,,,,1.1308,0,10,0,-0.4807,-0.0347,0,0,,,,-0.017,,,,,,,,,,,
spelad,NO,2022,2022-05-21,,Sandefjord,Lillestrom,1,4,A,,,,,,,,,,,,,,,,,,,,0.228,0.2471,0.5249,1,,,,4.33,4.01,1.95,,,,,-0.7156,0,8,-2.25,-0.7308,0.0043,0,0,,,,0.0171,,,,,,,,,,,
spelad,NO,2022,2022-05-22,,HamKam,Rosenborg,1,1,D,,,,,,,,,,,,,,,,,,,,0.3265,0.2764,0.3971,1,,,,3,3.61,2.45,,,,,-0.0961,0,,,,,1,0,,,,-0.0011,,,,,,,,,,,
spelad,NO,2022,2022-05-22,,Haugesund,Bodo/Glimt,1,4,A,,,,,,,,,,,,,,,,,,,,0.2138,0.2488,0.5374,1,,,,4.55,4,1.83,,,,,-0.0587,0,13,0,0.1583,-0.0135,0,0,,,,0.0207,,,,,,,,,,,
spelad,NO,2022,2022-05-22,,Jerv,Odd,0,1,A,,,,,,,,,,,,,,,,,,,,0.3606,0.2774,0.362,1,,,,2.8,3.62,2.82,,,,,0.2812,0,,,,,0,0,,,,0.0148,,,,,,,,,,,
spelad,NO,2022,2022-05-22,,Sarpsborg 08,Aalesund,1,2,A,,,,,,,,,,,,,,,,,,,,0.5008,0.2662,0.233,1,,,,2,3.86,4.27,,,,,0.0406,0,10,2.1,0.7987,0.0418,-1,0,,,,-0.0276,,,,,,,,,,,
spelad,NO,2022,2022-05-22,,Stromsgodset,Valerenga,3,2,H,,,,,,,,,,,,,,,,,,,,0.4053,0.2672,0.3275,1,,,,2.4,3.76,3,,,,,0.4135,0,15,-0.2,-0.0924,0.0208,0,0,,,,0.0013,,,,,,,,,,,
spelad,NO,2022,2022-05-22,,Tromso,Viking,1,1,D,,,,,,,,,,,,,,,,,,,,0.4231,0.2821,0.2949,1,,,,2.5,3.63,3.3,,,,,-0.8264,0,10,0,0.2612,-0.2519,0,0,,,,-0.0668,,,,,,,,,,,
spelad,NO,2022,2022-05-25,,Aalesund,Jerv,2,1,H,,,,,,,,,,,,,,,,,,,,0.6906,0.1922,0.1172,1,,,,1.42,5.1,9,,,,,0.0993,0,,,,,1,0,,,,-0.0249,,,,,,,,,,,
spelad,NO,2022,2022-05-25,,Bodo/Glimt,Stromsgodset,2,2,D,,,,,,,,,,,,,,,,,,,,0.7002,0.1786,0.1212,1,,,,1.4,5.5,8.5,,,,,-0.3395,0,13,0.2308,0.0347,-0.0643,0,0,,,,-0.017,,,,,,,,,,,
spelad,NO,2022,2022-05-25,,Lillestrom,Valerenga,2,0,H,,,,,,,,,,,,,,,,,,,,0.512,0.2501,0.2379,1,,,,1.92,3.9,4.2,,,,,1.14,1,13,0,0.0743,0.1222,0,0,,,,-0.0141,,,,,,,,,,,
spelad,NO,2022,2022-05-25,,Odd,Sandefjord,0,1,A,,,,,,,,,,,,,,,,,,,,0.5113,0.2523,0.2364,1,,,,1.94,4,4.11,,,,,0.0437,-1,10,0.6,-0.2168,0.1486,0,0,,,,-0.0259,,,,,,,,,,,
spelad,NO,2022,2022-05-25,,Viking,HamKam,1,1,D,,,,,,,,,,,,,,,,,,,,0.7245,0.1626,0.1129,1,,,,1.35,6,10,,,,,0.3947,0,,,,,-1,0,,,,0.0011,,,,,,,,,,,
spelad,NO,2022,2022-05-26,,Rosenborg,Haugesund,3,3,D,,,,,,,,,,,,,,,,,,,,0.6227,0.214,0.1633,1,,,,1.57,4.55,6,,,,,0.1562,0,16,0.1875,-0.3183,-0.0569,0,0,,,,-0.0166,,,,,,,,,,,
spelad,NO,2022,2022-05-26,,Sarpsborg 08,Molde,1,2,A,,,,,,,,,,,,,,,,,,,,0.3367,0.2476,0.4158,1,,,,2.89,4,2.48,,,,,-0.2752,-1,15,0,0.3858,0.0994,0,0,,,,0.0143,,,,,,,,,,,
spelad,NO,2022,2022-05-28,,HamKam,Odd,1,2,A,,,,,,,,,,,,,,,,,,,,0.5396,0.2484,0.2121,1,,,,1.9,3.91,4.6,,,,,0.4521,0,,,,,1,0,,,,-0.0396,,,,,,,,,,,
spelad,NO,2022,2022-05-28,,Stromsgodset,Viking,3,2,H,,,,,,,,,,,,,,,,,,,,0.3088,0.2608,0.4304,1,,,,3.17,3.84,2.3,,,,,0.5461,0,14,0.4286,0.1238,0.1839,0,0,,,,0.0048,,,,,,,,,,,
spelad,NO,2022,2022-05-29,,Haugesund,Aalesund,2,2,D,,,,,,,,,,,,,,,,,,,,0.4522,0.277,0.2708,1,,,,2.25,3.62,3.6,,,,,-0.2732,-1,9,0.6667,0.33,-0.1511,-1,0,,,,-0.0166,,,,,,,,,,,
spelad,NO,2022,2022-05-29,,Jerv,Sarpsborg 08,0,5,A,,,,,,,,,,,,,,,,,,,,0.2527,0.256,0.4913,1,,,,3.85,3.86,2.02,,,,,0.1673,1,,,,,0,0,,,,0.0248,,,,,,,,,,,
spelad,NO,2022,2022-05-29,,Molde,Bodo/Glimt,3,1,H,,,,,,,,,,,,,,,,,,,,0.3895,0.2576,0.3528,1,,,,2.5,4,2.83,,,,,0.5759,-1,14,0.6429,-0.0179,-0.1492,0,0,,,,0.0092,,,,,,,,,,,
spelad,NO,2022,2022-05-29,,Tromso,Lillestrom,2,2,D,,,,,,,,,,,,,,,,,,,,0.4214,0.2932,0.2854,1,,,,2.31,3.5,3.5,,,,,-1.3009,3,12,-0.5,-0.1458,-0.0988,0,0,,,,0.005,,,,,,,,,,,
spelad,NO,2022,2022-05-29,,Valerenga,Rosenborg,0,4,A,,,,,,,,,,,,,,,,,,,,0.4935,0.2506,0.2559,1,,,,2.05,3.88,3.9,,,,,-0.0044,1,16,-1.5,-0.3997,0.1336,0,0,,,,-0.0334,,,,,,,,,,,
spelad,NO,2022,2022-06-18,,Kristiansund,Bodo/Glimt,0,2,A,,,,,,,,,,,,,,,,,,,,0.1885,0.2061,0.6054,1,,,,5.5,4.7,1.64,,,,,-0.4239,7,8,-2.625,-0.8243,-0.1011,0,0,,,,0.0049,,,,,,,,,,,
spelad,NO,2022,2022-06-18,,Sarpsborg 08,Stromsgodset,5,1,H,,,,,,,,,,,,,,,,,,,,0.4932,0.2504,0.2564,1,,,,2,4.05,3.82,,,,,-0.7566,-1,15,-0.6,-0.3165,0.1404,0,0,,,,-0.0063,,,,,,,,,,,
spelad,NO,2022,2022-06-19,,Aalesund,Valerenga,2,2,D,,,,,,,,,,,,,,,,,,,,0.4067,0.2693,0.324,1,,,,2.4,3.75,3.1,,,,,0.7694,0,9,0.6667,0.586,0.0986,0,0,,,,0.0167,,,,,,,,,,,
spelad,NO,2022,2022-06-19,,Jerv,HamKam,1,2,A,,,,,,,,,,,,,,,,,,,,0.2521,0.2756,0.4723,1,,,,3.86,3.62,2.15,,,,,-0.1098,-1,,,,,-1,0,,,,0.044,,,,,,,,,,,
spelad,NO,2022,2022-06-19,,Lillestrom,Rosenborg,3,1,H,,,,,,,,,,,,,,,,,,,,0.4747,0.263,0.2623,1,,,,2.1,3.75,3.74,,,,,1.0294,0,13,-1.3846,-0.1284,0.0061,0,0,,,,-0.0241,,,,,,,,,,,
spelad,NO,2022,2022-06-19,,Odd,Molde,1,2,A,,,,,,,,,,,,,,,,,,,,0.2984,0.2574,0.4442,1,,,,3.4,3.85,2.19,,,,,-0.3946,1,16,-1.125,-0.2242,0.007,0,0,,,,-0.0107,,,,,,,,,,,
spelad,NO,2022,2022-06-19,,Tromso,Haugesund,1,1,D,,,,,,,,,,,,,,,,,,,,0.564,0.245,0.191,1,,,,1.73,4,5.25,,,,,0.0056,0,12,-0.5,-0.1028,-0.0954,0,0,,,,-0.0071,,,,,,,,,,,
spelad,NO,2022,2022-06-19,,Viking,Sandefjord,1,2,A,,,,,,,,,,,,,,,,,,,,0.795,0.1256,0.0794,1,,,,1.23,8,14,,,,,-0.1774,-3,8,0.375,-0.085,-0.1154,0,0,,,,0.0026,,,,,,,,,,,
spelad,NO,2022,2022-06-25,,Haugesund,Viking,4,2,H,,,,,,,,,,,,,,,,,,,,0.2732,0.2658,0.461,1,,,,3.56,3.83,2.15,,,,,0.5761,0,14,0.4286,0.3254,0.0285,0,0,,,,0.0314,,,,,,,,,,,
spelad,NO,2022,2022-06-25,,Rosenborg,Kristiansund,3,1,H,,,,,,,,,,,,,,,,,,,,0.6378,0.2045,0.1576,1,,,,1.54,5.5,6.5,,,,,0.79,-1,10,0.9,-0.2729,0.2712,0,0,,,,-0.0149,,,,,,,,,,,
spelad,NO,2022,2022-06-26,,Bodo/Glimt,Aalesund,2,0,H,,,,,,,,,,,,,,,,,,,,0.7397,0.1582,0.1021,1,,,,1.67,7,10.1,,,,,-0.5576,1,7,-0.4286,-0.3325,-0.2201,0,0,,,,-0.0104,,,,,,,,,,,
spelad,NO,2022,2022-06-26,,HamKam,Sarpsborg 08,3,2,H,,,,,,,,,,,,,,,,,,,,0.3607,0.2618,0.3775,1,,,,2.77,3.79,2.58,,,,,-0.0829,-1,,,,,0,0,,,,-0.0162,,,,,,,,,,,
spelad,NO,2022,2022-06-26,,Sandefjord,Tromso,2,2,D,,,,,,,,,,,,,,,,,,,,0.2591,0.2669,0.474,1,,,,3.8,3.75,2.1,,,,,0.6499,0,8,0.75,0.564,0.2436,0,0,,,,0.014,,,,,,,,,,,
spelad,NO,2022,2022-06-26,,Stromsgodset,Lillestrom,3,0,H,,,,,,,,,,,,,,,,,,,,0.3467,0.2605,0.3928,1,,,,2.81,3.8,2.5,,,,,-0.2893,1,13,0.4615,0.1099,-0.0235,0,0,,,,0.0066,,,,,,,,,,,
spelad,NO,2022,2022-06-26,,Valerenga,Odd,0,1,A,,,,,,,,,,,,,,,,,,,,0.5951,0.2205,0.1844,1,,,,1.65,4.5,5.26,,,,,0.0003,0,16,0.375,0.241,-0.0078,0,0,,,,-0.0168,,,,,,,,,,,
spelad,NO,2022,2022-07-02,,Jerv,Haugesund,1,0,H,,,,,,,,,,,,,,,,,,,,0.2975,0.2643,0.4382,1,,,,3.6,3.95,2.25,,,,,-0.8293,6,,,,,0,0,,,,-0.0228,,,,,,,,,,,
spelad,NO,2022,2022-07-02,,Odd,Bodo/Glimt,3,2,H,,,,,,,,,,,,,,,,,,,,0.1917,0.2265,0.5818,1,,,,5.1,4.5,1.78,,,,,0.3498,0,14,0.8571,0.3915,-0.0854,0,0,,,,0.0132,,,,,,,,,,,
spelad,NO,2022,2022-07-03,,Aalesund,Stromsgodset,1,0,H,,,,,,,,,,,,,,,,,,,,0.4176,0.2644,0.318,1,,,,2.36,3.85,3.06,,,,,-1.1481,0,9,0.3333,0.6326,-0.0086,0,0,,,,-0.0151,,,,,,,,,,,
spelad,NO,2022,2022-07-03,,HamKam,Molde,0,0,D,,,,,,,,,,,,,,,,,,,,0.3343,0.2637,0.402,1,,,,3.1,3.85,2.42,,,,,-0.5898,-7,,,,,0,0,,,,-0.0034,,,,,,,,,,,
spelad,NO,2022,2022-07-03,,Kristiansund,Lillestrom,1,3,A,,,,,,,,,,,,,,,,,,,,0.2943,0.2728,0.4329,1,,,,3.35,3.6,2.36,,,,,-1.5942,1,8,0.75,0.425,0.2347,0,0,,,,0.0428,,,,,,,,,,,
spelad,NO,2022,2022-07-03,,Sarpsborg 08,Sandefjord,4,3,H,,,,,,,,,,,,,,,,,,,,0.7006,0.1684,0.131,1,,,,1.42,6,8,,,,,-0.359,0,10,0.6,0.0213,-0.073,0,0,,,,-0.0319,,,,,,,,,,,
spelad,NO,2022,2022-07-03,,Viking,Rosenborg,1,1,D,,,,,,,,,,,,,,,,,,,,0.5003,0.247,0.2527,1,,,,2.1,4,3.84,,,,,-0.6492,0,13,-1.8462,-0.3362,-0.1446,0,0,,,,-0.0471,,,,,,,,,,,
spelad,NO,2022,2022-07-06,,Molde,Jerv,1,1,D,,,,,,,,,,,,,,,,,,,,0.8081,0.1227,0.0693,1,,,,1.21,8,17,,,,,1.0393,-1,,,,,0,0,,,,-0.0102,,,,,,,,,,,
spelad,NO,2022,2022-07-09,,Bodo/Glimt,Sarpsborg 08,4,1,H,,,,,,,,,,,,,,,,,,,,0.691,0.1805,0.1285,1,,,,1.44,5.75,7.53,,,,,-0.3232,1,13,0.9231,0.2549,0.1352,0,0,,,,-0.0317,,,,,,,,,,,
spelad,NO,2022,2022-07-09,,Stromsgodset,Odd,0,0,D,,,,,,,,,,,,,,,,,,,,0.5109,0.2421,0.247,1,,,,1.9,4.1,4,,,,,0.3305,-1,15,0.2,0.1764,-0.1298,0,0,,,,-0.004,,,,,,,,,,,
spelad,NO,2022,2022-07-10,,Haugesund,HamKam,1,1,D,,,,,,,,,,,,,,,,,,,,0.467,0.2639,0.2691,1,,,,2.1,3.8,3.9,,,,,0.2171,1,,,,,0,0,,,,0.0075,,,,,,,,,,,
spelad,NO,2022,2022-07-10,,Lillestrom,Viking,0,1,A,,,,,,,,,,,,,,,,,,,,0.4725,0.2616,0.2659,1,,,,2.18,3.8,3.66,,,,,1.7385,0,11,-1.0909,-0.3824,0.0206,0,0,,,,-0.0545,,,,,,,,,,,
spelad,NO,2022,2022-07-10,,Molde,Tromso,5,1,H,,,,,,,,,,,,,,,,,,,,0.5464,0.2475,0.2061,1,,,,1.78,4.16,4.78,,,,,1.1088,-7,12,1.5,0.2039,-0.0587,0,0,,,,-0.0124,,,,,,,,,,,
spelad,NO,2022,2022-07-10,,Rosenborg,Jerv,3,2,H,,,,,,,,,,,,,,,,,,,,0.7455,0.1496,0.1049,1,,,,1.3,6.5,10.25,,,,,0.169,3,,,,,0,0,,,,-0.0123,,,,,,,,,,,
spelad,NO,2022,2022-07-10,,Valerenga,Kristiansund,3,0,H,,,,,,,,,,,,,,,,,,,,0.6718,0.19,0.1382,1,,,,1.52,5.3,7,,,,,0.1193,7,10,-0.6,-0.7376,0.155,0,0,,,,-0.0456,,,,,,,,,,,
spelad,NO,2022,2022-07-12,,Sandefjord,Aalesund,2,2,D,,,,,,,,,,,,,,,,,,,,0.4053,0.2694,0.3253,1,,,,2.45,3.66,3,,,,,0.2177,0,6,0,0.251,-0.2606,0,0,,,,-0.0202,,,,,,,,,,,
spelad,NO,2022,2022-07-16,,HamKam,Bodo/Glimt,0,2,A,,,,,,,,,,,,,,,,,,,,0.2441,0.2472,0.5087,1,,,,4.06,4.33,2.01,,,,,0.4133,-1,,,,,0,0,,,,0.0151,,,,,,,,,,,
spelad,NO,2022,2022-07-16,,Jerv,Sandefjord,1,2,A,,,,,,,,,,,,,,,,,,,,0.3727,0.2601,0.3671,1,,,,2.7,3.75,2.66,,,,,-0.3663,2,,,,,0,0,,,,-0.0017,,,,,,,,,,,
spelad,NO,2022,2022-07-17,,Aalesund,Rosenborg,0,0,D,,,,,,,,,,,,,,,,,,,,0.3288,0.2804,0.3908,1,,,,3.01,3.6,2.5,,,,,0.0174,-2,9,-1.6667,-0.1289,0.0294,0,0,,,,0.0035,,,,,,,,,,,
spelad,NO,2022,2022-07-17,,Molde,Haugesund,1,0,H,,,,,,,,,,,,,,,,,,,,0.645,0.1953,0.1596,1,,,,1.56,5.1,6.35,,,,,0.6409,0,15,1.4,0.1617,0.0316,0,0,,,,-0.0168,,,,,,,,,,,
spelad,NO,2022,2022-07-17,,Odd,Lillestrom,1,2,A,,,,,,,,,,,,,,,,,,,,0.3212,0.2749,0.4038,1,,,,3.03,3.75,2.45,,,,,0.0384,1,13,0.6923,0.157,-0.1048,0,0,,,,0.0123,,,,,,,,,,,
spelad,NO,2022,2022-07-17,,Sarpsborg 08,Valerenga,0,1,A,,,,,,,,,,,,,,,,,,,,0.488,0.2422,0.2698,1,,,,1.99,4.25,3.8,,,,,0.5888,1,15,0,0.1113,0.0727,0,0,,,,0.009,,,,,,,,,,,
spelad,NO,2022,2022-07-17,,Viking,Kristiansund,2,1,H,,,,,,,,,,,,,,,,,,,,0.6728,0.1812,0.146,1,,,,1.45,5.5,7,,,,,0.1505,0,8,1.5,0.8145,-0.2473,0,0,,,,-0.0148,,,,,,,,,,,
spelad,NO,2022,2022-07-23,,Bodo/Glimt,Jerv,5,0,H,,,,,,,,,,,,,,,,,,,,0.8508,0.0887,0.0605,1,,,,1.15,12,26,,,,,0.428,0,,,,,0,0,,,,-0.0007,,,,,,,,,,,
spelad,NO,2022,2022-07-23,,Rosenborg,Tromso,3,0,H,,,,,,,,,,,,,,,,,,,,0.5252,0.2626,0.2122,1,,,,1.88,3.85,4.8,,,,,0.3728,-7,12,1,-0.0852,-0.0599,0,0,,,,0.0048,,,,,,,,,,,
spelad,NO,2022,2022-07-24,,Haugesund,Sarpsborg 08,3,1,H,,,,,,,,,,,,,,,,,,,,0.349,0.2646,0.3864,1,,,,2.79,4,2.6,,,,,0.1717,0,15,0.2,0.072,0.2576,0,0,,,,0.0173,,,,,,,,,,,
spelad,NO,2022,2022-07-24,,Kristiansund,Odd,2,2,D,,,,,,,,,,,,,,,,,,,,0.438,0.2572,0.3048,1,,,,2.42,4,3.24,,,,,-1.3663,0,10,0.3,0.2721,0.0395,0,0,,,,-0.0071,,,,,,,,,,,
spelad,NO,2022,2022-07-24,,Sandefjord,Molde,2,3,A,,,,,,,,,,,,,,,,,,,,0.1823,0.2051,0.6126,1,,,,5.31,4.76,1.64,,,,,-0.1659,1,10,-1.5,0.0433,-0.1033,0,0,,,,0.032,,,,,,,,,,,
spelad,NO,2022,2022-07-24,,Stromsgodset,HamKam,1,1,D,,,,,,,,,,,,,,,,,,,,0.4561,0.2655,0.2784,1,,,,2.23,4,3.55,,,,,0.5392,7,,,,,0,0,,,,-0.0302,,,,,,,,,,,
spelad,NO,2022,2022-07-24,,Valerenga,Viking,4,2,H,,,,,,,,,,,,,,,,,,,,0.5341,0.2388,0.2271,1,,,,2.08,4.2,4.33,,,,,0.0961,0,13,0.2308,-0.0065,0.0517,0,0,,,,-0.0298,,,,,,,,,,,
spelad,NO,2022,2022-07-27,,Sandefjord,Kristiansund,2,0,H,,,,,,,,,,,,,,,,,,,,0.3936,0.2723,0.3341,1,,,,2.51,3.8,2.91,,,,,1.2508,0,8,-1.125,-0.2796,-0.1417,0,0,,,,-0.0293,,,,,,,,,,,
spelad,NO,2022,2022-07-30,,Aalesund,Bodo/Glimt,1,2,A,,,,,,,,,,,,,,,,,,,,0.2218,0.2472,0.5309,1,,,,4.56,4.33,1.83,,,,,0.4166,6,8,0,0.4254,-0.2123,0,0,,,,-0.0209,,,,,,,,,,,
spelad,NO,2022,2022-07-30,,HamKam,Kristiansund,0,1,A,,,,,,,,,,,,,,,,,,,,0.5313,0.2437,0.2251,1,,,,1.9,4,4.33,,,,,0.7909,3,,,,,0,0,,,,-0.0321,,,,,,,,,,,
spelad,NO,2022,2022-07-30,,Jerv,Valerenga,2,5,A,,,,,,,,,,,,,,,,,,,,0.1846,0.2019,0.6135,1,,,,5.75,5,1.61,,,,,0.0125,1,,,,,0,0,,,,0.0049,,,,,,,,,,,
spelad,NO,2022,2022-07-30,,Odd,Rosenborg,2,3,A,,,,,,,,,,,,,,,,,,,,0.3067,0.2649,0.4283,1,,,,3.28,3.75,2.27,,,,,0.0199,-1,16,-0.75,-0.0427,0.0047,0,0,,,,-0.0038,,,,,,,,,,,
spelad,NO,2022,2022-07-30,,Tromso,Sandefjord,3,0,H,,,,,,,,,,,,,,,,,,,,0.7193,0.1743,0.1064,1,,,,1.4,5.75,10,,,,,-1.1131,4,9,-0.6667,-0.7944,0.298,0,0,,,,-0.0218,,,,,,,,,,,
spelad,NO,2022,2022-07-31,,Molde,Stromsgodset,3,0,H,,,,,,,,,,,,,,,,,,,,0.6736,0.1902,0.1362,1,,,,1.45,6,7.5,,,,,0.4465,0,16,1.5,0.4545,-0.1114,0,0,,,,-0.0014,,,,,,,,,,,
spelad,NO,2022,2022-07-31,,Sarpsborg 08,Lillestrom,0,2,A,,,,,,,,,,,,,,,,,,,,0.4039,0.2638,0.3322,1,,,,2.54,3.75,2.93,,,,,-0.8072,-7,14,0.2143,0.0969,-0.0545,0,0,,,,-0.0163,,,,,,,,,,,
spelad,NO,2022,2022-08-03,,Kristiansund,Tromso,1,1,D,,,,,,,,,,,,,,,,,,,,0.3212,0.2681,0.4107,1,,,,3.03,3.63,2.45,,,,,0.0009,0,8,0.75,0.3435,0.2394,0,0,,,,0.0187,,,,,,,,,,,
spelad,NO,2022,2022-08-06,,Bodo/Glimt,Odd,7,0,H,,,,,,,,,,,,,,,,,,,,0.7965,0.1202,0.0834,1,,,,1.24,8.5,13,,,,,-0.1256,0,14,-0.8571,-0.3569,-0.0828,0,0,,,,-0.0059,,,,,,,,,,,
spelad,NO,2022,2022-08-06,,Rosenborg,HamKam,2,1,H,,,,,,,,,,,,,,,,,,,,0.6327,0.2288,0.1385,1,,,,1.53,4.65,7.25,,,,,0.8426,0,,,,,0,0,,,,-0.0174,,,,,,,,,,,
spelad,NO,2022,2022-08-07,,Haugesund,Jerv,3,1,H,,,,,,,,,,,,,,,,,,,,0.6736,0.1909,0.1355,1,,,,1.45,5.25,8,,,,,0.3664,6,,,,,0,0,,,,0.005,,,,,,,,,,,
spelad,NO,2022,2022-08-07,,Kristiansund,Molde,2,3,A,,,,,,,,,,,,,,,,,,,,0.1859,0.2087,0.6054,1,,,,5.6,4.7,1.61,,,,,-0.9687,-3,11,-0.2727,0.4253,-0.0454,0,0,,,,0.0008,,,,,,,,,,,
spelad,NO,2022,2022-08-07,,Lillestrom,Tromso,1,1,D,,,,,,,,,,,,,,,,,,,,0.4953,0.2758,0.2289,1,,,,2.05,3.52,4.33,,,,,1.034,3,13,0.4615,0.2143,-0.0368,0,0,,,,-0.0276,,,,,,,,,,,
spelad,NO,2022,2022-08-07,,Sandefjord,Viking,2,2,D,,,,,,,,,,,,,,,,,,,,0.2518,0.2365,0.5116,1,,,,4,4.11,1.95,,,,,1.1825,-6,9,0,0.4711,-0.1166,0,0,,,,0.0106,,,,,,,,,,,
spelad,NO,2022,2022-08-07,,Stromsgodset,Sarpsborg 08,3,1,H,,,,,,,,,,,,,,,,,,,,0.4289,0.241,0.3301,1,,,,2.28,4.2,2.95,,,,,0.3776,0,16,0.375,0.1014,0.1159,0,0,,,,-0.0031,,,,,,,,,,,
spelad,NO,2022,2022-08-07,,Valerenga,Aalesund,4,0,H,,,,,,,,,,,,,,,,,,,,0.6252,0.208,0.1668,1,,,,1.57,4.75,6.4,,,,,0.0209,0,10,-0.6,-0.6403,0.1618,0,0,,,,0.0043,,,,,,,,,,,
spelad,NO,2022,2022-08-12,,Sandefjord,Rosenborg,2,5,A,,,,,,,,,,,,,,,,,,,,0.1857,0.2121,0.6021,1,,,,5.55,4.57,1.67,,,,,-0.327,-1,11,-2.4545,-0.3734,-0.0081,0,0,,,,0.0194,,,,,,,,,,,
spelad,NO,2022,2022-08-12,,Sarpsborg 08,Bodo/Glimt,1,4,A,,,,,,,,,,,,,,,,,,,,0.2746,0.2371,0.4884,1,,,,4.22,4.37,2.05,,,,,-1.176,-1,13,-1.3846,-0.5847,0.1412,0,0,,,,0.0087,,,,,,,,,,,
spelad,NO,2022,2022-08-13,,Aalesund,Haugesund,1,2,A,,,,,,,,,,,,,,,,,,,,0.4404,0.2742,0.2854,1,,,,2.28,3.55,3.41,,,,,-0.3394,0,10,-0.6,-0.17,-0.0637,0,0,,,,-0.0275,,,,,,,,,,,
spelad,NO,2022,2022-08-14,,HamKam,Valerenga,1,1,D,,,,,,,,,,,,,,,,,,,,0.2676,0.2563,0.4761,1,,,,3.7,3.9,2.07,,,,,-0.3418,1,,,,,0,0,,,,0.011,,,,,,,,,,,
spelad,NO,2022,2022-08-14,,Jerv,Lillestrom,1,0,H,,,,,,,,,,,,,,,,,,,,0.1486,0.2057,0.6458,1,,,,6.65,4.75,1.5,,,,,-0.4938,0,,,,,0,0,,,,0.014,,,,,,,,,,,
spelad,NO,2022,2022-08-14,,Tromso,Kristiansund,2,1,H,,,,,,,,,,,,,,,,,,,,0.6336,0.2154,0.151,1,,,,1.53,4.6,6.6,,,,,-0.0751,0,9,-0.6667,-0.5737,0.2941,0,0,,,,-0.0039,,,,,,,,,,,
spelad,NO,2022,2022-08-20,,Bodo/Glimt,HamKam,2,2,D,,,,,,,,,,,,,,,,,,,,0.8092,0.122,0.0687,1,,,,1.21,8.6,17,,,,,0.7792,2,,,,,0,0,,,,-0.0069,,,,,,,,,,,
spelad,NO,2022,2022-08-20,,Odd,Sarpsborg 08,1,0,H,,,,,,,,,,,,,,,,,,,,0.3428,0.2646,0.3926,1,,,,2.84,4,2.48,,,,,1.0564,6,16,-0.375,-0.3431,0.2327,0,0,,,,0.0074,,,,,,,,,,,
spelad,NO,2022,2022-08-21,,Haugesund,Molde,0,1,A,,,,,,,,,,,,,,,,,,,,0.2535,0.2434,0.5031,1,,,,4.1,4.1,1.95,,,,,-0.0716,-6,16,-1.5,-0.2234,0.0174,0,0,,,,-0.0012,,,,,,,,,,,
spelad,NO,2022,2022-08-21,,Lillestrom,Sandefjord,3,0,H,,,,,,,,,,,,,,,,,,,,0.779,0.1457,0.0753,1,,,,1.3,7,13,,,,,-0.02,-2,9,2.3333,0.7767,-0.0237,0,0,,,,-0.0296,,,,,,,,,,,
spelad,NO,2022,2022-08-21,,Rosenborg,Aalesund,2,1,H,,,,,,,,,,,,,,,,,,,,0.6781,0.1833,0.1385,1,,,,1.43,5.3,7.5,,,,,1.088,1,10,1.5,0.0443,0.0984,0,0,,,,0.0027,,,,,,,,,,,
spelad,NO,2022,2022-08-21,,Stromsgodset,Jerv,6,0,H,,,,,,,,,,,,,,,,,,,,0.734,0.1536,0.1124,1,,,,1.34,6.31,10,,,,,-0.082,7,,,,,0,0,,,,-0.0184,,,,,,,,,,,
spelad,NO,2022,2022-08-21,,Valerenga,Tromso,1,0,H,,,,,,,,,,,,,,,,,,,,0.5744,0.2345,0.1911,1,,,,1.7,4.33,5.15,,,,,0.6433,0,13,1.1538,0.3896,0.052,0,0,,,,-0.0125,,,,,,,,,,,
spelad,NO,2022,2022-08-27,,Jerv,Bodo/Glimt,0,2,A,,,,,,,,,,,,,,,,,,,,0.0765,0.1178,0.8057,1,,,,15,8.21,1.26,,,,,-0.3372,-1,,,,,0,0,,,,0.0324,,,,,,,,,,,
spelad,NO,2022,2022-08-27,,Sandefjord,Stromsgodset,2,2,D,,,,,,,,,,,,,,,,,,,,0.2748,0.2413,0.4839,1,,,,3.74,4.1,2.01,,,,,0.0939,0,11,-0.5455,0.2777,-0.1425,0,0,,,,-0.0057,,,,,,,,,,,
spelad,NO,2022,2022-08-28,,Aalesund,Odd,1,1,D,,,,,,,,,,,,,,,,,,,,0.4958,0.2544,0.2498,1,,,,2.1,4.05,3.89,,,,,-0.8115,-1,10,-0.6,0.1225,-0.0438,0,0,,,,-0.0341,,,,,,,,,,,
spelad,NO,2022,2022-08-28,,HamKam,Haugesund,1,0,H,,,,,,,,,,,,,,,,,,,,0.4383,0.2804,0.2812,1,,,,2.42,3.52,3.5,,,,,-0.7032,1,,,,,0,0,,,,-0.0397,,,,,,,,,,,
spelad,NO,2022,2022-08-28,,Lillestrom,Kristiansund,1,1,D,,,,,,,,,,,,,,,,,,,,0.6422,0.2141,0.1437,1,,,,1.53,4.85,8,,,,,0.2289,-7,9,-0.3333,-0.4276,0.1783,0,0,,,,-0.0204,,,,,,,,,,,
spelad,NO,2022,2022-08-28,,Molde,Sarpsborg 08,4,1,H,,,,,,,,,,,,,,,,,,,,0.6958,0.1798,0.1245,1,,,,1.44,5.8,8,,,,,1.5139,-1,15,0,-0.4516,0.0977,0,0,,,,-0.0129,,,,,,,,,,,
spelad,NO,2022,2022-08-28,,Tromso,Rosenborg,4,3,H,,,,,,,,,,,,,,,,,,,,0.3344,0.2749,0.3908,1,,,,3,3.7,2.51,,,,,-0.9471,0,13,-1.1538,0.0648,-0.0755,0,0,,,,0.0074,,,,,,,,,,,
spelad,NO,2022,2022-08-28,,Viking,Valerenga,1,2,A,,,,,,,,,,,,,,,,,,,,0.4086,0.2526,0.3388,1,,,,2.38,3.95,2.9,,,,,-1.1922,7,13,-0.4615,-0.0531,-0.0255,0,0,,,,-0.0017,,,,,,,,,,,
spelad,NO,2022,2022-08-31,,Kristiansund,Viking,2,1,H,,,,,,,,,,,,,,,,,,,,0.332,0.2643,0.4036,1,,,,3.1,3.75,2.42,,,,,0.4551,0,9,-1.6667,-0.573,-0.2399,0,0,,,,-0.0102,,,,,,,,,,,
spelad,NO,2022,2022-08-31,,Tromso,Stromsgodset,1,0,H,,,,,,,,,,,,,,,,,,,,0.4717,0.2591,0.2692,1,,,,2.11,3.75,3.75,,,,,0.0427,-1,12,-0.75,-0.1819,-0.0029,0,0,,,,-0.0203,,,,,,,,,,,
spelad,NO,2022,2022-09-03,,Bodo/Glimt,Molde,1,4,A,,,,,,,,,,,,,,,,,,,,0.5775,0.2166,0.206,1,,,,1.83,4.5,4.85,,,,,-0.1177,1,14,-0.8571,0.0701,-0.2211,0,0,,,,-0.0307,,,,,,,,,,,
spelad,NO,2022,2022-09-04,,Haugesund,Tromso,2,1,H,,,,,,,,,,,,,,,,,,,,0.3618,0.3003,0.3379,1,,,,2.7,3.55,2.88,,,,,-0.3912,3,13,0.4615,0.197,-0.03,0,0,,,,0.0066,,,,,,,,,,,
spelad,NO,2022,2022-09-04,,Kristiansund,Sandefjord,3,1,H,,,,,,,,,,,,,,,,,,,,0.5453,0.2257,0.2289,1,,,,1.78,4.3,5.4,,,,,-0.0098,-4,9,0.6667,0.2329,-0.1562,0,0,,,,0.0217,,,,,,,,,,,
spelad,NO,2022,2022-09-04,,Odd,Jerv,2,1,H,,,,,,,,,,,,,,,,,,,,0.6981,0.1794,0.1225,1,,,,1.43,5.5,8,,,,,0.3636,-1,,,,,0,0,,,,-0.0171,,,,,,,,,,,
spelad,NO,2022,2022-09-04,,Rosenborg,Viking,4,1,H,,,,,,,,,,,,,,,,,,,,0.5195,0.237,0.2435,1,,,,1.92,4.1,4.12,,,,,1.0329,3,13,1.6154,0.3447,-0.0669,0,0,,,,-0.0107,,,,,,,,,,,
spelad,NO,2022,2022-09-04,,Sarpsborg 08,HamKam,2,1,H,,,,,,,,,,,,,,,,,,,,0.5576,0.2407,0.2017,1,,,,1.76,4.09,5,,,,,-0.9804,0,,,,,0,0,,,,-0.004,,,,,,,,,,,
spelad,NO,2022,2022-09-04,,Stromsgodset,Aalesund,1,2,A,,,,,,,,,,,,,,,,,,,,0.53,0.2407,0.2293,1,,,,1.83,4.03,4.45,,,,,0.0897,-3,9,-0.3333,-0.5915,-0.0085,0,0,,,,-0.0035,,,,,,,,,,,
spelad,NO,2022,2022-09-04,,Valerenga,Lillestrom,3,1,H,,,,,,,,,,,,,,,,,,,,0.4228,0.2724,0.3048,1,,,,2.33,3.61,3.5,,,,,1.0488,0,13,0,-0.1769,0.1237,0,0,,,,-0.0061,,,,,,,,,,,
spelad,NO,2022,2022-09-10,,Lillestrom,Stromsgodset,2,1,H,,,,,,,,,,,,,,,,,,,,0.5814,0.234,0.1846,1,,,,1.7,4.25,5.26,,,,,0.0426,0,14,-0.6429,-0.183,-0.0404,0,0,,,,-0.0219,,,,,,,,,,,
spelad,NO,2022,2022-09-10,,Sandefjord,Odd,1,3,A,,,,,,,,,,,,,,,,,,,,0.3676,0.2768,0.3556,1,,,,2.7,3.75,2.74,,,,,-0.1613,0,11,-0.2727,0.2473,0.1122,0,0,,,,-0.0158,,,,,,,,,,,
spelad,NO,2022,2022-09-11,,Aalesund,Sarpsborg 08,1,3,A,,,,,,,,,,,,,,,,,,,,0.4488,0.2597,0.2916,1,,,,2.3,3.75,3.34,,,,,0.6011,0,9,-1.6667,-0.5281,-0.033,0,0,,,,-0.0267,,,,,,,,,,,
spelad,NO,2022,2022-09-11,,HamKam,Viking,1,2,A,,,,,,,,,,,,,,,,,,,,0.436,0.2746,0.2894,1,,,,2.63,3.56,3.4,,,,,0.1536,0,,,,,0,0,,,,-0.0732,,,,,,,,,,,
spelad,NO,2022,2022-09-11,,Haugesund,Rosenborg,2,1,H,,,,,,,,,,,,,,,,,,,,0.2947,0.2593,0.446,1,,,,3.3,3.75,2.25,,,,,-0.2574,0,16,0,0.4357,0.0045,0,0,,,,0.0121,,,,,,,,,,,
spelad,NO,2022,2022-09-11,,Jerv,Molde,2,4,A,,,,,,,,,,,,,,,,,,,,0.0799,0.1446,0.7755,1,,,,13,7,1.24,,,,,-1.361,-1,,,,,0,0,,,,0.0106,,,,,,,,,,,
spelad,NO,2022,2022-09-11,,Kristiansund,Valerenga,3,2,H,,,,,,,,,,,,,,,,,,,,0.2366,0.2332,0.5302,1,,,,4.2,4.16,1.9,,,,,-0.7696,0,11,0.2727,0.4747,0.1236,0,0,,,,0.0183,,,,,,,,,,,
spelad,NO,2022,2022-09-11,,Tromso,Bodo/Glimt,3,2,H,,,,,,,,,,,,,,,,,,,,0.25,0.2601,0.4899,1,,,,4,3.75,2.01,,,,,0.0643,-1,11,-1.0909,-0.2499,-0.1549,0,0,,,,0.0108,,,,,,,,,,,
spelad,NO,2022,2022-09-17,,Odd,HamKam,2,0,H,,,,,,,,,,,,,,,,,,,,0.4088,0.2764,0.3148,1,,,,2.38,3.6,3.35,,,,,0.5142,1,,,,,0,0,,,,0.0331,,,,,,,,,,,
spelad,NO,2022,2022-09-18,,Bodo/Glimt,Haugesund,1,1,D,,,,,,,,,,,,,,,,,,,,0.7782,0.1427,0.0791,1,,,,1.27,7.5,13,,,,,-0.8089,0,13,0,-0.2203,-0.0138,0,0,,,,-0.0203,,,,,,,,,,,
spelad,NO,2022,2022-09-18,,Molde,Aalesund,3,0,H,,,,,,,,,,,,,,,,,,,,0.7349,0.1533,0.1118,1,,,,1.32,6.28,10,,,,,1.578,0,9,2.3333,0.7264,-0.2167,0,0,,,,-0.0051,,,,,,,,,,,
spelad,NO,2022,2022-09-18,,Rosenborg,Lillestrom,3,1,H,,,,,,,,,,,,,,,,,,,,0.5134,0.2494,0.2372,1,,,,1.92,3.98,4.25,,,,,0.4811,-1,14,1.0714,0.0385,-0.0131,0,0,,,,-0.0043,,,,,,,,,,,
spelad,NO,2022,2022-09-18,,Sarpsborg 08,Jerv,4,3,H,,,,,,,,,,,,,,,,,,,,0.7896,0.129,0.0814,1,,,,1.26,7.5,15,,,,,-0.3988,0,,,,,0,0,,,,-0.0103,,,,,,,,,,,
spelad,NO,2022,2022-09-18,,Stromsgodset,Kristiansund,4,1,H,,,,,,,,,,,,,,,,,,,,0.5066,0.2333,0.2601,1,,,,1.95,4.17,3.9,,,,,-1.1498,1,11,-1.0909,-0.5975,-0.1682,0,0,,,,-0.0055,,,,,,,,,,,
spelad,NO,2022,2022-09-18,,Valerenga,Sandefjord,4,0,H,,,,,,,,,,,,,,,,,,,,0.7313,0.1642,0.1045,1,,,,1.33,6,10.1,,,,,0.8993,-1,11,1.0909,0.1478,-0.1477,0,0,,,,-0.0195,,,,,,,,,,,
spelad,NO,2022,2022-09-18,,Viking,Tromso,2,2,D,,,,,,,,,,,,,,,,,,,,0.4698,0.2701,0.26,1,,,,2.1,3.75,3.75,,,,,-0.5439,0,11,0,-0.0236,-0.1637,0,0,,,,-0.0131,,,,,,,,,,,
spelad,NO,2022,2022-10-01,,Lillestrom,Bodo/Glimt,1,4,A,,,,,,,,,,,,,,,,,,,,0.3142,0.2664,0.4194,1,,,,3.1,3.7,2.36,,,,,0.0472,0,12,-0.25,-0.1604,0.1684,0,0,,,,0.0066,,,,,,,,,,,
spelad,NO,2022,2022-10-01,,Tromso,Molde,0,1,A,,,,,,,,,,,,,,,,,,,,0.296,0.2594,0.4446,1,,,,3.4,3.84,2.2,,,,,-0.5314,0,13,-1.6154,-0.2007,-0.0732,0,0,,,,0.005,,,,,,,,,,,
spelad,NO,2022,2022-10-01,,Valerenga,Stromsgodset,4,0,H,,,,,,,,,,,,,,,,,,,,0.6112,0.2113,0.1775,1,,,,1.6,4.8,6,,,,,0.7317,0,15,-0.2,-0.1586,0.0181,0,0,,,,0.0095,,,,,,,,,,,
spelad,NO,2022,2022-10-02,,Aalesund,Viking,2,1,H,,,,,,,,,,,,,,,,,,,,0.3892,0.2608,0.35,1,,,,2.55,3.8,2.8,,,,,-0.1182,0,10,-0.6,0.1405,-0.0344,0,0,,,,-0.0105,,,,,,,,,,,
spelad,NO,2022,2022-10-02,,HamKam,Jerv,2,1,H,,,,,,,,,,,,,,,,,,,,0.7095,0.1727,0.1178,1,,,,1.38,5.63,9,,,,,-0.3708,1,,,,,0,0,,,,-0.0108,,,,,,,,,,,
spelad,NO,2022,2022-10-02,,Haugesund,Odd,2,2,D,,,,,,,,,,,,,,,,,,,,0.5012,0.26,0.2389,1,,,,1.94,3.87,4.4,,,,,0.3066,-1,15,-0.4,0.0027,-0.0678,0,0,,,,0.002,,,,,,,,,,,
spelad,NO,2022,2022-10-02,,Kristiansund,Rosenborg,4,4,D,,,,,,,,,,,,,,,,,,,,0.2485,0.2291,0.5224,1,,,,4.1,4.25,1.88,,,,,-0.106,0,11,-1.0909,-0.06,0.2279,0,0,,,,0.0144,,,,,,,,,,,
spelad,NO,2022,2022-10-02,,Sandefjord,Sarpsborg 08,1,1,D,,,,,,,,,,,,,,,,,,,,0.2694,0.2395,0.4911,1,,,,3.61,4.1,2.02,,,,,-0.2691,0,11,-0.8182,-0.0041,-0.0817,0,0,,,,0.0124,,,,,,,,,,,
spelad,NO,2022,2022-10-08,,Sarpsborg 08,Haugesund,4,0,H,,,,,,,,,,,,,,,,,,,,0.5337,0.2398,0.2264,1,,,,1.87,4.1,4.29,,,,,-0.6754,0,15,-0.2,-0.3165,0.2571,0,0,,,,-0.0357,,,,,,,,,,,
spelad,NO,2022,2022-10-09,,Bodo/Glimt,Sandefjord,4,1,H,,,,,,,,,,,,,,,,,,,,0.8569,0.0897,0.0534,1,,,,1.14,11,23,,,,,0.1299,1,9,1,-0.0396,0.0027,0,0,,,,-0.0134,,,,,,,,,,,
spelad,NO,2022,2022-10-09,,Molde,HamKam,5,0,H,,,,,,,,,,,,,,,,,,,,0.7754,0.1502,0.0744,1,,,,1.26,7.5,13,,,,,1.2581,1,,,,,0,0,,,,-0.0186,,,,,,,,,,,
spelad,NO,2022,2022-10-09,,Odd,Kristiansund,1,1,D,,,,,,,,,,,,,,,,,,,,0.5253,0.2353,0.2394,1,,,,1.89,4.25,4.2,,,,,0.1481,0,11,-0.2727,-0.2989,0.1035,0,0,,,,-0.0204,,,,,,,,,,,
spelad,NO,2022,2022-10-09,,Rosenborg,Valerenga,3,0,H,,,,,,,,,,,,,,,,,,,,0.5215,0.2378,0.2407,1,,,,1.92,4.1,4.3,,,,,-0.3783,-1,16,1.6875,0.4164,0.0712,0,0,,,,0.0018,,,,,,,,,,,
spelad,NO,2022,2022-10-09,,Stromsgodset,Tromso,1,2,A,,,,,,,,,,,,,,,,,,,,0.389,0.2636,0.3474,1,,,,2.65,3.75,2.8,,,,,-0.5451,0,13,0.4615,0.0886,-0.0226,0,0,,,,-0.0166,,,,,,,,,,,
spelad,NO,2022,2022-10-09,,Viking,Lillestrom,0,3,A,,,,,,,,,,,,,,,,,,,,0.4015,0.2768,0.3217,1,,,,2.42,3.64,3.15,,,,,0.0147,-1,11,1.3636,0.6184,-0.0716,0,0,,,,0.0006,,,,,,,,,,,
spelad,NO,2022,2022-10-15,,Rosenborg,Stromsgodset,3,0,H,,,,,,,,,,,,,,,,,,,,0.7349,0.1617,0.1034,1,,,,1.34,6,9.38,,,,,0.7746,0,16,0.75,-0.1829,0.1429,0,0,,,,-0.043,,,,,,,,,,,
spelad,NO,2022,2022-10-15,,Tromso,Odd,3,2,H,,,,,,,,,,,,,,,,,,,,0.549,0.2473,0.2037,1,,,,1.81,4.1,4.9,,,,,-0.1266,0,13,-0.9231,-0.2006,-0.0242,0,0,,,,-0.0046,,,,,,,,,,,
spelad,NO,2022,2022-10-16,,Aalesund,HamKam,0,0,D,,,,,,,,,,,,,,,,,,,,0.4269,0.2781,0.295,1,,,,2.28,3.65,3.52,,,,,-0.0987,7,,,,,0,0,,,,0.0118,,,,,,,,,,,
spelad,NO,2022,2022-10-16,,Kristiansund,Haugesund,0,1,A,,,,,,,,,,,,,,,,,,,,0.421,0.2559,0.3231,1,,,,2.33,3.85,3.1,,,,,0.1912,-1,11,0,0.0886,0.0057,0,0,,,,-0.0102,,,,,,,,,,,
spelad,NO,2022,2022-10-16,,Lillestrom,Molde,0,1,A,,,,,,,,,,,,,,,,,,,,0.2755,0.2593,0.4652,1,,,,3.53,3.81,2.2,,,,,-1.4457,0,13,-0.6923,0.1243,0.0763,0,0,,,,0.0341,,,,,,,,,,,
spelad,NO,2022,2022-10-16,,Sandefjord,Jerv,1,2,A,,,,,,,,,,,,,,,,,,,,0.6025,0.2095,0.188,1,,,,1.65,4.7,5.25,,,,,-0.4195,-7,,,,,0,0,,,,-0.0236,,,,,,,,,,,
spelad,NO,2022,2022-10-16,,Valerenga,Bodo/Glimt,0,6,A,,,,,,,,,,,,,,,,,,,,0.3656,0.2438,0.3906,1,,,,2.8,3.99,2.5,,,,,0.6861,0,13,-0.9231,-0.4881,0.3065,0,0,,,,-0.0207,,,,,,,,,,,
spelad,NO,2022,2022-10-16,,Viking,Sarpsborg 08,0,1,A,,,,,,,,,,,,,,,,,,,,0.463,0.2449,0.292,1,,,,2.1,4.1,3.36,,,,,-0.8939,-1,14,1.2857,0.6862,-0.1103,0,0,,,,-0.0013,,,,,,,,,,,
spelad,NO,2022,2022-10-19,,Jerv,Aalesund,0,1,A,,,,,,,,,,,,,,,,,,,,0.2681,0.2477,0.4842,1,,,,3.8,3.95,2.05,,,,,0.4816,0,,,,,0,0,,,,-0.0074,,,,,,,,,,,
spelad,NO,2022,2022-10-22,,HamKam,Stromsgodset,1,1,D,,,,,,,,,,,,,,,,,,,,0.4788,0.2707,0.2505,1,,,,2.05,3.84,3.88,,,,,0.5459,-1,,,,,0,0,,,,-0.0165,,,,,,,,,,,
spelad,NO,2022,2022-10-22,,Odd,Valerenga,2,1,H,,,,,,,,,,,,,,,,,,,,0.3245,0.2542,0.4214,1,,,,3.15,4,2.31,,,,,0.279,1,16,-0.1875,-0.03,-0.07,0,0,,,,-0.0012,,,,,,,,,,,
spelad,NO,2022,2022-10-23,,Aalesund,Sandefjord,1,0,H,,,,,,,,,,,,,,,,,,,,0.5307,0.2398,0.2296,1,,,,1.83,4.2,4.6,,,,,0.8087,-3,7,0,-0.0269,-0.119,0,0,,,,-0.0075,,,,,,,,,,,
spelad,NO,2022,2022-10-23,,Bodo/Glimt,Kristiansund,5,0,H,,,,,,,,,,,,,,,,,,,,0.8235,0.1073,0.0692,1,,,,1.19,9,17,,,,,-0.7088,0,9,2.6667,0.9313,-0.1128,0,0,,,,-0.0207,,,,,,,,,,,
spelad,NO,2022,2022-10-23,,Haugesund,Lillestrom,0,1,A,,,,,,,,,,,,,,,,,,,,0.32,0.2748,0.4053,1,,,,3.05,3.62,2.4,,,,,0.5427,0,13,-1.1538,-0.6398,0.1914,0,0,,,,0.0096,,,,,,,,,,,
spelad,NO,2022,2022-10-23,,Jerv,Viking,2,2,D,,,,,,,,,,,,,,,,,,,,0.1986,0.2163,0.5851,1,,,,5.1,4.49,1.7,,,,,0.7094,-3,,,,,0,0,,,,0.0005,,,,,,,,,,,
spelad,NO,2022,2022-10-23,,Molde,Rosenborg,2,1,H,,,,,,,,,,,,,,,,,,,,0.5221,0.2357,0.2422,1,,,,1.88,4.12,4.15,,,,,0.9255,-1,15,-0.2,0.0842,-0.1133,0,0,,,,-0.0078,,,,,,,,,,,
spelad,NO,2022,2022-10-23,,Sarpsborg 08,Tromso,1,1,D,,,,,,,,,,,,,,,,,,,,0.5193,0.2392,0.2416,1,,,,1.98,4.06,4.02,,,,,-0.1928,-1,13,0.6923,0.2877,-0.1081,0,0,,,,-0.0407,,,,,,,,,,,
spelad,NO,2022,2022-10-29,,Stromsgodset,Haugesund,1,2,A,,,,,,,,,,,,,,,,,,,,0.4344,0.2476,0.318,1,,,,2.24,3.93,3.17,,,,,-0.8665,1,15,0.6,0.165,0.0116,0,0,,,,0.0133,,,,,,,,,,,
spelad,NO,2022,2022-10-29,,Valerenga,Sarpsborg 08,3,3,D,,,,,,,,,,,,,,,,,,,,0.4538,0.2428,0.3035,1,,,,2.2,4.06,3.32,,,,,-0.6606,1,15,0.2,0.0138,0.0042,0,0,,,,-0.0084,,,,,,,,,,,
spelad,NO,2022,2022-10-30,,Kristiansund,Aalesund,4,0,H,,,,,,,,,,,,,,,,,,,,0.5591,0.2339,0.207,1,,,,1.82,4.2,4.7,,,,,-0.0695,0,5,0.6,0.2511,0.1304,0,0,,,,-0.0423,,,,,,,,,,,
spelad,NO,2022,2022-10-30,,Lillestrom,Odd,0,2,A,,,,,,,,,,,,,,,,,,,,0.681,0.1919,0.1271,1,,,,1.44,5.1,8,,,,,-0.6621,-1,13,-0.6923,-0.073,-0.1052,0,0,,,,-0.0089,,,,,,,,,,,
spelad,NO,2022,2022-10-30,,Rosenborg,Bodo/Glimt,3,2,H,,,,,,,,,,,,,,,,,,,,0.3975,0.2632,0.3393,1,,,,2.45,3.85,2.95,,,,,0.0391,0,13,-0.2308,-0.547,0.2347,0,0,,,,0.0149,,,,,,,,,,,
spelad,NO,2022,2022-10-30,,Sandefjord,HamKam,1,2,A,,,,,,,,,,,,,,,,,,,,0.3572,0.2868,0.3559,1,,,,2.75,3.65,2.78,,,,,-0.4111,-1,,,,,0,0,,,,0.0039,,,,,,,,,,,
spelad,NO,2022,2022-10-30,,Tromso,Jerv,2,2,D,,,,,,,,,,,,,,,,,,,,0.7403,0.1542,0.1055,1,,,,1.31,6.5,10,,,,,0.557,0,,,,,0,0,,,,-0.0067,,,,,,,,,,,
spelad,NO,2022,2022-10-30,,Viking,Molde,1,4,A,,,,,,,,,,,,,,,,,,,,0.3646,0.249,0.3864,1,,,,2.72,3.96,2.52,,,,,-1.9006,0,13,0,0.5198,-0.1546,0,0,,,,-0.0064,,,,,,,,,,,
spelad,NO,2022,2022-11-06,,Aalesund,Lillestrom,2,1,H,,,,,,,,,,,,,,,,,,,,0.2171,0.2628,0.5201,1,,,,4.9,3.75,1.91,,,,,0.6239,0,7,-0.4286,-0.0041,0.0287,0,0,,,,0.0199,,,,,,,,,,,
spelad,NO,2022,2022-11-06,,Bodo/Glimt,Viking,5,4,H,,,,,,,,,,,,,,,,,,,,0.7858,0.1284,0.0858,1,,,,1.29,7.75,15,,,,,0.4893,0,12,0.25,0.0815,-0.1403,0,0,,,,0.0046,,,,,,,,,,,
spelad,NO,2022,2022-11-06,,HamKam,Tromso,1,2,A,,,,,,,,,,,,,,,,,,,,0.3817,0.2906,0.3277,1,,,,2.57,3.5,2.97,,,,,-0.436,0,,,,,0,0,,,,-0.0023,,,,,,,,,,,
spelad,NO,2022,2022-11-06,,Haugesund,Valerenga,1,1,D,,,,,,,,,,,,,,,,,,,,0.4069,0.2679,0.3252,1,,,,2.5,3.7,3,,,,,0.9922,0,15,-0.2,0.1403,-0.132,0,0,,,,-0.0144,,,,,,,,,,,
spelad,NO,2022,2022-11-06,,Jerv,Rosenborg,2,4,A,,,,,,,,,,,,,,,,,,,,0.1408,0.1983,0.6609,1,,,,7.5,5.3,1.47,,,,,-0.2967,0,,,,,0,0,,,,-0.0057,,,,,,,,,,,
spelad,NO,2022,2022-11-06,,Molde,Sandefjord,2,1,H,,,,,,,,,,,,,,,,,,,,0.7761,0.1393,0.0846,1,,,,1.25,7.5,12,,,,,2.0966,0,11,1.6364,0.1416,-0.1126,0,0,,,,-0.0121,,,,,,,,,,,
spelad,NO,2022,2022-11-06,,Odd,Stromsgodset,5,1,H,,,,,,,,,,,,,,,,,,,,0.5241,0.2292,0.2467,1,,,,1.95,4.23,4,,,,,1.503,-1,15,-0.4,-0.1307,-0.0619,0,0,,,,-0.0203,,,,,,,,,,,
spelad,NO,2022,2022-11-06,,Sarpsborg 08,Kristiansund,2,2,D,,,,,,,,,,,,,,,,,,,,0.4984,0.2331,0.2685,1,,,,1.97,4.25,3.75,,,,,0.4151,1,11,-0.5455,-0.4149,0.0048,0,0,,,,-0.0113,,,,,,,,,,,
spelad,NO,2022,2022-11-13,,Kristiansund,Jerv,1,1,D,,,,,,,,,,,,,,,,,,,,0.7595,0.1461,0.0944,1,,,,1.28,7,11,,,,,0.043,0,,,,,0,0,,,,-0.0168,,,,,,,,,,,
spelad,NO,2022,2022-11-13,,Lillestrom,HamKam,3,1,H,,,,,,,,,,,,,,,,,,,,0.5428,0.2358,0.2213,1,,,,1.89,4.12,4.39,,,,,0.0142,0,,,,,0,0,,,,-0.0555,,,,,,,,,,,
spelad,NO,2022,2022-11-13,,Rosenborg,Sarpsborg 08,2,3,A,,,,,,,,,,,,,,,,,,,,0.6371,0.1948,0.1681,1,,,,1.52,5.3,6.15,,,,,-0.1207,0,15,1.4,0.2315,0.0162,0,0,,,,0.0187,,,,,,,,,,,
spelad,NO,2022,2022-11-13,,Sandefjord,Haugesund,2,2,D,,,,,,,,,,,,,,,,,,,,0.4691,0.2357,0.2952,1,,,,2.09,4.33,3.4,,,,,-1.187,0,11,-1.0909,-0.1411,-0.1824,0,0,,,,0,,,,,,,,,,,
spelad,NO,2022,2022-11-13,,Stromsgodset,Bodo/Glimt,2,4,A,,,,,,,,,,,,,,,,,,,,0.2271,0.1944,0.5785,1,,,,4.35,5.05,1.68,,,,,-0.5722,0,13,-0.4615,-0.0626,0.019,0,0,,,,-0.0004,,,,,,,,,,,
spelad,NO,2022,2022-11-13,,Tromso,Aalesund,2,2,D,,,,,,,,,,,,,,,,,,,,0.5482,0.2414,0.2105,1,,,,1.82,4.03,4.75,,,,,0.1703,0,7,-0.4286,-0.2955,0.0221,0,0,,,,-0.0299,,,,,,,,,,,
spelad,NO,2022,2022-11-13,,Valerenga,Molde,1,2,A,,,,,,,,,,,,,,,,,,,,0.3367,0.2214,0.4419,1,,,,2.9,4.44,2.28,,,,,-1.5827,0,15,-1.2,-0.2936,-0.0415,0,0,,,,0.0122,,,,,,,,,,,
spelad,NO,2022,2022-11-13,,Viking,Odd,1,1,D,,,,,,,,,,,,,,,,,,,,0.5199,0.2195,0.2606,1,,,,2,4.43,3.85,,,,,-1.6068,0,13,-0.6923,-0.1778,-0.0991,0,0,,,,-0.0272,,,,,,,,,,,
spelad,NO,2022,2022-11-16,,Sandefjord,Kongsvinger,4,0,H,,,,,,,,,,,,,,,,,,,,0.45,0.2738,0.2762,1,,,,2.23,3.6,3.55,,,,,,,,,,,-1,0,,,,-0.0333,,,,,,,,,,,
spelad,NO,2022,2022-11-19,,Kongsvinger,Sandefjord,2,1,H,,,,,,,,,,,,,,,,,,,,0.4334,0.2434,0.3232,1,,,,2.23,3.98,3.04,,,,,,0,,,,,1,0,,,,-0.0068,,,,,,,,,,,
spelad,NO,2023,2023-04-10,,Aalesund,Valerenga,0,1,A,,,,,,,,,,,,,,,,,,,,0.3137,0.2894,0.3969,1,,,,3.1,3.5,2.45,,,,,1.0814,,10,0,0.2969,0.1637,0,0,,,,-0.0028,,,,,,,,,,,
spelad,NO,2023,2023-04-10,,Brann,Haugesund,3,0,H,,,,,,,,,,,,,,,,,,,,0.711,0.1774,0.1115,1,,,,1.63,5.5,9.02,,,,,-0.6781,,12,0.25,0.0335,-0.0262,1,0,,,,-0.0419,,,,,,,,,,,
spelad,NO,2023,2023-04-10,,HamKam,Sandefjord,2,0,H,,,,,,,,,,,,,,,,,,,,0.5041,0.2637,0.2322,1,,,,1.95,3.75,4.2,,,,,0.3714,,,,,,0,0,,,,-0.013,,,,,,,,,,,
spelad,NO,2023,2023-04-10,,Rosenborg,Viking,1,0,H,,,,,,,,,,,,,,,,,,,,0.4766,0.2628,0.2607,1,,,,2.05,3.97,4.5,,,,,1.2657,,14,1.7143,0.4061,-0.079,0,0,,,,0.0219,,,,,,,,,,,
spelad,NO,2023,2023-04-10,,Sarpsborg 08,Bodo/Glimt,0,2,A,,,,,,,,,,,,,,,,,,,,0.2745,0.2492,0.4763,1,,,,3.81,4.01,2.04,,,,,0.1003,,14,-1.5,-0.6187,0.1141,0,0,,,,-0.0174,,,,,,,,,,,
spelad,NO,2023,2023-04-10,,Stabaek,Odd,0,0,D,,,,,,,,,,,,,,,,,,,,0.4608,0.286,0.2532,1,,,,2.49,3.6,3.84,,,,,-0.776,,14,-0.4286,0.115,-0.1087,1,0,,,,-0.0362,,,,,,,,,,,
spelad,NO,2023,2023-04-10,,Tromso,Molde,1,0,H,,,,,,,,,,,,,,,,,,,,0.2243,0.2536,0.5221,1,,,,4.33,3.85,2.04,,,,,-0.9486,,14,-1.7143,-0.2683,-0.0865,0,0,,,,0.0307,,,,,,,,,,,
spelad,NO,2023,2023-04-15,,Viking,Lillestrom,2,0,H,,,,,,,,,,,,,,,,,,,,0.4227,0.281,0.2964,1,,,,2.35,3.5,3.3,,,,,-0.755,,12,1,0.4434,-0.0887,0,0,,,,-0.012,,,,,,,,,,,
spelad,NO,2023,2023-04-16,,Bodo/Glimt,Stabaek,4,0,H,,,,,,,,,,,,,,,,,,,,0.7402,0.1569,0.1029,1,,,,1.35,6.5,9.63,,,,,0.7979,0,12,0.5,-0.0841,0.1113,-1,0,,,,-0.0179,,,,,,,,,,,
spelad,NO,2023,2023-04-16,,Haugesund,HamKam,3,2,H,,,,,,,,,,,,,,,,,,,,0.4653,0.2885,0.2462,1,,,,2.1,3.6,3.95,,,,,-0.0569,0,,,,,0,0,,,,-0.0113,,,,,,,,,,,
spelad,NO,2023,2023-04-16,,Molde,Rosenborg,1,1,D,,,,,,,,,,,,,,,,,,,,0.6696,0.193,0.1373,1,,,,1.5,5.03,7.2,,,,,0.5741,0,16,0,0.1538,-0.1209,0,0,,,,-0.0251,,,,,,,,,,,
spelad,NO,2023,2023-04-16,,Odd,Brann,2,0,H,,,,,,,,,,,,,,,,,,,,0.2101,0.2222,0.5677,1,,,,4.75,4.37,1.77,,,,,0.7848,0,12,-0.75,-0.2965,-0.0233,-1,0,,,,0.0198,,,,,,,,,,,
spelad,NO,2023,2023-04-16,,Sandefjord,Tromso,0,0,D,,,,,,,,,,,,,,,,,,,,0.3118,0.2895,0.3987,1,,,,3.15,3.6,2.45,,,,,-1.1707,0,10,0.3,0.3974,0.2508,0,0,,,,0.0001,,,,,,,,,,,
spelad,NO,2023,2023-04-16,,Stromsgodset,Aalesund,1,0,H,,,,,,,,,,,,,,,,,,,,0.4529,0.2782,0.269,1,,,,2.15,3.62,3.72,,,,,-1.0533,,10,-0.6,-0.7155,-0.0317,0,0,,,,0.0045,,,,,,,,,,,
spelad,NO,2023,2023-04-16,,Valerenga,Sarpsborg 08,0,2,A,,,,,,,,,,,,,,,,,,,,0.4654,0.2614,0.2732,1,,,,2.09,3.82,3.7,,,,,-0.6622,0,15,0.2,-0.0089,0.0066,0,0,,,,0.0007,,,,,,,,,,,
spelad,NO,2023,2023-04-19,,Lillestrom,Stromsgodset,4,3,H,,,,,,,,,,,,,,,,,,,,0.602,0.2208,0.1772,1,,,,1.63,4.4,5.5,,,,,0.1977,1,14,-0.2143,-0.06,-0.0417,0,0,,,,-0.0202,,,,,,,,,,,
spelad,NO,2023,2023-04-22,,Brann,Valerenga,3,1,H,,,,,,,,,,,,,,,,,,,,0.6905,0.1873,0.1222,1,,,,1.48,5.2,8,,,,,0.3236,0,12,-1.75,-0.9059,-0.0168,1,0,,,,-0.0349,,,,,,,,,,,
spelad,NO,2023,2023-04-23,,Aalesund,Bodo/Glimt,0,3,A,,,,,,,,,,,,,,,,,,,,0.1601,0.2299,0.6101,1,,,,6.8,4.7,1.6,,,,,-0.4552,0,8,-0.75,0.1667,-0.213,0,0,,,,0.0071,,,,,,,,,,,
spelad,NO,2023,2023-04-23,,HamKam,Stromsgodset,2,0,H,,,,,,,,,,,,,,,,,,,,0.4344,0.2733,0.2922,1,,,,2.24,3.75,3.76,,,,,0.3716,3,,,,,0,0,,,,0.0708,,,,,,,,,,,
spelad,NO,2023,2023-04-23,,Lillestrom,Molde,2,1,H,,,,,,,,,,,,,,,,,,,,0.3002,0.2636,0.4362,1,,,,3.3,3.7,2.23,,,,,-0.5699,-3,14,-0.8571,0.0379,0.0524,0,0,,,,-0.0065,,,,,,,,,,,
spelad,NO,2023,2023-04-23,,Rosenborg,Sandefjord,1,1,D,,,,,,,,,,,,,,,,,,,,0.6926,0.1872,0.1202,1,,,,1.4,5.4,8.25,,,,,0.8968,0,12,2.5,0.4316,-0.0251,0,0,,,,-0.0199,,,,,,,,,,,
spelad,NO,2023,2023-04-23,,Sarpsborg 08,Odd,0,0,D,,,,,,,,,,,,,,,,,,,,0.5371,0.2326,0.2304,1,,,,1.85,4.2,4.25,,,,,-0.1653,0,16,0.1875,0.0225,0.1704,0,0,,,,-0.0198,,,,,,,,,,,
spelad,NO,2023,2023-04-23,,Stabaek,Haugesund,3,0,H,,,,,,,,,,,,,,,,,,,,0.4881,0.2807,0.2312,1,,,,2.05,3.52,4.2,,,,,-0.2907,0,13,-0.6923,-0.2461,0.0362,1,0,,,,-0.0184,,,,,,,,,,,
spelad,NO,2023,2023-04-23,,Tromso,Viking,1,1,D,,,,,,,,,,,,,,,,,,,,0.3945,0.2971,0.3084,1,,,,2.7,3.35,3.16,,,,,1.2598,-1,11,0.2727,0.2668,-0.0727,0,0,,,,-0.0222,,,,,,,,,,,
spelad,NO,2023,2023-04-29,,Bodo/Glimt,Brann,2,2,D,,,,,,,,,,,,,,,,,,,,0.5158,0.24,0.2442,1,,,,1.88,4.2,4.1,,,,,0.9163,-1,10,-0.3,-0.3514,0.0553,-1,0,,,,-0.0091,,,,,,,,,,,
spelad,NO,2023,2023-04-30,,Haugesund,Sarpsborg 08,0,0,D,,,,,,,,,,,,,,,,,,,,0.3644,0.278,0.3577,1,,,,2.67,3.6,2.72,,,,,-0.1182,0,16,0,-0.0018,0.2261,0,0,,,,0.0006,,,,,,,,,,,
spelad,NO,2023,2023-04-30,,Molde,Stabaek,2,3,A,,,,,,,,,,,,,,,,,,,,0.6766,0.1905,0.1329,1,,,,1.45,5.5,8.25,,,,,0.3317,0,14,1.5,0.338,-0.1583,-1,0,,,,-0.0056,,,,,,,,,,,
spelad,NO,2023,2023-04-30,,Odd,Rosenborg,0,0,D,,,,,,,,,,,,,,,,,,,,0.3392,0.2805,0.3803,1,,,,2.87,3.5,2.56,,,,,0.7938,0,16,-0.75,-0.014,0.0042,0,0,,,,0.0022,,,,,,,,,,,
spelad,NO,2023,2023-04-30,,Sandefjord,Aalesund,4,0,H,,,,,,,,,,,,,,,,,,,,0.3942,0.3203,0.2855,1,,,,2.47,3.25,3.45,,,,,-0.4707,0,8,-0.375,0.0116,-0.1341,0,0,,,,0.0082,,,,,,,,,,,
spelad,NO,2023,2023-04-30,,Stromsgodset,Tromso,0,1,A,,,,,,,,,,,,,,,,,,,,0.4524,0.2803,0.2672,1,,,,2.17,3.6,3.64,,,,,-0.768,0,14,0.2143,-0.0199,-0.0398,0,0,,,,-0.0103,,,,,,,,,,,
spelad,NO,2023,2023-04-30,,Viking,HamKam,7,3,H,,,,,,,,,,,,,,,,,,,,0.5785,0.2382,0.1834,1,,,,1.68,4.1,5.5,,,,,-0.6237,0,,,,,0,0,,,,-0.0124,,,,,,,,,,,
spelad,NO,2023,2023-05-01,,Valerenga,Lillestrom,3,4,A,,,,,,,,,,,,,,,,,,,,0.3369,0.2798,0.3833,1,,,,2.96,3.5,2.6,,,,,-0.5962,1,14,0.2143,-0.06,0.0954,0,0,,,,0.0046,,,,,,,,,,,
spelad,NO,2023,2023-05-03,,Bodo/Glimt,Odd,2,0,H,,,,,,,,,,,,,,,,,,,,0.766,0.1478,0.0862,1,,,,1.27,6.66,12,,,,,-0.5568,1,13,-0.2308,-0.2124,-0.0639,0,0,,,,-0.0106,,,,,,,,,,,
spelad,NO,2023,2023-05-03,,Molde,Aalesund,3,0,H,,,,,,,,,,,,,,,,,,,,0.7672,0.1633,0.0695,1,,,,1.27,7.24,15,,,,,-0.0454,0,9,2.3333,0.7334,-0.2165,0,0,,,,-0.001,,,,,,,,,,,
spelad,NO,2023,2023-05-03,,Rosenborg,Brann,0,2,A,,,,,,,,,,,,,,,,,,,,0.2995,0.2915,0.409,1,,,,3.28,3.49,2.4,,,,,0.114,-1,12,1.25,0.3004,0.0045,-1,0,,,,-0.0014,,,,,,,,,,,
spelad,NO,2023,2023-05-06,,Rosenborg,Valerenga,1,3,A,,,,,,,,,,,,,,,,,,,,0.4907,0.2752,0.2341,1,,,,2,3.65,4.15,,,,,0.5829,-2,16,1.6875,0.4303,0.0704,0,0,,,,-0.0214,,,,,,,,,,,
spelad,NO,2023,2023-05-07,,Aalesund,Haugesund,0,0,D,,,,,,,,,,,,,,,,,,,,0.4697,0.2885,0.2418,1,,,,2.15,3.4,4.02,,,,,-0.3285,-3,10,-1.2,-0.4636,-0.0639,0,0,,,,-0.0329,,,,,,,,,,,
spelad,NO,2023,2023-05-07,,HamKam,Molde,0,4,A,,,,,,,,,,,,,,,,,,,,0.1849,0.2339,0.5812,1,,,,5.4,4.2,1.7,,,,,0.2671,3,,,,,0,0,,,,0.0213,,,,,,,,,,,
spelad,NO,2023,2023-05-07,,Lillestrom,Bodo/Glimt,1,2,A,,,,,,,,,,,,,,,,,,,,0.3251,0.2578,0.4171,1,,,,3.21,3.79,2.35,,,,,-0.1448,2,12,-0.75,-0.3343,0.1634,0,0,,,,-0.0052,,,,,,,,,,,
spelad,NO,2023,2023-05-07,,Stabaek,Sarpsborg 08,1,1,D,,,,,,,,,,,,,,,,,,,,0.3833,0.2774,0.3393,1,,,,2.55,3.6,2.87,,,,,0.2174,0,14,-0.4286,-0.1322,0.1605,1,0,,,,0.0001,,,,,,,,,,,
spelad,NO,2023,2023-05-07,,Tromso,Odd,0,1,A,,,,,,,,,,,,,,,,,,,,0.377,0.302,0.321,1,,,,2.58,3.35,3.06,,,,,-0.3214,3,14,-0.6429,-0.1073,-0.0401,0,0,,,,0.0124,,,,,,,,,,,
spelad,NO,2023,2023-05-07,,Viking,Stromsgodset,1,1,D,,,,,,,,,,,,,,,,,,,,0.6765,0.1916,0.132,1,,,,1.46,5.1,7.33,,,,,0.4157,0,14,-0.4286,-0.361,0.1811,0,0,,,,-0.0355,,,,,,,,,,,
spelad,NO,2023,2023-05-08,,Brann,Sandefjord,0,0,D,,,,,,,,,,,,,,,,,,,,0.8225,0.115,0.0626,1,,,,1.19,8.5,17,,,,,0.1539,-3,8,1.875,0.4452,0.1153,1,0,,,,-0.0213,,,,,,,,,,,
spelad,NO,2023,2023-05-12,,Odd,Lillestrom,0,1,A,,,,,,,,,,,,,,,,,,,,0.3343,0.281,0.3847,1,,,,3.12,3.5,2.52,,,,,0.669,0,14,0.8571,0.3388,-0.1114,0,0,,,,-0.0163,,,,,,,,,,,
spelad,NO,2023,2023-05-13,,Bodo/Glimt,Rosenborg,3,2,H,,,,,,,,,,,,,,,,,,,,0.7323,0.174,0.0937,1,,,,1.34,6,10.47,,,,,1.2418,-1,14,0,0.1985,0.1991,0,0,,,,-0.0342,,,,,,,,,,,
spelad,NO,2023,2023-05-13,,HamKam,Tromso,1,2,A,,,,,,,,,,,,,,,,,,,,0.4828,0.2888,0.2283,1,,,,2.07,3.46,4.26,,,,,-0.2131,0,,,,,0,0,,,,-0.0306,,,,,,,,,,,
spelad,NO,2023,2023-05-13,,Haugesund,Valerenga,1,1,D,,,,,,,,,,,,,,,,,,,,0.3299,0.2854,0.3847,1,,,,3,3.55,2.53,,,,,0.334,-1,15,0,0.1726,-0.0664,0,0,,,,-0.0072,,,,,,,,,,,
spelad,NO,2023,2023-05-13,,Molde,Stromsgodset,3,2,H,,,,,,,,,,,,,,,,,,,,0.7593,0.1573,0.0834,1,,,,1.28,6.5,12.5,,,,,0.2361,0,15,1.8,0.5575,-0.0998,0,0,,,,-0.0157,,,,,,,,,,,
spelad,NO,2023,2023-05-13,,Sandefjord,Viking,1,2,A,,,,,,,,,,,,,,,,,,,,0.2559,0.2579,0.4862,1,,,,3.9,3.78,2.08,,,,,0.4375,-1,9,0.3333,0.6285,-0.0018,0,0,,,,0.0085,,,,,,,,,,,
spelad,NO,2023,2023-05-13,,Sarpsborg 08,Brann,2,1,H,,,,,,,,,,,,,,,,,,,,0.2504,0.2435,0.5061,1,,,,4,4,1.95,,,,,0.2139,1,12,-1,-0.3895,0.0591,-1,0,,,,0.0173,,,,,,,,,,,
spelad,NO,2023,2023-05-13,,Stabaek,Aalesund,1,0,H,,,,,,,,,,,,,,,,,,,,0.5548,0.2631,0.1821,1,,,,1.84,3.8,5.33,,,,,0.3738,0,9,0.6667,0.1659,0.0801,1,0,,,,-0.0534,,,,,,,,,,,
spelad,NO,2023,2023-05-16,,Aalesund,Molde,3,1,H,,,,,,,,,,,,,,,,,,,,0.1829,0.2537,0.5634,1,,,,6.5,4.4,1.72,,,,,-0.3394,0,10,-2.4,-0.5024,-0.2112,0,0,,,,-0.0057,,,,,,,,,,,
spelad,NO,2023,2023-05-16,,Brann,Stabaek,4,1,H,,,,,,,,,,,,,,,,,,,,0.7334,0.1751,0.0915,1,,,,1.36,5.53,11,,,,,-0.5182,0,12,1.25,0.3266,-0.0094,0,0,,,,-0.0458,,,,,,,,,,,
spelad,NO,2023,2023-05-16,,Lillestrom,Sarpsborg 08,1,2,A,,,,,,,,,,,,,,,,,,,,0.4368,0.2598,0.3034,1,,,,2.25,3.96,4.12,,,,,-0.0101,1,13,0,0.0236,-0.0382,0,0,,,,0.0332,,,,,,,,,,,
spelad,NO,2023,2023-05-16,,Rosenborg,Haugesund,1,0,H,,,,,,,,,,,,,,,,,,,,0.5462,0.2818,0.1721,1,,,,1.79,3.92,5.8,,,,,-0.5052,0,15,-0.2,-0.5829,0.0228,0,0,,,,0.0027,,,,,,,,,,,
spelad,NO,2023,2023-05-16,,Stromsgodset,Sandefjord,1,0,H,,,,,,,,,,,,,,,,,,,,0.5331,0.2408,0.2262,1,,,,1.82,4.05,4.5,,,,,-0.577,0,11,0.2727,-0.2775,-0.054,0,0,,,,-0.0013,,,,,,,,,,,
spelad,NO,2023,2023-05-16,,Tromso,Bodo/Glimt,2,3,A,,,,,,,,,,,,,,,,,,,,0.1712,0.2403,0.5884,1,,,,5.69,4.2,1.68,,,,,-0.1728,0,11,-0.5455,0.0527,-0.1528,0,0,,,,0.024,,,,,,,,,,,
spelad,NO,2023,2023-05-16,,Valerenga,HamKam,3,0,H,,,,,,,,,,,,,,,,,,,,0.5634,0.2381,0.1986,1,,,,1.78,4.07,5.5,,,,,0.2694,0,,,,,0,0,,,,-0.0433,,,,,,,,,,,
spelad,NO,2023,2023-05-16,,Viking,Odd,3,2,H,,,,,,,,,,,,,,,,,,,,0.5917,0.2252,0.1831,1,,,,1.67,4.33,5.3,,,,,-0.2269,-1,13,-0.6923,-0.1933,-0.0959,0,0,,,,-0.0193,,,,,,,,,,,
spelad,NO,2023,2023-05-29,,Bodo/Glimt,Viking,5,1,H,,,,,,,,,,,,,,,,,,,,0.6606,0.1825,0.1569,1,,,,1.47,5.34,7,,,,,0.534,0,12,0.25,0.0063,-0.1295,0,0,,,,-0.0002,,,,,,,,,,,
spelad,NO,2023,2023-05-29,,Brann,Rosenborg,3,1,H,,,,,,,,,,,,,,,,,,,,0.6303,0.2162,0.1536,1,,,,1.66,4.9,7.53,,,,,0.0739,0,13,-0.9231,-0.1675,-0.0182,1,0,,,,-0.0592,,,,,,,,,,,
spelad,NO,2023,2023-05-29,,HamKam,Lillestrom,0,0,D,,,,,,,,,,,,,,,,,,,,0.2612,0.2738,0.465,1,,,,3.78,3.65,2.1,,,,,-0.8167,0,,,,,0,0,,,,0.0106,,,,,,,,,,,
spelad,NO,2023,2023-05-29,,Haugesund,Tromso,1,2,A,,,,,,,,,,,,,,,,,,,,0.3835,0.3073,0.3092,1,,,,2.54,3.26,3.22,,,,,-0.4661,0,14,0.6429,0.2982,-0.0493,0,0,,,,0.0063,,,,,,,,,,,
spelad,NO,2023,2023-05-29,,Molde,Sandefjord,5,0,H,,,,,,,,,,,,,,,,,,,,0.8065,0.1217,0.0717,1,,,,1.21,7.95,15,,,,,-0.6175,0,12,1.75,0.1741,-0.1148,0,0,,,,-0.017,,,,,,,,,,,
spelad,NO,2023,2023-05-29,,Odd,Stromsgodset,1,1,D,,,,,,,,,,,,,,,,,,,,0.4736,0.2667,0.2596,1,,,,2.07,3.69,3.78,,,,,0.3797,0,15,-0.4,-0.1439,-0.0602,0,0,,,,-0.0061,,,,,,,,,,,
spelad,NO,2023,2023-05-29,,Sarpsborg 08,Aalesund,3,1,H,,,,,,,,,,,,,,,,,,,,0.6125,0.2209,0.1666,1,,,,1.61,4.5,5.81,,,,,1.172,0,9,2,0.7761,-0.1438,0,0,,,,-0.0255,,,,,,,,,,,
spelad,NO,2023,2023-05-29,,Stabaek,Valerenga,2,1,H,,,,,,,,,,,,,,,,,,,,0.3517,0.2952,0.353,1,,,,2.82,3.45,2.79,,,,,0.2538,0,13,0.2308,0.2702,0.2045,1,0,,,,0.0057,,,,,,,,,,,
spelad,NO,2023,2023-06-04,,Aalesund,Brann,1,3,A,,,,,,,,,,,,,,,,,,,,0.1824,0.2366,0.581,1,,,,5.6,4.25,1.68,,,,,-0.234,0,6,-1.5,-0.4478,0.2587,-1,0,,,,0.015,,,,,,,,,,,
spelad,NO,2023,2023-06-04,,Lillestrom,Stabaek,3,1,H,,,,,,,,,,,,,,,,,,,,0.6133,0.2207,0.1659,1,,,,1.58,4.43,6.11,,,,,-0.3844,0,11,0.2727,0.0867,-0.0794,-1,0,,,,-0.0039,,,,,,,,,,,
spelad,NO,2023,2023-06-04,,Rosenborg,HamKam,4,0,H,,,,,,,,,,,,,,,,,,,,0.5812,0.2433,0.1755,1,,,,1.71,4,5.7,,,,,-0.212,0,,,,,0,0,,,,-0.0379,,,,,,,,,,,
spelad,NO,2023,2023-06-04,,Sandefjord,Odd,4,1,H,,,,,,,,,,,,,,,,,,,,0.3459,0.2901,0.364,1,,,,2.85,3.47,2.7,,,,,-0.1661,0,12,-0.5,0.1117,0.0798,0,0,,,,-0.0001,,,,,,,,,,,
spelad,NO,2023,2023-06-04,,Stromsgodset,Haugesund,1,2,A,,,,,,,,,,,,,,,,,,,,0.5634,0.2447,0.1919,1,,,,1.75,4,5.05,,,,,0.2537,0,15,0.6,0.1629,0.0127,0,0,,,,-0.0192,,,,,,,,,,,
spelad,NO,2023,2023-06-04,,Tromso,Sarpsborg 08,2,1,H,,,,,,,,,,,,,,,,,,,,0.332,0.2804,0.3876,1,,,,3.11,3.52,2.51,,,,,0.062,0,13,-0.4615,-0.0283,-0.0307,0,0,,,,-0.0064,,,,,,,,,,,
spelad,NO,2023,2023-06-04,,Valerenga,Bodo/Glimt,1,3,A,,,,,,,,,,,,,,,,,,,,0.2936,0.2436,0.4628,1,,,,3.79,4,2.11,,,,,-0.7451,0,14,-1.0714,-0.549,0.2672,0,0,,,,-0.0148,,,,,,,,,,,
spelad,NO,2023,2023-06-04,,Viking,Molde,3,4,A,,,,,,,,,,,,,,,,,,,,0.3193,0.2478,0.4329,1,,,,3.1,4,2.27,,,,,0.7471,0,13,-0.4615,0.2636,-0.1536,0,0,,,,-0.006,,,,,,,,,,,
spelad,NO,2023,2023-06-11,,Aalesund,Tromso,2,3,A,,,,,,,,,,,,,,,,,,,,0.3792,0.3065,0.3144,1,,,,2.57,3.33,3.2,,,,,-0.919,0,7,0.8571,0.5264,0.169,0,0,,,,0.0404,,,,,,,,,,,
spelad,NO,2023,2023-06-11,,Bodo/Glimt,HamKam,3,0,H,,,,,,,,,,,,,,,,,,,,0.8351,0.1075,0.0574,1,,,,1.18,9.01,17,,,,,1.3255,0,,,,,0,0,,,,-0.0395,,,,,,,,,,,
spelad,NO,2023,2023-06-11,,Brann,Lillestrom,2,2,D,,,,,,,,,,,,,,,,,,,,0.6244,0.2086,0.1671,1,,,,1.58,4.75,6,,,,,-0.2459,0,10,0.9,0.2524,0.0396,0,0,,,,-0.0192,,,,,,,,,,,
spelad,NO,2023,2023-06-11,,Haugesund,Sandefjord,3,2,H,,,,,,,,,,,,,,,,,,,,0.4524,0.2869,0.2607,1,,,,2.17,3.57,3.73,,,,,-0.2759,0,11,0.8182,0.2078,-0.0902,0,0,,,,-0.0046,,,,,,,,,,,
spelad,NO,2023,2023-06-11,,Odd,Molde,1,0,H,,,,,,,,,,,,,,,,,,,,0.169,0.2238,0.6072,1,,,,5.82,4.34,1.65,,,,,-0.1649,0,15,-1.4,-0.4057,0.0216,0,0,,,,0.0384,,,,,,,,,,,
spelad,NO,2023,2023-06-11,,Sarpsborg 08,Viking,1,3,A,,,,,,,,,,,,,,,,,,,,0.4502,0.2372,0.3127,1,,,,2.16,4.1,3.25,,,,,0.288,0,14,-0.8571,-0.3819,-0.1115,0,0,,,,-0.001,,,,,,,,,,,
spelad,NO,2023,2023-06-11,,Stabaek,Rosenborg,2,2,D,,,,,,,,,,,,,,,,,,,,0.3322,0.2948,0.373,1,,,,3,3.33,2.6,,,,,0.9987,0,13,-1.6154,-0.2029,0.0904,1,0,,,,-0.0239,,,,,,,,,,,
spelad,NO,2023,2023-06-11,,Valerenga,Stromsgodset,0,1,A,,,,,,,,,,,,,,,,,,,,0.5918,0.2216,0.1866,1,,,,1.69,4.5,5.4,,,,,0.1287,0,15,-0.2,-0.2004,0.0221,0,0,,,,-0.0246,,,,,,,,,,,
spelad,NO,2023,2023-06-24,,Viking,Brann,3,1,H,,,,,,,,,,,,,,,,,,,,0.3497,0.2401,0.4102,1,,,,2.8,4.05,2.45,,,,,0.2764,0,10,0.6,0.407,-0.0576,0,0,,,,-0.0037,,,,,,,,,,,
spelad,NO,2023,2023-06-25,,HamKam,Odd,0,1,A,,,,,,,,,,,,,,,,,,,,0.3864,0.2847,0.3289,1,,,,2.52,3.44,3.07,,,,,-0.3754,0,,,,,0,0,,,,0.018,,,,,,,,,,,
spelad,NO,2023,2023-06-25,,Molde,Haugesund,1,0,H,,,,,,,,,,,,,,,,,,,,0.7909,0.1316,0.0775,1,,,,1.25,7.33,13,,,,,-0.2275,0,15,2,0.5109,-0.0354,0,0,,,,-0.0428,,,,,,,,,,,
spelad,NO,2023,2023-06-25,,Rosenborg,Sarpsborg 08,0,3,A,,,,,,,,,,,,,,,,,,,,0.4419,0.2572,0.301,1,,,,2.22,3.83,3.52,,,,,-0.3835,0,15,1,0.0244,0.0189,0,0,,,,0.0071,,,,,,,,,,,
spelad,NO,2023,2023-06-25,,Stromsgodset,Bodo/Glimt,2,0,H,,,,,,,,,,,,,,,,,,,,0.1768,0.1981,0.6251,1,,,,6,5.05,1.6,,,,,-0.8571,0,13,-0.9231,-0.2317,0.0237,0,0,,,,-0.0012,,,,,,,,,,,
spelad,NO,2023,2023-06-25,,Tromso,Stabaek,2,1,H,,,,,,,,,,,,,,,,,,,,0.4,0.3115,0.2884,1,,,,2.43,3.34,3.61,,,,,0.2518,0,11,0.5455,0.1453,0.1954,0,0,,,,0.0061,,,,,,,,,,,
spelad,NO,2023,2023-07-01,,Valerenga,Viking,1,2,A,,,,,,,,,,,,,,,,,,,,0.4249,0.2508,0.3243,1,,,,2.3,4,3,,,,,-0.9288,7,13,0.4615,0.0562,-0.0251,0,0,,,,0.0017,,,,,,,,,,,
spelad,NO,2023,2023-07-02,,Aalesund,Rosenborg,1,0,H,,,,,,,,,,,,,,,,,,,,0.2979,0.2729,0.4292,1,,,,3.35,3.57,2.33,,,,,0.0208,7,9,-1.3333,-0.0883,0.1335,0,0,,,,0.024,,,,,,,,,,,
spelad,NO,2023,2023-07-02,,Bodo/Glimt,Molde,2,2,D,,,,,,,,,,,,,,,,,,,,0.4402,0.252,0.3078,1,,,,2.3,4.09,3.73,,,,,0.4556,0,13,-0.6923,0.0131,-0.2257,0,0,,,,-0.012,,,,,,,,,,,
spelad,NO,2023,2023-07-02,,Brann,HamKam,2,1,H,,,,,,,,,,,,,,,,,,,,0.7234,0.1602,0.1164,1,,,,1.37,6.5,11,,,,,0.6027,1,,,,,0,0,,,,-0.009,,,,,,,,,,,
spelad,NO,2023,2023-07-02,,Haugesund,Odd,2,1,H,,,,,,,,,,,,,,,,,,,,0.4086,0.302,0.2894,1,,,,2.45,3.4,3.4,,,,,-0.1178,0,15,-0.4,-0.0758,-0.0719,0,0,,,,-0.0198,,,,,,,,,,,
spelad,NO,2023,2023-07-02,,Lillestrom,Tromso,0,1,A,,,,,,,,,,,,,,,,,,,,0.5874,0.2399,0.1728,1,,,,1.7,4.33,5.61,,,,,-0.7195,7,13,0.4615,0.1512,-0.0372,0,0,,,,-0.0295,,,,,,,,,,,
spelad,NO,2023,2023-07-02,,Sarpsborg 08,Sandefjord,6,1,H,,,,,,,,,,,,,,,,,,,,0.7138,0.1659,0.1203,1,,,,1.42,5.89,8.48,,,,,0.2464,-7,11,1.0909,0.1237,0.0128,0,0,,,,-0.0232,,,,,,,,,,,
spelad,NO,2023,2023-07-03,,Stabaek,Stromsgodset,0,1,A,,,,,,,,,,,,,,,,,,,,0.4365,0.2838,0.2797,1,,,,2.29,3.62,3.48,,,,,0.0041,0,13,0.6923,0.5145,0.0561,0,0,,,,-0.0278,,,,,,,,,,,
spelad,NO,2023,2023-07-07,,HamKam,Aalesund,2,1,H,,,,,,,,,,,,,,,,,,,,0.5131,0.2614,0.2255,1,,,,1.91,4.08,4.3,,,,,-0.7029,0,,,,,0,0,,,,-0.0248,,,,,,,,,,,
spelad,NO,2023,2023-07-08,,Viking,Haugesund,2,0,H,,,,,,,,,,,,,,,,,,,,0.629,0.2039,0.167,1,,,,1.57,4.83,6.16,,,,,0.302,1,13,-0.9231,-0.6023,-0.0235,0,0,,,,-0.0146,,,,,,,,,,,
spelad,NO,2023,2023-07-09,,Molde,Brann,2,0,H,,,,,,,,,,,,,,,,,,,,0.5188,0.2349,0.2462,1,,,,2.04,4.2,3.94,,,,,0.3149,0,12,1,0.3065,-0.0855,0,0,,,,-0.0583,,,,,,,,,,,
spelad,NO,2023,2023-07-09,,Odd,Bodo/Glimt,0,2,A,,,,,,,,,,,,,,,,,,,,0.1611,0.2121,0.6268,1,,,,6.24,4.68,1.56,,,,,-0.3281,0,14,0,0.2276,-0.0699,0,0,,,,0.0124,,,,,,,,,,,
spelad,NO,2023,2023-07-09,,Rosenborg,Lillestrom,1,2,A,,,,,,,,,,,,,,,,,,,,0.412,0.2572,0.3307,1,,,,2.37,3.78,3.06,,,,,-0.4043,0,13,0.9231,-0.0278,-0.0026,0,0,,,,0.0076,,,,,,,,,,,
spelad,NO,2023,2023-07-09,,Sandefjord,Stabaek,0,0,D,,,,,,,,,,,,,,,,,,,,0.3543,0.2926,0.353,1,,,,2.85,3.47,2.76,,,,,0.2405,1,9,-0.6667,-0.1771,0.072,0,0,,,,-0.0263,,,,,,,,,,,
spelad,NO,2023,2023-07-09,,Stromsgodset,Sarpsborg 08,5,2,H,,,,,,,,,,,,,,,,,,,,0.2866,0.2393,0.474,1,,,,3.39,4.2,2.22,,,,,0.196,-1,15,0.6,0.3289,0.0058,0,0,,,,0.0492,,,,,,,,,,,
spelad,NO,2023,2023-07-09,,Tromso,Valerenga,0,0,D,,,,,,,,,,,,,,,,,,,,0.5091,0.2621,0.2288,1,,,,2.26,3.71,4.3,,,,,1.6806,-1,13,-1.1538,-0.3778,0.0553,0,0,,,,-0.0458,,,,,,,,,,,
spelad,NO,2023,2023-07-15,,Valerenga,Molde,0,4,A,,,,,,,,,,,,,,,,,,,,0.2736,0.2549,0.4715,1,,,,3.76,4,2.11,,,,,-0.4139,0,15,-1.4,-0.4042,-0.1104,0,0,,,,0.0033,,,,,,,,,,,
spelad,NO,2023,2023-07-16,,Aalesund,Odd,0,3,A,,,,,,,,,,,,,,,,,,,,0.4175,0.2878,0.2948,1,,,,2.36,3.46,3.32,,,,,0.0792,2,9,-0.6667,0.0391,-0.1364,0,0,,,,-0.0144,,,,,,,,,,,
spelad,NO,2023,2023-07-16,,Bodo/Glimt,Haugesund,2,1,H,,,,,,,,,,,,,,,,,,,,0.8031,0.1206,0.0762,1,,,,1.24,7.99,15,,,,,0.1335,-1,13,0.2308,-0.2182,0.0729,0,0,,,,-0.0249,,,,,,,,,,,
spelad,NO,2023,2023-07-16,,Brann,Stromsgodset,1,0,H,,,,,,,,,,,,,,,,,,,,0.7238,0.1518,0.1244,1,,,,1.42,6.64,8.5,,,,,-1.14,0,12,0,-0.0523,0.0763,0,0,,,,-0.0234,,,,,,,,,,,
spelad,NO,2023,2023-07-16,,Lillestrom,Sandefjord,4,2,H,,,,,,,,,,,,,,,,,,,,0.7134,0.1699,0.1166,1,,,,1.39,5.91,9.21,,,,,0.1169,0,9,2.6667,0.8966,-0.1206,0,0,,,,-0.0249,,,,,,,,,,,
spelad,NO,2023,2023-07-16,,Rosenborg,Tromso,2,1,H,,,,,,,,,,,,,,,,,,,,0.4462,0.2702,0.2836,1,,,,2.25,3.6,3.58,,,,,-1.6927,0,13,0.9231,0.0138,-0.162,0,0,,,,0.0076,,,,,,,,,,,
spelad,NO,2023,2023-07-16,,Sarpsborg 08,HamKam,2,3,A,,,,,,,,,,,,,,,,,,,,0.7063,0.1716,0.1222,1,,,,1.46,5.7,8.5,,,,,0.8811,-2,,,,,0,0,,,,-0.0218,,,,,,,,,,,
spelad,NO,2023,2023-07-16,,Stabaek,Viking,0,1,A,,,,,,,,,,,,,,,,,,,,0.3315,0.2723,0.3962,1,,,,2.95,3.63,2.46,,,,,-1.063,-1,11,-0.8182,-0.3813,0.2932,0,0,,,,-0.0036,,,,,,,,,,,
spelad,NO,2023,2023-07-19,,Lillestrom,Aalesund,5,1,H,,,,,,,,,,,,,,,,,,,,0.735,0.165,0.1,1,,,,1.35,6,10,,,,,0.3999,0,7,0,-0.2838,-0.1139,0,0,,,,-0.0275,,,,,,,,,,,
spelad,NO,2023,2023-07-22,,Molde,Sarpsborg 08,5,1,H,,,,,,,,,,,,,,,,,,,,0.6869,0.1708,0.1422,1,,,,1.49,5.67,7,,,,,0.3076,1,15,0,-0.4804,0.102,0,0,,,,-0.0422,,,,,,,,,,,
spelad,NO,2023,2023-07-23,,HamKam,Stabaek,3,2,H,,,,,,,,,,,,,,,,,,,,0.4037,0.2845,0.3118,1,,,,2.45,3.47,3.26,,,,,0.4957,0,,,,,0,0,,,,-0.0039,,,,,,,,,,,
spelad,NO,2023,2023-07-23,,Haugesund,Lillestrom,1,0,H,,,,,,,,,,,,,,,,,,,,0.2764,0.2589,0.4647,1,,,,3.53,3.79,2.13,,,,,0.1593,3,13,-1.3846,-0.6921,0.1141,0,0,,,,0.0275,,,,,,,,,,,
spelad,NO,2023,2023-07-23,,Odd,Valerenga,2,1,H,,,,,,,,,,,,,,,,,,,,0.3926,0.2872,0.3202,1,,,,2.5,3.5,3.06,,,,,0.9386,-1,15,0,0.1144,-0.0592,0,0,,,,0.0002,,,,,,,,,,,
spelad,NO,2023,2023-07-23,,Sandefjord,Bodo/Glimt,2,5,A,,,,,,,,,,,,,,,,,,,,0.1123,0.1732,0.7145,1,,,,8.75,5.93,1.38,,,,,-0.6747,0,9,-1.6667,-0.1266,0.0215,0,0,,,,0.0243,,,,,,,,,,,
spelad,NO,2023,2023-07-23,,Stromsgodset,Rosenborg,0,1,A,,,,,,,,,,,,,,,,,,,,0.3575,0.2566,0.3859,1,,,,2.8,3.8,2.7,,,,,1.1457,0,15,-0.8,0.0237,0.1005,0,0,,,,0.0054,,,,,,,,,,,
spelad,NO,2023,2023-07-23,,Tromso,Brann,3,1,H,,,,,,,,,,,,,,,,,,,,0.3078,0.2748,0.4174,1,,,,3.16,3.75,2.56,,,,,0.7433,0,10,0,0.1729,0.1396,0,0,,,,0.0228,,,,,,,,,,,
spelad,NO,2023,2023-07-24,,Viking,Aalesund,3,1,H,,,,,,,,,,,,,,,,,,,,0.7762,0.1361,0.0877,1,,,,1.28,7.07,12,,,,,1.0951,3,8,0,-0.4063,0.0174,0,0,,,,-0.0263,,,,,,,,,,,
spelad,NO,2023,2023-07-29,,Stabaek,Molde,0,1,A,,,,,,,,,,,,,,,,,,,,0.2449,0.2664,0.4886,1,,,,4.38,3.71,1.99,,,,,-1.058,-1,14,-1.2857,-0.0418,-0.2308,0,0,,,,-0.005,,,,,,,,,,,
spelad,NO,2023,2023-07-29,,Valerenga,Sandefjord,2,3,A,,,,,,,,,,,,,,,,,,,,0.6417,0.1998,0.1586,1,,,,1.57,4.85,6.4,,,,,-0.5795,0,10,0.9,0.0056,-0.1331,0,0,,,,-0.0239,,,,,,,,,,,
spelad,NO,2023,2023-07-30,,Aalesund,Stromsgodset,1,0,H,,,,,,,,,,,,,,,,,,,,0.4213,0.2616,0.317,1,,,,2.37,3.75,3.07,,,,,-1.1113,-1,10,0.6,0.7015,-0.0392,0,0,,,,-0.0211,,,,,,,,,,,
spelad,NO,2023,2023-07-30,,Bodo/Glimt,Tromso,0,2,A,,,,,,,,,,,,,,,,,,,,0.7234,0.1635,0.1131,1,,,,1.37,5.93,9.5,,,,,-0.8568,0,12,0.75,0.1746,-0.1601,0,0,,,,-0.0261,,,,,,,,,,,
spelad,NO,2023,2023-07-30,,Brann,Viking,0,2,A,,,,,,,,,,,,,,,,,,,,0.5274,0.2226,0.2501,1,,,,1.91,4.62,3.95,,,,,-1.0287,1,11,-0.8182,-0.4513,-0.0742,0,0,,,,-0.0462,,,,,,,,,,,
spelad,NO,2023,2023-07-30,,Lillestrom,HamKam,3,1,H,,,,,,,,,,,,,,,,,,,,0.6461,0.2011,0.1529,1,,,,1.52,4.9,7.2,,,,,-0.2662,0,3,1,0.0439,0.397,0,0,,,,-0.012,,,,,,,,,,,
spelad,NO,2023,2023-07-30,,Rosenborg,Odd,3,2,H,,,,,,,,,,,,,,,,,,,,0.5697,0.2397,0.1906,1,,,,1.87,4.05,5.65,,,,,-0.6453,0,15,0.4,-0.1651,0.083,0,0,,,,-0.0313,,,,,,,,,,,
spelad,NO,2023,2023-07-30,,Sarpsborg 08,Haugesund,2,1,H,,,,,,,,,,,,,,,,,,,,0.6883,0.1774,0.1342,1,,,,1.47,5.5,7.6,,,,,-1.0187,1,16,-0.1875,-0.3267,0.2881,0,0,,,,-0.029,,,,,,,,,,,
spelad,NO,2023,2023-08-05,,Stromsgodset,Valerenga,1,3,A,,,,,,,,,,,,,,,,,,,,0.3333,0.2757,0.3909,1,,,,2.92,3.62,2.53,,,,,1.708,-1,16,0.375,0.3058,0.0068,0,0,,,,0.0116,,,,,,,,,,,
spelad,NO,2023,2023-08-06,,HamKam,Brann,0,2,A,,,,,,,,,,,,,,,,,,,,0.2602,0.2396,0.5002,1,,,,3.9,4.05,1.94,,,,,0.7493,0,,,,,0,0,,,,-0.0119,,,,,,,,,,,
spelad,NO,2023,2023-08-06,,Haugesund,Rosenborg,1,2,A,,,,,,,,,,,,,,,,,,,,0.3816,0.2829,0.3355,1,,,,2.55,3.5,2.9,,,,,0.6163,0,16,0,0.4752,0.0038,0,0,,,,0.0005,,,,,,,,,,,
spelad,NO,2023,2023-08-06,,Odd,Stabaek,4,0,H,,,,,,,,,,,,,,,,,,,,0.3601,0.3058,0.3341,1,,,,2.71,3.4,2.96,,,,,1.3651,-1,14,0.2143,-0.056,-0.0454,0,0,,,,-0.0123,,,,,,,,,,,
spelad,NO,2023,2023-08-06,,Sandefjord,Sarpsborg 08,5,1,H,,,,,,,,,,,,,,,,,,,,0.2407,0.2293,0.53,1,,,,4.33,4.4,1.87,,,,,0.621,1,12,-1.25,-0.169,-0.0021,0,0,,,,-0.0232,,,,,,,,,,,
spelad,NO,2023,2023-08-06,,Tromso,Lillestrom,3,1,H,,,,,,,,,,,,,,,,,,,,0.3776,0.2943,0.328,1,,,,2.58,3.4,3,,,,,1.0109,0,14,-0.2143,0.0542,-0.0517,0,0,,,,0.0243,,,,,,,,,,,
spelad,NO,2023,2023-08-06,,Viking,Bodo/Glimt,3,2,H,,,,,,,,,,,,,,,,,,,,0.351,0.2282,0.4208,1,,,,3.05,4.26,2.31,,,,,1.285,0,12,-0.75,-0.046,-0.1234,0,0,,,,-0.012,,,,,,,,,,,
spelad,NO,2023,2023-08-12,,Sandefjord,Molde,2,2,D,,,,,,,,,,,,,,,,,,,,0.1729,0.2091,0.618,1,,,,6,4.7,1.6,,,,,-0.155,-7,12,-1.75,-0.0619,-0.1149,0,0,,,,0.0016,,,,,,,,,,,
spelad,NO,2023,2023-08-12,,Sarpsborg 08,Stromsgodset,1,2,A,,,,,,,,,,,,,,,,,,,,0.6521,0.1971,0.1509,1,,,,1.5,5.1,6.8,,,,,-1.0739,-1,16,-0.75,-0.4176,-0.0095,0,0,,,,-0.0219,,,,,,,,,,,
spelad,NO,2023,2023-08-13,,Aalesund,HamKam,0,2,A,,,,,,,,,,,,,,,,,,,,0.4478,0.2504,0.3018,1,,,,2.21,3.88,3.3,,,,,-0.4394,7,3,-1,-0.5756,0.3935,0,0,,,,-0.002,,,,,,,,,,,
spelad,NO,2023,2023-08-13,,Lillestrom,Viking,1,3,A,,,,,,,,,,,,,,,,,,,,0.4345,0.2495,0.316,1,,,,2.39,4.05,3.15,,,,,-1.5942,0,12,-1.5,-0.586,-0.0888,0,0,,,,-0.0131,,,,,,,,,,,
spelad,NO,2023,2023-08-13,,Valerenga,Haugesund,1,1,D,,,,,,,,,,,,,,,,,,,,0.6097,0.2249,0.1654,1,,,,1.64,4.33,5.86,,,,,-1.1007,1,16,0,-0.127,-0.0176,0,0,,,,-0.0296,,,,,,,,,,,
spelad,NO,2023,2023-08-19,,Molde,Valerenga,0,0,D,,,,,,,,,,,,,,,,,,,,0.6093,0.2139,0.1768,1,,,,1.6,4.6,5.8,,,,,1.1511,1,16,1.5,0.5656,-0.1194,0,0,,,,-0.0066,,,,,,,,,,,
spelad,NO,2023,2023-08-19,,Odd,Sarpsborg 08,0,3,A,,,,,,,,,,,,,,,,,,,,0.3599,0.2435,0.3966,1,,,,2.75,3.99,2.53,,,,,1.4411,6,16,0,-0.0937,0.2355,0,0,,,,-0.0049,,,,,,,,,,,
spelad,NO,2023,2023-08-20,,Brann,Aalesund,5,1,H,,,,,,,,,,,,,,,,,,,,0.7526,0.1444,0.103,1,,,,1.28,7.64,13,,,,,-0.1474,7,7,1.7143,0.3078,0.1879,0,0,,,,0.0391,,,,,,,,,,,
spelad,NO,2023,2023-08-20,,HamKam,Rosenborg,3,0,H,,,,,,,,,,,,,,,,,,,,0.3635,0.2674,0.3691,1,,,,2.8,3.7,2.65,,,,,0.3361,-7,3,-2,-0.5567,0.0838,0,0,,,,-0.0156,,,,,,,,,,,
spelad,NO,2023,2023-08-20,,Haugesund,Bodo/Glimt,1,3,A,,,,,,,,,,,,,,,,,,,,0.154,0.1948,0.6512,1,,,,7.12,5,1.53,,,,,0.5323,-7,14,-0.4286,0.1099,0.0591,0,0,,,,0.0188,,,,,,,,,,,
spelad,NO,2023,2023-08-20,,Stromsgodset,Lillestrom,1,2,A,,,,,,,,,,,,,,,,,,,,0.2666,0.2541,0.4793,1,,,,3.89,3.84,2.22,,,,,0.8265,1,13,-0.4615,-0.1542,-0.0221,0,0,,,,0.0336,,,,,,,,,,,
spelad,NO,2023,2023-08-20,,Tromso,Sandefjord,1,0,H,,,,,,,,,,,,,,,,,,,,0.6582,0.2067,0.1352,1,,,,1.5,4.75,7.11,,,,,0.9723,6,9,-0.3333,-0.6114,0.1905,0,0,,,,-0.0105,,,,,,,,,,,
spelad,NO,2023,2023-08-20,,Viking,Stabaek,1,0,H,,,,,,,,,,,,,,,,,,,,0.6772,0.1831,0.1397,1,,,,1.48,5.33,7.14,,,,,2.5285,-7,12,1,0.2091,0.246,0,0,,,,-0.0188,,,,,,,,,,,
spelad,NO,2023,2023-08-26,,Sarpsborg 08,Tromso,4,0,H,,,,,,,,,,,,,,,,,,,,0.4969,0.2398,0.2633,1,,,,2.06,4.04,3.82,,,,,-1.7519,1,14,0.2143,-0.0483,-0.0485,0,0,,,,-0.0113,,,,,,,,,,,
spelad,NO,2023,2023-08-27,,Rosenborg,Aalesund,4,0,H,,,,,,,,,,,,,,,,,,,,0.6903,0.1841,0.1257,1,,,,1.44,5.61,8,,,,,0.2262,0,10,0.9,-0.1967,0.0929,0,0,,,,-0.0208,,,,,,,,,,,
spelad,NO,2023,2023-08-27,,Sandefjord,Haugesund,0,0,D,,,,,,,,,,,,,,,,,,,,0.4481,0.2642,0.2877,1,,,,2.21,3.75,3.38,,,,,0.2721,0,12,-1,-0.1969,-0.1066,0,0,,,,-0.0293,,,,,,,,,,,
spelad,NO,2023,2023-08-27,,Valerenga,Odd,2,2,D,,,,,,,,,,,,,,,,,,,,0.5674,0.2481,0.1845,1,,,,1.75,4.1,5.35,,,,,-0.9842,0,16,-0.1875,-0.1297,-0.0734,0,0,,,,-0.041,,,,,,,,,,,
spelad,NO,2023,2023-09-02,,Viking,Valerenga,1,1,D,,,,,,,,,,,,,,,,,,,,0.6132,0.2125,0.1743,1,,,,1.61,4.6,5.8,,,,,1.9609,7,14,-0.2143,0.098,-0.0412,0,0,,,,-0.0268,,,,,,,,,,,
spelad,NO,2023,2023-09-03,,Aalesund,Lillestrom,1,1,D,,,,,,,,,,,,,,,,,,,,0.2194,0.2234,0.5572,1,,,,4.5,4.42,1.75,,,,,-0.6539,-7,8,-0.375,0.2899,-0.1203,0,0,,,,0.01,,,,,,,,,,,
spelad,NO,2023,2023-09-03,,Brann,Sarpsborg 08,1,0,H,,,,,,,,,,,,,,,,,,,,0.6054,0.1941,0.2005,1,,,,1.63,5.09,5.4,,,,,0.2945,6,13,0.6923,0.1694,0.0358,0,0,,,,-0.0183,,,,,,,,,,,
spelad,NO,2023,2023-09-03,,HamKam,Bodo/Glimt,4,4,D,,,,,,,,,,,,,,,,,,,,0.1842,0.2027,0.6131,1,,,,6,4.8,1.6,,,,,1.2526,0,3,-2,-0.1958,0.1744,0,0,,,,-0.0062,,,,,,,,,,,
spelad,NO,2023,2023-09-03,,Haugesund,Molde,1,2,A,,,,,,,,,,,,,,,,,,,,0.192,0.2169,0.5911,1,,,,5.4,4.47,1.66,,,,,-0.5558,-7,15,-2.4,-0.6718,-0.033,0,0,,,,0.0095,,,,,,,,,,,
spelad,NO,2023,2023-09-03,,Odd,Sandefjord,3,2,H,,,,,,,,,,,,,,,,,,,,0.4857,0.2453,0.2691,1,,,,2.06,3.96,3.75,,,,,-0.108,0,12,0,-0.3994,0.0757,0,0,,,,-0.0229,,,,,,,,,,,
spelad,NO,2023,2023-09-03,,Stromsgodset,Stabaek,2,1,H,,,,,,,,,,,,,,,,,,,,0.4746,0.2687,0.2567,1,,,,2.06,3.76,3.79,,,,,1.1565,0,13,-0.2308,-0.2891,0.0535,0,0,,,,-0.0228,,,,,,,,,,,
spelad,NO,2023,2023-09-03,,Tromso,Rosenborg,3,1,H,,,,,,,,,,,,,,,,,,,,0.4383,0.2845,0.2772,1,,,,2.25,3.48,3.53,,,,,0.4921,1,13,-1.1538,0.0524,-0.2401,0,0,,,,0.0012,,,,,,,,,,,
spelad,NO,2023,2023-09-16,,Haugesund,Viking,0,2,A,,,,,,,,,,,,,,,,,,,,0.2453,0.2435,0.5113,1,,,,4.33,4.2,1.92,,,,,-1.2511,-1,13,0.4615,0.4014,-0.0214,0,0,,,,-0.0254,,,,,,,,,,,
spelad,NO,2023,2023-09-16,,Molde,Odd,4,1,H,,,,,,,,,,,,,,,,,,,,0.7521,0.1565,0.0914,1,,,,1.33,6.2,10.61,,,,,-0.0423,0,15,1.2,0.2834,-0.042,0,0,,,,-0.0337,,,,,,,,,,,
spelad,NO,2023,2023-09-16,,Sandefjord,Stromsgodset,2,0,H,,,,,,,,,,,,,,,,,,,,0.3986,0.2672,0.3342,1,,,,2.44,3.75,2.96,,,,,0.1475,0,12,-0.5,0.2272,-0.0695,0,0,,,,0.0242,,,,,,,,,,,
spelad,NO,2023,2023-09-17,,Rosenborg,Bodo/Glimt,1,1,D,,,,,,,,,,,,,,,,,,,,0.2186,0.2103,0.5711,1,,,,4.7,4.5,1.73,,,,,0.6283,0,14,0,-0.2771,0.2012,0,0,,,,0.0229,,,,,,,,,,,
spelad,NO,2023,2023-09-17,,Sarpsborg 08,Lillestrom,3,1,H,,,,,,,,,,,,,,,,,,,,0.5009,0.2314,0.2677,1,,,,1.94,4.2,3.75,,,,,-0.2714,0,14,0.2143,0.1443,-0.054,0,0,,,,-0.003,,,,,,,,,,,
spelad,NO,2023,2023-09-17,,Stabaek,Brann,0,1,A,,,,,,,,,,,,,,,,,,,,0.2375,0.2399,0.5227,1,,,,4.1,4.07,1.86,,,,,-1.0338,0,13,-1.3846,-0.3273,-0.0222,0,0,,,,0.0108,,,,,,,,,,,
spelad,NO,2023,2023-09-17,,Tromso,HamKam,2,1,H,,,,,,,,,,,,,,,,,,,,0.645,0.2136,0.1414,1,,,,1.54,4.56,7.1,,,,,-0.2582,0,3,3,1.6384,-0.281,0,0,,,,-0.0122,,,,,,,,,,,
spelad,NO,2023,2023-09-17,,Valerenga,Aalesund,3,1,H,,,,,,,,,,,,,,,,,,,,0.665,0.1965,0.1385,1,,,,1.48,5,7.2,,,,,-0.1201,1,9,1,0.0425,0.2038,0,0,,,,-0.0054,,,,,,,,,,,
spelad,NO,2023,2023-09-23,,Aalesund,Stabaek,1,1,D,,,,,,,,,,,,,,,,,,,,0.3878,0.2645,0.3477,1,,,,2.52,3.68,2.85,,,,,0.6562,0,9,-1,-0.2884,-0.0323,0,0,,,,0.0111,,,,,,,,,,,
spelad,NO,2023,2023-09-24,,Bodo/Glimt,Valerenga,4,2,H,,,,,,,,,,,,,,,,,,,,0.7646,0.1425,0.0929,1,,,,1.33,6.76,11.5,,,,,-0.0476,0,14,1.0714,0.2109,0.2636,0,0,,,,-0.0367,,,,,,,,,,,
spelad,NO,2023,2023-09-24,,Brann,Tromso,2,1,H,,,,,,,,,,,,,,,,,,,,0.5303,0.2402,0.2294,1,,,,1.86,4.05,4.33,,,,,-0.7976,0,11,-0.2727,-0.4229,0.102,0,0,,,,0.0005,,,,,,,,,,,
spelad,NO,2023,2023-09-24,,HamKam,Sarpsborg 08,1,1,D,,,,,,,,,,,,,,,,,,,,0.2684,0.2203,0.5113,1,,,,3.7,4.42,2.01,,,,,0.7358,0,3,1,1.0907,-0.2247,0,0,,,,0.0235,,,,,,,,,,,
spelad,NO,2023,2023-09-24,,Lillestrom,Rosenborg,3,0,H,,,,,,,,,,,,,,,,,,,,0.5284,0.2407,0.2309,1,,,,1.87,4.04,4.3,,,,,-0.9678,0,13,-0.4615,0.2167,-0.0065,0,0,,,,-0.0066,,,,,,,,,,,
spelad,NO,2023,2023-09-24,,Odd,Haugesund,1,1,D,,,,,,,,,,,,,,,,,,,,0.4814,0.2679,0.2506,1,,,,2.05,3.67,3.9,,,,,0.7851,0,16,0.1875,0.0653,-0.0863,0,0,,,,-0.0067,,,,,,,,,,,
spelad,NO,2023,2023-09-24,,Stromsgodset,Molde,1,1,D,,,,,,,,,,,,,,,,,,,,0.1998,0.2155,0.5847,1,,,,5.5,4.52,1.73,,,,,-0.8845,0,15,-2.2,-0.5827,-0.0928,0,0,,,,0.007,,,,,,,,,,,
spelad,NO,2023,2023-09-24,,Viking,Sandefjord,4,3,H,,,,,,,,,,,,,,,,,,,,0.7507,0.1438,0.1055,1,,,,1.31,6.68,10,,,,,0.6475,0,9,-0.3333,-0.555,-0.0122,0,0,,,,-0.0214,,,,,,,,,,,
spelad,NO,2023,2023-09-30,,Stabaek,Tromso,0,1,A,,,,,,,,,,,,,,,,,,,,0.2695,0.2922,0.4383,1,,,,3.61,3.69,2.28,,,,,-1.8352,1,11,-1.0909,-0.5431,0.1897,0,0,,,,0.0171,,,,,,,,,,,
spelad,NO,2023,2023-10-01,,Bodo/Glimt,Stromsgodset,2,0,H,,,,,,,,,,,,,,,,,,,,0.8248,0.1054,0.0697,1,,,,1.22,9.23,17,,,,,-0.1154,0,13,0.9231,0.0906,0.0214,0,0,,,,-0.0302,,,,,,,,,,,
spelad,NO,2023,2023-10-01,,Lillestrom,Brann,0,2,A,,,,,,,,,,,,,,,,,,,,0.3657,0.2644,0.3699,1,,,,2.68,3.74,2.66,,,,,-0.7031,0,11,-0.8182,-0.239,0.1079,0,0,,,,-0.0073,,,,,,,,,,,
spelad,NO,2023,2023-10-01,,Molde,Viking,4,0,H,,,,,,,,,,,,,,,,,,,,0.5303,0.2216,0.2482,1,,,,1.87,4.6,4.1,,,,,-0.7194,0,14,0.6429,0.0017,-0.1603,0,0,,,,-0.0085,,,,,,,,,,,
spelad,NO,2023,2023-10-01,,Sandefjord,Valerenga,1,2,A,,,,,,,,,,,,,,,,,,,,0.3297,0.2732,0.397,1,,,,2.95,3.68,2.45,,,,,0.6398,0,11,-0.5455,0.3273,-0.1392,0,0,,,,-0.0004,,,,,,,,,,,
spelad,NO,2023,2023-10-04,,Stabaek,HamKam,5,2,H,,,,,,,,,,,,,,,,,,,,0.4744,0.2621,0.2635,1,,,,2.09,3.78,3.73,,,,,-1.3029,-6,,,,,0,0,,,,-0.0118,,,,,,,,,,,
spelad,NO,2023,2023-10-07,,Odd,Viking,1,1,D,,,,,,,,,,,,,,,,,,,,0.2785,0.2473,0.4742,1,,,,3.52,4,2.06,,,,,-0.5969,7,13,0.2308,0.1218,-0.0935,0,0,,,,0.005,,,,,,,,,,,
spelad,NO,2023,2023-10-08,,Haugesund,Stromsgodset,1,0,H,,,,,,,,,,,,,,,,,,,,0.3882,0.2849,0.3269,1,,,,2.51,3.58,3.38,,,,,-0.3777,7,15,-0.2,0.0076,0.0084,0,0,,,,0.0457,,,,,,,,,,,
spelad,NO,2023,2023-10-08,,Molde,Bodo/Glimt,1,3,A,,,,,,,,,,,,,,,,,,,,0.4566,0.2469,0.2965,1,,,,2.16,3.95,3.3,,,,,0.6272,0,13,0.9231,0.3929,-0.1586,0,0,,,,-0.0157,,,,,,,,,,,
spelad,NO,2023,2023-10-08,,Sandefjord,HamKam,0,1,A,,,,,,,,,,,,,,,,,,,,0.4787,0.2492,0.2722,1,,,,2.05,4,3.57,,,,,-0.0592,3,3,-3,-1.0875,-0.2682,0,0,,,,-0.0162,,,,,,,,,,,
spelad,NO,2023,2023-10-08,,Sarpsborg 08,Rosenborg,5,2,H,,,,,,,,,,,,,,,,,,,,0.6066,0.2039,0.1896,1,,,,1.69,4.76,5.12,,,,,-0.3082,0,15,-0.6,0.1005,0.0102,0,0,,,,-0.0373,,,,,,,,,,,
spelad,NO,2023,2023-10-08,,Stabaek,Lillestrom,1,0,H,,,,,,,,,,,,,,,,,,,,0.4299,0.2729,0.2971,1,,,,2.45,3.56,3.27,,,,,-0.277,-3,11,-0.8182,-0.1465,-0.0812,0,0,,,,-0.0343,,,,,,,,,,,
spelad,NO,2023,2023-10-08,,Tromso,Aalesund,1,2,A,,,,,,,,,,,,,,,,,,,,0.7493,0.1614,0.0893,1,,,,1.34,5.99,10.82,,,,,1.1288,-7,7,-0.4286,-0.3218,0.0179,0,0,,,,-0.0579,,,,,,,,,,,
spelad,NO,2023,2023-10-08,,Valerenga,Brann,1,2,A,,,,,,,,,,,,,,,,,,,,0.3617,0.2725,0.3658,1,,,,2.83,3.73,2.66,,,,,-0.189,0,13,1.3846,0.8092,-0.0299,0,0,,,,-0.0075,,,,,,,,,,,
spelad,NO,2023,2023-10-21,,Bodo/Glimt,Sandefjord,4,3,H,,,,,,,,,,,,,,,,,,,,0.8706,0.0822,0.0471,1,,,,1.12,12.09,26,,,,,0.2226,0,9,1.6667,0.0702,0.0267,0,0,,,,-0.0355,,,,,,,,,,,
spelad,NO,2023,2023-10-21,,Brann,Molde,3,2,H,,,,,,,,,,,,,,,,,,,,0.4193,0.2748,0.3059,1,,,,2.4,3.73,3.18,,,,,0.9123,0,13,-1.1538,-0.2789,-0.097,0,0,,,,-0.0365,,,,,,,,,,,
spelad,NO,2023,2023-10-22,,Aalesund,Sarpsborg 08,3,2,H,,,,,,,,,,,,,,,,,,,,0.2713,0.2307,0.498,1,,,,3.81,4.23,1.97,,,,,0.1199,0,9,-2,-0.5992,-0.1388,0,0,,,,-0.0134,,,,,,,,,,,
spelad,NO,2023,2023-10-22,,HamKam,Haugesund,0,3,A,,,,,,,,,,,,,,,,,,,,0.4272,0.2767,0.2961,1,,,,2.28,3.54,3.46,,,,,0.638,0,3,0,0.1021,0.0557,0,0,,,,0.0081,,,,,,,,,,,
spelad,NO,2023,2023-10-22,,Lillestrom,Valerenga,2,0,H,,,,,,,,,,,,,,,,,,,,0.4108,0.2751,0.3141,1,,,,2.4,3.75,3.23,,,,,-0.4858,0,13,0.2308,0.183,0.0443,0,0,,,,0.0163,,,,,,,,,,,
spelad,NO,2023,2023-10-22,,Rosenborg,Stabaek,1,1,D,,,,,,,,,,,,,,,,,,,,0.4906,0.2504,0.259,1,,,,2.01,4.09,3.92,,,,,0.2502,0,13,1.3846,0.0241,0.1585,0,0,,,,-0.0074,,,,,,,,,,,
spelad,NO,2023,2023-10-22,,Stromsgodset,Odd,3,1,H,,,,,,,,,,,,,,,,,,,,0.4928,0.2727,0.2345,1,,,,2.1,3.65,4.14,,,,,-0.1358,-1,15,0.2,0.1191,0.0051,0,0,,,,-0.0301,,,,,,,,,,,
spelad,NO,2023,2023-10-22,,Viking,Tromso,3,4,A,,,,,,,,,,,,,,,,,,,,0.5138,0.2471,0.2392,1,,,,1.92,3.94,4.09,,,,,0.2221,1,11,0,-0.0847,0.0153,0,0,,,,-0.017,,,,,,,,,,,
spelad,NO,2023,2023-10-28,,Haugesund,Aalesund,6,1,H,,,,,,,,,,,,,,,,,,,,0.5356,0.2499,0.2145,1,,,,1.85,4.03,4.53,,,,,0.0115,0,9,1.3333,0.5408,0.0679,0,0,,,,-0.0092,,,,,,,,,,,
spelad,NO,2023,2023-10-29,,Odd,HamKam,2,0,H,,,,,,,,,,,,,,,,,,,,0.4249,0.2837,0.2914,1,,,,2.29,3.64,3.35,,,,,-0.3508,0,3,3,1.7804,-0.2698,0,0,,,,0.0012,,,,,,,,,,,
spelad,NO,2023,2023-10-29,,Sandefjord,Brann,1,1,D,,,,,,,,,,,,,,,,,,,,0.1843,0.2135,0.6022,1,,,,5.26,4.6,1.63,,,,,-1.7874,0,9,-1.6667,-0.4208,0.2009,0,0,,,,0.0228,,,,,,,,,,,
spelad,NO,2023,2023-10-29,,Sarpsborg 08,Stabaek,2,2,D,,,,,,,,,,,,,,,,,,,,0.6214,0.202,0.1766,1,,,,1.59,4.8,5.54,,,,,0.1159,0,13,0.6923,0.0523,0.1896,0,0,,,,-0.0072,,,,,,,,,,,
spelad,NO,2023,2023-10-29,,Stromsgodset,Viking,1,0,H,,,,,,,,,,,,,,,,,,,,0.3235,0.2604,0.4161,1,,,,3.01,4,2.36,,,,,0.1562,0,13,0.2308,0.1505,0.219,0,0,,,,0.0166,,,,,,,,,,,
spelad,NO,2023,2023-10-29,,Valerenga,Rosenborg,1,3,A,,,,,,,,,,,,,,,,,,,,0.5632,0.2346,0.2022,1,,,,1.78,4.25,4.95,,,,,0.156,0,15,-1.2,-0.2969,0.0839,0,0,,,,-0.024,,,,,,,,,,,
spelad,NO,2023,2023-10-30,,Bodo/Glimt,Lillestrom,3,1,H,,,,,,,,,,,,,,,,,,,,0.7485,0.1504,0.1011,1,,,,1.32,6.5,10,,,,,0.3228,1,11,1.6364,0.5465,0.2002,0,0,,,,-0.0183,,,,,,,,,,,
spelad,NO,2023,2023-10-30,,Molde,Tromso,1,4,A,,,,,,,,,,,,,,,,,,,,0.5854,0.2263,0.1884,1,,,,1.7,4.32,5.64,,,,,-0.6538,1,13,1.6154,0.3245,-0.0782,0,0,,,,-0.0195,,,,,,,,,,,
spelad,NO,2023,2023-11-04,,HamKam,Viking,3,0,H,,,,,,,,,,,,,,,,,,,,0.3057,0.2545,0.4398,1,,,,3.35,3.89,2.25,,,,,0.3453,0,3,-2,-0.6241,0.1082,0,0,,,,0.0063,,,,,,,,,,,
spelad,NO,2023,2023-11-05,,Brann,Odd,2,1,H,,,,,,,,,,,,,,,,,,,,0.8478,0.0996,0.0526,1,,,,1.22,9.75,23,,,,,1.0299,0,13,0.4615,0.1471,-0.0386,0,0,,,,-0.0284,,,,,,,,,,,
spelad,NO,2023,2023-11-05,,Lillestrom,Haugesund,1,0,H,,,,,,,,,,,,,,,,,,,,0.519,0.2547,0.2262,1,,,,1.87,4.05,4.5,,,,,-0.3609,-2,13,0.9231,0.3689,0.1124,0,0,,,,0.0196,,,,,,,,,,,
spelad,NO,2023,2023-11-05,,Rosenborg,Molde,3,1,H,,,,,,,,,,,,,,,,,,,,0.2665,0.2396,0.4938,1,,,,3.77,4.1,2,,,,,0.2672,1,15,0.2,0.1247,-0.1083,0,0,,,,-0.0032,,,,,,,,,,,
spelad,NO,2023,2023-11-05,,Sarpsborg 08,Valerenga,3,2,H,,,,,,,,,,,,,,,,,,,,0.5086,0.2302,0.2612,1,,,,1.95,4.22,3.8,,,,,0.4999,0,15,0.2,0.1853,0.0049,0,0,,,,-0.0216,,,,,,,,,,,
spelad,NO,2023,2023-11-05,,Stabaek,Bodo/Glimt,0,4,A,,,,,,,,,,,,,,,,,,,,0.1688,0.1947,0.6365,1,,,,6.2,5,1.54,,,,,-0.3812,1,12,-1,-0.145,0.116,0,0,,,,0.0057,,,,,,,,,,,
spelad,NO,2023,2023-11-05,,Tromso,Stromsgodset,0,1,A,,,,,,,,,,,,,,,,,,,,0.6619,0.2101,0.128,1,,,,1.48,4.84,7.65,,,,,0.3643,-1,13,0.4615,0.3696,-0.0278,0,0,,,,-0.009,,,,,,,,,,,
spelad,NO,2023,2023-11-06,,Aalesund,Sandefjord,0,3,A,,,,,,,,,,,,,,,,,,,,0.4698,0.2425,0.2877,1,,,,2.16,4.05,3.38,,,,,0.6523,1,7,-0.8571,-0.4184,-0.1286,0,0,,,,-0.0266,,,,,,,,,,,
spelad,NO,2023,2023-11-11,,Haugesund,Brann,0,2,A,,,,,,,,,,,,,,,,,,,,0.2385,0.2534,0.5081,1,,,,4.24,3.87,1.91,,,,,-0.7169,0,13,-0.4615,-0.0461,-0.0379,0,0,,,,-0.0124,,,,,,,,,,,
spelad,NO,2023,2023-11-12,,Bodo/Glimt,Aalesund,1,0,H,,,,,,,,,,,,,,,,,,,,0.8693,0.0779,0.0528,1,,,,1.11,13,26,,,,,0.2737,1,7,1.2857,0.1207,-0.2043,0,0,,,,-0.0056,,,,,,,,,,,
spelad,NO,2023,2023-11-12,,Molde,Lillestrom,4,0,H,,,,,,,,,,,,,,,,,,,,0.5886,0.212,0.1994,1,,,,1.66,4.59,5.3,,,,,-0.4554,0,13,0.9231,0.0268,-0.0073,0,0,,,,-0.0058,,,,,,,,,,,
spelad,NO,2023,2023-11-12,,Odd,Tromso,1,2,A,,,,,,,,,,,,,,,,,,,,0.2432,0.2501,0.5067,1,,,,4.2,3.9,1.94,,,,,-0.2346,0,13,0.6923,0.2599,-0.1041,0,0,,,,-0.013,,,,,,,,,,,
spelad,NO,2023,2023-11-12,,Sandefjord,Rosenborg,3,2,H,,,,,,,,,,,,,,,,,,,,0.4519,0.2486,0.2994,1,,,,2.21,4,3.3,,,,,-0.3091,-1,11,-2.1818,-0.3335,0.0709,0,0,,,,0.01,,,,,,,,,,,
spelad,NO,2023,2023-11-12,,Stromsgodset,HamKam,0,1,A,,,,,,,,,,,,,,,,,,,,0.4906,0.2584,0.251,1,,,,2,3.79,3.9,,,,,0.5614,-1,3,-1,-0.602,0.3968,0,0,,,,-0.0201,,,,,,,,,,,
spelad,NO,2023,2023-11-12,,Valerenga,Stabaek,0,0,D,,,,,,,,,,,,,,,,,,,,0.5193,0.249,0.2317,1,,,,1.87,3.9,4.3,,,,,-0.407,0,13,-0.2308,-0.4906,0.2018,0,0,,,,-0.0079,,,,,,,,,,,
spelad,NO,2023,2023-11-12,,Viking,Sarpsborg 08,2,1,H,,,,,,,,,,,,,,,,,,,,0.5358,0.2063,0.2579,1,,,,1.85,4.7,3.76,,,,,-0.7684,1,13,0.6923,0.4833,-0.1014,0,0,,,,-0.0277,,,,,,,,,,,
spelad,NO,2023,2023-11-26,,Aalesund,Viking,0,4,A,,,,,,,,,,,,,,,,,,,,0.2468,0.2285,0.5247,1,,,,4.56,4.7,1.89,,,,,0.5396,0,9,-0.3333,0.3013,0.0003,0,0,,,,-0.0074,,,,,,,,,,,
spelad,NO,2023,2023-11-26,,Brann,Bodo/Glimt,4,2,H,,,,,,,,,,,,,,,,,,,,0.5416,0.2152,0.2432,1,,,,2.02,4.43,4.05,,,,,0.4499,1,11,0.2727,0.2717,0.1193,0,0,,,,-0.0929,,,,,,,,,,,
spelad,NO,2023,2023-11-26,,HamKam,Valerenga,0,2,A,,,,,,,,,,,,,,,,,,,,0.2081,0.2502,0.5416,1,,,,4.9,3.82,1.92,,,,,0.7145,0,3,-1,-0.2174,0.4229,0,0,,,,0.0514,,,,,,,,,,,
spelad,NO,2023,2023-11-26,,Lillestrom,Odd,4,4,D,,,,,,,,,,,,,,,,,,,,0.5812,0.2365,0.1823,1,,,,1.69,4.33,5.55,,,,,-0.0337,0,13,-0.4615,-0.0565,-0.184,0,0,,,,0.0015,,,,,,,,,,,
spelad,NO,2023,2023-11-26,,Rosenborg,Stromsgodset,1,3,A,,,,,,,,,,,,,,,,,,,,0.5051,0.2411,0.2539,1,,,,1.94,4.06,3.89,,,,,-0.1833,0,15,1,-0.0122,0.0334,0,0,,,,-0.0107,,,,,,,,,,,
spelad,NO,2023,2023-11-26,,Sarpsborg 08,Molde,1,3,A,,,,,,,,,,,,,,,,,,,,0.4293,0.2405,0.3301,1,,,,2.38,4.05,2.94,,,,,0.3563,0,15,-0.2,0.3081,0.0357,0,0,,,,-0.0335,,,,,,,,,,,
spelad,NO,2023,2023-11-26,,Stabaek,Sandefjord,2,1,H,,,,,,,,,,,,,,,,,,,,0.5003,0.2495,0.2502,1,,,,1.95,4.07,4,,,,,-0.0612,0,9,0.3333,-0.0521,0.1768,0,0,,,,0.006,,,,,,,,,,,
spelad,NO,2023,2023-11-26,,Tromso,Haugesund,2,1,H,,,,,,,,,,,,,,,,,,,,0.5837,0.241,0.1752,1,,,,1.66,4.19,6.1,,,,,0.1687,-1,13,-0.9231,-0.3806,-0.036,0,0,,,,0.0124,,,,,,,,,,,
spelad,NO,2023,2023-12-03,,Bodo/Glimt,Sarpsborg 08,2,0,H,,,,,,,,,,,,,,,,,,,,0.674,0.1624,0.1636,1,,,,1.48,5.9,6.2,,,,,0.8238,0,13,1.6154,0.5297,0.065,0,0,,,,-0.0319,,,,,,,,,,,
spelad,NO,2023,2023-12-03,,Haugesund,Stabaek,3,0,H,,,,,,,,,,,,,,,,,,,,0.5391,0.2574,0.2034,1,,,,2.07,3.78,4.77,,,,,-0.2044,0,13,0.4615,0.167,-0.0416,0,0,,,,-0.0264,,,,,,,,,,,
spelad,NO,2023,2023-12-03,,Molde,HamKam,1,1,D,,,,,,,,,,,,,,,,,,,,0.7907,0.1213,0.088,1,,,,1.24,7.9,13,,,,,-0.5732,0,3,2,0.3588,0.1174,0,0,,,,-0.0225,,,,,,,,,,,
spelad,NO,2023,2023-12-03,,Odd,Aalesund,4,1,H,,,,,,,,,,,,,,,,,,,,0.6518,0.195,0.1532,1,,,,1.61,4.9,6.3,,,,,-0.1896,0,9,0.6667,0.1423,-0.1396,0,0,,,,-0.0438,,,,,,,,,,,
spelad,NO,2023,2023-12-03,,Sandefjord,Lillestrom,1,0,H,,,,,,,,,,,,,,,,,,,,0.5247,0.2226,0.2527,1,,,,1.85,4.33,4.19,,,,,-0.0241,0,9,-2.6667,-0.7452,-0.1138,0,0,,,,0.0119,,,,,,,,,,,
spelad,NO,2023,2023-12-03,,Stromsgodset,Brann,3,0,H,,,,,,,,,,,,,,,,,,,,0.2225,0.2442,0.5333,1,,,,4.5,4.33,1.84,,,,,-0.4144,0,13,-0.2308,-0.0626,0.0588,0,0,,,,0.0052,,,,,,,,,,,
spelad,NO,2023,2023-12-03,,Valerenga,Tromso,1,1,D,,,,,,,,,,,,,,,,,,,,0.4673,0.2678,0.2649,1,,,,2.34,3.68,3.67,,,,,-0.8027,0,13,0.9231,0.2506,0.129,0,0,,,,-0.0374,,,,,,,,,,,
spelad,NO,2023,2023-12-03,,Viking,Rosenborg,1,5,A,,,,,,,,,,,,,,,,,,,,0.6953,0.1642,0.1405,1,,,,1.42,6,8.16,,,,,-0.3052,0,13,-1.6154,-0.31,-0.0706,0,0,,,,0.0067,,,,,,,,,,,
spelad,NO,2023,2023-12-06,,Kristiansund,Valerenga,0,2,A,,,,,,,,,,,,,,,,,,,,0.2402,0.2697,0.4901,1,,,,4.02,3.71,2.03,,,,,0.1474,,12,0.5,0.6066,0.0939,0,0,,,,0.0316,,,,,,,,,,,
spelad,NO,2023,2023-12-10,,Valerenga,Kristiansund,0,2,A,,,,,,,,,,,,,,,,,,,,0.6302,0.2078,0.162,1,,,,1.54,5.02,7.73,,,,,-0.1848,0,13,-0.2308,-0.5497,0.0659,0,0,,,,-0.0116,,,,,,,,,,,
spelad,NO,2024,2024-03-31,17:00,Odd,Haugesund,1,2,A,,,,,,,,,,,,,,,,,,,,0.4669,0.2754,0.2577,1,,,,2.1,3.55,3.82,,,,,-0.4332,,16,0,-0.049,-0.0257,0,0,,,,-0.0104,,,,,,,,,,,
spelad,NO,2024,2024-04-01,13:30,Fredrikstad,Bodo/Glimt,0,2,A,,,,,,,,,,,,,,,,,,,,0.1618,0.2287,0.6094,1,,,,6,4.5,1.61,,,,,-0.6774,,,,,,1,0,,,,0.0225,,,,,,,,,,,
spelad,NO,2024,2024-04-01,16:00,Lillestrom,Kristiansund,2,3,A,,,,,,,,,,,,,,,,,,,,0.6227,0.2266,0.1508,1,,,,1.55,4.4,6.71,,,,,-0.278,,10,-0.3,-0.4989,0.239,0,0,,,,-0.0031,,,,,,,,,,,
spelad,NO,2024,2024-04-01,16:00,Molde,Stromsgodset,4,0,H,,,,,,,,,,,,,,,,,,,,0.6878,0.1907,0.1216,1,,,,1.42,5.09,8.5,,,,,-1.2782,,16,2.0625,0.5726,-0.0379,0,0,,,,-0.0181,,,,,,,,,,,
spelad,NO,2024,2024-04-01,16:00,Rosenborg,Sandefjord,2,0,H,,,,,,,,,,,,,,,,,,,,0.5921,0.2255,0.1824,1,,,,1.67,4.28,5.58,,,,,0.0809,,12,1.75,0.1452,0.0442,0,0,,,,-0.016,,,,,,,,,,,
spelad,NO,2024,2024-04-01,16:00,Tromso,Brann,2,4,A,,,,,,,,,,,,,,,,,,,,0.2794,0.277,0.4435,1,,,,3.69,3.65,2.18,,,,,-0.1739,,12,0,0.2168,0.0734,0,0,,,,-0.0176,,,,,,,,,,,
spelad,NO,2024,2024-04-01,18:15,Viking,Sarpsborg 08,1,0,H,,,,,,,,,,,,,,,,,,,,0.4905,0.2357,0.2738,1,,,,2.01,4.15,3.75,,,,,-0.2358,,13,0.9231,0.653,-0.1754,0,0,,,,-0.0125,,,,,,,,,,,
spelad,NO,2024,2024-04-02,18:00,KFUM Oslo,HamKam,1,1,D,,,,,,,,,,,,,,,,,,,,0.3983,0.2855,0.3163,1,,,,2.45,3.5,3.12,,,,,,,,,,,1,0,,,,-0.0057,,,,,,,,,,,
spelad,NO,2024,2024-04-06,17:00,Bodo/Glimt,Viking,1,0,H,,,,,,,,,,,,,,,,,,,,0.6873,0.1817,0.131,1,,,,1.45,5.5,7.5,,,,,1.114,0,12,0.75,0.1027,-0.1254,0,0,,,,-0.0368,,,,,,,,,,,
spelad,NO,2024,2024-04-07,18:15,Brann,Fredrikstad,0,2,A,,,,,,,,,,,,,,,,,,,,0.697,0.1843,0.1187,1,,,,1.4,5.3,8.5,,,,,0.9919,0,,,,,-1,0,,,,-0.0196,,,,,,,,,,,
spelad,NO,2024,2024-04-07,16:00,HamKam,Molde,0,1,A,,,,,,,,,,,,,,,,,,,,0.1875,0.2344,0.5782,1,,,,5.2,4.33,1.7,,,,,0.8762,-1,4,-1.5,-0.2035,0.3077,0,0,,,,0.012,,,,,,,,,,,
spelad,NO,2024,2024-04-07,16:00,Haugesund,Lillestrom,0,2,A,,,,,,,,,,,,,,,,,,,,0.3078,0.2843,0.4079,1,,,,3.15,3.56,2.43,,,,,1.0924,1,14,-1.0714,-0.5137,0.0862,0,0,,,,0.0118,,,,,,,,,,,
spelad,NO,2024,2024-04-07,13:30,Kristiansund,KFUM Oslo,1,1,D,,,,,,,,,,,,,,,,,,,,0.4352,0.2684,0.2964,1,,,,2.26,3.86,3.3,,,,,,1,,,,,-1,0,,,,0.0029,,,,,,,,,,,
spelad,NO,2024,2024-04-07,16:00,Sarpsborg 08,Odd,0,1,A,,,,,,,,,,,,,,,,,,,,0.5458,0.2311,0.2231,1,,,,1.78,4.2,4.5,,,,,-0.4156,-1,16,0.1875,-0.0664,0.171,0,0,,,,-0.0064,,,,,,,,,,,
spelad,NO,2024,2024-04-07,16:00,Stromsgodset,Rosenborg,1,0,H,,,,,,,,,,,,,,,,,,,,0.4494,0.2729,0.2777,1,,,,2.2,3.67,3.5,,,,,0.353,0,15,-0.6,0.1628,0.0328,0,0,,,,-0.0197,,,,,,,,,,,
spelad,NO,2024,2024-04-13,17:00,Fredrikstad,Sarpsborg 08,2,2,D,,,,,,,,,,,,,,,,,,,,0.405,0.2797,0.3153,1,,,,2.5,3.55,3.08,,,,,1.0191,0,,,,,1,0,,,,-0.025,,,,,,,,,,,
spelad,NO,2024,2024-04-14,18:15,Lillestrom,Bodo/Glimt,0,5,A,,,,,,,,,,,,,,,,,,,,0.3054,0.2624,0.4322,1,,,,3.3,3.75,2.31,,,,,-0.6046,-1,11,-1.9091,-0.714,0.1189,0,0,,,,-0.0076,,,,,,,,,,,
spelad,NO,2024,2024-04-14,16:00,Molde,Kristiansund,2,0,H,,,,,,,,,,,,,,,,,,,,0.7844,0.1371,0.0785,1,,,,1.25,7,13.2,,,,,-0.5243,0,12,0.5,-0.267,-0.059,0,0,,,,-0.0254,,,,,,,,,,,
spelad,NO,2024,2024-04-14,16:00,Odd,Sandefjord,2,2,D,,,,,,,,,,,,,,,,,,,,0.5514,0.2437,0.2049,1,,,,1.8,3.96,5,,,,,-0.0409,-6,12,0,-0.3335,0.0668,0,0,,,,-0.0338,,,,,,,,,,,
spelad,NO,2024,2024-04-14,16:00,Rosenborg,HamKam,1,0,H,,,,,,,,,,,,,,,,,,,,0.5743,0.2412,0.1845,1,,,,1.71,4.1,5.81,,,,,0.3739,0,4,0.75,0.011,-0.004,0,0,,,,-0.0059,,,,,,,,,,,
spelad,NO,2024,2024-04-14,16:00,Tromso,Haugesund,0,1,A,,,,,,,,,,,,,,,,,,,,0.5879,0.2346,0.1776,1,,,,1.64,4.35,5.6,,,,,-0.1849,6,14,-0.6429,-0.2814,-0.0507,0,0,,,,0.0023,,,,,,,,,,,
spelad,NO,2024,2024-04-14,13:30,Viking,Brann,1,1,D,,,,,,,,,,,,,,,,,,,,0.3508,0.2603,0.3889,1,,,,2.8,3.75,2.55,,,,,-0.5599,1,12,1,0.6506,-0.0866,0,0,,,,0.0004,,,,,,,,,,,
spelad,NO,2024,2024-04-16,18:00,KFUM Oslo,Stromsgodset,1,3,A,,,,,,,,,,,,,,,,,,,,0.3666,0.2889,0.3444,1,,,,2.66,3.4,2.86,,,,,,0,,,,,1,0,,,,-0.0005,,,,,,,,,,,
spelad,NO,2024,2024-04-17,17:00,Brann,HamKam,1,0,H,,,,,,,,,,,,,,,,,,,,0.7143,0.168,0.1177,1,,,,1.36,6,10,,,,,-0.251,0,,,,,0,0,,,,0.015,,,,,,,,,,,
spelad,NO,2024,2024-04-17,17:00,Molde,Odd,1,2,A,,,,,,,,,,,,,,,,,,,,0.7485,0.1586,0.0929,1,,,,1.32,6.04,11,,,,,-0.1144,0,16,1.3125,0.3024,-0.0492,0,0,,,,-0.0214,,,,,,,,,,,
spelad,NO,2024,2024-04-21,18:15,Bodo/Glimt,Molde,1,1,D,,,,,,,,,,,,,,,,,,,,0.5751,0.2317,0.1932,1,,,,1.76,4.35,5,,,,,0.6707,3,13,-0.4615,-0.0185,-0.1576,0,0,,,,-0.0331,,,,,,,,,,,
spelad,NO,2024,2024-04-21,16:00,Brann,Odd,2,0,H,,,,,,,,,,,,,,,,,,,,0.7586,0.151,0.0903,1,,,,1.37,6.58,11,,,,,-0.2054,0,13,0.6923,0.1853,-0.1019,0,0,,,,-0.0501,,,,,,,,,,,
spelad,NO,2024,2024-04-21,13:30,HamKam,Stromsgodset,0,1,A,,,,,,,,,,,,,,,,,,,,0.3752,0.2898,0.335,1,,,,2.61,3.4,3.04,,,,,-0.9777,-1,4,1.5,0.6511,0.233,0,0,,,,0.0107,,,,,,,,,,,
spelad,NO,2024,2024-04-21,16:00,Haugesund,Rosenborg,1,3,A,,,,,,,,,,,,,,,,,,,,0.2968,0.2733,0.43,1,,,,3.35,3.54,2.3,,,,,-0.2479,0,16,0,0.4081,-0.0061,0,0,,,,0.004,,,,,,,,,,,
spelad,NO,2024,2024-04-21,16:00,Kristiansund,Tromso,1,0,H,,,,,,,,,,,,,,,,,,,,0.3279,0.2837,0.3885,1,,,,3.05,3.42,2.66,,,,,0.1507,0,10,0.3,0.1848,0.2431,0,0,,,,0.0172,,,,,,,,,,,
spelad,NO,2024,2024-04-21,16:00,Sandefjord,Lillestrom,0,1,A,,,,,,,,,,,,,,,,,,,,0.2868,0.2441,0.4692,1,,,,3.5,3.96,2.21,,,,,0.8362,0,10,-2.1,-0.5503,-0.1247,0,0,,,,0.0395,,,,,,,,,,,
spelad,NO,2024,2024-04-21,16:00,Sarpsborg 08,KFUM Oslo,0,2,A,,,,,,,,,,,,,,,,,,,,0.4784,0.2598,0.2619,1,,,,2.05,3.9,4.1,,,,,,3,,,,,-1,0,,,,0.028,,,,,,,,,,,
spelad,NO,2024,2024-04-21,16:00,Viking,Fredrikstad,1,1,D,,,,,,,,,,,,,,,,,,,,0.5245,0.25,0.2255,1,,,,1.85,4.07,4.35,,,,,-0.4372,-1,,,,,-1,0,,,,-0.0021,,,,,,,,,,,
spelad,NO,2024,2024-04-27,17:00,Rosenborg,Bodo/Glimt,1,3,A,,,,,,,,,,,,,,,,,,,,0.1889,0.2272,0.5839,1,,,,5.1,4.25,1.8,,,,,0.0716,0,14,0,-0.1592,0.1951,0,0,,,,0.0388,,,,,,,,,,,
spelad,NO,2024,2024-04-28,16:00,Fredrikstad,Sandefjord,1,0,H,,,,,,,,,,,,,,,,,,,,0.5168,0.2684,0.2148,1,,,,1.98,3.6,4.5,,,,,0.0773,0,,,,,1,0,,,,-0.0773,,,,,,,,,,,
spelad,NO,2024,2024-04-28,16:00,KFUM Oslo,Brann,0,0,D,,,,,,,,,,,,,,,,,,,,0.1996,0.2334,0.567,1,,,,4.85,4.39,1.72,,,,,,0,,,,,1,0,,,,0.0147,,,,,,,,,,,
spelad,NO,2024,2024-04-28,16:00,Lillestrom,HamKam,1,1,D,,,,,,,,,,,,,,,,,,,,0.6182,0.2197,0.1621,1,,,,1.58,4.39,6,,,,,0.0023,0,4,1.5,0.2481,0.2475,0,0,,,,-0.0173,,,,,,,,,,,
spelad,NO,2024,2024-04-28,16:00,Molde,Haugesund,2,1,H,,,,,,,,,,,,,,,,,,,,0.7249,0.1719,0.1032,1,,,,1.37,5.61,10,,,,,0.1376,0,16,2.4375,0.7238,-0.0445,0,0,,,,-0.0218,,,,,,,,,,,
spelad,NO,2024,2024-04-28,18:15,Odd,Viking,3,3,D,,,,,,,,,,,,,,,,,,,,0.2857,0.2385,0.4758,1,,,,3.4,4.21,2.1,,,,,0.4514,0,13,0,-0.0173,-0.0139,0,0,,,,0.0263,,,,,,,,,,,
spelad,NO,2024,2024-04-28,16:00,Stromsgodset,Kristiansund,2,2,D,,,,,,,,,,,,,,,,,,,,0.5956,0.2286,0.1758,1,,,,1.64,4.22,5.89,,,,,0.751,0,12,-0.75,-0.4438,-0.1736,0,0,,,,-0.0228,,,,,,,,,,,
spelad,NO,2024,2024-04-28,16:00,Tromso,Sarpsborg 08,0,3,A,,,,,,,,,,,,,,,,,,,,0.419,0.2718,0.3092,1,,,,2.31,3.63,3.14,,,,,0.5486,0,14,-0.2143,0.1103,-0.0455,0,0,,,,0.0023,,,,,,,,,,,
spelad,NO,2024,2024-05-04,17:00,Brann,Rosenborg,3,0,H,,,,,,,,,,,,,,,,,,,,0.6469,0.2029,0.1501,1,,,,1.52,4.75,6.54,,,,,-0.3436,-1,13,-0.4615,-0.0629,-0.021,0,0,,,,-0.0286,,,,,,,,,,,
spelad,NO,2024,2024-05-05,16:00,Bodo/Glimt,Stromsgodset,1,0,H,,,,,,,,,,,,,,,,,,,,0.7599,0.1513,0.0889,1,,,,1.29,6.4,11.2,,,,,-0.2696,1,13,1.3846,0.1708,0.0286,0,0,,,,-0.0248,,,,,,,,,,,
spelad,NO,2024,2024-05-05,16:00,Haugesund,KFUM Oslo,0,1,A,,,,,,,,,,,,,,,,,,,,0.3766,0.2942,0.3292,1,,,,2.57,3.5,2.94,,,,,0.0709,0,,,,,-1,0,,,,0.0064,,,,,,,,,,,
spelad,NO,2024,2024-05-05,16:00,Kristiansund,HamKam,1,1,D,,,,,,,,,,,,,,,,,,,,0.3824,0.2804,0.3371,1,,,,2.57,3.5,2.87,,,,,0.8713,0,,,,,0,0,,,,-0.0079,,,,,,,,,,,
spelad,NO,2024,2024-05-05,16:00,Odd,Fredrikstad,0,2,A,,,,,,,,,,,,,,,,,,,,0.2952,0.2705,0.4343,1,,,,3.44,3.6,2.29,,,,,-0.2741,0,,,,,-1,0,,,,0.0012,,,,,,,,,,,
spelad,NO,2024,2024-05-05,16:00,Sandefjord,Molde,3,1,H,,,,,,,,,,,,,,,,,,,,0.2028,0.236,0.5612,1,,,,5.1,4.09,1.75,,,,,-0.0195,0,12,-1.5,0.0176,-0.0315,0,0,,,,0.0037,,,,,,,,,,,
spelad,NO,2024,2024-05-05,16:00,Sarpsborg 08,Lillestrom,1,0,H,,,,,,,,,,,,,,,,,,,,0.4382,0.2562,0.3055,1,,,,2.24,3.78,3.3,,,,,-0.2411,0,13,0.9231,0.3925,-0.0365,0,0,,,,-0.0064,,,,,,,,,,,
spelad,NO,2024,2024-05-05,18:15,Viking,Tromso,2,1,H,,,,,,,,,,,,,,,,,,,,0.6459,0.203,0.1511,1,,,,1.5,4.78,7,,,,,0.6452,0,12,-0.25,-0.2267,-0.0066,0,0,,,,-0.0085,,,,,,,,,,,
spelad,NO,2024,2024-05-11,17:00,Molde,Rosenborg,2,2,D,,,,,,,,,,,,,,,,,,,,0.6265,0.2048,0.1687,1,,,,1.54,4.84,6.5,,,,,-0.533,-1,16,-0.375,-0.1229,-0.1165,0,0,,,,0.0035,,,,,,,,,,,
spelad,NO,2024,2024-05-12,16:00,HamKam,Haugesund,2,2,D,,,,,,,,,,,,,,,,,,,,0.4763,0.2693,0.2544,1,,,,2.09,3.7,3.9,,,,,-0.4264,0,4,-0.75,-0.313,-0.0274,0,0,,,,0,,,,,,,,,,,
spelad,NO,2024,2024-05-12,16:00,KFUM Oslo,Fredrikstad,1,4,A,,,,,,,,,,,,,,,,,,,,0.3238,0.3216,0.3546,1,,,,2.99,3.35,2.76,,,,,-0.3004,0,,,,,0,0,,,,0.0032,,,,,,,,,,,
spelad,NO,2024,2024-05-12,13:30,Kristiansund,Bodo/Glimt,2,4,A,,,,,,,,,,,,,,,,,,,,0.1547,0.1805,0.6648,1,,,,6.7,5.43,1.48,,,,,0.0743,0,10,-2.7,-0.7681,-0.1122,0,0,,,,0.0141,,,,,,,,,,,
spelad,NO,2024,2024-05-12,18:15,Lillestrom,Brann,0,2,A,,,,,,,,,,,,,,,,,,,,0.2886,0.2511,0.4603,1,,,,3.45,3.85,2.13,,,,,-0.3338,-1,11,-1.3636,-0.481,0.1085,0,0,,,,-0.004,,,,,,,,,,,
spelad,NO,2024,2024-05-12,16:00,Sandefjord,Sarpsborg 08,4,1,H,,,,,,,,,,,,,,,,,,,,0.4321,0.2645,0.3034,1,,,,2.31,3.9,3.28,,,,,0.613,0,12,-0.75,0.0614,-0.0032,0,0,,,,-0.0134,,,,,,,,,,,
spelad,NO,2024,2024-05-12,16:00,Stromsgodset,Viking,0,1,A,,,,,,,,,,,,,,,,,,,,0.4082,0.25,0.3418,1,,,,2.73,3.87,2.97,,,,,1.017,0,14,0.4286,0.2661,0.1848,0,0,,,,-0.0068,,,,,,,,,,,
spelad,NO,2024,2024-05-12,16:00,Tromso,Odd,4,0,H,,,,,,,,,,,,,,,,,,,,0.5417,0.2441,0.2143,1,,,,1.83,4.18,4.5,,,,,-0.7295,0,13,-0.4615,-0.098,-0.1852,0,0,,,,-0.0194,,,,,,,,,,,
spelad,NO,2024,2024-05-16,17:00,Bodo/Glimt,Tromso,4,0,H,,,,,,,,,,,,,,,,,,,,0.7193,0.1715,0.1092,1,,,,1.37,5.66,9,,,,,1.2607,0,11,0.5455,-0.1324,-0.1455,0,0,,,,-0.0286,,,,,,,,,,,
spelad,NO,2024,2024-05-16,17:00,Brann,Sandefjord,2,1,H,,,,,,,,,,,,,,,,,,,,0.7519,0.1523,0.0958,1,,,,1.3,6.39,11,,,,,0.0116,0,10,1.5,0.0959,0.2594,0,0,,,,-0.0268,,,,,,,,,,,
spelad,NO,2024,2024-05-16,17:00,Fredrikstad,Stromsgodset,4,1,H,,,,,,,,,,,,,,,,,,,,0.4242,0.2931,0.2828,1,,,,2.29,3.4,3.42,,,,,0.0777,0,,,,,1,0,,,,-0.0026,,,,,,,,,,,
spelad,NO,2024,2024-05-16,17:00,Haugesund,Kristiansund,1,0,H,,,,,,,,,,,,,,,,,,,,0.5134,0.2507,0.236,1,,,,1.95,3.85,4.44,,,,,-0.4481,0,12,0.25,0.0614,-0.0161,0,0,,,,-0.0181,,,,,,,,,,,
spelad,NO,2024,2024-05-16,17:00,Odd,Molde,0,4,A,,,,,,,,,,,,,,,,,,,,0.2283,0.221,0.5506,1,,,,5.07,4.37,1.77,,,,,0.2258,-1,16,-1.3125,-0.1861,-0.0435,0,0,,,,-0.028,,,,,,,,,,,
spelad,NO,2024,2024-05-16,17:00,Rosenborg,KFUM Oslo,1,3,A,,,,,,,,,,,,,,,,,,,,0.57,0.2414,0.1885,1,,,,1.72,4.15,5.25,,,,,0.3782,1,,,,,-1,0,,,,-0.0137,,,,,,,,,,,
spelad,NO,2024,2024-05-16,17:00,Sarpsborg 08,HamKam,1,7,A,,,,,,,,,,,,,,,,,,,,0.511,0.2451,0.2439,1,,,,1.91,4.01,4.1,,,,,0.1268,0,4,-0.75,-0.8381,0.0264,0,0,,,,0.0017,,,,,,,,,,,
spelad,NO,2024,2024-05-16,17:00,Viking,Lillestrom,1,4,A,,,,,,,,,,,,,,,,,,,,0.5191,0.2261,0.2548,1,,,,1.91,4.27,4,,,,,0.5033,0,12,1.5,0.7511,-0.092,0,0,,,,-0.0074,,,,,,,,,,,
spelad,NO,2024,2024-05-20,16:00,HamKam,Bodo/Glimt,1,0,H,,,,,,,,,,,,,,,,,,,,0.1782,0.2156,0.6062,1,,,,5.41,4.5,1.66,,,,,-0.9338,0,4,-1.5,-0.0857,0.3301,0,0,,,,0.044,,,,,,,,,,,
spelad,NO,2024,2024-05-20,16:00,KFUM Oslo,Odd,0,0,D,,,,,,,,,,,,,,,,,,,,0.5553,0.2404,0.2043,1,,,,1.75,4.02,5.02,,,,,0.3021,0,,,,,1,0,,,,-0.0118,,,,,,,,,,,
spelad,NO,2024,2024-05-20,16:00,Kristiansund,Brann,2,2,D,,,,,,,,,,,,,,,,,,,,0.1346,0.1879,0.6775,1,,,,7.5,5.12,1.48,,,,,0.1098,0,10,0.6,0.5774,-0.0573,0,0,,,,0.0183,,,,,,,,,,,
spelad,NO,2024,2024-05-20,16:00,Lillestrom,Fredrikstad,0,3,A,,,,,,,,,,,,,,,,,,,,0.4854,0.2669,0.2477,1,,,,2.12,3.62,4,,,,,-1.096,0,,,,,-1,0,,,,-0.0419,,,,,,,,,,,
spelad,NO,2024,2024-05-20,16:00,Molde,Sarpsborg 08,2,4,A,,,,,,,,,,,,,,,,,,,,0.6839,0.176,0.1402,1,,,,1.42,5.68,7.5,,,,,0.3339,0,15,0.6,-0.1042,0.037,0,0,,,,-0.0103,,,,,,,,,,,
spelad,NO,2024,2024-05-20,16:00,Sandefjord,Viking,0,3,A,,,,,,,,,,,,,,,,,,,,0.3432,0.2432,0.4136,1,,,,2.98,3.98,2.42,,,,,0.2492,0,10,0,0.4645,-0.0254,0,0,,,,0.0058,,,,,,,,,,,
spelad,NO,2024,2024-05-20,16:00,Stromsgodset,Haugesund,2,0,H,,,,,,,,,,,,,,,,,,,,0.4905,0.2605,0.249,1,,,,2.02,3.75,3.94,,,,,-0.1159,0,15,-0.2,-0.1616,0.004,0,0,,,,-0.0135,,,,,,,,,,,
spelad,NO,2024,2024-05-20,18:15,Tromso,Rosenborg,3,2,H,,,,,,,,,,,,,,,,,,,,0.478,0.261,0.261,1,,,,2.08,3.75,3.73,,,,,-0.6792,0,13,-0.6923,0.2152,-0.2436,0,0,,,,-0.0101,,,,,,,,,,,
spelad,NO,2024,2024-05-24,18:00,Bodo/Glimt,KFUM Oslo,2,2,D,,,,,,,,,,,,,,,,,,,,0.7391,0.1552,0.1057,1,,,,1.33,6.25,11,,,,,0.0005,0,,,,,-1,0,,,,-0.009,,,,,,,,,,,
spelad,NO,2024,2024-05-25,17:00,Fredrikstad,Tromso,0,0,D,,,,,,,,,,,,,,,,,,,,0.4995,0.2794,0.2211,1,,,,1.97,3.7,4.36,,,,,1.812,0,,,,,1,0,,,,-0.0256,,,,,,,,,,,
spelad,NO,2024,2024-05-26,18:15,Brann,Molde,1,3,A,,,,,,,,,,,,,,,,,,,,0.5395,0.231,0.2294,1,,,,1.8,4.2,4.33,,,,,0.8317,0,13,-0.6923,-0.1091,-0.1002,0,0,,,,-0.0029,,,,,,,,,,,
spelad,NO,2024,2024-05-26,16:00,Haugesund,Sandefjord,2,1,H,,,,,,,,,,,,,,,,,,,,0.4373,0.2699,0.2928,1,,,,2.21,3.7,3.3,,,,,-0.1386,0,12,0.75,0.1522,-0.0233,0,0,,,,-0.0051,,,,,,,,,,,
spelad,NO,2024,2024-05-26,16:00,Odd,Lillestrom,2,1,H,,,,,,,,,,,,,,,,,,,,0.3478,0.2607,0.3915,1,,,,2.8,3.75,2.52,,,,,-0.03,0,13,0.6923,0.4188,-0.1087,0,0,,,,0.0038,,,,,,,,,,,
spelad,NO,2024,2024-05-26,16:00,Rosenborg,Kristiansund,2,1,H,,,,,,,,,,,,,,,,,,,,0.5988,0.2091,0.1921,1,,,,1.65,4.62,5.1,,,,,-0.2743,0,12,1,-0.2202,0.2732,0,0,,,,-0.0104,,,,,,,,,,,
spelad,NO,2024,2024-05-26,16:00,Sarpsborg 08,Stromsgodset,1,3,A,,,,,,,,,,,,,,,,,,,,0.4354,0.2466,0.318,1,,,,2.27,4.01,3.05,,,,,-0.3861,0,15,-0.6,-0.4711,0.0088,0,0,,,,-0.0099,,,,,,,,,,,
spelad,NO,2024,2024-05-26,16:00,Viking,HamKam,3,0,H,,,,,,,,,,,,,,,,,,,,0.6037,0.2,0.1963,1,,,,1.6,4.9,5.4,,,,,-0.1133,0,4,0.75,-0.0066,0.0175,0,0,,,,0.0072,,,,,,,,,,,
spelad,NO,2024,2024-05-29,18:00,Bodo/Glimt,Sandefjord,1,1,D,,,,,,,,,,,,,,,,,,,,0.7546,0.1424,0.103,1,,,,1.31,6.9,10,,,,,0.1631,2,10,1.8,0.0938,0.0158,0,0,,,,-0.0059,,,,,,,,,,,
spelad,NO,2024,2024-05-29,18:00,Brann,Kristiansund,2,1,H,,,,,,,,,,,,,,,,,,,,0.8234,0.1112,0.0654,1,,,,1.2,9.92,17,,,,,0.1097,0,11,-0.5455,-0.5838,0.0218,0,0,,,,-0.0345,,,,,,,,,,,
spelad,NO,2024,2024-05-29,18:00,Tromso,Fredrikstad,3,0,H,,,,,,,,,,,,,,,,,,,,0.4149,0.304,0.281,1,,,,2.4,3.3,3.44,,,,,-1.2607,0,,,,,0,0,,,,-0.0204,,,,,,,,,,,
spelad,NO,2024,2024-06-01,17:00,HamKam,Brann,1,2,A,,,,,,,,,,,,,,,,,,,,0.1853,0.2161,0.5986,1,,,,5.53,4.5,1.62,,,,,0.1311,3,3,-3,-0.6836,-0.1893,0,0,,,,0.0125,,,,,,,,,,,
spelad,NO,2024,2024-06-02,16:00,Haugesund,Bodo/Glimt,0,1,A,,,,,,,,,,,,,,,,,,,,0.1933,0.2291,0.5776,1,,,,4.99,4.33,1.7,,,,,0.4294,3,13,-0.6923,0.0502,0.0894,0,0,,,,0.0174,,,,,,,,,,,
spelad,NO,2024,2024-06-02,16:00,KFUM Oslo,Sandefjord,3,3,D,,,,,,,,,,,,,,,,,,,,0.4191,0.2774,0.3035,1,,,,2.35,3.51,3.34,,,,,0.4635,5,,,,,0,0,,,,0.002,,,,,,,,,,,
spelad,NO,2024,2024-06-02,16:00,Kristiansund,Sarpsborg 08,3,1,H,,,,,,,,,,,,,,,,,,,,0.3723,0.2482,0.3796,1,,,,2.65,3.95,2.65,,,,,0.0068,-3,12,0.5,0.3728,0.0683,0,0,,,,0.0072,,,,,,,,,,,
spelad,NO,2024,2024-06-02,13:30,Molde,Viking,2,2,D,,,,,,,,,,,,,,,,,,,,0.5458,0.2247,0.2295,1,,,,1.8,4.33,4.57,,,,,-0.6361,0,14,0.6429,0.0137,-0.1607,0,0,,,,-0.0101,,,,,,,,,,,
spelad,NO,2024,2024-06-02,18:15,Rosenborg,Fredrikstad,1,1,D,,,,,,,,,,,,,,,,,,,,0.4118,0.2923,0.2959,1,,,,2.41,3.4,3.28,,,,,-0.8102,3,,,,,0,0,,,,-0.0007,,,,,,,,,,,
spelad,NO,2024,2024-06-02,16:00,Stromsgodset,Odd,1,1,D,,,,,,,,,,,,,,,,,,,,0.6164,0.2068,0.1768,1,,,,1.59,4.84,5.5,,,,,0.1829,0,15,0.6,0.2813,0.0051,0,0,,,,-0.0275,,,,,,,,,,,
spelad,NO,2024,2024-06-02,16:00,Tromso,Lillestrom,1,2,A,,,,,,,,,,,,,,,,,,,,0.4713,0.264,0.2647,1,,,,2.15,3.75,3.65,,,,,0.5193,-3,14,0.2143,0.24,-0.0546,0,0,,,,-0.039,,,,,,,,,,,
spelad,NO,2024,2024-06-27,20:15,Lillestrom,KFUM Oslo,2,1,H,,,,,,,,,,,,,,,,,,,,0.4668,0.2556,0.2776,1,,,,2.16,3.8,3.55,,,,,-0.6312,0,,,,,0,0,,,,-0.0286,,,,,,,,,,,
spelad,NO,2024,2024-06-27,18:00,Sandefjord,HamKam,1,2,A,,,,,,,,,,,,,,,,,,,,0.4629,0.2615,0.2756,1,,,,2.15,3.86,3.51,,,,,-0.0524,-1,4,-3,-1.2369,-0.2634,0,0,,,,-0.0294,,,,,,,,,,,
spelad,NO,2024,2024-06-28,18:00,Brann,Stromsgodset,0,0,D,,,,,,,,,,,,,,,,,,,,0.7164,0.1619,0.1217,1,,,,1.37,5.93,8.5,,,,,0.0689,1,13,0,-0.1602,-0.0194,0,0,,,,-0.0171,,,,,,,,,,,
spelad,NO,2024,2024-06-28,18:00,Odd,Kristiansund,1,1,D,,,,,,,,,,,,,,,,,,,,0.4541,0.2493,0.2967,1,,,,2.17,3.9,3.32,,,,,-0.0657,0,12,-0.25,-0.3416,0.1586,0,0,,,,0.0001,,,,,,,,,,,
spelad,NO,2024,2024-06-28,18:00,Sarpsborg 08,Bodo/Glimt,1,2,A,,,,,,,,,,,,,,,,,,,,0.1919,0.2099,0.5983,1,,,,5.1,4.75,1.62,,,,,-0.1582,0,13,-2.0769,-0.7793,0.0736,0,0,,,,0.0107,,,,,,,,,,,
spelad,NO,2024,2024-06-28,20:15,Tromso,Molde,0,2,A,,,,,,,,,,,,,,,,,,,,0.3014,0.2797,0.4189,1,,,,3.37,3.6,2.35,,,,,0.2033,0,13,-1.3846,-0.1101,-0.1571,0,0,,,,0.0046,,,,,,,,,,,
spelad,NO,2024,2024-06-30,14:00,Viking,Rosenborg,4,2,H,,,,,,,,,,,,,,,,,,,,0.5836,0.2107,0.2057,1,,,,1.66,4.57,4.75,,,,,0.5191,0,13,-1.6154,-0.4402,-0.0691,0,0,,,,-0.019,,,,,,,,,,,
spelad,NO,2024,2024-07-03,18:00,Sandefjord,Tromso,1,2,A,,,,,,,,,,,,,,,,,,,,0.4301,0.2749,0.295,1,,,,2.39,3.55,3.28,,,,,-0.0603,1,10,0,0.3177,0.1507,0,0,,,,-0.0187,,,,,,,,,,,
spelad,NO,2024,2024-07-07,13:30,Bodo/Glimt,Brann,5,1,H,,,,,,,,,,,,,,,,,,,,0.5193,0.2433,0.2373,1,,,,1.92,4,4.1,,,,,-0.0695,0,11,-0.2727,-0.3904,0.1236,0,0,,,,-0.0123,,,,,,,,,,,
spelad,NO,2024,2024-07-07,16:00,HamKam,Tromso,0,0,D,,,,,,,,,,,,,,,,,,,,0.4099,0.2888,0.3014,1,,,,2.38,3.52,3.21,,,,,0.1881,6,4,-3,-1.1775,-0.2642,0,0,,,,-0.0054,,,,,,,,,,,
spelad,NO,2024,2024-07-07,16:00,Haugesund,Sarpsborg 08,1,2,A,,,,,,,,,,,,,,,,,,,,0.368,0.2813,0.3507,1,,,,2.65,3.6,2.85,,,,,-0.1557,,15,-0.2,-0.0965,0.2648,0,0,,,,0.0165,,,,,,,,,,,
spelad,NO,2024,2024-07-07,16:00,KFUM Oslo,Viking,1,2,A,,,,,,,,,,,,,,,,,,,,0.3664,0.2658,0.3678,1,,,,2.86,3.64,2.63,,,,,-0.3726,3,,,,,0,0,,,,-0.0269,,,,,,,,,,,
spelad,NO,2024,2024-07-07,16:00,Molde,Lillestrom,3,0,H,,,,,,,,,,,,,,,,,,,,0.6521,0.193,0.1549,1,,,,1.5,5.1,6.5,,,,,0.0572,-1,13,0.9231,0.0487,-0.0091,0,0,,,,0.0066,,,,,,,,,,,
spelad,NO,2024,2024-07-07,18:15,Rosenborg,Odd,2,1,H,,,,,,,,,,,,,,,,,,,,0.5811,0.2163,0.2026,1,,,,1.66,4.64,5,,,,,-0.3705,-2,15,0.8,-0.0031,0.0847,0,0,,,,0.0148,,,,,,,,,,,
spelad,NO,2024,2024-07-08,18:00,Kristiansund,Fredrikstad,3,1,H,,,,,,,,,,,,,,,,,,,,0.2,0.2491,0.5509,1,,,,5,4,1.83,,,,,-0.8452,,,,,,0,0,,,,0.0268,,,,,,,,,,,
spelad,NO,2024,2024-07-08,18:00,Stromsgodset,Sandefjord,1,1,D,,,,,,,,,,,,,,,,,,,,0.5144,0.2325,0.2532,1,,,,1.88,4.2,4.2,,,,,0.3389,5,12,0,-0.3211,-0.0771,0,0,,,,0.0222,,,,,,,,,,,
spelad,NO,2024,2024-07-12,18:00,Sarpsborg 08,Rosenborg,4,1,H,,,,,,,,,,,,,,,,,,,,0.4141,0.241,0.3448,1,,,,2.38,4.23,2.85,,,,,0.1877,0,15,-0.2,0.1942,0.0072,0,0,,,,-0.0049,,,,,,,,,,,
spelad,NO,2024,2024-07-13,18:15,Brann,Haugesund,1,1,D,,,,,,,,,,,,,,,,,,,,0.7386,0.1587,0.1027,1,,,,1.36,6.1,9.6,,,,,0.0678,0,13,0.4615,0.0772,-0.0361,0,0,,,,-0.032,,,,,,,,,,,
spelad,NO,2024,2024-07-13,16:00,Fredrikstad,Molde,0,0,D,,,,,,,,,,,,,,,,,,,,0.31,0.2836,0.4064,1,,,,3.16,3.5,2.4,,,,,0.3788,-1,,,,,0,0,,,,0.0075,,,,,,,,,,,
spelad,NO,2024,2024-07-13,16:00,Lillestrom,Stromsgodset,3,1,H,,,,,,,,,,,,,,,,,,,,0.4791,0.2444,0.2765,1,,,,2.07,4,3.52,,,,,0.0644,1,13,0.9231,0.3412,-0.0231,0,0,,,,-0.0293,,,,,,,,,,,
spelad,NO,2024,2024-07-13,16:00,Odd,HamKam,1,2,A,,,,,,,,,,,,,,,,,,,,0.3584,0.268,0.3736,1,,,,2.7,3.8,2.66,,,,,-0.6743,0,4,3,1.6957,-0.2733,0,0,,,,0.0132,,,,,,,,,,,
spelad,NO,2024,2024-07-13,16:00,Sandefjord,Bodo/Glimt,2,1,H,,,,,,,,,,,,,,,,,,,,0.1958,0.2011,0.6032,1,,,,5.3,4.9,1.61,,,,,-0.7028,-1,11,-1.6364,-0.0498,0.0923,0,0,,,,-0.0102,,,,,,,,,,,
spelad,NO,2024,2024-07-13,21:00,Tromso,KFUM Oslo,1,2,A,,,,,,,,,,,,,,,,,,,,0.4735,0.2736,0.2529,1,,,,2.08,3.69,3.9,,,,,0.2311,0,,,,,0,0,,,,-0.0111,,,,,,,,,,,
spelad,NO,2024,2024-07-13,16:00,Viking,Kristiansund,2,0,H,,,,,,,,,,,,,,,,,,,,0.6947,0.1639,0.1414,1,,,,1.42,5.91,7,,,,,0.5878,1,10,1.2,0.5841,-0.2424,0,0,,,,-0.0297,,,,,,,,,,,
spelad,NO,2024,2024-07-19,18:00,Bodo/Glimt,Odd,3,1,H,,,,,,,,,,,,,,,,,,,,0.8168,0.1122,0.071,1,,,,1.21,8.59,17,,,,,-0.0568,0,12,0.5,-0.1996,-0.0519,0,0,,,,-0.0191,,,,,,,,,,,
spelad,NO,2024,2024-07-20,19:15,Molde,KFUM Oslo,2,3,A,,,,,,,,,,,,,,,,,,,,0.6183,0.2177,0.164,1,,,,1.58,4.67,6,,,,,0.1681,0,,,,,0,0,,,,-0.0129,,,,,,,,,,,
spelad,NO,2024,2024-07-20,17:00,Sarpsborg 08,Brann,1,1,D,,,,,,,,,,,,,,,,,,,,0.2593,0.2163,0.5243,1,,,,3.75,4.58,1.84,,,,,0.4527,1,13,-1.1538,-0.3659,0.0424,0,0,,,,0.0042,,,,,,,,,,,
spelad,NO,2024,2024-07-21,16:00,HamKam,Fredrikstad,0,1,A,,,,,,,,,,,,,,,,,,,,0.3599,0.2979,0.3421,1,,,,2.71,3.32,2.9,,,,,0.525,0,,,,,0,0,,,,-0.0008,,,,,,,,,,,
spelad,NO,2024,2024-07-21,16:00,Haugesund,Viking,1,0,H,,,,,,,,,,,,,,,,,,,,0.2709,0.2572,0.4718,1,,,,3.75,3.85,2.11,,,,,-0.9315,0,12,0.25,0.3165,0.0008,0,0,,,,0.009,,,,,,,,,,,
spelad,NO,2024,2024-07-21,13:30,Stromsgodset,Tromso,0,1,A,,,,,,,,,,,,,,,,,,,,0.3939,0.2662,0.34,1,,,,2.47,3.75,3.5,,,,,-0.2357,0,12,-0.25,-0.1128,-0.006,0,0,,,,0.0444,,,,,,,,,,,
spelad,NO,2024,2024-07-27,17:00,Fredrikstad,Rosenborg,2,2,D,,,,,,,,,,,,,,,,,,,,0.4975,0.2659,0.2366,1,,,,1.98,3.7,4.11,,,,,0.5228,-7,,,,,0,0,,,,-0.0202,,,,,,,,,,,
spelad,NO,2024,2024-07-27,15:00,KFUM Oslo,Bodo/Glimt,1,1,D,,,,,,,,,,,,,,,,,,,,0.2099,0.2288,0.5613,1,,,,4.9,4.3,1.75,,,,,0.7797,-1,,,,,0,0,,,,0.0165,,,,,,,,,,,
spelad,NO,2024,2024-07-28,16:00,Lillestrom,Sarpsborg 08,2,2,D,,,,,,,,,,,,,,,,,,,,0.5281,0.229,0.2428,1,,,,1.91,4.22,4.02,,,,,0.199,7,13,-0.9231,-0.3801,-0.0378,0,0,,,,-0.0122,,,,,,,,,,,
spelad,NO,2024,2024-07-28,16:00,Odd,Stromsgodset,2,0,H,,,,,,,,,,,,,,,,,,,,0.3326,0.2574,0.4101,1,,,,2.98,3.8,2.36,,,,,0.0062,2,16,-0.5625,-0.252,0.0543,0,0,,,,-0.0054,,,,,,,,,,,
spelad,NO,2024,2024-07-28,16:00,Sandefjord,Haugesund,4,3,H,,,,,,,,,,,,,,,,,,,,0.4627,0.2586,0.2787,1,,,,2.12,3.75,3.8,,,,,-0.614,7,13,-0.9231,-0.2073,-0.0423,0,0,,,,0.0012,,,,,,,,,,,
spelad,NO,2024,2024-07-28,16:00,Tromso,Kristiansund,0,0,D,,,,,,,,,,,,,,,,,,,,0.6374,0.2074,0.1552,1,,,,1.61,4.65,6.25,,,,,-0.1378,-7,11,-0.5455,-0.5208,0.1953,0,0,,,,-0.0559,,,,,,,,,,,
spelad,NO,2024,2024-07-28,18:15,Viking,Molde,1,0,H,,,,,,,,,,,,,,,,,,,,0.3684,0.259,0.3726,1,,,,2.7,3.85,2.61,,,,,0.3375,-1,14,-0.8571,0.0009,-0.088,0,0,,,,-0.0099,,,,,,,,,,,
spelad,NO,2024,2024-08-03,17:00,Bodo/Glimt,Haugesund,4,2,H,,,,,,,,,,,,,,,,,,,,0.7897,0.1285,0.0817,1,,,,1.25,8.02,12,,,,,-0.3533,1,14,0.8571,-0.0554,0.0666,0,0,,,,-0.0262,,,,,,,,,,,
spelad,NO,2024,2024-08-04,16:00,Fredrikstad,KFUM Oslo,0,0,D,,,,,,,,,,,,,,,,,,,,0.4135,0.2906,0.2959,1,,,,2.4,3.45,3.45,,,,,-0.2932,0,,,,,0,0,,,,-0.0125,,,,,,,,,,,
spelad,NO,2024,2024-08-04,16:00,HamKam,Viking,3,3,D,,,,,,,,,,,,,,,,,,,,0.3259,0.2588,0.4154,1,,,,2.97,3.75,2.47,,,,,-0.2047,7,5,-1.2,-0.1665,-0.026,0,0,,,,0.0358,,,,,,,,,,,
spelad,NO,2024,2024-08-04,16:00,Kristiansund,Lillestrom,2,1,H,,,,,,,,,,,,,,,,,,,,0.2452,0.2241,0.5307,1,,,,4,4.33,1.84,,,,,0.0896,0,11,0.5455,0.4473,0.1967,0,0,,,,0.0045,,,,,,,,,,,
spelad,NO,2024,2024-08-04,18:15,Rosenborg,Tromso,1,0,H,,,,,,,,,,,,,,,,,,,,0.4742,0.2643,0.2615,1,,,,2.05,3.72,3.75,,,,,-0.338,1,14,0.4286,-0.0482,-0.2448,0,0,,,,-0.0155,,,,,,,,,,,
spelad,NO,2024,2024-08-04,16:00,Sarpsborg 08,Sandefjord,2,1,H,,,,,,,,,,,,,,,,,,,,0.5081,0.2184,0.2735,1,,,,1.95,4.5,3.65,,,,,0.2925,0,13,0.4615,-0.1441,-0.0233,0,0,,,,-0.0136,,,,,,,,,,,
spelad,NO,2024,2024-08-04,16:00,Stromsgodset,Brann,2,3,A,,,,,,,,,,,,,,,,,,,,0.3869,0.2412,0.372,1,,,,2.53,4.11,2.6,,,,,0.4742,-7,14,0,0.2005,0.0419,0,0,,,,-0.0019,,,,,,,,,,,
spelad,NO,2024,2024-08-09,18:00,Sandefjord,Stromsgodset,2,2,D,,,,,,,,,,,,,,,,,,,,0.4335,0.2485,0.318,1,,,,2.28,4,3.04,,,,,0.5812,0,13,0,0.3681,-0.0121,0,0,,,,-0.014,,,,,,,,,,,
spelad,NO,2024,2024-08-10,15:00,Haugesund,HamKam,0,1,A,,,,,,,,,,,,,,,,,,,,0.3952,0.2675,0.3374,1,,,,2.49,3.64,2.87,,,,,-0.3585,1,5,0.6,0.2658,0.1242,0,0,,,,-0.0074,,,,,,,,,,,
spelad,NO,2024,2024-08-10,17:00,Viking,Bodo/Glimt,1,1,D,,,,,,,,,,,,,,,,,,,,0.3456,0.2462,0.4082,1,,,,2.8,4.05,2.47,,,,,0.5141,-1,12,-1.25,-0.0871,-0.1242,0,0,,,,0.0212,,,,,,,,,,,
spelad,NO,2024,2024-08-11,16:00,KFUM Oslo,Rosenborg,1,0,H,,,,,,,,,,,,,,,,,,,,0.4101,0.2652,0.3248,1,,,,2.38,3.75,3.05,,,,,0.2579,0,,,,,0,0,,,,-0.0038,,,,,,,,,,,
spelad,NO,2024,2024-08-11,18:15,Lillestrom,Molde,1,2,A,,,,,,,,,,,,,,,,,,,,0.3797,0.2682,0.3521,1,,,,2.87,3.9,2.75,,,,,0.1007,-7,14,-1.0714,-0.0837,-0.0223,0,0,,,,-0.0064,,,,,,,,,,,
spelad,NO,2024,2024-08-11,16:00,Odd,Sarpsborg 08,1,1,D,,,,,,,,,,,,,,,,,,,,0.3489,0.255,0.3961,1,,,,2.77,4,2.54,,,,,-0.0021,7,16,0,0.0562,0.1112,0,0,,,,0.0045,,,,,,,,,,,
spelad,NO,2024,2024-08-14,18:00,Fredrikstad,Haugesund,1,0,H,,,,,,,,,,,,,,,,,,,,0.5999,0.2316,0.1685,1,,,,1.62,4.33,5.9,,,,,-0.325,6,,,,,0,0,,,,-0.0072,,,,,,,,,,,
spelad,NO,2024,2024-08-17,17:00,Stromsgodset,Lillestrom,3,2,H,,,,,,,,,,,,,,,,,,,,0.4095,0.2478,0.3427,1,,,,2.4,3.9,2.91,,,,,-0.6808,2,13,-0.9231,-0.2645,-0.0224,0,0,,,,-0.0007,,,,,,,,,,,
spelad,NO,2024,2024-08-18,13:30,Fredrikstad,Brann,0,4,A,,,,,,,,,,,,,,,,,,,,0.3165,0.2767,0.4069,1,,,,3.12,3.5,2.5,,,,,0.1428,-7,,,,,0,0,,,,0.0137,,,,,,,,,,,
spelad,NO,2024,2024-08-18,16:00,HamKam,Odd,1,0,H,,,,,,,,,,,,,,,,,,,,0.5435,0.2425,0.214,1,,,,1.8,4.05,4.52,,,,,0.1565,1,5,-1.8,-0.8157,-0.2722,0,0,,,,-0.0146,,,,,,,,,,,
spelad,NO,2024,2024-08-18,16:00,KFUM Oslo,Tromso,0,1,A,,,,,,,,,,,,,,,,,,,,0.4246,0.3035,0.2719,1,,,,2.3,3.3,3.62,,,,,0.7626,-7,,,,,0,0,,,,-0.0019,,,,,,,,,,,
spelad,NO,2024,2024-08-18,18:15,Rosenborg,Viking,2,1,H,,,,,,,,,,,,,,,,,,,,0.3953,0.2661,0.3386,1,,,,2.51,3.8,2.86,,,,,-0.3977,-1,13,1.1538,0.3674,-0.0678,0,0,,,,-0.0047,,,,,,,,,,,
spelad,NO,2024,2024-08-18,16:00,Sarpsborg 08,Haugesund,2,2,D,,,,,,,,,,,,,,,,,,,,0.558,0.2261,0.216,1,,,,1.75,4.33,4.51,,,,,0.6579,3,16,0.375,-0.0536,0.2306,0,0,,,,-0.012,,,,,,,,,,,
spelad,NO,2024,2024-08-21,18:00,Rosenborg,Lillestrom,4,0,H,,,,,,,,,,,,,,,,,,,,0.4831,0.2543,0.2626,1,,,,2.02,3.88,3.68,,,,,0.1777,-1,12,-0.25,-0.4241,0.0031,0,0,,,,-0.0136,,,,,,,,,,,
spelad,NO,2024,2024-08-24,15:00,Bodo/Glimt,Sarpsborg 08,6,0,H,,,,,,,,,,,,,,,,,,,,0.746,0.1499,0.1041,1,,,,1.35,6.5,10,,,,,-0.1978,7,14,2.1429,0.7265,0.0533,0,0,,,,-0.0211,,,,,,,,,,,
spelad,NO,2024,2024-08-25,16:00,Haugesund,Fredrikstad,1,0,H,,,,,,,,,,,,,,,,,,,,0.3295,0.2936,0.3769,1,,,,3,3.35,2.57,,,,,-0.036,0,,,,,0,0,,,,-0.0059,,,,,,,,,,,
spelad,NO,2024,2024-08-25,13:30,Lillestrom,Tromso,0,1,A,,,,,,,,,,,,,,,,,,,,0.4281,0.2914,0.2804,1,,,,2.29,3.4,3.45,,,,,-0.5682,-3,14,0.2143,0.0787,-0.0546,0,0,,,,-0.0146,,,,,,,,,,,
spelad,NO,2024,2024-08-25,16:00,Molde,HamKam,3,0,H,,,,,,,,,,,,,,,,,,,,0.6817,0.181,0.1373,1,,,,1.45,5.31,7.5,,,,,-0.2762,7,5,1.8,0.1228,0.1993,0,0,,,,-0.0236,,,,,,,,,,,
spelad,NO,2024,2024-08-25,18:15,Odd,Rosenborg,1,3,A,,,,,,,,,,,,,,,,,,,,0.2408,0.2402,0.5191,1,,,,4.25,4.02,1.88,,,,,-0.5202,3,16,-0.9375,-0.128,0.0659,0,0,,,,-0.0034,,,,,,,,,,,
spelad,NO,2024,2024-08-25,16:00,Sandefjord,Kristiansund,1,0,H,,,,,,,,,,,,,,,,,,,,0.5852,0.217,0.1979,1,,,,1.75,4.45,4.88,,,,,-0.7189,-5,10,-0.9,-0.1603,-0.1631,0,0,,,,-0.0491,,,,,,,,,,,
spelad,NO,2024,2024-08-25,16:00,Viking,Stromsgodset,5,2,H,,,,,,,,,,,,,,,,,,,,0.5808,0.2091,0.2101,1,,,,1.7,4.61,4.75,,,,,0.7134,-1,14,0,-0.2239,0.1867,0,0,,,,-0.0258,,,,,,,,,,,
spelad,NO,2024,2024-08-30,18:00,KFUM Oslo,Lillestrom,2,0,H,,,,,,,,,,,,,,,,,,,,0.4176,0.2729,0.3095,1,,,,2.33,3.6,3.2,,,,,1.1206,7,,,,,0,0,,,,0.0113,,,,,,,,,,,
spelad,NO,2024,2024-08-31,17:00,Fredrikstad,Odd,2,0,H,,,,,,,,,,,,,,,,,,,,0.6019,0.2338,0.1643,1,,,,1.6,4.3,6.2,,,,,0.0121,0,,,,,0,0,,,,0.0012,,,,,,,,,,,
spelad,NO,2024,2024-09-01,18:15,Brann,Sarpsborg 08,1,3,A,,,,,,,,,,,,,,,,,,,,0.6639,0.1793,0.1568,1,,,,1.47,5.55,6.5,,,,,-0.3201,6,14,1.0714,0.2439,0.0954,0,0,,,,0.0027,,,,,,,,,,,
spelad,NO,2024,2024-09-01,16:00,HamKam,Sandefjord,1,1,D,,,,,,,,,,,,,,,,,,,,0.4324,0.2542,0.3134,1,,,,2.28,3.81,3.3,,,,,0.4809,0,5,3,1.5826,-0.263,0,0,,,,0.008,,,,,,,,,,,
spelad,NO,2024,2024-09-01,16:00,Kristiansund,Haugesund,2,2,D,,,,,,,,,,,,,,,,,,,,0.4119,0.2644,0.3237,1,,,,2.38,3.66,3,,,,,0.4574,0,13,-0.4615,-0.1156,-0.0341,0,0,,,,-0.008,,,,,,,,,,,
spelad,NO,2024,2024-09-01,16:00,Rosenborg,Molde,2,1,H,,,,,,,,,,,,,,,,,,,,0.4134,0.2756,0.311,1,,,,2.35,3.6,3.11,,,,,0.495,0,16,0.1875,0.1949,-0.0529,0,0,,,,-0.0047,,,,,,,,,,,
spelad,NO,2024,2024-09-01,16:00,Stromsgodset,Bodo/Glimt,0,1,A,,,,,,,,,,,,,,,,,,,,0.2312,0.2167,0.5522,1,,,,4.4,4.5,1.75,,,,,-0.757,-1,14,-1.5,-0.215,0.0158,0,0,,,,-0.0109,,,,,,,,,,,
spelad,NO,2024,2024-09-01,16:00,Tromso,Viking,2,2,D,,,,,,,,,,,,,,,,,,,,0.3505,0.2687,0.3808,1,,,,2.76,3.6,2.55,,,,,0.2403,0,11,0,0.1227,0.0207,0,0,,,,0.0061,,,,,,,,,,,
spelad,NO,2024,2024-09-13,18:00,Bodo/Glimt,HamKam,3,0,H,,,,,,,,,,,,,,,,,,,,0.7626,0.1454,0.092,1,,,,1.27,6.9,11,,,,,-0.0874,0,5,0.6,-0.6024,0.221,0,0,,,,-0.017,,,,,,,,,,,
spelad,NO,2024,2024-09-14,17:00,Molde,Fredrikstad,6,1,H,,,,,,,,,,,,,,,,,,,,0.6018,0.2298,0.1683,1,,,,1.62,4.2,5.8,,,,,0.019,-1,,,,,0,0,,,,-0.0216,,,,,,,,,,,
spelad,NO,2024,2024-09-14,15:00,Viking,KFUM Oslo,1,0,H,,,,,,,,,,,,,,,,,,,,0.5473,0.2332,0.2194,1,,,,1.76,4.23,4.8,,,,,-0.6219,-2,,,,,0,0,,,,0.0255,,,,,,,,,,,
spelad,NO,2024,2024-09-15,16:00,Haugesund,Stromsgodset,0,0,D,,,,,,,,,,,,,,,,,,,,0.4279,0.2621,0.31,1,,,,2.36,3.8,3.12,,,,,0.7149,0,16,0,0.0847,-0.0125,0,0,,,,-0.0169,,,,,,,,,,,
spelad,NO,2024,2024-09-15,18:15,Lillestrom,Rosenborg,1,1,D,,,,,,,,,,,,,,,,,,,,0.3246,0.2672,0.4082,1,,,,3,3.71,2.4,,,,,-1.5209,2,13,0,0.3084,-0.0167,0,0,,,,0.0054,,,,,,,,,,,
spelad,NO,2024,2024-09-15,13:30,Odd,Tromso,1,0,H,,,,,,,,,,,,,,,,,,,,0.2995,0.2923,0.4082,1,,,,3.23,3.5,2.38,,,,,-0.5887,1,14,0.2143,0.1996,-0.1894,0,0,,,,0.0095,,,,,,,,,,,
spelad,NO,2024,2024-09-15,16:00,Sandefjord,Brann,2,2,D,,,,,,,,,,,,,,,,,,,,0.3315,0.2548,0.4137,1,,,,2.93,3.95,2.37,,,,,0.4651,0,11,-1.6364,-0.363,0.222,0,0,,,,0.0035,,,,,,,,,,,
spelad,NO,2024,2024-09-15,16:00,Sarpsborg 08,Kristiansund,0,2,A,,,,,,,,,,,,,,,,,,,,0.6067,0.1985,0.1949,1,,,,1.65,4.86,5.09,,,,,-0.0936,0,13,-0.6923,-0.5138,0.0439,0,0,,,,-0.0145,,,,,,,,,,,
spelad,NO,2024,2024-09-18,18:00,Brann,KFUM Oslo,2,0,H,,,,,,,,,,,,,,,,,,,,0.5739,0.2428,0.1833,1,,,,1.7,4,5.6,,,,,-1.0854,-1,,,,,0,0,,,,-0.0111,,,,,,,,,,,
spelad,NO,2024,2024-09-18,17:00,Kristiansund,Molde,0,4,A,,,,,,,,,,,,,,,,,,,,0.1673,0.2109,0.6219,1,,,,6.03,4.75,1.6,,,,,0.6991,-1,13,-0.6923,0.2723,-0.065,0,0,,,,0.0062,,,,,,,,,,,
spelad,NO,2024,2024-09-21,17:00,HamKam,Lillestrom,5,0,H,,,,,,,,,,,,,,,,,,,,0.4174,0.2791,0.3036,1,,,,2.42,3.67,3.2,,,,,1.3315,2,5,-1.2,-0.3377,0.354,0,0,,,,-0.0104,,,,,,,,,,,
spelad,NO,2024,2024-09-21,15:00,Stromsgodset,Sarpsborg 08,2,1,H,,,,,,,,,,,,,,,,,,,,0.4903,0.2415,0.2683,1,,,,2.02,4.05,3.6,,,,,-0.5986,0,15,1,0.6645,0.011,0,0,,,,-0.0247,,,,,,,,,,,
spelad,NO,2024,2024-09-22,13:30,Brann,Bodo/Glimt,4,1,H,,,,,,,,,,,,,,,,,,,,0.3506,0.2608,0.3886,1,,,,2.85,3.85,2.49,,,,,-0.182,-5,11,-0.2727,0.0325,0.1274,0,0,,,,-0.0136,,,,,,,,,,,
spelad,NO,2024,2024-09-22,18:15,Fredrikstad,Viking,3,2,H,,,,,,,,,,,,,,,,,,,,0.438,0.2696,0.2924,1,,,,2.23,3.63,3.32,,,,,-0.0907,0,,,,,0,0,,,,-0.0006,,,,,,,,,,,
spelad,NO,2024,2024-09-22,16:00,Kristiansund,Odd,0,0,D,,,,,,,,,,,,,,,,,,,,0.4855,0.2569,0.2576,1,,,,2.05,3.81,3.9,,,,,0.6392,-3,13,0.2308,0.1582,0.2041,0,0,,,,-0.0145,,,,,,,,,,,
spelad,NO,2024,2024-09-22,16:00,Rosenborg,Haugesund,4,0,H,,,,,,,,,,,,,,,,,,,,0.6814,0.1806,0.138,1,,,,1.41,5.5,8.5,,,,,0.9667,0,15,0,-0.3344,-0.0616,0,0,,,,0.0158,,,,,,,,,,,
spelad,NO,2024,2024-09-22,16:00,Tromso,Sandefjord,3,0,H,,,,,,,,,,,,,,,,,,,,0.5487,0.239,0.2122,1,,,,1.8,4.09,4.71,,,,,-0.3508,0,11,0.2727,-0.2586,0.1121,0,0,,,,-0.0023,,,,,,,,,,,
spelad,NO,2024,2024-09-23,18:00,KFUM Oslo,Molde,1,1,D,,,,,,,,,,,,,,,,,,,,0.227,0.2586,0.5144,1,,,,4.4,3.75,1.92,,,,,0.3492,0,,,,,0,0,,,,0.0153,,,,,,,,,,,
spelad,NO,2024,2024-09-28,17:00,Haugesund,Brann,0,1,A,,,,,,,,,,,,,,,,,,,,0.2409,0.2452,0.5139,1,,,,4.2,4,1.9,,,,,-0.3917,0,13,-0.6923,-0.1123,0.05,0,0,,,,0.0032,,,,,,,,,,,
spelad,NO,2024,2024-09-28,13:00,Molde,Tromso,5,3,H,,,,,,,,,,,,,,,,,,,,0.6384,0.2105,0.1511,1,,,,1.53,4.8,6.55,,,,,-0.4617,-1,14,1.5,0.3526,-0.1658,0,0,,,,-0.0209,,,,,,,,,,,
spelad,NO,2024,2024-09-28,19:00,Sarpsborg 08,Fredrikstad,0,1,A,,,,,,,,,,,,,,,,,,,,0.4099,0.2622,0.3279,1,,,,2.36,3.75,3,,,,,0.0136,1,,,,,0,0,,,,0.0012,,,,,,,,,,,
spelad,NO,2024,2024-09-29,16:00,Bodo/Glimt,Kristiansund,4,0,H,,,,,,,,,,,,,,,,,,,,0.827,0.1005,0.0726,1,,,,1.19,9.55,15,,,,,-0.103,0,11,2.7273,0.8753,-0.1185,0,0,,,,-0.027,,,,,,,,,,,
spelad,NO,2024,2024-09-29,16:00,Lillestrom,Viking,1,4,A,,,,,,,,,,,,,,,,,,,,0.4018,0.2548,0.3434,1,,,,2.48,3.85,2.83,,,,,-1.2414,1,11,-1.0909,-0.4123,-0.1618,0,0,,,,-0.0044,,,,,,,,,,,
spelad,NO,2024,2024-09-29,16:00,Odd,KFUM Oslo,1,3,A,,,,,,,,,,,,,,,,,,,,0.2773,0.2906,0.4321,1,,,,3.5,3.4,2.28,,,,,0.0728,1,,,,,0,0,,,,0.0057,,,,,,,,,,,
spelad,NO,2024,2024-09-29,18:15,Sandefjord,Rosenborg,0,1,A,,,,,,,,,,,,,,,,,,,,0.2924,0.2444,0.4631,1,,,,3.7,4.02,2.09,,,,,-0.5254,0,13,-1.8462,-0.2343,0.0235,0,0,,,,-0.0074,,,,,,,,,,,
spelad,NO,2024,2024-09-29,13:30,Stromsgodset,HamKam,1,1,D,,,,,,,,,,,,,,,,,,,,0.488,0.2459,0.2662,1,,,,2.01,4.11,3.72,,,,,-0.4198,0,5,-0.6,-0.3662,0.1285,0,0,,,,-0.0041,,,,,,,,,,,
spelad,NO,2024,2024-10-05,14:00,Kristiansund,Sandefjord,2,1,H,,,,,,,,,,,,,,,,,,,,0.3823,0.271,0.3467,1,,,,2.53,3.75,2.79,,,,,0.3973,0,11,0.5455,0.2203,-0.168,0,0,,,,0.0076,,,,,,,,,,,
spelad,NO,2024,2024-10-19,15:00,Molde,Sandefjord,0,1,A,,,,,,,,,,,,,,,,,,,,0.78,0.1363,0.0837,1,,,,1.28,7.04,13,,,,,0.7672,7,13,1.1538,-0.1348,-0.0472,0,0,,,,-0.021,,,,,,,,,,,
spelad,NO,2024,2024-10-19,17:00,Tromso,Bodo/Glimt,0,0,D,,,,,,,,,,,,,,,,,,,,0.2435,0.253,0.5035,1,,,,4,3.87,1.95,,,,,-0.0278,1,11,-1.0909,0.0536,-0.1375,0,0,,,,0.0139,,,,,,,,,,,
spelad,NO,2024,2024-10-20,18:15,Fredrikstad,Lillestrom,2,1,H,,,,,,,,,,,,,,,,,,,,0.4787,0.2701,0.2512,1,,,,2.06,3.75,3.85,,,,,1.3221,1,,,,,0,0,,,,-0.0258,,,,,,,,,,,
spelad,NO,2024,2024-10-20,16:00,HamKam,Sarpsborg 08,0,2,A,,,,,,,,,,,,,,,,,,,,0.4065,0.2587,0.3348,1,,,,2.38,3.9,3.02,,,,,0.6531,-1,5,1.2,1.054,-0.0279,0,0,,,,0.0201,,,,,,,,,,,
spelad,NO,2024,2024-10-20,16:00,KFUM Oslo,Haugesund,0,0,D,,,,,,,,,,,,,,,,,,,,0.5038,0.2717,0.2244,1,,,,1.92,3.7,4.55,,,,,0.4629,-1,,,,,0,0,,,,0.0113,,,,,,,,,,,
spelad,NO,2024,2024-10-20,16:00,Kristiansund,Stromsgodset,0,0,D,,,,,,,,,,,,,,,,,,,,0.3981,0.2717,0.3302,1,,,,2.45,3.75,2.95,,,,,0.5286,-6,13,0.6923,0.5887,-0.101,0,0,,,,-0.0002,,,,,,,,,,,
spelad,NO,2024,2024-10-20,13:30,Rosenborg,Brann,1,2,A,,,,,,,,,,,,,,,,,,,,0.4558,0.2497,0.2946,1,,,,2.16,3.95,3.45,,,,,0.2895,-1,13,0.2308,0.0751,-0.0925,0,0,,,,-0.0029,,,,,,,,,,,
spelad,NO,2024,2024-10-20,16:00,Viking,Odd,3,3,D,,,,,,,,,,,,,,,,,,,,0.7029,0.1698,0.1272,1,,,,1.38,6.5,11,,,,,0.0918,0,13,0,-0.0399,-0.0141,0,0,,,,0.0139,,,,,,,,,,,
spelad,NO,2024,2024-10-26,17:00,Stromsgodset,Fredrikstad,2,0,H,,,,,,,,,,,,,,,,,,,,0.3509,0.2917,0.3574,1,,,,2.76,3.4,2.75,,,,,-0.4141,0,,,,,0,0,,,,0.0058,,,,,,,,,,,
spelad,NO,2024,2024-10-27,18:15,Brann,Tromso,4,0,H,,,,,,,,,,,,,,,,,,,,0.6455,0.2042,0.1503,1,,,,1.51,4.79,6.5,,,,,0.619,-1,11,0.2727,-0.1661,0.103,0,0,,,,-0.0254,,,,,,,,,,,
spelad,NO,2024,2024-10-27,16:00,HamKam,Kristiansund,1,0,H,,,,,,,,,,,,,,,,,,,,0.5773,0.2517,0.1709,1,,,,1.8,4,5.64,,,,,0.1187,0,3,-1,-0.7727,0.4008,0,0,,,,-0.0456,,,,,,,,,,,
spelad,NO,2024,2024-10-27,16:00,Haugesund,Molde,0,3,A,,,,,,,,,,,,,,,,,,,,0.2141,0.2433,0.5426,1,,,,4.52,3.97,1.83,,,,,-0.2384,-1,15,-2.8,-0.7638,-0.1588,0,0,,,,0.0143,,,,,,,,,,,
spelad,NO,2024,2024-10-27,16:00,Lillestrom,Odd,3,0,H,,,,,,,,,,,,,,,,,,,,0.5985,0.235,0.1664,1,,,,1.67,4.1,5.8,,,,,-0.9049,0,13,-0.6923,-0.3305,-0.1077,0,0,,,,-0.036,,,,,,,,,,,
spelad,NO,2024,2024-10-27,16:00,Sandefjord,KFUM Oslo,2,1,H,,,,,,,,,,,,,,,,,,,,0.4738,0.2746,0.2517,1,,,,2.1,3.52,3.84,,,,,-0.1336,1,,,,,0,0,,,,-0.0222,,,,,,,,,,,
spelad,NO,2024,2024-10-27,16:00,Sarpsborg 08,Viking,1,2,A,,,,,,,,,,,,,,,,,,,,0.3397,0.2483,0.412,1,,,,2.85,4,2.43,,,,,-0.2202,0,13,-1.3846,-0.6741,-0.171,0,0,,,,0.0128,,,,,,,,,,,
spelad,NO,2024,2024-10-28,18:00,Bodo/Glimt,Rosenborg,2,3,A,,,,,,,,,,,,,,,,,,,,0.6292,0.1961,0.1747,1,,,,1.54,5,5.51,,,,,-0.6248,1,14,0.2143,0.0106,0.1219,0,0,,,,-0.015,,,,,,,,,,,
spelad,NO,2024,2024-11-02,17:00,Viking,Sandefjord,3,2,H,,,,,,,,,,,,,,,,,,,,0.6787,0.1798,0.1415,1,,,,1.52,5.5,6.81,,,,,0.0117,0,11,0.2727,-0.2614,-0.0452,0,0,,,,-0.0451,,,,,,,,,,,
spelad,NO,2024,2024-11-03,16:00,Fredrikstad,Kristiansund,1,1,D,,,,,,,,,,,,,,,,,,,,0.5746,0.245,0.1804,1,,,,1.72,4,5.35,,,,,0.0439,1,,,,,0,0,,,,-0.0295,,,,,,,,,,,
spelad,NO,2024,2024-11-03,16:00,KFUM Oslo,Sarpsborg 08,1,2,A,,,,,,,,,,,,,,,,,,,,0.3824,0.2941,0.3236,1,,,,2.53,3.35,3.01,,,,,0.1216,0,,,,,0,0,,,,-0.0023,,,,,,,,,,,
spelad,NO,2024,2024-11-03,16:00,Lillestrom,Haugesund,0,1,A,,,,,,,,,,,,,,,,,,,,0.5475,0.2496,0.2029,1,,,,1.78,4,4.79,,,,,-0.6792,0,13,1.3846,0.6353,-0.0396,0,0,,,,-0.0108,,,,,,,,,,,
spelad,NO,2024,2024-11-03,16:00,Molde,Bodo/Glimt,3,3,D,,,,,,,,,,,,,,,,,,,,0.3651,0.2629,0.3721,1,,,,2.65,3.75,2.69,,,,,0.2749,1,13,0.2308,0.132,-0.0842,0,0,,,,0.0316,,,,,,,,,,,
spelad,NO,2024,2024-11-03,16:00,Odd,Brann,0,3,A,,,,,,,,,,,,,,,,,,,,0.1439,0.1959,0.6602,1,,,,6.7,5.06,1.48,,,,,-0.9626,0,13,-0.6923,0.0247,-0.0926,0,0,,,,0.0231,,,,,,,,,,,
spelad,NO,2024,2024-11-03,18:15,Rosenborg,Stromsgodset,1,0,H,,,,,,,,,,,,,,,,,,,,0.6937,0.1731,0.1332,1,,,,1.39,6,7.6,,,,,0.5928,-2,15,0.6,-0.1514,0.0309,0,0,,,,-0.0073,,,,,,,,,,,
spelad,NO,2024,2024-11-03,16:00,Tromso,HamKam,3,3,D,,,,,,,,,,,,,,,,,,,,0.5419,0.2621,0.196,1,,,,1.81,3.72,4.92,,,,,0.15,0,5,2.4,1.1147,-0.0691,0,0,,,,-0.0283,,,,,,,,,,,
spelad,NO,2024,2024-11-09,17:00,Brann,Lillestrom,2,1,H,,,,,,,,,,,,,,,,,,,,0.6514,0.1956,0.153,1,,,,1.48,5.02,6.5,,,,,1.5541,0,11,1.9091,0.6732,0.1089,0,0,,,,-0.0112,,,,,,,,,,,
spelad,NO,2024,2024-11-10,18:15,Bodo/Glimt,Fredrikstad,2,2,D,,,,,,,,,,,,,,,,,,,,0.7202,0.1729,0.1069,1,,,,1.35,5.58,9.8,,,,,-0.3577,0,,,,,0,0,,,,-0.0084,,,,,,,,,,,
spelad,NO,2024,2024-11-10,16:00,HamKam,Rosenborg,0,2,A,,,,,,,,,,,,,,,,,,,,0.2907,0.2482,0.461,1,,,,3.41,3.92,2.1,,,,,-0.7748,0,5,-1.2,-0.1645,-0.0514,0,0,,,,-0.0007,,,,,,,,,,,
spelad,NO,2024,2024-11-10,16:00,Haugesund,Tromso,2,0,H,,,,,,,,,,,,,,,,,,,,0.324,0.299,0.377,1,,,,2.99,3.41,2.6,,,,,0.2162,0,13,0.6923,0.4672,-0.1101,0,0,,,,0.0231,,,,,,,,,,,
spelad,NO,2024,2024-11-10,16:00,Kristiansund,Viking,0,1,A,,,,,,,,,,,,,,,,,,,,0.2348,0.248,0.5172,1,,,,4.2,4,1.89,,,,,-0.2892,-1,11,-1.3636,-0.3641,-0.2352,0,0,,,,-0.0068,,,,,,,,,,,
spelad,NO,2024,2024-11-10,16:00,Sandefjord,Odd,1,0,H,,,,,,,,,,,,,,,,,,,,0.6135,0.2155,0.1711,1,,,,1.58,4.5,5.7,,,,,0.1882,1,13,0,0.257,0.1199,0,0,,,,-0.0188,,,,,,,,,,,
spelad,NO,2024,2024-11-10,16:00,Sarpsborg 08,Molde,2,2,D,,,,,,,,,,,,,,,,,,,,0.2516,0.2477,0.5006,1,,,,3.91,4,1.95,,,,,0.0612,0,15,-0.6,0.0851,0.041,0,0,,,,0.0068,,,,,,,,,,,
spelad,NO,2024,2024-11-10,16:00,Stromsgodset,KFUM Oslo,1,0,H,,,,,,,,,,,,,,,,,,,,0.4336,0.2861,0.2803,1,,,,2.23,3.6,3.45,,,,,0.1809,0,,,,,0,0,,,,-0.0004,,,,,,,,,,,
spelad,NO,2024,2024-11-23,16:00,Fredrikstad,HamKam,1,0,H,,,,,,,,,,,,,,,,,,,,0.5108,0.2751,0.2141,1,,,,1.99,3.6,4.8,,,,,0.4806,0,,,,,0,0,,,,-0.0048,,,,,,,,,,,
spelad,NO,2024,2024-11-23,16:00,KFUM Oslo,Kristiansund,1,2,A,,,,,,,,,,,,,,,,,,,,0.4786,0.3002,0.2212,1,,,,2.08,3.4,4.37,,,,,-0.3076,0,,,,,0,0,,,,-0.0357,,,,,,,,,,,
spelad,NO,2024,2024-11-23,16:00,Lillestrom,Sandefjord,0,3,A,,,,,,,,,,,,,,,,,,,,0.4434,0.2619,0.2947,1,,,,2.23,3.85,3.31,,,,,-0.924,1,11,2.1818,0.7362,-0.1355,0,0,,,,-0.0066,,,,,,,,,,,
spelad,NO,2024,2024-11-23,16:00,Molde,Brann,2,1,H,,,,,,,,,,,,,,,,,,,,0.4321,0.2495,0.3184,1,,,,2.35,3.95,3.36,,,,,-1.0418,-1,13,1.1538,0.4666,-0.0955,0,0,,,,0.0102,,,,,,,,,,,
spelad,NO,2024,2024-11-23,16:00,Odd,Bodo/Glimt,0,2,A,,,,,,,,,,,,,,,,,,,,0.0679,0.1353,0.7969,1,,,,17,7.59,1.27,,,,,0.2703,0,13,-0.6923,0.2071,-0.0565,0,0,,,,0.0155,,,,,,,,,,,
spelad,NO,2024,2024-11-23,16:00,Rosenborg,Sarpsborg 08,1,1,D,,,,,,,,,,,,,,,,,,,,0.6183,0.2106,0.171,1,,,,1.57,4.8,5.94,,,,,0.7394,0,15,0,-0.2237,-0.0603,0,0,,,,-0.0105,,,,,,,,,,,
spelad,NO,2024,2024-11-23,16:00,Tromso,Stromsgodset,2,0,H,,,,,,,,,,,,,,,,,,,,0.6566,0.2015,0.1419,1,,,,1.7,4.79,7,,,,,-0.7565,0,13,0.4615,0.2415,-0.026,0,0,,,,-0.0211,,,,,,,,,,,
spelad,NO,2024,2024-11-23,16:00,Viking,Haugesund,5,1,H,,,,,,,,,,,,,,,,,,,,0.6139,0.2046,0.1815,1,,,,1.57,4.82,6.14,,,,,0.3509,0,13,-0.4615,-0.4216,-0.0191,0,0,,,,0.002,,,,,,,,,,,
spelad,NO,2024,2024-12-01,16:00,Bodo/Glimt,Lillestrom,5,2,H,,,,,,,,,,,,,,,,,,,,0.8621,0.0943,0.0436,1,,,,1.15,11,26,,,,,0.3197,0,11,2.1818,0.7799,0.0274,0,0,,,,-0.0194,,,,,,,,,,,
spelad,NO,2024,2024-12-01,16:00,Brann,Viking,1,1,D,,,,,,,,,,,,,,,,,,,,0.5456,0.22,0.2344,1,,,,1.82,4.4,4.2,,,,,0.2828,0,11,-1.3636,-0.8024,-0.0696,0,0,,,,-0.0149,,,,,,,,,,,
spelad,NO,2024,2024-12-01,16:00,HamKam,KFUM Oslo,0,2,A,,,,,,,,,,,,,,,,,,,,0.4224,0.2858,0.2918,1,,,,2.31,3.4,3.39,,,,,0.5111,0,,,,,0,0,,,,0.0009,,,,,,,,,,,
spelad,NO,2024,2024-12-01,16:00,Haugesund,Odd,2,1,H,,,,,,,,,,,,,,,,,,,,0.521,0.238,0.241,1,,,,1.9,4.06,4.19,,,,,0.1883,0,15,0.2,0.1559,-0.0094,0,0,,,,-0.0204,,,,,,,,,,,
spelad,NO,2024,2024-12-01,16:00,Kristiansund,Rosenborg,0,4,A,,,,,,,,,,,,,,,,,,,,0.1825,0.2121,0.6054,1,,,,5.52,4.6,1.6,,,,,-0.343,0,13,-1.1538,-0.1093,0.2361,0,0,,,,0.0057,,,,,,,,,,,
spelad,NO,2024,2024-12-01,16:00,Sandefjord,Fredrikstad,0,1,A,,,,,,,,,,,,,,,,,,,,0.2845,0.2724,0.4431,1,,,,3.38,3.6,2.6,,,,,-0.0367,0,,,,,0,0,,,,0.065,,,,,,,,,,,
spelad,NO,2024,2024-12-01,16:00,Sarpsborg 08,Tromso,2,1,H,,,,,,,,,,,,,,,,,,,,0.4319,0.2603,0.3077,1,,,,2.25,3.75,3.2,,,,,0.1394,0,13,0.2308,-0.0114,-0.1053,0,0,,,,-0.0063,,,,,,,,,,,
spelad,NO,2024,2024-12-01,16:00,Stromsgodset,Molde,1,0,H,,,,,,,,,,,,,,,,,,,,0.2218,0.2475,0.5306,1,,,,4.36,4.25,1.83,,,,,0.2496,0,15,-2,-0.4547,-0.0188,0,0,,,,0.0089,,,,,,,,,,,
spelad,NO,2024,2024-12-05,17:30,Moss,Haugesund,0,0,D,,,,,,,,,,,,,,,,,,,,0.4061,0.3075,0.2864,1,,,,2.63,3.32,3.36,,,,,,,,,,,1,0,,,,-0.0165,,,,,,,,,,,
spelad,NO,2024,2024-12-08,13:30,Haugesund,Moss,2,0,H,,,,,,,,,,,,,,,,,,,,0.4474,0.3015,0.2511,1,,,,2.17,3.3,4.33,,,,,,0,,,,,-1,0,,,,0.0422,,,,,,,,,,,
spelad,NO,2025,2025-03-29,17:00,Fredrikstad,Brann,3,0,H,,,,,,,,,,,,,,,,,,,,0.2728,0.2909,0.4363,1,,,,3.55,3.45,2.25,,,,,-0.0012,,,,,,0,0,,,,0.0095,,,,,,,,,,,
spelad,NO,2025,2025-03-29,15:00,Stromsgodset,Rosenborg,1,2,A,,,,,,,,,,,,,,,,,,,,0.2921,0.2685,0.4394,1,,,,3.4,3.8,2.2,,,,,-0.0692,,16,-0.75,0.0772,0.0181,0,0,,,,-0.0065,,,,,,,,,,,
spelad,NO,2025,2025-03-30,18:15,Bryne,Bodo/Glimt,0,1,A,,,,,,,,,,,,,,,,,,,,0.1293,0.1964,0.6743,1,,,,7.5,5,1.45,,,,,,,,,,,1,0,,,,0.0209,,,,,,,,,,,
spelad,NO,2025,2025-03-30,16:00,HamKam,Kristiansund,2,1,H,,,,,,,,,,,,,,,,,,,,0.4631,0.2855,0.2514,1,,,,2.16,3.45,3.89,,,,,-0.3812,,4,0,-0.3255,0.2377,0,0,,,,-0.0195,,,,,,,,,,,
spelad,NO,2025,2025-03-30,16:00,KFUM Oslo,Sandefjord,3,1,H,,,,,,,,,,,,,,,,,,,,0.4281,0.3024,0.2695,1,,,,2.3,3.3,3.59,,,,,-0.6696,,,,,,0,0,,,,-0.0105,,,,,,,,,,,
spelad,NO,2025,2025-03-30,16:00,Molde,Sarpsborg 08,0,2,A,,,,,,,,,,,,,,,,,,,,0.6437,0.2003,0.156,1,,,,1.5,5.01,7,,,,,-0.519,,16,0.5625,-0.1651,0.0855,0,0,,,,0.0098,,,,,,,,,,,
spelad,NO,2025,2025-03-30,16:00,Tromso,Haugesund,1,0,H,,,,,,,,,,,,,,,,,,,,0.6608,0.2286,0.1105,1,,,,1.53,4.35,8.73,,,,,-0.9424,,14,-0.8571,-0.4337,-0.1236,0,0,,,,-0.0495,,,,,,,,,,,
spelad,NO,2025,2025-03-30,13:30,Valerenga,Viking,3,1,H,,,,,,,,,,,,,,,,,,,,0.3855,0.2574,0.3571,1,,,,2.51,3.76,2.8,,,,,-1.1457,,12,0.5,0.0462,0.0855,1,0,,,,-0.0019,,,,,,,,,,,
spelad,NO,2025,2025-04-05,15:00,Bodo/Glimt,HamKam,3,0,H,,,,,,,,,,,,,,,,,,,,0.8142,0.124,0.0618,1,,,,1.19,8.32,19,,,,,0.0069,0,6,1,-0.4075,0.1599,0,0,,,,0.009,,,,,,,,,,,
spelad,NO,2025,2025-04-05,17:00,Rosenborg,Fredrikstad,1,0,H,,,,,,,,,,,,,,,,,,,,0.5848,0.248,0.1672,1,,,,1.7,4,5.77,,,,,-0.03,0,,,,,0,0,,,,-0.0248,,,,,,,,,,,
spelad,NO,2025,2025-04-06,13:30,Brann,Tromso,3,1,H,,,,,,,,,,,,,,,,,,,,0.5522,0.2453,0.2026,1,,,,1.75,4.1,4.8,,,,,0.6422,1,11,0.5455,-0.0688,0.0208,0,0,,,,-0.0009,,,,,,,,,,,
spelad,NO,2025,2025-04-06,16:00,Haugesund,Stromsgodset,0,5,A,,,,,,,,,,,,,,,,,,,,0.2531,0.2635,0.4834,1,,,,3.85,3.67,2.08,,,,,0.2782,-1,15,0.2,0.1502,0.0029,0,0,,,,0.0067,,,,,,,,,,,
spelad,NO,2025,2025-04-06,16:00,Kristiansund,Bryne,2,1,H,,,,,,,,,,,,,,,,,,,,0.4322,0.2839,0.2839,1,,,,2.26,3.5,3.41,,,,,,0,,,,,-1,0,,,,-0.0071,,,,,,,,,,,
spelad,NO,2025,2025-04-06,16:00,Sandefjord,Molde,3,0,H,,,,,,,,,,,,,,,,,,,,0.2666,0.2567,0.4767,1,,,,3.71,3.77,2.08,,,,,0.8325,0,14,-0.8571,0.3557,-0.0536,0,0,,,,0.0011,,,,,,,,,,,
spelad,NO,2025,2025-04-06,16:00,Sarpsborg 08,Valerenga,1,1,D,,,,,,,,,,,,,,,,,,,,0.426,0.2679,0.3061,1,,,,2.33,3.85,3.16,,,,,0.913,0,14,0.8571,0.4659,0.0272,-1,0,,,,-0.0126,,,,,,,,,,,
spelad,NO,2025,2025-04-06,18:15,Viking,KFUM Oslo,3,1,H,,,,,,,,,,,,,,,,,,,,0.5393,0.2457,0.215,1,,,,1.83,4.1,4.7,,,,,0.6363,0,,,,,0,0,,,,-0.0013,,,,,,,,,,,
spelad,NO,2025,2025-04-09,18:00,Fredrikstad,Valerenga,2,0,H,,,,,,,,,,,,,,,,,,,,0.4033,0.2933,0.3034,1,,,,2.4,3.35,3.34,,,,,0.5004,1,,,,,-1,0,,,,0.0111,,,,,,,,,,,
spelad,NO,2025,2025-04-10,18:00,Brann,Stromsgodset,2,1,H,,,,,,,,,,,,,,,,,,,,0.6187,0.2293,0.152,1,,,,1.57,4.5,6.35,,,,,-0.2498,0,13,-0.2308,-0.3491,0.0696,0,0,,,,-0.0262,,,,,,,,,,,
spelad,NO,2025,2025-04-10,18:00,Viking,Kristiansund,3,1,H,,,,,,,,,,,,,,,,,,,,0.6793,0.1858,0.1349,1,,,,1.42,5.2,8,,,,,0.4216,0,12,1.5,0.6494,-0.2363,0,0,,,,-0.0035,,,,,,,,,,,
spelad,NO,2025,2025-04-20,13:30,Tromso,Kristiansund,2,3,A,,,,,,,,,,,,,,,,,,,,0.591,0.2476,0.1614,1,,,,1.66,4.25,5.97,,,,,-0.3672,4,12,-0.5,-0.5707,0.245,0,0,,,,-0.0203,,,,,,,,,,,
spelad,NO,2025,2025-04-21,16:00,Bryne,Haugesund,3,1,H,,,,,,,,,,,,,,,,,,,,0.5522,0.2404,0.2074,1,,,,1.79,4.02,4.7,,,,,,0,,,,,1,0,,,,-0.0156,,,,,,,,,,,
spelad,NO,2025,2025-04-21,16:00,Fredrikstad,Sandefjord,3,1,H,,,,,,,,,,,,,,,,,,,,0.4657,0.2767,0.2576,1,,,,2.1,3.55,4.2,,,,,-0.3019,-3,,,,,0,0,,,,0.0073,,,,,,,,,,,
spelad,NO,2025,2025-04-21,16:00,HamKam,Viking,2,5,A,,,,,,,,,,,,,,,,,,,,0.2678,0.2511,0.481,1,,,,3.61,3.95,2.08,,,,,-1.0002,5,6,-1,-0.1782,0.1019,0,0,,,,0.0239,,,,,,,,,,,
spelad,NO,2025,2025-04-21,16:00,KFUM Oslo,Sarpsborg 08,1,3,A,,,,,,,,,,,,,,,,,,,,0.3842,0.2831,0.3327,1,,,,2.57,3.5,2.92,,,,,-1.183,0,,,,,0,0,,,,-0.0007,,,,,,,,,,,
spelad,NO,2025,2025-04-21,18:15,Molde,Bodo/Glimt,2,2,D,,,,,,,,,,,,,,,,,,,,0.2883,0.2654,0.4464,1,,,,3.46,3.85,2.17,,,,,-0.5133,-1,14,0.2143,0.097,-0.0255,0,0,,,,-0.001,,,,,,,,,,,
spelad,NO,2025,2025-04-21,16:00,Stromsgodset,Brann,1,2,A,,,,,,,,,,,,,,,,,,,,0.301,0.2598,0.4392,1,,,,3.21,3.8,2.32,,,,,0.3159,0,14,0,0.2106,0.0483,0,0,,,,0.0135,,,,,,,,,,,
spelad,NO,2025,2025-04-21,13:30,Valerenga,Rosenborg,0,2,A,,,,,,,,,,,,,,,,,,,,0.336,0.2608,0.4032,1,,,,2.95,3.75,2.46,,,,,-0.761,-4,14,-1.0714,-0.3502,0.1042,1,0,,,,-0.0108,,,,,,,,,,,
spelad,NO,2025,2025-04-27,16:00,Bodo/Glimt,KFUM Oslo,3,0,H,,,,,,,,,,,,,,,,,,,,0.7404,0.1692,0.0905,1,,,,1.33,5.8,10.64,,,,,0.2518,0,,,,,0,0,,,,-0.0464,,,,,,,,,,,
spelad,NO,2025,2025-04-27,16:00,Brann,Bryne,3,2,H,,,,,,,,,,,,,,,,,,,,0.7023,0.1875,0.1102,1,,,,1.39,5.13,9,,,,,,0,,,,,-1,0,,,,-0.0201,,,,,,,,,,,
spelad,NO,2025,2025-04-27,16:00,Haugesund,Fredrikstad,0,0,D,,,,,,,,,,,,,,,,,,,,0.2372,0.2813,0.4815,1,,,,4.08,3.7,2.04,,,,,-0.6462,0,,,,,0,0,,,,0.0133,,,,,,,,,,,
spelad,NO,2025,2025-04-27,16:00,Kristiansund,Valerenga,0,2,A,,,,,,,,,,,,,,,,,,,,0.2769,0.2422,0.4808,1,,,,3.6,4,2.05,,,,,0.5064,1,14,0.4286,0.6139,0.0463,-1,0,,,,0.0008,,,,,,,,,,,
spelad,NO,2025,2025-04-27,13:30,Rosenborg,Molde,0,0,D,,,,,,,,,,,,,,,,,,,,0.5486,0.2396,0.2118,1,,,,1.83,4.1,4.56,,,,,1.5692,0,15,0,0.1678,-0.0452,0,0,,,,-0.0238,,,,,,,,,,,
spelad,NO,2025,2025-04-27,16:00,Sandefjord,HamKam,2,0,H,,,,,,,,,,,,,,,,,,,,0.5927,0.2273,0.1799,1,,,,1.7,4.33,5.5,,,,,0.5773,0,6,-2.5,-1.1321,-0.0949,0,0,,,,-0.0179,,,,,,,,,,,
spelad,NO,2025,2025-04-27,16:15,Sarpsborg 08,Stromsgodset,2,3,A,,,,,,,,,,,,,,,,,,,,0.5362,0.2488,0.215,1,,,,1.81,4.2,4.5,,,,,0.637,0,16,-1.125,-0.6986,-0.0048,0,0,,,,-0.0142,,,,,,,,,,,
spelad,NO,2025,2025-04-27,18:15,Viking,Tromso,4,4,D,,,,,,,,,,,,,,,,,,,,0.5576,0.228,0.2144,1,,,,1.75,4.23,4.5,,,,,1.2896,-1,11,0.2727,-0.0217,0.1131,0,0,,,,-0.0232,,,,,,,,,,,
spelad,NO,2025,2025-04-30,17:00,Viking,Haugesund,5,1,H,,,,,,,,,,,,,,,,,,,,0.7607,0.1435,0.0958,1,,,,1.27,7,12.5,,,,,0.5024,0,14,-0.2143,-0.3233,-0.0323,0,0,,,,-0.0066,,,,,,,,,,,
spelad,NO,2025,2025-05-01,17:00,Rosenborg,Kristiansund,1,1,D,,,,,,,,,,,,,,,,,,,,0.7288,0.1653,0.1059,1,,,,1.34,6.25,10.5,,,,,0.4709,0,14,1.2857,-0.0483,0.2041,0,0,,,,-0.0216,,,,,,,,,,,
spelad,NO,2025,2025-05-02,18:00,HamKam,KFUM Oslo,0,0,D,,,,,,,,,,,,,,,,,,,,0.3015,0.3082,0.3903,1,,,,3.21,3.25,2.5,,,,,-0.0535,0,,,,,0,0,,,,0.0165,,,,,,,,,,,
spelad,NO,2025,2025-05-03,17:00,Valerenga,Brann,2,4,A,,,,,,,,,,,,,,,,,,,,0.3612,0.2547,0.3841,1,,,,2.7,4.02,2.52,,,,,-0.3244,0,12,1.25,0.7406,-0.0088,1,0,,,,-0.0146,,,,,,,,,,,
spelad,NO,2025,2025-05-04,16:00,Molde,Haugesund,2,1,H,,,,,,,,,,,,,,,,,,,,0.7741,0.1468,0.0791,1,,,,1.27,7,13,,,,,-0.6044,3,15,3,1.0342,-0.2234,0,0,,,,-0.0006,,,,,,,,,,,
spelad,NO,2025,2025-05-04,18:15,Rosenborg,Bryne,3,0,H,,,,,,,,,,,,,,,,,,,,0.7092,0.182,0.1089,1,,,,1.39,5.3,9.5,,,,,,-4,,,,,-1,0,,,,-0.0284,,,,,,,,,,,
spelad,NO,2025,2025-05-04,16:00,Stromsgodset,Kristiansund,1,2,A,,,,,,,,,,,,,,,,,,,,0.621,0.2074,0.1716,1,,,,1.56,4.75,5.61,,,,,0.0618,4,13,-0.4615,-0.3772,-0.0234,0,0,,,,-0.0149,,,,,,,,,,,
spelad,NO,2025,2025-05-04,16:00,Tromso,Sandefjord,0,1,A,,,,,,,,,,,,,,,,,,,,0.5427,0.23,0.2273,1,,,,1.79,4.2,4.33,,,,,-0.8092,0,12,0.5,-0.1441,0.0828,0,0,,,,-0.0133,,,,,,,,,,,
spelad,NO,2025,2025-05-04,16:00,Viking,Sarpsborg 08,0,0,D,,,,,,,,,,,,,,,,,,,,0.5782,0.2077,0.2141,1,,,,1.7,4.7,4.8,,,,,-0.3132,-3,13,1.8462,1.031,-0.1705,0,0,,,,-0.0166,,,,,,,,,,,
spelad,NO,2025,2025-05-11,13:30,Brann,Rosenborg,0,0,D,,,,,,,,,,,,,,,,,,,,0.3874,0.2668,0.3459,1,,,,2.55,3.75,2.8,,,,,-0.0284,1,13,0.2308,0.2115,-0.0946,0,0,,,,-0.007,,,,,,,,,,,
spelad,NO,2025,2025-05-11,16:00,Bryne,Molde,0,3,A,,,,,,,,,,,,,,,,,,,,0.2773,0.2789,0.4439,1,,,,3.49,3.6,2.2,,,,,0.2247,0,,,,,1,0,,,,0.0119,,,,,,,,,,,
spelad,NO,2025,2025-05-11,18:15,Haugesund,Viking,1,4,A,,,,,,,,,,,,,,,,,,,,0.1771,0.2002,0.6227,1,,,,5.5,4.82,1.56,,,,,-0.3453,0,15,0,0.3032,-0.0397,0,0,,,,0.011,,,,,,,,,,,
spelad,NO,2025,2025-05-11,16:00,KFUM Oslo,Tromso,1,3,A,,,,,,,,,,,,,,,,,,,,0.3932,0.3214,0.2854,1,,,,2.5,3.2,3.39,,,,,0.3427,2,,,,,0,0,,,,-0.0061,,,,,,,,,,,
spelad,NO,2025,2025-05-11,16:00,Kristiansund,Fredrikstad,0,1,A,,,,,,,,,,,,,,,,,,,,0.2953,0.2799,0.4248,1,,,,3.28,3.74,2.28,,,,,-0.4145,-7,,,,,0,0,,,,0.0089,,,,,,,,,,,
spelad,NO,2025,2025-05-11,16:00,Sandefjord,Valerenga,2,1,H,,,,,,,,,,,,,,,,,,,,0.4337,0.2593,0.307,1,,,,2.26,3.75,3.15,,,,,0.809,-1,11,-1.0909,-0.0116,-0.1472,-1,0,,,,-0.0134,,,,,,,,,,,
spelad,NO,2025,2025-05-11,16:00,Sarpsborg 08,HamKam,4,0,H,,,,,,,,,,,,,,,,,,,,0.621,0.2173,0.1618,1,,,,1.55,4.7,6.2,,,,,1.0155,-2,6,-0.5,-0.5656,-0.0664,0,0,,,,0.0041,,,,,,,,,,,
spelad,NO,2025,2025-05-16,17:00,Brann,Sarpsborg 08,2,2,D,,,,,,,,,,,,,,,,,,,,0.5337,0.2427,0.2236,1,,,,1.83,4.1,4.4,,,,,-0.1985,0,14,0.6429,0.0029,0.1009,0,0,,,,0.0114,,,,,,,,,,,
spelad,NO,2025,2025-05-16,17:00,Fredrikstad,KFUM Oslo,1,0,H,,,,,,,,,,,,,,,,,,,,0.4804,0.3229,0.1967,1,,,,2.05,3.26,5.13,,,,,1.3132,0,,,,,0,0,,,,-0.0025,,,,,,,,,,,
spelad,NO,2025,2025-05-16,17:00,Molde,Kristiansund,0,1,A,,,,,,,,,,,,,,,,,,,,0.6929,0.1821,0.1251,1,,,,1.4,5.3,8.1,,,,,-0.6127,0,13,0.6923,-0.2379,-0.0593,0,0,,,,-0.0112,,,,,,,,,,,
spelad,NO,2025,2025-05-16,17:00,Rosenborg,Haugesund,1,0,H,,,,,,,,,,,,,,,,,,,,0.8285,0.1136,0.0579,1,,,,1.18,8.5,18,,,,,0.7113,0,16,0.1875,-0.2651,-0.0691,0,0,,,,-0.0121,,,,,,,,,,,
spelad,NO,2025,2025-05-16,17:00,Stromsgodset,Bryne,0,2,A,,,,,,,,,,,,,,,,,,,,0.5845,0.2335,0.182,1,,,,1.75,4.25,5.3,,,,,0.4327,7,,,,,-1,0,,,,-0.0388,,,,,,,,,,,
spelad,NO,2025,2025-05-16,17:00,Tromso,Bodo/Glimt,2,1,H,,,,,,,,,,,,,,,,,,,,0.2092,0.2302,0.5607,1,,,,4.85,4.34,1.72,,,,,-0.3308,-7,12,-1,0.0505,-0.0638,0,0,,,,-0.0161,,,,,,,,,,,
spelad,NO,2025,2025-05-16,19:00,Valerenga,HamKam,1,1,D,,,,,,,,,,,,,,,,,,,,0.5989,0.2258,0.1753,1,,,,1.66,4.33,5.76,,,,,-0.0228,0,4,1.5,0.1271,0.2546,1,0,,,,-0.0039,,,,,,,,,,,
spelad,NO,2025,2025-05-16,17:00,Viking,Sandefjord,3,1,H,,,,,,,,,,,,,,,,,,,,0.5901,0.2201,0.1897,1,,,,1.65,4.5,5.2,,,,,-0.4351,0,11,0.8182,-0.0005,-0.0401,0,0,,,,-0.007,,,,,,,,,,,
spelad,NO,2025,2025-05-24,17:00,Bodo/Glimt,Rosenborg,4,0,H,,,,,,,,,,,,,,,,,,,,0.589,0.2201,0.1909,1,,,,1.68,4.5,5.06,,,,,-0.4654,0,14,0.2143,-0.095,0.1204,0,0,,,,-0.0134,,,,,,,,,,,
spelad,NO,2025,2025-05-24,15:00,Bryne,Fredrikstad,4,3,H,,,,,,,,,,,,,,,,,,,,0.3482,0.2997,0.352,1,,,,2.8,3.23,2.76,,,,,-0.991,0,,,,,1,0,,,,0.001,,,,,,,,,,,
spelad,NO,2025,2025-05-25,13:30,HamKam,Molde,2,1,H,,,,,,,,,,,,,,,,,,,,0.218,0.2426,0.5394,1,,,,4.75,4.2,1.83,,,,,0.3721,0,6,-2,-0.3673,0.1359,0,0,,,,-0.0002,,,,,,,,,,,
spelad,NO,2025,2025-05-25,18:15,Haugesund,Brann,0,2,A,,,,,,,,,,,,,,,,,,,,0.1312,0.1867,0.6821,1,,,,7.6,5.25,1.48,,,,,-0.8917,0,13,-0.6923,-0.1274,0.0506,0,0,,,,0.0182,,,,,,,,,,,
spelad,NO,2025,2025-05-25,16:00,Kristiansund,Viking,0,1,A,,,,,,,,,,,,,,,,,,,,0.2035,0.213,0.5835,1,,,,4.75,4.52,1.7,,,,,0.2756,0,13,-1.6154,-0.4268,-0.2324,0,0,,,,0.0292,,,,,,,,,,,
spelad,NO,2025,2025-05-25,16:00,Sandefjord,Stromsgodset,3,2,H,,,,,,,,,,,,,,,,,,,,0.4522,0.2546,0.2932,1,,,,2.15,3.95,3.5,,,,,0.4951,0,13,0.2308,0.3717,0.0608,0,0,,,,0.0139,,,,,,,,,,,
spelad,NO,2025,2025-05-25,16:00,Sarpsborg 08,Tromso,0,1,A,,,,,,,,,,,,,,,,,,,,0.4225,0.2788,0.2986,1,,,,2.31,3.7,3.24,,,,,0.66,0,13,0.4615,0.1821,-0.1856,0,0,,,,-0.0171,,,,,,,,,,,
spelad,NO,2025,2025-05-26,18:00,KFUM Oslo,Valerenga,0,1,A,,,,,,,,,,,,,,,,,,,,0.4158,0.3009,0.2833,1,,,,2.53,3.3,3.42,,,,,0.1113,0,,,,,-1,0,,,,-0.0555,,,,,,,,,,,
spelad,NO,2025,2025-05-28,20:00,Bodo/Glimt,Viking,2,4,A,,,,,,,,,,,,,,,,,,,,0.7061,0.1697,0.1242,1,,,,1.39,5.66,8,,,,,-0.3347,1,12,1.5,0.3282,-0.0425,0,0,,,,-0.024,,,,,,,,,,,
spelad,NO,2025,2025-05-28,18:00,Fredrikstad,Rosenborg,0,2,A,,,,,,,,,,,,,,,,,,,,0.3419,0.2888,0.3693,1,,,,2.83,3.4,2.66,,,,,0.535,0,3,-1,-0.5627,0.3979,0,0,,,,0.0138,,,,,,,,,,,
spelad,NO,2025,2025-05-29,17:00,Brann,Molde,0,3,A,,,,,,,,,,,,,,,,,,,,0.5481,0.2341,0.2178,1,,,,1.78,4.12,4.43,,,,,1.4066,0,13,-1.6154,-0.5634,-0.0932,0,0,,,,-0.0191,,,,,,,,,,,
spelad,NO,2025,2025-05-31,15:00,Stromsgodset,HamKam,0,3,A,,,,,,,,,,,,,,,,,,,,0.5219,0.2414,0.2367,1,,,,1.87,4.1,4.5,,,,,-0.6778,0,6,-0.5,-0.4235,0.2327,0,0,,,,-0.006,,,,,,,,,,,
spelad,NO,2025,2025-05-31,17:45,Tromso,Valerenga,2,1,H,,,,,,,,,,,,,,,,,,,,0.5283,0.2524,0.2192,1,,,,1.87,4.05,4.41,,,,,0.6264,1,12,-0.5,-0.2181,0.2461,-1,0,,,,-0.0168,,,,,,,,,,,
spelad,NO,2025,2025-06-01,16:00,Brann,Kristiansund,4,2,H,,,,,,,,,,,,,,,,,,,,0.7063,0.1712,0.1225,1,,,,1.38,5.8,9,,,,,-0.2001,-4,11,0,-0.3906,0.037,0,0,,,,-0.012,,,,,,,,,,,
spelad,NO,2025,2025-06-01,16:00,Bryne,Sandefjord,3,2,H,,,,,,,,,,,,,,,,,,,,0.381,0.2734,0.3456,1,,,,2.56,3.65,2.8,,,,,-0.4729,1,,,,,1,0,,,,-0.0032,,,,,,,,,,,
spelad,NO,2025,2025-06-01,13:30,Fredrikstad,Sarpsborg 08,1,1,D,,,,,,,,,,,,,,,,,,,,0.438,0.2806,0.2814,1,,,,2.28,3.52,3.5,,,,,0.0128,-3,,,,,0,0,,,,-0.0011,,,,,,,,,,,
spelad,NO,2025,2025-06-01,16:00,Haugesund,Bodo/Glimt,0,4,A,,,,,,,,,,,,,,,,,,,,0.0674,0.1357,0.797,1,,,,15,7.2,1.22,,,,,-0.3305,3,14,-1.2857,-0.1155,0.074,0,0,,,,0.0149,,,,,,,,,,,
spelad,NO,2025,2025-06-01,18:15,Molde,Viking,0,1,A,,,,,,,,,,,,,,,,,,,,0.3611,0.2456,0.3933,1,,,,2.8,4,2.46,,,,,-0.9066,-1,14,0.8571,0.0835,-0.0868,0,0,,,,-0.0146,,,,,,,,,,,
spelad,NO,2025,2025-06-01,16:00,Rosenborg,KFUM Oslo,1,1,D,,,,,,,,,,,,,,,,,,,,0.598,0.2354,0.1666,1,,,,1.63,4.25,6.75,,,,,0.8356,-2,,,,,0,0,,,,-0.0053,,,,,,,,,,,
spelad,NO,2025,2025-06-21,17:00,Bodo/Glimt,Brann,3,0,H,,,,,,,,,,,,,,,,,,,,0.6588,0.1847,0.1565,1,,,,1.48,5.3,6.23,,,,,-0.4427,0,12,0,-0.2654,0.095,0,0,,,,-0.0154,,,,,,,,,,,
spelad,NO,2025,2025-06-22,16:00,HamKam,Tromso,1,3,A,,,,,,,,,,,,,,,,,,,,0.2845,0.2779,0.4376,1,,,,3.4,3.5,2.21,,,,,-0.1245,0,6,-2,-0.8464,0.0654,0,0,,,,0.0037,,,,,,,,,,,
spelad,NO,2025,2025-06-22,16:00,KFUM Oslo,Stromsgodset,5,0,H,,,,,,,,,,,,,,,,,,,,0.5391,0.2474,0.2135,1,,,,1.8,4.1,4.52,,,,,-0.1861,-1,,,,,0,0,,,,-0.0394,,,,,,,,,,,
spelad,NO,2025,2025-06-22,16:00,Kristiansund,Rosenborg,4,1,H,,,,,,,,,,,,,,,,,,,,0.2879,0.2559,0.4562,1,,,,3.36,3.95,2.12,,,,,0.6967,0,15,-1.2,-0.1109,0.2461,0,0,,,,0.0037,,,,,,,,,,,
spelad,NO,2025,2025-06-22,16:00,Sandefjord,Haugesund,4,0,H,,,,,,,,,,,,,,,,,,,,0.7046,0.1768,0.1186,1,,,,1.37,5.46,8.14,,,,,1.0391,0,13,-0.9231,-0.227,-0.0402,0,0,,,,-0.0259,,,,,,,,,,,
spelad,NO,2025,2025-06-22,16:00,Sarpsborg 08,Bryne,1,1,D,,,,,,,,,,,,,,,,,,,,0.5458,0.2311,0.2231,1,,,,1.79,4.18,4.33,,,,,-0.5612,0,,,,,-1,0,,,,-0.0315,,,,,,,,,,,
spelad,NO,2025,2025-06-22,13:30,Valerenga,Molde,2,3,A,,,,,,,,,,,,,,,,,,,,0.3206,0.2603,0.4191,1,,,,3.02,3.75,2.38,,,,,-0.2921,1,13,-1.3846,-0.4289,-0.0106,0,0,,,,0.021,,,,,,,,,,,
spelad,NO,2025,2025-06-22,18:15,Viking,Fredrikstad,3,0,H,,,,,,,,,,,,,,,,,,,,0.6395,0.2127,0.1479,1,,,,1.52,4.6,6.53,,,,,0.5284,0,,,,,0,0,,,,-0.0267,,,,,,,,,,,
spelad,NO,2025,2025-06-28,17:00,Rosenborg,Viking,1,1,D,,,,,,,,,,,,,,,,,,,,0.3997,0.2621,0.3382,1,,,,2.5,3.85,2.86,,,,,-1.2399,0,13,1.1538,0.4215,-0.0716,0,0,,,,-0.0303,,,,,,,,,,,
spelad,NO,2025,2025-06-29,16:00,Bodo/Glimt,Sarpsborg 08,1,2,A,,,,,,,,,,,,,,,,,,,,0.7793,0.1294,0.0913,1,,,,1.24,7.5,12.5,,,,,0.0107,1,14,2.1429,0.6117,0.0592,0,0,,,,-0.0104,,,,,,,,,,,
spelad,NO,2025,2025-06-29,16:00,Bryne,HamKam,1,1,D,,,,,,,,,,,,,,,,,,,,0.5178,0.2555,0.2268,1,,,,1.89,3.79,4.27,,,,,0.4991,0,,,,,0,0,,,,-0.0469,,,,,,,,,,,
spelad,NO,2025,2025-06-29,16:00,Fredrikstad,Tromso,0,1,A,,,,,,,,,,,,,,,,,,,,0.3954,0.299,0.3056,1,,,,2.5,3.25,3.17,,,,,-0.6564,0,,,,,0,0,,,,-0.039,,,,,,,,,,,
spelad,NO,2025,2025-06-29,13:30,Haugesund,Kristiansund,0,0,D,,,,,,,,,,,,,,,,,,,,0.2891,0.2542,0.4568,1,,,,3.35,3.81,2.16,,,,,-0.8493,0,13,0.6923,0.2324,0.0464,0,0,,,,0.0528,,,,,,,,,,,
spelad,NO,2025,2025-06-29,16:00,Molde,KFUM Oslo,2,3,A,,,,,,,,,,,,,,,,,,,,0.4884,0.274,0.2376,1,,,,2.02,3.55,4.07,,,,,0.6385,0,,,,,0,0,,,,-0.0427,,,,,,,,,,,
spelad,NO,2025,2025-06-29,18:15,Stromsgodset,Valerenga,0,2,A,,,,,,,,,,,,,,,,,,,,0.349,0.2564,0.3946,1,,,,2.88,3.8,2.45,,,,,-0.4814,0,13,0,0.3228,-0.1743,0,0,,,,-0.0023,,,,,,,,,,,
spelad,NO,2025,2025-06-30,18:00,Brann,Sandefjord,1,0,H,,,,,,,,,,,,,,,,,,,,0.5747,0.2136,0.2117,1,,,,1.68,4.52,4.6,,,,,-0.4376,1,11,1.3636,0.023,0.3094,0,0,,,,-0.003,,,,,,,,,,,
spelad,NO,2025,2025-07-05,13:00,HamKam,Brann,1,1,D,,,,,,,,,,,,,,,,,,,,0.2391,0.2483,0.5125,1,,,,4.03,4,1.94,,,,,0.1655,1,4,-3,-0.7057,-0.196,0,0,,,,0.0577,,,,,,,,,,,
spelad,NO,2025,2025-07-05,19:00,Kristiansund,Bodo/Glimt,1,1,D,,,,,,,,,,,,,,,,,,,,0.1478,0.1761,0.6761,1,,,,6.75,5.49,1.43,,,,,1.0378,0,12,-2.75,-0.7203,-0.117,0,0,,,,0.0138,,,,,,,,,,,
spelad,NO,2025,2025-07-05,21:00,Tromso,Molde,1,0,H,,,,,,,,,,,,,,,,,,,,0.4033,0.2773,0.3194,1,,,,2.4,3.6,3.03,,,,,1.2614,0,13,-1.3846,-0.0894,-0.1566,0,0,,,,-0.0033,,,,,,,,,,,
spelad,NO,2025,2025-07-05,17:00,Valerenga,Fredrikstad,1,1,D,,,,,,,,,,,,,,,,,,,,0.4763,0.2686,0.2551,1,,,,2.12,3.6,3.79,,,,,0.3127,0,,,,,0,0,,,,-0.0661,,,,,,,,,,,
spelad,NO,2025,2025-07-05,15:00,Viking,Stromsgodset,1,0,H,,,,,,,,,,,,,,,,,,,,0.7671,0.1362,0.0967,1,,,,1.25,7.04,11,,,,,1.8633,1,13,0.4615,-0.0889,0.1491,0,0,,,,-0.016,,,,,,,,,,,
spelad,NO,2025,2025-07-06,13:30,KFUM Oslo,Bryne,1,1,D,,,,,,,,,,,,,,,,,,,,0.5509,0.2641,0.185,1,,,,1.78,3.7,5.21,,,,,-0.5102,0,,,,,0,0,,,,-0.05,,,,,,,,,,,
spelad,NO,2025,2025-07-06,13:30,Sandefjord,Rosenborg,2,0,H,,,,,,,,,,,,,,,,,,,,0.4317,0.2593,0.309,1,,,,2.24,3.73,3.13,,,,,0.6487,-2,13,-1.8462,-0.2821,0.0188,0,0,,,,-0.0141,,,,,,,,,,,
spelad,NO,2025,2025-07-06,13:30,Sarpsborg 08,Haugesund,3,1,H,,,,,,,,,,,,,,,,,,,,0.7003,0.1705,0.1292,1,,,,1.38,5.67,8,,,,,0.3452,0,15,0.4,-0.1012,0.2,0,0,,,,-0.018,,,,,,,,,,,
spelad,NO,2025,2025-07-12,15:00,Bodo/Glimt,Sandefjord,2,0,H,,,,,,,,,,,,,,,,,,,,0.7431,0.1484,0.1086,1,,,,1.31,6.46,9,,,,,-1.1325,1,12,1.25,-0.2066,0.0679,0,0,,,,-0.0265,,,,,,,,,,,
spelad,NO,2025,2025-07-12,17:00,Fredrikstad,Molde,4,2,H,,,,,,,,,,,,,,,,,,,,0.3599,0.3016,0.3385,1,,,,2.69,3.4,2.86,,,,,0.0852,0,,,,,0,0,,,,0.0207,,,,,,,,,,,
spelad,NO,2025,2025-07-13,18:15,Brann,Viking,3,1,H,,,,,,,,,,,,,,,,,,,,0.4325,0.253,0.3145,1,,,,2.25,3.83,3.1,,,,,-1.277,0,11,-1.3636,-0.7985,-0.0654,0,0,,,,-0.0229,,,,,,,,,,,
spelad,NO,2025,2025-07-13,13:30,Bryne,Valerenga,1,0,H,,,,,,,,,,,,,,,,,,,,0.3705,0.274,0.3555,1,,,,2.61,3.65,2.72,,,,,0.7842,-1,,,,,0,0,,,,0.0074,,,,,,,,,,,
spelad,NO,2025,2025-07-13,16:00,Haugesund,KFUM Oslo,0,2,A,,,,,,,,,,,,,,,,,,,,0.2038,0.2644,0.5318,1,,,,4.75,3.66,1.84,,,,,-0.1985,0,,,,,0,0,,,,0.0398,,,,,,,,,,,
spelad,NO,2025,2025-07-13,16:00,Kristiansund,Sarpsborg 08,0,0,D,,,,,,,,,,,,,,,,,,,,0.3399,0.2478,0.4123,1,,,,2.85,3.91,2.35,,,,,0.2359,1,13,1.1538,0.6893,0.0456,0,0,,,,0.0058,,,,,,,,,,,
spelad,NO,2025,2025-07-13,16:00,Rosenborg,HamKam,2,0,H,,,,,,,,,,,,,,,,,,,,0.644,0.2046,0.1514,1,,,,1.5,4.72,6.38,,,,,-0.7309,-1,6,1.5,0.4081,-0.0842,0,0,,,,-0.0246,,,,,,,,,,,
spelad,NO,2025,2025-07-13,16:00,Stromsgodset,Tromso,2,3,A,,,,,,,,,,,,,,,,,,,,0.2695,0.2587,0.4719,1,,,,3.6,3.74,2.05,,,,,-2.1639,0,13,-0.6923,-0.247,-0.0969,0,0,,,,-0.0024,,,,,,,,,,,
spelad,NO,2025,2025-07-16,17:00,Fredrikstad,Bodo/Glimt,0,1,A,,,,,,,,,,,,,,,,,,,,0.1876,0.2268,0.5856,1,,,,5.5,4.4,1.65,,,,,0.2923,0,,,,,0,0,,,,0.002,,,,,,,,,,,
spelad,NO,2025,2025-07-18,17:00,Sarpsborg 08,Rosenborg,2,2,D,,,,,,,,,,,,,,,,,,,,0.3765,0.2703,0.3532,1,,,,2.57,3.75,2.74,,,,,0.4417,0,15,0.2,0.3706,0.0102,0,0,,,,0.0139,,,,,,,,,,,
spelad,NO,2025,2025-07-19,13:00,KFUM Oslo,Brann,2,0,H,,,,,,,,,,,,,,,,,,,,0.3595,0.2811,0.3595,1,,,,2.75,3.45,2.69,,,,,-0.019,0,,,,,0,0,,,,-0.0195,,,,,,,,,,,
spelad,NO,2025,2025-07-19,15:00,Molde,Stromsgodset,4,1,H,,,,,,,,,,,,,,,,,,,,0.6742,0.189,0.1368,1,,,,1.43,5.2,7.05,,,,,0.567,1,14,1.9286,0.4546,-0.1431,0,0,,,,-0.0223,,,,,,,,,,,
spelad,NO,2025,2025-07-19,17:00,Viking,Bodo/Glimt,2,4,A,,,,,,,,,,,,,,,,,,,,0.2919,0.2322,0.4759,1,,,,3.35,4.16,2.06,,,,,1.004,3,13,-1.1538,-0.0747,-0.0523,0,0,,,,0.0111,,,,,,,,,,,
spelad,NO,2025,2025-07-20,18:15,HamKam,Fredrikstad,1,1,D,,,,,,,,,,,,,,,,,,,,0.327,0.2933,0.3796,1,,,,2.96,3.4,2.55,,,,,0.8272,3,,,,,0,0,,,,0.0235,,,,,,,,,,,
spelad,NO,2025,2025-07-20,16:00,Sandefjord,Kristiansund,6,0,H,,,,,,,,,,,,,,,,,,,,0.6511,0.1962,0.1527,1,,,,1.5,4.91,6.31,,,,,0.0347,1,11,-1.0909,-0.296,-0.1649,0,0,,,,-0.0362,,,,,,,,,,,
spelad,NO,2025,2025-07-20,16:00,Tromso,Bryne,3,1,H,,,,,,,,,,,,,,,,,,,,0.6188,0.2407,0.1405,1,,,,1.56,4.4,6.87,,,,,0.9437,0,,,,,0,0,,,,-0.0178,,,,,,,,,,,
spelad,NO,2025,2025-07-20,13:30,Valerenga,Haugesund,3,0,H,,,,,,,,,,,,,,,,,,,,0.7321,0.1606,0.1073,1,,,,1.34,6,8.94,,,,,0.1326,0,13,0.2308,-0.102,0.0424,0,0,,,,-0.0358,,,,,,,,,,,
spelad,NO,2025,2025-07-25,18:00,Fredrikstad,Stromsgodset,3,2,H,,,,,,,,,,,,,,,,,,,,0.5619,0.2312,0.2069,1,,,,1.72,4.4,4.67,,,,,0.6906,-1,,,,,0,0,,,,-0.0138,,,,,,,,,,,
spelad,NO,2025,2025-07-26,17:00,Bodo/Glimt,Valerenga,7,2,H,,,,,,,,,,,,,,,,,,,,0.7423,0.1471,0.1106,1,,,,1.29,6.51,9.5,,,,,-0.066,1,12,1.5,0.3255,0.106,0,0,,,,-0.0191,,,,,,,,,,,
spelad,NO,2025,2025-07-26,15:00,Haugesund,HamKam,0,3,A,,,,,,,,,,,,,,,,,,,,0.3032,0.2763,0.4205,1,,,,3.6,3.6,2.3,,,,,-0.7762,0,6,0,-0.0207,0.0589,0,0,,,,-0.0557,,,,,,,,,,,
spelad,NO,2025,2025-07-26,15:00,Kristiansund,KFUM Oslo,0,5,A,,,,,,,,,,,,,,,,,,,,0.2485,0.2584,0.4931,1,,,,4.1,3.8,1.96,,,,,-0.1277,-1,,,,,0,0,,,,-0.0117,,,,,,,,,,,
spelad,NO,2025,2025-07-26,15:00,Sandefjord,Sarpsborg 08,3,2,H,,,,,,,,,,,,,,,,,,,,0.4626,0.2435,0.2939,1,,,,2.09,4.2,3.29,,,,,0.123,-2,13,-0.9231,-0.066,-0.0191,0,0,,,,0.004,,,,,,,,,,,
spelad,NO,2025,2025-07-27,13:30,Bryne,Viking,1,3,A,,,,,,,,,,,,,,,,,,,,0.268,0.2506,0.4813,1,,,,3.65,3.95,2.01,,,,,0.2456,-1,,,,,0,0,,,,0.0102,,,,,,,,,,,
spelad,NO,2025,2025-07-27,13:30,Rosenborg,Tromso,4,1,H,,,,,,,,,,,,,,,,,,,,0.436,0.2734,0.2906,1,,,,2.22,3.54,3.35,,,,,-1.8778,2,13,0.6923,0.1913,-0.2601,0,0,,,,-0.0015,,,,,,,,,,,
spelad,NO,2025,2025-07-30,18:00,Bodo/Glimt,Stromsgodset,1,0,H,,,,,,,,,,,,,,,,,,,,0.8753,0.0774,0.0473,1,,,,1.11,12.44,21,,,,,1.1654,-1,14,1.5,0.1633,0.02,0,0,,,,-0.0519,,,,,,,,,,,
spelad,NO,2025,2025-08-02,17:00,Sarpsborg 08,Brann,1,4,A,,,,,,,,,,,,,,,,,,,,0.4067,0.2501,0.3432,1,,,,2.85,3.9,2.82,,,,,-0.0669,-7,13,-0.9231,-0.2017,0.1352,0,0,,,,-0.1518,,,,,,,,,,,
spelad,NO,2025,2025-08-02,15:00,Tromso,Fredrikstad,0,0,D,,,,,,,,,,,,,,,,,,,,0.5633,0.242,0.1946,1,,,,1.72,4,5.25,,,,,1.2584,-2,3,2,1.0976,0.0392,0,0,,,,-0.0256,,,,,,,,,,,
spelad,NO,2025,2025-08-03,13:30,HamKam,Bodo/Glimt,1,3,A,,,,,,,,,,,,,,,,,,,,0.107,0.1602,0.7328,1,,,,9.5,6.04,1.33,,,,,0.3224,4,7,-1.2857,0.168,0.1194,0,0,,,,0.0234,,,,,,,,,,,
spelad,NO,2025,2025-08-03,16:00,KFUM Oslo,Rosenborg,4,1,H,,,,,,,,,,,,,,,,,,,,0.3904,0.289,0.3206,1,,,,2.5,3.4,3.02,,,,,0.7171,1,3,2,1.3208,0.086,0,0,,,,-0.0306,,,,,,,,,,,
spelad,NO,2025,2025-08-03,16:00,Molde,Bryne,2,0,H,,,,,,,,,,,,,,,,,,,,0.6385,0.2034,0.1581,1,,,,1.63,4.74,6.1,,,,,-0.7133,7,,,,,0,0,,,,-0.1286,,,,,,,,,,,
spelad,NO,2025,2025-08-03,16:00,Stromsgodset,Haugesund,2,0,H,,,,,,,,,,,,,,,,,,,,0.6795,0.1777,0.1427,1,,,,1.42,5.5,7.5,,,,,-0.311,-4,16,0,-0.0632,-0.0137,0,0,,,,0.0169,,,,,,,,,,,
spelad,NO,2025,2025-08-03,16:00,Valerenga,Sandefjord,2,1,H,,,,,,,,,,,,,,,,,,,,0.4786,0.2387,0.2827,1,,,,2.05,4.1,3.42,,,,,-0.4659,0,12,0.75,0.0472,-0.1566,0,0,,,,-0.0353,,,,,,,,,,,
spelad,NO,2025,2025-08-09,18:15,Bodo/Glimt,Tromso,1,1,D,,,,,,,,,,,,,,,,,,,,0.6943,0.1784,0.1273,1,,,,1.42,5.25,7,,,,,-0.6436,-1,13,0.6923,-0.1349,-0.0766,0,0,,,,-0.0681,,,,,,,,,,,
spelad,NO,2025,2025-08-09,15:00,Molde,HamKam,1,0,H,,,,,,,,,,,,,,,,,,,,0.6857,0.1821,0.1323,1,,,,1.37,5.4,8,,,,,-0.1775,0,7,1.2857,-0.0675,0.0818,0,0,,,,0.0103,,,,,,,,,,,
spelad,NO,2025,2025-08-10,16:00,Bryne,KFUM Oslo,0,0,D,,,,,,,,,,,,,,,,,,,,0.3072,0.2897,0.4031,1,,,,3.15,3.15,2.5,,,,,-0.9755,0,,,,,0,0,,,,0.0158,,,,,,,,,,,
spelad,NO,2025,2025-08-10,16:00,Haugesund,Sarpsborg 08,3,2,H,,,,,,,,,,,,,,,,,,,,0.1791,0.2099,0.611,1,,,,5.33,4.6,1.58,,,,,-0.444,-1,15,-0.4,-0.0795,0.2053,0,0,,,,0.0215,,,,,,,,,,,
spelad,NO,2025,2025-08-10,18:15,Sandefjord,Viking,1,2,A,,,,,,,,,,,,,,,,,,,,0.3467,0.24,0.4133,1,,,,2.55,4.1,2.55,,,,,-0.4417,-7,12,-1,-0.0285,-0.0551,0,0,,,,0.0904,,,,,,,,,,,
spelad,NO,2025,2025-08-15,18:00,Stromsgodset,Bodo/Glimt,0,5,A,,,,,,,,,,,,,,,,,,,,0.1275,0.1625,0.7099,1,,,,8.5,6,1.37,,,,,-0.8311,6,15,-1.6,-0.1857,0.0135,0,0,,,,0.0075,,,,,,,,,,,
spelad,NO,2025,2025-08-17,16:00,HamKam,Bryne,1,0,H,,,,,,,,,,,,,,,,,,,,0.3545,0.2987,0.3469,1,,,,2.7,3.25,2.75,,,,,-0.0055,1,,,,,0,0,,,,-0.0087,,,,,,,,,,,
spelad,NO,2025,2025-08-17,16:00,KFUM Oslo,Molde,0,0,D,,,,,,,,,,,,,,,,,,,,0.348,0.3014,0.3506,1,,,,3.1,3.3,2.5,,,,,1.1279,-1,3,2,1.4546,0.0832,0,0,,,,-0.0838,,,,,,,,,,,
spelad,NO,2025,2025-08-17,16:00,Kristiansund,Sandefjord,2,2,D,,,,,,,,,,,,,,,,,,,,0.3073,0.2426,0.4502,1,,,,3.2,3.9,2.1,,,,,-0.292,7,12,0.75,0.3679,-0.1675,0,0,,,,-0.0113,,,,,,,,,,,
spelad,NO,2025,2025-08-17,13:30,Tromso,Brann,1,2,A,,,,,,,,,,,,,,,,,,,,0.4152,0.2601,0.3247,1,,,,2.28,3.7,3.1,,,,,0.6291,-7,12,-0.75,-0.027,-0.0014,0,0,,,,0.0054,,,,,,,,,,,
spelad,NO,2025,2025-08-17,18:15,Valerenga,Sarpsborg 08,4,0,H,,,,,,,,,,,,,,,,,,,,0.5492,0.2202,0.2307,1,,,,1.8,4.5,3.85,,,,,0.2432,7,14,-0.6429,-0.437,0.0981,0,0,,,,-0.0637,,,,,,,,,,,
spelad,NO,2025,2025-08-22,18:00,KFUM Oslo,HamKam,2,2,D,,,,,,,,,,,,,,,,,,,,0.5923,0.2463,0.1614,1,,,,1.65,3.95,6,,,,,0.5787,0,3,1,0.2932,0.3735,0,0,,,,-0.0459,,,,,,,,,,,
spelad,NO,2025,2025-08-24,16:00,Bryne,Stromsgodset,2,2,D,,,,,,,,,,,,,,,,,,,,0.501,0.262,0.237,1,,,,1.93,3.9,4.2,,,,,0.1588,-2,,,,,0,0,,,,-0.0201,,,,,,,,,,,
spelad,NO,2025,2025-08-24,13:30,Haugesund,Valerenga,2,3,A,,,,,,,,,,,,,,,,,,,,0.1619,0.2035,0.6346,1,,,,6.5,4.8,1.51,,,,,-0.3789,7,14,-0.4286,0.0209,0.0279,0,0,,,,0.0188,,,,,,,,,,,
spelad,NO,2025,2025-08-24,18:15,Molde,Tromso,2,0,H,,,,,,,,,,,,,,,,,,,,0.432,0.2711,0.2969,1,,,,2.25,3.5,3.4,,,,,-0.3893,0,13,0.9231,0.0306,-0.1568,0,0,,,,0.0281,,,,,,,,,,,
spelad,NO,2025,2025-08-25,18:00,Sarpsborg 08,Kristiansund,0,1,A,,,,,,,,,,,,,,,,,,,,0.5895,0.2202,0.1903,1,,,,1.73,4.6,4.33,,,,,-0.2646,0,13,-1.1538,-0.7129,0.0472,0,0,,,,-0.1161,,,,,,,,,,,
spelad,NO,2025,2025-08-30,17:00,Valerenga,Bryne,3,2,H,,,,,,,,,,,,,,,,,,,,0.5684,0.229,0.2026,1,,,,1.62,4.5,5,,,,,0.7439,0,,,,,0,0,,,,0.0389,,,,,,,,,,,
spelad,NO,2025,2025-08-31,16:00,Fredrikstad,Haugesund,2,2,D,,,,,,,,,,,,,,,,,,,,0.7426,0.159,0.0984,1,,,,1.33,6.1,9.5,,,,,0.2181,7,3,0,-0.3938,0.0645,0,0,,,,-0.0483,,,,,,,,,,,
spelad,NO,2025,2025-08-31,16:00,HamKam,Sarpsborg 08,1,3,A,,,,,,,,,,,,,,,,,,,,0.3838,0.2552,0.3609,1,,,,2.38,3.8,2.9,,,,,1.1382,3,7,0,0.4413,-0.0879,0,0,,,,0.0661,,,,,,,,,,,
spelad,NO,2025,2025-08-31,13:30,Kristiansund,Brann,2,2,D,,,,,,,,,,,,,,,,,,,,0.2015,0.2193,0.5792,1,,,,4.5,4.35,1.75,,,,,-0.2691,-7,12,-0.25,0.2792,0.0196,0,0,,,,0.0705,,,,,,,,,,,
spelad,NO,2025,2025-08-31,16:00,Sandefjord,Bodo/Glimt,1,2,A,,,,,,,,,,,,,,,,,,,,0.1818,0.1942,0.624,1,,,,5.5,5.2,1.51,,,,,-0.5759,-2,13,-1.3846,0.0915,0.0513,0,0,,,,-0.0128,,,,,,,,,,,
spelad,NO,2025,2025-08-31,18:15,Stromsgodset,Molde,3,1,H,,,,,,,,,,,,,,,,,,,,0.2681,0.2456,0.4863,1,,,,3.75,4.2,1.89,,,,,-0.2646,0,15,-2,-0.3307,-0.1461,0,0,,,,-0.0213,,,,,,,,,,,
spelad,NO,2025,2025-08-31,16:00,Tromso,KFUM Oslo,2,0,H,,,,,,,,,,,,,,,,,,,,0.4906,0.2851,0.2243,1,,,,1.98,3.4,4.33,,,,,-0.4202,-2,3,1,0.6697,-0.2995,0,0,,,,-0.0171,,,,,,,,,,,
spelad,NO,2025,2025-08-31,16:00,Viking,Rosenborg,2,1,H,,,,,,,,,,,,,,,,,,,,0.5823,0.2172,0.2005,1,,,,2,4.2,3.5,,,,,0.8562,-7,14,-1.0714,-0.3447,-0.0138,0,0,,,,-0.2935,,,,,,,,,,,
spelad,NO,2025,2025-09-12,18:00,Bodo/Glimt,Kristiansund,7,1,H,,,,,,,,,,,,,,,,,,,,0.8475,0.094,0.0586,1,,,,1.15,8.75,15.5,,,,,0.5312,0,13,2.5385,0.6802,-0.0446,0,0,,,,-0.0627,,,,,,,,,,,
spelad,NO,2025,2025-09-13,17:00,Brann,Valerenga,3,2,H,,,,,,,,,,,,,,,,,,,,0.6205,0.2008,0.1786,1,,,,1.55,4.8,5.75,,,,,-0.0376,-1,12,-1,-0.5332,-0.0922,0,0,,,,-0.0035,,,,,,,,,,,
spelad,NO,2025,2025-09-13,15:00,Molde,Fredrikstad,1,2,A,,,,,,,,,,,,,,,,,,,,0.5583,0.2445,0.1971,1,,,,1.83,3.9,4.5,,,,,0.0631,0,3,0,-0.2851,0.0617,0,0,,,,-0.1026,,,,,,,,,,,
spelad,NO,2025,2025-09-14,13:30,Bryne,Tromso,0,2,A,,,,,,,,,,,,,,,,,,,,0.2819,0.2786,0.4395,1,,,,4,3.45,2.05,,,,,-0.3873,1,,,,,0,0,,,,-0.0848,,,,,,,,,,,
spelad,NO,2025,2025-09-14,16:00,HamKam,Stromsgodset,1,2,A,,,,,,,,,,,,,,,,,,,,0.4262,0.2658,0.3081,1,,,,2.3,3.7,3,,,,,0.0614,0,7,0.8571,0.4562,0.165,0,0,,,,-0.0319,,,,,,,,,,,
spelad,NO,2025,2025-09-14,18:15,Haugesund,Rosenborg,0,3,A,,,,,,,,,,,,,,,,,,,,0.126,0.1797,0.6943,1,,,,7.5,5.25,1.4,,,,,0.2238,0,15,-0.8,0.0428,-0.0502,0,0,,,,0.052,,,,,,,,,,,
spelad,NO,2025,2025-09-14,16:02,KFUM Oslo,Viking,2,2,D,,,,,,,,,,,,,,,,,,,,0.3362,0.2766,0.3872,1,,,,2.9,3.5,2.45,,,,,0.0057,0,3,-3,-1.0491,-0.2482,0,0,,,,-0.0216,,,,,,,,,,,
spelad,NO,2025,2025-09-14,16:00,Sarpsborg 08,Sandefjord,2,1,H,,,,,,,,,,,,,,,,,,,,0.3999,0.2456,0.3545,1,,,,2.23,4,3,,,,,-0.7816,0,14,0.6429,-0.0014,-0.0352,0,0,,,,0.1046,,,,,,,,,,,
spelad,NO,2025,2025-09-20,13:00,Fredrikstad,Bryne,1,1,D,,,,,,,,,,,,,,,,,,,,0.5634,0.2439,0.1927,1,,,,1.8,3.8,5,,,,,1.1336,1,,,,,0,0,,,,-0.0716,,,,,,,,,,,
spelad,NO,2025,2025-09-20,15:00,Sandefjord,Brann,0,3,A,,,,,,,,,,,,,,,,,,,,0.2885,0.2423,0.4692,1,,,,3.35,4,2.08,,,,,-0.8871,-1,11,-1.3636,-0.2925,0.3174,0,0,,,,0.0037,,,,,,,,,,,
spelad,NO,2025,2025-09-20,17:00,Valerenga,KFUM Oslo,1,1,D,,,,,,,,,,,,,,,,,,,,0.417,0.2658,0.3172,1,,,,2.63,3.6,2.88,,,,,0.1464,1,,,,,0,0,,,,-0.1044,,,,,,,,,,,
spelad,NO,2025,2025-09-21,16:00,Kristiansund,Haugesund,2,0,H,,,,,,,,,,,,,,,,,,,,0.6856,0.1787,0.1358,1,,,,1.3,6.25,11,,,,,0.2505,2,14,-0.6429,-0.3034,0.0963,0,0,,,,0.1378,,,,,,,,,,,
spelad,NO,2025,2025-09-21,13:30,Rosenborg,Bodo/Glimt,1,1,D,,,,,,,,,,,,,,,,,,,,0.2796,0.2366,0.4838,1,,,,3.4,4,2.1,,,,,-0.5844,-2,15,-0.4,-0.0765,0.0977,0,0,,,,0.0276,,,,,,,,,,,
spelad,NO,2025,2025-09-21,16:00,Stromsgodset,Sarpsborg 08,2,1,H,,,,,,,,,,,,,,,,,,,,0.3981,0.2437,0.3583,1,,,,2.32,3.9,3,,,,,0.8847,0,15,1.4,0.9253,-0.1204,0,0,,,,0.0768,,,,,,,,,,,
spelad,NO,2025,2025-09-21,16:00,Tromso,HamKam,1,0,H,,,,,,,,,,,,,,,,,,,,0.6852,0.188,0.1268,1,,,,1.36,5,10,,,,,0.02,0,7,2.1429,0.8708,0.0164,0,0,,,,0.0201,,,,,,,,,,,
spelad,NO,2025,2025-09-21,18:15,Viking,Molde,1,0,H,,,,,,,,,,,,,,,,,,,,0.5617,0.2161,0.2221,1,,,,1.68,4.4,4.5,,,,,0.3544,-1,13,-0.2308,0.2753,-0.0731,0,0,,,,-0.0052,,,,,,,,,,,
spelad,NO,2025,2025-09-27,17:00,Sarpsborg 08,Viking,3,3,D,,,,,,,,,,,,,,,,,,,,0.2544,0.2286,0.517,1,,,,3.9,4.2,1.83,,,,,-1.0526,0,14,-1.7143,-0.7883,-0.1017,0,0,,,,-0.0032,,,,,,,,,,,
spelad,NO,2025,2025-09-28,13:30,Brann,Fredrikstad,1,0,H,,,,,,,,,,,,,,,,,,,,0.6296,0.2103,0.16,1,,,,1.5,4.6,6.25,,,,,0.3279,0,3,-1,-0.7908,-0.2506,0,0,,,,-0.0123,,,,,,,,,,,
spelad,NO,2025,2025-09-28,16:00,Bryne,Kristiansund,2,0,H,,,,,,,,,,,,,,,,,,,,0.4564,0.268,0.2756,1,,,,2.2,3.65,3.3,,,,,-0.8276,1,,,,,0,0,,,,-0.0632,,,,,,,,,,,
spelad,NO,2025,2025-09-28,16:00,HamKam,Rosenborg,4,0,H,,,,,,,,,,,,,,,,,,,,0.2471,0.251,0.5019,1,,,,3.9,3.8,1.91,,,,,-0.071,0,7,-1.7143,-0.3717,-0.1014,0,0,,,,0.0225,,,,,,,,,,,
spelad,NO,2025,2025-09-28,18:15,Molde,Valerenga,4,1,H,,,,,,,,,,,,,,,,,,,,0.5278,0.2294,0.2427,1,,,,1.78,4.2,4.2,,,,,-0.5404,-1,14,1.5,0.514,-0.0284,0,0,,,,0.0175,,,,,,,,,,,
spelad,NO,2025,2025-09-28,16:00,Tromso,Stromsgodset,3,1,H,,,,,,,,,,,,,,,,,,,,0.6402,0.2168,0.143,1,,,,1.45,4.9,7,,,,,-0.6774,0,13,1.1538,0.5132,-0.0979,0,0,,,,0.0231,,,,,,,,,,,
spelad,NO,2025,2025-09-29,18:00,Haugesund,Sandefjord,2,3,A,,,,,,,,,,,,,,,,,,,,0.1626,0.1976,0.6398,1,,,,7.5,5.33,1.44,,,,,0.3236,-1,14,0.6429,0.2101,-0.05,0,0,,,,-0.069,,,,,,,,,,,
spelad,NO,2025,2025-10-01,18:00,KFUM Oslo,Fredrikstad,2,1,H,,,,,,,,,,,,,,,,,,,,0.5017,0.2831,0.2152,1,,,,1.85,3.55,4.5,,,,,0.0357,7,3,-2,-0.7947,0.0216,0,0,,,,0.01,,,,,,,,,,,
spelad,NO,2025,2025-10-04,17:00,Kristiansund,Molde,2,1,H,,,,,,,,,,,,,,,,,,,,0.2836,0.2492,0.4672,1,,,,3.33,3.75,2.08,,,,,0.0701,0,14,-0.4286,0.4505,-0.068,0,0,,,,0.0227,,,,,,,,,,,
spelad,NO,2025,2025-10-04,15:00,Sandefjord,Bryne,1,0,H,,,,,,,,,,,,,,,,,,,,0.5312,0.2341,0.2347,1,,,,1.79,4.1,4.75,,,,,-0.0565,-1,,,,,0,0,,,,0.0492,,,,,,,,,,,
spelad,NO,2025,2025-10-04,13:00,Valerenga,Tromso,1,0,H,,,,,,,,,,,,,,,,,,,,0.3249,0.2631,0.412,1,,,,2.9,3.6,2.35,,,,,0.0777,0,11,0,-0.1689,0.2011,0,0,,,,0.0013,,,,,,,,,,,
spelad,NO,2025,2025-10-05,16:00,Bodo/Glimt,Haugesund,2,0,H,,,,,,,,,,,,,,,,,,,,0.9301,0.0434,0.0265,1,,,,1.03,21,51,,,,,0.3914,7,15,1.4,0.0704,0.06,0,0,,,,-0.0274,,,,,,,,,,,
spelad,NO,2025,2025-10-05,16:00,Fredrikstad,HamKam,1,1,D,,,,,,,,,,,,,,,,,,,,0.4735,0.2604,0.2661,1,,,,1.98,3.7,4,,,,,-0.0358,-3,3,2,0.812,0.0446,0,0,,,,0.0262,,,,,,,,,,,
spelad,NO,2025,2025-10-05,18:15,Rosenborg,Sarpsborg 08,2,3,A,,,,,,,,,,,,,,,,,,,,0.5744,0.214,0.2116,1,,,,1.78,4.3,4.3,,,,,0.4119,-1,15,-0.2,-0.3319,0.0077,0,0,,,,-0.0818,,,,,,,,,,,
spelad,NO,2025,2025-10-05,16:00,Stromsgodset,KFUM Oslo,1,1,D,,,,,,,,,,,,,,,,,,,,0.2787,0.2756,0.4457,1,,,,3.5,3.5,2.12,,,,,0.6624,3,3,1,0.7343,-0.2741,0,0,,,,0.0054,,,,,,,,,,,
spelad,NO,2025,2025-10-05,13:30,Viking,Brann,3,0,H,,,,,,,,,,,,,,,,,,,,0.4364,0.2491,0.3145,1,,,,2.15,3.85,3.2,,,,,-0.5463,1,11,1.3636,0.8801,-0.0621,0,0,,,,0.0132,,,,,,,,,,,
spelad,NO,2025,2025-10-18,17:00,Brann,Haugesund,4,1,H,,,,,,,,,,,,,,,,,,,,0.8686,0.082,0.0495,1,,,,1.11,10,23,,,,,0.4518,0,14,0.8571,0.1261,0.0336,0,0,,,,-0.047,,,,,,,,,,,
spelad,NO,2025,2025-10-18,15:00,Bryne,Rosenborg,2,2,D,,,,,,,,,,,,,,,,,,,,0.2976,0.2505,0.4519,1,,,,3.3,3.5,2.2,,,,,0.0424,1,,,,,0,0,,,,0.0128,,,,,,,,,,,
spelad,NO,2025,2025-10-18,13:00,Sarpsborg 08,Bodo/Glimt,2,5,A,,,,,,,,,,,,,,,,,,,,0.1263,0.1596,0.7141,1,,,,7.5,5.5,1.4,,,,,-0.2558,0,15,-1.8,-0.4531,0.0467,0,0,,,,0.0783,,,,,,,,,,,
spelad,NO,2025,2025-10-19,16:00,HamKam,Valerenga,2,1,H,,,,,,,,,,,,,,,,,,,,0.4137,0.2548,0.3315,1,,,,2.4,3.75,2.8,,,,,-0.5262,-1,5,-1.2,-0.2557,0.3585,0,0,,,,-0.0489,,,,,,,,,,,
spelad,NO,2025,2025-10-19,16:00,KFUM Oslo,Kristiansund,1,1,D,,,,,,,,,,,,,,,,,,,,0.6104,0.2227,0.1669,1,,,,1.62,4,5.5,,,,,-0.6557,-1,3,0,-0.2104,0.0577,0,0,,,,-0.0547,,,,,,,,,,,
spelad,NO,2025,2025-10-19,16:00,Molde,Sandefjord,1,3,A,,,,,,,,,,,,,,,,,,,,0.5524,0.2253,0.2222,1,,,,1.85,4.1,3.8,,,,,0.1164,0,13,0.4615,-0.4741,-0.1143,0,0,,,,-0.1048,,,,,,,,,,,
spelad,NO,2025,2025-10-19,18:15,Stromsgodset,Fredrikstad,0,3,A,,,,,,,,,,,,,,,,,,,,0.419,0.2667,0.3143,1,,,,2.38,3.55,3,,,,,0.7537,0,3,-1,-0.1126,-0.272,0,0,,,,-0.0371,,,,,,,,,,,
spelad,NO,2025,2025-10-19,13:30,Tromso,Viking,1,3,A,,,,,,,,,,,,,,,,,,,,0.4031,0.2733,0.3236,1,,,,2.33,3.55,3.2,,,,,-0.4423,1,12,-0.25,-0.0731,0.168,0,0,,,,0.0232,,,,,,,,,,,
spelad,NO,2025,2025-10-25,17:00,Sarpsborg 08,KFUM Oslo,2,1,H,,,,,,,,,,,,,,,,,,,,0.3232,0.2796,0.3972,1,,,,2.75,3.5,2.55,,,,,0.4877,1,3,1,0.5864,-0.279,0,0,,,,0.0603,,,,,,,,,,,
spelad,NO,2025,2025-10-25,15:00,Viking,Bryne,5,1,H,,,,,,,,,,,,,,,,,,,,0.6884,0.1827,0.1289,1,,,,1.33,5.75,9.5,,,,,1.3182,-1,,,,,0,0,,,,0.0868,,,,,,,,,,,
spelad,NO,2025,2025-10-26,16:00,Bodo/Glimt,Molde,4,1,H,,,,,,,,,,,,,,,,,,,,0.7144,0.1624,0.1232,1,,,,1.33,6.33,8.5,,,,,0.9169,1,15,-0.2,-0.107,0.0252,0,0,,,,0.0155,,,,,,,,,,,
spelad,NO,2025,2025-10-26,16:00,Haugesund,Tromso,2,3,A,,,,,,,,,,,,,,,,,,,,0.1009,0.1675,0.7317,1,,,,10,5.33,1.33,,,,,0.1639,1,14,0.4286,0.4376,-0.1222,0,0,,,,0.0185,,,,,,,,,,,
spelad,NO,2025,2025-10-26,16:00,Kristiansund,HamKam,1,3,A,,,,,,,,,,,,,,,,,,,,0.426,0.2622,0.3118,1,,,,2.3,3.7,3,,,,,0.2446,0,5,-0.6,-0.1377,0.133,0,0,,,,-0.0436,,,,,,,,,,,
spelad,NO,2025,2025-10-26,13:30,Rosenborg,Brann,2,3,A,,,,,,,,,,,,,,,,,,,,0.369,0.2562,0.3748,1,,,,2.6,3.7,2.65,,,,,-1.1408,0,13,-0.4615,-0.2544,-0.0173,0,0,,,,0.0182,,,,,,,,,,,
spelad,NO,2025,2025-10-26,16:00,Sandefjord,Fredrikstad,0,0,D,,,,,,,,,,,,,,,,,,,,0.4943,0.2421,0.2635,1,,,,1.9,4,3.85,,,,,-0.0468,0,3,-3,-1.0294,-0.2725,0,0,,,,0.0221,,,,,,,,,,,
spelad,NO,2025,2025-10-26,18:15,Valerenga,Stromsgodset,2,1,H,,,,,,,,,,,,,,,,,,,,0.5284,0.2509,0.2207,1,,,,1.53,4.9,5.25,,,,,-0.1413,0,13,0.4615,0.0561,-0.1721,0,0,,,,0.2034,,,,,,,,,,,
spelad,NO,2025,2025-10-29,18:00,Brann,Bodo/Glimt,1,2,A,,,,,,,,,,,,,,,,,,,,0.2427,0.2317,0.5256,0,,,,4,4.1,1.81,,,,,0.3902,0,13,-0.2308,0.107,0.0735,0,0,,,,,,,,,,,,,,,
spelad,NO,2025,2025-10-29,20:00,Rosenborg,Sandefjord,1,1,D,,,,,,,,,,,,,,,,,,,,0.4845,0.2423,0.2732,0,,,,1.95,4,3.55,,,,,-0.8449,0,13,1.3846,0.1334,0.0099,0,0,,,,,,,,,,,,,,,
spelad,NO,2025,2025-11-01,17:00,Molde,Rosenborg,4,2,H,,,,,,,,,,,,,,,,,,,,0.5061,0.2437,0.2503,0,,,,1.88,4,4,,,,,0.0705,3,15,0.2,-0.0234,0.0237,0,0,,,,,,,,,,,,,,,
spelad,NO,2025,2025-11-01,15:00,Valerenga,Bodo/Glimt,3,1,H,,,,,,,,,,,,,,,,,,,,0.1755,0.1945,0.63,0,,,,6,5,1.5,,,,,-0.3305,3,13,-1.6154,-0.4351,0.0865,0,0,,,,,,,,,,,,,,,
spelad,NO,2025,2025-11-02,16:00,Bryne,Brann,2,1,H,,,,,,,,,,,,,,,,,,,,0.243,0.2565,0.5005,0,,,,4.1,3.8,1.91,,,,,-0.6058,4,,,,,0,0,,,,,,,,,,,,,,,
spelad,NO,2025,2025-11-02,16:00,Fredrikstad,Kristiansund,3,1,H,,,,,,,,,,,,,,,,,,,,0.5556,0.2294,0.215,0,,,,1.69,4.25,4.75,,,,,-0.3901,0,3,0,-0.4749,0.0753,0,0,,,,,,,,,,,,,,,
spelad,NO,2025,2025-11-02,16:00,HamKam,Sandefjord,3,1,H,,,,,,,,,,,,,,,,,,,,0.3735,0.2648,0.3617,0,,,,2.55,3.65,2.63,,,,,0.2232,3,7,1.7143,0.9421,-0.1138,0,0,,,,,,,,,,,,,,,
spelad,NO,2025,2025-11-02,16:00,KFUM Oslo,Haugesund,1,4,A,,,,,,,,,,,,,,,,,,,,0.7445,0.1676,0.0879,0,,,,1.26,5.8,11,,,,,-0.2017,1,3,2,0.6917,0.0565,0,0,,,,,,,,,,,,,,,
spelad,NO,2025,2025-11-02,13:30,Stromsgodset,Viking,1,2,A,,,,,,,,,,,,,,,,,,,,0.1461,0.176,0.6779,0,,,,6.66,5.75,1.4,,,,,-0.5289,-1,13,-0.9231,-0.2152,0.1597,0,0,,,,,,,,,,,,,,,
spelad,NO,2025,2025-11-02,18:15,Tromso,Sarpsborg 08,4,0,H,,,,,,,,,,,,,,,,,,,,0.6411,0.2029,0.156,0,,,,1.47,4.75,7,,,,,-0.3153,-1,13,-0.4615,0.0191,-0.1859,0,0,,,,,,,,,,,,,,,
spelad,NO,2025,2025-11-08,13:00,Sarpsborg 08,Fredrikstad,0,2,A,,,,,,,,,,,,,,,,,,,,0.4222,0.2615,0.3163,0,,,,2.25,3.8,3.1,,,,,0.3509,0,3,-1,-0.6141,0.3925,0,0,,,,,,,,,,,,,,,
spelad,NO,2025,2025-11-08,17:00,Viking,HamKam,3,0,H,,,,,,,,,,,,,,,,,,,,0.7495,0.1509,0.0997,0,,,,1.29,6.5,10,,,,,0.2882,0,7,1.2857,0.2519,0.0515,0,0,,,,,,,,,,,,,,,
spelad,NO,2025,2025-11-09,16:00,Bodo/Glimt,Bryne,5,0,H,,,,,,,,,,,,,,,,,,,,0.8492,0.1,0.0509,0,,,,1.11,11,26,,,,,0.1665,1,,,,,0,0,,,,,,,,,,,,,,,
spelad,NO,2025,2025-11-09,16:00,Brann,KFUM Oslo,1,1,D,,,,,,,,,,,,,,,,,,,,0.5621,0.2458,0.1921,0,,,,1.7,3.9,5.33,,,,,0.8747,0,3,0,-0.4195,0.0809,0,0,,,,,,,,,,,,,,,
spelad,NO,2025,2025-11-09,18:15,Haugesund,Molde,0,2,A,,,,,,,,,,,,,,,,,,,,0.1241,0.1814,0.6944,0,,,,8.5,5.5,1.36,,,,,0.8261,-1,15,-3,-0.7809,-0.2171,0,0,,,,,,,,,,,,,,,
spelad,NO,2025,2025-11-09,16:00,Kristiansund,Stromsgodset,2,1,H,,,,,,,,,,,,,,,,,,,,0.5254,0.2345,0.2401,0,,,,1.79,4.1,4.1,,,,,-0.2719,0,13,0.9231,0.6329,-0.0209,0,0,,,,,,,,,,,,,,,
spelad,NO,2025,2025-11-09,13:30,Rosenborg,Valerenga,1,0,H,,,,,,,,,,,,,,,,,,,,0.45,0.2384,0.3116,0,,,,2.15,4,3.1,,,,,-1.1878,0,13,1.1538,0.3894,0.0504,0,0,,,,,,,,,,,,,,,
spelad,NO,2025,2025-11-09,16:00,Sandefjord,Tromso,1,0,H,,,,,,,,,,,,,,,,,,,,0.2841,0.2676,0.4482,0,,,,3.6,3.6,2.18,,,,,-0.3981,0,11,-0.5455,0.1005,0.0284,0,0,,,,,,,,,,,,,,,
spelad,NO,2025,2025-11-21,18:00,KFUM Oslo,Bodo/Glimt,1,2,A,,,,,,,,,,,,,,,,,,,,0.1362,0.1918,0.672,0,,,,8,5,1.42,,,,,-0.6683,0,3,-1,0.0762,0.4823,0,0,,,,,,,,,,,,,,,
spelad,NO,2025,2025-11-22,17:00,Molde,Brann,4,0,H,,,,,,,,,,,,,,,,,,,,0.3127,0.2597,0.4276,0,,,,3.2,3.7,2.28,,,,,-0.3809,0,13,1.6154,0.721,-0.0911,0,0,,,,,,,,,,,,,,,
spelad,NO,2025,2025-11-22,17:00,Stromsgodset,Sandefjord,2,6,A,,,,,,,,,,,,,,,,,,,,0.3458,0.2475,0.4067,0,,,,2.8,3.85,2.38,,,,,-0.5237,0,13,-0.6923,-0.6341,0.063,0,0,,,,,,,,,,,,,,,
spelad,NO,2025,2025-11-22,13:00,Tromso,Rosenborg,1,0,H,,,,,,,,,,,,,,,,,,,,0.6361,0.2087,0.1553,0,,,,1.52,4.75,6.5,,,,,0.7446,0,13,-0.6923,0.0584,-0.2614,0,0,,,,,,,,,,,,,,,
spelad,NO,2025,2025-11-22,15:00,Valerenga,Kristiansund,3,3,D,,,,,,,,,,,,,,,,,,,,0.5642,0.2254,0.2104,0,,,,1.68,4.2,4.6,,,,,0.0275,0,13,-0.4615,-0.6287,-0.0074,0,0,,,,,,,,,,,,,,,
spelad,NO,2025,2025-11-23,13:30,Bryne,Sarpsborg 08,0,3,A,,,,,,,,,,,,,,,,,,,,0.42,0.2606,0.3194,0,,,,2.3,3.75,3,,,,,-0.1101,-1,,,,,0,0,,,,,,,,,,,,,,,
spelad,NO,2025,2025-11-23,18:15,Fredrikstad,Viking,0,1,A,,,,,,,,,,,,,,,,,,,,0.1681,0.2126,0.6193,0,,,,5.75,4.75,1.55,,,,,-0.4756,0,3,0,0.2779,0.0892,0,0,,,,,,,,,,,,,,,
spelad,NO,2025,2025-11-23,13:30,HamKam,Haugesund,5,0,H,,,,,,,,,,,,,,,,,,,,0.6838,0.1865,0.1297,0,,,,1.38,5.33,8.6,,,,,0.6182,1,7,0.4286,0.1761,0.011,0,0,,,,,,,,,,,,,,,
spelad,NO,2025,2025-11-30,16:00,Bodo/Glimt,Fredrikstad,5,0,H,,,,,,,,,,,,,,,,,,,,0.8501,0.0976,0.0522,0,,,,1.12,11,21,,,,,-0.0639,2,3,2,0.2086,0.1238,0,0,,,,,,,,,,,,,,,
spelad,NO,2025,2025-11-30,16:00,Brann,HamKam,3,1,H,,,,,,,,,,,,,,,,,,,,0.733,0.1601,0.1069,0,,,,1.29,6.25,10.25,,,,,-1.2708,1,5,2.4,0.5641,-0.0065,0,0,,,,,,,,,,,,,,,
spelad,NO,2025,2025-11-30,16:00,Haugesund,Bryne,1,4,A,,,,,,,,,,,,,,,,,,,,0.2793,0.2505,0.4702,0,,,,3.45,3.9,2,,,,,-0.0984,0,,,,,0,0,,,,,,,,,,,,,,,
spelad,NO,2025,2025-11-30,16:00,Kristiansund,Tromso,1,3,A,,,,,,,,,,,,,,,,,,,,0.1345,0.1958,0.6697,0,,,,7.25,5.33,1.43,,,,,0.1682,0,11,0.5455,0.3978,0.1993,0,0,,,,,,,,,,,,,,,
spelad,NO,2025,2025-11-30,16:00,Rosenborg,Stromsgodset,6,0,H,,,,,,,,,,,,,,,,,,,,0.6647,0.1773,0.1579,0,,,,1.45,5.75,6.5,,,,,-0.2663,0,15,0.6,-0.1555,0.0325,0,0,,,,,,,,,,,,,,,
spelad,NO,2025,2025-11-30,16:00,Sandefjord,KFUM Oslo,2,0,H,,,,,,,,,,,,,,,,,,,,0.4796,0.2496,0.2708,0,,,,1.98,4.1,3.5,,,,,1.3007,-1,3,0,0.0018,0.0486,0,0,,,,,,,,,,,,,,,
spelad,NO,2025,2025-11-30,16:00,Sarpsborg 08,Molde,1,0,H,,,,,,,,,,,,,,,,,,,,0.393,0.2405,0.3665,0,,,,2.4,4,2.63,,,,,0.2026,-1,15,-0.6,0.1807,0.0472,0,0,,,,,,,,,,,,,,,
spelad,NO,2025,2025-11-30,16:00,Viking,Valerenga,5,1,H,,,,,,,,,,,,,,,,,,,,0.7607,0.1416,0.0977,0,,,,1.25,7.5,11,,,,,0.7749,-1,11,-0.2727,-0.0565,0.1193,0,0,,,,,,,,,,,,,,,
spelad,NO,2026,2026-03-14,15:00,HamKam,Viking,2,1,H,,,,,,,,,,,,,,,,,,,,0.2012,0.247,0.5518,0,,,,5,3.9,1.75,,,,,0.0793,,8,-1.5,-0.3217,0.0262,0,0,,,,,,,,,,,,,,,
spelad,NO,2026,2026-03-14,17:00,Molde,Rosenborg,2,0,H,,,,,,,,,,,,,,,,,,,,0.5066,0.2526,0.2407,0,,,,1.88,3.8,4,,,,,0.4486,,16,0.375,0.0555,0.007,0,0,,,,,,,,,,,,,,,
spelad,NO,2026,2026-03-15,16:00,Aalesund,Lillestrom,1,3,A,,,,,,,,,,,,,,,,,,,,0.3104,0.2547,0.4349,0,,,,3.35,3.75,2.2,,,,,0.8451,,4,-0.75,0.2156,0.0218,0,0,,,,,,,,,,,,,,,
spelad,NO,2026,2026-03-15,16:00,KFUM Oslo,Start,2,0,H,,,,,,,,,,,,,,,,,,,,0.474,0.2821,0.2439,0,,,,2,3.4,4.2,,,,,-0.6529,,,,,,-1,0,,,,,,,,,,,,,,,
spelad,NO,2026,2026-03-15,13:30,Kristiansund,Brann,3,2,H,,,,,,,,,,,,,,,,,,,,0.1721,0.225,0.6029,0,,,,5.8,4.2,1.6,,,,,0.4016,,12,-0.5,0.1112,0.1067,0,0,,,,,,,,,,,,,,,
spelad,NO,2026,2026-03-15,18:15,Tromso,Fredrikstad,4,0,H,,,,,,,,,,,,,,,,,,,,0.5565,0.2602,0.1833,0,,,,1.75,3.75,5.25,,,,,-0.3266,,4,1.5,0.5901,0.2189,0,0,,,,,,,,,,,,,,,
spelad,NO,2026,2026-03-15,16:00,Valerenga,Sandefjord,1,0,H,,,,,,,,,,,,,,,,,,,,0.4903,0.2432,0.2664,0,,,,1.94,4,3.6,,,,,-0.6744,,12,1.25,0.2699,-0.1532,0,0,,,,,,,,,,,,,,,
spelad,NO,2026,2026-03-21,15:00,Start,Aalesund,1,1,D,,,,,,,,,,,,,,,,,,,,0.4136,0.277,0.3095,0,,,,2.33,3.5,3.1,,,,,-0.0053,0,,,,,0,0,,,,,,,,,,,,,,,
spelad,NO,2026,2026-03-21,17:00,Viking,Molde,4,1,H,,,,,,,,,,,,,,,,,,,,0.5595,0.2436,0.1969,0,,,,1.68,4,5,,,,,0.6683,0,14,0,0.3341,-0.0833,0,0,,,,,,,,,,,,,,,
spelad,NO,2026,2026-03-22,16:00,Brann,Tromso,1,2,A,,,,,,,,,,,,,,,,,,,,0.4896,0.2676,0.2429,0,,,,1.93,3.6,4,,,,,-0.5399,0,12,1,0.2272,-0.0849,0,0,,,,,,,,,,,,,,,
spelad,NO,2026,2026-03-22,16:00,Fredrikstad,KFUM Oslo,3,1,H,,,,,,,,,,,,,,,,,,,,0.4124,0.2877,0.2999,0,,,,2.33,3.3,3.2,,,,,0.9896,0,4,0.75,0.3477,-0.0546,0,0,,,,,,,,,,,,,,,
spelad,NO,2026,2026-03-22,13:30,Rosenborg,Valerenga,0,2,A,,,,,,,,,,,,,,,,,,,,0.4301,0.26,0.3099,0,,,,2.2,3.65,3.2,,,,,-0.7231,1,14,1.2857,0.4624,0.0298,0,0,,,,,,,,,,,,,,,
spelad,NO,2026,2026-03-22,16:00,Sandefjord,Sarpsborg 08,0,2,A,,,,,,,,,,,,,,,,,,,,0.4553,0.2401,0.3045,0,,,,2.05,4,3.1,,,,,-0.1102,,14,-0.6429,-0.0102,-0.0364,0,0,,,,,,,,,,,,,,,
spelad,NO,2026,2026-04-06,16:00,HamKam,Brann,1,5,A,,,,,,,,,,,,,,,,,,,,0.2377,0.2513,0.511,0,,,,4.2,3.85,1.98,,,,,1.6932,7,6,-2.5,-0.5449,-0.0321,0,0,,,,,,,,,,,,,,,
spelad,NO,2026,2026-04-06,16:00,Kristiansund,Bodo/Glimt,0,3,A,,,,,,,,,,,,,,,,,,,,0.094,0.1396,0.7664,0,,,,11,7.25,1.24,,,,,0.0739,,14,-2.5714,-0.6095,-0.0481,0,0,,,,,,,,,,,,,,,
spelad,NO,2026,2026-04-06,16:00,Molde,Lillestrom,0,1,A,,,,,,,,,,,,,,,,,,,,0.4347,0.2479,0.3174,0,,,,2.2,3.8,3.1,,,,,0.6065,-6,12,1.25,0.1759,0.0148,-1,0,,,,,,,,,,,,,,,
spelad,NO,2026,2026-04-06,16:00,Sarpsborg 08,Start,1,1,D,,,,,,,,,,,,,,,,,,,,0.5267,0.2425,0.2308,0,,,,1.8,4,4.35,,,,,1.2081,-1,4,0,-0.2214,-0.2605,-1,0,,,,,,,,,,,,,,,
spelad,NO,2026,2026-04-06,18:15,Tromso,Rosenborg,2,0,H,,,,,,,,,,,,,,,,,,,,0.5913,0.2393,0.1694,0,,,,1.62,4,6,,,,,0.8977,0,14,-0.4286,0.1173,-0.2577,0,0,,,,,,,,,,,,,,,
spelad,NO,2026,2026-04-06,13:30,Valerenga,Viking,0,1,A,,,,,,,,,,,,,,,,,,,,0.3241,0.2493,0.4266,0,,,,2.95,3.9,2.2,,,,,-0.2271,-1,12,0,-0.0939,0.0976,0,0,,,,,,,,,,,,,,,
spelad,NO,2026,2026-04-07,18:00,Aalesund,Fredrikstad,2,3,A,,,,,,,,,,,,,,,,,,,,0.3926,0.2644,0.343,0,,,,2.43,3.75,2.85,,,,,-1.0232,1,,,,,1,0,,,,,,,,,,,,,,,
spelad,NO,2026,2026-04-07,18:00,KFUM Oslo,Sandefjord,1,2,A,,,,,,,,,,,,,,,,,,,,0.427,0.2697,0.3034,0,,,,2.25,3.5,3.25,,,,,-0.7801,0,4,-0.75,-0.3033,-0.026,0,0,,,,,,,,,,,,,,,
spelad,NO,2026,2026-04-11,13:00,Lillestrom,Start,3,1,H,,,,,,,,,,,,,,,,,,,,0.6508,0.1961,0.1532,0,,,,1.5,5,6.75,,,,,0.5297,0,3,-1,-0.3427,-0.2854,0,0,,,,,,,,,,,,,,,
spelad,NO,2026,2026-04-11,15:00,Tromso,Kristiansund,2,0,H,,,,,,,,,,,,,,,,,,,,0.735,0.1701,0.0948,0,,,,1.36,6,13,,,,,0.6507,0,12,-0.25,-0.4812,0.1664,0,0,,,,,,,,,,,,,,,
spelad,NO,2026,2026-04-11,17:00,Viking,Bodo/Glimt,5,0,H,,,,,,,,,,,,,,,,,,,,0.3113,0.2319,0.4568,0,,,,3.2,4.2,2.1,,,,,0.2172,0,14,-1.2857,-0.1485,-0.0651,0,0,,,,,,,,,,,,,,,
spelad,NO,2026,2026-04-12,16:00,Aalesund,KFUM Oslo,2,2,D,,,,,,,,,,,,,,,,,,,,0.3658,0.2741,0.3601,0,,,,2.7,3.5,2.7,,,,,-0.055,0,,,,,1,0,,,,,,,,,,,,,,,
spelad,NO,2026,2026-04-12,18:15,Brann,Sandefjord,0,1,A,,,,,,,,,,,,,,,,,,,,0.6038,0.2201,0.1761,0,,,,1.55,4.33,5.66,,,,,-1.1987,1,12,1.5,0.0897,0.2708,0,0,,,,,,,,,,,,,,,
spelad,NO,2026,2026-04-12,16:00,Fredrikstad,Valerenga,1,1,D,,,,,,,,,,,,,,,,,,,,0.3583,0.2643,0.3774,0,,,,2.71,3.6,2.63,,,,,0.1837,-1,,,,,0,0,,,,,,,,,,,,,,,
spelad,NO,2026,2026-04-12,16:00,Molde,HamKam,4,1,H,,,,,,,,,,,,,,,,,,,,0.6266,0.2118,0.1616,0,,,,1.52,4.5,6.4,,,,,-0.6491,0,8,1.5,0.036,0.0489,0,0,,,,,,,,,,,,,,,
spelad,NO,2026,2026-04-12,13:30,Rosenborg,Sarpsborg 08,2,1,H,,,,,,,,,,,,,,,,,,,,0.4152,0.2652,0.3197,0,,,,2.3,3.6,3.1,,,,,-0.8495,0,15,-0.2,-0.3624,0.0132,0,0,,,,,,,,,,,,,,,
spelad,NO,2026,2026-04-15,18:00,Sarpsborg 08,Bodo/Glimt,1,1,D,,,,,,,,,,,,,,,,,,,,0.1634,0.1865,0.6501,0,,,,6.25,5.33,1.46,,,,,0.307,-1,16,-1.875,-0.4585,0.0338,0,0,,,,,,,,,,,,,,,
spelad,NO,2026,2026-04-15,18:00,Tromso,Lillestrom,0,0,D,,,,,,,,,,,,,,,,,,,,0.5123,0.2513,0.2364,0,,,,1.85,3.75,4.2,,,,,0.616,0,12,-0.25,-0.0056,-0.0224,-1,0,,,,,,,,,,,,,,,
spelad,NO,2026,2026-04-18,13:00,Bodo/Glimt,Aalesund,3,0,H,,,,,,,,,,,,,,,,,,,,0.8313,0.1073,0.0614,0,,,,1.13,9.75,19,,,,,0.6428,-3,6,3,0.7097,-0.166,-1,0,,,,,,,,,,,,,,,
spelad,NO,2026,2026-04-18,15:00,Sandefjord,Rosenborg,0,0,D,,,,,,,,,,,,,,,,,,,,0.4628,0.2552,0.282,0,,,,2.05,3.75,3.4,,,,,0.7512,0,14,-1.2857,-0.1375,0.0633,0,0,,,,,,,,,,,,,,,
spelad,NO,2026,2026-04-18,17:00,Viking,Brann,3,2,H,,,,,,,,,,,,,,,,,,,,0.5426,0.2287,0.2287,0,,,,1.73,4.33,4.2,,,,,1.6944,1,12,1.5,0.9269,-0.0777,0,0,,,,,,,,,,,,,,,
spelad,NO,2026,2026-04-19,16:00,HamKam,KFUM Oslo,4,0,H,,,,,,,,,,,,,,,,,,,,0.3365,0.274,0.3895,0,,,,2.88,3.5,2.45,,,,,1.1773,0,4,-0.75,-0.4326,0.4686,0,0,,,,,,,,,,,,,,,
spelad,NO,2026,2026-04-19,16:00,Kristiansund,Fredrikstad,2,0,H,,,,,,,,,,,,,,,,,,,,0.3194,0.2619,0.4186,0,,,,3,3.6,2.25,,,,,-0.5317,1,4,-0.75,0.0811,-0.0009,0,0,,,,,,,,,,,,,,,
spelad,NO,2026,2026-04-19,16:00,Sarpsborg 08,Tromso,0,1,A,,,,,,,,,,,,,,,,,,,,0.2955,0.2703,0.4342,0,,,,3.3,3.6,2.2,,,,,-0.3347,0,14,0.2143,0.107,-0.1871,0,0,,,,,,,,,,,,,,,
spelad,NO,2026,2026-04-19,18:15,Start,Molde,1,1,D,,,,,,,,,,,,,,,,,,,,0.271,0.258,0.471,0,,,,3.6,3.75,2.2,,,,,-0.8884,1,4,-3,-0.6677,-0.2093,1,0,,,,,,,,,,,,,,,
spelad,NO,2026,2026-04-19,13:30,Valerenga,Lillestrom,0,2,A,,,,,,,,,,,,,,,,,,,,0.3829,0.2581,0.359,0,,,,2.5,3.75,2.7,,,,,0.1829,3,10,-0.3,-0.2552,0.0397,-1,0,,,,,,,,,,,,,,,
spelad,NO,2026,2026-04-25,15:00,Fredrikstad,Viking,1,2,A,,,,,,,,,,,,,,,,,,,,0.1987,0.229,0.5724,0,,,,5,4.2,1.67,,,,,-0.5497,-1,4,-0.75,0.0292,0.0138,0,0,,,,,,,,,,,,,,,
spelad,NO,2026,2026-04-25,17:00,Rosenborg,Brann,1,1,D,,,,,,,,,,,,,,,,,,,,0.3689,0.2652,0.3659,0,,,,2.65,3.75,2.6,,,,,0.877,0,14,-0.6429,-0.3336,-0.0344,0,0,,,,,,,,,,,,,,,
spelad,NO,2026,2026-04-26,16:00,Aalesund,Kristiansund,1,1,D,,,,,,,,,,,,,,,,,,,,0.5125,0.2376,0.2499,0,,,,1.87,4.2,3.95,,,,,-1.0472,1,4,-1.5,-0.4074,-0.2567,1,0,,,,,,,,,,,,,,,
spelad,NO,2026,2026-04-26,16:00,HamKam,Start,2,1,H,,,,,,,,,,,,,,,,,,,,0.4714,0.2643,0.2643,0,,,,2.02,3.6,3.65,,,,,1.0811,0,,,,,-1,0,,,,,,,,,,,,,,,
spelad,NO,2026,2026-04-26,16:00,KFUM Oslo,Sarpsborg 08,1,0,H,,,,,,,,,,,,,,,,,,,,0.4104,0.2592,0.3304,0,,,,2.3,3.75,2.85,,,,,-0.6904,0,4,-1.5,-0.5984,-0.2791,0,0,,,,,,,,,,,,,,,
spelad,NO,2026,2026-04-26,18:15,Lillestrom,Bodo/Glimt,0,2,A,,,,,,,,,,,,,,,,,,,,0.2735,0.2285,0.498,0,,,,3.5,4.5,1.92,,,,,0.7115,-1,11,-2.1818,-0.7133,0.0437,1,0,,,,,,,,,,,,,,,
spelad,NO,2026,2026-04-26,13:30,Molde,Valerenga,5,1,H,,,,,,,,,,,,,,,,,,,,0.4619,0.2541,0.284,0,,,,2.05,3.7,3.4,,,,,0.3414,0,13,1.6154,0.5159,-0.0847,0,0,,,,,,,,,,,,,,,
spelad,NO,2026,2026-04-26,16:00,Tromso,Sandefjord,3,1,H,,,,,,,,,,,,,,,,,,,,0.5945,0.2277,0.1778,0,,,,1.6,4.2,5.66,,,,,0.1874,-1,11,0,-0.3447,0.0226,0,0,,,,,,,,,,,,,,,
spelad,NO,2026,2026-04-29,18:00,Tromso,Brann,0,5,A,,,,,,,,,,,,,,,,,,,,0.4764,0.2584,0.2651,0,,,,2,3.65,3.6,,,,,1.7342,-1,13,-0.6923,0.0227,-0.0989,0,0,,,,,,,,,,,,,,,
spelad,NO,2026,2026-04-30,18:00,Bodo/Glimt,Start,5,0,H,,,,,,,,,,,,,,,,,,,,0.8339,0.1078,0.0583,0,,,,1.14,9,19,,,,,0.7084,0,4,-0.75,-0.916,0.032,-1,0,,,,,,,,,,,,,,,
spelad,NO,2026,2026-05-01,17:00,Viking,Rosenborg,3,0,H,,,,,,,,,,,,,,,,,,,,0.6651,0.1912,0.1436,0,,,,1.41,5.25,7,,,,,1.0357,0,14,-0.6429,-0.2429,-0.0193,0,0,,,,,,,,,,,,,,,
spelad,NO,2026,2026-05-02,17:00,Brann,Fredrikstad,3,1,H,,,,,,,,,,,,,,,,,,,,0.6408,0.2055,0.1537,0,,,,1.47,4.75,6.5,,,,,-0.2494,-4,4,0,-0.3679,-0.2405,0,0,,,,,,,,,,,,,,,
spelad,NO,2026,2026-05-03,16:00,Kristiansund,HamKam,1,1,D,,,,,,,,,,,,,,,,,,,,0.3696,0.268,0.3623,0,,,,2.63,3.6,2.63,,,,,0.0688,0,6,-1,-0.3714,0.0672,0,0,,,,,,,,,,,,,,,
spelad,NO,2026,2026-05-03,13:30,Lillestrom,Sarpsborg 08,4,0,H,,,,,,,,,,,,,,,,,,,,0.5353,0.2288,0.2359,0,,,,1.78,4.25,4.25,,,,,0.2317,0,11,-0.8182,-0.3561,-0.0806,1,0,,,,,,,,,,,,,,,
spelad,NO,2026,2026-05-03,16:00,Sandefjord,Aalesund,1,0,H,,,,,,,,,,,,,,,,,,,,0.5108,0.24,0.2492,0,,,,1.85,4,3.95,,,,,1.0947,0,6,1.5,0.8618,-0.1026,-1,0,,,,,,,,,,,,,,,
spelad,NO,2026,2026-05-03,16:00,Start,Tromso,1,1,D,,,,,,,,,,,,,,,,,,,,0.2122,0.2567,0.5311,0,,,,4.75,3.8,1.79,,,,,-1.1174,-1,,,,,1,0,,,,,,,,,,,,,,,
spelad,NO,2026,2026-05-03,18:15,Valerenga,KFUM Oslo,2,2,D,,,,,,,,,,,,,,,,,,,,0.4735,0.2553,0.2712,0,,,,2,3.8,3.6,,,,,0.1255,0,,,,,0,0,,,,,,,,,,,,,,,
spelad,NO,2026,2026-05-04,18:00,Bodo/Glimt,Molde,0,1,A,,,,,,,,,,,,,,,,,,,,0.6935,0.1686,0.1379,0,,,,1.36,5.75,7.5,,,,,0.0165,-4,16,0,-0.0569,0.0134,0,0,,,,,,,,,,,,,,,
spelad,NO,2026,2026-05-08,18:00,HamKam,Valerenga,1,0,H,,,,,,,,,,,,,,,,,,,,0.3102,0.266,0.4237,0,,,,3.14,3.5,2.28,,,,,0.6998,0,6,-0.5,0.0376,0.2563,0,0,,,,,,,,,,,,,,,
spelad,NO,2026,2026-05-09,13:00,Sarpsborg 08,Fredrikstad,2,1,H,,,,,,,,,,,,,,,,,,,,0.4849,0.2568,0.2583,0,,,,1.95,3.7,3.7,,,,,-0.0512,-1,4,-1.5,-0.8426,0.229,0,0,,,,,,,,,,,,,,,
spelad,NO,2026,2026-05-10,16:00,KFUM Oslo,Viking,0,2,A,,,,,,,,,,,,,,,,,,,,0.2204,0.2326,0.547,0,,,,4.5,4.33,1.73,,,,,-1.116,-2,4,-2.25,-0.8581,-0.0053,0,0,,,,,,,,,,,,,,,
spelad,NO,2026,2026-05-10,13:30,Rosenborg,Lillestrom,2,0,H,,,,,,,,,,,,,,,,,,,,0.3629,0.2698,0.3673,0,,,,2.63,3.5,2.6,,,,,-0.9672,2,12,-0.25,-0.3576,-0.003,-1,0,,,,,,,,,,,,,,,
spelad,NO,2026,2026-05-10,16:00,Sandefjord,Kristiansund,2,0,H,,,,,,,,,,,,,,,,,,,,0.5746,0.2267,0.1986,0,,,,1.64,4.25,5,,,,,0.027,0,11,-0.5455,-0.1551,-0.1516,0,0,,,,,,,,,,,,,,,
spelad,NO,2026,2026-05-10,16:00,Tromso,Molde,2,0,H,,,,,,,,,,,,,,,,,,,,0.49,0.2596,0.2504,0,,,,1.97,3.7,4,,,,,0.1486,1,13,-0.9231,0.0868,-0.1603,0,0,,,,,,,,,,,,,,,
spelad,NO,2026,2026-05-16,17:00,Bodo/Glimt,Tromso,5,0,H,,,,,,,,,,,,,,,,,,,,0.6649,0.192,0.1431,0,,,,1.43,5.33,7,,,,,-0.4975,6,13,0.9231,-0.0929,0.0052,0,0,,,,,,,,,,,,,,,
spelad,NO,2026,2026-05-16,13:00,Brann,KFUM Oslo,2,1,H,,,,,,,,,,,,,,,,,,,,0.598,0.2205,0.1815,0,,,,1.6,4.5,5.75,,,,,-0.0442,7,4,0,-0.5476,0.2492,0,0,,,,,,,,,,,,,,,
spelad,NO,2026,2026-05-16,15:00,Fredrikstad,HamKam,2,1,H,,,,,,,,,,,,,,,,,,,,0.468,0.2706,0.2614,0,,,,2,3.6,3.8,,,,,-0.8128,-1,4,1.5,0.4387,0.2183,0,0,,,,,,,,,,,,,,,
spelad,NO,2026,2026-05-16,15:00,Lillestrom,Sandefjord,3,1,H,,,,,,,,,,,,,,,,,,,,0.5113,0.2521,0.2365,0,,,,1.87,3.75,4.2,,,,,0.2808,0,9,1.3333,0.338,-0.1166,1,0,,,,,,,,,,,,,,,
spelad,NO,2026,2026-05-16,15:00,Molde,Kristiansund,1,0,H,,,,,,,,,,,,,,,,,,,,0.6726,0.189,0.1384,0,,,,1.4,5.33,7,,,,,0.0587,0,14,0.4286,-0.3625,-0.0683,0,0,,,,,,,,,,,,,,,
spelad,NO,2026,2026-05-16,15:00,Rosenborg,Aalesund,2,3,A,,,,,,,,,,,,,,,,,,,,0.5741,0.2279,0.198,0,,,,1.67,4.25,5.25,,,,,0.5846,-7,6,1.5,0.2237,-0.0549,-1,0,,,,,,,,,,,,,,,
spelad,NO,2026,2026-05-16,19:00,Valerenga,Sarpsborg 08,3,2,H,,,,,,,,,,,,,,,,,,,,0.5052,0.2357,0.2591,0,,,,1.87,4.1,3.85,,,,,-0.1644,1,13,0,-0.1895,0.1324,0,0,,,,,,,,,,,,,,,
spelad,NO,2026,2026-05-16,15:00,Viking,Start,6,3,H,,,,,,,,,,,,,,,,,,,,0.7892,0.136,0.0748,0,,,,1.2,7.5,15,,,,,1.2555,-7,,,,,-1,0,,,,,,,,,,,,,,,
spelad,NO,2026,2026-05-20,19:00,Aalesund,Brann,2,1,H,,,,,,,,,,,,,,,,,,,,0.2818,0.2436,0.4746,0,,,,3.55,4,2,,,,,-0.3819,0,4,-2.25,-0.4633,0.044,1,0,,,,,,,,,,,,,,,
spelad,NO,2026,2026-05-20,18:00,Lillestrom,Kristiansund,1,2,A,,,,,,,,,,,,,,,,,,,,0.6536,0.2002,0.1462,0,,,,1.44,5,7.2,,,,,0.3679,0,9,-0.6667,-0.665,0.0858,1,0,,,,,,,,,,,,,,,
spelad,NO,2026,2026-05-20,17:00,Start,Bodo/Glimt,1,4,A,,,,,,,,,,,,,,,,,,,,0.1101,0.159,0.7308,0,,,,10,6.4,1.3,,,,,-0.1533,0,5,0,0.6506,0.0041,1,0,,,,,,,,,,,,,,,
spelad,NO,2026,2026-05-24,15:00,Bodo/Glimt,Brann,3,1,H,,,,,,,,,,,,,,,,,,,,0.7277,0.1546,0.1177,0,,,,1.3,6.5,9.4,,,,,-0.1878,0,13,0.6923,-0.0224,0.0768,0,0,,,,,,,,,,,,,,,
spelad,NO,2026,2026-05-24,17:00,Kristiansund,Viking,1,2,A,,,,,,,,,,,,,,,,,,,,0.1767,0.209,0.6143,0,,,,5.5,4.75,1.53,,,,,-0.9429,-4,12,-1.5,-0.3118,-0.2266,0,0,,,,,,,,,,,,,,,
spelad,NO,2026,2026-05-25,16:00,HamKam,Lillestrom,2,0,H,,,,,,,,,,,,,,,,,,,,0.2709,0.2572,0.4719,0,,,,3.75,3.75,2.05,,,,,0.4458,4,6,-0.5,-0.0366,0.2485,0,0,,,,,,,,,,,,,,,
spelad,NO,2026,2026-05-25,16:00,KFUM Oslo,Rosenborg,2,0,H,,,,,,,,,,,,,,,,,,,,0.4145,0.2686,0.3169,0,,,,2.33,3.5,3.1,,,,,-0.3176,0,4,2.25,1.3756,-0.0078,0,0,,,,,,,,,,,,,,,
spelad,NO,2026,2026-05-25,18:15,Sandefjord,Fredrikstad,1,1,D,,,,,,,,,,,,,,,,,,,,0.4444,0.2631,0.2925,0,,,,2.15,3.6,3.35,,,,,0.2811,0,4,-2.25,-0.9533,-0.0149,0,0,,,,,,,,,,,,,,,
spelad,NO,2026,2026-05-25,16:00,Sarpsborg 08,Molde,2,1,H,,,,,,,,,,,,,,,,,,,,0.3676,0.2542,0.3782,0,,,,2.55,3.8,2.55,,,,,-0.7754,0,15,-0.4,0.3206,-0.0168,0,0,,,,,,,,,,,,,,,
spelad,NO,2026,2026-05-25,13:30,Start,Valerenga,2,0,H,,,,,,,,,,,,,,,,,,,,0.3149,0.2565,0.4287,0,,,,3,3.75,2.23,,,,,0.0676,-4,3,-1,0.0851,-0.2516,0,0,,,,,,,,,,,,,,,
spelad,NO,2026,2026-05-25,16:00,Tromso,Aalesund,1,1,D,,,,,,,,,,,,,,,,,,,,0.6279,0.2167,0.1554,0,,,,1.53,4.5,7.25,,,,,0.0435,4,4,0,-0.4185,0.2526,-1,0,,,,,,,,,,,,,,,
spelad,NO,2026,2026-05-29,18:00,Aalesund,HamKam,2,2,D,,,,,,,,,,,,,,,,,,,,0.4486,0.2571,0.2943,0,,,,2.12,3.9,3.25,,,,,-0.3953,0,4,-1.5,-0.8301,0.2325,0,0,,,,,,,,,,,,,,,
spelad,NO,2026,2026-05-29,18:00,Brann,Sarpsborg 08,1,2,A,,,,,,,,,,,,,,,,,,,,0.5517,0.2239,0.2244,0,,,,1.73,4.33,4.35,,,,,0.0807,1,13,0.9231,0.0574,0.1384,0,0,,,,,,,,,,,,,,,
spelad,NO,2026,2026-05-29,18:00,Fredrikstad,Start,2,1,H,,,,,,,,,,,,,,,,,,,,0.5057,0.2528,0.2415,0,,,,1.87,3.8,4,,,,,-0.0598,0,,,,,0,0,,,,,,,,,,,,,,,
spelad,NO,2026,2026-05-29,18:00,KFUM Oslo,Tromso,0,0,D,,,,,,,,,,,,,,,,,,,,0.3299,0.291,0.3791,0,,,,3,3.25,2.55,,,,,-0.0895,0,4,-1.5,-0.5171,-0.2959,0,0,,,,,,,,,,,,,,,
spelad,NO,2026,2026-05-29,18:00,Rosenborg,Bodo/Glimt,2,2,D,,,,,,,,,,,,,,,,,,,,0.196,0.2084,0.5956,0,,,,5.1,4.75,1.58,,,,,-0.3358,-1,15,-0.6,-0.153,0.165,0,0,,,,,,,,,,,,,,,
spelad,NO,2026,2026-05-29,18:00,Valerenga,Kristiansund,3,1,H,,,,,,,,,,,,,,,,,,,,0.5919,0.2174,0.1907,0,,,,1.6,4.5,5.1,,,,,-0.9743,-1,13,-0.6923,-0.8277,0.0735,0,0,,,,,,,,,,,,,,,
spelad,NO,2026,2026-05-30,15:00,Molde,Sandefjord,2,1,H,,,,,,,,,,,,,,,,,,,,0.5762,0.2251,0.1987,0,,,,1.62,4.33,5,,,,,-0.3161,0,13,0,-0.6771,-0.1164,0,0,,,,,,,,,,,,,,,
spelad,NO,2026,2026-07-11,15:00,Aalesund,Molde,2,2,D,,,,,,,,,,,,,,,,,,,,0.295,0.2499,0.455,0,,,,3.7,3.8,2.1,,,,,-0.2597,,6,-2,-0.2051,-0.2007,0,0,,,,,,,,,,,,,,,
spelad,NO,2026,2026-07-11,13:00,Fredrikstad,Lillestrom,0,2,A,,,,,,,,,,,,,,,,,,,,0.3045,0.2687,0.4268,0,,,,3.15,3.5,2.25,,,,,0.0257,,,,,,0,0,,,,,,,,,,,,,,,
spelad,NO,2026,2026-07-11,17:00,Tromso,Valerenga,4,0,H,,,,,,,,,,,,,,,,,,,,0.5448,0.2467,0.2085,0,,,,1.73,3.8,4.6,,,,,0.426,,11,-0.5455,-0.3061,0.2014,0,0,,,,,,,,,,,,,,,
spelad,NO,2026,2026-07-12,16:00,Brann,Start,2,1,H,,,,,,,,,,,,,,,,,,,,0.6602,0.1973,0.1425,0,,,,1.43,5.1,7,,,,,-0.0244,,3,1,-0.1112,0.4326,0,0,,,,,,,,,,,,,,,
spelad,NO,2026,2026-07-12,13:30,KFUM Oslo,Bodo/Glimt,0,2,A,,,,,,,,,,,,,,,,,,,,0.1721,0.2049,0.623,0,,,,5.75,4.75,1.53,,,,,-0.2193,,4,-1.5,-0.0929,0.3138,0,0,,,,,,,,,,,,,,,
spelad,NO,2026,2026-07-12,16:00,Rosenborg,Kristiansund,3,0,H,,,,,,,,,,,,,,,,,,,,0.588,0.2282,0.1838,0,,,,1.61,4.33,5.4,,,,,-0.2189,,13,0.9231,-0.1381,0.1555,0,0,,,,,,,,,,,,,,,
spelad,NO,2026,2026-07-12,16:00,Sandefjord,HamKam,2,2,D,,,,,,,,,,,,,,,,,,,,0.4764,0.2562,0.2674,0,,,,1.98,3.8,3.65,,,,,-0.4726,,8,-1.875,-0.8935,-0.1327,0,0,,,,,,,,,,,,,,,
spelad,NO,2026,2026-07-12,18:15,Sarpsborg 08,Viking,1,0,H,,,,,,,,,,,,,,,,,,,,0.196,0.2109,0.5931,0,,,,5,4.75,1.6,,,,,-0.9857,,14,-1.5,-0.6469,-0.0303,0,0,,,,,,,,,,,,,,,
spelad,NO,2026,2026-07-16,18:00,Valerenga,Aalesund,6,1,H,,,,,,,,,,,,,,,,,,,,0.5697,0.2184,0.2118,0,,,,1.7,4.5,4.75,,,,,-0.8124,0,6,1.5,0.1185,0.2734,0,0,,,,,,,,,,,,,,,
spelad,NO,2026,2026-07-17,18:15,Bodo/Glimt,Fredrikstad,1,0,H,,,,,,,,,,,,,,,,,,,,0.828,0.1088,0.0633,0,,,,1.14,10,18,,,,,0.5353,-1,4,2.25,0.2445,0.0685,0,0,,,,,,,,,,,,,,,
spelad,NO,2026,2026-07-18,13:00,HamKam,Tromso,1,4,A,,,,,,,,,,,,,,,,,,,,0.242,0.2764,0.4815,0,,,,4.1,3.5,2,,,,,0.8092,-1,8,-2.25,-0.8473,-0.0092,0,0,,,,,,,,,,,,,,,
spelad,NO,2026,2026-07-18,15:00,Kristiansund,Sarpsborg 08,0,0,D,,,,,,,,,,,,,,,,,,,,0.3171,0.258,0.4248,0,,,,3.1,3.66,2.25,,,,,-0.5771,0,13,1.3846,0.8635,-0.0249,0,0,,,,,,,,,,,,,,,
spelad,NO,2026,2026-07-18,15:00,Lillestrom,KFUM Oslo,2,1,H,,,,,,,,,,,,,,,,,,,,0.5763,0.232,0.1917,0,,,,1.65,4.33,5,,,,,0.0518,1,,,,,0,0,,,,,,,,,,,,,,,
spelad,NO,2026,2026-07-18,17:00,Molde,Brann,1,2,A,,,,,,,,,,,,,,,,,,,,0.443,0.2401,0.3169,0,,,,2.15,4,3,,,,,0.2153,1,13,1.6154,0.7045,-0.0888,0,0,,,,,,,,,,,,,,,
spelad,NO,2026,2026-07-18,15:00,Start,Rosenborg,0,3,A,,,,,,,,,,,,,,,,,,,,0.3098,0.2672,0.4231,0,,,,3.1,3.55,2.25,,,,,-0.0593,0,3,-2,-0.4049,0.1082,0,0,,,,,,,,,,,,,,,
spelad,NO,2026,2026-07-18,17:00,Viking,Sandefjord,2,1,H,,,,,,,,,,,,,,,,,,,,0.7292,0.1612,0.1096,0,,,,1.3,6.25,10.5,,,,,0.9523,0,12,1.5,0.3003,-0.0516,0,0,,,,,,,,,,,,,,,
spelad,NO,2026,2026-07-22,18:00,Bodo/Glimt,HamKam,3,0,H,,,,,,,,,,,,,,,,,,,,0.8516,0.097,0.0514,0,,,,1.11,13,21,,,,,-0.23,1,8,1.5,-0.1713,0.0844,0,0,,,,,,,,,,,,,,,
spelad,NO,2026,2026-07-22,18:00,Lillestrom,Viking,1,2,A,,,,,,,,,,,,,,,,,,,,0.2844,0.2509,0.4648,0,,,,3.6,3.8,2.08,,,,,-0.7036,0,10,-1.8,-0.6835,-0.2529,0,0,,,,,,,,,,,,,,,
spelad,NO,2026,2026-07-25,15:00,Kristiansund,Start,1,2,A,,,,,,,,,,,,,,,,,,,,0.4239,0.2709,0.3052,0,,,,2.25,3.5,3.14,,,,,0.0082,0,3,2,0.5827,0.0858,0,0,,,,,,,,,,,,,,,
spelad,NO,2026,2026-07-26,18:15,Aalesund,Viking,1,1,D,,,,,,,,,,,,,,,,,,,,0.1835,0.2062,0.6103,0,,,,5.5,4.75,1.55,,,,,-0.4253,6,6,-1.5,-0.1525,-0.0376,0,0,,,,,,,,,,,,,,,
spelad,NO,2026,2026-07-26,13:30,Brann,Valerenga,2,3,A,,,,,,,,,,,,,,,,,,,,0.5615,0.219,0.2195,0,,,,1.68,4.33,4.5,,,,,0.5984,-2,11,-0.5455,-0.2941,-0.1587,0,0,,,,,,,,,,,,,,,
spelad,NO,2026,2026-07-26,16:00,KFUM Oslo,Molde,2,4,A,,,,,,,,,,,,,,,,,,,,0.3051,0.2584,0.4365,0,,,,3.2,3.75,2.2,,,,,-0.1966,0,4,1.5,1.0046,0.2371,0,0,,,,,,,,,,,,,,,
spelad,NO,2026,2026-07-26,16:00,Sandefjord,Bodo/Glimt,0,3,A,,,,,,,,,,,,,,,,,,,,0.1275,0.1748,0.6977,0,,,,8,5.75,1.36,,,,,-0.325,4,13,-1.6154,0.0034,-0.0247,0,0,,,,,,,,,,,,,,,
spelad,NO,2026,2026-07-26,16:00,Sarpsborg 08,HamKam,1,0,H,,,,,,,,,,,,,,,,,,,,0.5604,0.2324,0.2071,0,,,,1.67,4.1,4.75,,,,,0.3289,4,8,0.375,-0.1015,-0.1088,0,0,,,,,,,,,,,,,,,
spelad,NO,2026,2026-07-27,18:00,Rosenborg,Fredrikstad,4,0,H,,,,,,,,,,,,,,,,,,,,0.6142,0.2195,0.1664,0,,,,1.52,4.33,5.75,,,,,0.2177,-1,4,1.5,0.5245,0.2262,0,0,,,,,,,,,,,,,,,
spelad,NO,2026,2026-07-31,20:00,Bodo/Glimt,Lillestrom,4,0,H,,,,,,,,,,,,,,,,,,,,0.7685,0.137,0.0945,0,,,,1.23,7.5,11,,,,,0.6229,-4,12,2.25,0.7202,0.021,0,0,,,,,,,,,,,,,,,
spelad,NO,2026,2026-07-31,18:00,Valerenga,HamKam,0,3,A,,,,,,,,,,,,,,,,,,,,0.5927,0.2187,0.1886,0,,,,1.6,4.33,5.25,,,,,0.0562,0,7,0,-0.4715,0.1817,0,0,,,,,,,,,,,,,,,
spelad,NO,2026,2026-08-01,15:00,Fredrikstad,Sandefjord,1,0,H,,,,,,,,,,,,,,,,,,,,0.4016,0.2725,0.3259,0,,,,2.35,3.5,3,,,,,0.0441,-1,5,1.8,0.7465,0.1354,0,0,,,,,,,,,,,,,,,
spelad,NO,2026,2026-08-01,17:00,Start,Viking,0,3,A,,,,,,,,,,,,,,,,,,,,0.1756,0.2061,0.6183,0,,,,5.5,4.75,1.53,,,,,-0.2865,1,3,-2,-0.6249,0.1152,0,0,,,,,,,,,,,,,,,
spelad,NO,2026,2026-08-02,16:00,Aalesund,Tromso,2,6,A,,,,,,,,,,,,,,,,,,,,0.2614,0.2493,0.4893,0,,,,3.6,3.8,1.91,,,,,0.3863,-7,5,0,0.1962,0.3587,0,0,,,,,,,,,,,,,,,
spelad,NO,2026,2026-08-02,18:15,Brann,Rosenborg,3,2,H,,,,,,,,,,,,,,,,,,,,0.4563,0.2534,0.2903,0,,,,2.1,3.75,3.3,,,,,-0.3664,1,14,0.4286,0.1852,0.0378,0,0,,,,,,,,,,,,,,,
spelad,NO,2026,2026-08-02,16:00,KFUM Oslo,Kristiansund,2,1,H,,,,,,,,,,,,,,,,,,,,0.5301,0.2452,0.2248,0,,,,1.78,4.1,4.33,,,,,-0.0121,-1,4,0,-0.4213,0.2376,0,0,,,,,,,,,,,,,,,
spelad,NO,2026,2026-08-02,16:00,Molde,Sarpsborg 08,3,3,D,,,,,,,,,,,,,,,,,,,,0.5802,0.2214,0.1984,0,,,,1.63,4.5,5,,,,,-0.5917,0,16,0.1875,-0.3716,-0.0316,0,0,,,,,,,,,,,,,,,
spelad,NO,2026,2026-08-07,18:00,Sandefjord,KFUM Oslo,0,1,A,,,,,,,,,,,,,,,,,,,,0.4297,0.2627,0.3076,0,,,,2.18,3.6,3.1,,,,,-0.2905,1,5,1.2,0.6274,-0.0747,0,0,,,,,,,,,,,,,,,
spelad,NO,2026,2026-08-08,17:00,Start,Fredrikstad,0,1,A,,,,,,,,,,,,,,,,,,,,0.4735,0.267,0.2595,0,,,,1.98,3.5,3.75,,,,,-0.1845,0,,,,,0,0,,,,,,,,,,,,,,,
spelad,NO,2026,2026-08-08,13:00,Valerenga,Bodo/Glimt,1,2,A,,,,,,,,,,,,,,,,,,,,0.175,0.1955,0.6294,0,,,,5.75,5,1.51,,,,,-0.4731,0,13,-1.3846,-0.2126,0.0163,0,0,,,,,,,,,,,,,,,
spelad,NO,2026,2026-08-08,15:00,Viking,Sarpsborg 08,2,1,H,,,,,,,,,,,,,,,,,,,,0.6788,0.1789,0.1423,0,,,,1.39,5.5,7.5,,,,,-0.5589,1,15,1.2,0.4994,-0.0424,0,0,,,,,,,,,,,,,,,
spelad,NO,2026,2026-08-09,16:00,HamKam,Aalesund,1,1,D,,,,,,,,,,,,,,,,,,,,0.4516,0.2478,0.3006,0,,,,2.1,3.8,3.25,,,,,-0.1549,2,5,1.2,0.4501,0.3346,0,0,,,,,,,,,,,,,,,
spelad,NO,2026,2026-08-09,18:15,Kristiansund,Molde,2,1,H,,,,,,,,,,,,,,,,,,,,0.208,0.2293,0.5627,0,,,,4.75,4.2,1.67,,,,,-0.1186,0,14,-0.8571,0.2656,-0.0623,0,0,,,,,,,,,,,,,,,
spelad,NO,2026,2026-08-09,13:30,Lillestrom,Rosenborg,0,2,A,,,,,,,,,,,,,,,,,,,,0.3777,0.2637,0.3585,0,,,,2.55,3.6,2.65,,,,,-0.4984,2,12,0.25,0.2933,-0.0062,0,0,,,,,,,,,,,,,,,
spelad,NO,2026,2026-08-14,18:00,Rosenborg,Viking,2,1,H,,,,,,,,,,,,,,,,,,,,0.4392,0.2534,0.3074,0,,,,2.15,3.75,3.1,,,,,-0.1459,-1,15,0.4,0.2033,-0.0308,0,0,,,,,,,,,,,,,,,
spelad,NO,2026,2026-08-15,15:00,KFUM Oslo,Lillestrom,1,1,D,,,,,,,,,,,,,,,,,,,,0.2796,0.2534,0.467,0,,,,3.4,3.8,2.05,,,,,0.4714,2,3,-1,-0.1404,-0.2535,0,0,,,,,,,,,,,,,,,
spelad,NO,2026,2026-08-16,13:30,Aalesund,Valerenga,5,5,D,,,,,,,,,,,,,,,,,,,,0.3649,0.2455,0.3895,0,,,,2.65,4,2.45,,,,,-0.0778,-1,7,-1.7143,-0.4579,0.2031,0,0,,,,,,,,,,,,,,,
spelad,NO,2026,2026-08-16,16:00,Brann,HamKam,3,0,H,,,,,,,,,,,,,,,,,,,,0.6117,0.2194,0.1689,0,,,,1.54,4.5,5.75,,,,,-0.275,7,7,2.5714,0.6682,-0.0634,0,0,,,,,,,,,,,,,,,
spelad,NO,2026,2026-08-16,18:15,Fredrikstad,Kristiansund,1,0,H,,,,,,,,,,,,,,,,,,,,0.539,0.2451,0.2159,0,,,,1.75,3.9,4.5,,,,,0.5206,1,5,0,-0.3678,-0.0531,0,0,,,,,,,,,,,,,,,
spelad,NO,2026,2026-08-16,16:00,Molde,Tromso,3,2,H,,,,,,,,,,,,,,,,,,,,0.4933,0.2409,0.2658,0,,,,1.95,4,3.7,,,,,-0.6414,-7,14,0.6429,-0.0039,-0.1674,0,0,,,,,,,,,,,,,,,
spelad,NO,2026,2026-08-16,16:00,Sarpsborg 08,Sandefjord,1,2,A,,,,,,,,,,,,,,,,,,,,0.5305,0.2312,0.2384,0,,,,1.78,4.1,4.2,,,,,1.4974,-1,14,0.6429,0.0941,-0.0339,0,0,,,,,,,,,,,,,,,
spelad,NO,2026,2026-08-30,13:30,Bodo/Glimt,Rosenborg,4,2,H,,,,,,,,,,,,,,,,,,,,0.7022,0.1637,0.1341,0,,,,1.36,6,7.5,,,,,-0.1006,6,16,0.5625,-0.0735,0.2042,0,0,,,,,,,,,,,,,,,
spelad,NO,2026,2026-08-30,16:00,HamKam,Kristiansund,2,2,D,,,,,,,,,,,,,,,,,,,,0.5049,0.2539,0.2412,0,,,,1.85,3.9,4,,,,,0.2883,0,7,0.8571,0.2101,0.1621,0,0,,,,,,,,,,,,,,,
spelad,NO,2026,2026-08-30,18:15,Lillestrom,Fredrikstad,1,4,A,,,,,,,,,,,,,,,,,,,,0.543,0.2441,0.2129,0,,,,1.75,4,4.5,,,,,-1.0531,1,3,-1,-0.432,-0.2685,0,0,,,,,,,,,,,,,,,
spelad,NO,2026,2026-08-30,16:00,Sandefjord,Brann,0,0,D,,,,,,,,,,,,,,,,,,,,0.2629,0.2358,0.5013,0,,,,3.7,4.1,1.9,,,,,-0.3619,0,12,-1,-0.0954,0.2766,0,0,,,,,,,,,,,,,,,
spelad,NO,2026,2026-08-30,16:00,Start,KFUM Oslo,4,1,H,,,,,,,,,,,,,,,,,,,,0.5116,0.2565,0.2318,0,,,,1.85,3.75,4.2,,,,,-0.4361,7,,,,,0,0,,,,,,,,,,,,,,,
spelad,NO,2026,2026-08-30,16:00,Tromso,Sarpsborg 08,0,0,D,,,,,,,,,,,,,,,,,,,,0.5286,0.2459,0.2254,0,,,,1.8,4,4.6,,,,,-0.3117,0,14,-0.2143,0.028,-0.1887,0,0,,,,,,,,,,,,,,,
spelad,NO,2026,2026-08-30,16:00,Valerenga,Molde,3,4,A,,,,,,,,,,,,,,,,,,,,0.3375,0.2354,0.427,0,,,,2.9,4,2.2,,,,,0.1688,0,13,-1.6154,-0.4545,-0.0855,0,0,,,,,,,,,,,,,,,
spelad,NO,2026,2026-08-30,16:00,Viking,Aalesund,2,1,H,,,,,,,,,,,,,,,,,,,,0.721,0.1551,0.1239,0,,,,1.3,6.25,8,,,,,0.3787,2,7,1.2857,0.0148,0.0812,0,0,,,,,,,,,,,,,,,
spelad,NO,2026,2026-09-04,18:00,Aalesund,Start,2,0,H,,,,,,,,,,,,,,,,,,,,0.4521,0.248,0.2999,0,,,,2.1,4,3.1,,,,,-0.3751,0,3,0,0.0163,0.0645,0,0,,,,,,,,,,,,,,,
spelad,NO,2026,2026-09-04,18:00,Fredrikstad,Bodo/Glimt,1,2,A,,,,,,,,,,,,,,,,,,,,0.1144,0.1679,0.7177,0,,,,9,5.75,1.31,,,,,0.2677,0,5,-2.4,-0.31,0.033,0,0,,,,,,,,,,,,,,,
spelad,NO,2026,2026-09-04,20:00,Sandefjord,Viking,1,1,D,,,,,,,,,,,,,,,,,,,,0.2542,0.2389,0.5069,0,,,,3.8,4,1.9,,,,,-0.4419,0,13,-1.6154,-0.2673,-0.06,0,0,,,,,,,,,,,,,,,
spelad,NO,2026,2026-09-05,17:00,Brann,Lillestrom,1,2,A,,,,,,,,,,,,,,,,,,,,0.5125,0.2347,0.2527,0,,,,1.85,4.1,3.8,,,,,0.5695,0,9,2,0.648,0.093,0,0,,,,,,,,,,,,,,,
spelad,NO,2026,2026-09-05,15:00,Rosenborg,HamKam,4,0,H,,,,,,,,,,,,,,,,,,,,0.7175,0.171,0.1115,0,,,,1.33,5.75,9,,,,,0.8826,0,8,1.125,0.1944,-0.1201,0,0,,,,,,,,,,,,,,,
spelad,NO,2026,2026-09-06,18:15,Kristiansund,Tromso,2,0,H,,,,,,,,,,,,,,,,,,,,0.2695,0.2626,0.4679,0,,,,3.6,3.7,2,,,,,-0.3281,0,12,0,0.2561,0.089,0,0,,,,,,,,,,,,,,,
spelad,NO,2026,2026-09-06,16:00,Molde,KFUM Oslo,2,0,H,,,,,,,,,,,,,,,,,,,,0.7257,0.1646,0.1097,0,,,,1.31,6,9.4,,,,,0.1532,0,5,-0.6,-0.7069,0.138,0,0,,,,,,,,,,,,,,,
spelad,NO,2026,2026-09-06,16:00,Sarpsborg 08,Valerenga,2,2,D,,,,,,,,,,,,,,,,,,,,0.4947,0.2289,0.2763,0,,,,1.91,4.2,3.5,,,,,0.4675,0,14,-0.2143,-0.0194,0.1061,0,0,,,,,,,,,,,,,,,
spelad,NO,2026,2026-09-12,15:00,Lillestrom,Valerenga,2,0,H,,,,,,,,,,,,,,,,,,,,0.4983,0.2304,0.2713,0,,,,1.9,4.2,3.5,,,,,0.1454,1,9,1.3333,0.7064,0.0742,0,0,,,,,,,,,,,,,,,
spelad,NO,2026,2026-09-12,17:00,Rosenborg,Tromso,5,3,H,,,,,,,,,,,,,,,,,,,,0.5671,0.2362,0.1967,0,,,,1.66,4,5.25,,,,,0.8588,1,13,0.2308,0.1606,-0.2575,0,0,,,,,,,,,,,,,,,
spelad,NO,2026,2026-09-13,18:15,Fredrikstad,Sarpsborg 08,1,1,D,,,,,,,,,,,,,,,,,,,,0.3679,0.2671,0.365,0,,,,2.55,3.55,2.63,,,,,0.5184,2,5,0.6,0.2846,0.1318,0,0,,,,,,,,,,,,,,,
spelad,NO,2026,2026-09-13,16:00,HamKam,Molde,1,5,A,,,,,,,,,,,,,,,,,,,,0.2143,0.2216,0.5641,0,,,,4.5,4.5,1.67,,,,,-0.2856,1,9,-1.6667,-0.1528,0.0199,0,0,,,,,,,,,,,,,,,
spelad,NO,2026,2026-09-13,16:00,KFUM Oslo,Aalesund,2,1,H,,,,,,,,,,,,,,,,,,,,0.3852,0.2539,0.3609,0,,,,2.5,3.75,2.63,,,,,0.0174,-2,,,,,0,0,,,,,,,,,,,,,,,
spelad,NO,2026,2026-09-13,16:00,Start,Brann,2,0,H,,,,,,,,,,,,,,,,,,,,0.2481,0.2391,0.5128,0,,,,3.9,4.2,1.85,,,,,-0.2506,1,3,-1,-0.3671,0.4317,0,0,,,,,,,,,,,,,,,
spelad,NO,2026,2026-09-13,13:30,Viking,Kristiansund,8,1,H,,,,,,,,,,,,,,,,,,,,0.7755,0.1363,0.0881,0,,,,1.23,8,13,,,,,0.2106,2,13,1.6154,0.5699,-0.2253,0,0,,,,,,,,,,,,,,,
spelad,NO,2026,2026-09-14,18:00,Bodo/Glimt,Sandefjord,3,2,H,,,,,,,,,,,,,,,,,,,,0.8409,0.0982,0.0609,0,,,,1.13,11,18,,,,,0.9753,0,14,1.7143,0.072,-0.0354,0,0,,,,,,,,,,,,,,,
spelad,NO,2026,2026-09-18,18:00,Sarpsborg 08,KFUM Oslo,1,3,A,,,,,,,,,,,,,,,,,,,,0.5888,0.2279,0.1833,0,,,,1.62,4.25,5.66,,,,,-0.4674,0,5,0.6,0.4519,-0.2751,0,0,,,,,,,,,,,,,,,
spelad,NO,2026,2026-09-19,15:00,Kristiansund,Rosenborg,1,3,A,,,,,,,,,,,,,,,,,,,,0.1849,0.2107,0.6044,0,,,,5.5,4.5,1.55,,,,,-0.6759,-1,13,-0.9231,-0.0216,0.1556,0,0,,,,,,,,,,,,,,,
spelad,NO,2026,2026-09-19,17:00,Molde,Aalesund,1,2,A,,,,,,,,,,,,,,,,,,,,0.6944,0.1655,0.1402,0,,,,1.37,6.5,7.5,,,,,0.5115,0,7,1.7143,0.26,-0.0649,0,0,,,,,,,,,,,,,,,
spelad,NO,2026,2026-09-20,18:15,Brann,Bodo/Glimt,2,1,H,,,,,,,,,,,,,,,,,,,,0.1934,0.1997,0.6069,0,,,,5,4.8,1.55,,,,,-0.7485,1,13,-0.9231,-0.0623,0.0101,0,0,,,,,,,,,,,,,,,
spelad,NO,2026,2026-09-20,16:00,Sandefjord,Start,3,0,H,,,,,,,,,,,,,,,,,,,,0.4275,0.2672,0.3053,0,,,,2.2,3.6,3.14,,,,,-0.2189,-1,3,2,1.0643,0.058,0,0,,,,,,,,,,,,,,,
spelad,NO,2026,2026-09-20,16:00,Tromso,HamKam,3,2,H,,,,,,,,,,,,,,,,,,,,0.6523,0.2026,0.1451,0,,,,1.45,4.75,7,,,,,0.1558,1,9,2.3333,0.9034,-0.0389,0,0,,,,,,,,,,,,,,,
spelad,NO,2026,2026-09-20,13:30,Valerenga,Fredrikstad,1,1,D,,,,,,,,,,,,,,,,,,,,0.4906,0.2427,0.2667,0,,,,1.93,4,3.7,,,,,-0.89,1,3,-1,-0.7659,0.3913,0,0,,,,,,,,,,,,,,,
spelad,NO,2026,2026-09-20,16:00,Viking,Lillestrom,3,0,H,,,,,,,,,,,,,,,,,,,,0.7257,0.1584,0.1159,0,,,,1.31,6,8.5,,,,,0.3066,-1,11,1.9091,0.9744,-0.2527,0,0,,,,,,,,,,,,,,,
kommande,NO,2026,2026-10-09,2026-10-09T17:00Z,Brann,Viking,,,,,,,,,,,,,,,,,,,,,,,,,,,,,,,,,,,,,-0.0594,0,13,-1.6154,-0.8543,-0.0893,,,,,,,2026-09-28T19:15:08.828Z,0.3306,0.2439,0.4256,2026-10-04T12:45:48.590Z,0.3332,0.2427,0.4241,2.95,3.95,2.28
kommande,NO,2026,2026-10-10,2026-10-10T14:00Z,Bodo/Glimt,Kristiansund,,,,,,,,,,,,,,,,,,,,,,,,,,,,,,,,,,,,,0.343,-1,13,2.7692,0.6772,-0.0985,,,,,,,2026-09-28T19:15:08.828Z,0.8706,0.084,0.0455,2026-10-04T12:45:48.590Z,0.8664,0.0867,0.0469,1.1,17.5,36
kommande,NO,2026,2026-10-10,2026-10-10T16:00Z,Rosenborg,Sandefjord,,,,,,,,,,,,,,,,,,,,,,,,,,,,,,,,,,,,,0.6518,1,13,1.1538,0.1041,0.0807,,,,,,,2026-09-28T19:15:08.828Z,0.6688,0.1872,0.1439,2026-10-04T12:45:48.590Z,0.6751,0.1845,0.1404,1.4,5.54,7.9
kommande,NO,2026,2026-10-11,2026-10-11T15:00Z,Aalesund,Sarpsborg 08,,,,,,,,,,,,,,,,,,,,,,,,,,,,,,,,,,,,,0.6021,-1,6,-1,-0.0744,-0.2484,,,,,,,2026-09-28T19:15:08.828Z,0.368,0.2526,0.3794,2026-10-04T12:45:48.590Z,0.3683,0.2541,0.3776,2.65,3.77,2.58
kommande,NO,2026,2026-10-11,2026-10-11T12:30Z,Fredrikstad,Tromso,,,,,,,,,,,,,,,,,,,,,,,,,,,,,,,,,,,,,0.6163,0,5,-1.8,-0.8092,0.1231,,,,,,,2026-09-28T19:15:08.828Z,0.3295,0.2707,0.3998,2026-10-04T12:45:48.590Z,0.3321,0.2708,0.3972,2.91,3.55,2.45
kommande,NO,2026,2026-10-11,2026-10-11T17:15Z,Lillestrom,Molde,,,,,,,,,,,,,,,,,,,,,,,,,,,,,,,,,,,,,-0.4356,-1,11,-0.8182,0.042,-0.0522,,,,,,,2026-09-28T19:15:08.828Z,0.3129,0.2405,0.4466,2026-10-04T12:45:48.590Z,0.3128,0.2402,0.4471,3.13,4.05,2.15
kommande,NO,2026,2026-10-11,2026-10-11T15:00Z,Start,HamKam,,,,,,,,,,,,,,,,,,,,,,,,,,,,,,,,,,,,,0.2293,0,,,,,,,,,,,2026-09-28T19:15:08.828Z,0.4889,0.2495,0.2616,2026-10-04T12:45:48.590Z,0.4929,0.2501,0.257,1.93,3.95,4
kommande,NO,2026,2026-10-12,2026-10-12T17:00Z,KFUM Oslo,Valerenga,,,,,,,,,,,,,,,,,,,,,,,,,,,,,,,,,,,,,1.0192,2,3,-1,-0.6115,0.3927,,,,,,,2026-09-28T19:15:08.828Z,0.3364,0.2587,0.4049,2026-10-04T12:45:48.590Z,0.3372,0.2582,0.4046,2.87,3.7,2.38
kommande,NO,2026,2026-10-17,2026-10-17T12:00Z,HamKam,Bodo/Glimt,,,,,,,,,,,,,,,,,,,,,,,,,,,,,,,,,,,,,-0.6331,0,9,-1.6667,0.0493,0.0643,,,,,,,,,,,,,,,,,
kommande,NO,2026,2026-10-17,2026-10-17T14:00Z,Kristiansund,Aalesund,,,,,,,,,,,,,,,,,,,,,,,,,,,,,,,,,,,,,-0.1361,0,5,1.2,0.5338,-0.0529,,,,,,,,,,,,,,,,,
kommande,NO,2026,2026-10-17,2026-10-17T16:00Z,Viking,Fredrikstad,,,,,,,,,,,,,,,,,,,,,,,,,,,,,,,,,,,,,-0.5568,0,5,1.2,0.1764,-0.0348,,,,,,,,,,,,,,,,,
kommande,NO,2026,2026-10-18,2026-10-18T15:00Z,Molde,Start,,,,,,,,,,,,,,,,,,,,,,,,,,,,,,,,,,,,,0.2151,1,4,2.25,0.4949,0.0275,,,,,,,,,,,,,,,,,
kommande,NO,2026,2026-10-18,2026-10-18T15:00Z,Sandefjord,Lillestrom,,,,,,,,,,,,,,,,,,,,,,,,,,,,,,,,,,,,,0.3139,0,9,-1.3333,-0.1954,-0.1146,,,,,,,,,,,,,,,,,
kommande,NO,2026,2026-10-18,2026-10-18T12:30Z,Sarpsborg 08,Rosenborg,,,,,,,,,,,,,,,,,,,,,,,,,,,,,,,,,,,,,-1.1503,1,15,0.2,0.3111,0.0127,,,,,,,,,,,,,,,,,
kommande,NO,2026,2026-10-18,2026-10-18T17:15Z,Tromso,KFUM Oslo,,,,,,,,,,,,,,,,,,,,,,,,,,,,,,,,,,,,,-0.4902,-2,5,1.2,0.5647,-0.0949,,,,,,,,,,,,,,,,,
kommande,NO,2026,2026-10-18,2026-10-18T15:00Z,Valerenga,Brann,,,,,,,,,,,,,,,,,,,,,,,,,,,,,,,,,,,,,-0.5291,0,11,0.5455,0.5032,-0.1534,,,,,,,,,,,,,,,,,
kommande,NO,2026,2026-10-24,2026-10-24T14:00Z,Bodo/Glimt,Valerenga,,,,,,,,,,,,,,,,,,,,,,,,,,,,,,,,,,,,,0.7994,,14,1.5,0.2477,0.0012,,,,,,,,,,,,,,,,,
kommande,NO,2026,2026-10-24,2026-10-24T16:00Z,HamKam,Rosenborg,,,,,,,,,,,,,,,,,,,,,,,,,,,,,,,,,,,,,-0.9745,,9,-1.3333,-0.1222,-0.1258,,,,,,,,,,,,,,,,,
kommande,NO,2026,2026-10-25,2026-10-25T16:00Z,Kristiansund,KFUM Oslo,,,,,,,,,,,,,,,,,,,,,,,,,,,,,,,,,,,,,-0.5628,,5,-0.6,-0.0369,0.141,,,,,,,,,,,,,,,,,
kommande,NO,2026,2026-10-25,2026-10-25T16:00Z,Lillestrom,Brann,,,,,,,,,,,,,,,,,,,,,,,,,,,,,,,,,,,,,-0.3541,,9,-1.6667,-0.5379,-0.0156,,,,,,,,,,,,,,,,,
kommande,NO,2026,2026-10-25,2026-10-25T18:15Z,Molde,Fredrikstad,,,,,,,,,,,,,,,,,,,,,,,,,,,,,,,,,,,,,-0.5347,,4,-0.75,-0.6937,-0.0149,,,,,,,,,,,,,,,,,
kommande,NO,2026,2026-10-25,2026-10-25T16:00Z,Sarpsborg 08,Aalesund,,,,,,,,,,,,,,,,,,,,,,,,,,,,,,,,,,,,,-0.6021,,6,1,0.3228,-0.2484,,,,,,,,,,,,,,,,,
kommande,NO,2026,2026-10-25,2026-10-25T16:00Z,Start,Sandefjord,,,,,,,,,,,,,,,,,,,,,,,,,,,,,,,,,,,,,-0.0934,,4,-2.25,-1.1375,-0.0233,,,,,,,,,,,,,,,,,
kommande,NO,2026,2026-10-25,2026-10-25T13:30Z,Viking,Tromso,,,,,,,,,,,,,,,,,,,,,,,,,,,,,,,,,,,,,0.0595,,12,0.75,0.1061,0.1616,,,,,,,,,,,,,,,,,
